molecule_chembl_id,kinase,IC50,units,canonical_smiles,pIC50
CHEMBL3694408,CDK9,0.005,nM,COc1ccc(F)cc1-c1cc(NC(=O)COc2ccc(Cl)cn2)ncn1,11.301029995663981
CHEMBL334285,CDK4,0.007,nM,O=C(Nc1cccc2c1C(=O)c1c(-c3ccc(C(=O)N4CCNCC4)s3)n[nH]c1-2)NN1CCOCC1,11.154901959985743
CHEMBL3694406,CDK9,0.015,nM,COc1ccc(F)cc1-c1cc(NC(=O)Cc2cccnc2)ncn1,10.823908740944319
CHEMBL3694400,CDK9,0.018,nM,COc1ccc(F)cc1-c1cc(NC(=O)C2CCCNC2)ncn1,10.744727494896694
CHEMBL3694402,CDK9,0.019,nM,COc1ccccc1-c1cc(NC(=O)C2CCC(=O)NC2)ncn1,10.721246399047171
CHEMBL151546,CDK4,0.026,nM,NC(=O)Nc1cccc2c1C(=O)c1c(-c3csc(Cl)c3)n[nH]c1-2,10.585026652029182
CHEMBL3694407,CDK9,0.029,nM,COc1ccc(F)cc1-c1cc(NC(=O)Cc2ccncc2)ncn1,10.537602002101044
CHEMBL3694401,CDK9,0.039,nM,COc1cccc(F)c1-c1cc(NC(=O)C2CCCNC2)ncn1,10.4089353929735
CHEMBL5841163,CDK4,0.07,nM,CCN1CCN(c2ccc(Nc3ncc(F)c(-c4cc(F)c5nc6n(c5c4)C(C)(C)CC6)n3)nc2)CC1,10.154901959985743
CHEMBL6170958,CDK9,0.077,nM,CCOc1ccc(/C=C2/C(=O)N(c3ccc(Cl)cc3)N=C2C)cc1,10.113509274827518
CHEMBL148580,CDK4,0.08,nM,COc1ccc(-c2[nH]nc3c2C(=O)c2c(NC(=O)CN4CCN(C(=N)N)CC4)cccc2-3)cc1,10.096910013008056
CHEMBL6064669,CDK4,0.08,nM,CCN1CCC(c2ccc(Nc3ncc(F)c(-c4cc(F)c5nc6n(c5c4)C(C)(C)CC6)n3)nc2)CC1,10.096910013008056
CHEMBL194540,CDK1,0.1,nM,NS(=O)(=O)c1ccc(Nc2ncc(C(F)(F)F)c(Nc3ccc4[nH]cnc4c3)n2)cc1,10.0
CHEMBL5765852,CDK4,0.1,nM,CCN1CCC(COc2ccc(Nc3cc(-c4cc(F)c5nc6n(c5c4)C(C)(C)CC6)c(F)cn3)nc2)CC1,10.0
CHEMBL5762122,CDK6,0.1,nM,CCN1CCN(Cc2ccc(Nc3ncc(F)c(-c4cc(F)c5c(c4)N(C(C)C)CCO5)n3)nc2)CC1,10.0
CHEMBL5941236,CDK4,0.11,nM,CC1(C)CCc2nc3c(F)cc(-c4nc(Nc5ccc(OCC6CCN(CCCO)CC6)cn5)ncc4F)cc3n21,9.958607314841775
CHEMBL6043427,CDK4,0.11,nM,CN1CCC(COc2ccc(Nc3ncc(F)c(-c4cc(F)c5nc6n(c5c4)C(C)(C)CC6)n3)nc2)CC1,9.958607314841775
CHEMBL3694404,CDK9,0.116,nM,COc1ccccc1-c1cc(NC(=O)c2ccc(C)c(NS(C)(=O)=O)c2)ncn1,9.935542010773082
CHEMBL5748748,CDK4,0.12,nM,CC1(C)CCc2nc3c(F)cc(-c4nc(Nc5ccc6c(n5)CCN(C(=O)CO)C6)ncc4F)cc3n21,9.920818753952375
CHEMBL3698644,CDK4,0.13,nM,c1cc2c3cnc(Nc4cnc(N5CCNCC5)nc4)nc3n(C3CCCC3)c2cn1,9.886056647693163
CHEMBL5981421,CDK4,0.16,nM,CCN1CCC(COc2ccc(Nc3ncc(F)c(-c4cc(F)c5nc6n(c5c4)C(C)(C)CC6)n3)nc2)CC1,9.795880017344075
CHEMBL5786556,CDK4,0.18,nM,CN(C)[C@H]1CCN(c2ccc(Nc3ncc(F)c(-c4cc(F)c5nc6n(c5c4)C(C)(C)CC6)n3)nc2)C1,9.744727494896694
CHEMBL5939038,CDK4,0.2,nM,CN(C)[C@H]1CCN(C(=O)c2ccc(Nc3ncc(F)c(-c4cc(F)c5nc6n(c5c4)C(C)(C)CC6)n3)nc2)C1,9.698970004336019
CHEMBL5751717,CDK6,0.2,nM,CC(C)N1CCOc2c(F)cc(-c3nc(Nc4ccc(N5CCNCC5)cn4)ncc3F)cc21,9.698970004336019
CHEMBL4453997,CDK4,0.2,nM,COc1ccc(-c2n[nH]c3c2C(=O)c2c(C=O)cccc2-3)cc1,9.698970004336019
CHEMBL5751717,CDK4,0.2,nM,CC(C)N1CCOc2c(F)cc(-c3nc(Nc4ccc(N5CCNCC5)cn4)ncc3F)cc21,9.698970004336019
CHEMBL5915046,CDK4,0.25,nM,CC1(C)CCc2nc3c(F)cc(-c4nc(Nc5ccc(OC6CCN(CCO)CC6)cn5)ncc4F)cc3n21,9.602059991327963
CHEMBL5763252,CDK4,0.25,nM,CN1CCC(OCc2ccc(Nc3ncc(F)c(-c4cc(F)c5nc6n(c5c4)C(C)(C)CC6)n3)nc2)CC1,9.602059991327963
CHEMBL5977920,CDK4,0.26,nM,CN1CCC(Oc2ccc(Nc3ncc(F)c(-c4cc(F)c5nc6n(c5c4)C(C)(C)CC6)n3)nc2)CC1,9.585026652029182
CHEMBL526110,CDK4,0.3,nM,O=[N+]([O-])c1cccc(Nc2nccc(-c3cnn4ncccc34)n2)c1,9.522878745280337
CHEMBL5882717,CDK6,0.3,nM,CC(C)N1CCOc2c(F)cc(-c3nc(Nc4ccc(C5CCN(C(=O)CN(C)C)CC5)cn4)ncc3F)cc21,9.522878745280337
CHEMBL526110,CDK2,0.3,nM,O=[N+]([O-])c1cccc(Nc2nccc(-c3cnn4ncccc34)n2)c1,9.522878745280337
CHEMBL3698653,CDK4,0.32,nM,c1ccc(-n2c3cnccc3c3cnc(Nc4ccc(N5CCNCC5)cc4)nc32)cc1,9.494850021680094
CHEMBL317703,CDK2,0.33,nM,NS(=O)(=O)c1ccc(Nc2cc(-c3ccc([N+](=O)[O-])cc3)[nH]n2)cc1,9.481486060122112
CHEMBL321517,CDK2,0.34,nM,Nc1ccc(-c2cc(Nc3ccc(S(N)(=O)=O)cc3)[nH]n2)cc1,9.468521082957745
CHEMBL3698653,CDK6,0.36,nM,c1ccc(-n2c3cnccc3c3cnc(Nc4ccc(N5CCNCC5)cc4)nc32)cc1,9.443697499232712
CHEMBL3698657,CDK6,0.41,nM,c1ccc2c(c1)c1cnc(Nc3ccc(N4CCNCC4)cc3)nc1n2C1CCCCC1,9.387216143280265
CHEMBL3698639,CDK4,0.45,nM,c1cc2c3cnc(Nc4ccc(N5CCNCC5)cc4)nc3n(C3CCCC3)c2cn1,9.346787486224656
CHEMBL4777844,CDK9,0.495,nM,CN(C)C/C=C/C(=O)N1CCC(C(=O)Nc2ncc(SCc3ncc(C(C)(C)C)o3)s2)CC1,9.30539480106643
CHEMBL5758578,CDK4,0.5,nM,CC(C)N1CCOc2c(F)cc(-c3nc(Nc4ccc(C(=O)N5CCC(O)CC5)c(F)c4)ncc3F)cc21,9.301029995663981
CHEMBL5865305,CDK4,0.5,nM,CC(=O)N1CCN(c2ccc(Nc3ncc(F)c(-c4cc(F)c5c(c4)N(C(C)C)CCO5)n3)nc2)CC1,9.301029995663981
CHEMBL5882717,CDK4,0.5,nM,CC(C)N1CCOc2c(F)cc(-c3nc(Nc4ccc(C5CCN(C(=O)CN(C)C)CC5)cn4)ncc3F)cc21,9.301029995663981
CHEMBL476577,CDK2,0.5,nM,CC(=O)NC1CN(c2ccc(Nc3ncc(F)c(-c4cnc(C)n4C(C)C)n3)cc2)C1,9.301029995663981
CHEMBL1964259,CDK2,0.54,nM,O=C1Nc2ccc3ncsc3c2/C1=C/Nc1ccc(S(=O)(=O)NCCOCCO)cc1,9.267606240177031
CHEMBL4209329,CDK4,0.6,nM,CC1(C)CCc2nc3c(F)cc(-c4nc(Nc5ccc(CN6CCNCC6)cn5)ncc4F)cc3n21,9.221848749616356
CHEMBL4211828,CDK4,0.6,nM,CC(C)N1CCN(Cc2ccc(Nc3ncc(F)c(-c4cc(F)c5nc6n(c5c4)C(C)CC6)n3)nc2)CC1,9.221848749616356
CHEMBL5892046,CDK6,0.6,nM,CC(C)N1CCOc2c(F)cc(-c3nc(Nc4ccc(N5CCN(C(=O)CN(C)C)CC5)cn4)ncc3F)cc21,9.221848749616356
CHEMBL5811976,CDK4,0.7,nM,Cc1nc2c(F)cc(-c3nc(Nc4ccc5c(n4)CCN(C[C@@H]4CNCCO4)C5)ncc3F)cc2n1C(C)(C)C,9.154901959985743
CHEMBL248713,CDK1,0.7,nM,CCNCc1cncc(-c2cnc3[nH]nc(-c4nc5cc(F)ccc5[nH]4)c3c2)c1,9.154901959985743
CHEMBL5853767,CDK4,0.7,nM,Cc1nc2c(F)cc(-c3nc(Nc4ccc5c(n4)CCN(C[C@@H]4CNCCO4)C5)ncc3F)cc2n1C(C)C,9.154901959985743
CHEMBL5762122,CDK4,0.7,nM,CCN1CCN(Cc2ccc(Nc3ncc(F)c(-c4cc(F)c5c(c4)N(C(C)C)CCO5)n3)nc2)CC1,9.154901959985743
CHEMBL5817708,CDK4,0.73,nM,CC1(C)CCc2nc3c(F)cc(-c4nc(Nc5ccc(CN6CCN(C(=O)CO)CC6)cn5)ncc4F)cc3n21,9.136677139879545
CHEMBL3698681,CDK6,0.75,nM,c1ccc2c(c1)c1cnc(Nc3ccc(N4CCNCC4)cc3)nc1n2C1CCOCC1,9.1249387366083
CHEMBL4088242,CDK2,0.8,nM,CC[C@@H](C)Oc1nc(Nc2ccc(S(N)(=O)=O)cc2)nc(N)c1C=O,9.096910013008056
CHEMBL4215702,CDK4,0.8,nM,CN1CCN(Cc2ccc(Nc3ncc(F)c(-c4cc(F)c5nc6n(c5c4)C(C)(C)CC6)n3)nc2)CC1,9.096910013008056
CHEMBL6008170,CDK4,0.8,nM,CS(=O)(=O)c1cc2cnc(Nc3ccc(N4CCNCC4)cn3)nc2n1C1CCCC1,9.096910013008056
CHEMBL429478,CDK1,0.8,nM,CCNCc1cncc(-c2cnc3[nH]nc(-c4nc5cc(OC)ccc5[nH]4)c3c2)c1,9.096910013008056
CHEMBL561334,CDK1,0.8,nM,C[C@@H]1CNc2c(sc3ccc4ncccc4c23)C(=O)N1,9.096910013008056
CHEMBL3698671,CDK4,0.83,nM,c1cnc2c(c1)c1cnc(Nc3ccc(N4CCNCC4)cc3)nc1n2C1CCCC1,9.080921907623926
CHEMBL5964401,CDK4,0.86,nM,CCC(CC)n1c(C)nc2c(F)cc(-c3nc(Nc4ccc5c(n4)CCNC5)ncc3F)cc21,9.065501548756432
CHEMBL5841163,CDK6,0.88,nM,CCN1CCN(c2ccc(Nc3ncc(F)c(-c4cc(F)c5nc6n(c5c4)C(C)(C)CC6)n3)nc2)CC1,9.05551732784983
CHEMBL194721,CDK1,0.9,nM,FC(F)(F)c1cnc(Nc2ccc3[nH]cnc3c2)nc1Nc1ccccc1Cl,9.045757490560675
CHEMBL6023260,CDK6,0.9,nM,CC(C)N1CCOc2c(F)cc(-c3nc(Nc4ccc(N5CCN(C(=O)CN(C)C)CC5)c(F)c4)ncc3F)cc21,9.045757490560675
CHEMBL4208172,CDK6,0.9,nM,CCN1CCN(Cc2ccc(Nc3ncc(F)c(-c4cc(F)c5nc6n(c5c4)C(C)(C)CC6)n3)nc2)CC1,9.045757490560675
CHEMBL3698641,CDK4,0.91,nM,Cc1cc(Nc2ncc3c4ccncc4n(C4CCCC4)c3n2)cnc1N1CCNCC1,9.040958607678906
CHEMBL4542247,CDK4,0.91,nM,Cc1nc2c(F)cc(-c3nc(Nc4ccc5c(n4)CCN(CCN(C)C)C5)ncc3F)cc2n1C1(C)CC1,9.040958607678906
CHEMBL5994564,CDK4,0.91,nM,Cc1nc2c(F)cc(-c3nc(Nc4ccc5c(n4)CCN(C[C@@H]4CCCN4C)C5)ncc3F)cc2n1C1CC1,9.040958607678906
CHEMBL5886747,CDK4,0.92,nM,Cc1nc2c(F)cc(-c3nc(Nc4ccc5c(n4)CCNC5)ncc3F)cc2n1C1(C)CC1,9.036212172654444
CHEMBL5947385,CDK9,0.92,nM,C=CC(=O)N1CCc2nc(Nc3ncc(F)c(-c4cc(F)c5nc(C)n(C(C)C)c5c4)n3)ccc2C1,9.036212172654444
CHEMBL5925248,CDK4,0.94,nM,Cc1nc2c(F)cc(-c3nc(Nc4ccc5c(n4)CCN(C[C@H](C)N(C)C)C5)ncc3F)cc2n1C1CC1,9.0268721464003
CHEMBL3698659,CDK4,0.94,nM,c1cc2c3cnc(Nc4ccc(N5CCNCC5)cn4)nc3n(C3CC4CCC3C4)c2cn1,9.0268721464003
CHEMBL4550287,CDK4,0.96,nM,Cc1nc2c(F)cc(-c3nc(Nc4ccc5c(n4)CCN(CCN(C)C)C5)ncc3F)cc2n1C(C)C1CC1,9.017728766960431
CHEMBL5869281,CDK4,0.96,nM,Cc1nc2c(F)cc(-c3nc(Nc4ccc5c(n4)CCN(C[C@H]4CN(C)CCO4)C5)ncc3F)cc2n1C(C)(C)C,9.017728766960431
CHEMBL3698688,CDK4,0.97,nM,CN(C)C1CCN(c2ccc(Nc3ncc4c5ccncc5n(C5CCCC5)c4n3)cn2)CC1,9.013228265733755
CHEMBL6013826,CDK6,0.97,nM,Cc1nc2c(F)cc(-c3nc(Nc4ccc5c(n4)CCN(CCN(C)C)[C@H]5C)ncc3F)cc2n1C(C)(C)C,9.013228265733755
CHEMBL5830076,CDK4,0.99,nM,Cc1nc2c(F)cc(-c3nc(Nc4ccc5c(n4)CCN(C(=O)CCN(C)C)C5)ncc3F)cc2n1C(C)(C)C,9.00436480540245
CHEMBL4463172,CDK4,0.99,nM,Cc1nc2c(F)cc(-c3nc(Nc4ccc5c(n4)CCN(CCN(C)C(=N)N)C5)ncc3F)cc2n1C(C)C,9.00436480540245
CHEMBL6059314,CDK6,1.0,nM,CC(C)N1CCc2ccc(Nc3ncc(F)c(-c4cc(F)c5c(c4)N(C(C)C)CCO5)n3)cc2C1,9.0
CHEMBL6034655,CDK4,1.0,nM,CC(C)N1CCOc2c(F)cc(-c3nc(Nc4ccc(N5CCC(N6CCCC6)CC5)c(F)c4)ncc3F)cc21,9.0
CHEMBL2103840,CDK2,1.0,nM,CCc1cnn2c(NCc3ccc[n+]([O-])c3)cc(N3CCCC[C@H]3CCO)nc12,9.0
CHEMBL478409,CDK2,1.0,nM,COCCNS(=O)(=O)c1ccc(Nc2nccc(-c3cnc(C)n3C(C)C)n2)cc1,9.0
CHEMBL215803,CDK1,1.0,nM,C[C@@H]1C[C@H]2CN1CCn1nc3c(cccc3c1O)-c1nc3c(cccc3nc1O)O2,9.0
CHEMBL3642037,CDK4,1.0,nM,CN(C)[C@@H]1CN(c2ccc(Nc3ncc4c5ccncc5n(C5CCCC5)c4n3)nn2)CC[C@H]1O,9.0
CHEMBL5825661,CDK4,1.0,nM,CC(C)N1CCOc2c(F)cc(-c3nc(Nc4ccc(N5CCNCC5=O)cn4)ncc3F)cc21,9.0
CHEMBL5996434,CDK6,1.0,nM,CC(C)N1CCOc2c(F)cc(-c3nc(Nc4ccc5c(c4)CNCC5)ncc3F)cc21,9.0
CHEMBL4462530,CDK2,1.0,nM,CC(=O)N[C@@H]1CCC[C@H](C(=O)Nc2cc(-c3cnn4c3CC(C)(C)C4)c(Cl)cn2)C1,9.0
CHEMBL4205645,CDK4,1.0,nM,CCN1CCN(Cc2ccc(Nc3nccc(-c4cc(F)c5nc6n(c5c4)C(C)(C)CC6)n3)nc2)CC1,9.0
CHEMBL3904602,CDK4,1.0,nM,CC(C)N1CCN(c2ccc(Nc3ncc4cc5n(c4n3)C3(CCCCC3)CNC5=O)nc2)CC1,9.0
CHEMBL3545083,CDK9,1.0,nM,COCCN1CCN(Cc2ccc(-c3n[nH]c4c3C(=O)c3c(NC(=O)NN5CCOCC5)cccc3-4)cc2)CC1,9.0
CHEMBL3702053,CDK4,1.0,nM,CCN(CC)C1CCN(c2ccc(Nc3ncc4c5ccncc5n(C5CCCC5)c4n3)nn2)CC1,9.0
CHEMBL5999532,CDK4,1.0,nM,CC(C)N1CCOc2c(F)cc(-c3nc(Nc4ccc(C5CCN(C)C5)cn4)ncc3F)cc21,9.0
CHEMBL5742108,CDK4,1.0,nM,CC(C)N1CCOc2c(F)cc(-c3nc(Nc4ccc5c(n4)CCNC5)ncc3F)cc21,9.0
CHEMBL5171657,CDK2,1.0,nM,CCc1cnn2c(NCc3ccc[n+]([O-])c3)cc(C3CCCC[C@H]3CCO)nc12,9.0
CHEMBL5892046,CDK4,1.0,nM,CC(C)N1CCOc2c(F)cc(-c3nc(Nc4ccc(N5CCN(C(=O)CN(C)C)CC5)cn4)ncc3F)cc21,9.0
CHEMBL4292930,CDK2,1.0,nM,Cc1cnn2c(NCc3ccc[n+]([O-])c3)cc(N3CCCC[C@@H]3CCO)nc12,9.0
CHEMBL3702060,CDK4,1.0,nM,CN(C)C1CCN(c2ccc(Nc3ncc4c5ccnc(Cl)c5n(C5CCCC5)c4n3)nc2)CC1,9.0
CHEMBL3698657,CDK4,1.0,nM,c1ccc2c(c1)c1cnc(Nc3ccc(N4CCNCC4)cc3)nc1n2C1CCCCC1,9.0
CHEMBL6015264,CDK4,1.0,nM,CC(C)N1CCOc2c(F)cc(-c3nc(Nc4ccc(CN5CCN(CC6CC6)CC5)cn4)ncc3F)cc21,9.0
CHEMBL5945809,CDK4,1.0,nM,COc1cc(Nc2ncc(F)c(-c3cc(F)c4c(c3)N(C(C)C)CCO4)n2)ccc1N1CCNCC1,9.0
CHEMBL3698649,CDK4,1.0,nM,CN(C)C1CCN(c2ccc(Nc3ncc4c5ccncc5n(C5CCCC5)c4n3)nn2)CC1,9.0
CHEMBL1964249,CDK2,1.0,nM,COCCOCCOCCOCCN(C)S(=O)(=O)c1ccc(N/C=C2\C(=O)Nc3ccc4ncsc4c32)cc1,9.0
CHEMBL509406,CDK2,1.0,nM,Cc1ncc(-c2nc(Nc3ccc(C(=O)NC4CCN(C)CC4)c(F)c3)ncc2F)n1C(C)C,9.0
CHEMBL1171950,CDK2,1.0,nM,NCCCn1nc(C(N)=O)c2c1-c1nc(Nc3ccccc3)ncc1CC2,9.0
CHEMBL6048798,CDK4,1.0,nM,CC(C)N1CCOc2c(F)cc(-c3nc(Nc4ccc(N5CCNCC5)c(F)c4F)ncc3F)cc21,9.0
CHEMBL3702122,CDK4,1.0,nM,O=C(O)CN1CCN(Cc2ccc(Nc3ncc4c5ccncc5n(C5CCCC5)c4n3)nc2)CC1,9.0
CHEMBL559513,CDK2,1.0,nM,CN1CCN(c2cccc(Nc3ncc4c(n3)-c3c(c(C(N)=O)nn3C)CC4)c2)CC1,9.0
CHEMBL5996434,CDK4,1.0,nM,CC(C)N1CCOc2c(F)cc(-c3nc(Nc4ccc5c(c4)CNCC5)ncc3F)cc21,9.0
CHEMBL3691546,CDK4,1.0,nM,CN(C)C(=O)c1cc2cnc(Nc3ccc(C(=O)N4CC5CC4CN5)cn3)nc2n1C1CCCCCC1,9.0
CHEMBL557318,CDK1,1.0,nM,C[C@@H]1CNc2c(sc3ccc4occc4c23)C(=O)N1,9.0
CHEMBL6059314,CDK4,1.0,nM,CC(C)N1CCc2ccc(Nc3ncc(F)c(-c4cc(F)c5c(c4)N(C(C)C)CCO5)n3)cc2C1,9.0
CHEMBL5095102,CDK6,1.0,nM,CC(C)N1CCOc2c(F)cc(-c3nc(Nc4ccc(C5CCN(C)CC5)cn4)ncc3F)cc21,9.0
CHEMBL5939007,CDK4,1.0,nM,CC(C)N1CCOc2c(F)cc(-c3nc(Nc4ccc(N5CCNCC5)c(F)c4)ncc3Cl)cc21,9.0
CHEMBL5266005,CDK2,1.0,nM,CCc1cnn2c(NCc3ccc[n+]([O-])c3)cc(N3CCCC[C@@H]3CCO)nc12,9.0
CHEMBL6013826,CDK4,1.02,nM,Cc1nc2c(F)cc(-c3nc(Nc4ccc5c(n4)CCN(CCN(C)C)[C@H]5C)ncc3F)cc2n1C(C)(C)C,8.991399828238082
CHEMBL5941236,CDK6,1.02,nM,CC1(C)CCc2nc3c(F)cc(-c4nc(Nc5ccc(OCC6CCN(CCCO)CC6)cn5)ncc4F)cc3n21,8.991399828238082
CHEMBL4438059,CDK4,1.02,nM,Cc1nc2c(F)cc(-c3nc(Nc4ccc5c(n4)CCN(CCN(C)C)C5)ncc3F)cc2n1C1CCCCC1,8.991399828238082
CHEMBL5897984,CDK4,1.02,nM,Cc1nc2c(F)cc(-c3nc(Nc4ccc5c(n4)CCN(C[C@H]4CNCCO4)C5)ncc3F)cc2n1C(C)C,8.991399828238082
CHEMBL5964675,CDK4,1.02,nM,Cc1nc2c(F)cc(-c3nc(Nc4ccc5c(n4)CCN(C[C@H]4CNCCO4)C5)ncc3F)cc2n1C(C)(C)C,8.991399828238082
CHEMBL4446626,CDK4,1.04,nM,Cc1nc2c(F)cc(-c3nc(Nc4ccc5c(n4)CCN(CCN(C)C)C5)ncc3F)cc2n1C1CCCC1,8.98296666070122
CHEMBL5787921,CDK4,1.06,nM,CN[C@H](C)C(=O)N1CCc2nc(Nc3ncc(F)c(-c4cc(F)c5nc(C)n(C6CC6)c5c4)n3)ccc2C1,8.97469413473523
CHEMBL4462493,CDK4,1.08,nM,CCC(CC)n1c(C)nc2c(F)cc(-c3nc(Nc4ccc5c(n4)CCN(CCN(C)C)C5)ncc3F)cc21,8.96657624451305
CHEMBL3694405,CDK9,1.08,nM,COc1ccccc1-c1cc(NC(=O)c2cccc(NS(C)(=O)=O)c2)ncn1,8.96657624451305
CHEMBL5873158,CDK4,1.09,nM,Cc1nc2c(F)cc(-c3nc(Nc4ccc5c(n4)CCNC5)ncc3F)cc2n1C(C)(C)C,8.962573502059376
CHEMBL248712,CDK1,1.1,nM,CCNCc1cncc(-c2cnc3[nH]nc(-c4nc5cc(F)c(F)cc5[nH]4)c3c2)c1,8.958607314841775
CHEMBL318999,CDK2,1.1,nM,Nc1nc(Nc2ccc(S(N)(=O)=O)cc2)nc(OCC2CCCCC2)c1N=O,8.958607314841775
CHEMBL6023260,CDK4,1.1,nM,CC(C)N1CCOc2c(F)cc(-c3nc(Nc4ccc(N5CCN(C(=O)CN(C)C)CC5)c(F)c4)ncc3F)cc21,8.958607314841775
CHEMBL3237704,CDK6,1.1,nM,CC1(C)CCC(n2c3cnccc3c3cnc(Nc4ccc(N5CCNCC5)cn4)nc32)CC1,8.958607314841775
CHEMBL5943325,CDK4,1.1,nM,CC(C)N1CCOc2c(F)cc(-c3nc(Nc4ccc(N5CCC(O)CC5)cn4)ncc3F)cc21,8.958607314841775
CHEMBL3698644,CDK6,1.1,nM,c1cc2c3cnc(Nc4cnc(N5CCNCC5)nc4)nc3n(C3CCCC3)c2cn1,8.958607314841775
CHEMBL5201870,CDK2,1.1,nM,COCc1cc(C(=O)Nc2cc([C@H]3CC[C@@H](OC(=O)NC(C)C)C3)[nH]n2)n(C)n1,8.958607314841775
CHEMBL5938059,CDK6,1.11,nM,Cc1nc2c(F)cc(-c3nc(Nc4ccc5c(n4)CCN(CCN)C5)ncc3F)cc2n1C(C)(C)C,8.954677021213342
CHEMBL5950426,CDK4,1.12,nM,Cc1nc2c(F)cc(-c3nc(Nc4ccc5c(n4)CCN(C(=O)N(C)CCN(C)C)C5)ncc3F)cc2n1C1CC1,8.950781977329818
CHEMBL5774473,CDK4,1.12,nM,C#CCN1CCC(N2CCc3nc(Nc4ncc(F)c(-c5cc(F)c6nc(C)n(C(C)C)c6c5)n4)ccc3C2)C1,8.950781977329818
CHEMBL4448494,CDK4,1.12,nM,Cc1nc2c(F)cc(-c3nc(Nc4ccc5c(n4)CCN(CCN(C)C)C5)ncc3F)cc2n1C(C)C,8.950781977329818
CHEMBL5760424,CDK4,1.12,nM,C#CN1CCC(N2CCc3nc(Nc4ncc(F)c(-c5cc(F)c6nc(C)n(C(C)C)c6c5)n4)ccc3C2)C1,8.950781977329818
CHEMBL5811976,CDK6,1.13,nM,Cc1nc2c(F)cc(-c3nc(Nc4ccc5c(n4)CCN(C[C@@H]4CNCCO4)C5)ncc3F)cc2n1C(C)(C)C,8.94692155651658
CHEMBL5853767,CDK6,1.13,nM,Cc1nc2c(F)cc(-c3nc(Nc4ccc5c(n4)CCN(C[C@@H]4CNCCO4)C5)ncc3F)cc2n1C(C)C,8.94692155651658
CHEMBL4466497,CDK4,1.13,nM,Cc1nc2c(F)cc(-c3nc(Nc4ccc5c(n4)CCN(CCN(C)C)C5)ncc3F)cc2n1C(C)(C)C,8.94692155651658
CHEMBL5938059,CDK4,1.14,nM,Cc1nc2c(F)cc(-c3nc(Nc4ccc5c(n4)CCN(CCN)C5)ncc3F)cc2n1C(C)(C)C,8.943095148663527
CHEMBL5774332,CDK4,1.16,nM,Cc1nc2c(F)cc(-c3nc(Nc4ccc5c(n4)CCN(C[C@@H]4CN(C)CCO4)C5)ncc3F)cc2n1C(C)(C)C,8.935542010773082
CHEMBL5911327,CDK4,1.16,nM,Cc1nc2c(F)cc(-c3nc(Nc4ccc5c(n4)CCN(CCCN(C)C)C5)ncc3F)cc2n1C(C)(C)C,8.935542010773082
CHEMBL6020156,CDK4,1.18,nM,Cc1nc2c(F)cc(-c3nc(Nc4ccc5c(n4)CCN(C/C=N/O)C5)ncc3F)cc2n1C(C)C,8.928117992693874
CHEMBL5939038,CDK6,1.19,nM,CN(C)[C@H]1CCN(C(=O)c2ccc(Nc3ncc(F)c(-c4cc(F)c5nc6n(c5c4)C(C)(C)CC6)n3)nc2)C1,8.924453038607469
CHEMBL3702046,CDK4,1.2,nM,CC(C)N1CCN(c2ccc(Nc3ncc4c5ccncc5n(C5CCCC5)c4n3)nc2)CC1,8.920818753952375
CHEMBL5190225,CDK4,1.2,nM,Cc1nc2c(F)cc(-c3nc(Nc4ccc(CNC(=O)CCCCCCC(=O)NO)cc4)ncc3F)cc2n1C(C)C,8.920818753952375
CHEMBL4866341,CDK4,1.2,nM,Cc1nc2ccc(-c3nc(Nc4ccc(NC(=O)CCCCCC(=O)NO)cc4)ncc3F)cc2n1C(C)C,8.920818753952375
CHEMBL411224,CDK2,1.2,nM,CC(C)Cc1cccc2c1/C(=N/Nc1ccc(S(N)(=O)=O)cc1)C(=O)N2,8.920818753952375
CHEMBL3698672,CDK6,1.2,nM,c1ccc2c(c1)c1cnc(Nc3ccc(N4CCNCC4)cn3)nc1n2C1CCCC1,8.920818753952375
CHEMBL3237702,CDK4,1.2,nM,CC1CCC(n2c3cnccc3c3cnc(Nc4ccc(N5CCNCC5)cn4)nc32)CC1,8.920818753952375
CHEMBL5220945,CDK4,1.2,nM,Cc1nc2c(F)cc(-c3nc(Nc4ccc(CNC(=O)CC(=O)NO)cc4)ncc3F)cc2n1C(C)C,8.920818753952375
CHEMBL3694403,CDK9,1.25,nM,COc1ccccc1-c1cc(NC(=O)c2ccc(NS(C)(=O)=O)cc2)ncn1,8.903089986991944
CHEMBL6152892,CDK9,1.26,nM,CCOc1ccc(C2C(C#N)=C(N)OC3C2C(C)=NN3c2ccc(Cl)cc2)cc1,8.899629454882437
CHEMBL5983466,CDK4,1.27,nM,Cc1nc2c(F)cc(-c3nc(Nc4ccc5c(n4)CCN(CCN(C)CCN(C)C)C5)ncc3F)cc2n1C(C)(C)C,8.896196279044043
CHEMBL5933703,CDK6,1.28,nM,CNCCN1CCc2nc(Nc3ncc(F)c(-c4cc(F)c5nc(C)n(C6(C)CC6)c5c4)n3)ccc2C1,8.892790030352131
CHEMBL3642002,CDK4,1.3,nM,OC[C@H](O)CNC1CCN(c2ccc(Nc3ncc4c5ccncc5n(C5CCCC5)c4n3)nn2)CC1,8.886056647693163
CHEMBL5561839,CDK9,1.3,nM,CC(C)n1nnc2ccc(-c3ccnc(Nc4cc(C(=O)N5CCCC5)ccn4)c3)cc21,8.886056647693163
CHEMBL3702158,CDK4,1.3,nM,C1=C(c2ccc(Nc3ncc4c5ccncc5n(C5CCCC5)c4n3)nc2)CCNC1,8.886056647693163
CHEMBL3698658,CDK4,1.3,nM,c1ccc2c(c1)c1cnc(Nc3ccc(N4CCNCC4)cn3)nc1n2C1CCCCC1,8.886056647693163
CHEMBL3698643,CDK6,1.3,nM,c1cc2c3cnc(Nc4ccc(N5CCNCC5)nc4)nc3n(C3CCCC3)c2cn1,8.886056647693163
CHEMBL3698698,CDK4,1.3,nM,NCC1CCCN(c2ccc(Nc3ncc4c5ccncc5n(C5CCCC5)c4n3)nc2)C1,8.886056647693163
CHEMBL5869281,CDK6,1.33,nM,Cc1nc2c(F)cc(-c3nc(Nc4ccc5c(n4)CCN(C[C@H]4CN(C)CCO4)C5)ncc3F)cc2n1C(C)(C)C,8.876148359032914
CHEMBL4463716,CDK4,1.34,nM,C#CCN(C)CCN1CCc2nc(Nc3ncc(F)c(-c4cc(F)c5nc(C)n(C(C)C)c5c4)n3)ccc2C1,8.872895201635192
CHEMBL4439999,CDK4,1.35,nM,Cc1nc2c(F)cc(-c3nc(Nc4ccc5c(n4)CCN(CCN(C)CC[Si](C)(C)C)C5)ncc3F)cc2n1C(C)C,8.869666231504993
CHEMBL6014795,CDK4,1.35,nM,Cc1nc2c(F)cc(-c3nc(Nc4ccc5c(n4)CCN(C(=O)C4CCCN4)C5)ncc3F)cc2n1C1CC1,8.869666231504993
CHEMBL5758951,CDK6,1.36,nM,Cc1nc2c(F)cc(-c3nc(Nc4ccc5c(n4)CCN(CCN4CCC(B(O)O)CC4)C5)ncc3F)cc2n1C(C)(C)C,8.866461091629782
CHEMBL5774332,CDK6,1.37,nM,Cc1nc2c(F)cc(-c3nc(Nc4ccc5c(n4)CCN(C[C@@H]4CN(C)CCO4)C5)ncc3F)cc2n1C(C)(C)C,8.863279432843592
CHEMBL5982253,CDK4,1.37,nM,Cc1nc2c(F)cc(-c3nc(Nc4ccc5c(n4)C[C@@H](C)N(CCN(C)C)C5)ncc3F)cc2n1C(C)(C)C,8.863279432843592
CHEMBL6058303,CDK4,1.37,nM,Cc1nc2c(F)cc(-c3nc(Nc4ccc5c(n4)C[C@H](C)N(CCN(C)C)C5)ncc3F)cc2n1C(C)(C)C,8.863279432843592
CHEMBL3702120,CDK4,1.39,nM,O=C(O)CN1CCN(c2ccc(Nc3ncc4c5ccncc5n(C5CCCC5)c4n3)nn2)CC1,8.856985199745905
CHEMBL5830076,CDK6,1.39,nM,Cc1nc2c(F)cc(-c3nc(Nc4ccc5c(n4)CCN(C(=O)CCN(C)C)C5)ncc3F)cc2n1C(C)(C)C,8.856985199745905
CHEMBL5979303,CDK4,1.39,nM,Cc1nc2c(F)cc(-c3nc(Nc4ccc5c(n4)CCN(CCS(C)(=O)=O)C5)ncc3F)cc2n1C(C)(C)C,8.856985199745905
CHEMBL3698706,CDK4,1.4,nM,CNC1CCN(c2ccc(Nc3ncc4c5ccncc5n(C5CCCC5)c4n3)nc2)CC1,8.853871964321762
CHEMBL3702123,CDK4,1.4,nM,O=C(c1ccc(Nc2ncc3c4ccncc4n(C4CCCC4)c3n2)nc1)N1CCNCC1,8.853871964321762
CHEMBL393525,CDK9,1.4,nM,Cc1ccc([N+](=O)[O-])cc1S(=O)(=O)N(C)/N=C/c1cnc2ccc(Br)cn12,8.853871964321762
CHEMBL3698643,CDK4,1.4,nM,c1cc2c3cnc(Nc4ccc(N5CCNCC5)nc4)nc3n(C3CCCC3)c2cn1,8.853871964321762
CHEMBL3702197,CDK4,1.4,nM,OCCCNc1ccc(Nc2ncc3c4ccncc4n(C4CCCC4)c3n2)nn1,8.853871964321762
CHEMBL4542247,CDK6,1.41,nM,Cc1nc2c(F)cc(-c3nc(Nc4ccc5c(n4)CCN(CCN(C)C)C5)ncc3F)cc2n1C1(C)CC1,8.85078088734462
CHEMBL5994564,CDK6,1.41,nM,Cc1nc2c(F)cc(-c3nc(Nc4ccc5c(n4)CCN(C[C@@H]4CCCN4C)C5)ncc3F)cc2n1C1CC1,8.85078088734462
CHEMBL5856237,CDK4,1.44,nM,Cc1nc2c(F)cc(-c3nc(Nc4ccc5c(n4)CCN(C(=O)[C@@H](C)N(C)C)C5)ncc3F)cc2n1C(C)C,8.84163750790475
CHEMBL6002613,CDK4,1.45,nM,Cc1nc2c(F)cc(-c3nc(Nc4ccc5c(n4)CCN(CCN4CCP(C)(=O)CC4)C5)ncc3F)cc2n1C(C)(C)C,8.838631997765026
CHEMBL5758951,CDK4,1.45,nM,Cc1nc2c(F)cc(-c3nc(Nc4ccc5c(n4)CCN(CCN4CCC(B(O)O)CC4)C5)ncc3F)cc2n1C(C)(C)C,8.838631997765026
CHEMBL5922296,CDK4,1.46,nM,CS(=O)(=O)c1cc2cnc(Nc3ccc(C4CCNCC4)cn3)nc2n1C1CCCC1,8.835647144215564
CHEMBL5888788,CDK4,1.47,nM,Cc1nc2c(F)cc(-c3nc(Nc4ccc5c(n4)CCN(C(=O)CN(C)C)C5)ncc3F)cc2n1CC1CC1,8.832682665251824
CHEMBL5897984,CDK6,1.48,nM,Cc1nc2c(F)cc(-c3nc(Nc4ccc5c(n4)CCN(C[C@H]4CNCCO4)C5)ncc3F)cc2n1C(C)C,8.829738284605043
CHEMBL6004741,CDK4,1.48,nM,Cc1nc2c(F)cc(-c3nc(Nc4ccc5c(n4)CCN(CC=NO)C5)ncc3F)cc2n1C(C)C,8.829738284605043
CHEMBL6026840,CDK4,1.48,nM,Cc1nc2c(F)cc(-c3nc(Nc4ccc5c(n4)CCN(CC=NO)C5)ncc3F)cc2n1C(C)(C)C,8.829738284605043
CHEMBL5964675,CDK6,1.48,nM,Cc1nc2c(F)cc(-c3nc(Nc4ccc5c(n4)CCN(C[C@H]4CNCCO4)C5)ncc3F)cc2n1C(C)(C)C,8.829738284605043
CHEMBL6002674,CDK4,1.49,nM,CNCCN1CCc2nc(Nc3ncc(F)c(-c4cc(F)c5nc(C)n(C(C)(C)C)c5c4)n3)ccc2C1,8.826813731587727
CHEMBL4550287,CDK6,1.49,nM,Cc1nc2c(F)cc(-c3nc(Nc4ccc5c(n4)CCN(CCN(C)C)C5)ncc3F)cc2n1C(C)C1CC1,8.826813731587727
CHEMBL5956531,CDK6,1.5,nM,CC(C)N1CCOc2c(F)cc(-c3nc(Nc4ccc5c(c4)CCNC5)ncc3F)cc21,8.823908740944319
CHEMBL5746967,CDK4,1.5,nM,CC(C)N1CCOc2c(F)cc(-c3nc(Nc4ccc(C(=O)N5CCC(N(C)C)CC5)c(F)c4)ncc3F)cc21,8.823908740944319
CHEMBL3698654,CDK6,1.5,nM,O[C@@H]1CCN(c2ccc(Nc3ncc4c5ccncc5n(C5CCCC5)c4n3)nn2)C1,8.823908740944319
CHEMBL270544,CDK2,1.5,nM,CC(C)=Cc1cccc2c1/C(=N/Nc1ccc(S(N)(=O)=O)cc1)C(=O)N2,8.823908740944319
CHEMBL5949924,CDK4,1.5,nM,CC(C)N1CCOc2c(F)cc(-c3nc(Nc4ccc(C5CCN(C)CC5)nn4)ncc3F)cc21,8.823908740944319
CHEMBL5760232,CDK4,1.5,nM,CC(C)N1CCOc2c(F)cc(-c3nc(Nc4ccc(N5CCC(N(C)C)CC5)nc4)ncc3F)cc21,8.823908740944319
CHEMBL5955040,CDK6,1.5,nM,CC(C)N1CCOc2c(F)cc(-c3nc(Nc4ccc(C5CCN(C)CC5)nc4)ncc3F)cc21,8.823908740944319
CHEMBL3698642,CDK4,1.5,nM,c1cc2c3cnc(Nc4ccc(N5CCNCC5)nn4)nc3n(C3CCCC3)c2cn1,8.823908740944319
CHEMBL3641998,CDK4,1.5,nM,C[C@@H](CO)NC1CCN(c2ccc(Nc3ncc4c5ccncc5n(C5CCCC5)c4n3)nn2)CC1,8.823908740944319
CHEMBL5806353,CDK4,1.5,nM,CC(C)N1CCOc2c(F)cc(-c3nc(Nc4ccc(N5CCC(N(C)C)CC5)cn4)ncc3F)cc21,8.823908740944319
CHEMBL445945,CDK2,1.5,nM,NS(=O)(=O)c1ccc(N/C=C2\C(=O)Nc3ccc4ncccc4c32)cc1,8.823908740944319
CHEMBL4208504,CDK4,1.5,nM,CCN1CCN(Cc2cnc(Nc3cc(-c4cc(F)c5nc(C)n(C(C)C)c5c4)ncn3)cn2)CC1,8.823908740944319
CHEMBL5955040,CDK4,1.5,nM,CC(C)N1CCOc2c(F)cc(-c3nc(Nc4ccc(C5CCN(C)CC5)nc4)ncc3F)cc21,8.823908740944319
CHEMBL5933703,CDK4,1.51,nM,CNCCN1CCc2nc(Nc3ncc(F)c(-c4cc(F)c5nc(C)n(C6(C)CC6)c5c4)n3)ccc2C1,8.821023052706831
CHEMBL6002674,CDK6,1.51,nM,CNCCN1CCc2nc(Nc3ncc(F)c(-c4cc(F)c5nc(C)n(C(C)(C)C)c5c4)n3)ccc2C1,8.821023052706831
CHEMBL4463874,CDK4,1.52,nM,Cc1nc2c(F)cc(-c3nc(Nc4ccc5c(n4)CCN(CCN(C)CCNC(=N)N)C5)ncc3F)cc2n1C(C)C,8.818156412055227
CHEMBL5751847,CDK4,1.53,nM,Cc1nc2c(F)cc(-c3nc(Nc4ccc5c(n4)CCN(CC(N)=NO)C5)ncc3F)cc2n1C(C)(C)C,8.8153085691824
CHEMBL5988596,CDK6,1.53,nM,Cc1nc2c(F)cc(-c3nc(Nc4ccc5c(n4)CCN(CC(C)(C)N(C)C)C5)ncc3F)cc2n1C(C)(C)C,8.8153085691824
CHEMBL6038282,CDK4,1.53,nM,Cc1nc2c(F)cc(-c3nc(Nc4ccc5c(n4)CCN(C(=O)[C@@H]4CCCN4)C5)ncc3F)cc2n1C1CC1,8.8153085691824
CHEMBL5988596,CDK4,1.54,nM,Cc1nc2c(F)cc(-c3nc(Nc4ccc5c(n4)CCN(CC(C)(C)N(C)C)C5)ncc3F)cc2n1C(C)(C)C,8.812479279163536
CHEMBL5865665,CDK4,1.54,nM,Cc1nc2c(F)cc(-c3nc(Nc4ccc5c(n4)CCNC5)ncc3F)cc2n1C(C)C1CC1,8.812479279163536
CHEMBL5794081,CDK4,1.55,nM,Cc1nc2c(F)cc(-c3nc(Nc4ccc5c(n4)CCN(CCC(N)NO)C5)ncc3F)cc2n1C(C)C,8.809668301829708
CHEMBL4462493,CDK6,1.55,nM,CCC(CC)n1c(C)nc2c(F)cc(-c3nc(Nc4ccc5c(n4)CCN(CCN(C)C)C5)ncc3F)cc21,8.809668301829708
CHEMBL6020742,CDK4,1.55,nM,Cc1nc2c(F)cc(-c3nc(Nc4ccc5c(n4)CCN(CC(N)=NO)C5)ncc3F)cc2n1C(C)C,8.809668301829708
CHEMBL5799961,CDK4,1.56,nM,Cc1nc2c(F)cc(-c3nc(Nc4ccc5c(n4)CCN(C(C)CN(C)C)C5)ncc3F)cc2n1C(C)(C)C,8.806875401645538
CHEMBL5911327,CDK6,1.56,nM,Cc1nc2c(F)cc(-c3nc(Nc4ccc5c(n4)CCN(CCCN(C)C)C5)ncc3F)cc2n1C(C)(C)C,8.806875401645538
CHEMBL4461442,CDK4,1.56,nM,Cc1nc2c(F)cc(-c3nc(Nc4ccc5c(n4)CCN(CCN(C)P(C)(C)=O)C5)ncc3F)cc2n1C(C)C,8.806875401645538
CHEMBL4466497,CDK6,1.57,nM,Cc1nc2c(F)cc(-c3nc(Nc4ccc5c(n4)CCN(CCN(C)C)C5)ncc3F)cc2n1C(C)(C)C,8.804100347590767
CHEMBL4439999,CDK6,1.59,nM,Cc1nc2c(F)cc(-c3nc(Nc4ccc5c(n4)CCN(CCN(C)CC[Si](C)(C)C)C5)ncc3F)cc2n1C(C)C,8.79860287567955
CHEMBL5950534,CDK4,1.59,nM,Cc1nc2c(F)cc(-c3nc(Nc4ccc5c(n4)C[C@@H](C)NC5)ncc3F)cc2n1C(C)(C)C,8.79860287567955
CHEMBL6012324,CDK4,1.6,nM,CC(C)N1CCOc2c(F)cc(-c3nc(Nc4cc5n(n4)CCN(C)C5)ncc3F)cc21,8.795880017344075
CHEMBL4202432,CDK4,1.6,nM,Cc1nc2c(F)cc(-c3cc(Nc4cnc(CN5CCN(C(C)C)CC5)cn4)ncn3)cc2n1C(C)C,8.795880017344075
CHEMBL5983466,CDK6,1.6,nM,Cc1nc2c(F)cc(-c3nc(Nc4ccc5c(n4)CCN(CCN(C)CCN(C)C)C5)ncc3F)cc2n1C(C)(C)C,8.795880017344075
CHEMBL4214634,CDK6,1.6,nM,COCCN1CCN(Cc2cnc(Nc3cc(-c4cc(F)c5nc(C)n(C(C)C)c5c4)ncn3)cn2)CC1,8.795880017344075
CHEMBL4218267,CDK6,1.6,nM,CCN1CCN(Cc2cnc(Nc3cc(-c4cc(F)c5nc(C)n(C(C)C)c5c4)c(F)cn3)cn2)CC1,8.795880017344075
CHEMBL409892,CDK2,1.6,nM,NS(=O)(=O)c1ccc(N/N=C2\C(=O)Nc3ccc4ncccc4c32)cc1,8.795880017344075
CHEMBL3698744,CDK4,1.6,nM,NC1CCN(c2ccc(Nc3ncc4c5ccncc5n(C5CCCC5)c4n3)nn2)CC1,8.795880017344075
CHEMBL4204030,CDK6,1.6,nM,CCN1CCN(Cc2cnc(Nc3cc(-c4cc(F)c5nc(C)n(C(C)C)c5c4)ccn3)cn2)CC1,8.795880017344075
CHEMBL3698661,CDK4,1.6,nM,c1cc2c3cnc(Nc4ccc(N5CCNCC5)cn4)nc3n(C34CC5CC(CC(C5)C3)C4)c2cn1,8.795880017344075
CHEMBL5943325,CDK6,1.6,nM,CC(C)N1CCOc2c(F)cc(-c3nc(Nc4ccc(N5CCC(O)CC5)cn4)ncc3F)cc21,8.795880017344075
CHEMBL3698654,CDK4,1.6,nM,O[C@@H]1CCN(c2ccc(Nc3ncc4c5ccncc5n(C5CCCC5)c4n3)nn2)C1,8.795880017344075
CHEMBL3698683,CDK4,1.6,nM,c1cc2c3cnc(Nc4ccc(N5CCCNCC5)cn4)nc3n(C3CCCC3)c2cn1,8.795880017344075
CHEMBL4218267,CDK4,1.6,nM,CCN1CCN(Cc2cnc(Nc3cc(-c4cc(F)c5nc(C)n(C(C)C)c5c4)c(F)cn3)cn2)CC1,8.795880017344075
CHEMBL4453095,CDK4,1.61,nM,Cc1nc2c(F)cc(-c3nc(Nc4ccc5c(n4)CCN(CCN(C)C)C5)ncc3F)cc2n1[C@H]1CC[C@H](C)CC1,8.79317412396815
CHEMBL4212532,CDK4,1.64,nM,Cc1nc2c(F)cc(-c3nc(Nc4ccc5c(n4)CCN(C(=O)CN(C)C)C5)ncc3F)cc2n1C(C)C,8.785156151952302
CHEMBL5884004,CDK4,1.65,nM,Cc1nc2c(F)cc(-c3nc(Nc4ccc5c(n4)CCN(C(=O)[C@H](C)N(C)C)C5)ncc3F)cc2n1C1CC1,8.782516055786093
CHEMBL5941223,CDK4,1.65,nM,Cc1nc2c(F)cc(-c3nc(Nc4ccc5c(n4)CCNC5)ncc3F)cc2n1C1CCC(C)CC1,8.782516055786093
CHEMBL5774696,CDK4,1.68,nM,Cc1nc2c(F)cc(-c3nc(Nc4ccc5c(n4)CCN(C[C@H](C)N)C5)ncc3F)cc2n1C1CC1,8.774690718274137
CHEMBL5757213,CDK4,1.68,nM,Cc1nc2c(F)cc(-c3nc(Nc4ccc5c(n4)CCN(CCCN(C)C)C5)ncc3F)cc2n1C1CC1,8.774690718274137
CHEMBL4463172,CDK6,1.7,nM,Cc1nc2c(F)cc(-c3nc(Nc4ccc5c(n4)CCN(CCN(C)C(=N)N)C5)ncc3F)cc2n1C(C)C,8.769551078621726
CHEMBL5982253,CDK6,1.7,nM,Cc1nc2c(F)cc(-c3nc(Nc4ccc5c(n4)C[C@@H](C)N(CCN(C)C)C5)ncc3F)cc2n1C(C)(C)C,8.769551078621726
CHEMBL5839538,CDK4,1.7,nM,Cc1nc2c(F)cc(-c3nc(Nc4ccc5c(n4)CCN(C(=O)CCN(C)C)C5)ncc3F)cc2n1C1CC1,8.769551078621726
CHEMBL3905910,CDK9,1.7,nM,CN1CC[C@@H](c2c(O)cc(O)c3c(=O)cc(-c4ccc(C(F)(F)F)cc4Cl)oc23)[C@@H]1CO,8.769551078621726
CHEMBL271136,CDK2,1.7,nM,COc1cccc(OC)c1CNC(=O)c1ccc2c(c1)/C(=N/Nc1ccc(S(N)(=O)=O)cc1)C(=O)N2,8.769551078621726
CHEMBL3698692,CDK4,1.7,nM,C[C@@H]1CN(c2ccc(Nc3ncc4c5ccncc5n(C5CCCC5)c4n3)nc2)CCN1,8.769551078621726
CHEMBL5757792,CDK4,1.7,nM,C=C(CCN(C)C)N1CCc2nc(Nc3ncc(F)c(-c4cc(F)c5nc(C)n(C6CC6)c5c4)n3)ccc2C1,8.769551078621726
CHEMBL3642031,CDK4,1.7,nM,COC(=O)CNC1CCN(c2ccc(Nc3ncc4c5ccncc5n(C5CCCC5)c4n3)nn2)CC1,8.769551078621726
CHEMBL6058303,CDK6,1.7,nM,Cc1nc2c(F)cc(-c3nc(Nc4ccc5c(n4)C[C@H](C)N(CCN(C)C)C5)ncc3F)cc2n1C(C)(C)C,8.769551078621726
CHEMBL3641997,CDK4,1.7,nM,C[C@@H](O)CNC1CCN(c2ccc(Nc3ncc4c5ccncc5n(C5CCCC5)c4n3)nn2)CC1,8.769551078621726
CHEMBL4207796,CDK4,1.72,nM,Cc1nc2c(F)cc(-c3nc(Nc4ccc5c(n4)CCN(CCF)C5)ncc3F)cc2n1C(C)C,8.76447155309245
CHEMBL6060984,CDK4,1.72,nM,COCC(=O)N1CCc2nc(Nc3ncc(F)c(-c4cc(F)c5nc(C)n(C(C)C)c5c4)n3)ccc2C1,8.76447155309245
CHEMBL5814867,CDK4,1.72,nM,CNCC(=O)N1CCc2nc(Nc3ncc(F)c(-c4cc(F)c5nc(C)n(C(C)C)c5c4)n3)ccc2C1,8.76447155309245
CHEMBL4210028,CDK4,1.72,nM,CCN1CCN(Cc2ccc(Nc3ncc(F)c(-c4ccc5nc6n(c5c4)C(C)(C)CC6)n3)nc2)CC1,8.76447155309245
CHEMBL6031262,CDK4,1.73,nM,C/C(=N/O)N(C)CCN1CCc2nc(Nc3ncc(F)c(-c4cc(F)c5nc(C)n(C(C)C)c5c4)n3)ccc2C1,8.761953896871205
CHEMBL5775776,CDK6,1.73,nM,Cc1nc2c(F)cc(-c3nc(Nc4ccc5c(n4)CCN(CCN4CC=C(B(O)O)CC4)C5)ncc3F)cc2n1C(C)(C)C,8.761953896871205
CHEMBL5755607,CDK4,1.73,nM,Cc1nc2c(F)cc(-c3nc(Nc4ccc5c(n4)CCN(CCN=C(N)N)C5)ncc3F)cc2n1C(C)C,8.761953896871205
CHEMBL5775091,CDK4,1.74,nM,Cc1nc2c(F)cc(-c3nc(Nc4ccc5c(n4)CCN(CCS(C)(=O)=NC#N)C5)ncc3F)cc2n1C(C)C,8.7594507517174
CHEMBL5844694,CDK4,1.74,nM,Cc1nc2c(F)cc(-c3nc(Nc4ccc5c(n4)CCN(C(=O)CCO)C5)ncc3F)cc2n1C(C)C,8.7594507517174
CHEMBL5799961,CDK6,1.76,nM,Cc1nc2c(F)cc(-c3nc(Nc4ccc5c(n4)CCN(C(C)CN(C)C)C5)ncc3F)cc2n1C(C)(C)C,8.75448733218585
CHEMBL5775091,CDK6,1.77,nM,Cc1nc2c(F)cc(-c3nc(Nc4ccc5c(n4)CCN(CCS(C)(=O)=NC#N)C5)ncc3F)cc2n1C(C)C,8.752026733638193
CHEMBL5971879,CDK4,1.79,nM,Cc1nc2c(F)cc(-c3nc(Nc4ccc5c(n4)CCN[C@H]5C)ncc3F)cc2n1C(C)(C)C,8.747146969020108
CHEMBL5903034,CDK4,1.79,nM,Cc1nc2c(F)cc(-c3nc(Nc4ccc5c(n4)CCN(CCN(C)CB(O)O)C5)ncc3F)cc2n1C(C)C,8.747146969020108
CHEMBL4644893,CDK9,1.79,nM,C=CC(=O)Nc1ccc(C(=O)N2CCCC(C(=O)Nc3ncc(SCc4ncc(C(C)(C)C)o4)s3)C2)cc1,8.747146969020108
CHEMBL3702110,CDK4,1.8,nM,CC1(C)CCC(n2c3nc(Nc4ccc(N5CCNCC5)cn4)ncc3c3ccnc(O)c32)CC1,8.744727494896694
CHEMBL249303,CDK1,1.8,nM,CCN(CC)Cc1cccc2[nH]c(-c3n[nH]c4ncc(-c5cncc6ccccc56)cc34)nc12,8.744727494896694
CHEMBL4216534,CDK6,1.8,nM,Cc1nc2c(F)cc(-c3cc(Nc4cnc(CN5CCN(C6CCCC6)CC5)cn4)ncn3)cc2n1C(C)C,8.744727494896694
CHEMBL3702050,CDK4,1.8,nM,COCCN1CCN(c2ccc(Nc3ncc4c5ccncc5n(C5CCCC5)c4n3)nc2)CC1,8.744727494896694
CHEMBL5956134,CDK6,1.8,nM,Cc1nc2c(F)cc(-c3nc(Nc4ccc5c(n4)CCN(CC(C)(C)N)C5)ncc3F)cc2n1C(C)(C)C,8.744727494896694
CHEMBL5932825,CDK4,1.81,nM,Cc1nc2c(F)cc(-c3nc(Nc4ccc5c(n4)CCN(C(=O)CN(C)C)C5)ncc3F)cc2n1C1CC1,8.742321425130816
CHEMBL4463874,CDK6,1.82,nM,Cc1nc2c(F)cc(-c3nc(Nc4ccc5c(n4)CCN(CCN(C)CCNC(=N)N)C5)ncc3F)cc2n1C(C)C,8.739928612014925
CHEMBL5879318,CDK4,1.83,nM,CNCC(=O)N1CCc2nc(Nc3ncc(F)c(-c4cc(F)c5nc(C)n(C6CCC6)c5c4)n3)ccc2C1,8.73754891026957
CHEMBL5981008,CDK4,1.86,nM,CC(=N)NCCN1CCc2nc(Nc3ncc(F)c(-c4cc(F)c5nc(C)n(C(C)C)c5c4)n3)ccc2C1,8.730487055782083
CHEMBL5748748,CDK6,1.87,nM,CC1(C)CCc2nc3c(F)cc(-c4nc(Nc5ccc6c(n5)CCN(C(=O)CO)C6)ncc4F)cc3n21,8.7281583934635
CHEMBL5816005,CDK6,1.87,nM,Cc1nc2c(F)cc(-c3nc(Nc4ccc5c(n4)CCN(CCN4CCOCC4)C5)ncc3F)cc2n1C(C)(C)C,8.7281583934635
CHEMBL6043427,CDK6,1.89,nM,CN1CCC(COc2ccc(Nc3ncc(F)c(-c4cc(F)c5nc6n(c5c4)C(C)(C)CC6)n3)nc2)CC1,8.723538195826755
CHEMBL4079206,CDK9,1.9,nM,CN1CC[C@H](c2c(O)cc(O)c3c(=O)cc(/C=C/c4c(Cl)cccc4Cl)oc23)[C@H](O)C1,8.721246399047171
CHEMBL3301610,CDK6,1.9,nM,CCN1CCN(Cc2ccc(Nc3ncc(F)c(-c4cc(F)c5nc(C)n(C(C)C)c5c4)n3)nc2)CC1,8.721246399047171
CHEMBL3642000,CDK4,1.9,nM,C[C@H](CO)NC1CCN(c2ccc(Nc3ncc4c5ccncc5n(C5CCCC5)c4n3)nn2)CC1,8.721246399047171
CHEMBL3301610,CDK4,1.9,nM,CCN1CCN(Cc2ccc(Nc3ncc(F)c(-c4cc(F)c5nc(C)n(C(C)C)c5c4)n3)nc2)CC1,8.721246399047171
CHEMBL429142,CDK2,1.9,nM,CC(C)CC(=O)c1ccc2c(c1)/C(=C/Nc1ccc(S(N)(=O)=O)cc1)C(=O)N2,8.721246399047171
CHEMBL5979966,CDK4,1.9,nM,Cc1nc2c(F)cc(-c3nc(Nc4ccc5c(n4)CCN(CCN4CCN(C)CC4)C5)ncc3F)cc2n1C(C)(C)C,8.721246399047171
CHEMBL3702091,CDK4,1.9,nM,O[C@@H]1CCN(c2ccc(Nc3ncc4c5ccnc(F)c5n(C5CCCC5)c4n3)nc2)C1,8.721246399047171
CHEMBL3698739,CDK4,1.9,nM,N[C@@H]1CCN(c2ccc(Nc3ncc4c5ccncc5n(C5CCCC5)c4n3)nn2)C1,8.721246399047171
CHEMBL5568620,CDK9,1.9,nM,CC(C)c1c2cc(-c3ccnc(Nc4ccc5c(N6CCN(C)CC6)ncnc5c4)n3)ccc2nn1C,8.721246399047171
CHEMBL5772567,CDK4,1.91,nM,CCOP(=O)(CCN(C)CCN1CCc2nc(Nc3ncc(F)c(-c4cc(F)c5nc(C)n(C(C)(C)C)c5c4)n3)ccc2C1)OCC,8.718966632752272
CHEMBL5976517,CDK4,1.92,nM,Cc1nc2c(F)cc(-c3nc(Nc4ccc5c(n4)CCN(CC#CCN(C)C)C5)ncc3F)cc2n1C(C)C,8.71669877129645
CHEMBL6064669,CDK6,1.93,nM,CCN1CCC(c2ccc(Nc3ncc(F)c(-c4cc(F)c5nc6n(c5c4)C(C)(C)CC6)n3)nc2)CC1,8.714442690992227
CHEMBL4077071,CDK6,1.96,nM,CN1CCN(Cc2ccc(NC(=O)c3n[nH]cc3Nc3ncnc4[nH]ccc34)cc2)CC1,8.707743928643524
CHEMBL5935906,CDK4,1.96,nM,CNCCN1CCc2nc(Nc3ncc(F)c(-c4cc(F)c5nc(C)n(C6CC6)c5c4)n3)ccc2C1,8.707743928643524
CHEMBL5943083,CDK4,1.97,nM,Cc1nc2c(F)cc(-c3nc(Nc4ccc5c(n4)CCN(C(=O)CN(C)C)C5)ncc3F)cc2n1C1CCC(C)CC1,8.705533773838408
CHEMBL5979966,CDK6,1.97,nM,Cc1nc2c(F)cc(-c3nc(Nc4ccc5c(n4)CCN(CCN4CCN(C)CC4)C5)ncc3F)cc2n1C(C)(C)C,8.705533773838408
CHEMBL3298985,CDK2,2.0,nM,CC[C@@H](NC(=O)N1CCc2cnc(NC3CCOCC3)nc2C1)c1ccc(C#N)c(Cl)c1,8.698970004336019
CHEMBL3673542,CDK9,2.0,nM,O=C(CO)N1CC=C(c2cc3c(-c4cncc(OCc5cccc(F)c5)n4)ccnc3[nH]2)CC1,8.698970004336019
CHEMBL488257,CDK2,2.0,nM,CNC(=O)c1ccc(Nc2nccc(-c3cnc(C)n3C3CCCC3)n2)cc1,8.698970004336019
CHEMBL5190816,CDK9,2.0,nM,CN(C)C(=O)c1cc2cnc(Nc3ccc(-c4csc5c(=O)cc(N6CCOCC6)oc45)cc3)nc2n1C1CCCC1,8.698970004336019
CHEMBL5851484,CDK6,2.0,nM,CC(C)N1CCOc2c(F)cc(-c3nc(Nc4ccc(N5CCN(C(=O)CO)CC5)cn4)ncc3F)cc21,8.698970004336019
CHEMBL5760232,CDK6,2.0,nM,CC(C)N1CCOc2c(F)cc(-c3nc(Nc4ccc(N5CCC(N(C)C)CC5)nc4)ncc3F)cc21,8.698970004336019
CHEMBL5897019,CDK4,2.0,nM,CCN1CCC(c2ccc(Nc3ncc(F)c(-c4cc(F)c5c(c4)N(C(C)C)CCO5)n3)nc2)CC1,8.698970004336019
CHEMBL3979266,CDK9,2.0,nM,CCS(=O)(Cc1cc(F)cc(Nc2ncc(F)c(-c3ccc(F)cc3OC)n2)c1)=NC#N,8.698970004336019
CHEMBL3642032,CDK4,2.0,nM,O=C(O)CNC1CCN(c2ccc(Nc3ncc4c5ccncc5n(C5CCCC5)c4n3)nc2)CC1,8.698970004336019
CHEMBL5740706,CDK4,2.0,nM,CC(C)N1CCc2cc(Nc3ncc(F)c(-c4cc(F)c5c(c4)N(C(C)C)CCO5)n3)ccc2C1,8.698970004336019
CHEMBL454648,CDK2,2.0,nM,Cc1ncc(-c2nc(Nc3ccc(C(=O)N(C)C)c(F)c3)ncc2F)n1C(C)C,8.698970004336019
CHEMBL5917565,CDK6,2.0,nM,CC(C)N1CCOc2c(F)cc(-c3nc(Nc4ccc(N5CCNCC5)nc4)ncc3F)cc21,8.698970004336019
CHEMBL3648117,CDK2,2.0,nM,C[C@H](O)[C@@H](C)Nc1nc(Nc2ccc(S(C)(=N)=O)cc2)ncc1Br,8.698970004336019
CHEMBL5095102,CDK4,2.0,nM,CC(C)N1CCOc2c(F)cc(-c3nc(Nc4ccc(C5CCN(C)CC5)cn4)ncc3F)cc21,8.698970004336019
CHEMBL3673540,CDK9,2.0,nM,Fc1cccc(CNc2nc(-c3ccnc4[nH]c(C5CCNCC5)cc34)c(F)cc2F)c1,8.698970004336019
CHEMBL3944304,CDK9,2.0,nM,COc1cc(F)ccc1-c1nc(Nc2cccc(CS(=O)(=NC#N)C3CC3)c2)ncc1F,8.698970004336019
CHEMBL3959283,CDK9,2.0,nM,CCS(=O)(Cc1cccc(Nc2ncc(F)c(-c3ccc(F)cc3OC)n2)c1)=NC#N,8.698970004336019
CHEMBL3946675,CDK9,2.0,nM,COc1cc(F)ccc1-c1nc(Nc2cc(Br)cc(CS(C)(=N)=O)c2)ncc1F,8.698970004336019
CHEMBL3648111,CDK1,2.0,nM,COc1cc(Nc2ncc(Br)c(N[C@H](C)[C@@H](C)O)n2)ccc1S(C)(=N)=O,8.698970004336019
CHEMBL3648116,CDK2,2.0,nM,C[C@H](Nc1nc(Nc2ccc(S(C)(=N)=O)cc2)ncc1Br)C(C)(C)O,8.698970004336019
CHEMBL5851484,CDK4,2.0,nM,CC(C)N1CCOc2c(F)cc(-c3nc(Nc4ccc(N5CCN(C(=O)CO)CC5)cn4)ncc3F)cc21,8.698970004336019
CHEMBL5976864,CDK4,2.0,nM,CC(C)N1CCOc2c(F)cc(-c3nc(Nc4ccc(N5CCN(C(=O)CN(C)C)CC5)cc4)ncc3F)cc21,8.698970004336019
CHEMBL5869636,CDK6,2.0,nM,CC(C)N1CCOc2c(F)cc(-c3nc(Nc4ccc(N5CCN(C)CC5)c(F)c4)ncc3F)cc21,8.698970004336019
CHEMBL5976864,CDK6,2.0,nM,CC(C)N1CCOc2c(F)cc(-c3nc(Nc4ccc(N5CCN(C(=O)CN(C)C)CC5)cc4)ncc3F)cc21,8.698970004336019
CHEMBL3702154,CDK4,2.0,nM,CN(C)C1CCN(c2ccc(Nc3ncc4c5ccnc(F)c5n(C5CCCC5)c4n3)nn2)CC1,8.698970004336019
CHEMBL359794,CDK2,2.0,nM,N#Cc1ccc(Nc2nccc(-c3cnn4ncccc34)n2)cc1,8.698970004336019
CHEMBL3642033,CDK4,2.0,nM,O=C(O)CNC1CCN(c2ccc(Nc3ncc4c5ccncc5n(C5CCCC5)c4n3)nn2)CC1,8.698970004336019
CHEMBL4448494,CDK6,2.0,nM,Cc1nc2c(F)cc(-c3nc(Nc4ccc5c(n4)CCN(CCN(C)C)C5)ncc3F)cc2n1C(C)C,8.698970004336019
CHEMBL3702236,CDK4,2.0,nM,CC[C@H](C)n1c2cnccc2c2cnc(Nc3ccc(N4CC[C@@H](O)C4)cn3)nc21,8.698970004336019
CHEMBL4457608,CDK2,2.0,nM,O=C1Nc2ccc([N+](=O)[O-])cc2/C1=C1/Nc2ccc(O)cc2/C1=N\O,8.698970004336019
CHEMBL73303,CDK2,2.0,nM,NS(=O)(=O)c1ccc(Nc2nccc(-c3cnc4ccccn34)n2)cc1,8.698970004336019
CHEMBL3698746,CDK4,2.0,nM,NC1CCCN(c2ccc(Nc3ncc4c5ccncc5n(C5CCCC5)c4n3)nn2)C1,8.698970004336019
CHEMBL5789426,CDK4,2.0,nM,CC(C)N1CCOc2c(F)cc(-c3nc(Nc4ccc(S(=O)(=O)NCCN(C)C)cc4)ncc3F)cc21,8.698970004336019
CHEMBL3698693,CDK4,2.0,nM,C[C@H]1CN(c2ccc(Nc3ncc4c5ccncc5n(C5CCCC5)c4n3)nc2)CCN1,8.698970004336019
CHEMBL3237444,CDK4,2.0,nM,Clc1nccc2c3cnc(Nc4ccc(N5CCNCC5)cn4)nc3n(C3CCCC3)c12,8.698970004336019
CHEMBL3904602,CDK6,2.0,nM,CC(C)N1CCN(c2ccc(Nc3ncc4cc5n(c4n3)C3(CCCCC3)CNC5=O)nc2)CC1,8.698970004336019
CHEMBL3905335,CDK9,2.0,nM,COc1cc(F)ccc1-c1nc(Nc2cc(CS(C)(=N)=O)cc(C(F)(F)F)c2)ncc1F,8.698970004336019
CHEMBL5499697,CDK9,2.0,nM,N[C@H]1CCN(c2c3c(nc4ccc(-c5ccnc(NC(=O)C6CC6)c5)cc24)CCCC3)C1,8.698970004336019
CHEMBL5956531,CDK4,2.0,nM,CC(C)N1CCOc2c(F)cc(-c3nc(Nc4ccc5c(c4)CCNC5)ncc3F)cc21,8.698970004336019
CHEMBL3298199,CDK2,2.0,nM,C[C@@H](NC(=O)N1CCc2cnc(N[C@H]3CCO[C@@H](CO)C3)nc2C1)c1ccc(Cl)c(Cl)c1,8.698970004336019
CHEMBL462385,CDK2,2.0,nM,Cc1ncc(-c2nc(Nc3ccc(C(=O)NCCN(C)C)c(F)c3)ncc2F)n1C(C)C,8.698970004336019
CHEMBL462192,CDK2,2.0,nM,Cc1ncc(-c2nc(Nc3ccc(C(=O)N4CCCN(C)CC4)cc3)ncc2F)n1C(C)C,8.698970004336019
CHEMBL455657,CDK1,2.0,nM,CN[C@H]1CCN(C(=O)c2ccc(Nc3ncc(F)c(-c4cnc(C)n4C(C)C)n3)cc2)C1,8.698970004336019
CHEMBL191003,CDK2,2.0,nM,Nc1nc(Nc2ccc(S(N)(=O)=O)cc2)nn1C(=O)c1c(F)cccc1F,8.698970004336019
CHEMBL3702092,CDK4,2.0,nM,O[C@H]1CCN(c2ccc(Nc3ncc4c5ccnc(F)c5n(C5CCCC5)c4n3)nc2)C1,8.698970004336019
CHEMBL487067,CDK2,2.0,nM,Cc1ncc(-c2ccnc(Nc3ccc(C(=O)NCCO)cc3)n2)n1C(C)C,8.698970004336019
CHEMBL411887,CDK2,2.0,nM,C/C(Nc1ccc(S(N)(=O)=O)cc1)=C1/C(=O)Nc2ccc(-c3cnco3)cc21,8.698970004336019
CHEMBL194721,CDK2,2.0,nM,FC(F)(F)c1cnc(Nc2ccc3[nH]cnc3c2)nc1Nc1ccccc1Cl,8.698970004336019
CHEMBL3702034,CDK4,2.0,nM,NC1CCN(c2ccc(Nc3ncc4c5cc[nH]c(=O)c5n(C5CCCC5)c4n3)nn2)CC1,8.698970004336019
CHEMBL560817,CDK2,2.0,nM,CN1CCN(c2ccc(Nc3ncc4c(n3)-c3c(c(C(N)=O)nn3C)CC4)cc2)CC1,8.698970004336019
CHEMBL190281,CDK4,2.0,nM,O=c1c(Br)cc2cnc(Nc3ccc(N4CCNCC4)cc3)nc2n1C1CCCC1,8.698970004336019
CHEMBL5740706,CDK6,2.0,nM,CC(C)N1CCc2cc(Nc3ncc(F)c(-c4cc(F)c5c(c4)N(C(C)C)CCO5)n3)ccc2C1,8.698970004336019
CHEMBL453862,CDK2,2.0,nM,Cc1ncc(-c2nc(Nc3ccc(C(=O)N(C)C)cc3)ncc2F)n1C(C)C,8.698970004336019
CHEMBL3642019,CDK4,2.0,nM,CCNC1CCN(c2ccc(Nc3ncc4c5ccncc5n(C5CCCC5)c4n3)nc2)CC1,8.698970004336019
CHEMBL355631,CDK2,2.0,nM,COc1cc[nH]c1/C=C1\C(=O)Nc2ccc(F)c(C#C[C@@H]3CCCN3)c21,8.698970004336019
CHEMBL3648115,CDK1,2.0,nM,COc1cc(Nc2ncc(Br)c(N[C@H](C)C(C)(C)O)n2)ccc1S(C)(=N)=O,8.698970004336019
CHEMBL3973367,CDK9,2.0,nM,COc1cc(F)ccc1-c1nc(Nc2cc(F)c(F)c(CS(C)(=O)=NC#N)c2)ncc1F,8.698970004336019
CHEMBL495696,CDK2,2.0,nM,N#Cc1cccc(Nc2nccc(-c3cnn4ncccc34)n2)c1,8.698970004336019
CHEMBL259838,CDK2,2.0,nM,O=C(Nc1n[nH]c2nc(-c3ccc(O)c(Cl)c3)ccc12)C1CC1,8.698970004336019
CHEMBL260416,CDK2,2.0,nM,O=C(Nc1n[nH]c2nc(-c3ccc(O)c(Br)c3)ccc12)C1CC1,8.698970004336019
CHEMBL3673541,CDK9,2.0,nM,CNC(=O)N1CC=C(c2cc3c(-c4cncc(OCc5cccc(F)c5)n4)ccnc3[nH]2)CC1,8.698970004336019
CHEMBL3237443,CDK4,2.0,nM,Fc1nccc2c3cnc(Nc4ccc(N5CCNCC5)cn4)nc3n(C3CCCC3)c12,8.698970004336019
CHEMBL5917565,CDK4,2.0,nM,CC(C)N1CCOc2c(F)cc(-c3nc(Nc4ccc(N5CCNCC5)nc4)ncc3F)cc21,8.698970004336019
CHEMBL559845,CDK2,2.0,nM,Cn1nc(C(N)=O)c2c1-c1nc(Nc3ccccc3)ncc1CC2,8.698970004336019
CHEMBL5806403,CDK4,2.0,nM,CC(C)N1CCOc2c(F)cc(-c3nc(Nc4ccc(N5CCN(CCO)CC5)cn4)ncc3F)cc21,8.698970004336019
CHEMBL5806353,CDK6,2.0,nM,CC(C)N1CCOc2c(F)cc(-c3nc(Nc4ccc(N5CCC(N(C)C)CC5)cn4)ncc3F)cc21,8.698970004336019
CHEMBL460087,CDK2,2.0,nM,CN[C@H]1CCN(C(=O)c2ccc(Nc3nccc(-c4cnc(C)n4C(C)C)n3)cc2)C1,8.698970004336019
CHEMBL460102,CDK2,2.0,nM,Cc1ncc(-c2nc(Nc3ccc(C(=O)N4CC[C@H](N(C)C)C4)cc3)ncc2F)n1C(C)C,8.698970004336019
CHEMBL3698682,CDK4,2.0,nM,c1ccc2c(c1)c1cnc(Nc3ccc(N4CCNCC4)cc3)nc1n2C1CCCC1,8.698970004336019
CHEMBL3698681,CDK4,2.0,nM,c1ccc2c(c1)c1cnc(Nc3ccc(N4CCNCC4)cc3)nc1n2C1CCOCC1,8.698970004336019
CHEMBL5803114,CDK6,2.0,nM,CC(C)N1CCOc2c(F)cc(-c3nc(Nc4ccc(N5CCNCC5)c(F)c4)ncc3F)cc21,8.698970004336019
CHEMBL5801637,CDK4,2.0,nM,CC(C)N1CCOc2c(F)cc(-c3nc(Nc4ccc(N5CCC(N)CC5)cn4)ncc3F)cc21,8.698970004336019
CHEMBL5948506,CDK4,2.0,nM,CN(C)C1CCN(c2ccc(Nc3ncc(F)c(-c4cc(F)c5c(c4)N(C4CCCC4)CCO5)n3)cc2F)CC1,8.698970004336019
CHEMBL365847,CDK4,2.0,nM,CC(=O)c1c(C)c2cnc(Nc3ccc(N4CCNCC4)cc3)nc2n(C2CCCC2)c1=O,8.698970004336019
CHEMBL190446,CDK2,2.0,nM,C[C@H](C(=O)Nc1cc(C2CC2)[nH]n1)c1ccc(N2Cc3ccccc3C2=O)cc1,8.698970004336019
CHEMBL3545083,CDK1,2.0,nM,COCCN1CCN(Cc2ccc(-c3n[nH]c4c3C(=O)c3c(NC(=O)NN5CCOCC5)cccc3-4)cc2)CC1,8.698970004336019
CHEMBL5825661,CDK6,2.0,nM,CC(C)N1CCOc2c(F)cc(-c3nc(Nc4ccc(N5CCNCC5=O)cn4)ncc3F)cc21,8.698970004336019
CHEMBL178769,CDK2,2.0,nM,CN(C)S(=O)(=O)c1ccc(Nc2cc(N[C@H]3CC[C@H](N)CC3)nc3c(Br)cnn23)cc1Cl,8.698970004336019
CHEMBL3702085,CDK4,2.0,nM,C[C@@H]1CNCCN1c1ccc(Nc2ncc3c4ccnc(F)c4n(C4CCCC4)c3n2)nc1,8.698970004336019
CHEMBL455657,CDK2,2.0,nM,CN[C@H]1CCN(C(=O)c2ccc(Nc3ncc(F)c(-c4cnc(C)n4C(C)C)n3)cc2)C1,8.698970004336019
CHEMBL4438497,CDK4,2.0,nM,Cc1nc2c(F)cc(-c3nc(Nc4ccc5c(n4)CCN(CCN(C)C(N)=S)C5)ncc3F)cc2n1C(C)C,8.698970004336019
CHEMBL4281048,CDK9,2.0,nM,COCCN[C@H]1CC[C@H](Nc2cc(-c3csc(NCC4(C#N)CCOCC4)n3)c(Cl)cn2)CC1,8.698970004336019
CHEMBL3648115,CDK2,2.0,nM,COc1cc(Nc2ncc(Br)c(N[C@H](C)C(C)(C)O)n2)ccc1S(C)(=N)=O,8.698970004336019
CHEMBL3702091,CDK6,2.0,nM,O[C@@H]1CCN(c2ccc(Nc3ncc4c5ccnc(F)c5n(C5CCCC5)c4n3)nc2)C1,8.698970004336019
CHEMBL192216,CDK1,2.0,nM,CC(C)COc1nc(Nc2ccc3[nH]cnc3c2)ncc1C(F)(F)F,8.698970004336019
CHEMBL192602,CDK2,2.0,nM,C[C@H](C(=O)Nc1cc(C2CC2)[nH]n1)c1ccc(N2CCNC2=O)cc1,8.698970004336019
CHEMBL6020156,CDK6,2.02,nM,Cc1nc2c(F)cc(-c3nc(Nc4ccc5c(n4)CCN(C/C=N/O)C5)ncc3F)cc2n1C(C)C,8.694648630553376
CHEMBL5772567,CDK6,2.03,nM,CCOP(=O)(CCN(C)CCN1CCc2nc(Nc3ncc(F)c(-c4cc(F)c5nc(C)n(C(C)(C)C)c5c4)n3)ccc2C1)OCC,8.692503962086787
CHEMBL5834090,CDK6,2.03,nM,Cc1nc2c(F)cc(-c3nc(Nc4ccc5c(n4)CCN(CCN(C)CCO)C5)ncc3F)cc2n1C(C)(C)C,8.692503962086787
CHEMBL5813772,CDK4,2.05,nM,Cc1nc2c(F)cc(-c3nc(Nc4ccc5c(n4)CCN(C)C5)ncc3F)cc2n1C(C)C,8.688246138944246
CHEMBL5908734,CDK4,2.06,nM,Cc1nc2c(F)cc(-c3nc(Nc4ccc5c(n4)CCN(CCO)C5)ncc3F)cc2n1C(C)C,8.686132779630846
CHEMBL5834090,CDK4,2.06,nM,Cc1nc2c(F)cc(-c3nc(Nc4ccc5c(n4)CCN(CCN(C)CCO)C5)ncc3F)cc2n1C(C)(C)C,8.686132779630846
CHEMBL5834517,CDK4,2.06,nM,CC(=O)N1CCc2nc(Nc3ncc(F)c(-c4cc(F)c5nc(C)n(C(C)C)c5c4)n3)ccc2C1,8.686132779630846
CHEMBL5828906,CDK4,2.07,nM,Cc1nc2c(F)cc(-c3nc(Nc4ccc5c(n4)CCN(C[C@@H](C)N)C5)ncc3F)cc2n1C1CC1,8.684029654543082
CHEMBL5970937,CDK4,2.07,nM,CNCC(=O)N1CCc2nc(Nc3ncc(F)c(-c4cc(F)c5nc(C)n(C6CCC(C)CC6)c5c4)n3)ccc2C1,8.684029654543082
CHEMBL5905735,CDK4,2.08,nM,Cc1nc2c(F)cc(-c3nc(Nc4ccc5c(n4)CCN(C(C)C)C5)ncc3F)cc2n1C(C)C,8.681936665037238
CHEMBL6002613,CDK6,2.08,nM,Cc1nc2c(F)cc(-c3nc(Nc4ccc5c(n4)CCN(CCN4CCP(C)(=O)CC4)C5)ncc3F)cc2n1C(C)(C)C,8.681936665037238
CHEMBL5872006,CDK4,2.08,nM,Cc1nc2c(F)cc(-c3nc(Nc4ccc5c(n4)CCN(C[C@H]4CCCN4C)C5)ncc3F)cc2n1C1CC1,8.681936665037238
CHEMBL3698674,CDK4,2.1,nM,c1ccc2c(c1)c1cnc(Nc3ccc(N4CCNCC4)cn3)nc1n2C1CCCCCC1,8.67778070526608
CHEMBL271953,CDK2,2.1,nM,NS(=O)(=O)c1ccc(N/N=C2\C(=O)Nc3ccc(C(=O)NCc4cccnc4)cc32)cc1,8.67778070526608
CHEMBL3680379,CDK4,2.1,nM,C[C@H]1CC[C@H](n2c3cnccc3c3cnc(Nc4ccc5c(n4)CCNC5)nc32)CC1,8.67778070526608
CHEMBL4204030,CDK4,2.1,nM,CCN1CCN(Cc2cnc(Nc3cc(-c4cc(F)c5nc(C)n(C(C)C)c5c4)ccn3)cn2)CC1,8.67778070526608
CHEMBL3698673,CDK4,2.1,nM,c1ccc2c(c1)c1cnc(Nc3ccc(N4CCNCC4)cn3)nc1n2C1CCOCC1,8.67778070526608
CHEMBL409731,CDK2,2.1,nM,COC(=O)c1ccc2c(c1)/C(=C/Nc1ccc(S(N)(=O)=O)cc1)C(=O)N2,8.67778070526608
CHEMBL6031262,CDK6,2.11,nM,C/C(=N/O)N(C)CCN1CCc2nc(Nc3ncc(F)c(-c4cc(F)c5nc(C)n(C(C)C)c5c4)n3)ccc2C1,8.675717544702307
CHEMBL5755607,CDK6,2.11,nM,Cc1nc2c(F)cc(-c3nc(Nc4ccc5c(n4)CCN(CCN=C(N)N)C5)ncc3F)cc2n1C(C)C,8.675717544702307
CHEMBL5956134,CDK4,2.11,nM,Cc1nc2c(F)cc(-c3nc(Nc4ccc5c(n4)CCN(CC(C)(C)N)C5)ncc3F)cc2n1C(C)(C)C,8.675717544702307
CHEMBL5956743,CDK4,2.12,nM,CCS(=O)(=O)c1cc2cnc(Nc3ccc(N4CCNCC4)cn3)nc2n1C1CCCC1,8.67366413907125
CHEMBL5818702,CDK4,2.15,nM,C/C(=N/O)N(C)CCN1CCc2nc(Nc3ncc(F)c(-c4cc(F)c5nc(C)n(C(C)(C)C)c5c4)n3)ccc2C1,8.667561540084394
CHEMBL5781074,CDK4,2.18,nM,Cc1nc2c(F)cc(-c3nc(Nc4ccc5c(n4)CCNC5)ncc3F)cc2n1C1CCC1,8.661543506395395
CHEMBL3698646,CDK4,2.2,nM,CC1(C)CN(c2ccc(Nc3ncc4c5ccncc5n(C5CCCC5)c4n3)nn2)CCN1,8.657577319177793
CHEMBL4568087,CDK2,2.2,nM,Cn1cc(-c2cnc3c(-c4csc(C(=O)N[C@@H]5CCCC[C@@H]5N)c4)cnn3c2)cn1,8.657577319177793
CHEMBL269882,CDK2,2.2,nM,NS(=O)(=O)c1ccc(N/N=C2\C(=O)Nc3ccc4[nH]nc(Cl)c4c32)cc1,8.657577319177793
CHEMBL5808524,CDK1,2.2,nM,NS(=O)(=O)c1ccc(Nc2ncc3cc4n(c3n2)C2(CCCCC2)C(=O)NC4O)cc1,8.657577319177793
CHEMBL3698650,CDK4,2.2,nM,c1ccc(-n2c3cnccc3c3cnc(Nc4ccc(N5CCNCC5)cn4)nc32)cc1,8.657577319177793
CHEMBL3702049,CDK4,2.2,nM,c1cc2c3cnc(Nc4ccc(CN5CCOCC5)cn4)nc3n(C3CCCC3)c2cn1,8.657577319177793
CHEMBL3642001,CDK4,2.2,nM,OCC(CO)NC1CCN(c2ccc(Nc3ncc4c5ccncc5n(C5CCCC5)c4n3)nn2)CC1,8.657577319177793
CHEMBL4213557,CDK6,2.2,nM,Cc1nc2c(F)cc(-c3cc(Nc4cnc(CN5CCN(CC6CC6)CC5)cn4)ncn3)cc2n1C(C)C,8.657577319177793
CHEMBL3702167,CDK4,2.2,nM,O=S1(=O)CC=C(c2ccc(Nc3ncc4c5ccncc5n(C5CCCC5)c4n3)nc2)CC1,8.657577319177793
CHEMBL4216534,CDK4,2.2,nM,Cc1nc2c(F)cc(-c3cc(Nc4cnc(CN5CCN(C6CCCC6)CC5)cn4)ncn3)cc2n1C(C)C,8.657577319177793
CHEMBL3702167,CDK6,2.2,nM,O=S1(=O)CC=C(c2ccc(Nc3ncc4c5ccncc5n(C5CCCC5)c4n3)nc2)CC1,8.657577319177793
CHEMBL5568620,CDK4,2.2,nM,CC(C)c1c2cc(-c3ccnc(Nc4ccc5c(N6CCN(C)CC6)ncnc5c4)n3)ccc2nn1C,8.657577319177793
CHEMBL4449998,CDK4,2.21,nM,Cc1nc2c(F)cc(-c3nc(Nc4ccc5c(n4)CCN(CCN(C)C)C5)ncc3F)cc2n1CC1CC1,8.655607726314889
CHEMBL6017199,CDK4,2.21,nM,COC(=O)C(=O)N1CCc2nc(Nc3ncc(F)c(-c4cc(F)c5nc(C)n(C(C)C)c5c4)n3)ccc2C1,8.655607726314889
CHEMBL5886747,CDK6,2.21,nM,Cc1nc2c(F)cc(-c3nc(Nc4ccc5c(n4)CCNC5)ncc3F)cc2n1C1(C)CC1,8.655607726314889
CHEMBL6007400,CDK4,2.22,nM,Cc1nc2c(F)cc(-c3nc(Nc4ccc5c(n4)CCN(C[C@@H](C)N(C)C)C5)ncc3F)cc2n1C1CC1,8.653647025549361
CHEMBL5572638,CDK9,2.23,nM,Cl.N[C@H]1CCN(c2c3c(nc4ccc(-c5ccnc(NC(=O)C6CC6)n5)cc24)CCCC3)C1,8.65169513695184
CHEMBL6012656,CDK4,2.23,nM,Cc1nc2c(F)cc(-c3nc(Nc4ccc5c(n4)CCN(C(=O)CN4CCOCC4)C5)ncc3F)cc2n1C1CC1,8.65169513695184
CHEMBL4453095,CDK6,2.23,nM,Cc1nc2c(F)cc(-c3nc(Nc4ccc5c(n4)CCN(CCN(C)C)C5)ncc3F)cc2n1[C@H]1CC[C@H](C)CC1,8.65169513695184
CHEMBL5859057,CDK4,2.23,nM,Cc1nc2c(F)cc(-c3nc(Nc4ccc5c(n4)CCN(C(=O)CN4CCCCC4)C5)ncc3F)cc2n1C1CC1,8.65169513695184
CHEMBL5833493,CDK4,2.23,nM,Cc1nc2c(F)cc(-c3nc(Nc4ccc5c(n4)CCN(C(=O)CC(C)(C)O)C5)ncc3F)cc2n1C(C)C,8.65169513695184
CHEMBL5816005,CDK4,2.26,nM,Cc1nc2c(F)cc(-c3nc(Nc4ccc5c(n4)CCN(CCN4CCOCC4)C5)ncc3F)cc2n1C(C)(C)C,8.645891560852599
CHEMBL5775776,CDK4,2.27,nM,Cc1nc2c(F)cc(-c3nc(Nc4ccc5c(n4)CCN(CCN4CC=C(B(O)O)CC4)C5)ncc3F)cc2n1C(C)(C)C,8.643974142806877
CHEMBL4202432,CDK6,2.3,nM,Cc1nc2c(F)cc(-c3cc(Nc4cnc(CN5CCN(C(C)C)CC5)cn4)ncn3)cc2n1C(C)C,8.638272163982407
CHEMBL269827,CDK2,2.3,nM,NS(=O)(=O)c1ccc(N/N=C2\C(=O)Nc3ccc(-c4cnco4)cc32)cc1,8.638272163982407
CHEMBL521686,CDK6,2.3,nM,O=C(c1cc(Cc2n[nH]c(=O)c3ccccc23)ccc1F)N1CCN(C(=O)C2CC2)CC1,8.638272163982407
CHEMBL336242,CDK4,2.3,nM,O=C(Nc1cc(CN[C@H]2Cc3ccc(Cl)cc3C2)n[nH]1)Nc1cccc2c1[C@@H]1CCCN1C2=O,8.638272163982407
CHEMBL3698703,CDK4,2.3,nM,CC1CN(c2ccc(Nc3ncc4c5ccncc5n(C5CCCC5)c4n3)nc2)CC(C)N1,8.638272163982407
CHEMBL3698745,CDK4,2.3,nM,O=C1CN(c2ccc(Nc3ncc4c5ccncc5n(C5CCCC5)c4n3)nn2)CCN1,8.638272163982407
CHEMBL5751847,CDK6,2.31,nM,Cc1nc2c(F)cc(-c3nc(Nc4ccc5c(n4)CCN(CC(N)=NO)C5)ncc3F)cc2n1C(C)(C)C,8.636388020107855
CHEMBL5935222,CDK4,2.34,nM,COC(=O)CN1CCc2nc(Nc3ncc(F)c(-c4cc(F)c5nc(C)n(C(C)C)c5c4)n3)ccc2C1,8.630784142589857
CHEMBL5953872,CDK4,2.34,nM,COC(=O)N1CCc2nc(Nc3ncc(F)c(-c4cc(F)c5nc(C)n(C(C)C)c5c4)n3)ccc2C1,8.630784142589857
CHEMBL5947385,CDK4,2.34,nM,C=CC(=O)N1CCc2nc(Nc3ncc(F)c(-c4cc(F)c5nc(C)n(C(C)C)c5c4)n3)ccc2C1,8.630784142589857
CHEMBL4445727,CDK4,2.35,nM,CCn1c(C)nc2c(F)cc(-c3nc(Nc4ccc5c(n4)CCN(CCN(C)C)C5)ncc3F)cc21,8.628932137728263
CHEMBL5791509,CDK4,2.35,nM,Cc1nc2c(F)cc(-c3nc(Nc4ccc5c(n4)CCN(C(=O)CC4CC(O)C4)C5)ncc3F)cc2n1C1CC1,8.628932137728263
CHEMBL5899535,CDK4,2.35,nM,Cc1nc2c(F)cc(-c3nc(Nc4ccc5c(n4)CCN(C(=O)C4CC(O)C4)C5)ncc3F)cc2n1C(C)C,8.628932137728263
CHEMBL5832698,CDK4,2.36,nM,Cc1nc2c(F)cc(-c3nc(Nc4ccc5c(n4)CCN(C(=O)[C@@H](C)N(C)C)C5)ncc3F)cc2n1C1CC1,8.627087997029893
CHEMBL5826084,CDK4,2.37,nM,CN(C)C(=O)c1cc2cnc(Nc3ccc(C4=CCNCC4)cn3)nc2n1C1CCCC1,8.625251653989896
CHEMBL4213756,CDK4,2.37,nM,COCCN1CCc2nc(Nc3ncc(F)c(-c4cc(F)c5nc(C)n(C(C)C)c5c4)n3)ccc2C1,8.625251653989896
CHEMBL6004741,CDK6,2.39,nM,Cc1nc2c(F)cc(-c3nc(Nc4ccc5c(n4)CCN(CC=NO)C5)ncc3F)cc2n1C(C)C,8.621602099051863
CHEMBL6026840,CDK6,2.39,nM,Cc1nc2c(F)cc(-c3nc(Nc4ccc5c(n4)CCN(CC=NO)C5)ncc3F)cc2n1C(C)(C)C,8.621602099051863
CHEMBL3680385,CDK4,2.4,nM,CS(=O)(=O)CCN1CCc2nc(Nc3ncc4c5ccncc5n([C@H]5CC[C@H](C)CC5)c4n3)ccc2C1,8.619788758288394
CHEMBL3702101,CDK4,2.4,nM,OC[C@H]1CN(c2ccc(Nc3ncc4c5ccnc(F)c5n(C5CCCC5)c4n3)nc2)CCN1,8.619788758288394
CHEMBL5095094,CDK4,2.4,nM,CC(C)c1c2cc(-c3nc(Nc4ccc(N5CCNCC5)cn4)ncc3F)ccc2nn1C,8.619788758288394
CHEMBL4217694,CDK6,2.4,nM,CCC1CCc2nc3c(F)cc(-c4nc(Nc5ccc(CN6CCN(C)CC6)cn5)ncc4F)cc3n21,8.619788758288394
CHEMBL4207218,CDK4,2.4,nM,CCN1CCC(Cc2cnc(Nc3cc(-c4cc(F)c5nc(C)n(C(C)C)c5c4)ncn3)cn2)CC1,8.619788758288394
CHEMBL5095094,CDK6,2.4,nM,CC(C)c1c2cc(-c3nc(Nc4ccc(N5CCNCC5)cn4)ncc3F)ccc2nn1C,8.619788758288394
CHEMBL5095094,CDK2,2.4,nM,CC(C)c1c2cc(-c3nc(Nc4ccc(N5CCNCC5)cn4)ncc3F)ccc2nn1C,8.619788758288394
CHEMBL4438059,CDK6,2.41,nM,Cc1nc2c(F)cc(-c3nc(Nc4ccc5c(n4)CCN(CCN(C)C)C5)ncc3F)cc2n1C1CCCCC1,8.61798295742513
CHEMBL5416114,CDK9,2.41,nM,Cl.N[C@H]1CCN(c2c3c(nc4ccc(-c5ccnc(NC(=O)C6CC6)n5)cc24)CCCCC3)C1,8.61798295742513
CHEMBL5856237,CDK9,2.44,nM,Cc1nc2c(F)cc(-c3nc(Nc4ccc5c(n4)CCN(C(=O)[C@@H](C)N(C)C)C5)ncc3F)cc2n1C(C)C,8.61261017366127
CHEMBL5942702,CDK4,2.45,nM,C#CCN1CCc2nc(Nc3ncc(F)c(-c4cc(F)c5nc(C)n(C(C)C)c5c4)n3)ccc2C1,8.610833915635467
CHEMBL5977920,CDK6,2.46,nM,CN1CCC(Oc2ccc(Nc3ncc(F)c(-c4cc(F)c5nc6n(c5c4)C(C)(C)CC6)n3)nc2)CC1,8.60906489289662
CHEMBL5921721,CDK6,2.46,nM,Cc1nc2c(F)cc(-c3nc(Nc4ccc5c(n4)CCN(CCN(C)CC[Si](C)(C)C)C5)ncc3F)cc2n1C(C)(C)C,8.60906489289662
CHEMBL5952782,CDK4,2.47,nM,Cc1nc2c(F)cc(-c3nc(Nc4ccc5c(n4)CCN(C(=O)C4CC(N(C)C)C4)C5)ncc3F)cc2n1C(C)C,8.607303046740334
CHEMBL4077071,CDK2,2.47,nM,CN1CCN(Cc2ccc(NC(=O)c3n[nH]cc3Nc3ncnc4[nH]ccc34)cc2)CC1,8.607303046740334
CHEMBL5789444,CDK4,2.5,nM,CC(C)CN1CCOc2c(F)cc(-c3nc(Nc4ccc(C5CCN(C)CC5)cn4)ncc3F)cc21,8.602059991327963
CHEMBL3971812,CDK4,2.5,nM,OC1CCC(n2c3cnccc3c3cnc(Nc4ccc(N5CCNCC5)cn4)nc32)CC1,8.602059991327963
CHEMBL270132,CDK2,2.5,nM,NS(=O)(=O)c1ccc(N/C=C2\C(=O)Nc3ccc(-c4cnco4)cc32)cc1,8.602059991327963
CHEMBL5190816,CDK4,2.5,nM,CN(C)C(=O)c1cc2cnc(Nc3ccc(-c4csc5c(=O)cc(N6CCOCC6)oc45)cc3)nc2n1C1CCCC1,8.602059991327963
CHEMBL3702077,CDK4,2.5,nM,OCCN1CCN(c2ccc(Nc3ncc4c5ccnc(F)c5n(C5CCCC5)c4n3)nc2)CC1,8.602059991327963
CHEMBL5749487,CDK4,2.5,nM,CC(C)N1CCOc2c(F)cc(-c3nc(Nc4ccc(C5CCN(C)CC5=O)cn4)ncc3F)cc21,8.602059991327963
CHEMBL3698728,CDK4,2.5,nM,c1cc2c3cnc(Nc4ccc(NCC5CCNC5)nn4)nc3n(C3CCCC3)c2cn1,8.602059991327963
CHEMBL3698658,CDK6,2.5,nM,c1ccc2c(c1)c1cnc(Nc3ccc(N4CCNCC4)cn3)nc1n2C1CCCCC1,8.602059991327963
CHEMBL400749,CDK1,2.5,nM,CNCc1cncc(-c2cnc3[nH]nc(-c4nc5c(COC)cccc5[nH]4)c3c2)c1,8.602059991327963
CHEMBL5792947,CDK4,2.5,nM,CCN1CCOc2c(F)cc(-c3nc(Nc4ccc(N5CCNCC5)c(F)c4)ncc3F)cc21,8.602059991327963
CHEMBL3702067,CDK4,2.5,nM,CC(C)n1c2cnccc2c2cnc(Nc3ccc(N4CCC(N(C)C)CC4)nn3)nc21,8.602059991327963
CHEMBL3698684,CDK4,2.5,nM,O=C(c1csc(Nc2ncc3c4ccncc4n(C4CCCC4)c3n2)n1)N1CCNCC1,8.602059991327963
CHEMBL5965360,CDK4,2.5,nM,CC(C)N1CCOc2c(F)cc(-c3nc(Nc4cc(F)c(N5CCNCC5)cc4F)ncc3F)cc21,8.602059991327963
CHEMBL411426,CDK2,2.5,nM,CC(C)c1cccc2c1/C(=N/Nc1ccc(S(N)(=O)=O)cc1)C(=O)N2,8.602059991327963
CHEMBL424696,CDK9,2.5,nM,c1ccc(Nc2ncc(-c3ccnc(OC4CCCCC4)n3)s2)nc1,8.602059991327963
CHEMBL5977774,CDK6,2.5,nM,CC1CN(c2ccc(Nc3ncc(F)c(-c4cc(F)c5c(c4)N(C(C)C)CCO5)n3)nc2)CCN1,8.602059991327963
CHEMBL5774515,CDK4,2.52,nM,Cc1nc2c(F)cc(-c3nc(Nc4ccc5c(n4)CCN(C(=O)OCCN(C)C)C5)ncc3F)cc2n1C1CC1,8.598599459218455
CHEMBL5976927,CDK4,2.53,nM,Cc1nc2c(F)cc(-c3nc(Nc4ccc5c(n4)CCN(C(=O)C4CC(N)C4)C5)ncc3F)cc2n1C(C)C,8.596879478824182
CHEMBL5925248,CDK6,2.54,nM,Cc1nc2c(F)cc(-c3nc(Nc4ccc5c(n4)CCN(C[C@H](C)N(C)C)C5)ncc3F)cc2n1C1CC1,8.595166283380062
CHEMBL5894084,CDK4,2.54,nM,Cc1nc2c(F)cc(-c3nc(Nc4ccc5c(n4)CCN(C(=O)CN)C5)ncc3F)cc2n1C(C)C,8.595166283380062
CHEMBL5811164,CDK4,2.54,nM,Cc1nc2c(F)cc(-c3nc(Nc4ccc5c(n4)CCC(C(=O)CN)C5)ncc3F)cc2n1C(C)C,8.595166283380062
CHEMBL5950426,CDK6,2.55,nM,Cc1nc2c(F)cc(-c3nc(Nc4ccc5c(n4)CCN(C(=O)N(C)CCN(C)C)C5)ncc3F)cc2n1C1CC1,8.593459819566045
CHEMBL5970937,CDK6,2.56,nM,CNCC(=O)N1CCc2nc(Nc3ncc(F)c(-c4cc(F)c5nc(C)n(C6CCC(C)CC6)c5c4)n3)ccc2C1,8.59176003468815
CHEMBL5761239,CDK4,2.57,nM,CS(=O)(=O)c1cc2cnc(Nc3ccc(C4=CCNCC4)cn3)nc2n1C1CCCC1,8.590066876668706
CHEMBL5979303,CDK6,2.58,nM,Cc1nc2c(F)cc(-c3nc(Nc4ccc5c(n4)CCN(CCS(C)(=O)=O)C5)ncc3F)cc2n1C(C)(C)C,8.588380294036769
CHEMBL5774473,CDK6,2.58,nM,C#CCN1CCC(N2CCc3nc(Nc4ncc(F)c(-c5cc(F)c6nc(C)n(C(C)C)c6c5)n4)ccc3C2)C1,8.588380294036769
CHEMBL5760424,CDK6,2.58,nM,C#CN1CCC(N2CCc3nc(Nc4ncc(F)c(-c5cc(F)c6nc(C)n(C(C)C)c6c5)n4)ccc3C2)C1,8.588380294036769
CHEMBL3680381,CDK4,2.6,nM,C[C@H]1CC[C@H](n2c3cnccc3c3cnc(Nc4ccc5c(n4)CCN(CCO)C5)nc32)CC1,8.585026652029182
CHEMBL3698649,CDK6,2.6,nM,CN(C)C1CCN(c2ccc(Nc3ncc4c5ccncc5n(C5CCCC5)c4n3)nn2)CC1,8.585026652029182
CHEMBL3641972,CDK4,2.6,nM,C[C@H](O)Cn1c2cnccc2c2cnc(Nc3ccc(N4CC[C@@H](O)C4)nn3)nc21,8.585026652029182
CHEMBL3702107,CDK4,2.6,nM,CN(C)C1CCN(c2ccc(Nc3ncc4c5ccncc5n(C5CCC(C)(C)CC5)c4n3)cn2)CC1,8.585026652029182
CHEMBL3698733,CDK6,2.6,nM,OCC1CCN(c2ccc(Nc3ncc4c5ccncc5n(C5CCCC5)c4n3)nn2)CC1,8.585026652029182
CHEMBL3702049,CDK6,2.6,nM,c1cc2c3cnc(Nc4ccc(CN5CCOCC5)cn4)nc3n(C3CCCC3)c2cn1,8.585026652029182
CHEMBL4777981,CDK9,2.6,nM,COc1ccc(F)cc1-c1c(F)cnc2[nH]c(C3=CCN([C@H]4CC[C@H](C(=O)O)CC4)CC3)cc12,8.585026652029182
CHEMBL3698713,CDK4,2.6,nM,NC1CCN(c2cnc(Nc3ncc4c5ccncc5n(C5CCCC5)c4n3)cn2)CC1,8.585026652029182
CHEMBL3702186,CDK4,2.6,nM,CCN(CC)C1CCN(c2ccc(Nc3ncc4c5ccnc(OC)c5n(C5CCCC5)c4n3)nc2)CC1,8.585026652029182
CHEMBL3642030,CDK4,2.6,nM,C[C@@H](CO)NC1CCN(c2ccc(Nc3ncc4c5ccncc5n(C5CCCC5)c4n3)nc2)CC1,8.585026652029182
CHEMBL3698675,CDK6,2.6,nM,c1cc2c3cnc(Nc4ccc(N5CCNCC5)cc4)nc3n(C3CC4CCC3C4)c2cn1,8.585026652029182
CHEMBL4207796,CDK6,2.67,nM,Cc1nc2c(F)cc(-c3nc(Nc4ccc5c(n4)CCN(CCF)C5)ncc3F)cc2n1C(C)C,8.573488738635424
CHEMBL5976517,CDK6,2.69,nM,Cc1nc2c(F)cc(-c3nc(Nc4ccc5c(n4)CCN(CC#CCN(C)C)C5)ncc3F)cc2n1C(C)C,8.570247719997592
CHEMBL3698676,CDK4,2.7,nM,N#Cc1ccc2c3cnc(Nc4ccc(N5CCNCC5)cn4)nc3n(C3CCCC3)c2c1,8.568636235841012
CHEMBL4208504,CDK6,2.7,nM,CCN1CCN(Cc2cnc(Nc3cc(-c4cc(F)c5nc(C)n(C(C)C)c5c4)ncn3)cn2)CC1,8.568636235841012
CHEMBL3702128,CDK6,2.7,nM,O=C1CNCCN1Cc1ccc(Nc2ncc3c4ccncc4n(C4CCCC4)c3n2)nc1,8.568636235841012
CHEMBL5950277,CDK4,2.71,nM,Cc1nc2c(F)cc(-c3nc(Nc4ccc5c(n4)CCN(C(=O)NCCO)C5)ncc3F)cc2n1C1CC1,8.567030709125595
CHEMBL5915046,CDK6,2.72,nM,CC1(C)CCc2nc3c(F)cc(-c4nc(Nc5ccc(OC6CCN(CCO)CC6)cn5)ncc4F)cc3n21,8.5654310959658
CHEMBL5832188,CDK4,2.75,nM,Cc1nc2c(F)cc(-c3nc(Nc4ccc5c(n4)CCN(C(=O)CN(C)C)C5)ncc3F)cc2n1C1CCCCC1,8.560667306169737
CHEMBL3702093,CDK6,2.8,nM,OCC1CCN(c2ccc(Nc3ncc4c5ccnc(F)c5n(C5CCCC5)c4n3)nc2)CC1,8.55284196865778
CHEMBL271595,CDK2,2.8,nM,NS(=O)(=O)c1ccc(N/C=C2\C(=O)Nc3ccc4ncsc4c32)cc1,8.55284196865778
CHEMBL3702060,CDK6,2.8,nM,CN(C)C1CCN(c2ccc(Nc3ncc4c5ccnc(Cl)c5n(C5CCCC5)c4n3)nc2)CC1,8.55284196865778
CHEMBL5568620,CDK2,2.8,nM,CC(C)c1c2cc(-c3ccnc(Nc4ccc5c(N6CCN(C)CC6)ncnc5c4)n3)ccc2nn1C,8.55284196865778
CHEMBL3642003,CDK4,2.8,nM,c1cc2c3cnc(Nc4ccc(N5CCC(N6CCOCC6)CC5)nn4)nc3n(C3CCCC3)c2cn1,8.55284196865778
CHEMBL1794055,CDK2,2.8,nM,NS(=O)(=O)c1ccc(NC=C2C(=O)Nc3ccc4ncsc4c32)cc1,8.55284196865778
CHEMBL3698695,CDK4,2.8,nM,c1cc2c3cnc(Nc4ccc(N[C@H]5CCNC5)cn4)nc3n(C3CCCC3)c2cn1,8.55284196865778
CHEMBL410883,CDK1,2.8,nM,NC(=O)c1ccc2c(c1)/C(=N/Nc1ccc(S(N)(=O)=O)cc1)C(=O)N2,8.55284196865778
CHEMBL3702183,CDK4,2.8,nM,CCN(CC)C1CCN(c2ccc(Nc3ncc4c5ccnc(O)c5n(C5CCCC5)c4n3)nn2)CC1,8.55284196865778
CHEMBL5976683,CDK6,2.82,nM,Cc1nc2c(F)cc(-c3nc(Nc4ccc5c(n4)CCN(C(=O)NCCN(C)C)C5)ncc3F)cc2n1C(C)C,8.549750891680638
CHEMBL5879318,CDK6,2.88,nM,CNCC(=O)N1CCc2nc(Nc3ncc(F)c(-c4cc(F)c5nc(C)n(C6CCC6)c5c4)n3)ccc2C1,8.540607512240769
CHEMBL5941698,CDK4,2.88,nM,C=C(CN1CCN(C)CC1)N1CCc2nc(Nc3ncc(F)c(-c4cc(F)c5nc(C)n(C6CCCC6)c5c4)n3)ccc2C1,8.540607512240769
CHEMBL4206061,CDK4,2.88,nM,Cc1nc2c(F)cc(-c3nc(Nc4ccc5c(n4)CCN(C(=O)CN4CCN(C)CC4)C5)ncc3F)cc2n1C(C)C,8.540607512240769
CHEMBL3698639,CDK6,2.9,nM,c1cc2c3cnc(Nc4ccc(N5CCNCC5)cc4)nc3n(C3CCCC3)c2cn1,8.537602002101044
CHEMBL4208198,CDK4,2.9,nM,CCN1CCN(Cc2ccc(Nc3cc(-c4cc(F)c5nc(C)n(C(C)C)c5c4)ccn3)nc2)CC1,8.537602002101044
CHEMBL3702218,CDK4,2.9,nM,CC[C@@H](C)n1c2cnccc2c2cnc(Nc3ccc(N4CCC(NC)CC4)nn3)nc21,8.537602002101044
CHEMBL4208198,CDK6,2.9,nM,CCN1CCN(Cc2ccc(Nc3cc(-c4cc(F)c5nc(C)n(C(C)C)c5c4)ccn3)nc2)CC1,8.537602002101044
CHEMBL5558178,CDK9,2.9,nM,CC(C)n1nnc2ccc(-c3ccnc(Nc4cc(C(=O)N5CCCN(C)CC5)ccn4)c3)cc21,8.537602002101044
CHEMBL5971879,CDK6,2.9,nM,Cc1nc2c(F)cc(-c3nc(Nc4ccc5c(n4)CCN[C@H]5C)ncc3F)cc2n1C(C)(C)C,8.537602002101044
CHEMBL5903034,CDK6,2.9,nM,Cc1nc2c(F)cc(-c3nc(Nc4ccc5c(n4)CCN(CCN(C)CB(O)O)C5)ncc3F)cc2n1C(C)C,8.537602002101044
CHEMBL4207218,CDK6,2.9,nM,CCN1CCC(Cc2cnc(Nc3cc(-c4cc(F)c5nc(C)n(C(C)C)c5c4)ncn3)cn2)CC1,8.537602002101044
CHEMBL4213557,CDK4,2.9,nM,Cc1nc2c(F)cc(-c3cc(Nc4cnc(CN5CCN(CC6CC6)CC5)cn4)ncn3)cc2n1C(C)C,8.537602002101044
CHEMBL3702093,CDK4,2.9,nM,OCC1CCN(c2ccc(Nc3ncc4c5ccnc(F)c5n(C5CCCC5)c4n3)nc2)CC1,8.537602002101044
CHEMBL5765852,CDK6,2.9,nM,CCN1CCC(COc2ccc(Nc3cc(-c4cc(F)c5nc6n(c5c4)C(C)(C)CC6)c(F)cn3)nc2)CC1,8.537602002101044
CHEMBL4213219,CDK4,2.93,nM,Cc1nc2c(F)cc(-c3nc(Nc4ccc5c(n4)CCN(C(=O)CO)C5)ncc3F)cc2n1C(C)C,8.53313237964589
CHEMBL5870326,CDK4,2.94,nM,Cc1nc2c(F)cc(-c3nc(Nc4ccc5c(n4)CCN(C(=O)NCCN(C)C)C5)ncc3F)cc2n1C1CC1,8.531652669587842
CHEMBL5873158,CDK6,2.97,nM,Cc1nc2c(F)cc(-c3nc(Nc4ccc5c(n4)CCNC5)ncc3F)cc2n1C(C)(C)C,8.527243550682787
CHEMBL5845923,CDK6,2.99,nM,CCOP(=O)(OCC)C1(O)CCN(CCN2CCc3nc(Nc4ncc(F)c(-c5cc(F)c6nc(C)n(C(C)(C)C)c6c5)n4)ccc3C2)C1,8.52432881167557
CHEMBL269883,CDK2,3.0,nM,CC(C)COC(=O)c1ccc2c(c1)/C(=C/Nc1ccc(S(N)(=O)=O)cc1)C(=O)N2,8.522878745280337
CHEMBL3702059,CDK4,3.0,nM,O=C(CO)N1CCN(c2ccc(Nc3ncc4c5ccncc5n(C5CCCC5)c4n3)nc2)CC1,8.522878745280337
CHEMBL3644026,CDK2,3.0,nM,C[C@@H](O)[C@@H](C)Oc1nc(Nc2ccc(S(=O)(=O)CCO)cc2)ncc1C(F)(F)F,8.522878745280337
CHEMBL3691579,CDK4,3.0,nM,CN(C)C(=O)c1cc2cnc(Nc3ccc(C(=O)N4CC5CCC(C4)N5)cn3)nc2n1[C@@H]1C[C@H]2CC[C@@H]1C2,8.522878745280337
CHEMBL4644434,CDK2,3.0,nM,CC(C)c1cnn2c(NCc3ccccc3)cc(N[C@@H](CO)[C@@H](O)CO)nc12,8.522878745280337
CHEMBL3960677,CDK9,3.0,nM,COc1cc(CS(C)(=N)=O)cc(Nc2ncc(F)c(-c3ccc(F)cc3OC)n2)c1,8.522878745280337
CHEMBL3691596,CDK4,3.0,nM,CN(C)C(=O)c1cc2cnc(Nc3ccc(C(=O)N4CC5CCC(C4)N5)cn3)nc2n1-c1cccc(C(C)(C)C)c1,8.522878745280337
CHEMBL188938,CDK2,3.0,nM,O=[N+]([O-])c1ccc(Nc2nccc(-c3cnn4ncccc34)n2)cc1,8.522878745280337
CHEMBL2163996,CDK2,3.0,nM,N[C@H]1CC[C@H](Nc2cc(Nc3ccc(F)c(Cl)c3)n3ncc(Cl)c3n2)CC1,8.522878745280337
CHEMBL5943509,CDK4,3.0,nM,CC(C)N1CCOc2c(F)cc(-c3nc(Nc4cc(F)c(C5CCNCC5)cn4)ncc3F)cc21,8.522878745280337
CHEMBL5951978,CDK6,3.0,nM,CC(C)N1CCOc2c(F)cc(-c3nc(Nc4ccc5c(c4)CN(C(=O)CN(C)C)CC5)ncc3F)cc21,8.522878745280337
CHEMBL5943509,CDK6,3.0,nM,CC(C)N1CCOc2c(F)cc(-c3nc(Nc4cc(F)c(C5CCNCC5)cn4)ncc3F)cc21,8.522878745280337
CHEMBL4756595,CDK9,3.0,nM,COc1cc(F)ccc1-c1cc(Nc2cc(CS(C)(=N)=O)ccn2)ncc1F,8.522878745280337
CHEMBL3691595,CDK4,3.0,nM,CN(C)C(=O)c1cc2cnc(Nc3ccc(C(=O)N4CC5CCC(C4)N5)cn3)nc2n1-c1ccc(C(C)(C)C)cc1,8.522878745280337
CHEMBL311464,CDK2,3.0,nM,NCCSc1cc(-c2ccc[nH]2)c2c3c(ccc(F)c13)NC2=O,8.522878745280337
CHEMBL3702066,CDK4,3.0,nM,CC(C)n1c2cnccc2c2cnc(Nc3ccc(N4CCNCC4)cn3)nc21,8.522878745280337
CHEMBL1944698,CDK1,3.0,nM,CN1C/C=C/CCOc2cccc(c2)-c2ccnc(n2)Nc2cccc(c2)C1,8.522878745280337
CHEMBL3691608,CDK4,3.0,nM,CN(C)C(=O)c1cc2cnc(Nc3ccc(C(=O)N4CC5CC4CN5)cn3)nc2n1C1CCCCC1,8.522878745280337
CHEMBL5266005,CDK1,3.0,nM,CCc1cnn2c(NCc3ccc[n+]([O-])c3)cc(N3CCCC[C@@H]3CCO)nc12,8.522878745280337
CHEMBL1944698,CDK9,3.0,nM,CN1C/C=C/CCOc2cccc(c2)-c2ccnc(n2)Nc2cccc(c2)C1,8.522878745280337
CHEMBL3698708,CDK4,3.0,nM,CNC1CCN(c2ccc(Nc3ncc4c5ccncc5n(C5CCCC5)c4n3)nn2)CC1,8.522878745280337
CHEMBL193922,CDK1,3.0,nM,FC(F)(F)c1cnc(Nc2ccc3[nH]cnc3c2)nc1Nc1cccc(Cl)c1,8.522878745280337
CHEMBL3702129,CDK4,3.0,nM,O=S(=O)(c1ccc(Nc2ncc3c4ccncc4n(C4CCCC4)c3n2)nc1)N1CCNCC1,8.522878745280337
CHEMBL3684993,CDK4,3.0,nM,CCN(CC)CC(=O)N1CCc2nc(Nc3ncc4c5ccncc5n([C@H]5CC[C@H](C)CC5)c4n3)ccc2C1,8.522878745280337
CHEMBL497564,CDK2,3.0,nM,c1cc(Nc2nccc(-c3cnn4ncccc34)n2)cc(-c2cocn2)c1,8.522878745280337
CHEMBL508129,CDK2,3.0,nM,CNC(=O)c1ccc(Nc2nccc(-c3cnc(C)n3C(C)C)n2)cc1,8.522878745280337
CHEMBL518383,CDK2,3.0,nM,O=C(Nc1ccc(F)cc1)c1n[nH]cc1NC(=O)c1c(F)cccc1F,8.522878745280337
CHEMBL1234833,CDK2,3.0,nM,CC(C)c1cnn2c(NCc3ccccc3)cc(N[C@@H](CO)[C@H](O)CO)nc12,8.522878745280337
CHEMBL3648112,CDK2,3.0,nM,COc1cc(Nc2ncc(Br)c(N[C@H](C)[C@H](C)O)n2)ccc1S(C)(=N)=O,8.522878745280337
CHEMBL3702127,CDK6,3.0,nM,O=C1CN(Cc2ccc(Nc3ncc4c5ccncc5n(C5CCCC5)c4n3)nc2)CCN1,8.522878745280337
CHEMBL453629,CDK2,3.0,nM,Cc1ncc(-c2ccnc(Nc3ccc(C(=O)NCCN(C)C)c(F)c3)n2)n1C(C)C,8.522878745280337
CHEMBL3673434,CDK9,3.0,nM,COc1cc(F)ccc1-c1ccnc(NC(=O)[C@H]2CCC[C@@H](NC(C)=O)C2)c1,8.522878745280337
CHEMBL2029900,CDK1,3.0,nM,CN1CCN(C(=O)c2cc(Nc3ncc4cc(/C=N/O)n(C5CCCC5)c4n3)cn2C)CC1,8.522878745280337
CHEMBL3648109,CDK2,3.0,nM,C[C@@H](O)[C@@H](C)Nc1nc(Nc2ccc(S(=N)(=O)CCO)cc2)ncc1Br,8.522878745280337
CHEMBL3545083,CDK2,3.0,nM,COCCN1CCN(Cc2ccc(-c3n[nH]c4c3C(=O)c3c(NC(=O)NN5CCOCC5)cccc3-4)cc2)CC1,8.522878745280337
CHEMBL453655,CDK2,3.0,nM,CNC(=O)c1ccc(Nc2ncc(F)c(-c3cnc(C)n3C(C)C)n2)cc1,8.522878745280337
CHEMBL4292930,CDK1,3.0,nM,Cc1cnn2c(NCc3ccc[n+]([O-])c3)cc(N3CCCC[C@@H]3CCO)nc12,8.522878745280337
CHEMBL488084,CDK2,3.0,nM,Cc1ncc(-c2ccnc(Nc3ccc(C(N)=O)cc3)n2)n1C(C)C,8.522878745280337
CHEMBL3648109,CDK1,3.0,nM,C[C@@H](O)[C@@H](C)Nc1nc(Nc2ccc(S(=N)(=O)CCO)cc2)ncc1Br,8.522878745280337
CHEMBL5207533,CDK4,3.0,nM,C[C@H]1CC[C@@H](n2c3cnccc3c3cnc(Nc4ccc5c(n4)CCN(C(=O)CO)C5)nc32)CC1,8.522878745280337
CHEMBL490481,CDK2,3.0,nM,O=C(Cc1ccc(Cc2cccs2)cc1)Nc1cc(C2CC2)[nH]n1,8.522878745280337
CHEMBL5792947,CDK6,3.0,nM,CCN1CCOc2c(F)cc(-c3nc(Nc4ccc(N5CCNCC5)c(F)c4)ncc3F)cc21,8.522878745280337
CHEMBL4762845,CDK9,3.0,nM,COc1cc(F)ccc1-c1cc(Nc2cc(C[S@@](C)(=N)=O)ccn2)ncc1F,8.522878745280337
CHEMBL400569,CDK1,3.0,nM,CCNCc1cncc(-c2cnc3[nH]nc(-c4nc5cc(N6CCN(C)CC6)ccc5[nH]4)c3c2)c1,8.522878745280337
CHEMBL3960348,CDK9,3.0,nM,COc1cc(F)ccc1-c1nc(Nc2cccc(CS(C)(=O)=NC#N)c2)ncc1F,8.522878745280337
CHEMBL5878959,CDK4,3.0,nM,Fc1cnc(Nc2ccc(N3CCNCC3)cn2)nc1-c1cc(F)c2c(c1)NCCO2,8.522878745280337
CHEMBL478407,CDK2,3.0,nM,Cc1ncc(-c2ccnc(Nc3ccc(F)cc3)n2)n1C(C)C,8.522878745280337
CHEMBL6052625,CDK4,3.0,nM,CN1CCOc2c(F)cc(-c3nc(Nc4ccc(N5CCNCC5)c(F)c4)ncc3F)cc21,8.522878745280337
CHEMBL3691660,CDK4,3.0,nM,CN(C)C(=O)c1cc2cnc(Nc3ccc(N4C[C@H]5CC[C@@H](CC4=O)N5)cn3)nc2n1C1CCCC1,8.522878745280337
CHEMBL5932557,CDK4,3.0,nM,CC(C)N1CCOc2c(F)cc(-c3nc(Nc4ccc(C5CCN(C(=O)CO)CC5)cn4)ncc3F)cc21,8.522878745280337
CHEMBL5171657,CDK1,3.0,nM,CCc1cnn2c(NCc3ccc[n+]([O-])c3)cc(C3CCCC[C@H]3CCO)nc12,8.522878745280337
CHEMBL3932396,CDK9,3.0,nM,COCCOC(=O)N=S(C)(=O)Cc1cc(F)cc(Nc2ncc(F)c(-c3ccc(F)cc3OC)n2)c1,8.522878745280337
CHEMBL3644026,CDK1,3.0,nM,C[C@@H](O)[C@@H](C)Oc1nc(Nc2ccc(S(=O)(=O)CCO)cc2)ncc1C(F)(F)F,8.522878745280337
CHEMBL5789634,CDK9,3.0,nM,COC1CCn2ncc(-c3cc(NC(=O)[C@H]4CCC[C@@H](NC(C)=O)C4)ncc3Cl)c2C1,8.522878745280337
CHEMBL477785,CDK2,3.0,nM,Cc1ncc(-c2ccnc(Nc3ccc(N4CCN(S(=O)(=O)CCN(C)C)CC4)cc3)n2)n1C(C)C,8.522878745280337
CHEMBL3691620,CDK4,3.0,nM,CN(C)C(=O)c1cc2cnc(Nc3ccc(N4C[C@H]5CNC[C@H]5C4=O)cn3)nc2n1C1CCCCCC1,8.522878745280337
CHEMBL455195,CDK2,3.0,nM,CCC1CC(C(=O)Nc2ncc(SCc3ncc(C(C)(C)C)o3)s2)CCN1,8.522878745280337
CHEMBL3691626,CDK4,3.0,nM,CN(C)C(=O)c1cc2cnc(Nc3ccc(N4C[C@@H]5CNC[C@@H]5CC4=O)cn3)nc2n1C1CCCCCC1,8.522878745280337
CHEMBL6005062,CDK4,3.0,nM,Fc1cnc(Nc2ccc3c(n2)CCNC3)nc1-c1cc(F)c2c(c1)N(C1CCC1)CCO2,8.522878745280337
CHEMBL6009824,CDK4,3.0,nM,CC(C)N1CCOc2c(F)cc(-c3nc(Nc4ccc(C5CCN(C)CC5)c(F)n4)ncc3F)cc21,8.522878745280337
CHEMBL5999532,CDK6,3.0,nM,CC(C)N1CCOc2c(F)cc(-c3nc(Nc4ccc(C5CCN(C)C5)cn4)ncc3F)cc21,8.522878745280337
CHEMBL401303,CDK2,3.0,nM,Clc1ccccc1-c1cc(NCc2cccnc2)n2ncc(Br)c2n1,8.522878745280337
CHEMBL3648110,CDK2,3.0,nM,C[C@H](O)[C@@H](C)Nc1nc(Nc2ccc(S(=N)(=O)CCO)cc2)ncc1Br,8.522878745280337
CHEMBL5916510,CDK6,3.0,nM,CC(C)N1CCOc2c(F)cc(-c3nc(Nc4ccc(C(N)=O)c(F)c4)ncc3F)cc21,8.522878745280337
CHEMBL3648112,CDK1,3.0,nM,COc1cc(Nc2ncc(Br)c(N[C@H](C)[C@H](C)O)n2)ccc1S(C)(=N)=O,8.522878745280337
CHEMBL5977417,CDK9,3.0,nM,O=C(Nc1cc(-c2cnn3c2CCCC3)c(Cl)cn1)[C@H]1C[C@@H](O)C1,8.522878745280337
CHEMBL354634,CDK2,3.0,nM,COc1cc[nH]c1/C=C1\C(=O)Nc2ccc(F)c(C#C[C@@H](O)[C@@H](N)[C@@H](C)O)c21,8.522878745280337
CHEMBL3953160,CDK9,3.0,nM,COc1cc(F)ccc1-c1nc(Nc2cc(C)cc(CS(C)(=O)=NC#N)c2)ncc1F,8.522878745280337
CHEMBL5845923,CDK4,3.06,nM,CCOP(=O)(OCC)C1(O)CCN(CCN2CCc3nc(Nc4ncc(F)c(-c5cc(F)c6nc(C)n(C(C)(C)C)c6c5)n4)ccc3C2)C1,8.51427857351842
CHEMBL5784667,CDK4,3.08,nM,Cc1nc2c(F)cc(-c3nc(Nc4ccc5c(n4)CCN(C(=O)C(C)N(C)C)C5)ncc3F)cc2n1C(C)C,8.511449283499555
CHEMBL4214898,CDK4,3.1,nM,CCN1CCN(Cc2ccc(Nc3cc(-c4cc(F)c5nc(C)n(C(C)C)c5c4)ncn3)nc2)CC1,8.508638306165727
CHEMBL3702168,CDK4,3.1,nM,Oc1ccc(-c2ccc(Nc3ncc4c5ccncc5n(C5CCCC5)c4n3)nn2)cn1,8.508638306165727
CHEMBL3642019,CDK6,3.1,nM,CCNC1CCN(c2ccc(Nc3ncc4c5ccncc5n(C5CCCC5)c4n3)nc2)CC1,8.508638306165727
CHEMBL3698732,CDK4,3.1,nM,OC1CCN(c2ccc(Nc3ncc4c5ccncc5n(C5CCCC5)c4n3)nn2)CC1,8.508638306165727
CHEMBL3698723,CDK4,3.1,nM,O=S1(=O)CCC(Nc2ccc(Nc3ncc4c5ccncc5n(C5CCCC5)c4n3)nn2)C1,8.508638306165727
CHEMBL3698647,CDK4,3.1,nM,NC1CCN(c2ccc(Nc3ncc4c5ccncc5n(C5CCCC5)c4n3)nc2)CC1,8.508638306165727
CHEMBL3702129,CDK6,3.1,nM,O=S(=O)(c1ccc(Nc2ncc3c4ccncc4n(C4CCCC4)c3n2)nc1)N1CCNCC1,8.508638306165727
CHEMBL3698674,CDK6,3.1,nM,c1ccc2c(c1)c1cnc(Nc3ccc(N4CCNCC4)cn3)nc1n2C1CCCCCC1,8.508638306165727
CHEMBL5754925,CDK4,3.14,nM,Cc1nc2c(F)cc(-c3nc(Nc4ccc5c(n4)CCN(C[C@@H](O)CN(C)C)C5)ncc3F)cc2n1C1CC1,8.503070351926786
CHEMBL5874515,CDK4,3.14,nM,Cc1nc2c(F)cc(-c3nc(Nc4ccc5c(n4)CCN(C(=O)[C@@H]4CCCN4C)C5)ncc3F)cc2n1C1CC1,8.503070351926786
CHEMBL5872006,CDK6,3.15,nM,Cc1nc2c(F)cc(-c3nc(Nc4ccc5c(n4)CCN(C[C@H]4CCCN4C)C5)ncc3F)cc2n1C1CC1,8.5016894462104
CHEMBL5828906,CDK6,3.15,nM,Cc1nc2c(F)cc(-c3nc(Nc4ccc5c(n4)CCN(C[C@@H](C)N)C5)ncc3F)cc2n1C1CC1,8.5016894462104
CHEMBL5964401,CDK6,3.16,nM,CCC(CC)n1c(C)nc2c(F)cc(-c3nc(Nc4ccc5c(n4)CCNC5)ncc3F)cc21,8.500312917381596
CHEMBL4641226,CDK9,3.16,nM,C=CC(=O)N1CCC(C(=O)Nc2ncc(SCc3ncc(C(C)(C)C)o3)s2)CC1,8.500312917381596
CHEMBL3702153,CDK4,3.2,nM,CN1CCOC2(CCN(c3ccc(Nc4ncc5c6ccncc6n(C6CCCC6)c5n4)nn3)CC2)C1,8.494850021680094
CHEMBL3702128,CDK4,3.2,nM,O=C1CNCCN1Cc1ccc(Nc2ncc3c4ccncc4n(C4CCCC4)c3n2)nc1,8.494850021680094
CHEMBL3237442,CDK4,3.2,nM,c1cc2c3cnc(Nc4ccc(N5CCNCC5)cn4)nc3n(C3CCCC3)c2cn1,8.494850021680094
CHEMBL5789562,CDK4,3.2,nM,Cc1nc2c(F)cc(-c3nc(Nc4ccc5c(n4)CCN(C(=O)[C@H]4CCCN4C)C5)ncc3F)cc2n1C1CC1,8.494850021680094
CHEMBL5858807,CDK4,3.2,nM,CC(C)N1CCOc2c(F)cc(-c3nc(Nc4cnn(C5CCNCC5)c4)ncc3F)cc21,8.494850021680094
CHEMBL5976683,CDK4,3.21,nM,Cc1nc2c(F)cc(-c3nc(Nc4ccc5c(n4)CCN(C(=O)NCCN(C)C)C5)ncc3F)cc2n1C(C)C,8.493494967595128
CHEMBL5865665,CDK6,3.21,nM,Cc1nc2c(F)cc(-c3nc(Nc4ccc5c(n4)CCNC5)ncc3F)cc2n1C(C)C1CC1,8.493494967595128
CHEMBL5935906,CDK6,3.25,nM,CNCCN1CCc2nc(Nc3ncc(F)c(-c4cc(F)c5nc(C)n(C6CC6)c5c4)n3)ccc2C1,8.488116639021126
CHEMBL6047483,CDK4,3.26,nM,Cc1nc2c(O)cc(-c3nc(Nc4ccc5c(n4)CCN(C(=O)CN(C)C)C5)ncc3F)cc2n1C1CC1,8.48678239993206
CHEMBL3702133,CDK4,3.3,nM,c1cc2c3cnc(Nc4ccc(N5CCC6(CCCN6)CC5)cn4)nc3n(C3CCCC3)c2cn1,8.481486060122112
CHEMBL3698734,CDK4,3.3,nM,O[C@@H]1CCCN(c2ccc(Nc3ncc4c5ccncc5n(C5CCCC5)c4n3)nn2)C1,8.481486060122112
CHEMBL3702122,CDK6,3.3,nM,O=C(O)CN1CCN(Cc2ccc(Nc3ncc4c5ccncc5n(C5CCCC5)c4n3)nc2)CC1,8.481486060122112
CHEMBL5557384,CDK9,3.3,nM,CC(C)N1CCN(C(=O)c2ccnc(Nc3cc(-c4ccc5nnn(C(C)C)c5c4)ccn3)c2)CC1,8.481486060122112
CHEMBL5190816,CDK6,3.3,nM,CN(C)C(=O)c1cc2cnc(Nc3ccc(-c4csc5c(=O)cc(N6CCOCC6)oc45)cc3)nc2n1C1CCCC1,8.481486060122112
CHEMBL5633272,CDK9,3.3,nM,COc1cc(O)c2c(=O)cc(-c3ccc(N4CCN(CC5CCN(c6ccc7c(c6)C(=O)N(C6CCC(=O)NC6=O)C7=O)CC5)CC4)cc3)oc2c1C1=CCN(C)CC1,8.481486060122112
CHEMBL1964255,CDK2,3.3,nM,N=C(N)NS(=O)(=O)c1ccc(N/C=C2\C(=O)Nc3ccc4ncsc4c32)cc1,8.481486060122112
CHEMBL4075720,CDK6,3.33,nM,CN1CCN(Cc2ccc(NC(=O)c3n[nH]cc3Nc3ncnc4sccc34)cc2)CC1,8.47755576649368
CHEMBL5774696,CDK6,3.34,nM,Cc1nc2c(F)cc(-c3nc(Nc4ccc5c(n4)CCN(C[C@H](C)N)C5)ncc3F)cc2n1C1CC1,8.476253533188435
CHEMBL5894670,CDK4,3.36,nM,Cc1nc2c(F)cc(-c3nc(Nc4ccc5c(n4)CCN(C(=O)NCCO)C5)ncc3F)cc2n1C(C)C,8.473660722610155
CHEMBL5972036,CDK4,3.37,nM,C#CCN1CCCC1CN1CCc2nc(Nc3ncc(F)c(-c4cc(F)c5nc(C)n(C(C)C)c5c4)n3)ccc2C1,8.47237009912866
CHEMBL5859057,CDK6,3.38,nM,Cc1nc2c(F)cc(-c3nc(Nc4ccc5c(n4)CCN(C(=O)CN4CCCCC4)C5)ncc3F)cc2n1C1CC1,8.471083299722345
CHEMBL6012656,CDK6,3.38,nM,Cc1nc2c(F)cc(-c3nc(Nc4ccc5c(n4)CCN(C(=O)CN4CCOCC4)C5)ncc3F)cc2n1C1CC1,8.471083299722345
CHEMBL215803,CDK2,3.4,nM,C[C@@H]1C[C@H]2CN1CCn1nc3c(cccc3c1O)-c1nc3c(cccc3nc1O)O2,8.468521082957745
CHEMBL271160,CDK2,3.4,nM,CC(C)Oc1cccc2c1/C(=N/Nc1ccc(S(N)(=O)=O)cc1)C(=O)N2,8.468521082957745
CHEMBL5788017,CDK4,3.4,nM,CN(C)C1CCN(c2ccc(Nc3ncc4cc(S(C)(=O)=O)n(C5CCCC5)c4n3)nc2)CC1,8.468521082957745
CHEMBL2163995,CDK2,3.4,nM,N[C@H]1CC[C@H](Nc2cc(Nc3ccc(F)c(Cl)c3)n3ncc(Br)c3n2)CC1,8.468521082957745
CHEMBL3702149,CDK4,3.4,nM,c1cc2c3cnc(Nc4ccc(N5CCNC6(CCCC6)C5)nn4)nc3n(C3CCCC3)c2cn1,8.468521082957745
CHEMBL3702084,CDK4,3.4,nM,C[C@H]1CN(c2ccc(Nc3ncc4c5ccnc(F)c5n(C5CCCC5)c4n3)nc2)CCN1,8.468521082957745
CHEMBL3698740,CDK4,3.4,nM,COC1CCN(c2ccc(Nc3ncc4c5ccncc5n(C5CCCC5)c4n3)nn2)C1,8.468521082957745
CHEMBL3702052,CDK4,3.4,nM,CCN(CC)C1CCN(c2ccc(Nc3ncc4c5ccncc5n(C5CCCC5)c4n3)nc2)CC1,8.468521082957745
CHEMBL6012324,CDK6,3.4,nM,CC(C)N1CCOc2c(F)cc(-c3nc(Nc4cc5n(n4)CCN(C)C5)ncc3F)cc21,8.468521082957745
CHEMBL3698694,CDK4,3.4,nM,c1cc2c3cnc(Nc4ccc(N[C@@H]5CCNC5)cn4)nc3n(C3CCCC3)c2cn1,8.468521082957745
CHEMBL5774515,CDK6,3.42,nM,Cc1nc2c(F)cc(-c3nc(Nc4ccc5c(n4)CCN(C(=O)OCCN(C)C)C5)ncc3F)cc2n1C1CC1,8.465973893943865
CHEMBL5888788,CDK6,3.47,nM,Cc1nc2c(F)cc(-c3nc(Nc4ccc5c(n4)CCN(C(=O)CN(C)C)C5)ncc3F)cc2n1CC1CC1,8.459670525209127
CHEMBL4463716,CDK6,3.47,nM,C#CCN(C)CCN1CCc2nc(Nc3ncc(F)c(-c4cc(F)c5nc(C)n(C(C)C)c5c4)n3)ccc2C1,8.459670525209127
CHEMBL5814867,CDK6,3.49,nM,CNCC(=O)N1CCc2nc(Nc3ncc(F)c(-c4cc(F)c5nc(C)n(C(C)C)c5c4)n3)ccc2C1,8.45717457304082
CHEMBL5759958,CDK4,3.49,nM,Cc1nc2c(F)cc(-c3nc(Nc4ccc5c(n4)CCN(C(=O)CN(C)C)C5)ncc3F)cc2n1C1CCCC1,8.45717457304082
CHEMBL5746967,CDK6,3.5,nM,CC(C)N1CCOc2c(F)cc(-c3nc(Nc4ccc(C(=O)N5CCC(N(C)C)CC5)c(F)c4)ncc3F)cc21,8.455931955649724
CHEMBL5996998,CDK4,3.5,nM,CC(C)N1CCOc2c(F)cc(-c3nc(Nc4ccc(C(=O)N5CCOCC5)c(F)c4)ncc3F)cc21,8.455931955649724
CHEMBL3698711,CDK4,3.5,nM,C[C@@H]1CN(c2cnc(Nc3ncc4c5ccncc5n(C5CCCC5)c4n3)cn2)CCN1,8.455931955649724
CHEMBL5861777,CDK4,3.5,nM,CC(C)N1CCOc2c(F)cc(-c3nc(Nc4ccc5c(c4)CCC(N(C)C)C5)ncc3F)cc21,8.455931955649724
CHEMBL3698661,CDK6,3.5,nM,c1cc2c3cnc(Nc4ccc(N5CCNCC5)cn4)nc3n(C34CC5CC(CC(C5)C3)C4)c2cn1,8.455931955649724
CHEMBL6004729,CDK4,3.5,nM,COCCN1CCN(Cc2cnc(-c3cc(F)c4c(c3)N(C(C)C)CCO4)c(F)c2)CC1,8.455931955649724
CHEMBL5798442,CDK4,3.5,nM,CC(C)N1CCOc2c(F)cc(-c3nc(Nc4ccc(N5CCCNCC5)cn4)ncc3F)cc21,8.455931955649724
CHEMBL5843565,CDK4,3.5,nM,CCN1CCN(Cc2ccc(Nc3ncc(F)c(-c4cc(F)c5c(c4)N(C(C)C)CCO5)n3)cc2F)CC1,8.455931955649724
CHEMBL5782876,CDK6,3.5,nM,CC(C)N1CCOc2c(F)cc(-c3nc(Nc4ccc5c(c4)CCN(C(=O)CN(C)C)C5)ncc3F)cc21,8.455931955649724
CHEMBL5869636,CDK4,3.5,nM,CC(C)N1CCOc2c(F)cc(-c3nc(Nc4ccc(N5CCN(C)CC5)c(F)c4)ncc3F)cc21,8.455931955649724
CHEMBL5992232,CDK6,3.5,nM,CC(C)N1CCOc2c(F)cc(-c3nc(Nc4ccc5c(c4)CC(N(C)C)C5)ncc3F)cc21,8.455931955649724
CHEMBL3237704,CDK4,3.5,nM,CC1(C)CCC(n2c3cnccc3c3cnc(Nc4ccc(N5CCNCC5)cn4)nc32)CC1,8.455931955649724
CHEMBL5914936,CDK6,3.5,nM,CC(C)N1CCN(c2ccc(Nc3ncc(F)c(-c4cc(F)c5c(c4)N(C(C)C)CCO5)n3)cc2F)CC1,8.455931955649724
CHEMBL5775801,CDK4,3.54,nM,Cc1nc2c(F)cc(-c3nc(Nc4ccc5c(n4)CCNC5)ncc3F)cc2n1C1CCCCC1,8.450996737974211
CHEMBL5751375,CDK4,3.55,nM,Cc1nc2c(F)cc(-c3nc(Nc4ccc5c(n4)CCNC5)ncc3F)cc2n1CC1CC1,8.449771646944907
CHEMBL5805137,CDK4,3.55,nM,Cc1nc2c(F)cc(-c3nc(Nc4ccc5c(n4)CCN(CC(F)(F)F)C5)ncc3F)cc2n1C(C)C,8.449771646944907
CHEMBL5952782,CDK6,3.56,nM,Cc1nc2c(F)cc(-c3nc(Nc4ccc5c(n4)CCN(C(=O)C4CC(N(C)C)C4)C5)ncc3F)cc2n1C(C)C,8.448550002027124
CHEMBL3656841,CDK9,3.57,nM,COC[C@@H](C)N[C@H]1CC[C@H](Nc2cc(-c3cccc(NCC4(C#N)CCOCC4)n3)c(Cl)cn2)CC1,8.447331783887806
CHEMBL5870326,CDK6,3.57,nM,Cc1nc2c(F)cc(-c3nc(Nc4ccc5c(n4)CCN(C(=O)NCCN(C)C)C5)ncc3F)cc2n1C1CC1,8.447331783887806
CHEMBL5976927,CDK6,3.59,nM,Cc1nc2c(F)cc(-c3nc(Nc4ccc5c(n4)CCN(C(=O)C4CC(N)C4)C5)ncc3F)cc2n1C(C)C,8.44490555142168
CHEMBL3702068,CDK4,3.6,nM,CCC(CC)n1c2cnccc2c2cnc(Nc3ccc(N4CCNCC4)cn3)nc21,8.443697499232712
CHEMBL3702120,CDK6,3.6,nM,O=C(O)CN1CCN(c2ccc(Nc3ncc4c5ccncc5n(C5CCCC5)c4n3)nn2)CC1,8.443697499232712
CHEMBL3702220,CDK4,3.6,nM,CC[C@@H](C)n1c2cnccc2c2cnc(Nc3ccc(N4CCNCC4)cn3)nc21,8.443697499232712
CHEMBL1964251,CDK2,3.6,nM,O=C1Nc2ccc3ncsc3c2/C1=C/Nc1ccc(S(=O)(=O)NCCc2c[nH]cn2)cc1,8.443697499232712
CHEMBL386796,CDK4,3.6,nM,O=c1c2cccc3c2sn1CCCCCOc1cccc2nc(O)c-3nc12,8.443697499232712
CHEMBL3702119,CDK4,3.6,nM,CCOC(=O)CN1CCN(c2ccc(Nc3ncc4c5ccncc5n(C5CCCC5)c4n3)nn2)CC1,8.443697499232712
CHEMBL3698701,CDK4,3.6,nM,c1cc2c3cnc(Nc4ccc(NCC5CCNC5)cn4)nc3n(C3CCCC3)c2cn1,8.443697499232712
CHEMBL3702071,CDK4,3.6,nM,c1cc2c3cnc(Nc4nc(CN5CCNCC5)cs4)nc3n(C3CCCC3)c2cn1,8.443697499232712
CHEMBL6007400,CDK6,3.67,nM,Cc1nc2c(F)cc(-c3nc(Nc4ccc5c(n4)CCN(C[C@@H](C)N(C)C)C5)ncc3F)cc2n1C1CC1,8.435333935747911
CHEMBL3698682,CDK6,3.7,nM,c1ccc2c(c1)c1cnc(Nc3ccc(N4CCNCC4)cc3)nc1n2C1CCCC1,8.431798275933005
CHEMBL4209329,CDK6,3.7,nM,CC1(C)CCc2nc3c(F)cc(-c4nc(Nc5ccc(CN6CCNCC6)cn5)ncc4F)cc3n21,8.431798275933005
CHEMBL3641995,CDK4,3.7,nM,C[C@H](O)CNC1CCN(c2ccc(Nc3ncc4c5ccncc5n(C5CCCC5)c4n3)nn2)CC1,8.431798275933005
CHEMBL5837976,CDK1,3.7,nM,NS(=O)(=O)c1ccc(Nc2ncc3cc4n(c3n2)C2(CCCCC2)CC(=O)N4)cc1,8.431798275933005
CHEMBL4214634,CDK4,3.7,nM,COCCN1CCN(Cc2cnc(Nc3cc(-c4cc(F)c5nc(C)n(C(C)C)c5c4)ncn3)cn2)CC1,8.431798275933005
CHEMBL5888813,CDK4,3.74,nM,Cc1nc2c(F)cc(-c3nc(Nc4ccc5c(n4)CCN(CC[Si](C)(C)C)C5)ncc3F)cc2n1C(C)C,8.42712839779952
CHEMBL6014795,CDK6,3.75,nM,Cc1nc2c(F)cc(-c3nc(Nc4ccc5c(n4)CCN(C(=O)C4CCCN4)C5)ncc3F)cc2n1C1CC1,8.425968732272281
CHEMBL5921721,CDK4,3.77,nM,Cc1nc2c(F)cc(-c3nc(Nc4ccc5c(n4)CCN(CCN(C)CC[Si](C)(C)C)C5)ncc3F)cc2n1C(C)(C)C,8.423658649794207
CHEMBL388978,CDK2,3.8,nM,CN[C@@H]1C[C@H]2O[C@@](C)([C@@H]1OC)n1c3ccccc3c3c4c(c5c6ccccc6n2c5c31)C(=O)NC4,8.42021640338319
CHEMBL3698645,CDK4,3.8,nM,C[C@H]1CN(c2ccc(Nc3ncc4c5ccncc5n(C5CCCC5)c4n3)nn2)CCN1,8.42021640338319
CHEMBL3641997,CDK6,3.8,nM,C[C@@H](O)CNC1CCN(c2ccc(Nc3ncc4c5ccncc5n(C5CCCC5)c4n3)nn2)CC1,8.42021640338319
CHEMBL3702051,CDK4,3.8,nM,COCCN1CCN(c2ccc(Nc3ncc4c5ccncc5n(C5CCCC5)c4n3)nn2)CC1,8.42021640338319
CHEMBL4455210,CDK6,3.81,nM,Cc1nc2c(F)cc(-c3nc(Nc4ccc5c(n4)CCN(CCN(C)C)C5)ncc3F)cc2n1C1CC1,8.41907502432438
CHEMBL5981008,CDK6,3.86,nM,CC(=N)NCCN1CCc2nc(Nc3ncc(F)c(-c4cc(F)c5nc(C)n(C(C)C)c5c4)n3)ccc2C1,8.413412695328246
CHEMBL5950534,CDK6,3.86,nM,Cc1nc2c(F)cc(-c3nc(Nc4ccc5c(n4)C[C@@H](C)NC5)ncc3F)cc2n1C(C)(C)C,8.413412695328246
CHEMBL4455210,CDK4,3.88,nM,Cc1nc2c(F)cc(-c3nc(Nc4ccc5c(n4)CCN(CCN(C)C)C5)ncc3F)cc2n1C1CC1,8.411168274405792
CHEMBL3702191,CDK4,3.9,nM,CN(CCO)c1ccc(Nc2ncc3c4ccncc4n(C4CCCC4)c3n2)nn1,8.4089353929735
CHEMBL3698664,CDK4,3.9,nM,C[C@@H](C1CCCCC1)n1c2cnccc2c2cnc(Nc3ccc(N4CCNCC4)cn3)nc21,8.4089353929735
CHEMBL3702155,CDK4,3.9,nM,C[C@@H]1CN(c2ccc(Nc3ncc4c5ccnc(F)c5n(C5CCCC5)c4n3)nn2)CCN1,8.4089353929735
CHEMBL5765370,CDK4,3.9,nM,CC(C)N1CCOc2c(F)cc(-c3nc(Nc4ccc(N5CCOCC5)cn4)ncc3F)cc21,8.4089353929735
CHEMBL3702130,CDK6,3.9,nM,O=S(=O)(c1ccc(Nc2ncc3c4ccnc(F)c4n(C4CCCC4)c3n2)nc1)N1CCNCC1,8.4089353929735
CHEMBL3698640,CDK4,3.9,nM,C[C@@H]1CN(c2ccc(Nc3ncc4c5ccncc5n(C5CCCC5)c4n3)nn2)CCN1,8.4089353929735
CHEMBL5763679,CDK4,3.9,nM,Cc1nc2c(F)cc(-c3nc(Nc4ccc5c(n4)CCN(C(=O)CN4CCOCC4)C5)ncc3F)cc2n1C(C)C,8.4089353929735
CHEMBL5763252,CDK6,3.92,nM,CN1CCC(OCc2ccc(Nc3ncc(F)c(-c4cc(F)c5nc6n(c5c4)C(C)(C)CC6)n3)nc2)CC1,8.406713932979542
CHEMBL5950277,CDK6,3.94,nM,Cc1nc2c(F)cc(-c3nc(Nc4ccc5c(n4)CCN(C(=O)NCCO)C5)ncc3F)cc2n1C1CC1,8.404503778174426
CHEMBL5786556,CDK6,3.96,nM,CN(C)[C@H]1CCN(c2ccc(Nc3ncc(F)c(-c4cc(F)c5nc6n(c5c4)C(C)(C)CC6)n3)nc2)C1,8.402304814074487
CHEMBL4792521,CDK9,4.0,nM,CC(=O)N[C@@H]1CCC[C@H](C(=O)Nc2cc(-c3cn[nH]c3CC(C)(C)CO)c(Cl)cn2)C1,8.397940008672037
CHEMBL3698691,CDK4,4.0,nM,NCC1CCN(c2ccc(Nc3ncc4c5ccncc5n(C5CCCC5)c4n3)nc2)CC1,8.397940008672037
CHEMBL3967588,CDK9,4.0,nM,COc1cc(F)ccc1-c1nc(Nc2cc(Cl)cc(CS(C)(=O)=NC#N)c2)ncc1F,8.397940008672037
CHEMBL6043217,CDK4,4.0,nM,CC(C)N1CCOc2c(F)cc(-c3nc(Nc4ccn(C5CCNCC5)c(=O)c4)ncc3F)cc21,8.397940008672037
CHEMBL5871732,CDK4,4.0,nM,CCCN1CCOc2c(F)cc(-c3nc(Nc4ccc(N5CCNCC5)c(F)c4)ncc3F)cc21,8.397940008672037
CHEMBL5861777,CDK6,4.0,nM,CC(C)N1CCOc2c(F)cc(-c3nc(Nc4ccc5c(c4)CCC(N(C)C)C5)ncc3F)cc21,8.397940008672037
CHEMBL495696,CDK4,4.0,nM,N#Cc1cccc(Nc2nccc(-c3cnn4ncccc34)n2)c1,8.397940008672037
CHEMBL5906300,CDK9,4.0,nM,CC(=O)N[C@@H]1CCC[C@H](C(=O)Nc2cc(-c3cnn4c3CCCC4)c(C)cn2)C1,8.397940008672037
CHEMBL518826,CDK2,4.0,nM,CCCN(C)[C@H]1CCN(C(=O)c2ccc(Nc3nccc(-c4cnc(C)n4C(C)C)n3)cc2)C1,8.397940008672037
CHEMBL5188322,CDK2,4.0,nM,NC(=O)c1ccc(Nc2nc(N[C@H]3CC[C@H](N)CC3)nc3c2ncn3C2CCCC2)cc1,8.397940008672037
CHEMBL5742108,CDK6,4.0,nM,CC(C)N1CCOc2c(F)cc(-c3nc(Nc4ccc5c(n4)CCNC5)ncc3F)cc21,8.397940008672037
CHEMBL5822968,CDK9,4.0,nM,CC1(C)Cc2ncc(-c3cc(NC(=O)[C@H]4CCC[C@@H](NC(=O)C5(O)CC5)C4)ncc3Cl)n2C1,8.397940008672037
CHEMBL3545083,CDK4,4.0,nM,COCCN1CCN(Cc2ccc(-c3n[nH]c4c3C(=O)c3c(NC(=O)NN5CCOCC5)cccc3-4)cc2)CC1,8.397940008672037
CHEMBL3702127,CDK4,4.0,nM,O=C1CN(Cc2ccc(Nc3ncc4c5ccncc5n(C5CCCC5)c4n3)nc2)CCN1,8.397940008672037
CHEMBL3648111,CDK2,4.0,nM,COc1cc(Nc2ncc(Br)c(N[C@H](C)[C@@H](C)O)n2)ccc1S(C)(=N)=O,8.397940008672037
CHEMBL3691621,CDK4,4.0,nM,CN(C)C(=O)c1cc2cnc(Nc3ccc(N4C[C@@H]5CNC[C@@H]5C4=O)cn3)nc2n1C1CCCCCC1,8.397940008672037
CHEMBL4764656,CDK2,4.0,nM,C[C@H](CO)Nc1nc(Nc2ccc(S(N)(=O)=O)cc2)ncc1Br.Cl,8.397940008672037
CHEMBL3698655,CDK4,4.0,nM,O[C@H]1CCN(c2ccc(Nc3ncc4c5ccncc5n(C5CCCC5)c4n3)nn2)C1,8.397940008672037
CHEMBL5814318,CDK9,4.0,nM,CC1(C)Cc2c(-c3ccnc(NC(=O)[C@H]4CCC[C@@H](NC(=O)C5(O)CC5)C4)c3)cnn2C1,8.397940008672037
CHEMBL5822252,CDK4,4.0,nM,CN1CCC(c2ccc(Nc3ncc(F)c(-c4cc(F)c5c(c4)N(C)CCO5)n3)cc2F)CC1,8.397940008672037
CHEMBL384304,CDK6,4.0,nM,COc1ccc(F)c(F)c1C(=O)c1cnc(NC2CCN(S(C)(=O)=O)CC2)nc1N,8.397940008672037
CHEMBL3648122,CDK2,4.0,nM,CCS(=N)(=O)c1ccc(Nc2ncc(Br)c(N[C@@H](C)[C@H](C)O)n2)cc1,8.397940008672037
CHEMBL3698731,CDK4,4.0,nM,NCC1CCN(c2ccc(Nc3ncc4c5ccncc5n(C5CCCC5)c4n3)nn2)CC1,8.397940008672037
CHEMBL5273925,CDK9,4.0,nM,CC(C)(C)c1coc(CSc2cnc(NC(=O)C3CCNCC3)s2)n1,8.397940008672037
CHEMBL5956855,CDK4,4.0,nM,CC(C)N1CCOc2c(F)cc(-c3nc(Nc4ccc(N5CCC(CN)CC5)cn4)ncc3F)cc21,8.397940008672037
CHEMBL6052173,CDK4,4.0,nM,CC(C)CN1CCOc2c(F)cc(-c3nc(Nc4ccc(C5CCN(C)CC5)c(F)c4)ncc3F)cc21,8.397940008672037
CHEMBL5170524,CDK9,4.0,nM,COc1cc(C(=O)N2CCCC2)ccc1-c1ccnc2[nH]c(C3CCNCC3)cc12,8.397940008672037
CHEMBL4754493,CDK9,4.0,nM,Cn1ncc(-c2nc(N[C@H]3CC[C@H](N)CC3)ncc2Cl)c1CC1CC1,8.397940008672037
CHEMBL5932557,CDK6,4.0,nM,CC(C)N1CCOc2c(F)cc(-c3nc(Nc4ccc(C5CCN(C(=O)CO)CC5)cn4)ncc3F)cc21,8.397940008672037
CHEMBL60541,CDK2,4.0,nM,CNS(=O)(=O)c1ccc2c(c1)/C(=C/c1[nH]cc3c1CCOC3=O)C(=O)N2,8.397940008672037
CHEMBL3648095,CDK2,4.0,nM,CCS(=N)(=O)c1ccc(Nc2ncc(Br)c(N[C@H](C)[C@H](C)O)n2)cc1,8.397940008672037
CHEMBL3648118,CDK2,4.0,nM,COC[C@@H](Nc1nc(Nc2ccc(S(C)(=N)=O)cc2)ncc1Br)[C@@H](C)O,8.397940008672037
CHEMBL3648106,CDK2,4.0,nM,CC(CO)Sc1nc(Nc2ccc(S(C)(=N)=O)cc2)ncc1Br,8.397940008672037
CHEMBL3648107,CDK2,4.0,nM,C[C@@H](Nc1nc(Nc2ccc(S(=N)(=O)CCO)cc2)ncc1Br)C(C)(C)O,8.397940008672037
CHEMBL3691667,CDK4,4.0,nM,CN(C)C(=O)c1cc2cnc(Nc3ccc(N4CC5CCC(CC4=O)N5)cn3)nc2n1C1CCCCC1,8.397940008672037
CHEMBL3698736,CDK4,4.0,nM,c1cc2c3cnc(Nc4ccc(N5CCOCC5)nn4)nc3n(C3CCCC3)c2cn1,8.397940008672037
CHEMBL23327,CDK4,4.0,nM,CC(C)[C@H](CO)Nc1nc(Nc2cccc(Cl)c2)c2ncn(C(C)C)c2n1,8.397940008672037
CHEMBL23327,CDK2,4.0,nM,CC(C)[C@H](CO)Nc1nc(Nc2cccc(Cl)c2)c2ncn(C(C)C)c2n1,8.397940008672037
CHEMBL3648108,CDK2,4.0,nM,C[C@H](Nc1nc(Nc2ccc(S(=N)(=O)CCO)cc2)ncc1Br)C(C)(C)O,8.397940008672037
CHEMBL5796369,CDK9,4.0,nM,CC1(C)Cc2ncc(-c3cc(NC(=O)[C@H]4CCC[C@@H](NC(=O)C5COC5)C4)ncc3Cl)n2C1,8.397940008672037
CHEMBL485618,CDK2,4.0,nM,CCn1c(-c2ccnc(Nc3ccc(S(=O)(=O)NCCOC)cc3)n2)cnc1C,8.397940008672037
CHEMBL6009824,CDK6,4.0,nM,CC(C)N1CCOc2c(F)cc(-c3nc(Nc4ccc(C5CCN(C)CC5)c(F)n4)ncc3F)cc21,8.397940008672037
CHEMBL5997157,CDK4,4.0,nM,CN1CCOc2c(F)cc(-c3nc(Nc4ccc(N5CCC(N(C)C)CC5)c(F)c4)ncc3F)cc21,8.397940008672037
CHEMBL4215702,CDK6,4.0,nM,CN1CCN(Cc2ccc(Nc3ncc(F)c(-c4cc(F)c5nc6n(c5c4)C(C)(C)CC6)n3)nc2)CC1,8.397940008672037
CHEMBL3648113,CDK2,4.0,nM,CN=S(C)(=O)c1ccc(Nc2ncc(Br)c(N[C@H](C)[C@@H](C)O)n2)cc1OC,8.397940008672037
CHEMBL5266005,CDK9,4.0,nM,CCc1cnn2c(NCc3ccc[n+]([O-])c3)cc(N3CCCC[C@@H]3CCO)nc12,8.397940008672037
CHEMBL4741442,CDK2,4.0,nM,C[C@H](CO)Nc1nc(Nc2ccc(S(N)(=O)=O)cc2)ncc1Br,8.397940008672037
CHEMBL4292930,CDK9,4.0,nM,Cc1cnn2c(NCc3ccc[n+]([O-])c3)cc(N3CCCC[C@@H]3CCO)nc12,8.397940008672037
CHEMBL195423,CDK1,4.0,nM,Fc1ccc(Nc2nc(Nc3ccc4[nH]cnc4c3)ncc2Br)cc1,8.397940008672037
CHEMBL5179773,CDK9,4.0,nM,CC(C)n1cc(-c2ccnc3[nH]c(C4CCN(CC(=O)N(C)C)CC4)cc23)cnc1=O,8.397940008672037
CHEMBL3648096,CDK1,4.0,nM,Cc1cc(Nc2ncc(Br)c(N[C@H](C)[C@H](C)O)n2)ccc1S(C)(=N)=O,8.397940008672037
CHEMBL5877196,CDK4,4.0,nM,CC(C)N1CCOc2c(F)cc(-c3nc(Nc4ccn(C5=CCNCC5)c(=O)c4)ncc3F)cc21,8.397940008672037
CHEMBL3648096,CDK2,4.0,nM,Cc1cc(Nc2ncc(Br)c(N[C@H](C)[C@H](C)O)n2)ccc1S(C)(=N)=O,8.397940008672037
CHEMBL4082469,CDK9,4.0,nM,CSc1sc(C(N)=O)c2c1-c1sncc1CC2,8.397940008672037
CHEMBL6019756,CDK6,4.0,nM,CC(C)N1CCOc2c(F)cc(-c3nc(Nc4ccc(CN5CCN(C)CC5)c(F)c4)ncc3F)cc21,8.397940008672037
CHEMBL193367,CDK1,4.0,nM,FC(F)(F)c1cnc(Nc2ccc3[nH]cnc3c2)nc1Nc1ccc(Cl)cc1,8.397940008672037
CHEMBL3937866,CDK9,4.0,nM,COc1cc(F)ccc1-c1nc(Nc2cc(CS(C)(=O)=NC#N)cc(C(F)(F)F)c2)ncc1F,8.397940008672037
CHEMBL3648076,CDK2,4.0,nM,C[C@@H](Nc1nc(Nc2ccc(S(=N)(=O)CC3CC3)cc2)ncc1Br)C(C)(C)O,8.397940008672037
CHEMBL5788710,CDK9,4.0,nM,CC1(C)Cc2c(-c3cc(NC(=O)[C@H]4CCC[C@@H](NC(=O)CCO)C4)ncc3Cl)cnn2C1,8.397940008672037
CHEMBL6058548,CDK6,4.0,nM,CC(C)N1CCOc2c(F)cc(-c3nc(Nc4ccc(N5CCC(N(C)C)CC5)c(F)c4)ncc3F)cc21,8.397940008672037
CHEMBL489477,CDK2,4.0,nM,O=C(Cc1ccc(-c2ccccc2)c(F)c1)Nc1cc(C2CC2)[nH]n1,8.397940008672037
CHEMBL6015264,CDK6,4.0,nM,CC(C)N1CCOc2c(F)cc(-c3nc(Nc4ccc(CN5CCN(CC6CC6)CC5)cn4)ncc3F)cc21,8.397940008672037
CHEMBL3668457,CDK9,4.0,nM,COc1ccc(F)cc1-c1ccnc2[nH]c(C3=CCN(CC(O)CO)CC3)cc12,8.397940008672037
CHEMBL3934141,CDK9,4.0,nM,COc1cc(CS(C)(=O)=NC#N)cc(Nc2ncc(F)c(-c3ccc(F)cc3OC)n2)c1,8.397940008672037
CHEMBL5171657,CDK9,4.0,nM,CCc1cnn2c(NCc3ccc[n+]([O-])c3)cc(C3CCCC[C@H]3CCO)nc12,8.397940008672037
CHEMBL6019756,CDK4,4.0,nM,CC(C)N1CCOc2c(F)cc(-c3nc(Nc4ccc(CN5CCN(C)CC5)c(F)c4)ncc3F)cc21,8.397940008672037
CHEMBL293068,CDK2,4.0,nM,O=C1Nc2ccc(C(=O)O)cc2/C1=C/c1[nH]cc2c1CCOC2=O,8.397940008672037
CHEMBL3644033,CDK1,4.0,nM,C[C@@H](O)[C@@H](C)Oc1nc(Nc2ccc(S(C)(=O)=O)cc2)ncc1C(F)(F)F,8.397940008672037
CHEMBL5782876,CDK4,4.0,nM,CC(C)N1CCOc2c(F)cc(-c3nc(Nc4ccc5c(c4)CCN(C(=O)CN(C)C)C5)ncc3F)cc21,8.397940008672037
CHEMBL370522,CDK1,4.0,nM,Cc1ccccc1Oc1nc(Nc2ccc3[nH]cnc3c2)ncc1C(F)(F)F,8.397940008672037
CHEMBL5949924,CDK6,4.0,nM,CC(C)N1CCOc2c(F)cc(-c3nc(Nc4ccc(C5CCN(C)CC5)nn4)ncc3F)cc21,8.397940008672037
CHEMBL468963,CDK2,4.0,nM,CN1CCN(c2ccc(Nc3nccc(-c4cnn5ncccc45)n3)cc2C(F)(F)F)CC1,8.397940008672037
CHEMBL3903492,CDK9,4.0,nM,Cc1n[nH]c2ncc(C(=O)N3CCC[C@H]3c3ccc(Cl)cc3)cc12,8.397940008672037
CHEMBL3357950,CDK2,4.0,nM,C[C@@H](NC(=O)N1CCc2cnc(Nc3cnn(C)c3)nc2C1)c1ccc(Cl)c(Cl)c1,8.397940008672037
CHEMBL5192311,CDK9,4.0,nM,COc1cc(C(=O)N2CCCC2)ccc1-c1ccnc2[nH]c(C3CCN(CCO)CC3)cc12,8.397940008672037
CHEMBL3644033,CDK2,4.0,nM,C[C@@H](O)[C@@H](C)Oc1nc(Nc2ccc(S(C)(=O)=O)cc2)ncc1C(F)(F)F,8.397940008672037
CHEMBL5801637,CDK6,4.0,nM,CC(C)N1CCOc2c(F)cc(-c3nc(Nc4ccc(N5CCC(N)CC5)cn4)ncc3F)cc21,8.397940008672037
CHEMBL2163997,CDK2,4.0,nM,N#Cc1cnn2c(Nc3ccc(F)c(Cl)c3)cc(N[C@H]3CC[C@H](N)CC3)nc12,8.397940008672037
CHEMBL4208875,CDK6,4.0,nM,CCN1CCC(Oc2cnc(Nc3cc(-c4cc(F)c5nc(C)n(C(C)C)c5c4)ncn3)cn2)CC1,8.397940008672037
CHEMBL178179,CDK2,4.0,nM,CN(C)S(=O)(=O)c1ccc(Nc2cc(N[C@H]3CC[C@H](N)CC3)nc3c(C4CCCC4)cnn23)cc1,8.397940008672037
CHEMBL5979175,CDK9,4.0,nM,CC1(C)Cc2c(-c3cc(NC(=O)[C@H]4CCC[C@@H](NC(=O)[C@H]5CCOC5)C4)ncc3Cl)cnn2C1,8.397940008672037
CHEMBL5986506,CDK9,4.0,nM,CC(=O)N[C@@H]1CCC[C@@H](C(=O)Nc2cc(-c3cnn4c3C(O)C(C)(C)C4)c(Cl)cn2)C1,8.397940008672037
CHEMBL73243,CDK2,4.0,nM,COCCCNS(=O)(=O)c1ccc(Nc2nccc(-c3cnc4ccccn34)n2)cc1,8.397940008672037
CHEMBL3691547,CDK4,4.0,nM,CN(C)C(=O)c1cc2cnc(Nc3ccc(C(=O)N4CC5CCC(C4)N5)cn3)nc2n1C1CCCCCC1,8.397940008672037
CHEMBL3919796,CDK9,4.0,nM,COc1cc(F)ccc1-c1nc(Nc2cc(Br)cc(CS(C)(=O)=NC#N)c2)ncc1F,8.397940008672037
CHEMBL3897217,CDK9,4.0,nM,COc1cc(F)ccc1-c1nc(Nc2cc(F)c(F)c(CS(C)(=N)=O)c2)ncc1F,8.397940008672037
CHEMBL3702062,CDK4,4.1,nM,Cc1nc(Nc2ncc3c4ccnc(Cl)c4n(C4CCCC4)c3n2)ccc1N1CCNCC1,8.387216143280265
CHEMBL514197,CDK2,4.1,nM,COc1cc(-c2ccc3c(-c4nc5c(N6CCN(C)CC6)cccc5[nH]4)n[nH]c3c2)ccc1O,8.387216143280265
CHEMBL3642020,CDK4,4.1,nM,c1cc2c3cnc(Nc4ccc(N5CCC(NC6CC6)CC5)cn4)nc3n(C3CCCC3)c2cn1,8.387216143280265
CHEMBL3642026,CDK4,4.1,nM,CN(CC(=O)O)C1CCN(c2ccc(Nc3ncc4c5ccncc5n(C5CCCC5)c4n3)nc2)CC1,8.387216143280265
CHEMBL3698699,CDK4,4.1,nM,CN(c1ccc(Nc2ncc3c4ccncc4n(C4CCCC4)c3n2)nc1)C1CCCNC1,8.387216143280265
CHEMBL3698702,CDK4,4.1,nM,c1cc2c3cnc(Nc4ccc(NCC5CCCNC5)cn4)nc3n(C3CCCC3)c2cn1,8.387216143280265
CHEMBL6021833,CDK4,4.11,nM,Cc1nc2c(F)cc(-c3nc(Nc4ccc5c(n4)CCNC5)ncc3F)cc2n1C1CC1,8.386158178123932
CHEMBL4212532,CDK6,4.14,nM,Cc1nc2c(F)cc(-c3nc(Nc4ccc5c(n4)CCN(C(=O)CN(C)C)C5)ncc3F)cc2n1C(C)C,8.3829996588791
CHEMBL5832698,CDK6,4.16,nM,Cc1nc2c(F)cc(-c3nc(Nc4ccc5c(n4)CCN(C(=O)[C@@H](C)N(C)C)C5)ncc3F)cc2n1C1CC1,8.380906669373257
CHEMBL5941698,CDK6,4.17,nM,C=C(CN1CCN(C)CC1)N1CCc2nc(Nc3ncc(F)c(-c4cc(F)c5nc(C)n(C6CCCC6)c5c4)n3)ccc2C1,8.379863945026242
CHEMBL4206061,CDK6,4.17,nM,Cc1nc2c(F)cc(-c3nc(Nc4ccc5c(n4)CCN(C(=O)CN4CCN(C)CC4)C5)ncc3F)cc2n1C(C)C,8.379863945026242
CHEMBL3698748,CDK4,4.2,nM,N#CC1CCN(c2ccc(Nc3ncc4c5ccncc5n(C5CCCC5)c4n3)nn2)C1,8.3767507096021
CHEMBL3698641,CDK6,4.2,nM,Cc1cc(Nc2ncc3c4ccncc4n(C4CCCC4)c3n2)cnc1N1CCNCC1,8.3767507096021
CHEMBL3698743,CDK4,4.2,nM,CC1CN(c2ccc(Nc3ncc4c5ccncc5n(C5CCCC5)c4n3)nn2)CC(C)N1,8.3767507096021
CHEMBL3641994,CDK4,4.2,nM,OCCNC1CCN(c2ccc(Nc3ncc4c5ccncc5n(C5CCCC5)c4n3)nn2)CC1,8.3767507096021
CHEMBL3642023,CDK4,4.2,nM,c1cc2c3cnc(Nc4ccc(N5CCC(NC6CCC6)CC5)cn4)nc3n(C3CCCC3)c2cn1,8.3767507096021
CHEMBL424696,CDK4,4.2,nM,c1ccc(Nc2ncc(-c3ccnc(OC4CCCCC4)n3)s2)nc1,8.3767507096021
CHEMBL3702102,CDK4,4.2,nM,OC[C@H]1CN(c2ccc(Nc3ncc4c5ccncc5n(C5CCCC5)c4n3)nc2)CCN1,8.3767507096021
CHEMBL6009610,CDK4,4.21,nM,Cc1nc2c(F)cc(-c3nc(Nc4ccc5c(n4)CCN(CCN(C)C)[C@@H]5C)ncc3F)cc2n1C(C)(C)C,8.375717904164333
CHEMBL4458266,CDK4,4.26,nM,Cc1nc2c(F)cc(-c3nc(Nc4ccc5c(n4)CCN(CCN(C)C)C5)ncc3F)cc2n1C,8.370590400897282
CHEMBL5883845,CDK4,4.27,nM,Cc1nc2c(F)cc(-c3nc(Nc4ccc5c(n4)CCN(C(=O)CN(C)C)C5)ncc3F)cc2n1C1CCC1,8.369572124974976
CHEMBL5765752,CDK4,4.27,nM,Cc1nc2c(F)cc(-c3nc(Nc4ccc5c(n4)CCN(C(=O)CCN(C)C)C5)ncc3F)cc2n1C1CCC1,8.369572124974976
CHEMBL3698672,CDK4,4.3,nM,c1ccc2c(c1)c1cnc(Nc3ccc(N4CCNCC4)cn3)nc1n2C1CCCC1,8.366531544420413
CHEMBL1964244,CDK2,4.3,nM,O=C1Nc2ccc3ncsc3c2/C1=C/Nc1ccc(S(=O)(=O)Nc2ccccc2)cc1,8.366531544420413
CHEMBL3237444,CDK6,4.3,nM,Clc1nccc2c3cnc(Nc4ccc(N5CCNCC5)cn4)nc3n(C3CCCC3)c12,8.366531544420413
CHEMBL3702029,CDK4,4.3,nM,CCC1CN(c2ccc(Nc3ncc4c5ccncc5n(C5CCCC5)c4n3)nn2)CCN1,8.366531544420413
CHEMBL5947385,CDK6,4.37,nM,C=CC(=O)N1CCc2nc(Nc3ncc(F)c(-c4cc(F)c5nc(C)n(C(C)C)c5c4)n3)ccc2C1,8.359518563029578
CHEMBL3702096,CDK4,4.4,nM,OCCN1CCN(c2ccc(Nc3ncc4c5ccncc5n(C5CCCC5)c4n3)nc2)CC1,8.356547323513812
CHEMBL4753717,CDK9,4.4,nM,CN(C)CC/C=C/C(=O)Nc1ccc(C(=O)N2CCCC(C(=O)Nc3ncc(SCc4ncc(C(C)(C)C)o4)s3)C2)cc1,8.356547323513812
CHEMBL3698671,CDK6,4.4,nM,c1cnc2c(c1)c1cnc(Nc3ccc(N4CCNCC4)cc3)nc1n2C1CCCC1,8.356547323513812
CHEMBL3684982,CDK4,4.4,nM,CC(=O)N1Cc2ccc(Nc3ncc4c5ccncc5n([C@H]5CC[C@H](C)CC5)c4n3)nc2C(C)C1,8.356547323513812
CHEMBL3702142,CDK4,4.4,nM,c1cc2c3cnc(Nc4ccc(N5CCNCC5)cn4)cc3n(C3CCCCC3)c2cn1,8.356547323513812
CHEMBL4214898,CDK6,4.4,nM,CCN1CCN(Cc2ccc(Nc3cc(-c4cc(F)c5nc(C)n(C(C)C)c5c4)ncn3)nc2)CC1,8.356547323513812
CHEMBL3702117,CDK4,4.4,nM,OC1CCN(Cc2ccc(Nc3ncc4c5ccncc5n(C5CCCC5)c4n3)nc2)CC1,8.356547323513812
CHEMBL3698725,CDK4,4.4,nM,NCC1CCCN(c2ccc(Nc3ncc4c5ccncc5n(C5CCCC5)c4n3)nn2)C1,8.356547323513812
CHEMBL3237702,CDK6,4.4,nM,CC1CCC(n2c3cnccc3c3cnc(Nc4ccc(N5CCNCC5)cn4)nc32)CC1,8.356547323513812
CHEMBL3237442,CDK6,4.4,nM,c1cc2c3cnc(Nc4ccc(N5CCNCC5)cn4)nc3n(C3CCCC3)c2cn1,8.356547323513812
CHEMBL3702151,CDK4,4.4,nM,c1cc2c3cnc(Nc4ccc(N5CCC6(CC5)COCCN6)nn4)nc3n(C3CCCC3)c2cn1,8.356547323513812
CHEMBL3698741,CDK4,4.4,nM,c1cc2c3cnc(Nc4ccc(N5CCCC5)nn4)nc3n(C3CCCC3)c2cn1,8.356547323513812
CHEMBL5762588,CDK4,4.41,nM,Cc1nc2c(F)cc(-c3nc(Nc4ccc5c(n4)CCN(CC(C)(C)N)C5)ncc3F)cc2n1C1CC1,8.355561410532161
CHEMBL5800538,CDK4,4.49,nM,Cc1nc2c(F)cc(-c3nc(Nc4ccc5c(n4)CCN(C(=O)O)C5)ncc3F)cc2n1C(C)C,8.347753658996677
CHEMBL5994315,CDK4,4.49,nM,Cc1nc2c(F)cc(-c3nc(Nc4ccc5c(n4)CCN(CC(=O)O)C5)ncc3F)cc2n1C(C)C,8.347753658996677
CHEMBL5977774,CDK4,4.5,nM,CC1CN(c2ccc(Nc3ncc(F)c(-c4cc(F)c5c(c4)N(C(C)C)CCO5)n3)nc2)CCN1,8.346787486224656
CHEMBL5865305,CDK6,4.5,nM,CC(=O)N1CCN(c2ccc(Nc3ncc(F)c(-c4cc(F)c5c(c4)N(C(C)C)CCO5)n3)nc2)CC1,8.346787486224656
CHEMBL3680380,CDK4,4.5,nM,CC(=O)N1CCc2nc(Nc3ncc4c5ccncc5n([C@H]5CC[C@H](C)CC5)c4n3)ccc2C1,8.346787486224656
CHEMBL5951978,CDK4,4.5,nM,CC(C)N1CCOc2c(F)cc(-c3nc(Nc4ccc5c(c4)CN(C(=O)CN(C)C)CC5)ncc3F)cc21,8.346787486224656
CHEMBL410883,CDK2,4.5,nM,NC(=O)c1ccc2c(c1)/C(=N/Nc1ccc(S(N)(=O)=O)cc1)C(=O)N2,8.346787486224656
CHEMBL1964250,CDK2,4.5,nM,COCCOCCOCCOCCNS(=O)(=O)c1ccc(N/C=C2\C(=O)Nc3ccc4ncsc4c32)cc1,8.346787486224656
CHEMBL3702104,CDK4,4.5,nM,OC[C@@H]1CN(c2ccc(Nc3ncc4c5ccnc(F)c5n(C5CCCC5)c4n3)nc2)CCN1,8.346787486224656
CHEMBL3642016,CDK4,4.5,nM,C[C@@H](O)CNC1CCN(c2ccc(Nc3ncc4c5ccncc5n(C5CCCC5)c4n3)nc2)CC1,8.346787486224656
CHEMBL5798442,CDK6,4.5,nM,CC(C)N1CCOc2c(F)cc(-c3nc(Nc4ccc(N5CCCNCC5)cn4)ncc3F)cc21,8.346787486224656
CHEMBL5856237,CDK6,4.51,nM,Cc1nc2c(F)cc(-c3nc(Nc4ccc5c(n4)CCN(C(=O)[C@@H](C)N(C)C)C5)ncc3F)cc2n1C(C)C,8.34582345812204
CHEMBL5943083,CDK6,4.53,nM,Cc1nc2c(F)cc(-c3nc(Nc4ccc5c(n4)CCN(C(=O)CN(C)C)C5)ncc3F)cc2n1C1CCC(C)CC1,8.343901797987169
CHEMBL5942702,CDK6,4.58,nM,C#CCN1CCc2nc(Nc3ncc(F)c(-c4cc(F)c5nc(C)n(C(C)C)c5c4)n3)ccc2C1,8.339134521996131
CHEMBL4461442,CDK6,4.59,nM,Cc1nc2c(F)cc(-c3nc(Nc4ccc5c(n4)CCN(CCN(C)P(C)(C)=O)C5)ncc3F)cc2n1C(C)C,8.338187314462738
CHEMBL3642009,CDK4,4.6,nM,OCCCNC1CCN(c2ccc(Nc3ncc4c5ccncc5n(C5CCCC5)c4n3)nn2)CC1,8.337242168318426
CHEMBL3702103,CDK4,4.6,nM,OC[C@@H]1CN(c2ccc(Nc3ncc4c5ccncc5n(C5CCCC5)c4n3)nc2)CCN1,8.337242168318426
CHEMBL314397,CDK2,4.6,nM,NS(=O)(=O)c1ccc(/N=N/c2c(O)[nH]c3cccc(I)c23)cc1,8.337242168318426
CHEMBL3702193,CDK4,4.6,nM,C[C@@H](O)CNc1ccc(Nc2ncc3c4ccncc4n(C4CCCC4)c3n2)nn1,8.337242168318426
CHEMBL1964247,CDK2,4.6,nM,CN(C)S(=O)(=O)c1ccc(N/C=C2\C(=O)Nc3ccc4ncsc4c32)cc1,8.337242168318426
CHEMBL3698665,CDK4,4.6,nM,c1cc2c3cnc(Nc4ccc(N5CCNCC5)cn4)nc3n(C3CCC3)c2cn1,8.337242168318426
CHEMBL3702052,CDK6,4.6,nM,CCN(CC)C1CCN(c2ccc(Nc3ncc4c5ccncc5n(C5CCCC5)c4n3)nc2)CC1,8.337242168318426
CHEMBL3702179,CDK4,4.6,nM,CCN(CC)C1CCN(c2ccc(Nc3ncc4c5ccnc(F)c5n(C5CCCC5)c4n3)nc2)CC1,8.337242168318426
CHEMBL3702142,CDK6,4.6,nM,c1cc2c3cnc(Nc4ccc(N5CCNCC5)cn4)cc3n(C3CCCCC3)c2cn1,8.337242168318426
CHEMBL3680382,CDK4,4.6,nM,C[C@H]1CC[C@H](n2c3cnccc3c3cnc(Nc4ccc5c(n4)CCN(CCCO)C5)nc32)CC1,8.337242168318426
CHEMBL272667,CDK2,4.6,nM,Cc1c([N+](=O)[O-])ccc2c1/C(=N/Nc1ccc(S(N)(=O)=O)cc1)C(=O)N2,8.337242168318426
CHEMBL3702135,CDK4,4.6,nM,c1ccc(-n2c3cnccc3c3cnc(Nc4ccc(N5CCNCC5)cn4)cc32)cc1,8.337242168318426
CHEMBL6044246,CDK4,4.68,nM,Cc1nc2c(F)cc(-c3nc(Nc4ccc5c(n4)CCN(CC(=O)N(C)C)C5)ncc3F)cc2n1C1CC1,8.329754146925875
CHEMBL3237446,CDK4,4.7,nM,O=c1[nH]ccc2c3cnc(Nc4ccc(N5CCNCC5)cn4)nc3n(C3CCCC3)c12,8.327902142064282
CHEMBL3642021,CDK4,4.7,nM,CCCNC1CCN(c2ccc(Nc3ncc4c5ccncc5n(C5CCCC5)c4n3)nc2)CC1,8.327902142064282
CHEMBL3684991,CDK4,4.7,nM,C[C@H]1CC[C@H](n2c3cnccc3c3cnc(Nc4cc5c(cn4)CNCC5)nc32)CC1,8.327902142064282
CHEMBL1964246,CDK2,4.7,nM,O=C1Nc2ccc3ncsc3c2/C1=C/Nc1ccc(S(=O)(=O)NCCO)cc1,8.327902142064282
CHEMBL5981421,CDK6,4.72,nM,CCN1CCC(COc2ccc(Nc3ncc(F)c(-c4cc(F)c5nc6n(c5c4)C(C)(C)CC6)n3)nc2)CC1,8.326058001365912
CHEMBL6020742,CDK6,4.78,nM,Cc1nc2c(F)cc(-c3nc(Nc4ccc5c(n4)CCN(CC(N)=NO)C5)ncc3F)cc2n1C(C)C,8.320572103387882
CHEMBL5874515,CDK6,4.78,nM,Cc1nc2c(F)cc(-c3nc(Nc4ccc5c(n4)CCN(C(=O)[C@@H]4CCCN4C)C5)ncc3F)cc2n1C1CC1,8.320572103387882
CHEMBL5794081,CDK6,4.78,nM,Cc1nc2c(F)cc(-c3nc(Nc4ccc5c(n4)CCN(CCC(N)NO)C5)ncc3F)cc2n1C(C)C,8.320572103387882
CHEMBL3702067,CDK6,4.8,nM,CC(C)n1c2cnccc2c2cnc(Nc3ccc(N4CCC(N(C)C)CC4)nn3)nc21,8.318758762624412
CHEMBL3642002,CDK6,4.8,nM,OC[C@H](O)CNC1CCN(c2ccc(Nc3ncc4c5ccncc5n(C5CCCC5)c4n3)nn2)CC1,8.318758762624412
CHEMBL3642014,CDK4,4.8,nM,OCCNC1CCN(c2ccc(Nc3ncc4c5ccncc5n(C5CCCC5)c4n3)nc2)CC1,8.318758762624412
CHEMBL3702092,CDK6,4.8,nM,O[C@H]1CCN(c2ccc(Nc3ncc4c5ccnc(F)c5n(C5CCCC5)c4n3)nc2)C1,8.318758762624412
CHEMBL3641999,CDK4,4.8,nM,CNCCN(C)C1CCN(c2ccc(Nc3ncc4c5ccncc5n(C5CCCC5)c4n3)nn2)CC1,8.318758762624412
CHEMBL5976175,CDK4,4.83,nM,CCOP(=O)(OCC)N(C)CC[N+]1([O-])CCc2nc(Nc3ncc(F)c(-c4cc(F)c5nc(C)n(C(C)C)c5c4)n3)ccc2C1,8.316052869248487
CHEMBL4525034,CDK4,4.83,nM,CCOP(=O)(OCC)N(C)CCN1CCc2nc(Nc3ncc(F)c(-c4cc(F)c5nc(C)n(C(C)C)c5c4)n3)ccc2C1,8.316052869248487
CHEMBL5899535,CDK6,4.84,nM,Cc1nc2c(F)cc(-c3nc(Nc4ccc5c(n4)CCN(C(=O)C4CC(O)C4)C5)ncc3F)cc2n1C(C)C,8.315154638355587
CHEMBL5956369,CDK4,4.84,nM,Cc1nc2c(F)cc(-c3nc(Nc4ccc5c(n4)CCNC5)ncc3F)cc2n1C1CCCC1,8.315154638355587
CHEMBL5791509,CDK6,4.84,nM,Cc1nc2c(F)cc(-c3nc(Nc4ccc5c(n4)CCN(C(=O)CC4CC(O)C4)C5)ncc3F)cc2n1C1CC1,8.315154638355587
CHEMBL5894084,CDK6,4.88,nM,Cc1nc2c(F)cc(-c3nc(Nc4ccc5c(n4)CCN(C(=O)CN)C5)ncc3F)cc2n1C(C)C,8.311580177997289
CHEMBL5884004,CDK6,4.88,nM,Cc1nc2c(F)cc(-c3nc(Nc4ccc5c(n4)CCN(C(=O)[C@H](C)N(C)C)C5)ncc3F)cc2n1C1CC1,8.311580177997289
CHEMBL5811164,CDK6,4.88,nM,Cc1nc2c(F)cc(-c3nc(Nc4ccc5c(n4)CCC(C(=O)CN)C5)ncc3F)cc2n1C(C)C,8.311580177997289
CHEMBL3702050,CDK6,4.9,nM,COCCN1CCN(c2ccc(Nc3ncc4c5ccncc5n(C5CCCC5)c4n3)nc2)CC1,8.309803919971486
CHEMBL3698675,CDK4,4.9,nM,c1cc2c3cnc(Nc4ccc(N5CCNCC5)cc4)nc3n(C3CC4CCC3C4)c2cn1,8.309803919971486
CHEMBL3702096,CDK6,4.9,nM,OCCN1CCN(c2ccc(Nc3ncc4c5ccncc5n(C5CCCC5)c4n3)nc2)CC1,8.309803919971486
CHEMBL5568620,CDK1,4.9,nM,CC(C)c1c2cc(-c3ccnc(Nc4ccc5c(N6CCN(C)CC6)ncnc5c4)n3)ccc2nn1C,8.309803919971486
CHEMBL3698724,CDK4,4.9,nM,O=S1(=O)CCN(c2ccc(Nc3ncc4c5ccncc5n(C5CCCC5)c4n3)nn2)CC1,8.309803919971486
CHEMBL3702192,CDK4,4.9,nM,OCCNc1ccc(Nc2ncc3c4ccncc4n(C4CCCC4)c3n2)nn1,8.309803919971486
CHEMBL3698729,CDK4,4.9,nM,c1cc2c3cnc(Nc4ccc(NCC5CCCCN5)nn4)nc3n(C3CCCC3)c2cn1,8.309803919971486
CHEMBL5186159,CDK2,4.9,nM,NS(=O)(=O)c1ccc(Nc2ncc3c(n2)N(C2CCCC2)C(=O)C32CC2)cc1,8.309803919971486
CHEMBL3642035,CDK4,4.9,nM,CN(C)CCNC1CCN(c2ccc(Nc3ncc4c5ccncc5n(C5CCCC5)c4n3)nn2)CC1,8.309803919971486
CHEMBL4079206,CDK1,4.9,nM,CN1CC[C@H](c2c(O)cc(O)c3c(=O)cc(/C=C/c4c(Cl)cccc4Cl)oc23)[C@H](O)C1,8.309803919971486
CHEMBL5964401,CDK9,4.97,nM,CCC(CC)n1c(C)nc2c(F)cc(-c3nc(Nc4ccc5c(n4)CCNC5)ncc3F)cc21,8.303643611266669
CHEMBL5932825,CDK6,4.98,nM,Cc1nc2c(F)cc(-c3nc(Nc4ccc5c(n4)CCN(C(=O)CN(C)C)C5)ncc3F)cc2n1C1CC1,8.302770657240282
CHEMBL3691545,CDK4,5.0,nM,CN(C)C(=O)c1cc2cnc(Nc3ccc(C(=O)N4C[C@H]5CNC[C@@H](C4)C5O)cn3)nc2n1C1CCCCCC1,8.301029995663981
CHEMBL3923419,CDK9,5.0,nM,CCOc1cc(F)ccc1-c1nc(Nc2cc(F)cc(CS(C)(=O)=NC#N)c2)ncc1F,8.301029995663981
CHEMBL3894860,CDK6,5.0,nM,CN1CCN(c2ccc(Nc3ncc4cc5n(c4n3)C3(CCCCC3)CNC5=O)nc2)CC1,8.301029995663981
CHEMBL260417,CDK2,5.0,nM,O=C(Nc1n[nH]c2nc(-c3ccc(O)cc3)c(Br)cc12)C1CC1,8.301029995663981
CHEMBL3691553,CDK4,5.0,nM,CN(C)C(=O)c1cc2cnc(Nc3ccc(C(=O)N4C[C@@H]5CN[C@@H](C5)C4)cn3)nc2n1C1CCCC1,8.301029995663981
CHEMBL5789444,CDK6,5.0,nM,CC(C)CN1CCOc2c(F)cc(-c3nc(Nc4ccc(C5CCN(C)CC5)cn4)ncc3F)cc21,8.301029995663981
CHEMBL3962241,CDK9,5.0,nM,COc1cc(F)ccc1-c1nc(Nc2cc(F)cc(CS(C)(=N)=O)c2)ncc1F,8.301029995663981
CHEMBL5997157,CDK6,5.0,nM,CN1CCOc2c(F)cc(-c3nc(Nc4ccc(N5CCC(N(C)C)CC5)c(F)c4)ncc3F)cc21,8.301029995663981
CHEMBL260163,CDK2,5.0,nM,O=C(Nc1n[nH]c2cc(-c3ccc(O)cc3)ccc12)C1CC1,8.301029995663981
CHEMBL500804,CDK2,5.0,nM,O=C(NC1=NNC2=CC=CC21)C1CC1,8.301029995663981
CHEMBL5871732,CDK6,5.0,nM,CCCN1CCOc2c(F)cc(-c3nc(Nc4ccc(N5CCNCC5)c(F)c4)ncc3F)cc21,8.301029995663981
CHEMBL3642029,CDK4,5.0,nM,OC1CN(C2CCN(c3ccc(Nc4ncc5c6ccncc6n(C6CCCC6)c5n4)nc3)CC2)C1,8.301029995663981
CHEMBL3648082,CDK1,5.0,nM,COc1cc(Nc2ncc(Br)c(O[C@H](C)[C@H](C)O)n2)ccc1S(C)(=N)=O,8.301029995663981
CHEMBL3648076,CDK1,5.0,nM,C[C@@H](Nc1nc(Nc2ccc(S(=N)(=O)CC3CC3)cc2)ncc1Br)C(C)(C)O,8.301029995663981
CHEMBL6043217,CDK6,5.0,nM,CC(C)N1CCOc2c(F)cc(-c3nc(Nc4ccn(C5CCNCC5)c(=O)c4)ncc3F)cc21,8.301029995663981
CHEMBL3691663,CDK4,5.0,nM,CN(C)C(=O)c1cc2cnc(Nc3ccc(N4CC5CCC(CC4=O)N5)cn3)nc2n1-c1ccc(C(C)(C)C#N)cc1,8.301029995663981
CHEMBL5571022,CDK9,5.0,nM,CN(C)C(=O)c1cc2cnc(Nc3ccc(S(N)(=O)=O)cc3)nc2n1C1CCCC1,8.301029995663981
CHEMBL481562,CDK2,5.0,nM,O=C(NC1CC1)c1n[nH]c2cc(-c3ccc(O)cc3)c(Br)cc12,8.301029995663981
CHEMBL6007997,CDK4,5.0,nM,Cc1nc(Nc2ncc(F)c(-c3cc(F)c4c(c3)N(C(C)C)CCO4)n2)ccc1C1CCN(C)CC1,8.301029995663981
CHEMBL318999,CDK1,5.0,nM,Nc1nc(Nc2ccc(S(N)(=O)=O)cc2)nc(OCC2CCCCC2)c1N=O,8.301029995663981
CHEMBL3648116,CDK1,5.0,nM,C[C@H](Nc1nc(Nc2ccc(S(C)(=N)=O)cc2)ncc1Br)C(C)(C)O,8.301029995663981
CHEMBL5897019,CDK6,5.0,nM,CCN1CCC(c2ccc(Nc3ncc(F)c(-c4cc(F)c5c(c4)N(C(C)C)CCO5)n3)nc2)CC1,8.301029995663981
CHEMBL3702160,CDK4,5.0,nM,CN(C)[C@H]1CN(c2ccc(Nc3ncc4c5ccncc5n(C5CCCC5)c4n3)nn2)CC[C@@H]1O,8.301029995663981
CHEMBL1241849,CDK2,5.0,nM,CN(C)CCNS(=O)(=O)c1ccc(Nc2cccc(-c3cnc4ccccn34)c2)cc1,8.301029995663981
CHEMBL5908639,CDK9,5.0,nM,CC(=O)N[C@@H]1CCC[C@@H](C(=O)Nc2cc(-c3cnn4c3CCC(C)C4)c(Cl)cn2)C1,8.301029995663981
CHEMBL3691627,CDK4,5.0,nM,CN(C)C(=O)c1cc2cnc(Nc3ccc(N4CC5CNCC5CC4=O)cn3)nc2n1C1CCCC1,8.301029995663981
CHEMBL3691625,CDK4,5.0,nM,CN(C)C(=O)c1cc2cnc(Nc3ccc(N4C[C@H]5CNC[C@H]5CC4=O)cn3)nc2n1C1CCCCCC1,8.301029995663981
CHEMBL3702210,CDK4,5.0,nM,CNC1CCN(c2ccc(Nc3ncc4c5ccnc(F)c5n(C5CCCC5)c4n3)nc2)CC1,8.301029995663981
CHEMBL5961536,CDK6,5.0,nM,CC(C)N1CCOc2c(F)cc(-c3nc(Nc4ccc(C5CCN(C)CC5)c(F)c4)ncc3F)cc21,8.301029995663981
CHEMBL452601,CDK2,5.0,nM,C[C@H]1CNC[C@H](C(=O)Nc2ncc(SCc3ncc(C(C)(C)C)o3)s2)C1,8.301029995663981
CHEMBL3702154,CDK6,5.0,nM,CN(C)C1CCN(c2ccc(Nc3ncc4c5ccnc(F)c5n(C5CCCC5)c4n3)nn2)CC1,8.301029995663981
CHEMBL3648095,CDK1,5.0,nM,CCS(=N)(=O)c1ccc(Nc2ncc(Br)c(N[C@H](C)[C@H](C)O)n2)cc1,8.301029995663981
CHEMBL3648117,CDK1,5.0,nM,C[C@H](O)[C@@H](C)Nc1nc(Nc2ccc(S(C)(=N)=O)cc2)ncc1Br,8.301029995663981
CHEMBL3702082,CDK4,5.0,nM,C[C@H]1CNCCN1c1ccc(Nc2ncc3c4ccnc(F)c4n(C4CCCC4)c3n2)nc1,8.301029995663981
CHEMBL189937,CDK4,5.0,nM,Cc1c(Br)c(=O)n(C2CCCC2)c2nc(Nc3ccc(N4CCNCC4)cc3)ncc12,8.301029995663981
CHEMBL3673501,CDK9,5.0,nM,c1ccc(CNc2cncc(-c3ccnc4[nH]c(C5CCNCC5)cc34)n2)cc1,8.301029995663981
CHEMBL3673503,CDK9,5.0,nM,Fc1cc(F)cc(CNc2cncc(-c3ccnc4[nH]c(C5CCNCC5)cc34)n2)c1,8.301029995663981
CHEMBL337300,CDK1,5.0,nM,O=Nc1c(-c2c(O)[nH]c3ccc(I)cc23)[nH]c2ccccc12,8.301029995663981
CHEMBL3702083,CDK4,5.0,nM,C[C@@H]1CN(c2ccc(Nc3ncc4c5ccnc(F)c5n(C5CCCC5)c4n3)nc2)CCN1,8.301029995663981
CHEMBL462192,CDK1,5.0,nM,Cc1ncc(-c2nc(Nc3ccc(C(=O)N4CCCN(C)CC4)cc3)ncc2F)n1C(C)C,8.301029995663981
CHEMBL415471,CDK2,5.0,nM,N#CCCc1cc(-c2ccc[nH]2)c2c3c(ccc(F)c13)NC2=O,8.301029995663981
CHEMBL3648110,CDK1,5.0,nM,C[C@H](O)[C@@H](C)Nc1nc(Nc2ccc(S(=N)(=O)CCO)cc2)ncc1Br,8.301029995663981
CHEMBL4442620,CDK9,5.0,nM,C[C@@H](O)[C@@H](C)Oc1nc(Nc2ccc(S(=N)(=O)C3CC3)cc2)ncc1C(F)(F)F,8.301029995663981
CHEMBL5749487,CDK6,5.0,nM,CC(C)N1CCOc2c(F)cc(-c3nc(Nc4ccc(C5CCN(C)CC5=O)cn4)ncc3F)cc21,8.301029995663981
CHEMBL4764656,CDK9,5.0,nM,C[C@H](CO)Nc1nc(Nc2ccc(S(N)(=O)=O)cc2)ncc1Br.Cl,8.301029995663981
CHEMBL3981911,CDK9,5.0,nM,COc1cc(F)ccc1-c1nc(Nc2cc(Cl)cc(CS(C)(=N)=O)c2)ncc1F,8.301029995663981
CHEMBL4579344,CDK2,5.0,nM,Cc1cc(C)c(CNc2nc(N[C@@H](C)[C@@H](C)O)nc3c2ncn3C(C)C)cn1,8.301029995663981
CHEMBL427909,CDK2,5.0,nM,O=C(Nc1n[nH]c2nc(-c3ccc(O)cc3)c(-c3ccccc3)cc12)C1CC1,8.301029995663981
CHEMBL4764173,CDK2,5.0,nM,CC[C@H](Nc1nc(NCc2ccccc2)c2ncn(C(C)C)c2n1)[C@@H](C)O,8.301029995663981
CHEMBL4761602,CDK9,5.0,nM,Nc1nc(C[C@H]2CC3CCC2C3)sc1C(=O)c1ccccc1[N+](=O)[O-],8.301029995663981
CHEMBL5930675,CDK9,5.0,nM,CC(=O)N[C@@H]1CCC[C@H](C(=O)Nc2cc(-c3cnc4n3CC(C)(C)C4)c(F)cn2)C1,8.301029995663981
CHEMBL3702185,CDK4,5.0,nM,CCN(CC)C1CCN(c2ccc(Nc3ncc4c5ccnc(O)c5n(C5CCCC5)c4n3)nc2)CC1,8.301029995663981
CHEMBL3976450,CDK9,5.0,nM,CCS(=N)(=O)Cc1cccc(Nc2ncc(F)c(-c3ccc(F)cc3OC)n2)c1,8.301029995663981
CHEMBL5202522,CDK9,5.0,nM,Nc1nc(N[C@H]2CC3CCC2C3)sc1C(=O)c1ccccc1[N+](=O)[O-],8.301029995663981
CHEMBL3648123,CDK2,5.0,nM,CCS(=N)(=O)c1ccc(Nc2ncc(Br)c(N[C@H](C)C(C)(C)O)n2)cc1,8.301029995663981
CHEMBL5739950,CDK1,5.0,nM,O=C1NCC2(CCCCC2)n2c1cc1cnc(Nc3ccc(C(=O)N4CCNCC4)cc3)nc12,8.301029995663981
CHEMBL3892881,CDK9,5.0,nM,CS(=N)(=O)Cc1cccc(Nc2ncc(F)c(-c3ccc(F)cc3OCc3ccc(F)cc3)n2)c1,8.301029995663981
CHEMBL562754,CDK1,5.0,nM,C[C@@H]1CNc2c(sc3ccc4c(c23)CCO4)C(=O)N1,8.301029995663981
CHEMBL3109950,CDK2,5.0,nM,CN(C)S(=O)(=O)c1ccc(Nc2cc3[nH]c(-c4cn[nH]c4)cc3cn2)cc1,8.301029995663981
CHEMBL6034655,CDK6,5.0,nM,CC(C)N1CCOc2c(F)cc(-c3nc(Nc4ccc(N5CCC(N6CCCC6)CC5)c(F)c4)ncc3F)cc21,8.301029995663981
CHEMBL72509,CDK2,5.0,nM,Clc1cccc(Nc2nccc(-c3cnc4ccccn34)n2)c1,8.301029995663981
CHEMBL4741442,CDK9,5.0,nM,C[C@H](CO)Nc1nc(Nc2ccc(S(N)(=O)=O)cc2)ncc1Br,8.301029995663981
CHEMBL440411,CDK1,5.0,nM,O=C1Nc2ccc(S(=O)(=O)O)cc2/C1=C1/Nc2ccccc2/C1=N\O,8.301029995663981
CHEMBL70824,CDK2,5.0,nM,CN(C)CCCN(C)S(=O)(=O)c1ccc(Nc2nccc(-c3cnc4ccccn34)n2)cc1,8.301029995663981
CHEMBL5195030,CDK2,5.0,nM,CC[C@@H](Nc1nc(NCc2cnc(C)cc2C)c2ncn(C(C)C)c2n1)[C@H](C)O,8.301029995663981
CHEMBL3354186,CDK2,5.0,nM,COC1CCN(c2nccc(Nc3cc4[nH]c(-c5cn[nH]c5)cc4cn3)n2)CC1,8.301029995663981
CHEMBL79498,CDK2,5.0,nM,O=C1Nc2ccc(F)c3c(S[C@H]4CCNC4)cc(-c4ccc[nH]4)c1c23,8.301029995663981
CHEMBL5857638,CDK4,5.0,nM,Fc1cnc(Nc2ccc3c(n2)CCNC3)nc1-c1cc(F)c2c(c1)N(C1CCCC1)CCO2,8.301029995663981
CHEMBL123368,CDK2,5.0,nM,NS(=O)(=O)c1cccc(Nc2nc(OCC3CCCCC3)c3nc[nH]c3n2)c1,8.301029995663981
CHEMBL102926,CDK1,5.0,nM,Cc1nc2ccccn2c1-c1ccnc(Nc2ccc(OCC(O)CN(C)C)cc2)n1,8.301029995663981
CHEMBL72548,CDK2,5.0,nM,CN(C)CCNS(=O)(=O)c1ccc(Nc2nccc(-c3cnc4ccccn34)n2)cc1,8.301029995663981
CHEMBL4446626,CDK6,5.01,nM,Cc1nc2c(F)cc(-c3nc(Nc4ccc5c(n4)CCN(CCN(C)C)C5)ncc3F)cc2n1C1CCCC1,8.300162274132754
CHEMBL3698749,CDK4,5.1,nM,F[C@@H]1CCN(c2ccc(Nc3ncc4c5ccncc5n(C5CCCC5)c4n3)nn2)C1,8.292429823902063
CHEMBL3641992,CDK6,5.1,nM,C[C@H](CO)NC1CCN(c2ccc(Nc3ncc4c5ccncc5n(C5CCCC5)c4n3)nc2)CC1,8.292429823902063
CHEMBL3642014,CDK6,5.1,nM,OCCNC1CCN(c2ccc(Nc3ncc4c5ccncc5n(C5CCCC5)c4n3)nc2)CC1,8.292429823902063
CHEMBL3698659,CDK6,5.1,nM,c1cc2c3cnc(Nc4ccc(N5CCNCC5)cn4)nc3n(C3CC4CCC3C4)c2cn1,8.292429823902063
CHEMBL3642032,CDK6,5.1,nM,O=C(O)CNC1CCN(c2ccc(Nc3ncc4c5ccncc5n(C5CCCC5)c4n3)nc2)CC1,8.292429823902063
CHEMBL5972036,CDK6,5.16,nM,C#CCN1CCCC1CN1CCc2nc(Nc3ncc(F)c(-c4cc(F)c5nc(C)n(C(C)C)c5c4)n3)ccc2C1,8.28735029837279
CHEMBL5894670,CDK6,5.17,nM,Cc1nc2c(F)cc(-c3nc(Nc4ccc5c(n4)CCN(C(=O)NCCO)C5)ncc3F)cc2n1C(C)C,8.286509456906057
CHEMBL3698689,CDK4,5.2,nM,Fc1cncc2c1c1cnc(Nc3ccc(N4CCNCC4)cn3)nc1n2C1CCCC1,8.2839966563652
CHEMBL3642010,CDK4,5.2,nM,CCN(CCO)C1CCN(c2ccc(Nc3ncc4c5ccncc5n(C5CCCC5)c4n3)nn2)CC1,8.2839966563652
CHEMBL4205366,CDK4,5.2,nM,CCN1CCN(Cc2ccc(Nc3cc(-c4cc(F)c5nc(C)n(C(C)C)c5c4)ccn3)nn2)CC1,8.2839966563652
CHEMBL5775992,CDK4,5.23,nM,Cc1nc2c(F)cc(-c3nc(Nc4ccc5c(n4)CCN(C(=O)C(C)(C)N(C)C)C5)ncc3F)cc2n1C(C)C,8.281498311132726
CHEMBL3698668,CDK4,5.3,nM,CC1(n2c3cnccc3c3cnc(Nc4ccc(N5CCNCC5)cn4)nc32)CCC1,8.275724130399212
CHEMBL3702159,CDK6,5.3,nM,c1cc2c3cnc(Nc4ccc(C5CCNCC5)cn4)nc3n(C3CCCC3)c2cn1,8.275724130399212
CHEMBL3702065,CDK6,5.3,nM,CN(C)C1CC2CCC(C1)N2c1ccc(Nc2ncc3c4ccncc4n(C4CCCC4)c3n2)nc1,8.275724130399212
CHEMBL3702121,CDK4,5.3,nM,CCOC(=O)CN1CCN(Cc2ccc(Nc3ncc4c5ccncc5n(C5CCCC5)c4n3)nc2)CC1,8.275724130399212
CHEMBL3702035,CDK4,5.3,nM,CN(C)C1CCN(c2ccc(Nc3ncc4c5cc[nH]c(=O)c5n(C5CCCC5)c4n3)nn2)CC1,8.275724130399212
CHEMBL3698697,CDK4,5.4,nM,O=S1(=O)CCN(c2ccc(Nc3ncc4c5ccncc5n(C5CCCC5)c4n3)nc2)CC1,8.267606240177031
CHEMBL319467,CDK2,5.4,nM,NS(=O)(=O)c1ccc(Nc2nc(OCC3CCCCC3)c3nc[nH]c3n2)cc1,8.267606240177031
CHEMBL3702065,CDK4,5.4,nM,CN(C)C1CC2CCC(C1)N2c1ccc(Nc2ncc3c4ccncc4n(C4CCCC4)c3n2)nc1,8.267606240177031
CHEMBL4876497,CDK9,5.41,nM,Cc1n[nH]c2ccc(-c3cc(N[C@@H](CO)c4ccccc4)cnc3Cl)cc12,8.26680273489343
CHEMBL5839538,CDK6,5.46,nM,Cc1nc2c(F)cc(-c3nc(Nc4ccc5c(n4)CCN(C(=O)CCN(C)C)C5)ncc3F)cc2n1C1CC1,8.262807357295262
CHEMBL5757792,CDK6,5.46,nM,C=C(CCN(C)C)N1CCc2nc(Nc3ncc(F)c(-c4cc(F)c5nc(C)n(C6CC6)c5c4)n3)ccc2C1,8.262807357295262
CHEMBL3691622,CDK4,5.5,nM,CN(C)C(=O)c1cc2cnc(Nc3ccc(N4C[C@H]5CNC[C@H]5C4=O)cn3)nc2n1C1CCCC1,8.259637310505756
CHEMBL3691676,CDK4,5.5,nM,CN(C)C(=O)c1cc2cnc(Nc3ccc(N4C[C@H]5CC[C@@H](CC4=O)N5C)cn3)nc2n1C1CCCC1,8.259637310505756
CHEMBL3698662,CDK4,5.5,nM,CC(C)(C)n1c2cnccc2c2cnc(Nc3ccc(N4CCNCC4)cn3)nc21,8.259637310505756
CHEMBL3691612,CDK4,5.5,nM,CN(C)C(=O)c1cc2cnc(Nc3ccc(C(=O)N4CC[C@@H]5CC[C@H](C4)N5)cn3)nc2n1C1CCCC1,8.259637310505756
CHEMBL6028333,CDK4,5.5,nM,CC(C)CN1CCOc2c(F)cc(-c3nc(Nc4ccc(N5CCC(N(C)C)CC5)c(F)c4)ncc3F)cc21,8.259637310505756
CHEMBL3702196,CDK4,5.5,nM,C[C@@H](CO)Nc1ccc(Nc2ncc3c4ccncc4n(C4CCCC4)c3n2)nn1,8.259637310505756
CHEMBL3698747,CDK4,5.5,nM,c1cc2c3cnc(Nc4ccc(N5CCCNCC5)nn4)nc3n(C3CCCC3)c2cn1,8.259637310505756
CHEMBL3691607,CDK4,5.5,nM,CN(C)C(=O)c1cc2cnc(Nc3ccc(C(=O)N4CC5CCC(C4)N5)cn3)nc2n1C1CCCCC1,8.259637310505756
CHEMBL5774057,CDK4,5.5,nM,CC(C)N1CCOc2c(F)cc(-c3nc(Nc4ccc(CN5CCC(N(C)C)CC5)c(F)c4)ncc3F)cc21,8.259637310505756
CHEMBL5843019,CDK4,5.5,nM,CC(C)N1CCOc2c(F)cc(-c3nc(Nc4ccc(C(N)=O)cn4)ncc3F)cc21,8.259637310505756
CHEMBL3691580,CDK4,5.5,nM,CN(C)C(=O)c1cc2cnc(Nc3ccc(C(=O)N4CC5CCC(C4)N5)cn3)nc2n1[C@H]1CC[C@H](C(C)(C)C)CC1,8.259637310505756
CHEMBL4095226,CDK2,5.5,nM,Nc1nccc(-c2c[nH]c3ncc(-c4ccc(F)cc4)cc23)n1,8.259637310505756
CHEMBL3702073,CDK4,5.5,nM,OCCN1CCN(c2ccc(Nc3ncc4c5ccnc(Cl)c5n(C5CCCC5)c4n3)nc2)CC1,8.259637310505756
CHEMBL5757213,CDK6,5.51,nM,Cc1nc2c(F)cc(-c3nc(Nc4ccc5c(n4)CCN(CCCN(C)C)C5)ncc3F)cc2n1C1CC1,8.258848401148216
CHEMBL1964242,CDK2,5.6,nM,O=C1Nc2ccc3ncsc3c2/C1=C/Nc1ccc(S(=O)(=O)NCc2ccccc2)cc1,8.2518119729938
CHEMBL1964253,CDK2,5.6,nM,CN(c1ccccn1)S(=O)(=O)c1ccc(N/C=C2\C(=O)Nc3ccc4ncsc4c32)cc1,8.2518119729938
CHEMBL3698720,CDK4,5.6,nM,N[C@@H]1CCN(c2cnc(Nc3ncc4c5ccncc5n(C5CCCC5)c4n3)cn2)C1,8.2518119729938
CHEMBL5762588,CDK6,5.6,nM,Cc1nc2c(F)cc(-c3nc(Nc4ccc5c(n4)CCN(CC(C)(C)N)C5)ncc3F)cc2n1C1CC1,8.2518119729938
CHEMBL3702079,CDK4,5.6,nM,CC(C)(O)CN1CCN(c2ccc(Nc3ncc4c5ccnc(F)c5n(C5CCCC5)c4n3)nc2)CC1,8.2518119729938
CHEMBL3702157,CDK4,5.6,nM,C1=C(c2ccc(Nc3ncc4c5ccncc5n(C5CCCC5)c4n3)nn2)CCNC1,8.2518119729938
CHEMBL3698733,CDK4,5.6,nM,OCC1CCN(c2ccc(Nc3ncc4c5ccncc5n(C5CCCC5)c4n3)nn2)CC1,8.2518119729938
CHEMBL248891,CDK1,5.6,nM,COCc1cccc2[nH]c(-c3n[nH]c4ncc(-c5cncc6ccccc56)cc34)nc12,8.2518119729938
CHEMBL1964245,CDK2,5.6,nM,CNS(=O)(=O)c1ccc(N/C=C2\C(=O)Nc3ccc4ncsc4c32)cc1,8.2518119729938
CHEMBL4214123,CDK4,5.6,nM,Cc1nc2c(F)cc(-c3cc(Nc4cnc(CN5CCN(CC(F)(F)F)CC5)cn4)ncn3)cc2n1C(C)C,8.2518119729938
CHEMBL3698683,CDK6,5.6,nM,c1cc2c3cnc(Nc4ccc(N5CCCNCC5)cn4)nc3n(C3CCCC3)c2cn1,8.2518119729938
CHEMBL4445727,CDK6,5.67,nM,CCn1c(C)nc2c(F)cc(-c3nc(Nc4ccc5c(n4)CCN(CCN(C)C)C5)ncc3F)cc21,8.246416941107093
CHEMBL4209318,CDK4,5.7,nM,CC1CCc2nc3c(F)cc(-c4nc(Nc5ccc(CN6CCN(C)CC6)cn5)ncc4F)cc3n21,8.244125144327509
CHEMBL1234086,CDK2,5.7,nM,CNS(=O)(=O)Cc1ccc(N/N=C2\C(=O)Nc3ccc4ncsc4c32)cc1,8.244125144327509
CHEMBL3642033,CDK6,5.7,nM,O=C(O)CNC1CCN(c2ccc(Nc3ncc4c5ccncc5n(C5CCCC5)c4n3)nn2)CC1,8.244125144327509
CHEMBL4210707,CDK4,5.7,nM,CC1(C)CCc2nc3c(F)cc(-c4nc(Nc5ccc(CN6CCN(CCF)CC6)cn5)ncc4F)cc3n21,8.244125144327509
CHEMBL6008170,CDK6,5.7,nM,CS(=O)(=O)c1cc2cnc(Nc3ccc(N4CCNCC4)cn3)nc2n1C1CCCC1,8.244125144327509
CHEMBL3698664,CDK6,5.7,nM,C[C@@H](C1CCCCC1)n1c2cnccc2c2cnc(Nc3ccc(N4CCNCC4)cn3)nc21,8.244125144327509
CHEMBL5878959,CDK6,5.7,nM,Fc1cnc(Nc2ccc(N3CCNCC3)cn2)nc1-c1cc(F)c2c(c1)NCCO2,8.244125144327509
CHEMBL3641995,CDK6,5.7,nM,C[C@H](O)CNC1CCN(c2ccc(Nc3ncc4c5ccncc5n(C5CCCC5)c4n3)nn2)CC1,8.244125144327509
CHEMBL3642024,CDK4,5.7,nM,CC(C)NC1CCN(c2ccc(Nc3ncc4c5ccncc5n(C5CCCC5)c4n3)nc2)CC1,8.244125144327509
CHEMBL1964260,CDK2,5.7,nM,CS(=O)(=O)c1ccc(N/C=C2\C(=O)Nc3ccc4ncsc4c32)cc1,8.244125144327509
CHEMBL5784667,CDK6,5.78,nM,Cc1nc2c(F)cc(-c3nc(Nc4ccc5c(n4)CCN(C(=O)C(C)N(C)C)C5)ncc3F)cc2n1C(C)C,8.23807216157947
CHEMBL3702053,CDK6,5.8,nM,CCN(CC)C1CCN(c2ccc(Nc3ncc4c5ccncc5n(C5CCCC5)c4n3)nn2)CC1,8.236572006437063
CHEMBL3641996,CDK4,5.8,nM,CN(CCO)C1CCN(c2ccc(Nc3ncc4c5ccncc5n(C5CCCC5)c4n3)nn2)CC1,8.236572006437063
CHEMBL4214123,CDK6,5.8,nM,Cc1nc2c(F)cc(-c3cc(Nc4cnc(CN5CCN(CC(F)(F)F)CC5)cn4)ncn3)cc2n1C(C)C,8.236572006437063
CHEMBL5818702,CDK6,5.89,nM,C/C(=N/O)N(C)CCN1CCc2nc(Nc3ncc(F)c(-c4cc(F)c5nc(C)n(C(C)(C)C)c5c4)n3)ccc2C1,8.229884705212898
CHEMBL4438497,CDK6,5.89,nM,Cc1nc2c(F)cc(-c3nc(Nc4ccc5c(n4)CCN(CCN(C)C(N)=S)C5)ncc3F)cc2n1C(C)C,8.229884705212898
CHEMBL3971812,CDK6,5.9,nM,OC1CCC(n2c3cnccc3c3cnc(Nc4ccc(N5CCNCC5)cn4)nc32)CC1,8.229147988357855
CHEMBL6144286,CDK9,5.9,nM,Cn1cc(-c2c(Cl)cnc3[nH]c(C4CCNCC4)cc23)cn1,8.229147988357855
CHEMBL4755696,CDK9,5.9,nM,CC(C)N1c2cc(Nc3nccc(-c4cccc(N)c4)n3)ccc2N(C)C(=O)[C@H]1C,8.229147988357855
CHEMBL3698707,CDK4,5.9,nM,c1cc2c3cnc(Nc4ccc(N5CCC(N6CCCC6)CC5)cn4)nc3n(C3CCCC3)c2cn1,8.229147988357855
CHEMBL3698742,CDK4,5.9,nM,CN1CCN(c2ccc(Nc3ncc4c5ccncc5n(C5CCCC5)c4n3)nn2)CC1,8.229147988357855
CHEMBL3702194,CDK4,5.9,nM,C[C@H](O)CNc1ccc(Nc2ncc3c4ccncc4n(C4CCCC4)c3n2)nn1,8.229147988357855
CHEMBL3912866,CDK9,6.0,nM,COc1cc(F)ccc1-c1nc(Nc2cc(CS(C)(=N)=O)cc(C(F)(F)C(F)(F)F)c2)ncc1F,8.221848749616356
CHEMBL5991757,CDK4,6.0,nM,CC(C)N1C(=O)COc2c(F)cc(-c3nc(Nc4ccc(N5CCNCC5)cn4)ncc3F)cc21,8.221848749616356
CHEMBL3644024,CDK2,6.0,nM,CC(C)S(=O)(=O)c1ccc(Nc2ncc(C(F)(F)F)c(O[C@H](C)[C@@H](C)O)n2)cc1,8.221848749616356
CHEMBL4448572,CDK9,6.0,nM,COCCNC(=O)Nc1nc2cc(OS(=O)(=O)c3c(F)cccc3F)ccc2[nH]1,8.221848749616356
CHEMBL520353,CDK2,6.0,nM,Cc1ncc(-c2ccnc(Nc3ccc(S(=O)(=O)NCCCOC(C)C)cc3)n2)n1C,8.221848749616356
CHEMBL1241567,CDK2,6.0,nM,CCCCOc1c(C(=O)c2c(F)cc(C)cc2F)ccc2[nH]ncc12,8.221848749616356
CHEMBL5946157,CDK4,6.0,nM,CC(C)N1CCOc2c(F)cc(-c3nc(Nc4ccc(S(N)(=O)=O)cc4)ncc3F)cc21,8.221848749616356
CHEMBL476993,CDK2,6.0,nM,Cc1ncc(-c2nc(Nc3ccc(N4CCN(C(=O)CO)CC4)cc3)ncc2F)n1C(C)C,8.221848749616356
CHEMBL3959867,CDK9,6.0,nM,CCOc1cc(F)ccc1-c1nc(Nc2cc(F)cc(CS(C)(=N)=O)c2)ncc1F,8.221848749616356
CHEMBL103355,CDK2,6.0,nM,Cc1ccc(F)c(Nc2ccnc(Nc3ccc(S(N)(=O)=O)cc3)n2)c1,8.221848749616356
CHEMBL6052625,CDK6,6.0,nM,CN1CCOc2c(F)cc(-c3nc(Nc4ccc(N5CCNCC5)c(F)c4)ncc3F)cc21,8.221848749616356
CHEMBL3648114,CDK2,6.0,nM,CN=S(C)(=O)c1ccc(Nc2ncc(Br)c(N[C@H](C)[C@H](C)O)n2)cc1OC,8.221848749616356
CHEMBL5822013,CDK4,6.0,nM,CC(C)N1CCOc2c(F)cc(-c3nc(Nc4cnn(C5CCN(C)CC5)c4)ncc3F)cc21,8.221848749616356
CHEMBL3702124,CDK4,6.0,nM,O=C(c1ccc(Nc2ncc3c4ccnc(F)c4n(C4CCCC4)c3n2)nc1)N1CCNCC1,8.221848749616356
CHEMBL5199065,CDK9,6.0,nM,CCC(CC)c1cc(N[C@H]2CC[C@H](N)C2)n2nccc2n1,8.221848749616356
CHEMBL2029901,CDK1,6.0,nM,CN1CCN(C(=O)c2cc(Nc3ncc4cc(C#N)n(C5CCCC5)c4n3)cn2C)CC1,8.221848749616356
CHEMBL460103,CDK2,6.0,nM,Cc1ncc(-c2nc(Nc3ccc(C(=O)N4CC[C@@H](N(C)C)C4)cc3)ncc2F)n1C(C)C,8.221848749616356
CHEMBL3648119,CDK2,6.0,nM,COC[C@H](Nc1nc(Nc2ccc(S(C)(=N)=O)cc2)ncc1Br)[C@H](C)O,8.221848749616356
CHEMBL468963,CDK4,6.0,nM,CN1CCN(c2ccc(Nc3nccc(-c4cnn5ncccc45)n3)cc2C(F)(F)F)CC1,8.221848749616356
CHEMBL5207871,CDK9,6.0,nM,CC(C)n1cc(-c2ccnc3[nH]c(C4CCN(CC(=O)N5CCCC5)CC4)cc23)ccc1=O,8.221848749616356
CHEMBL4589249,CDK9,6.0,nM,COc1cc(F)ccc1-c1cc(Nc2cc(C[S@](C)(=N)=O)ccn2)ncc1F,8.221848749616356
CHEMBL191003,CDK1,6.0,nM,Nc1nc(Nc2ccc(S(N)(=O)=O)cc2)nn1C(=O)c1c(F)cccc1F,8.221848749616356
CHEMBL3691623,CDK4,6.0,nM,CN(C)C(=O)c1cc2cnc(Nc3ccc(N4C[C@@H]5CNC[C@@H]5C4=O)cn3)nc2n1C1CCCC1,8.221848749616356
CHEMBL6147551,CDK6,6.0,nM,CC(=O)N1CCC2(CC1)CC(=O)c1ccc(-c3nc(Nc4ccc(N5CCN(CC6CC6)CC5)cn4)ncc3F)cc1O2,8.221848749616356
CHEMBL3949630,CDK9,6.0,nM,COc1cc(F)ccc1-c1nc(Nc2cc(F)cc(CS(=O)(=NC#N)C3CC3)c2)ncc1F,8.221848749616356
CHEMBL3673545,CDK9,6.0,nM,O=C(CO)N1CCC(c2cc3c(-c4nc(NCc5cccc(F)c5)c(F)cc4F)ccnc3[nH]2)CC1,8.221848749616356
CHEMBL383961,CDK4,6.0,nM,O=c1c2cccc3c2sn1CCNCCOc1cccc2nc(O)c-3nc12,8.221848749616356
CHEMBL3691629,CDK4,6.0,nM,CN(C)C(=O)c1cc2cnc(Nc3ccc(N4C[C@@H]5CNC[C@@H]5CC4=O)cn3)nc2n1C1CCCC1,8.221848749616356
CHEMBL3691628,CDK4,6.0,nM,CN(C)C(=O)c1cc2cnc(Nc3ccc(N4C[C@H]5CNC[C@H]5CC4=O)cn3)nc2n1C1CCCC1,8.221848749616356
CHEMBL386467,CDK4,6.0,nM,O=c1c2cccc(-c3nc4ccccc4nc3O)c2sn1C1CCCC1,8.221848749616356
CHEMBL5961010,CDK4,6.0,nM,CC(C)N1CCOc2c(F)cc(-c3nc(Nc4ccc(N5CCNCC5)c(C#N)c4)ncc3F)cc21,8.221848749616356
CHEMBL510436,CDK2,6.0,nM,Cc1ncc(-c2ccnc(Nc3ccc(C(=O)N(C)C)c(F)c3)n2)n1C(C)C,8.221848749616356
CHEMBL3644032,CDK2,6.0,nM,C[C@@H](O)[C@@H](C)Oc1nc(Nc2ccc(S(=O)(=O)C3CC3)cc2)ncc1C(F)(F)F,8.221848749616356
CHEMBL3648072,CDK2,6.0,nM,C[C@@H](Nc1nc(Nc2ccc(S(C)(=N)=O)cc2)ncc1Br)C(C)(C)O,8.221848749616356
CHEMBL291324,CDK1,6.0,nM,Nc1nc(N)c(N=O)c(=O)[nH]1,8.221848749616356
CHEMBL5195947,CDK9,6.0,nM,COc1cc(F)ccc1-c1ccnc2[nH]c(C3CCN(CC(=O)N(C)C)CC3)cc12,8.221848749616356
CHEMBL488436,CDK2,6.0,nM,Cc1ncc(-c2ccnc(Nc3ccc(S(C)(=O)=O)cc3)n2)n1C(C)C,8.221848749616356
CHEMBL23254,CDK2,6.0,nM,CC(C)[C@H](CO)Nc1nc(Nc2ccc(C(=O)O)c(Cl)c2)c2ncn(C(C)C)c2n1,8.221848749616356
CHEMBL5974817,CDK4,6.0,nM,CC(C)N1CCOc2c(F)cc(-c3nc(Nc4ccc(N5CCNCC5)cc4F)ncc3F)cc21,8.221848749616356
CHEMBL3691556,CDK4,6.0,nM,CN(C)C(=O)c1cc2cnc(Nc3ccc(C(=O)N4CC5CC(C4)N(C)C5)cn3)nc2n1C1CCCC1,8.221848749616356
CHEMBL6058548,CDK4,6.0,nM,CC(C)N1CCOc2c(F)cc(-c3nc(Nc4ccc(N5CCC(N(C)C)CC5)c(F)c4)ncc3F)cc21,8.221848749616356
CHEMBL73243,CDK1,6.0,nM,COCCCNS(=O)(=O)c1ccc(Nc2nccc(-c3cnc4ccccn34)n2)cc1,8.221848749616356
CHEMBL3917892,CDK9,6.0,nM,CCS(=N)(=O)Cc1cc(F)cc(Nc2ncc(F)c(-c3ccc(F)cc3OC)n2)c1,8.221848749616356
CHEMBL6020156,CDK2,6.02,nM,Cc1nc2c(F)cc(-c3nc(Nc4ccc5c(n4)CCN(C/C=N/O)C5)ncc3F)cc2n1C(C)C,8.220403508742175
CHEMBL4856767,CDK9,6.04,nM,Cc1n[nH]c2ccc(-c3cncc(N[C@@H](CO)c4ccccc4)n3)cc12,8.218963061378869
CHEMBL3698721,CDK4,6.1,nM,c1cc2c3cnc(Nc4ccc(N[C@@H]5CCNC5)nn4)nc3n(C3CCCC3)c2cn1,8.214670164989233
CHEMBL3698665,CDK6,6.1,nM,c1cc2c3cnc(Nc4ccc(N5CCNCC5)cn4)nc3n(C3CCC3)c2cn1,8.214670164989233
CHEMBL5751375,CDK6,6.14,nM,Cc1nc2c(F)cc(-c3nc(Nc4ccc5c(n4)CCNC5)ncc3F)cc2n1CC1CC1,8.211831628858832
CHEMBL5789562,CDK6,6.14,nM,Cc1nc2c(F)cc(-c3nc(Nc4ccc5c(n4)CCN(C(=O)[C@H]4CCCN4C)C5)ncc3F)cc2n1C1CC1,8.211831628858832
CHEMBL3642038,CDK4,6.2,nM,CN(C)C1CN(c2ccc(Nc3ncc4c5ccncc5n(C5CCCC5)c4n3)nn2)CCC1O,8.207608310501746
CHEMBL3702071,CDK6,6.2,nM,c1cc2c3cnc(Nc4nc(CN5CCNCC5)cs4)nc3n(C3CCCC3)c2cn1,8.207608310501746
CHEMBL3698730,CDK4,6.2,nM,c1cc2c3cnc(Nc4ccc(NCC5COCCN5)nn4)nc3n(C3CCCC3)c2cn1,8.207608310501746
CHEMBL5941223,CDK6,6.23,nM,Cc1nc2c(F)cc(-c3nc(Nc4ccc5c(n4)CCNC5)ncc3F)cc2n1C1CCC(C)CC1,8.20551195334083
CHEMBL6038282,CDK6,6.24,nM,Cc1nc2c(F)cc(-c3nc(Nc4ccc5c(n4)CCN(C(=O)[C@@H]4CCCN4)C5)ncc3F)cc2n1C1CC1,8.204815410317575
CHEMBL4449998,CDK6,6.26,nM,Cc1nc2c(F)cc(-c3nc(Nc4ccc5c(n4)CCN(CCN(C)C)C5)ncc3F)cc2n1CC1CC1,8.20342566678957
CHEMBL3642001,CDK6,6.3,nM,OCC(CO)NC1CCN(c2ccc(Nc3ncc4c5ccncc5n(C5CCCC5)c4n3)nn2)CC1,8.200659450546418
CHEMBL3684992,CDK4,6.3,nM,C[C@H]1CC[C@H](n2c3cnccc3c3cnc(Nc4ccc5c(n4)CN(C(=O)CO)CC5)nc32)CC1,8.200659450546418
CHEMBL5787921,CDK6,6.36,nM,CN[C@H](C)C(=O)N1CCc2nc(Nc3ncc(F)c(-c4cc(F)c5nc(C)n(C6CC6)c5c4)n3)ccc2C1,8.196542884351587
CHEMBL3702047,CDK6,6.4,nM,CCN1CCN(c2ccc(Nc3ncc4c5ccncc5n(C5CCCC5)c4n3)nc2)CC1,8.193820026016112
CHEMBL4562323,CDK2,6.4,nM,CC(C)c1cnn2c(NCc3ccccc3-n3cccn3)nc(OC3CCCNC3)nc12,8.193820026016112
CHEMBL215803,CDK4,6.4,nM,C[C@@H]1C[C@H]2CN1CCn1nc3c(cccc3c1O)-c1nc3c(cccc3nc1O)O2,8.193820026016112
CHEMBL3698716,CDK4,6.4,nM,c1cc2c3cnc(Nc4cnc(N5CCCNCC5)cn4)nc3n(C3CCCC3)c2cn1,8.193820026016112
CHEMBL3702095,CDK4,6.4,nM,OCCC1CCN(c2ccc(Nc3ncc4c5ccnc(F)c5n(C5CCCC5)c4n3)nc2)CC1,8.193820026016112
CHEMBL5763679,CDK6,6.44,nM,Cc1nc2c(F)cc(-c3nc(Nc4ccc5c(n4)CCN(C(=O)CN4CCOCC4)C5)ncc3F)cc2n1C(C)C,8.191114132640188
CHEMBL3691609,CDK4,6.5,nM,CN(C)C(=O)c1cc2cnc(Nc3ccc(C(=O)N4CC5CCC(C4)N5)cn3)nc2n1-c1ccc(C(C)(C)C#N)cc1,8.187086643357144
CHEMBL3691562,CDK4,6.5,nM,CN(C)C(=O)c1cc2cnc(Nc3ccc(C(=O)N4C[C@@H]5CC4CN5)cn3)nc2n1C1CCCC1,8.187086643357144
CHEMBL3702168,CDK6,6.5,nM,Oc1ccc(-c2ccc(Nc3ncc4c5ccncc5n(C5CCCC5)c4n3)nn2)cn1,8.187086643357144
CHEMBL5992232,CDK4,6.5,nM,CC(C)N1CCOc2c(F)cc(-c3nc(Nc4ccc5c(c4)CC(N(C)C)C5)ncc3F)cc21,8.187086643357144
CHEMBL3698684,CDK6,6.5,nM,O=C(c1csc(Nc2ncc3c4ccncc4n(C4CCCC4)c3n2)n1)N1CCNCC1,8.187086643357144
CHEMBL5865665,CDK9,6.58,nM,Cc1nc2c(F)cc(-c3nc(Nc4ccc5c(n4)CCNC5)ncc3F)cc2n1C(C)C1CC1,8.181774106386044
CHEMBL3702112,CDK4,6.6,nM,CC1(C)CCC(n2c3nc(Nc4ccc(N5CCC(N6CCCC6)CC5)cn4)ncc3c3ccnc(O)c32)CC1,8.18045606445813
CHEMBL3698642,CDK6,6.6,nM,c1cc2c3cnc(Nc4ccc(N5CCNCC5)nn4)nc3n(C3CCCC3)c2cn1,8.18045606445813
CHEMBL6002674,CDK2,6.68,nM,CNCCN1CCc2nc(Nc3ncc(F)c(-c4cc(F)c5nc(C)n(C(C)(C)C)c5c4)n3)ccc2C1,8.175223537524454
CHEMBL2158843,CDK2,6.7,nM,NS(=O)(=O)c1cccc(Nc2nccc(-c3ccnc(NCCCO)c3)n2)c1,8.173925197299173
CHEMBL3698735,CDK4,6.7,nM,O[C@H]1CCCN(c2ccc(Nc3ncc4c5ccncc5n(C5CCCC5)c4n3)nn2)C1,8.173925197299173
CHEMBL5971879,CDK9,6.74,nM,Cc1nc2c(F)cc(-c3nc(Nc4ccc5c(n4)CCN[C@H]5C)ncc3F)cc2n1C(C)(C)C,8.17134010346468
CHEMBL5903034,CDK9,6.74,nM,Cc1nc2c(F)cc(-c3nc(Nc4ccc5c(n4)CCN(CCN(C)CB(O)O)C5)ncc3F)cc2n1C(C)C,8.17134010346468
CHEMBL410072,CDK2,6.8,nM,CC(C)(CO)CNC(=O)c1ccc2c(c1)/C(=N/Nc1ccc(S(N)(=O)=O)cc1)C(=O)N2,8.167491087293763
CHEMBL4208366,CDK4,6.8,nM,CCN1CCN(Cc2ccc(Nc3ncc(F)c(-c4cc(F)c5nc6n(c5c4)CCCC6)n3)nc2)CC1,8.167491087293763
CHEMBL3702195,CDK4,6.8,nM,C[C@H](CO)Nc1ccc(Nc2ncc3c4ccncc4n(C4CCCC4)c3n2)nn1,8.167491087293763
CHEMBL3702141,CDK4,6.8,nM,c1cc2c3cnc(Nc4ccc(N5CCNCC5)cn4)cc3n(C3CCSC3)c2cn1,8.167491087293763
CHEMBL3698747,CDK6,6.8,nM,c1cc2c3cnc(Nc4ccc(N5CCCNCC5)nn4)nc3n(C3CCCC3)c2cn1,8.167491087293763
CHEMBL3702191,CDK6,6.9,nM,CN(CCO)c1ccc(Nc2ncc3c4ccncc4n(C4CCCC4)c3n2)nn1,8.161150909262744
CHEMBL3702044,CDK4,6.9,nM,CC1(C)CN(c2ccc(Nc3ncc4c5ccncc5n(C5CCCC5)c4n3)nc2)CCN1,8.161150909262744
CHEMBL5991757,CDK6,6.9,nM,CC(C)N1C(=O)COc2c(F)cc(-c3nc(Nc4ccc(N5CCNCC5)cn4)ncc3F)cc21,8.161150909262744
CHEMBL5754925,CDK6,6.91,nM,Cc1nc2c(F)cc(-c3nc(Nc4ccc5c(n4)CCN(C[C@@H](O)CN(C)C)C5)ncc3F)cc2n1C1CC1,8.160521952625801
CHEMBL5873158,CDK9,6.94,nM,Cc1nc2c(F)cc(-c3nc(Nc4ccc5c(n4)CCNC5)ncc3F)cc2n1C(C)(C)C,8.158640529545146
CHEMBL3642011,CDK4,7.0,nM,OC1CCN(C2CCN(c3ccc(Nc4ncc5c6ccncc6n(C6CCCC6)c5n4)nn3)CC2)CC1,8.154901959985743
CHEMBL312726,CDK2,7.0,nM,NCCCc1cc(-c2ccc[nH]2)c2c3c(ccc(F)c13)NC2=O,8.154901959985743
CHEMBL3639469,CDK2,7.0,nM,Cc1cc(Nc2ncc(Br)c(N[C@H](C)C(C)(C)O)n2)ccc1S(C)(=N)=O,8.154901959985743
CHEMBL191336,CDK2,7.0,nM,OCCCNc1cc(-c2ncnc(Nc3cccc(Cl)c3)n2)ccn1,8.154901959985743
CHEMBL4442620,CDK1,7.0,nM,C[C@@H](O)[C@@H](C)Oc1nc(Nc2ccc(S(=N)(=O)C3CC3)cc2)ncc1C(F)(F)F,8.154901959985743
CHEMBL3642008,CDK4,7.0,nM,O[C@H]1CCCN(C2CCN(c3ccc(Nc4ncc5c6ccncc6n(C6CCCC6)c5n4)nn3)CC2)C1,8.154901959985743
CHEMBL3702221,CDK4,7.0,nM,CC[C@@H](C)n1c2cnccc2c2cnc(Nc3ccc(N4CCN[C@@H](C)C4)cn3)nc21,8.154901959985743
CHEMBL5814705,CDK9,7.0,nM,CC(=O)N[C@@H]1CCC[C@H](C(=O)Nc2cc(-c3cnn4c3CC(C)(C)C4)ncn2)C1,8.154901959985743
CHEMBL5938366,CDK1,7.0,nM,CC1C(=O)Nc2cc3cnc(Nc4ccc(S(N)(=O)=O)cc4)nc3n2C12CCCCC2,8.154901959985743
CHEMBL3673532,CDK9,7.0,nM,Fc1cccc(COc2cncc(-c3ccnc4[nH]c(C5=CCNCC5)cc34)n2)c1,8.154901959985743
CHEMBL5624526,CDK4,7.0,nM,CCN1CCN(c2ccc(Nc3ncc(F)c(-c4cnc5cnn(C(C)C)c5c4)n3)cc2OC)CC1,8.154901959985743
CHEMBL6162969,CDK4,7.0,nM,CCN1CCN(c2ccc(Nc3ncc(F)c(-c4cnc5cnn(C(C)C)c5c4)n3)cc2F)CC1,8.154901959985743
CHEMBL3691671,CDK4,7.0,nM,CN(C)C(=O)c1cc2cnc(Nc3ccc(N4C[C@@H]5CC[C@H](CC4=O)N5)cn3)nc2n1C1CCC1,8.154901959985743
CHEMBL3916775,CDK9,7.0,nM,CNC(=O)N=S(C)(=O)Cc1cccc(Nc2ncc(F)c(-c3ccc(F)cc3OC)n2)c1,8.154901959985743
CHEMBL256558,CDK2,7.0,nM,Cc1ccc(CC(=O)Nc2n[nH]c3ccc(N4CCCS4(=O)=O)cc23)cc1,8.154901959985743
CHEMBL495557,CDK2,7.0,nM,CC(C)(C)c1cnc(CSc2cnc(N[C@H]3CC[C@H](O)CC3)s2)o1,8.154901959985743
CHEMBL3691632,CDK4,7.0,nM,CN1C[C@H]2CN(c3ccc(Nc4ncc5cc(C(=O)N(C)C)n(C6CCCC6)c5n4)nc3)C(=O)[C@H]2C1,8.154901959985743
CHEMBL150261,CDK2,7.0,nM,N[C@H]1CC[C@H](Nc2nc(NCc3ccccc3)c3ncn(C4CCCC4)c3n2)CC1,8.154901959985743
CHEMBL360573,CDK2,7.0,nM,CN(C)S(=O)(=O)c1ccc(Nc2cc(N[C@H]3CC[C@H](N)CC3)nc3c(C#N)cnn23)cc1,8.154901959985743
CHEMBL3648094,CDK2,7.0,nM,CCS(=N)(=O)c1ccc(Nc2ncc(Br)c(N[C@H](COC)[C@H](C)O)n2)cc1,8.154901959985743
CHEMBL3648083,CDK2,7.0,nM,CN=S(C)(=O)c1ccc(Nc2ncc(Br)c(N[C@H](C)[C@H](C)O)n2)cc1,8.154901959985743
CHEMBL3702145,CDK4,7.0,nM,CN(C)C1CCN(C(=O)Cc2ccc(Nc3ncc4c5ccncc5n(C5CCCC5)c4n3)nc2)CC1,8.154901959985743
CHEMBL3702158,CDK6,7.0,nM,C1=C(c2ccc(Nc3ncc4c5ccncc5n(C5CCCC5)c4n3)nc2)CCNC1,8.154901959985743
CHEMBL3648107,CDK1,7.0,nM,C[C@@H](Nc1nc(Nc2ccc(S(=N)(=O)CCO)cc2)ncc1Br)C(C)(C)O,8.154901959985743
CHEMBL4282338,CDK1,7.0,nM,C[C@@H](O)[C@@H](C)Oc1nc(Nc2ccc([S@](=N)(=O)C3CC3)cc2)ncc1C(F)(F)F,8.154901959985743
CHEMBL3702063,CDK4,7.0,nM,CCC(C)(C)n1c2cnccc2c2cnc(Nc3ccc(N4CCC(N(C)C)CC4)nn3)nc21,8.154901959985743
CHEMBL3648113,CDK1,7.0,nM,CN=S(C)(=O)c1ccc(Nc2ncc(Br)c(N[C@H](C)[C@@H](C)O)n2)cc1OC,8.154901959985743
CHEMBL402158,CDK2,7.0,nM,O=C(Cc1cccc(Br)c1)Nc1n[nH]c2ccc(N3CCCS3(=O)=O)cc12,8.154901959985743
CHEMBL402370,CDK2,7.0,nM,O=C(Cc1ccc(Br)cc1)Nc1n[nH]c2ccc(N3CCCS3(=O)=O)cc12,8.154901959985743
CHEMBL3648125,CDK2,7.0,nM,Cc1cc(Nc2ncc(Br)c(N[C@@H](C)C(C)(C)O)n2)ccc1S(C)(=N)=O,8.154901959985743
CHEMBL6033928,CDK9,7.0,nM,CC(=O)N[C@@H]1CCC[C@H](C(=O)Nc2cc(-c3cnn4c3CC(C)CC4)c(Cl)cn2)C1,8.154901959985743
CHEMBL3698662,CDK6,7.0,nM,CC(C)(C)n1c2cnccc2c2cnc(Nc3ccc(N4CCNCC4)cn3)nc21,8.154901959985743
CHEMBL3084839,CDK2,7.0,nM,N[C@H]1CC[C@H](Nc2nc(Nc3ccccc3)c3ncn(C4CCCC4)c3n2)CC1,8.154901959985743
CHEMBL3702159,CDK4,7.0,nM,c1cc2c3cnc(Nc4ccc(C5CCNCC5)cn4)nc3n(C3CCCC3)c2cn1,8.154901959985743
CHEMBL5950534,CDK9,7.03,nM,Cc1nc2c(F)cc(-c3nc(Nc4ccc5c(n4)C[C@@H](C)NC5)ncc3F)cc2n1C(C)(C)C,8.153044674980176
CHEMBL6019056,CDK4,7.05,nM,CNC1CC(C(=O)N2CCc3nc(Nc4ncc(F)c(-c5cc(F)c6nc(C)n(C(C)C)c6c5)n4)ccc3C2)C1,8.1518108830086
CHEMBL5813772,CDK6,7.07,nM,Cc1nc2c(F)cc(-c3nc(Nc4ccc5c(n4)CCN(C)C5)ncc3F)cc2n1C(C)C,8.1505805862031
CHEMBL5844694,CDK6,7.09,nM,Cc1nc2c(F)cc(-c3nc(Nc4ccc5c(n4)CCN(C(=O)CCO)C5)ncc3F)cc2n1C(C)C,8.149353764816933
CHEMBL411887,CDK1,7.1,nM,C/C(Nc1ccc(S(N)(=O)=O)cc1)=C1/C(=O)Nc2ccc(-c3cnco3)cc21,8.148741651280925
CHEMBL3698735,CDK6,7.1,nM,O[C@H]1CCCN(c2ccc(Nc3ncc4c5ccncc5n(C5CCCC5)c4n3)nn2)C1,8.148741651280925
CHEMBL407709,CDK2,7.1,nM,NS(=O)(=O)c1ccc(N/N=C2\C(=O)Nc3ccc4ncsc4c32)cc1,8.148741651280925
CHEMBL6147673,CDK9,7.1,nM,CN1CCC(c2cc3c(-c4cnn(CC5CC5)c4)c(Cl)cnc3[nH]2)CC1,8.148741651280925
CHEMBL5999796,CDK4,7.14,nM,Cc1nc2c(F)cc(-c3nc(Nc4ccc5c(n4)CCN(C(C)C)C5)ncc3F)cc2n1C1CC1,8.146301788223825
CHEMBL3702134,CDK4,7.2,nM,c1cc2c3cnc(Nc4ccc(N5CCC6(CCCN6)CC5)nn4)nc3n(C3CCCC3)c2cn1,8.142667503568731
CHEMBL3642022,CDK4,7.2,nM,FCCNC1CCN(c2ccc(Nc3ncc4c5ccncc5n(C5CCCC5)c4n3)nc2)CC1,8.142667503568731
CHEMBL3698676,CDK6,7.2,nM,N#Cc1ccc2c3cnc(Nc4ccc(N5CCNCC5)cn4)nc3n(C3CCCC3)c2c1,8.142667503568731
CHEMBL3702189,CDK4,7.2,nM,CN(C)[C@@H]1CCN(c2ccc(Nc3ncc4c5ccncc5n(C5CCCC5)c4n3)nc2)C1,8.142667503568731
CHEMBL5834517,CDK6,7.22,nM,CC(=O)N1CCc2nc(Nc3ncc(F)c(-c4cc(F)c5nc(C)n(C(C)C)c5c4)n3)ccc2C1,8.141462802430361
CHEMBL4213756,CDK6,7.26,nM,COCCN1CCc2nc(Nc3ncc(F)c(-c4cc(F)c5nc(C)n(C(C)C)c5c4)n3)ccc2C1,8.139063379299905
CHEMBL5994315,CDK2,7.34,nM,Cc1nc2c(F)cc(-c3nc(Nc4ccc5c(n4)CCN(CC(=O)O)C5)ncc3F)cc2n1C(C)C,8.13430394008393
CHEMBL5800538,CDK2,7.34,nM,Cc1nc2c(F)cc(-c3nc(Nc4ccc5c(n4)CCN(C(=O)O)C5)ncc3F)cc2n1C(C)C,8.13430394008393
CHEMBL4208172,CDK4,7.4,nM,CCN1CCN(Cc2ccc(Nc3ncc(F)c(-c4cc(F)c5nc6n(c5c4)C(C)(C)CC6)n3)nc2)CC1,8.130768280269024
CHEMBL3702147,CDK4,7.4,nM,O=C(Cc1ccc(Nc2ncc3c4ccncc4n(C4CCCC4)c3n2)nc1)N1CCNCC1,8.130768280269024
CHEMBL2158853,CDK1,7.4,nM,CCN(CC)c1cc(-c2ccnc(Nc3cccc(S(N)(=O)=O)c3)n2)ccn1,8.130768280269024
CHEMBL400568,CDK1,7.4,nM,CCCNCc1cncc(-c2cnc3[nH]nc(-c4nc5c(COC)cccc5[nH]4)c3c2)c1,8.130768280269024
CHEMBL5832188,CDK6,7.41,nM,Cc1nc2c(F)cc(-c3nc(Nc4ccc5c(n4)CCN(C(=O)CN(C)C)C5)ncc3F)cc2n1C1CCCCC1,8.130181792020672
CHEMBL5781074,CDK6,7.43,nM,Cc1nc2c(F)cc(-c3nc(Nc4ccc5c(n4)CCNC5)ncc3F)cc2n1C1CCC1,8.129011186239424
CHEMBL5830076,CDK9,7.47,nM,Cc1nc2c(F)cc(-c3nc(Nc4ccc5c(n4)CCN(C(=O)CCN(C)C)C5)ncc3F)cc2n1C(C)(C)C,8.126679398184601
CHEMBL5912073,CDK4,7.5,nM,CC(C)N1CCOc2c(F)cc(-c3nc(Nc4ccc(N5CCC(CO)CC5)cn4)ncc3F)cc21,8.1249387366083
CHEMBL5996998,CDK6,7.5,nM,CC(C)N1CCOc2c(F)cc(-c3nc(Nc4ccc(C(=O)N5CCOCC5)c(F)c4)ncc3F)cc21,8.1249387366083
CHEMBL3698651,CDK4,7.5,nM,Fc1ccc(-n2c3cnccc3c3cnc(Nc4ccc(N5CCNCC5)cn4)nc32)cc1,8.1249387366083
CHEMBL1964257,CDK2,7.5,nM,NS(=O)(=O)Cc1ccc(N/C=C2\C(=O)Nc3ccc4ncsc4c32)cc1,8.1249387366083
CHEMBL6004729,CDK6,7.5,nM,COCCN1CCN(Cc2cnc(-c3cc(F)c4c(c3)N(C(C)C)CCO4)c(F)c2)CC1,8.1249387366083
CHEMBL3691659,CDK4,7.5,nM,CN(C)C(=O)c1cc2cnc(Nc3ccc(N4CC5CCC(CC4=O)N5)cn3)nc2n1C1CCCC1,8.1249387366083
CHEMBL5877196,CDK6,7.5,nM,CC(C)N1CCOc2c(F)cc(-c3nc(Nc4ccn(C5=CCNCC5)c(=O)c4)ncc3F)cc21,8.1249387366083
CHEMBL5887566,CDK4,7.5,nM,CC(C)N1CCOc2c(Cl)cc(-c3nc(Nc4ccc(N5CCNCC5)c(F)c4)ncc3F)cc21,8.1249387366083
CHEMBL5883845,CDK6,7.5,nM,Cc1nc2c(F)cc(-c3nc(Nc4ccc5c(n4)CCN(C(=O)CN(C)C)C5)ncc3F)cc2n1C1CCC1,8.1249387366083
CHEMBL5765752,CDK6,7.5,nM,Cc1nc2c(F)cc(-c3nc(Nc4ccc5c(n4)CCN(C(=O)CCN(C)C)C5)ncc3F)cc2n1C1CCC1,8.1249387366083
CHEMBL5844694,CDK9,7.52,nM,Cc1nc2c(F)cc(-c3nc(Nc4ccc5c(n4)CCN(C(=O)CCO)C5)ncc3F)cc2n1C(C)C,8.123782159408357
CHEMBL6060984,CDK6,7.57,nM,COCC(=O)N1CCc2nc(Nc3ncc(F)c(-c4cc(F)c5nc(C)n(C(C)C)c5c4)n3)ccc2C1,8.120904120499928
CHEMBL4213219,CDK6,7.58,nM,Cc1nc2c(F)cc(-c3nc(Nc4ccc5c(n4)CCN(C(=O)CO)C5)ncc3F)cc2n1C(C)C,8.120330794367947
CHEMBL3702095,CDK6,7.6,nM,OCCC1CCN(c2ccc(Nc3ncc4c5ccnc(F)c5n(C5CCCC5)c4n3)nc2)CC1,8.119186407719209
CHEMBL3698719,CDK4,7.6,nM,N[C@H]1CCN(c2cnc(Nc3ncc4c5ccncc5n(C5CCCC5)c4n3)cn2)C1,8.119186407719209
CHEMBL6152017,CDK9,7.7,nM,Clc1cnc2[nH]c(C3CCNCC3)cc2c1-c1cnn(CC2CC2)c1,8.113509274827518
CHEMBL5555678,CDK4,7.7,nM,O=c1cnc2cnc(Nc3ccc(N4CCNCC4)cc3)nc2n1C1CCCC1,8.113509274827518
CHEMBL4756353,CDK2,7.8,nM,CN(C)C/C=C/C(=O)Nc1ccc(C(=O)Nc2ncc(SCc3ncc(C(C)(C)C)o3)s2)cc1,8.10790539730952
CHEMBL210540,CDK6,7.8,nM,Cc1cc(-c2cnc(Nc3cnc(CN4CCN(C)CC4)cn3)s2)nc(OC2CCCCC2)n1,8.10790539730952
CHEMBL6017199,CDK6,7.81,nM,COC(=O)C(=O)N1CCc2nc(Nc3ncc(F)c(-c4cc(F)c5nc(C)n(C(C)C)c5c4)n3)ccc2C1,8.1073489661227
CHEMBL411425,CDK2,7.9,nM,CCc1cccc2c1/C(=N/Nc1ccc(S(N)(=O)=O)cc1)C(=O)N2,8.102372908709558
CHEMBL495751,CDK4,8.0,nM,CCN(CC)CCNC(=O)c1cccc(Nc2nccc(-c3cnn4ncccc34)n2)c1,8.096910013008056
CHEMBL3668473,CDK9,8.0,nM,Fc1cccc(CNc2ccc(Cl)c(-c3ccnc4[nH]c(C5CCCNC5)cc34)n2)c1,8.096910013008056
CHEMBL488085,CDK2,8.0,nM,Cc1ncc(-c2ccnc(Nc3ccc(C(=O)N(C)C)cc3)n2)n1C(C)C,8.096910013008056
CHEMBL3673539,CDK9,8.0,nM,CS(=O)(=O)N1CC=C(c2cc3c(-c4cncc(OCc5cccc(F)c5)n4)ccnc3[nH]2)CC1,8.096910013008056
CHEMBL3648074,CDK2,8.0,nM,C[C@@H](Nc1nc(Nc2ccc(S(=N)(=O)C3CC3)cc2)ncc1Br)C(C)(C)O,8.096910013008056
CHEMBL5887109,CDK6,8.0,nM,CCCN1CCOc2c(F)cc(-c3nc(Nc4ccc(N5CCC(N(C)C)CC5)c(F)c4)ncc3F)cc21,8.096910013008056
CHEMBL3978185,CDK9,8.0,nM,CS(=N)(=O)Cc1cccc(Nc2ncc(F)c(-c3cccc4c3OCCC4)n2)c1,8.096910013008056
CHEMBL5887109,CDK4,8.0,nM,CCCN1CCOc2c(F)cc(-c3nc(Nc4ccc(N5CCC(N(C)C)CC5)c(F)c4)ncc3F)cc21,8.096910013008056
CHEMBL3648082,CDK2,8.0,nM,COc1cc(Nc2ncc(Br)c(O[C@H](C)[C@H](C)O)n2)ccc1S(C)(=N)=O,8.096910013008056
CHEMBL3668461,CDK9,8.0,nM,CN1CCC(c2cc3c(-c4cc(NCc5ccc(S(C)(=O)=O)cc5)ccc4F)ccnc3[nH]2)CC1,8.096910013008056
CHEMBL3691647,CDK4,8.0,nM,CN(C)C(=O)c1cc2cnc(Nc3ccc(N4C[C@]5(CCCNC5)OC4=O)cn3)nc2n1C1CCCC1,8.096910013008056
CHEMBL3691654,CDK4,8.0,nM,CN(C)C(=O)c1cc2cnc(Nc3ccc(N4CCN5CCCC5C4)cn3)nc2n1C1CCCC1,8.096910013008056
CHEMBL478828,CDK2,8.0,nM,COc1ccc(Nc2nccc(-c3cnc(C)n3C(C)C)n2)cc1,8.096910013008056
CHEMBL3644034,CDK2,8.0,nM,C[C@@H](Oc1nc(Nc2ccc(S(C)(=O)=O)cc2)ncc1C(F)(F)F)C(C)(C)O,8.096910013008056
CHEMBL3644032,CDK1,8.0,nM,C[C@@H](O)[C@@H](C)Oc1nc(Nc2ccc(S(=O)(=O)C3CC3)cc2)ncc1C(F)(F)F,8.096910013008056
CHEMBL3691568,CDK4,8.0,nM,CN(C)C(=O)c1cc2cnc(Nc3ccc(C(=O)N4CCC[C@@H]5CCN[C@@H]5C4)cn3)nc2n1C1CCCC1,8.096910013008056
CHEMBL3702123,CDK6,8.0,nM,O=C(c1ccc(Nc2ncc3c4ccncc4n(C4CCCC4)c3n2)nc1)N1CCNCC1,8.096910013008056
CHEMBL3702198,CDK6,8.0,nM,CN1CCN(c2ccc(Nc3ncc4c5ccccc5n(C5CCCC5)c4n3)nc2)CC1,8.096910013008056
CHEMBL520187,CDK2,8.0,nM,COCCNS(=O)(=O)c1ccc(Nc2nccc(-c3cnc(C)n3C)n2)cc1,8.096910013008056
CHEMBL5935280,CDK9,8.0,nM,CC(=O)N[C@H]1CCC[C@@H](C(=O)Nc2cc(-c3cnn4c3CC(C)(C)C4)c(F)cn2)C1,8.096910013008056
CHEMBL3648102,CDK2,8.0,nM,CC(O)C(C)Sc1nc(Nc2ccc(S(C)(=N)=O)cc2)ncc1Br,8.096910013008056
CHEMBL388978,CDK1,8.0,nM,CN[C@@H]1C[C@H]2O[C@@](C)([C@@H]1OC)n1c3ccccc3c3c4c(c5c6ccccc6n2c5c31)C(=O)NC4,8.096910013008056
CHEMBL3642030,CDK6,8.0,nM,C[C@@H](CO)NC1CCN(c2ccc(Nc3ncc4c5ccncc5n(C5CCCC5)c4n3)nc2)CC1,8.096910013008056
CHEMBL5204473,CDK9,8.0,nM,CC(C)n1nc(-c2ccnc3[nH]c(C4CCN(CC(=O)N(C)C)CC4)cc23)ccc1=O,8.096910013008056
CHEMBL5207533,CDK6,8.0,nM,C[C@H]1CC[C@@H](n2c3cnccc3c3cnc(Nc4ccc5c(n4)CCN(C(=O)CO)C5)nc32)CC1,8.096910013008056
CHEMBL3648128,CDK2,8.0,nM,CC(C)(O)CSc1nc(Nc2ccc(S(C)(=N)=O)cc2)ncc1Br,8.096910013008056
CHEMBL5197170,CDK9,8.0,nM,CC(C)n1cc(-c2ccnc3[nH]c(C4CCN(CC(=O)N5CCCCC5)CC4)cc23)ccc1=O,8.096910013008056
CHEMBL3648123,CDK1,8.0,nM,CCS(=N)(=O)c1ccc(Nc2ncc(Br)c(N[C@H](C)C(C)(C)O)n2)cc1,8.096910013008056
CHEMBL1230607,CDK2,8.0,nM,CC(C)CC(=O)Nc1n[nH]c2c1CN(C(=O)C1CCN(C)CC1)C2(C)C,8.096910013008056
CHEMBL5914936,CDK4,8.0,nM,CC(C)N1CCN(c2ccc(Nc3ncc(F)c(-c4cc(F)c5c(c4)N(C(C)C)CCO5)n3)cc2F)CC1,8.096910013008056
CHEMBL359554,CDK2,8.0,nM,c1ccc(Nc2nccc(-c3cnn4ncccc34)n2)cc1,8.096910013008056
CHEMBL367150,CDK2,8.0,nM,CN(C)S(=O)(=O)c1ccc(Nc2cc(N[C@H]3CC[C@H](N)CC3)nc3c(Cl)cnn23)cc1,8.096910013008056
CHEMBL3642034,CDK4,8.0,nM,CN(C)CCN(C)C1CCN(c2ccc(Nc3ncc4c5ccncc5n(C5CCCC5)c4n3)nn2)CC1,8.096910013008056
CHEMBL3642036,CDK4,8.0,nM,OC[C@@H](O)CNC1CCN(c2ccc(Nc3ncc4c5ccncc5n(C5CCCC5)c4n3)nn2)CC1,8.096910013008056
CHEMBL3639469,CDK1,8.0,nM,Cc1cc(Nc2ncc(Br)c(N[C@H](C)C(C)(C)O)n2)ccc1S(C)(=N)=O,8.096910013008056
CHEMBL3691601,CDK4,8.0,nM,CSCC[C@@H](N)C(=O)N1C2CCC1CN(C(=O)c1ccc(Nc3ncc4cc(C(=O)N(C)C)n(C5CCCC5)c4n3)nc1)C2,8.096910013008056
CHEMBL5974817,CDK6,8.0,nM,CC(C)N1CCOc2c(F)cc(-c3nc(Nc4ccc(N5CCNCC5)cc4F)ncc3F)cc21,8.096910013008056
CHEMBL3702208,CDK6,8.0,nM,NC1CCN(c2ccc(Nc3ncc4c5ccccc5n(C5CCCC5)c4n3)nn2)CC1,8.096910013008056
CHEMBL485240,CDK2,8.0,nM,CCCS(=O)(=O)c1ccc(Nc2nccc(-c3cnc(C)n3C(C)C)n2)cc1,8.096910013008056
CHEMBL5789426,CDK6,8.0,nM,CC(C)N1CCOc2c(F)cc(-c3nc(Nc4ccc(S(=O)(=O)NCCN(C)C)cc4)ncc3F)cc21,8.096910013008056
CHEMBL3691670,CDK4,8.0,nM,CN(C)C(=O)c1cc2cnc(Nc3ccc(N4CC5CCC(CC4=O)N5)cn3)nc2n1C1CCC1,8.096910013008056
CHEMBL5976786,CDK9,8.0,nM,O=C(Nc1cc(-c2cnn3c2CCCC3)ccn1)[C@H]1C[C@@H](O)C1,8.096910013008056
CHEMBL3906489,CDK9,8.0,nM,CCOC(=O)N=S(C)(=O)Cc1cccc(Nc2ncc(F)c(-c3ccc(F)cc3OC)n2)c1,8.096910013008056
CHEMBL5592751,CDK9,8.0,nM,N[C@H]1CCN(c2c3c(nc4ccc(-c5ccncc5)cc24)CCCC3)C1,8.096910013008056
CHEMBL3658050,CDK4,8.0,nM,CC(C)N1CCN(c2ccc(Nc3ncc4cc(C(=O)N(C)C)n(C5CCCC5)c4n3)nc2)CC1,8.096910013008056
CHEMBL484571,CDK2,8.0,nM,CN(C)CCNS(=O)(=O)c1ccc(Nc2nccc(-c3cnc4cccnn34)n2)cc1,8.096910013008056
CHEMBL5961010,CDK6,8.0,nM,CC(C)N1CCOc2c(F)cc(-c3nc(Nc4ccc(N5CCNCC5)c(C#N)c4)ncc3F)cc21,8.096910013008056
CHEMBL515001,CDK2,8.0,nM,Cc1ncc(-c2nc(Nc3ccc(N4CCOCC4)cc3)ncc2F)n1C(C)C,8.096910013008056
CHEMBL3934755,CDK9,8.0,nM,CCOC(=O)N=S(C)(=O)Cc1cc(F)cc(Nc2ncc(F)c(-c3ccc(F)cc3OC)n2)c1,8.096910013008056
CHEMBL188938,CDK4,8.0,nM,O=[N+]([O-])c1ccc(Nc2nccc(-c3cnn4ncccc34)n2)cc1,8.096910013008056
CHEMBL372464,CDK1,8.0,nM,COc1ccc(Nc2nc(Nc3ccc4[nH]cnc4c3)ncc2C(F)(F)F)cc1,8.096910013008056
CHEMBL6146482,CDK6,8.0,nM,CC(=O)N1CCC2(CC1)CC(=O)c1ccc(-c3nc(Nc4ccc(N5CCN(C6CC6)CC5)cn4)ncc3F)cc1O2,8.096910013008056
CHEMBL334285,CDK2,8.0,nM,O=C(Nc1cccc2c1C(=O)c1c(-c3ccc(C(=O)N4CCNCC4)s3)n[nH]c1-2)NN1CCOCC1,8.096910013008056
CHEMBL3698650,CDK6,8.0,nM,c1ccc(-n2c3cnccc3c3cnc(Nc4ccc(N5CCNCC5)cn4)nc32)cc1,8.096910013008056
CHEMBL3698656,CDK4,8.1,nM,c1cc2c3cnc(Nc4ccc(N5CCNCC5)cn4)nc3n(C3CCOCC3)c2cn1,8.09151498112135
CHEMBL5900599,CDK4,8.12,nM,CCn1c(C)nc2c(F)cc(-c3nc(Nc4ccc5c(n4)CCNC5)ncc3F)cc21,8.090443970758825
CHEMBL5833493,CDK6,8.12,nM,Cc1nc2c(F)cc(-c3nc(Nc4ccc5c(n4)CCN(C(=O)CC(C)(C)O)C5)ncc3F)cc2n1C(C)C,8.090443970758825
CHEMBL3702117,CDK6,8.2,nM,OC1CCN(Cc2ccc(Nc3ncc4c5ccncc5n(C5CCCC5)c4n3)nc2)CC1,8.086186147616283
CHEMBL3698670,CDK4,8.2,nM,c1cnc2c(c1)c1cnc(Nc3ccc(N4CCNCC4)cn3)nc1n2C1CCCC1,8.086186147616283
CHEMBL4206061,CDK9,8.21,nM,Cc1nc2c(F)cc(-c3nc(Nc4ccc5c(n4)CCN(C(=O)CN4CCN(C)CC4)C5)ncc3F)cc2n1C(C)C,8.085656842880558
CHEMBL5941698,CDK9,8.21,nM,C=C(CN1CCN(C)CC1)N1CCc2nc(Nc3ncc(F)c(-c4cc(F)c5nc(C)n(C6CCCC6)c5c4)n3)ccc2C1,8.085656842880558
CHEMBL3698737,CDK4,8.4,nM,c1cc2c3cnc(Nc4ccc(N5CCCCC5)nn4)nc3n(C3CCCC3)c2cn1,8.075720713938118
CHEMBL5938059,CDK9,8.42,nM,Cc1nc2c(F)cc(-c3nc(Nc4ccc5c(n4)CCN(CCN)C5)ncc3F)cc2n1C(C)(C)C,8.074687908500351
CHEMBL5794081,CDK2,8.43,nM,Cc1nc2c(F)cc(-c3nc(Nc4ccc5c(n4)CCN(CCC(N)NO)C5)ncc3F)cc2n1C(C)C,8.074172425375258
CHEMBL6020742,CDK2,8.43,nM,Cc1nc2c(F)cc(-c3nc(Nc4ccc5c(n4)CCN(CC(N)=NO)C5)ncc3F)cc2n1C(C)C,8.074172425375258
CHEMBL6047483,CDK6,8.47,nM,Cc1nc2c(O)cc(-c3nc(Nc4ccc5c(n4)CCN(C(=O)CN(C)C)C5)ncc3F)cc2n1C1CC1,8.072116589669292
CHEMBL3702072,CDK4,8.5,nM,O[C@H]1CCN(Cc2csc(Nc3ncc4c5ccncc5n(C5CCCC5)c4n3)n2)C1,8.070581074285707
CHEMBL249500,CDK1,8.5,nM,c1ccc2c(-c3cnc4[nH]nc(-c5nc6cc(N7CCOCC7)ccc6[nH]5)c4c3)cncc2c1,8.070581074285707
CHEMBL4846921,CDK4,8.5,nM,CCN1CCN(c2ccc(Nc3ncc4scc(-c5cccc(NS(C)(=O)=O)c5)c4n3)cc2)CC1,8.070581074285707
CHEMBL5899619,CDK4,8.5,nM,CCN1CCN(C(=O)c2ccc(Nc3ncc(F)c(-c4cc(F)c5c(c4)N(C(C)C)CCO5)n3)cc2F)CC1,8.070581074285707
CHEMBL5763679,CDK9,8.51,nM,Cc1nc2c(F)cc(-c3nc(Nc4ccc5c(n4)CCN(C(=O)CN4CCOCC4)C5)ncc3F)cc2n1C(C)C,8.070070439915412
CHEMBL3702089,CDK4,8.6,nM,Cn1c(=O)ccc2c3cnc(Nc4ccc(N5CCNCC5)cn4)nc3n(C3CCCC3)c21,8.065501548756432
CHEMBL3684990,CDK4,8.6,nM,C[C@H]1CC[C@H](n2c3cnccc3c3cnc(Nc4ccc5c(n4)CNCC5)nc32)CC1,8.065501548756432
CHEMBL3702211,CDK4,8.6,nM,O[C@H]1CCN(c2ccc(Nc3ncc4c5ccnc(F)c5n(C5CCCC5)c4n3)nn2)C1,8.065501548756432
CHEMBL3702030,CDK4,8.7,nM,O=c1[nH]ccc2c3cnc(Nc4ccc(N5CCNCC5)nn4)nc3n(C3CCCC3)c12,8.060480747381382
CHEMBL5537078,CDK9,8.7,nM,CC(C)c1cnn2c(NCc3ccc(NC(=O)C4CCOCC4)cc3)nc(NC3CCOCC3)nc12,8.060480747381382
CHEMBL3702207,CDK6,8.8,nM,c1ccc2c(c1)c1cnc(Nc3ccc(N4CCNCC4)nn3)nc1n2C1CCCC1,8.05551732784983
CHEMBL3698722,CDK4,8.8,nM,c1cc2c3cnc(Nc4ccc(N[C@H]5CCNC5)nn4)nc3n(C3CCCC3)c2cn1,8.05551732784983
CHEMBL5858807,CDK6,8.8,nM,CC(C)N1CCOc2c(F)cc(-c3nc(Nc4cnn(C5CCNCC5)c4)ncc3F)cc21,8.05551732784983
CHEMBL4208875,CDK4,8.8,nM,CCN1CCC(Oc2cnc(Nc3cc(-c4cc(F)c5nc(C)n(C(C)C)c5c4)ncn3)cn2)CC1,8.05551732784983
CHEMBL3698731,CDK6,8.8,nM,NCC1CCN(c2ccc(Nc3ncc4c5ccncc5n(C5CCCC5)c4n3)nn2)CC1,8.05551732784983
CHEMBL5765370,CDK6,8.8,nM,CC(C)N1CCOc2c(F)cc(-c3nc(Nc4ccc(N5CCOCC5)cn4)ncc3F)cc21,8.05551732784983
CHEMBL5817708,CDK6,8.84,nM,CC1(C)CCc2nc3c(F)cc(-c4nc(Nc5ccc(CN6CCN(C(=O)CO)CC6)cn5)ncc4F)cc3n21,8.053547734986926
CHEMBL272165,CDK2,8.9,nM,NS(=O)(=O)c1ccc(N/N=C2\C(=O)Nc3ccc(C(=O)NCc4ccncc4)cc32)cc1,8.050609993355087
CHEMBL1234087,CDK2,8.9,nM,O=C1Nc2ccc(-c3cnco3)cc2/C1=C/Nc1ccc2c(c1)CS(=O)(=O)C2,8.050609993355087
CHEMBL4756353,CDK9,8.9,nM,CN(C)C/C=C/C(=O)Nc1ccc(C(=O)Nc2ncc(SCc3ncc(C(C)(C)C)o3)s2)cc1,8.050609993355087
CHEMBL408210,CDK2,8.9,nM,CCOC(=O)c1cccc2c1/C(=C/Nc1ccc(S(N)(=O)=O)cc1)C(=O)N2,8.050609993355087
CHEMBL2158844,CDK2,8.9,nM,Clc1cccc(Nc2nccc(-c3ccnc(N4CCOCC4)c3)n2)c1,8.050609993355087
CHEMBL3698668,CDK6,8.9,nM,CC1(n2c3cnccc3c3cnc(Nc4ccc(N5CCNCC5)cn4)nc32)CCC1,8.050609993355087
CHEMBL3934257,CDK9,9.0,nM,COc1cc(F)ccc1-c1nc(Nc2cc(F)cc(CS(=N)(=O)C3CC3)c2)ncc1F,8.045757490560675
CHEMBL5875602,CDK9,9.0,nM,Cc1cnc(NC(=O)[C@H]2CCC[C@@H](NC(=O)C3COC3)C2)cc1-c1cnn2c1CC(C)(C)C2,8.045757490560675
CHEMBL3298418,CDK2,9.0,nM,Cc1cc(Nc2ncc3c(n2)CN(C(=O)N[C@H](C)c2ccc(Cl)c(Cl)c2)CC3)ccn1,8.045757490560675
CHEMBL3691644,CDK4,9.0,nM,CN(C)C(=O)c1cc2cnc(Nc3ccc(N4CC5(CCCNC5)OC4=O)cn3)nc2n1C1CCCC1,8.045757490560675
CHEMBL490480,CDK2,9.0,nM,Cc1cc(CC(=O)Nc2cc(C3CC3)[nH]n2)ccc1-c1ccccc1,8.045757490560675
CHEMBL254979,CDK2,9.0,nM,O=C(Cc1ccc2ccccc2c1)Nc1n[nH]c2ccc(N3CCCS3(=O)=O)cc12,8.045757490560675
CHEMBL294884,CDK2,9.0,nM,CNS(=O)(=O)c1ccc2c(c1)/C(=C/c1[nH]cc3c1CCNC3=O)C(=O)N2,8.045757490560675
CHEMBL258721,CDK9,9.0,nM,CC(C)c1nn(-c2c(Cl)cccc2Cl)c2nc(Cc3ccc(OCCO)cc3)[nH]c(=O)c12,8.045757490560675
CHEMBL3900262,CDK9,9.0,nM,CCOC(=O)N=S(C)(=O)Cc1cccc(Nc2ncc(F)c(-c3ccc(F)cc3OCc3ccccc3)n2)c1,8.045757490560675
CHEMBL3648084,CDK2,9.0,nM,CCOC(=O)N=S(C)(=O)c1ccc(Nc2ncc(Br)c(N[C@H](C)C(C)(C)O)n2)cc1,8.045757490560675
CHEMBL291324,CDK2,9.0,nM,Nc1nc(N)c(N=O)c(=O)[nH]1,8.045757490560675
CHEMBL3927078,CDK9,9.0,nM,CS(=N)(=O)Cc1cccc(Nc2ncc(F)c(-c3ccc(F)cc3OCc3ccccc3)n2)c1,8.045757490560675
CHEMBL3691554,CDK4,9.0,nM,CN(C)C(=O)c1cc2cnc(Nc3ccc(C(=O)N4C[C@H]5CN[C@H](C5)C4)cn3)nc2n1C1CCCC1,8.045757490560675
CHEMBL3691664,CDK4,9.0,nM,CN(C)C(=O)c1cc2cnc(Nc3ccc(N4CC5CCC(CC4=O)N5)cn3)nc2n1-c1ccccc1,8.045757490560675
CHEMBL255718,CDK2,9.0,nM,O=C(Cc1ccc(O)cc1)Nc1n[nH]c2ccc(N3CCCS3(=O)=O)cc12,8.045757490560675
CHEMBL372465,CDK1,9.0,nM,Brc1cnc(Nc2ccc3[nH]cnc3c2)nc1Nc1ccc2c(c1)OCO2,8.045757490560675
CHEMBL5949131,CDK4,9.0,nM,CC(C)N1CCOc2c(F)cc(-c3nc(Nc4cccc(S(N)(=O)=O)c4)ncc3F)cc21,8.045757490560675
CHEMBL3691666,CDK4,9.0,nM,CN(C)C(=O)c1cc2cnc(Nc3ccc(N4C[C@H]5CC[C@@H](CC4=O)N5)cn3)nc2n1-c1ccccc1,8.045757490560675
CHEMBL3673538,CDK9,9.0,nM,O=C(CO)N1CC=C(c2cc3c(-c4cncc(NCc5cccc(F)c5)n4)ccnc3[nH]2)CC1,8.045757490560675
CHEMBL3673530,CDK9,9.0,nM,Fc1cccc(CNc2cncc(-c3ccnc4[nH]c(C5=CCNCC5)cc34)n2)c1,8.045757490560675
CHEMBL3673507,CDK9,9.0,nM,Fc1ccc(CNc2cncc(-c3ccnc4[nH]c(C5CCNCC5)cc34)n2)cc1F,8.045757490560675
CHEMBL370728,CDK1,9.0,nM,Clc1cccc(Nc2ncc(Br)c(Nc3ccc4[nH]cnc4c3)n2)c1,8.045757490560675
CHEMBL5774057,CDK6,9.0,nM,CC(C)N1CCOc2c(F)cc(-c3nc(Nc4ccc(CN5CCC(N(C)C)CC5)c(F)c4)ncc3F)cc21,8.045757490560675
CHEMBL508739,CDK2,9.0,nM,Cc1cc(Nc2ncc(F)c(-c3cnc(C)n3C(C)C)n2)ccc1C(=O)N(C)C,8.045757490560675
CHEMBL400906,CDK1,9.0,nM,CNCc1cncc(-c2cnc3[nH]nc(-c4nc5cc(OC(F)(F)F)ccc5[nH]4)c3c2)c1,8.045757490560675
CHEMBL496785,CDK2,9.0,nM,CC(C)(C)c1cnc(CSc2cnc(NC3CCCCC3)s2)o1,8.045757490560675
CHEMBL3642011,CDK6,9.0,nM,OC1CCN(C2CCN(c3ccc(Nc4ncc5c6ccncc6n(C6CCCC6)c5n4)nn3)CC2)CC1,8.045757490560675
CHEMBL3673494,CDK9,9.0,nM,NC1CCCC(c2cc3c(-c4cccc(NCc5cccc(F)c5)n4)ccnc3[nH]2)C1,8.045757490560675
CHEMBL3648121,CDK2,9.0,nM,CCS(=N)(=O)c1ccc(Nc2ncc(Br)c(N[C@@H](COC)[C@H](C)O)n2)cc1,8.045757490560675
CHEMBL3648120,CDK2,9.0,nM,CCS(=N)(=O)c1ccc(Nc2ncc(Br)c(N[C@H](COC)[C@@H](C)O)n2)cc1,8.045757490560675
CHEMBL362560,CDK2,9.0,nM,COc1ccc(-c2[nH]nc3c2C(=O)c2c(NC(=O)NNC(=O)c4ccc(O)cc4)cccc2-3)cc1,8.045757490560675
CHEMBL48362,CDK1,9.0,nM,CN1CCC(c2c(O)cc(O)c3c2O/C(=C\c2ccc(S(N)(=O)=O)cc2)C3=O)CC1,8.045757490560675
CHEMBL5173041,CDK9,9.0,nM,COc1cc(C(=O)N2CCCC2)ccc1-c1ccnc2[nH]c(-c3ccc(CN4CCOCC4)cc3)nc12,8.045757490560675
CHEMBL3644034,CDK1,9.0,nM,C[C@@H](Oc1nc(Nc2ccc(S(C)(=O)=O)cc2)ncc1C(F)(F)F)C(C)(C)O,8.045757490560675
CHEMBL4282338,CDK2,9.0,nM,C[C@@H](O)[C@@H](C)Oc1nc(Nc2ccc([S@](=N)(=O)C3CC3)cc2)ncc1C(F)(F)F,8.045757490560675
CHEMBL58224,CDK2,9.0,nM,O=C1Nc2cccc(C3CCNCC3)c2/C1=C/c1[nH]cc2c1CCOC2=O,8.045757490560675
CHEMBL3648125,CDK1,9.0,nM,Cc1cc(Nc2ncc(Br)c(N[C@@H](C)C(C)(C)O)n2)ccc1S(C)(=N)=O,8.045757490560675
CHEMBL3775792,CDK2,9.0,nM,CC(C)c1n[nH]c2c(NCc3ccc(-c4ccccn4)cc3)nc(NCC(C)(C)O)nc12,8.045757490560675
CHEMBL5843565,CDK6,9.0,nM,CCN1CCN(Cc2ccc(Nc3ncc(F)c(-c4cc(F)c5c(c4)N(C(C)C)CCO5)n3)cc2F)CC1,8.045757490560675
CHEMBL3972796,CDK9,9.0,nM,CCOC(=O)N=S(C)(=O)Cc1cccc(Nc2ncc(F)c(-c3cccc4c3OCC4)n2)c1,8.045757490560675
CHEMBL514690,CDK2,9.0,nM,Cc1ncc(-c2ccnc(Nc3ccc(N4CCOCC4)cc3)n2)n1C(C)C,8.045757490560675
CHEMBL5817923,CDK4,9.0,nM,Fc1cnc(Nc2ccc(N3CCCNCC3)cn2)nc1-c1cc(F)c2c(c1)N(C1CCCC1)CCO2,8.045757490560675
CHEMBL5287128,CDK2,9.0,nM,C[C@@H](O)[C@@H](C)Nc1nc(Nc2ccc([S@](=N)(=O)C3CC3)cc2)ncc1C(F)(F)F,8.045757490560675
CHEMBL6017486,CDK4,9.0,nM,CC(C)N1CCOc2c(F)cc(-c3nc(Nc4ccc(S(=O)(=O)NC5CCNCC5)cc4)ncc3F)cc21,8.045757490560675
CHEMBL460087,CDK1,9.0,nM,CN[C@H]1CCN(C(=O)c2ccc(Nc3nccc(-c4cnc(C)n4C(C)C)n3)cc2)C1,8.045757490560675
CHEMBL5961536,CDK4,9.0,nM,CC(C)N1CCOc2c(F)cc(-c3nc(Nc4ccc(C5CCN(C)CC5)c(F)c4)ncc3F)cc21,8.045757490560675
CHEMBL455467,CDK2,9.0,nM,Cc1ncc(-c2ccnc(Nc3ccc(C(=O)N4CCN(C)CC4)cc3)n2)n1C(C)C,8.045757490560675
CHEMBL4442620,CDK2,9.0,nM,C[C@@H](O)[C@@H](C)Oc1nc(Nc2ccc(S(=N)(=O)C3CC3)cc2)ncc1C(F)(F)F,8.045757490560675
CHEMBL103104,CDK2,9.1,nM,NS(=O)(=O)c1ccc(Nc2cc(-c3cccc(O)c3)n[nH]2)cc1,8.040958607678906
CHEMBL5908734,CDK6,9.17,nM,Cc1nc2c(F)cc(-c3nc(Nc4ccc5c(n4)CCN(CCO)C5)ncc3F)cc2n1C(C)C,8.03763066432998
CHEMBL4213219,CDK9,9.18,nM,Cc1nc2c(F)cc(-c3nc(Nc4ccc5c(n4)CCN(C(=O)CO)C5)ncc3F)cc2n1C(C)C,8.037157318798757
CHEMBL3698712,CDK4,9.2,nM,C[C@H]1CN(c2cnc(Nc3ncc4c5ccncc5n(C5CCCC5)c4n3)cn2)CCN1,8.036212172654444
CHEMBL3698724,CDK6,9.2,nM,O=S1(=O)CCN(c2ccc(Nc3ncc4c5ccncc5n(C5CCCC5)c4n3)nn2)CC1,8.036212172654444
CHEMBL210540,CDK4,9.2,nM,Cc1cc(-c2cnc(Nc3cnc(CN4CCN(C)CC4)cn3)s2)nc(OC2CCCCC2)n1,8.036212172654444
CHEMBL5836990,CDK9,9.21,nM,Cc1nc2c(F)cc(-c3nc(Nc4ccc5c(n4)CCNC5)ncc3F)cc2n1C(C)C,8.03574036980315
CHEMBL6009610,CDK6,9.25,nM,Cc1nc2c(F)cc(-c3nc(Nc4ccc5c(n4)CCN(CCN(C)C)[C@@H]5C)ncc3F)cc2n1C(C)(C)C,8.033858267260968
CHEMBL272380,CDK2,9.3,nM,NS(=O)(=O)c1ccc(N/N=C2\C(=O)Nc3cccc(/C=C/c4ccc(O)cc4)c32)cc1,8.031517051446064
CHEMBL271136,CDK1,9.3,nM,COc1cccc(OC)c1CNC(=O)c1ccc2c(c1)/C(=N/Nc1ccc(S(N)(=O)=O)cc1)C(=O)N2,8.031517051446064
CHEMBL3702166,CDK4,9.3,nM,Oc1cc(-c2ccc(Nc3ncc4c5ccncc5n(C5CCCC5)c4n3)nn2)ccn1,8.031517051446064
CHEMBL5813966,CDK4,9.46,nM,CCN1CCN(Cc2ccc(Nc3ncc(F)c(-c4cc(F)c5nn6c(c5c4)CCC6)n3)nc2)CC1,8.024108863598208
CHEMBL271952,CDK2,9.5,nM,NS(=O)(=O)c1ccc(N/N=C2\C(=O)Nc3ccc4[nH]nnc4c32)cc1,8.022276394711152
CHEMBL3691655,CDK4,9.5,nM,CN(C)C(=O)c1cc2cnc(Nc3ccc(N4CC5(CC4=O)CC4CCC(C5)N4)cn3)nc2n1C1CCCC1,8.022276394711152
CHEMBL2112297,CDK2,9.5,nM,O=C1Nc2ccc3ncsc3c2/C1=C/Nc1ccc(S(=O)(=O)N[n+]2ccc3ccccc3c2)cc1,8.022276394711152
CHEMBL319467,CDK1,9.5,nM,NS(=O)(=O)c1ccc(Nc2nc(OCC3CCCCC3)c3nc[nH]c3n2)cc1,8.022276394711152
CHEMBL5806403,CDK6,9.5,nM,CC(C)N1CCOc2c(F)cc(-c3nc(Nc4ccc(N5CCN(CCO)CC5)cn4)ncc3F)cc21,8.022276394711152
CHEMBL3698696,CDK4,9.6,nM,O=S1(=O)CCC(Nc2ccc(Nc3ncc4c5ccncc5n(C5CCCC5)c4n3)nc2)C1,8.017728766960431
CHEMBL6146765,CDK9,9.6,nM,COCC(C)N1CCC(c2cc3c(-c4cnn(CC5CC5)c4)c(Cl)cnc3[nH]2)CC1,8.017728766960431
CHEMBL3702223,CDK4,9.6,nM,CC[C@@H](C)n1c2cnccc2c2cnc(Nc3ccc(N4CCNCC4)nn3)nc21,8.017728766960431
CHEMBL3698648,CDK4,9.6,nM,CN(C)C1CCN(c2ccc(Nc3ncc4c5ccncc5n(C5CCCC5)c4n3)nc2)CC1,8.017728766960431
CHEMBL3642028,CDK4,9.7,nM,CCN(CCO)C1CCN(c2ccc(Nc3ncc4c5ccncc5n(C5CCCC5)c4n3)nc2)CC1,8.013228265733755
CHEMBL1276446,CDK2,9.7,nM,O=C1Nc2ccc3ncsc3c2/C1=C/Nc1ccc(S(=O)(=O)Nc2ccccn2)cc1,8.013228265733755
CHEMBL4207451,CDK4,9.7,nM,CC1(C)CCc2nc3c(F)cc(-c4nc(Nc5ccc(CN6CCN(C7CC7)CC6)cn5)ncc4F)cc3n21,8.013228265733755
CHEMBL3702113,CDK4,9.8,nM,CN(C)C1CCN(c2ccc(Nc3ncc4c5ccnc(O)c5n(C5CCC(C)(C)CC5)c4n3)nn2)CC1,8.008773924307505
CHEMBL3702119,CDK6,9.8,nM,CCOC(=O)CN1CCN(c2ccc(Nc3ncc4c5ccncc5n(C5CCCC5)c4n3)nn2)CC1,8.008773924307505
CHEMBL5922296,CDK6,9.85,nM,CS(=O)(=O)c1cc2cnc(Nc3ccc(C4CCNCC4)cn3)nc2n1C1CCCC1,8.006563769502389
CHEMBL4788136,CDK2,9.86,nM,C=CC(=O)Nc1ccc(C(=O)N2CC[C@@H](Nc3ncc(SCc4ncc(C(C)(C)C)o4)s3)C2)cc1,8.006123085058789
CHEMBL5532236,CDK9,9.99,nM,CCC(=O)Nc1ccc(CNc2nc(O[C@@H]3CCCNC3)nc3c(C(C)C)cnn23)cc1,8.000434511774017
CHEMBL6175521,CDK4,10.0,nM,CCN1CCN(c2ccc(Nc3ncc(F)c(-c4cnc5cnn(C(C)C)c5c4)n3)cc2)CC1,8.0
CHEMBL3698744,CDK6,10.0,nM,NC1CCN(c2ccc(Nc3ncc4c5ccncc5n(C5CCCC5)c4n3)nn2)CC1,8.0
CHEMBL178785,CDK2,10.0,nM,CN(C)S(=O)(=O)c1ccc(Nc2cc(N[C@H]3CC[C@H](N)CC3)nc3c(Br)cnn23)cc1,8.0
CHEMBL3298678,CDK2,10.0,nM,O=C(N[C@H](CO)c1ccc(Cl)c(F)c1)N1CCc2cnc(NC3CCOCC3)nc2C1,8.0
CHEMBL5434400,CDK9,10.0,nM,O=C1CCC(N2C(=O)c3cccc(OCCCCn4cc(CCCCCCCCCCN5CCC(NC(=O)c6n[nH]cc6NC(=O)c6c(Cl)cccc6Cl)CC5)nn4)c3C2=O)C(=O)N1,8.0
CHEMBL5207813,CDK9,10.0,nM,CN(C)C(=O)CN1CCC(c2cc3c(-c4ccc(=O)n(C)c4)ccnc3[nH]2)CC1,8.0
CHEMBL3698652,CDK4,10.0,nM,COc1ccc(-n2c3cnccc3c3cnc(Nc4ccc(N5CCNCC5)cn4)nc32)cc1,8.0
CHEMBL3698647,CDK6,10.0,nM,NC1CCN(c2ccc(Nc3ncc4c5ccncc5n(C5CCCC5)c4n3)nc2)CC1,8.0
CHEMBL3663778,CDK9,10.0,nM,Fc1cncc(CNc2ccc(Cl)c(-c3ccnc4[nH]c(C5CCNCC5)cc34)n2)c1,8.0
CHEMBL189934,CDK2,10.0,nM,CCOC(=O)c1c(C)c2cnc(Nc3ccc(N4CCNCC4)cn3)nc2n(C2CCCC2)c1=O,8.0
CHEMBL6161571,CDK6,10.0,nM,CC(=O)N1CCC2(CC1)CC(=O)c1ccc(-c3nc(Nc4ccc(N5CCN(C6CCCCC6)CC5)cn4)ncc3F)cc1O2,8.0
CHEMBL3698638,CDK6,10.0,nM,CN1CCN(c2ccc(Nc3ncc4c5ccncc5n(C5CCCC5)c4n3)nc2)CC1,8.0
CHEMBL4173631,CDK2,10.0,nM,Cn1cc(-c2ccc(S(=O)(=O)N3CCC(Nc4ccc(C#N)cn4)CC3)cc2)cn1,8.0
CHEMBL3668361,CDK9,10.0,nM,COc1ccc(F)cc1-c1ccnc2[nH]c(C3=CCNCC3)cc12,8.0
CHEMBL402157,CDK2,10.0,nM,O=C(Cc1ccc(Cl)cc1)Nc1n[nH]c2ccc(N3CCCS3(=O)=O)cc12,8.0
CHEMBL419720,CDK4,10.0,nM,CN(C)CC(O)COc1ccc(Nc2ncc(Br)c(N(CCCC(F)(F)F)c3ccccc3)n2)cc1,8.0
CHEMBL445813,CDK9,10.0,nM,O=C(NC1CCNCC1)c1n[nH]cc1NC(=O)c1c(Cl)cccc1Cl,8.0
CHEMBL3354187,CDK2,10.0,nM,COC1CCN(c2nccc(Nc3cc4c(cn3)cc(-c3cn[nH]c3)n4C(C)C)n2)CC1,8.0
CHEMBL4752748,CDK9,10.0,nM,CC(=O)N[C@@H]1CCC[C@H](C(=O)Nc2cc(-c3cnn4c3CC(C)(C)CC4)c(F)cn2)C1,8.0
CHEMBL193519,CDK1,10.0,nM,FC(F)(F)c1cnc(Nc2ccc3[nH]cnc3c2)nc1Nc1ccc2[nH]cnc2c1,8.0
CHEMBL3698655,CDK6,10.0,nM,O[C@H]1CCN(c2ccc(Nc3ncc4c5ccncc5n(C5CCCC5)c4n3)nn2)C1,8.0
CHEMBL3702244,CDK6,10.0,nM,C[C@H]1CN(c2ccc(Nc3ncc4c5ccncc5n(C5CCC5)c4n3)nc2)CCN1,8.0
CHEMBL189963,CDK2,10.0,nM,CC(=O)c1c(C)c2cnc(Nc3ccc(N4CCNCC4)cn3)nc2n(C2CCCC2)c1=O,8.0
CHEMBL195641,CDK1,10.0,nM,N#CNc1ccc(Nc2ncc(C(F)(F)F)c(Nc3ccc4[nH]cnc4c3)n2)cc1NC#N,8.0
CHEMBL1171948,CDK2,10.0,nM,NC(=O)Cn1nc(C(N)=O)c2c1-c1nc(Nc3ccccc3)ncc1CC2,8.0
CHEMBL3673435,CDK9,10.0,nM,COc1cc(F)ccc1-c1ccnc(NC(=O)C2CCC(NC(C)=O)C2)c1,8.0
CHEMBL3642004,CDK4,10.0,nM,OC1CN(C2CCN(c3ccc(Nc4ncc5c6ccncc6n(C6CCCC6)c5n4)nn3)CC2)C1,8.0
CHEMBL3691604,CDK4,10.0,nM,CC(C)[C@@H](N)C(=O)N1C2CCC1CN(C(=O)c1ccc(Nc3ncc4cc(C(=O)N(C)C)n(C5CCCC5)c4n3)nc1)C2,8.0
CHEMBL255262,CDK2,10.0,nM,O=C(Cc1cccc(F)c1)Nc1n[nH]c2ccc(N3CCCS3(=O)=O)cc12,8.0
CHEMBL409690,CDK2,10.0,nM,NS(=O)(=O)c1ccc(N/N=C2\C(=O)Nc3ccc(O)cc32)cc1,8.0
CHEMBL3642650,CDK2,10.0,nM,Clc1ccccc1-c1cc(NCc2ccncc2)n2ncc(Br)c2n1,8.0
CHEMBL5857638,CDK6,10.0,nM,Fc1cnc(Nc2ccc3c(n2)CCNC3)nc1-c1cc(F)c2c(c1)N(C1CCCC1)CCO2,8.0
CHEMBL4802161,CDK6,10.0,nM,CC(=O)c1c(C)c2cnc(Nc3ccc(C4CCNCC4)cn3)nc2n(C2CCCC2)c1=O,8.0
CHEMBL4217694,CDK4,10.0,nM,CCC1CCc2nc3c(F)cc(-c4nc(Nc5ccc(CN6CCN(C)CC6)cn5)ncc4F)cc3n21,8.0
CHEMBL2012409,CDK1,10.0,nM,Cn1cc(Nc2ncc3cnn([C@@H]4C[C@H]5C[C@H]5C4)c3n2)cc1C(=O)N1CCC[C@H]1CO,8.0
CHEMBL5876164,CDK4,10.0,nM,CC(C)N1CCOc2c(F)cc(-c3nc(Nc4ccc(C5CCNCC5)c(F)c4)ncc3F)cc21,8.0
CHEMBL3648073,CDK2,10.0,nM,C[C@H](O)[C@@H](C)Oc1nc(Nc2ccc(S(C)(=N)=O)cc2)ncc1Br,8.0
CHEMBL3648072,CDK1,10.0,nM,C[C@@H](Nc1nc(Nc2ccc(S(C)(=N)=O)cc2)ncc1Br)C(C)(C)O,8.0
CHEMBL3642035,CDK6,10.0,nM,CN(C)CCNC1CCN(c2ccc(Nc3ncc4c5ccncc5n(C5CCCC5)c4n3)nn2)CC1,8.0
CHEMBL3673544,CDK9,10.0,nM,CNC(=O)N1CCC(c2cc3c(-c4nc(NCc5cccc(F)c5)c(F)cc4F)ccnc3[nH]2)CC1,8.0
CHEMBL415789,CDK2,10.0,nM,CSc1ccc(CC(=O)Nc2n[nH]c3ccc(N4CCCS4(=O)=O)cc23)cc1,8.0
CHEMBL5758578,CDK6,10.0,nM,CC(C)N1CCOc2c(F)cc(-c3nc(Nc4ccc(C(=O)N5CCC(O)CC5)c(F)c4)ncc3F)cc21,8.0
CHEMBL5927737,CDK4,10.0,nM,CN1CCC(c2ccc(Nc3ncc(F)c(-c4cc(F)c5c(c4)N(C4CCCC4)CCO5)n3)cc2F)CC1,8.0
CHEMBL257831,CDK2,10.0,nM,CN(C)c1ccc(CC(=O)Nc2n[nH]c3ccc(N4CCCS4(=O)=O)cc23)cc1,8.0
CHEMBL5779625,CDK9,10.0,nM,CC1(C)Cc2c(-c3cc(NC(=O)[C@H]4CCC[C@@H](N)C4)ncc3F)cnn2C1,8.0
CHEMBL83320,CDK1,10.0,nM,CC(C)C(CO)Nc1nc(NCc2ccccc2O)c2ncn(C(C)C)c2n1,8.0
CHEMBL269827,CDK1,10.0,nM,NS(=O)(=O)c1ccc(N/N=C2\C(=O)Nc3ccc(-c4cnco4)cc32)cc1,8.0
CHEMBL3702109,CDK4,10.0,nM,COc1nccc2c3cnc(Nc4ccc(N5CCNCC5)cn4)nc3n(C3CCC(C)(C)CC3)c12,8.0
CHEMBL5779951,CDK4,10.0,nM,CC(C)N1CCOc2c(F)cc(-c3nc(Nc4ccc(N5CCOCC5)c(F)c4)ncc3F)cc21,8.0
CHEMBL5822252,CDK6,10.0,nM,CN1CCC(c2ccc(Nc3ncc(F)c(-c4cc(F)c5c(c4)N(C)CCO5)n3)cc2F)CC1,8.0
CHEMBL3545110,CDK4,10.0,nM,CN(C)C(=O)c1cc2cnc(Nc3ccc(N4CCNCC4)cn3)nc2n1C1CCCC1,8.0
CHEMBL5177440,CDK9,10.0,nM,CNC(=O)CN1CCC(c2cc3c(-c4ccc(=O)n(C(C)C)c4)ccnc3[nH]2)CC1,8.0
CHEMBL3673504,CDK9,10.0,nM,Fc1cccc(CNc2cncc(-c3ccnc4[nH]c(C5CCNCC5)cc34)n2)c1,8.0
CHEMBL3673512,CDK9,10.0,nM,CN1CCC(c2cc3c(-c4cncc(NCc5ccccc5)n4)ccnc3[nH]2)CC1,8.0
CHEMBL3702118,CDK4,10.0,nM,OC1CCCN(Cc2ccc(Nc3ncc4c5ccncc5n(C5CCCC5)c4n3)nc2)C1,8.0
CHEMBL3642006,CDK4,10.0,nM,O[C@H]1CCN(C2CCN(c3ccc(Nc4ncc5c6ccncc6n(C6CCCC6)c5n4)nn3)CC2)C1,8.0
CHEMBL3694399,CDK9,10.0,nM,COc1ccccc1-c1cc(N(C)C(=O)[C@@H]2CCCNC2)ncn1,8.0
CHEMBL319903,CDK2,10.0,nM,NS(=O)(=O)c1ccc(Nc2cc(-c3ccc(Br)cc3)[nH]n2)cc1,8.0
CHEMBL403605,CDK2,10.0,nM,Cc1cccc(CC(=O)Nc2n[nH]c3ccc(N4CCCS4(=O)=O)cc23)c1,8.0
CHEMBL410261,CDK1,10.0,nM,CN(C)CCCOc1cc2c(cc1O)c1c3c(c(-c4ccccc4Cl)cc1n2C)C(=O)NC3=O,8.0
CHEMBL4294976,CDK9,10.0,nM,CCOc1ccccc1CNc1nc(C)nc2[nH]cc(-c3ccnc(N)c3)c12,8.0
CHEMBL404504,CDK2,10.0,nM,O=C(Cc1cccc(Cl)c1)Nc1n[nH]c2ccc(N3CCCS3(=O)=O)cc12,8.0
CHEMBL2012408,CDK1,10.0,nM,Cn1cc(Nc2ncc3cnn([C@@H]4C[C@H]5C[C@H]5C4)c3n2)cc1C(=O)N1CCC[C@H]1C(N)=O,8.0
CHEMBL5886747,CDK2,10.3,nM,Cc1nc2c(F)cc(-c3nc(Nc4ccc5c(n4)CCNC5)ncc3F)cc2n1C1(C)CC1,7.987162775294828
CHEMBL6161225,CDK9,10.3,nM,CC(C)N1CCC(c2cc3c(-c4cnn(CC5CC5)c4)c(Cl)cnc3[nH]2)CC1,7.987162775294828
CHEMBL5774332,CDK2,10.3,nM,Cc1nc2c(F)cc(-c3nc(Nc4ccc5c(n4)CCN(C[C@@H]4CN(C)CCO4)C5)ncc3F)cc2n1C(C)(C)C,7.987162775294828
CHEMBL5905735,CDK6,10.4,nM,Cc1nc2c(F)cc(-c3nc(Nc4ccc5c(n4)CCN(C(C)C)C5)ncc3F)cc2n1C(C)C,7.982966660701219
CHEMBL6017199,CDK2,10.4,nM,COC(=O)C(=O)N1CCc2nc(Nc3ncc(F)c(-c4cc(F)c5nc(C)n(C(C)C)c5c4)n3)ccc2C1,7.982966660701219
CHEMBL6002674,CDK9,10.5,nM,CNCCN1CCc2nc(Nc3ncc(F)c(-c4cc(F)c5nc(C)n(C(C)(C)C)c5c4)n3)ccc2C1,7.978810700930062
CHEMBL3684978,CDK4,10.5,nM,COCCN1CCc2nc(Nc3ncc4c5ccncc5n([C@H]5CC[C@H](C)CC5)c4n3)ccc2C1,7.978810700930062
CHEMBL5784667,CDK9,10.5,nM,Cc1nc2c(F)cc(-c3nc(Nc4ccc5c(n4)CCN(C(=O)C(C)N(C)C)C5)ncc3F)cc2n1C(C)C,7.978810700930062
CHEMBL6141840,CDK9,10.6,nM,COCCN1CCC(c2cc3c(-c4cnn(CC5CC5)c4)c(Cl)cnc3[nH]2)CC1,7.97469413473523
CHEMBL5759958,CDK6,10.6,nM,Cc1nc2c(F)cc(-c3nc(Nc4ccc5c(n4)CCN(C(=O)CN(C)C)C5)ncc3F)cc2n1C1CCCC1,7.97469413473523
CHEMBL421578,CDK2,10.7,nM,CS(=O)(=O)Nc1cccc(-c2cc(Nc3ccc(S(N)(=O)=O)cc3)[nH]n2)c1,7.97061622231479
CHEMBL4786429,CDK9,10.7,nM,CN(C)C/C=C/C(=O)Nc1cccc(C(=O)Nc2ncc(SCc3ncc(C(C)(C)C)o3)s2)c1,7.97061622231479
CHEMBL319103,CDK2,10.7,nM,NS(=O)(=O)c1ccc(Nc2cc(-c3cccc(NS(=O)(=O)c4ccccc4)c3)[nH]n2)cc1,7.97061622231479
CHEMBL4550287,CDK9,10.7,nM,Cc1nc2c(F)cc(-c3nc(Nc4ccc5c(n4)CCN(CCN(C)C)C5)ncc3F)cc2n1C(C)C1CC1,7.97061622231479
CHEMBL4641226,CDK2,10.8,nM,C=CC(=O)N1CCC(C(=O)Nc2ncc(SCc3ncc(C(C)(C)C)o3)s2)CC1,7.966576244513051
CHEMBL5908734,CDK9,10.8,nM,Cc1nc2c(F)cc(-c3nc(Nc4ccc5c(n4)CCN(CCO)C5)ncc3F)cc2n1C(C)C,7.966576244513051
CHEMBL3298982,CDK2,11.0,nM,O=C(N[C@H](CO)c1ccc(Cl)c(Cl)c1)N1CCc2cnc(NC3CCOCC3)nc2C1,7.958607314841775
CHEMBL3237451,CDK4,11.0,nM,c1cc2c3cnc(Nc4ccc(N5CCNCC5)cn4)nc3n(C3CCCCC3)c2cn1,7.958607314841775
CHEMBL3702225,CDK4,11.0,nM,CC[C@@H](C)n1c2cnccc2c2cnc(Nc3ccc(N4CCC(NC)CC4)cn3)nc21,7.958607314841775
CHEMBL3940387,CDK9,11.0,nM,CC(C)c1c2cc(-c3ccnc(N[C@H]4CC[C@H](NC5CCOCC5)CC4)n3)ccc2nn1C,7.958607314841775
CHEMBL6167833,CDK6,11.0,nM,CC(=O)N1CCC2(CC1)CC(=O)c1ccc(-c3nc(Nc4ccc(N5CCN(C(=O)C6CC6)CC5)cn4)ncc3F)cc1O2,7.958607314841775
CHEMBL3642000,CDK6,11.0,nM,C[C@H](CO)NC1CCN(c2ccc(Nc3ncc4c5ccncc5n(C5CCCC5)c4n3)nn2)CC1,7.958607314841775
CHEMBL3641937,CDK4,11.0,nM,C[C@@H](CO)n1c2cnccc2c2cnc(Nc3ccc(N4CCNC(C)(C)C4)nn3)nc21,7.958607314841775
CHEMBL3698679,CDK4,11.0,nM,OCC1(n2c3cnccc3c3cnc(Nc4ccc(N5CCNCC5)cn4)nc32)CCCC1,7.958607314841775
CHEMBL3702074,CDK4,11.0,nM,FC(F)(F)C1CN(c2ccc(Nc3ncc4c5ccncc5n(C5CCCC5)c4n3)nc2)CCN1,7.958607314841775
CHEMBL3702058,CDK4,11.0,nM,c1cc2c3cnc(Nc4ccc(N5CCN(C6CC6)CC5)cn4)nc3n(C3CCCC3)c2cn1,7.958607314841775
CHEMBL3673509,CDK9,11.0,nM,O=C(CO)N1CCC(c2cc3c(-c4cncc(NCc5cccc(F)c5)n4)ccnc3[nH]2)CC1,7.958607314841775
CHEMBL484738,CDK2,11.0,nM,Cc1ncc(-c2ccnc(Nc3ccc(S(N)(=O)=O)cc3)n2)n1C,7.958607314841775
CHEMBL5811976,CDK9,11.0,nM,Cc1nc2c(F)cc(-c3nc(Nc4ccc5c(n4)CCN(C[C@@H]4CNCCO4)C5)ncc3F)cc2n1C(C)(C)C,7.958607314841775
CHEMBL3702111,CDK4,11.0,nM,COc1nccc2c3cnc(Nc4ccc(N5CCC(N6CCCC6)CC5)cn4)nc3n(C3CCC(C)(C)CC3)c12,7.958607314841775
CHEMBL3642010,CDK6,11.0,nM,CCN(CCO)C1CCN(c2ccc(Nc3ncc4c5ccncc5n(C5CCCC5)c4n3)nn2)CC1,7.958607314841775
CHEMBL3702121,CDK6,11.0,nM,CCOC(=O)CN1CCN(Cc2ccc(Nc3ncc4c5ccncc5n(C5CCCC5)c4n3)nc2)CC1,7.958607314841775
CHEMBL3642025,CDK4,11.0,nM,FC(F)(F)CNC1CCN(c2ccc(Nc3ncc4c5ccncc5n(C5CCCC5)c4n3)nc2)CC1,7.958607314841775
CHEMBL3644023,CDK2,11.0,nM,C=CCS(=O)(=O)c1ccc(Nc2ncc(C(F)(F)F)c(O[C@H](C)C(C)(C)O)n2)cc1,7.958607314841775
CHEMBL3698708,CDK6,11.0,nM,CNC1CCN(c2ccc(Nc3ncc4c5ccncc5n(C5CCCC5)c4n3)nn2)CC1,7.958607314841775
CHEMBL3642647,CDK2,11.0,nM,Fc1ccccc1-c1cc(NCc2cccnc2)n2ncc(Br)c2n1,7.958607314841775
CHEMBL3648122,CDK1,11.0,nM,CCS(=N)(=O)c1ccc(Nc2ncc(Br)c(N[C@@H](C)[C@H](C)O)n2)cc1,7.958607314841775
CHEMBL5853767,CDK9,11.0,nM,Cc1nc2c(F)cc(-c3nc(Nc4ccc5c(n4)CCN(C[C@@H]4CNCCO4)C5)ncc3F)cc2n1C(C)C,7.958607314841775
CHEMBL3648118,CDK1,11.0,nM,COC[C@@H](Nc1nc(Nc2ccc(S(C)(=N)=O)cc2)ncc1Br)[C@@H](C)O,7.958607314841775
CHEMBL3648104,CDK2,11.0,nM,CC(Sc1nc(Nc2ccc(S(C)(=N)=O)cc2)ncc1Br)C(C)(C)O,7.958607314841775
CHEMBL6048798,CDK6,11.0,nM,CC(C)N1CCOc2c(F)cc(-c3nc(Nc4ccc(N5CCNCC5)c(F)c4F)ncc3F)cc21,7.958607314841775
CHEMBL3702146,CDK4,11.0,nM,O=C(Cc1ccc(Nc2ncc3c4ccncc4n(C4CCCC4)c3n2)nc1)N1CCOCC1,7.958607314841775
CHEMBL424722,CDK4,11.0,nM,O=c1c2cccc3c2sn1CCCCCCOc1cccc2nc(O)c-3nc12,7.958607314841775
CHEMBL5198372,CDK9,11.0,nM,CSCCn1cc(-c2ccnc3[nH]c(C4CCN(CC(=O)N(C)C)CC4)cc23)ccc1=O,7.958607314841775
CHEMBL273060,CDK2,11.0,nM,NS(=O)(=O)c1ccc(N/N=C2\C(=O)Nc3ccc(I)cc32)cc1,7.958607314841775
CHEMBL563308,CDK1,11.0,nM,CC(C)COc1ccc2sc3c(c2c1)NC[C@@H](C)NC3=O,7.958607314841775
CHEMBL189963,CDK4,11.0,nM,CC(=O)c1c(C)c2cnc(Nc3ccc(N4CCNCC4)cn3)nc2n(C2CCCC2)c1=O,7.958607314841775
CHEMBL3702224,CDK4,11.0,nM,CC[C@@H](C)n1c2cnccc2c2cnc(Nc3ccc(N4CCNC(C)(C)C4)nn3)nc21,7.958607314841775
CHEMBL3702208,CDK4,11.0,nM,NC1CCN(c2ccc(Nc3ncc4c5ccccc5n(C5CCCC5)c4n3)nn2)CC1,7.958607314841775
CHEMBL3663759,CDK9,11.0,nM,COc1ccc(F)cc1-c1ccnc2[nH]c(C3CCNCC3)cc12,7.958607314841775
CHEMBL3702209,CDK4,11.0,nM,CN(C)C1CCN(c2ccc(Nc3ncc4c5ccccc5n(C5CCCC5)c4n3)nc2)CC1,7.958607314841775
CHEMBL3702220,CDK6,11.0,nM,CC[C@@H](C)n1c2cnccc2c2cnc(Nc3ccc(N4CCNCC4)cn3)nc21,7.958607314841775
CHEMBL3702221,CDK6,11.0,nM,CC[C@@H](C)n1c2cnccc2c2cnc(Nc3ccc(N4CCN[C@@H](C)C4)cn3)nc21,7.958607314841775
CHEMBL453895,CDK2,11.0,nM,Cc1ncc(-c2ccnc(Nc3ccc(C(=O)NC4CCN(C)CC4)c(F)c3)n2)n1C(C)C,7.958607314841775
CHEMBL3702045,CDK4,11.0,nM,CCN1CCN(c2ccc(Nc3ncc4c5ccncc5n(C5CCCC5)c4n3)nn2)CC1,7.958607314841775
CHEMBL3668476,CDK9,11.0,nM,Fc1ccc(NCc2ccccc2)cc1-c1ccnc2[nH]c(C3CCCNC3)cc12,7.958607314841775
CHEMBL539855,CDK4,11.0,nM,CN1CCOc2cccc3nc(O)c(nc23)-c2cccc3c(=O)n(sc23)CC1.Cl,7.958607314841775
CHEMBL181114,CDK2,11.0,nM,N[C@H]1CC[C@H](Nc2cc(Nc3ccc(S(=O)(=O)c4cccs4)cc3)n3ncc(Cl)c3n2)CC1,7.958607314841775
CHEMBL3698739,CDK6,11.0,nM,N[C@@H]1CCN(c2ccc(Nc3ncc4c5ccncc5n(C5CCCC5)c4n3)nn2)C1,7.958607314841775
CHEMBL4644893,CDK2,11.0,nM,C=CC(=O)Nc1ccc(C(=O)N2CCCC(C(=O)Nc3ncc(SCc4ncc(C(C)(C)C)o4)s3)C2)cc1,7.958607314841775
CHEMBL3702207,CDK4,11.0,nM,c1ccc2c(c1)c1cnc(Nc3ccc(N4CCNCC4)nn3)nc1n2C1CCCC1,7.958607314841775
CHEMBL460102,CDK1,11.0,nM,Cc1ncc(-c2nc(Nc3ccc(C(=O)N4CC[C@H](N(C)C)C4)cc3)ncc2F)n1C(C)C,7.958607314841775
CHEMBL460103,CDK1,11.0,nM,Cc1ncc(-c2nc(Nc3ccc(C(=O)N4CC[C@@H](N(C)C)C4)cc3)ncc2F)n1C(C)C,7.958607314841775
CHEMBL4442620,CDK4,11.0,nM,C[C@@H](O)[C@@H](C)Oc1nc(Nc2ccc(S(=N)(=O)C3CC3)cc2)ncc1C(F)(F)F,7.958607314841775
CHEMBL5207146,CDK9,11.0,nM,COc1cc(C(=O)N2CCCC2)ccc1-c1ccnc2[nH]c(C3CCN(C(C)=O)CC3)cc12,7.958607314841775
CHEMBL3702182,CDK4,11.0,nM,CCN(CC)C1CCN(c2ccc(Nc3ncc4c5ccnnc5n(C5CCCC5)c4n3)nc2)CC1,7.958607314841775
CHEMBL3702184,CDK4,11.0,nM,CCN(CC)C1CCN(c2ccc(Nc3ncc4c5ccnc(OC)c5n(C5CCCC5)c4n3)nn2)CC1,7.958607314841775
CHEMBL3237446,CDK6,11.0,nM,O=c1[nH]ccc2c3cnc(Nc4ccc(N5CCNCC5)cn4)nc3n(C3CCCC3)c12,7.958607314841775
CHEMBL3673523,CDK9,11.0,nM,OCC(O)CN1CCC(c2cc3c(-c4cncc(OCc5cccc(F)c5)n4)ccnc3[nH]2)CC1,7.958607314841775
CHEMBL3673547,CDK9,11.0,nM,CNC(=O)C1CC=C(c2cc3c(-c4cncc(NCc5ccccc5)n4)ccnc3[nH]2)CC1,7.958607314841775
CHEMBL3698669,CDK4,11.0,nM,c1cc2c3cnc(Nc4ccc(N5CCNCC5)cn4)nc3n(C3CCCCCC3)c2cn1,7.958607314841775
CHEMBL3648089,CDK2,11.0,nM,CCOC(=O)N=S(=O)(CC)c1ccc(Nc2ncc(Br)c(N[C@H](C)[C@H](C)O)n2)cc1,7.958607314841775
CHEMBL3702170,CDK4,11.0,nM,c1cc2c3cnc(Nc4ccc(OC5CCNCC5)nn4)nc3n(C3CCCC3)c2cn1,7.958607314841775
CHEMBL6021151,CDK1,11.0,nM,CN1N=CC2(CCCCC2)n2c1cc1cnc(Nc3ccc(S(N)(=O)=O)cc3)nc12,7.958607314841775
CHEMBL364935,CDK1,11.0,nM,FC(F)(F)c1cnc(Nc2ccc(Br)cc2)nc1Nc1ccc2[nH]cnc2c1,7.958607314841775
CHEMBL5761239,CDK6,11.1,nM,CS(=O)(=O)c1cc2cnc(Nc3ccc(C4=CCNCC4)cn3)nc2n1C1CCCC1,7.954677021213342
CHEMBL3698732,CDK6,11.1,nM,OC1CCN(c2ccc(Nc3ncc4c5ccncc5n(C5CCCC5)c4n3)nn2)CC1,7.954677021213342
CHEMBL4210707,CDK6,11.2,nM,CC1(C)CCc2nc3c(F)cc(-c4nc(Nc5ccc(CN6CCN(CCF)CC6)cn5)ncc4F)cc3n21,7.950781977329818
CHEMBL3698721,CDK6,11.2,nM,c1cc2c3cnc(Nc4ccc(N[C@@H]5CCNC5)nn4)nc3n(C3CCCC3)c2cn1,7.950781977329818
CHEMBL5813772,CDK9,11.4,nM,Cc1nc2c(F)cc(-c3nc(Nc4ccc5c(n4)CCN(C)C5)ncc3F)cc2n1C(C)C,7.943095148663527
CHEMBL3698640,CDK6,11.5,nM,C[C@@H]1CN(c2ccc(Nc3ncc4c5ccncc5n(C5CCCC5)c4n3)nn2)CCN1,7.939302159646388
CHEMBL4777844,CDK2,11.5,nM,CN(C)C/C=C/C(=O)N1CCC(C(=O)Nc2ncc(SCc3ncc(C(C)(C)C)o3)s2)CC1,7.939302159646388
CHEMBL5561839,CDK6,11.5,nM,CC(C)n1nnc2ccc(-c3ccnc(Nc4cc(C(=O)N5CCCC5)ccn4)c3)cc21,7.939302159646388
CHEMBL3691610,CDK4,11.5,nM,CN(C)C(=O)c1cc2cnc(Nc3ccc(C(=O)N4CCC5CCC(C4)N5)cn3)nc2n1C1CCCC1,7.939302159646388
CHEMBL5416114,CDK2,11.58,nM,Cl.N[C@H]1CCN(c2c3c(nc4ccc(-c5ccnc(NC(=O)C6CC6)n5)cc24)CCCCC3)C1,7.936291440608582
CHEMBL4758168,CDK2,11.9,nM,CN(C)C/C=C/C(=O)Nc1ccc(C(=O)N2CC[C@@H](Nc3ncc(SCc4ncc(C(C)(C)C)o4)s3)C2)cc1,7.924453038607469
CHEMBL3702033,CDK4,12.0,nM,CC1CN(c2ccc(Nc3ncc4c5cc[nH]c(=O)c5n(C5CCCC5)c4n3)nn2)CC(C)N1,7.920818753952375
CHEMBL4569508,CDK2,12.0,nM,O=C(NCC(F)(F)F)c1cc(-c2cnn3cc(-c4ccc(OCCN5CCCCC5)cc4)cnc23)cs1,7.920818753952375
CHEMBL6012819,CDK4,12.0,nM,CC1CN(C(C)C)c2cc(-c3nc(Nc4ccc(N5CCNCC5)c(F)c4)ncc3F)cc(F)c2O1,7.920818753952375
CHEMBL309573,CDK2,12.0,nM,COCCNS(=O)(=O)c1ccc(Nc2nccc(-c3cnc4ccccn34)n2)cc1,7.920818753952375
CHEMBL456963,CDK2,12.0,nM,O=C(NC1CCCCC1)c1n[nH]cc1NC(=O)c1c(F)cccc1F,7.920818753952375
CHEMBL3691548,CDK4,12.0,nM,CN(C)C(=O)c1cc2cnc(Nc3ccc(C(=O)N4CCC5(CC4)CNC5)cn3)nc2n1C1CCCCCC1,7.920818753952375
CHEMBL402157,CDK1,12.0,nM,O=C(Cc1ccc(Cl)cc1)Nc1n[nH]c2ccc(N3CCCS3(=O)=O)cc12,7.920818753952375
CHEMBL3698738,CDK4,12.0,nM,N[C@H]1CCN(c2ccc(Nc3ncc4c5ccncc5n(C5CCCC5)c4n3)nn2)C1,7.920818753952375
CHEMBL3668375,CDK9,12.0,nM,CN1CCC(c2cc3c(-c4cccc(NCc5c(F)cccc5F)n4)ccnc3[nH]2)CC1,7.920818753952375
CHEMBL6151897,CDK6,12.0,nM,CCOC(=O)C1CCN(c2ccc(Nc3ncc(F)c(-c4ccc5c(c4)OC4(CCN(C(C)=O)CC4)CC5=O)n3)nc2)CC1,7.920818753952375
CHEMBL3691642,CDK4,12.0,nM,CN(C)C(=O)c1cc2cnc(Nc3ccc(N4C[C@@]5(CCCNCC5)OC4=O)cn3)nc2n1C1CCCC1,7.920818753952375
CHEMBL3691646,CDK4,12.0,nM,CN(C)C(=O)c1cc2cnc(Nc3ccc(N4C[C@@]5(CCCNC5)OC4=O)cn3)nc2n1C1CCCC1,7.920818753952375
CHEMBL5994018,CDK9,12.0,nM,Fc1cccc(Cn2cnc3ccc(-c4cc(NCCC5CCNCC5)ncc4Cl)cc32)c1,7.920818753952375
CHEMBL3702217,CDK4,12.0,nM,CC[C@@H](C)n1c2cnccc2c2cnc(Nc3ccc(N4CCN[C@@H](C)C4)nn3)nc21,7.920818753952375
CHEMBL3298310,CDK2,12.0,nM,CC[C@@H](NC(=O)N1CCc2cnc(N[C@@H](C)CO)nc2C1)c1ccc(Cl)c(Cl)c1,7.920818753952375
CHEMBL3691656,CDK4,12.0,nM,CN(C)C(=O)c1cc2cnc(Nc3ccc(N4CC5(CCNCC5)OC4=O)cn3)nc2n1C1CCCC1,7.920818753952375
CHEMBL5992870,CDK1,12.0,nM,CN1CCN(C(=O)c2ccc(Nc3ncc4cc5n(c4n3)C3(CCCCC3)CC(=O)N5)cc2)CC1,7.920818753952375
CHEMBL3668418,CDK9,12.0,nM,COc1ccc(F)cc1-c1ccnc2[nH]c(C3CNC3)cc12,7.920818753952375
CHEMBL311992,CDK2,12.0,nM,NCCOc1cc(-c2ccc[nH]2)c2c3c(ccc(F)c13)NC2=O,7.920818753952375
CHEMBL3702209,CDK6,12.0,nM,CN(C)C1CCN(c2ccc(Nc3ncc4c5ccccc5n(C5CCCC5)c4n3)nc2)CC1,7.920818753952375
CHEMBL3663764,CDK9,12.0,nM,COc1cc(F)c(F)cc1-c1ccnc2[nH]c(C3CCNCC3)cc12,7.920818753952375
CHEMBL409892,CDK1,12.0,nM,NS(=O)(=O)c1ccc(N/N=C2\C(=O)Nc3ccc4ncccc4c32)cc1,7.920818753952375
CHEMBL215803,CDK6,12.0,nM,C[C@@H]1C[C@H]2CN1CCn1nc3c(cccc3c1O)-c1nc3c(cccc3nc1O)O2,7.920818753952375
CHEMBL2158843,CDK1,12.0,nM,NS(=O)(=O)c1cccc(Nc2nccc(-c3ccnc(NCCCO)c3)n2)c1,7.920818753952375
CHEMBL409731,CDK1,12.0,nM,COC(=O)c1ccc2c(c1)/C(=C/Nc1ccc(S(N)(=O)=O)cc1)C(=O)N2,7.920818753952375
CHEMBL3702248,CDK6,12.0,nM,CC1(C)CN(c2ccc(Nc3ncc4c5ccncc5n(C5CCC5)c4n3)nn2)CCN1,7.920818753952375
CHEMBL432491,CDK2,12.0,nM,NS(=O)(=O)c1ccc2c(c1)/C(=C/c1[nH]cc3c1CCOC3=O)C(=O)N2,7.920818753952375
CHEMBL1964259,CDK1,12.0,nM,O=C1Nc2ccc3ncsc3c2/C1=C/Nc1ccc(S(=O)(=O)NCCOCCO)cc1,7.920818753952375
CHEMBL5902314,CDK4,12.0,nM,CC(C)N1CCOc2c(F)cc(-c3nc(Nc4ccc5c(c4)C(=O)NCC5)ncc3F)cc21,7.920818753952375
CHEMBL3642036,CDK6,12.0,nM,OC[C@@H](O)CNC1CCN(c2ccc(Nc3ncc4c5ccncc5n(C5CCCC5)c4n3)nn2)CC1,7.920818753952375
CHEMBL359554,CDK4,12.0,nM,c1ccc(Nc2nccc(-c3cnn4ncccc34)n2)cc1,7.920818753952375
CHEMBL3644024,CDK1,12.0,nM,CC(C)S(=O)(=O)c1ccc(Nc2ncc(C(F)(F)F)c(O[C@H](C)[C@@H](C)O)n2)cc1,7.920818753952375
CHEMBL513354,CDK4,12.0,nM,CCN(CC)Cc1cccc(Nc2nccc(-c3cnn4ncccc34)n2)c1,7.920818753952375
CHEMBL3648085,CDK2,12.0,nM,CCOC(=O)N=S(C)(=O)c1ccc(Nc2ncc(Br)c(N[C@H](C)[C@H](C)O)n2)cc1,7.920818753952375
CHEMBL4802161,CDK4,12.0,nM,CC(=O)c1c(C)c2cnc(Nc3ccc(C4CCNCC4)cn3)nc2n(C2CCCC2)c1=O,7.920818753952375
CHEMBL3644027,CDK2,12.0,nM,COC[C@@H](C)Oc1nc(Nc2ccc(S(C)(=O)=O)cc2)ncc1C(F)(F)F,7.920818753952375
CHEMBL5867014,CDK4,12.0,nM,CC(C)N1CCOc2c(F)cc(-c3nc(Nc4ccc(N5CCN(C(=O)N(C)C)CC5)cn4)ncc3F)cc21,7.920818753952375
CHEMBL3644021,CDK2,12.0,nM,C[C@@H](O)[C@@H](C)Oc1nc(Nc2ccc(S(=O)(=O)C(F)F)cc2)ncc1C(F)(F)F,7.920818753952375
CHEMBL272028,CDK2,12.0,nM,NS(=O)(=O)c1ccc(N/N=C2\C(=O)Nc3ccc(C(=O)NCCc4c[nH]cn4)cc32)cc1,7.920818753952375
CHEMBL3698710,CDK4,12.0,nM,CC1CN(c2cnc(Nc3ncc4c5ccncc5n(C5CCCC5)c4n3)cn2)CC(C)N1,7.920818753952375
CHEMBL3698687,CDK4,12.0,nM,COc1nccc2c3cnc(Nc4ccc(N5CCNCC5)cn4)nc3n(C3CCCC3)c12,7.920818753952375
CHEMBL3702135,CDK6,12.0,nM,c1ccc(-n2c3cnccc3c3cnc(Nc4ccc(N5CCNCC5)cn4)cc32)cc1,7.920818753952375
CHEMBL3642029,CDK6,12.0,nM,OC1CN(C2CCN(c3ccc(Nc4ncc5c6ccncc6n(C6CCCC6)c5n4)nc3)CC2)C1,7.920818753952375
CHEMBL3673517,CDK9,12.0,nM,Fc1cccc(COc2cncc(-c3ccnc4[nH]c(C5CCNCC5)cc34)n2)c1,7.920818753952375
CHEMBL3642005,CDK4,12.0,nM,O[C@@H]1CCN(C2CCN(c3ccc(Nc4ncc5c6ccncc6n(C6CCCC6)c5n4)nn3)CC2)C1,7.920818753952375
CHEMBL1171949,CDK2,12.0,nM,NC(=O)c1nn(CC2CCNCC2)c2c1CCc1cnc(Nc3ccccc3)nc1-2,7.920818753952375
CHEMBL3642016,CDK6,12.0,nM,C[C@@H](O)CNC1CCN(c2ccc(Nc3ncc4c5ccncc5n(C5CCCC5)c4n3)nc2)CC1,7.920818753952375
CHEMBL3642020,CDK6,12.0,nM,c1cc2c3cnc(Nc4ccc(N5CCC(NC6CC6)CC5)cn4)nc3n(C3CCCC3)c2cn1,7.920818753952375
CHEMBL3642015,CDK4,12.0,nM,C[C@H](O)CNC1CCN(c2ccc(Nc3ncc4c5ccncc5n(C5CCCC5)c4n3)nc2)CC1,7.920818753952375
CHEMBL3639975,CDK4,12.0,nM,c1cc2c3cnc(Nc4cnc(NC5CCNCC5)cn4)nc3n(C3CCCC3)c2cn1,7.920818753952375
CHEMBL260103,CDK2,12.0,nM,COc1ccc2c(c1)/C(=N/Nc1ccc(S(N)(=O)=O)cc1)C(=O)N2,7.920818753952375
CHEMBL509406,CDK1,12.0,nM,Cc1ncc(-c2nc(Nc3ccc(C(=O)NC4CCN(C)CC4)c(F)c3)ncc2F)n1C(C)C,7.920818753952375
CHEMBL3641994,CDK6,12.0,nM,OCCNC1CCN(c2ccc(Nc3ncc4c5ccncc5n(C5CCCC5)c4n3)nn2)CC1,7.920818753952375
CHEMBL6059280,CDK9,12.0,nM,N#CC1(Cc2ccccc2)CN(Cc2ccccc2)c2cc(-c3cc(NC(=O)[C@@H]4CCCNC4)ncc3Cl)ccc21,7.920818753952375
CHEMBL5803114,CDK4,12.0,nM,CC(C)N1CCOc2c(F)cc(-c3nc(Nc4ccc(N5CCNCC5)c(F)c4)ncc3F)cc21,7.920818753952375
CHEMBL3641988,CDK4,12.0,nM,CNC1CCN(c2ccc(Nc3ncc4c5ccncc5n([C@@H]5CCOC5)c4n3)nc2)CC1,7.920818753952375
CHEMBL6059395,CDK9,12.0,nM,N#CCC(=O)N[C@@H]1CCC[C@H](C(=O)Nc2cc(-c3cnn4c3CCCC4)c(Cl)cn2)C1,7.920818753952375
CHEMBL411865,CDK2,12.0,nM,NS(=O)(=O)c1ccc(N/N=C2\C(=O)Nc3cccc(CCc4ccc(O)cc4)c32)cc1,7.920818753952375
CHEMBL495545,CDK4,12.0,nM,CN1CCN(c2ccc(Nc3nccc(-c4cnn5ncccc45)n3)cc2)CC1,7.920818753952375
CHEMBL99780,CDK1,12.0,nM,COc1ccc2sc3c(c2c1)NC[C@@H](C)NC3=O,7.920818753952375
CHEMBL82767,CDK2,12.0,nM,NCCNc1cc(-c2ccc[nH]2)c2c3c(ccc(F)c13)NC2=O,7.920818753952375
CHEMBL4211162,CDK4,12.1,nM,CCN1CCN(Cc2ccc(Nc3cc(-c4cc(F)c5nc(C)n(C(C)C)c5c4)c(F)cn3)nn2)CC1,7.91721462968355
CHEMBL5976713,CDK4,12.1,nM,Cc1nc2c(F)cc(-c3nc(Nc4ccc5c(n4)CCN(CC[N+](C)(C)[O-])C5)ncc3F)cc2n1C1CC1,7.91721462968355
CHEMBL5836560,CDK4,12.1,nM,Cc1nc2c(F)cc(-c3nc(Nc4ccc5c(n4)CC[N+]([O-])(CC[N+](C)(C)[O-])C5)ncc3F)cc2n1C1CC1,7.91721462968355
CHEMBL3698726,CDK6,12.4,nM,c1cc2c3cnc(Nc4ccc(NC5CCNCC5)nn4)nc3n(C3CCCC3)c2cn1,7.906578314837764
CHEMBL5935222,CDK6,12.4,nM,COC(=O)CN1CCc2nc(Nc3ncc(F)c(-c4cc(F)c5nc(C)n(C(C)C)c5c4)n3)ccc2C1,7.906578314837764
CHEMBL5953872,CDK6,12.4,nM,COC(=O)N1CCc2nc(Nc3ncc(F)c(-c4cc(F)c5nc(C)n(C(C)C)c5c4)n3)ccc2C1,7.906578314837764
CHEMBL1081263,CDK2,12.4,nM,N[C@H](CNc1ncc(-c2ccc3cnccc3c2)s1)Cc1ccc(C(F)(F)F)cc1,7.906578314837764
CHEMBL4462493,CDK9,12.5,nM,CCC(CC)n1c(C)nc2c(F)cc(-c3nc(Nc4ccc5c(n4)CCN(CCN(C)C)C5)ncc3F)cc21,7.903089986991944
CHEMBL103115,CDK2,12.6,nM,NS(=O)(=O)c1ccc(Nc2cc(-c3ccc(O)c(F)c3)n[nH]2)cc1,7.899629454882437
CHEMBL4211828,CDK6,12.7,nM,CC(C)N1CCN(Cc2ccc(Nc3ncc(F)c(-c4cc(F)c5nc6n(c5c4)C(C)CC6)n3)nc2)CC1,7.896196279044043
CHEMBL5953254,CDK6,12.9,nM,Cc1nc2c(F)cc(-c3nc(Nc4ccc5c(n4)CCN(CCN(C)CCP(=O)(O)O)C5)ncc3F)cc2n1C(C)(C)C,7.889410289700751
CHEMBL148580,CDK2,13.0,nM,COc1ccc(-c2[nH]nc3c2C(=O)c2c(NC(=O)CN4CCN(C(=N)N)CC4)cccc2-3)cc1,7.886056647693163
CHEMBL401064,CDK1,13.0,nM,CC(C)NCc1cccc2[nH]c(-c3n[nH]c4ncc(-c5cncc6ccccc56)cc34)nc12,7.886056647693163
CHEMBL3237448,CDK6,13.0,nM,c1cc2c3cnc(Nc4ccc(N5CCNCC5)cn4)nc3n(C3CCCC3)c2nn1,7.886056647693163
CHEMBL3298309,CDK2,13.0,nM,CC[C@@H](NC(=O)N1CCc2cnc(N[C@@H](C)CO)nc2C1)c1ccc(F)c(F)c1,7.886056647693163
CHEMBL3298984,CDK2,13.0,nM,C[C@@H](NC(=O)N1CCc2cnc(NC3CCOCC3)nc2C1)c1ccc(Cl)c(F)c1,7.886056647693163
CHEMBL3698638,CDK4,13.0,nM,CN1CCN(c2ccc(Nc3ncc4c5ccncc5n(C5CCCC5)c4n3)nc2)CC1,7.886056647693163
CHEMBL3702210,CDK6,13.0,nM,CNC1CCN(c2ccc(Nc3ncc4c5ccnc(F)c5n(C5CCCC5)c4n3)nc2)CC1,7.886056647693163
CHEMBL4212532,CDK9,13.0,nM,Cc1nc2c(F)cc(-c3nc(Nc4ccc5c(n4)CCN(C(=O)CN(C)C)C5)ncc3F)cc2n1C(C)C,7.886056647693163
CHEMBL3668378,CDK9,13.0,nM,CN1CCC(c2cc3c(-c4cccc(NCc5ccc6c(c5)OCO6)n4)ccnc3[nH]2)CC1,7.886056647693163
CHEMBL3691645,CDK4,13.0,nM,CN1CCCC2(C1)CN(c1ccc(Nc3ncc4cc(C(=O)N(C)C)n(C5CCCC5)c4n3)nc1)C(=O)O2,7.886056647693163
CHEMBL411490,CDK2,13.0,nM,Cc1ccc2c(c1Cl)/C(=N/Nc1ccc(S(N)(=O)=O)cc1)C(=O)N2,7.886056647693163
CHEMBL3905696,CDK4,13.0,nM,COCCCNCC(=O)N1CCN(c2ccc(Nc3ncc4c(C)c(C(C)=O)c(=O)n(C5CCCC5)c4n3)nc2)CC1,7.886056647693163
CHEMBL1964258,CDK2,13.0,nM,O=C1Nc2ccc3ncsc3c2/C1=C/Nc1ccc(CS(=O)(=O)NCCO)cc1,7.886056647693163
CHEMBL515839,CDK2,13.0,nM,Cc1ncc(-c2ccnc(Nc3ccc(S(=O)(=O)CC4CCCO4)cc3)n2)n1C(C)C,7.886056647693163
CHEMBL2012403,CDK1,13.0,nM,Cn1cc(Nc2ncc3cnn([C@@H]4CC[C@H]5CCC[C@H]54)c3n2)cc1C(N)=O,7.886056647693163
CHEMBL272833,CDK2,13.0,nM,NS(=O)(=O)c1ccc(N/N=C2\C(=O)Nc3ccc4[nH]ncc4c32)cc1,7.886056647693163
CHEMBL5181709,CDK9,13.0,nM,Cc1nc2ccc(-c3ccnc4[nH]c(C5CCN(CC(=O)N(C)C)CC5)cc34)cc2n1C(C)C,7.886056647693163
CHEMBL212049,CDK4,13.0,nM,Cc1cnc(OC2CCCCC2)nc1-c1cnc(Nc2ccccn2)s1,7.886056647693163
CHEMBL5946157,CDK6,13.0,nM,CC(C)N1CCOc2c(F)cc(-c3nc(Nc4ccc(S(N)(=O)=O)cc4)ncc3F)cc21,7.886056647693163
CHEMBL3698651,CDK6,13.0,nM,Fc1ccc(-n2c3cnccc3c3cnc(Nc4ccc(N5CCNCC5)cn4)nc32)cc1,7.886056647693163
CHEMBL3702125,CDK4,13.0,nM,O=C(c1ccc(Nc2ncc3c4ccnc(O)c4n(C4CCCC4)c3n2)nc1)N1CCNCC1,7.886056647693163
CHEMBL5267773,CDK2,13.0,nM,Cc1c(C(=O)NCCc2ccc(N3CCCC3C)cc2)[nH]c2ccc(Cl)cc12,7.886056647693163
CHEMBL5939007,CDK6,13.0,nM,CC(C)N1CCOc2c(F)cc(-c3nc(Nc4ccc(N5CCNCC5)c(F)c4)ncc3Cl)cc21,7.886056647693163
CHEMBL3702197,CDK6,13.0,nM,OCCCNc1ccc(Nc2ncc3c4ccncc4n(C4CCCC4)c3n2)nn1,7.886056647693163
CHEMBL3642009,CDK6,13.0,nM,OCCCNC1CCN(c2ccc(Nc3ncc4c5ccncc5n(C5CCCC5)c4n3)nn2)CC1,7.886056647693163
CHEMBL1189501,CDK4,13.0,nM,CN1CCOc2cccc3nc(O)c(nc23)-c2cccc3c(O)n(nc23)CC1,7.886056647693163
CHEMBL3673520,CDK9,13.0,nM,CN1CCC(c2cc3c(-c4cncc(OCc5cccc(F)c5)n4)ccnc3[nH]2)CC1,7.886056647693163
CHEMBL3702100,CDK4,13.0,nM,CN(CCO)C1CCN(c2ccc(Nc3ncc4c5ccnc(F)c5n(C5CCCC5)c4n3)nc2)CC1,7.886056647693163
CHEMBL3641990,CDK4,13.0,nM,CNC1CCN(c2ccc(Nc3ncc4c5ccncc5n(C5CCC5)c4n3)nn2)CC1,7.886056647693163
CHEMBL3641992,CDK4,13.0,nM,C[C@H](CO)NC1CCN(c2ccc(Nc3ncc4c5ccncc5n(C5CCCC5)c4n3)nc2)CC1,7.886056647693163
CHEMBL5957447,CDK9,13.0,nM,O=C(Nc1cc(-c2ccc3ncn(CCc4cccc(F)c4)c3c2)c(Cl)cn1)[C@@H]1CCCNC1,7.886056647693163
CHEMBL3642007,CDK4,13.0,nM,O[C@@H]1CCCN(C2CCN(c3ccc(Nc4ncc5c6ccncc6n(C6CCCC6)c5n4)nn3)CC2)C1,7.886056647693163
CHEMBL3702206,CDK4,13.0,nM,CC1CN(c2ccc(Nc3ncc4c5ccccc5n(C5CCCC5)c4n3)nn2)CC(C)N1,7.886056647693163
CHEMBL5945809,CDK6,13.0,nM,COc1cc(Nc2ncc(F)c(-c3cc(F)c4c(c3)N(C(C)C)CCO4)n2)ccc1N1CCNCC1,7.886056647693163
CHEMBL5277376,CDK6,13.0,nM,CC(=O)c1c(C)c2cnc(Nc3ccc(N4CCN(C/C=C/C(F)(F)F)CC4)cn3)nc2n(C2CCCC2)c1=O,7.886056647693163
CHEMBL3641998,CDK6,13.0,nM,C[C@@H](CO)NC1CCN(c2ccc(Nc3ncc4c5ccncc5n(C5CCCC5)c4n3)nn2)CC1,7.886056647693163
CHEMBL409104,CDK2,13.0,nM,NS(=O)(=O)c1ccc(N/N=C2\C(=O)Nc3cccc(Oc4ccccc4)c32)cc1,7.886056647693163
CHEMBL6165283,CDK6,13.0,nM,CC(=O)N1CCC2(CC1)CC(=O)c1ccc(-c3nc(Nc4ccc(N5CCN(C6COC6)CC5)cn4)ncc3F)cc1O2,7.886056647693163
CHEMBL3698667,CDK4,13.0,nM,c1cc2c3cnc(Nc4ccc(N5CCNCC5)cn4)nc3n(CC3CCCCC3)c2cn1,7.886056647693163
CHEMBL3648073,CDK1,13.0,nM,C[C@H](O)[C@@H](C)Oc1nc(Nc2ccc(S(C)(=N)=O)cc2)ncc1Br,7.886056647693163
CHEMBL5863217,CDK4,13.0,nM,CC(C)N1CCOc2c(F)cc(-c3nc(Nc4ccc(C(=O)N5CCC(O)CC5)cn4)ncc3F)cc21,7.886056647693163
CHEMBL405145,CDK2,13.0,nM,O=C(Nc1n[nH]c2nc(-c3ccc(O)cc3)ccc12)C1CC1,7.886056647693163
CHEMBL5532052,CDK9,13.06,nM,CC[C@H](CO)Nc1nc(NCc2ccc(NC(=O)C3CCOCC3)cc2)n2ncc(C(C)C)c2n1,7.884056823060945
CHEMBL5979303,CDK2,13.1,nM,Cc1nc2c(F)cc(-c3nc(Nc4ccc5c(n4)CCN(CCS(C)(=O)=O)C5)ncc3F)cc2n1C(C)(C)C,7.882728704344236
CHEMBL3237451,CDK6,13.1,nM,c1cc2c3cnc(Nc4ccc(N5CCNCC5)cn4)nc3n(C3CCCCC3)c2cn1,7.882728704344236
CHEMBL5775801,CDK6,13.2,nM,Cc1nc2c(F)cc(-c3nc(Nc4ccc5c(n4)CCNC5)ncc3F)cc2n1C1CCCCC1,7.87942606879415
CHEMBL473631,CDK2,13.3,nM,CN1CCN(c2cccc3[nH]c(-c4n[nH]c5cc(-c6ccc(O)cc6)ccc45)nc23)CC1,7.876148359032914
CHEMBL3642038,CDK6,13.3,nM,CN(C)C1CN(c2ccc(Nc3ncc4c5ccncc5n(C5CCCC5)c4n3)nn2)CCC1O,7.876148359032914
CHEMBL5844694,CDK2,13.4,nM,Cc1nc2c(F)cc(-c3nc(Nc4ccc5c(n4)CCN(C(=O)CCO)C5)ncc3F)cc2n1C(C)C,7.872895201635192
CHEMBL6019056,CDK6,13.4,nM,CNC1CC(C(=O)N2CCc3nc(Nc4ncc(F)c(-c5cc(F)c6nc(C)n(C(C)C)c6c5)n4)ccc3C2)C1,7.872895201635192
CHEMBL4462530,CDK9,13.4,nM,CC(=O)N[C@@H]1CCC[C@H](C(=O)Nc2cc(-c3cnn4c3CC(C)(C)C4)c(Cl)cn2)C1,7.872895201635192
CHEMBL3237447,CDK6,13.4,nM,N#Cc1nccc2c3cnc(Nc4ccc(N5CCNCC5)cn4)nc3n(C3CCCC3)c12,7.872895201635192
CHEMBL4213219,CDK2,13.5,nM,Cc1nc2c(F)cc(-c3nc(Nc4ccc5c(n4)CCN(C(=O)CO)C5)ncc3F)cc2n1C(C)C,7.8696662315049934
CHEMBL5774332,CDK9,13.5,nM,Cc1nc2c(F)cc(-c3nc(Nc4ccc5c(n4)CCN(C[C@@H]4CN(C)CCO4)C5)ncc3F)cc2n1C(C)(C)C,7.8696662315049934
CHEMBL4218705,CDK4,13.8,nM,CCN1CCN(Cc2ccc(Nc3cc(-c4cc(F)c5nc(C)n(C(C)C)c5c4)ncn3)nn2)CC1,7.860120913598763
CHEMBL4798556,CDK9,13.8,nM,CC(C)N1c2cc(Nc3nccc(-c4cccc5[nH]ccc45)n3)ccc2N(C)C(=O)[C@H]1C,7.860120913598763
CHEMBL4303287,CDK1,13.9,nM,CN(C)C/C=C/C(=O)Nc1cccc(C(=O)Nc2cccc(Nc3ncc(Cl)c(-c4c[nH]c5ccccc45)n3)c2)c1,7.856985199745905
CHEMBL6046321,CDK4,14.0,nM,C=C(CN(C)C)N1CCc2nc(Nc3ncc(F)c(-c4cc(F)c5nc(C)n(C(C)C)c5c4)n3)ccc2C1,7.853871964321762
CHEMBL3648083,CDK1,14.0,nM,CN=S(C)(=O)c1ccc(Nc2ncc(Br)c(N[C@H](C)[C@H](C)O)n2)cc1,7.853871964321762
CHEMBL3648093,CDK2,14.0,nM,CCOC(=O)N=S(C)(=O)c1ccc(Nc2ncc(Br)c(O[C@H](C)[C@H](C)O)n2)cc1,7.853871964321762
CHEMBL402759,CDK2,14.0,nM,O=C(Cc1ccc(-c2ccccc2)cc1)Nc1n[nH]c2ccc(N3CCCS3(=O)=O)cc12,7.853871964321762
CHEMBL5822013,CDK6,14.0,nM,CC(C)N1CCOc2c(F)cc(-c3nc(Nc4cnn(C5CCN(C)CC5)c4)ncc3F)cc21,7.853871964321762
CHEMBL3668370,CDK9,14.0,nM,CN1CCC(c2cc3c(-c4cccc(NCc5cccc(Cl)c5)n4)ccnc3[nH]2)CC1,7.853871964321762
CHEMBL3668401,CDK9,14.0,nM,COc1ccc(F)cc1-c1ccnc2[nH]c(C3CCCN(CCCN)C3)cc12,7.853871964321762
CHEMBL3698734,CDK6,14.0,nM,O[C@@H]1CCCN(c2ccc(Nc3ncc4c5ccncc5n(C5CCCC5)c4n3)nn2)C1,7.853871964321762
CHEMBL3949057,CDK9,14.0,nM,CCOC(=O)N=S(C)(=O)Cc1cccc(Nc2ncc(F)c(-c3cccc4c3OCCC4)n2)c1,7.853871964321762
CHEMBL3668385,CDK9,14.0,nM,COc1ccc(F)cc1-c1ccnc2[nH]c(C3CCN(Cc4cccnc4)C3)cc12,7.853871964321762
CHEMBL6058874,CDK9,14.0,nM,CNCCCCNc1cc(-c2ccc3ncn(Cc4cccc(F)c4)c3c2)c(Cl)cn1,7.853871964321762
CHEMBL4213847,CDK4,14.0,nM,CCC1CCc2nc3c(F)cc(-c4nc(Nc5ccc(CN6CCN(CC)CC6)cn5)ncc4F)cc3n21,7.853871964321762
CHEMBL6002023,CDK4,14.0,nM,CC(C)N1CCOc2c(F)cc(-c3nc(Nc4cc(C5CCN(C)CC5)no4)ncc3F)cc21,7.853871964321762
CHEMBL3641970,CDK4,14.0,nM,C[C@H](O)Cn1c2cnccc2c2cnc(Nc3ccc(N4CCN[C@@H](C)C4)nn3)nc21,7.853871964321762
CHEMBL249304,CDK1,14.0,nM,CN1CCN(c2ccc3[nH]c(-c4n[nH]c5ncc(-c6cncc7ccccc67)cc45)nc3c2)CC1,7.853871964321762
CHEMBL3663792,CDK9,14.0,nM,Clc1cnc(NCc2ccccc2)cc1-c1ccnc2[nH]c(C3CCNCC3)cc12,7.853871964321762
CHEMBL3673531,CDK9,14.0,nM,OCC(O)CN1CC=C(c2cc3c(-c4cncc(NCc5cccc(F)c5)n4)ccnc3[nH]2)CC1,7.853871964321762
CHEMBL3702108,CDK4,14.0,nM,CC1(C)CCC(n2c3cnccc3c3cnc(Nc4ccc(N5CCC(N6CCCC6)CC5)cn4)nc32)CC1,7.853871964321762
CHEMBL6004741,CDK2,14.0,nM,Cc1nc2c(F)cc(-c3nc(Nc4ccc5c(n4)CCN(CC=NO)C5)ncc3F)cc2n1C(C)C,7.853871964321762
CHEMBL3921855,CDK9,14.0,nM,COc1cc(F)ccc1-c1nc(Nc2cccc(CS(=N)(=O)C3CC3)c2)ncc1F,7.853871964321762
CHEMBL83369,CDK2,14.0,nM,O=C1Nc2ccc(F)c3c(SCCO)cc(-c4ccc[nH]4)c1c23,7.853871964321762
CHEMBL5869281,CDK9,14.0,nM,Cc1nc2c(F)cc(-c3nc(Nc4ccc5c(n4)CCN(C[C@H]4CN(C)CCO4)C5)ncc3F)cc2n1C(C)(C)C,7.853871964321762
CHEMBL5870275,CDK9,14.0,nM,CC1(C)Cc2c(-c3ccnc(NC(=O)[C@H]4CCC[C@@H](NC(=O)C5COC5)C4)c3)cnn2C1,7.853871964321762
CHEMBL2312185,CDK9,14.0,nM,CNc1nc(C)c(-c2nc(Nc3cccc(N4CCCNCC4)c3)ncc2C#N)s1,7.853871964321762
CHEMBL6026840,CDK2,14.0,nM,Cc1nc2c(F)cc(-c3nc(Nc4ccc5c(n4)CCN(CC=NO)C5)ncc3F)cc2n1C(C)(C)C,7.853871964321762
CHEMBL5884554,CDK9,14.0,nM,O=C(Nc1cc(-c2cnc3ccn(Cc4cccc(F)c4)c3c2)c(Cl)cn1)[C@@H]1CCCNC1,7.853871964321762
CHEMBL5192022,CDK9,14.0,nM,CC(C)n1cc(-c2ccnc3[nH]c(C4CCN(Cc5cccs5)CC4)cc23)ccc1=O,7.853871964321762
CHEMBL3702165,CDK4,14.0,nM,O=S1(=O)CCC(O)(c2ccc(Nc3ncc4c5ccncc5n(C5CCCC5)c4n3)nc2)CC1,7.853871964321762
CHEMBL424696,CDK2,14.0,nM,c1ccc(Nc2ncc(-c3ccnc(OC4CCCCC4)n3)s2)nc1,7.853871964321762
CHEMBL3673518,CDK9,14.0,nM,CN1CCC(c2cc3c(-c4cncc(NCc5cccc(F)c5)n4)ccnc3[nH]2)CC1,7.853871964321762
CHEMBL6028333,CDK6,14.0,nM,CC(C)CN1CCOc2c(F)cc(-c3nc(Nc4ccc(N5CCC(N(C)C)CC5)c(F)c4)ncc3F)cc21,7.853871964321762
CHEMBL515854,CDK2,14.0,nM,COCCS(=O)(=O)c1ccc(Nc2nccc(-c3cnc(C)n3C(C)C)n2)cc1,7.853871964321762
CHEMBL391229,CDK2,14.0,nM,O=C1Nc2ccc3ncsc3c2/C1=C/Nc1ccc2c(c1)CS(=O)(=O)C2,7.853871964321762
CHEMBL3642021,CDK6,14.0,nM,CCCNC1CCN(c2ccc(Nc3ncc4c5ccncc5n(C5CCCC5)c4n3)nc2)CC1,7.853871964321762
CHEMBL3673524,CDK9,14.0,nM,CCOC(=O)NS(=O)(=O)N1CCC(c2cc3c(-c4cncc(NCc5cccc(F)c5)n4)ccnc3[nH]2)CC1,7.853871964321762
CHEMBL3702188,CDK4,14.0,nM,CN(C)[C@H]1CCN(c2ccc(Nc3ncc4c5ccncc5n(C5CCCC5)c4n3)nc2)C1,7.853871964321762
CHEMBL3702196,CDK6,14.0,nM,C[C@@H](CO)Nc1ccc(Nc2ncc3c4ccncc4n(C4CCCC4)c3n2)nn1,7.853871964321762
CHEMBL3702116,CDK4,14.0,nM,Oc1nccc2c3cnc(Nc4ccc(CN5CCNCC5)cn4)nc3n(C3CCCC3)c12,7.853871964321762
CHEMBL372503,CDK1,14.0,nM,Brc1cnc(Nc2ccc3[nH]cnc3c2)nc1Nc1ccc2[nH]cnc2c1,7.853871964321762
CHEMBL5943225,CDK1,14.0,nM,CC1=NN(C)c2cc3cnc(Nc4ccc(S(N)(=O)=O)cc4)nc3n2C12CCCCC2,7.853871964321762
CHEMBL6061384,CDK9,14.0,nM,CC(C)(C)OC(=O)N1CCC2(CC(Nc3cc(-c4ccc5ncn(Cc6cccc(F)c6)c5c4)c(Cl)cn3)C2)C1,7.853871964321762
CHEMBL3642015,CDK6,14.0,nM,C[C@H](O)CNC1CCN(c2ccc(Nc3ncc4c5ccncc5n(C5CCCC5)c4n3)nc2)CC1,7.853871964321762
CHEMBL3641996,CDK6,14.0,nM,CN(CCO)C1CCN(c2ccc(Nc3ncc4c5ccncc5n(C5CCCC5)c4n3)nn2)CC1,7.853871964321762
CHEMBL556881,CDK2,14.0,nM,Cn1nc(C(N)=O)c2c1-c1nc(Nc3ccc(N4CCOCC4)cc3)ncc1CC2,7.853871964321762
CHEMBL5952864,CDK4,14.0,nM,Cc1nc2c(F)cc(-c3nc(Nc4ncc5c(n4)CCN(C(=O)CN(C)C)C5)ncc3F)cc2n1C(C)C,7.853871964321762
CHEMBL3648074,CDK1,14.0,nM,C[C@@H](Nc1nc(Nc2ccc(S(=N)(=O)C3CC3)cc2)ncc1Br)C(C)(C)O,7.853871964321762
CHEMBL3702063,CDK6,14.0,nM,CCC(C)(C)n1c2cnccc2c2cnc(Nc3ccc(N4CCC(N(C)C)CC4)nn3)nc21,7.853871964321762
CHEMBL454645,CDK2,14.0,nM,CC1CCC(C(=O)Nc2ncc(SCc3ncc(C(C)(C)C)o3)s2)CN1,7.853871964321762
CHEMBL5775992,CDK6,14.1,nM,Cc1nc2c(F)cc(-c3nc(Nc4ccc5c(n4)CCN(C(=O)C(C)(C)N(C)C)C5)ncc3F)cc2n1C(C)C,7.85078088734462
CHEMBL6033665,CDK4,14.1,nM,Cc1nc2c(F)cc(-c3nc(Nc4ccc5c(n4)CCNC5)ncc3F)cc2n1C,7.85078088734462
CHEMBL5805137,CDK6,14.2,nM,Cc1nc2c(F)cc(-c3nc(Nc4ccc5c(n4)CCN(CC(F)(F)F)C5)ncc3F)cc2n1C(C)C,7.847711655616943
CHEMBL5964675,CDK2,14.3,nM,Cc1nc2c(F)cc(-c3nc(Nc4ccc5c(n4)CCN(C[C@H]4CNCCO4)C5)ncc3F)cc2n1C(C)(C)C,7.844663962534938
CHEMBL5830076,CDK2,14.3,nM,Cc1nc2c(F)cc(-c3nc(Nc4ccc5c(n4)CCN(C(=O)CCN(C)C)C5)ncc3F)cc2n1C(C)(C)C,7.844663962534938
CHEMBL5897984,CDK2,14.3,nM,Cc1nc2c(F)cc(-c3nc(Nc4ccc5c(n4)CCN(C[C@H]4CNCCO4)C5)ncc3F)cc2n1C(C)C,7.844663962534938
CHEMBL5399420,CDK6,14.33,nM,CN1CCN(Cc2ccc(NC(=O)c3n[nH]cc3Nc3ccncn3)cc2)CC1,7.843753809602656
CHEMBL4438497,CDK2,14.5,nM,Cc1nc2c(F)cc(-c3nc(Nc4ccc5c(n4)CCN(CCN(C)C(N)=S)C5)ncc3F)cc2n1C(C)C,7.838631997765026
CHEMBL5903034,CDK2,14.5,nM,Cc1nc2c(F)cc(-c3nc(Nc4ccc5c(n4)CCN(CCN(C)CB(O)O)C5)ncc3F)cc2n1C(C)C,7.838631997765026
CHEMBL5971879,CDK2,14.5,nM,Cc1nc2c(F)cc(-c3nc(Nc4ccc5c(n4)CCN[C@H]5C)ncc3F)cc2n1C(C)(C)C,7.838631997765026
CHEMBL5976175,CDK6,14.7,nM,CCOP(=O)(OCC)N(C)CC[N+]1([O-])CCc2nc(Nc3ncc(F)c(-c4cc(F)c5nc(C)n(C(C)C)c5c4)n3)ccc2C1,7.8326826652518236
CHEMBL4525034,CDK6,14.7,nM,CCOP(=O)(OCC)N(C)CCN1CCc2nc(Nc3ncc(F)c(-c4cc(F)c5nc(C)n(C(C)C)c5c4)n3)ccc2C1,7.8326826652518236
CHEMBL5941698,CDK2,14.8,nM,C=C(CN1CCN(C)CC1)N1CCc2nc(Nc3ncc(F)c(-c4cc(F)c5nc(C)n(C6CCCC6)c5c4)n3)ccc2C1,7.8297382846050425
CHEMBL4206061,CDK2,14.8,nM,Cc1nc2c(F)cc(-c3nc(Nc4ccc5c(n4)CCN(C(=O)CN4CCN(C)CC4)C5)ncc3F)cc2n1C(C)C,7.8297382846050425
CHEMBL4213756,CDK9,14.8,nM,COCCN1CCc2nc(Nc3ncc(F)c(-c4cc(F)c5nc(C)n(C(C)C)c5c4)n3)ccc2C1,7.8297382846050425
CHEMBL3668427,CDK9,15.0,nM,CN1CCC(c2cc3c(-c4cccc(NCc5cc[nH]n5)n4)ccnc3[nH]2)CC1,7.823908740944319
CHEMBL485619,CDK2,15.0,nM,COCCNS(=O)(=O)c1ccc(Nc2nccc(-c3cnc(C)n3CC(C)C)n2)cc1,7.823908740944319
CHEMBL3691643,CDK4,15.0,nM,CN(C)C(=O)c1cc2cnc(Nc3ccc(N4C[C@]5(CCCNCC5)OC4=O)cn3)nc2n1C1CCCC1,7.823908740944319
CHEMBL3702086,CDK4,15.0,nM,O[C@H]1CCN(Cc2csc(Nc3ncc4c5ccnc(F)c5n(C5CCCC5)c4n3)n2)C1,7.823908740944319
CHEMBL444874,CDK1,15.0,nM,Cc1cccc(Nc2ncc(C(F)(F)F)c(Nc3ccc4[nH]cnc4c3)n2)c1,7.823908740944319
CHEMBL6160725,CDK9,15.0,nM,CCOc1cc(F)ccc1-c1cc(Nc2cc(CN3CCN(C(=O)c4cc(Cc5n[nH]c(=O)c6ccccc56)ccc4F)CC3)ccn2)ncn1,7.823908740944319
CHEMBL1800464,CDK2,15.0,nM,Nc1nc(NC2CCCC2)cc(-c2cc(N3C[C@H](O)[C@@H](O)C3)ccc2O)n1,7.823908740944319
CHEMBL1800449,CDK1,15.0,nM,Nc1nccc(-c2cc(N3C[C@H](O)[C@@H](O)C3)ccc2O)n1,7.823908740944319
CHEMBL3702222,CDK4,15.0,nM,CC[C@@H](C)n1c2cnccc2c2cnc(Nc3ccc(N4CC[C@@H](O)C4)cn3)nc21,7.823908740944319
CHEMBL3691661,CDK4,15.0,nM,CNC(=O)c1cc2cnc(Nc3ccc(N4C[C@H]5CC[C@@H](CC4=O)N5C)cn3)nc2n1C1CCCC1,7.823908740944319
CHEMBL411886,CDK2,15.0,nM,NS(=O)(=O)c1ccc(N/N=C2\C(=O)Nc3ccc([N+](=O)[O-])cc32)cc1,7.823908740944319
CHEMBL3663797,CDK9,15.0,nM,CN1CCC(c2cc3c(-c4nc(NCc5cccc(F)c5)ccc4Cl)ccnc3[nH]2)CC1,7.823908740944319
CHEMBL3663796,CDK9,15.0,nM,CN1CCC(c2cc3c(-c4cccc(NCc5ccccc5)n4)ccnc3[nH]2)CC1,7.823908740944319
CHEMBL5956160,CDK9,15.0,nM,O=C(Nc1cc(-c2ccc3ncn(Cc4ccc(F)c(F)c4)c3c2)c(Cl)cn1)[C@@H]1CCCNC1,7.823908740944319
CHEMBL50894,CDK2,15.0,nM,O=C1Cc2c([nH]c3ccc([N+](=O)[O-])cc23)-c2ccccc2N1,7.823908740944319
CHEMBL3698690,CDK4,15.0,nM,c1ncc2c(n1)c1cnc(Nc3ccc(N4CCNCC4)cn3)nc1n2C1CCCC1,7.823908740944319
CHEMBL455194,CDK2,15.0,nM,CC1CC(C(=O)Nc2ncc(SCc3ncc(C(C)(C)C)o3)s2)CCN1,7.823908740944319
CHEMBL3702245,CDK6,15.0,nM,CNC1CCN(c2ccc(Nc3ncc4c5ccncc5n(C5CCC5)c4n3)nc2)CC1,7.823908740944319
CHEMBL3663746,CDK9,15.0,nM,COc1ccc(F)cc1-c1ccnc2[nH]c([C@@H]3CCCNC3)cc12,7.823908740944319
CHEMBL3642018,CDK4,15.0,nM,OC1CCN(C2CCN(c3ccc(Nc4ncc5c6ccncc6n(C6CCCC6)c5n4)nc3)CC2)CC1,7.823908740944319
CHEMBL310529,CDK2,15.0,nM,O=C1Nc2ccc(F)c3c(S(=O)(=O)CCO)cc(-c4ccc[nH]4)c1c23,7.823908740944319
CHEMBL3702118,CDK6,15.0,nM,OC1CCCN(Cc2ccc(Nc3ncc4c5ccncc5n(C5CCCC5)c4n3)nc2)C1,7.823908740944319
CHEMBL3965161,CDK9,15.0,nM,COc1cc(F)ccc1-c1nc(Nc2cccc(CS(C)(=N)=O)c2)ncc1F,7.823908740944319
CHEMBL3673521,CDK9,15.0,nM,C1=C(c2cc3c(-c4cncc(NCc5ccccc5)n4)ccnc3[nH]2)CCNC1,7.823908740944319
CHEMBL5962267,CDK4,15.0,nM,CC(C)N1CCOc2c(F)cc(-c3nc(Nc4cc(C5CCN(C)CC5)n[nH]4)ncc3F)cc21,7.823908740944319
CHEMBL412091,CDK2,15.0,nM,NS(=O)(=O)c1ccc(N/N=C2\C(=O)Nc3ccc(S(=O)(=O)O)cc32)cc1,7.823908740944319
CHEMBL3663802,CDK9,15.0,nM,COc1ccc(F)cc1-c1ccnc2[nH]c([C@@H]3CCNC3)cc12,7.823908740944319
CHEMBL4860767,CDK6,15.0,nM,C=CC(=O)N1CCN(c2ccc(Nc3ncc4c(C)c(C(C)=O)c(=O)n(C5CCCC5)c4n3)nc2)CC1,7.823908740944319
CHEMBL3702056,CDK4,15.0,nM,CCN(CC)C1CCN(c2ccc(Nc3ncc4c5ccnc(C)c5n(C5CCCC5)c4n3)nc2)CC1,7.823908740944319
CHEMBL3663774,CDK9,15.0,nM,Fc1cccc(CNc2ccc(Cl)c(-c3ccnc4[nH]c(C5CCNCC5)cc34)n2)c1,7.823908740944319
CHEMBL5923240,CDK1,15.0,nM,CC1C(=O)Nc2cc3cnc(Nc4ccc(C(=O)N5CCN(C)CC5)cc4)nc3n2C12CCCCC2,7.823908740944319
CHEMBL2012399,CDK1,15.0,nM,Cn1cc(Nc2ncc3cnn(C4CCCCCC4)c3n2)cc1C(N)=O,7.823908740944319
CHEMBL3648120,CDK1,15.0,nM,CCS(=N)(=O)c1ccc(Nc2ncc(Br)c(N[C@H](COC)[C@@H](C)O)n2)cc1,7.823908740944319
CHEMBL1241849,CDK1,15.0,nM,CN(C)CCNS(=O)(=O)c1ccc(Nc2cccc(-c3cnc4ccccn34)c2)cc1,7.823908740944319
CHEMBL3691585,CDK4,15.0,nM,CN(C)C(=O)c1cc2cnc(Nc3ccc(C(=O)N4C[C@@H]5[C@@H](N)[C@@H]5C4)cn3)nc2n1C1CCCC1,7.823908740944319
CHEMBL270544,CDK1,15.0,nM,CC(C)=Cc1cccc2c1/C(=N/Nc1ccc(S(N)(=O)=O)cc1)C(=O)N2,7.823908740944319
CHEMBL363138,CDK1,15.0,nM,FC(F)(F)c1ccc(Nc2ncc(C(F)(F)F)c(Nc3ccc4[nH]cnc4c3)n2)cc1,7.823908740944319
CHEMBL3698709,CDK4,15.0,nM,CN1CCN(c2cnc(Nc3ncc4c5ccncc5n(C5CCCC5)c4n3)cn2)CC1,7.823908740944319
CHEMBL3648114,CDK1,15.0,nM,CN=S(C)(=O)c1ccc(Nc2ncc(Br)c(N[C@H](C)[C@H](C)O)n2)cc1OC,7.823908740944319
CHEMBL5755607,CDK2,15.0,nM,Cc1nc2c(F)cc(-c3nc(Nc4ccc5c(n4)CCN(CCN=C(N)N)C5)ncc3F)cc2n1C(C)C,7.823908740944319
CHEMBL3702136,CDK4,15.0,nM,FC(F)(F)c1cccc(-n2c3cnccc3c3cnc(Nc4ccc(N5CCNCC5)cn4)cc32)c1,7.823908740944319
CHEMBL3673493,CDK9,15.0,nM,Fc1cccc(CNc2cc(-c3ccnc4[nH]c(C5CCNCC5)cc34)c(Cl)cn2)c1,7.823908740944319
CHEMBL3673500,CDK9,15.0,nM,CS(=O)(=O)N1CCC(c2cc3c(-c4cncc(NCc5ccccc5)n4)ccnc3[nH]2)CC1,7.823908740944319
CHEMBL3673515,CDK9,15.0,nM,CCN(C(=O)O)S(=O)(=O)N1CCC(c2cc3c(-c4cncc(NCc5ccccc5)n4)ccnc3[nH]2)CC1,7.823908740944319
CHEMBL5876164,CDK6,15.0,nM,CC(C)N1CCOc2c(F)cc(-c3nc(Nc4ccc(C5CCNCC5)c(F)c4)ncc3F)cc21,7.823908740944319
CHEMBL6031262,CDK2,15.0,nM,C/C(=N/O)N(C)CCN1CCc2nc(Nc3ncc(F)c(-c4cc(F)c5nc(C)n(C(C)C)c5c4)n3)ccc2C1,7.823908740944319
CHEMBL3702130,CDK4,15.0,nM,O=S(=O)(c1ccc(Nc2ncc3c4ccnc(F)c4n(C4CCCC4)c3n2)nc1)N1CCNCC1,7.823908740944319
CHEMBL5865665,CDK2,15.0,nM,Cc1nc2c(F)cc(-c3nc(Nc4ccc5c(n4)CCNC5)ncc3F)cc2n1C(C)C1CC1,7.823908740944319
CHEMBL445945,CDK1,15.0,nM,NS(=O)(=O)c1ccc(N/C=C2\C(=O)Nc3ccc4ncccc4c32)cc1,7.823908740944319
CHEMBL72548,CDK1,15.0,nM,CN(C)CCNS(=O)(=O)c1ccc(Nc2nccc(-c3cnc4ccccn34)n2)cc1,7.823908740944319
CHEMBL6163941,CDK2,15.0,nM,Cc1cc(C)cc(NNC(=O)[C@H]2CCCN2C(=O)Nc2ccc(Cl)cc2)c1,7.823908740944319
CHEMBL3691559,CDK4,15.0,nM,CN(C)C(=O)c1cc2cnc(Nc3ccc(C(=O)N4C[C@H]5C[C@@]5(N)C4)cn3)nc2n1C1CCCC1,7.823908740944319
CHEMBL5555666,CDK9,15.05,nM,CC[C@@H](CO)Nc1nc(NCc2ccc(NC(=O)C3CCOCC3)cc2)n2ncc(C(C)C)c2n1,7.822463500070137
CHEMBL3698722,CDK6,15.1,nM,c1cc2c3cnc(Nc4ccc(N[C@H]5CCNC5)nn4)nc3n(C3CCCC3)c2cn1,7.82102305270683
CHEMBL4753350,CDK9,15.1,nM,C=CC(=O)Nc1ccc(C(=O)N2CCCC(Nc3ncc(/C=C/c4ncc(C(C)(C)C)o4)s3)C2)cc1,7.82102305270683
CHEMBL5556871,CDK9,15.17,nM,CCC(=O)Nc1ccc(CNc2nc(NC3CCCNC3)nc3c(C(C)C)cnn23)cc1,7.81901441921327
CHEMBL5982253,CDK9,15.3,nM,Cc1nc2c(F)cc(-c3nc(Nc4ccc5c(n4)C[C@@H](C)N(CCN(C)C)C5)ncc3F)cc2n1C(C)(C)C,7.815308569182401
CHEMBL5775091,CDK9,15.3,nM,Cc1nc2c(F)cc(-c3nc(Nc4ccc5c(n4)CCN(CCS(C)(=O)=NC#N)C5)ncc3F)cc2n1C(C)C,7.815308569182401
CHEMBL3698673,CDK6,15.3,nM,c1ccc2c(c1)c1cnc(Nc3ccc(N4CCNCC4)cn3)nc1n2C1CCOCC1,7.815308569182401
CHEMBL1081295,CDK2,15.4,nM,Nc1cc2cc(-c3cnc(NC[C@@H](N)Cc4ccc(C(F)(F)F)cc4)s3)ccc2cn1,7.8124792791635365
CHEMBL3691572,CDK4,15.5,nM,CC(C)N1C2CCC1CN(C(=O)c1ccc(Nc3ncc4cc(C(=O)N(C)C)n(C5CCCC5)c4n3)nc1)C2,7.809668301829708
CHEMBL5813772,CDK2,15.5,nM,Cc1nc2c(F)cc(-c3nc(Nc4ccc5c(n4)CCN(C)C5)ncc3F)cc2n1C(C)C,7.809668301829708
CHEMBL3698738,CDK6,15.7,nM,N[C@H]1CCN(c2ccc(Nc3ncc4c5ccncc5n(C5CCCC5)c4n3)nn2)C1,7.804100347590766
CHEMBL4648005,CDK2,15.7,nM,C=CC(=O)Nc1ccc(NC2CCCC(Nc3ncc(SCc4ncc(C(C)(C)C)o4)s3)C2)cc1,7.804100347590766
CHEMBL4215568,CDK4,15.8,nM,CCN1CCN(Cc2ccc(Nc3ncc(F)c(-c4cc(F)c5nc6n(c5c4)CC(C)C6)n3)nc2)CC1,7.801342913045577
CHEMBL3702051,CDK6,15.8,nM,COCCN1CCN(c2ccc(Nc3ncc4c5ccncc5n(C5CCCC5)c4n3)nn2)CC1,7.801342913045577
CHEMBL4210028,CDK6,15.8,nM,CCN1CCN(Cc2ccc(Nc3ncc(F)c(-c4ccc5nc6n(c5c4)C(C)(C)CC6)n3)nc2)CC1,7.801342913045577
CHEMBL5953254,CDK4,15.9,nM,Cc1nc2c(F)cc(-c3nc(Nc4ccc5c(n4)CCN(CCN(C)CCP(=O)(O)O)C5)ncc3F)cc2n1C(C)(C)C,7.798602875679548
CHEMBL3698723,CDK6,15.9,nM,O=S1(=O)CCC(Nc2ccc(Nc3ncc4c5ccncc5n(C5CCCC5)c4n3)nn2)C1,7.798602875679548
CHEMBL497564,CDK4,16.0,nM,c1cc(Nc2nccc(-c3cnn4ncccc34)n2)cc(-c2cocn2)c1,7.795880017344075
CHEMBL5789496,CDK9,16.0,nM,COC1CCc2c(-c3cc(NC(=O)[C@@H]4CCC[C@@H](NC(C)=O)C4)ncc3Cl)cnn2C1,7.795880017344075
CHEMBL3702068,CDK6,16.0,nM,CCC(CC)n1c2cnccc2c2cnc(Nc3ccc(N4CCNCC4)cn3)nc21,7.795880017344075
CHEMBL2158857,CDK2,16.0,nM,NS(=O)(=O)c1cccc(Nc2nccc(-c3ccnc(N4CCCCC4)c3)n2)c1,7.795880017344075
CHEMBL3702070,CDK6,16.0,nM,CCC(CC)n1c2cnccc2c2cnc(Nc3ccc(N4CCC(N(C)C)CC4)nn3)nc21,7.795880017344075
CHEMBL3702152,CDK4,16.0,nM,O=C1COC2(CCN(c3ccc(Nc4ncc5c6ccncc6n(C6CCCC6)c5n4)nn3)CC2)CN1,7.795880017344075
CHEMBL3702246,CDK6,16.0,nM,c1cc2c3cnc(Nc4ccc(N5CCNCC5)nn4)nc3n(C3CCC3)c2cn1,7.795880017344075
CHEMBL3702193,CDK6,16.0,nM,C[C@@H](O)CNc1ccc(Nc2ncc3c4ccncc4n(C4CCCC4)c3n2)nn1,7.795880017344075
CHEMBL2012398,CDK1,16.0,nM,Cn1cc(Nc2ncc3cnn([C@H]4CC[C@H]5CCC[C@H]54)c3n2)cc1C(N)=O,7.795880017344075
CHEMBL5170195,CDK9,16.0,nM,COc1cc(F)ccc1-c1ccnc2[nH]c(-c3ccc(CN4CCOCC4)cc3)cc12,7.795880017344075
CHEMBL3691584,CDK4,16.0,nM,CN(C)C(=O)c1cc2cnc(Nc3ccc(C(=O)N4CC5(CNC5)C4)cn3)nc2n1C1CCCC1,7.795880017344075
CHEMBL361833,CDK2,16.0,nM,N[C@H]1CC[C@H](Nc2cc(Nc3ccc(S(=O)(=O)c4ccccc4)cc3)n3ncc(Br)c3n2)CC1,7.795880017344075
CHEMBL3648126,CDK2,16.0,nM,CC(C)Nc1nc(Nc2ccc(S(C)(=N)=O)cc2)ncc1Br,7.795880017344075
CHEMBL3702132,CDK6,16.0,nM,CN(C)C1CCN(C(=O)c2ccc(Nc3ncc4c5ccncc5n(C5CCCC5)c4n3)nc2)CC1,7.795880017344075
CHEMBL272389,CDK2,16.0,nM,CS(=O)(=O)c1ccc2c(c1)/C(=N/Nc1ccc(S(N)(=O)=O)cc1)C(=O)N2,7.795880017344075
CHEMBL5761374,CDK4,16.0,nM,OC1CCN(c2ccc(Nc3ncc(F)c(-c4cc(F)c5c(c4)N(C4CCC4)CCO5)n3)nc2)CC1,7.795880017344075
CHEMBL478241,CDK2,16.0,nM,Cc1ncc(-c2ccnc(Nc3ccc(N4CCN(C(=O)CN(C)C)CC4)cc3)n2)n1C(C)C,7.795880017344075
CHEMBL3648094,CDK1,16.0,nM,CCS(=N)(=O)c1ccc(Nc2ncc(Br)c(N[C@H](COC)[C@H](C)O)n2)cc1,7.795880017344075
CHEMBL3648127,CDK2,16.0,nM,CCC(CO)Sc1nc(Nc2ccc(S(C)(=N)=O)cc2)ncc1Br,7.795880017344075
CHEMBL5930291,CDK9,16.0,nM,O=C(Nc1cc(-c2ccc3ncn(CC4(N5CCCC5)COC4)c3c2)c(Cl)cn1)[C@@H]1CCCNC1,7.795880017344075
CHEMBL3641999,CDK6,16.0,nM,CNCCN(C)C1CCN(c2ccc(Nc3ncc4c5ccncc5n(C5CCCC5)c4n3)nn2)CC1,7.795880017344075
CHEMBL5570843,CDK9,16.0,nM,COc1ccccc1-c1cccc(Nc2cccc(N3CCCNCC3)c2)n1,7.795880017344075
CHEMBL429142,CDK1,16.0,nM,CC(C)CC(=O)c1ccc2c(c1)/C(=C/Nc1ccc(S(N)(=O)=O)cc1)C(=O)N2,7.795880017344075
CHEMBL3702241,CDK6,16.0,nM,CN(C)C1CCN(c2ccc(Nc3ncc4c5ccncc5n(C5CCC5)c4n3)nc2)CC1,7.795880017344075
CHEMBL3702047,CDK4,16.0,nM,CCN1CCN(c2ccc(Nc3ncc4c5ccncc5n(C5CCCC5)c4n3)nc2)CC1,7.795880017344075
CHEMBL523735,CDK2,16.0,nM,NC(=O)c1ccc(Nc2nccc(-c3cnn4ncccc34)n2)cc1,7.795880017344075
CHEMBL3663743,CDK9,16.0,nM,COc1ccc(F)cc1-c1ccnc2[nH]c(C3CCCNC3)cc12,7.795880017344075
CHEMBL3642006,CDK6,16.0,nM,O[C@H]1CCN(C2CCN(c3ccc(Nc4ncc5c6ccncc6n(C6CCCC6)c5n4)nn3)CC2)C1,7.795880017344075
CHEMBL5807765,CDK6,16.0,nM,CC1CN(C(=O)c2ccc(Nc3ncc(F)c(-c4cc(F)c5c(c4)N(C(C)C)CCO5)n3)nc2)CC(C)O1,7.795880017344075
CHEMBL6005062,CDK6,16.0,nM,Fc1cnc(Nc2ccc3c(n2)CCNC3)nc1-c1cc(F)c2c(c1)N(C1CCC1)CCO2,7.795880017344075
CHEMBL3702087,CDK6,16.0,nM,COc1ccc2c3cnc(Nc4ccc(N5CCNCC5)cn4)nc3n(C3CCCC3)c2n1,7.795880017344075
CHEMBL5977301,CDK9,16.0,nM,O=C1NC2CC(C(=O)Nc3cc(-c4ccc5ncn(Cc6cccc(F)c6)c5c4)c(Cl)cn3)CC2O1,7.795880017344075
CHEMBL3702037,CDK4,16.0,nM,C[C@H]1CN(c2ccc(Nc3ncc4c5cc[nH]c(=O)c5n(C5CCCC5)c4n3)nn2)CCN1,7.795880017344075
CHEMBL3648085,CDK1,16.0,nM,CCOC(=O)N=S(C)(=O)c1ccc(Nc2ncc(Br)c(N[C@H](C)[C@H](C)O)n2)cc1,7.795880017344075
CHEMBL5769299,CDK9,16.0,nM,CC(C)(C)OC(=O)N[C@@H]1CCC[C@H](C(=O)Nc2cc(-c3cnn4c3CCCC4)c(Cl)cn2)C1,7.795880017344075
CHEMBL3298414,CDK2,16.0,nM,O=C(N[C@H](CO)c1ccc(F)c(Cl)c1)N1CCc2cnc(NC3CCOCC3)nc2C1,7.795880017344075
CHEMBL3702232,CDK4,16.0,nM,CC[C@H](C)n1c2cnccc2c2cnc(Nc3ccc(N4CCNC(C)(C)C4)nn3)nc21,7.795880017344075
CHEMBL255932,CDK2,16.0,nM,Nc1ccc(CC(=O)Nc2n[nH]c3ccc(N4CCCS4(=O)=O)cc23)cc1,7.795880017344075
CHEMBL3702173,CDK4,16.0,nM,O=S1(=O)CC=C(c2ccc(Nc3ncc4c5ccnc(F)c5n(C5CCCC5)c4n3)nc2)CC1,7.795880017344075
CHEMBL3702173,CDK6,16.0,nM,O=S1(=O)CC=C(c2ccc(Nc3ncc4c5ccnc(F)c5n(C5CCCC5)c4n3)nc2)CC1,7.795880017344075
CHEMBL4211479,CDK4,16.0,nM,CCN1CCN(Cc2ccc(Nc3ncc(F)c(-c4cc(F)c5nc6n(c5c4)C(C)(C)CC6)n3)nc2C)CC1,7.795880017344075
CHEMBL5852870,CDK4,16.0,nM,CC(C)N1CCOc2c(F)cc(-c3nc(Nc4ncc(C5CCNCC5)cn4)ncc3F)cc21,7.795880017344075
CHEMBL307808,CDK2,16.0,nM,COCCNS(=O)(=O)c1ccc(Nc2nccc(-c3cnc4ccc(Sc5ccccc5)cn34)n2)cc1,7.795880017344075
CHEMBL3691561,CDK4,16.0,nM,CN(C)C(=O)c1cc2cnc(Nc3ccc(C(=O)N4CC5CCC(C4)N5)cn3)nc2n1C1CCCC1,7.795880017344075
CHEMBL3702132,CDK4,16.0,nM,CN(C)C1CCN(C(=O)c2ccc(Nc3ncc4c5ccncc5n(C5CCCC5)c4n3)nc2)CC1,7.795880017344075
CHEMBL189963,CDK6,16.0,nM,CC(=O)c1c(C)c2cnc(Nc3ccc(N4CCNCC4)cn3)nc2n(C2CCCC2)c1=O,7.795880017344075
CHEMBL5280635,CDK2,16.0,nM,CCc1c(C(=O)NCCc2ccc(N3CCOCC3)cc2)[nH]c2ccc(C)cc12,7.795880017344075
CHEMBL3702192,CDK6,16.1,nM,OCCNc1ccc(Nc2ncc3c4ccncc4n(C4CCCC4)c3n2)nn1,7.79317412396815
CHEMBL6044246,CDK6,16.1,nM,Cc1nc2c(F)cc(-c3nc(Nc4ccc5c(n4)CCN(CC(=O)N(C)C)C5)ncc3F)cc2n1C1CC1,7.79317412396815
CHEMBL4466497,CDK9,16.2,nM,Cc1nc2c(F)cc(-c3nc(Nc4ccc5c(n4)CCN(CCN(C)C)C5)ncc3F)cc2n1C(C)(C)C,7.790484985457369
CHEMBL3698726,CDK4,16.2,nM,c1cc2c3cnc(Nc4ccc(NC5CCNCC5)nn4)nc3n(C3CCCC3)c2cn1,7.790484985457369
CHEMBL4463172,CDK2,16.3,nM,Cc1nc2c(F)cc(-c3nc(Nc4ccc5c(n4)CCN(CCN(C)C(=N)N)C5)ncc3F)cc2n1C(C)C,7.787812395596042
CHEMBL5869281,CDK2,16.3,nM,Cc1nc2c(F)cc(-c3nc(Nc4ccc5c(n4)CCN(C[C@H]4CN(C)CCO4)C5)ncc3F)cc2n1C(C)(C)C,7.787812395596042
CHEMBL4550287,CDK2,16.3,nM,Cc1nc2c(F)cc(-c3nc(Nc4ccc5c(n4)CCN(CCN(C)C)C5)ncc3F)cc2n1C(C)C1CC1,7.787812395596042
CHEMBL4542247,CDK2,16.3,nM,Cc1nc2c(F)cc(-c3nc(Nc4ccc5c(n4)CCN(CCN(C)C)C5)ncc3F)cc2n1C1(C)CC1,7.787812395596042
CHEMBL3684984,CDK4,16.5,nM,C[C@H]1CC[C@H](n2c3cnccc3c3cnc(Nc4ccc5c(n4)C(O)CNC5)nc32)CC1,7.782516055786093
CHEMBL5964401,CDK2,16.5,nM,CCC(CC)n1c(C)nc2c(F)cc(-c3nc(Nc4ccc5c(n4)CCNC5)ncc3F)cc21,7.782516055786093
CHEMBL3702166,CDK6,16.6,nM,Oc1cc(-c2ccc(Nc3ncc4c5ccncc5n(C5CCCC5)c4n3)nn2)ccn1,7.779891911959945
CHEMBL5558477,CDK9,16.91,nM,CC[C@@H](CO)Nc1nc(NCc2ccc(NC(=O)C3(F)CC3)cc2)n2ncc(C(C)C)c2n1,7.771856392402258
CHEMBL3237443,CDK6,17.0,nM,Fc1nccc2c3cnc(Nc4ccc(N5CCNCC5)cn4)nc3n(C3CCCC3)c12,7.769551078621726
CHEMBL3691640,CDK4,17.0,nM,CN(C)C(=O)c1cc2cnc(Nc3ccc(N4CC5(CCCNCC5)OC4=O)cn3)nc2n1C1CCCC1,7.769551078621726
CHEMBL3668421,CDK9,17.0,nM,CN1CCC(c2cc3c(-c4cccc(NCCc5ccccc5)n4)ccnc3[nH]2)CC1,7.769551078621726
CHEMBL6163820,CDK9,17.0,nM,COc1ccccc1-c1cc(Nc2cc(CN3CCN(C(=O)c4cc(Cc5n[nH]c(=O)c6ccccc56)ccc4F)CC3)ccn2)ncn1,7.769551078621726
CHEMBL6162925,CDK9,17.0,nM,COc1cc(F)ccc1-c1cc(Nc2cc(CN3CCN(C(=O)c4cc(Cc5n[nH]c(=O)c6ccccc56)ccc4F)CC3)ccn2)ncc1F,7.769551078621726
CHEMBL3702070,CDK4,17.0,nM,CCC(CC)n1c2cnccc2c2cnc(Nc3ccc(N4CCC(N(C)C)CC4)nn3)nc21,7.769551078621726
CHEMBL3641989,CDK4,17.0,nM,CC1(C)CN(c2ccc(Nc3ncc4c5ccncc5n([C@@H]5CCOC5)c4n3)nc2)CCN1,7.769551078621726
CHEMBL3663799,CDK9,17.0,nM,COc1ccc(F)cc1-c1ccnc2[nH]c(C3CCNC3)cc12,7.769551078621726
CHEMBL3668480,CDK9,17.0,nM,Fc1cncc(CNc2ccc(Cl)c(-c3ccnc4[nH]c(C5CCCNC5)cc34)n2)c1,7.769551078621726
CHEMBL3702057,CDK4,17.0,nM,CC(=O)N1CCN(c2ccc(Nc3ncc4c5ccncc5n(C5CCCC5)c4n3)nc2)CC1,7.769551078621726
CHEMBL3702072,CDK6,17.0,nM,O[C@H]1CCN(Cc2csc(Nc3ncc4c5ccncc5n(C5CCCC5)c4n3)n2)C1,7.769551078621726
CHEMBL3702141,CDK6,17.0,nM,c1cc2c3cnc(Nc4ccc(N5CCNCC5)cn4)cc3n(C3CCSC3)c2cn1,7.769551078621726
CHEMBL5767699,CDK9,17.0,nM,CC(=O)N[C@H]1CCC[C@H](C(=O)Nc2cc(-c3cnn4c3CC(C)(C)CC4)c(Cl)cn2)C1,7.769551078621726
CHEMBL3663777,CDK9,17.0,nM,Fc1ccc(F)c(CNc2ccc(Cl)c(-c3ccnc4[nH]c(C5CCNCC5)cc34)n2)c1,7.769551078621726
CHEMBL3668350,CDK9,17.0,nM,COc1ccc(F)cc1-c1ccnc2[nH]c(C3CCNCC3)c(C)c12,7.769551078621726
CHEMBL1080893,CDK2,17.0,nM,Cc1n[nH]c2ccc(-c3nnc(NC[C@@H](N)Cc4cccc(Cl)c4)s3)cc12,7.769551078621726
CHEMBL515311,CDK2,17.0,nM,Cc1ncc(-c2ccnc(Nc3ccc(N4CCN(C(=O)[C@H](C)O)CC4)cc3)n2)n1C(C)C,7.769551078621726
CHEMBL3691544,CDK4,17.0,nM,CN(C)C(=O)c1cc2cnc(Nc3ccc(C(=O)N4C[C@H]5CNC[C@@H](C4)C5O)cn3)nc2n1C1CCCC1,7.769551078621726
CHEMBL180814,CDK2,17.0,nM,CC(C)c1cnn2c(Nc3ccc(S(=O)(=O)N(C)C)cc3)cc(O[C@H]3CC[C@H](N)CC3)nc12,7.769551078621726
CHEMBL3673533,CDK9,17.0,nM,CNC(=O)N1CC=C(c2cc3c(-c4cncc(NCc5cccc(F)c5)n4)ccnc3[nH]2)CC1,7.769551078621726
CHEMBL1080911,CDK2,17.0,nM,Cc1n[nH]c2ccc(-c3nnc(NC[C@@H](N)Cc4ccc(C(F)(F)F)cc4)s3)cc12,7.769551078621726
CHEMBL487066,CDK2,17.0,nM,Cc1ncc(-c2ccnc(Nc3ccc(C(=O)NC4CC4)cc3)n2)n1C(C)C,7.769551078621726
CHEMBL3663769,CDK9,17.0,nM,COc1ccc(F)cc1-c1ccnc2[nH]c(C3CCN(C)CC3)cc12,7.769551078621726
CHEMBL3702248,CDK4,17.0,nM,CC1(C)CN(c2ccc(Nc3ncc4c5ccncc5n(C5CCC5)c4n3)nn2)CCN1,7.769551078621726
CHEMBL409868,CDK2,17.0,nM,CN(C)C(=O)c1ccc2c(c1)/C(=N/Nc1ccc(S(N)(=O)=O)cc1)C(=O)N2,7.769551078621726
CHEMBL3702032,CDK4,17.0,nM,CC1CN(c2ccc(Nc3ncc4c5cc[nH]c(=O)c5n(C5CCCC5)c4n3)nc2)CC(C)N1,7.769551078621726
CHEMBL5825369,CDK9,17.0,nM,NCCCCNc1cc(-c2ccc3ncn(Cc4cccc(F)c4)c3c2)c(Cl)cn1,7.769551078621726
CHEMBL6051269,CDK9,17.0,nM,O=C(Nc1cc(-c2cnn3c2CCCC3)c(Cl)cn1)[C@H]1CCC[C@@H](NC(=O)C2(O)CC2)C1,7.769551078621726
CHEMBL563641,CDK2,17.0,nM,CN1CCN(c2ccc(Nc3ncc4c(n3)-c3c(c(C(N)=O)nn3C)C(C)(C)C4)cc2)CC1,7.769551078621726
CHEMBL192042,CDK2,17.0,nM,C[C@H](C(=O)Nc1cc(C2CC2)[nH]n1)c1ccc(N2CCN(C)C2=O)cc1,7.769551078621726
CHEMBL509012,CDK2,17.0,nM,CC(C)C1CC(C(=O)Nc2ncc(SCc3ncc(C(C)(C)C)o3)s2)CCN1,7.769551078621726
CHEMBL6030659,CDK9,17.0,nM,O=C(Nc1cc(-c2ccc3ncn(Cc4ccccc4F)c3c2)c(Cl)cn1)[C@@H]1CCCNC1,7.769551078621726
CHEMBL3642034,CDK6,17.0,nM,CN(C)CCN(C)C1CCN(c2ccc(Nc3ncc4c5ccncc5n(C5CCCC5)c4n3)nn2)CC1,7.769551078621726
CHEMBL270132,CDK1,17.0,nM,NS(=O)(=O)c1ccc(N/C=C2\C(=O)Nc3ccc(-c4cnco4)cc32)cc1,7.769551078621726
CHEMBL3702177,CDK4,17.0,nM,CN(C)C1CCN(c2ccc(Nc3ncc4c5ccncc5n(C5CCSCC5)c4n3)nn2)CC1,7.769551078621726
CHEMBL3698704,CDK4,17.0,nM,COC1CCN(c2ccc(Nc3ncc4c5ccncc5n(C5CCCC5)c4n3)nc2)C1,7.769551078621726
CHEMBL3698700,CDK4,17.0,nM,c1cc2c3cnc(Nc4ccc(NC5CCNCC5)cn4)nc3n(C3CCCC3)c2cn1,7.769551078621726
CHEMBL300389,CDK1,17.0,nM,OCCCNc1cc(-c2ccnc(Nc3cccc(Cl)c3)n2)ccn1,7.769551078621726
CHEMBL477786,CDK2,17.0,nM,Cc1ncc(-c2ccnc(Nc3ccc(N4CCN(C(=O)CO)CC4)cc3)n2)n1C(C)C,7.769551078621726
CHEMBL3648102,CDK1,17.0,nM,CC(O)C(C)Sc1nc(Nc2ccc(S(C)(=N)=O)cc2)ncc1Br,7.769551078621726
CHEMBL5198461,CDK2,17.0,nM,NCCCCNc1ccc(Nc2nc(N[C@H]3CC[C@H](N)CC3)nc3c2ncn3C2CCCC2)cc1,7.769551078621726
CHEMBL4462493,CDK2,17.4,nM,CCC(CC)n1c(C)nc2c(F)cc(-c3nc(Nc4ccc5c(n4)CCN(CCN(C)C)C5)ncc3F)cc21,7.7594507517174005
CHEMBL103382,CDK2,17.4,nM,NS(=O)(=O)c1ccc(Nc2cc(-c3ccc(F)cc3)[nH]n2)cc1,7.7594507517174005
CHEMBL4205645,CDK6,17.4,nM,CCN1CCN(Cc2ccc(Nc3nccc(-c4cc(F)c5nc6n(c5c4)C(C)(C)CC6)n3)nc2)CC1,7.7594507517174005
CHEMBL5557963,CDK9,17.44,nM,CCC(=O)Nc1ccc(CNc2nc(NC3CCOCC3)nc3c(C(C)C)cnn23)cc1,7.758453519403451
CHEMBL4207966,CDK4,17.6,nM,CCN1CCN(Cc2ccc(Nc3nccc(-c4cc(F)c5nc6n(c5c4)C(C)CC6)n3)nc2)CC1,7.75448733218585
CHEMBL5748748,CDK2,17.6,nM,CC1(C)CCc2nc3c(F)cc(-c4nc(Nc5ccc6c(n5)CCN(C(=O)CO)C6)ncc4F)cc3n21,7.75448733218585
CHEMBL4461579,CDK4,17.7,nM,Cc1nc2c(F)cc(-c3nc(Nc4ccc5c(n4)CCN(CCN(C)C(=S)n4ccnc4)C5)ncc3F)cc2n1C(C)C,7.752026733638194
CHEMBL5888813,CDK6,17.9,nM,Cc1nc2c(F)cc(-c3nc(Nc4ccc5c(n4)CCN(CC[Si](C)(C)C)C5)ncc3F)cc2n1C(C)C,7.747146969020107
CHEMBL3648103,CDK2,18.0,nM,CCC(Sc1nc(Nc2ccc(S(C)(=N)=O)cc2)ncc1Br)C(C)O,7.7447274948966935
CHEMBL445813,CDK4,18.0,nM,O=C(NC1CCNCC1)c1n[nH]cc1NC(=O)c1c(Cl)cccc1Cl,7.7447274948966935
CHEMBL451462,CDK2,18.0,nM,Cc1ncc(-c2nc(Nc3ccc(C(=O)N4CCN(C)CC4)cc3)ncc2F)n1C(C)C,7.7447274948966935
CHEMBL3640010,CDK4,18.0,nM,CCN(CC)C1CCN(c2ccc(Nc3ncc4c5ccnc(F)c5n(C5CCCC5)c4n3)nn2)CC1,7.7447274948966935
CHEMBL5873920,CDK4,18.0,nM,CC(C)N1CCOc2c(F)cc(-c3nc(Nc4ccc(C5CCN(C(=O)N(C)C)CC5)cn4)ncc3F)cc21,7.7447274948966935
CHEMBL5863217,CDK6,18.0,nM,CC(C)N1CCOc2c(F)cc(-c3nc(Nc4ccc(C(=O)N5CCC(O)CC5)cn4)ncc3F)cc21,7.7447274948966935
CHEMBL3648106,CDK1,18.0,nM,CC(CO)Sc1nc(Nc2ccc(S(C)(=N)=O)cc2)ncc1Br,7.7447274948966935
CHEMBL3642026,CDK6,18.0,nM,CN(CC(=O)O)C1CCN(c2ccc(Nc3ncc4c5ccncc5n(C5CCCC5)c4n3)nc2)CC1,7.7447274948966935
CHEMBL3905696,CDK6,18.0,nM,COCCCNCC(=O)N1CCN(c2ccc(Nc3ncc4c(C)c(C(C)=O)c(=O)n(C5CCCC5)c4n3)nc2)CC1,7.7447274948966935
CHEMBL3642018,CDK6,18.0,nM,OC1CCN(C2CCN(c3ccc(Nc4ncc5c6ccncc6n(C6CCCC6)c5n4)nc3)CC2)CC1,7.7447274948966935
CHEMBL3691575,CDK4,18.0,nM,CN(C)C(=O)c1cc2cnc(Nc3ccc(C(=O)N4CC5CNCC5C4)cn3)nc2n1C1CCCC1,7.7447274948966935
CHEMBL3914273,CDK4,18.0,nM,CN(C)C(=O)c1cc2cnc(Nc3ccc(C(=O)N4C[C@@H]5C[C@]5(N)C4)cn3)nc2n1C1CCCC1,7.7447274948966935
CHEMBL83775,CDK2,18.0,nM,COc1cc(-c2ccc[nH]2)c2c3c(ccc(F)c13)NC2=O,7.7447274948966935
CHEMBL79364,CDK2,18.0,nM,O=C1Nc2ccc(F)c3c(OCCCO)cc(-c4ccc[nH]4)c1c23,7.7447274948966935
CHEMBL5956134,CDK2,18.0,nM,Cc1nc2c(F)cc(-c3nc(Nc4ccc5c(n4)CCN(CC(C)(C)N)C5)ncc3F)cc2n1C(C)(C)C,7.7447274948966935
CHEMBL3702150,CDK4,18.0,nM,c1cc2c3cnc(Nc4ccc(N5CCNC6(CCCCC6)C5)nn4)nc3n(C3CCCC3)c2cn1,7.7447274948966935
CHEMBL4214566,CDK4,18.0,nM,CCN1CCN(Cc2ccc(Nc3ncc(F)c(-c4cc(F)c5nc6n(c5c4)CCC6)n3)nc2)CC1,7.7447274948966935
CHEMBL3668481,CDK9,18.0,nM,Fc1cnc(NCc2ccccc2)cc1-c1ccnc2[nH]c(C3CCCNC3)cc12,7.7447274948966935
CHEMBL3691639,CDK4,18.0,nM,CN(C)C(=O)c1cc2cnc(Nc3ccc(N4CC5(CC6CCC(C5)N6C)OC4=O)cn3)nc2n1C1CCCC1,7.7447274948966935
CHEMBL3663775,CDK9,18.0,nM,Clc1ccc(NCc2cccnc2)nc1-c1ccnc2[nH]c(C3CCNCC3)cc12,7.7447274948966935
CHEMBL3642007,CDK6,18.0,nM,O[C@@H]1CCCN(C2CCN(c3ccc(Nc4ncc5c6ccncc6n(C6CCCC6)c5n4)nn3)CC2)C1,7.7447274948966935
CHEMBL5277376,CDK4,18.0,nM,CC(=O)c1c(C)c2cnc(Nc3ccc(N4CCN(C/C=C/C(F)(F)F)CC4)cn3)nc2n(C2CCCC2)c1=O,7.7447274948966935
CHEMBL6007997,CDK6,18.0,nM,Cc1nc(Nc2ncc(F)c(-c3cc(F)c4c(c3)N(C(C)C)CCO4)n2)ccc1C1CCN(C)CC1,7.7447274948966935
CHEMBL3673549,CDK9,18.0,nM,O=C(O)C1CC=C(c2cc3c(-c4cncc(OCc5cccc(F)c5)n4)ccnc3[nH]2)CC1,7.7447274948966935
CHEMBL6148270,CDK9,18.0,nM,c1cc(-c2cnn(CC3CC3)c2)c2cc(C3CCNCC3)[nH]c2n1,7.7447274948966935
CHEMBL442186,CDK2,18.0,nM,O=C1Nc2ccc(F)c3c(SC[C@@H]4CCCN4)cc(-c4ccc[nH]4)c1c23,7.7447274948966935
CHEMBL5542666,CDK9,18.23,nM,CCC(=O)Nc1ccc(CNc2nc(N[C@@H](CC)CO)nc3c(C(C)C)cnn23)cc1,7.739213331345024
CHEMBL4203994,CDK4,18.3,nM,CCN1CCC(C(C)c2cnc(Nc3cc(-c4cc(F)c5nc(C)n(C(C)C)c5c4)ncn3)cn2)CC1,7.73754891026957
CHEMBL3684980,CDK4,18.4,nM,C[C@H]1CC[C@H](n2c3cnccc3c3cnc(Nc4cc5c(cn4)CCN(CCO)C5)nc32)CC1,7.735182176990463
CHEMBL5758951,CDK2,18.5,nM,Cc1nc2c(F)cc(-c3nc(Nc4ccc5c(n4)CCN(CCN4CCC(B(O)O)CC4)C5)ncc3F)cc2n1C(C)(C)C,7.732828271596986
CHEMBL5873158,CDK2,18.5,nM,Cc1nc2c(F)cc(-c3nc(Nc4ccc5c(n4)CCNC5)ncc3F)cc2n1C(C)(C)C,7.732828271596986
CHEMBL5788017,CDK6,18.7,nM,CN(C)C1CCN(c2ccc(Nc3ncc4cc(S(C)(=O)=O)n(C5CCCC5)c4n3)nc2)CC1,7.7281583934635005
CHEMBL4207474,CDK6,18.7,nM,Cc1nc(Nc2ncc(F)c(-c3cc(F)c4nc5n(c4c3)C(C)(C)CC5)n2)ccc1CN1CCNCC1,7.7281583934635005
CHEMBL3684986,CDK4,18.8,nM,CC(=O)N1Cc2ccc(Nc3ncc4c5ccncc5n([C@H]5CC[C@H](C)CC5)c4n3)nc2[C@H](C)C1,7.72584215073632
CHEMBL6021833,CDK6,18.9,nM,Cc1nc2c(F)cc(-c3nc(Nc4ccc5c(n4)CCNC5)ncc3F)cc2n1C1CC1,7.723538195826756
CHEMBL4207474,CDK4,18.9,nM,Cc1nc(Nc2ncc(F)c(-c3cc(F)c4nc5n(c4c3)C(C)(C)CC5)n2)ccc1CN1CCNCC1,7.723538195826756
CHEMBL6034187,CDK9,19.0,nM,Fc1cccc(Cn2cnc3ccc(-c4cc(NC5CC6(CCNC6)C5)ncc4Cl)cc32)c1,7.721246399047171
CHEMBL5277470,CDK6,19.0,nM,CC(=O)c1c(C)c2cnc(Nc3ccc(N4CCN(C(=O)/C(C#N)=C/c5ccccc5)CC4)cn3)nc2n(C2CCCC2)c1=O,7.721246399047171
CHEMBL1234087,CDK1,19.0,nM,O=C1Nc2ccc(-c3cnco3)cc2/C1=C/Nc1ccc2c(c1)CS(=O)(=O)C2,7.721246399047171
CHEMBL3691650,CDK4,19.0,nM,CN(C)C(=O)c1cc2cnc(Nc3ccc(N4CCC5(CCCN5)C4=O)cn3)nc2n1C1CCCC1,7.721246399047171
CHEMBL3702175,CDK4,19.0,nM,COCC(C)(C)n1c2cnccc2c2cnc(Nc3ccc(N4CCC(N(C)C)CC4)cn3)nc21,7.721246399047171
CHEMBL3648104,CDK1,19.0,nM,CC(Sc1nc(Nc2ccc(S(C)(=N)=O)cc2)ncc1Br)C(C)(C)O,7.721246399047171
CHEMBL3691557,CDK4,19.0,nM,CN(C)C(=O)c1cc2cnc(Nc3ccc(C(=O)N4CC5CC5(N)C4)cn3)nc2n1C1CCCC1,7.721246399047171
CHEMBL2158845,CDK2,19.0,nM,NS(=O)(=O)c1cccc(Nc2nccc(-c3ccnc(N4CCOCC4)c3)n2)c1,7.721246399047171
CHEMBL4207451,CDK6,19.0,nM,CC1(C)CCc2nc3c(F)cc(-c4nc(Nc5ccc(CN6CCN(C7CC7)CC6)cn5)ncc4F)cc3n21,7.721246399047171
CHEMBL3702028,CDK4,19.0,nM,CC1CCN(c2ccc(Nc3ncc4c5ccncc5n(C5CCCC5)c4n3)nn2)C1,7.721246399047171
CHEMBL3668452,CDK9,19.0,nM,COc1ccc(F)cc1-c1ccnc2[nH]c(C3CCN(C(=O)CN4CCOCC4)CC3)cc12,7.721246399047171
CHEMBL411224,CDK1,19.0,nM,CC(C)Cc1cccc2c1/C(=N/Nc1ccc(S(N)(=O)=O)cc1)C(=O)N2,7.721246399047171
CHEMBL5188442,CDK9,19.0,nM,COc1cc(F)ccc1-c1ccnc2[nH]c(-c3ccc(CN4CCOCC4)cc3)nc12,7.721246399047171
CHEMBL3642023,CDK6,19.0,nM,c1cc2c3cnc(Nc4ccc(N5CCC(NC6CCC6)CC5)cn4)nc3n(C3CCCC3)c2cn1,7.721246399047171
CHEMBL5858683,CDK9,19.0,nM,C[C@H](c1cccc(F)c1)n1cnc2ccc(-c3cc(NC(=O)[C@@H]4CCCNC4)ncc3Cl)cc21,7.721246399047171
CHEMBL3702078,CDK4,19.0,nM,Cc1nc(Nc2ncc3c4ccnc(F)c4n(C4CCCC4)c3n2)ccc1N1CCNCC1,7.721246399047171
CHEMBL1080913,CDK2,19.0,nM,Cc1n[nH]c2ccc(-c3nnc(NC[C@@H](N)Cc4ccc(F)c(F)c4)s3)cc12,7.721246399047171
CHEMBL3668497,CDK9,19.0,nM,CCN(C(=O)O)S(=O)(=O)N1CC=C(c2cc3c(-c4cc(F)ccc4OC)ccnc3[nH]2)CC1,7.721246399047171
CHEMBL3691668,CDK4,19.0,nM,CN(C)C(=O)c1cc2cnc(Nc3ccc(N4C[C@@H]5CC[C@H](CC4=O)N5)cn3)nc2n1C1CCCCC1,7.721246399047171
CHEMBL457979,CDK2,19.0,nM,Cc1ncc(-c2ccnc(Nc3ccc(S(=O)(=O)Cc4ccccc4)cc3)n2)n1C(C)C,7.721246399047171
CHEMBL3673526,CDK9,19.0,nM,CNC(=O)N1CCC(c2cc3c(-c4cncc(NCc5cccc(F)c5)n4)ccnc3[nH]2)CC1,7.721246399047171
CHEMBL3663761,CDK9,19.0,nM,COc1cc(Cl)ccc1-c1ccnc2[nH]c(C3CCNCC3)cc12,7.721246399047171
CHEMBL3663780,CDK9,19.0,nM,Fc1ccc(CNc2ccc(Cl)c(-c3ccnc4[nH]c(C5CCNCC5)cc34)n2)cc1F,7.721246399047171
CHEMBL3663760,CDK9,19.0,nM,COc1cc(F)ccc1-c1ccnc2[nH]c(C3CCNCC3)cc12,7.721246399047171
CHEMBL5948506,CDK6,19.0,nM,CN(C)C1CCN(c2ccc(Nc3ncc(F)c(-c4cc(F)c5c(c4)N(C4CCCC4)CCO5)n3)cc2F)CC1,7.721246399047171
CHEMBL457177,CDK2,19.0,nM,O=C(N[C@H]1CC[C@H](O)CC1)c1n[nH]cc1NC(=O)c1c(F)cccc1F,7.721246399047171
CHEMBL3691602,CDK4,19.0,nM,CN(C)C(=O)c1cc2cnc(Nc3ccc(C(=O)N4CC5CCC(C4)N5C(=O)CN)cn3)nc2n1C1CCCC1,7.721246399047171
CHEMBL562104,CDK2,19.0,nM,CNC(=O)c1nn(C)c2c1CCc1cnc(Nc3ccccc3)nc1-2,7.721246399047171
CHEMBL5830379,CDK9,19.0,nM,O=C(N[C@@H]1CCC[C@H](C(=O)Nc2cc(-c3cnn4c3CCCC4)c(Cl)cn2)C1)C1COC1,7.721246399047171
CHEMBL1800464,CDK1,19.0,nM,Nc1nc(NC2CCCC2)cc(-c2cc(N3C[C@H](O)[C@@H](O)C3)ccc2O)n1,7.721246399047171
CHEMBL3642013,CDK4,19.0,nM,CN(CCO)C1CCN(c2ccc(Nc3ncc4c5ccncc5n(C5CCCC5)c4n3)nc2)CC1,7.721246399047171
CHEMBL5776531,CDK9,19.0,nM,O=C(Nc1cc(-c2cnn3c2CCCC3)c(Cl)cn1)[C@H]1CCC[C@@H](NC(=O)[C@@H]2CCOC2)C1,7.721246399047171
CHEMBL6015242,CDK9,19.0,nM,O=C(Nc1cc(-c2ccc3nnn(Cc4ccc(F)c(F)c4)c3c2)c(Cl)cn1)[C@@H]1CCCNC1,7.721246399047171
CHEMBL393929,CDK1,19.0,nM,O=C1N=C(NCc2cccs2)S/C1=C\c1ccc2ncccc2c1,7.721246399047171
CHEMBL5189978,CDK2,19.0,nM,NCCCNCCCCNC(=O)c1ccc(Nc2nc(N[C@H]3CC[C@H](N)CC3)nc3c2ncn3C2CCCC2)cc1,7.721246399047171
CHEMBL5788163,CDK9,19.0,nM,O=C(Nc1cc(-c2ccc3ncn(Cc4ccc(F)cc4)c3c2)c(Cl)cn1)[C@@H]1CCCNC1,7.721246399047171
CHEMBL5896525,CDK9,19.0,nM,CN1CCC(CCNc2cc(-c3ccc4ncn(Cc5cccc(F)c5)c4c3)c(Cl)cn2)CC1,7.721246399047171
CHEMBL272684,CDK2,19.0,nM,NS(=O)(=O)c1ccc(N/N=C2\C(=O)Nc3cccc(-c4cc[nH]n4)c32)cc1,7.721246399047171
CHEMBL5994625,CDK9,19.0,nM,CC(C)(O)CCNc1cc(-c2ccc3ncn(Cc4cccc(F)c4)c3c2)c(Cl)cn1,7.721246399047171
CHEMBL3691587,CDK4,19.0,nM,CN(C)C(=O)c1cc2cnc(Nc3ccc(C(=O)N4CC5CCC(C4)N5C)cn3)nc2n1C1CCCC1,7.721246399047171
CHEMBL2012400,CDK1,19.0,nM,Cn1cc(Nc2ncc3cnn(C4CCC5(CC4)CC5)c3n2)cc1C(N)=O,7.721246399047171
CHEMBL3986282,CDK4,19.0,nM,CC(=O)c1c(C)c2cnc(Nc3ccc(N4CCN(C(=O)CNCCN)CC4)cn3)nc2n(C2CCCC2)c1=O,7.721246399047171
CHEMBL3668485,CDK9,19.0,nM,CNC(=O)N1CC=C(c2cc3c(-c4cc(F)ccc4OC)ccnc3[nH]2)CC1,7.721246399047171
CHEMBL3663794,CDK9,19.0,nM,CN1CCC(c2cc3c(-c4nc(NCc5ccccc5)ccc4Cl)ccnc3[nH]2)CC1,7.721246399047171
CHEMBL392776,CDK1,19.0,nM,Cc1cc(N2CCCS2(=O)=O)c2oc(-c3ccc(O)c(Br)c3)c(O)c(=O)c2c1,7.721246399047171
CHEMBL3691679,CDK4,19.0,nM,CN(C)C(=O)c1cc2cnc(Nc3ccc(N4C[C@H]5CC[C@@H](CC4=O)N5CC(F)(F)F)cn3)nc2n1C1CCCC1,7.721246399047171
CHEMBL3648092,CDK2,19.0,nM,CCOC(=O)N=S(=O)(CC)c1ccc(Nc2ncc(Br)c(O[C@H](C)[C@H](C)O)n2)cc1,7.721246399047171
CHEMBL3641990,CDK6,19.0,nM,CNC1CCN(c2ccc(Nc3ncc4c5ccncc5n(C5CCC5)c4n3)nn2)CC1,7.721246399047171
CHEMBL6160789,CDK6,19.0,nM,CCN1CCN(c2ccc(Nc3ncc(F)c(-c4ccc5c(c4)OC4(CCN(C(C)=O)CC4)CC5=O)n3)nc2)CC1,7.721246399047171
CHEMBL269883,CDK1,19.0,nM,CC(C)COC(=O)c1ccc2c(c1)/C(=C/Nc1ccc(S(N)(=O)=O)cc1)C(=O)N2,7.721246399047171
CHEMBL4438059,CDK2,19.2,nM,Cc1nc2c(F)cc(-c3nc(Nc4ccc5c(n4)CCN(CCN(C)C)C5)ncc3F)cc2n1C1CCCCC1,7.71669877129645
CHEMBL3684985,CDK4,19.2,nM,C[C@H]1CC[C@H](n2c3cnccc3c3cnc(Nc4ccc5c(n4)C(O)CN(CCO)C5)nc32)CC1,7.71669877129645
CHEMBL4160544,CDK6,19.24,nM,Cc1nc(Nc2c[nH]nc2C(=O)Nc2ccc(CN3CCN(C)CC3)cc2)c2cc(C(C)C)sc2n1,7.715794932298206
CHEMBL3698645,CDK6,19.5,nM,C[C@H]1CN(c2ccc(Nc3ncc4c5ccncc5n(C5CCCC5)c4n3)nn2)CCN1,7.709965388637482
CHEMBL3698741,CDK6,19.7,nM,c1cc2c3cnc(Nc4ccc(N5CCCC5)nn4)nc3n(C3CCCC3)c2cn1,7.7055337738384075
CHEMBL5843019,CDK6,19.8,nM,CC(C)N1CCOc2c(F)cc(-c3nc(Nc4ccc(C(N)=O)cn4)ncc3F)cc21,7.703334809738469
CHEMBL4762677,CDK9,19.8,nM,CC(C)N1c2cc(Nc3nccc(-c4ccnc5ccccc45)n3)ccc2N(C)C(=O)[C@H]1C,7.703334809738469
CHEMBL5908734,CDK2,19.9,nM,Cc1nc2c(F)cc(-c3nc(Nc4ccc5c(n4)CCN(CCO)C5)ncc3F)cc2n1C(C)C,7.701146923590294
CHEMBL297570,CDK2,20.0,nM,CC(C)(C)c1cnc(CSc2cnc(NC(=O)C3CCCNC3)s2)o1,7.698970004336019
CHEMBL3085239,CDK1,20.0,nM,CC(C)[C@H](CO)Nc1nc(NCc2ccc3c(c2)OCO3)c2ncn(C(C)C)c2n1,7.698970004336019
CHEMBL3969723,CDK9,20.0,nM,CN1CC[C@@H](c2c(O)cc(O)c3c(=O)cc(-c4ccccc4Cl)oc23)[C@@H]1CO,7.698970004336019
CHEMBL1235529,CDK1,20.0,nM,O=S1(=O)NCCCNc2nc(ncc2Br)Nc2cccc1c2,7.698970004336019
CHEMBL79049,CDK1,20.0,nM,CCCCOc1c(C(=O)c2c(F)cc(F)cc2F)c[nH]c2nncc1-2,7.698970004336019
CHEMBL3901726,CDK9,20.0,nM,Fc1ccc2c(c1)-c1ccnc3[nH]c(C4=CCNCC4)c(c13)CO2,7.698970004336019
CHEMBL496567,CDK2,20.0,nM,CC(C)(C)c1cnc(CSc2cnc(N[C@H]3CC[C@H](N)CC3)s2)o1,7.698970004336019
CHEMBL4474655,CDK9,20.0,nM,FC(F)(F)c1cnc(N[C@H]2CCCNC2)nc1-c1n[nH]c2ccccc12,7.698970004336019
CHEMBL5933703,CDK2,20.0,nM,CNCCN1CCc2nc(Nc3ncc(F)c(-c4cc(F)c5nc(C)n(C6(C)CC6)c5c4)n3)ccc2C1,7.698970004336019
CHEMBL5776705,CDK1,20.0,nM,NS(=O)(=O)c1ccc(Nc2ncc3cc4n(c3n2)C2(CCCCC2)C(=O)N[C@@H]4CF)cc1,7.698970004336019
CHEMBL3668472,CDK9,20.0,nM,Fc1ccc(CNc2ccc(Cl)c(-c3ccnc4[nH]c(C5CCCNC5)cc34)n2)cc1F,7.698970004336019
CHEMBL6022784,CDK4,20.0,nM,CC(C)N1CCOc2c(F)cc(-c3nc(Nc4ccc(N5CCC(C)(O)CC5)cn4)ncc3F)cc21,7.698970004336019
CHEMBL488436,CDK9,20.0,nM,Cc1ncc(-c2ccnc(Nc3ccc(S(C)(=O)=O)cc3)n2)n1C(C)C,7.698970004336019
CHEMBL5176691,CDK2,20.0,nM,NCCCCNC(=O)c1ccc(Nc2nc(N[C@H]3CC[C@H](N)CC3)nc3c2ncn3C2CCCC2)cc1,7.698970004336019
CHEMBL3702038,CDK4,20.0,nM,CC1(C)CN(c2ccc(Nc3ncc4c5cc[nH]c(=O)c5n(C5CCCC5)c4n3)nn2)CCN1,7.698970004336019
CHEMBL3991935,CDK9,20.0,nM,CN1CC[C@@H](c2c(O)cc(O)c3c(=O)cc(-c4ccccc4Cl)oc23)[C@@H]1CO.Cl,7.698970004336019
CHEMBL6013201,CDK4,20.0,nM,CC(C)N1CCOc2c(F)cc(-c3nc(Nc4cnn(C5CCC(O)CC5)c4)ncc3F)cc21,7.698970004336019
CHEMBL3642024,CDK6,20.0,nM,CC(C)NC1CCN(c2ccc(Nc3ncc4c5ccncc5n(C5CCCC5)c4n3)nc2)CC1,7.698970004336019
CHEMBL3702094,CDK4,20.0,nM,CC1CN(c2ccc(Nc3ncc4c5ccnc(F)c5n(C5CCCC5)c4n3)nc2)CC(C)N1,7.698970004336019
CHEMBL4207804,CDK4,20.0,nM,CCN1CCN(Cc2ccc(Nc3ncc(F)c(-c4cc(F)c5nc6n(c5c4)CC(C)(C)C6)n3)nc2)CC1,7.698970004336019
CHEMBL1800450,CDK1,20.0,nM,Cc1cc(-c2cc(N3C[C@H](O)[C@@H](O)C3)ccc2O)nc(N)n1,7.698970004336019
CHEMBL5797283,CDK1,20.0,nM,NS(=O)(=O)c1ccc(Nc2ncc3cc4n(c3n2)C2(CCCCC2)C(=O)N[C@H]4CF)cc1,7.698970004336019
CHEMBL5774630,CDK4,20.0,nM,COCCNS(=O)(=O)c1ccc(Nc2ncc(F)c(-c3cc(F)c4c(c3)N(C(C)C)CCO4)n2)cc1,7.698970004336019
CHEMBL1800465,CDK1,20.0,nM,Nc1nc(NC2CCCCC2)cc(-c2cc(N3C[C@H](O)[C@@H](O)C3)ccc2O)n1,7.698970004336019
CHEMBL401377,CDK2,20.0,nM,Brc1cnn2c(NCc3ccncc3)cc(-c3ccccc3)nc12,7.698970004336019
CHEMBL3648071,CDK2,20.0,nM,C[C@@H](O)[C@@H](C)Nc1nc(Nc2ccc(S(C)(=N)=O)cc2)ncc1Br,7.698970004336019
CHEMBL3691603,CDK4,20.0,nM,CN(C)C(=O)c1cc2cnc(Nc3ccc(C(=O)N4CC5CCC(C4)N5C(=O)C4CCCN4)cn3)nc2n1C1CCCC1,7.698970004336019
CHEMBL452602,CDK2,20.0,nM,C[C@@H]1CNC[C@H](C(=O)Nc2ncc(SCc3ncc(C(C)(C)C)o3)s2)C1,7.698970004336019
CHEMBL3421973,CDK2,20.0,nM,CN1CCN(c2ccc(Nc3ncc(Cl)c(-c4c[nH]c5cnccc45)n3)cc2)CC1,7.698970004336019
CHEMBL191834,CDK2,20.0,nM,C[C@H](C(=O)Nc1cc(C2CC2)[nH]n1)c1ccc(N2CCOC2=O)cc1,7.698970004336019
CHEMBL5887566,CDK6,20.0,nM,CC(C)N1CCOc2c(Cl)cc(-c3nc(Nc4ccc(N5CCNCC5)c(F)c4)ncc3F)cc21,7.698970004336019
CHEMBL4084410,CDK9,20.0,nM,Clc1ccnc2[nH]c(-c3ccc(N4CCNCC4)cc3)cc12,7.698970004336019
CHEMBL3698715,CDK4,20.0,nM,CN(C)C1CCN(c2cnc(Nc3ncc4c5ccncc5n(C5CCCC5)c4n3)cn2)CC1,7.698970004336019
CHEMBL3702061,CDK4,20.0,nM,CN(C)C1CCN(c2ccc(Nc3ncc4c5ccnc(Cl)c5n(C5CCCC5)c4n3)nn2)CC1,7.698970004336019
CHEMBL603097,CDK2,20.0,nM,COc1ccc2nc3[nH]nc(C)c3c(OC)c2c1,7.698970004336019
CHEMBL428690,CDK9,20.0,nM,CN1CC[C@H](c2c(O)cc(O)c3c(=O)cc(-c4ccccc4Cl)oc23)[C@H](O)C1,7.698970004336019
CHEMBL3698694,CDK6,20.0,nM,c1cc2c3cnc(Nc4ccc(N[C@@H]5CCNC5)cn4)nc3n(C3CCCC3)c2cn1,7.698970004336019
CHEMBL5748598,CDK9,20.0,nM,COC1CCc2c(-c3cc(NC(=O)[C@H]4CCC[C@@H](NC(C)=O)C4)ncc3Cl)cnn2C1,7.698970004336019
CHEMBL3237445,CDK4,20.0,nM,Cc1nccc2c3cnc(Nc4ccc(N5CCNCC5)cn4)nc3n(C3CCCC3)c12,7.698970004336019
CHEMBL3702244,CDK4,20.0,nM,C[C@H]1CN(c2ccc(Nc3ncc4c5ccncc5n(C5CCC5)c4n3)nc2)CCN1,7.698970004336019
CHEMBL3668412,CDK9,20.0,nM,Clc1ccccc1CNc1cccc(-c2ccnc3[nH]c(C4CCNCC4)cc23)n1,7.698970004336019
CHEMBL5978749,CDK6,20.0,nM,CC(C)CN1CCOc2c(F)cc(-c3nc(Nc4ccc5c(n4)CCNC5)ncc3F)cc21,7.698970004336019
CHEMBL3691641,CDK4,20.0,nM,CN1CCCC2(CC1)CN(c1ccc(Nc3ncc4cc(C(=O)N(C)C)n(C5CCCC5)c4n3)nc1)C(=O)O2,7.698970004336019
CHEMBL4465061,CDK9,20.0,nM,Clc1cnc(NC2CCCCC2)nc1-c1c[nH]c2cccnc12,7.698970004336019
CHEMBL254367,CDK2,20.0,nM,O=C(Cc1cccc2ccccc12)Nc1n[nH]c2ccc(N3CCCS3(=O)=O)cc12,7.698970004336019
CHEMBL255263,CDK2,20.0,nM,O=C(Cc1ccc(F)cc1)Nc1n[nH]c2ccc(N3CCCS3(=O)=O)cc12,7.698970004336019
CHEMBL3691638,CDK4,20.0,nM,CN(C)C(=O)c1cc2cnc(Nc3ccc(N4CC5(CC6CCC(C5)N6)OC4=O)cn3)nc2n1C1CCCC1,7.698970004336019
CHEMBL3702224,CDK6,20.0,nM,CC[C@@H](C)n1c2cnccc2c2cnc(Nc3ccc(N4CCNC(C)(C)C4)nn3)nc21,7.698970004336019
CHEMBL6144593,CDK2,20.1,nM,O=C(NCC1CCOCC1)c1cc(C(F)(F)F)c(N2CCOCC2)nn1,7.696803942579511
CHEMBL5867735,CDK4,20.1,nM,Cc1nc2c(F)cc(-c3nc(Nc4ccc5c(n4)CN(CCN(C)C)C5=O)ncc3F)cc2n1C(C)C,7.696803942579511
CHEMBL3684983,CDK4,20.3,nM,CC1CN(CCO)Cc2ccc(Nc3ncc4c5ccncc5n([C@H]5CC[C@H](C)CC5)c4n3)nc21,7.692503962086787
CHEMBL5899535,CDK2,20.4,nM,Cc1nc2c(F)cc(-c3nc(Nc4ccc5c(n4)CCN(C(=O)C4CC(O)C4)C5)ncc3F)cc2n1C(C)C,7.690369832574101
CHEMBL5791509,CDK2,20.4,nM,Cc1nc2c(F)cc(-c3nc(Nc4ccc5c(n4)CCN(C(=O)CC4CC(O)C4)C5)ncc3F)cc2n1C1CC1,7.690369832574101
CHEMBL5939038,CDK2,20.4,nM,CN(C)[C@H]1CCN(C(=O)c2ccc(Nc3ncc(F)c(-c4cc(F)c5nc6n(c5c4)C(C)(C)CC6)n3)nc2)C1,7.690369832574101
CHEMBL3691662,CDK4,20.5,nM,CN(C)C(=O)c1cc2cnc(Nc3ccc(N4CC5CCC(C4)N5)nn3)nc2n1C1CCCCC1,7.688246138944246
CHEMBL3702131,CDK6,20.5,nM,CN(C)C1CCN(S(=O)(=O)c2ccc(Nc3ncc4c5ccncc5n(C5CCCC5)c4n3)nc2)CC1,7.688246138944246
CHEMBL5979966,CDK9,20.7,nM,Cc1nc2c(F)cc(-c3nc(Nc4ccc5c(n4)CCN(CCN4CCN(C)CC4)C5)ncc3F)cc2n1C(C)(C)C,7.684029654543082
CHEMBL5964675,CDK9,20.8,nM,Cc1nc2c(F)cc(-c3nc(Nc4ccc5c(n4)CCN(C[C@H]4CNCCO4)C5)ncc3F)cc2n1C(C)(C)C,7.681936665037238
CHEMBL5938059,CDK2,20.8,nM,Cc1nc2c(F)cc(-c3nc(Nc4ccc5c(n4)CCN(CCN)C5)ncc3F)cc2n1C(C)(C)C,7.681936665037238
CHEMBL5897984,CDK9,20.8,nM,Cc1nc2c(F)cc(-c3nc(Nc4ccc5c(n4)CCN(C[C@H]4CNCCO4)C5)ncc3F)cc2n1C(C)C,7.681936665037238
CHEMBL3702217,CDK6,21.0,nM,CC[C@@H](C)n1c2cnccc2c2cnc(Nc3ccc(N4CCN[C@@H](C)C4)nn3)nc21,7.6777807052660805
CHEMBL3691550,CDK4,21.0,nM,CN(C)C(=O)c1cc2cnc(Nc3ccc(C(=O)N4CC5CCC4C5O)cn3)nc2n1C1CCCCCC1,7.6777807052660805
CHEMBL3668420,CDK9,21.0,nM,COc1ccc(F)cc1-c1ccnc2[nH]c(C3CCN(CC(O)CO)CC3)cc12,7.6777807052660805
CHEMBL5956743,CDK6,21.0,nM,CCS(=O)(=O)c1cc2cnc(Nc3ccc(N4CCNCC4)cn3)nc2n1C1CCCC1,7.6777807052660805
CHEMBL3663786,CDK9,21.0,nM,CN(Cc1ccccc1)c1ccc(Cl)c(-c2ccnc3[nH]c(C4CCNCC4)cc23)n1,7.6777807052660805
CHEMBL1794054,CDK2,21.0,nM,NS(=O)(=O)c1ccc(N/N=C2\C(=O)Nc3cccc(CCc4ccncc4)c32)cc1,7.6777807052660805
CHEMBL5981008,CDK2,21.0,nM,CC(=N)NCCN1CCc2nc(Nc3ncc(F)c(-c4cc(F)c5nc(C)n(C(C)C)c5c4)n3)ccc2C1,7.6777807052660805
CHEMBL3702116,CDK6,21.0,nM,Oc1nccc2c3cnc(Nc4ccc(CN5CCNCC5)cn4)nc3n(C3CCCC3)c12,7.6777807052660805
CHEMBL3950787,CDK9,21.0,nM,CN1Cc2c(C3=CCNCC3)[nH]c3nccc(c23)-c2cc(F)ccc21,7.6777807052660805
CHEMBL3673546,CDK9,21.0,nM,O=C(O)C1CC=C(c2cc3c(-c4cncc(NCc5ccccc5)n4)ccnc3[nH]2)CC1,7.6777807052660805
CHEMBL6018285,CDK4,21.0,nM,CC(C)N1CCOc2c(F)cc(-c3nc(Nc4ccc(N5CCC(CCO)CC5)cn4)ncc3F)cc21,7.6777807052660805
CHEMBL271182,CDK2,21.0,nM,CCc1ccc2c(c1)NC(=O)/C2=N\Nc1ccc(S(N)(=O)=O)cc1,7.6777807052660805
CHEMBL5172816,CDK2,21.0,nM,NCCCNCCCCNc1ccc(Nc2nc(N[C@H]3CC[C@H](N)CC3)nc3c2ncn3C2CCCC2)cc1,7.6777807052660805
CHEMBL3639672,CDK9,21.0,nM,COc1ccc(F)cc1-c1ccnc2[nH]c(C3CCN(S(C)(=O)=O)CC3)cc12,7.6777807052660805
CHEMBL3642648,CDK2,21.0,nM,Fc1ccccc1-c1cc(NCc2cccnc2)n2ncc(Cl)c2n1,7.6777807052660805
CHEMBL3642022,CDK6,21.0,nM,FCCNC1CCN(c2ccc(Nc3ncc4c5ccncc5n(C5CCCC5)c4n3)nc2)CC1,7.6777807052660805
CHEMBL1800449,CDK2,21.0,nM,Nc1nccc(-c2cc(N3C[C@H](O)[C@@H](O)C3)ccc2O)n1,7.6777807052660805
CHEMBL5918460,CDK9,21.0,nM,NS(=O)(=O)CC(=O)Nc1cc(-c2ccc3ncn(Cc4cccc(F)c4)c3c2)c(Cl)cn1,7.6777807052660805
CHEMBL3673519,CDK9,21.0,nM,CC(=O)N1CCC(c2cc3c(-c4cncc(NCc5cccc(F)c5)n4)ccnc3[nH]2)CC1,7.6777807052660805
CHEMBL3702245,CDK4,21.0,nM,CNC1CCN(c2ccc(Nc3ncc4c5ccncc5n(C5CCC5)c4n3)nc2)CC1,7.6777807052660805
CHEMBL3702241,CDK4,21.0,nM,CN(C)C1CCN(c2ccc(Nc3ncc4c5ccncc5n(C5CCC5)c4n3)nc2)CC1,7.6777807052660805
CHEMBL5571022,CDK2,21.0,nM,CN(C)C(=O)c1cc2cnc(Nc3ccc(S(N)(=O)=O)cc3)nc2n1C1CCCC1,7.6777807052660805
CHEMBL3663773,CDK9,21.0,nM,Clc1ccc(NCc2ccccc2)nc1-c1ccnc2[nH]c(C3CCNCC3)cc12,7.6777807052660805
CHEMBL3641987,CDK4,21.0,nM,CC1(C)CN(c2ccc(Nc3ncc4c5ccncc5n([C@@H]5CCOC5)c4n3)nn2)CCN1,7.6777807052660805
CHEMBL3668484,CDK9,21.0,nM,Fc1cccc(CNc2ccc(F)c(-c3ccnc4[nH]c(C5CCCNC5)cc34)c2)c1,7.6777807052660805
CHEMBL3698669,CDK6,21.0,nM,c1cc2c3cnc(Nc4ccc(N5CCNCC5)cn4)nc3n(C3CCCCCC3)c2cn1,7.6777807052660805
CHEMBL3644022,CDK2,21.0,nM,C[C@@H](O)[C@@H](C)Oc1nc(Nc2ccc(S(=O)(=O)C3CCCC3)cc2)ncc1C(F)(F)F,7.6777807052660805
CHEMBL6012819,CDK6,21.0,nM,CC1CN(C(C)C)c2cc(-c3nc(Nc4ccc(N5CCNCC5)c(F)c4)ncc3F)cc(F)c2O1,7.6777807052660805
CHEMBL3668400,CDK9,21.0,nM,COc1ccc(F)cc1-c1ccnc2[nH]c(C3CCCN(CCO)C3)cc12,7.6777807052660805
CHEMBL3644019,CDK2,21.0,nM,C[C@@H](Oc1nc(Nc2ccc(S(=O)(=O)C3CC3)cc2)ncc1C(F)(F)F)C(C)(C)O,7.6777807052660805
CHEMBL5753051,CDK9,21.0,nM,COc1cc2ncn(Cc3cccc(F)c3)c2cc1-c1cc(NC(=O)[C@@H]2CCCNC2)ncc1Cl,7.6777807052660805
CHEMBL191336,CDK1,21.0,nM,OCCCNc1cc(-c2ncnc(Nc3cccc(Cl)c3)n2)ccn1,7.6777807052660805
CHEMBL3668491,CDK9,21.0,nM,COc1ccc(F)cc1-c1ccnc2[nH]c(C3=CCN(C(=O)CC#N)CC3)cc12,7.6777807052660805
CHEMBL3698652,CDK6,21.0,nM,COc1ccc(-n2c3cnccc3c3cnc(Nc4ccc(N5CCNCC5)cn4)nc32)cc1,7.6777807052660805
CHEMBL4579344,CDK4,21.0,nM,Cc1cc(C)c(CNc2nc(N[C@@H](C)[C@@H](C)O)nc3c2ncn3C(C)C)cn1,7.6777807052660805
CHEMBL2158855,CDK2,21.0,nM,NS(=O)(=O)c1cccc(Nc2nccc(-c3ccnc(N4CC5CCC(C4)O5)c3)n2)c1,7.6777807052660805
CHEMBL5181709,CDK1,21.0,nM,Cc1nc2ccc(-c3ccnc4[nH]c(C5CCN(CC(=O)N(C)C)CC5)cc34)cc2n1C(C)C,7.6777807052660805
CHEMBL3702074,CDK6,21.0,nM,FC(F)(F)C1CN(c2ccc(Nc3ncc4c5ccncc5n(C5CCCC5)c4n3)nc2)CCN1,7.6777807052660805
CHEMBL3691616,CDK4,21.0,nM,CN(C)C(=O)c1cc2cnc(Nc3ccc(C(=O)N4CC5CCC(C4)N5)cn3)nc2n1[C@H]1C[C@@H]2CC[C@H]1C2,7.6777807052660805
CHEMBL3663776,CDK9,21.0,nM,Clc1ccc(CNc2ccc(Cl)c(-c3ccnc4[nH]c(C5CCNCC5)cc34)n2)cc1,7.6777807052660805
CHEMBL3648093,CDK1,21.0,nM,CCOC(=O)N=S(C)(=O)c1ccc(Nc2ncc(Br)c(O[C@H](C)[C@H](C)O)n2)cc1,7.6777807052660805
CHEMBL3668482,CDK9,21.0,nM,Fc1cc(NCc2ccccc2)nc(-c2ccnc3[nH]c(C4CCCNC4)cc23)c1,7.6777807052660805
CHEMBL2012412,CDK1,21.0,nM,Cn1cc(Nc2ncc3cnn([C@@H]4C[C@H]5C[C@H]5C4)c3n2)cc1C(=O)N1CCC[C@H]1CN1CCOCC1,7.6777807052660805
CHEMBL3691592,CDK4,21.0,nM,Cc1nc(Nc2ncc3cc(C(=O)N(C)C)n(C4CCCC4)c3n2)ccc1C(=O)N1CC2CCC(C1)N2,7.6777807052660805
CHEMBL3698670,CDK6,21.0,nM,c1cnc2c(c1)c1cnc(Nc3ccc(N4CCNCC4)cn3)nc1n2C1CCCC1,7.6777807052660805
CHEMBL272217,CDK2,21.0,nM,NS(=O)(=O)c1ccc(N/N=C2\C(=O)Nc3cccc(OCCc4ccncc4)c32)cc1,7.6777807052660805
CHEMBL3702131,CDK4,21.2,nM,CN(C)C1CCN(S(=O)(=O)c2ccc(Nc3ncc4c5ccncc5n(C5CCCC5)c4n3)nc2)CC1,7.673664139071248
CHEMBL3691633,CDK4,21.5,nM,CN(C)C(=O)c1cc2cnc(Nc3ccc(N4C(=O)CN5CCC4CC5)cn3)nc2n1C1CCCCCC1,7.667561540084394
CHEMBL4213756,CDK2,21.5,nM,COCCN1CCc2nc(Nc3ncc(F)c(-c4cc(F)c5nc(C)n(C(C)C)c5c4)n3)ccc2C1,7.667561540084394
CHEMBL3668454,CDK9,22.0,nM,COc1ccc(F)cc1-c1ccnc2[nH]c(C3CCN(C(=O)CNCCO)CC3)cc12,7.657577319177793
CHEMBL3691571,CDK4,22.0,nM,CN(C)C(=O)c1cc2cnc(Nc3ccc(C(=O)N4CC5CCC(C4)N5CCO)cn3)nc2n1C1CCCC1,7.657577319177793
CHEMBL3642004,CDK6,22.0,nM,OC1CN(C2CCN(c3ccc(Nc4ncc5c6ccncc6n(C6CCCC6)c5n4)nn3)CC2)C1,7.657577319177793
CHEMBL3702237,CDK4,22.0,nM,CC[C@H](C)n1c2cnccc2c2cnc(Nc3ccc(N4CC[C@@H](O)C4)nn3)nc21,7.657577319177793
CHEMBL3698714,CDK4,22.0,nM,c1cc2c3cnc(Nc4cnc(N5CCOCC5)cn4)nc3n(C3CCCC3)c2cn1,7.657577319177793
CHEMBL3702219,CDK4,22.0,nM,CC[C@@H](C)n1c2cnccc2c2cnc(Nc3ccc(N4CC[C@@H](O)C4)nn3)nc21,7.657577319177793
CHEMBL3691577,CDK4,22.0,nM,CN(C)C(=O)c1cc2cnc(Nc3ccc(C(=O)N4CC5CCC(C4)C5N(C)C)cn3)nc2n1C1CCCC1,7.657577319177793
CHEMBL5912073,CDK6,22.0,nM,CC(C)N1CCOc2c(F)cc(-c3nc(Nc4ccc(N5CCC(CO)CC5)cn4)ncc3F)cc21,7.657577319177793
CHEMBL3967958,CDK9,22.0,nM,CNS(=O)(=O)CC(=O)N1CC=C(c2[nH]c3nccc4c3c2CN(C)c2ccc(F)cc2-4)CC1,7.657577319177793
CHEMBL3668453,CDK9,22.0,nM,COc1ccc(F)cc1-c1ccnc2[nH]c(C3CCN(C(=O)CNC4CCC(O)CC4)CC3)cc12,7.657577319177793
CHEMBL3648103,CDK1,22.0,nM,CCC(Sc1nc(Nc2ccc(S(C)(=N)=O)cc2)ncc1Br)C(C)O,7.657577319177793
CHEMBL2012411,CDK1,22.0,nM,COC[C@@H]1CCCN1C(=O)c1cc(Nc2ncc3cnn([C@@H]4C[C@H]5C[C@H]5C4)c3n2)cn1C,7.657577319177793
CHEMBL210390,CDK1,22.0,nM,Nc1cc2cc(-c3cncc(OC[C@@H](N)Cc4c[nH]c5ccccc45)c3)ccc2cn1,7.657577319177793
CHEMBL5886051,CDK9,22.0,nM,CS(=O)(=O)CC(=O)Nc1cc(-c2ccc3ncn(Cc4cccc(F)c4)c3c2)c(Cl)cn1,7.657577319177793
CHEMBL1207227,CDK2,22.0,nM,O=C1C(c2c(O)[nH]c3ccc(S(=O)(=O)O)cc23)=Nc2ccccc21,7.657577319177793
CHEMBL3928559,CDK9,22.0,nM,COc1ccc(F)cc1-c1ccnc2[nH]c(C3CCNCC3S(C)(=N)=O)cc12,7.657577319177793
CHEMBL4213847,CDK6,22.0,nM,CCC1CCc2nc3c(F)cc(-c4nc(Nc5ccc(CN6CCN(CC)CC6)cn5)ncc4F)cc3n21,7.657577319177793
CHEMBL6160428,CDK6,22.0,nM,CC(=O)N1CCC2(CC1)CC(=O)c1ccc(-c3nc(Nc4ccc(N5CCN(C)CC5)cn4)ncc3F)cc1O2,7.657577319177793
CHEMBL3702094,CDK6,22.0,nM,CC1CN(c2ccc(Nc3ncc4c5ccnc(F)c5n(C5CCCC5)c4n3)nc2)CC(C)N1,7.657577319177793
CHEMBL3702156,CDK4,22.0,nM,C1=CCN(c2ccc(Nc3ncc4c5ccncc5n(C5CCCC5)c4n3)nn2)CC1,7.657577319177793
CHEMBL3663803,CDK9,22.0,nM,COc1ccc(F)cc1-c1ccnc2[nH]c(C3CCN(C)C3)cc12,7.657577319177793
CHEMBL4793573,CDK9,22.0,nM,C=CC(=O)NC1CCC(C(=O)N2CCCC(Nc3ncc(SCc4ncc(C(C)(C)C)o4)s3)C2)CC1,7.657577319177793
CHEMBL5804309,CDK9,22.0,nM,O=C(Nc1cc(-c2ccc3nnn(Cc4ccc(F)cc4)c3c2)c(Cl)cn1)[C@@H]1CCCNC1,7.657577319177793
CHEMBL3702201,CDK6,22.0,nM,CN1CCN(c2ccc(Nc3ncc4c5ccccc5n(C5CCCC5)c4n3)nn2)CC1,7.657577319177793
CHEMBL3663744,CDK9,22.0,nM,COc1cc(F)ccc1-c1ccnc2[nH]c(C3CCCNC3)cc12,7.657577319177793
CHEMBL412097,CDK2,22.0,nM,C/C(Nc1ccc(S(N)(=O)=O)cc1)=C1/C(=O)Nc2ccc(Cl)cc21,7.657577319177793
CHEMBL3698687,CDK6,22.0,nM,COc1nccc2c3cnc(Nc4ccc(N5CCNCC5)cn4)nc3n(C3CCCC3)c12,7.657577319177793
CHEMBL3702200,CDK4,22.0,nM,CN(C)C1CCN(c2ccc(Nc3ncc4c5ccccc5n(C5CCCC5)c4n3)nn2)CC1,7.657577319177793
CHEMBL402370,CDK1,22.0,nM,O=C(Cc1ccc(Br)cc1)Nc1n[nH]c2ccc(N3CCCS3(=O)=O)cc12,7.657577319177793
CHEMBL254170,CDK2,22.0,nM,CS(=O)(=O)c1ccc(CC(=O)Nc2n[nH]c3ccc(N4CCCS4(=O)=O)cc23)cc1,7.657577319177793
CHEMBL3668393,CDK9,22.0,nM,COC(=O)CCCN[C@H]1CC[C@H](c2cc3c(-c4cc(F)ccc4OC)ccnc3[nH]2)CC1,7.657577319177793
CHEMBL372672,CDK1,22.0,nM,FC(F)(F)c1cnc(Nc2cccc(Cl)c2)nc1Nc1ccc2[nH]cnc2c1,7.657577319177793
CHEMBL5899619,CDK6,22.0,nM,CCN1CCN(C(=O)c2ccc(Nc3ncc(F)c(-c4cc(F)c5c(c4)N(C(C)C)CCO5)n3)cc2F)CC1,7.657577319177793
CHEMBL2035044,CDK2,22.0,nM,CN1C/C=C/CCOc2cc(ccn2)-c2ccnc(n2)Nc2cccc(c2)C1,7.657577319177793
CHEMBL4764023,CDK9,22.0,nM,CNc1cccc(-c2ccnc(Nc3ccc4c(c3)N(C(C)C)[C@H](C)C(=O)N4C)n2)c1,7.657577319177793
CHEMBL488436,CDK6,22.05,nM,Cc1ncc(-c2ccnc(Nc3ccc(S(C)(=O)=O)cc3)n2)n1C(C)C,7.656591406196142
CHEMBL5800538,CDK6,22.3,nM,Cc1nc2c(F)cc(-c3nc(Nc4ccc5c(n4)CCN(C(=O)O)C5)ncc3F)cc2n1C(C)C,7.651695136951839
CHEMBL5994315,CDK6,22.3,nM,Cc1nc2c(F)cc(-c3nc(Nc4ccc5c(n4)CCN(CC(=O)O)C5)ncc3F)cc2n1C(C)C,7.651695136951839
CHEMBL4742169,CDK9,22.4,nM,CC(C)N1c2cc(Nc3nccc(-c4cncc5ccccc45)n3)ccc2N(C)C(=O)[C@H]1C,7.649751981665837
CHEMBL4079206,CDK4,22.5,nM,CN1CC[C@H](c2c(O)cc(O)c3c(=O)cc(/C=C/c4c(Cl)cccc4Cl)oc23)[C@H](O)C1,7.647817481888637
CHEMBL4207796,CDK2,22.5,nM,Cc1nc2c(F)cc(-c3nc(Nc4ccc5c(n4)CCN(CCF)C5)ncc3F)cc2n1C(C)C,7.647817481888637
CHEMBL3691649,CDK4,22.5,nM,CN(C)C(=O)c1cc2cnc(Nc3ccc(N4CC5CCC(C4)N5)cn3)nc2n1C1CCCC1,7.647817481888637
CHEMBL5999796,CDK6,22.7,nM,Cc1nc2c(F)cc(-c3nc(Nc4ccc5c(n4)CCN(C(C)C)C5)ncc3F)cc2n1C1CC1,7.6439741428068775
CHEMBL2386747,CDK1,22.8,nM,COC(=N)c1nc2ccc3ncnc(Nc4ccc(Cl)cc4Cl)c3c2s1,7.642065152999546
CHEMBL5911327,CDK9,22.8,nM,Cc1nc2c(F)cc(-c3nc(Nc4ccc5c(n4)CCN(CCCN(C)C)C5)ncc3F)cc2n1C(C)(C)C,7.642065152999546
CHEMBL4753350,CDK2,22.9,nM,C=CC(=O)Nc1ccc(C(=O)N2CCCC(Nc3ncc(/C=C/c4ncc(C(C)(C)C)o4)s3)C2)cc1,7.6401645176601125
CHEMBL5858311,CDK2,22.9,nM,C=CC(=O)Nc1ccc(C(=O)N2CCC[C@@H](Nc3ncc(/C=C/c4ncc(C(C)(C)C)o4)s3)C2)cc1,7.6401645176601125
CHEMBL3668408,CDK9,23.0,nM,COc1ccc(F)cc1-c1ccnc2[nH]c(C3CCN(C(=O)CO)CC3)cc12,7.638272163982407
CHEMBL3668399,CDK9,23.0,nM,COc1ccc(F)cc1-c1ccnc2[nH]c(C3CCCN(CCCNC(=O)OCc4ccccc4)C3)cc12,7.638272163982407
CHEMBL3668460,CDK9,23.0,nM,CN1CCC(c2cc3c(-c4cc(NCc5ccncc5)ccc4F)ccnc3[nH]2)CC1,7.638272163982407
CHEMBL3237710,CDK4,23.0,nM,CN(C)C1CCN(c2ccc(Nc3ncc4c5ccncc5n([C@H]5CC[C@H](C)CC5)c4n3)nn2)CC1,7.638272163982407
CHEMBL3237719,CDK4,23.0,nM,C[C@H]1CC[C@H](n2c3cnccc3c3cnc(Nc4ccc5c(n4)CCN(C(=O)CO)C5)nc32)CC1,7.638272163982407
CHEMBL391437,CDK1,23.0,nM,c1ccc2c(-c3cnc4[nH]nc(-c5nc6ccccc6[nH]5)c4c3)cncc2c1,7.638272163982407
CHEMBL3668451,CDK9,23.0,nM,COc1ccc(F)cc1-c1ccnc2[nH]c(C3CCN(C(=O)CN4CCCCC4)CC3)cc12,7.638272163982407
CHEMBL3357951,CDK2,23.0,nM,C[C@@H](NC(=O)N1CCc2cnc(Nc3ccnn3C)nc2C1)c1ccc(Cl)c(Cl)c1,7.638272163982407
CHEMBL309767,CDK2,23.0,nM,NCCS(=O)(=O)c1cc(-c2ccc[nH]2)c2c3c(ccc(F)c13)NC2=O,7.638272163982407
CHEMBL3668475,CDK9,23.0,nM,Clc1cnc(NCc2ccccc2)cc1-c1ccnc2[nH]c(C3CCCNC3)cc12,7.638272163982407
CHEMBL3644022,CDK1,23.0,nM,C[C@@H](O)[C@@H](C)Oc1nc(Nc2ccc(S(=O)(=O)C3CCCC3)cc2)ncc1C(F)(F)F,7.638272163982407
CHEMBL4860767,CDK4,23.0,nM,C=CC(=O)N1CCN(c2ccc(Nc3ncc4c(C)c(C(C)=O)c(=O)n(C5CCCC5)c4n3)nc2)CC1,7.638272163982407
CHEMBL3668500,CDK9,23.0,nM,CNC(=O)N1CC=C(c2cc3c(-c4cc(F)c(F)cc4OC)ccnc3[nH]2)CC1,7.638272163982407
CHEMBL3641993,CDK4,23.0,nM,c1cc2c3cnc(Nc4ccc(N5CCC(N6CCCC6)CC5)nn4)nc3n(C3CCCC3)c2cn1,7.638272163982407
CHEMBL4783301,CDK9,23.0,nM,CC(C)N1c2cc(Nc3ncc(Cl)c(-c4cncc5ccccc45)n3)ccc2N(C)C(=O)[C@H]1C,7.638272163982407
CHEMBL4555799,CDK9,23.0,nM,Clc1cnc(N[C@H]2CCCNC2)nc1-c1c[nH]c2ccccc12,7.638272163982407
CHEMBL3663770,CDK9,23.0,nM,COc1cc(F)ccc1-c1ccnc2[nH]c(C3CCN(C)CC3)cc12,7.638272163982407
CHEMBL5768634,CDK9,23.0,nM,OCCNc1cc(-c2ccc3ncn(Cc4cccc(F)c4)c3c2)c(Cl)cn1,7.638272163982407
CHEMBL3668349,CDK9,23.0,nM,COc1ccc(F)cc1-c1ccnc2[nH]c(C3CCCC(N)C3)cc12,7.638272163982407
CHEMBL3702202,CDK6,23.0,nM,C[C@H]1CN(c2ccc(Nc3ncc4c5ccccc5n(C5CCCC5)c4n3)nn2)CCN1,7.638272163982407
CHEMBL2158858,CDK2,23.0,nM,CNC(=O)Nc1ccc(-c2cc(-c3ccnc(Nc4cccc(S(N)(=O)=O)c4)n3)ccn2)cc1,7.638272163982407
CHEMBL3663745,CDK9,23.0,nM,COc1ccc(F)cc1-c1ccnc2[nH]c([C@H]3CCCNC3)cc12,7.638272163982407
CHEMBL3663801,CDK9,23.0,nM,COc1ccc(F)cc1-c1ccnc2[nH]c([C@H]3CCNC3)cc12,7.638272163982407
CHEMBL5281464,CDK2,23.0,nM,Cc1c(C(=O)NCCc2ccc(N3CCOCC3)cc2)[nH]c2ccc(Cl)cc12,7.638272163982407
CHEMBL3668515,CDK9,23.0,nM,COc1ccc(F)cc1-c1ccnc2[nH]c(C3=CCN(S(C)(=O)=O)CC3)c(C#N)c12,7.638272163982407
CHEMBL5861687,CDK4,23.0,nM,CC(C)N1CCOc2c(F)cc(-c3nc(Nc4cnc(C5CCNCC5)cn4)ncc3F)cc21,7.638272163982407
CHEMBL5935736,CDK9,23.0,nM,O=C1CC[C@H](C(=O)Nc2cc(-c3ccc4ncn(Cc5cccc(F)c5)c4c3)c(Cl)cn2)N1,7.638272163982407
CHEMBL2402947,CDK1,23.0,nM,NC1CCC(Nc2nc(NCc3cc(Cl)ccc3O)c3ncn(C4CCCC4)c3n2)CC1,7.638272163982407
CHEMBL3702223,CDK6,23.0,nM,CC[C@@H](C)n1c2cnccc2c2cnc(Nc3ccc(N4CCNCC4)nn3)nc21,7.638272163982407
CHEMBL1800455,CDK1,23.0,nM,Nc1nc(-c2cc(N3C[C@H](O)[C@@H](O)C3)ccc2O)cc(C2CCCC2)n1,7.638272163982407
CHEMBL5566321,CDK4,23.0,nM,O=C(CCCCCCN1CCN(c2ccc(Nc3ncc(F)c(-c4cn(C5CCCC5)nn4)n3)cc2)CC1)NO,7.638272163982407
CHEMBL3986282,CDK6,23.0,nM,CC(=O)c1c(C)c2cnc(Nc3ccc(N4CCN(C(=O)CNCCN)CC4)cn3)nc2n(C2CCCC2)c1=O,7.638272163982407
CHEMBL3691593,CDK4,23.0,nM,Cc1cc(Nc2ncc3cc(C(=O)N(C)C)n(C4CCCC4)c3n2)ncc1C(O)N1CC2CCC(C1)N2,7.638272163982407
CHEMBL3668386,CDK9,23.0,nM,COc1ccc(F)cc1-c1ccnc2[nH]c(C3CCN(Cc4ccncc4)C3)cc12,7.638272163982407
CHEMBL3986015,CDK9,23.0,nM,O=C(CO)N1CC=C(c2cc3c(-c4cncc(NCc5ccccc5)n4)ccnc3[nH]2)CC1,7.638272163982407
CHEMBL5757075,CDK9,23.0,nM,O=C(Nc1cc(-c2cnc3ncn(Cc4cccc(F)c4)c3c2)c(Cl)cn1)C1CCCNC1,7.638272163982407
CHEMBL5903874,CDK4,23.0,nM,CC(C)N1CCOc2c(F)cc(-c3nc(Nc4ccc(C5CCN(C)CC5)c(C#N)n4)ncc3F)cc21,7.638272163982407
CHEMBL514913,CDK2,23.0,nM,CCn1c(-c2ccnc(Nc3ccc(S(C)(=O)=O)cc3)n2)cnc1C,7.638272163982407
CHEMBL6168381,CDK2,23.0,nM,Cc1cc(C)cc(NNC(=O)[C@H]2CCCN2C(=O)Nc2ccc(C(F)(F)F)cc2)c1,7.638272163982407
CHEMBL5399420,CDK2,23.03,nM,CN1CCN(Cc2ccc(NC(=O)c3n[nH]cc3Nc3ccncn3)cc2)CC1,7.637706062035769
CHEMBL4753717,CDK2,23.3,nM,CN(C)CC/C=C/C(=O)Nc1ccc(C(=O)N2CCCC(C(=O)Nc3ncc(SCc4ncc(C(C)(C)C)o4)s3)C2)cc1,7.632644078973981
CHEMBL103285,CDK2,23.4,nM,NS(=O)(=O)c1ccc(Nc2cc(-c3cccc(Br)c3)[nH]n2)cc1,7.6307841425898575
CHEMBL5512555,CDK9,23.53,nM,CC(=O)N1CCC(C(=O)Nc2ccc(CNc3nc(NC4CCOCC4)nc4c(C(C)C)cnn34)cc2)CC1,7.6283780728239785
CHEMBL5775091,CDK2,23.6,nM,Cc1nc2c(F)cc(-c3nc(Nc4ccc5c(n4)CCN(CCS(C)(=O)=NC#N)C5)ncc3F)cc2n1C(C)C,7.627087997029893
CHEMBL5834090,CDK9,23.6,nM,Cc1nc2c(F)cc(-c3nc(Nc4ccc5c(n4)CCN(CCN(C)CCO)C5)ncc3F)cc2n1C(C)(C)C,7.627087997029893
CHEMBL4205366,CDK6,23.6,nM,CCN1CCN(Cc2ccc(Nc3cc(-c4cc(F)c5nc(C)n(C(C)C)c5c4)ccn3)nn2)CC1,7.627087997029893
CHEMBL4761637,CDK9,23.7,nM,C=CC(=O)Nc1ccc(C(=O)Nc2cccc(C(=O)Nc3ncc(SCc4ncc(C(C)(C)C)o4)s3)c2)cc1,7.625251653989896
CHEMBL6013826,CDK2,23.8,nM,Cc1nc2c(F)cc(-c3nc(Nc4ccc5c(n4)CCN(CCN(C)C)[C@H]5C)ncc3F)cc2n1C(C)(C)C,7.623423042943488
CHEMBL4757918,CDK9,23.9,nM,CC(C)N1c2cc(Nc3ncc(F)c(-c4cncc5ccccc45)n3)ccc2N(C)C(=O)[C@H]1C,7.621602099051862
CHEMBL560818,CDK2,24.0,nM,Cn1nc(C(N)=O)c2c1-c1nc(Nc3ccccc3)ncc1CC2(C)C,7.619788758288394
CHEMBL3916153,CDK9,24.0,nM,CN1Cc2c(C3=CCN(CCS(N)(=O)=O)CC3)[nH]c3nccc(c23)-c2cc(F)ccc21,7.619788758288394
CHEMBL6011114,CDK6,24.0,nM,COC1CCN(c2ccc(Nc3ncc(F)c(-c4cc(F)c5c(c4)N(C(C)C)CCO5)n3)nc2)CC1,7.619788758288394
CHEMBL6003687,CDK9,24.0,nM,O=C(Nc1cc(-c2ccc3c(c2)N(Cc2cccc(F)c2)CC3)c(Cl)cn1)[C@@H]1CCCNC1,7.619788758288394
CHEMBL299756,CDK1,24.0,nM,N#Cc1ccc2[nH]c3c(c2c1)CC(=O)Nc1ccccc1-3,7.619788758288394
CHEMBL3702211,CDK6,24.0,nM,O[C@H]1CCN(c2ccc(Nc3ncc4c5ccnc(F)c5n(C5CCCC5)c4n3)nn2)C1,7.619788758288394
CHEMBL3663798,CDK9,24.0,nM,Clc1ccc(OCc2ccccc2)nc1-c1ccnc2[nH]c(C3CCNCC3)cc12,7.619788758288394
CHEMBL3668413,CDK9,24.0,nM,CN1CCC(c2cc3c(-c4cccc(NCc5ccccc5Cl)n4)ccnc3[nH]2)CC1,7.619788758288394
CHEMBL2012402,CDK1,24.0,nM,Cn1cc(Nc2ncc3cnn([C@@H]4C[C@H]5C[C@H]5C4)c3n2)cc1C(N)=O,7.619788758288394
CHEMBL3648124,CDK2,24.0,nM,CCS(=N)(=O)c1ccc(Nc2ncc(Br)c(N[C@@H](C)C(C)(C)O)n2)cc1,7.619788758288394
CHEMBL3668348,CDK9,24.0,nM,COc1ccc(F)cc1-c1ccnc2[nH]c(C3CCC(N)CC3)cc12,7.619788758288394
CHEMBL5856504,CDK9,24.0,nM,O=C(Nc1cc(-c2ccc3ccn(Cc4cccc(F)c4)c3n2)c(Cl)cn1)[C@@H]1CCCNC1,7.619788758288394
CHEMBL3644034,CDK4,24.0,nM,C[C@@H](Oc1nc(Nc2ccc(S(C)(=O)=O)cc2)ncc1C(F)(F)F)C(C)(C)O,7.619788758288394
CHEMBL1081628,CDK2,24.0,nM,N[C@H](CNc1nnc(-c2ccc3[nH]ncc3c2)s1)Cc1ccc(C(F)(F)F)cc1,7.619788758288394
CHEMBL3644021,CDK1,24.0,nM,C[C@@H](O)[C@@H](C)Oc1nc(Nc2ccc(S(=O)(=O)C(F)F)cc2)ncc1C(F)(F)F,7.619788758288394
CHEMBL424696,CDK1,24.0,nM,c1ccc(Nc2ncc(-c3ccnc(OC4CCCCC4)n3)s2)nc1,7.619788758288394
CHEMBL3698695,CDK6,24.0,nM,c1cc2c3cnc(Nc4ccc(N[C@H]5CCNC5)cn4)nc3n(C3CCCC3)c2cn1,7.619788758288394
CHEMBL3641985,CDK4,24.0,nM,c1cc2c3cnc(Nc4ccc(N5CCNCC5)nn4)nc3n([C@@H]3CCOC3)c2cn1,7.619788758288394
CHEMBL3673528,CDK9,24.0,nM,CC(=O)N1CCC(c2cc3c(-c4cncc(OCc5cccc(F)c5)n4)ccnc3[nH]2)CC1,7.619788758288394
CHEMBL5289560,CDK2,24.0,nM,CCc1c(C(=O)NCCc2ccc(N3CCOCC3)cc2)[nH]c2ccc(C(F)(F)F)cc12,7.619788758288394
CHEMBL255463,CDK2,24.0,nM,O=C(Cc1ccccc1Cl)Nc1n[nH]c2ccc(N3CCCS3(=O)=O)cc12,7.619788758288394
CHEMBL4095226,CDK9,24.0,nM,Nc1nccc(-c2c[nH]c3ncc(-c4ccc(F)cc4)cc23)n1,7.619788758288394
CHEMBL3698696,CDK6,24.0,nM,O=S1(=O)CCC(Nc2ccc(Nc3ncc4c5ccncc5n(C5CCCC5)c4n3)nc2)C1,7.619788758288394
CHEMBL3642027,CDK4,24.0,nM,COC(=O)CNC1CCN(c2ccc(Nc3ncc4c5ccncc5n(C5CCCC5)c4n3)nc2)CC1,7.619788758288394
CHEMBL3691590,CDK4,24.0,nM,CN(C)C(=O)c1cc2cnc(Nc3ccc(C(=O)N4CCN5CCC4CC5)cn3)nc2n1C1CCCC1,7.619788758288394
CHEMBL2012401,CDK1,24.0,nM,Cn1cc(Nc2ncc3cnn(C4CCC(C)(C)CC4)c3n2)cc1C(N)=O,7.619788758288394
CHEMBL3702160,CDK6,24.0,nM,CN(C)[C@H]1CN(c2ccc(Nc3ncc4c5ccncc5n(C5CCCC5)c4n3)nn2)CC[C@@H]1O,7.619788758288394
CHEMBL476518,CDK2,24.0,nM,Cc1ncc(-c2ccnc(Nc3ccc(N(C)C)cc3)n2)n1C(C)C,7.619788758288394
CHEMBL3698736,CDK6,24.3,nM,c1cc2c3cnc(Nc4ccc(N5CCOCC5)nn4)nc3n(C3CCCC3)c2cn1,7.614393726401688
CHEMBL319685,CDK2,24.5,nM,COc1cccc(-c2cc(Nc3ccc(S(N)(=O)=O)cc3)[nH]n2)c1,7.610833915635467
CHEMBL4643057,CDK9,24.6,nM,C=CC(=O)Nc1cccc(C(=O)Nc2ncc(SCc3ncc(C(C)(C)C)o3)s2)c1,7.609064892896621
CHEMBL5895271,CDK2,24.6,nM,C=CC(=O)Nc1ccc(OC(=O)N2CCCC(Nc3ncc(SCc4ncc(C(C)(C)C)o4)s3)C2)cc1,7.609064892896621
CHEMBL5537062,CDK9,24.65,nM,CC[C@@H](CO)Nc1nc(NCc2ccc(NC(=O)C3CCN(C(C)=O)CC3)cc2)n2ncc(C(C)C)c2n1,7.6081830763867515
CHEMBL5765852,CDK2,24.7,nM,CCN1CCC(COc2ccc(Nc3cc(-c4cc(F)c5nc6n(c5c4)C(C)(C)CC6)c(F)cn3)nc2)CC1,7.607303046740334
CHEMBL5978749,CDK4,25.0,nM,CC(C)CN1CCOc2c(F)cc(-c3nc(Nc4ccc5c(n4)CCNC5)ncc3F)cc21,7.6020599913279625
CHEMBL5277470,CDK4,25.0,nM,CC(=O)c1c(C)c2cnc(Nc3ccc(N4CCN(C(=O)/C(C#N)=C/c5ccccc5)CC4)cn3)nc2n(C2CCCC2)c1=O,7.6020599913279625
CHEMBL3668462,CDK9,25.0,nM,CN1CCC(c2cc3c(-c4cc(NCc5ccc(C(N)=O)cc5)ccc4F)ccnc3[nH]2)CC1,7.6020599913279625
CHEMBL556392,CDK1,25.0,nM,C[C@@H]1CNc2c(sc3ccc4nc(Cl)ccc4c23)C(=O)N1,7.6020599913279625
CHEMBL3663793,CDK9,25.0,nM,Clc1ccc(NCc2ccccc2)cc1-c1ccnc2[nH]c(C3CCNCC3)cc12,7.6020599913279625
CHEMBL5198038,CDK9,25.0,nM,CC(C)n1cc(-c2ccnc3[nH]c(C4CCN(CC(=O)N(C)C)CC4)cc23)ccc1=O,7.6020599913279625
CHEMBL3648078,CDK2,25.0,nM,C[C@@H](Nc1nc(Nc2ccc(S(=N)(=O)C3CCCC3)cc2)ncc1Br)C(C)(C)O,7.6020599913279625
CHEMBL3644028,CDK2,25.0,nM,C#CCOc1nc(Nc2ccc(S(C)(=O)=O)cc2)ncc1C(F)(F)F,7.6020599913279625
CHEMBL3954429,CDK4,25.0,nM,CCN1CCN(c2ccc(Nc3ncc4c(C)c(C(C)=O)c(=O)n(C5CCCC5)c4n3)nc2)CC1,7.6020599913279625
CHEMBL496360,CDK4,25.0,nM,CCc1nn2ncccc2c1-c1ccnc(Nc2ccc(N3CCN(C)CC3)cc2)n1,7.6020599913279625
CHEMBL3698679,CDK6,25.0,nM,OCC1(n2c3cnccc3c3cnc(Nc4ccc(N5CCNCC5)cn4)nc32)CCCC1,7.6020599913279625
CHEMBL2426395,CDK2,25.0,nM,COc1ccc(NC(=S)NC(=O)c2cn(-c3ccccc3)nc2-c2ccc(OC)cc2)cc1,7.6020599913279625
CHEMBL5846502,CDK9,25.0,nM,O=C(Nc1cc(-c2cc3c(cc2F)ncn3Cc2cccc(F)c2)c(Cl)cn1)[C@@H]1CCCNC1,7.6020599913279625
CHEMBL510578,CDK2,25.0,nM,O=C(NCC1CC1)c1n[nH]cc1NC(=O)c1c(F)cccc1F,7.6020599913279625
CHEMBL3923769,CDK9,25.0,nM,CN1Cc2c(C3=CCN(S(C)(=O)=O)CC3)[nH]c3nccc(c23)-c2cc(F)ccc21,7.6020599913279625
CHEMBL3668445,CDK9,25.0,nM,CN1CCC(c2cc3c(-c4nc(NCC5CCS(=O)(=O)CC5)ccc4Cl)ccnc3[nH]2)CC1,7.6020599913279625
CHEMBL553397,CDK1,25.0,nM,COc1ccc2sc3c(c2c1)NC[C@@H](CO)NC3=O,7.6020599913279625
CHEMBL3905910,CDK1,25.0,nM,CN1CC[C@@H](c2c(O)cc(O)c3c(=O)cc(-c4ccc(C(F)(F)F)cc4Cl)oc23)[C@@H]1CO,7.6020599913279625
CHEMBL3823659,CDK2,25.0,nM,CC(=O)N1CCC(n2cc(Nc3ncc(Cl)c(-c4cnc5ccccn45)n3)cn2)CC1,7.6020599913279625
CHEMBL485431,CDK2,25.0,nM,Cc1ncc(-c2ccnc(Nc3ccc(S(=O)(=O)NCCN(C)C)cc3)n2)n1C,7.6020599913279625
CHEMBL3691597,CDK4,25.0,nM,CN(C)C(=O)c1cc2cnc(Nc3ccc(C(=O)N4CC5CCC(C4)N5)cn3)nc2n1C1CCC1,7.6020599913279625
CHEMBL6052173,CDK6,25.0,nM,CC(C)CN1CCOc2c(F)cc(-c3nc(Nc4ccc(C5CCN(C)CC5)c(F)c4)ncc3F)cc21,7.6020599913279625
CHEMBL5821542,CDK9,25.0,nM,Fc1cccc(Cn2ccc3ncc(-c4cc(NC5CC6(CCNC6)C5)ncc4Cl)cc32)c1,7.6020599913279625
CHEMBL4754081,CDK9,25.0,nM,CC(=O)N[C@@H]1CCC[C@H](C(=O)Nc2cc(-c3cnn4c3CC(C)(C)C4)c(F)cn2)C1,7.6020599913279625
CHEMBL3702064,CDK6,25.0,nM,CCC(C)(C)n1c2cnccc2c2cnc(Nc3ccc(N4CCNCC4)cn3)nc21,7.6020599913279625
CHEMBL3648108,CDK1,25.0,nM,C[C@H](Nc1nc(Nc2ccc(S(=N)(=O)CCO)cc2)ncc1Br)C(C)(C)O,7.6020599913279625
CHEMBL272026,CDK2,25.0,nM,NS(=O)(=O)c1ccc(N/N=C2\C(=O)Nc3ccc(C(=O)NCCCn4ccnc4)cc32)cc1,7.6020599913279625
CHEMBL3891660,CDK9,25.0,nM,CN1Cc2c(C3=CCN(CCS(=O)(=O)N(C)C)CC3)[nH]c3nccc(c23)-c2cc(F)ccc21,7.6020599913279625
CHEMBL4216447,CDK4,25.0,nM,Cc1nc(Nc2ncc(F)c(-c3cc(F)c4nc5n(c4c3)C(C)(C)CC5)n2)ccc1CN1CCN(C)CC1,7.6020599913279625
CHEMBL359794,CDK4,25.0,nM,N#Cc1ccc(Nc2nccc(-c3cnn4ncccc34)n2)cc1,7.6020599913279625
CHEMBL3668351,CDK9,25.0,nM,Clc1cnc2[nH]c(C3CCNCC3)cc2c1-c1cccc(NCc2ccccc2)n1,7.6020599913279625
CHEMBL3668483,CDK9,25.0,nM,Clc1cnc2[nH]c(C3CCCNC3)cc2c1-c1ccnc(NCc2ccccc2)c1,7.6020599913279625
CHEMBL1761791,CDK2,25.0,nM,Nc1nc(Nc2cccnc2)sc1C(=O)c1ccccc1F,7.6020599913279625
CHEMBL3663800,CDK9,25.0,nM,COc1cc(F)ccc1-c1ccnc2[nH]c(C3CCNC3)cc12,7.6020599913279625
CHEMBL5201965,CDK2,25.0,nM,NCCCNCCCCNC(=O)c1ccc(CNc2nc(N[C@H]3CC[C@H](N)CC3)nc3c2ncn3C2CCCC2)cc1,7.6020599913279625
CHEMBL5956369,CDK6,25.0,nM,Cc1nc2c(F)cc(-c3nc(Nc4ccc5c(n4)CCNC5)ncc3F)cc2n1C1CCCC1,7.6020599913279625
CHEMBL3663804,CDK9,25.0,nM,Clc1ccc(NCc2ccccc2)nc1-c1ccnc2[nH]c(C3CCNC3)cc12,7.6020599913279625
CHEMBL5753552,CDK9,25.0,nM,O=C(Nc1cc(-c2ccc3ncn(CCCc4cccc(F)c4)c3c2)c(Cl)cn1)[C@@H]1CCCNC1,7.6020599913279625
CHEMBL3984385,CDK9,25.0,nM,COc1cc(F)ccc1-c1nc(Nc2cc(CS(C)(=O)=NC#N)cc(C(F)(F)C(F)(F)F)c2)ncc1F,7.6020599913279625
CHEMBL5879867,CDK9,25.0,nM,CC(=O)N[C@@H]1CCC[C@@H](C(=O)Nc2cc(-c3cnn4c3CC(C)(C)C4)c(F)cn2)C1,7.6020599913279625
CHEMBL3663781,CDK9,25.0,nM,Clc1ccc(NCc2ccncc2)nc1-c1ccnc2[nH]c(C3CCNCC3)cc12,7.6020599913279625
CHEMBL191893,CDK1,25.0,nM,CC(C)Oc1nc(Nc2ccc3[nH]cnc3c2)ncc1C(F)(F)F,7.6020599913279625
CHEMBL4850143,CDK9,25.0,nM,CCOC(=O)NS(=O)(=O)N1CC=C(c2cc3c(-c4cc(F)ccc4OC)ccnc3[nH]2)CC1,7.6020599913279625
CHEMBL4439999,CDK2,25.1,nM,Cc1nc2c(F)cc(-c3nc(Nc4ccc5c(n4)CCN(CCN(C)CC[Si](C)(C)C)C5)ncc3F)cc2n1C(C)C,7.600326278518962
CHEMBL5505838,CDK9,25.47,nM,CC(=O)Nc1ccc(CNc2nc(N3CCC[C@@H]3CO)nc3c(C(C)C)cnn23)cc1,7.593971055036385
CHEMBL5596717,CDK9,25.5,nM,N#CC1(CNc2cccc(-c3cc(Nc4cnn(CCCCCC(=O)Nc5ccccc5N)c4)ncc3Cl)n2)CCOCC1,7.5934598195660445
CHEMBL5836560,CDK6,25.7,nM,Cc1nc2c(F)cc(-c3nc(Nc4ccc5c(n4)CC[N+]([O-])(CC[N+](C)(C)[O-])C5)ncc3F)cc2n1C1CC1,7.590066876668706
CHEMBL5976713,CDK6,25.7,nM,Cc1nc2c(F)cc(-c3nc(Nc4ccc5c(n4)CCN(CC[N+](C)(C)[O-])C5)ncc3F)cc2n1C1CC1,7.590066876668706
CHEMBL5962267,CDK6,26.0,nM,CC(C)N1CCOc2c(F)cc(-c3nc(Nc4cc(C5CCN(C)CC5)n[nH]4)ncc3F)cc21,7.585026652029182
CHEMBL5910995,CDK9,26.0,nM,O=C(CC1CCNCC1)Nc1cc(-c2ccc3ncn(Cc4cccc(F)c4)c3c2)c(Cl)cn1,7.585026652029182
CHEMBL3702086,CDK6,26.0,nM,O[C@H]1CCN(Cc2csc(Nc3ncc4c5ccnc(F)c5n(C5CCCC5)c4n3)n2)C1,7.585026652029182
CHEMBL3642003,CDK6,26.0,nM,c1cc2c3cnc(Nc4ccc(N5CCC(N6CCOCC6)CC5)nn4)nc3n(C3CCCC3)c2cn1,7.585026652029182
CHEMBL6168902,CDK6,26.0,nM,CCC(=O)N1CCC2(CC1)CC(=O)c1ccc(-c3nc(Nc4ccc(N5CCN(C)CC5)cn4)ncc3F)cc1O2,7.585026652029182
CHEMBL3691578,CDK4,26.0,nM,CC(CO)N1C2CCC1CN(C(=O)c1ccc(Nc3ncc4cc(C(=O)N(C)C)n(C5CCCC5)c4n3)nc1)C2,7.585026652029182
CHEMBL212049,CDK9,26.0,nM,Cc1cnc(OC2CCCCC2)nc1-c1cnc(Nc2ccccn2)s1,7.585026652029182
CHEMBL1964256,CDK2,26.0,nM,CNS(=O)(=O)Cc1ccc(N/C=C2\C(=O)Nc3ccc4ncsc4c32)cc1,7.585026652029182
CHEMBL3668471,CDK9,26.0,nM,COc1cc(F)c(F)cc1-c1ccnc2[nH]c(C3CCCNC3)cc12,7.585026652029182
CHEMBL4579344,CDK9,26.0,nM,Cc1cc(C)c(CNc2nc(N[C@@H](C)[C@@H](C)O)nc3c2ncn3C(C)C)cn1,7.585026652029182
CHEMBL522718,CDK4,26.0,nM,CN1CCN(c2ccc(Nc3nccc(-c4cnn5nc(-c6ccc(F)cc6)ccc45)n3)cc2)CC1,7.585026652029182
CHEMBL186163,CDK2,26.0,nM,Nc1nc2ccc(C(=O)c3c(F)cccc3F)cn2c1C(=S)c1c(F)cccc1F,7.585026652029182
CHEMBL559487,CDK1,26.0,nM,C[C@@H]1CNc2c(sc3ccc(O)cc23)C(=O)N1,7.585026652029182
CHEMBL3702105,CDK4,26.0,nM,c1cc2c3cnc(Nc4ccc(N5CCC(N6CCCC6)CC5)cn4)nc3n(C3CCCC3)c2nn1,7.585026652029182
CHEMBL3642031,CDK6,26.0,nM,COC(=O)CNC1CCN(c2ccc(Nc3ncc4c5ccncc5n(C5CCCC5)c4n3)nn2)CC1,7.585026652029182
CHEMBL3702136,CDK6,26.0,nM,FC(F)(F)c1cccc(-n2c3cnccc3c3cnc(Nc4ccc(N5CCNCC5)cn4)cc32)c1,7.585026652029182
CHEMBL3957008,CDK9,26.0,nM,CN1CCc2c(C3=CCNCC3)[nH]c3nccc(c23)-c2cc(F)ccc21,7.585026652029182
CHEMBL3702194,CDK6,26.0,nM,C[C@H](O)CNc1ccc(Nc2ncc3c4ccncc4n(C4CCCC4)c3n2)nn1,7.585026652029182
CHEMBL3654258,CDK4,26.0,nM,CN(C)C(=O)c1cc2cnc(Nc3ccc(N4CCN(CCO)CC4)cn3)nc2n1C1CCCC1,7.585026652029182
CHEMBL5195030,CDK4,26.0,nM,CC[C@@H](Nc1nc(NCc2cnc(C)cc2C)c2ncn(C(C)C)c2n1)[C@H](C)O,7.585026652029182
CHEMBL5195030,CDK9,26.0,nM,CC[C@@H](Nc1nc(NCc2cnc(C)cc2C)c2ncn(C(C)C)c2n1)[C@H](C)O,7.585026652029182
CHEMBL380500,CDK9,26.0,nM,Nc1nccc(-c2c3c(O)ccnc3n3c(N)nccc23)n1,7.585026652029182
CHEMBL4764173,CDK9,26.0,nM,CC[C@H](Nc1nc(NCc2ccccc2)c2ncn(C(C)C)c2n1)[C@@H](C)O,7.585026652029182
CHEMBL4740353,CDK9,26.0,nM,Nc1nccc(-c2c3cccnc3n3c(N)nccc23)n1,7.585026652029182
CHEMBL5947385,CDK1,26.2,nM,C=CC(=O)N1CCc2nc(Nc3ncc(F)c(-c4cc(F)c5nc(C)n(C(C)C)c5c4)n3)ccc2C1,7.581698708680254
CHEMBL3702097,CDK4,26.2,nM,COC(=O)N1CCN(c2ccc(Nc3ncc4c5ccnc(F)c5n(C5CCCC5)c4n3)nc2)CC1,7.581698708680254
CHEMBL6038282,CDK9,26.6,nM,Cc1nc2c(F)cc(-c3nc(Nc4ccc5c(n4)CCN(C(=O)[C@@H]4CCCN4)C5)ncc3F)cc2n1C1CC1,7.575118363368933
CHEMBL3698728,CDK6,26.6,nM,c1cc2c3cnc(Nc4ccc(NCC5CCNC5)nn4)nc3n(C3CCCC3)c2cn1,7.575118363368933
CHEMBL3702045,CDK6,27.0,nM,CCN1CCN(c2ccc(Nc3ncc4c5ccncc5n(C5CCCC5)c4n3)nn2)CC1,7.568636235841012
CHEMBL5205172,CDK2,27.0,nM,NCCCCNC(=O)c1ccc(CNc2nc(N[C@H]3CC[C@H](N)CC3)nc3c2ncn3C2CCCC2)cc1,7.568636235841012
CHEMBL5740082,CDK9,27.0,nM,O=C1CC(C(=O)Nc2cc(-c3ccc4ncn(Cc5cccc(F)c5)c4c3)c(Cl)cn2)C1,7.568636235841012
CHEMBL3691682,CDK4,27.0,nM,CN(C)C(=O)c1cc2cnc(Nc3ccc(N4CCN5CCC[C@@H]5C4=O)cn3)nc2n1C1CCCC1,7.568636235841012
CHEMBL3691594,CDK4,27.0,nM,CN(C)C(=O)c1cc2cnc(Nc3ccc(C(=O)N4CC5CCCC(C4)N5)cn3)nc2n1C1CCCC1,7.568636235841012
CHEMBL4212542,CDK4,27.0,nM,CCN1CCN(Cc2ccc(Nc3ncc(F)c(-c4cc(F)c5nc6n(c5c4)C(C)CC6)n3)nc2)CC1,7.568636235841012
CHEMBL3702218,CDK6,27.0,nM,CC[C@@H](C)n1c2cnccc2c2cnc(Nc3ccc(N4CCC(NC)CC4)nn3)nc21,7.568636235841012
CHEMBL5751847,CDK2,27.0,nM,Cc1nc2c(F)cc(-c3nc(Nc4ccc5c(n4)CCN(CC(N)=NO)C5)ncc3F)cc2n1C(C)(C)C,7.568636235841012
CHEMBL3702247,CDK4,27.0,nM,CN(C)C1CCN(c2ccc(Nc3ncc4c5ccncc5n(C5CCC5)c4n3)nn2)CC1,7.568636235841012
CHEMBL3702247,CDK6,27.0,nM,CN(C)C1CCN(c2ccc(Nc3ncc4c5ccncc5n(C5CCC5)c4n3)nn2)CC1,7.568636235841012
CHEMBL3668474,CDK9,27.0,nM,Fc1ccc(CNc2ccc(Cl)c(-c3ccnc4[nH]c(C5CCCNC5)cc34)n2)cc1,7.568636235841012
CHEMBL3237447,CDK4,27.0,nM,N#Cc1nccc2c3cnc(Nc4ccc(N5CCNCC5)cn4)nc3n(C3CCCC3)c12,7.568636235841012
CHEMBL5817923,CDK6,27.0,nM,Fc1cnc(Nc2ccc(N3CCCNCC3)cn2)nc1-c1cc(F)c2c(c1)N(C1CCCC1)CCO2,7.568636235841012
CHEMBL3960058,CDK9,27.0,nM,CN1Cc2c(C3=CCNCC3)[nH]c3ncc(F)c(c23)-c2cc(F)ccc21,7.568636235841012
CHEMBL491447,CDK2,27.0,nM,Cn1cc(C2=C(c3coc4cc(CO)ccc34)C(=O)NC2=O)c2cccc(CO)c21,7.568636235841012
CHEMBL3648084,CDK1,27.0,nM,CCOC(=O)N=S(C)(=O)c1ccc(Nc2ncc(Br)c(N[C@H](C)C(C)(C)O)n2)cc1,7.568636235841012
CHEMBL6064282,CDK9,27.0,nM,O=C(Nc1cc(-c2ccc3ncn(Cc4cccs4)c3c2)c(Cl)cn1)[C@@H]1CCCNC1,7.568636235841012
CHEMBL3663768,CDK9,27.0,nM,COc1ccccc1-c1ccnc2[nH]c(C3CCNCC3)cc12,7.568636235841012
CHEMBL3668510,CDK9,27.0,nM,COc1ccc(F)cc1-c1ccnc2[nH]c(C3=CCN(C(=O)NC#N)CC3)cc12,7.568636235841012
CHEMBL5945627,CDK1,27.0,nM,CN1CCN(C(=O)c2ccc(Nc3ncc4cc5n(c4n3)C3(CCCCC3)C(=O)NC5O)cc2)CC1,7.568636235841012
CHEMBL3702204,CDK6,27.0,nM,O[C@@H]1CCN(c2ccc(Nc3ncc4c5ccccc5n(C5CCCC5)c4n3)nc2)C1,7.568636235841012
CHEMBL3691617,CDK4,27.0,nM,CN(C)C(=O)c1cc2cnc(Nc3ccc(N4CC5CC5(N)C4)cn3)nc2n1C1CCCC1,7.568636235841012
CHEMBL3702174,CDK4,27.0,nM,NC1[C@H]2CN(c3ccc(Nc4ncc5c6ccncc6n(C6CCCC6)c5n4)nn3)C[C@@H]12,7.568636235841012
CHEMBL3648119,CDK1,27.0,nM,COC[C@H](Nc1nc(Nc2ccc(S(C)(=N)=O)cc2)ncc1Br)[C@H](C)O,7.568636235841012
CHEMBL6049510,CDK6,27.0,nM,CC(C)N1CCOc2c(F)cc(-c3nc(Nc4ccc(C5CCN(C(=O)CN(C)C)CC5)c(F)c4)ncc3F)cc21,7.568636235841012
CHEMBL6041395,CDK9,27.0,nM,O=C(Nc1cc(-c2ccc3ncn(Cc4cccc(F)c4)c3c2)c(Cl)cn1)[C@@H]1CCCNC1,7.568636235841012
CHEMBL6148199,CDK6,27.0,nM,CC(=O)N1CCC2(CC1)CC(=O)c1ccc(-c3nc(Nc4ccc(N5CCOCC5)cn4)ncc3F)cc1O2,7.568636235841012
CHEMBL3648105,CDK2,27.0,nM,CCC(Sc1nc(Nc2ccc(S(C)(=N)=O)cc2)ncc1Br)C(C)(C)O,7.568636235841012
CHEMBL3702155,CDK6,27.0,nM,C[C@@H]1CN(c2ccc(Nc3ncc4c5ccnc(F)c5n(C5CCCC5)c4n3)nn2)CCN1,7.568636235841012
CHEMBL3673522,CDK9,27.0,nM,O=C(CO)N1CCC(c2cc3c(-c4cncc(OCc5cccc(F)c5)n4)ccnc3[nH]2)CC1,7.568636235841012
CHEMBL5953254,CDK2,27.6,nM,Cc1nc2c(F)cc(-c3nc(Nc4ccc5c(n4)CCN(CCN(C)CCP(=O)(O)O)C5)ncc3F)cc2n1C(C)(C)C,7.559090917934782
CHEMBL4212542,CDK6,28.0,nM,CCN1CCN(Cc2ccc(Nc3ncc(F)c(-c4cc(F)c5nc6n(c5c4)C(C)CC6)n3)nc2)CC1,7.552841968657781
CHEMBL3668395,CDK9,28.0,nM,COc1ccc(F)cc1-c1ccnc2[nH]c([C@H]3CC[C@H](NCC(O)CO)CC3)cc12,7.552841968657781
CHEMBL524266,CDK9,28.0,nM,Nc1nccc(-c2cc3c([nH]2)[C@@H](CCF)CNC3=O)n1,7.552841968657781
CHEMBL272668,CDK2,28.0,nM,NS(=O)(=O)c1ccc(N/C=C2\C(=O)Nc3ccc(C(=O)O)cc32)cc1,7.552841968657781
CHEMBL3668496,CDK9,28.0,nM,COc1ccc(F)cc1-c1ccnc2[nH]c(C3=CCN(CC(N)=O)CC3)cc12,7.552841968657781
CHEMBL5956855,CDK6,28.0,nM,CC(C)N1CCOc2c(F)cc(-c3nc(Nc4ccc(N5CCC(CN)CC5)cn4)ncc3F)cc21,7.552841968657781
CHEMBL4542247,CDK9,28.0,nM,Cc1nc2c(F)cc(-c3nc(Nc4ccc5c(n4)CCN(CCN(C)C)C5)ncc3F)cc2n1C1(C)CC1,7.552841968657781
CHEMBL6020892,CDK9,28.0,nM,O=C(Nc1cc(-c2cnn3c2CCCC3)c(Cl)cn1)[C@H]1CCC[C@@H](NC(=O)[C@H]2CCOC2)C1,7.552841968657781
CHEMBL3668516,CDK9,28.0,nM,CNC(=O)N1CC=C(c2[nH]c3nccc(-c4cc(F)ccc4OC)c3c2C#N)CC1,7.552841968657781
CHEMBL3702243,CDK6,28.0,nM,CC1(C)CN(c2ccc(Nc3ncc4c5ccncc5n(C5CCC5)c4n3)nc2)CCN1,7.552841968657781
CHEMBL2029908,CDK1,28.0,nM,CN1CCN(C(=O)c2cc(Nc3ncc4cc(-c5cnco5)n(C5CCCC5)c4n3)cn2C)CC1,7.552841968657781
CHEMBL6049510,CDK4,28.0,nM,CC(C)N1CCOc2c(F)cc(-c3nc(Nc4ccc(C5CCN(C(=O)CN(C)C)CC5)c(F)c4)ncc3F)cc21,7.552841968657781
CHEMBL3972685,CDK6,28.0,nM,CC(=O)OCOC(=O)N1CCN(c2ccc(Nc3ncc4c(C)c(C(C)=O)c(=O)n(C5CCCC5)c4n3)nc2)CC1,7.552841968657781
CHEMBL368215,CDK1,28.0,nM,CCn1cnc2c(Nc3cccc(C(F)(F)F)c3)nc(N[C@H]3CC[C@H](O)CC3)nc21,7.552841968657781
CHEMBL5902314,CDK6,28.0,nM,CC(C)N1CCOc2c(F)cc(-c3nc(Nc4ccc5c(c4)C(=O)NCC5)ncc3F)cc21,7.552841968657781
CHEMBL3648087,CDK2,28.0,nM,CCOC(=O)N=S(C)(=O)c1ccc(Nc2ncc(Br)c(N[C@@H](COC)[C@H](C)O)n2)cc1,7.552841968657781
CHEMBL3673514,CDK9,28.0,nM,OCC(O)CN1CCC(c2cc3c(-c4cncc(NCc5ccccc5)n4)ccnc3[nH]2)CC1,7.552841968657781
CHEMBL257831,CDK1,28.0,nM,CN(C)c1ccc(CC(=O)Nc2n[nH]c3ccc(N4CCCS4(=O)=O)cc23)cc1,7.552841968657781
CHEMBL3642028,CDK6,28.0,nM,CCN(CCO)C1CCN(c2ccc(Nc3ncc4c5ccncc5n(C5CCCC5)c4n3)nc2)CC1,7.552841968657781
CHEMBL495558,CDK2,28.0,nM,CC(C)(C)c1cnc(CSc2cnc(NC3CCCC(O)C3)s2)o1,7.552841968657781
CHEMBL3955479,CDK9,28.0,nM,CN1Cc2c(C3=C[C@H](CO)NCC3)[nH]c3nccc(c23)-c2cc(F)ccc21,7.552841968657781
CHEMBL5815755,CDK9,28.0,nM,CCN1CCC(CCNc2cc(-c3ccc4ncn(Cc5cccc(F)c5)c4c3)c(Cl)cn2)CC1,7.552841968657781
CHEMBL255718,CDK1,28.0,nM,O=C(Cc1ccc(O)cc1)Nc1n[nH]c2ccc(N3CCCS3(=O)=O)cc12,7.552841968657781
CHEMBL3904602,CDK9,28.0,nM,CC(C)N1CCN(c2ccc(Nc3ncc4cc5n(c4n3)C3(CCCCC3)CNC5=O)nc2)CC1,7.552841968657781
CHEMBL79356,CDK2,28.0,nM,NCC[S+]([O-])c1cc(-c2ccc[nH]2)c2c3c(ccc(F)c13)NC2=O,7.552841968657781
CHEMBL3668433,CDK9,28.0,nM,CN1CCC(c2cc3c(-c4nc(NCc5ccc(C(N)=O)cc5)ccc4Cl)ccnc3[nH]2)CC1,7.552841968657781
CHEMBL172140,CDK1,28.0,nM,CCn1cnc2c(Nc3cccc(C#N)c3)nc(N[C@H]3CC[C@H](O)CC3)nc21,7.552841968657781
CHEMBL5527848,CDK9,28.01,nM,CC(C)c1cnn2c(NCc3ccc(NC(=O)C4(F)CC4)cc3)nc(NC3CCOCC3)nc12,7.552686891176432
CHEMBL5894670,CDK2,28.2,nM,Cc1nc2c(F)cc(-c3nc(Nc4ccc5c(n4)CCN(C(=O)NCCO)C5)ncc3F)cc2n1C(C)C,7.549750891680639
CHEMBL5856237,CDK2,28.3,nM,Cc1nc2c(F)cc(-c3nc(Nc4ccc5c(n4)CCN(C(=O)[C@@H](C)N(C)C)C5)ncc3F)cc2n1C(C)C,7.548213564475709
CHEMBL5994564,CDK2,28.5,nM,Cc1nc2c(F)cc(-c3nc(Nc4ccc5c(n4)CCN(C[C@@H]4CCCN4C)C5)ncc3F)cc2n1C1CC1,7.54515513999149
CHEMBL5911327,CDK2,28.5,nM,Cc1nc2c(F)cc(-c3nc(Nc4ccc5c(n4)CCN(CCCN(C)C)C5)ncc3F)cc2n1C(C)(C)C,7.54515513999149
CHEMBL6060984,CDK2,28.7,nM,COCC(=O)N1CCc2nc(Nc3ncc(F)c(-c4cc(F)c5nc(C)n(C(C)C)c5c4)n3)ccc2C1,7.542118103266008
CHEMBL5555640,CDK9,28.9,nM,CCC(=O)Nc1ccc(CNc2nc(NC3CCN(C)CC3)nc3c(C(C)C)cnn23)cc1,7.539102157243452
CHEMBL114917,CDK2,29.0,nM,COc1cccc(CC(=O)Nc2cc(C3CC3)[nH]n2)c1,7.537602002101044
CHEMBL2426395,CDK6,29.0,nM,COc1ccc(NC(=S)NC(=O)c2cn(-c3ccccc3)nc2-c2ccc(OC)cc2)cc1,7.537602002101044
CHEMBL385415,CDK4,29.0,nM,Oc1nc2cccc3c2nc1-c1cccc2c(O)n(nc12)CCN1CC[C@@H](C1)O3,7.537602002101044
CHEMBL5988596,CDK2,29.0,nM,Cc1nc2c(F)cc(-c3nc(Nc4ccc5c(n4)CCN(CC(C)(C)N(C)C)C5)ncc3F)cc2n1C(C)(C)C,7.537602002101044
CHEMBL5978110,CDK9,29.0,nM,Cc1cnc(NC(=O)[C@H]2CCC[C@@H](NC(=O)CO)C2)cc1-c1cnn2c1CC(C)(C)C2,7.537602002101044
CHEMBL3237449,CDK6,29.0,nM,C[C@@H](CO)n1c2cnccc2c2cnc(Nc3ccc(N4CCNCC4)cn3)nc21,7.537602002101044
CHEMBL6171775,CDK9,29.0,nM,COc1ccc(-c2cc(Nc3cc(CN4CCN(C(=O)c5cc(Cc6n[nH]c(=O)c7ccccc67)ccc5F)CC4)ccn3)ncn2)c(OC)c1,7.537602002101044
CHEMBL3970723,CDK9,29.0,nM,CN1Cc2c(C3=CCNCC3)[nH]c3nccc(c23)-c2cc(F)c(F)cc21,7.537602002101044
CHEMBL185971,CDK2,29.0,nM,COc1cc(F)c(C(=S)c2c(N)nc3ccc(C(=O)c4c(F)cccc4F)cn23)c(F)c1,7.537602002101044
CHEMBL453629,CDK1,29.0,nM,Cc1ncc(-c2ccnc(Nc3ccc(C(=O)NCCN(C)C)c(F)c3)n2)n1C(C)C,7.537602002101044
CHEMBL3668364,CDK9,29.0,nM,CN1CCC(c2cc3c(-c4cccc(NCc5cccnc5)n4)ccnc3[nH]2)CC1,7.537602002101044
CHEMBL400859,CDK1,29.0,nM,COCc1cccc2[nH]c(-c3n[nH]c4ncc(-c5cccnc5)cc34)nc12,7.537602002101044
CHEMBL3668417,CDK9,29.0,nM,COc1ccc(F)cc1-c1ccnc2[nH]c([C@H]3CC[C@H](NCC4CC4C(=O)O)CC3)cc12,7.537602002101044
CHEMBL3668388,CDK9,29.0,nM,COc1ccc(F)cc1-c1ccnc2[nH]c(C3CCN(CCNC(=O)OC(C)(C)C)C3)cc12,7.537602002101044
CHEMBL3668469,CDK9,29.0,nM,Clc1ccc(NCc2ccccc2)cc1-c1ccnc2[nH]c(C3CCCNC3)cc12,7.537602002101044
CHEMBL1794055,CDK1,29.0,nM,NS(=O)(=O)c1ccc(NC=C2C(=O)Nc3ccc4ncsc4c32)cc1,7.537602002101044
CHEMBL194721,CDK4,29.0,nM,FC(F)(F)c1cnc(Nc2ccc3[nH]cnc3c2)nc1Nc1ccccc1Cl,7.537602002101044
CHEMBL271595,CDK1,29.0,nM,NS(=O)(=O)c1ccc(N/C=C2\C(=O)Nc3ccc4ncsc4c32)cc1,7.537602002101044
CHEMBL5903874,CDK6,29.0,nM,CC(C)N1CCOc2c(F)cc(-c3nc(Nc4ccc(C5CCN(C)CC5)c(C#N)n4)ncc3F)cc21,7.537602002101044
CHEMBL6148620,CDK6,29.0,nM,CC(=O)N1CCC2(CC1)CC(=O)c1ccc(-c3nc(Nc4ccc(N5CCN(C(=O)OC(C)(C)C)CC5)cn4)ncc3F)cc1O2,7.537602002101044
CHEMBL402272,CDK9,29.0,nM,Nc1nccc(-c2cc3c([nH]2)CCNC3=O)n1,7.537602002101044
CHEMBL4786429,CDK2,29.0,nM,CN(C)C/C=C/C(=O)Nc1cccc(C(=O)Nc2ncc(SCc3ncc(C(C)(C)C)o3)s2)c1,7.537602002101044
CHEMBL3673505,CDK9,29.0,nM,c1cncc(CNc2cncc(-c3ccnc4[nH]c(C5CCNCC5)cc34)n2)c1,7.537602002101044
CHEMBL2426394,CDK2,29.0,nM,COc1ccc(-c2nn(-c3ccccc3)cc2C(=O)NC(=S)Nc2ccc(C)cc2)cc1,7.537602002101044
CHEMBL3702036,CDK4,29.0,nM,CN1CCN(c2ccc(Nc3ncc4c5cc[nH]c(=O)c5n(C5CCCC5)c4n3)nn2)CC1,7.537602002101044
CHEMBL3691684,CDK1,29.0,nM,CN(C)C(=O)c1cc2cnc(Nc3ccc(C(=O)N4C[C@H]5CC[C@@H](C4)N5)cn3)nc2n1C1CCCC1,7.537602002101044
CHEMBL5753246,CDK9,29.0,nM,CC1(C(=O)N[C@@H]2CCC[C@H](C(=O)Nc3cc(-c4cnn5c4CCCC5)c(Cl)cn3)C2)COC1,7.537602002101044
CHEMBL565137,CDK2,29.0,nM,CNC(=O)c1nn(C)c2c1C(C)(C)Cc1cnc(Nc3ccc(OC4CCN(C)CC4)cc3)nc1-2,7.537602002101044
CHEMBL6161170,CDK6,29.0,nM,CN1CCN(c2ccc(Nc3ncc(F)c(-c4ccc5c(c4)OC4(CCN(C(=O)OC(C)(C)C)CC4)CC5=O)n3)nc2)CC1,7.537602002101044
CHEMBL5900599,CDK6,29.3,nM,CCn1c(C)nc2c(F)cc(-c3nc(Nc4ccc5c(n4)CCNC5)ncc3F)cc21,7.53313237964589
CHEMBL5814867,CDK2,29.6,nM,CNCC(=O)N1CCc2nc(Nc3ncc(F)c(-c4cc(F)c5nc(C)n(C(C)C)c5c4)n3)ccc2C1,7.528708288941061
CHEMBL5542924,CDK9,29.66,nM,CCC(=O)Nc1ccc(CNc2nc(N[C@H](CC)CO)nc3c(C(C)C)cnn23)cc1,7.5278288533076365
CHEMBL5555057,CDK9,29.85,nM,CC(=O)Nc1ccc(CNc2nc(NC3CCCNC3)nc3c(C(C)C)cnn23)cc1,7.525055664534612
CHEMBL3923572,CDK9,30.0,nM,CC[C@H]1c2c(C3=CCNCC3)[nH]c3nccc(c23)-c2cc(F)ccc2N1C,7.522878745280337
CHEMBL6163600,CDK6,30.0,nM,CN1CCN(c2ccc(Nc3ncc(F)c(-c4ccc5c(c4)OC4(CCN(C(=O)C6CC6)CC4)CC5=O)n3)nc2)CC1,7.522878745280337
CHEMBL102871,CDK1,30.0,nM,CC(C)n1cnc2c(Nc3cccc(Cl)c3)nc(NC3CCC(N)CC3)nc21,7.522878745280337
CHEMBL8817,CDK1,30.0,nM,CN1CC[C@@H](c2c(O)cc(O)c3c(=O)cc(-c4ccccc4Cl)oc23)[C@@H](O)C1,7.522878745280337
CHEMBL84944,CDK2,30.0,nM,CC(C)C(CO)Nc1nc(NCc2cccc(O)c2)c2ncn(C(C)C)c2n1,7.522878745280337
CHEMBL3668435,CDK9,30.0,nM,CN1CCC(c2cc3c(-c4cccc(NCCO)n4)ccnc3[nH]2)CC1,7.522878745280337
CHEMBL3668455,CDK9,30.0,nM,COc1ccc(F)cc1-c1ccnc2[nH]c(C3CN(C)C3)cc12,7.522878745280337
CHEMBL3938690,CDK9,30.0,nM,CNC(=O)N1CC=C(c2[nH]c3nccc4c3c2CN(C)c2ccc(F)cc2-4)CC1,7.522878745280337
CHEMBL3702064,CDK4,30.0,nM,CCC(C)(C)n1c2cnccc2c2cnc(Nc3ccc(N4CCNCC4)cn3)nc21,7.522878745280337
CHEMBL5777474,CDK9,30.0,nM,CN1CCC(CNc2cc(-c3ccc4ncn(Cc5cccc(F)c5)c4c3)c(Cl)cn2)CC1,7.522878745280337
CHEMBL270021,CDK1,30.0,nM,O=C1NC(=O)c2c1c(-c1ccccc1Cl)cc1c2c2cc(O)c(OCCCN3CCCC3)cc2n1CCO,7.522878745280337
CHEMBL3673513,CDK9,30.0,nM,CC(=O)N1CCC(c2cc3c(-c4cncc(NCc5ccccc5)n4)ccnc3[nH]2)CC1,7.522878745280337
CHEMBL58483,CDK2,30.0,nM,O=C1Nc2cccc(CCO)c2/C1=C/c1[nH]cc2c1CCOC2=O,7.522878745280337
CHEMBL48362,CDK2,30.0,nM,CN1CCC(c2c(O)cc(O)c3c2O/C(=C\c2ccc(S(N)(=O)=O)cc2)C3=O)CC1,7.522878745280337
CHEMBL5867014,CDK6,30.0,nM,CC(C)N1CCOc2c(F)cc(-c3nc(Nc4ccc(N5CCN(C(=O)N(C)C)CC5)cn4)ncc3F)cc21,7.522878745280337
CHEMBL3642008,CDK6,30.0,nM,O[C@H]1CCCN(C2CCN(c3ccc(Nc4ncc5c6ccncc6n(C6CCCC6)c5n4)nn3)CC2)C1,7.522878745280337
CHEMBL254171,CDK2,30.0,nM,O=C(Cc1ccc(-c2ccncc2)cc1)Nc1n[nH]c2ccc(N3CCCS3(=O)=O)cc12,7.522878745280337
CHEMBL255262,CDK1,30.0,nM,O=C(Cc1cccc(F)c1)Nc1n[nH]c2ccc(N3CCCS3(=O)=O)cc12,7.522878745280337
CHEMBL2426397,CDK2,30.0,nM,COc1ccc(-c2nn(-c3ccccc3)cc2C(=O)NC(=S)Nc2ccc(Cl)cc2)cc1,7.522878745280337
CHEMBL258040,CDK2,30.0,nM,O=C(Cc1ccc(N2CCCCC2)cc1)Nc1n[nH]c2ccc(N3CCCS3(=O)=O)cc12,7.522878745280337
CHEMBL509730,CDK2,30.0,nM,CC(C)Nc1cc(N[C@H]2CC[C@H](N)CC2)nc2c(C#N)cnn12,7.522878745280337
CHEMBL270054,CDK2,30.0,nM,NS(=O)(=O)c1ccc(N/N=C2\C(=O)Nc3ccc(Cl)cc32)cc1,7.522878745280337
CHEMBL231950,CDK2,30.0,nM,C/C(=C1/SC(=N)NC1=O)c1ccc(-c2ccc(S(N)(=O)=O)cc2)o1,7.522878745280337
CHEMBL3641993,CDK6,30.0,nM,c1cc2c3cnc(Nc4ccc(N5CCC(N6CCCC6)CC5)nn4)nc3n(C3CCCC3)c2cn1,7.522878745280337
CHEMBL255427,CDK1,30.0,nM,Cn1c2cc(OCCCN3CCCC3)c(O)cc2c2c3c(c(-c4ccccc4Cl)cc21)C(=O)NC3=O,7.522878745280337
CHEMBL576257,CDK2,30.0,nM,Cc1cc(Nc2cnc(C#N)c(N[C@@H](C)c3ccc(F)cn3)n2)n[nH]1,7.522878745280337
CHEMBL5771470,CDK9,30.0,nM,Cc1nc2ccc(-c3cc(NC(=O)[C@@H]4CCCNC4)ncc3Cl)cc2n1Cc1cccc(F)c1,7.522878745280337
CHEMBL5934647,CDK6,30.0,nM,CC(C)N1CCOc2c(F)cc(-c3nc(Nc4cccc5c4CCNC5)ncc3F)cc21,7.522878745280337
CHEMBL428690,CDK1,30.0,nM,CN1CC[C@H](c2c(O)cc(O)c3c(=O)cc(-c4ccccc4Cl)oc23)[C@H](O)C1,7.522878745280337
CHEMBL1922219,CDK2,30.0,nM,CC[C@H](Nc1nc(NCc2cccnc2)c2ncn(C(C)C)c2n1)[C@@H](C)O,7.522878745280337
CHEMBL3698660,CDK4,30.0,nM,c1ccc2c(c1)CCC2n1c2cnccc2c2cnc(Nc3ccc(N4CCNCC4)cn3)nc21,7.522878745280337
CHEMBL3691589,CDK4,30.0,nM,CN(C)C(=O)c1cc2cnc(Nc3ccc(C(=O)N4CC5CNCC(C4)O5)cn3)nc2n1C1CCCC1,7.522878745280337
CHEMBL3702203,CDK6,30.0,nM,CC1CN(c2ccc(Nc3ncc4c5ccccc5n(C5CCCC5)c4n3)nc2)CC(C)N1,7.522878745280337
CHEMBL3668362,CDK9,30.0,nM,c1cc(NCC2CCOCC2)nc(-c2ccnc3[nH]c(C4CCNCC4)cc23)c1,7.522878745280337
CHEMBL177138,CDK1,30.0,nM,CCn1cnc2c(Nc3cccc(Cl)c3)nc(N[C@H]3CC[C@H](O)CC3)nc21,7.522878745280337
CHEMBL3668486,CDK9,30.0,nM,COc1ccc(F)cc1-c1ccnc2[nH]c(C3=CCN(S(N)(=O)=O)CC3)cc12,7.522878745280337
CHEMBL574737,CDK2,30.0,nM,CN[C@@H]1C[C@H]2O[C@@](C)([C@@H]1OC)n1c3ccccc3c3c4c(c5c6ccccc6n2c5c31)C(=O)N[C@H]4O,7.522878745280337
CHEMBL3927462,CDK9,30.0,nM,CN1Cc2c(C3=CCN[C@@H](CO)C3)[nH]c3nccc(c23)-c2cc(F)ccc21,7.522878745280337
CHEMBL5287796,CDK9,30.0,nM,COc1cc(O)c2c(=O)cc(-c3ccc(N4CCN(C)CC4)cc3)oc2c1N1CCNCC1,7.522878745280337
CHEMBL5532122,CDK9,30.17,nM,CC[C@H](CO)Nc1nc(NCc2ccc(NC(C)=O)cc2)n2ncc(C(C)C)c2n1,7.5204246898250116
CHEMBL6144731,CDK2,30.3,nM,CN1CC(F)(F)CCN(C)[C@H]2CC[C@@H](C2)Nc2ncc(C(F)(F)F)c(n2)-c2c[nH]c3c(P(C)(C)=O)c(ccc23)C1=O,7.518557371497695
CHEMBL4448494,CDK9,30.3,nM,Cc1nc2c(F)cc(-c3nc(Nc4ccc5c(n4)CCN(CCN(C)C)C5)ncc3F)cc2n1C(C)C,7.518557371497695
CHEMBL3698667,CDK6,30.4,nM,c1cc2c3cnc(Nc4ccc(N5CCNCC5)cn4)nc3n(CC3CCCCC3)c2cn1,7.517126416391246
CHEMBL5826084,CDK6,30.6,nM,CN(C)C(=O)c1cc2cnc(Nc3ccc(C4=CCNCC4)cn3)nc2n1C1CCCC1,7.514278573518419
CHEMBL5950534,CDK2,30.7,nM,Cc1nc2c(F)cc(-c3nc(Nc4ccc5c(n4)C[C@@H](C)NC5)ncc3F)cc2n1C(C)(C)C,7.512861624522813
CHEMBL3673508,CDK9,31.0,nM,O=C(CO)N1CCC(c2cc3c(-c4cncc(NCc5cc(F)cc(F)c5)n4)ccnc3[nH]2)CC1,7.508638306165727
CHEMBL5209307,CDK2,31.0,nM,CCCc1cnc(NC(=O)[C@@H](C)c2ccc(NC(C)=O)cc2)s1,7.508638306165727
CHEMBL3702089,CDK6,31.0,nM,Cn1c(=O)ccc2c3cnc(Nc4ccc(N5CCNCC5)cn4)nc3n(C3CCCC3)c21,7.508638306165727
CHEMBL3668419,CDK9,31.0,nM,COc1ccc(F)cc1-c1ccnc2[nH]c(C3CCN(C(=O)CN4CCC(O)CC4)CC3)cc12,7.508638306165727
CHEMBL367625,CDK1,31.0,nM,CCn1cnc2c(Nc3cccc(Cl)c3)nc(N[C@@H]3CCCC[C@@H]3N)nc21,7.508638306165727
CHEMBL564884,CDK2,31.0,nM,CNC(=O)c1nn(C)c2c1C(C)(C)Cc1cnc(Nc3cccc(N4CCN(C)CC4)c3)nc1-2,7.508638306165727
CHEMBL3673502,CDK9,31.0,nM,c1cc(-c2cncc(NCC3CCOCC3)n2)c2cc(C3CCNCC3)[nH]c2n1,7.508638306165727
CHEMBL391229,CDK1,31.0,nM,O=C1Nc2ccc3ncsc3c2/C1=C/Nc1ccc2c(c1)CS(=O)(=O)C2,7.508638306165727
CHEMBL5756117,CDK4,31.0,nM,CC(C)N1CCOc2c(F)cc(-c3nc(Nc4ccc(N5CCC(O)CC5)c(F)c4)ncc3F)cc21,7.508638306165727
CHEMBL171891,CDK1,31.0,nM,CCn1cnc2c(Nc3ccc(F)cc3)nc(N[C@H]3CC[C@H](N)CC3)nc21,7.508638306165727
CHEMBL3663762,CDK9,31.0,nM,COc1cccnc1-c1ccnc2[nH]c(C3CCNCC3)cc12,7.508638306165727
CHEMBL2158854,CDK2,31.0,nM,NS(=O)(=O)c1cccc(Nc2nccc(-c3ccnc(N4C5CCC4COC5)c3)n2)c1,7.508638306165727
CHEMBL2143507,CDK2,31.0,nM,CC(=O)Nc1ccc(C(C)C(=O)Nc2ncc(C(C)C)s2)cc1,7.508638306165727
CHEMBL1800451,CDK1,31.0,nM,CCc1cc(-c2cc(N3C[C@H](O)[C@@H](O)C3)ccc2O)nc(N)n1,7.508638306165727
CHEMBL1800457,CDK1,31.0,nM,Nc1nc(-c2cc(N3C[C@H](O)[C@@H](O)C3)ccc2O)cc(C2CCCCCC2)n1,7.508638306165727
CHEMBL3702201,CDK4,31.0,nM,CN1CCN(c2ccc(Nc3ncc4c5ccccc5n(C5CCCC5)c4n3)nn2)CC1,7.508638306165727
CHEMBL3702203,CDK4,31.0,nM,CC1CN(c2ccc(Nc3ncc4c5ccccc5n(C5CCCC5)c4n3)nc2)CC(C)N1,7.508638306165727
CHEMBL6018285,CDK6,31.0,nM,CC(C)N1CCOc2c(F)cc(-c3nc(Nc4ccc(N5CCC(CCO)CC5)cn4)ncc3F)cc21,7.508638306165727
CHEMBL5980280,CDK1,31.0,nM,CN1CCN(S(=O)(=O)c2ccc(Nc3ncc4cc5n(c4n3)C3(CCCCC3)CC(=O)N5)cc2)CC1,7.508638306165727
CHEMBL5813628,CDK4,31.0,nM,COc1nc(Nc2ncc(F)c(-c3cc(F)c4c(c3)N(C(C)C)CCO4)n2)ccc1C1CCN(C)CC1,7.508638306165727
CHEMBL5178263,CDK2,31.0,nM,NCCCNCCCCNCCCNc1ccc(Nc2nc(N[C@H]3CC[C@H](N)CC3)nc3c2ncn3C2CCCC2)cc1,7.508638306165727
CHEMBL3698700,CDK6,31.0,nM,c1cc2c3cnc(Nc4ccc(NC5CCNCC5)cn4)nc3n(C3CCCC3)c2cn1,7.508638306165727
CHEMBL6169599,CDK9,31.0,nM,COc1ccc(F)cc1-c1cc(Nc2cc(CN3CCN(C(=O)c4cc(Cc5n[nH]c(=O)c6ccccc56)ccc4F)CC3)ccn2)ncc1F,7.508638306165727
CHEMBL6170968,CDK9,31.0,nM,COc1ccc(-c2cc(Nc3cc(CN4CCN(C(=O)c5cc(Cc6n[nH]c(=O)c7ccccc67)ccc5F)CC4)ccn3)ncc2F)c(OC)c1,7.508638306165727
CHEMBL214329,CDK4,31.0,nM,CN1CCN(c2ccc(Nc3ncc4ccn(C5CCCCC5)c4n3)cc2)CC1,7.508638306165727
CHEMBL6009610,CDK2,31.1,nM,Cc1nc2c(F)cc(-c3nc(Nc4ccc5c(n4)CCN(CCN(C)C)[C@@H]5C)ncc3F)cc2n1C(C)(C)C,7.507239610973162
CHEMBL5763679,CDK2,31.1,nM,Cc1nc2c(F)cc(-c3nc(Nc4ccc5c(n4)CCN(C(=O)CN4CCOCC4)C5)ncc3F)cc2n1C(C)C,7.507239610973162
CHEMBL3684981,CDK4,31.3,nM,CC1CNCc2ccc(Nc3ncc4c5ccncc5n([C@H]5CC[C@H](C)CC5)c4n3)nc21,7.504455662453552
CHEMBL5505818,CDK9,31.51,nM,CCC(=O)Nc1ccc(CNc2nc(O[C@H]3CCCNC3)nc3c(C(C)C)cnn23)cc1,7.501551596826
CHEMBL4796617,CDK9,31.7,nM,COc1ccc(-c2ccnc(Nc3ccc4c(c3)N(C(C)C)[C@H](C)C(=O)N4C)n2)cc1,7.498940737782249
CHEMBL5834517,CDK2,31.9,nM,CC(=O)N1CCc2nc(Nc3ncc(F)c(-c4cc(F)c5nc(C)n(C(C)C)c5c4)n3)ccc2C1,7.496209316942819
CHEMBL174773,CDK1,32.0,nM,CCn1cnc2c(Nc3cccc(F)c3)nc(N[C@H]3CC[C@H](O)CC3)nc21,7.494850021680094
CHEMBL5954355,CDK9,32.0,nM,O=C(Nc1cc(-c2ccc3ncn(Cc4cccc(F)c4)c3c2)c(Cl)cn1)C1CCc2nccn2C1,7.494850021680094
CHEMBL370316,CDK1,32.0,nM,Fc1ccc(Oc2nc(Nc3ccc4[nH]cnc4c3)ncc2C(F)(F)F)cc1,7.494850021680094
CHEMBL1241566,CDK2,32.0,nM,Cc1ccc(F)c(Nc2nccc(-c3ccc(S(N)(=O)=O)cc3)n2)c1,7.494850021680094
CHEMBL3691680,CDK4,32.0,nM,CN(C)C(=O)c1cc2cnc(Nc3ccc(N4CC5COCC(CC4=O)N5)cn3)nc2n1C1CCCC1,7.494850021680094
CHEMBL3702164,CDK4,32.0,nM,COc1cc(-c2ccc(Nc3ncc4c5ccncc5n(C5CCCC5)c4n3)nn2)ccn1,7.494850021680094
CHEMBL5965360,CDK6,32.0,nM,CC(C)N1CCOc2c(F)cc(-c3nc(Nc4cc(F)c(N5CCNCC5)cc4F)ncc3F)cc21,7.494850021680094
CHEMBL5775776,CDK2,32.0,nM,Cc1nc2c(F)cc(-c3nc(Nc4ccc5c(n4)CCN(CCN4CC=C(B(O)O)CC4)C5)ncc3F)cc2n1C(C)(C)C,7.494850021680094
CHEMBL6167333,CDK9,32.0,nM,COc1ccccc1-c1cc(Nc2cc(CN3CCN(C(=O)c4cc(Cc5n[nH]c(=O)c6ccccc56)ccc4F)CC3)ccn2)ncc1F,7.494850021680094
CHEMBL3668512,CDK9,32.0,nM,COc1ccc(F)cc1-c1ccnc2[nH]c(C3CCN(CC(N)=O)CC3)cc12,7.494850021680094
CHEMBL102926,CDK2,32.0,nM,Cc1nc2ccccn2c1-c1ccnc(Nc2ccc(OCC(O)CN(C)C)cc2)n1,7.494850021680094
CHEMBL3972685,CDK4,32.0,nM,CC(=O)OCOC(=O)N1CCN(c2ccc(Nc3ncc4c(C)c(C(C)=O)c(=O)n(C5CCCC5)c4n3)nc2)CC1,7.494850021680094
CHEMBL2426396,CDK2,32.0,nM,COc1ccc(-c2nn(-c3ccccc3)cc2C(=O)NC(=S)Nc2ccc(F)cc2)cc1,7.494850021680094
CHEMBL3642646,CDK2,32.0,nM,Fc1ccccc1-c1cc(NCc2ccncc2)n2ncc(Br)c2n1,7.494850021680094
CHEMBL3641948,CDK4,32.0,nM,CN(C)C1CCN(c2ccc(Nc3ncc4c5ccncc5n([C@@H]5CCOC5)c4n3)nc2)CC1,7.494850021680094
CHEMBL5947385,CDK2,32.3,nM,C=CC(=O)N1CCc2nc(Nc3ncc(F)c(-c4cc(F)c5nc(C)n(C(C)C)c5c4)n3)ccc2C1,7.490797477668897
CHEMBL6065929,CDK9,33.0,nM,O=C1CC2(C1)CC(C(=O)Nc1cc(-c3ccc4ncn(Cc5cccc(F)c5)c4c3)c(Cl)cn1)C2,7.481486060122112
CHEMBL4458266,CDK6,33.0,nM,Cc1nc2c(F)cc(-c3nc(Nc4ccc5c(n4)CCN(CCN(C)C)C5)ncc3F)cc2n1C,7.481486060122112
CHEMBL2426391,CDK6,33.0,nM,COc1ccc(NC(=S)NC(=O)c2cn(-c3ccccc3)nc2-c2ccc(F)cc2)cc1,7.481486060122112
CHEMBL392775,CDK1,33.0,nM,Cc1cc(N2CCCS2(=O)=O)c2oc(-c3ccc(O)c(Cl)c3)c(O)c(=O)c2c1,7.481486060122112
CHEMBL6147415,CDK6,33.0,nM,CC(=O)N1CCC2(CC1)CC(=O)c1ccc(-c3nc(Nc4ccc(N5CCN(C(=O)C(F)(F)F)CC5)cn4)ncc3F)cc1O2,7.481486060122112
CHEMBL6042107,CDK9,33.0,nM,Fc1cccc(Cn2cnc3ccc(-c4cc(NCCC5CCCN5)ncc4Cl)cc32)c1,7.481486060122112
CHEMBL3668464,CDK9,33.0,nM,COc1ccc(F)cc1-c1ccnc2[nH]c(C3CCCCNC3)cc12,7.481486060122112
CHEMBL3702080,CDK4,33.0,nM,COC(=O)CC1CCN(c2ccc(Nc3ncc4c5ccnc(F)c5n(C5CCCC5)c4n3)nc2)CC1,7.481486060122112
CHEMBL5287016,CDK2,33.0,nM,CCc1c(C(=O)NCCc2ccc(N3CCCCC3)cc2)[nH]c2ccc(C)cc12,7.481486060122112
CHEMBL3668495,CDK9,33.0,nM,COc1ccc(F)cc1-c1ccnc2[nH]c(C3=CCN(CC(=O)O)CC3)cc12,7.481486060122112
CHEMBL1241662,CDK2,33.0,nM,Nc1nc2ccc(C(=O)c3c(F)cccc3Cl)cc2n1Cc1c(F)cccc1F,7.481486060122112
CHEMBL183941,CDK2,33.0,nM,Nc1nc2ccc(C(=O)c3c(F)cccc3Cl)cn2c1C(=O)c1c(F)cccc1F,7.481486060122112
CHEMBL3668465,CDK9,33.0,nM,Fc1ccc(NCc2ccccc2)cc1-c1c(Cl)cnc2[nH]c(C3CCNCC3)cc12,7.481486060122112
CHEMBL3648100,CDK2,33.0,nM,CCC(C)Sc1nc(Nc2ccc(S(C)(=N)=O)cc2)ncc1Br,7.481486060122112
CHEMBL3663779,CDK9,33.0,nM,Fc1ccccc1CNc1ccc(Cl)c(-c2ccnc3[nH]c(C4CCNCC4)cc23)n1,7.481486060122112
CHEMBL3663753,CDK9,33.0,nM,Clc1ccc(NCc2ccccc2)nc1-c1ccnc2[nH]c(C3CCCNC3)cc12,7.481486060122112
CHEMBL5843253,CDK9,33.0,nM,Fc1cccc(Cn2cnc3ccc(-c4cc(NC5CC6(CCCNC6)C5)ncc4Cl)cc32)c1,7.481486060122112
CHEMBL5834528,CDK1,33.0,nM,NS(=O)(=O)c1ccc(Nc2ncc3cc4n(c3n2)C2(CCCCC2)C(=O)NN4)cc1,7.481486060122112
CHEMBL3702054,CDK6,33.0,nM,COc1nccc2c3cnc(Nc4ccc(N5CCC(N(C)C)CC5)cn4)nc3n(C3CCCC3)c12,7.481486060122112
CHEMBL57256,CDK2,33.0,nM,CN(C)S(=O)(=O)c1ccc2c(c1)/C(=C/c1[nH]cc3c1CCOC3=O)C(=O)N2,7.481486060122112
CHEMBL3940661,CDK2,33.0,nM,CS(=N)(=O)c1ccc(Nc2ncc(Br)c(Nc3ccccc3)n2)cc1,7.481486060122112
CHEMBL6150585,CDK6,33.0,nM,CC(=O)N1CCC2(CC1)CC(=O)c1ccc(-c3nc(Nc4ccc(N5CCNCC5)cn4)ncc3F)cc1O2,7.481486060122112
CHEMBL5932925,CDK1,33.0,nM,CC1C(=O)N(C)c2cc3cnc(Nc4ccc(S(N)(=O)=O)cc4)nc3n2C12CCCCC2,7.481486060122112
CHEMBL3641971,CDK4,33.0,nM,C[C@H](O)Cn1c2cnccc2c2cnc(Nc3ccc(N4CCNC(C)(C)C4)nn3)nc21,7.481486060122112
CHEMBL457888,CDK2,33.0,nM,Cc1ncc(-c2ccnc(Nc3ccc(S(=O)(=O)CCCN4CCOCC4)cc3)n2)n1C(C)C,7.481486060122112
CHEMBL4788136,CDK9,33.0,nM,C=CC(=O)Nc1ccc(C(=O)N2CC[C@@H](Nc3ncc(SCc4ncc(C(C)(C)C)o4)s3)C2)cc1,7.481486060122112
CHEMBL3668373,CDK9,33.0,nM,COc1ccc(F)cc1-c1ccnc2[nH]c(C3=CCN(C(C)=O)CC3)cc12,7.481486060122112
CHEMBL3668410,CDK9,33.0,nM,c1ccc(CCNc2cccc(-c3ccnc4[nH]c(C5CCNCC5)cc34)n2)cc1,7.481486060122112
CHEMBL3702114,CDK6,33.0,nM,c1cc2c3cnc(Nc4ccc(CN5CCNCC5)cn4)nc3n(C3CCCC3)c2cn1,7.481486060122112
CHEMBL5557384,CDK6,33.1,nM,CC(C)N1CCN(C(=O)c2ccnc(Nc3cc(-c4ccc5nnn(C(C)C)c5c4)ccn3)c2)CC1,7.480172006224281
CHEMBL4171138,CDK6,33.21,nM,Cc1nc(Nc2c[nH]nc2C(=O)Nc2ccc(CN3CCOCC3)cc2)c2cc(C(C)C)sc2n1,7.478731124401615
CHEMBL4212532,CDK2,33.7,nM,Cc1nc2c(F)cc(-c3nc(Nc4ccc5c(n4)CCN(C(=O)CN(C)C)C5)ncc3F)cc2n1C(C)C,7.4723700991286615
CHEMBL3702195,CDK6,33.7,nM,C[C@H](CO)Nc1ccc(Nc2ncc3c4ccncc4n(C4CCCC4)c3n2)nn1,7.4723700991286615
CHEMBL5942702,CDK2,33.9,nM,C#CCN1CCc2nc(Nc3ncc(F)c(-c4cc(F)c5nc(C)n(C(C)C)c5c4)n3)ccc2C1,7.4698003017969175
CHEMBL101801,CDK2,34.0,nM,NC(=O)c1ccc(Nc2nc(N)c(N=O)c(OCC3CCCCC3)n2)cc1,7.468521082957745
CHEMBL5280144,CDK2,34.0,nM,Cc1c(C(=O)NCCc2ccc(F)cc2)[nH]c2cc(F)ccc12,7.468521082957745
CHEMBL427045,CDK4,34.0,nM,Cc1cc(-c2cnc(Nc3ccccn3)s2)nc(OC2CCCCC2)n1,7.468521082957745
CHEMBL3942903,CDK9,34.0,nM,CN1Cc2c(C3=CCNCC3)[nH]c3ncc(F)c(c23)-c2ccccc21,7.468521082957745
CHEMBL5275973,CDK9,34.0,nM,Cl.O=C1NCCc2[nH]c(-c3ccncc3)cc21,7.468521082957745
CHEMBL115319,CDK2,34.0,nM,O=C(Nc1cc(C2CC2)[nH]n1)c1ccc(Br)cc1,7.468521082957745
CHEMBL5201044,CDK9,34.0,nM,O=C(c1ccc(-c2ccnc3[nH]c(-c4ccc(CN5CCOCC5)cc4)nc23)cc1)N1CCCC1,7.468521082957745
CHEMBL3954429,CDK6,34.0,nM,CCN1CCN(c2ccc(Nc3ncc4c(C)c(C(C)=O)c(=O)n(C5CCCC5)c4n3)nc2)CC1,7.468521082957745
CHEMBL273061,CDK2,34.0,nM,NS(=O)(=O)c1ccc(N/N=C2\C(=O)Nc3ccc(F)cc32)cc1,7.468521082957745
CHEMBL3691678,CDK4,34.0,nM,CC(C)N1[C@@H]2CC[C@H]1CN(c1ccc(Nc3ncc4cc(C(=O)N(C)C)n(C5CCCC5)c4n3)nc1)C(=O)C2,7.468521082957745
CHEMBL3668440,CDK9,34.0,nM,COc1ccc(F)cc1-c1ccnc2[nH]c(C3CN(CCN)C3)cc12,7.468521082957745
CHEMBL3642027,CDK6,34.0,nM,COC(=O)CNC1CCN(c2ccc(Nc3ncc4c5ccncc5n(C5CCCC5)c4n3)nc2)CC1,7.468521082957745
CHEMBL3702199,CDK6,34.0,nM,CC1(C)CN(c2ccc(Nc3ncc4c5ccccc5n(C5CCCC5)c4n3)nn2)CCN1,7.468521082957745
CHEMBL404504,CDK1,34.0,nM,O=C(Cc1cccc(Cl)c1)Nc1n[nH]c2ccc(N3CCCS3(=O)=O)cc12,7.468521082957745
CHEMBL194032,CDK1,34.0,nM,Brc1cnc(Nc2ccc3[nH]cnc3c2)nc1Nc1ccc(Oc2cccnc2)cc1,7.468521082957745
CHEMBL3702138,CDK4,34.0,nM,c1cc2c3cnc(Nc4ccc(N5CCNCC5)cn4)cc3n(C3CCCC3)c2cn1,7.468521082957745
CHEMBL3668394,CDK9,34.0,nM,CCOC(=O)C1CC1CN[C@H]1CC[C@H](c2cc3c(-c4cc(F)ccc4OC)ccnc3[nH]2)CC1,7.468521082957745
CHEMBL225519,CDK9,34.0,nM,O=C1NCCc2[nH]c(-c3ccncc3)cc21,7.468521082957745
CHEMBL3702114,CDK4,34.0,nM,c1cc2c3cnc(Nc4ccc(CN5CCNCC5)cn4)nc3n(C3CCCC3)c2cn1,7.468521082957745
CHEMBL3668363,CDK9,34.0,nM,CN1CCC(c2cc3c(-c4cccc(NCC5CCOCC5)n4)ccnc3[nH]2)CC1,7.468521082957745
CHEMBL3668366,CDK9,34.0,nM,CN1CCC(c2cc3c(-c4cccc(NCC5CC5)n4)ccnc3[nH]2)CC1,7.468521082957745
CHEMBL5852870,CDK6,34.0,nM,CC(C)N1CCOc2c(F)cc(-c3nc(Nc4ncc(C5CCNCC5)cn4)ncc3F)cc21,7.468521082957745
CHEMBL370485,CDK1,34.0,nM,Brc1cnc(Nc2ccc3[nH]cnc3c2)nc1NC1CCc2ccccc21,7.468521082957745
CHEMBL4872952,CDK2,34.48,nM,Cc1n[nH]c2ccc(-c3cncc(N[C@@H](CO)c4cccc(F)c4)n3)cc12,7.462432742847325
CHEMBL5921721,CDK2,34.6,nM,Cc1nc2c(F)cc(-c3nc(Nc4ccc5c(n4)CCN(CCN(C)CC[Si](C)(C)C)C5)ncc3F)cc2n1C(C)(C)C,7.460923901207224
CHEMBL50894,CDK1,35.0,nM,O=C1Cc2c([nH]c3ccc([N+](=O)[O-])cc23)-c2ccccc2N1,7.455931955649724
CHEMBL609040,CDK2,35.0,nM,O=C1Nc2cc3c(O)cccc3c3c4c(cc1c23)OCO4,7.455931955649724
CHEMBL3974193,CDK9,35.0,nM,CN1CCC(c2cc3c(-c4cccc(NCCCc5ccccc5)n4)ccnc3[nH]2)CC1,7.455931955649724
CHEMBL6148894,CDK9,35.0,nM,COc1cccc(-c2cc(Nc3cc(CN4CCN(C(=O)c5cc(Cc6n[nH]c(=O)c7ccccc67)ccc5F)CC4)ccn3)ncc2F)c1,7.455931955649724
CHEMBL3691637,CDK4,35.0,nM,CN(C)C(=O)c1cc2cnc(Nc3ccc(N4CCN5CCCCC5C4=O)cn3)nc2n1C1CCCCC1,7.455931955649724
CHEMBL6145102,CDK6,35.0,nM,COCCN1CCN(c2ccc(Nc3ncc(F)c(-c4ccc5c(c4)OC4(CCN(C(C)=O)CC4)CC5=O)n3)nc2)CC1,7.455931955649724
CHEMBL3673525,CDK9,35.0,nM,CNC(=O)N1CCC(c2cc3c(-c4cncc(NCc5ccccc5)n4)ccnc3[nH]2)CC1,7.455931955649724
CHEMBL2426395,CDK4,35.0,nM,COc1ccc(NC(=S)NC(=O)c2cn(-c3ccccc3)nc2-c2ccc(OC)cc2)cc1,7.455931955649724
CHEMBL6142470,CDK6,35.0,nM,CCCC(=O)N1CCC2(CC1)CC(=O)c1ccc(-c3nc(Nc4ccc(N5CCN(C)CC5)cn4)ncc3F)cc1O2,7.455931955649724
CHEMBL2158844,CDK1,35.0,nM,Clc1cccc(Nc2nccc(-c3ccnc(N4CCOCC4)c3)n2)c1,7.455931955649724
CHEMBL1080561,CDK2,35.0,nM,Cc1n[nH]c2ccc(-c3nnc(NC[C@@H](N)Cc4cccc(C(F)(F)F)c4)s3)cc12,7.455931955649724
CHEMBL3702171,CDK4,35.0,nM,Fc1nccc2c3cnc(Nc4ccc(OC5CCNCC5)nn4)nc3n(C3CCCC3)c12,7.455931955649724
CHEMBL3892285,CDK9,35.0,nM,CS(=O)(Cc1cccc(Nc2ncc(F)c(-c3ccc(F)cc3OCc3ccccc3)n2)c1)=NC#N,7.455931955649724
CHEMBL561440,CDK2,35.0,nM,CNC(=O)c1nn(C)c2c1C(C)(C)Cc1cnc(Nc3ccc(CN(C)C)cc3)nc1-2,7.455931955649724
CHEMBL5925273,CDK9,35.0,nM,Fc1cccc(Cn2cnc3ccc(-c4cc(NCCC5CCCNC5)ncc4Cl)cc32)c1,7.455931955649724
CHEMBL5905735,CDK2,35.0,nM,Cc1nc2c(F)cc(-c3nc(Nc4ccc5c(n4)CCN(C(C)C)C5)ncc3F)cc2n1C(C)C,7.455931955649724
CHEMBL3641965,CDK4,35.0,nM,C[C@H]1CN(c2ccc(Nc3ncc4c5ccncc5n([C@H]5CCC[C@@H]5O)c4n3)nn2)CCN1,7.455931955649724
CHEMBL3702172,CDK6,35.0,nM,O=S1(=O)CCC(c2ccc(Nc3ncc4c5ccncc5n(C5CCCC5)c4n3)nc2)CC1,7.455931955649724
CHEMBL3663751,CDK9,35.0,nM,COc1ccc(F)cc1-c1ccnc2[nH]c(C3CCCN(C)C3)cc12,7.455931955649724
CHEMBL3702140,CDK4,35.0,nM,O=C(O)Cc1ccc(-n2c3cnccc3c3cnc(Nc4ccc(N5CCNCC5)cn4)cc32)cc1,7.455931955649724
CHEMBL6018776,CDK9,35.0,nM,O[C@H]1CC[C@H](Nc2cc(-c3ccc4ncn(Cc5cccc(F)c5)c4c3)c(Cl)cn2)CC1,7.455931955649724
CHEMBL5813628,CDK6,35.0,nM,COc1nc(Nc2ncc(F)c(-c3cc(F)c4c(c3)N(C(C)C)CCO4)n2)ccc1C1CCN(C)CC1,7.455931955649724
CHEMBL3668447,CDK9,35.0,nM,CN1CCC(c2cc3c(-c4nc(NCc5ccc(OCC(=O)O)cc5)ccc4Cl)ccnc3[nH]2)CC1,7.455931955649724
CHEMBL3644033,CDK4,35.0,nM,C[C@@H](O)[C@@H](C)Oc1nc(Nc2ccc(S(C)(=O)=O)cc2)ncc1C(F)(F)F,7.455931955649724
CHEMBL6149958,CDK6,35.0,nM,CC(=O)N1CCC2(CC1)CC(=O)c1ccc(-c3nc(Nc4ccc(N5CCC(N6CCOCC6)CC5)cn4)ncc3F)cc1O2,7.455931955649724
CHEMBL3702190,CDK4,35.0,nM,CN(C)CCCN(C)c1ccc(Nc2ncc3c4ccncc4n(C4CCCC4)c3n2)nn1,7.455931955649724
CHEMBL5542804,CDK9,35.38,nM,CC[C@H](CO)Nc1nc(NCc2ccc(NC(=O)C3CCN(C(C)=O)CC3)cc2)n2ncc(C(C)C)c2n1,7.451242171426296
CHEMBL1092754,CDK2,35.5,nM,Cn1cc(/C=C2\Oc3cccc(O)c3C2=O)c2c(-c3ccc(C(=O)NCCO)cc3)ccnc21,7.449771646944906
CHEMBL5976517,CDK2,35.5,nM,Cc1nc2c(F)cc(-c3nc(Nc4ccc5c(n4)CCN(CC#CCN(C)C)C5)ncc3F)cc2n1C(C)C,7.449771646944906
CHEMBL3691652,CDK4,35.5,nM,CN(C)C(=O)c1cc2cnc(Nc3ccc(N4CCCC5(CCNCC5)C4=O)cn3)nc2n1C1CCCC1,7.449771646944906
CHEMBL5561839,CDK4,35.6,nM,CC(C)n1nnc2ccc(-c3ccnc(Nc4cc(C(=O)N5CCCC5)ccn4)c3)cc21,7.448550002027124
CHEMBL4204030,CDK1,35.8,nM,CCN1CCN(Cc2cnc(Nc3cc(-c4cc(F)c5nc(C)n(C(C)C)c5c4)ccn3)cn2)CC1,7.446116973356125
CHEMBL4213770,CDK4,35.9,nM,CCN1CCN(Cc2cnc(Nc3cc(-c4cc(F)c5nc(C)n(C(C)C)c5c4)ncn3)nc2)CC1,7.444905551421681
CHEMBL3668387,CDK9,36.0,nM,COc1ccc(F)cc1-c1ccnc2[nH]c(C3CCN(CC4CCCOC4)C3)cc12,7.443697499232712
CHEMBL3642005,CDK6,36.0,nM,O[C@@H]1CCN(C2CCN(c3ccc(Nc4ncc5c6ccncc6n(C6CCCC6)c5n4)nn3)CC2)C1,7.443697499232712
CHEMBL2158857,CDK1,36.0,nM,NS(=O)(=O)c1cccc(Nc2nccc(-c3ccnc(N4CCCCC4)c3)n2)c1,7.443697499232712
CHEMBL3644020,CDK2,36.0,nM,C[C@@H](O)[C@@H](C)Oc1nc(Nc2ccc(S(=O)(=O)c3ccccc3)cc2)ncc1C(F)(F)F,7.443697499232712
CHEMBL457887,CDK2,36.0,nM,Cc1ncc(-c2ccnc(Nc3ccc(S(=O)(=O)CCCN(C)C)cc3)n2)n1C(C)C,7.443697499232712
CHEMBL507722,CDK2,36.0,nM,Cc1ncc(-c2nc(Nc3ccc(C(=O)NC4CCN(C)CC4)cc3)ncc2F)n1C(C)C,7.443697499232712
CHEMBL3668380,CDK9,36.0,nM,c1ccc(SCCNc2cccc(-c3ccnc4[nH]c(C5CCNCC5)cc34)n2)cc1,7.443697499232712
CHEMBL255255,CDK2,36.0,nM,O=C(Cc1ccccc1)Nc1n[nH]c2ccc(N3CCCS3(=O)=O)cc12,7.443697499232712
CHEMBL5785709,CDK9,36.0,nM,Fc1cccc(Cn2cnc3ccc(-c4cc(N[C@H]5CC[C@H](NCCN6CCOCC6)CC5)ncc4Cl)cc32)c1,7.443697499232712
CHEMBL550959,CDK2,36.0,nM,CNC(=O)c1nn(C)c2c1C(C)(C)Cc1cnc(Nc3ccc(CN4CCOCC4)cc3)nc1-2,7.443697499232712
CHEMBL4207804,CDK6,36.0,nM,CCN1CCN(Cc2ccc(Nc3ncc(F)c(-c4cc(F)c5nc6n(c5c4)CC(C)(C)C6)n3)nc2)CC1,7.443697499232712
CHEMBL3673506,CDK9,36.0,nM,c1cc(CNc2cncc(-c3ccnc4[nH]c(C5CCNCC5)cc34)n2)ccn1,7.443697499232712
CHEMBL2426391,CDK2,36.0,nM,COc1ccc(NC(=S)NC(=O)c2cn(-c3ccccc3)nc2-c2ccc(F)cc2)cc1,7.443697499232712
CHEMBL3973391,CDK9,36.0,nM,CN1Cc2c(C3=CCN(S(C)(=O)=O)CC3)[nH]c3nccc(c23)-c2cc(F)c(F)cc21,7.443697499232712
CHEMBL3237448,CDK4,36.0,nM,c1cc2c3cnc(Nc4ccc(N5CCNCC5)cn4)nc3n(C3CCCC3)c2nn1,7.443697499232712
CHEMBL3684989,CDK4,36.0,nM,O=C(CO)N1CCc2nc(Nc3ncc4c5ccncc5n(C5CCCC5)c4n3)ccc2C1,7.443697499232712
CHEMBL2035185,CDK9,36.0,nM,C1=C/COCc2cc(ccc2OCCN2CCCC2)Nc2nccc(n2)-c2ccc(o2)COC/1,7.443697499232712
CHEMBL5893560,CDK4,36.0,nM,CC(C)N1CCOc2c(F)cc(-c3nc(Nc4ccc(S(=O)(=O)N5CCN(C)CC5)cc4)ncc3F)cc21,7.443697499232712
CHEMBL3644019,CDK1,36.0,nM,C[C@@H](Oc1nc(Nc2ccc(S(=O)(=O)C3CC3)cc2)ncc1C(F)(F)F)C(C)(C)O,7.443697499232712
CHEMBL4753256,CDK9,36.0,nM,CC(=O)N[C@@H]1CCC[C@H](C(=O)Nc2cc(-c3cnn4c3CC(C)C4)c(Cl)cn2)C1,7.443697499232712
CHEMBL3702216,CDK4,36.0,nM,CC[C@@H](C)n1c2cnccc2c2cnc(Nc3ccc(N4CCC(N(C)C)CC4)nn3)nc21,7.443697499232712
CHEMBL4749175,CDK9,36.0,nM,CC(=O)N[C@@H]1CCC[C@H](C(=O)Nc2cc(-c3cnc4n3CC(C)(C)C4)c(Cl)cn2)C1,7.443697499232712
CHEMBL6007323,CDK9,36.0,nM,N[C@@H]1CCC[C@H](C(=O)Nc2cc(-c3cnn4c3CCCC4)c(Cl)cn2)C1,7.443697499232712
CHEMBL3668374,CDK9,36.0,nM,COc1ccc(F)cc1-c1ccnc2[nH]c(C3=CCN(C(=O)CO)CC3)cc12,7.443697499232712
CHEMBL455450,CDK2,36.0,nM,C[C@H]1CNC[C@@H](C(=O)Nc2ncc(SCc3ncc(C(C)(C)C)o3)s2)C1,7.443697499232712
CHEMBL6001582,CDK9,36.0,nM,CN(C)CCCCNc1cc(-c2ccc3ncn(Cc4cccc(F)c4)c3c2)c(Cl)cn1,7.443697499232712
CHEMBL5826159,CDK9,36.0,nM,CC(=O)N[C@@H]1CCC[C@H](C(=O)Nc2cc(-c3cnn4c3CCCC4)ncn2)C1,7.443697499232712
CHEMBL5759958,CDK9,36.1,nM,Cc1nc2c(F)cc(-c3nc(Nc4ccc5c(n4)CCN(C(=O)CN(C)C)C5)ncc3F)cc2n1C1CCCC1,7.442492798094342
CHEMBL5409788,CDK1,36.8,nM,COc1ccc(Cc2nnc(N3CCN(C(=O)Nc4ccc(Cl)c(C(F)(F)F)c4)CC3)c3ccccc23)cc1,7.434152181326482
CHEMBL3924439,CDK9,37.0,nM,CN1Cc2c(C3=C[C@@H]4COC(=O)N4CC3)[nH]c3nccc(c23)-c2cc(F)ccc21,7.431798275933005
CHEMBL2426387,CDK2,37.0,nM,COc1ccc(NC(=S)NC(=O)c2cn(-c3ccccc3)nc2-c2ccc(Cl)cc2)cc1,7.431798275933005
CHEMBL3702081,CDK4,37.0,nM,O=C(O)CC1CCN(c2ccc(Nc3ncc4c5ccnc(F)c5n(C5CCCC5)c4n3)nc2)CC1,7.431798275933005
CHEMBL115220,CDK2,37.0,nM,O=C(Cc1ccc2ccccc2c1)Nc1cc(C2CC2)n[nH]1,7.431798275933005
CHEMBL3668494,CDK9,37.0,nM,COc1ccc(F)cc1-c1ccnc2[nH]c(C3=CCN(C(=O)Nc4cnn(C)c4)CC3)cc12,7.431798275933005
CHEMBL3823659,CDK9,37.0,nM,CC(=O)N1CCC(n2cc(Nc3ncc(Cl)c(-c4cnc5ccccn45)n3)cn2)CC1,7.431798275933005
CHEMBL6152179,CDK6,37.0,nM,CCOC(=O)N1CCN(c2ccc(Nc3ncc(F)c(-c4ccc5c(c4)OC4(CCN(C(C)=O)CC4)CC5=O)n3)nc2)CC1,7.431798275933005
CHEMBL3668392,CDK9,37.0,nM,COc1ccc(F)cc1-c1ccnc2[nH]c(C3=CCN(S(C)(=O)=O)CC3)cc12,7.431798275933005
CHEMBL6028486,CDK9,37.0,nM,Fc1cccc(Cn2cnc3ccc(-c4cc(N[C@H]5CC[C@H](NCc6cccnc6)CC5)ncc4Cl)cc32)c1,7.431798275933005
CHEMBL5968635,CDK4,37.0,nM,CC(C)N1CCOc2c(F)cc(-c3nc(Nc4ccc(N5CCS(=O)(=O)CC5)c(F)c4)ncc3F)cc21,7.431798275933005
CHEMBL191144,CDK2,37.0,nM,C[C@H](C(=O)Nc1cc(C2CC2)[nH]n1)c1ccc(N2CCCC2=O)cc1,7.431798275933005
CHEMBL3663807,CDK9,37.0,nM,COc1ccc(F)cc1-c1ccnc2[nH]c(C3CNCCO3)cc12,7.431798275933005
CHEMBL5849665,CDK9,37.0,nM,Fc1cccc(Cn2cnc3ccc(-c4cc(NC5CC6(CCNCC6)C5)ncc4Cl)cc32)c1,7.431798275933005
CHEMBL5934647,CDK4,37.0,nM,CC(C)N1CCOc2c(F)cc(-c3nc(Nc4cccc5c4CCNC5)ncc3F)cc21,7.431798275933005
CHEMBL455468,CDK2,37.0,nM,Cc1ncc(-c2ccnc(Nc3ccc(C(=O)NC4CCN(C)CC4)cc3)n2)n1C(C)C,7.431798275933005
CHEMBL411426,CDK1,37.0,nM,CC(C)c1cccc2c1/C(=N/Nc1ccc(S(N)(=O)=O)cc1)C(=O)N2,7.431798275933005
CHEMBL3642013,CDK6,37.0,nM,CN(CCO)C1CCN(c2ccc(Nc3ncc4c5ccncc5n(C5CCCC5)c4n3)nc2)CC1,7.431798275933005
CHEMBL5894084,CDK2,37.2,nM,Cc1nc2c(F)cc(-c3nc(Nc4ccc5c(n4)CCN(C(=O)CN)C5)ncc3F)cc2n1C(C)C,7.429457060118103
CHEMBL5833493,CDK2,37.2,nM,Cc1nc2c(F)cc(-c3nc(Nc4ccc5c(n4)CCN(C(=O)CC(C)(C)O)C5)ncc3F)cc2n1C(C)C,7.429457060118103
CHEMBL5811164,CDK2,37.2,nM,Cc1nc2c(F)cc(-c3nc(Nc4ccc5c(n4)CCC(C(=O)CN)C5)ncc3F)cc2n1C(C)C,7.429457060118103
CHEMBL5505745,CDK9,37.34,nM,CCC(=O)Nc1ccc(CNc2nc(NC3CCNCC3)nc3c(C(C)C)cnn23)cc1,7.4278256863869405
CHEMBL6188946,CDK6,37.4,nM,COc1cc(-c2nc3c(C(N)=O)cccc3[nH]2)ccc1Nc1ncc2cc(C(=O)N(C)C)n(C3CCCC3)c2n1,7.42712839779952
CHEMBL4786023,CDK9,37.8,nM,CCNc1cccc(-c2ccnc(Nc3ccc4c(c3)N(C(C)C)[C@H](C)C(=O)N4C)n2)c1,7.422508200162775
CHEMBL1964251,CDK1,38.0,nM,O=C1Nc2ccc3ncsc3c2/C1=C/Nc1ccc(S(=O)(=O)NCCc2c[nH]cn2)cc1,7.42021640338319
CHEMBL2012397,CDK1,38.0,nM,Cn1cc(Nc2ncc3cnn(C4C5CC6CC(C5)CC4C6)c3n2)cc1C(N)=O,7.42021640338319
CHEMBL72510,CDK2,38.0,nM,Cc1nc2ccccn2c1-c1ccnc(Nc2ccc(S(N)(=O)=O)cc2)n1,7.42021640338319
CHEMBL3642025,CDK6,38.0,nM,FC(F)(F)CNC1CCN(c2ccc(Nc3ncc4c5ccncc5n(C5CCCC5)c4n3)nc2)CC1,7.42021640338319
CHEMBL3702164,CDK6,38.0,nM,COc1cc(-c2ccc(Nc3ncc4c5ccncc5n(C5CCCC5)c4n3)nn2)ccn1,7.42021640338319
CHEMBL3691569,CDK4,38.0,nM,CN(C)C(=O)c1cc2cnc(Nc3ccc(C(=O)N4CC5CCC4C5O)cn3)nc2n1C1CCCC1,7.42021640338319
CHEMBL5962211,CDK9,38.0,nM,C[C@H](O)C(=O)N[C@@H]1CCC[C@H](C(=O)Nc2cc(-c3cnn4c3CCCC4)c(Cl)cn2)C1,7.42021640338319
CHEMBL6134533,CDK6,38.0,nM,CC(=O)N1CCC2(CC1)CC(=O)c1ccc(-c3nc(Nc4ccc(N5CCC(N6CCN(C)CC6)CC5)cn4)ncc3F)cc1O2,7.42021640338319
CHEMBL3965720,CDK9,38.0,nM,COc1ccc(F)cc1-c1ccnc2[nH]c(C3=CC4CCC(C3)N4S(C)(=O)=O)cc12,7.42021640338319
CHEMBL3946855,CDK9,38.0,nM,CN1Cc2c(C3=CCN(S(C)(=O)=O)CC3)[nH]c3ncc(F)c(c23)-c2cc(F)ccc21,7.42021640338319
CHEMBL3900836,CDK9,38.0,nM,CN(CC(O)CO)C(=O)CN1CC=C(c2[nH]c3nccc4c3c2CN(C)c2ccc(F)cc2-4)CC1,7.42021640338319
CHEMBL296468,CDK2,38.0,nM,CC(C)(C)c1cnc(CSc2cnc(NC(=O)C3CCNCC3)s2)o1,7.42021640338319
CHEMBL5756301,CDK9,38.0,nM,Cn1cnc2ccc(-c3cc(NC(=O)[C@@H]4CCCNC4)ncc3Cl)cc21,7.42021640338319
CHEMBL6120798,CDK6,38.0,nM,CC(=O)N1CCC2(CC1)CC(=O)c1ccc(-c3nc(Nc4ccc(N5CCN(C(C)C)CC5)cn4)ncc3F)cc1O2,7.42021640338319
CHEMBL5186025,CDK2,38.0,nM,O=C1Nc2ccc(Br)cc2/C1=N/NC(=O)c1cc2cc(Br)ccc2o1,7.42021640338319
CHEMBL507167,CDK2,38.0,nM,N[C@H]1CC[C@H](NC(=O)c2n[nH]cc2NC(=O)c2c(F)cccc2F)CC1,7.42021640338319
CHEMBL3668384,CDK9,38.0,nM,COc1ccc(F)cc1-c1ccnc2[nH]c(C3CCN(Cc4ccccn4)C3)cc12,7.42021640338319
CHEMBL3668502,CDK9,38.0,nM,COc1ccc(F)cc1-c1ccnc2[nH]c(C3CCN(CC(=O)N(C)C)CC3)cc12,7.42021640338319
CHEMBL521871,CDK4,38.0,nM,CN(C)CC(O)COc1ccc(Nc2nccc(-c3cnn4nc(N5CCOCC5)ccc34)n2)cc1,7.42021640338319
CHEMBL3698660,CDK6,38.0,nM,c1ccc2c(c1)CCC2n1c2cnccc2c2cnc(Nc3ccc(N4CCNCC4)cn3)nc21,7.42021640338319
CHEMBL5935222,CDK2,38.2,nM,COC(=O)CN1CCc2nc(Nc3ncc(F)c(-c4cc(F)c5nc(C)n(C(C)C)c5c4)n3)ccc2C1,7.4179366370882915
CHEMBL5953872,CDK2,38.2,nM,COC(=O)N1CCc2nc(Nc3ncc(F)c(-c4cc(F)c5nc(C)n(C(C)C)c5c4)n3)ccc2C1,7.4179366370882915
CHEMBL6150020,CDK9,38.4,nM,Clc1cnc2[nH]c(C3CCNCC3)nc2c1-c1cnn(CC2CC2)c1,7.4156687756324695
CHEMBL5818945,CDK9,39.0,nM,CC(=O)N[C@H]1CCC[C@@H](C(=O)Nc2cc(-c3cnn4c3CCCC4)c(Cl)cn2)C1,7.4089353929735005
CHEMBL3668354,CDK9,39.0,nM,Clc1cnc2[nH]c(C3CCCNC3)cc2c1-c1cccc(NCc2ccccc2)n1,7.4089353929735005
CHEMBL5181511,CDK9,39.0,nM,CC(=O)N1CCC(c2cc3c(-c4ccc(=O)n(C(C)C)c4)ccnc3[nH]2)CC1,7.4089353929735005
CHEMBL2426391,CDK4,39.0,nM,COc1ccc(NC(=S)NC(=O)c2cn(-c3ccccc3)nc2-c2ccc(F)cc2)cc1,7.4089353929735005
CHEMBL6017601,CDK9,39.0,nM,CC(=O)N[C@@H]1CCC[C@H](C(=O)Nc2cc(-c3nnn4c3CCCC4)c(Cl)cn2)C1,7.4089353929735005
CHEMBL3668409,CDK9,39.0,nM,COc1cc(C#N)ccc1-c1ccnc2[nH]c(C3CCCNC3)cc12,7.4089353929735005
CHEMBL6001205,CDK9,39.0,nM,CC(=O)N[C@@H]1CCC[C@H](C(=O)Nc2cc(-c3cnn4c3CCCCC4)c(F)cn2)C1,7.4089353929735005
CHEMBL4215126,CDK4,39.0,nM,CCN1CCN(Cc2ccc(Nc3ncc(F)c(-c4cc(F)c5nc6n(c5c4)C(C)CC6)n3)nc2C)CC1,7.4089353929735005
CHEMBL3668513,CDK9,39.0,nM,CNC(=O)CN1CCC(c2cc3c(-c4cc(F)ccc4OC)ccnc3[nH]2)CC1,7.4089353929735005
CHEMBL3691611,CDK4,39.0,nM,CN(C)C(=O)c1cc2cnc(Nc3ccc(C(=O)N4CC5COCC(C4)N5)cn3)nc2n1C1CCCC1,7.4089353929735005
CHEMBL249502,CDK1,39.0,nM,CC(C)NC(=O)c1cccc2[nH]c(-c3n[nH]c4ncc(-c5cncc6ccccc56)cc34)nc12,7.4089353929735005
CHEMBL5783662,CDK9,39.0,nM,COC1CCn2ncc(-c3cc(NC(=O)[C@@H]4CCC[C@@H](NC(C)=O)C4)ncc3Cl)c2C1,7.4089353929735005
CHEMBL3668493,CDK9,39.0,nM,COc1ccc(F)cc1-c1ccnc2[nH]c(C3=CCN(CC(=O)N(C)C)CC3)cc12,7.4089353929735005
CHEMBL5810097,CDK9,39.0,nM,O=C(Nc1cc(-c2cnn3c2CCCC3)c(Cl)cn1)[C@H]1CCC[C@@H](NC(=O)[C@H]2CCCO2)C1,7.4089353929735005
CHEMBL3545110,CDK6,39.0,nM,CN(C)C(=O)c1cc2cnc(Nc3ccc(N4CCNCC4)cn3)nc2n1C1CCCC1,7.4089353929735005
CHEMBL5942755,CDK9,39.0,nM,N[C@H]1CC[C@H](CNc2cc(-c3ccc4ncn(Cc5cccc(F)c5)c4c3)c(Cl)cn2)CC1,7.4089353929735005
CHEMBL3702206,CDK6,39.0,nM,CC1CN(c2ccc(Nc3ncc4c5ccccc5n(C5CCCC5)c4n3)nn2)CC(C)N1,7.4089353929735005
CHEMBL6002023,CDK6,39.0,nM,CC(C)N1CCOc2c(F)cc(-c3nc(Nc4cc(C5CCN(C)CC5)no4)ncc3F)cc21,7.4089353929735005
CHEMBL3668396,CDK9,39.0,nM,COc1ccc(F)cc1-c1ccnc2[nH]c(C3CCN(CCN)C3)cc12,7.4089353929735005
CHEMBL5916704,CDK9,39.0,nM,NS(=O)(=O)CCn1cnc2ccc(-c3cc(NC(=O)[C@@H]4CCCNC4)ncc3Cl)cc21,7.4089353929735005
CHEMBL5923502,CDK9,39.0,nM,CC(C)(O)CNc1cc(-c2ccc3ncn(Cc4cccc(F)c4)c3c2)c(Cl)cn1,7.4089353929735005
CHEMBL176559,CDK1,39.0,nM,CCn1cnc2c(Nc3cccc(Cl)c3)nc(N3CCCCC3CO)nc21,7.4089353929735005
CHEMBL5079648,CDK6,39.0,nM,CCN(CC)c1cnc2ccc(-c3nc(Nc4ccc(N5CCNCC5)cn4)ncc3F)cc2n1,7.4089353929735005
CHEMBL367691,CDK1,39.0,nM,CCn1cnc2c(Nc3cccc(Cl)c3)nc(N[C@H]3CC[C@H](N)CC3)nc21,7.4089353929735005
CHEMBL173459,CDK1,39.0,nM,CCn1cnc2c(Nc3cccc(Cl)c3)nc(N[C@H]3CC[C@@H](N)CC3)nc21,7.4089353929735005
CHEMBL1964260,CDK1,39.0,nM,CS(=O)(=O)c1ccc(N/C=C2\C(=O)Nc3ccc4ncsc4c32)cc1,7.4089353929735005
CHEMBL3691551,CDK4,39.0,nM,CC(=O)N1C2CCC1CN(C(=O)c1ccc(Nc3ncc4cc(C(=O)N(C)C)n(C5CCCCCC5)c4n3)nc1)C2,7.4089353929735005
CHEMBL5590934,CDK9,39.12,nM,CC(C)S(=O)(=O)c1ccccc1Nc1nc(N[C@H]2CC[C@H](N)CC2)ncc1Cl,7.407601153884436
CHEMBL1092754,CDK1,39.2,nM,Cn1cc(/C=C2\Oc3cccc(O)c3C2=O)c2c(-c3ccc(C(=O)NCCO)cc3)ccnc21,7.406713932979542
CHEMBL4760844,CDK9,39.2,nM,CC(C)N1c2cc(Nc3nccc(-c4ccccc4N)n3)ccc2N(C)C(=O)[C@H]1C,7.406713932979542
CHEMBL5979966,CDK2,39.6,nM,Cc1nc2c(F)cc(-c3nc(Nc4ccc5c(n4)CCN(CCN4CCN(C)CC4)C5)ncc3F)cc2n1C(C)(C)C,7.402304814074488
CHEMBL300767,CDK2,40.0,nM,COc1ccc2c(c1)/C(=C/c1[nH]cc3c1CCOC3=O)C(=O)N2,7.3979400086720375
CHEMBL3673510,CDK9,40.0,nM,O=C(CO)N1CCC(c2cc3c(-c4cncc(NCc5ccccc5)n4)ccnc3[nH]2)CC1,7.3979400086720375
CHEMBL3949793,CDK9,40.0,nM,COc1ccc(F)cc1-c1ccnc2[nH]c(C3CCN(CCN4CCOCC4)CC3)cc12,7.3979400086720375
CHEMBL428690,CDK2,40.0,nM,CN1CC[C@H](c2c(O)cc(O)c3c(=O)cc(-c4ccccc4Cl)oc23)[C@H](O)C1,7.3979400086720375
CHEMBL254979,CDK1,40.0,nM,O=C(Cc1ccc2ccccc2c1)Nc1n[nH]c2ccc(N3CCCS3(=O)=O)cc12,7.3979400086720375
CHEMBL256558,CDK1,40.0,nM,Cc1ccc(CC(=O)Nc2n[nH]c3ccc(N4CCCS4(=O)=O)cc23)cc1,7.3979400086720375
CHEMBL258039,CDK2,40.0,nM,CCN(CC)c1ccc(CC(=O)Nc2n[nH]c3ccc(N4CCCS4(=O)=O)cc23)cc1,7.3979400086720375
CHEMBL5414905,CDK2,40.0,nM,CCc1cnn2c(NCc3nc4ccc(F)c(F)c4[nH]3)cc(N3CCCC[C@H]3CCO)nc12,7.3979400086720375
CHEMBL524059,CDK2,40.0,nM,O=C(O)c1ccc(Nc2nccc(-c3cnn4ncccc34)n2)cc1,7.3979400086720375
CHEMBL6022752,CDK9,40.0,nM,O=C(Cn1ccc2ncc(-c3cc(NC(=O)[C@@H]4CCCNC4)ncc3Cl)cc21)C1CCOCC1,7.3979400086720375
CHEMBL415789,CDK1,40.0,nM,CSc1ccc(CC(=O)Nc2n[nH]c3ccc(N4CCCS4(=O)=O)cc23)cc1,7.3979400086720375
CHEMBL4784117,CDK9,40.0,nM,CC(=O)N[C@@H]1CC[C@H](C(=O)Nc2cc(-c3cnn4c3CC(C)(C)C4)c(Cl)cn2)C1,7.3979400086720375
CHEMBL5845618,CDK1,40.0,nM,C[C@@H]1NC(=O)C2(CCCCC2)n2c1cc1cnc(Nc3ccc(S(N)(=O)=O)cc3)nc12,7.3979400086720375
CHEMBL4584344,CDK1,40.0,nM,COCCNS(=O)(=O)c1ccc(Nc2ncc(-c3cnc4cccnn34)cn2)cc1,7.3979400086720375
CHEMBL3702198,CDK4,40.0,nM,CN1CCN(c2ccc(Nc3ncc4c5ccccc5n(C5CCCC5)c4n3)nc2)CC1,7.3979400086720375
CHEMBL174977,CDK1,40.0,nM,CCn1cnc2c(Nc3ccc(F)cc3)nc(N[C@H]3CC[C@H](O)CC3)nc21,7.3979400086720375
CHEMBL3702188,CDK6,40.0,nM,CN(C)[C@H]1CCN(c2ccc(Nc3ncc4c5ccncc5n(C5CCCC5)c4n3)nc2)C1,7.3979400086720375
CHEMBL3702189,CDK6,40.0,nM,CN(C)[C@@H]1CCN(c2ccc(Nc3ncc4c5ccncc5n(C5CCCC5)c4n3)nc2)C1,7.3979400086720375
CHEMBL4753076,CDK9,40.0,nM,CC(=O)N[C@@H]1CCC[C@H](C(=O)Nc2cc(-c3cnn4c3CC(C)(C)C4)c(C)cn2)C1,7.3979400086720375
CHEMBL5880170,CDK9,40.0,nM,Fc1cccc(Cn2cnc3ccc(-c4cc(N[C@H]5CC[C@H](NCc6ccncc6)CC5)ncc4Cl)cc32)c1,7.3979400086720375
CHEMBL3702172,CDK4,40.0,nM,O=S1(=O)CCC(c2ccc(Nc3ncc4c5ccncc5n(C5CCCC5)c4n3)nc2)CC1,7.3979400086720375
CHEMBL3931677,CDK9,40.0,nM,CN(C)C(=O)CN1CC=C(c2[nH]c3nccc4c3c2CN(C)c2cc(F)c(F)cc2-4)CC1,7.3979400086720375
CHEMBL3938400,CDK9,40.0,nM,CN1Cc2c(C3=CCN(CC(=O)N(C)C4CC(O)C4)CC3)[nH]c3nccc(c23)-c2cc(F)ccc21,7.3979400086720375
CHEMBL3929697,CDK9,40.0,nM,CN1Cc2c(C3=CCN(S(C)(=O)=O)CC3)[nH]c3ncc(F)c(c23)-c2ccccc21,7.3979400086720375
CHEMBL3655772,CDK2,40.0,nM,CC[C@H](Nc1nc(NCc2ccc(C(F)(F)F)nc2)c2ncn(C(C)C)c2n1)[C@@H](C)O,7.3979400086720375
CHEMBL482193,CDK2,40.0,nM,CC[C@H](CO)Nc1nc(NCc2ccccc2)n2ncc(C(C)C)c2n1,7.3979400086720375
CHEMBL3702156,CDK6,40.0,nM,C1=CCN(c2ccc(Nc3ncc4c5ccncc5n(C5CCCC5)c4n3)nn2)CC1,7.3979400086720375
CHEMBL3655768,CDK2,40.0,nM,CC[C@H](Nc1nc(NCC2CC2)c2ncn(C(C)C)c2n1)[C@@H](C)O,7.3979400086720375
CHEMBL2012406,CDK1,40.0,nM,C[C@@H]1CCCN1C(=O)c1cc(Nc2ncc3cnn([C@@H]4C[C@H]5C[C@H]5C4)c3n2)cn1C,7.3979400086720375
CHEMBL3641933,CDK4,40.0,nM,C[C@H](CO)n1c2cnccc2c2cnc(Nc3ccc(N4CCNCC4)cn3)nc21,7.3979400086720375
CHEMBL3655770,CDK2,40.0,nM,CC[C@H](Nc1nc(NCc2ccncc2)c2ncn(C(C)C)c2n1)[C@@H](C)O,7.3979400086720375
CHEMBL359963,CDK2,40.0,nM,CC(C)c1ccc(Nc2nccc(-c3cnn4ncccc34)n2)cc1,7.3979400086720375
CHEMBL1207227,CDK1,40.0,nM,O=C1C(c2c(O)[nH]c3ccc(S(=O)(=O)O)cc23)=Nc2ccccc21,7.3979400086720375
CHEMBL2426387,CDK4,40.0,nM,COc1ccc(NC(=S)NC(=O)c2cn(-c3ccccc3)nc2-c2ccc(Cl)cc2)cc1,7.3979400086720375
CHEMBL2426383,CDK4,40.0,nM,COc1ccc(NC(=S)NC(=O)c2cn(-c3ccccc3)nc2-c2ccc(C)cc2)cc1,7.3979400086720375
CHEMBL495751,CDK2,40.0,nM,CCN(CC)CCNC(=O)c1cccc(Nc2nccc(-c3cnn4ncccc34)n2)c1,7.3979400086720375
CHEMBL5800551,CDK9,40.0,nM,NC(=O)[C@@H]1CCCN(c2cc(Cc3cncc(F)c3)c(Cl)cn2)C1,7.3979400086720375
CHEMBL5818702,CDK2,40.2,nM,C/C(=N/O)N(C)CCN1CCc2nc(Nc3ncc(F)c(-c4cc(F)c5nc(C)n(C(C)(C)C)c5c4)n3)ccc2C1,7.39577394691553
CHEMBL5976927,CDK2,40.6,nM,Cc1nc2c(F)cc(-c3nc(Nc4ccc5c(n4)CCN(C(=O)C4CC(N)C4)C5)ncc3F)cc2n1C(C)C,7.391473966422806
CHEMBL5838602,CDK9,41.0,nM,Cn1nnc2ccc(Cn3ccc4ncc(-c5cc(NC(=O)[C@@H]6CCCNC6)ncc5Cl)cc43)cc21,7.3872161432802645
CHEMBL3642037,CDK6,41.0,nM,CN(C)[C@@H]1CN(c2ccc(Nc3ncc4c5ccncc5n(C5CCCC5)c4n3)nn2)CC[C@H]1O,7.3872161432802645
CHEMBL368351,CDK1,41.0,nM,CCn1cnc2c(Nc3cccc(Cl)c3)nc(N3CCC[C@@H]3CN)nc21,7.3872161432802645
CHEMBL5092362,CDK9,41.0,nM,Nc1cc(-c2ccc3occc3c2)cc(N)n1,7.3872161432802645
CHEMBL3644020,CDK1,41.0,nM,C[C@@H](O)[C@@H](C)Oc1nc(Nc2ccc(S(=O)(=O)c3ccccc3)cc2)ncc1C(F)(F)F,7.3872161432802645
CHEMBL3648101,CDK2,41.0,nM,CC(O)CSc1nc(Nc2ccc(S(C)(=N)=O)cc2)ncc1Br,7.3872161432802645
CHEMBL1964246,CDK1,41.0,nM,O=C1Nc2ccc3ncsc3c2/C1=C/Nc1ccc(S(=O)(=O)NCCO)cc1,7.3872161432802645
CHEMBL1964244,CDK1,41.0,nM,O=C1Nc2ccc3ncsc3c2/C1=C/Nc1ccc(S(=O)(=O)Nc2ccccc2)cc1,7.3872161432802645
CHEMBL2012407,CDK1,41.0,nM,Cn1cc(Nc2ncc3cnn([C@@H]4C[C@H]5C[C@H]5C4)c3n2)cc1C(=O)N1CCCC1,7.3872161432802645
CHEMBL5842072,CDK9,41.0,nM,CC1(C)Cc2ncc(-c3cc(NC(=O)[C@H]4C[C@@H](O)C4)ncc3Cl)n2C1,7.3872161432802645
CHEMBL3668431,CDK9,41.0,nM,CN1CCC(c2cc3c(-c4nc(NCc5ccc(S(C)(=O)=O)cc5)ccc4Cl)ccnc3[nH]2)CC1,7.3872161432802645
CHEMBL6017486,CDK6,41.0,nM,CC(C)N1CCOc2c(F)cc(-c3nc(Nc4ccc(S(=O)(=O)NC5CCNCC5)cc4)ncc3F)cc21,7.3872161432802645
CHEMBL248890,CDK1,41.0,nM,OCc1cccc2[nH]c(-c3n[nH]c4ncc(-c5cncc6ccccc56)cc34)nc12,7.3872161432802645
CHEMBL2426384,CDK2,41.0,nM,Cc1ccc(-c2nn(-c3ccccc3)cc2C(=O)NC(=S)Nc2ccc(F)cc2)cc1,7.3872161432802645
CHEMBL4553241,CDK1,41.0,nM,CC(C)c1cnn2c(NCc3ccccc3)cc(NC[C@]3(CO)CCNC3)nc12,7.3872161432802645
CHEMBL3691648,CDK4,41.0,nM,CN(C)C(=O)c1cc2cnc(Nc3ccc(N4CC5CC4CN5)cn3)nc2n1C1CCCC1,7.3872161432802645
CHEMBL3982622,CDK9,41.0,nM,CNC(=O)N1CC2C=C(c3[nH]c4nccc5c4c3CN(C)c3ccc(F)cc3-5)CC2C1,7.3872161432802645
CHEMBL1081451,CDK2,41.0,nM,N[C@H](CNc1nnc(-c2ccc3[nH]ncc3c2)s1)Cc1ccc(Cl)cc1,7.3872161432802645
CHEMBL3702055,CDK4,41.0,nM,Cc1nccc2c3cnc(Nc4ccc(N5CCC(N(C)C)CC5)cn4)nc3n(C3CCCC3)c12,7.3872161432802645
CHEMBL3673534,CDK9,41.0,nM,CN1CCC(c2cc3c(-c4cncc(NCc5cccnc5)n4)ccnc3[nH]2)CC1,7.3872161432802645
CHEMBL271160,CDK1,41.0,nM,CC(C)Oc1cccc2c1/C(=N/Nc1ccc(S(N)(=O)=O)cc1)C(=O)N2,7.3872161432802645
CHEMBL5770062,CDK4,41.0,nM,CC(C)N1CCOc2c(F)cc(-c3nc(Nc4ccc(C5CCNCC5)c(C(F)(F)F)c4)ncc3F)cc21,7.3872161432802645
CHEMBL5761374,CDK6,41.0,nM,OC1CCN(c2ccc(Nc3ncc(F)c(-c4cc(F)c5c(c4)N(C4CCC4)CCO5)n3)nc2)CC1,7.3872161432802645
CHEMBL3928730,CDK9,41.0,nM,CN1Cc2c(C3=C[C@@H](CO)NCC3)[nH]c3nccc(c23)-c2cc(F)ccc21,7.3872161432802645
CHEMBL3905946,CDK9,41.0,nM,CN1Cc2c(C3=C[C@H]4COC(=O)N4CC3)[nH]c3nccc(c23)-c2cc(F)ccc21,7.3872161432802645
CHEMBL4213219,CDK1,41.1,nM,Cc1nc2c(F)cc(-c3nc(Nc4ccc5c(n4)CCN(C(=O)CO)C5)ncc3F)cc2n1C(C)C,7.386158178123931
CHEMBL5532236,CDK2,41.18,nM,CCC(=O)Nc1ccc(CNc2nc(O[C@@H]3CCCNC3)nc3c(C(C)C)cnn23)cc1,7.385313657717988
CHEMBL6163082,CDK2,41.7,nM,O=C(NNC(=O)c1oc2ccccc2c1CN1CCN(c2ccccc2)CC1)Nc1ccc(Cl)c(C(F)(F)F)c1,7.379863945026242
CHEMBL6162110,CDK6,42.0,nM,CN1CCN(c2ccc(Nc3ncc(F)c(-c4ccc5c(c4)OC4(CCN(C(=O)C(F)(F)F)CC4)CC5=O)n3)nc2)CC1,7.376750709602099
CHEMBL3923934,CDK9,42.0,nM,CN1Cc2c(C3=CCN(C4CC(CC(=O)O)C4)CC3)[nH]c3nccc(c23)-c2cc(F)ccc21,7.376750709602099
CHEMBL141247,CDK4,42.0,nM,O=C(Nc1ccccn1)Nc1cccc2c1[C@H]1CCCN1C2=O,7.376750709602099
CHEMBL6145888,CDK6,42.0,nM,CC(=O)N1CCC2(CC1)CC(=O)c1ccc(-c3nc(Nc4ccc(C5CCN(C(=O)OC(C)(C)C)CC5)cn4)ncc3F)cc1O2,7.376750709602099
CHEMBL6023090,CDK9,42.0,nM,Fc1cccc(Cn2cnc3ccc(-c4cc(NCCNc5cccnc5)ncc4Cl)cc32)c1,7.376750709602099
CHEMBL5866865,CDK9,42.0,nM,O=C(Nc1cc(-c2cnc3ncn(Cc4cccc(F)c4)c3n2)c(Cl)cn1)[C@@H]1CCCNC1,7.376750709602099
CHEMBL488256,CDK2,42.0,nM,CNC(=O)c1ccc(Nc2nccc(-c3cnc(C)n3CC3CC3)n2)cc1,7.376750709602099
CHEMBL3641991,CDK4,42.0,nM,O[C@@H]1CCN(c2ccc(Nc3ncc4c5ccncc5n(C5CCC5)c4n3)nc2)C1,7.376750709602099
CHEMBL2112297,CDK1,42.0,nM,O=C1Nc2ccc3ncsc3c2/C1=C/Nc1ccc(S(=O)(=O)N[n+]2ccc3ccccc3c2)cc1,7.376750709602099
CHEMBL3642651,CDK2,42.0,nM,CC(C)c1cc(NCc2ccncc2)n2ncc(Br)c2n1,7.376750709602099
CHEMBL1800455,CDK2,42.0,nM,Nc1nc(-c2cc(N3C[C@H](O)[C@@H](O)C3)ccc2O)cc(C2CCCC2)n1,7.376750709602099
CHEMBL3663806,CDK9,42.0,nM,COc1cc(F)ccc1-c1ccnc2[nH]c(C3CNCCO3)cc12,7.376750709602099
CHEMBL402759,CDK1,42.0,nM,O=C(Cc1ccc(-c2ccccc2)cc1)Nc1n[nH]c2ccc(N3CCCS3(=O)=O)cc12,7.376750709602099
CHEMBL3648088,CDK2,42.0,nM,CCOC(=O)N=S(=O)(CC)c1ccc(Nc2ncc(Br)c(N[C@H](C)C(C)(C)O)n2)cc1,7.376750709602099
CHEMBL3702225,CDK6,42.0,nM,CC[C@@H](C)n1c2cnccc2c2cnc(Nc3ccc(N4CCC(NC)CC4)cn3)nc21,7.376750709602099
CHEMBL3937675,CDK9,42.0,nM,CN1Cc2c(C3=CCN(CC(=O)O)CC3)[nH]c3nccc(c23)-c2cc(F)c(F)cc21,7.376750709602099
CHEMBL3668559,CDK9,42.0,nM,COc1ccc(F)cc1-c1c(F)cnc2[nH]c(C3=CCN(CC(=O)N4CC(O)C4)CC3)cc12,7.376750709602099
CHEMBL3691619,CDK4,42.0,nM,CN(C)C(=O)c1cc2cnc(Nc3ccc(N4CC5CCC(N5)C4=O)cn3)nc2n1C1CCCCCC1,7.376750709602099
CHEMBL5805868,CDK1,42.0,nM,CC1C(=O)Nc2cc3cnc(Nc4ccc(S(=O)(=O)N5CCN(C)CC5)cc4)nc3n2C12CCCCC2,7.376750709602099
CHEMBL6162963,CDK9,42.0,nM,COc1cc(F)ccc1-c1cc(Nc2cc(CN3CCN(C(=O)c4cc(Cc5n[nH]c(=O)c6ccccc56)ccc4F)CC3)ccn2)ncn1,7.376750709602099
CHEMBL2426386,CDK2,42.0,nM,Cc1ccc(NC(=S)NC(=O)c2cn(-c3ccccc3)nc2-c2ccc(Cl)cc2)cc1,7.376750709602099
CHEMBL2426399,CDK4,42.0,nM,COc1ccc(NC(=S)NC(=O)c2cn(-c3ccccc3)nc2-c2ccccc2)cc1,7.376750709602099
CHEMBL2426387,CDK6,42.0,nM,COc1ccc(NC(=S)NC(=O)c2cn(-c3ccccc3)nc2-c2ccc(Cl)cc2)cc1,7.376750709602099
CHEMBL5793416,CDK9,42.0,nM,Fc1cccc(Cn2cnc3ccc(-c4cc(N[C@H]5CC[C@H](NCC6CCCO6)CC5)ncc4Cl)cc32)c1,7.376750709602099
CHEMBL5921367,CDK9,42.0,nM,Clc1cnc(NC2CC3(CCNCC3)C2)cc1-c1ccc2ncn(CC3CCOCC3)c2c1,7.376750709602099
CHEMBL1800450,CDK2,42.0,nM,Cc1cc(-c2cc(N3C[C@H](O)[C@@H](O)C3)ccc2O)nc(N)n1,7.376750709602099
CHEMBL5411187,CDK1,42.19,nM,COc1ccc(Cc2nnc(N3CCN(C(=S)Nc4cccc(Cl)c4)CC3)c3ccccc23)cc1,7.374790474618119
CHEMBL5933703,CDK9,42.3,nM,CNCCN1CCc2nc(Nc3ncc(F)c(-c4cc(F)c5nc(C)n(C6(C)CC6)c5c4)n3)ccc2C1,7.373659632624958
CHEMBL5836990,CDK4,42.3,nM,Cc1nc2c(F)cc(-c3nc(Nc4ccc5c(n4)CCNC5)ncc3F)cc2n1C(C)C,7.373659632624958
CHEMBL5848732,CDK4,42.3,nM,Cc1nc2c(F)cc(-c3nc(Nc4ncc5c(n4)CCNC5)ncc3F)cc2n1C(C)C,7.373659632624958
CHEMBL3691631,CDK4,42.5,nM,CN(C)C(=O)c1cc2cnc(Nc3ccc(N4CC5(CC6CCC(C5)N6)OC4=O)cn3)nc2n1C1CCCCC1,7.371611069949688
CHEMBL5816005,CDK2,42.8,nM,Cc1nc2c(F)cc(-c3nc(Nc4ccc5c(n4)CCN(CCN4CCOCC4)C5)ncc3F)cc2n1C(C)(C)C,7.368556230986828
CHEMBL3959305,CDK9,43.0,nM,CN(CCO)C(=O)CN1CC2C=C(c3[nH]c4nccc5c4c3CN(C)c3ccc(F)cc3-5)CC2C1,7.366531544420413
CHEMBL3668391,CDK9,43.0,nM,COc1ccc(F)cc1-c1ccnc2[nH]c(C3CCN(CCN4CCOCC4)C3)cc12,7.366531544420413
CHEMBL2426390,CDK2,43.0,nM,Cc1ccc(NC(=S)NC(=O)c2cn(-c3ccccc3)nc2-c2ccc(F)cc2)cc1,7.366531544420413
CHEMBL3912612,CDK9,43.0,nM,CN1Cc2c(C3=CCN(CC(=O)N(C)C4CC(O)C4)CC3)[nH]c3ncc(F)c(c23)-c2cc(F)ccc21,7.366531544420413
CHEMBL3698717,CDK4,43.0,nM,COC1CCN(c2cnc(Nc3ncc4c5ccncc5n(C5CCCC5)c4n3)cn2)C1,7.366531544420413
CHEMBL2426383,CDK6,43.0,nM,COc1ccc(NC(=S)NC(=O)c2cn(-c3ccccc3)nc2-c2ccc(C)cc2)cc1,7.366531544420413
CHEMBL5785031,CDK9,43.0,nM,NCCCNc1cc(-c2ccc3ncn(Cc4cccc(F)c4)c3c2)c(Cl)cn1,7.366531544420413
CHEMBL5781694,CDK9,43.0,nM,Fc1cccc(Cn2cnc3ccc(-c4cc(NCCNc5ccncc5)ncc4Cl)cc32)c1,7.366531544420413
CHEMBL271183,CDK2,43.0,nM,NS(=O)(=O)c1ccc(N/N=C2\C(=O)Nc3cc(Br)ccc32)cc1,7.366531544420413
CHEMBL407709,CDK1,43.0,nM,NS(=O)(=O)c1ccc(N/N=C2\C(=O)Nc3ccc4ncsc4c32)cc1,7.366531544420413
CHEMBL3668478,CDK9,43.0,nM,Clc1ccc(NCc2cccnc2)nc1-c1ccnc2[nH]c(C3CCCNC3)cc12,7.366531544420413
CHEMBL3673535,CDK9,43.0,nM,OCC(O)CN1CCC(c2cc3c(-c4cncc(NCc5cccnc5)n4)ccnc3[nH]2)CC1,7.366531544420413
CHEMBL3644025,CDK2,43.0,nM,C#CCS(=O)(=O)c1ccc(Nc2ncc(C(F)(F)F)c(O[C@H](C)C(C)(C)O)n2)cc1,7.366531544420413
CHEMBL3648089,CDK1,43.0,nM,CCOC(=O)N=S(=O)(CC)c1ccc(Nc2ncc(Br)c(N[C@H](C)[C@H](C)O)n2)cc1,7.366531544420413
CHEMBL5925614,CDK9,43.0,nM,CC(C(=O)Nc1cc(-c2ccc3ncn(Cc4cccc(F)c4)c3c2)c(Cl)cn1)S(=O)(=O)C1CCOCC1,7.366531544420413
CHEMBL3644023,CDK1,43.0,nM,C=CCS(=O)(=O)c1ccc(Nc2ncc(C(F)(F)F)c(O[C@H](C)C(C)(C)O)n2)cc1,7.366531544420413
CHEMBL190281,CDK2,43.0,nM,O=c1c(Br)cc2cnc(Nc3ccc(N4CCNCC4)cc3)nc2n1C1CCCC1,7.366531544420413
CHEMBL5957288,CDK9,43.0,nM,OCC(O)CN[C@H]1CC[C@H](Nc2cc(-c3ccc4ncn(Cc5cccc(F)c5)c4c3)c(Cl)cn2)CC1,7.366531544420413
CHEMBL272387,CDK2,43.0,nM,NS(=O)(=O)c1ccc(N/N=C2\C(=O)Nc3ccc(S(N)(=O)=O)cc32)cc1,7.366531544420413
CHEMBL5769321,CDK9,43.0,nM,O=C(Nc1cc(-c2ccc3nnn(CCc4cccc(F)c4)c3c2)c(Cl)cn1)[C@@H]1CCCNC1,7.366531544420413
CHEMBL193860,CDK1,43.0,nM,FC(F)(F)c1cnc(Nc2ccc3[nH]cnc3c2)nc1OC1CCCCC1,7.366531544420413
CHEMBL5517681,CDK9,43.2,nM,CC(=O)Nc1ccc(CNc2nc(N3CCC[C@H](O)C3)nc3c(C(C)C)cnn23)cc1,7.364516253185088
CHEMBL6019326,CDK4,44.0,nM,CCCc1nc(Nc2ncc(F)c(-c3cc(F)c4c(c3)N(C(C)C)CCO4)n2)ccc1C1CCN(C)CC1,7.356547323513812
CHEMBL6148005,CDK6,44.0,nM,CC(=O)N1CCC2(CC1)CC(=O)c1ccc(-c3nc(Nc4ccc(N5CCCCC5)cn4)ncc3F)cc1O2,7.356547323513812
CHEMBL3952162,CDK9,44.0,nM,CN(C)C(=O)CN1CC=C(c2[nH]c3ncc(F)c4c3c2CN(C)c2ccc(F)cc2-4)CC1,7.356547323513812
CHEMBL4218267,CDK1,44.0,nM,CCN1CCN(Cc2cnc(Nc3cc(-c4cc(F)c5nc(C)n(C(C)C)c5c4)c(F)cn3)cn2)CC1,7.356547323513812
CHEMBL3985050,CDK9,44.0,nM,CN1Cc2c(C3=CCN(CC(=O)N4CC(O)C4)CC3)[nH]c3nccc(c23)-c2cc(F)ccc21,7.356547323513812
CHEMBL3668407,CDK9,44.0,nM,COc1ccc(F)cc1-c1ccnc2[nH]c(C3CCN(C(C)=O)CC3)cc12,7.356547323513812
CHEMBL6020185,CDK4,44.0,nM,CC(C)N1CCOc2c(F)cc(-c3nc(Nc4ccc(C5CCN(C)CC5)c(C5CC5)n4)ncc3F)cc21,7.356547323513812
CHEMBL3702243,CDK4,44.0,nM,CC1(C)CN(c2ccc(Nc3ncc4c5ccncc5n(C5CCC5)c4n3)nc2)CCN1,7.356547323513812
CHEMBL3668382,CDK9,44.0,nM,COc1ccc(F)cc1-c1ccnc2[nH]c(C3CCN(CCO)C3)cc12,7.356547323513812
CHEMBL3668383,CDK9,44.0,nM,COc1ccc(F)cc1-c1ccnc2[nH]c(C3CCN(C4CCOCC4)C3)cc12,7.356547323513812
CHEMBL4740254,CDK9,44.0,nM,CC1(C)Cc2c(-c3cc(NC(=O)[C@H]4C[C@@H](O)C4)ncc3Cl)cnn2C1,7.356547323513812
CHEMBL5758722,CDK9,44.0,nM,Fc1cccc(Cn2cnc3ccc(-c4cc(N[C@H]5CC[C@H](NCC6CC6)CC5)ncc4Cl)cc32)c1,7.356547323513812
CHEMBL4846069,CDK2,44.0,nM,COc1ccc(CC(=O)Nc2cc(C3CCC3)[nH]n2)cc1,7.356547323513812
CHEMBL3263773,CDK9,44.0,nM,COc1ccccc1-c1cc(Nc2cccc(CS(N)(=O)=O)c2)ncn1,7.356547323513812
CHEMBL3648121,CDK1,44.0,nM,CCS(=N)(=O)c1ccc(Nc2ncc(Br)c(N[C@@H](COC)[C@H](C)O)n2)cc1,7.356547323513812
CHEMBL3648078,CDK1,44.0,nM,C[C@@H](Nc1nc(Nc2ccc(S(=N)(=O)C3CCCC3)cc2)ncc1Br)C(C)(C)O,7.356547323513812
CHEMBL3691683,CDK1,44.0,nM,CN(C)C(=O)c1cc2cnc(Nc3ccc(C(=O)N4C[C@H]5CC[C@@H](C4)N5C)cn3)nc2n1C1CCCC1,7.356547323513812
CHEMBL3668377,CDK9,44.0,nM,C[C@H](Nc1cccc(-c2ccnc3[nH]c(C4CCN(C)CC4)cc23)n1)c1ccccc1,7.356547323513812
CHEMBL498659,CDK2,44.0,nM,Cl.O=C(N[C@H]1CCCNC1)c1n[nH]cc1NC(=O)c1c(F)cccc1F,7.356547323513812
CHEMBL3641966,CDK4,44.0,nM,O[C@@H]1CCN(c2ccc(Nc3ncc4c5ccncc5n([C@H]5CCC[C@@H]5O)c4n3)nn2)C1,7.356547323513812
CHEMBL5194832,CDK2,44.0,nM,C[C@@H]1CCC[C@H]1N1C(=O)C2(CC2)c2cnc(Nc3ccc(S(=O)(=O)N[C@@H]4CCCN(C)C4)cc3)nc21,7.356547323513812
CHEMBL3641920,CDK4,44.0,nM,O[C@@H]1CCC[C@@H]1n1c2cnccc2c2cnc(Nc3ccc(N4CCNCC4)cn3)nc21,7.356547323513812
CHEMBL6149181,CDK6,44.0,nM,CC(=O)N1CCC2(CC1)CC(=O)c1ccc(-c3nc(Nc4ccc(C5CCN(C)CC5)cn4)ncc3F)cc1O2,7.356547323513812
CHEMBL2426393,CDK2,44.0,nM,O=C(NC(=S)Nc1ccc(Cl)cc1)c1cn(-c2ccccc2)nc1-c1ccc(F)cc1,7.356547323513812
CHEMBL3691583,CDK4,44.0,nM,CN(C)C(=O)c1cc2cnc(Nc3ccc(C(=O)N4[C@@H]5CNC[C@H]4COC5)cn3)nc2n1C1CCCC1,7.356547323513812
CHEMBL3673552,CDK9,44.0,nM,NC(=O)C1CC=C(c2cc3c(-c4cncc(NCc5cccc(F)c5)n4)ccnc3[nH]2)CC1,7.356547323513812
CHEMBL3673548,CDK9,44.0,nM,O=C(O)C1CC=C(c2cc3c(-c4cncc(NCc5cccc(F)c5)n4)ccnc3[nH]2)CC1,7.356547323513812
CHEMBL3903886,CDK9,44.0,nM,CN1Cc2c(C3=CC4CCCC(C3)N4C(=O)CC#N)[nH]c3nccc(c23)-c2cc(F)ccc21,7.356547323513812
CHEMBL5426122,CDK1,44.52,nM,S=C(Nc1cccc(Cl)c1)N1CCN(c2nnc(Cc3ccccc3)c3ccccc23)CC1,7.35144484433733
CHEMBL5941698,CDK1,44.8,nM,C=C(CN1CCN(C)CC1)N1CCc2nc(Nc3ncc(F)c(-c4cc(F)c5nc(C)n(C6CCCC6)c5c4)n3)ccc2C1,7.3487219860018556
CHEMBL4206061,CDK1,44.8,nM,Cc1nc2c(F)cc(-c3nc(Nc4ccc5c(n4)CCN(C(=O)CN4CCN(C)CC4)C5)ncc3F)cc2n1C(C)C,7.3487219860018556
CHEMBL5531956,CDK9,44.82,nM,CC[C@@H](CO)Nc1nc(NCc2ccc(NC(C)=O)cc2)n2ncc(C(C)C)c2n1,7.348528147800957
CHEMBL6058303,CDK2,44.9,nM,Cc1nc2c(F)cc(-c3nc(Nc4ccc5c(n4)C[C@H](C)N(CCN(C)C)C5)ncc3F)cc2n1C(C)(C)C,7.347753658996677
CHEMBL5941236,CDK2,44.9,nM,CC1(C)CCc2nc3c(F)cc(-c4nc(Nc5ccc(OCC6CCN(CCCO)CC6)cn5)ncc4F)cc3n21,7.347753658996677
CHEMBL5982253,CDK2,44.9,nM,Cc1nc2c(F)cc(-c3nc(Nc4ccc5c(n4)C[C@@H](C)N(CCN(C)C)C5)ncc3F)cc2n1C(C)(C)C,7.347753658996677
CHEMBL3668499,CDK9,45.0,nM,COc1ccc(F)cc1-c1c(F)cnc2[nH]c(C3=CCN(CC(=O)N(C)C)CC3)cc12,7.346787486224656
CHEMBL5180640,CDK9,45.0,nM,COc1cc(F)ccc1-c1ccnc2[nH]c(C3CCN(CCO)CC3)cc12,7.346787486224656
CHEMBL3639673,CDK9,45.0,nM,COc1ccc(F)cc1-c1ccnc2[nH]c(C3CCN(CC(=O)NC4CC(O)C4)CC3)cc12,7.346787486224656
CHEMBL3946513,CDK9,45.0,nM,CN1Cc2c(C3=CCN(CC(=O)N4CCC[C@H]4CO)CC3)[nH]c3nccc(c23)-c2cc(F)c(F)cc21,7.346787486224656
CHEMBL5862185,CDK9,45.0,nM,CN(C)CC(C)(C)CNc1cc(-c2ccc3ncn(Cc4cccc(F)c4)c3c2)c(Cl)cn1,7.346787486224656
CHEMBL1800456,CDK1,45.0,nM,Nc1nc(-c2cc(N3C[C@H](O)[C@@H](O)C3)ccc2O)cc(C2CCCCC2)n1,7.346787486224656
CHEMBL3673529,CDK9,45.0,nM,CNC(=O)N1CCC(c2cc3c(-c4cncc(OCc5cccc(F)c5)n4)ccnc3[nH]2)CC1,7.346787486224656
CHEMBL5917328,CDK9,45.0,nM,OCCCNc1cc(-c2ccc3ncn(Cc4cccc(F)c4)c3c2)c(Cl)cn1,7.346787486224656
CHEMBL3668522,CDK9,45.0,nM,COc1ccc(F)cc1-c1ccnc2[nH]c(C3=CCN(CC(=O)N(C)C)CC3)c(C#N)c12,7.346787486224656
CHEMBL3668514,CDK9,45.0,nM,COc1ccc(F)cc1-c1ccnc2[nH]c(C3CCN(CC(=O)N4CCC[C@H]4CO)CC3)cc12,7.346787486224656
CHEMBL3702162,CDK4,45.0,nM,c1cc(-c2ccc(Nc3ncc4c5ccncc5n(C5CCCC5)c4n3)nc2)ccn1,7.346787486224656
CHEMBL1964255,CDK1,45.0,nM,N=C(N)NS(=O)(=O)c1ccc(N/C=C2\C(=O)Nc3ccc4ncsc4c32)cc1,7.346787486224656
CHEMBL1964249,CDK1,45.0,nM,COCCOCCOCCOCCN(C)S(=O)(=O)c1ccc(N/C=C2\C(=O)Nc3ccc4ncsc4c32)cc1,7.346787486224656
CHEMBL496162,CDK4,45.0,nM,CC(C)Oc1ccc2c(-c3ccnc(Nc4ccc(N5CCN(C)CC5)cc4)n3)cnn2n1,7.346787486224656
CHEMBL3668432,CDK9,45.0,nM,CN1CCC(c2cc3c(-c4nc(NCc5ccc(S(N)(=O)=O)cc5)ccc4Cl)ccnc3[nH]2)CC1,7.346787486224656
CHEMBL5750766,CDK9,45.0,nM,COCN1C=C(CN[C@H]2CC[C@H](Nc3cc(-c4ccc5ncn(Cc6cccc(F)c6)c5c4)c(Cl)cn3)CC2)NN1,7.346787486224656
CHEMBL564829,CDK2,45.0,nM,CNC(=O)c1nn(C)c2c1C(C)(C)Cc1cnc(Nc3ccc(N4CCN(C)CC4)cc3)nc1-2,7.346787486224656
CHEMBL3691677,CDK4,45.0,nM,CN(C)C(=O)c1cc2cnc(Nc3ccc(N4C[C@@H]5CC[C@H](CC4=O)N5C)cn3)nc2n1C1CCCC1,7.346787486224656
CHEMBL4079206,CDK6,45.0,nM,CN1CC[C@H](c2c(O)cc(O)c3c(=O)cc(/C=C/c4c(Cl)cccc4Cl)oc23)[C@H](O)C1,7.346787486224656
CHEMBL559844,CDK2,45.0,nM,CNC(=O)c1nn(C)c2c1CCc1cnc(Nc3ccc(N4CCN(C)CC4)cc3)nc1-2,7.346787486224656
CHEMBL3641931,CDK4,45.0,nM,CNC1CCN(c2ccc(Nc3ncc4c5ccncc5n([C@@H](C)CO)c4n3)nn2)CC1,7.346787486224656
CHEMBL564829,CDK4,45.0,nM,CNC(=O)c1nn(C)c2c1C(C)(C)Cc1cnc(Nc3ccc(N4CCN(C)CC4)cc3)nc1-2,7.346787486224656
CHEMBL6013201,CDK6,45.0,nM,CC(C)N1CCOc2c(F)cc(-c3nc(Nc4cnn(C5CCC(O)CC5)c4)ncc3F)cc21,7.346787486224656
CHEMBL564829,CDK1,45.0,nM,CNC(=O)c1nn(C)c2c1C(C)(C)Cc1cnc(Nc3ccc(N4CCN(C)CC4)cc3)nc1-2,7.346787486224656
CHEMBL6162191,CDK9,45.0,nM,COc1cccc(-c2cc(Nc3cc(CN4CCN(C(=O)c5cc(Cc6n[nH]c(=O)c7ccccc67)ccc5F)CC4)ccn3)ncn2)c1,7.346787486224656
CHEMBL3691591,CDK4,45.0,nM,CN(C)C(=O)c1cc2cnc(Nc3ccc(C(=O)N4CC5C[C@@H]4CN5)cn3)nc2n1C1CCCC1,7.346787486224656
CHEMBL5592661,CDK1,45.0,nM,CS(=O)(=O)N1CCC(Nc2ncc(C(F)(F)F)c(-c3cnn(-c4ccc(C#N)cc4Cl)c3)n2)CC1,7.346787486224656
CHEMBL3911547,CDK9,45.0,nM,CN(CC(O)CO)C(=O)CN1CC=C(c2[nH]c3ncc(F)c4c3c2CN(C)c2ccc(F)cc2-4)CC1,7.346787486224656
CHEMBL3920906,CDK9,45.0,nM,CN1Cc2c(C3=CCN(C4CCC(=CC#N)CC4)CC3)[nH]c3nccc(c23)-c2cc(F)ccc21,7.346787486224656
CHEMBL3237449,CDK4,45.0,nM,C[C@@H](CO)n1c2cnccc2c2cnc(Nc3ccc(N4CCNCC4)cn3)nc21,7.346787486224656
CHEMBL4208366,CDK6,45.6,nM,CCN1CCN(Cc2ccc(Nc3ncc(F)c(-c4cc(F)c5nc6n(c5c4)CCCC6)n3)nc2)CC1,7.341035157335565
CHEMBL6190675,CDK6,45.6,nM,CN(C)C(=O)c1cc2cnc(Nc3ccc(C(=O)N4CCC(c5nc6c(C(N)=O)cccc6[nH]5)C4)cc3Cl)nc2n1C1CCCC1,7.341035157335565
CHEMBL5555560,CDK9,45.68,nM,CCC(=O)Nc1ccc(CNc2nc(NC(CO)CO)nc3c(C(C)C)cnn23)cc1,7.340273904762208
CHEMBL3668459,CDK9,46.0,nM,CN1CCC(c2cc3c(-c4nc(NCc5cccc(S(C)(=O)=O)c5)ccc4Cl)ccnc3[nH]2)CC1,7.337242168318426
CHEMBL4211479,CDK6,46.0,nM,CCN1CCN(Cc2ccc(Nc3ncc(F)c(-c4cc(F)c5nc6n(c5c4)C(C)(C)CC6)n3)nc2C)CC1,7.337242168318426
CHEMBL3934364,CDK9,46.0,nM,CN1Cc2c(C3=CCCNC3)[nH]c3nccc(c23)-c2cc(F)ccc21,7.337242168318426
CHEMBL2158848,CDK2,46.0,nM,Cc1cccc(Nc2nccc(-c3ccnc(N4CCOCC4)c3)n2)c1,7.337242168318426
CHEMBL475948,CDK2,46.0,nM,Cc1ncc(-c2nc(Nc3ccc(N4CCC[C@H]4C(=O)N(C)C)cc3)ncc2F)n1C(C)C,7.337242168318426
CHEMBL3702204,CDK4,46.0,nM,O[C@@H]1CCN(c2ccc(Nc3ncc4c5ccccc5n(C5CCCC5)c4n3)nc2)C1,7.337242168318426
CHEMBL188392,CDK2,46.0,nM,NC(=O)c1cc(F)c(C(=O)c2c(N)nc3ccc(C(=O)c4c(Cl)cccc4Cl)cn23)c(F)c1,7.337242168318426
CHEMBL271843,CDK2,46.0,nM,Cc1ccc2c(c1)/C(=N/Nc1ccc(S(N)(=O)=O)cc1)C(=O)N2,7.337242168318426
CHEMBL151546,CDK2,46.0,nM,NC(=O)Nc1cccc2c1C(=O)c1c(-c3csc(Cl)c3)n[nH]c1-2,7.337242168318426
CHEMBL5994065,CDK9,46.0,nM,CNC(=O)N[C@H]1CC[C@H](Nc2cc(-c3ccc4ncn(Cc5cccc(F)c5)c4c3)c(Cl)cn2)CC1,7.337242168318426
CHEMBL3668397,CDK9,46.0,nM,COc1ccc(F)cc1-c1ccnc2[nH]c(C3CCN(C4CCNC4)C3)cc12,7.337242168318426
CHEMBL3975203,CDK9,46.0,nM,CN1Cc2c(C3=C[C@H]4CC[C@@H](C3)N4)[nH]c3nccc(c23)-c2cc(F)ccc21,7.337242168318426
CHEMBL3981309,CDK9,46.0,nM,CC(C)[C@@H](NC1CC=C(c2[nH]c3nccc4c3c2CN(C)c2ccc(F)cc2-4)CC1)C(=O)O,7.337242168318426
CHEMBL3691570,CDK4,46.0,nM,CC(=O)N1C2CCC1CN(C(=O)c1ccc(Nc3ncc4cc(C(=O)N(C)C)n(C5CCCC5)c4n3)nc1)C2,7.337242168318426
CHEMBL3951656,CDK9,46.0,nM,CN(CCO)C(=O)CN1CC=C(c2[nH]c3nccc4c3c2CN(C)c2cc(F)c(F)cc2-4)CC1,7.337242168318426
CHEMBL411425,CDK1,46.0,nM,CCc1cccc2c1/C(=N/Nc1ccc(S(N)(=O)=O)cc1)C(=O)N2,7.337242168318426
CHEMBL5287042,CDK2,46.0,nM,CCc1c(C(=O)NCCc2ccccc2)[nH]c2ccc(C)cc12,7.337242168318426
CHEMBL3953940,CDK9,46.0,nM,CN(C)C(=O)CN1CC2C=C(c3[nH]c4nccc5c4c3CN(C)c3ccc(F)cc3-5)CC2C1,7.337242168318426
CHEMBL2402946,CDK1,46.8,nM,NC1CCC(Nc2nc(NCc3ccc(-c4ccccc4O)nc3)c3ncn(C4CCCC4)c3n2)CC1,7.329754146925876
CHEMBL6147308,CDK2,46.88,nM,COc1cccc(NC(=O)NNC(=O)c2oc3ccccc3c2CN2CCN(c3ccccc3)CC2)c1,7.329012396989966
CHEMBL4793212,CDK9,46.9,nM,COc1cc(F)ccc1-c1ccnc(Nc2ccc3c(c2)N(C(C)C)[C@H](C)C(=O)N3C)n1,7.328827157284917
CHEMBL3691615,CDK4,47.0,nM,CN(C)C(=O)c1cc2cnc(Nc3ccc(C(=O)N4CC5CCC(C4)N5)cn3)nc2n1C1C[C@H]2CC[C@@H]1C2,7.327902142064282
CHEMBL3668517,CDK9,47.0,nM,CCN(C(=O)O)S(=O)(=O)NC1CC=C(c2cc3c(-c4cc(F)ccc4OC)ccnc3[nH]2)CC1,7.327902142064282
CHEMBL3237445,CDK6,47.0,nM,Cc1nccc2c3cnc(Nc4ccc(N5CCNCC5)cn4)nc3n(C3CCCC3)c12,7.327902142064282
CHEMBL2012410,CDK1,47.0,nM,Cn1cc(Nc2ncc3cnn([C@@H]4C[C@H]5C[C@H]5C4)c3n2)cc1C(=O)N1CCC[C@H]1CN1CCCC1,7.327902142064282
CHEMBL3691564,CDK4,47.0,nM,CN(C)C(=O)c1cc2cnc(Nc3ccc(C(=O)N4CCN5CCC[C@@H]5C4)cn3)nc2n1C1CCCC1,7.327902142064282
CHEMBL3702202,CDK4,47.0,nM,C[C@H]1CN(c2ccc(Nc3ncc4c5ccccc5n(C5CCCC5)c4n3)nn2)CCN1,7.327902142064282
CHEMBL402158,CDK1,47.0,nM,O=C(Cc1cccc(Br)c1)Nc1n[nH]c2ccc(N3CCCS3(=O)=O)cc12,7.327902142064282
CHEMBL3668501,CDK9,47.0,nM,CN(C)C(=O)CN1CC=C(c2cc3c(-c4cccc(F)c4F)ccnc3[nH]2)CC1,7.327902142064282
CHEMBL5440428,CDK2,47.0,nM,O=C(NC1CCNCC1)c1n[nH]cc1NC(=O)c1c(Cl)cccc1Cl.O=C(O)C(F)(F)F,7.327902142064282
CHEMBL5191333,CDK9,47.0,nM,COc1cc(F)ccc1-c1ccnc2[nH]c(C3CCC(NC(C)=O)C3)nc12,7.327902142064282
CHEMBL445813,CDK2,47.0,nM,O=C(NC1CCNCC1)c1n[nH]cc1NC(=O)c1c(Cl)cccc1Cl,7.327902142064282
CHEMBL2426383,CDK2,47.0,nM,COc1ccc(NC(=S)NC(=O)c2cn(-c3ccccc3)nc2-c2ccc(C)cc2)cc1,7.327902142064282
CHEMBL3984563,CDK9,47.0,nM,CCOC(=O)NS(=O)(=O)N1CC=C(c2[nH]c3nccc4c3c2CN(C)c2ccc(F)cc2-4)CC1,7.327902142064282
CHEMBL3668424,CDK9,47.0,nM,CN(C)CCOc1ccc(CNc2cccc(-c3ccnc4[nH]c(C5CCN(C)CC5)cc34)n2)cc1,7.327902142064282
CHEMBL560102,CDK2,47.0,nM,CNC(=O)c1nn(C)c2c1C(C)(C)Cc1cnc(Nc3cccc(OC4CCN(C)CC4)c3)nc1-2,7.327902142064282
CHEMBL211514,CDK4,47.0,nM,Cc1ccc(Cl)c(N(CC#N)c2cc(Nc3ccc(OC[C@@H](O)CN(C)C)cc3)ncn2)c1,7.327902142064282
CHEMBL4449998,CDK9,47.1,nM,Cc1nc2c(F)cc(-c3nc(Nc4ccc5c(n4)CCN(CCN(C)C)C5)ncc3F)cc2n1CC1CC1,7.326979092871104
CHEMBL5976517,CDK9,47.5,nM,Cc1nc2c(F)cc(-c3nc(Nc4ccc5c(n4)CCN(CC#CCN(C)C)C5)ncc3F)cc2n1C(C)C,7.323306390375134
CHEMBL4448494,CDK2,47.7,nM,Cc1nc2c(F)cc(-c3nc(Nc4ccc5c(n4)CCN(CCN(C)C)C5)ncc3F)cc2n1C(C)C,7.3214816209598865
CHEMBL3984185,CDK9,48.0,nM,CN1Cc2c(C3=CCN(CC(=O)O)CC3)[nH]c3ncc(F)c(c23)-c2cc(F)ccc21,7.318758762624412
CHEMBL5273925,CDK2,48.0,nM,CC(C)(C)c1coc(CSc2cnc(NC(=O)C3CCNCC3)s2)n1,7.318758762624412
CHEMBL3691665,CDK4,48.0,nM,CN(C)C(=O)c1cc2cnc(Nc3ccc(N4C[C@@H]5CC[C@H](CC4=O)N5)cn3)nc2n1-c1ccccc1,7.318758762624412
CHEMBL3958069,CDK9,48.0,nM,CN1Cc2c(C3=CCN([C@H]4CC[C@@H](CC(=O)O)CC4)CC3)[nH]c3nccc(c23)-c2cc(F)ccc21,7.318758762624412
CHEMBL3698737,CDK6,48.0,nM,c1cc2c3cnc(Nc4ccc(N5CCCCC5)nn4)nc3n(C3CCCC3)c2cn1,7.318758762624412
CHEMBL81196,CDK2,48.0,nM,NCCCNc1cc(-c2ccc[nH]2)c2c3c(ccc(F)c13)NC2=O,7.318758762624412
CHEMBL3915267,CDK9,48.0,nM,CN(CCO)C(=O)CN1CC=C(c2[nH]c3nccc4c3c2CN(C)c2ccc(F)cc2-4)CC1,7.318758762624412
CHEMBL6161600,CDK9,48.0,nM,COc1cccc(F)c1-c1cc(Nc2cc(CN3CCN(C(=O)c4cc(Cc5n[nH]c(=O)c6ccccc56)ccc4F)CC3)ccn2)ncn1,7.318758762624412
CHEMBL4785242,CDK9,48.0,nM,CC(=O)N[C@@H]1CCC[C@H](C(=O)Nc2cc(-c3cnn4c3CC(C)(C)CC4)ccn2)C1,7.318758762624412
CHEMBL3648090,CDK2,48.0,nM,CCOC(=O)N=S(C)(=O)c1ccc(Nc2ncc(Br)c(N[C@H](C)C(C)(C)O)n2)cc1C,7.318758762624412
CHEMBL3702200,CDK6,48.0,nM,CN(C)C1CCN(c2ccc(Nc3ncc4c5ccccc5n(C5CCCC5)c4n3)nn2)CC1,7.318758762624412
CHEMBL2158855,CDK1,48.0,nM,NS(=O)(=O)c1cccc(Nc2nccc(-c3ccnc(N4CC5CCC(C4)O5)c3)n2)c1,7.318758762624412
CHEMBL5875698,CDK4,48.0,nM,CC(C)N1CCOc2c(F)cc(-c3nc(Nc4ccc(N5CCC(N(C)C)CC5)c(C(F)(F)F)c4)ncc3F)cc21,7.318758762624412
CHEMBL3971127,CDK9,48.0,nM,CN1Cc2c(C3=CCN(CC(=O)N4CC[C@H](O)C4)CC3)[nH]c3nccc(c23)-c2cc(F)ccc21,7.318758762624412
CHEMBL234452,CDK1,48.0,nM,CN(C)CCc1ccc(Nc2ncc(Cl)c(-c3c[nH]c4ccccc34)n2)cc1,7.318758762624412
CHEMBL3663787,CDK9,48.0,nM,CCN(Cc1ccccc1)c1ccc(Cl)c(-c2ccnc3[nH]c(C4CCNCC4)cc23)n1,7.318758762624412
CHEMBL5932825,CDK9,48.0,nM,Cc1nc2c(F)cc(-c3nc(Nc4ccc5c(n4)CCN(C(=O)CN(C)C)C5)ncc3F)cc2n1C1CC1,7.318758762624412
CHEMBL3976491,CDK9,48.0,nM,CCC1c2c(C3=CCNCC3)[nH]c3nccc(c23)-c2cc(F)ccc2N1C,7.318758762624412
CHEMBL114851,CDK2,48.0,nM,O=C(Cc1ccccc1)Nc1cc(C2CC2)[nH]n1,7.318758762624412
CHEMBL3702031,CDK4,48.1,nM,CN(C)C1CCN(c2ccc(Nc3ncc4c5cc[nH]c(=O)c5n(C5CCCC5)c4n3)nc2)CC1,7.317854923626168
CHEMBL5834090,CDK2,48.4,nM,Cc1nc2c(F)cc(-c3nc(Nc4ccc5c(n4)CCN(CCN(C)CCO)C5)ncc3F)cc2n1C(C)(C)C,7.315154638355588
CHEMBL4740586,CDK9,48.9,nM,CC(C)N1c2cc(Nc3nccc(-c4ccc(N)cc4)n3)ccc2N(C)C(=O)[C@H]1C,7.310691140876379
CHEMBL5902021,CDK9,49.0,nM,Fc1cccc(Cn2cnc3ccc(-c4cc(NCC5CNCC5F)ncc4Cl)cc32)c1,7.309803919971486
CHEMBL3702219,CDK6,49.0,nM,CC[C@@H](C)n1c2cnccc2c2cnc(Nc3ccc(N4CC[C@@H](O)C4)nn3)nc21,7.309803919971486
CHEMBL3663791,CDK9,49.0,nM,Fc1ccc(NCc2ccccc2)cc1-c1ccnc2[nH]c(C3CCNCC3)cc12,7.309803919971486
CHEMBL5989428,CDK9,49.0,nM,Fc1cccc(Cn2cnc3ccc(-c4cc(N[C@H]5CC[C@H](NCc6ccccn6)CC5)ncc4Cl)cc32)c1,7.309803919971486
CHEMBL5426856,CDK4,49.0,nM,Sc1nnc(-c2c[nH]c3ccccc23)n1/N=C/c1cccc(Br)c1,7.309803919971486
CHEMBL6149529,CDK6,49.0,nM,COC1CCN(c2ccc(Nc3ncc(F)c(-c4ccc5c(c4)OC4(CCN(C(C)=O)CC4)CC5=O)n3)nc2)CC1,7.309803919971486
CHEMBL3668530,CDK9,49.0,nM,COc1ccc(F)cc1-c1c(F)cnc2[nH]c(C3=CCN(S(C)(=O)=O)CC3)c(C#N)c12,7.309803919971486
CHEMBL2426392,CDK2,49.0,nM,O=C(NC(=S)Nc1ccc(F)cc1)c1cn(-c2ccccc2)nc1-c1ccc(F)cc1,7.309803919971486
CHEMBL3691567,CDK4,49.0,nM,CNC(=O)c1cc2cnc(Nc3ccc(C(=O)N4C[C@@H]5C[C@H]4CN5)cn3)nc2n1C1CCCC1,7.309803919971486
CHEMBL4759074,CDK9,49.0,nM,CC(=O)NC1CCCC(C(=O)Nc2cc(-c3cnn4c3CC(C)(C)C4)c(Cl)cn2)C1,7.309803919971486
CHEMBL3702139,CDK4,49.0,nM,c1csc(Cn2c3cnccc3c3cnc(Nc4ccc(N5CCNCC5)cn4)cc32)c1,7.309803919971486
CHEMBL3691555,CDK4,49.0,nM,CN(C)C(=O)c1cc2cnc(Nc3ccc(C(=O)N4CC5CC(C4)N(CC(F)(F)F)C5)cn3)nc2n1C1CCCC1,7.309803919971486
CHEMBL3663750,CDK9,49.0,nM,COc1cc(F)ccc1-c1ccnc2[nH]c(C3CCCN(C)C3)cc12,7.309803919971486
CHEMBL3644030,CDK2,49.0,nM,C=CCOc1nc(Nc2ccc(S(C)(=O)=O)cc2)ncc1C(F)(F)F,7.309803919971486
CHEMBL3648127,CDK1,49.0,nM,CCC(CO)Sc1nc(Nc2ccc(S(C)(=N)=O)cc2)ncc1Br,7.309803919971486
CHEMBL5743931,CDK9,49.0,nM,COCC(COC)N(c1cc(-c2ccc3ncn(Cc4cccc(F)c4)c3c2)c(Cl)cn1)[C@H]1CC[C@H](N)CC1,7.309803919971486
CHEMBL58466,CDK2,49.0,nM,O=C1Nc2cccc(C3CCNCC3)c2/C1=C/c1[nH]cc2c1CCNC2=O,7.309803919971486
CHEMBL3648079,CDK2,49.0,nM,C[C@@H](Nc1nc(Nc2ccc(S(=O)(CC=O)=NS(=O)(=O)CC[Si](C)(C)C)cc2)ncc1Br)C(C)(C)O,7.309803919971486
CHEMBL3663795,CDK9,49.0,nM,C[C@H](Nc1ccc(Cl)c(-c2ccnc3[nH]c(C4CCNCC4)cc23)n1)c1ccccc1,7.309803919971486
CHEMBL3648092,CDK1,49.0,nM,CCOC(=O)N=S(=O)(CC)c1ccc(Nc2ncc(Br)c(O[C@H](C)[C@H](C)O)n2)cc1,7.309803919971486
CHEMBL3702161,CDK4,49.0,nM,c1cc(-c2ccc(Nc3ncc4c5ccncc5n(C5CCCC5)c4n3)nn2)ccn1,7.309803919971486
CHEMBL2403096,CDK1,49.0,nM,NC1CCC(Nc2nc(NCc3ccc(-c4cccs4)nc3)c3ncn(C4CCCC4)c3n2)CC1,7.309803919971486
CHEMBL3668428,CDK9,49.0,nM,CN1CCC(c2cc3c(-c4cccc(NCc5ccc6c(c5)CNC6)n4)ccnc3[nH]2)CC1,7.309803919971486
CHEMBL5932238,CDK9,49.0,nM,COCCCN[C@H]1CC[C@H](Nc2cc(-c3ccc4ncn(Cc5cccc(F)c5)c4c3)c(Cl)cn2)CC1,7.309803919971486
CHEMBL6049782,CDK9,49.1,nM,O=C(Nc1cc(-c2cnc3n2CCCC3)c(Cl)cn1)[C@@H]1CCCNC1,7.308918507877031
CHEMBL5436647,CDK1,49.5,nM,COc1ccc(Cc2nnc(N3CCN(C(=S)Nc4ccc(Cl)cc4)CC3)c3ccccc23)cc1,7.305394801066432
CHEMBL4213109,CDK4,49.7,nM,CCC1Cc2nc3c(F)cc(-c4nc(Nc5ccc(CN6CCN(CC)CC6)cn5)ncc4F)cc3n2C1,7.303643611266668
CHEMBL101119,CDK4,50.0,nM,CN(C)CC(O)COc1ccc(Nc2cc(N(CC#N)c3cc(Cl)ccc3Cl)ncn2)cc1,7.301029995663981
CHEMBL79049,CDK2,50.0,nM,CCCCOc1c(C(=O)c2c(F)cc(F)cc2F)c[nH]c2nncc1-2,7.301029995663981
CHEMBL524086,CDK4,50.0,nM,Cc1nn2ncccc2c1-c1ccnc(Nc2ccc(N3CCN(C)CC3)cc2)n1,7.301029995663981
CHEMBL513354,CDK2,50.0,nM,CCN(CC)Cc1cccc(Nc2nccc(-c3cnn4ncccc34)n2)c1,7.301029995663981
CHEMBL403605,CDK1,50.0,nM,Cc1cccc(CC(=O)Nc2n[nH]c3ccc(N4CCCS4(=O)=O)cc23)c1,7.301029995663981
CHEMBL2426399,CDK6,50.0,nM,COc1ccc(NC(=S)NC(=O)c2cn(-c3ccccc3)nc2-c2ccccc2)cc1,7.301029995663981
CHEMBL5437113,CDK9,50.0,nM,O=C1CCC(N2C(=O)c3cccc(OCCCCCCCCn4cc(CCN5CCC(NC(=O)c6n[nH]cc6NC(=O)c6c(Cl)cccc6Cl)CC5)nn4)c3C2=O)C(=O)N1,7.301029995663981
CHEMBL455428,CDK4,50.0,nM,CNC(=O)c1ccc(Nc2nccc(-c3cnc(C)n3C(C)C)n2)cc1F,7.301029995663981
CHEMBL3668369,CDK9,50.0,nM,CN1CCC(c2cc3c(-c4cccc(N(C)Cc5ccccc5)n4)ccnc3[nH]2)CC1,7.301029995663981
CHEMBL5285499,CDK9,50.0,nM,CCCc1cc(N[C@@H]2CC[C@@H](N)C2)n2nccc2n1,7.301029995663981
CHEMBL3641934,CDK4,50.0,nM,C[C@H](CO)n1c2cnccc2c2cnc(Nc3ccc(N4CCC(N(C)C)CC4)cn3)nc21,7.301029995663981
CHEMBL419753,CDK2,50.0,nM,O=C(Nc1cc(C2CCCC2)[nH]n1)c1ccc(Br)cc1,7.301029995663981
CHEMBL570002,CDK2,50.0,nM,Cc1cc(Nc2cnc(C#N)c(N[C@@H](C)c3ncc(F)cn3)n2)n[nH]1,7.301029995663981
CHEMBL507722,CDK1,50.0,nM,Cc1ncc(-c2nc(Nc3ccc(C(=O)NC4CCN(C)CC4)cc3)ncc2F)n1C(C)C,7.301029995663981
CHEMBL23327,CDK1,50.0,nM,CC(C)[C@H](CO)Nc1nc(Nc2cccc(Cl)c2)c2ncn(C(C)C)c2n1,7.301029995663981
CHEMBL255263,CDK1,50.0,nM,O=C(Cc1ccc(F)cc1)Nc1n[nH]c2ccc(N3CCCS3(=O)=O)cc12,7.301029995663981
CHEMBL379495,CDK2,50.0,nM,COc1ccc(C(=O)Nc2ncc(SCc3ncc(C(C)(C)C)o3)s2)cc1OC,7.301029995663981
CHEMBL2403094,CDK1,50.0,nM,NC1CCC(Nc2nc(NCc3ccc(-c4ccco4)nc3)c3ncn(C4CCCC4)c3n2)CC1,7.301029995663981
CHEMBL235849,CDK2,50.0,nM,CS(=O)(=O)Cc1ccc(N/C=C2\C(=O)Nc3ccc4ncsc4c32)cc1,7.301029995663981
CHEMBL3668402,CDK9,50.0,nM,COCCN1CCCC(c2cc3c(-c4cc(F)ccc4OC)ccnc3[nH]2)C1,7.301029995663981
CHEMBL5749689,CDK9,50.0,nM,O=C1NC2CC(C(=O)Nc3cc(-c4ccc5ncn(CC6CCOCC6)c5c4)c(Cl)cn3)CC2O1,7.301029995663981
CHEMBL1800451,CDK2,50.0,nM,CCc1cc(-c2cc(N3C[C@H](O)[C@@H](O)C3)ccc2O)nc(N)n1,7.301029995663981
CHEMBL3702222,CDK6,50.0,nM,CC[C@@H](C)n1c2cnccc2c2cnc(Nc3ccc(N4CC[C@@H](O)C4)cn3)nc21,7.301029995663981
CHEMBL3655773,CDK2,50.0,nM,CC[C@H](Nc1nc(NCc2cccc(C)n2)c2ncn(C(C)C)c2n1)[C@@H](C)O,7.301029995663981
CHEMBL3655771,CDK2,50.0,nM,CC[C@H](Nc1nc(NCc2cc(C)nc(C)c2)c2ncn(C(C)C)c2n1)[C@@H](C)O,7.301029995663981
CHEMBL1964247,CDK1,50.0,nM,CN(C)S(=O)(=O)c1ccc(N/C=C2\C(=O)Nc3ccc4ncsc4c32)cc1,7.301029995663981
CHEMBL3655767,CDK2,50.0,nM,CC[C@H](Nc1nc(NC2CC2)c2ncn(C(C)C)c2n1)[C@@H](C)O,7.301029995663981
CHEMBL4741442,CDK1,50.0,nM,C[C@H](CO)Nc1nc(Nc2ccc(S(N)(=O)=O)cc2)ncc1Br,7.301029995663981
CHEMBL2012309,CDK1,50.0,nM,Cn1cc(Nc2ncc3cnn(C4CCC5(CC5)C4)c3n2)cc1C(N)=O,7.301029995663981
CHEMBL3702054,CDK4,50.0,nM,COc1nccc2c3cnc(Nc4ccc(N5CCC(N(C)C)CC5)cn4)nc3n(C3CCCC3)c12,7.301029995663981
CHEMBL5934983,CDK9,50.0,nM,COC(C)CN[C@H]1CC[C@H](Nc2cc(-c3ccc4ncn(Cc5cccc(F)c5)c4c3)c(Cl)cn2)CC1,7.301029995663981
CHEMBL5880147,CDK9,50.0,nM,O=C(Nc1cc(-c2ccc3ncn(Cc4cccnc4)c3c2)c(Cl)cn1)[C@@H]1CCCNC1,7.301029995663981
CHEMBL4764656,CDK1,50.0,nM,C[C@H](CO)Nc1nc(Nc2ccc(S(N)(=O)=O)cc2)ncc1Br.Cl,7.301029995663981
CHEMBL5799961,CDK2,50.3,nM,Cc1nc2c(F)cc(-c3nc(Nc4ccc5c(n4)CCN(C(C)CN(C)C)C5)ncc3F)cc2n1C(C)(C)C,7.298432014944073
CHEMBL5836990,CDK1,50.8,nM,Cc1nc2c(F)cc(-c3nc(Nc4ccc5c(n4)CCNC5)ncc3F)cc2n1C(C)C,7.29413628771608
CHEMBL4745398,CDK9,50.9,nM,CC(C)Nc1cccc(-c2ccnc(Nc3ccc4c(c3)N(C(C)C)[C@H](C)C(=O)N4C)n2)c1,7.293282217663242
CHEMBL3648086,CDK2,51.0,nM,CCOC(=O)N=S(=O)(CC)c1ccc(Nc2ncc(Br)c(N[C@@H](COC)[C@H](C)O)n2)cc1,7.292429823902063
CHEMBL3644027,CDK1,51.0,nM,COC[C@@H](C)Oc1nc(Nc2ccc(S(C)(=O)=O)cc2)ncc1C(F)(F)F,7.292429823902063
CHEMBL5499697,CDK2,51.0,nM,N[C@H]1CCN(c2c3c(nc4ccc(-c5ccnc(NC(=O)C6CC6)c5)cc24)CCCC3)C1,7.292429823902063
CHEMBL5862541,CDK9,51.0,nM,CC(=O)N[C@H]1CCC[C@H](C(=O)Nc2cc(-c3cnn4c3CC(C)(C)C4)c(Cl)cn2)C1,7.292429823902063
CHEMBL3702228,CDK4,51.0,nM,CC[C@H](C)n1c2cnccc2c2cnc(Nc3ccc(N4CCNC(C)(C)C4)cn3)nc21,7.292429823902063
CHEMBL5774630,CDK6,51.0,nM,COCCNS(=O)(=O)c1ccc(Nc2ncc(F)c(-c3cc(F)c4c(c3)N(C(C)C)CCO4)n2)cc1,7.292429823902063
CHEMBL271953,CDK1,51.0,nM,NS(=O)(=O)c1ccc(N/N=C2\C(=O)Nc3ccc(C(=O)NCc4cccnc4)cc32)cc1,7.292429823902063
CHEMBL5885528,CDK9,51.0,nM,O=C(Nc1cc(-c2ccc3ccn(Cc4cccc(F)c4)c3c2)c(Cl)cn1)[C@@H]1CCCNC1,7.292429823902063
CHEMBL4552628,CDK2,51.0,nM,Cc1sc(C(=O)N[C@@H]2[C@H](N)CCCC2(F)F)cc1-c1cnn2cc(Cl)cnc12,7.292429823902063
CHEMBL3668365,CDK9,51.0,nM,CN1CCC(c2cc3c(-c4cccc(NCCSc5ccccc5)n4)ccnc3[nH]2)CC1,7.292429823902063
CHEMBL3691634,CDK4,51.0,nM,CN(C)C(=O)c1cc2cnc(Nc3ccc(N4C(=O)CN5CCC4CC5)cn3)nc2n1C1CCCC1,7.292429823902063
CHEMBL3668426,CDK9,51.0,nM,CN1CCC(c2cc3c(-c4nc(NCc5ccncc5)ccc4Cl)ccnc3[nH]2)CC1,7.292429823902063
CHEMBL3914190,CDK9,51.0,nM,CN(C)C(=O)CN1CC=C(c2[nH]c3nccc4c3c2CN(C)c2ccc(F)cc2-4)CC1,7.292429823902063
CHEMBL3951638,CDK9,51.0,nM,CN1Cc2c(C3=CCN([C@H]4CC[C@H](C(=O)O)CC4)CC3)[nH]c3nccc(c23)-c2cc(F)ccc21,7.292429823902063
CHEMBL3981660,CDK9,51.0,nM,CN1Cc2c(C3=CCN(CC(=O)N4CCC[C@@H]4CO)CC3)[nH]c3ncc(F)c(c23)-c2cc(F)ccc21,7.292429823902063
CHEMBL4208172,CDK2,51.1,nM,CCN1CCN(Cc2ccc(Nc3ncc(F)c(-c4cc(F)c5nc6n(c5c4)C(C)(C)CC6)n3)nc2)CC1,7.291579099865287
CHEMBL5440832,CDK1,51.97,nM,COc1ccc(Cc2nnc(N3CCN(C(=O)Nc4ccc(OC)cc4)CC3)c3ccccc23)cc1,7.284247283177141
CHEMBL1964242,CDK1,52.0,nM,O=C1Nc2ccc3ncsc3c2/C1=C/Nc1ccc(S(=O)(=O)NCc2ccccc2)cc1,7.2839966563652006
CHEMBL150261,CDK1,52.0,nM,N[C@H]1CC[C@H](Nc2nc(NCc3ccccc3)c3ncn(C4CCCC4)c3n2)CC1,7.2839966563652006
CHEMBL563672,CDK1,52.0,nM,C[C@@H]1CNc2c(sc3ccc(OCC4CC4)cc23)C(=O)N1,7.2839966563652006
CHEMBL3702115,CDK6,52.0,nM,Fc1nccc2c3cnc(Nc4ccc(CN5CCNCC5)cn4)nc3n(C3CCCC3)c12,7.2839966563652006
CHEMBL363069,CDK2,52.0,nM,Nc1nc2ccc(C(=O)c3c(Cl)cccc3Cl)cn2c1C(=O)c1c(F)cc(O)cc1F,7.2839966563652006
CHEMBL3945173,CDK9,52.0,nM,CN1Cc2c(C3=CCN(CC(=O)N4CC(O)C4)CC3)[nH]c3nccc(c23)-c2cc(F)c(F)cc21,7.2839966563652006
CHEMBL522891,CDK1,52.0,nM,O=C(Nc1c[nH]nc1-c1nc2ccccc2[nH]1)c1ccccc1,7.2839966563652006
CHEMBL3668450,CDK9,52.0,nM,CN1CCC(c2cc3c(-c4cc(NCC5CCOCC5)ccc4F)ccnc3[nH]2)CC1,7.2839966563652006
CHEMBL3970274,CDK9,52.0,nM,CN1Cc2c(C3=CCN(CC(=O)N4CC[C@H](O)C4)CC3)[nH]c3ncc(F)c(c23)-c2cc(F)ccc21,7.2839966563652006
CHEMBL2426382,CDK2,52.0,nM,Cc1ccc(NC(=S)NC(=O)c2cn(-c3ccccc3)nc2-c2ccc(C)cc2)cc1,7.2839966563652006
CHEMBL5954358,CDK9,52.0,nM,Nc1ccc(CCNc2cc(-c3ccc4ncn(Cc5cccc(F)c5)c4c3)c(Cl)cn2)cc1,7.2839966563652006
CHEMBL3644032,CDK4,52.0,nM,C[C@@H](O)[C@@H](C)Oc1nc(Nc2ccc(S(=O)(=O)C3CC3)cc2)ncc1C(F)(F)F,7.2839966563652006
CHEMBL1800456,CDK2,52.0,nM,Nc1nc(-c2cc(N3C[C@H](O)[C@@H](O)C3)ccc2O)cc(C2CCCCC2)n1,7.2839966563652006
CHEMBL522891,CDK2,52.0,nM,O=C(Nc1c[nH]nc1-c1nc2ccccc2[nH]1)c1ccccc1,7.2839966563652006
CHEMBL6149813,CDK6,52.0,nM,CC(=O)N1CCN(c2ccc(Nc3ncc(F)c(-c4ccc5c(c4)OC4(CCN(C(C)=O)CC4)CC5=O)n3)nc2)CC1,7.2839966563652006
CHEMBL5199076,CDK1,52.0,nM,Cc1cc2c(C(N)=O)c(N)n(-c3c(C)ccc(O)c3C)c2nc1C,7.2839966563652006
CHEMBL3301610,CDK2,52.2,nM,CCN1CCN(Cc2ccc(Nc3ncc(F)c(-c4cc(F)c5nc(C)n(C(C)C)c5c4)n3)nc2)CC1,7.282329496997738
CHEMBL3680384,CDK4,52.4,nM,C[C@H]1CC[C@H](n2c3cnccc3c3cnc(Nc4ccc5c(n4)CCN(CCC(F)(F)F)C5)nc32)CC1,7.280668713016274
CHEMBL4863726,CDK2,52.86,nM,Cc1n[nH]c2ccc(-c3cncc(NC4CCCC(O)C4)n3)cc12,7.276872841204309
CHEMBL5927737,CDK6,53.0,nM,CN1CCC(c2ccc(Nc3ncc(F)c(-c4cc(F)c5c(c4)N(C4CCCC4)CCO5)n3)cc2F)CC1,7.275724130399211
CHEMBL4562323,CDK1,53.0,nM,CC(C)c1cnn2c(NCc3ccccc3-n3cccn3)nc(OC3CCCNC3)nc12,7.275724130399211
CHEMBL3641944,CDK4,53.0,nM,CNC1CCN(c2ccc(Nc3ncc4c5ccncc5n([C@H](C)CO)c4n3)nn2)CC1,7.275724130399211
CHEMBL189350,CDK2,53.0,nM,Nc1nc2ccc(C(=O)c3c(Cl)cccc3Cl)cn2c1C(=O)c1c(F)cccc1F,7.275724130399211
CHEMBL3983849,CDK9,53.0,nM,CN1Cc2c(C3=CCN(CC(=O)N(C)C4CC(O)C4)CC3)[nH]c3nccc(c23)-c2cc(F)c(F)cc21,7.275724130399211
CHEMBL5864667,CDK9,53.0,nM,CC(=O)N[C@@H]1CCC[C@H](C(=O)Nc2cc(-c3cnn4c3CCC(C)C4)c(Cl)cn2)C1,7.275724130399211
CHEMBL3641911,CDK6,53.0,nM,OCCCn1c2cnccc2c2cnc(Nc3ccc(N4CCNCC4)nn3)nc21,7.275724130399211
CHEMBL3668490,CDK9,53.0,nM,CS(=O)(=O)N1CC=C(c2cc3c(-c4cccc(F)c4F)ccnc3[nH]2)CC1,7.275724130399211
CHEMBL251739,CDK1,53.0,nM,CCN(CC)C(=O)c1cccc2[nH]c(-c3n[nH]c4ncc(-c5cncc6ccccc56)cc34)nc12,7.275724130399211
CHEMBL5172659,CDK2,53.0,nM,COc1ccc2c(c1)/C(=N/NC(=O)c1cc3cc(Br)ccc3o1)C(=O)N2,7.275724130399211
CHEMBL6040453,CDK9,53.0,nM,COCC(C)N(c1cc(-c2ccc3ncn(Cc4cccc(F)c4)c3c2)c(Cl)cn1)[C@H]1CC[C@H](N)CC1,7.275724130399211
CHEMBL5985210,CDK9,53.0,nM,CN(C)S(=O)(=O)NCC(=O)Nc1cc(-c2ccc3ncn(Cc4cccc(F)c4)c3c2)c(Cl)cn1,7.275724130399211
CHEMBL3668506,CDK9,53.0,nM,COc1ccc(F)cc1-c1ccnc2[nH]c(C3=CCN(CC(=O)N4CCC[C@H]4CO)CC3)cc12,7.275724130399211
CHEMBL1080569,CDK2,53.0,nM,N[C@H](CNc1nnc(-c2ccc3cnccc3c2)s1)Cc1ccc(C(F)(F)F)cc1,7.275724130399211
CHEMBL5398705,CDK1,53.77,nM,O=C(Nc1ccccc1)N1CCN(c2nnc(Cc3ccccc3)c3ccccc23)CC1,7.2694599635228805
CHEMBL3702246,CDK4,54.0,nM,c1cc2c3cnc(Nc4ccc(N5CCNCC5)nn4)nc3n(C3CCC3)c2cn1,7.267606240177031
CHEMBL6120299,CDK6,54.0,nM,CC(=O)N1CCC2(CC1)CC(=O)c1ccc(-c3nc(Nc4ccc(C5CCNCC5)cn4)ncc3F)cc1O2,7.267606240177031
CHEMBL83499,CDK2,54.0,nM,O=C1Nc2ccc(F)c3c(NCCO)cc(-c4ccc[nH]4)c1c23,7.267606240177031
CHEMBL5571022,CDK1,54.0,nM,CN(C)C(=O)c1cc2cnc(Nc3ccc(S(N)(=O)=O)cc3)nc2n1C1CCCC1,7.267606240177031
CHEMBL3691672,CDK4,54.0,nM,CN(C)C(=O)c1cc2cnc(Nc3ccc(N4C[C@H]5CC[C@@H](CC4=O)N5)cn3)nc2n1C1CCC1,7.267606240177031
CHEMBL5974261,CDK9,54.0,nM,CC(Cc1cnccn1)Nc1cc(-c2ccc3ncn(Cc4cccc(F)c4)c3c2)c(Cl)cn1,7.267606240177031
CHEMBL3930577,CDK9,54.0,nM,CN1Cc2c(C3=C[C@@H]4COC(=O)N4CC3)[nH]c3nccc(c23)-c2cc(F)c(F)cc21,7.267606240177031
CHEMBL3648081,CDK2,54.0,nM,C[C@H](O)[C@@H](C)Oc1nc(Nc2ccc(S(=O)(CCO)=NS(=O)(=O)CC[Si](C)(C)C)cc2)ncc1Br,7.267606240177031
CHEMBL5877068,CDK4,54.0,nM,CC(C)N1CCOc2c(F)cc(-c3nc(Nc4ccc(N5CCN6CCCC6C5)c(F)c4)ncc3F)cc21,7.267606240177031
CHEMBL271137,CDK2,54.0,nM,NS(=O)(=O)c1ccc(N/C=C2\C(=O)Nc3cccc(CO)c32)cc1,7.267606240177031
CHEMBL271822,CDK2,54.0,nM,COc1ccc2c(c1Cl)/C(=N/Nc1ccc(S(N)(=O)=O)cc1)C(=O)N2,7.267606240177031
CHEMBL6168128,CDK9,54.0,nM,O=C(c1cc(Cc2n[nH]c(=O)c3ccccc23)ccc1F)N1CCN(Cc2ccnc(Nc3cc(-c4ccc(F)c5ccoc45)c(F)cn3)c2)CC1,7.267606240177031
CHEMBL5976683,CDK2,54.1,nM,Cc1nc2c(F)cc(-c3nc(Nc4ccc5c(n4)CCN(C(=O)NCCN(C)C)C5)ncc3F)cc2n1C(C)C,7.266802734893431
CHEMBL4758168,CDK9,54.5,nM,CN(C)C/C=C/C(=O)Nc1ccc(C(=O)N2CC[C@@H](Nc3ncc(SCc4ncc(C(C)(C)C)o4)s3)C2)cc1,7.2636034977233574
CHEMBL5572638,CDK2,54.81,nM,Cl.N[C@H]1CCN(c2c3c(nc4ccc(-c5ccnc(NC(=O)C6CC6)n5)cc24)CCCC3)C1,7.2611401979278
CHEMBL4466497,CDK2,54.9,nM,Cc1nc2c(F)cc(-c3nc(Nc4ccc5c(n4)CCN(CCN(C)C)C5)ncc3F)cc2n1C(C)(C)C,7.260427655549908
CHEMBL3648128,CDK1,55.0,nM,CC(C)(O)CSc1nc(Nc2ccc(S(C)(=N)=O)cc2)ncc1Br,7.259637310505756
CHEMBL5986250,CDK4,55.0,nM,Fc1cnc(Nc2ccc(N3CCOCC3)cn2)nc1-c1cc(F)c2c(c1)N(C1CCC1)CCO2,7.259637310505756
CHEMBL549675,CDK2,55.0,nM,CNC(=O)c1nn(C)c2c1C(C)(C)Cc1cnc(Nc3ccc(CN4CCN(C)CC4)cc3)nc1-2,7.259637310505756
CHEMBL1241758,CDK1,55.0,nM,O=C(Nc1cc(C2CCC2)c[nH]1)Nc1cccc2ccncc12,7.259637310505756
CHEMBL2158845,CDK1,55.0,nM,NS(=O)(=O)c1cccc(Nc2nccc(-c3ccnc(N4CCOCC4)c3)n2)c1,7.259637310505756
CHEMBL2163999,CDK2,55.0,nM,N[C@H]1CC[C@H](Nc2cc(Nc3ccc(F)c(Cl)c3)n3nccc3n2)CC1,7.259637310505756
CHEMBL3668470,CDK9,55.0,nM,CN(Cc1ccccc1)c1ccc(Cl)c(-c2ccnc3[nH]c(C4CCCNC4)cc23)n1,7.259637310505756
CHEMBL3668448,CDK9,55.0,nM,CC(=O)N1CCC(CNc2ccc(Cl)c(-c3ccnc4[nH]c(C5CCN(C)CC5)cc34)n2)CC1,7.259637310505756
CHEMBL6049384,CDK9,55.0,nM,CC1(C)CCC(CN[C@H]2CC[C@H](Nc3cc(-c4ccc5ncn(Cc6cccc(F)c6)c5c4)c(Cl)cn3)CC2)O1,7.259637310505756
CHEMBL258805,CDK1,55.0,nM,COc1ccc2c(c1)/C(=C/c1cnc[nH]1)C(=O)N2,7.259637310505756
CHEMBL6043427,CDK2,55.2,nM,CN1CCC(COc2ccc(Nc3ncc(F)c(-c4cc(F)c5nc6n(c5c4)C(C)(C)CC6)n3)nc2)CC1,7.258060922270801
CHEMBL1081830,CDK2,55.3,nM,N[C@H](CNc1ncc(-c2ccc3nnn(N)c3c2)s1)Cc1ccc(C(F)(F)F)cc1,7.257274868695301
CHEMBL3668518,CDK9,56.0,nM,COc1ccc(F)cc1-c1ccnc2[nH]c(C3CCN(CC(=O)N(C)CCO)CC3)cc12,7.251811972993799
CHEMBL3698705,CDK4,56.0,nM,CC1CCN(c2ccc(Nc3ncc4c5ccncc5n(C5CCCC5)c4n3)nc2)C1,7.251811972993799
CHEMBL3908787,CDK9,56.0,nM,CN(C)C(=O)CN1CC=C(c2[nH]c3ncc(F)c4c3c2CN(C)c2ccccc2-4)CC1,7.251811972993799
CHEMBL3668487,CDK9,56.0,nM,COc1ccc(F)cc1-c1ccnc2[nH]c(C3=CCN(Cc4ccc(NC(C)=O)cc4)CC3)cc12,7.251811972993799
CHEMBL2426399,CDK2,56.0,nM,COc1ccc(NC(=S)NC(=O)c2cn(-c3ccccc3)nc2-c2ccccc2)cc1,7.251811972993799
CHEMBL5396524,CDK4,56.0,nM,Sc1nnc(-c2c[nH]c3ccccc23)n1/N=C/c1ccc(Cl)cc1,7.251811972993799
CHEMBL5978284,CDK9,56.0,nM,C[C@H](c1cccc(F)c1)n1nnc2ccc(-c3cc(NC(=O)[C@@H]4CCCNC4)ncc3Cl)cc21,7.251811972993799
CHEMBL5881904,CDK9,56.0,nM,O=C(Nc1cc(-c2cnc3ccn(Cc4cncc(F)c4)c3c2)c(Cl)cn1)[C@@H]1CCCNC1,7.251811972993799
CHEMBL5847275,CDK9,56.0,nM,O=C(Nc1cc(-c2ccc3nnn(Cc4cccc(F)c4)c3c2)c(Cl)cn1)[C@@H]1CCCNC1,7.251811972993799
CHEMBL232556,CDK2,56.0,nM,Cc1cc(N2C(=O)CN(C)C2=O)c2oc(-c3ccc(O)c(O)c3)c(O)c(=O)c2c1,7.251811972993799
CHEMBL5944626,CDK4,56.0,nM,CC(C)N1CCOc2c(F)cc(-c3nc(Nc4ccc5c(c4)CC(N(C)C)CC5)ncc3F)cc21,7.251811972993799
CHEMBL3668507,CDK9,56.0,nM,COc1ccc(F)cc1-c1ccnc2[nH]c(C3=CCN(C(=O)[C@H]4C[C@@H](O)CN4)CC3)cc12,7.251811972993799
CHEMBL3976947,CDK9,56.0,nM,CN1Cc2c(C3=CCC(N[C@H](C(=O)O)c4ccccc4)CC3)[nH]c3nccc(c23)-c2cc(F)ccc21,7.251811972993799
CHEMBL1230165,CDK1,56.0,nM,O=C(O)c1ccc2c(c1)nc(Nc1cccc(Cl)c1)c1ccncc12,7.251811972993799
CHEMBL1234086,CDK1,56.0,nM,CNS(=O)(=O)Cc1ccc(N/N=C2\C(=O)Nc3ccc4ncsc4c32)cc1,7.251811972993799
CHEMBL115933,CDK2,56.0,nM,O=C(Cc1ccc(-c2ccccc2)cc1)Nc1cc(C2CC2)[nH]n1,7.251811972993799
CHEMBL519422,CDK2,56.0,nM,CCn1c(-c2ccnc(Nc3ccc(C(=O)NC)cc3)n2)cnc1C,7.251811972993799
CHEMBL3640009,CDK4,56.0,nM,[C-]#[N+]CC1CCN(c2ccc(Nc3ncc4c5ccnc(F)c5n(C5CCCC5)c4n3)nc2)CC1,7.251811972993799
CHEMBL6142087,CDK1,56.0,nM,Cc1ccc(O)c(C)c1-n1c(N)c(C(N)=O)c2c(=O)n(CC(F)(F)F)c(C)nc21,7.251811972993799
CHEMBL4860265,CDK2,56.13,nM,Cc1n[nH]c2ccc(-c3cncc(N[C@@H](CO)c4ccc(F)cc4)n3)cc12,7.2508049577803275
CHEMBL3698656,CDK6,57.0,nM,c1cc2c3cnc(Nc4ccc(N5CCNCC5)cn4)nc3n(C3CCOCC3)c2cn1,7.2441251443275085
CHEMBL5583697,CDK1,57.0,nM,Cn1cnc(S(=O)(=O)N2CCC(Nc3ncc(C(F)(F)F)c(-c4cnn(CC(F)(F)F)c4)n3)CC2)c1,7.2441251443275085
CHEMBL3969304,CDK9,57.0,nM,CN1Cc2c(C3=CC4CCCC(C3)N4CC(=O)N3CCC[C@H]3CO)[nH]c3nccc(c23)-c2cc(F)ccc21,7.2441251443275085
CHEMBL4453997,CDK2,57.0,nM,COc1ccc(-c2n[nH]c3c2C(=O)c2c(C=O)cccc2-3)cc1,7.2441251443275085
CHEMBL372464,CDK4,57.0,nM,COc1ccc(Nc2nc(Nc3ccc4[nH]cnc4c3)ncc2C(F)(F)F)cc1,7.2441251443275085
CHEMBL6026079,CDK9,57.0,nM,Fc1cccc(Cn2cnc3ccc(-c4cc(NCCCNc5ccccc5)ncc4Cl)cc32)c1,7.2441251443275085
CHEMBL3691635,CDK4,57.0,nM,CN(C)C(=O)c1cc2cnc(Nc3ccc(N4CCN5CCCC5C4=O)cn3)nc2n1C1CCCCC1,7.2441251443275085
CHEMBL5192139,CDK9,57.0,nM,COc1cc(F)ccc1-c1ccnc2[nH]c(C3CCNCC3)nc12,7.2441251443275085
CHEMBL6147545,CDK6,57.0,nM,CC(=O)N1CCC2(CC1)CC(=O)c1ccc(-c3nc(Nc4ccc(N5CCC(N(C)C)CC5)cn4)ncc3F)cc1O2,7.2441251443275085
CHEMBL3301610,CDK9,57.0,nM,CCN1CCN(Cc2ccc(Nc3ncc(F)c(-c4cc(F)c5nc(C)n(C(C)C)c5c4)n3)nc2)CC1,7.2441251443275085
CHEMBL3641957,CDK4,57.0,nM,CN(C)C1CCN(c2ccc(Nc3ncc4c5ccncc5n([C@H]5CCC[C@@H]5O)c4n3)nc2)CC1,7.2441251443275085
CHEMBL3698663,CDK4,57.0,nM,C[C@H](C1CCCCC1)n1c2cnccc2c2cnc(Nc3ccc(N4CCNCC4)cn3)nc21,7.2441251443275085
CHEMBL1080891,CDK2,57.0,nM,Cc1n[nH]c2ccc(-c3nnc(NC[C@@H](N)Cc4ccccc4Cl)s3)cc12,7.2441251443275085
CHEMBL3898302,CDK9,57.0,nM,COC(=O)C(C)=C1CCC(N2CC=C(c3[nH]c4nccc5c4c3CN(C)c3ccc(F)cc3-5)CC2)CC1,7.2441251443275085
CHEMBL3668554,CDK9,57.0,nM,COc1ccc(F)cc1-c1ccnc2[nH]c(C3=CCN([C@H]4CC[C@H](CC(=O)O)CC4)CC3)cc12,7.2441251443275085
CHEMBL3952127,CDK9,57.0,nM,CN1Cc2c(C3=CCN([C@H]4CC[C@H](C(=O)O)CC4)CC3)[nH]c3nccc(c23)-c2cc(F)c(F)cc21,7.2441251443275085
CHEMBL5199352,CDK9,57.0,nM,COc1cc(C(=O)N2CCCC2)ccc1-c1ccnc2[nH]c(C3CCOCC3)cc12,7.2441251443275085
CHEMBL3942947,CDK9,57.0,nM,CN1Cc2c(C3=CCN(CC(=O)N(CCO)CCO)CC3)[nH]c3nccc(c23)-c2cc(F)ccc21,7.2441251443275085
CHEMBL5784667,CDK2,57.9,nM,Cc1nc2c(F)cc(-c3nc(Nc4ccc5c(n4)CCN(C(=O)C(C)N(C)C)C5)ncc3F)cc2n1C(C)C,7.2373214362725635
CHEMBL3982368,CDK9,58.0,nM,CN1Cc2c(C3=C[C@H](CO)NCC3)[nH]c3nccc(c23)-c2cc(F)c(F)cc21,7.236572006437063
CHEMBL3641920,CDK6,58.0,nM,O[C@@H]1CCC[C@@H]1n1c2cnccc2c2cnc(Nc3ccc(N4CCNCC4)cn3)nc21,7.236572006437063
CHEMBL2426389,CDK2,58.0,nM,O=C(NC(=S)Nc1ccc(Cl)cc1)c1cn(-c2ccccc2)nc1-c1ccc(Cl)cc1,7.236572006437063
CHEMBL2403088,CDK1,58.0,nM,NC1CCC(Nc2nc(NCc3ccc(-n4cccn4)cc3)c3ncn(C4CCCC4)c3n2)CC1,7.236572006437063
CHEMBL3907184,CDK9,58.0,nM,CN1Cc2c(C3=CCN(C4CCC(=CC(=O)O)CC4)CC3)[nH]c3nccc(c23)-c2cc(F)ccc21,7.236572006437063
CHEMBL3917273,CDK9,58.0,nM,CN1Cc2c(C3=CCN([C@H]4CC[C@@H](CC(=O)O)CC4)CC3)[nH]c3nccc(c23)-c2cc(F)c(F)cc21,7.236572006437063
CHEMBL3944130,CDK9,58.0,nM,COC(=O)CC1CCC(N2CC=C(c3[nH]c4nccc5c4c3CN(C)c3cc(F)c(F)cc3-5)CC2)CC1,7.236572006437063
CHEMBL5431565,CDK1,58.4,nM,O=C(Nc1ccc(Cl)cc1)N1CCN(c2nnc(Cc3ccccc3)c3ccccc23)CC1,7.2335871528876
CHEMBL4643057,CDK2,58.8,nM,C=CC(=O)Nc1cccc(C(=O)Nc2ncc(SCc3ncc(C(C)(C)C)o3)s2)c1,7.230622673923861
CHEMBL5952782,CDK2,58.9,nM,Cc1nc2c(F)cc(-c3nc(Nc4ccc5c(n4)CCN(C(=O)C4CC(N(C)C)C4)C5)ncc3F)cc2n1C(C)C,7.229884705212898
CHEMBL6149014,CDK9,59.0,nM,CCOc1cc(F)ccc1-c1cc(Nc2cc(CN3CCN(C(=O)c4cc(Cc5n[nH]c(=O)c6ccccc56)ccc4F)CC3)ccn2)ncc1F,7.229147988357855
CHEMBL560301,CDK2,59.0,nM,CNC(=O)c1nn(C)c2c1C(C)(C)Cc1cnc(Nc3ccc(N(C)C)cc3)nc1-2,7.229147988357855
CHEMBL3641986,CDK4,59.0,nM,CNC1CCN(c2ccc(Nc3ncc4c5ccncc5n([C@@H]5CCOC5)c4n3)nn2)CC1,7.229147988357855
CHEMBL3702181,CDK4,59.0,nM,CN(C)C1CCN(c2ccc(Nc3ncc4c5ccncc5n(C5CCS(=O)(=O)CC5)c4n3)nc2)CC1,7.229147988357855
CHEMBL3702216,CDK6,59.0,nM,CC[C@@H](C)n1c2cnccc2c2cnc(Nc3ccc(N4CCC(N(C)C)CC4)nn3)nc21,7.229147988357855
CHEMBL2426388,CDK2,59.0,nM,O=C(NC(=S)Nc1ccc(F)cc1)c1cn(-c2ccccc2)nc1-c1ccc(Cl)cc1,7.229147988357855
CHEMBL564470,CDK2,59.0,nM,CNC(=O)c1nn(C)c2c1C(C)(C)Cc1cnc(Nc3cccc(CN4CCN(C)CC4)c3)nc1-2,7.229147988357855
CHEMBL2386747,CDK4,59.0,nM,COC(=N)c1nc2ccc3ncnc(Nc4ccc(Cl)cc4Cl)c3c2s1,7.229147988357855
CHEMBL361348,CDK2,59.0,nM,CC(C)c1cnn2c(Nc3ccc(S(=O)(=O)N(C)C)cc3)cc(N[C@H]3CC[C@H](N)CC3)nc12,7.229147988357855
CHEMBL5772567,CDK2,59.3,nM,CCOP(=O)(CCN(C)CCN1CCc2nc(Nc3ncc(F)c(-c4cc(F)c5nc(C)n(C(C)(C)C)c5c4)n3)ccc2C1)OCC,7.226945306635738
CHEMBL5804149,CDK6,60.0,nM,CCN1CCN(Cc2ccc(Nc3ncc(F)c(-c4ncc5nc(C)n(C(C)C)c5n4)n3)nc2)CC1,7.221848749616356
CHEMBL411491,CDK2,60.0,nM,NS(=O)(=O)c1ccc(N/N=C2\C(=O)Nc3ccc(Br)cc32)cc1,7.221848749616356
CHEMBL407981,CDK2,60.0,nM,CCN1CCN(CCCC(=O)Nc2n[nH]c3nc(-c4ccc(O)cc4)c(Br)cc23)CC1,7.221848749616356
CHEMBL5083405,CDK6,60.0,nM,CCN(CC)c1cnc2ccc(-c3nc(Nc4ccc(C(=O)N5CCNCC5)cn4)ncc3F)cc2n1,7.221848749616356
CHEMBL6042570,CDK6,60.0,nM,CN1CCN(c2ccc(Nc3ncc(F)c(-c4ncc5nc(C(=O)N(C)C)n(C6CCCC6)c5n4)n3)nc2)CC1,7.221848749616356
CHEMBL5827424,CDK6,60.0,nM,CC(C)c1c2ccc(-c3nc(Nc4ccc(N5CCNCC5)cn4)ncc3F)c(Cl)c2nn1C,7.221848749616356
CHEMBL2348155,CDK2,60.0,nM,Nc1nccc(-n2cc(-c3ccc(Cl)cc3)c3cnccc32)n1,7.221848749616356
CHEMBL254171,CDK1,60.0,nM,O=C(Cc1ccc(-c2ccncc2)cc1)Nc1n[nH]c2ccc(N3CCCS3(=O)=O)cc12,7.221848749616356
CHEMBL5772986,CDK6,60.0,nM,CCC(CC)n1c(C(C)=O)cc2cc(-c3nc(Nc4ccc(CN5CCN(C)CC5)cn4)ncc3Cl)ccc21,7.221848749616356
CHEMBL5900891,CDK6,60.0,nM,CCN1CCN(Cc2ccc(Nc3ncc(F)c(-c4ccc5c(n4)c(C(F)(F)F)nn5C4CCCC4)n3)nc2)CC1,7.221848749616356
CHEMBL3298823,CDK2,60.0,nM,O=C(CC1CNC(=O)c2cc(-c3cn[nH]c3)cn21)NCc1cccc(F)c1,7.221848749616356
CHEMBL5861687,CDK6,60.0,nM,CC(C)N1CCOc2c(F)cc(-c3nc(Nc4cnc(C5CCNCC5)cn4)ncc3F)cc21,7.221848749616356
CHEMBL3655764,CDK9,60.0,nM,CC[C@H](Nc1nc(NCc2cccc(Cl)c2)c2ncn(C(C)C)c2n1)[C@@H](C)O,7.221848749616356
CHEMBL5936324,CDK4,60.0,nM,CCN1CCN(Cc2ccc(Nc3ncc(F)c(-c4ccc5c(c(C)nn5C5CCCC5)c4F)n3)nc2)CC1,7.221848749616356
CHEMBL3937985,CDK9,60.0,nM,CC[C@H]1c2c(C3=CCN(CC(=O)N(C)C)CC3)[nH]c3nccc(c23)-c2cc(F)ccc2N1C,7.221848749616356
CHEMBL3673527,CDK9,60.0,nM,CS(=O)(=O)N1CCC(c2cc3c(-c4cncc(OCc5cccc(F)c5)n4)ccnc3[nH]2)CC1,7.221848749616356
CHEMBL282193,CDK1,60.0,nM,CCC(C)(O)C#Cc1nc(Nc2cccc(Cl)c2)c2ncn(C(C)C)c2n1,7.221848749616356
CHEMBL5884613,CDK6,60.0,nM,Cc1nc2cnc(-c3nc(Nc4ccc(N5CCNCC5)cn4)ncc3F)nc2n1C(C)C,7.221848749616356
CHEMBL5897929,CDK6,60.0,nM,CCN1CCN(Cc2ccc(Nc3ncc(F)c(-c4ncnc5c4c(C#N)cn5C)n3)nc2)CC1,7.221848749616356
CHEMBL3702162,CDK6,60.0,nM,c1cc(-c2ccc(Nc3ncc4c5ccncc5n(C5CCCC5)c4n3)nc2)ccn1,7.221848749616356
CHEMBL5929572,CDK9,60.0,nM,Fc1cccc(Cn2cnc3ccc(-c4cc(NC5CC6CCCC(C5)N6)ncc4Cl)cc32)c1,7.221848749616356
CHEMBL5900891,CDK4,60.0,nM,CCN1CCN(Cc2ccc(Nc3ncc(F)c(-c4ccc5c(n4)c(C(F)(F)F)nn5C4CCCC4)n3)nc2)CC1,7.221848749616356
CHEMBL5909708,CDK6,60.0,nM,CCN1CCN(Cc2ccc(Nc3ncc(F)c(-c4ccc5nnc(C(C)C)n5c4)n3)nc2)CC1,7.221848749616356
CHEMBL5916431,CDK6,60.0,nM,CC(C)n1c(C(=O)N(C)C)cc2c(F)c(-c3nc(Nc4ccc(N5CCNCC5)cn4)ncc3F)ccc21,7.221848749616356
CHEMBL1800465,CDK2,60.0,nM,Nc1nc(NC2CCCCC2)cc(-c2cc(N3C[C@H](O)[C@@H](O)C3)ccc2O)n1,7.221848749616356
CHEMBL45477,CDK1,60.0,nM,CN1CCC(c2c(O)cc(O)c3c2O/C(=C\c2ccc([N+](=O)[O-])cc2)C3=O)CC1,7.221848749616356
CHEMBL5963377,CDK6,60.0,nM,CCN1CCN(Cc2ccc(Nc3ncc(F)c(-c4ccc5c(cc(C(=O)N(C)C)n5C(C)C)n4)n3)nc2)CC1,7.221848749616356
CHEMBL5892703,CDK6,60.0,nM,CC(C)n1c(C2CCCC2)cc2cc(-c3nc(Nc4ccc(N5CCN(C6CCC6)CC5)cn4)ncc3F)ccc21,7.221848749616356
CHEMBL3702157,CDK6,60.0,nM,C1=C(c2ccc(Nc3ncc4c5ccncc5n(C5CCCC5)c4n3)nn2)CCNC1,7.221848749616356
CHEMBL5936324,CDK6,60.0,nM,CCN1CCN(Cc2ccc(Nc3ncc(F)c(-c4ccc5c(c(C)nn5C5CCCC5)c4F)n3)nc2)CC1,7.221848749616356
CHEMBL3702199,CDK4,60.0,nM,CC1(C)CN(c2ccc(Nc3ncc4c5ccccc5n(C5CCCC5)c4n3)nn2)CCN1,7.221848749616356
CHEMBL6046075,CDK4,60.0,nM,CC(C)n1nc(C(N)=O)c2c(F)c(-c3nc(Nc4ccc(N5CCNCC5)cn4)ncc3F)ccc21,7.221848749616356
CHEMBL5829356,CDK6,60.0,nM,CC(=O)c1nc(C2CC2)n2cc(-c3nc(Nc4ccc(N5CCNCC5)cn4)ncc3F)cc(F)c12,7.221848749616356
CHEMBL5823740,CDK6,60.0,nM,CCN1CCN(Cc2ccc(Nc3ncc(F)c(-c4ccc5nnc(C(C)=O)n5c4)n3)nc2)CC1,7.221848749616356
CHEMBL365937,CDK1,60.0,nM,OCCCNc1cncc(-c2ncnc(Nc3cccc(Cl)c3)n2)c1,7.221848749616356
CHEMBL5869349,CDK6,60.0,nM,CC(C)n1c(C(=O)N(C)C)c(F)c2c(-c3nc(Nc4ccc(N5CCNCC5)cn4)ncc3F)ncnc21,7.221848749616356
CHEMBL480442,CDK2,60.0,nM,CC(C)c1cnn2c(NCc3ccc(Cl)cc3)nc(N[C@@H](CO)C(C)C)nc12,7.221848749616356
CHEMBL5858857,CDK6,60.0,nM,CCN1CCN(Cc2ccc(Nc3ncc(F)c(-c4ccc5c(c4)c(C(C)=O)cn5C4CCCC4)n3)nc2)CC1,7.221848749616356
CHEMBL410072,CDK1,60.0,nM,CC(C)(CO)CNC(=O)c1ccc2c(c1)/C(=N/Nc1ccc(S(N)(=O)=O)cc1)C(=O)N2,7.221848749616356
CHEMBL5408669,CDK9,60.0,nM,O=C1CCC(N2C(=O)c3cccc(OCCCCCCCn4cc(CCCCCCCN5CCC(NC(=O)c6n[nH]cc6NC(=O)c6c(Cl)cccc6Cl)CC5)nn4)c3C2=O)C(=O)N1,7.221848749616356
CHEMBL5804149,CDK4,60.0,nM,CCN1CCN(Cc2ccc(Nc3ncc(F)c(-c4ncc5nc(C)n(C(C)C)c5n4)n3)nc2)CC1,7.221848749616356
CHEMBL3919070,CDK9,60.0,nM,[O-][n+]1cccc(CNc2ccc(Cl)c(-c3ccnc4[nH]c(C5CCNCC5)cc34)n2)c1,7.221848749616356
CHEMBL6032787,CDK6,60.0,nM,Cc1nc2cnc(-c3nc(Nc4ccc(N5CCN(C)CC5)cn4)ncc3F)nc2n1C(C)C,7.221848749616356
CHEMBL5823740,CDK4,60.0,nM,CCN1CCN(Cc2ccc(Nc3ncc(F)c(-c4ccc5nnc(C(C)=O)n5c4)n3)nc2)CC1,7.221848749616356
CHEMBL5832258,CDK6,60.0,nM,CC(C)c1c(C#N)n(C2CC2)c2ccc(-c3nc(Nc4ccc(CN5CCN(C6CC6)CC5)cn4)ncc3F)cc12,7.221848749616356
CHEMBL255932,CDK1,60.0,nM,Nc1ccc(CC(=O)Nc2n[nH]c3ccc(N4CCCS4(=O)=O)cc23)cc1,7.221848749616356
CHEMBL258039,CDK1,60.0,nM,CCN(CC)c1ccc(CC(=O)Nc2n[nH]c3ccc(N4CCCS4(=O)=O)cc23)cc1,7.221848749616356
CHEMBL24484,CDK1,60.0,nM,CCC(C)(O)C#Cc1nc(NCc2ccc(Cl)cc2)c2ncn(C(C)C)c2n1,7.221848749616356
CHEMBL5845923,CDK2,60.2,nM,CCOP(=O)(OCC)C1(O)CCN(CCN2CCc3nc(Nc4ncc(F)c(-c5cc(F)c6nc(C)n(C(C)(C)C)c6c5)n4)ccc3C2)C1,7.220403508742176
CHEMBL5805137,CDK2,60.4,nM,Cc1nc2c(F)cc(-c3nc(Nc4ccc5c(n4)CCN(CC(F)(F)F)C5)ncc3F)cc2n1C(C)C,7.218963061378869
CHEMBL181293,CDK2,61.0,nM,CCN[C@H]1CC[C@H](Nc2cc(Nc3ccc(S(=O)(=O)N(C)C)cc3)n3ncc(C(C)C)c3n2)CC1,7.214670164989233
CHEMBL4741442,CDK4,61.0,nM,C[C@H](CO)Nc1nc(Nc2ccc(S(N)(=O)=O)cc2)ncc1Br,7.214670164989233
CHEMBL3953020,CDK9,61.0,nM,CN1Cc2c(C3=CCC(N[C@@H](Cc4ccccc4)C(=O)O)CC3)[nH]c3nccc(c23)-c2cc(F)ccc21,7.214670164989233
CHEMBL3668390,CDK9,61.0,nM,COc1ccc(F)cc1-c1ccnc2[nH]c(C3CCN(CC4CCOCC4)C3)cc12,7.214670164989233
CHEMBL3892764,CDK9,61.0,nM,CN1Cc2c(C3=CCN(CC(=O)O)CC3)[nH]c3nccc(c23)-c2cc(F)ccc21,7.214670164989233
CHEMBL3930674,CDK9,61.0,nM,COc1ccc(F)cc1-c1ccnc2[nH]c(C3=CC4CCC(C3)N4C(=O)Cn3c(OC)cc4cccnc43)cc12,7.214670164989233
CHEMBL6160750,CDK9,61.0,nM,COc1cccc(F)c1-c1cc(Nc2cc(CN3CCN(C(=O)c4cc(Cc5n[nH]c(=O)c6ccccc56)ccc4F)CC3)ccn2)ncc1F,7.214670164989233
CHEMBL410293,CDK2,61.0,nM,NS(=O)(=O)c1ccc(N/C=C2\C(=O)Nc3cc(CO)ccc32)cc1,7.214670164989233
CHEMBL5770856,CDK9,61.0,nM,CC(CO)N[C@H]1CC[C@H](Nc2cc(-c3ccc4ncn(Cc5cccc(F)c5)c4c3)c(Cl)cn2)CC1,7.214670164989233
CHEMBL3698663,CDK6,61.0,nM,C[C@H](C1CCCCC1)n1c2cnccc2c2cnc(Nc3ccc(N4CCNCC4)cn3)nc21,7.214670164989233
CHEMBL4764656,CDK4,61.0,nM,C[C@H](CO)Nc1nc(Nc2ccc(S(N)(=O)=O)cc2)ncc1Br.Cl,7.214670164989233
CHEMBL5763679,CDK1,61.2,nM,Cc1nc2c(F)cc(-c3nc(Nc4ccc5c(n4)CCN(C(=O)CN4CCOCC4)C5)ncc3F)cc2n1C(C)C,7.213248577854439
CHEMBL5598054,CDK9,61.2,nM,N#CC1(CNc2cccc(-c3cc(Nc4cnn(Cc5ccc(C(=O)NO)cc5)c4)ncc3Cl)n2)CCOCC1,7.213248577854439
CHEMBL5950426,CDK9,61.5,nM,Cc1nc2c(F)cc(-c3nc(Nc4ccc5c(n4)CCN(C(=O)N(C)CCN(C)C)C5)ncc3F)cc2n1C1CC1,7.211124884224583
CHEMBL321939,CDK2,61.6,nM,NS(=O)(=O)c1ccc(Nc2cc(-c3cccc(NC(=O)Nc4cc(C(F)(F)F)ccc4F)c3)[nH]n2)cc1,7.210419287835575
CHEMBL79848,CDK2,62.0,nM,O=C1Nc2ccc(F)c3c(OCCO)cc(-c4ccc[nH]4)c1c23,7.207608310501746
CHEMBL3702144,CDK4,62.0,nM,CC1(C)CN(C(=O)Cc2ccc(Nc3ncc4c5ccncc5n(C5CCCC5)c4n3)nc2)CCN1,7.207608310501746
CHEMBL488436,CDK1,62.0,nM,Cc1ncc(-c2ccnc(Nc3ccc(S(C)(=O)=O)cc3)n2)n1C(C)C,7.207608310501746
CHEMBL3668505,CDK9,62.0,nM,COc1ccc(F)cc1-c1ccnc2[nH]c(C3=CCN(CC(=O)N4CC(O)C4)CC3)cc12,7.207608310501746
CHEMBL2158858,CDK1,62.0,nM,CNC(=O)Nc1ccc(-c2cc(-c3ccnc(Nc4cccc(S(N)(=O)=O)c4)n3)ccn2)cc1,7.207608310501746
CHEMBL3641941,CDK4,62.0,nM,C[C@H](CO)n1c2cnccc2c2cnc(Nc3ccc(N4CCNC(C)(C)C4)cn3)nc21,7.207608310501746
CHEMBL6166891,CDK1,62.0,nM,Cc1ccc(O)c(C)c1-n1c(N)c(C(N)=O)c2c(=O)n(CF)c(C)nc21,7.207608310501746
CHEMBL3914697,CDK9,62.0,nM,CN1Cc2c(C3=CC4CN(S(C)(=O)=O)CC4C3)[nH]c3nccc(c23)-c2cc(F)ccc21,7.207608310501746
CHEMBL3899222,CDK9,62.0,nM,CS(=O)(=O)N1CC=C(c2[nH]c3nccc4c3c2CNc2ccc(F)cc2-4)CC1,7.207608310501746
CHEMBL3691673,CDK4,62.0,nM,CN(C)C(=O)c1cc2cnc(Nc3ccc(N4C[C@@H]5CC[C@H](CC4=O)N5S(C)(=O)=O)cn3)nc2n1C1CCCC1,7.207608310501746
CHEMBL379193,CDK2,62.0,nM,CCOC(=O)CCC(=O)NS(=O)(=O)c1ccc(Nc2nc(N)n(C(=O)c3c(F)cccc3F)n2)cc1,7.207608310501746
CHEMBL5991865,CDK9,62.0,nM,C[C@H](c1cccc(F)c1)n1nnc2cc(F)c(-c3cc(NC(=O)[C@@H]4CCCNC4)ncc3Cl)cc21,7.207608310501746
CHEMBL453651,CDK2,62.0,nM,CNC(=O)c1ccc(Nc2nccc(-c3cnc(COC)n3C(C)C)n2)cc1,7.207608310501746
CHEMBL3668489,CDK9,62.0,nM,COc1ccc(F)cc1-c1ccnc2[nH]c(C3=CCC(C(=O)O)CC3)cc12,7.207608310501746
CHEMBL3960860,CDK9,62.0,nM,CN1Cc2c(C3=CCN(CC(=O)N4CCC[C@@H]4CO)CC3)[nH]c3nccc(c23)-c2cc(F)ccc21,7.207608310501746
CHEMBL408019,CDK2,62.0,nM,O=C(Nc1n[nH]c2nc(-c3cccc(O)c3)ccc12)C1CC1,7.207608310501746
CHEMBL5844694,CDK1,62.2,nM,Cc1nc2c(F)cc(-c3nc(Nc4ccc5c(n4)CCN(C(=O)CCO)C5)ncc3F)cc2n1C(C)C,7.206209615309181
CHEMBL5888813,CDK2,62.4,nM,Cc1nc2c(F)cc(-c3nc(Nc4ccc5c(n4)CCN(CC[Si](C)(C)C)C5)ncc3F)cc2n1C(C)C,7.204815410317575
CHEMBL5811976,CDK2,62.4,nM,Cc1nc2c(F)cc(-c3nc(Nc4ccc5c(n4)CCN(C[C@@H]4CNCCO4)C5)ncc3F)cc2n1C(C)(C)C,7.204815410317575
CHEMBL5853767,CDK2,62.4,nM,Cc1nc2c(F)cc(-c3nc(Nc4ccc5c(n4)CCN(C[C@@H]4CNCCO4)C5)ncc3F)cc2n1C(C)C,7.204815410317575
CHEMBL5424761,CDK1,62.46,nM,O=C(c1ccccc1)N1CCN(c2nnc(Cc3ccccc3)c3ccccc23)CC1,7.20439802010582
CHEMBL5562687,CDK1,62.5,nM,Cc1ccc(O)c(C)c1-n1c(N)c(C(=O)N2CCn3ncc(C#N)c3C2)c2nc(C)c(C)nc21,7.204119982655925
CHEMBL3648097,CDK2,63.0,nM,CCOc1nc(Nc2ccc(S(=N)(=O)CC)cc2)ncc1Br,7.200659450546418
CHEMBL3668345,CDK9,63.0,nM,COc1ccc(F)cc1-c1ccnc2[nH]c(C3CNC(C)(C)CO3)cc12,7.200659450546418
CHEMBL3668352,CDK9,63.0,nM,Fc1cccc(-c2c(Cl)cnc3[nH]c(C4CCCNC4)cc23)c1,7.200659450546418
CHEMBL365608,CDK2,63.0,nM,C=C(c1ccc2nc(N)c(C(=O)c3c(F)cccc3F)n2c1)c1c(F)cccc1F,7.200659450546418
CHEMBL4872494,CDK9,63.0,nM,COc1ccc(F)cc1-c1ccnc2[nH]c(C3=CCC(NCC(=O)O)CC3)cc12,7.200659450546418
CHEMBL5894609,CDK9,63.0,nM,O=C(Nc1cc(-c2cnn3c2CCCC3)ncn1)[C@H]1C[C@H](O)C1,7.200659450546418
CHEMBL5934929,CDK9,63.0,nM,O=C(Nc1cc(-c2ccc3ncn(Cc4cccc(F)c4)c3c2)c(Cl)cn1)C1CCc2nncn2C1,7.200659450546418
CHEMBL3648090,CDK1,63.0,nM,CCOC(=O)N=S(C)(=O)c1ccc(Nc2ncc(Br)c(N[C@H](C)C(C)(C)O)n2)cc1C,7.200659450546418
CHEMBL3991935,CDK4,63.0,nM,CN1CC[C@@H](c2c(O)cc(O)c3c(=O)cc(-c4ccccc4Cl)oc23)[C@@H]1CO.Cl,7.200659450546418
CHEMBL3969723,CDK4,63.0,nM,CN1CC[C@@H](c2c(O)cc(O)c3c(=O)cc(-c4ccccc4Cl)oc23)[C@@H]1CO,7.200659450546418
CHEMBL3970239,CDK9,63.0,nM,CN1Cc2c(C3=CCNCC3)[nH]c3nccc(c23)-c2cccnc21,7.200659450546418
CHEMBL3975721,CDK9,63.0,nM,CNC(=O)C1CC=C(c2[nH]c3nccc4c3c2CN(C)c2ccc(F)cc2-4)CC1,7.200659450546418
CHEMBL3982885,CDK9,63.0,nM,CN1Cc2c(C3=CCN([C@H]4CC[C@H](C(=O)O)CC4)CC3)[nH]c3ncc(F)c(c23)-c2ccccc21,7.200659450546418
CHEMBL233153,CDK1,63.0,nM,Cc1cc(N2CCCS2(=O)=O)c2oc(-c3ccc(O)c(C(F)(F)F)c3)c(O)c(=O)c2c1,7.200659450546418
CHEMBL2426385,CDK2,63.0,nM,Cc1ccc(-c2nn(-c3ccccc3)cc2C(=O)NC(=S)Nc2ccc(Cl)cc2)cc1,7.200659450546418
CHEMBL3967245,CDK9,63.0,nM,CN1Cc2c(C3=CCN(CC(=O)N4CC(F)(F)C4)CC3)[nH]c3nccc(c23)-c2cc(F)ccc21,7.200659450546418
CHEMBL3822989,CDK2,63.0,nM,CC(=O)N1CCC(n2cc(Nc3ncc(Cl)c(-c4cnn5ccccc45)n3)c(C)n2)CC1,7.200659450546418
CHEMBL3668488,CDK9,64.0,nM,COc1ccc(F)cc1-c1ccnc2[nH]c(C3=CCN(S(=O)(=O)N(C(=O)O)C(C)(C)C)CC3)cc12,7.1938200260161125
CHEMBL6162521,CDK6,64.0,nM,CC(=O)N1CCC2(CC1)CC(=O)c1ccc(-c3nc(Nc4ccc(N5CCC(C)CC5)cn4)ncc3F)cc1O2,7.1938200260161125
CHEMBL3691563,CDK4,64.0,nM,CN(C)C(=O)c1cc2cnc(Nc3ccc(C(=O)N4CCN5CCCC5C4)cn3)nc2n1C1CCCC1,7.1938200260161125
CHEMBL541448,CDK1,64.0,nM,COc1cccc(COc2ccc3sc4c(c3c2)NC[C@@H](C)NC4=O)c1,7.1938200260161125
CHEMBL3668403,CDK9,64.0,nM,COc1ccc(F)cc1-c1ccnc2[nH]c([C@H]3CC[C@H](NCCCC(=O)O)CC3)cc12,7.1938200260161125
CHEMBL3932928,CDK9,64.0,nM,CN1Cc2c(C3=CCC(N[C@H](C(=O)O)C(C)(C)C)CC3)[nH]c3nccc(c23)-c2cc(F)ccc21,7.1938200260161125
CHEMBL4861217,CDK9,64.0,nM,COc1ccc(F)cc1-c1ccnc2[nH]c(C3=CCN([C@H]4CC[C@@H](C(=O)O)CC4)CC3)cc12,7.1938200260161125
CHEMBL3976427,CDK9,64.0,nM,CN1Cc2c(C3=CCN([C@H]4CC[C@H](CC(=O)O)CC4)CC3)[nH]c3nccc(c23)-c2cc(F)ccc21,7.1938200260161125
CHEMBL1964245,CDK1,64.0,nM,CNS(=O)(=O)c1ccc(N/C=C2\C(=O)Nc3ccc4ncsc4c32)cc1,7.1938200260161125
CHEMBL1964253,CDK1,64.0,nM,CN(c1ccccn1)S(=O)(=O)c1ccc(N/C=C2\C(=O)Nc3ccc4ncsc4c32)cc1,7.1938200260161125
CHEMBL3976415,CDK9,64.0,nM,CC[C@H]1c2c(C3=CCN([C@H]4C[C@@H](C(=O)OC)C4)CC3)[nH]c3nccc(c23)-c2cc(F)ccc2N1C,7.1938200260161125
CHEMBL299032,CDK2,64.0,nM,CC(C)NS(=O)(=O)c1ccc2c(c1)/C(=C/c1[nH]cc3c1CCOC3=O)C(=O)N2,7.1938200260161125
CHEMBL3642649,CDK2,64.0,nM,Fc1ccccc1-c1cc(NCc2ccncc2)n2ncc(Cl)c2n1,7.1938200260161125
CHEMBL5977920,CDK2,64.1,nM,CN1CCC(Oc2ccc(Nc3ncc(F)c(-c4cc(F)c5nc6n(c5c4)C(C)(C)CC6)n3)nc2)CC1,7.193141970481182
CHEMBL3691581,CDK4,64.5,nM,CN(C)C(=O)c1cc2cnc(Nc3ccc(C(=O)N4CC5CCC(C4)N5)nn3)nc2n1C1CCCC1,7.1904402853647325
CHEMBL3691613,CDK4,64.5,nM,CN(C)C(=O)c1cc2cnc(Nc3ccc(C(=O)N4CC5CCC(C4)O5)cn3)nc2n1C1CCCC1,7.1904402853647325
CHEMBL6011114,CDK4,65.0,nM,COC1CCN(c2ccc(Nc3ncc(F)c(-c4cc(F)c5c(c4)N(C(C)C)CCO5)n3)nc2)CC1,7.187086643357144
CHEMBL5598550,CDK9,65.0,nM,N#CC1(CNc2cccc(-c3cc(Nc4cnn(CCCCCCC(=O)NO)c4)ncc3Cl)n2)CCOCC1,7.187086643357144
CHEMBL3691560,CDK4,65.0,nM,CN(C)C(=O)c1cc2cnc(Nc3ccc(C(=O)N4CC5CC5(N(C)C)C4)cn3)nc2n1C1CCCC1,7.187086643357144
CHEMBL3668344,CDK9,65.0,nM,Clc1ccc(NCc2ccccc2)nc1-c1ccnc2[nH]c(C3CNCCO3)cc12,7.187086643357144
CHEMBL5880905,CDK9,65.0,nM,CS(=O)(=O)N[C@H]1CC[C@H](Nc2cc(-c3ccc4ncn(Cc5cccc(F)c5)c4c3)c(Cl)cn2)CC1,7.187086643357144
CHEMBL4761001,CDK9,65.0,nM,CN(C)C/C=C/C(=O)Nc1ccc(C(=O)N2CCCC(Nc3ncc(SCc4ncc(C(C)(C)C)o4)s3)C2)cc1,7.187086643357144
CHEMBL5800508,CDK9,65.0,nM,O=C(Nc1cc(-c2ccc3c(c2)N(CC2CCOCC2)CC3)c(Cl)cn1)[C@@H]1CCCNC1,7.187086643357144
CHEMBL82768,CDK2,65.0,nM,CC(C)(N)CNc1cc(-c2ccc[nH]2)c2c3c(ccc(F)c13)NC2=O,7.187086643357144
CHEMBL5786556,CDK2,65.5,nM,CN(C)[C@H]1CCN(c2ccc(Nc3ncc(F)c(-c4cc(F)c5nc6n(c5c4)C(C)(C)CC6)n3)nc2)C1,7.183758700008217
CHEMBL5941223,CDK2,65.5,nM,Cc1nc2c(F)cc(-c3nc(Nc4ccc5c(n4)CCNC5)ncc3F)cc2n1C1CCC(C)CC1,7.183758700008217
CHEMBL5879318,CDK9,65.8,nM,CNCC(=O)N1CCc2nc(Nc3ncc(F)c(-c4cc(F)c5nc(C)n(C6CCC6)c5c4)n3)ccc2C1,7.181774106386045
CHEMBL3691657,CDK4,66.0,nM,CN(C)C(=O)c1cc2cnc(Nc3ccc(N4CC5(CC4=O)CC4CCC(C5)N4)cn3)nc2n1C1CCCOC1,7.180456064458131
CHEMBL3937521,CDK9,66.0,nM,CN1Cc2c(C3=CCN4C(=O)OC[C@H]4C3)[nH]c3nccc(c23)-c2cc(F)ccc21,7.180456064458131
CHEMBL3673537,CDK9,66.0,nM,CNC(=O)N1CCC(c2cc3c(-c4cncc(NCc5cccnc5)n4)ccnc3[nH]2)CC1,7.180456064458131
CHEMBL3899955,CDK9,66.0,nM,CN1Cc2c(-c3ccc(S(C)(=O)=O)cc3)[nH]c3nccc(c23)-c2cc(F)ccc21,7.180456064458131
CHEMBL2403095,CDK1,66.0,nM,NC1CCC(Nc2nc(NCc3ccc(-c4ccoc4)nc3)c3ncn(C4CCCC4)c3n2)CC1,7.180456064458131
CHEMBL3641919,CDK4,66.0,nM,CC1(C)CN(c2ccc(Nc3ncc4c5ccncc5n([C@H]5CCC[C@H]5O)c4n3)nc2)CCN1,7.180456064458131
CHEMBL3897049,CDK9,66.0,nM,CN1Cc2c(C3=CC4CCCC(C3)N4CC(=O)N(C)C3CC(O)C3)[nH]c3nccc(c23)-c2cc(F)ccc21,7.180456064458131
CHEMBL3668477,CDK9,66.0,nM,Fc1ccccc1CNc1ccc(Cl)c(-c2ccnc3[nH]c(C4CCCNC4)cc23)n1,7.180456064458131
CHEMBL3668541,CDK9,66.0,nM,COc1ccc(F)cc1-c1ccnc2[nH]c(C3CCN(CC(=O)N(C)C4CC(O)C4)CC3)cc12,7.180456064458131
CHEMBL5749331,CDK9,66.0,nM,N[C@H]1CC[C@H](Nc2cc(-c3ccc4ncn(CC5CCOCC5)c4c3)c(Cl)cn2)CC1,7.180456064458131
CHEMBL3698685,CDK4,66.0,nM,O=C(c1cnc(Nc2ncc3c4ccncc4n(C4CCCC4)c3n2)s1)N1CCNCC1,7.180456064458131
CHEMBL5758736,CDK9,66.0,nM,O=C(Nc1cc(-c2ccc3ncn(CC4CCS(=O)(=O)C4)c3c2)c(Cl)cn1)[C@@H]1CCCNC1,7.180456064458131
CHEMBL3823659,CDK1,66.0,nM,CC(=O)N1CCC(n2cc(Nc3ncc(Cl)c(-c4cnc5ccccn45)n3)cn2)CC1,7.180456064458131
CHEMBL5438882,CDK1,66.47,nM,COc1ccc(NC(=O)N2CCN(c3nnc(Cc4ccccc4)c4ccccc34)CC2)cc1,7.177374321225859
CHEMBL4788401,CDK9,66.5,nM,C=CC(=O)Nc1ccc(O[C@@H]2CCC[C@@H](Nc3ncc(SCc4ncc(C(C)(C)C)o4)s3)C2)cc1,7.1771783546968955
CHEMBL5632010,CDK9,66.7,nM,COc1cc(O)c2c(=O)cc(-c3ccc(N4CCN(C)CC4)cc3)oc2c1C1=CCN(C)CC1,7.175874166083451
CHEMBL6002613,CDK2,67.0,nM,Cc1nc2c(F)cc(-c3nc(Nc4ccc5c(n4)CCN(CCN4CCP(C)(=O)CC4)C5)ncc3F)cc2n1C(C)(C)C,7.173925197299173
CHEMBL3915400,CDK9,67.0,nM,CN1Cc2c(C3=CCN([C@H]4CC[C@H](CC(=O)O)CC4)CC3)[nH]c3ncc(F)c(c23)-c2cc(F)ccc21,7.173925197299173
CHEMBL115994,CDK2,67.0,nM,O=C(Cc1ccc(OC(F)(F)F)cc1)Nc1cc(C2CC2)[nH]n1,7.173925197299173
CHEMBL4758996,CDK9,67.0,nM,CC(C)N1c2cc(Nc3nccc(-c4cccc5c4CCCN5)n3)ccc2N(C)C(=O)[C@H]1C,7.173925197299173
CHEMBL254367,CDK1,67.0,nM,O=C(Cc1cccc2ccccc12)Nc1n[nH]c2ccc(N3CCCS3(=O)=O)cc12,7.173925197299173
CHEMBL3691614,CDK4,67.0,nM,CN(C)C(=O)c1cc2cnc(Nc3ccc(C(=O)N4CCC5COCC(C4)N5)cn3)nc2n1C1CCCC1,7.173925197299173
CHEMBL3944945,CDK9,67.0,nM,CN(C)C(=O)CN1CC=C(c2[nH]c3nccc4c3c2CCN(C)c2ccc(F)cc2-4)CC1,7.173925197299173
CHEMBL3668458,CDK9,67.0,nM,Nc1ccc(F)c(-c2ccnc3[nH]c(C4CCNCC4)cc23)c1,7.173925197299173
CHEMBL4856767,CDK2,67.44,nM,Cc1n[nH]c2ccc(-c3cncc(N[C@@H](CO)c4ccccc4)n3)cc12,7.171082438383314
CHEMBL458547,CDK2,68.0,nM,COCCNS(=O)(=O)c1ccc(Nc2nccc(-c3c(C)nc(C)n3C)n2)cc1,7.167491087293763
CHEMBL184115,CDK2,68.0,nM,COc1ccccc1C(=O)c1c(N)nc2ccc(C(=O)c3c(F)cccc3F)cn12,7.167491087293763
CHEMBL58139,CDK2,68.0,nM,CN(C)S(=O)(=O)c1ccc2c(c1)/C(=C/c1[nH]cc3c1CCNC3=O)C(=O)N2,7.167491087293763
CHEMBL5794853,CDK9,68.0,nM,NC1CCCC(Nc2cc(-c3ccc4ncn(Cc5cccc(F)c5)c4c3)c(Cl)cn2)C1,7.167491087293763
CHEMBL60990,CDK2,68.0,nM,O=C1Nc2ccc(C(=O)O)cc2/C1=C/c1[nH]cc2c1CCNC2=O,7.167491087293763
CHEMBL1800452,CDK2,68.0,nM,CC(C)c1cc(-c2cc(N3C[C@H](O)[C@@H](O)C3)ccc2O)nc(N)n1,7.167491087293763
CHEMBL5989892,CDK9,68.0,nM,CC(C)(O)CCn1cnc2ccc(-c3cc(NC(=O)[C@@H]4CCCNC4)ncc3Cl)cc21,7.167491087293763
CHEMBL3977523,CDK9,68.0,nM,CN1Cc2c(-c3ccc(CC(=O)O)cc3)[nH]c3nccc(c23)-c2cc(F)ccc21,7.167491087293763
CHEMBL325606,CDK2,68.0,nM,NC(=O)c1ccc(C(=O)Nc2cc(C3CC3)[nH]n2)cc1,7.167491087293763
CHEMBL3702098,CDK4,68.0,nM,CN(C)CC(=O)N1CCN(c2ccc(Nc3ncc4c5ccnc(F)c5n(C5CCCC5)c4n3)nc2)CC1,7.167491087293763
CHEMBL5833447,CDK9,68.0,nM,NCC(O)CNc1cc(-c2ccc3ncn(Cc4cccc(F)c4)c3c2)c(Cl)cn1,7.167491087293763
CHEMBL3663766,CDK9,68.0,nM,COc1ccc(C)cc1-c1ccnc2[nH]c(C3CCNCC3)cc12,7.167491087293763
CHEMBL3648124,CDK1,68.0,nM,CCS(=N)(=O)c1ccc(Nc2ncc(Br)c(N[C@@H](C)C(C)(C)O)n2)cc1,7.167491087293763
CHEMBL5596921,CDK9,68.4,nM,COc1cc(F)ccc1-c1cc(Nc2ccc(/C=C/C(=O)Nc3ccccc3N)cc2)ncc1F,7.164943898279883
CHEMBL3922725,CDK9,69.0,nM,CN1Cc2c(C3=CCN(S(C)(=O)=O)CC3)[nH]c3nccc(c23)-c2cccnc21,7.161150909262744
CHEMBL3298983,CDK2,69.0,nM,C[C@@H](NC(=O)N1CCc2cnc(NC3CCOCC3)nc2C1)c1ccc2cc[nH]c2c1,7.161150909262744
CHEMBL2426398,CDK2,69.0,nM,Cc1ccc(NC(=S)NC(=O)c2cn(-c3ccccc3)nc2-c2ccccc2)cc1,7.161150909262744
CHEMBL5998900,CDK9,69.0,nM,CS(=O)(=O)CCn1cnc2ccc(-c3cc(NC(=O)[C@@H]4CCCNC4)ncc3Cl)cc21,7.161150909262744
CHEMBL3641980,CDK4,69.0,nM,C[C@H](O)Cn1c2cnccc2c2cnc(Nc3ccc(N4CCC(N(C)C)CC4)cn3)nc21,7.161150909262744
CHEMBL5756117,CDK6,69.0,nM,CC(C)N1CCOc2c(F)cc(-c3nc(Nc4ccc(N5CCC(O)CC5)c(F)c4)ncc3F)cc21,7.161150909262744
CHEMBL5856237,CDK1,69.0,nM,Cc1nc2c(F)cc(-c3nc(Nc4ccc5c(n4)CCN(C(=O)[C@@H](C)N(C)C)C5)ncc3F)cc2n1C(C)C,7.161150909262744
CHEMBL3668414,CDK9,69.0,nM,CN1CCC(c2cc3c(-c4cccc(N(C)Cc5ccccc5Cl)n4)ccnc3[nH]2)CC1,7.161150909262744
CHEMBL272028,CDK1,69.0,nM,NS(=O)(=O)c1ccc(N/N=C2\C(=O)Nc3ccc(C(=O)NCCc4c[nH]cn4)cc32)cc1,7.161150909262744
CHEMBL3668509,CDK9,70.0,nM,COc1ccc(F)cc1-c1ccnc2[nH]c(C3=CCC(N4CCC[C@H]4C(=O)O)CC3)cc12,7.154901959985743
CHEMBL5169733,CDK9,70.0,nM,CN(C)C(=O)CN1CCC(c2cc3c(-c4ccc(=O)n(C5CCC5)c4)ccnc3[nH]2)CC1,7.154901959985743
CHEMBL3668558,CDK9,70.0,nM,COc1ccc(F)cc1-c1c(F)cnc2[nH]c(C3=CC4CN(CC(=O)N5CC(O)C5)CC4C3)cc12,7.154901959985743
CHEMBL5421101,CDK9,70.0,nM,O=C1CCC(N2C(=O)c3cccc(OCCCCCCCCn4cc(CCCCCCN5CCC(NC(=O)c6n[nH]cc6NC(=O)c6c(Cl)cccc6Cl)CC5)nn4)c3C2=O)C(=O)N1,7.154901959985743
CHEMBL3924904,CDK9,70.0,nM,COc1ccc(F)cc1-c1ccnc2[nH]c(C3C[C@@H]4CN(S(C)(=O)=O)C[C@@H]4C3)cc12,7.154901959985743
CHEMBL5407116,CDK1,70.0,nM,S=C(Nc1ccccc1)N1CCN(c2nnc(Cc3ccccc3)c3ccccc23)CC1,7.154901959985743
CHEMBL1080912,CDK2,70.0,nM,Cc1n[nH]c2ccc(-c3nnc(NC[C@@H](N)Cc4ccc(Cl)cc4Cl)s3)cc12,7.154901959985743
CHEMBL4215914,CDK2,70.0,nM,CC[C@H](CO)Nc1nc(NCc2ccccc2N)c2[nH]nc(C(C)C)c2n1,7.154901959985743
CHEMBL3924254,CDK9,70.0,nM,CN1Cc2c(C3=CCN(CC(=O)N4CCC[C@H]4CO)CC3)[nH]c3nccc(c23)-c2cc(F)ccc21,7.154901959985743
CHEMBL6174956,CDK1,70.0,nM,CCOC(=O)c1cnc2c(-c3nc4ccccc4s3)c(Nc3ccccc3)nn2c1O,7.154901959985743
CHEMBL101801,CDK1,70.0,nM,NC(=O)c1ccc(Nc2nc(N)c(N=O)c(OCC3CCCCC3)n2)cc1,7.154901959985743
CHEMBL1922212,CDK2,70.0,nM,CC[C@H](Nc1nc(NCc2cccnc2)c2ncn(C(C)C)c2n1)C(C)(C)O,7.154901959985743
CHEMBL2011932,CDK2,70.0,nM,COc1ccc(-c2nc3c(NCCCNC(=O)C4(CN)CC4)c(Br)cnc3[nH]2)cc1,7.154901959985743
CHEMBL5432607,CDK9,70.0,nM,O=C1CCC(N2C(=O)c3cccc(OCCCCn4cc(CCCCCCN5CCC(NC(=O)c6n[nH]cc6NC(=O)c6c(Cl)cccc6Cl)CC5)nn4)c3C2=O)C(=O)N1,7.154901959985743
CHEMBL3702148,CDK4,70.0,nM,c1cc2c3cnc(Nc4ccc(N5CCNC6(CCC6)C5)nn4)nc3n(C3CCCC3)c2cn1,7.154901959985743
CHEMBL5915046,CDK2,70.3,nM,CC1(C)CCc2nc3c(F)cc(-c4nc(Nc5ccc(OC6CCN(CCO)CC6)cn5)ncc4F)cc3n21,7.153044674980176
CHEMBL209280,CDK2,71.0,nM,Nc1nc(Nc2ccc(S(=O)(=O)NC(=O)CCC(=O)O)cc2)nn1C(=O)c1c(F)cccc1F,7.1487416512809245
CHEMBL3668553,CDK9,71.0,nM,COc1ccc(F)cc1-c1ccnc2[nH]c(C3=CCN([C@H]4CC[C@@H](CC(=O)O)CC4)CC3)cc12,7.1487416512809245
CHEMBL3668545,CDK9,71.0,nM,COc1ccc(F)cc1-c1ccnc2[nH]c(C3=CC4CN(C(=O)CO)CC4C3)cc12,7.1487416512809245
CHEMBL455467,CDK1,71.0,nM,Cc1ncc(-c2ccnc(Nc3ccc(C(=O)N4CCN(C)CC4)cc3)n2)n1C(C)C,7.1487416512809245
CHEMBL3668549,CDK9,71.0,nM,CNC(=O)N1C[C@@H]2CC(c3cc4c(-c5cc(F)ccc5OC)ccnc4[nH]3)=C[C@@H]2C1,7.1487416512809245
CHEMBL3691636,CDK4,71.0,nM,CN(C)C(=O)c1cc2cnc(Nc3ccc(N4CCN5CCCCC5C4=O)cn3)nc2n1C1CCCC1,7.1487416512809245
CHEMBL141247,CDK6,71.0,nM,O=C(Nc1ccccn1)Nc1cccc2c1[C@H]1CCCN1C2=O,7.1487416512809245
CHEMBL3298312,CDK2,71.0,nM,CC[C@@H](NC(=O)N1CCc2cnc(N[C@@H](C)CO)nc2C1)c1ccc(OC)c(Cl)c1,7.1487416512809245
CHEMBL3892177,CDK9,71.0,nM,CN1Cc2c(C3=CCN([C@H]4CC[C@@H](CC(=O)O)CC4)CC3)[nH]c3ncc(F)c(c23)-c2ccccc21,7.1487416512809245
CHEMBL2426381,CDK2,71.0,nM,O=C(NC(=S)Nc1ccc(Cl)cc1)c1cn(-c2ccccc2)nc1-c1ccccc1,7.1487416512809245
CHEMBL3641918,CDK4,71.0,nM,C[C@H]1CN(c2ccc(Nc3ncc4c5ccncc5n([C@H]5CCC[C@H]5O)c4n3)nc2)CCN1,7.1487416512809245
CHEMBL5532052,CDK2,71.53,nM,CC[C@H](CO)Nc1nc(NCc2ccc(NC(=O)C3CCOCC3)cc2)n2ncc(C(C)C)c2n1,7.14551177495557
CHEMBL2103840,CDK1,72.0,nM,CCc1cnn2c(NCc3ccc[n+]([O-])c3)cc(N3CCCC[C@H]3CCO)nc12,7.142667503568731
CHEMBL82251,CDK2,72.0,nM,CCc1cc(-c2ccc[nH]2)c2c3c(ccc(F)c13)NC2=O,7.142667503568731
CHEMBL1080740,CDK2,72.0,nM,Cc1n[nH]c2ccc(-c3nnc(NC[C@@H](N)Cc4ccc(Cl)cc4)s3)cc12,7.142667503568731
CHEMBL6020172,CDK9,72.0,nM,Fc1cccc(Cn2cnc3ccc(-c4cc(NCCNc5ccccn5)ncc4Cl)cc32)c1,7.142667503568731
CHEMBL3641982,CDK4,72.0,nM,C[C@H](O)Cn1c2cnccc2c2cnc(Nc3ccc(N4CC[C@@H](O)C4)cn3)nc21,7.142667503568731
CHEMBL1087281,CDK2,72.0,nM,Cc1n[nH]c2ccc(-c3nnc(NC[C@@H](N)Cc4ccccc4)s3)cc12,7.142667503568731
CHEMBL3648101,CDK1,72.0,nM,CC(O)CSc1nc(Nc2ccc(S(C)(=N)=O)cc2)ncc1Br,7.142667503568731
CHEMBL3959178,CDK9,72.0,nM,CN1Cc2c(C3=C[C@H]4CC[C@@H](C3)N4CC(=O)N3CCC[C@H]3CO)[nH]c3nccc(c23)-c2cc(F)ccc21,7.142667503568731
CHEMBL1964250,CDK1,72.0,nM,COCCOCCOCCOCCNS(=O)(=O)c1ccc(N/C=C2\C(=O)Nc3ccc4ncsc4c32)cc1,7.142667503568731
CHEMBL5781074,CDK2,72.1,nM,Cc1nc2c(F)cc(-c3nc(Nc4ccc5c(n4)CCNC5)ncc3F)cc2n1C1CCC1,7.142064735280571
CHEMBL3691565,CDK4,72.5,nM,CN(C)C(=O)c1cc2cnc(Nc3ccc(C(=O)N4C5CCC4CNC5)cn3)nc2n1C1CCCC1,7.139661993429006
CHEMBL5527858,CDK9,72.67,nM,CC(=O)Nc1ccc(CNc2nc(N3CCC[C@@H](O)C3)nc3c(C(C)C)cnn23)cc1,7.13864483980674
CHEMBL3680386,CDK4,72.8,nM,C[C@H]1CC[C@H](n2c3cnccc3c3cnc(Nc4ccc5c(n4)CCN(CCF)C5)nc32)CC1,7.137868620686962
CHEMBL4113920,CDK9,73.0,nM,CN1Cc2c(C3=C[C@H]4CC[C@@H](C3)N4CC(=O)N(C)C3CC(O)C3)[nH]c3nccc(c23)-c2cc(F)ccc21,7.136677139879544
CHEMBL3698697,CDK6,73.0,nM,O=S1(=O)CCN(c2ccc(Nc3ncc4c5ccncc5n(C5CCCC5)c4n3)nc2)CC1,7.136677139879544
CHEMBL3973367,CDK2,73.0,nM,COc1cc(F)ccc1-c1nc(Nc2cc(F)c(F)c(CS(C)(=O)=NC#N)c2)ncc1F,7.136677139879544
CHEMBL3954215,CDK9,73.0,nM,CN1Cc2c(C3=CCN([C@H]4CC[C@H](CC(=O)O)CC4)CC3)[nH]c3ncc(F)c(c23)-c2ccccc21,7.136677139879544
CHEMBL3641983,CDK4,73.0,nM,CNC1CCN(c2ccc(Nc3ncc4c5ccncc5n(C[C@@H](C)O)c4n3)nc2)CC1,7.136677139879544
CHEMBL3641935,CDK4,73.0,nM,C[C@H]1CN(c2ccc(Nc3ncc4c5ccncc5n([C@@H](C)CO)c4n3)nn2)CCN1,7.136677139879544
CHEMBL3668438,CDK9,73.0,nM,COc1ccc(F)cc1-c1ccnc2[nH]c(C3CN(Cc4ccncc4)C3)cc12,7.136677139879544
CHEMBL5401951,CDK4,73.0,nM,COc1cc(/C=N/n2c(S)nnc2-c2c[nH]c3ccccc23)cc(OC)c1OC,7.136677139879544
CHEMBL3698680,CDK4,73.0,nM,CC(C)(CO)Cn1c2cnccc2c2cnc(Nc3ccc(N4CCNCC4)cn3)nc21,7.136677139879544
CHEMBL3702169,CDK4,73.0,nM,c1cncc(-c2ccc(Nc3ncc4c5ccncc5n(C5CCCC5)c4n3)nn2)c1,7.136677139879544
CHEMBL445340,CDK9,73.0,nM,CC(C)C1CNC(=O)c2cc(-c3ccnc(N)n3)[nH]c21,7.136677139879544
CHEMBL526092,CDK9,73.0,nM,CCC1CNC(=O)c2cc(-c3ccnc(N)n3)[nH]c21,7.136677139879544
CHEMBL5983466,CDK2,73.1,nM,Cc1nc2c(F)cc(-c3nc(Nc4ccc5c(n4)CCN(CCN(C)CCN(C)C)C5)ncc3F)cc2n1C(C)(C)C,7.13608262304214
CHEMBL5813772,CDK1,73.2,nM,Cc1nc2c(F)cc(-c3nc(Nc4ccc5c(n4)CCN(C)C5)ncc3F)cc2n1C(C)C,7.135488918941608
CHEMBL5926952,CDK9,74.0,nM,O=C(/C=C/c1ccncc1)Nc1cc(-c2ccc3ncn(Cc4cccc(F)c4)c3c2)c(Cl)cn1,7.130768280269024
CHEMBL1081439,CDK2,74.0,nM,N[C@H](CNc1nnc(-c2ccc3[nH]ncc3c2)s1)Cc1ccc(F)cc1,7.130768280269024
CHEMBL3641909,CDK4,74.0,nM,CN(C)C1CCN(c2ccc(Nc3ncc4c5ccncc5n(CCCO)c4n3)nc2)CC1,7.130768280269024
CHEMBL538195,CDK2,74.0,nM,Cn1nc(C(=O)NCCO)c2c1-c1nc(Nc3ccccc3)ncc1CC2,7.130768280269024
CHEMBL3668381,CDK9,74.0,nM,COc1ccc(F)cc1-c1ccnc2[nH]c(C3CCN(C(C)=O)C3)cc12,7.130768280269024
CHEMBL3691600,CDK4,74.0,nM,CN(C)C(=O)c1cc2cnc(Nc3ccc(C(=O)N4CC5CCC(C4)N5)cn3)nc2n1C(C)(C)C,7.130768280269024
CHEMBL5994825,CDK9,74.0,nM,O=C(Nc1cc(-c2ccc3ncn(Cc4cccc(F)c4)c3c2)c(Cl)cn1)c1cn[nH]c1,7.130768280269024
CHEMBL324577,CDK2,74.0,nM,NC(=O)c1ccc(CC(=O)Nc2cc(C3CC3)[nH]n2)cc1,7.130768280269024
CHEMBL272165,CDK1,74.0,nM,NS(=O)(=O)c1ccc(N/N=C2\C(=O)Nc3ccc(C(=O)NCc4ccncc4)cc32)cc1,7.130768280269024
CHEMBL271842,CDK2,74.0,nM,Nc1ccc2c(c1)/C(=N/Nc1ccc(S(N)(=O)=O)cc1)C(=O)N2,7.130768280269024
CHEMBL5770062,CDK6,74.0,nM,CC(C)N1CCOc2c(F)cc(-c3nc(Nc4ccc(C5CCNCC5)c(C(F)(F)F)c4)ncc3F)cc21,7.130768280269024
CHEMBL5881472,CDK4,74.9,nM,Cc1nc2c(C(F)(F)F)cc(-c3nc(Nc4ccc5c(n4)CCNC5)ncc3F)cc2n1C(C)C,7.125518182300533
CHEMBL5972036,CDK2,74.9,nM,C#CCN1CCCC1CN1CCc2nc(Nc3ncc(F)c(-c4cc(F)c5nc(C)n(C(C)C)c5c4)n3)ccc2C1,7.125518182300533
CHEMBL2426380,CDK2,75.0,nM,O=C(NC(=S)Nc1ccc(F)cc1)c1cn(-c2ccccc2)nc1-c1ccccc1,7.1249387366083
CHEMBL4857987,CDK9,75.0,nM,COc1ccc(F)cc1-c1ccnc2[nH]c(C3=CCN(c4ccc(CC(=O)O)cc4)CC3)cc12,7.1249387366083
CHEMBL3641981,CDK4,75.0,nM,C[C@H](O)Cn1c2cnccc2c2cnc(Nc3ccc(N4CCN[C@@H](C)C4)cn3)nc21,7.1249387366083
CHEMBL3648091,CDK1,75.0,nM,CCOC(=O)N=S(C)(=O)c1ccc(Nc2ncc(Br)c(N[C@H](C)[C@H](C)O)n2)cc1C,7.1249387366083
CHEMBL5411451,CDK6,75.0,nM,Cc1ccc(/C=N/n2c(S)nnc2-c2c[nH]c3ccccc23)cc1,7.1249387366083
CHEMBL392776,CDK2,75.0,nM,Cc1cc(N2CCCS2(=O)=O)c2oc(-c3ccc(O)c(Br)c3)c(O)c(=O)c2c1,7.1249387366083
CHEMBL2180862,CDK1,75.0,nM,O=C(Nc1ccccn1)Nc1cccc2c1C1CCCCN1C2=O,7.1249387366083
CHEMBL3668444,CDK9,75.0,nM,CN1CCC(c2cc3c(-c4nc(NCC5CCN(C(=O)OC(C)(C)C)C5)ccc4Cl)ccnc3[nH]2)CC1,7.1249387366083
CHEMBL3918837,CDK9,75.0,nM,CN1Cc2c(C3=CCN([C@H]4CC[C@H](C(=O)O)CC4)CC3)[nH]c3ncc(F)c(c23)-c2cc(F)ccc21,7.1249387366083
CHEMBL3668398,CDK9,75.0,nM,COc1ccc(F)cc1-c1ccnc2[nH]c(C3(O)CCNCC3)cc12,7.1249387366083
CHEMBL3691574,CDK4,75.0,nM,CN(C)C(=O)c1cc2cnc(Nc3ccc(C(=O)N4C[C@@H]5C[C@H]4C[C@H]5O)cn3)nc2n1C1CCCC1,7.1249387366083
CHEMBL1964243,CDK2,75.0,nM,CC(=O)NS(=O)(=O)c1ccc(N/C=C2\C(=O)Nc3ccc4ncsc4c32)cc1,7.1249387366083
CHEMBL3958055,CDK9,75.0,nM,CN1Cc2c(-c3cccnc3)[nH]c3nccc(c23)-c2cc(F)ccc21,7.1249387366083
CHEMBL271594,CDK2,75.0,nM,CC(C)c1ccc2c(c1)NC(=O)/C2=N/Nc1ccc(S(N)(=O)=O)cc1,7.1249387366083
CHEMBL5596897,CDK2,75.6,nM,O=C(c1ccc([N+](=O)[O-])cc1)[C@H]1[C@H](c2cn(-c3ccccc3)nc2-c2ccccc2)[C@@H]2CC3CCCCC3N2[C@]12C(=O)Nc1ccc(Cl)cc12,7.121478204498794
CHEMBL3691606,CDK4,76.0,nM,CN(C)C(=O)c1cc2cnc(Nc3ccc(C(=O)N4CC5CCC(C4)N5)cn3)nc2n1C1CCCOC1,7.119186407719209
CHEMBL3891658,CDK9,76.0,nM,CN1Cc2c(C3=CCN(C4CC(C(=O)O)C4)CC3)[nH]c3ncc(F)c(c23)-c2cc(F)ccc21,7.119186407719209
CHEMBL3668443,CDK9,76.0,nM,COc1ccc(F)cc1-c1ccnc2[nH]c(C3CN(CCO)C3)cc12,7.119186407719209
CHEMBL3691618,CDK4,76.0,nM,CN(C)C(=O)c1cc2cnc(Nc3ccc(N4CC5CCC(CC4=O)N5)nn3)nc2n1C1CCCC1,7.119186407719209
CHEMBL3702242,CDK6,77.0,nM,CC[C@@H](C)n1c2cnccc2c2cnc(Nc3ccc(N4CCNC(C)(C)C4)cn3)nc21,7.113509274827518
CHEMBL409690,CDK1,77.0,nM,NS(=O)(=O)c1ccc(N/N=C2\C(=O)Nc3ccc(O)cc32)cc1,7.113509274827518
CHEMBL2403093,CDK1,77.0,nM,NC1CCC(Nc2nc(NCc3ccc(-c4cccc(F)c4)nc3)c3ncn(C4CCCC4)c3n2)CC1,7.113509274827518
CHEMBL3641979,CDK4,77.0,nM,C[C@H](O)Cn1c2cnccc2c2cnc(Nc3ccc(N4CCNCC4)cn3)nc21,7.113509274827518
CHEMBL310755,CDK2,77.0,nM,CCOc1cc(-c2ccc[nH]2)c2c3c(ccc(F)c13)NC2=O,7.113509274827518
CHEMBL3668519,CDK9,77.0,nM,COc1ccc(F)cc1-c1ccnc2[nH]c(C3CCN(CC(=O)N4CC(O)C4)CC3)cc12,7.113509274827518
CHEMBL5949131,CDK6,77.0,nM,CC(C)N1CCOc2c(F)cc(-c3nc(Nc4cccc(S(N)(=O)=O)c4)ncc3F)cc21,7.113509274827518
CHEMBL194495,CDK1,77.0,nM,CCOc1nc(Nc2ccc3[nH]cnc3c2)ncc1C(F)(F)F,7.113509274827518
CHEMBL3663767,CDK9,77.0,nM,COc1ccc(F)nc1-c1ccnc2[nH]c(C3CCNCC3)cc12,7.113509274827518
CHEMBL2035042,CDK2,77.0,nM,CN1C/C=C/CCn2ccc3ccc(cc32)-c2ccnc(n2)Nc2cccc(c2)C1,7.113509274827518
CHEMBL3663765,CDK9,77.0,nM,COc1ccc(Cl)cc1-c1ccnc2[nH]c(C3CCNCC3)cc12,7.113509274827518
CHEMBL3668546,CDK9,77.0,nM,COc1ccc(F)cc1-c1ccnc2[nH]c(C3=CC4CN(C(=O)CC#N)CC4C3)cc12,7.113509274827518
CHEMBL3691582,CDK4,77.0,nM,CN1CC2(C)CN(C(=O)c3ccc(Nc4ncc5cc(C(=O)N(C)C)n(C6CCCC6)c5n4)nc3)CC(C)(C1)C2O,7.113509274827518
CHEMBL5559108,CDK9,77.01,nM,CC[C@H](CO)Nc1nc(NCc2ccc(NC(=O)C3(F)CC3)cc2)n2ncc(C(C)C)c2n1,7.1134528766088945
CHEMBL1809191,CDK2,78.0,nM,CC(=O)N1CCN(c2ccc(Nc3nccc(-c4cnc5ccccn45)n3)cc2)CC1,7.107905397309519
CHEMBL3648091,CDK2,78.0,nM,CCOC(=O)N=S(C)(=O)c1ccc(Nc2ncc(Br)c(N[C@H](C)[C@H](C)O)n2)cc1C,7.107905397309519
CHEMBL5778396,CDK1,78.0,nM,CN1CCN(S(=O)(=O)c2ccc(Nc3ncc4cc5n(c4n3)C3(CCCCC3)C(=O)NC5O)cc2)CC1,7.107905397309519
CHEMBL3974363,CDK9,78.0,nM,CN1CCc2c(C3=CCN(S(C)(=O)=O)CC3)[nH]c3nccc(c23)-c2cc(F)ccc21,7.107905397309519
CHEMBL5887794,CDK9,78.0,nM,CC(CCN)Nc1cc(-c2ccc3ncn(Cc4cccc(F)c4)c3c2)c(Cl)cn1,7.107905397309519
CHEMBL3668555,CDK9,78.0,nM,COc1ccc(F)cc1-c1c(C#N)cnc2[nH]c(C3CCN(CC(=O)N4CCC[C@H]4CO)CC3)cc12,7.107905397309519
CHEMBL3668449,CDK9,78.0,nM,CN1CCC(c2cc3c(-c4nc(NCc5nnc[nH]5)ccc4Cl)ccnc3[nH]2)CC1,7.107905397309519
CHEMBL3668539,CDK9,78.0,nM,COCCS(=O)(=O)N1CC2C=C(c3cc4c(-c5cc(F)ccc5OC)ccnc4[nH]3)CC2C1,7.107905397309519
CHEMBL4463874,CDK2,78.2,nM,Cc1nc2c(F)cc(-c3nc(Nc4ccc5c(n4)CCN(CCN(C)CCNC(=N)N)C5)ncc3F)cc2n1C(C)C,7.106793246940152
CHEMBL5903034,CDK1,78.9,nM,Cc1nc2c(F)cc(-c3nc(Nc4ccc5c(n4)CCN(CCN(C)CB(O)O)C5)ncc3F)cc2n1C(C)C,7.102922996790579
CHEMBL5971879,CDK1,78.9,nM,Cc1nc2c(F)cc(-c3nc(Nc4ccc5c(n4)CCN[C@H]5C)ncc3F)cc2n1C(C)(C)C,7.102922996790579
CHEMBL3899072,CDK9,79.0,nM,CN1Cc2c(C3=CCN(CC(=O)N4CC(O)C4)CC3)[nH]c3ncc(F)c(c23)-c2cc(F)ccc21,7.102372908709558
CHEMBL1081438,CDK2,79.0,nM,N[C@H](CNc1nnc(-c2ccc3[nH]nc(-c4ccccc4)c3c2)s1)Cc1cccc(C(F)(F)F)c1,7.102372908709558
CHEMBL3966523,CDK9,79.0,nM,CN1Cc2c(C3=CCN(C4CC(CC(=O)O)C4)CC3)[nH]c3ncc(F)c(c23)-c2cc(F)ccc21,7.102372908709558
CHEMBL3991935,CDK1,79.0,nM,CN1CC[C@@H](c2c(O)cc(O)c3c(=O)cc(-c4ccccc4Cl)oc23)[C@@H]1CO.Cl,7.102372908709558
CHEMBL3648099,CDK1,79.0,nM,C=S(N)(=O)c1ccc(Nc2ncc(Br)c(N[C@H](C)CO)n2)cc1,7.102372908709558
CHEMBL3969723,CDK1,79.0,nM,CN1CC[C@@H](c2c(O)cc(O)c3c(=O)cc(-c4ccccc4Cl)oc23)[C@@H]1CO,7.102372908709558
CHEMBL5888788,CDK2,79.4,nM,Cc1nc2c(F)cc(-c3nc(Nc4ccc5c(n4)CCN(C(=O)CN(C)C)C5)ncc3F)cc2n1CC1CC1,7.100179497572904
CHEMBL6147673,CDK2,79.4,nM,CN1CCC(c2cc3c(-c4cnn(CC5CC5)c4)c(Cl)cnc3[nH]2)CC1,7.100179497572904
CHEMBL4756594,CDK9,79.8,nM,CC(C)N1c2cc(Nc3nccc(-c4cccc5cnccc45)n3)ccc2N(C)C(=O)[C@H]1C,7.09799710864927
CHEMBL5817708,CDK2,79.9,nM,CC1(C)CCc2nc3c(F)cc(-c4nc(Nc5ccc(CN6CCN(C(=O)CO)CC6)cn5)ncc4F)cc3n21,7.097453220686009
CHEMBL428690,CDK6,80.0,nM,CN1CC[C@H](c2c(O)cc(O)c3c(=O)cc(-c4ccccc4Cl)oc23)[C@H](O)C1,7.096910013008056
CHEMBL3668508,CDK9,80.0,nM,COc1ccc(F)cc1-c1ccnc2[nH]c(C3=CCC(N[C@@H](C(=O)O)C(C)C)CC3)cc12,7.096910013008056
CHEMBL3668479,CDK9,80.0,nM,Clc1ccc(OCc2cccnc2)nc1-c1ccnc2[nH]c(C3CCCNC3)cc12,7.096910013008056
CHEMBL525194,CDK4,80.0,nM,c1cnn2ncc(-c3ccnc(NC4CC4)n3)c2c1,7.096910013008056
CHEMBL3641910,CDK4,80.0,nM,C[C@H]1CN(c2ccc(Nc3ncc4c5ccncc5n(CCCO)c4n3)nc2)CCN1,7.096910013008056
CHEMBL3354188,CDK2,80.0,nM,COC1CCN(c2nccc(Nc3cc4c(ccn4C(C)C)cn3)n2)CC1,7.096910013008056
CHEMBL366734,CDK1,80.0,nM,CCn1cnc2c(Nc3cccc(Cl)c3)nc(N3CCC[C@@H]3CO)nc21,7.096910013008056
CHEMBL3655765,CDK9,80.0,nM,CC[C@H](Nc1nc(NCc2cccc(F)c2)c2ncn(C(C)C)c2n1)[C@@H](C)O,7.096910013008056
CHEMBL255255,CDK1,80.0,nM,O=C(Cc1ccccc1)Nc1n[nH]c2ccc(N3CCCS3(=O)=O)cc12,7.096910013008056
CHEMBL419931,CDK2,80.0,nM,CC(C)n1cnc2c(NCc3ccccc3O)nc(NCCCO)nc21,7.096910013008056
CHEMBL6142455,CDK1,80.0,nM,Cc1ccc(O)c(C)c1-n1c(N)c(C(N)=O)c2c(=O)n(CC(F)F)c(C)nc21,7.096910013008056
CHEMBL255463,CDK1,80.0,nM,O=C(Cc1ccccc1Cl)Nc1n[nH]c2ccc(N3CCCS3(=O)=O)cc12,7.096910013008056
CHEMBL365341,CDK2,80.0,nM,C[C@H](C(=O)Nc1cc(C2CC2)[nH]n1)c1ccc(N2CCCC2)cc1,7.096910013008056
CHEMBL141247,CDK2,80.0,nM,O=C(Nc1ccccn1)Nc1cccc2c1[C@H]1CCCN1C2=O,7.096910013008056
CHEMBL3961156,CDK9,80.0,nM,CN1Cc2c(C3=CCN([C@H]4CC[C@@H](C(=O)O)CC4)CC3)[nH]c3ncc(F)c(c23)-c2ccccc21,7.096910013008056
CHEMBL6038376,CDK9,80.0,nM,O=C(Nc1cc(-c2ccc3ncn(CCc4cccnc4)c3c2)c(Cl)cn1)[C@@H]1CCCNC1,7.096910013008056
CHEMBL173647,CDK1,80.0,nM,CCn1cnc2c(Nc3cccc(Cl)c3)nc(NCCN)nc21,7.096910013008056
CHEMBL3641978,CDK4,80.0,nM,OCCn1c2cnccc2c2cnc(Nc3ccc(N4CCNCC4)nn3)nc21,7.096910013008056
CHEMBL3976153,CDK9,80.0,nM,COCCS(=O)(=O)N1CC2C=C(c3[nH]c4nccc5c4c3CN(C)c3ccc(F)cc3-5)CC2C1,7.096910013008056
CHEMBL129396,CDK1,80.0,nM,CCc1cnc(CSc2cnc(NC(=O)Cc3cccnc3)s2)o1,7.096910013008056
CHEMBL380500,CDK2,80.0,nM,Nc1nccc(-c2c3c(O)ccnc3n3c(N)nccc23)n1,7.096910013008056
CHEMBL5590319,CDK2,80.2,nM,O=C(c1ccccc1[N+](=O)[O-])[C@H]1[C@H](c2cn(-c3ccccc3)nc2-c2ccccc2)[C@@H]2CC3CCCCC3N2[C@]12C(=O)Nc1ccc(Cl)cc12,7.095825631715837
CHEMBL5765752,CDK9,80.4,nM,Cc1nc2c(F)cc(-c3nc(Nc4ccc5c(n4)CCN(C(=O)CCN(C)C)C5)ncc3F)cc2n1C1CCC1,7.094743951251549
CHEMBL5883845,CDK9,80.4,nM,Cc1nc2c(F)cc(-c3nc(Nc4ccc5c(n4)CCN(C(=O)CN(C)C)C5)ncc3F)cc2n1C1CCC1,7.094743951251549
CHEMBL3969672,CDK9,81.0,nM,CN1Cc2c(C3=CCC(N[C@@H](Cc4ccc(O)cc4)C(=O)O)CC3)[nH]c3nccc(c23)-c2cc(F)ccc21,7.0915149811213505
CHEMBL559639,CDK2,81.0,nM,Cn1nc(C(=O)NC2CC2)c2c1-c1nc(Nc3ccccc3)ncc1CC2,7.0915149811213505
CHEMBL507142,CDK2,81.0,nM,CNC(=O)c1ccc(Nc2nccc(-c3cnc(C4CC4)n3C(C)C)n2)cc1,7.0915149811213505
CHEMBL3668538,CDK9,81.0,nM,COc1ccc(F)cc1-c1ccnc2[nH]c(C3=CCN(CC(=O)N(C)C)C(C)(C)C3)cc12,7.0915149811213505
CHEMBL559411,CDK1,81.0,nM,COCCOc1ccc2sc3c(c2c1)NC[C@@H](C)NC3=O,7.0915149811213505
CHEMBL3673536,CDK9,81.0,nM,O=C(CO)N1CCC(c2cc3c(-c4cncc(NCc5cccnc5)n4)ccnc3[nH]2)CC1,7.0915149811213505
CHEMBL6042424,CDK9,81.0,nM,CN1CC(C(=O)Nc2cc(-c3ccc4ncn(Cc5cccc(F)c5)c4c3)c(Cl)cn2)C1,7.0915149811213505
CHEMBL5993141,CDK9,81.0,nM,CS(=O)(=O)N1CC2(C1)C(C(=O)Nc1cc(-c3ccc4ncn(Cc5cccc(F)c5)c4c3)c(Cl)cn1)CCS2(=O)=O,7.0915149811213505
CHEMBL3663788,CDK9,81.0,nM,Clc1ccc(NCC2CCOCC2)nc1-c1ccnc2[nH]c(C3CCNCC3)cc12,7.0915149811213505
CHEMBL4851229,CDK9,81.0,nM,COc1ccc(F)cc1-c1c(F)cnc2[nH]c(C3=CCN([C@H]4CC[C@@H](C(=O)O)CC4)CC3)cc12,7.0915149811213505
CHEMBL4752747,CDK9,81.6,nM,CC(C)N1c2cc(Nc3nccc(-c4cccc5ncccc45)n3)ccc2N(C)C(=O)[C@H]1C,7.088309841246139
CHEMBL5505838,CDK2,81.98,nM,CC(=O)Nc1ccc(CNc2nc(N3CCC[C@@H]3CO)nc3c(C(C)C)cnn23)cc1,7.086292086019517
CHEMBL59110,CDK2,82.0,nM,O=C1Nc2ccc(F)cc2/C1=C/c1[nH]cc2c1CCOC2=O,7.086186147616283
CHEMBL3668535,CDK9,82.0,nM,COc1ccc(F)cc1-c1ccnc2[nH]c(C3=CCN(CC(=O)N(C)C)[C@@H](CO)C3)cc12,7.086186147616283
CHEMBL6022666,CDK9,82.0,nM,CC(C)(CN[C@H]1CC[C@H](Nc2cc(-c3ccc4ncn(Cc5cccc(F)c5)c4c3)c(Cl)cn2)CC1)N1CCOCC1,7.086186147616283
CHEMBL3975804,CDK9,82.0,nM,CN1Cc2c(C3=CCN([C@H]4CC[C@H](CC(=O)O)CC4)CC3)[nH]c3nccc(c23)-c2cc(F)c(F)cc21,7.086186147616283
CHEMBL6000324,CDK9,82.0,nM,O=C(Nc1cc(-c2ccc3c(c2)ncn3Cc2cscn2)c(Cl)cn1)[C@@H]1CCCNC1,7.086186147616283
CHEMBL3644025,CDK1,82.0,nM,C#CCS(=O)(=O)c1ccc(Nc2ncc(C(F)(F)F)c(O[C@H](C)C(C)(C)O)n2)cc1,7.086186147616283
CHEMBL6023247,CDK9,82.0,nM,CC(C)(CN)CNc1cc(-c2ccc3ncn(Cc4cccc(F)c4)c3c2)c(Cl)cn1,7.086186147616283
CHEMBL5774515,CDK9,82.0,nM,Cc1nc2c(F)cc(-c3nc(Nc4ccc5c(n4)CCN(C(=O)OCCN(C)C)C5)ncc3F)cc2n1C1CC1,7.086186147616283
CHEMBL3668523,CDK9,82.0,nM,COc1ccccc1-c1ccnc2[nH]c(C3CCN(CC(=O)N(C)C)CC3)cc12,7.086186147616283
CHEMBL5888788,CDK9,82.1,nM,Cc1nc2c(F)cc(-c3nc(Nc4ccc5c(n4)CCN(C(=O)CN(C)C)C5)ncc3F)cc2n1CC1CC1,7.085656842880559
CHEMBL3668562,CDK9,83.0,nM,COc1ccc(F)cc1-c1c(F)cnc2[nH]c(C3=CCN(CC(=O)N4CCC(O)CC4)CC3)cc12,7.080921907623926
CHEMBL4855780,CDK9,83.0,nM,COc1ccc(F)cc1-c1ccnc2[nH]c(C3=CCN([C@H]4CC[C@H](C(=O)O)CC4)CC3)cc12,7.080921907623926
CHEMBL2035043,CDK2,83.0,nM,C1=C/Cn2ccc3ccc(cc32)-c2ccnc(n2)Nc2cccc(c2)COC/1,7.080921907623926
CHEMBL483590,CDK2,83.0,nM,COCCN(C)S(=O)(=O)c1ccc(Nc2nccc(-c3cnc(C)n3C3CC3)n2)cc1,7.080921907623926
CHEMBL3673490,CDK9,83.0,nM,COc1ccc(F)cc1-c1ccnc2[nH]c(C3=CCN(CC(=O)N4CC(O)C4)C(C)(C)C3)cc12,7.080921907623926
CHEMBL269882,CDK1,83.0,nM,NS(=O)(=O)c1ccc(N/N=C2\C(=O)Nc3ccc4[nH]nc(Cl)c4c32)cc1,7.080921907623926
CHEMBL323392,CDK2,83.0,nM,O=C(Nc1cc(C2CC2)[nH]n1)c1ccc(Cl)c(Cl)c1,7.080921907623926
CHEMBL5967608,CDK9,83.0,nM,O=C(Nc1cc(-c2ccc3ncn(CC4CCOCC4)c3c2)ccn1)[C@@H]1CCCNC1,7.080921907623926
CHEMBL3950866,CDK9,83.0,nM,CNC(=O)N1C2C=C(c3[nH]c4nccc5c4c3CN(C)c3ccc(F)cc3-5)CC1CCC2,7.080921907623926
CHEMBL5929912,CDK9,83.0,nM,COc1ccc(C2(CCNc3cc(-c4ccc5ncn(Cc6cccc(F)c6)c5c4)c(Cl)cn3)CCNCC2)cc1,7.080921907623926
CHEMBL6147667,CDK6,83.0,nM,CN1CCN(c2ccc(Nc3ncc(F)c(-c4ccc5c(c4)OC4(CCN(S(C)(=O)=O)CC4)CC5=O)n3)nc2)CC1,7.080921907623926
CHEMBL550964,CDK2,83.0,nM,CNC(=O)c1nn(C)c2c1C(C)(C)Cc1cnc(Nc3cccc(CN(C)C)c3)nc1-2,7.080921907623926
CHEMBL6015345,CDK9,83.0,nM,CC(C(=O)Nc1cc(-c2ccc3ncn(Cc4cccc(F)c4)c3c2)c(Cl)cn1)n1ccccc1=O,7.080921907623926
CHEMBL5873920,CDK6,83.0,nM,CC(C)N1CCOc2c(F)cc(-c3nc(Nc4ccc(C5CCN(C(=O)N(C)C)CC5)cn4)ncc3F)cc21,7.080921907623926
CHEMBL5279564,CDK2,83.0,nM,CN(C)CC(=O)Nc1cc(Nc2ncc(F)c(Nc3c(F)cccc3F)n2)ccc1F,7.080921907623926
CHEMBL5417371,CDK1,83.06,nM,COc1ccc(C(=O)N2CCN(c3nnc(Cc4ccccc4)c4ccccc34)CC2)cc1,7.0806080732261405
CHEMBL5417190,CDK1,83.23,nM,COc1ccc(Cc2nnc(N3CCN(C(=O)Nc4ccccc4)CC3)c3ccccc23)cc1,7.079720105367052
CHEMBL5908734,CDK1,83.4,nM,Cc1nc2c(F)cc(-c3nc(Nc4ccc5c(n4)CCN(CCO)C5)ncc3F)cc2n1C(C)C,7.078833949362261
CHEMBL3673550,CDK9,84.0,nM,CNC(=O)C1CC=C(c2cc3c(-c4cncc(OCc5cccc(F)c5)n4)ccnc3[nH]2)CC1,7.075720713938118
CHEMBL5181709,CDK2,84.0,nM,Cc1nc2ccc(-c3ccnc4[nH]c(C5CCN(CC(=O)N(C)C)CC5)cc34)cc2n1C(C)C,7.075720713938118
CHEMBL3668492,CDK9,84.0,nM,CNC(=O)N1CC=C(c2cc3c(-c4cccc(F)c4F)ccnc3[nH]2)CC1,7.075720713938118
CHEMBL2113092,CDK2,84.0,nM,CCCCOc1cc(Nc2ccc(S(N)(=O)=O)cc2)nc(N)c1C(=O)c1c(F)cccc1F,7.075720713938118
CHEMBL3977776,CDK9,84.0,nM,CC(C(=O)O)=C1CCC(N2CC=C(c3[nH]c4nccc5c4c3CN(C)c3ccc(F)cc3-5)CC2)CC1,7.075720713938118
CHEMBL4594423,CDK9,84.0,nM,CN1CC[C@H](c2c(OP(=O)(O)O)cc(O)c3c(=O)cc(-c4ccccc4Cl)oc23)[C@H](O)C1,7.075720713938118
CHEMBL366230,CDK2,84.0,nM,C[C@H](C(=O)Nc1cc(C2CC2)[nH]n1)c1ccccc1,7.075720713938118
CHEMBL5173492,CDK9,84.0,nM,COc1cc(F)ccc1-c1ccnc2[nH]c(C3CCN(C(C)=O)CC3)cc12,7.075720713938118
CHEMBL6033665,CDK6,84.2,nM,Cc1nc2c(F)cc(-c3nc(Nc4ccc5c(n4)CCNC5)ncc3F)cc2n1C,7.0746879085003505
CHEMBL6019056,CDK2,84.3,nM,CNC1CC(C(=O)N2CCc3nc(Nc4ncc(F)c(-c5cc(F)c6nc(C)n(C(C)C)c6c5)n4)ccc3C2)C1,7.074172425375258
CHEMBL4164331,CDK6,84.31,nM,Cc1nc(Nc2c[nH]nc2C(=O)Nc2ccc(N3CCNCC3)cc2)c2ccsc2n1,7.0741209106984995
CHEMBL5431456,CDK1,84.39,nM,COc1ccc(Cc2nnc(N3CCN(C(=S)Nc4ccc(OC)cc4)CC3)c3ccccc23)cc1,7.073709013115137
CHEMBL115264,CDK2,85.0,nM,O=C(Nc1cc(C2CC2)[nH]n1)c1ccc(Cl)cc1,7.070581074285707
CHEMBL435330,CDK1,85.0,nM,CCn1cnc2c(Nc3cccc(C#N)c3)nc(N[C@H]3CC[C@H](N)CC3)nc21,7.070581074285707
CHEMBL3898182,CDK9,85.0,nM,CN1Cc2c(C3=CCN(S(C)(=O)=O)CC3)[nH]c3nccc(c23)-c2ccccc21,7.070581074285707
CHEMBL4777517,CDK9,85.0,nM,CC(=O)N[C@@H]1CCC[C@H](C(=O)Nc2cc(-c3cn[nH]c3CCCCO)c(Cl)cn2)C1,7.070581074285707
CHEMBL3702190,CDK6,85.0,nM,CN(C)CCCN(C)c1ccc(Nc2ncc3c4ccncc4n(C4CCCC4)c3n2)nn1,7.070581074285707
CHEMBL3668531,CDK9,85.0,nM,CNC(=O)N1CC=C(c2[nH]c3ncc(F)c(-c4cc(F)ccc4OC)c3c2C#N)CC1,7.070581074285707
CHEMBL3641936,CDK4,85.0,nM,C[C@@H](CO)n1c2cnccc2c2cnc(Nc3ccc(N4CCNC(C)(C)C4)cn3)nc21,7.070581074285707
CHEMBL5077663,CDK6,85.0,nM,Fc1cnc(Nc2ccc(N3CCNCC3)cn2)nc1-c1ccc2ncc(N3CCOCC3)nc2c1,7.070581074285707
CHEMBL3668524,CDK9,85.0,nM,COc1ccc(F)cc1-c1ccnc2[nH]c(C3=C[C@H](C)N(S(C)(=O)=O)CC3)cc12,7.070581074285707
CHEMBL5396190,CDK1,85.05,nM,COc1ccc(Cc2nnc(N3CCN(C(=S)Nc4ccccc4)CC3)c3ccccc23)cc1,7.070325682051412
CHEMBL6189313,CDK4,85.14,nM,COc1cc(-c2nc3ccc(F)cc3c(=O)[nH]2)cc(OC)c1OCC(=O)N1CCN(c2ccc(Nc3ncc4cc(C(=O)N(C)C)n(C5CCCC5)c4n3)nc2)CC1,7.069866354158883
CHEMBL3641932,CDK4,86.0,nM,C[C@@H](CO)n1c2cnccc2c2cnc(Nc3ccc(N4CC[C@@H](O)C4)nn3)nc21,7.0655015487564325
CHEMBL3969174,CDK9,86.0,nM,CN1Cc2c(C3=CCC(NCC(=O)O)CC3)[nH]c3nccc(c23)-c2cc(F)ccc21,7.0655015487564325
CHEMBL3668430,CDK9,86.0,nM,CN1CCC(c2cc3c(-c4cccc(NCc5ccc6cc[nH]c6c5)n4)ccnc3[nH]2)CC1,7.0655015487564325
CHEMBL4865444,CDK9,86.0,nM,COc1ccc(F)cc1-c1ccnc2[nH]c(C3=CCC(N4CCC(CC(=O)O)CC4)CC3)cc12,7.0655015487564325
CHEMBL3946675,CDK2,86.0,nM,COc1cc(F)ccc1-c1nc(Nc2cc(Br)cc(CS(C)(=N)=O)c2)ncc1F,7.0655015487564325
CHEMBL5964889,CDK9,86.0,nM,COC1CC(CN[C@H]2CC[C@H](Nc3cc(-c4ccc5ncn(Cc6cccc(F)c6)c5c4)c(Cl)cn3)CC2)C(OC)O1,7.0655015487564325
CHEMBL3668543,CDK9,86.0,nM,COc1ccc(F)cc1-c1c(C#N)cnc2[nH]c(C3=CC4CN(CC(=O)N(C)C)CC4C3)cc12,7.0655015487564325
CHEMBL3982110,CDK9,86.0,nM,CN1Cc2c(C3=CCN(CC(=O)N4CCC[C@H]4CO)CC3)[nH]c3ncc(F)c(c23)-c2cc(F)ccc21,7.0655015487564325
CHEMBL3907123,CDK9,86.0,nM,CN(CCO)C(=O)CN1C2C=C(c3[nH]c4nccc5c4c3CN(C)c3ccc(F)cc3-5)CC1CCC2,7.0655015487564325
CHEMBL6022440,CDK9,86.0,nM,Fc1cccc(Cn2cnc3ccc(-c4cc(N[C@H]5CC[C@H](NCc6ccc7c(c6)OCO7)CC5)ncc4Cl)cc32)c1,7.0655015487564325
CHEMBL5784667,CDK1,86.7,nM,Cc1nc2c(F)cc(-c3nc(Nc4ccc5c(n4)CCN(C(=O)C(C)N(C)C)C5)ncc3F)cc2n1C(C)C,7.061980902523789
CHEMBL6013151,CDK9,87.0,nM,Fc1cccc(Cn2cnc3ccc(-c4cc(NCCc5ccccn5)ncc4Cl)cc32)c1,7.060480747381382
CHEMBL272667,CDK1,87.0,nM,Cc1c([N+](=O)[O-])ccc2c1/C(=N/Nc1ccc(S(N)(=O)=O)cc1)C(=O)N2,7.060480747381382
CHEMBL3663789,CDK9,87.0,nM,Clc1ccc(NCC2CCCOC2)nc1-c1ccnc2[nH]c(C3CCNCC3)cc12,7.060480747381382
CHEMBL6166275,CDK1,87.0,nM,Cc1ccc(O)c(C)c1-n1c(N)c(C(N)=O)c2c(=O)n(C)c(C)nc21,7.060480747381382
CHEMBL5397283,CDK2,87.0,nM,N#Cc1ccc2c(CCNc3ccc(S(F)(F)(F)(F)F)cc3C(=O)O)c[nH]c2c1,7.060480747381382
CHEMBL3673551,CDK9,87.0,nM,NC(=O)C1CC=C(c2cc3c(-c4cncc(OCc5cccc(F)c5)n4)ccnc3[nH]2)CC1,7.060480747381382
CHEMBL232557,CDK2,87.0,nM,Cc1cc(N2CCCS2(=O)=O)c2oc(-c3ccc(O)c(O)c3)c(O)c(=O)c2c1,7.060480747381382
CHEMBL3702242,CDK4,87.0,nM,CC[C@@H](C)n1c2cnccc2c2cnc(Nc3ccc(N4CCNC(C)(C)C4)cn3)nc21,7.060480747381382
CHEMBL5200108,CDK2,87.0,nM,O=C(Cc1ccc(B2C=CC=CN2)cc1)Nc1cc(C2CC2)[nH]n1,7.060480747381382
CHEMBL3668542,CDK9,87.0,nM,COc1ccc(F)cc1-c1c(C#N)cnc2[nH]c(C3=CC4CN(S(C)(=O)=O)CC4C3)cc12,7.060480747381382
CHEMBL5746003,CDK9,87.0,nM,O=C(Nc1cc(-c2ccc3ncn(CC4CCS(=O)(=O)CC4)c3c2)c(Cl)cn1)[C@@H]1CCCNC1,7.060480747381382
CHEMBL5830076,CDK1,87.4,nM,Cc1nc2c(F)cc(-c3nc(Nc4ccc5c(n4)CCN(C(=O)CCN(C)C)C5)ncc3F)cc2n1C(C)(C)C,7.058488567365597
CHEMBL5943083,CDK2,87.6,nM,Cc1nc2c(F)cc(-c3nc(Nc4ccc5c(n4)CCN(C(=O)CN(C)C)C5)ncc3F)cc2n1C1CCC(C)CC1,7.057495893831919
CHEMBL5873158,CDK1,87.8,nM,Cc1nc2c(F)cc(-c3nc(Nc4ccc5c(n4)CCNC5)ncc3F)cc2n1C(C)(C)C,7.056505484093897
CHEMBL6176188,CDK2,87.9,nM,O=C(c1ccc2ccccc2c1)c1cn(-c2ccccc2)nc1C1=Nn2c(Cc3nnc4n3N=C(c3nn(-c5ccccc5)cc3C(=O)c3ccc5ccccc5c3)CS4)nnc2SC1,7.056011124926228
CHEMBL2322701,CDK2,88.0,nM,Cc1[nH]nc2c1N=C(c1ccccc1Cl)c1cc(N)ccc1N2,7.055517327849831
CHEMBL5988794,CDK9,88.0,nM,NS(=O)(=O)CC(=O)Nc1cc(-c2ccc3ncn(CC4CCOCC4)c3c2)c(Cl)cn1,7.055517327849831
CHEMBL3951695,CDK9,88.0,nM,CN1Cc2c(C3=CC4CNCC4C3)[nH]c3nccc(c23)-c2cc(F)ccc21,7.055517327849831
CHEMBL5555678,CDK6,88.0,nM,O=c1cnc2cnc(Nc3ccc(N4CCNCC4)cc3)nc2n1C1CCCC1,7.055517327849831
CHEMBL301639,CDK2,88.0,nM,O=C1Nc2ccc(Cl)cc2/C1=C/c1[nH]cc2c1CCOC2=O,7.055517327849831
CHEMBL5419439,CDK2,88.0,nM,CN(C)CCN(C)c1ccc2cc1COC/C=C/COCc1cccc(c1)-c1ccnc(n1)N2,7.055517327849831
CHEMBL3971069,CDK9,88.0,nM,CN1Cc2c(C3=CCN(C4CCC(C(C#N)C(=O)O)CC4)CC3)[nH]c3nccc(c23)-c2cc(F)ccc21,7.055517327849831
CHEMBL5932479,CDK1,88.0,nM,CN1NC(=O)C2(CCCCC2)n2c1cc1cnc(Nc3ccc(S(N)(=O)=O)cc3)nc12,7.055517327849831
CHEMBL5558295,CDK9,88.03,nM,CC(=O)Nc1ccc(CNc2nc(O[C@H]3CCCNC3)nc3c(C(C)C)cnn23)cc1,7.055369298143722
CHEMBL5597266,CDK9,88.4,nM,N#CC1(CNc2cccc(-c3cc(Nc4cnn(Cc5ccc(C(=O)Nc6ccccc6N)cc5)c4)ncc3Cl)n2)CCOCC1,7.053547734986926
CHEMBL5436482,CDK1,88.4,nM,COc1cccc(NC(=S)N2CCN(c3nnc(Cc4ccccc4)c4ccccc34)CC2)c1,7.053547734986926
CHEMBL6152017,CDK1,88.7,nM,Clc1cnc2[nH]c(C3CCNCC3)cc2c1-c1cnn(CC2CC2)c1,7.052076380168273
CHEMBL2386747,CDK2,88.8,nM,COC(=N)c1nc2ccc3ncnc(Nc4ccc(Cl)cc4Cl)c3c2s1,7.051587034221399
CHEMBL5907786,CDK4,89.0,nM,CC(C)N1CCOc2c(Cl)cc(-c3nc(Nc4ccc(N5CCNCC5)c(F)c4)ncc3Cl)cc21,7.050609993355087
CHEMBL4855187,CDK9,89.0,nM,COc1ccc(F)cc1-c1ccnc2[nH]c(C3=CCC(C(=O)NS(C)(=O)=O)CC3)cc12,7.050609993355087
CHEMBL6162533,CDK6,89.0,nM,CC(=O)N1CCC2(CC1)CC(=O)c1ccc(-c3nc(Nc4ccc(C(=O)N5CCN(C(=O)OC(C)(C)C)CC5)cn4)ncc3F)cc1O2,7.050609993355087
CHEMBL5747791,CDK1,89.0,nM,NS(=O)(=O)c1ccc(Nc2ncc3cc4n(c3n2)C2(C=NN4)CCCCC2)cc1,7.050609993355087
CHEMBL3908119,CDK9,89.0,nM,CN1Cc2c(C3=CCN(CC(=O)N4CC(CO)C4)CC3)[nH]c3ncc(F)c(c23)-c2cc(F)ccc21,7.050609993355087
CHEMBL6014795,CDK9,89.0,nM,Cc1nc2c(F)cc(-c3nc(Nc4ccc5c(n4)CCN(C(=O)C4CCCN4)C5)ncc3F)cc2n1C1CC1,7.050609993355087
CHEMBL6133562,CDK6,89.0,nM,CN1CCN(c2ccc(Nc3ncc(F)c(-c4ccc5c(c4)OC4(CCOCC4)CC5=O)n3)nc2)CC1,7.050609993355087
CHEMBL6169985,CDK2,89.6,nM,O=C(c1ccc2ccccc2c1)c1cn(-c2ccccc2)nc1C1=Nn2c(S)nnc2SC1,7.047691990337874
CHEMBL5970937,CDK2,89.7,nM,CNCC(=O)N1CCc2nc(Nc3ncc(F)c(-c4cc(F)c5nc(C)n(C6CCC(C)CC6)c5c4)n3)ccc2C1,7.047207556955907
CHEMBL5950277,CDK9,89.8,nM,Cc1nc2c(F)cc(-c3nc(Nc4ccc5c(n4)CCN(C(=O)NCCO)C5)ncc3F)cc2n1C1CC1,7.0467236633326955
CHEMBL4294760,CDK2,90.0,nM,CSc1ncc2c(n1)CCc1cnc(Nc3ccc(C(=O)N(C)CCN(C)C)cc3)nc1-2,7.045757490560675
CHEMBL2402949,CDK1,90.0,nM,CC[C@H](CO)Nc1nc(NCc2ccc(-c3ccccn3)cc2)c2ncn(C3CCCC3)c2n1,7.045757490560675
CHEMBL3668442,CDK9,90.0,nM,COc1ccc(F)cc1-c1ccnc2[nH]c(C3CN(CCN4CCOCC4)C3)cc12,7.045757490560675
CHEMBL3969365,CDK9,90.0,nM,COc1ccc(F)cc1-c1c(F)cnc2[nH]c(C3=CC4CCC(C3)N4CC(=O)N(C)C)cc12,7.045757490560675
CHEMBL463579,CDK2,90.0,nM,O=C(Nc1ccc(F)cc1)c1n[nH]cc1NC(=O)C1CCCCC1,7.045757490560675
CHEMBL112136,CDK2,90.0,nM,O=C(Nc1cc(C2CCC2)[nH]n1)c1ccc(Br)cc1,7.045757490560675
CHEMBL3668540,CDK9,90.0,nM,COc1ccc(F)cc1-c1c(C#N)cnc2[nH]c(C3CCN(CC(=O)N(C)C)CC3)cc12,7.045757490560675
CHEMBL3641912,CDK4,90.0,nM,OCCCn1c2cnccc2c2cnc(Nc3ccc(N4CC[C@@H](O)C4)nn3)nc21,7.045757490560675
CHEMBL1800457,CDK2,90.0,nM,Nc1nc(-c2cc(N3C[C@H](O)[C@@H](O)C3)ccc2O)cc(C2CCCCCC2)n1,7.045757490560675
CHEMBL3354185,CDK2,90.0,nM,COC1CCN(c2nccc(Nc3cc4[nH]c(-c5cn[nH]c5)nc4cn3)n2)CC1,7.045757490560675
CHEMBL3655762,CDK2,90.0,nM,CC[C@H](Nc1nc(NCc2cnc(C)cc2C)c2ncn(C(C)C)c2n1)[C@@H](C)O,7.045757490560675
CHEMBL368202,CDK1,90.0,nM,CCn1cnc2c(Nc3cccc(OC)c3)nc(N[C@H]3CC[C@H](O)CC3)nc21,7.045757490560675
CHEMBL3942621,CDK9,90.0,nM,CN1Cc2c(C3=CCCNCC3)[nH]c3nccc(c23)-c2cc(F)ccc21,7.045757490560675
CHEMBL5748011,CDK4,90.0,nM,CC(C)CN1CCOc2c(F)cc(-c3nc(Nc4ccc(N5CCOCC5)cn4)ncc3F)cc21,7.045757490560675
CHEMBL1232461,CDK9,90.0,nM,CCNC(=O)C[C@@H]1N=C(c2ccc(Cl)cc2)c2cc(OC)ccc2-n2c(C)nnc21,7.045757490560675
CHEMBL1922218,CDK2,90.0,nM,CC[C@@H](Nc1nc(NCc2cccnc2)c2ncn(C(C)C)c2n1)[C@H](C)O,7.045757490560675
CHEMBL3905910,CDK4,90.0,nM,CN1CC[C@@H](c2c(O)cc(O)c3c(=O)cc(-c4ccc(C(F)(F)F)cc4Cl)oc23)[C@@H]1CO,7.045757490560675
CHEMBL3910044,CDK9,90.0,nM,CN1Cc2c(C3=CCN([C@H]4CC[C@H](CC(=O)O)CC4)CC3)[nH]c3nccc(c23)-c2ccccc21,7.045757490560675
CHEMBL3655777,CDK2,90.0,nM,CCC(Nc1nc(NCc2cccnc2)c2ncn(C(C)C)c2n1)C(O)C(F)(F)F,7.045757490560675
CHEMBL3668521,CDK9,90.0,nM,COc1ccc(F)cc1-c1c(F)cnc2[nH]c(C3CCN(CC(=O)N(C)C)CC3)cc12,7.045757490560675
CHEMBL5884004,CDK2,91.0,nM,Cc1nc2c(F)cc(-c3nc(Nc4ccc5c(n4)CCN(C(=O)[C@H](C)N(C)C)C5)ncc3F)cc2n1C1CC1,7.040958607678906
CHEMBL3648105,CDK1,91.0,nM,CCC(Sc1nc(Nc2ccc(S(C)(=N)=O)cc2)ncc1Br)C(C)(C)O,7.040958607678906
CHEMBL3668528,CDK9,91.0,nM,COc1ccc(F)cc1-c1ccnc2[nH]c(C3=C[C@H]4CN(S(C)(=O)=O)C[C@H]4C3)cc12,7.040958607678906
CHEMBL3911825,CDK9,91.0,nM,CN1Cc2c(C3=CCC(N[C@@H](CO)C(=O)O)CC3)[nH]c3nccc(c23)-c2cc(F)ccc21,7.040958607678906
CHEMBL3668429,CDK9,91.0,nM,CN1CCC(c2cc3c(-c4cccc(NCC5CCN(C)C5)n4)ccnc3[nH]2)CC1,7.040958607678906
CHEMBL5748359,CDK9,91.0,nM,Cc1nnc(CCNc2cc(-c3ccc4ncn(Cc5cccc(F)c5)c4c3)c(Cl)cn2)[nH]1,7.040958607678906
CHEMBL360596,CDK2,91.0,nM,COc1cc(F)c(C(=O)c2c(N)nc3ccc(C(=O)c4c(F)cccc4F)cn23)c(F)c1,7.040958607678906
CHEMBL5876151,CDK9,91.0,nM,O=C(O)c1ccc(Cn2cnc3ccc(-c4cc(NC(=O)[C@@H]5CCCNC5)ncc4Cl)cc32)cc1,7.040958607678906
CHEMBL3892247,CDK9,91.0,nM,CN(CCO)C(=O)CN1CCC(c2[nH]c3nccc4c3c2CN(C)c2ccc(F)cc2-4)CC1,7.040958607678906
CHEMBL4786995,CDK9,92.0,nM,CC(=O)N[C@@H]1CCC[C@H](C(=O)Nc2cc(-c3cnn4c3CCCCC4)c(Cl)cn2)C1,7.036212172654444
CHEMBL180714,CDK2,92.0,nM,CCN(CC)[C@H]1CC[C@H](Nc2cc(Nc3ccc(S(=O)(=O)N(C)C)cc3)n3ncc(C(C)C)c3n2)CC1,7.036212172654444
CHEMBL5566629,CDK1,92.0,nM,Cc1ccc(O)c(C)c1-n1c(N)c(C(=O)N2CCn3nccc3C2)c2nc(C3CC3)c(C)nc21,7.036212172654444
CHEMBL3641991,CDK6,92.0,nM,O[C@@H]1CCN(c2ccc(Nc3ncc4c5ccncc5n(C5CCC5)c4n3)nc2)C1,7.036212172654444
CHEMBL3639408,CDK4,92.0,nM,C[C@H]1CN(c2ccc(Nc3ncc4c5ccncc5n([C@@H]5CCOC5)c4n3)nn2)CCN1,7.036212172654444
CHEMBL5831789,CDK2,92.3,nM,CN(C)C/C=C/C(=O)Nc1ccc(C(=O)N2CCC[C@@H](Nc3ncc(SCc4ncc(C(C)(C)C)o4)s3)C2)cc1,7.0347982989740885
CHEMBL4761001,CDK2,92.3,nM,CN(C)C/C=C/C(=O)Nc1ccc(C(=O)N2CCCC(Nc3ncc(SCc4ncc(C(C)(C)C)o4)s3)C2)cc1,7.0347982989740885
CHEMBL5767864,CDK9,93.0,nM,NCC1CCCC(CNc2cc(-c3ccc4ncn(Cc5cccc(F)c5)c4c3)c(Cl)cn2)C1,7.031517051446065
CHEMBL3663754,CDK9,93.0,nM,CN1CCCC(c2cc3c(-c4nc(NCc5ccccc5)ccc4Cl)ccnc3[nH]2)C1,7.031517051446065
CHEMBL3691658,CDK4,93.0,nM,CN(C)C(=O)c1cc2cnc(Nc3ccc(N4CCC5(CCCN5)C4=O)cn3)nc2n1C1CCCOC1,7.031517051446065
CHEMBL3702048,CDK4,93.0,nM,CCOC(=O)c1ccc(Nc2ncc3c4ccncc4n(C4CCCC4)c3n2)nc1,7.031517051446065
CHEMBL3668556,CDK9,93.0,nM,CNS(=O)(=O)CC(=O)N1CC2C=C(c3cc4c(-c5cc(F)ccc5OC)ccnc4[nH]3)CC2C1,7.031517051446065
CHEMBL3668550,CDK9,93.0,nM,CNC(=O)N1C[C@H]2CC(c3cc4c(-c5cc(F)ccc5OC)ccnc4[nH]3)=C[C@H]2C1,7.031517051446065
CHEMBL3668527,CDK9,93.0,nM,COc1ccc(F)cc1-c1ccnc2[nH]c(C3=C[C@@H](CO)N(CC(=O)N(C)C)CC3)cc12,7.031517051446065
CHEMBL6022784,CDK6,93.0,nM,CC(C)N1CCOc2c(F)cc(-c3nc(Nc4ccc(N5CCC(C)(O)CC5)cn4)ncc3F)cc21,7.031517051446065
CHEMBL3354189,CDK2,93.0,nM,COC1CCN(c2nccc(Nc3cc4c(ccn4C4CCCC4)cn3)n2)CC1,7.031517051446065
CHEMBL1081104,CDK2,93.0,nM,N[C@H](CNc1cc(-c2ccc3cnccc3c2)no1)Cc1ccc(C(F)(F)F)cc1,7.031517051446065
CHEMBL5827659,CDK9,93.0,nM,CC1(C)Cc2c(-c3ccnc(NC(=O)[C@H]4C[C@@H](O)C4)c3)cnn2C1,7.031517051446065
CHEMBL411696,CDK2,93.0,nM,CCOc1cccc2c1/C(=N/Nc1ccc(S(N)(=O)=O)cc1)C(=O)N2,7.031517051446065
CHEMBL3967032,CDK9,93.0,nM,CN1Cc2c(C3CCN(CC(=O)N4CCC[C@H]4CO)CC3)[nH]c3nccc(c23)-c2cc(F)ccc21,7.031517051446065
CHEMBL2402948,CDK1,93.0,nM,Nc1ccccc1CNc1nc(NC2CCC(N)CC2)nc2c1ncn2C1CCCC1,7.031517051446065
CHEMBL5874515,CDK2,93.4,nM,Cc1nc2c(F)cc(-c3nc(Nc4ccc5c(n4)CCN(C(=O)[C@@H]4CCCN4C)C5)ncc3F)cc2n1C1CC1,7.029653123769907
CHEMBL5802135,CDK2,93.5,nM,C=CC(=O)NC1CCN(C(=O)C2CCCC(Nc3ncc(SCc4ncc(C(C)(C)C)o4)s3)C2)CC1,7.029188389127482
CHEMBL5789562,CDK2,93.7,nM,Cc1nc2c(F)cc(-c3nc(Nc4ccc5c(n4)CCN(C(=O)[C@H]4CCCN4C)C5)ncc3F)cc2n1C1CC1,7.028260409112222
CHEMBL5813966,CDK6,93.7,nM,CCN1CCN(Cc2ccc(Nc3ncc(F)c(-c4cc(F)c5nn6c(c5c4)CCC6)n3)nc2)CC1,7.028260409112222
CHEMBL5593193,CDK9,93.97,nM,CC(C)S(=O)(=O)c1ccccc1Nc1nc([C@H]2CC[C@H](N(C)C)CC2)ncc1Cl,7.027010773144651
CHEMBL5886859,CDK9,94.0,nM,O=C(Nc1cc(-c2ccc3ncn(Cc4cccc(F)c4)c3c2)c(Cl)cn1)C1CC(=O)N(Cc2ccccc2)C1,7.026872146400302
CHEMBL3929678,CDK9,94.0,nM,CS(=O)(=O)N1CC=C(c2[nH]c3nccc4c3c2COc2ccc(F)cc2-4)CC1,7.026872146400302
CHEMBL1800452,CDK1,94.0,nM,CC(C)c1cc(-c2cc(N3C[C@H](O)[C@@H](O)C3)ccc2O)nc(N)n1,7.026872146400302
CHEMBL4755256,CDK1,94.0,nM,COc1cc(F)ccc1-c1cc(NC(=O)[C@H]2CCC[C@@H](NC(C)=O)C2)ncc1Cl,7.026872146400302
CHEMBL3953907,CDK9,94.0,nM,CNC(=O)N1CC=C(c2[nH]c3nccc4c3c2CN(C)c2ncccc2-4)CC1,7.026872146400302
CHEMBL3673434,CDK1,94.0,nM,COc1cc(F)ccc1-c1ccnc(NC(=O)[C@H]2CCC[C@@H](NC(C)=O)C2)c1,7.026872146400302
CHEMBL3644029,CDK2,94.0,nM,CS(=O)(=O)c1ccc(Nc2ncc(C(F)(F)F)c(OCCC(F)(F)F)n2)cc1,7.026872146400302
CHEMBL6162082,CDK6,94.0,nM,CN1CCN(c2ccc(Nc3ncc(F)c(-c4ccc5c(c4)OC4(CCSCC4)CC5=O)n3)nc2)CC1,7.026872146400302
CHEMBL3933775,CDK9,94.0,nM,CN1Cc2c(C3=CC4CN(CC(=O)N5CC(O)C5)CC4C3)[nH]c3nccc(c23)-c2cc(F)ccc21,7.026872146400302
CHEMBL508506,CDK2,95.0,nM,CC1NCCCC1C(=O)Nc1ncc(SCc2ncc(C(C)(C)C)o2)s1,7.022276394711152
CHEMBL5942169,CDK4,95.0,nM,CC(C)N1CCc2c(cccc2Nc2ncc(F)c(-c3cc(F)c4c(c3)N(C(C)C)CCO4)n2)C1,7.022276394711152
CHEMBL3668520,CDK9,95.0,nM,COc1ccc(F)cc1-c1ccnc2[nH]c(C3=CCC(N[C@H](C(=O)O)C(C)(C)C)CC3)cc12,7.022276394711152
CHEMBL273060,CDK1,95.0,nM,NS(=O)(=O)c1ccc(N/N=C2\C(=O)Nc3ccc(I)cc32)cc1,7.022276394711152
CHEMBL5968222,CDK9,95.0,nM,Fc1cccc(Cn2cnc3ccc(-c4cc(N[C@@H]5CCCCNC5)ncc4Cl)cc32)c1,7.022276394711152
CHEMBL5440583,CDK6,95.0,nM,Oc1ccc(/C=N/n2c(S)nnc2-c2c[nH]c3ccccc23)c(O)c1,7.022276394711152
CHEMBL5631610,CDK4,95.0,nM,N#Cc1c(-c2ccc(Cl)cc2Cl)cc(-c2c[nH]c3ccccc23)[nH]c1=O,7.022276394711152
CHEMBL364631,CDK2,95.0,nM,Nc1nc2ccc(C(=O)c3c(Cl)cccc3Cl)cn2c1C(=O)c1c(F)cc(C(=O)O)cc1F,7.022276394711152
CHEMBL6170522,CDK6,95.0,nM,CC(=O)N1CCC2(CC1)CC(=O)c1ccc(-c3nc(Nc4ccc(C(=O)N5CCOCC5)cn4)ncc3F)cc1O2,7.022276394711152
CHEMBL5559473,CDK9,95.01,nM,CCC(=O)Nc1ccc(CNc2nc(OC3CCN(C)CC3)nc3c(C(C)C)cnn23)cc1,7.022230681908425
CHEMBL4755256,CDK9,96.0,nM,COc1cc(F)ccc1-c1cc(NC(=O)[C@H]2CCC[C@@H](NC(C)=O)C2)ncc1Cl,7.017728766960431
CHEMBL497995,CDK9,96.0,nM,Nc1nccc(-c2cc3c([nH]2)C(C2CCC2)CNC3=O)n1,7.017728766960431
CHEMBL3702178,CDK4,96.0,nM,CN(C)C1CCN(c2ccc(Nc3ncc4c5ccncc5n(C5CCSCC5)c4n3)nc2)CC1,7.017728766960431
CHEMBL3668423,CDK9,96.0,nM,CN1CCC(c2cc3c(-c4nc(NCC5CC5)ccc4Cl)ccnc3[nH]2)CC1,7.017728766960431
CHEMBL3901001,CDK9,96.0,nM,CN1Cc2c(C3=C[C@H]4CC[C@@H](C3)N4S(C)(=O)=O)[nH]c3nccc(c23)-c2cc(F)ccc21,7.017728766960431
CHEMBL3648088,CDK1,96.0,nM,CCOC(=O)N=S(=O)(CC)c1ccc(Nc2ncc(Br)c(N[C@H](C)C(C)(C)O)n2)cc1,7.017728766960431
CHEMBL451570,CDK9,96.0,nM,Nc1nccc(-c2cc3c([nH]2)[C@H](CCF)CNC3=O)n1,7.017728766960431
CHEMBL3914925,CDK9,96.0,nM,CN1Cc2c(C3=CCNCC3)[nH]c3nccc(c23)-c2ccccc21,7.017728766960431
CHEMBL4303287,CDK2,96.9,nM,CN(C)C/C=C/C(=O)Nc1cccc(C(=O)Nc2cccc(Nc3ncc(Cl)c(-c4c[nH]c5ccccc45)n3)c2)c1,7.013676222949234
CHEMBL400858,CDK1,97.0,nM,Cc1cccc2[nH]c(-c3n[nH]c4ncc(-c5cncc6ccccc56)cc34)nc12,7.013228265733755
CHEMBL3906898,CDK9,97.0,nM,CN1Cc2c(C3=C[C@H]4CC[C@@H](C3)N4CC(=O)N3CC(O)C3)[nH]c3nccc(c23)-c2cc(F)ccc21,7.013228265733755
CHEMBL5786559,CDK9,97.0,nM,N[C@H]1C[C@@H](C(=O)Nc2cc(-c3ccc4ncn(CC5CCOCC5)c4c3)c(Cl)cn2)C1,7.013228265733755
CHEMBL5089915,CDK6,97.0,nM,CN(C)c1cnc2ccc(-c3nc(Nc4ccc(N5CCNCC5)cn4)ncc3F)cc2n1,7.013228265733755
CHEMBL3648100,CDK1,97.0,nM,CCC(C)Sc1nc(Nc2ccc(S(C)(=N)=O)cc2)ncc1Br,7.013228265733755
CHEMBL5927696,CDK9,97.0,nM,Fc1cccc(Cn2cnc3ccc(-c4cc(N[C@H]5CC[C@H](NCCOc6ccccc6)CC5)ncc4Cl)cc32)c1,7.013228265733755
CHEMBL5290362,CDK2,97.0,nM,N[C@H](COc1cncc(-c2ccc3[nH]nc(NC(=O)c4ccccc4)c3c2)c1)Cc1ccccc1,7.013228265733755
CHEMBL4202432,CDK1,97.2,nM,Cc1nc2c(F)cc(-c3cc(Nc4cnc(CN5CCN(C(C)C)CC5)cn4)ncn3)cc2n1C(C)C,7.012333735073725
CHEMBL4212532,CDK1,97.2,nM,Cc1nc2c(F)cc(-c3nc(Nc4ccc5c(n4)CCN(C(=O)CN(C)C)C5)ncc3F)cc2n1C(C)C,7.012333735073725
CHEMBL4781539,CDK9,98.0,nM,C=CC(=O)Nc1ccc(C(=O)N2CCCC(Nc3ncc(SCc4ncc(C(C)(C)C)o4)s3)C2)cc1,7.008773924307505
CHEMBL5875698,CDK6,98.0,nM,CC(C)N1CCOc2c(F)cc(-c3nc(Nc4ccc(N5CCC(N(C)C)CC5)c(C(F)(F)F)c4)ncc3F)cc21,7.008773924307505
CHEMBL3941567,CDK9,98.0,nM,CN1Cc2c(C3=CC4CCCC(C3)N4CC(=O)N3CC(O)C3)[nH]c3nccc(c23)-c2cc(F)ccc21,7.008773924307505
CHEMBL5401158,CDK2,98.31,nM,O=C(Nc1ccc(N2CCNCC2)cc1)c1n[nH]cc1Nc1cc(Oc2ccccc2)ncn1,7.007402303897962
CHEMBL3986185,CDK9,99.0,nM,CN(CC(O)CO)C(=O)CN1CC2C=C(c3[nH]c4nccc5c4c3CN(C)c3ccc(F)cc3-5)CC2C1,7.00436480540245
CHEMBL3668563,CDK9,99.0,nM,COc1ccc(F)cc1-c1c(F)cnc2[nH]c(C3=CCN(C4CCC(CC(=O)O)CC4)CC3)cc12,7.00436480540245
CHEMBL6049134,CDK9,99.0,nM,O=C(Nc1cc(-c2ccc3nnn(Cc4cccs4)c3c2)c(Cl)cn1)[C@@H]1CCCNC1,7.00436480540245
CHEMBL249094,CDK1,99.0,nM,CC(C)OCc1cccc2[nH]c(-c3n[nH]c4ncc(-c5cncc6ccccc56)cc34)nc12,7.00436480540245
CHEMBL5070887,CDK2,99.4,nM,Cc1cnc(Nc2ccnn2C)nc1-c1cc2n(c1)C(=O)N([C@H](CO)c1cccc(Cl)c1)C2,7.002613615602686
CHEMBL3927646,CDK9,100.0,nM,CN1Cc2c(-c3cccc(CC(=O)O)c3)[nH]c3nccc(c23)-c2cc(F)ccc21,7.0
CHEMBL3668389,CDK9,100.0,nM,COc1ccc(F)cc1-c1ccnc2[nH]c(C3CCN(C4CCN(C(=O)OC(C)(C)C)C4)C3)cc12,7.0
CHEMBL3668359,CDK9,100.0,nM,NC1CCCC(c2cc3c(-c4cccc(F)c4)c(Cl)cnc3[nH]2)C1,7.0
CHEMBL383264,CDK1,100.0,nM,N[C@H](COc1cncc(-c2ccc3cnccc3c2)c1)Cc1c[nH]c2ccccc12,7.0
CHEMBL2158859,CDK2,100.0,nM,CNC(=O)Nc1ccc(-c2cc(-c3ccnc(Nc4cccc(S(=O)(=O)NC)c4)n3)ccn2)cc1,7.0
CHEMBL495545,CDK2,100.0,nM,CN1CCN(c2ccc(Nc3nccc(-c4cnn5ncccc45)n3)cc2)CC1,7.0
CHEMBL5173190,CDK2,100.0,nM,COc1cc(CC(=O)Nc2cc([C@H]3CC[C@@H](OC(=O)NC(C)C)C3)[nH]n2)ccn1,7.0
CHEMBL5179286,CDK2,100.0,nM,CC(C)NC(=O)O[C@@H]1CC[C@H](c2cc(NC(=O)Cc3ccccc3S(C)(=O)=O)n[nH]2)C1,7.0
CHEMBL5179057,CDK2,100.0,nM,CC(C)NC(=O)O[C@H]1CC[C@@H](c2cc(NC(=O)c3ccnn3C)n[nH]2)C1,7.0
CHEMBL5209174,CDK2,100.0,nM,CC(C)NC(=O)O[C@@H]1CC[C@H](c2cc(NC(=O)Cc3ccccc3)n[nH]2)C1,7.0
CHEMBL421583,CDK4,100.0,nM,Cc1ccc(N(CC#N)c2cc(Nc3ccc(OCC(O)CN(C)C)cc3)ncn2)c(Br)c1,7.0
CHEMBL2203628,CDK1,100.0,nM,N#CCNc1nc(Nc2ccccc2)ncc1Br,7.0
CHEMBL4800119,CDK9,100.0,nM,Cc1cnc(Nc2ccc3c(c2)N(C(C)C)[C@H](C)C(=O)N3C)nc1-c1cncc2ccccc12,7.0
CHEMBL5170812,CDK2,100.0,nM,Cc1ncc(CC(=O)Nc2cc([C@H]3CC[C@@H](OC(=O)NC(C)C)C3)[nH]n2)s1,7.0
CHEMBL2203628,CDK2,100.0,nM,N#CCNc1nc(Nc2ccccc2)ncc1Br,7.0
CHEMBL5279564,CDK9,100.0,nM,CN(C)CC(=O)Nc1cc(Nc2ncc(F)c(Nc3c(F)cccc3F)n2)ccc1F,7.0
CHEMBL3908656,CDK9,100.0,nM,CN(CCO)C(=O)CN1CC=C(c2[nH]c3ncc(F)c4c3c2CN(C)c2ccc(F)cc2-4)CC1,7.0
CHEMBL6144922,CDK9,100.0,nM,COCCN[C@H]1CC[C@H](Nc2nccc(-c3ccc4c(c3)CCNC4=O)n2)CC1,7.0
CHEMBL2158854,CDK1,100.0,nM,NS(=O)(=O)c1cccc(Nc2nccc(-c3ccnc(N4C5CCC4COC5)c3)n2)c1,7.0
CHEMBL2158848,CDK1,100.0,nM,Cc1cccc(Nc2nccc(-c3ccnc(N4CCOCC4)c3)n2)c1,7.0
CHEMBL3952232,CDK9,100.0,nM,CN1Cc2c(C3=CCN(CC(=O)OC(C)(C)C)CC3)[nH]c3ncc(F)c(c23)-c2cc(F)ccc21,7.0
CHEMBL428690,CDK4,100.0,nM,CN1CC[C@H](c2c(O)cc(O)c3c(=O)cc(-c4ccccc4Cl)oc23)[C@H](O)C1,7.0
CHEMBL3936047,CDK9,100.0,nM,C[C@H](NC1CC=C(c2[nH]c3nccc4c3c2CN(C)c2ccc(F)cc2-4)CC1)C(=O)O,7.0
CHEMBL4751230,CDK9,100.0,nM,CC(=O)N[C@@H]1CCC[C@H](C(=O)Nc2cc(-c3cnn4c3CCCC4)c(F)cn2)C1,7.0
CHEMBL5965779,CDK9,100.0,nM,Fc1cccc(Cn2cnc3ccc(-c4cc(NC5CCC56CCNC6)ncc4Cl)cc32)c1,7.0
CHEMBL3655762,CDK9,100.0,nM,CC[C@H](Nc1nc(NCc2cnc(C)cc2C)c2ncn(C(C)C)c2n1)[C@@H](C)O,7.0
CHEMBL5817977,CDK9,100.0,nM,O=C(Nc1cc(-c2ccc3ncn(CC4CCOCC4)c3c2)c(Cl)cn1)[C@H]1C[C@H]2CN[C@@H]1C2,7.0
CHEMBL4853678,CDK9,100.0,nM,COc1ccc(F)cc1-c1c(F)cnc2[nH]c(C3=CCN([C@H]4CC[C@H](CC(=O)O)CC4)CC3)cc12,7.0
CHEMBL3949735,CDK9,100.0,nM,CN1Cc2c(C3=CC4CN(CC(=O)N(C)C5CC(O)C5)CC4C3)[nH]c3nccc(c23)-c2cc(F)ccc21,7.0
CHEMBL3655764,CDK2,100.0,nM,CC[C@H](Nc1nc(NCc2cccc(Cl)c2)c2ncn(C(C)C)c2n1)[C@@H](C)O,7.0
CHEMBL3668446,CDK9,100.0,nM,CN1CCC(c2cc3c(-c4nc(NCc5cccc(OCC(=O)O)c5)ccc4Cl)ccnc3[nH]2)CC1,7.0
CHEMBL430507,CDK4,100.0,nM,CN(C)CC(O)COc1ccc(Nc2nccc(N(CC#N)c3cc(Cl)ccc3Cl)n2)cc1,7.0
CHEMBL3691588,CDK4,100.0,nM,CN(C)C(=O)c1cc2cnc(Nc3ccc(C(=O)N4CC5CN(Cc6ccccc6)CC(C4)O5)cn3)nc2n1C1CCCC1,7.0
CHEMBL2348160,CDK2,100.0,nM,Nc1nccc(-n2cc(-c3ccoc3)c3cnccc32)n1,7.0
CHEMBL173619,CDK1,100.0,nM,CCn1cnc2c(Nc3ccc(F)cc3)nc(N[C@H]3CC[C@@H](N)CC3)nc21,7.0
CHEMBL2403091,CDK1,100.0,nM,Nc1ccccc1-c1ccc(CNc2nc(NC3CCC(N)CC3)nc3c2ncn3C2CCCC2)cn1,7.0
CHEMBL1964257,CDK1,100.0,nM,NS(=O)(=O)Cc1ccc(N/C=C2\C(=O)Nc3ccc4ncsc4c32)cc1,7.0
CHEMBL460086,CDK1,100.0,nM,Cc1ncc(-c2ccnc(Nc3ccc(C(=O)N4CC[C@H](NC5CC5)C4)cc3)n2)n1C(C)C,7.0
CHEMBL5944626,CDK6,100.0,nM,CC(C)N1CCOc2c(F)cc(-c3nc(Nc4ccc5c(c4)CC(N(C)C)CC5)ncc3F)cc21,7.0
CHEMBL5439308,CDK2,100.0,nM,N#Cc1ccc2c(CCNc3ccc(C(F)(F)F)cc3C(=O)O)c[nH]c2c1,7.0
CHEMBL3702041,CDK4,100.0,nM,CN1CCN(c2nc(Nc3ncc4c5ccncc5n(C5CCCC5)c4n3)ns2)CC1,7.0
CHEMBL5440428,CDK4,100.0,nM,O=C(NC1CCNCC1)c1n[nH]cc1NC(=O)c1c(Cl)cccc1Cl.O=C(O)C(F)(F)F,7.0
CHEMBL6016131,CDK9,100.0,nM,O=C(Nc1cc(-c2ccc3ncn(CCN4CCOCC4)c3c2)c(Cl)cn1)[C@@H]1CCCNC1,7.0
CHEMBL419931,CDK1,100.0,nM,CC(C)n1cnc2c(NCc3ccccc3O)nc(NCCCO)nc21,7.0
CHEMBL1095040,CDK1,100.0,nM,CCCC(=O)Nc1n[nH]c2cc(Cl)c(-c3ccccc3)cc12,7.0
CHEMBL1276446,CDK1,100.0,nM,O=C1Nc2ccc3ncsc3c2/C1=C/Nc1ccc(S(=O)(=O)Nc2ccccn2)cc1,7.0
CHEMBL419534,CDK4,100.0,nM,CN(C)CC(O)COc1ccc(Nc2ncc(Br)c(Nc3ccccc3)n2)cc1,7.0
CHEMBL5192247,CDK2,100.0,nM,COCc1cc(C(=O)Nc2cc([C@H]3CC[C@@H](OC(=O)N(C)C(C)C)C3)[nH]n2)n(C)n1,7.0
CHEMBL5800720,CDK9,100.0,nM,O=C1CC(C(=O)Nc2cc(-c3cnc4ccn(Cc5cncc(F)c5)c4c3)c(Cl)cn2)C1,7.0
CHEMBL5187579,CDK2,100.0,nM,Cc1cc(CC(=O)Nc2cc([C@H]3CCC[C@@H](OC(=O)NC4(C)CC4)CC3)[nH]n2)on1,7.0
CHEMBL8817,CDK4,100.0,nM,CN1CC[C@@H](c2c(O)cc(O)c3c(=O)cc(-c4ccccc4Cl)oc23)[C@@H](O)C1,7.0
CHEMBL84944,CDK1,100.0,nM,CC(C)C(CO)Nc1nc(NCc2cccc(O)c2)c2ncn(C(C)C)c2n1,7.0
CHEMBL100391,CDK4,100.0,nM,CN(C)CC(O)COc1ccc(Nc2ncc(Cl)c(Nc3ccccc3)n2)cc1,7.0
CHEMBL5209369,CDK9,100.0,nM,COc1cc(F)ccc1-c1ccnc2[nH]c([C@H]3CC[C@H](NC(C)=O)CC3)cc12,7.0
CHEMBL4216534,CDK1,100.5,nM,Cc1nc2c(F)cc(-c3cc(Nc4cnc(CN5CCN(C6CCCC6)CC5)cn4)ncn3)cc2n1C(C)C,6.997833938243492
CHEMBL3691573,CDK4,101.0,nM,CN(C)C(=O)c1cc2cnc(Nc3ccc(C(=O)N4C[C@@H]5C[C@H]4C[C@@H]5O)cn3)nc2n1C1CCCC1,6.995678626217357
CHEMBL3702174,CDK6,101.0,nM,NC1[C@H]2CN(c3ccc(Nc4ncc5c6ccncc6n(C6CCCC6)c5n4)nn3)C[C@@H]12,6.995678626217357
CHEMBL4777981,CDK6,101.0,nM,COc1ccc(F)cc1-c1c(F)cnc2[nH]c(C3=CCN([C@H]4CC[C@H](C(=O)O)CC4)CC3)cc12,6.995678626217357
CHEMBL3702161,CDK6,101.0,nM,c1cc(-c2ccc(Nc3ncc4c5ccncc5n(C5CCCC5)c4n3)nn2)ccn1,6.995678626217357
CHEMBL3668498,CDK9,101.0,nM,CNC(=O)N1CC=C(c2cc3c(-c4cc(F)ccc4OC)c(Cl)cnc3[nH]2)CC1,6.995678626217357
CHEMBL3668529,CDK9,101.0,nM,COc1ccc(F)cc1-c1c(F)cnc2[nH]c(C3=CCN(CC(=O)N(C)C)CC3)c(C#N)c12,6.995678626217357
CHEMBL5744442,CDK4,101.0,nM,CC(C)CN1CCOc2c(F)cc(-c3nc(Nc4ccc(N5CCC(O)CC5)cn4)ncc3F)cc21,6.995678626217357
CHEMBL5542488,CDK9,101.41,nM,CC(=O)Nc1ccc(CNc2nc(OC3CCN(C)CC3)nc3c(C(C)C)cnn23)cc1,6.993919217283906
CHEMBL5542924,CDK2,101.6,nM,CCC(=O)Nc1ccc(CNc2nc(N[C@H](CC)CO)nc3c(C(C)C)cnn23)cc1,6.993106292052099
CHEMBL5081489,CDK6,102.0,nM,CN(C)c1cnc2ccc(-c3nc(Nc4ccc(C(=O)N5CCNCC5)cn4)ncc3F)cc2n1,6.991399828238082
CHEMBL185854,CDK2,102.0,nM,Nc1nc2ccc(C(=O)c3c(F)cccc3F)cn2c1C(=O)c1c(F)cccc1Cl,6.991399828238082
CHEMBL4550287,CDK1,102.0,nM,Cc1nc2c(F)cc(-c3nc(Nc4ccc5c(n4)CCN(CCN(C)C)C5)ncc3F)cc2n1C(C)C1CC1,6.991399828238082
CHEMBL474619,CDK2,102.0,nM,COc1cc(O)ccc1-c1ccc2c(-c3nc4c(N5CCN(C)CC5)cccc4[nH]3)n[nH]c2c1,6.991399828238082
CHEMBL3668525,CDK9,102.0,nM,COc1ccc(F)cc1-c1c(F)cnc2[nH]c(C3CCN(CC(=O)N4CC(O)C4)CC3)cc12,6.991399828238082
CHEMBL3641909,CDK6,102.0,nM,CN(C)C1CCN(c2ccc(Nc3ncc4c5ccncc5n(CCCO)c4n3)nc2)CC1,6.991399828238082
CHEMBL5195597,CDK2,102.0,nM,CS(=O)(=O)N1CCC(Nc2ncc3c(n2)N(C2CCCC2)C(=O)C32CC2)CC1,6.991399828238082
CHEMBL5431565,CDK2,102.6,nM,O=C(Nc1ccc(Cl)cc1)N1CCN(c2nnc(Cc3ccccc3)c3ccccc23)CC1,6.988852639224202
CHEMBL3641912,CDK6,103.0,nM,OCCCn1c2cnccc2c2cnc(Nc3ccc(N4CC[C@@H](O)C4)nn3)nc21,6.987162775294828
CHEMBL4213557,CDK1,103.1,nM,Cc1nc2c(F)cc(-c3cc(Nc4cnc(CN5CCN(CC6CC6)CC5)cn4)ncn3)cc2n1C(C)C,6.986741334716483
CHEMBL6191130,CDK6,103.4,nM,CN(C)C(=O)c1cc2cnc(Nc3ccc(C(=O)N4CC(c5nc6c(C(N)=O)cccc6[nH]5)C4)cc3Cl)nc2n1C1CCCC1,6.985479461242076
CHEMBL5414410,CDK1,103.57,nM,O=C(Nc1ccc(Cl)c(C(F)(F)F)c1)N1CCN(c2nnc(Cc3ccccc3)c3ccccc23)CC1,6.984766023753291
CHEMBL5517691,CDK9,103.99,nM,CC(=O)Nc1ccc(CNc2nc(O[C@@H]3CCCNC3)nc3c(C(C)C)cnn23)cc1,6.983008421793794
CHEMBL1088613,CDK2,104.0,nM,Cc1n[nH]c2ccc(-c3nnc(NC[C@@H](N)Cc4ccccc4F)s3)cc12,6.982966660701219
CHEMBL3298308,CDK2,104.0,nM,C[C@@H](CO)Nc1ncc2c(n1)CN(C(=O)N[C@H](C)c1ccc(Cl)c(Cl)c1)CC2,6.982966660701219
CHEMBL3668536,CDK9,104.0,nM,COc1ccc(F)cc1-c1ccnc2[nH]c(C3=CC(C)(C)N(S(C)(=O)=O)CC3)cc12,6.982966660701219
CHEMBL3668552,CDK9,104.0,nM,COc1ccc(F)cc1-c1c(F)cnc2[nH]c(C3=CC4CN(CC(=O)N(C)C)CC4C3)cc12,6.982966660701219
CHEMBL3702088,CDK6,104.0,nM,Oc1ccc2c3cnc(Nc4ccc(N5CCNCC5)cn4)nc3n(C3CCCC3)c2n1,6.982966660701219
CHEMBL1241662,CDK1,104.0,nM,Nc1nc2ccc(C(=O)c3c(F)cccc3Cl)cc2n1Cc1c(F)cccc1F,6.982966660701219
CHEMBL5832698,CDK9,105.0,nM,Cc1nc2c(F)cc(-c3nc(Nc4ccc5c(n4)CCN(C(=O)[C@@H](C)N(C)C)C5)ncc3F)cc2n1C1CC1,6.978810700930062
CHEMBL5877068,CDK6,105.0,nM,CC(C)N1CCOc2c(F)cc(-c3nc(Nc4ccc(N5CCN6CCCC6C5)c(F)c4)ncc3F)cc21,6.978810700930062
CHEMBL5893560,CDK6,105.0,nM,CC(C)N1CCOc2c(F)cc(-c3nc(Nc4ccc(S(=O)(=O)N5CCN(C)CC5)cc4)ncc3F)cc21,6.978810700930062
CHEMBL3691674,CDK4,106.0,nM,CC(=O)NCC(=O)N1[C@@H]2CC[C@H]1CN(c1ccc(Nc3ncc4cc(C(=O)N(C)C)n(C5CCCC5)c4n3)nc1)C(=O)C2,6.97469413473523
CHEMBL6189313,CDK6,106.74,nM,COc1cc(-c2nc3ccc(F)cc3c(=O)[nH]2)cc(OC)c1OCC(=O)N1CCN(c2ccc(Nc3ncc4cc(C(=O)N(C)C)n(C5CCCC5)c4n3)nc2)CC1,6.971672801532431
CHEMBL6020185,CDK6,107.0,nM,CC(C)N1CCOc2c(F)cc(-c3nc(Nc4ccc(C5CCN(C)CC5)c(C5CC5)n4)ncc3F)cc21,6.97061622231479
CHEMBL1922219,CDK9,107.0,nM,CC[C@H](Nc1nc(NCc2cccnc2)c2ncn(C(C)C)c2n1)[C@@H](C)O,6.97061622231479
CHEMBL5781070,CDK1,108.0,nM,CC1=NNc2cc3cnc(Nc4ccc(S(N)(=O)=O)cc4)nc3n2C12CCCCC2,6.96657624451305
CHEMBL5865665,CDK1,108.0,nM,Cc1nc2c(F)cc(-c3nc(Nc4ccc5c(n4)CCNC5)ncc3F)cc2n1C(C)C1CC1,6.96657624451305
CHEMBL4781539,CDK2,108.0,nM,C=CC(=O)Nc1ccc(C(=O)N2CCCC(Nc3ncc(SCc4ncc(C(C)(C)C)o4)s3)C2)cc1,6.96657624451305
CHEMBL4747992,CDK9,108.2,nM,NC(=O)c1sc(-c2ccnc(NC(=O)C3CC3)c2)nc1OCCCC1CCN(Cc2ccc(F)cc2)CC1,6.9657727392294495
CHEMBL6171172,CDK2,108.3,nM,Nc1cc(-c2c[nH]c3ccccc23)nn1-c1nc(Nc2ccc(Cl)cc2)nc(N2CCOCC2)n1,6.96537154337468
CHEMBL5438882,CDK2,108.4,nM,COc1ccc(NC(=O)N2CCN(c3nnc(Cc4ccccc4)c4ccccc34)CC2)cc1,6.964970717797632
CHEMBL5418073,CDK1,108.97,nM,S=C(Nc1ccc(Cl)cc1)N1CCN(c2nnc(Cc3ccccc3)c3ccccc23)CC1,6.962693049102908
CHEMBL5751375,CDK2,109.0,nM,Cc1nc2c(F)cc(-c3nc(Nc4ccc5c(n4)CCNC5)ncc3F)cc2n1CC1CC1,6.962573502059376
CHEMBL5910318,CDK9,110.0,nM,Fc1cccc(Cn2cnc3ccc(-c4cc(N[C@H]5CCCCNC5)ncc4Cl)cc32)c1,6.958607314841775
CHEMBL4754399,CDK9,110.0,nM,CC(=O)N[C@@H]1CCC[C@H](C(=O)Nc2cc(-c3cnn4c3CCCC4)c(Cl)cn2)C1,6.958607314841775
CHEMBL3702069,CDK6,110.0,nM,CCC(CC)n1c2cnccc2c2cnc(Nc3ccc(N4CC[C@@H](O)C4)nn3)nc21,6.958607314841775
CHEMBL5823355,CDK9,110.0,nM,CC(C)(CN[C@H]1CC[C@H](Nc2cc(-c3ccc4ncn(Cc5cccc(F)c5)c4c3)c(Cl)cn2)CC1)C[S+]([O-])c1ccccc1,6.958607314841775
CHEMBL5760424,CDK2,110.0,nM,C#CN1CCC(N2CCc3nc(Nc4ncc(F)c(-c5cc(F)c6nc(C)n(C(C)C)c6c5)n4)ccc3C2)C1,6.958607314841775
CHEMBL334881,CDK1,110.0,nM,CN1CC[C@H](c2c(O)cc(O)c3c(=O)cc(Sc4ccccc4Cl)oc23)[C@H](O)C1,6.958607314841775
CHEMBL249519,CDK1,110.0,nM,CCNCc1cncc(-c2cnc3[nH]nc(-c4nc5c(COC)cccc5[nH]4)c3c2)c1C,6.958607314841775
CHEMBL497477,CDK2,110.0,nM,O=C(NC1CCNCC1)c1n[nH]cc1NC(=O)c1c(F)cccc1Cl,6.958607314841775
CHEMBL3673543,CDK9,110.0,nM,CS(=O)(=O)N1CC=C(c2cc3c(-c4nc(NCc5cccc(F)c5)c(F)cc4F)ccnc3[nH]2)CC1,6.958607314841775
CHEMBL5953891,CDK9,110.0,nM,N[C@H]1C[C@H](C(=O)Nc2cc(-c3ccc4ncn(CC5CCOCC5)c4c3)c(Cl)cn2)C1,6.958607314841775
CHEMBL2348156,CDK2,110.0,nM,Nc1nccc(-n2cc(-c3ccccc3Cl)c3cnccc32)n1,6.958607314841775
CHEMBL5838556,CDK9,110.0,nM,CS(=O)(=O)c1cc(CN2CCc3ccc(-c4cc(NC(=O)C5CCCNC5)ncc4Cl)cc32)ccc1F,6.958607314841775
CHEMBL5914546,CDK9,110.0,nM,Cc1nnc(Cn2cnc3ccc(-c4cc(NC(=O)[C@@H]5CCCNC5)ncc4Cl)cc32)s1,6.958607314841775
CHEMBL3691653,CDK4,110.0,nM,CN(C)C(=O)c1cc2cnc(Nc3ccc(N4CCN5CCCC5C4=O)cn3)nc2n1C1CCCC1,6.958607314841775
CHEMBL5802817,CDK9,110.0,nM,Fc1cccc(Cn2cnc3ccc(-c4cc(N[C@H]5CC[C@H](NCc6nccs6)CC5)ncc4Cl)cc32)c1,6.958607314841775
CHEMBL3892232,CDK9,110.0,nM,CN1Cc2c(C3=CCC(C(=O)N4CC(O)C4)CC3)[nH]c3nccc(c23)-c2cc(F)ccc21,6.958607314841775
CHEMBL5774473,CDK2,110.0,nM,C#CCN1CCC(N2CCc3nc(Nc4ncc(F)c(-c5cc(F)c6nc(C)n(C(C)C)c6c5)n4)ccc3C2)C1,6.958607314841775
CHEMBL497854,CDK2,110.0,nM,Cc1cc(CNc2ncc(Br)c(Nc3cc(C4CC4)[nH]n3)n2)on1,6.958607314841775
CHEMBL3925516,CDK9,110.0,nM,CN1Cc2c(C3=CCN([C@H]4CC[C@@H](CC(=O)O)CC4)CC3)[nH]c3nccc(c23)-c2ccccc21,6.958607314841775
CHEMBL5857843,CDK9,110.0,nM,O=C(Nc1cc(-c2ccc3c(c2)N(Cc2cnccn2)CC3)c(Cl)cn1)C1CCCNC1,6.958607314841775
CHEMBL3926650,CDK9,110.0,nM,CN(C)C(=O)CN1C2C=C(c3[nH]c4nccc5c4c3CN(C)c3ccc(F)cc3-5)CC1CCC2,6.958607314841775
CHEMBL3648087,CDK1,110.0,nM,CCOC(=O)N=S(C)(=O)c1ccc(Nc2ncc(Br)c(N[C@@H](COC)[C@H](C)O)n2)cc1,6.958607314841775
CHEMBL5752090,CDK9,110.0,nM,Fc1cccc(Cn2cnc3ccc(-c4cc(N[C@H]5CC[C@H](NCCCOCc6ccccc6)CC5)ncc4Cl)cc32)c1,6.958607314841775
CHEMBL3958592,CDK9,110.0,nM,CN(C)C(=O)CN1CC=C(c2[nH]c3nccc4c3c2CN(C)c2ncccc2-4)CC1,6.958607314841775
CHEMBL14619,CDK2,110.0,nM,CCCCOc1c(C(=O)c2ccccc2)cnc2[nH]ncc12,6.958607314841775
CHEMBL2207208,CDK2,110.0,nM,Cn1cc(Nc2ncc(C3CC3)c(NCCCNC(=O)C3CCC3)n2)cn1,6.958607314841775
CHEMBL4870276,CDK9,110.0,nM,COc1ccc(F)cc1-c1ccnc2[nH]c(C3=CCN(C4CCN(CC(=O)O)CC4)CC3)cc12,6.958607314841775
CHEMBL3921585,CDK9,110.0,nM,CN(CC(O)CO)C(=O)CN1C2C=C(c3[nH]c4nccc5c4c3CN(C)c3ccc(F)cc3-5)CC1CCC2,6.958607314841775
CHEMBL3668434,CDK9,110.0,nM,CN1CCC(c2cc3c(-c4cccc(NCCN5CCOCC5)n4)ccnc3[nH]2)CC1,6.958607314841775
CHEMBL5170195,CDK1,110.0,nM,COc1cc(F)ccc1-c1ccnc2[nH]c(-c3ccc(CN4CCOCC4)cc3)cc12,6.958607314841775
CHEMBL3648126,CDK1,110.0,nM,CC(C)Nc1nc(Nc2ccc(S(C)(=N)=O)cc2)ncc1Br,6.958607314841775
CHEMBL3947123,CDK9,110.0,nM,CC[C@H]1c2c(C3=CCN([C@H]4C[C@@H](C(=O)O)C4)CC3)[nH]c3nccc(c23)-c2cc(F)ccc2N1C,6.958607314841775
CHEMBL3952466,CDK9,110.0,nM,CC[C@H]1c2c(C3=CCN([C@H]4C[C@H](C(=O)O)C4)CC3)[nH]c3nccc(c23)-c2cc(F)ccc2N1C,6.958607314841775
CHEMBL2158862,CDK2,110.0,nM,CNC(=O)Nc1ccc(-c2cc(-c3ccnc(Nc4ccc(C)c(S(=O)(=O)NC)c4)n3)ccn2)cc1,6.958607314841775
CHEMBL3909010,CDK9,110.0,nM,CN1Cc2c(-c3ccc(S(C)(=O)=O)nc3)[nH]c3nccc(c23)-c2cc(F)ccc21,6.958607314841775
CHEMBL5793399,CDK9,110.0,nM,O=C(Nc1cc(-c2ccc3c(c2)N(Cc2ccc4nccnc4c2)CC3)c(Cl)cn1)C1CCCNC1,6.958607314841775
CHEMBL258805,CDK2,110.0,nM,COc1ccc2c(c1)/C(=C/c1cnc[nH]1)C(=O)N2,6.958607314841775
CHEMBL5789498,CDK9,110.0,nM,CC(CNc1cc(-c2ccc3ncn(Cc4cccc(F)c4)c3c2)c(Cl)cn1)c1ccncc1,6.958607314841775
CHEMBL1922209,CDK2,110.0,nM,CCC(O)[C@H](CC)Nc1nc(NCc2cccnc2)c2ncn(C(C)C)c2n1,6.958607314841775
CHEMBL4747648,CDK9,110.0,nM,CC(C)N1c2cc(Nc3nccc(-c4cccc5nn(C)cc45)n3)ccc2N(C)C(=O)[C@H]1C,6.958607314841775
CHEMBL314397,CDK1,110.0,nM,NS(=O)(=O)c1ccc(/N=N/c2c(O)[nH]c3cccc(I)c23)cc1,6.958607314841775
CHEMBL5598531,CDK9,110.0,nM,N#CC1(CNc2cccc(-c3cc(Nc4cnn(CCCCCC(=O)NO)c4)ncc3Cl)n2)CCOCC1,6.958607314841775
CHEMBL6019326,CDK6,110.0,nM,CCCc1nc(Nc2ncc(F)c(-c3cc(F)c4c(c3)N(C(C)C)CCO4)n2)ccc1C1CCN(C)CC1,6.958607314841775
CHEMBL3965251,CDK9,110.0,nM,CN1Cc2c(C3=CC4CCCC(C3)N4CC(=O)O)[nH]c3nccc(c23)-c2cc(F)ccc21,6.958607314841775
CHEMBL3642012,CDK4,110.0,nM,FC(F)(F)CNC1CCN(c2ccc(Nc3ncc4c5ccncc5n(C5CCCC5)c4n3)nn2)CC1,6.958607314841775
CHEMBL3922015,CDK9,110.0,nM,CC1c2c(C3=CCN(S(C)(=O)=O)CC3)[nH]c3nccc(c23)-c2cc(F)ccc2N1C,6.958607314841775
CHEMBL51709,CDK1,110.0,nM,CN1CCC(c2c(O)cc(O)c3c2O/C(=C\c2ccccc2)C3=O)CC1,6.958607314841775
CHEMBL1615221,CDK9,110.0,nM,CC[C@@H](CO)Nc1nc(NCc2ccc(-c3ccccn3)cc2)c2ncn(C(C)C)c2n1,6.958607314841775
CHEMBL3668526,CDK9,111.0,nM,COc1ccc(F)cc1-c1ccnc2[nH]c(C3=CCN(CC(=O)N(C)C)[C@H](CO)C3)cc12,6.954677021213342
CHEMBL4461579,CDK6,111.0,nM,Cc1nc2c(F)cc(-c3nc(Nc4ccc5c(n4)CCN(CCN(C)C(=S)n4ccnc4)C5)ncc3F)cc2n1C(C)C,6.954677021213342
CHEMBL3702205,CDK6,111.0,nM,O[C@H]1CCN(c2ccc(Nc3ncc4c5ccccc5n(C5CCCC5)c4n3)nc2)C1,6.954677021213342
CHEMBL3702138,CDK6,112.0,nM,c1cc2c3cnc(Nc4ccc(N5CCNCC5)cn4)cc3n(C3CCCC3)c2cn1,6.950781977329818
CHEMBL3698685,CDK6,112.0,nM,O=C(c1cnc(Nc2ncc3c4ccncc4n(C4CCCC4)c3n2)s1)N1CCNCC1,6.950781977329818
CHEMBL5569715,CDK1,112.0,nM,CC(C)(O)Cn1cc(-c2nc(NC3CCN(S(=O)(=O)C4CC4)CC3)ncc2C(F)(F)F)cn1,6.950781977329818
CHEMBL3641976,CDK4,112.0,nM,C[C@@H](O)Cn1c2cnccc2c2cnc(Nc3ccc(N4CCNC(C)(C)C4)nn3)nc21,6.950781977329818
CHEMBL5562769,CDK2,112.0,nM,CNCc1ccc(-n2cc(-c3nc(NC4CCN(S(C)(=O)=O)CC4)ncc3C#N)cn2)c(Cl)c1,6.950781977329818
CHEMBL5986250,CDK6,112.0,nM,Fc1cnc(Nc2ccc(N3CCOCC3)cn2)nc1-c1cc(F)c2c(c1)N(C1CCC1)CCO2,6.950781977329818
CHEMBL3691598,CDK4,112.0,nM,CN(C)C(=O)c1cc2cnc(Nc3ccc(C(=O)N4CC5CCC(C4)N5)cn3)nc2n1C1CCN(C2CC2)CC1,6.950781977329818
CHEMBL6152017,CDK2,112.3,nM,Clc1cnc2[nH]c(C3CCNCC3)cc2c1-c1cnn(CC2CC2)c1,6.949620243738542
CHEMBL5867735,CDK6,113.0,nM,Cc1nc2c(F)cc(-c3nc(Nc4ccc5c(n4)CN(CCN(C)C)C5=O)ncc3F)cc2n1C(C)C,6.94692155651658
CHEMBL3702087,CDK4,113.0,nM,COc1ccc2c3cnc(Nc4ccc(N5CCNCC5)cn4)nc3n(C3CCCC3)c2n1,6.94692155651658
CHEMBL3822619,CDK2,113.0,nM,CCc1nn(C2CCN(C(C)=O)CC2)cc1Nc1ncc(Cl)c(-c2cnn3ccccc23)n1,6.94692155651658
CHEMBL5423237,CDK1,113.96,nM,O=C(c1ccc(Cl)cc1)N1CCN(c2nnc(Cc3ccccc3)c3ccccc23)CC1,6.94324755943256
CHEMBL3918885,CDK9,114.0,nM,COc1ccc(F)cc1-c1ccnc2[nH]c(C3=CC4CCC(C3)N4CC(=O)N(C)C)cc12,6.943095148663527
CHEMBL3925253,CDK9,114.0,nM,COc1ccc(F)cc1-c1ccnc2[nH]c(C3=CC4CCC(C3)N4CC(=O)N(C)CCO)cc12,6.943095148663527
CHEMBL2036792,CDK2,114.0,nM,CNc1ncc2c(-c3ccc(N4CCNCC4)cc3)nn(CC3CCC(N)CC3)c2n1,6.943095148663527
CHEMBL6064669,CDK2,114.0,nM,CCN1CCC(c2ccc(Nc3ncc(F)c(-c4cc(F)c5nc6n(c5c4)C(C)(C)CC6)n3)nc2)CC1,6.943095148663527
CHEMBL3691675,CDK4,114.0,nM,CC(=O)N1[C@@H]2CC[C@H]1CN(c1ccc(Nc3ncc4cc(C(=O)N(C)C)n(C5CCCC5)c4n3)nc1)C(=O)C2,6.943095148663527
CHEMBL5598502,CDK9,114.6,nM,COc1cc(F)ccc1-c1cc(Nc2cnn(CCCCCC(=O)Nc3ccccc3N)c2)ncc1F,6.940815382368629
CHEMBL5424761,CDK2,114.62,nM,O=C(c1ccccc1)N1CCN(c2nnc(Cc3ccccc3)c3ccccc23)CC1,6.940739595878269
CHEMBL3933205,CDK9,115.0,nM,CN(C)C(=O)CN1CC=C(c2[nH]c3nccc4c3c2CN(C)c2ccccc2-4)CC1,6.939302159646388
CHEMBL5574741,CDK2,115.0,nM,Cn1cnc(S(=O)(=O)N2CCC(Nc3ncc(C#N)c(-c4cnn(CC(F)(F)F)c4)n3)CC2)c1,6.939302159646388
CHEMBL3641984,CDK4,115.0,nM,C[C@@H](O)Cn1c2cnccc2c2cnc(Nc3ccc(N4CCNC(C)(C)C4)cn3)nc21,6.939302159646388
CHEMBL3668534,CDK9,115.0,nM,COc1ccc(F)cc1-c1ccnc2[nH]c(C3=C[C@H](CO)N(CC(=O)N(C)C)CC3)cc12,6.939302159646388
CHEMBL3673491,CDK9,115.0,nM,COc1ccc(F)cc1-c1ccnc2[nH]c(C3=CC4CN(C(=O)C5CC(O)C5)CC4C3)cc12,6.939302159646388
CHEMBL5537062,CDK2,115.2,nM,CC[C@@H](CO)Nc1nc(NCc2ccc(NC(=O)C3CCN(C(C)=O)CC3)cc2)n2ncc(C(C)C)c2n1,6.938547520912807
CHEMBL4453095,CDK2,116.0,nM,Cc1nc2c(F)cc(-c3nc(Nc4ccc5c(n4)CCN(CCN(C)C)C5)ncc3F)cc2n1[C@H]1CC[C@H](C)CC1,6.935542010773082
CHEMBL1081105,CDK2,117.0,nM,N[C@H](CCc1cc(-c2ccc3cnccc3c2)no1)Cc1ccc(C(F)(F)F)cc1,6.931814138253838
CHEMBL4525034,CDK2,117.0,nM,CCOP(=O)(OCC)N(C)CCN1CCc2nc(Nc3ncc(F)c(-c4cc(F)c5nc(C)n(C(C)C)c5c4)n3)ccc2C1,6.931814138253838
CHEMBL3668547,CDK9,117.0,nM,COc1ccc(F)cc1-c1c(F)cnc2[nH]c(C3=CC4CN(S(C)(=O)=O)CC4C3)cc12,6.931814138253838
CHEMBL5976175,CDK2,117.0,nM,CCOP(=O)(OCC)N(C)CC[N+]1([O-])CCc2nc(Nc3ncc(F)c(-c4cc(F)c5nc(C)n(C(C)C)c5c4)n3)ccc2C1,6.931814138253838
CHEMBL5841163,CDK2,117.0,nM,CCN1CCN(c2ccc(Nc3ncc(F)c(-c4cc(F)c5nc6n(c5c4)C(C)(C)CC6)n3)nc2)CC1,6.931814138253838
CHEMBL2403092,CDK1,118.0,nM,COc1ccccc1-c1ccc(CNc2nc(NC3CCC(N)CC3)nc3c2ncn3C2CCCC2)cn1,6.928117992693874
CHEMBL5077271,CDK6,118.0,nM,CC(C)N1CCN(C(=O)c2ccc(Nc3ncc(F)c(-c4ccc5ncc(N(C)C)nc5c4)n3)nc2)CC1,6.928117992693874
CHEMBL5082230,CDK6,118.0,nM,Fc1cnc(Nc2ccc(N3CCNCC3)cn2)nc1-c1ccc2nccnc2c1,6.928117992693874
CHEMBL378420,CDK2,118.0,nM,Nc1nc(Nc2ccc(S(=O)(=O)NC(=O)CCN3CCOCC3)cc2)nn1C(=O)c1c(F)cccc1F,6.928117992693874
CHEMBL3668511,CDK9,118.0,nM,COc1ccc(F)cc1-c1ccnc2[nH]c(C3=CCN(CC(=O)N4CCC[C@H]4C(N)=O)CC3)cc12,6.928117992693874
CHEMBL6171632,CDK9,118.0,nM,O=C(c1cc(Cc2n[nH]c(=O)c3ccccc23)ccc1F)N1CCN(Cc2ccnc(Nc3cc(-c4ccc(F)c5ccoc45)ncn3)c2)CC1,6.928117992693874
CHEMBL2403086,CDK1,119.0,nM,NC1CCC(Nc2nc(NCc3ccc(-c4cccs4)cc3)c3ncn(C4CCCC4)c3n2)CC1,6.924453038607469
CHEMBL3691576,CDK4,119.0,nM,CN(C)C(=O)c1cc2cnc(Nc3ccc(C(=O)N4CC5CCC(C4)C5O)cn3)nc2n1C1CCCC1,6.924453038607469
CHEMBL5879318,CDK1,119.0,nM,CNCC(=O)N1CCc2nc(Nc3ncc(F)c(-c4cc(F)c5nc(C)n(C6CCC6)c5c4)n3)ccc2C1,6.924453038607469
CHEMBL3668560,CDK9,119.0,nM,COc1ccc(F)cc1-c1ccnc2[nH]c(C3=CC4CN(CC(=O)N5CC(O)C5)CC4C3)cc12,6.924453038607469
CHEMBL6020740,CDK9,120.0,nM,COc1ccc(C2(CCNc3cc(-c4ccc5ncn(Cc6cccc(F)c6)c5c4)c(Cl)cn3)CCNC2)cc1,6.920818753952375
CHEMBL452602,CDK9,120.0,nM,C[C@@H]1CNC[C@H](C(=O)Nc2ncc(SCc3ncc(C(C)(C)C)o3)s2)C1,6.920818753952375
CHEMBL3985017,CDK9,120.0,nM,CC(C)[C@H](NC1CC=C(c2[nH]c3nccc4c3c2CN(C)c2ccc(F)cc2-4)CC1)C(=O)O,6.920818753952375
CHEMBL525194,CDK2,120.0,nM,c1cnn2ncc(-c3ccnc(NC4CC4)n3)c2c1,6.920818753952375
CHEMBL3668411,CDK9,120.0,nM,CN1CCC(c2cc3c(-c4cccc(N(C)CCc5ccccc5)n4)ccnc3[nH]2)CC1,6.920818753952375
CHEMBL3961213,CDK9,120.0,nM,CN(C)C(=O)C1CC=C(c2[nH]c3nccc4c3c2CN(C)c2ccc(F)cc2-4)CC1,6.920818753952375
CHEMBL322568,CDK2,120.0,nM,CSc1ccc(Nc2nc(N)c(N=O)c(OCC3CCCCC3)n2)cc1,6.920818753952375
CHEMBL3668347,CDK9,120.0,nM,COc1cc(Cl)ccc1-c1ccnc2[nH]c(C3CNC(C)(C)CO3)cc12,6.920818753952375
CHEMBL3680383,CDK4,120.0,nM,C[C@H]1CC[C@H](n2c3cnccc3c3cnc(Nc4ccc5c(n4)CCN(C(=O)C(=O)O)C5)nc32)CC1,6.920818753952375
CHEMBL3589663,CDK9,120.0,nM,COc1cccc2c1[nH]c1c3ccccc3nc(C(=O)O)c21,6.920818753952375
CHEMBL438721,CDK2,120.0,nM,NS(=O)(=O)c1ccc(N/N=C2\C(=O)Nc3ccccc32)cc1,6.920818753952375
CHEMBL4878465,CDK9,120.0,nM,COc1ccc(F)cc1-c1ccnc2[nH]c(C3=CCC(N4CCC(C(=O)O)CC4)CC3)cc12,6.920818753952375
CHEMBL4848653,CDK9,120.0,nM,COc1ccc(F)cc1-c1c(F)cnc2[nH]c(C3=CCN([C@H]4CC[C@@H](CC(=O)O)CC4)CC3)cc12,6.920818753952375
CHEMBL378248,CDK2,120.0,nM,NCC(=O)NS(=O)(=O)c1ccc(Nc2nc(N)n(C(=O)c3c(F)cccc3F)n2)cc1,6.920818753952375
CHEMBL5287079,CDK2,120.0,nM,N[C@H](COc1cncc(-c2ccc3[nH]nc(NC(=O)c4ccccc4)c3c2)c1)c1ccccc1,6.920818753952375
CHEMBL3919796,CDK2,120.0,nM,COc1cc(F)ccc1-c1nc(Nc2cc(Br)cc(CS(C)(=O)=NC#N)c2)ncc1F,6.920818753952375
CHEMBL5985041,CDK9,120.0,nM,CCS(=O)(=O)NCC(=O)Nc1cc(-c2ccc3ncn(CC4CCOCC4)c3c2)c(Cl)cn1,6.920818753952375
CHEMBL3668406,CDK9,120.0,nM,CN1CCC(c2cc3c(-c4nc(NCC5CCOCC5)ccc4Cl)ccnc3[nH]2)CC1,6.920818753952375
CHEMBL3668360,CDK9,120.0,nM,NC1CCCC(c2cc3c(-c4cccc(NCc5ccccc5)n4)c(Cl)cnc3[nH]2)C1,6.920818753952375
CHEMBL3901731,CDK9,120.0,nM,CN1Cc2c(C3=CCN(C4CCC(=CC(=O)OC(C)(C)C)CC4)CC3)[nH]c3nccc(c23)-c2cc(F)ccc21,6.920818753952375
CHEMBL233553,CDK2,120.0,nM,CNS(=O)(=O)c1ccc(-c2ccc(/C=C3\SC(=N)NC3=O)o2)cc1,6.920818753952375
CHEMBL3951345,CDK9,120.0,nM,CN1Cc2c(C3=CCCN(S(C)(=O)=O)CC3)[nH]c3nccc(c23)-c2cc(F)ccc21,6.920818753952375
CHEMBL3663771,CDK9,120.0,nM,COc1ccc(C)cc1-c1ccnc2[nH]c(C3CCN(C)CC3)cc12,6.920818753952375
CHEMBL518826,CDK1,120.0,nM,CCCN(C)[C@H]1CCN(C(=O)c2ccc(Nc3nccc(-c4cnc(C)n4C(C)C)n3)cc2)C1,6.920818753952375
CHEMBL5763728,CDK9,120.0,nM,Fc1cccc(Cn2cnc3ccc(-c4cc(NC5CCCNC5)ncc4Cl)cc32)c1,6.920818753952375
CHEMBL202695,CDK2,120.0,nM,CN(C)S(=O)(=O)c1ccc(Nc2cc(N[C@H]3CC[C@H](N)CC3)nc3ncnn23)cc1,6.920818753952375
CHEMBL3894563,CDK9,120.0,nM,CCC1c2c(C3=CCN(S(C)(=O)=O)CC3)[nH]c3nccc(c23)-c2cc(F)ccc2N1C,6.920818753952375
CHEMBL5769969,CDK9,120.0,nM,Fc1cccc(Cn2cnc3ccc(-c4cc(NCC5(F)CCNCC5)ncc4Cl)cc32)c1,6.920818753952375
CHEMBL251740,CDK1,120.0,nM,COCc1cccc2[nH]c(-c3nn(C)c4ncc(-c5cncc6ccccc56)cc34)nc12,6.920818753952375
CHEMBL3943237,CDK9,120.0,nM,COc1ccc(F)cc1-c1c(C#N)cnc2[nH]c(C3=CC4CCC(C3)N4CC(=O)N(C)C)cc12,6.920818753952375
CHEMBL5191725,CDK9,120.0,nM,CC(C)n1cc(-c2ccnc3[nH]c(C4CCNCC4)cc23)ccc1=O,6.920818753952375
CHEMBL3892893,CDK9,120.0,nM,CN1Cc2c(C3=CCN(C4CCC(C(=O)O)CC4)CC3)[nH]c3nccc(c23)-c2ccccc21,6.920818753952375
CHEMBL249518,CDK1,120.0,nM,COCc1cccc2[nH]c(-c3n[nH]c4ncc(-c5cncc(CN(C)C)c5)cc34)nc12,6.920818753952375
CHEMBL3655765,CDK2,120.0,nM,CC[C@H](Nc1nc(NCc2cccc(F)c2)c2ncn(C(C)C)c2n1)[C@@H](C)O,6.920818753952375
CHEMBL272833,CDK1,120.0,nM,NS(=O)(=O)c1ccc(N/N=C2\C(=O)Nc3ccc4[nH]ncc4c32)cc1,6.920818753952375
CHEMBL368278,CDK1,120.0,nM,CCn1cnc2c(Nc3cccc(Cl)c3)nc(N[C@H]3CCC[C@@H](N)C3)nc21,6.920818753952375
CHEMBL186800,CDK2,121.0,nM,Nc1nc2ccc(C(=O)c3c(F)cccc3F)cn2c1C(=O)c1c(Cl)cccc1Cl,6.91721462968355
CHEMBL5401158,CDK6,121.6,nM,O=C(Nc1ccc(N2CCNCC2)cc1)c1n[nH]cc1Nc1cc(Oc2ccccc2)ncn1,6.915066425063284
CHEMBL4798690,CDK9,121.9,nM,CC(C)N1c2cc(Nc3nccc(-c4cccc(NC5CCCC5)c4)n3)ccc2N(C)C(=O)[C@H]1C,6.913996294381619
CHEMBL5870326,CDK2,122.0,nM,Cc1nc2c(F)cc(-c3nc(Nc4ccc5c(n4)CCN(C(=O)NCCN(C)C)C5)ncc3F)cc2n1C1CC1,6.913640169325252
CHEMBL189136,CDK2,122.0,nM,Nc1nc2ccc(C(=O)c3c(F)cccc3F)cn2c1C(=O)c1c(F)cccc1F,6.913640169325252
CHEMBL141247,CDK1,122.0,nM,O=C(Nc1ccccn1)Nc1cccc2c1[C@H]1CCCN1C2=O,6.913640169325252
CHEMBL3668537,CDK9,122.0,nM,COc1ccc(F)cc1-c1ccnc2[nH]c(C3=CCN(S(C)(=O)=O)C(C)(C)C3)cc12,6.913640169325252
CHEMBL3641929,CDK4,123.0,nM,O[C@@H]1CCN(c2ccc(Nc3ncc4c5ccncc5n([C@H]5CCC[C@H]5O)c4n3)nc2)C1,6.910094888560602
CHEMBL3702187,CDK4,123.0,nM,CN(C)C1CCN(c2ccc(Nc3ncc4c5ccncc5n([C@H]5CC[C@H](O)CC5)c4n3)nn2)CC1,6.910094888560602
CHEMBL245336,CDK2,123.0,nM,CNC(=O)CN1CCC(Nc2ncc(Cl)c(-c3c[nH]c4ccccc34)n2)CC1,6.910094888560602
CHEMBL5968635,CDK6,123.0,nM,CC(C)N1CCOc2c(F)cc(-c3nc(Nc4ccc(N5CCS(=O)(=O)CC5)c(F)c4)ncc3F)cc21,6.910094888560602
CHEMBL83443,CDK2,124.0,nM,CC(C)Cc1cc(-c2ccc[nH]2)c2c3c(ccc(F)c13)NC2=O,6.906578314837764
CHEMBL3668544,CDK9,124.0,nM,COc1ccc(F)cc1-c1c(F)cnc2[nH]c(C3=CCC(C(=O)O)CC3)cc12,6.906578314837764
CHEMBL4744627,CDK2,124.0,nM,C=CC(=O)N1CCc2cc(S(=O)(=O)N3CCCC(Nc4ncc(SCc5ncc(C(C)(C)C)o5)s4)C3)ccc21,6.906578314837764
CHEMBL3967592,CDK2,124.0,nM,O=C1NCC2(CCCCC2)n2c1cc1cnc(Nc3ccc(C(=O)N4CCNCC4)cn3)nc12,6.906578314837764
CHEMBL5870086,CDK2,124.0,nM,C=CC(=O)N1CCc2cc(S(=O)(=O)N3CCC[C@@H](Nc4ncc(SCc5ncc(C(C)(C)C)o5)s4)C3)ccc21,6.906578314837764
CHEMBL5542804,CDK2,124.7,nM,CC[C@H](CO)Nc1nc(NCc2ccc(NC(=O)C3CCN(C(C)=O)CC3)cc2)n2ncc(C(C)C)c2n1,6.904133546521457
CHEMBL5557384,CDK1,124.7,nM,CC(C)N1CCN(C(=O)c2ccnc(Nc3cc(-c4ccc5nnn(C(C)C)c5c4)ccn3)c2)CC1,6.904133546521457
CHEMBL3668561,CDK9,125.0,nM,COc1ccc(F)cc1-c1ccnc2[nH]c(C3=CC4CN(CC(=O)N5CCC[C@H]5CO)CC4C3)cc12,6.903089986991944
CHEMBL3702137,CDK4,125.0,nM,c1cc2c3cnc(Nc4ccc(N5CCNCC5)cn4)cc3n(Cc3ccsc3)c2cn1,6.903089986991944
CHEMBL5415967,CDK6,125.31,nM,O=C(Nc1ccc(N2CCNCC2)cc1)c1n[nH]cc1Nc1cc(C2CC2)ncn1,6.902014270015217
CHEMBL3691605,CDK4,125.5,nM,CCOC(=O)N1C2CCC1CN(C(=O)c1ccc(Nc3ncc4cc(C(=O)N(C)C)n(C5CCCC5)c4n3)nc1)C2,6.901356274182943
CHEMBL3668503,CDK9,126.0,nM,COc1ccc(F)cc1-c1c(C#N)cnc2[nH]c(C3=CCN(CC(=O)N(C)C)CC3)cc12,6.899629454882437
CHEMBL3698686,CDK4,126.0,nM,Cc1cc(N2CCNCC2)cnc1Nc1ncc2c3ccncc3n(C3CCCC3)c2n1,6.899629454882437
CHEMBL4746993,CDK2,126.0,nM,C=CC(=O)Nc1ccc(C(=O)N2CCCC(Nc3ncc(SCc4ncc(C(C)(C)C)o4)s3)C2)c(OC)c1,6.899629454882437
CHEMBL5964401,CDK1,126.0,nM,CCC(CC)n1c(C)nc2c(F)cc(-c3nc(Nc4ccc5c(n4)CCNC5)ncc3F)cc21,6.899629454882437
CHEMBL319903,CDK1,126.0,nM,NS(=O)(=O)c1ccc(Nc2cc(-c3ccc(Br)cc3)[nH]n2)cc1,6.899629454882437
CHEMBL5900559,CDK2,126.0,nM,C=CC(=O)Nc1ccc(C(=O)N2CCC[C@@H](Nc3ncc(SCc4ncc(C(C)(C)C)o4)s3)C2)c(OC)c1,6.899629454882437
CHEMBL5411451,CDK4,126.0,nM,Cc1ccc(/C=N/n2c(S)nnc2-c2c[nH]c3ccccc23)cc1,6.899629454882437
CHEMBL5900599,CDK2,126.0,nM,CCn1c(C)nc2c(F)cc(-c3nc(Nc4ccc5c(n4)CCNC5)ncc3F)cc21,6.899629454882437
CHEMBL192374,CDK1,126.0,nM,Clc1cccc(CNc2nc(Nc3ccc4[nH]cnc4c3)ncc2Br)c1Cl,6.899629454882437
CHEMBL4754326,CDK9,126.4,nM,COc1cccc(-c2ccnc(Nc3ccc4c(c3)N(C(C)C)[C@H](C)C(=O)N4C)n2)c1,6.898252926053633
CHEMBL5424372,CDK1,126.47,nM,COc1ccc(NC(=S)N2CCN(c3nnc(Cc4ccccc4)c4ccccc34)CC2)cc1,6.8980124814417
CHEMBL5755607,CDK9,127.0,nM,Cc1nc2c(F)cc(-c3nc(Nc4ccc5c(n4)CCN(CCN=C(N)N)C5)ncc3F)cc2n1C(C)C,6.896196279044043
CHEMBL4446626,CDK9,127.0,nM,Cc1nc2c(F)cc(-c3nc(Nc4ccc5c(n4)CCN(CCN(C)C)C5)ncc3F)cc2n1C1CCCC1,6.896196279044043
CHEMBL6176976,CDK6,127.0,nM,Cc1cc(=O)n(C2CCCC2)c2nc(NCCC3CCN(C(=O)c4cc(Cc5n[nH]c(=O)c6ccccc56)ccc4F)CC3)ncc12,6.896196279044043
CHEMBL312273,CDK2,127.0,nM,CC(=O)NCCNc1cc(-c2ccc[nH]2)c2c3c(ccc(F)c13)NC2=O,6.896196279044043
CHEMBL2103840,CDK4,127.0,nM,CCc1cnn2c(NCc3ccc[n+]([O-])c3)cc(N3CCCC[C@H]3CCO)nc12,6.896196279044043
CHEMBL5956369,CDK2,128.0,nM,Cc1nc2c(F)cc(-c3nc(Nc4ccc5c(n4)CCNC5)ncc3F)cc2n1C1CCCC1,6.892790030352131
CHEMBL5879318,CDK2,129.0,nM,CNCC(=O)N1CCc2nc(Nc3ncc(F)c(-c4cc(F)c5nc(C)n(C6CCC6)c5c4)n3)ccc2C1,6.889410289700751
CHEMBL3698680,CDK6,129.0,nM,CC(C)(CO)Cn1c2cnccc2c2cnc(Nc3ccc(N4CCNCC4)cn3)nc21,6.889410289700751
CHEMBL3641930,CDK4,129.0,nM,C[C@@H](CO)n1c2cnccc2c2cnc(Nc3ccc(N4CCC(N(C)C)CC4)nn3)nc21,6.889410289700751
CHEMBL6169949,CDK2,129.3,nM,O=C(NNC(=O)c1oc2ccccc2c1CN1CCN(c2ccccc2)CC1)Nc1ccccc1,6.888401475119606
CHEMBL5518081,CDK9,129.4,nM,CC(=O)Nc1ccc(CNc2nc(NC3COC3)nc3c(C(C)C)cnn23)cc1,6.888065723667319
CHEMBL5512517,CDK9,129.65,nM,CC[C@@H](CO)Nc1cc(NCc2ccc(NC(C)=O)cc2)n2ncc(C(C)C)c2n1,6.88722747889463
CHEMBL1944698,CDK2,130.0,nM,CN1C/C=C/CCOc2cccc(c2)-c2ccnc(n2)Nc2cccc(c2)C1,6.886056647693163
CHEMBL3668504,CDK9,130.0,nM,CCN(C(=O)O)S(=O)(=O)N1CC=C(c2cc3c(-c4cc(F)ccc4OC)c(F)cnc3[nH]2)CC1,6.886056647693163
CHEMBL412091,CDK1,130.0,nM,NS(=O)(=O)c1ccc(N/N=C2\C(=O)Nc3ccc(S(=O)(=O)O)cc32)cc1,6.886056647693163
CHEMBL5928520,CDK9,130.0,nM,Fc1cccc(Cn2cnc3ccc(-c4cc(NC5CCC56CCNCC6)ncc4Cl)cc32)c1,6.886056647693163
CHEMBL5835954,CDK9,130.0,nM,COC(=O)c1ccc(Cn2cnc3ccc(-c4cc(NC(=O)[C@@H]5CCCNC5)ncc4Cl)cc32)cc1,6.886056647693163
CHEMBL5759444,CDK9,130.0,nM,N#CC1(Cc2cc(N3CCC[C@@H](C(N)=O)C3)ncc2Cl)CCOCC1,6.886056647693163
CHEMBL409868,CDK1,130.0,nM,CN(C)C(=O)c1ccc2c(c1)/C(=N/Nc1ccc(S(N)(=O)=O)cc1)C(=O)N2,6.886056647693163
CHEMBL408210,CDK1,130.0,nM,CCOC(=O)c1cccc2c1/C(=C/Nc1ccc(S(N)(=O)=O)cc1)C(=O)N2,6.886056647693163
CHEMBL3934141,CDK2,130.0,nM,COc1cc(CS(C)(=O)=NC#N)cc(Nc2ncc(F)c(-c3ccc(F)cc3OC)n2)c1,6.886056647693163
CHEMBL3663755,CDK9,130.0,nM,CN1CCCC(c2cc3c(-c4cccc(NCc5ccccc5)n4)ccnc3[nH]2)C1,6.886056647693163
CHEMBL5808947,CDK9,130.0,nM,Nc1cc(-c2ccc3ncn(Cc4cccc(F)c4)c3c2)c(Cl)cn1,6.886056647693163
CHEMBL3644028,CDK1,130.0,nM,C#CCOc1nc(Nc2ccc(S(C)(=O)=O)cc2)ncc1C(F)(F)F,6.886056647693163
CHEMBL5988623,CDK9,130.0,nM,CN1CCN(S(=O)(=O)CC(=O)Nc2cc(-c3ccc4ncn(Cc5cccc(F)c5)c4c3)c(Cl)cn2)CC1,6.886056647693163
CHEMBL5412043,CDK9,130.0,nM,O=C1CCC(N2C(=O)c3cccc(OCCCCCn4cc(CCCCCN5CCC(NC(=O)c6n[nH]cc6NC(=O)c6c(Cl)cccc6Cl)CC5)nn4)c3C2=O)C(=O)N1,6.886056647693163
CHEMBL5750857,CDK9,130.0,nM,Fc1cccc(Cn2cnc3ccc(-c4cc(N[C@@H]5CCC[C@H]6CCNC[C@H]65)ncc4Cl)cc32)c1,6.886056647693163
CHEMBL232557,CDK1,130.0,nM,Cc1cc(N2CCCS2(=O)=O)c2oc(-c3ccc(O)c(O)c3)c(O)c(=O)c2c1,6.886056647693163
CHEMBL451462,CDK1,130.0,nM,Cc1ncc(-c2nc(Nc3ccc(C(=O)N4CCN(C)CC4)cc3)ncc2F)n1C(C)C,6.886056647693163
CHEMBL3648071,CDK1,130.0,nM,C[C@@H](O)[C@@H](C)Nc1nc(Nc2ccc(S(C)(=N)=O)cc2)ncc1Br,6.886056647693163
CHEMBL5993518,CDK9,130.0,nM,CS(=O)(=O)N1CCC2(C1)C(C(=O)Nc1cc(-c3ccc4ncn(Cc5cccc(F)c5)c4c3)c(Cl)cn1)CCS2(=O)=O,6.886056647693163
CHEMBL3668404,CDK9,130.0,nM,CN1CCC(c2cc3c(-c4nc(N)ccc4Cl)ccnc3[nH]2)CC1,6.886056647693163
CHEMBL3901136,CDK9,130.0,nM,CN1Cc2c(C3=CCCN(C4CCC(=CC(=O)O)CC4)CC3)[nH]c3nccc(c23)-c2cc(F)ccc21,6.886056647693163
CHEMBL3648080,CDK2,130.0,nM,C[C@H](O)[C@@H](C)Nc1nc(Nc2ccc(S(=O)(CC=O)=NS(=O)(=O)CC[Si](C)(C)C)cc2)ncc1Br,6.886056647693163
CHEMBL5981968,CDK9,130.0,nM,NC(=O)NC(=O)/C=C/C(=O)Nc1cc(-c2ccc3ncn(Cc4cccc(F)c4)c3c2)c(Cl)cn1,6.886056647693163
CHEMBL3924252,CDK9,130.0,nM,OCC(O)CN1CC=C(c2[nH]c3nccc4c3c2COc2ccc(F)cc2-4)CC1,6.886056647693163
CHEMBL3982411,CDK9,130.0,nM,CN1Cc2c(-c3ccncc3)[nH]c3nccc(c23)-c2cc(F)ccc21,6.886056647693163
CHEMBL3921963,CDK9,130.0,nM,CN1Cc2c(C3=CCCN(S(C)(=O)=O)C3)[nH]c3nccc(c23)-c2cc(F)ccc21,6.886056647693163
CHEMBL3975945,CDK9,130.0,nM,CCC[C@H](NC1CC=C(c2[nH]c3nccc4c3c2CN(C)c2ccc(F)cc2-4)CC1)C(=O)O,6.886056647693163
CHEMBL3975453,CDK9,130.0,nM,CN1Cc2c(C3=CCN(C4CCC(C(C)(C)C(=O)O)CC4)CC3)[nH]c3nccc(c23)-c2cc(F)ccc21,6.886056647693163
CHEMBL5887656,CDK9,130.0,nM,O=C(Nc1cc(-c2ccc3ncn(Cc4cccc(F)c4)c3c2)c(Cl)cn1)C1CCC(O)(C(F)(F)F)CC1,6.886056647693163
CHEMBL5171361,CDK9,130.0,nM,COCCn1cc(-c2ccnc3[nH]c(C4CCN(CC(=O)N(C)C)CC4)cc23)ccc1=O,6.886056647693163
CHEMBL5996867,CDK9,130.0,nM,Cc1ccc(C2(CCNc3cc(-c4ccc5ncn(Cc6cccc(F)c6)c5c4)c(Cl)cn3)CCNCC2)cc1,6.886056647693163
CHEMBL133498,CDK1,130.0,nM,CN1CC[C@H](c2c(O)cc(O)c3c(=O)cc(Oc4ccccc4Cl)oc23)[C@H](O)C1,6.886056647693163
CHEMBL5869709,CDK9,130.0,nM,O=C(Nc1cc(-c2ccc3ncn(CC4CCOCC4)c3c2)c(Cl)cn1)C1CC2(CNC2)C1,6.886056647693163
CHEMBL4849746,CDK9,130.0,nM,COc1ccc(F)cc1-c1ccnc2[nH]c(C3=CCC(N4CCN(CC(=O)O)CC4)CC3)cc12,6.886056647693163
CHEMBL1336,CDK6,130.0,nM,CNC(=O)c1cc(Oc2ccc(NC(=O)Nc3ccc(Cl)c(C(F)(F)F)c3)cc2)ccn1,6.886056647693163
CHEMBL6014160,CDK9,130.0,nM,Fc1cccc(Cn2cnc3ccc(-c4cc(NCCc5ccncc5)ncc4Cl)cc32)c1,6.886056647693163
CHEMBL3702139,CDK6,131.0,nM,c1csc(Cn2c3cnccc3c3cnc(Nc4ccc(N5CCNCC5)cn4)cc32)c1,6.882728704344236
CHEMBL3902691,CDK9,131.0,nM,COc1ccc(F)cc1-c1ccnc2[nH]c(C3=CC4CCC(C3)N4C(=O)CN3CC(O)C3)cc12,6.882728704344236
CHEMBL4213756,CDK1,132.0,nM,COCCN1CCc2nc(Nc3ncc(F)c(-c4cc(F)c5nc(C)n(C(C)C)c5c4)n3)ccc2C1,6.8794260687941495
CHEMBL6152166,CDK6,132.0,nM,CC(=O)N1CCC2(CC1)CC(=O)c1ccc(-c3nc(Nc4ccc(C(=O)N5CCN(C)CC5)cn4)ncc3F)cc1O2,6.8794260687941495
CHEMBL5853767,CDK1,133.0,nM,Cc1nc2c(F)cc(-c3nc(Nc4ccc5c(n4)CCN(C[C@@H]4CNCCO4)C5)ncc3F)cc2n1C(C)C,6.876148359032914
CHEMBL5838972,CDK1,133.0,nM,O=C(c1ccc(Nc2ncc3cc4n(c3n2)C2(CCCCC2)C(=O)NN4)cc1)N1CCNCC1,6.876148359032914
CHEMBL5935906,CDK9,133.0,nM,CNCCN1CCc2nc(Nc3ncc(F)c(-c4cc(F)c5nc(C)n(C6CC6)c5c4)n3)ccc2C1,6.876148359032914
CHEMBL2011927,CDK2,133.0,nM,COc1ccc(-c2nc3c(OCC4CCNCC4)c(Br)cnc3[nH]2)cc1,6.876148359032914
CHEMBL5811976,CDK1,133.0,nM,Cc1nc2c(F)cc(-c3nc(Nc4ccc5c(n4)CCN(C[C@@H]4CNCCO4)C5)ncc3F)cc2n1C(C)(C)C,6.876148359032914
CHEMBL4207218,CDK1,133.8,nM,CCN1CCC(Cc2cnc(Nc3cc(-c4cc(F)c5nc(C)n(C(C)C)c5c4)ncn3)cn2)CC1,6.8735438865681955
CHEMBL6160547,CDK6,134.0,nM,CCC1CCC2(CC1)CC(=O)c1ccc(-c3nc(Nc4ccc(N5CCN(C)CC5)cn4)ncc3F)cc1O2,6.872895201635192
CHEMBL1271898,CDK4,134.0,nM,CC(C)c1n[nH]c(Cl)c1-c1ccnc(Nc2ccc(C3CCNCC3)cn2)n1,6.872895201635192
CHEMBL4303287,CDK9,134.0,nM,CN(C)C/C=C/C(=O)Nc1cccc(C(=O)Nc2cccc(Nc3ncc(Cl)c(-c4c[nH]c5ccccc45)n3)c2)c1,6.872895201635192
CHEMBL5779951,CDK6,134.0,nM,CC(C)N1CCOc2c(F)cc(-c3nc(Nc4ccc(N5CCOCC5)c(F)c4)ncc3F)cc21,6.872895201635192
CHEMBL5561839,CDK2,134.2,nM,CC(C)n1nnc2ccc(-c3ccnc(Nc4cc(C(=O)N5CCCC5)ccn4)c3)cc21,6.872247484167026
CHEMBL4461442,CDK2,135.0,nM,Cc1nc2c(F)cc(-c3nc(Nc4ccc5c(n4)CCN(CCN(C)P(C)(C)=O)C5)ncc3F)cc2n1C(C)C,6.8696662315049934
CHEMBL5925248,CDK2,135.0,nM,Cc1nc2c(F)cc(-c3nc(Nc4ccc5c(n4)CCN(C[C@H](C)N(C)C)C5)ncc3F)cc2n1C1CC1,6.8696662315049934
CHEMBL194124,CDK1,135.0,nM,Cc1ccccc1Sc1nc(Nc2ccc3[nH]cnc3c2)ncc1C(F)(F)F,6.8696662315049934
CHEMBL6002674,CDK1,135.0,nM,CNCCN1CCc2nc(Nc3ncc(F)c(-c4cc(F)c5nc(C)n(C(C)(C)C)c5c4)n3)ccc2C1,6.8696662315049934
CHEMBL3823278,CDK2,135.0,nM,CC(=O)N1CCC(n2cc(Nc3ncc(Cl)c(-c4cnc5ccccn45)n3)c(C)n2)CC1,6.8696662315049934
CHEMBL3668532,CDK9,135.0,nM,COc1ccc(F)cc1-c1c(F)cnc2[nH]c(C3=CCN(CC(=O)N4CC(O)C4)CC3)c(C#N)c12,6.8696662315049934
CHEMBL1081437,CDK2,135.0,nM,N[C@H](CNc1nnc(-c2ccc3[nH]nc(C4CC4)c3c2)s1)Cc1ccc(C(F)(F)F)cc1,6.8696662315049934
CHEMBL2011926,CDK2,135.0,nM,COc1ccc(-c2nc3c(NCC4CCNCC4)c(Br)cnc3[nH]2)cc1,6.8696662315049934
CHEMBL5435746,CDK2,135.01,nM,O=C(Nc1ccc(N2CCNCC2)cc1)c1n[nH]cc1Nc1cc(OC2CCCC2)ncn1,6.869634062734793
CHEMBL4208504,CDK1,135.5,nM,CCN1CCN(Cc2cnc(Nc3cc(-c4cc(F)c5nc(C)n(C(C)C)c5c4)ncn3)cn2)CC1,6.868060704789576
CHEMBL1081296,CDK2,136.0,nM,N[C@H](CNc1ncc(-c2ccc3cncnc3c2)s1)Cc1ccc(C(F)(F)F)cc1,6.866461091629782
CHEMBL3698678,CDK4,136.0,nM,Oc1cc2c3cnc(Nc4ccc(N5CCNCC5)cn4)nc3n(C3CCCC3)c2cn1,6.866461091629782
CHEMBL6166339,CDK2,136.4,nM,Nc1cc(-c2c[nH]c3ccccc23)nn1-c1nc(Nc2ccc(Br)cc2)nc(N2CCOCC2)n1,6.86518562967954
CHEMBL5598168,CDK9,136.6,nM,CCCCNNC(=O)c1ccc(Cn2cc(Nc3cc(-c4cccc(NCC5(C#N)CCOCC5)n4)c(Cl)cn3)cn2)cc1,6.864549300654486
CHEMBL565211,CDK2,137.0,nM,CNC(=O)c1nn(C)c2c1C(C)(C)Cc1cnc(Nc3ccc(N4CCOCC4)cc3)nc1-2,6.863279432843593
CHEMBL6167764,CDK2,137.2,nM,COc1ccc(NC(=O)NNC(=O)c2oc3ccccc3c2CN2CCN(c3ccccc3)CC2)cc1,6.862645888629267
CHEMBL5423237,CDK2,137.54,nM,O=C(c1ccc(Cl)cc1)N1CCN(c2nnc(Cc3ccccc3)c3ccccc23)CC1,6.861570979993996
CHEMBL5595728,CDK9,137.75,nM,CS(=O)(=O)c1ccccc1Nc1nc(N[C@H]2CC[C@H](N)CC2)ncc1Cl,6.860908392476177
CHEMBL3673492,CDK9,138.0,nM,COc1ccc(F)cc1-c1c(C#N)cnc2[nH]c(C3=CC4CN(CC(=O)N5CCC[C@H]5CO)CC4C3)cc12,6.860120913598763
CHEMBL1081852,CDK2,138.0,nM,N[C@H](CNc1ncc(-c2ccc3[nH]c(=O)oc3c2)s1)Cc1ccc(C(F)(F)F)cc1,6.860120913598763
CHEMBL524266,CDK2,138.0,nM,Nc1nccc(-c2cc3c([nH]2)[C@@H](CCF)CNC3=O)n1,6.860120913598763
CHEMBL4466497,CDK1,139.0,nM,Cc1nc2c(F)cc(-c3nc(Nc4ccc5c(n4)CCN(CCN(C)C)C5)ncc3F)cc2n1C(C)(C)C,6.856985199745905
CHEMBL3668557,CDK9,139.0,nM,COc1ccc(F)cc1-c1ccnc2[nH]c(C3=CCN(C4CCC(C(=O)O)CC4)CC3)cc12,6.856985199745905
CHEMBL4214634,CDK1,139.7,nM,COCCN1CCN(Cc2cnc(Nc3cc(-c4cc(F)c5nc(C)n(C(C)C)c5c4)ncn3)cn2)CC1,6.854803593885818
CHEMBL5593612,CDK9,139.8,nM,CC(C)S(=O)(=O)c1ccccc1Nc1nc([C@H]2CC[C@H](O)CC2)ncc1Cl,6.854492828590337
CHEMBL5197170,CDK1,140.0,nM,CC(C)n1cc(-c2ccnc3[nH]c(C4CCN(CC(=O)N5CCCCC5)CC4)cc23)ccc1=O,6.853871964321762
CHEMBL496569,CDK2,140.0,nM,O=C(Nc1c[nH]nc1-c1nc2cc(CN3CCOCC3)ccc2[nH]1)c1ccccc1,6.853871964321762
CHEMBL3919423,CDK9,140.0,nM,CN(CC(O)CO)C(=O)CN1[C@H]2CC[C@@H]1C=C(c1[nH]c3nccc4c3c1CN(C)c1ccc(F)cc1-4)C2,6.853871964321762
CHEMBL463580,CDK2,140.0,nM,O=C(Nc1c[nH]nc1C(=O)Nc1ccc(F)cc1)c1ccccc1,6.853871964321762
CHEMBL388956,CDK2,140.0,nM,COc1c(O)cc2c3c(cc4ccc(O)cc4c13)NC2=O,6.853871964321762
CHEMBL457388,CDK2,140.0,nM,O=C(NC1CCNCC1)c1n[nH]cc1NC(=O)c1c(F)cccc1F,6.853871964321762
CHEMBL3668456,CDK9,140.0,nM,COc1ccc(F)cc1-c1ccnc2[nH]c(C3CN(S(C)(=O)=O)C3)cc12,6.853871964321762
CHEMBL212264,CDK2,140.0,nM,Nc1nc(Nc2ccc(S(=O)(=O)NC(=O)[C@H](N)CO)cc2)nn1C(=O)c1c(F)cccc1F,6.853871964321762
CHEMBL2158864,CDK2,140.0,nM,CNC(=O)Nc1ccc(-c2cc(-c3ccnc(Nc4ccc(Cl)c(S(=O)(=O)NC)c4)n3)ccn2)cc1,6.853871964321762
CHEMBL5431823,CDK4,140.0,nM,COc1ccc(/C=N/n2c(S)nnc2-c2c[nH]c3ccccc23)cc1,6.853871964321762
CHEMBL6046321,CDK6,140.0,nM,C=C(CN(C)C)N1CCc2nc(Nc3ncc(F)c(-c4cc(F)c5nc(C)n(C(C)C)c5c4)n3)ccc2C1,6.853871964321762
CHEMBL5836133,CDK9,140.0,nM,O=C(Nc1cc(-c2ccc3ncn(CC4CCOCC4)c3c2)c(Cl)cn1)C1C[C@H]2CNC[C@H]2C1,6.853871964321762
CHEMBL454646,CDK2,140.0,nM,CC1CNCC(C(=O)Nc2ncc(SCc3ncc(C(C)(C)C)o3)s2)C1,6.853871964321762
CHEMBL211514,CDK2,140.0,nM,Cc1ccc(Cl)c(N(CC#N)c2cc(Nc3ccc(OC[C@@H](O)CN(C)C)cc3)ncn2)c1,6.853871964321762
CHEMBL590109,CDK2,140.0,nM,NCCn1cc(-c2cc(-c3cc4ccccc4s3)c3[nH]ncc3c2)c2nc(N)ncc21,6.853871964321762
CHEMBL457887,CDK4,140.0,nM,Cc1ncc(-c2ccnc(Nc3ccc(S(=O)(=O)CCCN(C)C)cc3)n2)n1C(C)C,6.853871964321762
CHEMBL3702076,CDK4,140.0,nM,CN(C)C1CCN(c2ccc(Nc3ncc4c5ccnc(F)c5n(CC5CC5)c4n3)nn2)CC1,6.853871964321762
CHEMBL1235529,CDK2,140.0,nM,O=S1(=O)NCCCNc2nc(ncc2Br)Nc2cccc1c2,6.853871964321762
CHEMBL5858868,CDK9,140.0,nM,O=C(Nc1cc(-c2cnc3nnn(Cc4cccc(F)c4)c3n2)c(Cl)cn1)[C@@H]1CCCNC1,6.853871964321762
CHEMBL5861172,CDK9,140.0,nM,O=C(Nc1cc(-c2ccc3cnn(Cc4cccc(F)c4)c3c2)c(Cl)cn1)[C@@H]1CCCNC1,6.853871964321762
CHEMBL5952864,CDK6,140.0,nM,Cc1nc2c(F)cc(-c3nc(Nc4ncc5c(n4)CCN(C(=O)CN(C)C)C5)ncc3F)cc2n1C(C)C,6.853871964321762
CHEMBL4759053,CDK9,140.0,nM,CC(=O)N[C@@H]1CCC[C@H](C(=O)Nc2cc(-c3cnn4ccccc34)c(Cl)cn2)C1,6.853871964321762
CHEMBL3642655,CDK2,140.0,nM,CN1CCN(c2cc(NCc3cccnc3)n3ncc(Br)c3n2)CC1,6.853871964321762
CHEMBL203407,CDK1,140.0,nM,NS(=O)(=O)c1ccc(Nc2cc(OC3CCCCC3)nc3ncnn23)cc1,6.853871964321762
CHEMBL173608,CDK1,140.0,nM,CCn1cnc2c(Nc3cccc(C(F)(F)F)c3)nc(N[C@H]3CC[C@H](N)CC3)nc21,6.853871964321762
CHEMBL5930895,CDK4,141.0,nM,CC(C)N1CCOc2c(F)cc(-c3nc(Nc4cn(C5CCNCC5)cn4)ncc3F)cc21,6.85078088734462
CHEMBL3702106,CDK4,141.0,nM,COc1cc2c3cnc(Nc4ccc(N5CCNCC5)cn4)nc3n(C3CCCC3)c2nn1,6.85078088734462
CHEMBL5938059,CDK1,141.0,nM,Cc1nc2c(F)cc(-c3nc(Nc4ccc5c(n4)CCN(CCN)C5)ncc3F)cc2n1C(C)(C)C,6.85078088734462
CHEMBL6169890,CDK9,142.0,nM,COc1cc(F)ccc1-c1cc(NC(=O)[C@H]2CC[C@@H](NC(=O)c3cc(Cc4n[nH]c(=O)c5ccccc45)ccc3F)CC2)ncc1F,6.847711655616944
CHEMBL3702088,CDK4,142.0,nM,Oc1ccc2c3cnc(Nc4ccc(N5CCNCC5)cn4)nc3n(C3CCCC3)c2n1,6.847711655616944
CHEMBL6021833,CDK2,143.0,nM,Cc1nc2c(F)cc(-c3nc(Nc4ccc5c(n4)CCNC5)ncc3F)cc2n1C1CC1,6.844663962534938
CHEMBL3641942,CDK4,143.0,nM,C[C@H](CO)n1c2cnccc2c2cnc(Nc3ccc(N4CCNCC4)nn3)nc21,6.844663962534938
CHEMBL4448494,CDK1,143.0,nM,Cc1nc2c(F)cc(-c3nc(Nc4ccc5c(n4)CCN(CCN(C)C)C5)ncc3F)cc2n1C(C)C,6.844663962534938
CHEMBL3641908,CDK4,144.0,nM,CN(C)C1CCN(c2ccc(Nc3ncc4c5ccncc5n([C@@H]5CCNC5)c4n3)nc2)CC1,6.84163750790475
CHEMBL5991763,CDK4,145.0,nM,CC1CN(c2ccc(Nc3ncc(F)c(-c4cc(F)c5c(c4)N(C(C)C)CCO5)n3)nc2)CC(C)O1,6.838631997765026
CHEMBL3702090,CDK4,145.0,nM,Cn1c(=O)ccc2c3cnc(Nc4ccc(N5CC[C@@H](O)C5)cn4)nc3n(C3CCCC3)c21,6.838631997765026
CHEMBL6176478,CDK2,145.0,nM,N[C@H]1CCN(c2c3cc(-c4ccnc(NC(=O)C5CC5)c4)ccc3nc3c2[nH]c2ccccc23)C1,6.838631997765026
CHEMBL555205,CDK1,146.0,nM,COc1ccc2sc3c(c2c1)NC[C@@H](CN)NC3=O,6.835647144215563
CHEMBL5775801,CDK2,146.0,nM,Cc1nc2c(F)cc(-c3nc(Nc4ccc5c(n4)CCNC5)ncc3F)cc2n1C1CCCCC1,6.835647144215563
CHEMBL3641911,CDK4,146.0,nM,OCCCn1c2cnccc2c2cnc(Nc3ccc(N4CCNCC4)nn3)nc21,6.835647144215563
CHEMBL5892074,CDK1,146.0,nM,CS(=N)(=O)c1ccc(Nc2ncc3cc4n(c3n2)C2(CCCCC2)C(=O)NN4)cc1,6.835647144215563
CHEMBL5426856,CDK6,146.0,nM,Sc1nnc(-c2c[nH]c3ccccc23)n1/N=C/c1cccc(Br)c1,6.835647144215563
CHEMBL5556607,CDK2,146.0,nM,CC(C)(O)Cn1cc(-c2nc(NC3CCN(S(=O)(=O)C4CC4)CC3)ncc2C#N)cn1,6.835647144215563
CHEMBL4855785,CDK2,146.85,nM,Cc1n[nH]c2ccc(-c3cncc(NC(CO)c4ccccc4)n3)cc12,6.833126049141181
CHEMBL4461579,CDK2,147.0,nM,Cc1nc2c(F)cc(-c3nc(Nc4ccc5c(n4)CCN(CCN(C)C(=S)n4ccnc4)C5)ncc3F)cc2n1C(C)C,6.8326826652518236
CHEMBL4204961,CDK4,147.3,nM,CCN1CCN(Cc2ccc(Nc3ncc(F)c(-c4cc(F)c5nc6n(c5c4)CCCCC6)n3)nc2)CC1,6.831797253157369
CHEMBL2403084,CDK1,148.0,nM,NC1CCC(Nc2nc(NCc3ccc(-c4ccco4)cc3)c3ncn(C4CCCC4)c3n2)CC1,6.8297382846050425
CHEMBL6011152,CDK9,148.0,nM,CC1(C)CCn2ncc(-c3cc(NC(=O)[C@H]4CCC[C@@H](N)C4)ncc3F)c2C1,6.8297382846050425
CHEMBL3668533,CDK9,149.0,nM,COc1ccc(F)cc1-c1c(F)cnc2[nH]c(C3=CCN(CC(=O)N4CCC[C@@H]4CO)CC3)c(C#N)c12,6.826813731587726
CHEMBL3702205,CDK4,149.0,nM,O[C@H]1CCN(c2ccc(Nc3ncc4c5ccccc5n(C5CCCC5)c4n3)nc2)C1,6.826813731587726
CHEMBL522464,CDK2,149.0,nM,Cn1cc(C2=C(c3coc4ccccc34)C(=O)NC2=O)c2cccc(CO)c21,6.826813731587726
CHEMBL3702090,CDK6,149.0,nM,Cn1c(=O)ccc2c3cnc(Nc4ccc(N5CC[C@@H](O)C5)cn4)nc3n(C3CCCC3)c21,6.826813731587726
CHEMBL73189,CDK2,150.0,nM,Cc1nc2ccccn2c1-c1ccnc(Nc2cccc(Cl)c2)n1,6.823908740944319
CHEMBL3984474,CDK9,150.0,nM,CN1CCc2c(C3=CCN([C@H]4C[C@@H](C(=O)O)C4)CC3)[nH]c3nccc(c23)-c2cc(F)ccc21,6.823908740944319
CHEMBL172848,CDK1,150.0,nM,CCn1cnc2c(Nc3ccc(F)cc3)nc(N[C@@H]3CCCC[C@@H]3N)nc21,6.823908740944319
CHEMBL1241566,CDK4,150.0,nM,Cc1ccc(F)c(Nc2nccc(-c3ccc(S(N)(=O)=O)cc3)n2)c1,6.823908740944319
CHEMBL3976471,CDK9,150.0,nM,CN1Cc2c(C3CCN(CC(=O)O)CC3)[nH]c3nccc(c23)-c2cc(F)ccc21,6.823908740944319
CHEMBL319170,CDK1,150.0,nM,COc1ccc2sc3c(c2c1)SCCNC3=O,6.823908740944319
CHEMBL4784363,CDK9,150.0,nM,CC(=O)N[C@@H]1CCC[C@H](C(=O)Nc2cc(-c3cnn4c3CC(C)(C)C4)c(C#N)cn2)C1,6.823908740944319
CHEMBL272668,CDK1,150.0,nM,NS(=O)(=O)c1ccc(N/C=C2\C(=O)Nc3ccc(C(=O)O)cc32)cc1,6.823908740944319
CHEMBL3960677,CDK2,150.0,nM,COc1cc(CS(C)(=N)=O)cc(Nc2ncc(F)c(-c3ccc(F)cc3OC)n2)c1,6.823908740944319
CHEMBL23525,CDK1,150.0,nM,CCC(C)(O)C#Cc1nc(NCc2ccc(N(C)C)cc2)c2ncn(C(C)C)c2n1,6.823908740944319
CHEMBL2012414,CDK1,150.0,nM,COC[C@H]1CCCN1C(=O)c1cc(Nc2ncc3cnn([C@@H]4C[C@H]5C[C@H]5C4)c3n2)cn1C,6.823908740944319
CHEMBL6059403,CDK9,150.0,nM,O=C(Nc1cc(-c2ccc3ncn(CC4CCOCC4)c3c2)c(Cl)cn1)[C@@H]1CCCNC1,6.823908740944319
CHEMBL3952541,CDK9,150.0,nM,CCOC(=O)C1c2c(C3=CCNCC3)[nH]c3nccc(c23)-c2cc(F)ccc2N1C,6.823908740944319
CHEMBL3668425,CDK9,150.0,nM,CN1CCC(c2cc3c(-c4nc(NCC5CCOC(C)(C)C5)ccc4Cl)ccnc3[nH]2)CC1,6.823908740944319
CHEMBL3702076,CDK6,150.0,nM,CN(C)C1CCN(c2ccc(Nc3ncc4c5ccnc(F)c5n(CC5CC5)c4n3)nn2)CC1,6.823908740944319
CHEMBL4741063,CDK9,150.0,nM,CC(=O)N[C@@H]1CCC[C@H](C(=O)Nc2cc(-c3cnn4c3CC(C)(C)C4)ccn2)C1,6.823908740944319
CHEMBL271952,CDK1,150.0,nM,NS(=O)(=O)c1ccc(N/N=C2\C(=O)Nc3ccc4[nH]nnc4c32)cc1,6.823908740944319
CHEMBL4074103,CDK9,150.0,nM,N#Cc1ccnc2[nH]c(-c3ccc(N4CCNCC4)cc3)cc12,6.823908740944319
CHEMBL3900994,CDK9,150.0,nM,CN1Cc2c(C3=CCN([C@H]4CC[C@H](C(=O)O)CC4)CC3)[nH]c3nccc(c23)-c2ccccc21,6.823908740944319
CHEMBL453895,CDK1,150.0,nM,Cc1ncc(-c2ccnc(Nc3ccc(C(=O)NC4CCN(C)CC4)c(F)c3)n2)n1C(C)C,6.823908740944319
CHEMBL3668368,CDK9,150.0,nM,CN1CCC(c2cc3c(-c4cccc(NCC5CCOC(C)(C)C5)n4)ccnc3[nH]2)CC1,6.823908740944319
CHEMBL4214123,CDK1,150.0,nM,Cc1nc2c(F)cc(-c3cc(Nc4cnc(CN5CCN(CC(F)(F)F)CC5)cn4)ncn3)cc2n1C(C)C,6.823908740944319
CHEMBL3927123,CDK9,150.0,nM,CN(C)C(=O)CN1CCC=C(c2[nH]c3nccc4c3c2CN(C)c2ccc(F)cc2-4)CC1,6.823908740944319
CHEMBL453129,CDK1,150.0,nM,CC(C)n1cnc2ccc3nc(C(=N)OCc4ccccc4)sc3c2c1=O,6.823908740944319
CHEMBL258040,CDK1,150.0,nM,O=C(Cc1ccc(N2CCCCC2)cc1)Nc1n[nH]c2ccc(N3CCCS3(=O)=O)cc12,6.823908740944319
CHEMBL3983369,CDK9,150.0,nM,CN1Cc2c(-c3ccc(C(=O)O)cc3)[nH]c3nccc(c23)-c2cc(F)ccc21,6.823908740944319
CHEMBL5914929,CDK9,150.0,nM,Fc1cccc(Cn2cnc3ccc(-c4cc(NCCNc5ccccc5)ncc4Cl)cc32)c1,6.823908740944319
CHEMBL3940113,CDK9,150.0,nM,CN1Cc2c(C3=CCC(C(=O)O)CC3)[nH]c3nccc(c23)-c2cc(F)ccc21,6.823908740944319
CHEMBL2012413,CDK1,150.0,nM,Cn1cc(Nc2ncc3cnn([C@@H]4C[C@H]5C[C@H]5C4)c3n2)cc1C(=O)N1CCC[C@@H]1CO,6.823908740944319
CHEMBL1933343,CDK2,150.0,nM,Cc1cnc2nc1-c1cccc(c1)OCC/C=C/CN(C)Cc1cccc(c1)N2,6.823908740944319
CHEMBL411865,CDK1,150.0,nM,NS(=O)(=O)c1ccc(N/N=C2\C(=O)Nc3cccc(CCc4ccc(O)cc4)c32)cc1,6.823908740944319
CHEMBL5817156,CDK9,150.0,nM,O=C1CC[C@H](C(=O)Nc2cc(-c3ccc4ncn(CC5CCOCC5)c4c3)c(Cl)cn2)N1,6.823908740944319
CHEMBL366642,CDK1,150.0,nM,CCn1cnc2c(Nc3cccc(F)c3)nc(N[C@H]3CC[C@H](N)CC3)nc21,6.823908740944319
CHEMBL102926,CDK4,150.0,nM,Cc1nc2ccccn2c1-c1ccnc(Nc2ccc(OCC(O)CN(C)C)cc2)n1,6.823908740944319
CHEMBL5542710,CDK9,150.15,nM,CC(=O)Nc1ccc(CNc2nc(NC3CCOCC3)nc3c(C(C)C)cnn23)cc1,6.823474663465
CHEMBL3641975,CDK4,151.0,nM,CNC1CCN(c2ccc(Nc3ncc4c5ccncc5n(C[C@@H](C)O)c4n3)nn2)CC1,6.821023052706831
CHEMBL5775992,CDK2,151.0,nM,Cc1nc2c(F)cc(-c3nc(Nc4ccc5c(n4)CCN(C(=O)C(C)(C)N(C)C)C5)ncc3F)cc2n1C(C)C,6.821023052706831
CHEMBL4749819,CDK9,151.2,nM,Cc1ccc(N)cc1-c1ccnc(Nc2ccc3c(c2)N(C(C)C)[C@H](C)C(=O)N3C)n1,6.820448208834812
CHEMBL5874515,CDK9,152.0,nM,Cc1nc2c(F)cc(-c3nc(Nc4ccc5c(n4)CCN(C(=O)[C@@H]4CCCN4C)C5)ncc3F)cc2n1C1CC1,6.818156412055227
CHEMBL3641940,CDK4,152.0,nM,C[C@H](CO)n1c2cnccc2c2cnc(Nc3ccc(N4CC[C@@H](O)C4)cn3)nc21,6.818156412055227
CHEMBL2402953,CDK1,152.0,nM,Nc1ccccc1-c1ccc(CNc2nc(NC3CCC(N)CC3)nc3c2ncn3C2CCCC2)cc1,6.818156412055227
CHEMBL6188359,CDK6,152.2,nM,CN(C)C(=O)c1cc2cnc(Nc3ccc(C(=O)NCC4CCC(c5nc6c(C(N)=O)cccc6[nH]5)CC4)cc3Cl)nc2n1C1CCCC1,6.817585347565446
CHEMBL6012656,CDK2,154.0,nM,Cc1nc2c(F)cc(-c3nc(Nc4ccc5c(n4)CCN(C(=O)CN4CCOCC4)C5)ncc3F)cc2n1C1CC1,6.8124792791635365
CHEMBL5859057,CDK2,154.0,nM,Cc1nc2c(F)cc(-c3nc(Nc4ccc5c(n4)CCN(C(=O)CN4CCCCC4)C5)ncc3F)cc2n1C1CC1,6.8124792791635365
CHEMBL4864688,CDK2,155.0,nM,O=C(CCCOc1ccc(CC(=O)Nc2cc(C3CCC3)[nH]n2)cc1)NCCCCNc1cccc2c1C(=O)N(C1CCC(=O)NC1=O)C2=O,6.809668301829708
CHEMBL2011940,CDK2,155.0,nM,Nc1cccc(-c2nc3c(NCCCNC(=O)C4CCC4)c(Br)cnc3[nH]2)c1,6.809668301829708
CHEMBL3668457,CDK4,155.0,nM,COc1ccc(F)cc1-c1ccnc2[nH]c(C3=CCN(CC(O)CO)CC3)cc12,6.809668301829708
CHEMBL5537078,CDK2,156.4,nM,CC(C)c1cnn2c(NCc3ccc(NC(=O)C4CCOCC4)cc3)nc(NC3CCOCC3)nc12,6.80576325127617
CHEMBL6190621,CDK6,156.8,nM,CN(C)C(=O)c1cc2cnc(Nc3ccc(-c4nc5c(C(N)=O)cccc5[nH]4)cc3Cl)nc2n1C1CCCC1,6.80465394165158
CHEMBL505474,CDK2,158.0,nM,CC(C)(C)c1cnc(CSc2cnc(NC3CCCC(N)C3)s2)o1,6.801342913045577
CHEMBL4778541,CDK2,158.0,nM,CC(C)(C)c1ccc(C(=O)Nc2cn3cc(-n4ccnc4)ccc3n2)cc1.Cl.Cl,6.801342913045577
CHEMBL6160496,CDK6,158.0,nM,CN1CCN(c2ccc(Nc3ncc(F)c(-c4ccc5c(c4)OC4(CCC(F)(F)CC4)CC5=O)n3)nc2)CC1,6.801342913045577
CHEMBL5435746,CDK6,158.01,nM,O=C(Nc1ccc(N2CCNCC2)cc1)c1n[nH]cc1Nc1cc(OC2CCCC2)ncn1,6.801315426922857
CHEMBL5748011,CDK6,159.0,nM,CC(C)CN1CCOc2c(F)cc(-c3nc(Nc4ccc(N5CCOCC5)cn4)ncc3F)cc21,6.798602875679549
CHEMBL3641924,CDK4,159.0,nM,CC1(C)CN(c2ccc(Nc3ncc4c5ccncc5n([C@H]5CCC[C@H]5O)c4n3)nn2)CCN1,6.798602875679549
CHEMBL3589661,CDK9,160.0,nM,O=C(O)c1nc2ccccc2c2[nH]c3c(Br)cccc3c12,6.795880017344075
CHEMBL3668468,CDK9,160.0,nM,FC1(F)CN[C@H](CNc2ccc(Cl)c(-c3ccnc4[nH]c(C5CCNCC5)cc34)n2)C1,6.795880017344075
CHEMBL523923,CDK2,160.0,nM,O=C(Nc1cccnc1)Nc1c[nH]nc1-c1nc2cc(CN3CCOCC3)ccc2[nH]1,6.795880017344075
CHEMBL5285495,CDK2,160.0,nM,C[C@@H](CO)Nc1nc(N)c(N=O)c(OCC2CCCCC2)n1,6.795880017344075
CHEMBL458421,CDK2,160.0,nM,O=C(Nc1c[nH]nc1-c1nc2cc(CN3CCOCC3)ccc2[nH]1)Nc1c(F)cccc1F,6.795880017344075
CHEMBL319171,CDK1,160.0,nM,COc1ccc2sc3c(c2c1)NCCNC3=O,6.795880017344075
CHEMBL4874984,CDK9,160.0,nM,COc1ccc(F)cc1-c1ccnc2[nH]c(C3=CCC(C4CCN(CC(=O)O)CC4)CC3)cc12,6.795880017344075
CHEMBL3799935,CDK1,160.0,nM,Nc1ncc(-c2ccccc2)cc1-c1nc2ccccc2[nH]1,6.795880017344075
CHEMBL6036873,CDK9,160.0,nM,NC1CC2(C1)CC(C(=O)Nc1cc(-c3ccc4ncn(CC5CCOCC5)c4c3)c(Cl)cn1)C2,6.795880017344075
CHEMBL2177897,CDK9,160.0,nM,c1ccc(CNc2c(-c3ccncc3)nc3cnccn23)cc1,6.795880017344075
CHEMBL496778,CDK4,160.0,nM,c1cc(-c2cnn3nc(NC4CCCC4)ccc23)nc(NC2CC2)n1,6.795880017344075
CHEMBL3655769,CDK2,160.0,nM,CC[C@H](Nc1nc(NC2CCC2)c2ncn(C(C)C)c2n1)[C@@H](C)O,6.795880017344075
CHEMBL3979266,CDK2,160.0,nM,CCS(=O)(Cc1cc(F)cc(Nc2ncc(F)c(-c3ccc(F)cc3OC)n2)c1)=NC#N,6.795880017344075
CHEMBL565160,CDK2,160.0,nM,CNC(=O)c1nn(C)c2c1C(C)(C)Cc1cnc(Nc3cccc(CN4CCOCC4)c3)nc1-2,6.795880017344075
CHEMBL371792,CDK1,160.0,nM,COc1cccc(Oc2nc(Nc3ccc4[nH]cnc4c3)ncc2C(F)(F)F)c1,6.795880017344075
CHEMBL523735,CDK4,160.0,nM,NC(=O)c1ccc(Nc2nccc(-c3cnn4ncccc34)n2)cc1,6.795880017344075
CHEMBL3906050,CDK9,160.0,nM,CN1Cc2c(C3=CCCN(CC(=O)N4CC(O)C4)C3)[nH]c3nccc(c23)-c2cc(F)ccc21,6.795880017344075
CHEMBL3899896,CDK9,160.0,nM,CN1CCc2c(C3=CCN([C@H]4C[C@H](C(=O)O)C4)CC3)[nH]c3nccc(c23)-c2cc(F)ccc21,6.795880017344075
CHEMBL364172,CDK2,160.0,nM,N#C/C=C(/c1ccc2nc(N)c(C(=O)c3c(F)cccc3F)n2c1)c1c(F)cccc1F,6.795880017344075
CHEMBL2348161,CDK2,160.0,nM,Nc1nccc(-n2cc(-c3ccncc3)c3cnccc32)n1,6.795880017344075
CHEMBL3668439,CDK9,160.0,nM,COc1ccc(F)cc1-c1ccnc2[nH]c(C3CN(C(C)=O)C3)cc12,6.795880017344075
CHEMBL3648079,CDK1,160.0,nM,C[C@@H](Nc1nc(Nc2ccc(S(=O)(CC=O)=NS(=O)(=O)CC[Si](C)(C)C)cc2)ncc1Br)C(C)(C)O,6.795880017344075
CHEMBL3648081,CDK1,160.0,nM,C[C@H](O)[C@@H](C)Oc1nc(Nc2ccc(S(=O)(CCO)=NS(=O)(=O)CC[Si](C)(C)C)cc2)ncc1Br,6.795880017344075
CHEMBL3961728,CDK9,160.0,nM,CN1Cc2c(C3=CCC(N4CCC[C@H]4C(=O)O)CC3)[nH]c3nccc(c23)-c2cc(F)ccc21,6.795880017344075
CHEMBL4518287,CDK2,160.0,nM,C=CS(=O)(=O)c1ccc(Nc2nc(OCC3CCCCC3)c3nc[nH]c3n2)cc1,6.795880017344075
CHEMBL233152,CDK1,160.0,nM,Cc1cc(N2CCCS2(=O)=O)c2oc(-c3ccc(O)c(C#N)c3)c(O)c(=O)c2c1,6.795880017344075
CHEMBL3967588,CDK2,160.0,nM,COc1cc(F)ccc1-c1nc(Nc2cc(Cl)cc(CS(C)(=O)=NC#N)c2)ncc1F,6.795880017344075
CHEMBL5200778,CDK9,160.0,nM,CC(C)n1cc(-c2ccnc3[nH]c(C4CCN(CC(F)F)CC4)cc23)ccc1=O,6.795880017344075
CHEMBL2012308,CDK1,160.0,nM,CC(C)n1ncc2cnc(Nc3cc(C(N)=O)n(C)c3)nc21,6.795880017344075
CHEMBL3940661,CDK1,160.0,nM,CS(=N)(=O)c1ccc(Nc2ncc(Br)c(Nc3ccccc3)n2)cc1,6.795880017344075
CHEMBL5432928,CDK2,160.0,nM,O=C(O)c1cc(C(F)(F)F)ccc1NCCc1c[nH]c2cc(Br)ccc12,6.795880017344075
CHEMBL176834,CDK1,160.0,nM,CCn1cnc2c(Nc3cccc(OC)c3)nc(N[C@H]3CC[C@H](N)CC3)nc21,6.795880017344075
CHEMBL3937565,CDK9,160.0,nM,CN(C)C(=O)CN1[C@H]2CC[C@@H]1C=C(c1[nH]c3nccc4c3c1CN(C)c1ccc(F)cc1-4)C2,6.795880017344075
CHEMBL213364,CDK4,160.0,nM,O=c1c2cccc3c2sn1CCCCOc1cccc2nc(O)c-3nc12,6.795880017344075
CHEMBL2348158,CDK2,160.0,nM,Nc1nccc(-n2cc(C3=CCOCC3)c3cnccc32)n1,6.795880017344075
CHEMBL5819777,CDK9,160.0,nM,O=C(Nc1cc(-c2ccc3ncn(CC4CCOCC4)c3c2)c(Cl)cn1)C1CCc2nncn2C1,6.795880017344075
CHEMBL5915766,CDK9,160.0,nM,NCc1ccc(CNc2cc(-c3ccc4ncn(Cc5cccc(F)c5)c4c3)c(Cl)cn2)cc1,6.795880017344075
CHEMBL3663760,CDK1,160.0,nM,COc1cc(F)ccc1-c1ccnc2[nH]c(C3CCNCC3)cc12,6.795880017344075
CHEMBL5775091,CDK1,161.0,nM,Cc1nc2c(F)cc(-c3nc(Nc4ccc5c(n4)CCN(CCS(C)(=O)=NC#N)C5)ncc3F)cc2n1C(C)C,6.79317412396815
CHEMBL5982253,CDK1,161.0,nM,Cc1nc2c(F)cc(-c3nc(Nc4ccc5c(n4)C[C@@H](C)N(CCN(C)C)C5)ncc3F)cc2n1C(C)(C)C,6.79317412396815
CHEMBL3641928,CDK4,161.0,nM,C[C@@H](CO)n1c2cnccc2c2cnc(Nc3ccc(N4CCC(N(C)C)CC4)cn3)nc21,6.79317412396815
CHEMBL5561839,CDK1,161.1,nM,CC(C)n1nnc2ccc(-c3ccnc(Nc4cc(C(=O)N5CCCC5)ccn4)c3)cc21,6.792904459580782
CHEMBL5286623,CDK1,161.2,nM,COc1ccc(Nc2nn3c(-c4ccccc4)cc(-c4ccccc4)nc3c2C(N)=O)c(OC)c1,6.792634962530928
CHEMBL3641921,CDK4,162.0,nM,O[C@@H]1CCC[C@@H]1n1c2cnccc2c2cnc(Nc3ccc(N4CCNCC4)nn3)nc21,6.790484985457369
CHEMBL3641977,CDK4,162.0,nM,C[C@@H](O)Cn1c2cnccc2c2cnc(Nc3ccc(N4CC[C@@H](O)C4)nn3)nc21,6.790484985457369
CHEMBL4777981,CDK4,162.0,nM,COc1ccc(F)cc1-c1c(F)cnc2[nH]c(C3=CCN([C@H]4CC[C@H](C(=O)O)CC4)CC3)cc12,6.790484985457369
CHEMBL5418155,CDK4,162.0,nM,Sc1nnc(-c2c[nH]c3ccccc23)n1/N=C/c1ccc(Br)cc1,6.790484985457369
CHEMBL4761637,CDK2,162.0,nM,C=CC(=O)Nc1ccc(C(=O)Nc2cccc(C(=O)Nc3ncc(SCc4ncc(C(C)(C)C)o4)s3)c2)cc1,6.790484985457369
CHEMBL4876497,CDK2,163.95,nM,Cc1n[nH]c2ccc(-c3cc(N[C@@H](CO)c4ccccc4)cnc3Cl)cc12,6.785288578994615
CHEMBL5994564,CDK9,164.0,nM,Cc1nc2c(F)cc(-c3nc(Nc4ccc5c(n4)CCN(C[C@@H]4CCCN4C)C5)ncc3F)cc2n1C1CC1,6.785156151952302
CHEMBL4746993,CDK9,164.0,nM,C=CC(=O)Nc1ccc(C(=O)N2CCCC(Nc3ncc(SCc4ncc(C(C)(C)C)o4)s3)C2)c(OC)c1,6.785156151952302
CHEMBL324186,CDK2,165.0,nM,O=C(O)c1ccc(C(=O)Nc2cc(C3CC3)[nH]n2)cc1,6.782516055786093
CHEMBL5950534,CDK1,165.0,nM,Cc1nc2c(F)cc(-c3nc(Nc4ccc5c(n4)C[C@@H](C)NC5)ncc3F)cc2n1C(C)(C)C,6.782516055786093
CHEMBL319831,CDK2,166.0,nM,Nc1cccc(-c2cc(Nc3ccc(S(N)(=O)=O)cc3)[nH]n2)c1,6.779891911959945
CHEMBL3641947,CDK4,166.0,nM,C[C@H](CO)n1c2cnccc2c2cnc(Nc3ccc(N4CC[C@@H](O)C4)nn3)nc21,6.779891911959945
CHEMBL5557384,CDK2,166.8,nM,CC(C)N1CCN(C(=O)c2ccnc(Nc3cc(-c4ccc5nnn(C(C)C)c5c4)ccn3)c2)CC1,6.77780395369828
CHEMBL4463716,CDK2,167.0,nM,C#CCN(C)CCN1CCc2nc(Nc3ncc(F)c(-c4cc(F)c5nc(C)n(C(C)C)c5c4)n3)ccc2C1,6.777283528852417
CHEMBL5591731,CDK2,167.0,nM,N#Cc1cnc(NC2CCN(S(=O)(=O)c3ccccn3)CC2)nc1-c1cnn(CC(F)(F)F)c1,6.777283528852417
CHEMBL3673434,CDK2,168.0,nM,COc1cc(F)ccc1-c1ccnc(NC(=O)[C@H]2CCC[C@@H](NC(C)=O)C2)c1,6.774690718274137
CHEMBL495754,CDK2,168.0,nM,CC(C)(C)c1cnc(CSc2cnc(NCC3CCCCC3)s2)o1,6.774690718274137
CHEMBL5592046,CDK9,168.05,nM,CC(C)S(=O)(=O)c1ccccc1Nc1nc([C@H]2CC[C@H](N3CCCCC3)CC2)ncc1Cl,6.774561483194503
CHEMBL4761833,CDK9,168.8,nM,CC(C)N1c2cc(Nc3nccc(-c4cccc(NC5CCCCC5)c4)n3)ccc2N(C)C(=O)[C@H]1C,6.772627557710363
CHEMBL4742169,CDK2,168.9,nM,CC(C)N1c2cc(Nc3nccc(-c4cncc5ccccc45)n3)ccc2N(C)C(=O)[C@H]1C,6.772370350428991
CHEMBL2403097,CDK1,169.0,nM,NC1CCC(Nc2nc(NCc3ccc(-c4ccsc4)nc3)c3ncn(C4CCCC4)c3n2)CC1,6.772113295386326
CHEMBL189657,CDK2,169.0,nM,CCn1c(-c2nonc2N)nc2cnccc21,6.772113295386326
CHEMBL3642652,CDK2,170.0,nM,CC(C)(C)c1cc(NCc2ccncc2)n2ncc(Br)c2n1,6.769551078621726
CHEMBL8817,CDK2,170.0,nM,CN1CC[C@@H](c2c(O)cc(O)c3c(=O)cc(-c4ccccc4Cl)oc23)[C@@H](O)C1,6.769551078621726
CHEMBL3663783,CDK9,170.0,nM,Clc1ccc(NCC2CCCNC2)nc1-c1ccnc2[nH]c(C3CCNCC3)cc12,6.769551078621726
CHEMBL3980578,CDK9,170.0,nM,CN1Cc2c(C3=C[C@H]4CC[C@@H](C3)N4CC(=O)O)[nH]c3nccc(c23)-c2cc(F)ccc21,6.769551078621726
CHEMBL404747,CDK2,170.0,nM,O=C(Cc1ccccc1)Nc1n[nH]c2ccc(N3CCCC3=O)cc12,6.769551078621726
CHEMBL272387,CDK1,170.0,nM,NS(=O)(=O)c1ccc(N/N=C2\C(=O)Nc3ccc(S(N)(=O)=O)cc32)cc1,6.769551078621726
CHEMBL5975700,CDK9,170.0,nM,Cn1nnc2cc(CN3CCc4ccc(-c5cc(NC(=O)C6CCCNC6)ncc5Cl)cc43)ccc21,6.769551078621726
CHEMBL3641959,CDK4,170.0,nM,C[C@H]1CN(c2ccc(Nc3ncc4c5ccncc5n([C@H]5CCC[C@@H]5O)c4n3)nc2)CCN1,6.769551078621726
CHEMBL272380,CDK1,170.0,nM,NS(=O)(=O)c1ccc(N/N=C2\C(=O)Nc3cccc(/C=C/c4ccc(O)cc4)c32)cc1,6.769551078621726
CHEMBL445813,CDK6,170.0,nM,O=C(NC1CCNCC1)c1n[nH]cc1NC(=O)c1c(Cl)cccc1Cl,6.769551078621726
CHEMBL3673497,CDK9,170.0,nM,CS(=O)(=O)N1CC=C(c2cc3c(-c4cccc(NCc5c(F)cccc5F)n4)ccnc3[nH]2)CC1,6.769551078621726
CHEMBL192126,CDK2,170.0,nM,C[C@@H](C(=O)Nc1cc(C2CC2)[nH]n1)c1ccc(N2Cc3ccccc3C2=O)cc1,6.769551078621726
CHEMBL5960660,CDK9,170.0,nM,Fc1cccc(Cn2cnc3ccc(-c4cc(NC5CCCC5)ncc4Cl)cc32)c1,6.769551078621726
CHEMBL225519,CDK1,170.0,nM,O=C1NCCc2[nH]c(-c3ccncc3)cc21,6.769551078621726
CHEMBL3959283,CDK2,170.0,nM,CCS(=O)(Cc1cccc(Nc2ncc(F)c(-c3ccc(F)cc3OC)n2)c1)=NC#N,6.769551078621726
CHEMBL4747227,CDK9,170.0,nM,CC(=O)N[C@@H]1CCC[C@H](C(=O)Nc2cc(-c3cnn4c3CC(C)(C)C4O)c(Cl)cn2)C1,6.769551078621726
CHEMBL3897217,CDK2,170.0,nM,COc1cc(F)ccc1-c1nc(Nc2cc(F)c(F)c(CS(C)(=N)=O)c2)ncc1F,6.769551078621726
CHEMBL6011420,CDK9,170.0,nM,CC(Cc1ccncc1)Nc1cc(-c2ccc3ncn(Cc4cccc(F)c4)c3c2)c(Cl)cn1,6.769551078621726
CHEMBL385070,CDK4,170.0,nM,O=C1c2cccc(-c3nc4ccccc4nc3O)c2CN1C1CCCC1,6.769551078621726
CHEMBL3648080,CDK1,170.0,nM,C[C@H](O)[C@@H](C)Nc1nc(Nc2ccc(S(=O)(CC=O)=NS(=O)(=O)CC[Si](C)(C)C)cc2)ncc1Br,6.769551078621726
CHEMBL3892477,CDK9,170.0,nM,CN1Cc2c(C3=CCCN(CC(=O)O)CC3)[nH]c3nccc(c23)-c2cc(F)ccc21,6.769551078621726
CHEMBL5935620,CDK9,170.0,nM,CS(=O)(=O)Cc1cccc(Nc2cc(-c3ccc4ncn(Cc5cccc(F)c5)c4c3)c(Cl)cn2)c1,6.769551078621726
CHEMBL5914516,CDK9,170.0,nM,CC1(O)CCC(Cn2nnc3ccc(-c4cc(NC(=O)[C@@H]5CCCNC5)ncc4Cl)cc32)CC1,6.769551078621726
CHEMBL1964256,CDK1,170.0,nM,CNS(=O)(=O)Cc1ccc(N/C=C2\C(=O)Nc3ccc4ncsc4c32)cc1,6.769551078621726
CHEMBL5598107,CDK9,170.4,nM,O=C(NO)c1ccc(Cn2cc(Nc3cc(-c4cccc(NCc5cccc(F)c5)n4)c(Cl)cn3)cn2)cc1,6.768530409569319
CHEMBL3668548,CDK9,172.0,nM,COc1ccc(F)cc1-c1c(C#N)cnc2[nH]c(C3=CCN(CC(=O)N4CCC[C@H]4CO)CC3)cc12,6.764471553092451
CHEMBL4462493,CDK1,172.0,nM,CCC(CC)n1c(C)nc2c(F)cc(-c3nc(Nc4ccc5c(n4)CCN(CCN(C)C)C5)ncc3F)cc21,6.764471553092451
CHEMBL5875685,CDK6,173.0,nM,CCN1CCN(Cc2ccc(Nc3ncc(F)c(-c4cc(F)c5c(c4)N(C4CCC(N)CC4)CCO5)n3)nc2)CC1,6.761953896871205
CHEMBL5542666,CDK2,173.4,nM,CCC(=O)Nc1ccc(CNc2nc(N[C@@H](CC)CO)nc3c(C(C)C)cnn23)cc1,6.760950906859808
CHEMBL5076627,CDK6,174.0,nM,CCN(CC)c1cnc2ccc(-c3nc(Nc4ccc(C(=O)N5CCN(C(C)C)CC5)cn4)ncc3F)cc2n1,6.7594507517174005
CHEMBL5763252,CDK2,174.0,nM,CN1CCC(OCc2ccc(Nc3ncc(F)c(-c4cc(F)c5nc6n(c5c4)C(C)(C)CC6)n3)nc2)CC1,6.7594507517174005
CHEMBL3702039,CDK4,174.0,nM,NC1CCN(c2nc(Nc3ncc4c5ccncc5n(C5CCCC5)c4n3)ns2)CC1,6.7594507517174005
CHEMBL4776271,CDK2,174.0,nM,C=CC(=O)NC1CCN(C(=O)N2CCCC(Nc3ncc(SCc4ncc(C(C)(C)C)o4)s3)C2)CC1,6.7594507517174005
CHEMBL5556871,CDK2,174.7,nM,CCC(=O)Nc1ccc(CNc2nc(NC3CCCNC3)nc3c(C(C)C)cnn23)cc1,6.75770709501707
CHEMBL5085896,CDK6,175.0,nM,O=C(c1ccc(Nc2ncc(F)c(-c3ccc4ncc(N5CCOCC5)nc4c3)n2)nc1)N1CCNCC1,6.756961951313706
CHEMBL3641960,CDK4,175.0,nM,CC1(C)CN(c2ccc(Nc3ncc4c5ccncc5n([C@H]5CCC[C@@H]5O)c4n3)nc2)CCN1,6.756961951313706
CHEMBL5558477,CDK2,175.7,nM,CC[C@@H](CO)Nc1nc(NCc2ccc(NC(=O)C3(F)CC3)cc2)n2ncc(C(C)C)c2n1,6.755228238504705
CHEMBL3641910,CDK6,176.0,nM,C[C@H]1CN(c2ccc(Nc3ncc4c5ccncc5n(CCCO)c4n3)nc2)CCN1,6.75448733218585
CHEMBL4752989,CDK9,177.0,nM,CN(C)C/C=C/C(=O)Nc1cccc(C(=O)N2CCCC(Nc3ncc(SCc4ncc(C(C)(C)C)o4)s3)C2)c1,6.752026733638194
CHEMBL3641914,CDK4,177.0,nM,CN(C)C1CCN(c2ccc(Nc3ncc4c5ccncc5n([C@H]5CCC[C@H]5O)c4n3)nn2)CC1,6.752026733638194
CHEMBL3702143,CDK4,177.0,nM,O=C(O)Cc1ccc(Nc2ncc3c4ccncc4n(C4CCCC4)c3n2)nc1,6.752026733638194
CHEMBL3702140,CDK6,178.0,nM,O=C(O)Cc1ccc(-n2c3cnccc3c3cnc(Nc4ccc(N5CCNCC5)cn4)cc32)cc1,6.7495799976911055
CHEMBL5774515,CDK1,178.0,nM,Cc1nc2c(F)cc(-c3nc(Nc4ccc5c(n4)CCN(C(=O)OCCN(C)C)C5)ncc3F)cc2n1C1CC1,6.7495799976911055
CHEMBL4215126,CDK6,178.0,nM,CCN1CCN(Cc2ccc(Nc3ncc(F)c(-c4cc(F)c5nc6n(c5c4)C(C)CC6)n3)nc2C)CC1,6.7495799976911055
CHEMBL2103840,CDK9,178.0,nM,CCc1cnn2c(NCc3ccc[n+]([O-])c3)cc(N3CCCC[C@H]3CCO)nc12,6.7495799976911055
CHEMBL233224,CDK1,180.0,nM,CN1CCN(CCc2ccc(Nc3ncc(Cl)c(-c4c[nH]c5ccccc45)n3)cc2)CC1,6.7447274948966935
CHEMBL5824837,CDK9,180.0,nM,CS(=O)(=O)N1CCC2(CC1)CC(Nc1cc(-c3ccc4ncn(CC5CCOCC5)c4c3)c(Cl)cn1)C2,6.7447274948966935
CHEMBL2029909,CDK1,180.0,nM,CN1CCN(C(=O)c2cc(Nc3ncc4cc(-c5cnn(C)c5)n(C5CCCC5)c4n3)cn2C)CC1,6.7447274948966935
CHEMBL5911629,CDK9,180.0,nM,O=C1CC(C(=O)Nc2cc(-c3ccc4ncn(CC5CCOCC5)c4c3)c(Cl)cn2)C1,6.7447274948966935
CHEMBL3944411,CDK9,180.0,nM,CNC(=O)N1CCC=C(c2[nH]c3nccc4c3c2CN(C)c2ccc(F)cc2-4)C1,6.7447274948966935
CHEMBL455468,CDK1,180.0,nM,Cc1ncc(-c2ccnc(Nc3ccc(C(=O)NC4CCN(C)CC4)cc3)n2)n1C(C)C,6.7447274948966935
CHEMBL3981911,CDK2,180.0,nM,COc1cc(F)ccc1-c1nc(Nc2cc(Cl)cc(CS(C)(=N)=O)c2)ncc1F,6.7447274948966935
CHEMBL254269,CDK2,180.0,nM,CNCCN(C)C(=O)c1cc(Sc2cnc(Nc3cccc(Br)n3)s2)ccc1C,6.7447274948966935
CHEMBL5566672,CDK9,180.0,nM,COc1ccc(Nc2c(-c3ccoc3)nc3cnccn23)cc1,6.7447274948966935
CHEMBL3920469,CDK9,180.0,nM,CN1Cc2c(C3=CCCN(CC(=O)N4CC(O)C4)CC3)[nH]c3nccc(c23)-c2cc(F)ccc21,6.7447274948966935
CHEMBL3905910,CDK2,180.0,nM,CN1CC[C@@H](c2c(O)cc(O)c3c(=O)cc(-c4ccc(C(F)(F)F)cc4Cl)oc23)[C@@H]1CO,6.7447274948966935
CHEMBL3905335,CDK2,180.0,nM,COc1cc(F)ccc1-c1nc(Nc2cc(CS(C)(=N)=O)cc(C(F)(F)F)c2)ncc1F,6.7447274948966935
CHEMBL6038192,CDK9,180.0,nM,COC(=O)c1ccc(Cn2nnc3ccc(-c4cc(NC(=O)[C@@H]5CCCNC5)ncc4Cl)cc32)cc1,6.7447274948966935
CHEMBL233149,CDK2,180.0,nM,N=C1NC(=O)/C(=C/c2ccc(-c3ccc(S(N)(=O)=O)cc3)o2)S1,6.7447274948966935
CHEMBL193643,CDK2,180.0,nM,Nc1nc(Nc2ccc(S(N)(=O)=O)cc2)ccc1C(=O)c1c(F)cccc1F,6.7447274948966935
CHEMBL282330,CDK1,180.0,nM,CCOc1ccc(CNc2nc(C#CC(C)(O)CC)nc3c2ncn3C(C)C)cc1,6.7447274948966935
CHEMBL559301,CDK2,180.0,nM,Nc1nc(O)c(Cc2nn3c(COc4ccc(Cl)cc4)nnc3s2)s1,6.7447274948966935
CHEMBL126077,CDK1,180.0,nM,O=Nc1c(-c2c(O)[nH]c3ccccc23)[nH]c2ccccc12,6.7447274948966935
CHEMBL3668356,CDK9,180.0,nM,CN1CCCC(c2cc3c(-c4cccc(NCc5ccccc5)n4)c(Cl)cnc3[nH]2)C1,6.7447274948966935
CHEMBL134239,CDK1,180.0,nM,CC(C)n1cnc2c(NCc3ccccc3)nc(C#CC3(O)CCCCC3)nc21,6.7447274948966935
CHEMBL3668379,CDK9,180.0,nM,Nc1ccc(Cl)c(-c2ccnc3[nH]c(C4CCNCC4)cc23)n1,6.7447274948966935
CHEMBL4776271,CDK9,182.0,nM,C=CC(=O)NC1CCN(C(=O)N2CCCC(Nc3ncc(SCc4ncc(C(C)(C)C)o4)s3)C2)CC1,6.739928612014925
CHEMBL4789072,CDK9,182.9,nM,Cc1c(N)cccc1-c1ccnc(Nc2ccc3c(c2)N(C(C)C)[C@H](C)C(=O)N3C)n1,6.737786294523583
CHEMBL5759958,CDK1,183.0,nM,Cc1nc2c(F)cc(-c3nc(Nc4ccc5c(n4)CCN(C(=O)CN(C)C)C5)ncc3F)cc2n1C1CCCC1,6.73754891026957
CHEMBL2403087,CDK1,183.0,nM,NC1CCC(Nc2nc(NCc3ccc(-c4ccsc4)cc3)c3ncn(C4CCCC4)c3n2)CC1,6.73754891026957
CHEMBL2403090,CDK1,184.0,nM,NC1CCC(Nc2nc(NCc3ccc(-c4ccccc4)nc3)c3ncn(C4CCCC4)c3n2)CC1,6.735182176990463
CHEMBL5631610,CDK6,184.0,nM,N#Cc1c(-c2ccc(Cl)cc2Cl)cc(-c2c[nH]c3ccccc23)[nH]c1=O,6.735182176990463
CHEMBL3641949,CDK4,184.0,nM,CN(C)C1CCN(c2ccc(Nc3ncc4c5ccncc5n([C@@H]5CCOC5)c4n3)nn2)CC1,6.735182176990463
CHEMBL5571625,CDK9,184.0,nM,COc1ccccc1-c1ccnc(Nc2ccc3c(c2)CC(=O)C(C(C)=O)C3C)n1,6.735182176990463
CHEMBL4793573,CDK2,185.0,nM,C=CC(=O)NC1CCC(C(=O)N2CCCC(Nc3ncc(SCc4ncc(C(C)(C)C)o4)s3)C2)CC1,6.732828271596986
CHEMBL1081831,CDK2,185.0,nM,N[C@H](CNc1ncc(-c2ccc3c(c2)CC(=O)N3)s1)Cc1ccc(C(F)(F)F)cc1,6.732828271596986
CHEMBL3972676,CDK2,187.0,nM,CN1CCN(C(=O)c2ccc(Nc3ncc4cc5n(c4n3)C3(CCCC3)CNC5=O)nc2)CC1,6.7281583934635005
CHEMBL3639904,CDK4,187.0,nM,CN(C)C(=O)c1cc2cnc(Nc3ccc(C(=O)C45C[C@H]6C[C@H](O)C[C@@H](C4)N65)cn3)nc2n1C1CCCC1,6.7281583934635005
CHEMBL5942169,CDK6,187.0,nM,CC(C)N1CCc2c(cccc2Nc2ncc(F)c(-c3cc(F)c4c(c3)N(C(C)C)CCO4)n2)C1,6.7281583934635005
CHEMBL3691549,CDK4,187.0,nM,CN(C)C(=O)c1cc2cnc(Nc3ccc(C(=O)N4CC5CCC(C4)C5(C)O)cn3)nc2n1C1CCCCCC1,6.7281583934635005
CHEMBL2011934,CDK2,187.0,nM,COc1ccc(-c2nc3c(NCCCN(C)C(=O)C4CCC4)c(Br)cnc3[nH]2)cc1,6.7281583934635005
CHEMBL5512555,CDK2,187.6,nM,CC(=O)N1CCC(C(=O)Nc2ccc(CNc3nc(NC4CCOCC4)nc4c(C(C)C)cnn34)cc2)CC1,6.726767165956955
CHEMBL5411187,CDK2,188.71,nM,COc1ccc(Cc2nnc(N3CCN(C(=S)Nc4cccc(Cl)c4)CC3)c3ccccc23)cc1,6.724205085368997
CHEMBL1823630,CDK2,190.0,nM,N[C@H](CNc1nnc(-c2ccc3c(c2)CC(=O)N3)s1)Cc1ccc(C(F)(F)F)cc1,6.721246399047171
CHEMBL3691651,CDK4,190.0,nM,CN(C)C(=O)c1cc2cnc(Nc3ccc(N4CCC5(CCCN5C(=O)OC(C)(C)C)C4=O)cn3)nc2n1C1CCCC1,6.721246399047171
CHEMBL5400479,CDK9,190.0,nM,O=C1CCC(N2C(=O)c3cccc(OCCCCn4cc(CCCCCN5CCC(NC(=O)c6n[nH]cc6NC(=O)c6c(Cl)cccc6Cl)CC5)nn4)c3C2=O)C(=O)N1,6.721246399047171
CHEMBL5435663,CDK9,190.0,nM,O=C1CCC(N2C(=O)c3cccc(OCCCCn4cc(CCCCN5CCC(NC(=O)c6n[nH]cc6NC(=O)c6c(Cl)cccc6Cl)CC5)nn4)c3C2=O)C(=O)N1,6.721246399047171
CHEMBL16171,CDK9,190.0,nM,COc1c(O)cc(O)c2c(=O)cc(-c3ccccc3)oc12,6.721246399047171
CHEMBL5284748,CDK2,190.0,nM,NC[C@@H](CNc1cncc(-c2ccc3[nH]nc(NC(=O)c4ccccc4)c3c2)c1)c1ccccc1,6.721246399047171
CHEMBL4161364,CDK2,190.0,nM,N=c1[nH]c(=O)[nH]c2c1cnn2-c1ccc(S(N)(=O)=O)cc1,6.721246399047171
CHEMBL5756285,CDK9,190.0,nM,CC(CN[C@H]1CC[C@H](Nc2cc(-c3ccc4ncn(Cc5cccc(F)c5)c4c3)c(Cl)cn2)CC1)OC1CCCCC1,6.721246399047171
CHEMBL5901552,CDK9,190.0,nM,O=C(Nc1cc(-c2ccc3ncn(CC4CCOCC4)c3c2)c(Cl)cn1)c1cn[nH]c1,6.721246399047171
CHEMBL292864,CDK2,190.0,nM,O=C1Nc2ccc(Br)cc2/C1=C/c1[nH]cc2c1CCOC2=O,6.721246399047171
CHEMBL3702042,CDK4,190.0,nM,CN(C)C1CCN(c2nc(Nc3ncc4c5ccncc5n(C5CCCC5)c4n3)ns2)CC1,6.721246399047171
CHEMBL392775,CDK2,190.0,nM,Cc1cc(N2CCCS2(=O)=O)c2oc(-c3ccc(O)c(Cl)c3)c(O)c(=O)c2c1,6.721246399047171
CHEMBL5759958,CDK2,193.0,nM,Cc1nc2c(F)cc(-c3nc(Nc4ccc5c(n4)CCN(C(=O)CN(C)C)C5)ncc3F)cc2n1C1CCCC1,6.714442690992226
CHEMBL5415967,CDK2,193.21,nM,O=C(Nc1ccc(N2CCNCC2)cc1)c1n[nH]cc1Nc1cc(C2CC2)ncn1,6.71397039949181
CHEMBL6164890,CDK6,195.0,nM,CC(=O)N1CCC2(CC1)CC(=O)c1ccc(-c3nc(Nc4ccc(C(=O)N5CCN(C(=O)C6CC6)CC5)cn4)ncc3F)cc1O2,6.709965388637482
CHEMBL5591731,CDK1,195.0,nM,N#Cc1cnc(NC2CCN(S(=O)(=O)c3ccccn3)CC2)nc1-c1cnn(CC(F)(F)F)c1,6.709965388637482
CHEMBL4741061,CDK9,195.8,nM,Cc1cccc(-c2ccnc(Nc3ccc4c(c3)N(C(C)C)[C@H](C)C(=O)N4C)n2)c1,6.708187312532881
CHEMBL6142344,CDK1,196.0,nM,Cc1ccc(O)c(C)c1-n1c(N)c(C(N)=O)c2c(=O)n(CC3CC3)c(C)nc21,6.707743928643524
CHEMBL4756935,CDK9,197.0,nM,C=CC(=O)Nc1ccc(S(=O)(=O)N2CCCC(Nc3ncc(SCc4ncc(C(C)(C)C)o4)s3)C2)cc1,6.7055337738384075
CHEMBL5411462,CDK6,198.0,nM,COc1ccc(/C=N/n2c(S)nnc2-c2c[nH]c3ccccc23)cc1OC,6.703334809738469
CHEMBL1080892,CDK2,198.0,nM,Cc1n[nH]c2ccc(-c3nnc(NC[C@@H](N)Cc4ccccc4C(F)(F)F)s3)cc12,6.703334809738469
CHEMBL6163690,CDK6,198.0,nM,CCN1CCN(C(=O)c2ccc(Nc3ncc(F)c(-c4ccc5c(c4)OC4(CCN(C(C)=O)CC4)CC5=O)n3)nc2)CC1,6.703334809738469
CHEMBL4797409,CDK9,198.0,nM,C=CC(=O)Nc1cccc(C(=O)N2CCCC(Nc3ncc(SCc4ncc(C(C)(C)C)o4)s3)C2)c1,6.703334809738469
CHEMBL5088816,CDK6,199.0,nM,O=C(c1ccc(Nc2ncc(F)c(-c3ccc4nccnc4c3)n2)nc1)N1CCNCC1,6.701146923590294
CHEMBL5869281,CDK1,199.0,nM,Cc1nc2c(F)cc(-c3nc(Nc4ccc5c(n4)CCN(C[C@H]4CN(C)CCO4)C5)ncc3F)cc2n1C(C)(C)C,6.701146923590294
CHEMBL2036792,CDK4,199.0,nM,CNc1ncc2c(-c3ccc(N4CCNCC4)cc3)nn(CC3CCC(N)CC3)c2n1,6.701146923590294
CHEMBL6142529,CDK6,199.0,nM,CN1CCN(c2ccc(Nc3ncc(F)c(-c4ccc5c(c4)OC4(CCC(C)(C)CC4)CC5=O)n3)nc2)CC1,6.701146923590294
CHEMBL1630118,CDK2,200.0,nM,O=C(NO)c1ccc(-c2ccc3ncnc(Nc4ccc(OCc5cccc(F)c5)c(Cl)c4)c3c2)s1,6.698970004336019
CHEMBL1922123,CDK2,200.0,nM,CC[C@@H](Nc1nc(NCc2cccnc2)c2ncn(C(C)C)c2n1)C(C)(C)O,6.698970004336019
CHEMBL322019,CDK4,200.0,nM,C#CCN(c1ccnc(Nc2ccc(OCC(O)CN(C)C)cc2)n1)c1cc(Cl)ccc1Cl,6.698970004336019
CHEMBL5401951,CDK6,200.0,nM,COc1cc(/C=N/n2c(S)nnc2-c2c[nH]c3ccccc23)cc(OC)c1OC,6.698970004336019
CHEMBL430703,CDK2,200.0,nM,CC(C)c1cc(NC(=O)c2ccc(Br)cc2)n[nH]1,6.698970004336019
CHEMBL2029910,CDK1,200.0,nM,CN1CCN(C(=O)c2cc(Nc3ncc4cc(-c5cncn5C)n(C5CCCC5)c4n3)cn2C)CC1,6.698970004336019
CHEMBL5744442,CDK6,200.0,nM,CC(C)CN1CCOc2c(F)cc(-c3nc(Nc4ccc(N5CCC(O)CC5)cn4)ncc3F)cc21,6.698970004336019
CHEMBL3663805,CDK9,200.0,nM,Clc1ccc(NCC2CCOCC2)nc1-c1ccnc2[nH]c(C3CCNC3)cc12,6.698970004336019
CHEMBL564076,CDK1,200.0,nM,C[C@@H]1CNc2c(sc3ccc4nc(-c5ccccc5)ccc4c23)C(=O)N1,6.698970004336019
CHEMBL84436,CDK2,200.0,nM,CC(C)n1cnc2c(NCc3ccccc3)nc(NC[C@@H](C)O)nc21,6.698970004336019
CHEMBL101887,CDK4,200.0,nM,CN(C)CC(O)COc1ccc(Nc2nccc(N(CCCC(F)(F)F)c3cc(Cl)ccc3Cl)n2)cc1,6.698970004336019
CHEMBL3937866,CDK2,200.0,nM,COc1cc(F)ccc1-c1nc(Nc2cc(CS(C)(=O)=NC#N)cc(C(F)(F)F)c2)ncc1F,6.698970004336019
CHEMBL5170524,CDK1,200.0,nM,COc1cc(C(=O)N2CCCC2)ccc1-c1ccnc2[nH]c(C3CCNCC3)cc12,6.698970004336019
CHEMBL5907786,CDK6,200.0,nM,CC(C)N1CCOc2c(Cl)cc(-c3nc(Nc4ccc(N5CCNCC5)c(F)c4)ncc3Cl)cc21,6.698970004336019
CHEMBL5907969,CDK9,200.0,nM,Cc1nnc(Cn2cnc3ccc(-c4cc(NC(=O)[C@@H]5CCCNC5)ncc4Cl)cc32)[nH]1,6.698970004336019
CHEMBL254170,CDK1,200.0,nM,CS(=O)(=O)c1ccc(CC(=O)Nc2n[nH]c3ccc(N4CCCS4(=O)=O)cc23)cc1,6.698970004336019
CHEMBL319373,CDK1,200.0,nM,COc1cc2c(cc1OC)-c1[nH]c3ccc(Br)cc3c1CC(=O)N2,6.698970004336019
CHEMBL5778745,CDK9,200.0,nM,COc1cc2nnn(Cc3cccc(F)c3)c2cc1-c1cc(NC(=O)[C@@H]2CCCNC2)ncc1Cl,6.698970004336019
CHEMBL3966259,CDK9,200.0,nM,CNC(=O)N1[C@H]2CC[C@@H]1C=C(c1[nH]c3nccc4c3c1CN(C)c1ccc(F)cc1-4)C2,6.698970004336019
CHEMBL5940542,CDK9,200.0,nM,O=C(Nc1cc(-c2ccc3c(c2)N(Cc2nc4ccccc4[nH]2)CC3)c(Cl)cn1)C1CCCNC1,6.698970004336019
CHEMBL603097,CDK1,200.0,nM,COc1ccc2nc3[nH]nc(C)c3c(OC)c2c1,6.698970004336019
CHEMBL510566,CDK2,200.0,nM,C[C@@H]1CNC[C@@H](C(=O)Nc2ncc(SCc3ncc(C(C)(C)C)o3)s2)C1,6.698970004336019
CHEMBL5859695,CDK9,200.0,nM,CS(=O)(=O)Nc1ccc(CN2CCc3ccc(-c4cc(NC(=O)C5CCCNC5)ncc4Cl)cc32)cc1,6.698970004336019
CHEMBL1800459,CDK2,200.0,nM,Nc1nc(-c2cc(N3C[C@H](O)[C@@H](O)C3)ccc2O)cc(C2CCNCC2)n1,6.698970004336019
CHEMBL286491,CDK1,200.0,nM,CCC(C)(O)C#Cc1nc(NCc2ccc3c(c2)OCO3)c2ncn(C(C)C)c2n1,6.698970004336019
CHEMBL3648086,CDK1,200.0,nM,CCOC(=O)N=S(=O)(CC)c1ccc(Nc2ncc(Br)c(N[C@@H](COC)[C@H](C)O)n2)cc1,6.698970004336019
CHEMBL478409,CDK4,200.0,nM,COCCNS(=O)(=O)c1ccc(Nc2nccc(-c3cnc(C)n3C(C)C)n2)cc1,6.698970004336019
CHEMBL402910,CDK2,200.0,nM,CCN(CC)c1ccc2[nH]nc(NC(=O)Cc3ccccc3)c2c1,6.698970004336019
CHEMBL1207227,CDK4,200.0,nM,O=C1C(c2c(O)[nH]c3ccc(S(=O)(=O)O)cc23)=Nc2ccccc21,6.698970004336019
CHEMBL280623,CDK1,200.0,nM,CCOc1ccc(Nc2nc(C#CC(C)(O)CC)nc3c2ncn3C(C)C)cc1,6.698970004336019
CHEMBL331906,CDK1,200.0,nM,Oc1cccc(-c2[nH]nc3ncnc(Nc4cccc(Cl)c4)c23)c1,6.698970004336019
CHEMBL103115,CDK1,200.0,nM,NS(=O)(=O)c1ccc(Nc2cc(-c3ccc(O)c(F)c3)n[nH]2)cc1,6.698970004336019
CHEMBL2035046,CDK2,200.0,nM,C1=C/COCc2cncc(c2)-c2ccnc(n2)Nc2cccc(c2)COC/1,6.698970004336019
CHEMBL419720,CDK2,200.0,nM,CN(C)CC(O)COc1ccc(Nc2ncc(Br)c(N(CCCC(F)(F)F)c3ccccc3)n2)cc1,6.698970004336019
CHEMBL23317,CDK1,200.0,nM,CCC(C)(O)C#Cc1nc(Nc2ccc(OC)cc2)c2ncn(C(C)C)c2n1,6.698970004336019
CHEMBL134080,CDK1,200.0,nM,CC(C)n1cnc2c(NCc3ccccc3)nc(C#CCCCO)nc21,6.698970004336019
CHEMBL6050764,CDK9,200.0,nM,CS(=O)(=O)CCn1nnc2ccc(-c3cc(NC(=O)[C@@H]4CCCNC4)ncc3Cl)cc21,6.698970004336019
CHEMBL26513,CDK1,200.0,nM,CCC(C)(O)C#Cc1nc(Nc2ccc(Cl)c(Cl)c2)c2ncn(C(C)C)c2n1,6.698970004336019
CHEMBL26564,CDK1,200.0,nM,CCC(C)(O)C#Cc1nc(NCc2ccccc2)c2ncn(C(C)C)c2n1,6.698970004336019
CHEMBL3648097,CDK1,200.0,nM,CCOc1nc(Nc2ccc(S(=N)(=O)CC)cc2)ncc1Br,6.698970004336019
CHEMBL272946,CDK1,200.0,nM,O=C1NC(=O)c2c1c(-c1ccccc1Cl)cc1[nH]c3cc(CCCCN4CCCC4)c(O)cc3c21,6.698970004336019
CHEMBL388956,CDK1,200.0,nM,COc1c(O)cc2c3c(cc4ccc(O)cc4c13)NC2=O,6.698970004336019
CHEMBL5892230,CDK9,200.0,nM,O=C(Cn1ccc2ncc(-c3cc(NC(=O)[C@@H]4CCCNC4)ncc3Cl)cc21)c1cccc(F)c1,6.698970004336019
CHEMBL496779,CDK4,200.0,nM,C=Cc1ccc2c(-c3ccnc(NC4CC4)n3)cnn2n1,6.698970004336019
CHEMBL5899518,CDK9,200.0,nM,Cn1cnc2ccc(-c3ccnc(NC(=O)[C@@H]4CCCNC4)c3)cc21,6.698970004336019
CHEMBL6045551,CDK6,200.0,nM,CC(C)N1CCOc2c(F)cc(-c3nc(Nc4ccc(N5CCSCC5)c(F)c4)ncc3F)cc21,6.698970004336019
CHEMBL1964258,CDK1,200.0,nM,O=C1Nc2ccc3ncsc3c2/C1=C/Nc1ccc(CS(=O)(=O)NCCO)cc1,6.698970004336019
CHEMBL5570663,CDK1,201.0,nM,Cn1cc(S(=O)(=O)N2CCC(Nc3ncc(C(F)(F)F)c(-c4cnn(CC(F)(F)F)c4)n3)CC2)cn1,6.6968039425795105
CHEMBL3668551,CDK9,201.0,nM,CNC(=O)N1CC2C=C(c3cc4c(-c5cc(F)ccc5OC)c(F)cnc4[nH]3)CC2C1,6.6968039425795105
CHEMBL3895782,CDK2,202.0,nM,O=C1NCC2(CCCCC2)n2c1cc1cnc(Nc3ccc(C(=O)N4CCN(C5CCC5)CC4)cn3)nc12,6.694648630553376
CHEMBL2403085,CDK1,202.0,nM,NC1CCC(Nc2nc(NCc3ccc(-c4ccoc4)cc3)c3ncn(C4CCCC4)c3n2)CC1,6.694648630553376
CHEMBL3702115,CDK4,203.0,nM,Fc1nccc2c3cnc(Nc4ccc(CN5CCNCC5)cn4)nc3n(C3CCCC3)c12,6.692503962086787
CHEMBL5090931,CDK6,204.0,nM,Cc1nc2ccc(-c3nc(Nc4ccc(N5CCNCC5)cn4)ncc3F)cc2nc1C,6.690369832574101
CHEMBL312018,CDK2,204.0,nM,O=C1Nc2ccc(F)c3ccc(-c4ccc[nH]4)c1c23,6.690369832574101
CHEMBL5555560,CDK2,206.7,nM,CCC(=O)Nc1ccc(CNc2nc(NC(CO)CO)nc3c(C(C)C)cnn23)cc1,6.684659523372712
CHEMBL5774696,CDK2,207.0,nM,Cc1nc2c(F)cc(-c3nc(Nc4ccc5c(n4)CCN(C[C@H](C)N)C5)ncc3F)cc2n1C1CC1,6.684029654543082
CHEMBL5964675,CDK1,208.0,nM,Cc1nc2c(F)cc(-c3nc(Nc4ccc5c(n4)CCN(C[C@H]4CNCCO4)C5)ncc3F)cc2n1C(C)(C)C,6.681936665037238
CHEMBL5897984,CDK1,208.0,nM,Cc1nc2c(F)cc(-c3nc(Nc4ccc5c(n4)CCN(C[C@H]4CNCCO4)C5)ncc3F)cc2n1C(C)C,6.681936665037238
CHEMBL5558178,CDK6,208.9,nM,CC(C)n1nnc2ccc(-c3ccnc(Nc4cc(C(=O)N5CCCN(C)CC5)ccn4)c3)cc21,6.680061560019691
CHEMBL5976517,CDK1,209.0,nM,Cc1nc2c(F)cc(-c3nc(Nc4ccc5c(n4)CCN(CC#CCN(C)C)C5)ncc3F)cc2n1C(C)C,6.679853713888946
CHEMBL5882008,CDK9,210.0,nM,CC(C)(C)OC(=O)N1C[C@H]2CC(C(=O)Nc3cc(-c4ccc5ncn(CC6CCOCC6)c5c4)c(Cl)cn3)C[C@H]2C1,6.6777807052660805
CHEMBL445813,CDK1,210.0,nM,O=C(NC1CCNCC1)c1n[nH]cc1NC(=O)c1c(Cl)cccc1Cl,6.6777807052660805
CHEMBL72461,CDK2,210.0,nM,Cc1nc2ccccn2c1-c1ccnc(Nc2ccccc2)n1,6.6777807052660805
CHEMBL2158859,CDK1,210.0,nM,CNC(=O)Nc1ccc(-c2cc(-c3ccnc(Nc4cccc(S(=O)(=O)NC)c4)n3)ccn2)cc1,6.6777807052660805
CHEMBL5862699,CDK9,210.0,nM,O=C(Nc1cc(-c2ccc3c(c2)N(Cc2cncnc2)CC3)c(Cl)cn1)C1CCCNC1,6.6777807052660805
CHEMBL3085238,CDK1,210.0,nM,COc1ccc(CNc2nc(N3CCC[C@@H]3CO)nc3c2ncn3C(C)C)cc1,6.6777807052660805
CHEMBL257831,CDK4,210.0,nM,CN(C)c1ccc(CC(=O)Nc2n[nH]c3ccc(N4CCCS4(=O)=O)cc23)cc1,6.6777807052660805
CHEMBL260103,CDK1,210.0,nM,COc1ccc2c(c1)/C(=N/Nc1ccc(S(N)(=O)=O)cc1)C(=O)N2,6.6777807052660805
CHEMBL5962065,CDK9,210.0,nM,O=C(Nc1cc(-c2ccc3c(c2)N(Cc2cnc4c(c2)OCCO4)CC3)c(Cl)cn1)C1CCCNC1,6.6777807052660805
CHEMBL6011730,CDK9,210.0,nM,O=C(Nc1cc(-c2ccc3c(c2)N(CC(=O)N2CCOCC2)CC3)c(Cl)cn1)C1CCCNC1,6.6777807052660805
CHEMBL457888,CDK4,210.0,nM,Cc1ncc(-c2ccnc(Nc3ccc(S(=O)(=O)CCCN4CCOCC4)cc3)n2)n1C(C)C,6.6777807052660805
CHEMBL3905910,CDK6,210.0,nM,CN1CC[C@@H](c2c(O)cc(O)c3c(=O)cc(-c4ccc(C(F)(F)F)cc4Cl)oc23)[C@@H]1CO,6.6777807052660805
CHEMBL3589673,CDK9,210.0,nM,COc1ccc2nc(C(=O)O)c3c4cccc(Cl)c4[nH]c3c2c1,6.6777807052660805
CHEMBL6151890,CDK6,211.0,nM,CC1CCC2(CC1)CC(=O)c1ccc(-c3nc(Nc4ccc(N5CCN(C)CC5)cn4)ncc3F)cc1O2,6.675717544702307
CHEMBL6165726,CDK1,211.0,nM,Cc1ccc(O)c(C)c1-n1c(N)c(C(N)=O)c2c(=O)n(CC#N)c(C)nc21,6.675717544702307
CHEMBL3641922,CDK4,211.0,nM,C[C@H]1CN(c2ccc(Nc3ncc4c5ccncc5n([C@H]5CCC[C@H]5O)c4n3)nn2)CCN1,6.675717544702307
CHEMBL6014795,CDK2,212.0,nM,Cc1nc2c(F)cc(-c3nc(Nc4ccc5c(n4)CCN(C(=O)C4CCCN4)C5)ncc3F)cc2n1C1CC1,6.673664139071248
CHEMBL5872006,CDK9,212.0,nM,Cc1nc2c(F)cc(-c3nc(Nc4ccc5c(n4)CCN(C[C@H]4CCCN4C)C5)ncc3F)cc2n1C1CC1,6.673664139071248
CHEMBL6038282,CDK2,212.0,nM,Cc1nc2c(F)cc(-c3nc(Nc4ccc5c(n4)CCN(C(=O)[C@@H]4CCCN4)C5)ncc3F)cc2n1C1CC1,6.673664139071248
CHEMBL1568996,CDK9,214.0,nM,CCCCNc1nc(N)nc(-c2cc(Cl)ccc2O)n1,6.669586226650809
CHEMBL609040,CDK1,214.0,nM,O=C1Nc2cc3c(O)cccc3c3c4c(cc1c23)OCO4,6.669586226650809
CHEMBL365046,CDK2,214.0,nM,Nc1nc2ccc(C(=O)c3c(F)cccc3F)cn2c1C(=S)c1ccccc1,6.669586226650809
CHEMBL5555057,CDK2,214.4,nM,CC(=O)Nc1ccc(CNc2nc(NC3CCCNC3)nc3c(C(C)C)cnn23)cc1,6.668775218979268
CHEMBL5778621,CDK9,215.0,nM,CC(=O)N[C@H]1CCC[C@H](C(=O)Nc2cc(-c3cnn4c3CCCC4)c(Cl)cn2)C1,6.667561540084394
CHEMBL2403098,CDK1,215.0,nM,OC1CCC(Nc2nc(NCc3ccc(-c4ccco4)nc3)c3ncn(C4CCCC4)c3n2)CC1,6.667561540084394
CHEMBL3641943,CDK4,216.0,nM,C[C@H](CO)n1c2cnccc2c2cnc(Nc3ccc(N4CCC(N(C)C)CC4)nn3)nc21,6.665546248849069
CHEMBL3698678,CDK6,218.0,nM,Oc1cc2c3cnc(Nc4ccc(N5CCNCC5)cn4)nc3n(C3CCCC3)c2cn1,6.661543506395395
CHEMBL5911327,CDK1,218.0,nM,Cc1nc2c(F)cc(-c3nc(Nc4ccc5c(n4)CCN(CCCN(C)C)C5)ncc3F)cc2n1C(C)(C)C,6.661543506395395
CHEMBL3641946,CDK4,218.0,nM,C[C@H](CO)n1c2cnccc2c2cnc(Nc3ccc(N4CCNC(C)(C)C4)nn3)nc21,6.661543506395395
CHEMBL5413586,CDK9,219.0,nM,O=C(Cn1cc(Br)c(=O)n(CC(=O)Nc2ccc(Br)cn2)c1=O)Nc1ccc(Br)cn1,6.6595558851598815
CHEMBL3641950,CDK4,219.0,nM,O[C@@H]1CCN(c2ccc(Nc3ncc4c5ccncc5n([C@@H]5CCOC5)c4n3)nn2)C1,6.6595558851598815
CHEMBL5744310,CDK9,220.0,nM,O=C(Nc1cc(-c2cc(F)c3ncn(CC4CCOCC4)c3c2)c(Cl)cn1)[C@@H]1CCCNC1,6.657577319177793
CHEMBL482211,CDK2,220.0,nM,CC[C@H](CO)Nc1nc(NCc2ccccc2)c2ncc(C(C)C)n2n1,6.657577319177793
CHEMBL3953160,CDK2,220.0,nM,COc1cc(F)ccc1-c1nc(Nc2cc(C)cc(CS(C)(=O)=NC#N)c2)ncc1F,6.657577319177793
CHEMBL6049394,CDK9,220.0,nM,N[C@H]1CC[C@H](Nc2cc(-c3ccc4ncn(Cc5cccc(F)c5)c4c3)c(Cl)cn2)CC1,6.657577319177793
CHEMBL412097,CDK1,220.0,nM,C/C(Nc1ccc(S(N)(=O)=O)cc1)=C1/C(=O)Nc2ccc(Cl)cc21,6.657577319177793
CHEMBL5784717,CDK9,220.0,nM,O=C(Nc1cc(-c2ccc3ncn(CC4CCOCC4)c3c2)c(Cl)cn1)[C@@H]1C[C@H]2CN[C@@H]1C2,6.657577319177793
CHEMBL1922120,CDK2,220.0,nM,CCC(O)[C@@H](CC)Nc1nc(NCc2cccnc2)c2ncn(C(C)C)c2n1,6.657577319177793
CHEMBL1800458,CDK1,220.0,nM,Nc1nc(-c2cc(N3C[C@H](O)[C@@H](O)C3)ccc2O)cc(C2CCCNC2)n1,6.657577319177793
CHEMBL3962241,CDK2,220.0,nM,COc1cc(F)ccc1-c1nc(Nc2cc(F)cc(CS(C)(=N)=O)c2)ncc1F,6.657577319177793
CHEMBL322568,CDK1,220.0,nM,CSc1ccc(Nc2nc(N)c(N=O)c(OCC3CCCCC3)n2)cc1,6.657577319177793
CHEMBL4077967,CDK2,220.0,nM,CN(C)Cc1ccc2ccc(Cl)c(C3=C(c4cn(C)c5ccccc45)C(=O)NC3=O)c2c1,6.657577319177793
CHEMBL5419652,CDK2,220.0,nM,N#Cc1ccc(Nc2nccc(C(=O)Nc3cnccc3-c3ccc(F)cc3)n2)cc1,6.657577319177793
CHEMBL1080583,CDK1,220.0,nM,CCC(CO)Nc1nc(Nc2cccc(-c3ccccn3)c2)c2ncn(C(C)C)c2n1,6.657577319177793
CHEMBL5842602,CDK9,220.0,nM,O=C(Nc1cc(-c2ccc3ncn(CC4CCOCC4)c3c2)c(Cl)cn1)C1CCc2nccn2C1,6.657577319177793
CHEMBL418203,CDK2,220.0,nM,CN1CCC(c2c(O)cc(O)c3c(=O)cc(-c4ccccc4Cl)oc23)[C@@H](O)C1,6.657577319177793
CHEMBL3944304,CDK2,220.0,nM,COc1cc(F)ccc1-c1nc(Nc2cccc(CS(=O)(=NC#N)C3CC3)c2)ncc1F,6.657577319177793
CHEMBL563366,CDK2,220.0,nM,CNC(=O)c1nn(C)c2c1C(C)(C)Cc1cnc(Nc3cccc(N(C)C)c3)nc1-2,6.657577319177793
CHEMBL102636,CDK2,220.0,nM,COc1ccc(Nc2nc(N)c(N=O)c(OCC3CCCCC3)n2)cc1,6.657577319177793
CHEMBL6148196,CDK9,221.0,nM,COc1cc(F)ccc1-c1cc(Nc2ccc(N3CCN(C(=O)c4cc(Cc5n[nH]c(=O)c6ccccc56)ccc4F)CC3)cn2)ncn1,6.655607726314889
CHEMBL5932825,CDK1,222.0,nM,Cc1nc2c(F)cc(-c3nc(Nc4ccc5c(n4)CCN(C(=O)CN(C)C)C5)ncc3F)cc2n1C1CC1,6.653647025549361
CHEMBL5093661,CDK9,222.0,nM,Cc1nc2ccc(-c3cc(N)nc(N)c3)nc2n1CCOc1cccc(Cl)n1,6.653647025549361
CHEMBL6007400,CDK9,223.0,nM,Cc1nc2c(F)cc(-c3nc(Nc4ccc5c(n4)CCN(C[C@@H](C)N(C)C)C5)ncc3F)cc2n1C1CC1,6.651695136951839
CHEMBL1230170,CDK4,223.0,nM,CC(C)c1n[nH]c(Cl)c1-c1ccnc(Nc2ccc(N3CCNCC3)cn2)n1,6.651695136951839
CHEMBL112442,CDK2,224.0,nM,CCCC(=O)Nc1cc(C2CC2)[nH]n1,6.649751981665837
CHEMBL5562769,CDK1,225.0,nM,CNCc1ccc(-n2cc(-c3nc(NC4CCN(S(C)(=O)=O)CC4)ncc3C#N)cn2)c(Cl)c1,6.647817481888637
CHEMBL5439029,CDK4,227.0,nM,Oc1ccc(/C=N/n2c(S)nnc2-c2c[nH]c3ccccc23)cc1,6.6439741428068775
CHEMBL3641945,CDK4,227.0,nM,C[C@H](CO)n1c2cnccc2c2cnc(Nc3ccc(N4CCN[C@@H](C)C4)nn3)nc21,6.6439741428068775
CHEMBL6149866,CDK9,228.0,nM,COc1cc(F)ccc1-c1cc(Nc2ccc(N3CCN(C(=O)c4cc(Cc5n[nH]c(=O)c6ccccc56)ccc4F)CC3)cn2)ncc1F,6.642065152999546
CHEMBL524629,CDK2,229.0,nM,CC(C)(C)c1cnc(CSc2cnc(NCC3CCNCC3)s2)o1,6.6401645176601125
CHEMBL5848341,CDK9,230.0,nM,CC(c1cccnc1)n1nnc2ccc(-c3cc(NC(=O)[C@@H]4CCCNC4)ncc3Cl)cc21,6.638272163982407
CHEMBL422759,CDK1,230.0,nM,CCC(C)(O)C#Cc1nc(NCc2ccc(OC)cc2)c2ncn(C(C)C)c2n1,6.638272163982407
CHEMBL6023787,CDK9,230.0,nM,CN(C)S(=O)(=O)NCC(=O)Nc1cc(-c2ccc3ncn(CC4CCOCC4)c3c2)c(Cl)cn1,6.638272163982407
CHEMBL5978806,CDK9,230.0,nM,NC(=O)C1(C(=O)Nc2cc(-c3ccc4ncn(Cc5cccc(F)c5)c4c3)c(Cl)cn2)CC1,6.638272163982407
CHEMBL3972845,CDK9,230.0,nM,CN1c2ccc(F)cc2-c2ccnc3[nH]c(C4=CCNCC4)c(c23)C1c1cnn(C)c1,6.638272163982407
CHEMBL2035049,CDK2,230.0,nM,C1=C/Cn2ccc3ccc(cc32)-c2ccnc(n2)Nc2ccc(OCCN3CCCC3)c(c2)COC/1,6.638272163982407
CHEMBL175143,CDK1,230.0,nM,CCn1cnc2c(Nc3cccc(OC)c3)nc(N[C@@H]3CCCC[C@@H]3N)nc21,6.638272163982407
CHEMBL133342,CDK9,230.0,nM,CC[C@@H](CO)Nc1nc(NCc2ccccc2)c2ncn(C(C)C)c2n1,6.638272163982407
CHEMBL14762,CDK9,230.0,nM,CC[C@H](CO)Nc1nc(NCc2ccccc2)c2ncn(C(C)C)c2n1,6.638272163982407
CHEMBL516003,CDK2,230.0,nM,O=C(Nc1ccccc1F)Nc1c[nH]nc1-c1nc2cc(CN3CCOCC3)ccc2[nH]1,6.638272163982407
CHEMBL291324,CDK4,230.0,nM,Nc1nc(N)c(N=O)c(=O)[nH]1,6.638272163982407
CHEMBL365847,CDK2,230.0,nM,CC(=O)c1c(C)c2cnc(Nc3ccc(N4CCNCC4)cc3)nc2n(C2CCCC2)c1=O,6.638272163982407
CHEMBL496162,CDK2,230.0,nM,CC(C)Oc1ccc2c(-c3ccnc(Nc4ccc(N5CCN(C)CC5)cc4)n3)cnn2n1,6.638272163982407
CHEMBL272026,CDK1,230.0,nM,NS(=O)(=O)c1ccc(N/N=C2\C(=O)Nc3ccc(C(=O)NCCCn4ccnc4)cc32)cc1,6.638272163982407
CHEMBL3914748,CDK9,230.0,nM,CN1Cc2c(C3=CCN(C(=O)OC(C)(C)C)CC3)[nH]c3nccc(c23)-c2cc(F)ccc21,6.638272163982407
CHEMBL102636,CDK1,230.0,nM,COc1ccc(Nc2nc(N)c(N=O)c(OCC3CCCCC3)n2)cc1,6.638272163982407
CHEMBL3912866,CDK2,230.0,nM,COc1cc(F)ccc1-c1nc(Nc2cc(CS(C)(=N)=O)cc(C(F)(F)C(F)(F)F)c2)ncc1F,6.638272163982407
CHEMBL251796,CDK2,230.0,nM,Cc1ccc(Sc2cnc(Nc3cccc(Br)n3)s2)cc1C(=O)N1CCN(C(=O)[C@@H](C)N)CC1,6.638272163982407
CHEMBL5175160,CDK2,230.0,nM,CNS(=O)(=O)c1ccc(Nc2ncc3c(n2)N([C@H]2CCC[C@@H]2C)C(=O)C32CC2)cc1,6.638272163982407
CHEMBL519715,CDK2,230.0,nM,COc1cc(Nc2ncc3c(C)nc(-c4ccccc4)n3n2)cc(OC)c1OC,6.638272163982407
CHEMBL2158862,CDK1,230.0,nM,CNC(=O)Nc1ccc(-c2cc(-c3ccnc(Nc4ccc(C)c(S(=O)(=O)NC)c4)n3)ccn2)cc1,6.638272163982407
CHEMBL5785822,CDK9,230.0,nM,CS(=O)(=O)c1ccc(CN2CCc3ccc(-c4cc(NC(=O)C5CCCNC5)ncc4Cl)cc32)cc1F,6.638272163982407
CHEMBL4208875,CDK1,230.7,nM,CCN1CCC(Oc2cnc(Nc3cc(-c4cc(F)c5nc(C)n(C(C)C)c5c4)ncn3)cn2)CC1,6.636952405478906
CHEMBL4756595,CDK2,231.0,nM,COc1cc(F)ccc1-c1cc(Nc2cc(CS(C)(=N)=O)ccn2)ncc1F,6.636388020107855
CHEMBL6038282,CDK1,232.0,nM,Cc1nc2c(F)cc(-c3nc(Nc4ccc5c(n4)CCN(C(=O)[C@@H]4CCCN4)C5)ncc3F)cc2n1C1CC1,6.634512015109101
CHEMBL2402952,CDK1,232.0,nM,NC1CCC(Nc2nc(NCc3ccc(-c4ccccc4)cc3)c3ncn(C4CCCC4)c3n2)CC1,6.634512015109101
CHEMBL4449998,CDK2,232.0,nM,Cc1nc2c(F)cc(-c3nc(Nc4ccc5c(n4)CCN(CCN(C)C)C5)ncc3F)cc2n1CC1CC1,6.634512015109101
CHEMBL3822583,CDK2,232.0,nM,CC(=O)N1CCC(n2ncc(Nc3ncc(Cl)c(-c4cnc5ccccn45)n3)c2C)CC1,6.634512015109101
CHEMBL5202522,CDK2,233.0,nM,Nc1nc(N[C@H]2CC3CCC2C3)sc1C(=O)c1ccccc1[N+](=O)[O-],6.632644078973981
CHEMBL3702163,CDK4,233.0,nM,COc1ccc(-c2ccc(Nc3ncc4c5ccncc5n(C5CCCC5)c4n3)nn2)cn1,6.632644078973981
CHEMBL5396524,CDK6,235.0,nM,Sc1nnc(-c2c[nH]c3ccccc23)n1/N=C/c1ccc(Cl)cc1,6.628932137728263
CHEMBL6141840,CDK2,235.5,nM,COCCN1CCC(c2cc3c(-c4cnn(CC5CC5)c4)c(Cl)cnc3[nH]2)CC1,6.6280090885350855
CHEMBL477038,CDK2,237.0,nM,Cn1cc(C2=C(c3coc4cc(CO)ccc34)C(=O)NC2=O)c2cc(F)ccc21,6.625251653989896
CHEMBL3698677,CDK4,237.0,nM,COc1cc2c3cnc(Nc4ccc(N5CCNCC5)cn4)nc3n(C3CCCC3)c2cn1,6.625251653989896
CHEMBL3641954,CDK4,238.0,nM,O[C@@H]1CCN(c2ccc(Nc3ncc4c5ccncc5n([C@H]5CCOC5)c4n3)nc2)C1,6.623423042943488
CHEMBL5596479,CDK9,238.2,nM,O=C(CCCCCCn1cc(Nc2cc(-c3cccc(NCC4CCOCC4)n3)c(Cl)cn2)cn1)NO,6.623058242853242
CHEMBL5407116,CDK2,239.7,nM,S=C(Nc1ccccc1)N1CCN(c2nnc(Cc3ccccc3)c3ccccc23)CC1,6.620331965966346
CHEMBL3900733,CDK9,240.0,nM,CN1Cc2c(C3=CCCN(CC(=O)O)C3)[nH]c3nccc(c23)-c2cc(F)ccc21,6.619788758288394
CHEMBL225519,CDK2,240.0,nM,O=C1NCCc2[nH]c(-c3ccncc3)cc21,6.619788758288394
CHEMBL5170195,CDK2,240.0,nM,COc1cc(F)ccc1-c1ccnc2[nH]c(-c3ccc(CN4CCOCC4)cc3)cc12,6.619788758288394
CHEMBL3673495,CDK9,240.0,nM,Fc1cccc(-c2ccnc3[nH]c(C4=CCNCC4)cc23)n1,6.619788758288394
CHEMBL100309,CDK1,240.0,nM,O=C1Cc2c([nH]c3ccc(C(F)(F)F)cc23)-c2cc(Br)ccc2N1,6.619788758288394
CHEMBL3960348,CDK2,240.0,nM,COc1cc(F)ccc1-c1nc(Nc2cccc(CS(C)(=O)=NC#N)c2)ncc1F,6.619788758288394
CHEMBL5856464,CDK9,240.0,nM,N[C@H]1CC[C@H](Nc2cc(-c3ccc4c(c3)N(Cc3cccc(F)c3)CC4)c(Cl)cn2)CC1,6.619788758288394
CHEMBL5414905,CDK9,240.0,nM,CCc1cnn2c(NCc3nc4ccc(F)c(F)c4[nH]3)cc(N3CCCC[C@H]3CCO)nc12,6.619788758288394
CHEMBL103055,CDK1,240.0,nM,CCN1CCOCCn2cc(c3ccccc32)C2=C(C(=O)NC2=O)c2cn(c3ccccc23)CCOCC1,6.619788758288394
CHEMBL2029902,CDK1,240.0,nM,CN1CCN(C(=O)c2cc(Nc3ncc4ccn(C5CCCC5)c4n3)cn2C)CC1,6.619788758288394
CHEMBL3641968,CDK4,240.0,nM,C[C@H](O)Cn1c2cnccc2c2cnc(Nc3ccc(N4CCC(N(C)C)CC4)nn3)nc21,6.619788758288394
CHEMBL5425784,CDK9,240.0,nM,O=C1CCC(N2C(=O)c3cccc(OCCCCCn4cc(CCCCN5CCC(NC(=O)c6n[nH]cc6NC(=O)c6c(Cl)cccc6Cl)CC5)nn4)c3C2=O)C(=O)N1,6.619788758288394
CHEMBL5773394,CDK9,240.0,nM,Fc1cccc(Cn2cnc3ccc(-c4cc(NCCC5CCN5)ncc4Cl)cc32)c1,6.619788758288394
CHEMBL3774632,CDK9,240.0,nM,CC(O)CNc1nc(NCc2ccc(-c3ccccn3)cc2)c2[nH]nc(C(C)C)c2n1,6.619788758288394
CHEMBL5812991,CDK1,242.0,nM,CN1CCN(C(=O)c2ccc(Nc3ncc4cc5n(c4n3)C3(CCCCC3)C(=O)NN5)cc2)CC1,6.616184634019569
CHEMBL3683258,CDK6,242.6,nM,CN[C@@H]1CC2OC([C@@H]1OC)n1c3ccccc3c3c4c(c5c6ccccc6n2c5c31)C(=O)NC4,6.615109203469446
CHEMBL4214566,CDK6,244.1,nM,CCN1CCN(Cc2ccc(Nc3ncc(F)c(-c4cc(F)c5nc6n(c5c4)CCC6)n3)nc2)CC1,6.612432220582811
CHEMBL5594512,CDK9,246.8,nM,CC(C)S(=O)(=O)c1ccccc1Nc1nc([C@@H]2CCC[C@H](N)C2)ncc1Cl,6.607654844638796
CHEMBL482368,CDK2,247.0,nM,COc1cc(-c2ccc3c(-c4nc5c(N6CCN(C)CC6)cccc5[nH]4)n[nH]c3c2)ccc1N,6.607303046740334
CHEMBL5574741,CDK1,247.0,nM,Cn1cnc(S(=O)(=O)N2CCC(Nc3ncc(C#N)c(-c4cnn(CC(F)(F)F)c4)n3)CC2)c1,6.607303046740334
CHEMBL210581,CDK2,247.0,nM,COCCOCC(=O)NS(=O)(=O)c1ccc(Nc2nc(N)n(C(=O)c3c(F)cccc3F)n2)cc1,6.607303046740334
CHEMBL4204961,CDK6,247.8,nM,CCN1CCN(Cc2ccc(Nc3ncc(F)c(-c4cc(F)c5nc6n(c5c4)CCCCC6)n3)nc2)CC1,6.605898697959955
CHEMBL560839,CDK2,248.0,nM,CNC(=O)c1nn(C)c2c1C(C)(C)Cc1cnc(Nc3cccc(N4CCOCC4)c3)nc1-2,6.605548319173783
CHEMBL195831,CDK1,248.0,nM,Brc1cnc(Nc2ccc(Oc3cccnc3)cc2)nc1Nc1ccc2[nH]cnc2c1,6.605548319173783
CHEMBL3702230,CDK4,248.0,nM,CC[C@H](C)n1c2cnccc2c2cnc(Nc3ccc(N4CCNCC4)cn3)nc21,6.605548319173783
CHEMBL5828906,CDK2,249.0,nM,Cc1nc2c(F)cc(-c3nc(Nc4ccc5c(n4)CCN(C[C@@H](C)N)C5)ncc3F)cc2n1C1CC1,6.603800652904264
CHEMBL517744,CDK1,250.0,nM,CN(C)CC(O)Cn1c2ccc(O)cc2c2c3c(c(-c4ccccc4Cl)cc21)C(=O)NC3=O,6.6020599913279625
CHEMBL529669,CDK1,250.0,nM,O=C1NC(=O)c2c1c(-c1ccccc1Cl)cc1c2c2cc(O)ccc2n1CCN1CCOCC1,6.6020599913279625
CHEMBL401746,CDK1,250.0,nM,CN(C)CCCCc1cc2[nH]c3cc(-c4ccccc4Cl)c4c(c3c2cc1O)C(=O)NC4=O,6.6020599913279625
CHEMBL304428,CDK1,250.0,nM,O=C1NC(=O)c2c1c1c3ccccc3n3c1c1c2c2ccccc2n1C1CCC3O1,6.6020599913279625
CHEMBL3673496,CDK9,250.0,nM,CS(=O)(=O)N1CC=C(c2cc3c(-c4cccc(F)n4)ccnc3[nH]2)CC1,6.6020599913279625
CHEMBL232749,CDK2,250.0,nM,Cc1cc(N2CCCS2(=O)=O)c2oc(-c3ccc(O)cc3)c(O)c(=O)c2c1,6.6020599913279625
CHEMBL1081831,CDK1,250.0,nM,N[C@H](CNc1ncc(-c2ccc3c(c2)CC(=O)N3)s1)Cc1ccc(C(F)(F)F)cc1,6.6020599913279625
CHEMBL562194,CDK1,250.0,nM,C[C@@H]1CNc2c(sc3ccc4oc(-c5ccccc5)cc4c23)C(=O)N1,6.6020599913279625
CHEMBL206659,CDK2,250.0,nM,CS(=O)(=O)c1ccc(Nc2cc(N[C@H]3CC[C@H](N)CC3)nc3ncnn23)cc1,6.6020599913279625
CHEMBL173737,CDK1,250.0,nM,CCn1cnc2c(Nc3cccc(F)c3)nc(N[C@@H]3CCCC[C@@H]3N)nc21,6.6020599913279625
CHEMBL5406341,CDK2,250.0,nM,Cn1cc(CCNc2ccc([N+](=O)[O-])cc2C(=O)O)c2ccc(Br)cc21,6.6020599913279625
CHEMBL271715,CDK1,250.0,nM,O=C1NC(=O)c2c1c(-c1ccccc1Cl)cc1c2c2cc(O)c(OCCCN3CCOCC3)cc2n1CCO,6.6020599913279625
CHEMBL5956453,CDK9,250.0,nM,O=C(Nc1cc(-c2cc3c(cc2Cl)ncn3CC2CCOCC2)c(Cl)cn1)[C@@H]1CCCNC1,6.6020599913279625
CHEMBL411490,CDK1,250.0,nM,Cc1ccc2c(c1Cl)/C(=N/Nc1ccc(S(N)(=O)=O)cc1)C(=O)N2,6.6020599913279625
CHEMBL495570,CDK4,250.0,nM,Fc1ccc(-c2ccc3c(-c4ccnc(NC5CC5)n4)cnn3n2)cc1,6.6020599913279625
CHEMBL272684,CDK1,250.0,nM,NS(=O)(=O)c1ccc(N/N=C2\C(=O)Nc3cccc(-c4cc[nH]n4)c32)cc1,6.6020599913279625
CHEMBL401776,CDK1,250.0,nM,CN(C)CCCOc1cc2c(cc1O)c1c3c(c(-c4ccccc4Cl)cc1n2CCO)C(=O)NC3=O,6.6020599913279625
CHEMBL3668343,CDK9,250.0,nM,COc1ccc(F)cc1-c1ccnc2[nH]c(C3CN(C)CCO3)cc12,6.6020599913279625
CHEMBL556214,CDK2,250.0,nM,Cc1nnc2sc(Cc3sc(N)nc3O)nn12,6.6020599913279625
CHEMBL460940,CDK1,250.0,nM,CS(=O)(=O)NC(=O)CCn1c2ccc(O)cc2c2c3c(c(-c4ccccc4Cl)cc21)C(=O)NC3=O,6.6020599913279625
CHEMBL5932240,CDK9,250.0,nM,O=C(Nc1cc(-c2ccc3ncn(CC4CCOCC4)c3c2)c(Cl)cn1)C1CCNCC1,6.6020599913279625
CHEMBL1800460,CDK2,250.0,nM,CN(C)c1cc(-c2cc(N3C[C@H](O)[C@@H](O)C3)ccc2O)nc(N)n1,6.6020599913279625
CHEMBL403679,CDK1,250.0,nM,O=C1NC(=O)c2c1c(-c1ccccc1Cl)cc1[nH]c3cc(CCCCN4CCOCC4)c(O)cc3c21,6.6020599913279625
CHEMBL3949630,CDK2,250.0,nM,COc1cc(F)ccc1-c1nc(Nc2cc(F)cc(CS(=O)(=NC#N)C3CC3)c2)ncc1F,6.6020599913279625
CHEMBL417228,CDK2,250.0,nM,COc1ccc2c(c1)/C(=C/c1[nH]cc3c1CCNC3=O)C(=O)N2,6.6020599913279625
CHEMBL503212,CDK4,250.0,nM,c1csc(-c2ccc3c(-c4ccnc(NC5CC5)n4)cnn3n2)c1,6.6020599913279625
CHEMBL4756595,CDK1,250.0,nM,COc1cc(F)ccc1-c1cc(Nc2cc(CS(C)(=N)=O)ccn2)ncc1F,6.6020599913279625
CHEMBL411662,CDK1,250.0,nM,O=C1NC(=O)c2c1c(-c1ccccc1Cl)cc1c2c2cc(O)ccc2n1CCCO,6.6020599913279625
CHEMBL3655772,CDK9,250.0,nM,CC[C@H](Nc1nc(NCc2ccc(C(F)(F)F)nc2)c2ncn(C(C)C)c2n1)[C@@H](C)O,6.6020599913279625
CHEMBL5783228,CDK9,250.0,nM,N#CC1(Cn2cnc3ccc(-c4cc(NCCO)ncc4Cl)cc32)CCOCC1,6.6020599913279625
CHEMBL5542095,CDK9,250.3,nM,CC(=O)Nc1ccc(CNc2nc(NC(CO)CO)nc3c(C(C)C)cnn23)cc1,6.601539150391776
CHEMBL4752238,CDK2,251.0,nM,C=CC(=O)Nc1ccc(O[C@@H]2CCC[C@@H](Nc3ncc(SCc4ncc(C(C)(C)C)o4)s3)C2)c(C(F)(F)F)c1,6.600326278518962
CHEMBL199299,CDK1,251.0,nM,COc1cc(-c2ccc3c(c2)NC(=O)/C3=C\c2ncc[nH]2)ccc1O,6.600326278518962
CHEMBL5190752,CDK6,251.3,nM,Nc1ccc(Oc2ccc(NC(=O)Nc3cccc(C(F)(F)F)c3)cc2)cn1,6.599807511407424
CHEMBL195595,CDK1,252.0,nM,FC(F)(F)c1cnc(Nc2ccc3[nH]cnc3c2)nc1Oc1ccc(Cl)cc1,6.598599459218455
CHEMBL3823301,CDK2,254.0,nM,CC(=O)N1CCC(n2ncc(Nc3ncc(Cl)c(-c4cnn5ccccc45)n3)c2C)CC1,6.5951662833800615
CHEMBL6147673,CDK1,254.8,nM,CN1CCC(c2cc3c(-c4cnn(CC5CC5)c4)c(Cl)cnc3[nH]2)CC1,6.593800576336687
CHEMBL3702137,CDK6,257.0,nM,c1cc2c3cnc(Nc4ccc(N5CCNCC5)cn4)cc3n(Cc3ccsc3)c2cn1,6.590066876668706
CHEMBL3684979,CDK4,257.0,nM,C[C@H]1CC[C@H](n2c3cnccc3c3cnc(Nc4cc5c(cn4)CCNC5)nc32)CC1,6.590066876668706
CHEMBL6144731,CDK9,257.7,nM,CN1CC(F)(F)CCN(C)[C@H]2CC[C@@H](C2)Nc2ncc(C(F)(F)F)c(n2)-c2c[nH]c3c(P(C)(C)=O)c(ccc23)C1=O,6.588885581449095
CHEMBL3641923,CDK4,258.0,nM,CNC1CCN(c2ccc(Nc3ncc4c5ccncc5n([C@H]5CCC[C@H]5O)c4n3)nn2)CC1,6.58838029403677
CHEMBL5093528,CDK6,258.0,nM,CCN(CC)c1cnc2ccc(-c3nc(Nc4ccc(CN5CCN(C(C)C)CC5)cn4)ncc3F)cc2n1,6.58838029403677
CHEMBL5981230,CDK1,258.0,nM,O=C(c1ccc(Nc2ncc3cc4n(c3n2)C2(CCCCC2)C(=O)NN4)cc1)N1CCOCC1,6.58838029403677
CHEMBL3641973,CDK4,259.0,nM,C[C@@H](O)Cn1c2cnccc2c2cnc(Nc3ccc(N4CCNCC4)nn3)nc21,6.586700235918748
CHEMBL5880615,CDK9,260.0,nM,O=C(Nc1cc(-c2cnc3ccn(CC(O)C4CCOCC4)c3c2)c(Cl)cn1)[C@@H]1CCCNC1,6.585026652029182
CHEMBL195641,CDK4,260.0,nM,N#CNc1ccc(Nc2ncc(C(F)(F)F)c(Nc3ccc4[nH]cnc4c3)n2)cc1NC#N,6.585026652029182
CHEMBL6052847,CDK9,260.0,nM,O=C(Nc1cc(-c2ccc3c(c2)NCC3)c(Cl)cn1)[C@@H]1CCCNC1,6.585026652029182
CHEMBL118130,CDK1,260.0,nM,Oc1ccc(-c2[nH]nc3ncnc(Nc4cccc(Cl)c4)c23)cc1,6.585026652029182
CHEMBL5787741,CDK9,260.0,nM,O=C(Nc1cc(-c2ccc3nnn(CCN4CCOCC4)c3c2)c(Cl)cn1)[C@@H]1CCCNC1,6.585026652029182
CHEMBL6063384,CDK9,260.0,nM,Fc1cccc(Cn2cnc3ccc(-c4cc(NCc5c[nH]cn5)ncc4Cl)cc32)c1,6.585026652029182
CHEMBL1241849,CDK4,260.0,nM,CN(C)CCNS(=O)(=O)c1ccc(Nc2cccc(-c3cnc4ccccn34)c2)cc1,6.585026652029182
CHEMBL100818,CDK1,260.0,nM,COc1ccc2sc3c(c2c1)NC[C@H](C)NC3=O,6.585026652029182
CHEMBL382607,CDK2,260.0,nM,N[C@H]1CC[C@H](Nc2cc(Nc3ccc(S(=O)(=O)c4ccccc4)cc3)n3ncnc3n2)CC1,6.585026652029182
CHEMBL5749275,CDK9,260.0,nM,CCNC(=O)N1CC2(C1)C(C(=O)Nc1cc(-c3ccc4ncn(Cc5cccc(F)c5)c4c3)c(Cl)cn1)CCS2(=O)=O,6.585026652029182
CHEMBL5203694,CDK9,260.0,nM,CC(C)Cn1cc(-c2ccnc3[nH]c(C4CCN(CC(=O)N(C)C)CC4)cc23)ccc1=O,6.585026652029182
CHEMBL72548,CDK4,260.0,nM,CN(C)CCNS(=O)(=O)c1ccc(Nc2nccc(-c3cnc4ccccn34)n2)cc1,6.585026652029182
CHEMBL3673499,CDK9,260.0,nM,CS(=O)(=O)N1CC=C(c2cc3c(-c4cccc(NCC5CC5)n4)ccnc3[nH]2)CC1,6.585026652029182
CHEMBL364935,CDK4,260.0,nM,FC(F)(F)c1cnc(Nc2ccc(Br)cc2)nc1Nc1ccc2[nH]cnc2c1,6.585026652029182
CHEMBL1800453,CDK1,260.0,nM,CCCCCCc1cc(-c2cc(N3C[C@H](O)[C@@H](O)C3)ccc2O)nc(N)n1,6.585026652029182
CHEMBL6166383,CDK1,261.0,nM,C=CCn1c(C)nc2c(c(C(N)=O)c(N)n2-c2c(C)ccc(O)c2C)c1=O,6.583359492661719
CHEMBL3641938,CDK4,261.0,nM,CNC1CCN(c2ccc(Nc3ncc4c5ccncc5n([C@H](C)CO)c4n3)nc2)CC1,6.583359492661719
CHEMBL5573043,CDK2,263.0,nM,CNCc1ccc(-n2cc(-c3nc(NC4CCN(S(C)(=O)=O)CC4)ncc3C(F)(F)F)cn2)c(Cl)c1,6.580044251510242
CHEMBL3691586,CDK4,264.0,nM,CN(C)C(=O)c1cc2cnc(Nc3ccc(C(=O)C45C[C@H]6C[C@@H](O)C[C@@H](C4)N65)cn3)nc2n1C1CCCC1,6.578396073130168
CHEMBL5774332,CDK1,264.0,nM,Cc1nc2c(F)cc(-c3nc(Nc4ccc5c(n4)CCN(C[C@@H]4CN(C)CCO4)C5)ncc3F)cc2n1C(C)(C)C,6.578396073130168
CHEMBL4756935,CDK2,264.0,nM,C=CC(=O)Nc1ccc(S(=O)(=O)N2CCCC(Nc3ncc(SCc4ncc(C(C)(C)C)o4)s3)C2)cc1,6.578396073130168
CHEMBL5940888,CDK2,264.0,nM,C=CC(=O)Nc1ccc(S(=O)(=O)N2CCC[C@@H](Nc3ncc(SCc4ncc(C(C)(C)C)o4)s3)C2)cc1,6.578396073130168
CHEMBL210765,CDK2,266.0,nM,CN1CCN(CCC(=O)NS(=O)(=O)c2ccc(Nc3nc(N)n(C(=O)c4c(F)cccc4F)n3)cc2)CC1,6.575118363368933
CHEMBL6144286,CDK2,266.9,nM,Cn1cc(-c2c(Cl)cnc3[nH]c(C4CCNCC4)cc23)cn1,6.573651426212493
CHEMBL5807535,CDK2,267.0,nM,C=CC(=O)NCc1ccc(C(=O)N2CCCC(Nc3ncc(SCc4ncc(C(C)(C)C)o4)s3)C2)cc1,6.573488738635424
CHEMBL5573176,CDK1,268.0,nM,Cc1ccc(O)c(C)c1-n1c(N)c(C(=O)N2CCn3ncc(Cl)c3C2)c2nc(C)c(C)nc21,6.571865205971211
CHEMBL5559020,CDK9,268.0,nM,CC(=O)Nc1ccc(CNc2nc(NC3CCN(C)CC3)nc3c(C(C)C)cnn23)cc1,6.571865205971211
CHEMBL6134468,CDK9,269.0,nM,COc1ccc(F)cc1-c1cc(Nc2cc(CN3CCN(C(=O)c4cc(Cc5n[nH]c(=O)c6ccccc56)ccc4F)CC3)ccn2)ncn1,6.570247719997592
CHEMBL5281785,CDK2,269.0,nM,O=C(Nc1n[nH]c2ccc(-c3cncc(NC[C@H](O)c4ccccc4)c3)cc12)c1ccccc1,6.570247719997592
CHEMBL212049,CDK2,270.0,nM,Cc1cnc(OC2CCCCC2)nc1-c1cnc(Nc2ccccn2)s1,6.568636235841012
CHEMBL5749032,CDK9,270.0,nM,OCCNc1cc(-c2ccc3ncn(Cc4cncc(F)c4)c3c2)c(Cl)cn1,6.568636235841012
CHEMBL380331,CDK2,270.0,nM,NS(=O)(=O)c1ccc(Nc2cc(N[C@H]3CC[C@H](N)CC3)nc3ncnn23)cc1,6.568636235841012
CHEMBL6059162,CDK9,270.0,nM,Cn1cc(N2CCCC(Nc3cc(-c4ccc5ncn(Cc6cccc(F)c6)c5c4)c(Cl)cn3)C2)cn1,6.568636235841012
CHEMBL454646,CDK9,270.0,nM,CC1CNCC(C(=O)Nc2ncc(SCc3ncc(C(C)(C)C)o3)s2)C1,6.568636235841012
CHEMBL3668371,CDK9,270.0,nM,COc1ccc(F)cc1-c1ccnc2[nH]c(C3CCCCC3)cc12,6.568636235841012
CHEMBL5938374,CDK9,270.0,nM,O=C(Nc1cc(-c2ccc3ncn(Cc4cccc(F)c4)c3c2)c(Cl)cn1)c1cnc2c(c1)OCCO2,6.568636235841012
CHEMBL3978185,CDK2,270.0,nM,CS(=N)(=O)Cc1cccc(Nc2ncc(F)c(-c3cccc4c3OCCC4)n2)c1,6.568636235841012
CHEMBL3668437,CDK9,270.0,nM,COc1ccc(F)cc1-c1ccnc2[nH]c(C3(O)CCOCC3)cc12,6.568636235841012
CHEMBL5207871,CDK1,270.0,nM,CC(C)n1cc(-c2ccnc3[nH]c(C4CCN(CC(=O)N5CCCC5)CC4)cc23)ccc1=O,6.568636235841012
CHEMBL5978228,CDK9,270.0,nM,Fc1cccc(Cn2cnc3ccc(-c4cc(N[C@@H]5CC[C@@]56CCCNC6)ncc4Cl)cc32)c1,6.568636235841012
CHEMBL2035052,CDK2,270.0,nM,C1=C/COCc2cc(ccc2OCCN2CCCC2)Nc2nccc(n2)-c2ccnc(c2)OCC/1,6.568636235841012
CHEMBL3655767,CDK9,270.0,nM,CC[C@H](Nc1nc(NC2CC2)c2ncn(C(C)C)c2n1)[C@@H](C)O,6.568636235841012
CHEMBL5792693,CDK9,270.0,nM,O=C(Nc1cc(-c2cnn3c2CCCC3)c(Cl)cn1)[C@@H]1CCCNC1,6.568636235841012
CHEMBL4066819,CDK9,270.0,nM,COCCNC(=O)c1ccc(Oc2sc(C(N)=O)c3c2-c2sncc2CC3)cn1,6.568636235841012
CHEMBL57446,CDK2,270.0,nM,Cc1cccc2c1/C(=C/c1[nH]cc3c1CCOC3=O)C(=O)N2,6.568636235841012
CHEMBL5573971,CDK1,271.0,nM,Cc1ccc(O)c(C)c1-n1c(N)c(C(=O)N2CCn3nccc3C2)c2nc(C3CC3)cnc21,6.567030709125595
CHEMBL3641974,CDK4,271.0,nM,C[C@@H](O)Cn1c2cnccc2c2cnc(Nc3ccc(N4CCC(N(C)C)CC4)nn3)nc21,6.567030709125595
CHEMBL4216447,CDK6,271.0,nM,Cc1nc(Nc2ncc(F)c(-c3cc(F)c4nc5n(c4c3)C(C)(C)CC5)n2)ccc1CN1CCN(C)CC1,6.567030709125595
CHEMBL5419338,CDK6,271.0,nM,Sc1nnc(-c2c[nH]c3ccccc23)n1/N=C/c1ccc(Cl)cc1Cl,6.567030709125595
CHEMBL5081007,CDK6,272.0,nM,CCN1CCN(C(=O)c2ccc(Nc3ncc(F)c(-c4ccc5ncc(N(CC)CC)nc5c4)n3)nc2)CC1,6.565431095965801
CHEMBL5881472,CDK6,272.0,nM,Cc1nc2c(C(F)(F)F)cc(-c3nc(Nc4ccc5c(n4)CCNC5)ncc3F)cc2n1C(C)C,6.565431095965801
CHEMBL5834090,CDK1,273.0,nM,Cc1nc2c(F)cc(-c3nc(Nc4ccc5c(n4)CCN(CCN(C)CCO)C5)ncc3F)cc2n1C(C)(C)C,6.5638373529592435
CHEMBL4209318,CDK6,275.0,nM,CC1CCc2nc3c(F)cc(-c4nc(Nc5ccc(CN6CCN(C)CC6)cn5)ncc4F)cc3n21,6.560667306169737
CHEMBL3641914,CDK6,275.0,nM,CN(C)C1CCN(c2ccc(Nc3ncc4c5ccncc5n([C@H]5CCC[C@H]5O)c4n3)nn2)CC1,6.560667306169737
CHEMBL1082016,CDK2,276.0,nM,Cn1c(=O)[nH]c2ccc(-c3cnc(NC[C@@H](N)Cc4ccc(C(F)(F)F)cc4)s3)cc21,6.559090917934782
CHEMBL5596683,CDK9,277.7,nM,O=C(NO)c1ccc(Cn2cc(Nc3cc(-c4cccc(NCC5CCOCC5)n4)c(Cl)cn3)cn2)cc1,6.556424120249742
CHEMBL115220,CDK1,279.0,nM,O=C(Cc1ccc2ccccc2c1)Nc1cc(C2CC2)n[nH]1,6.554395796726403
CHEMBL5819974,CDK9,280.0,nM,O=C(Nc1cc(-c2ccc3ncn(CC4CCOCC4)c3c2)c(Cl)cn1)[C@H]1CCCNC1,6.552841968657781
CHEMBL1688215,CDK2,280.0,nM,Nc1nccc(-c2ccc3c(N)n[nH]c3c2)n1,6.552841968657781
CHEMBL1800460,CDK1,280.0,nM,CN(C)c1cc(-c2cc(N3C[C@H](O)[C@@H](O)C3)ccc2O)nc(N)n1,6.552841968657781
CHEMBL5920478,CDK9,280.0,nM,CC(C(=O)Nc1cc(-c2ccc3ncn(CC4CCOCC4)c3c2)c(Cl)cn1)S(=O)(=O)C1CCOCC1,6.552841968657781
CHEMBL3644030,CDK1,280.0,nM,C=CCOc1nc(Nc2ccc(S(C)(=O)=O)cc2)ncc1C(F)(F)F,6.552841968657781
CHEMBL328194,CDK1,280.0,nM,COc1cc2c(cc1OC)-c1[nH]c3ccc(C(F)(F)F)cc3c1CC(=O)N2,6.552841968657781
CHEMBL4855324,CDK4,280.0,nM,COc1cc2nc(CNc3nc(N4CCOCC4)nc4c3ncn4-c3cnn(C)c3)[nH]c2cc1Cl,6.552841968657781
CHEMBL5832188,CDK2,281.0,nM,Cc1nc2c(F)cc(-c3nc(Nc4ccc5c(n4)CCN(C(=O)CN(C)C)C5)ncc3F)cc2n1C1CCCCC1,6.55129368009492
CHEMBL1964252,CDK2,281.0,nM,Cc1cccc(C)c1NS(=O)(=O)c1ccc(N/C=C2\C(=O)Nc3ccc4ncsc4c32)cc1,6.55129368009492
CHEMBL3641967,CDK4,281.0,nM,C[C@H](O)Cn1c2cnccc2c2cnc(Nc3ccc(N4CCNCC4)nn3)nc21,6.55129368009492
CHEMBL5082257,CDK6,282.0,nM,CN1CCN(C(=O)c2ccc(Nc3ncc(F)c(-c4ccc5nccnc5c4)n3)nc2)CC1,6.549750891680639
CHEMBL4206797,CDK4,283.4,nM,CCN1CCN(Cc2cnc(Nc3ncnc(-c4cc(F)c5nc(C)n(C(C)C)c5c4)c3F)cn2)CC1,6.547600154088558
CHEMBL3641927,CDK4,284.0,nM,C[C@@H](CO)n1c2cnccc2c2cnc(Nc3ccc(N4CC[C@@H](O)C4)cn3)nc21,6.546681659952963
CHEMBL4542247,CDK1,284.0,nM,Cc1nc2c(F)cc(-c3nc(Nc4ccc5c(n4)CCN(CCN(C)C)C5)ncc3F)cc2n1C1(C)CC1,6.546681659952963
CHEMBL1081853,CDK2,285.0,nM,N[C@H](CNc1ncc(-c2ccc3[nH]c(=O)sc3c2)s1)Cc1ccc(C(F)(F)F)cc1,6.54515513999149
CHEMBL5398705,CDK2,285.5,nM,O=C(Nc1ccccc1)N1CCN(c2nnc(Cc3ccccc3)c3ccccc23)CC1,6.544393887418133
CHEMBL4752989,CDK2,286.0,nM,CN(C)C/C=C/C(=O)Nc1cccc(C(=O)N2CCCC(Nc3ncc(SCc4ncc(C(C)(C)C)o4)s3)C2)c1,6.543633966870956
CHEMBL3890286,CDK2,288.0,nM,CCN(CC)C1CCN(C(=O)c2ccc(Nc3ncc4cc5n(c4n3)C3(CCCCC3)CNC5=O)nc2)C1,6.5406075122407685
CHEMBL5567277,CDK1,289.0,nM,Cc1ccc(O)c(C)c1-n1c(N)c(C(=O)N2CCn3ncc(C(F)(F)F)c3C2)c2nc(C)c(C)nc21,6.539102157243452
CHEMBL5089171,CDK9,289.0,nM,Cc1nc2ccc(-c3cc(N)nc(N)c3)nc2n1CCOc1cccc(Br)n1,6.539102157243452
CHEMBL174162,CDK1,290.0,nM,CCn1cnc2c(Nc3cccc(C(F)(F)F)c3)nc(N[C@H]3CC[C@@H](N)CC3)nc21,6.537602002101044
CHEMBL1738757,CDK1,290.0,nM,CNC(=O)c1cc(Oc2ccc(NC(=O)Nc3cc(C(C)(C)C)nn3-c3ccc4ncccc4c3)c(F)c2)ccn1,6.537602002101044
CHEMBL3655775,CDK2,290.0,nM,CC(C)n1cnc2c(NCc3cccnc3)nc(NC[C@@H](C)O)nc21,6.537602002101044
CHEMBL324942,CDK2,290.0,nM,O=C(Nc1cc(C2CC2)n[nH]1)c1ccccc1,6.537602002101044
CHEMBL5760451,CDK9,290.0,nM,NS(=O)(=O)c1ccc(CN2CCc3ccc(-c4cc(NC(=O)C5CCCNC5)ncc4Cl)cc32)cc1,6.537602002101044
CHEMBL5946512,CDK9,290.0,nM,O=C(Nc1cc(-c2ccc3ncn(CC4CCOCC4)c3n2)c(Cl)cn1)[C@@H]1CCCNC1,6.537602002101044
CHEMBL6035427,CDK9,290.0,nM,CN1CCN(S(=O)(=O)CC(=O)Nc2cc(-c3ccc4ncn(CC5CCOCC5)c4c3)c(Cl)cn2)CC1,6.537602002101044
CHEMBL272217,CDK1,290.0,nM,NS(=O)(=O)c1ccc(N/N=C2\C(=O)Nc3cccc(OCCc4ccncc4)c32)cc1,6.537602002101044
CHEMBL409104,CDK1,290.0,nM,NS(=O)(=O)c1ccc(N/N=C2\C(=O)Nc3cccc(Oc4ccccc4)c32)cc1,6.537602002101044
CHEMBL273061,CDK1,290.0,nM,NS(=O)(=O)c1ccc(N/N=C2\C(=O)Nc3ccc(F)cc32)cc1,6.537602002101044
CHEMBL3917892,CDK2,290.0,nM,CCS(=N)(=O)Cc1cc(F)cc(Nc2ncc(F)c(-c3ccc(F)cc3OC)n2)c1,6.537602002101044
CHEMBL5917706,CDK9,290.0,nM,CNC(=O)N1C[C@H]2CC(C(=O)Nc3cc(-c4ccc5ncn(CC6CCOCC6)c5c4)c(Cl)cn3)C[C@H]2C1,6.537602002101044
CHEMBL1794054,CDK1,290.0,nM,NS(=O)(=O)c1ccc(N/N=C2\C(=O)Nc3cccc(CCc4ccncc4)c32)cc1,6.537602002101044
CHEMBL3923419,CDK2,290.0,nM,CCOc1cc(F)ccc1-c1nc(Nc2cc(F)cc(CS(C)(=O)=NC#N)c2)ncc1F,6.537602002101044
CHEMBL5985694,CDK9,290.0,nM,O=C(Nc1cc(-c2ccc3ncn(Cc4cccc(F)c4)c3c2)c(Cl)cn1)C1CC(=O)N(c2cccc(Cl)c2)C1,6.537602002101044
CHEMBL5841955,CDK9,290.0,nM,Cn1c(Cc2cccc(F)c2)nc2ccc(-c3cc(NC(=O)[C@@H]4CCCNC4)ncc3Cl)cc21,6.537602002101044
CHEMBL5748572,CDK9,290.0,nM,CS(=O)(=O)c1ccc(CN2CCc3ccc(-c4cc(NC(=O)C5CCCNC5)ncc4Cl)cc32)cn1,6.537602002101044
CHEMBL3668441,CDK9,290.0,nM,COc1ccc(F)cc1-c1ccnc2[nH]c(C3CN(CC4CCOCC4)C3)cc12,6.537602002101044
CHEMBL3955818,CDK2,291.0,nM,CC(C)(C)CCN1CCN(c2ccc(Nc3ncc4cc5n(c4n3)C3(CCCC3)CNC5=O)nc2)CC1,6.536107011014092
CHEMBL5594479,CDK9,291.65,nM,N[C@H]1CC[C@H](Nc2ncc(Cl)c(Nc3ccccc3S(=O)(=O)C3CC3)n2)CC1,6.535138019233965
CHEMBL4449998,CDK1,292.0,nM,Cc1nc2c(F)cc(-c3nc(Nc4ccc5c(n4)CCN(CCN(C)C)C5)ncc3F)cc2n1CC1CC1,6.534617148551582
CHEMBL6190256,CDK6,292.1,nM,CN(C)C(=O)c1cc2cnc(Nc3ccc(C(=O)NCCCc4nc5c(C(N)=O)cccc5[nH]4)cc3Cl)nc2n1C1CCCC1,6.53446844302645
CHEMBL5573390,CDK1,293.0,nM,Cc1ccc(O)c(C)c1-n1c(N)c(C(=O)N2CCn3nc(C(F)(F)F)cc3C2)c2nc(C)c(C)nc21,6.53313237964589
CHEMBL84347,CDK2,294.0,nM,CCN(CC)CCNc1cc(-c2ccc[nH]2)c2c3c(ccc(F)c13)NC2=O,6.531652669587842
CHEMBL3641916,CDK4,294.0,nM,C[C@@H](O)Cn1c2cnccc2c2cnc(Nc3ccc(N4CCC(N(C)C)CC4)cn3)nc21,6.531652669587842
CHEMBL5883845,CDK2,294.0,nM,Cc1nc2c(F)cc(-c3nc(Nc4ccc5c(n4)CCN(C(=O)CN(C)C)C5)ncc3F)cc2n1C1CCC1,6.531652669587842
CHEMBL5765752,CDK2,294.0,nM,Cc1nc2c(F)cc(-c3nc(Nc4ccc5c(n4)CCN(C(=O)CCN(C)C)C5)ncc3F)cc2n1C1CCC1,6.531652669587842
CHEMBL5404071,CDK9,295.0,nM,Nc1nc(Nc2ccccc2)nc(-c2cc(Cl)ccc2O)n1,6.530177984021837
CHEMBL458548,CDK2,295.0,nM,Cc1ncc(-c2ccnc(Nc3ccc(S(=O)(=O)CCCN(C)C)cc3)n2)n1C,6.530177984021837
CHEMBL5421064,CDK4,297.0,nM,COc1cccc(/C=N/n2c(S)nnc2-c2c[nH]c3ccccc23)c1,6.527243550682788
CHEMBL3668457,CDK6,298.0,nM,COc1ccc(F)cc1-c1ccnc2[nH]c(C3=CCN(CC(O)CO)CC3)cc12,6.525783735923745
CHEMBL4752238,CDK9,298.0,nM,C=CC(=O)Nc1ccc(O[C@@H]2CCC[C@@H](Nc3ncc(SCc4ncc(C(C)(C)C)o4)s3)C2)c(C(F)(F)F)c1,6.525783735923745
CHEMBL5592661,CDK2,299.0,nM,CS(=O)(=O)N1CCC(Nc2ncc(C(F)(F)F)c(-c3cnn(-c4ccc(C#N)cc4Cl)c3)n2)CC1,6.52432881167557
CHEMBL6145176,CDK6,299.0,nM,CC(=O)N1CCN(C(=O)c2ccc(Nc3ncc(F)c(-c4ccc5c(c4)OC4(CCN(C(C)=O)CC4)CC5=O)n3)nc2)CC1,6.52432881167557
CHEMBL3639626,CDK9,300.0,nM,COc1c(Cl)cccc1-c1ccnc2[nH]c(C3CCNCC3)cc12,6.522878745280337
CHEMBL5198038,CDK1,300.0,nM,CC(C)n1cc(-c2ccnc3[nH]c(C4CCN(CC(=O)N(C)C)CC4)cc23)ccc1=O,6.522878745280337
CHEMBL101156,CDK4,300.0,nM,CN(C)CC(O)COc1ccc(Nc2nccc(N(CCC#N)c3cc(Cl)ccc3Cl)n2)cc1,6.522878745280337
CHEMBL98360,CDK1,300.0,nM,O=C1Cc2c([nH]c3ccc(Br)cc23)-c2cc(Br)ccc2N1,6.522878745280337
CHEMBL3641951,CDK4,300.0,nM,CNC1CCN(c2ccc(Nc3ncc4c5ccncc5n([C@H]5CCC[C@H]5O)c4n3)nc2)CC1,6.522878745280337
CHEMBL258805,CDK4,300.0,nM,COc1ccc2c(c1)/C(=C/c1cnc[nH]1)C(=O)N2,6.522878745280337
CHEMBL270054,CDK1,300.0,nM,NS(=O)(=O)c1ccc(N/N=C2\C(=O)Nc3ccc(Cl)cc32)cc1,6.522878745280337
CHEMBL5767222,CDK6,300.0,nM,CCN1CCN(Cc2ccc(Nc3ncc(F)c(-c4ncnc5c4cc(C)n5C4CCCC4)n3)nc2)CC1,6.522878745280337
CHEMBL281525,CDK1,300.0,nM,CCC(C)(O)C#Cc1nc(NCc2ccc(OC)c(OC)c2)c2ncn(C(C)C)c2n1,6.522878745280337
CHEMBL5772986,CDK4,300.0,nM,CCC(CC)n1c(C(C)=O)cc2cc(-c3nc(Nc4ccc(CN5CCN(C)CC5)cn4)ncc3Cl)ccc21,6.522878745280337
CHEMBL3702239,CDK4,300.0,nM,C[C@H]1CN(c2ccc(Nc3ncc4c5ccncc5n([C@@H]5CCNC5)c4n3)nc2)CCN1,6.522878745280337
CHEMBL5269468,CDK2,300.0,nM,C[C@@H](CO)Nc1nc(N)c(/[N+]([O-])=N/C#N)c(OCC2CCCCC2)n1,6.522878745280337
CHEMBL98335,CDK4,300.0,nM,CN(C)CC(O)COc1ccc(Nc2ncc(F)c(Nc3ccccc3)n2)cc1,6.522878745280337
CHEMBL3702233,CDK4,300.0,nM,CC[C@H](C)n1c2cnccc2c2cnc(Nc3ccc(N4CCN[C@@H](C)C4)nn3)nc21,6.522878745280337
CHEMBL6162213,CDK1,300.0,nM,C#CCn1c(C)nc2c(c(C(N)=O)c(N)n2-c2c(C)ccc(O)c2C)c1=O,6.522878745280337
CHEMBL5752282,CDK9,300.0,nM,O=C(Nc1cc(-c2cc3c(ccn3Cc3cccc(F)c3)cn2)c(Cl)cn1)[C@@H]1CCCNC1,6.522878745280337
CHEMBL4521241,CDK9,300.0,nM,Cc1cc(=O)c2c(O)cc(O)c([C@@H]3CCN(C)C[C@@H]3O)c2o1,6.522878745280337
CHEMBL133461,CDK1,300.0,nM,CCCCNc1nc(C#CC(C)(O)Cc2ccccc2)nc2c1ncn2C(C)C,6.522878745280337
CHEMBL5423185,CDK2,300.0,nM,O=C(O)c1cc(S(F)(F)(F)(F)F)ccc1NCCc1c[nH]c2ccccc12,6.522878745280337
CHEMBL6013493,CDK9,300.0,nM,CS(=O)(=O)c1cccc(CN2CCc3ccc(-c4cc(NC(=O)C5CCCNC5)ncc4Cl)cc32)c1,6.522878745280337
CHEMBL1800462,CDK2,300.0,nM,CN1CCN(c2cc(-c3cc(N4C[C@H](O)[C@@H](O)C4)ccc3O)nc(N)n2)CC1,6.522878745280337
CHEMBL3085235,CDK1,300.0,nM,COc1cc(CNc2nc(N3CCC[C@@H]3CO)nc3c2ncn3C(C)C)cc(OC)c1,6.522878745280337
CHEMBL334507,CDK1,300.0,nM,CC(C)n1cnc2c(Nc3ccc(Br)cc3)nc(N3CCCC3CO)nc21,6.522878745280337
CHEMBL6013263,CDK6,300.0,nM,CCN1CCN(c2ccc(Nc3ncc(F)c(-c4ncc5nc(C)n(C(C)C)c5n4)n3)nc2)CC1,6.522878745280337
CHEMBL293113,CDK2,300.0,nM,O=C1Nc2ccc(F)cc2/C1=C/c1[nH]cc2c1CCNC2=O,6.522878745280337
CHEMBL419534,CDK2,300.0,nM,CN(C)CC(O)COc1ccc(Nc2ncc(Br)c(Nc3ccccc3)n2)cc1,6.522878745280337
CHEMBL418203,CDK1,300.0,nM,CN1CCC(c2c(O)cc(O)c3c(=O)cc(-c4ccccc4Cl)oc23)[C@@H](O)C1,6.522878745280337
CHEMBL3641953,CDK4,300.0,nM,CN(C)C1CCN(c2ccc(Nc3ncc4c5ccncc5n([C@H]5CCOC5)c4n3)nn2)CC1,6.522878745280337
CHEMBL3085240,CDK1,300.0,nM,COc1cccc(CNc2nc(N3CCC[C@@H]3CO)nc3c2ncn3C(C)C)c1,6.522878745280337
CHEMBL3085243,CDK1,300.0,nM,CC(C)n1cnc2c(Nc3ccccc3)nc(N3CCC[C@@H]3CO)nc21,6.522878745280337
CHEMBL4208198,CDK1,300.9,nM,CCN1CCN(Cc2ccc(Nc3cc(-c4cc(F)c5nc(C)n(C(C)C)c5c4)ccn3)nc2)CC1,6.5215778122599195
CHEMBL5935906,CDK2,301.0,nM,CNCCN1CCc2nc(Nc3ncc(F)c(-c4cc(F)c5nc(C)n(C6CC6)c5c4)n3)ccc2C1,6.521433504406157
CHEMBL3641958,CDK4,301.0,nM,CNC1CCN(c2ccc(Nc3ncc4c5ccncc5n([C@H]5CCC[C@@H]5O)c4n3)nc2)CC1,6.521433504406157
CHEMBL5417371,CDK2,301.0,nM,COc1ccc(C(=O)N2CCN(c3nnc(Cc4ccccc4)c4ccccc34)CC2)cc1,6.521433504406157
CHEMBL2402954,CDK1,301.0,nM,COc1ccccc1-c1ccc(CNc2nc(NC3CCC(N)CC3)nc3c2ncn3C2CCCC2)cc1,6.521433504406157
CHEMBL3702238,CDK4,302.0,nM,CC1(C)CN(c2ccc(Nc3ncc4c5ccncc5n([C@@H]5CCNC5)c4n3)nc2)CCN1,6.51999305704285
CHEMBL3702040,CDK4,302.0,nM,c1cc2c3cnc(Nc4nsc(N5CCNCC5)n4)nc3n(C3CCCC3)c2cn1,6.51999305704285
CHEMBL2322701,CDK4,303.0,nM,Cc1[nH]nc2c1N=C(c1ccccc1Cl)c1cc(N)ccc1N2,6.518557371497695
CHEMBL5932825,CDK2,304.0,nM,Cc1nc2c(F)cc(-c3nc(Nc4ccc5c(n4)CCN(C(=O)CN(C)C)C5)ncc3F)cc2n1C1CC1,6.517126416391246
CHEMBL5409788,CDK2,305.17,nM,COc1ccc(Cc2nnc(N3CCN(C(=O)Nc4ccc(Cl)c(C(F)(F)F)c4)CC3)c3ccccc23)cc1,6.515458162312313
CHEMBL5888788,CDK1,306.0,nM,Cc1nc2c(F)cc(-c3nc(Nc4ccc5c(n4)CCN(C(=O)CN(C)C)C5)ncc3F)cc2n1CC1CC1,6.514278573518419
CHEMBL5089214,CDK6,306.0,nM,CCN(CC)c1cnc2ccc(-c3nc(Nc4ccc(N5CCN(C)CC5)cn4)ncc3F)cc2n1,6.514278573518419
CHEMBL5867735,CDK2,306.0,nM,Cc1nc2c(F)cc(-c3nc(Nc4ccc5c(n4)CN(CCN(C)C)C5=O)ncc3F)cc2n1C(C)C,6.514278573518419
CHEMBL5424372,CDK2,307.77,nM,COc1ccc(NC(=S)N2CCN(c3nnc(Cc4ccccc4)c4ccccc34)CC2)cc1,6.511773715464358
CHEMBL191336,CDK4,308.0,nM,OCCCNc1cc(-c2ncnc(Nc3cccc(Cl)c3)n2)ccn1,6.511449283499555
CHEMBL5078670,CDK6,308.0,nM,CC(C)N1CCN(C(=O)c2ccc(Nc3ncc(F)c(-c4ccc5nccnc5c4)n3)nc2)CC1,6.511449283499555
CHEMBL6150331,CDK9,309.0,nM,COc1cc(F)ccc1-c1cc(Nc2cc(N3CCN(C(=O)c4cc(Cc5n[nH]c(=O)c6ccccc56)ccc4F)CC3)ncn2)ncc1F,6.510041520575165
CHEMBL4798156,CDK9,310.0,nM,CC(=O)N[C@H]1CCC[C@@H](C(=O)Nc2cc(-c3cnn4c3CC(C)(C)C4)c(Cl)cn2)C1,6.508638306165727
CHEMBL5807208,CDK9,310.0,nM,CN(C)CCCNc1cc(-c2ccc3ncn(Cc4cccc(F)c4)c3c2)c(Cl)cn1,6.508638306165727
CHEMBL272414,CDK2,310.0,nM,CN(C)c1ccc2c(c1)/C(=C/Nc1ccc(S(N)(=O)=O)cc1)C(=O)N2,6.508638306165727
CHEMBL2348154,CDK2,310.0,nM,Nc1nccc(-n2cc(-c3cccnc3Cl)c3cnccc32)n1,6.508638306165727
CHEMBL5824039,CDK9,310.0,nM,COC(=O)[C@H]1CCC[C@@H](C(=O)Nc2cc(-c3ccc4ncn(CC5CCOCC5)c4c3)c(Cl)cn2)C1,6.508638306165727
CHEMBL5868309,CDK9,310.0,nM,Fc1cccc(Cn2cnc3ccc(-c4cc(NCc5cnccn5)ncc4Cl)cc32)c1,6.508638306165727
CHEMBL176576,CDK1,310.0,nM,CCn1cnc2c(Nc3cccc(C(F)(F)F)c3)nc(N[C@@H]3CCCC[C@@H]3N)nc21,6.508638306165727
CHEMBL45477,CDK2,310.0,nM,CN1CCC(c2c(O)cc(O)c3c2O/C(=C\c2ccc([N+](=O)[O-])cc2)C3=O)CC1,6.508638306165727
CHEMBL2348164,CDK2,310.0,nM,Nc1nccc(-n2cc(-c3ccccc3)c3cnccc32)n1,6.508638306165727
CHEMBL5597702,CDK9,310.3,nM,COc1cc(F)ccc1-c1cc(Nc2cnn(CCCCCC(=O)NO)c2)ncc1F,6.508218224415835
CHEMBL4797409,CDK2,312.0,nM,C=CC(=O)Nc1cccc(C(=O)N2CCCC(Nc3ncc(SCc4ncc(C(C)(C)C)o4)s3)C2)c1,6.505845405981557
CHEMBL5597775,CDK9,312.6,nM,O=C(CCCC(=O)Nc1ccc(Nc2ncc(Cl)c(OC3CCCCC3)n2)cc1)NO,6.505011026316832
CHEMBL5595408,CDK9,313.2,nM,CC(C)S(=O)(=O)c1ccccc1Nc1nc(N[C@H]2CC[C@H](N)CC2)ncc1Br,6.504178246614094
CHEMBL5757792,CDK2,314.0,nM,C=C(CCN(C)C)N1CCc2nc(Nc3ncc(F)c(-c4cc(F)c5nc(C)n(C6CC6)c5c4)n3)ccc2C1,6.503070351926786
CHEMBL3421981,CDK2,314.0,nM,c1cc2c(-c3ccnc4[nH]ccc34)c[nH]c2cn1,6.503070351926786
CHEMBL5839538,CDK2,314.0,nM,Cc1nc2c(F)cc(-c3nc(Nc4ccc5c(n4)CCN(C(=O)CCN(C)C)C5)ncc3F)cc2n1C1CC1,6.503070351926786
CHEMBL3641916,CDK6,314.0,nM,C[C@@H](O)Cn1c2cnccc2c2cnc(Nc3ccc(N4CCC(N(C)C)CC4)cn3)nc21,6.503070351926786
CHEMBL5084504,CDK9,314.0,nM,Cc1nc2ccc(-c3cc(N)nc(N)c3)nc2n1C1CCCC1,6.503070351926786
CHEMBL5085873,CDK6,315.0,nM,CC(C)N1CCN(Cc2ccc(Nc3ncc(F)c(-c4ccc5nccnc5c4)n3)nc2)CC1,6.501689446210399
CHEMBL6163399,CDK9,315.0,nM,COc1ccc(OC)c(-c2cc(Nc3cc(CN4CCN(C(=O)c5cc(Cc6n[nH]c(=O)c7ccccc67)ccc5F)CC4)ccn3)ncn2)c1,6.501689446210399
CHEMBL5177986,CDK2,316.0,nM,Cn1cc(S(=O)(=O)N2CCC(Nc3ncc4c(n3)N([C@@H]3CCC[C@@H](O)C3)C(=O)C43CC3)CC2)cn1,6.500312917381596
CHEMBL5757213,CDK9,316.0,nM,Cc1nc2c(F)cc(-c3nc(Nc4ccc5c(n4)CCN(CCCN(C)C)C5)ncc3F)cc2n1C1CC1,6.500312917381596
CHEMBL5557963,CDK2,316.3,nM,CCC(=O)Nc1ccc(CNc2nc(NC3CCOCC3)nc3c(C(C)C)cnn23)cc1,6.499900808084277
CHEMBL5532122,CDK2,316.9,nM,CC[C@H](CO)Nc1nc(NCc2ccc(NC(C)=O)cc2)n2ncc(C(C)C)c2n1,6.4990777608096995
CHEMBL5872006,CDK2,317.0,nM,Cc1nc2c(F)cc(-c3nc(Nc4ccc5c(n4)CCN(C[C@H]4CCCN4C)C5)ncc3F)cc2n1C1CC1,6.498940737782249
CHEMBL6161049,CDK6,317.0,nM,CCN1CCN(Cc2ccc(Nc3ncc(F)c(-c4ccc5c(c4)OC4(CCN(C(C)=O)CC4)CC5=O)n3)nc2)CC1,6.498940737782249
CHEMBL1169805,CDK2,319.0,nM,Cc1cc(CNC(=O)c2nn(C)c3c2CCc2cnc(Nc4ccc(N5CCN(C)CC5)cc4)nc2-3)ccn1,6.496209316942819
CHEMBL409450,CDK1,320.0,nM,O=C1Nc2cc(Br)ccc2/C1=C1/Nc2ccccc2/C1=N\O,6.494850021680094
CHEMBL2158864,CDK1,320.0,nM,CNC(=O)Nc1ccc(-c2cc(-c3ccnc(Nc4ccc(Cl)c(S(=O)(=O)NC)c4)n3)ccn2)cc1,6.494850021680094
CHEMBL3663752,CDK9,320.0,nM,COc1ccc(F)cc1-c1ccnc2[nH]c(C3CCCN(C(C)=O)C3)cc12,6.494850021680094
CHEMBL3668415,CDK9,320.0,nM,O=C1CCCN1CCNc1cccc(-c2ccnc3[nH]c(C4CCNCC4)cc23)n1,6.494850021680094
CHEMBL2035047,CDK2,320.0,nM,CN1C/C=C/COCc2ccc(o2)-c2ccnc(n2)Nc2cccc(c2)C1,6.494850021680094
CHEMBL5411462,CDK4,320.0,nM,COc1ccc(/C=N/n2c(S)nnc2-c2c[nH]c3ccccc23)cc1OC,6.494850021680094
CHEMBL590109,CDK1,320.0,nM,NCCn1cc(-c2cc(-c3cc4ccccc4s3)c3[nH]ncc3c2)c2nc(N)ncc21,6.494850021680094
CHEMBL4649135,CDK2,321.0,nM,CCn1cnc2c(NCc3nc4ccc(F)c(F)c4[nH]3)nc(N3CCCC[C@H]3CCO)nc21,6.493494967595128
CHEMBL1076581,CDK2,323.0,nM,N[C@H](CNc1nnc(-c2ccc3[nH]ncc3c2)s1)Cc1ccc(Cl)cc1Cl,6.490797477668897
CHEMBL6191232,CDK6,323.4,nM,CN(C)C(=O)c1cc2cnc(Nc3ccc(-c4nc5c(C(N)=O)cccc5[nH]4)cc3)nc2n1C1CCCC1,6.490259984429618
CHEMBL1272116,CDK4,324.0,nM,CC(C)c1n[nH]c(Cl)c1-c1ccnc(Nc2ccc(N3CCC(N(C)C)CC3)cn2)n1,6.489454989793388
CHEMBL189607,CDK2,324.0,nM,Nc1nc2ccc(C(=O)c3c(F)cccc3F)cn2c1C(=O)c1ccccc1,6.489454989793388
CHEMBL6133494,CDK6,326.0,nM,CC(=O)N1CCC2(CC1)CC(=O)c1ccc(-c3nc(Nc4ccc(CN5CCN(C)CC5)cn4)ncc3F)cc1O2,6.486782399932061
CHEMBL5848732,CDK6,327.0,nM,Cc1nc2c(F)cc(-c3nc(Nc4ncc5c(n4)CCNC5)ncc3F)cc2n1C(C)C,6.485452247339714
CHEMBL5836990,CDK6,327.0,nM,Cc1nc2c(F)cc(-c3nc(Nc4ccc5c(n4)CCNC5)ncc3F)cc2n1C(C)C,6.485452247339714
CHEMBL4777981,CDK2,328.0,nM,COc1ccc(F)cc1-c1c(F)cnc2[nH]c(C3=CCN([C@H]4CC[C@H](C(=O)O)CC4)CC3)cc12,6.484126156288321
CHEMBL3949057,CDK2,330.0,nM,CCOC(=O)N=S(C)(=O)Cc1cccc(Nc2ncc(F)c(-c3cccc4c3OCCC4)n2)c1,6.481486060122112
CHEMBL3641956,CDK4,330.0,nM,O[C@H]1CCC[C@@H]1n1c2cnccc2c2cnc(Nc3ccc(N4CCNCC4)cn3)nc21,6.481486060122112
CHEMBL6037340,CDK9,330.0,nM,O=C(O)[C@H]1CCC[C@@H](C(=O)Nc2cc(-c3ccc4ncn(CC5CCOCC5)c4c3)c(Cl)cn2)C1,6.481486060122112
CHEMBL5176464,CDK9,330.0,nM,CCn1cc(-c2ccnc3[nH]c(C4CCN(CC(=O)N(C)C)CC4)cc23)ccc1=O,6.481486060122112
CHEMBL271843,CDK1,330.0,nM,Cc1ccc2c(c1)/C(=N/Nc1ccc(S(N)(=O)=O)cc1)C(=O)N2,6.481486060122112
CHEMBL3085241,CDK1,330.0,nM,CC(C)n1cnc2c(NCc3ccc(Cl)cc3)nc(N3CCC[C@@H]3CO)nc21,6.481486060122112
CHEMBL5917732,CDK9,330.0,nM,O=C(Nc1cc(-c2ccc3nnn(CC4CCOCC4)c3c2)c(Cl)cn1)[C@@H]1CCCNC1,6.481486060122112
CHEMBL3641925,CDK4,330.0,nM,O[C@@H]1CCN(c2ccc(Nc3ncc4c5ccncc5n([C@H]5CCC[C@H]5O)c4n3)nn2)C1,6.481486060122112
CHEMBL2029911,CDK1,330.0,nM,Cc1c(-c2cc3cnc(Nc4cc(C(=O)N5CCN(C)CC5)n(C)c4)nc3n2C2CCCC2)cnn1C,6.481486060122112
CHEMBL3932396,CDK2,330.0,nM,COCCOC(=O)N=S(C)(=O)Cc1cc(F)cc(Nc2ncc(F)c(-c3ccc(F)cc3OC)n2)c1,6.481486060122112
CHEMBL3085236,CDK1,330.0,nM,CC(C)n1cnc2c(NCc3cccc(Br)c3)nc(N3CCC[C@@H]3CO)nc21,6.481486060122112
CHEMBL132469,CDK1,330.0,nM,CC(C)n1cnc2c(NCc3ccccc3)nc(C#CCCCCO)nc21,6.481486060122112
CHEMBL561179,CDK2,330.0,nM,Nc1ccc(-c2nn3c(COc4ccc(Cl)cc4)nnc3s2)cc1,6.481486060122112
CHEMBL2035182,CDK2,330.0,nM,COCCOc1ccc2cc1CN(C)C/C=C/COCc1ccc(s1)-c1ccnc(n1)N2,6.481486060122112
CHEMBL367245,CDK1,330.0,nM,CCn1cnc2c(Nc3cccc(Cl)c3)nc(NCCO)nc21,6.481486060122112
CHEMBL6152644,CDK9,331.0,nM,COc1cc(F)ccc1-c1cc(NC(=O)NC2CCN(C(=O)c3cc(Cc4n[nH]c(=O)c5ccccc45)ccc3F)CC2)ncc1Cl,6.480172006224281
CHEMBL4455210,CDK9,332.0,nM,Cc1nc2c(F)cc(-c3nc(Nc4ccc5c(n4)CCN(CCN(C)C)C5)ncc3F)cc2n1C1CC1,6.478861916295964
CHEMBL6166835,CDK6,333.0,nM,CN1CCN(c2ccc(Nc3ncc(F)c(-c4ccc5c(c4)OC4(CCC(C(C)(C)C)CC4)CC5=O)n3)nc2)CC1,6.47755576649368
CHEMBL6161225,CDK2,333.9,nM,CC(C)N1CCC(c2cc3c(-c4cnn(CC5CC5)c4)c(Cl)cnc3[nH]2)CC1,6.47638358094563
CHEMBL5583697,CDK2,334.0,nM,Cn1cnc(S(=O)(=O)N2CCC(Nc3ncc(C(F)(F)F)c(-c4cnn(CC(F)(F)F)c4)n3)CC2)c1,6.476253533188435
CHEMBL234626,CDK1,334.0,nM,CN(C)CCc1ccc(Nc2ncc(Cl)c(-c3cccc4cc[nH]c34)n2)cc1,6.476253533188435
CHEMBL5950277,CDK2,334.0,nM,Cc1nc2c(F)cc(-c3nc(Nc4ccc5c(n4)CCN(C(=O)NCCO)C5)ncc3F)cc2n1C1CC1,6.476253533188435
CHEMBL4754081,CDK4,334.0,nM,CC(=O)N[C@@H]1CCC[C@H](C(=O)Nc2cc(-c3cnn4c3CC(C)(C)C4)c(F)cn2)C1,6.476253533188435
CHEMBL4788401,CDK2,334.0,nM,C=CC(=O)Nc1ccc(O[C@@H]2CCC[C@@H](Nc3ncc(SCc4ncc(C(C)(C)C)o4)s3)C2)cc1,6.476253533188435
CHEMBL5569840,CDK1,334.0,nM,Cc1ccc(O)c(C)c1-n1c(N)c(C(=O)N2CCn3cncc3C2)c2nc(C)c(C)nc21,6.476253533188435
CHEMBL1387710,CDK9,335.0,nM,CCNc1nc(N)nc(-c2cc(Cl)ccc2O)n1,6.474955192963154
CHEMBL489833,CDK2,337.0,nM,Cn1cc(C2=C(c3coc4cc(CO)ccc34)C(=O)NC2=O)c2cc(Br)ccc21,6.4723700991286615
CHEMBL5597574,CDK9,338.1,nM,N#CC1(CNc2cccc(-c3cc(Nc4cnn(CCCCCCC(=O)Nc5ccccc5N)c4)ncc3Cl)n2)CCOCC1,6.4709548292342305
CHEMBL4213109,CDK6,339.0,nM,CCC1Cc2nc3c(F)cc(-c4nc(Nc5ccc(CN6CCN(CC)CC6)cn5)ncc4F)cc3n2C1,6.4698003017969175
CHEMBL1800459,CDK1,340.0,nM,Nc1nc(-c2cc(N3C[C@H](O)[C@@H](O)C3)ccc2O)cc(C2CCNCC2)n1,6.468521082957745
CHEMBL3642017,CDK4,340.0,nM,O[C@H]1CCN(C2CCN(c3ccc(Nc4ncc5c6ccncc6n(C6CCCC6)c5n4)nc3)CC2)C1,6.468521082957745
CHEMBL5969770,CDK9,340.0,nM,NS(=O)(=O)CCn1nnc2ccc(-c3cc(NC(=O)[C@@H]4CCCNC4)ncc3Cl)cc21,6.468521082957745
CHEMBL5953065,CDK9,340.0,nM,O=C(Nc1cc(-c2ccc3ncn(CC4(N5CCOCC5)COC4)c3c2)c(Cl)cn1)[C@@H]1CCCNC1,6.468521082957745
CHEMBL445607,CDK2,340.0,nM,O=C1Nc2cccc(CCO)c2/C1=C/c1[nH]cc2c1CCNC2=O,6.468521082957745
CHEMBL3702213,CDK4,340.0,nM,COCCn1c2cnccc2c2cnc(Nc3ccc(N4CCNCC4)nn3)nc21,6.468521082957745
CHEMBL3641955,CDK4,340.0,nM,O[C@@H]1CCN(c2ccc(Nc3ncc4c5ccncc5n([C@H]5CCOC5)c4n3)nn2)C1,6.468521082957745
CHEMBL172811,CDK1,340.0,nM,CCn1cnc2c(Nc3cccc(OC)c3)nc(N[C@H]3CC[C@@H](N)CC3)nc21,6.468521082957745
CHEMBL3900378,CDK9,340.0,nM,CCCN1Cc2c(C3=CCN(S(C)(=O)=O)CC3)[nH]c3nccc(c23)-c2cc(F)ccc21,6.468521082957745
CHEMBL3641908,CDK6,340.0,nM,CN(C)C1CCN(c2ccc(Nc3ncc4c5ccncc5n([C@@H]5CCNC5)c4n3)nc2)CC1,6.468521082957745
CHEMBL3668422,CDK9,340.0,nM,CN1CCC(c2cc3c(-c4cccc(NCCN5CCCC5=O)n4)ccnc3[nH]2)CC1,6.468521082957745
CHEMBL5418073,CDK2,340.87,nM,S=C(Nc1ccc(Cl)cc1)N1CCN(c2nnc(Cc3ccccc3)c3ccccc23)CC1,6.467411219386465
CHEMBL318522,CDK2,341.0,nM,O=C(Nc1n[nH]c2cc(-c3cccs3)ccc12)C1CC1,6.467245621007502
CHEMBL6143085,CDK6,343.0,nM,CC(=O)N1CCC2(CC1)CC(=O)c1ccc(-c3nc(Nc4ccc(CN5CCOCC5)cn4)ncc3F)cc1O2,6.464705879957229
CHEMBL363590,CDK1,344.0,nM,OCCCNc1cncc(-c2ncnc(Nc3ccc4c(c3)OCCO4)n2)c1,6.46344155742847
CHEMBL5440832,CDK2,344.53,nM,COc1ccc(Cc2nnc(N3CCN(C(=O)Nc4ccc(OC)cc4)CC3)c3ccccc23)cc1,6.4627729558544775
CHEMBL2011935,CDK2,345.0,nM,COc1ccc(-c2nc3c(NCCCNC(=O)C4CC(O)C4)c(Br)cnc3[nH]2)cc1,6.462180904926726
CHEMBL5774515,CDK2,346.0,nM,Cc1nc2c(F)cc(-c3nc(Nc4ccc5c(n4)CCN(C(=O)OCCN(C)C)C5)ncc3F)cc2n1C1CC1,6.460923901207224
CHEMBL1081119,CDK2,348.0,nM,N[C@H](CNc1nnc(-c2ccc3cnccc3c2)o1)Cc1ccc(C(F)(F)F)cc1,6.458420756053419
CHEMBL4777981,CDK1,348.0,nM,COc1ccc(F)cc1-c1c(F)cnc2[nH]c(C3=CCN([C@H]4CC[C@H](C(=O)O)CC4)CC3)cc12,6.458420756053419
CHEMBL5950426,CDK1,348.0,nM,Cc1nc2c(F)cc(-c3nc(Nc4ccc5c(n4)CCN(C(=O)N(C)CCN(C)C)C5)ncc3F)cc2n1C1CC1,6.458420756053419
CHEMBL4796500,CDK9,350.0,nM,CC(=O)N[C@@H]1CCC[C@H](C(=O)Nc2cc(-c3cnn4c3OCCC4)c(Cl)cn2)C1,6.455931955649724
CHEMBL173353,CDK1,350.0,nM,CCn1cnc2c(Nc3cccc(F)c3)nc(N[C@H]3CC[C@@H](N)CC3)nc21,6.455931955649724
CHEMBL3972796,CDK2,350.0,nM,CCOC(=O)N=S(C)(=O)Cc1cccc(Nc2ncc(F)c(-c3cccc4c3OCC4)n2)c1,6.455931955649724
CHEMBL3641926,CDK4,350.0,nM,CNC1CCN(c2ccc(Nc3ncc4c5ccncc5n([C@@H](C)CO)c4n3)nc2)CC1,6.455931955649724
CHEMBL3642017,CDK6,350.0,nM,O[C@H]1CCN(C2CCN(c3ccc(Nc4ncc5c6ccncc6n(C6CCCC6)c5n4)nc3)CC2)C1,6.455931955649724
CHEMBL337411,CDK1,350.0,nM,CC(C)n1cnc2c(NCc3ccccc3)nc(C#CCCO)nc21,6.455931955649724
CHEMBL3641961,CDK4,350.0,nM,O[C@@H]1CCN(c2ccc(Nc3ncc4c5ccncc5n([C@H]5CCC[C@@H]5O)c4n3)nc2)C1,6.455931955649724
CHEMBL5198038,CDK2,350.0,nM,CC(C)n1cc(-c2ccnc3[nH]c(C4CCN(CC(=O)N(C)C)CC4)cc23)ccc1=O,6.455931955649724
CHEMBL5190046,CDK2,350.0,nM,CNS(=O)(=O)c1ccc(Nc2ncc3c(n2)N([C@@H]2CCC[C@@]2(C)O)C(=O)C32CC2)cc1,6.455931955649724
CHEMBL332765,CDK1,350.0,nM,CN(C)c1ccc(Nc2[nH]nc3ncnc(Nc4cccc(Cl)c4)c23)cc1,6.455931955649724
CHEMBL3589774,CDK9,350.0,nM,O=C(O)c1nc2ccsc2c2[nH]c3c(Cl)cccc3c12,6.455931955649724
CHEMBL497306,CDK2,350.0,nM,COc1cccc(F)c1C(=O)Nc1c[nH]nc1C(=O)NC1CCNCC1,6.455931955649724
CHEMBL272389,CDK1,350.0,nM,CS(=O)(=O)c1ccc2c(c1)/C(=N/Nc1ccc(S(N)(=O)=O)cc1)C(=O)N2,6.455931955649724
CHEMBL3085237,CDK1,350.0,nM,CC(C)n1cnc2c(NCc3ccc4c(c3)OCO4)nc(N3CCC[C@@H]3CO)nc21,6.455931955649724
CHEMBL176908,CDK1,350.0,nM,CCn1cnc2c(Nc3cccc(C#N)c3)nc(N[C@H]3CC[C@@H](N)CC3)nc21,6.455931955649724
CHEMBL258765,CDK4,350.0,nM,O=C1c2ccccc2-[n+]2ccc3c([nH]c4ccccc43)c21.[Cl-],6.455931955649724
CHEMBL366620,CDK1,350.0,nM,CCn1cnc2c(Nc3cccc(C#N)c3)nc(N[C@@H]3CCCC[C@@H]3N)nc21,6.455931955649724
CHEMBL203407,CDK2,350.0,nM,NS(=O)(=O)c1ccc(Nc2cc(OC3CCCCC3)nc3ncnn23)cc1,6.455931955649724
CHEMBL215205,CDK9,350.0,nM,Nc1n[nH]c(N)c1/N=N/c1ccc(O)cc1,6.455931955649724
CHEMBL5093557,CDK6,351.0,nM,CS(=O)(=O)N1CCN(Cc2ccc(Nc3ncc(F)c(-c4ccc5nccnc5c4)n3)nc2)CC1,6.454692883534176
CHEMBL5531956,CDK2,351.4,nM,CC[C@@H](CO)Nc1nc(NCc2ccc(NC(C)=O)cc2)n2ncc(C(C)C)c2n1,6.454198242840723
CHEMBL1231206,CDK1,354.0,nM,Cc1ccc(-c2ccc3c(ccc4sc5c(c43)NC[C@@H](C)NC5=O)n2)cn1,6.450996737974212
CHEMBL6134563,CDK6,354.0,nM,CN1CCN(c2ccc(Nc3ncc(F)c(-c4ccc5c(c4)OC4(CCCCC4)CC5=O)n3)nc2)CC1,6.450996737974212
CHEMBL496567,CDK9,355.0,nM,CC(C)(C)c1cnc(CSc2cnc(N[C@H]3CC[C@H](N)CC3)s2)o1,6.449771646944906
CHEMBL191336,CDK6,356.0,nM,OCCCNc1cc(-c2ncnc(Nc3cccc(Cl)c3)n2)ccn1,6.448550002027124
CHEMBL5765752,CDK1,357.0,nM,Cc1nc2c(F)cc(-c3nc(Nc4ccc5c(n4)CCN(C(=O)CCN(C)C)C5)ncc3F)cc2n1C1CCC1,6.447331783887806
CHEMBL5883845,CDK1,357.0,nM,Cc1nc2c(F)cc(-c3nc(Nc4ccc5c(n4)CCN(C(=O)CN(C)C)C5)ncc3F)cc2n1C1CCC1,6.447331783887806
CHEMBL4445727,CDK2,358.0,nM,CCn1c(C)nc2c(F)cc(-c3nc(Nc4ccc5c(n4)CCN(CCN(C)C)C5)ncc3F)cc21,6.446116973356125
CHEMBL6160348,CDK1,358.0,nM,Cc1ccc(O)c(C)c1-n1c(N)c(C(N)=O)c2c(=O)n(CCF)c(C)nc21,6.446116973356125
CHEMBL5563675,CDK1,358.0,nM,Cc1cc2n(n1)CCN(C(=O)c1c(N)n(-c3c(C)ccc(O)c3C)c3nc(C)c(C)nc13)C2,6.446116973356125
CHEMBL5555666,CDK2,358.4,nM,CC[C@@H](CO)Nc1nc(NCc2ccc(NC(=O)C3CCOCC3)cc2)n2ncc(C(C)C)c2n1,6.445631999009912
CHEMBL186800,CDK4,359.0,nM,Nc1nc2ccc(C(=O)c3c(F)cccc3F)cn2c1C(=O)c1c(Cl)cccc1Cl,6.44490555142168
CHEMBL3702163,CDK6,360.0,nM,COc1ccc(-c2ccc(Nc3ncc4c5ccncc5n(C5CCCC5)c4n3)nn2)cn1,6.443697499232712
CHEMBL5947332,CDK9,360.0,nM,CN(CCCNc1cc(-c2ccc3ncn(Cc4cccc(F)c4)c3c2)c(Cl)cn1)c1ccccn1,6.443697499232712
CHEMBL3668346,CDK9,360.0,nM,COc1cc(F)ccc1-c1ccnc2[nH]c(C3CNC(C)(C)CO3)cc12,6.443697499232712
CHEMBL3641964,CDK4,360.0,nM,CNC1CCN(c2ccc(Nc3ncc4c5ccncc5n([C@H]5CCC[C@@H]5O)c4n3)nn2)CC1,6.443697499232712
CHEMBL1823663,CDK2,360.0,nM,CN1CC([C@@H](NC(=O)c2ccc3cnccc3c2)c2ccc(Cl)c(Cl)c2)C1,6.443697499232712
CHEMBL405042,CDK2,360.0,nM,C/C(Nc1ccc(S(N)(=O)=O)cc1)=C1/C(=O)Nc2ccccc21,6.443697499232712
CHEMBL1800458,CDK2,360.0,nM,Nc1nc(-c2cc(N3C[C@H](O)[C@@H](O)C3)ccc2O)cc(C2CCCNC2)n1,6.443697499232712
CHEMBL6014795,CDK1,360.0,nM,Cc1nc2c(F)cc(-c3nc(Nc4ccc5c(n4)CCN(C(=O)C4CCCN4)C5)ncc3F)cc2n1C1CC1,6.443697499232712
CHEMBL571897,CDK1,360.0,nM,COc1ccc2sc3c(c2c1)CCCNC3=O,6.443697499232712
CHEMBL3641915,CDK4,360.0,nM,C[C@@H](O)Cn1c2cnccc2c2cnc(Nc3ccc(N4CCNCC4)cn3)nc21,6.443697499232712
CHEMBL3823522,CDK2,361.0,nM,COc1nn(C2CCN(C(C)=O)CC2)cc1Nc1ncc(Cl)c(-c2cnn3ccccc23)n1,6.442492798094342
CHEMBL4462530,CDK6,363.0,nM,CC(=O)N[C@@H]1CCC[C@H](C(=O)Nc2cc(-c3cnn4c3CC(C)(C)C4)c(Cl)cn2)C1,6.440093374963888
CHEMBL5950426,CDK2,364.0,nM,Cc1nc2c(F)cc(-c3nc(Nc4ccc5c(n4)CCN(C(=O)N(C)CCN(C)C)C5)ncc3F)cc2n1C1CC1,6.438898616350944
CHEMBL3913590,CDK2,367.0,nM,CC(C)N1CCN(C(=O)c2ccc(Nc3ncc4cc5n(c4n3)C3(CCCCC3)CNC5=O)nc2)CC1,6.435333935747911
CHEMBL4455210,CDK1,368.0,nM,Cc1nc2c(F)cc(-c3nc(Nc4ccc5c(n4)CCN(CCN(C)C)C5)ncc3F)cc2n1C1CC1,6.434152181326482
CHEMBL5981421,CDK2,368.0,nM,CCN1CCC(COc2ccc(Nc3ncc(F)c(-c4cc(F)c5nc6n(c5c4)C(C)(C)CC6)n3)nc2)CC1,6.434152181326482
CHEMBL6190213,CDK6,368.9,nM,CN(C)C(=O)c1cc2cnc(Nc3ccc(C(=O)NCCc4nc5c(C(N)=O)cccc5[nH]4)cc3Cl)nc2n1C1CCCC1,6.433091344773197
CHEMBL2011928,CDK2,370.0,nM,COc1ccc(-c2nc3c(NCCCNC(C)=O)c(Br)cnc3[nH]2)cc1,6.431798275933005
CHEMBL5754632,CDK9,370.0,nM,O=C(Nc1cc(-c2ccc3nnn(CCCc4cccc(F)c4)c3c2)c(Cl)cn1)[C@@H]1CCCNC1,6.431798275933005
CHEMBL5421048,CDK2,370.0,nM,Cn1cc(CCNc2ccc([N+](=O)[O-])cc2C(=O)O)c2ccc(F)cc21,6.431798275933005
CHEMBL503917,CDK2,370.0,nM,N#Cc1cnn2cccnc12,6.431798275933005
CHEMBL3668416,CDK9,370.0,nM,CN1CCC(c2cc3c(-c4cccc(N(C)CCN5CCCC5=O)n4)ccnc3[nH]2)CC1,6.431798275933005
CHEMBL4455718,CDK9,370.0,nM,COC(=O)N1CCN([C@H]2CC[C@H](Nc3ncnc4ccc(C#N)cc34)CC2)CC1,6.431798275933005
CHEMBL454645,CDK9,370.0,nM,CC1CCC(C(=O)Nc2ncc(SCc3ncc(C(C)(C)C)o3)s2)CN1,6.431798275933005
CHEMBL3641915,CDK6,370.0,nM,C[C@@H](O)Cn1c2cnccc2c2cnc(Nc3ccc(N4CCNCC4)cn3)nc21,6.431798275933005
CHEMBL4062453,CDK2,370.0,nM,CN(C)CCn1cc(-c2ccn3c(-c4ccc(C(N)=O)c(OCc5cccc(F)c5)c4)cnc3c2)cn1,6.431798275933005
CHEMBL4462530,CDK1,370.0,nM,CC(=O)N[C@@H]1CCC[C@H](C(=O)Nc2cc(-c3cnn4c3CC(C)(C)C4)c(Cl)cn2)C1,6.431798275933005
CHEMBL3702212,CDK4,370.0,nM,COCCn1c2cnccc2c2cnc(Nc3ccc(N4CCNCC4)cn3)nc21,6.431798275933005
CHEMBL3702240,CDK4,370.0,nM,CNC1CCN(c2ccc(Nc3ncc4c5ccncc5n([C@@H]5CCNC5)c4n3)nc2)CC1,6.431798275933005
CHEMBL5754925,CDK2,371.0,nM,Cc1nc2c(F)cc(-c3nc(Nc4ccc5c(n4)CCN(C[C@@H](O)CN(C)C)C5)ncc3F)cc2n1C1CC1,6.430626090384954
CHEMBL5597651,CDK9,372.0,nM,COc1cc(F)ccc1-c1cc(Nc2cnn(CCCCCCC(=O)NO)c2)ncc1F,6.429457060118103
CHEMBL5556607,CDK1,375.0,nM,CC(C)(O)Cn1cc(-c2nc(NC3CCN(S(=O)(=O)C4CC4)CC3)ncc2C#N)cn1,6.425968732272281
CHEMBL5207533,CDK2,375.0,nM,C[C@H]1CC[C@@H](n2c3cnccc3c3cnc(Nc4ccc5c(n4)CCN(C(=O)CO)C5)nc32)CC1,6.425968732272281
CHEMBL5558604,CDK9,375.4,nM,CC(C)c1cnn2c(NCc3ccc(NC(=O)CCCCCCO)cc3)nc(OC3CCN(C)CC3)nc12,6.425505731714672
CHEMBL82603,CDK2,376.0,nM,Cc1cc(-c2ccc[nH]2)c2c3c(ccc(F)c13)NC2=O,6.424812155072339
CHEMBL3655768,CDK9,380.0,nM,CC[C@H](Nc1nc(NCC2CC2)c2ncn(C(C)C)c2n1)[C@@H](C)O,6.42021640338319
CHEMBL5542882,CDK9,380.0,nM,COc1ccc(CNC(=O)Cn2cc(COc3ccc4c(C)cc(=O)oc4c3C)nn2)cc1,6.42021640338319
CHEMBL367614,CDK1,380.0,nM,CCn1cnc2c(Nc3ccc(F)cc3)nc(NCCO)nc21,6.42021640338319
CHEMBL3702214,CDK4,380.0,nM,COCCn1c2cnccc2c2cnc(Nc3ccc(N4CCC(N(C)C)CC4)cn3)nc21,6.42021640338319
CHEMBL3976450,CDK2,380.0,nM,CCS(=N)(=O)Cc1cccc(Nc2ncc(F)c(-c3ccc(F)cc3OC)n2)c1,6.42021640338319
CHEMBL3642012,CDK6,380.0,nM,FC(F)(F)CNC1CCN(c2ccc(Nc3ncc4c5ccncc5n(C5CCCC5)c4n3)nn2)CC1,6.42021640338319
CHEMBL5913087,CDK9,380.0,nM,CS(=O)(=O)c1ccc(CN2CCc3ccc(-c4cc(NC(=O)C5CCCNC5)ncc4Cl)cc32)cc1,6.42021640338319
CHEMBL6149920,CDK6,384.0,nM,CC(=O)N1CCC2(CC1)CC(=O)c1ccc(-c3nc(Nc4ccc(CN5CCN(C(=O)OC(C)(C)C)CC5)cn4)ncc3F)cc1O2,6.415668775632469
CHEMBL5597605,CDK9,384.5,nM,COc1cc(F)ccc1-c1cc(Nc2ccc(NC(=O)CCCCCCC(=O)NO)cc2)ncc1F,6.41510365586255
CHEMBL4439321,CDK9,385.0,nM,COc1cc(F)ccc1-c1ncnc(Nc2cccc(C[S@](C)(=N)=O)c2)n1,6.414539270491499
CHEMBL6161916,CDK6,389.0,nM,CC(=O)N1CCC2(CC1)CC(=O)c1ccc(-c3nc(Nc4ccc(CN5CCN(C(=O)C6CC6)CC5)cn4)ncc3F)cc1O2,6.410050398674292
CHEMBL552339,CDK1,390.0,nM,C[C@@H]1CNc2c(sc3ccc4nc(-c5ccncc5)ccc4c23)C(=O)N1,6.4089353929735005
CHEMBL3896241,CDK9,390.0,nM,O=C(O)CC1CCC(N2CC=C(c3[nH]c4nccc5c4c3COc3ccc(F)cc3-5)CC2)CC1,6.4089353929735005
CHEMBL5876277,CDK9,390.0,nM,CN(CCCNc1cc(-c2ccc3ncn(Cc4cccc(F)c4)c3c2)c(Cl)cn1)c1ccccc1,6.4089353929735005
CHEMBL3648098,CDK2,390.0,nM,C[C@H](CO)Nc1nc(Nc2ccc(S(C)(=O)=NS(=O)(=O)CC[Si](C)(C)C)cc2)ncc1Br,6.4089353929735005
CHEMBL2012415,CDK1,390.0,nM,Cn1cc(Nc2ncc3cnn([C@@H]4C[C@H]5C[C@H]5C4)c3n2)cc1C(=O)N1CCC[C@@H]1CN1CCOCC1,6.4089353929735005
CHEMBL1922211,CDK2,390.0,nM,CC[C@H](Nc1nc(NCc2cccnc2)c2ncn(C(C)C)c2n1)C(O)C(C)(C)C,6.4089353929735005
CHEMBL5173041,CDK1,390.0,nM,COc1cc(C(=O)N2CCCC2)ccc1-c1ccnc2[nH]c(-c3ccc(CN4CCOCC4)cc3)nc12,6.4089353929735005
CHEMBL2163607,CDK2,390.0,nM,N[C@H]1CC[C@H](Nc2cc(Nc3ccccc3Cl)n3nccc3n2)CC1,6.4089353929735005
CHEMBL6064706,CDK9,390.0,nM,CC(C)(CN)Nc1cc(-c2ccc3ncn(Cc4cccc(F)c4)c3c2)c(Cl)cn1,6.4089353929735005
CHEMBL6035906,CDK9,390.0,nM,Fc1cccc(Cn2cnc3ccc(-c4cc(NCc5cncnc5)ncc4Cl)cc32)c1,6.4089353929735005
CHEMBL3702231,CDK4,390.0,nM,CC[C@H](C)n1c2cnccc2c2cnc(Nc3ccc(N4CCNCC4)nn3)nc21,6.4089353929735005
CHEMBL3823007,CDK2,392.0,nM,Cc1nn(C2CCNCC2)cc1Nc1ncc(Cl)c(-c2cnc3ccccn23)n1,6.406713932979542
CHEMBL3822543,CDK2,392.0,nM,Cc1c(Nc2ncc(Cl)c(-c3cnc4ccccn34)n2)cnn1C1CCNCC1,6.406713932979542
CHEMBL362967,CDK1,392.0,nM,Brc1cnc(Nc2ccc3[nH]cnc3c2)nc1NC1CCCc2ccccc21,6.406713932979542
CHEMBL4215568,CDK6,392.0,nM,CCN1CCN(Cc2ccc(Nc3ncc(F)c(-c4cc(F)c5nc6n(c5c4)CC(C)C6)n3)nc2)CC1,6.406713932979542
CHEMBL3942483,CDK2,393.0,nM,O=C1NCC2(CCCC2)n2c1cc1cnc(Nc3ccc(C(=O)N4CCN(CC5CC5)CC4)cn3)nc12,6.405607449624574
CHEMBL6146765,CDK2,393.6,nM,COCC(C)N1CCC(c2cc3c(-c4cnn(CC5CC5)c4)c(Cl)cnc3[nH]2)CC1,6.404944910240696
CHEMBL498200,CDK9,395.0,nM,Nc1nccc(-c2cc3c([nH]2)C(CCC(F)(F)F)CNC3=O)n1,6.403402904373539
CHEMBL5199065,CDK2,396.0,nM,CCC(CC)c1cc(N[C@H]2CC[C@H](N)C2)n2nccc2n1,6.402304814074488
CHEMBL3698727,CDK6,396.0,nM,c1cc2c3cnc(Nc4ccc(NCC5CNC5)nn4)nc3n(C3CCCC3)c2cn1,6.402304814074488
CHEMBL5431456,CDK2,396.35,nM,COc1ccc(Cc2nnc(N3CCN(C(=S)Nc4ccc(OC)cc4)CC3)c3ccccc23)cc1,6.401921137470582
CHEMBL5517681,CDK2,397.9,nM,CC(=O)Nc1ccc(CNc2nc(N3CCC[C@H](O)C3)nc3c(C(C)C)cnn23)cc1,6.400226060853612
CHEMBL103104,CDK1,398.0,nM,NS(=O)(=O)c1ccc(Nc2cc(-c3cccc(O)c3)n[nH]2)cc1,6.400116927926312
CHEMBL319685,CDK1,398.0,nM,COc1cccc(-c2cc(Nc3ccc(S(N)(=O)=O)cc3)[nH]n2)c1,6.400116927926312
CHEMBL5569715,CDK2,398.0,nM,CC(C)(O)Cn1cc(-c2nc(NC3CCN(S(=O)(=O)C4CC4)CC3)ncc2C(F)(F)F)cn1,6.400116927926312
CHEMBL5527858,CDK2,398.4,nM,CC(=O)Nc1ccc(CNc2nc(N3CCC[C@@H](O)C3)nc3c(C(C)C)cnn23)cc1,6.399680670248339
CHEMBL485602,CDK2,400.0,nM,COCCN(C)S(=O)(=O)c1ccc(Nc2nccc(-c3cnc(C)n3C)n2)cc1,6.3979400086720375
CHEMBL5746222,CDK9,400.0,nM,O=C(Nc1cc(-c2ccc3ncn(CC4CCOCC4)c3c2)c(Cl)cn1)[C@H]1CCC[C@@H](C(=O)N2CCC[C@H]2CO)C1,6.3979400086720375
CHEMBL495771,CDK4,400.0,nM,c1cc(-c2cnn3nc(N4CCOCC4)ccc23)nc(NC2CC2)n1,6.3979400086720375
CHEMBL3940387,CDK2,400.0,nM,CC(C)c1c2cc(-c3ccnc(N[C@H]4CC[C@H](NC5CCOCC5)CC4)n3)ccc2nn1C,6.3979400086720375
CHEMBL555229,CDK2,400.0,nM,Sc1nn2c(COc3ccc(Cl)cc3)nnc2s1,6.3979400086720375
CHEMBL3935574,CDK9,400.0,nM,CN1Cc2c(C3=CC4CCCC(C3)N4S(C)(=O)=O)[nH]c3nccc(c23)-c2cc(F)ccc21,6.3979400086720375
CHEMBL329505,CDK1,400.0,nM,O=C1Cc2c([nH]c3ccc(C(F)(F)F)cc23)-c2ccccc2N1,6.3979400086720375
CHEMBL336283,CDK1,400.0,nM,CCC(C)(O)C#Cc1nc(NCCc2ccc(OC)cc2)c2ncn(C(C)C)c2n1,6.3979400086720375
CHEMBL1802728,CDK2,400.0,nM,CCN(CC)C(=O)c1ccc(Nc2nc(OCC3CCCCC3)c3nc[nH]c3n2)cc1,6.3979400086720375
CHEMBL284899,CDK1,400.0,nM,CCC(C)(O)C#Cc1nc(Nc2ccccc2)c2ncn(C(C)C)c2n1,6.3979400086720375
CHEMBL3979619,CDK9,400.0,nM,CCOC(=O)C1CC=C(c2[nH]c3nccc4c3c2CN(C)c2ccc(F)cc2-4)CC1,6.3979400086720375
CHEMBL3702213,CDK6,400.0,nM,COCCn1c2cnccc2c2cnc(Nc3ccc(N4CCNCC4)nn3)nc21,6.3979400086720375
CHEMBL203571,CDK2,400.0,nM,CCN(CC)c1cc(Nc2ccc(S(N)(=O)=O)cc2)n2ncnc2n1,6.3979400086720375
CHEMBL418203,CDK4,400.0,nM,CN1CCC(c2c(O)cc(O)c3c(=O)cc(-c4ccccc4Cl)oc23)[C@@H](O)C1,6.3979400086720375
CHEMBL3109949,CDK2,400.0,nM,COc1ccc(Nc2cc3[nH]c(-c4cn[nH]c4)cc3cn2)cc1,6.3979400086720375
CHEMBL296586,CDK1,400.0,nM,O=C1Cc2c([nH]c3ccc(Br)cc23)-c2ccccc2N1,6.3979400086720375
CHEMBL5187219,CDK9,400.0,nM,COc1cc(F)ccc1-c1ccnc2[nH]c(C3CCOCC3)cc12,6.3979400086720375
CHEMBL3946356,CDK9,400.0,nM,CN1Cc2c(C3CCNCC3)[nH]c3nccc(c23)-c2cc(F)ccc21,6.3979400086720375
CHEMBL388978,CDK6,402.0,nM,CN[C@@H]1C[C@H]2O[C@@](C)([C@@H]1OC)n1c3ccccc3c3c4c(c5c6ccccc6n2c5c31)C(=O)NC4,6.39577394691553
CHEMBL5512517,CDK2,402.6,nM,CC[C@@H](CO)Nc1cc(NCc2ccc(NC(C)=O)cc2)n2ncc(C(C)C)c2n1,6.395126229447364
CHEMBL6102632,CDK6,403.0,nM,CN1CCN(c2ccc(Nc3ncc(F)c(-c4ccc5c(c4)OC4(CCC6(CC4)OCC(C)(C)CO6)CC5=O)n3)nc2)CC1,6.39469495385889
CHEMBL390715,CDK1,404.8,nM,COc1ccc2cc3c4c(cc(OC)c(OC)c4c2c1)C(=O)N3,6.3927594961682574
CHEMBL3698686,CDK6,406.0,nM,Cc1cc(N2CCNCC2)cnc1Nc1ncc2c3ccncc3n(C3CCCC3)c2n1,6.391473966422806
CHEMBL6189778,CDK6,406.8,nM,CN(C)C(=O)c1cc2cnc(Nc3ccc(-c4nc5c(C(N)=O)cccc5[nH]4)c(Cl)c3)nc2n1C1CCCC1,6.390619055749293
CHEMBL102241,CDK2,407.0,nM,COc1ccc(-c2cc(Nc3ccc(S(N)(=O)=O)cc3)[nH]n2)cc1F,6.39040559077478
CHEMBL3921855,CDK2,410.0,nM,COc1cc(F)ccc1-c1nc(Nc2cccc(CS(=N)(=O)C3CC3)c2)ncc1F,6.3872161432802645
CHEMBL6024465,CDK9,410.0,nM,O[C@H]1CC[C@H](Nc2cc(-c3ccc4c(c3)N(Cc3cccc(F)c3)CC4)c(Cl)cn2)CC1,6.3872161432802645
CHEMBL389102,CDK1,410.0,nM,N#Cc1cnc(Nc2ccc(CCO)cc2)nc1-c1ccc2[nH]ccc2c1,6.3872161432802645
CHEMBL569720,CDK2,410.0,nM,Cc1cc(Nc2nc(N[C@@H](C)c3ncc(F)cn3)c(C#N)nc2C)n[nH]1,6.3872161432802645
CHEMBL3787112,CDK2,410.0,nM,Nc1ncnc2c1c(-c1cccc(O)c1)cn2[C@H]1C[C@@H](CN2CCC2)C1,6.3872161432802645
CHEMBL5867965,CDK9,410.0,nM,CN1CCC(Nc2cc(-c3ccc4ncn(Cc5cccc(F)c5)c4c3)c(Cl)cn2)CC1,6.3872161432802645
CHEMBL3934257,CDK2,410.0,nM,COc1cc(F)ccc1-c1nc(Nc2cc(F)cc(CS(=N)(=O)C3CC3)c2)ncc1F,6.3872161432802645
CHEMBL4214898,CDK1,411.9,nM,CCN1CCN(Cc2ccc(Nc3cc(-c4cc(F)c5nc(C)n(C(C)C)c5c4)ncn3)nc2)CC1,6.385208208043583
CHEMBL248370,CDK2,412.0,nM,CCNC(=O)N1CCC(Nc2ncc(C#N)c(-c3c[nH]c4cc(F)ccc34)n2)CC1,6.3851027839668655
CHEMBL5517691,CDK2,412.15,nM,CC(=O)Nc1ccc(CNc2nc(O[C@@H]3CCCNC3)nc3c(C(C)C)cnn23)cc1,6.384944695820279
CHEMBL6044246,CDK2,413.0,nM,Cc1nc2c(F)cc(-c3nc(Nc4ccc5c(n4)CCN(CC(=O)N(C)C)C5)ncc3F)cc2n1C1CC1,6.384049948343598
CHEMBL4470529,CDK4,417.0,nM,COc1cc(N2CCN(CCN(C)C)C2=O)ccc1Nc1ncc(Cl)c(Nc2ccccc2S(=O)(=O)C(C)C)n1,6.379863945026242
CHEMBL3932161,CDK9,417.0,nM,CC[C@@H]1c2c(C3=CCNCC3)[nH]c3nccc(c23)-c2cc(F)ccc2N1C,6.379863945026242
CHEMBL3941083,CDK9,420.0,nM,CN(C)C(=O)CN1CCC=C(c2[nH]c3nccc4c3c2CN(C)c2ccc(F)cc2-4)C1,6.376750709602099
CHEMBL1800462,CDK1,420.0,nM,CN1CCN(c2cc(-c3cc(N4C[C@H](O)[C@@H](O)C4)ccc3O)nc(N)n2)CC1,6.376750709602099
CHEMBL3969125,CDK9,420.0,nM,CN1Cc2c(C3=CCCN(CC(=O)N(C)C4CC(O)C4)C3)[nH]c3nccc(c23)-c2cc(F)ccc21,6.376750709602099
CHEMBL5572884,CDK1,420.0,nM,Cc1ccc(O)c(C)c1-n1c(N)c(C(=O)N2CCn3nccc3C2)c2nc(C)c(C)nc21,6.376750709602099
CHEMBL3915748,CDK9,420.0,nM,CN1Cc2c(C3=CCNCC3(C)C)[nH]c3nccc(c23)-c2cc(F)ccc21,6.376750709602099
CHEMBL2035045,CDK2,420.0,nM,CN1C/C=C/COCc2cncc(c2)-c2ccnc(n2)Nc2cccc(c2)C1,6.376750709602099
CHEMBL2403083,CDK1,422.0,nM,NC1CCC(Nc2nc(NCc3ccc(-c4cccc(F)c4)cc3)c3ncn(C4CCCC4)c3n2)CC1,6.374687549038326
CHEMBL6165559,CDK6,423.0,nM,CC(=O)N1CCN(Cc2ccc(Nc3ncc(F)c(-c4ccc5c(c4)OC4(CCN(C(C)=O)CC4)CC5=O)n3)nc2)CC1,6.373659632624958
CHEMBL4647459,CDK9,424.0,nM,O=C1/C(=C/c2c[nH]c3ncccc23)CCc2ccccc21,6.372634143407268
CHEMBL5436482,CDK2,425.83,nM,COc1cccc(NC(=S)N2CCN(c3nnc(Cc4ccccc4)c4ccccc34)CC2)c1,6.370763745491634
CHEMBL6144286,CDK1,427.7,nM,Cn1cc(-c2c(Cl)cnc3[nH]c(C4CCNCC4)cc23)cn1,6.368860749743189
CHEMBL365209,CDK2,428.0,nM,Nc1nc2ccc(C(=O)c3ccccc3Cl)cn2c1C(=O)c1c(F)cccc1F,6.368556230986828
CHEMBL3916775,CDK2,430.0,nM,CNC(=O)N=S(C)(=O)Cc1cccc(Nc2ncc(F)c(-c3ccc(F)cc3OC)n2)c1,6.366531544420413
CHEMBL25840,CDK1,430.0,nM,CCC(C)(O)C#Cc1nc(NCc2ccc(Cl)c(Cl)c2)c2ncn(C(C)C)c2n1,6.366531544420413
CHEMBL3641969,CDK4,430.0,nM,CNC1CCN(c2ccc(Nc3ncc4c5ccncc5n(C[C@H](C)O)c4n3)nn2)CC1,6.366531544420413
CHEMBL77369,CDK1,430.0,nM,CC(C)n1cnc2c(Nc3cccc(Cl)c3)nc(N3CCC[C@@H]3CO)nc21,6.366531544420413
CHEMBL3823030,CDK1,430.0,nM,Cc1nn(C2CCN(C(=O)[C@@H](C)O)CC2)c(C)c1Nc1ncc(Cl)c(-c2cnn3ccccc23)n1,6.366531544420413
CHEMBL3085248,CDK1,430.0,nM,CC(C)n1cnc2c(Nc3ccc(Cl)c(Cl)c3)nc(N3CCC[C@@H]3CO)nc21,6.366531544420413
CHEMBL3085245,CDK1,430.0,nM,CC(C)n1cnc2c(NCc3ccc(Cl)c(Cl)c3)nc(N3CCC[C@@H]3CO)nc21,6.366531544420413
CHEMBL5751605,CDK9,430.0,nM,O=C(Nc1cc(-c2ccc3c(c2)N(CC2CCCN2)CC3)c(Cl)cn1)C1CCCNC1,6.366531544420413
CHEMBL3698727,CDK4,430.0,nM,c1cc2c3cnc(Nc4ccc(NCC5CNC5)nn4)nc3n(C3CCCC3)c2cn1,6.366531544420413
CHEMBL5849915,CDK9,430.0,nM,O=C(Nc1cc(-c2ccc3ncn(CC4CCOCC4)c3c2)c(Cl)cn1)[C@H]1CCN1,6.366531544420413
CHEMBL194028,CDK1,430.0,nM,Fc1cnc(Nc2ccc3[nH]cnc3c2)nc1Nc1ccc2[nH]cnc2c1,6.366531544420413
CHEMBL3668376,CDK9,430.0,nM,COc1ccc(F)cc1-c1ccnc2[nH]c(C3CCCN3C)cc12,6.366531544420413
CHEMBL5558295,CDK2,433.6,nM,CC(=O)Nc1ccc(CNc2nc(O[C@H]3CCCNC3)nc3c(C(C)C)cnn23)cc1,6.36291072646967
CHEMBL5518081,CDK2,436.8,nM,CC(=O)Nc1ccc(CNc2nc(NC3COC3)nc3c(C(C)C)cnn23)cc1,6.359717370303319
CHEMBL234451,CDK1,439.0,nM,Cc1nc(C)c(-c2nc(Nc3ccc(CCN(C)C)cc3)ncc2Cl)s1,6.357535479757878
CHEMBL189937,CDK2,439.0,nM,Cc1c(Br)c(=O)n(C2CCCC2)c2nc(Nc3ccc(N4CCNCC4)cc3)ncc12,6.357535479757878
CHEMBL5558178,CDK1,439.2,nM,CC(C)n1nnc2ccc(-c3ccnc(Nc4cc(C(=O)N5CCCN(C)CC5)ccn4)c3)cc21,6.357337668557964
CHEMBL171975,CDK1,440.0,nM,CCn1cnc2c(Nc3cccc(F)c3)nc(NCCO)nc21,6.356547323513812
CHEMBL6028204,CDK9,440.0,nM,CN(C)CCCn1cnc2ccc(-c3cc(NC(=O)[C@@H]4CCCNC4)ncc3Cl)cc21,6.356547323513812
CHEMBL1630107,CDK2,440.0,nM,O=C(/C=C/c1ccc(-c2ccc3ncnc(Nc4ccc(OCc5cccc(F)c5)c(Cl)c4)c3c2)o1)NO,6.356547323513812
CHEMBL4758821,CDK9,440.0,nM,CC(=O)N[C@@H]1CCC[C@H](C(=O)Nc2cc(-c3cnn(C)c3C)c(Cl)cn2)C1,6.356547323513812
CHEMBL336242,CDK2,440.0,nM,O=C(Nc1cc(CN[C@H]2Cc3ccc(Cl)cc3C2)n[nH]1)Nc1cccc2c1[C@@H]1CCCN1C2=O,6.356547323513812
CHEMBL5439522,CDK2,440.0,nM,Cn1cc(CCNc2ccc([N+](=O)[O-])cc2C(=O)O)c2ccc(Cl)cc21,6.356547323513812
CHEMBL361196,CDK2,440.0,nM,O=C(Nc1ncnc2oc(-c3cccnc3)cc12)C1CC1,6.356547323513812
CHEMBL1630108,CDK2,440.0,nM,O=C(/C=C/c1ccc(-c2ccc3ncnc(Nc4ccc(OCc5cccc(F)c5)c(Cl)c4)c3c2)s1)NO,6.356547323513812
CHEMBL4062453,CDK4,441.0,nM,CN(C)CCn1cc(-c2ccn3c(-c4ccc(C(N)=O)c(OCc5cccc(F)c5)c4)cnc3c2)cn1,6.355561410532161
CHEMBL5979966,CDK1,443.0,nM,Cc1nc2c(F)cc(-c3nc(Nc4ccc5c(n4)CCN(CCN4CCN(C)CC4)C5)ncc3F)cc2n1C(C)(C)C,6.3535962737769305
CHEMBL1800463,CDK2,450.0,nM,Nc1nc(NCCN2CCOCC2)cc(-c2cc(N3C[C@H](O)[C@@H](O)C3)ccc2O)n1,6.346787486224656
CHEMBL50,CDK1,450.0,nM,O=c1c(O)c(-c2ccc(O)c(O)c2)oc2cc(O)cc(O)c12,6.346787486224656
CHEMBL14762,CDK1,450.0,nM,CC[C@H](CO)Nc1nc(NCc2ccccc2)c2ncn(C(C)C)c2n1,6.346787486224656
CHEMBL176488,CDK1,450.0,nM,CCn1cnc2c(Nc3ccc(F)cc3)nc(NCCN)nc21,6.346787486224656
CHEMBL3823030,CDK9,450.0,nM,Cc1nn(C2CCN(C(=O)[C@@H](C)O)CC2)c(C)c1Nc1ncc(Cl)c(-c2cnn3ccccc23)n1,6.346787486224656
CHEMBL3668436,CDK9,450.0,nM,CN1CCC(c2cc3c(-c4nc(NCC5CCNCC5)ccc4Cl)ccnc3[nH]2)CC1,6.346787486224656
CHEMBL2064628,CDK2,450.0,nM,CN(C)C[C@@H](OC(=O)N1Cc2c(NC(=O)C(C)(C)C)n[nH]c2C1(C)C)c1ccccc1,6.346787486224656
CHEMBL1800453,CDK2,450.0,nM,CCCCCCc1cc(-c2cc(N3C[C@H](O)[C@@H](O)C3)ccc2O)nc(N)n1,6.346787486224656
CHEMBL521871,CDK2,450.0,nM,CN(C)CC(O)COc1ccc(Nc2nccc(-c3cnn4nc(N5CCOCC5)ccc34)n2)cc1,6.346787486224656
CHEMBL3085252,CDK1,450.0,nM,CC(C)n1cnc2c(NCc3cccc(I)c3)nc(N3CCC[C@@H]3CO)nc21,6.346787486224656
CHEMBL182419,CDK2,450.0,nM,O=C(Nc1ncnc2oc(-c3cccnc3)cc12)C1CCCC1,6.346787486224656
CHEMBL540874,CDK1,450.0,nM,CCn1cnc2c(Nc3ccc(F)cc3)nc(NCCN)nc21.Cl,6.346787486224656
CHEMBL232749,CDK1,450.0,nM,Cc1cc(N2CCCS2(=O)=O)c2oc(-c3ccc(O)cc3)c(O)c(=O)c2c1,6.346787486224656
CHEMBL488436,CDK4,450.0,nM,Cc1ncc(-c2ccnc(Nc3ccc(S(C)(=O)=O)cc3)n2)n1C(C)C,6.346787486224656
CHEMBL1271564,CDK4,451.0,nM,CC(C)c1n[nH]cc1-c1ccnc(Nc2ccc(N3CCNCC3)cn2)n1,6.345823458122039
CHEMBL383316,CDK1,454.0,nM,COc1cc(-c2ccc3c(c2)NC(=O)/C3=C\c2c[nH]c3ncccc23)ccc1O,6.342944147142896
CHEMBL189047,CDK2,455.0,nM,C[C@@H](C(=O)Nc1cc(C2CC2)[nH]n1)c1ccc(N2CCNC2=O)cc1,6.341988603342887
CHEMBL5404411,CDK2,455.48,nM,COc1ccc(Cc2nnc(N3CCN(C(=O)c4ccccc4)CC3)c3ccccc23)cc1,6.34153068802212
CHEMBL5589771,CDK9,455.5,nM,O=C(CCCCCCn1cc(Nc2cc(-c3cccc(NCc4cccc(F)c4)n3)c(Cl)cn2)cn1)NO,6.3415116186909835
CHEMBL296468,CDK9,458.0,nM,CC(C)(C)c1cnc(CSc2cnc(NC(=O)C3CCNCC3)s2)o1,6.339134521996131
CHEMBL1630117,CDK2,460.0,nM,O=C(NO)c1ccc(-c2ccc3ncnc(Nc4ccc(OCc5cccc(F)c5)c(Cl)c4)c3c2)o1,6.337242168318426
CHEMBL2158861,CDK2,460.0,nM,CNC(=O)Nc1ccc(-c2cc(-c3ccnc(Nc4ccc(C)c(S(=O)(=O)N(C)C)c4)n3)ccn2)cc1,6.337242168318426
CHEMBL5203908,CDK2,460.0,nM,CNS(=O)(=O)c1ccc(Nc2ncc3c(n2)N([C@@H](C)C2CC2)C(=O)C32CC2)cc1,6.337242168318426
CHEMBL5190590,CDK2,460.0,nM,CNS(=O)(=O)c1ccc(Nc2ncc3c(n2)N(c2cc(F)ccc2Cl)C(=O)C32CC2)cc1,6.337242168318426
CHEMBL578201,CDK2,460.0,nM,Cc1cc(Nc2nc(N[C@@H](C)c3ccc(F)cn3)c(C#N)nc2C)n[nH]1,6.337242168318426
CHEMBL233380,CDK1,461.0,nM,CN(C)CCc1ccc(Nc2ncc(Cl)c(-c3cccs3)n2)cc1,6.336299074610352
CHEMBL188074,CDK2,462.0,nM,COc1cccc(OC)c1C(=S)c1c(N)nc2ccc(C(=O)c3c(F)cccc3F)cn12,6.335358024443874
CHEMBL5418155,CDK6,462.0,nM,Sc1nnc(-c2c[nH]c3ccccc23)n1/N=C/c1ccc(Br)cc1,6.335358024443874
CHEMBL402548,CDK2,462.0,nM,CO[C@@H](C(=O)N1Cc2[nH]nc(NC(=O)c3ccc(N4CCN(C)CC4)cc3)c2C1)c1ccccc1,6.335358024443874
CHEMBL3684994,CDK4,463.0,nM,CC(=O)N1Cc2ccc(Nc3ncc4c5ccncc5n([C@H]5CC[C@H](C)CC5)c4n3)nc2[C@@H](C)C1,6.334419008982047
CHEMBL185971,CDK4,464.0,nM,COc1cc(F)c(C(=S)c2c(N)nc3ccc(C(=O)c4c(F)cccc4F)cn23)c(F)c1,6.333482019445119
CHEMBL6146319,CDK6,465.0,nM,CN1CCN(c2ccc(Nc3ncc(F)c(-c4ccc5c(c4)OC4(CCC6(CC4)OCCO6)CC5=O)n3)nc2)CC1,6.332547047110046
CHEMBL379193,CDK1,466.0,nM,CCOC(=O)CCC(=O)NS(=O)(=O)c1ccc(Nc2nc(N)n(C(=O)c3c(F)cccc3F)n2)cc1,6.33161408331
CHEMBL5084166,CDK9,467.0,nM,Cc1nc2ccc(-c3cc(N)nc(N)c3)nc2n1C[C@@H](C)Oc1cccc(Br)n1,6.330683119433887
CHEMBL1272171,CDK4,468.0,nM,CC(C)c1n[nH]c(C(F)(F)F)c1-c1ccnc(Nc2ccc(N3CCC(N(C)C)CC3)cn2)n1,6.329754146925875
CHEMBL5402829,CDK2,470.0,nM,O=C(Nc1cnccc1-c1ccc(F)cc1)c1ccnc(Nc2ccc(F)cc2)n1,6.327902142064282
CHEMBL5846717,CDK9,470.0,nM,O=C(Nc1cc(-c2ccc3c(c2)N(Cc2cccc4c2OCCO4)CC3)c(Cl)cn1)C1CCCNC1,6.327902142064282
CHEMBL5869791,CDK9,470.0,nM,CNCCCNc1cc(-c2ccc3ncn(Cc4cccc(F)c4)c3c2)c(Cl)cn1,6.327902142064282
CHEMBL5202653,CDK2,470.0,nM,CC(=O)N(c1ccc(-c2cnn(C)c2)cc1)C1CCC(Nc2ccc(C#N)cn2)CC1,6.327902142064282
CHEMBL4439321,CDK2,470.0,nM,COc1cc(F)ccc1-c1ncnc(Nc2cccc(C[S@](C)(=N)=O)c2)n1,6.327902142064282
CHEMBL5072926,CDK9,470.0,nM,Cc1nc2ccc(-c3cc(N)nc(N)c3)nc2n1CCC1CCCCC1,6.327902142064282
CHEMBL5974351,CDK9,470.0,nM,CN1CCC(CN2CCc3ccc(-c4cc(NC(=O)C5CCCNC5)ncc4Cl)cc32)CC1,6.327902142064282
CHEMBL245174,CDK1,470.0,nM,N#Cc1cnc(Nc2ccc(CCO)cc2)nc1-c1cccs1,6.327902142064282
CHEMBL3641917,CDK4,470.0,nM,C[C@@H](O)Cn1c2cnccc2c2cnc(Nc3ccc(N4CC[C@@H](O)C4)cn3)nc21,6.327902142064282
CHEMBL5597381,CDK9,473.2,nM,O=C(CCCCCn1cc(Nc2cc(-c3cccc(NCC4CCOCC4)n3)c(Cl)cn2)cn1)NO,6.324955264044107
CHEMBL4744850,CDK9,474.0,nM,CN(C)C/C=C/C(=O)Nc1ccc(S(=O)(=O)N2CCCC(Nc3ncc(SCc4ncc(C(C)(C)C)o4)s3)C2)cc1,6.324221658325914
CHEMBL3354192,CDK2,476.0,nM,COC1CCN(c2nccc(Nc3cc4c(C(C)C)n[nH]c4cn3)n2)CC1,6.3223930472795065
CHEMBL5274920,CDK2,477.0,nM,C=CC(=O)Nc1ccc(C(=O)Nc2n[nH]c3ccc(-c4cncc(NC(=O)[C@@H](N)Cc5ccccc5)c4)cc23)cc1,6.3214816209598865
CHEMBL3698718,CDK4,477.0,nM,CC1CCN(c2cnc(Nc3ncc4c5ccncc5n(C5CCCC5)c4n3)cn2)C1,6.3214816209598865
CHEMBL6065800,CDK1,478.0,nM,CN1CCN(S(=O)(=O)c2ccc(Nc3ncc4cc5n(c4n3)C3(CCCCC3)C(=O)NN5)cc2)CC1,6.320572103387882
CHEMBL3644031,CDK2,480.0,nM,CS(=O)(=O)c1ccc(Nc2ncc(C(F)(F)F)c(OC3CCCCC3)n2)cc1,6.318758762624412
CHEMBL385362,CDK4,480.0,nM,O=C1c2cccc(-c3nc4ccccc4nc3O)c2C2CCCN12,6.318758762624412
CHEMBL296468,CDK1,480.0,nM,CC(C)(C)c1cnc(CSc2cnc(NC(=O)C3CCNCC3)s2)o1,6.318758762624412
CHEMBL3963396,CDK9,480.0,nM,CN1Cc2c(C3=CCCN(CC(=O)N4CCC[C@H]4CO)C3)[nH]c3nccc(c23)-c2cc(F)ccc21,6.318758762624412
CHEMBL4742985,CDK2,480.0,nM,NC(=O)c1cccc(Nc2nc(OCC3CCCCC3)c3nc[nH]c3n2)c1,6.318758762624412
CHEMBL260928,CDK2,484.0,nM,O=C(Nc1n[nH]c2cc(-c3ccsc3)ccc12)C1CC1,6.315154638355588
CHEMBL6033665,CDK2,486.0,nM,Cc1nc2c(F)cc(-c3nc(Nc4ccc5c(n4)CCNC5)ncc3F)cc2n1C,6.313363730737707
CHEMBL4740156,CDK9,488.5,nM,Cc1ccc(-c2ccnc(Nc3ccc4c(c3)N(C(C)C)[C@H](C)C(=O)N4C)n2)cc1,6.311135431945209
CHEMBL103039,CDK2,490.0,nM,NS(=O)(=O)c1ccc(Nc2cc(-c3cccc(N4CCOCC4)c3)[nH]n2)cc1,6.309803919971486
CHEMBL3673498,CDK9,490.0,nM,CS(=O)(=O)N1CC=C(c2cc3c(-c4cccc(NCc5ccccc5Cl)n4)ccnc3[nH]2)CC1,6.309803919971486
CHEMBL254050,CDK2,490.0,nM,CC(=O)N1CCN(C(=O)c2cc(Sc3cnc(Nc4cccc(Br)n4)s3)ccc2C)CC1,6.309803919971486
CHEMBL515854,CDK4,490.0,nM,COCCS(=O)(=O)c1ccc(Nc2nccc(-c3cnc(C)n3C(C)C)n2)cc1,6.309803919971486
CHEMBL3663756,CDK9,490.0,nM,COc1ccc(NCc2ccccc2)nc1-c1ccnc2[nH]c(C3CCCNC3)cc12,6.309803919971486
CHEMBL5832698,CDK1,491.0,nM,Cc1nc2c(F)cc(-c3nc(Nc4ccc5c(n4)CCN(C(=O)[C@@H](C)N(C)C)C5)ncc3F)cc2n1C1CC1,6.308918507877031
CHEMBL3822858,CDK2,494.0,nM,COc1nn(C2CCN(C(C)=O)CC2)cc1Nc1ncc(Cl)c(-c2cnc3ccccn23)n1,6.306273051076353
CHEMBL209280,CDK1,494.0,nM,Nc1nc(Nc2ccc(S(=O)(=O)NC(=O)CCC(=O)O)cc2)nn1C(=O)c1c(F)cccc1F,6.306273051076353
CHEMBL260929,CDK2,497.0,nM,O=C(Nc1n[nH]c2cc(-c3ccc[nH]3)ccc12)C1CC1,6.303643611266668
CHEMBL5285145,CDK2,499.0,nM,N[C@@H](COc1cncc(-c2ccc3[nH]nc(NC(=O)c4ccccc4)c3c2)c1)Cc1ccccc1,6.30189945437661
CHEMBL4462530,CDK4,499.0,nM,CC(=O)N[C@@H]1CCC[C@H](C(=O)Nc2cc(-c3cnn4c3CC(C)(C)C4)c(Cl)cn2)C1,6.30189945437661
CHEMBL497196,CDK4,500.0,nM,c1cc(-c2cnn3nc(N4CCCC4)ccc23)nc(NC2CC2)n1,6.301029995663981
CHEMBL100391,CDK2,500.0,nM,CN(C)CC(O)COc1ccc(Nc2ncc(Cl)c(Nc3ccccc3)n2)cc1,6.301029995663981
CHEMBL445125,CDK1,500.0,nM,CCC(O)C#Cc1nc(NCc2ccccc2)c2ncn(C(C)C)c2n1,6.301029995663981
CHEMBL436368,CDK1,500.0,nM,COc1ccc(CNc2nc(C#CC3(O)CCCCCC3)nc3c2ncn3C(C)C)cc1,6.301029995663981
CHEMBL5287103,CDK9,500.0,nM,O=C1N=NC(=O)/C(=C/Nc2ccc(-c3nc4ncccc4[nH]3)cc2)C(=O)N1,6.301029995663981
CHEMBL2029903,CDK1,500.0,nM,CN1CCN(C(=O)c2cc(Nc3ncc4cc(C(N)=O)n(C5CCCC5)c4n3)cn2C)CC1,6.301029995663981
CHEMBL257625,CDK2,500.0,nM,CCNc1ccc2[nH]nc(NC(=O)Cc3ccccc3)c2c1,6.301029995663981
CHEMBL193456,CDK2,500.0,nM,CN(C)S(=O)(=O)c1ccc(Nc2ccc(C(=O)c3c(F)cccc3F)c(N)n2)cc1,6.301029995663981
CHEMBL3698677,CDK6,500.0,nM,COc1cc2c3cnc(Nc4ccc(N5CCNCC5)cn4)nc3n(C3CCCC3)c2cn1,6.301029995663981
CHEMBL177434,CDK1,500.0,nM,OCCCNc1cc(-c2cncc(Nc3cccc(Cl)c3)n2)ccn1,6.301029995663981
CHEMBL5275774,CDK9,500.0,nM,O=C1N=NC(=O)/C(=C\Nc2ccc(-c3nc4ncccc4[nH]3)cc2)C(=O)N1,6.301029995663981
CHEMBL477063,CDK2,500.0,nM,COc1cnc(CN/C=C2\C(=O)NC(=O)c3ccc(I)cc32)cc1O,6.301029995663981
CHEMBL3655769,CDK9,500.0,nM,CC[C@H](Nc1nc(NC2CCC2)c2ncn(C(C)C)c2n1)[C@@H](C)O,6.301029995663981
CHEMBL317378,CDK4,500.0,nM,CN(C)CC(O)COc1ccc(Nc2cc(N(CCC#N)c3cc(Cl)ccc3Cl)ncn2)cc1,6.301029995663981
CHEMBL107530,CDK2,500.0,nM,Nc1nc(Nc2cccc(Br)c2)nc(OCC2CCCCC2)c1N=O,6.301029995663981
CHEMBL3798762,CDK1,500.0,nM,CN(C)C(=O)c1cccc(-c2cnc(N)c(-c3nc4cccc(N5CCNCC5)c4n3C)n2)c1,6.301029995663981
CHEMBL1172241,CDK2,500.0,nM,Cc1cc(CNC(=O)c2nn(CCCN)c3c2CCc2cnc(Nc4cccc(CC(=O)N(C)C)c4)nc2-3)ccn1,6.301029995663981
CHEMBL333605,CDK2,500.0,nM,O=C(Nc1cc(C2CC2)[nH]n1)c1cccc(C(F)(F)F)c1,6.301029995663981
CHEMBL3702229,CDK4,500.0,nM,CC[C@H](C)n1c2cnccc2c2cnc(Nc3ccc(N4CCN[C@@H](C)C4)cn3)nc21,6.301029995663981
CHEMBL5965407,CDK9,500.0,nM,O=C(Nc1cc(-c2ccc3c(c2)N(Cc2ccc4ncccc4c2)CC3)c(Cl)cn1)C1CCCNC1,6.301029995663981
CHEMBL336776,CDK1,500.0,nM,CC(C)n1cnc2c(NCc3ccccc3)nc(C#CC3(O)CCCC3)nc21,6.301029995663981
CHEMBL319103,CDK1,501.0,nM,NS(=O)(=O)c1ccc(Nc2cc(-c3cccc(NS(=O)(=O)c4ccccc4)c3)[nH]n2)cc1,6.300162274132754
CHEMBL421578,CDK1,501.0,nM,CS(=O)(=O)Nc1cccc(-c2cc(Nc3ccc(S(N)(=O)=O)cc3)[nH]n2)c1,6.300162274132754
CHEMBL321517,CDK1,501.0,nM,Nc1ccc(-c2cc(Nc3ccc(S(N)(=O)=O)cc3)[nH]n2)cc1,6.300162274132754
CHEMBL496568,CDK2,503.0,nM,CC(C)(C)c1cnc(CSc2cnc(N[C@H]3CC[C@@H](N)CC3)s2)o1,6.298432014944073
CHEMBL3352835,CDK2,503.0,nM,COC1CCN(c2nccc(Nc3cc(NC(=O)c4c(Cl)cccc4Cl)ccn3)n2)CC1,6.298432014944073
CHEMBL5425180,CDK9,504.0,nM,Nc1nc(NCCc2ccccc2)nc(-c2cc(Cl)ccc2O)n1,6.297569463554474
CHEMBL5875150,CDK1,505.0,nM,CNC(=O)c1ccc(Nc2ncc3cc4n(c3n2)C2(CCCCC2)C(=O)NN4)cc1,6.296708621881338
CHEMBL5903534,CDK9,510.0,nM,Fc1cccc(Cn2cnc3ccc(-c4cc(N[C@H]5CC[C@@]56CCCNC6)ncc4Cl)cc32)c1,6.292429823902063
CHEMBL5848509,CDK9,510.0,nM,O=C(Nc1cc(-c2ccc3ncn(CC4CCOCC4)c3c2)c(Cl)cn1)c1cnc2c(c1)CCCO2,6.292429823902063
CHEMBL3663808,CDK9,510.0,nM,COc1cc(F)ccc1-c1ccnc2[nH]c(C3CN(C)CCO3)cc12,6.292429823902063
CHEMBL3959867,CDK2,510.0,nM,CCOc1cc(F)ccc1-c1nc(Nc2cc(F)cc(CS(C)(=N)=O)c2)ncc1F,6.292429823902063
CHEMBL5417190,CDK2,515.17,nM,COc1ccc(Cc2nnc(N3CCN(C(=O)Nc4ccccc4)CC3)c3ccccc23)cc1,6.288049435271313
CHEMBL5633539,CDK1,516.8,nM,NC(=O)c1cccc2[nH]c(NC(=O)c3cccc(C(=O)N4CCC(Nc5ncc(I)cn5)CC4)c3)nc12,6.286677495012972
CHEMBL2011941,CDK2,518.0,nM,O=C(NCCCNc1c(Br)cnc2[nH]c(-c3ccc(OCCN4CCCCC4)cc3)nc12)C1CCC1,6.285670240254767
CHEMBL2158865,CDK2,520.0,nM,CNC(=O)Nc1ccc(-c2cc(-c3ccnc(Nc4ccc(Cl)c(S(=O)(=O)N(C)C)c4)n3)ccn2)cc1,6.2839966563652006
CHEMBL5842330,CDK9,520.0,nM,Nc1ncc(CNc2cc(-c3ccc4ncn(Cc5cccc(F)c5)c4c3)c(Cl)cn2)cn1,6.2839966563652006
CHEMBL251795,CDK2,520.0,nM,Cc1ccc(Sc2cnc(Nc3cccc(Br)n3)s2)cc1C(=O)N1CCN(C(=O)[C@H](C)N)CC1,6.2839966563652006
CHEMBL3702126,CDK4,520.0,nM,O=C(O)c1ccc(Nc2ncc3c4ccnc(O)c4n(C4CCCC4)c3n2)nc1,6.2839966563652006
CHEMBL3655763,CDK2,520.0,nM,CC[C@H](Nc1nc(NCc2ccc(C)nc2)c2ncn(C(C)C)c2n1)[C@@H](C)O,6.2839966563652006
CHEMBL271183,CDK1,520.0,nM,NS(=O)(=O)c1ccc(N/N=C2\C(=O)Nc3cc(Br)ccc32)cc1,6.2839966563652006
CHEMBL3702106,CDK6,520.0,nM,COc1cc2c3cnc(Nc4ccc(N5CCNCC5)cn4)nc3n(C3CCCC3)c2nn1,6.2839966563652006
CHEMBL4780912,CDK9,520.0,nM,CC(=O)N[C@@H]1CCC[C@H](C(=O)Nc2cc(-c3cnn4c3CCCC4)ccn2)C1,6.2839966563652006
CHEMBL2426395,CDK1,522.0,nM,COc1ccc(NC(=S)NC(=O)c2cn(-c3ccccc3)nc2-c2ccc(OC)cc2)cc1,6.282329496997738
CHEMBL4530229,CDK9,523.0,nM,O=C1CCC(N2C(=O)c3cccc(NC(=O)CCCCCCCn4cc(COc5c(O)cc(O)c6c(=O)cc(-c7ccccc7)oc56)nn4)c3C2=O)C(=O)N1,6.281498311132726
CHEMBL5396190,CDK2,523.59,nM,COc1ccc(Cc2nnc(N3CCN(C(=S)Nc4ccccc4)CC3)c3ccccc23)cc1,6.281008656594718
CHEMBL5081097,CDK6,524.0,nM,CN(C)c1cnc2ccc(-c3ccnc(Nc4ccc(N5CCNCC5)cn4)n3)cc2n1,6.280668713016274
CHEMBL5288241,CDK9,526.0,nM,C=CC(=O)Nc1ccc(C(=O)Nc2n[nH]c3ccc(-c4cncc(NC[C@@H](O)c5ccccc5)c4)cc23)cc1,6.279014255846261
CHEMBL5440583,CDK4,527.0,nM,Oc1ccc(/C=N/n2c(S)nnc2-c2c[nH]c3ccccc23)c(O)c1,6.278189384787453
CHEMBL522563,CDK2,530.0,nM,O=C(Nc1c[nH]nc1-c1nc2ccc(CN3CCOCC3)cc2[nH]1)c1ccc(F)cc1,6.275724130399211
CHEMBL3354191,CDK2,530.0,nM,COC1CCN(c2nccc(Nc3cc4c(cn3)c(N)nn4C(C)C)n2)CC1,6.275724130399211
CHEMBL57639,CDK2,530.0,nM,O=C1Nc2ccc(Br)cc2/C1=C/c1[nH]cc2c1CCNC2=O,6.275724130399211
CHEMBL4864688,CDK9,530.0,nM,O=C(CCCOc1ccc(CC(=O)Nc2cc(C3CCC3)[nH]n2)cc1)NCCCCNc1cccc2c1C(=O)N(C1CCC(=O)NC1=O)C2=O,6.275724130399211
CHEMBL6000032,CDK9,530.0,nM,CN(CCO)C(=O)[C@H]1CCC[C@@H](C(=O)Nc2cc(-c3ccc4ncn(CC5CCOCC5)c4c3)c(Cl)cn2)C1,6.275724130399211
CHEMBL4788016,CDK9,530.0,nM,CC(=O)N[C@@H]1CCC[C@H](C(=O)Nc2cc(-c3cnn4c3CCC4)c(Cl)cn2)C1,6.275724130399211
CHEMBL2042042,CDK2,530.0,nM,C[C@@H](/C=C\C(F)(F)F)Oc1cc(-c2cc(-c3cc(CN(C)C)cs3)cnc2N)ccc1C(N)=O,6.275724130399211
CHEMBL515839,CDK4,530.0,nM,Cc1ncc(-c2ccnc(Nc3ccc(S(=O)(=O)CC4CCCO4)cc3)n2)n1C(C)C,6.275724130399211
CHEMBL4754081,CDK6,532.0,nM,CC(=O)N[C@@H]1CCC[C@H](C(=O)Nc2cc(-c3cnn4c3CC(C)(C)C4)c(F)cn2)C1,6.274088367704952
CHEMBL5436647,CDK2,533.56,nM,COc1ccc(Cc2nnc(N3CCN(C(=S)Nc4ccc(Cl)cc4)CC3)c3ccccc23)cc1,6.27281673612004
CHEMBL509772,CDK2,538.0,nM,CC(C)(C)c1cnc(CSc2cnc(NC3CCNCC3)s2)o1,6.269217724333611
CHEMBL249501,CDK1,540.0,nM,O=C(O)c1cccc2[nH]c(-c3n[nH]c4ncc(-c5cncc6ccccc56)cc34)nc12,6.267606240177031
CHEMBL5188442,CDK1,540.0,nM,COc1cc(F)ccc1-c1ccnc2[nH]c(-c3ccc(CN4CCOCC4)cc3)nc12,6.267606240177031
CHEMBL254895,CDK2,540.0,nM,Cc1ccc(Sc2cnc(Nc3cccc(Br)n3)s2)cc1C(=O)N1CCN(C(=O)CN)CC1,6.267606240177031
CHEMBL5779561,CDK9,540.0,nM,CC(C)(C)OC(=O)Nc1cc(-c2ccc3ncn(Cc4cccc(F)c4)c3c2)c(Cl)cn1,6.267606240177031
CHEMBL3935996,CDK9,540.0,nM,CN(CC(O)CO)C(=O)CN1CCC=C(c2[nH]c3nccc4c3c2CN(C)c2ccc(F)cc2-4)C1,6.267606240177031
CHEMBL3947668,CDK9,540.0,nM,CN1c2ccc(F)cc2-c2ccnc3[nH]c(C4=CCNCC4)c(c23)C1C(=O)O,6.267606240177031
CHEMBL5920175,CDK9,540.0,nM,O=C(Nc1cc(-c2ccc3nnn(CCN(CCO)CCO)c3c2)c(Cl)cn1)[C@@H]1CCCNC1,6.267606240177031
CHEMBL392743,CDK1,540.0,nM,CN(C)CCc1ccc(Nc2ncc(Cl)c(-c3cccc4[nH]ccc34)n2)cc1,6.267606240177031
CHEMBL289422,CDK2,540.0,nM,O=C1NC(=O)c2c1c1c3ccccc3n3c1c1c2c2ccccc2n1[C@H]1CC[C@@H]3O1,6.267606240177031
CHEMBL5080781,CDK6,544.0,nM,Cc1nc2ccc(-c3nc(Nc4ccc(C(=O)N5CCN(C(C)C)CC5)cn4)ncc3F)cc2nc1C,6.26440110030182
CHEMBL3822943,CDK2,545.0,nM,CCOc1nn(C2CCN(C(C)=O)CC2)cc1Nc1ncc(Cl)c(-c2cnn3ccccc23)n1,6.2636034977233574
CHEMBL186952,CDK2,547.0,nM,Nc1nc2ccc(C(=O)c3c(F)cccc3F)cn2c1C(=O)c1cccs1,6.262012673666569
CHEMBL5933703,CDK1,547.0,nM,CNCCN1CCc2nc(Nc3ncc(F)c(-c4cc(F)c5nc(C)n(C6(C)CC6)c5c4)n3)ccc2C1,6.262012673666569
CHEMBL411696,CDK1,550.0,nM,CCOc1cccc2c1/C(=N/Nc1ccc(S(N)(=O)=O)cc1)C(=O)N2,6.259637310505756
CHEMBL5270227,CDK2,550.0,nM,N[C@H](Cc1ccccc1)C(=O)Nc1cncc(-c2ccc3[nH]nc(NC(=O)c4ccccc4)c3c2)c1,6.259637310505756
CHEMBL6035312,CDK9,550.0,nM,Oc1ccc(CNc2cc(-c3ccc4ncn(Cc5cccc(F)c5)c4c3)c(Cl)cn2)cc1,6.259637310505756
CHEMBL5775765,CDK9,550.0,nM,Cc1ccc(CN2CCc3ccc(-c4cc(NC(=O)C5CCCNC5)ncc4Cl)cc32)cc1,6.259637310505756
CHEMBL297570,CDK9,550.0,nM,CC(C)(C)c1cnc(CSc2cnc(NC(=O)C3CCCNC3)s2)o1,6.259637310505756
CHEMBL368743,CDK1,550.0,nM,CCn1cnc2c(Nc3ccc(OC)cc3)nc(NCCN)nc21,6.259637310505756
CHEMBL2348159,CDK2,550.0,nM,Nc1nccc(-n2cc(-c3cc[nH]n3)c3cnccc32)n1,6.259637310505756
CHEMBL366698,CDK1,550.0,nM,CCn1cnc2c(Nc3cccc(OC)c3)nc(NCCN)nc21,6.259637310505756
CHEMBL3663782,CDK9,550.0,nM,Clc1ccc(NCC2CCNCC2)nc1-c1ccnc2[nH]c(C3CCNCC3)cc12,6.259637310505756
CHEMBL102714,CDK1,550.0,nM,Cn1cc(C2=C(c3ccc(Cl)cc3Cl)C(=O)NC2=O)c2ccccc21,6.259637310505756
CHEMBL245535,CDK2,551.0,nM,CC(=O)NCC(=O)N1CCC(Nc2ncc(Cl)c(-c3c[nH]c4ccccc34)n2)CC1,6.2588484011482155
CHEMBL2403099,CDK1,555.0,nM,CC(C)(O)CNc1nc(NCc2ccc(-c3ccco3)nc2)c2ncn(C3CCCC3)c2n1,6.255707016877324
CHEMBL392614,CDK2,555.0,nM,CCNC(=O)N1CCC[C@H](Nc2ncc(Cl)c(-c3c[nH]c4ccccc34)n2)C1,6.255707016877324
CHEMBL5836990,CDK2,558.0,nM,Cc1nc2c(F)cc(-c3nc(Nc4ccc5c(n4)CCNC5)ncc3F)cc2n1C(C)C,6.253365801062421
CHEMBL5848732,CDK2,558.0,nM,Cc1nc2c(F)cc(-c3nc(Nc4ncc5c(n4)CCNC5)ncc3F)cc2n1C(C)C,6.253365801062421
CHEMBL5832698,CDK2,559.0,nM,Cc1nc2c(F)cc(-c3nc(Nc4ccc5c(n4)CCN(C(=O)[C@@H](C)N(C)C)C5)ncc3F)cc2n1C1CC1,6.252588192113577
CHEMBL3934755,CDK2,560.0,nM,CCOC(=O)N=S(C)(=O)Cc1cc(F)cc(Nc2ncc(F)c(-c3ccc(F)cc3OC)n2)c1,6.251811972993799
CHEMBL1234085,CDK2,560.0,nM,CNS(=O)(=O)c1ccc(N/C=C2\C(=O)Nc3ccccc32)cc1,6.251811972993799
CHEMBL2158011,CDK2,560.0,nM,CCN(CC)S(=O)(=O)c1cccc(Nc2nccc(-c3ccnc(-c4ccc(NC(=O)NC)cc4)c3)n2)c1,6.251811972993799
CHEMBL557975,CDK1,560.0,nM,CCn1cnc2c(Nc3cccc(C#N)c3)nc(NCCN)nc21.Cl,6.251811972993799
CHEMBL234489,CDK1,560.0,nM,N#Cc1cnc(Nc2ccc(CCO)cc2)nc1-c1nc2ccccc2s1,6.251811972993799
CHEMBL175158,CDK1,560.0,nM,CCn1cnc2c(Nc3cccc(C#N)c3)nc(NCCN)nc21,6.251811972993799
CHEMBL193936,CDK1,562.0,nM,FC(F)(F)c1cnc(Nc2ccc3[nH]cnc3c2)nc1Oc1ccc(Br)cc1,6.250263684430939
CHEMBL6192584,CDK6,566.1,nM,CN(C)C(=O)c1cc2cnc(Nc3ccc(-c4nc5c(C(N)=O)cccc5[nH]4)cn3)nc2n1C1CCCC1,6.247106845115406
CHEMBL5762588,CDK2,567.0,nM,Cc1nc2c(F)cc(-c3nc(Nc4ccc5c(n4)CCN(CC(C)(C)N)C5)ncc3F)cc2n1C1CC1,6.246416941107094
CHEMBL2426391,CDK1,569.0,nM,COc1ccc(NC(=S)NC(=O)c2cn(-c3ccccc3)nc2-c2ccc(F)cc2)cc1,6.244887733604928
CHEMBL3663790,CDK9,570.0,nM,O=S(=O)(Nc1ccc(Cl)c(-c2ccnc3[nH]c(C4CCNCC4)cc23)c1)c1ccccc1,6.2441251443275085
CHEMBL553906,CDK2,570.0,nM,Cc1nnc2sc(-c3ccc(N)cc3)nn12,6.2441251443275085
CHEMBL233554,CDK2,570.0,nM,CN(C)CCNS(=O)(=O)c1ccc(-c2ccc(/C=C3\SC(=N)NC3=O)o2)cc1,6.2441251443275085
CHEMBL3673554,CDK9,570.0,nM,COc1ccc(F)cc1-c1ccnc2[nH]c(C3=CCN(CC(=O)OC(C)(C)C)CC3)cc12,6.2441251443275085
CHEMBL396614,CDK2,570.0,nM,N=C1NC(=O)/C(=C/c2ccc(-c3ccc(S(N)(=O)=O)c(Cl)c3)o2)S1,6.2441251443275085
CHEMBL3655776,CDK2,570.0,nM,CC(C)n1cnc2c(NCc3cccnc3)nc(NCC(O)C(F)(F)F)nc21,6.2441251443275085
CHEMBL2426387,CDK1,571.0,nM,COc1ccc(NC(=S)NC(=O)c2cn(-c3ccccc3)nc2-c2ccc(Cl)cc2)cc1,6.243363891754152
CHEMBL5559108,CDK2,571.5,nM,CC[C@H](CO)Nc1nc(NCc2ccc(NC(=O)C3(F)CC3)cc2)n2ncc(C(C)C)c2n1,6.242983765268699
CHEMBL5598071,CDK9,572.0,nM,O=C(CCCCCn1cc(Nc2ncc(Cl)c(OC3CCCCC3)n2)cn1)NO,6.242603971206975
CHEMBL5590688,CDK9,572.7,nM,CC(C)S(=O)(=O)c1ccccc1Nc1nc([C@H]2CC[C@H](N3CCC3)CC2)ncc1Cl,6.242072816886671
CHEMBL563150,CDK2,574.0,nM,Cn1nc(C(=O)Nc2ccccc2)c2c1-c1nc(Nc3ccccc3)ncc1CC2,6.241088107602026
CHEMBL5816556,CDK1,574.0,nM,NC(=O)c1ccc(Nc2ncc3cc4n(c3n2)C2(CCCCC2)C(=O)NN4)cc1,6.241088107602026
CHEMBL5431823,CDK6,574.0,nM,COc1ccc(/C=N/n2c(S)nnc2-c2c[nH]c3ccccc23)cc1,6.241088107602026
CHEMBL5598136,CDK9,576.8,nM,O=C(CCCCCn1cc(Nc2cc(-c3cccc(NCc4cccc(F)c4)n3)c(Cl)cn2)cn1)NO,6.238974748288627
CHEMBL3421962,CDK2,577.0,nM,CN1CCN(c2ccc(Nc3cc(-c4c[nH]c5cnccc45)ncn3)cc2)CC1,6.238824186844269
CHEMBL5280467,CDK2,577.0,nM,O=C(Nc1n[nH]c2ccc(-c3cncc(NC[C@H](CO)c4ccccc4)c3)cc12)c1ccccc1,6.238824186844269
CHEMBL5407831,CDK6,577.0,nM,Sc1nnc(-c2c[nH]c3ccccc23)n1/N=C/c1ccccc1,6.238824186844269
CHEMBL5575890,CDK1,578.0,nM,Cc1ccc(O)c(C)c1-n1c(N)c(C(=O)N2CCc3noc(C)c3C2)c2nc(C)c(C)nc21,6.2380721615794705
CHEMBL4579344,CDK1,578.0,nM,Cc1cc(C)c(CNc2nc(N[C@@H](C)[C@@H](C)O)nc3c2ncn3C(C)C)cn1,6.2380721615794705
CHEMBL4755816,CDK9,578.2,nM,Cc1cc(F)ccc1-c1ccnc(Nc2ccc3c(c2)N(C(C)C)[C@H](C)C(=O)N3C)n1,6.237921912665361
CHEMBL5937860,CDK9,580.0,nM,O=C(Nc1cc(-c2ccc3ncn(CC4CCOCC4)c3c2)c(Cl)cn1)[C@H]1CCC[C@@H](C(=O)N2CC(O)C2)C1,6.236572006437063
CHEMBL2442291,CDK2,580.0,nM,Cc1nnc(-c2cccc(-c3cnn4ccc(NCCN)nc34)c2)o1,6.236572006437063
CHEMBL6047121,CDK9,580.0,nM,O=C(Nc1cc(-c2ccc3ncn(CC4CCOCC4)c3c2)c(Cl)cn1)C1C2CNCC21,6.236572006437063
CHEMBL3641913,CDK4,580.0,nM,CN(C)C1CCN(c2ccc(Nc3ncc4c5ccncc5n([C@H]5CCC[C@H]5O)c4n3)nc2)CC1,6.236572006437063
CHEMBL3668367,CDK9,580.0,nM,COc1ccc(F)cc1-c1ccnc2[nH]c(C3CCCN3)cc12,6.236572006437063
CHEMBL4527978,CDK2,580.0,nM,CC/C=N/c1c(C#N)c2n(c1C(=O)Nc1ccccc1)CCC2,6.236572006437063
CHEMBL6192441,CDK6,583.4,nM,Cc1ccc(Nc2ncc3cc(C(=O)N(C)C)n(C4CCCC4)c3n2)cc1-c1nc2c(C(N)=O)cccc2[nH]1,6.234033575214286
CHEMBL5874515,CDK1,584.0,nM,Cc1nc2c(F)cc(-c3nc(Nc4ccc5c(n4)CCN(C(=O)[C@@H]4CCCN4C)C5)ncc3F)cc2n1C1CC1,6.2335871528876
CHEMBL3656841,CDK1,584.0,nM,COC[C@@H](C)N[C@H]1CC[C@H](Nc2cc(-c3cccc(NCC4(C#N)CCOCC4)n3)c(Cl)cn2)CC1,6.2335871528876
CHEMBL2426383,CDK1,584.0,nM,COc1ccc(NC(=S)NC(=O)c2cn(-c3ccccc3)nc2-c2ccc(C)cc2)cc1,6.2335871528876
CHEMBL5570663,CDK2,585.0,nM,Cn1cc(S(=O)(=O)N2CCC(Nc3ncc(C(F)(F)F)c(-c4cnn(CC(F)(F)F)c4)n3)CC2)cn1,6.232844133917819
CHEMBL3702180,CDK4,590.0,nM,CN(C)C1CCN(c2ccc(Nc3ncc4c5ccncc5n(C5CCS(=O)(=O)CC5)c4n3)nn2)CC1,6.229147988357855
CHEMBL507249,CDK2,590.0,nM,O[C@H]1CC[C@H](c2n[nH]cc2-c2ccnc(NC3CCCC3)n2)CC1,6.229147988357855
CHEMBL5641843,CDK2,590.0,nM,Cc1nn2c(-c3ccc(Br)cc3)ccnc2c1/C(N)=N/O,6.229147988357855
CHEMBL3641917,CDK6,590.0,nM,C[C@@H](O)Cn1c2cnccc2c2cnc(Nc3ccc(N4CC[C@@H](O)C4)cn3)nc21,6.229147988357855
CHEMBL5784486,CDK9,590.0,nM,O=C(O)[C@H]1CC[C@@H](Nc2cc(-c3ccc4ncn(Cc5cccc(F)c5)c4c3)c(Cl)cn2)CC1,6.229147988357855
CHEMBL6018036,CDK9,590.0,nM,O=C(Nc1cc(-c2ccc3c(c2)N(Cc2cccc4c2OCO4)CC3)c(Cl)cn1)C1CCCNC1,6.229147988357855
CHEMBL5269885,CDK2,595.0,nM,C=CC(=O)Nc1ccc(C(=O)Nc2n[nH]c3ccc(-c4cncc(N[C@H](CO)Cc5ccccc5)c4)cc23)cc1,6.22548303427145
CHEMBL278894,CDK2,600.0,nM,CC(C)(C)Nc1nc(C(F)(F)F)nc2ccc(-c3cccc(N)c3)cc12,6.221848749616356
CHEMBL3668358,CDK9,600.0,nM,CC(C)S(=O)(=O)N1CCCC(c2cc3c(-c4cccc(NCc5ccccc5)n4)c(Cl)cnc3[nH]2)C1,6.221848749616356
CHEMBL210540,CDK1,600.0,nM,Cc1cc(-c2cnc(Nc3cnc(CN4CCN(C)CC4)cn3)s2)nc(OC2CCCCC2)n1,6.221848749616356
CHEMBL14762,CDK2,600.0,nM,CC[C@H](CO)Nc1nc(NCc2ccccc2)c2ncn(C(C)C)c2n1,6.221848749616356
CHEMBL336351,CDK1,600.0,nM,CC(C)n1cnc2c(NCc3ccccc3)nc(C#CC(C)(O)c3ccccc3)nc21,6.221848749616356
CHEMBL1242833,CDK2,600.0,nM,CC(C)(C)Nc1nc(C(F)(F)F)nc2ccc(Nc3ccccc3)cc12,6.221848749616356
CHEMBL48614,CDK1,600.0,nM,CN1CCC(c2c(O)cc(O)c3c2O/C(=C\c2ccccc2Cl)C3=O)CC1,6.221848749616356
CHEMBL3702099,CDK4,600.0,nM,CC(=O)OCC(=O)N1CCN(c2ccc(Nc3ncc4c5ccnc(F)c5n(C5CCCC5)c4n3)nc2)CC1,6.221848749616356
CHEMBL537838,CDK1,600.0,nM,CCn1cnc2c(Nc3cccc(F)c3)nc(NCCN)nc21.Cl,6.221848749616356
CHEMBL1242973,CDK1,600.0,nM,COC(=O)[C@@]1(Cc2ccc(O)c(CC=C(C)C)c2)OC(=O)C(O)=C1c1ccc(O)cc1,6.221848749616356
CHEMBL439841,CDK1,600.0,nM,CCn1cnc2c(Nc3cccc(F)c3)nc(NCCN)nc21,6.221848749616356
CHEMBL420135,CDK2,600.0,nM,COc1cccc(C(=O)Nc2cc(C3CC3)[nH]n2)c1,6.221848749616356
CHEMBL98153,CDK1,600.0,nM,O=C1Cc2c([nH]c3ccc(Cl)cc23)-c2ccccc2N1,6.221848749616356
CHEMBL101810,CDK4,600.0,nM,CN(C)CC(O)COc1ccc(Nc2nccc(Nc3cc(C(F)(F)F)ccc3F)n2)cc1,6.221848749616356
CHEMBL418985,CDK2,602.0,nM,CS(=O)(=O)Nc1ccc(Nc2cc(-c3cccc(Br)c3)[nH]n2)cc1,6.220403508742176
CHEMBL188673,CDK2,603.0,nM,COc1ccccc1C(=O)c1ccc2nc(N)c(C(=O)c3c(F)cccc3F)n2c1,6.219682687859849
CHEMBL3884319,CDK2,605.0,nM,CC1(C)C(=O)N([C@H]2CCc3c(O)cccc32)c2nc(Nc3ccccc3)ncc21,6.2182446253475305
CHEMBL397531,CDK2,605.0,nM,CCNC(=O)N1CCC(Nc2ncc(Cl)c(-c3cnc4ccccn34)n2)CC1,6.2182446253475305
CHEMBL1081629,CDK2,607.0,nM,Cc1cc2cc(-c3nnc(NC[C@@H](N)Cc4ccc(C(F)(F)F)cc4)s3)ccc2cn1,6.2168113089247425
CHEMBL5283549,CDK2,609.0,nM,O=C(Nc1n[nH]c2ccc(-c3cncc(NC[C@@H](CO)Cc4ccccc4)c3)cc12)c1ccccc1,6.215382707367125
CHEMBL3655770,CDK9,610.0,nM,CC[C@H](Nc1nc(NCc2ccncc2)c2ncn(C(C)C)c2n1)[C@@H](C)O,6.214670164989233
CHEMBL233970,CDK2,610.0,nM,N=C1NC(=O)/C(=C/c2ccc(-c3ccc(S(N)(=O)=O)c(C(F)(F)F)c3)o2)S1,6.214670164989233
CHEMBL6038186,CDK9,610.0,nM,O=C(Nc1cc(-c2ccc3c(c2)N(CC2CCNC2)CC3)c(Cl)cn1)C1CCCNC1,6.214670164989233
CHEMBL6038184,CDK9,610.0,nM,Fc1cccc(Cn2cnc3ccc(-c4cc(NCCc5cccnc5)ncc4Cl)cc32)c1,6.214670164989233
CHEMBL2426399,CDK1,610.0,nM,COc1ccc(NC(=S)NC(=O)c2cn(-c3ccccc3)nc2-c2ccccc2)cc1,6.214670164989233
CHEMBL3621496,CDK2,610.0,nM,CN1CCN(C(=O)c2ccc3c(c2)[nH]c2c(C(N)=O)ccc(-c4ccccc4F)c23)CC1,6.214670164989233
CHEMBL5079586,CDK6,611.0,nM,CC(C)N1CCN(C(=O)c2ccc(Nc3ncc(F)c(-c4ccc5ncc(N6CCOCC6)nc5c4)n3)nc2)CC1,6.213958789757446
CHEMBL5088870,CDK6,611.0,nM,CCN1CCN(Cc2ccc(Nc3ncc(F)c(-c4ccc5nc(C)c(C)nc5c4)n3)nc2)CC1,6.213958789757446
CHEMBL5598390,CDK9,611.5,nM,O=C(CCCCCCn1cc(Nc2ncc(Cl)c(OC3CCCCC3)n2)cn1)NO,6.213603538627696
CHEMBL392615,CDK2,612.0,nM,CNC(=O)CN1CCC[C@@H](Nc2ncc(Cl)c(-c3c[nH]c4ccccc34)n2)C1,6.213248577854438
CHEMBL6170783,CDK1,617.0,nM,CC1(C)CNC(=O)c2ccc(-c3ccnc(Nc4cccc(CS(N)(=O)=O)c4)n3)cc21,6.209714835966759
CHEMBL3691681,CDK4,619.0,nM,CN(C)C(=O)c1cc2cnc(Nc3ccc(N4CCN5CCC[C@H]5C4=O)cn3)nc2n1C1CCCC1,6.2083093509798815
CHEMBL3642653,CDK2,620.0,nM,N#Cc1cnn2c(NCc3ccncc3)cc(-c3ccccc3)nc12,6.207608310501746
CHEMBL73645,CDK2,620.0,nM,Cc1nc2ccccn2c1-c1ccnc(Nc2ccc(Cl)cc2)n1,6.207608310501746
CHEMBL3702226,CDK4,620.0,nM,CC[C@H](C)n1c2cnccc2c2cnc(Nc3ccc(N4CCC(N(C)C)CC4)cn3)nc21,6.207608310501746
CHEMBL142648,CDK4,620.0,nM,CCn1c(=O)ccc2cnc(Nc3ccccc3)nc21,6.207608310501746
CHEMBL3651154,CDK1,620.0,nM,C[Si](C)(C)C1=C2c3nc4ccccc4cc3C(O)CC2CC1=O,6.207608310501746
CHEMBL3673511,CDK9,620.0,nM,CN1CCC(c2cc3c(-c4cncc(N(C)Cc5ccccc5)n4)ccnc3[nH]2)CC1,6.207608310501746
CHEMBL4297488,CDK2,620.0,nM,CC(C)c1cnn2c(NCc3ccccc3)cc(NC[C@H]3CCNC[C@@H]3O)nc12,6.207608310501746
CHEMBL5426122,CDK2,621.93,nM,S=C(Nc1cccc(Cl)c1)N1CCN(c2nnc(Cc3ccccc3)c3ccccc23)CC1,6.206258493644402
CHEMBL6148980,CDK1,622.0,nM,Cc1ccc(O)c(C)c1-n1c(N)c(C(N)=O)c2c(=O)n(C3CC3)c(C)cc21,6.206209615309181
CHEMBL3967732,CDK2,628.0,nM,O=C1NCC2(CCCCC2)n2c1cc1cnc(Nc3ccc(N4CCN(C5CCC5)CC4)cn3)nc12,6.202040356262804
CHEMBL232123,CDK2,630.0,nM,Cc1cc(N)c2oc(-c3ccc(O)c(O)c3)c(O)c(=O)c2c1,6.200659450546418
CHEMBL4471323,CDK2,630.0,nM,CCC1SCC(=O)N1c1c(C#N)c2n(c1C(=O)Nc1ccccc1)CCC2,6.200659450546418
CHEMBL3984385,CDK2,630.0,nM,COc1cc(F)ccc1-c1nc(Nc2cc(CS(C)(=O)=NC#N)cc(C(F)(F)C(F)(F)F)c2)ncc1F,6.200659450546418
CHEMBL3702227,CDK4,630.0,nM,CC[C@H](C)n1c2cnccc2c2cnc(Nc3ccc(N4CCC(N(C)C)CC4)nn3)nc21,6.200659450546418
CHEMBL115047,CDK2,630.0,nM,CCc1cc(NC(=O)c2ccc(Br)cc2)n[nH]1,6.200659450546418
CHEMBL2207198,CDK2,630.0,nM,O=C(NCCCNc1nc(Nc2ccc(N3CCOCC3)cc2)ncc1C1CC1)C1CCC1,6.200659450546418
CHEMBL421207,CDK2,631.0,nM,O=C(Nc1n[nH]c2cc(-c3ccco3)ccc12)C1CC1,6.199970640755866
CHEMBL260231,CDK2,639.0,nM,O=C(Nc1n[nH]c2nc(-c3cccs3)c(Br)cc12)C1CC1,6.1944991418416
CHEMBL5984249,CDK9,640.0,nM,CS(=O)(=O)c1ccc(Cn2nnc3ccc(-c4cc(NC(=O)[C@@H]5CCCNC5)ncc4Cl)cc32)cc1,6.1938200260161125
CHEMBL232737,CDK2,640.0,nM,Cc1cc(N2CCN(C)CC2)c2oc(-c3ccc(O)c(O)c3)c(O)c(=O)c2c1,6.1938200260161125
CHEMBL3668355,CDK9,640.0,nM,Clc1cnc2[nH]c(C3CCCNC3)cc2c1-c1cccc(NCC2CCOCC2)n1,6.1938200260161125
CHEMBL5199259,CDK2,642.0,nM,[2H]C([2H])([2H])NS(=O)(=O)c1ccc(Nc2ncc3c(n2)N([C@@H]2CCC[C@@H](O)C2)C(=O)C32CC2)cc1,6.192464971931146
CHEMBL5591779,CDK4,644.8,nM,CC(=O)N[C@H]1CC[C@H](c2ncc(Cl)c(Nc3ccccc3S(=O)(=O)C(C)C)n2)CC1,6.190574971202966
CHEMBL5094319,CDK6,646.0,nM,COc1cnc(Nc2ccc(N3CCNCC3)cn2)nc1-c1ccc2ncc(N(C)C)nc2c1,6.189767482004916
CHEMBL6007400,CDK2,647.0,nM,Cc1nc2c(F)cc(-c3nc(Nc4ccc5c(n4)CCN(C[C@@H](C)N(C)C)C5)ncc3F)cc2n1C1CC1,6.189095719331299
CHEMBL3978141,CDK9,650.0,nM,CN1Cc2c(C3=CCN(S(C)(=O)=O)CC3(C)C)[nH]c3nccc(c23)-c2cc(F)ccc21,6.187086643357144
CHEMBL2111872,CDK1,650.0,nM,CC(C)n1cnc2c(NCc3ccccc3)nc(N3CCC[C@@H]3CO)nc21,6.187086643357144
CHEMBL114432,CDK2,650.0,nM,CCCc1cc(NC(=O)c2ccc(Br)cc2)n[nH]1,6.187086643357144
CHEMBL52387,CDK1,650.0,nM,CCC(CO)Nc1nc(NCc2ccccc2)c2ncn(C(C)C)c2n1,6.187086643357144
CHEMBL6191482,CDK2,650.0,nM,CCN(/C=C/c1nc(Nc2ccccc2)nc2[nH]cnc12)CC,6.187086643357144
CHEMBL1234089,CDK2,660.0,nM,N=C(N)NS(=O)(=O)c1ccc(N/C=C2\C(=O)Nc3ccccc32)cc1,6.180456064458131
CHEMBL5886423,CDK9,660.0,nM,CN1CCN(Cc2cccc(Cn3nnc4ccc(-c5cc(NC(=O)[C@@H]6CCCNC6)ncc5Cl)cc43)c2)CC1,6.180456064458131
CHEMBL455946,CDK2,660.0,nM,NS(=O)(=O)c1ccc(NC(=O)c2n[nH]c3ccccc23)cc1,6.180456064458131
CHEMBL271182,CDK1,660.0,nM,CCc1ccc2c(c1)NC(=O)/C2=N\Nc1ccc(S(N)(=O)=O)cc1,6.180456064458131
CHEMBL5571889,CDK1,660.0,nM,Cc1ccc(O)c(C)c1-n1c(N)c(C(=O)N2CCn3ccnc3C2)c2nc(C)c(C)nc21,6.180456064458131
CHEMBL5787921,CDK2,661.0,nM,CN[C@H](C)C(=O)N1CCc2nc(Nc3ncc(F)c(-c4cc(F)c5nc(C)n(C6CC6)c5c4)n3)ccc2C1,6.17979854051436
CHEMBL5407831,CDK4,662.0,nM,Sc1nnc(-c2c[nH]c3ccccc23)n1/N=C/c1ccccc1,6.1791420105603
CHEMBL4446626,CDK2,670.0,nM,Cc1nc2c(F)cc(-c3nc(Nc4ccc5c(n4)CCN(CCN(C)C)C5)ncc3F)cc2n1C1CCCC1,6.173925197299173
CHEMBL5842419,CDK9,670.0,nM,N#Cc1cn(CC2CCOCC2)c2cc(-c3cc(NC(=O)[C@@H]4CCCNC4)ncc3Cl)cnc12,6.173925197299173
CHEMBL5179962,CDK2,670.0,nM,CNS(=O)(=O)c1ccc(Nc2ncc3c(n2)N([C@@H]2CCC[C@@H](O)C2)C(=O)C32CC2)cc1,6.173925197299173
CHEMBL5837531,CDK9,670.0,nM,O=C(Nc1cc(-c2ccc3c(c2)N(CC(=O)N2CCCC2)CC3)c(Cl)cn1)C1CCCNC1,6.173925197299173
CHEMBL6149484,CDK6,673.0,nM,CN1CCN(c2ccc(Nc3ncc(F)c(-c4ccc5c(c4)OC4(CCCC4)CC5=O)n3)nc2)CC1,6.171984935776023
CHEMBL455195,CDK9,680.0,nM,CCC1CC(C(=O)Nc2ncc(SCc3ncc(C(C)(C)C)o3)s2)CCN1,6.167491087293763
CHEMBL332882,CDK1,680.0,nM,Nc1cccc(-c2[nH]nc3ncnc(Nc4cccc(Cl)c4)c23)c1,6.167491087293763
CHEMBL2035048,CDK2,680.0,nM,C1=C/COCc2ccc(o2)-c2ccnc(n2)Nc2cccc(c2)COC/1,6.167491087293763
CHEMBL6017237,CDK9,680.0,nM,Cc1ncc(CN2CCc3ccc(-c4cc(NC(=O)C5CCCNC5)ncc4Cl)cc32)cn1,6.167491087293763
CHEMBL74680,CDK2,680.0,nM,Clc1cccc(Nc2nccc(-n3cnc4ccccc43)n2)c1,6.167491087293763
CHEMBL289422,CDK4,680.0,nM,O=C1NC(=O)c2c1c1c3ccccc3n3c1c1c2c2ccccc2n1[C@H]1CC[C@@H]3O1,6.167491087293763
CHEMBL1823655,CDK2,680.0,nM,O=C(N[C@@H](c1ccc(Cl)c(Cl)c1)C1CNC1)c1ccc2cnccc2c1,6.167491087293763
CHEMBL5590970,CDK9,685.6,nM,CC(C)S(=O)(=O)c1ccccc1Nc1nc(C2CCNCC2)ncc1Cl,6.163929191084858
CHEMBL5598317,CDK9,686.8,nM,O=C(CCCCCCn1cc(Nc2ncc(Cl)c(-c3cnc4ccccn34)n2)cn1)NO,6.163169713511121
CHEMBL233205,CDK1,687.0,nM,CC(C)(N)c1ccc(-c2nc(Nc3ccc(CCO)cc3)ncc2Cl)cc1,6.16304326294045
CHEMBL4744850,CDK2,689.0,nM,CN(C)C/C=C/C(=O)Nc1ccc(S(=O)(=O)N2CCCC(Nc3ncc(SCc4ncc(C(C)(C)C)o4)s3)C2)cc1,6.161780778092375
CHEMBL6056335,CDK2,689.0,nM,CN(C)C/C=C/C(=O)Nc1ccc(S(=O)(=O)N2CCC[C@@H](Nc3ncc(SCc4ncc(C(C)(C)C)o4)s3)C2)cc1,6.161780778092375
CHEMBL5633539,CDK2,689.4,nM,NC(=O)c1cccc2[nH]c(NC(=O)c3cccc(C(=O)N4CCC(Nc5ncc(I)cn5)CC4)c3)nc12,6.161528720928072
CHEMBL269850,CDK2,690.0,nM,NS(=O)(=O)c1ccc(N/C=C2\C(=O)Nc3ccccc32)cc1,6.161150909262744
CHEMBL507536,CDK2,690.0,nM,CC(C)(C)c1cnc(CSc2cnc(N)s2)o1,6.161150909262744
CHEMBL1922121,CDK2,690.0,nM,CC[C@@H](Nc1nc(NCc2cccnc2)c2ncn(C(C)C)c2n1)C(O)C(C)C,6.161150909262744
CHEMBL5939076,CDK9,690.0,nM,O=C(Nc1cc(-c2ccc3ncn(CC4CCOCC4)c3c2)c(Cl)cn1)c1cccnc1,6.161150909262744
CHEMBL6132964,CDK9,692.0,nM,COc1cc(F)ccc1-c1cc(Nc2cc(N3CCN(C(=O)c4cc(Cc5n[nH]c(=O)c6ccccc56)ccc4F)CC3)ccn2)ncc1F,6.1598939055432425
CHEMBL3943554,CDK2,695.0,nM,CC(C)C1CN(c2ccc(Nc3ncc4cc5n(c4n3)C3(CCCCC3)CNC5=O)nc2)CCN1,6.158015195409886
CHEMBL5505818,CDK2,697.6,nM,CCC(=O)Nc1ccc(CNc2nc(O[C@H]3CCCNC3)nc3c(C(C)C)cnn23)cc1,6.156393528075489
CHEMBL133342,CDK2,700.0,nM,CC[C@@H](CO)Nc1nc(NCc2ccccc2)c2ncn(C(C)C)c2n1,6.154901959985743
CHEMBL173237,CDK1,700.0,nM,CCn1cnc2c(Nc3cccc(C(F)(F)F)c3)nc(NCCN)nc21,6.154901959985743
CHEMBL4455210,CDK2,700.0,nM,Cc1nc2c(F)cc(-c3nc(Nc4ccc5c(n4)CCN(CCN(C)C)C5)ncc3F)cc2n1C1CC1,6.154901959985743
CHEMBL101468,CDK4,700.0,nM,Cc1ccc(F)c(Nc2ccnc(Nc3ccc(OCC(O)CN(C)C)cc3)n2)c1,6.154901959985743
CHEMBL430507,CDK2,700.0,nM,CN(C)CC(O)COc1ccc(Nc2nccc(N(CC#N)c3cc(Cl)ccc3Cl)n2)cc1,6.154901959985743
CHEMBL3085251,CDK1,700.0,nM,OC[C@H]1CCCN1c1nc(NCc2ccccc2)c2ncn(C3CCCC3)c2n1,6.154901959985743
CHEMBL477863,CDK2,700.0,nM,CCCOc1ccc(CN/C=C2\C(=O)NC(=O)c3ccc(I)cc32)nc1O,6.154901959985743
CHEMBL2163984,CDK2,700.0,nM,Fc1ccc(Nc2cc(NC3CCCNC3)nc3ccnn23)cc1Cl,6.154901959985743
CHEMBL3823030,CDK2,700.0,nM,Cc1nn(C2CCN(C(=O)[C@@H](C)O)CC2)c(C)c1Nc1ncc(Cl)c(-c2cnn3ccccc23)n1,6.154901959985743
CHEMBL3085231,CDK1,700.0,nM,CC(C)n1cnc2c(NCc3cccc(C(F)(F)F)c3)nc(N3CCC[C@H]3CO)nc21,6.154901959985743
CHEMBL2029904,CDK1,700.0,nM,CNCc1cc2cnc(Nc3cc(C(=O)N4CCN(C)CC4)n(C)c3)nc2n1C1CCCC1,6.154901959985743
CHEMBL534909,CDK1,700.0,nM,CCn1cnc2c(Nc3cccc(C(F)(F)F)c3)nc(NCCN)nc21.Cl,6.154901959985743
CHEMBL460746,CDK2,700.0,nM,O=C(NC(=S)Nc1ccc(O)c(-c2nc3ccccc3s2)c1)c1ccc([N+](=O)[O-])cc1,6.154901959985743
CHEMBL5591779,CDK9,704.3,nM,CC(=O)N[C@H]1CC[C@H](c2ncc(Cl)c(Nc3ccccc3S(=O)(=O)C(C)C)n2)CC1,6.152242311607669
CHEMBL111897,CDK2,705.0,nM,COc1ccc(C(=O)Nc2cc(C3CC3)[nH]n2)cc1,6.151810883008601
CHEMBL5565137,CDK1,705.0,nM,Cc1ccc(O)c(C)c1-n1c(N)c(C(=O)N2CCn3c(cccc3=O)C2)c2nc(C)c(C)nc21,6.151810883008601
CHEMBL3656841,CDK2,706.0,nM,COC[C@@H](C)N[C@H]1CC[C@H](Nc2cc(-c3cccc(NCC4(C#N)CCOCC4)n3)c(Cl)cn2)CC1,6.151195298948196
CHEMBL5573253,CDK2,708.0,nM,CN1CCC(n2cc(-c3nc(NC4CCN(S(C)(=O)=O)CC4)ncc3C(F)(F)F)cn2)CC1,6.149966742310231
CHEMBL5542095,CDK2,708.9,nM,CC(=O)Nc1ccc(CNc2nc(NC(CO)CO)nc3c(C(C)C)cnn23)cc1,6.149415023647968
CHEMBL5573816,CDK2,709.0,nM,CS(=O)(=O)N1CCC(Nc2ncc(C(F)(F)F)c(-c3cnn(CC(F)(F)F)c3)n2)CC1,6.149353764816933
CHEMBL255262,CDK4,710.0,nM,O=C(Cc1cccc(F)c1)Nc1n[nH]c2ccc(N3CCCS3(=O)=O)cc12,6.1487416512809245
CHEMBL411886,CDK1,710.0,nM,NS(=O)(=O)c1ccc(N/N=C2\C(=O)Nc3ccc([N+](=O)[O-])cc32)cc1,6.1487416512809245
CHEMBL2035055,CDK2,710.0,nM,CN1C/C=C/COCc2ccc(s2)-c2ccnc(n2)Nc2ccc(OCCN3CCCC3)c(c2)C1,6.1487416512809245
CHEMBL5999796,CDK2,710.0,nM,Cc1nc2c(F)cc(-c3nc(Nc4ccc5c(n4)CCN(C(C)C)C5)ncc3F)cc2n1C1CC1,6.1487416512809245
CHEMBL5639303,CDK2,710.0,nM,COc1ccc(-c2ccnc3c(-c4noc(C)n4)c(C)nn23)cc1,6.1487416512809245
CHEMBL1760035,CDK2,711.0,nM,COc1cc(Nc2nccc(Nc3cnc4ccccc4c3)n2)cc(OC)c1OC,6.148130399270234
CHEMBL5542710,CDK2,712.75,nM,CC(=O)Nc1ccc(CNc2nc(NC3CCOCC3)nc3c(C(C)C)cnn23)cc1,6.147062774018503
CHEMBL5597396,CDK9,716.9,nM,O=C(CCCCCn1cc(Nc2ncc(Cl)c(-c3cnc4ccccn34)n2)cn1)NO,6.144541419613963
CHEMBL6011351,CDK9,720.0,nM,O=C(O)c1ccc(CN2CCc3ccc(-c4cc(NC(=O)C5CCCNC5)ncc4Cl)cc32)cc1,6.142667503568731
CHEMBL2436977,CDK2,720.0,nM,CN1CCN(Cc2ccc(-c3cnc4[nH]cc(-c5cnc6[nH]ccc6c5)c4c3)cc2)CC1,6.142667503568731
CHEMBL269538,CDK9,720.0,nM,COc1ccc2c(c1)[nH]c1c(C)nccc12,6.142667503568731
CHEMBL5197170,CDK2,720.0,nM,CC(C)n1cc(-c2ccnc3[nH]c(C4CCN(CC(=O)N5CCCCC5)CC4)cc23)ccc1=O,6.142667503568731
CHEMBL4750372,CDK9,720.0,nM,CC(=O)N[C@@H]1CCC[C@H](C(=O)Nc2cc(-c3cnn4c3CCCC4O)c(Cl)cn2)C1,6.142667503568731
CHEMBL5414410,CDK2,722.27,nM,O=C(Nc1ccc(Cl)c(C(F)(F)F)c1)N1CCN(c2nnc(Cc3ccccc3)c3ccccc23)CC1,6.141300423496395
CHEMBL5950277,CDK1,726.0,nM,Cc1nc2c(F)cc(-c3nc(Nc4ccc5c(n4)CCN(C(=O)NCCO)C5)ncc3F)cc2n1C1CC1,6.139063379299906
CHEMBL6036030,CDK1,727.0,nM,CN(C)C(=O)c1ccc(Nc2ncc3cc4n(c3n2)C2(CCCCC2)C(=O)NN4)cc1,6.138465589140962
CHEMBL443198,CDK2,730.0,nM,O=C(CO)Nc1c[nH]nc1C(=O)Nc1ccc(F)cc1,6.136677139879544
CHEMBL3668467,CDK9,730.0,nM,N#CC1(CNc2cc(-c3ccnc4[nH]c(C5CCNCC5)cc34)c(Cl)cn2)CCOCC1,6.136677139879544
CHEMBL203569,CDK2,730.0,nM,NS(=O)(=O)c1ccc(Nc2cc(NC3CCCCC3)nc3ncnn23)cc1,6.136677139879544
CHEMBL5756149,CDK9,730.0,nM,Cc1ccc(CN2CCc3ccc(-c4cc(NC(=O)C5CCCNC5)ncc4Cl)cc32)cn1,6.136677139879544
CHEMBL5742521,CDK9,730.0,nM,CN(C)C(Cn1nnc2ccc(-c3cc(NC(=O)[C@@H]4CCCNC4)ncc3Cl)cc21)c1cccc(F)c1,6.136677139879544
CHEMBL5591779,CDK2,734.55,nM,CC(=O)N[C@H]1CC[C@H](c2ncc(Cl)c(Nc3ccccc3S(=O)(=O)C(C)C)n2)CC1,6.1339786369261
CHEMBL6161355,CDK1,735.0,nM,Cc1ccc(O)c(C)c1-n1c(N)c(C(N)=O)c2c(=O)n(CCO)c(C)nc21,6.133712660915805
CHEMBL410293,CDK1,740.0,nM,NS(=O)(=O)c1ccc(N/C=C2\C(=O)Nc3cc(CO)ccc32)cc1,6.130768280269024
CHEMBL3644029,CDK1,740.0,nM,CS(=O)(=O)c1ccc(Nc2ncc(C(F)(F)F)c(OCCC(F)(F)F)n2)cc1,6.130768280269024
CHEMBL5190067,CDK2,746.0,nM,[2H]C([2H])([2H])NS(=O)(=O)c1ccc(Nc2ncc3c(n2)N([C@@H]2CCC[C@@]2(C)O)C(=O)C32CC2)cc1,6.127261172527332
CHEMBL6143608,CDK6,749.0,nM,CN1CCN(c2ccc(Nc3ncc(F)c(-c4ccc5c(c4)OC4(CCC4)CC5=O)n3)nc2)CC1,6.125518182300533
CHEMBL5802994,CDK9,750.0,nM,O=C(Nc1cc(-c2ccc3ncn(Cc4cccc(F)c4)c3c2)c(Cl)cn1)C1CCS(=O)(=O)C12CN(C(=O)Nc1ccccc1)C2,6.1249387366083
CHEMBL258040,CDK4,750.0,nM,O=C(Cc1ccc(N2CCCCC2)cc1)Nc1n[nH]c2ccc(N3CCCS3(=O)=O)cc12,6.1249387366083
CHEMBL448316,CDK2,750.0,nM,O=C(NC1CCNCC1)c1n[nH]cc1NC(=O)c1c(F)cc(F)cc1F,6.1249387366083
CHEMBL3641963,CDK4,750.0,nM,CN(C)C1CCN(c2ccc(Nc3ncc4c5ccncc5n([C@H]5CCC[C@@H]5O)c4n3)nn2)CC1,6.1249387366083
CHEMBL4207966,CDK6,752.0,nM,CCN1CCN(Cc2ccc(Nc3nccc(-c4cc(F)c5nc6n(c5c4)C(C)CC6)n3)nc2)CC1,6.123782159408358
CHEMBL5273413,CDK2,756.0,nM,C=CC(=O)Nc1ccc(C(=O)Nc2n[nH]c3ccc(-c4cncc(N[C@H](CO)c5ccccc5)c4)cc23)cc1,6.121478204498794
CHEMBL6161225,CDK1,756.1,nM,CC(C)N1CCC(c2cc3c(-c4cnn(CC5CC5)c4)c(Cl)cnc3[nH]2)CC1,6.121420761937781
CHEMBL5505745,CDK2,757.4,nM,CCC(=O)Nc1ccc(CNc2nc(NC3CCNCC3)nc3c(C(C)C)cnn23)cc1,6.120674699215193
CHEMBL5201044,CDK1,760.0,nM,O=C(c1ccc(-c2ccnc3[nH]c(-c4ccc(CN5CCOCC5)cc4)nc23)cc1)N1CCCC1,6.119186407719209
CHEMBL5955212,CDK9,760.0,nM,CN(CCCNc1cc(-c2ccc3ncn(Cc4cccc(F)c4)c3c2)c(Cl)cn1)Cc1ccccc1,6.119186407719209
CHEMBL5207871,CDK2,760.0,nM,CC(C)n1cc(-c2ccnc3[nH]c(C4CCN(CC(=O)N5CCCC5)CC4)cc23)ccc1=O,6.119186407719209
CHEMBL4756050,CDK9,760.0,nM,CC(=O)N[C@@H]1CCC[C@H](C(=O)Nc2cc(-c3cnc4n3CCC4)c(Cl)cn2)C1,6.119186407719209
CHEMBL3655774,CDK2,770.0,nM,CC[C@H](Nc1nc(NCc2ncccc2C)c2ncn(C(C)C)c2n1)[C@@H](C)O,6.113509274827518
CHEMBL3892881,CDK2,770.0,nM,CS(=N)(=O)Cc1cccc(Nc2ncc(F)c(-c3ccc(F)cc3OCc3ccc(F)cc3)n2)c1,6.113509274827518
CHEMBL452601,CDK9,770.0,nM,C[C@H]1CNC[C@H](C(=O)Nc2ncc(SCc3ncc(C(C)(C)C)o3)s2)C1,6.113509274827518
CHEMBL5401495,CDK6,770.0,nM,Oc1cccc(/C=N/n2c(S)nnc2-c2c[nH]c3ccccc23)c1O,6.113509274827518
CHEMBL6055129,CDK9,770.0,nM,O=C(Nc1cc(-c2ccc3ncn(CC4CCOCC4)c3c2)c(Cl)cn1)c1cncnc1,6.113509274827518
CHEMBL5169515,CDK2,770.0,nM,C[C@@H]1CCC[C@H]1N1C(=O)C2(CC2)c2cnc(Nc3ccc(S(=O)(=O)NCCO)cc3)nc21,6.113509274827518
CHEMBL3663758,CDK9,770.0,nM,COC(=O)N1CCCC(c2cc3c(-c4nc(NCc5ccccc5)ccc4Cl)ccnc3[nH]2)C1,6.113509274827518
CHEMBL2402945,CDK1,777.0,nM,NC1CCC(Nc2nc(NCc3ccc(-c4ccccc4O)cc3)c3ncn(C4CCCC4)c3n2)CC1,6.1095789811990855
CHEMBL3774632,CDK1,777.0,nM,CC(O)CNc1nc(NCc2ccc(-c3ccccn3)cc2)c2[nH]nc(C(C)C)c2n1,6.1095789811990855
CHEMBL3906489,CDK2,780.0,nM,CCOC(=O)N=S(C)(=O)Cc1cccc(Nc2ncc(F)c(-c3ccc(F)cc3OC)n2)c1,6.107905397309519
CHEMBL3919798,CDK9,780.0,nM,CN1Cc2c(C3=CCN(C(=O)OC(C)(C)C)CC3)[nH]c3ncc(F)c(c23)-c2cc(F)ccc21,6.107905397309519
CHEMBL411491,CDK1,780.0,nM,NS(=O)(=O)c1ccc(N/N=C2\C(=O)Nc3ccc(Br)cc32)cc1,6.107905397309519
CHEMBL5177698,CDK2,780.0,nM,CNc1nc(C(=O)/C=C/c2ccc(OC)cc2)c(C)s1,6.107905397309519
CHEMBL5073277,CDK6,781.0,nM,Cc1nc2ccc(-c3nc(Nc4ccc(CN5CCN(C(C)C)CC5)cn4)ncc3F)cc2nc1C,6.1073489661227
CHEMBL233213,CDK1,781.0,nM,CN(C)CCc1ccc(Nc2ncc(Cl)c(-c3n[nH]c4ccccc34)n2)cc1,6.1073489661227
CHEMBL186163,CDK4,786.0,nM,Nc1nc2ccc(C(=O)c3c(F)cccc3F)cn2c1C(=S)c1c(F)cccc1F,6.104577453960593
CHEMBL1800218,CDK2,790.0,nM,Nc1nccc(-c2cc(N3CCOCC3)ccc2O)n1,6.102372908709558
CHEMBL524059,CDK4,790.0,nM,O=C(O)c1ccc(Nc2nccc(-c3cnn4ncccc34)n2)cc1,6.102372908709558
CHEMBL6057377,CDK9,790.0,nM,Fc1cccc(Cn2cnc3ccc(-c4cc(NCCNCc5ccccc5)ncc4Cl)cc32)c1,6.102372908709558
CHEMBL271594,CDK1,790.0,nM,CC(C)c1ccc2c(c1)NC(=O)/C2=N/Nc1ccc(S(N)(=O)=O)cc1,6.102372908709558
CHEMBL4538174,CDK2,790.0,nM,C[C@@H](NC(=O)Nc1cc2[nH]ncc2c(CO)n1)c1ccccc1,6.102372908709558
CHEMBL1800463,CDK1,790.0,nM,Nc1nc(NCCN2CCOCC2)cc(-c2cc(N3C[C@H](O)[C@@H](O)C3)ccc2O)n1,6.102372908709558
CHEMBL3702212,CDK6,790.0,nM,COCCn1c2cnccc2c2cnc(Nc3ccc(N4CCNCC4)cn3)nc21,6.102372908709558
CHEMBL5555640,CDK2,793.2,nM,CCC(=O)Nc1ccc(CNc2nc(NC3CCN(C)CC3)nc3c(C(C)C)cnn23)cc1,6.100617294466735
CHEMBL321939,CDK1,794.0,nM,NS(=O)(=O)c1ccc(Nc2cc(-c3cccc(NC(=O)Nc4cc(C(F)(F)F)ccc4F)c3)[nH]n2)cc1,6.100179497572904
CHEMBL107530,CDK1,800.0,nM,Nc1nc(Nc2cccc(Br)c2)nc(OCC2CCCCC2)c1N=O,6.096910013008056
CHEMBL4764361,CDK9,800.0,nM,CC(=O)N[C@@H]1CCC[C@H](C(=O)Nc2cc(-c3cnn4c3CN(C)CC4)c(Cl)cn2)C1,6.096910013008056
CHEMBL496575,CDK4,800.0,nM,CCCCc1nn2ncccc2c1-c1ccnc(Nc2ccc(N3CCN(C)CC3)cc2)n1,6.096910013008056
CHEMBL498625,CDK4,800.0,nM,Cc1nn2ncccc2c1-c1ccnc(NC2CC2)n1,6.096910013008056
CHEMBL100945,CDK4,800.0,nM,C#CCN(c1cc(Nc2ccc(OCC(O)CN(C)C)cc2)ncn1)c1cc(Cl)ccc1Cl,6.096910013008056
CHEMBL46181,CDK1,800.0,nM,CN1CCC(c2c(O)cc(O)c3c2O/C(=C\c2ccc(N4CCN(C)CC4)cc2)C3=O)CC1,6.096910013008056
CHEMBL101311,CDK4,800.0,nM,CN(C)CC(O)COc1ccc(Nc2nccc(Nc3cc(Cl)ccc3Cl)n2)cc1,6.096910013008056
CHEMBL3085233,CDK1,800.0,nM,CC(C)n1cnc2c(NCc3ccc(C(F)(F)F)cc3)nc(N3CCC[C@@H]3CO)nc21,6.096910013008056
CHEMBL133342,CDK1,800.0,nM,CC[C@@H](CO)Nc1nc(NCc2ccccc2)c2ncn(C(C)C)c2n1,6.096910013008056
CHEMBL3109955,CDK2,800.0,nM,Clc1ccccc1Nc1cc2[nH]c(-c3cn[nH]c3)cc2cn1,6.096910013008056
CHEMBL3971492,CDK9,800.0,nM,CS(=O)(=O)N1CC=C(c2[nH]c3nccc4c3c2CN(CC2CCOCC2)c2ccc(F)cc2-4)CC1,6.096910013008056
CHEMBL2112679,CDK1,800.0,nM,CC(C)n1cnc2c(NC(CO)c3ccccc3)nc(N3CCC[C@H]3CO)nc21,6.096910013008056
CHEMBL3702234,CDK4,800.0,nM,CC[C@H](C)n1c2cnccc2c2cnc(Nc3ccc(N4CCC(NC)CC4)nn3)nc21,6.096910013008056
CHEMBL5793112,CDK9,800.0,nM,NC(CNc1cc(-c2ccc3ncn(Cc4cccc(F)c4)c3c2)c(Cl)cn1)c1ccccc1,6.096910013008056
CHEMBL101473,CDK4,800.0,nM,Cc1cnc(Nc2ccc(OCC(O)CN(C)C)cc2)nc1Nc1ccccc1,6.096910013008056
CHEMBL83980,CDK2,800.0,nM,CC(C)n1cnc2c(NCc3ccccc3)nc(NCCCO)nc21,6.096910013008056
CHEMBL4205366,CDK1,800.9,nM,CCN1CCN(Cc2ccc(Nc3cc(-c4cc(F)c5nc(C)n(C(C)C)c5c4)ccn3)nn2)CC1,6.096421706336946
CHEMBL5276424,CDK2,802.0,nM,O=C(Nc1n[nH]c2ccc(-c3cncc(NC[C@@H](O)c4ccccc4)c3)cc12)c1ccccc1,6.095825631715837
CHEMBL5527848,CDK2,805.8,nM,CC(C)c1cnn2c(NCc3ccc(NC(=O)C4(F)CC4)cc3)nc(NC3CCOCC3)nc12,6.093772736947641
CHEMBL233208,CDK1,808.0,nM,CC(C)(N)c1ccc(-c2nc(Nc3ccc(CCN4CCCC4)cc3)ncc2Cl)cc1,6.092588639225414
CHEMBL183941,CDK4,810.0,nM,Nc1nc2ccc(C(=O)c3c(F)cccc3Cl)cn2c1C(=O)c1c(F)cccc1F,6.0915149811213505
CHEMBL509012,CDK9,810.0,nM,CC(C)C1CC(C(=O)Nc2ncc(SCc3ncc(C(C)(C)C)o3)s2)CCN1,6.0915149811213505
CHEMBL3668463,CDK9,810.0,nM,O[C@@H]1CN[C@@H](CNc2ccc(Cl)c(-c3ccnc4[nH]c(C5CCNCC5)cc34)n2)C1,6.0915149811213505
CHEMBL1241662,CDK4,810.0,nM,Nc1nc2ccc(C(=O)c3c(F)cccc3Cl)cc2n1Cc1c(F)cccc1F,6.0915149811213505
CHEMBL186396,CDK2,812.0,nM,CN1CCN(CCOc2cc(F)c(C(=O)c3c(N)nc4ccc(C(=O)c5c(Cl)cccc5Cl)cn34)c(F)c2)CC1,6.090443970758825
CHEMBL5268968,CDK2,813.0,nM,O=C(Nc1n[nH]c2ccc(-c3cncc(NC[C@@H](CO)c4ccccc4)c3)cc12)c1ccccc1,6.089909454405932
CHEMBL5439029,CDK6,817.0,nM,Oc1ccc(/C=N/n2c(S)nnc2-c2c[nH]c3ccccc23)cc1,6.087777943467584
CHEMBL551258,CDK2,820.0,nM,Clc1ccc(OCc2nnc3sc(SSc4nn5c(COc6ccc(Cl)cc6)nnc5s4)nn23)cc1,6.086186147616283
CHEMBL3641962,CDK4,820.0,nM,O[C@H]1CCC[C@@H]1n1c2cnccc2c2cnc(Nc3ccc(N4CCNCC4)nn3)nc21,6.086186147616283
CHEMBL3298311,CDK2,821.0,nM,C[C@@H](CO)Nc1ncc2c(n1)CN(C(=O)N[C@H](C)c1ccc(C(F)(F)F)c(F)c1)CC2,6.085656842880559
CHEMBL5569109,CDK2,823.0,nM,CS(=O)(=O)N1CCC(Nc2ncc(C(F)(F)F)c(-c3cnn(-c4ccccc4Cl)c3)n2)CC1,6.08460016478773
CHEMBL5288241,CDK2,823.0,nM,C=CC(=O)Nc1ccc(C(=O)Nc2n[nH]c3ccc(-c4cncc(NC[C@@H](O)c5ccccc5)c4)cc23)cc1,6.08460016478773
CHEMBL185854,CDK4,827.0,nM,Nc1nc2ccc(C(=O)c3c(F)cccc3F)cn2c1C(=O)c1c(F)cccc1Cl,6.082494490447454
CHEMBL3655766,CDK2,830.0,nM,CC[C@H](Nc1nc(NCc2cccnc2)c2ncn(CC3CC3)c2n1)[C@@H](C)O,6.080921907623926
CHEMBL3641913,CDK6,830.0,nM,CN(C)C1CCN(c2ccc(Nc3ncc4c5ccncc5n([C@H]5CCC[C@H]5O)c4n3)nc2)CC1,6.080921907623926
CHEMBL1243003,CDK1,830.0,nM,CCN(CCO)CCCNc1ccnc2cc(Cl)ccc12,6.080921907623926
CHEMBL5089164,CDK2,830.15,nM,Cn1ccc2cc(Nc3ncc(C(F)(F)F)c(N[C@H]4CC[C@@H](N)CC4)n3)ccc2c1=O,6.080843427760706
CHEMBL3822962,CDK2,832.0,nM,CCc1c(Nc2ncc(Cl)c(-c3cnn4ccccc34)n2)cnn1C1CCN(C(C)=O)CC1,6.0798766737092755
CHEMBL5401267,CDK2,833.5,nM,CS(=O)(=O)N1CCc2cc(Nc3ncc(C(F)(F)F)c(NCCCN)n3)ccc2C1,6.079094395835976
CHEMBL5092606,CDK2,834.9,nM,CN(C)C(=O)c1ccc(Nc2ncc(C(F)(F)F)c(N[C@H]3CC[C@@H](N)CC3)n2)cc1,6.0783655389462945
CHEMBL360596,CDK4,838.0,nM,COc1cc(F)c(C(=O)c2c(N)nc3ccc(C(=O)c4c(F)cccc4F)cn23)c(F)c1,6.076755981369724
CHEMBL3668353,CDK9,840.0,nM,Fc1cccc(-c2c(Cl)cnc3[nH]c(C4CCCNC4)cc23)n1,6.075720713938118
CHEMBL234624,CDK1,847.0,nM,CN(C)CCc1ccc(Nc2ncc(Cl)c(-c3ccc4[nH]ccc4c3)n2)cc1,6.072116589669293
CHEMBL3684988,CDK4,847.0,nM,COc1cc2c3cnc(Nc4ccc5c(n4)CCN(C(=O)CO)C5)nc3n([C@H]3CC[C@H](C)CC3)c2cn1,6.072116589669293
CHEMBL1630110,CDK2,850.0,nM,O=C(/C=C/c1ccc(-c2ccc3ncnc(Nc4ccc(OCc5cccc(F)c5)c(Cl)c4)c3c2)cc1)NO,6.070581074285707
CHEMBL5196783,CDK2,850.0,nM,CCCn1cc(/C=N/N=C2\C(=O)Nc3ccc(C)cc32)c2ccccc21,6.070581074285707
CHEMBL3927078,CDK2,850.0,nM,CS(=N)(=O)Cc1cccc(Nc2ncc(F)c(-c3ccc(F)cc3OCc3ccccc3)n2)c1,6.070581074285707
CHEMBL456163,CDK2,850.0,nM,CC(=O)Nc1c[nH]nc1C(=O)Nc1ccc(F)cc1,6.070581074285707
CHEMBL130175,CDK1,850.0,nM,COc1ccc(CNc2nc(I)nc3c2ncn3C(C)C)cc1,6.070581074285707
CHEMBL5762877,CDK9,850.0,nM,Cc1cnc(CN2CCc3ccc(-c4cc(NC(=O)C5CCCNC5)ncc4Cl)cc32)cn1,6.070581074285707
CHEMBL1630114,CDK2,850.0,nM,Nc1ccccc1NC(=O)/C=C/c1cccc(-c2ccc3ncnc(Nc4ccc(OCc5cccc(F)c5)c(Cl)c4)c3c2)c1,6.070581074285707
CHEMBL2112678,CDK1,850.0,nM,CC(C)n1cnc2c(NCc3ccccc3)nc(N[C@H](C)CO)nc21,6.070581074285707
CHEMBL31574,CDK6,850.0,nM,O=c1c(O)c(-c2ccc(O)c(O)c2)oc2cc(O)ccc12,6.070581074285707
CHEMBL5416999,CDK2,860.0,nM,COc1ccc2cc1COC/C=C/COCc1cccc(c1)-c1ccnc(n1)N2,6.065501548756432
CHEMBL3702126,CDK6,860.0,nM,O=C(O)c1ccc(Nc2ncc3c4ccnc(O)c4n(C4CCCC4)c3n2)nc1,6.065501548756432
CHEMBL4750648,CDK9,860.0,nM,CC(=O)N[C@@H]1CCC[C@H](C(=O)Nc2cc(-c3cnn4c3NCCC4)c(Cl)cn2)C1,6.065501548756432
CHEMBL4206957,CDK9,870.0,nM,CN1CCN(CCCCOc2c(OCc3ccc(C#N)cc3)cc(O)c3c(=O)cc(-c4ccccc4)oc23)CC1,6.060480747381382
CHEMBL378963,CDK1,870.0,nM,N[C@H](COc1cnc(Cl)c(-c2ccc3cnccc3c2)c1)Cc1c[nH]c2ccccc12,6.060480747381382
CHEMBL3952495,CDK9,870.0,nM,CN(C)C(=O)CN1CC=C(c2[nH]c3nccc4c3c2CN(C)c2ccc(F)cc2-4)C(C)(C)C1,6.060480747381382
CHEMBL489245,CDK2,870.0,nM,COc1ccc(CN/C=C2\C(=O)NC(=O)c3ccc(I)cc32)cc1O,6.060480747381382
CHEMBL329040,CDK2,871.0,nM,NS(=O)(=O)c1cccc(Nc2cc(-c3ccc(F)cc3)n[nH]2)c1,6.059981844992336
CHEMBL6148270,CDK1,879.1,nM,c1cc(-c2cnn(CC3CC3)c2)c2cc(C3CCNCC3)[nH]c2n1,6.055961719945582
CHEMBL5077422,CDK9,881.0,nM,Cc1nc2ccc(-c3cc(N)nc(N)c3)nc2n1CCOc1ccccn1,6.055024091587952
CHEMBL5437396,CDK4,882.0,nM,Sc1nnc(-c2c[nH]c3ccccc23)n1/N=C/c1cccc(Cl)c1,6.05453141486818
CHEMBL255463,CDK4,890.0,nM,O=C(Cc1ccccc1Cl)Nc1n[nH]c2ccc(N3CCCS3(=O)=O)cc12,6.050609993355087
CHEMBL3922076,CDK9,890.0,nM,CN(CCO)C(=O)CN1CC=C(c2[nH]c3nccc4c3c2CN(C)c2ccc(F)cc2-4)C(C)(C)C1,6.050609993355087
CHEMBL189963,CDK9,892.0,nM,CC(=O)c1c(C)c2cnc(Nc3ccc(N4CCNCC4)cn3)nc2n(C2CCCC2)c1=O,6.049635145623877
CHEMBL189440,CDK2,896.0,nM,N#C/C=C(\c1ccc2nc(N)c(C(=O)c3c(F)cccc3F)n2c1)c1c(F)cccc1F,6.047691990337874
CHEMBL1801932,CDK2,900.0,nM,CC(C)c1cnn2c(NCc3ccccc3)cc(NCCCCCCN)nc12,6.045757490560675
CHEMBL131697,CDK1,900.0,nM,CCCC(CO)Nc1nc(NCc2ccccc2)c2ncn(C(C)C)c2n1,6.045757490560675
CHEMBL95827,CDK1,900.0,nM,COc1ccc2[nH]c3c(c2c1)CC(=O)Nc1ccccc1-3,6.045757490560675
CHEMBL130280,CDK1,900.0,nM,CC(O)CNc1nc(NCc2ccccc2)c2ncn(C(C)C)c2n1,6.045757490560675
CHEMBL315837,CDK2,900.0,nM,CC(C)n1cnc2c(NC3CCCC3)nc(NCCCO)nc21,6.045757490560675
CHEMBL1964243,CDK1,910.0,nM,CC(=O)NS(=O)(=O)c1ccc(N/C=C2\C(=O)Nc3ccc4ncsc4c32)cc1,6.040958607678906
CHEMBL1243004,CDK1,910.0,nM,COC(=O)c1cc(NC(C)=O)ccc1S(=O)(=O)c1ccc(NC(C)=O)cc1C(=O)OC,6.040958607678906
CHEMBL3668466,CDK9,910.0,nM,F[C@@H]1CN[C@H](CNc2ccc(Cl)c(-c3ccnc4[nH]c(C5CCNCC5)cc34)n2)C1,6.040958607678906
CHEMBL4439395,CDK9,911.0,nM,O=C(Cc1ccc(-c2ccccc2)cc1)Nc1cc(C2CCC2)[nH]n1,6.040481623027002
CHEMBL5872006,CDK1,912.0,nM,Cc1nc2c(F)cc(-c3nc(Nc4ccc5c(n4)CCN(C[C@H]4CCCN4C)C5)ncc3F)cc2n1C1CC1,6.0400051616715835
CHEMBL3673435,CDK2,913.0,nM,COc1cc(F)ccc1-c1ccnc(NC(=O)C2CCC(NC(C)=O)C2)c1,6.039529222465701
CHEMBL4582951,CDK9,914.0,nM,CN(C)C/C=C/C(=O)Nc1ccc(C(=O)N[C@@]2(C)CCC[C@@H](Nc3ncc(Cl)c(-c4c[nH]c5ccccc45)n3)C2)nc1,6.039053804266168
CHEMBL5286683,CDK2,918.0,nM,C=CC(=O)Nc1ccc(C(=O)Nc2n[nH]c3ccc(-c4cncc(NC[C@H](O)c5ccccc5)c4)cc23)cc1,6.037157318798758
CHEMBL5434594,CDK2,920.0,nM,Cc1ccc2c(CCNc3ccc([N+](=O)[O-])cc3C(=O)O)cn(C)c2c1,6.036212172654444
CHEMBL1630109,CDK2,920.0,nM,O=C(/C=C/c1cccc(-c2ccc3ncnc(Nc4ccc(OCc5cccc(F)c5)c(Cl)c4)c3c2)c1)NO,6.036212172654444
CHEMBL3651854,CDK2,920.0,nM,Cc1cc(Nc2nc(Nc3ccccc3S(=O)(=O)C(C)C)c3c(C)[nH]nc3n2)c(OC(C)C)cc1C1CCN(C)CC1,6.036212172654444
CHEMBL4760601,CDK9,920.0,nM,CC(=O)N[C@@H]1CCC[C@H](C(=O)Nc2cc(-c3cnc(C)n3C(C)C)ccn2)C1,6.036212172654444
CHEMBL296468,CDK4,925.0,nM,CC(C)(C)c1cnc(CSc2cnc(NC(=O)C3CCNCC3)s2)o1,6.0338582672609675
CHEMBL3642039,CDK4,930.0,nM,NC(=O)CC1CCN(c2ccc(Nc3ncc4c5ccnc(F)c5n(C5CCCC5)c4n3)nc2)CC1,6.031517051446064
CHEMBL6148270,CDK2,932.7,nM,c1cc(-c2cnn(CC3CC3)c2)c2cc(C3CCNCC3)[nH]c2n1,6.030258023237145
CHEMBL5413829,CDK2,940.0,nM,O=C(O)c1cc(OC(F)(F)F)ccc1NCCc1c[nH]c2ccccc12,6.026872146400301
CHEMBL1800461,CDK2,940.0,nM,Nc1nc(-c2cc(N3C[C@H](O)[C@@H](O)C3)ccc2O)cc(N2CCOCC2)n1,6.026872146400301
CHEMBL5596025,CDK9,948.05,nM,CC(C)S(=O)(=O)c1ccccc1Nc1nc([C@H]2CC[C@@H](N)CC2)ncc1Cl,6.023168757438865
CHEMBL3960117,CDK9,950.0,nM,CN1Cc2c(C3=CCN(CC(=O)N4CCC[C@H]4CO)CC3(C)C)[nH]c3nccc(c23)-c2cc(F)ccc21,6.022276394711152
CHEMBL5755053,CDK9,950.0,nM,O=C(c1cccc(F)c1)c1c[nH]c2ccc(-c3cc(NC(=O)[C@@H]4CCCNC4)ncc3Cl)cc12,6.022276394711152
CHEMBL6015135,CDK9,950.0,nM,Cn1c(CN2CCc3ccc(-c4cc(NC(=O)C5CCCNC5)ncc4Cl)cc32)nc2ccccc21,6.022276394711152
CHEMBL5288241,CDK6,950.0,nM,C=CC(=O)Nc1ccc(C(=O)Nc2n[nH]c3ccc(-c4cncc(NC[C@@H](O)c5ccccc5)c4)cc23)cc1,6.022276394711152
CHEMBL515631,CDK2,960.0,nM,CCCOc1cnc(CN/C=C2\C(=O)NC(=O)c3ccc(C(C)(C)C)cc32)cc1O,6.017728766960431
CHEMBL5777651,CDK9,960.0,nM,O=C(Nc1cc(-c2ccc3[nH]c(=O)n(Cc4cccc(F)c4)c3c2)c(Cl)cn1)[C@@H]1CCCNC1,6.017728766960431
CHEMBL3894072,CDK9,960.0,nM,CN1Cc2c(C3=CCN(CC(=O)N4CC(O)C4)CC3(C)C)[nH]c3nccc(c23)-c2cc(F)ccc21,6.017728766960431
CHEMBL193287,CDK2,960.0,nM,N[C@H](C(=O)Nc1cc(C2CC2)[nH]n1)c1ccccc1,6.017728766960431
CHEMBL4475494,CDK9,966.0,nM,CC(C)(O)[C@H](F)CN1Cc2cc(NC(=O)c3cnn4cccnc34)c(N3CCOCC3)cc2C1=O,6.015022873584506
CHEMBL3109953,CDK2,970.0,nM,COc1ccccc1Nc1cc2[nH]c(-c3cn[nH]c3)cc2cn1,6.013228265733755
CHEMBL6012803,CDK9,970.0,nM,O=C(NC1CCCC1)[C@H]1CC[C@H]1C(=O)Nc1cc(-c2ccc3ncn(Cc4cccc(F)c4)c3c2)c(Cl)cn1,6.013228265733755
CHEMBL193029,CDK1,971.0,nM,OCCCNc1cncc(-c2ncnc(Nc3cccc(Cl)c3)n2)n1,6.012780770091995
CHEMBL6193188,CDK6,982.0,nM,CN(C)C(=O)c1cc2cnc(Nc3cc(F)cc(-c4nc5c(C(N)=O)cccc5[nH]4)c3)nc2n1C1CCCC1,6.00788851221305
CHEMBL3125732,CDK2,984.0,nM,COc1ccc(-c2nc3cc(-c4csc(C(N)=O)c4)cnc3[nH]2)cc1,6.007004901568658
CHEMBL187969,CDK2,984.0,nM,CN(C)CCOc1cc(F)c(C(=O)c2c(N)nc3ccc(C(=O)c4c(Cl)cccc4Cl)cn23)c(F)c1,6.007004901568658
CHEMBL504155,CDK2,990.0,nM,CC(=O)Nc1c[nH]nc1-c1nc2ccccc2[nH]1,6.00436480540245
CHEMBL114577,CDK2,990.0,nM,O=C(Nc1cc(C2CC2)[nH]n1)c1cccc(Br)c1,6.00436480540245
CHEMBL340259,CDK2,992.0,nM,O=C1NC(=O)C2=C1c1cn(c3ccccc13)CCOCCOCCOCCn1cc2c2ccccc21,6.0034883278458215
CHEMBL101119,CDK2,1000.0,nM,CN(C)CC(O)COc1ccc(Nc2cc(N(CC#N)c3cc(Cl)ccc3Cl)ncn2)cc1,6.0
CHEMBL513330,CDK2,1000.0,nM,Clc1ccc(CNc2nccc(-c3cnn4ncccc34)n2)cc1,6.0
CHEMBL102008,CDK4,1000.0,nM,CN(C)CC(O)COc1ccc(Nc2nccc(N(Cc3ccccc3)c3cc(Cl)ccc3Cl)n2)cc1,6.0
CHEMBL101679,CDK4,1000.0,nM,CN(C)CC(O)COc1ccc(Nc2nccc(Nc3ccccc3Cl)n2)cc1,6.0
CHEMBL1964248,CDK2,1000.0,nM,CN(C)CCNS(=O)(=O)c1ccc(N/C=C2\C(=O)Nc3ccccc32)cc1,6.0
CHEMBL101019,CDK4,1000.0,nM,CN(C)CC(O)COc1ccc(Nc2nccc(Nc3ccccc3F)n2)cc1,6.0
CHEMBL133242,CDK1,1000.0,nM,CC(C)n1cnc2c(NCc3ccccc3)nc(/C=C/CCCO)nc21,6.0
CHEMBL2111873,CDK1,1000.0,nM,CC(C)n1cnc2c(NCc3ccccc3)nc(N[C@@H](C)CO)nc21,6.0
CHEMBL3797828,CDK1,1000.0,nM,CN(C)C(=O)c1cccc(-c2cnc(N)c(-c3nc4cccc(N5CCNCC5)c4[nH]3)c2)c1,6.0
CHEMBL2112681,CDK1,1000.0,nM,CC(C)n1cnc2c(NCc3ccccc3)nc(N[C@@H](CO)c3ccccc3)nc21,6.0
CHEMBL4789890,CDK9,1000.0,nM,C=CC(=O)Nc1ccc(C(=O)N2CCCC(Nc3ncc(SCc4ccccn4)s3)C2)cc1,6.0
CHEMBL5184492,CDK1,1000.0,nM,C[C@H]1C[C@@H]2CN1CCn1[nH]c3c(cccc3c1=O)-c1nc3c(cccc3[nH]c1=O)O2,6.0
CHEMBL322640,CDK4,1000.0,nM,CN(C)CC(O)COc1ccc(Nc2cc(Nc3cc(Cl)ccc3Cl)ncn2)cc1,6.0
CHEMBL3797873,CDK1,1000.0,nM,C[C@H]1CN(c2cccc3nc(-c4nc(-c5cccc(C(=O)N(C)C)c5)cnc4N)n(C)c23)CCN1,6.0
CHEMBL5589612,CDK2,1000.0,nM,CO[C@@]1(C)[C@H](O)C(=O)C(C)=C2OC(=O)c3c(C)cc(O)c(C)c3O[C@@H]21,6.0
CHEMBL3797574,CDK1,1000.0,nM,CN(C)C(=O)c1cccc(-c2cnc(N)c(-c3nc4ccccc4[nH]3)c2)c1,6.0
CHEMBL430854,CDK4,1000.0,nM,CN(C)CC(O)COc1ccc(Nc2nccc(Nc3ccc(Cl)cc3)n2)cc1,6.0
CHEMBL5283398,CDK2,1000.0,nM,CN(C)CCCNC(=O)Cc1cccc(Nc2nc(OCC3CCCCC3)c3nc[nH]c3n2)c1,6.0
CHEMBL5914580,CDK9,1000.0,nM,NCCNc1cc(-c2ccc3ncn(Cc4cccc(F)c4)c3c2)c(Cl)cn1,6.0
CHEMBL101311,CDK2,1000.0,nM,CN(C)CC(O)COc1ccc(Nc2nccc(Nc3cc(Cl)ccc3Cl)n2)cc1,6.0
CHEMBL101810,CDK2,1000.0,nM,CN(C)CC(O)COc1ccc(Nc2nccc(Nc3cc(C(F)(F)F)ccc3F)n2)cc1,6.0
CHEMBL98275,CDK1,1000.0,nM,ONC1=Nc2ccccc2-c2[nH]c3ccc(Br)cc3c2C1,6.0
CHEMBL446024,CDK4,1000.0,nM,FC(F)(F)CNc1nccc(-c2cnn3ncccc23)n1,6.0
CHEMBL446024,CDK2,1000.0,nM,FC(F)(F)CNc1nccc(-c2cnn3ncccc23)n1,6.0
CHEMBL3085232,CDK1,1000.0,nM,CC(C)n1cnc2c(NCc3cc(C(F)(F)F)cc(C(F)(F)F)c3)nc(N3CCC[C@@H]3CO)nc21,6.0
CHEMBL127907,CDK2,1000.0,nM,COc1cc2ncnc(Nc3cccc(O)c3)c2cc1OC,6.0
CHEMBL122264,CDK2,1000.0,nM,c1ccc(Nc2nc(OCC3CCCCC3)c3[nH]cnc3n2)cc1,6.0
CHEMBL1234088,CDK2,1000.0,nM,O=C1Nc2ccccc2/C1=C/Nc1ccc(S(=O)(=O)Nc2nccs2)cc1,6.0
CHEMBL130904,CDK1,1000.0,nM,CC(C)n1cnc2c(Nc3ccccc3)nc(I)nc21,6.0
CHEMBL414651,CDK1,1000.0,nM,CCn1cnc2c(Nc3cccc(OC)c3)nc(NCCO)nc21,6.0
CHEMBL3702176,CDK4,1000.0,nM,COCC(C)(C)n1c2cnccc2c2cnc(Nc3ccc(N4CCC(N(C)C)CC4)nn3)nc21,6.0
CHEMBL5093550,CDK6,1000.0,nM,Cc1nc2ccc(-c3nc(Nc4ccc(C(=O)N5CCN(C)CC5)cn4)ncc3F)cc2nc1C,6.0
CHEMBL513330,CDK4,1000.0,nM,Clc1ccc(CNc2nccc(-c3cnn4ncccc34)n2)cc1,6.0
CHEMBL103633,CDK4,1000.0,nM,CN(C)CC(O)COc1ccc(Nc2nccc(Nc3ccccc3Br)n2)cc1,6.0
CHEMBL326310,CDK2,1000.0,nM,O=C(Nc1cc(C2CC2)[nH]n1)c1cccc(Cl)c1,6.0
CHEMBL3589665,CDK9,1000.0,nM,COc1ccc2c(c1)nc(C(=O)O)c1c3cccc(Cl)c3[nH]c21,6.0
CHEMBL1922122,CDK2,1000.0,nM,CC[C@@H](Nc1nc(NCc2cccnc2)c2ncn(C(C)C)c2n1)C(O)C(C)(C)C,6.0
CHEMBL191845,CDK2,1000.0,nM,O=C1NC2C=CC=CC2/C1=C/Nc1ccc(S(=O)(=O)Nc2nccs2)cc1,6.0
CHEMBL1800461,CDK1,1000.0,nM,Nc1nc(-c2cc(N3C[C@H](O)[C@@H](O)C3)ccc2O)cc(N2CCOCC2)n1,6.0
CHEMBL5088511,CDK9,1019.0,nM,Cc1nc2ccc(-c3cc(N)nc(N)c3)nc2n1CCOc1ccccc1,5.991825815993574
CHEMBL388978,CDK4,1027.0,nM,CN[C@@H]1C[C@H]2O[C@@](C)([C@@H]1OC)n1c3ccccc3c3c4c(c5c6ccccc6n2c5c31)C(=O)NC4,5.988429556402721
CHEMBL6146765,CDK1,1029.0,nM,COCC(C)N1CCC(c2cc3c(-c4cnn(CC5CC5)c4)c(Cl)cnc3[nH]2)CC1,5.987584625237567
CHEMBL3823297,CDK2,1030.0,nM,COc1cc(N2CCN(C(C)=O)CC2)ccc1Nc1ncc(Cl)c(-c2cnn3ccccc23)n1,5.987162775294828
CHEMBL365608,CDK4,1033.0,nM,C=C(c1ccc2nc(N)c(C(=O)c3c(F)cccc3F)n2c1)c1c(F)cccc1F,5.985899678480379
CHEMBL234443,CDK1,1040.0,nM,CC(C)(N)c1ccc(-c2nc(Nc3cccc(Br)c3)ncc2Cl)cc1,5.982966660701219
CHEMBL480391,CDK2,1040.0,nM,CN1CCN(c2cccc3nc(-c4n[nH]c5cc(-c6ccc(N)cc6)ccc45)[nH]c23)CC1,5.982966660701219
CHEMBL3655771,CDK9,1040.0,nM,CC[C@H](Nc1nc(NCc2cc(C)nc(C)c2)c2ncn(C(C)C)c2n1)[C@@H](C)O,5.982966660701219
CHEMBL5277013,CDK2,1049.0,nM,N[C@@H](Cc1ccccc1)C(=O)Nc1cncc(-c2ccc3[nH]nc(NC(=O)c4ccccc4)c3c2)c1,5.979224511806442
CHEMBL404504,CDK4,1050.0,nM,O=C(Cc1cccc(Cl)c1)Nc1n[nH]c2ccc(N3CCCS3(=O)=O)cc12,5.978810700930062
CHEMBL562030,CDK2,1053.0,nM,Cn1nc(C(=O)NCc2ccccc2)c2c1-c1nc(Nc3ccccc3)ncc1CC2,5.9775716288145135
CHEMBL5994564,CDK1,1054.0,nM,Cc1nc2c(F)cc(-c3nc(Nc4ccc5c(n4)CCN(C[C@@H]4CCCN4C)C5)ncc3F)cc2n1C1CC1,5.9771593891234716
CHEMBL393460,CDK1,1060.0,nM,CNCCc1ccc(Nc2ncc(Cl)c(-c3ccc(C(C)(C)N)cc3)n2)cc1,5.97469413473523
CHEMBL186401,CDK2,1068.0,nM,Nc1nc2ccc(C(=O)c3ccccc3C(F)(F)F)cn2c1C(=O)c1c(F)cccc1F,5.9714287473074625
CHEMBL1081425,CDK2,1070.0,nM,N[C@H](CNc1cnc(-c2ccc3cnccc3c2)s1)Cc1ccc(C(F)(F)F)cc1,5.97061622231479
CHEMBL5639131,CDK2,1070.0,nM,Cc1nn2c(-c3ccc(Cl)cc3)ccnc2c1/C(N)=N/O,5.97061622231479
CHEMBL112582,CDK2,1070.0,nM,CN1CCC(c2c(O)cc(O)c3c(=O)cc(SC(C)(C)C)oc23)C(O)C1,5.97061622231479
CHEMBL3920205,CDK2,1070.0,nM,CC1CCN(C2CCN(c3ccc(Nc4ncc5cc6n(c5n4)C4(CCCCC4)CNC6=O)nc3)CC2)C1,5.97061622231479
CHEMBL378248,CDK1,1070.0,nM,NCC(=O)NS(=O)(=O)c1ccc(Nc2nc(N)n(C(=O)c3c(F)cccc3F)n2)cc1,5.97061622231479
CHEMBL4225966,CDK9,1070.0,nM,Cc1c(Br)c(Br)c2c3c1nc(N1CCNCC1)n3CCC2,5.97061622231479
CHEMBL522751,CDK2,1070.0,nM,Cn1cc(C2=C(c3coc4ccccc34)C(=O)NC2=O)c2cc(I)ccc21,5.97061622231479
CHEMBL4849464,CDK9,1071.9,nM,CC(C)c1cnn2c(NCc3ccccc3)nc(OC3CCN(C)CC3)nc12,5.969845729077898
CHEMBL4846069,CDK9,1080.0,nM,COc1ccc(CC(=O)Nc2cc(C3CCC3)[nH]n2)cc1,5.96657624451305
CHEMBL3890528,CDK2,1080.0,nM,O=C1NCC2(CCCCC2)n2c1cc1cnc(Nc3ccc(N4CCNCC4)cn3)nc12,5.96657624451305
CHEMBL189136,CDK4,1081.0,nM,Nc1nc2ccc(C(=O)c3c(F)cccc3F)cn2c1C(=O)c1c(F)cccc1F,5.96617430604669
CHEMBL129396,CDK4,1090.0,nM,CCc1cnc(CSc2cnc(NC(=O)Cc3cccnc3)s2)o1,5.962573502059376
CHEMBL6046321,CDK2,1090.0,nM,C=C(CN(C)C)N1CCc2nc(Nc3ncc(F)c(-c4cc(F)c5nc(C)n(C(C)C)c5c4)n3)ccc2C1,5.962573502059376
CHEMBL5952864,CDK2,1090.0,nM,Cc1nc2c(F)cc(-c3nc(Nc4ncc5c(n4)CCN(C(=O)CN(C)C)C5)ncc3F)cc2n1C(C)C,5.962573502059376
CHEMBL4649135,CDK9,1090.0,nM,CCn1cnc2c(NCc3nc4ccc(F)c(F)c4[nH]3)nc(N3CCCC[C@H]3CCO)nc21,5.962573502059376
CHEMBL6007400,CDK1,1096.0,nM,Cc1nc2c(F)cc(-c3nc(Nc4ccc5c(n4)CCN(C[C@@H](C)N(C)C)C5)ncc3F)cc2n1C1CC1,5.96018944585165
CHEMBL489853,CDK2,1100.0,nM,COc1ccc(CN/C=C2\C(=O)NC(=O)c3ccc(-c4ccoc4)cc32)cc1O,5.958607314841775
CHEMBL2348162,CDK2,1100.0,nM,Nc1nccc(-n2cc(-c3cccnc3)c3cnccc32)n1,5.958607314841775
CHEMBL234699,CDK1,1100.0,nM,CC(C)(C)c1nc(Nc2ccc(CCO)cc2)ncc1C#N,5.958607314841775
CHEMBL3900262,CDK2,1100.0,nM,CCOC(=O)N=S(C)(=O)Cc1cccc(Nc2ncc(F)c(-c3ccc(F)cc3OCc3ccccc3)n2)c1,5.958607314841775
CHEMBL2029905,CDK1,1100.0,nM,CC(O)c1cc2cnc(Nc3cc(C(=O)N4CCN(C)CC4)n(C)c3)nc2n1C1CCCC1,5.958607314841775
CHEMBL5806699,CDK9,1100.0,nM,O=C(Nc1cc(-c2ccc3ncn(CC4CCOCC4)c3c2)c(Cl)cn1)c1cscn1,5.958607314841775
CHEMBL84436,CDK1,1100.0,nM,CC(C)n1cnc2c(NCc3ccccc3)nc(NC[C@@H](C)O)nc21,5.958607314841775
CHEMBL1809044,CDK2,1100.0,nM,COc1cc(N2CCN(C(C)=O)CC2)ccc1Nc1ncc(Cl)c(-c2cnc3ccccn23)n1,5.958607314841775
CHEMBL319467,CDK9,1100.0,nM,NS(=O)(=O)c1ccc(Nc2nc(OCC3CCCCC3)c3nc[nH]c3n2)cc1,5.958607314841775
CHEMBL1809194,CDK2,1100.0,nM,COc1cc(N2CCN(C(C)=O)CC2)ccc1Nc1ncc(Br)c(-c2cnc3ccccn23)n1,5.958607314841775
CHEMBL5436881,CDK2,1100.0,nM,O=C(O)c1cc(C(F)(F)F)ccc1NCCc1c[nH]c2ccccc12,5.958607314841775
CHEMBL5943923,CDK9,1100.0,nM,O=C(Nc1cc(-c2ccc3ncn(CC4CCOCC4)c3c2)c(Cl)cn1)c1cc[nH]n1,5.958607314841775
CHEMBL3654250,CDK1,1100.0,nM,c1ncc(-c2cc3cnc(Nc4ccc(CN5CCNCC5)cn4)nc3n2C2CCCC2)o1,5.958607314841775
CHEMBL1922210,CDK2,1100.0,nM,CC[C@H](Nc1nc(NCc2cccnc2)c2ncn(C(C)C)c2n1)C(O)C(C)C,5.958607314841775
CHEMBL5188442,CDK2,1100.0,nM,COc1cc(F)ccc1-c1ccnc2[nH]c(-c3ccc(CN4CCOCC4)cc3)nc12,5.958607314841775
CHEMBL3965161,CDK2,1100.0,nM,COc1cc(F)ccc1-c1nc(Nc2cccc(CS(C)(=N)=O)c2)ncc1F,5.958607314841775
CHEMBL4459754,CDK9,1100.0,nM,CC(C)c1cnn2c(NCc3ccccc3)cc(NC[C@@H]3CCNC[C@H]3O)nc12,5.958607314841775
CHEMBL5421064,CDK6,1108.0,nM,COc1cccc(/C=N/n2c(S)nnc2-c2c[nH]c3ccccc23)c1,5.955460239607589
CHEMBL190805,CDK1,1108.0,nM,Nc1nc(Nc2cccc(Cl)c2)nc(-c2ccnc(NCCCO)c2)n1,5.955460239607589
CHEMBL5437396,CDK6,1110.0,nM,Sc1nnc(-c2c[nH]c3ccccc23)n1/N=C/c1cccc(Cl)c1,5.954677021213342
CHEMBL4637085,CDK2,1110.0,nM,COc1cc(/C=C2\Oc3cc4occc4c(OC)c3C2=O)ccc1OCC(=O)Nc1ccccc1,5.954677021213342
CHEMBL5593093,CDK9,1121.85,nM,CC(C)S(=O)(=O)c1ccccc1Nc1nc(C2CCN(S(C)(=O)=O)CC2)ncc1Cl,5.950065207720883
CHEMBL2436978,CDK1,1125.0,nM,CN1CCN(Cc2ccc(-c3cnc4[nH]cc(-c5ccc6[nH]ccc6c5)c4c3)cc2)CC1,5.948847477552619
CHEMBL245732,CDK2,1126.0,nM,CN(C)CC(=O)N1CCC(Nc2ncc(Cl)c(-c3c[nH]c4ccccc34)n2)CC1,5.9484616094846725
CHEMBL6166411,CDK9,1130.0,nM,COc1cc(F)ccc1-c1cc(Nc2cc(N3CCN(C(=O)c4cc(Cc5n[nH]c(=O)c6ccccc56)ccc4F)CC3)ccn2)ncc1Cl,5.94692155651658
CHEMBL5592215,CDK9,1130.2,nM,CC(C)S(=O)(=O)c1ccccc1Nc1nc(N[C@H]2CC[C@H](N)CC2)ncc1F,5.94684469703812
CHEMBL4434871,CDK2,1140.0,nM,C=CC(=O)Nc1ccc(C(=O)Nc2cccc(Nc3n[nH]c4c3CN(C(=O)N[C@H](CN(C)C)c3ccccc3)C4(C)C)c2)cc1,5.943095148663527
CHEMBL553,CDK2,1140.0,nM,C#Cc1cccc(Nc2ncnc3cc(OCCOC)c(OCCOC)cc23)c1,5.943095148663527
CHEMBL393462,CDK1,1140.0,nM,CN(C)CCc1ccc(Nc2ncc(Cl)c(-c3ccc(C(C)(C)N)cc3)n2)cc1,5.943095148663527
CHEMBL188392,CDK4,1144.0,nM,NC(=O)c1cc(F)c(C(=O)c2c(N)nc3ccc(C(=O)c4c(Cl)cccc4Cl)cn23)c(F)c1,5.941573975542995
CHEMBL505673,CDK2,1160.0,nM,COc1cccc2c(C3=C(c4cn(C)c5ccc(Br)cc45)C(=O)NC3=O)coc12,5.935542010773082
CHEMBL5287796,CDK2,1180.0,nM,COc1cc(O)c2c(=O)cc(-c3ccc(N4CCN(C)CC4)cc3)oc2c1N1CCNCC1,5.928117992693874
CHEMBL2436978,CDK2,1180.0,nM,CN1CCN(Cc2ccc(-c3cnc4[nH]cc(-c5ccc6[nH]ccc6c5)c4c3)cc2)CC1,5.928117992693874
CHEMBL3641952,CDK4,1190.0,nM,CN(C)C1CCN(c2ccc(Nc3ncc4c5ccncc5n([C@H]5CCOC5)c4n3)nc2)CC1,5.924453038607469
CHEMBL2158861,CDK1,1200.0,nM,CNC(=O)Nc1ccc(-c2cc(-c3ccnc(Nc4ccc(C)c(S(=O)(=O)N(C)C)c4)n3)ccn2)cc1,5.920818753952375
CHEMBL6021325,CDK9,1200.0,nM,O=C(Nc1cc(-c2ccc3ncn(CC4CCOCC4)c3c2)c(Cl)cn1)c1nc[nH]n1,5.920818753952375
CHEMBL6044526,CDK9,1200.0,nM,Nc1nnc(CNc2cc(-c3ccc4ncn(Cc5cccc(F)c5)c4c3)c(Cl)cn2)[nH]1,5.920818753952375
CHEMBL5186159,CDK1,1200.0,nM,NS(=O)(=O)c1ccc(Nc2ncc3c(n2)N(C2CCCC2)C(=O)C32CC2)cc1,5.920818753952375
CHEMBL5192909,CDK9,1200.0,nM,CN(C)C(=O)CN1CCC(c2cc3c(-c4ccc(=O)n(C5CCOCC5)c4)ccnc3[nH]2)CC1,5.920818753952375
CHEMBL5779433,CDK9,1200.0,nM,COC(=O)c1ccc(CN2CCc3ccc(-c4cc(NC(=O)C5CCCNC5)ncc4Cl)cc32)cc1,5.920818753952375
CHEMBL5945940,CDK9,1200.0,nM,CN(C)CC(O)CNc1cc(-c2ccc3ncn(Cc4cccc(F)c4)c3c2)c(Cl)cn1,5.920818753952375
CHEMBL3943576,CDK9,1200.0,nM,CN1Cc2c(C3=CCN(CC(=O)N(C)C4CC(O)C4)CC3(C)C)[nH]c3nccc(c23)-c2cc(F)ccc21,5.920818753952375
CHEMBL361231,CDK2,1200.0,nM,CC(C)COc1cc(Nc2ccc(S(=O)(=O)N(C)C)cc2)n2ncc(C(C)C)c2n1,5.920818753952375
CHEMBL235849,CDK1,1200.0,nM,CS(=O)(=O)Cc1ccc(N/C=C2\C(=O)Nc3ccc4ncsc4c32)cc1,5.920818753952375
CHEMBL280074,CDK2,1200.0,nM,Cn1cnc2c(NCc3ccccc3)nc(NCCO)nc21,5.920818753952375
CHEMBL5970980,CDK9,1200.0,nM,Fc1cccc(Cn2cnc3ccc(-c4cc(NCCC5CCCCC5)ncc4Cl)cc32)c1,5.920818753952375
CHEMBL496754,CDK2,1200.0,nM,O=C(Nc1c[nH]nc1-c1nc2cc(CN3CCOCC3)ccc2[nH]1)NC1CCCCC1,5.920818753952375
CHEMBL4538461,CDK9,1200.0,nM,COC(=O)Nc1nc2cc(OS(=O)(=O)c3c(Cl)cccc3Cl)ccc2[nH]1,5.920818753952375
CHEMBL479127,CDK2,1200.0,nM,COc1cccc2c1cc1c3c(cc4c(c32)OCO4)C(=O)N1,5.920818753952375
CHEMBL2012405,CDK1,1200.0,nM,CNC[C@@H]1CCCN1C(=O)c1cc(Nc2ncc3cnn([C@@H]4C[C@H]5C[C@H]5C4)c3n2)cn1C,5.920818753952375
CHEMBL4297488,CDK9,1200.0,nM,CC(C)c1cnn2c(NCc3ccccc3)cc(NC[C@H]3CCNC[C@@H]3O)nc12,5.920818753952375
CHEMBL132243,CDK1,1200.0,nM,CC(C)n1cnc2c(NCc3ccccc3)nc(C#CCO)nc21,5.920818753952375
CHEMBL477259,CDK2,1200.0,nM,CCCOc1cnc(CN/C=C2\C(=O)NC(=O)c3ccc(C4CCCC4)cc32)cc1O,5.920818753952375
CHEMBL5981969,CDK9,1200.0,nM,O=C(Nc1cc(-c2ccc3ncn(Cc4cccc(F)c4)c3c2)c(Cl)cn1)c1ccn2c1CS[C@@H]2c1cccnc1,5.920818753952375
CHEMBL178268,CDK2,1200.0,nM,CC(C)COc1cc(Nc2ccc(S(C)(=O)=O)cc2)n2ncc(C(C)C)c2n1,5.920818753952375
CHEMBL4789009,CDK9,1200.0,nM,CC(=O)N[C@@H]1CCC[C@H](C(=O)Nc2cc(-c3cnc4n3CCCC4)c(Cl)cn2)C1,5.920818753952375
CHEMBL16484,CDK2,1200.0,nM,CC(C)(C)Nc1nc(C(F)(F)F)nc2ccc(-c3cccnc3)cc12,5.920818753952375
CHEMBL1630115,CDK2,1200.0,nM,Nc1ccccc1NC(=O)/C=C/c1ccc(-c2ccc3ncnc(Nc4ccc(OCc5cccc(F)c5)c(Cl)c4)c3c2)cc1,5.920818753952375
CHEMBL5570843,CDK2,1205.0,nM,COc1ccccc1-c1cccc(Nc2cccc(N3CCCNCC3)c2)n1,5.919012953089113
CHEMBL5557118,CDK2,1208.0,nM,CC(C)(O)Cn1cc(-c2nc(NC3CCN(S(C)(=O)=O)CC3)ncc2C(F)(F)F)cn1,5.917933065714887
CHEMBL5571625,CDK2,1211.0,nM,COc1ccccc1-c1ccnc(Nc2ccc3c(c2)CC(=O)C(C(C)=O)C3C)n1,5.916855856856948
CHEMBL5935906,CDK1,1233.0,nM,CNCCN1CCc2nc(Nc3ncc(F)c(-c4cc(F)c5nc(C)n(C6CC6)c5c4)n3)ccc2C1,5.909036923404269
CHEMBL5542488,CDK2,1237.5,nM,CC(=O)Nc1ccc(CNc2nc(OC3CCN(C)CC3)nc3c(C(C)C)cnn23)cc1,5.907454792394393
CHEMBL191377,CDK1,1240.0,nM,OCCCNc1cncc(-c2ncnc(Nc3ccc(N4CCOCC4)cc3)n2)c1,5.906578314837764
CHEMBL398989,CDK1,1240.0,nM,CCN1CCN(CCc2ccc(Nc3ncc(Cl)c(-c4ccc5cc[nH]c5c4)n3)cc2)CC1,5.906578314837764
CHEMBL4855324,CDK6,1240.0,nM,COc1cc2nc(CNc3nc(N4CCOCC4)nc4c3ncn4-c3cnn(C)c3)[nH]c2cc1Cl,5.906578314837764
CHEMBL5082456,CDK9,1244.0,nM,CCCCn1c(C)nc2ccc(-c3cc(N)nc(N)c3)nc21,5.9051796196451996
CHEMBL4294760,CDK1,1250.0,nM,CSc1ncc2c(n1)CCc1cnc(Nc3ccc(C(=O)N(C)CCN(C)C)cc3)nc1-2,5.903089986991944
CHEMBL3916385,CDK2,1250.0,nM,CCN(CC)C1CCN(c2ccc(Nc3ncc4cc5n(c4n3)C3(CCCCC3)CNC5=O)nc2)CC1,5.903089986991944
CHEMBL5976713,CDK2,1250.0,nM,Cc1nc2c(F)cc(-c3nc(Nc4ccc5c(n4)CCN(CC[N+](C)(C)[O-])C5)ncc3F)cc2n1C1CC1,5.903089986991944
CHEMBL5836560,CDK2,1250.0,nM,Cc1nc2c(F)cc(-c3nc(Nc4ccc5c(n4)CC[N+]([O-])(CC[N+](C)(C)[O-])C5)ncc3F)cc2n1C1CC1,5.903089986991944
CHEMBL4115060,CDK2,1250.0,nM,C[C@@H](O)CN1CCN(c2ccc(Nc3ncc4cc5n(c4n3)C3(CCCCC3)CNC5=O)nc2)CC1,5.903089986991944
CHEMBL340259,CDK1,1251.0,nM,O=C1NC(=O)C2=C1c1cn(c3ccccc13)CCOCCOCCOCCn1cc2c2ccccc21,5.90274269030658
CHEMBL5596044,CDK9,1255.0,nM,COc1cc(F)ccc1-c1cc(Nc2ccc(NC(=O)CCCCCCC(=O)Nc3ccccc3N)cc2)ncc1F,5.901356274182943
CHEMBL5088553,CDK9,1257.0,nM,Cc1nc2ccc(-c3cc(N)nc(N)c3)nc2n1C,5.900664722314042
CHEMBL3975020,CDK2,1260.0,nM,CC(C)N1CCN(c2ccc(Nc3ncc4cc5n(c4n3)C3(CCCCC3)CNC5=O)nn2)CC1,5.899629454882437
CHEMBL5170178,CDK4,1260.0,nM,Cc1ccc2c(c1)/C(=N/NC(=O)c1cc3ccccc3[nH]1)C(=O)N2,5.899629454882437
CHEMBL245335,CDK2,1264.0,nM,CCNC(=O)N1CCC[C@@H](Nc2ncc(Cl)c(-c3c[nH]c4ccccc34)n2)C1,5.898252926053633
CHEMBL5559473,CDK2,1264.5,nM,CCC(=O)Nc1ccc(CNc2nc(OC3CCN(C)CC3)nc3c(C(C)C)cnn23)cc1,5.898081166319576
CHEMBL4592358,CDK2,1270.0,nM,CC(C)C/C=N/c1c(C#N)c2n(c1C(=O)Nc1ccc(Br)cc1)CCC2,5.896196279044043
CHEMBL51709,CDK2,1280.0,nM,CN1CCC(c2c(O)cc(O)c3c2O/C(=C\c2ccccc2)C3=O)CC1,5.892790030352131
CHEMBL3986852,CDK2,1280.0,nM,O=C1NCC2(CCCCC2)n2c1cc1cnc(Nc3ccc(N4CCN(CC5CC5)CC4)cn3)nc12,5.892790030352131
CHEMBL249302,CDK1,1280.0,nM,COCc1cccc2[nH]c(-c3n[nH]c4ncc(-c5cncnc5)cc34)nc12,5.892790030352131
CHEMBL5647522,CDK2,1290.0,nM,Cc1nc(-c2c(C)nn3c(-c4ccccc4)ccnc23)no1,5.889410289700751
CHEMBL186204,CDK2,1294.0,nM,Cc1ccccc1C(=O)c1ccc2nc(N)c(C(=O)c3c(F)cccc3F)n2c1,5.888065723667319
CHEMBL5517798,CDK9,1296.5,nM,CC(C)c1cnn2c(NCc3ccc(N)cc3)nc(OC3CCN(C)CC3)nc12,5.88722747889463
CHEMBL5761367,CDK9,1300.0,nM,O=C(Nc1cc(-c2ccc3ncn(CC4CCOCC4)c3c2)c(Cl)cn1)C1CCS(=O)(=O)C12CNC2,5.886056647693163
CHEMBL6037261,CDK9,1300.0,nM,Fc1cccc(Cn2cnc3ccc(-c4cc(NC5CCC6CN(Cc7ccccc7)CC65)ncc4Cl)cc32)c1,5.886056647693163
CHEMBL130903,CDK1,1300.0,nM,CC(C)n1cnc2c(Nc3cccc(Br)c3)nc(I)nc21,5.886056647693163
CHEMBL485618,CDK4,1300.0,nM,CCn1c(-c2ccnc(Nc3ccc(S(=O)(=O)NCCOC)cc3)n2)cnc1C,5.886056647693163
CHEMBL338924,CDK1,1300.0,nM,CCC(C)(O)CCc1nc(NCc2ccccc2)c2ncn(C(C)C)c2n1,5.886056647693163
CHEMBL6028622,CDK9,1300.0,nM,Fc1cccc(Cn2cnc3ccc(-c4cc(NC[C@H]5C[C@H](F)CN5)ncc4Cl)cc32)c1,5.886056647693163
CHEMBL1234009,CDK2,1300.0,nM,c1ccc2c(c1)Cc1c-2n[nH]c1-c1ccncc1,5.886056647693163
CHEMBL5844950,CDK9,1300.0,nM,CCOC(=O)NS(=O)(=O)N1CCC[C@@H](C(=O)Nc2cc(-c3ccc4ncn(CC5CCOCC5)c4c3)c(Cl)cn2)C1,5.886056647693163
CHEMBL3668372,CDK9,1300.0,nM,COc1ccc(F)cc1-c1ccnc2[nH]c(C3CCCN3C(C)=O)cc12,5.886056647693163
CHEMBL3654243,CDK1,1300.0,nM,c1ncc(-c2cc3cnc(Nc4ccc(N5CCNCC5)cn4)nc3n2C2CCCC2)o1,5.886056647693163
CHEMBL3944510,CDK9,1300.0,nM,CN(CC(O)CO)C(=O)CN1CC=C(c2[nH]c3nccc4c3c2CN(C)c2ccc(F)cc2-4)C(C)(C)C1,5.886056647693163
CHEMBL438721,CDK1,1300.0,nM,NS(=O)(=O)c1ccc(N/N=C2\C(=O)Nc3ccccc32)cc1,5.886056647693163
CHEMBL318911,CDK1,1300.0,nM,O=C1Cc2c([nH]c3c(Br)cccc23)-c2ccccc2N1,5.886056647693163
CHEMBL2029906,CDK1,1300.0,nM,CN1CCN(C(=O)c2cc(Nc3ncc4cc(CO)n(C5CCCC5)c4n3)cn2C)CC1,5.886056647693163
CHEMBL5740119,CDK9,1300.0,nM,O=C(Nc1cc(-c2ccc3c(c2)N(Cc2cccc(C(F)(F)F)n2)CC3)c(Cl)cn1)C1CCCNC1,5.886056647693163
CHEMBL440163,CDK1,1300.0,nM,CC(C)n1cnc2c(Nc3ccc(Br)cc3)nc(I)nc21,5.886056647693163
CHEMBL5987043,CDK9,1300.0,nM,CC(C)C(=O)N1CCC2(C1)C(C(=O)Nc1cc(-c3ccc4ncn(Cc5cccc(F)c5)c4c3)c(Cl)cn1)CCS2(=O)=O,5.886056647693163
CHEMBL4450322,CDK2,1300.0,nM,C=CC(=O)Nc1ccc(C(=O)Nc2[nH]nc3c2CN(C(=O)N[C@H](CN(C)C)c2ccccc2)C3(C)C)cc1,5.886056647693163
CHEMBL98554,CDK1,1300.0,nM,O=C1Cc2c([nH]c3cc(Br)ccc23)-c2ccccc2N1,5.886056647693163
CHEMBL3799935,CDK2,1300.0,nM,Nc1ncc(-c2ccccc2)cc1-c1nc2ccccc2[nH]1,5.886056647693163
CHEMBL415789,CDK4,1300.0,nM,CSc1ccc(CC(=O)Nc2n[nH]c3ccc(N4CCCS4(=O)=O)cc23)cc1,5.886056647693163
CHEMBL3668357,CDK9,1300.0,nM,COC(=O)N1CCCC(c2cc3c(-c4cccc(NCc5ccccc5)n4)c(Cl)cnc3[nH]2)C1,5.886056647693163
CHEMBL490240,CDK2,1300.0,nM,O=C1NC(=O)c2ccc(C3CCCC3)cc2/C1=C/NCc1cc(O)c(-c2ccoc2)cn1,5.886056647693163
CHEMBL497398,CDK4,1300.0,nM,Oc1ccc2c(-c3ccnc(NC4CC4)n3)cnn2n1,5.886056647693163
CHEMBL1980391,CDK2,1330.0,nM,COc1cc2c(cc1F)C(c1ccccc1Cl)=Nc1c(n[nH]c1C)N2,5.876148359032914
CHEMBL254171,CDK4,1330.0,nM,O=C(Cc1ccc(-c2ccncc2)cc1)Nc1n[nH]c2ccc(N3CCCS3(=O)=O)cc12,5.876148359032914
CHEMBL5517798,CDK2,1333.0,nM,CC(C)c1cnn2c(NCc3ccc(N)cc3)nc(OC3CCN(C)CC3)nc12,5.875169850586141
CHEMBL5419338,CDK4,1337.0,nM,Sc1nnc(-c2c[nH]c3ccccc23)n1/N=C/c1ccc(Cl)cc1Cl,5.873868592738015
CHEMBL5556499,CDK2,1337.5,nM,CC(=O)Nc1ccc(CNc2nc(NC3CCNCC3)nc3c(C(C)C)cnn23)cc1,5.873706209306734
CHEMBL210765,CDK1,1340.0,nM,CN1CCN(CCC(=O)NS(=O)(=O)c2ccc(Nc3nc(N)n(C(=O)c4c(F)cccc4F)n3)cc2)CC1,5.872895201635192
CHEMBL5591779,CDK6,1345.5,nM,CC(=O)N[C@H]1CC[C@H](c2ncc(Cl)c(Nc3ccccc3S(=O)(=O)C(C)C)n2)CC1,5.871116297900226
CHEMBL3908669,CDK2,1350.0,nM,O=C1NCC2(CCCC2)n2c1cc1cnc(Nc3ccc(N4CCC(N5CCOCC5)CC4)cn3)nc12,5.8696662315049934
CHEMBL3668457,CDK2,1360.0,nM,COc1ccc(F)cc1-c1ccnc2[nH]c(C3=CCN(CC(O)CO)CC3)cc12,5.866461091629782
CHEMBL249095,CDK1,1360.0,nM,COCc1cccc2[nH]c(-c3n[nH]c4ncc(-c5cnc6ccccc6c5)cc34)nc12,5.866461091629782
CHEMBL6150020,CDK2,1363.0,nM,Clc1cnc2[nH]c(C3CCNCC3)nc2c1-c1cnn(CC2CC2)c1,5.865504144165326
CHEMBL2011931,CDK2,1370.0,nM,COc1ccc(-c2nc3c(NCCCNC(=O)C4CC4)c(Br)cnc3[nH]2)cc1,5.863279432843593
CHEMBL3702215,CDK4,1380.0,nM,COCCn1c2cnccc2c2cnc(Nc3ccc(N4CCC(N(C)C)CC4)nn3)nc21,5.860120913598763
CHEMBL3823914,CDK2,1380.0,nM,CC(=O)N1CCC(n2nc(C)c(Nc3ncc(Cl)c(-c4cnn5ccccc45)n3)c2C)CC1,5.860120913598763
CHEMBL4471850,CDK1,1380.0,nM,CC(C)c1cnn2c(NCc3ccccc3)cc(NC[C@]3(O)CCNC[C@H]3O)nc12,5.860120913598763
CHEMBL5091299,CDK6,1385.0,nM,COc1cnc(Nc2ccc(C(=O)N3CCNCC3)cn2)nc1-c1ccc2ncc(N(C)C)nc2c1,5.858550226599533
CHEMBL6189370,CDK1,1400.0,nM,CC(=O)O[C@@H]1CC(=O)c2coc3c2[C@@]1(C)c1ccc2c(c1C3=O)CCC2=O,5.853871964321762
CHEMBL100220,CDK1,1400.0,nM,COC(=O)Cn1c2c(c3cc(Br)ccc31)CC(=O)Nc1ccccc1-2,5.853871964321762
CHEMBL3663757,CDK9,1400.0,nM,CC(C)S(=O)(=O)N1CCCC(c2cc3c(-c4nc(NCc5ccccc5)ccc4Cl)ccnc3[nH]2)C1,5.853871964321762
CHEMBL2158865,CDK1,1400.0,nM,CNC(=O)Nc1ccc(-c2cc(-c3ccnc(Nc4ccc(Cl)c(S(=O)(=O)N(C)C)c4)n3)ccn2)cc1,5.853871964321762
CHEMBL3798762,CDK2,1400.0,nM,CN(C)C(=O)c1cccc(-c2cnc(N)c(-c3nc4cccc(N5CCNCC5)c4n3C)n2)c1,5.853871964321762
CHEMBL2029912,CDK1,1400.0,nM,CC(C)CCn1cc(-c2cc3cnc(Nc4cc(C(=O)N5CCN(C)CC5)n(C)c4)nc3n2C2CCCC2)cn1,5.853871964321762
CHEMBL318471,CDK1,1400.0,nM,O=C1Cc2c([nH]c3c(Cl)cccc23)-c2ccccc2N1,5.853871964321762
CHEMBL3909386,CDK9,1400.0,nM,CCC1c2c(C3=CCN(C(=O)OC(C)(C)C)CC3)[nH]c3nccc(c23)-c2cc(F)ccc2N1C,5.853871964321762
CHEMBL1240760,CDK1,1400.0,nM,OCCNC(=S)Nc1ccc(C(F)(F)F)cc1,5.853871964321762
CHEMBL233152,CDK2,1400.0,nM,Cc1cc(N2CCCS2(=O)=O)c2oc(-c3ccc(O)c(C#N)c3)c(O)c(=O)c2c1,5.853871964321762
CHEMBL5873253,CDK9,1400.0,nM,O=C(O)c1ccc(Cn2nnc3ccc(-c4cc(NC(=O)[C@@H]5CCCNC5)ncc4Cl)cc32)cc1,5.853871964321762
CHEMBL6049156,CDK9,1400.0,nM,O=C(Nc1cc(-c2ccc3ncn(CC4CCOCC4)c3c2)c(Cl)cn1)c1c[nH]cn1,5.853871964321762
CHEMBL5968902,CDK9,1400.0,nM,Fc1cccc(Cn2cnc3ccc(-c4cc(NCc5ncccn5)ncc4Cl)cc32)c1,5.853871964321762
CHEMBL5937239,CDK9,1400.0,nM,O=C(Nc1cc(-c2ccc3c(c2)N(Cc2ccc(-c4nn[nH]n4)cc2)CC3)c(Cl)cn1)C1CCCNC1,5.853871964321762
CHEMBL1630116,CDK2,1400.0,nM,Nc1ccccc1NC(=O)CCc1ccc(-c2ccc3ncnc(Nc4ccc(OCc5cccc(F)c5)c(Cl)c4)c3c2)cc1,5.853871964321762
CHEMBL5270781,CDK2,1400.0,nM,CC1CN(c2ccncc2NC(=O)c2ccnn3cc(-c4ccccc4)nc23)CCO1,5.853871964321762
CHEMBL271842,CDK1,1400.0,nM,Nc1ccc2c(c1)/C(=N/Nc1ccc(S(N)(=O)=O)cc1)C(=O)N2,5.853871964321762
CHEMBL5801490,CDK9,1400.0,nM,O=C(Nc1cc(-c2ccc3nc(C(F)(F)F)n(Cc4cccc(F)c4)c3c2)c(Cl)cn1)[C@@H]1CCCNC1,5.853871964321762
CHEMBL254170,CDK4,1400.0,nM,CS(=O)(=O)c1ccc(CC(=O)Nc2n[nH]c3ccc(N4CCCS4(=O)=O)cc23)cc1,5.853871964321762
CHEMBL5080497,CDK9,1407.0,nM,Cc1nc2ccc(-c3cc(N)nc(N)c3)nc2n1CCCC(F)(F)F,5.8517059025652545
CHEMBL212264,CDK1,1410.0,nM,Nc1nc(Nc2ccc(S(=O)(=O)NC(=O)[C@H](N)CO)cc2)nn1C(=O)c1c(F)cccc1F,5.85078088734462
CHEMBL301138,CDK2,1410.0,nM,Cn1cc(C2=C(c3coc4ccccc34)C(=O)NC2=O)c2ccccc21,5.85078088734462
CHEMBL4203994,CDK1,1413.0,nM,CCN1CCC(C(C)c2cnc(Nc3cc(-c4cc(F)c5nc(C)n(C(C)C)c5c4)ncn3)cn2)CC1,5.849857838151442
CHEMBL5092606,CDK6,1416.5,nM,CN(C)C(=O)c1ccc(Nc2ncc(C(F)(F)F)c(N[C@H]3CC[C@@H](N)CC3)n2)cc1,5.848783421143544
CHEMBL5089164,CDK1,1416.5,nM,Cn1ccc2cc(Nc3ncc(C(F)(F)F)c(N[C@H]4CC[C@@H](N)CC4)n3)ccc2c1=O,5.848783421143544
CHEMBL609040,CDK4,1420.0,nM,O=C1Nc2cc3c(O)cccc3c3c4c(cc1c23)OCO4,5.847711655616943
CHEMBL5598116,CDK9,1423.0,nM,CCCNNC(=O)c1ccc(Cn2cc(Nc3ncc(Cl)c(-c4cnc5ccccn45)n3)cn2)cc1,5.846795099915716
CHEMBL4083249,CDK9,1430.0,nM,C[C@@H](c1ccc(F)cc1)n1nnc2cnc3ccc(-c4ccc5ocnc5c4)cc3c21,5.844663962534938
CHEMBL3125721,CDK2,1450.0,nM,COc1ccc(-c2nc3c(NCCCNC(=O)C4CCCC4)c(-c4nc(C(N)=O)cs4)cnc3[nH]2)cc1,5.838631997765026
CHEMBL16171,CDK2,1460.0,nM,COc1c(O)cc(O)c2c(=O)cc(-c3ccccc3)oc12,5.835647144215563
CHEMBL3919361,CDK2,1460.0,nM,O=C1NCC2(CCCCC2)n2c1cc1cnc(Nc3ccc(N4CCC(N5CCOCC5)CC4)cn3)nc12,5.835647144215563
CHEMBL3894204,CDK2,1460.0,nM,CN(C)C1CCN(c2ccc(Nc3ncc4cc5n(c4n3)C3(CCCCC3)CNC5=O)nn2)CC1,5.835647144215563
CHEMBL5177698,CDK1,1470.0,nM,CNc1nc(C(=O)/C=C/c2ccc(OC)cc2)c(C)s1,5.8326826652518236
CHEMBL5757213,CDK2,1490.0,nM,Cc1nc2c(F)cc(-c3nc(Nc4ccc5c(n4)CCN(CCCN(C)C)C5)ncc3F)cc2n1C1CC1,5.826813731587726
CHEMBL1242973,CDK2,1500.0,nM,COC(=O)[C@@]1(Cc2ccc(O)c(CC=C(C)C)c2)OC(=O)C(O)=C1c1ccc(O)cc1,5.823908740944319
CHEMBL6041765,CDK9,1500.0,nM,CN(CCNc1cc(-c2ccc3ncn(Cc4cccc(F)c4)c3c2)c(Cl)cn1)Cc1ccccc1,5.823908740944319
CHEMBL115125,CDK2,1500.0,nM,Cc1cc(NC(=O)c2ccccc2)n[nH]1,5.823908740944319
CHEMBL1242367,CDK4,1500.0,nM,CCNc1cc(N[C@H]2CC[C@@H](O)CC2)nc(Nc2ccc3c(ccn3Cc3ccccc3)c2)n1,5.823908740944319
CHEMBL6038748,CDK9,1500.0,nM,Fc1cccc(Cn2cnc3ccc(-c4cc(NC[C@H]5CCN5)ncc4Cl)cc32)c1,5.823908740944319
CHEMBL458926,CDK2,1500.0,nM,CC(C)Nc1cc(Cl)nc2c(C#N)cnn12,5.823908740944319
CHEMBL372247,CDK1,1500.0,nM,OCC(O)CNc1[nH]cnc2nc(-c3ccccc3)c(-c3ccccc3)c1-2,5.823908740944319
CHEMBL457979,CDK4,1500.0,nM,Cc1ncc(-c2ccnc(Nc3ccc(S(=O)(=O)Cc4ccccc4)cc3)n2)n1C(C)C,5.823908740944319
CHEMBL5876771,CDK9,1500.0,nM,Fc1cccc(Cn2cnc3ccc(-c4cc(NC5CC6CCCC(C5)N6CC5CC5)ncc4Cl)cc32)c1,5.823908740944319
CHEMBL3702214,CDK6,1500.0,nM,COCCn1c2cnccc2c2cnc(Nc3ccc(N4CCC(N(C)C)CC4)cn3)nc21,5.823908740944319
CHEMBL5982633,CDK9,1500.0,nM,O=C(Nc1cc(-c2ccc3ncn(CC4CCOCC4)c3c2)c(Cl)cn1)C1CCS(=O)(=O)C12CCNC2,5.823908740944319
CHEMBL5975923,CDK9,1500.0,nM,O=C(Nc1cc(-c2ccc3ncn(CC4CCOCC4)c3c2)c(Cl)cn1)C1=CCCNC1,5.823908740944319
CHEMBL59073,CDK2,1500.0,nM,COc1ccc2c(c1)NC(=O)/C2=C\c1[nH]cc2c1CCOC2=O,5.823908740944319
CHEMBL234065,CDK1,1500.0,nM,COc1ccc(-c2nc(Nc3ccc(CCO)cc3)ncc2C#N)cc1,5.823908740944319
CHEMBL455194,CDK9,1500.0,nM,CC1CC(C(=O)Nc2ncc(SCc3ncc(C(C)(C)C)o3)s2)CCN1,5.823908740944319
CHEMBL362814,CDK4,1500.0,nM,CN(C)C(=O)N1CCn2cc(C3=C(c4cnc5ccccn45)C(=O)NC3=O)c3cccc(c32)C1,5.823908740944319
CHEMBL3701062,CDK2,1500.0,nM,Cc1nccc(-c2ccc(C(=O)N3CCOCC3)c(Cl)c2)c1C#Cc1ccc(N)nc1,5.823908740944319
CHEMBL116047,CDK2,1500.0,nM,O=C(Nc1cc(C2CC2)[nH]n1)c1ccccc1Br,5.823908740944319
CHEMBL3589672,CDK9,1500.0,nM,O=C(O)c1nc2ccc(I)cc2c2[nH]c3c(Br)cccc3c12,5.823908740944319
CHEMBL3589666,CDK9,1500.0,nM,COc1ccc2c(c1)nc(C(=O)O)c1c3cccc(Br)c3[nH]c21,5.823908740944319
CHEMBL5787317,CDK9,1500.0,nM,O=C(Nc1cc(-c2ccc3ncn(-c4cccc(F)c4)c3c2)c(Cl)cn1)[C@H]1[C@@H]2CN(C(=O)Oc3ccccc3)C[C@@H]21,5.823908740944319
CHEMBL232743,CDK2,1500.0,nM,Cc1cc(N2C(=O)CCC2=O)c2oc(-c3ccc(O)c(O)c3)c(O)c(=O)c2c1,5.823908740944319
CHEMBL573108,CDK2,1500.0,nM,CC(C)(C(N)=O)C(=O)NCCCNc1nc(Nc2cccc(NC(=O)N3CCCC3)c2)ncc1Br,5.823908740944319
CHEMBL3668405,CDK9,1500.0,nM,CN1CCC(c2cc3c(-c4nc(Nc5nc(N)ccc5Cl)ccc4Cl)ccnc3[nH]2)CC1,5.823908740944319
CHEMBL3915889,CDK2,1500.0,nM,O=C1NCC2(CCCCC2)n2c1cc1cnc(Nc3ccc(N4CCC(N5CCCCC5)CC4)cn3)nc12,5.823908740944319
CHEMBL248176,CDK2,1517.0,nM,CCNC(=O)N1CCC(Nc2ncc(Cl)c(-c3c[nH]c4ccccc34)n2)CC1,5.81901441921327
CHEMBL3956661,CDK2,1520.0,nM,CC1(C)CN(c2ccc(Nc3ncc4cc5n(c4n3)C3(CCCCC3)CNC5=O)nc2)CCN1CC1CC1,5.818156412055227
CHEMBL3824296,CDK2,1520.0,nM,Cc1nn(C2CCNCC2)c(C)c1Nc1ncc(Cl)c(-c2cnn3ccccc23)n1,5.818156412055227
CHEMBL4459754,CDK1,1520.0,nM,CC(C)c1cnn2c(NCc3ccccc3)cc(NC[C@@H]3CCNC[C@H]3O)nc12,5.818156412055227
CHEMBL3301610,CDK1,1523.0,nM,CCN1CCN(Cc2ccc(Nc3ncc(F)c(-c4cc(F)c5nc(C)n(C(C)C)c5c4)n3)nc2)CC1,5.817300096663957
CHEMBL5558604,CDK2,1526.5,nM,CC(C)c1cnn2c(NCc3ccc(NC(=O)CCCCCCO)cc3)nc(OC3CCN(C)CC3)nc12,5.81630319136532
CHEMBL233225,CDK1,1540.0,nM,Clc1cnc(Nc2ccc(CCN3CCCC3)cc2)nc1-c1ccc2cc[nH]c2c1,5.8124792791635365
CHEMBL5571632,CDK1,1541.0,nM,CC#Cc1nc2c(C(=O)N3CCn4ncnc4C3)c(N)n(-c3c(C)ccc(O)c3C)c2nc1C,5.81219736128158
CHEMBL6141840,CDK1,1548.0,nM,COCCN1CCC(c2cc3c(-c4cnn(CC5CC5)c4)c(Cl)cnc3[nH]2)CC1,5.810229043653126
CHEMBL378420,CDK1,1550.0,nM,Nc1nc(Nc2ccc(S(=O)(=O)NC(=O)CCN3CCOCC3)cc2)nn1C(=O)c1c(F)cccc1F,5.809668301829708
CHEMBL364172,CDK4,1553.0,nM,N#C/C=C(/c1ccc2nc(N)c(C(=O)c3c(F)cccc3F)n2c1)c1c(F)cccc1F,5.808828544271441
CHEMBL3691599,CDK4,1566.0,nM,CN(C)C(=O)c1cc2cnc(Nc3ccc(C(=O)N4CC5CCC(C4)N5)cn3)nc2n1C1CCN(C(C)(C)C)CC1,5.805208242278075
CHEMBL4744627,CDK9,1570.0,nM,C=CC(=O)N1CCc2cc(S(=O)(=O)N3CCCC(Nc4ncc(SCc5ncc(C(C)(C)C)o5)s4)C3)ccc21,5.804100347590767
CHEMBL3890659,CDK2,1580.0,nM,CCN(CC)C1CCN(C2CCN(c3ccc(Nc4ncc5cc6n(c5n4)C4(CCCCC4)CNC6=O)nc3)CC2)C1,5.801342913045577
CHEMBL5597396,CDK2,1587.0,nM,O=C(CCCCCn1cc(Nc2ncc(Cl)c(-c3cnc4ccccn34)n2)cn1)NO,5.799423073245151
CHEMBL5746737,CDK9,1600.0,nM,O=C(Nc1cc(-c2ccc3ncn(Cc4cccc(F)c4)c3c2)c(Cl)cn1)C1CCS(=O)(=O)C12CCN(S(=O)(=O)c1ccccc1)C2,5.795880017344075
CHEMBL232934,CDK2,1600.0,nM,Cc1cc(N2CCCC2=O)c2oc(-c3ccc(O)c(O)c3)c(O)c(=O)c2c1,5.795880017344075
CHEMBL457208,CDK2,1600.0,nM,O=C(Cc1ccccc1)Nc1c[nH]nc1C(=O)Nc1ccc(F)cc1,5.795880017344075
CHEMBL445757,CDK4,1600.0,nM,CC(C)Oc1ccc2c(-c3ccnc(NC4CC4)n3)cnn2n1,5.795880017344075
CHEMBL5911482,CDK9,1600.0,nM,Cc1nnc(CNc2cc(-c3ccc4ncn(Cc5cccc(F)c5)c4c3)c(Cl)cn2)[nH]1,5.795880017344075
CHEMBL2035054,CDK2,1600.0,nM,CN1C/C=C/COCc2ccc(o2)-c2ccnc(n2)Nc2ccc(OCCN3CCCC3)c(c2)C1,5.795880017344075
CHEMBL3663760,CDK2,1600.0,nM,COc1cc(F)ccc1-c1ccnc2[nH]c(C3CCNCC3)cc12,5.795880017344075
CHEMBL99037,CDK1,1600.0,nM,O=C1Cc2c([nH]c3ccc(F)cc23)-c2ccccc2N1,5.795880017344075
CHEMBL3891725,CDK9,1600.0,nM,CN1Cc2c(C3=CCN(CC(=O)O)CC3(C)C)[nH]c3nccc(c23)-c2cc(F)ccc21,5.795880017344075
CHEMBL319467,CDK4,1600.0,nM,NS(=O)(=O)c1ccc(Nc2nc(OCC3CCCCC3)c3nc[nH]c3n2)cc1,5.795880017344075
CHEMBL508506,CDK9,1600.0,nM,CC1NCCCC1C(=O)Nc1ncc(SCc2ncc(C(C)(C)C)o2)s1,5.795880017344075
CHEMBL3651157,CDK1,1600.0,nM,COc1ccc2cc3c(nc2c1)C1=C([Si](C)(C)C)C(=O)CC1CC3O,5.795880017344075
CHEMBL214329,CDK1,1600.0,nM,CN1CCN(c2ccc(Nc3ncc4ccn(C5CCCCC5)c4n3)cc2)CC1,5.795880017344075
CHEMBL4765079,CDK9,1600.0,nM,CC(=O)N[C@@H]1CCC[C@H](C(=O)Nc2cc(-c3cnc4ccccn34)c(Cl)cn2)C1,5.795880017344075
CHEMBL5853237,CDK9,1600.0,nM,CN(C)C(C)(C)CNc1cc(-c2ccc3ncn(Cc4cccc(F)c4)c3c2)c(Cl)cn1,5.795880017344075
CHEMBL231928,CDK2,1600.0,nM,CCN(CC)c1cc(C)cc2c(=O)c(O)c(-c3ccc(O)c(O)c3)oc12,5.795880017344075
CHEMBL477064,CDK2,1600.0,nM,CCCOc1cnc(CN/C=C2\C(=O)NC(=O)c3ccc(I)cc32)cc1O,5.795880017344075
CHEMBL243017,CDK1,1600.0,nM,CC(C)(N)c1ccc(-c2nc(Nc3ccc(CCO)cc3)ncc2C#N)cc1,5.795880017344075
CHEMBL254979,CDK4,1600.0,nM,O=C(Cc1ccc2ccccc2c1)Nc1n[nH]c2ccc(N3CCCS3(=O)=O)cc12,5.795880017344075
CHEMBL1234009,CDK1,1600.0,nM,c1ccc2c(c1)Cc1c-2n[nH]c1-c1ccncc1,5.795880017344075
CHEMBL346119,CDK2,1600.0,nM,O=c1c(O)cc([C@H]2Oc3cc(O)cc(O)c3C[C@H]2O)cc2c([C@H]3Oc4cc(O)cc(O)c4C[C@H]3O)cc(O)c(O)c12,5.795880017344075
CHEMBL392306,CDK1,1610.0,nM,CN1CCN(CCc2ccc(Nc3ncc(Cl)c(-c4ccc(C(C)(C)N)cc4)n3)cc2)CC1,5.79317412396815
CHEMBL341110,CDK2,1610.0,nM,Cn1cc(C2=C(c3cn(CC(O)CO)c4ccccc34)C(=O)NC2=O)c2ccccc21,5.79317412396815
CHEMBL3966804,CDK2,1620.0,nM,CCN(CC)C1CCN(c2ccc(Nc3ncc4cc5n(c4n3)C3(CCCC3)CNC5=O)nc2)CC1,5.790484985457369
CHEMBL3702235,CDK4,1630.0,nM,CC[C@H](C)n1c2cnccc2c2cnc(Nc3ccc(N4CCC(NC)CC4)cn3)nc21,5.787812395596042
CHEMBL3691566,CDK4,1630.0,nM,CNC(=O)c1cc2cnc(Nc3ccc(C(=O)N4CC5CCC(C4)N5)cn3)nc2n1C1CCCC1,5.787812395596042
CHEMBL3891784,CDK2,1660.0,nM,CC(C)N1CCN(Cc2ccc(Nc3ncc4cc5n(c4n3)C3(CCCCC3)CNC5=O)nc2)CC1,5.779891911959945
CHEMBL4519886,CDK1,1660.0,nM,CC(C)c1cnn2c(NCc3ccccc3)cc(NCC3CCNCC3)nc12,5.779891911959945
CHEMBL3894860,CDK2,1660.0,nM,CN1CCN(c2ccc(Nc3ncc4cc5n(c4n3)C3(CCCCC3)CNC5=O)nc2)CC1,5.779891911959945
CHEMBL210581,CDK1,1660.0,nM,COCCOCC(=O)NS(=O)(=O)c1ccc(Nc2nc(N)n(C(=O)c3c(F)cccc3F)n2)cc1,5.779891911959945
CHEMBL4211162,CDK1,1671.1,nM,CCN1CCN(Cc2ccc(Nc3cc(-c4cc(F)c5nc(C)n(C(C)C)c5c4)c(F)cn3)nn2)CC1,5.7769975607895905
CHEMBL3823929,CDK2,1680.0,nM,CC(=O)N1CCC(n2nc(C)c(Nc3ncc(Cl)c(-c4cnc5ccccn45)n3)c2C)CC1,5.774690718274137
CHEMBL3947713,CDK2,1680.0,nM,CC1(C)CN(c2ccc(Nc3ncc4cc5n(c4n3)C3(CCCCC3)CNC5=O)nc2)CCN1C1CC1,5.774690718274137
CHEMBL185914,CDK2,1691.0,nM,Nc1nc2ccc(/C(=C/c3nn[nH]n3)c3c(F)cccc3F)cn2c1C(=O)c1c(F)cccc1F,5.771856392402258
CHEMBL2029913,CDK1,1700.0,nM,CN1CCN(C(=O)c2cc(Nc3ncc4cc(-c5ccnn5C)n(C5CCCC5)c4n3)cn2C)CC1,5.769551078621726
CHEMBL210540,CDK2,1700.0,nM,Cc1cc(-c2cnc(Nc3cnc(CN4CCN(C)CC4)cn3)s2)nc(OC2CCCCC2)n1,5.769551078621726
CHEMBL233153,CDK2,1700.0,nM,Cc1cc(N2CCCS2(=O)=O)c2oc(-c3ccc(O)c(C(F)(F)F)c3)c(O)c(=O)c2c1,5.769551078621726
CHEMBL271137,CDK1,1700.0,nM,NS(=O)(=O)c1ccc(N/C=C2\C(=O)Nc3cccc(CO)c32)cc1,5.769551078621726
CHEMBL6054113,CDK9,1700.0,nM,NC1(C(=O)Nc2cc(-c3ccc4ncn(CC5CCOCC5)c4c3)c(Cl)cn2)CCCC1,5.769551078621726
CHEMBL3798066,CDK1,1700.0,nM,CN(C)C(=O)c1cccc(-c2cnc(N)c(-c3nc4cccc(N5CCNCC5)c4[nH]3)n2)c1,5.769551078621726
CHEMBL390186,CDK1,1700.0,nM,N#Cc1cnc(Nc2ccc(CCO)cc2)nc1-c1cc2ccccc2[nH]1,5.769551078621726
CHEMBL271822,CDK1,1700.0,nM,COc1ccc2c(c1Cl)/C(=N/Nc1ccc(S(N)(=O)=O)cc1)C(=O)N2,5.769551078621726
CHEMBL178737,CDK4,1700.0,nM,O=C1NC(=O)C(c2cnc3ccccn23)=C1c1cn2c3c(cccc13)CN(C(=O)N1CCOCC1)CC2,5.769551078621726
CHEMBL3651156,CDK1,1700.0,nM,COc1ccc2nc3c(cc2c1)C(O)CC1CC(=O)C([Si](C)(C)C)=C31,5.769551078621726
CHEMBL3651158,CDK1,1700.0,nM,COc1cc2cc3c(nc2cc1OC)C1=C([Si](C)(C)C)C(=O)CC1CC3O,5.769551078621726
CHEMBL2012404,CDK1,1700.0,nM,CN(C)C(=O)[C@@H]1CCCN1C(=O)c1cc(Nc2ncc3cnn([C@@H]4C[C@H]5C[C@H]5C4)c3n2)cn1C,5.769551078621726
CHEMBL28,CDK6,1700.0,nM,O=c1cc(-c2ccc(O)cc2)oc2cc(O)cc(O)c12,5.769551078621726
CHEMBL5755607,CDK1,1702.0,nM,Cc1nc2c(F)cc(-c3nc(Nc4ccc5c(n4)CCN(CCN=C(N)N)C5)ncc3F)cc2n1C(C)C,5.769040444251431
CHEMBL4446626,CDK1,1702.0,nM,Cc1nc2c(F)cc(-c3nc(Nc4ccc5c(n4)CCN(CCN(C)C)C5)ncc3F)cc2n1C1CCCC1,5.769040444251431
CHEMBL185914,CDK4,1703.0,nM,Nc1nc2ccc(/C(=C/c3nn[nH]n3)c3c(F)cccc3F)cn2c1C(=O)c1c(F)cccc1F,5.7687853520373995
CHEMBL5091949,CDK6,1705.0,nM,CC(C)N1CCN(C(=O)c2ccc(Nc3nccc(-c4ccc5ncc(N(C)C)nc5c4)n3)nc2)CC1,5.768275616671484
CHEMBL183362,CDK2,1711.0,nM,Nc1nc2ccc(C(=O)c3c(F)cccc3F)cn2c1C(=O)c1ccc(Cl)cc1,5.7667499904589
CHEMBL4562323,CDK9,1711.0,nM,CC(C)c1cnn2c(NCc3ccccc3-n3cccn3)nc(OC3CCCNC3)nc12,5.7667499904589
CHEMBL5598317,CDK2,1711.0,nM,O=C(CCCCCCn1cc(Nc2ncc(Cl)c(-c3cnc4ccccn34)n2)cn1)NO,5.7667499904589
CHEMBL5598338,CDK9,1723.0,nM,CCCNNC(=O)CCCCCn1cc(Nc2ncc(Cl)c(-c3cnc4ccc(-c5ccccc5)cn34)n2)cn1,5.763714722551971
CHEMBL519795,CDK2,1730.0,nM,CN1CCN(c2cccc3[nH]c(-c4n[nH]c5cc(-c6ccc(N)c(F)c6)ccc45)nc23)CC1,5.761953896871205
CHEMBL5647234,CDK2,1730.0,nM,Cc1nn2c(-c3ccccc3)ccnc2c1/C(N)=N/O,5.761953896871205
CHEMBL255718,CDK4,1750.0,nM,O=C(Cc1ccc(O)cc1)Nc1n[nH]c2ccc(N3CCCS3(=O)=O)cc12,5.756961951313706
CHEMBL3918318,CDK2,1760.0,nM,C[C@H]1CN(c2ccc(Nc3ncc4cc5n(c4n3)C3(CCCCC3)CNC5=O)nc2)CCN1,5.75448733218585
CHEMBL234625,CDK1,1770.0,nM,CN(C)CCc1ccc(Nc2ncc(Cl)c(-c3ccc4cc[nH]c4c3)n2)cc1,5.752026733638193
CHEMBL5557963,CDK4,1771.0,nM,CCC(=O)Nc1ccc(CNc2nc(NC3CCOCC3)nc3c(C(C)C)cnn23)cc1,5.751781438809925
CHEMBL3684987,CDK4,1790.0,nM,COc1cc2c3cnc(Nc4ccc5c(n4)CCNC5)nc3n([C@H]3CC[C@H](C)CC3)c2cn1,5.747146969020107
CHEMBL5284490,CDK2,1790.0,nM,Cc1ccc(S(=O)(=O)Nc2ccc(-c3ccnc(Nc4ccc(S(=O)(=O)Nc5nccc(C)n5)cc4)c3C#N)cc2)cc1,5.747146969020107
CHEMBL401603,CDK2,1800.0,nM,CCCN(CCC)c1ccc2[nH]nc(NC(=O)Cc3ccccc3)c2c1,5.7447274948966935
CHEMBL402158,CDK4,1800.0,nM,O=C(Cc1cccc(Br)c1)Nc1n[nH]c2ccc(N3CCCS3(=O)=O)cc12,5.7447274948966935
CHEMBL362558,CDK4,1800.0,nM,O=C1NC(=O)C(c2cnc3ccccn23)=C1c1cn2c3c(cc(F)cc13)CN(C(=O)N1CCCCC1)CC2,5.7447274948966935
CHEMBL458420,CDK2,1800.0,nM,O=C(Nc1ccccc1)Nc1c[nH]nc1-c1nc2cc(CN3CCOCC3)ccc2[nH]1,5.7447274948966935
CHEMBL6031376,CDK9,1800.0,nM,O=S1(=O)CCC(Nc2cc(-c3ccc4ncn(Cc5cccc(F)c5)c4c3)c(Cl)cn2)C12CNC2,5.7447274948966935
CHEMBL5976034,CDK9,1800.0,nM,O=C(Nc1cc(-c2ccc3ncn(Cc4cccc(F)c4)c3c2)c(Cl)cn1)C1CCS(=O)(=O)C12CCN(C(=O)c1ccccc1)C2,5.7447274948966935
CHEMBL5933080,CDK9,1800.0,nM,COCc1cn(Cc2cccc(F)c2)c2cc(-c3cc(NC(=O)[C@@H]4CCCNC4)ncc3Cl)cnc12,5.7447274948966935
CHEMBL3085234,CDK1,1800.0,nM,COc1ccccc1CNc1nc(N2CCC[C@@H]2CO)nc2c1ncn2C(C)C,5.7447274948966935
CHEMBL336242,CDK1,1800.0,nM,O=C(Nc1cc(CN[C@H]2Cc3ccc(Cl)cc3C2)n[nH]1)Nc1cccc2c1[C@@H]1CCCN1C2=O,5.7447274948966935
CHEMBL4297488,CDK1,1800.0,nM,CC(C)c1cnn2c(NCc3ccccc3)cc(NC[C@H]3CCNC[C@@H]3O)nc12,5.7447274948966935
CHEMBL204054,CDK2,1800.0,nM,Brc1cccc(-c2cc(NCc3ccncc3)n3nccc3n2)c1,5.7447274948966935
CHEMBL5279871,CDK2,1800.0,nM,Nc1c([N+](=O)[O-])cnc(NC2CCCCC2)c1[N+](=O)[O-],5.7447274948966935
CHEMBL256558,CDK4,1800.0,nM,Cc1ccc(CC(=O)Nc2n[nH]c3ccc(N4CCCS4(=O)=O)cc23)cc1,5.7447274948966935
CHEMBL5092606,CDK1,1812.5,nM,CN(C)C(=O)c1ccc(Nc2ncc(C(F)(F)F)c(N[C@H]3CC[C@@H](N)CC3)n2)cc1,5.7417219847569685
CHEMBL3421967,CDK2,1819.0,nM,COc1cc(N2CCN(C)CC2)ccc1Nc1nccc(-c2c[nH]c3cnccc23)n1,5.740167300936516
CHEMBL4850687,CDK9,1834.0,nM,CC(=O)c1c(C)c2cnc(Nc3ccc(N4CCN(C(=O)CCl)CC4)cn3)nc2n(C2CCCC2)c1=O,5.736600668665998
CHEMBL5094409,CDK9,1837.0,nM,Cc1nc2ccc(-c3cc(N)nc(N)c3)nc2n1C(C)(C)C,5.735890843694191
CHEMBL523113,CDK2,1840.0,nM,Cn1cc(C2=C(c3coc4ccc(F)cc34)C(=O)NC2=O)c2cc(Cl)ccc21,5.735182176990463
CHEMBL5592738,CDK9,1847.0,nM,COc1ccccc1Nc1nc(N[C@H]2CC[C@H](N)CC2)ncc1Cl,5.733533104559759
CHEMBL5273636,CDK2,1850.0,nM,CCOC(=O)c1cnn2c(-c3ccc(Cl)cc3)nc(NCc3ccccc3)nc12,5.732828271596986
CHEMBL48362,CDK4,1870.0,nM,CN1CCC(c2c(O)cc(O)c3c2O/C(=C\c2ccc(S(N)(=O)=O)cc2)C3=O)CC1,5.7281583934635005
CHEMBL3673435,CDK1,1877.0,nM,COc1cc(F)ccc1-c1ccnc(NC(=O)C2CCC(NC(C)=O)C2)c1,5.7265357273786535
CHEMBL3961115,CDK2,1890.0,nM,CCOCCN1CCN(c2ccc(Nc3ncc4cc5n(c4n3)C3(CCCC3)CNC5=O)nc2)CC1,5.723538195826755
CHEMBL5570485,CDK1,1892.0,nM,Cc1ccc(O)c(C)c1-n1c(N)c(C(=O)N2CCn3nccc3C2)c2nc(C)c(C3CCN(C)CC3)nc21,5.723078867934226
CHEMBL365046,CDK4,1894.0,nM,Nc1nc2ccc(C(=O)c3c(F)cccc3F)cn2c1C(=S)c1ccccc1,5.722620025332745
CHEMBL245733,CDK2,1895.0,nM,CC1CCN(C(=O)N2CCC(Nc3ncc(Cl)c(-c4c[nH]c5ccccc45)n3)CC2)CC1,5.722390785695909
CHEMBL248108,CDK1,1900.0,nM,NC1CCN(Cc2ccn3ncnc(Nc4ccc5c(cnn5Cc5cccc(F)c5)c4)c23)CC1,5.721246399047171
CHEMBL5813591,CDK9,1900.0,nM,CN1CCC(Nc2cc(-c3ccc4ncn(Cc5cccc(F)c5)c4c3)c(Cl)cn2)C1,5.721246399047171
CHEMBL5598242,CDK2,1900.0,nM,CN(C)C(=O)c1ccc(Nc2cc3c(cn2)cc(C(=O)N(C)C)n3C(=O)OC(C)(C)C)c(Cl)c1,5.721246399047171
CHEMBL4573345,CDK1,1900.0,nM,CCOC(=O)Sc1cnc(NC(C)=O)s1,5.721246399047171
CHEMBL234275,CDK1,1900.0,nM,N#Cc1cnc(Nc2ccc(CCO)cc2)nc1-c1ccc(S(N)(=O)=O)cc1,5.721246399047171
CHEMBL1630113,CDK2,1900.0,nM,Nc1ccccc1NC(=O)/C=C/c1ccc(-c2ccc3ncnc(Nc4ccc(OCc5cccc(F)c5)c(Cl)c4)c3c2)o1,5.721246399047171
CHEMBL489629,CDK2,1900.0,nM,CC(C)(C)c1ccc2c(c1)/C(=C/NCc1cc(O)c(-c3ccoc3)cn1)C(=O)NC2=O,5.721246399047171
CHEMBL6001101,CDK9,1900.0,nM,O=C(Nc1cc(-c2ccc3ncn(Cc4cccc(F)c4)c3c2)c(Cl)cn1)C1CCS(=O)(=O)C12CCN(C(=O)C1CCCCC1)C2,5.721246399047171
CHEMBL5091510,CDK9,1900.0,nM,Cc1nc(OCc2ccsc2)c2c(-c3ccnc(N)c3)c[nH]c2n1,5.721246399047171
CHEMBL5914044,CDK9,1900.0,nM,O=C(Nc1cc(-c2ccc3ncn(CC4CCOCC4)c3c2)c(Cl)cn1)c1ccncc1,5.721246399047171
CHEMBL5558916,CDK9,1905.0,nM,CC(=O)Nc1ccc(CNc2cc(NC3CCOCC3)nc3c(C(C)C)cnn23)cc1,5.720105019988361
CHEMBL3901454,CDK2,1920.0,nM,C[C@H]1CN(c2ccc(Nc3ncc4cc5n(c4n3)C3(CCCCC3)CNC5=O)nc2)CCN1C,5.71669877129645
CHEMBL46181,CDK4,1920.0,nM,CN1CCC(c2c(O)cc(O)c3c2O/C(=C\c2ccc(N4CCN(C)CC4)cc2)C3=O)CC1,5.71669877129645
CHEMBL3955667,CDK2,1920.0,nM,C[C@H](O)CN1CCN(c2ccc(Nc3ncc4cc5n(c4n3)C3(CCCCC3)CNC5=O)nc2)C[C@@H]1C,5.71669877129645
CHEMBL362774,CDK2,1927.0,nM,Nc1nc2ccc(C(=O)c3ccccc3)cn2c1C(=O)c1c(F)cccc1F,5.715118285344547
CHEMBL5073976,CDK9,1952.0,nM,Cc1nc2ccc(-c3cc(N)nc(N)c3)nc2n1CCc1ccco1,5.709520186669327
CHEMBL6133027,CDK9,1965.0,nM,COc1cc(F)ccc1-c1cc(NC(=O)N2CCN(C(=O)c3cc(Cc4n[nH]c(=O)c5ccccc45)ccc3F)CC2)ncc1F,5.706637445288555
CHEMBL184115,CDK4,1973.0,nM,COc1ccccc1C(=O)c1c(N)nc2ccc(C(=O)c3c(F)cccc3F)cn12,5.704872914747809
CHEMBL3691596,CDK1,1992.0,nM,CN(C)C(=O)c1cc2cnc(Nc3ccc(C(=O)N4CC5CCC(C4)N5)cn3)nc2n1-c1cccc(C(C)(C)C)c1,5.70071066591232
CHEMBL3421966,CDK2,1995.0,nM,COc1cc(N2CCN(C(C)=O)CC2)ccc1Nc1nccc(-c2c[nH]c3cnccc23)n1,5.700057099977233
CHEMBL99948,CDK4,2000.0,nM,Cc1ccc(Cl)c(Nc2ccnc(Nc3ccc(OCC(O)CN(C)C)cc3)n2)c1,5.698970004336019
CHEMBL317964,CDK1,2000.0,nM,Cc1ccc2[nH]c3c(c2c1)CC(=O)Nc1ccccc1-3,5.698970004336019
CHEMBL322019,CDK2,2000.0,nM,C#CCN(c1ccnc(Nc2ccc(OCC(O)CN(C)C)cc2)n1)c1cc(Cl)ccc1Cl,5.698970004336019
CHEMBL1257080,CDK2,2000.0,nM,Cc1nc(/N=N/c2ccc(C(=O)[O-])cc2)c(COP(=O)([O-])[O-])c(C=O)c1O.[Na+].[Na+].[Na+],5.698970004336019
CHEMBL402370,CDK4,2000.0,nM,O=C(Cc1ccc(Br)cc1)Nc1n[nH]c2ccc(N3CCCS3(=O)=O)cc12,5.698970004336019
CHEMBL101468,CDK2,2000.0,nM,Cc1ccc(F)c(Nc2ccnc(Nc3ccc(OCC(O)CN(C)C)cc3)n2)c1,5.698970004336019
CHEMBL234067,CDK1,2000.0,nM,N#Cc1cnc(Nc2ccc(CCO)cc2)nc1-c1ccc(Br)cc1,5.698970004336019
CHEMBL100675,CDK4,2000.0,nM,Cc1ccc(Cl)c(Nc2cc(Nc3ccc(OCC(O)CN(C)C)cc3)ncn2)c1,5.698970004336019
CHEMBL2029914,CDK1,2000.0,nM,CN1CCN(C(=O)c2cc(Nc3ncc4cc(-c5cnn(Cc6ccccc6)c5)n(C5CCCC5)c4n3)cn2C)CC1,5.698970004336019
CHEMBL233667,CDK1,2000.0,nM,N#Cc1cnc(Nc2cccc(CN3CCOCC3)c2)nc1-c1ccccc1,5.698970004336019
CHEMBL5750167,CDK9,2000.0,nM,CN(C)C(=O)CN1CCc2ccc(-c3cc(NC(=O)C4CCCNC4)ncc3Cl)cc21,5.698970004336019
CHEMBL316887,CDK4,2000.0,nM,CN(C)CC(O)COc1ccc(Nc2cc(Nc3ccccc3[N+](=O)[O-])ncn2)cc1,5.698970004336019
CHEMBL190154,CDK2,2000.0,nM,CO[C@H](C(=O)Nc1cc(C2CC2)[nH]n1)c1ccccc1,5.698970004336019
CHEMBL3589775,CDK9,2000.0,nM,O=C(O)c1nc2cccnc2c2[nH]c3c(Br)cccc3c12,5.698970004336019
CHEMBL3641939,CDK4,2000.0,nM,C[C@H](CO)n1c2cnccc2c2cnc(Nc3ccc(N4CCN[C@@H](C)C4)cn3)nc21,5.698970004336019
CHEMBL359963,CDK4,2000.0,nM,CC(C)c1ccc(Nc2nccc(-c3cnn4ncccc34)n2)cc1,5.698970004336019
CHEMBL402157,CDK4,2000.0,nM,O=C(Cc1ccc(Cl)cc1)Nc1n[nH]c2ccc(N3CCCS3(=O)=O)cc12,5.698970004336019
CHEMBL523747,CDK4,2000.0,nM,COc1ccc2c(-c3ccnc(NC4CC4)n3)cnn2n1,5.698970004336019
CHEMBL317629,CDK4,2000.0,nM,CN(C)CC(O)COc1ccc(Nc2nccc(Nc3cccc(Cl)c3)n2)cc1,5.698970004336019
CHEMBL524057,CDK4,2000.0,nM,CCc1nn2ncccc2c1-c1ccnc(NC2CC2)n1,5.698970004336019
CHEMBL388956,CDK4,2000.0,nM,COc1c(O)cc2c3c(cc4ccc(O)cc4c13)NC2=O,5.698970004336019
CHEMBL257624,CDK2,2000.0,nM,O=C(Cc1ccccc1)Nc1n[nH]c2ccc([N+](=O)[O-])cc12,5.698970004336019
CHEMBL99689,CDK4,2000.0,nM,CN(C)CC(O)COc1ccc(Nc2nccc(Nc3ccccc3C#N)n2)cc1,5.698970004336019
CHEMBL99687,CDK4,2000.0,nM,Cc1ccc(Nc2ccnc(Nc3ccc(OCC(O)CN(C)C)cc3)n2)cc1,5.698970004336019
CHEMBL101052,CDK4,2000.0,nM,COc1ccc(Nc2ccnc(Nc3ccc(OCC(O)CN(C)C)cc3)n2)cc1,5.698970004336019
CHEMBL102047,CDK4,2000.0,nM,CN(C)CC(O)COc1ccc(Nc2nccc(Nc3ccccc3)n2)cc1,5.698970004336019
CHEMBL258404,CDK2,2000.0,nM,O=C(Cc1ccccc1)Nc1n[nH]c2ccc(N3C(=O)CNC3=O)cc12,5.698970004336019
CHEMBL389343,CDK1,2000.0,nM,N#Cc1cnc(Nc2ccc(CCO)cc2)nc1-c1ccccc1,5.698970004336019
CHEMBL4849464,CDK2,2006.0,nM,CC(C)c1cnn2c(NCc3ccccc3)nc(OC3CCN(C)CC3)nc12,5.697669071315601
CHEMBL2010815,CDK2,2020.0,nM,COc1cc(F)ccc1-c1nc2c(NCCCNC(=O)C3CCC3)c(Br)cnc2[nH]1,5.694648630553376
CHEMBL3655773,CDK9,2040.0,nM,CC[C@H](Nc1nc(NCc2cccc(C)n2)c2ncn(C(C)C)c2n1)[C@@H](C)O,5.690369832574101
CHEMBL563307,CDK1,2040.0,nM,COc1cccc(-c2ccc3c(ccc4sc5c(c43)NC[C@@H](C)NC5=O)n2)c1,5.690369832574101
CHEMBL5275667,CDK2,2090.0,nM,O=C(NCCc1ccccc1)c1cnn2c(-c3ccc(Cl)cc3)nc(NCCc3ccccc3)nc12,5.679853713888946
CHEMBL1243037,CDK1,2100.0,nM,Cc1cc2[nH]c(=S)n([C@@H]3O[C@H](CO)[C@@H](O)[C@H]3O)c2cc1C,5.6777807052660805
CHEMBL5812640,CDK9,2100.0,nM,O=C(Nc1cc(-c2ccc3ncn(CC4CCOCC4)c3c2)c(Cl)cn1)c1c[nH]nn1,5.6777807052660805
CHEMBL113544,CDK2,2100.0,nM,CN1CCC(c2c(O)cc(O)c3c(=O)cc(Sc4ccccc4Cl)oc23)C(O)C1,5.6777807052660805
CHEMBL2163992,CDK2,2100.0,nM,CCCc1c(N[C@H]2CC[C@H](N)CC2)nc2ccnn2c1Nc1ccc(F)c(Cl)c1,5.6777807052660805
CHEMBL233456,CDK1,2100.0,nM,N#Cc1cnc(Nc2ccc(CCC(=O)N3CCOCC3)cc2)nc1-c1ccccc1,5.6777807052660805
CHEMBL4787309,CDK9,2100.0,nM,CC(=O)N[C@@H]1CCC[C@H](C(=O)Nc2cc(-c3cnn4c3COCC4)c(Cl)cn2)C1,5.6777807052660805
CHEMBL2112683,CDK1,2100.0,nM,CC(C)n1cnc2c(NCc3ccccc3)nc(N3CCC[C@H]3CO)nc21,5.6777807052660805
CHEMBL362814,CDK2,2100.0,nM,CN(C)C(=O)N1CCn2cc(C3=C(c4cnc5ccccn45)C(=O)NC3=O)c3cccc(c32)C1,5.6777807052660805
CHEMBL4754399,CDK4,2100.0,nM,CC(=O)N[C@@H]1CCC[C@H](C(=O)Nc2cc(-c3cnn4c3CCCC4)c(Cl)cn2)C1,5.6777807052660805
CHEMBL1630112,CDK2,2100.0,nM,Nc1ccccc1NC(=O)c1ccc(-c2ccc3ncnc(Nc4ccc(OCc5cccc(F)c5)c(Cl)c4)c3c2)s1,5.6777807052660805
CHEMBL334881,CDK2,2100.0,nM,CN1CC[C@H](c2c(O)cc(O)c3c(=O)cc(Sc4ccccc4Cl)oc23)[C@H](O)C1,5.6777807052660805
CHEMBL181606,CDK2,2100.0,nM,CC(C)c1cnn2c(Nc3ccc(S(=O)(=O)N(C)C)cc3)cc(NC3CCCC(N)C3)nc12,5.6777807052660805
CHEMBL326275,CDK2,2110.0,nM,CN1CCC(c2c(O)cc(O)c3c(=O)cc(Oc4ccccc4Cl)oc23)C(O)C1,5.675717544702307
CHEMBL1800448,CDK2,2110.0,nM,Nc1nccc(-c2cc(N3CCC(O)C3)ccc2O)n1,5.675717544702307
CHEMBL133498,CDK2,2110.0,nM,CN1CC[C@H](c2c(O)cc(O)c3c(=O)cc(Oc4ccccc4Cl)oc23)[C@H](O)C1,5.675717544702307
CHEMBL4582951,CDK2,2117.0,nM,CN(C)C/C=C/C(=O)Nc1ccc(C(=O)N[C@@]2(C)CCC[C@@H](Nc3ncc(Cl)c(-c4c[nH]c5ccccc45)n3)C2)nc1,5.674279141980588
CHEMBL3929122,CDK2,2120.0,nM,CC1(C)CN(c2ccc(Nc3ncc4cc5n(c4n3)C3(CCCCC3)CNC5=O)nc2)CCN1,5.673664139071249
CHEMBL3655777,CDK9,2140.0,nM,CCC(Nc1nc(NCc2cccnc2)c2ncn(C(C)C)c2n1)C(O)C(F)(F)F,5.669586226650809
CHEMBL4460561,CDK9,2149.0,nM,Cc1nc2ccc(-c3cc(N)nc(N)c3)nc2n1C1CC1,5.667763584508556
CHEMBL607579,CDK2,2150.0,nM,O=C1Nc2cc3ccc(O)cc3c3c4c(cc1c23)OCO4,5.667561540084394
CHEMBL490355,CDK9,2160.0,nM,O=C1/C(=C/c2ccc(O)c(O)c2)Oc2cc(O)ccc21,5.665546248849069
CHEMBL3961663,CDK2,2170.0,nM,CC(C)(C)CCN1CCN(c2ccc(Nc3ncc4cc5n(c4n3)C3(CCCC3)CNC5=O)nc2)CC1(C)C,5.66354026615147
CHEMBL189512,CDK2,2171.0,nM,Nc1nc2ccc(C(=O)c3ccccc3OC(F)(F)F)cn2c1C(=O)c1c(F)cccc1F,5.66334017654558
CHEMBL5597636,CDK9,2178.5,nM,O=C(CCCCCCC(=O)Nc1ccc(Nc2ncc(Cl)c(OC3CCCCC3)n2)cc1)NO,5.661842435728227
CHEMBL5592379,CDK1,2180.0,nM,CN(C)c1ccc(/C=N/c2c(N)n(C)c(=O)[nH]c2=O)cc1,5.661543506395395
CHEMBL1801932,CDK9,2180.0,nM,CC(C)c1cnn2c(NCc3ccccc3)cc(NCCCCCCN)nc12,5.661543506395395
CHEMBL3589671,CDK9,2200.0,nM,O=C(O)c1nc2ccc(I)cc2c2[nH]c3c(Cl)cccc3c12,5.657577319177793
CHEMBL1276127,CDK2,2200.0,nM,O=C1Nc2ccccc2/C1=C1/Nc2ccccc2C1=O,5.657577319177793
CHEMBL1241661,CDK2,2200.0,nM,Nc1nc(Nc2ccc(S(N)(=O)=O)cc2)nc(OCc2ccccc2)c1N=O,5.657577319177793
CHEMBL255932,CDK4,2200.0,nM,Nc1ccc(CC(=O)Nc2n[nH]c3ccc(N4CCCS4(=O)=O)cc23)cc1,5.657577319177793
CHEMBL402759,CDK4,2200.0,nM,O=C(Cc1ccc(-c2ccccc2)cc1)Nc1n[nH]c2ccc(N3CCCS3(=O)=O)cc12,5.657577319177793
CHEMBL1922219,CDK1,2200.0,nM,CC[C@H](Nc1nc(NCc2cccnc2)c2ncn(C(C)C)c2n1)[C@@H](C)O,5.657577319177793
CHEMBL3673553,CDK9,2200.0,nM,NC(=O)C1CC=C(c2cc3c(-c4cncc(NCc5ccccc5)n4)ccnc3[nH]2)CC1,5.657577319177793
CHEMBL5886064,CDK9,2200.0,nM,O=C(Nc1cc(-c2ccc3c(c2)ncn3Cc2cccc(F)c2)c(Cl)cn1)[C@@H]1CCCNC1,5.657577319177793
CHEMBL303958,CDK2,2200.0,nM,Nc1nc(N)c(N=O)c(OCC2CCCCC2)n1,5.657577319177793
CHEMBL45477,CDK4,2210.0,nM,CN1CCC(c2c(O)cc(O)c3c2O/C(=C\c2ccc([N+](=O)[O-])cc2)C3=O)CC1,5.655607726314889
CHEMBL562606,CDK1,2210.0,nM,Cc1ccccc1-c1ccc2c(ccc3sc4c(c32)NC[C@@H](C)NC4=O)n1,5.655607726314889
CHEMBL178484,CDK1,2220.0,nM,OCCCNc1cnccc1-c1cncc(Nc2cccc(Cl)c2)n1,5.653647025549361
CHEMBL3354190,CDK2,2220.0,nM,COC1CCN(c2nccc(Nc3cc4c(cn3)ncn4C(C)C)n2)CC1,5.653647025549361
CHEMBL1800218,CDK1,2240.0,nM,Nc1nccc(-c2cc(N3CCOCC3)ccc2O)n1,5.649751981665837
CHEMBL1270795,CDK2,2273.0,nM,CSc1cn2c(-c3cn[nH]c3)cnc2c(Nc2cc(C)ns2)n1,5.643400564275029
CHEMBL3920345,CDK2,2280.0,nM,O=C1NCC2(CCCC2)n2c1cc1cnc(Nc3ccc(N4CCOCC4)nn3)nc12,5.642065152999546
CHEMBL3981462,CDK2,2280.0,nM,C[C@H]1CN(c2ccc(Nc3ncc4cc5n(c4n3)C3(CCCCC3)CNC5=O)nc2)CCN1CCC(C)(C)C,5.642065152999546
CHEMBL52551,CDK1,2300.0,nM,SC1=Nc2ccccc2-c2[nH]c3ccc(Br)cc3c2C1,5.638272163982407
CHEMBL405042,CDK1,2300.0,nM,C/C(Nc1ccc(S(N)(=O)=O)cc1)=C1/C(=O)Nc2ccccc21,5.638272163982407
CHEMBL521922,CDK2,2300.0,nM,O=C1NC(=O)c2ccc(I)cc2/C1=C/NCc1cc(O)c(-c2ccoc2)cn1,5.638272163982407
CHEMBL5898131,CDK9,2300.0,nM,Fc1cccc(Cn2cnc3ccc(-c4cc(NC5CCCC6CN(Cc7ccccc7)CC65)ncc4Cl)cc32)c1,5.638272163982407
CHEMBL5801206,CDK9,2300.0,nM,O=C(Nc1cc(-c2ccc3ncn(CC4CCOCC4)c3c2)c(Cl)cn1)c1cnccn1,5.638272163982407
CHEMBL340813,CDK2,2300.0,nM,Oc1ccc(Nc2nc(OCC3CCCCC3)c3nc[nH]c3n2)cc1,5.638272163982407
CHEMBL6067763,CDK9,2300.0,nM,Fc1cccc(Cn2cnc3ccc(-c4cc(N[C@H]5CN6CCC5CC6)ncc4Cl)cc32)c1,5.638272163982407
CHEMBL5926425,CDK9,2300.0,nM,O=C(Nc1cc(-c2ccc3ncn(Cc4cccc(F)c4)c3c2)c(Cl)cn1)c1cnc2c(c1)CCCO2,5.638272163982407
CHEMBL133055,CDK1,2300.0,nM,COc1cccc(CNc2nc(I)nc3c2ncn3C(C)C)c1,5.638272163982407
CHEMBL5559020,CDK2,2328.5,nM,CC(=O)Nc1ccc(CNc2nc(NC3CCN(C)CC3)nc3c(C(C)C)cnn23)cc1,5.63292375773125
CHEMBL6175715,CDK9,2349.0,nM,COc1cc(F)ccc1-c1nc(Nc2cc(CN3CCN(C(=O)c4cc(Cc5n[nH]c(=O)c6ccccc56)ccc4F)CC3)ccn2)ncc1F,5.629116983222394
CHEMBL5283085,CDK2,2396.0,nM,O=C(Nc1n[nH]c2ccc(-c3cncc(NC[C@H](CO)Cc4ccccc4)c3)cc12)c1ccccc1,5.620513186282726
CHEMBL409619,CDK2,2400.0,nM,NS(=O)(=O)c1ccc(N/N=C2\C(=O)Nc3cccc([N+](=O)[O-])c32)cc1,5.619788758288394
CHEMBL355578,CDK1,2400.0,nM,OCCCNc1cncc(-c2cc(Nc3cccc(Cl)c3)ncn2)c1,5.619788758288394
CHEMBL315837,CDK1,2400.0,nM,CC(C)n1cnc2c(NC3CCCC3)nc(NCCCO)nc21,5.619788758288394
CHEMBL84140,CDK2,2400.0,nM,CC(C)n1cnc2c(N)nc(NCCCO)nc21,5.619788758288394
CHEMBL3898028,CDK2,2400.0,nM,CN1CC[C@H](c2c(O)cc(O)c3c(=O)cc(-c4ccccc4)oc23)[C@H](O)C1,5.619788758288394
CHEMBL4218705,CDK1,2429.5,nM,CCN1CCN(Cc2ccc(Nc3cc(-c4cc(F)c5nc(C)n(C(C)C)c5c4)ncn3)nn2)CC1,5.614483096600975
CHEMBL340935,CDK2,2439.0,nM,O=C1NC(=O)C2=C1c1cn(c3ccccc13)CCOCCOCCOCCn1cc2c2cccnc21,5.612788199686269
CHEMBL490355,CDK6,2440.0,nM,O=C1/C(=C/c2ccc(O)c(O)c2)Oc2cc(O)ccc21,5.61261017366127
CHEMBL4755256,CDK2,2460.0,nM,COc1cc(F)ccc1-c1cc(NC(=O)[C@H]2CCC[C@@H](NC(C)=O)C2)ncc1Cl,5.609064892896621
CHEMBL246544,CDK2,2483.0,nM,CCNC(=O)N1CCC(Nc2ncc(Cl)c(-c3c[nH]c4ccccc34)n2)C1,5.605023280445436
CHEMBL132687,CDK1,2500.0,nM,CC(C)n1cnc2c(NCc3ccccc3)nc(CCCO)nc21,5.6020599913279625
CHEMBL83980,CDK1,2500.0,nM,CC(C)n1cnc2c(NCc3ccccc3)nc(NCCCO)nc21,5.6020599913279625
CHEMBL72510,CDK4,2500.0,nM,Cc1nc2ccccn2c1-c1ccnc(Nc2ccc(S(N)(=O)=O)cc2)n1,5.6020599913279625
CHEMBL5743377,CDK9,2500.0,nM,CN(C)CCCn1nnc2ccc(-c3cc(NC(=O)[C@@H]4CCCNC4)ncc3Cl)cc21,5.6020599913279625
CHEMBL1234089,CDK1,2500.0,nM,N=C(N)NS(=O)(=O)c1ccc(N/C=C2\C(=O)Nc3ccccc32)cc1,5.6020599913279625
CHEMBL512342,CDK1,2500.0,nM,O=C1NC(=O)c2c1c(-c1ccccc1Cl)cc1c2c2cc(O)ccc2n1CCc1nnn[nH]1,5.6020599913279625
CHEMBL210540,CDK9,2500.0,nM,Cc1cc(-c2cnc(Nc3cnc(CN4CCN(C)CC4)cn3)s2)nc(OC2CCCCC2)n1,5.6020599913279625
CHEMBL316512,CDK1,2500.0,nM,O=C1Cc2c([nH]c3cc(Cl)cc(Cl)c23)-c2ccccc2N1,5.6020599913279625
CHEMBL192471,CDK2,2500.0,nM,C[C@@H](C(=O)Nc1cc(C2CC2)[nH]n1)c1ccc(N2CCCC2=O)cc1,5.6020599913279625
CHEMBL50498,CDK1,2500.0,nM,Nc1nccc(-c2c[nH]c3cccc(O)c23)n1,5.6020599913279625
CHEMBL5768084,CDK9,2500.0,nM,Fc1cccc(Cn2cnc3ccc(-c4cc(NCc5ccccc5)ncc4Cl)cc32)c1,5.6020599913279625
CHEMBL1086427,CDK1,2500.0,nM,CCCC(=O)Nc1n[nH]c2c(F)c(Cl)c(-c3ccccc3)cc12,5.6020599913279625
CHEMBL130597,CDK1,2500.0,nM,CC(C)n1cnc2c(NCc3ccccc3)nc(N(CCO)Cc3ccccc3)nc21,5.6020599913279625
CHEMBL1240761,CDK1,2500.0,nM,OCCSC(=S)Nc1ccc(Cl)c(Cl)c1,5.6020599913279625
CHEMBL4106617,CDK2,2500.0,nM,CC(C)C[C@@H]1CNC(=O)c2cc3cnc(Nc4ccc(N5CCNCC5)cn4)nc3n21,5.6020599913279625
CHEMBL4754399,CDK6,2500.0,nM,CC(=O)N[C@@H]1CCC[C@H](C(=O)Nc2cc(-c3cnn4c3CCCC4)c(Cl)cn2)C1,5.6020599913279625
CHEMBL2035050,CDK2,2500.0,nM,Cc1cnc2nc1-c1ccc3ccn(c3c1)C/C=C/COCc1cc(ccc1OCCN1CCCC1)N2,5.6020599913279625
CHEMBL192179,CDK2,2500.0,nM,C[C@@H](C(=O)Nc1cc(C2CC2)[nH]n1)c1ccc(N2CCOC2=O)cc1,5.6020599913279625
CHEMBL336537,CDK1,2500.0,nM,CCCCC(CO)Nc1nc(NCc2ccccc2)c2ncn(C(C)C)c2n1,5.6020599913279625
CHEMBL1095040,CDK2,2500.0,nM,CCCC(=O)Nc1n[nH]c2cc(Cl)c(-c3ccccc3)cc12,5.6020599913279625
CHEMBL3691625,CDK1,2511.0,nM,CN(C)C(=O)c1cc2cnc(Nc3ccc(N4C[C@H]5CNC[C@H]5CC4=O)cn3)nc2n1C1CCCCCC1,5.600153287287077
CHEMBL5287479,CDK2,2530.0,nM,Cc1ccc(S(=O)(=O)Nc2ccc(-c3ccnc(Nc4ccc(S(=O)(=O)Nc5cc(C)no5)cc4)c3C#N)cc2)cc1,5.596879478824182
CHEMBL1240762,CDK1,2530.0,nM,O=C(NCCCO)c1cc(Cl)ccc1O,5.596879478824182
CHEMBL363037,CDK2,2538.0,nM,Nc1nc2ccc(C(=O)c3c(F)cccc3F)cn2c1C(=O)c1ccncc1,5.595508382241314
CHEMBL5512494,CDK9,2545.0,nM,CC(=O)Nc1cccc(CNc2nc(OC3CCN(C)CC3)nc3c(C(C)C)cnn23)c1,5.594312213327223
CHEMBL3934575,CDK2,2580.0,nM,CC1CN(c2ccc(Nc3ncc4cc5n(c4n3)C3(CCCCC3)CNC5=O)nc2)CCN1CCC(C)(C)C,5.58838029403677
CHEMBL364631,CDK4,2589.0,nM,Nc1nc2ccc(C(=O)c3c(Cl)cccc3Cl)cn2c1C(=O)c1c(F)cc(C(=O)O)cc1F,5.5868679495651286
CHEMBL232736,CDK2,2600.0,nM,Cc1cc(N2CCCCC2)c2oc(-c3ccc(O)c(O)c3)c(O)c(=O)c2c1,5.585026652029182
CHEMBL514678,CDK2,2600.0,nM,CC(C)(C)c1ccc2c(c1)/C(=C/NCc1cc(O)c(-c3ccccc3)cn1)C(=O)NC2=O,5.585026652029182
CHEMBL560737,CDK1,2600.0,nM,CCCNC[C@@H]1CNc2c(sc3ccc(OC)cc23)C(=O)N1,5.585026652029182
CHEMBL3658034,CDK1,2600.0,nM,CN(C)C1CCN(c2ccc(Nc3ncc4cc(C#N)n(C5CCCC5)c4n3)nc2)CC1,5.585026652029182
CHEMBL3663772,CDK9,2600.0,nM,COc1ccncc1-c1ccnc2[nH]c(C3CCN(C)CC3)cc12,5.585026652029182
CHEMBL190178,CDK2,2600.0,nM,O=C(Nc1cc(C2CC2)[nH]n1)C(=O)c1ccccc1,5.585026652029182
CHEMBL270897,CDK9,2600.0,nM,Nc1nccc(-c2c[nH]c3nccc(O)c23)n1,5.585026652029182
CHEMBL477861,CDK2,2600.0,nM,CCCOc1ccc(CN/C=C2\C(=O)NC(=O)c3ccc(I)cc32)cc1O,5.585026652029182
CHEMBL3673516,CDK9,2600.0,nM,Fc1ccc(Cl)nc1-c1ccnc2[nH]c(C3CCNCC3)cc12,5.585026652029182
CHEMBL5793278,CDK9,2600.0,nM,Fc1cccc(Cn2cnc3ccc(-c4cc(N5CCOCC6(CNCCO6)C5)ncc4Cl)cc32)c1,5.585026652029182
CHEMBL490451,CDK2,2600.0,nM,O=C1NC(=O)c2ccc(I)cc2/C1=C/NCc1ccn(-c2ccoc2)c(=O)c1,5.585026652029182
CHEMBL3897592,CDK2,2630.0,nM,C[C@@H](O)CN1CCN(c2ccc(Nc3ncc4cc5n(c4n3)C3(CCCC3)CNC5=O)nc2)C[C@@H]1C,5.580044251510242
CHEMBL3691621,CDK1,2659.0,nM,CN(C)C(=O)c1cc2cnc(Nc3ccc(N4C[C@@H]5CNC[C@@H]5C4=O)cn3)nc2n1C1CCCCCC1,5.5752816626684325
CHEMBL5089164,CDK6,2667.5,nM,Cn1ccc2cc(Nc3ncc(C(F)(F)F)c(N[C@H]4CC[C@@H](N)CC4)n3)ccc2c1=O,5.573895571903492
CHEMBL393861,CDK2,2672.0,nM,CNCC(=O)N1CCC(Nc2ncc(Cl)c(-c3c[nH]c4ccccc34)n2)CC1,5.573163546196492
CHEMBL5188909,CDK2,2680.0,nM,CC(C)n1cnc2c(NCc3nc4ccc(F)c(F)c4[nH]3)nc(N3CCCC[C@H]3CCO)nc21,5.571865205971211
CHEMBL242237,CDK2,2700.0,nM,NC(=O)c1ccccc1Nc1ccnc(Nc2cccc(O)c2)n1,5.568636235841012
CHEMBL449818,CDK2,2700.0,nM,O=C1NC(=O)c2ccc(Br)cc2/C1=C/NCc1cc[nH]c(=O)c1,5.568636235841012
CHEMBL3621515,CDK2,2700.0,nM,CC(=O)Nc1cccc(-c2ccc(C(N)=O)c3[nH]c4cc(C(=O)N5CCN(C)CC5)ccc4c23)c1C,5.568636235841012
CHEMBL2112682,CDK1,2700.0,nM,CC(C)n1cnc2c(NCc3ccccc3)nc(N[C@@H](CO)Cc3ccccc3)nc21,5.568636235841012
CHEMBL551534,CDK1,2700.0,nM,COc1ccc2sc3c(c2c1)NC[C@@H](CNCc1ccccc1)NC3=O,5.568636235841012
CHEMBL103355,CDK4,2700.0,nM,Cc1ccc(F)c(Nc2ccnc(Nc3ccc(S(N)(=O)=O)cc3)n2)c1,5.568636235841012
CHEMBL234697,CDK1,2700.0,nM,CC(C)(O)c1ccc(-c2nc(Nc3ccc(CCO)cc3)ncc2C#N)cc1,5.568636235841012
CHEMBL2348182,CDK2,2700.0,nM,CNc1nccc(-n2ccc3ccc(C#N)cc32)n1,5.568636235841012
CHEMBL1809193,CDK2,2700.0,nM,COc1cc(N2CCN(C(C)=O)CC2)ccc1Nc1ncc(F)c(-c2cnc3ccccn23)n1,5.568636235841012
CHEMBL1241567,CDK4,2700.0,nM,CCCCOc1c(C(=O)c2c(F)cc(C)cc2F)ccc2[nH]ncc12,5.568636235841012
CHEMBL6067764,CDK9,2700.0,nM,Fc1cccc(Cn2cnc3ccc(-c4cc(N[C@@H]5CN6CCC5CC6)ncc4Cl)cc32)c1,5.568636235841012
CHEMBL6193353,CDK2,2700.0,nM,C(=C/N1CCCCCC1)\c1nc(Nc2ccccc2)nc2[nH]cnc12,5.568636235841012
CHEMBL5806185,CDK9,2700.0,nM,Cn1c(-c2cccc(F)c2)nc2ccc(-c3cc(NC(=O)[C@@H]4CCCNC4)ncc3Cl)cc21,5.568636235841012
CHEMBL562137,CDK1,2730.0,nM,COc1ccccc1-c1ccc2c(ccc3sc4c(c32)NC[C@@H](C)NC4=O)n1,5.5638373529592435
CHEMBL2042031,CDK2,2740.0,nM,CC(Oc1cc(-c2cc(-c3ccc(CN(C)C)cc3)cnc2N)ccc1C(N)=O)c1ccccc1C(F)(F)F,5.562249437179612
CHEMBL233209,CDK1,2770.0,nM,CC(C)(N)c1ccc(-c2nc(Nc3ccc(CCN4CCOCC4)cc3)ncc2Cl)cc1,5.557520230935552
CHEMBL2011936,CDK2,2790.0,nM,COc1ccc(-c2nc3c(NCCCNC(=O)C4CCCC4)c(Br)cnc3[nH]2)cc1,5.554395796726403
CHEMBL3943802,CDK9,2800.0,nM,CN1Cc2c(C3CCN(CC(=O)OC(C)(C)C)CC3)[nH]c3nccc(c23)-c2cc(F)ccc21,5.552841968657781
CHEMBL1242832,CDK1,2800.0,nM,NC(=O)c1ccc2c(c1)/C(=N/Nc1ccc(S(=O)(=O)NCCOCCO)cc1)C(=O)N2,5.552841968657781
CHEMBL272414,CDK1,2800.0,nM,CN(C)c1ccc2c(c1)/C(=C/Nc1ccc(S(N)(=O)=O)cc1)C(=O)N2,5.552841968657781
CHEMBL335852,CDK1,2800.0,nM,CC(C)n1cnc2c(NCc3ccccc3)nc(CCCCCO)nc21,5.552841968657781
CHEMBL119977,CDK1,2800.0,nM,Clc1cccc(Nc2[nH]cnc3nnc(-c4ccccc4)c2-3)c1,5.552841968657781
CHEMBL3110144,CDK2,2800.0,nM,Cc1nn(-c2ccc(Cl)cc2Cl)c2c1c1c(c3cccn32)C(=O)NC1=O,5.552841968657781
CHEMBL362558,CDK2,2800.0,nM,O=C1NC(=O)C(c2cnc3ccccn23)=C1c1cn2c3c(cc(F)cc13)CN(C(=O)N1CCCCC1)CC2,5.552841968657781
CHEMBL5423683,CDK2,2800.0,nM,O=C(O)c1cc([N+](=O)[O-])c(Br)cc1NCCc1c[nH]c2ccccc12,5.552841968657781
CHEMBL6045514,CDK9,2800.0,nM,CCN1CCC2(C1)C(C(=O)Nc1cc(-c3ccc4ncn(Cc5cccc(F)c5)c4c3)c(Cl)cn1)CCS2(=O)=O,5.552841968657781
CHEMBL3654250,CDK2,2800.0,nM,c1ncc(-c2cc3cnc(Nc4ccc(CN5CCNCC5)cn4)nc3n2C2CCCC2)o1,5.552841968657781
CHEMBL490355,CDK4,2820.0,nM,O=C1/C(=C/c2ccc(O)c(O)c2)Oc2cc(O)ccc21,5.549750891680639
CHEMBL4635959,CDK4,2830.0,nM,Cc1cc(NC2CCN(C(=O)O[C@H]3CCN(C(=O)/C=C/CN(C)C)C3)CC2)n2ncc(C(C)C)c2n1,5.548213564475709
CHEMBL3940741,CDK2,2840.0,nM,O=C1NCC2(CCCC2)n2c1cc1cnc(Nc3ccc(N4CCC(N5CCCCC5)CC4)cn3)nc12,5.546681659952963
CHEMBL1241661,CDK1,2900.0,nM,Nc1nc(Nc2ccc(S(N)(=O)=O)cc2)nc(OCc2ccccc2)c1N=O,5.537602002101044
CHEMBL2035183,CDK2,2900.0,nM,C1=C/COCc2cc(ccc2OCCN2CCCC2)Nc2nccc(n2)-c2ccc(s2)COC/1,5.537602002101044
CHEMBL303958,CDK1,2900.0,nM,Nc1nc(N)c(N=O)c(OCC2CCCCC2)n1,5.537602002101044
CHEMBL598724,CDK2,2900.0,nM,COc1c(O)ccc2c1cc1c3c(cc4c(c32)OCO4)C(=O)N1,5.537602002101044
CHEMBL1234085,CDK1,2900.0,nM,CNS(=O)(=O)c1ccc(N/C=C2\C(=O)Nc3ccccc32)cc1,5.537602002101044
CHEMBL104467,CDK2,2900.0,nM,Nc1cc(OCC2CCCCC2)nc(Nc2ccc(S(N)(=O)=O)cc2)n1,5.537602002101044
CHEMBL3658023,CDK2,2900.0,nM,CN(C)C(=O)c1cc2cnc(Nc3ccc(N4CCC(CCO)CC4)cn3)nc2n1C1CCCC1,5.537602002101044
CHEMBL391493,CDK2,2900.0,nM,N=C1NC(=O)/C(=C/c2ccc(-c3ccc(S(=O)(=O)N4CCNCC4)cc3)o2)S1,5.537602002101044
CHEMBL489246,CDK2,2900.0,nM,COc1ccc2c(c1)/C(=C/NCc1ccc(OC)c(O)c1)C(=O)NC2=O,5.537602002101044
CHEMBL99842,CDK2,2900.0,nM,CC(=O)Nc1nccc(-c2c(C)nc3ccccn23)n1,5.537602002101044
CHEMBL1243039,CDK1,2900.0,nM,C[C@H](N[C@@H](C)COc1ccccc1)[C@@H](O)c1ccc(O)cc1,5.537602002101044
CHEMBL5270694,CDK2,2920.0,nM,COc1ccccc1/C=C/C(=C(C#N)C#N)c1ccc(NS(=O)(=O)c2ccc(C)cc2)cc1,5.534617148551582
CHEMBL3972093,CDK2,2930.0,nM,CC1CN(c2ccc(Nc3ncc4cc5n(c4n3)C3(CCCC3)CNC5=O)nc2)CCN1CC1CC1,5.53313237964589
CHEMBL3896841,CDK2,2950.0,nM,CC(C)(O)CN1CCN(c2ccc(Nc3ncc4cc5n(c4n3)C3(CCCC3)CNC5=O)nc2)CC1,5.530177984021837
CHEMBL46181,CDK2,2980.0,nM,CN1CCC(c2c(O)cc(O)c3c2O/C(=C\c2ccc(N4CCN(C)CC4)cc2)C3=O)CC1,5.525783735923745
CHEMBL1800448,CDK1,2990.0,nM,Nc1nccc(-c2cc(N3CCC(O)C3)ccc2O)n1,5.52432881167557
CHEMBL421583,CDK2,3000.0,nM,Cc1ccc(N(CC#N)c2cc(Nc3ccc(OCC(O)CN(C)C)cc3)ncn2)c(Br)c1,5.522878745280337
CHEMBL269850,CDK1,3000.0,nM,NS(=O)(=O)c1ccc(N/C=C2\C(=O)Nc3ccccc32)cc1,5.522878745280337
CHEMBL2158863,CDK2,3000.0,nM,CCN(CC)S(=O)(=O)c1cc(Nc2nccc(-c3ccnc(-c4ccc(NC(=O)NC)cc4)c3)n2)ccc1C,5.522878745280337
CHEMBL255263,CDK4,3000.0,nM,O=C(Cc1ccc(F)cc1)Nc1n[nH]c2ccc(N3CCCS3(=O)=O)cc12,5.522878745280337
CHEMBL99803,CDK1,3000.0,nM,O=C1Cc2c(n(CCO)c3ccc(Br)cc23)-c2ccccc2N1,5.522878745280337
CHEMBL232735,CDK2,3000.0,nM,Cc1cc(N2CCCC2)c2oc(-c3ccc(O)c(O)c3)c(O)c(=O)c2c1,5.522878745280337
CHEMBL254367,CDK4,3000.0,nM,O=C(Cc1cccc2ccccc12)Nc1n[nH]c2ccc(N3CCCS3(=O)=O)cc12,5.522878745280337
CHEMBL508964,CDK2,3000.0,nM,O=C(Nc1ccccc1)c1n[nH]c2ccccc12,5.522878745280337
CHEMBL142789,CDK4,3000.0,nM,Cc1nc2c(s1)C(=O)C=C(Nc1ccc(I)cc1)C2=O,5.522878745280337
CHEMBL98501,CDK1,3000.0,nM,Cc1cccc2c3c([nH]c12)-c1ccccc1NC(=O)C3,5.522878745280337
CHEMBL134233,CDK1,3000.0,nM,CCC(O)CCc1nc(NCc2ccccc2)c2ncn(C(C)C)c2n1,5.522878745280337
CHEMBL121954,CDK1,3000.0,nM,Oc1cccc(Nc2[nH]nc3ncnc(Nc4cccc(Cl)c4)c23)c1,5.522878745280337
CHEMBL134003,CDK1,3000.0,nM,CC(C)n1cnc2c(NCc3ccccc3)nc(CCCCO)nc21,5.522878745280337
CHEMBL101156,CDK2,3000.0,nM,CN(C)CC(O)COc1ccc(Nc2nccc(N(CCC#N)c3cc(Cl)ccc3Cl)n2)cc1,5.522878745280337
CHEMBL1288651,CDK2,3000.0,nM,COc1ccc(NC(=O)c2n[nH]c3ccccc23)cc1,5.522878745280337
CHEMBL329063,CDK1,3000.0,nM,O=C1Cc2c([nH]c3ccc(Br)cc23)-c2cc(O)c(O)cc2N1,5.522878745280337
CHEMBL4450322,CDK9,3020.0,nM,C=CC(=O)Nc1ccc(C(=O)Nc2[nH]nc3c2CN(C(=O)N[C@H](CN(C)C)c2ccccc2)C3(C)C)cc1,5.51999305704285
CHEMBL5089294,CDK9,3027.0,nM,COCCCn1c(C)nc2ccc(-c3cc(N)nc(N)c3)nc21,5.5189875790434275
CHEMBL3950849,CDK2,3030.0,nM,CN(C)C1CCN(c2ccc(Nc3ncc4cc5n(c4n3)C3(CCCC3)CNC5=O)nn2)CC1,5.518557371497695
CHEMBL5401495,CDK4,3031.0,nM,Oc1cccc(/C=N/n2c(S)nnc2-c2c[nH]c3ccccc23)c1O,5.5184140636323775
CHEMBL3917699,CDK2,3040.0,nM,C[C@H]1CN(c2ccc(Nc3ncc4cc5n(c4n3)C3(CCCCC3)CNC5=O)nc2)CCN1CC1CC1,5.517126416391246
CHEMBL3668457,CDK1,3040.0,nM,COc1ccc(F)cc1-c1ccnc2[nH]c(C3=CCN(CC(O)CO)CC3)cc12,5.517126416391246
CHEMBL3899618,CDK2,3060.0,nM,CCN(CC)C1CCN(c2ccc(Nc3ncc4cc5n(c4n3)C3(CCCCC3)CNC5=O)nc2)C1,5.514278573518419
CHEMBL559881,CDK1,3090.0,nM,COC(=O)COc1ccc2sc3c(c2c1)NC[C@@H](C)NC3=O,5.510041520575165
CHEMBL5896452,CDK9,3100.0,nM,CC[C@@H]1CN[C@@H]1C(=O)Nc1cc(-c2ccc3ncn(CC4CCOCC4)c3c2)c(Cl)cn1,5.508638306165727
CHEMBL5173041,CDK2,3100.0,nM,COc1cc(C(=O)N2CCCC2)ccc1-c1ccnc2[nH]c(-c3ccc(CN4CCOCC4)cc3)nc12,5.508638306165727
CHEMBL489039,CDK2,3100.0,nM,COc1ccc(CN/C=C2\C(=O)NC(=O)c3cccc(Br)c32)cc1O,5.508638306165727
CHEMBL489445,CDK2,3100.0,nM,COc1ccc(CN/C=C2\C(=O)NC(=O)c3ccc(-n4cccc4)cc32)cc1O,5.508638306165727
CHEMBL270897,CDK2,3100.0,nM,Nc1nccc(-c2c[nH]c3nccc(O)c23)n1,5.508638306165727
CHEMBL3589674,CDK9,3100.0,nM,COc1cccc(-c2ccc3nc(C(=O)O)c4c5cccc(Cl)c5[nH]c4c3c2)c1,5.508638306165727
CHEMBL23293,CDK2,3100.0,nM,CC(C)=CCC/C(C)=C/CC/C(C)=C/CSc1ccccc1C(=O)O,5.508638306165727
CHEMBL123189,CDK1,3100.0,nM,COc1cccc(CNc2[nH]nc3ncnc(Nc4cccc(Cl)c4)c23)c1,5.508638306165727
CHEMBL5191333,CDK1,3100.0,nM,COc1cc(F)ccc1-c1ccnc2[nH]c(C3CCC(NC(C)=O)C3)nc12,5.508638306165727
CHEMBL550060,CDK1,3100.0,nM,CCNC[C@@H]1CNc2c(sc3ccc(OC)cc23)C(=O)N1,5.508638306165727
CHEMBL73243,CDK4,3100.0,nM,COCCCNS(=O)(=O)c1ccc(Nc2nccc(-c3cnc4ccccn34)n2)cc1,5.508638306165727
CHEMBL1086427,CDK2,3160.0,nM,CCCC(=O)Nc1n[nH]c2c(F)c(Cl)c(-c3ccccc3)cc12,5.500312917381596
CHEMBL562002,CDK1,3170.0,nM,COc1ccc2sc3c(c2c1)NC[C@@H](CN(C)Cc1ccccc1)NC3=O,5.498940737782249
CHEMBL4781334,CDK2,3170.0,nM,C=CC(=O)Nc1ccc(C(=O)N2CCCC(Nc3ncc(CNCc4ncc(C(C)(C)C)o4)s3)C2)cc1,5.498940737782249
CHEMBL4632815,CDK2,3170.0,nM,C=CC(=O)Nc1ccc(C(=O)N2CCC[C@@H](Nc3ncc(CNCc4ncc(C(C)(C)C)o4)s3)C2)cc1,5.498940737782249
CHEMBL5596740,CDK9,3178.0,nM,CCCCNNC(=O)CCCCCCC(=O)Nc1ccc(Nc2ncc(Cl)c(OC3CCCCC3)n2)cc1,5.497846107128639
CHEMBL5921682,CDK9,3200.0,nM,O=C(Nc1cc(-c2ccc3nc(C(F)(F)F)[nH]c3c2)c(Cl)cn1)[C@@H]1CCCNC1,5.494850021680094
CHEMBL524901,CDK4,3200.0,nM,c1cnn2ncc(-c3ccnc(NCCCN4CCOCC4)n3)c2c1,5.494850021680094
CHEMBL2035051,CDK2,3200.0,nM,C1=C/COCc2cc(ccc2OCCN2CCCC2)Nc2nccc(n2)-c2cncc(c2)COC/1,5.494850021680094
CHEMBL2158011,CDK1,3200.0,nM,CCN(CC)S(=O)(=O)c1cccc(Nc2nccc(-c3ccnc(-c4ccc(NC(=O)NC)cc4)c3)n2)c1,5.494850021680094
CHEMBL521949,CDK2,3200.0,nM,O=C(Nc1ccccc1Cl)c1ccc(Nc2nc(Nc3ccc(O)cc3)ncc2F)cc1,5.494850021680094
CHEMBL455450,CDK9,3200.0,nM,C[C@H]1CNC[C@@H](C(=O)Nc2ncc(SCc3ncc(C(C)(C)C)o3)s2)C1,5.494850021680094
CHEMBL1240763,CDK1,3230.0,nM,OCCN(CCO)Cc1cc(Cl)c2cccnc2c1O,5.490797477668897
CHEMBL4755256,CDK4,3250.0,nM,COc1cc(F)ccc1-c1cc(NC(=O)[C@H]2CCC[C@@H](NC(C)=O)C2)ncc1Cl,5.488116639021126
CHEMBL21156,CDK2,3300.0,nM,CC(C)(C)c1nc2c3ccc(F)cc3c3c(=O)[nH]ccc3c2[nH]1,5.481486060122112
CHEMBL363058,CDK4,3300.0,nM,CC(C)OC(=O)N1CCn2cc(C3=C(c4cnc5ccccn45)C(=O)NC3=O)c3cccc(c32)C1,5.481486060122112
CHEMBL279574,CDK1,3300.0,nM,COc1ccc(Nc2ncc(C#N)c(-c3ccccc3)n2)cc1,5.481486060122112
CHEMBL233669,CDK1,3300.0,nM,Cc1cc2cc(Nc3ncc(C#N)c(-c4ccccc4)n3)ccc2[nH]1,5.481486060122112
CHEMBL316940,CDK1,3300.0,nM,O=C1Cc2c([nH]c3ccccc23)-c2cc(Br)ccc2N1,5.481486060122112
CHEMBL398606,CDK1,3300.0,nM,CC(C)NCc1ccc(Nc2cc(-c3ccc(-c4ccc(O)cc4O)cc3)[nH]n2)cc1,5.481486060122112
CHEMBL382362,CDK2,3300.0,nM,CC(=O)N1CCN(C(=O)c2cc(CSc3cnc(NC(=O)c4ccc(CNC(C)C(C)(C)C)cc4)s3)cc(C)c2C)CC1,5.481486060122112
CHEMBL3954733,CDK9,3300.0,nM,CN1Cc2c(-c3cnc(N)nc3)[nH]c3nccc(c23)-c2cc(F)ccc21,5.481486060122112
CHEMBL5288241,CDK1,3375.0,nM,C=CC(=O)Nc1ccc(C(=O)Nc2n[nH]c3ccc(-c4cncc(NC[C@@H](O)c5ccccc5)c4)cc23)cc1,5.471726222832956
CHEMBL4114182,CDK2,3390.0,nM,C[C@@H]1CN(c2ccc(Nc3ncc4cc5n(c4n3)C3(CCCCC3)CNC5=O)nc2)C[C@H](C)N1C[C@@H](C)O,5.4698003017969175
CHEMBL203571,CDK1,3400.0,nM,CCN(CC)c1cc(Nc2ccc(S(N)(=O)=O)cc2)n2ncnc2n1,5.468521082957745
CHEMBL363058,CDK2,3400.0,nM,CC(C)OC(=O)N1CCn2cc(C3=C(c4cnc5ccccn45)C(=O)NC3=O)c3cccc(c32)C1,5.468521082957745
CHEMBL258765,CDK6,3400.0,nM,O=C1c2ccccc2-[n+]2ccc3c([nH]c4ccccc43)c21.[Cl-],5.468521082957745
CHEMBL210246,CDK1,3400.0,nM,N[C@H](COc1cncc(-c2ccc3cnc(F)cc3c2)c1)Cc1c[nH]c2ccccc12,5.468521082957745
CHEMBL5184492,CDK2,3400.0,nM,C[C@H]1C[C@@H]2CN1CCn1[nH]c3c(cccc3c1=O)-c1nc3c(cccc3[nH]c1=O)O2,5.468521082957745
CHEMBL3797873,CDK2,3400.0,nM,C[C@H]1CN(c2cccc3nc(-c4nc(-c5cccc(C(=O)N(C)C)c5)cnc4N)n(C)c23)CCN1,5.468521082957745
CHEMBL5414905,CDK1,3410.0,nM,CCc1cnn2c(NCc3nc4ccc(F)c(F)c4[nH]3)cc(N3CCCC[C@H]3CCO)nc12,5.467245621007502
CHEMBL5584169,CDK9,3419.5,nM,CC(C)S(=O)(=O)c1ccccc1Nc1nc(N[C@H]2CC[C@H](N)CC2)ncc1-c1ccccc1,5.466037391930952
CHEMBL5564808,CDK1,3426.0,nM,Cc1ccc(O)c(C)c1-n1c(N)c(C(=O)N2CCn3c(cnc3C(C)(C)O)C2)c2nc(C)c(C)nc21,5.465212641370508
CHEMBL5592329,CDK9,3454.5,nM,COc1cnc(N[C@H]2CC[C@H](N)CC2)nc1Nc1ccccc1S(=O)(=O)C(C)C,5.461614802980088
CHEMBL6161480,CDK9,3465.0,nM,COc1cc(F)ccc1-c1nc(Nc2cc(N3CCN(C(=O)c4cc(Cc5n[nH]c(=O)c6ccccc56)ccc4F)CC3)ccn2)ncc1F,5.460296761052175
CHEMBL3973056,CDK2,3480.0,nM,CN1CCN(c2ccc(Nc3ncc4cc5n(c4n3)C3(CCCCC3)CNC5=O)nc2)CC1(C)C,5.458420756053419
CHEMBL271673,CDK2,3490.0,nM,Nc1c(S(=O)(=O)[O-])cc(Nc2ccc(Cl)cc2)c2c1C(=O)c1ccccc1C2=O.[Na+],5.45717457304082
CHEMBL85015,CDK1,3500.0,nM,CC(C)n1cnc2c(NCc3ccccc3)ncnc21,5.455931955649724
CHEMBL3654243,CDK2,3500.0,nM,c1ncc(-c2cc3cnc(Nc4ccc(N5CCNCC5)cn4)nc3n2C2CCCC2)o1,5.455931955649724
CHEMBL220241,CDK2,3500.0,nM,CCn1c(-c2nonc2N)nc2cnc(Oc3cccc(NC(=O)c4ccc(OCCN5CCOCC5)cc4)c3)cc21,5.455931955649724
CHEMBL5944855,CDK9,3500.0,nM,O=C(Nc1cc(-c2ccc3ncn(CC4CCOCC4)c3c2)c(Cl)cn1)C1(c2ccc(F)cc2)CCNCC1,5.455931955649724
CHEMBL233874,CDK1,3500.0,nM,Cc1ccc(Nc2ncc(C#N)c(-c3ccccc3)n2)cc1,5.455931955649724
CHEMBL495557,CDK9,3500.0,nM,CC(C)(C)c1cnc(CSc2cnc(N[C@H]3CC[C@H](O)CC3)s2)o1,5.455931955649724
CHEMBL4111196,CDK2,3500.0,nM,C[C@@H]1CN(c2ccc(Nc3ncc4cc5n(c4n3)C3(CCCCC3)CNC5=O)nc2)CCN1,5.455931955649724
CHEMBL3906916,CDK2,3560.0,nM,C[C@@H]1CN(c2ccc(Nc3ncc4cc5n(c4n3)C3(CCCCC3)CNC5=O)nc2)C[C@H](C)N1,5.448550002027124
CHEMBL3904602,CDK2,3580.0,nM,CC(C)N1CCN(c2ccc(Nc3ncc4cc5n(c4n3)C3(CCCCC3)CNC5=O)nc2)CC1,5.446116973356125
CHEMBL2163993,CDK2,3600.0,nM,CCc1c(N[C@H]2CC[C@H](N)CC2)nc2ccnn2c1Nc1ccc(F)c(Cl)c1,5.443697499232712
CHEMBL3651155,CDK1,3600.0,nM,C[Si](C)(C)C1=C2c3nc4ccccc4cc3C(Cl)CC2CC1=O,5.443697499232712
CHEMBL3931143,CDK2,3600.0,nM,CC(C)N1CCN(c2ccc(Nc3ncc4cc5n(c4n3)C3(CCCCC3)CNC5=O)nc2)CC1C,5.443697499232712
CHEMBL1243071,CDK1,3600.0,nM,COc1cc(OC)nc(NC(=O)NS(=O)(=O)c2cc(NC=O)ccc2C(=O)N(C)C)n1,5.443697499232712
CHEMBL72461,CDK4,3600.0,nM,Cc1nc2ccccn2c1-c1ccnc(Nc2ccccc2)n1,5.443697499232712
CHEMBL489083,CDK2,3600.0,nM,N=C(N)SCCCn1c(=O)c2c(c1=O)n1c3ccccc3cc1c1cccc3ccn2c31,5.443697499232712
CHEMBL452447,CDK2,3600.0,nM,O=C1NC(=O)c2ccc(I)cc2/C1=C/NCc1ccc(-c2cccnc2)c(O)c1,5.443697499232712
CHEMBL5757213,CDK1,3614.0,nM,Cc1nc2c(F)cc(-c3nc(Nc4ccc5c(n4)CCN(CCCN(C)C)C5)ncc3F)cc2n1C1CC1,5.442011851775087
CHEMBL5569464,CDK1,3615.0,nM,Cc1ccc(O)c(C)c1-n1c(N)c(C(=O)N2CCn3cnnc3C2)c2nc(C)c(C)nc21,5.44189169836945
CHEMBL5574963,CDK1,3628.0,nM,Cc1ccc(O)c(C)c1-n1c(N)c(C(=O)N2CCc3nccnc3C2)c2nc(C)c(C)nc21,5.440332721611942
CHEMBL3655763,CDK9,3630.0,nM,CC[C@H](Nc1nc(NCc2ccc(C)nc2)c2ncn(C(C)C)c2n1)[C@@H](C)O,5.440093374963888
CHEMBL5434272,CDK2,3700.0,nM,OCCN1CCN(c2ccc3cc2COC/C=C/COCc2cccc(c2)-c2ccnc(n2)N3)CC1,5.431798275933005
CHEMBL2348168,CDK2,3700.0,nM,Nc1nccc(-n2ccc3cnccc32)n1,5.431798275933005
CHEMBL5280632,CDK2,3700.0,nM,O=C(CCCn1cc(CNC2CC2)c(-c2ccccc2)n1)NO,5.431798275933005
CHEMBL371415,CDK1,3700.0,nM,CC(O)CNc1[nH]cnc2nc(-c3ccccc3)c(-c3ccccc3)c1-2,5.431798275933005
CHEMBL2334964,CDK2,3700.0,nM,Nc1nccc(-n2ccc3ccc(Cl)cc32)n1,5.431798275933005
CHEMBL255255,CDK4,3700.0,nM,O=C(Cc1ccccc1)Nc1n[nH]c2ccc(N3CCCS3(=O)=O)cc12,5.431798275933005
CHEMBL2204532,CDK1,3700.0,nM,CN(c1ccc(F)c(NC(=O)c2cccc(OC(C)(C)C#N)c2Cl)c1)c1ccc2nc(NC(=O)C3CC3)sc2n1,5.431798275933005
CHEMBL3938919,CDK2,3710.0,nM,C[C@H](O)CN1[C@H](C)CN(c2ccc(Nc3ncc4cc5n(c4n3)C3(CCCCC3)CNC5=O)nc2)C[C@@H]1C,5.430626090384954
CHEMBL5555405,CDK9,3736.5,nM,CC(C)c1cnn2c(NCc3cccc(N)c3)nc(OC3CCN(C)CC3)nc12,5.427535013407812
CHEMBL6147880,CDK9,3743.0,nM,COc1cc(F)ccc1-c1cc(Nc2cc(N3CCN(C(=O)c4cc(Cc5n[nH]c(=O)c6ccccc56)ccc4F)CC3)ccn2)ncn1,5.426780172885579
CHEMBL214253,CDK4,3750.0,nM,O=C1NC(=O)c2c1c(-c1ccccc1)cc1[nH]c3ccc(O)cc3c21,5.425968732272281
CHEMBL1800447,CDK2,3760.0,nM,Nc1nccc(-c2cc(N3CCC(O)CC3)ccc2O)n1,5.424812155072339
CHEMBL3973664,CDK2,3770.0,nM,CC(C)N1CCN(c2ccc(Nc3ncc4cc5n(c4n3)C3(CCCC3)CNC5=O)nc2)CC1,5.423658649794207
CHEMBL1234088,CDK1,3800.0,nM,O=C1Nc2ccccc2/C1=C/Nc1ccc(S(=O)(=O)Nc2nccs2)cc1,5.42021640338319
CHEMBL4228654,CDK2,3800.0,nM,CC(C)Nc1ccc2cnn(-c3cncc(-c4ccc(C(=O)O)cc4)n3)c2c1,5.42021640338319
CHEMBL317150,CDK1,3800.0,nM,CCc1cccc2c3c([nH]c12)-c1ccccc1NC(=O)C3,5.42021640338319
CHEMBL3691580,CDK1,3812.0,nM,CN(C)C(=O)c1cc2cnc(Nc3ccc(C(=O)N4CC5CCC(C4)N5)cn3)nc2n1[C@H]1CC[C@H](C(C)(C)C)CC1,5.418847108033711
CHEMBL5527848,CDK4,3824.0,nM,CC(C)c1cnn2c(NCc3ccc(NC(=O)C4(F)CC4)cc3)nc(NC3CCOCC3)nc12,5.417482116395938
CHEMBL5593669,CDK9,3860.5,nM,CNC(=O)c1ccccc1Nc1nc(N[C@H]2CC[C@H](N)CC2)ncc1Cl,5.413356443209533
CHEMBL491647,CDK2,3880.0,nM,COCc1cccc2c(C3=C(c4coc5ccccc45)C(=O)NC3=O)cn(C)c12,5.411168274405792
CHEMBL3701063,CDK2,3900.0,nM,Cc1nccc(-c2ccc(C(=O)N(C)C)c(Cl)c2)c1C#Cc1ccc(N)nc1,5.4089353929735005
CHEMBL5427324,CDK2,3900.0,nM,Cn1cc(CCNc2ccc([N+](=O)[O-])cc2C(=O)O)c2c(Cl)cccc21,5.4089353929735005
CHEMBL4454044,CDK2,3900.0,nM,CC(C)c1cnn2c(NCc3ccccc3N(C)C)nc(OC3CCN(C)CC3)nc12,5.4089353929735005
CHEMBL563028,CDK2,3900.0,nM,Cn1nc(C(=O)NC2CCCC2)c2c1-c1nc(Nc3ccccc3)ncc1CC2,5.4089353929735005
CHEMBL2035053,CDK2,3900.0,nM,Cc1cnc2nc1-c1ccnc(c1)OCC/C=C/COCc1cc(ccc1OCCN1CCCC1)N2,5.4089353929735005
CHEMBL6174709,CDK2,3906.0,nM,O=C(Nc1cc(-c2ccc3nc4c([nH]c5ccccc54)c(N4CCOCC4)c3c2)ccn1)C1CC1,5.408267761048164
CHEMBL5594621,CDK9,3922.0,nM,Cc1cnc(N[C@H]2CC[C@H](N)CC2)nc1Nc1ccccc1S(=O)(=O)C(C)C,5.406492410668235
CHEMBL5558916,CDK2,3925.5,nM,CC(=O)Nc1ccc(CNc2cc(NC3CCOCC3)nc3c(C(C)C)cnn23)cc1,5.406105018304437
CHEMBL326843,CDK2,3930.0,nM,CCSc1cc(=O)c2c(O)cc(O)c(C3CCN(C)CC3O)c2o1,5.405607449624574
CHEMBL3949088,CDK2,3960.0,nM,CCN(CC)C1CCN(c2ccc(Nc3ncc4cc5n(c4n3)C3(CCCC3)CNC5=O)nc2)C1,5.402304814074488
CHEMBL2011937,CDK2,3970.0,nM,COc1ccc(-c2nc3c(NCCCNC(=O)c4ccccc4)c(Br)cnc3[nH]2)cc1,5.401209493236885
CHEMBL3925377,CDK2,3970.0,nM,CC1CN(c2ccc(Nc3ncc4cc5n(c4n3)C3(CCCCC3)CNC5=O)nc2)CCN1CC(C)(C)O,5.401209493236885
CHEMBL2403108,CDK2,3970.0,nM,Cc1cc(Nc2ncc(Cl)c(Nc3ccccc3S(=O)(=O)C(C)C)n2)c(OC(C)C)cc1C1CCNCC1,5.401209493236885
CHEMBL48614,CDK2,3970.0,nM,CN1CCC(c2c(O)cc(O)c3c2O/C(=C\c2ccccc2Cl)C3=O)CC1,5.401209493236885
CHEMBL1800219,CDK2,3980.0,nM,Nc1nccc(-c2cc(N3CCS(=O)(=O)CC3)ccc2O)n1,5.400116927926312
CHEMBL3896827,CDK2,3980.0,nM,CC1CN(c2ccc(Nc3ncc4cc5n(c4n3)C3(CCCCC3)CNC5=O)nc2)CC(C)N1CC1CC1,5.400116927926312
CHEMBL5204939,CDK9,4000.0,nM,CN(C)C(=O)CN1CCC(c2cc3c(-c4ccc(=O)n(CC5CCOCC5)c4)ccnc3[nH]2)CC1,5.3979400086720375
CHEMBL100979,CDK2,4000.0,nM,Cc1nc2ccccn2c1-c1ccnc(N)n1,5.3979400086720375
CHEMBL232353,CDK2,4000.0,nM,Cc1cc(N2C(=O)CNC2=O)c2oc(-c3ccc(O)c(O)c3)c(O)c(=O)c2c1,5.3979400086720375
CHEMBL3797828,CDK2,4000.0,nM,CN(C)C(=O)c1cccc(-c2cnc(N)c(-c3nc4cccc(N5CCNCC5)c4[nH]3)c2)c1,5.3979400086720375
CHEMBL3185148,CDK1,4000.0,nM,Nc1nc(NCCNc2ncc(-n3ccnc3)c(-c3ccc(Cl)cc3Cl)n2)ccc1[N+](=O)[O-],5.3979400086720375
CHEMBL99689,CDK2,4000.0,nM,CN(C)CC(O)COc1ccc(Nc2nccc(Nc3ccccc3C#N)n2)cc1,5.3979400086720375
CHEMBL100811,CDK4,4000.0,nM,CN(C)CC(O)COc1ccc(Nc2cc(Nc3ccccc3Br)ncn2)cc1,5.3979400086720375
CHEMBL122701,CDK2,4000.0,nM,O=c1c(O)c(-c2ccc(O)c(O)c2)oc2ccccc12,5.3979400086720375
CHEMBL403605,CDK4,4000.0,nM,Cc1cccc(CC(=O)Nc2n[nH]c3ccc(N4CCCS4(=O)=O)cc23)c1,5.3979400086720375
CHEMBL3085244,CDK1,4000.0,nM,CC(C)n1cnc2c(NCc3ccccc3C(F)(F)F)nc(N3CCC[C@@H]3CO)nc21,5.3979400086720375
CHEMBL328623,CDK4,4000.0,nM,Cc1ccc(F)c(Nc2cc(Nc3ccc(OCC(O)CN(C)C)cc3)ncn2)c1,5.3979400086720375
CHEMBL5435410,CDK2,4000.0,nM,O=C(O)c1cc(Br)ccc1NCCc1c[nH]c2ccccc12,5.3979400086720375
CHEMBL1288582,CDK2,4000.0,nM,COc1ccc2cc(-c3n[nH]c4cccnc34)[nH]c2c1,5.3979400086720375
CHEMBL231800,CDK1,4100.0,nM,CC(C)(N)c1ccc(-c2nc(Nc3ccc(CCN4CCOCC4)cc3)ncc2C#N)cc1,5.3872161432802645
CHEMBL1933344,CDK2,4100.0,nM,CN1C/C=C/CCOc2cccc(c2)-c2nc(nc3[nH]cnc23)Nc2cccc(c2)C1,5.3872161432802645
CHEMBL5184492,CDK4,4100.0,nM,C[C@H]1C[C@@H]2CN1CCn1[nH]c3c(cccc3c1=O)-c1nc3c(cccc3[nH]c1=O)O2,5.3872161432802645
CHEMBL510566,CDK9,4100.0,nM,C[C@@H]1CNC[C@@H](C(=O)Nc2ncc(SCc3ncc(C(C)(C)C)o3)s2)C1,5.3872161432802645
CHEMBL3691553,CDK1,4137.0,nM,CN(C)C(=O)c1cc2cnc(Nc3ccc(C(=O)N4C[C@@H]5CN[C@@H](C5)C4)cn3)nc2n1C1CCCC1,5.383314479104488
CHEMBL3691624,CDK1,4140.0,nM,CN(C)C(=O)c1cc2cnc(Nc3ccc(N4CC5CNCC5CC4=O)cn3)nc2n1C1CCCCCC1,5.3829996588791005
CHEMBL233668,CDK1,4200.0,nM,COc1cccc(Nc2ncc(C#N)c(-c3ccccc3)n2)c1,5.376750709602099
CHEMBL130161,CDK1,4200.0,nM,COc1cc(CNc2nc(I)nc3c2ncn3C(C)C)cc(OC)c1,5.376750709602099
CHEMBL5584021,CDK9,4200.5,nM,CC(C)S(=O)(=O)c1ccccc1Nc1nc(N[C@H]2CC[C@H](N)CC2)ncc1C1CC1,5.376699010955303
CHEMBL246543,CDK2,4219.0,nM,CCNC(=O)N1CCC(Nc2nccc(-c3cnc4ccccn34)n2)CC1,5.374790474618119
CHEMBL431634,CDK1,4300.0,nM,COc1cc2c(cc1OC)-c1[nH]c3ccccc3c1CC(=O)N2,5.366531544420413
CHEMBL2111871,CDK1,4300.0,nM,CC(C)n1cnc2c(NCc3ccccc3)nc(N[C@H](CO)c3ccccc3)nc21,5.366531544420413
CHEMBL382607,CDK1,4300.0,nM,N[C@H]1CC[C@H](Nc2cc(Nc3ccc(S(=O)(=O)c4ccccc4)cc3)n3ncnc3n2)CC1,5.366531544420413
CHEMBL514316,CDK2,4300.0,nM,N=C(N)SCCCN1C(=O)C2=C(C1=O)n1ccc3cccc(c31)C1Cc3ccccc3N21,5.366531544420413
CHEMBL120979,CDK1,4300.0,nM,COc1cccc(Nc2[nH]nc3ncnc(Nc4cccc(Cl)c4)c23)c1,5.366531544420413
CHEMBL131083,CDK1,4300.0,nM,CC(C)n1cnc2c(NCc3ccc(C(F)(F)F)cc3)nc(I)nc21,5.366531544420413
CHEMBL393659,CDK2,4358.0,nM,CN(C)C(=O)N1CCC(Nc2ncc(Cl)c(-c3c[nH]c4ccccc34)n2)CC1,5.360712774089763
CHEMBL3986691,CDK2,4380.0,nM,CCC(C)[C@@H]1CNC(=O)c2cc3cnc(Nc4ccc(N5CCN(C)CC5)cn4)nc3n21,5.3585258894959
CHEMBL232939,CDK2,4400.0,nM,Cc1cc(N2C(=O)CCCC2=O)c2oc(-c3ccc(O)c(O)c3)c(O)c(=O)c2c1,5.356547323513812
CHEMBL1922212,CDK1,4400.0,nM,CC[C@H](Nc1nc(NCc2cccnc2)c2ncn(C(C)C)c2n1)C(C)(C)O,5.356547323513812
CHEMBL5081341,CDK9,4400.0,nM,COc1nc(C)nc2[nH]cc(-c3ccnc(N)c3)c12,5.356547323513812
CHEMBL51709,CDK4,4410.0,nM,CN1CCC(c2c(O)cc(O)c3c2O/C(=C\c2ccccc2)C3=O)CC1,5.355561410532161
CHEMBL5512494,CDK2,4427.5,nM,CC(=O)Nc1cccc(CNc2nc(OC3CCN(C)CC3)nc3c(C(C)C)cnn23)c1,5.353841430137887
CHEMBL340935,CDK1,4428.0,nM,O=C1NC(=O)C2=C1c1cn(c3ccccc13)CCOCCOCCOCCn1cc2c2cccnc21,5.353792387793314
CHEMBL245925,CDK2,4443.0,nM,CCNC(=O)N1CCC(Nc2ncc(Cl)c(-n3ccc4ccccc43)n2)CC1,5.35232368675913
CHEMBL3421968,CDK2,4473.0,nM,COc1cc(N2CCN(C)CC2)ccc1Nc1nccc(-c2cn(C)c3cnccc23)n1,5.349401101827343
CHEMBL5556362,CDK9,4475.5,nM,CC(=O)Nc1ccc(CNc2nc(OC3CCN(C)CC3)nc3c(C(C)C)cnn23)c(N(C)C)c1,5.349158438535617
CHEMBL332906,CDK1,4500.0,nM,Nc1ccc(-c2[nH]nc3ncnc(Nc4cccc(Cl)c4)c23)cc1,5.346787486224656
CHEMBL335069,CDK1,4500.0,nM,CC(C)n1cnc2c(NCc3ccccc3)nc(CCC(C)(O)c3ccccc3)nc21,5.346787486224656
CHEMBL3948158,CDK2,4500.0,nM,CC(C)N1CCN(c2ccc(Nc3ncc4cc5n(c4n3)C3(CCCC3)CNC5=O)nn2)CC1,5.346787486224656
CHEMBL5198594,CDK9,4500.0,nM,CN(C)C(=O)CN1CCC(c2cc3c(-c4ccc(=O)n(CCC5CCOCC5)c4)ccnc3[nH]2)CC1,5.346787486224656
CHEMBL1242832,CDK2,4500.0,nM,NC(=O)c1ccc2c(c1)/C(=N/Nc1ccc(S(=O)(=O)NCCOCCO)cc1)C(=O)N2,5.346787486224656
CHEMBL85015,CDK2,4500.0,nM,CC(C)n1cnc2c(NCc3ccccc3)ncnc21,5.346787486224656
CHEMBL5275225,CDK2,4500.0,nM,O=C1CC(=O)N(c2ccc(F)cc2)C(=S)N1C(=O)c1ccccc1,5.346787486224656
CHEMBL5555405,CDK2,4518.0,nM,CC(C)c1cnn2c(NCc3cccc(N)c3)nc(OC3CCN(C)CC3)nc12,5.345053773415655
CHEMBL5542882,CDK1,4520.0,nM,COc1ccc(CNC(=O)Cn2cc(COc3ccc4c(C)cc(=O)oc4c3C)nn2)cc1,5.3448615651886175
CHEMBL4109276,CDK2,4530.0,nM,CC(C)N1CCN(c2ccc(Nc3ncc4cc5n(c4n3)C3(CCCCC3)CNC5=O)nc2)C[C@H]1C,5.343901797987169
CHEMBL2042135,CDK2,4570.0,nM,C[C@H](/C=C\C(F)(F)F)Oc1cc(-c2cc(-c3cc(CN(C)C)cs3)cnc2N)ccc1C(N)=O,5.34008379993015
CHEMBL5073581,CDK9,4575.0,nM,Cc1nc2ccc(-c3cc(N)nc(N)c3)nc2n1Cc1ccc(F)cc1,5.339608901597533
CHEMBL5201044,CDK2,4600.0,nM,O=C(c1ccc(-c2ccnc3[nH]c(-c4ccc(CN5CCOCC5)cc4)nc23)cc1)N1CCCC1,5.337242168318426
CHEMBL5430461,CDK2,4600.0,nM,O=C(O)c1cc([N+](=O)[O-])ccc1NCCc1c[nH]c2ccccc12,5.337242168318426
CHEMBL280074,CDK1,4600.0,nM,Cn1cnc2c(NCc3ccccc3)nc(NCCO)nc21,5.337242168318426
CHEMBL516640,CDK1,4600.0,nM,COc1ccc(-n2cnc3ccc(-c4nnc(SCc5cccc(C#N)c5)o4)cc32)cc1,5.337242168318426
CHEMBL5428330,CDK2,4600.0,nM,COc1cc(NCCc2c[nH]c3ccccc23)c(C(=O)O)cc1[N+](=O)[O-],5.337242168318426
CHEMBL5594774,CDK9,4610.5,nM,CP(C)(=O)c1ccccc1Nc1nc(N[C@H]2CC[C@H](N)CC2)ncc1Cl,5.336251973641605
CHEMBL3975426,CDK2,4620.0,nM,CCN1[C@H](C)CN(c2ccc(Nc3ncc4cc5n(c4n3)C3(CCCCC3)CNC5=O)nc2)C[C@@H]1C,5.335358024443874
CHEMBL1081118,CDK2,4630.0,nM,N[C@H](CCc1nc(-c2ccc3cnccc3c2)no1)Cc1ccc(C(F)(F)F)cc1,5.334419008982047
CHEMBL5280858,CDK2,4630.0,nM,O=C(CCCn1cc(CNC2CCCCC2)c(-c2ccccc2)n1)NO,5.334419008982047
CHEMBL2011944,CDK2,4650.0,nM,COc1ccccc1-c1nc2c(NCC(O)CNC(=O)C3CCC3)c(Br)cnc2[nH]1,5.332547047110046
CHEMBL3691546,CDK1,4671.5,nM,CN(C)C(=O)c1cc2cnc(Nc3ccc(C(=O)N4CC5CC4CN5)cn3)nc2n1C1CCCCCC1,5.330543646816331
CHEMBL3663749,CDK9,4700.0,nM,COc1ccc(C2CC2)cc1-c1ccnc2[nH]c(C3CCCNC3)cc12,5.327902142064282
CHEMBL3658023,CDK1,4700.0,nM,CN(C)C(=O)c1cc2cnc(Nc3ccc(N4CCC(CCO)CC4)cn3)nc2n1C1CCCC1,5.327902142064282
CHEMBL4112645,CDK2,4700.0,nM,C[C@@H]1CN(c2ccc(Nc3ncc4cc5n(c4n3)C3(CCCCC3)CNC5=O)nc2)CCN1C,5.327902142064282
CHEMBL3658028,CDK2,4700.0,nM,CN(C)C(=O)c1cc2cnc(Nc3ccc(C(=O)N(C)CCN)cn3)nc2n1C1CCCC1,5.327902142064282
CHEMBL504547,CDK2,4700.0,nM,O=C1NC(=O)c2ccc(I)cc2/C1=C/NCc1ccc(-c2ccoc2)c(O)c1,5.327902142064282
CHEMBL2403108,CDK4,4720.0,nM,Cc1cc(Nc2ncc(Cl)c(Nc3ccccc3S(=O)(=O)C(C)C)n2)c(OC(C)C)cc1C1CCNCC1,5.3260580013659125
CHEMBL362588,CDK4,4800.0,nM,O=C1NC(=O)C(c2cnc3ccccn23)=C1c1cn2c3c(cccc13)CN(C(=O)N1CCCCC1)CC2,5.318758762624412
CHEMBL231824,CDK1,4800.0,nM,CCc1nccn1CCc1ccc(Nc2ncc(C#N)c(-c3ccc(C(C)(C)N)cc3)n2)cc1,5.318758762624412
CHEMBL1922218,CDK1,4900.0,nM,CC[C@@H](Nc1nc(NCc2cccnc2)c2ncn(C(C)C)c2n1)[C@H](C)O,5.309803919971486
CHEMBL1243038,CDK1,4900.0,nM,O=Cc1cc(CCCCCCc2ccc(O)c(C=O)c2)ccc1O,5.309803919971486
CHEMBL207544,CDK1,4900.0,nM,C#Cc1ncc(OC[C@@H](N)Cc2c[nH]c3ccccc23)cc1-c1ccc2cnccc2c1,5.309803919971486
CHEMBL4102376,CDK9,5000.0,nM,Cn1c(-c2ccc(N3CCNCC3)cc2)cc2c(Cl)ccnc21,5.301029995663981
CHEMBL122245,CDK1,5000.0,nM,COc1ccc(CNc2[nH]nc3ncnc(Nc4cccc(Cl)c4)c23)cc1,5.301029995663981
CHEMBL99948,CDK2,5000.0,nM,Cc1ccc(Cl)c(Nc2ccnc(Nc3ccc(OCC(O)CN(C)C)cc3)n2)c1,5.301029995663981
CHEMBL366312,CDK1,5000.0,nM,OCCNc1ncnc2[nH]c(-c3ccccc3)c(-c3ccccc3)c12,5.301029995663981
CHEMBL2348173,CDK2,5000.0,nM,Nc1nccc(-n2ccc3ccc(O)cc32)n1,5.301029995663981
CHEMBL317629,CDK2,5000.0,nM,CN(C)CC(O)COc1ccc(Nc2nccc(Nc3cccc(Cl)c3)n2)cc1,5.301029995663981
CHEMBL317378,CDK2,5000.0,nM,CN(C)CC(O)COc1ccc(Nc2cc(N(CCC#N)c3cc(Cl)ccc3Cl)ncn2)cc1,5.301029995663981
CHEMBL5410597,CDK2,5000.0,nM,Cc1cccc2c1c(CCNc1ccc([N+](=O)[O-])cc1C(=O)O)cn2C,5.301029995663981
CHEMBL5793760,CDK9,5000.0,nM,Cn1cnc(C(=O)Nc2cc(-c3ccc4ncn(CC5CCOCC5)c4c3)c(Cl)cn2)c1,5.301029995663981
CHEMBL31574,CDK2,5000.0,nM,O=c1c(O)c(-c2ccc(O)c(O)c2)oc2cc(O)ccc12,5.301029995663981
CHEMBL316809,CDK4,5000.0,nM,CN(C)CC(O)COc1ccc(Nc2cc(N(Cc3ccccc3)c3cc(Cl)ccc3Cl)ncn2)cc1,5.301029995663981
CHEMBL1241935,CDK1,5000.0,nM,CC1(C)CC2(C)Nc3cc(-c4ccc5c(c4)NC4(C)CC(C)(C)NC(=S)N54)ccc3N2C(=S)N1,5.301029995663981
CHEMBL5590050,CDK2,5046.0,nM,CS(=O)(=O)N1CCC(Nc2ncc(C(F)(F)F)c(-c3cnn(C4CCCCC4)c3)n2)CC1,5.297052753818444
CHEMBL189607,CDK4,5053.0,nM,Nc1nc2ccc(C(=O)c3c(F)cccc3F)cn2c1C(=O)c1ccccc1,5.29645070176177
CHEMBL487254,CDK2,5100.0,nM,N=C(Nc1ccccc1)SCCCN1C(=O)C2=C(C1=O)n1ccc3cccc(c31)C1Cc3ccccc3N21,5.292429823902063
CHEMBL3663784,CDK9,5100.0,nM,Clc1ccc(-c2ccccc2)nc1-c1ccnc2[nH]c(C3CCNCC3)cc12,5.292429823902063
CHEMBL4113081,CDK2,5110.0,nM,C[C@@H]1CN(c2ccc(Nc3ncc4cc5n(c4n3)C3(CCCCC3)CNC5=O)nc2)CCN1C[C@@H](C)O,5.291579099865287
CHEMBL5572788,CDK2,5111.0,nM,CS(=O)(=O)N1CCC(Nc2ncc(C(F)(F)F)c(-c3cnn(-c4ccccc4F)c3)n2)CC1,5.2914941190447635
CHEMBL4206280,CDK4,5156.0,nM,CCN1CCN(Cc2ncc(Nc3cc(-c4cc(F)c5nc(C)n(C(C)C)c5c4)ncn3)cn2)CC1,5.2876870913186345
CHEMBL3421978,CDK2,5176.0,nM,C(=C/c1nccc(-c2c[nH]c3cnccc23)n1)\c1ccccc1,5.2860057323393566
CHEMBL3984435,CDK2,5200.0,nM,CCC(C)CN1[C@H](C)CN(c2ccc(Nc3ncc4cc5n(c4n3)C3(CCCC3)CNC5=O)nc2)C[C@@H]1C,5.2839966563652006
CHEMBL5281901,CDK2,5200.0,nM,O=C(c1ccccc1)N1C(=O)C(C2C(=O)N(C(=O)c3ccccc3)C(=S)N(c3ccc(F)cc3)C2=O)C(=O)N(c2ccc(F)cc2)C1=S,5.2839966563652006
CHEMBL5973334,CDK9,5200.0,nM,Cn1cnc2ccc(-c3cc(N[C@H]4CC[C@H](N)CC4)ncc3Cl)cc21,5.2839966563652006
CHEMBL245534,CDK2,5281.0,nM,CN1CCN(C(=O)N2CCC(Nc3ncc(Cl)c(-c4c[nH]c5ccccc45)n3)CC2)CC1,5.277283832511506
CHEMBL178737,CDK2,5300.0,nM,O=C1NC(=O)C(c2cnc3ccccn23)=C1c1cn2c3c(cccc13)CN(C(=O)N1CCOCC1)CC2,5.275724130399211
CHEMBL2397315,CDK9,5300.0,nM,Cc1nc(NC(=O)[C@@H](C)CC(F)(F)F)sc1-c1ccc(N)nc1,5.275724130399211
CHEMBL104467,CDK1,5300.0,nM,Nc1cc(OCC2CCCCC2)nc(Nc2ccc(S(N)(=O)=O)cc2)n1,5.275724130399211
CHEMBL337715,CDK1,5300.0,nM,CC(C)n1cnc2c(NCc3cccc(C(F)(F)F)c3)nc(I)nc21,5.275724130399211
CHEMBL447317,CDK2,5300.0,nM,CNC(=N)SCCCN1C(=O)C2=C(C1=O)n1ccc3cccc(c31)C1Cc3ccccc3N21,5.275724130399211
CHEMBL3297832,CDK1,5300.0,nM,COc1c(O)ccc2c(=O)c3c(O)cc4c(c3[nH]c12)C=CC(C)(C)O4,5.275724130399211
CHEMBL3691620,CDK1,5316.0,nM,CN(C)C(=O)c1cc2cnc(Nc3ccc(N4C[C@H]5CNC[C@H]5C4=O)cn3)nc2n1C1CCCCCC1,5.274415027729305
CHEMBL2006765,CDK9,5330.0,nM,CCCNC(=O)c1ccc(Nc2nc(NCC(F)(F)F)c3cc[nH]c3n2)cc1,5.273272790973428
CHEMBL362588,CDK2,5400.0,nM,O=C1NC(=O)C(c2cnc3ccccn23)=C1c1cn2c3c(cccc13)CN(C(=O)N1CCCCC1)CC2,5.267606240177031
CHEMBL6036015,CDK9,5400.0,nM,O=C1Cc2ccc(-c3cc(NC(=O)[C@@H]4CCCNC4)ncc3Cl)cc2N1,5.267606240177031
CHEMBL5090552,CDK9,5430.0,nM,Nc1cc(-c2ccc3oc(Cl)cc3c2)cc(N)n1,5.265200170411153
CHEMBL1964248,CDK1,5500.0,nM,CN(C)CCNS(=O)(=O)c1ccc(N/C=C2\C(=O)Nc3ccccc32)cc1,5.259637310505756
CHEMBL84284,CDK2,5500.0,nM,CC(C)(C)OC(=O)NCCNc1cc(-c2ccc[nH]2)c2c3c(ccc(F)c13)NC2=O,5.259637310505756
CHEMBL202695,CDK1,5600.0,nM,CN(C)S(=O)(=O)c1ccc(Nc2cc(N[C@H]3CC[C@H](N)CC3)nc3ncnn23)cc1,5.251811972993799
CHEMBL143570,CDK4,5600.0,nM,COc1ccc(NC2=CC(=O)c3sc(C)nc3C2=O)cc1,5.251811972993799
CHEMBL5413135,CDK2,5600.0,nM,Cc1nc(/N=N/c2cc(S(=O)(=O)[O-])c3cc([N+](=O)[O-])cc(S(=O)(=O)[O-])c3c2)c(COP(=O)([O-])O)c(C=O)c1O.[Na+].[Na+].[Na+].[Na+],5.251811972993799
CHEMBL3642654,CDK2,5600.0,nM,CN1CCN(c2cc(NCc3cccnc3)n3nccc3n2)CC1,5.251811972993799
CHEMBL1242367,CDK6,5600.0,nM,CCNc1cc(N[C@H]2CC[C@@H](O)CC2)nc(Nc2ccc3c(ccn3Cc3ccccc3)c2)n1,5.251811972993799
CHEMBL520187,CDK4,5600.0,nM,COCCNS(=O)(=O)c1ccc(Nc2nccc(-c3cnc(C)n3C)n2)cc1,5.251811972993799
CHEMBL394577,CDK1,5600.0,nM,CN1CCN(CCc2ccc(Nc3ncc(C#N)c(-c4ccc(C(C)(C)N)cc4)n3)cc2)CC1,5.251811972993799
CHEMBL5077927,CDK9,5692.0,nM,Cc1nc2ccc(-c3cc(N)nc(N)c3)nc2n1CC(F)F,5.244735108587753
CHEMBL231801,CDK1,5700.0,nM,CC(C)(N)c1ccc(-c2nc(Nc3cccc(CCN4CCOCC4)c3)ncc2C#N)cc1,5.2441251443275085
CHEMBL57325,CDK2,5700.0,nM,O=C1Nc2cc(-c3ccccc3)ccc2/C1=C/c1[nH]cc2c1CCNC2=O,5.2441251443275085
CHEMBL599987,CDK2,5700.0,nM,O=C(O)c1cc(O)c(O)c2c1c([N+](=O)[O-])cc1c(O)cccc12,5.2441251443275085
CHEMBL5070553,CDK9,5700.0,nM,Cc1nc2ccc(-c3cc(N)nc(N)c3)nc2n1CC(F)(F)F,5.2441251443275085
CHEMBL3797574,CDK2,5700.0,nM,CN(C)C(=O)c1cccc(-c2cnc(N)c(-c3nc4ccccc4[nH]3)c2)c1,5.2441251443275085
CHEMBL5556898,CDK9,5703.0,nM,CC(=O)Nc1ccc(CNc2nc(OC3CCN(C)CC3)nc3c(C(C)C)cnn23)c(-n2ccnc2)c1,5.243896628414895
CHEMBL5169987,CDK9,5800.0,nM,Fc1ccc(N2CCCCC2)c(NC(=S)c2ccncc2)c1,5.236572006437063
CHEMBL122411,CDK1,5800.0,nM,COc1ccc(Nc2[nH]nc3ncnc(Nc4cccc(Cl)c4)c23)cc1,5.236572006437063
CHEMBL5421310,CDK2,5800.0,nM,Cn1cc(CCNc2ccc([N+](=O)[O-])cc2C(=O)O)c2cc(Cl)ccc21,5.236572006437063
CHEMBL3655774,CDK9,5840.0,nM,CC[C@H](Nc1nc(NCc2ncccc2C)c2ncn(C(C)C)c2n1)[C@@H](C)O,5.2335871528876
CHEMBL5556362,CDK2,5849.0,nM,CC(=O)Nc1ccc(CNc2nc(OC3CCN(C)CC3)nc3c(C(C)C)cnn23)c(N(C)C)c1,5.232918378636677
CHEMBL5566455,CDK1,5891.0,nM,Cc1ccc(O)c(C)c1-n1c(N)c(C(=O)N2CCn3nccc3C2)c2nc(C)c(N3CCC[C@@H](O)C3)nc21,5.229810977264007
CHEMBL5594311,CDK9,5993.5,nM,CC(C)S(=O)(=O)c1ccccc1Nc1ccnc(N[C@H]2CC[C@H](N)CC2)n1,5.222319490335705
CHEMBL323594,CDK2,6000.0,nM,Cc1cc(NC(=O)c2ccc(Br)cc2)n[nH]1,5.221848749616356
CHEMBL101166,CDK1,6000.0,nM,CCC(CO)Nc1nc(NCc2cccc(O)c2)c2nc(Cl)n(C(C)C)c2n1,5.221848749616356
CHEMBL365988,CDK2,6000.0,nM,C[C@@H](C(=O)Nc1cc(C2CC2)[nH]n1)c1ccccc1,5.221848749616356
CHEMBL2163991,CDK2,6000.0,nM,N[C@H]1CC[C@H](Nc2nc3ccnn3c(Nc3ccc(F)c(Cl)c3)c2-c2ccccc2)CC1,5.221848749616356
CHEMBL38693,CDK4,6000.0,nM,Cc1nc2c(s1)C(=O)C=C(Nc1ccccc1)C2=O,5.221848749616356
CHEMBL117,CDK6,6000.0,nM,O=c1cc(-c2ccccc2)oc2cc(O)cc(O)c12,5.221848749616356
CHEMBL1173442,CDK1,6000.0,nM,C[C@H]1C/C=C/[C@@H](O)[C@@H](O)CC/C=C/c2cc(O)cc(O)c2C(=O)O1,5.221848749616356
CHEMBL129977,CDK1,6000.0,nM,CN(c1nc(NCCO)nc2c1ncn2C)C1CCCCC1,5.221848749616356
CHEMBL290904,CDK4,6000.0,nM,Cc1ccc(NC2=CC(=O)c3sc(C)nc3C2=O)cc1,5.221848749616356
CHEMBL101679,CDK2,6000.0,nM,CN(C)CC(O)COc1ccc(Nc2nccc(Nc3ccccc3Cl)n2)cc1,5.221848749616356
CHEMBL101557,CDK4,6000.0,nM,CN(C)CC(O)COc1ccc(Nc2cc(Nc3cc(C(F)(F)F)ccc3F)ncn2)cc1,5.221848749616356
CHEMBL3980597,CDK2,6010.0,nM,CCC(C)CN1CCN(c2ccc(Nc3ncc4cc5n(c4n3)C3(CCCC3)CNC5=O)nc2)CC1,5.221125527997261
CHEMBL3910976,CDK2,6100.0,nM,CC(C)N1CCN(c2ccc(Nc3ncc4cc5n(c4n3)C3(CCCCC3)CNC5=O)nc2)C[C@@H]1C,5.214670164989233
CHEMBL490241,CDK2,6100.0,nM,COc1cc(CN/C=C2\C(=O)NC(=O)c3ccc(Br)cc32)ccn1,5.214670164989233
CHEMBL4094627,CDK9,6100.0,nM,Cn1c(-c2ccc(N3CCNCC3)cc2)cc2c(C#N)ccnc21,5.214670164989233
CHEMBL5401897,CDK2,6100.0,nM,O=C(O)c1ccc([N+](=O)[O-])cc1NCCc1c[nH]c2ccccc12,5.214670164989233
CHEMBL480392,CDK2,6100.0,nM,CN1CCN(c2cccc3[nH]c(-c4n[nH]c5cc(-c6cccc(N)c6)ccc45)nc23)CC1,5.214670164989233
CHEMBL133498,CDK4,6150.0,nM,CN1CC[C@H](c2c(O)cc(O)c3c(=O)cc(Oc4ccccc4Cl)oc23)[C@H](O)C1,5.211124884224583
CHEMBL318208,CDK1,6200.0,nM,Cn1c2c(c3cc(Br)ccc31)CC(=O)Nc1ccccc1-2,5.207608310501746
CHEMBL1922123,CDK1,6200.0,nM,CC[C@@H](Nc1nc(NCc2cccnc2)c2ncn(C(C)C)c2n1)C(C)(C)O,5.207608310501746
CHEMBL233454,CDK1,6200.0,nM,N#Cc1cnc(Nc2ccc(CN3CCCC3)cc2)nc1-c1ccccc1,5.207608310501746
CHEMBL1922219,CDK6,6200.0,nM,CC[C@H](Nc1nc(NCc2cccnc2)c2ncn(C(C)C)c2n1)[C@@H](C)O,5.207608310501746
CHEMBL40326,CDK4,6300.0,nM,Cc1nc2c(s1)C(=O)C=C(Nc1ccc(F)cc1)C2=O,5.200659450546418
CHEMBL488271,CDK2,6300.0,nM,CNC(=N)SCCCn1c(=O)c2c(c1=O)n1c3ccccc3cc1c1cccc3ccn2c31,5.200659450546418
CHEMBL5598054,CDK2,6303.0,nM,N#CC1(CNc2cccc(-c3cc(Nc4cnn(Cc5ccc(C(=O)NO)cc5)c4)ncc3Cl)n2)CCOCC1,5.200452692874385
CHEMBL4635959,CDK9,6320.0,nM,Cc1cc(NC2CCN(C(=O)O[C@H]3CCN(C(=O)/C=C/CN(C)C)C3)CC2)n2ncc(C(C)C)c2n1,5.199282921717614
CHEMBL560075,CDK1,6330.0,nM,C[C@@H]1CNc2c(sc3ccc4nc(-c5cccnc5)ccc4c23)C(=O)N1,5.198596289982644
CHEMBL3929399,CDK2,6350.0,nM,C[C@H](O)CN1CCN(c2ccc(Nc3ncc4cc5n(c4n3)C3(CCCCC3)CNC5=O)nc2)CC1,5.197226274708024
CHEMBL317539,CDK1,6400.0,nM,COC(=O)CN1C(=O)Cc2c([nH]c3ccc(Br)cc23)-c2ccccc21,5.1938200260161125
CHEMBL2163606,CDK2,6400.0,nM,Cc1c(N[C@H]2CC[C@H](N)CC2)nc2ccnn2c1Nc1ccccc1Cl,5.1938200260161125
CHEMBL3691626,CDK1,6483.0,nM,CN(C)C(=O)c1cc2cnc(Nc3ccc(N4C[C@@H]5CNC[C@@H]5CC4=O)cn3)nc2n1C1CCCCCC1,5.188223978397096
CHEMBL5597651,CDK2,6488.0,nM,COc1cc(F)ccc1-c1cc(Nc2cnn(CCCCCCC(=O)NO)c2)ncc1F,5.1878891587969
CHEMBL256057,CDK2,6500.0,nM,Nc1c(S(=O)(=O)[O-])cc(Nc2ccccc2)c2c1C(=O)c1ccccc1C2=O.[Na+],5.187086643357144
CHEMBL233455,CDK1,6500.0,nM,N#Cc1cnc(Nc2ccc(CCN3CCCC3)cc2)nc1-c1ccccc1,5.187086643357144
CHEMBL440717,CDK1,6500.0,nM,CC(C)n1cnc2c(NCc3ccccc3)nc(NCC(O)c3ccccc3)nc21,5.187086643357144
CHEMBL2011945,CDK2,6520.0,nM,COc1ccc(F)cc1-c1nc2c(NCCCNC(=O)C3CCC3)c(Br)cnc2[nH]1,5.185752404268079
CHEMBL3655775,CDK9,6530.0,nM,CC(C)n1cnc2c(NCc3cccnc3)nc(NC[C@@H](C)O)nc21,5.185086818724926
CHEMBL112050,CDK2,6590.0,nM,CN1CCC(c2c(O)cc(O)c3c(=O)cc(Sc4ccccc4)oc23)C(O)C1,5.18111458540599
CHEMBL3663763,CDK9,6600.0,nM,COc1ccc(N)nc1-c1ccnc2[nH]c(C3CCNCC3)cc12,5.180456064458131
CHEMBL5404588,CDK2,6600.0,nM,Cc1ccc(S(=O)(=O)Nc2cc(S(=O)(=O)[O-])c(N)c3c2C(=O)c2ccccc2C3=O)cc1.[Na+],5.180456064458131
CHEMBL489432,CDK2,6600.0,nM,COc1ccc(CN/C=C2\C(=O)NC(=O)c3ccc(F)cc32)cc1O,5.180456064458131
CHEMBL503236,CDK2,6600.0,nM,Cl.N[C@@H](CCCN/C=C1\C(=O)Nc2ccc(Br)cc21)C(=O)O,5.180456064458131
CHEMBL491677,CDK4,6600.0,nM,COc1cc2ncnc(Nc3ccc(N4Cc5ccccc5C4)cc3)c2cc1OC,5.180456064458131
CHEMBL4107086,CDK2,6620.0,nM,CC(C)C[C@@H]1CNC(=O)c2cc3cnc(Nc4ccc(N5CCN(C)CC5)cn4)nc3n21,5.1791420105603
CHEMBL245935,CDK2,6652.0,nM,CC1CCN(NC(=O)N2CCC(Nc3ncc(Cl)c(-c4c[nH]c5ccccc45)n3)CC2)CC1,5.177047759452519
CHEMBL6030558,CDK9,6700.0,nM,O=C(Nc1cc(-c2ccc3ncn(CC4CCOCC4)c3c2)c(Cl)cn1)C(c1ccco1)N1CCNCC1,5.173925197299173
CHEMBL502651,CDK2,6700.0,nM,Nc1ccc(CN/C=C2\C(=O)NC(=O)c3ccc(Br)cc32)cc1O,5.173925197299173
CHEMBL3964783,CDK2,6700.0,nM,O=c1c(O)cccc2ccc(O)c(O)c12,5.173925197299173
CHEMBL4206957,CDK2,6700.0,nM,CN1CCN(CCCCOc2c(OCc3ccc(C#N)cc3)cc(O)c3c(=O)cc(-c4ccccc4)oc23)CC1,5.173925197299173
CHEMBL142788,CDK4,6700.0,nM,Cc1nc2c(s1)C(=O)C=C(Nc1ccc(Br)cc1)C2=O,5.173925197299173
CHEMBL140584,CDK4,6700.0,nM,Cc1nc2c(s1)C(=O)C=C(Nc1ccc(O)cc1)C2=O,5.173925197299173
CHEMBL549959,CDK1,6700.0,nM,C[C@@]12c3ccc4c(c3C(=O)c3occ(c31)C(=O)C[C@H]2O)CCC4=O,5.173925197299173
CHEMBL307145,CDK2,6800.0,nM,Oc1cccc(O)c1O,5.167491087293763
CHEMBL5773323,CDK9,6800.0,nM,COCc1cn(CC2CCOCC2)c2cc(-c3cc(NC(=O)[C@@H]4CCCNC4)ncc3Cl)cnc12,5.167491087293763
CHEMBL540752,CDK2,6800.0,nM,Cc1nnc2sc(S)nn12,5.167491087293763
CHEMBL474724,CDK2,6800.0,nM,CCNC(=N)SCCCN1C(=O)C2=C(C1=O)n1ccc3cccc(c31)C1Cc3ccccc3N21,5.167491087293763
CHEMBL1922219,CDK4,6800.0,nM,CC[C@H](Nc1nc(NCc2cccnc2)c2ncn(C(C)C)c2n1)[C@@H](C)O,5.167491087293763
CHEMBL2035184,CDK2,6800.0,nM,C1=C/COCc2cc(ccc2OCCN2CCCC2)Nc2nccc(n2)-c2csc(c2)COC/1,5.167491087293763
CHEMBL201511,CDK2,6900.0,nM,COc1cc(C2=C(c3c[nH]c4ccccc34)C(=O)NC2=O)cc(OC)c1OC,5.161150909262744
CHEMBL3663747,CDK9,6900.0,nM,COc1ccc(N)nc1-c1ccnc2[nH]c(C3CCCNC3)cc12,5.161150909262744
CHEMBL3963064,CDK2,6900.0,nM,CN(C)C1CCN(c2ccc(Nc3ncc4cc5n(c4n3)C3(CCCC3)CNC5=O)nc2)CC1,5.161150909262744
CHEMBL489430,CDK2,6900.0,nM,COc1ccc(CN/C=C2\C(=O)NC(=O)c3ccccc32)cc1O,5.161150909262744
CHEMBL269881,CDK1,7000.0,nM,Nc1nc(OCC2CCCCC2)c2nc[nH]c2n1,5.154901959985743
CHEMBL103633,CDK2,7000.0,nM,CN(C)CC(O)COc1ccc(Nc2nccc(Nc3ccccc3Br)n2)cc1,5.154901959985743
CHEMBL2035185,CDK2,7000.0,nM,C1=C/COCc2cc(ccc2OCCN2CCCC2)Nc2nccc(n2)-c2ccc(o2)COC/1,5.154901959985743
CHEMBL430574,CDK1,7000.0,nM,O=C1Cc2c([nH]c3ccccc23)-c2ccccc2N1,5.154901959985743
CHEMBL448853,CDK2,7000.0,nM,Clc1cncc(Nc2ccccc2)n1,5.154901959985743
CHEMBL1933345,CDK2,7000.0,nM,Oc1ccc(-c2nc(Nc3cccc(Cl)c3)nc3[nH]cnc23)cc1,5.154901959985743
CHEMBL6192843,CDK2,7000.0,nM,CN(C)C(=O)c1cccc(Nc2nc(OCC3CCCCC3)c3nc[nH]c3n2)c1,5.154901959985743
CHEMBL101019,CDK2,7000.0,nM,CN(C)CC(O)COc1ccc(Nc2nccc(Nc3ccccc3F)n2)cc1,5.154901959985743
CHEMBL38694,CDK4,7000.0,nM,Cc1nc2c(s1)C(=O)C=C(Nc1ccc(Cl)cc1)C2=O,5.154901959985743
CHEMBL1956071,CDK2,7000.0,nM,CCn1c(-c2nonc2N)nc2cncc(C(=O)N3CC[C@H](N)C3)c21,5.154901959985743
CHEMBL3691547,CDK1,7065.0,nM,CN(C)C(=O)c1cc2cnc(Nc3ccc(C(=O)N4CC5CCC(C4)N5)cn3)nc2n1C1CCCCCC1,5.150887833815423
CHEMBL414949,CDK2,7100.0,nM,O=C(Cc1ccccc1)Nc1n[nH]c2ccc(N3CCCCC3=O)cc12,5.1487416512809245
CHEMBL2158866,CDK2,7100.0,nM,CCN(CC)S(=O)(=O)c1cc(Nc2nccc(-c3ccnc(-c4ccc(NC(=O)NC)cc4)c3)n2)ccc1Cl,5.1487416512809245
CHEMBL3691552,CDK1,7101.0,nM,CN(C)C(=O)c1cc2cnc(Nc3ccc(C(=O)N4CC5CNC(C5)C4)cn3)nc2n1C1CCCC1,5.148680487351255
CHEMBL4781334,CDK9,7140.0,nM,C=CC(=O)Nc1ccc(C(=O)N2CCCC(Nc3ncc(CNCc4ncc(C(C)(C)C)o4)s3)C2)cc1,5.146301788223825
CHEMBL2409175,CDK2,7200.0,nM,CC(=O)Nc1cc(Nc2cc(NC3CC3)n3ncc(C#N)c3n2)ccc1C,5.142667503568731
CHEMBL338617,CDK1,7200.0,nM,COc1ccccc1CNc1nc(I)nc2c1ncn2C(C)C,5.142667503568731
CHEMBL4797288,CDK9,7280.0,nM,C=CC(=O)Nc1ccc(C(=O)N2CCC[C@@H](Nc3ncc(SCc4cncnc4)s3)C2)cc1,5.137868620686962
CHEMBL4114427,CDK2,7300.0,nM,C[C@H](O)CN1CCN(c2ccc(Nc3ncc4cc5n(c4n3)C3(CCCC3)CNC5=O)nc2)C[C@H]1C,5.136677139879544
CHEMBL2111870,CDK1,7300.0,nM,CC(C)n1cnc2c(NCc3ccccc3)nc(N[C@H](CO)Cc3ccccc3)nc21,5.136677139879544
CHEMBL3655776,CDK9,7400.0,nM,CC(C)n1cnc2c(NCc3cccnc3)nc(NCC(O)C(F)(F)F)nc21,5.130768280269024
CHEMBL121796,CDK1,7400.0,nM,Clc1cccc(Nc2[nH]cnc3nnc(NCc4ccccc4)c2-3)c1,5.130768280269024
CHEMBL203573,CDK2,7400.0,nM,NS(=O)(=O)c1ccc(Nc2cc(N[C@H]3CC[C@H](O)CC3)nc3ncnn23)cc1,5.130768280269024
CHEMBL4454044,CDK9,7450.0,nM,CC(C)c1cnn2c(NCc3ccccc3N(C)C)nc(OC3CCN(C)CC3)nc12,5.127843727251707
CHEMBL272171,CDK2,7500.0,nM,NC(=O)c1c(NC(=O)CN2C(=O)CCC2=O)sc2c1CCC2,5.1249387366083
CHEMBL1922123,CDK4,7500.0,nM,CC[C@@H](Nc1nc(NCc2cccnc2)c2ncn(C(C)C)c2n1)C(C)(C)O,5.1249387366083
CHEMBL1928705,CDK1,7500.0,nM,C[C@H](CN(C)C)Oc1nc(Nc2cc3cccc(Cl)c3cn2)cnc1C#N,5.1249387366083
CHEMBL1800219,CDK1,7500.0,nM,Nc1nccc(-c2cc(N3CCS(=O)(=O)CC3)ccc2O)n1,5.1249387366083
CHEMBL514499,CDK2,7600.0,nM,COc1cc2ncn(-c3cc(OCc4ccccc4C(F)(F)F)c(C(N)=O)s3)c2cc1OC,5.119186407719209
CHEMBL3985649,CDK2,7610.0,nM,CC(C)N1CCN(c2ccc(Nc3ncc4cc5n(c4n3)C3(CCCC3)CNC5=O)nc2)CC1C,5.118615343229427
CHEMBL488270,CDK2,7700.0,nM,O=C1C2=C(C(=O)N1CCCSC1=NCCN1)n1ccc3cccc(c31)C1Cc3ccccc3N21,5.113509274827518
CHEMBL487531,CDK2,7700.0,nM,CN1CCN(c2ccc(N/C=C3\C(=O)NC(=O)c4ccc(-c5ccc(C=O)cc5)cc43)cc2)CC1,5.113509274827518
CHEMBL5597436,CDK2,7800.0,nM,CN(C)C(=O)c1cc2cnc(Nc3ccc(S(=O)(=O)N(C)C)cc3Cl)cc2[nH]1,5.107905397309519
CHEMBL5596733,CDK9,7886.0,nM,O=C(/C=C/c1ccc(Nc2ncc(Cl)c(OC3CCCCC3)n2)cc1)NO,5.1031432272627955
CHEMBL3655766,CDK9,7890.0,nM,CC[C@H](Nc1nc(NCc2cccnc2)c2ncn(CC3CC3)c2n1)[C@@H](C)O,5.10292299679058
CHEMBL5930405,CDK9,7900.0,nM,O=C(Nc1cc(-c2ccc3ncn(CC4CCOCC4)c3c2)c(Cl)cn1)C1CNC1,5.102372908709558
CHEMBL5598262,CDK2,7900.0,nM,CN(C)C(=O)c1cc2cnc(Nc3ccc(-c4cnn(C)c4)cc3Cl)cc2[nH]1,5.102372908709558
CHEMBL549915,CDK1,7920.0,nM,Cc1ccncc1-c1ccc2c(ccc3sc4c(c32)NC[C@@H](C)NC4=O)n1,5.101274818410507
CHEMBL1800217,CDK1,7940.0,nM,CCC1CCN(c2ccc(O)c(-c3ccnc(N)n3)c2)CC1,5.100179497572904
CHEMBL133533,CDK1,8000.0,nM,CC(C)n1cnc2c(NCc3ccccc3)nc(I)nc21,5.096910013008056
CHEMBL130681,CDK1,8000.0,nM,OCCNc1nc(NCc2ccccc2)c2ncn(CCO)c2n1,5.096910013008056
CHEMBL101473,CDK2,8000.0,nM,Cc1cnc(Nc2ccc(OCC(O)CN(C)C)cc2)nc1Nc1ccccc1,5.096910013008056
CHEMBL366861,CDK2,8000.0,nM,Cc1cc(O)c(C=O)c2c1C(=O)Oc1c(COC(=O)/C=C/C(=O)O)c(O)c(C(=O)O)c(C)c1O2,5.096910013008056
CHEMBL3654239,CDK2,8000.0,nM,CN(C)C(=O)c1cc2cnc(Nc3ccc(N4CCCNCC4)cn3)nc2n1C1CCCC1,5.096910013008056
CHEMBL5400738,CDK2,8000.0,nM,O=C(O)c1cc(Cl)ccc1NCCc1c[nH]c2ccccc12,5.096910013008056
CHEMBL86066,CDK2,8000.0,nM,CC(C)n1cnc2c(NCc3ccccc3)nc(NCCO)nc21,5.096910013008056
CHEMBL99647,CDK4,8000.0,nM,CN(C)CC(O)COc1ccc(Nc2cc(Nc3ccccc3Cl)ncn2)cc1,5.096910013008056
CHEMBL100645,CDK1,8000.0,nM,CCC(CO)Nc1nc(NCc2ccccc2)c2nc(C)n(C(C)C)c2n1,5.096910013008056
CHEMBL418793,CDK4,8000.0,nM,Cc1ccccc1Nc1cc(Nc2ccc(OCC(O)CN(C)C)cc2)ncn1,5.096910013008056
CHEMBL100979,CDK4,8000.0,nM,Cc1nc2ccccn2c1-c1ccnc(N)n1,5.096910013008056
CHEMBL368786,CDK1,8080.0,nM,OCCCNc1ncc(-c2cncc(Nc3cccc(Cl)c3)n2)s1,5.092588639225414
CHEMBL488548,CDK2,8100.0,nM,CC(=O)Nc1ccc2c(c1)/C(=C/Nc1ccc(CN3CCCCC3)cc1)C(=O)NC2=O,5.0915149811213505
CHEMBL5191333,CDK2,8100.0,nM,COc1cc(F)ccc1-c1ccnc2[nH]c(C3CCC(NC(C)=O)C3)nc12,5.0915149811213505
CHEMBL461140,CDK2,8200.0,nM,CN(C)CCOc1ccc(/C=C/c2cc(-c3cc4c(=O)[nH]cnc4[nH]3)ccn2)cc1,5.086186147616283
CHEMBL2334965,CDK2,8200.0,nM,Nc1nccc(-n2ccc3ccc(Br)cc32)n1,5.086186147616283
CHEMBL16484,CDK4,8300.0,nM,CC(C)(C)Nc1nc(C(F)(F)F)nc2ccc(-c3cccnc3)cc12,5.080921907623926
CHEMBL3658034,CDK2,8300.0,nM,CN(C)C1CCN(c2ccc(Nc3ncc4cc(C#N)n(C5CCCC5)c4n3)nc2)CC1,5.080921907623926
CHEMBL477877,CDK2,8400.0,nM,O=C1NC(=O)c2ccc(I)cc2/C1=C/NCc1ccc(-c2ccco2)c(O)c1,5.075720713938118
CHEMBL3691556,CDK1,8439.0,nM,CN(C)C(=O)c1cc2cnc(Nc3ccc(C(=O)N4CC5CC(C4)N(C)C5)cn3)nc2n1C1CCCC1,5.073709013115137
CHEMBL365355,CDK2,8500.0,nM,C[C@@H](C(=O)Nc1cc(C2CC2)[nH]n1)c1ccc(N2CCN(C)C2=O)cc1,5.070581074285707
CHEMBL2035056,CDK2,8600.0,nM,COCCOc1ccc2cc1CN(C)C/C=C/COCc1ccc(o1)-c1ccnc(n1)N2,5.065501548756432
CHEMBL308848,CDK2,8800.0,nM,Cc1nc2ccccn2c1-c1ccnc(Nc2ccccc2Cl)n1,5.055517327849831
CHEMBL412142,CDK1,8800.0,nM,Cc1cnc(-c2cnc(NCCNc3ccc(C#N)cn3)nc2-c2ccc(Cl)cc2Cl)[nH]1,5.055517327849831
CHEMBL203006,CDK1,8800.0,nM,Brc1cccc(-c2cc(NCc3ccncc3)n3ncnc3n2)c1,5.055517327849831
CHEMBL5073869,CDK9,8835.0,nM,Cc1oc2ccc(-c3cc(N)nc(N)c3)cc2c1C,5.053793446157217
CHEMBL5597702,CDK2,8853.0,nM,COc1cc(F)ccc1-c1cc(Nc2cnn(CCCCCC(=O)NO)c2)ncc1F,5.052909535780378
CHEMBL5427192,CDK2,8900.0,nM,O=C(O)c1cc(OC(F)F)ccc1NCCc1c[nH]c2ccccc12,5.050609993355087
CHEMBL3109954,CDK2,8900.0,nM,CCOc1ccccc1Nc1cc2[nH]c(-c3cn[nH]c3)cc2cn1,5.050609993355087
CHEMBL99842,CDK4,8900.0,nM,CC(=O)Nc1nccc(-c2c(C)nc3ccccn23)n1,5.050609993355087
CHEMBL5598550,CDK2,8970.0,nM,N#CC1(CNc2cccc(-c3cc(Nc4cnn(CCCCCCC(=O)NO)c4)ncc3Cl)n2)CCOCC1,5.047207556955907
CHEMBL603097,CDK4,9000.0,nM,COc1ccc2nc3[nH]nc(C)c3c(OC)c2c1,5.045757490560675
CHEMBL387829,CDK1,9000.0,nM,COc1cc(Nc2ncc(C#N)c(-c3ccccc3)n2)ccc1CN1CCCC1,5.045757490560675
CHEMBL461739,CDK1,9000.0,nM,CC(C)n1cnc2ccc3nc(C(=N)NCc4ccccc4)sc3c2c1=O,5.045757490560675
CHEMBL119982,CDK1,9000.0,nM,Clc1cccc(Nc2[nH]nc3ncnc(NCc4ccccc4)c23)c1,5.045757490560675
CHEMBL101558,CDK4,9000.0,nM,CN(C)CC(O)COc1ccc(Nc2cc(Nc3c(F)cccc3F)ncn2)cc1,5.045757490560675
CHEMBL5188909,CDK9,9090.0,nM,CC(C)n1cnc2c(NCc3nc4ccc(F)c(F)c4[nH]3)nc(N3CCCC[C@H]3CCO)nc21,5.041436116778033
CHEMBL487738,CDK2,9100.0,nM,NS(=O)(=O)c1ccc(Nc2cncc(Cl)n2)cc1,5.040958607678906
CHEMBL5404411,CDK1,9103.0,nM,COc1ccc(Cc2nnc(N3CCN(C(=O)c4ccccc4)CC3)c3ccccc23)cc1,5.040815457268808
CHEMBL6160366,CDK1,9139.0,nM,Cc1ccc(O)c(C)c1-n1c(N)c(C(N)=O)c2c(=O)n(C)c(C)cc21,5.039101322673339
CHEMBL3691648,CDK1,9170.0,nM,CN(C)C(=O)c1cc2cnc(Nc3ccc(N4CC5CC4CN5)cn3)nc2n1C1CCCC1,5.0376306643299795
CHEMBL233765,CDK2,9300.0,nM,N=C1NC(=O)/C(=C/c2ccc(-c3ccc(C(N)=O)cc3)o2)S1,5.031517051446064
CHEMBL5401470,CDK2,9300.0,nM,O=C(O)c1ccc([N+](=O)[O-])c2c1NC(c1ccc(Cl)cc1)C1CC=CC21,5.031517051446064
CHEMBL3971523,CDK2,9350.0,nM,C[C@@H]1CN(c2ccc(Nc3ncc4cc5n(c4n3)C3(CCCC3)CNC5=O)nc2)C[C@H](C)N1,5.029188389127482
CHEMBL86066,CDK1,9400.0,nM,CC(C)n1cnc2c(NCc3ccccc3)nc(NCCO)nc21,5.026872146400301
CHEMBL5596321,CDK2,9400.0,nM,COC1CCN(C(=O)c2ccc(Nc3cc4[nH]c(C(=O)N(C)C)cc4cn3)c(Cl)c2)CC1,5.026872146400301
CHEMBL2011942,CDK2,9410.0,nM,NC(=O)c1cnc2[nH]c(-c3ccc(OCCN4CCCCC4)cc3)nc2c1NCCCNC(=O)C1CCC1,5.026410376572743
CHEMBL4074015,CDK1,9600.0,nM,C#Cc1nc(Nc2ccc(S(N)(=O)=O)cc2)nc2[nH]cnc12,5.017728766960431
CHEMBL3919835,CDK2,9620.0,nM,C[C@@H]1CN(c2ccc(Nc3ncc4cc5n(c4n3)C3(CCCCC3)CNC5=O)nc2)C[C@H](C)N1C,5.016824927962187
CHEMBL5597605,CDK2,9631.0,nM,COc1cc(F)ccc1-c1cc(Nc2ccc(NC(=O)CCCCCCC(=O)NO)cc2)ncc1F,5.016328617139804
CHEMBL1823656,CDK2,9800.0,nM,O=C(N[C@H](c1ccc(Cl)c(Cl)c1)C1CNC1)c1ccc2cnccc2c1,5.008773924307505
CHEMBL223360,CDK1,9800.0,nM,Cc1ccc(F)c(NC(=O)Nc2ccc(-c3cccc4[nH]nc(N)c34)cc2)c1,5.008773924307505
CHEMBL5556898,CDK2,9896.0,nM,CC(=O)Nc1ccc(CNc2nc(OC3CCN(C)CC3)nc3c(C(C)C)cnn23)c(-n2ccnc2)c1,5.004540313378936
CHEMBL3977652,CDK2,9960.0,nM,CN1CCN(c2ccc(Nc3ncc4cc5n(c4n3)C3(CCCC3)CNC5=O)nc2)CC1,5.001740661576301
CHEMBL480384,CDK2,10000.0,nM,CN1CCN(c2cccc3[nH]c(-c4n[nH]c5cc(C6=CC7=CC=CNC7C=C6)ccc45)nc23)CC1,5.0
CHEMBL2111869,CDK1,10000.0,nM,CC(C)n1cnc2c(NC(CO)c3ccccc3)nc(N3CCC[C@@H]3CO)nc21,5.0
CHEMBL3085246,CDK1,10000.0,nM,CC(C)(C)n1cnc2c(NCc3ccccc3)nc(N3CCC[C@@H]3CO)nc21,5.0
CHEMBL5419968,CDK2,10000.0,nM,COC(=O)c1ccc(NCCc2c[nH]c3ccccc23)c(C(=O)O)c1,5.0
CHEMBL471790,CDK2,10000.0,nM,COc1cc(N)ccc1-c1ccc2c(-c3nc4c(N5CCN(C)CC5)cccc4[nH]3)n[nH]c2c1,5.0
CHEMBL6149853,CDK2,10000.0,nM,CC[C@H](C(=O)N1CCCC[C@@H]1C(=O)O[C@H](CCc1ccc(OC)c(OC)c1)c1cccc(OCC(=O)NCCOCCOCCOCCOCCOCCOCCOCCCCCCCl)c1)c1cc(OC)c(OC)c(OC)c1,5.0
CHEMBL3702043,CDK4,10000.0,nM,c1cc2c3cnc(Nc4nsc(NC5CCNC5)n4)nc3n(C3CCCC3)c2cn1,5.0
CHEMBL413188,CDK1,10000.0,nM,O=C1NC(=O)c2c1c1c3ccccc3[nH]c1n1cncc21,5.0
CHEMBL1934327,CDK1,10000.0,nM,CN1CCC(COc2ccc3c(Nc4ccc(NC(=O)Nc5cccc(F)c5)cc4)ncnc3c2)CC1,5.0
CHEMBL2348171,CDK2,10000.0,nM,C#Cc1ccc2ccn(-c3ccnc(N)n3)c2c1,5.0
CHEMBL245725,CDK2,10000.0,nM,CCNC(=O)N1CCC(Nc2nccc(-c3c[nH]c4ccccc34)n2)CC1,5.0
CHEMBL520911,CDK2,10000.0,nM,CN1CCN(c2cccc3[nH]c(-c4n[nH]c5cc(-c6ccc7[nH]ccc7c6)ccc45)nc23)CC1,5.0
CHEMBL516244,CDK2,10000.0,nM,COc1ccccc1-c1ccc2c(-c3nc4c(N5CCN(C)CC5)cccc4[nH]3)n[nH]c2c1,5.0
CHEMBL130315,CDK1,10000.0,nM,CC(C)n1cnc2c(NCc3cc(C(F)(F)F)cc(C(F)(F)F)c3)nc(I)nc21,5.0
CHEMBL217092,CDK2,10000.0,nM,CN1CCN(CCOc2cc(OC3CCOCC3)c3c(Nc4c(Cl)ccc5c4OCO5)ncnc3c2)CC1,5.0
CHEMBL3797559,CDK1,10000.0,nM,Nc1ncccc1-c1nc2ccccc2[nH]1,5.0
CHEMBL333382,CDK2,10000.0,nM,O=C(Nc1cc(C2CCCCC2)[nH]n1)c1ccc(Br)cc1,5.0
CHEMBL115446,CDK2,10000.0,nM,O=C(Nc1cc(C2CC2)[nH]n1)c1ccccc1Cl,5.0
CHEMBL84140,CDK1,10000.0,nM,CC(C)n1cnc2c(N)nc(NCCCO)nc21,5.0
CHEMBL602679,CDK2,10000.0,nM,COc1cccc2c1c(Cl)c1c3c(cc(O)c(O)c32)C(=O)N1,5.0
CHEMBL3702075,CDK6,10000.0,nM,c1cc(Nc2ncc3c4sncc4n(C4CCCC4)c3n2)ncc1N1CCNCC1,5.0
CHEMBL5285681,CDK4,10000.0,nM,CN(Cc1ccccc1)C(=O)CCc1c[nH]c2ccccc12,5.0
CHEMBL392613,CDK2,10000.0,nM,CCNC(=O)N1CCC(Nc2nccc(-n3ccc4ccccc43)n2)CC1,5.0
CHEMBL3085249,CDK1,10000.0,nM,CC(C)n1cnc2c(N(Cc3ccccc3)Cc3ccccc3)nc(N3CCC[C@@H]3CO)nc21,5.0
CHEMBL399042,CDK1,10000.0,nM,COC(=O)c1cccc2[nH]c(-c3n[nH]c4ncc(-c5cncc6ccccc56)cc34)nc12,5.0
CHEMBL472148,CDK2,10000.0,nM,CC(=O)c1ccc(-c2ccc3c(-c4nc5c(N6CCN(C)CC6)cccc5[nH]4)n[nH]c3c2)cc1,5.0
CHEMBL471791,CDK2,10000.0,nM,CN1CCN(c2cccc3[nH]c(-c4n[nH]c5cc(-c6ccc(C(=O)O)cc6)ccc45)nc23)CC1,5.0
CHEMBL1276127,CDK1,10000.0,nM,O=C1Nc2ccccc2/C1=C1/Nc2ccccc2C1=O,5.0
CHEMBL5439075,CDK2,10000.0,nM,Cc1cnc2nc1-c1cccc(c1)COC/C=C/COCc1cc(ccc1OCCN1CCCC1)N2,5.0
CHEMBL210229,CDK1,10000.0,nM,CC(C)n1cnc2ccc3nc(C(=N)NCCN(C)C)sc3c2c1=O,5.0
CHEMBL4877117,CDK9,10000.0,nM,Cn1cc(-n2cnc3c(NCc4nc5cc(Cl)c(Cl)cc5[nH]4)nc(N4CCOCC4)nc32)cn1,5.0
CHEMBL1800447,CDK1,10000.0,nM,Nc1nccc(-c2cc(N3CCC(O)CC3)ccc2O)n1,5.0
CHEMBL2029907,CDK1,10000.0,nM,CN1CCN(C(=O)c2cc(Nc3ncc4cc(C(=O)O)n(C5CCCC5)c4n3)cn2C)CC1,5.0
CHEMBL3702075,CDK4,10000.0,nM,c1cc(Nc2ncc3c4sncc4n(C4CCCC4)c3n2)ncc1N1CCNCC1,5.0
CHEMBL12131,CDK2,10000.0,nM,Cc1cc(C(C#N)c2ccc(Cl)cc2)c(Cl)cc1NC(=O)c1cc(I)cc(I)c1O,5.0
CHEMBL79049,CDK4,10000.0,nM,CCCCOc1c(C(=O)c2c(F)cc(F)cc2F)c[nH]c2nncc1-2,5.0
CHEMBL99782,CDK1,10000.0,nM,CCC(CO)Nc1nc(NCc2ccccc2)c2nc(S)n(C(C)C)c2n1,5.0
CHEMBL474433,CDK2,10000.0,nM,CN1CCN(c2cccc3[nH]c(-c4n[nH]c5cc(-c6ccc(CN)cc6)ccc45)nc23)CC1,5.0
CHEMBL2204592,CDK1,10000.0,nM,CNc1cc(Nc2cnc(C#N)c(O[C@H](C)CN(C)C)n2)ncc1-c1cnn(C)c1,5.0
CHEMBL474600,CDK2,10000.0,nM,CC(=O)Nc1ccc(-c2ccc3c(-c4nc5c(N6CCN(C)CC6)cccc5[nH]4)n[nH]c3c2)cc1,5.0
CHEMBL482350,CDK2,10000.0,nM,COc1cc(F)ccc1-c1ccc2c(-c3nc4c(N5CCN(C)CC5)cccc4[nH]3)n[nH]c2c1,5.0
CHEMBL336995,CDK1,10000.0,nM,CC(C)n1cnc2c(NCc3ccccc3C(F)(F)F)nc(I)nc21,5.0
CHEMBL405665,CDK9,10000.0,nM,Nc1nccc(-c2c[nH]c3ncccc23)n1,5.0
CHEMBL1809195,CDK2,10000.0,nM,COc1cc(N2CCN(C(C)=O)CC2)ccc1Nc1ncc(C)c(-c2cnc3ccccn23)n1,5.0
CHEMBL405665,CDK2,10000.0,nM,Nc1nccc(-c2c[nH]c3ncccc23)n1,5.0
CHEMBL475640,CDK2,10000.0,nM,COc1ccc(-c2ccc3c(-c4nc5c(N6CCN(C)CC6)cccc5[nH]4)n[nH]c3c2)c(OC)c1,5.0
CHEMBL3702048,CDK6,10000.0,nM,CCOC(=O)c1ccc(Nc2ncc3c4ccncc4n(C4CCCC4)c3n2)nc1,5.0
CHEMBL3702069,CDK4,10000.0,nM,CCC(CC)n1c2cnccc2c2cnc(Nc3ccc(N4CC[C@@H](O)C4)nn3)nc21,5.0
CHEMBL3691623,CDK1,10072.5,nM,CN(C)C(=O)c1cc2cnc(Nc3ccc(N4C[C@@H]5CNC[C@@H]5C4=O)cn3)nc2n1C1CCCC1,4.996862723939585
CHEMBL3691608,CDK1,10377.0,nM,CN(C)C(=O)c1cc2cnc(Nc3ccc(C(=O)N4CC5CC4CN5)cn3)nc2n1C1CCCCC1,4.983928183265976
CHEMBL3421969,CDK2,10476.0,nM,COc1cc(N2CCN(C)CC2)ccc1Nc1nccc(-c2c[nH]c3cnc(C)cc23)n1,4.979804510246805
CHEMBL4163879,CDK9,10500.0,nM,CN(C)C/C=C/C(=O)Nc1ccc(C(=O)N2CCC[C@@H](Nc3ncc(Cl)c(-c4c[nH]c5ccccc45)n3)C2)cc1,4.978810700930062
CHEMBL4648857,CDK9,10500.0,nM,CN(C)C/C=C/C(=O)Nc1ccc(C(=O)N2CCC[C@H](Nc3ncc(Cl)c(-c4c[nH]c5ccccc45)n3)C2)cc1,4.978810700930062
CHEMBL3691633,CDK1,10777.0,nM,CN(C)C(=O)c1cc2cnc(Nc3ccc(N4C(=O)CN5CCC4CC5)cn3)nc2n1C1CCCCCC1,4.96750211714289
CHEMBL549585,CDK1,10800.0,nM,C[C@@H]1CNc2c(sc3ccc4nc(-c5cncnc5)ccc4c23)C(=O)N1,4.966576244513051
CHEMBL554286,CDK1,10900.0,nM,C[C@@H]1CNc2c(sc3ccc4nc(-c5ccccc5F)ccc4c23)C(=O)N1,4.962573502059376
CHEMBL1922209,CDK4,11000.0,nM,CCC(O)[C@H](CC)Nc1nc(NCc2cccnc2)c2ncn(C(C)C)c2n1,4.958607314841775
CHEMBL2163994,CDK2,11000.0,nM,Cc1c(N[C@H]2CC[C@H](N)CC2)nc2ccnn2c1Nc1ccc(F)c(Cl)c1,4.958607314841775
CHEMBL554,CDK2,11000.0,nM,CS(=O)(=O)CCNCc1ccc(-c2ccc3ncnc(Nc4ccc(OCc5cccc(F)c5)c(Cl)c4)c3c2)o1,4.958607314841775
CHEMBL542013,CDK2,11000.0,nM,CCSc1nn2c(C)nnc2s1,4.958607314841775
CHEMBL206109,CDK2,11000.0,nM,NS(=O)(=O)c1ccc(Nc2cc(OCC3CCCCC3)nc3ncnn23)cc1,4.958607314841775
CHEMBL3798066,CDK2,11000.0,nM,CN(C)C(=O)c1cccc(-c2cnc(N)c(-c3nc4cccc(N5CCNCC5)c4[nH]3)n2)c1,4.958607314841775
CHEMBL131031,CDK1,11000.0,nM,C=CCN(C)c1nc(I)nc2c1ncn2C(C)C,4.958607314841775
CHEMBL5170524,CDK2,11000.0,nM,COc1cc(C(=O)N2CCCC2)ccc1-c1ccnc2[nH]c(C3CCNCC3)cc12,4.958607314841775
CHEMBL551722,CDK2,11000.0,nM,Cc1nnc2sc(NN)nn12,4.958607314841775
CHEMBL3954643,CDK2,11100.0,nM,O=C1NCC2(CCCC2)n2c1cc1cnc(Nc3ccc(N4CCNCC4)cn3)nc12,4.954677021213342
CHEMBL3892888,CDK2,11600.0,nM,O=C1NCC2(CCCCC2)n2c1cc1cnc(Nc3ccc(N4CCC(N5CCC(C(F)(F)F)CC5)CC4)cn3)nc12,4.935542010773082
CHEMBL5556499,CDK9,11621.0,nM,CC(=O)Nc1ccc(CNc2nc(NC3CCNCC3)nc3c(C(C)C)cnn23)cc1,4.934756498813536
CHEMBL522590,CDK2,11700.0,nM,Cn1cc(C2=C(c3coc4cc(CO)ccc34)C(=O)NC2=O)c2cc(F)c(Cl)cc21,4.931814138253839
CHEMBL3654242,CDK1,12000.0,nM,CN(C)C(=O)c1cc2cnc(Nc3ccc(CN4CC(O)C4)cn3)nc2n1C1CCCC1,4.920818753952375
CHEMBL5184492,CDK6,12000.0,nM,C[C@H]1C[C@@H]2CN1CCn1[nH]c3c(cccc3c1=O)-c1nc3c(cccc3[nH]c1=O)O2,4.920818753952375
CHEMBL1922120,CDK1,12000.0,nM,CCC(O)[C@@H](CC)Nc1nc(NCc2cccnc2)c2ncn(C(C)C)c2n1,4.920818753952375
CHEMBL1922212,CDK4,12000.0,nM,CC[C@H](Nc1nc(NCc2cccnc2)c2ncn(C(C)C)c2n1)C(C)(C)O,4.920818753952375
CHEMBL101887,CDK2,12000.0,nM,CN(C)CC(O)COc1ccc(Nc2nccc(N(CCCC(F)(F)F)c3cc(Cl)ccc3Cl)n2)cc1,4.920818753952375
CHEMBL133042,CDK1,12000.0,nM,Cn1cnc2c(NCc3ccccc3)nc(Cl)nc21,4.920818753952375
CHEMBL3421963,CDK2,12295.0,nM,COc1cc(N2CCN(C)CC2)ccc1Nc1cc(-c2c[nH]c3cnccc23)ncn1,4.910271466925264
CHEMBL5744498,CDK9,12500.0,nM,Nc1cc(-c2ccc3nnn(Cc4ccc(C(=O)O)cc4)c3c2)c(Cl)cn1,4.903089986991944
CHEMBL3809172,CDK4,12500.0,nM,O=C1N=C(C(=O)c2c[nH]c3ccccc23)N/C1=C\c1c[nH]c2cc(O)ccc12,4.903089986991944
CHEMBL450383,CDK2,12500.0,nM,O=C1NC(=O)c2ccccc2/C1=C/NCc1ccc(O)c(O)c1,4.903089986991944
CHEMBL3691612,CDK1,12731.0,nM,CN(C)C(=O)c1cc2cnc(Nc3ccc(C(=O)N4CC[C@@H]5CC[C@H](C4)N5)cn3)nc2n1C1CCCC1,4.895137481858923
CHEMBL3691587,CDK1,12815.0,nM,CN(C)C(=O)c1cc2cnc(Nc3ccc(C(=O)N4CC5CCC(C4)N5C)cn3)nc2n1C1CCCC1,4.892281389479737
CHEMBL3691579,CDK1,12965.0,nM,CN(C)C(=O)c1cc2cnc(Nc3ccc(C(=O)N4CC5CCC(C4)N5)cn3)nc2n1[C@@H]1C[C@H]2CC[C@@H]1C2,4.88722747889463
CHEMBL510863,CDK1,13000.0,nM,CCOC(=N)c1nc2ccc3ncn(C(C)C)c(=O)c3c2s1,4.886056647693163
CHEMBL4582624,CDK9,13000.0,nM,COC(=O)N1CCN([C@H]2CC[C@H](Nc3nc(Nc4cnn(C)c4)nc4ccc(CC#N)nc34)CC2)CC1,4.886056647693163
CHEMBL5404611,CDK2,13000.0,nM,O=C(O)c1ccc(Br)cc1NCCc1c[nH]c2ccccc12,4.886056647693163
CHEMBL405551,CDK2,13000.0,nM,c1nc(OCC2CCCCC2)c2nc[nH]c2n1,4.886056647693163
CHEMBL103272,CDK1,13000.0,nM,CC(C)C(CO)Nc1nc(Nc2cccc(Cl)c2)c2nc(Cl)n(C(C)C)c2n1,4.886056647693163
CHEMBL3218000,CDK2,13000.0,nM,C#Cc1cccc(Nc2ncnc3ccc(OCc4ccc(C(=O)Nc5ccccc5N)cc4)cc23)c1,4.886056647693163
CHEMBL478797,CDK1,13000.0,nM,Cn1c(=O)[nH]c2ncnc(NCCS(=O)(=O)O)c21,4.886056647693163
CHEMBL1922209,CDK1,13000.0,nM,CCC(O)[C@H](CC)Nc1nc(NCc2cccnc2)c2ncn(C(C)C)c2n1,4.886056647693163
CHEMBL1922211,CDK4,13000.0,nM,CC[C@H](Nc1nc(NCc2cccnc2)c2ncn(C(C)C)c2n1)C(O)C(C)(C)C,4.886056647693163
CHEMBL4471178,CDK2,13000.0,nM,CC(C)n1cnc2c(NCc3cccc(C(F)(F)F)c3)ncnc21,4.886056647693163
CHEMBL3658072,CDK1,13000.0,nM,CN(C)C(=O)c1cc2cnc(Nc3ccc(C(=O)N4CCC(O)CC4)cn3)nc2n1C1CCCC1,4.886056647693163
CHEMBL3691561,CDK1,13206.0,nM,CN(C)C(=O)c1cc2cnc(Nc3ccc(C(=O)N4CC5CCC(C4)N5)cn3)nc2n1C1CCCC1,4.8792287070630085
CHEMBL3691650,CDK1,13280.5,nM,CN(C)C(=O)c1cc2cnc(Nc3ccc(N4CCC5(CCCN5)C4=O)cn3)nc2n1C1CCCC1,4.876785573826948
CHEMBL443338,CDK1,13300.0,nM,O=C1NCc2cccc(-c3cc4cc(O)ccc4[nH]3)c21,4.876148359032914
CHEMBL3691669,CDK1,13338.0,nM,CN(C)C(=O)c1cc2cnc(Nc3ccc(N4C[C@H]5CC[C@@H](CC4=O)N5)cn3)nc2n1C1CCCCC1,4.874909286917366
CHEMBL600386,CDK2,13400.0,nM,O=C(O)c1cc(O)c(O)c2c1c([N+](=O)[O-])cc1ccccc12,4.872895201635193
CHEMBL478487,CDK2,13600.0,nM,Cc1ccc(CN/C=C2\C(=O)NC(=O)c3ccc(I)cc32)cc1O,4.866461091629782
CHEMBL3125722,CDK2,13600.0,nM,COc1ccc(-c2nc3c(NCCCNC(=O)C4CCCC4)c(-c4nc(C(=O)O)cs4)cnc3[nH]2)cc1,4.866461091629782
CHEMBL3421971,CDK2,13713.0,nM,COc1cc(N2CCN(C)CC2)ccc1Nc1nccc(-c2cn(C)c3c(C)nccc23)n1,4.862867523991007
CHEMBL2158863,CDK1,14000.0,nM,CCN(CC)S(=O)(=O)c1cc(Nc2nccc(-c3ccnc(-c4ccc(NC(=O)NC)cc4)c3)n2)ccc1C,4.853871964321762
CHEMBL3654239,CDK1,14000.0,nM,CN(C)C(=O)c1cc2cnc(Nc3ccc(N4CCCNCC4)cn3)nc2n1C1CCCC1,4.853871964321762
CHEMBL1964252,CDK1,14000.0,nM,Cc1cccc(C)c1NS(=O)(=O)c1ccc(N/C=C2\C(=O)Nc3ccc4ncsc4c32)cc1,4.853871964321762
CHEMBL2062581,CDK2,14000.0,nM,CC(=O)Nc1ccc2[nH]cc(-c3cc(NC4CC4)n4ncc(C#N)c4n3)c2c1,4.853871964321762
CHEMBL1801932,CDK1,14000.0,nM,CC(C)c1cnn2c(NCc3ccccc3)cc(NCCCCCCN)nc12,4.853871964321762
CHEMBL550712,CDK2,14000.0,nM,Nc1nc(O)c(Cc2nn3c(Cc4ccccc4)nnc3s2)s1,4.853871964321762
CHEMBL103567,CDK1,14000.0,nM,Cc1nc2c(Nc3cccc(Cl)c3)nc(NC3CCC(N)CC3)nc2n1C(C)C,4.853871964321762
CHEMBL3654242,CDK2,14000.0,nM,CN(C)C(=O)c1cc2cnc(Nc3ccc(CN4CC(O)C4)cn3)nc2n1C1CCCC1,4.853871964321762
CHEMBL1922218,CDK4,14000.0,nM,CC[C@@H](Nc1nc(NCc2cccnc2)c2ncn(C(C)C)c2n1)[C@H](C)O,4.853871964321762
CHEMBL3421964,CDK2,14060.0,nM,COc1cc(N2CCN(C(C)=O)CC2)ccc1Nc1cc(-c2c[nH]c3cnccc23)ncn1,4.852014679316195
CHEMBL5872986,CDK9,14100.0,nM,O=C(OCc1ccccc1)N1CCC(Nc2cc(-c3ccc4ncn(Cc5cccc(F)c5)c4c3)c(Cl)cn2)(c2ccc(F)cc2)CC1,4.85078088734462
CHEMBL3691628,CDK1,14105.5,nM,CN(C)C(=O)c1cc2cnc(Nc3ccc(N4C[C@H]5CNC[C@H]5CC4=O)cn3)nc2n1C1CCCC1,4.85061151472717
CHEMBL3691632,CDK1,14159.0,nM,CN1C[C@H]2CN(c3ccc(Nc4ncc5cc(C(=O)N(C)C)n(C6CCCC6)c5n4)nc3)C(=O)[C@H]2C1,4.848967418243558
CHEMBL5557269,CDK9,14461.0,nM,CC(C)c1cnn2c(NCc3ccccc3N)nc(OC3CCN(C)CC3)nc12,4.839801673883431
CHEMBL3421965,CDK2,14789.0,nM,COc1cc(N2CCN(C(C)=O)CC2)ccc1Nc1cc(-c2cn(C)c3cnccc23)ncn1,4.830061191058185
CHEMBL3658028,CDK1,14800.0,nM,CN(C)C(=O)c1cc2cnc(Nc3ccc(C(=O)N(C)CCN)cn3)nc2n1C1CCCC1,4.8297382846050425
CHEMBL603073,CDK2,15000.0,nM,O=C1Nc2cc3ccccc3c3c4c(cc1c23)OCO4,4.823908740944319
CHEMBL3654260,CDK1,15000.0,nM,CN(C)C(=O)c1cc2cnc(Nc3ccc(N4CCN(C[C@H](O)CO)CC4)cn3)nc2n1C1CCCC1,4.823908740944319
CHEMBL556836,CDK2,15000.0,nM,c1ccc(Cc2nnc3sc(SSc4nn5c(Cc6ccccc6)nnc5s4)nn23)cc1,4.823908740944319
CHEMBL570313,CDK2,15000.0,nM,NNc1nn2c(COc3ccc(Cl)cc3)nnc2s1,4.823908740944319
CHEMBL1630111,CDK2,15000.0,nM,Nc1ccccc1NC(=O)c1ccc(-c2ccc3ncnc(Nc4ccc(OCc5cccc(F)c5)c(Cl)c4)c3c2)o1,4.823908740944319
CHEMBL3589660,CDK9,15000.0,nM,O=C(O)c1nc2ccccc2c2[nH]c3c(Cl)cccc3c12,4.823908740944319
CHEMBL317281,CDK4,15000.0,nM,CN(C)CC(O)COc1ccc(Nc2cc(Nc3ccc(F)cc3F)ncn2)cc1,4.823908740944319
CHEMBL223147,CDK2,15000.0,nM,CCN1C(=O)C(C)(C)c2cc3[nH]c4c(c3cc21)CCCc1c(C)n[nH]c1-4,4.823908740944319
CHEMBL5412165,CDK2,15000.0,nM,N#Cc1ccc(NCCc2c[nH]c3ccccc23)c(C(=O)O)c1,4.823908740944319
CHEMBL601026,CDK2,15000.0,nM,O=C(O)c1cc2c(c3c1c([N+](=O)[O-])cc1c(O)cccc13)OCO2,4.823908740944319
CHEMBL100664,CDK2,15000.0,nM,COc1ccccc1Nc1ccnc(Nc2ccc(OCC(O)CN(C)C)cc2)n1,4.823908740944319
CHEMBL5394608,CDK2,15000.0,nM,Cn1cc(CCNc2ccc([N+](=O)[O-])cc2C(=O)O)c2cccc(Cl)c21,4.823908740944319
CHEMBL6024840,CDK9,15100.0,nM,NS(=O)(=O)c1ccc(Nc2cc(-c3ccc4ncn(Cc5cccc(F)c5)c4c3)c(Cl)cn2)cc1,4.82102305270683
CHEMBL478488,CDK2,15100.0,nM,O=C1NC(=O)c2ccc(I)cc2/C1=C/NCc1ccc(-c2ccccc2)c(O)c1,4.82102305270683
CHEMBL5193291,CDK9,16000.0,nM,Cn1cc(-c2ccc(N(C(=O)NCc3ccccc3)C3CCC(Nc4ccc(C#N)cn4)CC3)cc2)ccc1=O,4.795880017344075
CHEMBL333231,CDK1,16000.0,nM,Clc1cccc(CNc2[nH]nc3ncnc(Nc4cccc(Cl)c4)c23)c1,4.795880017344075
CHEMBL5192139,CDK1,16000.0,nM,COc1cc(F)ccc1-c1ccnc2[nH]c(C3CCNCC3)nc12,4.795880017344075
CHEMBL1809196,CDK2,16000.0,nM,COc1cc(N2CCN(C(C)=O)CC2)ccc1Nc1ncc(C(F)(F)F)c(-c2cnc3ccccn23)n1,4.795880017344075
CHEMBL206659,CDK1,16000.0,nM,CS(=O)(=O)c1ccc(Nc2cc(N[C@H]3CC[C@H](N)CC3)nc3ncnn23)cc1,4.795880017344075
CHEMBL561985,CDK2,16000.0,nM,Cc1nnc2sc(SCc3ccccc3)nn12,4.795880017344075
CHEMBL447237,CDK1,16000.0,nM,CCC(CO)Nc1nc(NCc2ccccc2)c2nc([N+](=O)[O-])n(C(C)C)c2n1,4.795880017344075
CHEMBL5413620,CDK2,16000.0,nM,Cc1[nH]c2ccccc2c1CCNc1ccc([N+](=O)[O-])cc1C(=O)O,4.795880017344075
CHEMBL493940,CDK2,16000.0,nM,CNc1nc2oc(-c3ccccc3)nc2c2c1ncn2C,4.795880017344075
CHEMBL334881,CDK4,16200.0,nM,CN1CC[C@H](c2c(O)cc(O)c3c(=O)cc(Sc4ccccc4Cl)oc23)[C@H](O)C1,4.790484985457369
CHEMBL4106830,CDK2,16460.0,nM,CC(C)[C@H]1CNC(=O)c2cc3cnc(Nc4ccc(N5CCNCC5)cn4)nc3n21,4.783570169123749
CHEMBL3980145,CDK2,16500.0,nM,CC1CN(c2ccc(Nc3ncc4cc5n(c4n3)C3(CCCC3)CNC5=O)nc2)CC(C)N1CCC(C)(C)C,4.782516055786093
CHEMBL606426,CDK2,16500.0,nM,COc1cccc2c1c(Cl)c([N+](=O)[O-])c1c(C(=O)O)cc(O)c(O)c12,4.782516055786093
CHEMBL2334966,CDK2,16500.0,nM,N#Cc1ccc2ccn(-c3ccnc(N)n3)c2c1,4.782516055786093
CHEMBL3421975,CDK2,16884.0,nM,CS(=O)(=O)c1ccc(-c2nccc(-c3c[nH]c4cnccc34)n2)cc1,4.772524656517629
CHEMBL447758,CDK2,16900.0,nM,O=C1NC(=O)c2ccccc2/C1=C/NCc1cccc(O)c1,4.772113295386326
CHEMBL489030,CDK2,16900.0,nM,COc1coc(CN/C=C2\C(=O)NC(=O)c3ccc(Br)cc32)cc1=O,4.772113295386326
CHEMBL269881,CDK2,17000.0,nM,Nc1nc(OCC2CCCCC2)c2nc[nH]c2n1,4.769551078621726
CHEMBL131378,CDK1,17000.0,nM,CC(C)n1cnc2c(NCc3ccccc3)nc(Cl)nc21,4.769551078621726
CHEMBL3218001,CDK2,17000.0,nM,C#Cc1cccc(Nc2ncnc3ccc(S(=O)(=O)n4ccc(/C=C/C(=O)Nc5ccccc5N)c4)cc23)c1,4.769551078621726
CHEMBL269538,CDK1,17000.0,nM,COc1ccc2c(c1)[nH]c1c(C)nccc12,4.769551078621726
CHEMBL606245,CDK2,17000.0,nM,Cc1c(Nc2c(C#N)cncc2/C=C/CCN2CCC[C@@H](N)C2)ccc2[nH]ccc12,4.769551078621726
CHEMBL2348172,CDK2,17000.0,nM,Nc1nccc(-n2ccc3ccc(C(F)(F)F)cc32)n1,4.769551078621726
CHEMBL1332616,CDK2,17000.0,nM,O=C1OC2(c3ccccc31)c1cc(I)c(O)c(I)c1Oc1c2cc(I)c(O)c1I,4.769551078621726
CHEMBL489627,CDK2,17300.0,nM,O=C1NC(=O)c2ccccc2/C1=C/NCc1ccc(O)cc1,4.761953896871205
CHEMBL3421970,CDK2,17368.0,nM,COc1cc(N2CCN(C)CC2)ccc1Nc1nccc(-c2c[nH]c3c(C)nccc23)n1,4.760250189553636
CHEMBL3691550,CDK1,17590.0,nM,CN(C)C(=O)c1cc2cnc(Nc3ccc(C(=O)N4CC5CCC4C5O)cn3)nc2n1C1CCCCCC1,4.754734160542538
CHEMBL445162,CDK2,17600.0,nM,CS(=O)(=O)c1cccc(Nc2nccc(Nc3c(Cl)ccc4c3OCO4)n2)c1,4.7544873321858505
CHEMBL336117,CDK1,18000.0,nM,C=CCN(C)c1nc(I)nc2c1ncn2C,4.7447274948966935
CHEMBL405551,CDK1,18000.0,nM,c1nc(OCC2CCCCC2)c2nc[nH]c2n1,4.7447274948966935
CHEMBL99699,CDK4,18000.0,nM,CC(C)c1ccccc1Nc1cc(Nc2ccc(OCC(O)CN(C)C)cc2)ncn1,4.7447274948966935
CHEMBL600387,CDK2,18000.0,nM,O=C(O)c1cc(O)c(O)c2c1c([N+](=O)[O-])c(Cl)c1ccccc12,4.7447274948966935
CHEMBL430854,CDK2,18000.0,nM,CN(C)CC(O)COc1ccc(Nc2nccc(Nc3ccc(Cl)cc3)n2)cc1,4.7447274948966935
CHEMBL388566,CDK1,18000.0,nM,O=C1NCCc2[nH]c(-c3ccnc(-c4ccccc4)c3)cc21,4.7447274948966935
CHEMBL186290,CDK4,18000.0,nM,Cc1cc2c3c(c1)c(C1=C(c4cnc5ccccn45)C(=O)NC1=O)cn3CCN(C(=O)N1CCCCC1)C2,4.7447274948966935
CHEMBL264406,CDK2,18000.0,nM,CC(C)(C)n1nc(-c2cccc3ccccc23)c2c(N)ncnc21,4.7447274948966935
CHEMBL5285499,CDK2,18200.0,nM,CCCc1cc(N[C@@H]2CC[C@@H](N)C2)n2nccc2n1,4.739928612014925
CHEMBL489646,CDK2,18300.0,nM,COc1ccc(CN/C=C2\C(=O)NC(=O)c3ccc(-c4ccsc4)cc32)cc1O,4.73754891026957
CHEMBL3134612,CDK2,18782.0,nM,COc1cc(Nc2nccc(-c3ccc(Cl)cc3)n2)cc(OC)c1OC,4.726258163788953
CHEMBL3663785,CDK9,19000.0,nM,O=C(Nc1ccc(Cl)c(-c2ccnc3[nH]c(C4CCNCC4)cc23)n1)c1ccccc1,4.721246399047171
CHEMBL100945,CDK2,19000.0,nM,C#CCN(c1cc(Nc2ccc(OCC(O)CN(C)C)cc2)ncn1)c1cc(Cl)ccc1Cl,4.721246399047171
CHEMBL100664,CDK4,19000.0,nM,COc1ccccc1Nc1ccnc(Nc2ccc(OCC(O)CN(C)C)cc2)n1,4.721246399047171
CHEMBL396360,CDK2,19000.0,nM,N=C1NC(=O)/C(=C/c2ccc(-c3ccccc3[N+](=O)[O-])o2)S1,4.721246399047171
CHEMBL1760057,CDK2,19500.0,nM,c1ccc2ncc(Nc3ccnc(Nc4ccc(OCCCN5CCCCC5)cc4)n3)cc2c1,4.709965388637482
CHEMBL486284,CDK2,19600.0,nM,O=C1NC(=O)c2ccccc2/C1=C/Nc1ccc(CN2CCCCC2)cc1,4.707743928643524
CHEMBL1823632,CDK2,19700.0,nM,O=C(NC(c1ccccc1)C1CCNCC1)c1ccc2cnccc2c1,4.705533773838407
CHEMBL513716,CDK1,19800.0,nM,NS(=O)(=O)c1ccc(Nc2nc3ncnc(Nc4c(F)cccc4F)c3s2)cc1,4.703334809738469
CHEMBL100079,CDK1,20000.0,nM,CCC(CO)Nc1nc(NCc2ccccc2)c2nc(Cl)n(C(C)C)c2n1,4.698970004336019
CHEMBL316485,CDK1,20000.0,nM,CN1C(=O)Cc2c([nH]c3ccc(Br)cc23)-c2ccccc21,4.698970004336019
CHEMBL40362,CDK4,20000.0,nM,CCOc1ccc(NC2=CC(=O)c3sc(C)nc3C2=O)cc1,4.698970004336019
CHEMBL151,CDK2,20000.0,nM,O=c1cc(-c2ccc(O)c(O)c2)oc2cc(O)cc(O)c12,4.698970004336019
CHEMBL1234833,CDK4,20000.0,nM,CC(C)c1cnn2c(NCc3ccccc3)cc(N[C@@H](CO)[C@H](O)CO)nc12,4.698970004336019
CHEMBL23254,CDK1,20000.0,nM,CC(C)[C@H](CO)Nc1nc(Nc2ccc(C(=O)O)c(Cl)c2)c2ncn(C(C)C)c2n1,4.698970004336019
CHEMBL513336,CDK2,20000.0,nM,OCCn1cnc2c(NCc3ccccc3)nc(NCc3ccc(Br)cc3)nc21,4.698970004336019
CHEMBL488811,CDK2,20000.0,nM,COc1cc(C2=C(c3cn(COc4ccccc4)c4ccccc34)CNC2=O)cc(OC)c1OC,4.698970004336019
CHEMBL1922121,CDK1,20000.0,nM,CC[C@@H](Nc1nc(NCc2cccnc2)c2ncn(C(C)C)c2n1)C(O)C(C)C,4.698970004336019
CHEMBL3892285,CDK2,20000.0,nM,CS(=O)(Cc1cccc(Nc2ncc(F)c(-c3ccc(F)cc3OCc3ccccc3)n2)c1)=NC#N,4.698970004336019
CHEMBL3658032,CDK2,20000.0,nM,CN(C)C(=O)c1cc2cnc(Nc3ccc(N4CCN(C(=O)OC(C)(C)C)CC4)nn3)nc2n1C1CCCC1,4.698970004336019
CHEMBL4213770,CDK1,20225.0,nM,CCN1CCN(Cc2cnc(Nc3cc(-c4cc(F)c5nc(C)n(C(C)C)c5c4)ncn3)nc2)CC1,4.69411146971569
CHEMBL486302,CDK2,20400.0,nM,O=C1NC(=O)c2ccc(I)cc2/C1=C/Nc1ccc(CN2CCCCC2)cc1,4.690369832574102
CHEMBL3691622,CDK1,20621.0,nM,CN(C)C(=O)c1cc2cnc(Nc3ccc(N4C[C@H]5CNC[C@H]5C4=O)cn3)nc2n1C1CCCC1,4.685690277755153
CHEMBL1089405,CDK2,20900.0,nM,CP(C)(=O)c1ccc(Nc2nc(C3CCCC3)nc3c2ncn3CCc2cccc(O)c2)cc1,4.679853713888946
CHEMBL2163610,CDK2,21000.0,nM,CC(=O)c1ccc(-c2ccc(Nc3c(C)c(N[C@H]4CCCNC4)nc4ccnn34)cc2)s1,4.6777807052660805
CHEMBL5394312,CDK2,21000.0,nM,Cn1cc(CCNc2ccc([N+](=O)[O-])cc2C(=O)O)c2ccccc21,4.6777807052660805
CHEMBL1823653,CDK2,21000.0,nM,O=C(NC(c1ccc(Cl)c(Cl)c1)C1CCCNC1)c1ccc2cnccc2c1,4.6777807052660805
CHEMBL5440790,CDK2,21000.0,nM,Cc1ccc2c(c1)c(CCNc1ccc([N+](=O)[O-])cc1C(=O)O)cn2C,4.6777807052660805
CHEMBL2348165,CDK2,21000.0,nM,Nc1nccc(-n2ccc3ncccc32)n1,4.6777807052660805
CHEMBL1922211,CDK1,21000.0,nM,CC[C@H](Nc1nc(NCc2cccnc2)c2ncn(C(C)C)c2n1)C(O)C(C)(C)C,4.6777807052660805
CHEMBL1922121,CDK4,21000.0,nM,CC[C@@H](Nc1nc(NCc2cccnc2)c2ncn(C(C)C)c2n1)C(O)C(C)C,4.6777807052660805
CHEMBL234944,CDK1,21000.0,nM,CC(C)(N)c1ccc(-c2nc(Nc3ccc(OCCN4CCOCC4)cc3)ncc2C#N)cc1,4.6777807052660805
CHEMBL482883,CDK2,21000.0,nM,O=C1NC(=O)c2ccccc2/C1=C/Nc1ccc(CN2CCOCC2)cc1,4.6777807052660805
CHEMBL474807,CDK2,21500.0,nM,CN1CCN(c2cccc3[nH]c(-c4n[nH]c5cc(-c6ccc(CO)cc6)ccc45)nc23)CC1,4.667561540084395
CHEMBL5555502,CDK2,21943.0,nM,CC(=O)Nc1cccc(CNc2nc(OC3CCN(C)CC3)nc3c(C(C)C)cnn23)c1N(C)C,4.658703996889934
CHEMBL2163616,CDK2,22000.0,nM,COCCOc1ccc(Nc2c(C)c(N[C@H]3CCCNC3)nc3ccnn23)cc1,4.657577319177793
CHEMBL150,CDK6,22000.0,nM,O=c1c(O)c(-c2ccc(O)cc2)oc2cc(O)cc(O)c12,4.657577319177793
CHEMBL373834,CDK1,22000.0,nM,O=Nc1c(-c2c(O)[nH]c3c(Br)cccc23)[nH]c2ccccc12,4.657577319177793
CHEMBL1922210,CDK1,22000.0,nM,CC[C@H](Nc1nc(NCc2cccnc2)c2ncn(C(C)C)c2n1)C(O)C(C)C,4.657577319177793
CHEMBL3217993,CDK2,22000.0,nM,Nc1ccccc1NC(=O)c1ccc(COc2ccc3ncnc(Nc4cccc(Br)c4)c3c2)cc1,4.657577319177793
CHEMBL322640,CDK2,22000.0,nM,CN(C)CC(O)COc1ccc(Nc2cc(Nc3cc(Cl)ccc3Cl)ncn2)cc1,4.657577319177793
CHEMBL100675,CDK2,22000.0,nM,Cc1ccc(Cl)c(Nc2cc(Nc3ccc(OCC(O)CN(C)C)cc3)ncn2)c1,4.657577319177793
CHEMBL456689,CDK1,22300.0,nM,COc1cc2[nH]c3ncnc(N4CCN(C(=S)Nc5ccc(S(=O)(=O)Nc6ncccn6)cc5)CC4)c3c2cc1OC,4.651695136951839
CHEMBL101868,CDK4,23000.0,nM,COc1ccccc1Nc1cc(Nc2ccc(OCC(O)CN(C)C)cc2)ncn1,4.638272163982407
CHEMBL328627,CDK1,23000.0,nM,CCn1c2c(c3cc(Br)ccc31)CC(=O)Nc1ccccc1-2,4.638272163982407
CHEMBL1922122,CDK1,23000.0,nM,CC[C@@H](Nc1nc(NCc2cccnc2)c2ncn(C(C)C)c2n1)C(O)C(C)(C)C,4.638272163982407
CHEMBL522011,CDK2,23000.0,nM,CNc1nc2c(nc(-c3ccccc3)n2C)c2c1ncn2C,4.638272163982407
CHEMBL551318,CDK2,23000.0,nM,Cc1nnc2sc(SSc3nn4c(C)nnc4s3)nn12,4.638272163982407
CHEMBL550856,CDK2,23000.0,nM,Sc1nn2c(Cc3ccccc3)nnc2s1,4.638272163982407
CHEMBL4573345,CDK4,23000.0,nM,CCOC(=O)Sc1cnc(NC(C)=O)s1,4.638272163982407
CHEMBL488646,CDK2,23000.0,nM,COc1cc(C2=C(c3cn(COC(C)(C)C)c4ccccc34)CNC2=O)cc(OC)c1OC,4.638272163982407
CHEMBL1235213,CDK2,23000.0,nM,CCOc1ccc(Nc2c(C)c(N[C@H]3CCCNC3)nc3ccnn23)cc1,4.638272163982407
CHEMBL5512510,CDK2,23678.0,nM,CC(=O)Nc1ccccc1CNc1nc(OC2CCN(C)CC2)nc2c(C(C)C)cnn12,4.625654983775391
CHEMBL563674,CDK2,24000.0,nM,S=c1[nH]c(=S)c2c(Cc3nn4c(Cc5ccccc5)nnc4s3)n[nH]c2[nH]1,4.619788758288394
CHEMBL557237,CDK2,24000.0,nM,CCSc1nn2c(Cc3ccccc3)nnc2s1,4.619788758288394
CHEMBL99699,CDK2,24000.0,nM,CC(C)c1ccccc1Nc1cc(Nc2ccc(OCC(O)CN(C)C)cc2)ncn1,4.619788758288394
CHEMBL550855,CDK2,24000.0,nM,Cc1nnc2sc(Cc3n[nH]c4[nH]c(=S)[nH]c(=S)c34)nn12,4.619788758288394
CHEMBL5428382,CDK2,24000.0,nM,Cc1cccc2c(CCNc3ccc([N+](=O)[O-])cc3C(=O)O)cn(C)c12,4.619788758288394
CHEMBL557238,CDK2,24000.0,nM,CCSc1nn2c(COc3ccc(Cl)cc3)nnc2s1,4.619788758288394
CHEMBL2163623,CDK2,24000.0,nM,CCc1c(NC2CCCNC2)nc2ccnn2c1Nc1ccc(F)c(Cl)c1,4.619788758288394
CHEMBL1922122,CDK4,24000.0,nM,CC[C@@H](Nc1nc(NCc2cccnc2)c2ncn(C(C)C)c2n1)C(O)C(C)(C)C,4.619788758288394
CHEMBL14762,CDK6,24500.0,nM,CC[C@H](CO)Nc1nc(NCc2ccccc2)c2ncn(C(C)C)c2n1,4.610833915635467
CHEMBL133213,CDK1,25000.0,nM,OCCNc1nc(NCc2ccccc2)c2[nH]cnc2n1,4.6020599913279625
CHEMBL604748,CDK2,25000.0,nM,COc1cc(O)cc2c1cc([N+](=O)[O-])c1c(C(=O)O)cc3c(c12)OCO3,4.6020599913279625
CHEMBL2163608,CDK2,25000.0,nM,Cc1nc2ccc(Nc3c(C)c(N[C@H]4CCCNC4)nc4ccnn34)cc2s1,4.6020599913279625
CHEMBL450786,CDK2,25000.0,nM,Cc1[nH]c(/C=C2\C(=O)Nc3ccc(S(=O)(=O)Cc4c(Cl)cccc4Cl)cc32)c(C)c1C(=O)N1CCC[C@@H]1CN1CCCC1,4.6020599913279625
CHEMBL1922120,CDK4,25000.0,nM,CCC(O)[C@@H](CC)Nc1nc(NCc2cccnc2)c2ncn(C(C)C)c2n1,4.6020599913279625
CHEMBL316887,CDK2,25000.0,nM,CN(C)CC(O)COc1ccc(Nc2cc(Nc3ccccc3[N+](=O)[O-])ncn2)cc1,4.6020599913279625
CHEMBL50,CDK6,25000.0,nM,O=c1c(O)c(-c2ccc(O)c(O)c2)oc2cc(O)cc(O)c12,4.6020599913279625
CHEMBL102136,CDK4,25000.0,nM,Cc1ccc(Nc2cc(Nc3ccc(OCC(O)CN(C)C)cc3)ncn2)cc1,4.6020599913279625
CHEMBL3797559,CDK2,25000.0,nM,Nc1ncccc1-c1nc2ccccc2[nH]1,4.6020599913279625
CHEMBL600828,CDK2,25000.0,nM,COc1c(O)ccc2c1cc([N+](=O)[O-])c1c(C(=O)O)cc3c(c12)OCO3,4.6020599913279625
CHEMBL3691629,CDK1,25059.0,nM,CN(C)C(=O)c1cc2cnc(Nc3ccc(N4C[C@@H]5CNC[C@@H]5CC4=O)cn3)nc2n1C1CCCC1,4.601036263874479
CHEMBL48614,CDK4,25250.0,nM,CN1CCC(c2c(O)cc(O)c3c2O/C(=C\c2ccccc2Cl)C3=O)CC1,4.597738617545319
CHEMBL606245,CDK1,26000.0,nM,Cc1c(Nc2c(C#N)cncc2/C=C/CCN2CCC[C@@H](N)C2)ccc2[nH]ccc12,4.585026652029182
CHEMBL99687,CDK2,26000.0,nM,Cc1ccc(Nc2ccnc(Nc3ccc(OCC(O)CN(C)C)cc3)n2)cc1,4.585026652029182
CHEMBL203006,CDK2,26000.0,nM,Brc1cccc(-c2cc(NCc3ccncc3)n3ncnc3n2)c1,4.585026652029182
CHEMBL2062563,CDK2,26000.0,nM,CC(=O)Nc1ccc2ccn(-c3cc(NC4CC4)n4ncc(C#N)c4n3)c2c1,4.585026652029182
CHEMBL1087650,CDK2,26400.0,nM,CN1C[C@@H]2C[C@H]1CN2c1ccc(-c2ccnc3c(-c4cccc(O)c4)c(-c4ccncc4)nn23)cc1,4.578396073130169
CHEMBL483535,CDK2,26500.0,nM,N#Cc1ccc2c(c1)/C(=C/Nc1ccc(CN3CCCCC3)cc1)C(=O)NC2=O,4.576754126063192
CHEMBL2042136,CDK2,26600.0,nM,C[C@@H](Oc1cc(-c2cc(-c3cc(CN(C)C)cs3)cnc2N)ccc1C(N)=O)c1ccccc1C(F)(F)F,4.575118363368933
CHEMBL232148,CDK2,27000.0,nM,NS(=O)(=O)c1ccc(-c2ccc(/C=C3\SC(=O)NC3=O)o2)cc1,4.568636235841013
CHEMBL1806525,CDK2,27000.0,nM,COc1cc(N2CCN(C(C)=O)CC2)ccc1Nc1ncc(C#N)c(-c2cnc3ccccn23)n1,4.568636235841013
CHEMBL205799,CDK2,27000.0,nM,CC(=O)N1CCN(C(=O)c2cccc(CSc3cnc(NC(=O)c4ccc(N(C)C)cc4)s3)c2)CC1,4.568636235841013
CHEMBL318485,CDK4,27000.0,nM,CN(C)CC(O)COc1ccc(Nc2cc(Nc3ccccc3F)ncn2)cc1,4.568636235841013
CHEMBL2163611,CDK2,27000.0,nM,Cc1c(N[C@H]2CCCNC2)nc2ccnn2c1Nc1ccc2c(cnn2C)c1,4.568636235841013
CHEMBL100811,CDK2,28000.0,nM,CN(C)CC(O)COc1ccc(Nc2cc(Nc3ccccc3Br)ncn2)cc1,4.552841968657781
CHEMBL495758,CDK1,28000.0,nM,c1ccc2[nH]c(-c3cc[nH]n3)nc2c1,4.552841968657781
CHEMBL495758,CDK2,28000.0,nM,c1ccc2[nH]c(-c3cc[nH]n3)nc2c1,4.552841968657781
CHEMBL1087650,CDK1,28400.0,nM,CN1C[C@@H]2C[C@H]1CN2c1ccc(-c2ccnc3c(-c4cccc(O)c4)c(-c4ccncc4)nn23)cc1,4.546681659952962
CHEMBL2348176,CDK2,28500.0,nM,Nc1nccc(-n2ccc3ccccc32)n1,4.54515513999149
CHEMBL4649135,CDK1,28600.0,nM,CCn1cnc2c(NCc3nc4ccc(F)c(F)c4[nH]3)nc(N3CCCC[C@H]3CCO)nc21,4.543633966870957
CHEMBL5427167,CDK2,29000.0,nM,Cc1cc(O)c(C(C)C)cc1C1(c2cc(C(C)C)c(O)cc2C)OS(=O)(=O)c2ccccc21,4.537602002101044
CHEMBL573578,CDK2,29000.0,nM,CC(C)(C)n1nc(Cc2cccc3ccccc23)c2c(N)ncnc21,4.537602002101044
CHEMBL209148,CDK2,29000.0,nM,COc1cc(C)c(Sc2cnc(NC(=O)c3ccc(CNC(C)C(C)(C)C)cc3)s2)cc1C(=O)N1CCN(C(C)=O)CC1,4.537602002101044
CHEMBL3691660,CDK1,29281.0,nM,CN(C)C(=O)c1cc2cnc(Nc3ccc(N4C[C@H]5CC[C@@H](CC4=O)N5)cn3)nc2n1C1CCCC1,4.533414095405113
CHEMBL5285754,CDK1,29300.0,nM,CS(=O)(=O)N1CCC2(CC1)N=C(c1ccc(Br)cc1)C(=O)N2,4.533132379645891
CHEMBL190201,CDK1,29400.0,nM,COc1ccc(-c2oc3ncnc(NCCO)c3c2-c2ccc(OC)cc2)cc1,4.531652669587842
CHEMBL4539558,CDK4,29630.0,nM,N=C1NC(=O)/C(=C2/CCNC(=O)c3[nH]cc(Br)c32)N1,4.528268348519949
CHEMBL5175957,CDK9,30000.0,nM,COc1cc(=O)n(C)cc1-c1ccnc2[nH]c(C3CCN(CC(=O)N(C)C)CC3)cc12,4.522878745280337
CHEMBL78223,CDK1,30000.0,nM,CC(C)[C@H](CO)Nc1nc(Nc2ccc(Cl)c(C(=O)O)c2)c2ncn(C(C)C)c2n1,4.522878745280337
CHEMBL226471,CDK1,30000.0,nM,O=C1NCCc2[nH]c(-c3ccnc(-c4ccccc4F)c3)cc21,4.522878745280337
CHEMBL5169987,CDK4,30000.0,nM,Fc1ccc(N2CCCCC2)c(NC(=S)c2ccncc2)c1,4.522878745280337
CHEMBL603494,CDK2,30000.0,nM,O=C(O)c1cc2c(c3c1c([N+](=O)[O-])cc1ccc(O)cc13)OCO2,4.522878745280337
CHEMBL367442,CDK1,30000.0,nM,Nc1ncnc2c1c(-c1ccccc1)cn2-c1ccc(CO)cc1,4.522878745280337
CHEMBL454973,CDK2,31000.0,nM,CNc1nc2sc(-c3cccc(CNC(C)=O)c3)nc2c2c1ncn2C,4.508638306165727
CHEMBL1922210,CDK4,31000.0,nM,CC[C@H](Nc1nc(NCc2cccnc2)c2ncn(C(C)C)c2n1)C(O)C(C)C,4.508638306165727
CHEMBL2158866,CDK1,32000.0,nM,CCN(CC)S(=O)(=O)c1cc(Nc2nccc(-c3ccnc(-c4ccc(NC(=O)NC)cc4)c3)n2)ccc1Cl,4.494850021680094
CHEMBL491064,CDK2,32000.0,nM,Cn1cc(C2=C(c3coc4ccccc34)C(=O)NC2=O)c2cc(C3CC3)ccc21,4.494850021680094
CHEMBL5412113,CDK2,32000.0,nM,O=C(O)c1cc([N+](=O)[O-])ccc1NCCc1coc2ccccc12,4.494850021680094
CHEMBL4459754,CDK6,32100.0,nM,CC(C)c1cnn2c(NCc3ccccc3)cc(NC[C@@H]3CCNC[C@H]3O)nc12,4.493494967595128
CHEMBL269538,CDK2,33000.0,nM,COc1ccc2c(c1)[nH]c1c(C)nccc12,4.481486060122113
CHEMBL318188,CDK4,33000.0,nM,CN(C)CC(O)COc1ccc(Nc2cc(Nc3ccccc3)ncn2)cc1,4.481486060122113
CHEMBL176815,CDK1,33000.0,nM,COc1cccc(-c2cn(-c3cccc(CO)c3)c3ncnc(N)c23)c1,4.481486060122113
CHEMBL2163624,CDK2,33000.0,nM,Cc1c(NC2CCCNC2)nc2ccnn2c1Nc1ccc(F)c(Cl)c1,4.481486060122113
CHEMBL3421636,CDK2,33215.0,nM,CN1CCN(c2ccc(Nc3cc(-c4c[nH]c5ccccc45)ncn3)cc2)CC1,4.4786657432224315
CHEMBL4297488,CDK6,34000.0,nM,CC(C)c1cnn2c(NCc3ccccc3)cc(NC[C@H]3CCNC[C@@H]3O)nc12,4.468521082957745
CHEMBL1256759,CDK2,34000.0,nM,O=C(O)c1cc([N+](=O)[O-])ccc1NCCCc1ccccc1,4.468521082957745
CHEMBL102047,CDK2,34000.0,nM,CN(C)CC(O)COc1ccc(Nc2nccc(Nc3ccccc3)n2)cc1,4.468521082957745
CHEMBL2348175,CDK2,34000.0,nM,Nc1nccc(-n2ccc3ccc(F)cc32)n1,4.468521082957745
CHEMBL101557,CDK2,35000.0,nM,CN(C)CC(O)COc1ccc(Nc2cc(Nc3cc(C(F)(F)F)ccc3F)ncn2)cc1,4.455931955649724
CHEMBL99779,CDK1,35000.0,nM,O=C1Cc2c([nH]c3ccc(Br)cc23)-c2ccccc2N1Cc1ccccc1,4.455931955649724
CHEMBL1234833,CDK6,35500.0,nM,CC(C)c1cnn2c(NCc3ccccc3)cc(N[C@@H](CO)[C@H](O)CO)nc12,4.449771646944906
CHEMBL3736216,CDK2,36000.0,nM,COc1ccc2[nH]nc(C(=O)NCC3CCN(CCc4ccc(O)cc4)CC3)c2c1,4.443697499232713
CHEMBL101052,CDK2,36000.0,nM,COc1ccc(Nc2ccnc(Nc3ccc(OCC(O)CN(C)C)cc3)n2)cc1,4.443697499232713
CHEMBL4462126,CDK2,37000.0,nM,CC(C1CC1)n1cnc2c(NCc3cccc(C(F)(F)F)c3)nc(NCCN(C)C)nc21,4.431798275933005
CHEMBL563733,CDK2,37000.0,nM,S=c1[nH]c(=S)c2c(Cc3nn4c(COc5ccc(Cl)cc5)nnc4s3)n[nH]c2[nH]1,4.431798275933005
CHEMBL101558,CDK2,38000.0,nM,CN(C)CC(O)COc1ccc(Nc2cc(Nc3c(F)cccc3F)ncn2)cc1,4.42021640338319
CHEMBL2346665,CDK2,38000.0,nM,Nc1nccc(-n2ccc3cnc(Cl)cc32)n1,4.42021640338319
CHEMBL5432063,CDK2,38000.0,nM,O=C(O)c1cccc([N+](=O)[O-])c1NCCc1c[nH]c2ccccc12,4.42021640338319
CHEMBL5407688,CDK2,38000.0,nM,Cc1cc([N+](=O)[O-])cc(C(=O)O)c1NCCc1c[nH]c2ccccc12,4.42021640338319
CHEMBL3421979,CDK2,38379.0,nM,Cc1nccc(-c2c[nH]c3cnccc23)n1,4.4159063453936644
CHEMBL1952030,CDK2,39000.0,nM,COc1cc[nH]c1/C=C1\C(=O)Nc2ccc([N+](=O)[O-])cc21,4.4089353929735005
CHEMBL2348180,CDK2,39000.0,nM,N#Cc1ccc2ccn(-c3ccnc(N)c3)c2c1,4.4089353929735005
CHEMBL418793,CDK2,39000.0,nM,Cc1ccccc1Nc1cc(Nc2ccc(OCC(O)CN(C)C)cc2)ncn1,4.4089353929735005
CHEMBL486487,CDK2,39800.0,nM,CN(C)C(=O)c1ccc2c(c1)/C(=C/Nc1ccc(CN3CCCCC3)cc1)C(=O)NC2=O,4.400116927926312
CHEMBL3691604,CDK1,39910.0,nM,CC(C)[C@@H](N)C(=O)N1C2CCC1CN(C(=O)c1ccc(Nc3ncc4cc(C(=O)N(C)C)n(C5CCCC5)c4n3)nc1)C2,4.398918272215977
CHEMBL102622,CDK4,40000.0,nM,Cc1nc2ccccn2c1-c1ccnc(NC(=O)C(F)(F)F)n1,4.3979400086720375
CHEMBL3085242,CDK1,40000.0,nM,OC[C@H]1CCCN1c1nc(NCc2ccccc2)c2ncn(C3CCCCC3)c2n1,4.3979400086720375
CHEMBL95477,CDK1,40000.0,nM,O=C1Cc2c([nH]c3ccc(Br)cc23)-c2cccc(O)c2N1,4.3979400086720375
CHEMBL131695,CDK1,40000.0,nM,CC(C)=CCNc1nc(Cl)nc2c1ncn2C,4.3979400086720375
CHEMBL131098,CDK1,40000.0,nM,Cn1cnc2c(NCc3ccccc3)ncnc21,4.3979400086720375
CHEMBL337454,CDK1,40000.0,nM,Cn1cnc2c(NCc3ccccc3)nc(N)nc21,4.3979400086720375
CHEMBL50,CDK2,40000.0,nM,O=c1c(O)c(-c2ccc(O)c(O)c2)oc2cc(O)cc(O)c12,4.3979400086720375
CHEMBL312078,CDK1,40000.0,nM,CC(C)[C@H](CO)Nc1nc(Nc2ccc(Br)cc2)c2ncn(C(C)C)c2n1,4.3979400086720375
CHEMBL4094562,CDK1,40400.0,nM,C#Cc1nc(Nc2ccccc2)nc2[nH]cnc12,4.393618634889395
CHEMBL323015,CDK2,40400.0,nM,Cc1cc(C)nc(Sc2cc(=O)c3c(O)cc(O)c(C4CCN(C)CC4O)c3o2)n1,4.393618634889395
CHEMBL318461,CDK4,41000.0,nM,CN(C)CC(O)COc1ccc(Nc2cc(Nc3ccc(Cl)cc3)ncn2)cc1,4.3872161432802645
CHEMBL4074015,CDK9,41300.0,nM,C#Cc1nc(Nc2ccc(S(N)(=O)=O)cc2)nc2[nH]cnc12,4.384049948343599
CHEMBL3943841,CDK2,41410.0,nM,CN(C)C1CCN(c2ccc(Nc3ncc4cc5n(c4n3)C3(CCCCC3)CNC5=O)nc2)CC1,4.382894769497622
CHEMBL490251,CDK2,41500.0,nM,O=C1NC(=O)c2ccc(I)cc2/C1=C/NCc1ccn(-c2ccccc2)c(=O)c1,4.3819519032879075
CHEMBL509435,CDK2,42000.0,nM,COc1cc(C2=C(c3cn(C)c4ccccc34)C(=O)NC2)cc(OC)c1OC,4.376750709602099
CHEMBL4459754,CDK4,42000.0,nM,CC(C)c1cnn2c(NCc3ccccc3)cc(NC[C@@H]3CCNC[C@H]3O)nc12,4.376750709602099
CHEMBL5407777,CDK2,42000.0,nM,Nc1cc(NCCc2c[nH]c3ccccc23)c(C(=O)O)cc1[N+](=O)[O-],4.376750709602099
CHEMBL335966,CDK1,42000.0,nM,CC(C)n1cnc2c(NCc3ccccc3)nc(N3CCC(O)C3)nc21,4.376750709602099
CHEMBL2348170,CDK2,42000.0,nM,Nc1nccc(-n2ccc3cccnc32)n1,4.376750709602099
CHEMBL328164,CDK1,43000.0,nM,CSC1=Nc2ccccc2-c2[nH]c3ccc(Br)cc3c2C1,4.366531544420414
CHEMBL172973,CDK1,43000.0,nM,COc1cccc(-c2cn(-c3ccccc3)c3ncnc(N)c23)c1,4.366531544420414
CHEMBL490053,CDK2,44400.0,nM,COc1ccc(CN(C)/C=C2\C(=O)NC(=O)c3ccc(Br)cc32)cc1O,4.35261702988538
CHEMBL1801932,CDK4,44700.0,nM,CC(C)c1cnn2c(NCc3ccccc3)cc(NCCCCCCN)nc12,4.349692476868063
CHEMBL6174162,CDK2,44750.0,nM,COc1ccc(NC(=O)NNC(=O)c2oc3ccccc3c2CN2CCN(c3ccccc3)CC2)cn1,4.349206960348069
CHEMBL77155,CDK1,45000.0,nM,CC(C)=CCNc1nc(N)nc2c1ncn2C(C)C,4.346787486224656
CHEMBL2348181,CDK2,45000.0,nM,N#Cc1ccc2ccn(-c3cccc(N)n3)c2c1,4.346787486224656
CHEMBL5427047,CDK2,45000.0,nM,COc1ccc(NCCc2c[nH]c3ccccc23)c(C(=O)O)c1,4.346787486224656
CHEMBL2348167,CDK2,45100.0,nM,Nc1nccc(-n2ccc3ccncc32)n1,4.345823458122039
CHEMBL484274,CDK2,45500.0,nM,CCOc1ccc(CN/C=C2\C(=O)NC(=O)c3ccc(Br)cc32)cc1O,4.341988603342887
CHEMBL3421974,CDK2,45885.0,nM,O=C(NC1CCCC1)c1ccc(-c2nccc(-c3c[nH]c4cnccc34)n2)cc1,4.33832926395964
CHEMBL486285,CDK2,47000.0,nM,CN1CCN(c2ccc(N/C=C3\C(=O)NC(=O)c4cc(Br)ccc43)cc2)CC1,4.327902142064283
CHEMBL5416233,CDK2,47000.0,nM,CC(=O)c1ccc(NCCc2c[nH]c3ccccc23)c(C(=O)O)c1,4.327902142064283
CHEMBL487526,CDK2,47000.0,nM,CN1CCN(c2ccc(N/C=C3\C(=O)NC(=O)c4ccc(C(=O)N(C)C)cc43)cc2)CC1,4.327902142064283
CHEMBL233349,CDK2,47000.0,nM,N=C1NC(=O)/C(=C/c2ccc(-c3ccc(C(=O)O)cc3)o2)S1,4.327902142064283
CHEMBL1801932,CDK6,47000.0,nM,CC(C)c1cnn2c(NCc3ccccc3)cc(NCCCCCCN)nc12,4.327902142064283
CHEMBL173478,CDK1,47000.0,nM,Nc1ncnc2c1c(-c1ccccc1)cn2-c1cccc(CO)c1,4.327902142064283
CHEMBL259244,CDK2,49000.0,nM,CCC(C)Oc1nc(N)nc2[nH]cnc12,4.309803919971486
CHEMBL2163609,CDK2,49000.0,nM,Cc1c(N[C@H]2CCCNC2)nc2ccnn2c1Nc1ccc(C(=O)NC2CCCC2)cc1,4.309803919971486
CHEMBL4297488,CDK4,49000.0,nM,CC(C)c1cnn2c(NCc3ccccc3)cc(NC[C@H]3CCNC[C@@H]3O)nc12,4.309803919971486
CHEMBL506669,CDK1,50000.0,nM,CCOC(=N)c1nc2ccc3ncn(CC)c(=O)c3c2s1,4.301029995663981
CHEMBL4097255,CDK2,50000.0,nM,c1ccc(-c2cccc3nc(-c4cncnc4)nc(NCc4ccccn4)c23)cc1,4.301029995663981
CHEMBL4483629,CDK2,50000.0,nM,Clc1nc(NCc2ccccn2)c2c(-c3ccccc3)cccc2n1,4.301029995663981
CHEMBL4094440,CDK2,50000.0,nM,NS(=O)(=O)c1cncc(-c2nc(NCc3ccccn3)c3c(-c4ccccc4)cccc3n2)c1,4.301029995663981
CHEMBL132369,CDK1,50000.0,nM,Cn1cnc2c(N)nc(NCCO)nc21,4.301029995663981
CHEMBL1809197,CDK2,53000.0,nM,COc1cc(N2CCN(C(C)=O)CC2)ccc1Nc1ncc(OC)c(-c2cnc3ccccn23)n1,4.275724130399211
CHEMBL169757,CDK1,54000.0,nM,Nc1ncnc2c1c(-c1ccccc1)cn2-c1ccccc1,4.267606240177032
CHEMBL3421980,CDK2,56703.0,nM,Cc1nccc(-c2cn(Cc3ccccc3)c3cnccc23)n1,4.246393963170954
CHEMBL101779,CDK4,57000.0,nM,COc1ccc(Nc2cc(Nc3ccc(OCC(O)CN(C)C)cc3)ncn2)cc1,4.2441251443275085
CHEMBL120703,CDK1,57000.0,nM,CC(C)(C)OC(=O)Nc1ccc(Nc2[nH]nc3ncnc(Nc4cccc(Cl)c4)c23)cc1,4.2441251443275085
CHEMBL319709,CDK2,59000.0,nM,NC(=O)c1ccc(Nc2nc(N)cc(OCC3CCCCC3)n2)cc1,4.229147988357856
CHEMBL99280,CDK1,60000.0,nM,C=CCn1c2c(c3cc(Br)ccc31)CC(=O)Nc1ccccc1-2,4.221848749616356
CHEMBL2163612,CDK2,62000.0,nM,Cc1c(N[C@H]2CCCNC2)nc2ccnn2c1Nc1ccc(OCCN2CCOCC2)cc1,4.2076083105017466
CHEMBL201307,CDK2,62000.0,nM,COc1cc2c(Nc3ncc(CC(=O)Nc4cccc(F)c4)s3)ncnc2cc1OCCCN1CCC(CO)CC1,4.2076083105017466
CHEMBL319709,CDK1,63000.0,nM,NC(=O)c1ccc(Nc2nc(N)cc(OCC3CCCCC3)n2)cc1,4.200659450546418
CHEMBL131382,CDK1,65000.0,nM,CC(C)=CCNc1nc(NCCO)nc2c1ncn2C,4.187086643357144
CHEMBL100670,CDK1,65000.0,nM,CCC(CO)Nc1nc(NCc2ccccc2)c2nc(O)n(C(C)C)c2n1,4.187086643357144
CHEMBL100500,CDK1,70000.0,nM,CCC(CO)Nc1nc(NCc2ccccc2)c2nc(N)n(C(C)C)c2n1,4.154901959985743
CHEMBL317398,CDK1,70000.0,nM,Cn1cnc2c(N)nc(Cl)nc21,4.154901959985743
CHEMBL100312,CDK1,70000.0,nM,CC(C)(C)OC(=O)n1c2c(c3cc(Br)ccc31)CC(=O)Nc1ccccc1-2,4.154901959985743
CHEMBL1973716,CDK1,70000.0,nM,O=C(Cn1c2ccc(Br)cc2c2nc3ccccc3nc21)NNC(=S)NC1CCCCC1,4.154901959985743
CHEMBL599552,CDK2,70000.0,nM,O=C1/C(=C2\Nc3ccccc3C2=O)Nc2ccccc21,4.154901959985743
CHEMBL525921,CDK2,70000.0,nM,Cc1ccc(-c2ccc(C(=O)N(C)CCc3c[nH]c4ccccc34)cc2)cc1,4.154901959985743
CHEMBL3604460,CDK2,71000.0,nM,CC1=C(C(=O)OC2CCCCC2)C(c2ccc([N+](=O)[O-])cc2)C2=C(CC(C)(C)CC2=O)N1,4.1487416512809245
CHEMBL67655,CDK4,74500.0,nM,Nc1cccc(-c2cccc3c2[nH]c2ccc4ccc(O)cc4c23)c1,4.127843727251707
CHEMBL132948,CDK1,75000.0,nM,Ic1nc(NCc2ccccc2)c2ncn(C3CCCC3)c2n1,4.1249387366083
CHEMBL3545110,CDK2,76000.0,nM,CN(C)C(=O)c1cc2cnc(Nc3ccc(N4CCNCC4)cn3)nc2n1C1CCCC1,4.119186407719209
CHEMBL77262,CDK1,80000.0,nM,CC(C)[C@H](CO)Nc1nc(Nc2ccc(Cl)cc2)c2ncn(C(C)C)c2n1,4.096910013008056
CHEMBL100485,CDK1,80000.0,nM,CC(C)(C)OC(=O)C1C(=O)N(C(=O)OC(C)(C)C)c2ccccc2-c2[nH]c3ccc(Br)cc3c21,4.096910013008056
CHEMBL328623,CDK2,81000.0,nM,Cc1ccc(F)c(Nc2cc(Nc3ccc(OCC(O)CN(C)C)cc3)ncn2)c1,4.0915149811213505
CHEMBL173453,CDK1,82500.0,nM,Nc1ncnc2c1c(-c1ccccc1)cn2-c1ccc(CNCCO)cc1,4.0835460514500745
CHEMBL101868,CDK2,85000.0,nM,COc1ccccc1Nc1cc(Nc2ccc(OCC(O)CN(C)C)cc2)ncn1,4.070581074285707
CHEMBL499521,CDK2,85000.0,nM,Nc1c[nH]nc1C(=O)Nc1ccc(F)cc1,4.070581074285707
CHEMBL335938,CDK1,90000.0,nM,Ic1nc(NCc2ccccc2)c2ncn(C3CCCCC3)c2n1,4.045757490560675
CHEMBL133214,CDK1,90000.0,nM,Nc1nc(NCc2ccccc2)c2[nH]cnc2n1,4.045757490560675
CHEMBL174634,CDK1,90000.0,nM,Cc1ccccc1-c1cn(-c2ccccc2)c2ncnc(N)c12,4.045757490560675
CHEMBL285527,CDK2,91000.0,nM,O=S(=O)(O)c1cccc2cccc(Nc3ccccc3)c12,4.040958607678906
CHEMBL498705,CDK2,91000.0,nM,CN(CCc1c[nH]c2ccccc12)C(=O)c1ccc(-c2ccc(-c3ccccc3)cc2)cc1,4.040958607678906
CHEMBL457179,CDK2,92000.0,nM,CN(CCc1c[nH]c2ccccc12)C(=O)c1ccc(-c2ccncc2)cc1,4.036212172654444
CHEMBL317281,CDK2,93000.0,nM,CN(C)CC(O)COc1ccc(Nc2cc(Nc3ccc(F)cc3F)ncn2)cc1,4.031517051446065
CHEMBL102622,CDK2,95000.0,nM,Cc1nc2ccccn2c1-c1ccnc(NC(=O)C(F)(F)F)n1,4.022276394711152
CHEMBL99647,CDK2,95000.0,nM,CN(C)CC(O)COc1ccc(Nc2cc(Nc3ccccc3Cl)ncn2)cc1,4.022276394711152
CHEMBL1222565,CDK2,95000.0,nM,O=C(NC[C@@H]1CCCN1)c1ccc(-c2cnc3ccc(NCc4ccc(Cl)c(Cl)c4)nn23)cc1,4.022276394711152
CHEMBL197077,CDK2,96000.0,nM,NC1=NONC1N1N=NC(C(=O)N/N=C/c2ccncc2)C1CN1CCCCC1,4.017728766960432
CHEMBL5278835,CDK2,96000.0,nM,Nc1nonc1-n1nnc(C(=O)/N=N/Cc2ccncc2)c1CN1CCCCC1,4.017728766960432
CHEMBL445420,CDK2,97000.0,nM,O=C(Nc1ccccc1)c1cc[nH]n1,4.013228265733755
CHEMBL4531006,CDK4,98460.0,nM,N=C1NC(=O)/C(=C2/CCNC(=O)c3[nH]c(Br)c(Br)c32)N1,4.0067401685632635
CHEMBL522760,CDK2,99000.0,nM,COc1cccc2c(C3=C(c4cn(C)c5cc(Cl)c(F)cc45)C(=O)NC3=O)coc12,4.00436480540245
CHEMBL133477,CDK1,100000.0,nM,Ic1nc(NCc2ccccc2)c2ncn(Cc3ccccc3)c2n1,4.0
CHEMBL77732,CDK1,100000.0,nM,COc1ccc(CNc2nc(N[C@@H](CO)CC(C)C)nc3c2ncn3C(C)C)cc1,4.0
CHEMBL14762,CDK4,100000.0,nM,CC[C@H](CO)Nc1nc(NCc2ccccc2)c2ncn(C(C)C)c2n1,4.0
CHEMBL259850,CDK2,100000.0,nM,COc1ccc(CNC(=O)Nc2ncc([N+](=O)[O-])s2)cc1,4.0
CHEMBL74799,CDK1,100000.0,nM,CC(C)[C@H](CO)Nc1nc(Nc2ccc(O)c(C(=O)O)c2)c2ncn(C(C)C)c2n1,4.0
CHEMBL29197,CDK1,100000.0,nM,COc1cc2ncnc(Nc3cccc(Br)c3)c2cc1OC,4.0
CHEMBL3616877,CDK2,105100.0,nM,CCOc1cc(C(=O)Nc2ccc(S(=O)(=O)Nc3nc(C)cc(C)n3)cc2)cc(OCC)c1OCC,3.9783972839717574
CHEMBL474441,CDK2,109000.0,nM,CNc1ccc(-c2ccc3c(-c4nc5c(N6CCN(C)CC6)cccc5[nH]4)n[nH]c3c2)cc1,3.962573502059376
CHEMBL133740,CDK1,110000.0,nM,CC(C)n1cnc2c(N3CC=CCC3)nc(NCCO)nc21,3.9586073148417746
CHEMBL364811,CDK1,111400.0,nM,CN(CCO)c1ncnc2oc(-c3ccccc3)c(-c3ccccc3)c12,3.9531148091622903
CHEMBL3545110,CDK1,113000.0,nM,CN(C)C(=O)c1cc2cnc(Nc3ccc(N4CCNCC4)cn3)nc2n1C1CCCC1,3.94692155651658
CHEMBL457047,CDK2,120000.0,nM,NS(=O)(=O)c1cccc2c(O)cccc12,3.920818753952375
CHEMBL337161,CDK1,130000.0,nM,CN(c1nc(Cl)nc2c1ncn2C)C1CCCCC1,3.886056647693163
CHEMBL308714,CDK1,130000.0,nM,CC(C)n1cnc2c(Nc3ccccc3)nc(N3CCCCC3CCO)nc21,3.886056647693163
CHEMBL310590,CDK1,130000.0,nM,CC[C@H](CO)Nc1nc(NCc2ccc(OC)cc2)c2ncn(C(C)C)c2n1,3.886056647693163
CHEMBL515051,CDK2,150000.0,nM,O=C(NCCc1c[nH]c2ccccc12)c1cccc(-c2cccnc2)c1,3.8239087409443187
CHEMBL337291,CDK1,150000.0,nM,CC(C)n1cnc2c(Cl)nc(I)nc21,3.8239087409443187
CHEMBL233763,CDK2,150000.0,nM,N=C1NC(=O)/C(=C/c2ccc(-c3ccc(S(=O)(=O)N4CCOCC4)cc3)o2)S1,3.8239087409443187
CHEMBL336176,CDK1,150000.0,nM,C=CCN(C)c1nc(NCCO)nc2c1ncn2C(C)C,3.8239087409443187
CHEMBL420455,CDK1,150000.0,nM,CC(C)(C)OC(=O)C1C(=O)N(C(=O)OC(C)(C)C)c2ccccc2-c2c1c1cc(Br)ccc1n2C(=O)OC(C)(C)C,3.8239087409443187
CHEMBL3616869,CDK2,151400.0,nM,CSc1ccc(/C=N/c2cc([N+](=O)[O-])ccc2O)cc1,3.8198741248359465
CHEMBL76592,CDK1,160000.0,nM,CC(C)n1cnc2c(NCc3ccccc3)nc(N3CCCCC3CCO)nc21,3.795880017344075
CHEMBL76761,CDK1,170000.0,nM,CC(C)[C@H](CO)Nc1nc(NCc2cccc(I)c2)c2ncn(C(C)C)c2n1,3.769551078621726
CHEMBL86795,CDK2,185000.0,nM,c1ccc2[nH]ncc2c1,3.7328282715969863
CHEMBL130306,CDK1,200000.0,nM,Nc1[nH]c(NCCO)nc2ncnc1-2,3.6989700043360187
CHEMBL557321,CDK2,200000.0,nM,Fc1ccc2[nH]cc(CCn3ccc4ccccc43)c2c1,3.6989700043360187
CHEMBL3085250,CDK1,200000.0,nM,OC[C@H]1CCCN1c1nc(NCc2ccccc2)c2ncn(Cc3ccccc3)c2n1,3.6989700043360187
CHEMBL228862,CDK1,200000.0,nM,c1ccc(CNc2ncnc3[nH]cnc23)cc1,3.6989700043360187
CHEMBL226345,CDK1,200000.0,nM,Nc1[nH]cnc2ncnc1-2,3.6989700043360187
CHEMBL80674,CDK1,210000.0,nM,COc1ccc(CNc2nc(N3CCCCC3CCO)nc3c2ncn3C(C)C)cc1,3.6777807052660805
CHEMBL77610,CDK1,220000.0,nM,CC(C)n1cnc2c(Nc3cccc(Cl)c3)nc(N(CCO)CCO)nc21,3.6575773191777934
CHEMBL311228,CDK1,220000.0,nM,CC(C)n1cnc2/c(=N/c3cccc(Cl)c3)nc(NCCO)[nH]c21,3.6575773191777934
CHEMBL77064,CDK1,230000.0,nM,CC(C)n1cnc2c(Nc3cccc(Cl)c3)nc(N(CCO)CCCO)nc21,3.638272163982407
CHEMBL310271,CDK1,230000.0,nM,CC(C)n1cnc2c(NCc3ccc(N)cc3)nc(N3CCCCC3CCO)nc21,3.638272163982407
CHEMBL80898,CDK1,230000.0,nM,COc1ccc(CNc2nc(N[C@@H](CO)C(C)C)nc3c2ncn3C(C)C)cc1,3.638272163982407
CHEMBL76670,CDK1,240000.0,nM,CC(C)[C@H](CO)Nc1nc(Nc2ccccc2)c2ncn(C(C)C)c2n1,3.6197887582883936
CHEMBL330398,CDK1,250000.0,nM,COc1cccc2c1NC(=O)Cc1c-2[nH]c2ccc(Br)cc12,3.6020599913279625
CHEMBL80225,CDK1,250000.0,nM,COc1ccc(CNc2nc(N(CCO)CCCO)nc3c2ncn3C(C)C)cc1,3.6020599913279625
CHEMBL29197,CDK2,250000.0,nM,COc1cc2ncnc(Nc3cccc(Br)c3)c2cc1OC,3.6020599913279625
CHEMBL335743,CDK1,260000.0,nM,Nc1nc(Cl)c2ncn(C3CCCC3)c2n1,3.585026652029182
CHEMBL5410679,CDK2,260000.0,nM,O=C(O)c1ccc(C(F)(F)F)cc1NCCc1c[nH]c2ccccc12,3.585026652029182
CHEMBL525530,CDK2,262000.0,nM,CC(C)(C)c1ccc(-c2ccccc2C(=O)NCCc2c[nH]c3ccccc23)cc1,3.5816987086802543
CHEMBL80916,CDK1,270000.0,nM,CC(C)n1cnc2c(Nc3cccc(Br)c3)nc(NCCO)nc21,3.568636235841013
CHEMBL525538,CDK2,289000.0,nM,COc1ccc(-c2ccc(C(=O)N(C)CCc3c[nH]c4ccccc34)cc2)cc1,3.539102157243452
CHEMBL415270,CDK1,290000.0,nM,CC(C)n1cnc2c(Nc3ccc(F)c(Cl)c3)nc(NCCO)nc21,3.5376020021010435
CHEMBL456378,CDK2,296000.0,nM,O=C(c1ccc(-c2cccc(F)c2)cc1)N1CCc2c([nH]c3ccccc23)C1,3.5287082889410613
CHEMBL79764,CDK1,300000.0,nM,CC(C)n1cnc2c(Nc3cccc(Cl)c3)nc(NC3c4ccccc4C[C@@H]3O)nc21,3.5228787452803374
CHEMBL306783,CDK1,300000.0,nM,CC[C@H](CO)Nc1nc(Nc2cccc(Cl)c2)c2ncn(C(C)C)c2n1,3.5228787452803374
CHEMBL336556,CDK1,300000.0,nM,CN1CN=C(NCc2ccccc2)c2[nH]cnc21,3.5228787452803374
CHEMBL456584,CDK2,310000.0,nM,O=C(c1ccc(-c2ccccc2F)cc1)N1CCc2c([nH]c3ccccc23)C1,3.508638306165727
CHEMBL457390,CDK2,312000.0,nM,O=C(c1ccccc1-c1cccnc1)N1CCc2c([nH]c3ccccc23)C1,3.5058454059815576
CHEMBL457191,CDK2,318000.0,nM,O=C(c1cccc(-c2ccc(F)cc2)c1)N1CCc2c([nH]c3ccccc23)C1,3.497572880015567
CHEMBL330897,CDK1,320000.0,nM,Cc1nc(N)c2[nH]cnc2n1,3.4948500216800937
CHEMBL456113,CDK2,321000.0,nM,COc1ccccc1-c1ccc(C(=O)N2CCc3c([nH]c4ccccc34)C2)cc1,3.4934949675951277
CHEMBL80713,CDK1,330000.0,nM,COc1ccc(CNc2nc(N(CCO)CCO)nc3c2ncn3C(C)C)cc1,3.481486060122113
CHEMBL455931,CDK2,335000.0,nM,O=C(c1cccc(-c2ccccc2F)c1)N1CCc2c([nH]c3ccccc23)C1,3.4749551929631544
CHEMBL517154,CDK2,340000.0,nM,Cc1ccccc1-c1ccc(C(=O)N2CCc3c([nH]c4ccccc34)C2)cc1,3.4685210829577446
CHEMBL191632,CDK2,350000.0,nM,Nc1cncc(Cl)n1,3.4559319556497243
CHEMBL457180,CDK2,354000.0,nM,O=C(c1ccccc1-c1ccncc1)N1CCc2c([nH]c3ccccc23)C1,3.4509967379742124
CHEMBL457401,CDK2,357000.0,nM,O=C(c1ccccc1-c1ccc(F)cc1)N1CCc2c([nH]c3ccccc23)C1,3.4473317838878064
CHEMBL80213,CDK1,360000.0,nM,CC(C)[C@H](CO)Nc1nc(Nc2ccc(F)c(Cl)c2)c2ncn(C(C)C)c2n1,3.443697499232713
CHEMBL456796,CDK2,362000.0,nM,COc1cccc(-c2cccc(C(=O)N3CCc4c([nH]c5ccccc45)C3)c2)c1,3.441291429466834
CHEMBL456760,CDK2,375000.0,nM,COc1ccccc1-c1ccccc1C(=O)NCCc1c[nH]c2ccccc12,3.425968732272281
CHEMBL515356,CDK2,386000.0,nM,Cc1cccc(-c2ccccc2C(=O)N2CCc3c([nH]c4ccccc34)C2)c1,3.413412695328245
CHEMBL131896,CDK1,400000.0,nM,CN1CN=C(N)c2[nH]cnc21,3.3979400086720375
CHEMBL569847,CDK2,400000.0,nM,Cc1ccc2[nH]cc(CCn3ccc4ccccc43)c2c1,3.3979400086720375
CHEMBL311741,CDK1,400000.0,nM,COc1cccc(Nc2nc(NCCO)nc3c2ncn3C(C)C)c1,3.3979400086720375
CHEMBL309978,CDK1,400000.0,nM,CC(C)n1cnc2c(Nc3cccc(F)c3)nc(NCCO)nc21,3.3979400086720375
CHEMBL311571,CDK1,400000.0,nM,CC(C)n1cnc2c(Nc3cccc(Cl)c3)nc(N[C@@H](CO)c3ccccc3)nc21,3.3979400086720375
CHEMBL463384,CDK2,405000.0,nM,Cc1cccc(-c2ccc(C(=O)N3CCc4c([nH]c5ccccc45)C3)cc2)c1,3.3925449767853317
CHEMBL456121,CDK2,406000.0,nM,Cc1cccc(-c2ccccc2C(=O)NCCc2c[nH]c3ccccc23)c1,3.391473966422806
CHEMBL456964,CDK2,417000.0,nM,O=C(NCCc1c[nH]c2ccccc12)c1ccccc1-c1cccc(F)c1,3.3798639450262424
CHEMBL79329,CDK1,420000.0,nM,CC(C)n1cnc2c(Nc3cccc(C(F)(F)F)c3)nc(NCCO)nc21,3.376750709602099
CHEMBL456112,CDK2,424000.0,nM,COc1cccc(-c2ccc(C(=O)N3CCc4c([nH]c5ccccc45)C3)cc2)c1,3.372634143407267
CHEMBL99423,CDK1,430000.0,nM,COc1cccc2c1NC(=O)Cc1c-2[nH]c2ccccc12,3.366531544420414
CHEMBL557049,CDK2,430000.0,nM,Clc1ccc2c(ccn2CCc2c[nH]c3ccccc23)c1,3.366531544420414
CHEMBL457190,CDK2,434000.0,nM,O=C(c1ccccc1-c1ccccc1F)N1CCc2c([nH]c3ccccc23)C1,3.3625102704874896
CHEMBL456995,CDK2,438000.0,nM,O=C(c1ccc(-c2ccc(F)cc2)cc1)N1CCc2c([nH]c3ccccc23)C1,3.3585258894959003
CHEMBL306183,CDK1,450000.0,nM,COc1ccc(CNc2nc(NC3(CO)CCCC3)nc3c2ncn3C(C)C)cc1,3.346787486224656
CHEMBL458075,CDK2,465000.0,nM,Cc1cccc(-c2cccc(C(=O)N3CCc4c([nH]c5ccccc45)C3)c2)c1,3.3325470471100465
CHEMBL456143,CDK2,466000.0,nM,Cc1ccc(-c2cccc(C(=O)N3CCc4c([nH]c5ccccc45)C3)c2)cc1,3.33161408331
CHEMBL129973,CDK1,470000.0,nM,C=CCN(C)c1nc(NCCO)nc2c1ncn2C,3.327902142064283
CHEMBL97844,CDK1,470000.0,nM,CCN1C(=O)Cc2c([nH]c3ccc(Br)cc23)-c2ccccc21,3.327902142064283
CHEMBL515674,CDK2,480000.0,nM,O=C(c1ccccc1-c1cccc(F)c1)N1CCc2c([nH]c3ccccc23)C1,3.3187587626244124
CHEMBL77365,CDK1,500000.0,nM,CC(C)n1cnc2c(Nc3cccc(Cl)c3)nc(N[C@@H](CO)Cc3ccccc3)nc21,3.3010299956639813
CHEMBL80611,CDK1,500000.0,nM,CC(C)[C@@H](CO)Nc1nc(Nc2cccc(Cl)c2)c2ncn(C(C)C)c2n1,3.3010299956639813
CHEMBL258765,CDK2,500000.0,nM,O=C1c2ccccc2-[n+]2ccc3c([nH]c4ccccc43)c21.[Cl-],3.3010299956639813
CHEMBL309227,CDK1,500000.0,nM,CCC(C)[C@@H](CO)Nc1nc(Nc2cccc(Cl)c2)c2ncn(C(C)C)c2n1,3.3010299956639813
CHEMBL305823,CDK1,500000.0,nM,CC(C)n1cnc2c(Nc3cccc(Cl)c3)nc(NC3(CO)CCCC3)nc21,3.3010299956639813
CHEMBL556095,CDK2,500000.0,nM,Cc1ccc2c(ccn2CCc2c[nH]c3ccccc23)c1,3.3010299956639813
CHEMBL213805,CDK2,521000.0,nM,CN(CCc1c[nH]c2ccccc12)C(=O)c1ccc(-c2ccccc2)cc1,3.283162276700476
CHEMBL80586,CDK1,530000.0,nM,CC(C)C[C@H](CO)Nc1nc(Nc2cccc(Cl)c2)c2ncn(C(C)C)c2n1,3.275724130399211
CHEMBL75795,CDK1,560000.0,nM,COc1ccc(CNc2nc(NC(CO)CO)nc3c2ncn3C(C)C)cc1,3.2518119729937993
CHEMBL415271,CDK1,600000.0,nM,COc1ccc(CNc2nc(N[C@H](CO)C(C)C)nc3c2ncn3C(C)C)cc1,3.221848749616356
CHEMBL509499,CDK2,611000.0,nM,O=C(c1cccc(-c2cccc(F)c2)c1)N1CCc2c([nH]c3ccccc23)C1,3.213958789757446
CHEMBL458076,CDK2,665000.0,nM,Cc1ccccc1-c1cccc(C(=O)N2CCc3c([nH]c4ccccc34)C2)c1,3.1771783546968955
CHEMBL80754,CDK1,700000.0,nM,COc1ccc(CNc2nc(NCCO)nc3c2ncn3C(C)C)cc1,3.154901959985743
CHEMBL559882,CDK2,710000.0,nM,Cc1ccc2c(c1)CCN2C(=O)C(=O)c1c[nH]c2ccc(C)cc12,3.1487416512809245
CHEMBL463383,CDK2,736000.0,nM,Cc1ccc(-c2ccc(C(=O)N3CCc4c([nH]c5ccccc45)C3)cc2)cc1,3.1331221856625016
CHEMBL498521,CDK2,745000.0,nM,CN(CCc1c[nH]c2ccccc12)C(=O)c1ccc(-c2ccc(C(C)(C)C)cc2)cc1,3.1278437272517072
CHEMBL556712,CDK2,760000.0,nM,O=C(C(=O)N1CCc2ccccc21)c1c[nH]c2ccccc12,3.1191864077192086
CHEMBL496481,CDK2,764000.0,nM,O=C(NCCc1c[nH]c2ccccc12)c1ccc(-c2ccc(F)cc2)cc1,3.1169066414243103
CHEMBL419094,CDK1,790000.0,nM,CC(C)n1cnc2c(Nc3ccc(Cl)cc3)nc(N3CCCCC3CCO)nc21,3.102372908709558
CHEMBL540971,CDK2,790000.0,nM,O=C(C(=O)N1CCc2cc(F)ccc21)c1c[nH]c2ccccc12,3.102372908709558
CHEMBL498710,CDK2,790000.0,nM,CC(C)(C)c1ccc(-c2ccc(C(=O)NCCc3c[nH]c4ccccc34)cc2)cc1,3.102372908709558
CHEMBL432356,CDK1,800000.0,nM,CC(C)n1cnc2c(Nc3cccc(Cl)c3)nc(N[C@H](CO)c3ccccc3)nc21,3.0969100130080562
CHEMBL496482,CDK2,816000.0,nM,Cc1ccc(-c2ccc(C(=O)NCCc3c[nH]c4ccccc34)cc2)cc1,3.088309841246139
CHEMBL559683,CDK2,816000.0,nM,O=C(C(=O)N1CCc2cc(F)ccc21)c1c[nH]c2ccc(F)cc12,3.088309841246139
CHEMBL521733,CDK2,855000.0,nM,O=C(NCCc1c[nH]c2ccccc12)c1ccc(-c2ccccc2)cc1,3.068033885271827
CHEMBL549303,CDK2,862000.0,nM,Clc1ccc2c(ccn2CCc2c[nH]c3ccc(Cl)cc23)c1,3.0644927341752872
CHEMBL498520,CDK2,875000.0,nM,CN(CCc1c[nH]c2ccccc12)C(=O)c1ccc(-c2ccc(F)cc2)cc1,3.057991946977687
CHEMBL563948,CDK2,895000.0,nM,Fc1ccc2c(ccn2CCc2c[nH]c3ccc(F)cc23)c1,3.048176964684088
CHEMBL80895,CDK1,900000.0,nM,CC(C)n1cnc2c(Nc3cccc(Cl)c3)nc(NCCCO)nc21,3.045757490560675
CHEMBL561136,CDK2,910000.0,nM,Cc1ccc2c(c1)CCN2C(=O)C(=O)c1c[nH]c2ccccc12,3.040958607678906
CHEMBL552136,CDK2,915000.0,nM,O=C(C(=O)N1CCc2cc(Cl)ccc21)c1c[nH]c2ccc(Cl)cc12,3.0385789059335515
CHEMBL456965,CDK2,921000.0,nM,COc1ccc(-c2ccccc2C(=O)NCCc2c[nH]c3ccccc23)cc1,3.0357403698031513
CHEMBL456759,CDK2,926000.0,nM,COc1cccc(-c2ccccc2C(=O)NCCc2c[nH]c3ccccc23)c1,3.0333890133180654
CHEMBL549792,CDK2,940000.0,nM,c1ccc2c(c1)ccn2CCn1ccc2ccccc21,3.0268721464003017
CHEMBL560393,CDK2,950000.0,nM,c1ccc2c(c1)ccn2CCCCCn1ccc2ccccc21,3.0222763947111524
CHEMBL562198,CDK2,951000.0,nM,Cc1ccc2[nH]cc(C(=O)C(=O)N3CCc4ccccc43)c2c1,3.021819483062586
CHEMBL560278,CDK2,960000.0,nM,Cc1ccc2c(ccn2CCc2c[nH]c3ccc(C)cc23)c1,3.017728766960432
CHEMBL551936,CDK2,985000.0,nM,O=C(C(=O)N1CCc2ccccc21)c1c[nH]c2ccc(Cl)cc12,3.006563769502388
CHEMBL1242973,CDK4,1000000.0,nM,COC(=O)[C@@]1(Cc2ccc(O)c(CC=C(C)C)c2)OC(=O)C(O)=C1c1ccc(O)cc1,3.0
CHEMBL80562,CDK1,1000000.0,nM,COc1ccc(CNc2nc(N(C)CC(O)c3ccccc3)nc3c2ncn3C(C)C)cc1,3.0
CHEMBL317562,CDK1,1000000.0,nM,CC(C)(C)OC(=O)N1C(=O)Cc2c(n(C(=O)OC(C)(C)C)c3ccc(Br)cc23)-c2ccccc21,3.0
CHEMBL498130,CDK2,1002000.0,nM,O=C(NCCc1c[nH]c2ccccc12)c1cccc(-c2ccccc2)c1,2.999132278468773
CHEMBL558849,CDK2,1026000.0,nM,c1ccc2c(c1)ccn2CCCCn1ccc2ccccc21,2.988852639224202
CHEMBL558601,CDK2,1030000.0,nM,O=C(C(=O)N1CCc2cc(Cl)ccc21)c1c[nH]c2ccccc12,2.987162775294828
CHEMBL557456,CDK2,1070000.0,nM,c1ccc2c(c1)ccn2CCCn1ccc2ccccc21,2.9706162223147903
CHEMBL527039,CDK2,1085000.0,nM,COc1ccc(-c2ccc(C(=O)NCCc3c[nH]c4ccccc34)cc2)cc1,2.9645702618154512
CHEMBL456797,CDK2,1109000.0,nM,COc1ccccc1-c1cccc(C(=O)N2CCc3c([nH]c4ccccc34)C2)c1,2.9550684538508403
CHEMBL551612,CDK2,1160000.0,nM,O=C(C(=O)N1CCc2ccccc21)c1c[nH]c2ccc(F)cc12,2.935542010773082
CHEMBL77413,CDK1,1200000.0,nM,COc1ccc(CNc2nc(NCCCO)nc3c2ncn3C(C)C)cc1,2.920818753952375
CHEMBL76917,CDK1,1200000.0,nM,CC(C)n1cnc2c(NCc3ccc4ccccc4c3)nc(N3CCCCC3CCO)nc21,2.920818753952375
CHEMBL80920,CDK1,1200000.0,nM,CCN(CCO)c1nc(NCc2ccc(OC)cc2)c2ncn(C(C)C)c2n1,2.920818753952375
CHEMBL549850,CDK2,1210000.0,nM,c1ccc2c(c1)ccn2CCCCCCn1ccc2ccccc21,2.91721462968355
CHEMBL497454,CDK2,1216000.0,nM,O=C(NCCc1c[nH]c2ccccc12)c1ccccc1-c1ccc(F)cc1,2.9150664250632836
CHEMBL557050,CDK2,1230000.0,nM,c1ccc2c(c1)CCN2CCN1CCc2ccccc21,2.910094888560602
CHEMBL312530,CDK1,1300000.0,nM,COc1ccc(CNc2nc(NCC(O)CO)nc3c2ncn3C(C)C)cc1,2.886056647693163
CHEMBL80701,CDK1,1300000.0,nM,CC(C)n1cnc2c(NCCCc3ccccc3)nc(N3CCCCC3CCO)nc21,2.886056647693163
CHEMBL80859,CDK1,1300000.0,nM,CCCCNc1nc(N2CCCCC2CCO)nc2c1ncn2C(C)C,2.886056647693163
CHEMBL80693,CDK1,1400000.0,nM,CC(C)n1cnc2c(Nc3cccc(Cl)c3)nc(N3CCCCC3CCO)nc21,2.853871964321762
CHEMBL79491,CDK1,1500000.0,nM,CC(C)n1cnc2c(NCCNc3ccccc3)nc(N3CCCCC3CCO)nc21,2.8239087409443187
CHEMBL419830,CDK1,1600000.0,nM,COc1ccc(CNc2nc(NCC(O)CN)nc3c2ncn3C(C)C)cc1,2.795880017344075
CHEMBL540188,CDK1,2300000.0,nM,CC(C)n1cnc2c(Nc3cccc(Cl)c3)nc(N[C@H](CO)C(C)(C)C)nc21,2.638272163982407
CHEMBL75633,CDK1,2700000.0,nM,CC(C)n1cnc2c(Nc3ccc(Cl)cc3Cl)nc(NCCO)nc21,2.568636235841013
CHEMBL420571,CDK1,2800000.0,nM,COc1ccc(CNc2nc(N(CCO)Cc3ccccc3)nc3c2ncn3C(C)C)cc1,2.5528419686577806
CHEMBL75319,CDK1,2800000.0,nM,COc1ccc(CNc2nc(NCC(O)c3ccccc3)nc3c2ncn3C(C)C)cc1,2.5528419686577806
CHEMBL77291,CDK1,3000000.0,nM,CC(C)n1cnc2c(NCc3ccccc3C(F)(F)F)nc(N3CCCCC3CCO)nc21,2.5228787452803374
CHEMBL306288,CDK1,4000000.0,nM,CC(C)n1cnc2c(Nc3cccc(Cl)c3)nc(NCc3ccccc3C(F)(F)F)nc21,2.3979400086720375
CHEMBL76784,CDK1,4000000.0,nM,COc1ccc(CNc2nc(N3CCCCCC3)nc3c2ncn3C(C)C)cc1,2.3979400086720375
CHEMBL307367,CDK1,4300000.0,nM,CC(C)n1cnc2c(Nc3ccccc3Cl)nc(NCCO)nc21,2.366531544420414
CHEMBL309495,CDK1,4400000.0,nM,CC(C)n1cnc2c(Nc3cccc(Cl)c3)nc(NCCN(C)C)nc21,2.356547323513812
CHEMBL445311,CDK1,5000000.0,nM,CC(C)[C@H](CO)N(Cc1cccc(F)c1)c1nc(Nc2cccc(Cl)c2)c2ncn(C(C)C)c2n1,2.3010299956639813
CHEMBL77145,CDK1,5000000.0,nM,CC(C)n1cnc2c(Nc3cccc(Cl)c3)nc(NC3c4ccccc4C[C@H]3O)nc21,2.3010299956639813
CHEMBL311488,CDK1,5000000.0,nM,CC(C)n1cnc2c(Nc3cccc(Cl)c3)nc(N[C@H](CO)CC3CCCCC3)nc21,2.3010299956639813
CHEMBL312406,CDK1,5000000.0,nM,CC(C)n1cnc2c(Nc3cccc(Cl)c3)nc(N(CCO)Cc3ccccc3)nc21,2.3010299956639813
CHEMBL80755,CDK1,5000000.0,nM,CC(C)[C@H](CO)N(Cc1ccccc1)c1nc(Nc2cccc(Cl)c2)c2ncn(C(C)C)c2n1,2.3010299956639813
CHEMBL75809,CDK1,5000000.0,nM,COc1ccc(CNc2nc(N(CCN(C)C)Cc3ccccc3)nc3c2ncn3C(C)C)cc1,2.3010299956639813
CHEMBL77122,CDK1,5000000.0,nM,CCN(c1nc(Nc2cccc(Cl)c2)c2ncn(C(C)C)c2n1)[C@@H](CO)C(C)C,2.3010299956639813
CHEMBL77119,CDK1,5300000.0,nM,CC(C)[C@H](CO)N(CC1CCCCC1)c1nc(Nc2cccc(Cl)c2)c2ncn(C(C)C)c2n1,2.275724130399211
CHEMBL77126,CDK1,6000000.0,nM,CC(C)n1cnc2c(NCc3cccc(I)c3)nc(N3CCCCC3CCO)nc21,2.221848749616356
CHEMBL75924,CDK1,6500000.0,nM,COc1ccc(CNc2nc(N3CCC(O)CC3)nc3c2ncn3C(C)C)cc1,2.1870866433571443
CHEMBL78227,CDK1,7000000.0,nM,COc1ccc(CNc2nc(N3CCN(CCO)CC3)nc3c2ncn3C(C)C)cc1,2.154901959985743
CHEMBL80402,CDK1,7000000.0,nM,CC(C)n1cnc2c(Nc3cccc(Cl)c3)nc(N(CCN(C)C)Cc3ccccc3)nc21,2.154901959985743
CHEMBL80758,CDK1,9000000.0,nM,CC(C)n1cnc2c(NCCC(c3ccccc3)c3ccccc3)nc(N3CCCCC3CCO)nc21,2.045757490560675
CHEMBL75973,CDK1,9000000.0,nM,COc1ccccc1Nc1nc(NCCO)nc2c1ncn2C(C)C,2.045757490560675
CHEMBL307891,CDK1,10000000.0,nM,CC(C)n1cnc2c(Nc3ccccc3C(F)(F)F)nc(NCCO)nc21,2.0
CHEMBL80203,CDK1,10000000.0,nM,Cc1ccc(CN(c2nc(Nc3cccc(Cl)c3)c3ncn(C(C)C)c3n2)[C@@H](CO)C(C)C)cc1,2.0
CHEMBL276120,CDK1,10000000.0,nM,CC(C)[C@H](CO)N(Cc1ccc(F)cc1)c1nc(Nc2cccc(Cl)c2)c2ncn(C(C)C)c2n1,2.0
CHEMBL76921,CDK1,10800000.0,nM,COc1ccc(CNc2nc(N3CCN(C)CC3)nc3c2ncn3C(C)C)cc1,1.9665762445130506
CHEMBL78214,CDK1,33000000.0,nM,CC(C)[C@H](CO)Nc1nc(Nc2ccc(N)c(Cl)c2)c2ncn(C(C)C)c2n1,1.481486060122113
CHEMBL311354,CDK1,52000000.0,nM,CC(C)[C@H](CO)Nc1nc(Nc2ccc(Cl)c(N)c2)c2ncn(C(C)C)c2n1,1.2839966563652006
CHEMBL80168,CDK1,430000000.0,nM,CC(C)n1cnc2c(Nc3ccc4ccccc4c3)nc(NCCO)nc21,0.3665315444204129
