molecule_chembl_id,kinase,IC50,units,canonical_smiles,pIC50,ro5_fulfilled,ROMol
CHEMBL3694408,CDK9,0.005,nM,COc1ccc(F)cc1-c1cc(NC(=O)COc2ccc(Cl)cn2)ncn1,11.30102999566398,True,<rdkit.Chem.rdchem.Mol object at 0x735c78f67f40>
CHEMBL334285,CDK4,0.007,nM,O=C(Nc1cccc2c1C(=O)c1c(-c3ccc(C(=O)N4CCNCC4)s3)n[nH]c1-2)NN1CCOCC1,11.154901959985745,True,<rdkit.Chem.rdchem.Mol object at 0x735c78f67b50>
CHEMBL3694406,CDK9,0.015,nM,COc1ccc(F)cc1-c1cc(NC(=O)Cc2cccnc2)ncn1,10.82390874094432,True,<rdkit.Chem.rdchem.Mol object at 0x735c78f67530>
CHEMBL3694400,CDK9,0.018,nM,COc1ccc(F)cc1-c1cc(NC(=O)C2CCCNC2)ncn1,10.744727494896694,True,<rdkit.Chem.rdchem.Mol object at 0x735c78f642e0>
CHEMBL3694402,CDK9,0.019,nM,COc1ccccc1-c1cc(NC(=O)C2CCC(=O)NC2)ncn1,10.721246399047171,True,<rdkit.Chem.rdchem.Mol object at 0x735c78f67e60>
CHEMBL151546,CDK4,0.026,nM,NC(=O)Nc1cccc2c1C(=O)c1c(-c3csc(Cl)c3)n[nH]c1-2,10.585026652029182,True,<rdkit.Chem.rdchem.Mol object at 0x735c78f67c30>
CHEMBL3694407,CDK9,0.029,nM,COc1ccc(F)cc1-c1cc(NC(=O)Cc2ccncc2)ncn1,10.537602002101044,True,<rdkit.Chem.rdchem.Mol object at 0x735c78f64510>
CHEMBL3694401,CDK9,0.039,nM,COc1cccc(F)c1-c1cc(NC(=O)C2CCCNC2)ncn1,10.4089353929735,True,<rdkit.Chem.rdchem.Mol object at 0x735c78f64270>
CHEMBL5841163,CDK4,0.07,nM,CCN1CCN(c2ccc(Nc3ncc(F)c(-c4cc(F)c5nc6n(c5c4)C(C)(C)CC6)n3)nc2)CC1,10.154901959985745,True,<rdkit.Chem.rdchem.Mol object at 0x735c7903c040>
CHEMBL148580,CDK4,0.08,nM,COc1ccc(-c2[nH]nc3c2C(=O)c2c(NC(=O)CN4CCN(C(=N)N)CC4)cccc2-3)cc1,10.096910013008056,True,<rdkit.Chem.rdchem.Mol object at 0x735c7903ceb0>
CHEMBL194540,CDK1,0.1,nM,NS(=O)(=O)c1ccc(Nc2ncc(C(F)(F)F)c(Nc3ccc4[nH]cnc4c3)n2)cc1,10.0,True,<rdkit.Chem.rdchem.Mol object at 0x735c7903dee0>
CHEMBL5762122,CDK6,0.1,nM,CCN1CCN(Cc2ccc(Nc3ncc(F)c(-c4cc(F)c5c(c4)N(C(C)C)CCO5)n3)nc2)CC1,10.0,True,<rdkit.Chem.rdchem.Mol object at 0x735c7903d0e0>
CHEMBL3694404,CDK9,0.116,nM,COc1ccccc1-c1cc(NC(=O)c2ccc(C)c(NS(C)(=O)=O)c2)ncn1,9.935542010773082,True,<rdkit.Chem.rdchem.Mol object at 0x735c7903d150>
CHEMBL5748748,CDK4,0.12,nM,CC1(C)CCc2nc3c(F)cc(-c4nc(Nc5ccc6c(n5)CCN(C(=O)CO)C6)ncc4F)cc3n21,9.920818753952377,True,<rdkit.Chem.rdchem.Mol object at 0x735c7903d2a0>
CHEMBL3698644,CDK4,0.13,nM,c1cc2c3cnc(Nc4cnc(N5CCNCC5)nc4)nc3n(C3CCCC3)c2cn1,9.886056647693165,True,<rdkit.Chem.rdchem.Mol object at 0x735c7903d3f0>
CHEMBL5786556,CDK4,0.18,nM,CN(C)[C@H]1CCN(c2ccc(Nc3ncc(F)c(-c4cc(F)c5nc6n(c5c4)C(C)(C)CC6)n3)nc2)C1,9.744727494896694,True,<rdkit.Chem.rdchem.Mol object at 0x735c7903d9a0>
CHEMBL5939038,CDK4,0.2,nM,CN(C)[C@H]1CCN(C(=O)c2ccc(Nc3ncc(F)c(-c4cc(F)c5nc6n(c5c4)C(C)(C)CC6)n3)nc2)C1,9.69897000433602,True,<rdkit.Chem.rdchem.Mol object at 0x735c7903db60>
CHEMBL5751717,CDK6,0.2,nM,CC(C)N1CCOc2c(F)cc(-c3nc(Nc4ccc(N5CCNCC5)cn4)ncc3F)cc21,9.69897000433602,True,<rdkit.Chem.rdchem.Mol object at 0x735c7903dbd0>
CHEMBL4453997,CDK4,0.2,nM,COc1ccc(-c2n[nH]c3c2C(=O)c2c(C=O)cccc2-3)cc1,9.69897000433602,True,<rdkit.Chem.rdchem.Mol object at 0x735c7903dfc0>
CHEMBL5751717,CDK4,0.2,nM,CC(C)N1CCOc2c(F)cc(-c3nc(Nc4ccc(N5CCNCC5)cn4)ncc3F)cc21,9.69897000433602,True,<rdkit.Chem.rdchem.Mol object at 0x735c7903f1b0>
CHEMBL5915046,CDK4,0.25,nM,CC1(C)CCc2nc3c(F)cc(-c4nc(Nc5ccc(OC6CCN(CCO)CC6)cn5)ncc4F)cc3n21,9.602059991327964,True,<rdkit.Chem.rdchem.Mol object at 0x735c7903f300>
CHEMBL526110,CDK4,0.3,nM,O=[N+]([O-])c1cccc(Nc2nccc(-c3cnn4ncccc34)n2)c1,9.522878745280336,True,<rdkit.Chem.rdchem.Mol object at 0x735c7903f530>
CHEMBL5882717,CDK6,0.3,nM,CC(C)N1CCOc2c(F)cc(-c3nc(Nc4ccc(C5CCN(C(=O)CN(C)C)CC5)cn4)ncc3F)cc21,9.522878745280336,True,<rdkit.Chem.rdchem.Mol object at 0x735c7903fa00>
CHEMBL526110,CDK2,0.3,nM,O=[N+]([O-])c1cccc(Nc2nccc(-c3cnn4ncccc34)n2)c1,9.522878745280336,True,<rdkit.Chem.rdchem.Mol object at 0x735c7903fd10>
CHEMBL317703,CDK2,0.33,nM,NS(=O)(=O)c1ccc(Nc2cc(-c3ccc([N+](=O)[O-])cc3)[nH]n2)cc1,9.481486060122112,True,<rdkit.Chem.rdchem.Mol object at 0x735c79194970>
CHEMBL321517,CDK2,0.34,nM,Nc1ccc(-c2cc(Nc3ccc(S(N)(=O)=O)cc3)[nH]n2)cc1,9.468521082957745,True,<rdkit.Chem.rdchem.Mol object at 0x735c791945f0>
CHEMBL4777844,CDK9,0.495,nM,CN(C)C/C=C/C(=O)N1CCC(C(=O)Nc2ncc(SCc3ncc(C(C)(C)C)o3)s2)CC1,9.30539480106643,True,<rdkit.Chem.rdchem.Mol object at 0x735c79197d80>
CHEMBL5758578,CDK4,0.5,nM,CC(C)N1CCOc2c(F)cc(-c3nc(Nc4ccc(C(=O)N5CCC(O)CC5)c(F)c4)ncc3F)cc21,9.30102999566398,True,<rdkit.Chem.rdchem.Mol object at 0x735c79197d10>
CHEMBL5865305,CDK4,0.5,nM,CC(=O)N1CCN(c2ccc(Nc3ncc(F)c(-c4cc(F)c5c(c4)N(C(C)C)CCO5)n3)nc2)CC1,9.30102999566398,True,<rdkit.Chem.rdchem.Mol object at 0x735c79197c30>
CHEMBL5882717,CDK4,0.5,nM,CC(C)N1CCOc2c(F)cc(-c3nc(Nc4ccc(C5CCN(C(=O)CN(C)C)CC5)cn4)ncc3F)cc21,9.30102999566398,True,<rdkit.Chem.rdchem.Mol object at 0x735c79197140>
CHEMBL1964259,CDK2,0.54,nM,O=C1Nc2ccc3ncsc3c2/C1=C/Nc1ccc(S(=O)(=O)NCCOCCO)cc1,9.267606240177033,True,<rdkit.Chem.rdchem.Mol object at 0x735c79197990>
CHEMBL4209329,CDK4,0.6,nM,CC1(C)CCc2nc3c(F)cc(-c4nc(Nc5ccc(CN6CCNCC6)cn5)ncc4F)cc3n21,9.221848749616356,True,<rdkit.Chem.rdchem.Mol object at 0x735c79197920>
CHEMBL4211828,CDK4,0.6,nM,CC(C)N1CCN(Cc2ccc(Nc3ncc(F)c(-c4cc(F)c5nc6n(c5c4)C(C)CC6)n3)nc2)CC1,9.221848749616356,True,<rdkit.Chem.rdchem.Mol object at 0x735c79197840>
CHEMBL5892046,CDK6,0.6,nM,CC(C)N1CCOc2c(F)cc(-c3nc(Nc4ccc(N5CCN(C(=O)CN(C)C)CC5)cn4)ncc3F)cc21,9.221848749616356,True,<rdkit.Chem.rdchem.Mol object at 0x735c791977d0>
CHEMBL5811976,CDK4,0.7,nM,Cc1nc2c(F)cc(-c3nc(Nc4ccc5c(n4)CCN(C[C@@H]4CNCCO4)C5)ncc3F)cc2n1C(C)(C)C,9.154901959985745,True,<rdkit.Chem.rdchem.Mol object at 0x735c79197760>
CHEMBL248713,CDK1,0.7,nM,CCNCc1cncc(-c2cnc3[nH]nc(-c4nc5cc(F)ccc5[nH]4)c3c2)c1,9.154901959985745,True,<rdkit.Chem.rdchem.Mol object at 0x735c79197680>
CHEMBL5853767,CDK4,0.7,nM,Cc1nc2c(F)cc(-c3nc(Nc4ccc5c(n4)CCN(C[C@@H]4CNCCO4)C5)ncc3F)cc2n1C(C)C,9.154901959985745,True,<rdkit.Chem.rdchem.Mol object at 0x735c791975a0>
CHEMBL5762122,CDK4,0.7,nM,CCN1CCN(Cc2ccc(Nc3ncc(F)c(-c4cc(F)c5c(c4)N(C(C)C)CCO5)n3)nc2)CC1,9.154901959985745,True,<rdkit.Chem.rdchem.Mol object at 0x735c79197530>
CHEMBL5817708,CDK4,0.73,nM,CC1(C)CCc2nc3c(F)cc(-c4nc(Nc5ccc(CN6CCN(C(=O)CO)CC6)cn5)ncc4F)cc3n21,9.136677139879543,True,<rdkit.Chem.rdchem.Mol object at 0x735c791973e0>
CHEMBL4088242,CDK2,0.8,nM,CC[C@@H](C)Oc1nc(Nc2ccc(S(N)(=O)=O)cc2)nc(N)c1C=O,9.096910013008056,True,<rdkit.Chem.rdchem.Mol object at 0x735c79197220>
CHEMBL4215702,CDK4,0.8,nM,CN1CCN(Cc2ccc(Nc3ncc(F)c(-c4cc(F)c5nc6n(c5c4)C(C)(C)CC6)n3)nc2)CC1,9.096910013008056,True,<rdkit.Chem.rdchem.Mol object at 0x735c791970d0>
CHEMBL6008170,CDK4,0.8,nM,CS(=O)(=O)c1cc2cnc(Nc3ccc(N4CCNCC4)cn3)nc2n1C1CCCC1,9.096910013008056,True,<rdkit.Chem.rdchem.Mol object at 0x735c79196ff0>
CHEMBL429478,CDK1,0.8,nM,CCNCc1cncc(-c2cnc3[nH]nc(-c4nc5cc(OC)ccc5[nH]4)c3c2)c1,9.096910013008056,True,<rdkit.Chem.rdchem.Mol object at 0x735c79196ea0>
CHEMBL561334,CDK1,0.8,nM,C[C@@H]1CNc2c(sc3ccc4ncccc4c23)C(=O)N1,9.096910013008056,True,<rdkit.Chem.rdchem.Mol object at 0x735c79196b90>
CHEMBL5964401,CDK4,0.86,nM,CCC(CC)n1c(C)nc2c(F)cc(-c3nc(Nc4ccc5c(n4)CCNC5)ncc3F)cc21,9.065501548756432,True,<rdkit.Chem.rdchem.Mol object at 0x735c791966c0>
CHEMBL5841163,CDK6,0.88,nM,CCN1CCN(c2ccc(Nc3ncc(F)c(-c4cc(F)c5nc6n(c5c4)C(C)(C)CC6)n3)nc2)CC1,9.05551732784983,True,<rdkit.Chem.rdchem.Mol object at 0x735c79196ab0>
CHEMBL194721,CDK1,0.9,nM,FC(F)(F)c1cnc(Nc2ccc3[nH]cnc3c2)nc1Nc1ccccc1Cl,9.045757490560677,True,<rdkit.Chem.rdchem.Mol object at 0x735c79196a40>
CHEMBL4208172,CDK6,0.9,nM,CCN1CCN(Cc2ccc(Nc3ncc(F)c(-c4cc(F)c5nc6n(c5c4)C(C)(C)CC6)n3)nc2)CC1,9.045757490560677,True,<rdkit.Chem.rdchem.Mol object at 0x735c791969d0>
CHEMBL3698641,CDK4,0.91,nM,Cc1cc(Nc2ncc3c4ccncc4n(C4CCCC4)c3n2)cnc1N1CCNCC1,9.040958607678906,True,<rdkit.Chem.rdchem.Mol object at 0x735c79196960>
CHEMBL4542247,CDK4,0.91,nM,Cc1nc2c(F)cc(-c3nc(Nc4ccc5c(n4)CCN(CCN(C)C)C5)ncc3F)cc2n1C1(C)CC1,9.040958607678906,True,<rdkit.Chem.rdchem.Mol object at 0x735c79196880>
CHEMBL5886747,CDK4,0.92,nM,Cc1nc2c(F)cc(-c3nc(Nc4ccc5c(n4)CCNC5)ncc3F)cc2n1C1(C)CC1,9.036212172654444,True,<rdkit.Chem.rdchem.Mol object at 0x735c791967a0>
CHEMBL5947385,CDK9,0.92,nM,C=CC(=O)N1CCc2nc(Nc3ncc(F)c(-c4cc(F)c5nc(C)n(C(C)C)c5c4)n3)ccc2C1,9.036212172654444,True,<rdkit.Chem.rdchem.Mol object at 0x735c79196730>
CHEMBL5925248,CDK4,0.94,nM,Cc1nc2c(F)cc(-c3nc(Nc4ccc5c(n4)CCN(C[C@H](C)N(C)C)C5)ncc3F)cc2n1C1CC1,9.0268721464003,True,<rdkit.Chem.rdchem.Mol object at 0x735c791965e0>
CHEMBL3698659,CDK4,0.94,nM,c1cc2c3cnc(Nc4ccc(N5CCNCC5)cn4)nc3n(C3CC4CCC3C4)c2cn1,9.0268721464003,True,<rdkit.Chem.rdchem.Mol object at 0x735c79196570>
CHEMBL5869281,CDK4,0.96,nM,Cc1nc2c(F)cc(-c3nc(Nc4ccc5c(n4)CCN(C[C@H]4CN(C)CCO4)C5)ncc3F)cc2n1C(C)(C)C,9.017728766960431,True,<rdkit.Chem.rdchem.Mol object at 0x735c79196500>
CHEMBL3698688,CDK4,0.97,nM,CN(C)C1CCN(c2ccc(Nc3ncc4c5ccncc5n(C5CCCC5)c4n3)cn2)CC1,9.013228265733757,True,<rdkit.Chem.rdchem.Mol object at 0x735c79196490>
CHEMBL5830076,CDK4,0.99,nM,Cc1nc2c(F)cc(-c3nc(Nc4ccc5c(n4)CCN(C(=O)CCN(C)C)C5)ncc3F)cc2n1C(C)(C)C,9.00436480540245,True,<rdkit.Chem.rdchem.Mol object at 0x735c79196420>
CHEMBL4463172,CDK4,0.99,nM,Cc1nc2c(F)cc(-c3nc(Nc4ccc5c(n4)CCN(CCN(C)C(=N)N)C5)ncc3F)cc2n1C(C)C,9.00436480540245,True,<rdkit.Chem.rdchem.Mol object at 0x735c791963b0>
CHEMBL6059314,CDK6,1.0,nM,CC(C)N1CCc2ccc(Nc3ncc(F)c(-c4cc(F)c5c(c4)N(C(C)C)CCO5)n3)cc2C1,9.0,True,<rdkit.Chem.rdchem.Mol object at 0x735c79196340>
CHEMBL2103840,CDK2,1.0,nM,CCc1cnn2c(NCc3ccc[n+]([O-])c3)cc(N3CCCC[C@H]3CCO)nc12,9.0,True,<rdkit.Chem.rdchem.Mol object at 0x735c791962d0>
CHEMBL478409,CDK2,1.0,nM,COCCNS(=O)(=O)c1ccc(Nc2nccc(-c3cnc(C)n3C(C)C)n2)cc1,9.0,True,<rdkit.Chem.rdchem.Mol object at 0x735c79196260>
CHEMBL215803,CDK1,1.0,nM,C[C@@H]1C[C@H]2CN1CCn1nc3c(cccc3c1O)-c1nc3c(cccc3nc1O)O2,9.0,True,<rdkit.Chem.rdchem.Mol object at 0x735c79196180>
CHEMBL3642037,CDK4,1.0,nM,CN(C)[C@@H]1CN(c2ccc(Nc3ncc4c5ccncc5n(C5CCCC5)c4n3)nn2)CC[C@H]1O,9.0,True,<rdkit.Chem.rdchem.Mol object at 0x735c79196110>
CHEMBL5825661,CDK4,1.0,nM,CC(C)N1CCOc2c(F)cc(-c3nc(Nc4ccc(N5CCNCC5=O)cn4)ncc3F)cc21,9.0,True,<rdkit.Chem.rdchem.Mol object at 0x735c79196030>
CHEMBL5996434,CDK6,1.0,nM,CC(C)N1CCOc2c(F)cc(-c3nc(Nc4ccc5c(c4)CNCC5)ncc3F)cc21,9.0,True,<rdkit.Chem.rdchem.Mol object at 0x735c79195fc0>
CHEMBL4462530,CDK2,1.0,nM,CC(=O)N[C@@H]1CCC[C@H](C(=O)Nc2cc(-c3cnn4c3CC(C)(C)C4)c(Cl)cn2)C1,9.0,True,<rdkit.Chem.rdchem.Mol object at 0x735c79195f50>
CHEMBL4205645,CDK4,1.0,nM,CCN1CCN(Cc2ccc(Nc3nccc(-c4cc(F)c5nc6n(c5c4)C(C)(C)CC6)n3)nc2)CC1,9.0,True,<rdkit.Chem.rdchem.Mol object at 0x735c79195e70>
CHEMBL3904602,CDK4,1.0,nM,CC(C)N1CCN(c2ccc(Nc3ncc4cc5n(c4n3)C3(CCCCC3)CNC5=O)nc2)CC1,9.0,True,<rdkit.Chem.rdchem.Mol object at 0x735c79195d90>
CHEMBL3545083,CDK9,1.0,nM,COCCN1CCN(Cc2ccc(-c3n[nH]c4c3C(=O)c3c(NC(=O)NN5CCOCC5)cccc3-4)cc2)CC1,9.0,True,<rdkit.Chem.rdchem.Mol object at 0x735c79195cb0>
CHEMBL3702053,CDK4,1.0,nM,CCN(CC)C1CCN(c2ccc(Nc3ncc4c5ccncc5n(C5CCCC5)c4n3)nn2)CC1,9.0,True,<rdkit.Chem.rdchem.Mol object at 0x735c79195c40>
CHEMBL5999532,CDK4,1.0,nM,CC(C)N1CCOc2c(F)cc(-c3nc(Nc4ccc(C5CCN(C)C5)cn4)ncc3F)cc21,9.0,True,<rdkit.Chem.rdchem.Mol object at 0x735c79195bd0>
CHEMBL5742108,CDK4,1.0,nM,CC(C)N1CCOc2c(F)cc(-c3nc(Nc4ccc5c(n4)CCNC5)ncc3F)cc21,9.0,True,<rdkit.Chem.rdchem.Mol object at 0x735c79194660>
CHEMBL5171657,CDK2,1.0,nM,CCc1cnn2c(NCc3ccc[n+]([O-])c3)cc(C3CCCC[C@H]3CCO)nc12,9.0,True,<rdkit.Chem.rdchem.Mol object at 0x735c79195b60>
CHEMBL5892046,CDK4,1.0,nM,CC(C)N1CCOc2c(F)cc(-c3nc(Nc4ccc(N5CCN(C(=O)CN(C)C)CC5)cn4)ncc3F)cc21,9.0,True,<rdkit.Chem.rdchem.Mol object at 0x735c79195af0>
CHEMBL4292930,CDK2,1.0,nM,Cc1cnn2c(NCc3ccc[n+]([O-])c3)cc(N3CCCC[C@@H]3CCO)nc12,9.0,True,<rdkit.Chem.rdchem.Mol object at 0x735c79195a10>
CHEMBL3702060,CDK4,1.0,nM,CN(C)C1CCN(c2ccc(Nc3ncc4c5ccnc(Cl)c5n(C5CCCC5)c4n3)nc2)CC1,9.0,True,<rdkit.Chem.rdchem.Mol object at 0x735c79195930>
CHEMBL6015264,CDK4,1.0,nM,CC(C)N1CCOc2c(F)cc(-c3nc(Nc4ccc(CN5CCN(CC6CC6)CC5)cn4)ncc3F)cc21,9.0,True,<rdkit.Chem.rdchem.Mol object at 0x735c79195700>
CHEMBL3698649,CDK4,1.0,nM,CN(C)C1CCN(c2ccc(Nc3ncc4c5ccncc5n(C5CCCC5)c4n3)nn2)CC1,9.0,True,<rdkit.Chem.rdchem.Mol object at 0x735c79195540>
CHEMBL1964249,CDK2,1.0,nM,COCCOCCOCCOCCN(C)S(=O)(=O)c1ccc(N/C=C2\C(=O)Nc3ccc4ncsc4c32)cc1,9.0,True,<rdkit.Chem.rdchem.Mol object at 0x735c791954d0>
CHEMBL509406,CDK2,1.0,nM,Cc1ncc(-c2nc(Nc3ccc(C(=O)NC4CCN(C)CC4)c(F)c3)ncc2F)n1C(C)C,9.0,True,<rdkit.Chem.rdchem.Mol object at 0x735c79195460>
CHEMBL1171950,CDK2,1.0,nM,NCCCn1nc(C(N)=O)c2c1-c1nc(Nc3ccccc3)ncc1CC2,9.0,True,<rdkit.Chem.rdchem.Mol object at 0x735c79195380>
CHEMBL6048798,CDK4,1.0,nM,CC(C)N1CCOc2c(F)cc(-c3nc(Nc4ccc(N5CCNCC5)c(F)c4F)ncc3F)cc21,9.0,True,<rdkit.Chem.rdchem.Mol object at 0x735c79195310>
CHEMBL3702122,CDK4,1.0,nM,O=C(O)CN1CCN(Cc2ccc(Nc3ncc4c5ccncc5n(C5CCCC5)c4n3)nc2)CC1,9.0,True,<rdkit.Chem.rdchem.Mol object at 0x735c791952a0>
CHEMBL559513,CDK2,1.0,nM,CN1CCN(c2cccc(Nc3ncc4c(n3)-c3c(c(C(N)=O)nn3C)CC4)c2)CC1,9.0,True,<rdkit.Chem.rdchem.Mol object at 0x735c79195230>
CHEMBL5996434,CDK4,1.0,nM,CC(C)N1CCOc2c(F)cc(-c3nc(Nc4ccc5c(c4)CNCC5)ncc3F)cc21,9.0,True,<rdkit.Chem.rdchem.Mol object at 0x735c79195150>
CHEMBL3691546,CDK4,1.0,nM,CN(C)C(=O)c1cc2cnc(Nc3ccc(C(=O)N4CC5CC4CN5)cn3)nc2n1C1CCCCCC1,9.0,True,<rdkit.Chem.rdchem.Mol object at 0x735c791950e0>
CHEMBL557318,CDK1,1.0,nM,C[C@@H]1CNc2c(sc3ccc4occc4c23)C(=O)N1,9.0,True,<rdkit.Chem.rdchem.Mol object at 0x735c79195070>
CHEMBL6059314,CDK4,1.0,nM,CC(C)N1CCc2ccc(Nc3ncc(F)c(-c4cc(F)c5c(c4)N(C(C)C)CCO5)n3)cc2C1,9.0,True,<rdkit.Chem.rdchem.Mol object at 0x735c79194eb0>
CHEMBL5095102,CDK6,1.0,nM,CC(C)N1CCOc2c(F)cc(-c3nc(Nc4ccc(C5CCN(C)CC5)cn4)ncc3F)cc21,9.0,True,<rdkit.Chem.rdchem.Mol object at 0x735c79194e40>
CHEMBL5266005,CDK2,1.0,nM,CCc1cnn2c(NCc3ccc[n+]([O-])c3)cc(N3CCCC[C@@H]3CCO)nc12,9.0,True,<rdkit.Chem.rdchem.Mol object at 0x735c79194d60>
CHEMBL5897984,CDK4,1.02,nM,Cc1nc2c(F)cc(-c3nc(Nc4ccc5c(n4)CCN(C[C@H]4CNCCO4)C5)ncc3F)cc2n1C(C)C,8.991399828238082,True,<rdkit.Chem.rdchem.Mol object at 0x735c79194cf0>
CHEMBL5964675,CDK4,1.02,nM,Cc1nc2c(F)cc(-c3nc(Nc4ccc5c(n4)CCN(C[C@H]4CNCCO4)C5)ncc3F)cc2n1C(C)(C)C,8.991399828238082,True,<rdkit.Chem.rdchem.Mol object at 0x735c79194c80>
CHEMBL5787921,CDK4,1.06,nM,CN[C@H](C)C(=O)N1CCc2nc(Nc3ncc(F)c(-c4cc(F)c5nc(C)n(C6CC6)c5c4)n3)ccc2C1,8.97469413473523,True,<rdkit.Chem.rdchem.Mol object at 0x735c79194b30>
CHEMBL3694405,CDK9,1.08,nM,COc1ccccc1-c1cc(NC(=O)c2cccc(NS(C)(=O)=O)c2)ncn1,8.96657624451305,True,<rdkit.Chem.rdchem.Mol object at 0x735c79194ac0>
CHEMBL5873158,CDK4,1.09,nM,Cc1nc2c(F)cc(-c3nc(Nc4ccc5c(n4)CCNC5)ncc3F)cc2n1C(C)(C)C,8.962573502059376,True,<rdkit.Chem.rdchem.Mol object at 0x735c79194a50>
CHEMBL248712,CDK1,1.1,nM,CCNCc1cncc(-c2cnc3[nH]nc(-c4nc5cc(F)c(F)cc5[nH]4)c3c2)c1,8.958607314841775,True,<rdkit.Chem.rdchem.Mol object at 0x735c79194900>
CHEMBL318999,CDK2,1.1,nM,Nc1nc(Nc2ccc(S(N)(=O)=O)cc2)nc(OCC2CCCCC2)c1N=O,8.958607314841775,True,<rdkit.Chem.rdchem.Mol object at 0x735c791947b0>
CHEMBL3237704,CDK6,1.1,nM,CC1(C)CCC(n2c3cnccc3c3cnc(Nc4ccc(N5CCNCC5)cn4)nc32)CC1,8.958607314841775,True,<rdkit.Chem.rdchem.Mol object at 0x735c79194510>
CHEMBL5943325,CDK4,1.1,nM,CC(C)N1CCOc2c(F)cc(-c3nc(Nc4ccc(N5CCC(O)CC5)cn4)ncc3F)cc21,8.958607314841775,True,<rdkit.Chem.rdchem.Mol object at 0x735c791944a0>
CHEMBL3698644,CDK6,1.1,nM,c1cc2c3cnc(Nc4cnc(N5CCNCC5)nc4)nc3n(C3CCCC3)c2cn1,8.958607314841775,True,<rdkit.Chem.rdchem.Mol object at 0x735c791943c0>
CHEMBL5201870,CDK2,1.1,nM,COCc1cc(C(=O)Nc2cc([C@H]3CC[C@@H](OC(=O)NC(C)C)C3)[nH]n2)n(C)n1,8.958607314841775,True,<rdkit.Chem.rdchem.Mol object at 0x735c79194350>
CHEMBL5938059,CDK6,1.11,nM,Cc1nc2c(F)cc(-c3nc(Nc4ccc5c(n4)CCN(CCN)C5)ncc3F)cc2n1C(C)(C)C,8.954677021213342,True,<rdkit.Chem.rdchem.Mol object at 0x735c79194200>
CHEMBL5950426,CDK4,1.12,nM,Cc1nc2c(F)cc(-c3nc(Nc4ccc5c(n4)CCN(C(=O)N(C)CCN(C)C)C5)ncc3F)cc2n1C1CC1,8.950781977329818,True,<rdkit.Chem.rdchem.Mol object at 0x735c79194190>
CHEMBL5774473,CDK4,1.12,nM,C#CCN1CCC(N2CCc3nc(Nc4ncc(F)c(-c5cc(F)c6nc(C)n(C(C)C)c6c5)n4)ccc3C2)C1,8.950781977329818,True,<rdkit.Chem.rdchem.Mol object at 0x735c79194120>
CHEMBL4448494,CDK4,1.12,nM,Cc1nc2c(F)cc(-c3nc(Nc4ccc5c(n4)CCN(CCN(C)C)C5)ncc3F)cc2n1C(C)C,8.950781977329818,True,<rdkit.Chem.rdchem.Mol object at 0x735c791940b0>
CHEMBL5760424,CDK4,1.12,nM,C#CN1CCC(N2CCc3nc(Nc4ncc(F)c(-c5cc(F)c6nc(C)n(C(C)C)c6c5)n4)ccc3C2)C1,8.950781977329818,True,<rdkit.Chem.rdchem.Mol object at 0x735c79194040>
CHEMBL5811976,CDK6,1.13,nM,Cc1nc2c(F)cc(-c3nc(Nc4ccc5c(n4)CCN(C[C@@H]4CNCCO4)C5)ncc3F)cc2n1C(C)(C)C,8.94692155651658,True,<rdkit.Chem.rdchem.Mol object at 0x735c79195ee0>
CHEMBL5853767,CDK6,1.13,nM,Cc1nc2c(F)cc(-c3nc(Nc4ccc5c(n4)CCN(C[C@@H]4CNCCO4)C5)ncc3F)cc2n1C(C)C,8.94692155651658,True,<rdkit.Chem.rdchem.Mol object at 0x735c791b3300>
CHEMBL4466497,CDK4,1.13,nM,Cc1nc2c(F)cc(-c3nc(Nc4ccc5c(n4)CCN(CCN(C)C)C5)ncc3F)cc2n1C(C)(C)C,8.94692155651658,True,<rdkit.Chem.rdchem.Mol object at 0x735c791b0350>
CHEMBL5938059,CDK4,1.14,nM,Cc1nc2c(F)cc(-c3nc(Nc4ccc5c(n4)CCN(CCN)C5)ncc3F)cc2n1C(C)(C)C,8.943095148663527,True,<rdkit.Chem.rdchem.Mol object at 0x735c791b3c30>
CHEMBL5774332,CDK4,1.16,nM,Cc1nc2c(F)cc(-c3nc(Nc4ccc5c(n4)CCN(C[C@@H]4CN(C)CCO4)C5)ncc3F)cc2n1C(C)(C)C,8.935542010773082,True,<rdkit.Chem.rdchem.Mol object at 0x735c791b1690>
CHEMBL6020156,CDK4,1.18,nM,Cc1nc2c(F)cc(-c3nc(Nc4ccc5c(n4)CCN(C/C=N/O)C5)ncc3F)cc2n1C(C)C,8.928117992693874,True,<rdkit.Chem.rdchem.Mol object at 0x735c791b14d0>
CHEMBL5939038,CDK6,1.19,nM,CN(C)[C@H]1CCN(C(=O)c2ccc(Nc3ncc(F)c(-c4cc(F)c5nc6n(c5c4)C(C)(C)CC6)n3)nc2)C1,8.924453038607469,True,<rdkit.Chem.rdchem.Mol object at 0x735c791b2dc0>
CHEMBL3702046,CDK4,1.2,nM,CC(C)N1CCN(c2ccc(Nc3ncc4c5ccncc5n(C5CCCC5)c4n3)nc2)CC1,8.920818753952375,True,<rdkit.Chem.rdchem.Mol object at 0x735c791b37d0>
CHEMBL3698672,CDK6,1.2,nM,c1ccc2c(c1)c1cnc(Nc3ccc(N4CCNCC4)cn3)nc1n2C1CCCC1,8.920818753952375,True,<rdkit.Chem.rdchem.Mol object at 0x735c791b3e60>
CHEMBL3237702,CDK4,1.2,nM,CC1CCC(n2c3cnccc3c3cnc(Nc4ccc(N5CCNCC5)cn4)nc32)CC1,8.920818753952375,True,<rdkit.Chem.rdchem.Mol object at 0x735c791b02e0>
CHEMBL5220945,CDK4,1.2,nM,Cc1nc2c(F)cc(-c3nc(Nc4ccc(CNC(=O)CC(=O)NO)cc4)ncc3F)cc2n1C(C)C,8.920818753952375,True,<rdkit.Chem.rdchem.Mol object at 0x735c791b3d10>
CHEMBL3694403,CDK9,1.25,nM,COc1ccccc1-c1cc(NC(=O)c2ccc(NS(C)(=O)=O)cc2)ncn1,8.903089986991944,True,<rdkit.Chem.rdchem.Mol object at 0x735c791b3bc0>
CHEMBL6152892,CDK9,1.26,nM,CCOc1ccc(C2C(C#N)=C(N)OC3C2C(C)=NN3c2ccc(Cl)cc2)cc1,8.899629454882437,True,<rdkit.Chem.rdchem.Mol object at 0x735c791b1cb0>
CHEMBL5983466,CDK4,1.27,nM,Cc1nc2c(F)cc(-c3nc(Nc4ccc5c(n4)CCN(CCN(C)CCN(C)C)C5)ncc3F)cc2n1C(C)(C)C,8.896196279044043,True,<rdkit.Chem.rdchem.Mol object at 0x735c791b3b50>
CHEMBL5933703,CDK6,1.28,nM,CNCCN1CCc2nc(Nc3ncc(F)c(-c4cc(F)c5nc(C)n(C6(C)CC6)c5c4)n3)ccc2C1,8.892790030352131,True,<rdkit.Chem.rdchem.Mol object at 0x735c791b3ae0>
CHEMBL3642002,CDK4,1.3,nM,OC[C@H](O)CNC1CCN(c2ccc(Nc3ncc4c5ccncc5n(C5CCCC5)c4n3)nn2)CC1,8.886056647693163,True,<rdkit.Chem.rdchem.Mol object at 0x735c791b3990>
CHEMBL5561839,CDK9,1.3,nM,CC(C)n1nnc2ccc(-c3ccnc(Nc4cc(C(=O)N5CCCC5)ccn4)c3)cc21,8.886056647693163,True,<rdkit.Chem.rdchem.Mol object at 0x735c791b3920>
CHEMBL3702158,CDK4,1.3,nM,C1=C(c2ccc(Nc3ncc4c5ccncc5n(C5CCCC5)c4n3)nc2)CCNC1,8.886056647693163,True,<rdkit.Chem.rdchem.Mol object at 0x735c791b38b0>
CHEMBL3698658,CDK4,1.3,nM,c1ccc2c(c1)c1cnc(Nc3ccc(N4CCNCC4)cn3)nc1n2C1CCCCC1,8.886056647693163,True,<rdkit.Chem.rdchem.Mol object at 0x735c791b3840>
CHEMBL3698643,CDK6,1.3,nM,c1cc2c3cnc(Nc4ccc(N5CCNCC5)nc4)nc3n(C3CCCC3)c2cn1,8.886056647693163,True,<rdkit.Chem.rdchem.Mol object at 0x735c791b3760>
CHEMBL3698698,CDK4,1.3,nM,NCC1CCCN(c2ccc(Nc3ncc4c5ccncc5n(C5CCCC5)c4n3)nc2)C1,8.886056647693163,True,<rdkit.Chem.rdchem.Mol object at 0x735c791b1380>
CHEMBL5869281,CDK6,1.33,nM,Cc1nc2c(F)cc(-c3nc(Nc4ccc5c(n4)CCN(C[C@H]4CN(C)CCO4)C5)ncc3F)cc2n1C(C)(C)C,8.876148359032914,True,<rdkit.Chem.rdchem.Mol object at 0x735c791b3680>
CHEMBL4463716,CDK4,1.34,nM,C#CCN(C)CCN1CCc2nc(Nc3ncc(F)c(-c4cc(F)c5nc(C)n(C(C)C)c5c4)n3)ccc2C1,8.872895201635192,True,<rdkit.Chem.rdchem.Mol object at 0x735c791b3610>
CHEMBL6014795,CDK4,1.35,nM,Cc1nc2c(F)cc(-c3nc(Nc4ccc5c(n4)CCN(C(=O)C4CCCN4)C5)ncc3F)cc2n1C1CC1,8.869666231504993,True,<rdkit.Chem.rdchem.Mol object at 0x735c791b3530>
CHEMBL5758951,CDK6,1.36,nM,Cc1nc2c(F)cc(-c3nc(Nc4ccc5c(n4)CCN(CCN4CCC(B(O)O)CC4)C5)ncc3F)cc2n1C(C)(C)C,8.866461091629782,True,<rdkit.Chem.rdchem.Mol object at 0x735c791b34c0>
CHEMBL5774332,CDK6,1.37,nM,Cc1nc2c(F)cc(-c3nc(Nc4ccc5c(n4)CCN(C[C@@H]4CN(C)CCO4)C5)ncc3F)cc2n1C(C)(C)C,8.863279432843592,True,<rdkit.Chem.rdchem.Mol object at 0x735c791b3450>
CHEMBL3702120,CDK4,1.39,nM,O=C(O)CN1CCN(c2ccc(Nc3ncc4c5ccncc5n(C5CCCC5)c4n3)nn2)CC1,8.856985199745905,True,<rdkit.Chem.rdchem.Mol object at 0x735c791b3370>
CHEMBL5830076,CDK6,1.39,nM,Cc1nc2c(F)cc(-c3nc(Nc4ccc5c(n4)CCN(C(=O)CCN(C)C)C5)ncc3F)cc2n1C(C)(C)C,8.856985199745905,True,<rdkit.Chem.rdchem.Mol object at 0x735c791b3290>
CHEMBL5979303,CDK4,1.39,nM,Cc1nc2c(F)cc(-c3nc(Nc4ccc5c(n4)CCN(CCS(C)(=O)=O)C5)ncc3F)cc2n1C(C)(C)C,8.856985199745905,True,<rdkit.Chem.rdchem.Mol object at 0x735c791b3140>
CHEMBL3698706,CDK4,1.4,nM,CNC1CCN(c2ccc(Nc3ncc4c5ccncc5n(C5CCCC5)c4n3)nc2)CC1,8.853871964321762,True,<rdkit.Chem.rdchem.Mol object at 0x735c791b30d0>
CHEMBL3702123,CDK4,1.4,nM,O=C(c1ccc(Nc2ncc3c4ccncc4n(C4CCCC4)c3n2)nc1)N1CCNCC1,8.853871964321762,True,<rdkit.Chem.rdchem.Mol object at 0x735c791b3060>
CHEMBL393525,CDK9,1.4,nM,Cc1ccc([N+](=O)[O-])cc1S(=O)(=O)N(C)/N=C/c1cnc2ccc(Br)cn12,8.853871964321762,True,<rdkit.Chem.rdchem.Mol object at 0x735c791b2f80>
CHEMBL3698643,CDK4,1.4,nM,c1cc2c3cnc(Nc4ccc(N5CCNCC5)nc4)nc3n(C3CCCC3)c2cn1,8.853871964321762,True,<rdkit.Chem.rdchem.Mol object at 0x735c791b0190>
CHEMBL3702197,CDK4,1.4,nM,OCCCNc1ccc(Nc2ncc3c4ccncc4n(C4CCCC4)c3n2)nn1,8.853871964321762,True,<rdkit.Chem.rdchem.Mol object at 0x735c791b2f10>
CHEMBL4542247,CDK6,1.41,nM,Cc1nc2c(F)cc(-c3nc(Nc4ccc5c(n4)CCN(CCN(C)C)C5)ncc3F)cc2n1C1(C)CC1,8.85078088734462,True,<rdkit.Chem.rdchem.Mol object at 0x735c791b2ea0>
CHEMBL5856237,CDK4,1.44,nM,Cc1nc2c(F)cc(-c3nc(Nc4ccc5c(n4)CCN(C(=O)[C@@H](C)N(C)C)C5)ncc3F)cc2n1C(C)C,8.84163750790475,True,<rdkit.Chem.rdchem.Mol object at 0x735c791b2c00>
CHEMBL5758951,CDK4,1.45,nM,Cc1nc2c(F)cc(-c3nc(Nc4ccc5c(n4)CCN(CCN4CCC(B(O)O)CC4)C5)ncc3F)cc2n1C(C)(C)C,8.838631997765026,True,<rdkit.Chem.rdchem.Mol object at 0x735c791b2b90>
CHEMBL5922296,CDK4,1.46,nM,CS(=O)(=O)c1cc2cnc(Nc3ccc(C4CCNCC4)cn3)nc2n1C1CCCC1,8.835647144215564,True,<rdkit.Chem.rdchem.Mol object at 0x735c791b2b20>
CHEMBL5888788,CDK4,1.47,nM,Cc1nc2c(F)cc(-c3nc(Nc4ccc5c(n4)CCN(C(=O)CN(C)C)C5)ncc3F)cc2n1CC1CC1,8.832682665251824,True,<rdkit.Chem.rdchem.Mol object at 0x735c791b2a40>
CHEMBL5897984,CDK6,1.48,nM,Cc1nc2c(F)cc(-c3nc(Nc4ccc5c(n4)CCN(C[C@H]4CNCCO4)C5)ncc3F)cc2n1C(C)C,8.829738284605043,True,<rdkit.Chem.rdchem.Mol object at 0x735c791b29d0>
CHEMBL6004741,CDK4,1.48,nM,Cc1nc2c(F)cc(-c3nc(Nc4ccc5c(n4)CCN(CC=NO)C5)ncc3F)cc2n1C(C)C,8.829738284605043,True,<rdkit.Chem.rdchem.Mol object at 0x735c791b2810>
CHEMBL6026840,CDK4,1.48,nM,Cc1nc2c(F)cc(-c3nc(Nc4ccc5c(n4)CCN(CC=NO)C5)ncc3F)cc2n1C(C)(C)C,8.829738284605043,True,<rdkit.Chem.rdchem.Mol object at 0x735c791b27a0>
CHEMBL5964675,CDK6,1.48,nM,Cc1nc2c(F)cc(-c3nc(Nc4ccc5c(n4)CCN(C[C@H]4CNCCO4)C5)ncc3F)cc2n1C(C)(C)C,8.829738284605043,True,<rdkit.Chem.rdchem.Mol object at 0x735c791b2730>
CHEMBL6002674,CDK4,1.49,nM,CNCCN1CCc2nc(Nc3ncc(F)c(-c4cc(F)c5nc(C)n(C(C)(C)C)c5c4)n3)ccc2C1,8.826813731587727,True,<rdkit.Chem.rdchem.Mol object at 0x735c791b2650>
CHEMBL5956531,CDK6,1.5,nM,CC(C)N1CCOc2c(F)cc(-c3nc(Nc4ccc5c(c4)CCNC5)ncc3F)cc21,8.823908740944319,True,<rdkit.Chem.rdchem.Mol object at 0x735c791b25e0>
CHEMBL3698654,CDK6,1.5,nM,O[C@@H]1CCN(c2ccc(Nc3ncc4c5ccncc5n(C5CCCC5)c4n3)nn2)C1,8.823908740944319,True,<rdkit.Chem.rdchem.Mol object at 0x735c791b2570>
CHEMBL5949924,CDK4,1.5,nM,CC(C)N1CCOc2c(F)cc(-c3nc(Nc4ccc(C5CCN(C)CC5)nn4)ncc3F)cc21,8.823908740944319,True,<rdkit.Chem.rdchem.Mol object at 0x735c791b2260>
CHEMBL5760232,CDK4,1.5,nM,CC(C)N1CCOc2c(F)cc(-c3nc(Nc4ccc(N5CCC(N(C)C)CC5)nc4)ncc3F)cc21,8.823908740944319,True,<rdkit.Chem.rdchem.Mol object at 0x735c791b2180>
CHEMBL5955040,CDK6,1.5,nM,CC(C)N1CCOc2c(F)cc(-c3nc(Nc4ccc(C5CCN(C)CC5)nc4)ncc3F)cc21,8.823908740944319,True,<rdkit.Chem.rdchem.Mol object at 0x735c791b20a0>
CHEMBL3698642,CDK4,1.5,nM,c1cc2c3cnc(Nc4ccc(N5CCNCC5)nn4)nc3n(C3CCCC3)c2cn1,8.823908740944319,True,<rdkit.Chem.rdchem.Mol object at 0x735c791b2030>
CHEMBL3641998,CDK4,1.5,nM,C[C@@H](CO)NC1CCN(c2ccc(Nc3ncc4c5ccncc5n(C5CCCC5)c4n3)nn2)CC1,8.823908740944319,True,<rdkit.Chem.rdchem.Mol object at 0x735c791b1fc0>
CHEMBL5806353,CDK4,1.5,nM,CC(C)N1CCOc2c(F)cc(-c3nc(Nc4ccc(N5CCC(N(C)C)CC5)cn4)ncc3F)cc21,8.823908740944319,True,<rdkit.Chem.rdchem.Mol object at 0x735c791b1ee0>
CHEMBL445945,CDK2,1.5,nM,NS(=O)(=O)c1ccc(N/C=C2\C(=O)Nc3ccc4ncccc4c32)cc1,8.823908740944319,True,<rdkit.Chem.rdchem.Mol object at 0x735c791b1e70>
CHEMBL4208504,CDK4,1.5,nM,CCN1CCN(Cc2cnc(Nc3cc(-c4cc(F)c5nc(C)n(C(C)C)c5c4)ncn3)cn2)CC1,8.823908740944319,True,<rdkit.Chem.rdchem.Mol object at 0x735c791b1d90>
CHEMBL5955040,CDK4,1.5,nM,CC(C)N1CCOc2c(F)cc(-c3nc(Nc4ccc(C5CCN(C)CC5)nc4)ncc3F)cc21,8.823908740944319,True,<rdkit.Chem.rdchem.Mol object at 0x735c791b1bd0>
CHEMBL5933703,CDK4,1.51,nM,CNCCN1CCc2nc(Nc3ncc(F)c(-c4cc(F)c5nc(C)n(C6(C)CC6)c5c4)n3)ccc2C1,8.821023052706831,True,<rdkit.Chem.rdchem.Mol object at 0x735c791b1a10>
CHEMBL6002674,CDK6,1.51,nM,CNCCN1CCc2nc(Nc3ncc(F)c(-c4cc(F)c5nc(C)n(C(C)(C)C)c5c4)n3)ccc2C1,8.821023052706831,True,<rdkit.Chem.rdchem.Mol object at 0x735c791b1930>
CHEMBL4463874,CDK4,1.52,nM,Cc1nc2c(F)cc(-c3nc(Nc4ccc5c(n4)CCN(CCN(C)CCNC(=N)N)C5)ncc3F)cc2n1C(C)C,8.818156412055227,True,<rdkit.Chem.rdchem.Mol object at 0x735c791b18c0>
CHEMBL5751847,CDK4,1.53,nM,Cc1nc2c(F)cc(-c3nc(Nc4ccc5c(n4)CCN(CC(N)=NO)C5)ncc3F)cc2n1C(C)(C)C,8.8153085691824,True,<rdkit.Chem.rdchem.Mol object at 0x735c791b1850>
CHEMBL6038282,CDK4,1.53,nM,Cc1nc2c(F)cc(-c3nc(Nc4ccc5c(n4)CCN(C(=O)[C@@H]4CCCN4)C5)ncc3F)cc2n1C1CC1,8.8153085691824,True,<rdkit.Chem.rdchem.Mol object at 0x735c791b17e0>
CHEMBL5865665,CDK4,1.54,nM,Cc1nc2c(F)cc(-c3nc(Nc4ccc5c(n4)CCNC5)ncc3F)cc2n1C(C)C1CC1,8.812479279163536,True,<rdkit.Chem.rdchem.Mol object at 0x735c791b1770>
CHEMBL5794081,CDK4,1.55,nM,Cc1nc2c(F)cc(-c3nc(Nc4ccc5c(n4)CCN(CCC(N)NO)C5)ncc3F)cc2n1C(C)C,8.809668301829708,True,<rdkit.Chem.rdchem.Mol object at 0x735c791b1700>
CHEMBL6020742,CDK4,1.55,nM,Cc1nc2c(F)cc(-c3nc(Nc4ccc5c(n4)CCN(CC(N)=NO)C5)ncc3F)cc2n1C(C)C,8.809668301829708,True,<rdkit.Chem.rdchem.Mol object at 0x735c791b1620>
CHEMBL4466497,CDK6,1.57,nM,Cc1nc2c(F)cc(-c3nc(Nc4ccc5c(n4)CCN(CCN(C)C)C5)ncc3F)cc2n1C(C)(C)C,8.804100347590767,True,<rdkit.Chem.rdchem.Mol object at 0x735c791b1540>
CHEMBL5950534,CDK4,1.59,nM,Cc1nc2c(F)cc(-c3nc(Nc4ccc5c(n4)C[C@@H](C)NC5)ncc3F)cc2n1C(C)(C)C,8.79860287567955,True,<rdkit.Chem.rdchem.Mol object at 0x735c791b1310>
CHEMBL6012324,CDK4,1.6,nM,CC(C)N1CCOc2c(F)cc(-c3nc(Nc4cc5n(n4)CCN(C)C5)ncc3F)cc21,8.795880017344075,True,<rdkit.Chem.rdchem.Mol object at 0x735c791b1230>
CHEMBL4202432,CDK4,1.6,nM,Cc1nc2c(F)cc(-c3cc(Nc4cnc(CN5CCN(C(C)C)CC5)cn4)ncn3)cc2n1C(C)C,8.795880017344075,True,<rdkit.Chem.rdchem.Mol object at 0x735c791b11c0>
CHEMBL5983466,CDK6,1.6,nM,Cc1nc2c(F)cc(-c3nc(Nc4ccc5c(n4)CCN(CCN(C)CCN(C)C)C5)ncc3F)cc2n1C(C)(C)C,8.795880017344075,True,<rdkit.Chem.rdchem.Mol object at 0x735c791b1150>
CHEMBL4214634,CDK6,1.6,nM,COCCN1CCN(Cc2cnc(Nc3cc(-c4cc(F)c5nc(C)n(C(C)C)c5c4)ncn3)cn2)CC1,8.795880017344075,True,<rdkit.Chem.rdchem.Mol object at 0x735c791b1070>
CHEMBL4218267,CDK6,1.6,nM,CCN1CCN(Cc2cnc(Nc3cc(-c4cc(F)c5nc(C)n(C(C)C)c5c4)c(F)cn3)cn2)CC1,8.795880017344075,True,<rdkit.Chem.rdchem.Mol object at 0x735c791b1000>
CHEMBL3698744,CDK4,1.6,nM,NC1CCN(c2ccc(Nc3ncc4c5ccncc5n(C5CCCC5)c4n3)nn2)CC1,8.795880017344075,True,<rdkit.Chem.rdchem.Mol object at 0x735c791b0e40>
CHEMBL4204030,CDK6,1.6,nM,CCN1CCN(Cc2cnc(Nc3cc(-c4cc(F)c5nc(C)n(C(C)C)c5c4)ccn3)cn2)CC1,8.795880017344075,True,<rdkit.Chem.rdchem.Mol object at 0x735c791b0dd0>
CHEMBL3698661,CDK4,1.6,nM,c1cc2c3cnc(Nc4ccc(N5CCNCC5)cn4)nc3n(C34CC5CC(CC(C5)C3)C4)c2cn1,8.795880017344075,True,<rdkit.Chem.rdchem.Mol object at 0x735c791b0d60>
CHEMBL5943325,CDK6,1.6,nM,CC(C)N1CCOc2c(F)cc(-c3nc(Nc4ccc(N5CCC(O)CC5)cn4)ncc3F)cc21,8.795880017344075,True,<rdkit.Chem.rdchem.Mol object at 0x735c791b0c80>
CHEMBL3698654,CDK4,1.6,nM,O[C@@H]1CCN(c2ccc(Nc3ncc4c5ccncc5n(C5CCCC5)c4n3)nn2)C1,8.795880017344075,True,<rdkit.Chem.rdchem.Mol object at 0x735c791b0c10>
CHEMBL3698683,CDK4,1.6,nM,c1cc2c3cnc(Nc4ccc(N5CCCNCC5)cn4)nc3n(C3CCCC3)c2cn1,8.795880017344075,True,<rdkit.Chem.rdchem.Mol object at 0x735c791b0ba0>
CHEMBL4218267,CDK4,1.6,nM,CCN1CCN(Cc2cnc(Nc3cc(-c4cc(F)c5nc(C)n(C(C)C)c5c4)c(F)cn3)cn2)CC1,8.795880017344075,True,<rdkit.Chem.rdchem.Mol object at 0x735c791b0b30>
CHEMBL4212532,CDK4,1.64,nM,Cc1nc2c(F)cc(-c3nc(Nc4ccc5c(n4)CCN(C(=O)CN(C)C)C5)ncc3F)cc2n1C(C)C,8.785156151952302,True,<rdkit.Chem.rdchem.Mol object at 0x735c791b0a50>
CHEMBL5884004,CDK4,1.65,nM,Cc1nc2c(F)cc(-c3nc(Nc4ccc5c(n4)CCN(C(=O)[C@H](C)N(C)C)C5)ncc3F)cc2n1C1CC1,8.782516055786093,True,<rdkit.Chem.rdchem.Mol object at 0x735c791b09e0>
CHEMBL5941223,CDK4,1.65,nM,Cc1nc2c(F)cc(-c3nc(Nc4ccc5c(n4)CCNC5)ncc3F)cc2n1C1CCC(C)CC1,8.782516055786093,True,<rdkit.Chem.rdchem.Mol object at 0x735c791b0970>
CHEMBL5774696,CDK4,1.68,nM,Cc1nc2c(F)cc(-c3nc(Nc4ccc5c(n4)CCN(C[C@H](C)N)C5)ncc3F)cc2n1C1CC1,8.774690718274137,True,<rdkit.Chem.rdchem.Mol object at 0x735c791b0900>
CHEMBL5757213,CDK4,1.68,nM,Cc1nc2c(F)cc(-c3nc(Nc4ccc5c(n4)CCN(CCCN(C)C)C5)ncc3F)cc2n1C1CC1,8.774690718274137,True,<rdkit.Chem.rdchem.Mol object at 0x735c791b0890>
CHEMBL4463172,CDK6,1.7,nM,Cc1nc2c(F)cc(-c3nc(Nc4ccc5c(n4)CCN(CCN(C)C(=N)N)C5)ncc3F)cc2n1C(C)C,8.769551078621726,True,<rdkit.Chem.rdchem.Mol object at 0x735c791b0820>
CHEMBL5839538,CDK4,1.7,nM,Cc1nc2c(F)cc(-c3nc(Nc4ccc5c(n4)CCN(C(=O)CCN(C)C)C5)ncc3F)cc2n1C1CC1,8.769551078621726,True,<rdkit.Chem.rdchem.Mol object at 0x735c791b07b0>
CHEMBL3905910,CDK9,1.7,nM,CN1CC[C@@H](c2c(O)cc(O)c3c(=O)cc(-c4ccc(C(F)(F)F)cc4Cl)oc23)[C@@H]1CO,8.769551078621726,True,<rdkit.Chem.rdchem.Mol object at 0x735c791b0740>
CHEMBL3698692,CDK4,1.7,nM,C[C@@H]1CN(c2ccc(Nc3ncc4c5ccncc5n(C5CCCC5)c4n3)nc2)CCN1,8.769551078621726,True,<rdkit.Chem.rdchem.Mol object at 0x735c791b05f0>
CHEMBL3642031,CDK4,1.7,nM,COC(=O)CNC1CCN(c2ccc(Nc3ncc4c5ccncc5n(C5CCCC5)c4n3)nn2)CC1,8.769551078621726,True,<rdkit.Chem.rdchem.Mol object at 0x735c791b0580>
CHEMBL3641997,CDK4,1.7,nM,C[C@@H](O)CNC1CCN(c2ccc(Nc3ncc4c5ccncc5n(C5CCCC5)c4n3)nn2)CC1,8.769551078621726,True,<rdkit.Chem.rdchem.Mol object at 0x735c791b04a0>
CHEMBL4207796,CDK4,1.72,nM,Cc1nc2c(F)cc(-c3nc(Nc4ccc5c(n4)CCN(CCF)C5)ncc3F)cc2n1C(C)C,8.76447155309245,True,<rdkit.Chem.rdchem.Mol object at 0x735c791b03c0>
CHEMBL6060984,CDK4,1.72,nM,COCC(=O)N1CCc2nc(Nc3ncc(F)c(-c4cc(F)c5nc(C)n(C(C)C)c5c4)n3)ccc2C1,8.76447155309245,True,<rdkit.Chem.rdchem.Mol object at 0x735c791b0270>
CHEMBL5814867,CDK4,1.72,nM,CNCC(=O)N1CCc2nc(Nc3ncc(F)c(-c4cc(F)c5nc(C)n(C(C)C)c5c4)n3)ccc2C1,8.76447155309245,True,<rdkit.Chem.rdchem.Mol object at 0x735c791b0200>
CHEMBL4210028,CDK4,1.72,nM,CCN1CCN(Cc2ccc(Nc3ncc(F)c(-c4ccc5nc6n(c5c4)C(C)(C)CC6)n3)nc2)CC1,8.76447155309245,True,<rdkit.Chem.rdchem.Mol object at 0x735c791b0120>
CHEMBL6031262,CDK4,1.73,nM,C/C(=N/O)N(C)CCN1CCc2nc(Nc3ncc(F)c(-c4cc(F)c5nc(C)n(C(C)C)c5c4)n3)ccc2C1,8.761953896871205,True,<rdkit.Chem.rdchem.Mol object at 0x735c791b0040>
CHEMBL5775776,CDK6,1.73,nM,Cc1nc2c(F)cc(-c3nc(Nc4ccc5c(n4)CCN(CCN4CC=C(B(O)O)CC4)C5)ncc3F)cc2n1C(C)(C)C,8.761953896871205,True,<rdkit.Chem.rdchem.Mol object at 0x735c791b2ce0>
CHEMBL5755607,CDK4,1.73,nM,Cc1nc2c(F)cc(-c3nc(Nc4ccc5c(n4)CCN(CCN=C(N)N)C5)ncc3F)cc2n1C(C)C,8.761953896871205,True,<rdkit.Chem.rdchem.Mol object at 0x735c791b0ac0>
CHEMBL5775091,CDK4,1.74,nM,Cc1nc2c(F)cc(-c3nc(Nc4ccc5c(n4)CCN(CCS(C)(=O)=NC#N)C5)ncc3F)cc2n1C(C)C,8.7594507517174,True,<rdkit.Chem.rdchem.Mol object at 0x735c791b0510>
CHEMBL5844694,CDK4,1.74,nM,Cc1nc2c(F)cc(-c3nc(Nc4ccc5c(n4)CCN(C(=O)CCO)C5)ncc3F)cc2n1C(C)C,8.7594507517174,True,<rdkit.Chem.rdchem.Mol object at 0x735c791b2e30>
CHEMBL5775091,CDK6,1.77,nM,Cc1nc2c(F)cc(-c3nc(Nc4ccc5c(n4)CCN(CCS(C)(=O)=NC#N)C5)ncc3F)cc2n1C(C)C,8.752026733638193,True,<rdkit.Chem.rdchem.Mol object at 0x735c791b1460>
CHEMBL5971879,CDK4,1.79,nM,Cc1nc2c(F)cc(-c3nc(Nc4ccc5c(n4)CCN[C@H]5C)ncc3F)cc2n1C(C)(C)C,8.747146969020108,True,<rdkit.Chem.rdchem.Mol object at 0x735c791b13f0>
CHEMBL5903034,CDK4,1.79,nM,Cc1nc2c(F)cc(-c3nc(Nc4ccc5c(n4)CCN(CCN(C)CB(O)O)C5)ncc3F)cc2n1C(C)C,8.747146969020108,True,<rdkit.Chem.rdchem.Mol object at 0x735c791b15b0>
CHEMBL3702110,CDK4,1.8,nM,CC1(C)CCC(n2c3nc(Nc4ccc(N5CCNCC5)cn4)ncc3c3ccnc(O)c32)CC1,8.744727494896694,True,<rdkit.Chem.rdchem.Mol object at 0x735c791b1e00>
CHEMBL249303,CDK1,1.8,nM,CCN(CC)Cc1cccc2[nH]c(-c3n[nH]c4ncc(-c5cncc6ccccc56)cc34)nc12,8.744727494896694,True,<rdkit.Chem.rdchem.Mol object at 0x735c791b2ab0>
CHEMBL3702050,CDK4,1.8,nM,COCCN1CCN(c2ccc(Nc3ncc4c5ccncc5n(C5CCCC5)c4n3)nc2)CC1,8.744727494896694,True,<rdkit.Chem.rdchem.Mol object at 0x735c791b2340>
CHEMBL5932825,CDK4,1.81,nM,Cc1nc2c(F)cc(-c3nc(Nc4ccc5c(n4)CCN(C(=O)CN(C)C)C5)ncc3F)cc2n1C1CC1,8.742321425130816,True,<rdkit.Chem.rdchem.Mol object at 0x735c791b31b0>
CHEMBL4463874,CDK6,1.82,nM,Cc1nc2c(F)cc(-c3nc(Nc4ccc5c(n4)CCN(CCN(C)CCNC(=N)N)C5)ncc3F)cc2n1C(C)C,8.739928612014925,True,<rdkit.Chem.rdchem.Mol object at 0x735c791b22d0>
CHEMBL5879318,CDK4,1.83,nM,CNCC(=O)N1CCc2nc(Nc3ncc(F)c(-c4cc(F)c5nc(C)n(C6CCC6)c5c4)n3)ccc2C1,8.73754891026957,True,<rdkit.Chem.rdchem.Mol object at 0x735c791b0430>
CHEMBL5981008,CDK4,1.86,nM,CC(=N)NCCN1CCc2nc(Nc3ncc(F)c(-c4cc(F)c5nc(C)n(C(C)C)c5c4)n3)ccc2C1,8.730487055782083,True,<rdkit.Chem.rdchem.Mol object at 0x735c791b1d20>
CHEMBL5748748,CDK6,1.87,nM,CC1(C)CCc2nc3c(F)cc(-c4nc(Nc5ccc6c(n5)CCN(C(=O)CO)C6)ncc4F)cc3n21,8.7281583934635,True,<rdkit.Chem.rdchem.Mol object at 0x735c791b2880>
CHEMBL5816005,CDK6,1.87,nM,Cc1nc2c(F)cc(-c3nc(Nc4ccc5c(n4)CCN(CCN4CCOCC4)C5)ncc3F)cc2n1C(C)(C)C,8.7281583934635,True,<rdkit.Chem.rdchem.Mol object at 0x735c791b0eb0>
CHEMBL4079206,CDK9,1.9,nM,CN1CC[C@H](c2c(O)cc(O)c3c(=O)cc(/C=C/c4c(Cl)cccc4Cl)oc23)[C@H](O)C1,8.721246399047171,True,<rdkit.Chem.rdchem.Mol object at 0x735c791b10e0>
CHEMBL3301610,CDK6,1.9,nM,CCN1CCN(Cc2ccc(Nc3ncc(F)c(-c4cc(F)c5nc(C)n(C(C)C)c5c4)n3)nc2)CC1,8.721246399047171,True,<rdkit.Chem.rdchem.Mol object at 0x735c791b2d50>
CHEMBL3642000,CDK4,1.9,nM,C[C@H](CO)NC1CCN(c2ccc(Nc3ncc4c5ccncc5n(C5CCCC5)c4n3)nn2)CC1,8.721246399047171,True,<rdkit.Chem.rdchem.Mol object at 0x735c791b3ca0>
CHEMBL3301610,CDK4,1.9,nM,CCN1CCN(Cc2ccc(Nc3ncc(F)c(-c4cc(F)c5nc(C)n(C(C)C)c5c4)n3)nc2)CC1,8.721246399047171,True,<rdkit.Chem.rdchem.Mol object at 0x735c791b19a0>
CHEMBL429142,CDK2,1.9,nM,CC(C)CC(=O)c1ccc2c(c1)/C(=C/Nc1ccc(S(N)(=O)=O)cc1)C(=O)N2,8.721246399047171,True,<rdkit.Chem.rdchem.Mol object at 0x735c791b28f0>
CHEMBL5979966,CDK4,1.9,nM,Cc1nc2c(F)cc(-c3nc(Nc4ccc5c(n4)CCN(CCN4CCN(C)CC4)C5)ncc3F)cc2n1C(C)(C)C,8.721246399047171,True,<rdkit.Chem.rdchem.Mol object at 0x735c791b26c0>
CHEMBL3702091,CDK4,1.9,nM,O[C@@H]1CCN(c2ccc(Nc3ncc4c5ccnc(F)c5n(C5CCCC5)c4n3)nc2)C1,8.721246399047171,True,<rdkit.Chem.rdchem.Mol object at 0x735c791b3a00>
CHEMBL3698739,CDK4,1.9,nM,N[C@@H]1CCN(c2ccc(Nc3ncc4c5ccncc5n(C5CCCC5)c4n3)nn2)C1,8.721246399047171,True,<rdkit.Chem.rdchem.Mol object at 0x735c791b1c40>
CHEMBL5568620,CDK9,1.9,nM,CC(C)c1c2cc(-c3ccnc(Nc4ccc5c(N6CCN(C)CC6)ncnc5c4)n3)ccc2nn1C,8.721246399047171,True,<rdkit.Chem.rdchem.Mol object at 0x735c791b2110>
CHEMBL5976517,CDK4,1.92,nM,Cc1nc2c(F)cc(-c3nc(Nc4ccc5c(n4)CCN(CC#CCN(C)C)C5)ncc3F)cc2n1C(C)C,8.71669877129645,True,<rdkit.Chem.rdchem.Mol object at 0x735c791b1f50>
CHEMBL4077071,CDK6,1.96,nM,CN1CCN(Cc2ccc(NC(=O)c3n[nH]cc3Nc3ncnc4[nH]ccc34)cc2)CC1,8.707743928643524,True,<rdkit.Chem.rdchem.Mol object at 0x735c791b2490>
CHEMBL5935906,CDK4,1.96,nM,CNCCN1CCc2nc(Nc3ncc(F)c(-c4cc(F)c5nc(C)n(C6CC6)c5c4)n3)ccc2C1,8.707743928643524,True,<rdkit.Chem.rdchem.Mol object at 0x735c791b2960>
CHEMBL5979966,CDK6,1.97,nM,Cc1nc2c(F)cc(-c3nc(Nc4ccc5c(n4)CCN(CCN4CCN(C)CC4)C5)ncc3F)cc2n1C(C)(C)C,8.705533773838408,True,<rdkit.Chem.rdchem.Mol object at 0x735c791b2ff0>
CHEMBL3298985,CDK2,2.0,nM,CC[C@@H](NC(=O)N1CCc2cnc(NC3CCOCC3)nc2C1)c1ccc(C#N)c(Cl)c1,8.698970004336019,True,<rdkit.Chem.rdchem.Mol object at 0x735c791b3df0>
CHEMBL3673542,CDK9,2.0,nM,O=C(CO)N1CC=C(c2cc3c(-c4cncc(OCc5cccc(F)c5)n4)ccnc3[nH]2)CC1,8.698970004336019,True,<rdkit.Chem.rdchem.Mol object at 0x735c791b2c70>
CHEMBL488257,CDK2,2.0,nM,CNC(=O)c1ccc(Nc2nccc(-c3cnc(C)n3C3CCCC3)n2)cc1,8.698970004336019,True,<rdkit.Chem.rdchem.Mol object at 0x735c79155150>
CHEMBL5851484,CDK6,2.0,nM,CC(C)N1CCOc2c(F)cc(-c3nc(Nc4ccc(N5CCN(C(=O)CO)CC5)cn4)ncc3F)cc21,8.698970004336019,True,<rdkit.Chem.rdchem.Mol object at 0x735c791550e0>
CHEMBL5760232,CDK6,2.0,nM,CC(C)N1CCOc2c(F)cc(-c3nc(Nc4ccc(N5CCC(N(C)C)CC5)nc4)ncc3F)cc21,8.698970004336019,True,<rdkit.Chem.rdchem.Mol object at 0x735c79154890>
CHEMBL5897019,CDK4,2.0,nM,CCN1CCC(c2ccc(Nc3ncc(F)c(-c4cc(F)c5c(c4)N(C(C)C)CCO5)n3)nc2)CC1,8.698970004336019,True,<rdkit.Chem.rdchem.Mol object at 0x735c791545f0>
CHEMBL3979266,CDK9,2.0,nM,CCS(=O)(Cc1cc(F)cc(Nc2ncc(F)c(-c3ccc(F)cc3OC)n2)c1)=NC#N,8.698970004336019,True,<rdkit.Chem.rdchem.Mol object at 0x735c79156180>
CHEMBL3642032,CDK4,2.0,nM,O=C(O)CNC1CCN(c2ccc(Nc3ncc4c5ccncc5n(C5CCCC5)c4n3)nc2)CC1,8.698970004336019,True,<rdkit.Chem.rdchem.Mol object at 0x735c791577d0>
CHEMBL5740706,CDK4,2.0,nM,CC(C)N1CCc2cc(Nc3ncc(F)c(-c4cc(F)c5c(c4)N(C(C)C)CCO5)n3)ccc2C1,8.698970004336019,True,<rdkit.Chem.rdchem.Mol object at 0x735c791546d0>
CHEMBL454648,CDK2,2.0,nM,Cc1ncc(-c2nc(Nc3ccc(C(=O)N(C)C)c(F)c3)ncc2F)n1C(C)C,8.698970004336019,True,<rdkit.Chem.rdchem.Mol object at 0x735c791568f0>
CHEMBL5917565,CDK6,2.0,nM,CC(C)N1CCOc2c(F)cc(-c3nc(Nc4ccc(N5CCNCC5)nc4)ncc3F)cc21,8.698970004336019,True,<rdkit.Chem.rdchem.Mol object at 0x735c791544a0>
CHEMBL3648117,CDK2,2.0,nM,C[C@H](O)[C@@H](C)Nc1nc(Nc2ccc(S(C)(=N)=O)cc2)ncc1Br,8.698970004336019,True,<rdkit.Chem.rdchem.Mol object at 0x735c79155fc0>
CHEMBL5095102,CDK4,2.0,nM,CC(C)N1CCOc2c(F)cc(-c3nc(Nc4ccc(C5CCN(C)CC5)cn4)ncc3F)cc21,8.698970004336019,True,<rdkit.Chem.rdchem.Mol object at 0x735c79155070>
CHEMBL3673540,CDK9,2.0,nM,Fc1cccc(CNc2nc(-c3ccnc4[nH]c(C5CCNCC5)cc34)c(F)cc2F)c1,8.698970004336019,True,<rdkit.Chem.rdchem.Mol object at 0x735c79157f40>
CHEMBL3944304,CDK9,2.0,nM,COc1cc(F)ccc1-c1nc(Nc2cccc(CS(=O)(=NC#N)C3CC3)c2)ncc1F,8.698970004336019,True,<rdkit.Chem.rdchem.Mol object at 0x735c79157ed0>
CHEMBL3959283,CDK9,2.0,nM,CCS(=O)(Cc1cccc(Nc2ncc(F)c(-c3ccc(F)cc3OC)n2)c1)=NC#N,8.698970004336019,True,<rdkit.Chem.rdchem.Mol object at 0x735c79157e60>
CHEMBL3946675,CDK9,2.0,nM,COc1cc(F)ccc1-c1nc(Nc2cc(Br)cc(CS(C)(=N)=O)c2)ncc1F,8.698970004336019,True,<rdkit.Chem.rdchem.Mol object at 0x735c79157d80>
CHEMBL3648111,CDK1,2.0,nM,COc1cc(Nc2ncc(Br)c(N[C@H](C)[C@@H](C)O)n2)ccc1S(C)(=N)=O,8.698970004336019,True,<rdkit.Chem.rdchem.Mol object at 0x735c79157ca0>
CHEMBL3648116,CDK2,2.0,nM,C[C@H](Nc1nc(Nc2ccc(S(C)(=N)=O)cc2)ncc1Br)C(C)(C)O,8.698970004336019,True,<rdkit.Chem.rdchem.Mol object at 0x735c79157c30>
CHEMBL5851484,CDK4,2.0,nM,CC(C)N1CCOc2c(F)cc(-c3nc(Nc4ccc(N5CCN(C(=O)CO)CC5)cn4)ncc3F)cc21,8.698970004336019,True,<rdkit.Chem.rdchem.Mol object at 0x735c79157bc0>
CHEMBL3702154,CDK4,2.0,nM,CN(C)C1CCN(c2ccc(Nc3ncc4c5ccnc(F)c5n(C5CCCC5)c4n3)nn2)CC1,8.698970004336019,True,<rdkit.Chem.rdchem.Mol object at 0x735c79157990>
CHEMBL359794,CDK2,2.0,nM,N#Cc1ccc(Nc2nccc(-c3cnn4ncccc34)n2)cc1,8.698970004336019,True,<rdkit.Chem.rdchem.Mol object at 0x735c79157920>
CHEMBL3642033,CDK4,2.0,nM,O=C(O)CNC1CCN(c2ccc(Nc3ncc4c5ccncc5n(C5CCCC5)c4n3)nn2)CC1,8.698970004336019,True,<rdkit.Chem.rdchem.Mol object at 0x735c79157680>
CHEMBL4448494,CDK6,2.0,nM,Cc1nc2c(F)cc(-c3nc(Nc4ccc5c(n4)CCN(CCN(C)C)C5)ncc3F)cc2n1C(C)C,8.698970004336019,True,<rdkit.Chem.rdchem.Mol object at 0x735c79157760>
CHEMBL3702236,CDK4,2.0,nM,CC[C@H](C)n1c2cnccc2c2cnc(Nc3ccc(N4CC[C@@H](O)C4)cn3)nc21,8.698970004336019,True,<rdkit.Chem.rdchem.Mol object at 0x735c791576f0>
CHEMBL4457608,CDK2,2.0,nM,O=C1Nc2ccc([N+](=O)[O-])cc2/C1=C1/Nc2ccc(O)cc2/C1=N\O,8.698970004336019,True,<rdkit.Chem.rdchem.Mol object at 0x735c79157610>
CHEMBL73303,CDK2,2.0,nM,NS(=O)(=O)c1ccc(Nc2nccc(-c3cnc4ccccn34)n2)cc1,8.698970004336019,True,<rdkit.Chem.rdchem.Mol object at 0x735c791575a0>
CHEMBL3698746,CDK4,2.0,nM,NC1CCCN(c2ccc(Nc3ncc4c5ccncc5n(C5CCCC5)c4n3)nn2)C1,8.698970004336019,True,<rdkit.Chem.rdchem.Mol object at 0x735c79157530>
CHEMBL5789426,CDK4,2.0,nM,CC(C)N1CCOc2c(F)cc(-c3nc(Nc4ccc(S(=O)(=O)NCCN(C)C)cc4)ncc3F)cc21,8.698970004336019,True,<rdkit.Chem.rdchem.Mol object at 0x735c791574c0>
CHEMBL3698693,CDK4,2.0,nM,C[C@H]1CN(c2ccc(Nc3ncc4c5ccncc5n(C5CCCC5)c4n3)nc2)CCN1,8.698970004336019,True,<rdkit.Chem.rdchem.Mol object at 0x735c79157450>
CHEMBL3237444,CDK4,2.0,nM,Clc1nccc2c3cnc(Nc4ccc(N5CCNCC5)cn4)nc3n(C3CCCC3)c12,8.698970004336019,True,<rdkit.Chem.rdchem.Mol object at 0x735c791573e0>
CHEMBL3904602,CDK6,2.0,nM,CC(C)N1CCN(c2ccc(Nc3ncc4cc5n(c4n3)C3(CCCCC3)CNC5=O)nc2)CC1,8.698970004336019,True,<rdkit.Chem.rdchem.Mol object at 0x735c79157300>
CHEMBL3905335,CDK9,2.0,nM,COc1cc(F)ccc1-c1nc(Nc2cc(CS(C)(=N)=O)cc(C(F)(F)F)c2)ncc1F,8.698970004336019,True,<rdkit.Chem.rdchem.Mol object at 0x735c79157220>
CHEMBL5499697,CDK9,2.0,nM,N[C@H]1CCN(c2c3c(nc4ccc(-c5ccnc(NC(=O)C6CC6)c5)cc24)CCCC3)C1,8.698970004336019,True,<rdkit.Chem.rdchem.Mol object at 0x735c791571b0>
CHEMBL5956531,CDK4,2.0,nM,CC(C)N1CCOc2c(F)cc(-c3nc(Nc4ccc5c(c4)CCNC5)ncc3F)cc21,8.698970004336019,True,<rdkit.Chem.rdchem.Mol object at 0x735c791570d0>
CHEMBL3298199,CDK2,2.0,nM,C[C@@H](NC(=O)N1CCc2cnc(N[C@H]3CCO[C@@H](CO)C3)nc2C1)c1ccc(Cl)c(Cl)c1,8.698970004336019,True,<rdkit.Chem.rdchem.Mol object at 0x735c79156ff0>
CHEMBL462385,CDK2,2.0,nM,Cc1ncc(-c2nc(Nc3ccc(C(=O)NCCN(C)C)c(F)c3)ncc2F)n1C(C)C,8.698970004336019,True,<rdkit.Chem.rdchem.Mol object at 0x735c79156ea0>
CHEMBL462192,CDK2,2.0,nM,Cc1ncc(-c2nc(Nc3ccc(C(=O)N4CCCN(C)CC4)cc3)ncc2F)n1C(C)C,8.698970004336019,True,<rdkit.Chem.rdchem.Mol object at 0x735c79156e30>
CHEMBL455657,CDK1,2.0,nM,CN[C@H]1CCN(C(=O)c2ccc(Nc3ncc(F)c(-c4cnc(C)n4C(C)C)n3)cc2)C1,8.698970004336019,True,<rdkit.Chem.rdchem.Mol object at 0x735c79156dc0>
CHEMBL191003,CDK2,2.0,nM,Nc1nc(Nc2ccc(S(N)(=O)=O)cc2)nn1C(=O)c1c(F)cccc1F,8.698970004336019,True,<rdkit.Chem.rdchem.Mol object at 0x735c79156d50>
CHEMBL3702092,CDK4,2.0,nM,O[C@H]1CCN(c2ccc(Nc3ncc4c5ccnc(F)c5n(C5CCCC5)c4n3)nc2)C1,8.698970004336019,True,<rdkit.Chem.rdchem.Mol object at 0x735c79156ce0>
CHEMBL487067,CDK2,2.0,nM,Cc1ncc(-c2ccnc(Nc3ccc(C(=O)NCCO)cc3)n2)n1C(C)C,8.698970004336019,True,<rdkit.Chem.rdchem.Mol object at 0x735c79156c70>
CHEMBL411887,CDK2,2.0,nM,C/C(Nc1ccc(S(N)(=O)=O)cc1)=C1/C(=O)Nc2ccc(-c3cnco3)cc21,8.698970004336019,True,<rdkit.Chem.rdchem.Mol object at 0x735c79156a40>
CHEMBL194721,CDK2,2.0,nM,FC(F)(F)c1cnc(Nc2ccc3[nH]cnc3c2)nc1Nc1ccccc1Cl,8.698970004336019,True,<rdkit.Chem.rdchem.Mol object at 0x735c79156960>
CHEMBL3702034,CDK4,2.0,nM,NC1CCN(c2ccc(Nc3ncc4c5cc[nH]c(=O)c5n(C5CCCC5)c4n3)nn2)CC1,8.698970004336019,True,<rdkit.Chem.rdchem.Mol object at 0x735c79156880>
CHEMBL5740706,CDK6,2.0,nM,CC(C)N1CCc2cc(Nc3ncc(F)c(-c4cc(F)c5c(c4)N(C(C)C)CCO5)n3)ccc2C1,8.698970004336019,True,<rdkit.Chem.rdchem.Mol object at 0x735c79156730>
CHEMBL453862,CDK2,2.0,nM,Cc1ncc(-c2nc(Nc3ccc(C(=O)N(C)C)cc3)ncc2F)n1C(C)C,8.698970004336019,True,<rdkit.Chem.rdchem.Mol object at 0x735c79156650>
CHEMBL3642019,CDK4,2.0,nM,CCNC1CCN(c2ccc(Nc3ncc4c5ccncc5n(C5CCCC5)c4n3)nc2)CC1,8.698970004336019,True,<rdkit.Chem.rdchem.Mol object at 0x735c791565e0>
CHEMBL355631,CDK2,2.0,nM,COc1cc[nH]c1/C=C1\C(=O)Nc2ccc(F)c(C#C[C@@H]3CCCN3)c21,8.698970004336019,True,<rdkit.Chem.rdchem.Mol object at 0x735c79156570>
CHEMBL3648115,CDK1,2.0,nM,COc1cc(Nc2ncc(Br)c(N[C@H](C)C(C)(C)O)n2)ccc1S(C)(=N)=O,8.698970004336019,True,<rdkit.Chem.rdchem.Mol object at 0x735c79156500>
CHEMBL3973367,CDK9,2.0,nM,COc1cc(F)ccc1-c1nc(Nc2cc(F)c(F)c(CS(C)(=O)=NC#N)c2)ncc1F,8.698970004336019,True,<rdkit.Chem.rdchem.Mol object at 0x735c79156490>
CHEMBL495696,CDK2,2.0,nM,N#Cc1cccc(Nc2nccc(-c3cnn4ncccc34)n2)c1,8.698970004336019,True,<rdkit.Chem.rdchem.Mol object at 0x735c79156420>
CHEMBL259838,CDK2,2.0,nM,O=C(Nc1n[nH]c2nc(-c3ccc(O)c(Cl)c3)ccc12)C1CC1,8.698970004336019,True,<rdkit.Chem.rdchem.Mol object at 0x735c791563b0>
CHEMBL260416,CDK2,2.0,nM,O=C(Nc1n[nH]c2nc(-c3ccc(O)c(Br)c3)ccc12)C1CC1,8.698970004336019,True,<rdkit.Chem.rdchem.Mol object at 0x735c79156340>
CHEMBL3673541,CDK9,2.0,nM,CNC(=O)N1CC=C(c2cc3c(-c4cncc(OCc5cccc(F)c5)n4)ccnc3[nH]2)CC1,8.698970004336019,True,<rdkit.Chem.rdchem.Mol object at 0x735c79156260>
CHEMBL3237443,CDK4,2.0,nM,Fc1nccc2c3cnc(Nc4ccc(N5CCNCC5)cn4)nc3n(C3CCCC3)c12,8.698970004336019,True,<rdkit.Chem.rdchem.Mol object at 0x735c791561f0>
CHEMBL5917565,CDK4,2.0,nM,CC(C)N1CCOc2c(F)cc(-c3nc(Nc4ccc(N5CCNCC5)nc4)ncc3F)cc21,8.698970004336019,True,<rdkit.Chem.rdchem.Mol object at 0x735c791560a0>
CHEMBL559845,CDK2,2.0,nM,Cn1nc(C(N)=O)c2c1-c1nc(Nc3ccccc3)ncc1CC2,8.698970004336019,True,<rdkit.Chem.rdchem.Mol object at 0x735c79156030>
CHEMBL5806403,CDK4,2.0,nM,CC(C)N1CCOc2c(F)cc(-c3nc(Nc4ccc(N5CCN(CCO)CC5)cn4)ncc3F)cc21,8.698970004336019,True,<rdkit.Chem.rdchem.Mol object at 0x735c79155f50>
CHEMBL5806353,CDK6,2.0,nM,CC(C)N1CCOc2c(F)cc(-c3nc(Nc4ccc(N5CCC(N(C)C)CC5)cn4)ncc3F)cc21,8.698970004336019,True,<rdkit.Chem.rdchem.Mol object at 0x735c79155ee0>
CHEMBL460087,CDK2,2.0,nM,CN[C@H]1CCN(C(=O)c2ccc(Nc3nccc(-c4cnc(C)n4C(C)C)n3)cc2)C1,8.698970004336019,True,<rdkit.Chem.rdchem.Mol object at 0x735c79155e70>
CHEMBL460102,CDK2,2.0,nM,Cc1ncc(-c2nc(Nc3ccc(C(=O)N4CC[C@H](N(C)C)C4)cc3)ncc2F)n1C(C)C,8.698970004336019,True,<rdkit.Chem.rdchem.Mol object at 0x735c79155e00>
CHEMBL5801637,CDK4,2.0,nM,CC(C)N1CCOc2c(F)cc(-c3nc(Nc4ccc(N5CCC(N)CC5)cn4)ncc3F)cc21,8.698970004336019,True,<rdkit.Chem.rdchem.Mol object at 0x735c79155af0>
CHEMBL190446,CDK2,2.0,nM,C[C@H](C(=O)Nc1cc(C2CC2)[nH]n1)c1ccc(N2Cc3ccccc3C2=O)cc1,8.698970004336019,True,<rdkit.Chem.rdchem.Mol object at 0x735c79155a10>
CHEMBL3545083,CDK1,2.0,nM,COCCN1CCN(Cc2ccc(-c3n[nH]c4c3C(=O)c3c(NC(=O)NN5CCOCC5)cccc3-4)cc2)CC1,8.698970004336019,True,<rdkit.Chem.rdchem.Mol object at 0x735c791559a0>
CHEMBL5825661,CDK6,2.0,nM,CC(C)N1CCOc2c(F)cc(-c3nc(Nc4ccc(N5CCNCC5=O)cn4)ncc3F)cc21,8.698970004336019,True,<rdkit.Chem.rdchem.Mol object at 0x735c79155850>
CHEMBL178769,CDK2,2.0,nM,CN(C)S(=O)(=O)c1ccc(Nc2cc(N[C@H]3CC[C@H](N)CC3)nc3c(Br)cnn23)cc1Cl,8.698970004336019,True,<rdkit.Chem.rdchem.Mol object at 0x735c791557e0>
CHEMBL3702085,CDK4,2.0,nM,C[C@@H]1CNCCN1c1ccc(Nc2ncc3c4ccnc(F)c4n(C4CCCC4)c3n2)nc1,8.698970004336019,True,<rdkit.Chem.rdchem.Mol object at 0x735c79155770>
CHEMBL455657,CDK2,2.0,nM,CN[C@H]1CCN(C(=O)c2ccc(Nc3ncc(F)c(-c4cnc(C)n4C(C)C)n3)cc2)C1,8.698970004336019,True,<rdkit.Chem.rdchem.Mol object at 0x735c79155700>
CHEMBL4438497,CDK4,2.0,nM,Cc1nc2c(F)cc(-c3nc(Nc4ccc5c(n4)CCN(CCN(C)C(N)=S)C5)ncc3F)cc2n1C(C)C,8.698970004336019,True,<rdkit.Chem.rdchem.Mol object at 0x735c79155690>
CHEMBL4281048,CDK9,2.0,nM,COCCN[C@H]1CC[C@H](Nc2cc(-c3csc(NCC4(C#N)CCOCC4)n3)c(Cl)cn2)CC1,8.698970004336019,True,<rdkit.Chem.rdchem.Mol object at 0x735c79155620>
CHEMBL3648115,CDK2,2.0,nM,COc1cc(Nc2ncc(Br)c(N[C@H](C)C(C)(C)O)n2)ccc1S(C)(=N)=O,8.698970004336019,True,<rdkit.Chem.rdchem.Mol object at 0x735c791555b0>
CHEMBL3702091,CDK6,2.0,nM,O[C@@H]1CCN(c2ccc(Nc3ncc4c5ccnc(F)c5n(C5CCCC5)c4n3)nc2)C1,8.698970004336019,True,<rdkit.Chem.rdchem.Mol object at 0x735c79155540>
CHEMBL192216,CDK1,2.0,nM,CC(C)COc1nc(Nc2ccc3[nH]cnc3c2)ncc1C(F)(F)F,8.698970004336019,True,<rdkit.Chem.rdchem.Mol object at 0x735c791554d0>
CHEMBL192602,CDK2,2.0,nM,C[C@H](C(=O)Nc1cc(C2CC2)[nH]n1)c1ccc(N2CCNC2=O)cc1,8.698970004336019,True,<rdkit.Chem.rdchem.Mol object at 0x735c791552a0>
CHEMBL6020156,CDK6,2.02,nM,Cc1nc2c(F)cc(-c3nc(Nc4ccc5c(n4)CCN(C/C=N/O)C5)ncc3F)cc2n1C(C)C,8.694648630553376,True,<rdkit.Chem.rdchem.Mol object at 0x735c791553f0>
CHEMBL5834090,CDK6,2.03,nM,Cc1nc2c(F)cc(-c3nc(Nc4ccc5c(n4)CCN(CCN(C)CCO)C5)ncc3F)cc2n1C(C)(C)C,8.692503962086787,True,<rdkit.Chem.rdchem.Mol object at 0x735c79155380>
CHEMBL5813772,CDK4,2.05,nM,Cc1nc2c(F)cc(-c3nc(Nc4ccc5c(n4)CCN(C)C5)ncc3F)cc2n1C(C)C,8.688246138944246,True,<rdkit.Chem.rdchem.Mol object at 0x735c79155310>
CHEMBL5908734,CDK4,2.06,nM,Cc1nc2c(F)cc(-c3nc(Nc4ccc5c(n4)CCN(CCO)C5)ncc3F)cc2n1C(C)C,8.686132779630846,True,<rdkit.Chem.rdchem.Mol object at 0x735c79155230>
CHEMBL5834090,CDK4,2.06,nM,Cc1nc2c(F)cc(-c3nc(Nc4ccc5c(n4)CCN(CCN(C)CCO)C5)ncc3F)cc2n1C(C)(C)C,8.686132779630846,True,<rdkit.Chem.rdchem.Mol object at 0x735c79155000>
CHEMBL5834517,CDK4,2.06,nM,CC(=O)N1CCc2nc(Nc3ncc(F)c(-c4cc(F)c5nc(C)n(C(C)C)c5c4)n3)ccc2C1,8.686132779630846,True,<rdkit.Chem.rdchem.Mol object at 0x735c79154f90>
CHEMBL5828906,CDK4,2.07,nM,Cc1nc2c(F)cc(-c3nc(Nc4ccc5c(n4)CCN(C[C@@H](C)N)C5)ncc3F)cc2n1C1CC1,8.684029654543082,True,<rdkit.Chem.rdchem.Mol object at 0x735c79154f20>
CHEMBL5905735,CDK4,2.08,nM,Cc1nc2c(F)cc(-c3nc(Nc4ccc5c(n4)CCN(C(C)C)C5)ncc3F)cc2n1C(C)C,8.681936665037238,True,<rdkit.Chem.rdchem.Mol object at 0x735c79154eb0>
CHEMBL3698674,CDK4,2.1,nM,c1ccc2c(c1)c1cnc(Nc3ccc(N4CCNCC4)cn3)nc1n2C1CCCCCC1,8.67778070526608,True,<rdkit.Chem.rdchem.Mol object at 0x735c79154e40>
CHEMBL3680379,CDK4,2.1,nM,C[C@H]1CC[C@H](n2c3cnccc3c3cnc(Nc4ccc5c(n4)CCNC5)nc32)CC1,8.67778070526608,True,<rdkit.Chem.rdchem.Mol object at 0x735c79154c80>
CHEMBL4204030,CDK4,2.1,nM,CCN1CCN(Cc2cnc(Nc3cc(-c4cc(F)c5nc(C)n(C(C)C)c5c4)ccn3)cn2)CC1,8.67778070526608,True,<rdkit.Chem.rdchem.Mol object at 0x735c79154c10>
CHEMBL3698673,CDK4,2.1,nM,c1ccc2c(c1)c1cnc(Nc3ccc(N4CCNCC4)cn3)nc1n2C1CCOCC1,8.67778070526608,True,<rdkit.Chem.rdchem.Mol object at 0x735c79154ba0>
CHEMBL409731,CDK2,2.1,nM,COC(=O)c1ccc2c(c1)/C(=C/Nc1ccc(S(N)(=O)=O)cc1)C(=O)N2,8.67778070526608,True,<rdkit.Chem.rdchem.Mol object at 0x735c79154b30>
CHEMBL6031262,CDK6,2.11,nM,C/C(=N/O)N(C)CCN1CCc2nc(Nc3ncc(F)c(-c4cc(F)c5nc(C)n(C(C)C)c5c4)n3)ccc2C1,8.675717544702307,True,<rdkit.Chem.rdchem.Mol object at 0x735c79154ac0>
CHEMBL5755607,CDK6,2.11,nM,Cc1nc2c(F)cc(-c3nc(Nc4ccc5c(n4)CCN(CCN=C(N)N)C5)ncc3F)cc2n1C(C)C,8.675717544702307,True,<rdkit.Chem.rdchem.Mol object at 0x735c79154a50>
CHEMBL5956743,CDK4,2.12,nM,CCS(=O)(=O)c1cc2cnc(Nc3ccc(N4CCNCC4)cn3)nc2n1C1CCCC1,8.67366413907125,True,<rdkit.Chem.rdchem.Mol object at 0x735c79154970>
CHEMBL5781074,CDK4,2.18,nM,Cc1nc2c(F)cc(-c3nc(Nc4ccc5c(n4)CCNC5)ncc3F)cc2n1C1CCC1,8.661543506395395,True,<rdkit.Chem.rdchem.Mol object at 0x735c79154120>
CHEMBL3698646,CDK4,2.2,nM,CC1(C)CN(c2ccc(Nc3ncc4c5ccncc5n(C5CCCC5)c4n3)nn2)CCN1,8.657577319177793,True,<rdkit.Chem.rdchem.Mol object at 0x735c79154820>
CHEMBL4568087,CDK2,2.2,nM,Cn1cc(-c2cnc3c(-c4csc(C(=O)N[C@@H]5CCCC[C@@H]5N)c4)cnn3c2)cn1,8.657577319177793,True,<rdkit.Chem.rdchem.Mol object at 0x735c791547b0>
CHEMBL5808524,CDK1,2.2,nM,NS(=O)(=O)c1ccc(Nc2ncc3cc4n(c3n2)C2(CCCCC2)C(=O)NC4O)cc1,8.657577319177793,True,<rdkit.Chem.rdchem.Mol object at 0x735c79154510>
CHEMBL3698650,CDK4,2.2,nM,c1ccc(-n2c3cnccc3c3cnc(Nc4ccc(N5CCNCC5)cn4)nc32)cc1,8.657577319177793,True,<rdkit.Chem.rdchem.Mol object at 0x735c79154200>
CHEMBL3702049,CDK4,2.2,nM,c1cc2c3cnc(Nc4ccc(CN5CCOCC5)cn4)nc3n(C3CCCC3)c2cn1,8.657577319177793,True,<rdkit.Chem.rdchem.Mol object at 0x735c79154190>
CHEMBL3642001,CDK4,2.2,nM,OCC(CO)NC1CCN(c2ccc(Nc3ncc4c5ccncc5n(C5CCCC5)c4n3)nn2)CC1,8.657577319177793,True,<rdkit.Chem.rdchem.Mol object at 0x735c79154040>
CHEMBL4213557,CDK6,2.2,nM,Cc1nc2c(F)cc(-c3cc(Nc4cnc(CN5CCN(CC6CC6)CC5)cn4)ncn3)cc2n1C(C)C,8.657577319177793,True,<rdkit.Chem.rdchem.Mol object at 0x735c791551c0>
CHEMBL3702167,CDK4,2.2,nM,O=S1(=O)CC=C(c2ccc(Nc3ncc4c5ccncc5n(C5CCCC5)c4n3)nc2)CC1,8.657577319177793,True,<rdkit.Chem.rdchem.Mol object at 0x735c79155bd0>
CHEMBL3702167,CDK6,2.2,nM,O=S1(=O)CC=C(c2ccc(Nc3ncc4c5ccncc5n(C5CCCC5)c4n3)nc2)CC1,8.657577319177793,True,<rdkit.Chem.rdchem.Mol object at 0x735c79154350>
CHEMBL5568620,CDK4,2.2,nM,CC(C)c1c2cc(-c3ccnc(Nc4ccc5c(N6CCN(C)CC6)ncnc5c4)n3)ccc2nn1C,8.657577319177793,True,<rdkit.Chem.rdchem.Mol object at 0x735c79156ab0>
CHEMBL4449998,CDK4,2.21,nM,Cc1nc2c(F)cc(-c3nc(Nc4ccc5c(n4)CCN(CCN(C)C)C5)ncc3F)cc2n1CC1CC1,8.655607726314889,True,<rdkit.Chem.rdchem.Mol object at 0x735c79154dd0>
CHEMBL6017199,CDK4,2.21,nM,COC(=O)C(=O)N1CCc2nc(Nc3ncc(F)c(-c4cc(F)c5nc(C)n(C(C)C)c5c4)n3)ccc2C1,8.655607726314889,True,<rdkit.Chem.rdchem.Mol object at 0x735c79155cb0>
CHEMBL5886747,CDK6,2.21,nM,Cc1nc2c(F)cc(-c3nc(Nc4ccc5c(n4)CCNC5)ncc3F)cc2n1C1(C)CC1,8.655607726314889,True,<rdkit.Chem.rdchem.Mol object at 0x735c791562d0>
CHEMBL6007400,CDK4,2.22,nM,Cc1nc2c(F)cc(-c3nc(Nc4ccc5c(n4)CCN(C[C@@H](C)N(C)C)C5)ncc3F)cc2n1C1CC1,8.653647025549361,True,<rdkit.Chem.rdchem.Mol object at 0x735c79156110>
CHEMBL5572638,CDK9,2.23,nM,Cl.N[C@H]1CCN(c2c3c(nc4ccc(-c5ccnc(NC(=O)C6CC6)n5)cc24)CCCC3)C1,8.65169513695184,True,<rdkit.Chem.rdchem.Mol object at 0x735c79156b20>
CHEMBL6012656,CDK4,2.23,nM,Cc1nc2c(F)cc(-c3nc(Nc4ccc5c(n4)CCN(C(=O)CN4CCOCC4)C5)ncc3F)cc2n1C1CC1,8.65169513695184,True,<rdkit.Chem.rdchem.Mol object at 0x735c791566c0>
CHEMBL5859057,CDK4,2.23,nM,Cc1nc2c(F)cc(-c3nc(Nc4ccc5c(n4)CCN(C(=O)CN4CCCCC4)C5)ncc3F)cc2n1C1CC1,8.65169513695184,True,<rdkit.Chem.rdchem.Mol object at 0x735c79156c00>
CHEMBL5833493,CDK4,2.23,nM,Cc1nc2c(F)cc(-c3nc(Nc4ccc5c(n4)CCN(C(=O)CC(C)(C)O)C5)ncc3F)cc2n1C(C)C,8.65169513695184,True,<rdkit.Chem.rdchem.Mol object at 0x735c79156b90>
CHEMBL5816005,CDK4,2.26,nM,Cc1nc2c(F)cc(-c3nc(Nc4ccc5c(n4)CCN(CCN4CCOCC4)C5)ncc3F)cc2n1C(C)(C)C,8.645891560852599,True,<rdkit.Chem.rdchem.Mol object at 0x735c791543c0>
CHEMBL5775776,CDK4,2.27,nM,Cc1nc2c(F)cc(-c3nc(Nc4ccc5c(n4)CCN(CCN4CC=C(B(O)O)CC4)C5)ncc3F)cc2n1C(C)(C)C,8.643974142806877,True,<rdkit.Chem.rdchem.Mol object at 0x735c791569d0>
CHEMBL4202432,CDK6,2.3,nM,Cc1nc2c(F)cc(-c3cc(Nc4cnc(CN5CCN(C(C)C)CC5)cn4)ncn3)cc2n1C(C)C,8.638272163982407,True,<rdkit.Chem.rdchem.Mol object at 0x735c79157a00>
CHEMBL521686,CDK6,2.3,nM,O=C(c1cc(Cc2n[nH]c(=O)c3ccccc23)ccc1F)N1CCN(C(=O)C2CC2)CC1,8.638272163982407,True,<rdkit.Chem.rdchem.Mol object at 0x735c79157840>
CHEMBL336242,CDK4,2.3,nM,O=C(Nc1cc(CN[C@H]2Cc3ccc(Cl)cc3C2)n[nH]1)Nc1cccc2c1[C@@H]1CCCN1C2=O,8.638272163982407,True,<rdkit.Chem.rdchem.Mol object at 0x735c79157370>
CHEMBL3698703,CDK4,2.3,nM,CC1CN(c2ccc(Nc3ncc4c5ccncc5n(C5CCCC5)c4n3)nc2)CC(C)N1,8.638272163982407,True,<rdkit.Chem.rdchem.Mol object at 0x735c79154580>
CHEMBL3698745,CDK4,2.3,nM,O=C1CN(c2ccc(Nc3ncc4c5ccncc5n(C5CCCC5)c4n3)nn2)CCN1,8.638272163982407,True,<rdkit.Chem.rdchem.Mol object at 0x735c791542e0>
CHEMBL5751847,CDK6,2.31,nM,Cc1nc2c(F)cc(-c3nc(Nc4ccc5c(n4)CCN(CC(N)=NO)C5)ncc3F)cc2n1C(C)(C)C,8.636388020107855,True,<rdkit.Chem.rdchem.Mol object at 0x735c79154270>
CHEMBL5935222,CDK4,2.34,nM,COC(=O)CN1CCc2nc(Nc3ncc(F)c(-c4cc(F)c5nc(C)n(C(C)C)c5c4)n3)ccc2C1,8.630784142589857,True,<rdkit.Chem.rdchem.Mol object at 0x735c791540b0>
CHEMBL5953872,CDK4,2.34,nM,COC(=O)N1CCc2nc(Nc3ncc(F)c(-c4cc(F)c5nc(C)n(C(C)C)c5c4)n3)ccc2C1,8.630784142589857,True,<rdkit.Chem.rdchem.Mol object at 0x735c78fd2b90>
CHEMBL5947385,CDK4,2.34,nM,C=CC(=O)N1CCc2nc(Nc3ncc(F)c(-c4cc(F)c5nc(C)n(C(C)C)c5c4)n3)ccc2C1,8.630784142589857,True,<rdkit.Chem.rdchem.Mol object at 0x735c78fd28f0>
CHEMBL4445727,CDK4,2.35,nM,CCn1c(C)nc2c(F)cc(-c3nc(Nc4ccc5c(n4)CCN(CCN(C)C)C5)ncc3F)cc21,8.628932137728263,True,<rdkit.Chem.rdchem.Mol object at 0x735c78fd1c40>
CHEMBL5791509,CDK4,2.35,nM,Cc1nc2c(F)cc(-c3nc(Nc4ccc5c(n4)CCN(C(=O)CC4CC(O)C4)C5)ncc3F)cc2n1C1CC1,8.628932137728263,True,<rdkit.Chem.rdchem.Mol object at 0x735c78fd3d80>
CHEMBL5899535,CDK4,2.35,nM,Cc1nc2c(F)cc(-c3nc(Nc4ccc5c(n4)CCN(C(=O)C4CC(O)C4)C5)ncc3F)cc2n1C(C)C,8.628932137728263,True,<rdkit.Chem.rdchem.Mol object at 0x735c78fd3300>
CHEMBL5832698,CDK4,2.36,nM,Cc1nc2c(F)cc(-c3nc(Nc4ccc5c(n4)CCN(C(=O)[C@@H](C)N(C)C)C5)ncc3F)cc2n1C1CC1,8.627087997029893,True,<rdkit.Chem.rdchem.Mol object at 0x735c78fd30d0>
CHEMBL5826084,CDK4,2.37,nM,CN(C)C(=O)c1cc2cnc(Nc3ccc(C4=CCNCC4)cn3)nc2n1C1CCCC1,8.625251653989896,True,<rdkit.Chem.rdchem.Mol object at 0x735c78fd33e0>
CHEMBL4213756,CDK4,2.37,nM,COCCN1CCc2nc(Nc3ncc(F)c(-c4cc(F)c5nc(C)n(C(C)C)c5c4)n3)ccc2C1,8.625251653989896,True,<rdkit.Chem.rdchem.Mol object at 0x735c78fd3370>
CHEMBL6004741,CDK6,2.39,nM,Cc1nc2c(F)cc(-c3nc(Nc4ccc5c(n4)CCN(CC=NO)C5)ncc3F)cc2n1C(C)C,8.621602099051863,True,<rdkit.Chem.rdchem.Mol object at 0x735c78fd2340>
CHEMBL6026840,CDK6,2.39,nM,Cc1nc2c(F)cc(-c3nc(Nc4ccc5c(n4)CCN(CC=NO)C5)ncc3F)cc2n1C(C)(C)C,8.621602099051863,True,<rdkit.Chem.rdchem.Mol object at 0x735c78fd0d60>
CHEMBL3680385,CDK4,2.4,nM,CS(=O)(=O)CCN1CCc2nc(Nc3ncc4c5ccncc5n([C@H]5CC[C@H](C)CC5)c4n3)ccc2C1,8.619788758288394,True,<rdkit.Chem.rdchem.Mol object at 0x735c78fd2c70>
CHEMBL3702101,CDK4,2.4,nM,OC[C@H]1CN(c2ccc(Nc3ncc4c5ccnc(F)c5n(C5CCCC5)c4n3)nc2)CCN1,8.619788758288394,True,<rdkit.Chem.rdchem.Mol object at 0x735c78fd11c0>
CHEMBL5095094,CDK4,2.4,nM,CC(C)c1c2cc(-c3nc(Nc4ccc(N5CCNCC5)cn4)ncc3F)ccc2nn1C,8.619788758288394,True,<rdkit.Chem.rdchem.Mol object at 0x735c78fd2f80>
CHEMBL4217694,CDK6,2.4,nM,CCC1CCc2nc3c(F)cc(-c4nc(Nc5ccc(CN6CCN(C)CC6)cn5)ncc4F)cc3n21,8.619788758288394,True,<rdkit.Chem.rdchem.Mol object at 0x735c78fd2880>
CHEMBL4207218,CDK4,2.4,nM,CCN1CCC(Cc2cnc(Nc3cc(-c4cc(F)c5nc(C)n(C(C)C)c5c4)ncn3)cn2)CC1,8.619788758288394,True,<rdkit.Chem.rdchem.Mol object at 0x735c78fd1d20>
CHEMBL5095094,CDK6,2.4,nM,CC(C)c1c2cc(-c3nc(Nc4ccc(N5CCNCC5)cn4)ncc3F)ccc2nn1C,8.619788758288394,True,<rdkit.Chem.rdchem.Mol object at 0x735c78fd3220>
CHEMBL5095094,CDK2,2.4,nM,CC(C)c1c2cc(-c3nc(Nc4ccc(N5CCNCC5)cn4)ncc3F)ccc2nn1C,8.619788758288394,True,<rdkit.Chem.rdchem.Mol object at 0x735c78fd12a0>
CHEMBL5416114,CDK9,2.41,nM,Cl.N[C@H]1CCN(c2c3c(nc4ccc(-c5ccnc(NC(=O)C6CC6)n5)cc24)CCCCC3)C1,8.61798295742513,True,<rdkit.Chem.rdchem.Mol object at 0x735c78fd14d0>
CHEMBL5856237,CDK9,2.44,nM,Cc1nc2c(F)cc(-c3nc(Nc4ccc5c(n4)CCN(C(=O)[C@@H](C)N(C)C)C5)ncc3F)cc2n1C(C)C,8.61261017366127,True,<rdkit.Chem.rdchem.Mol object at 0x735c78fd2f10>
CHEMBL5942702,CDK4,2.45,nM,C#CCN1CCc2nc(Nc3ncc(F)c(-c4cc(F)c5nc(C)n(C(C)C)c5c4)n3)ccc2C1,8.610833915635467,True,<rdkit.Chem.rdchem.Mol object at 0x735c78fd2e30>
CHEMBL4077071,CDK2,2.47,nM,CN1CCN(Cc2ccc(NC(=O)c3n[nH]cc3Nc3ncnc4[nH]ccc34)cc2)CC1,8.607303046740334,True,<rdkit.Chem.rdchem.Mol object at 0x735c78fd05f0>
CHEMBL5789444,CDK4,2.5,nM,CC(C)CN1CCOc2c(F)cc(-c3nc(Nc4ccc(C5CCN(C)CC5)cn4)ncc3F)cc21,8.602059991327963,True,<rdkit.Chem.rdchem.Mol object at 0x735c78fd0f90>
CHEMBL3971812,CDK4,2.5,nM,OC1CCC(n2c3cnccc3c3cnc(Nc4ccc(N5CCNCC5)cn4)nc32)CC1,8.602059991327963,True,<rdkit.Chem.rdchem.Mol object at 0x735c78fd3610>
CHEMBL270132,CDK2,2.5,nM,NS(=O)(=O)c1ccc(N/C=C2\C(=O)Nc3ccc(-c4cnco4)cc32)cc1,8.602059991327963,True,<rdkit.Chem.rdchem.Mol object at 0x735c78fd07b0>
CHEMBL3702077,CDK4,2.5,nM,OCCN1CCN(c2ccc(Nc3ncc4c5ccnc(F)c5n(C5CCCC5)c4n3)nc2)CC1,8.602059991327963,True,<rdkit.Chem.rdchem.Mol object at 0x735c78fd2ab0>
CHEMBL5749487,CDK4,2.5,nM,CC(C)N1CCOc2c(F)cc(-c3nc(Nc4ccc(C5CCN(C)CC5=O)cn4)ncc3F)cc21,8.602059991327963,True,<rdkit.Chem.rdchem.Mol object at 0x735c78fd29d0>
CHEMBL3698728,CDK4,2.5,nM,c1cc2c3cnc(Nc4ccc(NCC5CCNC5)nn4)nc3n(C3CCCC3)c2cn1,8.602059991327963,True,<rdkit.Chem.rdchem.Mol object at 0x735c78fd3140>
CHEMBL3698658,CDK6,2.5,nM,c1ccc2c(c1)c1cnc(Nc3ccc(N4CCNCC4)cn3)nc1n2C1CCCCC1,8.602059991327963,True,<rdkit.Chem.rdchem.Mol object at 0x735c78fd3bc0>
CHEMBL400749,CDK1,2.5,nM,CNCc1cncc(-c2cnc3[nH]nc(-c4nc5c(COC)cccc5[nH]4)c3c2)c1,8.602059991327963,True,<rdkit.Chem.rdchem.Mol object at 0x735c78fd1070>
CHEMBL3702067,CDK4,2.5,nM,CC(C)n1c2cnccc2c2cnc(Nc3ccc(N4CCC(N(C)C)CC4)nn3)nc21,8.602059991327963,True,<rdkit.Chem.rdchem.Mol object at 0x735c78fd3990>
CHEMBL3698684,CDK4,2.5,nM,O=C(c1csc(Nc2ncc3c4ccncc4n(C4CCCC4)c3n2)n1)N1CCNCC1,8.602059991327963,True,<rdkit.Chem.rdchem.Mol object at 0x735c78fd3ed0>
CHEMBL5965360,CDK4,2.5,nM,CC(C)N1CCOc2c(F)cc(-c3nc(Nc4cc(F)c(N5CCNCC5)cc4F)ncc3F)cc21,8.602059991327963,True,<rdkit.Chem.rdchem.Mol object at 0x735c78fd3290>
CHEMBL424696,CDK9,2.5,nM,c1ccc(Nc2ncc(-c3ccnc(OC4CCCCC4)n3)s2)nc1,8.602059991327963,True,<rdkit.Chem.rdchem.Mol object at 0x735c78fd1e70>
CHEMBL5977774,CDK6,2.5,nM,CC1CN(c2ccc(Nc3ncc(F)c(-c4cc(F)c5c(c4)N(C(C)C)CCO5)n3)nc2)CCN1,8.602059991327963,True,<rdkit.Chem.rdchem.Mol object at 0x735c78fd2ff0>
CHEMBL5774515,CDK4,2.52,nM,Cc1nc2c(F)cc(-c3nc(Nc4ccc5c(n4)CCN(C(=O)OCCN(C)C)C5)ncc3F)cc2n1C1CC1,8.598599459218455,True,<rdkit.Chem.rdchem.Mol object at 0x735c78fd2420>
CHEMBL5976927,CDK4,2.53,nM,Cc1nc2c(F)cc(-c3nc(Nc4ccc5c(n4)CCN(C(=O)C4CC(N)C4)C5)ncc3F)cc2n1C(C)C,8.596879478824182,True,<rdkit.Chem.rdchem.Mol object at 0x735c78fd1a80>
CHEMBL5925248,CDK6,2.54,nM,Cc1nc2c(F)cc(-c3nc(Nc4ccc5c(n4)CCN(C[C@H](C)N(C)C)C5)ncc3F)cc2n1C1CC1,8.595166283380062,True,<rdkit.Chem.rdchem.Mol object at 0x735c78fd2490>
CHEMBL5894084,CDK4,2.54,nM,Cc1nc2c(F)cc(-c3nc(Nc4ccc5c(n4)CCN(C(=O)CN)C5)ncc3F)cc2n1C(C)C,8.595166283380062,True,<rdkit.Chem.rdchem.Mol object at 0x735c78fd2730>
CHEMBL5811164,CDK4,2.54,nM,Cc1nc2c(F)cc(-c3nc(Nc4ccc5c(n4)CCC(C(=O)CN)C5)ncc3F)cc2n1C(C)C,8.595166283380062,True,<rdkit.Chem.rdchem.Mol object at 0x735c78fd1ee0>
CHEMBL5950426,CDK6,2.55,nM,Cc1nc2c(F)cc(-c3nc(Nc4ccc5c(n4)CCN(C(=O)N(C)CCN(C)C)C5)ncc3F)cc2n1C1CC1,8.593459819566045,True,<rdkit.Chem.rdchem.Mol object at 0x735c78fd2960>
CHEMBL5761239,CDK4,2.57,nM,CS(=O)(=O)c1cc2cnc(Nc3ccc(C4=CCNCC4)cn3)nc2n1C1CCCC1,8.590066876668706,True,<rdkit.Chem.rdchem.Mol object at 0x735c78fd2a40>
CHEMBL5979303,CDK6,2.58,nM,Cc1nc2c(F)cc(-c3nc(Nc4ccc5c(n4)CCN(CCS(C)(=O)=O)C5)ncc3F)cc2n1C(C)(C)C,8.588380294036769,True,<rdkit.Chem.rdchem.Mol object at 0x735c78fd3f40>
CHEMBL5774473,CDK6,2.58,nM,C#CCN1CCC(N2CCc3nc(Nc4ncc(F)c(-c5cc(F)c6nc(C)n(C(C)C)c6c5)n4)ccc3C2)C1,8.588380294036769,True,<rdkit.Chem.rdchem.Mol object at 0x735c78fd0dd0>
CHEMBL5760424,CDK6,2.58,nM,C#CN1CCC(N2CCc3nc(Nc4ncc(F)c(-c5cc(F)c6nc(C)n(C(C)C)c6c5)n4)ccc3C2)C1,8.588380294036769,True,<rdkit.Chem.rdchem.Mol object at 0x735c78fd36f0>
CHEMBL3680381,CDK4,2.6,nM,C[C@H]1CC[C@H](n2c3cnccc3c3cnc(Nc4ccc5c(n4)CCN(CCO)C5)nc32)CC1,8.585026652029182,True,<rdkit.Chem.rdchem.Mol object at 0x735c78fd20a0>
CHEMBL3698649,CDK6,2.6,nM,CN(C)C1CCN(c2ccc(Nc3ncc4c5ccncc5n(C5CCCC5)c4n3)nn2)CC1,8.585026652029182,True,<rdkit.Chem.rdchem.Mol object at 0x735c78fd27a0>
CHEMBL3641972,CDK4,2.6,nM,C[C@H](O)Cn1c2cnccc2c2cnc(Nc3ccc(N4CC[C@@H](O)C4)nn3)nc21,8.585026652029182,True,<rdkit.Chem.rdchem.Mol object at 0x735c78fd38b0>
CHEMBL3702107,CDK4,2.6,nM,CN(C)C1CCN(c2ccc(Nc3ncc4c5ccncc5n(C5CCC(C)(C)CC5)c4n3)cn2)CC1,8.585026652029182,True,<rdkit.Chem.rdchem.Mol object at 0x735c78fd3060>
CHEMBL3698733,CDK6,2.6,nM,OCC1CCN(c2ccc(Nc3ncc4c5ccncc5n(C5CCCC5)c4n3)nn2)CC1,8.585026652029182,True,<rdkit.Chem.rdchem.Mol object at 0x735c78fd2ce0>
CHEMBL3702049,CDK6,2.6,nM,c1cc2c3cnc(Nc4ccc(CN5CCOCC5)cn4)nc3n(C3CCCC3)c2cn1,8.585026652029182,True,<rdkit.Chem.rdchem.Mol object at 0x735c78fd1460>
CHEMBL4777981,CDK9,2.6,nM,COc1ccc(F)cc1-c1c(F)cnc2[nH]c(C3=CCN([C@H]4CC[C@H](C(=O)O)CC4)CC3)cc12,8.585026652029182,True,<rdkit.Chem.rdchem.Mol object at 0x735c78fd1700>
CHEMBL3698713,CDK4,2.6,nM,NC1CCN(c2cnc(Nc3ncc4c5ccncc5n(C5CCCC5)c4n3)cn2)CC1,8.585026652029182,True,<rdkit.Chem.rdchem.Mol object at 0x735c78fd3ae0>
CHEMBL3642030,CDK4,2.6,nM,C[C@@H](CO)NC1CCN(c2ccc(Nc3ncc4c5ccncc5n(C5CCCC5)c4n3)nc2)CC1,8.585026652029182,True,<rdkit.Chem.rdchem.Mol object at 0x735c78fd2650>
CHEMBL4207796,CDK6,2.67,nM,Cc1nc2c(F)cc(-c3nc(Nc4ccc5c(n4)CCN(CCF)C5)ncc3F)cc2n1C(C)C,8.573488738635424,True,<rdkit.Chem.rdchem.Mol object at 0x735c78fd1310>
CHEMBL5976517,CDK6,2.69,nM,Cc1nc2c(F)cc(-c3nc(Nc4ccc5c(n4)CCN(CC#CCN(C)C)C5)ncc3F)cc2n1C(C)C,8.570247719997592,True,<rdkit.Chem.rdchem.Mol object at 0x735c78fd0190>
CHEMBL3698676,CDK4,2.7,nM,N#Cc1ccc2c3cnc(Nc4ccc(N5CCNCC5)cn4)nc3n(C3CCCC3)c2c1,8.568636235841012,True,<rdkit.Chem.rdchem.Mol object at 0x735c78fd1cb0>
CHEMBL4208504,CDK6,2.7,nM,CCN1CCN(Cc2cnc(Nc3cc(-c4cc(F)c5nc(C)n(C(C)C)c5c4)ncn3)cn2)CC1,8.568636235841012,True,<rdkit.Chem.rdchem.Mol object at 0x735c78fd1230>
CHEMBL3702128,CDK6,2.7,nM,O=C1CNCCN1Cc1ccc(Nc2ncc3c4ccncc4n(C4CCCC4)c3n2)nc1,8.568636235841012,True,<rdkit.Chem.rdchem.Mol object at 0x735c78fd35a0>
CHEMBL5950277,CDK4,2.71,nM,Cc1nc2c(F)cc(-c3nc(Nc4ccc5c(n4)CCN(C(=O)NCCO)C5)ncc3F)cc2n1C1CC1,8.567030709125595,True,<rdkit.Chem.rdchem.Mol object at 0x735c78fd2260>
CHEMBL5915046,CDK6,2.72,nM,CC1(C)CCc2nc3c(F)cc(-c4nc(Nc5ccc(OC6CCN(CCO)CC6)cn5)ncc4F)cc3n21,8.5654310959658,True,<rdkit.Chem.rdchem.Mol object at 0x735c78fd1620>
CHEMBL3702093,CDK6,2.8,nM,OCC1CCN(c2ccc(Nc3ncc4c5ccnc(F)c5n(C5CCCC5)c4n3)nc2)CC1,8.55284196865778,True,<rdkit.Chem.rdchem.Mol object at 0x735c78fd0ba0>
CHEMBL271595,CDK2,2.8,nM,NS(=O)(=O)c1ccc(N/C=C2\C(=O)Nc3ccc4ncsc4c32)cc1,8.55284196865778,True,<rdkit.Chem.rdchem.Mol object at 0x735c78fd2500>
CHEMBL3702060,CDK6,2.8,nM,CN(C)C1CCN(c2ccc(Nc3ncc4c5ccnc(Cl)c5n(C5CCCC5)c4n3)nc2)CC1,8.55284196865778,True,<rdkit.Chem.rdchem.Mol object at 0x735c78fd19a0>
CHEMBL5568620,CDK2,2.8,nM,CC(C)c1c2cc(-c3ccnc(Nc4ccc5c(N6CCN(C)CC6)ncnc5c4)n3)ccc2nn1C,8.55284196865778,True,<rdkit.Chem.rdchem.Mol object at 0x735c78fd0970>
CHEMBL3642003,CDK4,2.8,nM,c1cc2c3cnc(Nc4ccc(N5CCC(N6CCOCC6)CC5)nn4)nc3n(C3CCCC3)c2cn1,8.55284196865778,True,<rdkit.Chem.rdchem.Mol object at 0x735c78fd3a70>
CHEMBL1794055,CDK2,2.8,nM,NS(=O)(=O)c1ccc(NC=C2C(=O)Nc3ccc4ncsc4c32)cc1,8.55284196865778,True,<rdkit.Chem.rdchem.Mol object at 0x735c78fd2030>
CHEMBL3698695,CDK4,2.8,nM,c1cc2c3cnc(Nc4ccc(N[C@H]5CCNC5)cn4)nc3n(C3CCCC3)c2cn1,8.55284196865778,True,<rdkit.Chem.rdchem.Mol object at 0x735c78fd1770>
CHEMBL3702183,CDK4,2.8,nM,CCN(CC)C1CCN(c2ccc(Nc3ncc4c5ccnc(O)c5n(C5CCCC5)c4n3)nn2)CC1,8.55284196865778,True,<rdkit.Chem.rdchem.Mol object at 0x735c78fd2110>
CHEMBL5976683,CDK6,2.82,nM,Cc1nc2c(F)cc(-c3nc(Nc4ccc5c(n4)CCN(C(=O)NCCN(C)C)C5)ncc3F)cc2n1C(C)C,8.549750891680638,True,<rdkit.Chem.rdchem.Mol object at 0x735c78fd2570>
CHEMBL5879318,CDK6,2.88,nM,CNCC(=O)N1CCc2nc(Nc3ncc(F)c(-c4cc(F)c5nc(C)n(C6CCC6)c5c4)n3)ccc2C1,8.540607512240769,True,<rdkit.Chem.rdchem.Mol object at 0x735c78fd37d0>
CHEMBL4206061,CDK4,2.88,nM,Cc1nc2c(F)cc(-c3nc(Nc4ccc5c(n4)CCN(C(=O)CN4CCN(C)CC4)C5)ncc3F)cc2n1C(C)C,8.540607512240769,True,<rdkit.Chem.rdchem.Mol object at 0x735c78fd2180>
CHEMBL4208198,CDK4,2.9,nM,CCN1CCN(Cc2ccc(Nc3cc(-c4cc(F)c5nc(C)n(C(C)C)c5c4)ccn3)nc2)CC1,8.537602002101044,True,<rdkit.Chem.rdchem.Mol object at 0x735c78fd2c00>
CHEMBL3702218,CDK4,2.9,nM,CC[C@@H](C)n1c2cnccc2c2cnc(Nc3ccc(N4CCC(NC)CC4)nn3)nc21,8.537602002101044,True,<rdkit.Chem.rdchem.Mol object at 0x735c78fd2d50>
CHEMBL4208198,CDK6,2.9,nM,CCN1CCN(Cc2ccc(Nc3cc(-c4cc(F)c5nc(C)n(C(C)C)c5c4)ccn3)nc2)CC1,8.537602002101044,True,<rdkit.Chem.rdchem.Mol object at 0x735c78fd2ea0>
CHEMBL5558178,CDK9,2.9,nM,CC(C)n1nnc2ccc(-c3ccnc(Nc4cc(C(=O)N5CCCN(C)CC5)ccn4)c3)cc21,8.537602002101044,True,<rdkit.Chem.rdchem.Mol object at 0x735c78fd3680>
CHEMBL5971879,CDK6,2.9,nM,Cc1nc2c(F)cc(-c3nc(Nc4ccc5c(n4)CCN[C@H]5C)ncc3F)cc2n1C(C)(C)C,8.537602002101044,True,<rdkit.Chem.rdchem.Mol object at 0x735c78fd3530>
CHEMBL5903034,CDK6,2.9,nM,Cc1nc2c(F)cc(-c3nc(Nc4ccc5c(n4)CCN(CCN(C)CB(O)O)C5)ncc3F)cc2n1C(C)C,8.537602002101044,True,<rdkit.Chem.rdchem.Mol object at 0x735c78fd3ca0>
CHEMBL4207218,CDK6,2.9,nM,CCN1CCC(Cc2cnc(Nc3cc(-c4cc(F)c5nc(C)n(C(C)C)c5c4)ncn3)cn2)CC1,8.537602002101044,True,<rdkit.Chem.rdchem.Mol object at 0x735c78fd3b50>
CHEMBL4213557,CDK4,2.9,nM,Cc1nc2c(F)cc(-c3cc(Nc4cnc(CN5CCN(CC6CC6)CC5)cn4)ncn3)cc2n1C(C)C,8.537602002101044,True,<rdkit.Chem.rdchem.Mol object at 0x735c78fd3d10>
CHEMBL3702093,CDK4,2.9,nM,OCC1CCN(c2ccc(Nc3ncc4c5ccnc(F)c5n(C5CCCC5)c4n3)nc2)CC1,8.537602002101044,True,<rdkit.Chem.rdchem.Mol object at 0x735c78fd3c30>
CHEMBL4213219,CDK4,2.93,nM,Cc1nc2c(F)cc(-c3nc(Nc4ccc5c(n4)CCN(C(=O)CO)C5)ncc3F)cc2n1C(C)C,8.53313237964589,True,<rdkit.Chem.rdchem.Mol object at 0x735c78fd3e60>
CHEMBL5870326,CDK4,2.94,nM,Cc1nc2c(F)cc(-c3nc(Nc4ccc5c(n4)CCN(C(=O)NCCN(C)C)C5)ncc3F)cc2n1C1CC1,8.531652669587842,True,<rdkit.Chem.rdchem.Mol object at 0x735c78fd0040>
CHEMBL5873158,CDK6,2.97,nM,Cc1nc2c(F)cc(-c3nc(Nc4ccc5c(n4)CCNC5)ncc3F)cc2n1C(C)(C)C,8.527243550682787,True,<rdkit.Chem.rdchem.Mol object at 0x735c78fd23b0>
CHEMBL269883,CDK2,3.0,nM,CC(C)COC(=O)c1ccc2c(c1)/C(=C/Nc1ccc(S(N)(=O)=O)cc1)C(=O)N2,8.522878745280337,True,<rdkit.Chem.rdchem.Mol object at 0x735c78fd22d0>
CHEMBL3702059,CDK4,3.0,nM,O=C(CO)N1CCN(c2ccc(Nc3ncc4c5ccncc5n(C5CCCC5)c4n3)nc2)CC1,8.522878745280337,True,<rdkit.Chem.rdchem.Mol object at 0x735c78fd26c0>
CHEMBL3644026,CDK2,3.0,nM,C[C@@H](O)[C@@H](C)Oc1nc(Nc2ccc(S(=O)(=O)CCO)cc2)ncc1C(F)(F)F,8.522878745280337,True,<rdkit.Chem.rdchem.Mol object at 0x735c78fd1690>
CHEMBL3691579,CDK4,3.0,nM,CN(C)C(=O)c1cc2cnc(Nc3ccc(C(=O)N4CC5CCC(C4)N5)cn3)nc2n1[C@@H]1C[C@H]2CC[C@@H]1C2,8.522878745280337,True,<rdkit.Chem.rdchem.Mol object at 0x735c78fd0f20>
CHEMBL4644434,CDK2,3.0,nM,CC(C)c1cnn2c(NCc3ccccc3)cc(N[C@@H](CO)[C@@H](O)CO)nc12,8.522878745280337,True,<rdkit.Chem.rdchem.Mol object at 0x735c78fd0660>
CHEMBL3960677,CDK9,3.0,nM,COc1cc(CS(C)(=N)=O)cc(Nc2ncc(F)c(-c3ccc(F)cc3OC)n2)c1,8.522878745280337,True,<rdkit.Chem.rdchem.Mol object at 0x735c78fd0cf0>
CHEMBL3691596,CDK4,3.0,nM,CN(C)C(=O)c1cc2cnc(Nc3ccc(C(=O)N4CC5CCC(C4)N5)cn3)nc2n1-c1cccc(C(C)(C)C)c1,8.522878745280337,True,<rdkit.Chem.rdchem.Mol object at 0x735c78fd2810>
CHEMBL188938,CDK2,3.0,nM,O=[N+]([O-])c1ccc(Nc2nccc(-c3cnn4ncccc34)n2)cc1,8.522878745280337,True,<rdkit.Chem.rdchem.Mol object at 0x735c78fd34c0>
CHEMBL2163996,CDK2,3.0,nM,N[C@H]1CC[C@H](Nc2cc(Nc3ccc(F)c(Cl)c3)n3ncc(Cl)c3n2)CC1,8.522878745280337,True,<rdkit.Chem.rdchem.Mol object at 0x735c78fd3840>
CHEMBL5943509,CDK4,3.0,nM,CC(C)N1CCOc2c(F)cc(-c3nc(Nc4cc(F)c(C5CCNCC5)cn4)ncc3F)cc21,8.522878745280337,True,<rdkit.Chem.rdchem.Mol object at 0x735c78fd3760>
CHEMBL5951978,CDK6,3.0,nM,CC(C)N1CCOc2c(F)cc(-c3nc(Nc4ccc5c(c4)CN(C(=O)CN(C)C)CC5)ncc3F)cc21,8.522878745280337,True,<rdkit.Chem.rdchem.Mol object at 0x735c78fd3a00>
CHEMBL5943509,CDK6,3.0,nM,CC(C)N1CCOc2c(F)cc(-c3nc(Nc4cc(F)c(C5CCNCC5)cn4)ncc3F)cc21,8.522878745280337,True,<rdkit.Chem.rdchem.Mol object at 0x735c78fd0e40>
CHEMBL4756595,CDK9,3.0,nM,COc1cc(F)ccc1-c1cc(Nc2cc(CS(C)(=N)=O)ccn2)ncc1F,8.522878745280337,True,<rdkit.Chem.rdchem.Mol object at 0x735c78fd0430>
CHEMBL3691595,CDK4,3.0,nM,CN(C)C(=O)c1cc2cnc(Nc3ccc(C(=O)N4CC5CCC(C4)N5)cn3)nc2n1-c1ccc(C(C)(C)C)cc1,8.522878745280337,True,<rdkit.Chem.rdchem.Mol object at 0x735c78fd31b0>
CHEMBL311464,CDK2,3.0,nM,NCCSc1cc(-c2ccc[nH]2)c2c3c(ccc(F)c13)NC2=O,8.522878745280337,True,<rdkit.Chem.rdchem.Mol object at 0x735c78fd3450>
CHEMBL3702066,CDK4,3.0,nM,CC(C)n1c2cnccc2c2cnc(Nc3ccc(N4CCNCC4)cn3)nc21,8.522878745280337,True,<rdkit.Chem.rdchem.Mol object at 0x735c78fd2dc0>
CHEMBL1944698,CDK1,3.0,nM,CN1C/C=C/CCOc2cccc(c2)-c2ccnc(n2)Nc2cccc(c2)C1,8.522878745280337,True,<rdkit.Chem.rdchem.Mol object at 0x735c78fd18c0>
CHEMBL3691608,CDK4,3.0,nM,CN(C)C(=O)c1cc2cnc(Nc3ccc(C(=O)N4CC5CC4CN5)cn3)nc2n1C1CCCCC1,8.522878745280337,True,<rdkit.Chem.rdchem.Mol object at 0x735c78fd1f50>
CHEMBL5266005,CDK1,3.0,nM,CCc1cnn2c(NCc3ccc[n+]([O-])c3)cc(N3CCCC[C@@H]3CCO)nc12,8.522878745280337,True,<rdkit.Chem.rdchem.Mol object at 0x735c78fd1b60>
CHEMBL1944698,CDK9,3.0,nM,CN1C/C=C/CCOc2cccc(c2)-c2ccnc(n2)Nc2cccc(c2)C1,8.522878745280337,True,<rdkit.Chem.rdchem.Mol object at 0x735c78fd1d90>
CHEMBL3698708,CDK4,3.0,nM,CNC1CCN(c2ccc(Nc3ncc4c5ccncc5n(C5CCCC5)c4n3)nn2)CC1,8.522878745280337,True,<rdkit.Chem.rdchem.Mol object at 0x735c78fd0c80>
CHEMBL193922,CDK1,3.0,nM,FC(F)(F)c1cnc(Nc2ccc3[nH]cnc3c2)nc1Nc1cccc(Cl)c1,8.522878745280337,True,<rdkit.Chem.rdchem.Mol object at 0x735c78fd21f0>
CHEMBL3702129,CDK4,3.0,nM,O=S(=O)(c1ccc(Nc2ncc3c4ccncc4n(C4CCCC4)c3n2)nc1)N1CCNCC1,8.522878745280337,True,<rdkit.Chem.rdchem.Mol object at 0x735c78fd2b20>
CHEMBL497564,CDK2,3.0,nM,c1cc(Nc2nccc(-c3cnn4ncccc34)n2)cc(-c2cocn2)c1,8.522878745280337,True,<rdkit.Chem.rdchem.Mol object at 0x735c78fd0eb0>
CHEMBL508129,CDK2,3.0,nM,CNC(=O)c1ccc(Nc2nccc(-c3cnc(C)n3C(C)C)n2)cc1,8.522878745280337,True,<rdkit.Chem.rdchem.Mol object at 0x735c78fd00b0>
CHEMBL518383,CDK2,3.0,nM,O=C(Nc1ccc(F)cc1)c1n[nH]cc1NC(=O)c1c(F)cccc1F,8.522878745280337,True,<rdkit.Chem.rdchem.Mol object at 0x735c78fd0ac0>
CHEMBL1234833,CDK2,3.0,nM,CC(C)c1cnn2c(NCc3ccccc3)cc(N[C@@H](CO)[C@H](O)CO)nc12,8.522878745280337,True,<rdkit.Chem.rdchem.Mol object at 0x735c78fd17e0>
CHEMBL3648112,CDK2,3.0,nM,COc1cc(Nc2ncc(Br)c(N[C@H](C)[C@H](C)O)n2)ccc1S(C)(=N)=O,8.522878745280337,True,<rdkit.Chem.rdchem.Mol object at 0x735c78fd1e00>
CHEMBL3702127,CDK6,3.0,nM,O=C1CN(Cc2ccc(Nc3ncc4c5ccncc5n(C5CCCC5)c4n3)nc2)CCN1,8.522878745280337,True,<rdkit.Chem.rdchem.Mol object at 0x735c78fd3920>
CHEMBL453629,CDK2,3.0,nM,Cc1ncc(-c2ccnc(Nc3ccc(C(=O)NCCN(C)C)c(F)c3)n2)n1C(C)C,8.522878745280337,True,<rdkit.Chem.rdchem.Mol object at 0x735c78fd3df0>
CHEMBL3673434,CDK9,3.0,nM,COc1cc(F)ccc1-c1ccnc(NC(=O)[C@H]2CCC[C@@H](NC(C)=O)C2)c1,8.522878745280337,True,<rdkit.Chem.rdchem.Mol object at 0x735c79149850>
CHEMBL2029900,CDK1,3.0,nM,CN1CCN(C(=O)c2cc(Nc3ncc4cc(/C=N/O)n(C5CCCC5)c4n3)cn2C)CC1,8.522878745280337,True,<rdkit.Chem.rdchem.Mol object at 0x735c791497e0>
CHEMBL3648109,CDK2,3.0,nM,C[C@@H](O)[C@@H](C)Nc1nc(Nc2ccc(S(=N)(=O)CCO)cc2)ncc1Br,8.522878745280337,True,<rdkit.Chem.rdchem.Mol object at 0x735c79149770>
CHEMBL3545083,CDK2,3.0,nM,COCCN1CCN(Cc2ccc(-c3n[nH]c4c3C(=O)c3c(NC(=O)NN5CCOCC5)cccc3-4)cc2)CC1,8.522878745280337,True,<rdkit.Chem.rdchem.Mol object at 0x735c79149700>
CHEMBL453655,CDK2,3.0,nM,CNC(=O)c1ccc(Nc2ncc(F)c(-c3cnc(C)n3C(C)C)n2)cc1,8.522878745280337,True,<rdkit.Chem.rdchem.Mol object at 0x735c79149690>
CHEMBL4292930,CDK1,3.0,nM,Cc1cnn2c(NCc3ccc[n+]([O-])c3)cc(N3CCCC[C@@H]3CCO)nc12,8.522878745280337,True,<rdkit.Chem.rdchem.Mol object at 0x735c79149620>
CHEMBL488084,CDK2,3.0,nM,Cc1ncc(-c2ccnc(Nc3ccc(C(N)=O)cc3)n2)n1C(C)C,8.522878745280337,True,<rdkit.Chem.rdchem.Mol object at 0x735c791495b0>
CHEMBL3648109,CDK1,3.0,nM,C[C@@H](O)[C@@H](C)Nc1nc(Nc2ccc(S(=N)(=O)CCO)cc2)ncc1Br,8.522878745280337,True,<rdkit.Chem.rdchem.Mol object at 0x735c79149540>
CHEMBL5207533,CDK4,3.0,nM,C[C@H]1CC[C@@H](n2c3cnccc3c3cnc(Nc4ccc5c(n4)CCN(C(=O)CO)C5)nc32)CC1,8.522878745280337,True,<rdkit.Chem.rdchem.Mol object at 0x735c791494d0>
CHEMBL490481,CDK2,3.0,nM,O=C(Cc1ccc(Cc2cccs2)cc1)Nc1cc(C2CC2)[nH]n1,8.522878745280337,True,<rdkit.Chem.rdchem.Mol object at 0x735c791493f0>
CHEMBL4762845,CDK9,3.0,nM,COc1cc(F)ccc1-c1cc(Nc2cc(C[S@@](C)(=N)=O)ccn2)ncc1F,8.522878745280337,True,<rdkit.Chem.rdchem.Mol object at 0x735c79149310>
CHEMBL400569,CDK1,3.0,nM,CCNCc1cncc(-c2cnc3[nH]nc(-c4nc5cc(N6CCN(C)CC6)ccc5[nH]4)c3c2)c1,8.522878745280337,True,<rdkit.Chem.rdchem.Mol object at 0x735c791492a0>
CHEMBL3960348,CDK9,3.0,nM,COc1cc(F)ccc1-c1nc(Nc2cccc(CS(C)(=O)=NC#N)c2)ncc1F,8.522878745280337,True,<rdkit.Chem.rdchem.Mol object at 0x735c79149230>
CHEMBL5878959,CDK4,3.0,nM,Fc1cnc(Nc2ccc(N3CCNCC3)cn2)nc1-c1cc(F)c2c(c1)NCCO2,8.522878745280337,True,<rdkit.Chem.rdchem.Mol object at 0x735c791491c0>
CHEMBL478407,CDK2,3.0,nM,Cc1ncc(-c2ccnc(Nc3ccc(F)cc3)n2)n1C(C)C,8.522878745280337,True,<rdkit.Chem.rdchem.Mol object at 0x735c79149150>
CHEMBL3691660,CDK4,3.0,nM,CN(C)C(=O)c1cc2cnc(Nc3ccc(N4C[C@H]5CC[C@@H](CC4=O)N5)cn3)nc2n1C1CCCC1,8.522878745280337,True,<rdkit.Chem.rdchem.Mol object at 0x735c79149070>
CHEMBL5932557,CDK4,3.0,nM,CC(C)N1CCOc2c(F)cc(-c3nc(Nc4ccc(C5CCN(C(=O)CO)CC5)cn4)ncc3F)cc21,8.522878745280337,True,<rdkit.Chem.rdchem.Mol object at 0x735c79149000>
CHEMBL5171657,CDK1,3.0,nM,CCc1cnn2c(NCc3ccc[n+]([O-])c3)cc(C3CCCC[C@H]3CCO)nc12,8.522878745280337,True,<rdkit.Chem.rdchem.Mol object at 0x735c79148f90>
CHEMBL3932396,CDK9,3.0,nM,COCCOC(=O)N=S(C)(=O)Cc1cc(F)cc(Nc2ncc(F)c(-c3ccc(F)cc3OC)n2)c1,8.522878745280337,True,<rdkit.Chem.rdchem.Mol object at 0x735c79148f20>
CHEMBL3644026,CDK1,3.0,nM,C[C@@H](O)[C@@H](C)Oc1nc(Nc2ccc(S(=O)(=O)CCO)cc2)ncc1C(F)(F)F,8.522878745280337,True,<rdkit.Chem.rdchem.Mol object at 0x735c79148eb0>
CHEMBL5789634,CDK9,3.0,nM,COC1CCn2ncc(-c3cc(NC(=O)[C@H]4CCC[C@@H](NC(C)=O)C4)ncc3Cl)c2C1,8.522878745280337,True,<rdkit.Chem.rdchem.Mol object at 0x735c79148e40>
CHEMBL3691620,CDK4,3.0,nM,CN(C)C(=O)c1cc2cnc(Nc3ccc(N4C[C@H]5CNC[C@H]5C4=O)cn3)nc2n1C1CCCCCC1,8.522878745280337,True,<rdkit.Chem.rdchem.Mol object at 0x735c79148d60>
CHEMBL455195,CDK2,3.0,nM,CCC1CC(C(=O)Nc2ncc(SCc3ncc(C(C)(C)C)o3)s2)CCN1,8.522878745280337,True,<rdkit.Chem.rdchem.Mol object at 0x735c79148cf0>
CHEMBL3691626,CDK4,3.0,nM,CN(C)C(=O)c1cc2cnc(Nc3ccc(N4C[C@@H]5CNC[C@@H]5CC4=O)cn3)nc2n1C1CCCCCC1,8.522878745280337,True,<rdkit.Chem.rdchem.Mol object at 0x735c79148c80>
CHEMBL6005062,CDK4,3.0,nM,Fc1cnc(Nc2ccc3c(n2)CCNC3)nc1-c1cc(F)c2c(c1)N(C1CCC1)CCO2,8.522878745280337,True,<rdkit.Chem.rdchem.Mol object at 0x735c79148ba0>
CHEMBL6009824,CDK4,3.0,nM,CC(C)N1CCOc2c(F)cc(-c3nc(Nc4ccc(C5CCN(C)CC5)c(F)n4)ncc3F)cc21,8.522878745280337,True,<rdkit.Chem.rdchem.Mol object at 0x735c79148a50>
CHEMBL5999532,CDK6,3.0,nM,CC(C)N1CCOc2c(F)cc(-c3nc(Nc4ccc(C5CCN(C)C5)cn4)ncc3F)cc21,8.522878745280337,True,<rdkit.Chem.rdchem.Mol object at 0x735c791489e0>
CHEMBL401303,CDK2,3.0,nM,Clc1ccccc1-c1cc(NCc2cccnc2)n2ncc(Br)c2n1,8.522878745280337,True,<rdkit.Chem.rdchem.Mol object at 0x735c79148970>
CHEMBL3648110,CDK2,3.0,nM,C[C@H](O)[C@@H](C)Nc1nc(Nc2ccc(S(=N)(=O)CCO)cc2)ncc1Br,8.522878745280337,True,<rdkit.Chem.rdchem.Mol object at 0x735c79148890>
CHEMBL5916510,CDK6,3.0,nM,CC(C)N1CCOc2c(F)cc(-c3nc(Nc4ccc(C(N)=O)c(F)c4)ncc3F)cc21,8.522878745280337,True,<rdkit.Chem.rdchem.Mol object at 0x735c79148820>
CHEMBL3648112,CDK1,3.0,nM,COc1cc(Nc2ncc(Br)c(N[C@H](C)[C@H](C)O)n2)ccc1S(C)(=N)=O,8.522878745280337,True,<rdkit.Chem.rdchem.Mol object at 0x735c79148660>
CHEMBL5977417,CDK9,3.0,nM,O=C(Nc1cc(-c2cnn3c2CCCC3)c(Cl)cn1)[C@H]1C[C@@H](O)C1,8.522878745280337,True,<rdkit.Chem.rdchem.Mol object at 0x735c791485f0>
CHEMBL354634,CDK2,3.0,nM,COc1cc[nH]c1/C=C1\C(=O)Nc2ccc(F)c(C#C[C@@H](O)[C@@H](N)[C@@H](C)O)c21,8.522878745280337,True,<rdkit.Chem.rdchem.Mol object at 0x735c791484a0>
CHEMBL3953160,CDK9,3.0,nM,COc1cc(F)ccc1-c1nc(Nc2cc(C)cc(CS(C)(=O)=NC#N)c2)ncc1F,8.522878745280337,True,<rdkit.Chem.rdchem.Mol object at 0x735c79148430>
CHEMBL5784667,CDK4,3.08,nM,Cc1nc2c(F)cc(-c3nc(Nc4ccc5c(n4)CCN(C(=O)C(C)N(C)C)C5)ncc3F)cc2n1C(C)C,8.511449283499555,True,<rdkit.Chem.rdchem.Mol object at 0x735c791482e0>
CHEMBL4214898,CDK4,3.1,nM,CCN1CCN(Cc2ccc(Nc3cc(-c4cc(F)c5nc(C)n(C(C)C)c5c4)ncn3)nc2)CC1,8.508638306165727,True,<rdkit.Chem.rdchem.Mol object at 0x735c79148190>
CHEMBL3702168,CDK4,3.1,nM,Oc1ccc(-c2ccc(Nc3ncc4c5ccncc5n(C5CCCC5)c4n3)nn2)cn1,8.508638306165727,True,<rdkit.Chem.rdchem.Mol object at 0x735c79148120>
CHEMBL3642019,CDK6,3.1,nM,CCNC1CCN(c2ccc(Nc3ncc4c5ccncc5n(C5CCCC5)c4n3)nc2)CC1,8.508638306165727,True,<rdkit.Chem.rdchem.Mol object at 0x735c791480b0>
CHEMBL3698732,CDK4,3.1,nM,OC1CCN(c2ccc(Nc3ncc4c5ccncc5n(C5CCCC5)c4n3)nn2)CC1,8.508638306165727,True,<rdkit.Chem.rdchem.Mol object at 0x735c7914b7d0>
CHEMBL3698723,CDK4,3.1,nM,O=S1(=O)CCC(Nc2ccc(Nc3ncc4c5ccncc5n(C5CCCC5)c4n3)nn2)C1,8.508638306165727,True,<rdkit.Chem.rdchem.Mol object at 0x735c7914bbc0>
CHEMBL3698647,CDK4,3.1,nM,NC1CCN(c2ccc(Nc3ncc4c5ccncc5n(C5CCCC5)c4n3)nc2)CC1,8.508638306165727,True,<rdkit.Chem.rdchem.Mol object at 0x735c7914b990>
CHEMBL3702129,CDK6,3.1,nM,O=S(=O)(c1ccc(Nc2ncc3c4ccncc4n(C4CCCC4)c3n2)nc1)N1CCNCC1,8.508638306165727,True,<rdkit.Chem.rdchem.Mol object at 0x735c7914a810>
CHEMBL3698674,CDK6,3.1,nM,c1ccc2c(c1)c1cnc(Nc3ccc(N4CCNCC4)cn3)nc1n2C1CCCCCC1,8.508638306165727,True,<rdkit.Chem.rdchem.Mol object at 0x735c7914b840>
CHEMBL5754925,CDK4,3.14,nM,Cc1nc2c(F)cc(-c3nc(Nc4ccc5c(n4)CCN(C[C@@H](O)CN(C)C)C5)ncc3F)cc2n1C1CC1,8.503070351926786,True,<rdkit.Chem.rdchem.Mol object at 0x735c7914a7a0>
CHEMBL5874515,CDK4,3.14,nM,Cc1nc2c(F)cc(-c3nc(Nc4ccc5c(n4)CCN(C(=O)[C@@H]4CCCN4C)C5)ncc3F)cc2n1C1CC1,8.503070351926786,True,<rdkit.Chem.rdchem.Mol object at 0x735c7914a650>
CHEMBL5828906,CDK6,3.15,nM,Cc1nc2c(F)cc(-c3nc(Nc4ccc5c(n4)CCN(C[C@@H](C)N)C5)ncc3F)cc2n1C1CC1,8.5016894462104,True,<rdkit.Chem.rdchem.Mol object at 0x735c7914b760>
CHEMBL5964401,CDK6,3.16,nM,CCC(CC)n1c(C)nc2c(F)cc(-c3nc(Nc4ccc5c(n4)CCNC5)ncc3F)cc21,8.500312917381596,True,<rdkit.Chem.rdchem.Mol object at 0x735c7914bc30>
CHEMBL4641226,CDK9,3.16,nM,C=CC(=O)N1CCC(C(=O)Nc2ncc(SCc3ncc(C(C)(C)C)o3)s2)CC1,8.500312917381596,True,<rdkit.Chem.rdchem.Mol object at 0x735c79149930>
CHEMBL3702153,CDK4,3.2,nM,CN1CCOC2(CCN(c3ccc(Nc4ncc5c6ccncc6n(C6CCCC6)c5n4)nn3)CC2)C1,8.494850021680094,True,<rdkit.Chem.rdchem.Mol object at 0x735c791498c0>
CHEMBL3702128,CDK4,3.2,nM,O=C1CNCCN1Cc1ccc(Nc2ncc3c4ccncc4n(C4CCCC4)c3n2)nc1,8.494850021680094,True,<rdkit.Chem.rdchem.Mol object at 0x735c79149460>
CHEMBL3237442,CDK4,3.2,nM,c1cc2c3cnc(Nc4ccc(N5CCNCC5)cn4)nc3n(C3CCCC3)c2cn1,8.494850021680094,True,<rdkit.Chem.rdchem.Mol object at 0x735c79148c10>
CHEMBL5789562,CDK4,3.2,nM,Cc1nc2c(F)cc(-c3nc(Nc4ccc5c(n4)CCN(C(=O)[C@H]4CCCN4C)C5)ncc3F)cc2n1C1CC1,8.494850021680094,True,<rdkit.Chem.rdchem.Mol object at 0x735c79148b30>
CHEMBL5858807,CDK4,3.2,nM,CC(C)N1CCOc2c(F)cc(-c3nc(Nc4cnn(C5CCNCC5)c4)ncc3F)cc21,8.494850021680094,True,<rdkit.Chem.rdchem.Mol object at 0x735c79148ac0>
CHEMBL5976683,CDK4,3.21,nM,Cc1nc2c(F)cc(-c3nc(Nc4ccc5c(n4)CCN(C(=O)NCCN(C)C)C5)ncc3F)cc2n1C(C)C,8.493494967595128,True,<rdkit.Chem.rdchem.Mol object at 0x735c79148900>
CHEMBL5865665,CDK6,3.21,nM,Cc1nc2c(F)cc(-c3nc(Nc4ccc5c(n4)CCNC5)ncc3F)cc2n1C(C)C1CC1,8.493494967595128,True,<rdkit.Chem.rdchem.Mol object at 0x735c791487b0>
CHEMBL5935906,CDK6,3.25,nM,CNCCN1CCc2nc(Nc3ncc(F)c(-c4cc(F)c5nc(C)n(C6CC6)c5c4)n3)ccc2C1,8.488116639021126,True,<rdkit.Chem.rdchem.Mol object at 0x735c79148740>
CHEMBL6047483,CDK4,3.26,nM,Cc1nc2c(O)cc(-c3nc(Nc4ccc5c(n4)CCN(C(=O)CN(C)C)C5)ncc3F)cc2n1C1CC1,8.48678239993206,True,<rdkit.Chem.rdchem.Mol object at 0x735c791486d0>
CHEMBL3702133,CDK4,3.3,nM,c1cc2c3cnc(Nc4ccc(N5CCC6(CCCN6)CC5)cn4)nc3n(C3CCCC3)c2cn1,8.481486060122112,True,<rdkit.Chem.rdchem.Mol object at 0x735c79148580>
CHEMBL3698734,CDK4,3.3,nM,O[C@@H]1CCCN(c2ccc(Nc3ncc4c5ccncc5n(C5CCCC5)c4n3)nn2)C1,8.481486060122112,True,<rdkit.Chem.rdchem.Mol object at 0x735c79148510>
CHEMBL3702122,CDK6,3.3,nM,O=C(O)CN1CCN(Cc2ccc(Nc3ncc4c5ccncc5n(C5CCCC5)c4n3)nc2)CC1,8.481486060122112,True,<rdkit.Chem.rdchem.Mol object at 0x735c791483c0>
CHEMBL5557384,CDK9,3.3,nM,CC(C)N1CCN(C(=O)c2ccnc(Nc3cc(-c4ccc5nnn(C(C)C)c5c4)ccn3)c2)CC1,8.481486060122112,True,<rdkit.Chem.rdchem.Mol object at 0x735c79148350>
CHEMBL1964255,CDK2,3.3,nM,N=C(N)NS(=O)(=O)c1ccc(N/C=C2\C(=O)Nc3ccc4ncsc4c32)cc1,8.481486060122112,True,<rdkit.Chem.rdchem.Mol object at 0x735c79148270>
CHEMBL4075720,CDK6,3.33,nM,CN1CCN(Cc2ccc(NC(=O)c3n[nH]cc3Nc3ncnc4sccc34)cc2)CC1,8.47755576649368,True,<rdkit.Chem.rdchem.Mol object at 0x735c79148200>
CHEMBL5774696,CDK6,3.34,nM,Cc1nc2c(F)cc(-c3nc(Nc4ccc5c(n4)CCN(C[C@H](C)N)C5)ncc3F)cc2n1C1CC1,8.476253533188435,True,<rdkit.Chem.rdchem.Mol object at 0x735c79148040>
CHEMBL5894670,CDK4,3.36,nM,Cc1nc2c(F)cc(-c3nc(Nc4ccc5c(n4)CCN(C(=O)NCCO)C5)ncc3F)cc2n1C(C)C,8.473660722610155,True,<rdkit.Chem.rdchem.Mol object at 0x735c8775bf40>
CHEMBL5859057,CDK6,3.38,nM,Cc1nc2c(F)cc(-c3nc(Nc4ccc5c(n4)CCN(C(=O)CN4CCCCC4)C5)ncc3F)cc2n1C1CC1,8.471083299722345,True,<rdkit.Chem.rdchem.Mol object at 0x735c8775bed0>
CHEMBL6012656,CDK6,3.38,nM,Cc1nc2c(F)cc(-c3nc(Nc4ccc5c(n4)CCN(C(=O)CN4CCOCC4)C5)ncc3F)cc2n1C1CC1,8.471083299722345,True,<rdkit.Chem.rdchem.Mol object at 0x735c8775be60>
CHEMBL215803,CDK2,3.4,nM,C[C@@H]1C[C@H]2CN1CCn1nc3c(cccc3c1O)-c1nc3c(cccc3nc1O)O2,8.468521082957745,True,<rdkit.Chem.rdchem.Mol object at 0x735c8775bdf0>
CHEMBL5788017,CDK4,3.4,nM,CN(C)C1CCN(c2ccc(Nc3ncc4cc(S(C)(=O)=O)n(C5CCCC5)c4n3)nc2)CC1,8.468521082957745,True,<rdkit.Chem.rdchem.Mol object at 0x735c8775bd10>
CHEMBL2163995,CDK2,3.4,nM,N[C@H]1CC[C@H](Nc2cc(Nc3ccc(F)c(Cl)c3)n3ncc(Br)c3n2)CC1,8.468521082957745,True,<rdkit.Chem.rdchem.Mol object at 0x735c8775bca0>
CHEMBL3702149,CDK4,3.4,nM,c1cc2c3cnc(Nc4ccc(N5CCNC6(CCCC6)C5)nn4)nc3n(C3CCCC3)c2cn1,8.468521082957745,True,<rdkit.Chem.rdchem.Mol object at 0x735c8775bc30>
CHEMBL3702084,CDK4,3.4,nM,C[C@H]1CN(c2ccc(Nc3ncc4c5ccnc(F)c5n(C5CCCC5)c4n3)nc2)CCN1,8.468521082957745,True,<rdkit.Chem.rdchem.Mol object at 0x735c8775bbc0>
CHEMBL3698740,CDK4,3.4,nM,COC1CCN(c2ccc(Nc3ncc4c5ccncc5n(C5CCCC5)c4n3)nn2)C1,8.468521082957745,True,<rdkit.Chem.rdchem.Mol object at 0x735c8775bb50>
CHEMBL3702052,CDK4,3.4,nM,CCN(CC)C1CCN(c2ccc(Nc3ncc4c5ccncc5n(C5CCCC5)c4n3)nc2)CC1,8.468521082957745,True,<rdkit.Chem.rdchem.Mol object at 0x735c8775bae0>
CHEMBL6012324,CDK6,3.4,nM,CC(C)N1CCOc2c(F)cc(-c3nc(Nc4cc5n(n4)CCN(C)C5)ncc3F)cc21,8.468521082957745,True,<rdkit.Chem.rdchem.Mol object at 0x735c8775ba70>
CHEMBL3698694,CDK4,3.4,nM,c1cc2c3cnc(Nc4ccc(N[C@@H]5CCNC5)cn4)nc3n(C3CCCC3)c2cn1,8.468521082957745,True,<rdkit.Chem.rdchem.Mol object at 0x735c8775ba00>
CHEMBL5774515,CDK6,3.42,nM,Cc1nc2c(F)cc(-c3nc(Nc4ccc5c(n4)CCN(C(=O)OCCN(C)C)C5)ncc3F)cc2n1C1CC1,8.465973893943865,True,<rdkit.Chem.rdchem.Mol object at 0x735c8775b990>
CHEMBL5888788,CDK6,3.47,nM,Cc1nc2c(F)cc(-c3nc(Nc4ccc5c(n4)CCN(C(=O)CN(C)C)C5)ncc3F)cc2n1CC1CC1,8.459670525209127,True,<rdkit.Chem.rdchem.Mol object at 0x735c8775b920>
CHEMBL4463716,CDK6,3.47,nM,C#CCN(C)CCN1CCc2nc(Nc3ncc(F)c(-c4cc(F)c5nc(C)n(C(C)C)c5c4)n3)ccc2C1,8.459670525209127,True,<rdkit.Chem.rdchem.Mol object at 0x735c8775b8b0>
CHEMBL5814867,CDK6,3.49,nM,CNCC(=O)N1CCc2nc(Nc3ncc(F)c(-c4cc(F)c5nc(C)n(C(C)C)c5c4)n3)ccc2C1,8.45717457304082,True,<rdkit.Chem.rdchem.Mol object at 0x735c8775b7d0>
CHEMBL5759958,CDK4,3.49,nM,Cc1nc2c(F)cc(-c3nc(Nc4ccc5c(n4)CCN(C(=O)CN(C)C)C5)ncc3F)cc2n1C1CCCC1,8.45717457304082,True,<rdkit.Chem.rdchem.Mol object at 0x735c8775b6f0>
CHEMBL5996998,CDK4,3.5,nM,CC(C)N1CCOc2c(F)cc(-c3nc(Nc4ccc(C(=O)N5CCOCC5)c(F)c4)ncc3F)cc21,8.455931955649724,True,<rdkit.Chem.rdchem.Mol object at 0x735c8775b680>
CHEMBL3698711,CDK4,3.5,nM,C[C@@H]1CN(c2cnc(Nc3ncc4c5ccncc5n(C5CCCC5)c4n3)cn2)CCN1,8.455931955649724,True,<rdkit.Chem.rdchem.Mol object at 0x735c8775b610>
CHEMBL5861777,CDK4,3.5,nM,CC(C)N1CCOc2c(F)cc(-c3nc(Nc4ccc5c(c4)CCC(N(C)C)C5)ncc3F)cc21,8.455931955649724,True,<rdkit.Chem.rdchem.Mol object at 0x735c8775b530>
CHEMBL3698661,CDK6,3.5,nM,c1cc2c3cnc(Nc4ccc(N5CCNCC5)cn4)nc3n(C34CC5CC(CC(C5)C3)C4)c2cn1,8.455931955649724,True,<rdkit.Chem.rdchem.Mol object at 0x735c8775b450>
CHEMBL6004729,CDK4,3.5,nM,COCCN1CCN(Cc2cnc(-c3cc(F)c4c(c3)N(C(C)C)CCO4)c(F)c2)CC1,8.455931955649724,True,<rdkit.Chem.rdchem.Mol object at 0x735c8775b3e0>
CHEMBL5798442,CDK4,3.5,nM,CC(C)N1CCOc2c(F)cc(-c3nc(Nc4ccc(N5CCCNCC5)cn4)ncc3F)cc21,8.455931955649724,True,<rdkit.Chem.rdchem.Mol object at 0x735c8775b370>
CHEMBL5782876,CDK6,3.5,nM,CC(C)N1CCOc2c(F)cc(-c3nc(Nc4ccc5c(c4)CCN(C(=O)CN(C)C)C5)ncc3F)cc21,8.455931955649724,True,<rdkit.Chem.rdchem.Mol object at 0x735c8775b300>
CHEMBL5992232,CDK6,3.5,nM,CC(C)N1CCOc2c(F)cc(-c3nc(Nc4ccc5c(c4)CC(N(C)C)C5)ncc3F)cc21,8.455931955649724,True,<rdkit.Chem.rdchem.Mol object at 0x735c8775b220>
CHEMBL3237704,CDK4,3.5,nM,CC1(C)CCC(n2c3cnccc3c3cnc(Nc4ccc(N5CCNCC5)cn4)nc32)CC1,8.455931955649724,True,<rdkit.Chem.rdchem.Mol object at 0x735c8775b140>
CHEMBL5775801,CDK4,3.54,nM,Cc1nc2c(F)cc(-c3nc(Nc4ccc5c(n4)CCNC5)ncc3F)cc2n1C1CCCCC1,8.450996737974211,True,<rdkit.Chem.rdchem.Mol object at 0x735c8775b0d0>
CHEMBL5751375,CDK4,3.55,nM,Cc1nc2c(F)cc(-c3nc(Nc4ccc5c(n4)CCNC5)ncc3F)cc2n1CC1CC1,8.449771646944907,True,<rdkit.Chem.rdchem.Mol object at 0x735c87758040>
CHEMBL3656841,CDK9,3.57,nM,COC[C@@H](C)N[C@H]1CC[C@H](Nc2cc(-c3cccc(NCC4(C#N)CCOCC4)n3)c(Cl)cn2)CC1,8.447331783887806,True,<rdkit.Chem.rdchem.Mol object at 0x735c877580b0>
CHEMBL5870326,CDK6,3.57,nM,Cc1nc2c(F)cc(-c3nc(Nc4ccc5c(n4)CCN(C(=O)NCCN(C)C)C5)ncc3F)cc2n1C1CC1,8.447331783887806,True,<rdkit.Chem.rdchem.Mol object at 0x735c87758190>
CHEMBL5976927,CDK6,3.59,nM,Cc1nc2c(F)cc(-c3nc(Nc4ccc5c(n4)CCN(C(=O)C4CC(N)C4)C5)ncc3F)cc2n1C(C)C,8.44490555142168,True,<rdkit.Chem.rdchem.Mol object at 0x735c87758200>
CHEMBL3702068,CDK4,3.6,nM,CCC(CC)n1c2cnccc2c2cnc(Nc3ccc(N4CCNCC4)cn3)nc21,8.443697499232712,True,<rdkit.Chem.rdchem.Mol object at 0x735c87758270>
CHEMBL3702120,CDK6,3.6,nM,O=C(O)CN1CCN(c2ccc(Nc3ncc4c5ccncc5n(C5CCCC5)c4n3)nn2)CC1,8.443697499232712,True,<rdkit.Chem.rdchem.Mol object at 0x735c877582e0>
CHEMBL3702220,CDK4,3.6,nM,CC[C@@H](C)n1c2cnccc2c2cnc(Nc3ccc(N4CCNCC4)cn3)nc21,8.443697499232712,True,<rdkit.Chem.rdchem.Mol object at 0x735c87758350>
CHEMBL1964251,CDK2,3.6,nM,O=C1Nc2ccc3ncsc3c2/C1=C/Nc1ccc(S(=O)(=O)NCCc2c[nH]cn2)cc1,8.443697499232712,True,<rdkit.Chem.rdchem.Mol object at 0x735c877583c0>
CHEMBL386796,CDK4,3.6,nM,O=c1c2cccc3c2sn1CCCCCOc1cccc2nc(O)c-3nc12,8.443697499232712,True,<rdkit.Chem.rdchem.Mol object at 0x735c87758430>
CHEMBL3702119,CDK4,3.6,nM,CCOC(=O)CN1CCN(c2ccc(Nc3ncc4c5ccncc5n(C5CCCC5)c4n3)nn2)CC1,8.443697499232712,True,<rdkit.Chem.rdchem.Mol object at 0x735c877584a0>
CHEMBL3698701,CDK4,3.6,nM,c1cc2c3cnc(Nc4ccc(NCC5CCNC5)cn4)nc3n(C3CCCC3)c2cn1,8.443697499232712,True,<rdkit.Chem.rdchem.Mol object at 0x735c87758580>
CHEMBL3702071,CDK4,3.6,nM,c1cc2c3cnc(Nc4nc(CN5CCNCC5)cs4)nc3n(C3CCCC3)c2cn1,8.443697499232712,True,<rdkit.Chem.rdchem.Mol object at 0x735c877585f0>
CHEMBL6007400,CDK6,3.67,nM,Cc1nc2c(F)cc(-c3nc(Nc4ccc5c(n4)CCN(C[C@@H](C)N(C)C)C5)ncc3F)cc2n1C1CC1,8.435333935747911,True,<rdkit.Chem.rdchem.Mol object at 0x735c87758660>
CHEMBL4209329,CDK6,3.7,nM,CC1(C)CCc2nc3c(F)cc(-c4nc(Nc5ccc(CN6CCNCC6)cn5)ncc4F)cc3n21,8.431798275933005,True,<rdkit.Chem.rdchem.Mol object at 0x735c87758740>
CHEMBL3641995,CDK4,3.7,nM,C[C@H](O)CNC1CCN(c2ccc(Nc3ncc4c5ccncc5n(C5CCCC5)c4n3)nn2)CC1,8.431798275933005,True,<rdkit.Chem.rdchem.Mol object at 0x735c877587b0>
CHEMBL5837976,CDK1,3.7,nM,NS(=O)(=O)c1ccc(Nc2ncc3cc4n(c3n2)C2(CCCCC2)CC(=O)N4)cc1,8.431798275933005,True,<rdkit.Chem.rdchem.Mol object at 0x735c87758890>
CHEMBL4214634,CDK4,3.7,nM,COCCN1CCN(Cc2cnc(Nc3cc(-c4cc(F)c5nc(C)n(C(C)C)c5c4)ncn3)cn2)CC1,8.431798275933005,True,<rdkit.Chem.rdchem.Mol object at 0x735c87758900>
CHEMBL6014795,CDK6,3.75,nM,Cc1nc2c(F)cc(-c3nc(Nc4ccc5c(n4)CCN(C(=O)C4CCCN4)C5)ncc3F)cc2n1C1CC1,8.425968732272281,True,<rdkit.Chem.rdchem.Mol object at 0x735c87758970>
CHEMBL388978,CDK2,3.8,nM,CN[C@@H]1C[C@H]2O[C@@](C)([C@@H]1OC)n1c3ccccc3c3c4c(c5c6ccccc6n2c5c31)C(=O)NC4,8.42021640338319,True,<rdkit.Chem.rdchem.Mol object at 0x735c877589e0>
CHEMBL3698645,CDK4,3.8,nM,C[C@H]1CN(c2ccc(Nc3ncc4c5ccncc5n(C5CCCC5)c4n3)nn2)CCN1,8.42021640338319,True,<rdkit.Chem.rdchem.Mol object at 0x735c87758a50>
CHEMBL3641997,CDK6,3.8,nM,C[C@@H](O)CNC1CCN(c2ccc(Nc3ncc4c5ccncc5n(C5CCCC5)c4n3)nn2)CC1,8.42021640338319,True,<rdkit.Chem.rdchem.Mol object at 0x735c87758ac0>
CHEMBL3702051,CDK4,3.8,nM,COCCN1CCN(c2ccc(Nc3ncc4c5ccncc5n(C5CCCC5)c4n3)nn2)CC1,8.42021640338319,True,<rdkit.Chem.rdchem.Mol object at 0x735c87758b30>
CHEMBL4455210,CDK6,3.81,nM,Cc1nc2c(F)cc(-c3nc(Nc4ccc5c(n4)CCN(CCN(C)C)C5)ncc3F)cc2n1C1CC1,8.41907502432438,True,<rdkit.Chem.rdchem.Mol object at 0x735c87758ba0>
CHEMBL5981008,CDK6,3.86,nM,CC(=N)NCCN1CCc2nc(Nc3ncc(F)c(-c4cc(F)c5nc(C)n(C(C)C)c5c4)n3)ccc2C1,8.413412695328246,True,<rdkit.Chem.rdchem.Mol object at 0x735c87758c10>
CHEMBL5950534,CDK6,3.86,nM,Cc1nc2c(F)cc(-c3nc(Nc4ccc5c(n4)C[C@@H](C)NC5)ncc3F)cc2n1C(C)(C)C,8.413412695328246,True,<rdkit.Chem.rdchem.Mol object at 0x735c87758c80>
CHEMBL4455210,CDK4,3.88,nM,Cc1nc2c(F)cc(-c3nc(Nc4ccc5c(n4)CCN(CCN(C)C)C5)ncc3F)cc2n1C1CC1,8.411168274405792,True,<rdkit.Chem.rdchem.Mol object at 0x735c87758cf0>
CHEMBL3702191,CDK4,3.9,nM,CN(CCO)c1ccc(Nc2ncc3c4ccncc4n(C4CCCC4)c3n2)nn1,8.4089353929735,True,<rdkit.Chem.rdchem.Mol object at 0x735c87758dd0>
CHEMBL3698664,CDK4,3.9,nM,C[C@@H](C1CCCCC1)n1c2cnccc2c2cnc(Nc3ccc(N4CCNCC4)cn3)nc21,8.4089353929735,True,<rdkit.Chem.rdchem.Mol object at 0x735c87758e40>
CHEMBL3702155,CDK4,3.9,nM,C[C@@H]1CN(c2ccc(Nc3ncc4c5ccnc(F)c5n(C5CCCC5)c4n3)nn2)CCN1,8.4089353929735,True,<rdkit.Chem.rdchem.Mol object at 0x735c87758eb0>
CHEMBL5765370,CDK4,3.9,nM,CC(C)N1CCOc2c(F)cc(-c3nc(Nc4ccc(N5CCOCC5)cn4)ncc3F)cc21,8.4089353929735,True,<rdkit.Chem.rdchem.Mol object at 0x735c87758f90>
CHEMBL3702130,CDK6,3.9,nM,O=S(=O)(c1ccc(Nc2ncc3c4ccnc(F)c4n(C4CCCC4)c3n2)nc1)N1CCNCC1,8.4089353929735,True,<rdkit.Chem.rdchem.Mol object at 0x735c87759070>
CHEMBL3698640,CDK4,3.9,nM,C[C@@H]1CN(c2ccc(Nc3ncc4c5ccncc5n(C5CCCC5)c4n3)nn2)CCN1,8.4089353929735,True,<rdkit.Chem.rdchem.Mol object at 0x735c877590e0>
CHEMBL5763679,CDK4,3.9,nM,Cc1nc2c(F)cc(-c3nc(Nc4ccc5c(n4)CCN(C(=O)CN4CCOCC4)C5)ncc3F)cc2n1C(C)C,8.4089353929735,True,<rdkit.Chem.rdchem.Mol object at 0x735c87759150>
CHEMBL5950277,CDK6,3.94,nM,Cc1nc2c(F)cc(-c3nc(Nc4ccc5c(n4)CCN(C(=O)NCCO)C5)ncc3F)cc2n1C1CC1,8.404503778174426,True,<rdkit.Chem.rdchem.Mol object at 0x735c877591c0>
CHEMBL5786556,CDK6,3.96,nM,CN(C)[C@H]1CCN(c2ccc(Nc3ncc(F)c(-c4cc(F)c5nc6n(c5c4)C(C)(C)CC6)n3)nc2)C1,8.402304814074487,True,<rdkit.Chem.rdchem.Mol object at 0x735c87759230>
CHEMBL4792521,CDK9,4.0,nM,CC(=O)N[C@@H]1CCC[C@H](C(=O)Nc2cc(-c3cn[nH]c3CC(C)(C)CO)c(Cl)cn2)C1,8.397940008672037,True,<rdkit.Chem.rdchem.Mol object at 0x735c877592a0>
CHEMBL3698691,CDK4,4.0,nM,NCC1CCN(c2ccc(Nc3ncc4c5ccncc5n(C5CCCC5)c4n3)nc2)CC1,8.397940008672037,True,<rdkit.Chem.rdchem.Mol object at 0x735c87759310>
CHEMBL3967588,CDK9,4.0,nM,COc1cc(F)ccc1-c1nc(Nc2cc(Cl)cc(CS(C)(=O)=NC#N)c2)ncc1F,8.397940008672037,True,<rdkit.Chem.rdchem.Mol object at 0x735c87759380>
CHEMBL6043217,CDK4,4.0,nM,CC(C)N1CCOc2c(F)cc(-c3nc(Nc4ccn(C5CCNCC5)c(=O)c4)ncc3F)cc21,8.397940008672037,True,<rdkit.Chem.rdchem.Mol object at 0x735c87759460>
CHEMBL5861777,CDK6,4.0,nM,CC(C)N1CCOc2c(F)cc(-c3nc(Nc4ccc5c(c4)CCC(N(C)C)C5)ncc3F)cc21,8.397940008672037,True,<rdkit.Chem.rdchem.Mol object at 0x735c87759540>
CHEMBL495696,CDK4,4.0,nM,N#Cc1cccc(Nc2nccc(-c3cnn4ncccc34)n2)c1,8.397940008672037,True,<rdkit.Chem.rdchem.Mol object at 0x735c87759620>
CHEMBL5906300,CDK9,4.0,nM,CC(=O)N[C@@H]1CCC[C@H](C(=O)Nc2cc(-c3cnn4c3CCCC4)c(C)cn2)C1,8.397940008672037,True,<rdkit.Chem.rdchem.Mol object at 0x735c87759690>
CHEMBL518826,CDK2,4.0,nM,CCCN(C)[C@H]1CCN(C(=O)c2ccc(Nc3nccc(-c4cnc(C)n4C(C)C)n3)cc2)C1,8.397940008672037,True,<rdkit.Chem.rdchem.Mol object at 0x735c87759700>
CHEMBL5188322,CDK2,4.0,nM,NC(=O)c1ccc(Nc2nc(N[C@H]3CC[C@H](N)CC3)nc3c2ncn3C2CCCC2)cc1,8.397940008672037,True,<rdkit.Chem.rdchem.Mol object at 0x735c87759770>
CHEMBL5742108,CDK6,4.0,nM,CC(C)N1CCOc2c(F)cc(-c3nc(Nc4ccc5c(n4)CCNC5)ncc3F)cc21,8.397940008672037,True,<rdkit.Chem.rdchem.Mol object at 0x735c877597e0>
CHEMBL5822968,CDK9,4.0,nM,CC1(C)Cc2ncc(-c3cc(NC(=O)[C@H]4CCC[C@@H](NC(=O)C5(O)CC5)C4)ncc3Cl)n2C1,8.397940008672037,True,<rdkit.Chem.rdchem.Mol object at 0x735c87759850>
CHEMBL3545083,CDK4,4.0,nM,COCCN1CCN(Cc2ccc(-c3n[nH]c4c3C(=O)c3c(NC(=O)NN5CCOCC5)cccc3-4)cc2)CC1,8.397940008672037,True,<rdkit.Chem.rdchem.Mol object at 0x735c87759930>
CHEMBL3702127,CDK4,4.0,nM,O=C1CN(Cc2ccc(Nc3ncc4c5ccncc5n(C5CCCC5)c4n3)nc2)CCN1,8.397940008672037,True,<rdkit.Chem.rdchem.Mol object at 0x735c877599a0>
CHEMBL3648111,CDK2,4.0,nM,COc1cc(Nc2ncc(Br)c(N[C@H](C)[C@@H](C)O)n2)ccc1S(C)(=N)=O,8.397940008672037,True,<rdkit.Chem.rdchem.Mol object at 0x735c87759a10>
CHEMBL3691621,CDK4,4.0,nM,CN(C)C(=O)c1cc2cnc(Nc3ccc(N4C[C@@H]5CNC[C@@H]5C4=O)cn3)nc2n1C1CCCCCC1,8.397940008672037,True,<rdkit.Chem.rdchem.Mol object at 0x735c87759a80>
CHEMBL4764656,CDK2,4.0,nM,C[C@H](CO)Nc1nc(Nc2ccc(S(N)(=O)=O)cc2)ncc1Br.Cl,8.397940008672037,True,<rdkit.Chem.rdchem.Mol object at 0x735c87759af0>
CHEMBL3698655,CDK4,4.0,nM,O[C@H]1CCN(c2ccc(Nc3ncc4c5ccncc5n(C5CCCC5)c4n3)nn2)C1,8.397940008672037,True,<rdkit.Chem.rdchem.Mol object at 0x735c87759bd0>
CHEMBL5814318,CDK9,4.0,nM,CC1(C)Cc2c(-c3ccnc(NC(=O)[C@H]4CCC[C@@H](NC(=O)C5(O)CC5)C4)c3)cnn2C1,8.397940008672037,True,<rdkit.Chem.rdchem.Mol object at 0x735c87759c40>
CHEMBL5822252,CDK4,4.0,nM,CN1CCC(c2ccc(Nc3ncc(F)c(-c4cc(F)c5c(c4)N(C)CCO5)n3)cc2F)CC1,8.397940008672037,True,<rdkit.Chem.rdchem.Mol object at 0x735c87759cb0>
CHEMBL384304,CDK6,4.0,nM,COc1ccc(F)c(F)c1C(=O)c1cnc(NC2CCN(S(C)(=O)=O)CC2)nc1N,8.397940008672037,True,<rdkit.Chem.rdchem.Mol object at 0x735c87759e00>
CHEMBL3648122,CDK2,4.0,nM,CCS(=N)(=O)c1ccc(Nc2ncc(Br)c(N[C@@H](C)[C@H](C)O)n2)cc1,8.397940008672037,True,<rdkit.Chem.rdchem.Mol object at 0x735c87759e70>
CHEMBL3698731,CDK4,4.0,nM,NCC1CCN(c2ccc(Nc3ncc4c5ccncc5n(C5CCCC5)c4n3)nn2)CC1,8.397940008672037,True,<rdkit.Chem.rdchem.Mol object at 0x735c87759ee0>
CHEMBL5273925,CDK9,4.0,nM,CC(C)(C)c1coc(CSc2cnc(NC(=O)C3CCNCC3)s2)n1,8.397940008672037,True,<rdkit.Chem.rdchem.Mol object at 0x735c87759f50>
CHEMBL5956855,CDK4,4.0,nM,CC(C)N1CCOc2c(F)cc(-c3nc(Nc4ccc(N5CCC(CN)CC5)cn4)ncc3F)cc21,8.397940008672037,True,<rdkit.Chem.rdchem.Mol object at 0x735c87759fc0>
CHEMBL5170524,CDK9,4.0,nM,COc1cc(C(=O)N2CCCC2)ccc1-c1ccnc2[nH]c(C3CCNCC3)cc12,8.397940008672037,True,<rdkit.Chem.rdchem.Mol object at 0x735c8775a030>
CHEMBL4754493,CDK9,4.0,nM,Cn1ncc(-c2nc(N[C@H]3CC[C@H](N)CC3)ncc2Cl)c1CC1CC1,8.397940008672037,True,<rdkit.Chem.rdchem.Mol object at 0x735c8775a0a0>
CHEMBL5932557,CDK6,4.0,nM,CC(C)N1CCOc2c(F)cc(-c3nc(Nc4ccc(C5CCN(C(=O)CO)CC5)cn4)ncc3F)cc21,8.397940008672037,True,<rdkit.Chem.rdchem.Mol object at 0x735c8775a110>
CHEMBL60541,CDK2,4.0,nM,CNS(=O)(=O)c1ccc2c(c1)/C(=C/c1[nH]cc3c1CCOC3=O)C(=O)N2,8.397940008672037,True,<rdkit.Chem.rdchem.Mol object at 0x735c8775a180>
CHEMBL3648095,CDK2,4.0,nM,CCS(=N)(=O)c1ccc(Nc2ncc(Br)c(N[C@H](C)[C@H](C)O)n2)cc1,8.397940008672037,True,<rdkit.Chem.rdchem.Mol object at 0x735c8775a1f0>
CHEMBL3648118,CDK2,4.0,nM,COC[C@@H](Nc1nc(Nc2ccc(S(C)(=N)=O)cc2)ncc1Br)[C@@H](C)O,8.397940008672037,True,<rdkit.Chem.rdchem.Mol object at 0x735c8775a260>
CHEMBL3648106,CDK2,4.0,nM,CC(CO)Sc1nc(Nc2ccc(S(C)(=N)=O)cc2)ncc1Br,8.397940008672037,True,<rdkit.Chem.rdchem.Mol object at 0x735c8775a810>
CHEMBL3648107,CDK2,4.0,nM,C[C@@H](Nc1nc(Nc2ccc(S(=N)(=O)CCO)cc2)ncc1Br)C(C)(C)O,8.397940008672037,True,<rdkit.Chem.rdchem.Mol object at 0x735c8775ab20>
CHEMBL3691667,CDK4,4.0,nM,CN(C)C(=O)c1cc2cnc(Nc3ccc(N4CC5CCC(CC4=O)N5)cn3)nc2n1C1CCCCC1,8.397940008672037,True,<rdkit.Chem.rdchem.Mol object at 0x735c8775ad50>
CHEMBL3698736,CDK4,4.0,nM,c1cc2c3cnc(Nc4ccc(N5CCOCC5)nn4)nc3n(C3CCCC3)c2cn1,8.397940008672037,True,<rdkit.Chem.rdchem.Mol object at 0x735c8775af80>
CHEMBL23327,CDK4,4.0,nM,CC(C)[C@H](CO)Nc1nc(Nc2cccc(Cl)c2)c2ncn(C(C)C)c2n1,8.397940008672037,True,<rdkit.Chem.rdchem.Mol object at 0x735c8775ac70>
CHEMBL23327,CDK2,4.0,nM,CC(C)[C@H](CO)Nc1nc(Nc2cccc(Cl)c2)c2ncn(C(C)C)c2n1,8.397940008672037,True,<rdkit.Chem.rdchem.Mol object at 0x735c8775aea0>
CHEMBL3648108,CDK2,4.0,nM,C[C@H](Nc1nc(Nc2ccc(S(=N)(=O)CCO)cc2)ncc1Br)C(C)(C)O,8.397940008672037,True,<rdkit.Chem.rdchem.Mol object at 0x735c8775af10>
CHEMBL5796369,CDK9,4.0,nM,CC1(C)Cc2ncc(-c3cc(NC(=O)[C@H]4CCC[C@@H](NC(=O)C5COC5)C4)ncc3Cl)n2C1,8.397940008672037,True,<rdkit.Chem.rdchem.Mol object at 0x735c8775ae30>
CHEMBL485618,CDK2,4.0,nM,CCn1c(-c2ccnc(Nc3ccc(S(=O)(=O)NCCOC)cc3)n2)cnc1C,8.397940008672037,True,<rdkit.Chem.rdchem.Mol object at 0x735c8775a880>
CHEMBL6009824,CDK6,4.0,nM,CC(C)N1CCOc2c(F)cc(-c3nc(Nc4ccc(C5CCN(C)CC5)c(F)n4)ncc3F)cc21,8.397940008672037,True,<rdkit.Chem.rdchem.Mol object at 0x735c8775a500>
CHEMBL4215702,CDK6,4.0,nM,CN1CCN(Cc2ccc(Nc3ncc(F)c(-c4cc(F)c5nc6n(c5c4)C(C)(C)CC6)n3)nc2)CC1,8.397940008672037,True,<rdkit.Chem.rdchem.Mol object at 0x735c8775a7a0>
CHEMBL3648113,CDK2,4.0,nM,CN=S(C)(=O)c1ccc(Nc2ncc(Br)c(N[C@H](C)[C@@H](C)O)n2)cc1OC,8.397940008672037,True,<rdkit.Chem.rdchem.Mol object at 0x735c8775a2d0>
CHEMBL5266005,CDK9,4.0,nM,CCc1cnn2c(NCc3ccc[n+]([O-])c3)cc(N3CCCC[C@@H]3CCO)nc12,8.397940008672037,True,<rdkit.Chem.rdchem.Mol object at 0x735c8775a570>
CHEMBL4741442,CDK2,4.0,nM,C[C@H](CO)Nc1nc(Nc2ccc(S(N)(=O)=O)cc2)ncc1Br,8.397940008672037,True,<rdkit.Chem.rdchem.Mol object at 0x735c8775a340>
CHEMBL4292930,CDK9,4.0,nM,Cc1cnn2c(NCc3ccc[n+]([O-])c3)cc(N3CCCC[C@@H]3CCO)nc12,8.397940008672037,True,<rdkit.Chem.rdchem.Mol object at 0x735c8775a490>
CHEMBL195423,CDK1,4.0,nM,Fc1ccc(Nc2nc(Nc3ccc4[nH]cnc4c3)ncc2Br)cc1,8.397940008672037,True,<rdkit.Chem.rdchem.Mol object at 0x735c8775a650>
CHEMBL5179773,CDK9,4.0,nM,CC(C)n1cc(-c2ccnc3[nH]c(C4CCN(CC(=O)N(C)C)CC4)cc23)cnc1=O,8.397940008672037,True,<rdkit.Chem.rdchem.Mol object at 0x735c8775a730>
CHEMBL3648096,CDK1,4.0,nM,Cc1cc(Nc2ncc(Br)c(N[C@H](C)[C@H](C)O)n2)ccc1S(C)(=N)=O,8.397940008672037,True,<rdkit.Chem.rdchem.Mol object at 0x735c8775ac00>
CHEMBL5877196,CDK4,4.0,nM,CC(C)N1CCOc2c(F)cc(-c3nc(Nc4ccn(C5=CCNCC5)c(=O)c4)ncc3F)cc21,8.397940008672037,True,<rdkit.Chem.rdchem.Mol object at 0x735c8775a5e0>
CHEMBL3648096,CDK2,4.0,nM,Cc1cc(Nc2ncc(Br)c(N[C@H](C)[C@H](C)O)n2)ccc1S(C)(=N)=O,8.397940008672037,True,<rdkit.Chem.rdchem.Mol object at 0x735c8775a960>
CHEMBL4082469,CDK9,4.0,nM,CSc1sc(C(N)=O)c2c1-c1sncc1CC2,8.397940008672037,True,<rdkit.Chem.rdchem.Mol object at 0x735c8775a6c0>
CHEMBL6019756,CDK6,4.0,nM,CC(C)N1CCOc2c(F)cc(-c3nc(Nc4ccc(CN5CCN(C)CC5)c(F)c4)ncc3F)cc21,8.397940008672037,True,<rdkit.Chem.rdchem.Mol object at 0x735c8775aa40>
CHEMBL193367,CDK1,4.0,nM,FC(F)(F)c1cnc(Nc2ccc3[nH]cnc3c2)nc1Nc1ccc(Cl)cc1,8.397940008672037,True,<rdkit.Chem.rdchem.Mol object at 0x735c8775a9d0>
CHEMBL3937866,CDK9,4.0,nM,COc1cc(F)ccc1-c1nc(Nc2cc(CS(C)(=O)=NC#N)cc(C(F)(F)F)c2)ncc1F,8.397940008672037,True,<rdkit.Chem.rdchem.Mol object at 0x735c8775b840>
CHEMBL3648076,CDK2,4.0,nM,C[C@@H](Nc1nc(Nc2ccc(S(=N)(=O)CC3CC3)cc2)ncc1Br)C(C)(C)O,8.397940008672037,True,<rdkit.Chem.rdchem.Mol object at 0x735c8775b760>
CHEMBL5788710,CDK9,4.0,nM,CC1(C)Cc2c(-c3cc(NC(=O)[C@H]4CCC[C@@H](NC(=O)CCO)C4)ncc3Cl)cnn2C1,8.397940008672037,True,<rdkit.Chem.rdchem.Mol object at 0x735c8775b5a0>
CHEMBL489477,CDK2,4.0,nM,O=C(Cc1ccc(-c2ccccc2)c(F)c1)Nc1cc(C2CC2)[nH]n1,8.397940008672037,True,<rdkit.Chem.rdchem.Mol object at 0x735c8775b4c0>
CHEMBL6015264,CDK6,4.0,nM,CC(C)N1CCOc2c(F)cc(-c3nc(Nc4ccc(CN5CCN(CC6CC6)CC5)cn4)ncc3F)cc21,8.397940008672037,True,<rdkit.Chem.rdchem.Mol object at 0x735c8775b1b0>
CHEMBL3668457,CDK9,4.0,nM,COc1ccc(F)cc1-c1ccnc2[nH]c(C3=CCN(CC(O)CO)CC3)cc12,8.397940008672037,True,<rdkit.Chem.rdchem.Mol object at 0x735c87758120>
CHEMBL3934141,CDK9,4.0,nM,COc1cc(CS(C)(=O)=NC#N)cc(Nc2ncc(F)c(-c3ccc(F)cc3OC)n2)c1,8.397940008672037,True,<rdkit.Chem.rdchem.Mol object at 0x735c87758510>
CHEMBL5171657,CDK9,4.0,nM,CCc1cnn2c(NCc3ccc[n+]([O-])c3)cc(C3CCCC[C@H]3CCO)nc12,8.397940008672037,True,<rdkit.Chem.rdchem.Mol object at 0x735c87758820>
CHEMBL6019756,CDK4,4.0,nM,CC(C)N1CCOc2c(F)cc(-c3nc(Nc4ccc(CN5CCN(C)CC5)c(F)c4)ncc3F)cc21,8.397940008672037,True,<rdkit.Chem.rdchem.Mol object at 0x735c87758d60>
CHEMBL293068,CDK2,4.0,nM,O=C1Nc2ccc(C(=O)O)cc2/C1=C/c1[nH]cc2c1CCOC2=O,8.397940008672037,True,<rdkit.Chem.rdchem.Mol object at 0x735c87758f20>
CHEMBL3644033,CDK1,4.0,nM,C[C@@H](O)[C@@H](C)Oc1nc(Nc2ccc(S(C)(=O)=O)cc2)ncc1C(F)(F)F,8.397940008672037,True,<rdkit.Chem.rdchem.Mol object at 0x735c791b00b0>
CHEMBL5782876,CDK4,4.0,nM,CC(C)N1CCOc2c(F)cc(-c3nc(Nc4ccc5c(c4)CCN(C(=O)CN(C)C)C5)ncc3F)cc21,8.397940008672037,True,<rdkit.Chem.rdchem.Mol object at 0x735c791b3220>
CHEMBL370522,CDK1,4.0,nM,Cc1ccccc1Oc1nc(Nc2ccc3[nH]cnc3c2)ncc1C(F)(F)F,8.397940008672037,True,<rdkit.Chem.rdchem.Mol object at 0x735c791b0660>
CHEMBL5949924,CDK6,4.0,nM,CC(C)N1CCOc2c(F)cc(-c3nc(Nc4ccc(C5CCN(C)CC5)nn4)ncc3F)cc21,8.397940008672037,True,<rdkit.Chem.rdchem.Mol object at 0x735c791b2500>
CHEMBL3903492,CDK9,4.0,nM,Cc1n[nH]c2ncc(C(=O)N3CCC[C@H]3c3ccc(Cl)cc3)cc12,8.397940008672037,True,<rdkit.Chem.rdchem.Mol object at 0x735c791b12a0>
CHEMBL3357950,CDK2,4.0,nM,C[C@@H](NC(=O)N1CCc2cnc(Nc3cnn(C)c3)nc2C1)c1ccc(Cl)c(Cl)c1,8.397940008672037,True,<rdkit.Chem.rdchem.Mol object at 0x735c791b3d80>
CHEMBL5192311,CDK9,4.0,nM,COc1cc(C(=O)N2CCCC2)ccc1-c1ccnc2[nH]c(C3CCN(CCO)CC3)cc12,8.397940008672037,True,<rdkit.Chem.rdchem.Mol object at 0x735c791b1a80>
CHEMBL3644033,CDK2,4.0,nM,C[C@@H](O)[C@@H](C)Oc1nc(Nc2ccc(S(C)(=O)=O)cc2)ncc1C(F)(F)F,8.397940008672037,True,<rdkit.Chem.rdchem.Mol object at 0x735c791b3ed0>
CHEMBL5801637,CDK6,4.0,nM,CC(C)N1CCOc2c(F)cc(-c3nc(Nc4ccc(N5CCC(N)CC5)cn4)ncc3F)cc21,8.397940008672037,True,<rdkit.Chem.rdchem.Mol object at 0x735c791b33e0>
CHEMBL2163997,CDK2,4.0,nM,N#Cc1cnn2c(Nc3ccc(F)c(Cl)c3)cc(N[C@H]3CC[C@H](N)CC3)nc12,8.397940008672037,True,<rdkit.Chem.rdchem.Mol object at 0x735c791b35a0>
CHEMBL4208875,CDK6,4.0,nM,CCN1CCC(Oc2cnc(Nc3cc(-c4cc(F)c5nc(C)n(C(C)C)c5c4)ncn3)cn2)CC1,8.397940008672037,True,<rdkit.Chem.rdchem.Mol object at 0x735c791b3a70>
CHEMBL178179,CDK2,4.0,nM,CN(C)S(=O)(=O)c1ccc(Nc2cc(N[C@H]3CC[C@H](N)CC3)nc3c(C4CCCC4)cnn23)cc1,8.397940008672037,True,<rdkit.Chem.rdchem.Mol object at 0x735c791b0f90>
CHEMBL5979175,CDK9,4.0,nM,CC1(C)Cc2c(-c3cc(NC(=O)[C@H]4CCC[C@@H](NC(=O)[C@H]5CCOC5)C4)ncc3Cl)cnn2C1,8.397940008672037,True,<rdkit.Chem.rdchem.Mol object at 0x735c791b21f0>
CHEMBL5986506,CDK9,4.0,nM,CC(=O)N[C@@H]1CCC[C@@H](C(=O)Nc2cc(-c3cnn4c3C(O)C(C)(C)C4)c(Cl)cn2)C1,8.397940008672037,True,<rdkit.Chem.rdchem.Mol object at 0x735c791949e0>
CHEMBL73243,CDK2,4.0,nM,COCCCNS(=O)(=O)c1ccc(Nc2nccc(-c3cnc4ccccn34)n2)cc1,8.397940008672037,True,<rdkit.Chem.rdchem.Mol object at 0x735c79195e00>
CHEMBL3691547,CDK4,4.0,nM,CN(C)C(=O)c1cc2cnc(Nc3ccc(C(=O)N4CC5CCC(C4)N5)cn3)nc2n1C1CCCCCC1,8.397940008672037,True,<rdkit.Chem.rdchem.Mol object at 0x735c79197a00>
CHEMBL3897217,CDK9,4.0,nM,COc1cc(F)ccc1-c1nc(Nc2cc(F)c(F)c(CS(C)(=N)=O)c2)ncc1F,8.397940008672037,True,<rdkit.Chem.rdchem.Mol object at 0x735c79194f20>
CHEMBL3702062,CDK4,4.1,nM,Cc1nc(Nc2ncc3c4ccnc(Cl)c4n(C4CCCC4)c3n2)ccc1N1CCNCC1,8.387216143280265,True,<rdkit.Chem.rdchem.Mol object at 0x735c79195770>
CHEMBL514197,CDK2,4.1,nM,COc1cc(-c2ccc3c(-c4nc5c(N6CCN(C)CC6)cccc5[nH]4)n[nH]c3c2)ccc1O,8.387216143280265,True,<rdkit.Chem.rdchem.Mol object at 0x735c79194580>
CHEMBL3642020,CDK4,4.1,nM,c1cc2c3cnc(Nc4ccc(N5CCC(NC6CC6)CC5)cn4)nc3n(C3CCCC3)c2cn1,8.387216143280265,True,<rdkit.Chem.rdchem.Mol object at 0x735c79197ca0>
CHEMBL3642026,CDK4,4.1,nM,CN(CC(=O)O)C1CCN(c2ccc(Nc3ncc4c5ccncc5n(C5CCCC5)c4n3)nc2)CC1,8.387216143280265,True,<rdkit.Chem.rdchem.Mol object at 0x735c791942e0>
CHEMBL3698699,CDK4,4.1,nM,CN(c1ccc(Nc2ncc3c4ccncc4n(C4CCCC4)c3n2)nc1)C1CCCNC1,8.387216143280265,True,<rdkit.Chem.rdchem.Mol object at 0x735c79197ae0>
CHEMBL3698702,CDK4,4.1,nM,c1cc2c3cnc(Nc4ccc(NCC5CCCNC5)cn4)nc3n(C3CCCC3)c2cn1,8.387216143280265,True,<rdkit.Chem.rdchem.Mol object at 0x735c79194ba0>
CHEMBL6021833,CDK4,4.11,nM,Cc1nc2c(F)cc(-c3nc(Nc4ccc5c(n4)CCNC5)ncc3F)cc2n1C1CC1,8.386158178123932,True,<rdkit.Chem.rdchem.Mol object at 0x735c791976f0>
CHEMBL4212532,CDK6,4.14,nM,Cc1nc2c(F)cc(-c3nc(Nc4ccc5c(n4)CCN(C(=O)CN(C)C)C5)ncc3F)cc2n1C(C)C,8.3829996588791,True,<rdkit.Chem.rdchem.Mol object at 0x735c79194c10>
CHEMBL5832698,CDK6,4.16,nM,Cc1nc2c(F)cc(-c3nc(Nc4ccc5c(n4)CCN(C(=O)[C@@H](C)N(C)C)C5)ncc3F)cc2n1C1CC1,8.380906669373257,True,<rdkit.Chem.rdchem.Mol object at 0x735c79196c70>
CHEMBL4206061,CDK6,4.17,nM,Cc1nc2c(F)cc(-c3nc(Nc4ccc5c(n4)CCN(C(=O)CN4CCN(C)CC4)C5)ncc3F)cc2n1C(C)C,8.379863945026242,True,<rdkit.Chem.rdchem.Mol object at 0x735c791960a0>
CHEMBL3698748,CDK4,4.2,nM,N#CC1CCN(c2ccc(Nc3ncc4c5ccncc5n(C5CCCC5)c4n3)nn2)C1,8.3767507096021,True,<rdkit.Chem.rdchem.Mol object at 0x735c87759000>
CHEMBL3698641,CDK6,4.2,nM,Cc1cc(Nc2ncc3c4ccncc4n(C4CCCC4)c3n2)cnc1N1CCNCC1,8.3767507096021,True,<rdkit.Chem.rdchem.Mol object at 0x735c877593f0>
CHEMBL3698743,CDK4,4.2,nM,CC1CN(c2ccc(Nc3ncc4c5ccncc5n(C5CCCC5)c4n3)nn2)CC(C)N1,8.3767507096021,True,<rdkit.Chem.rdchem.Mol object at 0x735c877595b0>
CHEMBL3641994,CDK4,4.2,nM,OCCNC1CCN(c2ccc(Nc3ncc4c5ccncc5n(C5CCCC5)c4n3)nn2)CC1,8.3767507096021,True,<rdkit.Chem.rdchem.Mol object at 0x735c877598c0>
CHEMBL3642023,CDK4,4.2,nM,c1cc2c3cnc(Nc4ccc(N5CCC(NC6CCC6)CC5)cn4)nc3n(C3CCCC3)c2cn1,8.3767507096021,True,<rdkit.Chem.rdchem.Mol object at 0x735c87759b60>
CHEMBL424696,CDK4,4.2,nM,c1ccc(Nc2ncc(-c3ccnc(OC4CCCCC4)n3)s2)nc1,8.3767507096021,True,<rdkit.Chem.rdchem.Mol object at 0x735c87759d20>
CHEMBL3702102,CDK4,4.2,nM,OC[C@H]1CN(c2ccc(Nc3ncc4c5ccncc5n(C5CCCC5)c4n3)nc2)CCN1,8.3767507096021,True,<rdkit.Chem.rdchem.Mol object at 0x735c87759d90>
CHEMBL4458266,CDK4,4.26,nM,Cc1nc2c(F)cc(-c3nc(Nc4ccc5c(n4)CCN(CCN(C)C)C5)ncc3F)cc2n1C,8.370590400897282,True,<rdkit.Chem.rdchem.Mol object at 0x735c8775ace0>
CHEMBL5883845,CDK4,4.27,nM,Cc1nc2c(F)cc(-c3nc(Nc4ccc5c(n4)CCN(C(=O)CN(C)C)C5)ncc3F)cc2n1C1CCC1,8.369572124974976,True,<rdkit.Chem.rdchem.Mol object at 0x735c8775aab0>
CHEMBL5765752,CDK4,4.27,nM,Cc1nc2c(F)cc(-c3nc(Nc4ccc5c(n4)CCN(C(=O)CCN(C)C)C5)ncc3F)cc2n1C1CCC1,8.369572124974976,True,<rdkit.Chem.rdchem.Mol object at 0x735c8775adc0>
CHEMBL3698672,CDK4,4.3,nM,c1ccc2c(c1)c1cnc(Nc3ccc(N4CCNCC4)cn3)nc1n2C1CCCC1,8.366531544420413,True,<rdkit.Chem.rdchem.Mol object at 0x735c8775aff0>
CHEMBL1964244,CDK2,4.3,nM,O=C1Nc2ccc3ncsc3c2/C1=C/Nc1ccc(S(=O)(=O)Nc2ccccc2)cc1,8.366531544420413,True,<rdkit.Chem.rdchem.Mol object at 0x735c8775a8f0>
CHEMBL3237444,CDK6,4.3,nM,Clc1nccc2c3cnc(Nc4ccc(N5CCNCC5)cn4)nc3n(C3CCCC3)c12,8.366531544420413,True,<rdkit.Chem.rdchem.Mol object at 0x735c8775ab90>
CHEMBL3702029,CDK4,4.3,nM,CCC1CN(c2ccc(Nc3ncc4c5ccncc5n(C5CCCC5)c4n3)nn2)CCN1,8.366531544420413,True,<rdkit.Chem.rdchem.Mol object at 0x735c7a801cb0>
CHEMBL5947385,CDK6,4.37,nM,C=CC(=O)N1CCc2nc(Nc3ncc(F)c(-c4cc(F)c5nc(C)n(C(C)C)c5c4)n3)ccc2C1,8.359518563029578,True,<rdkit.Chem.rdchem.Mol object at 0x735c7a801150>
CHEMBL3702096,CDK4,4.4,nM,OCCN1CCN(c2ccc(Nc3ncc4c5ccncc5n(C5CCCC5)c4n3)nc2)CC1,8.356547323513812,True,<rdkit.Chem.rdchem.Mol object at 0x735c7a801ee0>
CHEMBL3684982,CDK4,4.4,nM,CC(=O)N1Cc2ccc(Nc3ncc4c5ccncc5n([C@H]5CC[C@H](C)CC5)c4n3)nc2C(C)C1,8.356547323513812,True,<rdkit.Chem.rdchem.Mol object at 0x735c7a801fc0>
CHEMBL3702142,CDK4,4.4,nM,c1cc2c3cnc(Nc4ccc(N5CCNCC5)cn4)cc3n(C3CCCCC3)c2cn1,8.356547323513812,True,<rdkit.Chem.rdchem.Mol object at 0x735c7a802030>
CHEMBL4214898,CDK6,4.4,nM,CCN1CCN(Cc2ccc(Nc3cc(-c4cc(F)c5nc(C)n(C(C)C)c5c4)ncn3)nc2)CC1,8.356547323513812,True,<rdkit.Chem.rdchem.Mol object at 0x735c7a802490>
CHEMBL3702117,CDK4,4.4,nM,OC1CCN(Cc2ccc(Nc3ncc4c5ccncc5n(C5CCCC5)c4n3)nc2)CC1,8.356547323513812,True,<rdkit.Chem.rdchem.Mol object at 0x735c7a8030d0>
CHEMBL3698725,CDK4,4.4,nM,NCC1CCCN(c2ccc(Nc3ncc4c5ccncc5n(C5CCCC5)c4n3)nn2)C1,8.356547323513812,True,<rdkit.Chem.rdchem.Mol object at 0x735c7a802ce0>
CHEMBL3237702,CDK6,4.4,nM,CC1CCC(n2c3cnccc3c3cnc(Nc4ccc(N5CCNCC5)cn4)nc32)CC1,8.356547323513812,True,<rdkit.Chem.rdchem.Mol object at 0x735c7a803680>
CHEMBL3237442,CDK6,4.4,nM,c1cc2c3cnc(Nc4ccc(N5CCNCC5)cn4)nc3n(C3CCCC3)c2cn1,8.356547323513812,True,<rdkit.Chem.rdchem.Mol object at 0x735c7a803610>
CHEMBL3702151,CDK4,4.4,nM,c1cc2c3cnc(Nc4ccc(N5CCC6(CC5)COCCN6)nn4)nc3n(C3CCCC3)c2cn1,8.356547323513812,True,<rdkit.Chem.rdchem.Mol object at 0x735c7a801000>
CHEMBL3698741,CDK4,4.4,nM,c1cc2c3cnc(Nc4ccc(N5CCCC5)nn4)nc3n(C3CCCC3)c2cn1,8.356547323513812,True,<rdkit.Chem.rdchem.Mol object at 0x735c7a801f50>
CHEMBL5762588,CDK4,4.41,nM,Cc1nc2c(F)cc(-c3nc(Nc4ccc5c(n4)CCN(CC(C)(C)N)C5)ncc3F)cc2n1C1CC1,8.355561410532161,True,<rdkit.Chem.rdchem.Mol object at 0x735c7a802340>
CHEMBL5800538,CDK4,4.49,nM,Cc1nc2c(F)cc(-c3nc(Nc4ccc5c(n4)CCN(C(=O)O)C5)ncc3F)cc2n1C(C)C,8.347753658996677,True,<rdkit.Chem.rdchem.Mol object at 0x735c7a8037d0>
CHEMBL5994315,CDK4,4.49,nM,Cc1nc2c(F)cc(-c3nc(Nc4ccc5c(n4)CCN(CC(=O)O)C5)ncc3F)cc2n1C(C)C,8.347753658996677,True,<rdkit.Chem.rdchem.Mol object at 0x735c7a803d10>
CHEMBL5977774,CDK4,4.5,nM,CC1CN(c2ccc(Nc3ncc(F)c(-c4cc(F)c5c(c4)N(C(C)C)CCO5)n3)nc2)CCN1,8.346787486224656,True,<rdkit.Chem.rdchem.Mol object at 0x735c7a802c70>
CHEMBL5865305,CDK6,4.5,nM,CC(=O)N1CCN(c2ccc(Nc3ncc(F)c(-c4cc(F)c5c(c4)N(C(C)C)CCO5)n3)nc2)CC1,8.346787486224656,True,<rdkit.Chem.rdchem.Mol object at 0x735c7a803140>
CHEMBL3680380,CDK4,4.5,nM,CC(=O)N1CCc2nc(Nc3ncc4c5ccncc5n([C@H]5CC[C@H](C)CC5)c4n3)ccc2C1,8.346787486224656,True,<rdkit.Chem.rdchem.Mol object at 0x735c7a802b90>
CHEMBL5951978,CDK4,4.5,nM,CC(C)N1CCOc2c(F)cc(-c3nc(Nc4ccc5c(c4)CN(C(=O)CN(C)C)CC5)ncc3F)cc21,8.346787486224656,True,<rdkit.Chem.rdchem.Mol object at 0x735c7a8020a0>
CHEMBL1964250,CDK2,4.5,nM,COCCOCCOCCOCCNS(=O)(=O)c1ccc(N/C=C2\C(=O)Nc3ccc4ncsc4c32)cc1,8.346787486224656,True,<rdkit.Chem.rdchem.Mol object at 0x735c7a803e60>
CHEMBL3702104,CDK4,4.5,nM,OC[C@@H]1CN(c2ccc(Nc3ncc4c5ccnc(F)c5n(C5CCCC5)c4n3)nc2)CCN1,8.346787486224656,True,<rdkit.Chem.rdchem.Mol object at 0x735c7a802dc0>
CHEMBL3642016,CDK4,4.5,nM,C[C@@H](O)CNC1CCN(c2ccc(Nc3ncc4c5ccncc5n(C5CCCC5)c4n3)nc2)CC1,8.346787486224656,True,<rdkit.Chem.rdchem.Mol object at 0x735c7a802810>
CHEMBL5798442,CDK6,4.5,nM,CC(C)N1CCOc2c(F)cc(-c3nc(Nc4ccc(N5CCCNCC5)cn4)ncc3F)cc21,8.346787486224656,True,<rdkit.Chem.rdchem.Mol object at 0x735c7a8022d0>
CHEMBL5856237,CDK6,4.51,nM,Cc1nc2c(F)cc(-c3nc(Nc4ccc5c(n4)CCN(C(=O)[C@@H](C)N(C)C)C5)ncc3F)cc2n1C(C)C,8.34582345812204,True,<rdkit.Chem.rdchem.Mol object at 0x735c7a802c00>
CHEMBL5942702,CDK6,4.58,nM,C#CCN1CCc2nc(Nc3ncc(F)c(-c4cc(F)c5nc(C)n(C(C)C)c5c4)n3)ccc2C1,8.339134521996131,True,<rdkit.Chem.rdchem.Mol object at 0x735c7a803530>
CHEMBL3642009,CDK4,4.6,nM,OCCCNC1CCN(c2ccc(Nc3ncc4c5ccncc5n(C5CCCC5)c4n3)nn2)CC1,8.337242168318426,True,<rdkit.Chem.rdchem.Mol object at 0x735c7a802180>
CHEMBL3702103,CDK4,4.6,nM,OC[C@@H]1CN(c2ccc(Nc3ncc4c5ccncc5n(C5CCCC5)c4n3)nc2)CCN1,8.337242168318426,True,<rdkit.Chem.rdchem.Mol object at 0x735c7a8027a0>
CHEMBL3702193,CDK4,4.6,nM,C[C@@H](O)CNc1ccc(Nc2ncc3c4ccncc4n(C4CCCC4)c3n2)nn1,8.337242168318426,True,<rdkit.Chem.rdchem.Mol object at 0x735c78b70890>
CHEMBL1964247,CDK2,4.6,nM,CN(C)S(=O)(=O)c1ccc(N/C=C2\C(=O)Nc3ccc4ncsc4c32)cc1,8.337242168318426,True,<rdkit.Chem.rdchem.Mol object at 0x735c78b71000>
CHEMBL3698665,CDK4,4.6,nM,c1cc2c3cnc(Nc4ccc(N5CCNCC5)cn4)nc3n(C3CCC3)c2cn1,8.337242168318426,True,<rdkit.Chem.rdchem.Mol object at 0x735c78b70190>
CHEMBL3702052,CDK6,4.6,nM,CCN(CC)C1CCN(c2ccc(Nc3ncc4c5ccncc5n(C5CCCC5)c4n3)nc2)CC1,8.337242168318426,True,<rdkit.Chem.rdchem.Mol object at 0x735c78b702e0>
CHEMBL3702142,CDK6,4.6,nM,c1cc2c3cnc(Nc4ccc(N5CCNCC5)cn4)cc3n(C3CCCCC3)c2cn1,8.337242168318426,True,<rdkit.Chem.rdchem.Mol object at 0x735c78b71150>
CHEMBL3680382,CDK4,4.6,nM,C[C@H]1CC[C@H](n2c3cnccc3c3cnc(Nc4ccc5c(n4)CCN(CCCO)C5)nc32)CC1,8.337242168318426,True,<rdkit.Chem.rdchem.Mol object at 0x735c78b70740>
CHEMBL3702135,CDK4,4.6,nM,c1ccc(-n2c3cnccc3c3cnc(Nc4ccc(N5CCNCC5)cn4)cc32)cc1,8.337242168318426,True,<rdkit.Chem.rdchem.Mol object at 0x735c78b70f20>
CHEMBL6044246,CDK4,4.68,nM,Cc1nc2c(F)cc(-c3nc(Nc4ccc5c(n4)CCN(CC(=O)N(C)C)C5)ncc3F)cc2n1C1CC1,8.329754146925875,True,<rdkit.Chem.rdchem.Mol object at 0x735c78b709e0>
CHEMBL3237446,CDK4,4.7,nM,O=c1[nH]ccc2c3cnc(Nc4ccc(N5CCNCC5)cn4)nc3n(C3CCCC3)c12,8.327902142064282,True,<rdkit.Chem.rdchem.Mol object at 0x735c78b71230>
CHEMBL3642021,CDK4,4.7,nM,CCCNC1CCN(c2ccc(Nc3ncc4c5ccncc5n(C5CCCC5)c4n3)nc2)CC1,8.327902142064282,True,<rdkit.Chem.rdchem.Mol object at 0x735c78b70c10>
CHEMBL3684991,CDK4,4.7,nM,C[C@H]1CC[C@H](n2c3cnccc3c3cnc(Nc4cc5c(cn4)CNCC5)nc32)CC1,8.327902142064282,True,<rdkit.Chem.rdchem.Mol object at 0x735c78b71380>
CHEMBL1964246,CDK2,4.7,nM,O=C1Nc2ccc3ncsc3c2/C1=C/Nc1ccc(S(=O)(=O)NCCO)cc1,8.327902142064282,True,<rdkit.Chem.rdchem.Mol object at 0x735c78b71310>
CHEMBL6020742,CDK6,4.78,nM,Cc1nc2c(F)cc(-c3nc(Nc4ccc5c(n4)CCN(CC(N)=NO)C5)ncc3F)cc2n1C(C)C,8.320572103387882,True,<rdkit.Chem.rdchem.Mol object at 0x735c78b700b0>
CHEMBL5874515,CDK6,4.78,nM,Cc1nc2c(F)cc(-c3nc(Nc4ccc5c(n4)CCN(C(=O)[C@@H]4CCCN4C)C5)ncc3F)cc2n1C1CC1,8.320572103387882,True,<rdkit.Chem.rdchem.Mol object at 0x735c78b70270>
CHEMBL5794081,CDK6,4.78,nM,Cc1nc2c(F)cc(-c3nc(Nc4ccc5c(n4)CCN(CCC(N)NO)C5)ncc3F)cc2n1C(C)C,8.320572103387882,True,<rdkit.Chem.rdchem.Mol object at 0x735c78b713f0>
CHEMBL3702067,CDK6,4.8,nM,CC(C)n1c2cnccc2c2cnc(Nc3ccc(N4CCC(N(C)C)CC4)nn3)nc21,8.318758762624412,True,<rdkit.Chem.rdchem.Mol object at 0x735c78b705f0>
CHEMBL3642002,CDK6,4.8,nM,OC[C@H](O)CNC1CCN(c2ccc(Nc3ncc4c5ccncc5n(C5CCCC5)c4n3)nn2)CC1,8.318758762624412,True,<rdkit.Chem.rdchem.Mol object at 0x735c78b71620>
CHEMBL3642014,CDK4,4.8,nM,OCCNC1CCN(c2ccc(Nc3ncc4c5ccncc5n(C5CCCC5)c4n3)nc2)CC1,8.318758762624412,True,<rdkit.Chem.rdchem.Mol object at 0x735c78b704a0>
CHEMBL3702092,CDK6,4.8,nM,O[C@H]1CCN(c2ccc(Nc3ncc4c5ccnc(F)c5n(C5CCCC5)c4n3)nc2)C1,8.318758762624412,True,<rdkit.Chem.rdchem.Mol object at 0x735c78b70900>
CHEMBL3641999,CDK4,4.8,nM,CNCCN(C)C1CCN(c2ccc(Nc3ncc4c5ccncc5n(C5CCCC5)c4n3)nn2)CC1,8.318758762624412,True,<rdkit.Chem.rdchem.Mol object at 0x735c78b70eb0>
CHEMBL5899535,CDK6,4.84,nM,Cc1nc2c(F)cc(-c3nc(Nc4ccc5c(n4)CCN(C(=O)C4CC(O)C4)C5)ncc3F)cc2n1C(C)C,8.315154638355587,True,<rdkit.Chem.rdchem.Mol object at 0x735c78b70a50>
CHEMBL5956369,CDK4,4.84,nM,Cc1nc2c(F)cc(-c3nc(Nc4ccc5c(n4)CCNC5)ncc3F)cc2n1C1CCCC1,8.315154638355587,True,<rdkit.Chem.rdchem.Mol object at 0x735c78b70e40>
CHEMBL5791509,CDK6,4.84,nM,Cc1nc2c(F)cc(-c3nc(Nc4ccc5c(n4)CCN(C(=O)CC4CC(O)C4)C5)ncc3F)cc2n1C1CC1,8.315154638355587,True,<rdkit.Chem.rdchem.Mol object at 0x735c78b707b0>
CHEMBL5894084,CDK6,4.88,nM,Cc1nc2c(F)cc(-c3nc(Nc4ccc5c(n4)CCN(C(=O)CN)C5)ncc3F)cc2n1C(C)C,8.311580177997289,True,<rdkit.Chem.rdchem.Mol object at 0x735c78b70120>
CHEMBL5884004,CDK6,4.88,nM,Cc1nc2c(F)cc(-c3nc(Nc4ccc5c(n4)CCN(C(=O)[C@H](C)N(C)C)C5)ncc3F)cc2n1C1CC1,8.311580177997289,True,<rdkit.Chem.rdchem.Mol object at 0x735c78b70430>
CHEMBL5811164,CDK6,4.88,nM,Cc1nc2c(F)cc(-c3nc(Nc4ccc5c(n4)CCC(C(=O)CN)C5)ncc3F)cc2n1C(C)C,8.311580177997289,True,<rdkit.Chem.rdchem.Mol object at 0x735c78b703c0>
CHEMBL3702050,CDK6,4.9,nM,COCCN1CCN(c2ccc(Nc3ncc4c5ccncc5n(C5CCCC5)c4n3)nc2)CC1,8.309803919971486,True,<rdkit.Chem.rdchem.Mol object at 0x735c78b71930>
CHEMBL3702096,CDK6,4.9,nM,OCCN1CCN(c2ccc(Nc3ncc4c5ccncc5n(C5CCCC5)c4n3)nc2)CC1,8.309803919971486,True,<rdkit.Chem.rdchem.Mol object at 0x735c78b70820>
CHEMBL5568620,CDK1,4.9,nM,CC(C)c1c2cc(-c3ccnc(Nc4ccc5c(N6CCN(C)CC6)ncnc5c4)n3)ccc2nn1C,8.309803919971486,True,<rdkit.Chem.rdchem.Mol object at 0x735c78b711c0>
CHEMBL3698724,CDK4,4.9,nM,O=S1(=O)CCN(c2ccc(Nc3ncc4c5ccncc5n(C5CCCC5)c4n3)nn2)CC1,8.309803919971486,True,<rdkit.Chem.rdchem.Mol object at 0x735c78b71070>
CHEMBL3702192,CDK4,4.9,nM,OCCNc1ccc(Nc2ncc3c4ccncc4n(C4CCCC4)c3n2)nn1,8.309803919971486,True,<rdkit.Chem.rdchem.Mol object at 0x735c78b706d0>
CHEMBL3698729,CDK4,4.9,nM,c1cc2c3cnc(Nc4ccc(NCC5CCCCN5)nn4)nc3n(C3CCCC3)c2cn1,8.309803919971486,True,<rdkit.Chem.rdchem.Mol object at 0x735c78b70d60>
CHEMBL5186159,CDK2,4.9,nM,NS(=O)(=O)c1ccc(Nc2ncc3c(n2)N(C2CCCC2)C(=O)C32CC2)cc1,8.309803919971486,True,<rdkit.Chem.rdchem.Mol object at 0x735c78b70dd0>
CHEMBL3642035,CDK4,4.9,nM,CN(C)CCNC1CCN(c2ccc(Nc3ncc4c5ccncc5n(C5CCCC5)c4n3)nn2)CC1,8.309803919971486,True,<rdkit.Chem.rdchem.Mol object at 0x735c78b715b0>
CHEMBL4079206,CDK1,4.9,nM,CN1CC[C@H](c2c(O)cc(O)c3c(=O)cc(/C=C/c4c(Cl)cccc4Cl)oc23)[C@H](O)C1,8.309803919971486,True,<rdkit.Chem.rdchem.Mol object at 0x735c78b71b60>
CHEMBL5964401,CDK9,4.97,nM,CCC(CC)n1c(C)nc2c(F)cc(-c3nc(Nc4ccc5c(n4)CCNC5)ncc3F)cc21,8.303643611266669,True,<rdkit.Chem.rdchem.Mol object at 0x735c78b71a80>
CHEMBL5932825,CDK6,4.98,nM,Cc1nc2c(F)cc(-c3nc(Nc4ccc5c(n4)CCN(C(=O)CN(C)C)C5)ncc3F)cc2n1C1CC1,8.302770657240282,True,<rdkit.Chem.rdchem.Mol object at 0x735c78b727a0>
CHEMBL3691545,CDK4,5.0,nM,CN(C)C(=O)c1cc2cnc(Nc3ccc(C(=O)N4C[C@H]5CNC[C@@H](C4)C5O)cn3)nc2n1C1CCCCCC1,8.301029995663981,True,<rdkit.Chem.rdchem.Mol object at 0x735c78b70350>
CHEMBL3923419,CDK9,5.0,nM,CCOc1cc(F)ccc1-c1nc(Nc2cc(F)cc(CS(C)(=O)=NC#N)c2)ncc1F,8.301029995663981,True,<rdkit.Chem.rdchem.Mol object at 0x735c78b710e0>
CHEMBL3894860,CDK6,5.0,nM,CN1CCN(c2ccc(Nc3ncc4cc5n(c4n3)C3(CCCCC3)CNC5=O)nc2)CC1,8.301029995663981,True,<rdkit.Chem.rdchem.Mol object at 0x735c78b70f90>
CHEMBL260417,CDK2,5.0,nM,O=C(Nc1n[nH]c2nc(-c3ccc(O)cc3)c(Br)cc12)C1CC1,8.301029995663981,True,<rdkit.Chem.rdchem.Mol object at 0x735c78b70970>
CHEMBL3691553,CDK4,5.0,nM,CN(C)C(=O)c1cc2cnc(Nc3ccc(C(=O)N4C[C@@H]5CN[C@@H](C5)C4)cn3)nc2n1C1CCCC1,8.301029995663981,True,<rdkit.Chem.rdchem.Mol object at 0x735c78b70040>
CHEMBL5789444,CDK6,5.0,nM,CC(C)CN1CCOc2c(F)cc(-c3nc(Nc4ccc(C5CCN(C)CC5)cn4)ncc3F)cc21,8.301029995663981,True,<rdkit.Chem.rdchem.Mol object at 0x735c78b70ac0>
CHEMBL3962241,CDK9,5.0,nM,COc1cc(F)ccc1-c1nc(Nc2cc(F)cc(CS(C)(=N)=O)c2)ncc1F,8.301029995663981,True,<rdkit.Chem.rdchem.Mol object at 0x735c78b70510>
CHEMBL260163,CDK2,5.0,nM,O=C(Nc1n[nH]c2cc(-c3ccc(O)cc3)ccc12)C1CC1,8.301029995663981,True,<rdkit.Chem.rdchem.Mol object at 0x735c78b712a0>
CHEMBL500804,CDK2,5.0,nM,O=C(NC1=NNC2=CC=CC21)C1CC1,8.301029995663981,True,<rdkit.Chem.rdchem.Mol object at 0x735c78b70200>
CHEMBL3642029,CDK4,5.0,nM,OC1CN(C2CCN(c3ccc(Nc4ncc5c6ccncc6n(C6CCCC6)c5n4)nc3)CC2)C1,8.301029995663981,True,<rdkit.Chem.rdchem.Mol object at 0x735c78b70cf0>
CHEMBL3648082,CDK1,5.0,nM,COc1cc(Nc2ncc(Br)c(O[C@H](C)[C@H](C)O)n2)ccc1S(C)(=N)=O,8.301029995663981,True,<rdkit.Chem.rdchem.Mol object at 0x735c78b70ba0>
CHEMBL3648076,CDK1,5.0,nM,C[C@@H](Nc1nc(Nc2ccc(S(=N)(=O)CC3CC3)cc2)ncc1Br)C(C)(C)O,8.301029995663981,True,<rdkit.Chem.rdchem.Mol object at 0x735c78b70580>
CHEMBL6043217,CDK6,5.0,nM,CC(C)N1CCOc2c(F)cc(-c3nc(Nc4ccn(C5CCNCC5)c(=O)c4)ncc3F)cc21,8.301029995663981,True,<rdkit.Chem.rdchem.Mol object at 0x735c78b71700>
CHEMBL3691663,CDK4,5.0,nM,CN(C)C(=O)c1cc2cnc(Nc3ccc(N4CC5CCC(CC4=O)N5)cn3)nc2n1-c1ccc(C(C)(C)C#N)cc1,8.301029995663981,True,<rdkit.Chem.rdchem.Mol object at 0x735c78b70c80>
CHEMBL5571022,CDK9,5.0,nM,CN(C)C(=O)c1cc2cnc(Nc3ccc(S(N)(=O)=O)cc3)nc2n1C1CCCC1,8.301029995663981,True,<rdkit.Chem.rdchem.Mol object at 0x735c78b71460>
CHEMBL481562,CDK2,5.0,nM,O=C(NC1CC1)c1n[nH]c2cc(-c3ccc(O)cc3)c(Br)cc12,8.301029995663981,True,<rdkit.Chem.rdchem.Mol object at 0x735c78b717e0>
CHEMBL6007997,CDK4,5.0,nM,Cc1nc(Nc2ncc(F)c(-c3cc(F)c4c(c3)N(C(C)C)CCO4)n2)ccc1C1CCN(C)CC1,8.301029995663981,True,<rdkit.Chem.rdchem.Mol object at 0x735c78b71540>
CHEMBL318999,CDK1,5.0,nM,Nc1nc(Nc2ccc(S(N)(=O)=O)cc2)nc(OCC2CCCCC2)c1N=O,8.301029995663981,True,<rdkit.Chem.rdchem.Mol object at 0x735c78b718c0>
CHEMBL3648116,CDK1,5.0,nM,C[C@H](Nc1nc(Nc2ccc(S(C)(=N)=O)cc2)ncc1Br)C(C)(C)O,8.301029995663981,True,<rdkit.Chem.rdchem.Mol object at 0x735c78b721f0>
CHEMBL5897019,CDK6,5.0,nM,CCN1CCC(c2ccc(Nc3ncc(F)c(-c4cc(F)c5c(c4)N(C(C)C)CCO5)n3)nc2)CC1,8.301029995663981,True,<rdkit.Chem.rdchem.Mol object at 0x735c78b71af0>
CHEMBL3702160,CDK4,5.0,nM,CN(C)[C@H]1CN(c2ccc(Nc3ncc4c5ccncc5n(C5CCCC5)c4n3)nn2)CC[C@@H]1O,8.301029995663981,True,<rdkit.Chem.rdchem.Mol object at 0x735c78b71bd0>
CHEMBL1241849,CDK2,5.0,nM,CN(C)CCNS(=O)(=O)c1ccc(Nc2cccc(-c3cnc4ccccn34)c2)cc1,8.301029995663981,True,<rdkit.Chem.rdchem.Mol object at 0x735c790557e0>
CHEMBL5908639,CDK9,5.0,nM,CC(=O)N[C@@H]1CCC[C@@H](C(=O)Nc2cc(-c3cnn4c3CCC(C)C4)c(Cl)cn2)C1,8.301029995663981,True,<rdkit.Chem.rdchem.Mol object at 0x735c790561f0>
CHEMBL3691627,CDK4,5.0,nM,CN(C)C(=O)c1cc2cnc(Nc3ccc(N4CC5CNCC5CC4=O)cn3)nc2n1C1CCCC1,8.301029995663981,True,<rdkit.Chem.rdchem.Mol object at 0x735c79056340>
CHEMBL3691625,CDK4,5.0,nM,CN(C)C(=O)c1cc2cnc(Nc3ccc(N4C[C@H]5CNC[C@H]5CC4=O)cn3)nc2n1C1CCCCCC1,8.301029995663981,True,<rdkit.Chem.rdchem.Mol object at 0x735c79056650>
CHEMBL3702210,CDK4,5.0,nM,CNC1CCN(c2ccc(Nc3ncc4c5ccnc(F)c5n(C5CCCC5)c4n3)nc2)CC1,8.301029995663981,True,<rdkit.Chem.rdchem.Mol object at 0x735c79056ab0>
CHEMBL5961536,CDK6,5.0,nM,CC(C)N1CCOc2c(F)cc(-c3nc(Nc4ccc(C5CCN(C)CC5)c(F)c4)ncc3F)cc21,8.301029995663981,True,<rdkit.Chem.rdchem.Mol object at 0x735c79056f10>
CHEMBL452601,CDK2,5.0,nM,C[C@H]1CNC[C@H](C(=O)Nc2ncc(SCc3ncc(C(C)(C)C)o3)s2)C1,8.301029995663981,True,<rdkit.Chem.rdchem.Mol object at 0x735c79057c30>
CHEMBL3702154,CDK6,5.0,nM,CN(C)C1CCN(c2ccc(Nc3ncc4c5ccnc(F)c5n(C5CCCC5)c4n3)nn2)CC1,8.301029995663981,True,<rdkit.Chem.rdchem.Mol object at 0x735c79057d10>
CHEMBL3648095,CDK1,5.0,nM,CCS(=N)(=O)c1ccc(Nc2ncc(Br)c(N[C@H](C)[C@H](C)O)n2)cc1,8.301029995663981,True,<rdkit.Chem.rdchem.Mol object at 0x735c79054eb0>
CHEMBL3648117,CDK1,5.0,nM,C[C@H](O)[C@@H](C)Nc1nc(Nc2ccc(S(C)(=N)=O)cc2)ncc1Br,8.301029995663981,True,<rdkit.Chem.rdchem.Mol object at 0x735c79054200>
CHEMBL3702082,CDK4,5.0,nM,C[C@H]1CNCCN1c1ccc(Nc2ncc3c4ccnc(F)c4n(C4CCCC4)c3n2)nc1,8.301029995663981,True,<rdkit.Chem.rdchem.Mol object at 0x735c79055af0>
CHEMBL3673501,CDK9,5.0,nM,c1ccc(CNc2cncc(-c3ccnc4[nH]c(C5CCNCC5)cc34)n2)cc1,8.301029995663981,True,<rdkit.Chem.rdchem.Mol object at 0x735c79055f50>
CHEMBL3673503,CDK9,5.0,nM,Fc1cc(F)cc(CNc2cncc(-c3ccnc4[nH]c(C5CCNCC5)cc34)n2)c1,8.301029995663981,True,<rdkit.Chem.rdchem.Mol object at 0x735c790560a0>
CHEMBL337300,CDK1,5.0,nM,O=Nc1c(-c2c(O)[nH]c3ccc(I)cc23)[nH]c2ccccc12,8.301029995663981,True,<rdkit.Chem.rdchem.Mol object at 0x735c79056180>
CHEMBL3702083,CDK4,5.0,nM,C[C@@H]1CN(c2ccc(Nc3ncc4c5ccnc(F)c5n(C5CCCC5)c4n3)nc2)CCN1,8.301029995663981,True,<rdkit.Chem.rdchem.Mol object at 0x735c79056260>
CHEMBL462192,CDK1,5.0,nM,Cc1ncc(-c2nc(Nc3ccc(C(=O)N4CCCN(C)CC4)cc3)ncc2F)n1C(C)C,8.301029995663981,True,<rdkit.Chem.rdchem.Mol object at 0x735c790562d0>
CHEMBL415471,CDK2,5.0,nM,N#CCCc1cc(-c2ccc[nH]2)c2c3c(ccc(F)c13)NC2=O,8.301029995663981,True,<rdkit.Chem.rdchem.Mol object at 0x735c79056490>
CHEMBL3648110,CDK1,5.0,nM,C[C@H](O)[C@@H](C)Nc1nc(Nc2ccc(S(=N)(=O)CCO)cc2)ncc1Br,8.301029995663981,True,<rdkit.Chem.rdchem.Mol object at 0x735c790566c0>
CHEMBL4442620,CDK9,5.0,nM,C[C@@H](O)[C@@H](C)Oc1nc(Nc2ccc(S(=N)(=O)C3CC3)cc2)ncc1C(F)(F)F,8.301029995663981,True,<rdkit.Chem.rdchem.Mol object at 0x735c79057140>
CHEMBL5749487,CDK6,5.0,nM,CC(C)N1CCOc2c(F)cc(-c3nc(Nc4ccc(C5CCN(C)CC5=O)cn4)ncc3F)cc21,8.301029995663981,True,<rdkit.Chem.rdchem.Mol object at 0x735c790573e0>
CHEMBL4764656,CDK9,5.0,nM,C[C@H](CO)Nc1nc(Nc2ccc(S(N)(=O)=O)cc2)ncc1Br.Cl,8.301029995663981,True,<rdkit.Chem.rdchem.Mol object at 0x735c790574c0>
CHEMBL3981911,CDK9,5.0,nM,COc1cc(F)ccc1-c1nc(Nc2cc(Cl)cc(CS(C)(=N)=O)c2)ncc1F,8.301029995663981,True,<rdkit.Chem.rdchem.Mol object at 0x735c79057530>
CHEMBL4579344,CDK2,5.0,nM,Cc1cc(C)c(CNc2nc(N[C@@H](C)[C@@H](C)O)nc3c2ncn3C(C)C)cn1,8.301029995663981,True,<rdkit.Chem.rdchem.Mol object at 0x735c79057a70>
CHEMBL427909,CDK2,5.0,nM,O=C(Nc1n[nH]c2nc(-c3ccc(O)cc3)c(-c3ccccc3)cc12)C1CC1,8.301029995663981,True,<rdkit.Chem.rdchem.Mol object at 0x735c79057b50>
CHEMBL4764173,CDK2,5.0,nM,CC[C@H](Nc1nc(NCc2ccccc2)c2ncn(C(C)C)c2n1)[C@@H](C)O,8.301029995663981,True,<rdkit.Chem.rdchem.Mol object at 0x735c79057bc0>
CHEMBL4761602,CDK9,5.0,nM,Nc1nc(C[C@H]2CC3CCC2C3)sc1C(=O)c1ccccc1[N+](=O)[O-],8.301029995663981,True,<rdkit.Chem.rdchem.Mol object at 0x735c79057df0>
CHEMBL5930675,CDK9,5.0,nM,CC(=O)N[C@@H]1CCC[C@H](C(=O)Nc2cc(-c3cnc4n3CC(C)(C)C4)c(F)cn2)C1,8.301029995663981,True,<rdkit.Chem.rdchem.Mol object at 0x735c79054970>
CHEMBL3976450,CDK9,5.0,nM,CCS(=N)(=O)Cc1cccc(Nc2ncc(F)c(-c3ccc(F)cc3OC)n2)c1,8.301029995663981,True,<rdkit.Chem.rdchem.Mol object at 0x735c79055bd0>
CHEMBL5202522,CDK9,5.0,nM,Nc1nc(N[C@H]2CC3CCC2C3)sc1C(=O)c1ccccc1[N+](=O)[O-],8.301029995663981,True,<rdkit.Chem.rdchem.Mol object at 0x735c79055850>
CHEMBL3648123,CDK2,5.0,nM,CCS(=N)(=O)c1ccc(Nc2ncc(Br)c(N[C@H](C)C(C)(C)O)n2)cc1,8.301029995663981,True,<rdkit.Chem.rdchem.Mol object at 0x735c790555b0>
CHEMBL5739950,CDK1,5.0,nM,O=C1NCC2(CCCCC2)n2c1cc1cnc(Nc3ccc(C(=O)N4CCNCC4)cc3)nc12,8.301029995663981,True,<rdkit.Chem.rdchem.Mol object at 0x735c79055e00>
CHEMBL3892881,CDK9,5.0,nM,CS(=N)(=O)Cc1cccc(Nc2ncc(F)c(-c3ccc(F)cc3OCc3ccc(F)cc3)n2)c1,8.301029995663981,True,<rdkit.Chem.rdchem.Mol object at 0x735c790563b0>
CHEMBL562754,CDK1,5.0,nM,C[C@@H]1CNc2c(sc3ccc4c(c23)CCO4)C(=O)N1,8.301029995663981,True,<rdkit.Chem.rdchem.Mol object at 0x735c79056420>
CHEMBL3109950,CDK2,5.0,nM,CN(C)S(=O)(=O)c1ccc(Nc2cc3[nH]c(-c4cn[nH]c4)cc3cn2)cc1,8.301029995663981,True,<rdkit.Chem.rdchem.Mol object at 0x735c79056d50>
CHEMBL72509,CDK2,5.0,nM,Clc1cccc(Nc2nccc(-c3cnc4ccccn34)n2)c1,8.301029995663981,True,<rdkit.Chem.rdchem.Mol object at 0x735c79054c80>
CHEMBL4741442,CDK9,5.0,nM,C[C@H](CO)Nc1nc(Nc2ccc(S(N)(=O)=O)cc2)ncc1Br,8.301029995663981,True,<rdkit.Chem.rdchem.Mol object at 0x735c79056b20>
CHEMBL440411,CDK1,5.0,nM,O=C1Nc2ccc(S(=O)(=O)O)cc2/C1=C1/Nc2ccccc2/C1=N\O,8.301029995663981,True,<rdkit.Chem.rdchem.Mol object at 0x735c79055070>
CHEMBL70824,CDK2,5.0,nM,CN(C)CCCN(C)S(=O)(=O)c1ccc(Nc2nccc(-c3cnc4ccccn34)n2)cc1,8.301029995663981,True,<rdkit.Chem.rdchem.Mol object at 0x735c79061b60>
CHEMBL5195030,CDK2,5.0,nM,CC[C@@H](Nc1nc(NCc2cnc(C)cc2C)c2ncn(C(C)C)c2n1)[C@H](C)O,8.301029995663981,True,<rdkit.Chem.rdchem.Mol object at 0x735c790634c0>
CHEMBL3354186,CDK2,5.0,nM,COC1CCN(c2nccc(Nc3cc4[nH]c(-c5cn[nH]c5)cc4cn3)n2)CC1,8.301029995663981,True,<rdkit.Chem.rdchem.Mol object at 0x735c79063530>
CHEMBL79498,CDK2,5.0,nM,O=C1Nc2ccc(F)c3c(S[C@H]4CCNC4)cc(-c4ccc[nH]4)c1c23,8.301029995663981,True,<rdkit.Chem.rdchem.Mol object at 0x735c790602e0>
CHEMBL5857638,CDK4,5.0,nM,Fc1cnc(Nc2ccc3c(n2)CCNC3)nc1-c1cc(F)c2c(c1)N(C1CCCC1)CCO2,8.301029995663981,True,<rdkit.Chem.rdchem.Mol object at 0x735c790603c0>
CHEMBL123368,CDK2,5.0,nM,NS(=O)(=O)c1cccc(Nc2nc(OCC3CCCCC3)c3nc[nH]c3n2)c1,8.301029995663981,True,<rdkit.Chem.rdchem.Mol object at 0x735c79060510>
CHEMBL102926,CDK1,5.0,nM,Cc1nc2ccccn2c1-c1ccnc(Nc2ccc(OCC(O)CN(C)C)cc2)n1,8.301029995663981,True,<rdkit.Chem.rdchem.Mol object at 0x735c790606d0>
CHEMBL72548,CDK2,5.0,nM,CN(C)CCNS(=O)(=O)c1ccc(Nc2nccc(-c3cnc4ccccn34)n2)cc1,8.301029995663981,True,<rdkit.Chem.rdchem.Mol object at 0x735c79060740>
CHEMBL3698749,CDK4,5.1,nM,F[C@@H]1CCN(c2ccc(Nc3ncc4c5ccncc5n(C5CCCC5)c4n3)nn2)C1,8.292429823902063,True,<rdkit.Chem.rdchem.Mol object at 0x735c79060c80>
CHEMBL3641992,CDK6,5.1,nM,C[C@H](CO)NC1CCN(c2ccc(Nc3ncc4c5ccncc5n(C5CCCC5)c4n3)nc2)CC1,8.292429823902063,True,<rdkit.Chem.rdchem.Mol object at 0x735c79060eb0>
CHEMBL3642014,CDK6,5.1,nM,OCCNC1CCN(c2ccc(Nc3ncc4c5ccncc5n(C5CCCC5)c4n3)nc2)CC1,8.292429823902063,True,<rdkit.Chem.rdchem.Mol object at 0x735c79060f20>
CHEMBL3698659,CDK6,5.1,nM,c1cc2c3cnc(Nc4ccc(N5CCNCC5)cn4)nc3n(C3CC4CCC3C4)c2cn1,8.292429823902063,True,<rdkit.Chem.rdchem.Mol object at 0x735c79061070>
CHEMBL3642032,CDK6,5.1,nM,O=C(O)CNC1CCN(c2ccc(Nc3ncc4c5ccncc5n(C5CCCC5)c4n3)nc2)CC1,8.292429823902063,True,<rdkit.Chem.rdchem.Mol object at 0x735c790610e0>
CHEMBL5894670,CDK6,5.17,nM,Cc1nc2c(F)cc(-c3nc(Nc4ccc5c(n4)CCN(C(=O)NCCO)C5)ncc3F)cc2n1C(C)C,8.286509456906057,True,<rdkit.Chem.rdchem.Mol object at 0x735c79061a10>
CHEMBL3698689,CDK4,5.2,nM,Fc1cncc2c1c1cnc(Nc3ccc(N4CCNCC4)cn3)nc1n2C1CCCC1,8.2839966563652,True,<rdkit.Chem.rdchem.Mol object at 0x735c79061ee0>
CHEMBL3642010,CDK4,5.2,nM,CCN(CCO)C1CCN(c2ccc(Nc3ncc4c5ccncc5n(C5CCCC5)c4n3)nn2)CC1,8.2839966563652,True,<rdkit.Chem.rdchem.Mol object at 0x735c79061f50>
CHEMBL4205366,CDK4,5.2,nM,CCN1CCN(Cc2ccc(Nc3cc(-c4cc(F)c5nc(C)n(C(C)C)c5c4)ccn3)nn2)CC1,8.2839966563652,True,<rdkit.Chem.rdchem.Mol object at 0x735c79062030>
CHEMBL3698668,CDK4,5.3,nM,CC1(n2c3cnccc3c3cnc(Nc4ccc(N5CCNCC5)cn4)nc32)CCC1,8.275724130399212,True,<rdkit.Chem.rdchem.Mol object at 0x735c79062110>
CHEMBL3702159,CDK6,5.3,nM,c1cc2c3cnc(Nc4ccc(C5CCNCC5)cn4)nc3n(C3CCCC3)c2cn1,8.275724130399212,True,<rdkit.Chem.rdchem.Mol object at 0x735c790621f0>
CHEMBL3702065,CDK6,5.3,nM,CN(C)C1CC2CCC(C1)N2c1ccc(Nc2ncc3c4ccncc4n(C4CCCC4)c3n2)nc1,8.275724130399212,True,<rdkit.Chem.rdchem.Mol object at 0x735c79062500>
CHEMBL3702121,CDK4,5.3,nM,CCOC(=O)CN1CCN(Cc2ccc(Nc3ncc4c5ccncc5n(C5CCCC5)c4n3)nc2)CC1,8.275724130399212,True,<rdkit.Chem.rdchem.Mol object at 0x735c79062810>
CHEMBL3702035,CDK4,5.3,nM,CN(C)C1CCN(c2ccc(Nc3ncc4c5cc[nH]c(=O)c5n(C5CCCC5)c4n3)nn2)CC1,8.275724130399212,True,<rdkit.Chem.rdchem.Mol object at 0x735c790628f0>
CHEMBL3698697,CDK4,5.4,nM,O=S1(=O)CCN(c2ccc(Nc3ncc4c5ccncc5n(C5CCCC5)c4n3)nc2)CC1,8.267606240177031,True,<rdkit.Chem.rdchem.Mol object at 0x735c79062a40>
CHEMBL319467,CDK2,5.4,nM,NS(=O)(=O)c1ccc(Nc2nc(OCC3CCCCC3)c3nc[nH]c3n2)cc1,8.267606240177031,True,<rdkit.Chem.rdchem.Mol object at 0x735c79062ea0>
CHEMBL3702065,CDK4,5.4,nM,CN(C)C1CC2CCC(C1)N2c1ccc(Nc2ncc3c4ccncc4n(C4CCCC4)c3n2)nc1,8.267606240177031,True,<rdkit.Chem.rdchem.Mol object at 0x735c79063220>
CHEMBL4876497,CDK9,5.41,nM,Cc1n[nH]c2ccc(-c3cc(N[C@@H](CO)c4ccccc4)cnc3Cl)cc12,8.26680273489343,True,<rdkit.Chem.rdchem.Mol object at 0x735c79063290>
CHEMBL5839538,CDK6,5.46,nM,Cc1nc2c(F)cc(-c3nc(Nc4ccc5c(n4)CCN(C(=O)CCN(C)C)C5)ncc3F)cc2n1C1CC1,8.262807357295262,True,<rdkit.Chem.rdchem.Mol object at 0x735c79063610>
CHEMBL3691622,CDK4,5.5,nM,CN(C)C(=O)c1cc2cnc(Nc3ccc(N4C[C@H]5CNC[C@H]5C4=O)cn3)nc2n1C1CCCC1,8.259637310505756,True,<rdkit.Chem.rdchem.Mol object at 0x735c79063840>
CHEMBL3691676,CDK4,5.5,nM,CN(C)C(=O)c1cc2cnc(Nc3ccc(N4C[C@H]5CC[C@@H](CC4=O)N5C)cn3)nc2n1C1CCCC1,8.259637310505756,True,<rdkit.Chem.rdchem.Mol object at 0x735c79063a70>
CHEMBL3698662,CDK4,5.5,nM,CC(C)(C)n1c2cnccc2c2cnc(Nc3ccc(N4CCNCC4)cn3)nc21,8.259637310505756,True,<rdkit.Chem.rdchem.Mol object at 0x735c79063ed0>
CHEMBL3691612,CDK4,5.5,nM,CN(C)C(=O)c1cc2cnc(Nc3ccc(C(=O)N4CC[C@@H]5CC[C@H](C4)N5)cn3)nc2n1C1CCCC1,8.259637310505756,True,<rdkit.Chem.rdchem.Mol object at 0x735c79060970>
CHEMBL3702196,CDK4,5.5,nM,C[C@@H](CO)Nc1ccc(Nc2ncc3c4ccncc4n(C4CCCC4)c3n2)nn1,8.259637310505756,True,<rdkit.Chem.rdchem.Mol object at 0x735c79061460>
CHEMBL3698747,CDK4,5.5,nM,c1cc2c3cnc(Nc4ccc(N5CCCNCC5)nn4)nc3n(C3CCCC3)c2cn1,8.259637310505756,True,<rdkit.Chem.rdchem.Mol object at 0x735c790635a0>
CHEMBL3691607,CDK4,5.5,nM,CN(C)C(=O)c1cc2cnc(Nc3ccc(C(=O)N4CC5CCC(C4)N5)cn3)nc2n1C1CCCCC1,8.259637310505756,True,<rdkit.Chem.rdchem.Mol object at 0x735c79061fc0>
CHEMBL5843019,CDK4,5.5,nM,CC(C)N1CCOc2c(F)cc(-c3nc(Nc4ccc(C(N)=O)cn4)ncc3F)cc21,8.259637310505756,True,<rdkit.Chem.rdchem.Mol object at 0x735c79062420>
CHEMBL3691580,CDK4,5.5,nM,CN(C)C(=O)c1cc2cnc(Nc3ccc(C(=O)N4CC5CCC(C4)N5)cn3)nc2n1[C@H]1CC[C@H](C(C)(C)C)CC1,8.259637310505756,True,<rdkit.Chem.rdchem.Mol object at 0x735c79064190>
CHEMBL4095226,CDK2,5.5,nM,Nc1nccc(-c2c[nH]c3ncc(-c4ccc(F)cc4)cc23)n1,8.259637310505756,True,<rdkit.Chem.rdchem.Mol object at 0x735c79064200>
CHEMBL3702073,CDK4,5.5,nM,OCCN1CCN(c2ccc(Nc3ncc4c5ccnc(Cl)c5n(C5CCCC5)c4n3)nc2)CC1,8.259637310505756,True,<rdkit.Chem.rdchem.Mol object at 0x735c79064a50>
CHEMBL5757213,CDK6,5.51,nM,Cc1nc2c(F)cc(-c3nc(Nc4ccc5c(n4)CCN(CCCN(C)C)C5)ncc3F)cc2n1C1CC1,8.258848401148216,True,<rdkit.Chem.rdchem.Mol object at 0x735c79064ac0>
CHEMBL1964242,CDK2,5.6,nM,O=C1Nc2ccc3ncsc3c2/C1=C/Nc1ccc(S(=O)(=O)NCc2ccccc2)cc1,8.2518119729938,True,<rdkit.Chem.rdchem.Mol object at 0x735c79064ba0>
CHEMBL1964253,CDK2,5.6,nM,CN(c1ccccn1)S(=O)(=O)c1ccc(N/C=C2\C(=O)Nc3ccc4ncsc4c32)cc1,8.2518119729938,True,<rdkit.Chem.rdchem.Mol object at 0x735c79065a10>
CHEMBL3698720,CDK4,5.6,nM,N[C@@H]1CCN(c2cnc(Nc3ncc4c5ccncc5n(C5CCCC5)c4n3)cn2)C1,8.2518119729938,True,<rdkit.Chem.rdchem.Mol object at 0x735c790662d0>
CHEMBL5762588,CDK6,5.6,nM,Cc1nc2c(F)cc(-c3nc(Nc4ccc5c(n4)CCN(CC(C)(C)N)C5)ncc3F)cc2n1C1CC1,8.2518119729938,True,<rdkit.Chem.rdchem.Mol object at 0x735c79067290>
CHEMBL3702079,CDK4,5.6,nM,CC(C)(O)CN1CCN(c2ccc(Nc3ncc4c5ccnc(F)c5n(C5CCCC5)c4n3)nc2)CC1,8.2518119729938,True,<rdkit.Chem.rdchem.Mol object at 0x735c79067450>
CHEMBL3702157,CDK4,5.6,nM,C1=C(c2ccc(Nc3ncc4c5ccncc5n(C5CCCC5)c4n3)nn2)CCNC1,8.2518119729938,True,<rdkit.Chem.rdchem.Mol object at 0x735c79067df0>
CHEMBL3698733,CDK4,5.6,nM,OCC1CCN(c2ccc(Nc3ncc4c5ccncc5n(C5CCCC5)c4n3)nn2)CC1,8.2518119729938,True,<rdkit.Chem.rdchem.Mol object at 0x735c79064040>
CHEMBL248891,CDK1,5.6,nM,COCc1cccc2[nH]c(-c3n[nH]c4ncc(-c5cncc6ccccc56)cc34)nc12,8.2518119729938,True,<rdkit.Chem.rdchem.Mol object at 0x735c790643c0>
CHEMBL1964245,CDK2,5.6,nM,CNS(=O)(=O)c1ccc(N/C=C2\C(=O)Nc3ccc4ncsc4c32)cc1,8.2518119729938,True,<rdkit.Chem.rdchem.Mol object at 0x735c790644a0>
CHEMBL4214123,CDK4,5.6,nM,Cc1nc2c(F)cc(-c3cc(Nc4cnc(CN5CCN(CC(F)(F)F)CC5)cn4)ncn3)cc2n1C(C)C,8.2518119729938,True,<rdkit.Chem.rdchem.Mol object at 0x735c790646d0>
CHEMBL3698683,CDK6,5.6,nM,c1cc2c3cnc(Nc4ccc(N5CCCNCC5)cn4)nc3n(C3CCCC3)c2cn1,8.2518119729938,True,<rdkit.Chem.rdchem.Mol object at 0x735c79064dd0>
CHEMBL4445727,CDK6,5.67,nM,CCn1c(C)nc2c(F)cc(-c3nc(Nc4ccc5c(n4)CCN(CCN(C)C)C5)ncc3F)cc21,8.246416941107093,True,<rdkit.Chem.rdchem.Mol object at 0x735c79064eb0>
CHEMBL4209318,CDK4,5.7,nM,CC1CCc2nc3c(F)cc(-c4nc(Nc5ccc(CN6CCN(C)CC6)cn5)ncc4F)cc3n21,8.244125144327509,True,<rdkit.Chem.rdchem.Mol object at 0x735c79064f20>
CHEMBL3642033,CDK6,5.7,nM,O=C(O)CNC1CCN(c2ccc(Nc3ncc4c5ccncc5n(C5CCCC5)c4n3)nn2)CC1,8.244125144327509,True,<rdkit.Chem.rdchem.Mol object at 0x735c79065150>
CHEMBL4210707,CDK4,5.7,nM,CC1(C)CCc2nc3c(F)cc(-c4nc(Nc5ccc(CN6CCN(CCF)CC6)cn5)ncc4F)cc3n21,8.244125144327509,True,<rdkit.Chem.rdchem.Mol object at 0x735c79065770>
CHEMBL6008170,CDK6,5.7,nM,CS(=O)(=O)c1cc2cnc(Nc3ccc(N4CCNCC4)cn3)nc2n1C1CCCC1,8.244125144327509,True,<rdkit.Chem.rdchem.Mol object at 0x735c790657e0>
CHEMBL3698664,CDK6,5.7,nM,C[C@@H](C1CCCCC1)n1c2cnccc2c2cnc(Nc3ccc(N4CCNCC4)cn3)nc21,8.244125144327509,True,<rdkit.Chem.rdchem.Mol object at 0x735c79065e70>
CHEMBL5878959,CDK6,5.7,nM,Fc1cnc(Nc2ccc(N3CCNCC3)cn2)nc1-c1cc(F)c2c(c1)NCCO2,8.244125144327509,True,<rdkit.Chem.rdchem.Mol object at 0x735c790661f0>
CHEMBL3641995,CDK6,5.7,nM,C[C@H](O)CNC1CCN(c2ccc(Nc3ncc4c5ccncc5n(C5CCCC5)c4n3)nn2)CC1,8.244125144327509,True,<rdkit.Chem.rdchem.Mol object at 0x735c79066960>
CHEMBL3642024,CDK4,5.7,nM,CC(C)NC1CCN(c2ccc(Nc3ncc4c5ccncc5n(C5CCCC5)c4n3)nc2)CC1,8.244125144327509,True,<rdkit.Chem.rdchem.Mol object at 0x735c790669d0>
CHEMBL1964260,CDK2,5.7,nM,CS(=O)(=O)c1ccc(N/C=C2\C(=O)Nc3ccc4ncsc4c32)cc1,8.244125144327509,True,<rdkit.Chem.rdchem.Mol object at 0x735c79066ab0>
CHEMBL5784667,CDK6,5.78,nM,Cc1nc2c(F)cc(-c3nc(Nc4ccc5c(n4)CCN(C(=O)C(C)N(C)C)C5)ncc3F)cc2n1C(C)C,8.23807216157947,True,<rdkit.Chem.rdchem.Mol object at 0x735c79066e30>
CHEMBL3702053,CDK6,5.8,nM,CCN(CC)C1CCN(c2ccc(Nc3ncc4c5ccncc5n(C5CCCC5)c4n3)nn2)CC1,8.236572006437063,True,<rdkit.Chem.rdchem.Mol object at 0x735c79066ff0>
CHEMBL3641996,CDK4,5.8,nM,CN(CCO)C1CCN(c2ccc(Nc3ncc4c5ccncc5n(C5CCCC5)c4n3)nn2)CC1,8.236572006437063,True,<rdkit.Chem.rdchem.Mol object at 0x735c79067060>
CHEMBL4214123,CDK6,5.8,nM,Cc1nc2c(F)cc(-c3cc(Nc4cnc(CN5CCN(CC(F)(F)F)CC5)cn4)ncn3)cc2n1C(C)C,8.236572006437063,True,<rdkit.Chem.rdchem.Mol object at 0x735c79067920>
CHEMBL4438497,CDK6,5.89,nM,Cc1nc2c(F)cc(-c3nc(Nc4ccc5c(n4)CCN(CCN(C)C(N)=S)C5)ncc3F)cc2n1C(C)C,8.229884705212898,True,<rdkit.Chem.rdchem.Mol object at 0x735c79067990>
CHEMBL3971812,CDK6,5.9,nM,OC1CCC(n2c3cnccc3c3cnc(Nc4ccc(N5CCNCC5)cn4)nc32)CC1,8.229147988357855,True,<rdkit.Chem.rdchem.Mol object at 0x735c79067ed0>
CHEMBL6144286,CDK9,5.9,nM,Cn1cc(-c2c(Cl)cnc3[nH]c(C4CCNCC4)cc23)cn1,8.229147988357855,True,<rdkit.Chem.rdchem.Mol object at 0x735c790649e0>
CHEMBL4755696,CDK9,5.9,nM,CC(C)N1c2cc(Nc3nccc(-c4cccc(N)c4)n3)ccc2N(C)C(=O)[C@H]1C,8.229147988357855,True,<rdkit.Chem.rdchem.Mol object at 0x735c79065540>
CHEMBL3698707,CDK4,5.9,nM,c1cc2c3cnc(Nc4ccc(N5CCC(N6CCCC6)CC5)cn4)nc3n(C3CCCC3)c2cn1,8.229147988357855,True,<rdkit.Chem.rdchem.Mol object at 0x735c79065700>
CHEMBL3698742,CDK4,5.9,nM,CN1CCN(c2ccc(Nc3ncc4c5ccncc5n(C5CCCC5)c4n3)nn2)CC1,8.229147988357855,True,<rdkit.Chem.rdchem.Mol object at 0x735c79066500>
CHEMBL3702194,CDK4,5.9,nM,C[C@H](O)CNc1ccc(Nc2ncc3c4ccncc4n(C4CCCC4)c3n2)nn1,8.229147988357855,True,<rdkit.Chem.rdchem.Mol object at 0x735c79066650>
CHEMBL5991757,CDK4,6.0,nM,CC(C)N1C(=O)COc2c(F)cc(-c3nc(Nc4ccc(N5CCNCC5)cn4)ncc3F)cc21,8.221848749616356,True,<rdkit.Chem.rdchem.Mol object at 0x735c79068510>
CHEMBL3644024,CDK2,6.0,nM,CC(C)S(=O)(=O)c1ccc(Nc2ncc(C(F)(F)F)c(O[C@H](C)[C@@H](C)O)n2)cc1,8.221848749616356,True,<rdkit.Chem.rdchem.Mol object at 0x735c79068740>
CHEMBL4448572,CDK9,6.0,nM,COCCNC(=O)Nc1nc2cc(OS(=O)(=O)c3c(F)cccc3F)ccc2[nH]1,8.221848749616356,True,<rdkit.Chem.rdchem.Mol object at 0x735c79069e70>
CHEMBL520353,CDK2,6.0,nM,Cc1ncc(-c2ccnc(Nc3ccc(S(=O)(=O)NCCCOC(C)C)cc3)n2)n1C,8.221848749616356,True,<rdkit.Chem.rdchem.Mol object at 0x735c7906a110>
CHEMBL1241567,CDK2,6.0,nM,CCCCOc1c(C(=O)c2c(F)cc(C)cc2F)ccc2[nH]ncc12,8.221848749616356,True,<rdkit.Chem.rdchem.Mol object at 0x735c7906a420>
CHEMBL5946157,CDK4,6.0,nM,CC(C)N1CCOc2c(F)cc(-c3nc(Nc4ccc(S(N)(=O)=O)cc4)ncc3F)cc21,8.221848749616356,True,<rdkit.Chem.rdchem.Mol object at 0x735c7906b920>
CHEMBL3959867,CDK9,6.0,nM,CCOc1cc(F)ccc1-c1nc(Nc2cc(F)cc(CS(C)(=N)=O)c2)ncc1F,8.221848749616356,True,<rdkit.Chem.rdchem.Mol object at 0x735c79068270>
CHEMBL103355,CDK2,6.0,nM,Cc1ccc(F)c(Nc2ccnc(Nc3ccc(S(N)(=O)=O)cc3)n2)c1,8.221848749616356,True,<rdkit.Chem.rdchem.Mol object at 0x735c790682e0>
CHEMBL3648114,CDK2,6.0,nM,CN=S(C)(=O)c1ccc(Nc2ncc(Br)c(N[C@H](C)[C@H](C)O)n2)cc1OC,8.221848749616356,True,<rdkit.Chem.rdchem.Mol object at 0x735c790689e0>
CHEMBL5822013,CDK4,6.0,nM,CC(C)N1CCOc2c(F)cc(-c3nc(Nc4cnn(C5CCN(C)CC5)c4)ncc3F)cc21,8.221848749616356,True,<rdkit.Chem.rdchem.Mol object at 0x735c79068b30>
CHEMBL3702124,CDK4,6.0,nM,O=C(c1ccc(Nc2ncc3c4ccnc(F)c4n(C4CCCC4)c3n2)nc1)N1CCNCC1,8.221848749616356,True,<rdkit.Chem.rdchem.Mol object at 0x735c79068cf0>
CHEMBL5199065,CDK9,6.0,nM,CCC(CC)c1cc(N[C@H]2CC[C@H](N)C2)n2nccc2n1,8.221848749616356,True,<rdkit.Chem.rdchem.Mol object at 0x735c79069000>
CHEMBL2029901,CDK1,6.0,nM,CN1CCN(C(=O)c2cc(Nc3ncc4cc(C#N)n(C5CCCC5)c4n3)cn2C)CC1,8.221848749616356,True,<rdkit.Chem.rdchem.Mol object at 0x735c790693f0>
CHEMBL460103,CDK2,6.0,nM,Cc1ncc(-c2nc(Nc3ccc(C(=O)N4CC[C@@H](N(C)C)C4)cc3)ncc2F)n1C(C)C,8.221848749616356,True,<rdkit.Chem.rdchem.Mol object at 0x735c790694d0>
CHEMBL3648119,CDK2,6.0,nM,COC[C@H](Nc1nc(Nc2ccc(S(C)(=N)=O)cc2)ncc1Br)[C@H](C)O,8.221848749616356,True,<rdkit.Chem.rdchem.Mol object at 0x735c79069540>
CHEMBL5207871,CDK9,6.0,nM,CC(C)n1cc(-c2ccnc3[nH]c(C4CCN(CC(=O)N5CCCC5)CC4)cc23)ccc1=O,8.221848749616356,True,<rdkit.Chem.rdchem.Mol object at 0x735c79069c40>
CHEMBL4589249,CDK9,6.0,nM,COc1cc(F)ccc1-c1cc(Nc2cc(C[S@](C)(=N)=O)ccn2)ncc1F,8.221848749616356,True,<rdkit.Chem.rdchem.Mol object at 0x735c79069fc0>
CHEMBL191003,CDK1,6.0,nM,Nc1nc(Nc2ccc(S(N)(=O)=O)cc2)nn1C(=O)c1c(F)cccc1F,8.221848749616356,True,<rdkit.Chem.rdchem.Mol object at 0x735c7906a260>
CHEMBL3691623,CDK4,6.0,nM,CN(C)C(=O)c1cc2cnc(Nc3ccc(N4C[C@@H]5CNC[C@@H]5C4=O)cn3)nc2n1C1CCCC1,8.221848749616356,True,<rdkit.Chem.rdchem.Mol object at 0x735c7906a2d0>
CHEMBL6147551,CDK6,6.0,nM,CC(=O)N1CCC2(CC1)CC(=O)c1ccc(-c3nc(Nc4ccc(N5CCN(CC6CC6)CC5)cn4)ncc3F)cc1O2,8.221848749616356,True,<rdkit.Chem.rdchem.Mol object at 0x735c7906a960>
CHEMBL3949630,CDK9,6.0,nM,COc1cc(F)ccc1-c1nc(Nc2cc(F)cc(CS(=O)(=NC#N)C3CC3)c2)ncc1F,8.221848749616356,True,<rdkit.Chem.rdchem.Mol object at 0x735c7906b610>
CHEMBL3673545,CDK9,6.0,nM,O=C(CO)N1CCC(c2cc3c(-c4nc(NCc5cccc(F)c5)c(F)cc4F)ccnc3[nH]2)CC1,8.221848749616356,True,<rdkit.Chem.rdchem.Mol object at 0x735c7906bdf0>
CHEMBL383961,CDK4,6.0,nM,O=c1c2cccc3c2sn1CCNCCOc1cccc2nc(O)c-3nc12,8.221848749616356,True,<rdkit.Chem.rdchem.Mol object at 0x735c7906a650>
CHEMBL3691629,CDK4,6.0,nM,CN(C)C(=O)c1cc2cnc(Nc3ccc(N4C[C@@H]5CNC[C@@H]5CC4=O)cn3)nc2n1C1CCCC1,8.221848749616356,True,<rdkit.Chem.rdchem.Mol object at 0x735c7906a9d0>
CHEMBL3691628,CDK4,6.0,nM,CN(C)C(=O)c1cc2cnc(Nc3ccc(N4C[C@H]5CNC[C@H]5CC4=O)cn3)nc2n1C1CCCC1,8.221848749616356,True,<rdkit.Chem.rdchem.Mol object at 0x735c7906aff0>
CHEMBL386467,CDK4,6.0,nM,O=c1c2cccc(-c3nc4ccccc4nc3O)c2sn1C1CCCC1,8.221848749616356,True,<rdkit.Chem.rdchem.Mol object at 0x735c7906bae0>
CHEMBL510436,CDK2,6.0,nM,Cc1ncc(-c2ccnc(Nc3ccc(C(=O)N(C)C)c(F)c3)n2)n1C(C)C,8.221848749616356,True,<rdkit.Chem.rdchem.Mol object at 0x735c7906ca50>
CHEMBL3644032,CDK2,6.0,nM,C[C@@H](O)[C@@H](C)Oc1nc(Nc2ccc(S(=O)(=O)C3CC3)cc2)ncc1C(F)(F)F,8.221848749616356,True,<rdkit.Chem.rdchem.Mol object at 0x735c7906d620>
CHEMBL3648072,CDK2,6.0,nM,C[C@@H](Nc1nc(Nc2ccc(S(C)(=N)=O)cc2)ncc1Br)C(C)(C)O,8.221848749616356,True,<rdkit.Chem.rdchem.Mol object at 0x735c7906e650>
CHEMBL291324,CDK1,6.0,nM,Nc1nc(N)c(N=O)c(=O)[nH]1,8.221848749616356,True,<rdkit.Chem.rdchem.Mol object at 0x735c7906c7b0>
CHEMBL5195947,CDK9,6.0,nM,COc1cc(F)ccc1-c1ccnc2[nH]c(C3CCN(CC(=O)N(C)C)CC3)cc12,8.221848749616356,True,<rdkit.Chem.rdchem.Mol object at 0x735c7906cf20>
CHEMBL488436,CDK2,6.0,nM,Cc1ncc(-c2ccnc(Nc3ccc(S(C)(=O)=O)cc3)n2)n1C(C)C,8.221848749616356,True,<rdkit.Chem.rdchem.Mol object at 0x735c7906d150>
CHEMBL23254,CDK2,6.0,nM,CC(C)[C@H](CO)Nc1nc(Nc2ccc(C(=O)O)c(Cl)c2)c2ncn(C(C)C)c2n1,8.221848749616356,True,<rdkit.Chem.rdchem.Mol object at 0x735c7906d540>
CHEMBL5974817,CDK4,6.0,nM,CC(C)N1CCOc2c(F)cc(-c3nc(Nc4ccc(N5CCNCC5)cc4F)ncc3F)cc21,8.221848749616356,True,<rdkit.Chem.rdchem.Mol object at 0x735c7906e0a0>
CHEMBL3691556,CDK4,6.0,nM,CN(C)C(=O)c1cc2cnc(Nc3ccc(C(=O)N4CC5CC(C4)N(C)C5)cn3)nc2n1C1CCCC1,8.221848749616356,True,<rdkit.Chem.rdchem.Mol object at 0x735c7906e570>
CHEMBL73243,CDK1,6.0,nM,COCCCNS(=O)(=O)c1ccc(Nc2nccc(-c3cnc4ccccn34)n2)cc1,8.221848749616356,True,<rdkit.Chem.rdchem.Mol object at 0x735c7906e5e0>
CHEMBL3917892,CDK9,6.0,nM,CCS(=N)(=O)Cc1cc(F)cc(Nc2ncc(F)c(-c3ccc(F)cc3OC)n2)c1,8.221848749616356,True,<rdkit.Chem.rdchem.Mol object at 0x735c7906e880>
CHEMBL6020156,CDK2,6.02,nM,Cc1nc2c(F)cc(-c3nc(Nc4ccc5c(n4)CCN(C/C=N/O)C5)ncc3F)cc2n1C(C)C,8.220403508742175,True,<rdkit.Chem.rdchem.Mol object at 0x735c7906ec70>
CHEMBL4856767,CDK9,6.04,nM,Cc1n[nH]c2ccc(-c3cncc(N[C@@H](CO)c4ccccc4)n3)cc12,8.218963061378869,True,<rdkit.Chem.rdchem.Mol object at 0x735c7906ef10>
CHEMBL3698721,CDK4,6.1,nM,c1cc2c3cnc(Nc4ccc(N[C@@H]5CCNC5)nn4)nc3n(C3CCCC3)c2cn1,8.214670164989233,True,<rdkit.Chem.rdchem.Mol object at 0x735c7906ef80>
CHEMBL3698665,CDK6,6.1,nM,c1cc2c3cnc(Nc4ccc(N5CCNCC5)cn4)nc3n(C3CCC3)c2cn1,8.214670164989233,True,<rdkit.Chem.rdchem.Mol object at 0x735c7906f060>
CHEMBL5751375,CDK6,6.14,nM,Cc1nc2c(F)cc(-c3nc(Nc4ccc5c(n4)CCNC5)ncc3F)cc2n1CC1CC1,8.211831628858832,True,<rdkit.Chem.rdchem.Mol object at 0x735c7906f760>
CHEMBL5789562,CDK6,6.14,nM,Cc1nc2c(F)cc(-c3nc(Nc4ccc5c(n4)CCN(C(=O)[C@H]4CCCN4C)C5)ncc3F)cc2n1C1CC1,8.211831628858832,True,<rdkit.Chem.rdchem.Mol object at 0x735c7906f8b0>
CHEMBL3642038,CDK4,6.2,nM,CN(C)C1CN(c2ccc(Nc3ncc4c5ccncc5n(C5CCCC5)c4n3)nn2)CCC1O,8.207608310501746,True,<rdkit.Chem.rdchem.Mol object at 0x735c7906f290>
CHEMBL3702071,CDK6,6.2,nM,c1cc2c3cnc(Nc4nc(CN5CCNCC5)cs4)nc3n(C3CCCC3)c2cn1,8.207608310501746,True,<rdkit.Chem.rdchem.Mol object at 0x735c7906d230>
CHEMBL3698730,CDK4,6.2,nM,c1cc2c3cnc(Nc4ccc(NCC5COCCN5)nn4)nc3n(C3CCCC3)c2cn1,8.207608310501746,True,<rdkit.Chem.rdchem.Mol object at 0x735c7906e7a0>
CHEMBL5941223,CDK6,6.23,nM,Cc1nc2c(F)cc(-c3nc(Nc4ccc5c(n4)CCNC5)ncc3F)cc2n1C1CCC(C)CC1,8.20551195334083,True,<rdkit.Chem.rdchem.Mol object at 0x735c790704a0>
CHEMBL6038282,CDK6,6.24,nM,Cc1nc2c(F)cc(-c3nc(Nc4ccc5c(n4)CCN(C(=O)[C@@H]4CCCN4)C5)ncc3F)cc2n1C1CC1,8.204815410317575,True,<rdkit.Chem.rdchem.Mol object at 0x735c79071000>
CHEMBL4449998,CDK6,6.26,nM,Cc1nc2c(F)cc(-c3nc(Nc4ccc5c(n4)CCN(CCN(C)C)C5)ncc3F)cc2n1CC1CC1,8.20342566678957,True,<rdkit.Chem.rdchem.Mol object at 0x735c79071310>
CHEMBL3642001,CDK6,6.3,nM,OCC(CO)NC1CCN(c2ccc(Nc3ncc4c5ccncc5n(C5CCCC5)c4n3)nn2)CC1,8.200659450546418,True,<rdkit.Chem.rdchem.Mol object at 0x735c79071cb0>
CHEMBL3684992,CDK4,6.3,nM,C[C@H]1CC[C@H](n2c3cnccc3c3cnc(Nc4ccc5c(n4)CN(C(=O)CO)CC5)nc32)CC1,8.200659450546418,True,<rdkit.Chem.rdchem.Mol object at 0x735c790727a0>
CHEMBL5787921,CDK6,6.36,nM,CN[C@H](C)C(=O)N1CCc2nc(Nc3ncc(F)c(-c4cc(F)c5nc(C)n(C6CC6)c5c4)n3)ccc2C1,8.196542884351587,True,<rdkit.Chem.rdchem.Mol object at 0x735c79070270>
CHEMBL3702047,CDK6,6.4,nM,CCN1CCN(c2ccc(Nc3ncc4c5ccncc5n(C5CCCC5)c4n3)nc2)CC1,8.193820026016112,True,<rdkit.Chem.rdchem.Mol object at 0x735c790702e0>
CHEMBL4562323,CDK2,6.4,nM,CC(C)c1cnn2c(NCc3ccccc3-n3cccn3)nc(OC3CCCNC3)nc12,8.193820026016112,True,<rdkit.Chem.rdchem.Mol object at 0x735c790703c0>
CHEMBL215803,CDK4,6.4,nM,C[C@@H]1C[C@H]2CN1CCn1nc3c(cccc3c1O)-c1nc3c(cccc3nc1O)O2,8.193820026016112,True,<rdkit.Chem.rdchem.Mol object at 0x735c79070c80>
CHEMBL3698716,CDK4,6.4,nM,c1cc2c3cnc(Nc4cnc(N5CCCNCC5)cn4)nc3n(C3CCCC3)c2cn1,8.193820026016112,True,<rdkit.Chem.rdchem.Mol object at 0x735c79070cf0>
CHEMBL3702095,CDK4,6.4,nM,OCCC1CCN(c2ccc(Nc3ncc4c5ccnc(F)c5n(C5CCCC5)c4n3)nc2)CC1,8.193820026016112,True,<rdkit.Chem.rdchem.Mol object at 0x735c79070eb0>
CHEMBL5763679,CDK6,6.44,nM,Cc1nc2c(F)cc(-c3nc(Nc4ccc5c(n4)CCN(C(=O)CN4CCOCC4)C5)ncc3F)cc2n1C(C)C,8.191114132640188,True,<rdkit.Chem.rdchem.Mol object at 0x735c79070f20>
CHEMBL3691609,CDK4,6.5,nM,CN(C)C(=O)c1cc2cnc(Nc3ccc(C(=O)N4CC5CCC(C4)N5)cn3)nc2n1-c1ccc(C(C)(C)C#N)cc1,8.187086643357144,True,<rdkit.Chem.rdchem.Mol object at 0x735c790715b0>
CHEMBL3691562,CDK4,6.5,nM,CN(C)C(=O)c1cc2cnc(Nc3ccc(C(=O)N4C[C@@H]5CC4CN5)cn3)nc2n1C1CCCC1,8.187086643357144,True,<rdkit.Chem.rdchem.Mol object at 0x735c79071620>
CHEMBL3702168,CDK6,6.5,nM,Oc1ccc(-c2ccc(Nc3ncc4c5ccncc5n(C5CCCC5)c4n3)nn2)cn1,8.187086643357144,True,<rdkit.Chem.rdchem.Mol object at 0x735c79071700>
CHEMBL5992232,CDK4,6.5,nM,CC(C)N1CCOc2c(F)cc(-c3nc(Nc4ccc5c(c4)CC(N(C)C)C5)ncc3F)cc21,8.187086643357144,True,<rdkit.Chem.rdchem.Mol object at 0x735c790718c0>
CHEMBL3698684,CDK6,6.5,nM,O=C(c1csc(Nc2ncc3c4ccncc4n(C4CCCC4)c3n2)n1)N1CCNCC1,8.187086643357144,True,<rdkit.Chem.rdchem.Mol object at 0x735c79072490>
CHEMBL5865665,CDK9,6.58,nM,Cc1nc2c(F)cc(-c3nc(Nc4ccc5c(n4)CCNC5)ncc3F)cc2n1C(C)C1CC1,8.181774106386044,True,<rdkit.Chem.rdchem.Mol object at 0x735c790725e0>
CHEMBL3698642,CDK6,6.6,nM,c1cc2c3cnc(Nc4ccc(N5CCNCC5)nn4)nc3n(C3CCCC3)c2cn1,8.18045606445813,True,<rdkit.Chem.rdchem.Mol object at 0x735c79072730>
CHEMBL6002674,CDK2,6.68,nM,CNCCN1CCc2nc(Nc3ncc(F)c(-c4cc(F)c5nc(C)n(C(C)(C)C)c5c4)n3)ccc2C1,8.175223537524454,True,<rdkit.Chem.rdchem.Mol object at 0x735c79072960>
CHEMBL2158843,CDK2,6.7,nM,NS(=O)(=O)c1cccc(Nc2nccc(-c3ccnc(NCCCO)c3)n2)c1,8.173925197299173,True,<rdkit.Chem.rdchem.Mol object at 0x735c79072e30>
CHEMBL3698735,CDK4,6.7,nM,O[C@H]1CCCN(c2ccc(Nc3ncc4c5ccncc5n(C5CCCC5)c4n3)nn2)C1,8.173925197299173,True,<rdkit.Chem.rdchem.Mol object at 0x735c79072f80>
CHEMBL5971879,CDK9,6.74,nM,Cc1nc2c(F)cc(-c3nc(Nc4ccc5c(n4)CCN[C@H]5C)ncc3F)cc2n1C(C)(C)C,8.17134010346468,True,<rdkit.Chem.rdchem.Mol object at 0x735c79073e60>
CHEMBL5903034,CDK9,6.74,nM,Cc1nc2c(F)cc(-c3nc(Nc4ccc5c(n4)CCN(CCN(C)CB(O)O)C5)ncc3F)cc2n1C(C)C,8.17134010346468,True,<rdkit.Chem.rdchem.Mol object at 0x735c79070c10>
CHEMBL4208366,CDK4,6.8,nM,CCN1CCN(Cc2ccc(Nc3ncc(F)c(-c4cc(F)c5nc6n(c5c4)CCCC6)n3)nc2)CC1,8.167491087293763,True,<rdkit.Chem.rdchem.Mol object at 0x735c790728f0>
CHEMBL3702195,CDK4,6.8,nM,C[C@H](CO)Nc1ccc(Nc2ncc3c4ccncc4n(C4CCCC4)c3n2)nn1,8.167491087293763,True,<rdkit.Chem.rdchem.Mol object at 0x735c79073300>
CHEMBL3702141,CDK4,6.8,nM,c1cc2c3cnc(Nc4ccc(N5CCNCC5)cn4)cc3n(C3CCSC3)c2cn1,8.167491087293763,True,<rdkit.Chem.rdchem.Mol object at 0x735c79074ac0>
CHEMBL3698747,CDK6,6.8,nM,c1cc2c3cnc(Nc4ccc(N5CCCNCC5)nn4)nc3n(C3CCCC3)c2cn1,8.167491087293763,True,<rdkit.Chem.rdchem.Mol object at 0x735c79075770>
CHEMBL3702191,CDK6,6.9,nM,CN(CCO)c1ccc(Nc2ncc3c4ccncc4n(C4CCCC4)c3n2)nn1,8.161150909262744,True,<rdkit.Chem.rdchem.Mol object at 0x735c79075af0>
CHEMBL3702044,CDK4,6.9,nM,CC1(C)CN(c2ccc(Nc3ncc4c5ccncc5n(C5CCCC5)c4n3)nc2)CCN1,8.161150909262744,True,<rdkit.Chem.rdchem.Mol object at 0x735c79076030>
CHEMBL5991757,CDK6,6.9,nM,CC(C)N1C(=O)COc2c(F)cc(-c3nc(Nc4ccc(N5CCNCC5)cn4)ncc3F)cc21,8.161150909262744,True,<rdkit.Chem.rdchem.Mol object at 0x735c790773e0>
CHEMBL5754925,CDK6,6.91,nM,Cc1nc2c(F)cc(-c3nc(Nc4ccc5c(n4)CCN(C[C@@H](O)CN(C)C)C5)ncc3F)cc2n1C1CC1,8.160521952625801,True,<rdkit.Chem.rdchem.Mol object at 0x735c79077ca0>
CHEMBL5873158,CDK9,6.94,nM,Cc1nc2c(F)cc(-c3nc(Nc4ccc5c(n4)CCNC5)ncc3F)cc2n1C(C)(C)C,8.158640529545146,True,<rdkit.Chem.rdchem.Mol object at 0x735c79077d10>
CHEMBL3642011,CDK4,7.0,nM,OC1CCN(C2CCN(c3ccc(Nc4ncc5c6ccncc6n(C6CCCC6)c5n4)nn3)CC2)CC1,8.154901959985743,True,<rdkit.Chem.rdchem.Mol object at 0x735c79074430>
CHEMBL312726,CDK2,7.0,nM,NCCCc1cc(-c2ccc[nH]2)c2c3c(ccc(F)c13)NC2=O,8.154901959985743,True,<rdkit.Chem.rdchem.Mol object at 0x735c79074510>
CHEMBL3639469,CDK2,7.0,nM,Cc1cc(Nc2ncc(Br)c(N[C@H](C)C(C)(C)O)n2)ccc1S(C)(=N)=O,8.154901959985743,True,<rdkit.Chem.rdchem.Mol object at 0x735c79074580>
CHEMBL191336,CDK2,7.0,nM,OCCCNc1cc(-c2ncnc(Nc3cccc(Cl)c3)n2)ccn1,8.154901959985743,True,<rdkit.Chem.rdchem.Mol object at 0x735c790746d0>
CHEMBL4442620,CDK1,7.0,nM,C[C@@H](O)[C@@H](C)Oc1nc(Nc2ccc(S(=N)(=O)C3CC3)cc2)ncc1C(F)(F)F,8.154901959985743,True,<rdkit.Chem.rdchem.Mol object at 0x735c79074890>
CHEMBL3642008,CDK4,7.0,nM,O[C@H]1CCCN(C2CCN(c3ccc(Nc4ncc5c6ccncc6n(C6CCCC6)c5n4)nn3)CC2)C1,8.154901959985743,True,<rdkit.Chem.rdchem.Mol object at 0x735c79074e40>
CHEMBL3702221,CDK4,7.0,nM,CC[C@@H](C)n1c2cnccc2c2cnc(Nc3ccc(N4CCN[C@@H](C)C4)cn3)nc21,8.154901959985743,True,<rdkit.Chem.rdchem.Mol object at 0x735c79075070>
CHEMBL5814705,CDK9,7.0,nM,CC(=O)N[C@@H]1CCC[C@H](C(=O)Nc2cc(-c3cnn4c3CC(C)(C)C4)ncn2)C1,8.154901959985743,True,<rdkit.Chem.rdchem.Mol object at 0x735c790751c0>
CHEMBL5938366,CDK1,7.0,nM,CC1C(=O)Nc2cc3cnc(Nc4ccc(S(N)(=O)=O)cc4)nc3n2C12CCCCC2,8.154901959985743,True,<rdkit.Chem.rdchem.Mol object at 0x735c79075460>
CHEMBL3673532,CDK9,7.0,nM,Fc1cccc(COc2cncc(-c3ccnc4[nH]c(C5=CCNCC5)cc34)n2)c1,8.154901959985743,True,<rdkit.Chem.rdchem.Mol object at 0x735c790754d0>
CHEMBL3691671,CDK4,7.0,nM,CN(C)C(=O)c1cc2cnc(Nc3ccc(N4C[C@@H]5CC[C@H](CC4=O)N5)cn3)nc2n1C1CCC1,8.154901959985743,True,<rdkit.Chem.rdchem.Mol object at 0x735c79076490>
CHEMBL3916775,CDK9,7.0,nM,CNC(=O)N=S(C)(=O)Cc1cccc(Nc2ncc(F)c(-c3ccc(F)cc3OC)n2)c1,8.154901959985743,True,<rdkit.Chem.rdchem.Mol object at 0x735c79076dc0>
CHEMBL256558,CDK2,7.0,nM,Cc1ccc(CC(=O)Nc2n[nH]c3ccc(N4CCCS4(=O)=O)cc23)cc1,8.154901959985743,True,<rdkit.Chem.rdchem.Mol object at 0x735c79077220>
CHEMBL495557,CDK2,7.0,nM,CC(C)(C)c1cnc(CSc2cnc(N[C@H]3CC[C@H](O)CC3)s2)o1,8.154901959985743,True,<rdkit.Chem.rdchem.Mol object at 0x735c79077370>
CHEMBL3691632,CDK4,7.0,nM,CN1C[C@H]2CN(c3ccc(Nc4ncc5cc(C(=O)N(C)C)n(C6CCCC6)c5n4)nc3)C(=O)[C@H]2C1,8.154901959985743,True,<rdkit.Chem.rdchem.Mol object at 0x735c79077990>
CHEMBL150261,CDK2,7.0,nM,N[C@H]1CC[C@H](Nc2nc(NCc3ccccc3)c3ncn(C4CCCC4)c3n2)CC1,8.154901959985743,True,<rdkit.Chem.rdchem.Mol object at 0x735c79075620>
CHEMBL360573,CDK2,7.0,nM,CN(C)S(=O)(=O)c1ccc(Nc2cc(N[C@H]3CC[C@H](N)CC3)nc3c(C#N)cnn23)cc1,8.154901959985743,True,<rdkit.Chem.rdchem.Mol object at 0x735c79075540>
CHEMBL3648094,CDK2,7.0,nM,CCS(=N)(=O)c1ccc(Nc2ncc(Br)c(N[C@H](COC)[C@H](C)O)n2)cc1,8.154901959985743,True,<rdkit.Chem.rdchem.Mol object at 0x735c79076570>
CHEMBL3648083,CDK2,7.0,nM,CN=S(C)(=O)c1ccc(Nc2ncc(Br)c(N[C@H](C)[C@H](C)O)n2)cc1,8.154901959985743,True,<rdkit.Chem.rdchem.Mol object at 0x735c79078a50>
CHEMBL3702145,CDK4,7.0,nM,CN(C)C1CCN(C(=O)Cc2ccc(Nc3ncc4c5ccncc5n(C5CCCC5)c4n3)nc2)CC1,8.154901959985743,True,<rdkit.Chem.rdchem.Mol object at 0x735c790794d0>
CHEMBL3702158,CDK6,7.0,nM,C1=C(c2ccc(Nc3ncc4c5ccncc5n(C5CCCC5)c4n3)nc2)CCNC1,8.154901959985743,True,<rdkit.Chem.rdchem.Mol object at 0x735c790798c0>
CHEMBL3648107,CDK1,7.0,nM,C[C@@H](Nc1nc(Nc2ccc(S(=N)(=O)CCO)cc2)ncc1Br)C(C)(C)O,8.154901959985743,True,<rdkit.Chem.rdchem.Mol object at 0x735c79079a80>
CHEMBL4282338,CDK1,7.0,nM,C[C@@H](O)[C@@H](C)Oc1nc(Nc2ccc([S@](=N)(=O)C3CC3)cc2)ncc1C(F)(F)F,8.154901959985743,True,<rdkit.Chem.rdchem.Mol object at 0x735c7907b6f0>
CHEMBL3702063,CDK4,7.0,nM,CCC(C)(C)n1c2cnccc2c2cnc(Nc3ccc(N4CCC(N(C)C)CC4)nn3)nc21,8.154901959985743,True,<rdkit.Chem.rdchem.Mol object at 0x735c7907bd80>
CHEMBL3648113,CDK1,7.0,nM,CN=S(C)(=O)c1ccc(Nc2ncc(Br)c(N[C@H](C)[C@@H](C)O)n2)cc1OC,8.154901959985743,True,<rdkit.Chem.rdchem.Mol object at 0x735c79078970>
CHEMBL402158,CDK2,7.0,nM,O=C(Cc1cccc(Br)c1)Nc1n[nH]c2ccc(N3CCCS3(=O)=O)cc12,8.154901959985743,True,<rdkit.Chem.rdchem.Mol object at 0x735c79079070>
CHEMBL402370,CDK2,7.0,nM,O=C(Cc1ccc(Br)cc1)Nc1n[nH]c2ccc(N3CCCS3(=O)=O)cc12,8.154901959985743,True,<rdkit.Chem.rdchem.Mol object at 0x735c79079310>
CHEMBL3648125,CDK2,7.0,nM,Cc1cc(Nc2ncc(Br)c(N[C@@H](C)C(C)(C)O)n2)ccc1S(C)(=N)=O,8.154901959985743,True,<rdkit.Chem.rdchem.Mol object at 0x735c79079770>
CHEMBL6033928,CDK9,7.0,nM,CC(=O)N[C@@H]1CCC[C@H](C(=O)Nc2cc(-c3cnn4c3CC(C)CC4)c(Cl)cn2)C1,8.154901959985743,True,<rdkit.Chem.rdchem.Mol object at 0x735c79079930>
CHEMBL3698662,CDK6,7.0,nM,CC(C)(C)n1c2cnccc2c2cnc(Nc3ccc(N4CCNCC4)cn3)nc21,8.154901959985743,True,<rdkit.Chem.rdchem.Mol object at 0x735c7907a1f0>
CHEMBL3084839,CDK2,7.0,nM,N[C@H]1CC[C@H](Nc2nc(Nc3ccccc3)c3ncn(C4CCCC4)c3n2)CC1,8.154901959985743,True,<rdkit.Chem.rdchem.Mol object at 0x735c7907af10>
CHEMBL3702159,CDK4,7.0,nM,c1cc2c3cnc(Nc4ccc(C5CCNCC5)cn4)nc3n(C3CCCC3)c2cn1,8.154901959985743,True,<rdkit.Chem.rdchem.Mol object at 0x735c7907b4c0>
CHEMBL5950534,CDK9,7.03,nM,Cc1nc2c(F)cc(-c3nc(Nc4ccc5c(n4)C[C@@H](C)NC5)ncc3F)cc2n1C(C)(C)C,8.153044674980176,True,<rdkit.Chem.rdchem.Mol object at 0x735c7907b530>
CHEMBL6019056,CDK4,7.05,nM,CNC1CC(C(=O)N2CCc3nc(Nc4ncc(F)c(-c5cc(F)c6nc(C)n(C(C)C)c6c5)n4)ccc3C2)C1,8.1518108830086,True,<rdkit.Chem.rdchem.Mol object at 0x735c7907b920>
CHEMBL5813772,CDK6,7.07,nM,Cc1nc2c(F)cc(-c3nc(Nc4ccc5c(n4)CCN(C)C5)ncc3F)cc2n1C(C)C,8.1505805862031,True,<rdkit.Chem.rdchem.Mol object at 0x735c7907bdf0>
CHEMBL5844694,CDK6,7.09,nM,Cc1nc2c(F)cc(-c3nc(Nc4ccc5c(n4)CCN(C(=O)CCO)C5)ncc3F)cc2n1C(C)C,8.149353764816933,True,<rdkit.Chem.rdchem.Mol object at 0x735c7907bed0>
CHEMBL411887,CDK1,7.1,nM,C/C(Nc1ccc(S(N)(=O)=O)cc1)=C1/C(=O)Nc2ccc(-c3cnco3)cc21,8.148741651280925,True,<rdkit.Chem.rdchem.Mol object at 0x735c7907adc0>
CHEMBL3698735,CDK6,7.1,nM,O[C@H]1CCCN(c2ccc(Nc3ncc4c5ccncc5n(C5CCCC5)c4n3)nn2)C1,8.148741651280925,True,<rdkit.Chem.rdchem.Mol object at 0x735c7907ae30>
CHEMBL6147673,CDK9,7.1,nM,CN1CCC(c2cc3c(-c4cnn(CC5CC5)c4)c(Cl)cnc3[nH]2)CC1,8.148741651280925,True,<rdkit.Chem.rdchem.Mol object at 0x735c7907be60>
CHEMBL5999796,CDK4,7.14,nM,Cc1nc2c(F)cc(-c3nc(Nc4ccc5c(n4)CCN(C(C)C)C5)ncc3F)cc2n1C1CC1,8.146301788223825,True,<rdkit.Chem.rdchem.Mol object at 0x735c7907d0e0>
CHEMBL3702134,CDK4,7.2,nM,c1cc2c3cnc(Nc4ccc(N5CCC6(CCCN6)CC5)nn4)nc3n(C3CCCC3)c2cn1,8.142667503568731,True,<rdkit.Chem.rdchem.Mol object at 0x735c7907d770>
CHEMBL3642022,CDK4,7.2,nM,FCCNC1CCN(c2ccc(Nc3ncc4c5ccncc5n(C5CCCC5)c4n3)nc2)CC1,8.142667503568731,True,<rdkit.Chem.rdchem.Mol object at 0x735c7907d7e0>
CHEMBL3698676,CDK6,7.2,nM,N#Cc1ccc2c3cnc(Nc4ccc(N5CCNCC5)cn4)nc3n(C3CCCC3)c2c1,8.142667503568731,True,<rdkit.Chem.rdchem.Mol object at 0x735c7907d930>
CHEMBL3702189,CDK4,7.2,nM,CN(C)[C@@H]1CCN(c2ccc(Nc3ncc4c5ccncc5n(C5CCCC5)c4n3)nc2)C1,8.142667503568731,True,<rdkit.Chem.rdchem.Mol object at 0x735c7907e030>
CHEMBL5834517,CDK6,7.22,nM,CC(=O)N1CCc2nc(Nc3ncc(F)c(-c4cc(F)c5nc(C)n(C(C)C)c5c4)n3)ccc2C1,8.141462802430361,True,<rdkit.Chem.rdchem.Mol object at 0x735c7907f140>
CHEMBL4213756,CDK6,7.26,nM,COCCN1CCc2nc(Nc3ncc(F)c(-c4cc(F)c5nc(C)n(C(C)C)c5c4)n3)ccc2C1,8.139063379299905,True,<rdkit.Chem.rdchem.Mol object at 0x735c7907f220>
CHEMBL5994315,CDK2,7.34,nM,Cc1nc2c(F)cc(-c3nc(Nc4ccc5c(n4)CCN(CC(=O)O)C5)ncc3F)cc2n1C(C)C,8.13430394008393,True,<rdkit.Chem.rdchem.Mol object at 0x735c7907f290>
CHEMBL5800538,CDK2,7.34,nM,Cc1nc2c(F)cc(-c3nc(Nc4ccc5c(n4)CCN(C(=O)O)C5)ncc3F)cc2n1C(C)C,8.13430394008393,True,<rdkit.Chem.rdchem.Mol object at 0x735c7907f370>
CHEMBL4208172,CDK4,7.4,nM,CCN1CCN(Cc2ccc(Nc3ncc(F)c(-c4cc(F)c5nc6n(c5c4)C(C)(C)CC6)n3)nc2)CC1,8.130768280269024,True,<rdkit.Chem.rdchem.Mol object at 0x735c7907ccf0>
CHEMBL3702147,CDK4,7.4,nM,O=C(Cc1ccc(Nc2ncc3c4ccncc4n(C4CCCC4)c3n2)nc1)N1CCNCC1,8.130768280269024,True,<rdkit.Chem.rdchem.Mol object at 0x735c7907cd60>
CHEMBL2158853,CDK1,7.4,nM,CCN(CC)c1cc(-c2ccnc(Nc3cccc(S(N)(=O)=O)c3)n2)ccn1,8.130768280269024,True,<rdkit.Chem.rdchem.Mol object at 0x735c7907cf20>
CHEMBL400568,CDK1,7.4,nM,CCCNCc1cncc(-c2cnc3[nH]nc(-c4nc5c(COC)cccc5[nH]4)c3c2)c1,8.130768280269024,True,<rdkit.Chem.rdchem.Mol object at 0x735c7907da10>
CHEMBL5781074,CDK6,7.43,nM,Cc1nc2c(F)cc(-c3nc(Nc4ccc5c(n4)CCNC5)ncc3F)cc2n1C1CCC1,8.129011186239424,True,<rdkit.Chem.rdchem.Mol object at 0x735c7907dd90>
CHEMBL5830076,CDK9,7.47,nM,Cc1nc2c(F)cc(-c3nc(Nc4ccc5c(n4)CCN(C(=O)CCN(C)C)C5)ncc3F)cc2n1C(C)(C)C,8.126679398184601,True,<rdkit.Chem.rdchem.Mol object at 0x735c7907e8f0>
CHEMBL5912073,CDK4,7.5,nM,CC(C)N1CCOc2c(F)cc(-c3nc(Nc4ccc(N5CCC(CO)CC5)cn4)ncc3F)cc21,8.1249387366083,True,<rdkit.Chem.rdchem.Mol object at 0x735c7907f840>
CHEMBL5996998,CDK6,7.5,nM,CC(C)N1CCOc2c(F)cc(-c3nc(Nc4ccc(C(=O)N5CCOCC5)c(F)c4)ncc3F)cc21,8.1249387366083,True,<rdkit.Chem.rdchem.Mol object at 0x735c7907fbc0>
CHEMBL3698651,CDK4,7.5,nM,Fc1ccc(-n2c3cnccc3c3cnc(Nc4ccc(N5CCNCC5)cn4)nc32)cc1,8.1249387366083,True,<rdkit.Chem.rdchem.Mol object at 0x735c7907fed0>
CHEMBL1964257,CDK2,7.5,nM,NS(=O)(=O)Cc1ccc(N/C=C2\C(=O)Nc3ccc4ncsc4c32)cc1,8.1249387366083,True,<rdkit.Chem.rdchem.Mol object at 0x735c7907eb90>
CHEMBL6004729,CDK6,7.5,nM,COCCN1CCN(Cc2cnc(-c3cc(F)c4c(c3)N(C(C)C)CCO4)c(F)c2)CC1,8.1249387366083,True,<rdkit.Chem.rdchem.Mol object at 0x735c7907c350>
CHEMBL3691659,CDK4,7.5,nM,CN(C)C(=O)c1cc2cnc(Nc3ccc(N4CC5CCC(CC4=O)N5)cn3)nc2n1C1CCCC1,8.1249387366083,True,<rdkit.Chem.rdchem.Mol object at 0x735c79080c80>
CHEMBL5877196,CDK6,7.5,nM,CC(C)N1CCOc2c(F)cc(-c3nc(Nc4ccn(C5=CCNCC5)c(=O)c4)ncc3F)cc21,8.1249387366083,True,<rdkit.Chem.rdchem.Mol object at 0x735c79081e70>
CHEMBL5883845,CDK6,7.5,nM,Cc1nc2c(F)cc(-c3nc(Nc4ccc5c(n4)CCN(C(=O)CN(C)C)C5)ncc3F)cc2n1C1CCC1,8.1249387366083,True,<rdkit.Chem.rdchem.Mol object at 0x735c79083610>
CHEMBL5765752,CDK6,7.5,nM,Cc1nc2c(F)cc(-c3nc(Nc4ccc5c(n4)CCN(C(=O)CCN(C)C)C5)ncc3F)cc2n1C1CCC1,8.1249387366083,True,<rdkit.Chem.rdchem.Mol object at 0x735c79083680>
CHEMBL5844694,CDK9,7.52,nM,Cc1nc2c(F)cc(-c3nc(Nc4ccc5c(n4)CCN(C(=O)CCO)C5)ncc3F)cc2n1C(C)C,8.123782159408357,True,<rdkit.Chem.rdchem.Mol object at 0x735c79080040>
CHEMBL6060984,CDK6,7.57,nM,COCC(=O)N1CCc2nc(Nc3ncc(F)c(-c4cc(F)c5nc(C)n(C(C)C)c5c4)n3)ccc2C1,8.120904120499928,True,<rdkit.Chem.rdchem.Mol object at 0x735c790811c0>
CHEMBL4213219,CDK6,7.58,nM,Cc1nc2c(F)cc(-c3nc(Nc4ccc5c(n4)CCN(C(=O)CO)C5)ncc3F)cc2n1C(C)C,8.120330794367947,True,<rdkit.Chem.rdchem.Mol object at 0x735c79081c40>
CHEMBL3702095,CDK6,7.6,nM,OCCC1CCN(c2ccc(Nc3ncc4c5ccnc(F)c5n(C5CCCC5)c4n3)nc2)CC1,8.119186407719209,True,<rdkit.Chem.rdchem.Mol object at 0x735c79081ee0>
CHEMBL3698719,CDK4,7.6,nM,N[C@H]1CCN(c2cnc(Nc3ncc4c5ccncc5n(C5CCCC5)c4n3)cn2)C1,8.119186407719209,True,<rdkit.Chem.rdchem.Mol object at 0x735c790827a0>
CHEMBL6152017,CDK9,7.7,nM,Clc1cnc2[nH]c(C3CCNCC3)cc2c1-c1cnn(CC2CC2)c1,8.113509274827518,True,<rdkit.Chem.rdchem.Mol object at 0x735c790828f0>
CHEMBL4756353,CDK2,7.8,nM,CN(C)C/C=C/C(=O)Nc1ccc(C(=O)Nc2ncc(SCc3ncc(C(C)(C)C)o3)s2)cc1,8.10790539730952,True,<rdkit.Chem.rdchem.Mol object at 0x735c79083c30>
CHEMBL210540,CDK6,7.8,nM,Cc1cc(-c2cnc(Nc3cnc(CN4CCN(C)CC4)cn3)s2)nc(OC2CCCCC2)n1,8.10790539730952,True,<rdkit.Chem.rdchem.Mol object at 0x735c79083ed0>
CHEMBL6017199,CDK6,7.81,nM,COC(=O)C(=O)N1CCc2nc(Nc3ncc(F)c(-c4cc(F)c5nc(C)n(C(C)C)c5c4)n3)ccc2C1,8.1073489661227,True,<rdkit.Chem.rdchem.Mol object at 0x735c790826c0>
CHEMBL495751,CDK4,8.0,nM,CCN(CC)CCNC(=O)c1cccc(Nc2nccc(-c3cnn4ncccc34)n2)c1,8.096910013008056,True,<rdkit.Chem.rdchem.Mol object at 0x735c790834c0>
CHEMBL3668473,CDK9,8.0,nM,Fc1cccc(CNc2ccc(Cl)c(-c3ccnc4[nH]c(C5CCCNC5)cc34)n2)c1,8.096910013008056,True,<rdkit.Chem.rdchem.Mol object at 0x735c790807b0>
CHEMBL488085,CDK2,8.0,nM,Cc1ncc(-c2ccnc(Nc3ccc(C(=O)N(C)C)cc3)n2)n1C(C)C,8.096910013008056,True,<rdkit.Chem.rdchem.Mol object at 0x735c79082810>
CHEMBL3673539,CDK9,8.0,nM,CS(=O)(=O)N1CC=C(c2cc3c(-c4cncc(OCc5cccc(F)c5)n4)ccnc3[nH]2)CC1,8.096910013008056,True,<rdkit.Chem.rdchem.Mol object at 0x735c79082960>
CHEMBL3648074,CDK2,8.0,nM,C[C@@H](Nc1nc(Nc2ccc(S(=N)(=O)C3CC3)cc2)ncc1Br)C(C)(C)O,8.096910013008056,True,<rdkit.Chem.rdchem.Mol object at 0x735c790838b0>
CHEMBL3978185,CDK9,8.0,nM,CS(=N)(=O)Cc1cccc(Nc2ncc(F)c(-c3cccc4c3OCCC4)n2)c1,8.096910013008056,True,<rdkit.Chem.rdchem.Mol object at 0x735c79084120>
CHEMBL3648082,CDK2,8.0,nM,COc1cc(Nc2ncc(Br)c(O[C@H](C)[C@H](C)O)n2)ccc1S(C)(=N)=O,8.096910013008056,True,<rdkit.Chem.rdchem.Mol object at 0x735c79084350>
CHEMBL3668461,CDK9,8.0,nM,CN1CCC(c2cc3c(-c4cc(NCc5ccc(S(C)(=O)=O)cc5)ccc4F)ccnc3[nH]2)CC1,8.096910013008056,True,<rdkit.Chem.rdchem.Mol object at 0x735c790845f0>
CHEMBL3691647,CDK4,8.0,nM,CN(C)C(=O)c1cc2cnc(Nc3ccc(N4C[C@]5(CCCNC5)OC4=O)cn3)nc2n1C1CCCC1,8.096910013008056,True,<rdkit.Chem.rdchem.Mol object at 0x735c79084660>
CHEMBL3691654,CDK4,8.0,nM,CN(C)C(=O)c1cc2cnc(Nc3ccc(N4CCN5CCCC5C4)cn3)nc2n1C1CCCC1,8.096910013008056,True,<rdkit.Chem.rdchem.Mol object at 0x735c79084b30>
CHEMBL478828,CDK2,8.0,nM,COc1ccc(Nc2nccc(-c3cnc(C)n3C(C)C)n2)cc1,8.096910013008056,True,<rdkit.Chem.rdchem.Mol object at 0x735c79086650>
CHEMBL3644034,CDK2,8.0,nM,C[C@@H](Oc1nc(Nc2ccc(S(C)(=O)=O)cc2)ncc1C(F)(F)F)C(C)(C)O,8.096910013008056,True,<rdkit.Chem.rdchem.Mol object at 0x735c790870d0>
CHEMBL3644032,CDK1,8.0,nM,C[C@@H](O)[C@@H](C)Oc1nc(Nc2ccc(S(=O)(=O)C3CC3)cc2)ncc1C(F)(F)F,8.096910013008056,True,<rdkit.Chem.rdchem.Mol object at 0x735c79087760>
CHEMBL3691568,CDK4,8.0,nM,CN(C)C(=O)c1cc2cnc(Nc3ccc(C(=O)N4CCC[C@@H]5CCN[C@@H]5C4)cn3)nc2n1C1CCCC1,8.096910013008056,True,<rdkit.Chem.rdchem.Mol object at 0x735c79087bc0>
CHEMBL3702123,CDK6,8.0,nM,O=C(c1ccc(Nc2ncc3c4ccncc4n(C4CCCC4)c3n2)nc1)N1CCNCC1,8.096910013008056,True,<rdkit.Chem.rdchem.Mol object at 0x735c79084190>
CHEMBL3702198,CDK6,8.0,nM,CN1CCN(c2ccc(Nc3ncc4c5ccccc5n(C5CCCC5)c4n3)nc2)CC1,8.096910013008056,True,<rdkit.Chem.rdchem.Mol object at 0x735c79084200>
CHEMBL520187,CDK2,8.0,nM,COCCNS(=O)(=O)c1ccc(Nc2nccc(-c3cnc(C)n3C)n2)cc1,8.096910013008056,True,<rdkit.Chem.rdchem.Mol object at 0x735c790846d0>
CHEMBL5935280,CDK9,8.0,nM,CC(=O)N[C@H]1CCC[C@@H](C(=O)Nc2cc(-c3cnn4c3CC(C)(C)C4)c(F)cn2)C1,8.096910013008056,True,<rdkit.Chem.rdchem.Mol object at 0x735c79084740>
CHEMBL3648102,CDK2,8.0,nM,CC(O)C(C)Sc1nc(Nc2ccc(S(C)(=N)=O)cc2)ncc1Br,8.096910013008056,True,<rdkit.Chem.rdchem.Mol object at 0x735c79084890>
CHEMBL388978,CDK1,8.0,nM,CN[C@@H]1C[C@H]2O[C@@](C)([C@@H]1OC)n1c3ccccc3c3c4c(c5c6ccccc6n2c5c31)C(=O)NC4,8.096910013008056,True,<rdkit.Chem.rdchem.Mol object at 0x735c79084ba0>
CHEMBL3642030,CDK6,8.0,nM,C[C@@H](CO)NC1CCN(c2ccc(Nc3ncc4c5ccncc5n(C5CCCC5)c4n3)nc2)CC1,8.096910013008056,True,<rdkit.Chem.rdchem.Mol object at 0x735c79085930>
CHEMBL5204473,CDK9,8.0,nM,CC(C)n1nc(-c2ccnc3[nH]c(C4CCN(CC(=O)N(C)C)CC4)cc23)ccc1=O,8.096910013008056,True,<rdkit.Chem.rdchem.Mol object at 0x735c79085c40>
CHEMBL5207533,CDK6,8.0,nM,C[C@H]1CC[C@@H](n2c3cnccc3c3cnc(Nc4ccc5c(n4)CCN(C(=O)CO)C5)nc32)CC1,8.096910013008056,True,<rdkit.Chem.rdchem.Mol object at 0x735c79085ee0>
CHEMBL3648128,CDK2,8.0,nM,CC(C)(O)CSc1nc(Nc2ccc(S(C)(=N)=O)cc2)ncc1Br,8.096910013008056,True,<rdkit.Chem.rdchem.Mol object at 0x735c79086ab0>
CHEMBL5197170,CDK9,8.0,nM,CC(C)n1cc(-c2ccnc3[nH]c(C4CCN(CC(=O)N5CCCCC5)CC4)cc23)ccc1=O,8.096910013008056,True,<rdkit.Chem.rdchem.Mol object at 0x735c79086b20>
CHEMBL3648123,CDK1,8.0,nM,CCS(=N)(=O)c1ccc(Nc2ncc(Br)c(N[C@H](C)C(C)(C)O)n2)cc1,8.096910013008056,True,<rdkit.Chem.rdchem.Mol object at 0x735c79086d50>
CHEMBL1230607,CDK2,8.0,nM,CC(C)CC(=O)Nc1n[nH]c2c1CN(C(=O)C1CCN(C)CC1)C2(C)C,8.096910013008056,True,<rdkit.Chem.rdchem.Mol object at 0x735c79086e30>
CHEMBL359554,CDK2,8.0,nM,c1ccc(Nc2nccc(-c3cnn4ncccc34)n2)cc1,8.096910013008056,True,<rdkit.Chem.rdchem.Mol object at 0x735c79087290>
CHEMBL367150,CDK2,8.0,nM,CN(C)S(=O)(=O)c1ccc(Nc2cc(N[C@H]3CC[C@H](N)CC3)nc3c(Cl)cnn23)cc1,8.096910013008056,True,<rdkit.Chem.rdchem.Mol object at 0x735c79087840>
CHEMBL3642034,CDK4,8.0,nM,CN(C)CCN(C)C1CCN(c2ccc(Nc3ncc4c5ccncc5n(C5CCCC5)c4n3)nn2)CC1,8.096910013008056,True,<rdkit.Chem.rdchem.Mol object at 0x735c79084c80>
CHEMBL3642036,CDK4,8.0,nM,OC[C@@H](O)CNC1CCN(c2ccc(Nc3ncc4c5ccncc5n(C5CCCC5)c4n3)nn2)CC1,8.096910013008056,True,<rdkit.Chem.rdchem.Mol object at 0x735c790861f0>
CHEMBL3639469,CDK1,8.0,nM,Cc1cc(Nc2ncc(Br)c(N[C@H](C)C(C)(C)O)n2)ccc1S(C)(=N)=O,8.096910013008056,True,<rdkit.Chem.rdchem.Mol object at 0x735c79087d80>
CHEMBL3691601,CDK4,8.0,nM,CSCC[C@@H](N)C(=O)N1C2CCC1CN(C(=O)c1ccc(Nc3ncc4cc(C(=O)N(C)C)n(C5CCCC5)c4n3)nc1)C2,8.096910013008056,True,<rdkit.Chem.rdchem.Mol object at 0x735c79089000>
CHEMBL5974817,CDK6,8.0,nM,CC(C)N1CCOc2c(F)cc(-c3nc(Nc4ccc(N5CCNCC5)cc4F)ncc3F)cc21,8.096910013008056,True,<rdkit.Chem.rdchem.Mol object at 0x735c790890e0>
CHEMBL3702208,CDK6,8.0,nM,NC1CCN(c2ccc(Nc3ncc4c5ccccc5n(C5CCCC5)c4n3)nn2)CC1,8.096910013008056,True,<rdkit.Chem.rdchem.Mol object at 0x735c79089a10>
CHEMBL485240,CDK2,8.0,nM,CCCS(=O)(=O)c1ccc(Nc2nccc(-c3cnc(C)n3C(C)C)n2)cc1,8.096910013008056,True,<rdkit.Chem.rdchem.Mol object at 0x735c79089d90>
CHEMBL5789426,CDK6,8.0,nM,CC(C)N1CCOc2c(F)cc(-c3nc(Nc4ccc(S(=O)(=O)NCCN(C)C)cc4)ncc3F)cc21,8.096910013008056,True,<rdkit.Chem.rdchem.Mol object at 0x735c7908ac70>
CHEMBL3691670,CDK4,8.0,nM,CN(C)C(=O)c1cc2cnc(Nc3ccc(N4CC5CCC(CC4=O)N5)cn3)nc2n1C1CCC1,8.096910013008056,True,<rdkit.Chem.rdchem.Mol object at 0x735c7908ae30>
CHEMBL5976786,CDK9,8.0,nM,O=C(Nc1cc(-c2cnn3c2CCCC3)ccn1)[C@H]1C[C@@H](O)C1,8.096910013008056,True,<rdkit.Chem.rdchem.Mol object at 0x735c7908b290>
CHEMBL3906489,CDK9,8.0,nM,CCOC(=O)N=S(C)(=O)Cc1cccc(Nc2ncc(F)c(-c3ccc(F)cc3OC)n2)c1,8.096910013008056,True,<rdkit.Chem.rdchem.Mol object at 0x735c79088120>
CHEMBL5592751,CDK9,8.0,nM,N[C@H]1CCN(c2c3c(nc4ccc(-c5ccncc5)cc24)CCCC3)C1,8.096910013008056,True,<rdkit.Chem.rdchem.Mol object at 0x735c79089380>
CHEMBL3658050,CDK4,8.0,nM,CC(C)N1CCN(c2ccc(Nc3ncc4cc(C(=O)N(C)C)n(C5CCCC5)c4n3)nc2)CC1,8.096910013008056,True,<rdkit.Chem.rdchem.Mol object at 0x735c79089a80>
CHEMBL484571,CDK2,8.0,nM,CN(C)CCNS(=O)(=O)c1ccc(Nc2nccc(-c3cnc4cccnn34)n2)cc1,8.096910013008056,True,<rdkit.Chem.rdchem.Mol object at 0x735c79089af0>
CHEMBL3934755,CDK9,8.0,nM,CCOC(=O)N=S(C)(=O)Cc1cc(F)cc(Nc2ncc(F)c(-c3ccc(F)cc3OC)n2)c1,8.096910013008056,True,<rdkit.Chem.rdchem.Mol object at 0x735c7908a2d0>
CHEMBL188938,CDK4,8.0,nM,O=[N+]([O-])c1ccc(Nc2nccc(-c3cnn4ncccc34)n2)cc1,8.096910013008056,True,<rdkit.Chem.rdchem.Mol object at 0x735c7908ad50>
CHEMBL372464,CDK1,8.0,nM,COc1ccc(Nc2nc(Nc3ccc4[nH]cnc4c3)ncc2C(F)(F)F)cc1,8.096910013008056,True,<rdkit.Chem.rdchem.Mol object at 0x735c7908b060>
CHEMBL6146482,CDK6,8.0,nM,CC(=O)N1CCC2(CC1)CC(=O)c1ccc(-c3nc(Nc4ccc(N5CCN(C6CC6)CC5)cn4)ncc3F)cc1O2,8.096910013008056,True,<rdkit.Chem.rdchem.Mol object at 0x735c7908b220>
CHEMBL334285,CDK2,8.0,nM,O=C(Nc1cccc2c1C(=O)c1c(-c3ccc(C(=O)N4CCNCC4)s3)n[nH]c1-2)NN1CCOCC1,8.096910013008056,True,<rdkit.Chem.rdchem.Mol object at 0x735c7908b370>
CHEMBL3698650,CDK6,8.0,nM,c1ccc(-n2c3cnccc3c3cnc(Nc4ccc(N5CCNCC5)cn4)nc32)cc1,8.096910013008056,True,<rdkit.Chem.rdchem.Mol object at 0x735c7908b8b0>
CHEMBL3698656,CDK4,8.1,nM,c1cc2c3cnc(Nc4ccc(N5CCNCC5)cn4)nc3n(C3CCOCC3)c2cn1,8.09151498112135,True,<rdkit.Chem.rdchem.Mol object at 0x735c7908bae0>
CHEMBL5900599,CDK4,8.12,nM,CCn1c(C)nc2c(F)cc(-c3nc(Nc4ccc5c(n4)CCNC5)ncc3F)cc21,8.090443970758825,True,<rdkit.Chem.rdchem.Mol object at 0x735c7908bdf0>
CHEMBL5833493,CDK6,8.12,nM,Cc1nc2c(F)cc(-c3nc(Nc4ccc5c(n4)CCN(C(=O)CC(C)(C)O)C5)ncc3F)cc2n1C(C)C,8.090443970758825,True,<rdkit.Chem.rdchem.Mol object at 0x735c7908a8f0>
CHEMBL3702117,CDK6,8.2,nM,OC1CCN(Cc2ccc(Nc3ncc4c5ccncc5n(C5CCCC5)c4n3)nc2)CC1,8.086186147616283,True,<rdkit.Chem.rdchem.Mol object at 0x735c790880b0>
CHEMBL3698670,CDK4,8.2,nM,c1cnc2c(c1)c1cnc(Nc3ccc(N4CCNCC4)cn3)nc1n2C1CCCC1,8.086186147616283,True,<rdkit.Chem.rdchem.Mol object at 0x735c79088200>
CHEMBL4206061,CDK9,8.21,nM,Cc1nc2c(F)cc(-c3nc(Nc4ccc5c(n4)CCN(C(=O)CN4CCN(C)CC4)C5)ncc3F)cc2n1C(C)C,8.085656842880558,True,<rdkit.Chem.rdchem.Mol object at 0x735c790882e0>
CHEMBL3698737,CDK4,8.4,nM,c1cc2c3cnc(Nc4ccc(N5CCCCC5)nn4)nc3n(C3CCCC3)c2cn1,8.075720713938118,True,<rdkit.Chem.rdchem.Mol object at 0x735c79088510>
CHEMBL5938059,CDK9,8.42,nM,Cc1nc2c(F)cc(-c3nc(Nc4ccc5c(n4)CCN(CCN)C5)ncc3F)cc2n1C(C)(C)C,8.074687908500351,True,<rdkit.Chem.rdchem.Mol object at 0x735c7908c970>
CHEMBL5794081,CDK2,8.43,nM,Cc1nc2c(F)cc(-c3nc(Nc4ccc5c(n4)CCN(CCC(N)NO)C5)ncc3F)cc2n1C(C)C,8.074172425375258,True,<rdkit.Chem.rdchem.Mol object at 0x735c7908d3f0>
CHEMBL6020742,CDK2,8.43,nM,Cc1nc2c(F)cc(-c3nc(Nc4ccc5c(n4)CCN(CC(N)=NO)C5)ncc3F)cc2n1C(C)C,8.074172425375258,True,<rdkit.Chem.rdchem.Mol object at 0x735c7908e8f0>
CHEMBL6047483,CDK6,8.47,nM,Cc1nc2c(O)cc(-c3nc(Nc4ccc5c(n4)CCN(C(=O)CN(C)C)C5)ncc3F)cc2n1C1CC1,8.072116589669292,True,<rdkit.Chem.rdchem.Mol object at 0x735c7908e9d0>
CHEMBL3702072,CDK4,8.5,nM,O[C@H]1CCN(Cc2csc(Nc3ncc4c5ccncc5n(C5CCCC5)c4n3)n2)C1,8.070581074285707,True,<rdkit.Chem.rdchem.Mol object at 0x735c7908ea40>
CHEMBL249500,CDK1,8.5,nM,c1ccc2c(-c3cnc4[nH]nc(-c5nc6cc(N7CCOCC7)ccc6[nH]5)c4c3)cncc2c1,8.070581074285707,True,<rdkit.Chem.rdchem.Mol object at 0x735c7908f920>
CHEMBL5899619,CDK4,8.5,nM,CCN1CCN(C(=O)c2ccc(Nc3ncc(F)c(-c4cc(F)c5c(c4)N(C(C)C)CCO5)n3)cc2F)CC1,8.070581074285707,True,<rdkit.Chem.rdchem.Mol object at 0x735c7908c580>
CHEMBL5763679,CDK9,8.51,nM,Cc1nc2c(F)cc(-c3nc(Nc4ccc5c(n4)CCN(C(=O)CN4CCOCC4)C5)ncc3F)cc2n1C(C)C,8.070070439915412,True,<rdkit.Chem.rdchem.Mol object at 0x735c7908cb30>
CHEMBL3702089,CDK4,8.6,nM,Cn1c(=O)ccc2c3cnc(Nc4ccc(N5CCNCC5)cn4)nc3n(C3CCCC3)c21,8.065501548756432,True,<rdkit.Chem.rdchem.Mol object at 0x735c7908d5b0>
CHEMBL3684990,CDK4,8.6,nM,C[C@H]1CC[C@H](n2c3cnccc3c3cnc(Nc4ccc5c(n4)CNCC5)nc32)CC1,8.065501548756432,True,<rdkit.Chem.rdchem.Mol object at 0x735c7908d930>
CHEMBL3702211,CDK4,8.6,nM,O[C@H]1CCN(c2ccc(Nc3ncc4c5ccnc(F)c5n(C5CCCC5)c4n3)nn2)C1,8.065501548756432,True,<rdkit.Chem.rdchem.Mol object at 0x735c7908de70>
CHEMBL3702030,CDK4,8.7,nM,O=c1[nH]ccc2c3cnc(Nc4ccc(N5CCNCC5)nn4)nc3n(C3CCCC3)c12,8.060480747381382,True,<rdkit.Chem.rdchem.Mol object at 0x735c7908e260>
CHEMBL5537078,CDK9,8.7,nM,CC(C)c1cnn2c(NCc3ccc(NC(=O)C4CCOCC4)cc3)nc(NC3CCOCC3)nc12,8.060480747381382,True,<rdkit.Chem.rdchem.Mol object at 0x735c7908e490>
CHEMBL3702207,CDK6,8.8,nM,c1ccc2c(c1)c1cnc(Nc3ccc(N4CCNCC4)nn3)nc1n2C1CCCC1,8.05551732784983,True,<rdkit.Chem.rdchem.Mol object at 0x735c7908e650>
CHEMBL3698722,CDK4,8.8,nM,c1cc2c3cnc(Nc4ccc(N[C@H]5CCNC5)nn4)nc3n(C3CCCC3)c2cn1,8.05551732784983,True,<rdkit.Chem.rdchem.Mol object at 0x735c7908eb20>
CHEMBL5858807,CDK6,8.8,nM,CC(C)N1CCOc2c(F)cc(-c3nc(Nc4cnn(C5CCNCC5)c4)ncc3F)cc21,8.05551732784983,True,<rdkit.Chem.rdchem.Mol object at 0x735c7908f990>
CHEMBL4208875,CDK4,8.8,nM,CCN1CCC(Oc2cnc(Nc3cc(-c4cc(F)c5nc(C)n(C(C)C)c5c4)ncn3)cn2)CC1,8.05551732784983,True,<rdkit.Chem.rdchem.Mol object at 0x735c7908d2a0>
CHEMBL3698731,CDK6,8.8,nM,NCC1CCN(c2ccc(Nc3ncc4c5ccncc5n(C5CCCC5)c4n3)nn2)CC1,8.05551732784983,True,<rdkit.Chem.rdchem.Mol object at 0x735c7908fbc0>
CHEMBL5765370,CDK6,8.8,nM,CC(C)N1CCOc2c(F)cc(-c3nc(Nc4ccc(N5CCOCC5)cn4)ncc3F)cc21,8.05551732784983,True,<rdkit.Chem.rdchem.Mol object at 0x735c7908c510>
CHEMBL5817708,CDK6,8.84,nM,CC1(C)CCc2nc3c(F)cc(-c4nc(Nc5ccc(CN6CCN(C(=O)CO)CC6)cn5)ncc4F)cc3n21,8.053547734986926,True,<rdkit.Chem.rdchem.Mol object at 0x735c790902e0>
CHEMBL1234087,CDK2,8.9,nM,O=C1Nc2ccc(-c3cnco3)cc2/C1=C/Nc1ccc2c(c1)CS(=O)(=O)C2,8.050609993355087,True,<rdkit.Chem.rdchem.Mol object at 0x735c79092960>
CHEMBL4756353,CDK9,8.9,nM,CN(C)C/C=C/C(=O)Nc1ccc(C(=O)Nc2ncc(SCc3ncc(C(C)(C)C)o3)s2)cc1,8.050609993355087,True,<rdkit.Chem.rdchem.Mol object at 0x735c79092b20>
CHEMBL408210,CDK2,8.9,nM,CCOC(=O)c1cccc2c1/C(=C/Nc1ccc(S(N)(=O)=O)cc1)C(=O)N2,8.050609993355087,True,<rdkit.Chem.rdchem.Mol object at 0x735c79092c70>
CHEMBL2158844,CDK2,8.9,nM,Clc1cccc(Nc2nccc(-c3ccnc(N4CCOCC4)c3)n2)c1,8.050609993355087,True,<rdkit.Chem.rdchem.Mol object at 0x735c79093f40>
CHEMBL3698668,CDK6,8.9,nM,CC1(n2c3cnccc3c3cnc(Nc4ccc(N5CCNCC5)cn4)nc32)CCC1,8.050609993355087,True,<rdkit.Chem.rdchem.Mol object at 0x735c790904a0>
CHEMBL3934257,CDK9,9.0,nM,COc1cc(F)ccc1-c1nc(Nc2cc(F)cc(CS(=N)(=O)C3CC3)c2)ncc1F,8.045757490560675,True,<rdkit.Chem.rdchem.Mol object at 0x735c79090c80>
CHEMBL5875602,CDK9,9.0,nM,Cc1cnc(NC(=O)[C@H]2CCC[C@@H](NC(=O)C3COC3)C2)cc1-c1cnn2c1CC(C)(C)C2,8.045757490560675,True,<rdkit.Chem.rdchem.Mol object at 0x735c790912a0>
CHEMBL3298418,CDK2,9.0,nM,Cc1cc(Nc2ncc3c(n2)CN(C(=O)N[C@H](C)c2ccc(Cl)c(Cl)c2)CC3)ccn1,8.045757490560675,True,<rdkit.Chem.rdchem.Mol object at 0x735c79091460>
CHEMBL3691644,CDK4,9.0,nM,CN(C)C(=O)c1cc2cnc(Nc3ccc(N4CC5(CCCNC5)OC4=O)cn3)nc2n1C1CCCC1,8.045757490560675,True,<rdkit.Chem.rdchem.Mol object at 0x735c790914d0>
CHEMBL490480,CDK2,9.0,nM,Cc1cc(CC(=O)Nc2cc(C3CC3)[nH]n2)ccc1-c1ccccc1,8.045757490560675,True,<rdkit.Chem.rdchem.Mol object at 0x735c790915b0>
CHEMBL254979,CDK2,9.0,nM,O=C(Cc1ccc2ccccc2c1)Nc1n[nH]c2ccc(N3CCCS3(=O)=O)cc12,8.045757490560675,True,<rdkit.Chem.rdchem.Mol object at 0x735c79091770>
CHEMBL294884,CDK2,9.0,nM,CNS(=O)(=O)c1ccc2c(c1)/C(=C/c1[nH]cc3c1CCNC3=O)C(=O)N2,8.045757490560675,True,<rdkit.Chem.rdchem.Mol object at 0x735c79091af0>
CHEMBL258721,CDK9,9.0,nM,CC(C)c1nn(-c2c(Cl)cccc2Cl)c2nc(Cc3ccc(OCCO)cc3)[nH]c(=O)c12,8.045757490560675,True,<rdkit.Chem.rdchem.Mol object at 0x735c79091f50>
CHEMBL3648084,CDK2,9.0,nM,CCOC(=O)N=S(C)(=O)c1ccc(Nc2ncc(Br)c(N[C@H](C)C(C)(C)O)n2)cc1,8.045757490560675,True,<rdkit.Chem.rdchem.Mol object at 0x735c79092420>
CHEMBL291324,CDK2,9.0,nM,Nc1nc(N)c(N=O)c(=O)[nH]1,8.045757490560675,True,<rdkit.Chem.rdchem.Mol object at 0x735c79092ce0>
CHEMBL3927078,CDK9,9.0,nM,CS(=N)(=O)Cc1cccc(Nc2ncc(F)c(-c3ccc(F)cc3OCc3ccccc3)n2)c1,8.045757490560675,True,<rdkit.Chem.rdchem.Mol object at 0x735c790931b0>
CHEMBL3691554,CDK4,9.0,nM,CN(C)C(=O)c1cc2cnc(Nc3ccc(C(=O)N4C[C@H]5CN[C@H](C5)C4)cn3)nc2n1C1CCCC1,8.045757490560675,True,<rdkit.Chem.rdchem.Mol object at 0x735c79093bc0>
CHEMBL3691664,CDK4,9.0,nM,CN(C)C(=O)c1cc2cnc(Nc3ccc(N4CC5CCC(CC4=O)N5)cn3)nc2n1-c1ccccc1,8.045757490560675,True,<rdkit.Chem.rdchem.Mol object at 0x735c790919a0>
CHEMBL255718,CDK2,9.0,nM,O=C(Cc1ccc(O)cc1)Nc1n[nH]c2ccc(N3CCCS3(=O)=O)cc12,8.045757490560675,True,<rdkit.Chem.rdchem.Mol object at 0x735c79092ff0>
CHEMBL372465,CDK1,9.0,nM,Brc1cnc(Nc2ccc3[nH]cnc3c2)nc1Nc1ccc2c(c1)OCO2,8.045757490560675,True,<rdkit.Chem.rdchem.Mol object at 0x735c790935a0>
CHEMBL5949131,CDK4,9.0,nM,CC(C)N1CCOc2c(F)cc(-c3nc(Nc4cccc(S(N)(=O)=O)c4)ncc3F)cc21,8.045757490560675,True,<rdkit.Chem.rdchem.Mol object at 0x735c790945f0>
CHEMBL3691666,CDK4,9.0,nM,CN(C)C(=O)c1cc2cnc(Nc3ccc(N4C[C@H]5CC[C@@H](CC4=O)N5)cn3)nc2n1-c1ccccc1,8.045757490560675,True,<rdkit.Chem.rdchem.Mol object at 0x735c790959a0>
CHEMBL3673538,CDK9,9.0,nM,O=C(CO)N1CC=C(c2cc3c(-c4cncc(NCc5cccc(F)c5)n4)ccnc3[nH]2)CC1,8.045757490560675,True,<rdkit.Chem.rdchem.Mol object at 0x735c790974c0>
CHEMBL3673530,CDK9,9.0,nM,Fc1cccc(CNc2cncc(-c3ccnc4[nH]c(C5=CCNCC5)cc34)n2)c1,8.045757490560675,True,<rdkit.Chem.rdchem.Mol object at 0x735c79097df0>
CHEMBL3673507,CDK9,9.0,nM,Fc1ccc(CNc2cncc(-c3ccnc4[nH]c(C5CCNCC5)cc34)n2)cc1F,8.045757490560675,True,<rdkit.Chem.rdchem.Mol object at 0x735c79094120>
CHEMBL370728,CDK1,9.0,nM,Clc1cccc(Nc2ncc(Br)c(Nc3ccc4[nH]cnc4c3)n2)c1,8.045757490560675,True,<rdkit.Chem.rdchem.Mol object at 0x735c79094270>
CHEMBL508739,CDK2,9.0,nM,Cc1cc(Nc2ncc(F)c(-c3cnc(C)n3C(C)C)n2)ccc1C(=O)N(C)C,8.045757490560675,True,<rdkit.Chem.rdchem.Mol object at 0x735c79094510>
CHEMBL400906,CDK1,9.0,nM,CNCc1cncc(-c2cnc3[nH]nc(-c4nc5cc(OC(F)(F)F)ccc5[nH]4)c3c2)c1,8.045757490560675,True,<rdkit.Chem.rdchem.Mol object at 0x735c790946d0>
CHEMBL496785,CDK2,9.0,nM,CC(C)(C)c1cnc(CSc2cnc(NC3CCCCC3)s2)o1,8.045757490560675,True,<rdkit.Chem.rdchem.Mol object at 0x735c790953f0>
CHEMBL3642011,CDK6,9.0,nM,OC1CCN(C2CCN(c3ccc(Nc4ncc5c6ccncc6n(C6CCCC6)c5n4)nn3)CC2)CC1,8.045757490560675,True,<rdkit.Chem.rdchem.Mol object at 0x735c790955b0>
CHEMBL3673494,CDK9,9.0,nM,NC1CCCC(c2cc3c(-c4cccc(NCc5cccc(F)c5)n4)ccnc3[nH]2)C1,8.045757490560675,True,<rdkit.Chem.rdchem.Mol object at 0x735c790957e0>
CHEMBL3648121,CDK2,9.0,nM,CCS(=N)(=O)c1ccc(Nc2ncc(Br)c(N[C@@H](COC)[C@H](C)O)n2)cc1,8.045757490560675,True,<rdkit.Chem.rdchem.Mol object at 0x735c79095f50>
CHEMBL3648120,CDK2,9.0,nM,CCS(=N)(=O)c1ccc(Nc2ncc(Br)c(N[C@H](COC)[C@@H](C)O)n2)cc1,8.045757490560675,True,<rdkit.Chem.rdchem.Mol object at 0x735c79095fc0>
CHEMBL362560,CDK2,9.0,nM,COc1ccc(-c2[nH]nc3c2C(=O)c2c(NC(=O)NNC(=O)c4ccc(O)cc4)cccc2-3)cc1,8.045757490560675,True,<rdkit.Chem.rdchem.Mol object at 0x735c79096180>
CHEMBL48362,CDK1,9.0,nM,CN1CCC(c2c(O)cc(O)c3c2O/C(=C\c2ccc(S(N)(=O)=O)cc2)C3=O)CC1,8.045757490560675,True,<rdkit.Chem.rdchem.Mol object at 0x735c79096420>
CHEMBL5173041,CDK9,9.0,nM,COc1cc(C(=O)N2CCCC2)ccc1-c1ccnc2[nH]c(-c3ccc(CN4CCOCC4)cc3)nc12,8.045757490560675,True,<rdkit.Chem.rdchem.Mol object at 0x735c79096730>
CHEMBL3644034,CDK1,9.0,nM,C[C@@H](Oc1nc(Nc2ccc(S(C)(=O)=O)cc2)ncc1C(F)(F)F)C(C)(C)O,8.045757490560675,True,<rdkit.Chem.rdchem.Mol object at 0x735c79096ce0>
CHEMBL4282338,CDK2,9.0,nM,C[C@@H](O)[C@@H](C)Oc1nc(Nc2ccc([S@](=N)(=O)C3CC3)cc2)ncc1C(F)(F)F,8.045757490560675,True,<rdkit.Chem.rdchem.Mol object at 0x735c790977d0>
CHEMBL58224,CDK2,9.0,nM,O=C1Nc2cccc(C3CCNCC3)c2/C1=C/c1[nH]cc2c1CCOC2=O,8.045757490560675,True,<rdkit.Chem.rdchem.Mol object at 0x735c79097bc0>
CHEMBL3648125,CDK1,9.0,nM,Cc1cc(Nc2ncc(Br)c(N[C@@H](C)C(C)(C)O)n2)ccc1S(C)(=N)=O,8.045757490560675,True,<rdkit.Chem.rdchem.Mol object at 0x735c79094cf0>
CHEMBL3775792,CDK2,9.0,nM,CC(C)c1n[nH]c2c(NCc3ccc(-c4ccccn4)cc3)nc(NCC(C)(C)O)nc12,8.045757490560675,True,<rdkit.Chem.rdchem.Mol object at 0x735c79095930>
CHEMBL3972796,CDK9,9.0,nM,CCOC(=O)N=S(C)(=O)Cc1cccc(Nc2ncc(F)c(-c3cccc4c3OCC4)n2)c1,8.045757490560675,True,<rdkit.Chem.rdchem.Mol object at 0x735c79094350>
CHEMBL5817923,CDK4,9.0,nM,Fc1cnc(Nc2ccc(N3CCCNCC3)cn2)nc1-c1cc(F)c2c(c1)N(C1CCCC1)CCO2,8.045757490560675,True,<rdkit.Chem.rdchem.Mol object at 0x735c790968f0>
CHEMBL5287128,CDK2,9.0,nM,C[C@@H](O)[C@@H](C)Nc1nc(Nc2ccc([S@](=N)(=O)C3CC3)cc2)ncc1C(F)(F)F,8.045757490560675,True,<rdkit.Chem.rdchem.Mol object at 0x735c79096f80>
CHEMBL6017486,CDK4,9.0,nM,CC(C)N1CCOc2c(F)cc(-c3nc(Nc4ccc(S(=O)(=O)NC5CCNCC5)cc4)ncc3F)cc21,8.045757490560675,True,<rdkit.Chem.rdchem.Mol object at 0x735c790991c0>
CHEMBL460087,CDK1,9.0,nM,CN[C@H]1CCN(C(=O)c2ccc(Nc3nccc(-c4cnc(C)n4C(C)C)n3)cc2)C1,8.045757490560675,True,<rdkit.Chem.rdchem.Mol object at 0x735c790992a0>
CHEMBL5961536,CDK4,9.0,nM,CC(C)N1CCOc2c(F)cc(-c3nc(Nc4ccc(C5CCN(C)CC5)c(F)c4)ncc3F)cc21,8.045757490560675,True,<rdkit.Chem.rdchem.Mol object at 0x735c79099fc0>
CHEMBL455467,CDK2,9.0,nM,Cc1ncc(-c2ccnc(Nc3ccc(C(=O)N4CCN(C)CC4)cc3)n2)n1C(C)C,8.045757490560675,True,<rdkit.Chem.rdchem.Mol object at 0x735c7909a570>
CHEMBL4442620,CDK2,9.0,nM,C[C@@H](O)[C@@H](C)Oc1nc(Nc2ccc(S(=N)(=O)C3CC3)cc2)ncc1C(F)(F)F,8.045757490560675,True,<rdkit.Chem.rdchem.Mol object at 0x735c7909b0d0>
CHEMBL103104,CDK2,9.1,nM,NS(=O)(=O)c1ccc(Nc2cc(-c3cccc(O)c3)n[nH]2)cc1,8.040958607678906,True,<rdkit.Chem.rdchem.Mol object at 0x735c7909bc30>
CHEMBL5908734,CDK6,9.17,nM,Cc1nc2c(F)cc(-c3nc(Nc4ccc5c(n4)CCN(CCO)C5)ncc3F)cc2n1C(C)C,8.03763066432998,True,<rdkit.Chem.rdchem.Mol object at 0x735c7909bf40>
CHEMBL4213219,CDK9,9.18,nM,Cc1nc2c(F)cc(-c3nc(Nc4ccc5c(n4)CCN(C(=O)CO)C5)ncc3F)cc2n1C(C)C,8.037157318798757,True,<rdkit.Chem.rdchem.Mol object at 0x735c79098190>
CHEMBL3698712,CDK4,9.2,nM,C[C@H]1CN(c2cnc(Nc3ncc4c5ccncc5n(C5CCCC5)c4n3)cn2)CCN1,8.036212172654444,True,<rdkit.Chem.rdchem.Mol object at 0x735c79098430>
CHEMBL3698724,CDK6,9.2,nM,O=S1(=O)CCN(c2ccc(Nc3ncc4c5ccncc5n(C5CCCC5)c4n3)nn2)CC1,8.036212172654444,True,<rdkit.Chem.rdchem.Mol object at 0x735c79098510>
CHEMBL210540,CDK4,9.2,nM,Cc1cc(-c2cnc(Nc3cnc(CN4CCN(C)CC4)cn3)s2)nc(OC2CCCCC2)n1,8.036212172654444,True,<rdkit.Chem.rdchem.Mol object at 0x735c79098dd0>
CHEMBL5836990,CDK9,9.21,nM,Cc1nc2c(F)cc(-c3nc(Nc4ccc5c(n4)CCNC5)ncc3F)cc2n1C(C)C,8.03574036980315,True,<rdkit.Chem.rdchem.Mol object at 0x735c79098f20>
CHEMBL3702166,CDK4,9.3,nM,Oc1cc(-c2ccc(Nc3ncc4c5ccncc5n(C5CCCC5)c4n3)nn2)ccn1,8.031517051446064,True,<rdkit.Chem.rdchem.Mol object at 0x735c79099f50>
CHEMBL5813966,CDK4,9.46,nM,CCN1CCN(Cc2ccc(Nc3ncc(F)c(-c4cc(F)c5nn6c(c5c4)CCC6)n3)nc2)CC1,8.024108863598208,True,<rdkit.Chem.rdchem.Mol object at 0x735c7909aab0>
CHEMBL3691655,CDK4,9.5,nM,CN(C)C(=O)c1cc2cnc(Nc3ccc(N4CC5(CC4=O)CC4CCC(C5)N4)cn3)nc2n1C1CCCC1,8.022276394711152,True,<rdkit.Chem.rdchem.Mol object at 0x735c7909b5a0>
CHEMBL2112297,CDK2,9.5,nM,O=C1Nc2ccc3ncsc3c2/C1=C/Nc1ccc(S(=O)(=O)N[n+]2ccc3ccccc3c2)cc1,8.022276394711152,True,<rdkit.Chem.rdchem.Mol object at 0x735c7909bb50>
CHEMBL319467,CDK1,9.5,nM,NS(=O)(=O)c1ccc(Nc2nc(OCC3CCCCC3)c3nc[nH]c3n2)cc1,8.022276394711152,True,<rdkit.Chem.rdchem.Mol object at 0x735c79098270>
CHEMBL5806403,CDK6,9.5,nM,CC(C)N1CCOc2c(F)cc(-c3nc(Nc4ccc(N5CCN(CCO)CC5)cn4)ncc3F)cc21,8.022276394711152,True,<rdkit.Chem.rdchem.Mol object at 0x735c79098eb0>
CHEMBL3698696,CDK4,9.6,nM,O=S1(=O)CCC(Nc2ccc(Nc3ncc4c5ccncc5n(C5CCCC5)c4n3)nc2)C1,8.017728766960431,True,<rdkit.Chem.rdchem.Mol object at 0x735c7909ac00>
CHEMBL6146765,CDK9,9.6,nM,COCC(C)N1CCC(c2cc3c(-c4cnn(CC5CC5)c4)c(Cl)cnc3[nH]2)CC1,8.017728766960431,True,<rdkit.Chem.rdchem.Mol object at 0x735c7909aea0>
CHEMBL3702223,CDK4,9.6,nM,CC[C@@H](C)n1c2cnccc2c2cnc(Nc3ccc(N4CCNCC4)nn3)nc21,8.017728766960431,True,<rdkit.Chem.rdchem.Mol object at 0x735c7909e340>
CHEMBL3698648,CDK4,9.6,nM,CN(C)C1CCN(c2ccc(Nc3ncc4c5ccncc5n(C5CCCC5)c4n3)nc2)CC1,8.017728766960431,True,<rdkit.Chem.rdchem.Mol object at 0x735c7909e5e0>
CHEMBL3642028,CDK4,9.7,nM,CCN(CCO)C1CCN(c2ccc(Nc3ncc4c5ccncc5n(C5CCCC5)c4n3)nc2)CC1,8.013228265733755,True,<rdkit.Chem.rdchem.Mol object at 0x735c7909c740>
CHEMBL1276446,CDK2,9.7,nM,O=C1Nc2ccc3ncsc3c2/C1=C/Nc1ccc(S(=O)(=O)Nc2ccccn2)cc1,8.013228265733755,True,<rdkit.Chem.rdchem.Mol object at 0x735c7909c7b0>
CHEMBL4207451,CDK4,9.7,nM,CC1(C)CCc2nc3c(F)cc(-c4nc(Nc5ccc(CN6CCN(C7CC7)CC6)cn5)ncc4F)cc3n21,8.013228265733755,True,<rdkit.Chem.rdchem.Mol object at 0x735c7909c970>
CHEMBL3702113,CDK4,9.8,nM,CN(C)C1CCN(c2ccc(Nc3ncc4c5ccnc(O)c5n(C5CCC(C)(C)CC5)c4n3)nn2)CC1,8.008773924307505,True,<rdkit.Chem.rdchem.Mol object at 0x735c7909cb30>
CHEMBL3702119,CDK6,9.8,nM,CCOC(=O)CN1CCN(c2ccc(Nc3ncc4c5ccncc5n(C5CCCC5)c4n3)nn2)CC1,8.008773924307505,True,<rdkit.Chem.rdchem.Mol object at 0x735c7909d150>
CHEMBL5922296,CDK6,9.85,nM,CS(=O)(=O)c1cc2cnc(Nc3ccc(C4CCNCC4)cn3)nc2n1C1CCCC1,8.006563769502389,True,<rdkit.Chem.rdchem.Mol object at 0x735c7909d1c0>
CHEMBL5532236,CDK9,9.99,nM,CCC(=O)Nc1ccc(CNc2nc(O[C@@H]3CCCNC3)nc3c(C(C)C)cnn23)cc1,8.000434511774017,True,<rdkit.Chem.rdchem.Mol object at 0x735c7909d690>
CHEMBL3698744,CDK6,10.0,nM,NC1CCN(c2ccc(Nc3ncc4c5ccncc5n(C5CCCC5)c4n3)nn2)CC1,8.0,True,<rdkit.Chem.rdchem.Mol object at 0x735c7909da80>
CHEMBL178785,CDK2,10.0,nM,CN(C)S(=O)(=O)c1ccc(Nc2cc(N[C@H]3CC[C@H](N)CC3)nc3c(Br)cnn23)cc1,8.0,True,<rdkit.Chem.rdchem.Mol object at 0x735c7909e030>
CHEMBL3298678,CDK2,10.0,nM,O=C(N[C@H](CO)c1ccc(Cl)c(F)c1)N1CCc2cnc(NC3CCOCC3)nc2C1,8.0,True,<rdkit.Chem.rdchem.Mol object at 0x735c7909e0a0>
CHEMBL5207813,CDK9,10.0,nM,CN(C)C(=O)CN1CCC(c2cc3c(-c4ccc(=O)n(C)c4)ccnc3[nH]2)CC1,8.0,True,<rdkit.Chem.rdchem.Mol object at 0x735c7909e960>
CHEMBL3698652,CDK4,10.0,nM,COc1ccc(-n2c3cnccc3c3cnc(Nc4ccc(N5CCNCC5)cn4)nc32)cc1,8.0,True,<rdkit.Chem.rdchem.Mol object at 0x735c7909f450>
CHEMBL3698647,CDK6,10.0,nM,NC1CCN(c2ccc(Nc3ncc4c5ccncc5n(C5CCCC5)c4n3)nc2)CC1,8.0,True,<rdkit.Chem.rdchem.Mol object at 0x735c7909fdf0>
CHEMBL3663778,CDK9,10.0,nM,Fc1cncc(CNc2ccc(Cl)c(-c3ccnc4[nH]c(C5CCNCC5)cc34)n2)c1,8.0,True,<rdkit.Chem.rdchem.Mol object at 0x735c7909ff40>
CHEMBL189934,CDK2,10.0,nM,CCOC(=O)c1c(C)c2cnc(Nc3ccc(N4CCNCC4)cn3)nc2n(C2CCCC2)c1=O,8.0,True,<rdkit.Chem.rdchem.Mol object at 0x735c7909ef10>
CHEMBL3698638,CDK6,10.0,nM,CN1CCN(c2ccc(Nc3ncc4c5ccncc5n(C5CCCC5)c4n3)nc2)CC1,8.0,True,<rdkit.Chem.rdchem.Mol object at 0x735c7909c6d0>
CHEMBL4173631,CDK2,10.0,nM,Cn1cc(-c2ccc(S(=O)(=O)N3CCC(Nc4ccc(C#N)cn4)CC3)cc2)cn1,8.0,True,<rdkit.Chem.rdchem.Mol object at 0x735c7909de70>
CHEMBL3668361,CDK9,10.0,nM,COc1ccc(F)cc1-c1ccnc2[nH]c(C3=CCNCC3)cc12,8.0,True,<rdkit.Chem.rdchem.Mol object at 0x735c790a03c0>
CHEMBL402157,CDK2,10.0,nM,O=C(Cc1ccc(Cl)cc1)Nc1n[nH]c2ccc(N3CCCS3(=O)=O)cc12,8.0,True,<rdkit.Chem.rdchem.Mol object at 0x735c790a19a0>
CHEMBL445813,CDK9,10.0,nM,O=C(NC1CCNCC1)c1n[nH]cc1NC(=O)c1c(Cl)cccc1Cl,8.0,True,<rdkit.Chem.rdchem.Mol object at 0x735c790a2c00>
CHEMBL3354187,CDK2,10.0,nM,COC1CCN(c2nccc(Nc3cc4c(cn3)cc(-c3cn[nH]c3)n4C(C)C)n2)CC1,8.0,True,<rdkit.Chem.rdchem.Mol object at 0x735c790a2f80>
CHEMBL4752748,CDK9,10.0,nM,CC(=O)N[C@@H]1CCC[C@H](C(=O)Nc2cc(-c3cnn4c3CC(C)(C)CC4)c(F)cn2)C1,8.0,True,<rdkit.Chem.rdchem.Mol object at 0x735c790a3060>
CHEMBL193519,CDK1,10.0,nM,FC(F)(F)c1cnc(Nc2ccc3[nH]cnc3c2)nc1Nc1ccc2[nH]cnc2c1,8.0,True,<rdkit.Chem.rdchem.Mol object at 0x735c790a0040>
CHEMBL3698655,CDK6,10.0,nM,O[C@H]1CCN(c2ccc(Nc3ncc4c5ccncc5n(C5CCCC5)c4n3)nn2)C1,8.0,True,<rdkit.Chem.rdchem.Mol object at 0x735c790a0120>
CHEMBL3702244,CDK6,10.0,nM,C[C@H]1CN(c2ccc(Nc3ncc4c5ccncc5n(C5CCC5)c4n3)nc2)CCN1,8.0,True,<rdkit.Chem.rdchem.Mol object at 0x735c790a06d0>
CHEMBL189963,CDK2,10.0,nM,CC(=O)c1c(C)c2cnc(Nc3ccc(N4CCNCC4)cn3)nc2n(C2CCCC2)c1=O,8.0,True,<rdkit.Chem.rdchem.Mol object at 0x735c790a0c10>
CHEMBL195641,CDK1,10.0,nM,N#CNc1ccc(Nc2ncc(C(F)(F)F)c(Nc3ccc4[nH]cnc4c3)n2)cc1NC#N,8.0,True,<rdkit.Chem.rdchem.Mol object at 0x735c790a0f20>
CHEMBL1171948,CDK2,10.0,nM,NC(=O)Cn1nc(C(N)=O)c2c1-c1nc(Nc3ccccc3)ncc1CC2,8.0,True,<rdkit.Chem.rdchem.Mol object at 0x735c790a0f90>
CHEMBL3673435,CDK9,10.0,nM,COc1cc(F)ccc1-c1ccnc(NC(=O)C2CCC(NC(C)=O)C2)c1,8.0,True,<rdkit.Chem.rdchem.Mol object at 0x735c790a13f0>
CHEMBL3642004,CDK4,10.0,nM,OC1CN(C2CCN(c3ccc(Nc4ncc5c6ccncc6n(C6CCCC6)c5n4)nn3)CC2)C1,8.0,True,<rdkit.Chem.rdchem.Mol object at 0x735c790a1460>
CHEMBL3691604,CDK4,10.0,nM,CC(C)[C@@H](N)C(=O)N1C2CCC1CN(C(=O)c1ccc(Nc3ncc4cc(C(=O)N(C)C)n(C5CCCC5)c4n3)nc1)C2,8.0,True,<rdkit.Chem.rdchem.Mol object at 0x735c790a1690>
CHEMBL255262,CDK2,10.0,nM,O=C(Cc1cccc(F)c1)Nc1n[nH]c2ccc(N3CCCS3(=O)=O)cc12,8.0,True,<rdkit.Chem.rdchem.Mol object at 0x735c790a1f50>
CHEMBL3642650,CDK2,10.0,nM,Clc1ccccc1-c1cc(NCc2ccncc2)n2ncc(Br)c2n1,8.0,True,<rdkit.Chem.rdchem.Mol object at 0x735c790a2490>
CHEMBL5857638,CDK6,10.0,nM,Fc1cnc(Nc2ccc3c(n2)CCNC3)nc1-c1cc(F)c2c(c1)N(C1CCCC1)CCO2,8.0,True,<rdkit.Chem.rdchem.Mol object at 0x735c790a2500>
CHEMBL4802161,CDK6,10.0,nM,CC(=O)c1c(C)c2cnc(Nc3ccc(C4CCNCC4)cn3)nc2n(C2CCCC2)c1=O,8.0,True,<rdkit.Chem.rdchem.Mol object at 0x735c790a2960>
CHEMBL4217694,CDK4,10.0,nM,CCC1CCc2nc3c(F)cc(-c4nc(Nc5ccc(CN6CCN(C)CC6)cn5)ncc4F)cc3n21,8.0,True,<rdkit.Chem.rdchem.Mol object at 0x735c790a2ab0>
CHEMBL2012409,CDK1,10.0,nM,Cn1cc(Nc2ncc3cnn([C@@H]4C[C@H]5C[C@H]5C4)c3n2)cc1C(=O)N1CCC[C@H]1CO,8.0,True,<rdkit.Chem.rdchem.Mol object at 0x735c790a2b90>
CHEMBL5876164,CDK4,10.0,nM,CC(C)N1CCOc2c(F)cc(-c3nc(Nc4ccc(C5CCNCC5)c(F)c4)ncc3F)cc21,8.0,True,<rdkit.Chem.rdchem.Mol object at 0x735c790a2dc0>
CHEMBL3648073,CDK2,10.0,nM,C[C@H](O)[C@@H](C)Oc1nc(Nc2ccc(S(C)(=N)=O)cc2)ncc1Br,8.0,True,<rdkit.Chem.rdchem.Mol object at 0x735c790a2f10>
CHEMBL3648072,CDK1,10.0,nM,C[C@@H](Nc1nc(Nc2ccc(S(C)(=N)=O)cc2)ncc1Br)C(C)(C)O,8.0,True,<rdkit.Chem.rdchem.Mol object at 0x735c790a3ae0>
CHEMBL3642035,CDK6,10.0,nM,CN(C)CCNC1CCN(c2ccc(Nc3ncc4c5ccncc5n(C5CCCC5)c4n3)nn2)CC1,8.0,True,<rdkit.Chem.rdchem.Mol object at 0x735c790a3d10>
CHEMBL3673544,CDK9,10.0,nM,CNC(=O)N1CCC(c2cc3c(-c4nc(NCc5cccc(F)c5)c(F)cc4F)ccnc3[nH]2)CC1,8.0,True,<rdkit.Chem.rdchem.Mol object at 0x735c790a2c70>
CHEMBL415789,CDK2,10.0,nM,CSc1ccc(CC(=O)Nc2n[nH]c3ccc(N4CCCS4(=O)=O)cc23)cc1,8.0,True,<rdkit.Chem.rdchem.Mol object at 0x735c790a0eb0>
CHEMBL5758578,CDK6,10.0,nM,CC(C)N1CCOc2c(F)cc(-c3nc(Nc4ccc(C(=O)N5CCC(O)CC5)c(F)c4)ncc3F)cc21,8.0,True,<rdkit.Chem.rdchem.Mol object at 0x735c790a1d90>
CHEMBL5779625,CDK9,10.0,nM,CC1(C)Cc2c(-c3cc(NC(=O)[C@H]4CCC[C@@H](N)C4)ncc3F)cnn2C1,8.0,True,<rdkit.Chem.rdchem.Mol object at 0x735c790a44a0>
CHEMBL3702109,CDK4,10.0,nM,COc1nccc2c3cnc(Nc4ccc(N5CCNCC5)cn4)nc3n(C3CCC(C)(C)CC3)c12,8.0,True,<rdkit.Chem.rdchem.Mol object at 0x735c790a47b0>
CHEMBL5822252,CDK6,10.0,nM,CN1CCC(c2ccc(Nc3ncc(F)c(-c4cc(F)c5c(c4)N(C)CCO5)n3)cc2F)CC1,8.0,True,<rdkit.Chem.rdchem.Mol object at 0x735c790a4c10>
CHEMBL3545110,CDK4,10.0,nM,CN(C)C(=O)c1cc2cnc(Nc3ccc(N4CCNCC4)cn3)nc2n1C1CCCC1,8.0,True,<rdkit.Chem.rdchem.Mol object at 0x735c790a4e40>
CHEMBL5177440,CDK9,10.0,nM,CNC(=O)CN1CCC(c2cc3c(-c4ccc(=O)n(C(C)C)c4)ccnc3[nH]2)CC1,8.0,True,<rdkit.Chem.rdchem.Mol object at 0x735c790a5150>
CHEMBL3673504,CDK9,10.0,nM,Fc1cccc(CNc2cncc(-c3ccnc4[nH]c(C5CCNCC5)cc34)n2)c1,8.0,True,<rdkit.Chem.rdchem.Mol object at 0x735c790a51c0>
CHEMBL3673512,CDK9,10.0,nM,CN1CCC(c2cc3c(-c4cncc(NCc5ccccc5)n4)ccnc3[nH]2)CC1,8.0,True,<rdkit.Chem.rdchem.Mol object at 0x735c790a6ff0>
CHEMBL3702118,CDK4,10.0,nM,OC1CCCN(Cc2ccc(Nc3ncc4c5ccncc5n(C5CCCC5)c4n3)nc2)C1,8.0,True,<rdkit.Chem.rdchem.Mol object at 0x735c790a4200>
CHEMBL3642006,CDK4,10.0,nM,O[C@H]1CCN(C2CCN(c3ccc(Nc4ncc5c6ccncc6n(C6CCCC6)c5n4)nn3)CC2)C1,8.0,True,<rdkit.Chem.rdchem.Mol object at 0x735c790a43c0>
CHEMBL3694399,CDK9,10.0,nM,COc1ccccc1-c1cc(N(C)C(=O)[C@@H]2CCCNC2)ncn1,8.0,True,<rdkit.Chem.rdchem.Mol object at 0x735c790a4430>
CHEMBL319903,CDK2,10.0,nM,NS(=O)(=O)c1ccc(Nc2cc(-c3ccc(Br)cc3)[nH]n2)cc1,8.0,True,<rdkit.Chem.rdchem.Mol object at 0x735c790a4a50>
CHEMBL403605,CDK2,10.0,nM,Cc1cccc(CC(=O)Nc2n[nH]c3ccc(N4CCCS4(=O)=O)cc23)c1,8.0,True,<rdkit.Chem.rdchem.Mol object at 0x735c790a5310>
CHEMBL410261,CDK1,10.0,nM,CN(C)CCCOc1cc2c(cc1O)c1c3c(c(-c4ccccc4Cl)cc1n2C)C(=O)NC3=O,8.0,True,<rdkit.Chem.rdchem.Mol object at 0x735c790a58c0>
CHEMBL4294976,CDK9,10.0,nM,CCOc1ccccc1CNc1nc(C)nc2[nH]cc(-c3ccnc(N)c3)c12,8.0,True,<rdkit.Chem.rdchem.Mol object at 0x735c790a5a80>
CHEMBL404504,CDK2,10.0,nM,O=C(Cc1cccc(Cl)c1)Nc1n[nH]c2ccc(N3CCCS3(=O)=O)cc12,8.0,True,<rdkit.Chem.rdchem.Mol object at 0x735c790a5b60>
CHEMBL2012408,CDK1,10.0,nM,Cn1cc(Nc2ncc3cnn([C@@H]4C[C@H]5C[C@H]5C4)c3n2)cc1C(=O)N1CCC[C@H]1C(N)=O,8.0,True,<rdkit.Chem.rdchem.Mol object at 0x735c790a5e70>
CHEMBL5886747,CDK2,10.3,nM,Cc1nc2c(F)cc(-c3nc(Nc4ccc5c(n4)CCNC5)ncc3F)cc2n1C1(C)CC1,7.987162775294828,True,<rdkit.Chem.rdchem.Mol object at 0x735c790a6490>
CHEMBL6161225,CDK9,10.3,nM,CC(C)N1CCC(c2cc3c(-c4cnn(CC5CC5)c4)c(Cl)cnc3[nH]2)CC1,7.987162775294828,True,<rdkit.Chem.rdchem.Mol object at 0x735c790a6650>
CHEMBL5774332,CDK2,10.3,nM,Cc1nc2c(F)cc(-c3nc(Nc4ccc5c(n4)CCN(C[C@@H]4CN(C)CCO4)C5)ncc3F)cc2n1C(C)(C)C,7.987162775294828,True,<rdkit.Chem.rdchem.Mol object at 0x735c790a67a0>
CHEMBL5905735,CDK6,10.4,nM,Cc1nc2c(F)cc(-c3nc(Nc4ccc5c(n4)CCN(C(C)C)C5)ncc3F)cc2n1C(C)C,7.982966660701219,True,<rdkit.Chem.rdchem.Mol object at 0x735c790a6a40>
CHEMBL6017199,CDK2,10.4,nM,COC(=O)C(=O)N1CCc2nc(Nc3ncc(F)c(-c4cc(F)c5nc(C)n(C(C)C)c5c4)n3)ccc2C1,7.982966660701219,True,<rdkit.Chem.rdchem.Mol object at 0x735c790a6b90>
CHEMBL6002674,CDK9,10.5,nM,CNCCN1CCc2nc(Nc3ncc(F)c(-c4cc(F)c5nc(C)n(C(C)(C)C)c5c4)n3)ccc2C1,7.978810700930062,True,<rdkit.Chem.rdchem.Mol object at 0x735c790a7140>
CHEMBL3684978,CDK4,10.5,nM,COCCN1CCc2nc(Nc3ncc4c5ccncc5n([C@H]5CC[C@H](C)CC5)c4n3)ccc2C1,7.978810700930062,True,<rdkit.Chem.rdchem.Mol object at 0x735c790a7680>
CHEMBL5784667,CDK9,10.5,nM,Cc1nc2c(F)cc(-c3nc(Nc4ccc5c(n4)CCN(C(=O)C(C)N(C)C)C5)ncc3F)cc2n1C(C)C,7.978810700930062,True,<rdkit.Chem.rdchem.Mol object at 0x735c790a7990>
CHEMBL6141840,CDK9,10.6,nM,COCCN1CCC(c2cc3c(-c4cnn(CC5CC5)c4)c(Cl)cnc3[nH]2)CC1,7.97469413473523,True,<rdkit.Chem.rdchem.Mol object at 0x735c790a6b20>
CHEMBL5759958,CDK6,10.6,nM,Cc1nc2c(F)cc(-c3nc(Nc4ccc5c(n4)CCN(C(=O)CN(C)C)C5)ncc3F)cc2n1C1CCCC1,7.97469413473523,True,<rdkit.Chem.rdchem.Mol object at 0x735c790a6f10>
CHEMBL421578,CDK2,10.7,nM,CS(=O)(=O)Nc1cccc(-c2cc(Nc3ccc(S(N)(=O)=O)cc3)[nH]n2)c1,7.97061622231479,True,<rdkit.Chem.rdchem.Mol object at 0x735c790a6f80>
CHEMBL4786429,CDK9,10.7,nM,CN(C)C/C=C/C(=O)Nc1cccc(C(=O)Nc2ncc(SCc3ncc(C(C)(C)C)o3)s2)c1,7.97061622231479,True,<rdkit.Chem.rdchem.Mol object at 0x735c790a80b0>
CHEMBL319103,CDK2,10.7,nM,NS(=O)(=O)c1ccc(Nc2cc(-c3cccc(NS(=O)(=O)c4ccccc4)c3)[nH]n2)cc1,7.97061622231479,True,<rdkit.Chem.rdchem.Mol object at 0x735c790a89e0>
CHEMBL4641226,CDK2,10.8,nM,C=CC(=O)N1CCC(C(=O)Nc2ncc(SCc3ncc(C(C)(C)C)o3)s2)CC1,7.966576244513051,True,<rdkit.Chem.rdchem.Mol object at 0x735c790a9700>
CHEMBL5908734,CDK9,10.8,nM,Cc1nc2c(F)cc(-c3nc(Nc4ccc5c(n4)CCN(CCO)C5)ncc3F)cc2n1C(C)C,7.966576244513051,True,<rdkit.Chem.rdchem.Mol object at 0x735c790aa110>
CHEMBL3298982,CDK2,11.0,nM,O=C(N[C@H](CO)c1ccc(Cl)c(Cl)c1)N1CCc2cnc(NC3CCOCC3)nc2C1,7.958607314841775,True,<rdkit.Chem.rdchem.Mol object at 0x735c790a8200>
CHEMBL3237451,CDK4,11.0,nM,c1cc2c3cnc(Nc4ccc(N5CCNCC5)cn4)nc3n(C3CCCCC3)c2cn1,7.958607314841775,True,<rdkit.Chem.rdchem.Mol object at 0x735c790a8580>
CHEMBL3702225,CDK4,11.0,nM,CC[C@@H](C)n1c2cnccc2c2cnc(Nc3ccc(N4CCC(NC)CC4)cn3)nc21,7.958607314841775,True,<rdkit.Chem.rdchem.Mol object at 0x735c790a86d0>
CHEMBL3940387,CDK9,11.0,nM,CC(C)c1c2cc(-c3ccnc(N[C@H]4CC[C@H](NC5CCOCC5)CC4)n3)ccc2nn1C,7.958607314841775,True,<rdkit.Chem.rdchem.Mol object at 0x735c790a8970>
CHEMBL6167833,CDK6,11.0,nM,CC(=O)N1CCC2(CC1)CC(=O)c1ccc(-c3nc(Nc4ccc(N5CCN(C(=O)C6CC6)CC5)cn4)ncc3F)cc1O2,7.958607314841775,True,<rdkit.Chem.rdchem.Mol object at 0x735c790a9620>
CHEMBL3642000,CDK6,11.0,nM,C[C@H](CO)NC1CCN(c2ccc(Nc3ncc4c5ccncc5n(C5CCCC5)c4n3)nn2)CC1,7.958607314841775,True,<rdkit.Chem.rdchem.Mol object at 0x735c790a9c40>
CHEMBL3641937,CDK4,11.0,nM,C[C@@H](CO)n1c2cnccc2c2cnc(Nc3ccc(N4CCNC(C)(C)C4)nn3)nc21,7.958607314841775,True,<rdkit.Chem.rdchem.Mol object at 0x735c790a9ee0>
CHEMBL3698679,CDK4,11.0,nM,OCC1(n2c3cnccc3c3cnc(Nc4ccc(N5CCNCC5)cn4)nc32)CCCC1,7.958607314841775,True,<rdkit.Chem.rdchem.Mol object at 0x735c790aa730>
CHEMBL3702074,CDK4,11.0,nM,FC(F)(F)C1CN(c2ccc(Nc3ncc4c5ccncc5n(C5CCCC5)c4n3)nc2)CCN1,7.958607314841775,True,<rdkit.Chem.rdchem.Mol object at 0x735c790aa810>
CHEMBL3702058,CDK4,11.0,nM,c1cc2c3cnc(Nc4ccc(N5CCN(C6CC6)CC5)cn4)nc3n(C3CCCC3)c2cn1,7.958607314841775,True,<rdkit.Chem.rdchem.Mol object at 0x735c790aaea0>
CHEMBL3673509,CDK9,11.0,nM,O=C(CO)N1CCC(c2cc3c(-c4cncc(NCc5cccc(F)c5)n4)ccnc3[nH]2)CC1,7.958607314841775,True,<rdkit.Chem.rdchem.Mol object at 0x735c790ab0d0>
CHEMBL484738,CDK2,11.0,nM,Cc1ncc(-c2ccnc(Nc3ccc(S(N)(=O)=O)cc3)n2)n1C,7.958607314841775,True,<rdkit.Chem.rdchem.Mol object at 0x735c790ab300>
CHEMBL5811976,CDK9,11.0,nM,Cc1nc2c(F)cc(-c3nc(Nc4ccc5c(n4)CCN(C[C@@H]4CNCCO4)C5)ncc3F)cc2n1C(C)(C)C,7.958607314841775,True,<rdkit.Chem.rdchem.Mol object at 0x735c790ab3e0>
CHEMBL3642010,CDK6,11.0,nM,CCN(CCO)C1CCN(c2ccc(Nc3ncc4c5ccncc5n(C5CCCC5)c4n3)nn2)CC1,7.958607314841775,True,<rdkit.Chem.rdchem.Mol object at 0x735c790aba70>
CHEMBL3702121,CDK6,11.0,nM,CCOC(=O)CN1CCN(Cc2ccc(Nc3ncc4c5ccncc5n(C5CCCC5)c4n3)nc2)CC1,7.958607314841775,True,<rdkit.Chem.rdchem.Mol object at 0x735c790abdf0>
CHEMBL3644023,CDK2,11.0,nM,C=CCS(=O)(=O)c1ccc(Nc2ncc(C(F)(F)F)c(O[C@H](C)C(C)(C)O)n2)cc1,7.958607314841775,True,<rdkit.Chem.rdchem.Mol object at 0x735c790a90e0>
CHEMBL3698708,CDK6,11.0,nM,CNC1CCN(c2ccc(Nc3ncc4c5ccncc5n(C5CCCC5)c4n3)nn2)CC1,7.958607314841775,True,<rdkit.Chem.rdchem.Mol object at 0x735c790aa340>
CHEMBL3642647,CDK2,11.0,nM,Fc1ccccc1-c1cc(NCc2cccnc2)n2ncc(Br)c2n1,7.958607314841775,True,<rdkit.Chem.rdchem.Mol object at 0x735c790ab140>
CHEMBL3648122,CDK1,11.0,nM,CCS(=N)(=O)c1ccc(Nc2ncc(Br)c(N[C@@H](C)[C@H](C)O)n2)cc1,7.958607314841775,True,<rdkit.Chem.rdchem.Mol object at 0x735c790ab530>
CHEMBL5853767,CDK9,11.0,nM,Cc1nc2c(F)cc(-c3nc(Nc4ccc5c(n4)CCN(C[C@@H]4CNCCO4)C5)ncc3F)cc2n1C(C)C,7.958607314841775,True,<rdkit.Chem.rdchem.Mol object at 0x735c790a8040>
CHEMBL3648118,CDK1,11.0,nM,COC[C@@H](Nc1nc(Nc2ccc(S(C)(=N)=O)cc2)ncc1Br)[C@@H](C)O,7.958607314841775,True,<rdkit.Chem.rdchem.Mol object at 0x735c790a9690>
CHEMBL3648104,CDK2,11.0,nM,CC(Sc1nc(Nc2ccc(S(C)(=N)=O)cc2)ncc1Br)C(C)(C)O,7.958607314841775,True,<rdkit.Chem.rdchem.Mol object at 0x735c790a9f50>
CHEMBL6048798,CDK6,11.0,nM,CC(C)N1CCOc2c(F)cc(-c3nc(Nc4ccc(N5CCNCC5)c(F)c4F)ncc3F)cc21,7.958607314841775,True,<rdkit.Chem.rdchem.Mol object at 0x735c790aa2d0>
CHEMBL3702146,CDK4,11.0,nM,O=C(Cc1ccc(Nc2ncc3c4ccncc4n(C4CCCC4)c3n2)nc1)N1CCOCC1,7.958607314841775,True,<rdkit.Chem.rdchem.Mol object at 0x735c790aa490>
CHEMBL424722,CDK4,11.0,nM,O=c1c2cccc3c2sn1CCCCCCOc1cccc2nc(O)c-3nc12,7.958607314841775,True,<rdkit.Chem.rdchem.Mol object at 0x735c790aaf80>
CHEMBL5198372,CDK9,11.0,nM,CSCCn1cc(-c2ccnc3[nH]c(C4CCN(CC(=O)N(C)C)CC4)cc23)ccc1=O,7.958607314841775,True,<rdkit.Chem.rdchem.Mol object at 0x735c790ac580>
CHEMBL563308,CDK1,11.0,nM,CC(C)COc1ccc2sc3c(c2c1)NC[C@@H](C)NC3=O,7.958607314841775,True,<rdkit.Chem.rdchem.Mol object at 0x735c790af990>
CHEMBL189963,CDK4,11.0,nM,CC(=O)c1c(C)c2cnc(Nc3ccc(N4CCNCC4)cn3)nc2n(C2CCCC2)c1=O,7.958607314841775,True,<rdkit.Chem.rdchem.Mol object at 0x735c790ac190>
CHEMBL3702224,CDK4,11.0,nM,CC[C@@H](C)n1c2cnccc2c2cnc(Nc3ccc(N4CCNC(C)(C)C4)nn3)nc21,7.958607314841775,True,<rdkit.Chem.rdchem.Mol object at 0x735c790ac3c0>
CHEMBL3702208,CDK4,11.0,nM,NC1CCN(c2ccc(Nc3ncc4c5ccccc5n(C5CCCC5)c4n3)nn2)CC1,7.958607314841775,True,<rdkit.Chem.rdchem.Mol object at 0x735c790ac5f0>
CHEMBL3663759,CDK9,11.0,nM,COc1ccc(F)cc1-c1ccnc2[nH]c(C3CCNCC3)cc12,7.958607314841775,True,<rdkit.Chem.rdchem.Mol object at 0x735c790ada80>
CHEMBL3702209,CDK4,11.0,nM,CN(C)C1CCN(c2ccc(Nc3ncc4c5ccccc5n(C5CCCC5)c4n3)nc2)CC1,7.958607314841775,True,<rdkit.Chem.rdchem.Mol object at 0x735c790add20>
CHEMBL3702220,CDK6,11.0,nM,CC[C@@H](C)n1c2cnccc2c2cnc(Nc3ccc(N4CCNCC4)cn3)nc21,7.958607314841775,True,<rdkit.Chem.rdchem.Mol object at 0x735c790adee0>
CHEMBL3702221,CDK6,11.0,nM,CC[C@@H](C)n1c2cnccc2c2cnc(Nc3ccc(N4CCN[C@@H](C)C4)cn3)nc21,7.958607314841775,True,<rdkit.Chem.rdchem.Mol object at 0x735c790ae260>
CHEMBL453895,CDK2,11.0,nM,Cc1ncc(-c2ccnc(Nc3ccc(C(=O)NC4CCN(C)CC4)c(F)c3)n2)n1C(C)C,7.958607314841775,True,<rdkit.Chem.rdchem.Mol object at 0x735c790aef10>
CHEMBL3702045,CDK4,11.0,nM,CCN1CCN(c2ccc(Nc3ncc4c5ccncc5n(C5CCCC5)c4n3)nn2)CC1,7.958607314841775,True,<rdkit.Chem.rdchem.Mol object at 0x735c790af0d0>
CHEMBL3668476,CDK9,11.0,nM,Fc1ccc(NCc2ccccc2)cc1-c1ccnc2[nH]c(C3CCCNC3)cc12,7.958607314841775,True,<rdkit.Chem.rdchem.Mol object at 0x735c790af1b0>
CHEMBL539855,CDK4,11.0,nM,CN1CCOc2cccc3nc(O)c(nc23)-c2cccc3c(=O)n(sc23)CC1.Cl,7.958607314841775,True,<rdkit.Chem.rdchem.Mol object at 0x735c790af5a0>
CHEMBL181114,CDK2,11.0,nM,N[C@H]1CC[C@H](Nc2cc(Nc3ccc(S(=O)(=O)c4cccs4)cc3)n3ncc(Cl)c3n2)CC1,7.958607314841775,True,<rdkit.Chem.rdchem.Mol object at 0x735c790af6f0>
CHEMBL3698739,CDK6,11.0,nM,N[C@@H]1CCN(c2ccc(Nc3ncc4c5ccncc5n(C5CCCC5)c4n3)nn2)C1,7.958607314841775,True,<rdkit.Chem.rdchem.Mol object at 0x735c790afbc0>
CHEMBL3702207,CDK4,11.0,nM,c1ccc2c(c1)c1cnc(Nc3ccc(N4CCNCC4)nn3)nc1n2C1CCCC1,7.958607314841775,True,<rdkit.Chem.rdchem.Mol object at 0x735c790afca0>
CHEMBL460102,CDK1,11.0,nM,Cc1ncc(-c2nc(Nc3ccc(C(=O)N4CC[C@H](N(C)C)C4)cc3)ncc2F)n1C(C)C,7.958607314841775,True,<rdkit.Chem.rdchem.Mol object at 0x735c790afed0>
CHEMBL460103,CDK1,11.0,nM,Cc1ncc(-c2nc(Nc3ccc(C(=O)N4CC[C@@H](N(C)C)C4)cc3)ncc2F)n1C(C)C,7.958607314841775,True,<rdkit.Chem.rdchem.Mol object at 0x735c790ac2e0>
CHEMBL4442620,CDK4,11.0,nM,C[C@@H](O)[C@@H](C)Oc1nc(Nc2ccc(S(=N)(=O)C3CC3)cc2)ncc1C(F)(F)F,7.958607314841775,True,<rdkit.Chem.rdchem.Mol object at 0x735c790ac510>
CHEMBL5207146,CDK9,11.0,nM,COc1cc(C(=O)N2CCCC2)ccc1-c1ccnc2[nH]c(C3CCN(C(C)=O)CC3)cc12,7.958607314841775,True,<rdkit.Chem.rdchem.Mol object at 0x735c790ac890>
CHEMBL3702182,CDK4,11.0,nM,CCN(CC)C1CCN(c2ccc(Nc3ncc4c5ccnnc5n(C5CCCC5)c4n3)nc2)CC1,7.958607314841775,True,<rdkit.Chem.rdchem.Mol object at 0x735c790aca50>
CHEMBL3702184,CDK4,11.0,nM,CCN(CC)C1CCN(c2ccc(Nc3ncc4c5ccnc(OC)c5n(C5CCCC5)c4n3)nn2)CC1,7.958607314841775,True,<rdkit.Chem.rdchem.Mol object at 0x735c790adf50>
CHEMBL3237446,CDK6,11.0,nM,O=c1[nH]ccc2c3cnc(Nc4ccc(N5CCNCC5)cn4)nc3n(C3CCCC3)c12,7.958607314841775,True,<rdkit.Chem.rdchem.Mol object at 0x735c790ae030>
CHEMBL3673523,CDK9,11.0,nM,OCC(O)CN1CCC(c2cc3c(-c4cncc(OCc5cccc(F)c5)n4)ccnc3[nH]2)CC1,7.958607314841775,True,<rdkit.Chem.rdchem.Mol object at 0x735c790aeff0>
CHEMBL3673547,CDK9,11.0,nM,CNC(=O)C1CC=C(c2cc3c(-c4cncc(NCc5ccccc5)n4)ccnc3[nH]2)CC1,7.958607314841775,True,<rdkit.Chem.rdchem.Mol object at 0x735c790af3e0>
CHEMBL3698669,CDK4,11.0,nM,c1cc2c3cnc(Nc4ccc(N5CCNCC5)cn4)nc3n(C3CCCCCC3)c2cn1,7.958607314841775,True,<rdkit.Chem.rdchem.Mol object at 0x735c79045540>
CHEMBL3648089,CDK2,11.0,nM,CCOC(=O)N=S(=O)(CC)c1ccc(Nc2ncc(Br)c(N[C@H](C)[C@H](C)O)n2)cc1,7.958607314841775,True,<rdkit.Chem.rdchem.Mol object at 0x735c790455b0>
CHEMBL3702170,CDK4,11.0,nM,c1cc2c3cnc(Nc4ccc(OC5CCNCC5)nn4)nc3n(C3CCCC3)c2cn1,7.958607314841775,True,<rdkit.Chem.rdchem.Mol object at 0x735c79045700>
CHEMBL6021151,CDK1,11.0,nM,CN1N=CC2(CCCCC2)n2c1cc1cnc(Nc3ccc(S(N)(=O)=O)cc3)nc12,7.958607314841775,True,<rdkit.Chem.rdchem.Mol object at 0x735c79045b60>
CHEMBL364935,CDK1,11.0,nM,FC(F)(F)c1cnc(Nc2ccc(Br)cc2)nc1Nc1ccc2[nH]cnc2c1,7.958607314841775,True,<rdkit.Chem.rdchem.Mol object at 0x735c79045bd0>
CHEMBL5761239,CDK6,11.1,nM,CS(=O)(=O)c1cc2cnc(Nc3ccc(C4=CCNCC4)cn3)nc2n1C1CCCC1,7.954677021213342,True,<rdkit.Chem.rdchem.Mol object at 0x735c79045e70>
CHEMBL3698732,CDK6,11.1,nM,OC1CCN(c2ccc(Nc3ncc4c5ccncc5n(C5CCCC5)c4n3)nn2)CC1,7.954677021213342,True,<rdkit.Chem.rdchem.Mol object at 0x735c790470d0>
CHEMBL4210707,CDK6,11.2,nM,CC1(C)CCc2nc3c(F)cc(-c4nc(Nc5ccc(CN6CCN(CCF)CC6)cn5)ncc4F)cc3n21,7.950781977329818,True,<rdkit.Chem.rdchem.Mol object at 0x735c79047220>
CHEMBL3698721,CDK6,11.2,nM,c1cc2c3cnc(Nc4ccc(N[C@@H]5CCNC5)nn4)nc3n(C3CCCC3)c2cn1,7.950781977329818,True,<rdkit.Chem.rdchem.Mol object at 0x735c790444a0>
CHEMBL5813772,CDK9,11.4,nM,Cc1nc2c(F)cc(-c3nc(Nc4ccc5c(n4)CCN(C)C5)ncc3F)cc2n1C(C)C,7.943095148663527,True,<rdkit.Chem.rdchem.Mol object at 0x735c790445f0>
CHEMBL3698640,CDK6,11.5,nM,C[C@@H]1CN(c2ccc(Nc3ncc4c5ccncc5n(C5CCCC5)c4n3)nn2)CCN1,7.939302159646388,True,<rdkit.Chem.rdchem.Mol object at 0x735c79044740>
CHEMBL4777844,CDK2,11.5,nM,CN(C)C/C=C/C(=O)N1CCC(C(=O)Nc2ncc(SCc3ncc(C(C)(C)C)o3)s2)CC1,7.939302159646388,True,<rdkit.Chem.rdchem.Mol object at 0x735c79044970>
CHEMBL5561839,CDK6,11.5,nM,CC(C)n1nnc2ccc(-c3ccnc(Nc4cc(C(=O)N5CCCC5)ccn4)c3)cc21,7.939302159646388,True,<rdkit.Chem.rdchem.Mol object at 0x735c79044c80>
CHEMBL3691610,CDK4,11.5,nM,CN(C)C(=O)c1cc2cnc(Nc3ccc(C(=O)N4CCC5CCC(C4)N5)cn3)nc2n1C1CCCC1,7.939302159646388,True,<rdkit.Chem.rdchem.Mol object at 0x735c79044eb0>
CHEMBL5416114,CDK2,11.58,nM,Cl.N[C@H]1CCN(c2c3c(nc4ccc(-c5ccnc(NC(=O)C6CC6)n5)cc24)CCCCC3)C1,7.936291440608582,True,<rdkit.Chem.rdchem.Mol object at 0x735c790451c0>
CHEMBL3702033,CDK4,12.0,nM,CC1CN(c2ccc(Nc3ncc4c5cc[nH]c(=O)c5n(C5CCCC5)c4n3)nn2)CC(C)N1,7.920818753952375,True,<rdkit.Chem.rdchem.Mol object at 0x735c79045690>
CHEMBL309573,CDK2,12.0,nM,COCCNS(=O)(=O)c1ccc(Nc2nccc(-c3cnc4ccccn34)n2)cc1,7.920818753952375,True,<rdkit.Chem.rdchem.Mol object at 0x735c790467a0>
CHEMBL456963,CDK2,12.0,nM,O=C(NC1CCCCC1)c1n[nH]cc1NC(=O)c1c(F)cccc1F,7.920818753952375,True,<rdkit.Chem.rdchem.Mol object at 0x735c79047840>
CHEMBL3691548,CDK4,12.0,nM,CN(C)C(=O)c1cc2cnc(Nc3ccc(C(=O)N4CCC5(CC4)CNC5)cn3)nc2n1C1CCCCCC1,7.920818753952375,True,<rdkit.Chem.rdchem.Mol object at 0x735c79047bc0>
CHEMBL402157,CDK1,12.0,nM,O=C(Cc1ccc(Cl)cc1)Nc1n[nH]c2ccc(N3CCCS3(=O)=O)cc12,7.920818753952375,True,<rdkit.Chem.rdchem.Mol object at 0x735c79047d80>
CHEMBL3698738,CDK4,12.0,nM,N[C@H]1CCN(c2ccc(Nc3ncc4c5ccncc5n(C5CCCC5)c4n3)nn2)C1,7.920818753952375,True,<rdkit.Chem.rdchem.Mol object at 0x735c790463b0>
CHEMBL3668375,CDK9,12.0,nM,CN1CCC(c2cc3c(-c4cccc(NCc5c(F)cccc5F)n4)ccnc3[nH]2)CC1,7.920818753952375,True,<rdkit.Chem.rdchem.Mol object at 0x735c79045850>
CHEMBL6151897,CDK6,12.0,nM,CCOC(=O)C1CCN(c2ccc(Nc3ncc(F)c(-c4ccc5c(c4)OC4(CCN(C(C)=O)CC4)CC5=O)n3)nc2)CC1,7.920818753952375,True,<rdkit.Chem.rdchem.Mol object at 0x735c79045af0>
CHEMBL3691642,CDK4,12.0,nM,CN(C)C(=O)c1cc2cnc(Nc3ccc(N4C[C@@]5(CCCNCC5)OC4=O)cn3)nc2n1C1CCCC1,7.920818753952375,True,<rdkit.Chem.rdchem.Mol object at 0x735c79046180>
CHEMBL3691646,CDK4,12.0,nM,CN(C)C(=O)c1cc2cnc(Nc3ccc(N4C[C@@]5(CCCNC5)OC4=O)cn3)nc2n1C1CCCC1,7.920818753952375,True,<rdkit.Chem.rdchem.Mol object at 0x735c79046730>
CHEMBL5994018,CDK9,12.0,nM,Fc1cccc(Cn2cnc3ccc(-c4cc(NCCC5CCNCC5)ncc4Cl)cc32)c1,7.920818753952375,True,<rdkit.Chem.rdchem.Mol object at 0x735c79046a40>
CHEMBL3702217,CDK4,12.0,nM,CC[C@@H](C)n1c2cnccc2c2cnc(Nc3ccc(N4CCN[C@@H](C)C4)nn3)nc21,7.920818753952375,True,<rdkit.Chem.rdchem.Mol object at 0x735c79040270>
CHEMBL3298310,CDK2,12.0,nM,CC[C@@H](NC(=O)N1CCc2cnc(N[C@@H](C)CO)nc2C1)c1ccc(Cl)c(Cl)c1,7.920818753952375,True,<rdkit.Chem.rdchem.Mol object at 0x735c79040b30>
CHEMBL3691656,CDK4,12.0,nM,CN(C)C(=O)c1cc2cnc(Nc3ccc(N4CC5(CCNCC5)OC4=O)cn3)nc2n1C1CCCC1,7.920818753952375,True,<rdkit.Chem.rdchem.Mol object at 0x735c790414d0>
CHEMBL5992870,CDK1,12.0,nM,CN1CCN(C(=O)c2ccc(Nc3ncc4cc5n(c4n3)C3(CCCCC3)CC(=O)N5)cc2)CC1,7.920818753952375,True,<rdkit.Chem.rdchem.Mol object at 0x735c79041700>
CHEMBL3668418,CDK9,12.0,nM,COc1ccc(F)cc1-c1ccnc2[nH]c(C3CNC3)cc12,7.920818753952375,True,<rdkit.Chem.rdchem.Mol object at 0x735c79041b60>
CHEMBL311992,CDK2,12.0,nM,NCCOc1cc(-c2ccc[nH]2)c2c3c(ccc(F)c13)NC2=O,7.920818753952375,True,<rdkit.Chem.rdchem.Mol object at 0x735c79041c40>
CHEMBL3702209,CDK6,12.0,nM,CN(C)C1CCN(c2ccc(Nc3ncc4c5ccccc5n(C5CCCC5)c4n3)nc2)CC1,7.920818753952375,True,<rdkit.Chem.rdchem.Mol object at 0x735c79043680>
CHEMBL3663764,CDK9,12.0,nM,COc1cc(F)c(F)cc1-c1ccnc2[nH]c(C3CCNCC3)cc12,7.920818753952375,True,<rdkit.Chem.rdchem.Mol object at 0x735c79043ed0>
CHEMBL215803,CDK6,12.0,nM,C[C@@H]1C[C@H]2CN1CCn1nc3c(cccc3c1O)-c1nc3c(cccc3nc1O)O2,7.920818753952375,True,<rdkit.Chem.rdchem.Mol object at 0x735c79040820>
CHEMBL2158843,CDK1,12.0,nM,NS(=O)(=O)c1cccc(Nc2nccc(-c3ccnc(NCCCO)c3)n2)c1,7.920818753952375,True,<rdkit.Chem.rdchem.Mol object at 0x735c79040890>
CHEMBL409731,CDK1,12.0,nM,COC(=O)c1ccc2c(c1)/C(=C/Nc1ccc(S(N)(=O)=O)cc1)C(=O)N2,7.920818753952375,True,<rdkit.Chem.rdchem.Mol object at 0x735c79040ba0>
CHEMBL3702248,CDK6,12.0,nM,CC1(C)CN(c2ccc(Nc3ncc4c5ccncc5n(C5CCC5)c4n3)nn2)CCN1,7.920818753952375,True,<rdkit.Chem.rdchem.Mol object at 0x735c79040d60>
CHEMBL432491,CDK2,12.0,nM,NS(=O)(=O)c1ccc2c(c1)/C(=C/c1[nH]cc3c1CCOC3=O)C(=O)N2,7.920818753952375,True,<rdkit.Chem.rdchem.Mol object at 0x735c79041000>
CHEMBL1964259,CDK1,12.0,nM,O=C1Nc2ccc3ncsc3c2/C1=C/Nc1ccc(S(=O)(=O)NCCOCCO)cc1,7.920818753952375,True,<rdkit.Chem.rdchem.Mol object at 0x735c79041bd0>
CHEMBL5902314,CDK4,12.0,nM,CC(C)N1CCOc2c(F)cc(-c3nc(Nc4ccc5c(c4)C(=O)NCC5)ncc3F)cc21,7.920818753952375,True,<rdkit.Chem.rdchem.Mol object at 0x735c79041e00>
CHEMBL3642036,CDK6,12.0,nM,OC[C@@H](O)CNC1CCN(c2ccc(Nc3ncc4c5ccncc5n(C5CCCC5)c4n3)nn2)CC1,7.920818753952375,True,<rdkit.Chem.rdchem.Mol object at 0x735c79041ee0>
CHEMBL359554,CDK4,12.0,nM,c1ccc(Nc2nccc(-c3cnn4ncccc34)n2)cc1,7.920818753952375,True,<rdkit.Chem.rdchem.Mol object at 0x735c790421f0>
CHEMBL3644024,CDK1,12.0,nM,CC(C)S(=O)(=O)c1ccc(Nc2ncc(C(F)(F)F)c(O[C@H](C)[C@@H](C)O)n2)cc1,7.920818753952375,True,<rdkit.Chem.rdchem.Mol object at 0x735c79043840>
CHEMBL513354,CDK4,12.0,nM,CCN(CC)Cc1cccc(Nc2nccc(-c3cnn4ncccc34)n2)c1,7.920818753952375,True,<rdkit.Chem.rdchem.Mol object at 0x735c790417e0>
CHEMBL3648085,CDK2,12.0,nM,CCOC(=O)N=S(C)(=O)c1ccc(Nc2ncc(Br)c(N[C@H](C)[C@H](C)O)n2)cc1,7.920818753952375,True,<rdkit.Chem.rdchem.Mol object at 0x735c79041a10>
CHEMBL4802161,CDK4,12.0,nM,CC(=O)c1c(C)c2cnc(Nc3ccc(C4CCNCC4)cn3)nc2n(C2CCCC2)c1=O,7.920818753952375,True,<rdkit.Chem.rdchem.Mol object at 0x735c79043760>
CHEMBL3644027,CDK2,12.0,nM,COC[C@@H](C)Oc1nc(Nc2ccc(S(C)(=O)=O)cc2)ncc1C(F)(F)F,7.920818753952375,True,<rdkit.Chem.rdchem.Mol object at 0x735c79030200>
CHEMBL5867014,CDK4,12.0,nM,CC(C)N1CCOc2c(F)cc(-c3nc(Nc4ccc(N5CCN(C(=O)N(C)C)CC5)cn4)ncc3F)cc21,7.920818753952375,True,<rdkit.Chem.rdchem.Mol object at 0x735c790304a0>
CHEMBL3644021,CDK2,12.0,nM,C[C@@H](O)[C@@H](C)Oc1nc(Nc2ccc(S(=O)(=O)C(F)F)cc2)ncc1C(F)(F)F,7.920818753952375,True,<rdkit.Chem.rdchem.Mol object at 0x735c79031b60>
CHEMBL3698710,CDK4,12.0,nM,CC1CN(c2cnc(Nc3ncc4c5ccncc5n(C5CCCC5)c4n3)cn2)CC(C)N1,7.920818753952375,True,<rdkit.Chem.rdchem.Mol object at 0x735c79032a40>
CHEMBL3698687,CDK4,12.0,nM,COc1nccc2c3cnc(Nc4ccc(N5CCNCC5)cn4)nc3n(C3CCCC3)c12,7.920818753952375,True,<rdkit.Chem.rdchem.Mol object at 0x735c79032dc0>
CHEMBL3702135,CDK6,12.0,nM,c1ccc(-n2c3cnccc3c3cnc(Nc4ccc(N5CCNCC5)cn4)cc32)cc1,7.920818753952375,True,<rdkit.Chem.rdchem.Mol object at 0x735c790337d0>
CHEMBL3642029,CDK6,12.0,nM,OC1CN(C2CCN(c3ccc(Nc4ncc5c6ccncc6n(C6CCCC6)c5n4)nc3)CC2)C1,7.920818753952375,True,<rdkit.Chem.rdchem.Mol object at 0x735c79033990>
CHEMBL3673517,CDK9,12.0,nM,Fc1cccc(COc2cncc(-c3ccnc4[nH]c(C5CCNCC5)cc34)n2)c1,7.920818753952375,True,<rdkit.Chem.rdchem.Mol object at 0x735c79033d10>
CHEMBL3642005,CDK4,12.0,nM,O[C@@H]1CCN(C2CCN(c3ccc(Nc4ncc5c6ccncc6n(C6CCCC6)c5n4)nn3)CC2)C1,7.920818753952375,True,<rdkit.Chem.rdchem.Mol object at 0x735c790302e0>
CHEMBL1171949,CDK2,12.0,nM,NC(=O)c1nn(CC2CCNCC2)c2c1CCc1cnc(Nc3ccccc3)nc1-2,7.920818753952375,True,<rdkit.Chem.rdchem.Mol object at 0x735c79030510>
CHEMBL3642016,CDK6,12.0,nM,C[C@@H](O)CNC1CCN(c2ccc(Nc3ncc4c5ccncc5n(C5CCCC5)c4n3)nc2)CC1,7.920818753952375,True,<rdkit.Chem.rdchem.Mol object at 0x735c790306d0>
CHEMBL3642020,CDK6,12.0,nM,c1cc2c3cnc(Nc4ccc(N5CCC(NC6CC6)CC5)cn4)nc3n(C3CCCC3)c2cn1,7.920818753952375,True,<rdkit.Chem.rdchem.Mol object at 0x735c79031a80>
CHEMBL3642015,CDK4,12.0,nM,C[C@H](O)CNC1CCN(c2ccc(Nc3ncc4c5ccncc5n(C5CCCC5)c4n3)nc2)CC1,7.920818753952375,True,<rdkit.Chem.rdchem.Mol object at 0x735c79031ee0>
CHEMBL3639975,CDK4,12.0,nM,c1cc2c3cnc(Nc4cnc(NC5CCNCC5)cn4)nc3n(C3CCCC3)c2cn1,7.920818753952375,True,<rdkit.Chem.rdchem.Mol object at 0x735c79033060>
CHEMBL509406,CDK1,12.0,nM,Cc1ncc(-c2nc(Nc3ccc(C(=O)NC4CCN(C)CC4)c(F)c3)ncc2F)n1C(C)C,7.920818753952375,True,<rdkit.Chem.rdchem.Mol object at 0x735c79033300>
CHEMBL3641994,CDK6,12.0,nM,OCCNC1CCN(c2ccc(Nc3ncc4c5ccncc5n(C5CCCC5)c4n3)nn2)CC1,7.920818753952375,True,<rdkit.Chem.rdchem.Mol object at 0x735c79033370>
CHEMBL3641988,CDK4,12.0,nM,CNC1CCN(c2ccc(Nc3ncc4c5ccncc5n([C@@H]5CCOC5)c4n3)nc2)CC1,7.920818753952375,True,<rdkit.Chem.rdchem.Mol object at 0x735c790336f0>
CHEMBL6059395,CDK9,12.0,nM,N#CCC(=O)N[C@@H]1CCC[C@H](C(=O)Nc2cc(-c3cnn4c3CCCC4)c(Cl)cn2)C1,7.920818753952375,True,<rdkit.Chem.rdchem.Mol object at 0x735c79033a00>
CHEMBL99780,CDK1,12.0,nM,COc1ccc2sc3c(c2c1)NC[C@@H](C)NC3=O,7.920818753952375,True,<rdkit.Chem.rdchem.Mol object at 0x735c79033f40>
CHEMBL82767,CDK2,12.0,nM,NCCNc1cc(-c2ccc[nH]2)c2c3c(ccc(F)c13)NC2=O,7.920818753952375,True,<rdkit.Chem.rdchem.Mol object at 0x735c79032650>
CHEMBL4211162,CDK4,12.1,nM,CCN1CCN(Cc2ccc(Nc3cc(-c4cc(F)c5nc(C)n(C(C)C)c5c4)c(F)cn3)nn2)CC1,7.91721462968355,True,<rdkit.Chem.rdchem.Mol object at 0x735c79033220>
CHEMBL5976713,CDK4,12.1,nM,Cc1nc2c(F)cc(-c3nc(Nc4ccc5c(n4)CCN(CC[N+](C)(C)[O-])C5)ncc3F)cc2n1C1CC1,7.91721462968355,True,<rdkit.Chem.rdchem.Mol object at 0x735c79034200>
CHEMBL5836560,CDK4,12.1,nM,Cc1nc2c(F)cc(-c3nc(Nc4ccc5c(n4)CC[N+]([O-])(CC[N+](C)(C)[O-])C5)ncc3F)cc2n1C1CC1,7.91721462968355,True,<rdkit.Chem.rdchem.Mol object at 0x735c79034e40>
CHEMBL3698726,CDK6,12.4,nM,c1cc2c3cnc(Nc4ccc(NC5CCNCC5)nn4)nc3n(C3CCCC3)c2cn1,7.906578314837764,True,<rdkit.Chem.rdchem.Mol object at 0x735c79035070>
CHEMBL5935222,CDK6,12.4,nM,COC(=O)CN1CCc2nc(Nc3ncc(F)c(-c4cc(F)c5nc(C)n(C(C)C)c5c4)n3)ccc2C1,7.906578314837764,True,<rdkit.Chem.rdchem.Mol object at 0x735c79036ea0>
CHEMBL5953872,CDK6,12.4,nM,COC(=O)N1CCc2nc(Nc3ncc(F)c(-c4cc(F)c5nc(C)n(C(C)C)c5c4)n3)ccc2C1,7.906578314837764,True,<rdkit.Chem.rdchem.Mol object at 0x735c790371b0>
CHEMBL1081263,CDK2,12.4,nM,N[C@H](CNc1ncc(-c2ccc3cnccc3c2)s1)Cc1ccc(C(F)(F)F)cc1,7.906578314837764,True,<rdkit.Chem.rdchem.Mol object at 0x735c79037220>
CHEMBL103115,CDK2,12.6,nM,NS(=O)(=O)c1ccc(Nc2cc(-c3ccc(O)c(F)c3)n[nH]2)cc1,7.899629454882437,True,<rdkit.Chem.rdchem.Mol object at 0x735c79037530>
CHEMBL4211828,CDK6,12.7,nM,CC(C)N1CCN(Cc2ccc(Nc3ncc(F)c(-c4cc(F)c5nc6n(c5c4)C(C)CC6)n3)nc2)CC1,7.896196279044043,True,<rdkit.Chem.rdchem.Mol object at 0x735c790377d0>
CHEMBL5953254,CDK6,12.9,nM,Cc1nc2c(F)cc(-c3nc(Nc4ccc5c(n4)CCN(CCN(C)CCP(=O)(O)O)C5)ncc3F)cc2n1C(C)(C)C,7.889410289700751,True,<rdkit.Chem.rdchem.Mol object at 0x735c79034040>
CHEMBL148580,CDK2,13.0,nM,COc1ccc(-c2[nH]nc3c2C(=O)c2c(NC(=O)CN4CCN(C(=N)N)CC4)cccc2-3)cc1,7.886056647693163,True,<rdkit.Chem.rdchem.Mol object at 0x735c790340b0>
CHEMBL401064,CDK1,13.0,nM,CC(C)NCc1cccc2[nH]c(-c3n[nH]c4ncc(-c5cncc6ccccc56)cc34)nc12,7.886056647693163,True,<rdkit.Chem.rdchem.Mol object at 0x735c790350e0>
CHEMBL3237448,CDK6,13.0,nM,c1cc2c3cnc(Nc4ccc(N5CCNCC5)cn4)nc3n(C3CCCC3)c2nn1,7.886056647693163,True,<rdkit.Chem.rdchem.Mol object at 0x735c79035700>
CHEMBL3298309,CDK2,13.0,nM,CC[C@@H](NC(=O)N1CCc2cnc(N[C@@H](C)CO)nc2C1)c1ccc(F)c(F)c1,7.886056647693163,True,<rdkit.Chem.rdchem.Mol object at 0x735c79035930>
CHEMBL3298984,CDK2,13.0,nM,C[C@@H](NC(=O)N1CCc2cnc(NC3CCOCC3)nc2C1)c1ccc(Cl)c(F)c1,7.886056647693163,True,<rdkit.Chem.rdchem.Mol object at 0x735c79035a80>
CHEMBL3698638,CDK4,13.0,nM,CN1CCN(c2ccc(Nc3ncc4c5ccncc5n(C5CCCC5)c4n3)nc2)CC1,7.886056647693163,True,<rdkit.Chem.rdchem.Mol object at 0x735c79035bd0>
CHEMBL3702210,CDK6,13.0,nM,CNC1CCN(c2ccc(Nc3ncc4c5ccnc(F)c5n(C5CCCC5)c4n3)nc2)CC1,7.886056647693163,True,<rdkit.Chem.rdchem.Mol object at 0x735c79036650>
CHEMBL4212532,CDK9,13.0,nM,Cc1nc2c(F)cc(-c3nc(Nc4ccc5c(n4)CCN(C(=O)CN(C)C)C5)ncc3F)cc2n1C(C)C,7.886056647693163,True,<rdkit.Chem.rdchem.Mol object at 0x735c790369d0>
CHEMBL3668378,CDK9,13.0,nM,CN1CCC(c2cc3c(-c4cccc(NCc5ccc6c(c5)OCO6)n4)ccnc3[nH]2)CC1,7.886056647693163,True,<rdkit.Chem.rdchem.Mol object at 0x735c790370d0>
CHEMBL3691645,CDK4,13.0,nM,CN1CCCC2(C1)CN(c1ccc(Nc3ncc4cc(C(=O)N(C)C)n(C5CCCC5)c4n3)nc1)C(=O)O2,7.886056647693163,True,<rdkit.Chem.rdchem.Mol object at 0x735c79037610>
CHEMBL3905696,CDK4,13.0,nM,COCCCNCC(=O)N1CCN(c2ccc(Nc3ncc4c(C)c(C(C)=O)c(=O)n(C5CCCC5)c4n3)nc2)CC1,7.886056647693163,True,<rdkit.Chem.rdchem.Mol object at 0x735c79037a70>
CHEMBL1964258,CDK2,13.0,nM,O=C1Nc2ccc3ncsc3c2/C1=C/Nc1ccc(CS(=O)(=O)NCCO)cc1,7.886056647693163,True,<rdkit.Chem.rdchem.Mol object at 0x735c79037bc0>
CHEMBL515839,CDK2,13.0,nM,Cc1ncc(-c2ccnc(Nc3ccc(S(=O)(=O)CC4CCCO4)cc3)n2)n1C(C)C,7.886056647693163,True,<rdkit.Chem.rdchem.Mol object at 0x735c79037d10>
CHEMBL2012403,CDK1,13.0,nM,Cn1cc(Nc2ncc3cnn([C@@H]4CC[C@H]5CCC[C@H]54)c3n2)cc1C(N)=O,7.886056647693163,True,<rdkit.Chem.rdchem.Mol object at 0x735c79037d80>
CHEMBL5181709,CDK9,13.0,nM,Cc1nc2ccc(-c3ccnc4[nH]c(C5CCN(CC(=O)N(C)C)CC5)cc34)cc2n1C(C)C,7.886056647693163,True,<rdkit.Chem.rdchem.Mol object at 0x735c79036dc0>
CHEMBL212049,CDK4,13.0,nM,Cc1cnc(OC2CCCCC2)nc1-c1cnc(Nc2ccccn2)s1,7.886056647693163,True,<rdkit.Chem.rdchem.Mol object at 0x735c790374c0>
CHEMBL5946157,CDK6,13.0,nM,CC(C)N1CCOc2c(F)cc(-c3nc(Nc4ccc(S(N)(=O)=O)cc4)ncc3F)cc21,7.886056647693163,True,<rdkit.Chem.rdchem.Mol object at 0x735c7901c890>
CHEMBL3698651,CDK6,13.0,nM,Fc1ccc(-n2c3cnccc3c3cnc(Nc4ccc(N5CCNCC5)cn4)nc32)cc1,7.886056647693163,True,<rdkit.Chem.rdchem.Mol object at 0x735c7901de70>
CHEMBL3702125,CDK4,13.0,nM,O=C(c1ccc(Nc2ncc3c4ccnc(O)c4n(C4CCCC4)c3n2)nc1)N1CCNCC1,7.886056647693163,True,<rdkit.Chem.rdchem.Mol object at 0x735c7901dfc0>
CHEMBL3702197,CDK6,13.0,nM,OCCCNc1ccc(Nc2ncc3c4ccncc4n(C4CCCC4)c3n2)nn1,7.886056647693163,True,<rdkit.Chem.rdchem.Mol object at 0x735c7901c970>
CHEMBL3642009,CDK6,13.0,nM,OCCCNC1CCN(c2ccc(Nc3ncc4c5ccncc5n(C5CCCC5)c4n3)nn2)CC1,7.886056647693163,True,<rdkit.Chem.rdchem.Mol object at 0x735c7901cac0>
CHEMBL1189501,CDK4,13.0,nM,CN1CCOc2cccc3nc(O)c(nc23)-c2cccc3c(O)n(nc23)CC1,7.886056647693163,True,<rdkit.Chem.rdchem.Mol object at 0x735c7901ccf0>
CHEMBL3673520,CDK9,13.0,nM,CN1CCC(c2cc3c(-c4cncc(OCc5cccc(F)c5)n4)ccnc3[nH]2)CC1,7.886056647693163,True,<rdkit.Chem.rdchem.Mol object at 0x735c7901d230>
CHEMBL3702100,CDK4,13.0,nM,CN(CCO)C1CCN(c2ccc(Nc3ncc4c5ccnc(F)c5n(C5CCCC5)c4n3)nc2)CC1,7.886056647693163,True,<rdkit.Chem.rdchem.Mol object at 0x735c7901d540>
CHEMBL3641990,CDK4,13.0,nM,CNC1CCN(c2ccc(Nc3ncc4c5ccncc5n(C5CCC5)c4n3)nn2)CC1,7.886056647693163,True,<rdkit.Chem.rdchem.Mol object at 0x735c7901d5b0>
CHEMBL3641992,CDK4,13.0,nM,C[C@H](CO)NC1CCN(c2ccc(Nc3ncc4c5ccncc5n(C5CCCC5)c4n3)nc2)CC1,7.886056647693163,True,<rdkit.Chem.rdchem.Mol object at 0x735c7901d700>
CHEMBL5957447,CDK9,13.0,nM,O=C(Nc1cc(-c2ccc3ncn(CCc4cccc(F)c4)c3c2)c(Cl)cn1)[C@@H]1CCCNC1,7.886056647693163,True,<rdkit.Chem.rdchem.Mol object at 0x735c7901d850>
CHEMBL3642007,CDK4,13.0,nM,O[C@@H]1CCCN(C2CCN(c3ccc(Nc4ncc5c6ccncc6n(C6CCCC6)c5n4)nn3)CC2)C1,7.886056647693163,True,<rdkit.Chem.rdchem.Mol object at 0x735c7901e260>
CHEMBL3702206,CDK4,13.0,nM,CC1CN(c2ccc(Nc3ncc4c5ccccc5n(C5CCCC5)c4n3)nn2)CC(C)N1,7.886056647693163,True,<rdkit.Chem.rdchem.Mol object at 0x735c7901e490>
CHEMBL5277376,CDK6,13.0,nM,CC(=O)c1c(C)c2cnc(Nc3ccc(N4CCN(C/C=C/C(F)(F)F)CC4)cn3)nc2n(C2CCCC2)c1=O,7.886056647693163,True,<rdkit.Chem.rdchem.Mol object at 0x735c7901e880>
CHEMBL3641998,CDK6,13.0,nM,C[C@@H](CO)NC1CCN(c2ccc(Nc3ncc4c5ccncc5n(C5CCCC5)c4n3)nn2)CC1,7.886056647693163,True,<rdkit.Chem.rdchem.Mol object at 0x735c7901f0d0>
CHEMBL6165283,CDK6,13.0,nM,CC(=O)N1CCC2(CC1)CC(=O)c1ccc(-c3nc(Nc4ccc(N5CCN(C6COC6)CC5)cn4)ncc3F)cc1O2,7.886056647693163,True,<rdkit.Chem.rdchem.Mol object at 0x735c7901f760>
CHEMBL3698667,CDK4,13.0,nM,c1cc2c3cnc(Nc4ccc(N5CCNCC5)cn4)nc3n(CC3CCCCC3)c2cn1,7.886056647693163,True,<rdkit.Chem.rdchem.Mol object at 0x735c7901fa00>
CHEMBL3648073,CDK1,13.0,nM,C[C@H](O)[C@@H](C)Oc1nc(Nc2ccc(S(C)(=N)=O)cc2)ncc1Br,7.886056647693163,True,<rdkit.Chem.rdchem.Mol object at 0x735c7901fa70>
CHEMBL5863217,CDK4,13.0,nM,CC(C)N1CCOc2c(F)cc(-c3nc(Nc4ccc(C(=O)N5CCC(O)CC5)cn4)ncc3F)cc21,7.886056647693163,True,<rdkit.Chem.rdchem.Mol object at 0x735c7901fd10>
CHEMBL405145,CDK2,13.0,nM,O=C(Nc1n[nH]c2nc(-c3ccc(O)cc3)ccc12)C1CC1,7.886056647693163,True,<rdkit.Chem.rdchem.Mol object at 0x735c7901c040>
CHEMBL5532052,CDK9,13.06,nM,CC[C@H](CO)Nc1nc(NCc2ccc(NC(=O)C3CCOCC3)cc2)n2ncc(C(C)C)c2n1,7.884056823060945,True,<rdkit.Chem.rdchem.Mol object at 0x735c7901cb30>
CHEMBL5979303,CDK2,13.1,nM,Cc1nc2c(F)cc(-c3nc(Nc4ccc5c(n4)CCN(CCS(C)(=O)=O)C5)ncc3F)cc2n1C(C)(C)C,7.882728704344236,True,<rdkit.Chem.rdchem.Mol object at 0x735c7901ed50>
CHEMBL3237451,CDK6,13.1,nM,c1cc2c3cnc(Nc4ccc(N5CCNCC5)cn4)nc3n(C3CCCCC3)c2cn1,7.882728704344236,True,<rdkit.Chem.rdchem.Mol object at 0x735c7901f370>
CHEMBL5775801,CDK6,13.2,nM,Cc1nc2c(F)cc(-c3nc(Nc4ccc5c(n4)CCNC5)ncc3F)cc2n1C1CCCCC1,7.87942606879415,True,<rdkit.Chem.rdchem.Mol object at 0x735c7901f450>
CHEMBL473631,CDK2,13.3,nM,CN1CCN(c2cccc3[nH]c(-c4n[nH]c5cc(-c6ccc(O)cc6)ccc45)nc23)CC1,7.876148359032914,True,<rdkit.Chem.rdchem.Mol object at 0x735c7901f6f0>
CHEMBL3642038,CDK6,13.3,nM,CN(C)C1CN(c2ccc(Nc3ncc4c5ccncc5n(C5CCCC5)c4n3)nn2)CCC1O,7.876148359032914,True,<rdkit.Chem.rdchem.Mol object at 0x735c790202e0>
CHEMBL5844694,CDK2,13.4,nM,Cc1nc2c(F)cc(-c3nc(Nc4ccc5c(n4)CCN(C(=O)CCO)C5)ncc3F)cc2n1C(C)C,7.872895201635192,True,<rdkit.Chem.rdchem.Mol object at 0x735c790221f0>
CHEMBL6019056,CDK6,13.4,nM,CNC1CC(C(=O)N2CCc3nc(Nc4ncc(F)c(-c5cc(F)c6nc(C)n(C(C)C)c6c5)n4)ccc3C2)C1,7.872895201635192,True,<rdkit.Chem.rdchem.Mol object at 0x735c79022260>
CHEMBL4462530,CDK9,13.4,nM,CC(=O)N[C@@H]1CCC[C@H](C(=O)Nc2cc(-c3cnn4c3CC(C)(C)C4)c(Cl)cn2)C1,7.872895201635192,True,<rdkit.Chem.rdchem.Mol object at 0x735c790227a0>
CHEMBL3237447,CDK6,13.4,nM,N#Cc1nccc2c3cnc(Nc4ccc(N5CCNCC5)cn4)nc3n(C3CCCC3)c12,7.872895201635192,True,<rdkit.Chem.rdchem.Mol object at 0x735c79022c00>
CHEMBL4213219,CDK2,13.5,nM,Cc1nc2c(F)cc(-c3nc(Nc4ccc5c(n4)CCN(C(=O)CO)C5)ncc3F)cc2n1C(C)C,7.8696662315049934,True,<rdkit.Chem.rdchem.Mol object at 0x735c79023610>
CHEMBL5774332,CDK9,13.5,nM,Cc1nc2c(F)cc(-c3nc(Nc4ccc5c(n4)CCN(C[C@@H]4CN(C)CCO4)C5)ncc3F)cc2n1C(C)(C)C,7.8696662315049934,True,<rdkit.Chem.rdchem.Mol object at 0x735c79023c30>
CHEMBL4218705,CDK4,13.8,nM,CCN1CCN(Cc2ccc(Nc3cc(-c4cc(F)c5nc(C)n(C(C)C)c5c4)ncn3)nn2)CC1,7.860120913598763,True,<rdkit.Chem.rdchem.Mol object at 0x735c79023ca0>
CHEMBL4798556,CDK9,13.8,nM,CC(C)N1c2cc(Nc3nccc(-c4cccc5[nH]ccc45)n3)ccc2N(C)C(=O)[C@H]1C,7.860120913598763,True,<rdkit.Chem.rdchem.Mol object at 0x735c79020120>
CHEMBL3648083,CDK1,14.0,nM,CN=S(C)(=O)c1ccc(Nc2ncc(Br)c(N[C@H](C)[C@H](C)O)n2)cc1,7.853871964321762,True,<rdkit.Chem.rdchem.Mol object at 0x735c79020510>
CHEMBL3648093,CDK2,14.0,nM,CCOC(=O)N=S(C)(=O)c1ccc(Nc2ncc(Br)c(O[C@H](C)[C@H](C)O)n2)cc1,7.853871964321762,True,<rdkit.Chem.rdchem.Mol object at 0x735c79020820>
CHEMBL402759,CDK2,14.0,nM,O=C(Cc1ccc(-c2ccccc2)cc1)Nc1n[nH]c2ccc(N3CCCS3(=O)=O)cc12,7.853871964321762,True,<rdkit.Chem.rdchem.Mol object at 0x735c79020890>
CHEMBL5822013,CDK6,14.0,nM,CC(C)N1CCOc2c(F)cc(-c3nc(Nc4cnn(C5CCN(C)CC5)c4)ncc3F)cc21,7.853871964321762,True,<rdkit.Chem.rdchem.Mol object at 0x735c79020ba0>
CHEMBL3668370,CDK9,14.0,nM,CN1CCC(c2cc3c(-c4cccc(NCc5cccc(Cl)c5)n4)ccnc3[nH]2)CC1,7.853871964321762,True,<rdkit.Chem.rdchem.Mol object at 0x735c790211c0>
CHEMBL3668401,CDK9,14.0,nM,COc1ccc(F)cc1-c1ccnc2[nH]c(C3CCCN(CCCN)C3)cc12,7.853871964321762,True,<rdkit.Chem.rdchem.Mol object at 0x735c790212a0>
CHEMBL3698734,CDK6,14.0,nM,O[C@@H]1CCCN(c2ccc(Nc3ncc4c5ccncc5n(C5CCCC5)c4n3)nn2)C1,7.853871964321762,True,<rdkit.Chem.rdchem.Mol object at 0x735c79021310>
CHEMBL3949057,CDK9,14.0,nM,CCOC(=O)N=S(C)(=O)Cc1cccc(Nc2ncc(F)c(-c3cccc4c3OCCC4)n2)c1,7.853871964321762,True,<rdkit.Chem.rdchem.Mol object at 0x735c79021460>
CHEMBL3668385,CDK9,14.0,nM,COc1ccc(F)cc1-c1ccnc2[nH]c(C3CCN(Cc4cccnc4)C3)cc12,7.853871964321762,True,<rdkit.Chem.rdchem.Mol object at 0x735c790214d0>
CHEMBL6058874,CDK9,14.0,nM,CNCCCCNc1cc(-c2ccc3ncn(Cc4cccc(F)c4)c3c2)c(Cl)cn1,7.853871964321762,True,<rdkit.Chem.rdchem.Mol object at 0x735c79021540>
CHEMBL4213847,CDK4,14.0,nM,CCC1CCc2nc3c(F)cc(-c4nc(Nc5ccc(CN6CCN(CC)CC6)cn5)ncc4F)cc3n21,7.853871964321762,True,<rdkit.Chem.rdchem.Mol object at 0x735c79021620>
CHEMBL6002023,CDK4,14.0,nM,CC(C)N1CCOc2c(F)cc(-c3nc(Nc4cc(C5CCN(C)CC5)no4)ncc3F)cc21,7.853871964321762,True,<rdkit.Chem.rdchem.Mol object at 0x735c79021690>
CHEMBL3641970,CDK4,14.0,nM,C[C@H](O)Cn1c2cnccc2c2cnc(Nc3ccc(N4CCN[C@@H](C)C4)nn3)nc21,7.853871964321762,True,<rdkit.Chem.rdchem.Mol object at 0x735c79021770>
CHEMBL249304,CDK1,14.0,nM,CN1CCN(c2ccc3[nH]c(-c4n[nH]c5ncc(-c6cncc7ccccc67)cc45)nc3c2)CC1,7.853871964321762,True,<rdkit.Chem.rdchem.Mol object at 0x735c790217e0>
CHEMBL3663792,CDK9,14.0,nM,Clc1cnc(NCc2ccccc2)cc1-c1ccnc2[nH]c(C3CCNCC3)cc12,7.853871964321762,True,<rdkit.Chem.rdchem.Mol object at 0x735c790219a0>
CHEMBL3673531,CDK9,14.0,nM,OCC(O)CN1CC=C(c2cc3c(-c4cncc(NCc5cccc(F)c5)n4)ccnc3[nH]2)CC1,7.853871964321762,True,<rdkit.Chem.rdchem.Mol object at 0x735c79021bd0>
CHEMBL6004741,CDK2,14.0,nM,Cc1nc2c(F)cc(-c3nc(Nc4ccc5c(n4)CCN(CC=NO)C5)ncc3F)cc2n1C(C)C,7.853871964321762,True,<rdkit.Chem.rdchem.Mol object at 0x735c79021f50>
CHEMBL3921855,CDK9,14.0,nM,COc1cc(F)ccc1-c1nc(Nc2cccc(CS(=N)(=O)C3CC3)c2)ncc1F,7.853871964321762,True,<rdkit.Chem.rdchem.Mol object at 0x735c790226c0>
CHEMBL83369,CDK2,14.0,nM,O=C1Nc2ccc(F)c3c(SCCO)cc(-c4ccc[nH]4)c1c23,7.853871964321762,True,<rdkit.Chem.rdchem.Mol object at 0x735c79022730>
CHEMBL5869281,CDK9,14.0,nM,Cc1nc2c(F)cc(-c3nc(Nc4ccc5c(n4)CCN(C[C@H]4CN(C)CCO4)C5)ncc3F)cc2n1C(C)(C)C,7.853871964321762,True,<rdkit.Chem.rdchem.Mol object at 0x735c79022c70>
CHEMBL5870275,CDK9,14.0,nM,CC1(C)Cc2c(-c3ccnc(NC(=O)[C@H]4CCC[C@@H](NC(=O)C5COC5)C4)c3)cnn2C1,7.853871964321762,True,<rdkit.Chem.rdchem.Mol object at 0x735c79022d50>
CHEMBL2312185,CDK9,14.0,nM,CNc1nc(C)c(-c2nc(Nc3cccc(N4CCCNCC4)c3)ncc2C#N)s1,7.853871964321762,True,<rdkit.Chem.rdchem.Mol object at 0x735c79022ff0>
CHEMBL6026840,CDK2,14.0,nM,Cc1nc2c(F)cc(-c3nc(Nc4ccc5c(n4)CCN(CC=NO)C5)ncc3F)cc2n1C(C)(C)C,7.853871964321762,True,<rdkit.Chem.rdchem.Mol object at 0x735c79023220>
CHEMBL5884554,CDK9,14.0,nM,O=C(Nc1cc(-c2cnc3ccn(Cc4cccc(F)c4)c3c2)c(Cl)cn1)[C@@H]1CCCNC1,7.853871964321762,True,<rdkit.Chem.rdchem.Mol object at 0x735c790237d0>
CHEMBL5192022,CDK9,14.0,nM,CC(C)n1cc(-c2ccnc3[nH]c(C4CCN(Cc5cccs5)CC4)cc23)ccc1=O,7.853871964321762,True,<rdkit.Chem.rdchem.Mol object at 0x735c790238b0>
CHEMBL3702165,CDK4,14.0,nM,O=S1(=O)CCC(O)(c2ccc(Nc3ncc4c5ccncc5n(C5CCCC5)c4n3)nc2)CC1,7.853871964321762,True,<rdkit.Chem.rdchem.Mol object at 0x735c79023990>
CHEMBL424696,CDK2,14.0,nM,c1ccc(Nc2ncc(-c3ccnc(OC4CCCCC4)n3)s2)nc1,7.853871964321762,True,<rdkit.Chem.rdchem.Mol object at 0x735c79023e60>
CHEMBL3673518,CDK9,14.0,nM,CN1CCC(c2cc3c(-c4cncc(NCc5cccc(F)c5)n4)ccnc3[nH]2)CC1,7.853871964321762,True,<rdkit.Chem.rdchem.Mol object at 0x735c79023d10>
CHEMBL515854,CDK2,14.0,nM,COCCS(=O)(=O)c1ccc(Nc2nccc(-c3cnc(C)n3C(C)C)n2)cc1,7.853871964321762,True,<rdkit.Chem.rdchem.Mol object at 0x735c790210e0>
CHEMBL391229,CDK2,14.0,nM,O=C1Nc2ccc3ncsc3c2/C1=C/Nc1ccc2c(c1)CS(=O)(=O)C2,7.853871964321762,True,<rdkit.Chem.rdchem.Mol object at 0x735c790233e0>
CHEMBL3642021,CDK6,14.0,nM,CCCNC1CCN(c2ccc(Nc3ncc4c5ccncc5n(C5CCCC5)c4n3)nc2)CC1,7.853871964321762,True,<rdkit.Chem.rdchem.Mol object at 0x735c79028740>
CHEMBL3673524,CDK9,14.0,nM,CCOC(=O)NS(=O)(=O)N1CCC(c2cc3c(-c4cncc(NCc5cccc(F)c5)n4)ccnc3[nH]2)CC1,7.853871964321762,True,<rdkit.Chem.rdchem.Mol object at 0x735c790298c0>
CHEMBL3702188,CDK4,14.0,nM,CN(C)[C@H]1CCN(c2ccc(Nc3ncc4c5ccncc5n(C5CCCC5)c4n3)nc2)C1,7.853871964321762,True,<rdkit.Chem.rdchem.Mol object at 0x735c790283c0>
CHEMBL3702196,CDK6,14.0,nM,C[C@@H](CO)Nc1ccc(Nc2ncc3c4ccncc4n(C4CCCC4)c3n2)nn1,7.853871964321762,True,<rdkit.Chem.rdchem.Mol object at 0x735c790284a0>
CHEMBL3702116,CDK4,14.0,nM,Oc1nccc2c3cnc(Nc4ccc(CN5CCNCC5)cn4)nc3n(C3CCCC3)c12,7.853871964321762,True,<rdkit.Chem.rdchem.Mol object at 0x735c79028580>
CHEMBL372503,CDK1,14.0,nM,Brc1cnc(Nc2ccc3[nH]cnc3c2)nc1Nc1ccc2[nH]cnc2c1,7.853871964321762,True,<rdkit.Chem.rdchem.Mol object at 0x735c790286d0>
CHEMBL5943225,CDK1,14.0,nM,CC1=NN(C)c2cc3cnc(Nc4ccc(S(N)(=O)=O)cc4)nc3n2C12CCCCC2,7.853871964321762,True,<rdkit.Chem.rdchem.Mol object at 0x735c79028890>
CHEMBL3642015,CDK6,14.0,nM,C[C@H](O)CNC1CCN(c2ccc(Nc3ncc4c5ccncc5n(C5CCCC5)c4n3)nc2)CC1,7.853871964321762,True,<rdkit.Chem.rdchem.Mol object at 0x735c79028970>
CHEMBL3641996,CDK6,14.0,nM,CN(CCO)C1CCN(c2ccc(Nc3ncc4c5ccncc5n(C5CCCC5)c4n3)nn2)CC1,7.853871964321762,True,<rdkit.Chem.rdchem.Mol object at 0x735c79028eb0>
CHEMBL5952864,CDK4,14.0,nM,Cc1nc2c(F)cc(-c3nc(Nc4ncc5c(n4)CCN(C(=O)CN(C)C)C5)ncc3F)cc2n1C(C)C,7.853871964321762,True,<rdkit.Chem.rdchem.Mol object at 0x735c790292a0>
CHEMBL3648074,CDK1,14.0,nM,C[C@@H](Nc1nc(Nc2ccc(S(=N)(=O)C3CC3)cc2)ncc1Br)C(C)(C)O,7.853871964321762,True,<rdkit.Chem.rdchem.Mol object at 0x735c790293f0>
CHEMBL3702063,CDK6,14.0,nM,CCC(C)(C)n1c2cnccc2c2cnc(Nc3ccc(N4CCC(N(C)C)CC4)nn3)nc21,7.853871964321762,True,<rdkit.Chem.rdchem.Mol object at 0x735c79029690>
CHEMBL454645,CDK2,14.0,nM,CC1CCC(C(=O)Nc2ncc(SCc3ncc(C(C)(C)C)o3)s2)CN1,7.853871964321762,True,<rdkit.Chem.rdchem.Mol object at 0x735c79029700>
CHEMBL6033665,CDK4,14.1,nM,Cc1nc2c(F)cc(-c3nc(Nc4ccc5c(n4)CCNC5)ncc3F)cc2n1C,7.85078088734462,True,<rdkit.Chem.rdchem.Mol object at 0x735c79029930>
CHEMBL5964675,CDK2,14.3,nM,Cc1nc2c(F)cc(-c3nc(Nc4ccc5c(n4)CCN(C[C@H]4CNCCO4)C5)ncc3F)cc2n1C(C)(C)C,7.844663962534938,True,<rdkit.Chem.rdchem.Mol object at 0x735c79029a80>
CHEMBL5830076,CDK2,14.3,nM,Cc1nc2c(F)cc(-c3nc(Nc4ccc5c(n4)CCN(C(=O)CCN(C)C)C5)ncc3F)cc2n1C(C)(C)C,7.844663962534938,True,<rdkit.Chem.rdchem.Mol object at 0x735c79029bd0>
CHEMBL5897984,CDK2,14.3,nM,Cc1nc2c(F)cc(-c3nc(Nc4ccc5c(n4)CCN(C[C@H]4CNCCO4)C5)ncc3F)cc2n1C(C)C,7.844663962534938,True,<rdkit.Chem.rdchem.Mol object at 0x735c79029c40>
CHEMBL5399420,CDK6,14.33,nM,CN1CCN(Cc2ccc(NC(=O)c3n[nH]cc3Nc3ccncn3)cc2)CC1,7.843753809602656,True,<rdkit.Chem.rdchem.Mol object at 0x735c79029cb0>
CHEMBL4438497,CDK2,14.5,nM,Cc1nc2c(F)cc(-c3nc(Nc4ccc5c(n4)CCN(CCN(C)C(N)=S)C5)ncc3F)cc2n1C(C)C,7.838631997765026,True,<rdkit.Chem.rdchem.Mol object at 0x735c79029e00>
CHEMBL5903034,CDK2,14.5,nM,Cc1nc2c(F)cc(-c3nc(Nc4ccc5c(n4)CCN(CCN(C)CB(O)O)C5)ncc3F)cc2n1C(C)C,7.838631997765026,True,<rdkit.Chem.rdchem.Mol object at 0x735c79029fc0>
CHEMBL5971879,CDK2,14.5,nM,Cc1nc2c(F)cc(-c3nc(Nc4ccc5c(n4)CCN[C@H]5C)ncc3F)cc2n1C(C)(C)C,7.838631997765026,True,<rdkit.Chem.rdchem.Mol object at 0x735c7902a500>
CHEMBL4206061,CDK2,14.8,nM,Cc1nc2c(F)cc(-c3nc(Nc4ccc5c(n4)CCN(C(=O)CN4CCN(C)CC4)C5)ncc3F)cc2n1C(C)C,7.829738284605042,True,<rdkit.Chem.rdchem.Mol object at 0x735c7902aab0>
CHEMBL4213756,CDK9,14.8,nM,COCCN1CCc2nc(Nc3ncc(F)c(-c4cc(F)c5nc(C)n(C(C)C)c5c4)n3)ccc2C1,7.829738284605042,True,<rdkit.Chem.rdchem.Mol object at 0x735c7902ab20>
CHEMBL3668427,CDK9,15.0,nM,CN1CCC(c2cc3c(-c4cccc(NCc5cc[nH]n5)n4)ccnc3[nH]2)CC1,7.823908740944319,True,<rdkit.Chem.rdchem.Mol object at 0x735c7902b370>
CHEMBL485619,CDK2,15.0,nM,COCCNS(=O)(=O)c1ccc(Nc2nccc(-c3cnc(C)n3CC(C)C)n2)cc1,7.823908740944319,True,<rdkit.Chem.rdchem.Mol object at 0x735c7902b530>
CHEMBL3691643,CDK4,15.0,nM,CN(C)C(=O)c1cc2cnc(Nc3ccc(N4C[C@]5(CCCNCC5)OC4=O)cn3)nc2n1C1CCCC1,7.823908740944319,True,<rdkit.Chem.rdchem.Mol object at 0x735c7902b6f0>
CHEMBL3702086,CDK4,15.0,nM,O[C@H]1CCN(Cc2csc(Nc3ncc4c5ccnc(F)c5n(C5CCCC5)c4n3)n2)C1,7.823908740944319,True,<rdkit.Chem.rdchem.Mol object at 0x735c7902ba00>
CHEMBL444874,CDK1,15.0,nM,Cc1cccc(Nc2ncc(C(F)(F)F)c(Nc3ccc4[nH]cnc4c3)n2)c1,7.823908740944319,True,<rdkit.Chem.rdchem.Mol object at 0x735c7902bdf0>
CHEMBL1800464,CDK2,15.0,nM,Nc1nc(NC2CCCC2)cc(-c2cc(N3C[C@H](O)[C@@H](O)C3)ccc2O)n1,7.823908740944319,True,<rdkit.Chem.rdchem.Mol object at 0x735c790297e0>
CHEMBL1800449,CDK1,15.0,nM,Nc1nccc(-c2cc(N3C[C@H](O)[C@@H](O)C3)ccc2O)n1,7.823908740944319,True,<rdkit.Chem.rdchem.Mol object at 0x735c79028ac0>
CHEMBL3702222,CDK4,15.0,nM,CC[C@@H](C)n1c2cnccc2c2cnc(Nc3ccc(N4CC[C@@H](O)C4)cn3)nc21,7.823908740944319,True,<rdkit.Chem.rdchem.Mol object at 0x735c79028f90>
CHEMBL3691661,CDK4,15.0,nM,CNC(=O)c1cc2cnc(Nc3ccc(N4C[C@H]5CC[C@@H](CC4=O)N5C)cn3)nc2n1C1CCCC1,7.823908740944319,True,<rdkit.Chem.rdchem.Mol object at 0x735c79029310>
CHEMBL3663797,CDK9,15.0,nM,CN1CCC(c2cc3c(-c4nc(NCc5cccc(F)c5)ccc4Cl)ccnc3[nH]2)CC1,7.823908740944319,True,<rdkit.Chem.rdchem.Mol object at 0x735c7902b4c0>
CHEMBL3663796,CDK9,15.0,nM,CN1CCC(c2cc3c(-c4cccc(NCc5ccccc5)n4)ccnc3[nH]2)CC1,7.823908740944319,True,<rdkit.Chem.rdchem.Mol object at 0x735c7902bca0>
CHEMBL5956160,CDK9,15.0,nM,O=C(Nc1cc(-c2ccc3ncn(Cc4ccc(F)c(F)c4)c3c2)c(Cl)cn1)[C@@H]1CCCNC1,7.823908740944319,True,<rdkit.Chem.rdchem.Mol object at 0x735c7902c5f0>
CHEMBL50894,CDK2,15.0,nM,O=C1Cc2c([nH]c3ccc([N+](=O)[O-])cc23)-c2ccccc2N1,7.823908740944319,True,<rdkit.Chem.rdchem.Mol object at 0x735c7902c660>
CHEMBL3698690,CDK4,15.0,nM,c1ncc2c(n1)c1cnc(Nc3ccc(N4CCNCC4)cn3)nc1n2C1CCCC1,7.823908740944319,True,<rdkit.Chem.rdchem.Mol object at 0x735c7902d380>
CHEMBL455194,CDK2,15.0,nM,CC1CC(C(=O)Nc2ncc(SCc3ncc(C(C)(C)C)o3)s2)CCN1,7.823908740944319,True,<rdkit.Chem.rdchem.Mol object at 0x735c7902d540>
CHEMBL3702245,CDK6,15.0,nM,CNC1CCN(c2ccc(Nc3ncc4c5ccncc5n(C5CCC5)c4n3)nc2)CC1,7.823908740944319,True,<rdkit.Chem.rdchem.Mol object at 0x735c7902ece0>
CHEMBL3663746,CDK9,15.0,nM,COc1ccc(F)cc1-c1ccnc2[nH]c([C@@H]3CCCNC3)cc12,7.823908740944319,True,<rdkit.Chem.rdchem.Mol object at 0x735c7902f610>
CHEMBL3642018,CDK4,15.0,nM,OC1CCN(C2CCN(c3ccc(Nc4ncc5c6ccncc6n(C6CCCC6)c5n4)nc3)CC2)CC1,7.823908740944319,True,<rdkit.Chem.rdchem.Mol object at 0x735c7902c2e0>
CHEMBL310529,CDK2,15.0,nM,O=C1Nc2ccc(F)c3c(S(=O)(=O)CCO)cc(-c4ccc[nH]4)c1c23,7.823908740944319,True,<rdkit.Chem.rdchem.Mol object at 0x735c7902c890>
CHEMBL3702118,CDK6,15.0,nM,OC1CCCN(Cc2ccc(Nc3ncc4c5ccncc5n(C5CCCC5)c4n3)nc2)C1,7.823908740944319,True,<rdkit.Chem.rdchem.Mol object at 0x735c7902cba0>
CHEMBL3965161,CDK9,15.0,nM,COc1cc(F)ccc1-c1nc(Nc2cccc(CS(C)(=N)=O)c2)ncc1F,7.823908740944319,True,<rdkit.Chem.rdchem.Mol object at 0x735c7902cf20>
CHEMBL3673521,CDK9,15.0,nM,C1=C(c2cc3c(-c4cncc(NCc5ccccc5)n4)ccnc3[nH]2)CCNC1,7.823908740944319,True,<rdkit.Chem.rdchem.Mol object at 0x735c7902d310>
CHEMBL5962267,CDK4,15.0,nM,CC(C)N1CCOc2c(F)cc(-c3nc(Nc4cc(C5CCN(C)CC5)n[nH]4)ncc3F)cc21,7.823908740944319,True,<rdkit.Chem.rdchem.Mol object at 0x735c7902d460>
CHEMBL3663802,CDK9,15.0,nM,COc1ccc(F)cc1-c1ccnc2[nH]c([C@@H]3CCNC3)cc12,7.823908740944319,True,<rdkit.Chem.rdchem.Mol object at 0x735c7902d7e0>
CHEMBL4860767,CDK6,15.0,nM,C=CC(=O)N1CCN(c2ccc(Nc3ncc4c(C)c(C(C)=O)c(=O)n(C5CCCC5)c4n3)nc2)CC1,7.823908740944319,True,<rdkit.Chem.rdchem.Mol object at 0x735c7902daf0>
CHEMBL3702056,CDK4,15.0,nM,CCN(CC)C1CCN(c2ccc(Nc3ncc4c5ccnc(C)c5n(C5CCCC5)c4n3)nc2)CC1,7.823908740944319,True,<rdkit.Chem.rdchem.Mol object at 0x735c7902e030>
CHEMBL3663774,CDK9,15.0,nM,Fc1cccc(CNc2ccc(Cl)c(-c3ccnc4[nH]c(C5CCNCC5)cc34)n2)c1,7.823908740944319,True,<rdkit.Chem.rdchem.Mol object at 0x735c7902e260>
CHEMBL5923240,CDK1,15.0,nM,CC1C(=O)Nc2cc3cnc(Nc4ccc(C(=O)N5CCN(C)CC5)cc4)nc3n2C12CCCCC2,7.823908740944319,True,<rdkit.Chem.rdchem.Mol object at 0x735c7902e2d0>
CHEMBL2012399,CDK1,15.0,nM,Cn1cc(Nc2ncc3cnn(C4CCCCCC4)c3n2)cc1C(N)=O,7.823908740944319,True,<rdkit.Chem.rdchem.Mol object at 0x735c7902e420>
CHEMBL3648120,CDK1,15.0,nM,CCS(=N)(=O)c1ccc(Nc2ncc(Br)c(N[C@H](COC)[C@@H](C)O)n2)cc1,7.823908740944319,True,<rdkit.Chem.rdchem.Mol object at 0x735c7902e490>
CHEMBL1241849,CDK1,15.0,nM,CN(C)CCNS(=O)(=O)c1ccc(Nc2cccc(-c3cnc4ccccn34)c2)cc1,7.823908740944319,True,<rdkit.Chem.rdchem.Mol object at 0x735c7902e500>
CHEMBL3691585,CDK4,15.0,nM,CN(C)C(=O)c1cc2cnc(Nc3ccc(C(=O)N4C[C@@H]5[C@@H](N)[C@@H]5C4)cn3)nc2n1C1CCCC1,7.823908740944319,True,<rdkit.Chem.rdchem.Mol object at 0x735c7902e650>
CHEMBL363138,CDK1,15.0,nM,FC(F)(F)c1ccc(Nc2ncc(C(F)(F)F)c(Nc3ccc4[nH]cnc4c3)n2)cc1,7.823908740944319,True,<rdkit.Chem.rdchem.Mol object at 0x735c7902ed50>
CHEMBL3698709,CDK4,15.0,nM,CN1CCN(c2cnc(Nc3ncc4c5ccncc5n(C5CCCC5)c4n3)cn2)CC1,7.823908740944319,True,<rdkit.Chem.rdchem.Mol object at 0x735c7902ef10>
CHEMBL3648114,CDK1,15.0,nM,CN=S(C)(=O)c1ccc(Nc2ncc(Br)c(N[C@H](C)[C@H](C)O)n2)cc1OC,7.823908740944319,True,<rdkit.Chem.rdchem.Mol object at 0x735c7902ef80>
CHEMBL5755607,CDK2,15.0,nM,Cc1nc2c(F)cc(-c3nc(Nc4ccc5c(n4)CCN(CCN=C(N)N)C5)ncc3F)cc2n1C(C)C,7.823908740944319,True,<rdkit.Chem.rdchem.Mol object at 0x735c7902f840>
CHEMBL3702136,CDK4,15.0,nM,FC(F)(F)c1cccc(-n2c3cnccc3c3cnc(Nc4ccc(N5CCNCC5)cn4)cc32)c1,7.823908740944319,True,<rdkit.Chem.rdchem.Mol object at 0x735c7902f920>
CHEMBL3673493,CDK9,15.0,nM,Fc1cccc(CNc2cc(-c3ccnc4[nH]c(C5CCNCC5)cc34)c(Cl)cn2)c1,7.823908740944319,True,<rdkit.Chem.rdchem.Mol object at 0x735c7902f990>
CHEMBL3673500,CDK9,15.0,nM,CS(=O)(=O)N1CCC(c2cc3c(-c4cncc(NCc5ccccc5)n4)ccnc3[nH]2)CC1,7.823908740944319,True,<rdkit.Chem.rdchem.Mol object at 0x735c7902fa00>
CHEMBL3673515,CDK9,15.0,nM,CCN(C(=O)O)S(=O)(=O)N1CCC(c2cc3c(-c4cncc(NCc5ccccc5)n4)ccnc3[nH]2)CC1,7.823908740944319,True,<rdkit.Chem.rdchem.Mol object at 0x735c7902fe60>
CHEMBL5876164,CDK6,15.0,nM,CC(C)N1CCOc2c(F)cc(-c3nc(Nc4ccc(C5CCNCC5)c(F)c4)ncc3F)cc21,7.823908740944319,True,<rdkit.Chem.rdchem.Mol object at 0x735c7902c6d0>
CHEMBL6031262,CDK2,15.0,nM,C/C(=N/O)N(C)CCN1CCc2nc(Nc3ncc(F)c(-c4cc(F)c5nc(C)n(C(C)C)c5c4)n3)ccc2C1,7.823908740944319,True,<rdkit.Chem.rdchem.Mol object at 0x735c7902c820>
CHEMBL3702130,CDK4,15.0,nM,O=S(=O)(c1ccc(Nc2ncc3c4ccnc(F)c4n(C4CCCC4)c3n2)nc1)N1CCNCC1,7.823908740944319,True,<rdkit.Chem.rdchem.Mol object at 0x735c7902e7a0>
CHEMBL5865665,CDK2,15.0,nM,Cc1nc2c(F)cc(-c3nc(Nc4ccc5c(n4)CCNC5)ncc3F)cc2n1C(C)C1CC1,7.823908740944319,True,<rdkit.Chem.rdchem.Mol object at 0x735c7904c4a0>
CHEMBL445945,CDK1,15.0,nM,NS(=O)(=O)c1ccc(N/C=C2\C(=O)Nc3ccc4ncccc4c32)cc1,7.823908740944319,True,<rdkit.Chem.rdchem.Mol object at 0x735c7904c5f0>
CHEMBL72548,CDK1,15.0,nM,CN(C)CCNS(=O)(=O)c1ccc(Nc2nccc(-c3cnc4ccccn34)n2)cc1,7.823908740944319,True,<rdkit.Chem.rdchem.Mol object at 0x735c7904c6d0>
CHEMBL6163941,CDK2,15.0,nM,Cc1cc(C)cc(NNC(=O)[C@H]2CCCN2C(=O)Nc2ccc(Cl)cc2)c1,7.823908740944319,True,<rdkit.Chem.rdchem.Mol object at 0x735c7904cb30>
CHEMBL3691559,CDK4,15.0,nM,CN(C)C(=O)c1cc2cnc(Nc3ccc(C(=O)N4C[C@H]5C[C@@]5(N)C4)cn3)nc2n1C1CCCC1,7.823908740944319,True,<rdkit.Chem.rdchem.Mol object at 0x735c7904cf90>
CHEMBL5555666,CDK9,15.05,nM,CC[C@@H](CO)Nc1nc(NCc2ccc(NC(=O)C3CCOCC3)cc2)n2ncc(C(C)C)c2n1,7.822463500070137,True,<rdkit.Chem.rdchem.Mol object at 0x735c7904d380>
CHEMBL3698722,CDK6,15.1,nM,c1cc2c3cnc(Nc4ccc(N[C@H]5CCNC5)nn4)nc3n(C3CCCC3)c2cn1,7.82102305270683,True,<rdkit.Chem.rdchem.Mol object at 0x735c7904d8c0>
CHEMBL5556871,CDK9,15.17,nM,CCC(=O)Nc1ccc(CNc2nc(NC3CCCNC3)nc3c(C(C)C)cnn23)cc1,7.81901441921327,True,<rdkit.Chem.rdchem.Mol object at 0x735c7904dd90>
CHEMBL5775091,CDK9,15.3,nM,Cc1nc2c(F)cc(-c3nc(Nc4ccc5c(n4)CCN(CCS(C)(=O)=NC#N)C5)ncc3F)cc2n1C(C)C,7.815308569182401,True,<rdkit.Chem.rdchem.Mol object at 0x735c7904de70>
CHEMBL3698673,CDK6,15.3,nM,c1ccc2c(c1)c1cnc(Nc3ccc(N4CCNCC4)cn3)nc1n2C1CCOCC1,7.815308569182401,True,<rdkit.Chem.rdchem.Mol object at 0x735c7904e490>
CHEMBL1081295,CDK2,15.4,nM,Nc1cc2cc(-c3cnc(NC[C@@H](N)Cc4ccc(C(F)(F)F)cc4)s3)ccc2cn1,7.812479279163536,True,<rdkit.Chem.rdchem.Mol object at 0x735c7904e5e0>
CHEMBL3691572,CDK4,15.5,nM,CC(C)N1C2CCC1CN(C(=O)c1ccc(Nc3ncc4cc(C(=O)N(C)C)n(C5CCCC5)c4n3)nc1)C2,7.809668301829708,True,<rdkit.Chem.rdchem.Mol object at 0x735c7904e8f0>
CHEMBL5813772,CDK2,15.5,nM,Cc1nc2c(F)cc(-c3nc(Nc4ccc5c(n4)CCN(C)C5)ncc3F)cc2n1C(C)C,7.809668301829708,True,<rdkit.Chem.rdchem.Mol object at 0x735c7904eb20>
CHEMBL3698738,CDK6,15.7,nM,N[C@H]1CCN(c2ccc(Nc3ncc4c5ccncc5n(C5CCCC5)c4n3)nn2)C1,7.804100347590766,True,<rdkit.Chem.rdchem.Mol object at 0x735c7904f300>
CHEMBL4215568,CDK4,15.8,nM,CCN1CCN(Cc2ccc(Nc3ncc(F)c(-c4cc(F)c5nc6n(c5c4)CC(C)C6)n3)nc2)CC1,7.801342913045577,True,<rdkit.Chem.rdchem.Mol object at 0x735c7904f760>
CHEMBL3702051,CDK6,15.8,nM,COCCN1CCN(c2ccc(Nc3ncc4c5ccncc5n(C5CCCC5)c4n3)nn2)CC1,7.801342913045577,True,<rdkit.Chem.rdchem.Mol object at 0x735c7904f8b0>
CHEMBL4210028,CDK6,15.8,nM,CCN1CCN(Cc2ccc(Nc3ncc(F)c(-c4ccc5nc6n(c5c4)C(C)(C)CC6)n3)nc2)CC1,7.801342913045577,True,<rdkit.Chem.rdchem.Mol object at 0x735c7904ccf0>
CHEMBL5953254,CDK4,15.9,nM,Cc1nc2c(F)cc(-c3nc(Nc4ccc5c(n4)CCN(CCN(C)CCP(=O)(O)O)C5)ncc3F)cc2n1C(C)(C)C,7.798602875679548,True,<rdkit.Chem.rdchem.Mol object at 0x735c7904ce40>
CHEMBL3698723,CDK6,15.9,nM,O=S1(=O)CCC(Nc2ccc(Nc3ncc4c5ccncc5n(C5CCCC5)c4n3)nn2)C1,7.798602875679548,True,<rdkit.Chem.rdchem.Mol object at 0x735c7904d0e0>
CHEMBL497564,CDK4,16.0,nM,c1cc(Nc2nccc(-c3cnn4ncccc34)n2)cc(-c2cocn2)c1,7.795880017344075,True,<rdkit.Chem.rdchem.Mol object at 0x735c7904c190>
CHEMBL5789496,CDK9,16.0,nM,COC1CCc2c(-c3cc(NC(=O)[C@@H]4CCC[C@@H](NC(C)=O)C4)ncc3Cl)cnn2C1,7.795880017344075,True,<rdkit.Chem.rdchem.Mol object at 0x735c7904e340>
CHEMBL3702068,CDK6,16.0,nM,CCC(CC)n1c2cnccc2c2cnc(Nc3ccc(N4CCNCC4)cn3)nc21,7.795880017344075,True,<rdkit.Chem.rdchem.Mol object at 0x735c7904eb90>
CHEMBL2158857,CDK2,16.0,nM,NS(=O)(=O)c1cccc(Nc2nccc(-c3ccnc(N4CCCCC4)c3)n2)c1,7.795880017344075,True,<rdkit.Chem.rdchem.Mol object at 0x735c7904f990>
CHEMBL3702070,CDK6,16.0,nM,CCC(CC)n1c2cnccc2c2cnc(Nc3ccc(N4CCC(N(C)C)CC4)nn3)nc21,7.795880017344075,True,<rdkit.Chem.rdchem.Mol object at 0x735c7904fe60>
CHEMBL3702152,CDK4,16.0,nM,O=C1COC2(CCN(c3ccc(Nc4ncc5c6ccncc6n(C6CCCC6)c5n4)nn3)CC2)CN1,7.795880017344075,True,<rdkit.Chem.rdchem.Mol object at 0x735c790245f0>
CHEMBL3702246,CDK6,16.0,nM,c1cc2c3cnc(Nc4ccc(N5CCNCC5)nn4)nc3n(C3CCC3)c2cn1,7.795880017344075,True,<rdkit.Chem.rdchem.Mol object at 0x735c790246d0>
CHEMBL3702193,CDK6,16.0,nM,C[C@@H](O)CNc1ccc(Nc2ncc3c4ccncc4n(C4CCCC4)c3n2)nn1,7.795880017344075,True,<rdkit.Chem.rdchem.Mol object at 0x735c790251c0>
CHEMBL2012398,CDK1,16.0,nM,Cn1cc(Nc2ncc3cnn([C@H]4CC[C@H]5CCC[C@H]54)c3n2)cc1C(N)=O,7.795880017344075,True,<rdkit.Chem.rdchem.Mol object at 0x735c79025690>
CHEMBL5170195,CDK9,16.0,nM,COc1cc(F)ccc1-c1ccnc2[nH]c(-c3ccc(CN4CCOCC4)cc3)cc12,7.795880017344075,True,<rdkit.Chem.rdchem.Mol object at 0x735c79025cb0>
CHEMBL3691584,CDK4,16.0,nM,CN(C)C(=O)c1cc2cnc(Nc3ccc(C(=O)N4CC5(CNC5)C4)cn3)nc2n1C1CCCC1,7.795880017344075,True,<rdkit.Chem.rdchem.Mol object at 0x735c790260a0>
CHEMBL361833,CDK2,16.0,nM,N[C@H]1CC[C@H](Nc2cc(Nc3ccc(S(=O)(=O)c4ccccc4)cc3)n3ncc(Br)c3n2)CC1,7.795880017344075,True,<rdkit.Chem.rdchem.Mol object at 0x735c79026260>
CHEMBL3648126,CDK2,16.0,nM,CC(C)Nc1nc(Nc2ccc(S(C)(=N)=O)cc2)ncc1Br,7.795880017344075,True,<rdkit.Chem.rdchem.Mol object at 0x735c79026c00>
CHEMBL3702132,CDK6,16.0,nM,CN(C)C1CCN(C(=O)c2ccc(Nc3ncc4c5ccncc5n(C5CCCC5)c4n3)nc2)CC1,7.795880017344075,True,<rdkit.Chem.rdchem.Mol object at 0x735c79024820>
CHEMBL5761374,CDK4,16.0,nM,OC1CCN(c2ccc(Nc3ncc(F)c(-c4cc(F)c5c(c4)N(C4CCC4)CCO5)n3)nc2)CC1,7.795880017344075,True,<rdkit.Chem.rdchem.Mol object at 0x735c790249e0>
CHEMBL3648094,CDK1,16.0,nM,CCS(=N)(=O)c1ccc(Nc2ncc(Br)c(N[C@H](COC)[C@H](C)O)n2)cc1,7.795880017344075,True,<rdkit.Chem.rdchem.Mol object at 0x735c79025930>
CHEMBL3648127,CDK2,16.0,nM,CCC(CO)Sc1nc(Nc2ccc(S(C)(=N)=O)cc2)ncc1Br,7.795880017344075,True,<rdkit.Chem.rdchem.Mol object at 0x735c790263b0>
CHEMBL5930291,CDK9,16.0,nM,O=C(Nc1cc(-c2ccc3ncn(CC4(N5CCCC5)COC4)c3c2)c(Cl)cn1)[C@@H]1CCCNC1,7.795880017344075,True,<rdkit.Chem.rdchem.Mol object at 0x735c79026570>
CHEMBL3641999,CDK6,16.0,nM,CNCCN(C)C1CCN(c2ccc(Nc3ncc4c5ccncc5n(C5CCCC5)c4n3)nn2)CC1,7.795880017344075,True,<rdkit.Chem.rdchem.Mol object at 0x735c79026880>
CHEMBL5570843,CDK9,16.0,nM,COc1ccccc1-c1cccc(Nc2cccc(N3CCCNCC3)c2)n1,7.795880017344075,True,<rdkit.Chem.rdchem.Mol object at 0x735c79026960>
CHEMBL429142,CDK1,16.0,nM,CC(C)CC(=O)c1ccc2c(c1)/C(=C/Nc1ccc(S(N)(=O)=O)cc1)C(=O)N2,7.795880017344075,True,<rdkit.Chem.rdchem.Mol object at 0x735c79026f10>
CHEMBL3702241,CDK6,16.0,nM,CN(C)C1CCN(c2ccc(Nc3ncc4c5ccncc5n(C5CCC5)c4n3)nc2)CC1,7.795880017344075,True,<rdkit.Chem.rdchem.Mol object at 0x735c790273e0>
CHEMBL3702047,CDK4,16.0,nM,CCN1CCN(c2ccc(Nc3ncc4c5ccncc5n(C5CCCC5)c4n3)nc2)CC1,7.795880017344075,True,<rdkit.Chem.rdchem.Mol object at 0x735c79027450>
CHEMBL523735,CDK2,16.0,nM,NC(=O)c1ccc(Nc2nccc(-c3cnn4ncccc34)n2)cc1,7.795880017344075,True,<rdkit.Chem.rdchem.Mol object at 0x735c790274c0>
CHEMBL3663743,CDK9,16.0,nM,COc1ccc(F)cc1-c1ccnc2[nH]c(C3CCCNC3)cc12,7.795880017344075,True,<rdkit.Chem.rdchem.Mol object at 0x735c790276f0>
CHEMBL3642006,CDK6,16.0,nM,O[C@H]1CCN(C2CCN(c3ccc(Nc4ncc5c6ccncc6n(C6CCCC6)c5n4)nn3)CC2)C1,7.795880017344075,True,<rdkit.Chem.rdchem.Mol object at 0x735c79027760>
CHEMBL5807765,CDK6,16.0,nM,CC1CN(C(=O)c2ccc(Nc3ncc(F)c(-c4cc(F)c5c(c4)N(C(C)C)CCO5)n3)nc2)CC(C)O1,7.795880017344075,True,<rdkit.Chem.rdchem.Mol object at 0x735c790277d0>
CHEMBL6005062,CDK6,16.0,nM,Fc1cnc(Nc2ccc3c(n2)CCNC3)nc1-c1cc(F)c2c(c1)N(C1CCC1)CCO2,7.795880017344075,True,<rdkit.Chem.rdchem.Mol object at 0x735c79027bc0>
CHEMBL3702087,CDK6,16.0,nM,COc1ccc2c3cnc(Nc4ccc(N5CCNCC5)cn4)nc3n(C3CCCC3)c2n1,7.795880017344075,True,<rdkit.Chem.rdchem.Mol object at 0x735c79027d10>
CHEMBL5977301,CDK9,16.0,nM,O=C1NC2CC(C(=O)Nc3cc(-c4ccc5ncn(Cc6cccc(F)c6)c5c4)c(Cl)cn3)CC2O1,7.795880017344075,True,<rdkit.Chem.rdchem.Mol object at 0x735c79025460>
CHEMBL3702037,CDK4,16.0,nM,C[C@H]1CN(c2ccc(Nc3ncc4c5cc[nH]c(=O)c5n(C5CCCC5)c4n3)nn2)CCN1,7.795880017344075,True,<rdkit.Chem.rdchem.Mol object at 0x735c79025a10>
CHEMBL3648085,CDK1,16.0,nM,CCOC(=O)N=S(C)(=O)c1ccc(Nc2ncc(Br)c(N[C@H](C)[C@H](C)O)n2)cc1,7.795880017344075,True,<rdkit.Chem.rdchem.Mol object at 0x735c79026110>
CHEMBL5769299,CDK9,16.0,nM,CC(C)(C)OC(=O)N[C@@H]1CCC[C@H](C(=O)Nc2cc(-c3cnn4c3CCCC4)c(Cl)cn2)C1,7.795880017344075,True,<rdkit.Chem.rdchem.Mol object at 0x735c790484a0>
CHEMBL3298414,CDK2,16.0,nM,O=C(N[C@H](CO)c1ccc(F)c(Cl)c1)N1CCc2cnc(NC3CCOCC3)nc2C1,7.795880017344075,True,<rdkit.Chem.rdchem.Mol object at 0x735c79048740>
CHEMBL3702232,CDK4,16.0,nM,CC[C@H](C)n1c2cnccc2c2cnc(Nc3ccc(N4CCNC(C)(C)C4)nn3)nc21,7.795880017344075,True,<rdkit.Chem.rdchem.Mol object at 0x735c79048dd0>
CHEMBL3702173,CDK4,16.0,nM,O=S1(=O)CC=C(c2ccc(Nc3ncc4c5ccnc(F)c5n(C5CCCC5)c4n3)nc2)CC1,7.795880017344075,True,<rdkit.Chem.rdchem.Mol object at 0x735c7904a2d0>
CHEMBL3702173,CDK6,16.0,nM,O=S1(=O)CC=C(c2ccc(Nc3ncc4c5ccnc(F)c5n(C5CCCC5)c4n3)nc2)CC1,7.795880017344075,True,<rdkit.Chem.rdchem.Mol object at 0x735c7904ac70>
CHEMBL5852870,CDK4,16.0,nM,CC(C)N1CCOc2c(F)cc(-c3nc(Nc4ncc(C5CCNCC5)cn4)ncc3F)cc21,7.795880017344075,True,<rdkit.Chem.rdchem.Mol object at 0x735c7904bed0>
CHEMBL307808,CDK2,16.0,nM,COCCNS(=O)(=O)c1ccc(Nc2nccc(-c3cnc4ccc(Sc5ccccc5)cn34)n2)cc1,7.795880017344075,True,<rdkit.Chem.rdchem.Mol object at 0x735c79048190>
CHEMBL3691561,CDK4,16.0,nM,CN(C)C(=O)c1cc2cnc(Nc3ccc(C(=O)N4CC5CCC(C4)N5)cn3)nc2n1C1CCCC1,7.795880017344075,True,<rdkit.Chem.rdchem.Mol object at 0x735c79048200>
CHEMBL3702132,CDK4,16.0,nM,CN(C)C1CCN(C(=O)c2ccc(Nc3ncc4c5ccncc5n(C5CCCC5)c4n3)nc2)CC1,7.795880017344075,True,<rdkit.Chem.rdchem.Mol object at 0x735c79048350>
CHEMBL189963,CDK6,16.0,nM,CC(=O)c1c(C)c2cnc(Nc3ccc(N4CCNCC4)cn3)nc2n(C2CCCC2)c1=O,7.795880017344075,True,<rdkit.Chem.rdchem.Mol object at 0x735c790485f0>
CHEMBL3702192,CDK6,16.1,nM,OCCNc1ccc(Nc2ncc3c4ccncc4n(C4CCCC4)c3n2)nn1,7.79317412396815,True,<rdkit.Chem.rdchem.Mol object at 0x735c79048890>
CHEMBL6044246,CDK6,16.1,nM,Cc1nc2c(F)cc(-c3nc(Nc4ccc5c(n4)CCN(CC(=O)N(C)C)C5)ncc3F)cc2n1C1CC1,7.79317412396815,True,<rdkit.Chem.rdchem.Mol object at 0x735c79048a50>
CHEMBL4466497,CDK9,16.2,nM,Cc1nc2c(F)cc(-c3nc(Nc4ccc5c(n4)CCN(CCN(C)C)C5)ncc3F)cc2n1C(C)(C)C,7.790484985457369,True,<rdkit.Chem.rdchem.Mol object at 0x735c79048cf0>
CHEMBL3698726,CDK4,16.2,nM,c1cc2c3cnc(Nc4ccc(NC5CCNCC5)nn4)nc3n(C3CCCC3)c2cn1,7.790484985457369,True,<rdkit.Chem.rdchem.Mol object at 0x735c79048f90>
CHEMBL4463172,CDK2,16.3,nM,Cc1nc2c(F)cc(-c3nc(Nc4ccc5c(n4)CCN(CCN(C)C(=N)N)C5)ncc3F)cc2n1C(C)C,7.787812395596042,True,<rdkit.Chem.rdchem.Mol object at 0x735c790495b0>
CHEMBL5869281,CDK2,16.3,nM,Cc1nc2c(F)cc(-c3nc(Nc4ccc5c(n4)CCN(C[C@H]4CN(C)CCO4)C5)ncc3F)cc2n1C(C)(C)C,7.787812395596042,True,<rdkit.Chem.rdchem.Mol object at 0x735c79049930>
CHEMBL4542247,CDK2,16.3,nM,Cc1nc2c(F)cc(-c3nc(Nc4ccc5c(n4)CCN(CCN(C)C)C5)ncc3F)cc2n1C1(C)CC1,7.787812395596042,True,<rdkit.Chem.rdchem.Mol object at 0x735c79049cb0>
CHEMBL3684984,CDK4,16.5,nM,C[C@H]1CC[C@H](n2c3cnccc3c3cnc(Nc4ccc5c(n4)C(O)CNC5)nc32)CC1,7.782516055786093,True,<rdkit.Chem.rdchem.Mol object at 0x735c79049d90>
CHEMBL5964401,CDK2,16.5,nM,CCC(CC)n1c(C)nc2c(F)cc(-c3nc(Nc4ccc5c(n4)CCNC5)ncc3F)cc21,7.782516055786093,True,<rdkit.Chem.rdchem.Mol object at 0x735c79049e00>
CHEMBL3702166,CDK6,16.6,nM,Oc1cc(-c2ccc(Nc3ncc4c5ccncc5n(C5CCCC5)c4n3)nn2)ccn1,7.779891911959945,True,<rdkit.Chem.rdchem.Mol object at 0x735c79049ee0>
CHEMBL5558477,CDK9,16.91,nM,CC[C@@H](CO)Nc1nc(NCc2ccc(NC(=O)C3(F)CC3)cc2)n2ncc(C(C)C)c2n1,7.771856392402258,True,<rdkit.Chem.rdchem.Mol object at 0x735c79049fc0>
CHEMBL3237443,CDK6,17.0,nM,Fc1nccc2c3cnc(Nc4ccc(N5CCNCC5)cn4)nc3n(C3CCCC3)c12,7.769551078621726,True,<rdkit.Chem.rdchem.Mol object at 0x735c7904a0a0>
CHEMBL3691640,CDK4,17.0,nM,CN(C)C(=O)c1cc2cnc(Nc3ccc(N4CC5(CCCNCC5)OC4=O)cn3)nc2n1C1CCCC1,7.769551078621726,True,<rdkit.Chem.rdchem.Mol object at 0x735c7904a260>
CHEMBL3668421,CDK9,17.0,nM,CN1CCC(c2cc3c(-c4cccc(NCCc5ccccc5)n4)ccnc3[nH]2)CC1,7.769551078621726,True,<rdkit.Chem.rdchem.Mol object at 0x735c7904a3b0>
CHEMBL3702070,CDK4,17.0,nM,CCC(CC)n1c2cnccc2c2cnc(Nc3ccc(N4CCC(N(C)C)CC4)nn3)nc21,7.769551078621726,True,<rdkit.Chem.rdchem.Mol object at 0x735c7904a7a0>
CHEMBL3641989,CDK4,17.0,nM,CC1(C)CN(c2ccc(Nc3ncc4c5ccncc5n([C@@H]5CCOC5)c4n3)nc2)CCN1,7.769551078621726,True,<rdkit.Chem.rdchem.Mol object at 0x735c7904a960>
CHEMBL3663799,CDK9,17.0,nM,COc1ccc(F)cc1-c1ccnc2[nH]c(C3CCNC3)cc12,7.769551078621726,True,<rdkit.Chem.rdchem.Mol object at 0x735c7904ab20>
CHEMBL3668480,CDK9,17.0,nM,Fc1cncc(CNc2ccc(Cl)c(-c3ccnc4[nH]c(C5CCCNC5)cc34)n2)c1,7.769551078621726,True,<rdkit.Chem.rdchem.Mol object at 0x735c7904af10>
CHEMBL3702057,CDK4,17.0,nM,CC(=O)N1CCN(c2ccc(Nc3ncc4c5ccncc5n(C5CCCC5)c4n3)nc2)CC1,7.769551078621726,True,<rdkit.Chem.rdchem.Mol object at 0x735c7904b5a0>
CHEMBL3702072,CDK6,17.0,nM,O[C@H]1CCN(Cc2csc(Nc3ncc4c5ccncc5n(C5CCCC5)c4n3)n2)C1,7.769551078621726,True,<rdkit.Chem.rdchem.Mol object at 0x735c7904b6f0>
CHEMBL3702141,CDK6,17.0,nM,c1cc2c3cnc(Nc4ccc(N5CCNCC5)cn4)cc3n(C3CCSC3)c2cn1,7.769551078621726,True,<rdkit.Chem.rdchem.Mol object at 0x735c7904bc30>
CHEMBL5767699,CDK9,17.0,nM,CC(=O)N[C@H]1CCC[C@H](C(=O)Nc2cc(-c3cnn4c3CC(C)(C)CC4)c(Cl)cn2)C1,7.769551078621726,True,<rdkit.Chem.rdchem.Mol object at 0x735c7904bd80>
CHEMBL3663777,CDK9,17.0,nM,Fc1ccc(F)c(CNc2ccc(Cl)c(-c3ccnc4[nH]c(C5CCNCC5)cc34)n2)c1,7.769551078621726,True,<rdkit.Chem.rdchem.Mol object at 0x735c79048900>
CHEMBL3668350,CDK9,17.0,nM,COc1ccc(F)cc1-c1ccnc2[nH]c(C3CCNCC3)c(C)c12,7.769551078621726,True,<rdkit.Chem.rdchem.Mol object at 0x735c7904ace0>
CHEMBL1080893,CDK2,17.0,nM,Cc1n[nH]c2ccc(-c3nnc(NC[C@@H](N)Cc4cccc(Cl)c4)s3)cc12,7.769551078621726,True,<rdkit.Chem.rdchem.Mol object at 0x735c7904ae30>
CHEMBL3691544,CDK4,17.0,nM,CN(C)C(=O)c1cc2cnc(Nc3ccc(C(=O)N4C[C@H]5CNC[C@@H](C4)C5O)cn3)nc2n1C1CCCC1,7.769551078621726,True,<rdkit.Chem.rdchem.Mol object at 0x735c7904b060>
CHEMBL180814,CDK2,17.0,nM,CC(C)c1cnn2c(Nc3ccc(S(=O)(=O)N(C)C)cc3)cc(O[C@H]3CC[C@H](N)CC3)nc12,7.769551078621726,True,<rdkit.Chem.rdchem.Mol object at 0x735c7904b8b0>
CHEMBL3673533,CDK9,17.0,nM,CNC(=O)N1CC=C(c2cc3c(-c4cncc(NCc5cccc(F)c5)n4)ccnc3[nH]2)CC1,7.769551078621726,True,<rdkit.Chem.rdchem.Mol object at 0x735c78f50120>
CHEMBL1080911,CDK2,17.0,nM,Cc1n[nH]c2ccc(-c3nnc(NC[C@@H](N)Cc4ccc(C(F)(F)F)cc4)s3)cc12,7.769551078621726,True,<rdkit.Chem.rdchem.Mol object at 0x735c78f502e0>
CHEMBL487066,CDK2,17.0,nM,Cc1ncc(-c2ccnc(Nc3ccc(C(=O)NC4CC4)cc3)n2)n1C(C)C,7.769551078621726,True,<rdkit.Chem.rdchem.Mol object at 0x735c78f50900>
CHEMBL3663769,CDK9,17.0,nM,COc1ccc(F)cc1-c1ccnc2[nH]c(C3CCN(C)CC3)cc12,7.769551078621726,True,<rdkit.Chem.rdchem.Mol object at 0x735c78f52810>
CHEMBL3702248,CDK4,17.0,nM,CC1(C)CN(c2ccc(Nc3ncc4c5ccncc5n(C5CCC5)c4n3)nn2)CCN1,7.769551078621726,True,<rdkit.Chem.rdchem.Mol object at 0x735c78f52d50>
CHEMBL3702032,CDK4,17.0,nM,CC1CN(c2ccc(Nc3ncc4c5cc[nH]c(=O)c5n(C5CCCC5)c4n3)nc2)CC(C)N1,7.769551078621726,True,<rdkit.Chem.rdchem.Mol object at 0x735c78f53450>
CHEMBL5825369,CDK9,17.0,nM,NCCCCNc1cc(-c2ccc3ncn(Cc4cccc(F)c4)c3c2)c(Cl)cn1,7.769551078621726,True,<rdkit.Chem.rdchem.Mol object at 0x735c78f53760>
CHEMBL6051269,CDK9,17.0,nM,O=C(Nc1cc(-c2cnn3c2CCCC3)c(Cl)cn1)[C@H]1CCC[C@@H](NC(=O)C2(O)CC2)C1,7.769551078621726,True,<rdkit.Chem.rdchem.Mol object at 0x735c78f538b0>
CHEMBL192042,CDK2,17.0,nM,C[C@H](C(=O)Nc1cc(C2CC2)[nH]n1)c1ccc(N2CCN(C)C2=O)cc1,7.769551078621726,True,<rdkit.Chem.rdchem.Mol object at 0x735c78f50a50>
CHEMBL509012,CDK2,17.0,nM,CC(C)C1CC(C(=O)Nc2ncc(SCc3ncc(C(C)(C)C)o3)s2)CCN1,7.769551078621726,True,<rdkit.Chem.rdchem.Mol object at 0x735c78f50d60>
CHEMBL6030659,CDK9,17.0,nM,O=C(Nc1cc(-c2ccc3ncn(Cc4ccccc4F)c3c2)c(Cl)cn1)[C@@H]1CCCNC1,7.769551078621726,True,<rdkit.Chem.rdchem.Mol object at 0x735c78f50eb0>
CHEMBL3642034,CDK6,17.0,nM,CN(C)CCN(C)C1CCN(c2ccc(Nc3ncc4c5ccncc5n(C5CCCC5)c4n3)nn2)CC1,7.769551078621726,True,<rdkit.Chem.rdchem.Mol object at 0x735c78f51000>
CHEMBL270132,CDK1,17.0,nM,NS(=O)(=O)c1ccc(N/C=C2\C(=O)Nc3ccc(-c4cnco4)cc32)cc1,7.769551078621726,True,<rdkit.Chem.rdchem.Mol object at 0x735c78f510e0>
CHEMBL3702177,CDK4,17.0,nM,CN(C)C1CCN(c2ccc(Nc3ncc4c5ccncc5n(C5CCSCC5)c4n3)nn2)CC1,7.769551078621726,True,<rdkit.Chem.rdchem.Mol object at 0x735c78f51150>
CHEMBL3698704,CDK4,17.0,nM,COC1CCN(c2ccc(Nc3ncc4c5ccncc5n(C5CCCC5)c4n3)nc2)C1,7.769551078621726,True,<rdkit.Chem.rdchem.Mol object at 0x735c78f515b0>
CHEMBL3698700,CDK4,17.0,nM,c1cc2c3cnc(Nc4ccc(NC5CCNCC5)cn4)nc3n(C3CCCC3)c2cn1,7.769551078621726,True,<rdkit.Chem.rdchem.Mol object at 0x735c78f51690>
CHEMBL300389,CDK1,17.0,nM,OCCCNc1cc(-c2ccnc(Nc3cccc(Cl)c3)n2)ccn1,7.769551078621726,True,<rdkit.Chem.rdchem.Mol object at 0x735c78f51930>
CHEMBL3648102,CDK1,17.0,nM,CC(O)C(C)Sc1nc(Nc2ccc(S(C)(=N)=O)cc2)ncc1Br,7.769551078621726,True,<rdkit.Chem.rdchem.Mol object at 0x735c78f51fc0>
CHEMBL5198461,CDK2,17.0,nM,NCCCCNc1ccc(Nc2nc(N[C@H]3CC[C@H](N)CC3)nc3c2ncn3C2CCCC2)cc1,7.769551078621726,True,<rdkit.Chem.rdchem.Mol object at 0x735c78f52650>
CHEMBL103382,CDK2,17.4,nM,NS(=O)(=O)c1ccc(Nc2cc(-c3ccc(F)cc3)[nH]n2)cc1,7.7594507517174,True,<rdkit.Chem.rdchem.Mol object at 0x735c78f53140>
CHEMBL4205645,CDK6,17.4,nM,CCN1CCN(Cc2ccc(Nc3nccc(-c4cc(F)c5nc6n(c5c4)C(C)(C)CC6)n3)nc2)CC1,7.7594507517174,True,<rdkit.Chem.rdchem.Mol object at 0x735c78f533e0>
CHEMBL5557963,CDK9,17.44,nM,CCC(=O)Nc1ccc(CNc2nc(NC3CCOCC3)nc3c(C(C)C)cnn23)cc1,7.758453519403451,True,<rdkit.Chem.rdchem.Mol object at 0x735c78f53d10>
CHEMBL4207966,CDK4,17.6,nM,CCN1CCN(Cc2ccc(Nc3nccc(-c4cc(F)c5nc6n(c5c4)C(C)CC6)n3)nc2)CC1,7.75448733218585,True,<rdkit.Chem.rdchem.Mol object at 0x735c78f51d20>
CHEMBL5748748,CDK2,17.6,nM,CC1(C)CCc2nc3c(F)cc(-c4nc(Nc5ccc6c(n5)CCN(C(=O)CO)C6)ncc4F)cc3n21,7.75448733218585,True,<rdkit.Chem.rdchem.Mol object at 0x735c78f53290>
CHEMBL3648103,CDK2,18.0,nM,CCC(Sc1nc(Nc2ccc(S(C)(=N)=O)cc2)ncc1Br)C(C)O,7.744727494896693,True,<rdkit.Chem.rdchem.Mol object at 0x735c78f50cf0>
CHEMBL445813,CDK4,18.0,nM,O=C(NC1CCNCC1)c1n[nH]cc1NC(=O)c1c(Cl)cccc1Cl,7.744727494896693,True,<rdkit.Chem.rdchem.Mol object at 0x735c78f53840>
CHEMBL451462,CDK2,18.0,nM,Cc1ncc(-c2nc(Nc3ccc(C(=O)N4CCN(C)CC4)cc3)ncc2F)n1C(C)C,7.744727494896693,True,<rdkit.Chem.rdchem.Mol object at 0x735c78f5c970>
CHEMBL5863217,CDK6,18.0,nM,CC(C)N1CCOc2c(F)cc(-c3nc(Nc4ccc(C(=O)N5CCC(O)CC5)cn4)ncc3F)cc21,7.744727494896693,True,<rdkit.Chem.rdchem.Mol object at 0x735c78f5cc10>
CHEMBL3648106,CDK1,18.0,nM,CC(CO)Sc1nc(Nc2ccc(S(C)(=N)=O)cc2)ncc1Br,7.744727494896693,True,<rdkit.Chem.rdchem.Mol object at 0x735c78f5d930>
CHEMBL3642026,CDK6,18.0,nM,CN(CC(=O)O)C1CCN(c2ccc(Nc3ncc4c5ccncc5n(C5CCCC5)c4n3)nc2)CC1,7.744727494896693,True,<rdkit.Chem.rdchem.Mol object at 0x735c78f5dd90>
CHEMBL3905696,CDK6,18.0,nM,COCCCNCC(=O)N1CCN(c2ccc(Nc3ncc4c(C)c(C(C)=O)c(=O)n(C5CCCC5)c4n3)nc2)CC1,7.744727494896693,True,<rdkit.Chem.rdchem.Mol object at 0x735c78f5e5e0>
CHEMBL3642018,CDK6,18.0,nM,OC1CCN(C2CCN(c3ccc(Nc4ncc5c6ccncc6n(C6CCCC6)c5n4)nc3)CC2)CC1,7.744727494896693,True,<rdkit.Chem.rdchem.Mol object at 0x735c78f5c580>
CHEMBL3691575,CDK4,18.0,nM,CN(C)C(=O)c1cc2cnc(Nc3ccc(C(=O)N4CC5CNCC5C4)cn3)nc2n1C1CCCC1,7.744727494896693,True,<rdkit.Chem.rdchem.Mol object at 0x735c78f5c6d0>
CHEMBL3914273,CDK4,18.0,nM,CN(C)C(=O)c1cc2cnc(Nc3ccc(C(=O)N4C[C@@H]5C[C@]5(N)C4)cn3)nc2n1C1CCCC1,7.744727494896693,True,<rdkit.Chem.rdchem.Mol object at 0x735c78f5c820>
CHEMBL83775,CDK2,18.0,nM,COc1cc(-c2ccc[nH]2)c2c3c(ccc(F)c13)NC2=O,7.744727494896693,True,<rdkit.Chem.rdchem.Mol object at 0x735c78f5cac0>
CHEMBL79364,CDK2,18.0,nM,O=C1Nc2ccc(F)c3c(OCCCO)cc(-c4ccc[nH]4)c1c23,7.744727494896693,True,<rdkit.Chem.rdchem.Mol object at 0x735c78f5cc80>
CHEMBL3702150,CDK4,18.0,nM,c1cc2c3cnc(Nc4ccc(N5CCNC6(CCCCC6)C5)nn4)nc3n(C3CCCC3)c2cn1,7.744727494896693,True,<rdkit.Chem.rdchem.Mol object at 0x735c78f5cdd0>
CHEMBL4214566,CDK4,18.0,nM,CCN1CCN(Cc2ccc(Nc3ncc(F)c(-c4cc(F)c5nc6n(c5c4)CCC6)n3)nc2)CC1,7.744727494896693,True,<rdkit.Chem.rdchem.Mol object at 0x735c78f5ceb0>
CHEMBL3668481,CDK9,18.0,nM,Fc1cnc(NCc2ccccc2)cc1-c1ccnc2[nH]c(C3CCCNC3)cc12,7.744727494896693,True,<rdkit.Chem.rdchem.Mol object at 0x735c78f5d070>
CHEMBL3691639,CDK4,18.0,nM,CN(C)C(=O)c1cc2cnc(Nc3ccc(N4CC5(CC6CCC(C5)N6C)OC4=O)cn3)nc2n1C1CCCC1,7.744727494896693,True,<rdkit.Chem.rdchem.Mol object at 0x735c78f5d230>
CHEMBL3663775,CDK9,18.0,nM,Clc1ccc(NCc2cccnc2)nc1-c1ccnc2[nH]c(C3CCNCC3)cc12,7.744727494896693,True,<rdkit.Chem.rdchem.Mol object at 0x735c78f5d2a0>
CHEMBL3642007,CDK6,18.0,nM,O[C@@H]1CCCN(C2CCN(c3ccc(Nc4ncc5c6ccncc6n(C6CCCC6)c5n4)nn3)CC2)C1,7.744727494896693,True,<rdkit.Chem.rdchem.Mol object at 0x735c78f5d460>
CHEMBL5277376,CDK4,18.0,nM,CC(=O)c1c(C)c2cnc(Nc3ccc(N4CCN(C/C=C/C(F)(F)F)CC4)cn3)nc2n(C2CCCC2)c1=O,7.744727494896693,True,<rdkit.Chem.rdchem.Mol object at 0x735c78f5d4d0>
CHEMBL6007997,CDK6,18.0,nM,Cc1nc(Nc2ncc(F)c(-c3cc(F)c4c(c3)N(C(C)C)CCO4)n2)ccc1C1CCN(C)CC1,7.744727494896693,True,<rdkit.Chem.rdchem.Mol object at 0x735c78f5d700>
CHEMBL3673549,CDK9,18.0,nM,O=C(O)C1CC=C(c2cc3c(-c4cncc(OCc5cccc(F)c5)n4)ccnc3[nH]2)CC1,7.744727494896693,True,<rdkit.Chem.rdchem.Mol object at 0x735c78f5d850>
CHEMBL6148270,CDK9,18.0,nM,c1cc(-c2cnn(CC3CC3)c2)c2cc(C3CCNCC3)[nH]c2n1,7.744727494896693,True,<rdkit.Chem.rdchem.Mol object at 0x735c78f5dbd0>
CHEMBL442186,CDK2,18.0,nM,O=C1Nc2ccc(F)c3c(SC[C@@H]4CCCN4)cc(-c4ccc[nH]4)c1c23,7.744727494896693,True,<rdkit.Chem.rdchem.Mol object at 0x735c78f5de70>
CHEMBL5542666,CDK9,18.23,nM,CCC(=O)Nc1ccc(CNc2nc(N[C@@H](CC)CO)nc3c(C(C)C)cnn23)cc1,7.739213331345024,True,<rdkit.Chem.rdchem.Mol object at 0x735c78f5e110>
CHEMBL3684980,CDK4,18.4,nM,C[C@H]1CC[C@H](n2c3cnccc3c3cnc(Nc4cc5c(cn4)CCN(CCO)C5)nc32)CC1,7.735182176990463,True,<rdkit.Chem.rdchem.Mol object at 0x735c78f5e180>
CHEMBL5758951,CDK2,18.5,nM,Cc1nc2c(F)cc(-c3nc(Nc4ccc5c(n4)CCN(CCN4CCC(B(O)O)CC4)C5)ncc3F)cc2n1C(C)(C)C,7.732828271596986,True,<rdkit.Chem.rdchem.Mol object at 0x735c78f5e2d0>
CHEMBL5873158,CDK2,18.5,nM,Cc1nc2c(F)cc(-c3nc(Nc4ccc5c(n4)CCNC5)ncc3F)cc2n1C(C)(C)C,7.732828271596986,True,<rdkit.Chem.rdchem.Mol object at 0x735c78f5e3b0>
CHEMBL5788017,CDK6,18.7,nM,CN(C)C1CCN(c2ccc(Nc3ncc4cc(S(C)(=O)=O)n(C5CCCC5)c4n3)nc2)CC1,7.7281583934635005,True,<rdkit.Chem.rdchem.Mol object at 0x735c78f5e570>
CHEMBL4207474,CDK6,18.7,nM,Cc1nc(Nc2ncc(F)c(-c3cc(F)c4nc5n(c4c3)C(C)(C)CC5)n2)ccc1CN1CCNCC1,7.7281583934635005,True,<rdkit.Chem.rdchem.Mol object at 0x735c78f5ec70>
CHEMBL3684986,CDK4,18.8,nM,CC(=O)N1Cc2ccc(Nc3ncc4c5ccncc5n([C@H]5CC[C@H](C)CC5)c4n3)nc2[C@H](C)C1,7.72584215073632,True,<rdkit.Chem.rdchem.Mol object at 0x735c78f5ece0>
CHEMBL6021833,CDK6,18.9,nM,Cc1nc2c(F)cc(-c3nc(Nc4ccc5c(n4)CCNC5)ncc3F)cc2n1C1CC1,7.723538195826756,True,<rdkit.Chem.rdchem.Mol object at 0x735c78f5f0d0>
CHEMBL4207474,CDK4,18.9,nM,Cc1nc(Nc2ncc(F)c(-c3cc(F)c4nc5n(c4c3)C(C)(C)CC5)n2)ccc1CN1CCNCC1,7.723538195826756,True,<rdkit.Chem.rdchem.Mol object at 0x735c78f5f450>
CHEMBL6034187,CDK9,19.0,nM,Fc1cccc(Cn2cnc3ccc(-c4cc(NC5CC6(CCNC6)C5)ncc4Cl)cc32)c1,7.721246399047171,True,<rdkit.Chem.rdchem.Mol object at 0x735c78f5f7d0>
CHEMBL5277470,CDK6,19.0,nM,CC(=O)c1c(C)c2cnc(Nc3ccc(N4CCN(C(=O)/C(C#N)=C/c5ccccc5)CC4)cn3)nc2n(C2CCCC2)c1=O,7.721246399047171,True,<rdkit.Chem.rdchem.Mol object at 0x735c78f5fa00>
CHEMBL1234087,CDK1,19.0,nM,O=C1Nc2ccc(-c3cnco3)cc2/C1=C/Nc1ccc2c(c1)CS(=O)(=O)C2,7.721246399047171,True,<rdkit.Chem.rdchem.Mol object at 0x735c78f5c270>
CHEMBL3691650,CDK4,19.0,nM,CN(C)C(=O)c1cc2cnc(Nc3ccc(N4CCC5(CCCN5)C4=O)cn3)nc2n1C1CCCC1,7.721246399047171,True,<rdkit.Chem.rdchem.Mol object at 0x735c78f5e880>
CHEMBL3702175,CDK4,19.0,nM,COCC(C)(C)n1c2cnccc2c2cnc(Nc3ccc(N4CCC(N(C)C)CC4)cn3)nc21,7.721246399047171,True,<rdkit.Chem.rdchem.Mol object at 0x735c78f5ea40>
CHEMBL3648104,CDK1,19.0,nM,CC(Sc1nc(Nc2ccc(S(C)(=N)=O)cc2)ncc1Br)C(C)(C)O,7.721246399047171,True,<rdkit.Chem.rdchem.Mol object at 0x735c78f5fdf0>
CHEMBL3691557,CDK4,19.0,nM,CN(C)C(=O)c1cc2cnc(Nc3ccc(C(=O)N4CC5CC5(N)C4)cn3)nc2n1C1CCCC1,7.721246399047171,True,<rdkit.Chem.rdchem.Mol object at 0x735c78f4d7e0>
CHEMBL2158845,CDK2,19.0,nM,NS(=O)(=O)c1cccc(Nc2nccc(-c3ccnc(N4CCOCC4)c3)n2)c1,7.721246399047171,True,<rdkit.Chem.rdchem.Mol object at 0x735c78f4dd20>
CHEMBL4207451,CDK6,19.0,nM,CC1(C)CCc2nc3c(F)cc(-c4nc(Nc5ccc(CN6CCN(C7CC7)CC6)cn5)ncc4F)cc3n21,7.721246399047171,True,<rdkit.Chem.rdchem.Mol object at 0x735c78f4e110>
CHEMBL3702028,CDK4,19.0,nM,CC1CCN(c2ccc(Nc3ncc4c5ccncc5n(C5CCCC5)c4n3)nn2)C1,7.721246399047171,True,<rdkit.Chem.rdchem.Mol object at 0x735c78f4e5e0>
CHEMBL3668452,CDK9,19.0,nM,COc1ccc(F)cc1-c1ccnc2[nH]c(C3CCN(C(=O)CN4CCOCC4)CC3)cc12,7.721246399047171,True,<rdkit.Chem.rdchem.Mol object at 0x735c78f4ec00>
CHEMBL5188442,CDK9,19.0,nM,COc1cc(F)ccc1-c1ccnc2[nH]c(-c3ccc(CN4CCOCC4)cc3)nc12,7.721246399047171,True,<rdkit.Chem.rdchem.Mol object at 0x735c78f4c580>
CHEMBL3642023,CDK6,19.0,nM,c1cc2c3cnc(Nc4ccc(N5CCC(NC6CCC6)CC5)cn4)nc3n(C3CCCC3)c2cn1,7.721246399047171,True,<rdkit.Chem.rdchem.Mol object at 0x735c78f4c5f0>
CHEMBL5858683,CDK9,19.0,nM,C[C@H](c1cccc(F)c1)n1cnc2ccc(-c3cc(NC(=O)[C@@H]4CCCNC4)ncc3Cl)cc21,7.721246399047171,True,<rdkit.Chem.rdchem.Mol object at 0x735c78f4c660>
CHEMBL3702078,CDK4,19.0,nM,Cc1nc(Nc2ncc3c4ccnc(F)c4n(C4CCCC4)c3n2)ccc1N1CCNCC1,7.721246399047171,True,<rdkit.Chem.rdchem.Mol object at 0x735c78f4c6d0>
CHEMBL1080913,CDK2,19.0,nM,Cc1n[nH]c2ccc(-c3nnc(NC[C@@H](N)Cc4ccc(F)c(F)c4)s3)cc12,7.721246399047171,True,<rdkit.Chem.rdchem.Mol object at 0x735c78f4c900>
CHEMBL3668497,CDK9,19.0,nM,CCN(C(=O)O)S(=O)(=O)N1CC=C(c2cc3c(-c4cc(F)ccc4OC)ccnc3[nH]2)CC1,7.721246399047171,True,<rdkit.Chem.rdchem.Mol object at 0x735c78f4ca50>
CHEMBL3691668,CDK4,19.0,nM,CN(C)C(=O)c1cc2cnc(Nc3ccc(N4C[C@@H]5CC[C@H](CC4=O)N5)cn3)nc2n1C1CCCCC1,7.721246399047171,True,<rdkit.Chem.rdchem.Mol object at 0x735c78f4d230>
CHEMBL457979,CDK2,19.0,nM,Cc1ncc(-c2ccnc(Nc3ccc(S(=O)(=O)Cc4ccccc4)cc3)n2)n1C(C)C,7.721246399047171,True,<rdkit.Chem.rdchem.Mol object at 0x735c78f4d380>
CHEMBL3673526,CDK9,19.0,nM,CNC(=O)N1CCC(c2cc3c(-c4cncc(NCc5cccc(F)c5)n4)ccnc3[nH]2)CC1,7.721246399047171,True,<rdkit.Chem.rdchem.Mol object at 0x735c78f4d690>
CHEMBL3663761,CDK9,19.0,nM,COc1cc(Cl)ccc1-c1ccnc2[nH]c(C3CCNCC3)cc12,7.721246399047171,True,<rdkit.Chem.rdchem.Mol object at 0x735c78f4da80>
CHEMBL3663780,CDK9,19.0,nM,Fc1ccc(CNc2ccc(Cl)c(-c3ccnc4[nH]c(C5CCNCC5)cc34)n2)cc1F,7.721246399047171,True,<rdkit.Chem.rdchem.Mol object at 0x735c78f4daf0>
CHEMBL3663760,CDK9,19.0,nM,COc1cc(F)ccc1-c1ccnc2[nH]c(C3CCNCC3)cc12,7.721246399047171,True,<rdkit.Chem.rdchem.Mol object at 0x735c78f4dbd0>
CHEMBL457177,CDK2,19.0,nM,O=C(N[C@H]1CC[C@H](O)CC1)c1n[nH]cc1NC(=O)c1c(F)cccc1F,7.721246399047171,True,<rdkit.Chem.rdchem.Mol object at 0x735c78f4de70>
CHEMBL3691602,CDK4,19.0,nM,CN(C)C(=O)c1cc2cnc(Nc3ccc(C(=O)N4CC5CCC(C4)N5C(=O)CN)cn3)nc2n1C1CCCC1,7.721246399047171,True,<rdkit.Chem.rdchem.Mol object at 0x735c78f4dee0>
CHEMBL562104,CDK2,19.0,nM,CNC(=O)c1nn(C)c2c1CCc1cnc(Nc3ccccc3)nc1-2,7.721246399047171,True,<rdkit.Chem.rdchem.Mol object at 0x735c78f4e1f0>
CHEMBL5830379,CDK9,19.0,nM,O=C(N[C@@H]1CCC[C@H](C(=O)Nc2cc(-c3cnn4c3CCCC4)c(Cl)cn2)C1)C1COC1,7.721246399047171,True,<rdkit.Chem.rdchem.Mol object at 0x735c78f4e260>
CHEMBL1800464,CDK1,19.0,nM,Nc1nc(NC2CCCC2)cc(-c2cc(N3C[C@H](O)[C@@H](O)C3)ccc2O)n1,7.721246399047171,True,<rdkit.Chem.rdchem.Mol object at 0x735c78f4e730>
CHEMBL3642013,CDK4,19.0,nM,CN(CCO)C1CCN(c2ccc(Nc3ncc4c5ccncc5n(C5CCCC5)c4n3)nc2)CC1,7.721246399047171,True,<rdkit.Chem.rdchem.Mol object at 0x735c78f4ea40>
CHEMBL5776531,CDK9,19.0,nM,O=C(Nc1cc(-c2cnn3c2CCCC3)c(Cl)cn1)[C@H]1CCC[C@@H](NC(=O)[C@@H]2CCOC2)C1,7.721246399047171,True,<rdkit.Chem.rdchem.Mol object at 0x735c78f4ec70>
CHEMBL6015242,CDK9,19.0,nM,O=C(Nc1cc(-c2ccc3nnn(Cc4ccc(F)c(F)c4)c3c2)c(Cl)cn1)[C@@H]1CCCNC1,7.721246399047171,True,<rdkit.Chem.rdchem.Mol object at 0x735c78f4eff0>
CHEMBL5788163,CDK9,19.0,nM,O=C(Nc1cc(-c2ccc3ncn(Cc4ccc(F)cc4)c3c2)c(Cl)cn1)[C@@H]1CCCNC1,7.721246399047171,True,<rdkit.Chem.rdchem.Mol object at 0x735c78f4fa00>
CHEMBL5896525,CDK9,19.0,nM,CN1CCC(CCNc2cc(-c3ccc4ncn(Cc5cccc(F)c5)c4c3)c(Cl)cn2)CC1,7.721246399047171,True,<rdkit.Chem.rdchem.Mol object at 0x735c78f4fb50>
CHEMBL5994625,CDK9,19.0,nM,CC(C)(O)CCNc1cc(-c2ccc3ncn(Cc4cccc(F)c4)c3c2)c(Cl)cn1,7.721246399047171,True,<rdkit.Chem.rdchem.Mol object at 0x735c78f4fca0>
CHEMBL3691587,CDK4,19.0,nM,CN(C)C(=O)c1cc2cnc(Nc3ccc(C(=O)N4CC5CCC(C4)N5C)cn3)nc2n1C1CCCC1,7.721246399047171,True,<rdkit.Chem.rdchem.Mol object at 0x735c78f4fe60>
CHEMBL2012400,CDK1,19.0,nM,Cn1cc(Nc2ncc3cnn(C4CCC5(CC4)CC5)c3n2)cc1C(N)=O,7.721246399047171,True,<rdkit.Chem.rdchem.Mol object at 0x735c78f4ff40>
CHEMBL3986282,CDK4,19.0,nM,CC(=O)c1c(C)c2cnc(Nc3ccc(N4CCN(C(=O)CNCCN)CC4)cn3)nc2n(C2CCCC2)c1=O,7.721246399047171,True,<rdkit.Chem.rdchem.Mol object at 0x735c78f4d000>
CHEMBL3668485,CDK9,19.0,nM,CNC(=O)N1CC=C(c2cc3c(-c4cc(F)ccc4OC)ccnc3[nH]2)CC1,7.721246399047171,True,<rdkit.Chem.rdchem.Mol object at 0x735c78f4d1c0>
CHEMBL3663794,CDK9,19.0,nM,CN1CCC(c2cc3c(-c4nc(NCc5ccccc5)ccc4Cl)ccnc3[nH]2)CC1,7.721246399047171,True,<rdkit.Chem.rdchem.Mol object at 0x735c78f4d3f0>
CHEMBL392776,CDK1,19.0,nM,Cc1cc(N2CCCS2(=O)=O)c2oc(-c3ccc(O)c(Br)c3)c(O)c(=O)c2c1,7.721246399047171,True,<rdkit.Chem.rdchem.Mol object at 0x735c78f4e810>
CHEMBL3691679,CDK4,19.0,nM,CN(C)C(=O)c1cc2cnc(Nc3ccc(N4C[C@H]5CC[C@@H](CC4=O)N5CC(F)(F)F)cn3)nc2n1C1CCCC1,7.721246399047171,True,<rdkit.Chem.rdchem.Mol object at 0x735c78f14820>
CHEMBL3648092,CDK2,19.0,nM,CCOC(=O)N=S(=O)(CC)c1ccc(Nc2ncc(Br)c(O[C@H](C)[C@H](C)O)n2)cc1,7.721246399047171,True,<rdkit.Chem.rdchem.Mol object at 0x735c78f15000>
CHEMBL3641990,CDK6,19.0,nM,CNC1CCN(c2ccc(Nc3ncc4c5ccncc5n(C5CCC5)c4n3)nn2)CC1,7.721246399047171,True,<rdkit.Chem.rdchem.Mol object at 0x735c78f154d0>
CHEMBL6160789,CDK6,19.0,nM,CCN1CCN(c2ccc(Nc3ncc(F)c(-c4ccc5c(c4)OC4(CCN(C(C)=O)CC4)CC5=O)n3)nc2)CC1,7.721246399047171,True,<rdkit.Chem.rdchem.Mol object at 0x735c78f15620>
CHEMBL269883,CDK1,19.0,nM,CC(C)COC(=O)c1ccc2c(c1)/C(=C/Nc1ccc(S(N)(=O)=O)cc1)C(=O)N2,7.721246399047171,True,<rdkit.Chem.rdchem.Mol object at 0x735c78f16110>
CHEMBL3684985,CDK4,19.2,nM,C[C@H]1CC[C@H](n2c3cnccc3c3cnc(Nc4ccc5c(n4)C(O)CN(CCO)C5)nc32)CC1,7.71669877129645,True,<rdkit.Chem.rdchem.Mol object at 0x735c78f17300>
CHEMBL4160544,CDK6,19.24,nM,Cc1nc(Nc2c[nH]nc2C(=O)Nc2ccc(CN3CCN(C)CC3)cc2)c2cc(C(C)C)sc2n1,7.715794932298206,True,<rdkit.Chem.rdchem.Mol object at 0x735c78f17840>
CHEMBL3698645,CDK6,19.5,nM,C[C@H]1CN(c2ccc(Nc3ncc4c5ccncc5n(C5CCCC5)c4n3)nn2)CCN1,7.709965388637482,True,<rdkit.Chem.rdchem.Mol object at 0x735c78f17d10>
CHEMBL3698741,CDK6,19.7,nM,c1cc2c3cnc(Nc4ccc(N5CCCC5)nn4)nc3n(C3CCCC3)c2cn1,7.705533773838407,True,<rdkit.Chem.rdchem.Mol object at 0x735c78f145f0>
CHEMBL5843019,CDK6,19.8,nM,CC(C)N1CCOc2c(F)cc(-c3nc(Nc4ccc(C(N)=O)cn4)ncc3F)cc21,7.703334809738469,True,<rdkit.Chem.rdchem.Mol object at 0x735c78f14740>
CHEMBL4762677,CDK9,19.8,nM,CC(C)N1c2cc(Nc3nccc(-c4ccnc5ccccc45)n3)ccc2N(C)C(=O)[C@H]1C,7.703334809738469,True,<rdkit.Chem.rdchem.Mol object at 0x735c78f14890>
CHEMBL5908734,CDK2,19.9,nM,Cc1nc2c(F)cc(-c3nc(Nc4ccc5c(n4)CCN(CCO)C5)ncc3F)cc2n1C(C)C,7.701146923590294,True,<rdkit.Chem.rdchem.Mol object at 0x735c78f14c10>
CHEMBL297570,CDK2,20.0,nM,CC(C)(C)c1cnc(CSc2cnc(NC(=O)C3CCCNC3)s2)o1,7.698970004336019,True,<rdkit.Chem.rdchem.Mol object at 0x735c78f14cf0>
CHEMBL3085239,CDK1,20.0,nM,CC(C)[C@H](CO)Nc1nc(NCc2ccc3c(c2)OCO3)c2ncn(C(C)C)c2n1,7.698970004336019,True,<rdkit.Chem.rdchem.Mol object at 0x735c78f14e40>
CHEMBL3969723,CDK9,20.0,nM,CN1CC[C@@H](c2c(O)cc(O)c3c(=O)cc(-c4ccccc4Cl)oc23)[C@@H]1CO,7.698970004336019,True,<rdkit.Chem.rdchem.Mol object at 0x735c78f14f90>
CHEMBL1235529,CDK1,20.0,nM,O=S1(=O)NCCCNc2nc(ncc2Br)Nc2cccc1c2,7.698970004336019,True,<rdkit.Chem.rdchem.Mol object at 0x735c78f151c0>
CHEMBL79049,CDK1,20.0,nM,CCCCOc1c(C(=O)c2c(F)cc(F)cc2F)c[nH]c2nncc1-2,7.698970004336019,True,<rdkit.Chem.rdchem.Mol object at 0x735c78f15460>
CHEMBL3901726,CDK9,20.0,nM,Fc1ccc2c(c1)-c1ccnc3[nH]c(C4=CCNCC4)c(c13)CO2,7.698970004336019,True,<rdkit.Chem.rdchem.Mol object at 0x735c78f15690>
CHEMBL496567,CDK2,20.0,nM,CC(C)(C)c1cnc(CSc2cnc(N[C@H]3CC[C@H](N)CC3)s2)o1,7.698970004336019,True,<rdkit.Chem.rdchem.Mol object at 0x735c78f15bd0>
CHEMBL4474655,CDK9,20.0,nM,FC(F)(F)c1cnc(N[C@H]2CCCNC2)nc1-c1n[nH]c2ccccc12,7.698970004336019,True,<rdkit.Chem.rdchem.Mol object at 0x735c78f15f50>
CHEMBL5933703,CDK2,20.0,nM,CNCCN1CCc2nc(Nc3ncc(F)c(-c4cc(F)c5nc(C)n(C6(C)CC6)c5c4)n3)ccc2C1,7.698970004336019,True,<rdkit.Chem.rdchem.Mol object at 0x735c78f16180>
CHEMBL5776705,CDK1,20.0,nM,NS(=O)(=O)c1ccc(Nc2ncc3cc4n(c3n2)C2(CCCCC2)C(=O)N[C@@H]4CF)cc1,7.698970004336019,True,<rdkit.Chem.rdchem.Mol object at 0x735c78f161f0>
CHEMBL3668472,CDK9,20.0,nM,Fc1ccc(CNc2ccc(Cl)c(-c3ccnc4[nH]c(C5CCCNC5)cc34)n2)cc1F,7.698970004336019,True,<rdkit.Chem.rdchem.Mol object at 0x735c78f16260>
CHEMBL6022784,CDK4,20.0,nM,CC(C)N1CCOc2c(F)cc(-c3nc(Nc4ccc(N5CCC(C)(O)CC5)cn4)ncc3F)cc21,7.698970004336019,True,<rdkit.Chem.rdchem.Mol object at 0x735c78f165e0>
CHEMBL488436,CDK9,20.0,nM,Cc1ncc(-c2ccnc(Nc3ccc(S(C)(=O)=O)cc3)n2)n1C(C)C,7.698970004336019,True,<rdkit.Chem.rdchem.Mol object at 0x735c78f16650>
CHEMBL5176691,CDK2,20.0,nM,NCCCCNC(=O)c1ccc(Nc2nc(N[C@H]3CC[C@H](N)CC3)nc3c2ncn3C2CCCC2)cc1,7.698970004336019,True,<rdkit.Chem.rdchem.Mol object at 0x735c78f166c0>
CHEMBL3702038,CDK4,20.0,nM,CC1(C)CN(c2ccc(Nc3ncc4c5cc[nH]c(=O)c5n(C5CCCC5)c4n3)nn2)CCN1,7.698970004336019,True,<rdkit.Chem.rdchem.Mol object at 0x735c78f16a40>
CHEMBL3991935,CDK9,20.0,nM,CN1CC[C@@H](c2c(O)cc(O)c3c(=O)cc(-c4ccccc4Cl)oc23)[C@@H]1CO.Cl,7.698970004336019,True,<rdkit.Chem.rdchem.Mol object at 0x735c78f16d50>
CHEMBL6013201,CDK4,20.0,nM,CC(C)N1CCOc2c(F)cc(-c3nc(Nc4cnn(C5CCC(O)CC5)c4)ncc3F)cc21,7.698970004336019,True,<rdkit.Chem.rdchem.Mol object at 0x735c78f16ff0>
CHEMBL3642024,CDK6,20.0,nM,CC(C)NC1CCN(c2ccc(Nc3ncc4c5ccncc5n(C5CCCC5)c4n3)nc2)CC1,7.698970004336019,True,<rdkit.Chem.rdchem.Mol object at 0x735c78f17140>
CHEMBL3702094,CDK4,20.0,nM,CC1CN(c2ccc(Nc3ncc4c5ccnc(F)c5n(C5CCCC5)c4n3)nc2)CC(C)N1,7.698970004336019,True,<rdkit.Chem.rdchem.Mol object at 0x735c78f17220>
CHEMBL4207804,CDK4,20.0,nM,CCN1CCN(Cc2ccc(Nc3ncc(F)c(-c4cc(F)c5nc6n(c5c4)CC(C)(C)C6)n3)nc2)CC1,7.698970004336019,True,<rdkit.Chem.rdchem.Mol object at 0x735c78f17530>
CHEMBL1800450,CDK1,20.0,nM,Cc1cc(-c2cc(N3C[C@H](O)[C@@H](O)C3)ccc2O)nc(N)n1,7.698970004336019,True,<rdkit.Chem.rdchem.Mol object at 0x735c78f17ca0>
CHEMBL5797283,CDK1,20.0,nM,NS(=O)(=O)c1ccc(Nc2ncc3cc4n(c3n2)C2(CCCCC2)C(=O)N[C@H]4CF)cc1,7.698970004336019,True,<rdkit.Chem.rdchem.Mol object at 0x735c78f144a0>
CHEMBL5774630,CDK4,20.0,nM,COCCNS(=O)(=O)c1ccc(Nc2ncc(F)c(-c3cc(F)c4c(c3)N(C(C)C)CCO4)n2)cc1,7.698970004336019,True,<rdkit.Chem.rdchem.Mol object at 0x735c78f14660>
CHEMBL1800465,CDK1,20.0,nM,Nc1nc(NC2CCCCC2)cc(-c2cc(N3C[C@H](O)[C@@H](O)C3)ccc2O)n1,7.698970004336019,True,<rdkit.Chem.rdchem.Mol object at 0x735c78f158c0>
CHEMBL401377,CDK2,20.0,nM,Brc1cnn2c(NCc3ccncc3)cc(-c3ccccc3)nc12,7.698970004336019,True,<rdkit.Chem.rdchem.Mol object at 0x735c78f163b0>
CHEMBL3648071,CDK2,20.0,nM,C[C@@H](O)[C@@H](C)Nc1nc(Nc2ccc(S(C)(=N)=O)cc2)ncc1Br,7.698970004336019,True,<rdkit.Chem.rdchem.Mol object at 0x735c78f16f10>
CHEMBL3691603,CDK4,20.0,nM,CN(C)C(=O)c1cc2cnc(Nc3ccc(C(=O)N4CC5CCC(C4)N5C(=O)C4CCCN4)cn3)nc2n1C1CCCC1,7.698970004336019,True,<rdkit.Chem.rdchem.Mol object at 0x735c78f17610>
CHEMBL452602,CDK2,20.0,nM,C[C@@H]1CNC[C@H](C(=O)Nc2ncc(SCc3ncc(C(C)(C)C)o3)s2)C1,7.698970004336019,True,<rdkit.Chem.rdchem.Mol object at 0x735c78fa52a0>
CHEMBL191834,CDK2,20.0,nM,C[C@H](C(=O)Nc1cc(C2CC2)[nH]n1)c1ccc(N2CCOC2=O)cc1,7.698970004336019,True,<rdkit.Chem.rdchem.Mol object at 0x735c78fa63b0>
CHEMBL3698715,CDK4,20.0,nM,CN(C)C1CCN(c2cnc(Nc3ncc4c5ccncc5n(C5CCCC5)c4n3)cn2)CC1,7.698970004336019,True,<rdkit.Chem.rdchem.Mol object at 0x735c78fa4900>
CHEMBL3702061,CDK4,20.0,nM,CN(C)C1CCN(c2ccc(Nc3ncc4c5ccnc(Cl)c5n(C5CCCC5)c4n3)nn2)CC1,7.698970004336019,True,<rdkit.Chem.rdchem.Mol object at 0x735c78fa4ac0>
CHEMBL603097,CDK2,20.0,nM,COc1ccc2nc3[nH]nc(C)c3c(OC)c2c1,7.698970004336019,True,<rdkit.Chem.rdchem.Mol object at 0x735c78fa4dd0>
CHEMBL428690,CDK9,20.0,nM,CN1CC[C@H](c2c(O)cc(O)c3c(=O)cc(-c4ccccc4Cl)oc23)[C@H](O)C1,7.698970004336019,True,<rdkit.Chem.rdchem.Mol object at 0x735c78fa5230>
CHEMBL3698694,CDK6,20.0,nM,c1cc2c3cnc(Nc4ccc(N[C@@H]5CCNC5)cn4)nc3n(C3CCCC3)c2cn1,7.698970004336019,True,<rdkit.Chem.rdchem.Mol object at 0x735c78fa5460>
CHEMBL5748598,CDK9,20.0,nM,COC1CCc2c(-c3cc(NC(=O)[C@H]4CCC[C@@H](NC(C)=O)C4)ncc3Cl)cnn2C1,7.698970004336019,True,<rdkit.Chem.rdchem.Mol object at 0x735c78fa54d0>
CHEMBL3237445,CDK4,20.0,nM,Cc1nccc2c3cnc(Nc4ccc(N5CCNCC5)cn4)nc3n(C3CCCC3)c12,7.698970004336019,True,<rdkit.Chem.rdchem.Mol object at 0x735c78fa55b0>
CHEMBL3702244,CDK4,20.0,nM,C[C@H]1CN(c2ccc(Nc3ncc4c5ccncc5n(C5CCC5)c4n3)nc2)CCN1,7.698970004336019,True,<rdkit.Chem.rdchem.Mol object at 0x735c78fa5930>
CHEMBL3668412,CDK9,20.0,nM,Clc1ccccc1CNc1cccc(-c2ccnc3[nH]c(C4CCNCC4)cc23)n1,7.698970004336019,True,<rdkit.Chem.rdchem.Mol object at 0x735c78fa5a10>
CHEMBL5978749,CDK6,20.0,nM,CC(C)CN1CCOc2c(F)cc(-c3nc(Nc4ccc5c(n4)CCNC5)ncc3F)cc21,7.698970004336019,True,<rdkit.Chem.rdchem.Mol object at 0x735c78fa5cb0>
CHEMBL3691641,CDK4,20.0,nM,CN1CCCC2(CC1)CN(c1ccc(Nc3ncc4cc(C(=O)N(C)C)n(C5CCCC5)c4n3)nc1)C(=O)O2,7.698970004336019,True,<rdkit.Chem.rdchem.Mol object at 0x735c78fa5d90>
CHEMBL4465061,CDK9,20.0,nM,Clc1cnc(NC2CCCCC2)nc1-c1c[nH]c2cccnc12,7.698970004336019,True,<rdkit.Chem.rdchem.Mol object at 0x735c78fa5e70>
CHEMBL254367,CDK2,20.0,nM,O=C(Cc1cccc2ccccc12)Nc1n[nH]c2ccc(N3CCCS3(=O)=O)cc12,7.698970004336019,True,<rdkit.Chem.rdchem.Mol object at 0x735c78fa5f50>
CHEMBL255263,CDK2,20.0,nM,O=C(Cc1ccc(F)cc1)Nc1n[nH]c2ccc(N3CCCS3(=O)=O)cc12,7.698970004336019,True,<rdkit.Chem.rdchem.Mol object at 0x735c78fa6110>
CHEMBL3691638,CDK4,20.0,nM,CN(C)C(=O)c1cc2cnc(Nc3ccc(N4CC5(CC6CCC(C5)N6)OC4=O)cn3)nc2n1C1CCCC1,7.698970004336019,True,<rdkit.Chem.rdchem.Mol object at 0x735c78fa6180>
CHEMBL3702224,CDK6,20.0,nM,CC[C@@H](C)n1c2cnccc2c2cnc(Nc3ccc(N4CCNC(C)(C)C4)nn3)nc21,7.698970004336019,True,<rdkit.Chem.rdchem.Mol object at 0x735c78fa61f0>
CHEMBL6144593,CDK2,20.1,nM,O=C(NCC1CCOCC1)c1cc(C(F)(F)F)c(N2CCOCC2)nn1,7.696803942579511,True,<rdkit.Chem.rdchem.Mol object at 0x735c78fa6340>
CHEMBL5867735,CDK4,20.1,nM,Cc1nc2c(F)cc(-c3nc(Nc4ccc5c(n4)CN(CCN(C)C)C5=O)ncc3F)cc2n1C(C)C,7.696803942579511,True,<rdkit.Chem.rdchem.Mol object at 0x735c78fa66c0>
CHEMBL3684983,CDK4,20.3,nM,CC1CN(CCO)Cc2ccc(Nc3ncc4c5ccncc5n([C@H]5CC[C@H](C)CC5)c4n3)nc21,7.692503962086787,True,<rdkit.Chem.rdchem.Mol object at 0x735c78fa6730>
CHEMBL5899535,CDK2,20.4,nM,Cc1nc2c(F)cc(-c3nc(Nc4ccc5c(n4)CCN(C(=O)C4CC(O)C4)C5)ncc3F)cc2n1C(C)C,7.690369832574101,True,<rdkit.Chem.rdchem.Mol object at 0x735c78fa6ab0>
CHEMBL5791509,CDK2,20.4,nM,Cc1nc2c(F)cc(-c3nc(Nc4ccc5c(n4)CCN(C(=O)CC4CC(O)C4)C5)ncc3F)cc2n1C1CC1,7.690369832574101,True,<rdkit.Chem.rdchem.Mol object at 0x735c78fa6c00>
CHEMBL5939038,CDK2,20.4,nM,CN(C)[C@H]1CCN(C(=O)c2ccc(Nc3ncc(F)c(-c4cc(F)c5nc6n(c5c4)C(C)(C)CC6)n3)nc2)C1,7.690369832574101,True,<rdkit.Chem.rdchem.Mol object at 0x735c78fa70d0>
CHEMBL3691662,CDK4,20.5,nM,CN(C)C(=O)c1cc2cnc(Nc3ccc(N4CC5CCC(C4)N5)nn3)nc2n1C1CCCCC1,7.688246138944246,True,<rdkit.Chem.rdchem.Mol object at 0x735c78fa7140>
CHEMBL3702131,CDK6,20.5,nM,CN(C)C1CCN(S(=O)(=O)c2ccc(Nc3ncc4c5ccncc5n(C5CCCC5)c4n3)nc2)CC1,7.688246138944246,True,<rdkit.Chem.rdchem.Mol object at 0x735c78fa7290>
CHEMBL5979966,CDK9,20.7,nM,Cc1nc2c(F)cc(-c3nc(Nc4ccc5c(n4)CCN(CCN4CCN(C)CC4)C5)ncc3F)cc2n1C(C)(C)C,7.684029654543082,True,<rdkit.Chem.rdchem.Mol object at 0x735c78fa73e0>
CHEMBL5964675,CDK9,20.8,nM,Cc1nc2c(F)cc(-c3nc(Nc4ccc5c(n4)CCN(C[C@H]4CNCCO4)C5)ncc3F)cc2n1C(C)(C)C,7.681936665037238,True,<rdkit.Chem.rdchem.Mol object at 0x735c78fa74c0>
CHEMBL5938059,CDK2,20.8,nM,Cc1nc2c(F)cc(-c3nc(Nc4ccc5c(n4)CCN(CCN)C5)ncc3F)cc2n1C(C)(C)C,7.681936665037238,True,<rdkit.Chem.rdchem.Mol object at 0x735c78fa7df0>
CHEMBL5897984,CDK9,20.8,nM,Cc1nc2c(F)cc(-c3nc(Nc4ccc5c(n4)CCN(C[C@H]4CNCCO4)C5)ncc3F)cc2n1C(C)C,7.681936665037238,True,<rdkit.Chem.rdchem.Mol object at 0x735c78fa5690>
CHEMBL3702217,CDK6,21.0,nM,CC[C@@H](C)n1c2cnccc2c2cnc(Nc3ccc(N4CCN[C@@H](C)C4)nn3)nc21,7.67778070526608,True,<rdkit.Chem.rdchem.Mol object at 0x735c78fa7060>
CHEMBL3691550,CDK4,21.0,nM,CN(C)C(=O)c1cc2cnc(Nc3ccc(C(=O)N4CC5CCC4C5O)cn3)nc2n1C1CCCCCC1,7.67778070526608,True,<rdkit.Chem.rdchem.Mol object at 0x735c78fa4120>
CHEMBL3668420,CDK9,21.0,nM,COc1ccc(F)cc1-c1ccnc2[nH]c(C3CCN(CC(O)CO)CC3)cc12,7.67778070526608,True,<rdkit.Chem.rdchem.Mol object at 0x735c78fa4510>
CHEMBL5956743,CDK6,21.0,nM,CCS(=O)(=O)c1cc2cnc(Nc3ccc(N4CCNCC4)cn3)nc2n1C1CCCC1,7.67778070526608,True,<rdkit.Chem.rdchem.Mol object at 0x735c78fa4580>
CHEMBL3663786,CDK9,21.0,nM,CN(Cc1ccccc1)c1ccc(Cl)c(-c2ccnc3[nH]c(C4CCNCC4)cc23)n1,7.67778070526608,True,<rdkit.Chem.rdchem.Mol object at 0x735c78fa53f0>
CHEMBL5981008,CDK2,21.0,nM,CC(=N)NCCN1CCc2nc(Nc3ncc(F)c(-c4cc(F)c5nc(C)n(C(C)C)c5c4)n3)ccc2C1,7.67778070526608,True,<rdkit.Chem.rdchem.Mol object at 0x735c78fa5d20>
CHEMBL3702116,CDK6,21.0,nM,Oc1nccc2c3cnc(Nc4ccc(CN5CCNCC5)cn4)nc3n(C3CCCC3)c12,7.67778070526608,True,<rdkit.Chem.rdchem.Mol object at 0x735c78fa6570>
CHEMBL3950787,CDK9,21.0,nM,CN1Cc2c(C3=CCNCC3)[nH]c3nccc(c23)-c2cc(F)ccc21,7.67778070526608,True,<rdkit.Chem.rdchem.Mol object at 0x735c78fa6e30>
CHEMBL3673546,CDK9,21.0,nM,O=C(O)C1CC=C(c2cc3c(-c4cncc(NCc5ccccc5)n4)ccnc3[nH]2)CC1,7.67778070526608,True,<rdkit.Chem.rdchem.Mol object at 0x735c78fa7370>
CHEMBL6018285,CDK4,21.0,nM,CC(C)N1CCOc2c(F)cc(-c3nc(Nc4ccc(N5CCC(CCO)CC5)cn4)ncc3F)cc21,7.67778070526608,True,<rdkit.Chem.rdchem.Mol object at 0x735c78fa77d0>
CHEMBL3639672,CDK9,21.0,nM,COc1ccc(F)cc1-c1ccnc2[nH]c(C3CCN(S(C)(=O)=O)CC3)cc12,7.67778070526608,True,<rdkit.Chem.rdchem.Mol object at 0x735c78fa7f40>
CHEMBL3642648,CDK2,21.0,nM,Fc1ccccc1-c1cc(NCc2cccnc2)n2ncc(Cl)c2n1,7.67778070526608,True,<rdkit.Chem.rdchem.Mol object at 0x735c78fa8350>
CHEMBL3642022,CDK6,21.0,nM,FCCNC1CCN(c2ccc(Nc3ncc4c5ccncc5n(C5CCCC5)c4n3)nc2)CC1,7.67778070526608,True,<rdkit.Chem.rdchem.Mol object at 0x735c78fa8970>
CHEMBL1800449,CDK2,21.0,nM,Nc1nccc(-c2cc(N3C[C@H](O)[C@@H](O)C3)ccc2O)n1,7.67778070526608,True,<rdkit.Chem.rdchem.Mol object at 0x735c78fa8ac0>
CHEMBL5918460,CDK9,21.0,nM,NS(=O)(=O)CC(=O)Nc1cc(-c2ccc3ncn(Cc4cccc(F)c4)c3c2)c(Cl)cn1,7.67778070526608,True,<rdkit.Chem.rdchem.Mol object at 0x735c78fa8d60>
CHEMBL3673519,CDK9,21.0,nM,CC(=O)N1CCC(c2cc3c(-c4cncc(NCc5cccc(F)c5)n4)ccnc3[nH]2)CC1,7.67778070526608,True,<rdkit.Chem.rdchem.Mol object at 0x735c78fa8eb0>
CHEMBL3702245,CDK4,21.0,nM,CNC1CCN(c2ccc(Nc3ncc4c5ccncc5n(C5CCC5)c4n3)nc2)CC1,7.67778070526608,True,<rdkit.Chem.rdchem.Mol object at 0x735c78fa91c0>
CHEMBL3702241,CDK4,21.0,nM,CN(C)C1CCN(c2ccc(Nc3ncc4c5ccncc5n(C5CCC5)c4n3)nc2)CC1,7.67778070526608,True,<rdkit.Chem.rdchem.Mol object at 0x735c78fa9380>
CHEMBL5571022,CDK2,21.0,nM,CN(C)C(=O)c1cc2cnc(Nc3ccc(S(N)(=O)=O)cc3)nc2n1C1CCCC1,7.67778070526608,True,<rdkit.Chem.rdchem.Mol object at 0x735c78fa9ee0>
CHEMBL3663773,CDK9,21.0,nM,Clc1ccc(NCc2ccccc2)nc1-c1ccnc2[nH]c(C3CCNCC3)cc12,7.67778070526608,True,<rdkit.Chem.rdchem.Mol object at 0x735c78faa260>
CHEMBL3641987,CDK4,21.0,nM,CC1(C)CN(c2ccc(Nc3ncc4c5ccncc5n([C@@H]5CCOC5)c4n3)nn2)CCN1,7.67778070526608,True,<rdkit.Chem.rdchem.Mol object at 0x735c78faa500>
CHEMBL3668484,CDK9,21.0,nM,Fc1cccc(CNc2ccc(F)c(-c3ccnc4[nH]c(C5CCCNC5)cc34)c2)c1,7.67778070526608,True,<rdkit.Chem.rdchem.Mol object at 0x735c78faa810>
CHEMBL3698669,CDK6,21.0,nM,c1cc2c3cnc(Nc4ccc(N5CCNCC5)cn4)nc3n(C3CCCCCC3)c2cn1,7.67778070526608,True,<rdkit.Chem.rdchem.Mol object at 0x735c78fa8040>
CHEMBL3644022,CDK2,21.0,nM,C[C@@H](O)[C@@H](C)Oc1nc(Nc2ccc(S(=O)(=O)C3CCCC3)cc2)ncc1C(F)(F)F,7.67778070526608,True,<rdkit.Chem.rdchem.Mol object at 0x735c78fa8120>
CHEMBL3668400,CDK9,21.0,nM,COc1ccc(F)cc1-c1ccnc2[nH]c(C3CCCN(CCO)C3)cc12,7.67778070526608,True,<rdkit.Chem.rdchem.Mol object at 0x735c78fa8200>
CHEMBL3644019,CDK2,21.0,nM,C[C@@H](Oc1nc(Nc2ccc(S(=O)(=O)C3CC3)cc2)ncc1C(F)(F)F)C(C)(C)O,7.67778070526608,True,<rdkit.Chem.rdchem.Mol object at 0x735c78fa83c0>
CHEMBL5753051,CDK9,21.0,nM,COc1cc2ncn(Cc3cccc(F)c3)c2cc1-c1cc(NC(=O)[C@@H]2CCCNC2)ncc1Cl,7.67778070526608,True,<rdkit.Chem.rdchem.Mol object at 0x735c78fa8510>
CHEMBL191336,CDK1,21.0,nM,OCCCNc1cc(-c2ncnc(Nc3cccc(Cl)c3)n2)ccn1,7.67778070526608,True,<rdkit.Chem.rdchem.Mol object at 0x735c78fa85f0>
CHEMBL3668491,CDK9,21.0,nM,COc1ccc(F)cc1-c1ccnc2[nH]c(C3=CCN(C(=O)CC#N)CC3)cc12,7.67778070526608,True,<rdkit.Chem.rdchem.Mol object at 0x735c78fa8660>
CHEMBL3698652,CDK6,21.0,nM,COc1ccc(-n2c3cnccc3c3cnc(Nc4ccc(N5CCNCC5)cn4)nc32)cc1,7.67778070526608,True,<rdkit.Chem.rdchem.Mol object at 0x735c78fa87b0>
CHEMBL4579344,CDK4,21.0,nM,Cc1cc(C)c(CNc2nc(N[C@@H](C)[C@@H](C)O)nc3c2ncn3C(C)C)cn1,7.67778070526608,True,<rdkit.Chem.rdchem.Mol object at 0x735c78fa8820>
CHEMBL2158855,CDK2,21.0,nM,NS(=O)(=O)c1cccc(Nc2nccc(-c3ccnc(N4CC5CCC(C4)O5)c3)n2)c1,7.67778070526608,True,<rdkit.Chem.rdchem.Mol object at 0x735c78fa8ba0>
CHEMBL5181709,CDK1,21.0,nM,Cc1nc2ccc(-c3ccnc4[nH]c(C5CCN(CC(=O)N(C)C)CC5)cc34)cc2n1C(C)C,7.67778070526608,True,<rdkit.Chem.rdchem.Mol object at 0x735c78fa8c10>
CHEMBL3702074,CDK6,21.0,nM,FC(F)(F)C1CN(c2ccc(Nc3ncc4c5ccncc5n(C5CCCC5)c4n3)nc2)CCN1,7.67778070526608,True,<rdkit.Chem.rdchem.Mol object at 0x735c78fa9070>
CHEMBL3691616,CDK4,21.0,nM,CN(C)C(=O)c1cc2cnc(Nc3ccc(C(=O)N4CC5CCC(C4)N5)cn3)nc2n1[C@H]1C[C@@H]2CC[C@H]1C2,7.67778070526608,True,<rdkit.Chem.rdchem.Mol object at 0x735c78fa9230>
CHEMBL3663776,CDK9,21.0,nM,Clc1ccc(CNc2ccc(Cl)c(-c3ccnc4[nH]c(C5CCNCC5)cc34)n2)cc1,7.67778070526608,True,<rdkit.Chem.rdchem.Mol object at 0x735c78fa92a0>
CHEMBL3648093,CDK1,21.0,nM,CCOC(=O)N=S(C)(=O)c1ccc(Nc2ncc(Br)c(O[C@H](C)[C@H](C)O)n2)cc1,7.67778070526608,True,<rdkit.Chem.rdchem.Mol object at 0x735c78fa9690>
CHEMBL3668482,CDK9,21.0,nM,Fc1cc(NCc2ccccc2)nc(-c2ccnc3[nH]c(C4CCCNC4)cc23)c1,7.67778070526608,True,<rdkit.Chem.rdchem.Mol object at 0x735c78fa9700>
CHEMBL2012412,CDK1,21.0,nM,Cn1cc(Nc2ncc3cnn([C@@H]4C[C@H]5C[C@H]5C4)c3n2)cc1C(=O)N1CCC[C@H]1CN1CCOCC1,7.67778070526608,True,<rdkit.Chem.rdchem.Mol object at 0x735c78fa9850>
CHEMBL3691592,CDK4,21.0,nM,Cc1nc(Nc2ncc3cc(C(=O)N(C)C)n(C4CCCC4)c3n2)ccc1C(=O)N1CC2CCC(C1)N2,7.67778070526608,True,<rdkit.Chem.rdchem.Mol object at 0x735c78fa9a10>
CHEMBL3698670,CDK6,21.0,nM,c1cnc2c(c1)c1cnc(Nc3ccc(N4CCNCC4)cn3)nc1n2C1CCCC1,7.67778070526608,True,<rdkit.Chem.rdchem.Mol object at 0x735c78fa9b60>
CHEMBL3702131,CDK4,21.2,nM,CN(C)C1CCN(S(=O)(=O)c2ccc(Nc3ncc4c5ccncc5n(C5CCCC5)c4n3)nc2)CC1,7.673664139071248,True,<rdkit.Chem.rdchem.Mol object at 0x735c78fa9cb0>
CHEMBL3691633,CDK4,21.5,nM,CN(C)C(=O)c1cc2cnc(Nc3ccc(N4C(=O)CN5CCC4CC5)cn3)nc2n1C1CCCCCC1,7.667561540084394,True,<rdkit.Chem.rdchem.Mol object at 0x735c78fa9d20>
CHEMBL4213756,CDK2,21.5,nM,COCCN1CCc2nc(Nc3ncc(F)c(-c4cc(F)c5nc(C)n(C(C)C)c5c4)n3)ccc2C1,7.667561540084394,True,<rdkit.Chem.rdchem.Mol object at 0x735c78fa9e00>
CHEMBL3668454,CDK9,22.0,nM,COc1ccc(F)cc1-c1ccnc2[nH]c(C3CCN(C(=O)CNCCO)CC3)cc12,7.657577319177793,True,<rdkit.Chem.rdchem.Mol object at 0x735c78fa9fc0>
CHEMBL3691571,CDK4,22.0,nM,CN(C)C(=O)c1cc2cnc(Nc3ccc(C(=O)N4CC5CCC(C4)N5CCO)cn3)nc2n1C1CCCC1,7.657577319177793,True,<rdkit.Chem.rdchem.Mol object at 0x735c78faa3b0>
CHEMBL3642004,CDK6,22.0,nM,OC1CN(C2CCN(c3ccc(Nc4ncc5c6ccncc6n(C6CCCC6)c5n4)nn3)CC2)C1,7.657577319177793,True,<rdkit.Chem.rdchem.Mol object at 0x735c78faa420>
CHEMBL3702237,CDK4,22.0,nM,CC[C@H](C)n1c2cnccc2c2cnc(Nc3ccc(N4CC[C@@H](O)C4)nn3)nc21,7.657577319177793,True,<rdkit.Chem.rdchem.Mol object at 0x735c78faa490>
CHEMBL3698714,CDK4,22.0,nM,c1cc2c3cnc(Nc4cnc(N5CCOCC5)cn4)nc3n(C3CCCC3)c2cn1,7.657577319177793,True,<rdkit.Chem.rdchem.Mol object at 0x735c78faac00>
CHEMBL3702219,CDK4,22.0,nM,CC[C@@H](C)n1c2cnccc2c2cnc(Nc3ccc(N4CC[C@@H](O)C4)nn3)nc21,7.657577319177793,True,<rdkit.Chem.rdchem.Mol object at 0x735c78faace0>
CHEMBL3691577,CDK4,22.0,nM,CN(C)C(=O)c1cc2cnc(Nc3ccc(C(=O)N4CC5CCC(C4)C5N(C)C)cn3)nc2n1C1CCCC1,7.657577319177793,True,<rdkit.Chem.rdchem.Mol object at 0x735c78faadc0>
CHEMBL5912073,CDK6,22.0,nM,CC(C)N1CCOc2c(F)cc(-c3nc(Nc4ccc(N5CCC(CO)CC5)cn4)ncc3F)cc21,7.657577319177793,True,<rdkit.Chem.rdchem.Mol object at 0x735c78faae30>
CHEMBL3967958,CDK9,22.0,nM,CNS(=O)(=O)CC(=O)N1CC=C(c2[nH]c3nccc4c3c2CN(C)c2ccc(F)cc2-4)CC1,7.657577319177793,True,<rdkit.Chem.rdchem.Mol object at 0x735c78fab370>
CHEMBL3668453,CDK9,22.0,nM,COc1ccc(F)cc1-c1ccnc2[nH]c(C3CCN(C(=O)CNC4CCC(O)CC4)CC3)cc12,7.657577319177793,True,<rdkit.Chem.rdchem.Mol object at 0x735c78fab3e0>
CHEMBL3648103,CDK1,22.0,nM,CCC(Sc1nc(Nc2ccc(S(C)(=N)=O)cc2)ncc1Br)C(C)O,7.657577319177793,True,<rdkit.Chem.rdchem.Mol object at 0x735c78fab7d0>
CHEMBL2012411,CDK1,22.0,nM,COC[C@@H]1CCCN1C(=O)c1cc(Nc2ncc3cnn([C@@H]4C[C@H]5C[C@H]5C4)c3n2)cn1C,7.657577319177793,True,<rdkit.Chem.rdchem.Mol object at 0x735c78fab840>
CHEMBL210390,CDK1,22.0,nM,Nc1cc2cc(-c3cncc(OC[C@@H](N)Cc4c[nH]c5ccccc45)c3)ccc2cn1,7.657577319177793,True,<rdkit.Chem.rdchem.Mol object at 0x735c78fab8b0>
CHEMBL5886051,CDK9,22.0,nM,CS(=O)(=O)CC(=O)Nc1cc(-c2ccc3ncn(Cc4cccc(F)c4)c3c2)c(Cl)cn1,7.657577319177793,True,<rdkit.Chem.rdchem.Mol object at 0x735c78faba00>
CHEMBL1207227,CDK2,22.0,nM,O=C1C(c2c(O)[nH]c3ccc(S(=O)(=O)O)cc23)=Nc2ccccc21,7.657577319177793,True,<rdkit.Chem.rdchem.Mol object at 0x735c78fabca0>
CHEMBL3928559,CDK9,22.0,nM,COc1ccc(F)cc1-c1ccnc2[nH]c(C3CCNCC3S(C)(=N)=O)cc12,7.657577319177793,True,<rdkit.Chem.rdchem.Mol object at 0x735c78fabd80>
CHEMBL4213847,CDK6,22.0,nM,CCC1CCc2nc3c(F)cc(-c4nc(Nc5ccc(CN6CCN(CC)CC6)cn5)ncc4F)cc3n21,7.657577319177793,True,<rdkit.Chem.rdchem.Mol object at 0x735c78fab060>
CHEMBL6160428,CDK6,22.0,nM,CC(=O)N1CCC2(CC1)CC(=O)c1ccc(-c3nc(Nc4ccc(N5CCN(C)CC5)cn4)ncc3F)cc1O2,7.657577319177793,True,<rdkit.Chem.rdchem.Mol object at 0x735c78faa030>
CHEMBL3702094,CDK6,22.0,nM,CC1CN(c2ccc(Nc3ncc4c5ccnc(F)c5n(C5CCCC5)c4n3)nc2)CC(C)N1,7.657577319177793,True,<rdkit.Chem.rdchem.Mol object at 0x735c78fab140>
CHEMBL3702156,CDK4,22.0,nM,C1=CCN(c2ccc(Nc3ncc4c5ccncc5n(C5CCCC5)c4n3)nn2)CC1,7.657577319177793,True,<rdkit.Chem.rdchem.Mol object at 0x735c78fab530>
CHEMBL3663803,CDK9,22.0,nM,COc1ccc(F)cc1-c1ccnc2[nH]c(C3CCN(C)C3)cc12,7.657577319177793,True,<rdkit.Chem.rdchem.Mol object at 0x735c78fb8040>
CHEMBL4793573,CDK9,22.0,nM,C=CC(=O)NC1CCC(C(=O)N2CCCC(Nc3ncc(SCc4ncc(C(C)(C)C)o4)s3)C2)CC1,7.657577319177793,True,<rdkit.Chem.rdchem.Mol object at 0x735c78fb8270>
CHEMBL5804309,CDK9,22.0,nM,O=C(Nc1cc(-c2ccc3nnn(Cc4ccc(F)cc4)c3c2)c(Cl)cn1)[C@@H]1CCCNC1,7.657577319177793,True,<rdkit.Chem.rdchem.Mol object at 0x735c78fb85f0>
CHEMBL3702201,CDK6,22.0,nM,CN1CCN(c2ccc(Nc3ncc4c5ccccc5n(C5CCCC5)c4n3)nn2)CC1,7.657577319177793,True,<rdkit.Chem.rdchem.Mol object at 0x735c78fb8cf0>
CHEMBL3663744,CDK9,22.0,nM,COc1cc(F)ccc1-c1ccnc2[nH]c(C3CCCNC3)cc12,7.657577319177793,True,<rdkit.Chem.rdchem.Mol object at 0x735c78fba340>
CHEMBL412097,CDK2,22.0,nM,C/C(Nc1ccc(S(N)(=O)=O)cc1)=C1/C(=O)Nc2ccc(Cl)cc21,7.657577319177793,True,<rdkit.Chem.rdchem.Mol object at 0x735c78fbaf10>
CHEMBL3698687,CDK6,22.0,nM,COc1nccc2c3cnc(Nc4ccc(N5CCNCC5)cn4)nc3n(C3CCCC3)c12,7.657577319177793,True,<rdkit.Chem.rdchem.Mol object at 0x735c78fbbae0>
CHEMBL3702200,CDK4,22.0,nM,CN(C)C1CCN(c2ccc(Nc3ncc4c5ccccc5n(C5CCCC5)c4n3)nn2)CC1,7.657577319177793,True,<rdkit.Chem.rdchem.Mol object at 0x735c78fbbd80>
CHEMBL402370,CDK1,22.0,nM,O=C(Cc1ccc(Br)cc1)Nc1n[nH]c2ccc(N3CCCS3(=O)=O)cc12,7.657577319177793,True,<rdkit.Chem.rdchem.Mol object at 0x735c78fb8580>
CHEMBL254170,CDK2,22.0,nM,CS(=O)(=O)c1ccc(CC(=O)Nc2n[nH]c3ccc(N4CCCS4(=O)=O)cc23)cc1,7.657577319177793,True,<rdkit.Chem.rdchem.Mol object at 0x735c78fb8820>
CHEMBL3668393,CDK9,22.0,nM,COC(=O)CCCN[C@H]1CC[C@H](c2cc3c(-c4cc(F)ccc4OC)ccnc3[nH]2)CC1,7.657577319177793,True,<rdkit.Chem.rdchem.Mol object at 0x735c78fb8ba0>
CHEMBL372672,CDK1,22.0,nM,FC(F)(F)c1cnc(Nc2cccc(Cl)c2)nc1Nc1ccc2[nH]cnc2c1,7.657577319177793,True,<rdkit.Chem.rdchem.Mol object at 0x735c78fb8e40>
CHEMBL5899619,CDK6,22.0,nM,CCN1CCN(C(=O)c2ccc(Nc3ncc(F)c(-c4cc(F)c5c(c4)N(C(C)C)CCO5)n3)cc2F)CC1,7.657577319177793,True,<rdkit.Chem.rdchem.Mol object at 0x735c78fb8f20>
CHEMBL2035044,CDK2,22.0,nM,CN1C/C=C/CCOc2cc(ccn2)-c2ccnc(n2)Nc2cccc(c2)C1,7.657577319177793,True,<rdkit.Chem.rdchem.Mol object at 0x735c78fb90e0>
CHEMBL4764023,CDK9,22.0,nM,CNc1cccc(-c2ccnc(Nc3ccc4c(c3)N(C(C)C)[C@H](C)C(=O)N4C)n2)c1,7.657577319177793,True,<rdkit.Chem.rdchem.Mol object at 0x735c78fb9380>
CHEMBL488436,CDK6,22.05,nM,Cc1ncc(-c2ccnc(Nc3ccc(S(C)(=O)=O)cc3)n2)n1C(C)C,7.656591406196142,True,<rdkit.Chem.rdchem.Mol object at 0x735c78fb93f0>
CHEMBL5800538,CDK6,22.3,nM,Cc1nc2c(F)cc(-c3nc(Nc4ccc5c(n4)CCN(C(=O)O)C5)ncc3F)cc2n1C(C)C,7.651695136951839,True,<rdkit.Chem.rdchem.Mol object at 0x735c78fb9460>
CHEMBL5994315,CDK6,22.3,nM,Cc1nc2c(F)cc(-c3nc(Nc4ccc5c(n4)CCN(CC(=O)O)C5)ncc3F)cc2n1C(C)C,7.651695136951839,True,<rdkit.Chem.rdchem.Mol object at 0x735c78fb9540>
CHEMBL4742169,CDK9,22.4,nM,CC(C)N1c2cc(Nc3nccc(-c4cncc5ccccc45)n3)ccc2N(C)C(=O)[C@H]1C,7.649751981665837,True,<rdkit.Chem.rdchem.Mol object at 0x735c78fb9690>
CHEMBL4079206,CDK4,22.5,nM,CN1CC[C@H](c2c(O)cc(O)c3c(=O)cc(/C=C/c4c(Cl)cccc4Cl)oc23)[C@H](O)C1,7.647817481888637,True,<rdkit.Chem.rdchem.Mol object at 0x735c78fb97e0>
CHEMBL4207796,CDK2,22.5,nM,Cc1nc2c(F)cc(-c3nc(Nc4ccc5c(n4)CCN(CCF)C5)ncc3F)cc2n1C(C)C,7.647817481888637,True,<rdkit.Chem.rdchem.Mol object at 0x735c78fb99a0>
CHEMBL3691649,CDK4,22.5,nM,CN(C)C(=O)c1cc2cnc(Nc3ccc(N4CC5CCC(C4)N5)cn3)nc2n1C1CCCC1,7.647817481888637,True,<rdkit.Chem.rdchem.Mol object at 0x735c78fb9cb0>
CHEMBL5999796,CDK6,22.7,nM,Cc1nc2c(F)cc(-c3nc(Nc4ccc5c(n4)CCN(C(C)C)C5)ncc3F)cc2n1C1CC1,7.643974142806877,True,<rdkit.Chem.rdchem.Mol object at 0x735c78fb9d20>
CHEMBL2386747,CDK1,22.8,nM,COC(=N)c1nc2ccc3ncnc(Nc4ccc(Cl)cc4Cl)c3c2s1,7.642065152999546,True,<rdkit.Chem.rdchem.Mol object at 0x735c78fb9e70>
CHEMBL3668408,CDK9,23.0,nM,COc1ccc(F)cc1-c1ccnc2[nH]c(C3CCN(C(=O)CO)CC3)cc12,7.638272163982407,True,<rdkit.Chem.rdchem.Mol object at 0x735c78fb9ee0>
CHEMBL3668460,CDK9,23.0,nM,CN1CCC(c2cc3c(-c4cc(NCc5ccncc5)ccc4F)ccnc3[nH]2)CC1,7.638272163982407,True,<rdkit.Chem.rdchem.Mol object at 0x735c78fba260>
CHEMBL3237710,CDK4,23.0,nM,CN(C)C1CCN(c2ccc(Nc3ncc4c5ccncc5n([C@H]5CC[C@H](C)CC5)c4n3)nn2)CC1,7.638272163982407,True,<rdkit.Chem.rdchem.Mol object at 0x735c78fba7a0>
CHEMBL3237719,CDK4,23.0,nM,C[C@H]1CC[C@H](n2c3cnccc3c3cnc(Nc4ccc5c(n4)CCN(C(=O)CO)C5)nc32)CC1,7.638272163982407,True,<rdkit.Chem.rdchem.Mol object at 0x735c78fba8f0>
CHEMBL391437,CDK1,23.0,nM,c1ccc2c(-c3cnc4[nH]nc(-c5nc6ccccc6[nH]5)c4c3)cncc2c1,7.638272163982407,True,<rdkit.Chem.rdchem.Mol object at 0x735c78fbaab0>
CHEMBL3668451,CDK9,23.0,nM,COc1ccc(F)cc1-c1ccnc2[nH]c(C3CCN(C(=O)CN4CCCCC4)CC3)cc12,7.638272163982407,True,<rdkit.Chem.rdchem.Mol object at 0x735c78fbab20>
CHEMBL3357951,CDK2,23.0,nM,C[C@@H](NC(=O)N1CCc2cnc(Nc3ccnn3C)nc2C1)c1ccc(Cl)c(Cl)c1,7.638272163982407,True,<rdkit.Chem.rdchem.Mol object at 0x735c78fbac70>
CHEMBL309767,CDK2,23.0,nM,NCCS(=O)(=O)c1cc(-c2ccc[nH]2)c2c3c(ccc(F)c13)NC2=O,7.638272163982407,True,<rdkit.Chem.rdchem.Mol object at 0x735c78fbadc0>
CHEMBL3668475,CDK9,23.0,nM,Clc1cnc(NCc2ccccc2)cc1-c1ccnc2[nH]c(C3CCCNC3)cc12,7.638272163982407,True,<rdkit.Chem.rdchem.Mol object at 0x735c78fbae30>
CHEMBL3644022,CDK1,23.0,nM,C[C@@H](O)[C@@H](C)Oc1nc(Nc2ccc(S(=O)(=O)C3CCCC3)cc2)ncc1C(F)(F)F,7.638272163982407,True,<rdkit.Chem.rdchem.Mol object at 0x735c78fbb220>
CHEMBL4860767,CDK4,23.0,nM,C=CC(=O)N1CCN(c2ccc(Nc3ncc4c(C)c(C(C)=O)c(=O)n(C5CCCC5)c4n3)nc2)CC1,7.638272163982407,True,<rdkit.Chem.rdchem.Mol object at 0x735c78fbb450>
CHEMBL3668500,CDK9,23.0,nM,CNC(=O)N1CC=C(c2cc3c(-c4cc(F)c(F)cc4OC)ccnc3[nH]2)CC1,7.638272163982407,True,<rdkit.Chem.rdchem.Mol object at 0x735c78fbb530>
CHEMBL3641993,CDK4,23.0,nM,c1cc2c3cnc(Nc4ccc(N5CCC(N6CCCC6)CC5)nn4)nc3n(C3CCCC3)c2cn1,7.638272163982407,True,<rdkit.Chem.rdchem.Mol object at 0x735c78fbba00>
CHEMBL4783301,CDK9,23.0,nM,CC(C)N1c2cc(Nc3ncc(Cl)c(-c4cncc5ccccc45)n3)ccc2N(C)C(=O)[C@H]1C,7.638272163982407,True,<rdkit.Chem.rdchem.Mol object at 0x735c78fbbd10>
CHEMBL4555799,CDK9,23.0,nM,Clc1cnc(N[C@H]2CCCNC2)nc1-c1c[nH]c2ccccc12,7.638272163982407,True,<rdkit.Chem.rdchem.Mol object at 0x735c78fbbdf0>
CHEMBL3663770,CDK9,23.0,nM,COc1cc(F)ccc1-c1ccnc2[nH]c(C3CCN(C)CC3)cc12,7.638272163982407,True,<rdkit.Chem.rdchem.Mol object at 0x735c78fbbe60>
CHEMBL5768634,CDK9,23.0,nM,OCCNc1cc(-c2ccc3ncn(Cc4cccc(F)c4)c3c2)c(Cl)cn1,7.638272163982407,True,<rdkit.Chem.rdchem.Mol object at 0x735c78fb92a0>
CHEMBL3668349,CDK9,23.0,nM,COc1ccc(F)cc1-c1ccnc2[nH]c(C3CCCC(N)C3)cc12,7.638272163982407,True,<rdkit.Chem.rdchem.Mol object at 0x735c78fb9f50>
CHEMBL3702202,CDK6,23.0,nM,C[C@H]1CN(c2ccc(Nc3ncc4c5ccccc5n(C5CCCC5)c4n3)nn2)CCN1,7.638272163982407,True,<rdkit.Chem.rdchem.Mol object at 0x735c78fbb290>
CHEMBL2158858,CDK2,23.0,nM,CNC(=O)Nc1ccc(-c2cc(-c3ccnc(Nc4cccc(S(N)(=O)=O)c4)n3)ccn2)cc1,7.638272163982407,True,<rdkit.Chem.rdchem.Mol object at 0x735c78fbb920>
CHEMBL3663745,CDK9,23.0,nM,COc1ccc(F)cc1-c1ccnc2[nH]c([C@H]3CCCNC3)cc12,7.638272163982407,True,<rdkit.Chem.rdchem.Mol object at 0x735c78fb8120>
CHEMBL3663801,CDK9,23.0,nM,COc1ccc(F)cc1-c1ccnc2[nH]c([C@H]3CCNC3)cc12,7.638272163982407,True,<rdkit.Chem.rdchem.Mol object at 0x735c78fb8ac0>
CHEMBL3668515,CDK9,23.0,nM,COc1ccc(F)cc1-c1ccnc2[nH]c(C3=CCN(S(C)(=O)=O)CC3)c(C#N)c12,7.638272163982407,True,<rdkit.Chem.rdchem.Mol object at 0x735c78fbaa40>
CHEMBL5861687,CDK4,23.0,nM,CC(C)N1CCOc2c(F)cc(-c3nc(Nc4cnc(C5CCNCC5)cn4)ncc3F)cc21,7.638272163982407,True,<rdkit.Chem.rdchem.Mol object at 0x735c78fbb060>
CHEMBL5935736,CDK9,23.0,nM,O=C1CC[C@H](C(=O)Nc2cc(-c3ccc4ncn(Cc5cccc(F)c5)c4c3)c(Cl)cn2)N1,7.638272163982407,True,<rdkit.Chem.rdchem.Mol object at 0x735c78fac190>
CHEMBL3702223,CDK6,23.0,nM,CC[C@@H](C)n1c2cnccc2c2cnc(Nc3ccc(N4CCNCC4)nn3)nc21,7.638272163982407,True,<rdkit.Chem.rdchem.Mol object at 0x735c78fac900>
CHEMBL1800455,CDK1,23.0,nM,Nc1nc(-c2cc(N3C[C@H](O)[C@@H](O)C3)ccc2O)cc(C2CCCC2)n1,7.638272163982407,True,<rdkit.Chem.rdchem.Mol object at 0x735c78faca50>
CHEMBL3986282,CDK6,23.0,nM,CC(=O)c1c(C)c2cnc(Nc3ccc(N4CCN(C(=O)CNCCN)CC4)cn3)nc2n(C2CCCC2)c1=O,7.638272163982407,True,<rdkit.Chem.rdchem.Mol object at 0x735c78facd60>
CHEMBL3691593,CDK4,23.0,nM,Cc1cc(Nc2ncc3cc(C(=O)N(C)C)n(C4CCCC4)c3n2)ncc1C(O)N1CC2CCC(C1)N2,7.638272163982407,True,<rdkit.Chem.rdchem.Mol object at 0x735c78face40>
CHEMBL3668386,CDK9,23.0,nM,COc1ccc(F)cc1-c1ccnc2[nH]c(C3CCN(Cc4ccncc4)C3)cc12,7.638272163982407,True,<rdkit.Chem.rdchem.Mol object at 0x735c78fad620>
CHEMBL3986015,CDK9,23.0,nM,O=C(CO)N1CC=C(c2cc3c(-c4cncc(NCc5ccccc5)n4)ccnc3[nH]2)CC1,7.638272163982407,True,<rdkit.Chem.rdchem.Mol object at 0x735c78fadfc0>
CHEMBL5757075,CDK9,23.0,nM,O=C(Nc1cc(-c2cnc3ncn(Cc4cccc(F)c4)c3c2)c(Cl)cn1)C1CCCNC1,7.638272163982407,True,<rdkit.Chem.rdchem.Mol object at 0x735c78faef10>
CHEMBL5903874,CDK4,23.0,nM,CC(C)N1CCOc2c(F)cc(-c3nc(Nc4ccc(C5CCN(C)CC5)c(C#N)n4)ncc3F)cc21,7.638272163982407,True,<rdkit.Chem.rdchem.Mol object at 0x735c78faf5a0>
CHEMBL514913,CDK2,23.0,nM,CCn1c(-c2ccnc(Nc3ccc(S(C)(=O)=O)cc3)n2)cnc1C,7.638272163982407,True,<rdkit.Chem.rdchem.Mol object at 0x735c78fac200>
CHEMBL6168381,CDK2,23.0,nM,Cc1cc(C)cc(NNC(=O)[C@H]2CCCN2C(=O)Nc2ccc(C(F)(F)F)cc2)c1,7.638272163982407,True,<rdkit.Chem.rdchem.Mol object at 0x735c78fac2e0>
CHEMBL5399420,CDK2,23.03,nM,CN1CCN(Cc2ccc(NC(=O)c3n[nH]cc3Nc3ccncn3)cc2)CC1,7.637706062035769,True,<rdkit.Chem.rdchem.Mol object at 0x735c78fac580>
CHEMBL103285,CDK2,23.4,nM,NS(=O)(=O)c1ccc(Nc2cc(-c3cccc(Br)c3)[nH]n2)cc1,7.6307841425898575,True,<rdkit.Chem.rdchem.Mol object at 0x735c78fac740>
CHEMBL5512555,CDK9,23.53,nM,CC(=O)N1CCC(C(=O)Nc2ccc(CNc3nc(NC4CCOCC4)nc4c(C(C)C)cnn34)cc2)CC1,7.628378072823978,True,<rdkit.Chem.rdchem.Mol object at 0x735c78fac9e0>
CHEMBL5775091,CDK2,23.6,nM,Cc1nc2c(F)cc(-c3nc(Nc4ccc5c(n4)CCN(CCS(C)(=O)=NC#N)C5)ncc3F)cc2n1C(C)C,7.627087997029893,True,<rdkit.Chem.rdchem.Mol object at 0x735c78facf90>
CHEMBL5834090,CDK9,23.6,nM,Cc1nc2c(F)cc(-c3nc(Nc4ccc5c(n4)CCN(CCN(C)CCO)C5)ncc3F)cc2n1C(C)(C)C,7.627087997029893,True,<rdkit.Chem.rdchem.Mol object at 0x735c78fad070>
CHEMBL4205366,CDK6,23.6,nM,CCN1CCN(Cc2ccc(Nc3cc(-c4cc(F)c5nc(C)n(C(C)C)c5c4)ccn3)nn2)CC1,7.627087997029893,True,<rdkit.Chem.rdchem.Mol object at 0x735c78fad0e0>
CHEMBL4757918,CDK9,23.9,nM,CC(C)N1c2cc(Nc3ncc(F)c(-c4cncc5ccccc45)n3)ccc2N(C)C(=O)[C@H]1C,7.621602099051862,True,<rdkit.Chem.rdchem.Mol object at 0x735c78fad230>
CHEMBL560818,CDK2,24.0,nM,Cn1nc(C(N)=O)c2c1-c1nc(Nc3ccccc3)ncc1CC2(C)C,7.619788758288394,True,<rdkit.Chem.rdchem.Mol object at 0x735c78fad380>
CHEMBL3916153,CDK9,24.0,nM,CN1Cc2c(C3=CCN(CCS(N)(=O)=O)CC3)[nH]c3nccc(c23)-c2cc(F)ccc21,7.619788758288394,True,<rdkit.Chem.rdchem.Mol object at 0x735c78fad930>
CHEMBL6011114,CDK6,24.0,nM,COC1CCN(c2ccc(Nc3ncc(F)c(-c4cc(F)c5c(c4)N(C(C)C)CCO5)n3)nc2)CC1,7.619788758288394,True,<rdkit.Chem.rdchem.Mol object at 0x735c78fad9a0>
CHEMBL6003687,CDK9,24.0,nM,O=C(Nc1cc(-c2ccc3c(c2)N(Cc2cccc(F)c2)CC3)c(Cl)cn1)[C@@H]1CCCNC1,7.619788758288394,True,<rdkit.Chem.rdchem.Mol object at 0x735c78fadcb0>
CHEMBL299756,CDK1,24.0,nM,N#Cc1ccc2[nH]c3c(c2c1)CC(=O)Nc1ccccc1-3,7.619788758288394,True,<rdkit.Chem.rdchem.Mol object at 0x735c78fadf50>
CHEMBL3702211,CDK6,24.0,nM,O[C@H]1CCN(c2ccc(Nc3ncc4c5ccnc(F)c5n(C5CCCC5)c4n3)nn2)C1,7.619788758288394,True,<rdkit.Chem.rdchem.Mol object at 0x735c78fae340>
CHEMBL3663798,CDK9,24.0,nM,Clc1ccc(OCc2ccccc2)nc1-c1ccnc2[nH]c(C3CCNCC3)cc12,7.619788758288394,True,<rdkit.Chem.rdchem.Mol object at 0x735c78fae810>
CHEMBL3668413,CDK9,24.0,nM,CN1CCC(c2cc3c(-c4cccc(NCc5ccccc5Cl)n4)ccnc3[nH]2)CC1,7.619788758288394,True,<rdkit.Chem.rdchem.Mol object at 0x735c78faec70>
CHEMBL2012402,CDK1,24.0,nM,Cn1cc(Nc2ncc3cnn([C@@H]4C[C@H]5C[C@H]5C4)c3n2)cc1C(N)=O,7.619788758288394,True,<rdkit.Chem.rdchem.Mol object at 0x735c78faed50>
CHEMBL3648124,CDK2,24.0,nM,CCS(=N)(=O)c1ccc(Nc2ncc(Br)c(N[C@@H](C)C(C)(C)O)n2)cc1,7.619788758288394,True,<rdkit.Chem.rdchem.Mol object at 0x735c78faeea0>
CHEMBL3668348,CDK9,24.0,nM,COc1ccc(F)cc1-c1ccnc2[nH]c(C3CCC(N)CC3)cc12,7.619788758288394,True,<rdkit.Chem.rdchem.Mol object at 0x735c78faf760>
CHEMBL5856504,CDK9,24.0,nM,O=C(Nc1cc(-c2ccc3ccn(Cc4cccc(F)c4)c3n2)c(Cl)cn1)[C@@H]1CCCNC1,7.619788758288394,True,<rdkit.Chem.rdchem.Mol object at 0x735c78faf7d0>
CHEMBL3644034,CDK4,24.0,nM,C[C@@H](Oc1nc(Nc2ccc(S(C)(=O)=O)cc2)ncc1C(F)(F)F)C(C)(C)O,7.619788758288394,True,<rdkit.Chem.rdchem.Mol object at 0x735c78faf8b0>
CHEMBL1081628,CDK2,24.0,nM,N[C@H](CNc1nnc(-c2ccc3[nH]ncc3c2)s1)Cc1ccc(C(F)(F)F)cc1,7.619788758288394,True,<rdkit.Chem.rdchem.Mol object at 0x735c78fafca0>
CHEMBL3644021,CDK1,24.0,nM,C[C@@H](O)[C@@H](C)Oc1nc(Nc2ccc(S(=O)(=O)C(F)F)cc2)ncc1C(F)(F)F,7.619788758288394,True,<rdkit.Chem.rdchem.Mol object at 0x735c78fafd80>
CHEMBL424696,CDK1,24.0,nM,c1ccc(Nc2ncc(-c3ccnc(OC4CCCCC4)n3)s2)nc1,7.619788758288394,True,<rdkit.Chem.rdchem.Mol object at 0x735c78fafdf0>
CHEMBL3698695,CDK6,24.0,nM,c1cc2c3cnc(Nc4ccc(N[C@H]5CCNC5)cn4)nc3n(C3CCCC3)c2cn1,7.619788758288394,True,<rdkit.Chem.rdchem.Mol object at 0x735c78facc80>
CHEMBL3641985,CDK4,24.0,nM,c1cc2c3cnc(Nc4ccc(N5CCNCC5)nn4)nc3n([C@@H]3CCOC3)c2cn1,7.619788758288394,True,<rdkit.Chem.rdchem.Mol object at 0x735c78fac270>
CHEMBL3673528,CDK9,24.0,nM,CC(=O)N1CCC(c2cc3c(-c4cncc(OCc5cccc(F)c5)n4)ccnc3[nH]2)CC1,7.619788758288394,True,<rdkit.Chem.rdchem.Mol object at 0x735c78fac970>
CHEMBL255463,CDK2,24.0,nM,O=C(Cc1ccccc1Cl)Nc1n[nH]c2ccc(N3CCCS3(=O)=O)cc12,7.619788758288394,True,<rdkit.Chem.rdchem.Mol object at 0x735c78facf20>
CHEMBL4095226,CDK9,24.0,nM,Nc1nccc(-c2c[nH]c3ncc(-c4ccc(F)cc4)cc23)n1,7.619788758288394,True,<rdkit.Chem.rdchem.Mol object at 0x735c78fad850>
CHEMBL3698696,CDK6,24.0,nM,O=S1(=O)CCC(Nc2ccc(Nc3ncc4c5ccncc5n(C5CCCC5)c4n3)nc2)C1,7.619788758288394,True,<rdkit.Chem.rdchem.Mol object at 0x735c78fae0a0>
CHEMBL3642027,CDK4,24.0,nM,COC(=O)CNC1CCN(c2ccc(Nc3ncc4c5ccncc5n(C5CCCC5)c4n3)nc2)CC1,7.619788758288394,True,<rdkit.Chem.rdchem.Mol object at 0x735c78fae490>
CHEMBL3691590,CDK4,24.0,nM,CN(C)C(=O)c1cc2cnc(Nc3ccc(C(=O)N4CCN5CCC4CC5)cn3)nc2n1C1CCCC1,7.619788758288394,True,<rdkit.Chem.rdchem.Mol object at 0x735c78fae880>
CHEMBL2012401,CDK1,24.0,nM,Cn1cc(Nc2ncc3cnn(C4CCC(C)(C)CC4)c3n2)cc1C(N)=O,7.619788758288394,True,<rdkit.Chem.rdchem.Mol object at 0x735c78faeb20>
CHEMBL3702160,CDK6,24.0,nM,CN(C)[C@H]1CN(c2ccc(Nc3ncc4c5ccncc5n(C5CCCC5)c4n3)nn2)CC[C@@H]1O,7.619788758288394,True,<rdkit.Chem.rdchem.Mol object at 0x735c78faf060>
CHEMBL3698736,CDK6,24.3,nM,c1cc2c3cnc(Nc4ccc(N5CCOCC5)nn4)nc3n(C3CCCC3)c2cn1,7.614393726401688,True,<rdkit.Chem.rdchem.Mol object at 0x735c78faf530>
CHEMBL319685,CDK2,24.5,nM,COc1cccc(-c2cc(Nc3ccc(S(N)(=O)=O)cc3)[nH]n2)c1,7.610833915635467,True,<rdkit.Chem.rdchem.Mol object at 0x735c78fc4270>
CHEMBL4643057,CDK9,24.6,nM,C=CC(=O)Nc1cccc(C(=O)Nc2ncc(SCc3ncc(C(C)(C)C)o3)s2)c1,7.609064892896621,True,<rdkit.Chem.rdchem.Mol object at 0x735c78fc5690>
CHEMBL5537062,CDK9,24.65,nM,CC[C@@H](CO)Nc1nc(NCc2ccc(NC(=O)C3CCN(C(C)=O)CC3)cc2)n2ncc(C(C)C)c2n1,7.608183076386751,True,<rdkit.Chem.rdchem.Mol object at 0x735c78fc59a0>
CHEMBL5978749,CDK4,25.0,nM,CC(C)CN1CCOc2c(F)cc(-c3nc(Nc4ccc5c(n4)CCNC5)ncc3F)cc21,7.602059991327962,True,<rdkit.Chem.rdchem.Mol object at 0x735c78fc61f0>
CHEMBL5277470,CDK4,25.0,nM,CC(=O)c1c(C)c2cnc(Nc3ccc(N4CCN(C(=O)/C(C#N)=C/c5ccccc5)CC4)cn3)nc2n(C2CCCC2)c1=O,7.602059991327962,True,<rdkit.Chem.rdchem.Mol object at 0x735c78fc6c70>
CHEMBL3668462,CDK9,25.0,nM,CN1CCC(c2cc3c(-c4cc(NCc5ccc(C(N)=O)cc5)ccc4F)ccnc3[nH]2)CC1,7.602059991327962,True,<rdkit.Chem.rdchem.Mol object at 0x735c78fc71b0>
CHEMBL556392,CDK1,25.0,nM,C[C@@H]1CNc2c(sc3ccc4nc(Cl)ccc4c23)C(=O)N1,7.602059991327962,True,<rdkit.Chem.rdchem.Mol object at 0x735c78fc73e0>
CHEMBL3663793,CDK9,25.0,nM,Clc1ccc(NCc2ccccc2)cc1-c1ccnc2[nH]c(C3CCNCC3)cc12,7.602059991327962,True,<rdkit.Chem.rdchem.Mol object at 0x735c78fc7bc0>
CHEMBL5198038,CDK9,25.0,nM,CC(C)n1cc(-c2ccnc3[nH]c(C4CCN(CC(=O)N(C)C)CC4)cc23)ccc1=O,7.602059991327962,True,<rdkit.Chem.rdchem.Mol object at 0x735c78fc4200>
CHEMBL3648078,CDK2,25.0,nM,C[C@@H](Nc1nc(Nc2ccc(S(=N)(=O)C3CCCC3)cc2)ncc1Br)C(C)(C)O,7.602059991327962,True,<rdkit.Chem.rdchem.Mol object at 0x735c78fc45f0>
CHEMBL3644028,CDK2,25.0,nM,C#CCOc1nc(Nc2ccc(S(C)(=O)=O)cc2)ncc1C(F)(F)F,7.602059991327962,True,<rdkit.Chem.rdchem.Mol object at 0x735c78fc46d0>
CHEMBL3954429,CDK4,25.0,nM,CCN1CCN(c2ccc(Nc3ncc4c(C)c(C(C)=O)c(=O)n(C5CCCC5)c4n3)nc2)CC1,7.602059991327962,True,<rdkit.Chem.rdchem.Mol object at 0x735c78fc4970>
CHEMBL3698679,CDK6,25.0,nM,OCC1(n2c3cnccc3c3cnc(Nc4ccc(N5CCNCC5)cn4)nc32)CCCC1,7.602059991327962,True,<rdkit.Chem.rdchem.Mol object at 0x735c78fc55b0>
CHEMBL2426395,CDK2,25.0,nM,COc1ccc(NC(=S)NC(=O)c2cn(-c3ccccc3)nc2-c2ccc(OC)cc2)cc1,7.602059991327962,True,<rdkit.Chem.rdchem.Mol object at 0x735c78fc5930>
CHEMBL5846502,CDK9,25.0,nM,O=C(Nc1cc(-c2cc3c(cc2F)ncn3Cc2cccc(F)c2)c(Cl)cn1)[C@@H]1CCCNC1,7.602059991327962,True,<rdkit.Chem.rdchem.Mol object at 0x735c78fc5b60>
CHEMBL510578,CDK2,25.0,nM,O=C(NCC1CC1)c1n[nH]cc1NC(=O)c1c(F)cccc1F,7.602059991327962,True,<rdkit.Chem.rdchem.Mol object at 0x735c78fc5d90>
CHEMBL3923769,CDK9,25.0,nM,CN1Cc2c(C3=CCN(S(C)(=O)=O)CC3)[nH]c3nccc(c23)-c2cc(F)ccc21,7.602059991327962,True,<rdkit.Chem.rdchem.Mol object at 0x735c78fc5e00>
CHEMBL3668445,CDK9,25.0,nM,CN1CCC(c2cc3c(-c4nc(NCC5CCS(=O)(=O)CC5)ccc4Cl)ccnc3[nH]2)CC1,7.602059991327962,True,<rdkit.Chem.rdchem.Mol object at 0x735c78fc6260>
CHEMBL553397,CDK1,25.0,nM,COc1ccc2sc3c(c2c1)NC[C@@H](CO)NC3=O,7.602059991327962,True,<rdkit.Chem.rdchem.Mol object at 0x735c78fc62d0>
CHEMBL3905910,CDK1,25.0,nM,CN1CC[C@@H](c2c(O)cc(O)c3c(=O)cc(-c4ccc(C(F)(F)F)cc4Cl)oc23)[C@@H]1CO,7.602059991327962,True,<rdkit.Chem.rdchem.Mol object at 0x735c78fc6420>
CHEMBL3823659,CDK2,25.0,nM,CC(=O)N1CCC(n2cc(Nc3ncc(Cl)c(-c4cnc5ccccn45)n3)cn2)CC1,7.602059991327962,True,<rdkit.Chem.rdchem.Mol object at 0x735c78fc6500>
CHEMBL485431,CDK2,25.0,nM,Cc1ncc(-c2ccnc(Nc3ccc(S(=O)(=O)NCCN(C)C)cc3)n2)n1C,7.602059991327962,True,<rdkit.Chem.rdchem.Mol object at 0x735c78fc6880>
CHEMBL3691597,CDK4,25.0,nM,CN(C)C(=O)c1cc2cnc(Nc3ccc(C(=O)N4CC5CCC(C4)N5)cn3)nc2n1C1CCC1,7.602059991327962,True,<rdkit.Chem.rdchem.Mol object at 0x735c78fc69d0>
CHEMBL5821542,CDK9,25.0,nM,Fc1cccc(Cn2ccc3ncc(-c4cc(NC5CC6(CCNC6)C5)ncc4Cl)cc32)c1,7.602059991327962,True,<rdkit.Chem.rdchem.Mol object at 0x735c78fc6ab0>
CHEMBL4754081,CDK9,25.0,nM,CC(=O)N[C@@H]1CCC[C@H](C(=O)Nc2cc(-c3cnn4c3CC(C)(C)C4)c(F)cn2)C1,7.602059991327962,True,<rdkit.Chem.rdchem.Mol object at 0x735c78fc6d50>
CHEMBL3702064,CDK6,25.0,nM,CCC(C)(C)n1c2cnccc2c2cnc(Nc3ccc(N4CCNCC4)cn3)nc21,7.602059991327962,True,<rdkit.Chem.rdchem.Mol object at 0x735c78fc7140>
CHEMBL3648108,CDK1,25.0,nM,C[C@H](Nc1nc(Nc2ccc(S(=N)(=O)CCO)cc2)ncc1Br)C(C)(C)O,7.602059991327962,True,<rdkit.Chem.rdchem.Mol object at 0x735c78fc7530>
CHEMBL3891660,CDK9,25.0,nM,CN1Cc2c(C3=CCN(CCS(=O)(=O)N(C)C)CC3)[nH]c3nccc(c23)-c2cc(F)ccc21,7.602059991327962,True,<rdkit.Chem.rdchem.Mol object at 0x735c78fc76f0>
CHEMBL4216447,CDK4,25.0,nM,Cc1nc(Nc2ncc(F)c(-c3cc(F)c4nc5n(c4c3)C(C)(C)CC5)n2)ccc1CN1CCN(C)CC1,7.602059991327962,True,<rdkit.Chem.rdchem.Mol object at 0x735c78fc78b0>
CHEMBL359794,CDK4,25.0,nM,N#Cc1ccc(Nc2nccc(-c3cnn4ncccc34)n2)cc1,7.602059991327962,True,<rdkit.Chem.rdchem.Mol object at 0x735c78fc7d10>
CHEMBL3668351,CDK9,25.0,nM,Clc1cnc2[nH]c(C3CCNCC3)cc2c1-c1cccc(NCc2ccccc2)n1,7.602059991327962,True,<rdkit.Chem.rdchem.Mol object at 0x735c78fc7e60>
CHEMBL3668483,CDK9,25.0,nM,Clc1cnc2[nH]c(C3CCCNC3)cc2c1-c1ccnc(NCc2ccccc2)c1,7.602059991327962,True,<rdkit.Chem.rdchem.Mol object at 0x735c78fc4660>
CHEMBL1761791,CDK2,25.0,nM,Nc1nc(Nc2cccnc2)sc1C(=O)c1ccccc1F,7.602059991327962,True,<rdkit.Chem.rdchem.Mol object at 0x735c78fc4900>
CHEMBL3663800,CDK9,25.0,nM,COc1cc(F)ccc1-c1ccnc2[nH]c(C3CCNC3)cc12,7.602059991327962,True,<rdkit.Chem.rdchem.Mol object at 0x735c78fc4ba0>
CHEMBL5956369,CDK6,25.0,nM,Cc1nc2c(F)cc(-c3nc(Nc4ccc5c(n4)CCNC5)ncc3F)cc2n1C1CCCC1,7.602059991327962,True,<rdkit.Chem.rdchem.Mol object at 0x735c78fc5380>
CHEMBL3663804,CDK9,25.0,nM,Clc1ccc(NCc2ccccc2)nc1-c1ccnc2[nH]c(C3CCNC3)cc12,7.602059991327962,True,<rdkit.Chem.rdchem.Mol object at 0x735c78fc6b20>
CHEMBL5753552,CDK9,25.0,nM,O=C(Nc1cc(-c2ccc3ncn(CCCc4cccc(F)c4)c3c2)c(Cl)cn1)[C@@H]1CCCNC1,7.602059991327962,True,<rdkit.Chem.rdchem.Mol object at 0x735c78fc6e30>
CHEMBL5879867,CDK9,25.0,nM,CC(=O)N[C@@H]1CCC[C@@H](C(=O)Nc2cc(-c3cnn4c3CC(C)(C)C4)c(F)cn2)C1,7.602059991327962,True,<rdkit.Chem.rdchem.Mol object at 0x735c78fc6ea0>
CHEMBL3663781,CDK9,25.0,nM,Clc1ccc(NCc2ccncc2)nc1-c1ccnc2[nH]c(C3CCNCC3)cc12,7.602059991327962,True,<rdkit.Chem.rdchem.Mol object at 0x735c78fc7a70>
CHEMBL191893,CDK1,25.0,nM,CC(C)Oc1nc(Nc2ccc3[nH]cnc3c2)ncc1C(F)(F)F,7.602059991327962,True,<rdkit.Chem.rdchem.Mol object at 0x735c78fbc430>
CHEMBL4850143,CDK9,25.0,nM,CCOC(=O)NS(=O)(=O)N1CC=C(c2cc3c(-c4cc(F)ccc4OC)ccnc3[nH]2)CC1,7.602059991327962,True,<rdkit.Chem.rdchem.Mol object at 0x735c78fbc4a0>
CHEMBL5505838,CDK9,25.47,nM,CC(=O)Nc1ccc(CNc2nc(N3CCC[C@@H]3CO)nc3c(C(C)C)cnn23)cc1,7.593971055036385,True,<rdkit.Chem.rdchem.Mol object at 0x735c78fbdbd0>
CHEMBL5836560,CDK6,25.7,nM,Cc1nc2c(F)cc(-c3nc(Nc4ccc5c(n4)CC[N+]([O-])(CC[N+](C)(C)[O-])C5)ncc3F)cc2n1C1CC1,7.590066876668706,True,<rdkit.Chem.rdchem.Mol object at 0x735c78fbe5e0>
CHEMBL5976713,CDK6,25.7,nM,Cc1nc2c(F)cc(-c3nc(Nc4ccc5c(n4)CCN(CC[N+](C)(C)[O-])C5)ncc3F)cc2n1C1CC1,7.590066876668706,True,<rdkit.Chem.rdchem.Mol object at 0x735c78fbef10>
CHEMBL5962267,CDK6,26.0,nM,CC(C)N1CCOc2c(F)cc(-c3nc(Nc4cc(C5CCN(C)CC5)n[nH]4)ncc3F)cc21,7.585026652029182,True,<rdkit.Chem.rdchem.Mol object at 0x735c78fbfb50>
CHEMBL5910995,CDK9,26.0,nM,O=C(CC1CCNCC1)Nc1cc(-c2ccc3ncn(Cc4cccc(F)c4)c3c2)c(Cl)cn1,7.585026652029182,True,<rdkit.Chem.rdchem.Mol object at 0x735c78fbc120>
CHEMBL3702086,CDK6,26.0,nM,O[C@H]1CCN(Cc2csc(Nc3ncc4c5ccnc(F)c5n(C5CCCC5)c4n3)n2)C1,7.585026652029182,True,<rdkit.Chem.rdchem.Mol object at 0x735c78fbc200>
CHEMBL3642003,CDK6,26.0,nM,c1cc2c3cnc(Nc4ccc(N5CCC(N6CCOCC6)CC5)nn4)nc3n(C3CCCC3)c2cn1,7.585026652029182,True,<rdkit.Chem.rdchem.Mol object at 0x735c78fbc820>
CHEMBL6168902,CDK6,26.0,nM,CCC(=O)N1CCC2(CC1)CC(=O)c1ccc(-c3nc(Nc4ccc(N5CCN(C)CC5)cn4)ncc3F)cc1O2,7.585026652029182,True,<rdkit.Chem.rdchem.Mol object at 0x735c78fbce40>
CHEMBL3691578,CDK4,26.0,nM,CC(CO)N1C2CCC1CN(C(=O)c1ccc(Nc3ncc4cc(C(=O)N(C)C)n(C5CCCC5)c4n3)nc1)C2,7.585026652029182,True,<rdkit.Chem.rdchem.Mol object at 0x735c78fbd0e0>
CHEMBL212049,CDK9,26.0,nM,Cc1cnc(OC2CCCCC2)nc1-c1cnc(Nc2ccccn2)s1,7.585026652029182,True,<rdkit.Chem.rdchem.Mol object at 0x735c78fbd310>
CHEMBL1964256,CDK2,26.0,nM,CNS(=O)(=O)Cc1ccc(N/C=C2\C(=O)Nc3ccc4ncsc4c32)cc1,7.585026652029182,True,<rdkit.Chem.rdchem.Mol object at 0x735c78fbd380>
CHEMBL3668471,CDK9,26.0,nM,COc1cc(F)c(F)cc1-c1ccnc2[nH]c(C3CCCNC3)cc12,7.585026652029182,True,<rdkit.Chem.rdchem.Mol object at 0x735c78fbd3f0>
CHEMBL4579344,CDK9,26.0,nM,Cc1cc(C)c(CNc2nc(N[C@@H](C)[C@@H](C)O)nc3c2ncn3C(C)C)cn1,7.585026652029182,True,<rdkit.Chem.rdchem.Mol object at 0x735c78fbd5b0>
CHEMBL559487,CDK1,26.0,nM,C[C@@H]1CNc2c(sc3ccc(O)cc23)C(=O)N1,7.585026652029182,True,<rdkit.Chem.rdchem.Mol object at 0x735c78fbda10>
CHEMBL3702105,CDK4,26.0,nM,c1cc2c3cnc(Nc4ccc(N5CCC(N6CCCC6)CC5)cn4)nc3n(C3CCCC3)c2nn1,7.585026652029182,True,<rdkit.Chem.rdchem.Mol object at 0x735c78fbdb60>
CHEMBL3642031,CDK6,26.0,nM,COC(=O)CNC1CCN(c2ccc(Nc3ncc4c5ccncc5n(C5CCCC5)c4n3)nn2)CC1,7.585026652029182,True,<rdkit.Chem.rdchem.Mol object at 0x735c78fbde00>
CHEMBL3702136,CDK6,26.0,nM,FC(F)(F)c1cccc(-n2c3cnccc3c3cnc(Nc4ccc(N5CCNCC5)cn4)cc32)c1,7.585026652029182,True,<rdkit.Chem.rdchem.Mol object at 0x735c78fbe0a0>
CHEMBL3957008,CDK9,26.0,nM,CN1CCc2c(C3=CCNCC3)[nH]c3nccc(c23)-c2cc(F)ccc21,7.585026652029182,True,<rdkit.Chem.rdchem.Mol object at 0x735c78fbe110>
CHEMBL3702194,CDK6,26.0,nM,C[C@H](O)CNc1ccc(Nc2ncc3c4ccncc4n(C4CCCC4)c3n2)nn1,7.585026652029182,True,<rdkit.Chem.rdchem.Mol object at 0x735c78fbe810>
CHEMBL3654258,CDK4,26.0,nM,CN(C)C(=O)c1cc2cnc(Nc3ccc(N4CCN(CCO)CC4)cn3)nc2n1C1CCCC1,7.585026652029182,True,<rdkit.Chem.rdchem.Mol object at 0x735c78fbe9d0>
CHEMBL5195030,CDK4,26.0,nM,CC[C@@H](Nc1nc(NCc2cnc(C)cc2C)c2ncn(C(C)C)c2n1)[C@H](C)O,7.585026652029182,True,<rdkit.Chem.rdchem.Mol object at 0x735c78fbea40>
CHEMBL5195030,CDK9,26.0,nM,CC[C@@H](Nc1nc(NCc2cnc(C)cc2C)c2ncn(C(C)C)c2n1)[C@H](C)O,7.585026652029182,True,<rdkit.Chem.rdchem.Mol object at 0x735c78fbec00>
CHEMBL380500,CDK9,26.0,nM,Nc1nccc(-c2c3c(O)ccnc3n3c(N)nccc23)n1,7.585026652029182,True,<rdkit.Chem.rdchem.Mol object at 0x735c78fbec70>
CHEMBL4764173,CDK9,26.0,nM,CC[C@H](Nc1nc(NCc2ccccc2)c2ncn(C(C)C)c2n1)[C@@H](C)O,7.585026652029182,True,<rdkit.Chem.rdchem.Mol object at 0x735c78fbeff0>
CHEMBL4740353,CDK9,26.0,nM,Nc1nccc(-c2c3cccnc3n3c(N)nccc23)n1,7.585026652029182,True,<rdkit.Chem.rdchem.Mol object at 0x735c78fbf3e0>
CHEMBL5947385,CDK1,26.2,nM,C=CC(=O)N1CCc2nc(Nc3ncc(F)c(-c4cc(F)c5nc(C)n(C(C)C)c5c4)n3)ccc2C1,7.581698708680254,True,<rdkit.Chem.rdchem.Mol object at 0x735c78fbf4c0>
CHEMBL3702097,CDK4,26.2,nM,COC(=O)N1CCN(c2ccc(Nc3ncc4c5ccnc(F)c5n(C5CCCC5)c4n3)nc2)CC1,7.581698708680254,True,<rdkit.Chem.rdchem.Mol object at 0x735c78fbf530>
CHEMBL6038282,CDK9,26.6,nM,Cc1nc2c(F)cc(-c3nc(Nc4ccc5c(n4)CCN(C(=O)[C@@H]4CCCN4)C5)ncc3F)cc2n1C1CC1,7.575118363368933,True,<rdkit.Chem.rdchem.Mol object at 0x735c78fbf5a0>
CHEMBL3698728,CDK6,26.6,nM,c1cc2c3cnc(Nc4ccc(NCC5CCNC5)nn4)nc3n(C3CCCC3)c2cn1,7.575118363368933,True,<rdkit.Chem.rdchem.Mol object at 0x735c78fbf680>
CHEMBL3702045,CDK6,27.0,nM,CCN1CCN(c2ccc(Nc3ncc4c5ccncc5n(C5CCCC5)c4n3)nn2)CC1,7.568636235841012,True,<rdkit.Chem.rdchem.Mol object at 0x735c78fbf7d0>
CHEMBL5205172,CDK2,27.0,nM,NCCCCNC(=O)c1ccc(CNc2nc(N[C@H]3CC[C@H](N)CC3)nc3c2ncn3C2CCCC2)cc1,7.568636235841012,True,<rdkit.Chem.rdchem.Mol object at 0x735c78fbf990>
CHEMBL5740082,CDK9,27.0,nM,O=C1CC(C(=O)Nc2cc(-c3ccc4ncn(Cc5cccc(F)c5)c4c3)c(Cl)cn2)C1,7.568636235841012,True,<rdkit.Chem.rdchem.Mol object at 0x735c78fbfa00>
CHEMBL3691682,CDK4,27.0,nM,CN(C)C(=O)c1cc2cnc(Nc3ccc(N4CCN5CCC[C@@H]5C4=O)cn3)nc2n1C1CCCC1,7.568636235841012,True,<rdkit.Chem.rdchem.Mol object at 0x735c78fbfc30>
CHEMBL3691594,CDK4,27.0,nM,CN(C)C(=O)c1cc2cnc(Nc3ccc(C(=O)N4CC5CCCC(C4)N5)cn3)nc2n1C1CCCC1,7.568636235841012,True,<rdkit.Chem.rdchem.Mol object at 0x735c78fbfd80>
CHEMBL4212542,CDK4,27.0,nM,CCN1CCN(Cc2ccc(Nc3ncc(F)c(-c4cc(F)c5nc6n(c5c4)C(C)CC6)n3)nc2)CC1,7.568636235841012,True,<rdkit.Chem.rdchem.Mol object at 0x735c78fbfe60>
CHEMBL3702218,CDK6,27.0,nM,CC[C@@H](C)n1c2cnccc2c2cnc(Nc3ccc(N4CCC(NC)CC4)nn3)nc21,7.568636235841012,True,<rdkit.Chem.rdchem.Mol object at 0x735c78fbc040>
CHEMBL5751847,CDK2,27.0,nM,Cc1nc2c(F)cc(-c3nc(Nc4ccc5c(n4)CCN(CC(N)=NO)C5)ncc3F)cc2n1C(C)(C)C,7.568636235841012,True,<rdkit.Chem.rdchem.Mol object at 0x735c78fbc190>
CHEMBL3702247,CDK4,27.0,nM,CN(C)C1CCN(c2ccc(Nc3ncc4c5ccncc5n(C5CCC5)c4n3)nn2)CC1,7.568636235841012,True,<rdkit.Chem.rdchem.Mol object at 0x735c78fbc9e0>
CHEMBL3702247,CDK6,27.0,nM,CN(C)C1CCN(c2ccc(Nc3ncc4c5ccncc5n(C5CCC5)c4n3)nn2)CC1,7.568636235841012,True,<rdkit.Chem.rdchem.Mol object at 0x735c78fbcac0>
CHEMBL3668474,CDK9,27.0,nM,Fc1ccc(CNc2ccc(Cl)c(-c3ccnc4[nH]c(C5CCCNC5)cc34)n2)cc1,7.568636235841012,True,<rdkit.Chem.rdchem.Mol object at 0x735c78fbccf0>
CHEMBL3237447,CDK4,27.0,nM,N#Cc1nccc2c3cnc(Nc4ccc(N5CCNCC5)cn4)nc3n(C3CCCC3)c12,7.568636235841012,True,<rdkit.Chem.rdchem.Mol object at 0x735c78fbdd20>
CHEMBL5817923,CDK6,27.0,nM,Fc1cnc(Nc2ccc(N3CCCNCC3)cn2)nc1-c1cc(F)c2c(c1)N(C1CCCC1)CCO2,7.568636235841012,True,<rdkit.Chem.rdchem.Mol object at 0x735c78fc84a0>
CHEMBL3960058,CDK9,27.0,nM,CN1Cc2c(C3=CCNCC3)[nH]c3ncc(F)c(c23)-c2cc(F)ccc21,7.568636235841012,True,<rdkit.Chem.rdchem.Mol object at 0x735c78fc8660>
CHEMBL491447,CDK2,27.0,nM,Cn1cc(C2=C(c3coc4cc(CO)ccc34)C(=O)NC2=O)c2cccc(CO)c21,7.568636235841012,True,<rdkit.Chem.rdchem.Mol object at 0x735c78fc8740>
CHEMBL3648084,CDK1,27.0,nM,CCOC(=O)N=S(C)(=O)c1ccc(Nc2ncc(Br)c(N[C@H](C)C(C)(C)O)n2)cc1,7.568636235841012,True,<rdkit.Chem.rdchem.Mol object at 0x735c78fc9d20>
CHEMBL6064282,CDK9,27.0,nM,O=C(Nc1cc(-c2ccc3ncn(Cc4cccs4)c3c2)c(Cl)cn1)[C@@H]1CCCNC1,7.568636235841012,True,<rdkit.Chem.rdchem.Mol object at 0x735c78fcace0>
CHEMBL3663768,CDK9,27.0,nM,COc1ccccc1-c1ccnc2[nH]c(C3CCNCC3)cc12,7.568636235841012,True,<rdkit.Chem.rdchem.Mol object at 0x735c78fcb220>
CHEMBL3668510,CDK9,27.0,nM,COc1ccc(F)cc1-c1ccnc2[nH]c(C3=CCN(C(=O)NC#N)CC3)cc12,7.568636235841012,True,<rdkit.Chem.rdchem.Mol object at 0x735c78fcb3e0>
CHEMBL5945627,CDK1,27.0,nM,CN1CCN(C(=O)c2ccc(Nc3ncc4cc5n(c4n3)C3(CCCCC3)C(=O)NC5O)cc2)CC1,7.568636235841012,True,<rdkit.Chem.rdchem.Mol object at 0x735c78fcb450>
CHEMBL3702204,CDK6,27.0,nM,O[C@@H]1CCN(c2ccc(Nc3ncc4c5ccccc5n(C5CCCC5)c4n3)nc2)C1,7.568636235841012,True,<rdkit.Chem.rdchem.Mol object at 0x735c78fcb4c0>
CHEMBL3691617,CDK4,27.0,nM,CN(C)C(=O)c1cc2cnc(Nc3ccc(N4CC5CC5(N)C4)cn3)nc2n1C1CCCC1,7.568636235841012,True,<rdkit.Chem.rdchem.Mol object at 0x735c78fcb5a0>
CHEMBL3702174,CDK4,27.0,nM,NC1[C@H]2CN(c3ccc(Nc4ncc5c6ccncc6n(C6CCCC6)c5n4)nn3)C[C@@H]12,7.568636235841012,True,<rdkit.Chem.rdchem.Mol object at 0x735c78fcb6f0>
CHEMBL3648119,CDK1,27.0,nM,COC[C@H](Nc1nc(Nc2ccc(S(C)(=N)=O)cc2)ncc1Br)[C@H](C)O,7.568636235841012,True,<rdkit.Chem.rdchem.Mol object at 0x735c78fcb840>
CHEMBL6041395,CDK9,27.0,nM,O=C(Nc1cc(-c2ccc3ncn(Cc4cccc(F)c4)c3c2)c(Cl)cn1)[C@@H]1CCCNC1,7.568636235841012,True,<rdkit.Chem.rdchem.Mol object at 0x735c78fcb920>
CHEMBL6148199,CDK6,27.0,nM,CC(=O)N1CCC2(CC1)CC(=O)c1ccc(-c3nc(Nc4ccc(N5CCOCC5)cn4)ncc3F)cc1O2,7.568636235841012,True,<rdkit.Chem.rdchem.Mol object at 0x735c78fcba00>
CHEMBL3648105,CDK2,27.0,nM,CCC(Sc1nc(Nc2ccc(S(C)(=N)=O)cc2)ncc1Br)C(C)(C)O,7.568636235841012,True,<rdkit.Chem.rdchem.Mol object at 0x735c78fcbca0>
CHEMBL3702155,CDK6,27.0,nM,C[C@@H]1CN(c2ccc(Nc3ncc4c5ccnc(F)c5n(C5CCCC5)c4n3)nn2)CCN1,7.568636235841012,True,<rdkit.Chem.rdchem.Mol object at 0x735c78fc8040>
CHEMBL3673522,CDK9,27.0,nM,O=C(CO)N1CCC(c2cc3c(-c4cncc(OCc5cccc(F)c5)n4)ccnc3[nH]2)CC1,7.568636235841012,True,<rdkit.Chem.rdchem.Mol object at 0x735c78fc8270>
CHEMBL5953254,CDK2,27.6,nM,Cc1nc2c(F)cc(-c3nc(Nc4ccc5c(n4)CCN(CCN(C)CCP(=O)(O)O)C5)ncc3F)cc2n1C(C)(C)C,7.559090917934782,True,<rdkit.Chem.rdchem.Mol object at 0x735c78fc82e0>
CHEMBL4212542,CDK6,28.0,nM,CCN1CCN(Cc2ccc(Nc3ncc(F)c(-c4cc(F)c5nc6n(c5c4)C(C)CC6)n3)nc2)CC1,7.552841968657781,True,<rdkit.Chem.rdchem.Mol object at 0x735c78fc8350>
CHEMBL3668395,CDK9,28.0,nM,COc1ccc(F)cc1-c1ccnc2[nH]c([C@H]3CC[C@H](NCC(O)CO)CC3)cc12,7.552841968657781,True,<rdkit.Chem.rdchem.Mol object at 0x735c78fc83c0>
CHEMBL524266,CDK9,28.0,nM,Nc1nccc(-c2cc3c([nH]2)[C@@H](CCF)CNC3=O)n1,7.552841968657781,True,<rdkit.Chem.rdchem.Mol object at 0x735c78fc8580>
CHEMBL272668,CDK2,28.0,nM,NS(=O)(=O)c1ccc(N/C=C2\C(=O)Nc3ccc(C(=O)O)cc32)cc1,7.552841968657781,True,<rdkit.Chem.rdchem.Mol object at 0x735c78fc87b0>
CHEMBL3668496,CDK9,28.0,nM,COc1ccc(F)cc1-c1ccnc2[nH]c(C3=CCN(CC(N)=O)CC3)cc12,7.552841968657781,True,<rdkit.Chem.rdchem.Mol object at 0x735c78fc8820>
CHEMBL5956855,CDK6,28.0,nM,CC(C)N1CCOc2c(F)cc(-c3nc(Nc4ccc(N5CCC(CN)CC5)cn4)ncc3F)cc21,7.552841968657781,True,<rdkit.Chem.rdchem.Mol object at 0x735c78fc8a50>
CHEMBL4542247,CDK9,28.0,nM,Cc1nc2c(F)cc(-c3nc(Nc4ccc5c(n4)CCN(CCN(C)C)C5)ncc3F)cc2n1C1(C)CC1,7.552841968657781,True,<rdkit.Chem.rdchem.Mol object at 0x735c78fc8f20>
CHEMBL6020892,CDK9,28.0,nM,O=C(Nc1cc(-c2cnn3c2CCCC3)c(Cl)cn1)[C@H]1CCC[C@@H](NC(=O)[C@H]2CCOC2)C1,7.552841968657781,True,<rdkit.Chem.rdchem.Mol object at 0x735c78fc90e0>
CHEMBL3668516,CDK9,28.0,nM,CNC(=O)N1CC=C(c2[nH]c3nccc(-c4cc(F)ccc4OC)c3c2C#N)CC1,7.552841968657781,True,<rdkit.Chem.rdchem.Mol object at 0x735c78fc9310>
CHEMBL3702243,CDK6,28.0,nM,CC1(C)CN(c2ccc(Nc3ncc4c5ccncc5n(C5CCC5)c4n3)nc2)CCN1,7.552841968657781,True,<rdkit.Chem.rdchem.Mol object at 0x735c78fc9460>
CHEMBL2029908,CDK1,28.0,nM,CN1CCN(C(=O)c2cc(Nc3ncc4cc(-c5cnco5)n(C5CCCC5)c4n3)cn2C)CC1,7.552841968657781,True,<rdkit.Chem.rdchem.Mol object at 0x735c78fc94d0>
CHEMBL368215,CDK1,28.0,nM,CCn1cnc2c(Nc3cccc(C(F)(F)F)c3)nc(N[C@H]3CC[C@H](O)CC3)nc21,7.552841968657781,True,<rdkit.Chem.rdchem.Mol object at 0x735c78fc9540>
CHEMBL5902314,CDK6,28.0,nM,CC(C)N1CCOc2c(F)cc(-c3nc(Nc4ccc5c(c4)C(=O)NCC5)ncc3F)cc21,7.552841968657781,True,<rdkit.Chem.rdchem.Mol object at 0x735c78fc9850>
CHEMBL3648087,CDK2,28.0,nM,CCOC(=O)N=S(C)(=O)c1ccc(Nc2ncc(Br)c(N[C@@H](COC)[C@H](C)O)n2)cc1,7.552841968657781,True,<rdkit.Chem.rdchem.Mol object at 0x735c78fc99a0>
CHEMBL3673514,CDK9,28.0,nM,OCC(O)CN1CCC(c2cc3c(-c4cncc(NCc5ccccc5)n4)ccnc3[nH]2)CC1,7.552841968657781,True,<rdkit.Chem.rdchem.Mol object at 0x735c78fc9cb0>
CHEMBL3642028,CDK6,28.0,nM,CCN(CCO)C1CCN(c2ccc(Nc3ncc4c5ccncc5n(C5CCCC5)c4n3)nc2)CC1,7.552841968657781,True,<rdkit.Chem.rdchem.Mol object at 0x735c78fc9e70>
CHEMBL495558,CDK2,28.0,nM,CC(C)(C)c1cnc(CSc2cnc(NC3CCCC(O)C3)s2)o1,7.552841968657781,True,<rdkit.Chem.rdchem.Mol object at 0x735c78fc9ee0>
CHEMBL3955479,CDK9,28.0,nM,CN1Cc2c(C3=C[C@H](CO)NCC3)[nH]c3nccc(c23)-c2cc(F)ccc21,7.552841968657781,True,<rdkit.Chem.rdchem.Mol object at 0x735c78fca030>
CHEMBL5815755,CDK9,28.0,nM,CCN1CCC(CCNc2cc(-c3ccc4ncn(Cc5cccc(F)c5)c4c3)c(Cl)cn2)CC1,7.552841968657781,True,<rdkit.Chem.rdchem.Mol object at 0x735c78fca0a0>
CHEMBL255718,CDK1,28.0,nM,O=C(Cc1ccc(O)cc1)Nc1n[nH]c2ccc(N3CCCS3(=O)=O)cc12,7.552841968657781,True,<rdkit.Chem.rdchem.Mol object at 0x735c78fca260>
CHEMBL3904602,CDK9,28.0,nM,CC(C)N1CCN(c2ccc(Nc3ncc4cc5n(c4n3)C3(CCCCC3)CNC5=O)nc2)CC1,7.552841968657781,True,<rdkit.Chem.rdchem.Mol object at 0x735c78fca5e0>
CHEMBL79356,CDK2,28.0,nM,NCC[S+]([O-])c1cc(-c2ccc[nH]2)c2c3c(ccc(F)c13)NC2=O,7.552841968657781,True,<rdkit.Chem.rdchem.Mol object at 0x735c78fca6c0>
CHEMBL3668433,CDK9,28.0,nM,CN1CCC(c2cc3c(-c4nc(NCc5ccc(C(N)=O)cc5)ccc4Cl)ccnc3[nH]2)CC1,7.552841968657781,True,<rdkit.Chem.rdchem.Mol object at 0x735c78fca810>
CHEMBL172140,CDK1,28.0,nM,CCn1cnc2c(Nc3cccc(C#N)c3)nc(N[C@H]3CC[C@H](O)CC3)nc21,7.552841968657781,True,<rdkit.Chem.rdchem.Mol object at 0x735c78fc9380>
CHEMBL5527848,CDK9,28.01,nM,CC(C)c1cnn2c(NCc3ccc(NC(=O)C4(F)CC4)cc3)nc(NC3CCOCC3)nc12,7.552686891176432,True,<rdkit.Chem.rdchem.Mol object at 0x735c78fca730>
CHEMBL5894670,CDK2,28.2,nM,Cc1nc2c(F)cc(-c3nc(Nc4ccc5c(n4)CCN(C(=O)NCCO)C5)ncc3F)cc2n1C(C)C,7.549750891680639,True,<rdkit.Chem.rdchem.Mol object at 0x735c78fcb680>
CHEMBL5856237,CDK2,28.3,nM,Cc1nc2c(F)cc(-c3nc(Nc4ccc5c(n4)CCN(C(=O)[C@@H](C)N(C)C)C5)ncc3F)cc2n1C(C)C,7.548213564475709,True,<rdkit.Chem.rdchem.Mol object at 0x735c78fcb7d0>
CHEMBL6060984,CDK2,28.7,nM,COCC(=O)N1CCc2nc(Nc3ncc(F)c(-c4cc(F)c5nc(C)n(C(C)C)c5c4)n3)ccc2C1,7.542118103266008,True,<rdkit.Chem.rdchem.Mol object at 0x735c78fcbe60>
CHEMBL5555640,CDK9,28.9,nM,CCC(=O)Nc1ccc(CNc2nc(NC3CCN(C)CC3)nc3c(C(C)C)cnn23)cc1,7.539102157243452,True,<rdkit.Chem.rdchem.Mol object at 0x735c78fc9000>
CHEMBL114917,CDK2,29.0,nM,COc1cccc(CC(=O)Nc2cc(C3CC3)[nH]n2)c1,7.537602002101044,True,<rdkit.Chem.rdchem.Mol object at 0x735c78fc9700>
CHEMBL2426395,CDK6,29.0,nM,COc1ccc(NC(=S)NC(=O)c2cn(-c3ccccc3)nc2-c2ccc(OC)cc2)cc1,7.537602002101044,True,<rdkit.Chem.rdchem.Mol object at 0x735c78fca650>
CHEMBL385415,CDK4,29.0,nM,Oc1nc2cccc3c2nc1-c1cccc2c(O)n(nc12)CCN1CC[C@@H](C1)O3,7.537602002101044,True,<rdkit.Chem.rdchem.Mol object at 0x735c78fb2b20>
CHEMBL5978110,CDK9,29.0,nM,Cc1cnc(NC(=O)[C@H]2CCC[C@@H](NC(=O)CO)C2)cc1-c1cnn2c1CC(C)(C)C2,7.537602002101044,True,<rdkit.Chem.rdchem.Mol object at 0x735c78fb3450>
CHEMBL3237449,CDK6,29.0,nM,C[C@@H](CO)n1c2cnccc2c2cnc(Nc3ccc(N4CCNCC4)cn3)nc21,7.537602002101044,True,<rdkit.Chem.rdchem.Mol object at 0x735c78fb38b0>
CHEMBL3970723,CDK9,29.0,nM,CN1Cc2c(C3=CCNCC3)[nH]c3nccc(c23)-c2cc(F)c(F)cc21,7.537602002101044,True,<rdkit.Chem.rdchem.Mol object at 0x735c78fb0040>
CHEMBL453629,CDK1,29.0,nM,Cc1ncc(-c2ccnc(Nc3ccc(C(=O)NCCN(C)C)c(F)c3)n2)n1C(C)C,7.537602002101044,True,<rdkit.Chem.rdchem.Mol object at 0x735c78fb0190>
CHEMBL3668364,CDK9,29.0,nM,CN1CCC(c2cc3c(-c4cccc(NCc5cccnc5)n4)ccnc3[nH]2)CC1,7.537602002101044,True,<rdkit.Chem.rdchem.Mol object at 0x735c78fb0200>
CHEMBL400859,CDK1,29.0,nM,COCc1cccc2[nH]c(-c3n[nH]c4ncc(-c5cccnc5)cc34)nc12,7.537602002101044,True,<rdkit.Chem.rdchem.Mol object at 0x735c78fb0350>
CHEMBL3668417,CDK9,29.0,nM,COc1ccc(F)cc1-c1ccnc2[nH]c([C@H]3CC[C@H](NCC4CC4C(=O)O)CC3)cc12,7.537602002101044,True,<rdkit.Chem.rdchem.Mol object at 0x735c78fb0820>
CHEMBL3668388,CDK9,29.0,nM,COc1ccc(F)cc1-c1ccnc2[nH]c(C3CCN(CCNC(=O)OC(C)(C)C)C3)cc12,7.537602002101044,True,<rdkit.Chem.rdchem.Mol object at 0x735c78fb0890>
CHEMBL3668469,CDK9,29.0,nM,Clc1ccc(NCc2ccccc2)cc1-c1ccnc2[nH]c(C3CCCNC3)cc12,7.537602002101044,True,<rdkit.Chem.rdchem.Mol object at 0x735c78fb1770>
CHEMBL1794055,CDK1,29.0,nM,NS(=O)(=O)c1ccc(NC=C2C(=O)Nc3ccc4ncsc4c32)cc1,7.537602002101044,True,<rdkit.Chem.rdchem.Mol object at 0x735c78fb0270>
CHEMBL194721,CDK4,29.0,nM,FC(F)(F)c1cnc(Nc2ccc3[nH]cnc3c2)nc1Nc1ccccc1Cl,7.537602002101044,True,<rdkit.Chem.rdchem.Mol object at 0x735c78fb04a0>
CHEMBL271595,CDK1,29.0,nM,NS(=O)(=O)c1ccc(N/C=C2\C(=O)Nc3ccc4ncsc4c32)cc1,7.537602002101044,True,<rdkit.Chem.rdchem.Mol object at 0x735c78fb0970>
CHEMBL5903874,CDK6,29.0,nM,CC(C)N1CCOc2c(F)cc(-c3nc(Nc4ccc(C5CCN(C)CC5)c(C#N)n4)ncc3F)cc21,7.537602002101044,True,<rdkit.Chem.rdchem.Mol object at 0x735c78fb0ac0>
CHEMBL6148620,CDK6,29.0,nM,CC(=O)N1CCC2(CC1)CC(=O)c1ccc(-c3nc(Nc4ccc(N5CCN(C(=O)OC(C)(C)C)CC5)cn4)ncc3F)cc1O2,7.537602002101044,True,<rdkit.Chem.rdchem.Mol object at 0x735c78fb0c10>
CHEMBL402272,CDK9,29.0,nM,Nc1nccc(-c2cc3c([nH]2)CCNC3=O)n1,7.537602002101044,True,<rdkit.Chem.rdchem.Mol object at 0x735c78fb1000>
CHEMBL4786429,CDK2,29.0,nM,CN(C)C/C=C/C(=O)Nc1cccc(C(=O)Nc2ncc(SCc3ncc(C(C)(C)C)o3)s2)c1,7.537602002101044,True,<rdkit.Chem.rdchem.Mol object at 0x735c78fb1070>
CHEMBL3673505,CDK9,29.0,nM,c1cncc(CNc2cncc(-c3ccnc4[nH]c(C5CCNCC5)cc34)n2)c1,7.537602002101044,True,<rdkit.Chem.rdchem.Mol object at 0x735c78fb10e0>
CHEMBL2426394,CDK2,29.0,nM,COc1ccc(-c2nn(-c3ccccc3)cc2C(=O)NC(=S)Nc2ccc(C)cc2)cc1,7.537602002101044,True,<rdkit.Chem.rdchem.Mol object at 0x735c78fb1310>
CHEMBL3702036,CDK4,29.0,nM,CN1CCN(c2ccc(Nc3ncc4c5cc[nH]c(=O)c5n(C5CCCC5)c4n3)nn2)CC1,7.537602002101044,True,<rdkit.Chem.rdchem.Mol object at 0x735c78fb13f0>
CHEMBL3691684,CDK1,29.0,nM,CN(C)C(=O)c1cc2cnc(Nc3ccc(C(=O)N4C[C@H]5CC[C@@H](C4)N5)cn3)nc2n1C1CCCC1,7.537602002101044,True,<rdkit.Chem.rdchem.Mol object at 0x735c78fb1460>
CHEMBL5753246,CDK9,29.0,nM,CC1(C(=O)N[C@@H]2CCC[C@H](C(=O)Nc3cc(-c4cnn5c4CCCC5)c(Cl)cn3)C2)COC1,7.537602002101044,True,<rdkit.Chem.rdchem.Mol object at 0x735c78fb15b0>
CHEMBL565137,CDK2,29.0,nM,CNC(=O)c1nn(C)c2c1C(C)(C)Cc1cnc(Nc3ccc(OC4CCN(C)CC4)cc3)nc1-2,7.537602002101044,True,<rdkit.Chem.rdchem.Mol object at 0x735c78fb1620>
CHEMBL6161170,CDK6,29.0,nM,CN1CCN(c2ccc(Nc3ncc(F)c(-c4ccc5c(c4)OC4(CCN(C(=O)OC(C)(C)C)CC4)CC5=O)n3)nc2)CC1,7.537602002101044,True,<rdkit.Chem.rdchem.Mol object at 0x735c78fb17e0>
CHEMBL5900599,CDK6,29.3,nM,CCn1c(C)nc2c(F)cc(-c3nc(Nc4ccc5c(n4)CCNC5)ncc3F)cc21,7.53313237964589,True,<rdkit.Chem.rdchem.Mol object at 0x735c78fb19a0>
CHEMBL5814867,CDK2,29.6,nM,CNCC(=O)N1CCc2nc(Nc3ncc(F)c(-c4cc(F)c5nc(C)n(C(C)C)c5c4)n3)ccc2C1,7.528708288941061,True,<rdkit.Chem.rdchem.Mol object at 0x735c78fb1b60>
CHEMBL5542924,CDK9,29.66,nM,CCC(=O)Nc1ccc(CNc2nc(N[C@H](CC)CO)nc3c(C(C)C)cnn23)cc1,7.527828853307636,True,<rdkit.Chem.rdchem.Mol object at 0x735c78fb1bd0>
CHEMBL5555057,CDK9,29.85,nM,CC(=O)Nc1ccc(CNc2nc(NC3CCCNC3)nc3c(C(C)C)cnn23)cc1,7.525055664534612,True,<rdkit.Chem.rdchem.Mol object at 0x735c78fb1cb0>
CHEMBL3923572,CDK9,30.0,nM,CC[C@H]1c2c(C3=CCNCC3)[nH]c3nccc(c23)-c2cc(F)ccc2N1C,7.522878745280337,True,<rdkit.Chem.rdchem.Mol object at 0x735c78fb2500>
CHEMBL6163600,CDK6,30.0,nM,CN1CCN(c2ccc(Nc3ncc(F)c(-c4ccc5c(c4)OC4(CCN(C(=O)C6CC6)CC4)CC5=O)n3)nc2)CC1,7.522878745280337,True,<rdkit.Chem.rdchem.Mol object at 0x735c78fb2960>
CHEMBL102871,CDK1,30.0,nM,CC(C)n1cnc2c(Nc3cccc(Cl)c3)nc(NC3CCC(N)CC3)nc21,7.522878745280337,True,<rdkit.Chem.rdchem.Mol object at 0x735c78fb29d0>
CHEMBL8817,CDK1,30.0,nM,CN1CC[C@@H](c2c(O)cc(O)c3c(=O)cc(-c4ccccc4Cl)oc23)[C@@H](O)C1,7.522878745280337,True,<rdkit.Chem.rdchem.Mol object at 0x735c78fb3c30>
CHEMBL84944,CDK2,30.0,nM,CC(C)C(CO)Nc1nc(NCc2cccc(O)c2)c2ncn(C(C)C)c2n1,7.522878745280337,True,<rdkit.Chem.rdchem.Mol object at 0x735c78fb09e0>
CHEMBL3668435,CDK9,30.0,nM,CN1CCC(c2cc3c(-c4cccc(NCCO)n4)ccnc3[nH]2)CC1,7.522878745280337,True,<rdkit.Chem.rdchem.Mol object at 0x735c78fb0dd0>
CHEMBL3668455,CDK9,30.0,nM,COc1ccc(F)cc1-c1ccnc2[nH]c(C3CN(C)C3)cc12,7.522878745280337,True,<rdkit.Chem.rdchem.Mol object at 0x735c78fb12a0>
CHEMBL3938690,CDK9,30.0,nM,CNC(=O)N1CC=C(c2[nH]c3nccc4c3c2CN(C)c2ccc(F)cc2-4)CC1,7.522878745280337,True,<rdkit.Chem.rdchem.Mol object at 0x735c78fb1850>
CHEMBL3702064,CDK4,30.0,nM,CCC(C)(C)n1c2cnccc2c2cnc(Nc3ccc(N4CCNCC4)cn3)nc21,7.522878745280337,True,<rdkit.Chem.rdchem.Mol object at 0x735c7a8bdee0>
CHEMBL5777474,CDK9,30.0,nM,CN1CCC(CNc2cc(-c3ccc4ncn(Cc5cccc(F)c5)c4c3)c(Cl)cn2)CC1,7.522878745280337,True,<rdkit.Chem.rdchem.Mol object at 0x735c7a8bf990>
CHEMBL270021,CDK1,30.0,nM,O=C1NC(=O)c2c1c(-c1ccccc1Cl)cc1c2c2cc(O)c(OCCCN3CCCC3)cc2n1CCO,7.522878745280337,True,<rdkit.Chem.rdchem.Mol object at 0x735c7a8bd770>
CHEMBL3673513,CDK9,30.0,nM,CC(=O)N1CCC(c2cc3c(-c4cncc(NCc5ccccc5)n4)ccnc3[nH]2)CC1,7.522878745280337,True,<rdkit.Chem.rdchem.Mol object at 0x735c7a8be420>
CHEMBL58483,CDK2,30.0,nM,O=C1Nc2cccc(CCO)c2/C1=C/c1[nH]cc2c1CCOC2=O,7.522878745280337,True,<rdkit.Chem.rdchem.Mol object at 0x735c7a8bf140>
CHEMBL48362,CDK2,30.0,nM,CN1CCC(c2c(O)cc(O)c3c2O/C(=C\c2ccc(S(N)(=O)=O)cc2)C3=O)CC1,7.522878745280337,True,<rdkit.Chem.rdchem.Mol object at 0x735c7a8bc6d0>
CHEMBL5867014,CDK6,30.0,nM,CC(C)N1CCOc2c(F)cc(-c3nc(Nc4ccc(N5CCN(C(=O)N(C)C)CC5)cn4)ncc3F)cc21,7.522878745280337,True,<rdkit.Chem.rdchem.Mol object at 0x735c7a8bc040>
CHEMBL3642008,CDK6,30.0,nM,O[C@H]1CCCN(C2CCN(c3ccc(Nc4ncc5c6ccncc6n(C6CCCC6)c5n4)nn3)CC2)C1,7.522878745280337,True,<rdkit.Chem.rdchem.Mol object at 0x735c7a8bfb50>
CHEMBL254171,CDK2,30.0,nM,O=C(Cc1ccc(-c2ccncc2)cc1)Nc1n[nH]c2ccc(N3CCCS3(=O)=O)cc12,7.522878745280337,True,<rdkit.Chem.rdchem.Mol object at 0x735c7a8bdf50>
CHEMBL255262,CDK1,30.0,nM,O=C(Cc1cccc(F)c1)Nc1n[nH]c2ccc(N3CCCS3(=O)=O)cc12,7.522878745280337,True,<rdkit.Chem.rdchem.Mol object at 0x735c7a8be9d0>
CHEMBL2426397,CDK2,30.0,nM,COc1ccc(-c2nn(-c3ccccc3)cc2C(=O)NC(=S)Nc2ccc(Cl)cc2)cc1,7.522878745280337,True,<rdkit.Chem.rdchem.Mol object at 0x735c7a8bed50>
CHEMBL509730,CDK2,30.0,nM,CC(C)Nc1cc(N[C@H]2CC[C@H](N)CC2)nc2c(C#N)cnn12,7.522878745280337,True,<rdkit.Chem.rdchem.Mol object at 0x735c7a8bd930>
CHEMBL231950,CDK2,30.0,nM,C/C(=C1/SC(=N)NC1=O)c1ccc(-c2ccc(S(N)(=O)=O)cc2)o1,7.522878745280337,True,<rdkit.Chem.rdchem.Mol object at 0x735c7a8be650>
CHEMBL3641993,CDK6,30.0,nM,c1cc2c3cnc(Nc4ccc(N5CCC(N6CCCC6)CC5)nn4)nc3n(C3CCCC3)c2cn1,7.522878745280337,True,<rdkit.Chem.rdchem.Mol object at 0x735c7a8be6c0>
CHEMBL576257,CDK2,30.0,nM,Cc1cc(Nc2cnc(C#N)c(N[C@@H](C)c3ccc(F)cn3)n2)n[nH]1,7.522878745280337,True,<rdkit.Chem.rdchem.Mol object at 0x735c7a8bceb0>
CHEMBL5771470,CDK9,30.0,nM,Cc1nc2ccc(-c3cc(NC(=O)[C@@H]4CCCNC4)ncc3Cl)cc2n1Cc1cccc(F)c1,7.522878745280337,True,<rdkit.Chem.rdchem.Mol object at 0x735c7a8bf450>
CHEMBL5934647,CDK6,30.0,nM,CC(C)N1CCOc2c(F)cc(-c3nc(Nc4cccc5c4CCNC5)ncc3F)cc21,7.522878745280337,True,<rdkit.Chem.rdchem.Mol object at 0x735c7a8bf7d0>
CHEMBL428690,CDK1,30.0,nM,CN1CC[C@H](c2c(O)cc(O)c3c(=O)cc(-c4ccccc4Cl)oc23)[C@H](O)C1,7.522878745280337,True,<rdkit.Chem.rdchem.Mol object at 0x735c7a8bd7e0>
CHEMBL1922219,CDK2,30.0,nM,CC[C@H](Nc1nc(NCc2cccnc2)c2ncn(C(C)C)c2n1)[C@@H](C)O,7.522878745280337,True,<rdkit.Chem.rdchem.Mol object at 0x735c7a8bde00>
CHEMBL3698660,CDK4,30.0,nM,c1ccc2c(c1)CCC2n1c2cnccc2c2cnc(Nc3ccc(N4CCNCC4)cn3)nc21,7.522878745280337,True,<rdkit.Chem.rdchem.Mol object at 0x735c7a8bc4a0>
CHEMBL3691589,CDK4,30.0,nM,CN(C)C(=O)c1cc2cnc(Nc3ccc(C(=O)N4CC5CNCC(C4)O5)cn3)nc2n1C1CCCC1,7.522878745280337,True,<rdkit.Chem.rdchem.Mol object at 0x735c7a8bc510>
CHEMBL3702203,CDK6,30.0,nM,CC1CN(c2ccc(Nc3ncc4c5ccccc5n(C5CCCC5)c4n3)nc2)CC(C)N1,7.522878745280337,True,<rdkit.Chem.rdchem.Mol object at 0x735c7a8beb20>
CHEMBL3668362,CDK9,30.0,nM,c1cc(NCC2CCOCC2)nc(-c2ccnc3[nH]c(C4CCNCC4)cc23)c1,7.522878745280337,True,<rdkit.Chem.rdchem.Mol object at 0x735c7a8bc350>
CHEMBL177138,CDK1,30.0,nM,CCn1cnc2c(Nc3cccc(Cl)c3)nc(N[C@H]3CC[C@H](O)CC3)nc21,7.522878745280337,True,<rdkit.Chem.rdchem.Mol object at 0x735c7a8be260>
CHEMBL3668486,CDK9,30.0,nM,COc1ccc(F)cc1-c1ccnc2[nH]c(C3=CCN(S(N)(=O)=O)CC3)cc12,7.522878745280337,True,<rdkit.Chem.rdchem.Mol object at 0x735c7a8bf760>
CHEMBL574737,CDK2,30.0,nM,CN[C@@H]1C[C@H]2O[C@@](C)([C@@H]1OC)n1c3ccccc3c3c4c(c5c6ccccc6n2c5c31)C(=O)N[C@H]4O,7.522878745280337,True,<rdkit.Chem.rdchem.Mol object at 0x735c7a8bf610>
CHEMBL3927462,CDK9,30.0,nM,CN1Cc2c(C3=CCN[C@@H](CO)C3)[nH]c3nccc(c23)-c2cc(F)ccc21,7.522878745280337,True,<rdkit.Chem.rdchem.Mol object at 0x735c7a8be180>
CHEMBL5287796,CDK9,30.0,nM,COc1cc(O)c2c(=O)cc(-c3ccc(N4CCN(C)CC4)cc3)oc2c1N1CCNCC1,7.522878745280337,True,<rdkit.Chem.rdchem.Mol object at 0x735c7a8bd5b0>
CHEMBL5532122,CDK9,30.17,nM,CC[C@H](CO)Nc1nc(NCc2ccc(NC(C)=O)cc2)n2ncc(C(C)C)c2n1,7.5204246898250116,True,<rdkit.Chem.rdchem.Mol object at 0x735c7a8bd540>
CHEMBL4448494,CDK9,30.3,nM,Cc1nc2c(F)cc(-c3nc(Nc4ccc5c(n4)CCN(CCN(C)C)C5)ncc3F)cc2n1C(C)C,7.518557371497695,True,<rdkit.Chem.rdchem.Mol object at 0x735c7a8be490>
CHEMBL3698667,CDK6,30.4,nM,c1cc2c3cnc(Nc4ccc(N5CCNCC5)cn4)nc3n(CC3CCCCC3)c2cn1,7.517126416391246,True,<rdkit.Chem.rdchem.Mol object at 0x735c7a8bda80>
CHEMBL5826084,CDK6,30.6,nM,CN(C)C(=O)c1cc2cnc(Nc3ccc(C4=CCNCC4)cn3)nc2n1C1CCCC1,7.514278573518419,True,<rdkit.Chem.rdchem.Mol object at 0x735c7a8bdd90>
CHEMBL5950534,CDK2,30.7,nM,Cc1nc2c(F)cc(-c3nc(Nc4ccc5c(n4)C[C@@H](C)NC5)ncc3F)cc2n1C(C)(C)C,7.512861624522813,True,<rdkit.Chem.rdchem.Mol object at 0x735c7a8bce40>
CHEMBL3673508,CDK9,31.0,nM,O=C(CO)N1CCC(c2cc3c(-c4cncc(NCc5cc(F)cc(F)c5)n4)ccnc3[nH]2)CC1,7.508638306165727,True,<rdkit.Chem.rdchem.Mol object at 0x735c7a8bd230>
CHEMBL5209307,CDK2,31.0,nM,CCCc1cnc(NC(=O)[C@@H](C)c2ccc(NC(C)=O)cc2)s1,7.508638306165727,True,<rdkit.Chem.rdchem.Mol object at 0x735c7a8c0120>
CHEMBL3702089,CDK6,31.0,nM,Cn1c(=O)ccc2c3cnc(Nc4ccc(N5CCNCC5)cn4)nc3n(C3CCCC3)c21,7.508638306165727,True,<rdkit.Chem.rdchem.Mol object at 0x735c7a8c3300>
CHEMBL3668419,CDK9,31.0,nM,COc1ccc(F)cc1-c1ccnc2[nH]c(C3CCN(C(=O)CN4CCC(O)CC4)CC3)cc12,7.508638306165727,True,<rdkit.Chem.rdchem.Mol object at 0x735c7a8c1000>
CHEMBL367625,CDK1,31.0,nM,CCn1cnc2c(Nc3cccc(Cl)c3)nc(N[C@@H]3CCCC[C@@H]3N)nc21,7.508638306165727,True,<rdkit.Chem.rdchem.Mol object at 0x735c7a8c3840>
CHEMBL564884,CDK2,31.0,nM,CNC(=O)c1nn(C)c2c1C(C)(C)Cc1cnc(Nc3cccc(N4CCN(C)CC4)c3)nc1-2,7.508638306165727,True,<rdkit.Chem.rdchem.Mol object at 0x735c7a8c0040>
CHEMBL3673502,CDK9,31.0,nM,c1cc(-c2cncc(NCC3CCOCC3)n2)c2cc(C3CCNCC3)[nH]c2n1,7.508638306165727,True,<rdkit.Chem.rdchem.Mol object at 0x735c7a8c2dc0>
CHEMBL391229,CDK1,31.0,nM,O=C1Nc2ccc3ncsc3c2/C1=C/Nc1ccc2c(c1)CS(=O)(=O)C2,7.508638306165727,True,<rdkit.Chem.rdchem.Mol object at 0x735c7a8c0270>
CHEMBL171891,CDK1,31.0,nM,CCn1cnc2c(Nc3ccc(F)cc3)nc(N[C@H]3CC[C@H](N)CC3)nc21,7.508638306165727,True,<rdkit.Chem.rdchem.Mol object at 0x735c7a8c1c40>
CHEMBL3663762,CDK9,31.0,nM,COc1cccnc1-c1ccnc2[nH]c(C3CCNCC3)cc12,7.508638306165727,True,<rdkit.Chem.rdchem.Mol object at 0x735c7a8c2f10>
CHEMBL2158854,CDK2,31.0,nM,NS(=O)(=O)c1cccc(Nc2nccc(-c3ccnc(N4C5CCC4COC5)c3)n2)c1,7.508638306165727,True,<rdkit.Chem.rdchem.Mol object at 0x735c7a8c3bc0>
CHEMBL2143507,CDK2,31.0,nM,CC(=O)Nc1ccc(C(C)C(=O)Nc2ncc(C(C)C)s2)cc1,7.508638306165727,True,<rdkit.Chem.rdchem.Mol object at 0x735c7a8c1690>
CHEMBL1800451,CDK1,31.0,nM,CCc1cc(-c2cc(N3C[C@H](O)[C@@H](O)C3)ccc2O)nc(N)n1,7.508638306165727,True,<rdkit.Chem.rdchem.Mol object at 0x735c7a8c2730>
CHEMBL1800457,CDK1,31.0,nM,Nc1nc(-c2cc(N3C[C@H](O)[C@@H](O)C3)ccc2O)cc(C2CCCCCC2)n1,7.508638306165727,True,<rdkit.Chem.rdchem.Mol object at 0x735c7a8c2650>
CHEMBL3702201,CDK4,31.0,nM,CN1CCN(c2ccc(Nc3ncc4c5ccccc5n(C5CCCC5)c4n3)nn2)CC1,7.508638306165727,True,<rdkit.Chem.rdchem.Mol object at 0x735c7a8c21f0>
CHEMBL3702203,CDK4,31.0,nM,CC1CN(c2ccc(Nc3ncc4c5ccccc5n(C5CCCC5)c4n3)nc2)CC(C)N1,7.508638306165727,True,<rdkit.Chem.rdchem.Mol object at 0x735c7a8c19a0>
CHEMBL6018285,CDK6,31.0,nM,CC(C)N1CCOc2c(F)cc(-c3nc(Nc4ccc(N5CCC(CCO)CC5)cn4)ncc3F)cc21,7.508638306165727,True,<rdkit.Chem.rdchem.Mol object at 0x735c7a8c3760>
CHEMBL5980280,CDK1,31.0,nM,CN1CCN(S(=O)(=O)c2ccc(Nc3ncc4cc5n(c4n3)C3(CCCCC3)CC(=O)N5)cc2)CC1,7.508638306165727,True,<rdkit.Chem.rdchem.Mol object at 0x735c7a8c2880>
CHEMBL5813628,CDK4,31.0,nM,COc1nc(Nc2ncc(F)c(-c3cc(F)c4c(c3)N(C(C)C)CCO4)n2)ccc1C1CCN(C)CC1,7.508638306165727,True,<rdkit.Chem.rdchem.Mol object at 0x735c7a8c3610>
CHEMBL3698700,CDK6,31.0,nM,c1cc2c3cnc(Nc4ccc(NC5CCNCC5)cn4)nc3n(C3CCCC3)c2cn1,7.508638306165727,True,<rdkit.Chem.rdchem.Mol object at 0x735c7a8c13f0>
CHEMBL5763679,CDK2,31.1,nM,Cc1nc2c(F)cc(-c3nc(Nc4ccc5c(n4)CCN(C(=O)CN4CCOCC4)C5)ncc3F)cc2n1C(C)C,7.507239610973162,True,<rdkit.Chem.rdchem.Mol object at 0x735c7a8c1070>
CHEMBL3684981,CDK4,31.3,nM,CC1CNCc2ccc(Nc3ncc4c5ccncc5n([C@H]5CC[C@H](C)CC5)c4n3)nc21,7.504455662453552,True,<rdkit.Chem.rdchem.Mol object at 0x735c7a8c3290>
CHEMBL5505818,CDK9,31.51,nM,CCC(=O)Nc1ccc(CNc2nc(O[C@H]3CCCNC3)nc3c(C(C)C)cnn23)cc1,7.501551596826,True,<rdkit.Chem.rdchem.Mol object at 0x735c7a8c3a70>
CHEMBL4796617,CDK9,31.7,nM,COc1ccc(-c2ccnc(Nc3ccc4c(c3)N(C(C)C)[C@H](C)C(=O)N4C)n2)cc1,7.498940737782249,True,<rdkit.Chem.rdchem.Mol object at 0x735c7a8c1150>
CHEMBL5834517,CDK2,31.9,nM,CC(=O)N1CCc2nc(Nc3ncc(F)c(-c4cc(F)c5nc(C)n(C(C)C)c5c4)n3)ccc2C1,7.496209316942819,True,<rdkit.Chem.rdchem.Mol object at 0x735c7a8c03c0>
CHEMBL174773,CDK1,32.0,nM,CCn1cnc2c(Nc3cccc(F)c3)nc(N[C@H]3CC[C@H](O)CC3)nc21,7.494850021680094,True,<rdkit.Chem.rdchem.Mol object at 0x735c7a8c2960>
CHEMBL370316,CDK1,32.0,nM,Fc1ccc(Oc2nc(Nc3ccc4[nH]cnc4c3)ncc2C(F)(F)F)cc1,7.494850021680094,True,<rdkit.Chem.rdchem.Mol object at 0x735c7a8c1a80>
CHEMBL1241566,CDK2,32.0,nM,Cc1ccc(F)c(Nc2nccc(-c3ccc(S(N)(=O)=O)cc3)n2)c1,7.494850021680094,True,<rdkit.Chem.rdchem.Mol object at 0x735c7a8c3ae0>
CHEMBL3691680,CDK4,32.0,nM,CN(C)C(=O)c1cc2cnc(Nc3ccc(N4CC5COCC(CC4=O)N5)cn3)nc2n1C1CCCC1,7.494850021680094,True,<rdkit.Chem.rdchem.Mol object at 0x735c7a8c1230>
CHEMBL3702164,CDK4,32.0,nM,COc1cc(-c2ccc(Nc3ncc4c5ccncc5n(C5CCCC5)c4n3)nn2)ccn1,7.494850021680094,True,<rdkit.Chem.rdchem.Mol object at 0x735c7a8c0660>
CHEMBL5965360,CDK6,32.0,nM,CC(C)N1CCOc2c(F)cc(-c3nc(Nc4cc(F)c(N5CCNCC5)cc4F)ncc3F)cc21,7.494850021680094,True,<rdkit.Chem.rdchem.Mol object at 0x735c7a8cadc0>
CHEMBL5775776,CDK2,32.0,nM,Cc1nc2c(F)cc(-c3nc(Nc4ccc5c(n4)CCN(CCN4CC=C(B(O)O)CC4)C5)ncc3F)cc2n1C(C)(C)C,7.494850021680094,True,<rdkit.Chem.rdchem.Mol object at 0x735c7a8c8b30>
CHEMBL3668512,CDK9,32.0,nM,COc1ccc(F)cc1-c1ccnc2[nH]c(C3CCN(CC(N)=O)CC3)cc12,7.494850021680094,True,<rdkit.Chem.rdchem.Mol object at 0x735c7a8c9690>
CHEMBL102926,CDK2,32.0,nM,Cc1nc2ccccn2c1-c1ccnc(Nc2ccc(OCC(O)CN(C)C)cc2)n1,7.494850021680094,True,<rdkit.Chem.rdchem.Mol object at 0x735c7a8c8a50>
CHEMBL2426396,CDK2,32.0,nM,COc1ccc(-c2nn(-c3ccccc3)cc2C(=O)NC(=S)Nc2ccc(F)cc2)cc1,7.494850021680094,True,<rdkit.Chem.rdchem.Mol object at 0x735c7a8c9af0>
CHEMBL3642646,CDK2,32.0,nM,Fc1ccccc1-c1cc(NCc2ccncc2)n2ncc(Br)c2n1,7.494850021680094,True,<rdkit.Chem.rdchem.Mol object at 0x735c7a8c8740>
CHEMBL3641948,CDK4,32.0,nM,CN(C)C1CCN(c2ccc(Nc3ncc4c5ccncc5n([C@@H]5CCOC5)c4n3)nc2)CC1,7.494850021680094,True,<rdkit.Chem.rdchem.Mol object at 0x735c7a8c9620>
CHEMBL5947385,CDK2,32.3,nM,C=CC(=O)N1CCc2nc(Nc3ncc(F)c(-c4cc(F)c5nc(C)n(C(C)C)c5c4)n3)ccc2C1,7.490797477668897,True,<rdkit.Chem.rdchem.Mol object at 0x735c7a8c97e0>
CHEMBL6065929,CDK9,33.0,nM,O=C1CC2(C1)CC(C(=O)Nc1cc(-c3ccc4ncn(Cc5cccc(F)c5)c4c3)c(Cl)cn1)C2,7.481486060122112,True,<rdkit.Chem.rdchem.Mol object at 0x735c7a8c9a80>
CHEMBL4458266,CDK6,33.0,nM,Cc1nc2c(F)cc(-c3nc(Nc4ccc5c(n4)CCN(CCN(C)C)C5)ncc3F)cc2n1C,7.481486060122112,True,<rdkit.Chem.rdchem.Mol object at 0x735c7a8ca9d0>
CHEMBL2426391,CDK6,33.0,nM,COc1ccc(NC(=S)NC(=O)c2cn(-c3ccccc3)nc2-c2ccc(F)cc2)cc1,7.481486060122112,True,<rdkit.Chem.rdchem.Mol object at 0x735c7a8cab90>
CHEMBL392775,CDK1,33.0,nM,Cc1cc(N2CCCS2(=O)=O)c2oc(-c3ccc(O)c(Cl)c3)c(O)c(=O)c2c1,7.481486060122112,True,<rdkit.Chem.rdchem.Mol object at 0x735c7a8caf10>
CHEMBL6147415,CDK6,33.0,nM,CC(=O)N1CCC2(CC1)CC(=O)c1ccc(-c3nc(Nc4ccc(N5CCN(C(=O)C(F)(F)F)CC5)cn4)ncc3F)cc1O2,7.481486060122112,True,<rdkit.Chem.rdchem.Mol object at 0x735c7a8cb140>
CHEMBL6042107,CDK9,33.0,nM,Fc1cccc(Cn2cnc3ccc(-c4cc(NCCC5CCCN5)ncc4Cl)cc32)c1,7.481486060122112,True,<rdkit.Chem.rdchem.Mol object at 0x735c7a8cb1b0>
CHEMBL3668464,CDK9,33.0,nM,COc1ccc(F)cc1-c1ccnc2[nH]c(C3CCCCNC3)cc12,7.481486060122112,True,<rdkit.Chem.rdchem.Mol object at 0x735c7a8cb450>
CHEMBL3668495,CDK9,33.0,nM,COc1ccc(F)cc1-c1ccnc2[nH]c(C3=CCN(CC(=O)O)CC3)cc12,7.481486060122112,True,<rdkit.Chem.rdchem.Mol object at 0x735c7a8c8820>
CHEMBL1241662,CDK2,33.0,nM,Nc1nc2ccc(C(=O)c3c(F)cccc3Cl)cc2n1Cc1c(F)cccc1F,7.481486060122112,True,<rdkit.Chem.rdchem.Mol object at 0x735c7a8c8d60>
CHEMBL183941,CDK2,33.0,nM,Nc1nc2ccc(C(=O)c3c(F)cccc3Cl)cn2c1C(=O)c1c(F)cccc1F,7.481486060122112,True,<rdkit.Chem.rdchem.Mol object at 0x735c7a8c8970>
CHEMBL3668465,CDK9,33.0,nM,Fc1ccc(NCc2ccccc2)cc1-c1c(Cl)cnc2[nH]c(C3CCNCC3)cc12,7.481486060122112,True,<rdkit.Chem.rdchem.Mol object at 0x735c7a8caa40>
CHEMBL3648100,CDK2,33.0,nM,CCC(C)Sc1nc(Nc2ccc(S(C)(=N)=O)cc2)ncc1Br,7.481486060122112,True,<rdkit.Chem.rdchem.Mol object at 0x735c7a8caab0>
CHEMBL3663779,CDK9,33.0,nM,Fc1ccccc1CNc1ccc(Cl)c(-c2ccnc3[nH]c(C4CCNCC4)cc23)n1,7.481486060122112,True,<rdkit.Chem.rdchem.Mol object at 0x735c7a8c86d0>
CHEMBL3663753,CDK9,33.0,nM,Clc1ccc(NCc2ccccc2)nc1-c1ccnc2[nH]c(C3CCCNC3)cc12,7.481486060122112,True,<rdkit.Chem.rdchem.Mol object at 0x735c7a8ca730>
CHEMBL5843253,CDK9,33.0,nM,Fc1cccc(Cn2cnc3ccc(-c4cc(NC5CC6(CCCNC6)C5)ncc4Cl)cc32)c1,7.481486060122112,True,<rdkit.Chem.rdchem.Mol object at 0x735c7a8c9bd0>
CHEMBL5834528,CDK1,33.0,nM,NS(=O)(=O)c1ccc(Nc2ncc3cc4n(c3n2)C2(CCCCC2)C(=O)NN4)cc1,7.481486060122112,True,<rdkit.Chem.rdchem.Mol object at 0x735c7a8cb6f0>
CHEMBL3702054,CDK6,33.0,nM,COc1nccc2c3cnc(Nc4ccc(N5CCC(N(C)C)CC5)cn4)nc3n(C3CCCC3)c12,7.481486060122112,True,<rdkit.Chem.rdchem.Mol object at 0x735c7a8cb290>
CHEMBL57256,CDK2,33.0,nM,CN(C)S(=O)(=O)c1ccc2c(c1)/C(=C/c1[nH]cc3c1CCOC3=O)C(=O)N2,7.481486060122112,True,<rdkit.Chem.rdchem.Mol object at 0x735c7a8cb7d0>
CHEMBL3940661,CDK2,33.0,nM,CS(=N)(=O)c1ccc(Nc2ncc(Br)c(Nc3ccccc3)n2)cc1,7.481486060122112,True,<rdkit.Chem.rdchem.Mol object at 0x735c7a8cbf40>
CHEMBL6150585,CDK6,33.0,nM,CC(=O)N1CCC2(CC1)CC(=O)c1ccc(-c3nc(Nc4ccc(N5CCNCC5)cn4)ncc3F)cc1O2,7.481486060122112,True,<rdkit.Chem.rdchem.Mol object at 0x735c7a8c9e00>
CHEMBL5932925,CDK1,33.0,nM,CC1C(=O)N(C)c2cc3cnc(Nc4ccc(S(N)(=O)=O)cc4)nc3n2C12CCCCC2,7.481486060122112,True,<rdkit.Chem.rdchem.Mol object at 0x735c7a8cbe60>
CHEMBL3641971,CDK4,33.0,nM,C[C@H](O)Cn1c2cnccc2c2cnc(Nc3ccc(N4CCNC(C)(C)C4)nn3)nc21,7.481486060122112,True,<rdkit.Chem.rdchem.Mol object at 0x735c7a8c8200>
CHEMBL457888,CDK2,33.0,nM,Cc1ncc(-c2ccnc(Nc3ccc(S(=O)(=O)CCCN4CCOCC4)cc3)n2)n1C(C)C,7.481486060122112,True,<rdkit.Chem.rdchem.Mol object at 0x735c7a8cace0>
CHEMBL3668373,CDK9,33.0,nM,COc1ccc(F)cc1-c1ccnc2[nH]c(C3=CCN(C(C)=O)CC3)cc12,7.481486060122112,True,<rdkit.Chem.rdchem.Mol object at 0x735c7a8c90e0>
CHEMBL3668410,CDK9,33.0,nM,c1ccc(CCNc2cccc(-c3ccnc4[nH]c(C5CCNCC5)cc34)n2)cc1,7.481486060122112,True,<rdkit.Chem.rdchem.Mol object at 0x735c7a8cc4a0>
CHEMBL3702114,CDK6,33.0,nM,c1cc2c3cnc(Nc4ccc(CN5CCNCC5)cn4)nc3n(C3CCCC3)c2cn1,7.481486060122112,True,<rdkit.Chem.rdchem.Mol object at 0x735c7a8cc510>
CHEMBL5557384,CDK6,33.1,nM,CC(C)N1CCN(C(=O)c2ccnc(Nc3cc(-c4ccc5nnn(C(C)C)c5c4)ccn3)c2)CC1,7.480172006224281,True,<rdkit.Chem.rdchem.Mol object at 0x735c7a8cdf50>
CHEMBL4171138,CDK6,33.21,nM,Cc1nc(Nc2c[nH]nc2C(=O)Nc2ccc(CN3CCOCC3)cc2)c2cc(C(C)C)sc2n1,7.478731124401615,True,<rdkit.Chem.rdchem.Mol object at 0x735c7a8cf530>
CHEMBL4212532,CDK2,33.7,nM,Cc1nc2c(F)cc(-c3nc(Nc4ccc5c(n4)CCN(C(=O)CN(C)C)C5)ncc3F)cc2n1C(C)C,7.472370099128661,True,<rdkit.Chem.rdchem.Mol object at 0x735c7a8ce2d0>
CHEMBL3702195,CDK6,33.7,nM,C[C@H](CO)Nc1ccc(Nc2ncc3c4ccncc4n(C4CCCC4)c3n2)nn1,7.472370099128661,True,<rdkit.Chem.rdchem.Mol object at 0x735c7a8ceff0>
CHEMBL5942702,CDK2,33.9,nM,C#CCN1CCc2nc(Nc3ncc(F)c(-c4cc(F)c5nc(C)n(C(C)C)c5c4)n3)ccc2C1,7.469800301796917,True,<rdkit.Chem.rdchem.Mol object at 0x735c7a8cfed0>
CHEMBL101801,CDK2,34.0,nM,NC(=O)c1ccc(Nc2nc(N)c(N=O)c(OCC3CCCCC3)n2)cc1,7.468521082957745,True,<rdkit.Chem.rdchem.Mol object at 0x735c7a8cd150>
CHEMBL427045,CDK4,34.0,nM,Cc1cc(-c2cnc(Nc3ccccn3)s2)nc(OC2CCCCC2)n1,7.468521082957745,True,<rdkit.Chem.rdchem.Mol object at 0x735c7a8ce340>
CHEMBL3942903,CDK9,34.0,nM,CN1Cc2c(C3=CCNCC3)[nH]c3ncc(F)c(c23)-c2ccccc21,7.468521082957745,True,<rdkit.Chem.rdchem.Mol object at 0x735c7a8ce0a0>
CHEMBL5275973,CDK9,34.0,nM,Cl.O=C1NCCc2[nH]c(-c3ccncc3)cc21,7.468521082957745,True,<rdkit.Chem.rdchem.Mol object at 0x735c7a8cf1b0>
CHEMBL115319,CDK2,34.0,nM,O=C(Nc1cc(C2CC2)[nH]n1)c1ccc(Br)cc1,7.468521082957745,True,<rdkit.Chem.rdchem.Mol object at 0x735c7a8cf450>
CHEMBL5201044,CDK9,34.0,nM,O=C(c1ccc(-c2ccnc3[nH]c(-c4ccc(CN5CCOCC5)cc4)nc23)cc1)N1CCCC1,7.468521082957745,True,<rdkit.Chem.rdchem.Mol object at 0x735c7a8cfb50>
CHEMBL3954429,CDK6,34.0,nM,CCN1CCN(c2ccc(Nc3ncc4c(C)c(C(C)=O)c(=O)n(C5CCCC5)c4n3)nc2)CC1,7.468521082957745,True,<rdkit.Chem.rdchem.Mol object at 0x735c7a8cec70>
CHEMBL3691678,CDK4,34.0,nM,CC(C)N1[C@@H]2CC[C@H]1CN(c1ccc(Nc3ncc4cc(C(=O)N(C)C)n(C5CCCC5)c4n3)nc1)C(=O)C2,7.468521082957745,True,<rdkit.Chem.rdchem.Mol object at 0x735c7a8cf140>
CHEMBL3668440,CDK9,34.0,nM,COc1ccc(F)cc1-c1ccnc2[nH]c(C3CN(CCN)C3)cc12,7.468521082957745,True,<rdkit.Chem.rdchem.Mol object at 0x735c7a8cd3f0>
CHEMBL3642027,CDK6,34.0,nM,COC(=O)CNC1CCN(c2ccc(Nc3ncc4c5ccncc5n(C5CCCC5)c4n3)nc2)CC1,7.468521082957745,True,<rdkit.Chem.rdchem.Mol object at 0x735c7a8cf920>
CHEMBL3702199,CDK6,34.0,nM,CC1(C)CN(c2ccc(Nc3ncc4c5ccccc5n(C5CCCC5)c4n3)nn2)CCN1,7.468521082957745,True,<rdkit.Chem.rdchem.Mol object at 0x735c7a8cce40>
CHEMBL404504,CDK1,34.0,nM,O=C(Cc1cccc(Cl)c1)Nc1n[nH]c2ccc(N3CCCS3(=O)=O)cc12,7.468521082957745,True,<rdkit.Chem.rdchem.Mol object at 0x735c7a8ccf90>
CHEMBL194032,CDK1,34.0,nM,Brc1cnc(Nc2ccc3[nH]cnc3c2)nc1Nc1ccc(Oc2cccnc2)cc1,7.468521082957745,True,<rdkit.Chem.rdchem.Mol object at 0x735c7a8ce3b0>
CHEMBL3702138,CDK4,34.0,nM,c1cc2c3cnc(Nc4ccc(N5CCNCC5)cn4)cc3n(C3CCCC3)c2cn1,7.468521082957745,True,<rdkit.Chem.rdchem.Mol object at 0x735c7a8d67a0>
CHEMBL3668394,CDK9,34.0,nM,CCOC(=O)C1CC1CN[C@H]1CC[C@H](c2cc3c(-c4cc(F)ccc4OC)ccnc3[nH]2)CC1,7.468521082957745,True,<rdkit.Chem.rdchem.Mol object at 0x735c7a8d7840>
CHEMBL225519,CDK9,34.0,nM,O=C1NCCc2[nH]c(-c3ccncc3)cc21,7.468521082957745,True,<rdkit.Chem.rdchem.Mol object at 0x735c7a8d55b0>
CHEMBL3702114,CDK4,34.0,nM,c1cc2c3cnc(Nc4ccc(CN5CCNCC5)cn4)nc3n(C3CCCC3)c2cn1,7.468521082957745,True,<rdkit.Chem.rdchem.Mol object at 0x735c7a8d5c40>
CHEMBL3668363,CDK9,34.0,nM,CN1CCC(c2cc3c(-c4cccc(NCC5CCOCC5)n4)ccnc3[nH]2)CC1,7.468521082957745,True,<rdkit.Chem.rdchem.Mol object at 0x735c7a8d6650>
CHEMBL3668366,CDK9,34.0,nM,CN1CCC(c2cc3c(-c4cccc(NCC5CC5)n4)ccnc3[nH]2)CC1,7.468521082957745,True,<rdkit.Chem.rdchem.Mol object at 0x735c7a8d40b0>
CHEMBL5852870,CDK6,34.0,nM,CC(C)N1CCOc2c(F)cc(-c3nc(Nc4ncc(C5CCNCC5)cn4)ncc3F)cc21,7.468521082957745,True,<rdkit.Chem.rdchem.Mol object at 0x735c7a8d60a0>
CHEMBL370485,CDK1,34.0,nM,Brc1cnc(Nc2ccc3[nH]cnc3c2)nc1NC1CCc2ccccc21,7.468521082957745,True,<rdkit.Chem.rdchem.Mol object at 0x735c7a8d6a40>
CHEMBL4872952,CDK2,34.48,nM,Cc1n[nH]c2ccc(-c3cncc(N[C@@H](CO)c4cccc(F)c4)n3)cc12,7.462432742847325,True,<rdkit.Chem.rdchem.Mol object at 0x735c7a8d7bc0>
CHEMBL50894,CDK1,35.0,nM,O=C1Cc2c([nH]c3ccc([N+](=O)[O-])cc23)-c2ccccc2N1,7.455931955649724,True,<rdkit.Chem.rdchem.Mol object at 0x735c7a8d5540>
CHEMBL609040,CDK2,35.0,nM,O=C1Nc2cc3c(O)cccc3c3c4c(cc1c23)OCO4,7.455931955649724,True,<rdkit.Chem.rdchem.Mol object at 0x735c7a8d7300>
CHEMBL3974193,CDK9,35.0,nM,CN1CCC(c2cc3c(-c4cccc(NCCCc5ccccc5)n4)ccnc3[nH]2)CC1,7.455931955649724,True,<rdkit.Chem.rdchem.Mol object at 0x735c7a8d4ba0>
CHEMBL3691637,CDK4,35.0,nM,CN(C)C(=O)c1cc2cnc(Nc3ccc(N4CCN5CCCCC5C4=O)cn3)nc2n1C1CCCCC1,7.455931955649724,True,<rdkit.Chem.rdchem.Mol object at 0x735c7a8d4430>
CHEMBL6145102,CDK6,35.0,nM,COCCN1CCN(c2ccc(Nc3ncc(F)c(-c4ccc5c(c4)OC4(CCN(C(C)=O)CC4)CC5=O)n3)nc2)CC1,7.455931955649724,True,<rdkit.Chem.rdchem.Mol object at 0x735c7a8d4f90>
CHEMBL3673525,CDK9,35.0,nM,CNC(=O)N1CCC(c2cc3c(-c4cncc(NCc5ccccc5)n4)ccnc3[nH]2)CC1,7.455931955649724,True,<rdkit.Chem.rdchem.Mol object at 0x735c7a8d5620>
CHEMBL2426395,CDK4,35.0,nM,COc1ccc(NC(=S)NC(=O)c2cn(-c3ccccc3)nc2-c2ccc(OC)cc2)cc1,7.455931955649724,True,<rdkit.Chem.rdchem.Mol object at 0x735c7a8d5a10>
CHEMBL6142470,CDK6,35.0,nM,CCCC(=O)N1CCC2(CC1)CC(=O)c1ccc(-c3nc(Nc4ccc(N5CCN(C)CC5)cn4)ncc3F)cc1O2,7.455931955649724,True,<rdkit.Chem.rdchem.Mol object at 0x735c7a8d6880>
CHEMBL2158844,CDK1,35.0,nM,Clc1cccc(Nc2nccc(-c3ccnc(N4CCOCC4)c3)n2)c1,7.455931955649724,True,<rdkit.Chem.rdchem.Mol object at 0x735c7a8d7990>
CHEMBL1080561,CDK2,35.0,nM,Cc1n[nH]c2ccc(-c3nnc(NC[C@@H](N)Cc4cccc(C(F)(F)F)c4)s3)cc12,7.455931955649724,True,<rdkit.Chem.rdchem.Mol object at 0x735c7a8d7a00>
CHEMBL3702171,CDK4,35.0,nM,Fc1nccc2c3cnc(Nc4ccc(OC5CCNCC5)nn4)nc3n(C3CCCC3)c12,7.455931955649724,True,<rdkit.Chem.rdchem.Mol object at 0x735c7a8d46d0>
CHEMBL561440,CDK2,35.0,nM,CNC(=O)c1nn(C)c2c1C(C)(C)Cc1cnc(Nc3ccc(CN(C)C)cc3)nc1-2,7.455931955649724,True,<rdkit.Chem.rdchem.Mol object at 0x735c7a8d7d10>
CHEMBL5925273,CDK9,35.0,nM,Fc1cccc(Cn2cnc3ccc(-c4cc(NCCC5CCCNC5)ncc4Cl)cc32)c1,7.455931955649724,True,<rdkit.Chem.rdchem.Mol object at 0x735c7a8d4c10>
CHEMBL5905735,CDK2,35.0,nM,Cc1nc2c(F)cc(-c3nc(Nc4ccc5c(n4)CCN(C(C)C)C5)ncc3F)cc2n1C(C)C,7.455931955649724,True,<rdkit.Chem.rdchem.Mol object at 0x735c7a8d6500>
CHEMBL3641965,CDK4,35.0,nM,C[C@H]1CN(c2ccc(Nc3ncc4c5ccncc5n([C@H]5CCC[C@@H]5O)c4n3)nn2)CCN1,7.455931955649724,True,<rdkit.Chem.rdchem.Mol object at 0x735c7a8d5f50>
CHEMBL3702172,CDK6,35.0,nM,O=S1(=O)CCC(c2ccc(Nc3ncc4c5ccncc5n(C5CCCC5)c4n3)nc2)CC1,7.455931955649724,True,<rdkit.Chem.rdchem.Mol object at 0x735c7a8d6490>
CHEMBL3663751,CDK9,35.0,nM,COc1ccc(F)cc1-c1ccnc2[nH]c(C3CCCN(C)C3)cc12,7.455931955649724,True,<rdkit.Chem.rdchem.Mol object at 0x735c7a8d6ff0>
CHEMBL3702140,CDK4,35.0,nM,O=C(O)Cc1ccc(-n2c3cnccc3c3cnc(Nc4ccc(N5CCNCC5)cn4)cc32)cc1,7.455931955649724,True,<rdkit.Chem.rdchem.Mol object at 0x735c7a8d7680>
CHEMBL6018776,CDK9,35.0,nM,O[C@H]1CC[C@H](Nc2cc(-c3ccc4ncn(Cc5cccc(F)c5)c4c3)c(Cl)cn2)CC1,7.455931955649724,True,<rdkit.Chem.rdchem.Mol object at 0x735c7a8d8ba0>
CHEMBL5813628,CDK6,35.0,nM,COc1nc(Nc2ncc(F)c(-c3cc(F)c4c(c3)N(C(C)C)CCO4)n2)ccc1C1CCN(C)CC1,7.455931955649724,True,<rdkit.Chem.rdchem.Mol object at 0x735c7a8d97e0>
CHEMBL3644033,CDK4,35.0,nM,C[C@@H](O)[C@@H](C)Oc1nc(Nc2ccc(S(C)(=O)=O)cc2)ncc1C(F)(F)F,7.455931955649724,True,<rdkit.Chem.rdchem.Mol object at 0x735c7a8d9af0>
CHEMBL6149958,CDK6,35.0,nM,CC(=O)N1CCC2(CC1)CC(=O)c1ccc(-c3nc(Nc4ccc(N5CCC(N6CCOCC6)CC5)cn4)ncc3F)cc1O2,7.455931955649724,True,<rdkit.Chem.rdchem.Mol object at 0x735c7a8db450>
CHEMBL3702190,CDK4,35.0,nM,CN(C)CCCN(C)c1ccc(Nc2ncc3c4ccncc4n(C4CCCC4)c3n2)nn1,7.455931955649724,True,<rdkit.Chem.rdchem.Mol object at 0x735c7a8d9690>
CHEMBL5542804,CDK9,35.38,nM,CC[C@H](CO)Nc1nc(NCc2ccc(NC(=O)C3CCN(C(C)=O)CC3)cc2)n2ncc(C(C)C)c2n1,7.451242171426296,True,<rdkit.Chem.rdchem.Mol object at 0x735c7a8da960>
CHEMBL1092754,CDK2,35.5,nM,Cn1cc(/C=C2\Oc3cccc(O)c3C2=O)c2c(-c3ccc(C(=O)NCCO)cc3)ccnc21,7.449771646944906,True,<rdkit.Chem.rdchem.Mol object at 0x735c7a8dbc30>
CHEMBL5976517,CDK2,35.5,nM,Cc1nc2c(F)cc(-c3nc(Nc4ccc5c(n4)CCN(CC#CCN(C)C)C5)ncc3F)cc2n1C(C)C,7.449771646944906,True,<rdkit.Chem.rdchem.Mol object at 0x735c7a8d8ac0>
CHEMBL3691652,CDK4,35.5,nM,CN(C)C(=O)c1cc2cnc(Nc3ccc(N4CCCC5(CCNCC5)C4=O)cn3)nc2n1C1CCCC1,7.449771646944906,True,<rdkit.Chem.rdchem.Mol object at 0x735c7a8d8e40>
CHEMBL5561839,CDK4,35.6,nM,CC(C)n1nnc2ccc(-c3ccnc(Nc4cc(C(=O)N5CCCC5)ccn4)c3)cc21,7.448550002027124,True,<rdkit.Chem.rdchem.Mol object at 0x735c7a8d8660>
CHEMBL4204030,CDK1,35.8,nM,CCN1CCN(Cc2cnc(Nc3cc(-c4cc(F)c5nc(C)n(C(C)C)c5c4)ccn3)cn2)CC1,7.446116973356125,True,<rdkit.Chem.rdchem.Mol object at 0x735c7a8d9d20>
CHEMBL4213770,CDK4,35.9,nM,CCN1CCN(Cc2cnc(Nc3cc(-c4cc(F)c5nc(C)n(C(C)C)c5c4)ncn3)nc2)CC1,7.444905551421681,True,<rdkit.Chem.rdchem.Mol object at 0x735c7a8d84a0>
CHEMBL3668387,CDK9,36.0,nM,COc1ccc(F)cc1-c1ccnc2[nH]c(C3CCN(CC4CCCOC4)C3)cc12,7.443697499232712,True,<rdkit.Chem.rdchem.Mol object at 0x735c7a8d9770>
CHEMBL3642005,CDK6,36.0,nM,O[C@@H]1CCN(C2CCN(c3ccc(Nc4ncc5c6ccncc6n(C6CCCC6)c5n4)nn3)CC2)C1,7.443697499232712,True,<rdkit.Chem.rdchem.Mol object at 0x735c7a8d9b60>
CHEMBL2158857,CDK1,36.0,nM,NS(=O)(=O)c1cccc(Nc2nccc(-c3ccnc(N4CCCCC4)c3)n2)c1,7.443697499232712,True,<rdkit.Chem.rdchem.Mol object at 0x735c7a8da500>
CHEMBL3644020,CDK2,36.0,nM,C[C@@H](O)[C@@H](C)Oc1nc(Nc2ccc(S(=O)(=O)c3ccccc3)cc2)ncc1C(F)(F)F,7.443697499232712,True,<rdkit.Chem.rdchem.Mol object at 0x735c7a8db5a0>
CHEMBL457887,CDK2,36.0,nM,Cc1ncc(-c2ccnc(Nc3ccc(S(=O)(=O)CCCN(C)C)cc3)n2)n1C(C)C,7.443697499232712,True,<rdkit.Chem.rdchem.Mol object at 0x735c7a8db1b0>
CHEMBL507722,CDK2,36.0,nM,Cc1ncc(-c2nc(Nc3ccc(C(=O)NC4CCN(C)CC4)cc3)ncc2F)n1C(C)C,7.443697499232712,True,<rdkit.Chem.rdchem.Mol object at 0x735c7a8d9070>
CHEMBL3668380,CDK9,36.0,nM,c1ccc(SCCNc2cccc(-c3ccnc4[nH]c(C5CCNCC5)cc34)n2)cc1,7.443697499232712,True,<rdkit.Chem.rdchem.Mol object at 0x735c7a8d94d0>
CHEMBL255255,CDK2,36.0,nM,O=C(Cc1ccccc1)Nc1n[nH]c2ccc(N3CCCS3(=O)=O)cc12,7.443697499232712,True,<rdkit.Chem.rdchem.Mol object at 0x735c7a8d80b0>
CHEMBL550959,CDK2,36.0,nM,CNC(=O)c1nn(C)c2c1C(C)(C)Cc1cnc(Nc3ccc(CN4CCOCC4)cc3)nc1-2,7.443697499232712,True,<rdkit.Chem.rdchem.Mol object at 0x735c7a8dbd80>
CHEMBL4207804,CDK6,36.0,nM,CCN1CCN(Cc2ccc(Nc3ncc(F)c(-c4cc(F)c5nc6n(c5c4)CC(C)(C)C6)n3)nc2)CC1,7.443697499232712,True,<rdkit.Chem.rdchem.Mol object at 0x735c7a8d8eb0>
CHEMBL3673506,CDK9,36.0,nM,c1cc(CNc2cncc(-c3ccnc4[nH]c(C5CCNCC5)cc34)n2)ccn1,7.443697499232712,True,<rdkit.Chem.rdchem.Mol object at 0x735c7a8d8f90>
CHEMBL2426391,CDK2,36.0,nM,COc1ccc(NC(=S)NC(=O)c2cn(-c3ccccc3)nc2-c2ccc(F)cc2)cc1,7.443697499232712,True,<rdkit.Chem.rdchem.Mol object at 0x735c79f013f0>
CHEMBL3973391,CDK9,36.0,nM,CN1Cc2c(C3=CCN(S(C)(=O)=O)CC3)[nH]c3nccc(c23)-c2cc(F)c(F)cc21,7.443697499232712,True,<rdkit.Chem.rdchem.Mol object at 0x735c79f01e00>
CHEMBL3237448,CDK4,36.0,nM,c1cc2c3cnc(Nc4ccc(N5CCNCC5)cn4)nc3n(C3CCCC3)c2nn1,7.443697499232712,True,<rdkit.Chem.rdchem.Mol object at 0x735c79f02260>
CHEMBL3684989,CDK4,36.0,nM,O=C(CO)N1CCc2nc(Nc3ncc4c5ccncc5n(C5CCCC5)c4n3)ccc2C1,7.443697499232712,True,<rdkit.Chem.rdchem.Mol object at 0x735c79f026c0>
CHEMBL2035185,CDK9,36.0,nM,C1=C/COCc2cc(ccc2OCCN2CCCC2)Nc2nccc(n2)-c2ccc(o2)COC/1,7.443697499232712,True,<rdkit.Chem.rdchem.Mol object at 0x735c79f003c0>
CHEMBL5893560,CDK4,36.0,nM,CC(C)N1CCOc2c(F)cc(-c3nc(Nc4ccc(S(=O)(=O)N5CCN(C)CC5)cc4)ncc3F)cc21,7.443697499232712,True,<rdkit.Chem.rdchem.Mol object at 0x735c79f03c30>
CHEMBL3644019,CDK1,36.0,nM,C[C@@H](Oc1nc(Nc2ccc(S(=O)(=O)C3CC3)cc2)ncc1C(F)(F)F)C(C)(C)O,7.443697499232712,True,<rdkit.Chem.rdchem.Mol object at 0x735c79f02b90>
CHEMBL4753256,CDK9,36.0,nM,CC(=O)N[C@@H]1CCC[C@H](C(=O)Nc2cc(-c3cnn4c3CC(C)C4)c(Cl)cn2)C1,7.443697499232712,True,<rdkit.Chem.rdchem.Mol object at 0x735c79f004a0>
CHEMBL3702216,CDK4,36.0,nM,CC[C@@H](C)n1c2cnccc2c2cnc(Nc3ccc(N4CCC(N(C)C)CC4)nn3)nc21,7.443697499232712,True,<rdkit.Chem.rdchem.Mol object at 0x735c79f01850>
CHEMBL4749175,CDK9,36.0,nM,CC(=O)N[C@@H]1CCC[C@H](C(=O)Nc2cc(-c3cnc4n3CC(C)(C)C4)c(Cl)cn2)C1,7.443697499232712,True,<rdkit.Chem.rdchem.Mol object at 0x735c79f02ce0>
CHEMBL6007323,CDK9,36.0,nM,N[C@@H]1CCC[C@H](C(=O)Nc2cc(-c3cnn4c3CCCC4)c(Cl)cn2)C1,7.443697499232712,True,<rdkit.Chem.rdchem.Mol object at 0x735c79f02ff0>
CHEMBL3668374,CDK9,36.0,nM,COc1ccc(F)cc1-c1ccnc2[nH]c(C3=CCN(C(=O)CO)CC3)cc12,7.443697499232712,True,<rdkit.Chem.rdchem.Mol object at 0x735c79f030d0>
CHEMBL455450,CDK2,36.0,nM,C[C@H]1CNC[C@@H](C(=O)Nc2ncc(SCc3ncc(C(C)(C)C)o3)s2)C1,7.443697499232712,True,<rdkit.Chem.rdchem.Mol object at 0x735c79f03840>
CHEMBL6001582,CDK9,36.0,nM,CN(C)CCCCNc1cc(-c2ccc3ncn(Cc4cccc(F)c4)c3c2)c(Cl)cn1,7.443697499232712,True,<rdkit.Chem.rdchem.Mol object at 0x735c79f03f40>
CHEMBL5826159,CDK9,36.0,nM,CC(=O)N[C@@H]1CCC[C@H](C(=O)Nc2cc(-c3cnn4c3CCCC4)ncn2)C1,7.443697499232712,True,<rdkit.Chem.rdchem.Mol object at 0x735c79f00900>
CHEMBL5759958,CDK9,36.1,nM,Cc1nc2c(F)cc(-c3nc(Nc4ccc5c(n4)CCN(C(=O)CN(C)C)C5)ncc3F)cc2n1C1CCCC1,7.442492798094342,True,<rdkit.Chem.rdchem.Mol object at 0x735c79f03450>
CHEMBL3924439,CDK9,37.0,nM,CN1Cc2c(C3=C[C@@H]4COC(=O)N4CC3)[nH]c3nccc(c23)-c2cc(F)ccc21,7.431798275933005,True,<rdkit.Chem.rdchem.Mol object at 0x735c79f02ab0>
CHEMBL2426387,CDK2,37.0,nM,COc1ccc(NC(=S)NC(=O)c2cn(-c3ccccc3)nc2-c2ccc(Cl)cc2)cc1,7.431798275933005,True,<rdkit.Chem.rdchem.Mol object at 0x735c79f00970>
CHEMBL3702081,CDK4,37.0,nM,O=C(O)CC1CCN(c2ccc(Nc3ncc4c5ccnc(F)c5n(C5CCCC5)c4n3)nc2)CC1,7.431798275933005,True,<rdkit.Chem.rdchem.Mol object at 0x735c79f00820>
CHEMBL115220,CDK2,37.0,nM,O=C(Cc1ccc2ccccc2c1)Nc1cc(C2CC2)n[nH]1,7.431798275933005,True,<rdkit.Chem.rdchem.Mol object at 0x735c79f00ac0>
CHEMBL3668494,CDK9,37.0,nM,COc1ccc(F)cc1-c1ccnc2[nH]c(C3=CCN(C(=O)Nc4cnn(C)c4)CC3)cc12,7.431798275933005,True,<rdkit.Chem.rdchem.Mol object at 0x735c79f022d0>
CHEMBL3823659,CDK9,37.0,nM,CC(=O)N1CCC(n2cc(Nc3ncc(Cl)c(-c4cnc5ccccn45)n3)cn2)CC1,7.431798275933005,True,<rdkit.Chem.rdchem.Mol object at 0x735c79f015b0>
CHEMBL6152179,CDK6,37.0,nM,CCOC(=O)N1CCN(c2ccc(Nc3ncc(F)c(-c4ccc5c(c4)OC4(CCN(C(C)=O)CC4)CC5=O)n3)nc2)CC1,7.431798275933005,True,<rdkit.Chem.rdchem.Mol object at 0x735c79f02b20>
CHEMBL3668392,CDK9,37.0,nM,COc1ccc(F)cc1-c1ccnc2[nH]c(C3=CCN(S(C)(=O)=O)CC3)cc12,7.431798275933005,True,<rdkit.Chem.rdchem.Mol object at 0x735c79f00eb0>
CHEMBL191144,CDK2,37.0,nM,C[C@H](C(=O)Nc1cc(C2CC2)[nH]n1)c1ccc(N2CCCC2=O)cc1,7.431798275933005,True,<rdkit.Chem.rdchem.Mol object at 0x735c79f01fc0>
CHEMBL3663807,CDK9,37.0,nM,COc1ccc(F)cc1-c1ccnc2[nH]c(C3CNCCO3)cc12,7.431798275933005,True,<rdkit.Chem.rdchem.Mol object at 0x735c79f05700>
CHEMBL5849665,CDK9,37.0,nM,Fc1cccc(Cn2cnc3ccc(-c4cc(NC5CC6(CCNCC6)C5)ncc4Cl)cc32)c1,7.431798275933005,True,<rdkit.Chem.rdchem.Mol object at 0x735c79f04eb0>
CHEMBL5934647,CDK4,37.0,nM,CC(C)N1CCOc2c(F)cc(-c3nc(Nc4cccc5c4CCNC5)ncc3F)cc21,7.431798275933005,True,<rdkit.Chem.rdchem.Mol object at 0x735c79f04580>
CHEMBL455468,CDK2,37.0,nM,Cc1ncc(-c2ccnc(Nc3ccc(C(=O)NC4CCN(C)CC4)cc3)n2)n1C(C)C,7.431798275933005,True,<rdkit.Chem.rdchem.Mol object at 0x735c79f052a0>
CHEMBL3642013,CDK6,37.0,nM,CN(CCO)C1CCN(c2ccc(Nc3ncc4c5ccncc5n(C5CCCC5)c4n3)nc2)CC1,7.431798275933005,True,<rdkit.Chem.rdchem.Mol object at 0x735c79f065e0>
CHEMBL5894084,CDK2,37.2,nM,Cc1nc2c(F)cc(-c3nc(Nc4ccc5c(n4)CCN(C(=O)CN)C5)ncc3F)cc2n1C(C)C,7.429457060118103,True,<rdkit.Chem.rdchem.Mol object at 0x735c79f06340>
CHEMBL5833493,CDK2,37.2,nM,Cc1nc2c(F)cc(-c3nc(Nc4ccc5c(n4)CCN(C(=O)CC(C)(C)O)C5)ncc3F)cc2n1C(C)C,7.429457060118103,True,<rdkit.Chem.rdchem.Mol object at 0x735c79f05460>
CHEMBL5811164,CDK2,37.2,nM,Cc1nc2c(F)cc(-c3nc(Nc4ccc5c(n4)CCC(C(=O)CN)C5)ncc3F)cc2n1C(C)C,7.429457060118103,True,<rdkit.Chem.rdchem.Mol object at 0x735c79f05af0>
CHEMBL5505745,CDK9,37.34,nM,CCC(=O)Nc1ccc(CNc2nc(NC3CCNCC3)nc3c(C(C)C)cnn23)cc1,7.4278256863869405,True,<rdkit.Chem.rdchem.Mol object at 0x735c79f06110>
CHEMBL6188946,CDK6,37.4,nM,COc1cc(-c2nc3c(C(N)=O)cccc3[nH]2)ccc1Nc1ncc2cc(C(=O)N(C)C)n(C3CCCC3)c2n1,7.42712839779952,True,<rdkit.Chem.rdchem.Mol object at 0x735c79f06960>
CHEMBL4786023,CDK9,37.8,nM,CCNc1cccc(-c2ccnc(Nc3ccc4c(c3)N(C(C)C)[C@H](C)C(=O)N4C)n2)c1,7.422508200162775,True,<rdkit.Chem.rdchem.Mol object at 0x735c79f06e30>
CHEMBL1964251,CDK1,38.0,nM,O=C1Nc2ccc3ncsc3c2/C1=C/Nc1ccc(S(=O)(=O)NCCc2c[nH]cn2)cc1,7.42021640338319,True,<rdkit.Chem.rdchem.Mol object at 0x735c79f06ff0>
CHEMBL2012397,CDK1,38.0,nM,Cn1cc(Nc2ncc3cnn(C4C5CC6CC(C5)CC4C6)c3n2)cc1C(N)=O,7.42021640338319,True,<rdkit.Chem.rdchem.Mol object at 0x735c79f066c0>
CHEMBL72510,CDK2,38.0,nM,Cc1nc2ccccn2c1-c1ccnc(Nc2ccc(S(N)(=O)=O)cc2)n1,7.42021640338319,True,<rdkit.Chem.rdchem.Mol object at 0x735c79f07f40>
CHEMBL3702164,CDK6,38.0,nM,COc1cc(-c2ccc(Nc3ncc4c5ccncc5n(C5CCCC5)c4n3)nn2)ccn1,7.42021640338319,True,<rdkit.Chem.rdchem.Mol object at 0x735c79f05540>
CHEMBL3691569,CDK4,38.0,nM,CN(C)C(=O)c1cc2cnc(Nc3ccc(C(=O)N4CC5CCC4C5O)cn3)nc2n1C1CCCC1,7.42021640338319,True,<rdkit.Chem.rdchem.Mol object at 0x735c79f06f80>
CHEMBL5962211,CDK9,38.0,nM,C[C@H](O)C(=O)N[C@@H]1CCC[C@H](C(=O)Nc2cc(-c3cnn4c3CCCC4)c(Cl)cn2)C1,7.42021640338319,True,<rdkit.Chem.rdchem.Mol object at 0x735c79f06b90>
CHEMBL6134533,CDK6,38.0,nM,CC(=O)N1CCC2(CC1)CC(=O)c1ccc(-c3nc(Nc4ccc(N5CCC(N6CCN(C)CC6)CC5)cn4)ncc3F)cc1O2,7.42021640338319,True,<rdkit.Chem.rdchem.Mol object at 0x735c79f04660>
CHEMBL3965720,CDK9,38.0,nM,COc1ccc(F)cc1-c1ccnc2[nH]c(C3=CC4CCC(C3)N4S(C)(=O)=O)cc12,7.42021640338319,True,<rdkit.Chem.rdchem.Mol object at 0x735c79f043c0>
CHEMBL3946855,CDK9,38.0,nM,CN1Cc2c(C3=CCN(S(C)(=O)=O)CC3)[nH]c3ncc(F)c(c23)-c2cc(F)ccc21,7.42021640338319,True,<rdkit.Chem.rdchem.Mol object at 0x735c79f04510>
CHEMBL3900836,CDK9,38.0,nM,CN(CC(O)CO)C(=O)CN1CC=C(c2[nH]c3nccc4c3c2CN(C)c2ccc(F)cc2-4)CC1,7.42021640338319,True,<rdkit.Chem.rdchem.Mol object at 0x735c79f045f0>
CHEMBL296468,CDK2,38.0,nM,CC(C)(C)c1cnc(CSc2cnc(NC(=O)C3CCNCC3)s2)o1,7.42021640338319,True,<rdkit.Chem.rdchem.Mol object at 0x735c79f062d0>
CHEMBL5756301,CDK9,38.0,nM,Cn1cnc2ccc(-c3cc(NC(=O)[C@@H]4CCCNC4)ncc3Cl)cc21,7.42021640338319,True,<rdkit.Chem.rdchem.Mol object at 0x735c79f0a0a0>
CHEMBL6120798,CDK6,38.0,nM,CC(=O)N1CCC2(CC1)CC(=O)c1ccc(-c3nc(Nc4ccc(N5CCN(C(C)C)CC5)cn4)ncc3F)cc1O2,7.42021640338319,True,<rdkit.Chem.rdchem.Mol object at 0x735c79f0b140>
CHEMBL507167,CDK2,38.0,nM,N[C@H]1CC[C@H](NC(=O)c2n[nH]cc2NC(=O)c2c(F)cccc2F)CC1,7.42021640338319,True,<rdkit.Chem.rdchem.Mol object at 0x735c79f082e0>
CHEMBL3668384,CDK9,38.0,nM,COc1ccc(F)cc1-c1ccnc2[nH]c(C3CCN(Cc4ccccn4)C3)cc12,7.42021640338319,True,<rdkit.Chem.rdchem.Mol object at 0x735c79f08c80>
CHEMBL3668502,CDK9,38.0,nM,COc1ccc(F)cc1-c1ccnc2[nH]c(C3CCN(CC(=O)N(C)C)CC3)cc12,7.42021640338319,True,<rdkit.Chem.rdchem.Mol object at 0x735c79f08f90>
CHEMBL521871,CDK4,38.0,nM,CN(C)CC(O)COc1ccc(Nc2nccc(-c3cnn4nc(N5CCOCC5)ccc34)n2)cc1,7.42021640338319,True,<rdkit.Chem.rdchem.Mol object at 0x735c79f092a0>
CHEMBL3698660,CDK6,38.0,nM,c1ccc2c(c1)CCC2n1c2cnccc2c2cnc(Nc3ccc(N4CCNCC4)cn3)nc21,7.42021640338319,True,<rdkit.Chem.rdchem.Mol object at 0x735c79f09380>
CHEMBL5935222,CDK2,38.2,nM,COC(=O)CN1CCc2nc(Nc3ncc(F)c(-c4cc(F)c5nc(C)n(C(C)C)c5c4)n3)ccc2C1,7.4179366370882915,True,<rdkit.Chem.rdchem.Mol object at 0x735c79f0a1f0>
CHEMBL5953872,CDK2,38.2,nM,COC(=O)N1CCc2nc(Nc3ncc(F)c(-c4cc(F)c5nc(C)n(C(C)C)c5c4)n3)ccc2C1,7.4179366370882915,True,<rdkit.Chem.rdchem.Mol object at 0x735c79f0b920>
CHEMBL6150020,CDK9,38.4,nM,Clc1cnc2[nH]c(C3CCNCC3)nc2c1-c1cnn(CC2CC2)c1,7.415668775632469,True,<rdkit.Chem.rdchem.Mol object at 0x735c79f0bca0>
CHEMBL5818945,CDK9,39.0,nM,CC(=O)N[C@H]1CCC[C@@H](C(=O)Nc2cc(-c3cnn4c3CCCC4)c(Cl)cn2)C1,7.4089353929735005,True,<rdkit.Chem.rdchem.Mol object at 0x735c79f094d0>
CHEMBL3668354,CDK9,39.0,nM,Clc1cnc2[nH]c(C3CCCNC3)cc2c1-c1cccc(NCc2ccccc2)n1,7.4089353929735005,True,<rdkit.Chem.rdchem.Mol object at 0x735c79f0a880>
CHEMBL5181511,CDK9,39.0,nM,CC(=O)N1CCC(c2cc3c(-c4ccc(=O)n(C(C)C)c4)ccnc3[nH]2)CC1,7.4089353929735005,True,<rdkit.Chem.rdchem.Mol object at 0x735c79f0bb50>
CHEMBL2426391,CDK4,39.0,nM,COc1ccc(NC(=S)NC(=O)c2cn(-c3ccccc3)nc2-c2ccc(F)cc2)cc1,7.4089353929735005,True,<rdkit.Chem.rdchem.Mol object at 0x735c79f08660>
CHEMBL6017601,CDK9,39.0,nM,CC(=O)N[C@@H]1CCC[C@H](C(=O)Nc2cc(-c3nnn4c3CCCC4)c(Cl)cn2)C1,7.4089353929735005,True,<rdkit.Chem.rdchem.Mol object at 0x735c79f09bd0>
CHEMBL3668409,CDK9,39.0,nM,COc1cc(C#N)ccc1-c1ccnc2[nH]c(C3CCCNC3)cc12,7.4089353929735005,True,<rdkit.Chem.rdchem.Mol object at 0x735c79f0b220>
CHEMBL6001205,CDK9,39.0,nM,CC(=O)N[C@@H]1CCC[C@H](C(=O)Nc2cc(-c3cnn4c3CCCCC4)c(F)cn2)C1,7.4089353929735005,True,<rdkit.Chem.rdchem.Mol object at 0x735c79f0b4c0>
CHEMBL4215126,CDK4,39.0,nM,CCN1CCN(Cc2ccc(Nc3ncc(F)c(-c4cc(F)c5nc6n(c5c4)C(C)CC6)n3)nc2C)CC1,7.4089353929735005,True,<rdkit.Chem.rdchem.Mol object at 0x735c79f0bd10>
CHEMBL3668513,CDK9,39.0,nM,CNC(=O)CN1CCC(c2cc3c(-c4cc(F)ccc4OC)ccnc3[nH]2)CC1,7.4089353929735005,True,<rdkit.Chem.rdchem.Mol object at 0x735c79f0bf40>
CHEMBL3691611,CDK4,39.0,nM,CN(C)C(=O)c1cc2cnc(Nc3ccc(C(=O)N4CC5COCC(C4)N5)cn3)nc2n1C1CCCC1,7.4089353929735005,True,<rdkit.Chem.rdchem.Mol object at 0x735c79f0a110>
CHEMBL249502,CDK1,39.0,nM,CC(C)NC(=O)c1cccc2[nH]c(-c3n[nH]c4ncc(-c5cncc6ccccc56)cc34)nc12,7.4089353929735005,True,<rdkit.Chem.rdchem.Mol object at 0x735c79f08120>
CHEMBL5783662,CDK9,39.0,nM,COC1CCn2ncc(-c3cc(NC(=O)[C@@H]4CCC[C@@H](NC(C)=O)C4)ncc3Cl)c2C1,7.4089353929735005,True,<rdkit.Chem.rdchem.Mol object at 0x735c79f0a030>
CHEMBL3668493,CDK9,39.0,nM,COc1ccc(F)cc1-c1ccnc2[nH]c(C3=CCN(CC(=O)N(C)C)CC3)cc12,7.4089353929735005,True,<rdkit.Chem.rdchem.Mol object at 0x735c79f090e0>
CHEMBL5810097,CDK9,39.0,nM,O=C(Nc1cc(-c2cnn3c2CCCC3)c(Cl)cn1)[C@H]1CCC[C@@H](NC(=O)[C@H]2CCCO2)C1,7.4089353929735005,True,<rdkit.Chem.rdchem.Mol object at 0x735c79f08820>
CHEMBL3545110,CDK6,39.0,nM,CN(C)C(=O)c1cc2cnc(Nc3ccc(N4CCNCC4)cn3)nc2n1C1CCCC1,7.4089353929735005,True,<rdkit.Chem.rdchem.Mol object at 0x735c79f09a10>
CHEMBL5942755,CDK9,39.0,nM,N[C@H]1CC[C@H](CNc2cc(-c3ccc4ncn(Cc5cccc(F)c5)c4c3)c(Cl)cn2)CC1,7.4089353929735005,True,<rdkit.Chem.rdchem.Mol object at 0x735c79f0a570>
CHEMBL3702206,CDK6,39.0,nM,CC1CN(c2ccc(Nc3ncc4c5ccccc5n(C5CCCC5)c4n3)nn2)CC(C)N1,7.4089353929735005,True,<rdkit.Chem.rdchem.Mol object at 0x735c79f0ac70>
CHEMBL6002023,CDK6,39.0,nM,CC(C)N1CCOc2c(F)cc(-c3nc(Nc4cc(C5CCN(C)CC5)no4)ncc3F)cc21,7.4089353929735005,True,<rdkit.Chem.rdchem.Mol object at 0x735c79f0ae30>
CHEMBL3668396,CDK9,39.0,nM,COc1ccc(F)cc1-c1ccnc2[nH]c(C3CCN(CCN)C3)cc12,7.4089353929735005,True,<rdkit.Chem.rdchem.Mol object at 0x735c79f09000>
CHEMBL5916704,CDK9,39.0,nM,NS(=O)(=O)CCn1cnc2ccc(-c3cc(NC(=O)[C@@H]4CCCNC4)ncc3Cl)cc21,7.4089353929735005,True,<rdkit.Chem.rdchem.Mol object at 0x735c79f450e0>
CHEMBL5923502,CDK9,39.0,nM,CC(C)(O)CNc1cc(-c2ccc3ncn(Cc4cccc(F)c4)c3c2)c(Cl)cn1,7.4089353929735005,True,<rdkit.Chem.rdchem.Mol object at 0x735c79f46880>
CHEMBL176559,CDK1,39.0,nM,CCn1cnc2c(Nc3cccc(Cl)c3)nc(N3CCCCC3CO)nc21,7.4089353929735005,True,<rdkit.Chem.rdchem.Mol object at 0x735c79f46340>
CHEMBL5079648,CDK6,39.0,nM,CCN(CC)c1cnc2ccc(-c3nc(Nc4ccc(N5CCNCC5)cn4)ncc3F)cc2n1,7.4089353929735005,True,<rdkit.Chem.rdchem.Mol object at 0x735c79f45c40>
CHEMBL367691,CDK1,39.0,nM,CCn1cnc2c(Nc3cccc(Cl)c3)nc(N[C@H]3CC[C@H](N)CC3)nc21,7.4089353929735005,True,<rdkit.Chem.rdchem.Mol object at 0x735c79f44f90>
CHEMBL173459,CDK1,39.0,nM,CCn1cnc2c(Nc3cccc(Cl)c3)nc(N[C@H]3CC[C@@H](N)CC3)nc21,7.4089353929735005,True,<rdkit.Chem.rdchem.Mol object at 0x735c79f476f0>
CHEMBL1964260,CDK1,39.0,nM,CS(=O)(=O)c1ccc(N/C=C2\C(=O)Nc3ccc4ncsc4c32)cc1,7.4089353929735005,True,<rdkit.Chem.rdchem.Mol object at 0x735c79f44580>
CHEMBL3691551,CDK4,39.0,nM,CC(=O)N1C2CCC1CN(C(=O)c1ccc(Nc3ncc4cc(C(=O)N(C)C)n(C5CCCCCC5)c4n3)nc1)C2,7.4089353929735005,True,<rdkit.Chem.rdchem.Mol object at 0x735c79f45620>
CHEMBL5590934,CDK9,39.12,nM,CC(C)S(=O)(=O)c1ccccc1Nc1nc(N[C@H]2CC[C@H](N)CC2)ncc1Cl,7.407601153884436,True,<rdkit.Chem.rdchem.Mol object at 0x735c79f45380>
CHEMBL1092754,CDK1,39.2,nM,Cn1cc(/C=C2\Oc3cccc(O)c3C2=O)c2c(-c3ccc(C(=O)NCCO)cc3)ccnc21,7.406713932979542,True,<rdkit.Chem.rdchem.Mol object at 0x735c79f45850>
CHEMBL4760844,CDK9,39.2,nM,CC(C)N1c2cc(Nc3nccc(-c4ccccc4N)n3)ccc2N(C)C(=O)[C@H]1C,7.406713932979542,True,<rdkit.Chem.rdchem.Mol object at 0x735c79f44270>
CHEMBL5979966,CDK2,39.6,nM,Cc1nc2c(F)cc(-c3nc(Nc4ccc5c(n4)CCN(CCN4CCN(C)CC4)C5)ncc3F)cc2n1C(C)(C)C,7.402304814074488,True,<rdkit.Chem.rdchem.Mol object at 0x735c79f445f0>
CHEMBL300767,CDK2,40.0,nM,COc1ccc2c(c1)/C(=C/c1[nH]cc3c1CCOC3=O)C(=O)N2,7.397940008672037,True,<rdkit.Chem.rdchem.Mol object at 0x735c79f44b30>
CHEMBL3673510,CDK9,40.0,nM,O=C(CO)N1CCC(c2cc3c(-c4cncc(NCc5ccccc5)n4)ccnc3[nH]2)CC1,7.397940008672037,True,<rdkit.Chem.rdchem.Mol object at 0x735c79f44c80>
CHEMBL3949793,CDK9,40.0,nM,COc1ccc(F)cc1-c1ccnc2[nH]c(C3CCN(CCN4CCOCC4)CC3)cc12,7.397940008672037,True,<rdkit.Chem.rdchem.Mol object at 0x735c79f44cf0>
CHEMBL428690,CDK2,40.0,nM,CN1CC[C@H](c2c(O)cc(O)c3c(=O)cc(-c4ccccc4Cl)oc23)[C@H](O)C1,7.397940008672037,True,<rdkit.Chem.rdchem.Mol object at 0x735c79f44dd0>
CHEMBL254979,CDK1,40.0,nM,O=C(Cc1ccc2ccccc2c1)Nc1n[nH]c2ccc(N3CCCS3(=O)=O)cc12,7.397940008672037,True,<rdkit.Chem.rdchem.Mol object at 0x735c79f44eb0>
CHEMBL256558,CDK1,40.0,nM,Cc1ccc(CC(=O)Nc2n[nH]c3ccc(N4CCCS4(=O)=O)cc23)cc1,7.397940008672037,True,<rdkit.Chem.rdchem.Mol object at 0x735c79f452a0>
CHEMBL5414905,CDK2,40.0,nM,CCc1cnn2c(NCc3nc4ccc(F)c(F)c4[nH]3)cc(N3CCCC[C@H]3CCO)nc12,7.397940008672037,True,<rdkit.Chem.rdchem.Mol object at 0x735c79f454d0>
CHEMBL524059,CDK2,40.0,nM,O=C(O)c1ccc(Nc2nccc(-c3cnn4ncccc34)n2)cc1,7.397940008672037,True,<rdkit.Chem.rdchem.Mol object at 0x735c79f45540>
CHEMBL6022752,CDK9,40.0,nM,O=C(Cn1ccc2ncc(-c3cc(NC(=O)[C@@H]4CCCNC4)ncc3Cl)cc21)C1CCOCC1,7.397940008672037,True,<rdkit.Chem.rdchem.Mol object at 0x735c79f45a10>
CHEMBL415789,CDK1,40.0,nM,CSc1ccc(CC(=O)Nc2n[nH]c3ccc(N4CCCS4(=O)=O)cc23)cc1,7.397940008672037,True,<rdkit.Chem.rdchem.Mol object at 0x735c79f45a80>
CHEMBL4784117,CDK9,40.0,nM,CC(=O)N[C@@H]1CC[C@H](C(=O)Nc2cc(-c3cnn4c3CC(C)(C)C4)c(Cl)cn2)C1,7.397940008672037,True,<rdkit.Chem.rdchem.Mol object at 0x735c79f45af0>
CHEMBL5845618,CDK1,40.0,nM,C[C@@H]1NC(=O)C2(CCCCC2)n2c1cc1cnc(Nc3ccc(S(N)(=O)=O)cc3)nc12,7.397940008672037,True,<rdkit.Chem.rdchem.Mol object at 0x735c79f45e00>
CHEMBL4584344,CDK1,40.0,nM,COCCNS(=O)(=O)c1ccc(Nc2ncc(-c3cnc4cccnn34)cn2)cc1,7.397940008672037,True,<rdkit.Chem.rdchem.Mol object at 0x735c79f45ee0>
CHEMBL3702198,CDK4,40.0,nM,CN1CCN(c2ccc(Nc3ncc4c5ccccc5n(C5CCCC5)c4n3)nc2)CC1,7.397940008672037,True,<rdkit.Chem.rdchem.Mol object at 0x735c79f45fc0>
CHEMBL174977,CDK1,40.0,nM,CCn1cnc2c(Nc3ccc(F)cc3)nc(N[C@H]3CC[C@H](O)CC3)nc21,7.397940008672037,True,<rdkit.Chem.rdchem.Mol object at 0x735c79f46180>
CHEMBL3702188,CDK6,40.0,nM,CN(C)[C@H]1CCN(c2ccc(Nc3ncc4c5ccncc5n(C5CCCC5)c4n3)nc2)C1,7.397940008672037,True,<rdkit.Chem.rdchem.Mol object at 0x735c79f463b0>
CHEMBL3702189,CDK6,40.0,nM,CN(C)[C@@H]1CCN(c2ccc(Nc3ncc4c5ccncc5n(C5CCCC5)c4n3)nc2)C1,7.397940008672037,True,<rdkit.Chem.rdchem.Mol object at 0x735c79f46e30>
CHEMBL4753076,CDK9,40.0,nM,CC(=O)N[C@@H]1CCC[C@H](C(=O)Nc2cc(-c3cnn4c3CC(C)(C)C4)c(C)cn2)C1,7.397940008672037,True,<rdkit.Chem.rdchem.Mol object at 0x735c79f46f10>
CHEMBL3702172,CDK4,40.0,nM,O=S1(=O)CCC(c2ccc(Nc3ncc4c5ccncc5n(C5CCCC5)c4n3)nc2)CC1,7.397940008672037,True,<rdkit.Chem.rdchem.Mol object at 0x735c79f46f80>
CHEMBL3931677,CDK9,40.0,nM,CN(C)C(=O)CN1CC=C(c2[nH]c3nccc4c3c2CN(C)c2cc(F)c(F)cc2-4)CC1,7.397940008672037,True,<rdkit.Chem.rdchem.Mol object at 0x735c79f47370>
CHEMBL3938400,CDK9,40.0,nM,CN1Cc2c(C3=CCN(CC(=O)N(C)C4CC(O)C4)CC3)[nH]c3nccc(c23)-c2cc(F)ccc21,7.397940008672037,True,<rdkit.Chem.rdchem.Mol object at 0x735c79f47680>
CHEMBL3929697,CDK9,40.0,nM,CN1Cc2c(C3=CCN(S(C)(=O)=O)CC3)[nH]c3ncc(F)c(c23)-c2ccccc21,7.397940008672037,True,<rdkit.Chem.rdchem.Mol object at 0x735c79f477d0>
CHEMBL3655772,CDK2,40.0,nM,CC[C@H](Nc1nc(NCc2ccc(C(F)(F)F)nc2)c2ncn(C(C)C)c2n1)[C@@H](C)O,7.397940008672037,True,<rdkit.Chem.rdchem.Mol object at 0x735c79f47920>
CHEMBL482193,CDK2,40.0,nM,CC[C@H](CO)Nc1nc(NCc2ccccc2)n2ncc(C(C)C)c2n1,7.397940008672037,True,<rdkit.Chem.rdchem.Mol object at 0x735c79f47a70>
CHEMBL3702156,CDK6,40.0,nM,C1=CCN(c2ccc(Nc3ncc4c5ccncc5n(C5CCCC5)c4n3)nn2)CC1,7.397940008672037,True,<rdkit.Chem.rdchem.Mol object at 0x735c79f47ae0>
CHEMBL3655768,CDK2,40.0,nM,CC[C@H](Nc1nc(NCC2CC2)c2ncn(C(C)C)c2n1)[C@@H](C)O,7.397940008672037,True,<rdkit.Chem.rdchem.Mol object at 0x735c79f47d10>
CHEMBL2012406,CDK1,40.0,nM,C[C@@H]1CCCN1C(=O)c1cc(Nc2ncc3cnn([C@@H]4C[C@H]5C[C@H]5C4)c3n2)cn1C,7.397940008672037,True,<rdkit.Chem.rdchem.Mol object at 0x735c79f44c10>
CHEMBL3641933,CDK4,40.0,nM,C[C@H](CO)n1c2cnccc2c2cnc(Nc3ccc(N4CCNCC4)cn3)nc21,7.397940008672037,True,<rdkit.Chem.rdchem.Mol object at 0x735c79f44040>
CHEMBL3655770,CDK2,40.0,nM,CC[C@H](Nc1nc(NCc2ccncc2)c2ncn(C(C)C)c2n1)[C@@H](C)O,7.397940008672037,True,<rdkit.Chem.rdchem.Mol object at 0x735c79f47ca0>
CHEMBL359963,CDK2,40.0,nM,CC(C)c1ccc(Nc2nccc(-c3cnn4ncccc34)n2)cc1,7.397940008672037,True,<rdkit.Chem.rdchem.Mol object at 0x735c79f47060>
CHEMBL1207227,CDK1,40.0,nM,O=C1C(c2c(O)[nH]c3ccc(S(=O)(=O)O)cc23)=Nc2ccccc21,7.397940008672037,True,<rdkit.Chem.rdchem.Mol object at 0x735c79f44430>
CHEMBL2426387,CDK4,40.0,nM,COc1ccc(NC(=S)NC(=O)c2cn(-c3ccccc3)nc2-c2ccc(Cl)cc2)cc1,7.397940008672037,True,<rdkit.Chem.rdchem.Mol object at 0x735c79f44740>
CHEMBL2426383,CDK4,40.0,nM,COc1ccc(NC(=S)NC(=O)c2cn(-c3ccccc3)nc2-c2ccc(C)cc2)cc1,7.397940008672037,True,<rdkit.Chem.rdchem.Mol object at 0x735c79f45690>
CHEMBL495751,CDK2,40.0,nM,CCN(CC)CCNC(=O)c1cccc(Nc2nccc(-c3cnn4ncccc34)n2)c1,7.397940008672037,True,<rdkit.Chem.rdchem.Mol object at 0x735c79f45e70>
CHEMBL5800551,CDK9,40.0,nM,NC(=O)[C@@H]1CCCN(c2cc(Cc3cncc(F)c3)c(Cl)cn2)C1,7.397940008672037,True,<rdkit.Chem.rdchem.Mol object at 0x735c79f46570>
CHEMBL5976927,CDK2,40.6,nM,Cc1nc2c(F)cc(-c3nc(Nc4ccc5c(n4)CCN(C(=O)C4CC(N)C4)C5)ncc3F)cc2n1C(C)C,7.391473966422806,True,<rdkit.Chem.rdchem.Mol object at 0x735c79f46730>
CHEMBL5838602,CDK9,41.0,nM,Cn1nnc2ccc(Cn3ccc4ncc(-c5cc(NC(=O)[C@@H]6CCCNC6)ncc5Cl)cc43)cc21,7.387216143280264,True,<rdkit.Chem.rdchem.Mol object at 0x735c79f44120>
CHEMBL3642037,CDK6,41.0,nM,CN(C)[C@@H]1CN(c2ccc(Nc3ncc4c5ccncc5n(C5CCCC5)c4n3)nn2)CC[C@H]1O,7.387216143280264,True,<rdkit.Chem.rdchem.Mol object at 0x735c79f46b90>
CHEMBL368351,CDK1,41.0,nM,CCn1cnc2c(Nc3cccc(Cl)c3)nc(N3CCC[C@@H]3CN)nc21,7.387216143280264,True,<rdkit.Chem.rdchem.Mol object at 0x735c79f473e0>
CHEMBL5092362,CDK9,41.0,nM,Nc1cc(-c2ccc3occc3c2)cc(N)n1,7.387216143280264,True,<rdkit.Chem.rdchem.Mol object at 0x735c79f47530>
CHEMBL3644020,CDK1,41.0,nM,C[C@@H](O)[C@@H](C)Oc1nc(Nc2ccc(S(=O)(=O)c3ccccc3)cc2)ncc1C(F)(F)F,7.387216143280264,True,<rdkit.Chem.rdchem.Mol object at 0x735c79f18580>
CHEMBL3648101,CDK2,41.0,nM,CC(O)CSc1nc(Nc2ccc(S(C)(=N)=O)cc2)ncc1Br,7.387216143280264,True,<rdkit.Chem.rdchem.Mol object at 0x735c79f18820>
CHEMBL1964246,CDK1,41.0,nM,O=C1Nc2ccc3ncsc3c2/C1=C/Nc1ccc(S(=O)(=O)NCCO)cc1,7.387216143280264,True,<rdkit.Chem.rdchem.Mol object at 0x735c79f1a500>
CHEMBL1964244,CDK1,41.0,nM,O=C1Nc2ccc3ncsc3c2/C1=C/Nc1ccc(S(=O)(=O)Nc2ccccc2)cc1,7.387216143280264,True,<rdkit.Chem.rdchem.Mol object at 0x735c79f183c0>
CHEMBL2012407,CDK1,41.0,nM,Cn1cc(Nc2ncc3cnn([C@@H]4C[C@H]5C[C@H]5C4)c3n2)cc1C(=O)N1CCCC1,7.387216143280264,True,<rdkit.Chem.rdchem.Mol object at 0x735c79f19540>
CHEMBL5842072,CDK9,41.0,nM,CC1(C)Cc2ncc(-c3cc(NC(=O)[C@H]4C[C@@H](O)C4)ncc3Cl)n2C1,7.387216143280264,True,<rdkit.Chem.rdchem.Mol object at 0x735c79f1bb50>
CHEMBL6017486,CDK6,41.0,nM,CC(C)N1CCOc2c(F)cc(-c3nc(Nc4ccc(S(=O)(=O)NC5CCNCC5)cc4)ncc3F)cc21,7.387216143280264,True,<rdkit.Chem.rdchem.Mol object at 0x735c79f1a180>
CHEMBL248890,CDK1,41.0,nM,OCc1cccc2[nH]c(-c3n[nH]c4ncc(-c5cncc6ccccc56)cc34)nc12,7.387216143280264,True,<rdkit.Chem.rdchem.Mol object at 0x735c79f18cf0>
CHEMBL2426384,CDK2,41.0,nM,Cc1ccc(-c2nn(-c3ccccc3)cc2C(=O)NC(=S)Nc2ccc(F)cc2)cc1,7.387216143280264,True,<rdkit.Chem.rdchem.Mol object at 0x735c79f18190>
CHEMBL4553241,CDK1,41.0,nM,CC(C)c1cnn2c(NCc3ccccc3)cc(NC[C@]3(CO)CCNC3)nc12,7.387216143280264,True,<rdkit.Chem.rdchem.Mol object at 0x735c79f186d0>
CHEMBL3691648,CDK4,41.0,nM,CN(C)C(=O)c1cc2cnc(Nc3ccc(N4CC5CC4CN5)cn3)nc2n1C1CCCC1,7.387216143280264,True,<rdkit.Chem.rdchem.Mol object at 0x735c79f19310>
CHEMBL3982622,CDK9,41.0,nM,CNC(=O)N1CC2C=C(c3[nH]c4nccc5c4c3CN(C)c3ccc(F)cc3-5)CC2C1,7.387216143280264,True,<rdkit.Chem.rdchem.Mol object at 0x735c79f197e0>
CHEMBL1081451,CDK2,41.0,nM,N[C@H](CNc1nnc(-c2ccc3[nH]ncc3c2)s1)Cc1ccc(Cl)cc1,7.387216143280264,True,<rdkit.Chem.rdchem.Mol object at 0x735c79f19a80>
CHEMBL3702055,CDK4,41.0,nM,Cc1nccc2c3cnc(Nc4ccc(N5CCC(N(C)C)CC5)cn4)nc3n(C3CCCC3)c12,7.387216143280264,True,<rdkit.Chem.rdchem.Mol object at 0x735c79f1a6c0>
CHEMBL3673534,CDK9,41.0,nM,CN1CCC(c2cc3c(-c4cncc(NCc5cccnc5)n4)ccnc3[nH]2)CC1,7.387216143280264,True,<rdkit.Chem.rdchem.Mol object at 0x735c79f19930>
CHEMBL5761374,CDK6,41.0,nM,OC1CCN(c2ccc(Nc3ncc(F)c(-c4cc(F)c5c(c4)N(C4CCC4)CCO5)n3)nc2)CC1,7.387216143280264,True,<rdkit.Chem.rdchem.Mol object at 0x735c79f18350>
CHEMBL3928730,CDK9,41.0,nM,CN1Cc2c(C3=C[C@@H](CO)NCC3)[nH]c3nccc(c23)-c2cc(F)ccc21,7.387216143280264,True,<rdkit.Chem.rdchem.Mol object at 0x735c79f198c0>
CHEMBL3905946,CDK9,41.0,nM,CN1Cc2c(C3=C[C@H]4COC(=O)N4CC3)[nH]c3nccc(c23)-c2cc(F)ccc21,7.387216143280264,True,<rdkit.Chem.rdchem.Mol object at 0x735c79f18200>
CHEMBL4213219,CDK1,41.1,nM,Cc1nc2c(F)cc(-c3nc(Nc4ccc5c(n4)CCN(C(=O)CO)C5)ncc3F)cc2n1C(C)C,7.386158178123931,True,<rdkit.Chem.rdchem.Mol object at 0x735c79f1bbc0>
CHEMBL5532236,CDK2,41.18,nM,CCC(=O)Nc1ccc(CNc2nc(O[C@@H]3CCCNC3)nc3c(C(C)C)cnn23)cc1,7.385313657717988,True,<rdkit.Chem.rdchem.Mol object at 0x735c79f1b370>
CHEMBL6162110,CDK6,42.0,nM,CN1CCN(c2ccc(Nc3ncc(F)c(-c4ccc5c(c4)OC4(CCN(C(=O)C(F)(F)F)CC4)CC5=O)n3)nc2)CC1,7.376750709602099,True,<rdkit.Chem.rdchem.Mol object at 0x735c79f19cb0>
CHEMBL3923934,CDK9,42.0,nM,CN1Cc2c(C3=CCN(C4CC(CC(=O)O)C4)CC3)[nH]c3nccc(c23)-c2cc(F)ccc21,7.376750709602099,True,<rdkit.Chem.rdchem.Mol object at 0x735c79f50f90>
CHEMBL141247,CDK4,42.0,nM,O=C(Nc1ccccn1)Nc1cccc2c1[C@H]1CCCN1C2=O,7.376750709602099,True,<rdkit.Chem.rdchem.Mol object at 0x735c79f51f50>
CHEMBL6023090,CDK9,42.0,nM,Fc1cccc(Cn2cnc3ccc(-c4cc(NCCNc5cccnc5)ncc4Cl)cc32)c1,7.376750709602099,True,<rdkit.Chem.rdchem.Mol object at 0x735c79f52340>
CHEMBL5866865,CDK9,42.0,nM,O=C(Nc1cc(-c2cnc3ncn(Cc4cccc(F)c4)c3n2)c(Cl)cn1)[C@@H]1CCCNC1,7.376750709602099,True,<rdkit.Chem.rdchem.Mol object at 0x735c79f51070>
CHEMBL488256,CDK2,42.0,nM,CNC(=O)c1ccc(Nc2nccc(-c3cnc(C)n3CC3CC3)n2)cc1,7.376750709602099,True,<rdkit.Chem.rdchem.Mol object at 0x735c79f52110>
CHEMBL3641991,CDK4,42.0,nM,O[C@@H]1CCN(c2ccc(Nc3ncc4c5ccncc5n(C5CCC5)c4n3)nc2)C1,7.376750709602099,True,<rdkit.Chem.rdchem.Mol object at 0x735c79f53920>
CHEMBL2112297,CDK1,42.0,nM,O=C1Nc2ccc3ncsc3c2/C1=C/Nc1ccc(S(=O)(=O)N[n+]2ccc3ccccc3c2)cc1,7.376750709602099,True,<rdkit.Chem.rdchem.Mol object at 0x735c79f50b30>
CHEMBL3642651,CDK2,42.0,nM,CC(C)c1cc(NCc2ccncc2)n2ncc(Br)c2n1,7.376750709602099,True,<rdkit.Chem.rdchem.Mol object at 0x735c79f52a40>
CHEMBL1800455,CDK2,42.0,nM,Nc1nc(-c2cc(N3C[C@H](O)[C@@H](O)C3)ccc2O)cc(C2CCCC2)n1,7.376750709602099,True,<rdkit.Chem.rdchem.Mol object at 0x735c79f52f80>
CHEMBL3663806,CDK9,42.0,nM,COc1cc(F)ccc1-c1ccnc2[nH]c(C3CNCCO3)cc12,7.376750709602099,True,<rdkit.Chem.rdchem.Mol object at 0x735c79f538b0>
CHEMBL402759,CDK1,42.0,nM,O=C(Cc1ccc(-c2ccccc2)cc1)Nc1n[nH]c2ccc(N3CCCS3(=O)=O)cc12,7.376750709602099,True,<rdkit.Chem.rdchem.Mol object at 0x735c79f500b0>
CHEMBL3648088,CDK2,42.0,nM,CCOC(=O)N=S(=O)(CC)c1ccc(Nc2ncc(Br)c(N[C@H](C)C(C)(C)O)n2)cc1,7.376750709602099,True,<rdkit.Chem.rdchem.Mol object at 0x735c79f50120>
CHEMBL3702225,CDK6,42.0,nM,CC[C@@H](C)n1c2cnccc2c2cnc(Nc3ccc(N4CCC(NC)CC4)cn3)nc21,7.376750709602099,True,<rdkit.Chem.rdchem.Mol object at 0x735c79f50350>
CHEMBL3937675,CDK9,42.0,nM,CN1Cc2c(C3=CCN(CC(=O)O)CC3)[nH]c3nccc(c23)-c2cc(F)c(F)cc21,7.376750709602099,True,<rdkit.Chem.rdchem.Mol object at 0x735c79f50820>
CHEMBL3668559,CDK9,42.0,nM,COc1ccc(F)cc1-c1c(F)cnc2[nH]c(C3=CCN(CC(=O)N4CC(O)C4)CC3)cc12,7.376750709602099,True,<rdkit.Chem.rdchem.Mol object at 0x735c79f50eb0>
CHEMBL3691619,CDK4,42.0,nM,CN(C)C(=O)c1cc2cnc(Nc3ccc(N4CC5CCC(N5)C4=O)cn3)nc2n1C1CCCCCC1,7.376750709602099,True,<rdkit.Chem.rdchem.Mol object at 0x735c79f51230>
CHEMBL5805868,CDK1,42.0,nM,CC1C(=O)Nc2cc3cnc(Nc4ccc(S(=O)(=O)N5CCN(C)CC5)cc4)nc3n2C12CCCCC2,7.376750709602099,True,<rdkit.Chem.rdchem.Mol object at 0x735c79f517e0>
CHEMBL2426386,CDK2,42.0,nM,Cc1ccc(NC(=S)NC(=O)c2cn(-c3ccccc3)nc2-c2ccc(Cl)cc2)cc1,7.376750709602099,True,<rdkit.Chem.rdchem.Mol object at 0x735c79f519a0>
CHEMBL2426399,CDK4,42.0,nM,COc1ccc(NC(=S)NC(=O)c2cn(-c3ccccc3)nc2-c2ccccc2)cc1,7.376750709602099,True,<rdkit.Chem.rdchem.Mol object at 0x735c79f51a80>
CHEMBL2426387,CDK6,42.0,nM,COc1ccc(NC(=S)NC(=O)c2cn(-c3ccccc3)nc2-c2ccc(Cl)cc2)cc1,7.376750709602099,True,<rdkit.Chem.rdchem.Mol object at 0x735c79f51d90>
CHEMBL5921367,CDK9,42.0,nM,Clc1cnc(NC2CC3(CCNCC3)C2)cc1-c1ccc2ncn(CC3CCOCC3)c2c1,7.376750709602099,True,<rdkit.Chem.rdchem.Mol object at 0x735c79f51e70>
CHEMBL1800450,CDK2,42.0,nM,Cc1cc(-c2cc(N3C[C@H](O)[C@@H](O)C3)ccc2O)nc(N)n1,7.376750709602099,True,<rdkit.Chem.rdchem.Mol object at 0x735c79f51fc0>
CHEMBL5933703,CDK9,42.3,nM,CNCCN1CCc2nc(Nc3ncc(F)c(-c4cc(F)c5nc(C)n(C6(C)CC6)c5c4)n3)ccc2C1,7.373659632624958,True,<rdkit.Chem.rdchem.Mol object at 0x735c79f520a0>
CHEMBL5836990,CDK4,42.3,nM,Cc1nc2c(F)cc(-c3nc(Nc4ccc5c(n4)CCNC5)ncc3F)cc2n1C(C)C,7.373659632624958,True,<rdkit.Chem.rdchem.Mol object at 0x735c79f525e0>
CHEMBL5848732,CDK4,42.3,nM,Cc1nc2c(F)cc(-c3nc(Nc4ncc5c(n4)CCNC5)ncc3F)cc2n1C(C)C,7.373659632624958,True,<rdkit.Chem.rdchem.Mol object at 0x735c79f52650>
CHEMBL3691631,CDK4,42.5,nM,CN(C)C(=O)c1cc2cnc(Nc3ccc(N4CC5(CC6CCC(C5)N6)OC4=O)cn3)nc2n1C1CCCCC1,7.371611069949688,True,<rdkit.Chem.rdchem.Mol object at 0x735c79f52880>
CHEMBL5816005,CDK2,42.8,nM,Cc1nc2c(F)cc(-c3nc(Nc4ccc5c(n4)CCN(CCN4CCOCC4)C5)ncc3F)cc2n1C(C)(C)C,7.368556230986828,True,<rdkit.Chem.rdchem.Mol object at 0x735c79f52b90>
CHEMBL3959305,CDK9,43.0,nM,CN(CCO)C(=O)CN1CC2C=C(c3[nH]c4nccc5c4c3CN(C)c3ccc(F)cc3-5)CC2C1,7.366531544420413,True,<rdkit.Chem.rdchem.Mol object at 0x735c79f52c00>
CHEMBL3668391,CDK9,43.0,nM,COc1ccc(F)cc1-c1ccnc2[nH]c(C3CCN(CCN4CCOCC4)C3)cc12,7.366531544420413,True,<rdkit.Chem.rdchem.Mol object at 0x735c79f52c70>
CHEMBL2426390,CDK2,43.0,nM,Cc1ccc(NC(=S)NC(=O)c2cn(-c3ccccc3)nc2-c2ccc(F)cc2)cc1,7.366531544420413,True,<rdkit.Chem.rdchem.Mol object at 0x735c79f52d50>
CHEMBL3912612,CDK9,43.0,nM,CN1Cc2c(C3=CCN(CC(=O)N(C)C4CC(O)C4)CC3)[nH]c3ncc(F)c(c23)-c2cc(F)ccc21,7.366531544420413,True,<rdkit.Chem.rdchem.Mol object at 0x735c79f52e30>
CHEMBL3698717,CDK4,43.0,nM,COC1CCN(c2cnc(Nc3ncc4c5ccncc5n(C5CCCC5)c4n3)cn2)C1,7.366531544420413,True,<rdkit.Chem.rdchem.Mol object at 0x735c79f530d0>
CHEMBL2426383,CDK6,43.0,nM,COc1ccc(NC(=S)NC(=O)c2cn(-c3ccccc3)nc2-c2ccc(C)cc2)cc1,7.366531544420413,True,<rdkit.Chem.rdchem.Mol object at 0x735c79f53140>
CHEMBL5785031,CDK9,43.0,nM,NCCCNc1cc(-c2ccc3ncn(Cc4cccc(F)c4)c3c2)c(Cl)cn1,7.366531544420413,True,<rdkit.Chem.rdchem.Mol object at 0x735c79f53300>
CHEMBL5781694,CDK9,43.0,nM,Fc1cccc(Cn2cnc3ccc(-c4cc(NCCNc5ccncc5)ncc4Cl)cc32)c1,7.366531544420413,True,<rdkit.Chem.rdchem.Mol object at 0x735c79f53370>
CHEMBL3668478,CDK9,43.0,nM,Clc1ccc(NCc2cccnc2)nc1-c1ccnc2[nH]c(C3CCCNC3)cc12,7.366531544420413,True,<rdkit.Chem.rdchem.Mol object at 0x735c79f53760>
CHEMBL3673535,CDK9,43.0,nM,OCC(O)CN1CCC(c2cc3c(-c4cncc(NCc5cccnc5)n4)ccnc3[nH]2)CC1,7.366531544420413,True,<rdkit.Chem.rdchem.Mol object at 0x735c79f537d0>
CHEMBL3644025,CDK2,43.0,nM,C#CCS(=O)(=O)c1ccc(Nc2ncc(C(F)(F)F)c(O[C@H](C)C(C)(C)O)n2)cc1,7.366531544420413,True,<rdkit.Chem.rdchem.Mol object at 0x735c79f53c30>
CHEMBL3648089,CDK1,43.0,nM,CCOC(=O)N=S(=O)(CC)c1ccc(Nc2ncc(Br)c(N[C@H](C)[C@H](C)O)n2)cc1,7.366531544420413,True,<rdkit.Chem.rdchem.Mol object at 0x735c79f53d10>
CHEMBL5925614,CDK9,43.0,nM,CC(C(=O)Nc1cc(-c2ccc3ncn(Cc4cccc(F)c4)c3c2)c(Cl)cn1)S(=O)(=O)C1CCOCC1,7.366531544420413,True,<rdkit.Chem.rdchem.Mol object at 0x735c79f53f40>
CHEMBL3644023,CDK1,43.0,nM,C=CCS(=O)(=O)c1ccc(Nc2ncc(C(F)(F)F)c(O[C@H](C)C(C)(C)O)n2)cc1,7.366531544420413,True,<rdkit.Chem.rdchem.Mol object at 0x735c79f51e00>
CHEMBL5957288,CDK9,43.0,nM,OCC(O)CN[C@H]1CC[C@H](Nc2cc(-c3ccc4ncn(Cc5cccc(F)c5)c4c3)c(Cl)cn2)CC1,7.366531544420413,True,<rdkit.Chem.rdchem.Mol object at 0x735c79f51380>
CHEMBL5769321,CDK9,43.0,nM,O=C(Nc1cc(-c2ccc3nnn(CCc4cccc(F)c4)c3c2)c(Cl)cn1)[C@@H]1CCCNC1,7.366531544420413,True,<rdkit.Chem.rdchem.Mol object at 0x735c79f521f0>
CHEMBL193860,CDK1,43.0,nM,FC(F)(F)c1cnc(Nc2ccc3[nH]cnc3c2)nc1OC1CCCCC1,7.366531544420413,True,<rdkit.Chem.rdchem.Mol object at 0x735c79f50190>
CHEMBL5517681,CDK9,43.2,nM,CC(=O)Nc1ccc(CNc2nc(N3CCC[C@H](O)C3)nc3c(C(C)C)cnn23)cc1,7.364516253185088,True,<rdkit.Chem.rdchem.Mol object at 0x735c79f50580>
CHEMBL6148005,CDK6,44.0,nM,CC(=O)N1CCC2(CC1)CC(=O)c1ccc(-c3nc(Nc4ccc(N5CCCCC5)cn4)ncc3F)cc1O2,7.356547323513812,True,<rdkit.Chem.rdchem.Mol object at 0x735c79f50900>
CHEMBL3952162,CDK9,44.0,nM,CN(C)C(=O)CN1CC=C(c2[nH]c3ncc(F)c4c3c2CN(C)c2ccc(F)cc2-4)CC1,7.356547323513812,True,<rdkit.Chem.rdchem.Mol object at 0x735c79f509e0>
CHEMBL4218267,CDK1,44.0,nM,CCN1CCN(Cc2cnc(Nc3cc(-c4cc(F)c5nc(C)n(C(C)C)c5c4)c(F)cn3)cn2)CC1,7.356547323513812,True,<rdkit.Chem.rdchem.Mol object at 0x735c79f50a50>
CHEMBL3985050,CDK9,44.0,nM,CN1Cc2c(C3=CCN(CC(=O)N4CC(O)C4)CC3)[nH]c3nccc(c23)-c2cc(F)ccc21,7.356547323513812,True,<rdkit.Chem.rdchem.Mol object at 0x735c79f50c10>
CHEMBL3668407,CDK9,44.0,nM,COc1ccc(F)cc1-c1ccnc2[nH]c(C3CCN(C(C)=O)CC3)cc12,7.356547323513812,True,<rdkit.Chem.rdchem.Mol object at 0x735c79f51ee0>
CHEMBL3702243,CDK4,44.0,nM,CC1(C)CN(c2ccc(Nc3ncc4c5ccncc5n(C5CCC5)c4n3)nc2)CCN1,7.356547323513812,True,<rdkit.Chem.rdchem.Mol object at 0x735c79f52500>
CHEMBL3668382,CDK9,44.0,nM,COc1ccc(F)cc1-c1ccnc2[nH]c(C3CCN(CCO)C3)cc12,7.356547323513812,True,<rdkit.Chem.rdchem.Mol object at 0x735c79f533e0>
CHEMBL3668383,CDK9,44.0,nM,COc1ccc(F)cc1-c1ccnc2[nH]c(C3CCN(C4CCOCC4)C3)cc12,7.356547323513812,True,<rdkit.Chem.rdchem.Mol object at 0x735c79f32420>
CHEMBL4740254,CDK9,44.0,nM,CC1(C)Cc2c(-c3cc(NC(=O)[C@H]4C[C@@H](O)C4)ncc3Cl)cnn2C1,7.356547323513812,True,<rdkit.Chem.rdchem.Mol object at 0x735c79f322d0>
CHEMBL4846069,CDK2,44.0,nM,COc1ccc(CC(=O)Nc2cc(C3CCC3)[nH]n2)cc1,7.356547323513812,True,<rdkit.Chem.rdchem.Mol object at 0x735c79f32490>
CHEMBL3263773,CDK9,44.0,nM,COc1ccccc1-c1cc(Nc2cccc(CS(N)(=O)=O)c2)ncn1,7.356547323513812,True,<rdkit.Chem.rdchem.Mol object at 0x735c79f30a50>
CHEMBL3648121,CDK1,44.0,nM,CCS(=N)(=O)c1ccc(Nc2ncc(Br)c(N[C@@H](COC)[C@H](C)O)n2)cc1,7.356547323513812,True,<rdkit.Chem.rdchem.Mol object at 0x735c79f30040>
CHEMBL3648078,CDK1,44.0,nM,C[C@@H](Nc1nc(Nc2ccc(S(=N)(=O)C3CCCC3)cc2)ncc1Br)C(C)(C)O,7.356547323513812,True,<rdkit.Chem.rdchem.Mol object at 0x735c79f30190>
CHEMBL3691683,CDK1,44.0,nM,CN(C)C(=O)c1cc2cnc(Nc3ccc(C(=O)N4C[C@H]5CC[C@@H](C4)N5C)cn3)nc2n1C1CCCC1,7.356547323513812,True,<rdkit.Chem.rdchem.Mol object at 0x735c79f30d60>
CHEMBL3668377,CDK9,44.0,nM,C[C@H](Nc1cccc(-c2ccnc3[nH]c(C4CCN(C)CC4)cc23)n1)c1ccccc1,7.356547323513812,True,<rdkit.Chem.rdchem.Mol object at 0x735c79f31310>
CHEMBL498659,CDK2,44.0,nM,Cl.O=C(N[C@H]1CCCNC1)c1n[nH]cc1NC(=O)c1c(F)cccc1F,7.356547323513812,True,<rdkit.Chem.rdchem.Mol object at 0x735c79f31700>
CHEMBL3641966,CDK4,44.0,nM,O[C@@H]1CCN(c2ccc(Nc3ncc4c5ccncc5n([C@H]5CCC[C@@H]5O)c4n3)nn2)C1,7.356547323513812,True,<rdkit.Chem.rdchem.Mol object at 0x735c79f31cb0>
CHEMBL5194832,CDK2,44.0,nM,C[C@@H]1CCC[C@H]1N1C(=O)C2(CC2)c2cnc(Nc3ccc(S(=O)(=O)N[C@@H]4CCCN(C)C4)cc3)nc21,7.356547323513812,True,<rdkit.Chem.rdchem.Mol object at 0x735c79f320a0>
CHEMBL3641920,CDK4,44.0,nM,O[C@@H]1CCC[C@@H]1n1c2cnccc2c2cnc(Nc3ccc(N4CCNCC4)cn3)nc21,7.356547323513812,True,<rdkit.Chem.rdchem.Mol object at 0x735c79f32260>
CHEMBL6149181,CDK6,44.0,nM,CC(=O)N1CCC2(CC1)CC(=O)c1ccc(-c3nc(Nc4ccc(C5CCN(C)CC5)cn4)ncc3F)cc1O2,7.356547323513812,True,<rdkit.Chem.rdchem.Mol object at 0x735c79f32880>
CHEMBL2426393,CDK2,44.0,nM,O=C(NC(=S)Nc1ccc(Cl)cc1)c1cn(-c2ccccc2)nc1-c1ccc(F)cc1,7.356547323513812,True,<rdkit.Chem.rdchem.Mol object at 0x735c79f32a40>
CHEMBL3691583,CDK4,44.0,nM,CN(C)C(=O)c1cc2cnc(Nc3ccc(C(=O)N4[C@@H]5CNC[C@H]4COC5)cn3)nc2n1C1CCCC1,7.356547323513812,True,<rdkit.Chem.rdchem.Mol object at 0x735c79f32ce0>
CHEMBL3673552,CDK9,44.0,nM,NC(=O)C1CC=C(c2cc3c(-c4cncc(NCc5cccc(F)c5)n4)ccnc3[nH]2)CC1,7.356547323513812,True,<rdkit.Chem.rdchem.Mol object at 0x735c79f32ea0>
CHEMBL3673548,CDK9,44.0,nM,O=C(O)C1CC=C(c2cc3c(-c4cncc(NCc5cccc(F)c5)n4)ccnc3[nH]2)CC1,7.356547323513812,True,<rdkit.Chem.rdchem.Mol object at 0x735c79f334c0>
CHEMBL3903886,CDK9,44.0,nM,CN1Cc2c(C3=CC4CCCC(C3)N4C(=O)CC#N)[nH]c3nccc(c23)-c2cc(F)ccc21,7.356547323513812,True,<rdkit.Chem.rdchem.Mol object at 0x735c79f335a0>
CHEMBL5426122,CDK1,44.52,nM,S=C(Nc1cccc(Cl)c1)N1CCN(c2nnc(Cc3ccccc3)c3ccccc23)CC1,7.35144484433733,True,<rdkit.Chem.rdchem.Mol object at 0x735c79f33920>
CHEMBL4206061,CDK1,44.8,nM,Cc1nc2c(F)cc(-c3nc(Nc4ccc5c(n4)CCN(C(=O)CN4CCN(C)CC4)C5)ncc3F)cc2n1C(C)C,7.348721986001855,True,<rdkit.Chem.rdchem.Mol object at 0x735c79f30f90>
CHEMBL5531956,CDK9,44.82,nM,CC[C@@H](CO)Nc1nc(NCc2ccc(NC(C)=O)cc2)n2ncc(C(C)C)c2n1,7.348528147800957,True,<rdkit.Chem.rdchem.Mol object at 0x735c79f31000>
CHEMBL3668499,CDK9,45.0,nM,COc1ccc(F)cc1-c1c(F)cnc2[nH]c(C3=CCN(CC(=O)N(C)C)CC3)cc12,7.346787486224656,True,<rdkit.Chem.rdchem.Mol object at 0x735c79f31150>
CHEMBL5180640,CDK9,45.0,nM,COc1cc(F)ccc1-c1ccnc2[nH]c(C3CCN(CCO)CC3)cc12,7.346787486224656,True,<rdkit.Chem.rdchem.Mol object at 0x735c79f33a00>
CHEMBL3639673,CDK9,45.0,nM,COc1ccc(F)cc1-c1ccnc2[nH]c(C3CCN(CC(=O)NC4CC(O)C4)CC3)cc12,7.346787486224656,True,<rdkit.Chem.rdchem.Mol object at 0x735c79f31a80>
CHEMBL3946513,CDK9,45.0,nM,CN1Cc2c(C3=CCN(CC(=O)N4CCC[C@H]4CO)CC3)[nH]c3nccc(c23)-c2cc(F)c(F)cc21,7.346787486224656,True,<rdkit.Chem.rdchem.Mol object at 0x735c79f33450>
CHEMBL5862185,CDK9,45.0,nM,CN(C)CC(C)(C)CNc1cc(-c2ccc3ncn(Cc4cccc(F)c4)c3c2)c(Cl)cn1,7.346787486224656,True,<rdkit.Chem.rdchem.Mol object at 0x735c79f32650>
CHEMBL1800456,CDK1,45.0,nM,Nc1nc(-c2cc(N3C[C@H](O)[C@@H](O)C3)ccc2O)cc(C2CCCCC2)n1,7.346787486224656,True,<rdkit.Chem.rdchem.Mol object at 0x735c79f304a0>
CHEMBL3673529,CDK9,45.0,nM,CNC(=O)N1CCC(c2cc3c(-c4cncc(OCc5cccc(F)c5)n4)ccnc3[nH]2)CC1,7.346787486224656,True,<rdkit.Chem.rdchem.Mol object at 0x735c79f326c0>
CHEMBL5917328,CDK9,45.0,nM,OCCCNc1cc(-c2ccc3ncn(Cc4cccc(F)c4)c3c2)c(Cl)cn1,7.346787486224656,True,<rdkit.Chem.rdchem.Mol object at 0x735c79f32f10>
CHEMBL3668522,CDK9,45.0,nM,COc1ccc(F)cc1-c1ccnc2[nH]c(C3=CCN(CC(=O)N(C)C)CC3)c(C#N)c12,7.346787486224656,True,<rdkit.Chem.rdchem.Mol object at 0x735c79f33060>
CHEMBL3668514,CDK9,45.0,nM,COc1ccc(F)cc1-c1ccnc2[nH]c(C3CCN(CC(=O)N4CCC[C@H]4CO)CC3)cc12,7.346787486224656,True,<rdkit.Chem.rdchem.Mol object at 0x735c79f33bc0>
CHEMBL3702162,CDK4,45.0,nM,c1cc(-c2ccc(Nc3ncc4c5ccncc5n(C5CCCC5)c4n3)nc2)ccn1,7.346787486224656,True,<rdkit.Chem.rdchem.Mol object at 0x735c79f30f20>
CHEMBL1964255,CDK1,45.0,nM,N=C(N)NS(=O)(=O)c1ccc(N/C=C2\C(=O)Nc3ccc4ncsc4c32)cc1,7.346787486224656,True,<rdkit.Chem.rdchem.Mol object at 0x735c79f2f530>
CHEMBL1964249,CDK1,45.0,nM,COCCOCCOCCOCCN(C)S(=O)(=O)c1ccc(N/C=C2\C(=O)Nc3ccc4ncsc4c32)cc1,7.346787486224656,True,<rdkit.Chem.rdchem.Mol object at 0x735c79f2c9e0>
CHEMBL3668432,CDK9,45.0,nM,CN1CCC(c2cc3c(-c4nc(NCc5ccc(S(N)(=O)=O)cc5)ccc4Cl)ccnc3[nH]2)CC1,7.346787486224656,True,<rdkit.Chem.rdchem.Mol object at 0x735c79f2c350>
CHEMBL3691677,CDK4,45.0,nM,CN(C)C(=O)c1cc2cnc(Nc3ccc(N4C[C@@H]5CC[C@H](CC4=O)N5C)cn3)nc2n1C1CCCC1,7.346787486224656,True,<rdkit.Chem.rdchem.Mol object at 0x735c79f2c510>
CHEMBL4079206,CDK6,45.0,nM,CN1CC[C@H](c2c(O)cc(O)c3c(=O)cc(/C=C/c4c(Cl)cccc4Cl)oc23)[C@H](O)C1,7.346787486224656,True,<rdkit.Chem.rdchem.Mol object at 0x735c79f2cac0>
CHEMBL3641931,CDK4,45.0,nM,CNC1CCN(c2ccc(Nc3ncc4c5ccncc5n([C@@H](C)CO)c4n3)nn2)CC1,7.346787486224656,True,<rdkit.Chem.rdchem.Mol object at 0x735c79f2d070>
CHEMBL6013201,CDK6,45.0,nM,CC(C)N1CCOc2c(F)cc(-c3nc(Nc4cnn(C5CCC(O)CC5)c4)ncc3F)cc21,7.346787486224656,True,<rdkit.Chem.rdchem.Mol object at 0x735c79f2d150>
CHEMBL3691591,CDK4,45.0,nM,CN(C)C(=O)c1cc2cnc(Nc3ccc(C(=O)N4CC5C[C@@H]4CN5)cn3)nc2n1C1CCCC1,7.346787486224656,True,<rdkit.Chem.rdchem.Mol object at 0x735c79f2d3f0>
CHEMBL5592661,CDK1,45.0,nM,CS(=O)(=O)N1CCC(Nc2ncc(C(F)(F)F)c(-c3cnn(-c4ccc(C#N)cc4Cl)c3)n2)CC1,7.346787486224656,True,<rdkit.Chem.rdchem.Mol object at 0x735c79f2d460>
CHEMBL3911547,CDK9,45.0,nM,CN(CC(O)CO)C(=O)CN1CC=C(c2[nH]c3ncc(F)c4c3c2CN(C)c2ccc(F)cc2-4)CC1,7.346787486224656,True,<rdkit.Chem.rdchem.Mol object at 0x735c79f2d540>
CHEMBL3920906,CDK9,45.0,nM,CN1Cc2c(C3=CCN(C4CCC(=CC#N)CC4)CC3)[nH]c3nccc(c23)-c2cc(F)ccc21,7.346787486224656,True,<rdkit.Chem.rdchem.Mol object at 0x735c79f2d690>
CHEMBL3237449,CDK4,45.0,nM,C[C@@H](CO)n1c2cnccc2c2cnc(Nc3ccc(N4CCNCC4)cn3)nc21,7.346787486224656,True,<rdkit.Chem.rdchem.Mol object at 0x735c79f2d700>
CHEMBL4208366,CDK6,45.6,nM,CCN1CCN(Cc2ccc(Nc3ncc(F)c(-c4cc(F)c5nc6n(c5c4)CCCC6)n3)nc2)CC1,7.341035157335565,True,<rdkit.Chem.rdchem.Mol object at 0x735c79f2de70>
CHEMBL5555560,CDK9,45.68,nM,CCC(=O)Nc1ccc(CNc2nc(NC(CO)CO)nc3c(C(C)C)cnn23)cc1,7.340273904762208,True,<rdkit.Chem.rdchem.Mol object at 0x735c79f2e260>
CHEMBL2158848,CDK2,46.0,nM,Cc1cccc(Nc2nccc(-c3ccnc(N4CCOCC4)c3)n2)c1,7.337242168318426,True,<rdkit.Chem.rdchem.Mol object at 0x735c79f2f060>
CHEMBL475948,CDK2,46.0,nM,Cc1ncc(-c2nc(Nc3ccc(N4CCC[C@H]4C(=O)N(C)C)cc3)ncc2F)n1C(C)C,7.337242168318426,True,<rdkit.Chem.rdchem.Mol object at 0x735c79f2f760>
CHEMBL3702204,CDK4,46.0,nM,O[C@@H]1CCN(c2ccc(Nc3ncc4c5ccccc5n(C5CCCC5)c4n3)nc2)C1,7.337242168318426,True,<rdkit.Chem.rdchem.Mol object at 0x735c79f2de00>
CHEMBL188392,CDK2,46.0,nM,NC(=O)c1cc(F)c(C(=O)c2c(N)nc3ccc(C(=O)c4c(Cl)cccc4Cl)cn23)c(F)c1,7.337242168318426,True,<rdkit.Chem.rdchem.Mol object at 0x735c79f2ce40>
CHEMBL151546,CDK2,46.0,nM,NC(=O)Nc1cccc2c1C(=O)c1c(-c3csc(Cl)c3)n[nH]c1-2,7.337242168318426,True,<rdkit.Chem.rdchem.Mol object at 0x735c79f2e5e0>
CHEMBL3668397,CDK9,46.0,nM,COc1ccc(F)cc1-c1ccnc2[nH]c(C3CCN(C4CCNC4)C3)cc12,7.337242168318426,True,<rdkit.Chem.rdchem.Mol object at 0x735c79f2ef80>
CHEMBL3975203,CDK9,46.0,nM,CN1Cc2c(C3=C[C@H]4CC[C@@H](C3)N4)[nH]c3nccc(c23)-c2cc(F)ccc21,7.337242168318426,True,<rdkit.Chem.rdchem.Mol object at 0x735c79f2e110>
CHEMBL3981309,CDK9,46.0,nM,CC(C)[C@@H](NC1CC=C(c2[nH]c3nccc4c3c2CN(C)c2ccc(F)cc2-4)CC1)C(=O)O,7.337242168318426,True,<rdkit.Chem.rdchem.Mol object at 0x735c79f2c820>
CHEMBL3691570,CDK4,46.0,nM,CC(=O)N1C2CCC1CN(C(=O)c1ccc(Nc3ncc4cc(C(=O)N(C)C)n(C5CCCC5)c4n3)nc1)C2,7.337242168318426,True,<rdkit.Chem.rdchem.Mol object at 0x735c79f2cdd0>
CHEMBL3951656,CDK9,46.0,nM,CN(CCO)C(=O)CN1CC=C(c2[nH]c3nccc4c3c2CN(C)c2cc(F)c(F)cc2-4)CC1,7.337242168318426,True,<rdkit.Chem.rdchem.Mol object at 0x735c79f2e1f0>
CHEMBL3953940,CDK9,46.0,nM,CN(C)C(=O)CN1CC2C=C(c3[nH]c4nccc5c4c3CN(C)c3ccc(F)cc3-5)CC2C1,7.337242168318426,True,<rdkit.Chem.rdchem.Mol object at 0x735c79f27610>
CHEMBL2402946,CDK1,46.8,nM,NC1CCC(Nc2nc(NCc3ccc(-c4ccccc4O)nc3)c3ncn(C4CCCC4)c3n2)CC1,7.329754146925876,True,<rdkit.Chem.rdchem.Mol object at 0x735c79f25850>
CHEMBL6147308,CDK2,46.88,nM,COc1cccc(NC(=O)NNC(=O)c2oc3ccccc3c2CN2CCN(c3ccccc3)CC2)c1,7.329012396989966,True,<rdkit.Chem.rdchem.Mol object at 0x735c79f24040>
CHEMBL4793212,CDK9,46.9,nM,COc1cc(F)ccc1-c1ccnc(Nc2ccc3c(c2)N(C(C)C)[C@H](C)C(=O)N3C)n1,7.328827157284917,True,<rdkit.Chem.rdchem.Mol object at 0x735c79f24ac0>
CHEMBL3691615,CDK4,47.0,nM,CN(C)C(=O)c1cc2cnc(Nc3ccc(C(=O)N4CC5CCC(C4)N5)cn3)nc2n1C1C[C@H]2CC[C@@H]1C2,7.327902142064282,True,<rdkit.Chem.rdchem.Mol object at 0x735c79f24430>
CHEMBL3668517,CDK9,47.0,nM,CCN(C(=O)O)S(=O)(=O)NC1CC=C(c2cc3c(-c4cc(F)ccc4OC)ccnc3[nH]2)CC1,7.327902142064282,True,<rdkit.Chem.rdchem.Mol object at 0x735c79f24f90>
CHEMBL3237445,CDK6,47.0,nM,Cc1nccc2c3cnc(Nc4ccc(N5CCNCC5)cn4)nc3n(C3CCCC3)c12,7.327902142064282,True,<rdkit.Chem.rdchem.Mol object at 0x735c79f25230>
CHEMBL2012410,CDK1,47.0,nM,Cn1cc(Nc2ncc3cnn([C@@H]4C[C@H]5C[C@H]5C4)c3n2)cc1C(=O)N1CCC[C@H]1CN1CCCC1,7.327902142064282,True,<rdkit.Chem.rdchem.Mol object at 0x735c79f25310>
CHEMBL3691564,CDK4,47.0,nM,CN(C)C(=O)c1cc2cnc(Nc3ccc(C(=O)N4CCN5CCC[C@@H]5C4)cn3)nc2n1C1CCCC1,7.327902142064282,True,<rdkit.Chem.rdchem.Mol object at 0x735c79f26650>
CHEMBL3702202,CDK4,47.0,nM,C[C@H]1CN(c2ccc(Nc3ncc4c5ccccc5n(C5CCCC5)c4n3)nn2)CCN1,7.327902142064282,True,<rdkit.Chem.rdchem.Mol object at 0x735c79f262d0>
CHEMBL402158,CDK1,47.0,nM,O=C(Cc1cccc(Br)c1)Nc1n[nH]c2ccc(N3CCCS3(=O)=O)cc12,7.327902142064282,True,<rdkit.Chem.rdchem.Mol object at 0x735c79f267a0>
CHEMBL3668501,CDK9,47.0,nM,CN(C)C(=O)CN1CC=C(c2cc3c(-c4cccc(F)c4F)ccnc3[nH]2)CC1,7.327902142064282,True,<rdkit.Chem.rdchem.Mol object at 0x735c79f26ab0>
CHEMBL5440428,CDK2,47.0,nM,O=C(NC1CCNCC1)c1n[nH]cc1NC(=O)c1c(Cl)cccc1Cl.O=C(O)C(F)(F)F,7.327902142064282,True,<rdkit.Chem.rdchem.Mol object at 0x735c79f27450>
CHEMBL5191333,CDK9,47.0,nM,COc1cc(F)ccc1-c1ccnc2[nH]c(C3CCC(NC(C)=O)C3)nc12,7.327902142064282,True,<rdkit.Chem.rdchem.Mol object at 0x735c79f27530>
CHEMBL445813,CDK2,47.0,nM,O=C(NC1CCNCC1)c1n[nH]cc1NC(=O)c1c(Cl)cccc1Cl,7.327902142064282,True,<rdkit.Chem.rdchem.Mol object at 0x735c79f275a0>
CHEMBL2426383,CDK2,47.0,nM,COc1ccc(NC(=S)NC(=O)c2cn(-c3ccccc3)nc2-c2ccc(C)cc2)cc1,7.327902142064282,True,<rdkit.Chem.rdchem.Mol object at 0x735c79f258c0>
CHEMBL3984563,CDK9,47.0,nM,CCOC(=O)NS(=O)(=O)N1CC=C(c2[nH]c3nccc4c3c2CN(C)c2ccc(F)cc2-4)CC1,7.327902142064282,True,<rdkit.Chem.rdchem.Mol object at 0x735c79f26ff0>
CHEMBL3668424,CDK9,47.0,nM,CN(C)CCOc1ccc(CNc2cccc(-c3ccnc4[nH]c(C5CCN(C)CC5)cc34)n2)cc1,7.327902142064282,True,<rdkit.Chem.rdchem.Mol object at 0x735c79f265e0>
CHEMBL560102,CDK2,47.0,nM,CNC(=O)c1nn(C)c2c1C(C)(C)Cc1cnc(Nc3cccc(OC4CCN(C)CC4)c3)nc1-2,7.327902142064282,True,<rdkit.Chem.rdchem.Mol object at 0x735c79f271b0>
CHEMBL211514,CDK4,47.0,nM,Cc1ccc(Cl)c(N(CC#N)c2cc(Nc3ccc(OC[C@@H](O)CN(C)C)cc3)ncn2)c1,7.327902142064282,True,<rdkit.Chem.rdchem.Mol object at 0x735c79f26e30>
CHEMBL4449998,CDK9,47.1,nM,Cc1nc2c(F)cc(-c3nc(Nc4ccc5c(n4)CCN(CCN(C)C)C5)ncc3F)cc2n1CC1CC1,7.326979092871104,True,<rdkit.Chem.rdchem.Mol object at 0x735c79f26f10>
CHEMBL5976517,CDK9,47.5,nM,Cc1nc2c(F)cc(-c3nc(Nc4ccc5c(n4)CCN(CC#CCN(C)C)C5)ncc3F)cc2n1C(C)C,7.323306390375134,True,<rdkit.Chem.rdchem.Mol object at 0x735c79f25380>
CHEMBL4448494,CDK2,47.7,nM,Cc1nc2c(F)cc(-c3nc(Nc4ccc5c(n4)CCN(CCN(C)C)C5)ncc3F)cc2n1C(C)C,7.3214816209598865,True,<rdkit.Chem.rdchem.Mol object at 0x735c79f27ed0>
CHEMBL3984185,CDK9,48.0,nM,CN1Cc2c(C3=CCN(CC(=O)O)CC3)[nH]c3ncc(F)c(c23)-c2cc(F)ccc21,7.318758762624412,True,<rdkit.Chem.rdchem.Mol object at 0x735c79f26960>
CHEMBL5273925,CDK2,48.0,nM,CC(C)(C)c1coc(CSc2cnc(NC(=O)C3CCNCC3)s2)n1,7.318758762624412,True,<rdkit.Chem.rdchem.Mol object at 0x735c79f14270>
CHEMBL3691665,CDK4,48.0,nM,CN(C)C(=O)c1cc2cnc(Nc3ccc(N4C[C@@H]5CC[C@H](CC4=O)N5)cn3)nc2n1-c1ccccc1,7.318758762624412,True,<rdkit.Chem.rdchem.Mol object at 0x735c79f14f20>
CHEMBL3958069,CDK9,48.0,nM,CN1Cc2c(C3=CCN([C@H]4CC[C@@H](CC(=O)O)CC4)CC3)[nH]c3nccc(c23)-c2cc(F)ccc21,7.318758762624412,True,<rdkit.Chem.rdchem.Mol object at 0x735c79f142e0>
CHEMBL3698737,CDK6,48.0,nM,c1cc2c3cnc(Nc4ccc(N5CCCCC5)nn4)nc3n(C3CCCC3)c2cn1,7.318758762624412,True,<rdkit.Chem.rdchem.Mol object at 0x735c79f14890>
CHEMBL81196,CDK2,48.0,nM,NCCCNc1cc(-c2ccc[nH]2)c2c3c(ccc(F)c13)NC2=O,7.318758762624412,True,<rdkit.Chem.rdchem.Mol object at 0x735c79f14970>
CHEMBL3915267,CDK9,48.0,nM,CN(CCO)C(=O)CN1CC=C(c2[nH]c3nccc4c3c2CN(C)c2ccc(F)cc2-4)CC1,7.318758762624412,True,<rdkit.Chem.rdchem.Mol object at 0x735c79f15850>
CHEMBL4785242,CDK9,48.0,nM,CC(=O)N[C@@H]1CCC[C@H](C(=O)Nc2cc(-c3cnn4c3CC(C)(C)CC4)ccn2)C1,7.318758762624412,True,<rdkit.Chem.rdchem.Mol object at 0x735c79f160a0>
CHEMBL3648090,CDK2,48.0,nM,CCOC(=O)N=S(C)(=O)c1ccc(Nc2ncc(Br)c(N[C@H](C)C(C)(C)O)n2)cc1C,7.318758762624412,True,<rdkit.Chem.rdchem.Mol object at 0x735c79f161f0>
CHEMBL3702200,CDK6,48.0,nM,CN(C)C1CCN(c2ccc(Nc3ncc4c5ccccc5n(C5CCCC5)c4n3)nn2)CC1,7.318758762624412,True,<rdkit.Chem.rdchem.Mol object at 0x735c79f16260>
CHEMBL2158855,CDK1,48.0,nM,NS(=O)(=O)c1cccc(Nc2nccc(-c3ccnc(N4CC5CCC(C4)O5)c3)n2)c1,7.318758762624412,True,<rdkit.Chem.rdchem.Mol object at 0x735c79f16b20>
CHEMBL3971127,CDK9,48.0,nM,CN1Cc2c(C3=CCN(CC(=O)N4CC[C@H](O)C4)CC3)[nH]c3nccc(c23)-c2cc(F)ccc21,7.318758762624412,True,<rdkit.Chem.rdchem.Mol object at 0x735c79f16c00>
CHEMBL234452,CDK1,48.0,nM,CN(C)CCc1ccc(Nc2ncc(Cl)c(-c3c[nH]c4ccccc34)n2)cc1,7.318758762624412,True,<rdkit.Chem.rdchem.Mol object at 0x735c79f16e30>
CHEMBL3663787,CDK9,48.0,nM,CCN(Cc1ccccc1)c1ccc(Cl)c(-c2ccnc3[nH]c(C4CCNCC4)cc23)n1,7.318758762624412,True,<rdkit.Chem.rdchem.Mol object at 0x735c79f16f10>
CHEMBL5932825,CDK9,48.0,nM,Cc1nc2c(F)cc(-c3nc(Nc4ccc5c(n4)CCN(C(=O)CN(C)C)C5)ncc3F)cc2n1C1CC1,7.318758762624412,True,<rdkit.Chem.rdchem.Mol object at 0x735c79f17060>
CHEMBL3976491,CDK9,48.0,nM,CCC1c2c(C3=CCNCC3)[nH]c3nccc(c23)-c2cc(F)ccc2N1C,7.318758762624412,True,<rdkit.Chem.rdchem.Mol object at 0x735c79f173e0>
CHEMBL114851,CDK2,48.0,nM,O=C(Cc1ccccc1)Nc1cc(C2CC2)[nH]n1,7.318758762624412,True,<rdkit.Chem.rdchem.Mol object at 0x735c79f17530>
CHEMBL3702031,CDK4,48.1,nM,CN(C)C1CCN(c2ccc(Nc3ncc4c5cc[nH]c(=O)c5n(C5CCCC5)c4n3)nc2)CC1,7.317854923626168,True,<rdkit.Chem.rdchem.Mol object at 0x735c79f177d0>
CHEMBL5834090,CDK2,48.4,nM,Cc1nc2c(F)cc(-c3nc(Nc4ccc5c(n4)CCN(CCN(C)CCO)C5)ncc3F)cc2n1C(C)(C)C,7.315154638355588,True,<rdkit.Chem.rdchem.Mol object at 0x735c79f17d10>
CHEMBL4740586,CDK9,48.9,nM,CC(C)N1c2cc(Nc3nccc(-c4ccc(N)cc4)n3)ccc2N(C)C(=O)[C@H]1C,7.310691140876379,True,<rdkit.Chem.rdchem.Mol object at 0x735c79f15620>
CHEMBL5902021,CDK9,49.0,nM,Fc1cccc(Cn2cnc3ccc(-c4cc(NCC5CNCC5F)ncc4Cl)cc32)c1,7.309803919971486,True,<rdkit.Chem.rdchem.Mol object at 0x735c79f163b0>
CHEMBL3702219,CDK6,49.0,nM,CC[C@@H](C)n1c2cnccc2c2cnc(Nc3ccc(N4CC[C@@H](O)C4)nn3)nc21,7.309803919971486,True,<rdkit.Chem.rdchem.Mol object at 0x735c79f14ac0>
CHEMBL3663791,CDK9,49.0,nM,Fc1ccc(NCc2ccccc2)cc1-c1ccnc2[nH]c(C3CCNCC3)cc12,7.309803919971486,True,<rdkit.Chem.rdchem.Mol object at 0x735c79f14dd0>
CHEMBL5426856,CDK4,49.0,nM,Sc1nnc(-c2c[nH]c3ccccc23)n1/N=C/c1cccc(Br)c1,7.309803919971486,True,<rdkit.Chem.rdchem.Mol object at 0x735c79f15070>
CHEMBL6149529,CDK6,49.0,nM,COC1CCN(c2ccc(Nc3ncc(F)c(-c4ccc5c(c4)OC4(CCN(C(C)=O)CC4)CC5=O)n3)nc2)CC1,7.309803919971486,True,<rdkit.Chem.rdchem.Mol object at 0x735c79f15930>
CHEMBL3668530,CDK9,49.0,nM,COc1ccc(F)cc1-c1c(F)cnc2[nH]c(C3=CCN(S(C)(=O)=O)CC3)c(C#N)c12,7.309803919971486,True,<rdkit.Chem.rdchem.Mol object at 0x735c79f17920>
CHEMBL2426392,CDK2,49.0,nM,O=C(NC(=S)Nc1ccc(F)cc1)c1cn(-c2ccccc2)nc1-c1ccc(F)cc1,7.309803919971486,True,<rdkit.Chem.rdchem.Mol object at 0x735c79f17e60>
CHEMBL3691567,CDK4,49.0,nM,CNC(=O)c1cc2cnc(Nc3ccc(C(=O)N4C[C@@H]5C[C@H]4CN5)cn3)nc2n1C1CCCC1,7.309803919971486,True,<rdkit.Chem.rdchem.Mol object at 0x735c79f17300>
CHEMBL4759074,CDK9,49.0,nM,CC(=O)NC1CCCC(C(=O)Nc2cc(-c3cnn4c3CC(C)(C)C4)c(Cl)cn2)C1,7.309803919971486,True,<rdkit.Chem.rdchem.Mol object at 0x735c79f1d7e0>
CHEMBL3702139,CDK4,49.0,nM,c1csc(Cn2c3cnccc3c3cnc(Nc4ccc(N5CCNCC5)cn4)cc32)c1,7.309803919971486,True,<rdkit.Chem.rdchem.Mol object at 0x735c79f1f220>
CHEMBL3691555,CDK4,49.0,nM,CN(C)C(=O)c1cc2cnc(Nc3ccc(C(=O)N4CC5CC(C4)N(CC(F)(F)F)C5)cn3)nc2n1C1CCCC1,7.309803919971486,True,<rdkit.Chem.rdchem.Mol object at 0x735c79f1c4a0>
CHEMBL3663750,CDK9,49.0,nM,COc1cc(F)ccc1-c1ccnc2[nH]c(C3CCCN(C)C3)cc12,7.309803919971486,True,<rdkit.Chem.rdchem.Mol object at 0x735c79f1e0a0>
CHEMBL3644030,CDK2,49.0,nM,C=CCOc1nc(Nc2ccc(S(C)(=O)=O)cc2)ncc1C(F)(F)F,7.309803919971486,True,<rdkit.Chem.rdchem.Mol object at 0x735c79f1e3b0>
CHEMBL3648127,CDK1,49.0,nM,CCC(CO)Sc1nc(Nc2ccc(S(C)(=N)=O)cc2)ncc1Br,7.309803919971486,True,<rdkit.Chem.rdchem.Mol object at 0x735c79f1c2e0>
CHEMBL58466,CDK2,49.0,nM,O=C1Nc2cccc(C3CCNCC3)c2/C1=C/c1[nH]cc2c1CCNC2=O,7.309803919971486,True,<rdkit.Chem.rdchem.Mol object at 0x735c79f1c5f0>
CHEMBL3648079,CDK2,49.0,nM,C[C@@H](Nc1nc(Nc2ccc(S(=O)(CC=O)=NS(=O)(=O)CC[Si](C)(C)C)cc2)ncc1Br)C(C)(C)O,7.309803919971486,True,<rdkit.Chem.rdchem.Mol object at 0x735c79f1d070>
CHEMBL3663795,CDK9,49.0,nM,C[C@H](Nc1ccc(Cl)c(-c2ccnc3[nH]c(C4CCNCC4)cc23)n1)c1ccccc1,7.309803919971486,True,<rdkit.Chem.rdchem.Mol object at 0x735c79f1e960>
CHEMBL3648092,CDK1,49.0,nM,CCOC(=O)N=S(=O)(CC)c1ccc(Nc2ncc(Br)c(O[C@H](C)[C@H](C)O)n2)cc1,7.309803919971486,True,<rdkit.Chem.rdchem.Mol object at 0x735c79f1f450>
CHEMBL3702161,CDK4,49.0,nM,c1cc(-c2ccc(Nc3ncc4c5ccncc5n(C5CCCC5)c4n3)nn2)ccn1,7.309803919971486,True,<rdkit.Chem.rdchem.Mol object at 0x735c79f1f530>
CHEMBL2403096,CDK1,49.0,nM,NC1CCC(Nc2nc(NCc3ccc(-c4cccs4)nc3)c3ncn(C4CCCC4)c3n2)CC1,7.309803919971486,True,<rdkit.Chem.rdchem.Mol object at 0x735c79f1f3e0>
CHEMBL3668428,CDK9,49.0,nM,CN1CCC(c2cc3c(-c4cccc(NCc5ccc6c(c5)CNC6)n4)ccnc3[nH]2)CC1,7.309803919971486,True,<rdkit.Chem.rdchem.Mol object at 0x735c79f1c510>
CHEMBL6049782,CDK9,49.1,nM,O=C(Nc1cc(-c2cnc3n2CCCC3)c(Cl)cn1)[C@@H]1CCCNC1,7.308918507877031,True,<rdkit.Chem.rdchem.Mol object at 0x735c79f1c120>
CHEMBL4213109,CDK4,49.7,nM,CCC1Cc2nc3c(F)cc(-c4nc(Nc5ccc(CN6CCN(CC)CC6)cn5)ncc4F)cc3n2C1,7.303643611266668,True,<rdkit.Chem.rdchem.Mol object at 0x735c79f1ff40>
CHEMBL101119,CDK4,50.0,nM,CN(C)CC(O)COc1ccc(Nc2cc(N(CC#N)c3cc(Cl)ccc3Cl)ncn2)cc1,7.301029995663981,True,<rdkit.Chem.rdchem.Mol object at 0x735c79f1fd80>
CHEMBL79049,CDK2,50.0,nM,CCCCOc1c(C(=O)c2c(F)cc(F)cc2F)c[nH]c2nncc1-2,7.301029995663981,True,<rdkit.Chem.rdchem.Mol object at 0x735c79f1f7d0>
CHEMBL513354,CDK2,50.0,nM,CCN(CC)Cc1cccc(Nc2nccc(-c3cnn4ncccc34)n2)c1,7.301029995663981,True,<rdkit.Chem.rdchem.Mol object at 0x735c79f1d150>
CHEMBL403605,CDK1,50.0,nM,Cc1cccc(CC(=O)Nc2n[nH]c3ccc(N4CCCS4(=O)=O)cc23)c1,7.301029995663981,True,<rdkit.Chem.rdchem.Mol object at 0x735c79f3a030>
CHEMBL2426399,CDK6,50.0,nM,COc1ccc(NC(=S)NC(=O)c2cn(-c3ccccc3)nc2-c2ccccc2)cc1,7.301029995663981,True,<rdkit.Chem.rdchem.Mol object at 0x735c79f39150>
CHEMBL455428,CDK4,50.0,nM,CNC(=O)c1ccc(Nc2nccc(-c3cnc(C)n3C(C)C)n2)cc1F,7.301029995663981,True,<rdkit.Chem.rdchem.Mol object at 0x735c79f3b4c0>
CHEMBL3668369,CDK9,50.0,nM,CN1CCC(c2cc3c(-c4cccc(N(C)Cc5ccccc5)n4)ccnc3[nH]2)CC1,7.301029995663981,True,<rdkit.Chem.rdchem.Mol object at 0x735c79f38120>
CHEMBL5285499,CDK9,50.0,nM,CCCc1cc(N[C@@H]2CC[C@@H](N)C2)n2nccc2n1,7.301029995663981,True,<rdkit.Chem.rdchem.Mol object at 0x735c79f38820>
CHEMBL3641934,CDK4,50.0,nM,C[C@H](CO)n1c2cnccc2c2cnc(Nc3ccc(N4CCC(N(C)C)CC4)cn3)nc21,7.301029995663981,True,<rdkit.Chem.rdchem.Mol object at 0x735c79f38b30>
CHEMBL419753,CDK2,50.0,nM,O=C(Nc1cc(C2CCCC2)[nH]n1)c1ccc(Br)cc1,7.301029995663981,True,<rdkit.Chem.rdchem.Mol object at 0x735c79f39a10>
CHEMBL570002,CDK2,50.0,nM,Cc1cc(Nc2cnc(C#N)c(N[C@@H](C)c3ncc(F)cn3)n2)n[nH]1,7.301029995663981,True,<rdkit.Chem.rdchem.Mol object at 0x735c79f39bd0>
CHEMBL507722,CDK1,50.0,nM,Cc1ncc(-c2nc(Nc3ccc(C(=O)NC4CCN(C)CC4)cc3)ncc2F)n1C(C)C,7.301029995663981,True,<rdkit.Chem.rdchem.Mol object at 0x735c79f3aea0>
CHEMBL23327,CDK1,50.0,nM,CC(C)[C@H](CO)Nc1nc(Nc2cccc(Cl)c2)c2ncn(C(C)C)c2n1,7.301029995663981,True,<rdkit.Chem.rdchem.Mol object at 0x735c79f3af80>
CHEMBL255263,CDK1,50.0,nM,O=C(Cc1ccc(F)cc1)Nc1n[nH]c2ccc(N3CCCS3(=O)=O)cc12,7.301029995663981,True,<rdkit.Chem.rdchem.Mol object at 0x735c79f3b0d0>
CHEMBL379495,CDK2,50.0,nM,COc1ccc(C(=O)Nc2ncc(SCc3ncc(C(C)(C)C)o3)s2)cc1OC,7.301029995663981,True,<rdkit.Chem.rdchem.Mol object at 0x735c79f3b1b0>
CHEMBL2403094,CDK1,50.0,nM,NC1CCC(Nc2nc(NCc3ccc(-c4ccco4)nc3)c3ncn(C4CCCC4)c3n2)CC1,7.301029995663981,True,<rdkit.Chem.rdchem.Mol object at 0x735c79f3b370>
CHEMBL235849,CDK2,50.0,nM,CS(=O)(=O)Cc1ccc(N/C=C2\C(=O)Nc3ccc4ncsc4c32)cc1,7.301029995663981,True,<rdkit.Chem.rdchem.Mol object at 0x735c79f3b680>
CHEMBL3668402,CDK9,50.0,nM,COCCN1CCCC(c2cc3c(-c4cc(F)ccc4OC)ccnc3[nH]2)C1,7.301029995663981,True,<rdkit.Chem.rdchem.Mol object at 0x735c79f3b840>
CHEMBL5749689,CDK9,50.0,nM,O=C1NC2CC(C(=O)Nc3cc(-c4ccc5ncn(CC6CCOCC6)c5c4)c(Cl)cn3)CC2O1,7.301029995663981,True,<rdkit.Chem.rdchem.Mol object at 0x735c79f3ba00>
CHEMBL1800451,CDK2,50.0,nM,CCc1cc(-c2cc(N3C[C@H](O)[C@@H](O)C3)ccc2O)nc(N)n1,7.301029995663981,True,<rdkit.Chem.rdchem.Mol object at 0x735c79f3bed0>
CHEMBL3702222,CDK6,50.0,nM,CC[C@@H](C)n1c2cnccc2c2cnc(Nc3ccc(N4CC[C@@H](O)C4)cn3)nc21,7.301029995663981,True,<rdkit.Chem.rdchem.Mol object at 0x735c79f3b450>
CHEMBL3655773,CDK2,50.0,nM,CC[C@H](Nc1nc(NCc2cccc(C)n2)c2ncn(C(C)C)c2n1)[C@@H](C)O,7.301029995663981,True,<rdkit.Chem.rdchem.Mol object at 0x735c79f39c40>
CHEMBL3655771,CDK2,50.0,nM,CC[C@H](Nc1nc(NCc2cc(C)nc(C)c2)c2ncn(C(C)C)c2n1)[C@@H](C)O,7.301029995663981,True,<rdkit.Chem.rdchem.Mol object at 0x735c79f38200>
CHEMBL1964247,CDK1,50.0,nM,CN(C)S(=O)(=O)c1ccc(N/C=C2\C(=O)Nc3ccc4ncsc4c32)cc1,7.301029995663981,True,<rdkit.Chem.rdchem.Mol object at 0x735c79f3a3b0>
CHEMBL3655767,CDK2,50.0,nM,CC[C@H](Nc1nc(NC2CC2)c2ncn(C(C)C)c2n1)[C@@H](C)O,7.301029995663981,True,<rdkit.Chem.rdchem.Mol object at 0x735c79f3ac70>
CHEMBL4741442,CDK1,50.0,nM,C[C@H](CO)Nc1nc(Nc2ccc(S(N)(=O)=O)cc2)ncc1Br,7.301029995663981,True,<rdkit.Chem.rdchem.Mol object at 0x735c79f3bae0>
CHEMBL2012309,CDK1,50.0,nM,Cn1cc(Nc2ncc3cnn(C4CCC5(CC5)C4)c3n2)cc1C(N)=O,7.301029995663981,True,<rdkit.Chem.rdchem.Mol object at 0x735c79f3bdf0>
CHEMBL3702054,CDK4,50.0,nM,COc1nccc2c3cnc(Nc4ccc(N5CCC(N(C)C)CC5)cn4)nc3n(C3CCCC3)c12,7.301029995663981,True,<rdkit.Chem.rdchem.Mol object at 0x735c79f39700>
CHEMBL5880147,CDK9,50.0,nM,O=C(Nc1cc(-c2ccc3ncn(Cc4cccnc4)c3c2)c(Cl)cn1)[C@@H]1CCCNC1,7.301029995663981,True,<rdkit.Chem.rdchem.Mol object at 0x735c79f393f0>
CHEMBL4764656,CDK1,50.0,nM,C[C@H](CO)Nc1nc(Nc2ccc(S(N)(=O)=O)cc2)ncc1Br.Cl,7.301029995663981,True,<rdkit.Chem.rdchem.Mol object at 0x735c79f3b530>
CHEMBL5836990,CDK1,50.8,nM,Cc1nc2c(F)cc(-c3nc(Nc4ccc5c(n4)CCNC5)ncc3F)cc2n1C(C)C,7.29413628771608,True,<rdkit.Chem.rdchem.Mol object at 0x735c79f3a500>
CHEMBL4745398,CDK9,50.9,nM,CC(C)Nc1cccc(-c2ccnc(Nc3ccc4c(c3)N(C(C)C)[C@H](C)C(=O)N4C)n2)c1,7.293282217663242,True,<rdkit.Chem.rdchem.Mol object at 0x735c79f38890>
CHEMBL3648086,CDK2,51.0,nM,CCOC(=O)N=S(=O)(CC)c1ccc(Nc2ncc(Br)c(N[C@@H](COC)[C@H](C)O)n2)cc1,7.292429823902063,True,<rdkit.Chem.rdchem.Mol object at 0x735c79f38900>
CHEMBL3644027,CDK1,51.0,nM,COC[C@@H](C)Oc1nc(Nc2ccc(S(C)(=O)=O)cc2)ncc1C(F)(F)F,7.292429823902063,True,<rdkit.Chem.rdchem.Mol object at 0x735c79f3a9d0>
CHEMBL5499697,CDK2,51.0,nM,N[C@H]1CCN(c2c3c(nc4ccc(-c5ccnc(NC(=O)C6CC6)c5)cc24)CCCC3)C1,7.292429823902063,True,<rdkit.Chem.rdchem.Mol object at 0x735c79f383c0>
CHEMBL5862541,CDK9,51.0,nM,CC(=O)N[C@H]1CCC[C@H](C(=O)Nc2cc(-c3cnn4c3CC(C)(C)C4)c(Cl)cn2)C1,7.292429823902063,True,<rdkit.Chem.rdchem.Mol object at 0x735c79f42110>
CHEMBL3702228,CDK4,51.0,nM,CC[C@H](C)n1c2cnccc2c2cnc(Nc3ccc(N4CCNC(C)(C)C4)cn3)nc21,7.292429823902063,True,<rdkit.Chem.rdchem.Mol object at 0x735c79f40350>
CHEMBL5774630,CDK6,51.0,nM,COCCNS(=O)(=O)c1ccc(Nc2ncc(F)c(-c3cc(F)c4c(c3)N(C(C)C)CCO4)n2)cc1,7.292429823902063,True,<rdkit.Chem.rdchem.Mol object at 0x735c79f40a50>
CHEMBL5885528,CDK9,51.0,nM,O=C(Nc1cc(-c2ccc3ccn(Cc4cccc(F)c4)c3c2)c(Cl)cn1)[C@@H]1CCCNC1,7.292429823902063,True,<rdkit.Chem.rdchem.Mol object at 0x735c79f412a0>
CHEMBL4552628,CDK2,51.0,nM,Cc1sc(C(=O)N[C@@H]2[C@H](N)CCCC2(F)F)cc1-c1cnn2cc(Cl)cnc12,7.292429823902063,True,<rdkit.Chem.rdchem.Mol object at 0x735c79f41460>
CHEMBL3668365,CDK9,51.0,nM,CN1CCC(c2cc3c(-c4cccc(NCCSc5ccccc5)n4)ccnc3[nH]2)CC1,7.292429823902063,True,<rdkit.Chem.rdchem.Mol object at 0x735c79f41850>
CHEMBL3691634,CDK4,51.0,nM,CN(C)C(=O)c1cc2cnc(Nc3ccc(N4C(=O)CN5CCC4CC5)cn3)nc2n1C1CCCC1,7.292429823902063,True,<rdkit.Chem.rdchem.Mol object at 0x735c79f41cb0>
CHEMBL3668426,CDK9,51.0,nM,CN1CCC(c2cc3c(-c4nc(NCc5ccncc5)ccc4Cl)ccnc3[nH]2)CC1,7.292429823902063,True,<rdkit.Chem.rdchem.Mol object at 0x735c79f41d90>
CHEMBL3914190,CDK9,51.0,nM,CN(C)C(=O)CN1CC=C(c2[nH]c3nccc4c3c2CN(C)c2ccc(F)cc2-4)CC1,7.292429823902063,True,<rdkit.Chem.rdchem.Mol object at 0x735c79f420a0>
CHEMBL3951638,CDK9,51.0,nM,CN1Cc2c(C3=CCN([C@H]4CC[C@H](C(=O)O)CC4)CC3)[nH]c3nccc(c23)-c2cc(F)ccc21,7.292429823902063,True,<rdkit.Chem.rdchem.Mol object at 0x735c79f421f0>
CHEMBL3981660,CDK9,51.0,nM,CN1Cc2c(C3=CCN(CC(=O)N4CCC[C@@H]4CO)CC3)[nH]c3ncc(F)c(c23)-c2cc(F)ccc21,7.292429823902063,True,<rdkit.Chem.rdchem.Mol object at 0x735c79f422d0>
CHEMBL4208172,CDK2,51.1,nM,CCN1CCN(Cc2ccc(Nc3ncc(F)c(-c4cc(F)c5nc6n(c5c4)C(C)(C)CC6)n3)nc2)CC1,7.291579099865287,True,<rdkit.Chem.rdchem.Mol object at 0x735c79f42a40>
CHEMBL5440832,CDK1,51.97,nM,COc1ccc(Cc2nnc(N3CCN(C(=O)Nc4ccc(OC)cc4)CC3)c3ccccc23)cc1,7.284247283177141,True,<rdkit.Chem.rdchem.Mol object at 0x735c79f42b90>
CHEMBL1964242,CDK1,52.0,nM,O=C1Nc2ccc3ncsc3c2/C1=C/Nc1ccc(S(=O)(=O)NCc2ccccc2)cc1,7.2839966563652,True,<rdkit.Chem.rdchem.Mol object at 0x735c79f42ea0>
CHEMBL150261,CDK1,52.0,nM,N[C@H]1CC[C@H](Nc2nc(NCc3ccccc3)c3ncn(C4CCCC4)c3n2)CC1,7.2839966563652,True,<rdkit.Chem.rdchem.Mol object at 0x735c79f42f80>
CHEMBL563672,CDK1,52.0,nM,C[C@@H]1CNc2c(sc3ccc(OCC4CC4)cc23)C(=O)N1,7.2839966563652,True,<rdkit.Chem.rdchem.Mol object at 0x735c79f40e40>
CHEMBL3702115,CDK6,52.0,nM,Fc1nccc2c3cnc(Nc4ccc(CN5CCNCC5)cn4)nc3n(C3CCCC3)c12,7.2839966563652,True,<rdkit.Chem.rdchem.Mol object at 0x735c79f40d60>
CHEMBL363069,CDK2,52.0,nM,Nc1nc2ccc(C(=O)c3c(Cl)cccc3Cl)cn2c1C(=O)c1c(F)cc(O)cc1F,7.2839966563652,True,<rdkit.Chem.rdchem.Mol object at 0x735c79f41d20>
CHEMBL3945173,CDK9,52.0,nM,CN1Cc2c(C3=CCN(CC(=O)N4CC(O)C4)CC3)[nH]c3nccc(c23)-c2cc(F)c(F)cc21,7.2839966563652,True,<rdkit.Chem.rdchem.Mol object at 0x735c79f42420>
CHEMBL522891,CDK1,52.0,nM,O=C(Nc1c[nH]nc1-c1nc2ccccc2[nH]1)c1ccccc1,7.2839966563652,True,<rdkit.Chem.rdchem.Mol object at 0x735c79f41b60>
CHEMBL3668450,CDK9,52.0,nM,CN1CCC(c2cc3c(-c4cc(NCC5CCOCC5)ccc4F)ccnc3[nH]2)CC1,7.2839966563652,True,<rdkit.Chem.rdchem.Mol object at 0x735c79f43530>
CHEMBL3970274,CDK9,52.0,nM,CN1Cc2c(C3=CCN(CC(=O)N4CC[C@H](O)C4)CC3)[nH]c3ncc(F)c(c23)-c2cc(F)ccc21,7.2839966563652,True,<rdkit.Chem.rdchem.Mol object at 0x735c79f405f0>
CHEMBL2426382,CDK2,52.0,nM,Cc1ccc(NC(=S)NC(=O)c2cn(-c3ccccc3)nc2-c2ccc(C)cc2)cc1,7.2839966563652,True,<rdkit.Chem.rdchem.Mol object at 0x735c79f40f20>
CHEMBL3644032,CDK4,52.0,nM,C[C@@H](O)[C@@H](C)Oc1nc(Nc2ccc(S(=O)(=O)C3CC3)cc2)ncc1C(F)(F)F,7.2839966563652,True,<rdkit.Chem.rdchem.Mol object at 0x735c79f429d0>
CHEMBL1800456,CDK2,52.0,nM,Nc1nc(-c2cc(N3C[C@H](O)[C@@H](O)C3)ccc2O)cc(C2CCCCC2)n1,7.2839966563652,True,<rdkit.Chem.rdchem.Mol object at 0x735c87c72c70>
CHEMBL522891,CDK2,52.0,nM,O=C(Nc1c[nH]nc1-c1nc2ccccc2[nH]1)c1ccccc1,7.2839966563652,True,<rdkit.Chem.rdchem.Mol object at 0x735c87c721f0>
CHEMBL6149813,CDK6,52.0,nM,CC(=O)N1CCN(c2ccc(Nc3ncc(F)c(-c4ccc5c(c4)OC4(CCN(C(C)=O)CC4)CC5=O)n3)nc2)CC1,7.2839966563652,True,<rdkit.Chem.rdchem.Mol object at 0x735c87c72880>
CHEMBL5199076,CDK1,52.0,nM,Cc1cc2c(C(N)=O)c(N)n(-c3c(C)ccc(O)c3C)c2nc1C,7.2839966563652,True,<rdkit.Chem.rdchem.Mol object at 0x735c87c71e70>
CHEMBL3301610,CDK2,52.2,nM,CCN1CCN(Cc2ccc(Nc3ncc(F)c(-c4cc(F)c5nc(C)n(C(C)C)c5c4)n3)nc2)CC1,7.282329496997738,True,<rdkit.Chem.rdchem.Mol object at 0x735c87c72ce0>
CHEMBL4863726,CDK2,52.86,nM,Cc1n[nH]c2ccc(-c3cncc(NC4CCCC(O)C4)n3)cc12,7.276872841204309,True,<rdkit.Chem.rdchem.Mol object at 0x735c87c73b50>
CHEMBL4562323,CDK1,53.0,nM,CC(C)c1cnn2c(NCc3ccccc3-n3cccn3)nc(OC3CCCNC3)nc12,7.275724130399211,True,<rdkit.Chem.rdchem.Mol object at 0x735c87c72ea0>
CHEMBL3641944,CDK4,53.0,nM,CNC1CCN(c2ccc(Nc3ncc4c5ccncc5n([C@H](C)CO)c4n3)nn2)CC1,7.275724130399211,True,<rdkit.Chem.rdchem.Mol object at 0x735c87c73c30>
CHEMBL189350,CDK2,53.0,nM,Nc1nc2ccc(C(=O)c3c(Cl)cccc3Cl)cn2c1C(=O)c1c(F)cccc1F,7.275724130399211,True,<rdkit.Chem.rdchem.Mol object at 0x735c87c73a70>
CHEMBL3983849,CDK9,53.0,nM,CN1Cc2c(C3=CCN(CC(=O)N(C)C4CC(O)C4)CC3)[nH]c3nccc(c23)-c2cc(F)c(F)cc21,7.275724130399211,True,<rdkit.Chem.rdchem.Mol object at 0x735c87c735a0>
CHEMBL5864667,CDK9,53.0,nM,CC(=O)N[C@@H]1CCC[C@H](C(=O)Nc2cc(-c3cnn4c3CCC(C)C4)c(Cl)cn2)C1,7.275724130399211,True,<rdkit.Chem.rdchem.Mol object at 0x735c87c73df0>
CHEMBL3641911,CDK6,53.0,nM,OCCCn1c2cnccc2c2cnc(Nc3ccc(N4CCNCC4)nn3)nc21,7.275724130399211,True,<rdkit.Chem.rdchem.Mol object at 0x735c87c72960>
CHEMBL3668490,CDK9,53.0,nM,CS(=O)(=O)N1CC=C(c2cc3c(-c4cccc(F)c4F)ccnc3[nH]2)CC1,7.275724130399211,True,<rdkit.Chem.rdchem.Mol object at 0x735c87c73f40>
CHEMBL251739,CDK1,53.0,nM,CCN(CC)C(=O)c1cccc2[nH]c(-c3n[nH]c4ncc(-c5cncc6ccccc56)cc34)nc12,7.275724130399211,True,<rdkit.Chem.rdchem.Mol object at 0x735c87c73ae0>
CHEMBL5985210,CDK9,53.0,nM,CN(C)S(=O)(=O)NCC(=O)Nc1cc(-c2ccc3ncn(Cc4cccc(F)c4)c3c2)c(Cl)cn1,7.275724130399211,True,<rdkit.Chem.rdchem.Mol object at 0x735c87c73bc0>
CHEMBL3668506,CDK9,53.0,nM,COc1ccc(F)cc1-c1ccnc2[nH]c(C3=CCN(CC(=O)N4CCC[C@H]4CO)CC3)cc12,7.275724130399211,True,<rdkit.Chem.rdchem.Mol object at 0x735c87c72500>
CHEMBL1080569,CDK2,53.0,nM,N[C@H](CNc1nnc(-c2ccc3cnccc3c2)s1)Cc1ccc(C(F)(F)F)cc1,7.275724130399211,True,<rdkit.Chem.rdchem.Mol object at 0x735c87c73ca0>
CHEMBL5398705,CDK1,53.77,nM,O=C(Nc1ccccc1)N1CCN(c2nnc(Cc3ccccc3)c3ccccc23)CC1,7.26945996352288,True,<rdkit.Chem.rdchem.Mol object at 0x735c87c725e0>
CHEMBL3702246,CDK4,54.0,nM,c1cc2c3cnc(Nc4ccc(N5CCNCC5)nn4)nc3n(C3CCC3)c2cn1,7.267606240177031,True,<rdkit.Chem.rdchem.Mol object at 0x735c87c73d80>
CHEMBL6120299,CDK6,54.0,nM,CC(=O)N1CCC2(CC1)CC(=O)c1ccc(-c3nc(Nc4ccc(C5CCNCC5)cn4)ncc3F)cc1O2,7.267606240177031,True,<rdkit.Chem.rdchem.Mol object at 0x735c87c726c0>
CHEMBL83499,CDK2,54.0,nM,O=C1Nc2ccc(F)c3c(NCCO)cc(-c4ccc[nH]4)c1c23,7.267606240177031,True,<rdkit.Chem.rdchem.Mol object at 0x735c87c73e60>
CHEMBL5571022,CDK1,54.0,nM,CN(C)C(=O)c1cc2cnc(Nc3ccc(S(N)(=O)=O)cc3)nc2n1C1CCCC1,7.267606240177031,True,<rdkit.Chem.rdchem.Mol object at 0x735c87c738b0>
CHEMBL3691672,CDK4,54.0,nM,CN(C)C(=O)c1cc2cnc(Nc3ccc(N4C[C@H]5CC[C@@H](CC4=O)N5)cn3)nc2n1C1CCC1,7.267606240177031,True,<rdkit.Chem.rdchem.Mol object at 0x735c87c73680>
CHEMBL5974261,CDK9,54.0,nM,CC(Cc1cnccn1)Nc1cc(-c2ccc3ncn(Cc4cccc(F)c4)c3c2)c(Cl)cn1,7.267606240177031,True,<rdkit.Chem.rdchem.Mol object at 0x735c87c72ff0>
CHEMBL3930577,CDK9,54.0,nM,CN1Cc2c(C3=C[C@@H]4COC(=O)N4CC3)[nH]c3nccc(c23)-c2cc(F)c(F)cc21,7.267606240177031,True,<rdkit.Chem.rdchem.Mol object at 0x735c87c73920>
CHEMBL3648081,CDK2,54.0,nM,C[C@H](O)[C@@H](C)Oc1nc(Nc2ccc(S(=O)(CCO)=NS(=O)(=O)CC[Si](C)(C)C)cc2)ncc1Br,7.267606240177031,True,<rdkit.Chem.rdchem.Mol object at 0x735c87c722d0>
CHEMBL271137,CDK2,54.0,nM,NS(=O)(=O)c1ccc(N/C=C2\C(=O)Nc3cccc(CO)c32)cc1,7.267606240177031,True,<rdkit.Chem.rdchem.Mol object at 0x735c87c73840>
CHEMBL5976683,CDK2,54.1,nM,Cc1nc2c(F)cc(-c3nc(Nc4ccc5c(n4)CCN(C(=O)NCCN(C)C)C5)ncc3F)cc2n1C(C)C,7.266802734893431,True,<rdkit.Chem.rdchem.Mol object at 0x735c87c73530>
CHEMBL5572638,CDK2,54.81,nM,Cl.N[C@H]1CCN(c2c3c(nc4ccc(-c5ccnc(NC(=O)C6CC6)n5)cc24)CCCC3)C1,7.2611401979278,True,<rdkit.Chem.rdchem.Mol object at 0x735c87c71fc0>
CHEMBL4466497,CDK2,54.9,nM,Cc1nc2c(F)cc(-c3nc(Nc4ccc5c(n4)CCN(CCN(C)C)C5)ncc3F)cc2n1C(C)(C)C,7.260427655549908,True,<rdkit.Chem.rdchem.Mol object at 0x735c87c727a0>
CHEMBL3648128,CDK1,55.0,nM,CC(C)(O)CSc1nc(Nc2ccc(S(C)(=N)=O)cc2)ncc1Br,7.259637310505756,True,<rdkit.Chem.rdchem.Mol object at 0x735c87c73300>
CHEMBL5986250,CDK4,55.0,nM,Fc1cnc(Nc2ccc(N3CCOCC3)cn2)nc1-c1cc(F)c2c(c1)N(C1CCC1)CCO2,7.259637310505756,True,<rdkit.Chem.rdchem.Mol object at 0x735c87c71bd0>
CHEMBL549675,CDK2,55.0,nM,CNC(=O)c1nn(C)c2c1C(C)(C)Cc1cnc(Nc3ccc(CN4CCN(C)CC4)cc3)nc1-2,7.259637310505756,True,<rdkit.Chem.rdchem.Mol object at 0x735c87c72f80>
CHEMBL1241758,CDK1,55.0,nM,O=C(Nc1cc(C2CCC2)c[nH]1)Nc1cccc2ccncc12,7.259637310505756,True,<rdkit.Chem.rdchem.Mol object at 0x735c87c71af0>
CHEMBL2158845,CDK1,55.0,nM,NS(=O)(=O)c1cccc(Nc2nccc(-c3ccnc(N4CCOCC4)c3)n2)c1,7.259637310505756,True,<rdkit.Chem.rdchem.Mol object at 0x735c87c720a0>
CHEMBL2163999,CDK2,55.0,nM,N[C@H]1CC[C@H](Nc2cc(Nc3ccc(F)c(Cl)c3)n3nccc3n2)CC1,7.259637310505756,True,<rdkit.Chem.rdchem.Mol object at 0x735c87c71cb0>
CHEMBL3668470,CDK9,55.0,nM,CN(Cc1ccccc1)c1ccc(Cl)c(-c2ccnc3[nH]c(C4CCCNC4)cc23)n1,7.259637310505756,True,<rdkit.Chem.rdchem.Mol object at 0x735c87c72340>
CHEMBL3668448,CDK9,55.0,nM,CC(=O)N1CCC(CNc2ccc(Cl)c(-c3ccnc4[nH]c(C5CCN(C)CC5)cc34)n2)CC1,7.259637310505756,True,<rdkit.Chem.rdchem.Mol object at 0x735c87c72110>
CHEMBL258805,CDK1,55.0,nM,COc1ccc2c(c1)/C(=C/c1cnc[nH]1)C(=O)N2,7.259637310505756,True,<rdkit.Chem.rdchem.Mol object at 0x735c87c72dc0>
CHEMBL1081830,CDK2,55.3,nM,N[C@H](CNc1ncc(-c2ccc3nnn(N)c3c2)s1)Cc1ccc(C(F)(F)F)cc1,7.257274868695301,True,<rdkit.Chem.rdchem.Mol object at 0x735c87c72a40>
CHEMBL3668518,CDK9,56.0,nM,COc1ccc(F)cc1-c1ccnc2[nH]c(C3CCN(CC(=O)N(C)CCO)CC3)cc12,7.251811972993799,True,<rdkit.Chem.rdchem.Mol object at 0x735c87c729d0>
CHEMBL3698705,CDK4,56.0,nM,CC1CCN(c2ccc(Nc3ncc4c5ccncc5n(C5CCCC5)c4n3)nc2)C1,7.251811972993799,True,<rdkit.Chem.rdchem.Mol object at 0x735c87c72b20>
CHEMBL3908787,CDK9,56.0,nM,CN(C)C(=O)CN1CC=C(c2[nH]c3ncc(F)c4c3c2CN(C)c2ccccc2-4)CC1,7.251811972993799,True,<rdkit.Chem.rdchem.Mol object at 0x735c87c73d10>
CHEMBL3668487,CDK9,56.0,nM,COc1ccc(F)cc1-c1ccnc2[nH]c(C3=CCN(Cc4ccc(NC(C)=O)cc4)CC3)cc12,7.251811972993799,True,<rdkit.Chem.rdchem.Mol object at 0x735c87c72810>
CHEMBL2426399,CDK2,56.0,nM,COc1ccc(NC(=S)NC(=O)c2cn(-c3ccccc3)nc2-c2ccccc2)cc1,7.251811972993799,True,<rdkit.Chem.rdchem.Mol object at 0x735c87c734c0>
CHEMBL5396524,CDK4,56.0,nM,Sc1nnc(-c2c[nH]c3ccccc23)n1/N=C/c1ccc(Cl)cc1,7.251811972993799,True,<rdkit.Chem.rdchem.Mol object at 0x735c87c72650>
CHEMBL5978284,CDK9,56.0,nM,C[C@H](c1cccc(F)c1)n1nnc2ccc(-c3cc(NC(=O)[C@@H]4CCCNC4)ncc3Cl)cc21,7.251811972993799,True,<rdkit.Chem.rdchem.Mol object at 0x735c87c72730>
CHEMBL5881904,CDK9,56.0,nM,O=C(Nc1cc(-c2cnc3ccn(Cc4cncc(F)c4)c3c2)c(Cl)cn1)[C@@H]1CCCNC1,7.251811972993799,True,<rdkit.Chem.rdchem.Mol object at 0x735c87c723b0>
CHEMBL5847275,CDK9,56.0,nM,O=C(Nc1cc(-c2ccc3nnn(Cc4cccc(F)c4)c3c2)c(Cl)cn1)[C@@H]1CCCNC1,7.251811972993799,True,<rdkit.Chem.rdchem.Mol object at 0x735c87c73610>
CHEMBL5944626,CDK4,56.0,nM,CC(C)N1CCOc2c(F)cc(-c3nc(Nc4ccc5c(c4)CC(N(C)C)CC5)ncc3F)cc21,7.251811972993799,True,<rdkit.Chem.rdchem.Mol object at 0x735c87c71b60>
CHEMBL3668507,CDK9,56.0,nM,COc1ccc(F)cc1-c1ccnc2[nH]c(C3=CCN(C(=O)[C@H]4C[C@@H](O)CN4)CC3)cc12,7.251811972993799,True,<rdkit.Chem.rdchem.Mol object at 0x735c87c71c40>
CHEMBL3976947,CDK9,56.0,nM,CN1Cc2c(C3=CCC(N[C@H](C(=O)O)c4ccccc4)CC3)[nH]c3nccc(c23)-c2cc(F)ccc21,7.251811972993799,True,<rdkit.Chem.rdchem.Mol object at 0x735c87c71d90>
CHEMBL1230165,CDK1,56.0,nM,O=C(O)c1ccc2c(c1)nc(Nc1cccc(Cl)c1)c1ccncc12,7.251811972993799,True,<rdkit.Chem.rdchem.Mol object at 0x735c87c728f0>
CHEMBL115933,CDK2,56.0,nM,O=C(Cc1ccc(-c2ccccc2)cc1)Nc1cc(C2CC2)[nH]n1,7.251811972993799,True,<rdkit.Chem.rdchem.Mol object at 0x735c87c73450>
CHEMBL519422,CDK2,56.0,nM,CCn1c(-c2ccnc(Nc3ccc(C(=O)NC)cc3)n2)cnc1C,7.251811972993799,True,<rdkit.Chem.rdchem.Mol object at 0x735c87c733e0>
CHEMBL3640009,CDK4,56.0,nM,[C-]#[N+]CC1CCN(c2ccc(Nc3ncc4c5ccnc(F)c5n(C5CCCC5)c4n3)nc2)CC1,7.251811972993799,True,<rdkit.Chem.rdchem.Mol object at 0x735c87c72260>
CHEMBL6142087,CDK1,56.0,nM,Cc1ccc(O)c(C)c1-n1c(N)c(C(N)=O)c2c(=O)n(CC(F)(F)F)c(C)nc21,7.251811972993799,True,<rdkit.Chem.rdchem.Mol object at 0x735c87c72570>
CHEMBL4860265,CDK2,56.13,nM,Cc1n[nH]c2ccc(-c3cncc(N[C@@H](CO)c4ccc(F)cc4)n3)cc12,7.250804957780327,True,<rdkit.Chem.rdchem.Mol object at 0x735c87c73290>
CHEMBL3698656,CDK6,57.0,nM,c1cc2c3cnc(Nc4ccc(N5CCNCC5)cn4)nc3n(C3CCOCC3)c2cn1,7.244125144327507,True,<rdkit.Chem.rdchem.Mol object at 0x735c87c73220>
CHEMBL5583697,CDK1,57.0,nM,Cn1cnc(S(=O)(=O)N2CCC(Nc3ncc(C(F)(F)F)c(-c4cnn(CC(F)(F)F)c4)n3)CC2)c1,7.244125144327507,True,<rdkit.Chem.rdchem.Mol object at 0x735c87c72180>
CHEMBL3969304,CDK9,57.0,nM,CN1Cc2c(C3=CC4CCCC(C3)N4CC(=O)N3CCC[C@H]3CO)[nH]c3nccc(c23)-c2cc(F)ccc21,7.244125144327507,True,<rdkit.Chem.rdchem.Mol object at 0x735c87c72490>
CHEMBL4453997,CDK2,57.0,nM,COc1ccc(-c2n[nH]c3c2C(=O)c2c(C=O)cccc2-3)cc1,7.244125144327507,True,<rdkit.Chem.rdchem.Mol object at 0x735c87c71f50>
CHEMBL372464,CDK4,57.0,nM,COc1ccc(Nc2nc(Nc3ccc4[nH]cnc4c3)ncc2C(F)(F)F)cc1,7.244125144327507,True,<rdkit.Chem.rdchem.Mol object at 0x735c87c71d20>
CHEMBL6026079,CDK9,57.0,nM,Fc1cccc(Cn2cnc3ccc(-c4cc(NCCCNc5ccccc5)ncc4Cl)cc32)c1,7.244125144327507,True,<rdkit.Chem.rdchem.Mol object at 0x735c87c736f0>
CHEMBL3691635,CDK4,57.0,nM,CN(C)C(=O)c1cc2cnc(Nc3ccc(N4CCN5CCCC5C4=O)cn3)nc2n1C1CCCCC1,7.244125144327507,True,<rdkit.Chem.rdchem.Mol object at 0x735c87c73370>
CHEMBL5192139,CDK9,57.0,nM,COc1cc(F)ccc1-c1ccnc2[nH]c(C3CCNCC3)nc12,7.244125144327507,True,<rdkit.Chem.rdchem.Mol object at 0x735c87c72030>
CHEMBL6147545,CDK6,57.0,nM,CC(=O)N1CCC2(CC1)CC(=O)c1ccc(-c3nc(Nc4ccc(N5CCC(N(C)C)CC5)cn4)ncc3F)cc1O2,7.244125144327507,True,<rdkit.Chem.rdchem.Mol object at 0x735c87c71e00>
CHEMBL3301610,CDK9,57.0,nM,CCN1CCN(Cc2ccc(Nc3ncc(F)c(-c4cc(F)c5nc(C)n(C(C)C)c5c4)n3)nc2)CC1,7.244125144327507,True,<rdkit.Chem.rdchem.Mol object at 0x735c79134270>
CHEMBL3641957,CDK4,57.0,nM,CN(C)C1CCN(c2ccc(Nc3ncc4c5ccncc5n([C@H]5CCC[C@@H]5O)c4n3)nc2)CC1,7.244125144327507,True,<rdkit.Chem.rdchem.Mol object at 0x735c791340b0>
CHEMBL3698663,CDK4,57.0,nM,C[C@H](C1CCCCC1)n1c2cnccc2c2cnc(Nc3ccc(N4CCNCC4)cn3)nc21,7.244125144327507,True,<rdkit.Chem.rdchem.Mol object at 0x735c78beba00>
CHEMBL1080891,CDK2,57.0,nM,Cc1n[nH]c2ccc(-c3nnc(NC[C@@H](N)Cc4ccccc4Cl)s3)cc12,7.244125144327507,True,<rdkit.Chem.rdchem.Mol object at 0x735c78be8660>
CHEMBL3668554,CDK9,57.0,nM,COc1ccc(F)cc1-c1ccnc2[nH]c(C3=CCN([C@H]4CC[C@H](CC(=O)O)CC4)CC3)cc12,7.244125144327507,True,<rdkit.Chem.rdchem.Mol object at 0x735c78beaa40>
CHEMBL3952127,CDK9,57.0,nM,CN1Cc2c(C3=CCN([C@H]4CC[C@H](C(=O)O)CC4)CC3)[nH]c3nccc(c23)-c2cc(F)c(F)cc21,7.244125144327507,True,<rdkit.Chem.rdchem.Mol object at 0x735c78beac00>
CHEMBL5199352,CDK9,57.0,nM,COc1cc(C(=O)N2CCCC2)ccc1-c1ccnc2[nH]c(C3CCOCC3)cc12,7.244125144327507,True,<rdkit.Chem.rdchem.Mol object at 0x735c78beb0d0>
CHEMBL3942947,CDK9,57.0,nM,CN1Cc2c(C3=CCN(CC(=O)N(CCO)CCO)CC3)[nH]c3nccc(c23)-c2cc(F)ccc21,7.244125144327507,True,<rdkit.Chem.rdchem.Mol object at 0x735c78bea7a0>
CHEMBL5784667,CDK2,57.9,nM,Cc1nc2c(F)cc(-c3nc(Nc4ccc5c(n4)CCN(C(=O)C(C)N(C)C)C5)ncc3F)cc2n1C(C)C,7.2373214362725635,True,<rdkit.Chem.rdchem.Mol object at 0x735c78beace0>
CHEMBL3982368,CDK9,58.0,nM,CN1Cc2c(C3=C[C@H](CO)NCC3)[nH]c3nccc(c23)-c2cc(F)c(F)cc21,7.236572006437063,True,<rdkit.Chem.rdchem.Mol object at 0x735c78beaab0>
CHEMBL3641920,CDK6,58.0,nM,O[C@@H]1CCC[C@@H]1n1c2cnccc2c2cnc(Nc3ccc(N4CCNCC4)cn3)nc21,7.236572006437063,True,<rdkit.Chem.rdchem.Mol object at 0x735c78beb1b0>
CHEMBL2426389,CDK2,58.0,nM,O=C(NC(=S)Nc1ccc(Cl)cc1)c1cn(-c2ccccc2)nc1-c1ccc(Cl)cc1,7.236572006437063,True,<rdkit.Chem.rdchem.Mol object at 0x735c78bea260>
CHEMBL2403088,CDK1,58.0,nM,NC1CCC(Nc2nc(NCc3ccc(-n4cccn4)cc3)c3ncn(C4CCCC4)c3n2)CC1,7.236572006437063,True,<rdkit.Chem.rdchem.Mol object at 0x735c78bea2d0>
CHEMBL3907184,CDK9,58.0,nM,CN1Cc2c(C3=CCN(C4CCC(=CC(=O)O)CC4)CC3)[nH]c3nccc(c23)-c2cc(F)ccc21,7.236572006437063,True,<rdkit.Chem.rdchem.Mol object at 0x735c78bea5e0>
CHEMBL3917273,CDK9,58.0,nM,CN1Cc2c(C3=CCN([C@H]4CC[C@@H](CC(=O)O)CC4)CC3)[nH]c3nccc(c23)-c2cc(F)c(F)cc21,7.236572006437063,True,<rdkit.Chem.rdchem.Mol object at 0x735c78bea650>
CHEMBL5431565,CDK1,58.4,nM,O=C(Nc1ccc(Cl)cc1)N1CCN(c2nnc(Cc3ccccc3)c3ccccc23)CC1,7.2335871528876,True,<rdkit.Chem.rdchem.Mol object at 0x735c78beaff0>
CHEMBL4643057,CDK2,58.8,nM,C=CC(=O)Nc1cccc(C(=O)Nc2ncc(SCc3ncc(C(C)(C)C)o3)s2)c1,7.230622673923861,True,<rdkit.Chem.rdchem.Mol object at 0x735c78bea340>
CHEMBL3641986,CDK4,59.0,nM,CNC1CCN(c2ccc(Nc3ncc4c5ccncc5n([C@@H]5CCOC5)c4n3)nn2)CC1,7.229147988357855,True,<rdkit.Chem.rdchem.Mol object at 0x735c78beb920>
CHEMBL3702181,CDK4,59.0,nM,CN(C)C1CCN(c2ccc(Nc3ncc4c5ccncc5n(C5CCS(=O)(=O)CC5)c4n3)nc2)CC1,7.229147988357855,True,<rdkit.Chem.rdchem.Mol object at 0x735c78beb450>
CHEMBL3702216,CDK6,59.0,nM,CC[C@@H](C)n1c2cnccc2c2cnc(Nc3ccc(N4CCC(N(C)C)CC4)nn3)nc21,7.229147988357855,True,<rdkit.Chem.rdchem.Mol object at 0x735c78beb3e0>
CHEMBL2426388,CDK2,59.0,nM,O=C(NC(=S)Nc1ccc(F)cc1)c1cn(-c2ccccc2)nc1-c1ccc(Cl)cc1,7.229147988357855,True,<rdkit.Chem.rdchem.Mol object at 0x735c78bea6c0>
CHEMBL564470,CDK2,59.0,nM,CNC(=O)c1nn(C)c2c1C(C)(C)Cc1cnc(Nc3cccc(CN4CCN(C)CC4)c3)nc1-2,7.229147988357855,True,<rdkit.Chem.rdchem.Mol object at 0x735c78bebd10>
CHEMBL2386747,CDK4,59.0,nM,COC(=N)c1nc2ccc3ncnc(Nc4ccc(Cl)cc4Cl)c3c2s1,7.229147988357855,True,<rdkit.Chem.rdchem.Mol object at 0x735c78be85f0>
CHEMBL361348,CDK2,59.0,nM,CC(C)c1cnn2c(Nc3ccc(S(=O)(=O)N(C)C)cc3)cc(N[C@H]3CC[C@H](N)CC3)nc12,7.229147988357855,True,<rdkit.Chem.rdchem.Mol object at 0x735c791aa7a0>
CHEMBL5804149,CDK6,60.0,nM,CCN1CCN(Cc2ccc(Nc3ncc(F)c(-c4ncc5nc(C)n(C(C)C)c5n4)n3)nc2)CC1,7.221848749616356,True,<rdkit.Chem.rdchem.Mol object at 0x735c791aa730>
CHEMBL407981,CDK2,60.0,nM,CCN1CCN(CCCC(=O)Nc2n[nH]c3nc(-c4ccc(O)cc4)c(Br)cc23)CC1,7.221848749616356,True,<rdkit.Chem.rdchem.Mol object at 0x735c791aa650>
CHEMBL5083405,CDK6,60.0,nM,CCN(CC)c1cnc2ccc(-c3nc(Nc4ccc(C(=O)N5CCNCC5)cn4)ncc3F)cc2n1,7.221848749616356,True,<rdkit.Chem.rdchem.Mol object at 0x735c791aa5e0>
CHEMBL6042570,CDK6,60.0,nM,CN1CCN(c2ccc(Nc3ncc(F)c(-c4ncc5nc(C(=O)N(C)C)n(C6CCCC6)c5n4)n3)nc2)CC1,7.221848749616356,True,<rdkit.Chem.rdchem.Mol object at 0x735c791aa570>
CHEMBL5827424,CDK6,60.0,nM,CC(C)c1c2ccc(-c3nc(Nc4ccc(N5CCNCC5)cn4)ncc3F)c(Cl)c2nn1C,7.221848749616356,True,<rdkit.Chem.rdchem.Mol object at 0x735c791aa500>
CHEMBL2348155,CDK2,60.0,nM,Nc1nccc(-n2cc(-c3ccc(Cl)cc3)c3cnccc32)n1,7.221848749616356,True,<rdkit.Chem.rdchem.Mol object at 0x735c791aa490>
CHEMBL254171,CDK1,60.0,nM,O=C(Cc1ccc(-c2ccncc2)cc1)Nc1n[nH]c2ccc(N3CCCS3(=O)=O)cc12,7.221848749616356,True,<rdkit.Chem.rdchem.Mol object at 0x735c791aa420>
CHEMBL3298823,CDK2,60.0,nM,O=C(CC1CNC(=O)c2cc(-c3cn[nH]c3)cn21)NCc1cccc(F)c1,7.221848749616356,True,<rdkit.Chem.rdchem.Mol object at 0x735c791aa3b0>
CHEMBL5861687,CDK6,60.0,nM,CC(C)N1CCOc2c(F)cc(-c3nc(Nc4cnc(C5CCNCC5)cn4)ncc3F)cc21,7.221848749616356,True,<rdkit.Chem.rdchem.Mol object at 0x735c791aa340>
CHEMBL3655764,CDK9,60.0,nM,CC[C@H](Nc1nc(NCc2cccc(Cl)c2)c2ncn(C(C)C)c2n1)[C@@H](C)O,7.221848749616356,True,<rdkit.Chem.rdchem.Mol object at 0x735c791aa2d0>
CHEMBL3937985,CDK9,60.0,nM,CC[C@H]1c2c(C3=CCN(CC(=O)N(C)C)CC3)[nH]c3nccc(c23)-c2cc(F)ccc2N1C,7.221848749616356,True,<rdkit.Chem.rdchem.Mol object at 0x735c791aa260>
CHEMBL3673527,CDK9,60.0,nM,CS(=O)(=O)N1CCC(c2cc3c(-c4cncc(OCc5cccc(F)c5)n4)ccnc3[nH]2)CC1,7.221848749616356,True,<rdkit.Chem.rdchem.Mol object at 0x735c791aa1f0>
CHEMBL282193,CDK1,60.0,nM,CCC(C)(O)C#Cc1nc(Nc2cccc(Cl)c2)c2ncn(C(C)C)c2n1,7.221848749616356,True,<rdkit.Chem.rdchem.Mol object at 0x735c791aa180>
CHEMBL5884613,CDK6,60.0,nM,Cc1nc2cnc(-c3nc(Nc4ccc(N5CCNCC5)cn4)ncc3F)nc2n1C(C)C,7.221848749616356,True,<rdkit.Chem.rdchem.Mol object at 0x735c791aa0a0>
CHEMBL5897929,CDK6,60.0,nM,CCN1CCN(Cc2ccc(Nc3ncc(F)c(-c4ncnc5c4c(C#N)cn5C)n3)nc2)CC1,7.221848749616356,True,<rdkit.Chem.rdchem.Mol object at 0x735c791aa030>
CHEMBL3702162,CDK6,60.0,nM,c1cc(-c2ccc(Nc3ncc4c5ccncc5n(C5CCCC5)c4n3)nc2)ccn1,7.221848749616356,True,<rdkit.Chem.rdchem.Mol object at 0x735c791a9fc0>
CHEMBL5929572,CDK9,60.0,nM,Fc1cccc(Cn2cnc3ccc(-c4cc(NC5CC6CCCC(C5)N6)ncc4Cl)cc32)c1,7.221848749616356,True,<rdkit.Chem.rdchem.Mol object at 0x735c791a9f50>
CHEMBL5909708,CDK6,60.0,nM,CCN1CCN(Cc2ccc(Nc3ncc(F)c(-c4ccc5nnc(C(C)C)n5c4)n3)nc2)CC1,7.221848749616356,True,<rdkit.Chem.rdchem.Mol object at 0x735c791a9ee0>
CHEMBL5916431,CDK6,60.0,nM,CC(C)n1c(C(=O)N(C)C)cc2c(F)c(-c3nc(Nc4ccc(N5CCNCC5)cn4)ncc3F)ccc21,7.221848749616356,True,<rdkit.Chem.rdchem.Mol object at 0x735c791a9d20>
CHEMBL1800465,CDK2,60.0,nM,Nc1nc(NC2CCCCC2)cc(-c2cc(N3C[C@H](O)[C@@H](O)C3)ccc2O)n1,7.221848749616356,True,<rdkit.Chem.rdchem.Mol object at 0x735c791a9cb0>
CHEMBL45477,CDK1,60.0,nM,CN1CCC(c2c(O)cc(O)c3c2O/C(=C\c2ccc([N+](=O)[O-])cc2)C3=O)CC1,7.221848749616356,True,<rdkit.Chem.rdchem.Mol object at 0x735c791a9c40>
CHEMBL5963377,CDK6,60.0,nM,CCN1CCN(Cc2ccc(Nc3ncc(F)c(-c4ccc5c(cc(C(=O)N(C)C)n5C(C)C)n4)n3)nc2)CC1,7.221848749616356,True,<rdkit.Chem.rdchem.Mol object at 0x735c791a9bd0>
CHEMBL3702157,CDK6,60.0,nM,C1=C(c2ccc(Nc3ncc4c5ccncc5n(C5CCCC5)c4n3)nn2)CCNC1,7.221848749616356,True,<rdkit.Chem.rdchem.Mol object at 0x735c791a9b60>
CHEMBL3702199,CDK4,60.0,nM,CC1(C)CN(c2ccc(Nc3ncc4c5ccccc5n(C5CCCC5)c4n3)nn2)CCN1,7.221848749616356,True,<rdkit.Chem.rdchem.Mol object at 0x735c791a9850>
CHEMBL6046075,CDK4,60.0,nM,CC(C)n1nc(C(N)=O)c2c(F)c(-c3nc(Nc4ccc(N5CCNCC5)cn4)ncc3F)ccc21,7.221848749616356,True,<rdkit.Chem.rdchem.Mol object at 0x735c791a9700>
CHEMBL5829356,CDK6,60.0,nM,CC(=O)c1nc(C2CC2)n2cc(-c3nc(Nc4ccc(N5CCNCC5)cn4)ncc3F)cc(F)c12,7.221848749616356,True,<rdkit.Chem.rdchem.Mol object at 0x735c791a93f0>
CHEMBL5823740,CDK6,60.0,nM,CCN1CCN(Cc2ccc(Nc3ncc(F)c(-c4ccc5nnc(C(C)=O)n5c4)n3)nc2)CC1,7.221848749616356,True,<rdkit.Chem.rdchem.Mol object at 0x735c791a9310>
CHEMBL365937,CDK1,60.0,nM,OCCCNc1cncc(-c2ncnc(Nc3cccc(Cl)c3)n2)c1,7.221848749616356,True,<rdkit.Chem.rdchem.Mol object at 0x735c791a92a0>
CHEMBL5869349,CDK6,60.0,nM,CC(C)n1c(C(=O)N(C)C)c(F)c2c(-c3nc(Nc4ccc(N5CCNCC5)cn4)ncc3F)ncnc21,7.221848749616356,True,<rdkit.Chem.rdchem.Mol object at 0x735c791a9230>
CHEMBL480442,CDK2,60.0,nM,CC(C)c1cnn2c(NCc3ccc(Cl)cc3)nc(N[C@@H](CO)C(C)C)nc12,7.221848749616356,True,<rdkit.Chem.rdchem.Mol object at 0x735c791a91c0>
CHEMBL5804149,CDK4,60.0,nM,CCN1CCN(Cc2ccc(Nc3ncc(F)c(-c4ncc5nc(C)n(C(C)C)c5n4)n3)nc2)CC1,7.221848749616356,True,<rdkit.Chem.rdchem.Mol object at 0x735c791a9000>
CHEMBL3919070,CDK9,60.0,nM,[O-][n+]1cccc(CNc2ccc(Cl)c(-c3ccnc4[nH]c(C5CCNCC5)cc34)n2)c1,7.221848749616356,True,<rdkit.Chem.rdchem.Mol object at 0x735c791a8f90>
CHEMBL6032787,CDK6,60.0,nM,Cc1nc2cnc(-c3nc(Nc4ccc(N5CCN(C)CC5)cn4)ncc3F)nc2n1C(C)C,7.221848749616356,True,<rdkit.Chem.rdchem.Mol object at 0x735c791a8eb0>
CHEMBL5823740,CDK4,60.0,nM,CCN1CCN(Cc2ccc(Nc3ncc(F)c(-c4ccc5nnc(C(C)=O)n5c4)n3)nc2)CC1,7.221848749616356,True,<rdkit.Chem.rdchem.Mol object at 0x735c791a8dd0>
CHEMBL24484,CDK1,60.0,nM,CCC(C)(O)C#Cc1nc(NCc2ccc(Cl)cc2)c2ncn(C(C)C)c2n1,7.221848749616356,True,<rdkit.Chem.rdchem.Mol object at 0x735c791a8c80>
CHEMBL181293,CDK2,61.0,nM,CCN[C@H]1CC[C@H](Nc2cc(Nc3ccc(S(=O)(=O)N(C)C)cc3)n3ncc(C(C)C)c3n2)CC1,7.214670164989233,True,<rdkit.Chem.rdchem.Mol object at 0x735c791a8ba0>
CHEMBL4741442,CDK4,61.0,nM,C[C@H](CO)Nc1nc(Nc2ccc(S(N)(=O)=O)cc2)ncc1Br,7.214670164989233,True,<rdkit.Chem.rdchem.Mol object at 0x735c791a8ac0>
CHEMBL3953020,CDK9,61.0,nM,CN1Cc2c(C3=CCC(N[C@@H](Cc4ccccc4)C(=O)O)CC3)[nH]c3nccc(c23)-c2cc(F)ccc21,7.214670164989233,True,<rdkit.Chem.rdchem.Mol object at 0x735c791a8a50>
CHEMBL3668390,CDK9,61.0,nM,COc1ccc(F)cc1-c1ccnc2[nH]c(C3CCN(CC4CCOCC4)C3)cc12,7.214670164989233,True,<rdkit.Chem.rdchem.Mol object at 0x735c791a89e0>
CHEMBL3892764,CDK9,61.0,nM,CN1Cc2c(C3=CCN(CC(=O)O)CC3)[nH]c3nccc(c23)-c2cc(F)ccc21,7.214670164989233,True,<rdkit.Chem.rdchem.Mol object at 0x735c791a8970>
CHEMBL410293,CDK2,61.0,nM,NS(=O)(=O)c1ccc(N/C=C2\C(=O)Nc3cc(CO)ccc32)cc1,7.214670164989233,True,<rdkit.Chem.rdchem.Mol object at 0x735c791a8900>
CHEMBL3698663,CDK6,61.0,nM,C[C@H](C1CCCCC1)n1c2cnccc2c2cnc(Nc3ccc(N4CCNCC4)cn3)nc21,7.214670164989233,True,<rdkit.Chem.rdchem.Mol object at 0x735c791a8890>
CHEMBL4764656,CDK4,61.0,nM,C[C@H](CO)Nc1nc(Nc2ccc(S(N)(=O)=O)cc2)ncc1Br.Cl,7.214670164989233,True,<rdkit.Chem.rdchem.Mol object at 0x735c791a8740>
CHEMBL5763679,CDK1,61.2,nM,Cc1nc2c(F)cc(-c3nc(Nc4ccc5c(n4)CCN(C(=O)CN4CCOCC4)C5)ncc3F)cc2n1C(C)C,7.213248577854439,True,<rdkit.Chem.rdchem.Mol object at 0x735c791a8580>
CHEMBL5598054,CDK9,61.2,nM,N#CC1(CNc2cccc(-c3cc(Nc4cnn(Cc5ccc(C(=O)NO)cc5)c4)ncc3Cl)n2)CCOCC1,7.213248577854439,True,<rdkit.Chem.rdchem.Mol object at 0x735c791a84a0>
CHEMBL5950426,CDK9,61.5,nM,Cc1nc2c(F)cc(-c3nc(Nc4ccc5c(n4)CCN(C(=O)N(C)CCN(C)C)C5)ncc3F)cc2n1C1CC1,7.211124884224583,True,<rdkit.Chem.rdchem.Mol object at 0x735c791a8430>
CHEMBL79848,CDK2,62.0,nM,O=C1Nc2ccc(F)c3c(OCCO)cc(-c4ccc[nH]4)c1c23,7.207608310501746,True,<rdkit.Chem.rdchem.Mol object at 0x735c791a83c0>
CHEMBL3702144,CDK4,62.0,nM,CC1(C)CN(C(=O)Cc2ccc(Nc3ncc4c5ccncc5n(C5CCCC5)c4n3)nc2)CCN1,7.207608310501746,True,<rdkit.Chem.rdchem.Mol object at 0x735c791a8350>
CHEMBL488436,CDK1,62.0,nM,Cc1ncc(-c2ccnc(Nc3ccc(S(C)(=O)=O)cc3)n2)n1C(C)C,7.207608310501746,True,<rdkit.Chem.rdchem.Mol object at 0x735c791a8190>
CHEMBL3668505,CDK9,62.0,nM,COc1ccc(F)cc1-c1ccnc2[nH]c(C3=CCN(CC(=O)N4CC(O)C4)CC3)cc12,7.207608310501746,True,<rdkit.Chem.rdchem.Mol object at 0x735c791a8120>
CHEMBL2158858,CDK1,62.0,nM,CNC(=O)Nc1ccc(-c2cc(-c3ccnc(Nc4cccc(S(N)(=O)=O)c4)n3)ccn2)cc1,7.207608310501746,True,<rdkit.Chem.rdchem.Mol object at 0x735c791aaea0>
CHEMBL3641941,CDK4,62.0,nM,C[C@H](CO)n1c2cnccc2c2cnc(Nc3ccc(N4CCNC(C)(C)C4)cn3)nc21,7.207608310501746,True,<rdkit.Chem.rdchem.Mol object at 0x735c791abf40>
CHEMBL6166891,CDK1,62.0,nM,Cc1ccc(O)c(C)c1-n1c(N)c(C(N)=O)c2c(=O)n(CF)c(C)nc21,7.207608310501746,True,<rdkit.Chem.rdchem.Mol object at 0x735c791aadc0>
CHEMBL3914697,CDK9,62.0,nM,CN1Cc2c(C3=CC4CN(S(C)(=O)=O)CC4C3)[nH]c3nccc(c23)-c2cc(F)ccc21,7.207608310501746,True,<rdkit.Chem.rdchem.Mol object at 0x735c791abdf0>
CHEMBL3899222,CDK9,62.0,nM,CS(=O)(=O)N1CC=C(c2[nH]c3nccc4c3c2CNc2ccc(F)cc2-4)CC1,7.207608310501746,True,<rdkit.Chem.rdchem.Mol object at 0x735c791ab7d0>
CHEMBL3691673,CDK4,62.0,nM,CN(C)C(=O)c1cc2cnc(Nc3ccc(N4C[C@@H]5CC[C@H](CC4=O)N5S(C)(=O)=O)cn3)nc2n1C1CCCC1,7.207608310501746,True,<rdkit.Chem.rdchem.Mol object at 0x735c791aaf10>
CHEMBL379193,CDK2,62.0,nM,CCOC(=O)CCC(=O)NS(=O)(=O)c1ccc(Nc2nc(N)n(C(=O)c3c(F)cccc3F)n2)cc1,7.207608310501746,True,<rdkit.Chem.rdchem.Mol object at 0x735c791aaff0>
CHEMBL5991865,CDK9,62.0,nM,C[C@H](c1cccc(F)c1)n1nnc2cc(F)c(-c3cc(NC(=O)[C@@H]4CCCNC4)ncc3Cl)cc21,7.207608310501746,True,<rdkit.Chem.rdchem.Mol object at 0x735c791aa8f0>
CHEMBL453651,CDK2,62.0,nM,CNC(=O)c1ccc(Nc2nccc(-c3cnc(COC)n3C(C)C)n2)cc1,7.207608310501746,True,<rdkit.Chem.rdchem.Mol object at 0x735c791abc30>
CHEMBL3668489,CDK9,62.0,nM,COc1ccc(F)cc1-c1ccnc2[nH]c(C3=CCC(C(=O)O)CC3)cc12,7.207608310501746,True,<rdkit.Chem.rdchem.Mol object at 0x735c791ab530>
CHEMBL3960860,CDK9,62.0,nM,CN1Cc2c(C3=CCN(CC(=O)N4CCC[C@@H]4CO)CC3)[nH]c3nccc(c23)-c2cc(F)ccc21,7.207608310501746,True,<rdkit.Chem.rdchem.Mol object at 0x735c791abd10>
CHEMBL408019,CDK2,62.0,nM,O=C(Nc1n[nH]c2nc(-c3cccc(O)c3)ccc12)C1CC1,7.207608310501746,True,<rdkit.Chem.rdchem.Mol object at 0x735c791ab680>
CHEMBL5844694,CDK1,62.2,nM,Cc1nc2c(F)cc(-c3nc(Nc4ccc5c(n4)CCN(C(=O)CCO)C5)ncc3F)cc2n1C(C)C,7.206209615309181,True,<rdkit.Chem.rdchem.Mol object at 0x735c791ab5a0>
CHEMBL5811976,CDK2,62.4,nM,Cc1nc2c(F)cc(-c3nc(Nc4ccc5c(n4)CCN(C[C@@H]4CNCCO4)C5)ncc3F)cc2n1C(C)(C)C,7.204815410317575,True,<rdkit.Chem.rdchem.Mol object at 0x735c791abd80>
CHEMBL5853767,CDK2,62.4,nM,Cc1nc2c(F)cc(-c3nc(Nc4ccc5c(n4)CCN(C[C@@H]4CNCCO4)C5)ncc3F)cc2n1C(C)C,7.204815410317575,True,<rdkit.Chem.rdchem.Mol object at 0x735c791ab6f0>
CHEMBL5424761,CDK1,62.46,nM,O=C(c1ccccc1)N1CCN(c2nnc(Cc3ccccc3)c3ccccc23)CC1,7.20439802010582,True,<rdkit.Chem.rdchem.Mol object at 0x735c791abe60>
CHEMBL5562687,CDK1,62.5,nM,Cc1ccc(O)c(C)c1-n1c(N)c(C(=O)N2CCn3ncc(C#N)c3C2)c2nc(C)c(C)nc21,7.204119982655925,True,<rdkit.Chem.rdchem.Mol object at 0x735c791abca0>
CHEMBL3648097,CDK2,63.0,nM,CCOc1nc(Nc2ccc(S(=N)(=O)CC)cc2)ncc1Br,7.200659450546418,True,<rdkit.Chem.rdchem.Mol object at 0x735c791ab760>
CHEMBL3668345,CDK9,63.0,nM,COc1ccc(F)cc1-c1ccnc2[nH]c(C3CNC(C)(C)CO3)cc12,7.200659450546418,True,<rdkit.Chem.rdchem.Mol object at 0x735c791ab290>
CHEMBL3668352,CDK9,63.0,nM,Fc1cccc(-c2c(Cl)cnc3[nH]c(C4CCCNC4)cc23)c1,7.200659450546418,True,<rdkit.Chem.rdchem.Mol object at 0x735c791abae0>
CHEMBL365608,CDK2,63.0,nM,C=C(c1ccc2nc(N)c(C(=O)c3c(F)cccc3F)n2c1)c1c(F)cccc1F,7.200659450546418,True,<rdkit.Chem.rdchem.Mol object at 0x735c791ab1b0>
CHEMBL4872494,CDK9,63.0,nM,COc1ccc(F)cc1-c1ccnc2[nH]c(C3=CCC(NCC(=O)O)CC3)cc12,7.200659450546418,True,<rdkit.Chem.rdchem.Mol object at 0x735c791aba00>
CHEMBL5894609,CDK9,63.0,nM,O=C(Nc1cc(-c2cnn3c2CCCC3)ncn1)[C@H]1C[C@H](O)C1,7.200659450546418,True,<rdkit.Chem.rdchem.Mol object at 0x735c791ab4c0>
CHEMBL5934929,CDK9,63.0,nM,O=C(Nc1cc(-c2ccc3ncn(Cc4cccc(F)c4)c3c2)c(Cl)cn1)C1CCc2nncn2C1,7.200659450546418,True,<rdkit.Chem.rdchem.Mol object at 0x735c791ab920>
CHEMBL3648090,CDK1,63.0,nM,CCOC(=O)N=S(C)(=O)c1ccc(Nc2ncc(Br)c(N[C@H](C)C(C)(C)O)n2)cc1C,7.200659450546418,True,<rdkit.Chem.rdchem.Mol object at 0x735c791ab8b0>
CHEMBL3991935,CDK4,63.0,nM,CN1CC[C@@H](c2c(O)cc(O)c3c(=O)cc(-c4ccccc4Cl)oc23)[C@@H]1CO.Cl,7.200659450546418,True,<rdkit.Chem.rdchem.Mol object at 0x735c791aaa40>
CHEMBL3969723,CDK4,63.0,nM,CN1CC[C@@H](c2c(O)cc(O)c3c(=O)cc(-c4ccccc4Cl)oc23)[C@@H]1CO,7.200659450546418,True,<rdkit.Chem.rdchem.Mol object at 0x735c791aaab0>
CHEMBL3970239,CDK9,63.0,nM,CN1Cc2c(C3=CCNCC3)[nH]c3nccc(c23)-c2cccnc21,7.200659450546418,True,<rdkit.Chem.rdchem.Mol object at 0x735c791aace0>
CHEMBL3975721,CDK9,63.0,nM,CNC(=O)C1CC=C(c2[nH]c3nccc4c3c2CN(C)c2ccc(F)cc2-4)CC1,7.200659450546418,True,<rdkit.Chem.rdchem.Mol object at 0x735c791aab90>
CHEMBL3982885,CDK9,63.0,nM,CN1Cc2c(C3=CCN([C@H]4CC[C@H](C(=O)O)CC4)CC3)[nH]c3ncc(F)c(c23)-c2ccccc21,7.200659450546418,True,<rdkit.Chem.rdchem.Mol object at 0x735c791ab990>
CHEMBL233153,CDK1,63.0,nM,Cc1cc(N2CCCS2(=O)=O)c2oc(-c3ccc(O)c(C(F)(F)F)c3)c(O)c(=O)c2c1,7.200659450546418,True,<rdkit.Chem.rdchem.Mol object at 0x735c791aac70>
CHEMBL2426385,CDK2,63.0,nM,Cc1ccc(-c2nn(-c3ccccc3)cc2C(=O)NC(=S)Nc2ccc(Cl)cc2)cc1,7.200659450546418,True,<rdkit.Chem.rdchem.Mol object at 0x735c791ab3e0>
CHEMBL3967245,CDK9,63.0,nM,CN1Cc2c(C3=CCN(CC(=O)N4CC(F)(F)C4)CC3)[nH]c3nccc(c23)-c2cc(F)ccc21,7.200659450546418,True,<rdkit.Chem.rdchem.Mol object at 0x735c791ab450>
CHEMBL3822989,CDK2,63.0,nM,CC(=O)N1CCC(n2cc(Nc3ncc(Cl)c(-c4cnn5ccccc45)n3)c(C)n2)CC1,7.200659450546418,True,<rdkit.Chem.rdchem.Mol object at 0x735c791aae30>
CHEMBL3668488,CDK9,64.0,nM,COc1ccc(F)cc1-c1ccnc2[nH]c(C3=CCN(S(=O)(=O)N(C(=O)O)C(C)(C)C)CC3)cc12,7.1938200260161125,True,<rdkit.Chem.rdchem.Mol object at 0x735c791ab370>
CHEMBL3691563,CDK4,64.0,nM,CN(C)C(=O)c1cc2cnc(Nc3ccc(C(=O)N4CCN5CCCC5C4)cn3)nc2n1C1CCCC1,7.1938200260161125,True,<rdkit.Chem.rdchem.Mol object at 0x735c791aa880>
CHEMBL541448,CDK1,64.0,nM,COc1cccc(COc2ccc3sc4c(c3c2)NC[C@@H](C)NC4=O)c1,7.1938200260161125,True,<rdkit.Chem.rdchem.Mol object at 0x735c791aa810>
CHEMBL3668403,CDK9,64.0,nM,COc1ccc(F)cc1-c1ccnc2[nH]c([C@H]3CC[C@H](NCCCC(=O)O)CC3)cc12,7.1938200260161125,True,<rdkit.Chem.rdchem.Mol object at 0x735c791aa110>
CHEMBL3932928,CDK9,64.0,nM,CN1Cc2c(C3=CCC(N[C@H](C(=O)O)C(C)(C)C)CC3)[nH]c3nccc(c23)-c2cc(F)ccc21,7.1938200260161125,True,<rdkit.Chem.rdchem.Mol object at 0x735c791a9e70>
CHEMBL4861217,CDK9,64.0,nM,COc1ccc(F)cc1-c1ccnc2[nH]c(C3=CCN([C@H]4CC[C@@H](C(=O)O)CC4)CC3)cc12,7.1938200260161125,True,<rdkit.Chem.rdchem.Mol object at 0x735c791a9e00>
CHEMBL3976427,CDK9,64.0,nM,CN1Cc2c(C3=CCN([C@H]4CC[C@H](CC(=O)O)CC4)CC3)[nH]c3nccc(c23)-c2cc(F)ccc21,7.1938200260161125,True,<rdkit.Chem.rdchem.Mol object at 0x735c791a9d90>
CHEMBL1964245,CDK1,64.0,nM,CNS(=O)(=O)c1ccc(N/C=C2\C(=O)Nc3ccc4ncsc4c32)cc1,7.1938200260161125,True,<rdkit.Chem.rdchem.Mol object at 0x735c791a9af0>
CHEMBL1964253,CDK1,64.0,nM,CN(c1ccccn1)S(=O)(=O)c1ccc(N/C=C2\C(=O)Nc3ccc4ncsc4c32)cc1,7.1938200260161125,True,<rdkit.Chem.rdchem.Mol object at 0x735c791a9a80>
CHEMBL3976415,CDK9,64.0,nM,CC[C@H]1c2c(C3=CCN([C@H]4C[C@@H](C(=O)OC)C4)CC3)[nH]c3nccc(c23)-c2cc(F)ccc2N1C,7.1938200260161125,True,<rdkit.Chem.rdchem.Mol object at 0x735c791a9a10>
CHEMBL299032,CDK2,64.0,nM,CC(C)NS(=O)(=O)c1ccc2c(c1)/C(=C/c1[nH]cc3c1CCOC3=O)C(=O)N2,7.1938200260161125,True,<rdkit.Chem.rdchem.Mol object at 0x735c791a99a0>
CHEMBL3642649,CDK2,64.0,nM,Fc1ccccc1-c1cc(NCc2ccncc2)n2ncc(Cl)c2n1,7.1938200260161125,True,<rdkit.Chem.rdchem.Mol object at 0x735c791a9930>
CHEMBL3691581,CDK4,64.5,nM,CN(C)C(=O)c1cc2cnc(Nc3ccc(C(=O)N4CC5CCC(C4)N5)nn3)nc2n1C1CCCC1,7.1904402853647325,True,<rdkit.Chem.rdchem.Mol object at 0x735c791a98c0>
CHEMBL3691613,CDK4,64.5,nM,CN(C)C(=O)c1cc2cnc(Nc3ccc(C(=O)N4CC5CCC(C4)O5)cn3)nc2n1C1CCCC1,7.1904402853647325,True,<rdkit.Chem.rdchem.Mol object at 0x735c791a97e0>
CHEMBL6011114,CDK4,65.0,nM,COC1CCN(c2ccc(Nc3ncc(F)c(-c4cc(F)c5c(c4)N(C(C)C)CCO5)n3)nc2)CC1,7.187086643357144,True,<rdkit.Chem.rdchem.Mol object at 0x735c791a9770>
CHEMBL5598550,CDK9,65.0,nM,N#CC1(CNc2cccc(-c3cc(Nc4cnn(CCCCCCC(=O)NO)c4)ncc3Cl)n2)CCOCC1,7.187086643357144,True,<rdkit.Chem.rdchem.Mol object at 0x735c791a9690>
CHEMBL3691560,CDK4,65.0,nM,CN(C)C(=O)c1cc2cnc(Nc3ccc(C(=O)N4CC5CC5(N(C)C)C4)cn3)nc2n1C1CCCC1,7.187086643357144,True,<rdkit.Chem.rdchem.Mol object at 0x735c791a9620>
CHEMBL3668344,CDK9,65.0,nM,Clc1ccc(NCc2ccccc2)nc1-c1ccnc2[nH]c(C3CNCCO3)cc12,7.187086643357144,True,<rdkit.Chem.rdchem.Mol object at 0x735c791a95b0>
CHEMBL5800508,CDK9,65.0,nM,O=C(Nc1cc(-c2ccc3c(c2)N(CC2CCOCC2)CC3)c(Cl)cn1)[C@@H]1CCCNC1,7.187086643357144,True,<rdkit.Chem.rdchem.Mol object at 0x735c791a9540>
CHEMBL82768,CDK2,65.0,nM,CC(C)(N)CNc1cc(-c2ccc[nH]2)c2c3c(ccc(F)c13)NC2=O,7.187086643357144,True,<rdkit.Chem.rdchem.Mol object at 0x735c791a94d0>
CHEMBL5786556,CDK2,65.5,nM,CN(C)[C@H]1CCN(c2ccc(Nc3ncc(F)c(-c4cc(F)c5nc6n(c5c4)C(C)(C)CC6)n3)nc2)C1,7.183758700008217,True,<rdkit.Chem.rdchem.Mol object at 0x735c791a9460>
CHEMBL5941223,CDK2,65.5,nM,Cc1nc2c(F)cc(-c3nc(Nc4ccc5c(n4)CCNC5)ncc3F)cc2n1C1CCC(C)CC1,7.183758700008217,True,<rdkit.Chem.rdchem.Mol object at 0x735c791a9380>
CHEMBL5879318,CDK9,65.8,nM,CNCC(=O)N1CCc2nc(Nc3ncc(F)c(-c4cc(F)c5nc(C)n(C6CCC6)c5c4)n3)ccc2C1,7.181774106386045,True,<rdkit.Chem.rdchem.Mol object at 0x735c791a9150>
CHEMBL3691657,CDK4,66.0,nM,CN(C)C(=O)c1cc2cnc(Nc3ccc(N4CC5(CC4=O)CC4CCC(C5)N4)cn3)nc2n1C1CCCOC1,7.180456064458131,True,<rdkit.Chem.rdchem.Mol object at 0x735c791a90e0>
CHEMBL3937521,CDK9,66.0,nM,CN1Cc2c(C3=CCN4C(=O)OC[C@H]4C3)[nH]c3nccc(c23)-c2cc(F)ccc21,7.180456064458131,True,<rdkit.Chem.rdchem.Mol object at 0x735c791a8f20>
CHEMBL3673537,CDK9,66.0,nM,CNC(=O)N1CCC(c2cc3c(-c4cncc(NCc5cccnc5)n4)ccnc3[nH]2)CC1,7.180456064458131,True,<rdkit.Chem.rdchem.Mol object at 0x735c791a8e40>
CHEMBL3899955,CDK9,66.0,nM,CN1Cc2c(-c3ccc(S(C)(=O)=O)cc3)[nH]c3nccc(c23)-c2cc(F)ccc21,7.180456064458131,True,<rdkit.Chem.rdchem.Mol object at 0x735c791a8c10>
CHEMBL2403095,CDK1,66.0,nM,NC1CCC(Nc2nc(NCc3ccc(-c4ccoc4)nc3)c3ncn(C4CCCC4)c3n2)CC1,7.180456064458131,True,<rdkit.Chem.rdchem.Mol object at 0x735c791a8b30>
CHEMBL3641919,CDK4,66.0,nM,CC1(C)CN(c2ccc(Nc3ncc4c5ccncc5n([C@H]5CCC[C@H]5O)c4n3)nc2)CCN1,7.180456064458131,True,<rdkit.Chem.rdchem.Mol object at 0x735c791a8820>
CHEMBL3897049,CDK9,66.0,nM,CN1Cc2c(C3=CC4CCCC(C3)N4CC(=O)N(C)C3CC(O)C3)[nH]c3nccc(c23)-c2cc(F)ccc21,7.180456064458131,True,<rdkit.Chem.rdchem.Mol object at 0x735c791a87b0>
CHEMBL3668477,CDK9,66.0,nM,Fc1ccccc1CNc1ccc(Cl)c(-c2ccnc3[nH]c(C4CCCNC4)cc23)n1,7.180456064458131,True,<rdkit.Chem.rdchem.Mol object at 0x735c791a86d0>
CHEMBL3668541,CDK9,66.0,nM,COc1ccc(F)cc1-c1ccnc2[nH]c(C3CCN(CC(=O)N(C)C4CC(O)C4)CC3)cc12,7.180456064458131,True,<rdkit.Chem.rdchem.Mol object at 0x735c791a8660>
CHEMBL5749331,CDK9,66.0,nM,N[C@H]1CC[C@H](Nc2cc(-c3ccc4ncn(CC5CCOCC5)c4c3)c(Cl)cn2)CC1,7.180456064458131,True,<rdkit.Chem.rdchem.Mol object at 0x735c791a85f0>
CHEMBL3698685,CDK4,66.0,nM,O=C(c1cnc(Nc2ncc3c4ccncc4n(C4CCCC4)c3n2)s1)N1CCNCC1,7.180456064458131,True,<rdkit.Chem.rdchem.Mol object at 0x735c791a8510>
CHEMBL5758736,CDK9,66.0,nM,O=C(Nc1cc(-c2ccc3ncn(CC4CCS(=O)(=O)C4)c3c2)c(Cl)cn1)[C@@H]1CCCNC1,7.180456064458131,True,<rdkit.Chem.rdchem.Mol object at 0x735c791a82e0>
CHEMBL3823659,CDK1,66.0,nM,CC(=O)N1CCC(n2cc(Nc3ncc(Cl)c(-c4cnc5ccccn45)n3)cn2)CC1,7.180456064458131,True,<rdkit.Chem.rdchem.Mol object at 0x735c791a8270>
CHEMBL5438882,CDK1,66.47,nM,COc1ccc(NC(=O)N2CCN(c3nnc(Cc4ccccc4)c4ccccc34)CC2)cc1,7.177374321225859,True,<rdkit.Chem.rdchem.Mol object at 0x735c791a8200>
CHEMBL5632010,CDK9,66.7,nM,COc1cc(O)c2c(=O)cc(-c3ccc(N4CCN(C)CC4)cc3)oc2c1C1=CCN(C)CC1,7.175874166083451,True,<rdkit.Chem.rdchem.Mol object at 0x735c791a80b0>
CHEMBL3915400,CDK9,67.0,nM,CN1Cc2c(C3=CCN([C@H]4CC[C@H](CC(=O)O)CC4)CC3)[nH]c3ncc(F)c(c23)-c2cc(F)ccc21,7.173925197299173,True,<rdkit.Chem.rdchem.Mol object at 0x735c791a8040>
CHEMBL115994,CDK2,67.0,nM,O=C(Cc1ccc(OC(F)(F)F)cc1)Nc1cc(C2CC2)[nH]n1,7.173925197299173,True,<rdkit.Chem.rdchem.Mol object at 0x735c791ab300>
CHEMBL4758996,CDK9,67.0,nM,CC(C)N1c2cc(Nc3nccc(-c4cccc5c4CCCN5)n3)ccc2N(C)C(=O)[C@H]1C,7.173925197299173,True,<rdkit.Chem.rdchem.Mol object at 0x735c791abbc0>
CHEMBL254367,CDK1,67.0,nM,O=C(Cc1cccc2ccccc12)Nc1n[nH]c2ccc(N3CCCS3(=O)=O)cc12,7.173925197299173,True,<rdkit.Chem.rdchem.Mol object at 0x735c791ab060>
CHEMBL3691614,CDK4,67.0,nM,CN(C)C(=O)c1cc2cnc(Nc3ccc(C(=O)N4CCC5COCC(C4)N5)cn3)nc2n1C1CCCC1,7.173925197299173,True,<rdkit.Chem.rdchem.Mol object at 0x735c791ab610>
CHEMBL3944945,CDK9,67.0,nM,CN(C)C(=O)CN1CC=C(c2[nH]c3nccc4c3c2CCN(C)c2ccc(F)cc2-4)CC1,7.173925197299173,True,<rdkit.Chem.rdchem.Mol object at 0x735c791aa9d0>
CHEMBL3668458,CDK9,67.0,nM,Nc1ccc(F)c(-c2ccnc3[nH]c(C4CCNCC4)cc23)c1,7.173925197299173,True,<rdkit.Chem.rdchem.Mol object at 0x735c791aad50>
CHEMBL4856767,CDK2,67.44,nM,Cc1n[nH]c2ccc(-c3cncc(N[C@@H](CO)c4ccccc4)n3)cc12,7.171082438383314,True,<rdkit.Chem.rdchem.Mol object at 0x735c791aab20>
CHEMBL458547,CDK2,68.0,nM,COCCNS(=O)(=O)c1ccc(Nc2nccc(-c3c(C)nc(C)n3C)n2)cc1,7.167491087293763,True,<rdkit.Chem.rdchem.Mol object at 0x735c791ab0d0>
CHEMBL184115,CDK2,68.0,nM,COc1ccccc1C(=O)c1c(N)nc2ccc(C(=O)c3c(F)cccc3F)cn12,7.167491087293763,True,<rdkit.Chem.rdchem.Mol object at 0x735c791aac00>
CHEMBL58139,CDK2,68.0,nM,CN(C)S(=O)(=O)c1ccc2c(c1)/C(=C/c1[nH]cc3c1CCNC3=O)C(=O)N2,7.167491087293763,True,<rdkit.Chem.rdchem.Mol object at 0x735c87c55230>
CHEMBL5794853,CDK9,68.0,nM,NC1CCCC(Nc2cc(-c3ccc4ncn(Cc5cccc(F)c5)c4c3)c(Cl)cn2)C1,7.167491087293763,True,<rdkit.Chem.rdchem.Mol object at 0x735c79f5bd10>
CHEMBL60990,CDK2,68.0,nM,O=C1Nc2ccc(C(=O)O)cc2/C1=C/c1[nH]cc2c1CCNC2=O,7.167491087293763,True,<rdkit.Chem.rdchem.Mol object at 0x735c79f5b060>
CHEMBL1800452,CDK2,68.0,nM,CC(C)c1cc(-c2cc(N3C[C@H](O)[C@@H](O)C3)ccc2O)nc(N)n1,7.167491087293763,True,<rdkit.Chem.rdchem.Mol object at 0x735c79f5b680>
CHEMBL5989892,CDK9,68.0,nM,CC(C)(O)CCn1cnc2ccc(-c3cc(NC(=O)[C@@H]4CCCNC4)ncc3Cl)cc21,7.167491087293763,True,<rdkit.Chem.rdchem.Mol object at 0x735c79f585f0>
CHEMBL3977523,CDK9,68.0,nM,CN1Cc2c(-c3ccc(CC(=O)O)cc3)[nH]c3nccc(c23)-c2cc(F)ccc21,7.167491087293763,True,<rdkit.Chem.rdchem.Mol object at 0x735c79f5bca0>
CHEMBL325606,CDK2,68.0,nM,NC(=O)c1ccc(C(=O)Nc2cc(C3CC3)[nH]n2)cc1,7.167491087293763,True,<rdkit.Chem.rdchem.Mol object at 0x735c79f5a180>
CHEMBL3702098,CDK4,68.0,nM,CN(C)CC(=O)N1CCN(c2ccc(Nc3ncc4c5ccnc(F)c5n(C5CCCC5)c4n3)nc2)CC1,7.167491087293763,True,<rdkit.Chem.rdchem.Mol object at 0x735c79f58660>
CHEMBL5833447,CDK9,68.0,nM,NCC(O)CNc1cc(-c2ccc3ncn(Cc4cccc(F)c4)c3c2)c(Cl)cn1,7.167491087293763,True,<rdkit.Chem.rdchem.Mol object at 0x735c79f5b4c0>
CHEMBL3663766,CDK9,68.0,nM,COc1ccc(C)cc1-c1ccnc2[nH]c(C3CCNCC3)cc12,7.167491087293763,True,<rdkit.Chem.rdchem.Mol object at 0x735c79f5bae0>
CHEMBL3648124,CDK1,68.0,nM,CCS(=N)(=O)c1ccc(Nc2ncc(Br)c(N[C@@H](C)C(C)(C)O)n2)cc1,7.167491087293763,True,<rdkit.Chem.rdchem.Mol object at 0x735c79f5b450>
CHEMBL5596921,CDK9,68.4,nM,COc1cc(F)ccc1-c1cc(Nc2ccc(/C=C/C(=O)Nc3ccccc3N)cc2)ncc1F,7.164943898279883,True,<rdkit.Chem.rdchem.Mol object at 0x735c79f586d0>
CHEMBL3922725,CDK9,69.0,nM,CN1Cc2c(C3=CCN(S(C)(=O)=O)CC3)[nH]c3nccc(c23)-c2cccnc21,7.161150909262744,True,<rdkit.Chem.rdchem.Mol object at 0x735c79f58740>
CHEMBL3298983,CDK2,69.0,nM,C[C@@H](NC(=O)N1CCc2cnc(NC3CCOCC3)nc2C1)c1ccc2cc[nH]c2c1,7.161150909262744,True,<rdkit.Chem.rdchem.Mol object at 0x735c79f5a3b0>
CHEMBL2426398,CDK2,69.0,nM,Cc1ccc(NC(=S)NC(=O)c2cn(-c3ccccc3)nc2-c2ccccc2)cc1,7.161150909262744,True,<rdkit.Chem.rdchem.Mol object at 0x735c79f587b0>
CHEMBL5998900,CDK9,69.0,nM,CS(=O)(=O)CCn1cnc2ccc(-c3cc(NC(=O)[C@@H]4CCCNC4)ncc3Cl)cc21,7.161150909262744,True,<rdkit.Chem.rdchem.Mol object at 0x735c79f59af0>
CHEMBL3641980,CDK4,69.0,nM,C[C@H](O)Cn1c2cnccc2c2cnc(Nc3ccc(N4CCC(N(C)C)CC4)cn3)nc21,7.161150909262744,True,<rdkit.Chem.rdchem.Mol object at 0x735c79f5a2d0>
CHEMBL5856237,CDK1,69.0,nM,Cc1nc2c(F)cc(-c3nc(Nc4ccc5c(n4)CCN(C(=O)[C@@H](C)N(C)C)C5)ncc3F)cc2n1C(C)C,7.161150909262744,True,<rdkit.Chem.rdchem.Mol object at 0x735c79f58270>
CHEMBL3668414,CDK9,69.0,nM,CN1CCC(c2cc3c(-c4cccc(N(C)Cc5ccccc5Cl)n4)ccnc3[nH]2)CC1,7.161150909262744,True,<rdkit.Chem.rdchem.Mol object at 0x735c79f599a0>
CHEMBL3668509,CDK9,70.0,nM,COc1ccc(F)cc1-c1ccnc2[nH]c(C3=CCC(N4CCC[C@H]4C(=O)O)CC3)cc12,7.154901959985743,True,<rdkit.Chem.rdchem.Mol object at 0x735c79f5ace0>
CHEMBL5169733,CDK9,70.0,nM,CN(C)C(=O)CN1CCC(c2cc3c(-c4ccc(=O)n(C5CCC5)c4)ccnc3[nH]2)CC1,7.154901959985743,True,<rdkit.Chem.rdchem.Mol object at 0x735c79f58970>
CHEMBL3668558,CDK9,70.0,nM,COc1ccc(F)cc1-c1c(F)cnc2[nH]c(C3=CC4CN(CC(=O)N5CC(O)C5)CC4C3)cc12,7.154901959985743,True,<rdkit.Chem.rdchem.Mol object at 0x735c79f58ba0>
CHEMBL3924904,CDK9,70.0,nM,COc1ccc(F)cc1-c1ccnc2[nH]c(C3C[C@@H]4CN(S(C)(=O)=O)C[C@@H]4C3)cc12,7.154901959985743,True,<rdkit.Chem.rdchem.Mol object at 0x735c79f5a1f0>
CHEMBL5407116,CDK1,70.0,nM,S=C(Nc1ccccc1)N1CCN(c2nnc(Cc3ccccc3)c3ccccc23)CC1,7.154901959985743,True,<rdkit.Chem.rdchem.Mol object at 0x735c79f5a8f0>
CHEMBL1080912,CDK2,70.0,nM,Cc1n[nH]c2ccc(-c3nnc(NC[C@@H](N)Cc4ccc(Cl)cc4Cl)s3)cc12,7.154901959985743,True,<rdkit.Chem.rdchem.Mol object at 0x735c79f59000>
CHEMBL4215914,CDK2,70.0,nM,CC[C@H](CO)Nc1nc(NCc2ccccc2N)c2[nH]nc(C(C)C)c2n1,7.154901959985743,True,<rdkit.Chem.rdchem.Mol object at 0x735c79f58c80>
CHEMBL3924254,CDK9,70.0,nM,CN1Cc2c(C3=CCN(CC(=O)N4CCC[C@H]4CO)CC3)[nH]c3nccc(c23)-c2cc(F)ccc21,7.154901959985743,True,<rdkit.Chem.rdchem.Mol object at 0x735c79f58c10>
CHEMBL6174956,CDK1,70.0,nM,CCOC(=O)c1cnc2c(-c3nc4ccccc4s3)c(Nc3ccccc3)nn2c1O,7.154901959985743,True,<rdkit.Chem.rdchem.Mol object at 0x735c79f58820>
CHEMBL101801,CDK1,70.0,nM,NC(=O)c1ccc(Nc2nc(N)c(N=O)c(OCC3CCCCC3)n2)cc1,7.154901959985743,True,<rdkit.Chem.rdchem.Mol object at 0x735c79f592a0>
CHEMBL1922212,CDK2,70.0,nM,CC[C@H](Nc1nc(NCc2cccnc2)c2ncn(C(C)C)c2n1)C(C)(C)O,7.154901959985743,True,<rdkit.Chem.rdchem.Mol object at 0x735c79f58900>
CHEMBL2011932,CDK2,70.0,nM,COc1ccc(-c2nc3c(NCCCNC(=O)C4(CN)CC4)c(Br)cnc3[nH]2)cc1,7.154901959985743,True,<rdkit.Chem.rdchem.Mol object at 0x735c79f58510>
CHEMBL3702148,CDK4,70.0,nM,c1cc2c3cnc(Nc4ccc(N5CCNC6(CCC6)C5)nn4)nc3n(C3CCCC3)c2cn1,7.154901959985743,True,<rdkit.Chem.rdchem.Mol object at 0x735c79f582e0>
CHEMBL5915046,CDK2,70.3,nM,CC1(C)CCc2nc3c(F)cc(-c4nc(Nc5ccc(OC6CCN(CCO)CC6)cn5)ncc4F)cc3n21,7.153044674980176,True,<rdkit.Chem.rdchem.Mol object at 0x735c79f59a10>
CHEMBL209280,CDK2,71.0,nM,Nc1nc(Nc2ccc(S(=O)(=O)NC(=O)CCC(=O)O)cc2)nn1C(=O)c1c(F)cccc1F,7.1487416512809245,True,<rdkit.Chem.rdchem.Mol object at 0x735c79f5a260>
CHEMBL3668553,CDK9,71.0,nM,COc1ccc(F)cc1-c1ccnc2[nH]c(C3=CCN([C@H]4CC[C@@H](CC(=O)O)CC4)CC3)cc12,7.1487416512809245,True,<rdkit.Chem.rdchem.Mol object at 0x735c79f5a420>
CHEMBL3668545,CDK9,71.0,nM,COc1ccc(F)cc1-c1ccnc2[nH]c(C3=CC4CN(C(=O)CO)CC4C3)cc12,7.1487416512809245,True,<rdkit.Chem.rdchem.Mol object at 0x735c79f58ac0>
CHEMBL455467,CDK1,71.0,nM,Cc1ncc(-c2ccnc(Nc3ccc(C(=O)N4CCN(C)CC4)cc3)n2)n1C(C)C,7.1487416512809245,True,<rdkit.Chem.rdchem.Mol object at 0x735c8757dcb0>
CHEMBL3668549,CDK9,71.0,nM,CNC(=O)N1C[C@@H]2CC(c3cc4c(-c5cc(F)ccc5OC)ccnc4[nH]3)=C[C@@H]2C1,7.1487416512809245,True,<rdkit.Chem.rdchem.Mol object at 0x735c8757dc40>
CHEMBL3691636,CDK4,71.0,nM,CN(C)C(=O)c1cc2cnc(Nc3ccc(N4CCN5CCCCC5C4=O)cn3)nc2n1C1CCCC1,7.1487416512809245,True,<rdkit.Chem.rdchem.Mol object at 0x735c8757dbd0>
CHEMBL141247,CDK6,71.0,nM,O=C(Nc1ccccn1)Nc1cccc2c1[C@H]1CCCN1C2=O,7.1487416512809245,True,<rdkit.Chem.rdchem.Mol object at 0x735c8757db60>
CHEMBL3298312,CDK2,71.0,nM,CC[C@@H](NC(=O)N1CCc2cnc(N[C@@H](C)CO)nc2C1)c1ccc(OC)c(Cl)c1,7.1487416512809245,True,<rdkit.Chem.rdchem.Mol object at 0x735c8757daf0>
CHEMBL3892177,CDK9,71.0,nM,CN1Cc2c(C3=CCN([C@H]4CC[C@@H](CC(=O)O)CC4)CC3)[nH]c3ncc(F)c(c23)-c2ccccc21,7.1487416512809245,True,<rdkit.Chem.rdchem.Mol object at 0x735c8757da80>
CHEMBL2426381,CDK2,71.0,nM,O=C(NC(=S)Nc1ccc(Cl)cc1)c1cn(-c2ccccc2)nc1-c1ccccc1,7.1487416512809245,True,<rdkit.Chem.rdchem.Mol object at 0x735c8757da10>
CHEMBL3641918,CDK4,71.0,nM,C[C@H]1CN(c2ccc(Nc3ncc4c5ccncc5n([C@H]5CCC[C@H]5O)c4n3)nc2)CCN1,7.1487416512809245,True,<rdkit.Chem.rdchem.Mol object at 0x735c8757d9a0>
CHEMBL5532052,CDK2,71.53,nM,CC[C@H](CO)Nc1nc(NCc2ccc(NC(=O)C3CCOCC3)cc2)n2ncc(C(C)C)c2n1,7.14551177495557,True,<rdkit.Chem.rdchem.Mol object at 0x735c8757d930>
CHEMBL2103840,CDK1,72.0,nM,CCc1cnn2c(NCc3ccc[n+]([O-])c3)cc(N3CCCC[C@H]3CCO)nc12,7.142667503568731,True,<rdkit.Chem.rdchem.Mol object at 0x735c8757d8c0>
CHEMBL82251,CDK2,72.0,nM,CCc1cc(-c2ccc[nH]2)c2c3c(ccc(F)c13)NC2=O,7.142667503568731,True,<rdkit.Chem.rdchem.Mol object at 0x735c8757d850>
CHEMBL1080740,CDK2,72.0,nM,Cc1n[nH]c2ccc(-c3nnc(NC[C@@H](N)Cc4ccc(Cl)cc4)s3)cc12,7.142667503568731,True,<rdkit.Chem.rdchem.Mol object at 0x735c8757d7e0>
CHEMBL6020172,CDK9,72.0,nM,Fc1cccc(Cn2cnc3ccc(-c4cc(NCCNc5ccccn5)ncc4Cl)cc32)c1,7.142667503568731,True,<rdkit.Chem.rdchem.Mol object at 0x735c8757d770>
CHEMBL3641982,CDK4,72.0,nM,C[C@H](O)Cn1c2cnccc2c2cnc(Nc3ccc(N4CC[C@@H](O)C4)cn3)nc21,7.142667503568731,True,<rdkit.Chem.rdchem.Mol object at 0x735c8757d700>
CHEMBL1087281,CDK2,72.0,nM,Cc1n[nH]c2ccc(-c3nnc(NC[C@@H](N)Cc4ccccc4)s3)cc12,7.142667503568731,True,<rdkit.Chem.rdchem.Mol object at 0x735c8757d690>
CHEMBL3648101,CDK1,72.0,nM,CC(O)CSc1nc(Nc2ccc(S(C)(=N)=O)cc2)ncc1Br,7.142667503568731,True,<rdkit.Chem.rdchem.Mol object at 0x735c8757d620>
CHEMBL3959178,CDK9,72.0,nM,CN1Cc2c(C3=C[C@H]4CC[C@@H](C3)N4CC(=O)N3CCC[C@H]3CO)[nH]c3nccc(c23)-c2cc(F)ccc21,7.142667503568731,True,<rdkit.Chem.rdchem.Mol object at 0x735c8757d5b0>
CHEMBL1964250,CDK1,72.0,nM,COCCOCCOCCOCCNS(=O)(=O)c1ccc(N/C=C2\C(=O)Nc3ccc4ncsc4c32)cc1,7.142667503568731,True,<rdkit.Chem.rdchem.Mol object at 0x735c8757d540>
CHEMBL5781074,CDK2,72.1,nM,Cc1nc2c(F)cc(-c3nc(Nc4ccc5c(n4)CCNC5)ncc3F)cc2n1C1CCC1,7.142064735280571,True,<rdkit.Chem.rdchem.Mol object at 0x735c8757d4d0>
CHEMBL3691565,CDK4,72.5,nM,CN(C)C(=O)c1cc2cnc(Nc3ccc(C(=O)N4C5CCC4CNC5)cn3)nc2n1C1CCCC1,7.139661993429006,True,<rdkit.Chem.rdchem.Mol object at 0x735c8757d460>
CHEMBL5527858,CDK9,72.67,nM,CC(=O)Nc1ccc(CNc2nc(N3CCC[C@@H](O)C3)nc3c(C(C)C)cnn23)cc1,7.13864483980674,True,<rdkit.Chem.rdchem.Mol object at 0x735c8757d3f0>
CHEMBL3680386,CDK4,72.8,nM,C[C@H]1CC[C@H](n2c3cnccc3c3cnc(Nc4ccc5c(n4)CCN(CCF)C5)nc32)CC1,7.137868620686962,True,<rdkit.Chem.rdchem.Mol object at 0x735c8757d380>
CHEMBL4113920,CDK9,73.0,nM,CN1Cc2c(C3=C[C@H]4CC[C@@H](C3)N4CC(=O)N(C)C3CC(O)C3)[nH]c3nccc(c23)-c2cc(F)ccc21,7.136677139879544,True,<rdkit.Chem.rdchem.Mol object at 0x735c8757d310>
CHEMBL3698697,CDK6,73.0,nM,O=S1(=O)CCN(c2ccc(Nc3ncc4c5ccncc5n(C5CCCC5)c4n3)nc2)CC1,7.136677139879544,True,<rdkit.Chem.rdchem.Mol object at 0x735c8757d2a0>
CHEMBL3973367,CDK2,73.0,nM,COc1cc(F)ccc1-c1nc(Nc2cc(F)c(F)c(CS(C)(=O)=NC#N)c2)ncc1F,7.136677139879544,True,<rdkit.Chem.rdchem.Mol object at 0x735c8757d230>
CHEMBL3954215,CDK9,73.0,nM,CN1Cc2c(C3=CCN([C@H]4CC[C@H](CC(=O)O)CC4)CC3)[nH]c3ncc(F)c(c23)-c2ccccc21,7.136677139879544,True,<rdkit.Chem.rdchem.Mol object at 0x735c8757d1c0>
CHEMBL3641983,CDK4,73.0,nM,CNC1CCN(c2ccc(Nc3ncc4c5ccncc5n(C[C@@H](C)O)c4n3)nc2)CC1,7.136677139879544,True,<rdkit.Chem.rdchem.Mol object at 0x735c8757d150>
CHEMBL3641935,CDK4,73.0,nM,C[C@H]1CN(c2ccc(Nc3ncc4c5ccncc5n([C@@H](C)CO)c4n3)nn2)CCN1,7.136677139879544,True,<rdkit.Chem.rdchem.Mol object at 0x735c8757d0e0>
CHEMBL3668438,CDK9,73.0,nM,COc1ccc(F)cc1-c1ccnc2[nH]c(C3CN(Cc4ccncc4)C3)cc12,7.136677139879544,True,<rdkit.Chem.rdchem.Mol object at 0x735c8757d070>
CHEMBL5401951,CDK4,73.0,nM,COc1cc(/C=N/n2c(S)nnc2-c2c[nH]c3ccccc23)cc(OC)c1OC,7.136677139879544,True,<rdkit.Chem.rdchem.Mol object at 0x735c8757d000>
CHEMBL3698680,CDK4,73.0,nM,CC(C)(CO)Cn1c2cnccc2c2cnc(Nc3ccc(N4CCNCC4)cn3)nc21,7.136677139879544,True,<rdkit.Chem.rdchem.Mol object at 0x735c8757cf90>
CHEMBL3702169,CDK4,73.0,nM,c1cncc(-c2ccc(Nc3ncc4c5ccncc5n(C5CCCC5)c4n3)nn2)c1,7.136677139879544,True,<rdkit.Chem.rdchem.Mol object at 0x735c8757cf20>
CHEMBL445340,CDK9,73.0,nM,CC(C)C1CNC(=O)c2cc(-c3ccnc(N)n3)[nH]c21,7.136677139879544,True,<rdkit.Chem.rdchem.Mol object at 0x735c8757ceb0>
CHEMBL526092,CDK9,73.0,nM,CCC1CNC(=O)c2cc(-c3ccnc(N)n3)[nH]c21,7.136677139879544,True,<rdkit.Chem.rdchem.Mol object at 0x735c8757ce40>
CHEMBL5983466,CDK2,73.1,nM,Cc1nc2c(F)cc(-c3nc(Nc4ccc5c(n4)CCN(CCN(C)CCN(C)C)C5)ncc3F)cc2n1C(C)(C)C,7.13608262304214,True,<rdkit.Chem.rdchem.Mol object at 0x735c8757cdd0>
CHEMBL5813772,CDK1,73.2,nM,Cc1nc2c(F)cc(-c3nc(Nc4ccc5c(n4)CCN(C)C5)ncc3F)cc2n1C(C)C,7.135488918941608,True,<rdkit.Chem.rdchem.Mol object at 0x735c8757cd60>
CHEMBL5926952,CDK9,74.0,nM,O=C(/C=C/c1ccncc1)Nc1cc(-c2ccc3ncn(Cc4cccc(F)c4)c3c2)c(Cl)cn1,7.130768280269024,True,<rdkit.Chem.rdchem.Mol object at 0x735c8757ccf0>
CHEMBL1081439,CDK2,74.0,nM,N[C@H](CNc1nnc(-c2ccc3[nH]ncc3c2)s1)Cc1ccc(F)cc1,7.130768280269024,True,<rdkit.Chem.rdchem.Mol object at 0x735c8757cc80>
CHEMBL3641909,CDK4,74.0,nM,CN(C)C1CCN(c2ccc(Nc3ncc4c5ccncc5n(CCCO)c4n3)nc2)CC1,7.130768280269024,True,<rdkit.Chem.rdchem.Mol object at 0x735c8757cc10>
CHEMBL538195,CDK2,74.0,nM,Cn1nc(C(=O)NCCO)c2c1-c1nc(Nc3ccccc3)ncc1CC2,7.130768280269024,True,<rdkit.Chem.rdchem.Mol object at 0x735c8757cba0>
CHEMBL3668381,CDK9,74.0,nM,COc1ccc(F)cc1-c1ccnc2[nH]c(C3CCN(C(C)=O)C3)cc12,7.130768280269024,True,<rdkit.Chem.rdchem.Mol object at 0x735c8757cb30>
CHEMBL3691600,CDK4,74.0,nM,CN(C)C(=O)c1cc2cnc(Nc3ccc(C(=O)N4CC5CCC(C4)N5)cn3)nc2n1C(C)(C)C,7.130768280269024,True,<rdkit.Chem.rdchem.Mol object at 0x735c8757cac0>
CHEMBL5994825,CDK9,74.0,nM,O=C(Nc1cc(-c2ccc3ncn(Cc4cccc(F)c4)c3c2)c(Cl)cn1)c1cn[nH]c1,7.130768280269024,True,<rdkit.Chem.rdchem.Mol object at 0x735c8757ca50>
CHEMBL324577,CDK2,74.0,nM,NC(=O)c1ccc(CC(=O)Nc2cc(C3CC3)[nH]n2)cc1,7.130768280269024,True,<rdkit.Chem.rdchem.Mol object at 0x735c8757c9e0>
CHEMBL5881472,CDK4,74.9,nM,Cc1nc2c(C(F)(F)F)cc(-c3nc(Nc4ccc5c(n4)CCNC5)ncc3F)cc2n1C(C)C,7.125518182300533,True,<rdkit.Chem.rdchem.Mol object at 0x735c8757c890>
CHEMBL2426380,CDK2,75.0,nM,O=C(NC(=S)Nc1ccc(F)cc1)c1cn(-c2ccccc2)nc1-c1ccccc1,7.1249387366083,True,<rdkit.Chem.rdchem.Mol object at 0x735c8757c820>
CHEMBL3641981,CDK4,75.0,nM,C[C@H](O)Cn1c2cnccc2c2cnc(Nc3ccc(N4CCN[C@@H](C)C4)cn3)nc21,7.1249387366083,True,<rdkit.Chem.rdchem.Mol object at 0x735c8757c740>
CHEMBL3648091,CDK1,75.0,nM,CCOC(=O)N=S(C)(=O)c1ccc(Nc2ncc(Br)c(N[C@H](C)[C@H](C)O)n2)cc1C,7.1249387366083,True,<rdkit.Chem.rdchem.Mol object at 0x735c8757c6d0>
CHEMBL5411451,CDK6,75.0,nM,Cc1ccc(/C=N/n2c(S)nnc2-c2c[nH]c3ccccc23)cc1,7.1249387366083,True,<rdkit.Chem.rdchem.Mol object at 0x735c8757c660>
CHEMBL392776,CDK2,75.0,nM,Cc1cc(N2CCCS2(=O)=O)c2oc(-c3ccc(O)c(Br)c3)c(O)c(=O)c2c1,7.1249387366083,True,<rdkit.Chem.rdchem.Mol object at 0x735c8757c5f0>
CHEMBL2180862,CDK1,75.0,nM,O=C(Nc1ccccn1)Nc1cccc2c1C1CCCCN1C2=O,7.1249387366083,True,<rdkit.Chem.rdchem.Mol object at 0x735c8757c580>
CHEMBL3918837,CDK9,75.0,nM,CN1Cc2c(C3=CCN([C@H]4CC[C@H](C(=O)O)CC4)CC3)[nH]c3ncc(F)c(c23)-c2cc(F)ccc21,7.1249387366083,True,<rdkit.Chem.rdchem.Mol object at 0x735c8757c510>
CHEMBL3668398,CDK9,75.0,nM,COc1ccc(F)cc1-c1ccnc2[nH]c(C3(O)CCNCC3)cc12,7.1249387366083,True,<rdkit.Chem.rdchem.Mol object at 0x735c8757c4a0>
CHEMBL3691574,CDK4,75.0,nM,CN(C)C(=O)c1cc2cnc(Nc3ccc(C(=O)N4C[C@@H]5C[C@H]4C[C@H]5O)cn3)nc2n1C1CCCC1,7.1249387366083,True,<rdkit.Chem.rdchem.Mol object at 0x735c8757c430>
CHEMBL1964243,CDK2,75.0,nM,CC(=O)NS(=O)(=O)c1ccc(N/C=C2\C(=O)Nc3ccc4ncsc4c32)cc1,7.1249387366083,True,<rdkit.Chem.rdchem.Mol object at 0x735c8757c3c0>
CHEMBL3691606,CDK4,76.0,nM,CN(C)C(=O)c1cc2cnc(Nc3ccc(C(=O)N4CC5CCC(C4)N5)cn3)nc2n1C1CCCOC1,7.119186407719209,True,<rdkit.Chem.rdchem.Mol object at 0x735c8757c270>
CHEMBL3891658,CDK9,76.0,nM,CN1Cc2c(C3=CCN(C4CC(C(=O)O)C4)CC3)[nH]c3ncc(F)c(c23)-c2cc(F)ccc21,7.119186407719209,True,<rdkit.Chem.rdchem.Mol object at 0x735c8757c200>
CHEMBL3668443,CDK9,76.0,nM,COc1ccc(F)cc1-c1ccnc2[nH]c(C3CN(CCO)C3)cc12,7.119186407719209,True,<rdkit.Chem.rdchem.Mol object at 0x735c8757c190>
CHEMBL3691618,CDK4,76.0,nM,CN(C)C(=O)c1cc2cnc(Nc3ccc(N4CC5CCC(CC4=O)N5)nn3)nc2n1C1CCCC1,7.119186407719209,True,<rdkit.Chem.rdchem.Mol object at 0x735c8757c120>
CHEMBL3702242,CDK6,77.0,nM,CC[C@@H](C)n1c2cnccc2c2cnc(Nc3ccc(N4CCNC(C)(C)C4)cn3)nc21,7.113509274827518,True,<rdkit.Chem.rdchem.Mol object at 0x735c8757c0b0>
CHEMBL3641979,CDK4,77.0,nM,C[C@H](O)Cn1c2cnccc2c2cnc(Nc3ccc(N4CCNCC4)cn3)nc21,7.113509274827518,True,<rdkit.Chem.rdchem.Mol object at 0x735c8757dd90>
CHEMBL310755,CDK2,77.0,nM,CCOc1cc(-c2ccc[nH]2)c2c3c(ccc(F)c13)NC2=O,7.113509274827518,True,<rdkit.Chem.rdchem.Mol object at 0x735c8757de00>
CHEMBL3668519,CDK9,77.0,nM,COc1ccc(F)cc1-c1ccnc2[nH]c(C3CCN(CC(=O)N4CC(O)C4)CC3)cc12,7.113509274827518,True,<rdkit.Chem.rdchem.Mol object at 0x735c8757de70>
CHEMBL5949131,CDK6,77.0,nM,CC(C)N1CCOc2c(F)cc(-c3nc(Nc4cccc(S(N)(=O)=O)c4)ncc3F)cc21,7.113509274827518,True,<rdkit.Chem.rdchem.Mol object at 0x735c8757dee0>
CHEMBL194495,CDK1,77.0,nM,CCOc1nc(Nc2ccc3[nH]cnc3c2)ncc1C(F)(F)F,7.113509274827518,True,<rdkit.Chem.rdchem.Mol object at 0x735c8757df50>
CHEMBL3663767,CDK9,77.0,nM,COc1ccc(F)nc1-c1ccnc2[nH]c(C3CCNCC3)cc12,7.113509274827518,True,<rdkit.Chem.rdchem.Mol object at 0x735c8757dfc0>
CHEMBL2035042,CDK2,77.0,nM,CN1C/C=C/CCn2ccc3ccc(cc32)-c2ccnc(n2)Nc2cccc(c2)C1,7.113509274827518,True,<rdkit.Chem.rdchem.Mol object at 0x735c8757e030>
CHEMBL3663765,CDK9,77.0,nM,COc1ccc(Cl)cc1-c1ccnc2[nH]c(C3CCNCC3)cc12,7.113509274827518,True,<rdkit.Chem.rdchem.Mol object at 0x735c8757e0a0>
CHEMBL3668546,CDK9,77.0,nM,COc1ccc(F)cc1-c1ccnc2[nH]c(C3=CC4CN(C(=O)CC#N)CC4C3)cc12,7.113509274827518,True,<rdkit.Chem.rdchem.Mol object at 0x735c8757e110>
CHEMBL3691582,CDK4,77.0,nM,CN1CC2(C)CN(C(=O)c3ccc(Nc4ncc5cc(C(=O)N(C)C)n(C6CCCC6)c5n4)nc3)CC(C)(C1)C2O,7.113509274827518,True,<rdkit.Chem.rdchem.Mol object at 0x735c8757e180>
CHEMBL5559108,CDK9,77.01,nM,CC[C@H](CO)Nc1nc(NCc2ccc(NC(=O)C3(F)CC3)cc2)n2ncc(C(C)C)c2n1,7.113452876608895,True,<rdkit.Chem.rdchem.Mol object at 0x735c8757e1f0>
CHEMBL3648091,CDK2,78.0,nM,CCOC(=O)N=S(C)(=O)c1ccc(Nc2ncc(Br)c(N[C@H](C)[C@H](C)O)n2)cc1C,7.107905397309519,True,<rdkit.Chem.rdchem.Mol object at 0x735c8757e2d0>
CHEMBL5778396,CDK1,78.0,nM,CN1CCN(S(=O)(=O)c2ccc(Nc3ncc4cc5n(c4n3)C3(CCCCC3)C(=O)NC5O)cc2)CC1,7.107905397309519,True,<rdkit.Chem.rdchem.Mol object at 0x735c8757e340>
CHEMBL3974363,CDK9,78.0,nM,CN1CCc2c(C3=CCN(S(C)(=O)=O)CC3)[nH]c3nccc(c23)-c2cc(F)ccc21,7.107905397309519,True,<rdkit.Chem.rdchem.Mol object at 0x735c8757e3b0>
CHEMBL5887794,CDK9,78.0,nM,CC(CCN)Nc1cc(-c2ccc3ncn(Cc4cccc(F)c4)c3c2)c(Cl)cn1,7.107905397309519,True,<rdkit.Chem.rdchem.Mol object at 0x735c8757e420>
CHEMBL3668555,CDK9,78.0,nM,COc1ccc(F)cc1-c1c(C#N)cnc2[nH]c(C3CCN(CC(=O)N4CCC[C@H]4CO)CC3)cc12,7.107905397309519,True,<rdkit.Chem.rdchem.Mol object at 0x735c8757e490>
CHEMBL3668449,CDK9,78.0,nM,CN1CCC(c2cc3c(-c4nc(NCc5nnc[nH]5)ccc4Cl)ccnc3[nH]2)CC1,7.107905397309519,True,<rdkit.Chem.rdchem.Mol object at 0x735c8757e500>
CHEMBL3668539,CDK9,78.0,nM,COCCS(=O)(=O)N1CC2C=C(c3cc4c(-c5cc(F)ccc5OC)ccnc4[nH]3)CC2C1,7.107905397309519,True,<rdkit.Chem.rdchem.Mol object at 0x735c8757e570>
CHEMBL4463874,CDK2,78.2,nM,Cc1nc2c(F)cc(-c3nc(Nc4ccc5c(n4)CCN(CCN(C)CCNC(=N)N)C5)ncc3F)cc2n1C(C)C,7.106793246940152,True,<rdkit.Chem.rdchem.Mol object at 0x735c8757e5e0>
CHEMBL5903034,CDK1,78.9,nM,Cc1nc2c(F)cc(-c3nc(Nc4ccc5c(n4)CCN(CCN(C)CB(O)O)C5)ncc3F)cc2n1C(C)C,7.102922996790579,True,<rdkit.Chem.rdchem.Mol object at 0x735c8757e650>
CHEMBL5971879,CDK1,78.9,nM,Cc1nc2c(F)cc(-c3nc(Nc4ccc5c(n4)CCN[C@H]5C)ncc3F)cc2n1C(C)(C)C,7.102922996790579,True,<rdkit.Chem.rdchem.Mol object at 0x735c8757e6c0>
CHEMBL3899072,CDK9,79.0,nM,CN1Cc2c(C3=CCN(CC(=O)N4CC(O)C4)CC3)[nH]c3ncc(F)c(c23)-c2cc(F)ccc21,7.102372908709558,True,<rdkit.Chem.rdchem.Mol object at 0x735c8757e730>
CHEMBL1081438,CDK2,79.0,nM,N[C@H](CNc1nnc(-c2ccc3[nH]nc(-c4ccccc4)c3c2)s1)Cc1cccc(C(F)(F)F)c1,7.102372908709558,True,<rdkit.Chem.rdchem.Mol object at 0x735c8757e7a0>
CHEMBL3966523,CDK9,79.0,nM,CN1Cc2c(C3=CCN(C4CC(CC(=O)O)C4)CC3)[nH]c3ncc(F)c(c23)-c2cc(F)ccc21,7.102372908709558,True,<rdkit.Chem.rdchem.Mol object at 0x735c8757e810>
CHEMBL3991935,CDK1,79.0,nM,CN1CC[C@@H](c2c(O)cc(O)c3c(=O)cc(-c4ccccc4Cl)oc23)[C@@H]1CO.Cl,7.102372908709558,True,<rdkit.Chem.rdchem.Mol object at 0x735c8757e880>
CHEMBL3648099,CDK1,79.0,nM,C=S(N)(=O)c1ccc(Nc2ncc(Br)c(N[C@H](C)CO)n2)cc1,7.102372908709558,True,<rdkit.Chem.rdchem.Mol object at 0x735c8757e8f0>
CHEMBL3969723,CDK1,79.0,nM,CN1CC[C@@H](c2c(O)cc(O)c3c(=O)cc(-c4ccccc4Cl)oc23)[C@@H]1CO,7.102372908709558,True,<rdkit.Chem.rdchem.Mol object at 0x735c8757e960>
CHEMBL5888788,CDK2,79.4,nM,Cc1nc2c(F)cc(-c3nc(Nc4ccc5c(n4)CCN(C(=O)CN(C)C)C5)ncc3F)cc2n1CC1CC1,7.100179497572904,True,<rdkit.Chem.rdchem.Mol object at 0x735c8757e9d0>
CHEMBL6147673,CDK2,79.4,nM,CN1CCC(c2cc3c(-c4cnn(CC5CC5)c4)c(Cl)cnc3[nH]2)CC1,7.100179497572904,True,<rdkit.Chem.rdchem.Mol object at 0x735c8757ea40>
CHEMBL4756594,CDK9,79.8,nM,CC(C)N1c2cc(Nc3nccc(-c4cccc5cnccc45)n3)ccc2N(C)C(=O)[C@H]1C,7.09799710864927,True,<rdkit.Chem.rdchem.Mol object at 0x735c8757eab0>
CHEMBL5817708,CDK2,79.9,nM,CC1(C)CCc2nc3c(F)cc(-c4nc(Nc5ccc(CN6CCN(C(=O)CO)CC6)cn5)ncc4F)cc3n21,7.097453220686009,True,<rdkit.Chem.rdchem.Mol object at 0x735c8757eb20>
CHEMBL428690,CDK6,80.0,nM,CN1CC[C@H](c2c(O)cc(O)c3c(=O)cc(-c4ccccc4Cl)oc23)[C@H](O)C1,7.096910013008056,True,<rdkit.Chem.rdchem.Mol object at 0x735c8757eb90>
CHEMBL3668508,CDK9,80.0,nM,COc1ccc(F)cc1-c1ccnc2[nH]c(C3=CCC(N[C@@H](C(=O)O)C(C)C)CC3)cc12,7.096910013008056,True,<rdkit.Chem.rdchem.Mol object at 0x735c8757ec00>
CHEMBL3668479,CDK9,80.0,nM,Clc1ccc(OCc2cccnc2)nc1-c1ccnc2[nH]c(C3CCCNC3)cc12,7.096910013008056,True,<rdkit.Chem.rdchem.Mol object at 0x735c8757ec70>
CHEMBL525194,CDK4,80.0,nM,c1cnn2ncc(-c3ccnc(NC4CC4)n3)c2c1,7.096910013008056,True,<rdkit.Chem.rdchem.Mol object at 0x735c8757ece0>
CHEMBL3641910,CDK4,80.0,nM,C[C@H]1CN(c2ccc(Nc3ncc4c5ccncc5n(CCCO)c4n3)nc2)CCN1,7.096910013008056,True,<rdkit.Chem.rdchem.Mol object at 0x735c8757ed50>
CHEMBL3354188,CDK2,80.0,nM,COC1CCN(c2nccc(Nc3cc4c(ccn4C(C)C)cn3)n2)CC1,7.096910013008056,True,<rdkit.Chem.rdchem.Mol object at 0x735c8757edc0>
CHEMBL366734,CDK1,80.0,nM,CCn1cnc2c(Nc3cccc(Cl)c3)nc(N3CCC[C@@H]3CO)nc21,7.096910013008056,True,<rdkit.Chem.rdchem.Mol object at 0x735c8757ee30>
CHEMBL3655765,CDK9,80.0,nM,CC[C@H](Nc1nc(NCc2cccc(F)c2)c2ncn(C(C)C)c2n1)[C@@H](C)O,7.096910013008056,True,<rdkit.Chem.rdchem.Mol object at 0x735c8757eea0>
CHEMBL255255,CDK1,80.0,nM,O=C(Cc1ccccc1)Nc1n[nH]c2ccc(N3CCCS3(=O)=O)cc12,7.096910013008056,True,<rdkit.Chem.rdchem.Mol object at 0x735c8757ef10>
CHEMBL6142455,CDK1,80.0,nM,Cc1ccc(O)c(C)c1-n1c(N)c(C(N)=O)c2c(=O)n(CC(F)F)c(C)nc21,7.096910013008056,True,<rdkit.Chem.rdchem.Mol object at 0x735c8757eff0>
CHEMBL255463,CDK1,80.0,nM,O=C(Cc1ccccc1Cl)Nc1n[nH]c2ccc(N3CCCS3(=O)=O)cc12,7.096910013008056,True,<rdkit.Chem.rdchem.Mol object at 0x735c8757f060>
CHEMBL141247,CDK2,80.0,nM,O=C(Nc1ccccn1)Nc1cccc2c1[C@H]1CCCN1C2=O,7.096910013008056,True,<rdkit.Chem.rdchem.Mol object at 0x735c8757f140>
CHEMBL3961156,CDK9,80.0,nM,CN1Cc2c(C3=CCN([C@H]4CC[C@@H](C(=O)O)CC4)CC3)[nH]c3ncc(F)c(c23)-c2ccccc21,7.096910013008056,True,<rdkit.Chem.rdchem.Mol object at 0x735c8757f1b0>
CHEMBL6038376,CDK9,80.0,nM,O=C(Nc1cc(-c2ccc3ncn(CCc4cccnc4)c3c2)c(Cl)cn1)[C@@H]1CCCNC1,7.096910013008056,True,<rdkit.Chem.rdchem.Mol object at 0x735c8757f220>
CHEMBL173647,CDK1,80.0,nM,CCn1cnc2c(Nc3cccc(Cl)c3)nc(NCCN)nc21,7.096910013008056,True,<rdkit.Chem.rdchem.Mol object at 0x735c8757f290>
CHEMBL3641978,CDK4,80.0,nM,OCCn1c2cnccc2c2cnc(Nc3ccc(N4CCNCC4)nn3)nc21,7.096910013008056,True,<rdkit.Chem.rdchem.Mol object at 0x735c8757f300>
CHEMBL3976153,CDK9,80.0,nM,COCCS(=O)(=O)N1CC2C=C(c3[nH]c4nccc5c4c3CN(C)c3ccc(F)cc3-5)CC2C1,7.096910013008056,True,<rdkit.Chem.rdchem.Mol object at 0x735c8757f370>
CHEMBL129396,CDK1,80.0,nM,CCc1cnc(CSc2cnc(NC(=O)Cc3cccnc3)s2)o1,7.096910013008056,True,<rdkit.Chem.rdchem.Mol object at 0x735c8757f3e0>
CHEMBL380500,CDK2,80.0,nM,Nc1nccc(-c2c3c(O)ccnc3n3c(N)nccc23)n1,7.096910013008056,True,<rdkit.Chem.rdchem.Mol object at 0x735c8757f450>
CHEMBL5765752,CDK9,80.4,nM,Cc1nc2c(F)cc(-c3nc(Nc4ccc5c(n4)CCN(C(=O)CCN(C)C)C5)ncc3F)cc2n1C1CCC1,7.094743951251549,True,<rdkit.Chem.rdchem.Mol object at 0x735c8757f4c0>
CHEMBL5883845,CDK9,80.4,nM,Cc1nc2c(F)cc(-c3nc(Nc4ccc5c(n4)CCN(C(=O)CN(C)C)C5)ncc3F)cc2n1C1CCC1,7.094743951251549,True,<rdkit.Chem.rdchem.Mol object at 0x735c8757f530>
CHEMBL559639,CDK2,81.0,nM,Cn1nc(C(=O)NC2CC2)c2c1-c1nc(Nc3ccccc3)ncc1CC2,7.091514981121351,True,<rdkit.Chem.rdchem.Mol object at 0x735c8757f5a0>
CHEMBL507142,CDK2,81.0,nM,CNC(=O)c1ccc(Nc2nccc(-c3cnc(C4CC4)n3C(C)C)n2)cc1,7.091514981121351,True,<rdkit.Chem.rdchem.Mol object at 0x735c8757f610>
CHEMBL3668538,CDK9,81.0,nM,COc1ccc(F)cc1-c1ccnc2[nH]c(C3=CCN(CC(=O)N(C)C)C(C)(C)C3)cc12,7.091514981121351,True,<rdkit.Chem.rdchem.Mol object at 0x735c8757f680>
CHEMBL559411,CDK1,81.0,nM,COCCOc1ccc2sc3c(c2c1)NC[C@@H](C)NC3=O,7.091514981121351,True,<rdkit.Chem.rdchem.Mol object at 0x735c8757f6f0>
CHEMBL3673536,CDK9,81.0,nM,O=C(CO)N1CCC(c2cc3c(-c4cncc(NCc5cccnc5)n4)ccnc3[nH]2)CC1,7.091514981121351,True,<rdkit.Chem.rdchem.Mol object at 0x735c8757f760>
CHEMBL6042424,CDK9,81.0,nM,CN1CC(C(=O)Nc2cc(-c3ccc4ncn(Cc5cccc(F)c5)c4c3)c(Cl)cn2)C1,7.091514981121351,True,<rdkit.Chem.rdchem.Mol object at 0x735c8757f7d0>
CHEMBL5993141,CDK9,81.0,nM,CS(=O)(=O)N1CC2(C1)C(C(=O)Nc1cc(-c3ccc4ncn(Cc5cccc(F)c5)c4c3)c(Cl)cn1)CCS2(=O)=O,7.091514981121351,True,<rdkit.Chem.rdchem.Mol object at 0x735c8757f840>
CHEMBL3663788,CDK9,81.0,nM,Clc1ccc(NCC2CCOCC2)nc1-c1ccnc2[nH]c(C3CCNCC3)cc12,7.091514981121351,True,<rdkit.Chem.rdchem.Mol object at 0x735c8757f8b0>
CHEMBL4851229,CDK9,81.0,nM,COc1ccc(F)cc1-c1c(F)cnc2[nH]c(C3=CCN([C@H]4CC[C@@H](C(=O)O)CC4)CC3)cc12,7.091514981121351,True,<rdkit.Chem.rdchem.Mol object at 0x735c8757f920>
CHEMBL4752747,CDK9,81.6,nM,CC(C)N1c2cc(Nc3nccc(-c4cccc5ncccc45)n3)ccc2N(C)C(=O)[C@H]1C,7.088309841246139,True,<rdkit.Chem.rdchem.Mol object at 0x735c8757f990>
CHEMBL5505838,CDK2,81.98,nM,CC(=O)Nc1ccc(CNc2nc(N3CCC[C@@H]3CO)nc3c(C(C)C)cnn23)cc1,7.086292086019517,True,<rdkit.Chem.rdchem.Mol object at 0x735c8757fa00>
CHEMBL59110,CDK2,82.0,nM,O=C1Nc2ccc(F)cc2/C1=C/c1[nH]cc2c1CCOC2=O,7.086186147616283,True,<rdkit.Chem.rdchem.Mol object at 0x735c8757fa70>
CHEMBL3668535,CDK9,82.0,nM,COc1ccc(F)cc1-c1ccnc2[nH]c(C3=CCN(CC(=O)N(C)C)[C@@H](CO)C3)cc12,7.086186147616283,True,<rdkit.Chem.rdchem.Mol object at 0x735c8757fae0>
CHEMBL3975804,CDK9,82.0,nM,CN1Cc2c(C3=CCN([C@H]4CC[C@H](CC(=O)O)CC4)CC3)[nH]c3nccc(c23)-c2cc(F)c(F)cc21,7.086186147616283,True,<rdkit.Chem.rdchem.Mol object at 0x735c8757fb50>
CHEMBL6000324,CDK9,82.0,nM,O=C(Nc1cc(-c2ccc3c(c2)ncn3Cc2cscn2)c(Cl)cn1)[C@@H]1CCCNC1,7.086186147616283,True,<rdkit.Chem.rdchem.Mol object at 0x735c8757fbc0>
CHEMBL3644025,CDK1,82.0,nM,C#CCS(=O)(=O)c1ccc(Nc2ncc(C(F)(F)F)c(O[C@H](C)C(C)(C)O)n2)cc1,7.086186147616283,True,<rdkit.Chem.rdchem.Mol object at 0x735c8757fc30>
CHEMBL6023247,CDK9,82.0,nM,CC(C)(CN)CNc1cc(-c2ccc3ncn(Cc4cccc(F)c4)c3c2)c(Cl)cn1,7.086186147616283,True,<rdkit.Chem.rdchem.Mol object at 0x735c8757fca0>
CHEMBL5774515,CDK9,82.0,nM,Cc1nc2c(F)cc(-c3nc(Nc4ccc5c(n4)CCN(C(=O)OCCN(C)C)C5)ncc3F)cc2n1C1CC1,7.086186147616283,True,<rdkit.Chem.rdchem.Mol object at 0x735c8757fd10>
CHEMBL3668523,CDK9,82.0,nM,COc1ccccc1-c1ccnc2[nH]c(C3CCN(CC(=O)N(C)C)CC3)cc12,7.086186147616283,True,<rdkit.Chem.rdchem.Mol object at 0x735c8757fd80>
CHEMBL5888788,CDK9,82.1,nM,Cc1nc2c(F)cc(-c3nc(Nc4ccc5c(n4)CCN(C(=O)CN(C)C)C5)ncc3F)cc2n1CC1CC1,7.085656842880559,True,<rdkit.Chem.rdchem.Mol object at 0x735c8757fdf0>
CHEMBL3668562,CDK9,83.0,nM,COc1ccc(F)cc1-c1c(F)cnc2[nH]c(C3=CCN(CC(=O)N4CCC(O)CC4)CC3)cc12,7.080921907623926,True,<rdkit.Chem.rdchem.Mol object at 0x735c8757fe60>
CHEMBL4855780,CDK9,83.0,nM,COc1ccc(F)cc1-c1ccnc2[nH]c(C3=CCN([C@H]4CC[C@H](C(=O)O)CC4)CC3)cc12,7.080921907623926,True,<rdkit.Chem.rdchem.Mol object at 0x735c8757fed0>
CHEMBL2035043,CDK2,83.0,nM,C1=C/Cn2ccc3ccc(cc32)-c2ccnc(n2)Nc2cccc(c2)COC/1,7.080921907623926,True,<rdkit.Chem.rdchem.Mol object at 0x735c8757ff40>
CHEMBL483590,CDK2,83.0,nM,COCCN(C)S(=O)(=O)c1ccc(Nc2nccc(-c3cnc(C)n3C3CC3)n2)cc1,7.080921907623926,True,<rdkit.Chem.rdchem.Mol object at 0x735c7905fed0>
CHEMBL3673490,CDK9,83.0,nM,COc1ccc(F)cc1-c1ccnc2[nH]c(C3=CCN(CC(=O)N4CC(O)C4)C(C)(C)C3)cc12,7.080921907623926,True,<rdkit.Chem.rdchem.Mol object at 0x735c7905fe60>
CHEMBL323392,CDK2,83.0,nM,O=C(Nc1cc(C2CC2)[nH]n1)c1ccc(Cl)c(Cl)c1,7.080921907623926,True,<rdkit.Chem.rdchem.Mol object at 0x735c7905fd80>
CHEMBL5967608,CDK9,83.0,nM,O=C(Nc1cc(-c2ccc3ncn(CC4CCOCC4)c3c2)ccn1)[C@@H]1CCCNC1,7.080921907623926,True,<rdkit.Chem.rdchem.Mol object at 0x735c7905fd10>
CHEMBL3950866,CDK9,83.0,nM,CNC(=O)N1C2C=C(c3[nH]c4nccc5c4c3CN(C)c3ccc(F)cc3-5)CC1CCC2,7.080921907623926,True,<rdkit.Chem.rdchem.Mol object at 0x735c7905fca0>
CHEMBL6147667,CDK6,83.0,nM,CN1CCN(c2ccc(Nc3ncc(F)c(-c4ccc5c(c4)OC4(CCN(S(C)(=O)=O)CC4)CC5=O)n3)nc2)CC1,7.080921907623926,True,<rdkit.Chem.rdchem.Mol object at 0x735c7905fc30>
CHEMBL550964,CDK2,83.0,nM,CNC(=O)c1nn(C)c2c1C(C)(C)Cc1cnc(Nc3cccc(CN(C)C)c3)nc1-2,7.080921907623926,True,<rdkit.Chem.rdchem.Mol object at 0x735c7905fbc0>
CHEMBL5279564,CDK2,83.0,nM,CN(C)CC(=O)Nc1cc(Nc2ncc(F)c(Nc3c(F)cccc3F)n2)ccc1F,7.080921907623926,True,<rdkit.Chem.rdchem.Mol object at 0x735c7905fb50>
CHEMBL5417371,CDK1,83.06,nM,COc1ccc(C(=O)N2CCN(c3nnc(Cc4ccccc4)c4ccccc34)CC2)cc1,7.0806080732261405,True,<rdkit.Chem.rdchem.Mol object at 0x735c7905fae0>
CHEMBL5417190,CDK1,83.23,nM,COc1ccc(Cc2nnc(N3CCN(C(=O)Nc4ccccc4)CC3)c3ccccc23)cc1,7.079720105367052,True,<rdkit.Chem.rdchem.Mol object at 0x735c7905fa70>
CHEMBL5908734,CDK1,83.4,nM,Cc1nc2c(F)cc(-c3nc(Nc4ccc5c(n4)CCN(CCO)C5)ncc3F)cc2n1C(C)C,7.078833949362261,True,<rdkit.Chem.rdchem.Mol object at 0x735c7905f990>
CHEMBL3673550,CDK9,84.0,nM,CNC(=O)C1CC=C(c2cc3c(-c4cncc(OCc5cccc(F)c5)n4)ccnc3[nH]2)CC1,7.075720713938118,True,<rdkit.Chem.rdchem.Mol object at 0x735c7905f920>
CHEMBL5181709,CDK2,84.0,nM,Cc1nc2ccc(-c3ccnc4[nH]c(C5CCN(CC(=O)N(C)C)CC5)cc34)cc2n1C(C)C,7.075720713938118,True,<rdkit.Chem.rdchem.Mol object at 0x735c7905f8b0>
CHEMBL3668492,CDK9,84.0,nM,CNC(=O)N1CC=C(c2cc3c(-c4cccc(F)c4F)ccnc3[nH]2)CC1,7.075720713938118,True,<rdkit.Chem.rdchem.Mol object at 0x735c7905f840>
CHEMBL2113092,CDK2,84.0,nM,CCCCOc1cc(Nc2ccc(S(N)(=O)=O)cc2)nc(N)c1C(=O)c1c(F)cccc1F,7.075720713938118,True,<rdkit.Chem.rdchem.Mol object at 0x735c7905f7d0>
CHEMBL3977776,CDK9,84.0,nM,CC(C(=O)O)=C1CCC(N2CC=C(c3[nH]c4nccc5c4c3CN(C)c3ccc(F)cc3-5)CC2)CC1,7.075720713938118,True,<rdkit.Chem.rdchem.Mol object at 0x735c7905f760>
CHEMBL4594423,CDK9,84.0,nM,CN1CC[C@H](c2c(OP(=O)(O)O)cc(O)c3c(=O)cc(-c4ccccc4Cl)oc23)[C@H](O)C1,7.075720713938118,True,<rdkit.Chem.rdchem.Mol object at 0x735c7905f680>
CHEMBL366230,CDK2,84.0,nM,C[C@H](C(=O)Nc1cc(C2CC2)[nH]n1)c1ccccc1,7.075720713938118,True,<rdkit.Chem.rdchem.Mol object at 0x735c7905f610>
CHEMBL5173492,CDK9,84.0,nM,COc1cc(F)ccc1-c1ccnc2[nH]c(C3CCN(C(C)=O)CC3)cc12,7.075720713938118,True,<rdkit.Chem.rdchem.Mol object at 0x735c7905f5a0>
CHEMBL6033665,CDK6,84.2,nM,Cc1nc2c(F)cc(-c3nc(Nc4ccc5c(n4)CCNC5)ncc3F)cc2n1C,7.074687908500351,True,<rdkit.Chem.rdchem.Mol object at 0x735c7905f530>
CHEMBL6019056,CDK2,84.3,nM,CNC1CC(C(=O)N2CCc3nc(Nc4ncc(F)c(-c5cc(F)c6nc(C)n(C(C)C)c6c5)n4)ccc3C2)C1,7.074172425375258,True,<rdkit.Chem.rdchem.Mol object at 0x735c7905f4c0>
CHEMBL5431456,CDK1,84.39,nM,COc1ccc(Cc2nnc(N3CCN(C(=S)Nc4ccc(OC)cc4)CC3)c3ccccc23)cc1,7.073709013115137,True,<rdkit.Chem.rdchem.Mol object at 0x735c7905f290>
CHEMBL115264,CDK2,85.0,nM,O=C(Nc1cc(C2CC2)[nH]n1)c1ccc(Cl)cc1,7.070581074285707,True,<rdkit.Chem.rdchem.Mol object at 0x735c7905f220>
CHEMBL435330,CDK1,85.0,nM,CCn1cnc2c(Nc3cccc(C#N)c3)nc(N[C@H]3CC[C@H](N)CC3)nc21,7.070581074285707,True,<rdkit.Chem.rdchem.Mol object at 0x735c7905f140>
CHEMBL3898182,CDK9,85.0,nM,CN1Cc2c(C3=CCN(S(C)(=O)=O)CC3)[nH]c3nccc(c23)-c2ccccc21,7.070581074285707,True,<rdkit.Chem.rdchem.Mol object at 0x735c7905f0d0>
CHEMBL4777517,CDK9,85.0,nM,CC(=O)N[C@@H]1CCC[C@H](C(=O)Nc2cc(-c3cn[nH]c3CCCCO)c(Cl)cn2)C1,7.070581074285707,True,<rdkit.Chem.rdchem.Mol object at 0x735c7905f060>
CHEMBL3702190,CDK6,85.0,nM,CN(C)CCCN(C)c1ccc(Nc2ncc3c4ccncc4n(C4CCCC4)c3n2)nn1,7.070581074285707,True,<rdkit.Chem.rdchem.Mol object at 0x735c7905eff0>
CHEMBL3668531,CDK9,85.0,nM,CNC(=O)N1CC=C(c2[nH]c3ncc(F)c(-c4cc(F)ccc4OC)c3c2C#N)CC1,7.070581074285707,True,<rdkit.Chem.rdchem.Mol object at 0x735c7905ef80>
CHEMBL3641936,CDK4,85.0,nM,C[C@@H](CO)n1c2cnccc2c2cnc(Nc3ccc(N4CCNC(C)(C)C4)cn3)nc21,7.070581074285707,True,<rdkit.Chem.rdchem.Mol object at 0x735c7905ef10>
CHEMBL5077663,CDK6,85.0,nM,Fc1cnc(Nc2ccc(N3CCNCC3)cn2)nc1-c1ccc2ncc(N3CCOCC3)nc2c1,7.070581074285707,True,<rdkit.Chem.rdchem.Mol object at 0x735c7905eea0>
CHEMBL3668524,CDK9,85.0,nM,COc1ccc(F)cc1-c1ccnc2[nH]c(C3=C[C@H](C)N(S(C)(=O)=O)CC3)cc12,7.070581074285707,True,<rdkit.Chem.rdchem.Mol object at 0x735c7905ee30>
CHEMBL5396190,CDK1,85.05,nM,COc1ccc(Cc2nnc(N3CCN(C(=S)Nc4ccccc4)CC3)c3ccccc23)cc1,7.070325682051412,True,<rdkit.Chem.rdchem.Mol object at 0x735c7905edc0>
CHEMBL3641932,CDK4,86.0,nM,C[C@@H](CO)n1c2cnccc2c2cnc(Nc3ccc(N4CC[C@@H](O)C4)nn3)nc21,7.0655015487564325,True,<rdkit.Chem.rdchem.Mol object at 0x735c7905ed50>
CHEMBL3969174,CDK9,86.0,nM,CN1Cc2c(C3=CCC(NCC(=O)O)CC3)[nH]c3nccc(c23)-c2cc(F)ccc21,7.0655015487564325,True,<rdkit.Chem.rdchem.Mol object at 0x735c7905ece0>
CHEMBL3668430,CDK9,86.0,nM,CN1CCC(c2cc3c(-c4cccc(NCc5ccc6cc[nH]c6c5)n4)ccnc3[nH]2)CC1,7.0655015487564325,True,<rdkit.Chem.rdchem.Mol object at 0x735c7905ec70>
CHEMBL4865444,CDK9,86.0,nM,COc1ccc(F)cc1-c1ccnc2[nH]c(C3=CCC(N4CCC(CC(=O)O)CC4)CC3)cc12,7.0655015487564325,True,<rdkit.Chem.rdchem.Mol object at 0x735c7905ec00>
CHEMBL3946675,CDK2,86.0,nM,COc1cc(F)ccc1-c1nc(Nc2cc(Br)cc(CS(C)(=N)=O)c2)ncc1F,7.0655015487564325,True,<rdkit.Chem.rdchem.Mol object at 0x735c7905eb90>
CHEMBL3668543,CDK9,86.0,nM,COc1ccc(F)cc1-c1c(C#N)cnc2[nH]c(C3=CC4CN(CC(=O)N(C)C)CC4C3)cc12,7.0655015487564325,True,<rdkit.Chem.rdchem.Mol object at 0x735c7905eb20>
CHEMBL3982110,CDK9,86.0,nM,CN1Cc2c(C3=CCN(CC(=O)N4CCC[C@H]4CO)CC3)[nH]c3ncc(F)c(c23)-c2cc(F)ccc21,7.0655015487564325,True,<rdkit.Chem.rdchem.Mol object at 0x735c7905eab0>
CHEMBL3907123,CDK9,86.0,nM,CN(CCO)C(=O)CN1C2C=C(c3[nH]c4nccc5c4c3CN(C)c3ccc(F)cc3-5)CC1CCC2,7.0655015487564325,True,<rdkit.Chem.rdchem.Mol object at 0x735c7905ea40>
CHEMBL5784667,CDK1,86.7,nM,Cc1nc2c(F)cc(-c3nc(Nc4ccc5c(n4)CCN(C(=O)C(C)N(C)C)C5)ncc3F)cc2n1C(C)C,7.061980902523789,True,<rdkit.Chem.rdchem.Mol object at 0x735c7905e9d0>
CHEMBL6013151,CDK9,87.0,nM,Fc1cccc(Cn2cnc3ccc(-c4cc(NCCc5ccccn5)ncc4Cl)cc32)c1,7.060480747381382,True,<rdkit.Chem.rdchem.Mol object at 0x735c7905e960>
CHEMBL3663789,CDK9,87.0,nM,Clc1ccc(NCC2CCCOC2)nc1-c1ccnc2[nH]c(C3CCNCC3)cc12,7.060480747381382,True,<rdkit.Chem.rdchem.Mol object at 0x735c7905e880>
CHEMBL6166275,CDK1,87.0,nM,Cc1ccc(O)c(C)c1-n1c(N)c(C(N)=O)c2c(=O)n(C)c(C)nc21,7.060480747381382,True,<rdkit.Chem.rdchem.Mol object at 0x735c7905e7a0>
CHEMBL5397283,CDK2,87.0,nM,N#Cc1ccc2c(CCNc3ccc(S(F)(F)(F)(F)F)cc3C(=O)O)c[nH]c2c1,7.060480747381382,True,<rdkit.Chem.rdchem.Mol object at 0x735c7905e730>
CHEMBL3673551,CDK9,87.0,nM,NC(=O)C1CC=C(c2cc3c(-c4cncc(OCc5cccc(F)c5)n4)ccnc3[nH]2)CC1,7.060480747381382,True,<rdkit.Chem.rdchem.Mol object at 0x735c7905e6c0>
CHEMBL3702242,CDK4,87.0,nM,CC[C@@H](C)n1c2cnccc2c2cnc(Nc3ccc(N4CCNC(C)(C)C4)cn3)nc21,7.060480747381382,True,<rdkit.Chem.rdchem.Mol object at 0x735c7905e5e0>
CHEMBL5200108,CDK2,87.0,nM,O=C(Cc1ccc(B2C=CC=CN2)cc1)Nc1cc(C2CC2)[nH]n1,7.060480747381382,True,<rdkit.Chem.rdchem.Mol object at 0x735c7905e570>
CHEMBL3668542,CDK9,87.0,nM,COc1ccc(F)cc1-c1c(C#N)cnc2[nH]c(C3=CC4CN(S(C)(=O)=O)CC4C3)cc12,7.060480747381382,True,<rdkit.Chem.rdchem.Mol object at 0x735c7905e500>
CHEMBL5746003,CDK9,87.0,nM,O=C(Nc1cc(-c2ccc3ncn(CC4CCS(=O)(=O)CC4)c3c2)c(Cl)cn1)[C@@H]1CCCNC1,7.060480747381382,True,<rdkit.Chem.rdchem.Mol object at 0x735c7905e490>
CHEMBL5830076,CDK1,87.4,nM,Cc1nc2c(F)cc(-c3nc(Nc4ccc5c(n4)CCN(C(=O)CCN(C)C)C5)ncc3F)cc2n1C(C)(C)C,7.058488567365597,True,<rdkit.Chem.rdchem.Mol object at 0x735c7905e420>
CHEMBL5873158,CDK1,87.8,nM,Cc1nc2c(F)cc(-c3nc(Nc4ccc5c(n4)CCNC5)ncc3F)cc2n1C(C)(C)C,7.056505484093897,True,<rdkit.Chem.rdchem.Mol object at 0x735c7905e3b0>
CHEMBL2322701,CDK2,88.0,nM,Cc1[nH]nc2c1N=C(c1ccccc1Cl)c1cc(N)ccc1N2,7.055517327849831,True,<rdkit.Chem.rdchem.Mol object at 0x735c7905e340>
CHEMBL5988794,CDK9,88.0,nM,NS(=O)(=O)CC(=O)Nc1cc(-c2ccc3ncn(CC4CCOCC4)c3c2)c(Cl)cn1,7.055517327849831,True,<rdkit.Chem.rdchem.Mol object at 0x735c7905e260>
CHEMBL3951695,CDK9,88.0,nM,CN1Cc2c(C3=CC4CNCC4C3)[nH]c3nccc(c23)-c2cc(F)ccc21,7.055517327849831,True,<rdkit.Chem.rdchem.Mol object at 0x735c7905e1f0>
CHEMBL301639,CDK2,88.0,nM,O=C1Nc2ccc(Cl)cc2/C1=C/c1[nH]cc2c1CCOC2=O,7.055517327849831,True,<rdkit.Chem.rdchem.Mol object at 0x735c7905e110>
CHEMBL3971069,CDK9,88.0,nM,CN1Cc2c(C3=CCN(C4CCC(C(C#N)C(=O)O)CC4)CC3)[nH]c3nccc(c23)-c2cc(F)ccc21,7.055517327849831,True,<rdkit.Chem.rdchem.Mol object at 0x735c7905e030>
CHEMBL5932479,CDK1,88.0,nM,CN1NC(=O)C2(CCCCC2)n2c1cc1cnc(Nc3ccc(S(N)(=O)=O)cc3)nc12,7.055517327849831,True,<rdkit.Chem.rdchem.Mol object at 0x735c7905dfc0>
CHEMBL5558295,CDK9,88.03,nM,CC(=O)Nc1ccc(CNc2nc(O[C@H]3CCCNC3)nc3c(C(C)C)cnn23)cc1,7.055369298143722,True,<rdkit.Chem.rdchem.Mol object at 0x735c7905df50>
CHEMBL5436482,CDK1,88.4,nM,COc1cccc(NC(=S)N2CCN(c3nnc(Cc4ccccc4)c4ccccc34)CC2)c1,7.053547734986926,True,<rdkit.Chem.rdchem.Mol object at 0x735c7905dee0>
CHEMBL6152017,CDK1,88.7,nM,Clc1cnc2[nH]c(C3CCNCC3)cc2c1-c1cnn(CC2CC2)c1,7.052076380168273,True,<rdkit.Chem.rdchem.Mol object at 0x735c7905de70>
CHEMBL2386747,CDK2,88.8,nM,COC(=N)c1nc2ccc3ncnc(Nc4ccc(Cl)cc4Cl)c3c2s1,7.051587034221399,True,<rdkit.Chem.rdchem.Mol object at 0x735c7905de00>
CHEMBL4855187,CDK9,89.0,nM,COc1ccc(F)cc1-c1ccnc2[nH]c(C3=CCC(C(=O)NS(C)(=O)=O)CC3)cc12,7.050609993355087,True,<rdkit.Chem.rdchem.Mol object at 0x735c7905dd90>
CHEMBL6162533,CDK6,89.0,nM,CC(=O)N1CCC2(CC1)CC(=O)c1ccc(-c3nc(Nc4ccc(C(=O)N5CCN(C(=O)OC(C)(C)C)CC5)cn4)ncc3F)cc1O2,7.050609993355087,True,<rdkit.Chem.rdchem.Mol object at 0x735c7905dcb0>
CHEMBL5747791,CDK1,89.0,nM,NS(=O)(=O)c1ccc(Nc2ncc3cc4n(c3n2)C2(C=NN4)CCCCC2)cc1,7.050609993355087,True,<rdkit.Chem.rdchem.Mol object at 0x735c7905dc40>
CHEMBL3908119,CDK9,89.0,nM,CN1Cc2c(C3=CCN(CC(=O)N4CC(CO)C4)CC3)[nH]c3ncc(F)c(c23)-c2cc(F)ccc21,7.050609993355087,True,<rdkit.Chem.rdchem.Mol object at 0x735c7905dbd0>
CHEMBL6014795,CDK9,89.0,nM,Cc1nc2c(F)cc(-c3nc(Nc4ccc5c(n4)CCN(C(=O)C4CCCN4)C5)ncc3F)cc2n1C1CC1,7.050609993355087,True,<rdkit.Chem.rdchem.Mol object at 0x735c7905db60>
CHEMBL6133562,CDK6,89.0,nM,CN1CCN(c2ccc(Nc3ncc(F)c(-c4ccc5c(c4)OC4(CCOCC4)CC5=O)n3)nc2)CC1,7.050609993355087,True,<rdkit.Chem.rdchem.Mol object at 0x735c7905daf0>
CHEMBL6169985,CDK2,89.6,nM,O=C(c1ccc2ccccc2c1)c1cn(-c2ccccc2)nc1C1=Nn2c(S)nnc2SC1,7.047691990337874,True,<rdkit.Chem.rdchem.Mol object at 0x735c7905da80>
CHEMBL5950277,CDK9,89.8,nM,Cc1nc2c(F)cc(-c3nc(Nc4ccc5c(n4)CCN(C(=O)NCCO)C5)ncc3F)cc2n1C1CC1,7.046723663332696,True,<rdkit.Chem.rdchem.Mol object at 0x735c7905da10>
CHEMBL4294760,CDK2,90.0,nM,CSc1ncc2c(n1)CCc1cnc(Nc3ccc(C(=O)N(C)CCN(C)C)cc3)nc1-2,7.045757490560675,True,<rdkit.Chem.rdchem.Mol object at 0x735c7905d930>
CHEMBL2402949,CDK1,90.0,nM,CC[C@H](CO)Nc1nc(NCc2ccc(-c3ccccn3)cc2)c2ncn(C3CCCC3)c2n1,7.045757490560675,True,<rdkit.Chem.rdchem.Mol object at 0x735c7905d8c0>
CHEMBL3668442,CDK9,90.0,nM,COc1ccc(F)cc1-c1ccnc2[nH]c(C3CN(CCN4CCOCC4)C3)cc12,7.045757490560675,True,<rdkit.Chem.rdchem.Mol object at 0x735c7905d850>
CHEMBL3969365,CDK9,90.0,nM,COc1ccc(F)cc1-c1c(F)cnc2[nH]c(C3=CC4CCC(C3)N4CC(=O)N(C)C)cc12,7.045757490560675,True,<rdkit.Chem.rdchem.Mol object at 0x735c7905d7e0>
CHEMBL463579,CDK2,90.0,nM,O=C(Nc1ccc(F)cc1)c1n[nH]cc1NC(=O)C1CCCCC1,7.045757490560675,True,<rdkit.Chem.rdchem.Mol object at 0x735c7905d770>
CHEMBL112136,CDK2,90.0,nM,O=C(Nc1cc(C2CCC2)[nH]n1)c1ccc(Br)cc1,7.045757490560675,True,<rdkit.Chem.rdchem.Mol object at 0x735c7905d690>
CHEMBL3668540,CDK9,90.0,nM,COc1ccc(F)cc1-c1c(C#N)cnc2[nH]c(C3CCN(CC(=O)N(C)C)CC3)cc12,7.045757490560675,True,<rdkit.Chem.rdchem.Mol object at 0x735c7905d620>
CHEMBL3641912,CDK4,90.0,nM,OCCCn1c2cnccc2c2cnc(Nc3ccc(N4CC[C@@H](O)C4)nn3)nc21,7.045757490560675,True,<rdkit.Chem.rdchem.Mol object at 0x735c7905d5b0>
CHEMBL1800457,CDK2,90.0,nM,Nc1nc(-c2cc(N3C[C@H](O)[C@@H](O)C3)ccc2O)cc(C2CCCCCC2)n1,7.045757490560675,True,<rdkit.Chem.rdchem.Mol object at 0x735c7905d540>
CHEMBL3354185,CDK2,90.0,nM,COC1CCN(c2nccc(Nc3cc4[nH]c(-c5cn[nH]c5)nc4cn3)n2)CC1,7.045757490560675,True,<rdkit.Chem.rdchem.Mol object at 0x735c7905d4d0>
CHEMBL3655762,CDK2,90.0,nM,CC[C@H](Nc1nc(NCc2cnc(C)cc2C)c2ncn(C(C)C)c2n1)[C@@H](C)O,7.045757490560675,True,<rdkit.Chem.rdchem.Mol object at 0x735c7905d380>
CHEMBL368202,CDK1,90.0,nM,CCn1cnc2c(Nc3cccc(OC)c3)nc(N[C@H]3CC[C@H](O)CC3)nc21,7.045757490560675,True,<rdkit.Chem.rdchem.Mol object at 0x735c7905d310>
CHEMBL3942621,CDK9,90.0,nM,CN1Cc2c(C3=CCCNCC3)[nH]c3nccc(c23)-c2cc(F)ccc21,7.045757490560675,True,<rdkit.Chem.rdchem.Mol object at 0x735c7905d2a0>
CHEMBL5748011,CDK4,90.0,nM,CC(C)CN1CCOc2c(F)cc(-c3nc(Nc4ccc(N5CCOCC5)cn4)ncc3F)cc21,7.045757490560675,True,<rdkit.Chem.rdchem.Mol object at 0x735c7905d1c0>
CHEMBL1232461,CDK9,90.0,nM,CCNC(=O)C[C@@H]1N=C(c2ccc(Cl)cc2)c2cc(OC)ccc2-n2c(C)nnc21,7.045757490560675,True,<rdkit.Chem.rdchem.Mol object at 0x735c7905d150>
CHEMBL1922218,CDK2,90.0,nM,CC[C@@H](Nc1nc(NCc2cccnc2)c2ncn(C(C)C)c2n1)[C@H](C)O,7.045757490560675,True,<rdkit.Chem.rdchem.Mol object at 0x735c7905d0e0>
CHEMBL3905910,CDK4,90.0,nM,CN1CC[C@@H](c2c(O)cc(O)c3c(=O)cc(-c4ccc(C(F)(F)F)cc4Cl)oc23)[C@@H]1CO,7.045757490560675,True,<rdkit.Chem.rdchem.Mol object at 0x735c7905d070>
CHEMBL3910044,CDK9,90.0,nM,CN1Cc2c(C3=CCN([C@H]4CC[C@H](CC(=O)O)CC4)CC3)[nH]c3nccc(c23)-c2ccccc21,7.045757490560675,True,<rdkit.Chem.rdchem.Mol object at 0x735c7905d000>
CHEMBL3655777,CDK2,90.0,nM,CCC(Nc1nc(NCc2cccnc2)c2ncn(C(C)C)c2n1)C(O)C(F)(F)F,7.045757490560675,True,<rdkit.Chem.rdchem.Mol object at 0x735c7905cf90>
CHEMBL3668521,CDK9,90.0,nM,COc1ccc(F)cc1-c1c(F)cnc2[nH]c(C3CCN(CC(=O)N(C)C)CC3)cc12,7.045757490560675,True,<rdkit.Chem.rdchem.Mol object at 0x735c7905cf20>
CHEMBL5884004,CDK2,91.0,nM,Cc1nc2c(F)cc(-c3nc(Nc4ccc5c(n4)CCN(C(=O)[C@H](C)N(C)C)C5)ncc3F)cc2n1C1CC1,7.040958607678906,True,<rdkit.Chem.rdchem.Mol object at 0x735c7905ceb0>
CHEMBL3648105,CDK1,91.0,nM,CCC(Sc1nc(Nc2ccc(S(C)(=N)=O)cc2)ncc1Br)C(C)(C)O,7.040958607678906,True,<rdkit.Chem.rdchem.Mol object at 0x735c7905cdd0>
CHEMBL3668528,CDK9,91.0,nM,COc1ccc(F)cc1-c1ccnc2[nH]c(C3=C[C@H]4CN(S(C)(=O)=O)C[C@H]4C3)cc12,7.040958607678906,True,<rdkit.Chem.rdchem.Mol object at 0x735c7905cd60>
CHEMBL3911825,CDK9,91.0,nM,CN1Cc2c(C3=CCC(N[C@@H](CO)C(=O)O)CC3)[nH]c3nccc(c23)-c2cc(F)ccc21,7.040958607678906,True,<rdkit.Chem.rdchem.Mol object at 0x735c7905ccf0>
CHEMBL3668429,CDK9,91.0,nM,CN1CCC(c2cc3c(-c4cccc(NCC5CCN(C)C5)n4)ccnc3[nH]2)CC1,7.040958607678906,True,<rdkit.Chem.rdchem.Mol object at 0x735c7905cc10>
CHEMBL5748359,CDK9,91.0,nM,Cc1nnc(CCNc2cc(-c3ccc4ncn(Cc5cccc(F)c5)c4c3)c(Cl)cn2)[nH]1,7.040958607678906,True,<rdkit.Chem.rdchem.Mol object at 0x735c7905cba0>
CHEMBL360596,CDK2,91.0,nM,COc1cc(F)c(C(=O)c2c(N)nc3ccc(C(=O)c4c(F)cccc4F)cn23)c(F)c1,7.040958607678906,True,<rdkit.Chem.rdchem.Mol object at 0x735c7905cb30>
CHEMBL5876151,CDK9,91.0,nM,O=C(O)c1ccc(Cn2cnc3ccc(-c4cc(NC(=O)[C@@H]5CCCNC5)ncc4Cl)cc32)cc1,7.040958607678906,True,<rdkit.Chem.rdchem.Mol object at 0x735c7905cac0>
CHEMBL3892247,CDK9,91.0,nM,CN(CCO)C(=O)CN1CCC(c2[nH]c3nccc4c3c2CN(C)c2ccc(F)cc2-4)CC1,7.040958607678906,True,<rdkit.Chem.rdchem.Mol object at 0x735c7905c9e0>
CHEMBL4786995,CDK9,92.0,nM,CC(=O)N[C@@H]1CCC[C@H](C(=O)Nc2cc(-c3cnn4c3CCCCC4)c(Cl)cn2)C1,7.036212172654444,True,<rdkit.Chem.rdchem.Mol object at 0x735c7905c970>
CHEMBL180714,CDK2,92.0,nM,CCN(CC)[C@H]1CC[C@H](Nc2cc(Nc3ccc(S(=O)(=O)N(C)C)cc3)n3ncc(C(C)C)c3n2)CC1,7.036212172654444,True,<rdkit.Chem.rdchem.Mol object at 0x735c7905c900>
CHEMBL5566629,CDK1,92.0,nM,Cc1ccc(O)c(C)c1-n1c(N)c(C(=O)N2CCn3nccc3C2)c2nc(C3CC3)c(C)nc21,7.036212172654444,True,<rdkit.Chem.rdchem.Mol object at 0x735c7905c890>
CHEMBL3641991,CDK6,92.0,nM,O[C@@H]1CCN(c2ccc(Nc3ncc4c5ccncc5n(C5CCC5)c4n3)nc2)C1,7.036212172654444,True,<rdkit.Chem.rdchem.Mol object at 0x735c7905c820>
CHEMBL3639408,CDK4,92.0,nM,C[C@H]1CN(c2ccc(Nc3ncc4c5ccncc5n([C@@H]5CCOC5)c4n3)nn2)CCN1,7.036212172654444,True,<rdkit.Chem.rdchem.Mol object at 0x735c7905c7b0>
CHEMBL5767864,CDK9,93.0,nM,NCC1CCCC(CNc2cc(-c3ccc4ncn(Cc5cccc(F)c5)c4c3)c(Cl)cn2)C1,7.031517051446065,True,<rdkit.Chem.rdchem.Mol object at 0x735c7905c740>
CHEMBL3663754,CDK9,93.0,nM,CN1CCCC(c2cc3c(-c4nc(NCc5ccccc5)ccc4Cl)ccnc3[nH]2)C1,7.031517051446065,True,<rdkit.Chem.rdchem.Mol object at 0x735c7905c6d0>
CHEMBL3691658,CDK4,93.0,nM,CN(C)C(=O)c1cc2cnc(Nc3ccc(N4CCC5(CCCN5)C4=O)cn3)nc2n1C1CCCOC1,7.031517051446065,True,<rdkit.Chem.rdchem.Mol object at 0x735c7905c660>
CHEMBL3702048,CDK4,93.0,nM,CCOC(=O)c1ccc(Nc2ncc3c4ccncc4n(C4CCCC4)c3n2)nc1,7.031517051446065,True,<rdkit.Chem.rdchem.Mol object at 0x735c7905c5f0>
CHEMBL3668556,CDK9,93.0,nM,CNS(=O)(=O)CC(=O)N1CC2C=C(c3cc4c(-c5cc(F)ccc5OC)ccnc4[nH]3)CC2C1,7.031517051446065,True,<rdkit.Chem.rdchem.Mol object at 0x735c7905c4a0>
CHEMBL3668550,CDK9,93.0,nM,CNC(=O)N1C[C@H]2CC(c3cc4c(-c5cc(F)ccc5OC)ccnc4[nH]3)=C[C@H]2C1,7.031517051446065,True,<rdkit.Chem.rdchem.Mol object at 0x735c7905c430>
CHEMBL3668527,CDK9,93.0,nM,COc1ccc(F)cc1-c1ccnc2[nH]c(C3=C[C@@H](CO)N(CC(=O)N(C)C)CC3)cc12,7.031517051446065,True,<rdkit.Chem.rdchem.Mol object at 0x735c7905c3c0>
CHEMBL6022784,CDK6,93.0,nM,CC(C)N1CCOc2c(F)cc(-c3nc(Nc4ccc(N5CCC(C)(O)CC5)cn4)ncc3F)cc21,7.031517051446065,True,<rdkit.Chem.rdchem.Mol object at 0x735c7905c350>
CHEMBL3354189,CDK2,93.0,nM,COC1CCN(c2nccc(Nc3cc4c(ccn4C4CCCC4)cn3)n2)CC1,7.031517051446065,True,<rdkit.Chem.rdchem.Mol object at 0x735c7905c2e0>
CHEMBL1081104,CDK2,93.0,nM,N[C@H](CNc1cc(-c2ccc3cnccc3c2)no1)Cc1ccc(C(F)(F)F)cc1,7.031517051446065,True,<rdkit.Chem.rdchem.Mol object at 0x735c7905c270>
CHEMBL5827659,CDK9,93.0,nM,CC1(C)Cc2c(-c3ccnc(NC(=O)[C@H]4C[C@@H](O)C4)c3)cnn2C1,7.031517051446065,True,<rdkit.Chem.rdchem.Mol object at 0x735c7905c200>
CHEMBL3967032,CDK9,93.0,nM,CN1Cc2c(C3CCN(CC(=O)N4CCC[C@H]4CO)CC3)[nH]c3nccc(c23)-c2cc(F)ccc21,7.031517051446065,True,<rdkit.Chem.rdchem.Mol object at 0x735c7905c120>
CHEMBL2402948,CDK1,93.0,nM,Nc1ccccc1CNc1nc(NC2CCC(N)CC2)nc2c1ncn2C1CCCC1,7.031517051446065,True,<rdkit.Chem.rdchem.Mol object at 0x735c7905c0b0>
CHEMBL5874515,CDK2,93.4,nM,Cc1nc2c(F)cc(-c3nc(Nc4ccc5c(n4)CCN(C(=O)[C@@H]4CCCN4C)C5)ncc3F)cc2n1C1CC1,7.029653123769907,True,<rdkit.Chem.rdchem.Mol object at 0x735c7905c040>
CHEMBL5802135,CDK2,93.5,nM,C=CC(=O)NC1CCN(C(=O)C2CCCC(Nc3ncc(SCc4ncc(C(C)(C)C)o4)s3)C2)CC1,7.029188389127482,True,<rdkit.Chem.rdchem.Mol object at 0x735c7905ff40>
CHEMBL5789562,CDK2,93.7,nM,Cc1nc2c(F)cc(-c3nc(Nc4ccc5c(n4)CCN(C(=O)[C@H]4CCCN4C)C5)ncc3F)cc2n1C1CC1,7.028260409112222,True,<rdkit.Chem.rdchem.Mol object at 0x735c7905fa00>
CHEMBL5813966,CDK6,93.7,nM,CCN1CCN(Cc2ccc(Nc3ncc(F)c(-c4cc(F)c5nn6c(c5c4)CCC6)n3)nc2)CC1,7.028260409112222,True,<rdkit.Chem.rdchem.Mol object at 0x735c7905f6f0>
CHEMBL5593193,CDK9,93.97,nM,CC(C)S(=O)(=O)c1ccccc1Nc1nc([C@H]2CC[C@H](N(C)C)CC2)ncc1Cl,7.027010773144651,True,<rdkit.Chem.rdchem.Mol object at 0x735c7905f450>
CHEMBL3929678,CDK9,94.0,nM,CS(=O)(=O)N1CC=C(c2[nH]c3nccc4c3c2COc2ccc(F)cc2-4)CC1,7.026872146400302,True,<rdkit.Chem.rdchem.Mol object at 0x735c7905f370>
CHEMBL1800452,CDK1,94.0,nM,CC(C)c1cc(-c2cc(N3C[C@H](O)[C@@H](O)C3)ccc2O)nc(N)n1,7.026872146400302,True,<rdkit.Chem.rdchem.Mol object at 0x735c7905f300>
CHEMBL4755256,CDK1,94.0,nM,COc1cc(F)ccc1-c1cc(NC(=O)[C@H]2CCC[C@@H](NC(C)=O)C2)ncc1Cl,7.026872146400302,True,<rdkit.Chem.rdchem.Mol object at 0x735c7905f1b0>
CHEMBL3953907,CDK9,94.0,nM,CNC(=O)N1CC=C(c2[nH]c3nccc4c3c2CN(C)c2ncccc2-4)CC1,7.026872146400302,True,<rdkit.Chem.rdchem.Mol object at 0x735c7905e810>
CHEMBL3673434,CDK1,94.0,nM,COc1cc(F)ccc1-c1ccnc(NC(=O)[C@H]2CCC[C@@H](NC(C)=O)C2)c1,7.026872146400302,True,<rdkit.Chem.rdchem.Mol object at 0x735c7905e2d0>
CHEMBL3644029,CDK2,94.0,nM,CS(=O)(=O)c1ccc(Nc2ncc(C(F)(F)F)c(OCCC(F)(F)F)n2)cc1,7.026872146400302,True,<rdkit.Chem.rdchem.Mol object at 0x735c7905dd20>
CHEMBL6162082,CDK6,94.0,nM,CN1CCN(c2ccc(Nc3ncc(F)c(-c4ccc5c(c4)OC4(CCSCC4)CC5=O)n3)nc2)CC1,7.026872146400302,True,<rdkit.Chem.rdchem.Mol object at 0x735c7905d9a0>
CHEMBL3933775,CDK9,94.0,nM,CN1Cc2c(C3=CC4CN(CC(=O)N5CC(O)C5)CC4C3)[nH]c3nccc(c23)-c2cc(F)ccc21,7.026872146400302,True,<rdkit.Chem.rdchem.Mol object at 0x735c7905d700>
CHEMBL508506,CDK2,95.0,nM,CC1NCCCC1C(=O)Nc1ncc(SCc2ncc(C(C)(C)C)o2)s1,7.022276394711152,True,<rdkit.Chem.rdchem.Mol object at 0x735c7905d460>
CHEMBL5942169,CDK4,95.0,nM,CC(C)N1CCc2c(cccc2Nc2ncc(F)c(-c3cc(F)c4c(c3)N(C(C)C)CCO4)n2)C1,7.022276394711152,True,<rdkit.Chem.rdchem.Mol object at 0x735c7905d3f0>
CHEMBL3668520,CDK9,95.0,nM,COc1ccc(F)cc1-c1ccnc2[nH]c(C3=CCC(N[C@H](C(=O)O)C(C)(C)C)CC3)cc12,7.022276394711152,True,<rdkit.Chem.rdchem.Mol object at 0x735c7905d230>
CHEMBL5968222,CDK9,95.0,nM,Fc1cccc(Cn2cnc3ccc(-c4cc(N[C@@H]5CCCCNC5)ncc4Cl)cc32)c1,7.022276394711152,True,<rdkit.Chem.rdchem.Mol object at 0x735c7905cc80>
CHEMBL5631610,CDK4,95.0,nM,N#Cc1c(-c2ccc(Cl)cc2Cl)cc(-c2c[nH]c3ccccc23)[nH]c1=O,7.022276394711152,True,<rdkit.Chem.rdchem.Mol object at 0x735c7905c580>
CHEMBL364631,CDK2,95.0,nM,Nc1nc2ccc(C(=O)c3c(Cl)cccc3Cl)cn2c1C(=O)c1c(F)cc(C(=O)O)cc1F,7.022276394711152,True,<rdkit.Chem.rdchem.Mol object at 0x735c7905c510>
CHEMBL6170522,CDK6,95.0,nM,CC(=O)N1CCC2(CC1)CC(=O)c1ccc(-c3nc(Nc4ccc(C(=O)N5CCOCC5)cn4)ncc3F)cc1O2,7.022276394711152,True,<rdkit.Chem.rdchem.Mol object at 0x735c79013f40>
CHEMBL5559473,CDK9,95.01,nM,CCC(=O)Nc1ccc(CNc2nc(OC3CCN(C)CC3)nc3c(C(C)C)cnn23)cc1,7.022230681908425,True,<rdkit.Chem.rdchem.Mol object at 0x735c79013ed0>
CHEMBL4755256,CDK9,96.0,nM,COc1cc(F)ccc1-c1cc(NC(=O)[C@H]2CCC[C@@H](NC(C)=O)C2)ncc1Cl,7.017728766960431,True,<rdkit.Chem.rdchem.Mol object at 0x735c79013df0>
CHEMBL497995,CDK9,96.0,nM,Nc1nccc(-c2cc3c([nH]2)C(C2CCC2)CNC3=O)n1,7.017728766960431,True,<rdkit.Chem.rdchem.Mol object at 0x735c79013d80>
CHEMBL3702178,CDK4,96.0,nM,CN(C)C1CCN(c2ccc(Nc3ncc4c5ccncc5n(C5CCSCC5)c4n3)nc2)CC1,7.017728766960431,True,<rdkit.Chem.rdchem.Mol object at 0x735c79013d10>
CHEMBL3668423,CDK9,96.0,nM,CN1CCC(c2cc3c(-c4nc(NCC5CC5)ccc4Cl)ccnc3[nH]2)CC1,7.017728766960431,True,<rdkit.Chem.rdchem.Mol object at 0x735c79013c30>
CHEMBL3901001,CDK9,96.0,nM,CN1Cc2c(C3=C[C@H]4CC[C@@H](C3)N4S(C)(=O)=O)[nH]c3nccc(c23)-c2cc(F)ccc21,7.017728766960431,True,<rdkit.Chem.rdchem.Mol object at 0x735c79013bc0>
CHEMBL3648088,CDK1,96.0,nM,CCOC(=O)N=S(=O)(CC)c1ccc(Nc2ncc(Br)c(N[C@H](C)C(C)(C)O)n2)cc1,7.017728766960431,True,<rdkit.Chem.rdchem.Mol object at 0x735c79013b50>
CHEMBL451570,CDK9,96.0,nM,Nc1nccc(-c2cc3c([nH]2)[C@H](CCF)CNC3=O)n1,7.017728766960431,True,<rdkit.Chem.rdchem.Mol object at 0x735c79013990>
CHEMBL3914925,CDK9,96.0,nM,CN1Cc2c(C3=CCNCC3)[nH]c3nccc(c23)-c2ccccc21,7.017728766960431,True,<rdkit.Chem.rdchem.Mol object at 0x735c79013920>
CHEMBL400858,CDK1,97.0,nM,Cc1cccc2[nH]c(-c3n[nH]c4ncc(-c5cncc6ccccc56)cc34)nc12,7.013228265733755,True,<rdkit.Chem.rdchem.Mol object at 0x735c790138b0>
CHEMBL3906898,CDK9,97.0,nM,CN1Cc2c(C3=C[C@H]4CC[C@@H](C3)N4CC(=O)N3CC(O)C3)[nH]c3nccc(c23)-c2cc(F)ccc21,7.013228265733755,True,<rdkit.Chem.rdchem.Mol object at 0x735c79013840>
CHEMBL5786559,CDK9,97.0,nM,N[C@H]1C[C@@H](C(=O)Nc2cc(-c3ccc4ncn(CC5CCOCC5)c4c3)c(Cl)cn2)C1,7.013228265733755,True,<rdkit.Chem.rdchem.Mol object at 0x735c790137d0>
CHEMBL5089915,CDK6,97.0,nM,CN(C)c1cnc2ccc(-c3nc(Nc4ccc(N5CCNCC5)cn4)ncc3F)cc2n1,7.013228265733755,True,<rdkit.Chem.rdchem.Mol object at 0x735c79013760>
CHEMBL3648100,CDK1,97.0,nM,CCC(C)Sc1nc(Nc2ccc(S(C)(=N)=O)cc2)ncc1Br,7.013228265733755,True,<rdkit.Chem.rdchem.Mol object at 0x735c790136f0>
CHEMBL5290362,CDK2,97.0,nM,N[C@H](COc1cncc(-c2ccc3[nH]nc(NC(=O)c4ccccc4)c3c2)c1)Cc1ccccc1,7.013228265733755,True,<rdkit.Chem.rdchem.Mol object at 0x735c79013680>
CHEMBL4202432,CDK1,97.2,nM,Cc1nc2c(F)cc(-c3cc(Nc4cnc(CN5CCN(C(C)C)CC5)cn4)ncn3)cc2n1C(C)C,7.012333735073725,True,<rdkit.Chem.rdchem.Mol object at 0x735c79013610>
CHEMBL4212532,CDK1,97.2,nM,Cc1nc2c(F)cc(-c3nc(Nc4ccc5c(n4)CCN(C(=O)CN(C)C)C5)ncc3F)cc2n1C(C)C,7.012333735073725,True,<rdkit.Chem.rdchem.Mol object at 0x735c790135a0>
CHEMBL3941567,CDK9,98.0,nM,CN1Cc2c(C3=CC4CCCC(C3)N4CC(=O)N3CC(O)C3)[nH]c3nccc(c23)-c2cc(F)ccc21,7.008773924307505,True,<rdkit.Chem.rdchem.Mol object at 0x735c79013530>
CHEMBL3986185,CDK9,99.0,nM,CN(CC(O)CO)C(=O)CN1CC2C=C(c3[nH]c4nccc5c4c3CN(C)c3ccc(F)cc3-5)CC2C1,7.00436480540245,True,<rdkit.Chem.rdchem.Mol object at 0x735c79013450>
CHEMBL3668563,CDK9,99.0,nM,COc1ccc(F)cc1-c1c(F)cnc2[nH]c(C3=CCN(C4CCC(CC(=O)O)CC4)CC3)cc12,7.00436480540245,True,<rdkit.Chem.rdchem.Mol object at 0x735c790133e0>
CHEMBL6049134,CDK9,99.0,nM,O=C(Nc1cc(-c2ccc3nnn(Cc4cccs4)c3c2)c(Cl)cn1)[C@@H]1CCCNC1,7.00436480540245,True,<rdkit.Chem.rdchem.Mol object at 0x735c79013370>
CHEMBL249094,CDK1,99.0,nM,CC(C)OCc1cccc2[nH]c(-c3n[nH]c4ncc(-c5cncc6ccccc56)cc34)nc12,7.00436480540245,True,<rdkit.Chem.rdchem.Mol object at 0x735c79013290>
CHEMBL5070887,CDK2,99.4,nM,Cc1cnc(Nc2ccnn2C)nc1-c1cc2n(c1)C(=O)N([C@H](CO)c1cccc(Cl)c1)C2,7.002613615602686,True,<rdkit.Chem.rdchem.Mol object at 0x735c79013220>
CHEMBL3927646,CDK9,100.0,nM,CN1Cc2c(-c3cccc(CC(=O)O)c3)[nH]c3nccc(c23)-c2cc(F)ccc21,7.0,True,<rdkit.Chem.rdchem.Mol object at 0x735c790131b0>
CHEMBL3668389,CDK9,100.0,nM,COc1ccc(F)cc1-c1ccnc2[nH]c(C3CCN(C4CCN(C(=O)OC(C)(C)C)C4)C3)cc12,7.0,True,<rdkit.Chem.rdchem.Mol object at 0x735c79013140>
CHEMBL3668359,CDK9,100.0,nM,NC1CCCC(c2cc3c(-c4cccc(F)c4)c(Cl)cnc3[nH]2)C1,7.0,True,<rdkit.Chem.rdchem.Mol object at 0x735c790130d0>
CHEMBL383264,CDK1,100.0,nM,N[C@H](COc1cncc(-c2ccc3cnccc3c2)c1)Cc1c[nH]c2ccccc12,7.0,True,<rdkit.Chem.rdchem.Mol object at 0x735c79013060>
CHEMBL2158859,CDK2,100.0,nM,CNC(=O)Nc1ccc(-c2cc(-c3ccnc(Nc4cccc(S(=O)(=O)NC)c4)n3)ccn2)cc1,7.0,True,<rdkit.Chem.rdchem.Mol object at 0x735c79012f80>
CHEMBL5173190,CDK2,100.0,nM,COc1cc(CC(=O)Nc2cc([C@H]3CC[C@@H](OC(=O)NC(C)C)C3)[nH]n2)ccn1,7.0,True,<rdkit.Chem.rdchem.Mol object at 0x735c79012e30>
CHEMBL5179286,CDK2,100.0,nM,CC(C)NC(=O)O[C@@H]1CC[C@H](c2cc(NC(=O)Cc3ccccc3S(C)(=O)=O)n[nH]2)C1,7.0,True,<rdkit.Chem.rdchem.Mol object at 0x735c79012dc0>
CHEMBL5179057,CDK2,100.0,nM,CC(C)NC(=O)O[C@H]1CC[C@@H](c2cc(NC(=O)c3ccnn3C)n[nH]2)C1,7.0,True,<rdkit.Chem.rdchem.Mol object at 0x735c79012d50>
CHEMBL5209174,CDK2,100.0,nM,CC(C)NC(=O)O[C@@H]1CC[C@H](c2cc(NC(=O)Cc3ccccc3)n[nH]2)C1,7.0,True,<rdkit.Chem.rdchem.Mol object at 0x735c79012ce0>
CHEMBL421583,CDK4,100.0,nM,Cc1ccc(N(CC#N)c2cc(Nc3ccc(OCC(O)CN(C)C)cc3)ncn2)c(Br)c1,7.0,True,<rdkit.Chem.rdchem.Mol object at 0x735c79012c70>
CHEMBL2203628,CDK1,100.0,nM,N#CCNc1nc(Nc2ccccc2)ncc1Br,7.0,True,<rdkit.Chem.rdchem.Mol object at 0x735c79012c00>
CHEMBL4800119,CDK9,100.0,nM,Cc1cnc(Nc2ccc3c(c2)N(C(C)C)[C@H](C)C(=O)N3C)nc1-c1cncc2ccccc12,7.0,True,<rdkit.Chem.rdchem.Mol object at 0x735c79012b90>
CHEMBL5170812,CDK2,100.0,nM,Cc1ncc(CC(=O)Nc2cc([C@H]3CC[C@@H](OC(=O)NC(C)C)C3)[nH]n2)s1,7.0,True,<rdkit.Chem.rdchem.Mol object at 0x735c79012b20>
CHEMBL2203628,CDK2,100.0,nM,N#CCNc1nc(Nc2ccccc2)ncc1Br,7.0,True,<rdkit.Chem.rdchem.Mol object at 0x735c79012ab0>
CHEMBL5279564,CDK9,100.0,nM,CN(C)CC(=O)Nc1cc(Nc2ncc(F)c(Nc3c(F)cccc3F)n2)ccc1F,7.0,True,<rdkit.Chem.rdchem.Mol object at 0x735c79012a40>
CHEMBL3908656,CDK9,100.0,nM,CN(CCO)C(=O)CN1CC=C(c2[nH]c3ncc(F)c4c3c2CN(C)c2ccc(F)cc2-4)CC1,7.0,True,<rdkit.Chem.rdchem.Mol object at 0x735c790129d0>
CHEMBL6144922,CDK9,100.0,nM,COCCN[C@H]1CC[C@H](Nc2nccc(-c3ccc4c(c3)CCNC4=O)n2)CC1,7.0,True,<rdkit.Chem.rdchem.Mol object at 0x735c790128f0>
CHEMBL2158854,CDK1,100.0,nM,NS(=O)(=O)c1cccc(Nc2nccc(-c3ccnc(N4C5CCC4COC5)c3)n2)c1,7.0,True,<rdkit.Chem.rdchem.Mol object at 0x735c79012880>
CHEMBL2158848,CDK1,100.0,nM,Cc1cccc(Nc2nccc(-c3ccnc(N4CCOCC4)c3)n2)c1,7.0,True,<rdkit.Chem.rdchem.Mol object at 0x735c79012810>
CHEMBL3952232,CDK9,100.0,nM,CN1Cc2c(C3=CCN(CC(=O)OC(C)(C)C)CC3)[nH]c3ncc(F)c(c23)-c2cc(F)ccc21,7.0,True,<rdkit.Chem.rdchem.Mol object at 0x735c790127a0>
CHEMBL428690,CDK4,100.0,nM,CN1CC[C@H](c2c(O)cc(O)c3c(=O)cc(-c4ccccc4Cl)oc23)[C@H](O)C1,7.0,True,<rdkit.Chem.rdchem.Mol object at 0x735c79012730>
CHEMBL3936047,CDK9,100.0,nM,C[C@H](NC1CC=C(c2[nH]c3nccc4c3c2CN(C)c2ccc(F)cc2-4)CC1)C(=O)O,7.0,True,<rdkit.Chem.rdchem.Mol object at 0x735c790126c0>
CHEMBL4751230,CDK9,100.0,nM,CC(=O)N[C@@H]1CCC[C@H](C(=O)Nc2cc(-c3cnn4c3CCCC4)c(F)cn2)C1,7.0,True,<rdkit.Chem.rdchem.Mol object at 0x735c79012650>
CHEMBL5965779,CDK9,100.0,nM,Fc1cccc(Cn2cnc3ccc(-c4cc(NC5CCC56CCNC6)ncc4Cl)cc32)c1,7.0,True,<rdkit.Chem.rdchem.Mol object at 0x735c790125e0>
CHEMBL3655762,CDK9,100.0,nM,CC[C@H](Nc1nc(NCc2cnc(C)cc2C)c2ncn(C(C)C)c2n1)[C@@H](C)O,7.0,True,<rdkit.Chem.rdchem.Mol object at 0x735c79012570>
CHEMBL5817977,CDK9,100.0,nM,O=C(Nc1cc(-c2ccc3ncn(CC4CCOCC4)c3c2)c(Cl)cn1)[C@H]1C[C@H]2CN[C@@H]1C2,7.0,True,<rdkit.Chem.rdchem.Mol object at 0x735c79012500>
CHEMBL4853678,CDK9,100.0,nM,COc1ccc(F)cc1-c1c(F)cnc2[nH]c(C3=CCN([C@H]4CC[C@H](CC(=O)O)CC4)CC3)cc12,7.0,True,<rdkit.Chem.rdchem.Mol object at 0x735c79012420>
CHEMBL3949735,CDK9,100.0,nM,CN1Cc2c(C3=CC4CN(CC(=O)N(C)C5CC(O)C5)CC4C3)[nH]c3nccc(c23)-c2cc(F)ccc21,7.0,True,<rdkit.Chem.rdchem.Mol object at 0x735c790123b0>
CHEMBL3655764,CDK2,100.0,nM,CC[C@H](Nc1nc(NCc2cccc(Cl)c2)c2ncn(C(C)C)c2n1)[C@@H](C)O,7.0,True,<rdkit.Chem.rdchem.Mol object at 0x735c79012340>
CHEMBL430507,CDK4,100.0,nM,CN(C)CC(O)COc1ccc(Nc2nccc(N(CC#N)c3cc(Cl)ccc3Cl)n2)cc1,7.0,True,<rdkit.Chem.rdchem.Mol object at 0x735c790122d0>
CHEMBL3691588,CDK4,100.0,nM,CN(C)C(=O)c1cc2cnc(Nc3ccc(C(=O)N4CC5CN(Cc6ccccc6)CC(C4)O5)cn3)nc2n1C1CCCC1,7.0,True,<rdkit.Chem.rdchem.Mol object at 0x735c790121f0>
CHEMBL2348160,CDK2,100.0,nM,Nc1nccc(-n2cc(-c3ccoc3)c3cnccc32)n1,7.0,True,<rdkit.Chem.rdchem.Mol object at 0x735c79012180>
CHEMBL173619,CDK1,100.0,nM,CCn1cnc2c(Nc3ccc(F)cc3)nc(N[C@H]3CC[C@@H](N)CC3)nc21,7.0,True,<rdkit.Chem.rdchem.Mol object at 0x735c790120a0>
CHEMBL2403091,CDK1,100.0,nM,Nc1ccccc1-c1ccc(CNc2nc(NC3CCC(N)CC3)nc3c2ncn3C2CCCC2)cn1,7.0,True,<rdkit.Chem.rdchem.Mol object at 0x735c79012030>
CHEMBL1964257,CDK1,100.0,nM,NS(=O)(=O)Cc1ccc(N/C=C2\C(=O)Nc3ccc4ncsc4c32)cc1,7.0,True,<rdkit.Chem.rdchem.Mol object at 0x735c79011f50>
CHEMBL460086,CDK1,100.0,nM,Cc1ncc(-c2ccnc(Nc3ccc(C(=O)N4CC[C@H](NC5CC5)C4)cc3)n2)n1C(C)C,7.0,True,<rdkit.Chem.rdchem.Mol object at 0x735c79011ee0>
CHEMBL5944626,CDK6,100.0,nM,CC(C)N1CCOc2c(F)cc(-c3nc(Nc4ccc5c(c4)CC(N(C)C)CC5)ncc3F)cc21,7.0,True,<rdkit.Chem.rdchem.Mol object at 0x735c79011e00>
CHEMBL5439308,CDK2,100.0,nM,N#Cc1ccc2c(CCNc3ccc(C(F)(F)F)cc3C(=O)O)c[nH]c2c1,7.0,True,<rdkit.Chem.rdchem.Mol object at 0x735c79011d90>
CHEMBL3702041,CDK4,100.0,nM,CN1CCN(c2nc(Nc3ncc4c5ccncc5n(C5CCCC5)c4n3)ns2)CC1,7.0,True,<rdkit.Chem.rdchem.Mol object at 0x735c79011d20>
CHEMBL5440428,CDK4,100.0,nM,O=C(NC1CCNCC1)c1n[nH]cc1NC(=O)c1c(Cl)cccc1Cl.O=C(O)C(F)(F)F,7.0,True,<rdkit.Chem.rdchem.Mol object at 0x735c79011cb0>
CHEMBL6016131,CDK9,100.0,nM,O=C(Nc1cc(-c2ccc3ncn(CCN4CCOCC4)c3c2)c(Cl)cn1)[C@@H]1CCCNC1,7.0,True,<rdkit.Chem.rdchem.Mol object at 0x735c79011c40>
CHEMBL1095040,CDK1,100.0,nM,CCCC(=O)Nc1n[nH]c2cc(Cl)c(-c3ccccc3)cc12,7.0,True,<rdkit.Chem.rdchem.Mol object at 0x735c79011b60>
CHEMBL1276446,CDK1,100.0,nM,O=C1Nc2ccc3ncsc3c2/C1=C/Nc1ccc(S(=O)(=O)Nc2ccccn2)cc1,7.0,True,<rdkit.Chem.rdchem.Mol object at 0x735c79011af0>
CHEMBL419534,CDK4,100.0,nM,CN(C)CC(O)COc1ccc(Nc2ncc(Br)c(Nc3ccccc3)n2)cc1,7.0,True,<rdkit.Chem.rdchem.Mol object at 0x735c79011a80>
CHEMBL5192247,CDK2,100.0,nM,COCc1cc(C(=O)Nc2cc([C@H]3CC[C@@H](OC(=O)N(C)C(C)C)C3)[nH]n2)n(C)n1,7.0,True,<rdkit.Chem.rdchem.Mol object at 0x735c79011a10>
CHEMBL5800720,CDK9,100.0,nM,O=C1CC(C(=O)Nc2cc(-c3cnc4ccn(Cc5cncc(F)c5)c4c3)c(Cl)cn2)C1,7.0,True,<rdkit.Chem.rdchem.Mol object at 0x735c790119a0>
CHEMBL5187579,CDK2,100.0,nM,Cc1cc(CC(=O)Nc2cc([C@H]3CCC[C@@H](OC(=O)NC4(C)CC4)CC3)[nH]n2)on1,7.0,True,<rdkit.Chem.rdchem.Mol object at 0x735c790118c0>
CHEMBL8817,CDK4,100.0,nM,CN1CC[C@@H](c2c(O)cc(O)c3c(=O)cc(-c4ccccc4Cl)oc23)[C@@H](O)C1,7.0,True,<rdkit.Chem.rdchem.Mol object at 0x735c79011850>
CHEMBL84944,CDK1,100.0,nM,CC(C)C(CO)Nc1nc(NCc2cccc(O)c2)c2ncn(C(C)C)c2n1,7.0,True,<rdkit.Chem.rdchem.Mol object at 0x735c790117e0>
CHEMBL100391,CDK4,100.0,nM,CN(C)CC(O)COc1ccc(Nc2ncc(Cl)c(Nc3ccccc3)n2)cc1,7.0,True,<rdkit.Chem.rdchem.Mol object at 0x735c79011770>
CHEMBL5209369,CDK9,100.0,nM,COc1cc(F)ccc1-c1ccnc2[nH]c([C@H]3CC[C@H](NC(C)=O)CC3)cc12,7.0,True,<rdkit.Chem.rdchem.Mol object at 0x735c79011700>
CHEMBL3691573,CDK4,101.0,nM,CN(C)C(=O)c1cc2cnc(Nc3ccc(C(=O)N4C[C@@H]5C[C@H]4C[C@@H]5O)cn3)nc2n1C1CCCC1,6.995678626217357,True,<rdkit.Chem.rdchem.Mol object at 0x735c79011690>
CHEMBL3702174,CDK6,101.0,nM,NC1[C@H]2CN(c3ccc(Nc4ncc5c6ccncc6n(C6CCCC6)c5n4)nn3)C[C@@H]12,6.995678626217357,True,<rdkit.Chem.rdchem.Mol object at 0x735c79011620>
CHEMBL4777981,CDK6,101.0,nM,COc1ccc(F)cc1-c1c(F)cnc2[nH]c(C3=CCN([C@H]4CC[C@H](C(=O)O)CC4)CC3)cc12,6.995678626217357,True,<rdkit.Chem.rdchem.Mol object at 0x735c790115b0>
CHEMBL3702161,CDK6,101.0,nM,c1cc(-c2ccc(Nc3ncc4c5ccncc5n(C5CCCC5)c4n3)nn2)ccn1,6.995678626217357,True,<rdkit.Chem.rdchem.Mol object at 0x735c79011540>
CHEMBL3668498,CDK9,101.0,nM,CNC(=O)N1CC=C(c2cc3c(-c4cc(F)ccc4OC)c(Cl)cnc3[nH]2)CC1,6.995678626217357,True,<rdkit.Chem.rdchem.Mol object at 0x735c790114d0>
CHEMBL3668529,CDK9,101.0,nM,COc1ccc(F)cc1-c1c(F)cnc2[nH]c(C3=CCN(CC(=O)N(C)C)CC3)c(C#N)c12,6.995678626217357,True,<rdkit.Chem.rdchem.Mol object at 0x735c79011460>
CHEMBL5744442,CDK4,101.0,nM,CC(C)CN1CCOc2c(F)cc(-c3nc(Nc4ccc(N5CCC(O)CC5)cn4)ncc3F)cc21,6.995678626217357,True,<rdkit.Chem.rdchem.Mol object at 0x735c790113f0>
CHEMBL5542488,CDK9,101.41,nM,CC(=O)Nc1ccc(CNc2nc(OC3CCN(C)CC3)nc3c(C(C)C)cnn23)cc1,6.993919217283906,True,<rdkit.Chem.rdchem.Mol object at 0x735c790112a0>
CHEMBL5542924,CDK2,101.6,nM,CCC(=O)Nc1ccc(CNc2nc(N[C@H](CC)CO)nc3c(C(C)C)cnn23)cc1,6.993106292052099,True,<rdkit.Chem.rdchem.Mol object at 0x735c79011230>
CHEMBL5081489,CDK6,102.0,nM,CN(C)c1cnc2ccc(-c3nc(Nc4ccc(C(=O)N5CCNCC5)cn4)ncc3F)cc2n1,6.991399828238082,True,<rdkit.Chem.rdchem.Mol object at 0x735c790111c0>
CHEMBL185854,CDK2,102.0,nM,Nc1nc2ccc(C(=O)c3c(F)cccc3F)cn2c1C(=O)c1c(F)cccc1Cl,6.991399828238082,True,<rdkit.Chem.rdchem.Mol object at 0x735c79011150>
CHEMBL474619,CDK2,102.0,nM,COc1cc(O)ccc1-c1ccc2c(-c3nc4c(N5CCN(C)CC5)cccc4[nH]3)n[nH]c2c1,6.991399828238082,True,<rdkit.Chem.rdchem.Mol object at 0x735c790110e0>
CHEMBL3668525,CDK9,102.0,nM,COc1ccc(F)cc1-c1c(F)cnc2[nH]c(C3CCN(CC(=O)N4CC(O)C4)CC3)cc12,6.991399828238082,True,<rdkit.Chem.rdchem.Mol object at 0x735c79011070>
CHEMBL3641909,CDK6,102.0,nM,CN(C)C1CCN(c2ccc(Nc3ncc4c5ccncc5n(CCCO)c4n3)nc2)CC1,6.991399828238082,True,<rdkit.Chem.rdchem.Mol object at 0x735c79011000>
CHEMBL5195597,CDK2,102.0,nM,CS(=O)(=O)N1CCC(Nc2ncc3c(n2)N(C2CCCC2)C(=O)C32CC2)CC1,6.991399828238082,True,<rdkit.Chem.rdchem.Mol object at 0x735c79010f90>
CHEMBL5431565,CDK2,102.6,nM,O=C(Nc1ccc(Cl)cc1)N1CCN(c2nnc(Cc3ccccc3)c3ccccc23)CC1,6.988852639224202,True,<rdkit.Chem.rdchem.Mol object at 0x735c79010f20>
CHEMBL3641912,CDK6,103.0,nM,OCCCn1c2cnccc2c2cnc(Nc3ccc(N4CC[C@@H](O)C4)nn3)nc21,6.987162775294828,True,<rdkit.Chem.rdchem.Mol object at 0x735c79010eb0>
CHEMBL4213557,CDK1,103.1,nM,Cc1nc2c(F)cc(-c3cc(Nc4cnc(CN5CCN(CC6CC6)CC5)cn4)ncn3)cc2n1C(C)C,6.986741334716483,True,<rdkit.Chem.rdchem.Mol object at 0x735c79010e40>
CHEMBL6191130,CDK6,103.4,nM,CN(C)C(=O)c1cc2cnc(Nc3ccc(C(=O)N4CC(c5nc6c(C(N)=O)cccc6[nH]5)C4)cc3Cl)nc2n1C1CCCC1,6.985479461242076,True,<rdkit.Chem.rdchem.Mol object at 0x735c79010dd0>
CHEMBL5517691,CDK9,103.99,nM,CC(=O)Nc1ccc(CNc2nc(O[C@@H]3CCCNC3)nc3c(C(C)C)cnn23)cc1,6.983008421793794,True,<rdkit.Chem.rdchem.Mol object at 0x735c79010d60>
CHEMBL1088613,CDK2,104.0,nM,Cc1n[nH]c2ccc(-c3nnc(NC[C@@H](N)Cc4ccccc4F)s3)cc12,6.982966660701219,True,<rdkit.Chem.rdchem.Mol object at 0x735c79010cf0>
CHEMBL3298308,CDK2,104.0,nM,C[C@@H](CO)Nc1ncc2c(n1)CN(C(=O)N[C@H](C)c1ccc(Cl)c(Cl)c1)CC2,6.982966660701219,True,<rdkit.Chem.rdchem.Mol object at 0x735c79010c80>
CHEMBL3668536,CDK9,104.0,nM,COc1ccc(F)cc1-c1ccnc2[nH]c(C3=CC(C)(C)N(S(C)(=O)=O)CC3)cc12,6.982966660701219,True,<rdkit.Chem.rdchem.Mol object at 0x735c79010c10>
CHEMBL3668552,CDK9,104.0,nM,COc1ccc(F)cc1-c1c(F)cnc2[nH]c(C3=CC4CN(CC(=O)N(C)C)CC4C3)cc12,6.982966660701219,True,<rdkit.Chem.rdchem.Mol object at 0x735c79010ba0>
CHEMBL3702088,CDK6,104.0,nM,Oc1ccc2c3cnc(Nc4ccc(N5CCNCC5)cn4)nc3n(C3CCCC3)c2n1,6.982966660701219,True,<rdkit.Chem.rdchem.Mol object at 0x735c79010b30>
CHEMBL1241662,CDK1,104.0,nM,Nc1nc2ccc(C(=O)c3c(F)cccc3Cl)cc2n1Cc1c(F)cccc1F,6.982966660701219,True,<rdkit.Chem.rdchem.Mol object at 0x735c79010ac0>
CHEMBL5832698,CDK9,105.0,nM,Cc1nc2c(F)cc(-c3nc(Nc4ccc5c(n4)CCN(C(=O)[C@@H](C)N(C)C)C5)ncc3F)cc2n1C1CC1,6.978810700930062,True,<rdkit.Chem.rdchem.Mol object at 0x735c79010a50>
CHEMBL5893560,CDK6,105.0,nM,CC(C)N1CCOc2c(F)cc(-c3nc(Nc4ccc(S(=O)(=O)N5CCN(C)CC5)cc4)ncc3F)cc21,6.978810700930062,True,<rdkit.Chem.rdchem.Mol object at 0x735c790109e0>
CHEMBL3691674,CDK4,106.0,nM,CC(=O)NCC(=O)N1[C@@H]2CC[C@H]1CN(c1ccc(Nc3ncc4cc(C(=O)N(C)C)n(C5CCCC5)c4n3)nc1)C(=O)C2,6.97469413473523,True,<rdkit.Chem.rdchem.Mol object at 0x735c79010970>
CHEMBL1922219,CDK9,107.0,nM,CC[C@H](Nc1nc(NCc2cccnc2)c2ncn(C(C)C)c2n1)[C@@H](C)O,6.97061622231479,True,<rdkit.Chem.rdchem.Mol object at 0x735c79010900>
CHEMBL5781070,CDK1,108.0,nM,CC1=NNc2cc3cnc(Nc4ccc(S(N)(=O)=O)cc4)nc3n2C12CCCCC2,6.96657624451305,True,<rdkit.Chem.rdchem.Mol object at 0x735c79010890>
CHEMBL5865665,CDK1,108.0,nM,Cc1nc2c(F)cc(-c3nc(Nc4ccc5c(n4)CCNC5)ncc3F)cc2n1C(C)C1CC1,6.96657624451305,True,<rdkit.Chem.rdchem.Mol object at 0x735c79010820>
CHEMBL4747992,CDK9,108.2,nM,NC(=O)c1sc(-c2ccnc(NC(=O)C3CC3)c2)nc1OCCCC1CCN(Cc2ccc(F)cc2)CC1,6.9657727392294495,True,<rdkit.Chem.rdchem.Mol object at 0x735c790107b0>
CHEMBL6171172,CDK2,108.3,nM,Nc1cc(-c2c[nH]c3ccccc23)nn1-c1nc(Nc2ccc(Cl)cc2)nc(N2CCOCC2)n1,6.96537154337468,True,<rdkit.Chem.rdchem.Mol object at 0x735c79010740>
CHEMBL5438882,CDK2,108.4,nM,COc1ccc(NC(=O)N2CCN(c3nnc(Cc4ccccc4)c4ccccc34)CC2)cc1,6.964970717797632,True,<rdkit.Chem.rdchem.Mol object at 0x735c790105f0>
CHEMBL5418073,CDK1,108.97,nM,S=C(Nc1ccc(Cl)cc1)N1CCN(c2nnc(Cc3ccccc3)c3ccccc23)CC1,6.962693049102908,True,<rdkit.Chem.rdchem.Mol object at 0x735c790104a0>
CHEMBL5751375,CDK2,109.0,nM,Cc1nc2c(F)cc(-c3nc(Nc4ccc5c(n4)CCNC5)ncc3F)cc2n1CC1CC1,6.962573502059376,True,<rdkit.Chem.rdchem.Mol object at 0x735c79010430>
CHEMBL5910318,CDK9,110.0,nM,Fc1cccc(Cn2cnc3ccc(-c4cc(N[C@H]5CCCCNC5)ncc4Cl)cc32)c1,6.958607314841775,True,<rdkit.Chem.rdchem.Mol object at 0x735c790103c0>
CHEMBL4754399,CDK9,110.0,nM,CC(=O)N[C@@H]1CCC[C@H](C(=O)Nc2cc(-c3cnn4c3CCCC4)c(Cl)cn2)C1,6.958607314841775,True,<rdkit.Chem.rdchem.Mol object at 0x735c79010350>
CHEMBL3702069,CDK6,110.0,nM,CCC(CC)n1c2cnccc2c2cnc(Nc3ccc(N4CC[C@@H](O)C4)nn3)nc21,6.958607314841775,True,<rdkit.Chem.rdchem.Mol object at 0x735c79010200>
CHEMBL5760424,CDK2,110.0,nM,C#CN1CCC(N2CCc3nc(Nc4ncc(F)c(-c5cc(F)c6nc(C)n(C(C)C)c6c5)n4)ccc3C2)C1,6.958607314841775,True,<rdkit.Chem.rdchem.Mol object at 0x735c79010120>
CHEMBL334881,CDK1,110.0,nM,CN1CC[C@H](c2c(O)cc(O)c3c(=O)cc(Sc4ccccc4Cl)oc23)[C@H](O)C1,6.958607314841775,True,<rdkit.Chem.rdchem.Mol object at 0x735c790100b0>
CHEMBL249519,CDK1,110.0,nM,CCNCc1cncc(-c2cnc3[nH]nc(-c4nc5c(COC)cccc5[nH]4)c3c2)c1C,6.958607314841775,True,<rdkit.Chem.rdchem.Mol object at 0x735c79010040>
CHEMBL497477,CDK2,110.0,nM,O=C(NC1CCNCC1)c1n[nH]cc1NC(=O)c1c(F)cccc1Cl,6.958607314841775,True,<rdkit.Chem.rdchem.Mol object at 0x735c79013e60>
CHEMBL3673543,CDK9,110.0,nM,CS(=O)(=O)N1CC=C(c2cc3c(-c4nc(NCc5cccc(F)c5)c(F)cc4F)ccnc3[nH]2)CC1,6.958607314841775,True,<rdkit.Chem.rdchem.Mol object at 0x735c79013ca0>
CHEMBL5953891,CDK9,110.0,nM,N[C@H]1C[C@H](C(=O)Nc2cc(-c3ccc4ncn(CC5CCOCC5)c4c3)c(Cl)cn2)C1,6.958607314841775,True,<rdkit.Chem.rdchem.Mol object at 0x735c79013ae0>
CHEMBL2348156,CDK2,110.0,nM,Nc1nccc(-n2cc(-c3ccccc3Cl)c3cnccc32)n1,6.958607314841775,True,<rdkit.Chem.rdchem.Mol object at 0x735c79013a70>
CHEMBL5838556,CDK9,110.0,nM,CS(=O)(=O)c1cc(CN2CCc3ccc(-c4cc(NC(=O)C5CCCNC5)ncc4Cl)cc32)ccc1F,6.958607314841775,True,<rdkit.Chem.rdchem.Mol object at 0x735c79013a00>
CHEMBL5914546,CDK9,110.0,nM,Cc1nnc(Cn2cnc3ccc(-c4cc(NC(=O)[C@@H]5CCCNC5)ncc4Cl)cc32)s1,6.958607314841775,True,<rdkit.Chem.rdchem.Mol object at 0x735c79013300>
CHEMBL3691653,CDK4,110.0,nM,CN(C)C(=O)c1cc2cnc(Nc3ccc(N4CCN5CCCC5C4=O)cn3)nc2n1C1CCCC1,6.958607314841775,True,<rdkit.Chem.rdchem.Mol object at 0x735c79012ff0>
CHEMBL3892232,CDK9,110.0,nM,CN1Cc2c(C3=CCC(C(=O)N4CC(O)C4)CC3)[nH]c3nccc(c23)-c2cc(F)ccc21,6.958607314841775,True,<rdkit.Chem.rdchem.Mol object at 0x735c79012f10>
CHEMBL5774473,CDK2,110.0,nM,C#CCN1CCC(N2CCc3nc(Nc4ncc(F)c(-c5cc(F)c6nc(C)n(C(C)C)c6c5)n4)ccc3C2)C1,6.958607314841775,True,<rdkit.Chem.rdchem.Mol object at 0x735c79012960>
CHEMBL497854,CDK2,110.0,nM,Cc1cc(CNc2ncc(Br)c(Nc3cc(C4CC4)[nH]n3)n2)on1,6.958607314841775,True,<rdkit.Chem.rdchem.Mol object at 0x735c79012490>
CHEMBL3925516,CDK9,110.0,nM,CN1Cc2c(C3=CCN([C@H]4CC[C@@H](CC(=O)O)CC4)CC3)[nH]c3nccc(c23)-c2ccccc21,6.958607314841775,True,<rdkit.Chem.rdchem.Mol object at 0x735c79012260>
CHEMBL5857843,CDK9,110.0,nM,O=C(Nc1cc(-c2ccc3c(c2)N(Cc2cnccn2)CC3)c(Cl)cn1)C1CCCNC1,6.958607314841775,True,<rdkit.Chem.rdchem.Mol object at 0x735c79012110>
CHEMBL3926650,CDK9,110.0,nM,CN(C)C(=O)CN1C2C=C(c3[nH]c4nccc5c4c3CN(C)c3ccc(F)cc3-5)CC1CCC2,6.958607314841775,True,<rdkit.Chem.rdchem.Mol object at 0x735c79011fc0>
CHEMBL3648087,CDK1,110.0,nM,CCOC(=O)N=S(C)(=O)c1ccc(Nc2ncc(Br)c(N[C@@H](COC)[C@H](C)O)n2)cc1,6.958607314841775,True,<rdkit.Chem.rdchem.Mol object at 0x735c79011e70>
CHEMBL3958592,CDK9,110.0,nM,CN(C)C(=O)CN1CC=C(c2[nH]c3nccc4c3c2CN(C)c2ncccc2-4)CC1,6.958607314841775,True,<rdkit.Chem.rdchem.Mol object at 0x735c79011930>
CHEMBL14619,CDK2,110.0,nM,CCCCOc1c(C(=O)c2ccccc2)cnc2[nH]ncc12,6.958607314841775,True,<rdkit.Chem.rdchem.Mol object at 0x735c79011380>
CHEMBL2207208,CDK2,110.0,nM,Cn1cc(Nc2ncc(C3CC3)c(NCCCNC(=O)C3CCC3)n2)cn1,6.958607314841775,True,<rdkit.Chem.rdchem.Mol object at 0x735c79011310>
CHEMBL4870276,CDK9,110.0,nM,COc1ccc(F)cc1-c1ccnc2[nH]c(C3=CCN(C4CCN(CC(=O)O)CC4)CC3)cc12,6.958607314841775,True,<rdkit.Chem.rdchem.Mol object at 0x735c790106d0>
CHEMBL3921585,CDK9,110.0,nM,CN(CC(O)CO)C(=O)CN1C2C=C(c3[nH]c4nccc5c4c3CN(C)c3ccc(F)cc3-5)CC1CCC2,6.958607314841775,True,<rdkit.Chem.rdchem.Mol object at 0x735c79010660>
CHEMBL3668434,CDK9,110.0,nM,CN1CCC(c2cc3c(-c4cccc(NCCN5CCOCC5)n4)ccnc3[nH]2)CC1,6.958607314841775,True,<rdkit.Chem.rdchem.Mol object at 0x735c79010580>
CHEMBL5170195,CDK1,110.0,nM,COc1cc(F)ccc1-c1ccnc2[nH]c(-c3ccc(CN4CCOCC4)cc3)cc12,6.958607314841775,True,<rdkit.Chem.rdchem.Mol object at 0x735c79010510>
CHEMBL3648126,CDK1,110.0,nM,CC(C)Nc1nc(Nc2ccc(S(C)(=N)=O)cc2)ncc1Br,6.958607314841775,True,<rdkit.Chem.rdchem.Mol object at 0x735c790102e0>
CHEMBL3947123,CDK9,110.0,nM,CC[C@H]1c2c(C3=CCN([C@H]4C[C@@H](C(=O)O)C4)CC3)[nH]c3nccc(c23)-c2cc(F)ccc2N1C,6.958607314841775,True,<rdkit.Chem.rdchem.Mol object at 0x735c79010270>
CHEMBL3952466,CDK9,110.0,nM,CC[C@H]1c2c(C3=CCN([C@H]4C[C@H](C(=O)O)C4)CC3)[nH]c3nccc(c23)-c2cc(F)ccc2N1C,6.958607314841775,True,<rdkit.Chem.rdchem.Mol object at 0x735c79010190>
CHEMBL2158862,CDK2,110.0,nM,CNC(=O)Nc1ccc(-c2cc(-c3ccnc(Nc4ccc(C)c(S(=O)(=O)NC)c4)n3)ccn2)cc1,6.958607314841775,True,<rdkit.Chem.rdchem.Mol object at 0x735c78f38f90>
CHEMBL5793399,CDK9,110.0,nM,O=C(Nc1cc(-c2ccc3c(c2)N(Cc2ccc4nccnc4c2)CC3)c(Cl)cn1)C1CCCNC1,6.958607314841775,True,<rdkit.Chem.rdchem.Mol object at 0x735c78f3bb50>
CHEMBL258805,CDK2,110.0,nM,COc1ccc2c(c1)/C(=C/c1cnc[nH]1)C(=O)N2,6.958607314841775,True,<rdkit.Chem.rdchem.Mol object at 0x735c78f3bca0>
CHEMBL5789498,CDK9,110.0,nM,CC(CNc1cc(-c2ccc3ncn(Cc4cccc(F)c4)c3c2)c(Cl)cn1)c1ccncc1,6.958607314841775,True,<rdkit.Chem.rdchem.Mol object at 0x735c78f387b0>
CHEMBL1922209,CDK2,110.0,nM,CCC(O)[C@H](CC)Nc1nc(NCc2cccnc2)c2ncn(C(C)C)c2n1,6.958607314841775,True,<rdkit.Chem.rdchem.Mol object at 0x735c78f39460>
CHEMBL4747648,CDK9,110.0,nM,CC(C)N1c2cc(Nc3nccc(-c4cccc5nn(C)cc45)n3)ccc2N(C)C(=O)[C@H]1C,6.958607314841775,True,<rdkit.Chem.rdchem.Mol object at 0x735c78f38d60>
CHEMBL5598531,CDK9,110.0,nM,N#CC1(CNc2cccc(-c3cc(Nc4cnn(CCCCCC(=O)NO)c4)ncc3Cl)n2)CCOCC1,6.958607314841775,True,<rdkit.Chem.rdchem.Mol object at 0x735c78f38190>
CHEMBL3965251,CDK9,110.0,nM,CN1Cc2c(C3=CC4CCCC(C3)N4CC(=O)O)[nH]c3nccc(c23)-c2cc(F)ccc21,6.958607314841775,True,<rdkit.Chem.rdchem.Mol object at 0x735c78f389e0>
CHEMBL3642012,CDK4,110.0,nM,FC(F)(F)CNC1CCN(c2ccc(Nc3ncc4c5ccncc5n(C5CCCC5)c4n3)nn2)CC1,6.958607314841775,True,<rdkit.Chem.rdchem.Mol object at 0x735c78f39380>
CHEMBL3922015,CDK9,110.0,nM,CC1c2c(C3=CCN(S(C)(=O)=O)CC3)[nH]c3nccc(c23)-c2cc(F)ccc2N1C,6.958607314841775,True,<rdkit.Chem.rdchem.Mol object at 0x735c78f38b30>
CHEMBL51709,CDK1,110.0,nM,CN1CCC(c2c(O)cc(O)c3c2O/C(=C\c2ccccc2)C3=O)CC1,6.958607314841775,True,<rdkit.Chem.rdchem.Mol object at 0x735c78f3b3e0>
CHEMBL1615221,CDK9,110.0,nM,CC[C@@H](CO)Nc1nc(NCc2ccc(-c3ccccn3)cc2)c2ncn(C(C)C)c2n1,6.958607314841775,True,<rdkit.Chem.rdchem.Mol object at 0x735c78f394d0>
CHEMBL3668526,CDK9,111.0,nM,COc1ccc(F)cc1-c1ccnc2[nH]c(C3=CCN(CC(=O)N(C)C)[C@H](CO)C3)cc12,6.954677021213342,True,<rdkit.Chem.rdchem.Mol object at 0x735c78f395b0>
CHEMBL3702205,CDK6,111.0,nM,O[C@H]1CCN(c2ccc(Nc3ncc4c5ccccc5n(C5CCCC5)c4n3)nc2)C1,6.954677021213342,True,<rdkit.Chem.rdchem.Mol object at 0x735c78f39770>
CHEMBL3702138,CDK6,112.0,nM,c1cc2c3cnc(Nc4ccc(N5CCNCC5)cn4)cc3n(C3CCCC3)c2cn1,6.950781977329818,True,<rdkit.Chem.rdchem.Mol object at 0x735c78f3bd80>
CHEMBL3698685,CDK6,112.0,nM,O=C(c1cnc(Nc2ncc3c4ccncc4n(C4CCCC4)c3n2)s1)N1CCNCC1,6.950781977329818,True,<rdkit.Chem.rdchem.Mol object at 0x735c78f3a260>
CHEMBL5569715,CDK1,112.0,nM,CC(C)(O)Cn1cc(-c2nc(NC3CCN(S(=O)(=O)C4CC4)CC3)ncc2C(F)(F)F)cn1,6.950781977329818,True,<rdkit.Chem.rdchem.Mol object at 0x735c78f3b060>
CHEMBL3641976,CDK4,112.0,nM,C[C@@H](O)Cn1c2cnccc2c2cnc(Nc3ccc(N4CCNC(C)(C)C4)nn3)nc21,6.950781977329818,True,<rdkit.Chem.rdchem.Mol object at 0x735c78f39cb0>
CHEMBL5562769,CDK2,112.0,nM,CNCc1ccc(-n2cc(-c3nc(NC4CCN(S(C)(=O)=O)CC4)ncc3C#N)cn2)c(Cl)c1,6.950781977329818,True,<rdkit.Chem.rdchem.Mol object at 0x735c78f3b530>
CHEMBL5986250,CDK6,112.0,nM,Fc1cnc(Nc2ccc(N3CCOCC3)cn2)nc1-c1cc(F)c2c(c1)N(C1CCC1)CCO2,6.950781977329818,True,<rdkit.Chem.rdchem.Mol object at 0x735c78f3ba00>
CHEMBL3691598,CDK4,112.0,nM,CN(C)C(=O)c1cc2cnc(Nc3ccc(C(=O)N4CC5CCC(C4)N5)cn3)nc2n1C1CCN(C2CC2)CC1,6.950781977329818,True,<rdkit.Chem.rdchem.Mol object at 0x735c78f3a9d0>
CHEMBL6152017,CDK2,112.3,nM,Clc1cnc2[nH]c(C3CCNCC3)cc2c1-c1cnn(CC2CC2)c1,6.949620243738542,True,<rdkit.Chem.rdchem.Mol object at 0x735c78f3a110>
CHEMBL5867735,CDK6,113.0,nM,Cc1nc2c(F)cc(-c3nc(Nc4ccc5c(n4)CN(CCN(C)C)C5=O)ncc3F)cc2n1C(C)C,6.94692155651658,True,<rdkit.Chem.rdchem.Mol object at 0x735c78f39700>
CHEMBL3702087,CDK4,113.0,nM,COc1ccc2c3cnc(Nc4ccc(N5CCNCC5)cn4)nc3n(C3CCCC3)c2n1,6.94692155651658,True,<rdkit.Chem.rdchem.Mol object at 0x735c78f383c0>
CHEMBL3822619,CDK2,113.0,nM,CCc1nn(C2CCN(C(C)=O)CC2)cc1Nc1ncc(Cl)c(-c2cnn3ccccc23)n1,6.94692155651658,True,<rdkit.Chem.rdchem.Mol object at 0x735c78f3bf40>
CHEMBL5423237,CDK1,113.96,nM,O=C(c1ccc(Cl)cc1)N1CCN(c2nnc(Cc3ccccc3)c3ccccc23)CC1,6.94324755943256,True,<rdkit.Chem.rdchem.Mol object at 0x735c78f3b840>
CHEMBL3918885,CDK9,114.0,nM,COc1ccc(F)cc1-c1ccnc2[nH]c(C3=CC4CCC(C3)N4CC(=O)N(C)C)cc12,6.943095148663527,True,<rdkit.Chem.rdchem.Mol object at 0x735c78f3b140>
CHEMBL3925253,CDK9,114.0,nM,COc1ccc(F)cc1-c1ccnc2[nH]c(C3=CC4CCC(C3)N4CC(=O)N(C)CCO)cc12,6.943095148663527,True,<rdkit.Chem.rdchem.Mol object at 0x735c78f3b920>
CHEMBL2036792,CDK2,114.0,nM,CNc1ncc2c(-c3ccc(N4CCNCC4)cc3)nn(CC3CCC(N)CC3)c2n1,6.943095148663527,True,<rdkit.Chem.rdchem.Mol object at 0x735c78f382e0>
CHEMBL3691675,CDK4,114.0,nM,CC(=O)N1[C@@H]2CC[C@H]1CN(c1ccc(Nc3ncc4cc(C(=O)N(C)C)n(C5CCCC5)c4n3)nc1)C(=O)C2,6.943095148663527,True,<rdkit.Chem.rdchem.Mol object at 0x735c78f3a8f0>
CHEMBL5424761,CDK2,114.62,nM,O=C(c1ccccc1)N1CCN(c2nnc(Cc3ccccc3)c3ccccc23)CC1,6.940739595878269,True,<rdkit.Chem.rdchem.Mol object at 0x735c78f3bae0>
CHEMBL3933205,CDK9,115.0,nM,CN(C)C(=O)CN1CC=C(c2[nH]c3nccc4c3c2CN(C)c2ccccc2-4)CC1,6.939302159646388,True,<rdkit.Chem.rdchem.Mol object at 0x735c78f39d20>
CHEMBL5574741,CDK2,115.0,nM,Cn1cnc(S(=O)(=O)N2CCC(Nc3ncc(C#N)c(-c4cnn(CC(F)(F)F)c4)n3)CC2)c1,6.939302159646388,True,<rdkit.Chem.rdchem.Mol object at 0x735c78f39850>
CHEMBL3641984,CDK4,115.0,nM,C[C@@H](O)Cn1c2cnccc2c2cnc(Nc3ccc(N4CCNC(C)(C)C4)cn3)nc21,6.939302159646388,True,<rdkit.Chem.rdchem.Mol object at 0x735c78f38120>
CHEMBL3668534,CDK9,115.0,nM,COc1ccc(F)cc1-c1ccnc2[nH]c(C3=C[C@H](CO)N(CC(=O)N(C)C)CC3)cc12,6.939302159646388,True,<rdkit.Chem.rdchem.Mol object at 0x735c78f3aa40>
CHEMBL3673491,CDK9,115.0,nM,COc1ccc(F)cc1-c1ccnc2[nH]c(C3=CC4CN(C(=O)C5CC(O)C5)CC4C3)cc12,6.939302159646388,True,<rdkit.Chem.rdchem.Mol object at 0x735c78f38200>
CHEMBL5537062,CDK2,115.2,nM,CC[C@@H](CO)Nc1nc(NCc2ccc(NC(=O)C3CCN(C(C)=O)CC3)cc2)n2ncc(C(C)C)c2n1,6.938547520912807,True,<rdkit.Chem.rdchem.Mol object at 0x735c78f3ab90>
CHEMBL1081105,CDK2,117.0,nM,N[C@H](CCc1cc(-c2ccc3cnccc3c2)no1)Cc1ccc(C(F)(F)F)cc1,6.931814138253838,True,<rdkit.Chem.rdchem.Mol object at 0x735c78f3bed0>
CHEMBL3668547,CDK9,117.0,nM,COc1ccc(F)cc1-c1c(F)cnc2[nH]c(C3=CC4CN(S(C)(=O)=O)CC4C3)cc12,6.931814138253838,True,<rdkit.Chem.rdchem.Mol object at 0x735c78f38ac0>
CHEMBL5841163,CDK2,117.0,nM,CCN1CCN(c2ccc(Nc3ncc(F)c(-c4cc(F)c5nc6n(c5c4)C(C)(C)CC6)n3)nc2)CC1,6.931814138253838,True,<rdkit.Chem.rdchem.Mol object at 0x735c78f3bc30>
CHEMBL5077271,CDK6,118.0,nM,CC(C)N1CCN(C(=O)c2ccc(Nc3ncc(F)c(-c4ccc5ncc(N(C)C)nc5c4)n3)nc2)CC1,6.928117992693874,True,<rdkit.Chem.rdchem.Mol object at 0x735c78f398c0>
CHEMBL5082230,CDK6,118.0,nM,Fc1cnc(Nc2ccc(N3CCNCC3)cn2)nc1-c1ccc2nccnc2c1,6.928117992693874,True,<rdkit.Chem.rdchem.Mol object at 0x735c78f38580>
CHEMBL378420,CDK2,118.0,nM,Nc1nc(Nc2ccc(S(=O)(=O)NC(=O)CCN3CCOCC3)cc2)nn1C(=O)c1c(F)cccc1F,6.928117992693874,True,<rdkit.Chem.rdchem.Mol object at 0x735c78f3a0a0>
CHEMBL3668511,CDK9,118.0,nM,COc1ccc(F)cc1-c1ccnc2[nH]c(C3=CCN(CC(=O)N4CCC[C@H]4C(N)=O)CC3)cc12,6.928117992693874,True,<rdkit.Chem.rdchem.Mol object at 0x735c78f3a650>
CHEMBL2403086,CDK1,119.0,nM,NC1CCC(Nc2nc(NCc3ccc(-c4cccs4)cc3)c3ncn(C4CCCC4)c3n2)CC1,6.924453038607469,True,<rdkit.Chem.rdchem.Mol object at 0x735c78f39bd0>
CHEMBL3691576,CDK4,119.0,nM,CN(C)C(=O)c1cc2cnc(Nc3ccc(C(=O)N4CC5CCC(C4)C5O)cn3)nc2n1C1CCCC1,6.924453038607469,True,<rdkit.Chem.rdchem.Mol object at 0x735c78f38970>
CHEMBL5879318,CDK1,119.0,nM,CNCC(=O)N1CCc2nc(Nc3ncc(F)c(-c4cc(F)c5nc(C)n(C6CCC6)c5c4)n3)ccc2C1,6.924453038607469,True,<rdkit.Chem.rdchem.Mol object at 0x735c78f3b760>
CHEMBL3668560,CDK9,119.0,nM,COc1ccc(F)cc1-c1ccnc2[nH]c(C3=CC4CN(CC(=O)N5CC(O)C5)CC4C3)cc12,6.924453038607469,True,<rdkit.Chem.rdchem.Mol object at 0x735c78f3b990>
CHEMBL452602,CDK9,120.0,nM,C[C@@H]1CNC[C@H](C(=O)Nc2ncc(SCc3ncc(C(C)(C)C)o3)s2)C1,6.920818753952375,True,<rdkit.Chem.rdchem.Mol object at 0x735c78f3a810>
CHEMBL3985017,CDK9,120.0,nM,CC(C)[C@H](NC1CC=C(c2[nH]c3nccc4c3c2CN(C)c2ccc(F)cc2-4)CC1)C(=O)O,6.920818753952375,True,<rdkit.Chem.rdchem.Mol object at 0x735c78f3af80>
CHEMBL525194,CDK2,120.0,nM,c1cnn2ncc(-c3ccnc(NC4CC4)n3)c2c1,6.920818753952375,True,<rdkit.Chem.rdchem.Mol object at 0x735c78f3a960>
CHEMBL3668411,CDK9,120.0,nM,CN1CCC(c2cc3c(-c4cccc(N(C)CCc5ccccc5)n4)ccnc3[nH]2)CC1,6.920818753952375,True,<rdkit.Chem.rdchem.Mol object at 0x735c78f391c0>
CHEMBL3961213,CDK9,120.0,nM,CN(C)C(=O)C1CC=C(c2[nH]c3nccc4c3c2CN(C)c2ccc(F)cc2-4)CC1,6.920818753952375,True,<rdkit.Chem.rdchem.Mol object at 0x735c78f3a500>
CHEMBL322568,CDK2,120.0,nM,CSc1ccc(Nc2nc(N)c(N=O)c(OCC3CCCCC3)n2)cc1,6.920818753952375,True,<rdkit.Chem.rdchem.Mol object at 0x735c78f38c10>
CHEMBL3668347,CDK9,120.0,nM,COc1cc(Cl)ccc1-c1ccnc2[nH]c(C3CNC(C)(C)CO3)cc12,6.920818753952375,True,<rdkit.Chem.rdchem.Mol object at 0x735c78f39150>
CHEMBL3680383,CDK4,120.0,nM,C[C@H]1CC[C@H](n2c3cnccc3c3cnc(Nc4ccc5c(n4)CCN(C(=O)C(=O)O)C5)nc32)CC1,6.920818753952375,True,<rdkit.Chem.rdchem.Mol object at 0x735c78f3ace0>
CHEMBL3589663,CDK9,120.0,nM,COc1cccc2c1[nH]c1c3ccccc3nc(C(=O)O)c21,6.920818753952375,True,<rdkit.Chem.rdchem.Mol object at 0x735c78f3bdf0>
CHEMBL4878465,CDK9,120.0,nM,COc1ccc(F)cc1-c1ccnc2[nH]c(C3=CCC(N4CCC(C(=O)O)CC4)CC3)cc12,6.920818753952375,True,<rdkit.Chem.rdchem.Mol object at 0x735c78f3bbc0>
CHEMBL4848653,CDK9,120.0,nM,COc1ccc(F)cc1-c1c(F)cnc2[nH]c(C3=CCN([C@H]4CC[C@@H](CC(=O)O)CC4)CC3)cc12,6.920818753952375,True,<rdkit.Chem.rdchem.Mol object at 0x735c78f3ba70>
CHEMBL378248,CDK2,120.0,nM,NCC(=O)NS(=O)(=O)c1ccc(Nc2nc(N)n(C(=O)c3c(F)cccc3F)n2)cc1,6.920818753952375,True,<rdkit.Chem.rdchem.Mol object at 0x735c78f39690>
CHEMBL5287079,CDK2,120.0,nM,N[C@H](COc1cncc(-c2ccc3[nH]nc(NC(=O)c4ccccc4)c3c2)c1)c1ccccc1,6.920818753952375,True,<rdkit.Chem.rdchem.Mol object at 0x735c78f38c80>
CHEMBL5985041,CDK9,120.0,nM,CCS(=O)(=O)NCC(=O)Nc1cc(-c2ccc3ncn(CC4CCOCC4)c3c2)c(Cl)cn1,6.920818753952375,True,<rdkit.Chem.rdchem.Mol object at 0x735c78f3b7d0>
CHEMBL3668406,CDK9,120.0,nM,CN1CCC(c2cc3c(-c4nc(NCC5CCOCC5)ccc4Cl)ccnc3[nH]2)CC1,6.920818753952375,True,<rdkit.Chem.rdchem.Mol object at 0x735c78f3b680>
CHEMBL3668360,CDK9,120.0,nM,NC1CCCC(c2cc3c(-c4cccc(NCc5ccccc5)n4)c(Cl)cnc3[nH]2)C1,6.920818753952375,True,<rdkit.Chem.rdchem.Mol object at 0x735c78f3b5a0>
CHEMBL233553,CDK2,120.0,nM,CNS(=O)(=O)c1ccc(-c2ccc(/C=C3\SC(=N)NC3=O)o2)cc1,6.920818753952375,True,<rdkit.Chem.rdchem.Mol object at 0x735c78f3b450>
CHEMBL3951345,CDK9,120.0,nM,CN1Cc2c(C3=CCCN(S(C)(=O)=O)CC3)[nH]c3nccc(c23)-c2cc(F)ccc21,6.920818753952375,True,<rdkit.Chem.rdchem.Mol object at 0x735c78f3b290>
CHEMBL3663771,CDK9,120.0,nM,COc1ccc(C)cc1-c1ccnc2[nH]c(C3CCN(C)CC3)cc12,6.920818753952375,True,<rdkit.Chem.rdchem.Mol object at 0x735c78f386d0>
CHEMBL518826,CDK1,120.0,nM,CCCN(C)[C@H]1CCN(C(=O)c2ccc(Nc3nccc(-c4cnc(C)n4C(C)C)n3)cc2)C1,6.920818753952375,True,<rdkit.Chem.rdchem.Mol object at 0x735c78f3b220>
CHEMBL5763728,CDK9,120.0,nM,Fc1cccc(Cn2cnc3ccc(-c4cc(NC5CCCNC5)ncc4Cl)cc32)c1,6.920818753952375,True,<rdkit.Chem.rdchem.Mol object at 0x735c78f3b1b0>
CHEMBL202695,CDK2,120.0,nM,CN(C)S(=O)(=O)c1ccc(Nc2cc(N[C@H]3CC[C@H](N)CC3)nc3ncnn23)cc1,6.920818753952375,True,<rdkit.Chem.rdchem.Mol object at 0x735c78f3b0d0>
CHEMBL3894563,CDK9,120.0,nM,CCC1c2c(C3=CCN(S(C)(=O)=O)CC3)[nH]c3nccc(c23)-c2cc(F)ccc2N1C,6.920818753952375,True,<rdkit.Chem.rdchem.Mol object at 0x735c78f3aff0>
CHEMBL5769969,CDK9,120.0,nM,Fc1cccc(Cn2cnc3ccc(-c4cc(NCC5(F)CCNCC5)ncc4Cl)cc32)c1,6.920818753952375,True,<rdkit.Chem.rdchem.Mol object at 0x735c78f3aea0>
CHEMBL251740,CDK1,120.0,nM,COCc1cccc2[nH]c(-c3nn(C)c4ncc(-c5cncc6ccccc56)cc34)nc12,6.920818753952375,True,<rdkit.Chem.rdchem.Mol object at 0x735c78f3ae30>
CHEMBL3943237,CDK9,120.0,nM,COc1ccc(F)cc1-c1c(C#N)cnc2[nH]c(C3=CC4CCC(C3)N4CC(=O)N(C)C)cc12,6.920818753952375,True,<rdkit.Chem.rdchem.Mol object at 0x735c78f3ad50>
CHEMBL5191725,CDK9,120.0,nM,CC(C)n1cc(-c2ccnc3[nH]c(C4CCNCC4)cc23)ccc1=O,6.920818753952375,True,<rdkit.Chem.rdchem.Mol object at 0x735c78f3ac70>
CHEMBL3892893,CDK9,120.0,nM,CN1Cc2c(C3=CCN(C4CCC(C(=O)O)CC4)CC3)[nH]c3nccc(c23)-c2ccccc21,6.920818753952375,True,<rdkit.Chem.rdchem.Mol object at 0x735c78f3ac00>
CHEMBL249518,CDK1,120.0,nM,COCc1cccc2[nH]c(-c3n[nH]c4ncc(-c5cncc(CN(C)C)c5)cc34)nc12,6.920818753952375,True,<rdkit.Chem.rdchem.Mol object at 0x735c78f3ab20>
CHEMBL3655765,CDK2,120.0,nM,CC[C@H](Nc1nc(NCc2cccc(F)c2)c2ncn(C(C)C)c2n1)[C@@H](C)O,6.920818753952375,True,<rdkit.Chem.rdchem.Mol object at 0x735c78f38ba0>
CHEMBL368278,CDK1,120.0,nM,CCn1cnc2c(Nc3cccc(Cl)c3)nc(N[C@H]3CCC[C@@H](N)C3)nc21,6.920818753952375,True,<rdkit.Chem.rdchem.Mol object at 0x735c78f3a7a0>
CHEMBL186800,CDK2,121.0,nM,Nc1nc2ccc(C(=O)c3c(F)cccc3F)cn2c1C(=O)c1c(Cl)cccc1Cl,6.91721462968355,True,<rdkit.Chem.rdchem.Mol object at 0x735c78f3a730>
CHEMBL4798690,CDK9,121.9,nM,CC(C)N1c2cc(Nc3nccc(-c4cccc(NC5CCCC5)c4)n3)ccc2N(C)C(=O)[C@H]1C,6.913996294381619,True,<rdkit.Chem.rdchem.Mol object at 0x735c78f3a5e0>
CHEMBL5870326,CDK2,122.0,nM,Cc1nc2c(F)cc(-c3nc(Nc4ccc5c(n4)CCN(C(=O)NCCN(C)C)C5)ncc3F)cc2n1C1CC1,6.913640169325252,True,<rdkit.Chem.rdchem.Mol object at 0x735c78f3a570>
CHEMBL189136,CDK2,122.0,nM,Nc1nc2ccc(C(=O)c3c(F)cccc3F)cn2c1C(=O)c1c(F)cccc1F,6.913640169325252,True,<rdkit.Chem.rdchem.Mol object at 0x735c78f3a340>
CHEMBL141247,CDK1,122.0,nM,O=C(Nc1ccccn1)Nc1cccc2c1[C@H]1CCCN1C2=O,6.913640169325252,True,<rdkit.Chem.rdchem.Mol object at 0x735c78f3a2d0>
CHEMBL3668537,CDK9,122.0,nM,COc1ccc(F)cc1-c1ccnc2[nH]c(C3=CCN(S(C)(=O)=O)C(C)(C)C3)cc12,6.913640169325252,True,<rdkit.Chem.rdchem.Mol object at 0x735c78f3a1f0>
CHEMBL3641929,CDK4,123.0,nM,O[C@@H]1CCN(c2ccc(Nc3ncc4c5ccncc5n([C@H]5CCC[C@H]5O)c4n3)nc2)C1,6.910094888560602,True,<rdkit.Chem.rdchem.Mol object at 0x735c78f3a180>
CHEMBL3702187,CDK4,123.0,nM,CN(C)C1CCN(c2ccc(Nc3ncc4c5ccncc5n([C@H]5CC[C@H](O)CC5)c4n3)nn2)CC1,6.910094888560602,True,<rdkit.Chem.rdchem.Mol object at 0x735c78f3a030>
CHEMBL245336,CDK2,123.0,nM,CNC(=O)CN1CCC(Nc2ncc(Cl)c(-c3c[nH]c4ccccc34)n2)CC1,6.910094888560602,True,<rdkit.Chem.rdchem.Mol object at 0x735c78f39fc0>
CHEMBL83443,CDK2,124.0,nM,CC(C)Cc1cc(-c2ccc[nH]2)c2c3c(ccc(F)c13)NC2=O,6.906578314837764,True,<rdkit.Chem.rdchem.Mol object at 0x735c78f39ee0>
CHEMBL3668544,CDK9,124.0,nM,COc1ccc(F)cc1-c1c(F)cnc2[nH]c(C3=CCC(C(=O)O)CC3)cc12,6.906578314837764,True,<rdkit.Chem.rdchem.Mol object at 0x735c78f39e70>
CHEMBL3967592,CDK2,124.0,nM,O=C1NCC2(CCCCC2)n2c1cc1cnc(Nc3ccc(C(=O)N4CCNCC4)cn3)nc12,6.906578314837764,True,<rdkit.Chem.rdchem.Mol object at 0x735c78f39d90>
CHEMBL5542804,CDK2,124.7,nM,CC[C@H](CO)Nc1nc(NCc2ccc(NC(=O)C3CCN(C(C)=O)CC3)cc2)n2ncc(C(C)C)c2n1,6.904133546521457,True,<rdkit.Chem.rdchem.Mol object at 0x735c78f39b60>
CHEMBL5557384,CDK1,124.7,nM,CC(C)N1CCN(C(=O)c2ccnc(Nc3cc(-c4ccc5nnn(C(C)C)c5c4)ccn3)c2)CC1,6.904133546521457,True,<rdkit.Chem.rdchem.Mol object at 0x735c78f39af0>
CHEMBL3668561,CDK9,125.0,nM,COc1ccc(F)cc1-c1ccnc2[nH]c(C3=CC4CN(CC(=O)N5CCC[C@H]5CO)CC4C3)cc12,6.903089986991944,True,<rdkit.Chem.rdchem.Mol object at 0x735c78f399a0>
CHEMBL3702137,CDK4,125.0,nM,c1cc2c3cnc(Nc4ccc(N5CCNCC5)cn4)cc3n(Cc3ccsc3)c2cn1,6.903089986991944,True,<rdkit.Chem.rdchem.Mol object at 0x735c78f39930>
CHEMBL3691605,CDK4,125.5,nM,CCOC(=O)N1C2CCC1CN(C(=O)c1ccc(Nc3ncc4cc(C(=O)N(C)C)n(C5CCCC5)c4n3)nc1)C2,6.901356274182943,True,<rdkit.Chem.rdchem.Mol object at 0x735c78f39620>
CHEMBL3668503,CDK9,126.0,nM,COc1ccc(F)cc1-c1c(C#N)cnc2[nH]c(C3=CCN(CC(=O)N(C)C)CC3)cc12,6.899629454882437,True,<rdkit.Chem.rdchem.Mol object at 0x735c78f393f0>
CHEMBL3698686,CDK4,126.0,nM,Cc1cc(N2CCNCC2)cnc1Nc1ncc2c3ccncc3n(C3CCCC3)c2n1,6.899629454882437,True,<rdkit.Chem.rdchem.Mol object at 0x735c78f390e0>
CHEMBL5964401,CDK1,126.0,nM,CCC(CC)n1c(C)nc2c(F)cc(-c3nc(Nc4ccc5c(n4)CCNC5)ncc3F)cc21,6.899629454882437,True,<rdkit.Chem.rdchem.Mol object at 0x735c78f39070>
CHEMBL319903,CDK1,126.0,nM,NS(=O)(=O)c1ccc(Nc2cc(-c3ccc(Br)cc3)[nH]n2)cc1,6.899629454882437,True,<rdkit.Chem.rdchem.Mol object at 0x735c78f39000>
CHEMBL5411451,CDK4,126.0,nM,Cc1ccc(/C=N/n2c(S)nnc2-c2c[nH]c3ccccc23)cc1,6.899629454882437,True,<rdkit.Chem.rdchem.Mol object at 0x735c78f38eb0>
CHEMBL5900599,CDK2,126.0,nM,CCn1c(C)nc2c(F)cc(-c3nc(Nc4ccc5c(n4)CCNC5)ncc3F)cc21,6.899629454882437,True,<rdkit.Chem.rdchem.Mol object at 0x735c78f38e40>
CHEMBL192374,CDK1,126.0,nM,Clc1cccc(CNc2nc(Nc3ccc4[nH]cnc4c3)ncc2Br)c1Cl,6.899629454882437,True,<rdkit.Chem.rdchem.Mol object at 0x735c78f38cf0>
CHEMBL4754326,CDK9,126.4,nM,COc1cccc(-c2ccnc(Nc3ccc4c(c3)N(C(C)C)[C@H](C)C(=O)N4C)n2)c1,6.898252926053633,True,<rdkit.Chem.rdchem.Mol object at 0x735c78f38900>
CHEMBL5424372,CDK1,126.47,nM,COc1ccc(NC(=S)N2CCN(c3nnc(Cc4ccccc4)c4ccccc34)CC2)cc1,6.8980124814417,True,<rdkit.Chem.rdchem.Mol object at 0x735c78f38890>
CHEMBL5755607,CDK9,127.0,nM,Cc1nc2c(F)cc(-c3nc(Nc4ccc5c(n4)CCN(CCN=C(N)N)C5)ncc3F)cc2n1C(C)C,6.896196279044043,True,<rdkit.Chem.rdchem.Mol object at 0x735c78f38740>
CHEMBL312273,CDK2,127.0,nM,CC(=O)NCCNc1cc(-c2ccc[nH]2)c2c3c(ccc(F)c13)NC2=O,6.896196279044043,True,<rdkit.Chem.rdchem.Mol object at 0x735c78f38660>
CHEMBL2103840,CDK4,127.0,nM,CCc1cnn2c(NCc3ccc[n+]([O-])c3)cc(N3CCCC[C@H]3CCO)nc12,6.896196279044043,True,<rdkit.Chem.rdchem.Mol object at 0x735c78f385f0>
CHEMBL5956369,CDK2,128.0,nM,Cc1nc2c(F)cc(-c3nc(Nc4ccc5c(n4)CCNC5)ncc3F)cc2n1C1CCCC1,6.892790030352131,True,<rdkit.Chem.rdchem.Mol object at 0x735c78f38510>
CHEMBL5879318,CDK2,129.0,nM,CNCC(=O)N1CCc2nc(Nc3ncc(F)c(-c4cc(F)c5nc(C)n(C6CCC6)c5c4)n3)ccc2C1,6.889410289700751,True,<rdkit.Chem.rdchem.Mol object at 0x735c78f384a0>
CHEMBL3698680,CDK6,129.0,nM,CC(C)(CO)Cn1c2cnccc2c2cnc(Nc3ccc(N4CCNCC4)cn3)nc21,6.889410289700751,True,<rdkit.Chem.rdchem.Mol object at 0x735c78f38270>
CHEMBL3641930,CDK4,129.0,nM,C[C@@H](CO)n1c2cnccc2c2cnc(Nc3ccc(N4CCC(N(C)C)CC4)nn3)nc21,6.889410289700751,True,<rdkit.Chem.rdchem.Mol object at 0x735c78f38820>
CHEMBL6169949,CDK2,129.3,nM,O=C(NNC(=O)c1oc2ccccc2c1CN1CCN(c2ccccc2)CC1)Nc1ccccc1,6.888401475119606,True,<rdkit.Chem.rdchem.Mol object at 0x735c78f39a10>
CHEMBL5518081,CDK9,129.4,nM,CC(=O)Nc1ccc(CNc2nc(NC3COC3)nc3c(C(C)C)cnn23)cc1,6.888065723667319,True,<rdkit.Chem.rdchem.Mol object at 0x735c78f3a3b0>
CHEMBL5512517,CDK9,129.65,nM,CC[C@@H](CO)Nc1cc(NCc2ccc(NC(C)=O)cc2)n2ncc(C(C)C)c2n1,6.88722747889463,True,<rdkit.Chem.rdchem.Mol object at 0x735c78f3b8b0>
CHEMBL1944698,CDK2,130.0,nM,CN1C/C=C/CCOc2cccc(c2)-c2ccnc(n2)Nc2cccc(c2)C1,6.886056647693163,True,<rdkit.Chem.rdchem.Mol object at 0x735c78f38a50>
CHEMBL3668504,CDK9,130.0,nM,CCN(C(=O)O)S(=O)(=O)N1CC=C(c2cc3c(-c4cc(F)ccc4OC)c(F)cnc3[nH]2)CC1,6.886056647693163,True,<rdkit.Chem.rdchem.Mol object at 0x735c78f3b300>
CHEMBL5928520,CDK9,130.0,nM,Fc1cccc(Cn2cnc3ccc(-c4cc(NC5CCC56CCNCC6)ncc4Cl)cc32)c1,6.886056647693163,True,<rdkit.Chem.rdchem.Mol object at 0x735c78f38dd0>
CHEMBL5835954,CDK9,130.0,nM,COC(=O)c1ccc(Cn2cnc3ccc(-c4cc(NC(=O)[C@@H]5CCCNC5)ncc4Cl)cc32)cc1,6.886056647693163,True,<rdkit.Chem.rdchem.Mol object at 0x735c78f3b370>
CHEMBL5759444,CDK9,130.0,nM,N#CC1(Cc2cc(N3CCC[C@@H](C(N)=O)C3)ncc2Cl)CCOCC1,6.886056647693163,True,<rdkit.Chem.rdchem.Mol object at 0x735c78f3af10>
CHEMBL408210,CDK1,130.0,nM,CCOC(=O)c1cccc2c1/C(=C/Nc1ccc(S(N)(=O)=O)cc1)C(=O)N2,6.886056647693163,True,<rdkit.Chem.rdchem.Mol object at 0x735c78f38f20>
CHEMBL3934141,CDK2,130.0,nM,COc1cc(CS(C)(=O)=NC#N)cc(Nc2ncc(F)c(-c3ccc(F)cc3OC)n2)c1,6.886056647693163,True,<rdkit.Chem.rdchem.Mol object at 0x735c78f3b4c0>
CHEMBL3663755,CDK9,130.0,nM,CN1CCCC(c2cc3c(-c4cccc(NCc5ccccc5)n4)ccnc3[nH]2)C1,6.886056647693163,True,<rdkit.Chem.rdchem.Mol object at 0x735c78f38350>
CHEMBL5808947,CDK9,130.0,nM,Nc1cc(-c2ccc3ncn(Cc4cccc(F)c4)c3c2)c(Cl)cn1,6.886056647693163,True,<rdkit.Chem.rdchem.Mol object at 0x735c78f3aab0>
CHEMBL3644028,CDK1,130.0,nM,C#CCOc1nc(Nc2ccc(S(C)(=O)=O)cc2)ncc1C(F)(F)F,6.886056647693163,True,<rdkit.Chem.rdchem.Mol object at 0x735c78f39a80>
CHEMBL5988623,CDK9,130.0,nM,CN1CCN(S(=O)(=O)CC(=O)Nc2cc(-c3ccc4ncn(Cc5cccc(F)c5)c4c3)c(Cl)cn2)CC1,6.886056647693163,True,<rdkit.Chem.rdchem.Mol object at 0x735c78f380b0>
CHEMBL5750857,CDK9,130.0,nM,Fc1cccc(Cn2cnc3ccc(-c4cc(N[C@@H]5CCC[C@H]6CCNC[C@H]65)ncc4Cl)cc32)c1,6.886056647693163,True,<rdkit.Chem.rdchem.Mol object at 0x735c78f39540>
CHEMBL451462,CDK1,130.0,nM,Cc1ncc(-c2nc(Nc3ccc(C(=O)N4CCN(C)CC4)cc3)ncc2F)n1C(C)C,6.886056647693163,True,<rdkit.Chem.rdchem.Mol object at 0x735c78f3be60>
CHEMBL3648071,CDK1,130.0,nM,C[C@@H](O)[C@@H](C)Nc1nc(Nc2ccc(S(C)(=N)=O)cc2)ncc1Br,6.886056647693163,True,<rdkit.Chem.rdchem.Mol object at 0x735c78f3b6f0>
CHEMBL5993518,CDK9,130.0,nM,CS(=O)(=O)N1CCC2(C1)C(C(=O)Nc1cc(-c3ccc4ncn(Cc5cccc(F)c5)c4c3)c(Cl)cn1)CCS2(=O)=O,6.886056647693163,True,<rdkit.Chem.rdchem.Mol object at 0x735c78f3b610>
CHEMBL3668404,CDK9,130.0,nM,CN1CCC(c2cc3c(-c4nc(N)ccc4Cl)ccnc3[nH]2)CC1,6.886056647693163,True,<rdkit.Chem.rdchem.Mol object at 0x735c78f3a880>
CHEMBL3901136,CDK9,130.0,nM,CN1Cc2c(C3=CCCN(C4CCC(=CC(=O)O)CC4)CC3)[nH]c3nccc(c23)-c2cc(F)ccc21,6.886056647693163,True,<rdkit.Chem.rdchem.Mol object at 0x735c78f3a490>
CHEMBL3648080,CDK2,130.0,nM,C[C@H](O)[C@@H](C)Nc1nc(Nc2ccc(S(=O)(CC=O)=NS(=O)(=O)CC[Si](C)(C)C)cc2)ncc1Br,6.886056647693163,True,<rdkit.Chem.rdchem.Mol object at 0x735c78f39e00>
CHEMBL5981968,CDK9,130.0,nM,NC(=O)NC(=O)/C=C/C(=O)Nc1cc(-c2ccc3ncn(Cc4cccc(F)c4)c3c2)c(Cl)cn1,6.886056647693163,True,<rdkit.Chem.rdchem.Mol object at 0x735c78f392a0>
CHEMBL3924252,CDK9,130.0,nM,OCC(O)CN1CC=C(c2[nH]c3nccc4c3c2COc2ccc(F)cc2-4)CC1,6.886056647693163,True,<rdkit.Chem.rdchem.Mol object at 0x735c78f38430>
CHEMBL3982411,CDK9,130.0,nM,CN1Cc2c(-c3ccncc3)[nH]c3nccc(c23)-c2cc(F)ccc21,6.886056647693163,True,<rdkit.Chem.rdchem.Mol object at 0x735c78f959a0>
CHEMBL3975945,CDK9,130.0,nM,CCC[C@H](NC1CC=C(c2[nH]c3nccc4c3c2CN(C)c2ccc(F)cc2-4)CC1)C(=O)O,6.886056647693163,True,<rdkit.Chem.rdchem.Mol object at 0x735c78f957e0>
CHEMBL5171361,CDK9,130.0,nM,COCCn1cc(-c2ccnc3[nH]c(C4CCN(CC(=O)N(C)C)CC4)cc23)ccc1=O,6.886056647693163,True,<rdkit.Chem.rdchem.Mol object at 0x735c78f973e0>
CHEMBL133498,CDK1,130.0,nM,CN1CC[C@H](c2c(O)cc(O)c3c(=O)cc(Oc4ccccc4Cl)oc23)[C@H](O)C1,6.886056647693163,True,<rdkit.Chem.rdchem.Mol object at 0x735c78f953f0>
CHEMBL5869709,CDK9,130.0,nM,O=C(Nc1cc(-c2ccc3ncn(CC4CCOCC4)c3c2)c(Cl)cn1)C1CC2(CNC2)C1,6.886056647693163,True,<rdkit.Chem.rdchem.Mol object at 0x735c78f962d0>
CHEMBL4849746,CDK9,130.0,nM,COc1ccc(F)cc1-c1ccnc2[nH]c(C3=CCC(N4CCN(CC(=O)O)CC4)CC3)cc12,6.886056647693163,True,<rdkit.Chem.rdchem.Mol object at 0x735c78f94200>
CHEMBL1336,CDK6,130.0,nM,CNC(=O)c1cc(Oc2ccc(NC(=O)Nc3ccc(Cl)c(C(F)(F)F)c3)cc2)ccn1,6.886056647693163,True,<rdkit.Chem.rdchem.Mol object at 0x735c78f95310>
CHEMBL6014160,CDK9,130.0,nM,Fc1cccc(Cn2cnc3ccc(-c4cc(NCCc5ccncc5)ncc4Cl)cc32)c1,6.886056647693163,True,<rdkit.Chem.rdchem.Mol object at 0x735c78f95b60>
CHEMBL3702139,CDK6,131.0,nM,c1csc(Cn2c3cnccc3c3cnc(Nc4ccc(N5CCNCC5)cn4)cc32)c1,6.882728704344236,True,<rdkit.Chem.rdchem.Mol object at 0x735c78f967a0>
CHEMBL3902691,CDK9,131.0,nM,COc1ccc(F)cc1-c1ccnc2[nH]c(C3=CC4CCC(C3)N4C(=O)CN3CC(O)C3)cc12,6.882728704344236,True,<rdkit.Chem.rdchem.Mol object at 0x735c78f95690>
CHEMBL4213756,CDK1,132.0,nM,COCCN1CCc2nc(Nc3ncc(F)c(-c4cc(F)c5nc(C)n(C(C)C)c5c4)n3)ccc2C1,6.8794260687941495,True,<rdkit.Chem.rdchem.Mol object at 0x735c78f96f10>
CHEMBL6152166,CDK6,132.0,nM,CC(=O)N1CCC2(CC1)CC(=O)c1ccc(-c3nc(Nc4ccc(C(=O)N5CCN(C)CC5)cn4)ncc3F)cc1O2,6.8794260687941495,True,<rdkit.Chem.rdchem.Mol object at 0x735c78f944a0>
CHEMBL5853767,CDK1,133.0,nM,Cc1nc2c(F)cc(-c3nc(Nc4ccc5c(n4)CCN(C[C@@H]4CNCCO4)C5)ncc3F)cc2n1C(C)C,6.876148359032914,True,<rdkit.Chem.rdchem.Mol object at 0x735c78f942e0>
CHEMBL5838972,CDK1,133.0,nM,O=C(c1ccc(Nc2ncc3cc4n(c3n2)C2(CCCCC2)C(=O)NN4)cc1)N1CCNCC1,6.876148359032914,True,<rdkit.Chem.rdchem.Mol object at 0x735c78f978b0>
CHEMBL5935906,CDK9,133.0,nM,CNCCN1CCc2nc(Nc3ncc(F)c(-c4cc(F)c5nc(C)n(C6CC6)c5c4)n3)ccc2C1,6.876148359032914,True,<rdkit.Chem.rdchem.Mol object at 0x735c78f96f80>
CHEMBL2011927,CDK2,133.0,nM,COc1ccc(-c2nc3c(OCC4CCNCC4)c(Br)cnc3[nH]2)cc1,6.876148359032914,True,<rdkit.Chem.rdchem.Mol object at 0x735c78f95460>
CHEMBL5811976,CDK1,133.0,nM,Cc1nc2c(F)cc(-c3nc(Nc4ccc5c(n4)CCN(C[C@@H]4CNCCO4)C5)ncc3F)cc2n1C(C)(C)C,6.876148359032914,True,<rdkit.Chem.rdchem.Mol object at 0x735c78f94ba0>
CHEMBL4207218,CDK1,133.8,nM,CCN1CCC(Cc2cnc(Nc3cc(-c4cc(F)c5nc(C)n(C(C)C)c5c4)ncn3)cn2)CC1,6.873543886568196,True,<rdkit.Chem.rdchem.Mol object at 0x735c78f94b30>
CHEMBL1271898,CDK4,134.0,nM,CC(C)c1n[nH]c(Cl)c1-c1ccnc(Nc2ccc(C3CCNCC3)cn2)n1,6.872895201635192,True,<rdkit.Chem.rdchem.Mol object at 0x735c78f949e0>
CHEMBL5561839,CDK2,134.2,nM,CC(C)n1nnc2ccc(-c3ccnc(Nc4cc(C(=O)N5CCCC5)ccn4)c3)cc21,6.872247484167026,True,<rdkit.Chem.rdchem.Mol object at 0x735c78f95af0>
CHEMBL5925248,CDK2,135.0,nM,Cc1nc2c(F)cc(-c3nc(Nc4ccc5c(n4)CCN(C[C@H](C)N(C)C)C5)ncc3F)cc2n1C1CC1,6.8696662315049934,True,<rdkit.Chem.rdchem.Mol object at 0x735c78f97bc0>
CHEMBL194124,CDK1,135.0,nM,Cc1ccccc1Sc1nc(Nc2ccc3[nH]cnc3c2)ncc1C(F)(F)F,6.8696662315049934,True,<rdkit.Chem.rdchem.Mol object at 0x735c78f95380>
CHEMBL6002674,CDK1,135.0,nM,CNCCN1CCc2nc(Nc3ncc(F)c(-c4cc(F)c5nc(C)n(C(C)(C)C)c5c4)n3)ccc2C1,6.8696662315049934,True,<rdkit.Chem.rdchem.Mol object at 0x735c78f947b0>
CHEMBL3823278,CDK2,135.0,nM,CC(=O)N1CCC(n2cc(Nc3ncc(Cl)c(-c4cnc5ccccn45)n3)c(C)n2)CC1,6.8696662315049934,True,<rdkit.Chem.rdchem.Mol object at 0x735c78f95150>
CHEMBL3668532,CDK9,135.0,nM,COc1ccc(F)cc1-c1c(F)cnc2[nH]c(C3=CCN(CC(=O)N4CC(O)C4)CC3)c(C#N)c12,6.8696662315049934,True,<rdkit.Chem.rdchem.Mol object at 0x735c78f951c0>
CHEMBL1081437,CDK2,135.0,nM,N[C@H](CNc1nnc(-c2ccc3[nH]nc(C4CC4)c3c2)s1)Cc1ccc(C(F)(F)F)cc1,6.8696662315049934,True,<rdkit.Chem.rdchem.Mol object at 0x735c78f96c00>
CHEMBL2011926,CDK2,135.0,nM,COc1ccc(-c2nc3c(NCC4CCNCC4)c(Br)cnc3[nH]2)cc1,6.8696662315049934,True,<rdkit.Chem.rdchem.Mol object at 0x735c78f97300>
CHEMBL4208504,CDK1,135.5,nM,CCN1CCN(Cc2cnc(Nc3cc(-c4cc(F)c5nc(C)n(C(C)C)c5c4)ncn3)cn2)CC1,6.868060704789576,True,<rdkit.Chem.rdchem.Mol object at 0x735c78f96030>
CHEMBL1081296,CDK2,136.0,nM,N[C@H](CNc1ncc(-c2ccc3cncnc3c2)s1)Cc1ccc(C(F)(F)F)cc1,6.866461091629782,True,<rdkit.Chem.rdchem.Mol object at 0x735c78f96420>
CHEMBL3698678,CDK4,136.0,nM,Oc1cc2c3cnc(Nc4ccc(N5CCNCC5)cn4)nc3n(C3CCCC3)c2cn1,6.866461091629782,True,<rdkit.Chem.rdchem.Mol object at 0x735c78f97370>
CHEMBL6166339,CDK2,136.4,nM,Nc1cc(-c2c[nH]c3ccccc23)nn1-c1nc(Nc2ccc(Br)cc2)nc(N2CCOCC2)n1,6.86518562967954,True,<rdkit.Chem.rdchem.Mol object at 0x735c78f96730>
CHEMBL6167764,CDK2,137.2,nM,COc1ccc(NC(=O)NNC(=O)c2oc3ccccc3c2CN2CCN(c3ccccc3)CC2)cc1,6.862645888629267,True,<rdkit.Chem.rdchem.Mol object at 0x735c78f963b0>
CHEMBL5423237,CDK2,137.54,nM,O=C(c1ccc(Cl)cc1)N1CCN(c2nnc(Cc3ccccc3)c3ccccc23)CC1,6.861570979993996,True,<rdkit.Chem.rdchem.Mol object at 0x735c78f94c10>
CHEMBL5595728,CDK9,137.75,nM,CS(=O)(=O)c1ccccc1Nc1nc(N[C@H]2CC[C@H](N)CC2)ncc1Cl,6.860908392476177,True,<rdkit.Chem.rdchem.Mol object at 0x735c78f96ff0>
CHEMBL3673492,CDK9,138.0,nM,COc1ccc(F)cc1-c1c(C#N)cnc2[nH]c(C3=CC4CN(CC(=O)N5CCC[C@H]5CO)CC4C3)cc12,6.860120913598763,True,<rdkit.Chem.rdchem.Mol object at 0x735c78f97e60>
CHEMBL1081852,CDK2,138.0,nM,N[C@H](CNc1ncc(-c2ccc3[nH]c(=O)oc3c2)s1)Cc1ccc(C(F)(F)F)cc1,6.860120913598763,True,<rdkit.Chem.rdchem.Mol object at 0x735c78f97ae0>
CHEMBL524266,CDK2,138.0,nM,Nc1nccc(-c2cc3c([nH]2)[C@@H](CCF)CNC3=O)n1,6.860120913598763,True,<rdkit.Chem.rdchem.Mol object at 0x735c78f95850>
CHEMBL4466497,CDK1,139.0,nM,Cc1nc2c(F)cc(-c3nc(Nc4ccc5c(n4)CCN(CCN(C)C)C5)ncc3F)cc2n1C(C)(C)C,6.856985199745905,True,<rdkit.Chem.rdchem.Mol object at 0x735c78f97a00>
CHEMBL3668557,CDK9,139.0,nM,COc1ccc(F)cc1-c1ccnc2[nH]c(C3=CCN(C4CCC(C(=O)O)CC4)CC3)cc12,6.856985199745905,True,<rdkit.Chem.rdchem.Mol object at 0x735c78f94430>
CHEMBL4214634,CDK1,139.7,nM,COCCN1CCN(Cc2cnc(Nc3cc(-c4cc(F)c5nc(C)n(C(C)C)c5c4)ncn3)cn2)CC1,6.854803593885818,True,<rdkit.Chem.rdchem.Mol object at 0x735c78f97990>
CHEMBL5593612,CDK9,139.8,nM,CC(C)S(=O)(=O)c1ccccc1Nc1nc([C@H]2CC[C@H](O)CC2)ncc1Cl,6.854492828590337,True,<rdkit.Chem.rdchem.Mol object at 0x735c78f96490>
CHEMBL5197170,CDK1,140.0,nM,CC(C)n1cc(-c2ccnc3[nH]c(C4CCN(CC(=O)N5CCCCC5)CC4)cc23)ccc1=O,6.853871964321762,True,<rdkit.Chem.rdchem.Mol object at 0x735c78f970d0>
CHEMBL496569,CDK2,140.0,nM,O=C(Nc1c[nH]nc1-c1nc2cc(CN3CCOCC3)ccc2[nH]1)c1ccccc1,6.853871964321762,True,<rdkit.Chem.rdchem.Mol object at 0x735c78f97530>
CHEMBL3919423,CDK9,140.0,nM,CN(CC(O)CO)C(=O)CN1[C@H]2CC[C@@H]1C=C(c1[nH]c3nccc4c3c1CN(C)c1ccc(F)cc1-4)C2,6.853871964321762,True,<rdkit.Chem.rdchem.Mol object at 0x735c78f97b50>
CHEMBL463580,CDK2,140.0,nM,O=C(Nc1c[nH]nc1C(=O)Nc1ccc(F)cc1)c1ccccc1,6.853871964321762,True,<rdkit.Chem.rdchem.Mol object at 0x735c78f96650>
CHEMBL388956,CDK2,140.0,nM,COc1c(O)cc2c3c(cc4ccc(O)cc4c13)NC2=O,6.853871964321762,True,<rdkit.Chem.rdchem.Mol object at 0x735c78f94f20>
CHEMBL457388,CDK2,140.0,nM,O=C(NC1CCNCC1)c1n[nH]cc1NC(=O)c1c(F)cccc1F,6.853871964321762,True,<rdkit.Chem.rdchem.Mol object at 0x735c78f96dc0>
CHEMBL3668456,CDK9,140.0,nM,COc1ccc(F)cc1-c1ccnc2[nH]c(C3CN(S(C)(=O)=O)C3)cc12,6.853871964321762,True,<rdkit.Chem.rdchem.Mol object at 0x735c78f96c70>
CHEMBL212264,CDK2,140.0,nM,Nc1nc(Nc2ccc(S(=O)(=O)NC(=O)[C@H](N)CO)cc2)nn1C(=O)c1c(F)cccc1F,6.853871964321762,True,<rdkit.Chem.rdchem.Mol object at 0x735c78f95000>
CHEMBL2158864,CDK2,140.0,nM,CNC(=O)Nc1ccc(-c2cc(-c3ccnc(Nc4ccc(Cl)c(S(=O)(=O)NC)c4)n3)ccn2)cc1,6.853871964321762,True,<rdkit.Chem.rdchem.Mol object at 0x735c78f97ed0>
CHEMBL5431823,CDK4,140.0,nM,COc1ccc(/C=N/n2c(S)nnc2-c2c[nH]c3ccccc23)cc1,6.853871964321762,True,<rdkit.Chem.rdchem.Mol object at 0x735c78f94970>
CHEMBL5836133,CDK9,140.0,nM,O=C(Nc1cc(-c2ccc3ncn(CC4CCOCC4)c3c2)c(Cl)cn1)C1C[C@H]2CNC[C@H]2C1,6.853871964321762,True,<rdkit.Chem.rdchem.Mol object at 0x735c78f96ea0>
CHEMBL454646,CDK2,140.0,nM,CC1CNCC(C(=O)Nc2ncc(SCc3ncc(C(C)(C)C)o3)s2)C1,6.853871964321762,True,<rdkit.Chem.rdchem.Mol object at 0x735c78f96340>
CHEMBL211514,CDK2,140.0,nM,Cc1ccc(Cl)c(N(CC#N)c2cc(Nc3ccc(OC[C@@H](O)CN(C)C)cc3)ncn2)c1,6.853871964321762,True,<rdkit.Chem.rdchem.Mol object at 0x735c78f971b0>
CHEMBL590109,CDK2,140.0,nM,NCCn1cc(-c2cc(-c3cc4ccccc4s3)c3[nH]ncc3c2)c2nc(N)ncc21,6.853871964321762,True,<rdkit.Chem.rdchem.Mol object at 0x735c78f945f0>
CHEMBL457887,CDK4,140.0,nM,Cc1ncc(-c2ccnc(Nc3ccc(S(=O)(=O)CCCN(C)C)cc3)n2)n1C(C)C,6.853871964321762,True,<rdkit.Chem.rdchem.Mol object at 0x735c78f97220>
CHEMBL3702076,CDK4,140.0,nM,CN(C)C1CCN(c2ccc(Nc3ncc4c5ccnc(F)c5n(CC5CC5)c4n3)nn2)CC1,6.853871964321762,True,<rdkit.Chem.rdchem.Mol object at 0x735c78f95e00>
CHEMBL1235529,CDK2,140.0,nM,O=S1(=O)NCCCNc2nc(ncc2Br)Nc2cccc1c2,6.853871964321762,True,<rdkit.Chem.rdchem.Mol object at 0x735c78f97450>
CHEMBL5858868,CDK9,140.0,nM,O=C(Nc1cc(-c2cnc3nnn(Cc4cccc(F)c4)c3n2)c(Cl)cn1)[C@@H]1CCCNC1,6.853871964321762,True,<rdkit.Chem.rdchem.Mol object at 0x735c78f94dd0>
CHEMBL5861172,CDK9,140.0,nM,O=C(Nc1cc(-c2ccc3cnn(Cc4cccc(F)c4)c3c2)c(Cl)cn1)[C@@H]1CCCNC1,6.853871964321762,True,<rdkit.Chem.rdchem.Mol object at 0x735c78f94740>
CHEMBL5952864,CDK6,140.0,nM,Cc1nc2c(F)cc(-c3nc(Nc4ncc5c(n4)CCN(C(=O)CN(C)C)C5)ncc3F)cc2n1C(C)C,6.853871964321762,True,<rdkit.Chem.rdchem.Mol object at 0x735c78f96110>
CHEMBL4759053,CDK9,140.0,nM,CC(=O)N[C@@H]1CCC[C@H](C(=O)Nc2cc(-c3cnn4ccccc34)c(Cl)cn2)C1,6.853871964321762,True,<rdkit.Chem.rdchem.Mol object at 0x735c78f97df0>
CHEMBL3642655,CDK2,140.0,nM,CN1CCN(c2cc(NCc3cccnc3)n3ncc(Br)c3n2)CC1,6.853871964321762,True,<rdkit.Chem.rdchem.Mol object at 0x735c78f97760>
CHEMBL203407,CDK1,140.0,nM,NS(=O)(=O)c1ccc(Nc2cc(OC3CCCCC3)nc3ncnn23)cc1,6.853871964321762,True,<rdkit.Chem.rdchem.Mol object at 0x735c78f94580>
CHEMBL173608,CDK1,140.0,nM,CCn1cnc2c(Nc3cccc(C(F)(F)F)c3)nc(N[C@H]3CC[C@H](N)CC3)nc21,6.853871964321762,True,<rdkit.Chem.rdchem.Mol object at 0x735c78f94900>
CHEMBL5930895,CDK4,141.0,nM,CC(C)N1CCOc2c(F)cc(-c3nc(Nc4cn(C5CCNCC5)cn4)ncc3F)cc21,6.85078088734462,True,<rdkit.Chem.rdchem.Mol object at 0x735c78f96b90>
CHEMBL3702106,CDK4,141.0,nM,COc1cc2c3cnc(Nc4ccc(N5CCNCC5)cn4)nc3n(C3CCCC3)c2nn1,6.85078088734462,True,<rdkit.Chem.rdchem.Mol object at 0x735c78f96e30>
CHEMBL5938059,CDK1,141.0,nM,Cc1nc2c(F)cc(-c3nc(Nc4ccc5c(n4)CCN(CCN)C5)ncc3F)cc2n1C(C)(C)C,6.85078088734462,True,<rdkit.Chem.rdchem.Mol object at 0x735c78f94ac0>
CHEMBL3702088,CDK4,142.0,nM,Oc1ccc2c3cnc(Nc4ccc(N5CCNCC5)cn4)nc3n(C3CCCC3)c2n1,6.847711655616944,True,<rdkit.Chem.rdchem.Mol object at 0x735c78f965e0>
CHEMBL6021833,CDK2,143.0,nM,Cc1nc2c(F)cc(-c3nc(Nc4ccc5c(n4)CCNC5)ncc3F)cc2n1C1CC1,6.844663962534938,True,<rdkit.Chem.rdchem.Mol object at 0x735c78f97f40>
CHEMBL3641942,CDK4,143.0,nM,C[C@H](CO)n1c2cnccc2c2cnc(Nc3ccc(N4CCNCC4)nn3)nc21,6.844663962534938,True,<rdkit.Chem.rdchem.Mol object at 0x735c78f97d10>
CHEMBL4448494,CDK1,143.0,nM,Cc1nc2c(F)cc(-c3nc(Nc4ccc5c(n4)CCN(CCN(C)C)C5)ncc3F)cc2n1C(C)C,6.844663962534938,True,<rdkit.Chem.rdchem.Mol object at 0x735c78f97a70>
CHEMBL3641908,CDK4,144.0,nM,CN(C)C1CCN(c2ccc(Nc3ncc4c5ccncc5n([C@@H]5CCNC5)c4n3)nc2)CC1,6.84163750790475,True,<rdkit.Chem.rdchem.Mol object at 0x735c78f95a80>
CHEMBL5991763,CDK4,145.0,nM,CC1CN(c2ccc(Nc3ncc(F)c(-c4cc(F)c5c(c4)N(C(C)C)CCO5)n3)nc2)CC(C)O1,6.838631997765026,True,<rdkit.Chem.rdchem.Mol object at 0x735c78f97920>
CHEMBL3702090,CDK4,145.0,nM,Cn1c(=O)ccc2c3cnc(Nc4ccc(N5CC[C@@H](O)C5)cn4)nc3n(C3CCCC3)c21,6.838631997765026,True,<rdkit.Chem.rdchem.Mol object at 0x735c78f97840>
CHEMBL6176478,CDK2,145.0,nM,N[C@H]1CCN(c2c3cc(-c4ccnc(NC(=O)C5CC5)c4)ccc3nc3c2[nH]c2ccccc23)C1,6.838631997765026,True,<rdkit.Chem.rdchem.Mol object at 0x735c78f96d50>
CHEMBL555205,CDK1,146.0,nM,COc1ccc2sc3c(c2c1)NC[C@@H](CN)NC3=O,6.835647144215563,True,<rdkit.Chem.rdchem.Mol object at 0x735c78f97680>
CHEMBL5775801,CDK2,146.0,nM,Cc1nc2c(F)cc(-c3nc(Nc4ccc5c(n4)CCNC5)ncc3F)cc2n1C1CCCCC1,6.835647144215563,True,<rdkit.Chem.rdchem.Mol object at 0x735c78f97290>
CHEMBL3641911,CDK4,146.0,nM,OCCCn1c2cnccc2c2cnc(Nc3ccc(N4CCNCC4)nn3)nc21,6.835647144215563,True,<rdkit.Chem.rdchem.Mol object at 0x735c78f97140>
CHEMBL5892074,CDK1,146.0,nM,CS(=N)(=O)c1ccc(Nc2ncc3cc4n(c3n2)C2(CCCCC2)C(=O)NN4)cc1,6.835647144215563,True,<rdkit.Chem.rdchem.Mol object at 0x735c78f96ce0>
CHEMBL5426856,CDK6,146.0,nM,Sc1nnc(-c2c[nH]c3ccccc23)n1/N=C/c1cccc(Br)c1,6.835647144215563,True,<rdkit.Chem.rdchem.Mol object at 0x735c78f96b20>
CHEMBL5556607,CDK2,146.0,nM,CC(C)(O)Cn1cc(-c2nc(NC3CCN(S(=O)(=O)C4CC4)CC3)ncc2C#N)cn1,6.835647144215563,True,<rdkit.Chem.rdchem.Mol object at 0x735c78f96a40>
CHEMBL4855785,CDK2,146.85,nM,Cc1n[nH]c2ccc(-c3cncc(NC(CO)c4ccccc4)n3)cc12,6.833126049141181,True,<rdkit.Chem.rdchem.Mol object at 0x735c78f969d0>
CHEMBL4204961,CDK4,147.3,nM,CCN1CCN(Cc2ccc(Nc3ncc(F)c(-c4cc(F)c5nc6n(c5c4)CCCCC6)n3)nc2)CC1,6.831797253157369,True,<rdkit.Chem.rdchem.Mol object at 0x735c78f96880>
CHEMBL2403084,CDK1,148.0,nM,NC1CCC(Nc2nc(NCc3ccc(-c4ccco4)cc3)c3ncn(C4CCCC4)c3n2)CC1,6.8297382846050425,True,<rdkit.Chem.rdchem.Mol object at 0x735c78f966c0>
CHEMBL6011152,CDK9,148.0,nM,CC1(C)CCn2ncc(-c3cc(NC(=O)[C@H]4CCC[C@@H](N)C4)ncc3F)c2C1,6.8297382846050425,True,<rdkit.Chem.rdchem.Mol object at 0x735c78f95070>
CHEMBL3668533,CDK9,149.0,nM,COc1ccc(F)cc1-c1c(F)cnc2[nH]c(C3=CCN(CC(=O)N4CCC[C@@H]4CO)CC3)c(C#N)c12,6.826813731587726,True,<rdkit.Chem.rdchem.Mol object at 0x735c78f96570>
CHEMBL3702205,CDK4,149.0,nM,O[C@H]1CCN(c2ccc(Nc3ncc4c5ccccc5n(C5CCCC5)c4n3)nc2)C1,6.826813731587726,True,<rdkit.Chem.rdchem.Mol object at 0x735c78f95930>
CHEMBL522464,CDK2,149.0,nM,Cn1cc(C2=C(c3coc4ccccc34)C(=O)NC2=O)c2cccc(CO)c21,6.826813731587726,True,<rdkit.Chem.rdchem.Mol object at 0x735c78f961f0>
CHEMBL3702090,CDK6,149.0,nM,Cn1c(=O)ccc2c3cnc(Nc4ccc(N5CC[C@@H](O)C5)cn4)nc3n(C3CCCC3)c21,6.826813731587726,True,<rdkit.Chem.rdchem.Mol object at 0x735c78f95a10>
CHEMBL73189,CDK2,150.0,nM,Cc1nc2ccccn2c1-c1ccnc(Nc2cccc(Cl)c2)n1,6.823908740944319,True,<rdkit.Chem.rdchem.Mol object at 0x735c78f96180>
CHEMBL3984474,CDK9,150.0,nM,CN1CCc2c(C3=CCN([C@H]4C[C@@H](C(=O)O)C4)CC3)[nH]c3nccc(c23)-c2cc(F)ccc21,6.823908740944319,True,<rdkit.Chem.rdchem.Mol object at 0x735c78f95f50>
CHEMBL172848,CDK1,150.0,nM,CCn1cnc2c(Nc3ccc(F)cc3)nc(N[C@@H]3CCCC[C@@H]3N)nc21,6.823908740944319,True,<rdkit.Chem.rdchem.Mol object at 0x735c78f955b0>
CHEMBL1241566,CDK4,150.0,nM,Cc1ccc(F)c(Nc2nccc(-c3ccc(S(N)(=O)=O)cc3)n2)c1,6.823908740944319,True,<rdkit.Chem.rdchem.Mol object at 0x735c78f95d20>
CHEMBL3976471,CDK9,150.0,nM,CN1Cc2c(C3CCN(CC(=O)O)CC3)[nH]c3nccc(c23)-c2cc(F)ccc21,6.823908740944319,True,<rdkit.Chem.rdchem.Mol object at 0x735c78f95cb0>
CHEMBL319170,CDK1,150.0,nM,COc1ccc2sc3c(c2c1)SCCNC3=O,6.823908740944319,True,<rdkit.Chem.rdchem.Mol object at 0x735c78f95c40>
CHEMBL4784363,CDK9,150.0,nM,CC(=O)N[C@@H]1CCC[C@H](C(=O)Nc2cc(-c3cnn4c3CC(C)(C)C4)c(C#N)cn2)C1,6.823908740944319,True,<rdkit.Chem.rdchem.Mol object at 0x735c78f958c0>
CHEMBL272668,CDK1,150.0,nM,NS(=O)(=O)c1ccc(N/C=C2\C(=O)Nc3ccc(C(=O)O)cc32)cc1,6.823908740944319,True,<rdkit.Chem.rdchem.Mol object at 0x735c78f95770>
CHEMBL3960677,CDK2,150.0,nM,COc1cc(CS(C)(=N)=O)cc(Nc2ncc(F)c(-c3ccc(F)cc3OC)n2)c1,6.823908740944319,True,<rdkit.Chem.rdchem.Mol object at 0x735c78f95700>
CHEMBL2012414,CDK1,150.0,nM,COC[C@H]1CCCN1C(=O)c1cc(Nc2ncc3cnn([C@@H]4C[C@H]5C[C@H]5C4)c3n2)cn1C,6.823908740944319,True,<rdkit.Chem.rdchem.Mol object at 0x735c78f95540>
CHEMBL6059403,CDK9,150.0,nM,O=C(Nc1cc(-c2ccc3ncn(CC4CCOCC4)c3c2)c(Cl)cn1)[C@@H]1CCCNC1,6.823908740944319,True,<rdkit.Chem.rdchem.Mol object at 0x735c78f952a0>
CHEMBL3952541,CDK9,150.0,nM,CCOC(=O)C1c2c(C3=CCNCC3)[nH]c3nccc(c23)-c2cc(F)ccc2N1C,6.823908740944319,True,<rdkit.Chem.rdchem.Mol object at 0x735c78f94e40>
CHEMBL3668425,CDK9,150.0,nM,CN1CCC(c2cc3c(-c4nc(NCC5CCOC(C)(C)C5)ccc4Cl)ccnc3[nH]2)CC1,6.823908740944319,True,<rdkit.Chem.rdchem.Mol object at 0x735c78f94d60>
CHEMBL3702076,CDK6,150.0,nM,CN(C)C1CCN(c2ccc(Nc3ncc4c5ccnc(F)c5n(CC5CC5)c4n3)nn2)CC1,6.823908740944319,True,<rdkit.Chem.rdchem.Mol object at 0x735c78f94cf0>
CHEMBL4741063,CDK9,150.0,nM,CC(=O)N[C@@H]1CCC[C@H](C(=O)Nc2cc(-c3cnn4c3CC(C)(C)C4)ccn2)C1,6.823908740944319,True,<rdkit.Chem.rdchem.Mol object at 0x735c78f94c80>
CHEMBL3900994,CDK9,150.0,nM,CN1Cc2c(C3=CCN([C@H]4CC[C@H](C(=O)O)CC4)CC3)[nH]c3nccc(c23)-c2ccccc21,6.823908740944319,True,<rdkit.Chem.rdchem.Mol object at 0x735c78f94190>
CHEMBL453895,CDK1,150.0,nM,Cc1ncc(-c2ccnc(Nc3ccc(C(=O)NC4CCN(C)CC4)c(F)c3)n2)n1C(C)C,6.823908740944319,True,<rdkit.Chem.rdchem.Mol object at 0x735c78f94120>
CHEMBL3668368,CDK9,150.0,nM,CN1CCC(c2cc3c(-c4cccc(NCC5CCOC(C)(C)C5)n4)ccnc3[nH]2)CC1,6.823908740944319,True,<rdkit.Chem.rdchem.Mol object at 0x735c78f940b0>
CHEMBL4214123,CDK1,150.0,nM,Cc1nc2c(F)cc(-c3cc(Nc4cnc(CN5CCN(CC(F)(F)F)CC5)cn4)ncn3)cc2n1C(C)C,6.823908740944319,True,<rdkit.Chem.rdchem.Mol object at 0x735c78f97c30>
CHEMBL3927123,CDK9,150.0,nM,CN(C)C(=O)CN1CCC=C(c2[nH]c3nccc4c3c2CN(C)c2ccc(F)cc2-4)CC1,6.823908740944319,True,<rdkit.Chem.rdchem.Mol object at 0x735c78f94eb0>
CHEMBL453129,CDK1,150.0,nM,CC(C)n1cnc2ccc3nc(C(=N)OCc4ccccc4)sc3c2c1=O,6.823908740944319,True,<rdkit.Chem.rdchem.Mol object at 0x735c78f95ee0>
CHEMBL3983369,CDK9,150.0,nM,CN1Cc2c(-c3ccc(C(=O)O)cc3)[nH]c3nccc(c23)-c2cc(F)ccc21,6.823908740944319,True,<rdkit.Chem.rdchem.Mol object at 0x735c78f96260>
CHEMBL5914929,CDK9,150.0,nM,Fc1cccc(Cn2cnc3ccc(-c4cc(NCCNc5ccccc5)ncc4Cl)cc32)c1,6.823908740944319,True,<rdkit.Chem.rdchem.Mol object at 0x735c78f976f0>
CHEMBL3940113,CDK9,150.0,nM,CN1Cc2c(C3=CCC(C(=O)O)CC3)[nH]c3nccc(c23)-c2cc(F)ccc21,6.823908740944319,True,<rdkit.Chem.rdchem.Mol object at 0x735c78f96810>
CHEMBL2012413,CDK1,150.0,nM,Cn1cc(Nc2ncc3cnn([C@@H]4C[C@H]5C[C@H]5C4)c3n2)cc1C(=O)N1CCC[C@@H]1CO,6.823908740944319,True,<rdkit.Chem.rdchem.Mol object at 0x735c78f968f0>
CHEMBL1933343,CDK2,150.0,nM,Cc1cnc2nc1-c1cccc(c1)OCC/C=C/CN(C)Cc1cccc(c1)N2,6.823908740944319,True,<rdkit.Chem.rdchem.Mol object at 0x735c78f97060>
CHEMBL5817156,CDK9,150.0,nM,O=C1CC[C@H](C(=O)Nc2cc(-c3ccc4ncn(CC5CCOCC5)c4c3)c(Cl)cn2)N1,6.823908740944319,True,<rdkit.Chem.rdchem.Mol object at 0x735c78f94510>
CHEMBL366642,CDK1,150.0,nM,CCn1cnc2c(Nc3cccc(F)c3)nc(N[C@H]3CC[C@H](N)CC3)nc21,6.823908740944319,True,<rdkit.Chem.rdchem.Mol object at 0x735c78f974c0>
CHEMBL102926,CDK4,150.0,nM,Cc1nc2ccccn2c1-c1ccnc(Nc2ccc(OCC(O)CN(C)C)cc2)n1,6.823908740944319,True,<rdkit.Chem.rdchem.Mol object at 0x735c78f954d0>
CHEMBL5542710,CDK9,150.15,nM,CC(=O)Nc1ccc(CNc2nc(NC3CCOCC3)nc3c(C(C)C)cnn23)cc1,6.823474663465,True,<rdkit.Chem.rdchem.Mol object at 0x735c78f94660>
CHEMBL3641975,CDK4,151.0,nM,CNC1CCN(c2ccc(Nc3ncc4c5ccncc5n(C[C@@H](C)O)c4n3)nn2)CC1,6.821023052706831,True,<rdkit.Chem.rdchem.Mol object at 0x735c78f975a0>
CHEMBL4749819,CDK9,151.2,nM,Cc1ccc(N)cc1-c1ccnc(Nc2ccc3c(c2)N(C(C)C)[C@H](C)C(=O)N3C)n1,6.820448208834812,True,<rdkit.Chem.rdchem.Mol object at 0x735c78f96500>
CHEMBL5874515,CDK9,152.0,nM,Cc1nc2c(F)cc(-c3nc(Nc4ccc5c(n4)CCN(C(=O)[C@@H]4CCCN4C)C5)ncc3F)cc2n1C1CC1,6.818156412055227,True,<rdkit.Chem.rdchem.Mol object at 0x735c78f94040>
CHEMBL3641940,CDK4,152.0,nM,C[C@H](CO)n1c2cnccc2c2cnc(Nc3ccc(N4CC[C@@H](O)C4)cn3)nc21,6.818156412055227,True,<rdkit.Chem.rdchem.Mol object at 0x735c78f95e70>
CHEMBL2402953,CDK1,152.0,nM,Nc1ccccc1-c1ccc(CNc2nc(NC3CCC(N)CC3)nc3c2ncn3C2CCCC2)cc1,6.818156412055227,True,<rdkit.Chem.rdchem.Mol object at 0x735c78f977d0>
CHEMBL6012656,CDK2,154.0,nM,Cc1nc2c(F)cc(-c3nc(Nc4ccc5c(n4)CCN(C(=O)CN4CCOCC4)C5)ncc3F)cc2n1C1CC1,6.8124792791635365,True,<rdkit.Chem.rdchem.Mol object at 0x735c78f94f90>
CHEMBL5859057,CDK2,154.0,nM,Cc1nc2c(F)cc(-c3nc(Nc4ccc5c(n4)CCN(C(=O)CN4CCCCC4)C5)ncc3F)cc2n1C1CC1,6.8124792791635365,True,<rdkit.Chem.rdchem.Mol object at 0x735c78f95230>
CHEMBL4864688,CDK2,155.0,nM,O=C(CCCOc1ccc(CC(=O)Nc2cc(C3CCC3)[nH]n2)cc1)NCCCCNc1cccc2c1C(=O)N(C1CCC(=O)NC1=O)C2=O,6.809668301829708,True,<rdkit.Chem.rdchem.Mol object at 0x735c78f960a0>
CHEMBL2011940,CDK2,155.0,nM,Nc1cccc(-c2nc3c(NCCCNC(=O)C4CCC4)c(Br)cnc3[nH]2)c1,6.809668301829708,True,<rdkit.Chem.rdchem.Mol object at 0x735c78f97d80>
CHEMBL3668457,CDK4,155.0,nM,COc1ccc(F)cc1-c1ccnc2[nH]c(C3=CCN(CC(O)CO)CC3)cc12,6.809668301829708,True,<rdkit.Chem.rdchem.Mol object at 0x735c78f96ab0>
CHEMBL5537078,CDK2,156.4,nM,CC(C)c1cnn2c(NCc3ccc(NC(=O)C4CCOCC4)cc3)nc(NC3CCOCC3)nc12,6.80576325127617,True,<rdkit.Chem.rdchem.Mol object at 0x735c78f95fc0>
CHEMBL505474,CDK2,158.0,nM,CC(C)(C)c1cnc(CSc2cnc(NC3CCCC(N)C3)s2)o1,6.801342913045577,True,<rdkit.Chem.rdchem.Mol object at 0x735c78f94890>
CHEMBL4778541,CDK2,158.0,nM,CC(C)(C)c1ccc(C(=O)Nc2cn3cc(-n4ccnc4)ccc3n2)cc1.Cl.Cl,6.801342913045577,True,<rdkit.Chem.rdchem.Mol object at 0x735c78f95bd0>
CHEMBL5748011,CDK6,159.0,nM,CC(C)CN1CCOc2c(F)cc(-c3nc(Nc4ccc(N5CCOCC5)cn4)ncc3F)cc21,6.798602875679549,True,<rdkit.Chem.rdchem.Mol object at 0x735c78f946d0>
CHEMBL3641924,CDK4,159.0,nM,CC1(C)CN(c2ccc(Nc3ncc4c5ccncc5n([C@H]5CCC[C@H]5O)c4n3)nn2)CCN1,6.798602875679549,True,<rdkit.Chem.rdchem.Mol object at 0x735c78f94350>
CHEMBL3589661,CDK9,160.0,nM,O=C(O)c1nc2ccccc2c2[nH]c3c(Br)cccc3c12,6.795880017344075,True,<rdkit.Chem.rdchem.Mol object at 0x735c78f44040>
CHEMBL3668468,CDK9,160.0,nM,FC1(F)CN[C@H](CNc2ccc(Cl)c(-c3ccnc4[nH]c(C5CCNCC5)cc34)n2)C1,6.795880017344075,True,<rdkit.Chem.rdchem.Mol object at 0x735c78f440b0>
CHEMBL523923,CDK2,160.0,nM,O=C(Nc1cccnc1)Nc1c[nH]nc1-c1nc2cc(CN3CCOCC3)ccc2[nH]1,6.795880017344075,True,<rdkit.Chem.rdchem.Mol object at 0x735c78f44120>
CHEMBL5285495,CDK2,160.0,nM,C[C@@H](CO)Nc1nc(N)c(N=O)c(OCC2CCCCC2)n1,6.795880017344075,True,<rdkit.Chem.rdchem.Mol object at 0x735c78f44190>
CHEMBL458421,CDK2,160.0,nM,O=C(Nc1c[nH]nc1-c1nc2cc(CN3CCOCC3)ccc2[nH]1)Nc1c(F)cccc1F,6.795880017344075,True,<rdkit.Chem.rdchem.Mol object at 0x735c78f44200>
CHEMBL319171,CDK1,160.0,nM,COc1ccc2sc3c(c2c1)NCCNC3=O,6.795880017344075,True,<rdkit.Chem.rdchem.Mol object at 0x735c78f44270>
CHEMBL4874984,CDK9,160.0,nM,COc1ccc(F)cc1-c1ccnc2[nH]c(C3=CCC(C4CCN(CC(=O)O)CC4)CC3)cc12,6.795880017344075,True,<rdkit.Chem.rdchem.Mol object at 0x735c78f442e0>
CHEMBL3799935,CDK1,160.0,nM,Nc1ncc(-c2ccccc2)cc1-c1nc2ccccc2[nH]1,6.795880017344075,True,<rdkit.Chem.rdchem.Mol object at 0x735c78f44350>
CHEMBL6036873,CDK9,160.0,nM,NC1CC2(C1)CC(C(=O)Nc1cc(-c3ccc4ncn(CC5CCOCC5)c4c3)c(Cl)cn1)C2,6.795880017344075,True,<rdkit.Chem.rdchem.Mol object at 0x735c78f443c0>
CHEMBL2177897,CDK9,160.0,nM,c1ccc(CNc2c(-c3ccncc3)nc3cnccn23)cc1,6.795880017344075,True,<rdkit.Chem.rdchem.Mol object at 0x735c78f44430>
CHEMBL496778,CDK4,160.0,nM,c1cc(-c2cnn3nc(NC4CCCC4)ccc23)nc(NC2CC2)n1,6.795880017344075,True,<rdkit.Chem.rdchem.Mol object at 0x735c78f444a0>
CHEMBL3655769,CDK2,160.0,nM,CC[C@H](Nc1nc(NC2CCC2)c2ncn(C(C)C)c2n1)[C@@H](C)O,6.795880017344075,True,<rdkit.Chem.rdchem.Mol object at 0x735c78f44510>
CHEMBL3979266,CDK2,160.0,nM,CCS(=O)(Cc1cc(F)cc(Nc2ncc(F)c(-c3ccc(F)cc3OC)n2)c1)=NC#N,6.795880017344075,True,<rdkit.Chem.rdchem.Mol object at 0x735c78f44580>
CHEMBL565160,CDK2,160.0,nM,CNC(=O)c1nn(C)c2c1C(C)(C)Cc1cnc(Nc3cccc(CN4CCOCC4)c3)nc1-2,6.795880017344075,True,<rdkit.Chem.rdchem.Mol object at 0x735c78f445f0>
CHEMBL371792,CDK1,160.0,nM,COc1cccc(Oc2nc(Nc3ccc4[nH]cnc4c3)ncc2C(F)(F)F)c1,6.795880017344075,True,<rdkit.Chem.rdchem.Mol object at 0x735c78f44660>
CHEMBL523735,CDK4,160.0,nM,NC(=O)c1ccc(Nc2nccc(-c3cnn4ncccc34)n2)cc1,6.795880017344075,True,<rdkit.Chem.rdchem.Mol object at 0x735c78f446d0>
CHEMBL3899896,CDK9,160.0,nM,CN1CCc2c(C3=CCN([C@H]4C[C@H](C(=O)O)C4)CC3)[nH]c3nccc(c23)-c2cc(F)ccc21,6.795880017344075,True,<rdkit.Chem.rdchem.Mol object at 0x735c78f447b0>
CHEMBL364172,CDK2,160.0,nM,N#C/C=C(/c1ccc2nc(N)c(C(=O)c3c(F)cccc3F)n2c1)c1c(F)cccc1F,6.795880017344075,True,<rdkit.Chem.rdchem.Mol object at 0x735c78f44820>
CHEMBL2348161,CDK2,160.0,nM,Nc1nccc(-n2cc(-c3ccncc3)c3cnccc32)n1,6.795880017344075,True,<rdkit.Chem.rdchem.Mol object at 0x735c78f44890>
CHEMBL3668439,CDK9,160.0,nM,COc1ccc(F)cc1-c1ccnc2[nH]c(C3CN(C(C)=O)C3)cc12,6.795880017344075,True,<rdkit.Chem.rdchem.Mol object at 0x735c78f44900>
CHEMBL3648079,CDK1,160.0,nM,C[C@@H](Nc1nc(Nc2ccc(S(=O)(CC=O)=NS(=O)(=O)CC[Si](C)(C)C)cc2)ncc1Br)C(C)(C)O,6.795880017344075,True,<rdkit.Chem.rdchem.Mol object at 0x735c78f44970>
CHEMBL3648081,CDK1,160.0,nM,C[C@H](O)[C@@H](C)Oc1nc(Nc2ccc(S(=O)(CCO)=NS(=O)(=O)CC[Si](C)(C)C)cc2)ncc1Br,6.795880017344075,True,<rdkit.Chem.rdchem.Mol object at 0x735c78f449e0>
CHEMBL3961728,CDK9,160.0,nM,CN1Cc2c(C3=CCC(N4CCC[C@H]4C(=O)O)CC3)[nH]c3nccc(c23)-c2cc(F)ccc21,6.795880017344075,True,<rdkit.Chem.rdchem.Mol object at 0x735c78f44a50>
CHEMBL4518287,CDK2,160.0,nM,C=CS(=O)(=O)c1ccc(Nc2nc(OCC3CCCCC3)c3nc[nH]c3n2)cc1,6.795880017344075,True,<rdkit.Chem.rdchem.Mol object at 0x735c78f44ac0>
CHEMBL233152,CDK1,160.0,nM,Cc1cc(N2CCCS2(=O)=O)c2oc(-c3ccc(O)c(C#N)c3)c(O)c(=O)c2c1,6.795880017344075,True,<rdkit.Chem.rdchem.Mol object at 0x735c78f44b30>
CHEMBL3967588,CDK2,160.0,nM,COc1cc(F)ccc1-c1nc(Nc2cc(Cl)cc(CS(C)(=O)=NC#N)c2)ncc1F,6.795880017344075,True,<rdkit.Chem.rdchem.Mol object at 0x735c78f44ba0>
CHEMBL5200778,CDK9,160.0,nM,CC(C)n1cc(-c2ccnc3[nH]c(C4CCN(CC(F)F)CC4)cc23)ccc1=O,6.795880017344075,True,<rdkit.Chem.rdchem.Mol object at 0x735c78f44c10>
CHEMBL2012308,CDK1,160.0,nM,CC(C)n1ncc2cnc(Nc3cc(C(N)=O)n(C)c3)nc21,6.795880017344075,True,<rdkit.Chem.rdchem.Mol object at 0x735c78f44c80>
CHEMBL3940661,CDK1,160.0,nM,CS(=N)(=O)c1ccc(Nc2ncc(Br)c(Nc3ccccc3)n2)cc1,6.795880017344075,True,<rdkit.Chem.rdchem.Mol object at 0x735c78f44cf0>
CHEMBL5432928,CDK2,160.0,nM,O=C(O)c1cc(C(F)(F)F)ccc1NCCc1c[nH]c2cc(Br)ccc12,6.795880017344075,True,<rdkit.Chem.rdchem.Mol object at 0x735c78f44d60>
CHEMBL176834,CDK1,160.0,nM,CCn1cnc2c(Nc3cccc(OC)c3)nc(N[C@H]3CC[C@H](N)CC3)nc21,6.795880017344075,True,<rdkit.Chem.rdchem.Mol object at 0x735c78f44dd0>
CHEMBL3937565,CDK9,160.0,nM,CN(C)C(=O)CN1[C@H]2CC[C@@H]1C=C(c1[nH]c3nccc4c3c1CN(C)c1ccc(F)cc1-4)C2,6.795880017344075,True,<rdkit.Chem.rdchem.Mol object at 0x735c78f44e40>
CHEMBL213364,CDK4,160.0,nM,O=c1c2cccc3c2sn1CCCCOc1cccc2nc(O)c-3nc12,6.795880017344075,True,<rdkit.Chem.rdchem.Mol object at 0x735c78f44eb0>
CHEMBL2348158,CDK2,160.0,nM,Nc1nccc(-n2cc(C3=CCOCC3)c3cnccc32)n1,6.795880017344075,True,<rdkit.Chem.rdchem.Mol object at 0x735c78f44f20>
CHEMBL5819777,CDK9,160.0,nM,O=C(Nc1cc(-c2ccc3ncn(CC4CCOCC4)c3c2)c(Cl)cn1)C1CCc2nncn2C1,6.795880017344075,True,<rdkit.Chem.rdchem.Mol object at 0x735c78f44f90>
CHEMBL5915766,CDK9,160.0,nM,NCc1ccc(CNc2cc(-c3ccc4ncn(Cc5cccc(F)c5)c4c3)c(Cl)cn2)cc1,6.795880017344075,True,<rdkit.Chem.rdchem.Mol object at 0x735c78f45000>
CHEMBL3663760,CDK1,160.0,nM,COc1cc(F)ccc1-c1ccnc2[nH]c(C3CCNCC3)cc12,6.795880017344075,True,<rdkit.Chem.rdchem.Mol object at 0x735c78f45070>
CHEMBL5775091,CDK1,161.0,nM,Cc1nc2c(F)cc(-c3nc(Nc4ccc5c(n4)CCN(CCS(C)(=O)=NC#N)C5)ncc3F)cc2n1C(C)C,6.79317412396815,True,<rdkit.Chem.rdchem.Mol object at 0x735c78f450e0>
CHEMBL3641928,CDK4,161.0,nM,C[C@@H](CO)n1c2cnccc2c2cnc(Nc3ccc(N4CCC(N(C)C)CC4)cn3)nc21,6.79317412396815,True,<rdkit.Chem.rdchem.Mol object at 0x735c78f45150>
CHEMBL5561839,CDK1,161.1,nM,CC(C)n1nnc2ccc(-c3ccnc(Nc4cc(C(=O)N5CCCC5)ccn4)c3)cc21,6.792904459580782,True,<rdkit.Chem.rdchem.Mol object at 0x735c78f451c0>
CHEMBL5286623,CDK1,161.2,nM,COc1ccc(Nc2nn3c(-c4ccccc4)cc(-c4ccccc4)nc3c2C(N)=O)c(OC)c1,6.792634962530928,True,<rdkit.Chem.rdchem.Mol object at 0x735c78f45230>
CHEMBL3641921,CDK4,162.0,nM,O[C@@H]1CCC[C@@H]1n1c2cnccc2c2cnc(Nc3ccc(N4CCNCC4)nn3)nc21,6.790484985457369,True,<rdkit.Chem.rdchem.Mol object at 0x735c78f452a0>
CHEMBL3641977,CDK4,162.0,nM,C[C@@H](O)Cn1c2cnccc2c2cnc(Nc3ccc(N4CC[C@@H](O)C4)nn3)nc21,6.790484985457369,True,<rdkit.Chem.rdchem.Mol object at 0x735c78f45310>
CHEMBL4777981,CDK4,162.0,nM,COc1ccc(F)cc1-c1c(F)cnc2[nH]c(C3=CCN([C@H]4CC[C@H](C(=O)O)CC4)CC3)cc12,6.790484985457369,True,<rdkit.Chem.rdchem.Mol object at 0x735c78f45380>
CHEMBL5418155,CDK4,162.0,nM,Sc1nnc(-c2c[nH]c3ccccc23)n1/N=C/c1ccc(Br)cc1,6.790484985457369,True,<rdkit.Chem.rdchem.Mol object at 0x735c78f453f0>
CHEMBL4876497,CDK2,163.95,nM,Cc1n[nH]c2ccc(-c3cc(N[C@@H](CO)c4ccccc4)cnc3Cl)cc12,6.785288578994615,True,<rdkit.Chem.rdchem.Mol object at 0x735c78f45460>
CHEMBL324186,CDK2,165.0,nM,O=C(O)c1ccc(C(=O)Nc2cc(C3CC3)[nH]n2)cc1,6.782516055786093,True,<rdkit.Chem.rdchem.Mol object at 0x735c78f454d0>
CHEMBL5950534,CDK1,165.0,nM,Cc1nc2c(F)cc(-c3nc(Nc4ccc5c(n4)C[C@@H](C)NC5)ncc3F)cc2n1C(C)(C)C,6.782516055786093,True,<rdkit.Chem.rdchem.Mol object at 0x735c78f45540>
CHEMBL319831,CDK2,166.0,nM,Nc1cccc(-c2cc(Nc3ccc(S(N)(=O)=O)cc3)[nH]n2)c1,6.779891911959945,True,<rdkit.Chem.rdchem.Mol object at 0x735c78f455b0>
CHEMBL3641947,CDK4,166.0,nM,C[C@H](CO)n1c2cnccc2c2cnc(Nc3ccc(N4CC[C@@H](O)C4)nn3)nc21,6.779891911959945,True,<rdkit.Chem.rdchem.Mol object at 0x735c78f45620>
CHEMBL5557384,CDK2,166.8,nM,CC(C)N1CCN(C(=O)c2ccnc(Nc3cc(-c4ccc5nnn(C(C)C)c5c4)ccn3)c2)CC1,6.77780395369828,True,<rdkit.Chem.rdchem.Mol object at 0x735c78f45690>
CHEMBL4463716,CDK2,167.0,nM,C#CCN(C)CCN1CCc2nc(Nc3ncc(F)c(-c4cc(F)c5nc(C)n(C(C)C)c5c4)n3)ccc2C1,6.777283528852417,True,<rdkit.Chem.rdchem.Mol object at 0x735c78f45700>
CHEMBL5591731,CDK2,167.0,nM,N#Cc1cnc(NC2CCN(S(=O)(=O)c3ccccn3)CC2)nc1-c1cnn(CC(F)(F)F)c1,6.777283528852417,True,<rdkit.Chem.rdchem.Mol object at 0x735c78f45770>
CHEMBL3673434,CDK2,168.0,nM,COc1cc(F)ccc1-c1ccnc(NC(=O)[C@H]2CCC[C@@H](NC(C)=O)C2)c1,6.774690718274137,True,<rdkit.Chem.rdchem.Mol object at 0x735c78f457e0>
CHEMBL495754,CDK2,168.0,nM,CC(C)(C)c1cnc(CSc2cnc(NCC3CCCCC3)s2)o1,6.774690718274137,True,<rdkit.Chem.rdchem.Mol object at 0x735c78f45850>
CHEMBL5592046,CDK9,168.05,nM,CC(C)S(=O)(=O)c1ccccc1Nc1nc([C@H]2CC[C@H](N3CCCCC3)CC2)ncc1Cl,6.774561483194503,True,<rdkit.Chem.rdchem.Mol object at 0x735c78f458c0>
CHEMBL4761833,CDK9,168.8,nM,CC(C)N1c2cc(Nc3nccc(-c4cccc(NC5CCCCC5)c4)n3)ccc2N(C)C(=O)[C@H]1C,6.772627557710363,True,<rdkit.Chem.rdchem.Mol object at 0x735c78f45930>
CHEMBL4742169,CDK2,168.9,nM,CC(C)N1c2cc(Nc3nccc(-c4cncc5ccccc45)n3)ccc2N(C)C(=O)[C@H]1C,6.772370350428991,True,<rdkit.Chem.rdchem.Mol object at 0x735c78f459a0>
CHEMBL2403097,CDK1,169.0,nM,NC1CCC(Nc2nc(NCc3ccc(-c4ccsc4)nc3)c3ncn(C4CCCC4)c3n2)CC1,6.772113295386326,True,<rdkit.Chem.rdchem.Mol object at 0x735c78f45a10>
CHEMBL189657,CDK2,169.0,nM,CCn1c(-c2nonc2N)nc2cnccc21,6.772113295386326,True,<rdkit.Chem.rdchem.Mol object at 0x735c78f45a80>
CHEMBL3642652,CDK2,170.0,nM,CC(C)(C)c1cc(NCc2ccncc2)n2ncc(Br)c2n1,6.769551078621726,True,<rdkit.Chem.rdchem.Mol object at 0x735c78f45af0>
CHEMBL8817,CDK2,170.0,nM,CN1CC[C@@H](c2c(O)cc(O)c3c(=O)cc(-c4ccccc4Cl)oc23)[C@@H](O)C1,6.769551078621726,True,<rdkit.Chem.rdchem.Mol object at 0x735c78f45b60>
CHEMBL3663783,CDK9,170.0,nM,Clc1ccc(NCC2CCCNC2)nc1-c1ccnc2[nH]c(C3CCNCC3)cc12,6.769551078621726,True,<rdkit.Chem.rdchem.Mol object at 0x735c78f45bd0>
CHEMBL3980578,CDK9,170.0,nM,CN1Cc2c(C3=C[C@H]4CC[C@@H](C3)N4CC(=O)O)[nH]c3nccc(c23)-c2cc(F)ccc21,6.769551078621726,True,<rdkit.Chem.rdchem.Mol object at 0x735c78f45c40>
CHEMBL404747,CDK2,170.0,nM,O=C(Cc1ccccc1)Nc1n[nH]c2ccc(N3CCCC3=O)cc12,6.769551078621726,True,<rdkit.Chem.rdchem.Mol object at 0x735c78f45cb0>
CHEMBL5975700,CDK9,170.0,nM,Cn1nnc2cc(CN3CCc4ccc(-c5cc(NC(=O)C6CCCNC6)ncc5Cl)cc43)ccc21,6.769551078621726,True,<rdkit.Chem.rdchem.Mol object at 0x735c78f45d90>
CHEMBL3641959,CDK4,170.0,nM,C[C@H]1CN(c2ccc(Nc3ncc4c5ccncc5n([C@H]5CCC[C@@H]5O)c4n3)nc2)CCN1,6.769551078621726,True,<rdkit.Chem.rdchem.Mol object at 0x735c78f45e00>
CHEMBL445813,CDK6,170.0,nM,O=C(NC1CCNCC1)c1n[nH]cc1NC(=O)c1c(Cl)cccc1Cl,6.769551078621726,True,<rdkit.Chem.rdchem.Mol object at 0x735c78f45ee0>
CHEMBL3673497,CDK9,170.0,nM,CS(=O)(=O)N1CC=C(c2cc3c(-c4cccc(NCc5c(F)cccc5F)n4)ccnc3[nH]2)CC1,6.769551078621726,True,<rdkit.Chem.rdchem.Mol object at 0x735c78f45f50>
CHEMBL192126,CDK2,170.0,nM,C[C@@H](C(=O)Nc1cc(C2CC2)[nH]n1)c1ccc(N2Cc3ccccc3C2=O)cc1,6.769551078621726,True,<rdkit.Chem.rdchem.Mol object at 0x735c78f45fc0>
CHEMBL5960660,CDK9,170.0,nM,Fc1cccc(Cn2cnc3ccc(-c4cc(NC5CCCC5)ncc4Cl)cc32)c1,6.769551078621726,True,<rdkit.Chem.rdchem.Mol object at 0x735c78f46030>
CHEMBL225519,CDK1,170.0,nM,O=C1NCCc2[nH]c(-c3ccncc3)cc21,6.769551078621726,True,<rdkit.Chem.rdchem.Mol object at 0x735c78f460a0>
CHEMBL3959283,CDK2,170.0,nM,CCS(=O)(Cc1cccc(Nc2ncc(F)c(-c3ccc(F)cc3OC)n2)c1)=NC#N,6.769551078621726,True,<rdkit.Chem.rdchem.Mol object at 0x735c78f46110>
CHEMBL4747227,CDK9,170.0,nM,CC(=O)N[C@@H]1CCC[C@H](C(=O)Nc2cc(-c3cnn4c3CC(C)(C)C4O)c(Cl)cn2)C1,6.769551078621726,True,<rdkit.Chem.rdchem.Mol object at 0x735c78f46180>
CHEMBL3897217,CDK2,170.0,nM,COc1cc(F)ccc1-c1nc(Nc2cc(F)c(F)c(CS(C)(=N)=O)c2)ncc1F,6.769551078621726,True,<rdkit.Chem.rdchem.Mol object at 0x735c78f461f0>
CHEMBL6011420,CDK9,170.0,nM,CC(Cc1ccncc1)Nc1cc(-c2ccc3ncn(Cc4cccc(F)c4)c3c2)c(Cl)cn1,6.769551078621726,True,<rdkit.Chem.rdchem.Mol object at 0x735c78f46260>
CHEMBL385070,CDK4,170.0,nM,O=C1c2cccc(-c3nc4ccccc4nc3O)c2CN1C1CCCC1,6.769551078621726,True,<rdkit.Chem.rdchem.Mol object at 0x735c78f462d0>
CHEMBL3648080,CDK1,170.0,nM,C[C@H](O)[C@@H](C)Nc1nc(Nc2ccc(S(=O)(CC=O)=NS(=O)(=O)CC[Si](C)(C)C)cc2)ncc1Br,6.769551078621726,True,<rdkit.Chem.rdchem.Mol object at 0x735c78f46340>
CHEMBL3892477,CDK9,170.0,nM,CN1Cc2c(C3=CCCN(CC(=O)O)CC3)[nH]c3nccc(c23)-c2cc(F)ccc21,6.769551078621726,True,<rdkit.Chem.rdchem.Mol object at 0x735c78f463b0>
CHEMBL5914516,CDK9,170.0,nM,CC1(O)CCC(Cn2nnc3ccc(-c4cc(NC(=O)[C@@H]5CCCNC5)ncc4Cl)cc32)CC1,6.769551078621726,True,<rdkit.Chem.rdchem.Mol object at 0x735c78f46420>
CHEMBL1964256,CDK1,170.0,nM,CNS(=O)(=O)Cc1ccc(N/C=C2\C(=O)Nc3ccc4ncsc4c32)cc1,6.769551078621726,True,<rdkit.Chem.rdchem.Mol object at 0x735c78f46490>
CHEMBL3668548,CDK9,172.0,nM,COc1ccc(F)cc1-c1c(C#N)cnc2[nH]c(C3=CCN(CC(=O)N4CCC[C@H]4CO)CC3)cc12,6.764471553092451,True,<rdkit.Chem.rdchem.Mol object at 0x735c78f46500>
CHEMBL5875685,CDK6,173.0,nM,CCN1CCN(Cc2ccc(Nc3ncc(F)c(-c4cc(F)c5c(c4)N(C4CCC(N)CC4)CCO5)n3)nc2)CC1,6.761953896871205,True,<rdkit.Chem.rdchem.Mol object at 0x735c78f46570>
CHEMBL5542666,CDK2,173.4,nM,CCC(=O)Nc1ccc(CNc2nc(N[C@@H](CC)CO)nc3c(C(C)C)cnn23)cc1,6.760950906859808,True,<rdkit.Chem.rdchem.Mol object at 0x735c78f465e0>
CHEMBL5076627,CDK6,174.0,nM,CCN(CC)c1cnc2ccc(-c3nc(Nc4ccc(C(=O)N5CCN(C(C)C)CC5)cn4)ncc3F)cc2n1,6.7594507517174005,True,<rdkit.Chem.rdchem.Mol object at 0x735c78f46650>
CHEMBL3702039,CDK4,174.0,nM,NC1CCN(c2nc(Nc3ncc4c5ccncc5n(C5CCCC5)c4n3)ns2)CC1,6.7594507517174005,True,<rdkit.Chem.rdchem.Mol object at 0x735c78f466c0>
CHEMBL4776271,CDK2,174.0,nM,C=CC(=O)NC1CCN(C(=O)N2CCCC(Nc3ncc(SCc4ncc(C(C)(C)C)o4)s3)C2)CC1,6.7594507517174005,True,<rdkit.Chem.rdchem.Mol object at 0x735c78f46730>
CHEMBL5556871,CDK2,174.7,nM,CCC(=O)Nc1ccc(CNc2nc(NC3CCCNC3)nc3c(C(C)C)cnn23)cc1,6.75770709501707,True,<rdkit.Chem.rdchem.Mol object at 0x735c78f467a0>
CHEMBL5085896,CDK6,175.0,nM,O=C(c1ccc(Nc2ncc(F)c(-c3ccc4ncc(N5CCOCC5)nc4c3)n2)nc1)N1CCNCC1,6.756961951313706,True,<rdkit.Chem.rdchem.Mol object at 0x735c78f46810>
CHEMBL3641960,CDK4,175.0,nM,CC1(C)CN(c2ccc(Nc3ncc4c5ccncc5n([C@H]5CCC[C@@H]5O)c4n3)nc2)CCN1,6.756961951313706,True,<rdkit.Chem.rdchem.Mol object at 0x735c78f46880>
CHEMBL5558477,CDK2,175.7,nM,CC[C@@H](CO)Nc1nc(NCc2ccc(NC(=O)C3(F)CC3)cc2)n2ncc(C(C)C)c2n1,6.755228238504705,True,<rdkit.Chem.rdchem.Mol object at 0x735c78f468f0>
CHEMBL3641910,CDK6,176.0,nM,C[C@H]1CN(c2ccc(Nc3ncc4c5ccncc5n(CCCO)c4n3)nc2)CCN1,6.75448733218585,True,<rdkit.Chem.rdchem.Mol object at 0x735c78f46960>
CHEMBL3641914,CDK4,177.0,nM,CN(C)C1CCN(c2ccc(Nc3ncc4c5ccncc5n([C@H]5CCC[C@H]5O)c4n3)nn2)CC1,6.752026733638194,True,<rdkit.Chem.rdchem.Mol object at 0x735c78f469d0>
CHEMBL3702143,CDK4,177.0,nM,O=C(O)Cc1ccc(Nc2ncc3c4ccncc4n(C4CCCC4)c3n2)nc1,6.752026733638194,True,<rdkit.Chem.rdchem.Mol object at 0x735c78f46a40>
CHEMBL3702140,CDK6,178.0,nM,O=C(O)Cc1ccc(-n2c3cnccc3c3cnc(Nc4ccc(N5CCNCC5)cn4)cc32)cc1,6.7495799976911055,True,<rdkit.Chem.rdchem.Mol object at 0x735c78f46ab0>
CHEMBL5774515,CDK1,178.0,nM,Cc1nc2c(F)cc(-c3nc(Nc4ccc5c(n4)CCN(C(=O)OCCN(C)C)C5)ncc3F)cc2n1C1CC1,6.7495799976911055,True,<rdkit.Chem.rdchem.Mol object at 0x735c78f46b20>
CHEMBL4215126,CDK6,178.0,nM,CCN1CCN(Cc2ccc(Nc3ncc(F)c(-c4cc(F)c5nc6n(c5c4)C(C)CC6)n3)nc2C)CC1,6.7495799976911055,True,<rdkit.Chem.rdchem.Mol object at 0x735c78f46b90>
CHEMBL2103840,CDK9,178.0,nM,CCc1cnn2c(NCc3ccc[n+]([O-])c3)cc(N3CCCC[C@H]3CCO)nc12,6.7495799976911055,True,<rdkit.Chem.rdchem.Mol object at 0x735c78f46c00>
CHEMBL233224,CDK1,180.0,nM,CN1CCN(CCc2ccc(Nc3ncc(Cl)c(-c4c[nH]c5ccccc45)n3)cc2)CC1,6.7447274948966935,True,<rdkit.Chem.rdchem.Mol object at 0x735c78f46c70>
CHEMBL5824837,CDK9,180.0,nM,CS(=O)(=O)N1CCC2(CC1)CC(Nc1cc(-c3ccc4ncn(CC5CCOCC5)c4c3)c(Cl)cn1)C2,6.7447274948966935,True,<rdkit.Chem.rdchem.Mol object at 0x735c78f46ce0>
CHEMBL2029909,CDK1,180.0,nM,CN1CCN(C(=O)c2cc(Nc3ncc4cc(-c5cnn(C)c5)n(C5CCCC5)c4n3)cn2C)CC1,6.7447274948966935,True,<rdkit.Chem.rdchem.Mol object at 0x735c78f46d50>
CHEMBL5911629,CDK9,180.0,nM,O=C1CC(C(=O)Nc2cc(-c3ccc4ncn(CC5CCOCC5)c4c3)c(Cl)cn2)C1,6.7447274948966935,True,<rdkit.Chem.rdchem.Mol object at 0x735c78f46dc0>
CHEMBL455468,CDK1,180.0,nM,Cc1ncc(-c2ccnc(Nc3ccc(C(=O)NC4CCN(C)CC4)cc3)n2)n1C(C)C,6.7447274948966935,True,<rdkit.Chem.rdchem.Mol object at 0x735c78f46ea0>
CHEMBL3981911,CDK2,180.0,nM,COc1cc(F)ccc1-c1nc(Nc2cc(Cl)cc(CS(C)(=N)=O)c2)ncc1F,6.7447274948966935,True,<rdkit.Chem.rdchem.Mol object at 0x735c78f46f10>
CHEMBL254269,CDK2,180.0,nM,CNCCN(C)C(=O)c1cc(Sc2cnc(Nc3cccc(Br)n3)s2)ccc1C,6.7447274948966935,True,<rdkit.Chem.rdchem.Mol object at 0x735c78f46f80>
CHEMBL5566672,CDK9,180.0,nM,COc1ccc(Nc2c(-c3ccoc3)nc3cnccn23)cc1,6.7447274948966935,True,<rdkit.Chem.rdchem.Mol object at 0x735c78f46ff0>
CHEMBL3920469,CDK9,180.0,nM,CN1Cc2c(C3=CCCN(CC(=O)N4CC(O)C4)CC3)[nH]c3nccc(c23)-c2cc(F)ccc21,6.7447274948966935,True,<rdkit.Chem.rdchem.Mol object at 0x735c78f47060>
CHEMBL3905910,CDK2,180.0,nM,CN1CC[C@@H](c2c(O)cc(O)c3c(=O)cc(-c4ccc(C(F)(F)F)cc4Cl)oc23)[C@@H]1CO,6.7447274948966935,True,<rdkit.Chem.rdchem.Mol object at 0x735c78f470d0>
CHEMBL3905335,CDK2,180.0,nM,COc1cc(F)ccc1-c1nc(Nc2cc(CS(C)(=N)=O)cc(C(F)(F)F)c2)ncc1F,6.7447274948966935,True,<rdkit.Chem.rdchem.Mol object at 0x735c78f47140>
CHEMBL6038192,CDK9,180.0,nM,COC(=O)c1ccc(Cn2nnc3ccc(-c4cc(NC(=O)[C@@H]5CCCNC5)ncc4Cl)cc32)cc1,6.7447274948966935,True,<rdkit.Chem.rdchem.Mol object at 0x735c78f471b0>
CHEMBL233149,CDK2,180.0,nM,N=C1NC(=O)/C(=C/c2ccc(-c3ccc(S(N)(=O)=O)cc3)o2)S1,6.7447274948966935,True,<rdkit.Chem.rdchem.Mol object at 0x735c78f47220>
CHEMBL193643,CDK2,180.0,nM,Nc1nc(Nc2ccc(S(N)(=O)=O)cc2)ccc1C(=O)c1c(F)cccc1F,6.7447274948966935,True,<rdkit.Chem.rdchem.Mol object at 0x735c78f47290>
CHEMBL282330,CDK1,180.0,nM,CCOc1ccc(CNc2nc(C#CC(C)(O)CC)nc3c2ncn3C(C)C)cc1,6.7447274948966935,True,<rdkit.Chem.rdchem.Mol object at 0x735c78f47300>
CHEMBL559301,CDK2,180.0,nM,Nc1nc(O)c(Cc2nn3c(COc4ccc(Cl)cc4)nnc3s2)s1,6.7447274948966935,True,<rdkit.Chem.rdchem.Mol object at 0x735c78f47370>
CHEMBL126077,CDK1,180.0,nM,O=Nc1c(-c2c(O)[nH]c3ccccc23)[nH]c2ccccc12,6.7447274948966935,True,<rdkit.Chem.rdchem.Mol object at 0x735c78f473e0>
CHEMBL3668356,CDK9,180.0,nM,CN1CCCC(c2cc3c(-c4cccc(NCc5ccccc5)n4)c(Cl)cnc3[nH]2)C1,6.7447274948966935,True,<rdkit.Chem.rdchem.Mol object at 0x735c78f47450>
CHEMBL134239,CDK1,180.0,nM,CC(C)n1cnc2c(NCc3ccccc3)nc(C#CC3(O)CCCCC3)nc21,6.7447274948966935,True,<rdkit.Chem.rdchem.Mol object at 0x735c78f474c0>
CHEMBL3668379,CDK9,180.0,nM,Nc1ccc(Cl)c(-c2ccnc3[nH]c(C4CCNCC4)cc23)n1,6.7447274948966935,True,<rdkit.Chem.rdchem.Mol object at 0x735c78f47530>
CHEMBL4776271,CDK9,182.0,nM,C=CC(=O)NC1CCN(C(=O)N2CCCC(Nc3ncc(SCc4ncc(C(C)(C)C)o4)s3)C2)CC1,6.739928612014925,True,<rdkit.Chem.rdchem.Mol object at 0x735c78f475a0>
CHEMBL4789072,CDK9,182.9,nM,Cc1c(N)cccc1-c1ccnc(Nc2ccc3c(c2)N(C(C)C)[C@H](C)C(=O)N3C)n1,6.737786294523583,True,<rdkit.Chem.rdchem.Mol object at 0x735c78f47610>
CHEMBL5759958,CDK1,183.0,nM,Cc1nc2c(F)cc(-c3nc(Nc4ccc5c(n4)CCN(C(=O)CN(C)C)C5)ncc3F)cc2n1C1CCCC1,6.73754891026957,True,<rdkit.Chem.rdchem.Mol object at 0x735c78f47680>
CHEMBL2403087,CDK1,183.0,nM,NC1CCC(Nc2nc(NCc3ccc(-c4ccsc4)cc3)c3ncn(C4CCCC4)c3n2)CC1,6.73754891026957,True,<rdkit.Chem.rdchem.Mol object at 0x735c78f476f0>
CHEMBL2403090,CDK1,184.0,nM,NC1CCC(Nc2nc(NCc3ccc(-c4ccccc4)nc3)c3ncn(C4CCCC4)c3n2)CC1,6.735182176990463,True,<rdkit.Chem.rdchem.Mol object at 0x735c78f47760>
CHEMBL5631610,CDK6,184.0,nM,N#Cc1c(-c2ccc(Cl)cc2Cl)cc(-c2c[nH]c3ccccc23)[nH]c1=O,6.735182176990463,True,<rdkit.Chem.rdchem.Mol object at 0x735c78f477d0>
CHEMBL3641949,CDK4,184.0,nM,CN(C)C1CCN(c2ccc(Nc3ncc4c5ccncc5n([C@@H]5CCOC5)c4n3)nn2)CC1,6.735182176990463,True,<rdkit.Chem.rdchem.Mol object at 0x735c78f47840>
CHEMBL5571625,CDK9,184.0,nM,COc1ccccc1-c1ccnc(Nc2ccc3c(c2)CC(=O)C(C(C)=O)C3C)n1,6.735182176990463,True,<rdkit.Chem.rdchem.Mol object at 0x735c78f478b0>
CHEMBL4793573,CDK2,185.0,nM,C=CC(=O)NC1CCC(C(=O)N2CCCC(Nc3ncc(SCc4ncc(C(C)(C)C)o4)s3)C2)CC1,6.732828271596986,True,<rdkit.Chem.rdchem.Mol object at 0x735c78f47920>
CHEMBL1081831,CDK2,185.0,nM,N[C@H](CNc1ncc(-c2ccc3c(c2)CC(=O)N3)s1)Cc1ccc(C(F)(F)F)cc1,6.732828271596986,True,<rdkit.Chem.rdchem.Mol object at 0x735c78f47990>
CHEMBL3972676,CDK2,187.0,nM,CN1CCN(C(=O)c2ccc(Nc3ncc4cc5n(c4n3)C3(CCCC3)CNC5=O)nc2)CC1,6.7281583934635005,True,<rdkit.Chem.rdchem.Mol object at 0x735c78f47a00>
CHEMBL3639904,CDK4,187.0,nM,CN(C)C(=O)c1cc2cnc(Nc3ccc(C(=O)C45C[C@H]6C[C@H](O)C[C@@H](C4)N65)cn3)nc2n1C1CCCC1,6.7281583934635005,True,<rdkit.Chem.rdchem.Mol object at 0x735c78f47a70>
CHEMBL5942169,CDK6,187.0,nM,CC(C)N1CCc2c(cccc2Nc2ncc(F)c(-c3cc(F)c4c(c3)N(C(C)C)CCO4)n2)C1,6.7281583934635005,True,<rdkit.Chem.rdchem.Mol object at 0x735c78f47ae0>
CHEMBL3691549,CDK4,187.0,nM,CN(C)C(=O)c1cc2cnc(Nc3ccc(C(=O)N4CC5CCC(C4)C5(C)O)cn3)nc2n1C1CCCCCC1,6.7281583934635005,True,<rdkit.Chem.rdchem.Mol object at 0x735c78f47b50>
CHEMBL2011934,CDK2,187.0,nM,COc1ccc(-c2nc3c(NCCCN(C)C(=O)C4CCC4)c(Br)cnc3[nH]2)cc1,6.7281583934635005,True,<rdkit.Chem.rdchem.Mol object at 0x735c78f47bc0>
CHEMBL5512555,CDK2,187.6,nM,CC(=O)N1CCC(C(=O)Nc2ccc(CNc3nc(NC4CCOCC4)nc4c(C(C)C)cnn34)cc2)CC1,6.726767165956955,True,<rdkit.Chem.rdchem.Mol object at 0x735c78f47c30>
CHEMBL1823630,CDK2,190.0,nM,N[C@H](CNc1nnc(-c2ccc3c(c2)CC(=O)N3)s1)Cc1ccc(C(F)(F)F)cc1,6.721246399047171,True,<rdkit.Chem.rdchem.Mol object at 0x735c78f47ca0>
CHEMBL3691651,CDK4,190.0,nM,CN(C)C(=O)c1cc2cnc(Nc3ccc(N4CCC5(CCCN5C(=O)OC(C)(C)C)C4=O)cn3)nc2n1C1CCCC1,6.721246399047171,True,<rdkit.Chem.rdchem.Mol object at 0x735c78f47d10>
CHEMBL16171,CDK9,190.0,nM,COc1c(O)cc(O)c2c(=O)cc(-c3ccccc3)oc12,6.721246399047171,True,<rdkit.Chem.rdchem.Mol object at 0x735c78f47d80>
CHEMBL5284748,CDK2,190.0,nM,NC[C@@H](CNc1cncc(-c2ccc3[nH]nc(NC(=O)c4ccccc4)c3c2)c1)c1ccccc1,6.721246399047171,True,<rdkit.Chem.rdchem.Mol object at 0x735c78f47df0>
CHEMBL4161364,CDK2,190.0,nM,N=c1[nH]c(=O)[nH]c2c1cnn2-c1ccc(S(N)(=O)=O)cc1,6.721246399047171,True,<rdkit.Chem.rdchem.Mol object at 0x735c78f47e60>
CHEMBL5901552,CDK9,190.0,nM,O=C(Nc1cc(-c2ccc3ncn(CC4CCOCC4)c3c2)c(Cl)cn1)c1cn[nH]c1,6.721246399047171,True,<rdkit.Chem.rdchem.Mol object at 0x735c78f47ed0>
CHEMBL292864,CDK2,190.0,nM,O=C1Nc2ccc(Br)cc2/C1=C/c1[nH]cc2c1CCOC2=O,6.721246399047171,True,<rdkit.Chem.rdchem.Mol object at 0x735c78f47f40>
CHEMBL3702042,CDK4,190.0,nM,CN(C)C1CCN(c2nc(Nc3ncc4c5ccncc5n(C5CCCC5)c4n3)ns2)CC1,6.721246399047171,True,<rdkit.Chem.rdchem.Mol object at 0x735c78f8c900>
CHEMBL392775,CDK2,190.0,nM,Cc1cc(N2CCCS2(=O)=O)c2oc(-c3ccc(O)c(Cl)c3)c(O)c(=O)c2c1,6.721246399047171,True,<rdkit.Chem.rdchem.Mol object at 0x735c78f8d4d0>
CHEMBL5759958,CDK2,193.0,nM,Cc1nc2c(F)cc(-c3nc(Nc4ccc5c(n4)CCN(C(=O)CN(C)C)C5)ncc3F)cc2n1C1CCCC1,6.714442690992226,True,<rdkit.Chem.rdchem.Mol object at 0x735c78f8fb50>
CHEMBL6164890,CDK6,195.0,nM,CC(=O)N1CCC2(CC1)CC(=O)c1ccc(-c3nc(Nc4ccc(C(=O)N5CCN(C(=O)C6CC6)CC5)cn4)ncc3F)cc1O2,6.709965388637482,True,<rdkit.Chem.rdchem.Mol object at 0x735c78f8d7e0>
CHEMBL5591731,CDK1,195.0,nM,N#Cc1cnc(NC2CCN(S(=O)(=O)c3ccccn3)CC2)nc1-c1cnn(CC(F)(F)F)c1,6.709965388637482,True,<rdkit.Chem.rdchem.Mol object at 0x735c78f8d460>
CHEMBL4741061,CDK9,195.8,nM,Cc1cccc(-c2ccnc(Nc3ccc4c(c3)N(C(C)C)[C@H](C)C(=O)N4C)n2)c1,6.708187312532881,True,<rdkit.Chem.rdchem.Mol object at 0x735c78f8d770>
CHEMBL6142344,CDK1,196.0,nM,Cc1ccc(O)c(C)c1-n1c(N)c(C(N)=O)c2c(=O)n(CC3CC3)c(C)nc21,6.707743928643524,True,<rdkit.Chem.rdchem.Mol object at 0x735c78f8f680>
CHEMBL5411462,CDK6,198.0,nM,COc1ccc(/C=N/n2c(S)nnc2-c2c[nH]c3ccccc23)cc1OC,6.703334809738469,True,<rdkit.Chem.rdchem.Mol object at 0x735c78f8cc80>
CHEMBL1080892,CDK2,198.0,nM,Cc1n[nH]c2ccc(-c3nnc(NC[C@@H](N)Cc4ccccc4C(F)(F)F)s3)cc12,6.703334809738469,True,<rdkit.Chem.rdchem.Mol object at 0x735c78f8f3e0>
CHEMBL6163690,CDK6,198.0,nM,CCN1CCN(C(=O)c2ccc(Nc3ncc(F)c(-c4ccc5c(c4)OC4(CCN(C(C)=O)CC4)CC5=O)n3)nc2)CC1,6.703334809738469,True,<rdkit.Chem.rdchem.Mol object at 0x735c78f8f5a0>
CHEMBL5088816,CDK6,199.0,nM,O=C(c1ccc(Nc2ncc(F)c(-c3ccc4nccnc4c3)n2)nc1)N1CCNCC1,6.701146923590294,True,<rdkit.Chem.rdchem.Mol object at 0x735c78f8e8f0>
CHEMBL5869281,CDK1,199.0,nM,Cc1nc2c(F)cc(-c3nc(Nc4ccc5c(n4)CCN(C[C@H]4CN(C)CCO4)C5)ncc3F)cc2n1C(C)(C)C,6.701146923590294,True,<rdkit.Chem.rdchem.Mol object at 0x735c78f8c510>
CHEMBL2036792,CDK4,199.0,nM,CNc1ncc2c(-c3ccc(N4CCNCC4)cc3)nn(CC3CCC(N)CC3)c2n1,6.701146923590294,True,<rdkit.Chem.rdchem.Mol object at 0x735c78f8e570>
CHEMBL1922123,CDK2,200.0,nM,CC[C@@H](Nc1nc(NCc2cccnc2)c2ncn(C(C)C)c2n1)C(C)(C)O,6.698970004336019,True,<rdkit.Chem.rdchem.Mol object at 0x735c78f8da10>
CHEMBL322019,CDK4,200.0,nM,C#CCN(c1ccnc(Nc2ccc(OCC(O)CN(C)C)cc2)n1)c1cc(Cl)ccc1Cl,6.698970004336019,True,<rdkit.Chem.rdchem.Mol object at 0x735c78f8ea40>
CHEMBL5401951,CDK6,200.0,nM,COc1cc(/C=N/n2c(S)nnc2-c2c[nH]c3ccccc23)cc(OC)c1OC,6.698970004336019,True,<rdkit.Chem.rdchem.Mol object at 0x735c78f8fdf0>
CHEMBL430703,CDK2,200.0,nM,CC(C)c1cc(NC(=O)c2ccc(Br)cc2)n[nH]1,6.698970004336019,True,<rdkit.Chem.rdchem.Mol object at 0x735c78f8c200>
CHEMBL2029910,CDK1,200.0,nM,CN1CCN(C(=O)c2cc(Nc3ncc4cc(-c5cncn5C)n(C5CCCC5)c4n3)cn2C)CC1,6.698970004336019,True,<rdkit.Chem.rdchem.Mol object at 0x735c78f8d3f0>
CHEMBL5744442,CDK6,200.0,nM,CC(C)CN1CCOc2c(F)cc(-c3nc(Nc4ccc(N5CCC(O)CC5)cn4)ncc3F)cc21,6.698970004336019,True,<rdkit.Chem.rdchem.Mol object at 0x735c78f8f290>
CHEMBL3663805,CDK9,200.0,nM,Clc1ccc(NCC2CCOCC2)nc1-c1ccnc2[nH]c(C3CCNC3)cc12,6.698970004336019,True,<rdkit.Chem.rdchem.Mol object at 0x735c78f8fc30>
CHEMBL564076,CDK1,200.0,nM,C[C@@H]1CNc2c(sc3ccc4nc(-c5ccccc5)ccc4c23)C(=O)N1,6.698970004336019,True,<rdkit.Chem.rdchem.Mol object at 0x735c78f8c9e0>
CHEMBL84436,CDK2,200.0,nM,CC(C)n1cnc2c(NCc3ccccc3)nc(NC[C@@H](C)O)nc21,6.698970004336019,True,<rdkit.Chem.rdchem.Mol object at 0x735c78f8e2d0>
CHEMBL3937866,CDK2,200.0,nM,COc1cc(F)ccc1-c1nc(Nc2cc(CS(C)(=O)=NC#N)cc(C(F)(F)F)c2)ncc1F,6.698970004336019,True,<rdkit.Chem.rdchem.Mol object at 0x735c78f8d9a0>
CHEMBL5170524,CDK1,200.0,nM,COc1cc(C(=O)N2CCCC2)ccc1-c1ccnc2[nH]c(C3CCNCC3)cc12,6.698970004336019,True,<rdkit.Chem.rdchem.Mol object at 0x735c78f8eff0>
CHEMBL5907969,CDK9,200.0,nM,Cc1nnc(Cn2cnc3ccc(-c4cc(NC(=O)[C@@H]5CCCNC5)ncc4Cl)cc32)[nH]1,6.698970004336019,True,<rdkit.Chem.rdchem.Mol object at 0x735c78f8eb90>
CHEMBL254170,CDK1,200.0,nM,CS(=O)(=O)c1ccc(CC(=O)Nc2n[nH]c3ccc(N4CCCS4(=O)=O)cc23)cc1,6.698970004336019,True,<rdkit.Chem.rdchem.Mol object at 0x735c78f8ff40>
CHEMBL319373,CDK1,200.0,nM,COc1cc2c(cc1OC)-c1[nH]c3ccc(Br)cc3c1CC(=O)N2,6.698970004336019,True,<rdkit.Chem.rdchem.Mol object at 0x735c78f8f6f0>
CHEMBL5778745,CDK9,200.0,nM,COc1cc2nnn(Cc3cccc(F)c3)c2cc1-c1cc(NC(=O)[C@@H]2CCCNC2)ncc1Cl,6.698970004336019,True,<rdkit.Chem.rdchem.Mol object at 0x735c78f8fd10>
CHEMBL3966259,CDK9,200.0,nM,CNC(=O)N1[C@H]2CC[C@@H]1C=C(c1[nH]c3nccc4c3c1CN(C)c1ccc(F)cc1-4)C2,6.698970004336019,True,<rdkit.Chem.rdchem.Mol object at 0x735c78f8ca50>
CHEMBL5940542,CDK9,200.0,nM,O=C(Nc1cc(-c2ccc3c(c2)N(Cc2nc4ccccc4[nH]2)CC3)c(Cl)cn1)C1CCCNC1,6.698970004336019,True,<rdkit.Chem.rdchem.Mol object at 0x735c78f8eab0>
CHEMBL603097,CDK1,200.0,nM,COc1ccc2nc3[nH]nc(C)c3c(OC)c2c1,6.698970004336019,True,<rdkit.Chem.rdchem.Mol object at 0x735c78f8eb20>
CHEMBL510566,CDK2,200.0,nM,C[C@@H]1CNC[C@@H](C(=O)Nc2ncc(SCc3ncc(C(C)(C)C)o3)s2)C1,6.698970004336019,True,<rdkit.Chem.rdchem.Mol object at 0x735c78f8c7b0>
CHEMBL5859695,CDK9,200.0,nM,CS(=O)(=O)Nc1ccc(CN2CCc3ccc(-c4cc(NC(=O)C5CCCNC5)ncc4Cl)cc32)cc1,6.698970004336019,True,<rdkit.Chem.rdchem.Mol object at 0x735c78f8d540>
CHEMBL1800459,CDK2,200.0,nM,Nc1nc(-c2cc(N3C[C@H](O)[C@@H](O)C3)ccc2O)cc(C2CCNCC2)n1,6.698970004336019,True,<rdkit.Chem.rdchem.Mol object at 0x735c78f8ec70>
CHEMBL286491,CDK1,200.0,nM,CCC(C)(O)C#Cc1nc(NCc2ccc3c(c2)OCO3)c2ncn(C(C)C)c2n1,6.698970004336019,True,<rdkit.Chem.rdchem.Mol object at 0x735c78f8ceb0>
CHEMBL3648086,CDK1,200.0,nM,CCOC(=O)N=S(=O)(CC)c1ccc(Nc2ncc(Br)c(N[C@@H](COC)[C@H](C)O)n2)cc1,6.698970004336019,True,<rdkit.Chem.rdchem.Mol object at 0x735c78f8fa00>
CHEMBL478409,CDK4,200.0,nM,COCCNS(=O)(=O)c1ccc(Nc2nccc(-c3cnc(C)n3C(C)C)n2)cc1,6.698970004336019,True,<rdkit.Chem.rdchem.Mol object at 0x735c78f8e0a0>
CHEMBL402910,CDK2,200.0,nM,CCN(CC)c1ccc2[nH]nc(NC(=O)Cc3ccccc3)c2c1,6.698970004336019,True,<rdkit.Chem.rdchem.Mol object at 0x735c78f8db60>
CHEMBL1207227,CDK4,200.0,nM,O=C1C(c2c(O)[nH]c3ccc(S(=O)(=O)O)cc23)=Nc2ccccc21,6.698970004336019,True,<rdkit.Chem.rdchem.Mol object at 0x735c78f8e490>
CHEMBL280623,CDK1,200.0,nM,CCOc1ccc(Nc2nc(C#CC(C)(O)CC)nc3c2ncn3C(C)C)cc1,6.698970004336019,True,<rdkit.Chem.rdchem.Mol object at 0x735c78f8cf20>
CHEMBL331906,CDK1,200.0,nM,Oc1cccc(-c2[nH]nc3ncnc(Nc4cccc(Cl)c4)c23)c1,6.698970004336019,True,<rdkit.Chem.rdchem.Mol object at 0x735c78f8ee30>
CHEMBL103115,CDK1,200.0,nM,NS(=O)(=O)c1ccc(Nc2cc(-c3ccc(O)c(F)c3)n[nH]2)cc1,6.698970004336019,True,<rdkit.Chem.rdchem.Mol object at 0x735c78f8c4a0>
CHEMBL2035046,CDK2,200.0,nM,C1=C/COCc2cncc(c2)-c2ccnc(n2)Nc2cccc(c2)COC/1,6.698970004336019,True,<rdkit.Chem.rdchem.Mol object at 0x735c78f8f530>
CHEMBL23317,CDK1,200.0,nM,CCC(C)(O)C#Cc1nc(Nc2ccc(OC)cc2)c2ncn(C(C)C)c2n1,6.698970004336019,True,<rdkit.Chem.rdchem.Mol object at 0x735c78f8fca0>
CHEMBL134080,CDK1,200.0,nM,CC(C)n1cnc2c(NCc3ccccc3)nc(C#CCCCO)nc21,6.698970004336019,True,<rdkit.Chem.rdchem.Mol object at 0x735c78f8e420>
CHEMBL6050764,CDK9,200.0,nM,CS(=O)(=O)CCn1nnc2ccc(-c3cc(NC(=O)[C@@H]4CCCNC4)ncc3Cl)cc21,6.698970004336019,True,<rdkit.Chem.rdchem.Mol object at 0x735c78f8dd20>
CHEMBL26513,CDK1,200.0,nM,CCC(C)(O)C#Cc1nc(Nc2ccc(Cl)c(Cl)c2)c2ncn(C(C)C)c2n1,6.698970004336019,True,<rdkit.Chem.rdchem.Mol object at 0x735c78f8ec00>
CHEMBL26564,CDK1,200.0,nM,CCC(C)(O)C#Cc1nc(NCc2ccccc2)c2ncn(C(C)C)c2n1,6.698970004336019,True,<rdkit.Chem.rdchem.Mol object at 0x735c78f8daf0>
CHEMBL3648097,CDK1,200.0,nM,CCOc1nc(Nc2ccc(S(=N)(=O)CC)cc2)ncc1Br,6.698970004336019,True,<rdkit.Chem.rdchem.Mol object at 0x735c78f8e650>
CHEMBL272946,CDK1,200.0,nM,O=C1NC(=O)c2c1c(-c1ccccc1Cl)cc1[nH]c3cc(CCCCN4CCCC4)c(O)cc3c21,6.698970004336019,True,<rdkit.Chem.rdchem.Mol object at 0x735c78f8cf90>
CHEMBL388956,CDK1,200.0,nM,COc1c(O)cc2c3c(cc4ccc(O)cc4c13)NC2=O,6.698970004336019,True,<rdkit.Chem.rdchem.Mol object at 0x735c78f8ece0>
CHEMBL5892230,CDK9,200.0,nM,O=C(Cn1ccc2ncc(-c3cc(NC(=O)[C@@H]4CCCNC4)ncc3Cl)cc21)c1cccc(F)c1,6.698970004336019,True,<rdkit.Chem.rdchem.Mol object at 0x735c78f8fed0>
CHEMBL496779,CDK4,200.0,nM,C=Cc1ccc2c(-c3ccnc(NC4CC4)n3)cnn2n1,6.698970004336019,True,<rdkit.Chem.rdchem.Mol object at 0x735c78f8cc10>
CHEMBL5899518,CDK9,200.0,nM,Cn1cnc2ccc(-c3ccnc(NC(=O)[C@@H]4CCCNC4)c3)cc21,6.698970004336019,True,<rdkit.Chem.rdchem.Mol object at 0x735c78f8d5b0>
CHEMBL1964258,CDK1,200.0,nM,O=C1Nc2ccc3ncsc3c2/C1=C/Nc1ccc(CS(=O)(=O)NCCO)cc1,6.698970004336019,True,<rdkit.Chem.rdchem.Mol object at 0x735c78f8f0d0>
CHEMBL5570663,CDK1,201.0,nM,Cn1cc(S(=O)(=O)N2CCC(Nc3ncc(C(F)(F)F)c(-c4cnn(CC(F)(F)F)c4)n3)CC2)cn1,6.696803942579511,True,<rdkit.Chem.rdchem.Mol object at 0x735c78f8c270>
CHEMBL3668551,CDK9,201.0,nM,CNC(=O)N1CC2C=C(c3cc4c(-c5cc(F)ccc5OC)c(F)cnc4[nH]3)CC2C1,6.696803942579511,True,<rdkit.Chem.rdchem.Mol object at 0x735c78f8fa70>
CHEMBL3895782,CDK2,202.0,nM,O=C1NCC2(CCCCC2)n2c1cc1cnc(Nc3ccc(C(=O)N4CCN(C5CCC5)CC4)cn3)nc12,6.694648630553376,True,<rdkit.Chem.rdchem.Mol object at 0x735c78f8d700>
CHEMBL2403085,CDK1,202.0,nM,NC1CCC(Nc2nc(NCc3ccc(-c4ccoc4)cc3)c3ncn(C4CCCC4)c3n2)CC1,6.694648630553376,True,<rdkit.Chem.rdchem.Mol object at 0x735c78f8e1f0>
CHEMBL3702115,CDK4,203.0,nM,Fc1nccc2c3cnc(Nc4ccc(CN5CCNCC5)cn4)nc3n(C3CCCC3)c12,6.692503962086787,True,<rdkit.Chem.rdchem.Mol object at 0x735c78f8c2e0>
CHEMBL5090931,CDK6,204.0,nM,Cc1nc2ccc(-c3nc(Nc4ccc(N5CCNCC5)cn4)ncc3F)cc2nc1C,6.690369832574101,True,<rdkit.Chem.rdchem.Mol object at 0x735c78f8d620>
CHEMBL312018,CDK2,204.0,nM,O=C1Nc2ccc(F)c3ccc(-c4ccc[nH]4)c1c23,6.690369832574101,True,<rdkit.Chem.rdchem.Mol object at 0x735c78f8cb30>
CHEMBL5555560,CDK2,206.7,nM,CCC(=O)Nc1ccc(CNc2nc(NC(CO)CO)nc3c(C(C)C)cnn23)cc1,6.684659523372712,True,<rdkit.Chem.rdchem.Mol object at 0x735c78f8dd90>
CHEMBL5774696,CDK2,207.0,nM,Cc1nc2c(F)cc(-c3nc(Nc4ccc5c(n4)CCN(C[C@H](C)N)C5)ncc3F)cc2n1C1CC1,6.684029654543082,True,<rdkit.Chem.rdchem.Mol object at 0x735c78f8c120>
CHEMBL5964675,CDK1,208.0,nM,Cc1nc2c(F)cc(-c3nc(Nc4ccc5c(n4)CCN(C[C@H]4CNCCO4)C5)ncc3F)cc2n1C(C)(C)C,6.681936665037238,True,<rdkit.Chem.rdchem.Mol object at 0x735c78f8e6c0>
CHEMBL5897984,CDK1,208.0,nM,Cc1nc2c(F)cc(-c3nc(Nc4ccc5c(n4)CCN(C[C@H]4CNCCO4)C5)ncc3F)cc2n1C(C)C,6.681936665037238,True,<rdkit.Chem.rdchem.Mol object at 0x735c78f8cac0>
CHEMBL5558178,CDK6,208.9,nM,CC(C)n1nnc2ccc(-c3ccnc(Nc4cc(C(=O)N5CCCN(C)CC5)ccn4)c3)cc21,6.680061560019691,True,<rdkit.Chem.rdchem.Mol object at 0x735c78f8c430>
CHEMBL5976517,CDK1,209.0,nM,Cc1nc2c(F)cc(-c3nc(Nc4ccc5c(n4)CCN(CC#CCN(C)C)C5)ncc3F)cc2n1C(C)C,6.679853713888946,True,<rdkit.Chem.rdchem.Mol object at 0x735c78f8f060>
CHEMBL445813,CDK1,210.0,nM,O=C(NC1CCNCC1)c1n[nH]cc1NC(=O)c1c(Cl)cccc1Cl,6.6777807052660805,True,<rdkit.Chem.rdchem.Mol object at 0x735c78f8d150>
CHEMBL72461,CDK2,210.0,nM,Cc1nc2ccccn2c1-c1ccnc(Nc2ccccc2)n1,6.6777807052660805,True,<rdkit.Chem.rdchem.Mol object at 0x735c78f8e730>
CHEMBL2158859,CDK1,210.0,nM,CNC(=O)Nc1ccc(-c2cc(-c3ccnc(Nc4cccc(S(=O)(=O)NC)c4)n3)ccn2)cc1,6.6777807052660805,True,<rdkit.Chem.rdchem.Mol object at 0x735c78f8c820>
CHEMBL5862699,CDK9,210.0,nM,O=C(Nc1cc(-c2ccc3c(c2)N(Cc2cncnc2)CC3)c(Cl)cn1)C1CCCNC1,6.6777807052660805,True,<rdkit.Chem.rdchem.Mol object at 0x735c78f8fd80>
CHEMBL3085238,CDK1,210.0,nM,COc1ccc(CNc2nc(N3CCC[C@@H]3CO)nc3c2ncn3C(C)C)cc1,6.6777807052660805,True,<rdkit.Chem.rdchem.Mol object at 0x735c78f8fbc0>
CHEMBL5962065,CDK9,210.0,nM,O=C(Nc1cc(-c2ccc3c(c2)N(Cc2cnc4c(c2)OCCO4)CC3)c(Cl)cn1)C1CCCNC1,6.6777807052660805,True,<rdkit.Chem.rdchem.Mol object at 0x735c78f8d070>
CHEMBL6011730,CDK9,210.0,nM,O=C(Nc1cc(-c2ccc3c(c2)N(CC(=O)N2CCOCC2)CC3)c(Cl)cn1)C1CCCNC1,6.6777807052660805,True,<rdkit.Chem.rdchem.Mol object at 0x735c78f8f920>
CHEMBL457888,CDK4,210.0,nM,Cc1ncc(-c2ccnc(Nc3ccc(S(=O)(=O)CCCN4CCOCC4)cc3)n2)n1C(C)C,6.6777807052660805,True,<rdkit.Chem.rdchem.Mol object at 0x735c78f8f8b0>
CHEMBL3905910,CDK6,210.0,nM,CN1CC[C@@H](c2c(O)cc(O)c3c(=O)cc(-c4ccc(C(F)(F)F)cc4Cl)oc23)[C@@H]1CO,6.6777807052660805,True,<rdkit.Chem.rdchem.Mol object at 0x735c78f8f840>
CHEMBL3589673,CDK9,210.0,nM,COc1ccc2nc(C(=O)O)c3c4cccc(Cl)c4[nH]c3c2c1,6.6777807052660805,True,<rdkit.Chem.rdchem.Mol object at 0x735c78f8f7d0>
CHEMBL6165726,CDK1,211.0,nM,Cc1ccc(O)c(C)c1-n1c(N)c(C(N)=O)c2c(=O)n(CC#N)c(C)nc21,6.675717544702307,True,<rdkit.Chem.rdchem.Mol object at 0x735c78f8f760>
CHEMBL3641922,CDK4,211.0,nM,C[C@H]1CN(c2ccc(Nc3ncc4c5ccncc5n([C@H]5CCC[C@H]5O)c4n3)nn2)CCN1,6.675717544702307,True,<rdkit.Chem.rdchem.Mol object at 0x735c78f8f610>
CHEMBL6014795,CDK2,212.0,nM,Cc1nc2c(F)cc(-c3nc(Nc4ccc5c(n4)CCN(C(=O)C4CCCN4)C5)ncc3F)cc2n1C1CC1,6.673664139071248,True,<rdkit.Chem.rdchem.Mol object at 0x735c78f8f4c0>
CHEMBL6038282,CDK2,212.0,nM,Cc1nc2c(F)cc(-c3nc(Nc4ccc5c(n4)CCN(C(=O)[C@@H]4CCCN4)C5)ncc3F)cc2n1C1CC1,6.673664139071248,True,<rdkit.Chem.rdchem.Mol object at 0x735c78f8f370>
CHEMBL1568996,CDK9,214.0,nM,CCCCNc1nc(N)nc(-c2cc(Cl)ccc2O)n1,6.669586226650809,True,<rdkit.Chem.rdchem.Mol object at 0x735c78f8f300>
CHEMBL609040,CDK1,214.0,nM,O=C1Nc2cc3c(O)cccc3c3c4c(cc1c23)OCO4,6.669586226650809,True,<rdkit.Chem.rdchem.Mol object at 0x735c78f8ef80>
CHEMBL5555057,CDK2,214.4,nM,CC(=O)Nc1ccc(CNc2nc(NC3CCCNC3)nc3c(C(C)C)cnn23)cc1,6.668775218979268,True,<rdkit.Chem.rdchem.Mol object at 0x735c78f8ed50>
CHEMBL5778621,CDK9,215.0,nM,CC(=O)N[C@H]1CCC[C@H](C(=O)Nc2cc(-c3cnn4c3CCCC4)c(Cl)cn2)C1,6.667561540084394,True,<rdkit.Chem.rdchem.Mol object at 0x735c78f8e9d0>
CHEMBL2403098,CDK1,215.0,nM,OC1CCC(Nc2nc(NCc3ccc(-c4ccco4)nc3)c3ncn(C4CCCC4)c3n2)CC1,6.667561540084394,True,<rdkit.Chem.rdchem.Mol object at 0x735c78f8e960>
CHEMBL3641943,CDK4,216.0,nM,C[C@H](CO)n1c2cnccc2c2cnc(Nc3ccc(N4CCC(N(C)C)CC4)nn3)nc21,6.665546248849069,True,<rdkit.Chem.rdchem.Mol object at 0x735c78f8e880>
CHEMBL3698678,CDK6,218.0,nM,Oc1cc2c3cnc(Nc4ccc(N5CCNCC5)cn4)nc3n(C3CCCC3)c2cn1,6.661543506395395,True,<rdkit.Chem.rdchem.Mol object at 0x735c78f8e810>
CHEMBL3641946,CDK4,218.0,nM,C[C@H](CO)n1c2cnccc2c2cnc(Nc3ccc(N4CCNC(C)(C)C4)nn3)nc21,6.661543506395395,True,<rdkit.Chem.rdchem.Mol object at 0x735c78f8e7a0>
CHEMBL5413586,CDK9,219.0,nM,O=C(Cn1cc(Br)c(=O)n(CC(=O)Nc2ccc(Br)cn2)c1=O)Nc1ccc(Br)cn1,6.6595558851598815,True,<rdkit.Chem.rdchem.Mol object at 0x735c78f8c970>
CHEMBL3641950,CDK4,219.0,nM,O[C@@H]1CCN(c2ccc(Nc3ncc4c5ccncc5n([C@@H]5CCOC5)c4n3)nn2)C1,6.6595558851598815,True,<rdkit.Chem.rdchem.Mol object at 0x735c78f8d0e0>
CHEMBL5744310,CDK9,220.0,nM,O=C(Nc1cc(-c2cc(F)c3ncn(CC4CCOCC4)c3c2)c(Cl)cn1)[C@@H]1CCCNC1,6.657577319177793,True,<rdkit.Chem.rdchem.Mol object at 0x735c78f8e5e0>
CHEMBL3953160,CDK2,220.0,nM,COc1cc(F)ccc1-c1nc(Nc2cc(C)cc(CS(C)(=O)=NC#N)c2)ncc1F,6.657577319177793,True,<rdkit.Chem.rdchem.Mol object at 0x735c78f8e3b0>
CHEMBL6049394,CDK9,220.0,nM,N[C@H]1CC[C@H](Nc2cc(-c3ccc4ncn(Cc5cccc(F)c5)c4c3)c(Cl)cn2)CC1,6.657577319177793,True,<rdkit.Chem.rdchem.Mol object at 0x735c78f8e340>
CHEMBL412097,CDK1,220.0,nM,C/C(Nc1ccc(S(N)(=O)=O)cc1)=C1/C(=O)Nc2ccc(Cl)cc21,6.657577319177793,True,<rdkit.Chem.rdchem.Mol object at 0x735c78f8e180>
CHEMBL5784717,CDK9,220.0,nM,O=C(Nc1cc(-c2ccc3ncn(CC4CCOCC4)c3c2)c(Cl)cn1)[C@@H]1C[C@H]2CN[C@@H]1C2,6.657577319177793,True,<rdkit.Chem.rdchem.Mol object at 0x735c78f8e110>
CHEMBL1922120,CDK2,220.0,nM,CCC(O)[C@@H](CC)Nc1nc(NCc2cccnc2)c2ncn(C(C)C)c2n1,6.657577319177793,True,<rdkit.Chem.rdchem.Mol object at 0x735c78f8df50>
CHEMBL1800458,CDK1,220.0,nM,Nc1nc(-c2cc(N3C[C@H](O)[C@@H](O)C3)ccc2O)cc(C2CCCNC2)n1,6.657577319177793,True,<rdkit.Chem.rdchem.Mol object at 0x735c78f8de70>
CHEMBL3962241,CDK2,220.0,nM,COc1cc(F)ccc1-c1nc(Nc2cc(F)cc(CS(C)(=N)=O)c2)ncc1F,6.657577319177793,True,<rdkit.Chem.rdchem.Mol object at 0x735c78f8dc40>
CHEMBL322568,CDK1,220.0,nM,CSc1ccc(Nc2nc(N)c(N=O)c(OCC3CCCCC3)n2)cc1,6.657577319177793,True,<rdkit.Chem.rdchem.Mol object at 0x735c78f8dbd0>
CHEMBL4077967,CDK2,220.0,nM,CN(C)Cc1ccc2ccc(Cl)c(C3=C(c4cn(C)c5ccccc45)C(=O)NC3=O)c2c1,6.657577319177793,True,<rdkit.Chem.rdchem.Mol object at 0x735c78f8da80>
CHEMBL5419652,CDK2,220.0,nM,N#Cc1ccc(Nc2nccc(C(=O)Nc3cnccc3-c3ccc(F)cc3)n2)cc1,6.657577319177793,True,<rdkit.Chem.rdchem.Mol object at 0x735c78f8cdd0>
CHEMBL1080583,CDK1,220.0,nM,CCC(CO)Nc1nc(Nc2cccc(-c3ccccn3)c2)c2ncn(C(C)C)c2n1,6.657577319177793,True,<rdkit.Chem.rdchem.Mol object at 0x735c78f8d930>
CHEMBL5842602,CDK9,220.0,nM,O=C(Nc1cc(-c2ccc3ncn(CC4CCOCC4)c3c2)c(Cl)cn1)C1CCc2nccn2C1,6.657577319177793,True,<rdkit.Chem.rdchem.Mol object at 0x735c78f8d8c0>
CHEMBL418203,CDK2,220.0,nM,CN1CCC(c2c(O)cc(O)c3c(=O)cc(-c4ccccc4Cl)oc23)[C@@H](O)C1,6.657577319177793,True,<rdkit.Chem.rdchem.Mol object at 0x735c78f8d690>
CHEMBL3944304,CDK2,220.0,nM,COc1cc(F)ccc1-c1nc(Nc2cccc(CS(=O)(=NC#N)C3CC3)c2)ncc1F,6.657577319177793,True,<rdkit.Chem.rdchem.Mol object at 0x735c78f8d2a0>
CHEMBL563366,CDK2,220.0,nM,CNC(=O)c1nn(C)c2c1C(C)(C)Cc1cnc(Nc3cccc(N(C)C)c3)nc1-2,6.657577319177793,True,<rdkit.Chem.rdchem.Mol object at 0x735c78f8d230>
CHEMBL102636,CDK2,220.0,nM,COc1ccc(Nc2nc(N)c(N=O)c(OCC3CCCCC3)n2)cc1,6.657577319177793,True,<rdkit.Chem.rdchem.Mol object at 0x735c78f8d1c0>
CHEMBL5932825,CDK1,222.0,nM,Cc1nc2c(F)cc(-c3nc(Nc4ccc5c(n4)CCN(C(=O)CN(C)C)C5)ncc3F)cc2n1C1CC1,6.653647025549361,True,<rdkit.Chem.rdchem.Mol object at 0x735c78f8d000>
CHEMBL5093661,CDK9,222.0,nM,Cc1nc2ccc(-c3cc(N)nc(N)c3)nc2n1CCOc1cccc(Cl)n1,6.653647025549361,True,<rdkit.Chem.rdchem.Mol object at 0x735c78f8ccf0>
CHEMBL6007400,CDK9,223.0,nM,Cc1nc2c(F)cc(-c3nc(Nc4ccc5c(n4)CCN(C[C@@H](C)N(C)C)C5)ncc3F)cc2n1C1CC1,6.651695136951839,True,<rdkit.Chem.rdchem.Mol object at 0x735c78f8cba0>
CHEMBL1230170,CDK4,223.0,nM,CC(C)c1n[nH]c(Cl)c1-c1ccnc(Nc2ccc(N3CCNCC3)cn2)n1,6.651695136951839,True,<rdkit.Chem.rdchem.Mol object at 0x735c78f8c890>
CHEMBL112442,CDK2,224.0,nM,CCCC(=O)Nc1cc(C2CC2)[nH]n1,6.649751981665837,True,<rdkit.Chem.rdchem.Mol object at 0x735c78f8c740>
CHEMBL5562769,CDK1,225.0,nM,CNCc1ccc(-n2cc(-c3nc(NC4CCN(S(C)(=O)=O)CC4)ncc3C#N)cn2)c(Cl)c1,6.647817481888637,True,<rdkit.Chem.rdchem.Mol object at 0x735c78f8c660>
CHEMBL3641945,CDK4,227.0,nM,C[C@H](CO)n1c2cnccc2c2cnc(Nc3ccc(N4CCN[C@@H](C)C4)nn3)nc21,6.6439741428068775,True,<rdkit.Chem.rdchem.Mol object at 0x735c78f8c3c0>
CHEMBL524629,CDK2,229.0,nM,CC(C)(C)c1cnc(CSc2cnc(NCC3CCNCC3)s2)o1,6.6401645176601125,True,<rdkit.Chem.rdchem.Mol object at 0x735c78f8e260>
CHEMBL5848341,CDK9,230.0,nM,CC(c1cccnc1)n1nnc2ccc(-c3cc(NC(=O)[C@@H]4CCCNC4)ncc3Cl)cc21,6.638272163982407,True,<rdkit.Chem.rdchem.Mol object at 0x735c78f8fae0>
CHEMBL422759,CDK1,230.0,nM,CCC(C)(O)C#Cc1nc(NCc2ccc(OC)cc2)c2ncn(C(C)C)c2n1,6.638272163982407,True,<rdkit.Chem.rdchem.Mol object at 0x735c78f8c5f0>
CHEMBL6023787,CDK9,230.0,nM,CN(C)S(=O)(=O)NCC(=O)Nc1cc(-c2ccc3ncn(CC4CCOCC4)c3c2)c(Cl)cn1,6.638272163982407,True,<rdkit.Chem.rdchem.Mol object at 0x735c78f8fe60>
CHEMBL5978806,CDK9,230.0,nM,NC(=O)C1(C(=O)Nc2cc(-c3ccc4ncn(Cc5cccc(F)c5)c4c3)c(Cl)cn2)CC1,6.638272163982407,True,<rdkit.Chem.rdchem.Mol object at 0x735c78f8f220>
CHEMBL3972845,CDK9,230.0,nM,CN1c2ccc(F)cc2-c2ccnc3[nH]c(C4=CCNCC4)c(c23)C1c1cnn(C)c1,6.638272163982407,True,<rdkit.Chem.rdchem.Mol object at 0x735c78f8de00>
CHEMBL2035049,CDK2,230.0,nM,C1=C/Cn2ccc3ccc(cc32)-c2ccnc(n2)Nc2ccc(OCCN3CCCC3)c(c2)COC/1,6.638272163982407,True,<rdkit.Chem.rdchem.Mol object at 0x735c78f8f140>
CHEMBL175143,CDK1,230.0,nM,CCn1cnc2c(Nc3cccc(OC)c3)nc(N[C@@H]3CCCC[C@@H]3N)nc21,6.638272163982407,True,<rdkit.Chem.rdchem.Mol object at 0x735c78f8ce40>
CHEMBL133342,CDK9,230.0,nM,CC[C@@H](CO)Nc1nc(NCc2ccccc2)c2ncn(C(C)C)c2n1,6.638272163982407,True,<rdkit.Chem.rdchem.Mol object at 0x735c78f8ef10>
CHEMBL14762,CDK9,230.0,nM,CC[C@H](CO)Nc1nc(NCc2ccccc2)c2ncn(C(C)C)c2n1,6.638272163982407,True,<rdkit.Chem.rdchem.Mol object at 0x735c78f8dee0>
CHEMBL516003,CDK2,230.0,nM,O=C(Nc1ccccc1F)Nc1c[nH]nc1-c1nc2cc(CN3CCOCC3)ccc2[nH]1,6.638272163982407,True,<rdkit.Chem.rdchem.Mol object at 0x735c78f8f1b0>
CHEMBL291324,CDK4,230.0,nM,Nc1nc(N)c(N=O)c(=O)[nH]1,6.638272163982407,True,<rdkit.Chem.rdchem.Mol object at 0x735c78f8f450>
CHEMBL3914748,CDK9,230.0,nM,CN1Cc2c(C3=CCN(C(=O)OC(C)(C)C)CC3)[nH]c3nccc(c23)-c2cc(F)ccc21,6.638272163982407,True,<rdkit.Chem.rdchem.Mol object at 0x735c78f8cd60>
CHEMBL102636,CDK1,230.0,nM,COc1ccc(Nc2nc(N)c(N=O)c(OCC3CCCCC3)n2)cc1,6.638272163982407,True,<rdkit.Chem.rdchem.Mol object at 0x735c78f8dcb0>
CHEMBL251796,CDK2,230.0,nM,Cc1ccc(Sc2cnc(Nc3cccc(Br)n3)s2)cc1C(=O)N1CCN(C(=O)[C@@H](C)N)CC1,6.638272163982407,True,<rdkit.Chem.rdchem.Mol object at 0x735c78f8d380>
CHEMBL5175160,CDK2,230.0,nM,CNS(=O)(=O)c1ccc(Nc2ncc3c(n2)N([C@H]2CCC[C@@H]2C)C(=O)C32CC2)cc1,6.638272163982407,True,<rdkit.Chem.rdchem.Mol object at 0x735c78f8d310>
CHEMBL519715,CDK2,230.0,nM,COc1cc(Nc2ncc3c(C)nc(-c4ccccc4)n3n2)cc(OC)c1OC,6.638272163982407,True,<rdkit.Chem.rdchem.Mol object at 0x735c78f8c350>
CHEMBL2158862,CDK1,230.0,nM,CNC(=O)Nc1ccc(-c2cc(-c3ccnc(Nc4ccc(C)c(S(=O)(=O)NC)c4)n3)ccn2)cc1,6.638272163982407,True,<rdkit.Chem.rdchem.Mol object at 0x735c78f8c190>
CHEMBL5785822,CDK9,230.0,nM,CS(=O)(=O)c1ccc(CN2CCc3ccc(-c4cc(NC(=O)C5CCCNC5)ncc4Cl)cc32)cc1F,6.638272163982407,True,<rdkit.Chem.rdchem.Mol object at 0x735c78f8c0b0>
CHEMBL4208875,CDK1,230.7,nM,CCN1CCC(Oc2cnc(Nc3cc(-c4cc(F)c5nc(C)n(C(C)C)c5c4)ncn3)cn2)CC1,6.636952405478906,True,<rdkit.Chem.rdchem.Mol object at 0x735c78f8c040>
CHEMBL4756595,CDK2,231.0,nM,COc1cc(F)ccc1-c1cc(Nc2cc(CS(C)(=N)=O)ccn2)ncc1F,6.636388020107855,True,<rdkit.Chem.rdchem.Mol object at 0x735c78f77060>
CHEMBL6038282,CDK1,232.0,nM,Cc1nc2c(F)cc(-c3nc(Nc4ccc5c(n4)CCN(C(=O)[C@@H]4CCCN4)C5)ncc3F)cc2n1C1CC1,6.634512015109101,True,<rdkit.Chem.rdchem.Mol object at 0x735c78f75e70>
CHEMBL2402952,CDK1,232.0,nM,NC1CCC(Nc2nc(NCc3ccc(-c4ccccc4)cc3)c3ncn(C4CCCC4)c3n2)CC1,6.634512015109101,True,<rdkit.Chem.rdchem.Mol object at 0x735c78f778b0>
CHEMBL4449998,CDK2,232.0,nM,Cc1nc2c(F)cc(-c3nc(Nc4ccc5c(n4)CCN(CCN(C)C)C5)ncc3F)cc2n1CC1CC1,6.634512015109101,True,<rdkit.Chem.rdchem.Mol object at 0x735c78f76a40>
CHEMBL3822583,CDK2,232.0,nM,CC(=O)N1CCC(n2ncc(Nc3ncc(Cl)c(-c4cnc5ccccn45)n3)c2C)CC1,6.634512015109101,True,<rdkit.Chem.rdchem.Mol object at 0x735c78f774c0>
CHEMBL5202522,CDK2,233.0,nM,Nc1nc(N[C@H]2CC3CCC2C3)sc1C(=O)c1ccccc1[N+](=O)[O-],6.632644078973981,True,<rdkit.Chem.rdchem.Mol object at 0x735c78f77300>
CHEMBL3702163,CDK4,233.0,nM,COc1ccc(-c2ccc(Nc3ncc4c5ccncc5n(C5CCCC5)c4n3)nn2)cn1,6.632644078973981,True,<rdkit.Chem.rdchem.Mol object at 0x735c78f76730>
CHEMBL5396524,CDK6,235.0,nM,Sc1nnc(-c2c[nH]c3ccccc23)n1/N=C/c1ccc(Cl)cc1,6.628932137728263,True,<rdkit.Chem.rdchem.Mol object at 0x735c78f76ab0>
CHEMBL6141840,CDK2,235.5,nM,COCCN1CCC(c2cc3c(-c4cnn(CC5CC5)c4)c(Cl)cnc3[nH]2)CC1,6.6280090885350855,True,<rdkit.Chem.rdchem.Mol object at 0x735c78f74510>
CHEMBL477038,CDK2,237.0,nM,Cn1cc(C2=C(c3coc4cc(CO)ccc34)C(=O)NC2=O)c2cc(F)ccc21,6.625251653989896,True,<rdkit.Chem.rdchem.Mol object at 0x735c78f747b0>
CHEMBL3698677,CDK4,237.0,nM,COc1cc2c3cnc(Nc4ccc(N5CCNCC5)cn4)nc3n(C3CCCC3)c2cn1,6.625251653989896,True,<rdkit.Chem.rdchem.Mol object at 0x735c78f74270>
CHEMBL3641954,CDK4,238.0,nM,O[C@@H]1CCN(c2ccc(Nc3ncc4c5ccncc5n([C@H]5CCOC5)c4n3)nc2)C1,6.623423042943488,True,<rdkit.Chem.rdchem.Mol object at 0x735c78f75380>
CHEMBL5407116,CDK2,239.7,nM,S=C(Nc1ccccc1)N1CCN(c2nnc(Cc3ccccc3)c3ccccc23)CC1,6.620331965966346,True,<rdkit.Chem.rdchem.Mol object at 0x735c78f77ca0>
CHEMBL225519,CDK2,240.0,nM,O=C1NCCc2[nH]c(-c3ccncc3)cc21,6.619788758288394,True,<rdkit.Chem.rdchem.Mol object at 0x735c78f757e0>
CHEMBL5170195,CDK2,240.0,nM,COc1cc(F)ccc1-c1ccnc2[nH]c(-c3ccc(CN4CCOCC4)cc3)cc12,6.619788758288394,True,<rdkit.Chem.rdchem.Mol object at 0x735c78f75fc0>
CHEMBL3673495,CDK9,240.0,nM,Fc1cccc(-c2ccnc3[nH]c(C4=CCNCC4)cc23)n1,6.619788758288394,True,<rdkit.Chem.rdchem.Mol object at 0x735c78f753f0>
CHEMBL100309,CDK1,240.0,nM,O=C1Cc2c([nH]c3ccc(C(F)(F)F)cc23)-c2cc(Br)ccc2N1,6.619788758288394,True,<rdkit.Chem.rdchem.Mol object at 0x735c78f76f10>
CHEMBL3960348,CDK2,240.0,nM,COc1cc(F)ccc1-c1nc(Nc2cccc(CS(C)(=O)=NC#N)c2)ncc1F,6.619788758288394,True,<rdkit.Chem.rdchem.Mol object at 0x735c78f76b20>
CHEMBL5856464,CDK9,240.0,nM,N[C@H]1CC[C@H](Nc2cc(-c3ccc4c(c3)N(Cc3cccc(F)c3)CC4)c(Cl)cn2)CC1,6.619788758288394,True,<rdkit.Chem.rdchem.Mol object at 0x735c78f75af0>
CHEMBL5414905,CDK9,240.0,nM,CCc1cnn2c(NCc3nc4ccc(F)c(F)c4[nH]3)cc(N3CCCC[C@H]3CCO)nc12,6.619788758288394,True,<rdkit.Chem.rdchem.Mol object at 0x735c78f77e60>
CHEMBL103055,CDK1,240.0,nM,CCN1CCOCCn2cc(c3ccccc32)C2=C(C(=O)NC2=O)c2cn(c3ccccc23)CCOCC1,6.619788758288394,True,<rdkit.Chem.rdchem.Mol object at 0x735c78f77c30>
CHEMBL2029902,CDK1,240.0,nM,CN1CCN(C(=O)c2cc(Nc3ncc4ccn(C5CCCC5)c4n3)cn2C)CC1,6.619788758288394,True,<rdkit.Chem.rdchem.Mol object at 0x735c78f77f40>
CHEMBL3641968,CDK4,240.0,nM,C[C@H](O)Cn1c2cnccc2c2cnc(Nc3ccc(N4CCC(N(C)C)CC4)nn3)nc21,6.619788758288394,True,<rdkit.Chem.rdchem.Mol object at 0x735c78f77a00>
CHEMBL5773394,CDK9,240.0,nM,Fc1cccc(Cn2cnc3ccc(-c4cc(NCCC5CCN5)ncc4Cl)cc32)c1,6.619788758288394,True,<rdkit.Chem.rdchem.Mol object at 0x735c78f771b0>
CHEMBL3774632,CDK9,240.0,nM,CC(O)CNc1nc(NCc2ccc(-c3ccccn3)cc2)c2[nH]nc(C(C)C)c2n1,6.619788758288394,True,<rdkit.Chem.rdchem.Mol object at 0x735c78f75700>
CHEMBL5812991,CDK1,242.0,nM,CN1CCN(C(=O)c2ccc(Nc3ncc4cc5n(c4n3)C3(CCCCC3)C(=O)NN5)cc2)CC1,6.616184634019569,True,<rdkit.Chem.rdchem.Mol object at 0x735c78f74a50>
CHEMBL3683258,CDK6,242.6,nM,CN[C@@H]1CC2OC([C@@H]1OC)n1c3ccccc3c3c4c(c5c6ccccc6n2c5c31)C(=O)NC4,6.615109203469446,True,<rdkit.Chem.rdchem.Mol object at 0x735c78f77a70>
CHEMBL4214566,CDK6,244.1,nM,CCN1CCN(Cc2ccc(Nc3ncc(F)c(-c4cc(F)c5nc6n(c5c4)CCC6)n3)nc2)CC1,6.612432220582811,True,<rdkit.Chem.rdchem.Mol object at 0x735c78f759a0>
CHEMBL5594512,CDK9,246.8,nM,CC(C)S(=O)(=O)c1ccccc1Nc1nc([C@@H]2CCC[C@H](N)C2)ncc1Cl,6.607654844638796,True,<rdkit.Chem.rdchem.Mol object at 0x735c78f745f0>
CHEMBL482368,CDK2,247.0,nM,COc1cc(-c2ccc3c(-c4nc5c(N6CCN(C)CC6)cccc5[nH]4)n[nH]c3c2)ccc1N,6.607303046740334,True,<rdkit.Chem.rdchem.Mol object at 0x735c78f77680>
CHEMBL5574741,CDK1,247.0,nM,Cn1cnc(S(=O)(=O)N2CCC(Nc3ncc(C#N)c(-c4cnn(CC(F)(F)F)c4)n3)CC2)c1,6.607303046740334,True,<rdkit.Chem.rdchem.Mol object at 0x735c78f755b0>
CHEMBL210581,CDK2,247.0,nM,COCCOCC(=O)NS(=O)(=O)c1ccc(Nc2nc(N)n(C(=O)c3c(F)cccc3F)n2)cc1,6.607303046740334,True,<rdkit.Chem.rdchem.Mol object at 0x735c78f75d90>
CHEMBL4204961,CDK6,247.8,nM,CCN1CCN(Cc2ccc(Nc3ncc(F)c(-c4cc(F)c5nc6n(c5c4)CCCCC6)n3)nc2)CC1,6.605898697959955,True,<rdkit.Chem.rdchem.Mol object at 0x735c78f768f0>
CHEMBL560839,CDK2,248.0,nM,CNC(=O)c1nn(C)c2c1C(C)(C)Cc1cnc(Nc3cccc(N4CCOCC4)c3)nc1-2,6.605548319173783,True,<rdkit.Chem.rdchem.Mol object at 0x735c78f751c0>
CHEMBL195831,CDK1,248.0,nM,Brc1cnc(Nc2ccc(Oc3cccnc3)cc2)nc1Nc1ccc2[nH]cnc2c1,6.605548319173783,True,<rdkit.Chem.rdchem.Mol object at 0x735c78f74eb0>
CHEMBL3702230,CDK4,248.0,nM,CC[C@H](C)n1c2cnccc2c2cnc(Nc3ccc(N4CCNCC4)cn3)nc21,6.605548319173783,True,<rdkit.Chem.rdchem.Mol object at 0x735c78f75a80>
CHEMBL5828906,CDK2,249.0,nM,Cc1nc2c(F)cc(-c3nc(Nc4ccc5c(n4)CCN(C[C@@H](C)N)C5)ncc3F)cc2n1C1CC1,6.603800652904264,True,<rdkit.Chem.rdchem.Mol object at 0x735c78f74cf0>
CHEMBL517744,CDK1,250.0,nM,CN(C)CC(O)Cn1c2ccc(O)cc2c2c3c(c(-c4ccccc4Cl)cc21)C(=O)NC3=O,6.6020599913279625,True,<rdkit.Chem.rdchem.Mol object at 0x735c78f74660>
CHEMBL529669,CDK1,250.0,nM,O=C1NC(=O)c2c1c(-c1ccccc1Cl)cc1c2c2cc(O)ccc2n1CCN1CCOCC1,6.6020599913279625,True,<rdkit.Chem.rdchem.Mol object at 0x735c78f77ed0>
CHEMBL401746,CDK1,250.0,nM,CN(C)CCCCc1cc2[nH]c3cc(-c4ccccc4Cl)c4c(c3c2cc1O)C(=O)NC4=O,6.6020599913279625,True,<rdkit.Chem.rdchem.Mol object at 0x735c78f77df0>
CHEMBL304428,CDK1,250.0,nM,O=C1NC(=O)c2c1c1c3ccccc3n3c1c1c2c2ccccc2n1C1CCC3O1,6.6020599913279625,True,<rdkit.Chem.rdchem.Mol object at 0x735c78f77d80>
CHEMBL3673496,CDK9,250.0,nM,CS(=O)(=O)N1CC=C(c2cc3c(-c4cccc(F)n4)ccnc3[nH]2)CC1,6.6020599913279625,True,<rdkit.Chem.rdchem.Mol object at 0x735c78f77d10>
CHEMBL232749,CDK2,250.0,nM,Cc1cc(N2CCCS2(=O)=O)c2oc(-c3ccc(O)cc3)c(O)c(=O)c2c1,6.6020599913279625,True,<rdkit.Chem.rdchem.Mol object at 0x735c78f77bc0>
CHEMBL1081831,CDK1,250.0,nM,N[C@H](CNc1ncc(-c2ccc3c(c2)CC(=O)N3)s1)Cc1ccc(C(F)(F)F)cc1,6.6020599913279625,True,<rdkit.Chem.rdchem.Mol object at 0x735c78f77b50>
CHEMBL562194,CDK1,250.0,nM,C[C@@H]1CNc2c(sc3ccc4oc(-c5ccccc5)cc4c23)C(=O)N1,6.6020599913279625,True,<rdkit.Chem.rdchem.Mol object at 0x735c78f77ae0>
CHEMBL206659,CDK2,250.0,nM,CS(=O)(=O)c1ccc(Nc2cc(N[C@H]3CC[C@H](N)CC3)nc3ncnn23)cc1,6.6020599913279625,True,<rdkit.Chem.rdchem.Mol object at 0x735c78f77990>
CHEMBL173737,CDK1,250.0,nM,CCn1cnc2c(Nc3cccc(F)c3)nc(N[C@@H]3CCCC[C@@H]3N)nc21,6.6020599913279625,True,<rdkit.Chem.rdchem.Mol object at 0x735c78f77920>
CHEMBL5406341,CDK2,250.0,nM,Cn1cc(CCNc2ccc([N+](=O)[O-])cc2C(=O)O)c2ccc(Br)cc21,6.6020599913279625,True,<rdkit.Chem.rdchem.Mol object at 0x735c78f77840>
CHEMBL271715,CDK1,250.0,nM,O=C1NC(=O)c2c1c(-c1ccccc1Cl)cc1c2c2cc(O)c(OCCCN3CCOCC3)cc2n1CCO,6.6020599913279625,True,<rdkit.Chem.rdchem.Mol object at 0x735c78f77760>
CHEMBL5956453,CDK9,250.0,nM,O=C(Nc1cc(-c2cc3c(cc2Cl)ncn3CC2CCOCC2)c(Cl)cn1)[C@@H]1CCCNC1,6.6020599913279625,True,<rdkit.Chem.rdchem.Mol object at 0x735c78f776f0>
CHEMBL495570,CDK4,250.0,nM,Fc1ccc(-c2ccc3c(-c4ccnc(NC5CC5)n4)cnn3n2)cc1,6.6020599913279625,True,<rdkit.Chem.rdchem.Mol object at 0x735c78f77610>
CHEMBL401776,CDK1,250.0,nM,CN(C)CCCOc1cc2c(cc1O)c1c3c(c(-c4ccccc4Cl)cc1n2CCO)C(=O)NC3=O,6.6020599913279625,True,<rdkit.Chem.rdchem.Mol object at 0x735c78f77530>
CHEMBL3668343,CDK9,250.0,nM,COc1ccc(F)cc1-c1ccnc2[nH]c(C3CN(C)CCO3)cc12,6.6020599913279625,True,<rdkit.Chem.rdchem.Mol object at 0x735c78f77450>
CHEMBL556214,CDK2,250.0,nM,Cc1nnc2sc(Cc3sc(N)nc3O)nn12,6.6020599913279625,True,<rdkit.Chem.rdchem.Mol object at 0x735c78f773e0>
CHEMBL460940,CDK1,250.0,nM,CS(=O)(=O)NC(=O)CCn1c2ccc(O)cc2c2c3c(c(-c4ccccc4Cl)cc21)C(=O)NC3=O,6.6020599913279625,True,<rdkit.Chem.rdchem.Mol object at 0x735c78f77290>
CHEMBL5932240,CDK9,250.0,nM,O=C(Nc1cc(-c2ccc3ncn(CC4CCOCC4)c3c2)c(Cl)cn1)C1CCNCC1,6.6020599913279625,True,<rdkit.Chem.rdchem.Mol object at 0x735c78f77220>
CHEMBL1800460,CDK2,250.0,nM,CN(C)c1cc(-c2cc(N3C[C@H](O)[C@@H](O)C3)ccc2O)nc(N)n1,6.6020599913279625,True,<rdkit.Chem.rdchem.Mol object at 0x735c78f77140>
CHEMBL403679,CDK1,250.0,nM,O=C1NC(=O)c2c1c(-c1ccccc1Cl)cc1[nH]c3cc(CCCCN4CCOCC4)c(O)cc3c21,6.6020599913279625,True,<rdkit.Chem.rdchem.Mol object at 0x735c78f770d0>
CHEMBL3949630,CDK2,250.0,nM,COc1cc(F)ccc1-c1nc(Nc2cc(F)cc(CS(=O)(=NC#N)C3CC3)c2)ncc1F,6.6020599913279625,True,<rdkit.Chem.rdchem.Mol object at 0x735c78f76ff0>
CHEMBL417228,CDK2,250.0,nM,COc1ccc2c(c1)/C(=C/c1[nH]cc3c1CCNC3=O)C(=O)N2,6.6020599913279625,True,<rdkit.Chem.rdchem.Mol object at 0x735c78f76f80>
CHEMBL503212,CDK4,250.0,nM,c1csc(-c2ccc3c(-c4ccnc(NC5CC5)n4)cnn3n2)c1,6.6020599913279625,True,<rdkit.Chem.rdchem.Mol object at 0x735c78f76ea0>
CHEMBL4756595,CDK1,250.0,nM,COc1cc(F)ccc1-c1cc(Nc2cc(CS(C)(=N)=O)ccn2)ncc1F,6.6020599913279625,True,<rdkit.Chem.rdchem.Mol object at 0x735c78f76e30>
CHEMBL411662,CDK1,250.0,nM,O=C1NC(=O)c2c1c(-c1ccccc1Cl)cc1c2c2cc(O)ccc2n1CCCO,6.6020599913279625,True,<rdkit.Chem.rdchem.Mol object at 0x735c78f76dc0>
CHEMBL3655772,CDK9,250.0,nM,CC[C@H](Nc1nc(NCc2ccc(C(F)(F)F)nc2)c2ncn(C(C)C)c2n1)[C@@H](C)O,6.6020599913279625,True,<rdkit.Chem.rdchem.Mol object at 0x735c78f76d50>
CHEMBL5783228,CDK9,250.0,nM,N#CC1(Cn2cnc3ccc(-c4cc(NCCO)ncc4Cl)cc32)CCOCC1,6.6020599913279625,True,<rdkit.Chem.rdchem.Mol object at 0x735c78f76c70>
CHEMBL5542095,CDK9,250.3,nM,CC(=O)Nc1ccc(CNc2nc(NC(CO)CO)nc3c(C(C)C)cnn23)cc1,6.601539150391776,True,<rdkit.Chem.rdchem.Mol object at 0x735c78f76c00>
CHEMBL199299,CDK1,251.0,nM,COc1cc(-c2ccc3c(c2)NC(=O)/C3=C\c2ncc[nH]2)ccc1O,6.600326278518962,True,<rdkit.Chem.rdchem.Mol object at 0x735c78f74d60>
CHEMBL5190752,CDK6,251.3,nM,Nc1ccc(Oc2ccc(NC(=O)Nc3cccc(C(F)(F)F)c3)cc2)cn1,6.599807511407424,True,<rdkit.Chem.rdchem.Mol object at 0x735c78f76880>
CHEMBL195595,CDK1,252.0,nM,FC(F)(F)c1cnc(Nc2ccc3[nH]cnc3c2)nc1Oc1ccc(Cl)cc1,6.598599459218455,True,<rdkit.Chem.rdchem.Mol object at 0x735c78f76810>
CHEMBL3823301,CDK2,254.0,nM,CC(=O)N1CCC(n2ncc(Nc3ncc(Cl)c(-c4cnn5ccccc45)n3)c2C)CC1,6.5951662833800615,True,<rdkit.Chem.rdchem.Mol object at 0x735c78f767a0>
CHEMBL6147673,CDK1,254.8,nM,CN1CCC(c2cc3c(-c4cnn(CC5CC5)c4)c(Cl)cnc3[nH]2)CC1,6.593800576336687,True,<rdkit.Chem.rdchem.Mol object at 0x735c78f766c0>
CHEMBL3702137,CDK6,257.0,nM,c1cc2c3cnc(Nc4ccc(N5CCNCC5)cn4)cc3n(Cc3ccsc3)c2cn1,6.590066876668706,True,<rdkit.Chem.rdchem.Mol object at 0x735c78f76570>
CHEMBL3684979,CDK4,257.0,nM,C[C@H]1CC[C@H](n2c3cnccc3c3cnc(Nc4cc5c(cn4)CCNC5)nc32)CC1,6.590066876668706,True,<rdkit.Chem.rdchem.Mol object at 0x735c78f76490>
CHEMBL3641923,CDK4,258.0,nM,CNC1CCN(c2ccc(Nc3ncc4c5ccncc5n([C@H]5CCC[C@H]5O)c4n3)nn2)CC1,6.58838029403677,True,<rdkit.Chem.rdchem.Mol object at 0x735c78f76420>
CHEMBL5093528,CDK6,258.0,nM,CCN(CC)c1cnc2ccc(-c3nc(Nc4ccc(CN5CCN(C(C)C)CC5)cn4)ncc3F)cc2n1,6.58838029403677,True,<rdkit.Chem.rdchem.Mol object at 0x735c78f763b0>
CHEMBL5981230,CDK1,258.0,nM,O=C(c1ccc(Nc2ncc3cc4n(c3n2)C2(CCCCC2)C(=O)NN4)cc1)N1CCOCC1,6.58838029403677,True,<rdkit.Chem.rdchem.Mol object at 0x735c78f762d0>
CHEMBL3641973,CDK4,259.0,nM,C[C@@H](O)Cn1c2cnccc2c2cnc(Nc3ccc(N4CCNCC4)nn3)nc21,6.586700235918748,True,<rdkit.Chem.rdchem.Mol object at 0x735c78f76260>
CHEMBL5880615,CDK9,260.0,nM,O=C(Nc1cc(-c2cnc3ccn(CC(O)C4CCOCC4)c3c2)c(Cl)cn1)[C@@H]1CCCNC1,6.585026652029182,True,<rdkit.Chem.rdchem.Mol object at 0x735c78f761f0>
CHEMBL195641,CDK4,260.0,nM,N#CNc1ccc(Nc2ncc(C(F)(F)F)c(Nc3ccc4[nH]cnc4c3)n2)cc1NC#N,6.585026652029182,True,<rdkit.Chem.rdchem.Mol object at 0x735c78f76180>
CHEMBL6052847,CDK9,260.0,nM,O=C(Nc1cc(-c2ccc3c(c2)NCC3)c(Cl)cn1)[C@@H]1CCCNC1,6.585026652029182,True,<rdkit.Chem.rdchem.Mol object at 0x735c78f76110>
CHEMBL118130,CDK1,260.0,nM,Oc1ccc(-c2[nH]nc3ncnc(Nc4cccc(Cl)c4)c23)cc1,6.585026652029182,True,<rdkit.Chem.rdchem.Mol object at 0x735c78f75620>
CHEMBL5787741,CDK9,260.0,nM,O=C(Nc1cc(-c2ccc3nnn(CCN4CCOCC4)c3c2)c(Cl)cn1)[C@@H]1CCCNC1,6.585026652029182,True,<rdkit.Chem.rdchem.Mol object at 0x735c78f760a0>
CHEMBL6063384,CDK9,260.0,nM,Fc1cccc(Cn2cnc3ccc(-c4cc(NCc5c[nH]cn5)ncc4Cl)cc32)c1,6.585026652029182,True,<rdkit.Chem.rdchem.Mol object at 0x735c78f76030>
CHEMBL1241849,CDK4,260.0,nM,CN(C)CCNS(=O)(=O)c1ccc(Nc2cccc(-c3cnc4ccccn34)c2)cc1,6.585026652029182,True,<rdkit.Chem.rdchem.Mol object at 0x735c78f75f50>
CHEMBL100818,CDK1,260.0,nM,COc1ccc2sc3c(c2c1)NC[C@H](C)NC3=O,6.585026652029182,True,<rdkit.Chem.rdchem.Mol object at 0x735c78f758c0>
CHEMBL382607,CDK2,260.0,nM,N[C@H]1CC[C@H](Nc2cc(Nc3ccc(S(=O)(=O)c4ccccc4)cc3)n3ncnc3n2)CC1,6.585026652029182,True,<rdkit.Chem.rdchem.Mol object at 0x735c78f75c40>
CHEMBL5749275,CDK9,260.0,nM,CCNC(=O)N1CC2(C1)C(C(=O)Nc1cc(-c3ccc4ncn(Cc5cccc(F)c5)c4c3)c(Cl)cn1)CCS2(=O)=O,6.585026652029182,True,<rdkit.Chem.rdchem.Mol object at 0x735c78f75bd0>
CHEMBL5203694,CDK9,260.0,nM,CC(C)Cn1cc(-c2ccnc3[nH]c(C4CCN(CC(=O)N(C)C)CC4)cc23)ccc1=O,6.585026652029182,True,<rdkit.Chem.rdchem.Mol object at 0x735c78f75b60>
CHEMBL72548,CDK4,260.0,nM,CN(C)CCNS(=O)(=O)c1ccc(Nc2nccc(-c3cnc4ccccn34)n2)cc1,6.585026652029182,True,<rdkit.Chem.rdchem.Mol object at 0x735c78f75850>
CHEMBL3673499,CDK9,260.0,nM,CS(=O)(=O)N1CC=C(c2cc3c(-c4cccc(NCC5CC5)n4)ccnc3[nH]2)CC1,6.585026652029182,True,<rdkit.Chem.rdchem.Mol object at 0x735c78f75770>
CHEMBL364935,CDK4,260.0,nM,FC(F)(F)c1cnc(Nc2ccc(Br)cc2)nc1Nc1ccc2[nH]cnc2c1,6.585026652029182,True,<rdkit.Chem.rdchem.Mol object at 0x735c78f75690>
CHEMBL1800453,CDK1,260.0,nM,CCCCCCc1cc(-c2cc(N3C[C@H](O)[C@@H](O)C3)ccc2O)nc(N)n1,6.585026652029182,True,<rdkit.Chem.rdchem.Mol object at 0x735c78f75540>
CHEMBL6166383,CDK1,261.0,nM,C=CCn1c(C)nc2c(c(C(N)=O)c(N)n2-c2c(C)ccc(O)c2C)c1=O,6.583359492661719,True,<rdkit.Chem.rdchem.Mol object at 0x735c78f75460>
CHEMBL3641938,CDK4,261.0,nM,CNC1CCN(c2ccc(Nc3ncc4c5ccncc5n([C@H](C)CO)c4n3)nc2)CC1,6.583359492661719,True,<rdkit.Chem.rdchem.Mol object at 0x735c78f752a0>
CHEMBL5573043,CDK2,263.0,nM,CNCc1ccc(-n2cc(-c3nc(NC4CCN(S(C)(=O)=O)CC4)ncc3C(F)(F)F)cn2)c(Cl)c1,6.580044251510242,True,<rdkit.Chem.rdchem.Mol object at 0x735c78f75230>
CHEMBL3691586,CDK4,264.0,nM,CN(C)C(=O)c1cc2cnc(Nc3ccc(C(=O)C45C[C@H]6C[C@@H](O)C[C@@H](C4)N65)cn3)nc2n1C1CCCC1,6.578396073130168,True,<rdkit.Chem.rdchem.Mol object at 0x735c78f75150>
CHEMBL5774332,CDK1,264.0,nM,Cc1nc2c(F)cc(-c3nc(Nc4ccc5c(n4)CCN(C[C@@H]4CN(C)CCO4)C5)ncc3F)cc2n1C(C)(C)C,6.578396073130168,True,<rdkit.Chem.rdchem.Mol object at 0x735c78f750e0>
CHEMBL210765,CDK2,266.0,nM,CN1CCN(CCC(=O)NS(=O)(=O)c2ccc(Nc3nc(N)n(C(=O)c4c(F)cccc4F)n3)cc2)CC1,6.575118363368933,True,<rdkit.Chem.rdchem.Mol object at 0x735c78f75070>
CHEMBL6144286,CDK2,266.9,nM,Cn1cc(-c2c(Cl)cnc3[nH]c(C4CCNCC4)cc23)cn1,6.573651426212493,True,<rdkit.Chem.rdchem.Mol object at 0x735c78f75000>
CHEMBL5573176,CDK1,268.0,nM,Cc1ccc(O)c(C)c1-n1c(N)c(C(=O)N2CCn3ncc(Cl)c3C2)c2nc(C)c(C)nc21,6.571865205971211,True,<rdkit.Chem.rdchem.Mol object at 0x735c78f74f90>
CHEMBL5559020,CDK9,268.0,nM,CC(=O)Nc1ccc(CNc2nc(NC3CCN(C)CC3)nc3c(C(C)C)cnn23)cc1,6.571865205971211,True,<rdkit.Chem.rdchem.Mol object at 0x735c78f74e40>
CHEMBL5281785,CDK2,269.0,nM,O=C(Nc1n[nH]c2ccc(-c3cncc(NC[C@H](O)c4ccccc4)c3)cc12)c1ccccc1,6.570247719997592,True,<rdkit.Chem.rdchem.Mol object at 0x735c78f74dd0>
CHEMBL212049,CDK2,270.0,nM,Cc1cnc(OC2CCCCC2)nc1-c1cnc(Nc2ccccn2)s1,6.568636235841012,True,<rdkit.Chem.rdchem.Mol object at 0x735c78f74c80>
CHEMBL5749032,CDK9,270.0,nM,OCCNc1cc(-c2ccc3ncn(Cc4cncc(F)c4)c3c2)c(Cl)cn1,6.568636235841012,True,<rdkit.Chem.rdchem.Mol object at 0x735c78f74ba0>
CHEMBL380331,CDK2,270.0,nM,NS(=O)(=O)c1ccc(Nc2cc(N[C@H]3CC[C@H](N)CC3)nc3ncnn23)cc1,6.568636235841012,True,<rdkit.Chem.rdchem.Mol object at 0x735c78f74b30>
CHEMBL454646,CDK9,270.0,nM,CC1CNCC(C(=O)Nc2ncc(SCc3ncc(C(C)(C)C)o3)s2)C1,6.568636235841012,True,<rdkit.Chem.rdchem.Mol object at 0x735c78f74970>
CHEMBL3668371,CDK9,270.0,nM,COc1ccc(F)cc1-c1ccnc2[nH]c(C3CCCCC3)cc12,6.568636235841012,True,<rdkit.Chem.rdchem.Mol object at 0x735c78f74820>
CHEMBL3978185,CDK2,270.0,nM,CS(=N)(=O)Cc1cccc(Nc2ncc(F)c(-c3cccc4c3OCCC4)n2)c1,6.568636235841012,True,<rdkit.Chem.rdchem.Mol object at 0x735c78f746d0>
CHEMBL3668437,CDK9,270.0,nM,COc1ccc(F)cc1-c1ccnc2[nH]c(C3(O)CCOCC3)cc12,6.568636235841012,True,<rdkit.Chem.rdchem.Mol object at 0x735c78f744a0>
CHEMBL5207871,CDK1,270.0,nM,CC(C)n1cc(-c2ccnc3[nH]c(C4CCN(CC(=O)N5CCCC5)CC4)cc23)ccc1=O,6.568636235841012,True,<rdkit.Chem.rdchem.Mol object at 0x735c78f74430>
CHEMBL5978228,CDK9,270.0,nM,Fc1cccc(Cn2cnc3ccc(-c4cc(N[C@@H]5CC[C@@]56CCCNC6)ncc4Cl)cc32)c1,6.568636235841012,True,<rdkit.Chem.rdchem.Mol object at 0x735c79156f10>
CHEMBL2035052,CDK2,270.0,nM,C1=C/COCc2cc(ccc2OCCN2CCCC2)Nc2nccc(n2)-c2ccnc(c2)OCC/1,6.568636235841012,True,<rdkit.Chem.rdchem.Mol object at 0x735c791558c0>
CHEMBL3655767,CDK9,270.0,nM,CC[C@H](Nc1nc(NC2CC2)c2ncn(C(C)C)c2n1)[C@@H](C)O,6.568636235841012,True,<rdkit.Chem.rdchem.Mol object at 0x735c79155930>
CHEMBL5792693,CDK9,270.0,nM,O=C(Nc1cc(-c2cnn3c2CCCC3)c(Cl)cn1)[C@@H]1CCCNC1,6.568636235841012,True,<rdkit.Chem.rdchem.Mol object at 0x735c79155d90>
CHEMBL4066819,CDK9,270.0,nM,COCCNC(=O)c1ccc(Oc2sc(C(N)=O)c3c2-c2sncc2CC3)cn1,6.568636235841012,True,<rdkit.Chem.rdchem.Mol object at 0x735c79155460>
CHEMBL57446,CDK2,270.0,nM,Cc1cccc2c1/C(=C/c1[nH]cc3c1CCOC3=O)C(=O)N2,6.568636235841012,True,<rdkit.Chem.rdchem.Mol object at 0x735c79154430>
CHEMBL5573971,CDK1,271.0,nM,Cc1ccc(O)c(C)c1-n1c(N)c(C(=O)N2CCn3nccc3C2)c2nc(C3CC3)cnc21,6.567030709125595,True,<rdkit.Chem.rdchem.Mol object at 0x735c79157290>
CHEMBL3641974,CDK4,271.0,nM,C[C@@H](O)Cn1c2cnccc2c2cnc(Nc3ccc(N4CCC(N(C)C)CC4)nn3)nc21,6.567030709125595,True,<rdkit.Chem.rdchem.Mol object at 0x735c79157140>
CHEMBL4216447,CDK6,271.0,nM,Cc1nc(Nc2ncc(F)c(-c3cc(F)c4nc5n(c4c3)C(C)(C)CC5)n2)ccc1CN1CCN(C)CC1,6.567030709125595,True,<rdkit.Chem.rdchem.Mol object at 0x735c79157df0>
CHEMBL5419338,CDK6,271.0,nM,Sc1nnc(-c2c[nH]c3ccccc23)n1/N=C/c1ccc(Cl)cc1Cl,6.567030709125595,True,<rdkit.Chem.rdchem.Mol object at 0x735c79157d10>
CHEMBL5081007,CDK6,272.0,nM,CCN1CCN(C(=O)c2ccc(Nc3ncc(F)c(-c4ccc5ncc(N(CC)CC)nc5c4)n3)nc2)CC1,6.565431095965801,True,<rdkit.Chem.rdchem.Mol object at 0x735c79154cf0>
CHEMBL5881472,CDK6,272.0,nM,Cc1nc2c(C(F)(F)F)cc(-c3nc(Nc4ccc5c(n4)CCNC5)ncc3F)cc2n1C(C)C,6.565431095965801,True,<rdkit.Chem.rdchem.Mol object at 0x735c791549e0>
CHEMBL5834090,CDK1,273.0,nM,Cc1nc2c(F)cc(-c3nc(Nc4ccc5c(n4)CCN(CCN(C)CCO)C5)ncc3F)cc2n1C(C)(C)C,6.563837352959244,True,<rdkit.Chem.rdchem.Mol object at 0x735c78f743c0>
CHEMBL4209318,CDK6,275.0,nM,CC1CCc2nc3c(F)cc(-c4nc(Nc5ccc(CN6CCN(C)CC6)cn5)ncc4F)cc3n21,6.560667306169737,True,<rdkit.Chem.rdchem.Mol object at 0x735c78f74350>
CHEMBL3641914,CDK6,275.0,nM,CN(C)C1CCN(c2ccc(Nc3ncc4c5ccncc5n([C@H]5CCC[C@H]5O)c4n3)nn2)CC1,6.560667306169737,True,<rdkit.Chem.rdchem.Mol object at 0x735c78f742e0>
CHEMBL1082016,CDK2,276.0,nM,Cn1c(=O)[nH]c2ccc(-c3cnc(NC[C@@H](N)Cc4ccc(C(F)(F)F)cc4)s3)cc21,6.559090917934782,True,<rdkit.Chem.rdchem.Mol object at 0x735c78f74190>
CHEMBL5596683,CDK9,277.7,nM,O=C(NO)c1ccc(Cn2cc(Nc3cc(-c4cccc(NCC5CCOCC5)n4)c(Cl)cn3)cn2)cc1,6.556424120249742,True,<rdkit.Chem.rdchem.Mol object at 0x735c78f74120>
CHEMBL115220,CDK1,279.0,nM,O=C(Cc1ccc2ccccc2c1)Nc1cc(C2CC2)n[nH]1,6.554395796726403,True,<rdkit.Chem.rdchem.Mol object at 0x735c78f740b0>
CHEMBL5819974,CDK9,280.0,nM,O=C(Nc1cc(-c2ccc3ncn(CC4CCOCC4)c3c2)c(Cl)cn1)[C@H]1CCCNC1,6.552841968657781,True,<rdkit.Chem.rdchem.Mol object at 0x735c78f74040>
CHEMBL1688215,CDK2,280.0,nM,Nc1nccc(-c2ccc3c(N)n[nH]c3c2)n1,6.552841968657781,True,<rdkit.Chem.rdchem.Mol object at 0x735c78f76b90>
CHEMBL1800460,CDK1,280.0,nM,CN(C)c1cc(-c2cc(N3C[C@H](O)[C@@H](O)C3)ccc2O)nc(N)n1,6.552841968657781,True,<rdkit.Chem.rdchem.Mol object at 0x735c78f754d0>
CHEMBL5920478,CDK9,280.0,nM,CC(C(=O)Nc1cc(-c2ccc3ncn(CC4CCOCC4)c3c2)c(Cl)cn1)S(=O)(=O)C1CCOCC1,6.552841968657781,True,<rdkit.Chem.rdchem.Mol object at 0x735c78f74200>
CHEMBL3644030,CDK1,280.0,nM,C=CCOc1nc(Nc2ccc(S(C)(=O)=O)cc2)ncc1C(F)(F)F,6.552841968657781,True,<rdkit.Chem.rdchem.Mol object at 0x735c78f75cb0>
CHEMBL328194,CDK1,280.0,nM,COc1cc2c(cc1OC)-c1[nH]c3ccc(C(F)(F)F)cc3c1CC(=O)N2,6.552841968657781,True,<rdkit.Chem.rdchem.Mol object at 0x735c78f74ac0>
CHEMBL4855324,CDK4,280.0,nM,COc1cc2nc(CNc3nc(N4CCOCC4)nc4c3ncn4-c3cnn(C)c3)[nH]c2cc1Cl,6.552841968657781,True,<rdkit.Chem.rdchem.Mol object at 0x735c78f75930>
CHEMBL1964252,CDK2,281.0,nM,Cc1cccc(C)c1NS(=O)(=O)c1ccc(N/C=C2\C(=O)Nc3ccc4ncsc4c32)cc1,6.55129368009492,True,<rdkit.Chem.rdchem.Mol object at 0x735c78f777d0>
CHEMBL3641967,CDK4,281.0,nM,C[C@H](O)Cn1c2cnccc2c2cnc(Nc3ccc(N4CCNCC4)nn3)nc21,6.55129368009492,True,<rdkit.Chem.rdchem.Mol object at 0x735c78f76500>
CHEMBL5082257,CDK6,282.0,nM,CN1CCN(C(=O)c2ccc(Nc3ncc(F)c(-c4ccc5nccnc5c4)n3)nc2)CC1,6.549750891680639,True,<rdkit.Chem.rdchem.Mol object at 0x735c78f74f20>
CHEMBL4206797,CDK4,283.4,nM,CCN1CCN(Cc2cnc(Nc3ncnc(-c4cc(F)c5nc(C)n(C(C)C)c5c4)c3F)cn2)CC1,6.547600154088558,True,<rdkit.Chem.rdchem.Mol object at 0x735c78f74c10>
CHEMBL3641927,CDK4,284.0,nM,C[C@@H](CO)n1c2cnccc2c2cnc(Nc3ccc(N4CC[C@@H](O)C4)cn3)nc21,6.546681659952963,True,<rdkit.Chem.rdchem.Mol object at 0x735c78f74580>
CHEMBL4542247,CDK1,284.0,nM,Cc1nc2c(F)cc(-c3nc(Nc4ccc5c(n4)CCN(CCN(C)C)C5)ncc3F)cc2n1C1(C)CC1,6.546681659952963,True,<rdkit.Chem.rdchem.Mol object at 0x735c78f74900>
CHEMBL1081853,CDK2,285.0,nM,N[C@H](CNc1ncc(-c2ccc3[nH]c(=O)sc3c2)s1)Cc1ccc(C(F)(F)F)cc1,6.54515513999149,True,<rdkit.Chem.rdchem.Mol object at 0x735c78f77370>
CHEMBL5398705,CDK2,285.5,nM,O=C(Nc1ccccc1)N1CCN(c2nnc(Cc3ccccc3)c3ccccc23)CC1,6.544393887418133,True,<rdkit.Chem.rdchem.Mol object at 0x735c78f769d0>
CHEMBL3890286,CDK2,288.0,nM,CCN(CC)C1CCN(C(=O)c2ccc(Nc3ncc4cc5n(c4n3)C3(CCCCC3)CNC5=O)nc2)C1,6.5406075122407685,True,<rdkit.Chem.rdchem.Mol object at 0x735c78f76960>
CHEMBL5567277,CDK1,289.0,nM,Cc1ccc(O)c(C)c1-n1c(N)c(C(=O)N2CCn3ncc(C(F)(F)F)c3C2)c2nc(C)c(C)nc21,6.539102157243452,True,<rdkit.Chem.rdchem.Mol object at 0x735c78f76650>
CHEMBL5089171,CDK9,289.0,nM,Cc1nc2ccc(-c3cc(N)nc(N)c3)nc2n1CCOc1cccc(Br)n1,6.539102157243452,True,<rdkit.Chem.rdchem.Mol object at 0x735c78f765e0>
CHEMBL174162,CDK1,290.0,nM,CCn1cnc2c(Nc3cccc(C(F)(F)F)c3)nc(N[C@H]3CC[C@@H](N)CC3)nc21,6.537602002101044,True,<rdkit.Chem.rdchem.Mol object at 0x735c78f76340>
CHEMBL3655775,CDK2,290.0,nM,CC(C)n1cnc2c(NCc3cccnc3)nc(NC[C@@H](C)O)nc21,6.537602002101044,True,<rdkit.Chem.rdchem.Mol object at 0x735c78f75ee0>
CHEMBL324942,CDK2,290.0,nM,O=C(Nc1cc(C2CC2)n[nH]1)c1ccccc1,6.537602002101044,True,<rdkit.Chem.rdchem.Mol object at 0x735c78f75e00>
CHEMBL5760451,CDK9,290.0,nM,NS(=O)(=O)c1ccc(CN2CCc3ccc(-c4cc(NC(=O)C5CCCNC5)ncc4Cl)cc32)cc1,6.537602002101044,True,<rdkit.Chem.rdchem.Mol object at 0x735c78f75d20>
CHEMBL5946512,CDK9,290.0,nM,O=C(Nc1cc(-c2ccc3ncn(CC4CCOCC4)c3n2)c(Cl)cn1)[C@@H]1CCCNC1,6.537602002101044,True,<rdkit.Chem.rdchem.Mol object at 0x735c78f75a10>
CHEMBL6035427,CDK9,290.0,nM,CN1CCN(S(=O)(=O)CC(=O)Nc2cc(-c3ccc4ncn(CC5CCOCC5)c4c3)c(Cl)cn2)CC1,6.537602002101044,True,<rdkit.Chem.rdchem.Mol object at 0x735c78f75310>
CHEMBL3917892,CDK2,290.0,nM,CCS(=N)(=O)Cc1cc(F)cc(Nc2ncc(F)c(-c3ccc(F)cc3OC)n2)c1,6.537602002101044,True,<rdkit.Chem.rdchem.Mol object at 0x735c78f9dfc0>
CHEMBL5917706,CDK9,290.0,nM,CNC(=O)N1C[C@H]2CC(C(=O)Nc3cc(-c4ccc5ncn(CC6CCOCC6)c5c4)c(Cl)cn3)C[C@H]2C1,6.537602002101044,True,<rdkit.Chem.rdchem.Mol object at 0x735c78f9f530>
CHEMBL3923419,CDK2,290.0,nM,CCOc1cc(F)ccc1-c1nc(Nc2cc(F)cc(CS(C)(=O)=NC#N)c2)ncc1F,6.537602002101044,True,<rdkit.Chem.rdchem.Mol object at 0x735c78f9f220>
CHEMBL5841955,CDK9,290.0,nM,Cn1c(Cc2cccc(F)c2)nc2ccc(-c3cc(NC(=O)[C@@H]4CCCNC4)ncc3Cl)cc21,6.537602002101044,True,<rdkit.Chem.rdchem.Mol object at 0x735c78f9e420>
CHEMBL5748572,CDK9,290.0,nM,CS(=O)(=O)c1ccc(CN2CCc3ccc(-c4cc(NC(=O)C5CCCNC5)ncc4Cl)cc32)cn1,6.537602002101044,True,<rdkit.Chem.rdchem.Mol object at 0x735c78f9eb90>
CHEMBL3668441,CDK9,290.0,nM,COc1ccc(F)cc1-c1ccnc2[nH]c(C3CN(CC4CCOCC4)C3)cc12,6.537602002101044,True,<rdkit.Chem.rdchem.Mol object at 0x735c78f9e7a0>
CHEMBL3955818,CDK2,291.0,nM,CC(C)(C)CCN1CCN(c2ccc(Nc3ncc4cc5n(c4n3)C3(CCCC3)CNC5=O)nc2)CC1,6.536107011014092,True,<rdkit.Chem.rdchem.Mol object at 0x735c78f9e9d0>
CHEMBL5594479,CDK9,291.65,nM,N[C@H]1CC[C@H](Nc2ncc(Cl)c(Nc3ccccc3S(=O)(=O)C3CC3)n2)CC1,6.535138019233965,True,<rdkit.Chem.rdchem.Mol object at 0x735c78f9fbc0>
CHEMBL4449998,CDK1,292.0,nM,Cc1nc2c(F)cc(-c3nc(Nc4ccc5c(n4)CCN(CCN(C)C)C5)ncc3F)cc2n1CC1CC1,6.534617148551582,True,<rdkit.Chem.rdchem.Mol object at 0x735c78f9eff0>
CHEMBL6190256,CDK6,292.1,nM,CN(C)C(=O)c1cc2cnc(Nc3ccc(C(=O)NCCCc4nc5c(C(N)=O)cccc5[nH]4)cc3Cl)nc2n1C1CCCC1,6.53446844302645,True,<rdkit.Chem.rdchem.Mol object at 0x735c78f9e260>
CHEMBL5573390,CDK1,293.0,nM,Cc1ccc(O)c(C)c1-n1c(N)c(C(=O)N2CCn3nc(C(F)(F)F)cc3C2)c2nc(C)c(C)nc21,6.53313237964589,True,<rdkit.Chem.rdchem.Mol object at 0x735c78f9c900>
CHEMBL84347,CDK2,294.0,nM,CCN(CC)CCNc1cc(-c2ccc[nH]2)c2c3c(ccc(F)c13)NC2=O,6.531652669587842,True,<rdkit.Chem.rdchem.Mol object at 0x735c78f9e030>
CHEMBL3641916,CDK4,294.0,nM,C[C@@H](O)Cn1c2cnccc2c2cnc(Nc3ccc(N4CCC(N(C)C)CC4)cn3)nc21,6.531652669587842,True,<rdkit.Chem.rdchem.Mol object at 0x735c78f9e730>
CHEMBL5883845,CDK2,294.0,nM,Cc1nc2c(F)cc(-c3nc(Nc4ccc5c(n4)CCN(C(=O)CN(C)C)C5)ncc3F)cc2n1C1CCC1,6.531652669587842,True,<rdkit.Chem.rdchem.Mol object at 0x735c78f9ca50>
CHEMBL5765752,CDK2,294.0,nM,Cc1nc2c(F)cc(-c3nc(Nc4ccc5c(n4)CCN(C(=O)CCN(C)C)C5)ncc3F)cc2n1C1CCC1,6.531652669587842,True,<rdkit.Chem.rdchem.Mol object at 0x735c78f9ef80>
CHEMBL5404071,CDK9,295.0,nM,Nc1nc(Nc2ccccc2)nc(-c2cc(Cl)ccc2O)n1,6.530177984021837,True,<rdkit.Chem.rdchem.Mol object at 0x735c78f9cd60>
CHEMBL458548,CDK2,295.0,nM,Cc1ncc(-c2ccnc(Nc3ccc(S(=O)(=O)CCCN(C)C)cc3)n2)n1C,6.530177984021837,True,<rdkit.Chem.rdchem.Mol object at 0x735c78f9dd20>
CHEMBL5421064,CDK4,297.0,nM,COc1cccc(/C=N/n2c(S)nnc2-c2c[nH]c3ccccc23)c1,6.527243550682788,True,<rdkit.Chem.rdchem.Mol object at 0x735c78f9f4c0>
CHEMBL3668457,CDK6,298.0,nM,COc1ccc(F)cc1-c1ccnc2[nH]c(C3=CCN(CC(O)CO)CC3)cc12,6.525783735923745,True,<rdkit.Chem.rdchem.Mol object at 0x735c78f9fa70>
CHEMBL5592661,CDK2,299.0,nM,CS(=O)(=O)N1CCC(Nc2ncc(C(F)(F)F)c(-c3cnn(-c4ccc(C#N)cc4Cl)c3)n2)CC1,6.52432881167557,True,<rdkit.Chem.rdchem.Mol object at 0x735c78f9e180>
CHEMBL6145176,CDK6,299.0,nM,CC(=O)N1CCN(C(=O)c2ccc(Nc3ncc(F)c(-c4ccc5c(c4)OC4(CCN(C(C)=O)CC4)CC5=O)n3)nc2)CC1,6.52432881167557,True,<rdkit.Chem.rdchem.Mol object at 0x735c78f9c0b0>
CHEMBL3639626,CDK9,300.0,nM,COc1c(Cl)cccc1-c1ccnc2[nH]c(C3CCNCC3)cc12,6.522878745280337,True,<rdkit.Chem.rdchem.Mol object at 0x735c78f9c6d0>
CHEMBL5198038,CDK1,300.0,nM,CC(C)n1cc(-c2ccnc3[nH]c(C4CCN(CC(=O)N(C)C)CC4)cc23)ccc1=O,6.522878745280337,True,<rdkit.Chem.rdchem.Mol object at 0x735c78f9d000>
CHEMBL101156,CDK4,300.0,nM,CN(C)CC(O)COc1ccc(Nc2nccc(N(CCC#N)c3cc(Cl)ccc3Cl)n2)cc1,6.522878745280337,True,<rdkit.Chem.rdchem.Mol object at 0x735c78f9e880>
CHEMBL98360,CDK1,300.0,nM,O=C1Cc2c([nH]c3ccc(Br)cc23)-c2cc(Br)ccc2N1,6.522878745280337,True,<rdkit.Chem.rdchem.Mol object at 0x735c78f9ed50>
CHEMBL3641951,CDK4,300.0,nM,CNC1CCN(c2ccc(Nc3ncc4c5ccncc5n([C@H]5CCC[C@H]5O)c4n3)nc2)CC1,6.522878745280337,True,<rdkit.Chem.rdchem.Mol object at 0x735c78f9fed0>
CHEMBL258805,CDK4,300.0,nM,COc1ccc2c(c1)/C(=C/c1cnc[nH]1)C(=O)N2,6.522878745280337,True,<rdkit.Chem.rdchem.Mol object at 0x735c78f9c120>
CHEMBL5767222,CDK6,300.0,nM,CCN1CCN(Cc2ccc(Nc3ncc(F)c(-c4ncnc5c4cc(C)n5C4CCCC4)n3)nc2)CC1,6.522878745280337,True,<rdkit.Chem.rdchem.Mol object at 0x735c78f9d460>
CHEMBL281525,CDK1,300.0,nM,CCC(C)(O)C#Cc1nc(NCc2ccc(OC)c(OC)c2)c2ncn(C(C)C)c2n1,6.522878745280337,True,<rdkit.Chem.rdchem.Mol object at 0x735c78f9d3f0>
CHEMBL3702239,CDK4,300.0,nM,C[C@H]1CN(c2ccc(Nc3ncc4c5ccncc5n([C@@H]5CCNC5)c4n3)nc2)CCN1,6.522878745280337,True,<rdkit.Chem.rdchem.Mol object at 0x735c78f9fca0>
CHEMBL98335,CDK4,300.0,nM,CN(C)CC(O)COc1ccc(Nc2ncc(F)c(Nc3ccccc3)n2)cc1,6.522878745280337,True,<rdkit.Chem.rdchem.Mol object at 0x735c78f9d380>
CHEMBL3702233,CDK4,300.0,nM,CC[C@H](C)n1c2cnccc2c2cnc(Nc3ccc(N4CCN[C@@H](C)C4)nn3)nc21,6.522878745280337,True,<rdkit.Chem.rdchem.Mol object at 0x735c78f9cf20>
CHEMBL6162213,CDK1,300.0,nM,C#CCn1c(C)nc2c(c(C(N)=O)c(N)n2-c2c(C)ccc(O)c2C)c1=O,6.522878745280337,True,<rdkit.Chem.rdchem.Mol object at 0x735c78f9e1f0>
CHEMBL5752282,CDK9,300.0,nM,O=C(Nc1cc(-c2cc3c(ccn3Cc3cccc(F)c3)cn2)c(Cl)cn1)[C@@H]1CCCNC1,6.522878745280337,True,<rdkit.Chem.rdchem.Mol object at 0x735c78f9cc10>
CHEMBL4521241,CDK9,300.0,nM,Cc1cc(=O)c2c(O)cc(O)c([C@@H]3CCN(C)C[C@@H]3O)c2o1,6.522878745280337,True,<rdkit.Chem.rdchem.Mol object at 0x735c78f9dcb0>
CHEMBL133461,CDK1,300.0,nM,CCCCNc1nc(C#CC(C)(O)Cc2ccccc2)nc2c1ncn2C(C)C,6.522878745280337,True,<rdkit.Chem.rdchem.Mol object at 0x735c78f9d770>
CHEMBL5423185,CDK2,300.0,nM,O=C(O)c1cc(S(F)(F)(F)(F)F)ccc1NCCc1c[nH]c2ccccc12,6.522878745280337,True,<rdkit.Chem.rdchem.Mol object at 0x735c78f9fd10>
CHEMBL6013493,CDK9,300.0,nM,CS(=O)(=O)c1cccc(CN2CCc3ccc(-c4cc(NC(=O)C5CCCNC5)ncc4Cl)cc32)c1,6.522878745280337,True,<rdkit.Chem.rdchem.Mol object at 0x735c78f9f680>
CHEMBL1800462,CDK2,300.0,nM,CN1CCN(c2cc(-c3cc(N4C[C@H](O)[C@@H](O)C4)ccc3O)nc(N)n2)CC1,6.522878745280337,True,<rdkit.Chem.rdchem.Mol object at 0x735c78f9daf0>
CHEMBL3085235,CDK1,300.0,nM,COc1cc(CNc2nc(N3CCC[C@@H]3CO)nc3c2ncn3C(C)C)cc(OC)c1,6.522878745280337,True,<rdkit.Chem.rdchem.Mol object at 0x735c78f9f0d0>
CHEMBL334507,CDK1,300.0,nM,CC(C)n1cnc2c(Nc3ccc(Br)cc3)nc(N3CCCC3CO)nc21,6.522878745280337,True,<rdkit.Chem.rdchem.Mol object at 0x735c78f9ceb0>
CHEMBL6013263,CDK6,300.0,nM,CCN1CCN(c2ccc(Nc3ncc(F)c(-c4ncc5nc(C)n(C(C)C)c5n4)n3)nc2)CC1,6.522878745280337,True,<rdkit.Chem.rdchem.Mol object at 0x735c78f9cba0>
CHEMBL293113,CDK2,300.0,nM,O=C1Nc2ccc(F)cc2/C1=C/c1[nH]cc2c1CCNC2=O,6.522878745280337,True,<rdkit.Chem.rdchem.Mol object at 0x735c78f9d620>
CHEMBL419534,CDK2,300.0,nM,CN(C)CC(O)COc1ccc(Nc2ncc(Br)c(Nc3ccccc3)n2)cc1,6.522878745280337,True,<rdkit.Chem.rdchem.Mol object at 0x735c78f9e0a0>
CHEMBL418203,CDK1,300.0,nM,CN1CCC(c2c(O)cc(O)c3c(=O)cc(-c4ccccc4Cl)oc23)[C@@H](O)C1,6.522878745280337,True,<rdkit.Chem.rdchem.Mol object at 0x735c78f9da10>
CHEMBL3641953,CDK4,300.0,nM,CN(C)C1CCN(c2ccc(Nc3ncc4c5ccncc5n([C@H]5CCOC5)c4n3)nn2)CC1,6.522878745280337,True,<rdkit.Chem.rdchem.Mol object at 0x735c78f9da80>
CHEMBL3085240,CDK1,300.0,nM,COc1cccc(CNc2nc(N3CCC[C@@H]3CO)nc3c2ncn3C(C)C)c1,6.522878745280337,True,<rdkit.Chem.rdchem.Mol object at 0x735c78f9e6c0>
CHEMBL3085243,CDK1,300.0,nM,CC(C)n1cnc2c(Nc3ccccc3)nc(N3CCC[C@@H]3CO)nc21,6.522878745280337,True,<rdkit.Chem.rdchem.Mol object at 0x735c78f9f3e0>
CHEMBL4208198,CDK1,300.9,nM,CCN1CCN(Cc2ccc(Nc3cc(-c4cc(F)c5nc(C)n(C(C)C)c5c4)ccn3)nc2)CC1,6.52157781225992,True,<rdkit.Chem.rdchem.Mol object at 0x735c78f9f1b0>
CHEMBL5935906,CDK2,301.0,nM,CNCCN1CCc2nc(Nc3ncc(F)c(-c4cc(F)c5nc(C)n(C6CC6)c5c4)n3)ccc2C1,6.521433504406157,True,<rdkit.Chem.rdchem.Mol object at 0x735c78f9dee0>
CHEMBL3641958,CDK4,301.0,nM,CNC1CCN(c2ccc(Nc3ncc4c5ccncc5n([C@H]5CCC[C@@H]5O)c4n3)nc2)CC1,6.521433504406157,True,<rdkit.Chem.rdchem.Mol object at 0x735c78f9eea0>
CHEMBL5417371,CDK2,301.0,nM,COc1ccc(C(=O)N2CCN(c3nnc(Cc4ccccc4)c4ccccc34)CC2)cc1,6.521433504406157,True,<rdkit.Chem.rdchem.Mol object at 0x735c78f9dd90>
CHEMBL3702238,CDK4,302.0,nM,CC1(C)CN(c2ccc(Nc3ncc4c5ccncc5n([C@@H]5CCNC5)c4n3)nc2)CCN1,6.51999305704285,True,<rdkit.Chem.rdchem.Mol object at 0x735c78f9e3b0>
CHEMBL3702040,CDK4,302.0,nM,c1cc2c3cnc(Nc4nsc(N5CCNCC5)n4)nc3n(C3CCCC3)c2cn1,6.51999305704285,True,<rdkit.Chem.rdchem.Mol object at 0x735c78f9f290>
CHEMBL2322701,CDK4,303.0,nM,Cc1[nH]nc2c1N=C(c1ccccc1Cl)c1cc(N)ccc1N2,6.518557371497695,True,<rdkit.Chem.rdchem.Mol object at 0x735c78f9d230>
CHEMBL5932825,CDK2,304.0,nM,Cc1nc2c(F)cc(-c3nc(Nc4ccc5c(n4)CCN(C(=O)CN(C)C)C5)ncc3F)cc2n1C1CC1,6.517126416391246,True,<rdkit.Chem.rdchem.Mol object at 0x735c78f9eab0>
CHEMBL5888788,CDK1,306.0,nM,Cc1nc2c(F)cc(-c3nc(Nc4ccc5c(n4)CCN(C(=O)CN(C)C)C5)ncc3F)cc2n1CC1CC1,6.514278573518419,True,<rdkit.Chem.rdchem.Mol object at 0x735c78f9e110>
CHEMBL5089214,CDK6,306.0,nM,CCN(CC)c1cnc2ccc(-c3nc(Nc4ccc(N5CCN(C)CC5)cn4)ncc3F)cc2n1,6.514278573518419,True,<rdkit.Chem.rdchem.Mol object at 0x735c78f9c3c0>
CHEMBL5867735,CDK2,306.0,nM,Cc1nc2c(F)cc(-c3nc(Nc4ccc5c(n4)CN(CCN(C)C)C5=O)ncc3F)cc2n1C(C)C,6.514278573518419,True,<rdkit.Chem.rdchem.Mol object at 0x735c78f9f300>
CHEMBL5424372,CDK2,307.77,nM,COc1ccc(NC(=S)N2CCN(c3nnc(Cc4ccccc4)c4ccccc34)CC2)cc1,6.511773715464358,True,<rdkit.Chem.rdchem.Mol object at 0x735c78f9f610>
CHEMBL191336,CDK4,308.0,nM,OCCCNc1cc(-c2ncnc(Nc3cccc(Cl)c3)n2)ccn1,6.511449283499555,True,<rdkit.Chem.rdchem.Mol object at 0x735c78f9c270>
CHEMBL5078670,CDK6,308.0,nM,CC(C)N1CCN(C(=O)c2ccc(Nc3ncc(F)c(-c4ccc5nccnc5c4)n3)nc2)CC1,6.511449283499555,True,<rdkit.Chem.rdchem.Mol object at 0x735c78f9ff40>
CHEMBL4798156,CDK9,310.0,nM,CC(=O)N[C@H]1CCC[C@@H](C(=O)Nc2cc(-c3cnn4c3CC(C)(C)C4)c(Cl)cn2)C1,6.508638306165727,True,<rdkit.Chem.rdchem.Mol object at 0x735c78f9f6f0>
CHEMBL5807208,CDK9,310.0,nM,CN(C)CCCNc1cc(-c2ccc3ncn(Cc4cccc(F)c4)c3c2)c(Cl)cn1,6.508638306165727,True,<rdkit.Chem.rdchem.Mol object at 0x735c78f9d850>
CHEMBL272414,CDK2,310.0,nM,CN(C)c1ccc2c(c1)/C(=C/Nc1ccc(S(N)(=O)=O)cc1)C(=O)N2,6.508638306165727,True,<rdkit.Chem.rdchem.Mol object at 0x735c78f9fe60>
CHEMBL2348154,CDK2,310.0,nM,Nc1nccc(-n2cc(-c3cccnc3Cl)c3cnccc32)n1,6.508638306165727,True,<rdkit.Chem.rdchem.Mol object at 0x735c78f9fdf0>
CHEMBL5868309,CDK9,310.0,nM,Fc1cccc(Cn2cnc3ccc(-c4cc(NCc5cnccn5)ncc4Cl)cc32)c1,6.508638306165727,True,<rdkit.Chem.rdchem.Mol object at 0x735c78f9fae0>
CHEMBL176576,CDK1,310.0,nM,CCn1cnc2c(Nc3cccc(C(F)(F)F)c3)nc(N[C@@H]3CCCC[C@@H]3N)nc21,6.508638306165727,True,<rdkit.Chem.rdchem.Mol object at 0x735c78f9f990>
CHEMBL45477,CDK2,310.0,nM,CN1CCC(c2c(O)cc(O)c3c2O/C(=C\c2ccc([N+](=O)[O-])cc2)C3=O)CC1,6.508638306165727,True,<rdkit.Chem.rdchem.Mol object at 0x735c78f9f760>
CHEMBL2348164,CDK2,310.0,nM,Nc1nccc(-n2cc(-c3ccccc3)c3cnccc32)n1,6.508638306165727,True,<rdkit.Chem.rdchem.Mol object at 0x735c78f9f370>
CHEMBL5597702,CDK9,310.3,nM,COc1cc(F)ccc1-c1cc(Nc2cnn(CCCCCC(=O)NO)c2)ncc1F,6.508218224415835,True,<rdkit.Chem.rdchem.Mol object at 0x735c78f9f450>
CHEMBL5597775,CDK9,312.6,nM,O=C(CCCC(=O)Nc1ccc(Nc2ncc(Cl)c(OC3CCCCC3)n2)cc1)NO,6.505011026316832,True,<rdkit.Chem.rdchem.Mol object at 0x735c78f9f140>
CHEMBL5595408,CDK9,313.2,nM,CC(C)S(=O)(=O)c1ccccc1Nc1nc(N[C@H]2CC[C@H](N)CC2)ncc1Br,6.504178246614094,True,<rdkit.Chem.rdchem.Mol object at 0x735c78f9dc40>
CHEMBL3421981,CDK2,314.0,nM,c1cc2c(-c3ccnc4[nH]ccc34)c[nH]c2cn1,6.503070351926786,True,<rdkit.Chem.rdchem.Mol object at 0x735c78f9f060>
CHEMBL5839538,CDK2,314.0,nM,Cc1nc2c(F)cc(-c3nc(Nc4ccc5c(n4)CCN(C(=O)CCN(C)C)C5)ncc3F)cc2n1C1CC1,6.503070351926786,True,<rdkit.Chem.rdchem.Mol object at 0x735c78f9ef10>
CHEMBL3641916,CDK6,314.0,nM,C[C@@H](O)Cn1c2cnccc2c2cnc(Nc3ccc(N4CCC(N(C)C)CC4)cn3)nc21,6.503070351926786,True,<rdkit.Chem.rdchem.Mol object at 0x735c78f9ee30>
CHEMBL5084504,CDK9,314.0,nM,Cc1nc2ccc(-c3cc(N)nc(N)c3)nc2n1C1CCCC1,6.503070351926786,True,<rdkit.Chem.rdchem.Mol object at 0x735c78f9edc0>
CHEMBL5085873,CDK6,315.0,nM,CC(C)N1CCN(Cc2ccc(Nc3ncc(F)c(-c4ccc5nccnc5c4)n3)nc2)CC1,6.501689446210399,True,<rdkit.Chem.rdchem.Mol object at 0x735c78f9ece0>
CHEMBL5177986,CDK2,316.0,nM,Cn1cc(S(=O)(=O)N2CCC(Nc3ncc4c(n3)N([C@@H]3CCC[C@@H](O)C3)C(=O)C43CC3)CC2)cn1,6.500312917381596,True,<rdkit.Chem.rdchem.Mol object at 0x735c78f9ec00>
CHEMBL5757213,CDK9,316.0,nM,Cc1nc2c(F)cc(-c3nc(Nc4ccc5c(n4)CCN(CCCN(C)C)C5)ncc3F)cc2n1C1CC1,6.500312917381596,True,<rdkit.Chem.rdchem.Mol object at 0x735c78f9eb20>
CHEMBL5557963,CDK2,316.3,nM,CCC(=O)Nc1ccc(CNc2nc(NC3CCOCC3)nc3c(C(C)C)cnn23)cc1,6.499900808084277,True,<rdkit.Chem.rdchem.Mol object at 0x735c78f9e810>
CHEMBL5532122,CDK2,316.9,nM,CC[C@H](CO)Nc1nc(NCc2ccc(NC(C)=O)cc2)n2ncc(C(C)C)c2n1,6.4990777608097,True,<rdkit.Chem.rdchem.Mol object at 0x735c78f9e5e0>
CHEMBL6161049,CDK6,317.0,nM,CCN1CCN(Cc2ccc(Nc3ncc(F)c(-c4ccc5c(c4)OC4(CCN(C(C)=O)CC4)CC5=O)n3)nc2)CC1,6.498940737782249,True,<rdkit.Chem.rdchem.Mol object at 0x735c78f9e570>
CHEMBL409450,CDK1,320.0,nM,O=C1Nc2cc(Br)ccc2/C1=C1/Nc2ccccc2/C1=N\O,6.494850021680094,True,<rdkit.Chem.rdchem.Mol object at 0x735c78f9c580>
CHEMBL2158864,CDK1,320.0,nM,CNC(=O)Nc1ccc(-c2cc(-c3ccnc(Nc4ccc(Cl)c(S(=O)(=O)NC)c4)n3)ccn2)cc1,6.494850021680094,True,<rdkit.Chem.rdchem.Mol object at 0x735c78f9de00>
CHEMBL3663752,CDK9,320.0,nM,COc1ccc(F)cc1-c1ccnc2[nH]c(C3CCCN(C(C)=O)C3)cc12,6.494850021680094,True,<rdkit.Chem.rdchem.Mol object at 0x735c78f9d150>
CHEMBL3668415,CDK9,320.0,nM,O=C1CCCN1CCNc1cccc(-c2ccnc3[nH]c(C4CCNCC4)cc23)n1,6.494850021680094,True,<rdkit.Chem.rdchem.Mol object at 0x735c78f9db60>
CHEMBL2035047,CDK2,320.0,nM,CN1C/C=C/COCc2ccc(o2)-c2ccnc(n2)Nc2cccc(c2)C1,6.494850021680094,True,<rdkit.Chem.rdchem.Mol object at 0x735c78f9d930>
CHEMBL5411462,CDK4,320.0,nM,COc1ccc(/C=N/n2c(S)nnc2-c2c[nH]c3ccccc23)cc1OC,6.494850021680094,True,<rdkit.Chem.rdchem.Mol object at 0x735c78f9d1c0>
CHEMBL590109,CDK1,320.0,nM,NCCn1cc(-c2cc(-c3cc4ccccc4s3)c3[nH]ncc3c2)c2nc(N)ncc21,6.494850021680094,True,<rdkit.Chem.rdchem.Mol object at 0x735c78f9d700>
CHEMBL4649135,CDK2,321.0,nM,CCn1cnc2c(NCc3nc4ccc(F)c(F)c4[nH]3)nc(N3CCCC[C@H]3CCO)nc21,6.493494967595128,True,<rdkit.Chem.rdchem.Mol object at 0x735c78f9d4d0>
CHEMBL1076581,CDK2,323.0,nM,N[C@H](CNc1nnc(-c2ccc3[nH]ncc3c2)s1)Cc1ccc(Cl)cc1Cl,6.490797477668897,True,<rdkit.Chem.rdchem.Mol object at 0x735c78f9d310>
CHEMBL6191232,CDK6,323.4,nM,CN(C)C(=O)c1cc2cnc(Nc3ccc(-c4nc5c(C(N)=O)cccc5[nH]4)cc3)nc2n1C1CCCC1,6.490259984429618,True,<rdkit.Chem.rdchem.Mol object at 0x735c78f9d2a0>
CHEMBL1272116,CDK4,324.0,nM,CC(C)c1n[nH]c(Cl)c1-c1ccnc(Nc2ccc(N3CCC(N(C)C)CC3)cn2)n1,6.489454989793388,True,<rdkit.Chem.rdchem.Mol object at 0x735c78f9d0e0>
CHEMBL189607,CDK2,324.0,nM,Nc1nc2ccc(C(=O)c3c(F)cccc3F)cn2c1C(=O)c1ccccc1,6.489454989793388,True,<rdkit.Chem.rdchem.Mol object at 0x735c78f9cf90>
CHEMBL6133494,CDK6,326.0,nM,CC(=O)N1CCC2(CC1)CC(=O)c1ccc(-c3nc(Nc4ccc(CN5CCN(C)CC5)cn4)ncc3F)cc1O2,6.486782399932061,True,<rdkit.Chem.rdchem.Mol object at 0x735c78f9ce40>
CHEMBL5848732,CDK6,327.0,nM,Cc1nc2c(F)cc(-c3nc(Nc4ncc5c(n4)CCNC5)ncc3F)cc2n1C(C)C,6.485452247339714,True,<rdkit.Chem.rdchem.Mol object at 0x735c78f9cdd0>
CHEMBL5836990,CDK6,327.0,nM,Cc1nc2c(F)cc(-c3nc(Nc4ccc5c(n4)CCNC5)ncc3F)cc2n1C(C)C,6.485452247339714,True,<rdkit.Chem.rdchem.Mol object at 0x735c78f9ccf0>
CHEMBL4777981,CDK2,328.0,nM,COc1ccc(F)cc1-c1c(F)cnc2[nH]c(C3=CCN([C@H]4CC[C@H](C(=O)O)CC4)CC3)cc12,6.484126156288321,True,<rdkit.Chem.rdchem.Mol object at 0x735c78f9cc80>
CHEMBL3949057,CDK2,330.0,nM,CCOC(=O)N=S(C)(=O)Cc1cccc(Nc2ncc(F)c(-c3cccc4c3OCCC4)n2)c1,6.481486060122112,True,<rdkit.Chem.rdchem.Mol object at 0x735c78f9cb30>
CHEMBL3641956,CDK4,330.0,nM,O[C@H]1CCC[C@@H]1n1c2cnccc2c2cnc(Nc3ccc(N4CCNCC4)cn3)nc21,6.481486060122112,True,<rdkit.Chem.rdchem.Mol object at 0x735c78f9c890>
CHEMBL6037340,CDK9,330.0,nM,O=C(O)[C@H]1CCC[C@@H](C(=O)Nc2cc(-c3ccc4ncn(CC5CCOCC5)c4c3)c(Cl)cn2)C1,6.481486060122112,True,<rdkit.Chem.rdchem.Mol object at 0x735c78f9c820>
CHEMBL5176464,CDK9,330.0,nM,CCn1cc(-c2ccnc3[nH]c(C4CCN(CC(=O)N(C)C)CC4)cc23)ccc1=O,6.481486060122112,True,<rdkit.Chem.rdchem.Mol object at 0x735c78f9c7b0>
CHEMBL3085241,CDK1,330.0,nM,CC(C)n1cnc2c(NCc3ccc(Cl)cc3)nc(N3CCC[C@@H]3CO)nc21,6.481486060122112,True,<rdkit.Chem.rdchem.Mol object at 0x735c78f9c4a0>
CHEMBL5917732,CDK9,330.0,nM,O=C(Nc1cc(-c2ccc3nnn(CC4CCOCC4)c3c2)c(Cl)cn1)[C@@H]1CCCNC1,6.481486060122112,True,<rdkit.Chem.rdchem.Mol object at 0x735c78f9c350>
CHEMBL3641925,CDK4,330.0,nM,O[C@@H]1CCN(c2ccc(Nc3ncc4c5ccncc5n([C@H]5CCC[C@H]5O)c4n3)nn2)C1,6.481486060122112,True,<rdkit.Chem.rdchem.Mol object at 0x735c78f9c2e0>
CHEMBL2029911,CDK1,330.0,nM,Cc1c(-c2cc3cnc(Nc4cc(C(=O)N5CCN(C)CC5)n(C)c4)nc3n2C2CCCC2)cnn1C,6.481486060122112,True,<rdkit.Chem.rdchem.Mol object at 0x735c78f9c9e0>
CHEMBL3932396,CDK2,330.0,nM,COCCOC(=O)N=S(C)(=O)Cc1cc(F)cc(Nc2ncc(F)c(-c3ccc(F)cc3OC)n2)c1,6.481486060122112,True,<rdkit.Chem.rdchem.Mol object at 0x735c78f9e960>
CHEMBL3085236,CDK1,330.0,nM,CC(C)n1cnc2c(NCc3cccc(Br)c3)nc(N3CCC[C@@H]3CO)nc21,6.481486060122112,True,<rdkit.Chem.rdchem.Mol object at 0x735c78f9d8c0>
CHEMBL132469,CDK1,330.0,nM,CC(C)n1cnc2c(NCc3ccccc3)nc(C#CCCCCO)nc21,6.481486060122112,True,<rdkit.Chem.rdchem.Mol object at 0x735c78f9c970>
CHEMBL561179,CDK2,330.0,nM,Nc1ccc(-c2nn3c(COc4ccc(Cl)cc4)nnc3s2)cc1,6.481486060122112,True,<rdkit.Chem.rdchem.Mol object at 0x735c78f9c190>
CHEMBL2035182,CDK2,330.0,nM,COCCOc1ccc2cc1CN(C)C/C=C/COCc1ccc(s1)-c1ccnc(n1)N2,6.481486060122112,True,<rdkit.Chem.rdchem.Mol object at 0x735c78f9e500>
CHEMBL367245,CDK1,330.0,nM,CCn1cnc2c(Nc3cccc(Cl)c3)nc(NCCO)nc21,6.481486060122112,True,<rdkit.Chem.rdchem.Mol object at 0x735c78f9df50>
CHEMBL4455210,CDK9,332.0,nM,Cc1nc2c(F)cc(-c3nc(Nc4ccc5c(n4)CCN(CCN(C)C)C5)ncc3F)cc2n1C1CC1,6.478861916295964,True,<rdkit.Chem.rdchem.Mol object at 0x735c78f9ea40>
CHEMBL6161225,CDK2,333.9,nM,CC(C)N1CCC(c2cc3c(-c4cnn(CC5CC5)c4)c(Cl)cnc3[nH]2)CC1,6.47638358094563,True,<rdkit.Chem.rdchem.Mol object at 0x735c78f9c510>
CHEMBL5583697,CDK2,334.0,nM,Cn1cnc(S(=O)(=O)N2CCC(Nc3ncc(C(F)(F)F)c(-c4cnn(CC(F)(F)F)c4)n3)CC2)c1,6.476253533188435,True,<rdkit.Chem.rdchem.Mol object at 0x735c78f9f5a0>
CHEMBL234626,CDK1,334.0,nM,CN(C)CCc1ccc(Nc2ncc(Cl)c(-c3cccc4cc[nH]c34)n2)cc1,6.476253533188435,True,<rdkit.Chem.rdchem.Mol object at 0x735c78f9c660>
CHEMBL5950277,CDK2,334.0,nM,Cc1nc2c(F)cc(-c3nc(Nc4ccc5c(n4)CCN(C(=O)NCCO)C5)ncc3F)cc2n1C1CC1,6.476253533188435,True,<rdkit.Chem.rdchem.Mol object at 0x735c78f9d9a0>
CHEMBL4754081,CDK4,334.0,nM,CC(=O)N[C@@H]1CCC[C@H](C(=O)Nc2cc(-c3cnn4c3CC(C)(C)C4)c(F)cn2)C1,6.476253533188435,True,<rdkit.Chem.rdchem.Mol object at 0x735c78f9d540>
CHEMBL5569840,CDK1,334.0,nM,Cc1ccc(O)c(C)c1-n1c(N)c(C(=O)N2CCn3cncc3C2)c2nc(C)c(C)nc21,6.476253533188435,True,<rdkit.Chem.rdchem.Mol object at 0x735c78f9f920>
CHEMBL1387710,CDK9,335.0,nM,CCNc1nc(N)nc(-c2cc(Cl)ccc2O)n1,6.474955192963154,True,<rdkit.Chem.rdchem.Mol object at 0x735c78f9fb50>
CHEMBL489833,CDK2,337.0,nM,Cn1cc(C2=C(c3coc4cc(CO)ccc34)C(=O)NC2=O)c2cc(Br)ccc21,6.4723700991286615,True,<rdkit.Chem.rdchem.Mol object at 0x735c78f9fc30>
CHEMBL4213109,CDK6,339.0,nM,CCC1Cc2nc3c(F)cc(-c4nc(Nc5ccc(CN6CCN(CC)CC6)cn5)ncc4F)cc3n2C1,6.4698003017969175,True,<rdkit.Chem.rdchem.Mol object at 0x735c78f9f8b0>
CHEMBL1800459,CDK1,340.0,nM,Nc1nc(-c2cc(N3C[C@H](O)[C@@H](O)C3)ccc2O)cc(C2CCNCC2)n1,6.468521082957745,True,<rdkit.Chem.rdchem.Mol object at 0x735c78f9d7e0>
CHEMBL3642017,CDK4,340.0,nM,O[C@H]1CCN(C2CCN(c3ccc(Nc4ncc5c6ccncc6n(C6CCCC6)c5n4)nc3)CC2)C1,6.468521082957745,True,<rdkit.Chem.rdchem.Mol object at 0x735c78f9d070>
CHEMBL5969770,CDK9,340.0,nM,NS(=O)(=O)CCn1nnc2ccc(-c3cc(NC(=O)[C@@H]4CCCNC4)ncc3Cl)cc21,6.468521082957745,True,<rdkit.Chem.rdchem.Mol object at 0x735c78f9dbd0>
CHEMBL5953065,CDK9,340.0,nM,O=C(Nc1cc(-c2ccc3ncn(CC4(N5CCOCC5)COC4)c3c2)c(Cl)cn1)[C@@H]1CCCNC1,6.468521082957745,True,<rdkit.Chem.rdchem.Mol object at 0x735c78f9d690>
CHEMBL445607,CDK2,340.0,nM,O=C1Nc2cccc(CCO)c2/C1=C/c1[nH]cc2c1CCNC2=O,6.468521082957745,True,<rdkit.Chem.rdchem.Mol object at 0x735c78f9e340>
CHEMBL3702213,CDK4,340.0,nM,COCCn1c2cnccc2c2cnc(Nc3ccc(N4CCNCC4)nn3)nc21,6.468521082957745,True,<rdkit.Chem.rdchem.Mol object at 0x735c78f9c740>
CHEMBL3641955,CDK4,340.0,nM,O[C@@H]1CCN(c2ccc(Nc3ncc4c5ccncc5n([C@H]5CCOC5)c4n3)nn2)C1,6.468521082957745,True,<rdkit.Chem.rdchem.Mol object at 0x735c78f9fd80>
CHEMBL172811,CDK1,340.0,nM,CCn1cnc2c(Nc3cccc(OC)c3)nc(N[C@H]3CC[C@@H](N)CC3)nc21,6.468521082957745,True,<rdkit.Chem.rdchem.Mol object at 0x735c78f9fa00>
CHEMBL3900378,CDK9,340.0,nM,CCCN1Cc2c(C3=CCN(S(C)(=O)=O)CC3)[nH]c3nccc(c23)-c2cc(F)ccc21,6.468521082957745,True,<rdkit.Chem.rdchem.Mol object at 0x735c78f9f840>
CHEMBL3641908,CDK6,340.0,nM,CN(C)C1CCN(c2ccc(Nc3ncc4c5ccncc5n([C@@H]5CCNC5)c4n3)nc2)CC1,6.468521082957745,True,<rdkit.Chem.rdchem.Mol object at 0x735c78f9ec70>
CHEMBL3668422,CDK9,340.0,nM,CN1CCC(c2cc3c(-c4cccc(NCCN5CCCC5=O)n4)ccnc3[nH]2)CC1,6.468521082957745,True,<rdkit.Chem.rdchem.Mol object at 0x735c78f9e8f0>
CHEMBL5418073,CDK2,340.87,nM,S=C(Nc1ccc(Cl)cc1)N1CCN(c2nnc(Cc3ccccc3)c3ccccc23)CC1,6.467411219386465,True,<rdkit.Chem.rdchem.Mol object at 0x735c78f9e650>
CHEMBL318522,CDK2,341.0,nM,O=C(Nc1n[nH]c2cc(-c3cccs3)ccc12)C1CC1,6.467245621007502,True,<rdkit.Chem.rdchem.Mol object at 0x735c78f9e490>
CHEMBL6143085,CDK6,343.0,nM,CC(=O)N1CCC2(CC1)CC(=O)c1ccc(-c3nc(Nc4ccc(CN5CCOCC5)cn4)ncc3F)cc1O2,6.464705879957229,True,<rdkit.Chem.rdchem.Mol object at 0x735c78f9c200>
CHEMBL363590,CDK1,344.0,nM,OCCCNc1cncc(-c2ncnc(Nc3ccc4c(c3)OCCO4)n2)c1,6.46344155742847,True,<rdkit.Chem.rdchem.Mol object at 0x735c78f9d5b0>
CHEMBL5440832,CDK2,344.53,nM,COc1ccc(Cc2nnc(N3CCN(C(=O)Nc4ccc(OC)cc4)CC3)c3ccccc23)cc1,6.4627729558544775,True,<rdkit.Chem.rdchem.Mol object at 0x735c78f9cac0>
CHEMBL2011935,CDK2,345.0,nM,COc1ccc(-c2nc3c(NCCCNC(=O)C4CC(O)C4)c(Br)cnc3[nH]2)cc1,6.462180904926726,True,<rdkit.Chem.rdchem.Mol object at 0x735c78f78040>
CHEMBL5774515,CDK2,346.0,nM,Cc1nc2c(F)cc(-c3nc(Nc4ccc5c(n4)CCN(C(=O)OCCN(C)C)C5)ncc3F)cc2n1C1CC1,6.460923901207224,True,<rdkit.Chem.rdchem.Mol object at 0x735c78f780b0>
CHEMBL1081119,CDK2,348.0,nM,N[C@H](CNc1nnc(-c2ccc3cnccc3c2)o1)Cc1ccc(C(F)(F)F)cc1,6.458420756053419,True,<rdkit.Chem.rdchem.Mol object at 0x735c78f78120>
CHEMBL4777981,CDK1,348.0,nM,COc1ccc(F)cc1-c1c(F)cnc2[nH]c(C3=CCN([C@H]4CC[C@H](C(=O)O)CC4)CC3)cc12,6.458420756053419,True,<rdkit.Chem.rdchem.Mol object at 0x735c78f78190>
CHEMBL5950426,CDK1,348.0,nM,Cc1nc2c(F)cc(-c3nc(Nc4ccc5c(n4)CCN(C(=O)N(C)CCN(C)C)C5)ncc3F)cc2n1C1CC1,6.458420756053419,True,<rdkit.Chem.rdchem.Mol object at 0x735c78f78200>
CHEMBL4796500,CDK9,350.0,nM,CC(=O)N[C@@H]1CCC[C@H](C(=O)Nc2cc(-c3cnn4c3OCCC4)c(Cl)cn2)C1,6.455931955649724,True,<rdkit.Chem.rdchem.Mol object at 0x735c78f78270>
CHEMBL173353,CDK1,350.0,nM,CCn1cnc2c(Nc3cccc(F)c3)nc(N[C@H]3CC[C@@H](N)CC3)nc21,6.455931955649724,True,<rdkit.Chem.rdchem.Mol object at 0x735c78f782e0>
CHEMBL3972796,CDK2,350.0,nM,CCOC(=O)N=S(C)(=O)Cc1cccc(Nc2ncc(F)c(-c3cccc4c3OCC4)n2)c1,6.455931955649724,True,<rdkit.Chem.rdchem.Mol object at 0x735c78f78350>
CHEMBL3641926,CDK4,350.0,nM,CNC1CCN(c2ccc(Nc3ncc4c5ccncc5n([C@@H](C)CO)c4n3)nc2)CC1,6.455931955649724,True,<rdkit.Chem.rdchem.Mol object at 0x735c78f783c0>
CHEMBL3642017,CDK6,350.0,nM,O[C@H]1CCN(C2CCN(c3ccc(Nc4ncc5c6ccncc6n(C6CCCC6)c5n4)nc3)CC2)C1,6.455931955649724,True,<rdkit.Chem.rdchem.Mol object at 0x735c78f78430>
CHEMBL337411,CDK1,350.0,nM,CC(C)n1cnc2c(NCc3ccccc3)nc(C#CCCO)nc21,6.455931955649724,True,<rdkit.Chem.rdchem.Mol object at 0x735c78f784a0>
CHEMBL3641961,CDK4,350.0,nM,O[C@@H]1CCN(c2ccc(Nc3ncc4c5ccncc5n([C@H]5CCC[C@@H]5O)c4n3)nc2)C1,6.455931955649724,True,<rdkit.Chem.rdchem.Mol object at 0x735c78f78510>
CHEMBL5198038,CDK2,350.0,nM,CC(C)n1cc(-c2ccnc3[nH]c(C4CCN(CC(=O)N(C)C)CC4)cc23)ccc1=O,6.455931955649724,True,<rdkit.Chem.rdchem.Mol object at 0x735c78f78580>
CHEMBL5190046,CDK2,350.0,nM,CNS(=O)(=O)c1ccc(Nc2ncc3c(n2)N([C@@H]2CCC[C@@]2(C)O)C(=O)C32CC2)cc1,6.455931955649724,True,<rdkit.Chem.rdchem.Mol object at 0x735c78f785f0>
CHEMBL3589774,CDK9,350.0,nM,O=C(O)c1nc2ccsc2c2[nH]c3c(Cl)cccc3c12,6.455931955649724,True,<rdkit.Chem.rdchem.Mol object at 0x735c78f786d0>
CHEMBL497306,CDK2,350.0,nM,COc1cccc(F)c1C(=O)Nc1c[nH]nc1C(=O)NC1CCNCC1,6.455931955649724,True,<rdkit.Chem.rdchem.Mol object at 0x735c78f78740>
CHEMBL3085237,CDK1,350.0,nM,CC(C)n1cnc2c(NCc3ccc4c(c3)OCO4)nc(N3CCC[C@@H]3CO)nc21,6.455931955649724,True,<rdkit.Chem.rdchem.Mol object at 0x735c78f78820>
CHEMBL176908,CDK1,350.0,nM,CCn1cnc2c(Nc3cccc(C#N)c3)nc(N[C@H]3CC[C@@H](N)CC3)nc21,6.455931955649724,True,<rdkit.Chem.rdchem.Mol object at 0x735c78f78890>
CHEMBL258765,CDK4,350.0,nM,O=C1c2ccccc2-[n+]2ccc3c([nH]c4ccccc43)c21.[Cl-],6.455931955649724,True,<rdkit.Chem.rdchem.Mol object at 0x735c78f78900>
CHEMBL366620,CDK1,350.0,nM,CCn1cnc2c(Nc3cccc(C#N)c3)nc(N[C@@H]3CCCC[C@@H]3N)nc21,6.455931955649724,True,<rdkit.Chem.rdchem.Mol object at 0x735c78f78970>
CHEMBL203407,CDK2,350.0,nM,NS(=O)(=O)c1ccc(Nc2cc(OC3CCCCC3)nc3ncnn23)cc1,6.455931955649724,True,<rdkit.Chem.rdchem.Mol object at 0x735c78f789e0>
CHEMBL5093557,CDK6,351.0,nM,CS(=O)(=O)N1CCN(Cc2ccc(Nc3ncc(F)c(-c4ccc5nccnc5c4)n3)nc2)CC1,6.454692883534176,True,<rdkit.Chem.rdchem.Mol object at 0x735c78f78ac0>
CHEMBL5531956,CDK2,351.4,nM,CC[C@@H](CO)Nc1nc(NCc2ccc(NC(C)=O)cc2)n2ncc(C(C)C)c2n1,6.454198242840723,True,<rdkit.Chem.rdchem.Mol object at 0x735c78f78b30>
CHEMBL1231206,CDK1,354.0,nM,Cc1ccc(-c2ccc3c(ccc4sc5c(c43)NC[C@@H](C)NC5=O)n2)cn1,6.450996737974212,True,<rdkit.Chem.rdchem.Mol object at 0x735c78f78ba0>
CHEMBL6134563,CDK6,354.0,nM,CN1CCN(c2ccc(Nc3ncc(F)c(-c4ccc5c(c4)OC4(CCCCC4)CC5=O)n3)nc2)CC1,6.450996737974212,True,<rdkit.Chem.rdchem.Mol object at 0x735c78f78c10>
CHEMBL496567,CDK9,355.0,nM,CC(C)(C)c1cnc(CSc2cnc(N[C@H]3CC[C@H](N)CC3)s2)o1,6.449771646944906,True,<rdkit.Chem.rdchem.Mol object at 0x735c78f78c80>
CHEMBL191336,CDK6,356.0,nM,OCCCNc1cc(-c2ncnc(Nc3cccc(Cl)c3)n2)ccn1,6.448550002027124,True,<rdkit.Chem.rdchem.Mol object at 0x735c78f78cf0>
CHEMBL5765752,CDK1,357.0,nM,Cc1nc2c(F)cc(-c3nc(Nc4ccc5c(n4)CCN(C(=O)CCN(C)C)C5)ncc3F)cc2n1C1CCC1,6.447331783887806,True,<rdkit.Chem.rdchem.Mol object at 0x735c78f78d60>
CHEMBL5883845,CDK1,357.0,nM,Cc1nc2c(F)cc(-c3nc(Nc4ccc5c(n4)CCN(C(=O)CN(C)C)C5)ncc3F)cc2n1C1CCC1,6.447331783887806,True,<rdkit.Chem.rdchem.Mol object at 0x735c78f78dd0>
CHEMBL4445727,CDK2,358.0,nM,CCn1c(C)nc2c(F)cc(-c3nc(Nc4ccc5c(n4)CCN(CCN(C)C)C5)ncc3F)cc21,6.446116973356125,True,<rdkit.Chem.rdchem.Mol object at 0x735c78f78e40>
CHEMBL6160348,CDK1,358.0,nM,Cc1ccc(O)c(C)c1-n1c(N)c(C(N)=O)c2c(=O)n(CCF)c(C)nc21,6.446116973356125,True,<rdkit.Chem.rdchem.Mol object at 0x735c78f78eb0>
CHEMBL5563675,CDK1,358.0,nM,Cc1cc2n(n1)CCN(C(=O)c1c(N)n(-c3c(C)ccc(O)c3C)c3nc(C)c(C)nc13)C2,6.446116973356125,True,<rdkit.Chem.rdchem.Mol object at 0x735c78f78f20>
CHEMBL5555666,CDK2,358.4,nM,CC[C@@H](CO)Nc1nc(NCc2ccc(NC(=O)C3CCOCC3)cc2)n2ncc(C(C)C)c2n1,6.445631999009912,True,<rdkit.Chem.rdchem.Mol object at 0x735c78f78f90>
CHEMBL186800,CDK4,359.0,nM,Nc1nc2ccc(C(=O)c3c(F)cccc3F)cn2c1C(=O)c1c(Cl)cccc1Cl,6.44490555142168,True,<rdkit.Chem.rdchem.Mol object at 0x735c78f79000>
CHEMBL3702163,CDK6,360.0,nM,COc1ccc(-c2ccc(Nc3ncc4c5ccncc5n(C5CCCC5)c4n3)nn2)cn1,6.443697499232712,True,<rdkit.Chem.rdchem.Mol object at 0x735c78f79070>
CHEMBL3668346,CDK9,360.0,nM,COc1cc(F)ccc1-c1ccnc2[nH]c(C3CNC(C)(C)CO3)cc12,6.443697499232712,True,<rdkit.Chem.rdchem.Mol object at 0x735c78f790e0>
CHEMBL3641964,CDK4,360.0,nM,CNC1CCN(c2ccc(Nc3ncc4c5ccncc5n([C@H]5CCC[C@@H]5O)c4n3)nn2)CC1,6.443697499232712,True,<rdkit.Chem.rdchem.Mol object at 0x735c78f79150>
CHEMBL1823663,CDK2,360.0,nM,CN1CC([C@@H](NC(=O)c2ccc3cnccc3c2)c2ccc(Cl)c(Cl)c2)C1,6.443697499232712,True,<rdkit.Chem.rdchem.Mol object at 0x735c78f791c0>
CHEMBL405042,CDK2,360.0,nM,C/C(Nc1ccc(S(N)(=O)=O)cc1)=C1/C(=O)Nc2ccccc21,6.443697499232712,True,<rdkit.Chem.rdchem.Mol object at 0x735c78f79230>
CHEMBL1800458,CDK2,360.0,nM,Nc1nc(-c2cc(N3C[C@H](O)[C@@H](O)C3)ccc2O)cc(C2CCCNC2)n1,6.443697499232712,True,<rdkit.Chem.rdchem.Mol object at 0x735c78f792a0>
CHEMBL6014795,CDK1,360.0,nM,Cc1nc2c(F)cc(-c3nc(Nc4ccc5c(n4)CCN(C(=O)C4CCCN4)C5)ncc3F)cc2n1C1CC1,6.443697499232712,True,<rdkit.Chem.rdchem.Mol object at 0x735c78f79310>
CHEMBL571897,CDK1,360.0,nM,COc1ccc2sc3c(c2c1)CCCNC3=O,6.443697499232712,True,<rdkit.Chem.rdchem.Mol object at 0x735c78f79380>
CHEMBL3641915,CDK4,360.0,nM,C[C@@H](O)Cn1c2cnccc2c2cnc(Nc3ccc(N4CCNCC4)cn3)nc21,6.443697499232712,True,<rdkit.Chem.rdchem.Mol object at 0x735c78f793f0>
CHEMBL3823522,CDK2,361.0,nM,COc1nn(C2CCN(C(C)=O)CC2)cc1Nc1ncc(Cl)c(-c2cnn3ccccc23)n1,6.442492798094342,True,<rdkit.Chem.rdchem.Mol object at 0x735c78f79460>
CHEMBL4462530,CDK6,363.0,nM,CC(=O)N[C@@H]1CCC[C@H](C(=O)Nc2cc(-c3cnn4c3CC(C)(C)C4)c(Cl)cn2)C1,6.440093374963888,True,<rdkit.Chem.rdchem.Mol object at 0x735c78f794d0>
CHEMBL5950426,CDK2,364.0,nM,Cc1nc2c(F)cc(-c3nc(Nc4ccc5c(n4)CCN(C(=O)N(C)CCN(C)C)C5)ncc3F)cc2n1C1CC1,6.438898616350944,True,<rdkit.Chem.rdchem.Mol object at 0x735c78f79540>
CHEMBL3913590,CDK2,367.0,nM,CC(C)N1CCN(C(=O)c2ccc(Nc3ncc4cc5n(c4n3)C3(CCCCC3)CNC5=O)nc2)CC1,6.435333935747911,True,<rdkit.Chem.rdchem.Mol object at 0x735c78f795b0>
CHEMBL4455210,CDK1,368.0,nM,Cc1nc2c(F)cc(-c3nc(Nc4ccc5c(n4)CCN(CCN(C)C)C5)ncc3F)cc2n1C1CC1,6.434152181326482,True,<rdkit.Chem.rdchem.Mol object at 0x735c78f79620>
CHEMBL6190213,CDK6,368.9,nM,CN(C)C(=O)c1cc2cnc(Nc3ccc(C(=O)NCCc4nc5c(C(N)=O)cccc5[nH]4)cc3Cl)nc2n1C1CCCC1,6.433091344773197,True,<rdkit.Chem.rdchem.Mol object at 0x735c78f79690>
CHEMBL2011928,CDK2,370.0,nM,COc1ccc(-c2nc3c(NCCCNC(C)=O)c(Br)cnc3[nH]2)cc1,6.431798275933005,True,<rdkit.Chem.rdchem.Mol object at 0x735c78f79700>
CHEMBL5754632,CDK9,370.0,nM,O=C(Nc1cc(-c2ccc3nnn(CCCc4cccc(F)c4)c3c2)c(Cl)cn1)[C@@H]1CCCNC1,6.431798275933005,True,<rdkit.Chem.rdchem.Mol object at 0x735c78f79770>
CHEMBL5421048,CDK2,370.0,nM,Cn1cc(CCNc2ccc([N+](=O)[O-])cc2C(=O)O)c2ccc(F)cc21,6.431798275933005,True,<rdkit.Chem.rdchem.Mol object at 0x735c78f797e0>
CHEMBL503917,CDK2,370.0,nM,N#Cc1cnn2cccnc12,6.431798275933005,True,<rdkit.Chem.rdchem.Mol object at 0x735c78f79850>
CHEMBL3668416,CDK9,370.0,nM,CN1CCC(c2cc3c(-c4cccc(N(C)CCN5CCCC5=O)n4)ccnc3[nH]2)CC1,6.431798275933005,True,<rdkit.Chem.rdchem.Mol object at 0x735c78f798c0>
CHEMBL4455718,CDK9,370.0,nM,COC(=O)N1CCN([C@H]2CC[C@H](Nc3ncnc4ccc(C#N)cc34)CC2)CC1,6.431798275933005,True,<rdkit.Chem.rdchem.Mol object at 0x735c78f79930>
CHEMBL454645,CDK9,370.0,nM,CC1CCC(C(=O)Nc2ncc(SCc3ncc(C(C)(C)C)o3)s2)CN1,6.431798275933005,True,<rdkit.Chem.rdchem.Mol object at 0x735c78f799a0>
CHEMBL3641915,CDK6,370.0,nM,C[C@@H](O)Cn1c2cnccc2c2cnc(Nc3ccc(N4CCNCC4)cn3)nc21,6.431798275933005,True,<rdkit.Chem.rdchem.Mol object at 0x735c78f79a10>
CHEMBL4062453,CDK2,370.0,nM,CN(C)CCn1cc(-c2ccn3c(-c4ccc(C(N)=O)c(OCc5cccc(F)c5)c4)cnc3c2)cn1,6.431798275933005,True,<rdkit.Chem.rdchem.Mol object at 0x735c78f79a80>
CHEMBL4462530,CDK1,370.0,nM,CC(=O)N[C@@H]1CCC[C@H](C(=O)Nc2cc(-c3cnn4c3CC(C)(C)C4)c(Cl)cn2)C1,6.431798275933005,True,<rdkit.Chem.rdchem.Mol object at 0x735c78f79af0>
CHEMBL3702212,CDK4,370.0,nM,COCCn1c2cnccc2c2cnc(Nc3ccc(N4CCNCC4)cn3)nc21,6.431798275933005,True,<rdkit.Chem.rdchem.Mol object at 0x735c78f79b60>
CHEMBL3702240,CDK4,370.0,nM,CNC1CCN(c2ccc(Nc3ncc4c5ccncc5n([C@@H]5CCNC5)c4n3)nc2)CC1,6.431798275933005,True,<rdkit.Chem.rdchem.Mol object at 0x735c78f79bd0>
CHEMBL5754925,CDK2,371.0,nM,Cc1nc2c(F)cc(-c3nc(Nc4ccc5c(n4)CCN(C[C@@H](O)CN(C)C)C5)ncc3F)cc2n1C1CC1,6.430626090384954,True,<rdkit.Chem.rdchem.Mol object at 0x735c78f79c40>
CHEMBL5597651,CDK9,372.0,nM,COc1cc(F)ccc1-c1cc(Nc2cnn(CCCCCCC(=O)NO)c2)ncc1F,6.429457060118103,True,<rdkit.Chem.rdchem.Mol object at 0x735c78f79cb0>
CHEMBL5556607,CDK1,375.0,nM,CC(C)(O)Cn1cc(-c2nc(NC3CCN(S(=O)(=O)C4CC4)CC3)ncc2C#N)cn1,6.425968732272281,True,<rdkit.Chem.rdchem.Mol object at 0x735c78f79d20>
CHEMBL5207533,CDK2,375.0,nM,C[C@H]1CC[C@@H](n2c3cnccc3c3cnc(Nc4ccc5c(n4)CCN(C(=O)CO)C5)nc32)CC1,6.425968732272281,True,<rdkit.Chem.rdchem.Mol object at 0x735c78f79d90>
CHEMBL5558604,CDK9,375.4,nM,CC(C)c1cnn2c(NCc3ccc(NC(=O)CCCCCCO)cc3)nc(OC3CCN(C)CC3)nc12,6.425505731714672,True,<rdkit.Chem.rdchem.Mol object at 0x735c78f79e00>
CHEMBL82603,CDK2,376.0,nM,Cc1cc(-c2ccc[nH]2)c2c3c(ccc(F)c13)NC2=O,6.424812155072339,True,<rdkit.Chem.rdchem.Mol object at 0x735c78f79e70>
CHEMBL3655768,CDK9,380.0,nM,CC[C@H](Nc1nc(NCC2CC2)c2ncn(C(C)C)c2n1)[C@@H](C)O,6.42021640338319,True,<rdkit.Chem.rdchem.Mol object at 0x735c78f79ee0>
CHEMBL5542882,CDK9,380.0,nM,COc1ccc(CNC(=O)Cn2cc(COc3ccc4c(C)cc(=O)oc4c3C)nn2)cc1,6.42021640338319,True,<rdkit.Chem.rdchem.Mol object at 0x735c78f79f50>
CHEMBL367614,CDK1,380.0,nM,CCn1cnc2c(Nc3ccc(F)cc3)nc(NCCO)nc21,6.42021640338319,True,<rdkit.Chem.rdchem.Mol object at 0x735c78f79fc0>
CHEMBL3702214,CDK4,380.0,nM,COCCn1c2cnccc2c2cnc(Nc3ccc(N4CCC(N(C)C)CC4)cn3)nc21,6.42021640338319,True,<rdkit.Chem.rdchem.Mol object at 0x735c78f7a030>
CHEMBL3976450,CDK2,380.0,nM,CCS(=N)(=O)Cc1cccc(Nc2ncc(F)c(-c3ccc(F)cc3OC)n2)c1,6.42021640338319,True,<rdkit.Chem.rdchem.Mol object at 0x735c78f7a0a0>
CHEMBL3642012,CDK6,380.0,nM,FC(F)(F)CNC1CCN(c2ccc(Nc3ncc4c5ccncc5n(C5CCCC5)c4n3)nn2)CC1,6.42021640338319,True,<rdkit.Chem.rdchem.Mol object at 0x735c78f7a110>
CHEMBL5913087,CDK9,380.0,nM,CS(=O)(=O)c1ccc(CN2CCc3ccc(-c4cc(NC(=O)C5CCCNC5)ncc4Cl)cc32)cc1,6.42021640338319,True,<rdkit.Chem.rdchem.Mol object at 0x735c78f7a180>
CHEMBL6149920,CDK6,384.0,nM,CC(=O)N1CCC2(CC1)CC(=O)c1ccc(-c3nc(Nc4ccc(CN5CCN(C(=O)OC(C)(C)C)CC5)cn4)ncc3F)cc1O2,6.415668775632469,True,<rdkit.Chem.rdchem.Mol object at 0x735c78f7a1f0>
CHEMBL5597605,CDK9,384.5,nM,COc1cc(F)ccc1-c1cc(Nc2ccc(NC(=O)CCCCCCC(=O)NO)cc2)ncc1F,6.41510365586255,True,<rdkit.Chem.rdchem.Mol object at 0x735c78f7a260>
CHEMBL4439321,CDK9,385.0,nM,COc1cc(F)ccc1-c1ncnc(Nc2cccc(C[S@](C)(=N)=O)c2)n1,6.414539270491499,True,<rdkit.Chem.rdchem.Mol object at 0x735c78f7a2d0>
CHEMBL6161916,CDK6,389.0,nM,CC(=O)N1CCC2(CC1)CC(=O)c1ccc(-c3nc(Nc4ccc(CN5CCN(C(=O)C6CC6)CC5)cn4)ncc3F)cc1O2,6.410050398674292,True,<rdkit.Chem.rdchem.Mol object at 0x735c78f7a340>
CHEMBL552339,CDK1,390.0,nM,C[C@@H]1CNc2c(sc3ccc4nc(-c5ccncc5)ccc4c23)C(=O)N1,6.4089353929735005,True,<rdkit.Chem.rdchem.Mol object at 0x735c78f7a3b0>
CHEMBL3896241,CDK9,390.0,nM,O=C(O)CC1CCC(N2CC=C(c3[nH]c4nccc5c4c3COc3ccc(F)cc3-5)CC2)CC1,6.4089353929735005,True,<rdkit.Chem.rdchem.Mol object at 0x735c78f7a420>
CHEMBL5876277,CDK9,390.0,nM,CN(CCCNc1cc(-c2ccc3ncn(Cc4cccc(F)c4)c3c2)c(Cl)cn1)c1ccccc1,6.4089353929735005,True,<rdkit.Chem.rdchem.Mol object at 0x735c78f7a490>
CHEMBL3648098,CDK2,390.0,nM,C[C@H](CO)Nc1nc(Nc2ccc(S(C)(=O)=NS(=O)(=O)CC[Si](C)(C)C)cc2)ncc1Br,6.4089353929735005,True,<rdkit.Chem.rdchem.Mol object at 0x735c78f7a500>
CHEMBL2012415,CDK1,390.0,nM,Cn1cc(Nc2ncc3cnn([C@@H]4C[C@H]5C[C@H]5C4)c3n2)cc1C(=O)N1CCC[C@@H]1CN1CCOCC1,6.4089353929735005,True,<rdkit.Chem.rdchem.Mol object at 0x735c78f7a570>
CHEMBL1922211,CDK2,390.0,nM,CC[C@H](Nc1nc(NCc2cccnc2)c2ncn(C(C)C)c2n1)C(O)C(C)(C)C,6.4089353929735005,True,<rdkit.Chem.rdchem.Mol object at 0x735c78f7a5e0>
CHEMBL5173041,CDK1,390.0,nM,COc1cc(C(=O)N2CCCC2)ccc1-c1ccnc2[nH]c(-c3ccc(CN4CCOCC4)cc3)nc12,6.4089353929735005,True,<rdkit.Chem.rdchem.Mol object at 0x735c78f7a650>
CHEMBL2163607,CDK2,390.0,nM,N[C@H]1CC[C@H](Nc2cc(Nc3ccccc3Cl)n3nccc3n2)CC1,6.4089353929735005,True,<rdkit.Chem.rdchem.Mol object at 0x735c78f7a6c0>
CHEMBL6064706,CDK9,390.0,nM,CC(C)(CN)Nc1cc(-c2ccc3ncn(Cc4cccc(F)c4)c3c2)c(Cl)cn1,6.4089353929735005,True,<rdkit.Chem.rdchem.Mol object at 0x735c78f7a730>
CHEMBL6035906,CDK9,390.0,nM,Fc1cccc(Cn2cnc3ccc(-c4cc(NCc5cncnc5)ncc4Cl)cc32)c1,6.4089353929735005,True,<rdkit.Chem.rdchem.Mol object at 0x735c78f7a7a0>
CHEMBL3702231,CDK4,390.0,nM,CC[C@H](C)n1c2cnccc2c2cnc(Nc3ccc(N4CCNCC4)nn3)nc21,6.4089353929735005,True,<rdkit.Chem.rdchem.Mol object at 0x735c78f7a810>
CHEMBL3823007,CDK2,392.0,nM,Cc1nn(C2CCNCC2)cc1Nc1ncc(Cl)c(-c2cnc3ccccn23)n1,6.406713932979542,True,<rdkit.Chem.rdchem.Mol object at 0x735c78f7a880>
CHEMBL3822543,CDK2,392.0,nM,Cc1c(Nc2ncc(Cl)c(-c3cnc4ccccn34)n2)cnn1C1CCNCC1,6.406713932979542,True,<rdkit.Chem.rdchem.Mol object at 0x735c78f7a8f0>
CHEMBL362967,CDK1,392.0,nM,Brc1cnc(Nc2ccc3[nH]cnc3c2)nc1NC1CCCc2ccccc21,6.406713932979542,True,<rdkit.Chem.rdchem.Mol object at 0x735c78f7a960>
CHEMBL4215568,CDK6,392.0,nM,CCN1CCN(Cc2ccc(Nc3ncc(F)c(-c4cc(F)c5nc6n(c5c4)CC(C)C6)n3)nc2)CC1,6.406713932979542,True,<rdkit.Chem.rdchem.Mol object at 0x735c78f7a9d0>
CHEMBL3942483,CDK2,393.0,nM,O=C1NCC2(CCCC2)n2c1cc1cnc(Nc3ccc(C(=O)N4CCN(CC5CC5)CC4)cn3)nc12,6.405607449624574,True,<rdkit.Chem.rdchem.Mol object at 0x735c78f7aa40>
CHEMBL6146765,CDK2,393.6,nM,COCC(C)N1CCC(c2cc3c(-c4cnn(CC5CC5)c4)c(Cl)cnc3[nH]2)CC1,6.404944910240696,True,<rdkit.Chem.rdchem.Mol object at 0x735c78f7aab0>
CHEMBL498200,CDK9,395.0,nM,Nc1nccc(-c2cc3c([nH]2)C(CCC(F)(F)F)CNC3=O)n1,6.403402904373539,True,<rdkit.Chem.rdchem.Mol object at 0x735c78f7ab20>
CHEMBL5199065,CDK2,396.0,nM,CCC(CC)c1cc(N[C@H]2CC[C@H](N)C2)n2nccc2n1,6.402304814074488,True,<rdkit.Chem.rdchem.Mol object at 0x735c78f7ab90>
CHEMBL3698727,CDK6,396.0,nM,c1cc2c3cnc(Nc4ccc(NCC5CNC5)nn4)nc3n(C3CCCC3)c2cn1,6.402304814074488,True,<rdkit.Chem.rdchem.Mol object at 0x735c78f7ac00>
CHEMBL5431456,CDK2,396.35,nM,COc1ccc(Cc2nnc(N3CCN(C(=S)Nc4ccc(OC)cc4)CC3)c3ccccc23)cc1,6.401921137470582,True,<rdkit.Chem.rdchem.Mol object at 0x735c78f7ac70>
CHEMBL5517681,CDK2,397.9,nM,CC(=O)Nc1ccc(CNc2nc(N3CCC[C@H](O)C3)nc3c(C(C)C)cnn23)cc1,6.400226060853612,True,<rdkit.Chem.rdchem.Mol object at 0x735c78f7ace0>
CHEMBL103104,CDK1,398.0,nM,NS(=O)(=O)c1ccc(Nc2cc(-c3cccc(O)c3)n[nH]2)cc1,6.400116927926312,True,<rdkit.Chem.rdchem.Mol object at 0x735c78f7ad50>
CHEMBL319685,CDK1,398.0,nM,COc1cccc(-c2cc(Nc3ccc(S(N)(=O)=O)cc3)[nH]n2)c1,6.400116927926312,True,<rdkit.Chem.rdchem.Mol object at 0x735c78f7adc0>
CHEMBL5569715,CDK2,398.0,nM,CC(C)(O)Cn1cc(-c2nc(NC3CCN(S(=O)(=O)C4CC4)CC3)ncc2C(F)(F)F)cn1,6.400116927926312,True,<rdkit.Chem.rdchem.Mol object at 0x735c78f7ae30>
CHEMBL5527858,CDK2,398.4,nM,CC(=O)Nc1ccc(CNc2nc(N3CCC[C@@H](O)C3)nc3c(C(C)C)cnn23)cc1,6.399680670248339,True,<rdkit.Chem.rdchem.Mol object at 0x735c78f7aea0>
CHEMBL485602,CDK2,400.0,nM,COCCN(C)S(=O)(=O)c1ccc(Nc2nccc(-c3cnc(C)n3C)n2)cc1,6.3979400086720375,True,<rdkit.Chem.rdchem.Mol object at 0x735c78f7af10>
CHEMBL5746222,CDK9,400.0,nM,O=C(Nc1cc(-c2ccc3ncn(CC4CCOCC4)c3c2)c(Cl)cn1)[C@H]1CCC[C@@H](C(=O)N2CCC[C@H]2CO)C1,6.3979400086720375,True,<rdkit.Chem.rdchem.Mol object at 0x735c78f7af80>
CHEMBL495771,CDK4,400.0,nM,c1cc(-c2cnn3nc(N4CCOCC4)ccc23)nc(NC2CC2)n1,6.3979400086720375,True,<rdkit.Chem.rdchem.Mol object at 0x735c78f7aff0>
CHEMBL3940387,CDK2,400.0,nM,CC(C)c1c2cc(-c3ccnc(N[C@H]4CC[C@H](NC5CCOCC5)CC4)n3)ccc2nn1C,6.3979400086720375,True,<rdkit.Chem.rdchem.Mol object at 0x735c78f7b060>
CHEMBL555229,CDK2,400.0,nM,Sc1nn2c(COc3ccc(Cl)cc3)nnc2s1,6.3979400086720375,True,<rdkit.Chem.rdchem.Mol object at 0x735c78f7b0d0>
CHEMBL3935574,CDK9,400.0,nM,CN1Cc2c(C3=CC4CCCC(C3)N4S(C)(=O)=O)[nH]c3nccc(c23)-c2cc(F)ccc21,6.3979400086720375,True,<rdkit.Chem.rdchem.Mol object at 0x735c78f7b140>
CHEMBL329505,CDK1,400.0,nM,O=C1Cc2c([nH]c3ccc(C(F)(F)F)cc23)-c2ccccc2N1,6.3979400086720375,True,<rdkit.Chem.rdchem.Mol object at 0x735c78f7b1b0>
CHEMBL336283,CDK1,400.0,nM,CCC(C)(O)C#Cc1nc(NCCc2ccc(OC)cc2)c2ncn(C(C)C)c2n1,6.3979400086720375,True,<rdkit.Chem.rdchem.Mol object at 0x735c78f7b220>
CHEMBL1802728,CDK2,400.0,nM,CCN(CC)C(=O)c1ccc(Nc2nc(OCC3CCCCC3)c3nc[nH]c3n2)cc1,6.3979400086720375,True,<rdkit.Chem.rdchem.Mol object at 0x735c78f7b290>
CHEMBL284899,CDK1,400.0,nM,CCC(C)(O)C#Cc1nc(Nc2ccccc2)c2ncn(C(C)C)c2n1,6.3979400086720375,True,<rdkit.Chem.rdchem.Mol object at 0x735c78f7b300>
CHEMBL3979619,CDK9,400.0,nM,CCOC(=O)C1CC=C(c2[nH]c3nccc4c3c2CN(C)c2ccc(F)cc2-4)CC1,6.3979400086720375,True,<rdkit.Chem.rdchem.Mol object at 0x735c78f7b370>
CHEMBL3702213,CDK6,400.0,nM,COCCn1c2cnccc2c2cnc(Nc3ccc(N4CCNCC4)nn3)nc21,6.3979400086720375,True,<rdkit.Chem.rdchem.Mol object at 0x735c78f7b3e0>
CHEMBL203571,CDK2,400.0,nM,CCN(CC)c1cc(Nc2ccc(S(N)(=O)=O)cc2)n2ncnc2n1,6.3979400086720375,True,<rdkit.Chem.rdchem.Mol object at 0x735c78f7b450>
CHEMBL418203,CDK4,400.0,nM,CN1CCC(c2c(O)cc(O)c3c(=O)cc(-c4ccccc4Cl)oc23)[C@@H](O)C1,6.3979400086720375,True,<rdkit.Chem.rdchem.Mol object at 0x735c78f7b4c0>
CHEMBL3109949,CDK2,400.0,nM,COc1ccc(Nc2cc3[nH]c(-c4cn[nH]c4)cc3cn2)cc1,6.3979400086720375,True,<rdkit.Chem.rdchem.Mol object at 0x735c78f7b530>
CHEMBL296586,CDK1,400.0,nM,O=C1Cc2c([nH]c3ccc(Br)cc23)-c2ccccc2N1,6.3979400086720375,True,<rdkit.Chem.rdchem.Mol object at 0x735c78f7b5a0>
CHEMBL5187219,CDK9,400.0,nM,COc1cc(F)ccc1-c1ccnc2[nH]c(C3CCOCC3)cc12,6.3979400086720375,True,<rdkit.Chem.rdchem.Mol object at 0x735c78f7b610>
CHEMBL3946356,CDK9,400.0,nM,CN1Cc2c(C3CCNCC3)[nH]c3nccc(c23)-c2cc(F)ccc21,6.3979400086720375,True,<rdkit.Chem.rdchem.Mol object at 0x735c78f7b680>
CHEMBL388978,CDK6,402.0,nM,CN[C@@H]1C[C@H]2O[C@@](C)([C@@H]1OC)n1c3ccccc3c3c4c(c5c6ccccc6n2c5c31)C(=O)NC4,6.39577394691553,True,<rdkit.Chem.rdchem.Mol object at 0x735c78f7b6f0>
CHEMBL5512517,CDK2,402.6,nM,CC[C@@H](CO)Nc1cc(NCc2ccc(NC(C)=O)cc2)n2ncc(C(C)C)c2n1,6.395126229447364,True,<rdkit.Chem.rdchem.Mol object at 0x735c78f7b760>
CHEMBL390715,CDK1,404.8,nM,COc1ccc2cc3c4c(cc(OC)c(OC)c4c2c1)C(=O)N3,6.3927594961682574,True,<rdkit.Chem.rdchem.Mol object at 0x735c78f7b7d0>
CHEMBL3698686,CDK6,406.0,nM,Cc1cc(N2CCNCC2)cnc1Nc1ncc2c3ccncc3n(C3CCCC3)c2n1,6.391473966422806,True,<rdkit.Chem.rdchem.Mol object at 0x735c78f7b840>
CHEMBL102241,CDK2,407.0,nM,COc1ccc(-c2cc(Nc3ccc(S(N)(=O)=O)cc3)[nH]n2)cc1F,6.39040559077478,True,<rdkit.Chem.rdchem.Mol object at 0x735c78f7b8b0>
CHEMBL3921855,CDK2,410.0,nM,COc1cc(F)ccc1-c1nc(Nc2cccc(CS(=N)(=O)C3CC3)c2)ncc1F,6.3872161432802645,True,<rdkit.Chem.rdchem.Mol object at 0x735c78f7b920>
CHEMBL6024465,CDK9,410.0,nM,O[C@H]1CC[C@H](Nc2cc(-c3ccc4c(c3)N(Cc3cccc(F)c3)CC4)c(Cl)cn2)CC1,6.3872161432802645,True,<rdkit.Chem.rdchem.Mol object at 0x735c78f7b990>
CHEMBL389102,CDK1,410.0,nM,N#Cc1cnc(Nc2ccc(CCO)cc2)nc1-c1ccc2[nH]ccc2c1,6.3872161432802645,True,<rdkit.Chem.rdchem.Mol object at 0x735c78f7ba00>
CHEMBL569720,CDK2,410.0,nM,Cc1cc(Nc2nc(N[C@@H](C)c3ncc(F)cn3)c(C#N)nc2C)n[nH]1,6.3872161432802645,True,<rdkit.Chem.rdchem.Mol object at 0x735c78f7ba70>
CHEMBL3787112,CDK2,410.0,nM,Nc1ncnc2c1c(-c1cccc(O)c1)cn2[C@H]1C[C@@H](CN2CCC2)C1,6.3872161432802645,True,<rdkit.Chem.rdchem.Mol object at 0x735c78f7bae0>
CHEMBL5867965,CDK9,410.0,nM,CN1CCC(Nc2cc(-c3ccc4ncn(Cc5cccc(F)c5)c4c3)c(Cl)cn2)CC1,6.3872161432802645,True,<rdkit.Chem.rdchem.Mol object at 0x735c78f7bb50>
CHEMBL3934257,CDK2,410.0,nM,COc1cc(F)ccc1-c1nc(Nc2cc(F)cc(CS(=N)(=O)C3CC3)c2)ncc1F,6.3872161432802645,True,<rdkit.Chem.rdchem.Mol object at 0x735c78f7bbc0>
CHEMBL4214898,CDK1,411.9,nM,CCN1CCN(Cc2ccc(Nc3cc(-c4cc(F)c5nc(C)n(C(C)C)c5c4)ncn3)nc2)CC1,6.385208208043583,True,<rdkit.Chem.rdchem.Mol object at 0x735c78f7bc30>
CHEMBL248370,CDK2,412.0,nM,CCNC(=O)N1CCC(Nc2ncc(C#N)c(-c3c[nH]c4cc(F)ccc34)n2)CC1,6.3851027839668655,True,<rdkit.Chem.rdchem.Mol object at 0x735c78f7bca0>
CHEMBL5517691,CDK2,412.15,nM,CC(=O)Nc1ccc(CNc2nc(O[C@@H]3CCCNC3)nc3c(C(C)C)cnn23)cc1,6.384944695820279,True,<rdkit.Chem.rdchem.Mol object at 0x735c78f7bd10>
CHEMBL6044246,CDK2,413.0,nM,Cc1nc2c(F)cc(-c3nc(Nc4ccc5c(n4)CCN(CC(=O)N(C)C)C5)ncc3F)cc2n1C1CC1,6.384049948343598,True,<rdkit.Chem.rdchem.Mol object at 0x735c78f7bd80>
CHEMBL4470529,CDK4,417.0,nM,COc1cc(N2CCN(CCN(C)C)C2=O)ccc1Nc1ncc(Cl)c(Nc2ccccc2S(=O)(=O)C(C)C)n1,6.379863945026242,True,<rdkit.Chem.rdchem.Mol object at 0x735c78f7bdf0>
CHEMBL3932161,CDK9,417.0,nM,CC[C@@H]1c2c(C3=CCNCC3)[nH]c3nccc(c23)-c2cc(F)ccc2N1C,6.379863945026242,True,<rdkit.Chem.rdchem.Mol object at 0x735c78f7be60>
CHEMBL1800462,CDK1,420.0,nM,CN1CCN(c2cc(-c3cc(N4C[C@H](O)[C@@H](O)C4)ccc3O)nc(N)n2)CC1,6.376750709602099,True,<rdkit.Chem.rdchem.Mol object at 0x735c78f7bf40>
CHEMBL5572884,CDK1,420.0,nM,Cc1ccc(O)c(C)c1-n1c(N)c(C(=O)N2CCn3nccc3C2)c2nc(C)c(C)nc21,6.376750709602099,True,<rdkit.Chem.rdchem.Mol object at 0x735c78f180b0>
CHEMBL3915748,CDK9,420.0,nM,CN1Cc2c(C3=CCNCC3(C)C)[nH]c3nccc(c23)-c2cc(F)ccc21,6.376750709602099,True,<rdkit.Chem.rdchem.Mol object at 0x735c78f18120>
CHEMBL2035045,CDK2,420.0,nM,CN1C/C=C/COCc2cncc(c2)-c2ccnc(n2)Nc2cccc(c2)C1,6.376750709602099,True,<rdkit.Chem.rdchem.Mol object at 0x735c78f18190>
CHEMBL2403083,CDK1,422.0,nM,NC1CCC(Nc2nc(NCc3ccc(-c4cccc(F)c4)cc3)c3ncn(C4CCCC4)c3n2)CC1,6.374687549038326,True,<rdkit.Chem.rdchem.Mol object at 0x735c78f18200>
CHEMBL6165559,CDK6,423.0,nM,CC(=O)N1CCN(Cc2ccc(Nc3ncc(F)c(-c4ccc5c(c4)OC4(CCN(C(C)=O)CC4)CC5=O)n3)nc2)CC1,6.373659632624958,True,<rdkit.Chem.rdchem.Mol object at 0x735c78f18270>
CHEMBL4647459,CDK9,424.0,nM,O=C1/C(=C/c2c[nH]c3ncccc23)CCc2ccccc21,6.372634143407268,True,<rdkit.Chem.rdchem.Mol object at 0x735c78f182e0>
CHEMBL5436482,CDK2,425.83,nM,COc1cccc(NC(=S)N2CCN(c3nnc(Cc4ccccc4)c4ccccc34)CC2)c1,6.370763745491634,True,<rdkit.Chem.rdchem.Mol object at 0x735c78f18350>
CHEMBL6144286,CDK1,427.7,nM,Cn1cc(-c2c(Cl)cnc3[nH]c(C4CCNCC4)cc23)cn1,6.368860749743189,True,<rdkit.Chem.rdchem.Mol object at 0x735c78f183c0>
CHEMBL365209,CDK2,428.0,nM,Nc1nc2ccc(C(=O)c3ccccc3Cl)cn2c1C(=O)c1c(F)cccc1F,6.368556230986828,True,<rdkit.Chem.rdchem.Mol object at 0x735c78f18430>
CHEMBL3916775,CDK2,430.0,nM,CNC(=O)N=S(C)(=O)Cc1cccc(Nc2ncc(F)c(-c3ccc(F)cc3OC)n2)c1,6.366531544420413,True,<rdkit.Chem.rdchem.Mol object at 0x735c78f184a0>
CHEMBL25840,CDK1,430.0,nM,CCC(C)(O)C#Cc1nc(NCc2ccc(Cl)c(Cl)c2)c2ncn(C(C)C)c2n1,6.366531544420413,True,<rdkit.Chem.rdchem.Mol object at 0x735c78f18510>
CHEMBL3641969,CDK4,430.0,nM,CNC1CCN(c2ccc(Nc3ncc4c5ccncc5n(C[C@H](C)O)c4n3)nn2)CC1,6.366531544420413,True,<rdkit.Chem.rdchem.Mol object at 0x735c78f18580>
CHEMBL77369,CDK1,430.0,nM,CC(C)n1cnc2c(Nc3cccc(Cl)c3)nc(N3CCC[C@@H]3CO)nc21,6.366531544420413,True,<rdkit.Chem.rdchem.Mol object at 0x735c78f185f0>
CHEMBL3823030,CDK1,430.0,nM,Cc1nn(C2CCN(C(=O)[C@@H](C)O)CC2)c(C)c1Nc1ncc(Cl)c(-c2cnn3ccccc23)n1,6.366531544420413,True,<rdkit.Chem.rdchem.Mol object at 0x735c78f18660>
CHEMBL3085248,CDK1,430.0,nM,CC(C)n1cnc2c(Nc3ccc(Cl)c(Cl)c3)nc(N3CCC[C@@H]3CO)nc21,6.366531544420413,True,<rdkit.Chem.rdchem.Mol object at 0x735c78f186d0>
CHEMBL3085245,CDK1,430.0,nM,CC(C)n1cnc2c(NCc3ccc(Cl)c(Cl)c3)nc(N3CCC[C@@H]3CO)nc21,6.366531544420413,True,<rdkit.Chem.rdchem.Mol object at 0x735c78f18740>
CHEMBL5751605,CDK9,430.0,nM,O=C(Nc1cc(-c2ccc3c(c2)N(CC2CCCN2)CC3)c(Cl)cn1)C1CCCNC1,6.366531544420413,True,<rdkit.Chem.rdchem.Mol object at 0x735c78f187b0>
CHEMBL3698727,CDK4,430.0,nM,c1cc2c3cnc(Nc4ccc(NCC5CNC5)nn4)nc3n(C3CCCC3)c2cn1,6.366531544420413,True,<rdkit.Chem.rdchem.Mol object at 0x735c78f18820>
CHEMBL5849915,CDK9,430.0,nM,O=C(Nc1cc(-c2ccc3ncn(CC4CCOCC4)c3c2)c(Cl)cn1)[C@H]1CCN1,6.366531544420413,True,<rdkit.Chem.rdchem.Mol object at 0x735c78f18890>
CHEMBL194028,CDK1,430.0,nM,Fc1cnc(Nc2ccc3[nH]cnc3c2)nc1Nc1ccc2[nH]cnc2c1,6.366531544420413,True,<rdkit.Chem.rdchem.Mol object at 0x735c78f18900>
CHEMBL3668376,CDK9,430.0,nM,COc1ccc(F)cc1-c1ccnc2[nH]c(C3CCCN3C)cc12,6.366531544420413,True,<rdkit.Chem.rdchem.Mol object at 0x735c78f18970>
CHEMBL5558295,CDK2,433.6,nM,CC(=O)Nc1ccc(CNc2nc(O[C@H]3CCCNC3)nc3c(C(C)C)cnn23)cc1,6.36291072646967,True,<rdkit.Chem.rdchem.Mol object at 0x735c78f189e0>
CHEMBL5518081,CDK2,436.8,nM,CC(=O)Nc1ccc(CNc2nc(NC3COC3)nc3c(C(C)C)cnn23)cc1,6.359717370303319,True,<rdkit.Chem.rdchem.Mol object at 0x735c78f18a50>
CHEMBL234451,CDK1,439.0,nM,Cc1nc(C)c(-c2nc(Nc3ccc(CCN(C)C)cc3)ncc2Cl)s1,6.357535479757878,True,<rdkit.Chem.rdchem.Mol object at 0x735c78f18ac0>
CHEMBL5558178,CDK1,439.2,nM,CC(C)n1nnc2ccc(-c3ccnc(Nc4cc(C(=O)N5CCCN(C)CC5)ccn4)c3)cc21,6.357337668557964,True,<rdkit.Chem.rdchem.Mol object at 0x735c78f18ba0>
CHEMBL171975,CDK1,440.0,nM,CCn1cnc2c(Nc3cccc(F)c3)nc(NCCO)nc21,6.356547323513812,True,<rdkit.Chem.rdchem.Mol object at 0x735c78f18c10>
CHEMBL6028204,CDK9,440.0,nM,CN(C)CCCn1cnc2ccc(-c3cc(NC(=O)[C@@H]4CCCNC4)ncc3Cl)cc21,6.356547323513812,True,<rdkit.Chem.rdchem.Mol object at 0x735c78f18c80>
CHEMBL4758821,CDK9,440.0,nM,CC(=O)N[C@@H]1CCC[C@H](C(=O)Nc2cc(-c3cnn(C)c3C)c(Cl)cn2)C1,6.356547323513812,True,<rdkit.Chem.rdchem.Mol object at 0x735c78f18cf0>
CHEMBL336242,CDK2,440.0,nM,O=C(Nc1cc(CN[C@H]2Cc3ccc(Cl)cc3C2)n[nH]1)Nc1cccc2c1[C@@H]1CCCN1C2=O,6.356547323513812,True,<rdkit.Chem.rdchem.Mol object at 0x735c78f18d60>
CHEMBL5439522,CDK2,440.0,nM,Cn1cc(CCNc2ccc([N+](=O)[O-])cc2C(=O)O)c2ccc(Cl)cc21,6.356547323513812,True,<rdkit.Chem.rdchem.Mol object at 0x735c78f18dd0>
CHEMBL361196,CDK2,440.0,nM,O=C(Nc1ncnc2oc(-c3cccnc3)cc12)C1CC1,6.356547323513812,True,<rdkit.Chem.rdchem.Mol object at 0x735c78f18e40>
CHEMBL4062453,CDK4,441.0,nM,CN(C)CCn1cc(-c2ccn3c(-c4ccc(C(N)=O)c(OCc5cccc(F)c5)c4)cnc3c2)cn1,6.355561410532161,True,<rdkit.Chem.rdchem.Mol object at 0x735c78f18eb0>
CHEMBL5979966,CDK1,443.0,nM,Cc1nc2c(F)cc(-c3nc(Nc4ccc5c(n4)CCN(CCN4CCN(C)CC4)C5)ncc3F)cc2n1C(C)(C)C,6.3535962737769305,True,<rdkit.Chem.rdchem.Mol object at 0x735c78f18f20>
CHEMBL1800463,CDK2,450.0,nM,Nc1nc(NCCN2CCOCC2)cc(-c2cc(N3C[C@H](O)[C@@H](O)C3)ccc2O)n1,6.346787486224656,True,<rdkit.Chem.rdchem.Mol object at 0x735c78f18f90>
CHEMBL14762,CDK1,450.0,nM,CC[C@H](CO)Nc1nc(NCc2ccccc2)c2ncn(C(C)C)c2n1,6.346787486224656,True,<rdkit.Chem.rdchem.Mol object at 0x735c78f19070>
CHEMBL176488,CDK1,450.0,nM,CCn1cnc2c(Nc3ccc(F)cc3)nc(NCCN)nc21,6.346787486224656,True,<rdkit.Chem.rdchem.Mol object at 0x735c78f190e0>
CHEMBL3823030,CDK9,450.0,nM,Cc1nn(C2CCN(C(=O)[C@@H](C)O)CC2)c(C)c1Nc1ncc(Cl)c(-c2cnn3ccccc23)n1,6.346787486224656,True,<rdkit.Chem.rdchem.Mol object at 0x735c78f19150>
CHEMBL3668436,CDK9,450.0,nM,CN1CCC(c2cc3c(-c4nc(NCC5CCNCC5)ccc4Cl)ccnc3[nH]2)CC1,6.346787486224656,True,<rdkit.Chem.rdchem.Mol object at 0x735c78f191c0>
CHEMBL2064628,CDK2,450.0,nM,CN(C)C[C@@H](OC(=O)N1Cc2c(NC(=O)C(C)(C)C)n[nH]c2C1(C)C)c1ccccc1,6.346787486224656,True,<rdkit.Chem.rdchem.Mol object at 0x735c78f19230>
CHEMBL1800453,CDK2,450.0,nM,CCCCCCc1cc(-c2cc(N3C[C@H](O)[C@@H](O)C3)ccc2O)nc(N)n1,6.346787486224656,True,<rdkit.Chem.rdchem.Mol object at 0x735c78f192a0>
CHEMBL521871,CDK2,450.0,nM,CN(C)CC(O)COc1ccc(Nc2nccc(-c3cnn4nc(N5CCOCC5)ccc34)n2)cc1,6.346787486224656,True,<rdkit.Chem.rdchem.Mol object at 0x735c78f19310>
CHEMBL3085252,CDK1,450.0,nM,CC(C)n1cnc2c(NCc3cccc(I)c3)nc(N3CCC[C@@H]3CO)nc21,6.346787486224656,True,<rdkit.Chem.rdchem.Mol object at 0x735c78f19380>
CHEMBL182419,CDK2,450.0,nM,O=C(Nc1ncnc2oc(-c3cccnc3)cc12)C1CCCC1,6.346787486224656,True,<rdkit.Chem.rdchem.Mol object at 0x735c78f193f0>
CHEMBL540874,CDK1,450.0,nM,CCn1cnc2c(Nc3ccc(F)cc3)nc(NCCN)nc21.Cl,6.346787486224656,True,<rdkit.Chem.rdchem.Mol object at 0x735c78f19460>
CHEMBL232749,CDK1,450.0,nM,Cc1cc(N2CCCS2(=O)=O)c2oc(-c3ccc(O)cc3)c(O)c(=O)c2c1,6.346787486224656,True,<rdkit.Chem.rdchem.Mol object at 0x735c78f194d0>
CHEMBL488436,CDK4,450.0,nM,Cc1ncc(-c2ccnc(Nc3ccc(S(C)(=O)=O)cc3)n2)n1C(C)C,6.346787486224656,True,<rdkit.Chem.rdchem.Mol object at 0x735c78f19540>
CHEMBL1271564,CDK4,451.0,nM,CC(C)c1n[nH]cc1-c1ccnc(Nc2ccc(N3CCNCC3)cn2)n1,6.345823458122039,True,<rdkit.Chem.rdchem.Mol object at 0x735c78f195b0>
CHEMBL189047,CDK2,455.0,nM,C[C@@H](C(=O)Nc1cc(C2CC2)[nH]n1)c1ccc(N2CCNC2=O)cc1,6.341988603342887,True,<rdkit.Chem.rdchem.Mol object at 0x735c78f19690>
CHEMBL5404411,CDK2,455.48,nM,COc1ccc(Cc2nnc(N3CCN(C(=O)c4ccccc4)CC3)c3ccccc23)cc1,6.34153068802212,True,<rdkit.Chem.rdchem.Mol object at 0x735c78f19700>
CHEMBL296468,CDK9,458.0,nM,CC(C)(C)c1cnc(CSc2cnc(NC(=O)C3CCNCC3)s2)o1,6.339134521996131,True,<rdkit.Chem.rdchem.Mol object at 0x735c78f19770>
CHEMBL2158861,CDK2,460.0,nM,CNC(=O)Nc1ccc(-c2cc(-c3ccnc(Nc4ccc(C)c(S(=O)(=O)N(C)C)c4)n3)ccn2)cc1,6.337242168318426,True,<rdkit.Chem.rdchem.Mol object at 0x735c78f197e0>
CHEMBL5203908,CDK2,460.0,nM,CNS(=O)(=O)c1ccc(Nc2ncc3c(n2)N([C@@H](C)C2CC2)C(=O)C32CC2)cc1,6.337242168318426,True,<rdkit.Chem.rdchem.Mol object at 0x735c78f19850>
CHEMBL5190590,CDK2,460.0,nM,CNS(=O)(=O)c1ccc(Nc2ncc3c(n2)N(c2cc(F)ccc2Cl)C(=O)C32CC2)cc1,6.337242168318426,True,<rdkit.Chem.rdchem.Mol object at 0x735c78f198c0>
CHEMBL578201,CDK2,460.0,nM,Cc1cc(Nc2nc(N[C@@H](C)c3ccc(F)cn3)c(C#N)nc2C)n[nH]1,6.337242168318426,True,<rdkit.Chem.rdchem.Mol object at 0x735c78f19930>
CHEMBL233380,CDK1,461.0,nM,CN(C)CCc1ccc(Nc2ncc(Cl)c(-c3cccs3)n2)cc1,6.336299074610352,True,<rdkit.Chem.rdchem.Mol object at 0x735c78f199a0>
CHEMBL5418155,CDK6,462.0,nM,Sc1nnc(-c2c[nH]c3ccccc23)n1/N=C/c1ccc(Br)cc1,6.335358024443874,True,<rdkit.Chem.rdchem.Mol object at 0x735c78f19a80>
CHEMBL402548,CDK2,462.0,nM,CO[C@@H](C(=O)N1Cc2[nH]nc(NC(=O)c3ccc(N4CCN(C)CC4)cc3)c2C1)c1ccccc1,6.335358024443874,True,<rdkit.Chem.rdchem.Mol object at 0x735c78f19af0>
CHEMBL3684994,CDK4,463.0,nM,CC(=O)N1Cc2ccc(Nc3ncc4c5ccncc5n([C@H]5CC[C@H](C)CC5)c4n3)nc2[C@@H](C)C1,6.334419008982047,True,<rdkit.Chem.rdchem.Mol object at 0x735c78f19b60>
CHEMBL6146319,CDK6,465.0,nM,CN1CCN(c2ccc(Nc3ncc(F)c(-c4ccc5c(c4)OC4(CCC6(CC4)OCCO6)CC5=O)n3)nc2)CC1,6.332547047110046,True,<rdkit.Chem.rdchem.Mol object at 0x735c78f19c40>
CHEMBL379193,CDK1,466.0,nM,CCOC(=O)CCC(=O)NS(=O)(=O)c1ccc(Nc2nc(N)n(C(=O)c3c(F)cccc3F)n2)cc1,6.33161408331,True,<rdkit.Chem.rdchem.Mol object at 0x735c78f19cb0>
CHEMBL5084166,CDK9,467.0,nM,Cc1nc2ccc(-c3cc(N)nc(N)c3)nc2n1C[C@@H](C)Oc1cccc(Br)n1,6.330683119433887,True,<rdkit.Chem.rdchem.Mol object at 0x735c78f19d20>
CHEMBL1272171,CDK4,468.0,nM,CC(C)c1n[nH]c(C(F)(F)F)c1-c1ccnc(Nc2ccc(N3CCC(N(C)C)CC3)cn2)n1,6.329754146925875,True,<rdkit.Chem.rdchem.Mol object at 0x735c78f19d90>
CHEMBL5402829,CDK2,470.0,nM,O=C(Nc1cnccc1-c1ccc(F)cc1)c1ccnc(Nc2ccc(F)cc2)n1,6.327902142064282,True,<rdkit.Chem.rdchem.Mol object at 0x735c78f19e00>
CHEMBL5846717,CDK9,470.0,nM,O=C(Nc1cc(-c2ccc3c(c2)N(Cc2cccc4c2OCCO4)CC3)c(Cl)cn1)C1CCCNC1,6.327902142064282,True,<rdkit.Chem.rdchem.Mol object at 0x735c78f19e70>
CHEMBL5869791,CDK9,470.0,nM,CNCCCNc1cc(-c2ccc3ncn(Cc4cccc(F)c4)c3c2)c(Cl)cn1,6.327902142064282,True,<rdkit.Chem.rdchem.Mol object at 0x735c78f19ee0>
CHEMBL5202653,CDK2,470.0,nM,CC(=O)N(c1ccc(-c2cnn(C)c2)cc1)C1CCC(Nc2ccc(C#N)cn2)CC1,6.327902142064282,True,<rdkit.Chem.rdchem.Mol object at 0x735c78f19f50>
CHEMBL4439321,CDK2,470.0,nM,COc1cc(F)ccc1-c1ncnc(Nc2cccc(C[S@](C)(=N)=O)c2)n1,6.327902142064282,True,<rdkit.Chem.rdchem.Mol object at 0x735c78f19fc0>
CHEMBL5072926,CDK9,470.0,nM,Cc1nc2ccc(-c3cc(N)nc(N)c3)nc2n1CCC1CCCCC1,6.327902142064282,True,<rdkit.Chem.rdchem.Mol object at 0x735c78f1a030>
CHEMBL5974351,CDK9,470.0,nM,CN1CCC(CN2CCc3ccc(-c4cc(NC(=O)C5CCCNC5)ncc4Cl)cc32)CC1,6.327902142064282,True,<rdkit.Chem.rdchem.Mol object at 0x735c78f1a0a0>
CHEMBL245174,CDK1,470.0,nM,N#Cc1cnc(Nc2ccc(CCO)cc2)nc1-c1cccs1,6.327902142064282,True,<rdkit.Chem.rdchem.Mol object at 0x735c78f1a110>
CHEMBL3641917,CDK4,470.0,nM,C[C@@H](O)Cn1c2cnccc2c2cnc(Nc3ccc(N4CC[C@@H](O)C4)cn3)nc21,6.327902142064282,True,<rdkit.Chem.rdchem.Mol object at 0x735c78f1a180>
CHEMBL5597381,CDK9,473.2,nM,O=C(CCCCCn1cc(Nc2cc(-c3cccc(NCC4CCOCC4)n3)c(Cl)cn2)cn1)NO,6.324955264044107,True,<rdkit.Chem.rdchem.Mol object at 0x735c78f1a1f0>
CHEMBL3354192,CDK2,476.0,nM,COC1CCN(c2nccc(Nc3cc4c(C(C)C)n[nH]c4cn3)n2)CC1,6.3223930472795065,True,<rdkit.Chem.rdchem.Mol object at 0x735c78f1a260>
CHEMBL5274920,CDK2,477.0,nM,C=CC(=O)Nc1ccc(C(=O)Nc2n[nH]c3ccc(-c4cncc(NC(=O)[C@@H](N)Cc5ccccc5)c4)cc23)cc1,6.321481620959887,True,<rdkit.Chem.rdchem.Mol object at 0x735c78f1a2d0>
CHEMBL3698718,CDK4,477.0,nM,CC1CCN(c2cnc(Nc3ncc4c5ccncc5n(C5CCCC5)c4n3)cn2)C1,6.321481620959887,True,<rdkit.Chem.rdchem.Mol object at 0x735c78f1a340>
CHEMBL6065800,CDK1,478.0,nM,CN1CCN(S(=O)(=O)c2ccc(Nc3ncc4cc5n(c4n3)C3(CCCCC3)C(=O)NN5)cc2)CC1,6.320572103387882,True,<rdkit.Chem.rdchem.Mol object at 0x735c78f1a3b0>
CHEMBL3644031,CDK2,480.0,nM,CS(=O)(=O)c1ccc(Nc2ncc(C(F)(F)F)c(OC3CCCCC3)n2)cc1,6.318758762624412,True,<rdkit.Chem.rdchem.Mol object at 0x735c78f1a420>
CHEMBL385362,CDK4,480.0,nM,O=C1c2cccc(-c3nc4ccccc4nc3O)c2C2CCCN12,6.318758762624412,True,<rdkit.Chem.rdchem.Mol object at 0x735c78f1a490>
CHEMBL296468,CDK1,480.0,nM,CC(C)(C)c1cnc(CSc2cnc(NC(=O)C3CCNCC3)s2)o1,6.318758762624412,True,<rdkit.Chem.rdchem.Mol object at 0x735c78f1a500>
CHEMBL4742985,CDK2,480.0,nM,NC(=O)c1cccc(Nc2nc(OCC3CCCCC3)c3nc[nH]c3n2)c1,6.318758762624412,True,<rdkit.Chem.rdchem.Mol object at 0x735c78f1a5e0>
CHEMBL260928,CDK2,484.0,nM,O=C(Nc1n[nH]c2cc(-c3ccsc3)ccc12)C1CC1,6.315154638355588,True,<rdkit.Chem.rdchem.Mol object at 0x735c78f1a650>
CHEMBL6033665,CDK2,486.0,nM,Cc1nc2c(F)cc(-c3nc(Nc4ccc5c(n4)CCNC5)ncc3F)cc2n1C,6.313363730737707,True,<rdkit.Chem.rdchem.Mol object at 0x735c78f1a6c0>
CHEMBL4740156,CDK9,488.5,nM,Cc1ccc(-c2ccnc(Nc3ccc4c(c3)N(C(C)C)[C@H](C)C(=O)N4C)n2)cc1,6.311135431945209,True,<rdkit.Chem.rdchem.Mol object at 0x735c78f1a730>
CHEMBL103039,CDK2,490.0,nM,NS(=O)(=O)c1ccc(Nc2cc(-c3cccc(N4CCOCC4)c3)[nH]n2)cc1,6.309803919971486,True,<rdkit.Chem.rdchem.Mol object at 0x735c78f1a7a0>
CHEMBL3673498,CDK9,490.0,nM,CS(=O)(=O)N1CC=C(c2cc3c(-c4cccc(NCc5ccccc5Cl)n4)ccnc3[nH]2)CC1,6.309803919971486,True,<rdkit.Chem.rdchem.Mol object at 0x735c78f1a810>
CHEMBL254050,CDK2,490.0,nM,CC(=O)N1CCN(C(=O)c2cc(Sc3cnc(Nc4cccc(Br)n4)s3)ccc2C)CC1,6.309803919971486,True,<rdkit.Chem.rdchem.Mol object at 0x735c78f1a880>
CHEMBL515854,CDK4,490.0,nM,COCCS(=O)(=O)c1ccc(Nc2nccc(-c3cnc(C)n3C(C)C)n2)cc1,6.309803919971486,True,<rdkit.Chem.rdchem.Mol object at 0x735c78f1a8f0>
CHEMBL3663756,CDK9,490.0,nM,COc1ccc(NCc2ccccc2)nc1-c1ccnc2[nH]c(C3CCCNC3)cc12,6.309803919971486,True,<rdkit.Chem.rdchem.Mol object at 0x735c78f1a960>
CHEMBL5832698,CDK1,491.0,nM,Cc1nc2c(F)cc(-c3nc(Nc4ccc5c(n4)CCN(C(=O)[C@@H](C)N(C)C)C5)ncc3F)cc2n1C1CC1,6.308918507877031,True,<rdkit.Chem.rdchem.Mol object at 0x735c78f1a9d0>
CHEMBL3822858,CDK2,494.0,nM,COc1nn(C2CCN(C(C)=O)CC2)cc1Nc1ncc(Cl)c(-c2cnc3ccccn23)n1,6.306273051076353,True,<rdkit.Chem.rdchem.Mol object at 0x735c78f1aa40>
CHEMBL209280,CDK1,494.0,nM,Nc1nc(Nc2ccc(S(=O)(=O)NC(=O)CCC(=O)O)cc2)nn1C(=O)c1c(F)cccc1F,6.306273051076353,True,<rdkit.Chem.rdchem.Mol object at 0x735c78f1aab0>
CHEMBL260929,CDK2,497.0,nM,O=C(Nc1n[nH]c2cc(-c3ccc[nH]3)ccc12)C1CC1,6.303643611266668,True,<rdkit.Chem.rdchem.Mol object at 0x735c78f1ab20>
CHEMBL5285145,CDK2,499.0,nM,N[C@@H](COc1cncc(-c2ccc3[nH]nc(NC(=O)c4ccccc4)c3c2)c1)Cc1ccccc1,6.30189945437661,True,<rdkit.Chem.rdchem.Mol object at 0x735c78f1ab90>
CHEMBL4462530,CDK4,499.0,nM,CC(=O)N[C@@H]1CCC[C@H](C(=O)Nc2cc(-c3cnn4c3CC(C)(C)C4)c(Cl)cn2)C1,6.30189945437661,True,<rdkit.Chem.rdchem.Mol object at 0x735c78f1ac00>
CHEMBL497196,CDK4,500.0,nM,c1cc(-c2cnn3nc(N4CCCC4)ccc23)nc(NC2CC2)n1,6.301029995663981,True,<rdkit.Chem.rdchem.Mol object at 0x735c78f1ac70>
CHEMBL100391,CDK2,500.0,nM,CN(C)CC(O)COc1ccc(Nc2ncc(Cl)c(Nc3ccccc3)n2)cc1,6.301029995663981,True,<rdkit.Chem.rdchem.Mol object at 0x735c78f1ace0>
CHEMBL445125,CDK1,500.0,nM,CCC(O)C#Cc1nc(NCc2ccccc2)c2ncn(C(C)C)c2n1,6.301029995663981,True,<rdkit.Chem.rdchem.Mol object at 0x735c78f1ad50>
CHEMBL436368,CDK1,500.0,nM,COc1ccc(CNc2nc(C#CC3(O)CCCCCC3)nc3c2ncn3C(C)C)cc1,6.301029995663981,True,<rdkit.Chem.rdchem.Mol object at 0x735c78f1adc0>
CHEMBL5287103,CDK9,500.0,nM,O=C1N=NC(=O)/C(=C/Nc2ccc(-c3nc4ncccc4[nH]3)cc2)C(=O)N1,6.301029995663981,True,<rdkit.Chem.rdchem.Mol object at 0x735c78f1ae30>
CHEMBL2029903,CDK1,500.0,nM,CN1CCN(C(=O)c2cc(Nc3ncc4cc(C(N)=O)n(C5CCCC5)c4n3)cn2C)CC1,6.301029995663981,True,<rdkit.Chem.rdchem.Mol object at 0x735c78f1aea0>
CHEMBL257625,CDK2,500.0,nM,CCNc1ccc2[nH]nc(NC(=O)Cc3ccccc3)c2c1,6.301029995663981,True,<rdkit.Chem.rdchem.Mol object at 0x735c78f1af10>
CHEMBL193456,CDK2,500.0,nM,CN(C)S(=O)(=O)c1ccc(Nc2ccc(C(=O)c3c(F)cccc3F)c(N)n2)cc1,6.301029995663981,True,<rdkit.Chem.rdchem.Mol object at 0x735c78f1af80>
CHEMBL3698677,CDK6,500.0,nM,COc1cc2c3cnc(Nc4ccc(N5CCNCC5)cn4)nc3n(C3CCCC3)c2cn1,6.301029995663981,True,<rdkit.Chem.rdchem.Mol object at 0x735c78f1aff0>
CHEMBL177434,CDK1,500.0,nM,OCCCNc1cc(-c2cncc(Nc3cccc(Cl)c3)n2)ccn1,6.301029995663981,True,<rdkit.Chem.rdchem.Mol object at 0x735c78f1b060>
CHEMBL5275774,CDK9,500.0,nM,O=C1N=NC(=O)/C(=C\Nc2ccc(-c3nc4ncccc4[nH]3)cc2)C(=O)N1,6.301029995663981,True,<rdkit.Chem.rdchem.Mol object at 0x735c78f1b0d0>
CHEMBL477063,CDK2,500.0,nM,COc1cnc(CN/C=C2\C(=O)NC(=O)c3ccc(I)cc32)cc1O,6.301029995663981,True,<rdkit.Chem.rdchem.Mol object at 0x735c78f1b140>
CHEMBL3655769,CDK9,500.0,nM,CC[C@H](Nc1nc(NC2CCC2)c2ncn(C(C)C)c2n1)[C@@H](C)O,6.301029995663981,True,<rdkit.Chem.rdchem.Mol object at 0x735c78f1b1b0>
CHEMBL317378,CDK4,500.0,nM,CN(C)CC(O)COc1ccc(Nc2cc(N(CCC#N)c3cc(Cl)ccc3Cl)ncn2)cc1,6.301029995663981,True,<rdkit.Chem.rdchem.Mol object at 0x735c78f1b220>
CHEMBL107530,CDK2,500.0,nM,Nc1nc(Nc2cccc(Br)c2)nc(OCC2CCCCC2)c1N=O,6.301029995663981,True,<rdkit.Chem.rdchem.Mol object at 0x735c78f1b290>
CHEMBL3798762,CDK1,500.0,nM,CN(C)C(=O)c1cccc(-c2cnc(N)c(-c3nc4cccc(N5CCNCC5)c4n3C)n2)c1,6.301029995663981,True,<rdkit.Chem.rdchem.Mol object at 0x735c78f1b300>
CHEMBL1172241,CDK2,500.0,nM,Cc1cc(CNC(=O)c2nn(CCCN)c3c2CCc2cnc(Nc4cccc(CC(=O)N(C)C)c4)nc2-3)ccn1,6.301029995663981,True,<rdkit.Chem.rdchem.Mol object at 0x735c78f1b370>
CHEMBL333605,CDK2,500.0,nM,O=C(Nc1cc(C2CC2)[nH]n1)c1cccc(C(F)(F)F)c1,6.301029995663981,True,<rdkit.Chem.rdchem.Mol object at 0x735c78f1b3e0>
CHEMBL3702229,CDK4,500.0,nM,CC[C@H](C)n1c2cnccc2c2cnc(Nc3ccc(N4CCN[C@@H](C)C4)cn3)nc21,6.301029995663981,True,<rdkit.Chem.rdchem.Mol object at 0x735c78f1b450>
CHEMBL5965407,CDK9,500.0,nM,O=C(Nc1cc(-c2ccc3c(c2)N(Cc2ccc4ncccc4c2)CC3)c(Cl)cn1)C1CCCNC1,6.301029995663981,True,<rdkit.Chem.rdchem.Mol object at 0x735c78f1b4c0>
CHEMBL336776,CDK1,500.0,nM,CC(C)n1cnc2c(NCc3ccccc3)nc(C#CC3(O)CCCC3)nc21,6.301029995663981,True,<rdkit.Chem.rdchem.Mol object at 0x735c78f1b530>
CHEMBL319103,CDK1,501.0,nM,NS(=O)(=O)c1ccc(Nc2cc(-c3cccc(NS(=O)(=O)c4ccccc4)c3)[nH]n2)cc1,6.300162274132754,True,<rdkit.Chem.rdchem.Mol object at 0x735c78f1b5a0>
CHEMBL421578,CDK1,501.0,nM,CS(=O)(=O)Nc1cccc(-c2cc(Nc3ccc(S(N)(=O)=O)cc3)[nH]n2)c1,6.300162274132754,True,<rdkit.Chem.rdchem.Mol object at 0x735c78f1b610>
CHEMBL321517,CDK1,501.0,nM,Nc1ccc(-c2cc(Nc3ccc(S(N)(=O)=O)cc3)[nH]n2)cc1,6.300162274132754,True,<rdkit.Chem.rdchem.Mol object at 0x735c78f1b680>
CHEMBL496568,CDK2,503.0,nM,CC(C)(C)c1cnc(CSc2cnc(N[C@H]3CC[C@@H](N)CC3)s2)o1,6.298432014944073,True,<rdkit.Chem.rdchem.Mol object at 0x735c78f1b6f0>
CHEMBL3352835,CDK2,503.0,nM,COC1CCN(c2nccc(Nc3cc(NC(=O)c4c(Cl)cccc4Cl)ccn3)n2)CC1,6.298432014944073,True,<rdkit.Chem.rdchem.Mol object at 0x735c78f1b760>
CHEMBL5425180,CDK9,504.0,nM,Nc1nc(NCCc2ccccc2)nc(-c2cc(Cl)ccc2O)n1,6.297569463554474,True,<rdkit.Chem.rdchem.Mol object at 0x735c78f1b7d0>
CHEMBL5875150,CDK1,505.0,nM,CNC(=O)c1ccc(Nc2ncc3cc4n(c3n2)C2(CCCCC2)C(=O)NN4)cc1,6.296708621881338,True,<rdkit.Chem.rdchem.Mol object at 0x735c78f1b840>
CHEMBL5903534,CDK9,510.0,nM,Fc1cccc(Cn2cnc3ccc(-c4cc(N[C@H]5CC[C@@]56CCCNC6)ncc4Cl)cc32)c1,6.292429823902063,True,<rdkit.Chem.rdchem.Mol object at 0x735c78f1b8b0>
CHEMBL3663808,CDK9,510.0,nM,COc1cc(F)ccc1-c1ccnc2[nH]c(C3CN(C)CCO3)cc12,6.292429823902063,True,<rdkit.Chem.rdchem.Mol object at 0x735c78f1b920>
CHEMBL3959867,CDK2,510.0,nM,CCOc1cc(F)ccc1-c1nc(Nc2cc(F)cc(CS(C)(=N)=O)c2)ncc1F,6.292429823902063,True,<rdkit.Chem.rdchem.Mol object at 0x735c78f1b990>
CHEMBL5417190,CDK2,515.17,nM,COc1ccc(Cc2nnc(N3CCN(C(=O)Nc4ccccc4)CC3)c3ccccc23)cc1,6.288049435271313,True,<rdkit.Chem.rdchem.Mol object at 0x735c78f1ba00>
CHEMBL5633539,CDK1,516.8,nM,NC(=O)c1cccc2[nH]c(NC(=O)c3cccc(C(=O)N4CCC(Nc5ncc(I)cn5)CC4)c3)nc12,6.286677495012972,True,<rdkit.Chem.rdchem.Mol object at 0x735c78f1ba70>
CHEMBL2011941,CDK2,518.0,nM,O=C(NCCCNc1c(Br)cnc2[nH]c(-c3ccc(OCCN4CCCCC4)cc3)nc12)C1CCC1,6.285670240254767,True,<rdkit.Chem.rdchem.Mol object at 0x735c78f1bae0>
CHEMBL2158865,CDK2,520.0,nM,CNC(=O)Nc1ccc(-c2cc(-c3ccnc(Nc4ccc(Cl)c(S(=O)(=O)N(C)C)c4)n3)ccn2)cc1,6.2839966563652006,True,<rdkit.Chem.rdchem.Mol object at 0x735c78f1bb50>
CHEMBL5842330,CDK9,520.0,nM,Nc1ncc(CNc2cc(-c3ccc4ncn(Cc5cccc(F)c5)c4c3)c(Cl)cn2)cn1,6.2839966563652006,True,<rdkit.Chem.rdchem.Mol object at 0x735c78f1bbc0>
CHEMBL251795,CDK2,520.0,nM,Cc1ccc(Sc2cnc(Nc3cccc(Br)n3)s2)cc1C(=O)N1CCN(C(=O)[C@H](C)N)CC1,6.2839966563652006,True,<rdkit.Chem.rdchem.Mol object at 0x735c78f1bc30>
CHEMBL3702126,CDK4,520.0,nM,O=C(O)c1ccc(Nc2ncc3c4ccnc(O)c4n(C4CCCC4)c3n2)nc1,6.2839966563652006,True,<rdkit.Chem.rdchem.Mol object at 0x735c78f1bca0>
CHEMBL3655763,CDK2,520.0,nM,CC[C@H](Nc1nc(NCc2ccc(C)nc2)c2ncn(C(C)C)c2n1)[C@@H](C)O,6.2839966563652006,True,<rdkit.Chem.rdchem.Mol object at 0x735c78f1bd10>
CHEMBL3702106,CDK6,520.0,nM,COc1cc2c3cnc(Nc4ccc(N5CCNCC5)cn4)nc3n(C3CCCC3)c2nn1,6.2839966563652006,True,<rdkit.Chem.rdchem.Mol object at 0x735c78f1bdf0>
CHEMBL4780912,CDK9,520.0,nM,CC(=O)N[C@@H]1CCC[C@H](C(=O)Nc2cc(-c3cnn4c3CCCC4)ccn2)C1,6.2839966563652006,True,<rdkit.Chem.rdchem.Mol object at 0x735c78f1be60>
CHEMBL2426395,CDK1,522.0,nM,COc1ccc(NC(=S)NC(=O)c2cn(-c3ccccc3)nc2-c2ccc(OC)cc2)cc1,6.282329496997738,True,<rdkit.Chem.rdchem.Mol object at 0x735c78f1bed0>
CHEMBL5396190,CDK2,523.59,nM,COc1ccc(Cc2nnc(N3CCN(C(=S)Nc4ccccc4)CC3)c3ccccc23)cc1,6.281008656594718,True,<rdkit.Chem.rdchem.Mol object at 0x735c78f1bf40>
CHEMBL5081097,CDK6,524.0,nM,CN(C)c1cnc2ccc(-c3ccnc(Nc4ccc(N5CCNCC5)cn4)n3)cc2n1,6.280668713016274,True,<rdkit.Chem.rdchem.Mol object at 0x735c78f0bf40>
CHEMBL522563,CDK2,530.0,nM,O=C(Nc1c[nH]nc1-c1nc2ccc(CN3CCOCC3)cc2[nH]1)c1ccc(F)cc1,6.275724130399211,True,<rdkit.Chem.rdchem.Mol object at 0x735c78f0be60>
CHEMBL3354191,CDK2,530.0,nM,COC1CCN(c2nccc(Nc3cc4c(cn3)c(N)nn4C(C)C)n2)CC1,6.275724130399211,True,<rdkit.Chem.rdchem.Mol object at 0x735c78f0bdf0>
CHEMBL57639,CDK2,530.0,nM,O=C1Nc2ccc(Br)cc2/C1=C/c1[nH]cc2c1CCNC2=O,6.275724130399211,True,<rdkit.Chem.rdchem.Mol object at 0x735c78f0bd10>
CHEMBL4864688,CDK9,530.0,nM,O=C(CCCOc1ccc(CC(=O)Nc2cc(C3CCC3)[nH]n2)cc1)NCCCCNc1cccc2c1C(=O)N(C1CCC(=O)NC1=O)C2=O,6.275724130399211,True,<rdkit.Chem.rdchem.Mol object at 0x735c78f0bca0>
CHEMBL6000032,CDK9,530.0,nM,CN(CCO)C(=O)[C@H]1CCC[C@@H](C(=O)Nc2cc(-c3ccc4ncn(CC5CCOCC5)c4c3)c(Cl)cn2)C1,6.275724130399211,True,<rdkit.Chem.rdchem.Mol object at 0x735c78f0bc30>
CHEMBL4788016,CDK9,530.0,nM,CC(=O)N[C@@H]1CCC[C@H](C(=O)Nc2cc(-c3cnn4c3CCC4)c(Cl)cn2)C1,6.275724130399211,True,<rdkit.Chem.rdchem.Mol object at 0x735c78f0bb50>
CHEMBL2042042,CDK2,530.0,nM,C[C@@H](/C=C\C(F)(F)F)Oc1cc(-c2cc(-c3cc(CN(C)C)cs3)cnc2N)ccc1C(N)=O,6.275724130399211,True,<rdkit.Chem.rdchem.Mol object at 0x735c78f0bae0>
CHEMBL515839,CDK4,530.0,nM,Cc1ncc(-c2ccnc(Nc3ccc(S(=O)(=O)CC4CCCO4)cc3)n2)n1C(C)C,6.275724130399211,True,<rdkit.Chem.rdchem.Mol object at 0x735c78f0ba70>
CHEMBL4754081,CDK6,532.0,nM,CC(=O)N[C@@H]1CCC[C@H](C(=O)Nc2cc(-c3cnn4c3CC(C)(C)C4)c(F)cn2)C1,6.274088367704952,True,<rdkit.Chem.rdchem.Mol object at 0x735c78f0ba00>
CHEMBL509772,CDK2,538.0,nM,CC(C)(C)c1cnc(CSc2cnc(NC3CCNCC3)s2)o1,6.269217724333611,True,<rdkit.Chem.rdchem.Mol object at 0x735c78f0b990>
CHEMBL249501,CDK1,540.0,nM,O=C(O)c1cccc2[nH]c(-c3n[nH]c4ncc(-c5cncc6ccccc56)cc34)nc12,6.267606240177031,True,<rdkit.Chem.rdchem.Mol object at 0x735c78f0b7d0>
CHEMBL5188442,CDK1,540.0,nM,COc1cc(F)ccc1-c1ccnc2[nH]c(-c3ccc(CN4CCOCC4)cc3)nc12,6.267606240177031,True,<rdkit.Chem.rdchem.Mol object at 0x735c78f0b760>
CHEMBL254895,CDK2,540.0,nM,Cc1ccc(Sc2cnc(Nc3cccc(Br)n3)s2)cc1C(=O)N1CCN(C(=O)CN)CC1,6.267606240177031,True,<rdkit.Chem.rdchem.Mol object at 0x735c78f0b680>
CHEMBL5779561,CDK9,540.0,nM,CC(C)(C)OC(=O)Nc1cc(-c2ccc3ncn(Cc4cccc(F)c4)c3c2)c(Cl)cn1,6.267606240177031,True,<rdkit.Chem.rdchem.Mol object at 0x735c78f0b5a0>
CHEMBL3947668,CDK9,540.0,nM,CN1c2ccc(F)cc2-c2ccnc3[nH]c(C4=CCNCC4)c(c23)C1C(=O)O,6.267606240177031,True,<rdkit.Chem.rdchem.Mol object at 0x735c78f0b450>
CHEMBL5920175,CDK9,540.0,nM,O=C(Nc1cc(-c2ccc3nnn(CCN(CCO)CCO)c3c2)c(Cl)cn1)[C@@H]1CCCNC1,6.267606240177031,True,<rdkit.Chem.rdchem.Mol object at 0x735c78f0b3e0>
CHEMBL392743,CDK1,540.0,nM,CN(C)CCc1ccc(Nc2ncc(Cl)c(-c3cccc4[nH]ccc34)n2)cc1,6.267606240177031,True,<rdkit.Chem.rdchem.Mol object at 0x735c78f0b370>
CHEMBL289422,CDK2,540.0,nM,O=C1NC(=O)c2c1c1c3ccccc3n3c1c1c2c2ccccc2n1[C@H]1CC[C@@H]3O1,6.267606240177031,True,<rdkit.Chem.rdchem.Mol object at 0x735c78f0b300>
CHEMBL5080781,CDK6,544.0,nM,Cc1nc2ccc(-c3nc(Nc4ccc(C(=O)N5CCN(C(C)C)CC5)cn4)ncc3F)cc2nc1C,6.26440110030182,True,<rdkit.Chem.rdchem.Mol object at 0x735c78f0b290>
CHEMBL3822943,CDK2,545.0,nM,CCOc1nn(C2CCN(C(C)=O)CC2)cc1Nc1ncc(Cl)c(-c2cnn3ccccc23)n1,6.263603497723357,True,<rdkit.Chem.rdchem.Mol object at 0x735c78f0b220>
CHEMBL186952,CDK2,547.0,nM,Nc1nc2ccc(C(=O)c3c(F)cccc3F)cn2c1C(=O)c1cccs1,6.262012673666569,True,<rdkit.Chem.rdchem.Mol object at 0x735c78f0b140>
CHEMBL5933703,CDK1,547.0,nM,CNCCN1CCc2nc(Nc3ncc(F)c(-c4cc(F)c5nc(C)n(C6(C)CC6)c5c4)n3)ccc2C1,6.262012673666569,True,<rdkit.Chem.rdchem.Mol object at 0x735c78f0b0d0>
CHEMBL5270227,CDK2,550.0,nM,N[C@H](Cc1ccccc1)C(=O)Nc1cncc(-c2ccc3[nH]nc(NC(=O)c4ccccc4)c3c2)c1,6.259637310505756,True,<rdkit.Chem.rdchem.Mol object at 0x735c78f0aff0>
CHEMBL6035312,CDK9,550.0,nM,Oc1ccc(CNc2cc(-c3ccc4ncn(Cc5cccc(F)c5)c4c3)c(Cl)cn2)cc1,6.259637310505756,True,<rdkit.Chem.rdchem.Mol object at 0x735c78f0af80>
CHEMBL5775765,CDK9,550.0,nM,Cc1ccc(CN2CCc3ccc(-c4cc(NC(=O)C5CCCNC5)ncc4Cl)cc32)cc1,6.259637310505756,True,<rdkit.Chem.rdchem.Mol object at 0x735c78f0af10>
CHEMBL297570,CDK9,550.0,nM,CC(C)(C)c1cnc(CSc2cnc(NC(=O)C3CCCNC3)s2)o1,6.259637310505756,True,<rdkit.Chem.rdchem.Mol object at 0x735c78f0aea0>
CHEMBL368743,CDK1,550.0,nM,CCn1cnc2c(Nc3ccc(OC)cc3)nc(NCCN)nc21,6.259637310505756,True,<rdkit.Chem.rdchem.Mol object at 0x735c78f0adc0>
CHEMBL2348159,CDK2,550.0,nM,Nc1nccc(-n2cc(-c3cc[nH]n3)c3cnccc32)n1,6.259637310505756,True,<rdkit.Chem.rdchem.Mol object at 0x735c78f0ad50>
CHEMBL366698,CDK1,550.0,nM,CCn1cnc2c(Nc3cccc(OC)c3)nc(NCCN)nc21,6.259637310505756,True,<rdkit.Chem.rdchem.Mol object at 0x735c78f0ace0>
CHEMBL3663782,CDK9,550.0,nM,Clc1ccc(NCC2CCNCC2)nc1-c1ccnc2[nH]c(C3CCNCC3)cc12,6.259637310505756,True,<rdkit.Chem.rdchem.Mol object at 0x735c78f0ac70>
CHEMBL102714,CDK1,550.0,nM,Cn1cc(C2=C(c3ccc(Cl)cc3Cl)C(=O)NC2=O)c2ccccc21,6.259637310505756,True,<rdkit.Chem.rdchem.Mol object at 0x735c78f0ac00>
CHEMBL245535,CDK2,551.0,nM,CC(=O)NCC(=O)N1CCC(Nc2ncc(Cl)c(-c3c[nH]c4ccccc34)n2)CC1,6.258848401148216,True,<rdkit.Chem.rdchem.Mol object at 0x735c78f0ab90>
CHEMBL2403099,CDK1,555.0,nM,CC(C)(O)CNc1nc(NCc2ccc(-c3ccco3)nc2)c2ncn(C3CCCC3)c2n1,6.255707016877324,True,<rdkit.Chem.rdchem.Mol object at 0x735c78f0ab20>
CHEMBL392614,CDK2,555.0,nM,CCNC(=O)N1CCC[C@H](Nc2ncc(Cl)c(-c3c[nH]c4ccccc34)n2)C1,6.255707016877324,True,<rdkit.Chem.rdchem.Mol object at 0x735c78f0aab0>
CHEMBL5836990,CDK2,558.0,nM,Cc1nc2c(F)cc(-c3nc(Nc4ccc5c(n4)CCNC5)ncc3F)cc2n1C(C)C,6.253365801062421,True,<rdkit.Chem.rdchem.Mol object at 0x735c78f0aa40>
CHEMBL5848732,CDK2,558.0,nM,Cc1nc2c(F)cc(-c3nc(Nc4ncc5c(n4)CCNC5)ncc3F)cc2n1C(C)C,6.253365801062421,True,<rdkit.Chem.rdchem.Mol object at 0x735c78f0a9d0>
CHEMBL5832698,CDK2,559.0,nM,Cc1nc2c(F)cc(-c3nc(Nc4ccc5c(n4)CCN(C(=O)[C@@H](C)N(C)C)C5)ncc3F)cc2n1C1CC1,6.252588192113577,True,<rdkit.Chem.rdchem.Mol object at 0x735c78f0a960>
CHEMBL3934755,CDK2,560.0,nM,CCOC(=O)N=S(C)(=O)Cc1cc(F)cc(Nc2ncc(F)c(-c3ccc(F)cc3OC)n2)c1,6.251811972993799,True,<rdkit.Chem.rdchem.Mol object at 0x735c78f0a880>
CHEMBL1234085,CDK2,560.0,nM,CNS(=O)(=O)c1ccc(N/C=C2\C(=O)Nc3ccccc32)cc1,6.251811972993799,True,<rdkit.Chem.rdchem.Mol object at 0x735c78f0a810>
CHEMBL2158011,CDK2,560.0,nM,CCN(CC)S(=O)(=O)c1cccc(Nc2nccc(-c3ccnc(-c4ccc(NC(=O)NC)cc4)c3)n2)c1,6.251811972993799,True,<rdkit.Chem.rdchem.Mol object at 0x735c78f0a730>
CHEMBL557975,CDK1,560.0,nM,CCn1cnc2c(Nc3cccc(C#N)c3)nc(NCCN)nc21.Cl,6.251811972993799,True,<rdkit.Chem.rdchem.Mol object at 0x735c78f0a650>
CHEMBL234489,CDK1,560.0,nM,N#Cc1cnc(Nc2ccc(CCO)cc2)nc1-c1nc2ccccc2s1,6.251811972993799,True,<rdkit.Chem.rdchem.Mol object at 0x735c78f0a5e0>
CHEMBL175158,CDK1,560.0,nM,CCn1cnc2c(Nc3cccc(C#N)c3)nc(NCCN)nc21,6.251811972993799,True,<rdkit.Chem.rdchem.Mol object at 0x735c78f0a570>
CHEMBL193936,CDK1,562.0,nM,FC(F)(F)c1cnc(Nc2ccc3[nH]cnc3c2)nc1Oc1ccc(Br)cc1,6.250263684430939,True,<rdkit.Chem.rdchem.Mol object at 0x735c78f0a420>
CHEMBL6192584,CDK6,566.1,nM,CN(C)C(=O)c1cc2cnc(Nc3ccc(-c4nc5c(C(N)=O)cccc5[nH]4)cn3)nc2n1C1CCCC1,6.247106845115406,True,<rdkit.Chem.rdchem.Mol object at 0x735c78f0a3b0>
CHEMBL5762588,CDK2,567.0,nM,Cc1nc2c(F)cc(-c3nc(Nc4ccc5c(n4)CCN(CC(C)(C)N)C5)ncc3F)cc2n1C1CC1,6.246416941107094,True,<rdkit.Chem.rdchem.Mol object at 0x735c78f0a2d0>
CHEMBL2426391,CDK1,569.0,nM,COc1ccc(NC(=S)NC(=O)c2cn(-c3ccccc3)nc2-c2ccc(F)cc2)cc1,6.244887733604928,True,<rdkit.Chem.rdchem.Mol object at 0x735c78f0a1f0>
CHEMBL3663790,CDK9,570.0,nM,O=S(=O)(Nc1ccc(Cl)c(-c2ccnc3[nH]c(C4CCNCC4)cc23)c1)c1ccccc1,6.2441251443275085,True,<rdkit.Chem.rdchem.Mol object at 0x735c78f0a180>
CHEMBL553906,CDK2,570.0,nM,Cc1nnc2sc(-c3ccc(N)cc3)nn12,6.2441251443275085,True,<rdkit.Chem.rdchem.Mol object at 0x735c78f0a110>
CHEMBL233554,CDK2,570.0,nM,CN(C)CCNS(=O)(=O)c1ccc(-c2ccc(/C=C3\SC(=N)NC3=O)o2)cc1,6.2441251443275085,True,<rdkit.Chem.rdchem.Mol object at 0x735c78f0a0a0>
CHEMBL3673554,CDK9,570.0,nM,COc1ccc(F)cc1-c1ccnc2[nH]c(C3=CCN(CC(=O)OC(C)(C)C)CC3)cc12,6.2441251443275085,True,<rdkit.Chem.rdchem.Mol object at 0x735c78f0a030>
CHEMBL396614,CDK2,570.0,nM,N=C1NC(=O)/C(=C/c2ccc(-c3ccc(S(N)(=O)=O)c(Cl)c3)o2)S1,6.2441251443275085,True,<rdkit.Chem.rdchem.Mol object at 0x735c78f09fc0>
CHEMBL3655776,CDK2,570.0,nM,CC(C)n1cnc2c(NCc3cccnc3)nc(NCC(O)C(F)(F)F)nc21,6.2441251443275085,True,<rdkit.Chem.rdchem.Mol object at 0x735c78f09f50>
CHEMBL2426387,CDK1,571.0,nM,COc1ccc(NC(=S)NC(=O)c2cn(-c3ccccc3)nc2-c2ccc(Cl)cc2)cc1,6.243363891754152,True,<rdkit.Chem.rdchem.Mol object at 0x735c78f09ee0>
CHEMBL5559108,CDK2,571.5,nM,CC[C@H](CO)Nc1nc(NCc2ccc(NC(=O)C3(F)CC3)cc2)n2ncc(C(C)C)c2n1,6.242983765268699,True,<rdkit.Chem.rdchem.Mol object at 0x735c78f09e70>
CHEMBL5598071,CDK9,572.0,nM,O=C(CCCCCn1cc(Nc2ncc(Cl)c(OC3CCCCC3)n2)cn1)NO,6.242603971206975,True,<rdkit.Chem.rdchem.Mol object at 0x735c78f09e00>
CHEMBL5590688,CDK9,572.7,nM,CC(C)S(=O)(=O)c1ccccc1Nc1nc([C@H]2CC[C@H](N3CCC3)CC2)ncc1Cl,6.242072816886671,True,<rdkit.Chem.rdchem.Mol object at 0x735c78f09d90>
CHEMBL563150,CDK2,574.0,nM,Cn1nc(C(=O)Nc2ccccc2)c2c1-c1nc(Nc3ccccc3)ncc1CC2,6.241088107602026,True,<rdkit.Chem.rdchem.Mol object at 0x735c78f09d20>
CHEMBL5816556,CDK1,574.0,nM,NC(=O)c1ccc(Nc2ncc3cc4n(c3n2)C2(CCCCC2)C(=O)NN4)cc1,6.241088107602026,True,<rdkit.Chem.rdchem.Mol object at 0x735c78f09cb0>
CHEMBL5431823,CDK6,574.0,nM,COc1ccc(/C=N/n2c(S)nnc2-c2c[nH]c3ccccc23)cc1,6.241088107602026,True,<rdkit.Chem.rdchem.Mol object at 0x735c78f09c40>
CHEMBL5280467,CDK2,577.0,nM,O=C(Nc1n[nH]c2ccc(-c3cncc(NC[C@H](CO)c4ccccc4)c3)cc12)c1ccccc1,6.238824186844269,True,<rdkit.Chem.rdchem.Mol object at 0x735c78f09a80>
CHEMBL5407831,CDK6,577.0,nM,Sc1nnc(-c2c[nH]c3ccccc23)n1/N=C/c1ccccc1,6.238824186844269,True,<rdkit.Chem.rdchem.Mol object at 0x735c78f09a10>
CHEMBL5575890,CDK1,578.0,nM,Cc1ccc(O)c(C)c1-n1c(N)c(C(=O)N2CCc3noc(C)c3C2)c2nc(C)c(C)nc21,6.238072161579471,True,<rdkit.Chem.rdchem.Mol object at 0x735c78f099a0>
CHEMBL4579344,CDK1,578.0,nM,Cc1cc(C)c(CNc2nc(N[C@@H](C)[C@@H](C)O)nc3c2ncn3C(C)C)cn1,6.238072161579471,True,<rdkit.Chem.rdchem.Mol object at 0x735c78f09930>
CHEMBL4755816,CDK9,578.2,nM,Cc1cc(F)ccc1-c1ccnc(Nc2ccc3c(c2)N(C(C)C)[C@H](C)C(=O)N3C)n1,6.237921912665361,True,<rdkit.Chem.rdchem.Mol object at 0x735c78f098c0>
CHEMBL5937860,CDK9,580.0,nM,O=C(Nc1cc(-c2ccc3ncn(CC4CCOCC4)c3c2)c(Cl)cn1)[C@H]1CCC[C@@H](C(=O)N2CC(O)C2)C1,6.236572006437063,True,<rdkit.Chem.rdchem.Mol object at 0x735c78f097e0>
CHEMBL2442291,CDK2,580.0,nM,Cc1nnc(-c2cccc(-c3cnn4ccc(NCCN)nc34)c2)o1,6.236572006437063,True,<rdkit.Chem.rdchem.Mol object at 0x735c78f09770>
CHEMBL6047121,CDK9,580.0,nM,O=C(Nc1cc(-c2ccc3ncn(CC4CCOCC4)c3c2)c(Cl)cn1)C1C2CNCC21,6.236572006437063,True,<rdkit.Chem.rdchem.Mol object at 0x735c78f09620>
CHEMBL3641913,CDK4,580.0,nM,CN(C)C1CCN(c2ccc(Nc3ncc4c5ccncc5n([C@H]5CCC[C@H]5O)c4n3)nc2)CC1,6.236572006437063,True,<rdkit.Chem.rdchem.Mol object at 0x735c78f095b0>
CHEMBL3668367,CDK9,580.0,nM,COc1ccc(F)cc1-c1ccnc2[nH]c(C3CCCN3)cc12,6.236572006437063,True,<rdkit.Chem.rdchem.Mol object at 0x735c78f09540>
CHEMBL4527978,CDK2,580.0,nM,CC/C=N/c1c(C#N)c2n(c1C(=O)Nc1ccccc1)CCC2,6.236572006437063,True,<rdkit.Chem.rdchem.Mol object at 0x735c78f09460>
CHEMBL6192441,CDK6,583.4,nM,Cc1ccc(Nc2ncc3cc(C(=O)N(C)C)n(C4CCCC4)c3n2)cc1-c1nc2c(C(N)=O)cccc2[nH]1,6.234033575214286,True,<rdkit.Chem.rdchem.Mol object at 0x735c78f093f0>
CHEMBL5874515,CDK1,584.0,nM,Cc1nc2c(F)cc(-c3nc(Nc4ccc5c(n4)CCN(C(=O)[C@@H]4CCCN4C)C5)ncc3F)cc2n1C1CC1,6.2335871528876,True,<rdkit.Chem.rdchem.Mol object at 0x735c78f09380>
CHEMBL3656841,CDK1,584.0,nM,COC[C@@H](C)N[C@H]1CC[C@H](Nc2cc(-c3cccc(NCC4(C#N)CCOCC4)n3)c(Cl)cn2)CC1,6.2335871528876,True,<rdkit.Chem.rdchem.Mol object at 0x735c78f09230>
CHEMBL2426383,CDK1,584.0,nM,COc1ccc(NC(=S)NC(=O)c2cn(-c3ccccc3)nc2-c2ccc(C)cc2)cc1,6.2335871528876,True,<rdkit.Chem.rdchem.Mol object at 0x735c78f091c0>
CHEMBL5570663,CDK2,585.0,nM,Cn1cc(S(=O)(=O)N2CCC(Nc3ncc(C(F)(F)F)c(-c4cnn(CC(F)(F)F)c4)n3)CC2)cn1,6.232844133917819,True,<rdkit.Chem.rdchem.Mol object at 0x735c78f09150>
CHEMBL3702180,CDK4,590.0,nM,CN(C)C1CCN(c2ccc(Nc3ncc4c5ccncc5n(C5CCS(=O)(=O)CC5)c4n3)nn2)CC1,6.229147988357855,True,<rdkit.Chem.rdchem.Mol object at 0x735c78f090e0>
CHEMBL507249,CDK2,590.0,nM,O[C@H]1CC[C@H](c2n[nH]cc2-c2ccnc(NC3CCCC3)n2)CC1,6.229147988357855,True,<rdkit.Chem.rdchem.Mol object at 0x735c78f09070>
CHEMBL5641843,CDK2,590.0,nM,Cc1nn2c(-c3ccc(Br)cc3)ccnc2c1/C(N)=N/O,6.229147988357855,True,<rdkit.Chem.rdchem.Mol object at 0x735c78f08f90>
CHEMBL3641917,CDK6,590.0,nM,C[C@@H](O)Cn1c2cnccc2c2cnc(Nc3ccc(N4CC[C@@H](O)C4)cn3)nc21,6.229147988357855,True,<rdkit.Chem.rdchem.Mol object at 0x735c78f08f20>
CHEMBL5784486,CDK9,590.0,nM,O=C(O)[C@H]1CC[C@@H](Nc2cc(-c3ccc4ncn(Cc5cccc(F)c5)c4c3)c(Cl)cn2)CC1,6.229147988357855,True,<rdkit.Chem.rdchem.Mol object at 0x735c78f08eb0>
CHEMBL278894,CDK2,600.0,nM,CC(C)(C)Nc1nc(C(F)(F)F)nc2ccc(-c3cccc(N)c3)cc12,6.221848749616356,True,<rdkit.Chem.rdchem.Mol object at 0x735c78f08dd0>
CHEMBL210540,CDK1,600.0,nM,Cc1cc(-c2cnc(Nc3cnc(CN4CCN(C)CC4)cn3)s2)nc(OC2CCCCC2)n1,6.221848749616356,True,<rdkit.Chem.rdchem.Mol object at 0x735c78f08d60>
CHEMBL14762,CDK2,600.0,nM,CC[C@H](CO)Nc1nc(NCc2ccccc2)c2ncn(C(C)C)c2n1,6.221848749616356,True,<rdkit.Chem.rdchem.Mol object at 0x735c78f08cf0>
CHEMBL336351,CDK1,600.0,nM,CC(C)n1cnc2c(NCc3ccccc3)nc(C#CC(C)(O)c3ccccc3)nc21,6.221848749616356,True,<rdkit.Chem.rdchem.Mol object at 0x735c78f08c80>
CHEMBL1242833,CDK2,600.0,nM,CC(C)(C)Nc1nc(C(F)(F)F)nc2ccc(Nc3ccccc3)cc12,6.221848749616356,True,<rdkit.Chem.rdchem.Mol object at 0x735c78f08c10>
CHEMBL48614,CDK1,600.0,nM,CN1CCC(c2c(O)cc(O)c3c2O/C(=C\c2ccccc2Cl)C3=O)CC1,6.221848749616356,True,<rdkit.Chem.rdchem.Mol object at 0x735c78f08ba0>
CHEMBL3702099,CDK4,600.0,nM,CC(=O)OCC(=O)N1CCN(c2ccc(Nc3ncc4c5ccnc(F)c5n(C5CCCC5)c4n3)nc2)CC1,6.221848749616356,True,<rdkit.Chem.rdchem.Mol object at 0x735c78f08b30>
CHEMBL537838,CDK1,600.0,nM,CCn1cnc2c(Nc3cccc(F)c3)nc(NCCN)nc21.Cl,6.221848749616356,True,<rdkit.Chem.rdchem.Mol object at 0x735c78f08970>
CHEMBL1242973,CDK1,600.0,nM,COC(=O)[C@@]1(Cc2ccc(O)c(CC=C(C)C)c2)OC(=O)C(O)=C1c1ccc(O)cc1,6.221848749616356,True,<rdkit.Chem.rdchem.Mol object at 0x735c78f08900>
CHEMBL439841,CDK1,600.0,nM,CCn1cnc2c(Nc3cccc(F)c3)nc(NCCN)nc21,6.221848749616356,True,<rdkit.Chem.rdchem.Mol object at 0x735c78f08890>
CHEMBL420135,CDK2,600.0,nM,COc1cccc(C(=O)Nc2cc(C3CC3)[nH]n2)c1,6.221848749616356,True,<rdkit.Chem.rdchem.Mol object at 0x735c78f08820>
CHEMBL98153,CDK1,600.0,nM,O=C1Cc2c([nH]c3ccc(Cl)cc23)-c2ccccc2N1,6.221848749616356,True,<rdkit.Chem.rdchem.Mol object at 0x735c78f087b0>
CHEMBL101810,CDK4,600.0,nM,CN(C)CC(O)COc1ccc(Nc2nccc(Nc3cc(C(F)(F)F)ccc3F)n2)cc1,6.221848749616356,True,<rdkit.Chem.rdchem.Mol object at 0x735c78f08740>
CHEMBL418985,CDK2,602.0,nM,CS(=O)(=O)Nc1ccc(Nc2cc(-c3cccc(Br)c3)[nH]n2)cc1,6.220403508742176,True,<rdkit.Chem.rdchem.Mol object at 0x735c78f086d0>
CHEMBL188673,CDK2,603.0,nM,COc1ccccc1C(=O)c1ccc2nc(N)c(C(=O)c3c(F)cccc3F)n2c1,6.219682687859849,True,<rdkit.Chem.rdchem.Mol object at 0x735c78f08660>
CHEMBL3884319,CDK2,605.0,nM,CC1(C)C(=O)N([C@H]2CCc3c(O)cccc32)c2nc(Nc3ccccc3)ncc21,6.2182446253475305,True,<rdkit.Chem.rdchem.Mol object at 0x735c78f085f0>
CHEMBL397531,CDK2,605.0,nM,CCNC(=O)N1CCC(Nc2ncc(Cl)c(-c3cnc4ccccn34)n2)CC1,6.2182446253475305,True,<rdkit.Chem.rdchem.Mol object at 0x735c78f08580>
CHEMBL1081629,CDK2,607.0,nM,Cc1cc2cc(-c3nnc(NC[C@@H](N)Cc4ccc(C(F)(F)F)cc4)s3)ccc2cn1,6.216811308924743,True,<rdkit.Chem.rdchem.Mol object at 0x735c78f08510>
CHEMBL5283549,CDK2,609.0,nM,O=C(Nc1n[nH]c2ccc(-c3cncc(NC[C@@H](CO)Cc4ccccc4)c3)cc12)c1ccccc1,6.215382707367125,True,<rdkit.Chem.rdchem.Mol object at 0x735c78f08430>
CHEMBL3655770,CDK9,610.0,nM,CC[C@H](Nc1nc(NCc2ccncc2)c2ncn(C(C)C)c2n1)[C@@H](C)O,6.214670164989233,True,<rdkit.Chem.rdchem.Mol object at 0x735c78f083c0>
CHEMBL233970,CDK2,610.0,nM,N=C1NC(=O)/C(=C/c2ccc(-c3ccc(S(N)(=O)=O)c(C(F)(F)F)c3)o2)S1,6.214670164989233,True,<rdkit.Chem.rdchem.Mol object at 0x735c78f08350>
CHEMBL6038186,CDK9,610.0,nM,O=C(Nc1cc(-c2ccc3c(c2)N(CC2CCNC2)CC3)c(Cl)cn1)C1CCCNC1,6.214670164989233,True,<rdkit.Chem.rdchem.Mol object at 0x735c78f082e0>
CHEMBL6038184,CDK9,610.0,nM,Fc1cccc(Cn2cnc3ccc(-c4cc(NCCc5cccnc5)ncc4Cl)cc32)c1,6.214670164989233,True,<rdkit.Chem.rdchem.Mol object at 0x735c78f08270>
CHEMBL2426399,CDK1,610.0,nM,COc1ccc(NC(=S)NC(=O)c2cn(-c3ccccc3)nc2-c2ccccc2)cc1,6.214670164989233,True,<rdkit.Chem.rdchem.Mol object at 0x735c78f08200>
CHEMBL3621496,CDK2,610.0,nM,CN1CCN(C(=O)c2ccc3c(c2)[nH]c2c(C(N)=O)ccc(-c4ccccc4F)c23)CC1,6.214670164989233,True,<rdkit.Chem.rdchem.Mol object at 0x735c78f08190>
CHEMBL5079586,CDK6,611.0,nM,CC(C)N1CCN(C(=O)c2ccc(Nc3ncc(F)c(-c4ccc5ncc(N6CCOCC6)nc5c4)n3)nc2)CC1,6.213958789757446,True,<rdkit.Chem.rdchem.Mol object at 0x735c78f08120>
CHEMBL5088870,CDK6,611.0,nM,CCN1CCN(Cc2ccc(Nc3ncc(F)c(-c4ccc5nc(C)c(C)nc5c4)n3)nc2)CC1,6.213958789757446,True,<rdkit.Chem.rdchem.Mol object at 0x735c78f080b0>
CHEMBL5598390,CDK9,611.5,nM,O=C(CCCCCCn1cc(Nc2ncc(Cl)c(OC3CCCCC3)n2)cn1)NO,6.213603538627696,True,<rdkit.Chem.rdchem.Mol object at 0x735c78f08040>
CHEMBL392615,CDK2,612.0,nM,CNC(=O)CN1CCC[C@@H](Nc2ncc(Cl)c(-c3c[nH]c4ccccc34)n2)C1,6.213248577854438,True,<rdkit.Chem.rdchem.Mol object at 0x735c78f0bd80>
CHEMBL6170783,CDK1,617.0,nM,CC1(C)CNC(=O)c2ccc(-c3ccnc(Nc4cccc(CS(N)(=O)=O)c4)n3)cc21,6.209714835966759,True,<rdkit.Chem.rdchem.Mol object at 0x735c78f0bbc0>
CHEMBL3691681,CDK4,619.0,nM,CN(C)C(=O)c1cc2cnc(Nc3ccc(N4CCN5CCC[C@H]5C4=O)cn3)nc2n1C1CCCC1,6.2083093509798815,True,<rdkit.Chem.rdchem.Mol object at 0x735c78f0b920>
CHEMBL3642653,CDK2,620.0,nM,N#Cc1cnn2c(NCc3ccncc3)cc(-c3ccccc3)nc12,6.207608310501746,True,<rdkit.Chem.rdchem.Mol object at 0x735c78f0b8b0>
CHEMBL73645,CDK2,620.0,nM,Cc1nc2ccccn2c1-c1ccnc(Nc2ccc(Cl)cc2)n1,6.207608310501746,True,<rdkit.Chem.rdchem.Mol object at 0x735c78f0b840>
CHEMBL3702226,CDK4,620.0,nM,CC[C@H](C)n1c2cnccc2c2cnc(Nc3ccc(N4CCC(N(C)C)CC4)cn3)nc21,6.207608310501746,True,<rdkit.Chem.rdchem.Mol object at 0x735c78f0b6f0>
CHEMBL142648,CDK4,620.0,nM,CCn1c(=O)ccc2cnc(Nc3ccccc3)nc21,6.207608310501746,True,<rdkit.Chem.rdchem.Mol object at 0x735c78f0b610>
CHEMBL3651154,CDK1,620.0,nM,C[Si](C)(C)C1=C2c3nc4ccccc4cc3C(O)CC2CC1=O,6.207608310501746,True,<rdkit.Chem.rdchem.Mol object at 0x735c78f0b4c0>
CHEMBL3673511,CDK9,620.0,nM,CN1CCC(c2cc3c(-c4cncc(N(C)Cc5ccccc5)n4)ccnc3[nH]2)CC1,6.207608310501746,True,<rdkit.Chem.rdchem.Mol object at 0x735c78f0b1b0>
CHEMBL4297488,CDK2,620.0,nM,CC(C)c1cnn2c(NCc3ccccc3)cc(NC[C@H]3CCNC[C@@H]3O)nc12,6.207608310501746,True,<rdkit.Chem.rdchem.Mol object at 0x735c78f0ae30>
CHEMBL5426122,CDK2,621.93,nM,S=C(Nc1cccc(Cl)c1)N1CCN(c2nnc(Cc3ccccc3)c3ccccc23)CC1,6.206258493644402,True,<rdkit.Chem.rdchem.Mol object at 0x735c78f0a8f0>
CHEMBL6148980,CDK1,622.0,nM,Cc1ccc(O)c(C)c1-n1c(N)c(C(N)=O)c2c(=O)n(C3CC3)c(C)cc21,6.206209615309181,True,<rdkit.Chem.rdchem.Mol object at 0x735c78f0a7a0>
CHEMBL3967732,CDK2,628.0,nM,O=C1NCC2(CCCCC2)n2c1cc1cnc(Nc3ccc(N4CCN(C5CCC5)CC4)cn3)nc12,6.202040356262804,True,<rdkit.Chem.rdchem.Mol object at 0x735c78f0a6c0>
CHEMBL4471323,CDK2,630.0,nM,CCC1SCC(=O)N1c1c(C#N)c2n(c1C(=O)Nc1ccccc1)CCC2,6.200659450546418,True,<rdkit.Chem.rdchem.Mol object at 0x735c78f0a490>
CHEMBL3702227,CDK4,630.0,nM,CC[C@H](C)n1c2cnccc2c2cnc(Nc3ccc(N4CCC(N(C)C)CC4)nn3)nc21,6.200659450546418,True,<rdkit.Chem.rdchem.Mol object at 0x735c78f0a340>
CHEMBL115047,CDK2,630.0,nM,CCc1cc(NC(=O)c2ccc(Br)cc2)n[nH]1,6.200659450546418,True,<rdkit.Chem.rdchem.Mol object at 0x735c78f0a260>
CHEMBL421207,CDK2,631.0,nM,O=C(Nc1n[nH]c2cc(-c3ccco3)ccc12)C1CC1,6.199970640755866,True,<rdkit.Chem.rdchem.Mol object at 0x735c78f09af0>
CHEMBL260231,CDK2,639.0,nM,O=C(Nc1n[nH]c2nc(-c3cccs3)c(Br)cc12)C1CC1,6.1944991418416,True,<rdkit.Chem.rdchem.Mol object at 0x735c78f09850>
CHEMBL5984249,CDK9,640.0,nM,CS(=O)(=O)c1ccc(Cn2nnc3ccc(-c4cc(NC(=O)[C@@H]5CCCNC5)ncc4Cl)cc32)cc1,6.1938200260161125,True,<rdkit.Chem.rdchem.Mol object at 0x735c78f09700>
CHEMBL3668355,CDK9,640.0,nM,Clc1cnc2[nH]c(C3CCCNC3)cc2c1-c1cccc(NCC2CCOCC2)n1,6.1938200260161125,True,<rdkit.Chem.rdchem.Mol object at 0x735c78f094d0>
CHEMBL5199259,CDK2,642.0,nM,[2H]C([2H])([2H])NS(=O)(=O)c1ccc(Nc2ncc3c(n2)N([C@@H]2CCC[C@@H](O)C2)C(=O)C32CC2)cc1,6.192464971931146,True,<rdkit.Chem.rdchem.Mol object at 0x735c78f09310>
CHEMBL5591779,CDK4,644.8,nM,CC(=O)N[C@H]1CC[C@H](c2ncc(Cl)c(Nc3ccccc3S(=O)(=O)C(C)C)n2)CC1,6.190574971202966,True,<rdkit.Chem.rdchem.Mol object at 0x735c78f092a0>
CHEMBL5094319,CDK6,646.0,nM,COc1cnc(Nc2ccc(N3CCNCC3)cn2)nc1-c1ccc2ncc(N(C)C)nc2c1,6.189767482004916,True,<rdkit.Chem.rdchem.Mol object at 0x735c78f09000>
CHEMBL6007400,CDK2,647.0,nM,Cc1nc2c(F)cc(-c3nc(Nc4ccc5c(n4)CCN(C[C@@H](C)N(C)C)C5)ncc3F)cc2n1C1CC1,6.189095719331299,True,<rdkit.Chem.rdchem.Mol object at 0x735c78f08ac0>
CHEMBL3978141,CDK9,650.0,nM,CN1Cc2c(C3=CCN(S(C)(=O)=O)CC3(C)C)[nH]c3nccc(c23)-c2cc(F)ccc21,6.187086643357144,True,<rdkit.Chem.rdchem.Mol object at 0x735c78f08a50>
CHEMBL2111872,CDK1,650.0,nM,CC(C)n1cnc2c(NCc3ccccc3)nc(N3CCC[C@@H]3CO)nc21,6.187086643357144,True,<rdkit.Chem.rdchem.Mol object at 0x735c78f089e0>
CHEMBL114432,CDK2,650.0,nM,CCCc1cc(NC(=O)c2ccc(Br)cc2)n[nH]1,6.187086643357144,True,<rdkit.Chem.rdchem.Mol object at 0x735c78f084a0>
CHEMBL52387,CDK1,650.0,nM,CCC(CO)Nc1nc(NCc2ccccc2)c2ncn(C(C)C)c2n1,6.187086643357144,True,<rdkit.Chem.rdchem.Mol object at 0x735c78f93f40>
CHEMBL6191482,CDK2,650.0,nM,CCN(/C=C/c1nc(Nc2ccccc2)nc2[nH]cnc12)CC,6.187086643357144,True,<rdkit.Chem.rdchem.Mol object at 0x735c78f93ed0>
CHEMBL1234089,CDK2,660.0,nM,N=C(N)NS(=O)(=O)c1ccc(N/C=C2\C(=O)Nc3ccccc32)cc1,6.180456064458131,True,<rdkit.Chem.rdchem.Mol object at 0x735c78f93e60>
CHEMBL5886423,CDK9,660.0,nM,CN1CCN(Cc2cccc(Cn3nnc4ccc(-c5cc(NC(=O)[C@@H]6CCCNC6)ncc5Cl)cc43)c2)CC1,6.180456064458131,True,<rdkit.Chem.rdchem.Mol object at 0x735c78f93df0>
CHEMBL455946,CDK2,660.0,nM,NS(=O)(=O)c1ccc(NC(=O)c2n[nH]c3ccccc23)cc1,6.180456064458131,True,<rdkit.Chem.rdchem.Mol object at 0x735c78f93d80>
CHEMBL5571889,CDK1,660.0,nM,Cc1ccc(O)c(C)c1-n1c(N)c(C(=O)N2CCn3ccnc3C2)c2nc(C)c(C)nc21,6.180456064458131,True,<rdkit.Chem.rdchem.Mol object at 0x735c78f93bc0>
CHEMBL5787921,CDK2,661.0,nM,CN[C@H](C)C(=O)N1CCc2nc(Nc3ncc(F)c(-c4cc(F)c5nc(C)n(C6CC6)c5c4)n3)ccc2C1,6.17979854051436,True,<rdkit.Chem.rdchem.Mol object at 0x735c78f93b50>
CHEMBL5407831,CDK4,662.0,nM,Sc1nnc(-c2c[nH]c3ccccc23)n1/N=C/c1ccccc1,6.1791420105603,True,<rdkit.Chem.rdchem.Mol object at 0x735c78f93ae0>
CHEMBL5842419,CDK9,670.0,nM,N#Cc1cn(CC2CCOCC2)c2cc(-c3cc(NC(=O)[C@@H]4CCCNC4)ncc3Cl)cnc12,6.173925197299173,True,<rdkit.Chem.rdchem.Mol object at 0x735c78f93a70>
CHEMBL5179962,CDK2,670.0,nM,CNS(=O)(=O)c1ccc(Nc2ncc3c(n2)N([C@@H]2CCC[C@@H](O)C2)C(=O)C32CC2)cc1,6.173925197299173,True,<rdkit.Chem.rdchem.Mol object at 0x735c78f93990>
CHEMBL5837531,CDK9,670.0,nM,O=C(Nc1cc(-c2ccc3c(c2)N(CC(=O)N2CCCC2)CC3)c(Cl)cn1)C1CCCNC1,6.173925197299173,True,<rdkit.Chem.rdchem.Mol object at 0x735c78f93920>
CHEMBL6149484,CDK6,673.0,nM,CN1CCN(c2ccc(Nc3ncc(F)c(-c4ccc5c(c4)OC4(CCCC4)CC5=O)n3)nc2)CC1,6.171984935776023,True,<rdkit.Chem.rdchem.Mol object at 0x735c78f93840>
CHEMBL455195,CDK9,680.0,nM,CCC1CC(C(=O)Nc2ncc(SCc3ncc(C(C)(C)C)o3)s2)CCN1,6.167491087293763,True,<rdkit.Chem.rdchem.Mol object at 0x735c78f937d0>
CHEMBL332882,CDK1,680.0,nM,Nc1cccc(-c2[nH]nc3ncnc(Nc4cccc(Cl)c4)c23)c1,6.167491087293763,True,<rdkit.Chem.rdchem.Mol object at 0x735c78f93760>
CHEMBL2035048,CDK2,680.0,nM,C1=C/COCc2ccc(o2)-c2ccnc(n2)Nc2cccc(c2)COC/1,6.167491087293763,True,<rdkit.Chem.rdchem.Mol object at 0x735c78f936f0>
CHEMBL6017237,CDK9,680.0,nM,Cc1ncc(CN2CCc3ccc(-c4cc(NC(=O)C5CCCNC5)ncc4Cl)cc32)cn1,6.167491087293763,True,<rdkit.Chem.rdchem.Mol object at 0x735c78f93680>
CHEMBL74680,CDK2,680.0,nM,Clc1cccc(Nc2nccc(-n3cnc4ccccc43)n2)c1,6.167491087293763,True,<rdkit.Chem.rdchem.Mol object at 0x735c78f93610>
CHEMBL289422,CDK4,680.0,nM,O=C1NC(=O)c2c1c1c3ccccc3n3c1c1c2c2ccccc2n1[C@H]1CC[C@@H]3O1,6.167491087293763,True,<rdkit.Chem.rdchem.Mol object at 0x735c78f935a0>
CHEMBL1823655,CDK2,680.0,nM,O=C(N[C@@H](c1ccc(Cl)c(Cl)c1)C1CNC1)c1ccc2cnccc2c1,6.167491087293763,True,<rdkit.Chem.rdchem.Mol object at 0x735c78f934c0>
CHEMBL5590970,CDK9,685.6,nM,CC(C)S(=O)(=O)c1ccccc1Nc1nc(C2CCNCC2)ncc1Cl,6.163929191084858,True,<rdkit.Chem.rdchem.Mol object at 0x735c78f93450>
CHEMBL5598317,CDK9,686.8,nM,O=C(CCCCCCn1cc(Nc2ncc(Cl)c(-c3cnc4ccccn34)n2)cn1)NO,6.163169713511121,True,<rdkit.Chem.rdchem.Mol object at 0x735c78f93300>
CHEMBL233205,CDK1,687.0,nM,CC(C)(N)c1ccc(-c2nc(Nc3ccc(CCO)cc3)ncc2Cl)cc1,6.16304326294045,True,<rdkit.Chem.rdchem.Mol object at 0x735c78f93290>
CHEMBL5633539,CDK2,689.4,nM,NC(=O)c1cccc2[nH]c(NC(=O)c3cccc(C(=O)N4CCC(Nc5ncc(I)cn5)CC4)c3)nc12,6.161528720928072,True,<rdkit.Chem.rdchem.Mol object at 0x735c78f93220>
CHEMBL269850,CDK2,690.0,nM,NS(=O)(=O)c1ccc(N/C=C2\C(=O)Nc3ccccc32)cc1,6.161150909262744,True,<rdkit.Chem.rdchem.Mol object at 0x735c78f931b0>
CHEMBL507536,CDK2,690.0,nM,CC(C)(C)c1cnc(CSc2cnc(N)s2)o1,6.161150909262744,True,<rdkit.Chem.rdchem.Mol object at 0x735c78f93140>
CHEMBL1922121,CDK2,690.0,nM,CC[C@@H](Nc1nc(NCc2cccnc2)c2ncn(C(C)C)c2n1)C(O)C(C)C,6.161150909262744,True,<rdkit.Chem.rdchem.Mol object at 0x735c78f930d0>
CHEMBL5939076,CDK9,690.0,nM,O=C(Nc1cc(-c2ccc3ncn(CC4CCOCC4)c3c2)c(Cl)cn1)c1cccnc1,6.161150909262744,True,<rdkit.Chem.rdchem.Mol object at 0x735c78f93060>
CHEMBL3943554,CDK2,695.0,nM,CC(C)C1CN(c2ccc(Nc3ncc4cc5n(c4n3)C3(CCCCC3)CNC5=O)nc2)CCN1,6.158015195409886,True,<rdkit.Chem.rdchem.Mol object at 0x735c78f92ff0>
CHEMBL5505818,CDK2,697.6,nM,CCC(=O)Nc1ccc(CNc2nc(O[C@H]3CCCNC3)nc3c(C(C)C)cnn23)cc1,6.156393528075489,True,<rdkit.Chem.rdchem.Mol object at 0x735c78f92f80>
CHEMBL133342,CDK2,700.0,nM,CC[C@@H](CO)Nc1nc(NCc2ccccc2)c2ncn(C(C)C)c2n1,6.154901959985743,True,<rdkit.Chem.rdchem.Mol object at 0x735c78f92f10>
CHEMBL173237,CDK1,700.0,nM,CCn1cnc2c(Nc3cccc(C(F)(F)F)c3)nc(NCCN)nc21,6.154901959985743,True,<rdkit.Chem.rdchem.Mol object at 0x735c78f92ea0>
CHEMBL4455210,CDK2,700.0,nM,Cc1nc2c(F)cc(-c3nc(Nc4ccc5c(n4)CCN(CCN(C)C)C5)ncc3F)cc2n1C1CC1,6.154901959985743,True,<rdkit.Chem.rdchem.Mol object at 0x735c78f92e30>
CHEMBL101468,CDK4,700.0,nM,Cc1ccc(F)c(Nc2ccnc(Nc3ccc(OCC(O)CN(C)C)cc3)n2)c1,6.154901959985743,True,<rdkit.Chem.rdchem.Mol object at 0x735c78f92dc0>
CHEMBL430507,CDK2,700.0,nM,CN(C)CC(O)COc1ccc(Nc2nccc(N(CC#N)c3cc(Cl)ccc3Cl)n2)cc1,6.154901959985743,True,<rdkit.Chem.rdchem.Mol object at 0x735c78f92ce0>
CHEMBL3085251,CDK1,700.0,nM,OC[C@H]1CCCN1c1nc(NCc2ccccc2)c2ncn(C3CCCC3)c2n1,6.154901959985743,True,<rdkit.Chem.rdchem.Mol object at 0x735c78f92c70>
CHEMBL477863,CDK2,700.0,nM,CCCOc1ccc(CN/C=C2\C(=O)NC(=O)c3ccc(I)cc32)nc1O,6.154901959985743,True,<rdkit.Chem.rdchem.Mol object at 0x735c78f92c00>
CHEMBL2163984,CDK2,700.0,nM,Fc1ccc(Nc2cc(NC3CCCNC3)nc3ccnn23)cc1Cl,6.154901959985743,True,<rdkit.Chem.rdchem.Mol object at 0x735c78f92b90>
CHEMBL3823030,CDK2,700.0,nM,Cc1nn(C2CCN(C(=O)[C@@H](C)O)CC2)c(C)c1Nc1ncc(Cl)c(-c2cnn3ccccc23)n1,6.154901959985743,True,<rdkit.Chem.rdchem.Mol object at 0x735c78f92b20>
CHEMBL3085231,CDK1,700.0,nM,CC(C)n1cnc2c(NCc3cccc(C(F)(F)F)c3)nc(N3CCC[C@H]3CO)nc21,6.154901959985743,True,<rdkit.Chem.rdchem.Mol object at 0x735c78f92ab0>
CHEMBL2029904,CDK1,700.0,nM,CNCc1cc2cnc(Nc3cc(C(=O)N4CCN(C)CC4)n(C)c3)nc2n1C1CCCC1,6.154901959985743,True,<rdkit.Chem.rdchem.Mol object at 0x735c78f929d0>
CHEMBL534909,CDK1,700.0,nM,CCn1cnc2c(Nc3cccc(C(F)(F)F)c3)nc(NCCN)nc21.Cl,6.154901959985743,True,<rdkit.Chem.rdchem.Mol object at 0x735c78f92960>
CHEMBL460746,CDK2,700.0,nM,O=C(NC(=S)Nc1ccc(O)c(-c2nc3ccccc3s2)c1)c1ccc([N+](=O)[O-])cc1,6.154901959985743,True,<rdkit.Chem.rdchem.Mol object at 0x735c78f928f0>
CHEMBL5591779,CDK9,704.3,nM,CC(=O)N[C@H]1CC[C@H](c2ncc(Cl)c(Nc3ccccc3S(=O)(=O)C(C)C)n2)CC1,6.152242311607669,True,<rdkit.Chem.rdchem.Mol object at 0x735c78f92880>
CHEMBL111897,CDK2,705.0,nM,COc1ccc(C(=O)Nc2cc(C3CC3)[nH]n2)cc1,6.151810883008601,True,<rdkit.Chem.rdchem.Mol object at 0x735c78f92810>
CHEMBL5565137,CDK1,705.0,nM,Cc1ccc(O)c(C)c1-n1c(N)c(C(=O)N2CCn3c(cccc3=O)C2)c2nc(C)c(C)nc21,6.151810883008601,True,<rdkit.Chem.rdchem.Mol object at 0x735c78f927a0>
CHEMBL3656841,CDK2,706.0,nM,COC[C@@H](C)N[C@H]1CC[C@H](Nc2cc(-c3cccc(NCC4(C#N)CCOCC4)n3)c(Cl)cn2)CC1,6.151195298948196,True,<rdkit.Chem.rdchem.Mol object at 0x735c78f92730>
CHEMBL5573253,CDK2,708.0,nM,CN1CCC(n2cc(-c3nc(NC4CCN(S(C)(=O)=O)CC4)ncc3C(F)(F)F)cn2)CC1,6.149966742310231,True,<rdkit.Chem.rdchem.Mol object at 0x735c78f926c0>
CHEMBL5542095,CDK2,708.9,nM,CC(=O)Nc1ccc(CNc2nc(NC(CO)CO)nc3c(C(C)C)cnn23)cc1,6.149415023647968,True,<rdkit.Chem.rdchem.Mol object at 0x735c78f92650>
CHEMBL5573816,CDK2,709.0,nM,CS(=O)(=O)N1CCC(Nc2ncc(C(F)(F)F)c(-c3cnn(CC(F)(F)F)c3)n2)CC1,6.149353764816933,True,<rdkit.Chem.rdchem.Mol object at 0x735c78f925e0>
CHEMBL255262,CDK4,710.0,nM,O=C(Cc1cccc(F)c1)Nc1n[nH]c2ccc(N3CCCS3(=O)=O)cc12,6.1487416512809245,True,<rdkit.Chem.rdchem.Mol object at 0x735c78f92570>
CHEMBL2035055,CDK2,710.0,nM,CN1C/C=C/COCc2ccc(s2)-c2ccnc(n2)Nc2ccc(OCCN3CCCC3)c(c2)C1,6.1487416512809245,True,<rdkit.Chem.rdchem.Mol object at 0x735c78f92420>
CHEMBL5999796,CDK2,710.0,nM,Cc1nc2c(F)cc(-c3nc(Nc4ccc5c(n4)CCN(C(C)C)C5)ncc3F)cc2n1C1CC1,6.1487416512809245,True,<rdkit.Chem.rdchem.Mol object at 0x735c78f92260>
CHEMBL5639303,CDK2,710.0,nM,COc1ccc(-c2ccnc3c(-c4noc(C)n4)c(C)nn23)cc1,6.1487416512809245,True,<rdkit.Chem.rdchem.Mol object at 0x735c78f921f0>
CHEMBL1760035,CDK2,711.0,nM,COc1cc(Nc2nccc(Nc3cnc4ccccc4c3)n2)cc(OC)c1OC,6.148130399270234,True,<rdkit.Chem.rdchem.Mol object at 0x735c78f92180>
CHEMBL5542710,CDK2,712.75,nM,CC(=O)Nc1ccc(CNc2nc(NC3CCOCC3)nc3c(C(C)C)cnn23)cc1,6.147062774018503,True,<rdkit.Chem.rdchem.Mol object at 0x735c78f92110>
CHEMBL5597396,CDK9,716.9,nM,O=C(CCCCCn1cc(Nc2ncc(Cl)c(-c3cnc4ccccn34)n2)cn1)NO,6.144541419613963,True,<rdkit.Chem.rdchem.Mol object at 0x735c78f920a0>
CHEMBL6011351,CDK9,720.0,nM,O=C(O)c1ccc(CN2CCc3ccc(-c4cc(NC(=O)C5CCCNC5)ncc4Cl)cc32)cc1,6.142667503568731,True,<rdkit.Chem.rdchem.Mol object at 0x735c78f92030>
CHEMBL2436977,CDK2,720.0,nM,CN1CCN(Cc2ccc(-c3cnc4[nH]cc(-c5cnc6[nH]ccc6c5)c4c3)cc2)CC1,6.142667503568731,True,<rdkit.Chem.rdchem.Mol object at 0x735c78f91fc0>
CHEMBL269538,CDK9,720.0,nM,COc1ccc2c(c1)[nH]c1c(C)nccc12,6.142667503568731,True,<rdkit.Chem.rdchem.Mol object at 0x735c78f91e70>
CHEMBL5197170,CDK2,720.0,nM,CC(C)n1cc(-c2ccnc3[nH]c(C4CCN(CC(=O)N5CCCCC5)CC4)cc23)ccc1=O,6.142667503568731,True,<rdkit.Chem.rdchem.Mol object at 0x735c78f91d90>
CHEMBL4750372,CDK9,720.0,nM,CC(=O)N[C@@H]1CCC[C@H](C(=O)Nc2cc(-c3cnn4c3CCCC4O)c(Cl)cn2)C1,6.142667503568731,True,<rdkit.Chem.rdchem.Mol object at 0x735c78f91d20>
CHEMBL5950277,CDK1,726.0,nM,Cc1nc2c(F)cc(-c3nc(Nc4ccc5c(n4)CCN(C(=O)NCCO)C5)ncc3F)cc2n1C1CC1,6.139063379299906,True,<rdkit.Chem.rdchem.Mol object at 0x735c78f91cb0>
CHEMBL6036030,CDK1,727.0,nM,CN(C)C(=O)c1ccc(Nc2ncc3cc4n(c3n2)C2(CCCCC2)C(=O)NN4)cc1,6.138465589140962,True,<rdkit.Chem.rdchem.Mol object at 0x735c78f91c40>
CHEMBL443198,CDK2,730.0,nM,O=C(CO)Nc1c[nH]nc1C(=O)Nc1ccc(F)cc1,6.136677139879544,True,<rdkit.Chem.rdchem.Mol object at 0x735c78f91bd0>
CHEMBL3668467,CDK9,730.0,nM,N#CC1(CNc2cc(-c3ccnc4[nH]c(C5CCNCC5)cc34)c(Cl)cn2)CCOCC1,6.136677139879544,True,<rdkit.Chem.rdchem.Mol object at 0x735c78f91af0>
CHEMBL203569,CDK2,730.0,nM,NS(=O)(=O)c1ccc(Nc2cc(NC3CCCCC3)nc3ncnn23)cc1,6.136677139879544,True,<rdkit.Chem.rdchem.Mol object at 0x735c78f91a80>
CHEMBL5756149,CDK9,730.0,nM,Cc1ccc(CN2CCc3ccc(-c4cc(NC(=O)C5CCCNC5)ncc4Cl)cc32)cn1,6.136677139879544,True,<rdkit.Chem.rdchem.Mol object at 0x735c78f919a0>
CHEMBL5742521,CDK9,730.0,nM,CN(C)C(Cn1nnc2ccc(-c3cc(NC(=O)[C@@H]4CCCNC4)ncc3Cl)cc21)c1cccc(F)c1,6.136677139879544,True,<rdkit.Chem.rdchem.Mol object at 0x735c78f91930>
CHEMBL5591779,CDK2,734.55,nM,CC(=O)N[C@H]1CC[C@H](c2ncc(Cl)c(Nc3ccccc3S(=O)(=O)C(C)C)n2)CC1,6.1339786369261,True,<rdkit.Chem.rdchem.Mol object at 0x735c78f918c0>
CHEMBL6161355,CDK1,735.0,nM,Cc1ccc(O)c(C)c1-n1c(N)c(C(N)=O)c2c(=O)n(CCO)c(C)nc21,6.133712660915805,True,<rdkit.Chem.rdchem.Mol object at 0x735c78f917e0>
CHEMBL410293,CDK1,740.0,nM,NS(=O)(=O)c1ccc(N/C=C2\C(=O)Nc3cc(CO)ccc32)cc1,6.130768280269024,True,<rdkit.Chem.rdchem.Mol object at 0x735c78f91770>
CHEMBL3644029,CDK1,740.0,nM,CS(=O)(=O)c1ccc(Nc2ncc(C(F)(F)F)c(OCCC(F)(F)F)n2)cc1,6.130768280269024,True,<rdkit.Chem.rdchem.Mol object at 0x735c78f91700>
CHEMBL5190067,CDK2,746.0,nM,[2H]C([2H])([2H])NS(=O)(=O)c1ccc(Nc2ncc3c(n2)N([C@@H]2CCC[C@@]2(C)O)C(=O)C32CC2)cc1,6.127261172527332,True,<rdkit.Chem.rdchem.Mol object at 0x735c78f91690>
CHEMBL6143608,CDK6,749.0,nM,CN1CCN(c2ccc(Nc3ncc(F)c(-c4ccc5c(c4)OC4(CCC4)CC5=O)n3)nc2)CC1,6.125518182300533,True,<rdkit.Chem.rdchem.Mol object at 0x735c78f91620>
CHEMBL448316,CDK2,750.0,nM,O=C(NC1CCNCC1)c1n[nH]cc1NC(=O)c1c(F)cc(F)cc1F,6.1249387366083,True,<rdkit.Chem.rdchem.Mol object at 0x735c78f91540>
CHEMBL3641963,CDK4,750.0,nM,CN(C)C1CCN(c2ccc(Nc3ncc4c5ccncc5n([C@H]5CCC[C@@H]5O)c4n3)nn2)CC1,6.1249387366083,True,<rdkit.Chem.rdchem.Mol object at 0x735c78f914d0>
CHEMBL4207966,CDK6,752.0,nM,CCN1CCN(Cc2ccc(Nc3nccc(-c4cc(F)c5nc6n(c5c4)C(C)CC6)n3)nc2)CC1,6.123782159408358,True,<rdkit.Chem.rdchem.Mol object at 0x735c78f91460>
CHEMBL6161225,CDK1,756.1,nM,CC(C)N1CCC(c2cc3c(-c4cnn(CC5CC5)c4)c(Cl)cnc3[nH]2)CC1,6.121420761937781,True,<rdkit.Chem.rdchem.Mol object at 0x735c78f913f0>
CHEMBL5505745,CDK2,757.4,nM,CCC(=O)Nc1ccc(CNc2nc(NC3CCNCC3)nc3c(C(C)C)cnn23)cc1,6.120674699215193,True,<rdkit.Chem.rdchem.Mol object at 0x735c78f91380>
CHEMBL5201044,CDK1,760.0,nM,O=C(c1ccc(-c2ccnc3[nH]c(-c4ccc(CN5CCOCC5)cc4)nc23)cc1)N1CCCC1,6.119186407719209,True,<rdkit.Chem.rdchem.Mol object at 0x735c78f91310>
CHEMBL5207871,CDK2,760.0,nM,CC(C)n1cc(-c2ccnc3[nH]c(C4CCN(CC(=O)N5CCCC5)CC4)cc23)ccc1=O,6.119186407719209,True,<rdkit.Chem.rdchem.Mol object at 0x735c78f912a0>
CHEMBL4756050,CDK9,760.0,nM,CC(=O)N[C@@H]1CCC[C@H](C(=O)Nc2cc(-c3cnc4n3CCC4)c(Cl)cn2)C1,6.119186407719209,True,<rdkit.Chem.rdchem.Mol object at 0x735c78f911c0>
CHEMBL3655774,CDK2,770.0,nM,CC[C@H](Nc1nc(NCc2ncccc2C)c2ncn(C(C)C)c2n1)[C@@H](C)O,6.113509274827518,True,<rdkit.Chem.rdchem.Mol object at 0x735c78f91150>
CHEMBL3892881,CDK2,770.0,nM,CS(=N)(=O)Cc1cccc(Nc2ncc(F)c(-c3ccc(F)cc3OCc3ccc(F)cc3)n2)c1,6.113509274827518,True,<rdkit.Chem.rdchem.Mol object at 0x735c78f910e0>
CHEMBL452601,CDK9,770.0,nM,C[C@H]1CNC[C@H](C(=O)Nc2ncc(SCc3ncc(C(C)(C)C)o3)s2)C1,6.113509274827518,True,<rdkit.Chem.rdchem.Mol object at 0x735c78f91070>
CHEMBL6055129,CDK9,770.0,nM,O=C(Nc1cc(-c2ccc3ncn(CC4CCOCC4)c3c2)c(Cl)cn1)c1cncnc1,6.113509274827518,True,<rdkit.Chem.rdchem.Mol object at 0x735c78f90f90>
CHEMBL5169515,CDK2,770.0,nM,C[C@@H]1CCC[C@H]1N1C(=O)C2(CC2)c2cnc(Nc3ccc(S(=O)(=O)NCCO)cc3)nc21,6.113509274827518,True,<rdkit.Chem.rdchem.Mol object at 0x735c78f90eb0>
CHEMBL3663758,CDK9,770.0,nM,COC(=O)N1CCCC(c2cc3c(-c4nc(NCc5ccccc5)ccc4Cl)ccnc3[nH]2)C1,6.113509274827518,True,<rdkit.Chem.rdchem.Mol object at 0x735c78f90dd0>
CHEMBL2402945,CDK1,777.0,nM,NC1CCC(Nc2nc(NCc3ccc(-c4ccccc4O)cc3)c3ncn(C4CCCC4)c3n2)CC1,6.1095789811990855,True,<rdkit.Chem.rdchem.Mol object at 0x735c78f90d60>
CHEMBL3774632,CDK1,777.0,nM,CC(O)CNc1nc(NCc2ccc(-c3ccccn3)cc2)c2[nH]nc(C(C)C)c2n1,6.1095789811990855,True,<rdkit.Chem.rdchem.Mol object at 0x735c78f90cf0>
CHEMBL3906489,CDK2,780.0,nM,CCOC(=O)N=S(C)(=O)Cc1cccc(Nc2ncc(F)c(-c3ccc(F)cc3OC)n2)c1,6.107905397309519,True,<rdkit.Chem.rdchem.Mol object at 0x735c78f90c10>
CHEMBL3919798,CDK9,780.0,nM,CN1Cc2c(C3=CCN(C(=O)OC(C)(C)C)CC3)[nH]c3ncc(F)c(c23)-c2cc(F)ccc21,6.107905397309519,True,<rdkit.Chem.rdchem.Mol object at 0x735c78f90ba0>
CHEMBL5177698,CDK2,780.0,nM,CNc1nc(C(=O)/C=C/c2ccc(OC)cc2)c(C)s1,6.107905397309519,True,<rdkit.Chem.rdchem.Mol object at 0x735c78f90ac0>
CHEMBL5073277,CDK6,781.0,nM,Cc1nc2ccc(-c3nc(Nc4ccc(CN5CCN(C(C)C)CC5)cn4)ncc3F)cc2nc1C,6.1073489661227,True,<rdkit.Chem.rdchem.Mol object at 0x735c78f90a50>
CHEMBL233213,CDK1,781.0,nM,CN(C)CCc1ccc(Nc2ncc(Cl)c(-c3n[nH]c4ccccc34)n2)cc1,6.1073489661227,True,<rdkit.Chem.rdchem.Mol object at 0x735c78f909e0>
CHEMBL1800218,CDK2,790.0,nM,Nc1nccc(-c2cc(N3CCOCC3)ccc2O)n1,6.102372908709558,True,<rdkit.Chem.rdchem.Mol object at 0x735c78f90900>
CHEMBL524059,CDK4,790.0,nM,O=C(O)c1ccc(Nc2nccc(-c3cnn4ncccc34)n2)cc1,6.102372908709558,True,<rdkit.Chem.rdchem.Mol object at 0x735c78f90890>
CHEMBL6057377,CDK9,790.0,nM,Fc1cccc(Cn2cnc3ccc(-c4cc(NCCNCc5ccccc5)ncc4Cl)cc32)c1,6.102372908709558,True,<rdkit.Chem.rdchem.Mol object at 0x735c78f90820>
CHEMBL4538174,CDK2,790.0,nM,C[C@@H](NC(=O)Nc1cc2[nH]ncc2c(CO)n1)c1ccccc1,6.102372908709558,True,<rdkit.Chem.rdchem.Mol object at 0x735c78f90740>
CHEMBL1800463,CDK1,790.0,nM,Nc1nc(NCCN2CCOCC2)cc(-c2cc(N3C[C@H](O)[C@@H](O)C3)ccc2O)n1,6.102372908709558,True,<rdkit.Chem.rdchem.Mol object at 0x735c78f90660>
CHEMBL3702212,CDK6,790.0,nM,COCCn1c2cnccc2c2cnc(Nc3ccc(N4CCNCC4)cn3)nc21,6.102372908709558,True,<rdkit.Chem.rdchem.Mol object at 0x735c78f905f0>
CHEMBL5555640,CDK2,793.2,nM,CCC(=O)Nc1ccc(CNc2nc(NC3CCN(C)CC3)nc3c(C(C)C)cnn23)cc1,6.100617294466735,True,<rdkit.Chem.rdchem.Mol object at 0x735c78f904a0>
CHEMBL107530,CDK1,800.0,nM,Nc1nc(Nc2cccc(Br)c2)nc(OCC2CCCCC2)c1N=O,6.096910013008056,True,<rdkit.Chem.rdchem.Mol object at 0x735c78f90430>
CHEMBL4764361,CDK9,800.0,nM,CC(=O)N[C@@H]1CCC[C@H](C(=O)Nc2cc(-c3cnn4c3CN(C)CC4)c(Cl)cn2)C1,6.096910013008056,True,<rdkit.Chem.rdchem.Mol object at 0x735c78f903c0>
CHEMBL498625,CDK4,800.0,nM,Cc1nn2ncccc2c1-c1ccnc(NC2CC2)n1,6.096910013008056,True,<rdkit.Chem.rdchem.Mol object at 0x735c78f902e0>
CHEMBL100945,CDK4,800.0,nM,C#CCN(c1cc(Nc2ccc(OCC(O)CN(C)C)cc2)ncn1)c1cc(Cl)ccc1Cl,6.096910013008056,True,<rdkit.Chem.rdchem.Mol object at 0x735c78f90270>
CHEMBL101311,CDK4,800.0,nM,CN(C)CC(O)COc1ccc(Nc2nccc(Nc3cc(Cl)ccc3Cl)n2)cc1,6.096910013008056,True,<rdkit.Chem.rdchem.Mol object at 0x735c78f90120>
CHEMBL3085233,CDK1,800.0,nM,CC(C)n1cnc2c(NCc3ccc(C(F)(F)F)cc3)nc(N3CCC[C@@H]3CO)nc21,6.096910013008056,True,<rdkit.Chem.rdchem.Mol object at 0x735c78f900b0>
CHEMBL133342,CDK1,800.0,nM,CC[C@@H](CO)Nc1nc(NCc2ccccc2)c2ncn(C(C)C)c2n1,6.096910013008056,True,<rdkit.Chem.rdchem.Mol object at 0x735c78f90040>
CHEMBL3109955,CDK2,800.0,nM,Clc1ccccc1Nc1cc2[nH]c(-c3cn[nH]c3)cc2cn1,6.096910013008056,True,<rdkit.Chem.rdchem.Mol object at 0x735c78f93d10>
CHEMBL3971492,CDK9,800.0,nM,CS(=O)(=O)N1CC=C(c2[nH]c3nccc4c3c2CN(CC2CCOCC2)c2ccc(F)cc2-4)CC1,6.096910013008056,True,<rdkit.Chem.rdchem.Mol object at 0x735c78f93ca0>
CHEMBL2112679,CDK1,800.0,nM,CC(C)n1cnc2c(NC(CO)c3ccccc3)nc(N3CCC[C@H]3CO)nc21,6.096910013008056,True,<rdkit.Chem.rdchem.Mol object at 0x735c78f93a00>
CHEMBL3702234,CDK4,800.0,nM,CC[C@H](C)n1c2cnccc2c2cnc(Nc3ccc(N4CCC(NC)CC4)nn3)nc21,6.096910013008056,True,<rdkit.Chem.rdchem.Mol object at 0x735c78f938b0>
CHEMBL5793112,CDK9,800.0,nM,NC(CNc1cc(-c2ccc3ncn(Cc4cccc(F)c4)c3c2)c(Cl)cn1)c1ccccc1,6.096910013008056,True,<rdkit.Chem.rdchem.Mol object at 0x735c78f93530>
CHEMBL101473,CDK4,800.0,nM,Cc1cnc(Nc2ccc(OCC(O)CN(C)C)cc2)nc1Nc1ccccc1,6.096910013008056,True,<rdkit.Chem.rdchem.Mol object at 0x735c78f933e0>
CHEMBL83980,CDK2,800.0,nM,CC(C)n1cnc2c(NCc3ccccc3)nc(NCCCO)nc21,6.096910013008056,True,<rdkit.Chem.rdchem.Mol object at 0x735c78f93370>
CHEMBL4205366,CDK1,800.9,nM,CCN1CCN(Cc2ccc(Nc3cc(-c4cc(F)c5nc(C)n(C(C)C)c5c4)ccn3)nn2)CC1,6.096421706336946,True,<rdkit.Chem.rdchem.Mol object at 0x735c78f92d50>
CHEMBL5276424,CDK2,802.0,nM,O=C(Nc1n[nH]c2ccc(-c3cncc(NC[C@@H](O)c4ccccc4)c3)cc12)c1ccccc1,6.095825631715837,True,<rdkit.Chem.rdchem.Mol object at 0x735c78f92a40>
CHEMBL5527848,CDK2,805.8,nM,CC(C)c1cnn2c(NCc3ccc(NC(=O)C4(F)CC4)cc3)nc(NC3CCOCC3)nc12,6.093772736947641,True,<rdkit.Chem.rdchem.Mol object at 0x735c78f92500>
CHEMBL233208,CDK1,808.0,nM,CC(C)(N)c1ccc(-c2nc(Nc3ccc(CCN4CCCC4)cc3)ncc2Cl)cc1,6.092588639225414,True,<rdkit.Chem.rdchem.Mol object at 0x735c78f923b0>
CHEMBL183941,CDK4,810.0,nM,Nc1nc2ccc(C(=O)c3c(F)cccc3Cl)cn2c1C(=O)c1c(F)cccc1F,6.091514981121351,True,<rdkit.Chem.rdchem.Mol object at 0x735c78f92340>
CHEMBL509012,CDK9,810.0,nM,CC(C)C1CC(C(=O)Nc2ncc(SCc3ncc(C(C)(C)C)o3)s2)CCN1,6.091514981121351,True,<rdkit.Chem.rdchem.Mol object at 0x735c78f922d0>
CHEMBL3668463,CDK9,810.0,nM,O[C@@H]1CN[C@@H](CNc2ccc(Cl)c(-c3ccnc4[nH]c(C5CCNCC5)cc34)n2)C1,6.091514981121351,True,<rdkit.Chem.rdchem.Mol object at 0x735c78f91f50>
CHEMBL1241662,CDK4,810.0,nM,Nc1nc2ccc(C(=O)c3c(F)cccc3Cl)cc2n1Cc1c(F)cccc1F,6.091514981121351,True,<rdkit.Chem.rdchem.Mol object at 0x735c78f91ee0>
CHEMBL186396,CDK2,812.0,nM,CN1CCN(CCOc2cc(F)c(C(=O)c3c(N)nc4ccc(C(=O)c5c(Cl)cccc5Cl)cn34)c(F)c2)CC1,6.090443970758825,True,<rdkit.Chem.rdchem.Mol object at 0x735c78f91e00>
CHEMBL5268968,CDK2,813.0,nM,O=C(Nc1n[nH]c2ccc(-c3cncc(NC[C@@H](CO)c4ccccc4)c3)cc12)c1ccccc1,6.089909454405932,True,<rdkit.Chem.rdchem.Mol object at 0x735c78f91b60>
CHEMBL3641962,CDK4,820.0,nM,O[C@H]1CCC[C@@H]1n1c2cnccc2c2cnc(Nc3ccc(N4CCNCC4)nn3)nc21,6.086186147616283,True,<rdkit.Chem.rdchem.Mol object at 0x735c78f91850>
CHEMBL3298311,CDK2,821.0,nM,C[C@@H](CO)Nc1ncc2c(n1)CN(C(=O)N[C@H](C)c1ccc(C(F)(F)F)c(F)c1)CC2,6.085656842880559,True,<rdkit.Chem.rdchem.Mol object at 0x735c78f91230>
CHEMBL5569109,CDK2,823.0,nM,CS(=O)(=O)N1CCC(Nc2ncc(C(F)(F)F)c(-c3cnn(-c4ccccc4Cl)c3)n2)CC1,6.08460016478773,True,<rdkit.Chem.rdchem.Mol object at 0x735c78f90f20>
CHEMBL185854,CDK4,827.0,nM,Nc1nc2ccc(C(=O)c3c(F)cccc3F)cn2c1C(=O)c1c(F)cccc1Cl,6.082494490447454,True,<rdkit.Chem.rdchem.Mol object at 0x735c78f90e40>
CHEMBL3655766,CDK2,830.0,nM,CC[C@H](Nc1nc(NCc2cccnc2)c2ncn(CC3CC3)c2n1)[C@@H](C)O,6.080921907623926,True,<rdkit.Chem.rdchem.Mol object at 0x735c78f90c80>
CHEMBL3641913,CDK6,830.0,nM,CN(C)C1CCN(c2ccc(Nc3ncc4c5ccncc5n([C@H]5CCC[C@H]5O)c4n3)nc2)CC1,6.080921907623926,True,<rdkit.Chem.rdchem.Mol object at 0x735c78f906d0>
CHEMBL1243003,CDK1,830.0,nM,CCN(CCO)CCCNc1ccnc2cc(Cl)ccc12,6.080921907623926,True,<rdkit.Chem.rdchem.Mol object at 0x735c78f90580>
CHEMBL5089164,CDK2,830.15,nM,Cn1ccc2cc(Nc3ncc(C(F)(F)F)c(N[C@H]4CC[C@@H](N)CC4)n3)ccc2c1=O,6.080843427760706,True,<rdkit.Chem.rdchem.Mol object at 0x735c78f90510>
CHEMBL3822962,CDK2,832.0,nM,CCc1c(Nc2ncc(Cl)c(-c3cnn4ccccc34)n2)cnn1C1CCN(C(C)=O)CC1,6.079876673709276,True,<rdkit.Chem.rdchem.Mol object at 0x735c78f90200>
CHEMBL5401267,CDK2,833.5,nM,CS(=O)(=O)N1CCc2cc(Nc3ncc(C(F)(F)F)c(NCCCN)n3)ccc2C1,6.079094395835976,True,<rdkit.Chem.rdchem.Mol object at 0x735c78f07ed0>
CHEMBL5092606,CDK2,834.9,nM,CN(C)C(=O)c1ccc(Nc2ncc(C(F)(F)F)c(N[C@H]3CC[C@@H](N)CC3)n2)cc1,6.078365538946295,True,<rdkit.Chem.rdchem.Mol object at 0x735c78f07e60>
CHEMBL360596,CDK4,838.0,nM,COc1cc(F)c(C(=O)c2c(N)nc3ccc(C(=O)c4c(F)cccc4F)cn23)c(F)c1,6.076755981369724,True,<rdkit.Chem.rdchem.Mol object at 0x735c78f07df0>
CHEMBL3668353,CDK9,840.0,nM,Fc1cccc(-c2c(Cl)cnc3[nH]c(C4CCCNC4)cc23)n1,6.075720713938118,True,<rdkit.Chem.rdchem.Mol object at 0x735c78f07d10>
CHEMBL234624,CDK1,847.0,nM,CN(C)CCc1ccc(Nc2ncc(Cl)c(-c3ccc4[nH]ccc4c3)n2)cc1,6.072116589669293,True,<rdkit.Chem.rdchem.Mol object at 0x735c78f07ca0>
CHEMBL3684988,CDK4,847.0,nM,COc1cc2c3cnc(Nc4ccc5c(n4)CCN(C(=O)CO)C5)nc3n([C@H]3CC[C@H](C)CC3)c2cn1,6.072116589669293,True,<rdkit.Chem.rdchem.Mol object at 0x735c78f07c30>
CHEMBL3927078,CDK2,850.0,nM,CS(=N)(=O)Cc1cccc(Nc2ncc(F)c(-c3ccc(F)cc3OCc3ccccc3)n2)c1,6.070581074285707,True,<rdkit.Chem.rdchem.Mol object at 0x735c78f07a70>
CHEMBL456163,CDK2,850.0,nM,CC(=O)Nc1c[nH]nc1C(=O)Nc1ccc(F)cc1,6.070581074285707,True,<rdkit.Chem.rdchem.Mol object at 0x735c78f07990>
CHEMBL130175,CDK1,850.0,nM,COc1ccc(CNc2nc(I)nc3c2ncn3C(C)C)cc1,6.070581074285707,True,<rdkit.Chem.rdchem.Mol object at 0x735c78f07920>
CHEMBL5762877,CDK9,850.0,nM,Cc1cnc(CN2CCc3ccc(-c4cc(NC(=O)C5CCCNC5)ncc4Cl)cc32)cn1,6.070581074285707,True,<rdkit.Chem.rdchem.Mol object at 0x735c78f07840>
CHEMBL2112678,CDK1,850.0,nM,CC(C)n1cnc2c(NCc3ccccc3)nc(N[C@H](C)CO)nc21,6.070581074285707,True,<rdkit.Chem.rdchem.Mol object at 0x735c78f07680>
CHEMBL5416999,CDK2,860.0,nM,COc1ccc2cc1COC/C=C/COCc1cccc(c1)-c1ccnc(n1)N2,6.065501548756432,True,<rdkit.Chem.rdchem.Mol object at 0x735c78f075a0>
CHEMBL3702126,CDK6,860.0,nM,O=C(O)c1ccc(Nc2ncc3c4ccnc(O)c4n(C4CCCC4)c3n2)nc1,6.065501548756432,True,<rdkit.Chem.rdchem.Mol object at 0x735c78f074c0>
CHEMBL4750648,CDK9,860.0,nM,CC(=O)N[C@@H]1CCC[C@H](C(=O)Nc2cc(-c3cnn4c3NCCC4)c(Cl)cn2)C1,6.065501548756432,True,<rdkit.Chem.rdchem.Mol object at 0x735c78f07450>
CHEMBL378963,CDK1,870.0,nM,N[C@H](COc1cnc(Cl)c(-c2ccc3cnccc3c2)c1)Cc1c[nH]c2ccccc12,6.060480747381382,True,<rdkit.Chem.rdchem.Mol object at 0x735c78f073e0>
CHEMBL3952495,CDK9,870.0,nM,CN(C)C(=O)CN1CC=C(c2[nH]c3nccc4c3c2CN(C)c2ccc(F)cc2-4)C(C)(C)C1,6.060480747381382,True,<rdkit.Chem.rdchem.Mol object at 0x735c78f07370>
CHEMBL489245,CDK2,870.0,nM,COc1ccc(CN/C=C2\C(=O)NC(=O)c3ccc(I)cc32)cc1O,6.060480747381382,True,<rdkit.Chem.rdchem.Mol object at 0x735c78f07300>
CHEMBL329040,CDK2,871.0,nM,NS(=O)(=O)c1cccc(Nc2cc(-c3ccc(F)cc3)n[nH]2)c1,6.059981844992336,True,<rdkit.Chem.rdchem.Mol object at 0x735c78f07290>
CHEMBL6148270,CDK1,879.1,nM,c1cc(-c2cnn(CC3CC3)c2)c2cc(C3CCNCC3)[nH]c2n1,6.055961719945582,True,<rdkit.Chem.rdchem.Mol object at 0x735c78f07220>
CHEMBL5077422,CDK9,881.0,nM,Cc1nc2ccc(-c3cc(N)nc(N)c3)nc2n1CCOc1ccccn1,6.055024091587952,True,<rdkit.Chem.rdchem.Mol object at 0x735c78f071b0>
CHEMBL5437396,CDK4,882.0,nM,Sc1nnc(-c2c[nH]c3ccccc23)n1/N=C/c1cccc(Cl)c1,6.05453141486818,True,<rdkit.Chem.rdchem.Mol object at 0x735c78f07140>
CHEMBL255463,CDK4,890.0,nM,O=C(Cc1ccccc1Cl)Nc1n[nH]c2ccc(N3CCCS3(=O)=O)cc12,6.050609993355087,True,<rdkit.Chem.rdchem.Mol object at 0x735c78f07060>
CHEMBL3922076,CDK9,890.0,nM,CN(CCO)C(=O)CN1CC=C(c2[nH]c3nccc4c3c2CN(C)c2ccc(F)cc2-4)C(C)(C)C1,6.050609993355087,True,<rdkit.Chem.rdchem.Mol object at 0x735c78f06ff0>
CHEMBL189963,CDK9,892.0,nM,CC(=O)c1c(C)c2cnc(Nc3ccc(N4CCNCC4)cn3)nc2n(C2CCCC2)c1=O,6.049635145623877,True,<rdkit.Chem.rdchem.Mol object at 0x735c78f06f80>
CHEMBL189440,CDK2,896.0,nM,N#C/C=C(\c1ccc2nc(N)c(C(=O)c3c(F)cccc3F)n2c1)c1c(F)cccc1F,6.047691990337874,True,<rdkit.Chem.rdchem.Mol object at 0x735c78f06f10>
CHEMBL1801932,CDK2,900.0,nM,CC(C)c1cnn2c(NCc3ccccc3)cc(NCCCCCCN)nc12,6.045757490560675,True,<rdkit.Chem.rdchem.Mol object at 0x735c78f06e30>
CHEMBL131697,CDK1,900.0,nM,CCCC(CO)Nc1nc(NCc2ccccc2)c2ncn(C(C)C)c2n1,6.045757490560675,True,<rdkit.Chem.rdchem.Mol object at 0x735c78f06dc0>
CHEMBL95827,CDK1,900.0,nM,COc1ccc2[nH]c3c(c2c1)CC(=O)Nc1ccccc1-3,6.045757490560675,True,<rdkit.Chem.rdchem.Mol object at 0x735c78f06d50>
CHEMBL130280,CDK1,900.0,nM,CC(O)CNc1nc(NCc2ccccc2)c2ncn(C(C)C)c2n1,6.045757490560675,True,<rdkit.Chem.rdchem.Mol object at 0x735c78f06ce0>
CHEMBL315837,CDK2,900.0,nM,CC(C)n1cnc2c(NC3CCCC3)nc(NCCCO)nc21,6.045757490560675,True,<rdkit.Chem.rdchem.Mol object at 0x735c78f06c70>
CHEMBL1964243,CDK1,910.0,nM,CC(=O)NS(=O)(=O)c1ccc(N/C=C2\C(=O)Nc3ccc4ncsc4c32)cc1,6.040958607678906,True,<rdkit.Chem.rdchem.Mol object at 0x735c78f06c00>
CHEMBL1243004,CDK1,910.0,nM,COC(=O)c1cc(NC(C)=O)ccc1S(=O)(=O)c1ccc(NC(C)=O)cc1C(=O)OC,6.040958607678906,True,<rdkit.Chem.rdchem.Mol object at 0x735c78f06b90>
CHEMBL3668466,CDK9,910.0,nM,F[C@@H]1CN[C@H](CNc2ccc(Cl)c(-c3ccnc4[nH]c(C5CCNCC5)cc34)n2)C1,6.040958607678906,True,<rdkit.Chem.rdchem.Mol object at 0x735c78f06b20>
CHEMBL4439395,CDK9,911.0,nM,O=C(Cc1ccc(-c2ccccc2)cc1)Nc1cc(C2CCC2)[nH]n1,6.040481623027002,True,<rdkit.Chem.rdchem.Mol object at 0x735c78f06ab0>
CHEMBL3673435,CDK2,913.0,nM,COc1cc(F)ccc1-c1ccnc(NC(=O)C2CCC(NC(C)=O)C2)c1,6.039529222465701,True,<rdkit.Chem.rdchem.Mol object at 0x735c78f06a40>
CHEMBL5434594,CDK2,920.0,nM,Cc1ccc2c(CCNc3ccc([N+](=O)[O-])cc3C(=O)O)cn(C)c2c1,6.036212172654444,True,<rdkit.Chem.rdchem.Mol object at 0x735c78f069d0>
CHEMBL4760601,CDK9,920.0,nM,CC(=O)N[C@@H]1CCC[C@H](C(=O)Nc2cc(-c3cnc(C)n3C(C)C)ccn2)C1,6.036212172654444,True,<rdkit.Chem.rdchem.Mol object at 0x735c78f06960>
CHEMBL296468,CDK4,925.0,nM,CC(C)(C)c1cnc(CSc2cnc(NC(=O)C3CCNCC3)s2)o1,6.033858267260968,True,<rdkit.Chem.rdchem.Mol object at 0x735c78f068f0>
CHEMBL3642039,CDK4,930.0,nM,NC(=O)CC1CCN(c2ccc(Nc3ncc4c5ccnc(F)c5n(C5CCCC5)c4n3)nc2)CC1,6.031517051446064,True,<rdkit.Chem.rdchem.Mol object at 0x735c78f06880>
CHEMBL6148270,CDK2,932.7,nM,c1cc(-c2cnn(CC3CC3)c2)c2cc(C3CCNCC3)[nH]c2n1,6.030258023237145,True,<rdkit.Chem.rdchem.Mol object at 0x735c78f06810>
CHEMBL1800461,CDK2,940.0,nM,Nc1nc(-c2cc(N3C[C@H](O)[C@@H](O)C3)ccc2O)cc(N2CCOCC2)n1,6.026872146400301,True,<rdkit.Chem.rdchem.Mol object at 0x735c78f06730>
CHEMBL5596025,CDK9,948.05,nM,CC(C)S(=O)(=O)c1ccccc1Nc1nc([C@H]2CC[C@@H](N)CC2)ncc1Cl,6.023168757438865,True,<rdkit.Chem.rdchem.Mol object at 0x735c78f066c0>
CHEMBL3960117,CDK9,950.0,nM,CN1Cc2c(C3=CCN(CC(=O)N4CCC[C@H]4CO)CC3(C)C)[nH]c3nccc(c23)-c2cc(F)ccc21,6.022276394711152,True,<rdkit.Chem.rdchem.Mol object at 0x735c78f06650>
CHEMBL5755053,CDK9,950.0,nM,O=C(c1cccc(F)c1)c1c[nH]c2ccc(-c3cc(NC(=O)[C@@H]4CCCNC4)ncc3Cl)cc12,6.022276394711152,True,<rdkit.Chem.rdchem.Mol object at 0x735c78f065e0>
CHEMBL6015135,CDK9,950.0,nM,Cn1c(CN2CCc3ccc(-c4cc(NC(=O)C5CCCNC5)ncc4Cl)cc32)nc2ccccc21,6.022276394711152,True,<rdkit.Chem.rdchem.Mol object at 0x735c78f06570>
CHEMBL515631,CDK2,960.0,nM,CCCOc1cnc(CN/C=C2\C(=O)NC(=O)c3ccc(C(C)(C)C)cc32)cc1O,6.017728766960431,True,<rdkit.Chem.rdchem.Mol object at 0x735c78f06500>
CHEMBL5777651,CDK9,960.0,nM,O=C(Nc1cc(-c2ccc3[nH]c(=O)n(Cc4cccc(F)c4)c3c2)c(Cl)cn1)[C@@H]1CCCNC1,6.017728766960431,True,<rdkit.Chem.rdchem.Mol object at 0x735c78f06490>
CHEMBL3894072,CDK9,960.0,nM,CN1Cc2c(C3=CCN(CC(=O)N4CC(O)C4)CC3(C)C)[nH]c3nccc(c23)-c2cc(F)ccc21,6.017728766960431,True,<rdkit.Chem.rdchem.Mol object at 0x735c78f063b0>
CHEMBL193287,CDK2,960.0,nM,N[C@H](C(=O)Nc1cc(C2CC2)[nH]n1)c1ccccc1,6.017728766960431,True,<rdkit.Chem.rdchem.Mol object at 0x735c78f06260>
CHEMBL3109953,CDK2,970.0,nM,COc1ccccc1Nc1cc2[nH]c(-c3cn[nH]c3)cc2cn1,6.013228265733755,True,<rdkit.Chem.rdchem.Mol object at 0x735c78f06110>
CHEMBL193029,CDK1,971.0,nM,OCCCNc1cncc(-c2ncnc(Nc3cccc(Cl)c3)n2)n1,6.012780770091995,True,<rdkit.Chem.rdchem.Mol object at 0x735c78f060a0>
CHEMBL6193188,CDK6,982.0,nM,CN(C)C(=O)c1cc2cnc(Nc3cc(F)cc(-c4nc5c(C(N)=O)cccc5[nH]4)c3)nc2n1C1CCCC1,6.00788851221305,True,<rdkit.Chem.rdchem.Mol object at 0x735c78f05e00>
CHEMBL3125732,CDK2,984.0,nM,COc1ccc(-c2nc3cc(-c4csc(C(N)=O)c4)cnc3[nH]2)cc1,6.007004901568658,True,<rdkit.Chem.rdchem.Mol object at 0x735c78f05d90>
CHEMBL187969,CDK2,984.0,nM,CN(C)CCOc1cc(F)c(C(=O)c2c(N)nc3ccc(C(=O)c4c(Cl)cccc4Cl)cn23)c(F)c1,6.007004901568658,True,<rdkit.Chem.rdchem.Mol object at 0x735c78f05cb0>
CHEMBL504155,CDK2,990.0,nM,CC(=O)Nc1c[nH]nc1-c1nc2ccccc2[nH]1,6.00436480540245,True,<rdkit.Chem.rdchem.Mol object at 0x735c78f05c40>
CHEMBL114577,CDK2,990.0,nM,O=C(Nc1cc(C2CC2)[nH]n1)c1cccc(Br)c1,6.00436480540245,True,<rdkit.Chem.rdchem.Mol object at 0x735c78f05bd0>
CHEMBL340259,CDK2,992.0,nM,O=C1NC(=O)C2=C1c1cn(c3ccccc13)CCOCCOCCOCCn1cc2c2ccccc21,6.0034883278458215,True,<rdkit.Chem.rdchem.Mol object at 0x735c78f05b60>
CHEMBL101119,CDK2,1000.0,nM,CN(C)CC(O)COc1ccc(Nc2cc(N(CC#N)c3cc(Cl)ccc3Cl)ncn2)cc1,6.0,True,<rdkit.Chem.rdchem.Mol object at 0x735c78f05af0>
CHEMBL513330,CDK2,1000.0,nM,Clc1ccc(CNc2nccc(-c3cnn4ncccc34)n2)cc1,6.0,True,<rdkit.Chem.rdchem.Mol object at 0x735c78f05a80>
CHEMBL101679,CDK4,1000.0,nM,CN(C)CC(O)COc1ccc(Nc2nccc(Nc3ccccc3Cl)n2)cc1,6.0,True,<rdkit.Chem.rdchem.Mol object at 0x735c78f05a10>
CHEMBL1964248,CDK2,1000.0,nM,CN(C)CCNS(=O)(=O)c1ccc(N/C=C2\C(=O)Nc3ccccc32)cc1,6.0,True,<rdkit.Chem.rdchem.Mol object at 0x735c78f059a0>
CHEMBL101019,CDK4,1000.0,nM,CN(C)CC(O)COc1ccc(Nc2nccc(Nc3ccccc3F)n2)cc1,6.0,True,<rdkit.Chem.rdchem.Mol object at 0x735c78f05930>
CHEMBL133242,CDK1,1000.0,nM,CC(C)n1cnc2c(NCc3ccccc3)nc(/C=C/CCCO)nc21,6.0,True,<rdkit.Chem.rdchem.Mol object at 0x735c78f05770>
CHEMBL2111873,CDK1,1000.0,nM,CC(C)n1cnc2c(NCc3ccccc3)nc(N[C@@H](C)CO)nc21,6.0,True,<rdkit.Chem.rdchem.Mol object at 0x735c78f05700>
CHEMBL3797828,CDK1,1000.0,nM,CN(C)C(=O)c1cccc(-c2cnc(N)c(-c3nc4cccc(N5CCNCC5)c4[nH]3)c2)c1,6.0,True,<rdkit.Chem.rdchem.Mol object at 0x735c78f05690>
CHEMBL2112681,CDK1,1000.0,nM,CC(C)n1cnc2c(NCc3ccccc3)nc(N[C@@H](CO)c3ccccc3)nc21,6.0,True,<rdkit.Chem.rdchem.Mol object at 0x735c78f05620>
CHEMBL4789890,CDK9,1000.0,nM,C=CC(=O)Nc1ccc(C(=O)N2CCCC(Nc3ncc(SCc4ccccn4)s3)C2)cc1,6.0,True,<rdkit.Chem.rdchem.Mol object at 0x735c78f055b0>
CHEMBL322640,CDK4,1000.0,nM,CN(C)CC(O)COc1ccc(Nc2cc(Nc3cc(Cl)ccc3Cl)ncn2)cc1,6.0,True,<rdkit.Chem.rdchem.Mol object at 0x735c78f054d0>
CHEMBL3797873,CDK1,1000.0,nM,C[C@H]1CN(c2cccc3nc(-c4nc(-c5cccc(C(=O)N(C)C)c5)cnc4N)n(C)c23)CCN1,6.0,True,<rdkit.Chem.rdchem.Mol object at 0x735c78f05460>
CHEMBL5589612,CDK2,1000.0,nM,CO[C@@]1(C)[C@H](O)C(=O)C(C)=C2OC(=O)c3c(C)cc(O)c(C)c3O[C@@H]21,6.0,True,<rdkit.Chem.rdchem.Mol object at 0x735c78f053f0>
CHEMBL3797574,CDK1,1000.0,nM,CN(C)C(=O)c1cccc(-c2cnc(N)c(-c3nc4ccccc4[nH]3)c2)c1,6.0,True,<rdkit.Chem.rdchem.Mol object at 0x735c78f05380>
CHEMBL430854,CDK4,1000.0,nM,CN(C)CC(O)COc1ccc(Nc2nccc(Nc3ccc(Cl)cc3)n2)cc1,6.0,True,<rdkit.Chem.rdchem.Mol object at 0x735c78f052a0>
CHEMBL5283398,CDK2,1000.0,nM,CN(C)CCCNC(=O)Cc1cccc(Nc2nc(OCC3CCCCC3)c3nc[nH]c3n2)c1,6.0,True,<rdkit.Chem.rdchem.Mol object at 0x735c78f05230>
CHEMBL5914580,CDK9,1000.0,nM,NCCNc1cc(-c2ccc3ncn(Cc4cccc(F)c4)c3c2)c(Cl)cn1,6.0,True,<rdkit.Chem.rdchem.Mol object at 0x735c78f051c0>
CHEMBL101311,CDK2,1000.0,nM,CN(C)CC(O)COc1ccc(Nc2nccc(Nc3cc(Cl)ccc3Cl)n2)cc1,6.0,True,<rdkit.Chem.rdchem.Mol object at 0x735c78f050e0>
CHEMBL101810,CDK2,1000.0,nM,CN(C)CC(O)COc1ccc(Nc2nccc(Nc3cc(C(F)(F)F)ccc3F)n2)cc1,6.0,True,<rdkit.Chem.rdchem.Mol object at 0x735c78f05070>
CHEMBL98275,CDK1,1000.0,nM,ONC1=Nc2ccccc2-c2[nH]c3ccc(Br)cc3c2C1,6.0,True,<rdkit.Chem.rdchem.Mol object at 0x735c78f05000>
CHEMBL446024,CDK4,1000.0,nM,FC(F)(F)CNc1nccc(-c2cnn3ncccc23)n1,6.0,True,<rdkit.Chem.rdchem.Mol object at 0x735c78f04f90>
CHEMBL446024,CDK2,1000.0,nM,FC(F)(F)CNc1nccc(-c2cnn3ncccc23)n1,6.0,True,<rdkit.Chem.rdchem.Mol object at 0x735c78f04f20>
CHEMBL127907,CDK2,1000.0,nM,COc1cc2ncnc(Nc3cccc(O)c3)c2cc1OC,6.0,True,<rdkit.Chem.rdchem.Mol object at 0x735c78f04eb0>
CHEMBL122264,CDK2,1000.0,nM,c1ccc(Nc2nc(OCC3CCCCC3)c3[nH]cnc3n2)cc1,6.0,True,<rdkit.Chem.rdchem.Mol object at 0x735c78f04e40>
CHEMBL1234088,CDK2,1000.0,nM,O=C1Nc2ccccc2/C1=C/Nc1ccc(S(=O)(=O)Nc2nccs2)cc1,6.0,True,<rdkit.Chem.rdchem.Mol object at 0x735c78f04dd0>
CHEMBL130904,CDK1,1000.0,nM,CC(C)n1cnc2c(Nc3ccccc3)nc(I)nc21,6.0,True,<rdkit.Chem.rdchem.Mol object at 0x735c78f04cf0>
CHEMBL414651,CDK1,1000.0,nM,CCn1cnc2c(Nc3cccc(OC)c3)nc(NCCO)nc21,6.0,True,<rdkit.Chem.rdchem.Mol object at 0x735c78f04c80>
CHEMBL3702176,CDK4,1000.0,nM,COCC(C)(C)n1c2cnccc2c2cnc(Nc3ccc(N4CCC(N(C)C)CC4)nn3)nc21,6.0,True,<rdkit.Chem.rdchem.Mol object at 0x735c78f04c10>
CHEMBL5093550,CDK6,1000.0,nM,Cc1nc2ccc(-c3nc(Nc4ccc(C(=O)N5CCN(C)CC5)cn4)ncc3F)cc2nc1C,6.0,True,<rdkit.Chem.rdchem.Mol object at 0x735c78f04ba0>
CHEMBL513330,CDK4,1000.0,nM,Clc1ccc(CNc2nccc(-c3cnn4ncccc34)n2)cc1,6.0,True,<rdkit.Chem.rdchem.Mol object at 0x735c78f04b30>
CHEMBL103633,CDK4,1000.0,nM,CN(C)CC(O)COc1ccc(Nc2nccc(Nc3ccccc3Br)n2)cc1,6.0,True,<rdkit.Chem.rdchem.Mol object at 0x735c78f04ac0>
CHEMBL326310,CDK2,1000.0,nM,O=C(Nc1cc(C2CC2)[nH]n1)c1cccc(Cl)c1,6.0,True,<rdkit.Chem.rdchem.Mol object at 0x735c78f049e0>
CHEMBL3589665,CDK9,1000.0,nM,COc1ccc2c(c1)nc(C(=O)O)c1c3cccc(Cl)c3[nH]c21,6.0,True,<rdkit.Chem.rdchem.Mol object at 0x735c78f04970>
CHEMBL1922122,CDK2,1000.0,nM,CC[C@@H](Nc1nc(NCc2cccnc2)c2ncn(C(C)C)c2n1)C(O)C(C)(C)C,6.0,True,<rdkit.Chem.rdchem.Mol object at 0x735c78f04900>
CHEMBL191845,CDK2,1000.0,nM,O=C1NC2C=CC=CC2/C1=C/Nc1ccc(S(=O)(=O)Nc2nccs2)cc1,6.0,True,<rdkit.Chem.rdchem.Mol object at 0x735c78f04890>
CHEMBL1800461,CDK1,1000.0,nM,Nc1nc(-c2cc(N3C[C@H](O)[C@@H](O)C3)ccc2O)cc(N2CCOCC2)n1,6.0,True,<rdkit.Chem.rdchem.Mol object at 0x735c78f04740>
CHEMBL5088511,CDK9,1019.0,nM,Cc1nc2ccc(-c3cc(N)nc(N)c3)nc2n1CCOc1ccccc1,5.991825815993574,True,<rdkit.Chem.rdchem.Mol object at 0x735c78f046d0>
CHEMBL388978,CDK4,1027.0,nM,CN[C@@H]1C[C@H]2O[C@@](C)([C@@H]1OC)n1c3ccccc3c3c4c(c5c6ccccc6n2c5c31)C(=O)NC4,5.988429556402721,True,<rdkit.Chem.rdchem.Mol object at 0x735c78f04660>
CHEMBL6146765,CDK1,1029.0,nM,COCC(C)N1CCC(c2cc3c(-c4cnn(CC5CC5)c4)c(Cl)cnc3[nH]2)CC1,5.987584625237567,True,<rdkit.Chem.rdchem.Mol object at 0x735c78f045f0>
CHEMBL3823297,CDK2,1030.0,nM,COc1cc(N2CCN(C(C)=O)CC2)ccc1Nc1ncc(Cl)c(-c2cnn3ccccc23)n1,5.987162775294828,True,<rdkit.Chem.rdchem.Mol object at 0x735c78f04580>
CHEMBL365608,CDK4,1033.0,nM,C=C(c1ccc2nc(N)c(C(=O)c3c(F)cccc3F)n2c1)c1c(F)cccc1F,5.985899678480379,True,<rdkit.Chem.rdchem.Mol object at 0x735c78f04510>
CHEMBL234443,CDK1,1040.0,nM,CC(C)(N)c1ccc(-c2nc(Nc3cccc(Br)c3)ncc2Cl)cc1,5.982966660701219,True,<rdkit.Chem.rdchem.Mol object at 0x735c78f044a0>
CHEMBL480391,CDK2,1040.0,nM,CN1CCN(c2cccc3nc(-c4n[nH]c5cc(-c6ccc(N)cc6)ccc45)[nH]c23)CC1,5.982966660701219,True,<rdkit.Chem.rdchem.Mol object at 0x735c78f04430>
CHEMBL3655771,CDK9,1040.0,nM,CC[C@H](Nc1nc(NCc2cc(C)nc(C)c2)c2ncn(C(C)C)c2n1)[C@@H](C)O,5.982966660701219,True,<rdkit.Chem.rdchem.Mol object at 0x735c78f043c0>
CHEMBL5277013,CDK2,1049.0,nM,N[C@@H](Cc1ccccc1)C(=O)Nc1cncc(-c2ccc3[nH]nc(NC(=O)c4ccccc4)c3c2)c1,5.979224511806442,True,<rdkit.Chem.rdchem.Mol object at 0x735c78f04200>
CHEMBL404504,CDK4,1050.0,nM,O=C(Cc1cccc(Cl)c1)Nc1n[nH]c2ccc(N3CCCS3(=O)=O)cc12,5.978810700930062,True,<rdkit.Chem.rdchem.Mol object at 0x735c78f04190>
CHEMBL562030,CDK2,1053.0,nM,Cn1nc(C(=O)NCc2ccccc2)c2c1-c1nc(Nc3ccccc3)ncc1CC2,5.9775716288145135,True,<rdkit.Chem.rdchem.Mol object at 0x735c78f04120>
CHEMBL393460,CDK1,1060.0,nM,CNCCc1ccc(Nc2ncc(Cl)c(-c3ccc(C(C)(C)N)cc3)n2)cc1,5.97469413473523,True,<rdkit.Chem.rdchem.Mol object at 0x735c78f040b0>
CHEMBL186401,CDK2,1068.0,nM,Nc1nc2ccc(C(=O)c3ccccc3C(F)(F)F)cn2c1C(=O)c1c(F)cccc1F,5.971428747307463,True,<rdkit.Chem.rdchem.Mol object at 0x735c78f04040>
CHEMBL1081425,CDK2,1070.0,nM,N[C@H](CNc1cnc(-c2ccc3cnccc3c2)s1)Cc1ccc(C(F)(F)F)cc1,5.97061622231479,True,<rdkit.Chem.rdchem.Mol object at 0x735c78f07f40>
CHEMBL5639131,CDK2,1070.0,nM,Cc1nn2c(-c3ccc(Cl)cc3)ccnc2c1/C(N)=N/O,5.97061622231479,True,<rdkit.Chem.rdchem.Mol object at 0x735c78f07d80>
CHEMBL112582,CDK2,1070.0,nM,CN1CCC(c2c(O)cc(O)c3c(=O)cc(SC(C)(C)C)oc23)C(O)C1,5.97061622231479,True,<rdkit.Chem.rdchem.Mol object at 0x735c78f07bc0>
CHEMBL3920205,CDK2,1070.0,nM,CC1CCN(C2CCN(c3ccc(Nc4ncc5cc6n(c5n4)C4(CCCCC4)CNC6=O)nc3)CC2)C1,5.97061622231479,True,<rdkit.Chem.rdchem.Mol object at 0x735c78f07ae0>
CHEMBL378248,CDK1,1070.0,nM,NCC(=O)NS(=O)(=O)c1ccc(Nc2nc(N)n(C(=O)c3c(F)cccc3F)n2)cc1,5.97061622231479,True,<rdkit.Chem.rdchem.Mol object at 0x735c78f07a00>
CHEMBL4225966,CDK9,1070.0,nM,Cc1c(Br)c(Br)c2c3c1nc(N1CCNCC1)n3CCC2,5.97061622231479,True,<rdkit.Chem.rdchem.Mol object at 0x735c78f078b0>
CHEMBL522751,CDK2,1070.0,nM,Cn1cc(C2=C(c3coc4ccccc34)C(=O)NC2=O)c2cc(I)ccc21,5.97061622231479,True,<rdkit.Chem.rdchem.Mol object at 0x735c78f077d0>
CHEMBL4849464,CDK9,1071.9,nM,CC(C)c1cnn2c(NCc3ccccc3)nc(OC3CCN(C)CC3)nc12,5.969845729077898,True,<rdkit.Chem.rdchem.Mol object at 0x735c78f07760>
CHEMBL4846069,CDK9,1080.0,nM,COc1ccc(CC(=O)Nc2cc(C3CCC3)[nH]n2)cc1,5.96657624451305,True,<rdkit.Chem.rdchem.Mol object at 0x735c78f076f0>
CHEMBL3890528,CDK2,1080.0,nM,O=C1NCC2(CCCCC2)n2c1cc1cnc(Nc3ccc(N4CCNCC4)cn3)nc12,5.96657624451305,True,<rdkit.Chem.rdchem.Mol object at 0x735c78f07530>
CHEMBL189136,CDK4,1081.0,nM,Nc1nc2ccc(C(=O)c3c(F)cccc3F)cn2c1C(=O)c1c(F)cccc1F,5.96617430604669,True,<rdkit.Chem.rdchem.Mol object at 0x735c78f070d0>
CHEMBL129396,CDK4,1090.0,nM,CCc1cnc(CSc2cnc(NC(=O)Cc3cccnc3)s2)o1,5.962573502059376,True,<rdkit.Chem.rdchem.Mol object at 0x735c78f06ea0>
CHEMBL5952864,CDK2,1090.0,nM,Cc1nc2c(F)cc(-c3nc(Nc4ncc5c(n4)CCN(C(=O)CN(C)C)C5)ncc3F)cc2n1C(C)C,5.962573502059376,True,<rdkit.Chem.rdchem.Mol object at 0x735c78f06420>
CHEMBL4649135,CDK9,1090.0,nM,CCn1cnc2c(NCc3nc4ccc(F)c(F)c4[nH]3)nc(N3CCCC[C@H]3CCO)nc21,5.962573502059376,True,<rdkit.Chem.rdchem.Mol object at 0x735c78f06340>
CHEMBL6007400,CDK1,1096.0,nM,Cc1nc2c(F)cc(-c3nc(Nc4ccc5c(n4)CCN(C[C@@H](C)N(C)C)C5)ncc3F)cc2n1C1CC1,5.96018944585165,True,<rdkit.Chem.rdchem.Mol object at 0x735c78f062d0>
CHEMBL489853,CDK2,1100.0,nM,COc1ccc(CN/C=C2\C(=O)NC(=O)c3ccc(-c4ccoc4)cc32)cc1O,5.958607314841775,True,<rdkit.Chem.rdchem.Mol object at 0x735c78f06180>
CHEMBL2348162,CDK2,1100.0,nM,Nc1nccc(-n2cc(-c3cccnc3)c3cnccc32)n1,5.958607314841775,True,<rdkit.Chem.rdchem.Mol object at 0x735c78f06030>
CHEMBL234699,CDK1,1100.0,nM,CC(C)(C)c1nc(Nc2ccc(CCO)cc2)ncc1C#N,5.958607314841775,True,<rdkit.Chem.rdchem.Mol object at 0x735c78f05fc0>
CHEMBL2029905,CDK1,1100.0,nM,CC(O)c1cc2cnc(Nc3cc(C(=O)N4CCN(C)CC4)n(C)c3)nc2n1C1CCCC1,5.958607314841775,True,<rdkit.Chem.rdchem.Mol object at 0x735c78f05f50>
CHEMBL5806699,CDK9,1100.0,nM,O=C(Nc1cc(-c2ccc3ncn(CC4CCOCC4)c3c2)c(Cl)cn1)c1cscn1,5.958607314841775,True,<rdkit.Chem.rdchem.Mol object at 0x735c78f05ee0>
CHEMBL84436,CDK1,1100.0,nM,CC(C)n1cnc2c(NCc3ccccc3)nc(NC[C@@H](C)O)nc21,5.958607314841775,True,<rdkit.Chem.rdchem.Mol object at 0x735c78f05e70>
CHEMBL1809044,CDK2,1100.0,nM,COc1cc(N2CCN(C(C)=O)CC2)ccc1Nc1ncc(Cl)c(-c2cnc3ccccn23)n1,5.958607314841775,True,<rdkit.Chem.rdchem.Mol object at 0x735c78f05d20>
CHEMBL319467,CDK9,1100.0,nM,NS(=O)(=O)c1ccc(Nc2nc(OCC3CCCCC3)c3nc[nH]c3n2)cc1,5.958607314841775,True,<rdkit.Chem.rdchem.Mol object at 0x735c78f058c0>
CHEMBL1809194,CDK2,1100.0,nM,COc1cc(N2CCN(C(C)=O)CC2)ccc1Nc1ncc(Br)c(-c2cnc3ccccn23)n1,5.958607314841775,True,<rdkit.Chem.rdchem.Mol object at 0x735c78f05850>
CHEMBL5436881,CDK2,1100.0,nM,O=C(O)c1cc(C(F)(F)F)ccc1NCCc1c[nH]c2ccccc12,5.958607314841775,True,<rdkit.Chem.rdchem.Mol object at 0x735c78f057e0>
CHEMBL5943923,CDK9,1100.0,nM,O=C(Nc1cc(-c2ccc3ncn(CC4CCOCC4)c3c2)c(Cl)cn1)c1cc[nH]n1,5.958607314841775,True,<rdkit.Chem.rdchem.Mol object at 0x735c78f05310>
CHEMBL3654250,CDK1,1100.0,nM,c1ncc(-c2cc3cnc(Nc4ccc(CN5CCNCC5)cn4)nc3n2C2CCCC2)o1,5.958607314841775,True,<rdkit.Chem.rdchem.Mol object at 0x735c78f05150>
CHEMBL1922210,CDK2,1100.0,nM,CC[C@H](Nc1nc(NCc2cccnc2)c2ncn(C(C)C)c2n1)C(O)C(C)C,5.958607314841775,True,<rdkit.Chem.rdchem.Mol object at 0x735c78f04d60>
CHEMBL5188442,CDK2,1100.0,nM,COc1cc(F)ccc1-c1ccnc2[nH]c(-c3ccc(CN4CCOCC4)cc3)nc12,5.958607314841775,True,<rdkit.Chem.rdchem.Mol object at 0x735c78f04a50>
CHEMBL3965161,CDK2,1100.0,nM,COc1cc(F)ccc1-c1nc(Nc2cccc(CS(C)(=N)=O)c2)ncc1F,5.958607314841775,True,<rdkit.Chem.rdchem.Mol object at 0x735c78f04820>
CHEMBL4459754,CDK9,1100.0,nM,CC(C)c1cnn2c(NCc3ccccc3)cc(NC[C@@H]3CCNC[C@H]3O)nc12,5.958607314841775,True,<rdkit.Chem.rdchem.Mol object at 0x735c78f047b0>
CHEMBL5421064,CDK6,1108.0,nM,COc1cccc(/C=N/n2c(S)nnc2-c2c[nH]c3ccccc23)c1,5.955460239607589,True,<rdkit.Chem.rdchem.Mol object at 0x735c78f04350>
CHEMBL190805,CDK1,1108.0,nM,Nc1nc(Nc2cccc(Cl)c2)nc(-c2ccnc(NCCCO)c2)n1,5.955460239607589,True,<rdkit.Chem.rdchem.Mol object at 0x735c78f042e0>
CHEMBL5437396,CDK6,1110.0,nM,Sc1nnc(-c2c[nH]c3ccccc23)n1/N=C/c1cccc(Cl)c1,5.954677021213342,True,<rdkit.Chem.rdchem.Mol object at 0x735c78f04270>
CHEMBL4637085,CDK2,1110.0,nM,COc1cc(/C=C2\Oc3cc4occc4c(OC)c3C2=O)ccc1OCC(=O)Nc1ccccc1,5.954677021213342,True,<rdkit.Chem.rdchem.Mol object at 0x735c78f3c040>
CHEMBL5593093,CDK9,1121.85,nM,CC(C)S(=O)(=O)c1ccccc1Nc1nc(C2CCN(S(C)(=O)=O)CC2)ncc1Cl,5.950065207720883,True,<rdkit.Chem.rdchem.Mol object at 0x735c78f3c0b0>
CHEMBL2436978,CDK1,1125.0,nM,CN1CCN(Cc2ccc(-c3cnc4[nH]cc(-c5ccc6[nH]ccc6c5)c4c3)cc2)CC1,5.948847477552619,True,<rdkit.Chem.rdchem.Mol object at 0x735c78f3c120>
CHEMBL245732,CDK2,1126.0,nM,CN(C)CC(=O)N1CCC(Nc2ncc(Cl)c(-c3c[nH]c4ccccc34)n2)CC1,5.9484616094846725,True,<rdkit.Chem.rdchem.Mol object at 0x735c78f3c190>
CHEMBL5592215,CDK9,1130.2,nM,CC(C)S(=O)(=O)c1ccccc1Nc1nc(N[C@H]2CC[C@H](N)CC2)ncc1F,5.94684469703812,True,<rdkit.Chem.rdchem.Mol object at 0x735c78f3c200>
CHEMBL553,CDK2,1140.0,nM,C#Cc1cccc(Nc2ncnc3cc(OCCOC)c(OCCOC)cc23)c1,5.943095148663527,True,<rdkit.Chem.rdchem.Mol object at 0x735c78f3c270>
CHEMBL393462,CDK1,1140.0,nM,CN(C)CCc1ccc(Nc2ncc(Cl)c(-c3ccc(C(C)(C)N)cc3)n2)cc1,5.943095148663527,True,<rdkit.Chem.rdchem.Mol object at 0x735c78f3c2e0>
CHEMBL188392,CDK4,1144.0,nM,NC(=O)c1cc(F)c(C(=O)c2c(N)nc3ccc(C(=O)c4c(Cl)cccc4Cl)cn23)c(F)c1,5.941573975542995,True,<rdkit.Chem.rdchem.Mol object at 0x735c78f3c350>
CHEMBL505673,CDK2,1160.0,nM,COc1cccc2c(C3=C(c4cn(C)c5ccc(Br)cc45)C(=O)NC3=O)coc12,5.935542010773082,True,<rdkit.Chem.rdchem.Mol object at 0x735c78f3c3c0>
CHEMBL5287796,CDK2,1180.0,nM,COc1cc(O)c2c(=O)cc(-c3ccc(N4CCN(C)CC4)cc3)oc2c1N1CCNCC1,5.928117992693874,True,<rdkit.Chem.rdchem.Mol object at 0x735c78f3c430>
CHEMBL2436978,CDK2,1180.0,nM,CN1CCN(Cc2ccc(-c3cnc4[nH]cc(-c5ccc6[nH]ccc6c5)c4c3)cc2)CC1,5.928117992693874,True,<rdkit.Chem.rdchem.Mol object at 0x735c78f3c4a0>
CHEMBL3641952,CDK4,1190.0,nM,CN(C)C1CCN(c2ccc(Nc3ncc4c5ccncc5n([C@H]5CCOC5)c4n3)nc2)CC1,5.924453038607469,True,<rdkit.Chem.rdchem.Mol object at 0x735c78f3c510>
CHEMBL2158861,CDK1,1200.0,nM,CNC(=O)Nc1ccc(-c2cc(-c3ccnc(Nc4ccc(C)c(S(=O)(=O)N(C)C)c4)n3)ccn2)cc1,5.920818753952375,True,<rdkit.Chem.rdchem.Mol object at 0x735c78f3c580>
CHEMBL6021325,CDK9,1200.0,nM,O=C(Nc1cc(-c2ccc3ncn(CC4CCOCC4)c3c2)c(Cl)cn1)c1nc[nH]n1,5.920818753952375,True,<rdkit.Chem.rdchem.Mol object at 0x735c78f3c5f0>
CHEMBL6044526,CDK9,1200.0,nM,Nc1nnc(CNc2cc(-c3ccc4ncn(Cc5cccc(F)c5)c4c3)c(Cl)cn2)[nH]1,5.920818753952375,True,<rdkit.Chem.rdchem.Mol object at 0x735c78f3c660>
CHEMBL5186159,CDK1,1200.0,nM,NS(=O)(=O)c1ccc(Nc2ncc3c(n2)N(C2CCCC2)C(=O)C32CC2)cc1,5.920818753952375,True,<rdkit.Chem.rdchem.Mol object at 0x735c78f3c6d0>
CHEMBL5192909,CDK9,1200.0,nM,CN(C)C(=O)CN1CCC(c2cc3c(-c4ccc(=O)n(C5CCOCC5)c4)ccnc3[nH]2)CC1,5.920818753952375,True,<rdkit.Chem.rdchem.Mol object at 0x735c78f3c740>
CHEMBL5779433,CDK9,1200.0,nM,COC(=O)c1ccc(CN2CCc3ccc(-c4cc(NC(=O)C5CCCNC5)ncc4Cl)cc32)cc1,5.920818753952375,True,<rdkit.Chem.rdchem.Mol object at 0x735c78f3c7b0>
CHEMBL5945940,CDK9,1200.0,nM,CN(C)CC(O)CNc1cc(-c2ccc3ncn(Cc4cccc(F)c4)c3c2)c(Cl)cn1,5.920818753952375,True,<rdkit.Chem.rdchem.Mol object at 0x735c78f3c820>
CHEMBL3943576,CDK9,1200.0,nM,CN1Cc2c(C3=CCN(CC(=O)N(C)C4CC(O)C4)CC3(C)C)[nH]c3nccc(c23)-c2cc(F)ccc21,5.920818753952375,True,<rdkit.Chem.rdchem.Mol object at 0x735c78f3c890>
CHEMBL361231,CDK2,1200.0,nM,CC(C)COc1cc(Nc2ccc(S(=O)(=O)N(C)C)cc2)n2ncc(C(C)C)c2n1,5.920818753952375,True,<rdkit.Chem.rdchem.Mol object at 0x735c78f3c900>
CHEMBL235849,CDK1,1200.0,nM,CS(=O)(=O)Cc1ccc(N/C=C2\C(=O)Nc3ccc4ncsc4c32)cc1,5.920818753952375,True,<rdkit.Chem.rdchem.Mol object at 0x735c78f3c970>
CHEMBL280074,CDK2,1200.0,nM,Cn1cnc2c(NCc3ccccc3)nc(NCCO)nc21,5.920818753952375,True,<rdkit.Chem.rdchem.Mol object at 0x735c78f3c9e0>
CHEMBL5970980,CDK9,1200.0,nM,Fc1cccc(Cn2cnc3ccc(-c4cc(NCCC5CCCCC5)ncc4Cl)cc32)c1,5.920818753952375,True,<rdkit.Chem.rdchem.Mol object at 0x735c78f3ca50>
CHEMBL496754,CDK2,1200.0,nM,O=C(Nc1c[nH]nc1-c1nc2cc(CN3CCOCC3)ccc2[nH]1)NC1CCCCC1,5.920818753952375,True,<rdkit.Chem.rdchem.Mol object at 0x735c78f3cac0>
CHEMBL4538461,CDK9,1200.0,nM,COC(=O)Nc1nc2cc(OS(=O)(=O)c3c(Cl)cccc3Cl)ccc2[nH]1,5.920818753952375,True,<rdkit.Chem.rdchem.Mol object at 0x735c78f3cb30>
CHEMBL479127,CDK2,1200.0,nM,COc1cccc2c1cc1c3c(cc4c(c32)OCO4)C(=O)N1,5.920818753952375,True,<rdkit.Chem.rdchem.Mol object at 0x735c78f3cba0>
CHEMBL2012405,CDK1,1200.0,nM,CNC[C@@H]1CCCN1C(=O)c1cc(Nc2ncc3cnn([C@@H]4C[C@H]5C[C@H]5C4)c3n2)cn1C,5.920818753952375,True,<rdkit.Chem.rdchem.Mol object at 0x735c78f3cc10>
CHEMBL4297488,CDK9,1200.0,nM,CC(C)c1cnn2c(NCc3ccccc3)cc(NC[C@H]3CCNC[C@@H]3O)nc12,5.920818753952375,True,<rdkit.Chem.rdchem.Mol object at 0x735c78f3cc80>
CHEMBL132243,CDK1,1200.0,nM,CC(C)n1cnc2c(NCc3ccccc3)nc(C#CCO)nc21,5.920818753952375,True,<rdkit.Chem.rdchem.Mol object at 0x735c78f3ccf0>
CHEMBL477259,CDK2,1200.0,nM,CCCOc1cnc(CN/C=C2\C(=O)NC(=O)c3ccc(C4CCCC4)cc32)cc1O,5.920818753952375,True,<rdkit.Chem.rdchem.Mol object at 0x735c78f3cd60>
CHEMBL178268,CDK2,1200.0,nM,CC(C)COc1cc(Nc2ccc(S(C)(=O)=O)cc2)n2ncc(C(C)C)c2n1,5.920818753952375,True,<rdkit.Chem.rdchem.Mol object at 0x735c78f3cdd0>
CHEMBL4789009,CDK9,1200.0,nM,CC(=O)N[C@@H]1CCC[C@H](C(=O)Nc2cc(-c3cnc4n3CCCC4)c(Cl)cn2)C1,5.920818753952375,True,<rdkit.Chem.rdchem.Mol object at 0x735c78f3ce40>
CHEMBL16484,CDK2,1200.0,nM,CC(C)(C)Nc1nc(C(F)(F)F)nc2ccc(-c3cccnc3)cc12,5.920818753952375,True,<rdkit.Chem.rdchem.Mol object at 0x735c78f3ceb0>
CHEMBL5570843,CDK2,1205.0,nM,COc1ccccc1-c1cccc(Nc2cccc(N3CCCNCC3)c2)n1,5.919012953089113,True,<rdkit.Chem.rdchem.Mol object at 0x735c78f3cf20>
CHEMBL5557118,CDK2,1208.0,nM,CC(C)(O)Cn1cc(-c2nc(NC3CCN(S(C)(=O)=O)CC3)ncc2C(F)(F)F)cn1,5.917933065714887,True,<rdkit.Chem.rdchem.Mol object at 0x735c78f3cf90>
CHEMBL5571625,CDK2,1211.0,nM,COc1ccccc1-c1ccnc(Nc2ccc3c(c2)CC(=O)C(C(C)=O)C3C)n1,5.916855856856948,True,<rdkit.Chem.rdchem.Mol object at 0x735c78f3d000>
CHEMBL5935906,CDK1,1233.0,nM,CNCCN1CCc2nc(Nc3ncc(F)c(-c4cc(F)c5nc(C)n(C6CC6)c5c4)n3)ccc2C1,5.909036923404269,True,<rdkit.Chem.rdchem.Mol object at 0x735c78f3d070>
CHEMBL5542488,CDK2,1237.5,nM,CC(=O)Nc1ccc(CNc2nc(OC3CCN(C)CC3)nc3c(C(C)C)cnn23)cc1,5.907454792394393,True,<rdkit.Chem.rdchem.Mol object at 0x735c78f3d0e0>
CHEMBL398989,CDK1,1240.0,nM,CCN1CCN(CCc2ccc(Nc3ncc(Cl)c(-c4ccc5cc[nH]c5c4)n3)cc2)CC1,5.906578314837764,True,<rdkit.Chem.rdchem.Mol object at 0x735c78f3d1c0>
CHEMBL4855324,CDK6,1240.0,nM,COc1cc2nc(CNc3nc(N4CCOCC4)nc4c3ncn4-c3cnn(C)c3)[nH]c2cc1Cl,5.906578314837764,True,<rdkit.Chem.rdchem.Mol object at 0x735c78f3d230>
CHEMBL5082456,CDK9,1244.0,nM,CCCCn1c(C)nc2ccc(-c3cc(N)nc(N)c3)nc21,5.9051796196452,True,<rdkit.Chem.rdchem.Mol object at 0x735c78f3d2a0>
CHEMBL4294760,CDK1,1250.0,nM,CSc1ncc2c(n1)CCc1cnc(Nc3ccc(C(=O)N(C)CCN(C)C)cc3)nc1-2,5.903089986991944,True,<rdkit.Chem.rdchem.Mol object at 0x735c78f3d310>
CHEMBL3916385,CDK2,1250.0,nM,CCN(CC)C1CCN(c2ccc(Nc3ncc4cc5n(c4n3)C3(CCCCC3)CNC5=O)nc2)CC1,5.903089986991944,True,<rdkit.Chem.rdchem.Mol object at 0x735c78f3d380>
CHEMBL5976713,CDK2,1250.0,nM,Cc1nc2c(F)cc(-c3nc(Nc4ccc5c(n4)CCN(CC[N+](C)(C)[O-])C5)ncc3F)cc2n1C1CC1,5.903089986991944,True,<rdkit.Chem.rdchem.Mol object at 0x735c78f3d3f0>
CHEMBL5836560,CDK2,1250.0,nM,Cc1nc2c(F)cc(-c3nc(Nc4ccc5c(n4)CC[N+]([O-])(CC[N+](C)(C)[O-])C5)ncc3F)cc2n1C1CC1,5.903089986991944,True,<rdkit.Chem.rdchem.Mol object at 0x735c78f3d460>
CHEMBL4115060,CDK2,1250.0,nM,C[C@@H](O)CN1CCN(c2ccc(Nc3ncc4cc5n(c4n3)C3(CCCCC3)CNC5=O)nc2)CC1,5.903089986991944,True,<rdkit.Chem.rdchem.Mol object at 0x735c78f3d4d0>
CHEMBL340259,CDK1,1251.0,nM,O=C1NC(=O)C2=C1c1cn(c3ccccc13)CCOCCOCCOCCn1cc2c2ccccc21,5.90274269030658,True,<rdkit.Chem.rdchem.Mol object at 0x735c78f3d540>
CHEMBL5088553,CDK9,1257.0,nM,Cc1nc2ccc(-c3cc(N)nc(N)c3)nc2n1C,5.900664722314042,True,<rdkit.Chem.rdchem.Mol object at 0x735c78f3d5b0>
CHEMBL3975020,CDK2,1260.0,nM,CC(C)N1CCN(c2ccc(Nc3ncc4cc5n(c4n3)C3(CCCCC3)CNC5=O)nn2)CC1,5.899629454882437,True,<rdkit.Chem.rdchem.Mol object at 0x735c78f3d620>
CHEMBL245335,CDK2,1264.0,nM,CCNC(=O)N1CCC[C@@H](Nc2ncc(Cl)c(-c3c[nH]c4ccccc34)n2)C1,5.898252926053633,True,<rdkit.Chem.rdchem.Mol object at 0x735c78f3d700>
CHEMBL5559473,CDK2,1264.5,nM,CCC(=O)Nc1ccc(CNc2nc(OC3CCN(C)CC3)nc3c(C(C)C)cnn23)cc1,5.898081166319576,True,<rdkit.Chem.rdchem.Mol object at 0x735c78f3d770>
CHEMBL4592358,CDK2,1270.0,nM,CC(C)C/C=N/c1c(C#N)c2n(c1C(=O)Nc1ccc(Br)cc1)CCC2,5.896196279044043,True,<rdkit.Chem.rdchem.Mol object at 0x735c78f3d7e0>
CHEMBL51709,CDK2,1280.0,nM,CN1CCC(c2c(O)cc(O)c3c2O/C(=C\c2ccccc2)C3=O)CC1,5.892790030352131,True,<rdkit.Chem.rdchem.Mol object at 0x735c78f3d850>
CHEMBL3986852,CDK2,1280.0,nM,O=C1NCC2(CCCCC2)n2c1cc1cnc(Nc3ccc(N4CCN(CC5CC5)CC4)cn3)nc12,5.892790030352131,True,<rdkit.Chem.rdchem.Mol object at 0x735c78f3d8c0>
CHEMBL249302,CDK1,1280.0,nM,COCc1cccc2[nH]c(-c3n[nH]c4ncc(-c5cncnc5)cc34)nc12,5.892790030352131,True,<rdkit.Chem.rdchem.Mol object at 0x735c78f3d930>
CHEMBL5647522,CDK2,1290.0,nM,Cc1nc(-c2c(C)nn3c(-c4ccccc4)ccnc23)no1,5.889410289700751,True,<rdkit.Chem.rdchem.Mol object at 0x735c78f3d9a0>
CHEMBL186204,CDK2,1294.0,nM,Cc1ccccc1C(=O)c1ccc2nc(N)c(C(=O)c3c(F)cccc3F)n2c1,5.888065723667319,True,<rdkit.Chem.rdchem.Mol object at 0x735c78f3da10>
CHEMBL5761367,CDK9,1300.0,nM,O=C(Nc1cc(-c2ccc3ncn(CC4CCOCC4)c3c2)c(Cl)cn1)C1CCS(=O)(=O)C12CNC2,5.886056647693163,True,<rdkit.Chem.rdchem.Mol object at 0x735c78f3daf0>
CHEMBL130903,CDK1,1300.0,nM,CC(C)n1cnc2c(Nc3cccc(Br)c3)nc(I)nc21,5.886056647693163,True,<rdkit.Chem.rdchem.Mol object at 0x735c78f3db60>
CHEMBL485618,CDK4,1300.0,nM,CCn1c(-c2ccnc(Nc3ccc(S(=O)(=O)NCCOC)cc3)n2)cnc1C,5.886056647693163,True,<rdkit.Chem.rdchem.Mol object at 0x735c78f3dbd0>
CHEMBL338924,CDK1,1300.0,nM,CCC(C)(O)CCc1nc(NCc2ccccc2)c2ncn(C(C)C)c2n1,5.886056647693163,True,<rdkit.Chem.rdchem.Mol object at 0x735c78f3dc40>
CHEMBL6028622,CDK9,1300.0,nM,Fc1cccc(Cn2cnc3ccc(-c4cc(NC[C@H]5C[C@H](F)CN5)ncc4Cl)cc32)c1,5.886056647693163,True,<rdkit.Chem.rdchem.Mol object at 0x735c78f3dcb0>
CHEMBL1234009,CDK2,1300.0,nM,c1ccc2c(c1)Cc1c-2n[nH]c1-c1ccncc1,5.886056647693163,True,<rdkit.Chem.rdchem.Mol object at 0x735c78f3dd20>
CHEMBL5844950,CDK9,1300.0,nM,CCOC(=O)NS(=O)(=O)N1CCC[C@@H](C(=O)Nc2cc(-c3ccc4ncn(CC5CCOCC5)c4c3)c(Cl)cn2)C1,5.886056647693163,True,<rdkit.Chem.rdchem.Mol object at 0x735c78f3dd90>
CHEMBL3668372,CDK9,1300.0,nM,COc1ccc(F)cc1-c1ccnc2[nH]c(C3CCCN3C(C)=O)cc12,5.886056647693163,True,<rdkit.Chem.rdchem.Mol object at 0x735c78f3de00>
CHEMBL3654243,CDK1,1300.0,nM,c1ncc(-c2cc3cnc(Nc4ccc(N5CCNCC5)cn4)nc3n2C2CCCC2)o1,5.886056647693163,True,<rdkit.Chem.rdchem.Mol object at 0x735c78f3de70>
CHEMBL3944510,CDK9,1300.0,nM,CN(CC(O)CO)C(=O)CN1CC=C(c2[nH]c3nccc4c3c2CN(C)c2ccc(F)cc2-4)C(C)(C)C1,5.886056647693163,True,<rdkit.Chem.rdchem.Mol object at 0x735c78f3dee0>
CHEMBL318911,CDK1,1300.0,nM,O=C1Cc2c([nH]c3c(Br)cccc23)-c2ccccc2N1,5.886056647693163,True,<rdkit.Chem.rdchem.Mol object at 0x735c78f3dfc0>
CHEMBL2029906,CDK1,1300.0,nM,CN1CCN(C(=O)c2cc(Nc3ncc4cc(CO)n(C5CCCC5)c4n3)cn2C)CC1,5.886056647693163,True,<rdkit.Chem.rdchem.Mol object at 0x735c78f3e030>
CHEMBL440163,CDK1,1300.0,nM,CC(C)n1cnc2c(Nc3ccc(Br)cc3)nc(I)nc21,5.886056647693163,True,<rdkit.Chem.rdchem.Mol object at 0x735c78f3e0a0>
CHEMBL5987043,CDK9,1300.0,nM,CC(C)C(=O)N1CCC2(C1)C(C(=O)Nc1cc(-c3ccc4ncn(Cc5cccc(F)c5)c4c3)c(Cl)cn1)CCS2(=O)=O,5.886056647693163,True,<rdkit.Chem.rdchem.Mol object at 0x735c78f3e110>
CHEMBL4450322,CDK2,1300.0,nM,C=CC(=O)Nc1ccc(C(=O)Nc2[nH]nc3c2CN(C(=O)N[C@H](CN(C)C)c2ccccc2)C3(C)C)cc1,5.886056647693163,True,<rdkit.Chem.rdchem.Mol object at 0x735c78f3e180>
CHEMBL98554,CDK1,1300.0,nM,O=C1Cc2c([nH]c3cc(Br)ccc23)-c2ccccc2N1,5.886056647693163,True,<rdkit.Chem.rdchem.Mol object at 0x735c78f3e1f0>
CHEMBL3799935,CDK2,1300.0,nM,Nc1ncc(-c2ccccc2)cc1-c1nc2ccccc2[nH]1,5.886056647693163,True,<rdkit.Chem.rdchem.Mol object at 0x735c78f3e260>
CHEMBL415789,CDK4,1300.0,nM,CSc1ccc(CC(=O)Nc2n[nH]c3ccc(N4CCCS4(=O)=O)cc23)cc1,5.886056647693163,True,<rdkit.Chem.rdchem.Mol object at 0x735c78f3e2d0>
CHEMBL3668357,CDK9,1300.0,nM,COC(=O)N1CCCC(c2cc3c(-c4cccc(NCc5ccccc5)n4)c(Cl)cnc3[nH]2)C1,5.886056647693163,True,<rdkit.Chem.rdchem.Mol object at 0x735c78f3e340>
CHEMBL490240,CDK2,1300.0,nM,O=C1NC(=O)c2ccc(C3CCCC3)cc2/C1=C/NCc1cc(O)c(-c2ccoc2)cn1,5.886056647693163,True,<rdkit.Chem.rdchem.Mol object at 0x735c78f3e3b0>
CHEMBL497398,CDK4,1300.0,nM,Oc1ccc2c(-c3ccnc(NC4CC4)n3)cnn2n1,5.886056647693163,True,<rdkit.Chem.rdchem.Mol object at 0x735c78f3e420>
CHEMBL1980391,CDK2,1330.0,nM,COc1cc2c(cc1F)C(c1ccccc1Cl)=Nc1c(n[nH]c1C)N2,5.876148359032914,True,<rdkit.Chem.rdchem.Mol object at 0x735c78f3e490>
CHEMBL254171,CDK4,1330.0,nM,O=C(Cc1ccc(-c2ccncc2)cc1)Nc1n[nH]c2ccc(N3CCCS3(=O)=O)cc12,5.876148359032914,True,<rdkit.Chem.rdchem.Mol object at 0x735c78f3e500>
CHEMBL5419338,CDK4,1337.0,nM,Sc1nnc(-c2c[nH]c3ccccc23)n1/N=C/c1ccc(Cl)cc1Cl,5.873868592738015,True,<rdkit.Chem.rdchem.Mol object at 0x735c78f3e5e0>
CHEMBL5556499,CDK2,1337.5,nM,CC(=O)Nc1ccc(CNc2nc(NC3CCNCC3)nc3c(C(C)C)cnn23)cc1,5.873706209306734,True,<rdkit.Chem.rdchem.Mol object at 0x735c78f3e650>
CHEMBL210765,CDK1,1340.0,nM,CN1CCN(CCC(=O)NS(=O)(=O)c2ccc(Nc3nc(N)n(C(=O)c4c(F)cccc4F)n3)cc2)CC1,5.872895201635192,True,<rdkit.Chem.rdchem.Mol object at 0x735c78f3e6c0>
CHEMBL5591779,CDK6,1345.5,nM,CC(=O)N[C@H]1CC[C@H](c2ncc(Cl)c(Nc3ccccc3S(=O)(=O)C(C)C)n2)CC1,5.871116297900226,True,<rdkit.Chem.rdchem.Mol object at 0x735c78f3e730>
CHEMBL3908669,CDK2,1350.0,nM,O=C1NCC2(CCCC2)n2c1cc1cnc(Nc3ccc(N4CCC(N5CCOCC5)CC4)cn3)nc12,5.8696662315049934,True,<rdkit.Chem.rdchem.Mol object at 0x735c78f3e7a0>
CHEMBL3668457,CDK2,1360.0,nM,COc1ccc(F)cc1-c1ccnc2[nH]c(C3=CCN(CC(O)CO)CC3)cc12,5.866461091629782,True,<rdkit.Chem.rdchem.Mol object at 0x735c78f3e810>
CHEMBL249095,CDK1,1360.0,nM,COCc1cccc2[nH]c(-c3n[nH]c4ncc(-c5cnc6ccccc6c5)cc34)nc12,5.866461091629782,True,<rdkit.Chem.rdchem.Mol object at 0x735c78f3e880>
CHEMBL6150020,CDK2,1363.0,nM,Clc1cnc2[nH]c(C3CCNCC3)nc2c1-c1cnn(CC2CC2)c1,5.865504144165326,True,<rdkit.Chem.rdchem.Mol object at 0x735c78f3e8f0>
CHEMBL2011931,CDK2,1370.0,nM,COc1ccc(-c2nc3c(NCCCNC(=O)C4CC4)c(Br)cnc3[nH]2)cc1,5.863279432843593,True,<rdkit.Chem.rdchem.Mol object at 0x735c78f3e960>
CHEMBL3702215,CDK4,1380.0,nM,COCCn1c2cnccc2c2cnc(Nc3ccc(N4CCC(N(C)C)CC4)nn3)nc21,5.860120913598763,True,<rdkit.Chem.rdchem.Mol object at 0x735c78f3e9d0>
CHEMBL3823914,CDK2,1380.0,nM,CC(=O)N1CCC(n2nc(C)c(Nc3ncc(Cl)c(-c4cnn5ccccc45)n3)c2C)CC1,5.860120913598763,True,<rdkit.Chem.rdchem.Mol object at 0x735c78f3ea40>
CHEMBL4471850,CDK1,1380.0,nM,CC(C)c1cnn2c(NCc3ccccc3)cc(NC[C@]3(O)CCNC[C@H]3O)nc12,5.860120913598763,True,<rdkit.Chem.rdchem.Mol object at 0x735c78f3eab0>
CHEMBL5091299,CDK6,1385.0,nM,COc1cnc(Nc2ccc(C(=O)N3CCNCC3)cn2)nc1-c1ccc2ncc(N(C)C)nc2c1,5.858550226599533,True,<rdkit.Chem.rdchem.Mol object at 0x735c78f3eb20>
CHEMBL6189370,CDK1,1400.0,nM,CC(=O)O[C@@H]1CC(=O)c2coc3c2[C@@]1(C)c1ccc2c(c1C3=O)CCC2=O,5.853871964321762,True,<rdkit.Chem.rdchem.Mol object at 0x735c78f3eb90>
CHEMBL100220,CDK1,1400.0,nM,COC(=O)Cn1c2c(c3cc(Br)ccc31)CC(=O)Nc1ccccc1-2,5.853871964321762,True,<rdkit.Chem.rdchem.Mol object at 0x735c78f3ec00>
CHEMBL2158865,CDK1,1400.0,nM,CNC(=O)Nc1ccc(-c2cc(-c3ccnc(Nc4ccc(Cl)c(S(=O)(=O)N(C)C)c4)n3)ccn2)cc1,5.853871964321762,True,<rdkit.Chem.rdchem.Mol object at 0x735c78f3ec70>
CHEMBL3798762,CDK2,1400.0,nM,CN(C)C(=O)c1cccc(-c2cnc(N)c(-c3nc4cccc(N5CCNCC5)c4n3C)n2)c1,5.853871964321762,True,<rdkit.Chem.rdchem.Mol object at 0x735c78f3ece0>
CHEMBL2029912,CDK1,1400.0,nM,CC(C)CCn1cc(-c2cc3cnc(Nc4cc(C(=O)N5CCN(C)CC5)n(C)c4)nc3n2C2CCCC2)cn1,5.853871964321762,True,<rdkit.Chem.rdchem.Mol object at 0x735c78f3ed50>
CHEMBL318471,CDK1,1400.0,nM,O=C1Cc2c([nH]c3c(Cl)cccc23)-c2ccccc2N1,5.853871964321762,True,<rdkit.Chem.rdchem.Mol object at 0x735c78f3edc0>
CHEMBL3909386,CDK9,1400.0,nM,CCC1c2c(C3=CCN(C(=O)OC(C)(C)C)CC3)[nH]c3nccc(c23)-c2cc(F)ccc2N1C,5.853871964321762,True,<rdkit.Chem.rdchem.Mol object at 0x735c78f3ee30>
CHEMBL1240760,CDK1,1400.0,nM,OCCNC(=S)Nc1ccc(C(F)(F)F)cc1,5.853871964321762,True,<rdkit.Chem.rdchem.Mol object at 0x735c78f3eea0>
CHEMBL233152,CDK2,1400.0,nM,Cc1cc(N2CCCS2(=O)=O)c2oc(-c3ccc(O)c(C#N)c3)c(O)c(=O)c2c1,5.853871964321762,True,<rdkit.Chem.rdchem.Mol object at 0x735c78f3ef10>
CHEMBL5873253,CDK9,1400.0,nM,O=C(O)c1ccc(Cn2nnc3ccc(-c4cc(NC(=O)[C@@H]5CCCNC5)ncc4Cl)cc32)cc1,5.853871964321762,True,<rdkit.Chem.rdchem.Mol object at 0x735c78f3ef80>
CHEMBL6049156,CDK9,1400.0,nM,O=C(Nc1cc(-c2ccc3ncn(CC4CCOCC4)c3c2)c(Cl)cn1)c1c[nH]cn1,5.853871964321762,True,<rdkit.Chem.rdchem.Mol object at 0x735c78f3eff0>
CHEMBL5968902,CDK9,1400.0,nM,Fc1cccc(Cn2cnc3ccc(-c4cc(NCc5ncccn5)ncc4Cl)cc32)c1,5.853871964321762,True,<rdkit.Chem.rdchem.Mol object at 0x735c78f3f060>
CHEMBL5937239,CDK9,1400.0,nM,O=C(Nc1cc(-c2ccc3c(c2)N(Cc2ccc(-c4nn[nH]n4)cc2)CC3)c(Cl)cn1)C1CCCNC1,5.853871964321762,True,<rdkit.Chem.rdchem.Mol object at 0x735c78f3f0d0>
CHEMBL5270781,CDK2,1400.0,nM,CC1CN(c2ccncc2NC(=O)c2ccnn3cc(-c4ccccc4)nc23)CCO1,5.853871964321762,True,<rdkit.Chem.rdchem.Mol object at 0x735c78f3f140>
CHEMBL254170,CDK4,1400.0,nM,CS(=O)(=O)c1ccc(CC(=O)Nc2n[nH]c3ccc(N4CCCS4(=O)=O)cc23)cc1,5.853871964321762,True,<rdkit.Chem.rdchem.Mol object at 0x735c78f3f220>
CHEMBL5080497,CDK9,1407.0,nM,Cc1nc2ccc(-c3cc(N)nc(N)c3)nc2n1CCCC(F)(F)F,5.851705902565255,True,<rdkit.Chem.rdchem.Mol object at 0x735c78f3f290>
CHEMBL212264,CDK1,1410.0,nM,Nc1nc(Nc2ccc(S(=O)(=O)NC(=O)[C@H](N)CO)cc2)nn1C(=O)c1c(F)cccc1F,5.85078088734462,True,<rdkit.Chem.rdchem.Mol object at 0x735c78f3f300>
CHEMBL301138,CDK2,1410.0,nM,Cn1cc(C2=C(c3coc4ccccc34)C(=O)NC2=O)c2ccccc21,5.85078088734462,True,<rdkit.Chem.rdchem.Mol object at 0x735c78f3f370>
CHEMBL5092606,CDK6,1416.5,nM,CN(C)C(=O)c1ccc(Nc2ncc(C(F)(F)F)c(N[C@H]3CC[C@@H](N)CC3)n2)cc1,5.848783421143544,True,<rdkit.Chem.rdchem.Mol object at 0x735c78f3f3e0>
CHEMBL5089164,CDK1,1416.5,nM,Cn1ccc2cc(Nc3ncc(C(F)(F)F)c(N[C@H]4CC[C@@H](N)CC4)n3)ccc2c1=O,5.848783421143544,True,<rdkit.Chem.rdchem.Mol object at 0x735c78f3f450>
CHEMBL609040,CDK4,1420.0,nM,O=C1Nc2cc3c(O)cccc3c3c4c(cc1c23)OCO4,5.847711655616943,True,<rdkit.Chem.rdchem.Mol object at 0x735c78f3f4c0>
CHEMBL5598116,CDK9,1423.0,nM,CCCNNC(=O)c1ccc(Cn2cc(Nc3ncc(Cl)c(-c4cnc5ccccn45)n3)cn2)cc1,5.846795099915716,True,<rdkit.Chem.rdchem.Mol object at 0x735c78f3f530>
CHEMBL4083249,CDK9,1430.0,nM,C[C@@H](c1ccc(F)cc1)n1nnc2cnc3ccc(-c4ccc5ocnc5c4)cc3c21,5.844663962534938,True,<rdkit.Chem.rdchem.Mol object at 0x735c78f3f5a0>
CHEMBL3125721,CDK2,1450.0,nM,COc1ccc(-c2nc3c(NCCCNC(=O)C4CCCC4)c(-c4nc(C(N)=O)cs4)cnc3[nH]2)cc1,5.838631997765026,True,<rdkit.Chem.rdchem.Mol object at 0x735c78f3f610>
CHEMBL16171,CDK2,1460.0,nM,COc1c(O)cc(O)c2c(=O)cc(-c3ccccc3)oc12,5.835647144215563,True,<rdkit.Chem.rdchem.Mol object at 0x735c78f3f680>
CHEMBL3919361,CDK2,1460.0,nM,O=C1NCC2(CCCCC2)n2c1cc1cnc(Nc3ccc(N4CCC(N5CCOCC5)CC4)cn3)nc12,5.835647144215563,True,<rdkit.Chem.rdchem.Mol object at 0x735c78f3f6f0>
CHEMBL3894204,CDK2,1460.0,nM,CN(C)C1CCN(c2ccc(Nc3ncc4cc5n(c4n3)C3(CCCCC3)CNC5=O)nn2)CC1,5.835647144215563,True,<rdkit.Chem.rdchem.Mol object at 0x735c78f3f760>
CHEMBL5177698,CDK1,1470.0,nM,CNc1nc(C(=O)/C=C/c2ccc(OC)cc2)c(C)s1,5.832682665251824,True,<rdkit.Chem.rdchem.Mol object at 0x735c78f3f7d0>
CHEMBL5757213,CDK2,1490.0,nM,Cc1nc2c(F)cc(-c3nc(Nc4ccc5c(n4)CCN(CCCN(C)C)C5)ncc3F)cc2n1C1CC1,5.826813731587726,True,<rdkit.Chem.rdchem.Mol object at 0x735c78f3f840>
CHEMBL1242973,CDK2,1500.0,nM,COC(=O)[C@@]1(Cc2ccc(O)c(CC=C(C)C)c2)OC(=O)C(O)=C1c1ccc(O)cc1,5.823908740944319,True,<rdkit.Chem.rdchem.Mol object at 0x735c78f3f8b0>
CHEMBL6041765,CDK9,1500.0,nM,CN(CCNc1cc(-c2ccc3ncn(Cc4cccc(F)c4)c3c2)c(Cl)cn1)Cc1ccccc1,5.823908740944319,True,<rdkit.Chem.rdchem.Mol object at 0x735c78f3f920>
CHEMBL115125,CDK2,1500.0,nM,Cc1cc(NC(=O)c2ccccc2)n[nH]1,5.823908740944319,True,<rdkit.Chem.rdchem.Mol object at 0x735c78f3f990>
CHEMBL1242367,CDK4,1500.0,nM,CCNc1cc(N[C@H]2CC[C@@H](O)CC2)nc(Nc2ccc3c(ccn3Cc3ccccc3)c2)n1,5.823908740944319,True,<rdkit.Chem.rdchem.Mol object at 0x735c78f3fa00>
CHEMBL6038748,CDK9,1500.0,nM,Fc1cccc(Cn2cnc3ccc(-c4cc(NC[C@H]5CCN5)ncc4Cl)cc32)c1,5.823908740944319,True,<rdkit.Chem.rdchem.Mol object at 0x735c78f3fa70>
CHEMBL458926,CDK2,1500.0,nM,CC(C)Nc1cc(Cl)nc2c(C#N)cnn12,5.823908740944319,True,<rdkit.Chem.rdchem.Mol object at 0x735c78f3fae0>
CHEMBL372247,CDK1,1500.0,nM,OCC(O)CNc1[nH]cnc2nc(-c3ccccc3)c(-c3ccccc3)c1-2,5.823908740944319,True,<rdkit.Chem.rdchem.Mol object at 0x735c78f3fb50>
CHEMBL457979,CDK4,1500.0,nM,Cc1ncc(-c2ccnc(Nc3ccc(S(=O)(=O)Cc4ccccc4)cc3)n2)n1C(C)C,5.823908740944319,True,<rdkit.Chem.rdchem.Mol object at 0x735c78f3fbc0>
CHEMBL3702214,CDK6,1500.0,nM,COCCn1c2cnccc2c2cnc(Nc3ccc(N4CCC(N(C)C)CC4)cn3)nc21,5.823908740944319,True,<rdkit.Chem.rdchem.Mol object at 0x735c78f3fc30>
CHEMBL5982633,CDK9,1500.0,nM,O=C(Nc1cc(-c2ccc3ncn(CC4CCOCC4)c3c2)c(Cl)cn1)C1CCS(=O)(=O)C12CCNC2,5.823908740944319,True,<rdkit.Chem.rdchem.Mol object at 0x735c78f3fca0>
CHEMBL5975923,CDK9,1500.0,nM,O=C(Nc1cc(-c2ccc3ncn(CC4CCOCC4)c3c2)c(Cl)cn1)C1=CCCNC1,5.823908740944319,True,<rdkit.Chem.rdchem.Mol object at 0x735c78f3fd10>
CHEMBL59073,CDK2,1500.0,nM,COc1ccc2c(c1)NC(=O)/C2=C\c1[nH]cc2c1CCOC2=O,5.823908740944319,True,<rdkit.Chem.rdchem.Mol object at 0x735c78f3fd80>
CHEMBL234065,CDK1,1500.0,nM,COc1ccc(-c2nc(Nc3ccc(CCO)cc3)ncc2C#N)cc1,5.823908740944319,True,<rdkit.Chem.rdchem.Mol object at 0x735c78f3fdf0>
CHEMBL455194,CDK9,1500.0,nM,CC1CC(C(=O)Nc2ncc(SCc3ncc(C(C)(C)C)o3)s2)CCN1,5.823908740944319,True,<rdkit.Chem.rdchem.Mol object at 0x735c78f3fe60>
CHEMBL362814,CDK4,1500.0,nM,CN(C)C(=O)N1CCn2cc(C3=C(c4cnc5ccccn45)C(=O)NC3=O)c3cccc(c32)C1,5.823908740944319,True,<rdkit.Chem.rdchem.Mol object at 0x735c78f3fed0>
CHEMBL3701062,CDK2,1500.0,nM,Cc1nccc(-c2ccc(C(=O)N3CCOCC3)c(Cl)c2)c1C#Cc1ccc(N)nc1,5.823908740944319,True,<rdkit.Chem.rdchem.Mol object at 0x735c78f3ff40>
CHEMBL116047,CDK2,1500.0,nM,O=C(Nc1cc(C2CC2)[nH]n1)c1ccccc1Br,5.823908740944319,True,<rdkit.Chem.rdchem.Mol object at 0x735c791e0040>
CHEMBL3589672,CDK9,1500.0,nM,O=C(O)c1nc2ccc(I)cc2c2[nH]c3c(Br)cccc3c12,5.823908740944319,True,<rdkit.Chem.rdchem.Mol object at 0x735c791e00b0>
CHEMBL3589666,CDK9,1500.0,nM,COc1ccc2c(c1)nc(C(=O)O)c1c3cccc(Br)c3[nH]c21,5.823908740944319,True,<rdkit.Chem.rdchem.Mol object at 0x735c791e0120>
CHEMBL573108,CDK2,1500.0,nM,CC(C)(C(N)=O)C(=O)NCCCNc1nc(Nc2cccc(NC(=O)N3CCCC3)c2)ncc1Br,5.823908740944319,True,<rdkit.Chem.rdchem.Mol object at 0x735c791e0200>
CHEMBL3668405,CDK9,1500.0,nM,CN1CCC(c2cc3c(-c4nc(Nc5nc(N)ccc5Cl)ccc4Cl)ccnc3[nH]2)CC1,5.823908740944319,True,<rdkit.Chem.rdchem.Mol object at 0x735c791e0270>
CHEMBL3915889,CDK2,1500.0,nM,O=C1NCC2(CCCCC2)n2c1cc1cnc(Nc3ccc(N4CCC(N5CCCCC5)CC4)cn3)nc12,5.823908740944319,True,<rdkit.Chem.rdchem.Mol object at 0x735c791e02e0>
CHEMBL248176,CDK2,1517.0,nM,CCNC(=O)N1CCC(Nc2ncc(Cl)c(-c3c[nH]c4ccccc34)n2)CC1,5.81901441921327,True,<rdkit.Chem.rdchem.Mol object at 0x735c791e0350>
CHEMBL3956661,CDK2,1520.0,nM,CC1(C)CN(c2ccc(Nc3ncc4cc5n(c4n3)C3(CCCCC3)CNC5=O)nc2)CCN1CC1CC1,5.818156412055227,True,<rdkit.Chem.rdchem.Mol object at 0x735c791e03c0>
CHEMBL3824296,CDK2,1520.0,nM,Cc1nn(C2CCNCC2)c(C)c1Nc1ncc(Cl)c(-c2cnn3ccccc23)n1,5.818156412055227,True,<rdkit.Chem.rdchem.Mol object at 0x735c791e0430>
CHEMBL4459754,CDK1,1520.0,nM,CC(C)c1cnn2c(NCc3ccccc3)cc(NC[C@@H]3CCNC[C@H]3O)nc12,5.818156412055227,True,<rdkit.Chem.rdchem.Mol object at 0x735c791e04a0>
CHEMBL3301610,CDK1,1523.0,nM,CCN1CCN(Cc2ccc(Nc3ncc(F)c(-c4cc(F)c5nc(C)n(C(C)C)c5c4)n3)nc2)CC1,5.817300096663957,True,<rdkit.Chem.rdchem.Mol object at 0x735c791e0510>
CHEMBL5558604,CDK2,1526.5,nM,CC(C)c1cnn2c(NCc3ccc(NC(=O)CCCCCCO)cc3)nc(OC3CCN(C)CC3)nc12,5.81630319136532,True,<rdkit.Chem.rdchem.Mol object at 0x735c791e0580>
CHEMBL233225,CDK1,1540.0,nM,Clc1cnc(Nc2ccc(CCN3CCCC3)cc2)nc1-c1ccc2cc[nH]c2c1,5.8124792791635365,True,<rdkit.Chem.rdchem.Mol object at 0x735c791e05f0>
CHEMBL5571632,CDK1,1541.0,nM,CC#Cc1nc2c(C(=O)N3CCn4ncnc4C3)c(N)n(-c3c(C)ccc(O)c3C)c2nc1C,5.81219736128158,True,<rdkit.Chem.rdchem.Mol object at 0x735c791e0660>
CHEMBL6141840,CDK1,1548.0,nM,COCCN1CCC(c2cc3c(-c4cnn(CC5CC5)c4)c(Cl)cnc3[nH]2)CC1,5.810229043653126,True,<rdkit.Chem.rdchem.Mol object at 0x735c791e06d0>
CHEMBL378420,CDK1,1550.0,nM,Nc1nc(Nc2ccc(S(=O)(=O)NC(=O)CCN3CCOCC3)cc2)nn1C(=O)c1c(F)cccc1F,5.809668301829708,True,<rdkit.Chem.rdchem.Mol object at 0x735c791e0740>
CHEMBL364172,CDK4,1553.0,nM,N#C/C=C(/c1ccc2nc(N)c(C(=O)c3c(F)cccc3F)n2c1)c1c(F)cccc1F,5.808828544271441,True,<rdkit.Chem.rdchem.Mol object at 0x735c791e07b0>
CHEMBL3691599,CDK4,1566.0,nM,CN(C)C(=O)c1cc2cnc(Nc3ccc(C(=O)N4CC5CCC(C4)N5)cn3)nc2n1C1CCN(C(C)(C)C)CC1,5.805208242278075,True,<rdkit.Chem.rdchem.Mol object at 0x735c791e0820>
CHEMBL3890659,CDK2,1580.0,nM,CCN(CC)C1CCN(C2CCN(c3ccc(Nc4ncc5cc6n(c5n4)C4(CCCCC4)CNC6=O)nc3)CC2)C1,5.801342913045577,True,<rdkit.Chem.rdchem.Mol object at 0x735c791e0890>
CHEMBL5597396,CDK2,1587.0,nM,O=C(CCCCCn1cc(Nc2ncc(Cl)c(-c3cnc4ccccn34)n2)cn1)NO,5.799423073245151,True,<rdkit.Chem.rdchem.Mol object at 0x735c791e0900>
CHEMBL457208,CDK2,1600.0,nM,O=C(Cc1ccccc1)Nc1c[nH]nc1C(=O)Nc1ccc(F)cc1,5.795880017344075,True,<rdkit.Chem.rdchem.Mol object at 0x735c791e09e0>
CHEMBL445757,CDK4,1600.0,nM,CC(C)Oc1ccc2c(-c3ccnc(NC4CC4)n3)cnn2n1,5.795880017344075,True,<rdkit.Chem.rdchem.Mol object at 0x735c791e0a50>
CHEMBL5911482,CDK9,1600.0,nM,Cc1nnc(CNc2cc(-c3ccc4ncn(Cc5cccc(F)c5)c4c3)c(Cl)cn2)[nH]1,5.795880017344075,True,<rdkit.Chem.rdchem.Mol object at 0x735c791e0ac0>
CHEMBL2035054,CDK2,1600.0,nM,CN1C/C=C/COCc2ccc(o2)-c2ccnc(n2)Nc2ccc(OCCN3CCCC3)c(c2)C1,5.795880017344075,True,<rdkit.Chem.rdchem.Mol object at 0x735c791e0b30>
CHEMBL3663760,CDK2,1600.0,nM,COc1cc(F)ccc1-c1ccnc2[nH]c(C3CCNCC3)cc12,5.795880017344075,True,<rdkit.Chem.rdchem.Mol object at 0x735c791e0ba0>
CHEMBL99037,CDK1,1600.0,nM,O=C1Cc2c([nH]c3ccc(F)cc23)-c2ccccc2N1,5.795880017344075,True,<rdkit.Chem.rdchem.Mol object at 0x735c791e0c10>
CHEMBL3891725,CDK9,1600.0,nM,CN1Cc2c(C3=CCN(CC(=O)O)CC3(C)C)[nH]c3nccc(c23)-c2cc(F)ccc21,5.795880017344075,True,<rdkit.Chem.rdchem.Mol object at 0x735c791e0c80>
CHEMBL319467,CDK4,1600.0,nM,NS(=O)(=O)c1ccc(Nc2nc(OCC3CCCCC3)c3nc[nH]c3n2)cc1,5.795880017344075,True,<rdkit.Chem.rdchem.Mol object at 0x735c791e0cf0>
CHEMBL508506,CDK9,1600.0,nM,CC1NCCCC1C(=O)Nc1ncc(SCc2ncc(C(C)(C)C)o2)s1,5.795880017344075,True,<rdkit.Chem.rdchem.Mol object at 0x735c791e0d60>
CHEMBL3651157,CDK1,1600.0,nM,COc1ccc2cc3c(nc2c1)C1=C([Si](C)(C)C)C(=O)CC1CC3O,5.795880017344075,True,<rdkit.Chem.rdchem.Mol object at 0x735c791e0dd0>
CHEMBL4765079,CDK9,1600.0,nM,CC(=O)N[C@@H]1CCC[C@H](C(=O)Nc2cc(-c3cnc4ccccn34)c(Cl)cn2)C1,5.795880017344075,True,<rdkit.Chem.rdchem.Mol object at 0x735c791e0eb0>
CHEMBL5853237,CDK9,1600.0,nM,CN(C)C(C)(C)CNc1cc(-c2ccc3ncn(Cc4cccc(F)c4)c3c2)c(Cl)cn1,5.795880017344075,True,<rdkit.Chem.rdchem.Mol object at 0x735c791e0f20>
CHEMBL477064,CDK2,1600.0,nM,CCCOc1cnc(CN/C=C2\C(=O)NC(=O)c3ccc(I)cc32)cc1O,5.795880017344075,True,<rdkit.Chem.rdchem.Mol object at 0x735c791e1000>
CHEMBL243017,CDK1,1600.0,nM,CC(C)(N)c1ccc(-c2nc(Nc3ccc(CCO)cc3)ncc2C#N)cc1,5.795880017344075,True,<rdkit.Chem.rdchem.Mol object at 0x735c791e1070>
CHEMBL254979,CDK4,1600.0,nM,O=C(Cc1ccc2ccccc2c1)Nc1n[nH]c2ccc(N3CCCS3(=O)=O)cc12,5.795880017344075,True,<rdkit.Chem.rdchem.Mol object at 0x735c791e10e0>
CHEMBL1234009,CDK1,1600.0,nM,c1ccc2c(c1)Cc1c-2n[nH]c1-c1ccncc1,5.795880017344075,True,<rdkit.Chem.rdchem.Mol object at 0x735c791e1150>
CHEMBL392306,CDK1,1610.0,nM,CN1CCN(CCc2ccc(Nc3ncc(Cl)c(-c4ccc(C(C)(C)N)cc4)n3)cc2)CC1,5.79317412396815,True,<rdkit.Chem.rdchem.Mol object at 0x735c791e11c0>
CHEMBL341110,CDK2,1610.0,nM,Cn1cc(C2=C(c3cn(CC(O)CO)c4ccccc34)C(=O)NC2=O)c2ccccc21,5.79317412396815,True,<rdkit.Chem.rdchem.Mol object at 0x735c791e1230>
CHEMBL3966804,CDK2,1620.0,nM,CCN(CC)C1CCN(c2ccc(Nc3ncc4cc5n(c4n3)C3(CCCC3)CNC5=O)nc2)CC1,5.790484985457369,True,<rdkit.Chem.rdchem.Mol object at 0x735c791e12a0>
CHEMBL3702235,CDK4,1630.0,nM,CC[C@H](C)n1c2cnccc2c2cnc(Nc3ccc(N4CCC(NC)CC4)cn3)nc21,5.787812395596042,True,<rdkit.Chem.rdchem.Mol object at 0x735c791e1310>
CHEMBL3691566,CDK4,1630.0,nM,CNC(=O)c1cc2cnc(Nc3ccc(C(=O)N4CC5CCC(C4)N5)cn3)nc2n1C1CCCC1,5.787812395596042,True,<rdkit.Chem.rdchem.Mol object at 0x735c791e1380>
CHEMBL3891784,CDK2,1660.0,nM,CC(C)N1CCN(Cc2ccc(Nc3ncc4cc5n(c4n3)C3(CCCCC3)CNC5=O)nc2)CC1,5.779891911959945,True,<rdkit.Chem.rdchem.Mol object at 0x735c791e13f0>
CHEMBL4519886,CDK1,1660.0,nM,CC(C)c1cnn2c(NCc3ccccc3)cc(NCC3CCNCC3)nc12,5.779891911959945,True,<rdkit.Chem.rdchem.Mol object at 0x735c791e1460>
CHEMBL3894860,CDK2,1660.0,nM,CN1CCN(c2ccc(Nc3ncc4cc5n(c4n3)C3(CCCCC3)CNC5=O)nc2)CC1,5.779891911959945,True,<rdkit.Chem.rdchem.Mol object at 0x735c791e14d0>
CHEMBL210581,CDK1,1660.0,nM,COCCOCC(=O)NS(=O)(=O)c1ccc(Nc2nc(N)n(C(=O)c3c(F)cccc3F)n2)cc1,5.779891911959945,True,<rdkit.Chem.rdchem.Mol object at 0x735c791e1540>
CHEMBL4211162,CDK1,1671.1,nM,CCN1CCN(Cc2ccc(Nc3cc(-c4cc(F)c5nc(C)n(C(C)C)c5c4)c(F)cn3)nn2)CC1,5.776997560789591,True,<rdkit.Chem.rdchem.Mol object at 0x735c791e15b0>
CHEMBL3823929,CDK2,1680.0,nM,CC(=O)N1CCC(n2nc(C)c(Nc3ncc(Cl)c(-c4cnc5ccccn45)n3)c2C)CC1,5.774690718274137,True,<rdkit.Chem.rdchem.Mol object at 0x735c791e1620>
CHEMBL3947713,CDK2,1680.0,nM,CC1(C)CN(c2ccc(Nc3ncc4cc5n(c4n3)C3(CCCCC3)CNC5=O)nc2)CCN1C1CC1,5.774690718274137,True,<rdkit.Chem.rdchem.Mol object at 0x735c791e1690>
CHEMBL185914,CDK2,1691.0,nM,Nc1nc2ccc(/C(=C/c3nn[nH]n3)c3c(F)cccc3F)cn2c1C(=O)c1c(F)cccc1F,5.771856392402258,True,<rdkit.Chem.rdchem.Mol object at 0x735c791e1700>
CHEMBL2029913,CDK1,1700.0,nM,CN1CCN(C(=O)c2cc(Nc3ncc4cc(-c5ccnn5C)n(C5CCCC5)c4n3)cn2C)CC1,5.769551078621726,True,<rdkit.Chem.rdchem.Mol object at 0x735c791e1770>
CHEMBL210540,CDK2,1700.0,nM,Cc1cc(-c2cnc(Nc3cnc(CN4CCN(C)CC4)cn3)s2)nc(OC2CCCCC2)n1,5.769551078621726,True,<rdkit.Chem.rdchem.Mol object at 0x735c791e17e0>
CHEMBL233153,CDK2,1700.0,nM,Cc1cc(N2CCCS2(=O)=O)c2oc(-c3ccc(O)c(C(F)(F)F)c3)c(O)c(=O)c2c1,5.769551078621726,True,<rdkit.Chem.rdchem.Mol object at 0x735c791e1850>
CHEMBL271137,CDK1,1700.0,nM,NS(=O)(=O)c1ccc(N/C=C2\C(=O)Nc3cccc(CO)c32)cc1,5.769551078621726,True,<rdkit.Chem.rdchem.Mol object at 0x735c791e18c0>
CHEMBL6054113,CDK9,1700.0,nM,NC1(C(=O)Nc2cc(-c3ccc4ncn(CC5CCOCC5)c4c3)c(Cl)cn2)CCCC1,5.769551078621726,True,<rdkit.Chem.rdchem.Mol object at 0x735c791e1930>
CHEMBL3798066,CDK1,1700.0,nM,CN(C)C(=O)c1cccc(-c2cnc(N)c(-c3nc4cccc(N5CCNCC5)c4[nH]3)n2)c1,5.769551078621726,True,<rdkit.Chem.rdchem.Mol object at 0x735c791e19a0>
CHEMBL390186,CDK1,1700.0,nM,N#Cc1cnc(Nc2ccc(CCO)cc2)nc1-c1cc2ccccc2[nH]1,5.769551078621726,True,<rdkit.Chem.rdchem.Mol object at 0x735c791e1a10>
CHEMBL178737,CDK4,1700.0,nM,O=C1NC(=O)C(c2cnc3ccccn23)=C1c1cn2c3c(cccc13)CN(C(=O)N1CCOCC1)CC2,5.769551078621726,True,<rdkit.Chem.rdchem.Mol object at 0x735c791e1af0>
CHEMBL3651156,CDK1,1700.0,nM,COc1ccc2nc3c(cc2c1)C(O)CC1CC(=O)C([Si](C)(C)C)=C31,5.769551078621726,True,<rdkit.Chem.rdchem.Mol object at 0x735c791e1b60>
CHEMBL3651158,CDK1,1700.0,nM,COc1cc2cc3c(nc2cc1OC)C1=C([Si](C)(C)C)C(=O)CC1CC3O,5.769551078621726,True,<rdkit.Chem.rdchem.Mol object at 0x735c791e1bd0>
CHEMBL2012404,CDK1,1700.0,nM,CN(C)C(=O)[C@@H]1CCCN1C(=O)c1cc(Nc2ncc3cnn([C@@H]4C[C@H]5C[C@H]5C4)c3n2)cn1C,5.769551078621726,True,<rdkit.Chem.rdchem.Mol object at 0x735c791e1c40>
CHEMBL28,CDK6,1700.0,nM,O=c1cc(-c2ccc(O)cc2)oc2cc(O)cc(O)c12,5.769551078621726,True,<rdkit.Chem.rdchem.Mol object at 0x735c791e1cb0>
CHEMBL5755607,CDK1,1702.0,nM,Cc1nc2c(F)cc(-c3nc(Nc4ccc5c(n4)CCN(CCN=C(N)N)C5)ncc3F)cc2n1C(C)C,5.769040444251431,True,<rdkit.Chem.rdchem.Mol object at 0x735c791e1d20>
CHEMBL185914,CDK4,1703.0,nM,Nc1nc2ccc(/C(=C/c3nn[nH]n3)c3c(F)cccc3F)cn2c1C(=O)c1c(F)cccc1F,5.7687853520374,True,<rdkit.Chem.rdchem.Mol object at 0x735c791e1d90>
CHEMBL5091949,CDK6,1705.0,nM,CC(C)N1CCN(C(=O)c2ccc(Nc3nccc(-c4ccc5ncc(N(C)C)nc5c4)n3)nc2)CC1,5.768275616671484,True,<rdkit.Chem.rdchem.Mol object at 0x735c791e1e00>
CHEMBL183362,CDK2,1711.0,nM,Nc1nc2ccc(C(=O)c3c(F)cccc3F)cn2c1C(=O)c1ccc(Cl)cc1,5.7667499904589,True,<rdkit.Chem.rdchem.Mol object at 0x735c791e1e70>
CHEMBL4562323,CDK9,1711.0,nM,CC(C)c1cnn2c(NCc3ccccc3-n3cccn3)nc(OC3CCCNC3)nc12,5.7667499904589,True,<rdkit.Chem.rdchem.Mol object at 0x735c791e1ee0>
CHEMBL5598317,CDK2,1711.0,nM,O=C(CCCCCCn1cc(Nc2ncc(Cl)c(-c3cnc4ccccn34)n2)cn1)NO,5.7667499904589,True,<rdkit.Chem.rdchem.Mol object at 0x735c791e1f50>
CHEMBL519795,CDK2,1730.0,nM,CN1CCN(c2cccc3[nH]c(-c4n[nH]c5cc(-c6ccc(N)c(F)c6)ccc45)nc23)CC1,5.761953896871205,True,<rdkit.Chem.rdchem.Mol object at 0x735c791e1fc0>
CHEMBL5647234,CDK2,1730.0,nM,Cc1nn2c(-c3ccccc3)ccnc2c1/C(N)=N/O,5.761953896871205,True,<rdkit.Chem.rdchem.Mol object at 0x735c791e2030>
CHEMBL255718,CDK4,1750.0,nM,O=C(Cc1ccc(O)cc1)Nc1n[nH]c2ccc(N3CCCS3(=O)=O)cc12,5.756961951313706,True,<rdkit.Chem.rdchem.Mol object at 0x735c791e20a0>
CHEMBL3918318,CDK2,1760.0,nM,C[C@H]1CN(c2ccc(Nc3ncc4cc5n(c4n3)C3(CCCCC3)CNC5=O)nc2)CCN1,5.75448733218585,True,<rdkit.Chem.rdchem.Mol object at 0x735c791e2110>
CHEMBL234625,CDK1,1770.0,nM,CN(C)CCc1ccc(Nc2ncc(Cl)c(-c3ccc4cc[nH]c4c3)n2)cc1,5.752026733638193,True,<rdkit.Chem.rdchem.Mol object at 0x735c791e2180>
CHEMBL5557963,CDK4,1771.0,nM,CCC(=O)Nc1ccc(CNc2nc(NC3CCOCC3)nc3c(C(C)C)cnn23)cc1,5.751781438809925,True,<rdkit.Chem.rdchem.Mol object at 0x735c791e21f0>
CHEMBL3684987,CDK4,1790.0,nM,COc1cc2c3cnc(Nc4ccc5c(n4)CCNC5)nc3n([C@H]3CC[C@H](C)CC3)c2cn1,5.747146969020107,True,<rdkit.Chem.rdchem.Mol object at 0x735c791e2260>
CHEMBL401603,CDK2,1800.0,nM,CCCN(CCC)c1ccc2[nH]nc(NC(=O)Cc3ccccc3)c2c1,5.7447274948966935,True,<rdkit.Chem.rdchem.Mol object at 0x735c791e22d0>
CHEMBL402158,CDK4,1800.0,nM,O=C(Cc1cccc(Br)c1)Nc1n[nH]c2ccc(N3CCCS3(=O)=O)cc12,5.7447274948966935,True,<rdkit.Chem.rdchem.Mol object at 0x735c791e2340>
CHEMBL362558,CDK4,1800.0,nM,O=C1NC(=O)C(c2cnc3ccccn23)=C1c1cn2c3c(cc(F)cc13)CN(C(=O)N1CCCCC1)CC2,5.7447274948966935,True,<rdkit.Chem.rdchem.Mol object at 0x735c791e23b0>
CHEMBL458420,CDK2,1800.0,nM,O=C(Nc1ccccc1)Nc1c[nH]nc1-c1nc2cc(CN3CCOCC3)ccc2[nH]1,5.7447274948966935,True,<rdkit.Chem.rdchem.Mol object at 0x735c791e2420>
CHEMBL6031376,CDK9,1800.0,nM,O=S1(=O)CCC(Nc2cc(-c3ccc4ncn(Cc5cccc(F)c5)c4c3)c(Cl)cn2)C12CNC2,5.7447274948966935,True,<rdkit.Chem.rdchem.Mol object at 0x735c791e2490>
CHEMBL3085234,CDK1,1800.0,nM,COc1ccccc1CNc1nc(N2CCC[C@@H]2CO)nc2c1ncn2C(C)C,5.7447274948966935,True,<rdkit.Chem.rdchem.Mol object at 0x735c791e2500>
CHEMBL336242,CDK1,1800.0,nM,O=C(Nc1cc(CN[C@H]2Cc3ccc(Cl)cc3C2)n[nH]1)Nc1cccc2c1[C@@H]1CCCN1C2=O,5.7447274948966935,True,<rdkit.Chem.rdchem.Mol object at 0x735c791e2570>
CHEMBL4297488,CDK1,1800.0,nM,CC(C)c1cnn2c(NCc3ccccc3)cc(NC[C@H]3CCNC[C@@H]3O)nc12,5.7447274948966935,True,<rdkit.Chem.rdchem.Mol object at 0x735c791e25e0>
CHEMBL204054,CDK2,1800.0,nM,Brc1cccc(-c2cc(NCc3ccncc3)n3nccc3n2)c1,5.7447274948966935,True,<rdkit.Chem.rdchem.Mol object at 0x735c791e2650>
CHEMBL5279871,CDK2,1800.0,nM,Nc1c([N+](=O)[O-])cnc(NC2CCCCC2)c1[N+](=O)[O-],5.7447274948966935,True,<rdkit.Chem.rdchem.Mol object at 0x735c791e26c0>
CHEMBL256558,CDK4,1800.0,nM,Cc1ccc(CC(=O)Nc2n[nH]c3ccc(N4CCCS4(=O)=O)cc23)cc1,5.7447274948966935,True,<rdkit.Chem.rdchem.Mol object at 0x735c791e2730>
CHEMBL5092606,CDK1,1812.5,nM,CN(C)C(=O)c1ccc(Nc2ncc(C(F)(F)F)c(N[C@H]3CC[C@@H](N)CC3)n2)cc1,5.7417219847569685,True,<rdkit.Chem.rdchem.Mol object at 0x735c791e27a0>
CHEMBL3421967,CDK2,1819.0,nM,COc1cc(N2CCN(C)CC2)ccc1Nc1nccc(-c2c[nH]c3cnccc23)n1,5.740167300936516,True,<rdkit.Chem.rdchem.Mol object at 0x735c791e2810>
CHEMBL4850687,CDK9,1834.0,nM,CC(=O)c1c(C)c2cnc(Nc3ccc(N4CCN(C(=O)CCl)CC4)cn3)nc2n(C2CCCC2)c1=O,5.736600668665998,True,<rdkit.Chem.rdchem.Mol object at 0x735c791e2880>
CHEMBL5094409,CDK9,1837.0,nM,Cc1nc2ccc(-c3cc(N)nc(N)c3)nc2n1C(C)(C)C,5.735890843694191,True,<rdkit.Chem.rdchem.Mol object at 0x735c791e28f0>
CHEMBL523113,CDK2,1840.0,nM,Cn1cc(C2=C(c3coc4ccc(F)cc34)C(=O)NC2=O)c2cc(Cl)ccc21,5.735182176990463,True,<rdkit.Chem.rdchem.Mol object at 0x735c791e2960>
CHEMBL5592738,CDK9,1847.0,nM,COc1ccccc1Nc1nc(N[C@H]2CC[C@H](N)CC2)ncc1Cl,5.733533104559759,True,<rdkit.Chem.rdchem.Mol object at 0x735c791e29d0>
CHEMBL5273636,CDK2,1850.0,nM,CCOC(=O)c1cnn2c(-c3ccc(Cl)cc3)nc(NCc3ccccc3)nc12,5.732828271596986,True,<rdkit.Chem.rdchem.Mol object at 0x735c791e2a40>
CHEMBL48362,CDK4,1870.0,nM,CN1CCC(c2c(O)cc(O)c3c2O/C(=C\c2ccc(S(N)(=O)=O)cc2)C3=O)CC1,5.7281583934635005,True,<rdkit.Chem.rdchem.Mol object at 0x735c791e2ab0>
CHEMBL3673435,CDK1,1877.0,nM,COc1cc(F)ccc1-c1ccnc(NC(=O)C2CCC(NC(C)=O)C2)c1,5.7265357273786535,True,<rdkit.Chem.rdchem.Mol object at 0x735c791e2b20>
CHEMBL3961115,CDK2,1890.0,nM,CCOCCN1CCN(c2ccc(Nc3ncc4cc5n(c4n3)C3(CCCC3)CNC5=O)nc2)CC1,5.723538195826755,True,<rdkit.Chem.rdchem.Mol object at 0x735c791e2b90>
CHEMBL5570485,CDK1,1892.0,nM,Cc1ccc(O)c(C)c1-n1c(N)c(C(=O)N2CCn3nccc3C2)c2nc(C)c(C3CCN(C)CC3)nc21,5.723078867934226,True,<rdkit.Chem.rdchem.Mol object at 0x735c791e2c00>
CHEMBL245733,CDK2,1895.0,nM,CC1CCN(C(=O)N2CCC(Nc3ncc(Cl)c(-c4c[nH]c5ccccc45)n3)CC2)CC1,5.722390785695909,True,<rdkit.Chem.rdchem.Mol object at 0x735c791e2ce0>
CHEMBL248108,CDK1,1900.0,nM,NC1CCN(Cc2ccn3ncnc(Nc4ccc5c(cnn5Cc5cccc(F)c5)c4)c23)CC1,5.721246399047171,True,<rdkit.Chem.rdchem.Mol object at 0x735c791e2d50>
CHEMBL5813591,CDK9,1900.0,nM,CN1CCC(Nc2cc(-c3ccc4ncn(Cc5cccc(F)c5)c4c3)c(Cl)cn2)C1,5.721246399047171,True,<rdkit.Chem.rdchem.Mol object at 0x735c791e2dc0>
CHEMBL5598242,CDK2,1900.0,nM,CN(C)C(=O)c1ccc(Nc2cc3c(cn2)cc(C(=O)N(C)C)n3C(=O)OC(C)(C)C)c(Cl)c1,5.721246399047171,True,<rdkit.Chem.rdchem.Mol object at 0x735c791e2e30>
CHEMBL4573345,CDK1,1900.0,nM,CCOC(=O)Sc1cnc(NC(C)=O)s1,5.721246399047171,True,<rdkit.Chem.rdchem.Mol object at 0x735c791e2ea0>
CHEMBL234275,CDK1,1900.0,nM,N#Cc1cnc(Nc2ccc(CCO)cc2)nc1-c1ccc(S(N)(=O)=O)cc1,5.721246399047171,True,<rdkit.Chem.rdchem.Mol object at 0x735c791e2f10>
CHEMBL489629,CDK2,1900.0,nM,CC(C)(C)c1ccc2c(c1)/C(=C/NCc1cc(O)c(-c3ccoc3)cn1)C(=O)NC2=O,5.721246399047171,True,<rdkit.Chem.rdchem.Mol object at 0x735c791e2f80>
CHEMBL5091510,CDK9,1900.0,nM,Cc1nc(OCc2ccsc2)c2c(-c3ccnc(N)c3)c[nH]c2n1,5.721246399047171,True,<rdkit.Chem.rdchem.Mol object at 0x735c791e2ff0>
CHEMBL5914044,CDK9,1900.0,nM,O=C(Nc1cc(-c2ccc3ncn(CC4CCOCC4)c3c2)c(Cl)cn1)c1ccncc1,5.721246399047171,True,<rdkit.Chem.rdchem.Mol object at 0x735c791e3060>
CHEMBL5558916,CDK9,1905.0,nM,CC(=O)Nc1ccc(CNc2cc(NC3CCOCC3)nc3c(C(C)C)cnn23)cc1,5.720105019988361,True,<rdkit.Chem.rdchem.Mol object at 0x735c791e30d0>
CHEMBL3901454,CDK2,1920.0,nM,C[C@H]1CN(c2ccc(Nc3ncc4cc5n(c4n3)C3(CCCCC3)CNC5=O)nc2)CCN1C,5.71669877129645,True,<rdkit.Chem.rdchem.Mol object at 0x735c791e3140>
CHEMBL3955667,CDK2,1920.0,nM,C[C@H](O)CN1CCN(c2ccc(Nc3ncc4cc5n(c4n3)C3(CCCCC3)CNC5=O)nc2)C[C@@H]1C,5.71669877129645,True,<rdkit.Chem.rdchem.Mol object at 0x735c791e3220>
CHEMBL362774,CDK2,1927.0,nM,Nc1nc2ccc(C(=O)c3ccccc3)cn2c1C(=O)c1c(F)cccc1F,5.715118285344547,True,<rdkit.Chem.rdchem.Mol object at 0x735c791e3290>
CHEMBL5073976,CDK9,1952.0,nM,Cc1nc2ccc(-c3cc(N)nc(N)c3)nc2n1CCc1ccco1,5.709520186669327,True,<rdkit.Chem.rdchem.Mol object at 0x735c791e3300>
CHEMBL6133027,CDK9,1965.0,nM,COc1cc(F)ccc1-c1cc(NC(=O)N2CCN(C(=O)c3cc(Cc4n[nH]c(=O)c5ccccc45)ccc3F)CC2)ncc1F,5.706637445288555,True,<rdkit.Chem.rdchem.Mol object at 0x735c791e3370>
CHEMBL184115,CDK4,1973.0,nM,COc1ccccc1C(=O)c1c(N)nc2ccc(C(=O)c3c(F)cccc3F)cn12,5.704872914747809,True,<rdkit.Chem.rdchem.Mol object at 0x735c791e33e0>
CHEMBL3691596,CDK1,1992.0,nM,CN(C)C(=O)c1cc2cnc(Nc3ccc(C(=O)N4CC5CCC(C4)N5)cn3)nc2n1-c1cccc(C(C)(C)C)c1,5.70071066591232,True,<rdkit.Chem.rdchem.Mol object at 0x735c791e3450>
CHEMBL3421966,CDK2,1995.0,nM,COc1cc(N2CCN(C(C)=O)CC2)ccc1Nc1nccc(-c2c[nH]c3cnccc23)n1,5.700057099977233,True,<rdkit.Chem.rdchem.Mol object at 0x735c791e34c0>
CHEMBL99948,CDK4,2000.0,nM,Cc1ccc(Cl)c(Nc2ccnc(Nc3ccc(OCC(O)CN(C)C)cc3)n2)c1,5.698970004336019,True,<rdkit.Chem.rdchem.Mol object at 0x735c791e3530>
CHEMBL317964,CDK1,2000.0,nM,Cc1ccc2[nH]c3c(c2c1)CC(=O)Nc1ccccc1-3,5.698970004336019,True,<rdkit.Chem.rdchem.Mol object at 0x735c791e35a0>
CHEMBL322019,CDK2,2000.0,nM,C#CCN(c1ccnc(Nc2ccc(OCC(O)CN(C)C)cc2)n1)c1cc(Cl)ccc1Cl,5.698970004336019,True,<rdkit.Chem.rdchem.Mol object at 0x735c791e3610>
CHEMBL402370,CDK4,2000.0,nM,O=C(Cc1ccc(Br)cc1)Nc1n[nH]c2ccc(N3CCCS3(=O)=O)cc12,5.698970004336019,True,<rdkit.Chem.rdchem.Mol object at 0x735c791e36f0>
CHEMBL101468,CDK2,2000.0,nM,Cc1ccc(F)c(Nc2ccnc(Nc3ccc(OCC(O)CN(C)C)cc3)n2)c1,5.698970004336019,True,<rdkit.Chem.rdchem.Mol object at 0x735c791e3760>
CHEMBL234067,CDK1,2000.0,nM,N#Cc1cnc(Nc2ccc(CCO)cc2)nc1-c1ccc(Br)cc1,5.698970004336019,True,<rdkit.Chem.rdchem.Mol object at 0x735c791e37d0>
CHEMBL100675,CDK4,2000.0,nM,Cc1ccc(Cl)c(Nc2cc(Nc3ccc(OCC(O)CN(C)C)cc3)ncn2)c1,5.698970004336019,True,<rdkit.Chem.rdchem.Mol object at 0x735c791e3840>
CHEMBL2029914,CDK1,2000.0,nM,CN1CCN(C(=O)c2cc(Nc3ncc4cc(-c5cnn(Cc6ccccc6)c5)n(C5CCCC5)c4n3)cn2C)CC1,5.698970004336019,True,<rdkit.Chem.rdchem.Mol object at 0x735c791e38b0>
CHEMBL233667,CDK1,2000.0,nM,N#Cc1cnc(Nc2cccc(CN3CCOCC3)c2)nc1-c1ccccc1,5.698970004336019,True,<rdkit.Chem.rdchem.Mol object at 0x735c791e3920>
CHEMBL5750167,CDK9,2000.0,nM,CN(C)C(=O)CN1CCc2ccc(-c3cc(NC(=O)C4CCCNC4)ncc3Cl)cc21,5.698970004336019,True,<rdkit.Chem.rdchem.Mol object at 0x735c791e3990>
CHEMBL316887,CDK4,2000.0,nM,CN(C)CC(O)COc1ccc(Nc2cc(Nc3ccccc3[N+](=O)[O-])ncn2)cc1,5.698970004336019,True,<rdkit.Chem.rdchem.Mol object at 0x735c791e3a00>
CHEMBL190154,CDK2,2000.0,nM,CO[C@H](C(=O)Nc1cc(C2CC2)[nH]n1)c1ccccc1,5.698970004336019,True,<rdkit.Chem.rdchem.Mol object at 0x735c791e3a70>
CHEMBL3589775,CDK9,2000.0,nM,O=C(O)c1nc2cccnc2c2[nH]c3c(Br)cccc3c12,5.698970004336019,True,<rdkit.Chem.rdchem.Mol object at 0x735c791e3ae0>
CHEMBL3641939,CDK4,2000.0,nM,C[C@H](CO)n1c2cnccc2c2cnc(Nc3ccc(N4CCN[C@@H](C)C4)cn3)nc21,5.698970004336019,True,<rdkit.Chem.rdchem.Mol object at 0x735c791e3b50>
CHEMBL359963,CDK4,2000.0,nM,CC(C)c1ccc(Nc2nccc(-c3cnn4ncccc34)n2)cc1,5.698970004336019,True,<rdkit.Chem.rdchem.Mol object at 0x735c791e3bc0>
CHEMBL402157,CDK4,2000.0,nM,O=C(Cc1ccc(Cl)cc1)Nc1n[nH]c2ccc(N3CCCS3(=O)=O)cc12,5.698970004336019,True,<rdkit.Chem.rdchem.Mol object at 0x735c791e3c30>
CHEMBL523747,CDK4,2000.0,nM,COc1ccc2c(-c3ccnc(NC4CC4)n3)cnn2n1,5.698970004336019,True,<rdkit.Chem.rdchem.Mol object at 0x735c791e3ca0>
CHEMBL317629,CDK4,2000.0,nM,CN(C)CC(O)COc1ccc(Nc2nccc(Nc3cccc(Cl)c3)n2)cc1,5.698970004336019,True,<rdkit.Chem.rdchem.Mol object at 0x735c791e3d10>
CHEMBL524057,CDK4,2000.0,nM,CCc1nn2ncccc2c1-c1ccnc(NC2CC2)n1,5.698970004336019,True,<rdkit.Chem.rdchem.Mol object at 0x735c791e3d80>
CHEMBL388956,CDK4,2000.0,nM,COc1c(O)cc2c3c(cc4ccc(O)cc4c13)NC2=O,5.698970004336019,True,<rdkit.Chem.rdchem.Mol object at 0x735c791e3df0>
CHEMBL257624,CDK2,2000.0,nM,O=C(Cc1ccccc1)Nc1n[nH]c2ccc([N+](=O)[O-])cc12,5.698970004336019,True,<rdkit.Chem.rdchem.Mol object at 0x735c791e3e60>
CHEMBL99689,CDK4,2000.0,nM,CN(C)CC(O)COc1ccc(Nc2nccc(Nc3ccccc3C#N)n2)cc1,5.698970004336019,True,<rdkit.Chem.rdchem.Mol object at 0x735c791e3ed0>
CHEMBL99687,CDK4,2000.0,nM,Cc1ccc(Nc2ccnc(Nc3ccc(OCC(O)CN(C)C)cc3)n2)cc1,5.698970004336019,True,<rdkit.Chem.rdchem.Mol object at 0x735c791e3f40>
CHEMBL101052,CDK4,2000.0,nM,COc1ccc(Nc2ccnc(Nc3ccc(OCC(O)CN(C)C)cc3)n2)cc1,5.698970004336019,True,<rdkit.Chem.rdchem.Mol object at 0x735c791c5e00>
CHEMBL102047,CDK4,2000.0,nM,CN(C)CC(O)COc1ccc(Nc2nccc(Nc3ccccc3)n2)cc1,5.698970004336019,True,<rdkit.Chem.rdchem.Mol object at 0x735c791c65e0>
CHEMBL258404,CDK2,2000.0,nM,O=C(Cc1ccccc1)Nc1n[nH]c2ccc(N3C(=O)CNC3=O)cc12,5.698970004336019,True,<rdkit.Chem.rdchem.Mol object at 0x735c791c7990>
CHEMBL389343,CDK1,2000.0,nM,N#Cc1cnc(Nc2ccc(CCO)cc2)nc1-c1ccccc1,5.698970004336019,True,<rdkit.Chem.rdchem.Mol object at 0x735c791c6f80>
CHEMBL4849464,CDK2,2006.0,nM,CC(C)c1cnn2c(NCc3ccccc3)nc(OC3CCN(C)CC3)nc12,5.697669071315601,True,<rdkit.Chem.rdchem.Mol object at 0x735c791c4580>
CHEMBL2010815,CDK2,2020.0,nM,COc1cc(F)ccc1-c1nc2c(NCCCNC(=O)C3CCC3)c(Br)cnc2[nH]1,5.694648630553376,True,<rdkit.Chem.rdchem.Mol object at 0x735c791c7a00>
CHEMBL3655773,CDK9,2040.0,nM,CC[C@H](Nc1nc(NCc2cccc(C)n2)c2ncn(C(C)C)c2n1)[C@@H](C)O,5.690369832574101,True,<rdkit.Chem.rdchem.Mol object at 0x735c791c6730>
CHEMBL563307,CDK1,2040.0,nM,COc1cccc(-c2ccc3c(ccc4sc5c(c43)NC[C@@H](C)NC5=O)n2)c1,5.690369832574101,True,<rdkit.Chem.rdchem.Mol object at 0x735c791c7b50>
CHEMBL5275667,CDK2,2090.0,nM,O=C(NCCc1ccccc1)c1cnn2c(-c3ccc(Cl)cc3)nc(NCCc3ccccc3)nc12,5.679853713888946,True,<rdkit.Chem.rdchem.Mol object at 0x735c791c4040>
CHEMBL1243037,CDK1,2100.0,nM,Cc1cc2[nH]c(=S)n([C@@H]3O[C@H](CO)[C@@H](O)[C@H]3O)c2cc1C,5.6777807052660805,True,<rdkit.Chem.rdchem.Mol object at 0x735c791c6110>
CHEMBL5812640,CDK9,2100.0,nM,O=C(Nc1cc(-c2ccc3ncn(CC4CCOCC4)c3c2)c(Cl)cn1)c1c[nH]nn1,5.6777807052660805,True,<rdkit.Chem.rdchem.Mol object at 0x735c791c57e0>
CHEMBL113544,CDK2,2100.0,nM,CN1CCC(c2c(O)cc(O)c3c(=O)cc(Sc4ccccc4Cl)oc23)C(O)C1,5.6777807052660805,True,<rdkit.Chem.rdchem.Mol object at 0x735c791c7450>
CHEMBL2163992,CDK2,2100.0,nM,CCCc1c(N[C@H]2CC[C@H](N)CC2)nc2ccnn2c1Nc1ccc(F)c(Cl)c1,5.6777807052660805,True,<rdkit.Chem.rdchem.Mol object at 0x735c791c7ed0>
CHEMBL233456,CDK1,2100.0,nM,N#Cc1cnc(Nc2ccc(CCC(=O)N3CCOCC3)cc2)nc1-c1ccccc1,5.6777807052660805,True,<rdkit.Chem.rdchem.Mol object at 0x735c791c7e60>
CHEMBL4787309,CDK9,2100.0,nM,CC(=O)N[C@@H]1CCC[C@H](C(=O)Nc2cc(-c3cnn4c3COCC4)c(Cl)cn2)C1,5.6777807052660805,True,<rdkit.Chem.rdchem.Mol object at 0x735c791c7d80>
CHEMBL2112683,CDK1,2100.0,nM,CC(C)n1cnc2c(NCc3ccccc3)nc(N3CCC[C@H]3CO)nc21,5.6777807052660805,True,<rdkit.Chem.rdchem.Mol object at 0x735c791c7ca0>
CHEMBL362814,CDK2,2100.0,nM,CN(C)C(=O)N1CCn2cc(C3=C(c4cnc5ccccn45)C(=O)NC3=O)c3cccc(c32)C1,5.6777807052660805,True,<rdkit.Chem.rdchem.Mol object at 0x735c791c4510>
CHEMBL4754399,CDK4,2100.0,nM,CC(=O)N[C@@H]1CCC[C@H](C(=O)Nc2cc(-c3cnn4c3CCCC4)c(Cl)cn2)C1,5.6777807052660805,True,<rdkit.Chem.rdchem.Mol object at 0x735c791c7c30>
CHEMBL334881,CDK2,2100.0,nM,CN1CC[C@H](c2c(O)cc(O)c3c(=O)cc(Sc4ccccc4Cl)oc23)[C@H](O)C1,5.6777807052660805,True,<rdkit.Chem.rdchem.Mol object at 0x735c791c7bc0>
CHEMBL181606,CDK2,2100.0,nM,CC(C)c1cnn2c(Nc3ccc(S(=O)(=O)N(C)C)cc3)cc(NC3CCCC(N)C3)nc12,5.6777807052660805,True,<rdkit.Chem.rdchem.Mol object at 0x735c791c7a70>
CHEMBL326275,CDK2,2110.0,nM,CN1CCC(c2c(O)cc(O)c3c(=O)cc(Oc4ccccc4Cl)oc23)C(O)C1,5.675717544702307,True,<rdkit.Chem.rdchem.Mol object at 0x735c791c54d0>
CHEMBL1800448,CDK2,2110.0,nM,Nc1nccc(-c2cc(N3CCC(O)C3)ccc2O)n1,5.675717544702307,True,<rdkit.Chem.rdchem.Mol object at 0x735c791c7920>
CHEMBL133498,CDK2,2110.0,nM,CN1CC[C@H](c2c(O)cc(O)c3c(=O)cc(Oc4ccccc4Cl)oc23)[C@H](O)C1,5.675717544702307,True,<rdkit.Chem.rdchem.Mol object at 0x735c791c78b0>
CHEMBL3929122,CDK2,2120.0,nM,CC1(C)CN(c2ccc(Nc3ncc4cc5n(c4n3)C3(CCCCC3)CNC5=O)nc2)CCN1,5.673664139071249,True,<rdkit.Chem.rdchem.Mol object at 0x735c791c77d0>
CHEMBL3655777,CDK9,2140.0,nM,CCC(Nc1nc(NCc2cccnc2)c2ncn(C(C)C)c2n1)C(O)C(F)(F)F,5.669586226650809,True,<rdkit.Chem.rdchem.Mol object at 0x735c791c7760>
CHEMBL4460561,CDK9,2149.0,nM,Cc1nc2ccc(-c3cc(N)nc(N)c3)nc2n1C1CC1,5.667763584508556,True,<rdkit.Chem.rdchem.Mol object at 0x735c791c76f0>
CHEMBL607579,CDK2,2150.0,nM,O=C1Nc2cc3ccc(O)cc3c3c4c(cc1c23)OCO4,5.667561540084394,True,<rdkit.Chem.rdchem.Mol object at 0x735c791c7680>
CHEMBL3961663,CDK2,2170.0,nM,CC(C)(C)CCN1CCN(c2ccc(Nc3ncc4cc5n(c4n3)C3(CCCC3)CNC5=O)nc2)CC1(C)C,5.66354026615147,True,<rdkit.Chem.rdchem.Mol object at 0x735c791c75a0>
CHEMBL189512,CDK2,2171.0,nM,Nc1nc2ccc(C(=O)c3ccccc3OC(F)(F)F)cn2c1C(=O)c1c(F)cccc1F,5.66334017654558,True,<rdkit.Chem.rdchem.Mol object at 0x735c791c7530>
CHEMBL5597636,CDK9,2178.5,nM,O=C(CCCCCCC(=O)Nc1ccc(Nc2ncc(Cl)c(OC3CCCCC3)n2)cc1)NO,5.661842435728227,True,<rdkit.Chem.rdchem.Mol object at 0x735c791c74c0>
CHEMBL5592379,CDK1,2180.0,nM,CN(C)c1ccc(/C=N/c2c(N)n(C)c(=O)[nH]c2=O)cc1,5.661543506395395,True,<rdkit.Chem.rdchem.Mol object at 0x735c791c7290>
CHEMBL1801932,CDK9,2180.0,nM,CC(C)c1cnn2c(NCc3ccccc3)cc(NCCCCCCN)nc12,5.661543506395395,True,<rdkit.Chem.rdchem.Mol object at 0x735c791c71b0>
CHEMBL3589671,CDK9,2200.0,nM,O=C(O)c1nc2ccc(I)cc2c2[nH]c3c(Cl)cccc3c12,5.657577319177793,True,<rdkit.Chem.rdchem.Mol object at 0x735c791c7140>
CHEMBL1276127,CDK2,2200.0,nM,O=C1Nc2ccccc2/C1=C1/Nc2ccccc2C1=O,5.657577319177793,True,<rdkit.Chem.rdchem.Mol object at 0x735c791c70d0>
CHEMBL1241661,CDK2,2200.0,nM,Nc1nc(Nc2ccc(S(N)(=O)=O)cc2)nc(OCc2ccccc2)c1N=O,5.657577319177793,True,<rdkit.Chem.rdchem.Mol object at 0x735c791c7060>
CHEMBL402759,CDK4,2200.0,nM,O=C(Cc1ccc(-c2ccccc2)cc1)Nc1n[nH]c2ccc(N3CCCS3(=O)=O)cc12,5.657577319177793,True,<rdkit.Chem.rdchem.Mol object at 0x735c791c6f10>
CHEMBL1922219,CDK1,2200.0,nM,CC[C@H](Nc1nc(NCc2cccnc2)c2ncn(C(C)C)c2n1)[C@@H](C)O,5.657577319177793,True,<rdkit.Chem.rdchem.Mol object at 0x735c791c6e30>
CHEMBL3673553,CDK9,2200.0,nM,NC(=O)C1CC=C(c2cc3c(-c4cncc(NCc5ccccc5)n4)ccnc3[nH]2)CC1,5.657577319177793,True,<rdkit.Chem.rdchem.Mol object at 0x735c791c6dc0>
CHEMBL5886064,CDK9,2200.0,nM,O=C(Nc1cc(-c2ccc3c(c2)ncn3Cc2cccc(F)c2)c(Cl)cn1)[C@@H]1CCCNC1,5.657577319177793,True,<rdkit.Chem.rdchem.Mol object at 0x735c791c6d50>
CHEMBL303958,CDK2,2200.0,nM,Nc1nc(N)c(N=O)c(OCC2CCCCC2)n1,5.657577319177793,True,<rdkit.Chem.rdchem.Mol object at 0x735c791c6ce0>
CHEMBL45477,CDK4,2210.0,nM,CN1CCC(c2c(O)cc(O)c3c2O/C(=C\c2ccc([N+](=O)[O-])cc2)C3=O)CC1,5.655607726314889,True,<rdkit.Chem.rdchem.Mol object at 0x735c791c6c70>
CHEMBL562606,CDK1,2210.0,nM,Cc1ccccc1-c1ccc2c(ccc3sc4c(c32)NC[C@@H](C)NC4=O)n1,5.655607726314889,True,<rdkit.Chem.rdchem.Mol object at 0x735c791c6c00>
CHEMBL178484,CDK1,2220.0,nM,OCCCNc1cnccc1-c1cncc(Nc2cccc(Cl)c2)n1,5.653647025549361,True,<rdkit.Chem.rdchem.Mol object at 0x735c791c6b90>
CHEMBL3354190,CDK2,2220.0,nM,COC1CCN(c2nccc(Nc3cc4c(cn3)ncn4C(C)C)n2)CC1,5.653647025549361,True,<rdkit.Chem.rdchem.Mol object at 0x735c791c6b20>
CHEMBL1800218,CDK1,2240.0,nM,Nc1nccc(-c2cc(N3CCOCC3)ccc2O)n1,5.649751981665837,True,<rdkit.Chem.rdchem.Mol object at 0x735c791c69d0>
CHEMBL1270795,CDK2,2273.0,nM,CSc1cn2c(-c3cn[nH]c3)cnc2c(Nc2cc(C)ns2)n1,5.643400564275029,True,<rdkit.Chem.rdchem.Mol object at 0x735c791c6960>
CHEMBL3920345,CDK2,2280.0,nM,O=C1NCC2(CCCC2)n2c1cc1cnc(Nc3ccc(N4CCOCC4)nn3)nc12,5.642065152999546,True,<rdkit.Chem.rdchem.Mol object at 0x735c791c68f0>
CHEMBL3981462,CDK2,2280.0,nM,C[C@H]1CN(c2ccc(Nc3ncc4cc5n(c4n3)C3(CCCCC3)CNC5=O)nc2)CCN1CCC(C)(C)C,5.642065152999546,True,<rdkit.Chem.rdchem.Mol object at 0x735c791c6810>
CHEMBL52551,CDK1,2300.0,nM,SC1=Nc2ccccc2-c2[nH]c3ccc(Br)cc3c2C1,5.638272163982407,True,<rdkit.Chem.rdchem.Mol object at 0x735c791c67a0>
CHEMBL405042,CDK1,2300.0,nM,C/C(Nc1ccc(S(N)(=O)=O)cc1)=C1/C(=O)Nc2ccccc21,5.638272163982407,True,<rdkit.Chem.rdchem.Mol object at 0x735c791c66c0>
CHEMBL521922,CDK2,2300.0,nM,O=C1NC(=O)c2ccc(I)cc2/C1=C/NCc1cc(O)c(-c2ccoc2)cn1,5.638272163982407,True,<rdkit.Chem.rdchem.Mol object at 0x735c791c6650>
CHEMBL5801206,CDK9,2300.0,nM,O=C(Nc1cc(-c2ccc3ncn(CC4CCOCC4)c3c2)c(Cl)cn1)c1cnccn1,5.638272163982407,True,<rdkit.Chem.rdchem.Mol object at 0x735c791c6500>
CHEMBL340813,CDK2,2300.0,nM,Oc1ccc(Nc2nc(OCC3CCCCC3)c3nc[nH]c3n2)cc1,5.638272163982407,True,<rdkit.Chem.rdchem.Mol object at 0x735c791c6490>
CHEMBL6067763,CDK9,2300.0,nM,Fc1cccc(Cn2cnc3ccc(-c4cc(N[C@H]5CN6CCC5CC6)ncc4Cl)cc32)c1,5.638272163982407,True,<rdkit.Chem.rdchem.Mol object at 0x735c791c6420>
CHEMBL133055,CDK1,2300.0,nM,COc1cccc(CNc2nc(I)nc3c2ncn3C(C)C)c1,5.638272163982407,True,<rdkit.Chem.rdchem.Mol object at 0x735c791c63b0>
CHEMBL5559020,CDK2,2328.5,nM,CC(=O)Nc1ccc(CNc2nc(NC3CCN(C)CC3)nc3c(C(C)C)cnn23)cc1,5.63292375773125,True,<rdkit.Chem.rdchem.Mol object at 0x735c791c6340>
CHEMBL5283085,CDK2,2396.0,nM,O=C(Nc1n[nH]c2ccc(-c3cncc(NC[C@H](CO)Cc4ccccc4)c3)cc12)c1ccccc1,5.620513186282726,True,<rdkit.Chem.rdchem.Mol object at 0x735c791c62d0>
CHEMBL355578,CDK1,2400.0,nM,OCCCNc1cncc(-c2cc(Nc3cccc(Cl)c3)ncn2)c1,5.619788758288394,True,<rdkit.Chem.rdchem.Mol object at 0x735c791c6180>
CHEMBL315837,CDK1,2400.0,nM,CC(C)n1cnc2c(NC3CCCC3)nc(NCCCO)nc21,5.619788758288394,True,<rdkit.Chem.rdchem.Mol object at 0x735c791c60a0>
CHEMBL84140,CDK2,2400.0,nM,CC(C)n1cnc2c(N)nc(NCCCO)nc21,5.619788758288394,True,<rdkit.Chem.rdchem.Mol object at 0x735c791c5f50>
CHEMBL3898028,CDK2,2400.0,nM,CN1CC[C@H](c2c(O)cc(O)c3c(=O)cc(-c4ccccc4)oc23)[C@H](O)C1,5.619788758288394,True,<rdkit.Chem.rdchem.Mol object at 0x735c791c5ee0>
CHEMBL4218705,CDK1,2429.5,nM,CCN1CCN(Cc2ccc(Nc3cc(-c4cc(F)c5nc(C)n(C(C)C)c5c4)ncn3)nn2)CC1,5.614483096600975,True,<rdkit.Chem.rdchem.Mol object at 0x735c791c5e70>
CHEMBL340935,CDK2,2439.0,nM,O=C1NC(=O)C2=C1c1cn(c3ccccc13)CCOCCOCCOCCn1cc2c2cccnc21,5.612788199686269,True,<rdkit.Chem.rdchem.Mol object at 0x735c791c5d90>
CHEMBL4755256,CDK2,2460.0,nM,COc1cc(F)ccc1-c1cc(NC(=O)[C@H]2CCC[C@@H](NC(C)=O)C2)ncc1Cl,5.609064892896621,True,<rdkit.Chem.rdchem.Mol object at 0x735c791c5cb0>
CHEMBL246544,CDK2,2483.0,nM,CCNC(=O)N1CCC(Nc2ncc(Cl)c(-c3c[nH]c4ccccc34)n2)C1,5.605023280445436,True,<rdkit.Chem.rdchem.Mol object at 0x735c791c5c40>
CHEMBL132687,CDK1,2500.0,nM,CC(C)n1cnc2c(NCc3ccccc3)nc(CCCO)nc21,5.6020599913279625,True,<rdkit.Chem.rdchem.Mol object at 0x735c791c5bd0>
CHEMBL83980,CDK1,2500.0,nM,CC(C)n1cnc2c(NCc3ccccc3)nc(NCCCO)nc21,5.6020599913279625,True,<rdkit.Chem.rdchem.Mol object at 0x735c791c5b60>
CHEMBL72510,CDK4,2500.0,nM,Cc1nc2ccccn2c1-c1ccnc(Nc2ccc(S(N)(=O)=O)cc2)n1,5.6020599913279625,True,<rdkit.Chem.rdchem.Mol object at 0x735c791c5af0>
CHEMBL5743377,CDK9,2500.0,nM,CN(C)CCCn1nnc2ccc(-c3cc(NC(=O)[C@@H]4CCCNC4)ncc3Cl)cc21,5.6020599913279625,True,<rdkit.Chem.rdchem.Mol object at 0x735c791c5a80>
CHEMBL1234089,CDK1,2500.0,nM,N=C(N)NS(=O)(=O)c1ccc(N/C=C2\C(=O)Nc3ccccc32)cc1,5.6020599913279625,True,<rdkit.Chem.rdchem.Mol object at 0x735c791c5a10>
CHEMBL512342,CDK1,2500.0,nM,O=C1NC(=O)c2c1c(-c1ccccc1Cl)cc1c2c2cc(O)ccc2n1CCc1nnn[nH]1,5.6020599913279625,True,<rdkit.Chem.rdchem.Mol object at 0x735c791c5930>
CHEMBL210540,CDK9,2500.0,nM,Cc1cc(-c2cnc(Nc3cnc(CN4CCN(C)CC4)cn3)s2)nc(OC2CCCCC2)n1,5.6020599913279625,True,<rdkit.Chem.rdchem.Mol object at 0x735c791c58c0>
CHEMBL316512,CDK1,2500.0,nM,O=C1Cc2c([nH]c3cc(Cl)cc(Cl)c23)-c2ccccc2N1,5.6020599913279625,True,<rdkit.Chem.rdchem.Mol object at 0x735c791c5850>
CHEMBL192471,CDK2,2500.0,nM,C[C@@H](C(=O)Nc1cc(C2CC2)[nH]n1)c1ccc(N2CCCC2=O)cc1,5.6020599913279625,True,<rdkit.Chem.rdchem.Mol object at 0x735c791c55b0>
CHEMBL50498,CDK1,2500.0,nM,Nc1nccc(-c2c[nH]c3cccc(O)c23)n1,5.6020599913279625,True,<rdkit.Chem.rdchem.Mol object at 0x735c791c5540>
CHEMBL5768084,CDK9,2500.0,nM,Fc1cccc(Cn2cnc3ccc(-c4cc(NCc5ccccc5)ncc4Cl)cc32)c1,5.6020599913279625,True,<rdkit.Chem.rdchem.Mol object at 0x735c791c5460>
CHEMBL1086427,CDK1,2500.0,nM,CCCC(=O)Nc1n[nH]c2c(F)c(Cl)c(-c3ccccc3)cc12,5.6020599913279625,True,<rdkit.Chem.rdchem.Mol object at 0x735c791c53f0>
CHEMBL130597,CDK1,2500.0,nM,CC(C)n1cnc2c(NCc3ccccc3)nc(N(CCO)Cc3ccccc3)nc21,5.6020599913279625,True,<rdkit.Chem.rdchem.Mol object at 0x735c791c5380>
CHEMBL1240761,CDK1,2500.0,nM,OCCSC(=S)Nc1ccc(Cl)c(Cl)c1,5.6020599913279625,True,<rdkit.Chem.rdchem.Mol object at 0x735c791c5310>
CHEMBL4106617,CDK2,2500.0,nM,CC(C)C[C@@H]1CNC(=O)c2cc3cnc(Nc4ccc(N5CCNCC5)cn4)nc3n21,5.6020599913279625,True,<rdkit.Chem.rdchem.Mol object at 0x735c791c51c0>
CHEMBL4754399,CDK6,2500.0,nM,CC(=O)N[C@@H]1CCC[C@H](C(=O)Nc2cc(-c3cnn4c3CCCC4)c(Cl)cn2)C1,5.6020599913279625,True,<rdkit.Chem.rdchem.Mol object at 0x735c791c5150>
CHEMBL2035050,CDK2,2500.0,nM,Cc1cnc2nc1-c1ccc3ccn(c3c1)C/C=C/COCc1cc(ccc1OCCN1CCCC1)N2,5.6020599913279625,True,<rdkit.Chem.rdchem.Mol object at 0x735c791c50e0>
CHEMBL192179,CDK2,2500.0,nM,C[C@@H](C(=O)Nc1cc(C2CC2)[nH]n1)c1ccc(N2CCOC2=O)cc1,5.6020599913279625,True,<rdkit.Chem.rdchem.Mol object at 0x735c791c5000>
CHEMBL336537,CDK1,2500.0,nM,CCCCC(CO)Nc1nc(NCc2ccccc2)c2ncn(C(C)C)c2n1,5.6020599913279625,True,<rdkit.Chem.rdchem.Mol object at 0x735c791c4f20>
CHEMBL1095040,CDK2,2500.0,nM,CCCC(=O)Nc1n[nH]c2cc(Cl)c(-c3ccccc3)cc12,5.6020599913279625,True,<rdkit.Chem.rdchem.Mol object at 0x735c791c4eb0>
CHEMBL3691625,CDK1,2511.0,nM,CN(C)C(=O)c1cc2cnc(Nc3ccc(N4C[C@H]5CNC[C@H]5CC4=O)cn3)nc2n1C1CCCCCC1,5.600153287287077,True,<rdkit.Chem.rdchem.Mol object at 0x735c791c4e40>
CHEMBL1240762,CDK1,2530.0,nM,O=C(NCCCO)c1cc(Cl)ccc1O,5.596879478824182,True,<rdkit.Chem.rdchem.Mol object at 0x735c791c4dd0>
CHEMBL363037,CDK2,2538.0,nM,Nc1nc2ccc(C(=O)c3c(F)cccc3F)cn2c1C(=O)c1ccncc1,5.595508382241314,True,<rdkit.Chem.rdchem.Mol object at 0x735c791c4d60>
CHEMBL5512494,CDK9,2545.0,nM,CC(=O)Nc1cccc(CNc2nc(OC3CCN(C)CC3)nc3c(C(C)C)cnn23)c1,5.594312213327223,True,<rdkit.Chem.rdchem.Mol object at 0x735c791c4cf0>
CHEMBL3934575,CDK2,2580.0,nM,CC1CN(c2ccc(Nc3ncc4cc5n(c4n3)C3(CCCCC3)CNC5=O)nc2)CCN1CCC(C)(C)C,5.58838029403677,True,<rdkit.Chem.rdchem.Mol object at 0x735c791c4c80>
CHEMBL364631,CDK4,2589.0,nM,Nc1nc2ccc(C(=O)c3c(Cl)cccc3Cl)cn2c1C(=O)c1c(F)cc(C(=O)O)cc1F,5.5868679495651286,True,<rdkit.Chem.rdchem.Mol object at 0x735c791c4c10>
CHEMBL514678,CDK2,2600.0,nM,CC(C)(C)c1ccc2c(c1)/C(=C/NCc1cc(O)c(-c3ccccc3)cn1)C(=O)NC2=O,5.585026652029182,True,<rdkit.Chem.rdchem.Mol object at 0x735c791c4b30>
CHEMBL560737,CDK1,2600.0,nM,CCCNC[C@@H]1CNc2c(sc3ccc(OC)cc23)C(=O)N1,5.585026652029182,True,<rdkit.Chem.rdchem.Mol object at 0x735c791c4a50>
CHEMBL3658034,CDK1,2600.0,nM,CN(C)C1CCN(c2ccc(Nc3ncc4cc(C#N)n(C5CCCC5)c4n3)nc2)CC1,5.585026652029182,True,<rdkit.Chem.rdchem.Mol object at 0x735c791c49e0>
CHEMBL3663772,CDK9,2600.0,nM,COc1ccncc1-c1ccnc2[nH]c(C3CCN(C)CC3)cc12,5.585026652029182,True,<rdkit.Chem.rdchem.Mol object at 0x735c791c4970>
CHEMBL190178,CDK2,2600.0,nM,O=C(Nc1cc(C2CC2)[nH]n1)C(=O)c1ccccc1,5.585026652029182,True,<rdkit.Chem.rdchem.Mol object at 0x735c791c4890>
CHEMBL270897,CDK9,2600.0,nM,Nc1nccc(-c2c[nH]c3nccc(O)c23)n1,5.585026652029182,True,<rdkit.Chem.rdchem.Mol object at 0x735c791c47b0>
CHEMBL477861,CDK2,2600.0,nM,CCCOc1ccc(CN/C=C2\C(=O)NC(=O)c3ccc(I)cc32)cc1O,5.585026652029182,True,<rdkit.Chem.rdchem.Mol object at 0x735c791c4740>
CHEMBL3673516,CDK9,2600.0,nM,Fc1ccc(Cl)nc1-c1ccnc2[nH]c(C3CCNCC3)cc12,5.585026652029182,True,<rdkit.Chem.rdchem.Mol object at 0x735c791c46d0>
CHEMBL5793278,CDK9,2600.0,nM,Fc1cccc(Cn2cnc3ccc(-c4cc(N5CCOCC6(CNCCO6)C5)ncc4Cl)cc32)c1,5.585026652029182,True,<rdkit.Chem.rdchem.Mol object at 0x735c791c4660>
CHEMBL490451,CDK2,2600.0,nM,O=C1NC(=O)c2ccc(I)cc2/C1=C/NCc1ccn(-c2ccoc2)c(=O)c1,5.585026652029182,True,<rdkit.Chem.rdchem.Mol object at 0x735c791c45f0>
CHEMBL3897592,CDK2,2630.0,nM,C[C@@H](O)CN1CCN(c2ccc(Nc3ncc4cc5n(c4n3)C3(CCCC3)CNC5=O)nc2)C[C@@H]1C,5.580044251510242,True,<rdkit.Chem.rdchem.Mol object at 0x735c791c4430>
CHEMBL3691621,CDK1,2659.0,nM,CN(C)C(=O)c1cc2cnc(Nc3ccc(N4C[C@@H]5CNC[C@@H]5C4=O)cn3)nc2n1C1CCCCCC1,5.5752816626684325,True,<rdkit.Chem.rdchem.Mol object at 0x735c791c42e0>
CHEMBL5089164,CDK6,2667.5,nM,Cn1ccc2cc(Nc3ncc(C(F)(F)F)c(N[C@H]4CC[C@@H](N)CC4)n3)ccc2c1=O,5.573895571903492,True,<rdkit.Chem.rdchem.Mol object at 0x735c791c4270>
CHEMBL393861,CDK2,2672.0,nM,CNCC(=O)N1CCC(Nc2ncc(Cl)c(-c3c[nH]c4ccccc34)n2)CC1,5.573163546196492,True,<rdkit.Chem.rdchem.Mol object at 0x735c791c4200>
CHEMBL5188909,CDK2,2680.0,nM,CC(C)n1cnc2c(NCc3nc4ccc(F)c(F)c4[nH]3)nc(N3CCCC[C@H]3CCO)nc21,5.571865205971211,True,<rdkit.Chem.rdchem.Mol object at 0x735c791c4190>
CHEMBL242237,CDK2,2700.0,nM,NC(=O)c1ccccc1Nc1ccnc(Nc2cccc(O)c2)n1,5.568636235841012,True,<rdkit.Chem.rdchem.Mol object at 0x735c791c4120>
CHEMBL449818,CDK2,2700.0,nM,O=C1NC(=O)c2ccc(Br)cc2/C1=C/NCc1cc[nH]c(=O)c1,5.568636235841012,True,<rdkit.Chem.rdchem.Mol object at 0x735c791c40b0>
CHEMBL3621515,CDK2,2700.0,nM,CC(=O)Nc1cccc(-c2ccc(C(N)=O)c3[nH]c4cc(C(=O)N5CCN(C)CC5)ccc4c23)c1C,5.568636235841012,True,<rdkit.Chem.rdchem.Mol object at 0x735c791c7840>
CHEMBL2112682,CDK1,2700.0,nM,CC(C)n1cnc2c(NCc3ccccc3)nc(N[C@@H](CO)Cc3ccccc3)nc21,5.568636235841012,True,<rdkit.Chem.rdchem.Mol object at 0x735c791c6ea0>
CHEMBL551534,CDK1,2700.0,nM,COc1ccc2sc3c(c2c1)NC[C@@H](CNCc1ccccc1)NC3=O,5.568636235841012,True,<rdkit.Chem.rdchem.Mol object at 0x735c791c5230>
CHEMBL103355,CDK4,2700.0,nM,Cc1ccc(F)c(Nc2ccnc(Nc3ccc(S(N)(=O)=O)cc3)n2)c1,5.568636235841012,True,<rdkit.Chem.rdchem.Mol object at 0x735c791c4350>
CHEMBL234697,CDK1,2700.0,nM,CC(C)(O)c1ccc(-c2nc(Nc3ccc(CCO)cc3)ncc2C#N)cc1,5.568636235841012,True,<rdkit.Chem.rdchem.Mol object at 0x735c791c5770>
CHEMBL2348182,CDK2,2700.0,nM,CNc1nccc(-n2ccc3ccc(C#N)cc32)n1,5.568636235841012,True,<rdkit.Chem.rdchem.Mol object at 0x735c791c5700>
CHEMBL1809193,CDK2,2700.0,nM,COc1cc(N2CCN(C(C)=O)CC2)ccc1Nc1ncc(F)c(-c2cnc3ccccn23)n1,5.568636235841012,True,<rdkit.Chem.rdchem.Mol object at 0x735c791c7370>
CHEMBL1241567,CDK4,2700.0,nM,CCCCOc1c(C(=O)c2c(F)cc(C)cc2F)ccc2[nH]ncc12,5.568636235841012,True,<rdkit.Chem.rdchem.Mol object at 0x735c791c73e0>
CHEMBL6067764,CDK9,2700.0,nM,Fc1cccc(Cn2cnc3ccc(-c4cc(N[C@@H]5CN6CCC5CC6)ncc4Cl)cc32)c1,5.568636235841012,True,<rdkit.Chem.rdchem.Mol object at 0x735c791c6260>
CHEMBL6193353,CDK2,2700.0,nM,C(=C/N1CCCCCC1)\c1nc(Nc2ccccc2)nc2[nH]cnc12,5.568636235841012,True,<rdkit.Chem.rdchem.Mol object at 0x735c791c6570>
CHEMBL5806185,CDK9,2700.0,nM,Cn1c(-c2cccc(F)c2)nc2ccc(-c3cc(NC(=O)[C@@H]4CCCNC4)ncc3Cl)cc21,5.568636235841012,True,<rdkit.Chem.rdchem.Mol object at 0x735c791c6ab0>
CHEMBL562137,CDK1,2730.0,nM,COc1ccccc1-c1ccc2c(ccc3sc4c(c32)NC[C@@H](C)NC4=O)n1,5.563837352959244,True,<rdkit.Chem.rdchem.Mol object at 0x735c791c7f40>
CHEMBL233209,CDK1,2770.0,nM,CC(C)(N)c1ccc(-c2nc(Nc3ccc(CCN4CCOCC4)cc3)ncc2Cl)cc1,5.557520230935552,True,<rdkit.Chem.rdchem.Mol object at 0x735c791c7df0>
CHEMBL2011936,CDK2,2790.0,nM,COc1ccc(-c2nc3c(NCCCNC(=O)C4CCCC4)c(Br)cnc3[nH]2)cc1,5.554395796726403,True,<rdkit.Chem.rdchem.Mol object at 0x735c791c7d10>
CHEMBL3943802,CDK9,2800.0,nM,CN1Cc2c(C3CCN(CC(=O)OC(C)(C)C)CC3)[nH]c3nccc(c23)-c2cc(F)ccc21,5.552841968657781,True,<rdkit.Chem.rdchem.Mol object at 0x735c791c7ae0>
CHEMBL272414,CDK1,2800.0,nM,CN(C)c1ccc2c(c1)/C(=C/Nc1ccc(S(N)(=O)=O)cc1)C(=O)N2,5.552841968657781,True,<rdkit.Chem.rdchem.Mol object at 0x735c791c7220>
CHEMBL335852,CDK1,2800.0,nM,CC(C)n1cnc2c(NCc3ccccc3)nc(CCCCCO)nc21,5.552841968657781,True,<rdkit.Chem.rdchem.Mol object at 0x735c791c6a40>
CHEMBL119977,CDK1,2800.0,nM,Clc1cccc(Nc2[nH]cnc3nnc(-c4ccccc4)c2-3)c1,5.552841968657781,True,<rdkit.Chem.rdchem.Mol object at 0x735c791c6880>
CHEMBL3110144,CDK2,2800.0,nM,Cc1nn(-c2ccc(Cl)cc2Cl)c2c1c1c(c3cccn32)C(=O)NC1=O,5.552841968657781,True,<rdkit.Chem.rdchem.Mol object at 0x735c791c4ac0>
CHEMBL362558,CDK2,2800.0,nM,O=C1NC(=O)C(c2cnc3ccccn23)=C1c1cn2c3c(cc(F)cc13)CN(C(=O)N1CCCCC1)CC2,5.552841968657781,True,<rdkit.Chem.rdchem.Mol object at 0x735c791c6030>
CHEMBL5423683,CDK2,2800.0,nM,O=C(O)c1cc([N+](=O)[O-])c(Br)cc1NCCc1c[nH]c2ccccc12,5.552841968657781,True,<rdkit.Chem.rdchem.Mol object at 0x735c791c5fc0>
CHEMBL6045514,CDK9,2800.0,nM,CCN1CCC2(C1)C(C(=O)Nc1cc(-c3ccc4ncn(Cc5cccc(F)c5)c4c3)c(Cl)cn1)CCS2(=O)=O,5.552841968657781,True,<rdkit.Chem.rdchem.Mol object at 0x735c791c59a0>
CHEMBL3654250,CDK2,2800.0,nM,c1ncc(-c2cc3cnc(Nc4ccc(CN5CCNCC5)cn4)nc3n2C2CCCC2)o1,5.552841968657781,True,<rdkit.Chem.rdchem.Mol object at 0x735c791c5690>
CHEMBL4635959,CDK4,2830.0,nM,Cc1cc(NC2CCN(C(=O)O[C@H]3CCN(C(=O)/C=C/CN(C)C)C3)CC2)n2ncc(C(C)C)c2n1,5.548213564475709,True,<rdkit.Chem.rdchem.Mol object at 0x735c791c52a0>
CHEMBL3940741,CDK2,2840.0,nM,O=C1NCC2(CCCC2)n2c1cc1cnc(Nc3ccc(N4CCC(N5CCCCC5)CC4)cn3)nc12,5.546681659952963,True,<rdkit.Chem.rdchem.Mol object at 0x735c791c5070>
CHEMBL1241661,CDK1,2900.0,nM,Nc1nc(Nc2ccc(S(N)(=O)=O)cc2)nc(OCc2ccccc2)c1N=O,5.537602002101044,True,<rdkit.Chem.rdchem.Mol object at 0x735c791c4f90>
CHEMBL2035183,CDK2,2900.0,nM,C1=C/COCc2cc(ccc2OCCN2CCCC2)Nc2nccc(n2)-c2ccc(s2)COC/1,5.537602002101044,True,<rdkit.Chem.rdchem.Mol object at 0x735c791c4900>
CHEMBL303958,CDK1,2900.0,nM,Nc1nc(N)c(N=O)c(OCC2CCCCC2)n1,5.537602002101044,True,<rdkit.Chem.rdchem.Mol object at 0x735c791c4820>
CHEMBL598724,CDK2,2900.0,nM,COc1c(O)ccc2c1cc1c3c(cc4c(c32)OCO4)C(=O)N1,5.537602002101044,True,<rdkit.Chem.rdchem.Mol object at 0x735c791c44a0>
CHEMBL1234085,CDK1,2900.0,nM,CNS(=O)(=O)c1ccc(N/C=C2\C(=O)Nc3ccccc32)cc1,5.537602002101044,True,<rdkit.Chem.rdchem.Mol object at 0x735c791c43c0>
CHEMBL104467,CDK2,2900.0,nM,Nc1cc(OCC2CCCCC2)nc(Nc2ccc(S(N)(=O)=O)cc2)n1,5.537602002101044,True,<rdkit.Chem.rdchem.Mol object at 0x735c791b8a50>
CHEMBL3658023,CDK2,2900.0,nM,CN(C)C(=O)c1cc2cnc(Nc3ccc(N4CCC(CCO)CC4)cn3)nc2n1C1CCCC1,5.537602002101044,True,<rdkit.Chem.rdchem.Mol object at 0x735c791ba1f0>
CHEMBL391493,CDK2,2900.0,nM,N=C1NC(=O)/C(=C/c2ccc(-c3ccc(S(=O)(=O)N4CCNCC4)cc3)o2)S1,5.537602002101044,True,<rdkit.Chem.rdchem.Mol object at 0x735c791bb220>
CHEMBL489246,CDK2,2900.0,nM,COc1ccc2c(c1)/C(=C/NCc1ccc(OC)c(O)c1)C(=O)NC2=O,5.537602002101044,True,<rdkit.Chem.rdchem.Mol object at 0x735c791bbf40>
CHEMBL99842,CDK2,2900.0,nM,CC(=O)Nc1nccc(-c2c(C)nc3ccccn23)n1,5.537602002101044,True,<rdkit.Chem.rdchem.Mol object at 0x735c791b9ee0>
CHEMBL1243039,CDK1,2900.0,nM,C[C@H](N[C@@H](C)COc1ccccc1)[C@@H](O)c1ccc(O)cc1,5.537602002101044,True,<rdkit.Chem.rdchem.Mol object at 0x735c791baf80>
CHEMBL3972093,CDK2,2930.0,nM,CC1CN(c2ccc(Nc3ncc4cc5n(c4n3)C3(CCCC3)CNC5=O)nc2)CCN1CC1CC1,5.53313237964589,True,<rdkit.Chem.rdchem.Mol object at 0x735c791bbe60>
CHEMBL3896841,CDK2,2950.0,nM,CC(C)(O)CN1CCN(c2ccc(Nc3ncc4cc5n(c4n3)C3(CCCC3)CNC5=O)nc2)CC1,5.530177984021837,True,<rdkit.Chem.rdchem.Mol object at 0x735c791bbdf0>
CHEMBL1800448,CDK1,2990.0,nM,Nc1nccc(-c2cc(N3CCC(O)C3)ccc2O)n1,5.52432881167557,True,<rdkit.Chem.rdchem.Mol object at 0x735c791bbc30>
CHEMBL421583,CDK2,3000.0,nM,Cc1ccc(N(CC#N)c2cc(Nc3ccc(OCC(O)CN(C)C)cc3)ncn2)c(Br)c1,5.522878745280337,True,<rdkit.Chem.rdchem.Mol object at 0x735c791bbbc0>
CHEMBL269850,CDK1,3000.0,nM,NS(=O)(=O)c1ccc(N/C=C2\C(=O)Nc3ccccc32)cc1,5.522878745280337,True,<rdkit.Chem.rdchem.Mol object at 0x735c791bbae0>
CHEMBL255263,CDK4,3000.0,nM,O=C(Cc1ccc(F)cc1)Nc1n[nH]c2ccc(N3CCCS3(=O)=O)cc12,5.522878745280337,True,<rdkit.Chem.rdchem.Mol object at 0x735c791bba70>
CHEMBL99803,CDK1,3000.0,nM,O=C1Cc2c(n(CCO)c3ccc(Br)cc23)-c2ccccc2N1,5.522878745280337,True,<rdkit.Chem.rdchem.Mol object at 0x735c791bba00>
CHEMBL254367,CDK4,3000.0,nM,O=C(Cc1cccc2ccccc12)Nc1n[nH]c2ccc(N3CCCS3(=O)=O)cc12,5.522878745280337,True,<rdkit.Chem.rdchem.Mol object at 0x735c791bb920>
CHEMBL508964,CDK2,3000.0,nM,O=C(Nc1ccccc1)c1n[nH]c2ccccc12,5.522878745280337,True,<rdkit.Chem.rdchem.Mol object at 0x735c791bb7d0>
CHEMBL98501,CDK1,3000.0,nM,Cc1cccc2c3c([nH]c12)-c1ccccc1NC(=O)C3,5.522878745280337,True,<rdkit.Chem.rdchem.Mol object at 0x735c791bb760>
CHEMBL134233,CDK1,3000.0,nM,CCC(O)CCc1nc(NCc2ccccc2)c2ncn(C(C)C)c2n1,5.522878745280337,True,<rdkit.Chem.rdchem.Mol object at 0x735c791bb680>
CHEMBL121954,CDK1,3000.0,nM,Oc1cccc(Nc2[nH]nc3ncnc(Nc4cccc(Cl)c4)c23)c1,5.522878745280337,True,<rdkit.Chem.rdchem.Mol object at 0x735c791bb610>
CHEMBL134003,CDK1,3000.0,nM,CC(C)n1cnc2c(NCc3ccccc3)nc(CCCCO)nc21,5.522878745280337,True,<rdkit.Chem.rdchem.Mol object at 0x735c791bb5a0>
CHEMBL101156,CDK2,3000.0,nM,CN(C)CC(O)COc1ccc(Nc2nccc(N(CCC#N)c3cc(Cl)ccc3Cl)n2)cc1,5.522878745280337,True,<rdkit.Chem.rdchem.Mol object at 0x735c791bb450>
CHEMBL1288651,CDK2,3000.0,nM,COc1ccc(NC(=O)c2n[nH]c3ccccc23)cc1,5.522878745280337,True,<rdkit.Chem.rdchem.Mol object at 0x735c791bb3e0>
CHEMBL4450322,CDK9,3020.0,nM,C=CC(=O)Nc1ccc(C(=O)Nc2[nH]nc3c2CN(C(=O)N[C@H](CN(C)C)c2ccccc2)C3(C)C)cc1,5.51999305704285,True,<rdkit.Chem.rdchem.Mol object at 0x735c791bb1b0>
CHEMBL5089294,CDK9,3027.0,nM,COCCCn1c(C)nc2ccc(-c3cc(N)nc(N)c3)nc21,5.518987579043428,True,<rdkit.Chem.rdchem.Mol object at 0x735c791bb060>
CHEMBL3950849,CDK2,3030.0,nM,CN(C)C1CCN(c2ccc(Nc3ncc4cc5n(c4n3)C3(CCCC3)CNC5=O)nn2)CC1,5.518557371497695,True,<rdkit.Chem.rdchem.Mol object at 0x735c791baff0>
CHEMBL3917699,CDK2,3040.0,nM,C[C@H]1CN(c2ccc(Nc3ncc4cc5n(c4n3)C3(CCCCC3)CNC5=O)nc2)CCN1CC1CC1,5.517126416391246,True,<rdkit.Chem.rdchem.Mol object at 0x735c791bae30>
CHEMBL3668457,CDK1,3040.0,nM,COc1ccc(F)cc1-c1ccnc2[nH]c(C3=CCN(CC(O)CO)CC3)cc12,5.517126416391246,True,<rdkit.Chem.rdchem.Mol object at 0x735c791badc0>
CHEMBL3899618,CDK2,3060.0,nM,CCN(CC)C1CCN(c2ccc(Nc3ncc4cc5n(c4n3)C3(CCCCC3)CNC5=O)nc2)C1,5.514278573518419,True,<rdkit.Chem.rdchem.Mol object at 0x735c791ba420>
CHEMBL559881,CDK1,3090.0,nM,COC(=O)COc1ccc2sc3c(c2c1)NC[C@@H](C)NC3=O,5.510041520575165,True,<rdkit.Chem.rdchem.Mol object at 0x735c791bad50>
CHEMBL5896452,CDK9,3100.0,nM,CC[C@@H]1CN[C@@H]1C(=O)Nc1cc(-c2ccc3ncn(CC4CCOCC4)c3c2)c(Cl)cn1,5.508638306165727,True,<rdkit.Chem.rdchem.Mol object at 0x735c791bace0>
CHEMBL5173041,CDK2,3100.0,nM,COc1cc(C(=O)N2CCCC2)ccc1-c1ccnc2[nH]c(-c3ccc(CN4CCOCC4)cc3)nc12,5.508638306165727,True,<rdkit.Chem.rdchem.Mol object at 0x735c791bac70>
CHEMBL489039,CDK2,3100.0,nM,COc1ccc(CN/C=C2\C(=O)NC(=O)c3cccc(Br)c32)cc1O,5.508638306165727,True,<rdkit.Chem.rdchem.Mol object at 0x735c791bac00>
CHEMBL489445,CDK2,3100.0,nM,COc1ccc(CN/C=C2\C(=O)NC(=O)c3ccc(-n4cccc4)cc32)cc1O,5.508638306165727,True,<rdkit.Chem.rdchem.Mol object at 0x735c791bab90>
CHEMBL270897,CDK2,3100.0,nM,Nc1nccc(-c2c[nH]c3nccc(O)c23)n1,5.508638306165727,True,<rdkit.Chem.rdchem.Mol object at 0x735c791baab0>
CHEMBL3589674,CDK9,3100.0,nM,COc1cccc(-c2ccc3nc(C(=O)O)c4c5cccc(Cl)c5[nH]c4c3c2)c1,5.508638306165727,True,<rdkit.Chem.rdchem.Mol object at 0x735c791baa40>
CHEMBL23293,CDK2,3100.0,nM,CC(C)=CCC/C(C)=C/CC/C(C)=C/CSc1ccccc1C(=O)O,5.508638306165727,True,<rdkit.Chem.rdchem.Mol object at 0x735c791ba9d0>
CHEMBL123189,CDK1,3100.0,nM,COc1cccc(CNc2[nH]nc3ncnc(Nc4cccc(Cl)c4)c23)c1,5.508638306165727,True,<rdkit.Chem.rdchem.Mol object at 0x735c791ba960>
CHEMBL5191333,CDK1,3100.0,nM,COc1cc(F)ccc1-c1ccnc2[nH]c(C3CCC(NC(C)=O)C3)nc12,5.508638306165727,True,<rdkit.Chem.rdchem.Mol object at 0x735c791b8190>
CHEMBL550060,CDK1,3100.0,nM,CCNC[C@@H]1CNc2c(sc3ccc(OC)cc23)C(=O)N1,5.508638306165727,True,<rdkit.Chem.rdchem.Mol object at 0x735c791ba880>
CHEMBL73243,CDK4,3100.0,nM,COCCCNS(=O)(=O)c1ccc(Nc2nccc(-c3cnc4ccccn34)n2)cc1,5.508638306165727,True,<rdkit.Chem.rdchem.Mol object at 0x735c791ba810>
CHEMBL1086427,CDK2,3160.0,nM,CCCC(=O)Nc1n[nH]c2c(F)c(Cl)c(-c3ccccc3)cc12,5.500312917381596,True,<rdkit.Chem.rdchem.Mol object at 0x735c791ba7a0>
CHEMBL562002,CDK1,3170.0,nM,COc1ccc2sc3c(c2c1)NC[C@@H](CN(C)Cc1ccccc1)NC3=O,5.498940737782249,True,<rdkit.Chem.rdchem.Mol object at 0x735c791ba730>
CHEMBL4781334,CDK2,3170.0,nM,C=CC(=O)Nc1ccc(C(=O)N2CCCC(Nc3ncc(CNCc4ncc(C(C)(C)C)o4)s3)C2)cc1,5.498940737782249,True,<rdkit.Chem.rdchem.Mol object at 0x735c791ba6c0>
CHEMBL4632815,CDK2,3170.0,nM,C=CC(=O)Nc1ccc(C(=O)N2CCC[C@@H](Nc3ncc(CNCc4ncc(C(C)(C)C)o4)s3)C2)cc1,5.498940737782249,True,<rdkit.Chem.rdchem.Mol object at 0x735c791ba650>
CHEMBL5921682,CDK9,3200.0,nM,O=C(Nc1cc(-c2ccc3nc(C(F)(F)F)[nH]c3c2)c(Cl)cn1)[C@@H]1CCCNC1,5.494850021680094,True,<rdkit.Chem.rdchem.Mol object at 0x735c791ba5e0>
CHEMBL524901,CDK4,3200.0,nM,c1cnn2ncc(-c3ccnc(NCCCN4CCOCC4)n3)c2c1,5.494850021680094,True,<rdkit.Chem.rdchem.Mol object at 0x735c791ba500>
CHEMBL2035051,CDK2,3200.0,nM,C1=C/COCc2cc(ccc2OCCN2CCCC2)Nc2nccc(n2)-c2cncc(c2)COC/1,5.494850021680094,True,<rdkit.Chem.rdchem.Mol object at 0x735c791ba490>
CHEMBL2158011,CDK1,3200.0,nM,CCN(CC)S(=O)(=O)c1cccc(Nc2nccc(-c3ccnc(-c4ccc(NC(=O)NC)cc4)c3)n2)c1,5.494850021680094,True,<rdkit.Chem.rdchem.Mol object at 0x735c791ba3b0>
CHEMBL521949,CDK2,3200.0,nM,O=C(Nc1ccccc1Cl)c1ccc(Nc2nc(Nc3ccc(O)cc3)ncc2F)cc1,5.494850021680094,True,<rdkit.Chem.rdchem.Mol object at 0x735c791ba340>
CHEMBL455450,CDK9,3200.0,nM,C[C@H]1CNC[C@@H](C(=O)Nc2ncc(SCc3ncc(C(C)(C)C)o3)s2)C1,5.494850021680094,True,<rdkit.Chem.rdchem.Mol object at 0x735c791ba2d0>
CHEMBL4755256,CDK4,3250.0,nM,COc1cc(F)ccc1-c1cc(NC(=O)[C@H]2CCC[C@@H](NC(C)=O)C2)ncc1Cl,5.488116639021126,True,<rdkit.Chem.rdchem.Mol object at 0x735c791ba110>
CHEMBL21156,CDK2,3300.0,nM,CC(C)(C)c1nc2c3ccc(F)cc3c3c(=O)[nH]ccc3c2[nH]1,5.481486060122112,True,<rdkit.Chem.rdchem.Mol object at 0x735c791ba0a0>
CHEMBL363058,CDK4,3300.0,nM,CC(C)OC(=O)N1CCn2cc(C3=C(c4cnc5ccccn45)C(=O)NC3=O)c3cccc(c32)C1,5.481486060122112,True,<rdkit.Chem.rdchem.Mol object at 0x735c791b9f50>
CHEMBL279574,CDK1,3300.0,nM,COc1ccc(Nc2ncc(C#N)c(-c3ccccc3)n2)cc1,5.481486060122112,True,<rdkit.Chem.rdchem.Mol object at 0x735c791b9d20>
CHEMBL233669,CDK1,3300.0,nM,Cc1cc2cc(Nc3ncc(C#N)c(-c4ccccc4)n3)ccc2[nH]1,5.481486060122112,True,<rdkit.Chem.rdchem.Mol object at 0x735c791b9a10>
CHEMBL316940,CDK1,3300.0,nM,O=C1Cc2c([nH]c3ccccc23)-c2cc(Br)ccc2N1,5.481486060122112,True,<rdkit.Chem.rdchem.Mol object at 0x735c791b9cb0>
CHEMBL398606,CDK1,3300.0,nM,CC(C)NCc1ccc(Nc2cc(-c3ccc(-c4ccc(O)cc4O)cc3)[nH]n2)cc1,5.481486060122112,True,<rdkit.Chem.rdchem.Mol object at 0x735c791b9c40>
CHEMBL4114182,CDK2,3390.0,nM,C[C@@H]1CN(c2ccc(Nc3ncc4cc5n(c4n3)C3(CCCCC3)CNC5=O)nc2)C[C@H](C)N1C[C@@H](C)O,5.4698003017969175,True,<rdkit.Chem.rdchem.Mol object at 0x735c791b9af0>
CHEMBL203571,CDK1,3400.0,nM,CCN(CC)c1cc(Nc2ccc(S(N)(=O)=O)cc2)n2ncnc2n1,5.468521082957745,True,<rdkit.Chem.rdchem.Mol object at 0x735c791b9a80>
CHEMBL363058,CDK2,3400.0,nM,CC(C)OC(=O)N1CCn2cc(C3=C(c4cnc5ccccn45)C(=O)NC3=O)c3cccc(c32)C1,5.468521082957745,True,<rdkit.Chem.rdchem.Mol object at 0x735c791b99a0>
CHEMBL258765,CDK6,3400.0,nM,O=C1c2ccccc2-[n+]2ccc3c([nH]c4ccccc43)c21.[Cl-],5.468521082957745,True,<rdkit.Chem.rdchem.Mol object at 0x735c791b9930>
CHEMBL210246,CDK1,3400.0,nM,N[C@H](COc1cncc(-c2ccc3cnc(F)cc3c2)c1)Cc1c[nH]c2ccccc12,5.468521082957745,True,<rdkit.Chem.rdchem.Mol object at 0x735c791b9850>
CHEMBL3797873,CDK2,3400.0,nM,C[C@H]1CN(c2cccc3nc(-c4nc(-c5cccc(C(=O)N(C)C)c5)cnc4N)n(C)c23)CCN1,5.468521082957745,True,<rdkit.Chem.rdchem.Mol object at 0x735c791b9770>
CHEMBL5414905,CDK1,3410.0,nM,CCc1cnn2c(NCc3nc4ccc(F)c(F)c4[nH]3)cc(N3CCCC[C@H]3CCO)nc12,5.467245621007502,True,<rdkit.Chem.rdchem.Mol object at 0x735c791b9700>
CHEMBL5584169,CDK9,3419.5,nM,CC(C)S(=O)(=O)c1ccccc1Nc1nc(N[C@H]2CC[C@H](N)CC2)ncc1-c1ccccc1,5.466037391930952,True,<rdkit.Chem.rdchem.Mol object at 0x735c791b9690>
CHEMBL5564808,CDK1,3426.0,nM,Cc1ccc(O)c(C)c1-n1c(N)c(C(=O)N2CCn3c(cnc3C(C)(C)O)C2)c2nc(C)c(C)nc21,5.465212641370508,True,<rdkit.Chem.rdchem.Mol object at 0x735c791b9620>
CHEMBL5592329,CDK9,3454.5,nM,COc1cnc(N[C@H]2CC[C@H](N)CC2)nc1Nc1ccccc1S(=O)(=O)C(C)C,5.461614802980088,True,<rdkit.Chem.rdchem.Mol object at 0x735c791b95b0>
CHEMBL3973056,CDK2,3480.0,nM,CN1CCN(c2ccc(Nc3ncc4cc5n(c4n3)C3(CCCCC3)CNC5=O)nc2)CC1(C)C,5.458420756053419,True,<rdkit.Chem.rdchem.Mol object at 0x735c791b9540>
CHEMBL85015,CDK1,3500.0,nM,CC(C)n1cnc2c(NCc3ccccc3)ncnc21,5.455931955649724,True,<rdkit.Chem.rdchem.Mol object at 0x735c791b94d0>
CHEMBL3654243,CDK2,3500.0,nM,c1ncc(-c2cc3cnc(Nc4ccc(N5CCNCC5)cn4)nc3n2C2CCCC2)o1,5.455931955649724,True,<rdkit.Chem.rdchem.Mol object at 0x735c791b9460>
CHEMBL233874,CDK1,3500.0,nM,Cc1ccc(Nc2ncc(C#N)c(-c3ccccc3)n2)cc1,5.455931955649724,True,<rdkit.Chem.rdchem.Mol object at 0x735c791b93f0>
CHEMBL495557,CDK9,3500.0,nM,CC(C)(C)c1cnc(CSc2cnc(N[C@H]3CC[C@H](O)CC3)s2)o1,5.455931955649724,True,<rdkit.Chem.rdchem.Mol object at 0x735c791b9380>
CHEMBL4111196,CDK2,3500.0,nM,C[C@@H]1CN(c2ccc(Nc3ncc4cc5n(c4n3)C3(CCCCC3)CNC5=O)nc2)CCN1,5.455931955649724,True,<rdkit.Chem.rdchem.Mol object at 0x735c791b92a0>
CHEMBL3906916,CDK2,3560.0,nM,C[C@@H]1CN(c2ccc(Nc3ncc4cc5n(c4n3)C3(CCCCC3)CNC5=O)nc2)C[C@H](C)N1,5.448550002027124,True,<rdkit.Chem.rdchem.Mol object at 0x735c791b9230>
CHEMBL3904602,CDK2,3580.0,nM,CC(C)N1CCN(c2ccc(Nc3ncc4cc5n(c4n3)C3(CCCCC3)CNC5=O)nc2)CC1,5.446116973356125,True,<rdkit.Chem.rdchem.Mol object at 0x735c791b91c0>
CHEMBL2163993,CDK2,3600.0,nM,CCc1c(N[C@H]2CC[C@H](N)CC2)nc2ccnn2c1Nc1ccc(F)c(Cl)c1,5.443697499232712,True,<rdkit.Chem.rdchem.Mol object at 0x735c791b9150>
CHEMBL3651155,CDK1,3600.0,nM,C[Si](C)(C)C1=C2c3nc4ccccc4cc3C(Cl)CC2CC1=O,5.443697499232712,True,<rdkit.Chem.rdchem.Mol object at 0x735c791b90e0>
CHEMBL3931143,CDK2,3600.0,nM,CC(C)N1CCN(c2ccc(Nc3ncc4cc5n(c4n3)C3(CCCCC3)CNC5=O)nc2)CC1C,5.443697499232712,True,<rdkit.Chem.rdchem.Mol object at 0x735c791b8f90>
CHEMBL1243071,CDK1,3600.0,nM,COc1cc(OC)nc(NC(=O)NS(=O)(=O)c2cc(NC=O)ccc2C(=O)N(C)C)n1,5.443697499232712,True,<rdkit.Chem.rdchem.Mol object at 0x735c791b8f20>
CHEMBL72461,CDK4,3600.0,nM,Cc1nc2ccccn2c1-c1ccnc(Nc2ccccc2)n1,5.443697499232712,True,<rdkit.Chem.rdchem.Mol object at 0x735c791b8e40>
CHEMBL489083,CDK2,3600.0,nM,N=C(N)SCCCn1c(=O)c2c(c1=O)n1c3ccccc3cc1c1cccc3ccn2c31,5.443697499232712,True,<rdkit.Chem.rdchem.Mol object at 0x735c791b8dd0>
CHEMBL452447,CDK2,3600.0,nM,O=C1NC(=O)c2ccc(I)cc2/C1=C/NCc1ccc(-c2cccnc2)c(O)c1,5.443697499232712,True,<rdkit.Chem.rdchem.Mol object at 0x735c791b8d60>
CHEMBL5757213,CDK1,3614.0,nM,Cc1nc2c(F)cc(-c3nc(Nc4ccc5c(n4)CCN(CCCN(C)C)C5)ncc3F)cc2n1C1CC1,5.442011851775087,True,<rdkit.Chem.rdchem.Mol object at 0x735c791b8cf0>
CHEMBL5569464,CDK1,3615.0,nM,Cc1ccc(O)c(C)c1-n1c(N)c(C(=O)N2CCn3cnnc3C2)c2nc(C)c(C)nc21,5.44189169836945,True,<rdkit.Chem.rdchem.Mol object at 0x735c791b8c80>
CHEMBL5574963,CDK1,3628.0,nM,Cc1ccc(O)c(C)c1-n1c(N)c(C(=O)N2CCc3nccnc3C2)c2nc(C)c(C)nc21,5.440332721611942,True,<rdkit.Chem.rdchem.Mol object at 0x735c791b8c10>
CHEMBL3655763,CDK9,3630.0,nM,CC[C@H](Nc1nc(NCc2ccc(C)nc2)c2ncn(C(C)C)c2n1)[C@@H](C)O,5.440093374963888,True,<rdkit.Chem.rdchem.Mol object at 0x735c791b8ba0>
CHEMBL2348168,CDK2,3700.0,nM,Nc1nccc(-n2ccc3cnccc32)n1,5.431798275933005,True,<rdkit.Chem.rdchem.Mol object at 0x735c791b8ac0>
CHEMBL5280632,CDK2,3700.0,nM,O=C(CCCn1cc(CNC2CC2)c(-c2ccccc2)n1)NO,5.431798275933005,True,<rdkit.Chem.rdchem.Mol object at 0x735c791b89e0>
CHEMBL371415,CDK1,3700.0,nM,CC(O)CNc1[nH]cnc2nc(-c3ccccc3)c(-c3ccccc3)c1-2,5.431798275933005,True,<rdkit.Chem.rdchem.Mol object at 0x735c791b8970>
CHEMBL2334964,CDK2,3700.0,nM,Nc1nccc(-n2ccc3ccc(Cl)cc32)n1,5.431798275933005,True,<rdkit.Chem.rdchem.Mol object at 0x735c791b8900>
CHEMBL255255,CDK4,3700.0,nM,O=C(Cc1ccccc1)Nc1n[nH]c2ccc(N3CCCS3(=O)=O)cc12,5.431798275933005,True,<rdkit.Chem.rdchem.Mol object at 0x735c791b8890>
CHEMBL3938919,CDK2,3710.0,nM,C[C@H](O)CN1[C@H](C)CN(c2ccc(Nc3ncc4cc5n(c4n3)C3(CCCCC3)CNC5=O)nc2)C[C@@H]1C,5.430626090384954,True,<rdkit.Chem.rdchem.Mol object at 0x735c791b87b0>
CHEMBL5555405,CDK9,3736.5,nM,CC(C)c1cnn2c(NCc3cccc(N)c3)nc(OC3CCN(C)CC3)nc12,5.427535013407812,True,<rdkit.Chem.rdchem.Mol object at 0x735c791b8740>
CHEMBL214253,CDK4,3750.0,nM,O=C1NC(=O)c2c1c(-c1ccccc1)cc1[nH]c3ccc(O)cc3c21,5.425968732272281,True,<rdkit.Chem.rdchem.Mol object at 0x735c791b85f0>
CHEMBL1800447,CDK2,3760.0,nM,Nc1nccc(-c2cc(N3CCC(O)CC3)ccc2O)n1,5.424812155072339,True,<rdkit.Chem.rdchem.Mol object at 0x735c791b8580>
CHEMBL3973664,CDK2,3770.0,nM,CC(C)N1CCN(c2ccc(Nc3ncc4cc5n(c4n3)C3(CCCC3)CNC5=O)nc2)CC1,5.423658649794207,True,<rdkit.Chem.rdchem.Mol object at 0x735c791b8510>
CHEMBL1234088,CDK1,3800.0,nM,O=C1Nc2ccccc2/C1=C/Nc1ccc(S(=O)(=O)Nc2nccs2)cc1,5.42021640338319,True,<rdkit.Chem.rdchem.Mol object at 0x735c791b84a0>
CHEMBL4228654,CDK2,3800.0,nM,CC(C)Nc1ccc2cnn(-c3cncc(-c4ccc(C(=O)O)cc4)n3)c2c1,5.42021640338319,True,<rdkit.Chem.rdchem.Mol object at 0x735c791b83c0>
CHEMBL317150,CDK1,3800.0,nM,CCc1cccc2c3c([nH]c12)-c1ccccc1NC(=O)C3,5.42021640338319,True,<rdkit.Chem.rdchem.Mol object at 0x735c791b8350>
CHEMBL3691580,CDK1,3812.0,nM,CN(C)C(=O)c1cc2cnc(Nc3ccc(C(=O)N4CC5CCC(C4)N5)cn3)nc2n1[C@H]1CC[C@H](C(C)(C)C)CC1,5.418847108033711,True,<rdkit.Chem.rdchem.Mol object at 0x735c791b82e0>
CHEMBL5527848,CDK4,3824.0,nM,CC(C)c1cnn2c(NCc3ccc(NC(=O)C4(F)CC4)cc3)nc(NC3CCOCC3)nc12,5.417482116395938,True,<rdkit.Chem.rdchem.Mol object at 0x735c791b8270>
CHEMBL5593669,CDK9,3860.5,nM,CNC(=O)c1ccccc1Nc1nc(N[C@H]2CC[C@H](N)CC2)ncc1Cl,5.413356443209533,True,<rdkit.Chem.rdchem.Mol object at 0x735c791b8200>
CHEMBL491647,CDK2,3880.0,nM,COCc1cccc2c(C3=C(c4coc5ccccc45)C(=O)NC3=O)cn(C)c12,5.411168274405792,True,<rdkit.Chem.rdchem.Mol object at 0x735c791b8120>
CHEMBL3701063,CDK2,3900.0,nM,Cc1nccc(-c2ccc(C(=O)N(C)C)c(Cl)c2)c1C#Cc1ccc(N)nc1,5.4089353929735005,True,<rdkit.Chem.rdchem.Mol object at 0x735c791b80b0>
CHEMBL5427324,CDK2,3900.0,nM,Cn1cc(CCNc2ccc([N+](=O)[O-])cc2C(=O)O)c2c(Cl)cccc21,5.4089353929735005,True,<rdkit.Chem.rdchem.Mol object at 0x735c791b8040>
CHEMBL4454044,CDK2,3900.0,nM,CC(C)c1cnn2c(NCc3ccccc3N(C)C)nc(OC3CCN(C)CC3)nc12,5.4089353929735005,True,<rdkit.Chem.rdchem.Mol object at 0x735c791bb300>
CHEMBL563028,CDK2,3900.0,nM,Cn1nc(C(=O)NC2CCCC2)c2c1-c1nc(Nc3ccccc3)ncc1CC2,5.4089353929735005,True,<rdkit.Chem.rdchem.Mol object at 0x735c791bb290>
CHEMBL2035053,CDK2,3900.0,nM,Cc1cnc2nc1-c1ccnc(c1)OCC/C=C/COCc1cc(ccc1OCCN1CCCC1)N2,5.4089353929735005,True,<rdkit.Chem.rdchem.Mol object at 0x735c791b98c0>
CHEMBL6174709,CDK2,3906.0,nM,O=C(Nc1cc(-c2ccc3nc4c([nH]c5ccccc54)c(N4CCOCC4)c3c2)ccn1)C1CC1,5.408267761048164,True,<rdkit.Chem.rdchem.Mol object at 0x735c791b8430>
CHEMBL5594621,CDK9,3922.0,nM,Cc1cnc(N[C@H]2CC[C@H](N)CC2)nc1Nc1ccccc1S(=O)(=O)C(C)C,5.406492410668235,True,<rdkit.Chem.rdchem.Mol object at 0x735c791b9fc0>
CHEMBL5558916,CDK2,3925.5,nM,CC(=O)Nc1ccc(CNc2cc(NC3CCOCC3)nc3c(C(C)C)cnn23)cc1,5.406105018304437,True,<rdkit.Chem.rdchem.Mol object at 0x735c791b9d90>
CHEMBL326843,CDK2,3930.0,nM,CCSc1cc(=O)c2c(O)cc(O)c(C3CCN(C)CC3O)c2o1,5.405607449624574,True,<rdkit.Chem.rdchem.Mol object at 0x735c791b9e70>
CHEMBL3949088,CDK2,3960.0,nM,CCN(CC)C1CCN(c2ccc(Nc3ncc4cc5n(c4n3)C3(CCCC3)CNC5=O)nc2)C1,5.402304814074488,True,<rdkit.Chem.rdchem.Mol object at 0x735c791b86d0>
CHEMBL2011937,CDK2,3970.0,nM,COc1ccc(-c2nc3c(NCCCNC(=O)c4ccccc4)c(Br)cnc3[nH]2)cc1,5.401209493236885,True,<rdkit.Chem.rdchem.Mol object at 0x735c791b9e00>
CHEMBL3925377,CDK2,3970.0,nM,CC1CN(c2ccc(Nc3ncc4cc5n(c4n3)C3(CCCCC3)CNC5=O)nc2)CCN1CC(C)(C)O,5.401209493236885,True,<rdkit.Chem.rdchem.Mol object at 0x735c791bbed0>
CHEMBL48614,CDK2,3970.0,nM,CN1CCC(c2c(O)cc(O)c3c2O/C(=C\c2ccccc2Cl)C3=O)CC1,5.401209493236885,True,<rdkit.Chem.rdchem.Mol object at 0x735c791bbd80>
CHEMBL1800219,CDK2,3980.0,nM,Nc1nccc(-c2cc(N3CCS(=O)(=O)CC3)ccc2O)n1,5.400116927926312,True,<rdkit.Chem.rdchem.Mol object at 0x735c791bbd10>
CHEMBL3896827,CDK2,3980.0,nM,CC1CN(c2ccc(Nc3ncc4cc5n(c4n3)C3(CCCCC3)CNC5=O)nc2)CC(C)N1CC1CC1,5.400116927926312,True,<rdkit.Chem.rdchem.Mol object at 0x735c791bbb50>
CHEMBL5204939,CDK9,4000.0,nM,CN(C)C(=O)CN1CCC(c2cc3c(-c4ccc(=O)n(CC5CCOCC5)c4)ccnc3[nH]2)CC1,5.3979400086720375,True,<rdkit.Chem.rdchem.Mol object at 0x735c791bb8b0>
CHEMBL100979,CDK2,4000.0,nM,Cc1nc2ccccn2c1-c1ccnc(N)n1,5.3979400086720375,True,<rdkit.Chem.rdchem.Mol object at 0x735c791bb6f0>
CHEMBL3797828,CDK2,4000.0,nM,CN(C)C(=O)c1cccc(-c2cnc(N)c(-c3nc4cccc(N5CCNCC5)c4[nH]3)c2)c1,5.3979400086720375,True,<rdkit.Chem.rdchem.Mol object at 0x735c791bb4c0>
CHEMBL3185148,CDK1,4000.0,nM,Nc1nc(NCCNc2ncc(-n3ccnc3)c(-c3ccc(Cl)cc3Cl)n2)ccc1[N+](=O)[O-],5.3979400086720375,True,<rdkit.Chem.rdchem.Mol object at 0x735c791bb140>
CHEMBL99689,CDK2,4000.0,nM,CN(C)CC(O)COc1ccc(Nc2nccc(Nc3ccccc3C#N)n2)cc1,5.3979400086720375,True,<rdkit.Chem.rdchem.Mol object at 0x735c791bb0d0>
CHEMBL100811,CDK4,4000.0,nM,CN(C)CC(O)COc1ccc(Nc2cc(Nc3ccccc3Br)ncn2)cc1,5.3979400086720375,True,<rdkit.Chem.rdchem.Mol object at 0x735c791baf10>
CHEMBL403605,CDK4,4000.0,nM,Cc1cccc(CC(=O)Nc2n[nH]c3ccc(N4CCCS4(=O)=O)cc23)c1,5.3979400086720375,True,<rdkit.Chem.rdchem.Mol object at 0x735c791ba8f0>
CHEMBL3085244,CDK1,4000.0,nM,CC(C)n1cnc2c(NCc3ccccc3C(F)(F)F)nc(N3CCC[C@@H]3CO)nc21,5.3979400086720375,True,<rdkit.Chem.rdchem.Mol object at 0x735c791ba570>
CHEMBL328623,CDK4,4000.0,nM,Cc1ccc(F)c(Nc2cc(Nc3ccc(OCC(O)CN(C)C)cc3)ncn2)c1,5.3979400086720375,True,<rdkit.Chem.rdchem.Mol object at 0x735c791ba180>
CHEMBL5435410,CDK2,4000.0,nM,O=C(O)c1cc(Br)ccc1NCCc1c[nH]c2ccccc12,5.3979400086720375,True,<rdkit.Chem.rdchem.Mol object at 0x735c791b9bd0>
CHEMBL1288582,CDK2,4000.0,nM,COc1ccc2cc(-c3n[nH]c4cccnc34)[nH]c2c1,5.3979400086720375,True,<rdkit.Chem.rdchem.Mol object at 0x735c791b9310>
CHEMBL231800,CDK1,4100.0,nM,CC(C)(N)c1ccc(-c2nc(Nc3ccc(CCN4CCOCC4)cc3)ncc2C#N)cc1,5.3872161432802645,True,<rdkit.Chem.rdchem.Mol object at 0x735c791b9000>
CHEMBL1933344,CDK2,4100.0,nM,CN1C/C=C/CCOc2cccc(c2)-c2nc(nc3[nH]cnc23)Nc2cccc(c2)C1,5.3872161432802645,True,<rdkit.Chem.rdchem.Mol object at 0x735c791b8eb0>
CHEMBL510566,CDK9,4100.0,nM,C[C@@H]1CNC[C@@H](C(=O)Nc2ncc(SCc3ncc(C(C)(C)C)o3)s2)C1,5.3872161432802645,True,<rdkit.Chem.rdchem.Mol object at 0x735c791b8660>
CHEMBL3691553,CDK1,4137.0,nM,CN(C)C(=O)c1cc2cnc(Nc3ccc(C(=O)N4C[C@@H]5CN[C@@H](C5)C4)cn3)nc2n1C1CCCC1,5.383314479104488,True,<rdkit.Chem.rdchem.Mol object at 0x735c791c0cf0>
CHEMBL3691624,CDK1,4140.0,nM,CN(C)C(=O)c1cc2cnc(Nc3ccc(N4CC5CNCC5CC4=O)cn3)nc2n1C1CCCCCC1,5.3829996588791005,True,<rdkit.Chem.rdchem.Mol object at 0x735c791c2180>
CHEMBL233668,CDK1,4200.0,nM,COc1cccc(Nc2ncc(C#N)c(-c3ccccc3)n2)c1,5.376750709602099,True,<rdkit.Chem.rdchem.Mol object at 0x735c791c2b20>
CHEMBL130161,CDK1,4200.0,nM,COc1cc(CNc2nc(I)nc3c2ncn3C(C)C)cc(OC)c1,5.376750709602099,True,<rdkit.Chem.rdchem.Mol object at 0x735c791c0270>
CHEMBL5584021,CDK9,4200.5,nM,CC(C)S(=O)(=O)c1ccccc1Nc1nc(N[C@H]2CC[C@H](N)CC2)ncc1C1CC1,5.376699010955303,True,<rdkit.Chem.rdchem.Mol object at 0x735c791c3bc0>
CHEMBL246543,CDK2,4219.0,nM,CCNC(=O)N1CCC(Nc2nccc(-c3cnc4ccccn34)n2)CC1,5.374790474618119,True,<rdkit.Chem.rdchem.Mol object at 0x735c791c2e30>
CHEMBL431634,CDK1,4300.0,nM,COc1cc2c(cc1OC)-c1[nH]c3ccccc3c1CC(=O)N2,5.366531544420413,True,<rdkit.Chem.rdchem.Mol object at 0x735c791c33e0>
CHEMBL2111871,CDK1,4300.0,nM,CC(C)n1cnc2c(NCc3ccccc3)nc(N[C@H](CO)c3ccccc3)nc21,5.366531544420413,True,<rdkit.Chem.rdchem.Mol object at 0x735c791c1af0>
CHEMBL382607,CDK1,4300.0,nM,N[C@H]1CC[C@H](Nc2cc(Nc3ccc(S(=O)(=O)c4ccccc4)cc3)n3ncnc3n2)CC1,5.366531544420413,True,<rdkit.Chem.rdchem.Mol object at 0x735c791c25e0>
CHEMBL514316,CDK2,4300.0,nM,N=C(N)SCCCN1C(=O)C2=C(C1=O)n1ccc3cccc(c31)C1Cc3ccccc3N21,5.366531544420413,True,<rdkit.Chem.rdchem.Mol object at 0x735c791c1700>
CHEMBL120979,CDK1,4300.0,nM,COc1cccc(Nc2[nH]nc3ncnc(Nc4cccc(Cl)c4)c23)c1,5.366531544420413,True,<rdkit.Chem.rdchem.Mol object at 0x735c791c20a0>
CHEMBL131083,CDK1,4300.0,nM,CC(C)n1cnc2c(NCc3ccc(C(F)(F)F)cc3)nc(I)nc21,5.366531544420413,True,<rdkit.Chem.rdchem.Mol object at 0x735c791c0f90>
CHEMBL393659,CDK2,4358.0,nM,CN(C)C(=O)N1CCC(Nc2ncc(Cl)c(-c3c[nH]c4ccccc34)n2)CC1,5.360712774089763,True,<rdkit.Chem.rdchem.Mol object at 0x735c791c0d60>
CHEMBL3986691,CDK2,4380.0,nM,CCC(C)[C@@H]1CNC(=O)c2cc3cnc(Nc4ccc(N5CCN(C)CC5)cn4)nc3n21,5.3585258894959,True,<rdkit.Chem.rdchem.Mol object at 0x735c791c1620>
CHEMBL1922212,CDK1,4400.0,nM,CC[C@H](Nc1nc(NCc2cccnc2)c2ncn(C(C)C)c2n1)C(C)(C)O,5.356547323513812,True,<rdkit.Chem.rdchem.Mol object at 0x735c791c3ae0>
CHEMBL5081341,CDK9,4400.0,nM,COc1nc(C)nc2[nH]cc(-c3ccnc(N)c3)c12,5.356547323513812,True,<rdkit.Chem.rdchem.Mol object at 0x735c791c3f40>
CHEMBL51709,CDK4,4410.0,nM,CN1CCC(c2c(O)cc(O)c3c2O/C(=C\c2ccccc2)C3=O)CC1,5.355561410532161,True,<rdkit.Chem.rdchem.Mol object at 0x735c791c3e60>
CHEMBL5512494,CDK2,4427.5,nM,CC(=O)Nc1cccc(CNc2nc(OC3CCN(C)CC3)nc3c(C(C)C)cnn23)c1,5.353841430137887,True,<rdkit.Chem.rdchem.Mol object at 0x735c791c3d80>
CHEMBL340935,CDK1,4428.0,nM,O=C1NC(=O)C2=C1c1cn(c3ccccc13)CCOCCOCCOCCn1cc2c2cccnc21,5.353792387793314,True,<rdkit.Chem.rdchem.Mol object at 0x735c791c3ca0>
CHEMBL245925,CDK2,4443.0,nM,CCNC(=O)N1CCC(Nc2ncc(Cl)c(-n3ccc4ccccc43)n2)CC1,5.35232368675913,True,<rdkit.Chem.rdchem.Mol object at 0x735c791c3c30>
CHEMBL3421968,CDK2,4473.0,nM,COc1cc(N2CCN(C)CC2)ccc1Nc1nccc(-c2cn(C)c3cnccc23)n1,5.349401101827343,True,<rdkit.Chem.rdchem.Mol object at 0x735c791c3b50>
CHEMBL5556362,CDK9,4475.5,nM,CC(=O)Nc1ccc(CNc2nc(OC3CCN(C)CC3)nc3c(C(C)C)cnn23)c(N(C)C)c1,5.349158438535617,True,<rdkit.Chem.rdchem.Mol object at 0x735c791c3a70>
CHEMBL332906,CDK1,4500.0,nM,Nc1ccc(-c2[nH]nc3ncnc(Nc4cccc(Cl)c4)c23)cc1,5.346787486224656,True,<rdkit.Chem.rdchem.Mol object at 0x735c791c3a00>
CHEMBL335069,CDK1,4500.0,nM,CC(C)n1cnc2c(NCc3ccccc3)nc(CCC(C)(O)c3ccccc3)nc21,5.346787486224656,True,<rdkit.Chem.rdchem.Mol object at 0x735c791c3990>
CHEMBL3948158,CDK2,4500.0,nM,CC(C)N1CCN(c2ccc(Nc3ncc4cc5n(c4n3)C3(CCCC3)CNC5=O)nn2)CC1,5.346787486224656,True,<rdkit.Chem.rdchem.Mol object at 0x735c791c3920>
CHEMBL5198594,CDK9,4500.0,nM,CN(C)C(=O)CN1CCC(c2cc3c(-c4ccc(=O)n(CCC5CCOCC5)c4)ccnc3[nH]2)CC1,5.346787486224656,True,<rdkit.Chem.rdchem.Mol object at 0x735c791c38b0>
CHEMBL85015,CDK2,4500.0,nM,CC(C)n1cnc2c(NCc3ccccc3)ncnc21,5.346787486224656,True,<rdkit.Chem.rdchem.Mol object at 0x735c791c37d0>
CHEMBL5275225,CDK2,4500.0,nM,O=C1CC(=O)N(c2ccc(F)cc2)C(=S)N1C(=O)c1ccccc1,5.346787486224656,True,<rdkit.Chem.rdchem.Mol object at 0x735c791c3760>
CHEMBL5555405,CDK2,4518.0,nM,CC(C)c1cnn2c(NCc3cccc(N)c3)nc(OC3CCN(C)CC3)nc12,5.345053773415655,True,<rdkit.Chem.rdchem.Mol object at 0x735c791c36f0>
CHEMBL5542882,CDK1,4520.0,nM,COc1ccc(CNC(=O)Cn2cc(COc3ccc4c(C)cc(=O)oc4c3C)nn2)cc1,5.3448615651886175,True,<rdkit.Chem.rdchem.Mol object at 0x735c791c3680>
CHEMBL4109276,CDK2,4530.0,nM,CC(C)N1CCN(c2ccc(Nc3ncc4cc5n(c4n3)C3(CCCCC3)CNC5=O)nc2)C[C@H]1C,5.343901797987169,True,<rdkit.Chem.rdchem.Mol object at 0x735c791c3610>
CHEMBL2042135,CDK2,4570.0,nM,C[C@H](/C=C\C(F)(F)F)Oc1cc(-c2cc(-c3cc(CN(C)C)cs3)cnc2N)ccc1C(N)=O,5.34008379993015,True,<rdkit.Chem.rdchem.Mol object at 0x735c791c35a0>
CHEMBL5073581,CDK9,4575.0,nM,Cc1nc2ccc(-c3cc(N)nc(N)c3)nc2n1Cc1ccc(F)cc1,5.339608901597533,True,<rdkit.Chem.rdchem.Mol object at 0x735c791c3530>
CHEMBL5201044,CDK2,4600.0,nM,O=C(c1ccc(-c2ccnc3[nH]c(-c4ccc(CN5CCOCC5)cc4)nc23)cc1)N1CCCC1,5.337242168318426,True,<rdkit.Chem.rdchem.Mol object at 0x735c791c34c0>
CHEMBL5430461,CDK2,4600.0,nM,O=C(O)c1cc([N+](=O)[O-])ccc1NCCc1c[nH]c2ccccc12,5.337242168318426,True,<rdkit.Chem.rdchem.Mol object at 0x735c791c3370>
CHEMBL280074,CDK1,4600.0,nM,Cn1cnc2c(NCc3ccccc3)nc(NCCO)nc21,5.337242168318426,True,<rdkit.Chem.rdchem.Mol object at 0x735c791c2490>
CHEMBL516640,CDK1,4600.0,nM,COc1ccc(-n2cnc3ccc(-c4nnc(SCc5cccc(C#N)c5)o4)cc32)cc1,5.337242168318426,True,<rdkit.Chem.rdchem.Mol object at 0x735c791c3300>
CHEMBL5428330,CDK2,4600.0,nM,COc1cc(NCCc2c[nH]c3ccccc23)c(C(=O)O)cc1[N+](=O)[O-],5.337242168318426,True,<rdkit.Chem.rdchem.Mol object at 0x735c791c3220>
CHEMBL5594774,CDK9,4610.5,nM,CP(C)(=O)c1ccccc1Nc1nc(N[C@H]2CC[C@H](N)CC2)ncc1Cl,5.336251973641605,True,<rdkit.Chem.rdchem.Mol object at 0x735c791c31b0>
CHEMBL3975426,CDK2,4620.0,nM,CCN1[C@H](C)CN(c2ccc(Nc3ncc4cc5n(c4n3)C3(CCCCC3)CNC5=O)nc2)C[C@@H]1C,5.335358024443874,True,<rdkit.Chem.rdchem.Mol object at 0x735c791c3140>
CHEMBL1081118,CDK2,4630.0,nM,N[C@H](CCc1nc(-c2ccc3cnccc3c2)no1)Cc1ccc(C(F)(F)F)cc1,5.334419008982047,True,<rdkit.Chem.rdchem.Mol object at 0x735c791c2ff0>
CHEMBL5280858,CDK2,4630.0,nM,O=C(CCCn1cc(CNC2CCCCC2)c(-c2ccccc2)n1)NO,5.334419008982047,True,<rdkit.Chem.rdchem.Mol object at 0x735c791c2f10>
CHEMBL2011944,CDK2,4650.0,nM,COc1ccccc1-c1nc2c(NCC(O)CNC(=O)C3CCC3)c(Br)cnc2[nH]1,5.332547047110046,True,<rdkit.Chem.rdchem.Mol object at 0x735c791c2ea0>
CHEMBL3691546,CDK1,4671.5,nM,CN(C)C(=O)c1cc2cnc(Nc3ccc(C(=O)N4CC5CC4CN5)cn3)nc2n1C1CCCCCC1,5.330543646816331,True,<rdkit.Chem.rdchem.Mol object at 0x735c791c2dc0>
CHEMBL3663749,CDK9,4700.0,nM,COc1ccc(C2CC2)cc1-c1ccnc2[nH]c(C3CCCNC3)cc12,5.327902142064282,True,<rdkit.Chem.rdchem.Mol object at 0x735c791c2d50>
CHEMBL3658023,CDK1,4700.0,nM,CN(C)C(=O)c1cc2cnc(Nc3ccc(N4CCC(CCO)CC4)cn3)nc2n1C1CCCC1,5.327902142064282,True,<rdkit.Chem.rdchem.Mol object at 0x735c791c2c00>
CHEMBL4112645,CDK2,4700.0,nM,C[C@@H]1CN(c2ccc(Nc3ncc4cc5n(c4n3)C3(CCCCC3)CNC5=O)nc2)CCN1C,5.327902142064282,True,<rdkit.Chem.rdchem.Mol object at 0x735c791c2b90>
CHEMBL3658028,CDK2,4700.0,nM,CN(C)C(=O)c1cc2cnc(Nc3ccc(C(=O)N(C)CCN)cn3)nc2n1C1CCCC1,5.327902142064282,True,<rdkit.Chem.rdchem.Mol object at 0x735c791c2ab0>
CHEMBL504547,CDK2,4700.0,nM,O=C1NC(=O)c2ccc(I)cc2/C1=C/NCc1ccc(-c2ccoc2)c(O)c1,5.327902142064282,True,<rdkit.Chem.rdchem.Mol object at 0x735c791c2a40>
CHEMBL362588,CDK4,4800.0,nM,O=C1NC(=O)C(c2cnc3ccccn23)=C1c1cn2c3c(cccc13)CN(C(=O)N1CCCCC1)CC2,5.318758762624412,True,<rdkit.Chem.rdchem.Mol object at 0x735c791c29d0>
CHEMBL231824,CDK1,4800.0,nM,CCc1nccn1CCc1ccc(Nc2ncc(C#N)c(-c3ccc(C(C)(C)N)cc3)n2)cc1,5.318758762624412,True,<rdkit.Chem.rdchem.Mol object at 0x735c791c2960>
CHEMBL1922218,CDK1,4900.0,nM,CC[C@@H](Nc1nc(NCc2cccnc2)c2ncn(C(C)C)c2n1)[C@H](C)O,5.309803919971486,True,<rdkit.Chem.rdchem.Mol object at 0x735c791c28f0>
CHEMBL1243038,CDK1,4900.0,nM,O=Cc1cc(CCCCCCc2ccc(O)c(C=O)c2)ccc1O,5.309803919971486,True,<rdkit.Chem.rdchem.Mol object at 0x735c791c2880>
CHEMBL207544,CDK1,4900.0,nM,C#Cc1ncc(OC[C@@H](N)Cc2c[nH]c3ccccc23)cc1-c1ccc2cnccc2c1,5.309803919971486,True,<rdkit.Chem.rdchem.Mol object at 0x735c791c2810>
CHEMBL122245,CDK1,5000.0,nM,COc1ccc(CNc2[nH]nc3ncnc(Nc4cccc(Cl)c4)c23)cc1,5.301029995663981,True,<rdkit.Chem.rdchem.Mol object at 0x735c791c2730>
CHEMBL99948,CDK2,5000.0,nM,Cc1ccc(Cl)c(Nc2ccnc(Nc3ccc(OCC(O)CN(C)C)cc3)n2)c1,5.301029995663981,True,<rdkit.Chem.rdchem.Mol object at 0x735c791c26c0>
CHEMBL366312,CDK1,5000.0,nM,OCCNc1ncnc2[nH]c(-c3ccccc3)c(-c3ccccc3)c12,5.301029995663981,True,<rdkit.Chem.rdchem.Mol object at 0x735c791c2650>
CHEMBL2348173,CDK2,5000.0,nM,Nc1nccc(-n2ccc3ccc(O)cc32)n1,5.301029995663981,True,<rdkit.Chem.rdchem.Mol object at 0x735c791c2420>
CHEMBL317629,CDK2,5000.0,nM,CN(C)CC(O)COc1ccc(Nc2nccc(Nc3cccc(Cl)c3)n2)cc1,5.301029995663981,True,<rdkit.Chem.rdchem.Mol object at 0x735c791c2340>
CHEMBL317378,CDK2,5000.0,nM,CN(C)CC(O)COc1ccc(Nc2cc(N(CCC#N)c3cc(Cl)ccc3Cl)ncn2)cc1,5.301029995663981,True,<rdkit.Chem.rdchem.Mol object at 0x735c791c21f0>
CHEMBL5410597,CDK2,5000.0,nM,Cc1cccc2c1c(CCNc1ccc([N+](=O)[O-])cc1C(=O)O)cn2C,5.301029995663981,True,<rdkit.Chem.rdchem.Mol object at 0x735c791c2110>
CHEMBL5793760,CDK9,5000.0,nM,Cn1cnc(C(=O)Nc2cc(-c3ccc4ncn(CC5CCOCC5)c4c3)c(Cl)cn2)c1,5.301029995663981,True,<rdkit.Chem.rdchem.Mol object at 0x735c791c1e00>
CHEMBL1241935,CDK1,5000.0,nM,CC1(C)CC2(C)Nc3cc(-c4ccc5c(c4)NC4(C)CC(C)(C)NC(=S)N54)ccc3N2C(=S)N1,5.301029995663981,True,<rdkit.Chem.rdchem.Mol object at 0x735c791c1d20>
CHEMBL5590050,CDK2,5046.0,nM,CS(=O)(=O)N1CCC(Nc2ncc(C(F)(F)F)c(-c3cnn(C4CCCCC4)c3)n2)CC1,5.297052753818444,True,<rdkit.Chem.rdchem.Mol object at 0x735c791c1bd0>
CHEMBL189607,CDK4,5053.0,nM,Nc1nc2ccc(C(=O)c3c(F)cccc3F)cn2c1C(=O)c1ccccc1,5.29645070176177,True,<rdkit.Chem.rdchem.Mol object at 0x735c791c1b60>
CHEMBL3663784,CDK9,5100.0,nM,Clc1ccc(-c2ccccc2)nc1-c1ccnc2[nH]c(C3CCNCC3)cc12,5.292429823902063,True,<rdkit.Chem.rdchem.Mol object at 0x735c791c1a80>
CHEMBL4113081,CDK2,5110.0,nM,C[C@@H]1CN(c2ccc(Nc3ncc4cc5n(c4n3)C3(CCCCC3)CNC5=O)nc2)CCN1C[C@@H](C)O,5.291579099865287,True,<rdkit.Chem.rdchem.Mol object at 0x735c791c1a10>
CHEMBL5572788,CDK2,5111.0,nM,CS(=O)(=O)N1CCC(Nc2ncc(C(F)(F)F)c(-c3cnn(-c4ccccc4F)c3)n2)CC1,5.291494119044764,True,<rdkit.Chem.rdchem.Mol object at 0x735c791c19a0>
CHEMBL4206280,CDK4,5156.0,nM,CCN1CCN(Cc2ncc(Nc3cc(-c4cc(F)c5nc(C)n(C(C)C)c5c4)ncn3)cn2)CC1,5.2876870913186345,True,<rdkit.Chem.rdchem.Mol object at 0x735c791c18c0>
CHEMBL3421978,CDK2,5176.0,nM,C(=C/c1nccc(-c2c[nH]c3cnccc23)n1)\c1ccccc1,5.2860057323393566,True,<rdkit.Chem.rdchem.Mol object at 0x735c791c1770>
CHEMBL3984435,CDK2,5200.0,nM,CCC(C)CN1[C@H](C)CN(c2ccc(Nc3ncc4cc5n(c4n3)C3(CCCC3)CNC5=O)nc2)C[C@@H]1C,5.2839966563652006,True,<rdkit.Chem.rdchem.Mol object at 0x735c791c15b0>
CHEMBL5281901,CDK2,5200.0,nM,O=C(c1ccccc1)N1C(=O)C(C2C(=O)N(C(=O)c3ccccc3)C(=S)N(c3ccc(F)cc3)C2=O)C(=O)N(c2ccc(F)cc2)C1=S,5.2839966563652006,True,<rdkit.Chem.rdchem.Mol object at 0x735c791c1540>
CHEMBL5973334,CDK9,5200.0,nM,Cn1cnc2ccc(-c3cc(N[C@H]4CC[C@H](N)CC4)ncc3Cl)cc21,5.2839966563652006,True,<rdkit.Chem.rdchem.Mol object at 0x735c791c14d0>
CHEMBL245534,CDK2,5281.0,nM,CN1CCN(C(=O)N2CCC(Nc3ncc(Cl)c(-c4c[nH]c5ccccc45)n3)CC2)CC1,5.277283832511506,True,<rdkit.Chem.rdchem.Mol object at 0x735c791c1460>
CHEMBL178737,CDK2,5300.0,nM,O=C1NC(=O)C(c2cnc3ccccn23)=C1c1cn2c3c(cccc13)CN(C(=O)N1CCOCC1)CC2,5.275724130399211,True,<rdkit.Chem.rdchem.Mol object at 0x735c791c13f0>
CHEMBL2397315,CDK9,5300.0,nM,Cc1nc(NC(=O)[C@@H](C)CC(F)(F)F)sc1-c1ccc(N)nc1,5.275724130399211,True,<rdkit.Chem.rdchem.Mol object at 0x735c791c1310>
CHEMBL104467,CDK1,5300.0,nM,Nc1cc(OCC2CCCCC2)nc(Nc2ccc(S(N)(=O)=O)cc2)n1,5.275724130399211,True,<rdkit.Chem.rdchem.Mol object at 0x735c791c1230>
CHEMBL337715,CDK1,5300.0,nM,CC(C)n1cnc2c(NCc3cccc(C(F)(F)F)c3)nc(I)nc21,5.275724130399211,True,<rdkit.Chem.rdchem.Mol object at 0x735c791c1150>
CHEMBL447317,CDK2,5300.0,nM,CNC(=N)SCCCN1C(=O)C2=C(C1=O)n1ccc3cccc(c31)C1Cc3ccccc3N21,5.275724130399211,True,<rdkit.Chem.rdchem.Mol object at 0x735c791c10e0>
CHEMBL3297832,CDK1,5300.0,nM,COc1c(O)ccc2c(=O)c3c(O)cc4c(c3[nH]c12)C=CC(C)(C)O4,5.275724130399211,True,<rdkit.Chem.rdchem.Mol object at 0x735c791c1070>
CHEMBL3691620,CDK1,5316.0,nM,CN(C)C(=O)c1cc2cnc(Nc3ccc(N4C[C@H]5CNC[C@H]5C4=O)cn3)nc2n1C1CCCCCC1,5.274415027729305,True,<rdkit.Chem.rdchem.Mol object at 0x735c791c1000>
CHEMBL2006765,CDK9,5330.0,nM,CCCNC(=O)c1ccc(Nc2nc(NCC(F)(F)F)c3cc[nH]c3n2)cc1,5.273272790973428,True,<rdkit.Chem.rdchem.Mol object at 0x735c791c0f20>
CHEMBL362588,CDK2,5400.0,nM,O=C1NC(=O)C(c2cnc3ccccn23)=C1c1cn2c3c(cccc13)CN(C(=O)N1CCCCC1)CC2,5.267606240177031,True,<rdkit.Chem.rdchem.Mol object at 0x735c791c0eb0>
CHEMBL6036015,CDK9,5400.0,nM,O=C1Cc2ccc(-c3cc(NC(=O)[C@@H]4CCCNC4)ncc3Cl)cc2N1,5.267606240177031,True,<rdkit.Chem.rdchem.Mol object at 0x735c791c0e40>
CHEMBL5090552,CDK9,5430.0,nM,Nc1cc(-c2ccc3oc(Cl)cc3c2)cc(N)n1,5.265200170411153,True,<rdkit.Chem.rdchem.Mol object at 0x735c791c0c80>
CHEMBL1964248,CDK1,5500.0,nM,CN(C)CCNS(=O)(=O)c1ccc(N/C=C2\C(=O)Nc3ccccc32)cc1,5.259637310505756,True,<rdkit.Chem.rdchem.Mol object at 0x735c791c0c10>
CHEMBL84284,CDK2,5500.0,nM,CC(C)(C)OC(=O)NCCNc1cc(-c2ccc[nH]2)c2c3c(ccc(F)c13)NC2=O,5.259637310505756,True,<rdkit.Chem.rdchem.Mol object at 0x735c791c0ba0>
CHEMBL202695,CDK1,5600.0,nM,CN(C)S(=O)(=O)c1ccc(Nc2cc(N[C@H]3CC[C@H](N)CC3)nc3ncnn23)cc1,5.251811972993799,True,<rdkit.Chem.rdchem.Mol object at 0x735c791c0b30>
CHEMBL3642654,CDK2,5600.0,nM,CN1CCN(c2cc(NCc3cccnc3)n3nccc3n2)CC1,5.251811972993799,True,<rdkit.Chem.rdchem.Mol object at 0x735c791c0a50>
CHEMBL1242367,CDK6,5600.0,nM,CCNc1cc(N[C@H]2CC[C@@H](O)CC2)nc(Nc2ccc3c(ccn3Cc3ccccc3)c2)n1,5.251811972993799,True,<rdkit.Chem.rdchem.Mol object at 0x735c791c09e0>
CHEMBL520187,CDK4,5600.0,nM,COCCNS(=O)(=O)c1ccc(Nc2nccc(-c3cnc(C)n3C)n2)cc1,5.251811972993799,True,<rdkit.Chem.rdchem.Mol object at 0x735c791c0970>
CHEMBL394577,CDK1,5600.0,nM,CN1CCN(CCc2ccc(Nc3ncc(C#N)c(-c4ccc(C(C)(C)N)cc4)n3)cc2)CC1,5.251811972993799,True,<rdkit.Chem.rdchem.Mol object at 0x735c791c0900>
CHEMBL5077927,CDK9,5692.0,nM,Cc1nc2ccc(-c3cc(N)nc(N)c3)nc2n1CC(F)F,5.244735108587753,True,<rdkit.Chem.rdchem.Mol object at 0x735c791c0890>
CHEMBL231801,CDK1,5700.0,nM,CC(C)(N)c1ccc(-c2nc(Nc3cccc(CCN4CCOCC4)c3)ncc2C#N)cc1,5.2441251443275085,True,<rdkit.Chem.rdchem.Mol object at 0x735c791c0820>
CHEMBL57325,CDK2,5700.0,nM,O=C1Nc2cc(-c3ccccc3)ccc2/C1=C/c1[nH]cc2c1CCNC2=O,5.2441251443275085,True,<rdkit.Chem.rdchem.Mol object at 0x735c791c07b0>
CHEMBL5070553,CDK9,5700.0,nM,Cc1nc2ccc(-c3cc(N)nc(N)c3)nc2n1CC(F)(F)F,5.2441251443275085,True,<rdkit.Chem.rdchem.Mol object at 0x735c791c06d0>
CHEMBL3797574,CDK2,5700.0,nM,CN(C)C(=O)c1cccc(-c2cnc(N)c(-c3nc4ccccc4[nH]3)c2)c1,5.2441251443275085,True,<rdkit.Chem.rdchem.Mol object at 0x735c791c0660>
CHEMBL5556898,CDK9,5703.0,nM,CC(=O)Nc1ccc(CNc2nc(OC3CCN(C)CC3)nc3c(C(C)C)cnn23)c(-n2ccnc2)c1,5.243896628414895,True,<rdkit.Chem.rdchem.Mol object at 0x735c791c05f0>
CHEMBL5169987,CDK9,5800.0,nM,Fc1ccc(N2CCCCC2)c(NC(=S)c2ccncc2)c1,5.236572006437063,True,<rdkit.Chem.rdchem.Mol object at 0x735c791c0580>
CHEMBL122411,CDK1,5800.0,nM,COc1ccc(Nc2[nH]nc3ncnc(Nc4cccc(Cl)c4)c23)cc1,5.236572006437063,True,<rdkit.Chem.rdchem.Mol object at 0x735c791c03c0>
CHEMBL5421310,CDK2,5800.0,nM,Cn1cc(CCNc2ccc([N+](=O)[O-])cc2C(=O)O)c2cc(Cl)ccc21,5.236572006437063,True,<rdkit.Chem.rdchem.Mol object at 0x735c791c0200>
CHEMBL3655774,CDK9,5840.0,nM,CC[C@H](Nc1nc(NCc2ncccc2C)c2ncn(C(C)C)c2n1)[C@@H](C)O,5.2335871528876,True,<rdkit.Chem.rdchem.Mol object at 0x735c791c0190>
CHEMBL5556362,CDK2,5849.0,nM,CC(=O)Nc1ccc(CNc2nc(OC3CCN(C)CC3)nc3c(C(C)C)cnn23)c(N(C)C)c1,5.232918378636677,True,<rdkit.Chem.rdchem.Mol object at 0x735c791c0120>
CHEMBL5566455,CDK1,5891.0,nM,Cc1ccc(O)c(C)c1-n1c(N)c(C(=O)N2CCn3nccc3C2)c2nc(C)c(N3CCC[C@@H](O)C3)nc21,5.229810977264007,True,<rdkit.Chem.rdchem.Mol object at 0x735c791c0040>
CHEMBL5594311,CDK9,5993.5,nM,CC(C)S(=O)(=O)c1ccccc1Nc1ccnc(N[C@H]2CC[C@H](N)CC2)n1,5.222319490335705,True,<rdkit.Chem.rdchem.Mol object at 0x735c791c00b0>
CHEMBL323594,CDK2,6000.0,nM,Cc1cc(NC(=O)c2ccc(Br)cc2)n[nH]1,5.221848749616356,True,<rdkit.Chem.rdchem.Mol object at 0x735c791c2f80>
CHEMBL101166,CDK1,6000.0,nM,CCC(CO)Nc1nc(NCc2cccc(O)c2)c2nc(Cl)n(C(C)C)c2n1,5.221848749616356,True,<rdkit.Chem.rdchem.Mol object at 0x735c791c17e0>
CHEMBL365988,CDK2,6000.0,nM,C[C@@H](C(=O)Nc1cc(C2CC2)[nH]n1)c1ccccc1,5.221848749616356,True,<rdkit.Chem.rdchem.Mol object at 0x735c791c0510>
CHEMBL2163991,CDK2,6000.0,nM,N[C@H]1CC[C@H](Nc2nc3ccnn3c(Nc3ccc(F)c(Cl)c3)c2-c2ccccc2)CC1,5.221848749616356,True,<rdkit.Chem.rdchem.Mol object at 0x735c791c3450>
CHEMBL117,CDK6,6000.0,nM,O=c1cc(-c2ccccc2)oc2cc(O)cc(O)c12,5.221848749616356,True,<rdkit.Chem.rdchem.Mol object at 0x735c791c2c70>
CHEMBL1173442,CDK1,6000.0,nM,C[C@H]1C/C=C/[C@@H](O)[C@@H](O)CC/C=C/c2cc(O)cc(O)c2C(=O)O1,5.221848749616356,True,<rdkit.Chem.rdchem.Mol object at 0x735c791c3ed0>
CHEMBL129977,CDK1,6000.0,nM,CN(c1nc(NCCO)nc2c1ncn2C)C1CCCCC1,5.221848749616356,True,<rdkit.Chem.rdchem.Mol object at 0x735c791c3df0>
CHEMBL101679,CDK2,6000.0,nM,CN(C)CC(O)COc1ccc(Nc2nccc(Nc3ccccc3Cl)n2)cc1,5.221848749616356,True,<rdkit.Chem.rdchem.Mol object at 0x735c791c3290>
CHEMBL101557,CDK4,6000.0,nM,CN(C)CC(O)COc1ccc(Nc2cc(Nc3cc(C(F)(F)F)ccc3F)ncn2)cc1,5.221848749616356,True,<rdkit.Chem.rdchem.Mol object at 0x735c791c30d0>
CHEMBL3980597,CDK2,6010.0,nM,CCC(C)CN1CCN(c2ccc(Nc3ncc4cc5n(c4n3)C3(CCCC3)CNC5=O)nc2)CC1,5.221125527997261,True,<rdkit.Chem.rdchem.Mol object at 0x735c791c3060>
CHEMBL3910976,CDK2,6100.0,nM,CC(C)N1CCN(c2ccc(Nc3ncc4cc5n(c4n3)C3(CCCCC3)CNC5=O)nc2)C[C@@H]1C,5.214670164989233,True,<rdkit.Chem.rdchem.Mol object at 0x735c791c2ce0>
CHEMBL490241,CDK2,6100.0,nM,COc1cc(CN/C=C2\C(=O)NC(=O)c3ccc(Br)cc32)ccn1,5.214670164989233,True,<rdkit.Chem.rdchem.Mol object at 0x735c791c2570>
CHEMBL5401897,CDK2,6100.0,nM,O=C(O)c1ccc([N+](=O)[O-])cc1NCCc1c[nH]c2ccccc12,5.214670164989233,True,<rdkit.Chem.rdchem.Mol object at 0x735c791c23b0>
CHEMBL480392,CDK2,6100.0,nM,CN1CCN(c2cccc3[nH]c(-c4n[nH]c5cc(-c6cccc(N)c6)ccc45)nc23)CC1,5.214670164989233,True,<rdkit.Chem.rdchem.Mol object at 0x735c791c22d0>
CHEMBL133498,CDK4,6150.0,nM,CN1CC[C@H](c2c(O)cc(O)c3c(=O)cc(Oc4ccccc4Cl)oc23)[C@H](O)C1,5.211124884224583,True,<rdkit.Chem.rdchem.Mol object at 0x735c791c2260>
CHEMBL318208,CDK1,6200.0,nM,Cn1c2c(c3cc(Br)ccc31)CC(=O)Nc1ccccc1-2,5.207608310501746,True,<rdkit.Chem.rdchem.Mol object at 0x735c791c2030>
CHEMBL1922123,CDK1,6200.0,nM,CC[C@@H](Nc1nc(NCc2cccnc2)c2ncn(C(C)C)c2n1)C(C)(C)O,5.207608310501746,True,<rdkit.Chem.rdchem.Mol object at 0x735c791c1fc0>
CHEMBL233454,CDK1,6200.0,nM,N#Cc1cnc(Nc2ccc(CN3CCCC3)cc2)nc1-c1ccccc1,5.207608310501746,True,<rdkit.Chem.rdchem.Mol object at 0x735c791c1f50>
CHEMBL1922219,CDK6,6200.0,nM,CC[C@H](Nc1nc(NCc2cccnc2)c2ncn(C(C)C)c2n1)[C@@H](C)O,5.207608310501746,True,<rdkit.Chem.rdchem.Mol object at 0x735c791c1ee0>
CHEMBL488271,CDK2,6300.0,nM,CNC(=N)SCCCn1c(=O)c2c(c1=O)n1c3ccccc3cc1c1cccc3ccn2c31,5.200659450546418,True,<rdkit.Chem.rdchem.Mol object at 0x735c791c1c40>
CHEMBL5598054,CDK2,6303.0,nM,N#CC1(CNc2cccc(-c3cc(Nc4cnn(Cc5ccc(C(=O)NO)cc5)c4)ncc3Cl)n2)CCOCC1,5.200452692874385,True,<rdkit.Chem.rdchem.Mol object at 0x735c791c1930>
CHEMBL4635959,CDK9,6320.0,nM,Cc1cc(NC2CCN(C(=O)O[C@H]3CCN(C(=O)/C=C/CN(C)C)C3)CC2)n2ncc(C(C)C)c2n1,5.199282921717614,True,<rdkit.Chem.rdchem.Mol object at 0x735c791c1850>
CHEMBL560075,CDK1,6330.0,nM,C[C@@H]1CNc2c(sc3ccc4nc(-c5cccnc5)ccc4c23)C(=O)N1,5.198596289982644,True,<rdkit.Chem.rdchem.Mol object at 0x735c791c1690>
CHEMBL3929399,CDK2,6350.0,nM,C[C@H](O)CN1CCN(c2ccc(Nc3ncc4cc5n(c4n3)C3(CCCCC3)CNC5=O)nc2)CC1,5.197226274708024,True,<rdkit.Chem.rdchem.Mol object at 0x735c791c1380>
CHEMBL317539,CDK1,6400.0,nM,COC(=O)CN1C(=O)Cc2c([nH]c3ccc(Br)cc23)-c2ccccc21,5.1938200260161125,True,<rdkit.Chem.rdchem.Mol object at 0x735c791c12a0>
CHEMBL2163606,CDK2,6400.0,nM,Cc1c(N[C@H]2CC[C@H](N)CC2)nc2ccnn2c1Nc1ccccc1Cl,5.1938200260161125,True,<rdkit.Chem.rdchem.Mol object at 0x735c791c11c0>
CHEMBL3691626,CDK1,6483.0,nM,CN(C)C(=O)c1cc2cnc(Nc3ccc(N4C[C@@H]5CNC[C@@H]5CC4=O)cn3)nc2n1C1CCCCCC1,5.188223978397096,True,<rdkit.Chem.rdchem.Mol object at 0x735c791c0dd0>
CHEMBL5597651,CDK2,6488.0,nM,COc1cc(F)ccc1-c1cc(Nc2cnn(CCCCCCC(=O)NO)c2)ncc1F,5.1878891587969,True,<rdkit.Chem.rdchem.Mol object at 0x735c791c04a0>
CHEMBL233455,CDK1,6500.0,nM,N#Cc1cnc(Nc2ccc(CCN3CCCC3)cc2)nc1-c1ccccc1,5.187086643357144,True,<rdkit.Chem.rdchem.Mol object at 0x735c791c0350>
CHEMBL440717,CDK1,6500.0,nM,CC(C)n1cnc2c(NCc3ccccc3)nc(NCC(O)c3ccccc3)nc21,5.187086643357144,True,<rdkit.Chem.rdchem.Mol object at 0x735c791f7610>
CHEMBL2011945,CDK2,6520.0,nM,COc1ccc(F)cc1-c1nc2c(NCCCNC(=O)C3CCC3)c(Br)cnc2[nH]1,5.185752404268079,True,<rdkit.Chem.rdchem.Mol object at 0x735c791f5690>
CHEMBL3655775,CDK9,6530.0,nM,CC(C)n1cnc2c(NCc3cccnc3)nc(NC[C@@H](C)O)nc21,5.185086818724926,True,<rdkit.Chem.rdchem.Mol object at 0x735c791f6ce0>
CHEMBL112050,CDK2,6590.0,nM,CN1CCC(c2c(O)cc(O)c3c(=O)cc(Sc4ccccc4)oc23)C(O)C1,5.18111458540599,True,<rdkit.Chem.rdchem.Mol object at 0x735c791f4890>
CHEMBL3663763,CDK9,6600.0,nM,COc1ccc(N)nc1-c1ccnc2[nH]c(C3CCNCC3)cc12,5.180456064458131,True,<rdkit.Chem.rdchem.Mol object at 0x735c791f7c30>
CHEMBL489432,CDK2,6600.0,nM,COc1ccc(CN/C=C2\C(=O)NC(=O)c3ccc(F)cc32)cc1O,5.180456064458131,True,<rdkit.Chem.rdchem.Mol object at 0x735c791f5a10>
CHEMBL503236,CDK2,6600.0,nM,Cl.N[C@@H](CCCN/C=C1\C(=O)Nc2ccc(Br)cc21)C(=O)O,5.180456064458131,True,<rdkit.Chem.rdchem.Mol object at 0x735c791f6650>
CHEMBL4107086,CDK2,6620.0,nM,CC(C)C[C@@H]1CNC(=O)c2cc3cnc(Nc4ccc(N5CCN(C)CC5)cn4)nc3n21,5.1791420105603,True,<rdkit.Chem.rdchem.Mol object at 0x735c791f5fc0>
CHEMBL245935,CDK2,6652.0,nM,CC1CCN(NC(=O)N2CCC(Nc3ncc(Cl)c(-c4c[nH]c5ccccc45)n3)CC2)CC1,5.177047759452519,True,<rdkit.Chem.rdchem.Mol object at 0x735c791f5a80>
CHEMBL6030558,CDK9,6700.0,nM,O=C(Nc1cc(-c2ccc3ncn(CC4CCOCC4)c3c2)c(Cl)cn1)C(c1ccco1)N1CCNCC1,5.173925197299173,True,<rdkit.Chem.rdchem.Mol object at 0x735c791f5000>
CHEMBL502651,CDK2,6700.0,nM,Nc1ccc(CN/C=C2\C(=O)NC(=O)c3ccc(Br)cc32)cc1O,5.173925197299173,True,<rdkit.Chem.rdchem.Mol object at 0x735c791f6ab0>
CHEMBL549959,CDK1,6700.0,nM,C[C@@]12c3ccc4c(c3C(=O)c3occ(c31)C(=O)C[C@H]2O)CCC4=O,5.173925197299173,True,<rdkit.Chem.rdchem.Mol object at 0x735c791f76f0>
CHEMBL5773323,CDK9,6800.0,nM,COCc1cn(CC2CCOCC2)c2cc(-c3cc(NC(=O)[C@@H]4CCCNC4)ncc3Cl)cnc12,5.167491087293763,True,<rdkit.Chem.rdchem.Mol object at 0x735c791f4f90>
CHEMBL540752,CDK2,6800.0,nM,Cc1nnc2sc(S)nn12,5.167491087293763,True,<rdkit.Chem.rdchem.Mol object at 0x735c791f4190>
CHEMBL474724,CDK2,6800.0,nM,CCNC(=N)SCCCN1C(=O)C2=C(C1=O)n1ccc3cccc(c31)C1Cc3ccccc3N21,5.167491087293763,True,<rdkit.Chem.rdchem.Mol object at 0x735c791f5e00>
CHEMBL1922219,CDK4,6800.0,nM,CC[C@H](Nc1nc(NCc2cccnc2)c2ncn(C(C)C)c2n1)[C@@H](C)O,5.167491087293763,True,<rdkit.Chem.rdchem.Mol object at 0x735c791f5ee0>
CHEMBL2035184,CDK2,6800.0,nM,C1=C/COCc2cc(ccc2OCCN2CCCC2)Nc2nccc(n2)-c2csc(c2)COC/1,5.167491087293763,True,<rdkit.Chem.rdchem.Mol object at 0x735c791f74c0>
CHEMBL201511,CDK2,6900.0,nM,COc1cc(C2=C(c3c[nH]c4ccccc34)C(=O)NC2=O)cc(OC)c1OC,5.161150909262744,True,<rdkit.Chem.rdchem.Mol object at 0x735c791f6d50>
CHEMBL3663747,CDK9,6900.0,nM,COc1ccc(N)nc1-c1ccnc2[nH]c(C3CCCNC3)cc12,5.161150909262744,True,<rdkit.Chem.rdchem.Mol object at 0x735c791f7ae0>
CHEMBL3963064,CDK2,6900.0,nM,CN(C)C1CCN(c2ccc(Nc3ncc4cc5n(c4n3)C3(CCCC3)CNC5=O)nc2)CC1,5.161150909262744,True,<rdkit.Chem.rdchem.Mol object at 0x735c791f68f0>
CHEMBL489430,CDK2,6900.0,nM,COc1ccc(CN/C=C2\C(=O)NC(=O)c3ccccc32)cc1O,5.161150909262744,True,<rdkit.Chem.rdchem.Mol object at 0x735c791f5e70>
CHEMBL269881,CDK1,7000.0,nM,Nc1nc(OCC2CCCCC2)c2nc[nH]c2n1,5.154901959985743,True,<rdkit.Chem.rdchem.Mol object at 0x735c791f7760>
CHEMBL103633,CDK2,7000.0,nM,CN(C)CC(O)COc1ccc(Nc2nccc(Nc3ccccc3Br)n2)cc1,5.154901959985743,True,<rdkit.Chem.rdchem.Mol object at 0x735c791f40b0>
CHEMBL2035185,CDK2,7000.0,nM,C1=C/COCc2cc(ccc2OCCN2CCCC2)Nc2nccc(n2)-c2ccc(o2)COC/1,5.154901959985743,True,<rdkit.Chem.rdchem.Mol object at 0x735c791f4a50>
CHEMBL430574,CDK1,7000.0,nM,O=C1Cc2c([nH]c3ccccc23)-c2ccccc2N1,5.154901959985743,True,<rdkit.Chem.rdchem.Mol object at 0x735c791f44a0>
CHEMBL448853,CDK2,7000.0,nM,Clc1cncc(Nc2ccccc2)n1,5.154901959985743,True,<rdkit.Chem.rdchem.Mol object at 0x735c791f7300>
CHEMBL1933345,CDK2,7000.0,nM,Oc1ccc(-c2nc(Nc3cccc(Cl)c3)nc3[nH]cnc23)cc1,5.154901959985743,True,<rdkit.Chem.rdchem.Mol object at 0x735c791f5700>
CHEMBL6192843,CDK2,7000.0,nM,CN(C)C(=O)c1cccc(Nc2nc(OCC3CCCCC3)c3nc[nH]c3n2)c1,5.154901959985743,True,<rdkit.Chem.rdchem.Mol object at 0x735c791f61f0>
CHEMBL101019,CDK2,7000.0,nM,CN(C)CC(O)COc1ccc(Nc2nccc(Nc3ccccc3F)n2)cc1,5.154901959985743,True,<rdkit.Chem.rdchem.Mol object at 0x735c791f5620>
CHEMBL1956071,CDK2,7000.0,nM,CCn1c(-c2nonc2N)nc2cncc(C(=O)N3CC[C@H](N)C3)c21,5.154901959985743,True,<rdkit.Chem.rdchem.Mol object at 0x735c791f7ed0>
CHEMBL3691547,CDK1,7065.0,nM,CN(C)C(=O)c1cc2cnc(Nc3ccc(C(=O)N4CC5CCC(C4)N5)cn3)nc2n1C1CCCCCC1,5.150887833815423,True,<rdkit.Chem.rdchem.Mol object at 0x735c791f7d80>
CHEMBL414949,CDK2,7100.0,nM,O=C(Cc1ccccc1)Nc1n[nH]c2ccc(N3CCCCC3=O)cc12,5.1487416512809245,True,<rdkit.Chem.rdchem.Mol object at 0x735c791f7d10>
CHEMBL3691552,CDK1,7101.0,nM,CN(C)C(=O)c1cc2cnc(Nc3ccc(C(=O)N4CC5CNC(C5)C4)cn3)nc2n1C1CCCC1,5.148680487351255,True,<rdkit.Chem.rdchem.Mol object at 0x735c791f7bc0>
CHEMBL4781334,CDK9,7140.0,nM,C=CC(=O)Nc1ccc(C(=O)N2CCCC(Nc3ncc(CNCc4ncc(C(C)(C)C)o4)s3)C2)cc1,5.146301788223825,True,<rdkit.Chem.rdchem.Mol object at 0x735c791f7b50>
CHEMBL2409175,CDK2,7200.0,nM,CC(=O)Nc1cc(Nc2cc(NC3CC3)n3ncc(C#N)c3n2)ccc1C,5.142667503568731,True,<rdkit.Chem.rdchem.Mol object at 0x735c791f7a70>
CHEMBL338617,CDK1,7200.0,nM,COc1ccccc1CNc1nc(I)nc2c1ncn2C(C)C,5.142667503568731,True,<rdkit.Chem.rdchem.Mol object at 0x735c791f7990>
CHEMBL4797288,CDK9,7280.0,nM,C=CC(=O)Nc1ccc(C(=O)N2CCC[C@@H](Nc3ncc(SCc4cncnc4)s3)C2)cc1,5.137868620686962,True,<rdkit.Chem.rdchem.Mol object at 0x735c791f7920>
CHEMBL4114427,CDK2,7300.0,nM,C[C@H](O)CN1CCN(c2ccc(Nc3ncc4cc5n(c4n3)C3(CCCC3)CNC5=O)nc2)C[C@H]1C,5.136677139879544,True,<rdkit.Chem.rdchem.Mol object at 0x735c791f78b0>
CHEMBL2111870,CDK1,7300.0,nM,CC(C)n1cnc2c(NCc3ccccc3)nc(N[C@H](CO)Cc3ccccc3)nc21,5.136677139879544,True,<rdkit.Chem.rdchem.Mol object at 0x735c791f7840>
CHEMBL3655776,CDK9,7400.0,nM,CC(C)n1cnc2c(NCc3cccnc3)nc(NCC(O)C(F)(F)F)nc21,5.130768280269024,True,<rdkit.Chem.rdchem.Mol object at 0x735c791f7680>
CHEMBL121796,CDK1,7400.0,nM,Clc1cccc(Nc2[nH]cnc3nnc(NCc4ccccc4)c2-3)c1,5.130768280269024,True,<rdkit.Chem.rdchem.Mol object at 0x735c791f75a0>
CHEMBL203573,CDK2,7400.0,nM,NS(=O)(=O)c1ccc(Nc2cc(N[C@H]3CC[C@H](O)CC3)nc3ncnn23)cc1,5.130768280269024,True,<rdkit.Chem.rdchem.Mol object at 0x735c791f73e0>
CHEMBL4454044,CDK9,7450.0,nM,CC(C)c1cnn2c(NCc3ccccc3N(C)C)nc(OC3CCN(C)CC3)nc12,5.127843727251707,True,<rdkit.Chem.rdchem.Mol object at 0x735c791f7290>
CHEMBL272171,CDK2,7500.0,nM,NC(=O)c1c(NC(=O)CN2C(=O)CCC2=O)sc2c1CCC2,5.1249387366083,True,<rdkit.Chem.rdchem.Mol object at 0x735c791f7220>
CHEMBL1922123,CDK4,7500.0,nM,CC[C@@H](Nc1nc(NCc2cccnc2)c2ncn(C(C)C)c2n1)C(C)(C)O,5.1249387366083,True,<rdkit.Chem.rdchem.Mol object at 0x735c791f70d0>
CHEMBL1928705,CDK1,7500.0,nM,C[C@H](CN(C)C)Oc1nc(Nc2cc3cccc(Cl)c3cn2)cnc1C#N,5.1249387366083,True,<rdkit.Chem.rdchem.Mol object at 0x735c791f7060>
CHEMBL1800219,CDK1,7500.0,nM,Nc1nccc(-c2cc(N3CCS(=O)(=O)CC3)ccc2O)n1,5.1249387366083,True,<rdkit.Chem.rdchem.Mol object at 0x735c791f6ff0>
CHEMBL514499,CDK2,7600.0,nM,COc1cc2ncn(-c3cc(OCc4ccccc4C(F)(F)F)c(C(N)=O)s3)c2cc1OC,5.119186407719209,True,<rdkit.Chem.rdchem.Mol object at 0x735c791f6f10>
CHEMBL3985649,CDK2,7610.0,nM,CC(C)N1CCN(c2ccc(Nc3ncc4cc5n(c4n3)C3(CCCC3)CNC5=O)nc2)CC1C,5.118615343229427,True,<rdkit.Chem.rdchem.Mol object at 0x735c791f6ea0>
CHEMBL488270,CDK2,7700.0,nM,O=C1C2=C(C(=O)N1CCCSC1=NCCN1)n1ccc3cccc(c31)C1Cc3ccccc3N21,5.113509274827518,True,<rdkit.Chem.rdchem.Mol object at 0x735c791f6c00>
CHEMBL5597436,CDK2,7800.0,nM,CN(C)C(=O)c1cc2cnc(Nc3ccc(S(=O)(=O)N(C)C)cc3Cl)cc2[nH]1,5.107905397309519,True,<rdkit.Chem.rdchem.Mol object at 0x735c791f6c70>
CHEMBL5596733,CDK9,7886.0,nM,O=C(/C=C/c1ccc(Nc2ncc(Cl)c(OC3CCCCC3)n2)cc1)NO,5.103143227262796,True,<rdkit.Chem.rdchem.Mol object at 0x735c791f6b90>
CHEMBL3655766,CDK9,7890.0,nM,CC[C@H](Nc1nc(NCc2cccnc2)c2ncn(CC3CC3)c2n1)[C@@H](C)O,5.10292299679058,True,<rdkit.Chem.rdchem.Mol object at 0x735c791f6b20>
CHEMBL5930405,CDK9,7900.0,nM,O=C(Nc1cc(-c2ccc3ncn(CC4CCOCC4)c3c2)c(Cl)cn1)C1CNC1,5.102372908709558,True,<rdkit.Chem.rdchem.Mol object at 0x735c791f6a40>
CHEMBL5598262,CDK2,7900.0,nM,CN(C)C(=O)c1cc2cnc(Nc3ccc(-c4cnn(C)c4)cc3Cl)cc2[nH]1,5.102372908709558,True,<rdkit.Chem.rdchem.Mol object at 0x735c791f69d0>
CHEMBL549915,CDK1,7920.0,nM,Cc1ccncc1-c1ccc2c(ccc3sc4c(c32)NC[C@@H](C)NC4=O)n1,5.101274818410507,True,<rdkit.Chem.rdchem.Mol object at 0x735c791f6880>
CHEMBL1800217,CDK1,7940.0,nM,CCC1CCN(c2ccc(O)c(-c3ccnc(N)n3)c2)CC1,5.100179497572904,True,<rdkit.Chem.rdchem.Mol object at 0x735c791f6810>
CHEMBL133533,CDK1,8000.0,nM,CC(C)n1cnc2c(NCc3ccccc3)nc(I)nc21,5.096910013008056,True,<rdkit.Chem.rdchem.Mol object at 0x735c791f67a0>
CHEMBL130681,CDK1,8000.0,nM,OCCNc1nc(NCc2ccccc2)c2ncn(CCO)c2n1,5.096910013008056,True,<rdkit.Chem.rdchem.Mol object at 0x735c791f6730>
CHEMBL101473,CDK2,8000.0,nM,Cc1cnc(Nc2ccc(OCC(O)CN(C)C)cc2)nc1Nc1ccccc1,5.096910013008056,True,<rdkit.Chem.rdchem.Mol object at 0x735c791f66c0>
CHEMBL366861,CDK2,8000.0,nM,Cc1cc(O)c(C=O)c2c1C(=O)Oc1c(COC(=O)/C=C/C(=O)O)c(O)c(C(=O)O)c(C)c1O2,5.096910013008056,True,<rdkit.Chem.rdchem.Mol object at 0x735c791f65e0>
CHEMBL3654239,CDK2,8000.0,nM,CN(C)C(=O)c1cc2cnc(Nc3ccc(N4CCCNCC4)cn3)nc2n1C1CCCC1,5.096910013008056,True,<rdkit.Chem.rdchem.Mol object at 0x735c791f6490>
CHEMBL5400738,CDK2,8000.0,nM,O=C(O)c1cc(Cl)ccc1NCCc1c[nH]c2ccccc12,5.096910013008056,True,<rdkit.Chem.rdchem.Mol object at 0x735c791f6340>
CHEMBL86066,CDK2,8000.0,nM,CC(C)n1cnc2c(NCc3ccccc3)nc(NCCO)nc21,5.096910013008056,True,<rdkit.Chem.rdchem.Mol object at 0x735c791f6260>
CHEMBL99647,CDK4,8000.0,nM,CN(C)CC(O)COc1ccc(Nc2cc(Nc3ccccc3Cl)ncn2)cc1,5.096910013008056,True,<rdkit.Chem.rdchem.Mol object at 0x735c791f6180>
CHEMBL100645,CDK1,8000.0,nM,CCC(CO)Nc1nc(NCc2ccccc2)c2nc(C)n(C(C)C)c2n1,5.096910013008056,True,<rdkit.Chem.rdchem.Mol object at 0x735c791f60a0>
CHEMBL418793,CDK4,8000.0,nM,Cc1ccccc1Nc1cc(Nc2ccc(OCC(O)CN(C)C)cc2)ncn1,5.096910013008056,True,<rdkit.Chem.rdchem.Mol object at 0x735c791f6030>
CHEMBL100979,CDK4,8000.0,nM,Cc1nc2ccccn2c1-c1ccnc(N)n1,5.096910013008056,True,<rdkit.Chem.rdchem.Mol object at 0x735c791f5f50>
CHEMBL368786,CDK1,8080.0,nM,OCCCNc1ncc(-c2cncc(Nc3cccc(Cl)c3)n2)s1,5.092588639225414,True,<rdkit.Chem.rdchem.Mol object at 0x735c791f57e0>
CHEMBL488548,CDK2,8100.0,nM,CC(=O)Nc1ccc2c(c1)/C(=C/Nc1ccc(CN3CCCCC3)cc1)C(=O)NC2=O,5.091514981121351,True,<rdkit.Chem.rdchem.Mol object at 0x735c791f5d90>
CHEMBL5191333,CDK2,8100.0,nM,COc1cc(F)ccc1-c1ccnc2[nH]c(C3CCC(NC(C)=O)C3)nc12,5.091514981121351,True,<rdkit.Chem.rdchem.Mol object at 0x735c791f5cb0>
CHEMBL461140,CDK2,8200.0,nM,CN(C)CCOc1ccc(/C=C/c2cc(-c3cc4c(=O)[nH]cnc4[nH]3)ccn2)cc1,5.086186147616283,True,<rdkit.Chem.rdchem.Mol object at 0x735c791f5c40>
CHEMBL2334965,CDK2,8200.0,nM,Nc1nccc(-n2ccc3ccc(Br)cc32)n1,5.086186147616283,True,<rdkit.Chem.rdchem.Mol object at 0x735c791f5bd0>
CHEMBL16484,CDK4,8300.0,nM,CC(C)(C)Nc1nc(C(F)(F)F)nc2ccc(-c3cccnc3)cc12,5.080921907623926,True,<rdkit.Chem.rdchem.Mol object at 0x735c791f5b60>
CHEMBL3658034,CDK2,8300.0,nM,CN(C)C1CCN(c2ccc(Nc3ncc4cc(C#N)n(C5CCCC5)c4n3)nc2)CC1,5.080921907623926,True,<rdkit.Chem.rdchem.Mol object at 0x735c791f5af0>
CHEMBL477877,CDK2,8400.0,nM,O=C1NC(=O)c2ccc(I)cc2/C1=C/NCc1ccc(-c2ccco2)c(O)c1,5.075720713938118,True,<rdkit.Chem.rdchem.Mol object at 0x735c791f59a0>
CHEMBL3691556,CDK1,8439.0,nM,CN(C)C(=O)c1cc2cnc(Nc3ccc(C(=O)N4CC5CC(C4)N(C)C5)cn3)nc2n1C1CCCC1,5.073709013115137,True,<rdkit.Chem.rdchem.Mol object at 0x735c791f5930>
CHEMBL365355,CDK2,8500.0,nM,C[C@@H](C(=O)Nc1cc(C2CC2)[nH]n1)c1ccc(N2CCN(C)C2=O)cc1,5.070581074285707,True,<rdkit.Chem.rdchem.Mol object at 0x735c791f58c0>
CHEMBL2035056,CDK2,8600.0,nM,COCCOc1ccc2cc1CN(C)C/C=C/COCc1ccc(o1)-c1ccnc(n1)N2,5.065501548756432,True,<rdkit.Chem.rdchem.Mol object at 0x735c791f5850>
CHEMBL308848,CDK2,8800.0,nM,Cc1nc2ccccn2c1-c1ccnc(Nc2ccccc2Cl)n1,5.055517327849831,True,<rdkit.Chem.rdchem.Mol object at 0x735c791f5770>
CHEMBL412142,CDK1,8800.0,nM,Cc1cnc(-c2cnc(NCCNc3ccc(C#N)cn3)nc2-c2ccc(Cl)cc2Cl)[nH]1,5.055517327849831,True,<rdkit.Chem.rdchem.Mol object at 0x735c791f55b0>
CHEMBL203006,CDK1,8800.0,nM,Brc1cccc(-c2cc(NCc3ccncc3)n3ncnc3n2)c1,5.055517327849831,True,<rdkit.Chem.rdchem.Mol object at 0x735c791f5540>
CHEMBL5073869,CDK9,8835.0,nM,Cc1oc2ccc(-c3cc(N)nc(N)c3)cc2c1C,5.053793446157217,True,<rdkit.Chem.rdchem.Mol object at 0x735c791f52a0>
CHEMBL5597702,CDK2,8853.0,nM,COc1cc(F)ccc1-c1cc(Nc2cnn(CCCCCC(=O)NO)c2)ncc1F,5.052909535780378,True,<rdkit.Chem.rdchem.Mol object at 0x735c791f51c0>
CHEMBL3109954,CDK2,8900.0,nM,CCOc1ccccc1Nc1cc2[nH]c(-c3cn[nH]c3)cc2cn1,5.050609993355087,True,<rdkit.Chem.rdchem.Mol object at 0x735c791f5070>
CHEMBL99842,CDK4,8900.0,nM,CC(=O)Nc1nccc(-c2c(C)nc3ccccn23)n1,5.050609993355087,True,<rdkit.Chem.rdchem.Mol object at 0x735c791f4f20>
CHEMBL5598550,CDK2,8970.0,nM,N#CC1(CNc2cccc(-c3cc(Nc4cnn(CCCCCCC(=O)NO)c4)ncc3Cl)n2)CCOCC1,5.047207556955907,True,<rdkit.Chem.rdchem.Mol object at 0x735c791f4eb0>
CHEMBL603097,CDK4,9000.0,nM,COc1ccc2nc3[nH]nc(C)c3c(OC)c2c1,5.045757490560675,True,<rdkit.Chem.rdchem.Mol object at 0x735c791f4dd0>
CHEMBL387829,CDK1,9000.0,nM,COc1cc(Nc2ncc(C#N)c(-c3ccccc3)n2)ccc1CN1CCCC1,5.045757490560675,True,<rdkit.Chem.rdchem.Mol object at 0x735c791f4d60>
CHEMBL461739,CDK1,9000.0,nM,CC(C)n1cnc2ccc3nc(C(=N)NCc4ccccc4)sc3c2c1=O,5.045757490560675,True,<rdkit.Chem.rdchem.Mol object at 0x735c791f4cf0>
CHEMBL119982,CDK1,9000.0,nM,Clc1cccc(Nc2[nH]nc3ncnc(NCc4ccccc4)c23)c1,5.045757490560675,True,<rdkit.Chem.rdchem.Mol object at 0x735c791f4c80>
CHEMBL101558,CDK4,9000.0,nM,CN(C)CC(O)COc1ccc(Nc2cc(Nc3c(F)cccc3F)ncn2)cc1,5.045757490560675,True,<rdkit.Chem.rdchem.Mol object at 0x735c791f4c10>
CHEMBL5188909,CDK9,9090.0,nM,CC(C)n1cnc2c(NCc3nc4ccc(F)c(F)c4[nH]3)nc(N3CCCC[C@H]3CCO)nc21,5.041436116778033,True,<rdkit.Chem.rdchem.Mol object at 0x735c791f4ba0>
CHEMBL487738,CDK2,9100.0,nM,NS(=O)(=O)c1ccc(Nc2cncc(Cl)n2)cc1,5.040958607678906,True,<rdkit.Chem.rdchem.Mol object at 0x735c791f4ac0>
CHEMBL5404411,CDK1,9103.0,nM,COc1ccc(Cc2nnc(N3CCN(C(=O)c4ccccc4)CC3)c3ccccc23)cc1,5.040815457268808,True,<rdkit.Chem.rdchem.Mol object at 0x735c791f49e0>
CHEMBL6160366,CDK1,9139.0,nM,Cc1ccc(O)c(C)c1-n1c(N)c(C(N)=O)c2c(=O)n(C)c(C)cc21,5.039101322673339,True,<rdkit.Chem.rdchem.Mol object at 0x735c791f4970>
CHEMBL3691648,CDK1,9170.0,nM,CN(C)C(=O)c1cc2cnc(Nc3ccc(N4CC5CC4CN5)cn3)nc2n1C1CCCC1,5.03763066432998,True,<rdkit.Chem.rdchem.Mol object at 0x735c791f4820>
CHEMBL233765,CDK2,9300.0,nM,N=C1NC(=O)/C(=C/c2ccc(-c3ccc(C(N)=O)cc3)o2)S1,5.031517051446064,True,<rdkit.Chem.rdchem.Mol object at 0x735c791f47b0>
CHEMBL3971523,CDK2,9350.0,nM,C[C@@H]1CN(c2ccc(Nc3ncc4cc5n(c4n3)C3(CCCC3)CNC5=O)nc2)C[C@H](C)N1,5.029188389127482,True,<rdkit.Chem.rdchem.Mol object at 0x735c791f4660>
CHEMBL86066,CDK1,9400.0,nM,CC(C)n1cnc2c(NCc3ccccc3)nc(NCCO)nc21,5.026872146400301,True,<rdkit.Chem.rdchem.Mol object at 0x735c791f45f0>
CHEMBL5596321,CDK2,9400.0,nM,COC1CCN(C(=O)c2ccc(Nc3cc4[nH]c(C(=O)N(C)C)cc4cn3)c(Cl)c2)CC1,5.026872146400301,True,<rdkit.Chem.rdchem.Mol object at 0x735c791f4580>
CHEMBL2011942,CDK2,9410.0,nM,NC(=O)c1cnc2[nH]c(-c3ccc(OCCN4CCCCC4)cc3)nc2c1NCCCNC(=O)C1CCC1,5.026410376572743,True,<rdkit.Chem.rdchem.Mol object at 0x735c791f4510>
CHEMBL4074015,CDK1,9600.0,nM,C#Cc1nc(Nc2ccc(S(N)(=O)=O)cc2)nc2[nH]cnc12,5.017728766960431,True,<rdkit.Chem.rdchem.Mol object at 0x735c791f4430>
CHEMBL3919835,CDK2,9620.0,nM,C[C@@H]1CN(c2ccc(Nc3ncc4cc5n(c4n3)C3(CCCCC3)CNC5=O)nc2)C[C@H](C)N1C,5.016824927962187,True,<rdkit.Chem.rdchem.Mol object at 0x735c791f43c0>
CHEMBL5597605,CDK2,9631.0,nM,COc1cc(F)ccc1-c1cc(Nc2ccc(NC(=O)CCCCCCC(=O)NO)cc2)ncc1F,5.016328617139804,True,<rdkit.Chem.rdchem.Mol object at 0x735c791f42e0>
CHEMBL1823656,CDK2,9800.0,nM,O=C(N[C@H](c1ccc(Cl)c(Cl)c1)C1CNC1)c1ccc2cnccc2c1,5.008773924307505,True,<rdkit.Chem.rdchem.Mol object at 0x735c791f4270>
CHEMBL223360,CDK1,9800.0,nM,Cc1ccc(F)c(NC(=O)Nc2ccc(-c3cccc4[nH]nc(N)c34)cc2)c1,5.008773924307505,True,<rdkit.Chem.rdchem.Mol object at 0x735c791f4200>
CHEMBL5556898,CDK2,9896.0,nM,CC(=O)Nc1ccc(CNc2nc(OC3CCN(C)CC3)nc3c(C(C)C)cnn23)c(-n2ccnc2)c1,5.004540313378936,True,<rdkit.Chem.rdchem.Mol object at 0x735c791f4120>
CHEMBL3977652,CDK2,9960.0,nM,CN1CCN(c2ccc(Nc3ncc4cc5n(c4n3)C3(CCCC3)CNC5=O)nc2)CC1,5.001740661576301,True,<rdkit.Chem.rdchem.Mol object at 0x735c791f4040>
CHEMBL480384,CDK2,10000.0,nM,CN1CCN(c2cccc3[nH]c(-c4n[nH]c5cc(C6=CC7=CC=CNC7C=C6)ccc45)nc23)CC1,5.0,True,<rdkit.Chem.rdchem.Mol object at 0x735c791f71b0>
CHEMBL2111869,CDK1,10000.0,nM,CC(C)n1cnc2c(NC(CO)c3ccccc3)nc(N3CCC[C@@H]3CO)nc21,5.0,True,<rdkit.Chem.rdchem.Mol object at 0x735c791f7450>
CHEMBL3085246,CDK1,10000.0,nM,CC(C)(C)n1cnc2c(NCc3ccccc3)nc(N3CCC[C@@H]3CO)nc21,5.0,True,<rdkit.Chem.rdchem.Mol object at 0x735c791f6500>
CHEMBL5419968,CDK2,10000.0,nM,COC(=O)c1ccc(NCCc2c[nH]c3ccccc23)c(C(=O)O)c1,5.0,True,<rdkit.Chem.rdchem.Mol object at 0x735c791f6110>
CHEMBL471790,CDK2,10000.0,nM,COc1cc(N)ccc1-c1ccc2c(-c3nc4c(N5CCN(C)CC5)cccc4[nH]3)n[nH]c2c1,5.0,True,<rdkit.Chem.rdchem.Mol object at 0x735c791f54d0>
CHEMBL3702043,CDK4,10000.0,nM,c1cc2c3cnc(Nc4nsc(NC5CCNC5)n4)nc3n(C3CCCC3)c2cn1,5.0,True,<rdkit.Chem.rdchem.Mol object at 0x735c791f7a00>
CHEMBL413188,CDK1,10000.0,nM,O=C1NC(=O)c2c1c1c3ccccc3[nH]c1n1cncc21,5.0,True,<rdkit.Chem.rdchem.Mol object at 0x735c791f53f0>
CHEMBL2348171,CDK2,10000.0,nM,C#Cc1ccc2ccn(-c3ccnc(N)n3)c2c1,5.0,True,<rdkit.Chem.rdchem.Mol object at 0x735c791f7df0>
CHEMBL245725,CDK2,10000.0,nM,CCNC(=O)N1CCC(Nc2nccc(-c3c[nH]c4ccccc34)n2)CC1,5.0,True,<rdkit.Chem.rdchem.Mol object at 0x735c791f63b0>
CHEMBL520911,CDK2,10000.0,nM,CN1CCN(c2cccc3[nH]c(-c4n[nH]c5cc(-c6ccc7[nH]ccc7c6)ccc45)nc23)CC1,5.0,True,<rdkit.Chem.rdchem.Mol object at 0x735c791f4b30>
CHEMBL516244,CDK2,10000.0,nM,COc1ccccc1-c1ccc2c(-c3nc4c(N5CCN(C)CC5)cccc4[nH]3)n[nH]c2c1,5.0,True,<rdkit.Chem.rdchem.Mol object at 0x735c791f4350>
CHEMBL217092,CDK2,10000.0,nM,CN1CCN(CCOc2cc(OC3CCOCC3)c3c(Nc4c(Cl)ccc5c4OCO5)ncnc3c2)CC1,5.0,True,<rdkit.Chem.rdchem.Mol object at 0x735c791f5d20>
CHEMBL3797559,CDK1,10000.0,nM,Nc1ncccc1-c1nc2ccccc2[nH]1,5.0,True,<rdkit.Chem.rdchem.Mol object at 0x735c791f7530>
CHEMBL333382,CDK2,10000.0,nM,O=C(Nc1cc(C2CCCCC2)[nH]n1)c1ccc(Br)cc1,5.0,True,<rdkit.Chem.rdchem.Mol object at 0x735c791f7e60>
CHEMBL115446,CDK2,10000.0,nM,O=C(Nc1cc(C2CC2)[nH]n1)c1ccccc1Cl,5.0,True,<rdkit.Chem.rdchem.Mol object at 0x735c791f7ca0>
CHEMBL84140,CDK1,10000.0,nM,CC(C)n1cnc2c(N)nc(NCCCO)nc21,5.0,True,<rdkit.Chem.rdchem.Mol object at 0x735c791f77d0>
CHEMBL3702075,CDK6,10000.0,nM,c1cc(Nc2ncc3c4sncc4n(C4CCCC4)c3n2)ncc1N1CCNCC1,5.0,True,<rdkit.Chem.rdchem.Mol object at 0x735c791f6f80>
CHEMBL5285681,CDK4,10000.0,nM,CN(Cc1ccccc1)C(=O)CCc1c[nH]c2ccccc12,5.0,True,<rdkit.Chem.rdchem.Mol object at 0x735c791f6960>
CHEMBL392613,CDK2,10000.0,nM,CCNC(=O)N1CCC(Nc2nccc(-n3ccc4ccccc43)n2)CC1,5.0,True,<rdkit.Chem.rdchem.Mol object at 0x735c791f6570>
CHEMBL3085249,CDK1,10000.0,nM,CC(C)n1cnc2c(N(Cc3ccccc3)Cc3ccccc3)nc(N3CCC[C@@H]3CO)nc21,5.0,True,<rdkit.Chem.rdchem.Mol object at 0x735c791f62d0>
CHEMBL399042,CDK1,10000.0,nM,COC(=O)c1cccc2[nH]c(-c3n[nH]c4ncc(-c5cncc6ccccc56)cc34)nc12,5.0,True,<rdkit.Chem.rdchem.Mol object at 0x735c791f5460>
CHEMBL472148,CDK2,10000.0,nM,CC(=O)c1ccc(-c2ccc3c(-c4nc5c(N6CCN(C)CC6)cccc5[nH]4)n[nH]c3c2)cc1,5.0,True,<rdkit.Chem.rdchem.Mol object at 0x735c791f5380>
CHEMBL471791,CDK2,10000.0,nM,CN1CCN(c2cccc3[nH]c(-c4n[nH]c5cc(-c6ccc(C(=O)O)cc6)ccc45)nc23)CC1,5.0,True,<rdkit.Chem.rdchem.Mol object at 0x735c791f5230>
CHEMBL1276127,CDK1,10000.0,nM,O=C1Nc2ccccc2/C1=C1/Nc2ccccc2C1=O,5.0,True,<rdkit.Chem.rdchem.Mol object at 0x735c791f4e40>
CHEMBL5439075,CDK2,10000.0,nM,Cc1cnc2nc1-c1cccc(c1)COC/C=C/COCc1cc(ccc1OCCN1CCCC1)N2,5.0,True,<rdkit.Chem.rdchem.Mol object at 0x735c791f4740>
CHEMBL210229,CDK1,10000.0,nM,CC(C)n1cnc2ccc3nc(C(=N)NCCN(C)C)sc3c2c1=O,5.0,True,<rdkit.Chem.rdchem.Mol object at 0x735c791d89e0>
CHEMBL4877117,CDK9,10000.0,nM,Cn1cc(-n2cnc3c(NCc4nc5cc(Cl)c(Cl)cc5[nH]4)nc(N4CCOCC4)nc32)cn1,5.0,True,<rdkit.Chem.rdchem.Mol object at 0x735c791d92a0>
CHEMBL1800447,CDK1,10000.0,nM,Nc1nccc(-c2cc(N3CCC(O)CC3)ccc2O)n1,5.0,True,<rdkit.Chem.rdchem.Mol object at 0x735c791d8740>
CHEMBL2029907,CDK1,10000.0,nM,CN1CCN(C(=O)c2cc(Nc3ncc4cc(C(=O)O)n(C5CCCC5)c4n3)cn2C)CC1,5.0,True,<rdkit.Chem.rdchem.Mol object at 0x735c791d87b0>
CHEMBL3702075,CDK4,10000.0,nM,c1cc(Nc2ncc3c4sncc4n(C4CCCC4)c3n2)ncc1N1CCNCC1,5.0,True,<rdkit.Chem.rdchem.Mol object at 0x735c791d9a10>
CHEMBL79049,CDK4,10000.0,nM,CCCCOc1c(C(=O)c2c(F)cc(F)cc2F)c[nH]c2nncc1-2,5.0,True,<rdkit.Chem.rdchem.Mol object at 0x735c791dace0>
CHEMBL99782,CDK1,10000.0,nM,CCC(CO)Nc1nc(NCc2ccccc2)c2nc(S)n(C(C)C)c2n1,5.0,True,<rdkit.Chem.rdchem.Mol object at 0x735c791daf80>
CHEMBL474433,CDK2,10000.0,nM,CN1CCN(c2cccc3[nH]c(-c4n[nH]c5cc(-c6ccc(CN)cc6)ccc45)nc23)CC1,5.0,True,<rdkit.Chem.rdchem.Mol object at 0x735c791d8820>
CHEMBL2204592,CDK1,10000.0,nM,CNc1cc(Nc2cnc(C#N)c(O[C@H](C)CN(C)C)n2)ncc1-c1cnn(C)c1,5.0,True,<rdkit.Chem.rdchem.Mol object at 0x735c791d9bd0>
CHEMBL474600,CDK2,10000.0,nM,CC(=O)Nc1ccc(-c2ccc3c(-c4nc5c(N6CCN(C)CC6)cccc5[nH]4)n[nH]c3c2)cc1,5.0,True,<rdkit.Chem.rdchem.Mol object at 0x735c791d8270>
CHEMBL482350,CDK2,10000.0,nM,COc1cc(F)ccc1-c1ccc2c(-c3nc4c(N5CCN(C)CC5)cccc4[nH]3)n[nH]c2c1,5.0,True,<rdkit.Chem.rdchem.Mol object at 0x735c791d82e0>
CHEMBL336995,CDK1,10000.0,nM,CC(C)n1cnc2c(NCc3ccccc3C(F)(F)F)nc(I)nc21,5.0,True,<rdkit.Chem.rdchem.Mol object at 0x735c791d8510>
CHEMBL405665,CDK9,10000.0,nM,Nc1nccc(-c2c[nH]c3ncccc23)n1,5.0,True,<rdkit.Chem.rdchem.Mol object at 0x735c791db840>
CHEMBL1809195,CDK2,10000.0,nM,COc1cc(N2CCN(C(C)=O)CC2)ccc1Nc1ncc(C)c(-c2cnc3ccccn23)n1,5.0,True,<rdkit.Chem.rdchem.Mol object at 0x735c791daa40>
CHEMBL405665,CDK2,10000.0,nM,Nc1nccc(-c2c[nH]c3ncccc23)n1,5.0,True,<rdkit.Chem.rdchem.Mol object at 0x735c791db300>
CHEMBL475640,CDK2,10000.0,nM,COc1ccc(-c2ccc3c(-c4nc5c(N6CCN(C)CC6)cccc5[nH]4)n[nH]c3c2)c(OC)c1,5.0,True,<rdkit.Chem.rdchem.Mol object at 0x735c791da810>
CHEMBL3702048,CDK6,10000.0,nM,CCOC(=O)c1ccc(Nc2ncc3c4ccncc4n(C4CCCC4)c3n2)nc1,5.0,True,<rdkit.Chem.rdchem.Mol object at 0x735c791da1f0>
CHEMBL3702069,CDK4,10000.0,nM,CCC(CC)n1c2cnccc2c2cnc(Nc3ccc(N4CC[C@@H](O)C4)nn3)nc21,5.0,True,<rdkit.Chem.rdchem.Mol object at 0x735c791d8200>
CHEMBL3691623,CDK1,10072.5,nM,CN(C)C(=O)c1cc2cnc(Nc3ccc(N4C[C@@H]5CNC[C@@H]5C4=O)cn3)nc2n1C1CCCC1,4.996862723939585,True,<rdkit.Chem.rdchem.Mol object at 0x735c791da340>
CHEMBL3691608,CDK1,10377.0,nM,CN(C)C(=O)c1cc2cnc(Nc3ccc(C(=O)N4CC5CC4CN5)cn3)nc2n1C1CCCCC1,4.983928183265976,True,<rdkit.Chem.rdchem.Mol object at 0x735c791d9460>
CHEMBL3421969,CDK2,10476.0,nM,COc1cc(N2CCN(C)CC2)ccc1Nc1nccc(-c2c[nH]c3cnc(C)cc23)n1,4.979804510246805,True,<rdkit.Chem.rdchem.Mol object at 0x735c791d90e0>
CHEMBL3691633,CDK1,10777.0,nM,CN(C)C(=O)c1cc2cnc(Nc3ccc(N4C(=O)CN5CCC4CC5)cn3)nc2n1C1CCCCCC1,4.96750211714289,True,<rdkit.Chem.rdchem.Mol object at 0x735c791d99a0>
CHEMBL549585,CDK1,10800.0,nM,C[C@@H]1CNc2c(sc3ccc4nc(-c5cncnc5)ccc4c23)C(=O)N1,4.966576244513051,True,<rdkit.Chem.rdchem.Mol object at 0x735c791da180>
CHEMBL554286,CDK1,10900.0,nM,C[C@@H]1CNc2c(sc3ccc4nc(-c5ccccc5F)ccc4c23)C(=O)N1,4.962573502059376,True,<rdkit.Chem.rdchem.Mol object at 0x735c791d85f0>
CHEMBL1922209,CDK4,11000.0,nM,CCC(O)[C@H](CC)Nc1nc(NCc2cccnc2)c2ncn(C(C)C)c2n1,4.958607314841775,True,<rdkit.Chem.rdchem.Mol object at 0x735c791d8040>
CHEMBL2163994,CDK2,11000.0,nM,Cc1c(N[C@H]2CC[C@H](N)CC2)nc2ccnn2c1Nc1ccc(F)c(Cl)c1,4.958607314841775,True,<rdkit.Chem.rdchem.Mol object at 0x735c791daff0>
CHEMBL542013,CDK2,11000.0,nM,CCSc1nn2c(C)nnc2s1,4.958607314841775,True,<rdkit.Chem.rdchem.Mol object at 0x735c791d8120>
CHEMBL206109,CDK2,11000.0,nM,NS(=O)(=O)c1ccc(Nc2cc(OCC3CCCCC3)nc3ncnn23)cc1,4.958607314841775,True,<rdkit.Chem.rdchem.Mol object at 0x735c791da490>
CHEMBL3798066,CDK2,11000.0,nM,CN(C)C(=O)c1cccc(-c2cnc(N)c(-c3nc4cccc(N5CCNCC5)c4[nH]3)n2)c1,4.958607314841775,True,<rdkit.Chem.rdchem.Mol object at 0x735c791d8f90>
CHEMBL131031,CDK1,11000.0,nM,C=CCN(C)c1nc(I)nc2c1ncn2C(C)C,4.958607314841775,True,<rdkit.Chem.rdchem.Mol object at 0x735c791dad50>
CHEMBL5170524,CDK2,11000.0,nM,COc1cc(C(=O)N2CCCC2)ccc1-c1ccnc2[nH]c(C3CCNCC3)cc12,4.958607314841775,True,<rdkit.Chem.rdchem.Mol object at 0x735c791db060>
CHEMBL551722,CDK2,11000.0,nM,Cc1nnc2sc(NN)nn12,4.958607314841775,True,<rdkit.Chem.rdchem.Mol object at 0x735c791d8c10>
CHEMBL3954643,CDK2,11100.0,nM,O=C1NCC2(CCCC2)n2c1cc1cnc(Nc3ccc(N4CCNCC4)cn3)nc12,4.954677021213342,True,<rdkit.Chem.rdchem.Mol object at 0x735c791d98c0>
CHEMBL5556499,CDK9,11621.0,nM,CC(=O)Nc1ccc(CNc2nc(NC3CCNCC3)nc3c(C(C)C)cnn23)cc1,4.934756498813536,True,<rdkit.Chem.rdchem.Mol object at 0x735c791da0a0>
CHEMBL522590,CDK2,11700.0,nM,Cn1cc(C2=C(c3coc4cc(CO)ccc34)C(=O)NC2=O)c2cc(F)c(Cl)cc21,4.931814138253839,True,<rdkit.Chem.rdchem.Mol object at 0x735c791db4c0>
CHEMBL3654242,CDK1,12000.0,nM,CN(C)C(=O)c1cc2cnc(Nc3ccc(CN4CC(O)C4)cn3)nc2n1C1CCCC1,4.920818753952375,True,<rdkit.Chem.rdchem.Mol object at 0x735c791da650>
CHEMBL1922120,CDK1,12000.0,nM,CCC(O)[C@@H](CC)Nc1nc(NCc2cccnc2)c2ncn(C(C)C)c2n1,4.920818753952375,True,<rdkit.Chem.rdchem.Mol object at 0x735c791dbdf0>
CHEMBL1922212,CDK4,12000.0,nM,CC[C@H](Nc1nc(NCc2cccnc2)c2ncn(C(C)C)c2n1)C(C)(C)O,4.920818753952375,True,<rdkit.Chem.rdchem.Mol object at 0x735c791dbd80>
CHEMBL133042,CDK1,12000.0,nM,Cn1cnc2c(NCc3ccccc3)nc(Cl)nc21,4.920818753952375,True,<rdkit.Chem.rdchem.Mol object at 0x735c791dbd10>
CHEMBL3421963,CDK2,12295.0,nM,COc1cc(N2CCN(C)CC2)ccc1Nc1cc(-c2c[nH]c3cnccc23)ncn1,4.910271466925264,True,<rdkit.Chem.rdchem.Mol object at 0x735c791dbca0>
CHEMBL5744498,CDK9,12500.0,nM,Nc1cc(-c2ccc3nnn(Cc4ccc(C(=O)O)cc4)c3c2)c(Cl)cn1,4.903089986991944,True,<rdkit.Chem.rdchem.Mol object at 0x735c791dbc30>
CHEMBL3809172,CDK4,12500.0,nM,O=C1N=C(C(=O)c2c[nH]c3ccccc23)N/C1=C\c1c[nH]c2cc(O)ccc12,4.903089986991944,True,<rdkit.Chem.rdchem.Mol object at 0x735c791dbbc0>
CHEMBL3691612,CDK1,12731.0,nM,CN(C)C(=O)c1cc2cnc(Nc3ccc(C(=O)N4CC[C@@H]5CC[C@H](C4)N5)cn3)nc2n1C1CCCC1,4.895137481858923,True,<rdkit.Chem.rdchem.Mol object at 0x735c791dba70>
CHEMBL3691587,CDK1,12815.0,nM,CN(C)C(=O)c1cc2cnc(Nc3ccc(C(=O)N4CC5CCC(C4)N5C)cn3)nc2n1C1CCCC1,4.892281389479737,True,<rdkit.Chem.rdchem.Mol object at 0x735c791db8b0>
CHEMBL3691579,CDK1,12965.0,nM,CN(C)C(=O)c1cc2cnc(Nc3ccc(C(=O)N4CC5CCC(C4)N5)cn3)nc2n1[C@@H]1C[C@H]2CC[C@@H]1C2,4.88722747889463,True,<rdkit.Chem.rdchem.Mol object at 0x735c791db7d0>
CHEMBL510863,CDK1,13000.0,nM,CCOC(=N)c1nc2ccc3ncn(C(C)C)c(=O)c3c2s1,4.886056647693163,True,<rdkit.Chem.rdchem.Mol object at 0x735c791db760>
CHEMBL4582624,CDK9,13000.0,nM,COC(=O)N1CCN([C@H]2CC[C@H](Nc3nc(Nc4cnn(C)c4)nc4ccc(CC#N)nc34)CC2)CC1,4.886056647693163,True,<rdkit.Chem.rdchem.Mol object at 0x735c791db6f0>
CHEMBL5404611,CDK2,13000.0,nM,O=C(O)c1ccc(Br)cc1NCCc1c[nH]c2ccccc12,4.886056647693163,True,<rdkit.Chem.rdchem.Mol object at 0x735c791db680>
CHEMBL405551,CDK2,13000.0,nM,c1nc(OCC2CCCCC2)c2nc[nH]c2n1,4.886056647693163,True,<rdkit.Chem.rdchem.Mol object at 0x735c791db610>
CHEMBL103272,CDK1,13000.0,nM,CC(C)C(CO)Nc1nc(Nc2cccc(Cl)c2)c2nc(Cl)n(C(C)C)c2n1,4.886056647693163,True,<rdkit.Chem.rdchem.Mol object at 0x735c791db5a0>
CHEMBL3218000,CDK2,13000.0,nM,C#Cc1cccc(Nc2ncnc3ccc(OCc4ccc(C(=O)Nc5ccccc5N)cc4)cc23)c1,4.886056647693163,True,<rdkit.Chem.rdchem.Mol object at 0x735c791db450>
CHEMBL478797,CDK1,13000.0,nM,Cn1c(=O)[nH]c2ncnc(NCCS(=O)(=O)O)c21,4.886056647693163,True,<rdkit.Chem.rdchem.Mol object at 0x735c791db3e0>
CHEMBL1922209,CDK1,13000.0,nM,CCC(O)[C@H](CC)Nc1nc(NCc2cccnc2)c2ncn(C(C)C)c2n1,4.886056647693163,True,<rdkit.Chem.rdchem.Mol object at 0x735c791db370>
CHEMBL1922211,CDK4,13000.0,nM,CC[C@H](Nc1nc(NCc2cccnc2)c2ncn(C(C)C)c2n1)C(O)C(C)(C)C,4.886056647693163,True,<rdkit.Chem.rdchem.Mol object at 0x735c791db290>
CHEMBL4471178,CDK2,13000.0,nM,CC(C)n1cnc2c(NCc3cccc(C(F)(F)F)c3)ncnc21,4.886056647693163,True,<rdkit.Chem.rdchem.Mol object at 0x735c791db220>
CHEMBL3658072,CDK1,13000.0,nM,CN(C)C(=O)c1cc2cnc(Nc3ccc(C(=O)N4CCC(O)CC4)cn3)nc2n1C1CCCC1,4.886056647693163,True,<rdkit.Chem.rdchem.Mol object at 0x735c791db1b0>
CHEMBL3691561,CDK1,13206.0,nM,CN(C)C(=O)c1cc2cnc(Nc3ccc(C(=O)N4CC5CCC(C4)N5)cn3)nc2n1C1CCCC1,4.8792287070630085,True,<rdkit.Chem.rdchem.Mol object at 0x735c791daf10>
CHEMBL3691650,CDK1,13280.5,nM,CN(C)C(=O)c1cc2cnc(Nc3ccc(N4CCC5(CCCN5)C4=O)cn3)nc2n1C1CCCC1,4.876785573826948,True,<rdkit.Chem.rdchem.Mol object at 0x735c791daea0>
CHEMBL443338,CDK1,13300.0,nM,O=C1NCc2cccc(-c3cc4cc(O)ccc4[nH]3)c21,4.876148359032914,True,<rdkit.Chem.rdchem.Mol object at 0x735c791d86d0>
CHEMBL3691669,CDK1,13338.0,nM,CN(C)C(=O)c1cc2cnc(Nc3ccc(N4C[C@H]5CC[C@@H](CC4=O)N5)cn3)nc2n1C1CCCCC1,4.874909286917366,True,<rdkit.Chem.rdchem.Mol object at 0x735c791dadc0>
CHEMBL478487,CDK2,13600.0,nM,Cc1ccc(CN/C=C2\C(=O)NC(=O)c3ccc(I)cc32)cc1O,4.866461091629782,True,<rdkit.Chem.rdchem.Mol object at 0x735c791dab90>
CHEMBL3125722,CDK2,13600.0,nM,COc1ccc(-c2nc3c(NCCCNC(=O)C4CCCC4)c(-c4nc(C(=O)O)cs4)cnc3[nH]2)cc1,4.866461091629782,True,<rdkit.Chem.rdchem.Mol object at 0x735c791dab20>
CHEMBL3421971,CDK2,13713.0,nM,COc1cc(N2CCN(C)CC2)ccc1Nc1nccc(-c2cn(C)c3c(C)nccc23)n1,4.862867523991007,True,<rdkit.Chem.rdchem.Mol object at 0x735c791daab0>
CHEMBL3654239,CDK1,14000.0,nM,CN(C)C(=O)c1cc2cnc(Nc3ccc(N4CCCNCC4)cn3)nc2n1C1CCCC1,4.853871964321762,True,<rdkit.Chem.rdchem.Mol object at 0x735c791da9d0>
CHEMBL1964252,CDK1,14000.0,nM,Cc1cccc(C)c1NS(=O)(=O)c1ccc(N/C=C2\C(=O)Nc3ccc4ncsc4c32)cc1,4.853871964321762,True,<rdkit.Chem.rdchem.Mol object at 0x735c791da960>
CHEMBL2062581,CDK2,14000.0,nM,CC(=O)Nc1ccc2[nH]cc(-c3cc(NC4CC4)n4ncc(C#N)c4n3)c2c1,4.853871964321762,True,<rdkit.Chem.rdchem.Mol object at 0x735c791da8f0>
CHEMBL1801932,CDK1,14000.0,nM,CC(C)c1cnn2c(NCc3ccccc3)cc(NCCCCCCN)nc12,4.853871964321762,True,<rdkit.Chem.rdchem.Mol object at 0x735c791da880>
CHEMBL550712,CDK2,14000.0,nM,Nc1nc(O)c(Cc2nn3c(Cc4ccccc4)nnc3s2)s1,4.853871964321762,True,<rdkit.Chem.rdchem.Mol object at 0x735c791da7a0>
CHEMBL103567,CDK1,14000.0,nM,Cc1nc2c(Nc3cccc(Cl)c3)nc(NC3CCC(N)CC3)nc2n1C(C)C,4.853871964321762,True,<rdkit.Chem.rdchem.Mol object at 0x735c791da730>
CHEMBL3654242,CDK2,14000.0,nM,CN(C)C(=O)c1cc2cnc(Nc3ccc(CN4CC(O)C4)cn3)nc2n1C1CCCC1,4.853871964321762,True,<rdkit.Chem.rdchem.Mol object at 0x735c791da5e0>
CHEMBL1922218,CDK4,14000.0,nM,CC[C@@H](Nc1nc(NCc2cccnc2)c2ncn(C(C)C)c2n1)[C@H](C)O,4.853871964321762,True,<rdkit.Chem.rdchem.Mol object at 0x735c791da570>
CHEMBL3421964,CDK2,14060.0,nM,COc1cc(N2CCN(C(C)=O)CC2)ccc1Nc1cc(-c2c[nH]c3cnccc23)ncn1,4.852014679316195,True,<rdkit.Chem.rdchem.Mol object at 0x735c791da500>
CHEMBL3691628,CDK1,14105.5,nM,CN(C)C(=O)c1cc2cnc(Nc3ccc(N4C[C@H]5CNC[C@H]5CC4=O)cn3)nc2n1C1CCCC1,4.85061151472717,True,<rdkit.Chem.rdchem.Mol object at 0x735c791da3b0>
CHEMBL3691632,CDK1,14159.0,nM,CN1C[C@H]2CN(c3ccc(Nc4ncc5cc(C(=O)N(C)C)n(C6CCCC6)c5n4)nc3)C(=O)[C@H]2C1,4.848967418243558,True,<rdkit.Chem.rdchem.Mol object at 0x735c791da2d0>
CHEMBL5557269,CDK9,14461.0,nM,CC(C)c1cnn2c(NCc3ccccc3N)nc(OC3CCN(C)CC3)nc12,4.839801673883431,True,<rdkit.Chem.rdchem.Mol object at 0x735c791da110>
CHEMBL3421965,CDK2,14789.0,nM,COc1cc(N2CCN(C(C)=O)CC2)ccc1Nc1cc(-c2cn(C)c3cnccc23)ncn1,4.830061191058185,True,<rdkit.Chem.rdchem.Mol object at 0x735c791da030>
CHEMBL3658028,CDK1,14800.0,nM,CN(C)C(=O)c1cc2cnc(Nc3ccc(C(=O)N(C)CCN)cn3)nc2n1C1CCCC1,4.8297382846050425,True,<rdkit.Chem.rdchem.Mol object at 0x735c791d9fc0>
CHEMBL603073,CDK2,15000.0,nM,O=C1Nc2cc3ccccc3c3c4c(cc1c23)OCO4,4.823908740944319,True,<rdkit.Chem.rdchem.Mol object at 0x735c791d9f50>
CHEMBL3654260,CDK1,15000.0,nM,CN(C)C(=O)c1cc2cnc(Nc3ccc(N4CCN(C[C@H](O)CO)CC4)cn3)nc2n1C1CCCC1,4.823908740944319,True,<rdkit.Chem.rdchem.Mol object at 0x735c791d9ee0>
CHEMBL556836,CDK2,15000.0,nM,c1ccc(Cc2nnc3sc(SSc4nn5c(Cc6ccccc6)nnc5s4)nn23)cc1,4.823908740944319,True,<rdkit.Chem.rdchem.Mol object at 0x735c791d9e70>
CHEMBL570313,CDK2,15000.0,nM,NNc1nn2c(COc3ccc(Cl)cc3)nnc2s1,4.823908740944319,True,<rdkit.Chem.rdchem.Mol object at 0x735c791d9e00>
CHEMBL3589660,CDK9,15000.0,nM,O=C(O)c1nc2ccccc2c2[nH]c3c(Cl)cccc3c12,4.823908740944319,True,<rdkit.Chem.rdchem.Mol object at 0x735c791d9d90>
CHEMBL317281,CDK4,15000.0,nM,CN(C)CC(O)COc1ccc(Nc2cc(Nc3ccc(F)cc3F)ncn2)cc1,4.823908740944319,True,<rdkit.Chem.rdchem.Mol object at 0x735c791d9cb0>
CHEMBL5412165,CDK2,15000.0,nM,N#Cc1ccc(NCCc2c[nH]c3ccccc23)c(C(=O)O)c1,4.823908740944319,True,<rdkit.Chem.rdchem.Mol object at 0x735c791d9b60>
CHEMBL601026,CDK2,15000.0,nM,O=C(O)c1cc2c(c3c1c([N+](=O)[O-])cc1c(O)cccc13)OCO2,4.823908740944319,True,<rdkit.Chem.rdchem.Mol object at 0x735c791d9af0>
CHEMBL100664,CDK2,15000.0,nM,COc1ccccc1Nc1ccnc(Nc2ccc(OCC(O)CN(C)C)cc2)n1,4.823908740944319,True,<rdkit.Chem.rdchem.Mol object at 0x735c791d9850>
CHEMBL5394608,CDK2,15000.0,nM,Cn1cc(CCNc2ccc([N+](=O)[O-])cc2C(=O)O)c2cccc(Cl)c21,4.823908740944319,True,<rdkit.Chem.rdchem.Mol object at 0x735c791d9700>
CHEMBL478488,CDK2,15100.0,nM,O=C1NC(=O)c2ccc(I)cc2/C1=C/NCc1ccc(-c2ccccc2)c(O)c1,4.82102305270683,True,<rdkit.Chem.rdchem.Mol object at 0x735c791d9620>
CHEMBL333231,CDK1,16000.0,nM,Clc1cccc(CNc2[nH]nc3ncnc(Nc4cccc(Cl)c4)c23)c1,4.795880017344075,True,<rdkit.Chem.rdchem.Mol object at 0x735c791d95b0>
CHEMBL5192139,CDK1,16000.0,nM,COc1cc(F)ccc1-c1ccnc2[nH]c(C3CCNCC3)nc12,4.795880017344075,True,<rdkit.Chem.rdchem.Mol object at 0x735c791d9540>
CHEMBL1809196,CDK2,16000.0,nM,COc1cc(N2CCN(C(C)=O)CC2)ccc1Nc1ncc(C(F)(F)F)c(-c2cnc3ccccn23)n1,4.795880017344075,True,<rdkit.Chem.rdchem.Mol object at 0x735c791d94d0>
CHEMBL206659,CDK1,16000.0,nM,CS(=O)(=O)c1ccc(Nc2cc(N[C@H]3CC[C@H](N)CC3)nc3ncnn23)cc1,4.795880017344075,True,<rdkit.Chem.rdchem.Mol object at 0x735c791d93f0>
CHEMBL561985,CDK2,16000.0,nM,Cc1nnc2sc(SCc3ccccc3)nn12,4.795880017344075,True,<rdkit.Chem.rdchem.Mol object at 0x735c791d9380>
CHEMBL447237,CDK1,16000.0,nM,CCC(CO)Nc1nc(NCc2ccccc2)c2nc([N+](=O)[O-])n(C(C)C)c2n1,4.795880017344075,True,<rdkit.Chem.rdchem.Mol object at 0x735c791d8970>
CHEMBL493940,CDK2,16000.0,nM,CNc1nc2oc(-c3ccccc3)nc2c2c1ncn2C,4.795880017344075,True,<rdkit.Chem.rdchem.Mol object at 0x735c791d9150>
CHEMBL334881,CDK4,16200.0,nM,CN1CC[C@H](c2c(O)cc(O)c3c(=O)cc(Sc4ccccc4Cl)oc23)[C@H](O)C1,4.790484985457369,True,<rdkit.Chem.rdchem.Mol object at 0x735c791d9070>
CHEMBL4106830,CDK2,16460.0,nM,CC(C)[C@H]1CNC(=O)c2cc3cnc(Nc4ccc(N5CCNCC5)cn4)nc3n21,4.783570169123749,True,<rdkit.Chem.rdchem.Mol object at 0x735c791d9000>
CHEMBL3980145,CDK2,16500.0,nM,CC1CN(c2ccc(Nc3ncc4cc5n(c4n3)C3(CCCC3)CNC5=O)nc2)CC(C)N1CCC(C)(C)C,4.782516055786093,True,<rdkit.Chem.rdchem.Mol object at 0x735c791d8f20>
CHEMBL2334966,CDK2,16500.0,nM,N#Cc1ccc2ccn(-c3ccnc(N)n3)c2c1,4.782516055786093,True,<rdkit.Chem.rdchem.Mol object at 0x735c791d8e40>
CHEMBL3421975,CDK2,16884.0,nM,CS(=O)(=O)c1ccc(-c2nccc(-c3c[nH]c4cnccc34)n2)cc1,4.772524656517629,True,<rdkit.Chem.rdchem.Mol object at 0x735c791d8dd0>
CHEMBL447758,CDK2,16900.0,nM,O=C1NC(=O)c2ccccc2/C1=C/NCc1cccc(O)c1,4.772113295386326,True,<rdkit.Chem.rdchem.Mol object at 0x735c791d8d60>
CHEMBL489030,CDK2,16900.0,nM,COc1coc(CN/C=C2\C(=O)NC(=O)c3ccc(Br)cc32)cc1=O,4.772113295386326,True,<rdkit.Chem.rdchem.Mol object at 0x735c791d8cf0>
CHEMBL269881,CDK2,17000.0,nM,Nc1nc(OCC2CCCCC2)c2nc[nH]c2n1,4.769551078621726,True,<rdkit.Chem.rdchem.Mol object at 0x735c791d8ba0>
CHEMBL131378,CDK1,17000.0,nM,CC(C)n1cnc2c(NCc3ccccc3)nc(Cl)nc21,4.769551078621726,True,<rdkit.Chem.rdchem.Mol object at 0x735c791d8ac0>
CHEMBL3218001,CDK2,17000.0,nM,C#Cc1cccc(Nc2ncnc3ccc(S(=O)(=O)n4ccc(/C=C/C(=O)Nc5ccccc5N)c4)cc23)c1,4.769551078621726,True,<rdkit.Chem.rdchem.Mol object at 0x735c791d8a50>
CHEMBL269538,CDK1,17000.0,nM,COc1ccc2c(c1)[nH]c1c(C)nccc12,4.769551078621726,True,<rdkit.Chem.rdchem.Mol object at 0x735c791d8900>
CHEMBL606245,CDK2,17000.0,nM,Cc1c(Nc2c(C#N)cncc2/C=C/CCN2CCC[C@@H](N)C2)ccc2[nH]ccc12,4.769551078621726,True,<rdkit.Chem.rdchem.Mol object at 0x735c791d8890>
CHEMBL2348172,CDK2,17000.0,nM,Nc1nccc(-n2ccc3ccc(C(F)(F)F)cc32)n1,4.769551078621726,True,<rdkit.Chem.rdchem.Mol object at 0x735c791d8660>
CHEMBL489627,CDK2,17300.0,nM,O=C1NC(=O)c2ccccc2/C1=C/NCc1ccc(O)cc1,4.761953896871205,True,<rdkit.Chem.rdchem.Mol object at 0x735c791d8580>
CHEMBL3421970,CDK2,17368.0,nM,COc1cc(N2CCN(C)CC2)ccc1Nc1nccc(-c2c[nH]c3c(C)nccc23)n1,4.760250189553636,True,<rdkit.Chem.rdchem.Mol object at 0x735c791d8430>
CHEMBL3691550,CDK1,17590.0,nM,CN(C)C(=O)c1cc2cnc(Nc3ccc(C(=O)N4CC5CCC4C5O)cn3)nc2n1C1CCCCCC1,4.754734160542538,True,<rdkit.Chem.rdchem.Mol object at 0x735c791d83c0>
CHEMBL445162,CDK2,17600.0,nM,CS(=O)(=O)c1cccc(Nc2nccc(Nc3c(Cl)ccc4c3OCO4)n2)c1,4.7544873321858505,True,<rdkit.Chem.rdchem.Mol object at 0x735c791d8190>
CHEMBL336117,CDK1,18000.0,nM,C=CCN(C)c1nc(I)nc2c1ncn2C,4.7447274948966935,True,<rdkit.Chem.rdchem.Mol object at 0x735c791d9d20>
CHEMBL405551,CDK1,18000.0,nM,c1nc(OCC2CCCCC2)c2nc[nH]c2n1,4.7447274948966935,True,<rdkit.Chem.rdchem.Mol object at 0x735c791d8c80>
CHEMBL99699,CDK4,18000.0,nM,CC(C)c1ccccc1Nc1cc(Nc2ccc(OCC(O)CN(C)C)cc2)ncn1,4.7447274948966935,True,<rdkit.Chem.rdchem.Mol object at 0x735c791dba00>
CHEMBL430854,CDK2,18000.0,nM,CN(C)CC(O)COc1ccc(Nc2nccc(Nc3ccc(Cl)cc3)n2)cc1,4.7447274948966935,True,<rdkit.Chem.rdchem.Mol object at 0x735c791d8b30>
CHEMBL388566,CDK1,18000.0,nM,O=C1NCCc2[nH]c(-c3ccnc(-c4ccccc4)c3)cc21,4.7447274948966935,True,<rdkit.Chem.rdchem.Mol object at 0x735c791d9230>
CHEMBL186290,CDK4,18000.0,nM,Cc1cc2c3c(c1)c(C1=C(c4cnc5ccccn45)C(=O)NC1=O)cn3CCN(C(=O)N1CCCCC1)C2,4.7447274948966935,True,<rdkit.Chem.rdchem.Mol object at 0x735c791db530>
CHEMBL264406,CDK2,18000.0,nM,CC(C)(C)n1nc(-c2cccc3ccccc23)c2c(N)ncnc21,4.7447274948966935,True,<rdkit.Chem.rdchem.Mol object at 0x735c791d9930>
CHEMBL5285499,CDK2,18200.0,nM,CCCc1cc(N[C@@H]2CC[C@@H](N)C2)n2nccc2n1,4.739928612014925,True,<rdkit.Chem.rdchem.Mol object at 0x735c791d9690>
CHEMBL489646,CDK2,18300.0,nM,COc1ccc(CN/C=C2\C(=O)NC(=O)c3ccc(-c4ccsc4)cc32)cc1O,4.73754891026957,True,<rdkit.Chem.rdchem.Mol object at 0x735c791d97e0>
CHEMBL3134612,CDK2,18782.0,nM,COc1cc(Nc2nccc(-c3ccc(Cl)cc3)n2)cc(OC)c1OC,4.726258163788953,True,<rdkit.Chem.rdchem.Mol object at 0x735c791db920>
CHEMBL3663785,CDK9,19000.0,nM,O=C(Nc1ccc(Cl)c(-c2ccnc3[nH]c(C4CCNCC4)cc23)n1)c1ccccc1,4.721246399047171,True,<rdkit.Chem.rdchem.Mol object at 0x735c791dae30>
CHEMBL100945,CDK2,19000.0,nM,C#CCN(c1cc(Nc2ccc(OCC(O)CN(C)C)cc2)ncn1)c1cc(Cl)ccc1Cl,4.721246399047171,True,<rdkit.Chem.rdchem.Mol object at 0x735c791d9770>
CHEMBL100664,CDK4,19000.0,nM,COc1ccccc1Nc1ccnc(Nc2ccc(OCC(O)CN(C)C)cc2)n1,4.721246399047171,True,<rdkit.Chem.rdchem.Mol object at 0x735c791dbf40>
CHEMBL396360,CDK2,19000.0,nM,N=C1NC(=O)/C(=C/c2ccc(-c3ccccc3[N+](=O)[O-])o2)S1,4.721246399047171,True,<rdkit.Chem.rdchem.Mol object at 0x735c791dbe60>
CHEMBL1760057,CDK2,19500.0,nM,c1ccc2ncc(Nc3ccnc(Nc4ccc(OCCCN5CCCCC5)cc4)n3)cc2c1,4.709965388637482,True,<rdkit.Chem.rdchem.Mol object at 0x735c791dbb50>
CHEMBL486284,CDK2,19600.0,nM,O=C1NC(=O)c2ccccc2/C1=C/Nc1ccc(CN2CCCCC2)cc1,4.707743928643524,True,<rdkit.Chem.rdchem.Mol object at 0x735c791db990>
CHEMBL1823632,CDK2,19700.0,nM,O=C(NC(c1ccccc1)C1CCNCC1)c1ccc2cnccc2c1,4.705533773838407,True,<rdkit.Chem.rdchem.Mol object at 0x735c791db0d0>
CHEMBL513716,CDK1,19800.0,nM,NS(=O)(=O)c1ccc(Nc2nc3ncnc(Nc4c(F)cccc4F)c3s2)cc1,4.703334809738469,True,<rdkit.Chem.rdchem.Mol object at 0x735c791dac70>
CHEMBL100079,CDK1,20000.0,nM,CCC(CO)Nc1nc(NCc2ccccc2)c2nc(Cl)n(C(C)C)c2n1,4.698970004336019,True,<rdkit.Chem.rdchem.Mol object at 0x735c791da6c0>
CHEMBL316485,CDK1,20000.0,nM,CN1C(=O)Cc2c([nH]c3ccc(Br)cc23)-c2ccccc21,4.698970004336019,True,<rdkit.Chem.rdchem.Mol object at 0x735c791da420>
CHEMBL1234833,CDK4,20000.0,nM,CC(C)c1cnn2c(NCc3ccccc3)cc(N[C@@H](CO)[C@H](O)CO)nc12,4.698970004336019,True,<rdkit.Chem.rdchem.Mol object at 0x735c791d80b0>
CHEMBL23254,CDK1,20000.0,nM,CC(C)[C@H](CO)Nc1nc(Nc2ccc(C(=O)O)c(Cl)c2)c2ncn(C(C)C)c2n1,4.698970004336019,True,<rdkit.Chem.rdchem.Mol object at 0x735c791d9310>
CHEMBL513336,CDK2,20000.0,nM,OCCn1cnc2c(NCc3ccccc3)nc(NCc3ccc(Br)cc3)nc21,4.698970004336019,True,<rdkit.Chem.rdchem.Mol object at 0x735c791d84a0>
CHEMBL488811,CDK2,20000.0,nM,COc1cc(C2=C(c3cn(COc4ccccc4)c4ccccc34)CNC2=O)cc(OC)c1OC,4.698970004336019,True,<rdkit.Chem.rdchem.Mol object at 0x735c791d8350>
CHEMBL1922121,CDK1,20000.0,nM,CC[C@@H](Nc1nc(NCc2cccnc2)c2ncn(C(C)C)c2n1)C(O)C(C)C,4.698970004336019,True,<rdkit.Chem.rdchem.Mol object at 0x735c7919e180>
CHEMBL3658032,CDK2,20000.0,nM,CN(C)C(=O)c1cc2cnc(Nc3ccc(N4CCN(C(=O)OC(C)(C)C)CC4)nn3)nc2n1C1CCCC1,4.698970004336019,True,<rdkit.Chem.rdchem.Mol object at 0x735c7919e7a0>
CHEMBL4213770,CDK1,20225.0,nM,CCN1CCN(Cc2cnc(Nc3cc(-c4cc(F)c5nc(C)n(C(C)C)c5c4)ncn3)nc2)CC1,4.69411146971569,True,<rdkit.Chem.rdchem.Mol object at 0x735c7919e110>
CHEMBL486302,CDK2,20400.0,nM,O=C1NC(=O)c2ccc(I)cc2/C1=C/Nc1ccc(CN2CCCCC2)cc1,4.690369832574102,True,<rdkit.Chem.rdchem.Mol object at 0x735c7919f920>
CHEMBL3691622,CDK1,20621.0,nM,CN(C)C(=O)c1cc2cnc(Nc3ccc(N4C[C@H]5CNC[C@H]5C4=O)cn3)nc2n1C1CCCC1,4.685690277755153,True,<rdkit.Chem.rdchem.Mol object at 0x735c7919c3c0>
CHEMBL1089405,CDK2,20900.0,nM,CP(C)(=O)c1ccc(Nc2nc(C3CCCC3)nc3c2ncn3CCc2cccc(O)c2)cc1,4.679853713888946,True,<rdkit.Chem.rdchem.Mol object at 0x735c7919c6d0>
CHEMBL2163610,CDK2,21000.0,nM,CC(=O)c1ccc(-c2ccc(Nc3c(C)c(N[C@H]4CCCNC4)nc4ccnn34)cc2)s1,4.6777807052660805,True,<rdkit.Chem.rdchem.Mol object at 0x735c7919e0a0>
CHEMBL5394312,CDK2,21000.0,nM,Cn1cc(CCNc2ccc([N+](=O)[O-])cc2C(=O)O)c2ccccc21,4.6777807052660805,True,<rdkit.Chem.rdchem.Mol object at 0x735c7919f290>
CHEMBL1823653,CDK2,21000.0,nM,O=C(NC(c1ccc(Cl)c(Cl)c1)C1CCCNC1)c1ccc2cnccc2c1,4.6777807052660805,True,<rdkit.Chem.rdchem.Mol object at 0x735c7919c740>
CHEMBL5440790,CDK2,21000.0,nM,Cc1ccc2c(c1)c(CCNc1ccc([N+](=O)[O-])cc1C(=O)O)cn2C,4.6777807052660805,True,<rdkit.Chem.rdchem.Mol object at 0x735c7919d8c0>
CHEMBL2348165,CDK2,21000.0,nM,Nc1nccc(-n2ccc3ncccc32)n1,4.6777807052660805,True,<rdkit.Chem.rdchem.Mol object at 0x735c7919fd80>
CHEMBL1922211,CDK1,21000.0,nM,CC[C@H](Nc1nc(NCc2cccnc2)c2ncn(C(C)C)c2n1)C(O)C(C)(C)C,4.6777807052660805,True,<rdkit.Chem.rdchem.Mol object at 0x735c7919f5a0>
CHEMBL1922121,CDK4,21000.0,nM,CC[C@@H](Nc1nc(NCc2cccnc2)c2ncn(C(C)C)c2n1)C(O)C(C)C,4.6777807052660805,True,<rdkit.Chem.rdchem.Mol object at 0x735c7919d9a0>
CHEMBL234944,CDK1,21000.0,nM,CC(C)(N)c1ccc(-c2nc(Nc3ccc(OCCN4CCOCC4)cc3)ncc2C#N)cc1,4.6777807052660805,True,<rdkit.Chem.rdchem.Mol object at 0x735c7919c4a0>
CHEMBL482883,CDK2,21000.0,nM,O=C1NC(=O)c2ccccc2/C1=C/Nc1ccc(CN2CCOCC2)cc1,4.6777807052660805,True,<rdkit.Chem.rdchem.Mol object at 0x735c7919dbd0>
CHEMBL474807,CDK2,21500.0,nM,CN1CCN(c2cccc3[nH]c(-c4n[nH]c5cc(-c6ccc(CO)cc6)ccc45)nc23)CC1,4.667561540084395,True,<rdkit.Chem.rdchem.Mol object at 0x735c7919eb90>
CHEMBL5555502,CDK2,21943.0,nM,CC(=O)Nc1cccc(CNc2nc(OC3CCN(C)CC3)nc3c(C(C)C)cnn23)c1N(C)C,4.658703996889934,True,<rdkit.Chem.rdchem.Mol object at 0x735c7919e960>
CHEMBL2163616,CDK2,22000.0,nM,COCCOc1ccc(Nc2c(C)c(N[C@H]3CCCNC3)nc3ccnn23)cc1,4.657577319177793,True,<rdkit.Chem.rdchem.Mol object at 0x735c7919fca0>
CHEMBL150,CDK6,22000.0,nM,O=c1c(O)c(-c2ccc(O)cc2)oc2cc(O)cc(O)c12,4.657577319177793,True,<rdkit.Chem.rdchem.Mol object at 0x735c7919ec70>
CHEMBL373834,CDK1,22000.0,nM,O=Nc1c(-c2c(O)[nH]c3c(Br)cccc23)[nH]c2ccccc12,4.657577319177793,True,<rdkit.Chem.rdchem.Mol object at 0x735c7919cdd0>
CHEMBL1922210,CDK1,22000.0,nM,CC[C@H](Nc1nc(NCc2cccnc2)c2ncn(C(C)C)c2n1)C(O)C(C)C,4.657577319177793,True,<rdkit.Chem.rdchem.Mol object at 0x735c7919d850>
CHEMBL322640,CDK2,22000.0,nM,CN(C)CC(O)COc1ccc(Nc2cc(Nc3cc(Cl)ccc3Cl)ncn2)cc1,4.657577319177793,True,<rdkit.Chem.rdchem.Mol object at 0x735c7919eea0>
CHEMBL100675,CDK2,22000.0,nM,Cc1ccc(Cl)c(Nc2cc(Nc3ccc(OCC(O)CN(C)C)cc3)ncn2)c1,4.657577319177793,True,<rdkit.Chem.rdchem.Mol object at 0x735c7919c580>
CHEMBL456689,CDK1,22300.0,nM,COc1cc2[nH]c3ncnc(N4CCN(C(=S)Nc5ccc(S(=O)(=O)Nc6ncccn6)cc5)CC4)c3c2cc1OC,4.651695136951839,True,<rdkit.Chem.rdchem.Mol object at 0x735c7919c660>
CHEMBL101868,CDK4,23000.0,nM,COc1ccccc1Nc1cc(Nc2ccc(OCC(O)CN(C)C)cc2)ncn1,4.638272163982407,True,<rdkit.Chem.rdchem.Mol object at 0x735c7919eb20>
CHEMBL328627,CDK1,23000.0,nM,CCn1c2c(c3cc(Br)ccc31)CC(=O)Nc1ccccc1-2,4.638272163982407,True,<rdkit.Chem.rdchem.Mol object at 0x735c7919de00>
CHEMBL1922122,CDK1,23000.0,nM,CC[C@@H](Nc1nc(NCc2cccnc2)c2ncn(C(C)C)c2n1)C(O)C(C)(C)C,4.638272163982407,True,<rdkit.Chem.rdchem.Mol object at 0x735c7919ed50>
CHEMBL522011,CDK2,23000.0,nM,CNc1nc2c(nc(-c3ccccc3)n2C)c2c1ncn2C,4.638272163982407,True,<rdkit.Chem.rdchem.Mol object at 0x735c7919ff40>
CHEMBL551318,CDK2,23000.0,nM,Cc1nnc2sc(SSc3nn4c(C)nnc4s3)nn12,4.638272163982407,True,<rdkit.Chem.rdchem.Mol object at 0x735c7919fed0>
CHEMBL550856,CDK2,23000.0,nM,Sc1nn2c(Cc3ccccc3)nnc2s1,4.638272163982407,True,<rdkit.Chem.rdchem.Mol object at 0x735c7919fe60>
CHEMBL4573345,CDK4,23000.0,nM,CCOC(=O)Sc1cnc(NC(C)=O)s1,4.638272163982407,True,<rdkit.Chem.rdchem.Mol object at 0x735c7919fdf0>
CHEMBL488646,CDK2,23000.0,nM,COc1cc(C2=C(c3cn(COC(C)(C)C)c4ccccc34)CNC2=O)cc(OC)c1OC,4.638272163982407,True,<rdkit.Chem.rdchem.Mol object at 0x735c7919fd10>
CHEMBL1235213,CDK2,23000.0,nM,CCOc1ccc(Nc2c(C)c(N[C@H]3CCCNC3)nc3ccnn23)cc1,4.638272163982407,True,<rdkit.Chem.rdchem.Mol object at 0x735c7919fc30>
CHEMBL5512510,CDK2,23678.0,nM,CC(=O)Nc1ccccc1CNc1nc(OC2CCN(C)CC2)nc2c(C(C)C)cnn12,4.625654983775391,True,<rdkit.Chem.rdchem.Mol object at 0x735c7919fbc0>
CHEMBL563674,CDK2,24000.0,nM,S=c1[nH]c(=S)c2c(Cc3nn4c(Cc5ccccc5)nnc4s3)n[nH]c2[nH]1,4.619788758288394,True,<rdkit.Chem.rdchem.Mol object at 0x735c7919fb50>
CHEMBL557237,CDK2,24000.0,nM,CCSc1nn2c(Cc3ccccc3)nnc2s1,4.619788758288394,True,<rdkit.Chem.rdchem.Mol object at 0x735c7919fae0>
CHEMBL99699,CDK2,24000.0,nM,CC(C)c1ccccc1Nc1cc(Nc2ccc(OCC(O)CN(C)C)cc2)ncn1,4.619788758288394,True,<rdkit.Chem.rdchem.Mol object at 0x735c7919fa70>
CHEMBL550855,CDK2,24000.0,nM,Cc1nnc2sc(Cc3n[nH]c4[nH]c(=S)[nH]c(=S)c34)nn12,4.619788758288394,True,<rdkit.Chem.rdchem.Mol object at 0x735c7919fa00>
CHEMBL5428382,CDK2,24000.0,nM,Cc1cccc2c(CCNc3ccc([N+](=O)[O-])cc3C(=O)O)cn(C)c12,4.619788758288394,True,<rdkit.Chem.rdchem.Mol object at 0x735c7919f990>
CHEMBL557238,CDK2,24000.0,nM,CCSc1nn2c(COc3ccc(Cl)cc3)nnc2s1,4.619788758288394,True,<rdkit.Chem.rdchem.Mol object at 0x735c7919f8b0>
CHEMBL2163623,CDK2,24000.0,nM,CCc1c(NC2CCCNC2)nc2ccnn2c1Nc1ccc(F)c(Cl)c1,4.619788758288394,True,<rdkit.Chem.rdchem.Mol object at 0x735c7919f840>
CHEMBL1922122,CDK4,24000.0,nM,CC[C@@H](Nc1nc(NCc2cccnc2)c2ncn(C(C)C)c2n1)C(O)C(C)(C)C,4.619788758288394,True,<rdkit.Chem.rdchem.Mol object at 0x735c7919f760>
CHEMBL14762,CDK6,24500.0,nM,CC[C@H](CO)Nc1nc(NCc2ccccc2)c2ncn(C(C)C)c2n1,4.610833915635467,True,<rdkit.Chem.rdchem.Mol object at 0x735c7919f6f0>
CHEMBL133213,CDK1,25000.0,nM,OCCNc1nc(NCc2ccccc2)c2[nH]cnc2n1,4.6020599913279625,True,<rdkit.Chem.rdchem.Mol object at 0x735c7919f680>
CHEMBL604748,CDK2,25000.0,nM,COc1cc(O)cc2c1cc([N+](=O)[O-])c1c(C(=O)O)cc3c(c12)OCO3,4.6020599913279625,True,<rdkit.Chem.rdchem.Mol object at 0x735c7919f610>
CHEMBL2163608,CDK2,25000.0,nM,Cc1nc2ccc(Nc3c(C)c(N[C@H]4CCCNC4)nc4ccnn34)cc2s1,4.6020599913279625,True,<rdkit.Chem.rdchem.Mol object at 0x735c7919f530>
CHEMBL1922120,CDK4,25000.0,nM,CCC(O)[C@@H](CC)Nc1nc(NCc2cccnc2)c2ncn(C(C)C)c2n1,4.6020599913279625,True,<rdkit.Chem.rdchem.Mol object at 0x735c7919f4c0>
CHEMBL316887,CDK2,25000.0,nM,CN(C)CC(O)COc1ccc(Nc2cc(Nc3ccccc3[N+](=O)[O-])ncn2)cc1,4.6020599913279625,True,<rdkit.Chem.rdchem.Mol object at 0x735c7919f450>
CHEMBL102136,CDK4,25000.0,nM,Cc1ccc(Nc2cc(Nc3ccc(OCC(O)CN(C)C)cc3)ncn2)cc1,4.6020599913279625,True,<rdkit.Chem.rdchem.Mol object at 0x735c7919f370>
CHEMBL3797559,CDK2,25000.0,nM,Nc1ncccc1-c1nc2ccccc2[nH]1,4.6020599913279625,True,<rdkit.Chem.rdchem.Mol object at 0x735c7919f300>
CHEMBL600828,CDK2,25000.0,nM,COc1c(O)ccc2c1cc([N+](=O)[O-])c1c(C(=O)O)cc3c(c12)OCO3,4.6020599913279625,True,<rdkit.Chem.rdchem.Mol object at 0x735c7919f1b0>
CHEMBL3691629,CDK1,25059.0,nM,CN(C)C(=O)c1cc2cnc(Nc3ccc(N4C[C@@H]5CNC[C@@H]5CC4=O)cn3)nc2n1C1CCCC1,4.601036263874479,True,<rdkit.Chem.rdchem.Mol object at 0x735c7919f140>
CHEMBL48614,CDK4,25250.0,nM,CN1CCC(c2c(O)cc(O)c3c2O/C(=C\c2ccccc2Cl)C3=O)CC1,4.597738617545319,True,<rdkit.Chem.rdchem.Mol object at 0x735c7919f0d0>
CHEMBL606245,CDK1,26000.0,nM,Cc1c(Nc2c(C#N)cncc2/C=C/CCN2CCC[C@@H](N)C2)ccc2[nH]ccc12,4.585026652029182,True,<rdkit.Chem.rdchem.Mol object at 0x735c7919f060>
CHEMBL99687,CDK2,26000.0,nM,Cc1ccc(Nc2ccnc(Nc3ccc(OCC(O)CN(C)C)cc3)n2)cc1,4.585026652029182,True,<rdkit.Chem.rdchem.Mol object at 0x735c7919eff0>
CHEMBL203006,CDK2,26000.0,nM,Brc1cccc(-c2cc(NCc3ccncc3)n3ncnc3n2)c1,4.585026652029182,True,<rdkit.Chem.rdchem.Mol object at 0x735c7919ef80>
CHEMBL2062563,CDK2,26000.0,nM,CC(=O)Nc1ccc2ccn(-c3cc(NC4CC4)n4ncc(C#N)c4n3)c2c1,4.585026652029182,True,<rdkit.Chem.rdchem.Mol object at 0x735c7919ee30>
CHEMBL1087650,CDK2,26400.0,nM,CN1C[C@@H]2C[C@H]1CN2c1ccc(-c2ccnc3c(-c4cccc(O)c4)c(-c4ccncc4)nn23)cc1,4.578396073130169,True,<rdkit.Chem.rdchem.Mol object at 0x735c7919edc0>
CHEMBL483535,CDK2,26500.0,nM,N#Cc1ccc2c(c1)/C(=C/Nc1ccc(CN3CCCCC3)cc1)C(=O)NC2=O,4.576754126063192,True,<rdkit.Chem.rdchem.Mol object at 0x735c7919ece0>
CHEMBL232148,CDK2,27000.0,nM,NS(=O)(=O)c1ccc(-c2ccc(/C=C3\SC(=O)NC3=O)o2)cc1,4.568636235841013,True,<rdkit.Chem.rdchem.Mol object at 0x735c7919ec00>
CHEMBL1806525,CDK2,27000.0,nM,COc1cc(N2CCN(C(C)=O)CC2)ccc1Nc1ncc(C#N)c(-c2cnc3ccccn23)n1,4.568636235841013,True,<rdkit.Chem.rdchem.Mol object at 0x735c7919eab0>
CHEMBL205799,CDK2,27000.0,nM,CC(=O)N1CCN(C(=O)c2cccc(CSc3cnc(NC(=O)c4ccc(N(C)C)cc4)s3)c2)CC1,4.568636235841013,True,<rdkit.Chem.rdchem.Mol object at 0x735c7919ea40>
CHEMBL318485,CDK4,27000.0,nM,CN(C)CC(O)COc1ccc(Nc2cc(Nc3ccccc3F)ncn2)cc1,4.568636235841013,True,<rdkit.Chem.rdchem.Mol object at 0x735c7919e9d0>
CHEMBL2163611,CDK2,27000.0,nM,Cc1c(N[C@H]2CCCNC2)nc2ccnn2c1Nc1ccc2c(cnn2C)c1,4.568636235841013,True,<rdkit.Chem.rdchem.Mol object at 0x735c7919e8f0>
CHEMBL100811,CDK2,28000.0,nM,CN(C)CC(O)COc1ccc(Nc2cc(Nc3ccccc3Br)ncn2)cc1,4.552841968657781,True,<rdkit.Chem.rdchem.Mol object at 0x735c7919e810>
CHEMBL495758,CDK1,28000.0,nM,c1ccc2[nH]c(-c3cc[nH]n3)nc2c1,4.552841968657781,True,<rdkit.Chem.rdchem.Mol object at 0x735c7919e730>
CHEMBL495758,CDK2,28000.0,nM,c1ccc2[nH]c(-c3cc[nH]n3)nc2c1,4.552841968657781,True,<rdkit.Chem.rdchem.Mol object at 0x735c7919e6c0>
CHEMBL1087650,CDK1,28400.0,nM,CN1C[C@@H]2C[C@H]1CN2c1ccc(-c2ccnc3c(-c4cccc(O)c4)c(-c4ccncc4)nn23)cc1,4.546681659952962,True,<rdkit.Chem.rdchem.Mol object at 0x735c7919e5e0>
CHEMBL2348176,CDK2,28500.0,nM,Nc1nccc(-n2ccc3ccccc32)n1,4.54515513999149,True,<rdkit.Chem.rdchem.Mol object at 0x735c7919e570>
CHEMBL4649135,CDK1,28600.0,nM,CCn1cnc2c(NCc3nc4ccc(F)c(F)c4[nH]3)nc(N3CCCC[C@H]3CCO)nc21,4.543633966870957,True,<rdkit.Chem.rdchem.Mol object at 0x735c7919e500>
CHEMBL573578,CDK2,29000.0,nM,CC(C)(C)n1nc(Cc2cccc3ccccc23)c2c(N)ncnc21,4.537602002101044,True,<rdkit.Chem.rdchem.Mol object at 0x735c7919e420>
CHEMBL3691660,CDK1,29281.0,nM,CN(C)C(=O)c1cc2cnc(Nc3ccc(N4C[C@H]5CC[C@@H](CC4=O)N5)cn3)nc2n1C1CCCC1,4.533414095405113,True,<rdkit.Chem.rdchem.Mol object at 0x735c7919e3b0>
CHEMBL5285754,CDK1,29300.0,nM,CS(=O)(=O)N1CCC2(CC1)N=C(c1ccc(Br)cc1)C(=O)N2,4.533132379645891,True,<rdkit.Chem.rdchem.Mol object at 0x735c7919e340>
CHEMBL190201,CDK1,29400.0,nM,COc1ccc(-c2oc3ncnc(NCCO)c3c2-c2ccc(OC)cc2)cc1,4.531652669587842,True,<rdkit.Chem.rdchem.Mol object at 0x735c7919e2d0>
CHEMBL4539558,CDK4,29630.0,nM,N=C1NC(=O)/C(=C2/CCNC(=O)c3[nH]cc(Br)c32)N1,4.528268348519949,True,<rdkit.Chem.rdchem.Mol object at 0x735c7919e260>
CHEMBL5175957,CDK9,30000.0,nM,COc1cc(=O)n(C)cc1-c1ccnc2[nH]c(C3CCN(CC(=O)N(C)C)CC3)cc12,4.522878745280337,True,<rdkit.Chem.rdchem.Mol object at 0x735c7919e1f0>
CHEMBL78223,CDK1,30000.0,nM,CC(C)[C@H](CO)Nc1nc(Nc2ccc(Cl)c(C(=O)O)c2)c2ncn(C(C)C)c2n1,4.522878745280337,True,<rdkit.Chem.rdchem.Mol object at 0x735c7919e030>
CHEMBL226471,CDK1,30000.0,nM,O=C1NCCc2[nH]c(-c3ccnc(-c4ccccc4F)c3)cc21,4.522878745280337,True,<rdkit.Chem.rdchem.Mol object at 0x735c7919df50>
CHEMBL5169987,CDK4,30000.0,nM,Fc1ccc(N2CCCCC2)c(NC(=S)c2ccncc2)c1,4.522878745280337,True,<rdkit.Chem.rdchem.Mol object at 0x735c7919de70>
CHEMBL603494,CDK2,30000.0,nM,O=C(O)c1cc2c(c3c1c([N+](=O)[O-])cc1ccc(O)cc13)OCO2,4.522878745280337,True,<rdkit.Chem.rdchem.Mol object at 0x735c7919dd90>
CHEMBL367442,CDK1,30000.0,nM,Nc1ncnc2c1c(-c1ccccc1)cn2-c1ccc(CO)cc1,4.522878745280337,True,<rdkit.Chem.rdchem.Mol object at 0x735c7919dd20>
CHEMBL454973,CDK2,31000.0,nM,CNc1nc2sc(-c3cccc(CNC(C)=O)c3)nc2c2c1ncn2C,4.508638306165727,True,<rdkit.Chem.rdchem.Mol object at 0x735c7919dcb0>
CHEMBL1922210,CDK4,31000.0,nM,CC[C@H](Nc1nc(NCc2cccnc2)c2ncn(C(C)C)c2n1)C(O)C(C)C,4.508638306165727,True,<rdkit.Chem.rdchem.Mol object at 0x735c7919dc40>
CHEMBL491064,CDK2,32000.0,nM,Cn1cc(C2=C(c3coc4ccccc34)C(=O)NC2=O)c2cc(C3CC3)ccc21,4.494850021680094,True,<rdkit.Chem.rdchem.Mol object at 0x735c7919daf0>
CHEMBL5412113,CDK2,32000.0,nM,O=C(O)c1cc([N+](=O)[O-])ccc1NCCc1coc2ccccc12,4.494850021680094,True,<rdkit.Chem.rdchem.Mol object at 0x735c7919da80>
CHEMBL4459754,CDK6,32100.0,nM,CC(C)c1cnn2c(NCc3ccccc3)cc(NC[C@@H]3CCNC[C@H]3O)nc12,4.493494967595128,True,<rdkit.Chem.rdchem.Mol object at 0x735c7919da10>
CHEMBL269538,CDK2,33000.0,nM,COc1ccc2c(c1)[nH]c1c(C)nccc12,4.481486060122113,True,<rdkit.Chem.rdchem.Mol object at 0x735c7919d930>
CHEMBL318188,CDK4,33000.0,nM,CN(C)CC(O)COc1ccc(Nc2cc(Nc3ccccc3)ncn2)cc1,4.481486060122113,True,<rdkit.Chem.rdchem.Mol object at 0x735c7919d7e0>
CHEMBL176815,CDK1,33000.0,nM,COc1cccc(-c2cn(-c3cccc(CO)c3)c3ncnc(N)c23)c1,4.481486060122113,True,<rdkit.Chem.rdchem.Mol object at 0x735c7919d770>
CHEMBL2163624,CDK2,33000.0,nM,Cc1c(NC2CCCNC2)nc2ccnn2c1Nc1ccc(F)c(Cl)c1,4.481486060122113,True,<rdkit.Chem.rdchem.Mol object at 0x735c7919d700>
CHEMBL4297488,CDK6,34000.0,nM,CC(C)c1cnn2c(NCc3ccccc3)cc(NC[C@H]3CCNC[C@@H]3O)nc12,4.468521082957745,True,<rdkit.Chem.rdchem.Mol object at 0x735c7919d620>
CHEMBL1256759,CDK2,34000.0,nM,O=C(O)c1cc([N+](=O)[O-])ccc1NCCCc1ccccc1,4.468521082957745,True,<rdkit.Chem.rdchem.Mol object at 0x735c7919d5b0>
CHEMBL102047,CDK2,34000.0,nM,CN(C)CC(O)COc1ccc(Nc2nccc(Nc3ccccc3)n2)cc1,4.468521082957745,True,<rdkit.Chem.rdchem.Mol object at 0x735c7919d540>
CHEMBL2348175,CDK2,34000.0,nM,Nc1nccc(-n2ccc3ccc(F)cc32)n1,4.468521082957745,True,<rdkit.Chem.rdchem.Mol object at 0x735c7919d4d0>
CHEMBL101557,CDK2,35000.0,nM,CN(C)CC(O)COc1ccc(Nc2cc(Nc3cc(C(F)(F)F)ccc3F)ncn2)cc1,4.455931955649724,True,<rdkit.Chem.rdchem.Mol object at 0x735c7919d3f0>
CHEMBL99779,CDK1,35000.0,nM,O=C1Cc2c([nH]c3ccc(Br)cc23)-c2ccccc2N1Cc1ccccc1,4.455931955649724,True,<rdkit.Chem.rdchem.Mol object at 0x735c7919d2a0>
CHEMBL1234833,CDK6,35500.0,nM,CC(C)c1cnn2c(NCc3ccccc3)cc(N[C@@H](CO)[C@H](O)CO)nc12,4.449771646944906,True,<rdkit.Chem.rdchem.Mol object at 0x735c7919d230>
CHEMBL3736216,CDK2,36000.0,nM,COc1ccc2[nH]nc(C(=O)NCC3CCN(CCc4ccc(O)cc4)CC3)c2c1,4.443697499232713,True,<rdkit.Chem.rdchem.Mol object at 0x735c7919d1c0>
CHEMBL101052,CDK2,36000.0,nM,COc1ccc(Nc2ccnc(Nc3ccc(OCC(O)CN(C)C)cc3)n2)cc1,4.443697499232713,True,<rdkit.Chem.rdchem.Mol object at 0x735c7919d0e0>
CHEMBL4462126,CDK2,37000.0,nM,CC(C1CC1)n1cnc2c(NCc3cccc(C(F)(F)F)c3)nc(NCCN(C)C)nc21,4.431798275933005,True,<rdkit.Chem.rdchem.Mol object at 0x735c7919d070>
CHEMBL563733,CDK2,37000.0,nM,S=c1[nH]c(=S)c2c(Cc3nn4c(COc5ccc(Cl)cc5)nnc4s3)n[nH]c2[nH]1,4.431798275933005,True,<rdkit.Chem.rdchem.Mol object at 0x735c7919d000>
CHEMBL101558,CDK2,38000.0,nM,CN(C)CC(O)COc1ccc(Nc2cc(Nc3c(F)cccc3F)ncn2)cc1,4.42021640338319,True,<rdkit.Chem.rdchem.Mol object at 0x735c7919cf20>
CHEMBL2346665,CDK2,38000.0,nM,Nc1nccc(-n2ccc3cnc(Cl)cc32)n1,4.42021640338319,True,<rdkit.Chem.rdchem.Mol object at 0x735c7919ceb0>
CHEMBL5432063,CDK2,38000.0,nM,O=C(O)c1cccc([N+](=O)[O-])c1NCCc1c[nH]c2ccccc12,4.42021640338319,True,<rdkit.Chem.rdchem.Mol object at 0x735c7919ce40>
CHEMBL5407688,CDK2,38000.0,nM,Cc1cc([N+](=O)[O-])cc(C(=O)O)c1NCCc1c[nH]c2ccccc12,4.42021640338319,True,<rdkit.Chem.rdchem.Mol object at 0x735c7919cd60>
CHEMBL3421979,CDK2,38379.0,nM,Cc1nccc(-c2c[nH]c3cnccc23)n1,4.415906345393664,True,<rdkit.Chem.rdchem.Mol object at 0x735c7919ccf0>
CHEMBL1952030,CDK2,39000.0,nM,COc1cc[nH]c1/C=C1\C(=O)Nc2ccc([N+](=O)[O-])cc21,4.4089353929735005,True,<rdkit.Chem.rdchem.Mol object at 0x735c7919cc80>
CHEMBL2348180,CDK2,39000.0,nM,N#Cc1ccc2ccn(-c3ccnc(N)c3)c2c1,4.4089353929735005,True,<rdkit.Chem.rdchem.Mol object at 0x735c7919cc10>
CHEMBL418793,CDK2,39000.0,nM,Cc1ccccc1Nc1cc(Nc2ccc(OCC(O)CN(C)C)cc2)ncn1,4.4089353929735005,True,<rdkit.Chem.rdchem.Mol object at 0x735c7919cba0>
CHEMBL486487,CDK2,39800.0,nM,CN(C)C(=O)c1ccc2c(c1)/C(=C/Nc1ccc(CN3CCCCC3)cc1)C(=O)NC2=O,4.400116927926312,True,<rdkit.Chem.rdchem.Mol object at 0x735c7919cb30>
CHEMBL3691604,CDK1,39910.0,nM,CC(C)[C@@H](N)C(=O)N1C2CCC1CN(C(=O)c1ccc(Nc3ncc4cc(C(=O)N(C)C)n(C5CCCC5)c4n3)nc1)C2,4.398918272215977,True,<rdkit.Chem.rdchem.Mol object at 0x735c7919c9e0>
CHEMBL102622,CDK4,40000.0,nM,Cc1nc2ccccn2c1-c1ccnc(NC(=O)C(F)(F)F)n1,4.3979400086720375,True,<rdkit.Chem.rdchem.Mol object at 0x735c7919c970>
CHEMBL3085242,CDK1,40000.0,nM,OC[C@H]1CCCN1c1nc(NCc2ccccc2)c2ncn(C3CCCCC3)c2n1,4.3979400086720375,True,<rdkit.Chem.rdchem.Mol object at 0x735c7919c900>
CHEMBL95477,CDK1,40000.0,nM,O=C1Cc2c([nH]c3ccc(Br)cc23)-c2cccc(O)c2N1,4.3979400086720375,True,<rdkit.Chem.rdchem.Mol object at 0x735c7919c890>
CHEMBL131695,CDK1,40000.0,nM,CC(C)=CCNc1nc(Cl)nc2c1ncn2C,4.3979400086720375,True,<rdkit.Chem.rdchem.Mol object at 0x735c7919c820>
CHEMBL131098,CDK1,40000.0,nM,Cn1cnc2c(NCc3ccccc3)ncnc21,4.3979400086720375,True,<rdkit.Chem.rdchem.Mol object at 0x735c7919c7b0>
CHEMBL337454,CDK1,40000.0,nM,Cn1cnc2c(NCc3ccccc3)nc(N)nc21,4.3979400086720375,True,<rdkit.Chem.rdchem.Mol object at 0x735c7919c5f0>
CHEMBL312078,CDK1,40000.0,nM,CC(C)[C@H](CO)Nc1nc(Nc2ccc(Br)cc2)c2ncn(C(C)C)c2n1,4.3979400086720375,True,<rdkit.Chem.rdchem.Mol object at 0x735c7919c430>
CHEMBL4094562,CDK1,40400.0,nM,C#Cc1nc(Nc2ccccc2)nc2[nH]cnc12,4.393618634889395,True,<rdkit.Chem.rdchem.Mol object at 0x735c7919c350>
CHEMBL323015,CDK2,40400.0,nM,Cc1cc(C)nc(Sc2cc(=O)c3c(O)cc(O)c(C4CCN(C)CC4O)c3o2)n1,4.393618634889395,True,<rdkit.Chem.rdchem.Mol object at 0x735c7919c2e0>
CHEMBL318461,CDK4,41000.0,nM,CN(C)CC(O)COc1ccc(Nc2cc(Nc3ccc(Cl)cc3)ncn2)cc1,4.3872161432802645,True,<rdkit.Chem.rdchem.Mol object at 0x735c7919c200>
CHEMBL4074015,CDK9,41300.0,nM,C#Cc1nc(Nc2ccc(S(N)(=O)=O)cc2)nc2[nH]cnc12,4.384049948343599,True,<rdkit.Chem.rdchem.Mol object at 0x735c7919c190>
CHEMBL3943841,CDK2,41410.0,nM,CN(C)C1CCN(c2ccc(Nc3ncc4cc5n(c4n3)C3(CCCCC3)CNC5=O)nc2)CC1,4.382894769497622,True,<rdkit.Chem.rdchem.Mol object at 0x735c7919c120>
CHEMBL490251,CDK2,41500.0,nM,O=C1NC(=O)c2ccc(I)cc2/C1=C/NCc1ccn(-c2ccccc2)c(=O)c1,4.381951903287908,True,<rdkit.Chem.rdchem.Mol object at 0x735c7919c0b0>
CHEMBL509435,CDK2,42000.0,nM,COc1cc(C2=C(c3cn(C)c4ccccc34)C(=O)NC2)cc(OC)c1OC,4.376750709602099,True,<rdkit.Chem.rdchem.Mol object at 0x735c7919c040>
CHEMBL4459754,CDK4,42000.0,nM,CC(C)c1cnn2c(NCc3ccccc3)cc(NC[C@@H]3CCNC[C@H]3O)nc12,4.376750709602099,True,<rdkit.Chem.rdchem.Mol object at 0x735c7919db60>
CHEMBL5407777,CDK2,42000.0,nM,Nc1cc(NCCc2c[nH]c3ccccc23)c(C(=O)O)cc1[N+](=O)[O-],4.376750709602099,True,<rdkit.Chem.rdchem.Mol object at 0x735c7919f220>
CHEMBL335966,CDK1,42000.0,nM,CC(C)n1cnc2c(NCc3ccccc3)nc(N3CCC(O)C3)nc21,4.376750709602099,True,<rdkit.Chem.rdchem.Mol object at 0x735c7919ef10>
CHEMBL2348170,CDK2,42000.0,nM,Nc1nccc(-n2ccc3cccnc32)n1,4.376750709602099,True,<rdkit.Chem.rdchem.Mol object at 0x735c7919ca50>
CHEMBL328164,CDK1,43000.0,nM,CSC1=Nc2ccccc2-c2[nH]c3ccc(Br)cc3c2C1,4.366531544420414,True,<rdkit.Chem.rdchem.Mol object at 0x735c7919d310>
CHEMBL172973,CDK1,43000.0,nM,COc1cccc(-c2cn(-c3ccccc3)c3ncnc(N)c23)c1,4.366531544420414,True,<rdkit.Chem.rdchem.Mol object at 0x735c7919cf90>
CHEMBL490053,CDK2,44400.0,nM,COc1ccc(CN(C)/C=C2\C(=O)NC(=O)c3ccc(Br)cc32)cc1O,4.35261702988538,True,<rdkit.Chem.rdchem.Mol object at 0x735c7919d380>
CHEMBL1801932,CDK4,44700.0,nM,CC(C)c1cnn2c(NCc3ccccc3)cc(NCCCCCCN)nc12,4.349692476868063,True,<rdkit.Chem.rdchem.Mol object at 0x735c7919dfc0>
CHEMBL6174162,CDK2,44750.0,nM,COc1ccc(NC(=O)NNC(=O)c2oc3ccccc3c2CN2CCN(c3ccccc3)CC2)cn1,4.349206960348069,True,<rdkit.Chem.rdchem.Mol object at 0x735c7919cac0>
CHEMBL77155,CDK1,45000.0,nM,CC(C)=CCNc1nc(N)nc2c1ncn2C(C)C,4.346787486224656,True,<rdkit.Chem.rdchem.Mol object at 0x735c7919f7d0>
CHEMBL2348181,CDK2,45000.0,nM,N#Cc1ccc2ccn(-c3cccc(N)n3)c2c1,4.346787486224656,True,<rdkit.Chem.rdchem.Mol object at 0x735c7919e880>
CHEMBL2348167,CDK2,45100.0,nM,Nc1nccc(-n2ccc3ccncc32)n1,4.345823458122039,True,<rdkit.Chem.rdchem.Mol object at 0x735c7919dee0>
CHEMBL484274,CDK2,45500.0,nM,CCOc1ccc(CN/C=C2\C(=O)NC(=O)c3ccc(Br)cc32)cc1O,4.341988603342887,True,<rdkit.Chem.rdchem.Mol object at 0x735c7919d460>
CHEMBL3421974,CDK2,45885.0,nM,O=C(NC1CCCC1)c1ccc(-c2nccc(-c3c[nH]c4cnccc34)n2)cc1,4.33832926395964,True,<rdkit.Chem.rdchem.Mol object at 0x735c7919d150>
CHEMBL5416233,CDK2,47000.0,nM,CC(=O)c1ccc(NCCc2c[nH]c3ccccc23)c(C(=O)O)c1,4.327902142064283,True,<rdkit.Chem.rdchem.Mol object at 0x735c791dfa70>
CHEMBL233349,CDK2,47000.0,nM,N=C1NC(=O)/C(=C/c2ccc(-c3ccc(C(=O)O)cc3)o2)S1,4.327902142064283,True,<rdkit.Chem.rdchem.Mol object at 0x735c791dfae0>
CHEMBL1801932,CDK6,47000.0,nM,CC(C)c1cnn2c(NCc3ccccc3)cc(NCCCCCCN)nc12,4.327902142064283,True,<rdkit.Chem.rdchem.Mol object at 0x735c791df5a0>
CHEMBL173478,CDK1,47000.0,nM,Nc1ncnc2c1c(-c1ccccc1)cn2-c1cccc(CO)c1,4.327902142064283,True,<rdkit.Chem.rdchem.Mol object at 0x735c791dfca0>
CHEMBL259244,CDK2,49000.0,nM,CCC(C)Oc1nc(N)nc2[nH]cnc12,4.309803919971486,True,<rdkit.Chem.rdchem.Mol object at 0x735c791dd620>
CHEMBL2163609,CDK2,49000.0,nM,Cc1c(N[C@H]2CCCNC2)nc2ccnn2c1Nc1ccc(C(=O)NC2CCCC2)cc1,4.309803919971486,True,<rdkit.Chem.rdchem.Mol object at 0x735c791de500>
CHEMBL4297488,CDK4,49000.0,nM,CC(C)c1cnn2c(NCc3ccccc3)cc(NC[C@H]3CCNC[C@@H]3O)nc12,4.309803919971486,True,<rdkit.Chem.rdchem.Mol object at 0x735c791dc510>
CHEMBL506669,CDK1,50000.0,nM,CCOC(=N)c1nc2ccc3ncn(CC)c(=O)c3c2s1,4.301029995663981,True,<rdkit.Chem.rdchem.Mol object at 0x735c791df290>
CHEMBL4097255,CDK2,50000.0,nM,c1ccc(-c2cccc3nc(-c4cncnc4)nc(NCc4ccccn4)c23)cc1,4.301029995663981,True,<rdkit.Chem.rdchem.Mol object at 0x735c791dc9e0>
CHEMBL4483629,CDK2,50000.0,nM,Clc1nc(NCc2ccccn2)c2c(-c3ccccc3)cccc2n1,4.301029995663981,True,<rdkit.Chem.rdchem.Mol object at 0x735c791de490>
CHEMBL4094440,CDK2,50000.0,nM,NS(=O)(=O)c1cncc(-c2nc(NCc3ccccn3)c3c(-c4ccccc4)cccc3n2)c1,4.301029995663981,True,<rdkit.Chem.rdchem.Mol object at 0x735c791dcf90>
CHEMBL132369,CDK1,50000.0,nM,Cn1cnc2c(N)nc(NCCO)nc21,4.301029995663981,True,<rdkit.Chem.rdchem.Mol object at 0x735c791dda10>
CHEMBL1809197,CDK2,53000.0,nM,COc1cc(N2CCN(C(C)=O)CC2)ccc1Nc1ncc(OC)c(-c2cnc3ccccn23)n1,4.275724130399211,True,<rdkit.Chem.rdchem.Mol object at 0x735c791df990>
CHEMBL169757,CDK1,54000.0,nM,Nc1ncnc2c1c(-c1ccccc1)cn2-c1ccccc1,4.267606240177032,True,<rdkit.Chem.rdchem.Mol object at 0x735c791dcc80>
CHEMBL3421980,CDK2,56703.0,nM,Cc1nccc(-c2cn(Cc3ccccc3)c3cnccc23)n1,4.246393963170954,True,<rdkit.Chem.rdchem.Mol object at 0x735c791dda80>
CHEMBL101779,CDK4,57000.0,nM,COc1ccc(Nc2cc(Nc3ccc(OCC(O)CN(C)C)cc3)ncn2)cc1,4.2441251443275085,True,<rdkit.Chem.rdchem.Mol object at 0x735c791df7d0>
CHEMBL120703,CDK1,57000.0,nM,CC(C)(C)OC(=O)Nc1ccc(Nc2[nH]nc3ncnc(Nc4cccc(Cl)c4)c23)cc1,4.2441251443275085,True,<rdkit.Chem.rdchem.Mol object at 0x735c791dce40>
CHEMBL319709,CDK2,59000.0,nM,NC(=O)c1ccc(Nc2nc(N)cc(OCC3CCCCC3)n2)cc1,4.229147988357856,True,<rdkit.Chem.rdchem.Mol object at 0x735c791df8b0>
CHEMBL99280,CDK1,60000.0,nM,C=CCn1c2c(c3cc(Br)ccc31)CC(=O)Nc1ccccc1-2,4.221848749616356,True,<rdkit.Chem.rdchem.Mol object at 0x735c791de420>
CHEMBL2163612,CDK2,62000.0,nM,Cc1c(N[C@H]2CCCNC2)nc2ccnn2c1Nc1ccc(OCCN2CCOCC2)cc1,4.2076083105017466,True,<rdkit.Chem.rdchem.Mol object at 0x735c791dff40>
CHEMBL201307,CDK2,62000.0,nM,COc1cc2c(Nc3ncc(CC(=O)Nc4cccc(F)c4)s3)ncnc2cc1OCCCN1CCC(CO)CC1,4.2076083105017466,True,<rdkit.Chem.rdchem.Mol object at 0x735c791dfed0>
CHEMBL319709,CDK1,63000.0,nM,NC(=O)c1ccc(Nc2nc(N)cc(OCC3CCCCC3)n2)cc1,4.200659450546418,True,<rdkit.Chem.rdchem.Mol object at 0x735c791dfe60>
CHEMBL131382,CDK1,65000.0,nM,CC(C)=CCNc1nc(NCCO)nc2c1ncn2C,4.187086643357144,True,<rdkit.Chem.rdchem.Mol object at 0x735c791dfdf0>
CHEMBL100670,CDK1,65000.0,nM,CCC(CO)Nc1nc(NCc2ccccc2)c2nc(O)n(C(C)C)c2n1,4.187086643357144,True,<rdkit.Chem.rdchem.Mol object at 0x735c791dfd80>
CHEMBL100500,CDK1,70000.0,nM,CCC(CO)Nc1nc(NCc2ccccc2)c2nc(N)n(C(C)C)c2n1,4.154901959985743,True,<rdkit.Chem.rdchem.Mol object at 0x735c791dfd10>
CHEMBL317398,CDK1,70000.0,nM,Cn1cnc2c(N)nc(Cl)nc21,4.154901959985743,True,<rdkit.Chem.rdchem.Mol object at 0x735c791dfc30>
CHEMBL100312,CDK1,70000.0,nM,CC(C)(C)OC(=O)n1c2c(c3cc(Br)ccc31)CC(=O)Nc1ccccc1-2,4.154901959985743,True,<rdkit.Chem.rdchem.Mol object at 0x735c791dfbc0>
CHEMBL1973716,CDK1,70000.0,nM,O=C(Cn1c2ccc(Br)cc2c2nc3ccccc3nc21)NNC(=S)NC1CCCCC1,4.154901959985743,True,<rdkit.Chem.rdchem.Mol object at 0x735c791dfb50>
CHEMBL525921,CDK2,70000.0,nM,Cc1ccc(-c2ccc(C(=O)N(C)CCc3c[nH]c4ccccc34)cc2)cc1,4.154901959985743,True,<rdkit.Chem.rdchem.Mol object at 0x735c791df920>
CHEMBL3604460,CDK2,71000.0,nM,CC1=C(C(=O)OC2CCCCC2)C(c2ccc([N+](=O)[O-])cc2)C2=C(CC(C)(C)CC2=O)N1,4.1487416512809245,True,<rdkit.Chem.rdchem.Mol object at 0x735c791df840>
CHEMBL67655,CDK4,74500.0,nM,Nc1cccc(-c2cccc3c2[nH]c2ccc4ccc(O)cc4c23)c1,4.127843727251707,True,<rdkit.Chem.rdchem.Mol object at 0x735c791df760>
CHEMBL132948,CDK1,75000.0,nM,Ic1nc(NCc2ccccc2)c2ncn(C3CCCC3)c2n1,4.1249387366083,True,<rdkit.Chem.rdchem.Mol object at 0x735c791df6f0>
CHEMBL3545110,CDK2,76000.0,nM,CN(C)C(=O)c1cc2cnc(Nc3ccc(N4CCNCC4)cn3)nc2n1C1CCCC1,4.119186407719209,True,<rdkit.Chem.rdchem.Mol object at 0x735c791df680>
CHEMBL77262,CDK1,80000.0,nM,CC(C)[C@H](CO)Nc1nc(Nc2ccc(Cl)cc2)c2ncn(C(C)C)c2n1,4.096910013008056,True,<rdkit.Chem.rdchem.Mol object at 0x735c791df610>
CHEMBL328623,CDK2,81000.0,nM,Cc1ccc(F)c(Nc2cc(Nc3ccc(OCC(O)CN(C)C)cc3)ncn2)c1,4.091514981121351,True,<rdkit.Chem.rdchem.Mol object at 0x735c791df4c0>
CHEMBL173453,CDK1,82500.0,nM,Nc1ncnc2c1c(-c1ccccc1)cn2-c1ccc(CNCCO)cc1,4.0835460514500745,True,<rdkit.Chem.rdchem.Mol object at 0x735c791df450>
CHEMBL101868,CDK2,85000.0,nM,COc1ccccc1Nc1cc(Nc2ccc(OCC(O)CN(C)C)cc2)ncn1,4.070581074285707,True,<rdkit.Chem.rdchem.Mol object at 0x735c791df3e0>
CHEMBL499521,CDK2,85000.0,nM,Nc1c[nH]nc1C(=O)Nc1ccc(F)cc1,4.070581074285707,True,<rdkit.Chem.rdchem.Mol object at 0x735c791df220>
CHEMBL335938,CDK1,90000.0,nM,Ic1nc(NCc2ccccc2)c2ncn(C3CCCCC3)c2n1,4.045757490560675,True,<rdkit.Chem.rdchem.Mol object at 0x735c791df140>
CHEMBL133214,CDK1,90000.0,nM,Nc1nc(NCc2ccccc2)c2[nH]cnc2n1,4.045757490560675,True,<rdkit.Chem.rdchem.Mol object at 0x735c791df0d0>
CHEMBL174634,CDK1,90000.0,nM,Cc1ccccc1-c1cn(-c2ccccc2)c2ncnc(N)c12,4.045757490560675,True,<rdkit.Chem.rdchem.Mol object at 0x735c791df060>
CHEMBL285527,CDK2,91000.0,nM,O=S(=O)(O)c1cccc2cccc(Nc3ccccc3)c12,4.040958607678906,True,<rdkit.Chem.rdchem.Mol object at 0x735c791dd380>
CHEMBL498705,CDK2,91000.0,nM,CN(CCc1c[nH]c2ccccc12)C(=O)c1ccc(-c2ccc(-c3ccccc3)cc2)cc1,4.040958607678906,True,<rdkit.Chem.rdchem.Mol object at 0x735c791def80>
CHEMBL457179,CDK2,92000.0,nM,CN(CCc1c[nH]c2ccccc12)C(=O)c1ccc(-c2ccncc2)cc1,4.036212172654444,True,<rdkit.Chem.rdchem.Mol object at 0x735c791def10>
CHEMBL317281,CDK2,93000.0,nM,CN(C)CC(O)COc1ccc(Nc2cc(Nc3ccc(F)cc3F)ncn2)cc1,4.031517051446065,True,<rdkit.Chem.rdchem.Mol object at 0x735c791deea0>
CHEMBL102622,CDK2,95000.0,nM,Cc1nc2ccccn2c1-c1ccnc(NC(=O)C(F)(F)F)n1,4.022276394711152,True,<rdkit.Chem.rdchem.Mol object at 0x735c791dee30>
CHEMBL99647,CDK2,95000.0,nM,CN(C)CC(O)COc1ccc(Nc2cc(Nc3ccccc3Cl)ncn2)cc1,4.022276394711152,True,<rdkit.Chem.rdchem.Mol object at 0x735c791dedc0>
CHEMBL1222565,CDK2,95000.0,nM,O=C(NC[C@@H]1CCCN1)c1ccc(-c2cnc3ccc(NCc4ccc(Cl)c(Cl)c4)nn23)cc1,4.022276394711152,True,<rdkit.Chem.rdchem.Mol object at 0x735c791ded50>
CHEMBL197077,CDK2,96000.0,nM,NC1=NONC1N1N=NC(C(=O)N/N=C/c2ccncc2)C1CN1CCCCC1,4.017728766960432,True,<rdkit.Chem.rdchem.Mol object at 0x735c791dece0>
CHEMBL445420,CDK2,97000.0,nM,O=C(Nc1ccccc1)c1cc[nH]n1,4.013228265733755,True,<rdkit.Chem.rdchem.Mol object at 0x735c791dec00>
CHEMBL4531006,CDK4,98460.0,nM,N=C1NC(=O)/C(=C2/CCNC(=O)c3[nH]c(Br)c(Br)c32)N1,4.006740168563264,True,<rdkit.Chem.rdchem.Mol object at 0x735c791deb90>
CHEMBL522760,CDK2,99000.0,nM,COc1cccc2c(C3=C(c4cn(C)c5cc(Cl)c(F)cc45)C(=O)NC3=O)coc12,4.00436480540245,True,<rdkit.Chem.rdchem.Mol object at 0x735c791deab0>
CHEMBL133477,CDK1,100000.0,nM,Ic1nc(NCc2ccccc2)c2ncn(Cc3ccccc3)c2n1,4.0,True,<rdkit.Chem.rdchem.Mol object at 0x735c791dea40>
CHEMBL77732,CDK1,100000.0,nM,COc1ccc(CNc2nc(N[C@@H](CO)CC(C)C)nc3c2ncn3C(C)C)cc1,4.0,True,<rdkit.Chem.rdchem.Mol object at 0x735c791de9d0>
CHEMBL14762,CDK4,100000.0,nM,CC[C@H](CO)Nc1nc(NCc2ccccc2)c2ncn(C(C)C)c2n1,4.0,True,<rdkit.Chem.rdchem.Mol object at 0x735c791de960>
CHEMBL259850,CDK2,100000.0,nM,COc1ccc(CNC(=O)Nc2ncc([N+](=O)[O-])s2)cc1,4.0,True,<rdkit.Chem.rdchem.Mol object at 0x735c791de880>
CHEMBL74799,CDK1,100000.0,nM,CC(C)[C@H](CO)Nc1nc(Nc2ccc(O)c(C(=O)O)c2)c2ncn(C(C)C)c2n1,4.0,True,<rdkit.Chem.rdchem.Mol object at 0x735c791de810>
CHEMBL29197,CDK1,100000.0,nM,COc1cc2ncnc(Nc3cccc(Br)c3)c2cc1OC,4.0,True,<rdkit.Chem.rdchem.Mol object at 0x735c791de6c0>
CHEMBL3616877,CDK2,105100.0,nM,CCOc1cc(C(=O)Nc2ccc(S(=O)(=O)Nc3nc(C)cc(C)n3)cc2)cc(OCC)c1OCC,3.978397283971757,True,<rdkit.Chem.rdchem.Mol object at 0x735c791de5e0>
CHEMBL474441,CDK2,109000.0,nM,CNc1ccc(-c2ccc3c(-c4nc5c(N6CCN(C)CC6)cccc5[nH]4)n[nH]c3c2)cc1,3.962573502059376,True,<rdkit.Chem.rdchem.Mol object at 0x735c791de570>
CHEMBL133740,CDK1,110000.0,nM,CC(C)n1cnc2c(N3CC=CCC3)nc(NCCO)nc21,3.958607314841775,True,<rdkit.Chem.rdchem.Mol object at 0x735c791de340>
CHEMBL364811,CDK1,111400.0,nM,CN(CCO)c1ncnc2oc(-c3ccccc3)c(-c3ccccc3)c12,3.9531148091622894,True,<rdkit.Chem.rdchem.Mol object at 0x735c791de2d0>
CHEMBL3545110,CDK1,113000.0,nM,CN(C)C(=O)c1cc2cnc(Nc3ccc(N4CCNCC4)cn3)nc2n1C1CCCC1,3.94692155651658,True,<rdkit.Chem.rdchem.Mol object at 0x735c791de260>
CHEMBL457047,CDK2,120000.0,nM,NS(=O)(=O)c1cccc2c(O)cccc12,3.920818753952375,True,<rdkit.Chem.rdchem.Mol object at 0x735c791de1f0>
CHEMBL337161,CDK1,130000.0,nM,CN(c1nc(Cl)nc2c1ncn2C)C1CCCCC1,3.886056647693163,True,<rdkit.Chem.rdchem.Mol object at 0x735c791de110>
CHEMBL308714,CDK1,130000.0,nM,CC(C)n1cnc2c(Nc3ccccc3)nc(N3CCCCC3CCO)nc21,3.886056647693163,True,<rdkit.Chem.rdchem.Mol object at 0x735c791de0a0>
CHEMBL310590,CDK1,130000.0,nM,CC[C@H](CO)Nc1nc(NCc2ccc(OC)cc2)c2ncn(C(C)C)c2n1,3.886056647693163,True,<rdkit.Chem.rdchem.Mol object at 0x735c791de030>
CHEMBL515051,CDK2,150000.0,nM,O=C(NCCc1c[nH]c2ccccc12)c1cccc(-c2cccnc2)c1,3.823908740944319,True,<rdkit.Chem.rdchem.Mol object at 0x735c791ddfc0>
CHEMBL337291,CDK1,150000.0,nM,CC(C)n1cnc2c(Cl)nc(I)nc21,3.823908740944319,True,<rdkit.Chem.rdchem.Mol object at 0x735c791ddf50>
CHEMBL233763,CDK2,150000.0,nM,N=C1NC(=O)/C(=C/c2ccc(-c3ccc(S(=O)(=O)N4CCOCC4)cc3)o2)S1,3.823908740944319,True,<rdkit.Chem.rdchem.Mol object at 0x735c791ddee0>
CHEMBL336176,CDK1,150000.0,nM,C=CCN(C)c1nc(NCCO)nc2c1ncn2C(C)C,3.823908740944319,True,<rdkit.Chem.rdchem.Mol object at 0x735c791dde70>
CHEMBL76592,CDK1,160000.0,nM,CC(C)n1cnc2c(NCc3ccccc3)nc(N3CCCCC3CCO)nc21,3.795880017344075,True,<rdkit.Chem.rdchem.Mol object at 0x735c791ddd90>
CHEMBL76761,CDK1,170000.0,nM,CC(C)[C@H](CO)Nc1nc(NCc2cccc(I)c2)c2ncn(C(C)C)c2n1,3.769551078621726,True,<rdkit.Chem.rdchem.Mol object at 0x735c791ddd20>
CHEMBL86795,CDK2,185000.0,nM,c1ccc2[nH]ncc2c1,3.7328282715969854,True,<rdkit.Chem.rdchem.Mol object at 0x735c791ddcb0>
CHEMBL130306,CDK1,200000.0,nM,Nc1[nH]c(NCCO)nc2ncnc1-2,3.6989700043360183,True,<rdkit.Chem.rdchem.Mol object at 0x735c791ddc40>
CHEMBL557321,CDK2,200000.0,nM,Fc1ccc2[nH]cc(CCn3ccc4ccccc43)c2c1,3.6989700043360183,True,<rdkit.Chem.rdchem.Mol object at 0x735c791ddbd0>
CHEMBL3085250,CDK1,200000.0,nM,OC[C@H]1CCCN1c1nc(NCc2ccccc2)c2ncn(Cc3ccccc3)c2n1,3.6989700043360183,True,<rdkit.Chem.rdchem.Mol object at 0x735c791ddaf0>
CHEMBL228862,CDK1,200000.0,nM,c1ccc(CNc2ncnc3[nH]cnc23)cc1,3.6989700043360183,True,<rdkit.Chem.rdchem.Mol object at 0x735c791dd9a0>
CHEMBL226345,CDK1,200000.0,nM,Nc1[nH]cnc2ncnc1-2,3.6989700043360183,True,<rdkit.Chem.rdchem.Mol object at 0x735c791dd930>
CHEMBL80674,CDK1,210000.0,nM,COc1ccc(CNc2nc(N3CCCCC3CCO)nc3c2ncn3C(C)C)cc1,3.677780705266081,True,<rdkit.Chem.rdchem.Mol object at 0x735c791dd8c0>
CHEMBL77610,CDK1,220000.0,nM,CC(C)n1cnc2c(Nc3cccc(Cl)c3)nc(N(CCO)CCO)nc21,3.6575773191777934,True,<rdkit.Chem.rdchem.Mol object at 0x735c791dd850>
CHEMBL311228,CDK1,220000.0,nM,CC(C)n1cnc2/c(=N/c3cccc(Cl)c3)nc(NCCO)[nH]c21,3.6575773191777934,True,<rdkit.Chem.rdchem.Mol object at 0x735c791dd7e0>
CHEMBL77064,CDK1,230000.0,nM,CC(C)n1cnc2c(Nc3cccc(Cl)c3)nc(N(CCO)CCCO)nc21,3.638272163982407,True,<rdkit.Chem.rdchem.Mol object at 0x735c791dd770>
CHEMBL80898,CDK1,230000.0,nM,COc1ccc(CNc2nc(N[C@@H](CO)C(C)C)nc3c2ncn3C(C)C)cc1,3.638272163982407,True,<rdkit.Chem.rdchem.Mol object at 0x735c791dd150>
CHEMBL76670,CDK1,240000.0,nM,CC(C)[C@H](CO)Nc1nc(Nc2ccccc2)c2ncn(C(C)C)c2n1,3.6197887582883936,True,<rdkit.Chem.rdchem.Mol object at 0x735c791dd5b0>
CHEMBL330398,CDK1,250000.0,nM,COc1cccc2c1NC(=O)Cc1c-2[nH]c2ccc(Br)cc12,3.6020599913279625,True,<rdkit.Chem.rdchem.Mol object at 0x735c791dd4d0>
CHEMBL80225,CDK1,250000.0,nM,COc1ccc(CNc2nc(N(CCO)CCCO)nc3c2ncn3C(C)C)cc1,3.6020599913279625,True,<rdkit.Chem.rdchem.Mol object at 0x735c791dd460>
CHEMBL29197,CDK2,250000.0,nM,COc1cc2ncnc(Nc3cccc(Br)c3)c2cc1OC,3.6020599913279625,True,<rdkit.Chem.rdchem.Mol object at 0x735c791dd310>
CHEMBL335743,CDK1,260000.0,nM,Nc1nc(Cl)c2ncn(C3CCCC3)c2n1,3.585026652029182,True,<rdkit.Chem.rdchem.Mol object at 0x735c791dd2a0>
CHEMBL5410679,CDK2,260000.0,nM,O=C(O)c1ccc(C(F)(F)F)cc1NCCc1c[nH]c2ccccc12,3.585026652029182,True,<rdkit.Chem.rdchem.Mol object at 0x735c791dd0e0>
CHEMBL525530,CDK2,262000.0,nM,CC(C)(C)c1ccc(-c2ccccc2C(=O)NCCc2c[nH]c3ccccc23)cc1,3.5816987086802543,True,<rdkit.Chem.rdchem.Mol object at 0x735c791dcf20>
CHEMBL80916,CDK1,270000.0,nM,CC(C)n1cnc2c(Nc3cccc(Br)c3)nc(NCCO)nc21,3.568636235841013,True,<rdkit.Chem.rdchem.Mol object at 0x735c791dceb0>
CHEMBL525538,CDK2,289000.0,nM,COc1ccc(-c2ccc(C(=O)N(C)CCc3c[nH]c4ccccc34)cc2)cc1,3.539102157243452,True,<rdkit.Chem.rdchem.Mol object at 0x735c791dcdd0>
CHEMBL415270,CDK1,290000.0,nM,CC(C)n1cnc2c(Nc3ccc(F)c(Cl)c3)nc(NCCO)nc21,3.5376020021010435,True,<rdkit.Chem.rdchem.Mol object at 0x735c791dccf0>
CHEMBL79764,CDK1,300000.0,nM,CC(C)n1cnc2c(Nc3cccc(Cl)c3)nc(NC3c4ccccc4C[C@@H]3O)nc21,3.5228787452803374,True,<rdkit.Chem.rdchem.Mol object at 0x735c791dcb30>
CHEMBL306783,CDK1,300000.0,nM,CC[C@H](CO)Nc1nc(Nc2cccc(Cl)c2)c2ncn(C(C)C)c2n1,3.5228787452803374,True,<rdkit.Chem.rdchem.Mol object at 0x735c791dcac0>
CHEMBL336556,CDK1,300000.0,nM,CN1CN=C(NCc2ccccc2)c2[nH]cnc21,3.5228787452803374,True,<rdkit.Chem.rdchem.Mol object at 0x735c791dca50>
CHEMBL330897,CDK1,320000.0,nM,Cc1nc(N)c2[nH]cnc2n1,3.4948500216800937,True,<rdkit.Chem.rdchem.Mol object at 0x735c791dc7b0>
CHEMBL80713,CDK1,330000.0,nM,COc1ccc(CNc2nc(N(CCO)CCO)nc3c2ncn3C(C)C)cc1,3.481486060122113,True,<rdkit.Chem.rdchem.Mol object at 0x735c791dc660>
CHEMBL191632,CDK2,350000.0,nM,Nc1cncc(Cl)n1,3.4559319556497243,True,<rdkit.Chem.rdchem.Mol object at 0x735c791dc4a0>
CHEMBL80213,CDK1,360000.0,nM,CC(C)[C@H](CO)Nc1nc(Nc2ccc(F)c(Cl)c2)c2ncn(C(C)C)c2n1,3.443697499232713,True,<rdkit.Chem.rdchem.Mol object at 0x735c791dc190>
CHEMBL456760,CDK2,375000.0,nM,COc1ccccc1-c1ccccc1C(=O)NCCc1c[nH]c2ccccc12,3.425968732272281,True,<rdkit.Chem.rdchem.Mol object at 0x735c791dc0b0>
CHEMBL131896,CDK1,400000.0,nM,CN1CN=C(N)c2[nH]cnc21,3.397940008672037,True,<rdkit.Chem.rdchem.Mol object at 0x735c791df370>
CHEMBL569847,CDK2,400000.0,nM,Cc1ccc2[nH]cc(CCn3ccc4ccccc43)c2c1,3.397940008672037,True,<rdkit.Chem.rdchem.Mol object at 0x735c791de3b0>
CHEMBL311741,CDK1,400000.0,nM,COc1cccc(Nc2nc(NCCO)nc3c2ncn3C(C)C)c1,3.397940008672037,True,<rdkit.Chem.rdchem.Mol object at 0x735c791dd3f0>
CHEMBL309978,CDK1,400000.0,nM,CC(C)n1cnc2c(Nc3cccc(F)c3)nc(NCCO)nc21,3.397940008672037,True,<rdkit.Chem.rdchem.Mol object at 0x735c791dd1c0>
CHEMBL311571,CDK1,400000.0,nM,CC(C)n1cnc2c(Nc3cccc(Cl)c3)nc(N[C@@H](CO)c3ccccc3)nc21,3.397940008672037,True,<rdkit.Chem.rdchem.Mol object at 0x735c791dd230>
CHEMBL456121,CDK2,406000.0,nM,Cc1cccc(-c2ccccc2C(=O)NCCc2c[nH]c3ccccc23)c1,3.391473966422806,True,<rdkit.Chem.rdchem.Mol object at 0x735c791df300>
CHEMBL456964,CDK2,417000.0,nM,O=C(NCCc1c[nH]c2ccccc12)c1ccccc1-c1cccc(F)c1,3.3798639450262424,True,<rdkit.Chem.rdchem.Mol object at 0x735c791de7a0>
CHEMBL79329,CDK1,420000.0,nM,CC(C)n1cnc2c(Nc3cccc(C(F)(F)F)c3)nc(NCCO)nc21,3.376750709602099,True,<rdkit.Chem.rdchem.Mol object at 0x735c791dc200>
CHEMBL99423,CDK1,430000.0,nM,COc1cccc2c1NC(=O)Cc1c-2[nH]c2ccccc12,3.366531544420414,True,<rdkit.Chem.rdchem.Mol object at 0x735c791deff0>
CHEMBL557049,CDK2,430000.0,nM,Clc1ccc2c(ccn2CCc2c[nH]c3ccccc23)c1,3.366531544420414,True,<rdkit.Chem.rdchem.Mol object at 0x735c791df530>
CHEMBL306183,CDK1,450000.0,nM,COc1ccc(CNc2nc(NC3(CO)CCCC3)nc3c2ncn3C(C)C)cc1,3.346787486224656,True,<rdkit.Chem.rdchem.Mol object at 0x735c791de730>
CHEMBL129973,CDK1,470000.0,nM,C=CCN(C)c1nc(NCCO)nc2c1ncn2C,3.327902142064283,True,<rdkit.Chem.rdchem.Mol object at 0x735c791ddb60>
CHEMBL97844,CDK1,470000.0,nM,CCN1C(=O)Cc2c([nH]c3ccc(Br)cc23)-c2ccccc21,3.327902142064283,True,<rdkit.Chem.rdchem.Mol object at 0x735c791dd690>
CHEMBL77365,CDK1,500000.0,nM,CC(C)n1cnc2c(Nc3cccc(Cl)c3)nc(N[C@@H](CO)Cc3ccccc3)nc21,3.3010299956639813,True,<rdkit.Chem.rdchem.Mol object at 0x735c791dd070>
CHEMBL80611,CDK1,500000.0,nM,CC(C)[C@@H](CO)Nc1nc(Nc2cccc(Cl)c2)c2ncn(C(C)C)c2n1,3.3010299956639813,True,<rdkit.Chem.rdchem.Mol object at 0x735c791dd000>
CHEMBL258765,CDK2,500000.0,nM,O=C1c2ccccc2-[n+]2ccc3c([nH]c4ccccc43)c21.[Cl-],3.3010299956639813,True,<rdkit.Chem.rdchem.Mol object at 0x735c791dcd60>
CHEMBL309227,CDK1,500000.0,nM,CCC(C)[C@@H](CO)Nc1nc(Nc2cccc(Cl)c2)c2ncn(C(C)C)c2n1,3.3010299956639813,True,<rdkit.Chem.rdchem.Mol object at 0x735c791dc820>
CHEMBL305823,CDK1,500000.0,nM,CC(C)n1cnc2c(Nc3cccc(Cl)c3)nc(NC3(CO)CCCC3)nc21,3.3010299956639813,True,<rdkit.Chem.rdchem.Mol object at 0x735c791dc6d0>
CHEMBL556095,CDK2,500000.0,nM,Cc1ccc2c(ccn2CCc2c[nH]c3ccccc23)c1,3.3010299956639813,True,<rdkit.Chem.rdchem.Mol object at 0x735c791dc430>
CHEMBL213805,CDK2,521000.0,nM,CN(CCc1c[nH]c2ccccc12)C(=O)c1ccc(-c2ccccc2)cc1,3.283162276700476,True,<rdkit.Chem.rdchem.Mol object at 0x735c791dc2e0>
CHEMBL80586,CDK1,530000.0,nM,CC(C)C[C@H](CO)Nc1nc(Nc2cccc(Cl)c2)c2ncn(C(C)C)c2n1,3.275724130399211,True,<rdkit.Chem.rdchem.Mol object at 0x735c791b5770>
CHEMBL75795,CDK1,560000.0,nM,COc1ccc(CNc2nc(NC(CO)CO)nc3c2ncn3C(C)C)cc1,3.2518119729937998,True,<rdkit.Chem.rdchem.Mol object at 0x735c791b75a0>
CHEMBL415271,CDK1,600000.0,nM,COc1ccc(CNc2nc(N[C@H](CO)C(C)C)nc3c2ncn3C(C)C)cc1,3.221848749616356,True,<rdkit.Chem.rdchem.Mol object at 0x735c791b5000>
CHEMBL80754,CDK1,700000.0,nM,COc1ccc(CNc2nc(NCCO)nc3c2ncn3C(C)C)cc1,3.154901959985743,True,<rdkit.Chem.rdchem.Mol object at 0x735c791b5fc0>
CHEMBL559882,CDK2,710000.0,nM,Cc1ccc2c(c1)CCN2C(=O)C(=O)c1c[nH]c2ccc(C)cc12,3.1487416512809245,True,<rdkit.Chem.rdchem.Mol object at 0x735c791b4660>
CHEMBL498521,CDK2,745000.0,nM,CN(CCc1c[nH]c2ccccc12)C(=O)c1ccc(-c2ccc(C(C)(C)C)cc2)cc1,3.1278437272517072,True,<rdkit.Chem.rdchem.Mol object at 0x735c791b5380>
CHEMBL556712,CDK2,760000.0,nM,O=C(C(=O)N1CCc2ccccc21)c1c[nH]c2ccccc12,3.1191864077192086,True,<rdkit.Chem.rdchem.Mol object at 0x735c791b6ab0>
CHEMBL496481,CDK2,764000.0,nM,O=C(NCCc1c[nH]c2ccccc12)c1ccc(-c2ccc(F)cc2)cc1,3.1169066414243103,True,<rdkit.Chem.rdchem.Mol object at 0x735c791b5310>
CHEMBL419094,CDK1,790000.0,nM,CC(C)n1cnc2c(Nc3ccc(Cl)cc3)nc(N3CCCCC3CCO)nc21,3.102372908709558,True,<rdkit.Chem.rdchem.Mol object at 0x735c791b70d0>
CHEMBL540971,CDK2,790000.0,nM,O=C(C(=O)N1CCc2cc(F)ccc21)c1c[nH]c2ccccc12,3.102372908709558,True,<rdkit.Chem.rdchem.Mol object at 0x735c791b4120>
CHEMBL498710,CDK2,790000.0,nM,CC(C)(C)c1ccc(-c2ccc(C(=O)NCCc3c[nH]c4ccccc34)cc2)cc1,3.102372908709558,True,<rdkit.Chem.rdchem.Mol object at 0x735c791b7d80>
CHEMBL432356,CDK1,800000.0,nM,CC(C)n1cnc2c(Nc3cccc(Cl)c3)nc(N[C@H](CO)c3ccccc3)nc21,3.096910013008056,True,<rdkit.Chem.rdchem.Mol object at 0x735c791b7e60>
CHEMBL496482,CDK2,816000.0,nM,Cc1ccc(-c2ccc(C(=O)NCCc3c[nH]c4ccccc34)cc2)cc1,3.088309841246139,True,<rdkit.Chem.rdchem.Mol object at 0x735c791b7530>
CHEMBL559683,CDK2,816000.0,nM,O=C(C(=O)N1CCc2cc(F)ccc21)c1c[nH]c2ccc(F)cc12,3.088309841246139,True,<rdkit.Chem.rdchem.Mol object at 0x735c791b5c40>
CHEMBL521733,CDK2,855000.0,nM,O=C(NCCc1c[nH]c2ccccc12)c1ccc(-c2ccccc2)cc1,3.068033885271827,True,<rdkit.Chem.rdchem.Mol object at 0x735c791b5bd0>
CHEMBL549303,CDK2,862000.0,nM,Clc1ccc2c(ccn2CCc2c[nH]c3ccc(Cl)cc23)c1,3.0644927341752872,True,<rdkit.Chem.rdchem.Mol object at 0x735c791b78b0>
CHEMBL498520,CDK2,875000.0,nM,CN(CCc1c[nH]c2ccccc12)C(=O)c1ccc(-c2ccc(F)cc2)cc1,3.057991946977687,True,<rdkit.Chem.rdchem.Mol object at 0x735c791b6e30>
CHEMBL563948,CDK2,895000.0,nM,Fc1ccc2c(ccn2CCc2c[nH]c3ccc(F)cc23)c1,3.048176964684088,True,<rdkit.Chem.rdchem.Mol object at 0x735c791b6810>
CHEMBL80895,CDK1,900000.0,nM,CC(C)n1cnc2c(Nc3cccc(Cl)c3)nc(NCCCO)nc21,3.045757490560675,True,<rdkit.Chem.rdchem.Mol object at 0x735c791b6c70>
CHEMBL561136,CDK2,910000.0,nM,Cc1ccc2c(c1)CCN2C(=O)C(=O)c1c[nH]c2ccccc12,3.040958607678906,True,<rdkit.Chem.rdchem.Mol object at 0x735c791b7f40>
CHEMBL552136,CDK2,915000.0,nM,O=C(C(=O)N1CCc2cc(Cl)ccc21)c1c[nH]c2ccc(Cl)cc12,3.0385789059335515,True,<rdkit.Chem.rdchem.Mol object at 0x735c791b7ed0>
CHEMBL456965,CDK2,921000.0,nM,COc1ccc(-c2ccccc2C(=O)NCCc2c[nH]c3ccccc23)cc1,3.0357403698031518,True,<rdkit.Chem.rdchem.Mol object at 0x735c791b7df0>
CHEMBL456759,CDK2,926000.0,nM,COc1cccc(-c2ccccc2C(=O)NCCc2c[nH]c3ccccc23)c1,3.033389013318065,True,<rdkit.Chem.rdchem.Mol object at 0x735c791b7d10>
CHEMBL549792,CDK2,940000.0,nM,c1ccc2c(c1)ccn2CCn1ccc2ccccc21,3.0268721464003017,True,<rdkit.Chem.rdchem.Mol object at 0x735c791b7c30>
CHEMBL560393,CDK2,950000.0,nM,c1ccc2c(c1)ccn2CCCCCn1ccc2ccccc21,3.0222763947111524,True,<rdkit.Chem.rdchem.Mol object at 0x735c791b7bc0>
CHEMBL562198,CDK2,951000.0,nM,Cc1ccc2[nH]cc(C(=O)C(=O)N3CCc4ccccc43)c2c1,3.021819483062586,True,<rdkit.Chem.rdchem.Mol object at 0x735c791b7b50>
CHEMBL560278,CDK2,960000.0,nM,Cc1ccc2c(ccn2CCc2c[nH]c3ccc(C)cc23)c1,3.017728766960432,True,<rdkit.Chem.rdchem.Mol object at 0x735c791b7a70>
CHEMBL551936,CDK2,985000.0,nM,O=C(C(=O)N1CCc2ccccc21)c1c[nH]c2ccc(Cl)cc12,3.006563769502388,True,<rdkit.Chem.rdchem.Mol object at 0x735c791b7a00>
CHEMBL1242973,CDK4,1000000.0,nM,COC(=O)[C@@]1(Cc2ccc(O)c(CC=C(C)C)c2)OC(=O)C(O)=C1c1ccc(O)cc1,3.0,True,<rdkit.Chem.rdchem.Mol object at 0x735c791b7990>
CHEMBL80562,CDK1,1000000.0,nM,COc1ccc(CNc2nc(N(C)CC(O)c3ccccc3)nc3c2ncn3C(C)C)cc1,3.0,True,<rdkit.Chem.rdchem.Mol object at 0x735c791b7920>
CHEMBL498130,CDK2,1002000.0,nM,O=C(NCCc1c[nH]c2ccccc12)c1cccc(-c2ccccc2)c1,2.999132278468773,True,<rdkit.Chem.rdchem.Mol object at 0x735c791b7840>
CHEMBL558849,CDK2,1026000.0,nM,c1ccc2c(c1)ccn2CCCCn1ccc2ccccc21,2.988852639224202,True,<rdkit.Chem.rdchem.Mol object at 0x735c791b77d0>
CHEMBL558601,CDK2,1030000.0,nM,O=C(C(=O)N1CCc2cc(Cl)ccc21)c1c[nH]c2ccccc12,2.987162775294828,True,<rdkit.Chem.rdchem.Mol object at 0x735c791b7760>
CHEMBL557456,CDK2,1070000.0,nM,c1ccc2c(c1)ccn2CCCn1ccc2ccccc21,2.9706162223147903,True,<rdkit.Chem.rdchem.Mol object at 0x735c791b7680>
CHEMBL527039,CDK2,1085000.0,nM,COc1ccc(-c2ccc(C(=O)NCCc3c[nH]c4ccccc34)cc2)cc1,2.9645702618154512,True,<rdkit.Chem.rdchem.Mol object at 0x735c791b7610>
CHEMBL551612,CDK2,1160000.0,nM,O=C(C(=O)N1CCc2ccccc21)c1c[nH]c2ccc(F)cc12,2.935542010773082,True,<rdkit.Chem.rdchem.Mol object at 0x735c791b7450>
CHEMBL77413,CDK1,1200000.0,nM,COc1ccc(CNc2nc(NCCCO)nc3c2ncn3C(C)C)cc1,2.920818753952375,True,<rdkit.Chem.rdchem.Mol object at 0x735c791b7370>
CHEMBL76917,CDK1,1200000.0,nM,CC(C)n1cnc2c(NCc3ccc4ccccc4c3)nc(N3CCCCC3CCO)nc21,2.920818753952375,True,<rdkit.Chem.rdchem.Mol object at 0x735c791b7300>
CHEMBL80920,CDK1,1200000.0,nM,CCN(CCO)c1nc(NCc2ccc(OC)cc2)c2ncn(C(C)C)c2n1,2.920818753952375,True,<rdkit.Chem.rdchem.Mol object at 0x735c791b7290>
CHEMBL549850,CDK2,1210000.0,nM,c1ccc2c(c1)ccn2CCCCCCn1ccc2ccccc21,2.91721462968355,True,<rdkit.Chem.rdchem.Mol object at 0x735c791b7220>
CHEMBL497454,CDK2,1216000.0,nM,O=C(NCCc1c[nH]c2ccccc12)c1ccccc1-c1ccc(F)cc1,2.915066425063284,True,<rdkit.Chem.rdchem.Mol object at 0x735c791b71b0>
CHEMBL557050,CDK2,1230000.0,nM,c1ccc2c(c1)CCN2CCN1CCc2ccccc21,2.910094888560602,True,<rdkit.Chem.rdchem.Mol object at 0x735c791b7140>
CHEMBL312530,CDK1,1300000.0,nM,COc1ccc(CNc2nc(NCC(O)CO)nc3c2ncn3C(C)C)cc1,2.886056647693163,True,<rdkit.Chem.rdchem.Mol object at 0x735c791b6ff0>
CHEMBL80701,CDK1,1300000.0,nM,CC(C)n1cnc2c(NCCCc3ccccc3)nc(N3CCCCC3CCO)nc21,2.886056647693163,True,<rdkit.Chem.rdchem.Mol object at 0x735c791b6dc0>
CHEMBL80859,CDK1,1300000.0,nM,CCCCNc1nc(N2CCCCC2CCO)nc2c1ncn2C(C)C,2.886056647693163,True,<rdkit.Chem.rdchem.Mol object at 0x735c791b6d50>
CHEMBL80693,CDK1,1400000.0,nM,CC(C)n1cnc2c(Nc3cccc(Cl)c3)nc(N3CCCCC3CCO)nc21,2.853871964321762,True,<rdkit.Chem.rdchem.Mol object at 0x735c791b6ce0>
CHEMBL79491,CDK1,1500000.0,nM,CC(C)n1cnc2c(NCCNc3ccccc3)nc(N3CCCCC3CCO)nc21,2.8239087409443187,True,<rdkit.Chem.rdchem.Mol object at 0x735c791b6c00>
CHEMBL419830,CDK1,1600000.0,nM,COc1ccc(CNc2nc(NCC(O)CN)nc3c2ncn3C(C)C)cc1,2.795880017344075,True,<rdkit.Chem.rdchem.Mol object at 0x735c791b6b90>
CHEMBL540188,CDK1,2300000.0,nM,CC(C)n1cnc2c(Nc3cccc(Cl)c3)nc(N[C@H](CO)C(C)(C)C)nc21,2.638272163982407,True,<rdkit.Chem.rdchem.Mol object at 0x735c791b6b20>
CHEMBL75633,CDK1,2700000.0,nM,CC(C)n1cnc2c(Nc3ccc(Cl)cc3Cl)nc(NCCO)nc21,2.568636235841013,True,<rdkit.Chem.rdchem.Mol object at 0x735c791b69d0>
CHEMBL420571,CDK1,2800000.0,nM,COc1ccc(CNc2nc(N(CCO)Cc3ccccc3)nc3c2ncn3C(C)C)cc1,2.552841968657781,True,<rdkit.Chem.rdchem.Mol object at 0x735c791b6960>
CHEMBL75319,CDK1,2800000.0,nM,COc1ccc(CNc2nc(NCC(O)c3ccccc3)nc3c2ncn3C(C)C)cc1,2.552841968657781,True,<rdkit.Chem.rdchem.Mol object at 0x735c791b68f0>
CHEMBL77291,CDK1,3000000.0,nM,CC(C)n1cnc2c(NCc3ccccc3C(F)(F)F)nc(N3CCCCC3CCO)nc21,2.5228787452803374,True,<rdkit.Chem.rdchem.Mol object at 0x735c791b67a0>
CHEMBL306288,CDK1,4000000.0,nM,CC(C)n1cnc2c(Nc3cccc(Cl)c3)nc(NCc3ccccc3C(F)(F)F)nc21,2.397940008672037,True,<rdkit.Chem.rdchem.Mol object at 0x735c791b6730>
CHEMBL76784,CDK1,4000000.0,nM,COc1ccc(CNc2nc(N3CCCCCC3)nc3c2ncn3C(C)C)cc1,2.397940008672037,True,<rdkit.Chem.rdchem.Mol object at 0x735c791b66c0>
CHEMBL307367,CDK1,4300000.0,nM,CC(C)n1cnc2c(Nc3ccccc3Cl)nc(NCCO)nc21,2.366531544420414,True,<rdkit.Chem.rdchem.Mol object at 0x735c791b6650>
CHEMBL309495,CDK1,4400000.0,nM,CC(C)n1cnc2c(Nc3cccc(Cl)c3)nc(NCCN(C)C)nc21,2.356547323513812,True,<rdkit.Chem.rdchem.Mol object at 0x735c791b65e0>
CHEMBL445311,CDK1,5000000.0,nM,CC(C)[C@H](CO)N(Cc1cccc(F)c1)c1nc(Nc2cccc(Cl)c2)c2ncn(C(C)C)c2n1,2.3010299956639813,True,<rdkit.Chem.rdchem.Mol object at 0x735c791b6570>
CHEMBL77145,CDK1,5000000.0,nM,CC(C)n1cnc2c(Nc3cccc(Cl)c3)nc(NC3c4ccccc4C[C@H]3O)nc21,2.3010299956639813,True,<rdkit.Chem.rdchem.Mol object at 0x735c791b6500>
CHEMBL311488,CDK1,5000000.0,nM,CC(C)n1cnc2c(Nc3cccc(Cl)c3)nc(N[C@H](CO)CC3CCCCC3)nc21,2.3010299956639813,True,<rdkit.Chem.rdchem.Mol object at 0x735c791b6420>
CHEMBL312406,CDK1,5000000.0,nM,CC(C)n1cnc2c(Nc3cccc(Cl)c3)nc(N(CCO)Cc3ccccc3)nc21,2.3010299956639813,True,<rdkit.Chem.rdchem.Mol object at 0x735c791b62d0>
CHEMBL80755,CDK1,5000000.0,nM,CC(C)[C@H](CO)N(Cc1ccccc1)c1nc(Nc2cccc(Cl)c2)c2ncn(C(C)C)c2n1,2.3010299956639813,True,<rdkit.Chem.rdchem.Mol object at 0x735c791b6260>
CHEMBL75809,CDK1,5000000.0,nM,COc1ccc(CNc2nc(N(CCN(C)C)Cc3ccccc3)nc3c2ncn3C(C)C)cc1,2.3010299956639813,True,<rdkit.Chem.rdchem.Mol object at 0x735c791b6180>
CHEMBL77122,CDK1,5000000.0,nM,CCN(c1nc(Nc2cccc(Cl)c2)c2ncn(C(C)C)c2n1)[C@@H](CO)C(C)C,2.3010299956639813,True,<rdkit.Chem.rdchem.Mol object at 0x735c791b60a0>
CHEMBL77119,CDK1,5300000.0,nM,CC(C)[C@H](CO)N(CC1CCCCC1)c1nc(Nc2cccc(Cl)c2)c2ncn(C(C)C)c2n1,2.275724130399211,True,<rdkit.Chem.rdchem.Mol object at 0x735c791b6030>
CHEMBL77126,CDK1,6000000.0,nM,CC(C)n1cnc2c(NCc3cccc(I)c3)nc(N3CCCCC3CCO)nc21,2.221848749616356,True,<rdkit.Chem.rdchem.Mol object at 0x735c791b5ee0>
CHEMBL75924,CDK1,6500000.0,nM,COc1ccc(CNc2nc(N3CCC(O)CC3)nc3c2ncn3C(C)C)cc1,2.1870866433571443,True,<rdkit.Chem.rdchem.Mol object at 0x735c791b5d90>
CHEMBL78227,CDK1,7000000.0,nM,COc1ccc(CNc2nc(N3CCN(CCO)CC3)nc3c2ncn3C(C)C)cc1,2.154901959985743,True,<rdkit.Chem.rdchem.Mol object at 0x735c791b5d20>
CHEMBL80402,CDK1,7000000.0,nM,CC(C)n1cnc2c(Nc3cccc(Cl)c3)nc(N(CCN(C)C)Cc3ccccc3)nc21,2.154901959985743,True,<rdkit.Chem.rdchem.Mol object at 0x735c791b5cb0>
CHEMBL80758,CDK1,9000000.0,nM,CC(C)n1cnc2c(NCCC(c3ccccc3)c3ccccc3)nc(N3CCCCC3CCO)nc21,2.045757490560675,True,<rdkit.Chem.rdchem.Mol object at 0x735c791b5b60>
CHEMBL75973,CDK1,9000000.0,nM,COc1ccccc1Nc1nc(NCCO)nc2c1ncn2C(C)C,2.045757490560675,True,<rdkit.Chem.rdchem.Mol object at 0x735c791b5a80>
CHEMBL307891,CDK1,10000000.0,nM,CC(C)n1cnc2c(Nc3ccccc3C(F)(F)F)nc(NCCO)nc21,2.0,True,<rdkit.Chem.rdchem.Mol object at 0x735c791b5a10>
CHEMBL80203,CDK1,10000000.0,nM,Cc1ccc(CN(c2nc(Nc3cccc(Cl)c3)c3ncn(C(C)C)c3n2)[C@@H](CO)C(C)C)cc1,2.0,True,<rdkit.Chem.rdchem.Mol object at 0x735c791b59a0>
CHEMBL276120,CDK1,10000000.0,nM,CC(C)[C@H](CO)N(Cc1ccc(F)cc1)c1nc(Nc2cccc(Cl)c2)c2ncn(C(C)C)c2n1,2.0,True,<rdkit.Chem.rdchem.Mol object at 0x735c791b5930>
CHEMBL76921,CDK1,10800000.0,nM,COc1ccc(CNc2nc(N3CCN(C)CC3)nc3c2ncn3C(C)C)cc1,1.9665762445130504,True,<rdkit.Chem.rdchem.Mol object at 0x735c791b58c0>
CHEMBL78214,CDK1,33000000.0,nM,CC(C)[C@H](CO)Nc1nc(Nc2ccc(N)c(Cl)c2)c2ncn(C(C)C)c2n1,1.481486060122113,True,<rdkit.Chem.rdchem.Mol object at 0x735c791b5850>
CHEMBL311354,CDK1,52000000.0,nM,CC(C)[C@H](CO)Nc1nc(Nc2ccc(Cl)c(N)c2)c2ncn(C(C)C)c2n1,1.2839966563652006,True,<rdkit.Chem.rdchem.Mol object at 0x735c791b57e0>
CHEMBL80168,CDK1,430000000.0,nM,CC(C)n1cnc2c(Nc3ccc4ccccc4c3)nc(NCCO)nc21,0.3665315444204129,True,<rdkit.Chem.rdchem.Mol object at 0x735c791b5700>
