molecule_chembl_id,kinase,IC50,units,canonical_smiles,pIC50,molecular_weight,n_hba,n_hbd,logp,ro5_fulfilled
CHEMBL3694408,CDK9,0.005,nM,COc1ccc(F)cc1-c1cc(NC(=O)COc2ccc(Cl)cn2)ncn1,11.30102999566398,388.0738462080001,6,1,3.3572000000000015,True
CHEMBL334285,CDK4,0.007,nM,O=C(Nc1cccc2c1C(=O)c1c(-c3ccc(C(=O)N4CCNCC4)s3)n[nH]c1-2)NN1CCOCC1,11.154901959985745,507.1688732800001,8,4,1.7637000000000003,True
CHEMBL3694406,CDK9,0.015,nM,COc1ccc(F)cc1-c1cc(NC(=O)Cc2cccnc2)ncn1,10.82390874094432,338.11790394000013,5,1,2.8675000000000006,True
CHEMBL3694400,CDK9,0.018,nM,COc1ccc(F)cc1-c1cc(NC(=O)C2CCCNC2)ncn1,10.744727494896694,330.1492040680001,5,2,2.2294,True
CHEMBL3694402,CDK9,0.019,nM,COc1ccccc1-c1cc(NC(=O)C2CCC(=O)NC2)ncn1,10.721246399047171,326.1378904360001,5,2,1.6168999999999996,True
CHEMBL151546,CDK4,0.026,nM,NC(=O)Nc1cccc2c1C(=O)c1c(-c3csc(Cl)c3)n[nH]c1-2,10.585026652029182,344.01347420800005,4,3,3.4936000000000016,True
CHEMBL3694407,CDK9,0.029,nM,COc1ccc(F)cc1-c1cc(NC(=O)Cc2ccncc2)ncn1,10.537602002101044,338.1179039400001,5,1,2.8675000000000006,True
CHEMBL3694401,CDK9,0.039,nM,COc1cccc(F)c1-c1cc(NC(=O)C2CCCNC2)ncn1,10.4089353929735,330.1492040680001,5,2,2.2294,True
CHEMBL5841163,CDK4,0.07,nM,CCN1CCN(c2ccc(Nc3ncc(F)c(-c4cc(F)c5nc6n(c5c4)C(C)(C)CC6)n3)nc2)CC1,10.154901959985745,504.2561494000001,7,1,4.733300000000003,True
CHEMBL6170958,CDK9,0.077,nM,CCOc1ccc(/C=C2/C(=O)N(c3ccc(Cl)cc3)N=C2C)cc1,10.113509274827518,340.097855464,3,0,4.544800000000004,True
CHEMBL148580,CDK4,0.08,nM,COc1ccc(-c2[nH]nc3c2C(=O)c2c(NC(=O)CN4CCN(C(=N)N)CC4)cccc2-3)cc1,10.096910013008056,459.2018876600001,6,4,1.7462699999999998,True
CHEMBL194540,CDK1,0.1,nM,NS(=O)(=O)c1ccc(Nc2ncc(C(F)(F)F)c(Nc3ccc4[nH]cnc4c3)n2)cc1,10.0,449.0881783480001,7,4,3.5063000000000004,True
CHEMBL5762122,CDK6,0.1,nM,CCN1CCN(Cc2ccc(Nc3ncc(F)c(-c4cc(F)c5c(c4)N(C(C)C)CCO5)n3)nc2)CC1,10.0,509.27146511600006,8,1,4.305100000000004,True
CHEMBL3694404,CDK9,0.116,nM,COc1ccccc1-c1cc(NC(=O)c2ccc(C)c(NS(C)(=O)=O)c2)ncn1,9.935542010773082,412.12052612,6,2,3.0844200000000006,True
CHEMBL5748748,CDK4,0.12,nM,CC1(C)CCc2nc3c(F)cc(-c4nc(Nc5ccc6c(n5)CCN(C(=O)CO)C6)ncc4F)cc3n21,9.920818753952377,505.2037794800001,7,2,3.4684000000000017,True
CHEMBL3698644,CDK4,0.13,nM,c1cc2c3cnc(Nc4cnc(N5CCNCC5)nc4)nc3n(C3CCCC3)c2cn1,9.886056647693165,415.2232918000001,8,2,3.0378000000000016,True
CHEMBL5786556,CDK4,0.18,nM,CN(C)[C@H]1CCN(c2ccc(Nc3ncc(F)c(-c4cc(F)c5nc6n(c5c4)C(C)(C)CC6)n3)nc2)C1,9.744727494896694,504.2561494000001,7,1,4.731700000000004,True
CHEMBL5939038,CDK4,0.2,nM,CN(C)[C@H]1CCN(C(=O)c2ccc(Nc3ncc(F)c(-c4cc(F)c5nc6n(c5c4)C(C)(C)CC6)n3)nc2)C1,9.69897000433602,532.2510640200002,7,1,4.367500000000002,True
CHEMBL5751717,CDK6,0.2,nM,CC(C)N1CCOc2c(F)cc(-c3nc(Nc4ccc(N5CCNCC5)cn4)ncc3F)cc21,9.69897000433602,467.2245149240001,8,2,3.577200000000002,True
CHEMBL4453997,CDK4,0.2,nM,COc1ccc(-c2n[nH]c3c2C(=O)c2c(C=O)cccc2-3)cc1,9.69897000433602,304.084792244,4,1,3.1092000000000013,True
CHEMBL5751717,CDK4,0.2,nM,CC(C)N1CCOc2c(F)cc(-c3nc(Nc4ccc(N5CCNCC5)cn4)ncc3F)cc21,9.69897000433602,467.2245149240001,8,2,3.577200000000002,True
CHEMBL5915046,CDK4,0.25,nM,CC1(C)CCc2nc3c(F)cc(-c4nc(Nc5ccc(OC6CCN(CCO)CC6)cn5)ncc4F)cc3n21,9.602059991327964,535.250729672,8,2,4.426900000000003,True
CHEMBL526110,CDK4,0.3,nM,O=[N+]([O-])c1cccc(Nc2nccc(-c3cnn4ncccc34)n2)c1,9.522878745280336,333.09742259200004,7,1,2.8381000000000007,True
CHEMBL5882717,CDK6,0.3,nM,CC(C)N1CCOc2c(F)cc(-c3nc(Nc4ccc(C5CCN(C(=O)CN(C)C)CC5)cn4)ncc3F)cc21,9.522878745280336,551.2820298,8,1,4.435200000000004,True
CHEMBL526110,CDK2,0.3,nM,O=[N+]([O-])c1cccc(Nc2nccc(-c3cnn4ncccc34)n2)c1,9.522878745280336,333.09742259200004,7,1,2.8381000000000007,True
CHEMBL3698653,CDK4,0.32,nM,c1ccc(-n2c3cnccc3c3cnc(Nc4ccc(N5CCNCC5)cc4)nc32)cc1,9.494850021680094,421.2014937360001,6,2,4.121900000000003,True
CHEMBL317703,CDK2,0.33,nM,NS(=O)(=O)c1ccc(Nc2cc(-c3ccc([N+](=O)[O-])cc3)[nH]n2)cc1,9.481486060122112,359.0688248960001,6,3,2.3759000000000006,True
CHEMBL321517,CDK2,0.34,nM,Nc1ccc(-c2cc(Nc3ccc(S(N)(=O)=O)cc3)[nH]n2)cc1,9.468521082957745,329.0946457200001,5,4,2.0499,True
CHEMBL3698653,CDK6,0.36,nM,c1ccc(-n2c3cnccc3c3cnc(Nc4ccc(N5CCNCC5)cc4)nc32)cc1,9.443697499232712,421.2014937360001,6,2,4.121900000000003,True
CHEMBL3698657,CDK6,0.41,nM,c1ccc2c(c1)c1cnc(Nc3ccc(N4CCNCC4)cc3)nc1n2C1CCCCC1,9.387216143280265,426.25319496000003,5,2,5.242900000000004,True
CHEMBL3698639,CDK4,0.45,nM,c1cc2c3cnc(Nc4ccc(N5CCNCC5)cc4)nc3n(C3CCCC3)c2cn1,9.346787486224656,413.2327938640001,6,2,4.2478000000000025,True
CHEMBL4777844,CDK9,0.495,nM,CN(C)C/C=C/C(=O)N1CCC(C(=O)Nc2ncc(SCc3ncc(C(C)(C)C)o3)s2)CC1,9.30539480106643,491.202481916,8,1,4.015800000000003,True
CHEMBL5758578,CDK4,0.5,nM,CC(C)N1CCOc2c(F)cc(-c3nc(Nc4ccc(C(=O)N5CCC(O)CC5)c(F)c4)ncc3F)cc21,9.30102999566398,527.214424416,7,2,4.508600000000004,True
CHEMBL5865305,CDK4,0.5,nM,CC(=O)N1CCN(c2ccc(Nc3ncc(F)c(-c4cc(F)c5c(c4)N(C(C)C)CCO5)n3)nc2)CC1,9.30102999566398,509.2350796080001,8,1,3.8361000000000027,True
CHEMBL5882717,CDK4,0.5,nM,CC(C)N1CCOc2c(F)cc(-c3nc(Nc4ccc(C5CCN(C(=O)CN(C)C)CC5)cn4)ncc3F)cc21,9.30102999566398,551.2820298,8,1,4.435200000000004,True
CHEMBL476577,CDK2,0.5,nM,CC(=O)NC1CN(c2ccc(Nc3ncc(F)c(-c4cnc(C)n4C(C)C)n3)cc2)C1,9.30102999566398,423.2182866720001,6,2,3.4368200000000018,True
CHEMBL1964259,CDK2,0.54,nM,O=C1Nc2ccc3ncsc3c2/C1=C/Nc1ccc(S(=O)(=O)NCCOCCO)cc1,9.267606240177033,460.0875117399999,8,4,1.9886000000000004,True
CHEMBL4209329,CDK4,0.6,nM,CC1(C)CCc2nc3c(F)cc(-c4nc(Nc5ccc(CN6CCNCC6)cn5)ncc4F)cc3n21,9.221848749616356,490.24049933600014,7,2,3.9966000000000026,True
CHEMBL4211828,CDK4,0.6,nM,CC(C)N1CCN(Cc2ccc(Nc3ncc(F)c(-c4cc(F)c5nc6n(c5c4)C(C)CC6)n3)nc2)CC1,9.221848749616356,518.2717994640001,7,1,4.943300000000004,True
CHEMBL5892046,CDK6,0.6,nM,CC(C)N1CCOc2c(F)cc(-c3nc(Nc4ccc(N5CCN(C(=O)CN(C)C)CC5)cn4)ncc3F)cc21,9.221848749616356,552.2772787680001,9,1,3.3778000000000024,True
CHEMBL5811976,CDK4,0.7,nM,Cc1nc2c(F)cc(-c3nc(Nc4ccc5c(n4)CCN(C[C@@H]4CNCCO4)C5)ncc3F)cc2n1C(C)(C)C,9.154901959985745,548.2823641480002,8,2,4.320020000000003,True
CHEMBL248713,CDK1,0.7,nM,CCNCc1cncc(-c2cnc3[nH]nc(-c4nc5cc(F)ccc5[nH]4)c3c2)c1,9.154901959985745,387.160771796,5,3,3.8118000000000016,True
CHEMBL5853767,CDK4,0.7,nM,Cc1nc2c(F)cc(-c3nc(Nc4ccc5c(n4)CCN(C[C@@H]4CNCCO4)C5)ncc3F)cc2n1C(C)C,9.154901959985745,534.2667140840001,8,2,4.145920000000003,True
CHEMBL5762122,CDK4,0.7,nM,CCN1CCN(Cc2ccc(Nc3ncc(F)c(-c4cc(F)c5c(c4)N(C(C)C)CCO5)n3)nc2)CC1,9.154901959985745,509.27146511600006,8,1,4.305100000000004,True
CHEMBL5817708,CDK4,0.73,nM,CC1(C)CCc2nc3c(F)cc(-c4nc(Nc5ccc(CN6CCN(C(=O)CO)CC6)cn5)ncc4F)cc3n21,9.136677139879543,548.2459786400001,8,2,3.2279000000000018,True
CHEMBL3698681,CDK6,0.75,nM,c1ccc2c(c1)c1cnc(Nc3ccc(N4CCNCC4)cc3)nc1n2C1CCOCC1,9.1249387366083,428.232459516,6,2,4.089200000000003,True
CHEMBL4088242,CDK2,0.8,nM,CC[C@@H](C)Oc1nc(Nc2ccc(S(N)(=O)=O)cc2)nc(N)c1C=O,9.096910013008056,365.1157750880001,8,3,1.4396000000000002,True
CHEMBL4215702,CDK4,0.8,nM,CN1CCN(Cc2ccc(Nc3ncc(F)c(-c4cc(F)c5nc6n(c5c4)C(C)(C)CC6)n3)nc2)CC1,9.096910013008056,504.2561494000001,7,1,4.3388000000000035,True
CHEMBL6008170,CDK4,0.8,nM,CS(=O)(=O)c1cc2cnc(Nc3ccc(N4CCNCC4)cn3)nc2n1C1CCCC1,9.096910013008056,441.1946941040001,8,2,2.4981,True
CHEMBL429478,CDK1,0.8,nM,CCNCc1cncc(-c2cnc3[nH]nc(-c4nc5cc(OC)ccc5[nH]4)c3c2)c1,9.096910013008056,399.180758292,6,3,3.681300000000002,True
CHEMBL561334,CDK1,0.8,nM,C[C@@H]1CNc2c(sc3ccc4ncccc4c23)C(=O)N1,9.096910013008056,283.07793303600005,4,2,2.9933000000000005,True
CHEMBL3698671,CDK4,0.83,nM,c1cnc2c(c1)c1cnc(Nc3ccc(N4CCNCC4)cc3)nc1n2C1CCCC1,9.080921907623926,413.23279386400003,6,2,4.2478000000000025,True
CHEMBL5964401,CDK4,0.86,nM,CCC(CC)n1c(C)nc2c(F)cc(-c3nc(Nc4ccc5c(n4)CCNC5)ncc3F)cc21,9.065501548756432,463.2296003040001,6,2,5.225320000000004,True
CHEMBL5841163,CDK6,0.88,nM,CCN1CCN(c2ccc(Nc3ncc(F)c(-c4cc(F)c5nc6n(c5c4)C(C)(C)CC6)n3)nc2)CC1,9.05551732784983,504.2561494000001,7,1,4.733300000000003,True
CHEMBL194721,CDK1,0.9,nM,FC(F)(F)c1cnc(Nc2ccc3[nH]cnc3c2)nc1Nc1ccccc1Cl,9.045757490560677,404.07640672400004,5,3,5.5123000000000015,True
CHEMBL6023260,CDK6,0.9,nM,CC(C)N1CCOc2c(F)cc(-c3nc(Nc4ccc(N5CCN(C(=O)CN(C)C)CC5)c(F)c4)ncc3F)cc21,9.045757490560677,569.2726079880001,8,1,4.121900000000004,True
CHEMBL4208172,CDK6,0.9,nM,CCN1CCN(Cc2ccc(Nc3ncc(F)c(-c4cc(F)c5nc6n(c5c4)C(C)(C)CC6)n3)nc2)CC1,9.045757490560677,518.2717994640001,7,1,4.728900000000003,True
CHEMBL3698641,CDK4,0.91,nM,Cc1cc(Nc2ncc3c4ccncc4n(C4CCCC4)c3n2)cnc1N1CCNCC1,9.040958607678906,428.2436928960001,7,2,3.951220000000002,True
CHEMBL4542247,CDK4,0.91,nM,Cc1nc2c(F)cc(-c3nc(Nc4ccc5c(n4)CCN(CCN(C)C)C5)ncc3F)cc2n1C1(C)CC1,9.040958607678906,518.2717994640001,7,1,4.647220000000004,True
CHEMBL5886747,CDK4,0.92,nM,Cc1nc2c(F)cc(-c3nc(Nc4ccc5c(n4)CCNC5)ncc3F)cc2n1C1(C)CC1,9.036212172654444,447.1983001760001,6,2,4.3732200000000025,True
CHEMBL5947385,CDK9,0.92,nM,C=CC(=O)N1CCc2nc(Nc3ncc(F)c(-c4cc(F)c5nc(C)n(C(C)C)c5c4)n3)ccc2C1,9.036212172654444,489.2088648600001,6,1,4.870120000000004,True
CHEMBL5925248,CDK4,0.94,nM,Cc1nc2c(F)cc(-c3nc(Nc4ccc5c(n4)CCN(C[C@H](C)N(C)C)C5)ncc3F)cc2n1C1CC1,9.0268721464003,518.2717994640001,7,1,4.861620000000004,True
CHEMBL3698659,CDK4,0.94,nM,c1cc2c3cnc(Nc4ccc(N5CCNCC5)cn4)nc3n(C3CC4CCC3C4)c2cn1,9.0268721464003,440.243692896,7,2,3.8888000000000025,True
CHEMBL5869281,CDK4,0.96,nM,Cc1nc2c(F)cc(-c3nc(Nc4ccc5c(n4)CCN(C[C@H]4CN(C)CCO4)C5)ncc3F)cc2n1C(C)(C)C,9.017728766960431,562.2980142120001,8,1,4.662220000000004,True
CHEMBL3698688,CDK4,0.97,nM,CN(C)C1CCN(c2ccc(Nc3ncc4c5ccncc5n(C5CCCC5)c4n3)cn2)CC1,9.013228265733757,456.274993024,7,1,4.763600000000004,True
CHEMBL5830076,CDK4,0.99,nM,Cc1nc2c(F)cc(-c3nc(Nc4ccc5c(n4)CCN(C(=O)CCN(C)C)C5)ncc3F)cc2n1C(C)(C)C,9.00436480540245,548.2823641480002,7,1,4.809920000000004,True
CHEMBL4463172,CDK4,0.99,nM,Cc1nc2c(F)cc(-c3nc(Nc4ccc5c(n4)CCN(CCN(C)C(=N)N)C5)ncc3F)cc2n1C(C)C,9.00436480540245,534.2779474640001,7,3,3.9827900000000014,True
CHEMBL6059314,CDK6,1.0,nM,CC(C)N1CCc2ccc(Nc3ncc(F)c(-c4cc(F)c5c(c4)N(C(C)C)CCO5)n3)cc2C1,9.0,479.24966705200006,6,1,5.539100000000006,True
CHEMBL2103840,CDK2,1.0,nM,CCc1cnn2c(NCc3ccc[n+]([O-])c3)cc(N3CCCC[C@H]3CCO)nc12,9.0,396.227374136,6,2,2.2785000000000006,True
CHEMBL478409,CDK2,1.0,nM,COCCNS(=O)(=O)c1ccc(Nc2nccc(-c3cnc(C)n3C(C)C)n2)cc1,9.0,430.1787096920001,7,2,2.8977200000000005,True
CHEMBL215803,CDK1,1.0,nM,C[C@@H]1C[C@H]2CN1CCn1nc3c(cccc3c1O)-c1nc3c(cccc3nc1O)O2,9.0,403.164439532,7,2,2.912900000000001,True
CHEMBL3642037,CDK4,1.0,nM,CN(C)[C@@H]1CN(c2ccc(Nc3ncc4c5ccncc5n(C5CCCC5)c4n3)nn2)CC[C@H]1O,9.0,473.26515661200006,9,2,3.1294000000000017,True
CHEMBL5825661,CDK4,1.0,nM,CC(C)N1CCOc2c(F)cc(-c3nc(Nc4ccc(N5CCNCC5=O)cn4)ncc3F)cc21,9.0,481.2037794800001,8,2,3.1038000000000014,True
CHEMBL5996434,CDK6,1.0,nM,CC(C)N1CCOc2c(F)cc(-c3nc(Nc4ccc5c(c4)CNCC5)ncc3F)cc21,9.0,437.20271686000007,6,2,4.418300000000003,True
CHEMBL4462530,CDK2,1.0,nM,CC(=O)N[C@@H]1CCC[C@H](C(=O)Nc2cc(-c3cnn4c3CC(C)(C)C4)c(Cl)cn2)C1,9.0,429.193152816,4,2,3.8142000000000023,True
CHEMBL4205645,CDK4,1.0,nM,CCN1CCN(Cc2ccc(Nc3nccc(-c4cc(F)c5nc6n(c5c4)C(C)(C)CC6)n3)nc2)CC1,9.0,500.2812212760001,7,1,4.589800000000003,True
CHEMBL3904602,CDK4,1.0,nM,CC(C)N1CCN(c2ccc(Nc3ncc4cc5n(c4n3)C3(CCCCC3)CNC5=O)nc2)CC1,9.0,474.285557708,7,2,3.5031000000000017,True
CHEMBL3545083,CDK9,1.0,nM,COCCN1CCN(Cc2ccc(-c3n[nH]c4c3C(=O)c3c(NC(=O)NN5CCOCC5)cccc3-4)cc2)CC1,9.0,545.2750526,8,3,2.4208000000000007,True
CHEMBL3702053,CDK4,1.0,nM,CCN(CC)C1CCN(c2ccc(Nc3ncc4c5ccncc5n(C5CCCC5)c4n3)nn2)CC1,9.0,485.30154212000014,8,1,4.938800000000004,True
CHEMBL5999532,CDK4,1.0,nM,CC(C)N1CCOc2c(F)cc(-c3nc(Nc4ccc(C5CCN(C)C5)cn4)ncc3F)cc21,9.0,466.22926595600006,7,1,4.586700000000004,True
CHEMBL5742108,CDK4,1.0,nM,CC(C)N1CCOc2c(F)cc(-c3nc(Nc4ccc5c(n4)CCNC5)ncc3F)cc21,9.0,438.19796582800006,7,2,3.8133000000000017,True
CHEMBL5171657,CDK2,1.0,nM,CCc1cnn2c(NCc3ccc[n+]([O-])c3)cc(C3CCCC[C@H]3CCO)nc12,9.0,395.23212516800004,5,2,3.193400000000002,True
CHEMBL5892046,CDK4,1.0,nM,CC(C)N1CCOc2c(F)cc(-c3nc(Nc4ccc(N5CCN(C(=O)CN(C)C)CC5)cn4)ncc3F)cc21,9.0,552.2772787680001,9,1,3.3778000000000024,True
CHEMBL4292930,CDK2,1.0,nM,Cc1cnn2c(NCc3ccc[n+]([O-])c3)cc(N3CCCC[C@@H]3CCO)nc12,9.0,382.211724072,6,2,2.0245200000000003,True
CHEMBL3702060,CDK4,1.0,nM,CN(C)C1CCN(c2ccc(Nc3ncc4c5ccnc(Cl)c5n(C5CCCC5)c4n3)nc2)CC1,9.0,490.23602067200005,7,1,5.417000000000005,True
CHEMBL3698657,CDK4,1.0,nM,c1ccc2c(c1)c1cnc(Nc3ccc(N4CCNCC4)cc3)nc1n2C1CCCCC1,9.0,426.25319496000003,5,2,5.242900000000004,True
CHEMBL6015264,CDK4,1.0,nM,CC(C)N1CCOc2c(F)cc(-c3nc(Nc4ccc(CN5CCN(CC6CC6)CC5)cn4)ncc3F)cc21,9.0,535.2871151800001,8,1,4.695200000000004,True
CHEMBL5945809,CDK4,1.0,nM,COc1cc(Nc2ncc(F)c(-c3cc(F)c4c(c3)N(C(C)C)CCO4)n2)ccc1N1CCNCC1,9.0,496.23983064000004,8,2,4.190800000000003,True
CHEMBL3698649,CDK4,1.0,nM,CN(C)C1CCN(c2ccc(Nc3ncc4c5ccncc5n(C5CCCC5)c4n3)nn2)CC1,9.0,457.2702419920001,8,1,4.158600000000003,True
CHEMBL1964249,CDK2,1.0,nM,COCCOCCOCCOCCN(C)S(=O)(=O)c1ccc(N/C=C2\C(=O)Nc3ccc4ncsc4c32)cc1,9.0,576.171241364,10,2,3.0181000000000013,True
CHEMBL509406,CDK2,1.0,nM,Cc1ncc(-c2nc(Nc3ccc(C(=O)NC4CCN(C)CC4)c(F)c3)ncc2F)n1C(C)C,9.0,469.24016498800006,6,2,4.075220000000003,True
CHEMBL1171950,CDK2,1.0,nM,NCCCn1nc(C(N)=O)c2c1-c1nc(Nc3ccccc3)ncc1CC2,9.0,363.180758292,6,3,1.6299999999999992,True
CHEMBL6048798,CDK4,1.0,nM,CC(C)N1CCOc2c(F)cc(-c3nc(Nc4ccc(N5CCNCC5)c(F)c4F)ncc3F)cc21,9.0,502.21042233200006,7,2,4.4604000000000035,True
CHEMBL3702122,CDK4,1.0,nM,O=C(O)CN1CCN(Cc2ccc(Nc3ncc4c5ccncc5n(C5CCCC5)c4n3)nc2)CC1,9.0,486.2491722000001,8,2,3.4354000000000022,True
CHEMBL559513,CDK2,1.0,nM,CN1CCN(c2cccc(Nc3ncc4c(n3)-c3c(c(C(N)=O)nn3C)CC4)c2)CC1,9.0,418.222957452,7,2,1.5699999999999996,True
CHEMBL5996434,CDK4,1.0,nM,CC(C)N1CCOc2c(F)cc(-c3nc(Nc4ccc5c(c4)CNCC5)ncc3F)cc21,9.0,437.20271686000007,6,2,4.418300000000003,True
CHEMBL3691546,CDK4,1.0,nM,CN(C)C(=O)c1cc2cnc(Nc3ccc(C(=O)N4CC5CC4CN5)cn3)nc2n1C1CCCCCC1,9.0,502.2804723280001,7,2,3.353300000000001,True
CHEMBL557318,CDK1,1.0,nM,C[C@@H]1CNc2c(sc3ccc4occc4c23)C(=O)N1,9.0,272.061948624,4,2,3.191300000000001,True
CHEMBL6059314,CDK4,1.0,nM,CC(C)N1CCc2ccc(Nc3ncc(F)c(-c4cc(F)c5c(c4)N(C(C)C)CCO5)n3)cc2C1,9.0,479.24966705200006,6,1,5.539100000000006,True
CHEMBL5095102,CDK6,1.0,nM,CC(C)N1CCOc2c(F)cc(-c3nc(Nc4ccc(C5CCN(C)CC5)cn4)ncc3F)cc21,9.0,480.24491602000006,7,1,4.976800000000004,True
CHEMBL5939007,CDK4,1.0,nM,CC(C)N1CCOc2c(F)cc(-c3nc(Nc4ccc(N5CCNCC5)c(F)c4)ncc3Cl)cc21,9.0,500.1902936040001,7,2,4.835600000000004,True
CHEMBL5266005,CDK2,1.0,nM,CCc1cnn2c(NCc3ccc[n+]([O-])c3)cc(N3CCCC[C@@H]3CCO)nc12,9.0,396.227374136,6,2,2.2785000000000006,True
CHEMBL5897984,CDK4,1.02,nM,Cc1nc2c(F)cc(-c3nc(Nc4ccc5c(n4)CCN(C[C@H]4CNCCO4)C5)ncc3F)cc2n1C(C)C,8.991399828238082,534.2667140840001,8,2,4.145920000000003,True
CHEMBL5964675,CDK4,1.02,nM,Cc1nc2c(F)cc(-c3nc(Nc4ccc5c(n4)CCN(C[C@H]4CNCCO4)C5)ncc3F)cc2n1C(C)(C)C,8.991399828238082,548.2823641480002,8,2,4.320020000000003,True
CHEMBL5787921,CDK4,1.06,nM,CN[C@H](C)C(=O)N1CCc2nc(Nc3ncc(F)c(-c4cc(F)c5nc(C)n(C6CC6)c5c4)n3)ccc2C1,8.97469413473523,518.2354139560001,7,2,4.046020000000002,True
CHEMBL3694405,CDK9,1.08,nM,COc1ccccc1-c1cc(NC(=O)c2cccc(NS(C)(=O)=O)c2)ncn1,8.96657624451305,398.104876056,6,2,2.7760000000000007,True
CHEMBL5873158,CDK4,1.09,nM,Cc1nc2c(F)cc(-c3nc(Nc4ccc5c(n4)CCNC5)ncc3F)cc2n1C(C)(C)C,8.962573502059376,449.2139502400001,6,2,4.619220000000003,True
CHEMBL248712,CDK1,1.1,nM,CCNCc1cncc(-c2cnc3[nH]nc(-c4nc5cc(F)c(F)cc5[nH]4)c3c2)c1,8.958607314841775,405.15134998400003,5,3,3.9509000000000016,True
CHEMBL318999,CDK2,1.1,nM,Nc1nc(Nc2ccc(S(N)(=O)=O)cc2)nc(OCC2CCCCC2)c1N=O,8.958607314841775,406.14232418399996,9,3,2.8068,True
CHEMBL6023260,CDK4,1.1,nM,CC(C)N1CCOc2c(F)cc(-c3nc(Nc4ccc(N5CCN(C(=O)CN(C)C)CC5)c(F)c4)ncc3F)cc21,8.958607314841775,569.2726079880001,8,1,4.121900000000004,True
CHEMBL3237704,CDK6,1.1,nM,CC1(C)CCC(n2c3cnccc3c3cnc(Nc4ccc(N5CCNCC5)cn4)nc32)CC1,8.958607314841775,456.2749930240001,7,2,4.669000000000003,True
CHEMBL5943325,CDK4,1.1,nM,CC(C)N1CCOc2c(F)cc(-c3nc(Nc4ccc(N5CCC(O)CC5)cn4)ncc3F)cc21,8.958607314841775,482.22418057600004,8,2,4.128700000000003,True
CHEMBL3698644,CDK6,1.1,nM,c1cc2c3cnc(Nc4cnc(N5CCNCC5)nc4)nc3n(C3CCCC3)c2cn1,8.958607314841775,415.2232918000001,8,2,3.0378000000000016,True
CHEMBL5201870,CDK2,1.1,nM,COCc1cc(C(=O)Nc2cc([C@H]3CC[C@@H](OC(=O)NC(C)C)C3)[nH]n2)n(C)n1,8.958607314841775,404.2172033760001,6,3,2.3125999999999998,True
CHEMBL5938059,CDK6,1.11,nM,Cc1nc2c(F)cc(-c3nc(Nc4ccc5c(n4)CCN(CCN)C5)ncc3F)cc2n1C(C)(C)C,8.954677021213342,492.2561494000001,7,2,4.290320000000003,True
CHEMBL5950426,CDK4,1.12,nM,Cc1nc2c(F)cc(-c3nc(Nc4ccc5c(n4)CCN(C(=O)N(C)CCN(C)C)C5)ncc3F)cc2n1C1CC1,8.950781977329818,561.2776131160001,7,1,4.524920000000004,True
CHEMBL5774473,CDK4,1.12,nM,C#CCN1CCC(N2CCc3nc(Nc4ncc(F)c(-c5cc(F)c6nc(C)n(C(C)C)c6c5)n4)ccc3C2)C1,8.950781977329818,542.2717994640001,7,1,4.865020000000004,True
CHEMBL4448494,CDK4,1.12,nM,Cc1nc2c(F)cc(-c3nc(Nc4ccc5c(n4)CCN(CCN(C)C)C5)ncc3F)cc2n1C(C)C,8.950781977329818,506.2717994640001,7,1,4.719120000000004,True
CHEMBL5760424,CDK4,1.12,nM,C#CN1CCC(N2CCc3nc(Nc4ncc(F)c(-c5cc(F)c6nc(C)n(C(C)C)c6c5)n4)ccc3C2)C1,8.950781977329818,528.2561494,7,1,4.8225200000000035,True
CHEMBL5811976,CDK6,1.13,nM,Cc1nc2c(F)cc(-c3nc(Nc4ccc5c(n4)CCN(C[C@@H]4CNCCO4)C5)ncc3F)cc2n1C(C)(C)C,8.94692155651658,548.2823641480002,8,2,4.320020000000003,True
CHEMBL5853767,CDK6,1.13,nM,Cc1nc2c(F)cc(-c3nc(Nc4ccc5c(n4)CCN(C[C@@H]4CNCCO4)C5)ncc3F)cc2n1C(C)C,8.94692155651658,534.2667140840001,8,2,4.145920000000003,True
CHEMBL4466497,CDK4,1.13,nM,Cc1nc2c(F)cc(-c3nc(Nc4ccc5c(n4)CCN(CCN(C)C)C5)ncc3F)cc2n1C(C)(C)C,8.94692155651658,520.2874495280001,7,1,4.893220000000005,True
CHEMBL5938059,CDK4,1.14,nM,Cc1nc2c(F)cc(-c3nc(Nc4ccc5c(n4)CCN(CCN)C5)ncc3F)cc2n1C(C)(C)C,8.943095148663527,492.2561494000001,7,2,4.290320000000003,True
CHEMBL5774332,CDK4,1.16,nM,Cc1nc2c(F)cc(-c3nc(Nc4ccc5c(n4)CCN(C[C@@H]4CN(C)CCO4)C5)ncc3F)cc2n1C(C)(C)C,8.935542010773082,562.2980142120001,8,1,4.662220000000004,True
CHEMBL6020156,CDK4,1.18,nM,Cc1nc2c(F)cc(-c3nc(Nc4ccc5c(n4)CCN(C/C=N/O)C5)ncc3F)cc2n1C(C)C,8.928117992693874,492.21976389200006,8,2,4.617520000000003,True
CHEMBL5939038,CDK6,1.19,nM,CN(C)[C@H]1CCN(C(=O)c2ccc(Nc3ncc(F)c(-c4cc(F)c5nc6n(c5c4)C(C)(C)CC6)n3)nc2)C1,8.924453038607469,532.2510640200002,7,1,4.367500000000002,True
CHEMBL3702046,CDK4,1.2,nM,CC(C)N1CCN(c2ccc(Nc3ncc4c5ccncc5n(C5CCCC5)c4n3)nc2)CC1,8.920818753952375,456.274993024,7,1,4.763600000000004,True
CHEMBL411224,CDK2,1.2,nM,CC(C)Cc1cccc2c1/C(=N/Nc1ccc(S(N)(=O)=O)cc1)C(=O)N2,8.920818753952375,372.12561149999993,5,3,2.3007999999999997,True
CHEMBL3698672,CDK6,1.2,nM,c1ccc2c(c1)c1cnc(Nc3ccc(N4CCNCC4)cn3)nc1n2C1CCCC1,8.920818753952375,413.2327938640001,6,2,4.247800000000003,True
CHEMBL3237702,CDK4,1.2,nM,CC1CCC(n2c3cnccc3c3cnc(Nc4ccc(N5CCNCC5)cn4)nc32)CC1,8.920818753952375,442.2593429600001,7,2,4.278900000000002,True
CHEMBL5220945,CDK4,1.2,nM,Cc1nc2c(F)cc(-c3nc(Nc4ccc(CNC(=O)CC(=O)NO)cc4)ncc3F)cc2n1C(C)C,8.920818753952375,509.1986941,7,4,3.916120000000002,True
CHEMBL3694403,CDK9,1.25,nM,COc1ccccc1-c1cc(NC(=O)c2ccc(NS(C)(=O)=O)cc2)ncn1,8.903089986991944,398.104876056,6,2,2.7760000000000007,True
CHEMBL6152892,CDK9,1.26,nM,CCOc1ccc(C2C(C#N)=C(N)OC3C2C(C)=NN3c2ccc(Cl)cc2)cc1,8.899629454882437,408.135303592,6,1,4.384780000000003,True
CHEMBL5983466,CDK4,1.27,nM,Cc1nc2c(F)cc(-c3nc(Nc4ccc5c(n4)CCN(CCN(C)CCN(C)C)C5)ncc3F)cc2n1C(C)(C)C,8.896196279044043,577.3452987520002,8,1,4.825020000000004,True
CHEMBL5933703,CDK6,1.28,nM,CNCCN1CCc2nc(Nc3ncc(F)c(-c4cc(F)c5nc(C)n(C6(C)CC6)c5c4)n3)ccc2C1,8.892790030352131,504.2561494,7,2,4.305020000000003,True
CHEMBL3642002,CDK4,1.3,nM,OC[C@H](O)CNC1CCN(c2ccc(Nc3ncc4c5ccncc5n(C5CCCC5)c4n3)nn2)CC1,8.886056647693163,503.27572129600014,10,4,2.5397999999999996,True
CHEMBL5561839,CDK9,1.3,nM,CC(C)n1nnc2ccc(-c3ccnc(Nc4cc(C(=O)N5CCCC5)ccn4)c3)cc21,8.886056647693163,427.21205842000006,6,1,4.448800000000004,True
CHEMBL3702158,CDK4,1.3,nM,C1=C(c2ccc(Nc3ncc4c5ccncc5n(C5CCCC5)c4n3)nc2)CCNC1,8.886056647693163,411.2171438000001,6,2,4.609900000000002,True
CHEMBL3698658,CDK4,1.3,nM,c1ccc2c(c1)c1cnc(Nc3ccc(N4CCNCC4)cn3)nc1n2C1CCCCC1,8.886056647693163,427.2484439280001,6,2,4.637900000000004,True
CHEMBL3698643,CDK6,1.3,nM,c1cc2c3cnc(Nc4ccc(N5CCNCC5)nc4)nc3n(C3CCCC3)c2cn1,8.886056647693163,414.228042832,7,2,3.642800000000002,True
CHEMBL3698698,CDK4,1.3,nM,NCC1CCCN(c2ccc(Nc3ncc4c5ccncc5n(C5CCCC5)c4n3)nc2)C1,8.886056647693163,442.25934296,7,2,4.408300000000003,True
CHEMBL5869281,CDK6,1.33,nM,Cc1nc2c(F)cc(-c3nc(Nc4ccc5c(n4)CCN(C[C@H]4CN(C)CCO4)C5)ncc3F)cc2n1C(C)(C)C,8.876148359032914,562.2980142120001,8,1,4.662220000000004,True
CHEMBL4463716,CDK4,1.34,nM,C#CCN(C)CCN1CCc2nc(Nc3ncc(F)c(-c4cc(F)c5nc(C)n(C(C)C)c5c4)n3)ccc2C1,8.872895201635192,530.2717994640001,7,1,4.722520000000004,True
CHEMBL6014795,CDK4,1.35,nM,Cc1nc2c(F)cc(-c3nc(Nc4ccc5c(n4)CCN(C(=O)C4CCCN4)C5)ncc3F)cc2n1C1CC1,8.869666231504993,530.2354139560001,7,2,4.190120000000003,True
CHEMBL5758951,CDK6,1.36,nM,Cc1nc2c(F)cc(-c3nc(Nc4ccc5c(n4)CCN(CCN4CCC(B(O)O)CC4)C5)ncc3F)cc2n1C(C)(C)C,8.866461091629782,604.325709328,9,3,4.270420000000004,True
CHEMBL5774332,CDK6,1.37,nM,Cc1nc2c(F)cc(-c3nc(Nc4ccc5c(n4)CCN(C[C@@H]4CN(C)CCO4)C5)ncc3F)cc2n1C(C)(C)C,8.863279432843592,562.2980142120001,8,1,4.662220000000004,True
CHEMBL3702120,CDK4,1.39,nM,O=C(O)CN1CCN(c2ccc(Nc3ncc4c5ccncc5n(C5CCCC5)c4n3)nn2)CC1,8.856985199745905,473.22877110400015,9,2,2.8348000000000004,True
CHEMBL5830076,CDK6,1.39,nM,Cc1nc2c(F)cc(-c3nc(Nc4ccc5c(n4)CCN(C(=O)CCN(C)C)C5)ncc3F)cc2n1C(C)(C)C,8.856985199745905,548.2823641480002,7,1,4.809920000000004,True
CHEMBL5979303,CDK4,1.39,nM,Cc1nc2c(F)cc(-c3nc(Nc4ccc5c(n4)CCN(CCS(C)(=O)=O)C5)ncc3F)cc2n1C(C)(C)C,8.856985199745905,555.222800672,8,1,4.3762200000000036,True
CHEMBL3698706,CDK4,1.4,nM,CNC1CCN(c2ccc(Nc3ncc4c5ccncc5n(C5CCCC5)c4n3)nc2)CC1,8.853871964321762,442.25934296,7,2,4.421400000000003,True
CHEMBL3702123,CDK4,1.4,nM,O=C(c1ccc(Nc2ncc3c4ccncc4n(C4CCCC4)c3n2)nc1)N1CCNCC1,8.853871964321762,442.2229574520001,7,2,3.2786,True
CHEMBL393525,CDK9,1.4,nM,Cc1ccc([N+](=O)[O-])cc1S(=O)(=O)N(C)/N=C/c1cnc2ccc(Br)cn12,8.853871964321762,450.9949870280001,6,0,2.968020000000001,True
CHEMBL3698643,CDK4,1.4,nM,c1cc2c3cnc(Nc4ccc(N5CCNCC5)nc4)nc3n(C3CCCC3)c2cn1,8.853871964321762,414.228042832,7,2,3.642800000000002,True
CHEMBL3702197,CDK4,1.4,nM,OCCCNc1ccc(Nc2ncc3c4ccncc4n(C4CCCC4)c3n2)nn1,8.853871964321762,404.20730738800006,8,3,3.422500000000001,True
CHEMBL4542247,CDK6,1.41,nM,Cc1nc2c(F)cc(-c3nc(Nc4ccc5c(n4)CCN(CCN(C)C)C5)ncc3F)cc2n1C1(C)CC1,8.85078088734462,518.2717994640001,7,1,4.647220000000004,True
CHEMBL5856237,CDK4,1.44,nM,Cc1nc2c(F)cc(-c3nc(Nc4ccc5c(n4)CCN(C(=O)[C@@H](C)N(C)C)C5)ncc3F)cc2n1C(C)C,8.84163750790475,534.2667140840001,7,1,4.634220000000004,True
CHEMBL5758951,CDK4,1.45,nM,Cc1nc2c(F)cc(-c3nc(Nc4ccc5c(n4)CCN(CCN4CCC(B(O)O)CC4)C5)ncc3F)cc2n1C(C)(C)C,8.838631997765026,604.325709328,9,3,4.270420000000004,True
CHEMBL5922296,CDK4,1.46,nM,CS(=O)(=O)c1cc2cnc(Nc3ccc(C4CCNCC4)cn3)nc2n1C1CCCC1,8.835647144215564,440.19944513600007,7,2,3.555500000000002,True
CHEMBL5888788,CDK4,1.47,nM,Cc1nc2c(F)cc(-c3nc(Nc4ccc5c(n4)CCN(C(=O)CN(C)C)C5)ncc3F)cc2n1CC1CC1,8.832682665251824,532.2510640200001,7,1,4.0748200000000026,True
CHEMBL5897984,CDK6,1.48,nM,Cc1nc2c(F)cc(-c3nc(Nc4ccc5c(n4)CCN(C[C@H]4CNCCO4)C5)ncc3F)cc2n1C(C)C,8.829738284605043,534.2667140840001,8,2,4.145920000000003,True
CHEMBL6004741,CDK4,1.48,nM,Cc1nc2c(F)cc(-c3nc(Nc4ccc5c(n4)CCN(CC=NO)C5)ncc3F)cc2n1C(C)C,8.829738284605043,492.21976389200006,8,2,4.617520000000003,True
CHEMBL6026840,CDK4,1.48,nM,Cc1nc2c(F)cc(-c3nc(Nc4ccc5c(n4)CCN(CC=NO)C5)ncc3F)cc2n1C(C)(C)C,8.829738284605043,506.23541395600006,8,2,4.7916200000000035,True
CHEMBL5964675,CDK6,1.48,nM,Cc1nc2c(F)cc(-c3nc(Nc4ccc5c(n4)CCN(C[C@H]4CNCCO4)C5)ncc3F)cc2n1C(C)(C)C,8.829738284605043,548.2823641480002,8,2,4.320020000000003,True
CHEMBL6002674,CDK4,1.49,nM,CNCCN1CCc2nc(Nc3ncc(F)c(-c4cc(F)c5nc(C)n(C(C)(C)C)c5c4)n3)ccc2C1,8.826813731587727,506.271799464,7,2,4.551020000000004,True
CHEMBL5956531,CDK6,1.5,nM,CC(C)N1CCOc2c(F)cc(-c3nc(Nc4ccc5c(c4)CCNC5)ncc3F)cc21,8.823908740944319,437.20271686000007,6,2,4.418300000000003,True
CHEMBL3698654,CDK6,1.5,nM,O[C@@H]1CCN(c2ccc(Nc3ncc4c5ccncc5n(C5CCCC5)c4n3)nn2)C1,8.823908740944319,416.20730738800006,8,2,3.199200000000001,True
CHEMBL270544,CDK2,1.5,nM,CC(C)=Cc1cccc2c1/C(=N/Nc1ccc(S(N)(=O)=O)cc1)C(=O)N2,8.823908740944319,370.10996143599994,5,3,2.525499999999999,True
CHEMBL5949924,CDK4,1.5,nM,CC(C)N1CCOc2c(F)cc(-c3nc(Nc4ccc(C5CCN(C)CC5)nn4)ncc3F)cc21,8.823908740944319,481.2401649880001,8,1,4.371800000000003,True
CHEMBL5760232,CDK4,1.5,nM,CC(C)N1CCOc2c(F)cc(-c3nc(Nc4ccc(N5CCC(N(C)C)CC5)nc4)ncc3F)cc21,8.823908740944319,509.2714651160001,8,1,4.698000000000004,True
CHEMBL5955040,CDK6,1.5,nM,CC(C)N1CCOc2c(F)cc(-c3nc(Nc4ccc(C5CCN(C)CC5)nc4)ncc3F)cc21,8.823908740944319,480.24491602000006,7,1,4.976800000000004,True
CHEMBL3698642,CDK4,1.5,nM,c1cc2c3cnc(Nc4ccc(N5CCNCC5)nn4)nc3n(C3CCCC3)c2cn1,8.823908740944319,415.2232918000001,8,2,3.0378000000000007,True
CHEMBL3641998,CDK4,1.5,nM,C[C@@H](CO)NC1CCN(c2ccc(Nc3ncc4c5ccncc5n(C5CCCC5)c4n3)nn2)CC1,8.823908740944319,487.28080667600017,9,3,3.567400000000002,True
CHEMBL5806353,CDK4,1.5,nM,CC(C)N1CCOc2c(F)cc(-c3nc(Nc4ccc(N5CCC(N(C)C)CC5)cn4)ncc3F)cc21,8.823908740944319,509.2714651160001,8,1,4.698000000000004,True
CHEMBL445945,CDK2,1.5,nM,NS(=O)(=O)c1ccc(N/C=C2\C(=O)Nc3ccc4ncccc4c32)cc1,8.823908740944319,366.078661308,5,3,2.2873,True
CHEMBL4208504,CDK4,1.5,nM,CCN1CCN(Cc2cnc(Nc3cc(-c4cc(F)c5nc(C)n(C(C)C)c5c4)ncn3)cn2)CC1,8.823908740944319,489.2764702440001,8,1,4.192820000000003,True
CHEMBL5955040,CDK4,1.5,nM,CC(C)N1CCOc2c(F)cc(-c3nc(Nc4ccc(C5CCN(C)CC5)nc4)ncc3F)cc21,8.823908740944319,480.24491602000006,7,1,4.976800000000004,True
CHEMBL5933703,CDK4,1.51,nM,CNCCN1CCc2nc(Nc3ncc(F)c(-c4cc(F)c5nc(C)n(C6(C)CC6)c5c4)n3)ccc2C1,8.821023052706831,504.2561494,7,2,4.305020000000003,True
CHEMBL6002674,CDK6,1.51,nM,CNCCN1CCc2nc(Nc3ncc(F)c(-c4cc(F)c5nc(C)n(C(C)(C)C)c5c4)n3)ccc2C1,8.821023052706831,506.271799464,7,2,4.551020000000004,True
CHEMBL4463874,CDK4,1.52,nM,Cc1nc2c(F)cc(-c3nc(Nc4ccc5c(n4)CCN(CCN(C)CCNC(=N)N)C5)ncc3F)cc2n1C(C)C,8.818156412055227,577.3201466240001,8,4,3.5723900000000013,True
CHEMBL5751847,CDK4,1.53,nM,Cc1nc2c(F)cc(-c3nc(Nc4ccc5c(n4)CCN(CC(N)=NO)C5)ncc3F)cc2n1C(C)(C)C,8.8153085691824,521.2463129880001,8,3,4.078020000000002,True
CHEMBL6038282,CDK4,1.53,nM,Cc1nc2c(F)cc(-c3nc(Nc4ccc5c(n4)CCN(C(=O)[C@@H]4CCCN4)C5)ncc3F)cc2n1C1CC1,8.8153085691824,530.2354139560001,7,2,4.190120000000003,True
CHEMBL5865665,CDK4,1.54,nM,Cc1nc2c(F)cc(-c3nc(Nc4ccc5c(n4)CCNC5)ncc3F)cc2n1C(C)C1CC1,8.812479279163536,461.2139502400001,6,2,4.835220000000003,True
CHEMBL5794081,CDK4,1.55,nM,Cc1nc2c(F)cc(-c3nc(Nc4ccc5c(n4)CCN(CCC(N)NO)C5)ncc3F)cc2n1C(C)C,8.809668301829708,523.261963052,9,4,3.8112200000000014,True
CHEMBL6020742,CDK4,1.55,nM,Cc1nc2c(F)cc(-c3nc(Nc4ccc5c(n4)CCN(CC(N)=NO)C5)ncc3F)cc2n1C(C)C,8.809668301829708,507.2306629240001,8,3,3.903920000000001,True
CHEMBL4466497,CDK6,1.57,nM,Cc1nc2c(F)cc(-c3nc(Nc4ccc5c(n4)CCN(CCN(C)C)C5)ncc3F)cc2n1C(C)(C)C,8.804100347590767,520.2874495280001,7,1,4.893220000000005,True
CHEMBL5950534,CDK4,1.59,nM,Cc1nc2c(F)cc(-c3nc(Nc4ccc5c(n4)C[C@@H](C)NC5)ncc3F)cc2n1C(C)(C)C,8.79860287567955,463.2296003040001,6,2,5.0077200000000035,True
CHEMBL6012324,CDK4,1.6,nM,CC(C)N1CCOc2c(F)cc(-c3nc(Nc4cc5n(n4)CCN(C)C5)ncc3F)cc21,8.795880017344075,441.2088648600001,7,1,3.414500000000002,True
CHEMBL4202432,CDK4,1.6,nM,Cc1nc2c(F)cc(-c3cc(Nc4cnc(CN5CCN(C(C)C)CC5)cn4)ncn3)cc2n1C(C)C,8.795880017344075,503.2921203080001,8,1,4.581320000000004,True
CHEMBL5983466,CDK6,1.6,nM,Cc1nc2c(F)cc(-c3nc(Nc4ccc5c(n4)CCN(CCN(C)CCN(C)C)C5)ncc3F)cc2n1C(C)(C)C,8.795880017344075,577.3452987520002,8,1,4.825020000000004,True
CHEMBL4214634,CDK6,1.6,nM,COCCN1CCN(Cc2cnc(Nc3cc(-c4cc(F)c5nc(C)n(C(C)C)c5c4)ncn3)cn2)CC1,8.795880017344075,519.2870349280001,9,1,3.819320000000003,True
CHEMBL4218267,CDK6,1.6,nM,CCN1CCN(Cc2cnc(Nc3cc(-c4cc(F)c5nc(C)n(C(C)C)c5c4)c(F)cn3)cn2)CC1,8.795880017344075,506.2717994640001,7,1,4.936920000000004,True
CHEMBL409892,CDK2,1.6,nM,NS(=O)(=O)c1ccc(N/N=C2\C(=O)Nc3ccc4ncccc4c32)cc1,8.795880017344075,367.07391027600005,6,3,1.6504999999999999,True
CHEMBL3698744,CDK4,1.6,nM,NC1CCN(c2ccc(Nc3ncc4c5ccncc5n(C5CCCC5)c4n3)nn2)CC1,8.795880017344075,429.2389418640001,8,2,3.5557000000000025,True
CHEMBL4204030,CDK6,1.6,nM,CCN1CCN(Cc2cnc(Nc3cc(-c4cc(F)c5nc(C)n(C(C)C)c5c4)ccn3)cn2)CC1,8.795880017344075,488.2812212760001,7,1,4.797820000000004,True
CHEMBL3698661,CDK4,1.6,nM,c1cc2c3cnc(Nc4ccc(N5CCNCC5)cn4)nc3n(C34CC5CC(CC(C5)C3)C4)c2cn1,8.795880017344075,480.274993024,7,2,4.453000000000004,True
CHEMBL5943325,CDK6,1.6,nM,CC(C)N1CCOc2c(F)cc(-c3nc(Nc4ccc(N5CCC(O)CC5)cn4)ncc3F)cc21,8.795880017344075,482.22418057600004,8,2,4.128700000000003,True
CHEMBL3698654,CDK4,1.6,nM,O[C@@H]1CCN(c2ccc(Nc3ncc4c5ccncc5n(C5CCCC5)c4n3)nn2)C1,8.795880017344075,416.20730738800006,8,2,3.199200000000001,True
CHEMBL3698683,CDK4,1.6,nM,c1cc2c3cnc(Nc4ccc(N5CCCNCC5)cn4)nc3n(C3CCCC3)c2cn1,8.795880017344075,428.2436928960001,7,2,4.032900000000002,True
CHEMBL4218267,CDK4,1.6,nM,CCN1CCN(Cc2cnc(Nc3cc(-c4cc(F)c5nc(C)n(C(C)C)c5c4)c(F)cn3)cn2)CC1,8.795880017344075,506.2717994640001,7,1,4.936920000000004,True
CHEMBL4212532,CDK4,1.64,nM,Cc1nc2c(F)cc(-c3nc(Nc4ccc5c(n4)CCN(C(=O)CN(C)C)C5)ncc3F)cc2n1C(C)C,8.785156151952302,520.2510640200001,7,1,4.245720000000003,True
CHEMBL5884004,CDK4,1.65,nM,Cc1nc2c(F)cc(-c3nc(Nc4ccc5c(n4)CCN(C(=O)[C@H](C)N(C)C)C5)ncc3F)cc2n1C1CC1,8.782516055786093,532.2510640200001,7,1,4.388220000000003,True
CHEMBL5941223,CDK4,1.65,nM,Cc1nc2c(F)cc(-c3nc(Nc4ccc5c(n4)CCNC5)ncc3F)cc2n1C1CCC(C)CC1,8.782516055786093,489.2452503680001,6,2,5.615420000000004,True
CHEMBL5774696,CDK4,1.68,nM,Cc1nc2c(F)cc(-c3nc(Nc4ccc5c(n4)CCN(C[C@H](C)N)C5)ncc3F)cc2n1C1CC1,8.774690718274137,490.2404993360001,7,2,4.258720000000002,True
CHEMBL5757213,CDK4,1.68,nM,Cc1nc2c(F)cc(-c3nc(Nc4ccc5c(n4)CCN(CCCN(C)C)C5)ncc3F)cc2n1C1CC1,8.774690718274137,518.2717994640001,7,1,4.8632200000000045,True
CHEMBL4463172,CDK6,1.7,nM,Cc1nc2c(F)cc(-c3nc(Nc4ccc5c(n4)CCN(CCN(C)C(=N)N)C5)ncc3F)cc2n1C(C)C,8.769551078621726,534.2779474640001,7,3,3.9827900000000014,True
CHEMBL5839538,CDK4,1.7,nM,Cc1nc2c(F)cc(-c3nc(Nc4ccc5c(n4)CCN(C(=O)CCN(C)C)C5)ncc3F)cc2n1C1CC1,8.769551078621726,532.2510640200001,7,1,4.389820000000004,True
CHEMBL3905910,CDK9,1.7,nM,CN1CC[C@@H](c2c(O)cc(O)c3c(=O)cc(-c4ccc(C(F)(F)F)cc4Cl)oc23)[C@@H]1CO,8.769551078621726,469.090385048,6,3,4.323400000000003,True
CHEMBL271136,CDK2,1.7,nM,COc1cccc(OC)c1CNC(=O)c1ccc2c(c1)/C(=N/Nc1ccc(S(N)(=O)=O)cc1)C(=O)N2,8.769551078621726,509.136904456,8,4,2.0494999999999997,True
CHEMBL3698692,CDK4,1.7,nM,C[C@@H]1CN(c2ccc(Nc3ncc4c5ccncc5n(C5CCCC5)c4n3)nc2)CCN1,8.769551078621726,428.243692896,7,2,4.031300000000002,True
CHEMBL3642031,CDK4,1.7,nM,COC(=O)CNC1CCN(c2ccc(Nc3ncc4c5ccncc5n(C5CCCC5)c4n3)nn2)CC1,8.769551078621726,501.26007123200014,10,2,3.3596000000000013,True
CHEMBL3641997,CDK4,1.7,nM,C[C@@H](O)CNC1CCN(c2ccc(Nc3ncc4c5ccncc5n(C5CCCC5)c4n3)nn2)CC1,8.769551078621726,487.28080667600017,9,3,3.567400000000002,True
CHEMBL4207796,CDK4,1.72,nM,Cc1nc2c(F)cc(-c3nc(Nc4ccc5c(n4)CCN(CCF)C5)ncc3F)cc2n1C(C)C,8.76447155309245,481.22017849200006,6,1,5.1270200000000035,True
CHEMBL6060984,CDK4,1.72,nM,COCC(=O)N1CCc2nc(Nc3ncc(F)c(-c4cc(F)c5nc(C)n(C(C)C)c5c4)n3)ccc2C1,8.76447155309245,507.2194295440001,7,1,4.3305200000000035,True
CHEMBL5814867,CDK4,1.72,nM,CNCC(=O)N1CCc2nc(Nc3ncc(F)c(-c4cc(F)c5nc(C)n(C(C)C)c5c4)n3)ccc2C1,8.76447155309245,506.23541395600006,7,2,3.903520000000003,True
CHEMBL4210028,CDK4,1.72,nM,CCN1CCN(Cc2ccc(Nc3ncc(F)c(-c4ccc5nc6n(c5c4)C(C)(C)CC6)n3)nc2)CC1,8.76447155309245,500.2812212760001,7,1,4.589800000000003,True
CHEMBL6031262,CDK4,1.73,nM,C/C(=N/O)N(C)CCN1CCc2nc(Nc3ncc(F)c(-c4cc(F)c5nc(C)n(C(C)C)c5c4)n3)ccc2C1,8.761953896871205,549.2776131160001,8,2,4.896920000000004,True
CHEMBL5775776,CDK6,1.73,nM,Cc1nc2c(F)cc(-c3nc(Nc4ccc5c(n4)CCN(CCN4CC=C(B(O)O)CC4)C5)ncc3F)cc2n1C(C)(C)C,8.761953896871205,602.3100592640001,9,3,3.9757200000000035,True
CHEMBL5755607,CDK4,1.73,nM,Cc1nc2c(F)cc(-c3nc(Nc4ccc5c(n4)CCN(CCN=C(N)N)C5)ncc3F)cc2n1C(C)C,8.761953896871205,520.2622974000002,7,3,3.4309200000000013,True
CHEMBL5775091,CDK4,1.74,nM,Cc1nc2c(F)cc(-c3nc(Nc4ccc5c(n4)CCN(CCS(C)(=O)=NC#N)C5)ncc3F)cc2n1C(C)C,8.7594507517174,565.218383988,9,1,4.736400000000004,True
CHEMBL5844694,CDK4,1.74,nM,Cc1nc2c(F)cc(-c3nc(Nc4ccc5c(n4)CCN(C(=O)CCO)C5)ncc3F)cc2n1C(C)C,8.7594507517174,507.21942954400004,7,2,4.066520000000002,True
CHEMBL5775091,CDK6,1.77,nM,Cc1nc2c(F)cc(-c3nc(Nc4ccc5c(n4)CCN(CCS(C)(=O)=NC#N)C5)ncc3F)cc2n1C(C)C,8.752026733638193,565.218383988,9,1,4.736400000000004,True
CHEMBL5971879,CDK4,1.79,nM,Cc1nc2c(F)cc(-c3nc(Nc4ccc5c(n4)CCN[C@H]5C)ncc3F)cc2n1C(C)(C)C,8.747146969020108,463.2296003040001,6,2,5.180220000000004,True
CHEMBL5903034,CDK4,1.79,nM,Cc1nc2c(F)cc(-c3nc(Nc4ccc5c(n4)CCN(CCN(C)CB(O)O)C5)ncc3F)cc2n1C(C)C,8.747146969020108,550.2787591360001,9,3,3.101320000000001,True
CHEMBL3702110,CDK4,1.8,nM,CC1(C)CCC(n2c3nc(Nc4ccc(N5CCNCC5)cn4)ncc3c3ccnc(O)c32)CC1,8.744727494896694,472.269907644,8,3,4.374600000000003,True
CHEMBL249303,CDK1,1.8,nM,CCN(CC)Cc1cccc2[nH]c(-c3n[nH]c4ncc(-c5cncc6ccccc56)cc34)nc12,8.744727494896694,447.21714380000003,5,2,5.558200000000005,True
CHEMBL3702050,CDK4,1.8,nM,COCCN1CCN(c2ccc(Nc3ncc4c5ccncc5n(C5CCCC5)c4n3)nc2)CC1,8.744727494896694,472.26990764400006,8,1,4.001600000000003,True
CHEMBL5932825,CDK4,1.81,nM,Cc1nc2c(F)cc(-c3nc(Nc4ccc5c(n4)CCN(C(=O)CN(C)C)C5)ncc3F)cc2n1C1CC1,8.742321425130816,518.2354139560001,7,1,3.9997200000000026,True
CHEMBL4463874,CDK6,1.82,nM,Cc1nc2c(F)cc(-c3nc(Nc4ccc5c(n4)CCN(CCN(C)CCNC(=N)N)C5)ncc3F)cc2n1C(C)C,8.739928612014925,577.3201466240001,8,4,3.5723900000000013,True
CHEMBL5879318,CDK4,1.83,nM,CNCC(=O)N1CCc2nc(Nc3ncc(F)c(-c4cc(F)c5nc(C)n(C6CCC6)c5c4)n3)ccc2C1,8.73754891026957,518.2354139560001,7,2,4.047620000000003,True
CHEMBL5981008,CDK4,1.86,nM,CC(=N)NCCN1CCc2nc(Nc3ncc(F)c(-c4cc(F)c5nc(C)n(C(C)C)c5c4)n3)ccc2C1,8.730487055782083,519.267048432,7,3,4.744290000000004,True
CHEMBL5748748,CDK6,1.87,nM,CC1(C)CCc2nc3c(F)cc(-c4nc(Nc5ccc6c(n5)CCN(C(=O)CO)C6)ncc4F)cc3n21,8.7281583934635,505.2037794800001,7,2,3.4684000000000017,True
CHEMBL5816005,CDK6,1.87,nM,Cc1nc2c(F)cc(-c3nc(Nc4ccc5c(n4)CCN(CCN4CCOCC4)C5)ncc3F)cc2n1C(C)(C)C,8.7281583934635,562.2980142120001,8,1,4.663820000000004,True
CHEMBL4079206,CDK9,1.9,nM,CN1CC[C@H](c2c(O)cc(O)c3c(=O)cc(/C=C/c4c(Cl)cccc4Cl)oc23)[C@H](O)C1,8.721246399047171,461.07967813199997,6,3,4.461400000000003,True
CHEMBL3301610,CDK6,1.9,nM,CCN1CCN(Cc2ccc(Nc3ncc(F)c(-c4cc(F)c5nc(C)n(C(C)C)c5c4)n3)nc2)CC1,8.721246399047171,506.2717994640001,7,1,4.936920000000004,True
CHEMBL3642000,CDK4,1.9,nM,C[C@H](CO)NC1CCN(c2ccc(Nc3ncc4c5ccncc5n(C5CCCC5)c4n3)nn2)CC1,8.721246399047171,487.28080667600017,9,3,3.567400000000002,True
CHEMBL3301610,CDK4,1.9,nM,CCN1CCN(Cc2ccc(Nc3ncc(F)c(-c4cc(F)c5nc(C)n(C(C)C)c5c4)n3)nc2)CC1,8.721246399047171,506.2717994640001,7,1,4.936920000000004,True
CHEMBL429142,CDK2,1.9,nM,CC(C)CC(=O)c1ccc2c(c1)/C(=C/Nc1ccc(S(N)(=O)=O)cc1)C(=O)N2,8.721246399047171,399.125277152,5,3,2.9678999999999993,True
CHEMBL5979966,CDK4,1.9,nM,Cc1nc2c(F)cc(-c3nc(Nc4ccc5c(n4)CCN(CCN4CCN(C)CC4)C5)ncc3F)cc2n1C(C)(C)C,8.721246399047171,575.3296486880001,8,1,4.579020000000003,True
CHEMBL3702091,CDK4,1.9,nM,O[C@@H]1CCN(c2ccc(Nc3ncc4c5ccnc(F)c5n(C5CCCC5)c4n3)nc2)C1,8.721246399047171,433.2026366080001,7,2,3.9433000000000025,True
CHEMBL3698739,CDK4,1.9,nM,N[C@@H]1CCN(c2ccc(Nc3ncc4c5ccncc5n(C5CCCC5)c4n3)nn2)C1,8.721246399047171,415.2232918000001,8,2,3.1656000000000013,True
CHEMBL5568620,CDK9,1.9,nM,CC(C)c1c2cc(-c3ccnc(Nc4ccc5c(N6CCN(C)CC6)ncnc5c4)n3)ccc2nn1C,8.721246399047171,493.2702419920002,8,1,4.592300000000003,True
CHEMBL5976517,CDK4,1.92,nM,Cc1nc2c(F)cc(-c3nc(Nc4ccc5c(n4)CCN(CC#CCN(C)C)C5)ncc3F)cc2n1C(C)C,8.71669877129645,530.2717994640001,7,1,4.722520000000004,True
CHEMBL4077071,CDK6,1.96,nM,CN1CCN(Cc2ccc(NC(=O)c3n[nH]cc3Nc3ncnc4[nH]ccc34)cc2)CC1,8.707743928643524,431.21820642000006,7,4,2.4242999999999997,True
CHEMBL5935906,CDK4,1.96,nM,CNCCN1CCc2nc(Nc3ncc(F)c(-c4cc(F)c5nc(C)n(C6CC6)c5c4)n3)ccc2C1,8.707743928643524,490.240499336,7,2,4.130920000000002,True
CHEMBL5979966,CDK6,1.97,nM,Cc1nc2c(F)cc(-c3nc(Nc4ccc5c(n4)CCN(CCN4CCN(C)CC4)C5)ncc3F)cc2n1C(C)(C)C,8.705533773838408,575.3296486880001,8,1,4.579020000000003,True
CHEMBL3298985,CDK2,2.0,nM,CC[C@@H](NC(=O)N1CCc2cnc(NC3CCOCC3)nc2C1)c1ccc(C#N)c(Cl)c1,8.698970004336019,454.18840178400006,6,2,3.811580000000003,True
CHEMBL3673542,CDK9,2.0,nM,O=C(CO)N1CC=C(c2cc3c(-c4cncc(OCc5cccc(F)c5)n4)ccnc3[nH]2)CC1,8.698970004336019,459.1706677840001,6,2,3.346000000000001,True
CHEMBL488257,CDK2,2.0,nM,CNC(=O)c1ccc(Nc2nccc(-c3cnc(C)n3C3CCCC3)n2)cc1,8.698970004336019,376.201159388,5,2,3.8668200000000033,True
CHEMBL5851484,CDK6,2.0,nM,CC(C)N1CCOc2c(F)cc(-c3nc(Nc4ccc(N5CCN(C(=O)CO)CC5)cn4)ncc3F)cc21,8.698970004336019,525.229994228,9,2,2.8085000000000013,True
CHEMBL5760232,CDK6,2.0,nM,CC(C)N1CCOc2c(F)cc(-c3nc(Nc4ccc(N5CCC(N(C)C)CC5)nc4)ncc3F)cc21,8.698970004336019,509.2714651160001,8,1,4.698000000000004,True
CHEMBL5897019,CDK4,2.0,nM,CCN1CCC(c2ccc(Nc3ncc(F)c(-c4cc(F)c5c(c4)N(C(C)C)CCO5)n3)nc2)CC1,8.698970004336019,494.26056608400006,7,1,5.366900000000005,True
CHEMBL3979266,CDK9,2.0,nM,CCS(=O)(Cc1cc(F)cc(Nc2ncc(F)c(-c3ccc(F)cc3OC)n2)c1)=NC#N,8.698970004336019,461.11333047600004,7,1,4.782080000000003,True
CHEMBL3642032,CDK4,2.0,nM,O=C(O)CNC1CCN(c2ccc(Nc3ncc4c5ccncc5n(C5CCCC5)c4n3)nc2)CC1,8.698970004336019,486.2491722000001,8,3,3.8762000000000016,True
CHEMBL5740706,CDK4,2.0,nM,CC(C)N1CCc2cc(Nc3ncc(F)c(-c4cc(F)c5c(c4)N(C(C)C)CCO5)n3)ccc2C1,8.698970004336019,479.24966705200006,6,1,5.539100000000005,True
CHEMBL454648,CDK2,2.0,nM,Cc1ncc(-c2nc(Nc3ccc(C(=O)N(C)C)c(F)c3)ncc2F)n1C(C)C,8.698970004336019,400.18231576400007,5,1,3.953020000000003,True
CHEMBL5917565,CDK6,2.0,nM,CC(C)N1CCOc2c(F)cc(-c3nc(Nc4ccc(N5CCNCC5)nc4)ncc3F)cc21,8.698970004336019,467.2245149240001,8,2,3.577200000000002,True
CHEMBL3648117,CDK2,2.0,nM,C[C@H](O)[C@@H](C)Nc1nc(Nc2ccc(S(C)(=N)=O)cc2)ncc1Br,8.698970004336019,413.05210797999996,7,4,3.199370000000001,True
CHEMBL5095102,CDK4,2.0,nM,CC(C)N1CCOc2c(F)cc(-c3nc(Nc4ccc(C5CCN(C)CC5)cn4)ncc3F)cc21,8.698970004336019,480.24491602000006,7,1,4.976800000000004,True
CHEMBL3673540,CDK9,2.0,nM,Fc1cccc(CNc2nc(-c3ccnc4[nH]c(C5CCNCC5)cc34)c(F)cc2F)c1,8.698970004336019,437.182730364,4,3,5.121300000000003,True
CHEMBL3944304,CDK9,2.0,nM,COc1cc(F)ccc1-c1nc(Nc2cccc(CS(=O)(=NC#N)C3CC3)c2)ncc1F,8.698970004336019,455.1227522880001,7,1,4.785480000000003,True
CHEMBL3959283,CDK9,2.0,nM,CCS(=O)(Cc1cccc(Nc2ncc(F)c(-c3ccc(F)cc3OC)n2)c1)=NC#N,8.698970004336019,443.1227522880001,7,1,4.642980000000003,True
CHEMBL3946675,CDK9,2.0,nM,COc1cc(F)ccc1-c1nc(Nc2cc(Br)cc(CS(C)(=N)=O)c2)ncc1F,8.698970004336019,482.0223653240001,6,2,5.113070000000003,True
CHEMBL3648111,CDK1,2.0,nM,COc1cc(Nc2ncc(Br)c(N[C@H](C)[C@@H](C)O)n2)ccc1S(C)(=N)=O,8.698970004336019,443.062672664,8,4,3.2079700000000013,True
CHEMBL3648116,CDK2,2.0,nM,C[C@H](Nc1nc(Nc2ccc(S(C)(=N)=O)cc2)ncc1Br)C(C)(C)O,8.698970004336019,427.067758044,7,4,3.5894700000000026,True
CHEMBL5851484,CDK4,2.0,nM,CC(C)N1CCOc2c(F)cc(-c3nc(Nc4ccc(N5CCN(C(=O)CO)CC5)cn4)ncc3F)cc21,8.698970004336019,525.229994228,9,2,2.8085000000000013,True
CHEMBL5976864,CDK4,2.0,nM,CC(C)N1CCOc2c(F)cc(-c3nc(Nc4ccc(N5CCN(C(=O)CN(C)C)CC5)cc4)ncc3F)cc21,8.698970004336019,551.2820298,8,1,3.982800000000003,True
CHEMBL5869636,CDK6,2.0,nM,CC(C)N1CCOc2c(F)cc(-c3nc(Nc4ccc(N5CCN(C)CC5)c(F)c4)ncc3F)cc21,8.698970004336019,498.2354942080001,7,1,4.663500000000004,True
CHEMBL5976864,CDK6,2.0,nM,CC(C)N1CCOc2c(F)cc(-c3nc(Nc4ccc(N5CCN(C(=O)CN(C)C)CC5)cc4)ncc3F)cc21,8.698970004336019,551.2820298,8,1,3.982800000000003,True
CHEMBL3702154,CDK4,2.0,nM,CN(C)C1CCN(c2ccc(Nc3ncc4c5ccnc(F)c5n(C5CCCC5)c4n3)nn2)CC1,8.698970004336019,475.26082018000005,8,1,4.297700000000003,True
CHEMBL359794,CDK2,2.0,nM,N#Cc1ccc(Nc2nccc(-c3cnn4ncccc34)n2)cc1,8.698970004336019,313.10759335200004,6,1,2.8015800000000004,True
CHEMBL3642033,CDK4,2.0,nM,O=C(O)CNC1CCN(c2ccc(Nc3ncc4c5ccncc5n(C5CCCC5)c4n3)nn2)CC1,8.698970004336019,487.24442116800014,9,3,3.271200000000001,True
CHEMBL4448494,CDK6,2.0,nM,Cc1nc2c(F)cc(-c3nc(Nc4ccc5c(n4)CCN(CCN(C)C)C5)ncc3F)cc2n1C(C)C,8.698970004336019,506.2717994640001,7,1,4.719120000000004,True
CHEMBL3702236,CDK4,2.0,nM,CC[C@H](C)n1c2cnccc2c2cnc(Nc3ccc(N4CC[C@@H](O)C4)cn3)nc21,8.698970004336019,403.21205842000006,7,2,3.6601000000000017,True
CHEMBL4457608,CDK2,2.0,nM,O=C1Nc2ccc([N+](=O)[O-])cc2/C1=C1/Nc2ccc(O)cc2/C1=N\O,8.698970004336019,338.06511942,7,4,2.2676,True
CHEMBL73303,CDK2,2.0,nM,NS(=O)(=O)c1ccc(Nc2nccc(-c3cnc4ccccn34)n2)cc1,8.698970004336019,366.089894688,6,2,2.1822999999999997,True
CHEMBL3698746,CDK4,2.0,nM,NC1CCCN(c2ccc(Nc3ncc4c5ccncc5n(C5CCCC5)c4n3)nn2)C1,8.698970004336019,429.2389418640001,8,2,3.5557000000000025,True
CHEMBL5789426,CDK4,2.0,nM,CC(C)N1CCOc2c(F)cc(-c3nc(Nc4ccc(S(=O)(=O)NCCN(C)C)cc4)ncc3F)cc21,8.698970004336019,532.20681626,8,2,3.6125000000000025,True
CHEMBL3698693,CDK4,2.0,nM,C[C@H]1CN(c2ccc(Nc3ncc4c5ccncc5n(C5CCCC5)c4n3)nc2)CCN1,8.698970004336019,428.243692896,7,2,4.031300000000002,True
CHEMBL3237444,CDK4,2.0,nM,Clc1nccc2c3cnc(Nc4ccc(N5CCNCC5)cn4)nc3n(C3CCCC3)c12,8.698970004336019,448.1890704800001,7,2,4.296200000000003,True
CHEMBL3904602,CDK6,2.0,nM,CC(C)N1CCN(c2ccc(Nc3ncc4cc5n(c4n3)C3(CCCCC3)CNC5=O)nc2)CC1,8.698970004336019,474.285557708,7,2,3.5031000000000017,True
CHEMBL3905335,CDK9,2.0,nM,COc1cc(F)ccc1-c1nc(Nc2cc(CS(C)(=N)=O)cc(C(F)(F)F)c2)ncc1F,8.698970004336019,472.09923788400005,6,2,5.369370000000003,True
CHEMBL5499697,CDK9,2.0,nM,N[C@H]1CCN(c2c3c(nc4ccc(-c5ccnc(NC(=O)C6CC6)c5)cc24)CCCC3)C1,8.698970004336019,427.237210548,5,2,4.061500000000003,True
CHEMBL5956531,CDK4,2.0,nM,CC(C)N1CCOc2c(F)cc(-c3nc(Nc4ccc5c(c4)CCNC5)ncc3F)cc21,8.698970004336019,437.20271686000007,6,2,4.418300000000003,True
CHEMBL3298199,CDK2,2.0,nM,C[C@@H](NC(=O)N1CCc2cnc(N[C@H]3CCO[C@@H](CO)C3)nc2C1)c1ccc(Cl)c(Cl)c1,8.698970004336019,479.149095084,6,3,3.5641000000000025,True
CHEMBL462385,CDK2,2.0,nM,Cc1ncc(-c2nc(Nc3ccc(C(=O)NCCN(C)C)c(F)c3)ncc2F)n1C(C)C,8.698970004336019,443.22451492400006,6,2,3.542620000000003,True
CHEMBL462192,CDK2,2.0,nM,Cc1ncc(-c2nc(Nc3ccc(C(=O)N4CCCN(C)CC4)cc3)ncc2F)n1C(C)C,8.698970004336019,451.24958680000003,6,1,3.889820000000003,True
CHEMBL455657,CDK1,2.0,nM,CN[C@H]1CCN(C(=O)c2ccc(Nc3ncc(F)c(-c4cnc(C)n4C(C)C)n3)cc2)C1,8.698970004336019,437.2339367360001,6,2,3.546020000000002,True
CHEMBL191003,CDK2,2.0,nM,Nc1nc(Nc2ccc(S(N)(=O)=O)cc2)nn1C(=O)c1c(F)cccc1F,8.698970004336019,394.065965684,7,3,1.217999999999999,True
CHEMBL3702092,CDK4,2.0,nM,O[C@H]1CCN(c2ccc(Nc3ncc4c5ccnc(F)c5n(C5CCCC5)c4n3)nc2)C1,8.698970004336019,433.2026366080001,7,2,3.9433000000000025,True
CHEMBL487067,CDK2,2.0,nM,Cc1ncc(-c2ccnc(Nc3ccc(C(=O)NCCO)cc3)n2)n1C(C)C,8.698970004336019,380.19607400800004,6,3,2.69512,True
CHEMBL411887,CDK2,2.0,nM,C/C(Nc1ccc(S(N)(=O)=O)cc1)=C1/C(=O)Nc2ccc(-c3cnco3)cc21,8.698970004336019,396.089225992,6,3,2.784200000000001,True
CHEMBL194721,CDK2,2.0,nM,FC(F)(F)c1cnc(Nc2ccc3[nH]cnc3c2)nc1Nc1ccccc1Cl,8.698970004336019,404.07640672400004,5,3,5.5123000000000015,True
CHEMBL3702034,CDK4,2.0,nM,NC1CCN(c2ccc(Nc3ncc4c5cc[nH]c(=O)c5n(C5CCCC5)c4n3)nn2)CC1,8.698970004336019,445.2338564840001,8,3,2.849000000000001,True
CHEMBL560817,CDK2,2.0,nM,CN1CCN(c2ccc(Nc3ncc4c(n3)-c3c(c(C(N)=O)nn3C)CC4)cc2)CC1,8.698970004336019,418.222957452,7,2,1.5699999999999994,True
CHEMBL190281,CDK4,2.0,nM,O=c1c(Br)cc2cnc(Nc3ccc(N4CCNCC4)cc3)nc2n1C1CCCC1,8.698970004336019,468.1273215200001,6,2,3.822300000000002,True
CHEMBL5740706,CDK6,2.0,nM,CC(C)N1CCc2cc(Nc3ncc(F)c(-c4cc(F)c5c(c4)N(C(C)C)CCO5)n3)ccc2C1,8.698970004336019,479.24966705200006,6,1,5.539100000000005,True
CHEMBL453862,CDK2,2.0,nM,Cc1ncc(-c2nc(Nc3ccc(C(=O)N(C)C)cc3)ncc2F)n1C(C)C,8.698970004336019,382.19173757600004,5,1,3.813920000000003,True
CHEMBL3642019,CDK4,2.0,nM,CCNC1CCN(c2ccc(Nc3ncc4c5ccncc5n(C5CCCC5)c4n3)nc2)CC1,8.698970004336019,456.274993024,7,2,4.811500000000004,True
CHEMBL355631,CDK2,2.0,nM,COc1cc[nH]c1/C=C1\C(=O)Nc2ccc(F)c(C#C[C@@H]3CCCN3)c21,8.698970004336019,351.138305036,3,3,2.7586000000000004,True
CHEMBL3648115,CDK1,2.0,nM,COc1cc(Nc2ncc(Br)c(N[C@H](C)C(C)(C)O)n2)ccc1S(C)(=N)=O,8.698970004336019,457.078322728,8,4,3.5980700000000017,True
CHEMBL3973367,CDK9,2.0,nM,COc1cc(F)ccc1-c1nc(Nc2cc(F)c(F)c(CS(C)(=O)=NC#N)c2)ncc1F,8.698970004336019,465.0882586000001,7,1,4.531080000000003,True
CHEMBL495696,CDK2,2.0,nM,N#Cc1cccc(Nc2nccc(-c3cnn4ncccc34)n2)c1,8.698970004336019,313.10759335200004,6,1,2.8015800000000004,True
CHEMBL259838,CDK2,2.0,nM,O=C(Nc1n[nH]c2nc(-c3ccc(O)c(Cl)c3)ccc12)C1CC1,8.698970004336019,328.072703336,4,3,3.3324000000000007,True
CHEMBL260416,CDK2,2.0,nM,O=C(Nc1n[nH]c2nc(-c3ccc(O)c(Br)c3)ccc12)C1CC1,8.698970004336019,372.022187756,4,3,3.4415000000000004,True
CHEMBL3673541,CDK9,2.0,nM,CNC(=O)N1CC=C(c2cc3c(-c4cncc(OCc5cccc(F)c5)n4)ccnc3[nH]2)CC1,8.698970004336019,458.18665219600007,5,2,4.166500000000003,True
CHEMBL3237443,CDK4,2.0,nM,Fc1nccc2c3cnc(Nc4ccc(N5CCNCC5)cn4)nc3n(C3CCCC3)c12,8.698970004336019,432.21862102000006,7,2,3.781900000000002,True
CHEMBL5917565,CDK4,2.0,nM,CC(C)N1CCOc2c(F)cc(-c3nc(Nc4ccc(N5CCNCC5)nc4)ncc3F)cc21,8.698970004336019,467.2245149240001,8,2,3.577200000000002,True
CHEMBL559845,CDK2,2.0,nM,Cn1nc(C(N)=O)c2c1-c1nc(Nc3ccccc3)ncc1CC2,8.698970004336019,320.138559132,5,2,1.8182,True
CHEMBL5806403,CDK4,2.0,nM,CC(C)N1CCOc2c(F)cc(-c3nc(Nc4ccc(N5CCN(CCO)CC5)cn4)ncc3F)cc21,8.698970004336019,511.2507296720001,9,2,3.281900000000002,True
CHEMBL5806353,CDK6,2.0,nM,CC(C)N1CCOc2c(F)cc(-c3nc(Nc4ccc(N5CCC(N(C)C)CC5)cn4)ncc3F)cc21,8.698970004336019,509.2714651160001,8,1,4.698000000000004,True
CHEMBL460087,CDK2,2.0,nM,CN[C@H]1CCN(C(=O)c2ccc(Nc3nccc(-c4cnc(C)n4C(C)C)n3)cc2)C1,8.698970004336019,419.24335854800006,6,2,3.4069200000000013,True
CHEMBL460102,CDK2,2.0,nM,Cc1ncc(-c2nc(Nc3ccc(C(=O)N4CC[C@H](N(C)C)C4)cc3)ncc2F)n1C(C)C,8.698970004336019,451.24958680000003,6,1,3.888220000000003,True
CHEMBL3698682,CDK4,2.0,nM,c1ccc2c(c1)c1cnc(Nc3ccc(N4CCNCC4)cc3)nc1n2C1CCCC1,8.698970004336019,412.23754489600003,5,2,4.852800000000004,True
CHEMBL3698681,CDK4,2.0,nM,c1ccc2c(c1)c1cnc(Nc3ccc(N4CCNCC4)cc3)nc1n2C1CCOCC1,8.698970004336019,428.232459516,6,2,4.089200000000003,True
CHEMBL5803114,CDK6,2.0,nM,CC(C)N1CCOc2c(F)cc(-c3nc(Nc4ccc(N5CCNCC5)c(F)c4)ncc3F)cc21,8.698970004336019,484.2198441440001,7,2,4.321300000000003,True
CHEMBL5801637,CDK4,2.0,nM,CC(C)N1CCOc2c(F)cc(-c3nc(Nc4ccc(N5CCC(N)CC5)cn4)ncc3F)cc21,8.698970004336019,481.2401649880001,8,2,4.095100000000002,True
CHEMBL365847,CDK4,2.0,nM,CC(=O)c1c(C)c2cnc(Nc3ccc(N4CCNCC4)cc3)nc2n(C2CCCC2)c1=O,8.698970004336019,446.24302420000004,7,2,3.570820000000002,True
CHEMBL190446,CDK2,2.0,nM,C[C@H](C(=O)Nc1cc(C2CC2)[nH]n1)c1ccc(N2Cc3ccccc3C2=O)cc1,8.698970004336019,386.174275944,3,2,4.189700000000003,True
CHEMBL3545083,CDK1,2.0,nM,COCCN1CCN(Cc2ccc(-c3n[nH]c4c3C(=O)c3c(NC(=O)NN5CCOCC5)cccc3-4)cc2)CC1,8.698970004336019,545.2750526,8,3,2.4208000000000007,True
CHEMBL5825661,CDK6,2.0,nM,CC(C)N1CCOc2c(F)cc(-c3nc(Nc4ccc(N5CCNCC5=O)cn4)ncc3F)cc21,8.698970004336019,481.2037794800001,8,2,3.1038000000000014,True
CHEMBL178769,CDK2,2.0,nM,CN(C)S(=O)(=O)c1ccc(Nc2cc(N[C@H]3CC[C@H](N)CC3)nc3c(Br)cnn23)cc1Cl,8.698970004336019,541.0662338200002,7,3,3.8209000000000017,True
CHEMBL3702085,CDK4,2.0,nM,C[C@@H]1CNCCN1c1ccc(Nc2ncc3c4ccnc(F)c4n(C4CCCC4)c3n2)nc1,8.698970004336019,446.23427108400006,7,2,4.1704000000000025,True
CHEMBL455657,CDK2,2.0,nM,CN[C@H]1CCN(C(=O)c2ccc(Nc3ncc(F)c(-c4cnc(C)n4C(C)C)n3)cc2)C1,8.698970004336019,437.2339367360001,6,2,3.546020000000002,True
CHEMBL4438497,CDK4,2.0,nM,Cc1nc2c(F)cc(-c3nc(Nc4ccc5c(n4)CCN(CCN(C)C(N)=S)C5)ncc3F)cc2n1C(C)C,8.698970004336019,551.239119432,7,2,4.332920000000002,True
CHEMBL4281048,CDK9,2.0,nM,COCCN[C@H]1CC[C@H](Nc2cc(-c3csc(NCC4(C#N)CCOCC4)n3)c(Cl)cn2)CC1,8.698970004336019,504.20742297600003,9,3,4.549880000000003,True
CHEMBL3648115,CDK2,2.0,nM,COc1cc(Nc2ncc(Br)c(N[C@H](C)C(C)(C)O)n2)ccc1S(C)(=N)=O,8.698970004336019,457.078322728,8,4,3.5980700000000017,True
CHEMBL3702091,CDK6,2.0,nM,O[C@@H]1CCN(c2ccc(Nc3ncc4c5ccnc(F)c5n(C5CCCC5)c4n3)nc2)C1,8.698970004336019,433.2026366080001,7,2,3.9433000000000025,True
CHEMBL192216,CDK1,2.0,nM,CC(C)COc1nc(Nc2ccc3[nH]cnc3c2)ncc1C(F)(F)F,8.698970004336019,351.130694792,5,2,4.150100000000003,True
CHEMBL192602,CDK2,2.0,nM,C[C@H](C(=O)Nc1cc(C2CC2)[nH]n1)c1ccc(N2CCNC2=O)cc1,8.698970004336019,339.169524912,3,3,2.5589000000000004,True
CHEMBL6020156,CDK6,2.02,nM,Cc1nc2c(F)cc(-c3nc(Nc4ccc5c(n4)CCN(C/C=N/O)C5)ncc3F)cc2n1C(C)C,8.694648630553376,492.21976389200006,8,2,4.617520000000003,True
CHEMBL5834090,CDK6,2.03,nM,Cc1nc2c(F)cc(-c3nc(Nc4ccc5c(n4)CCN(CCN(C)CCO)C5)ncc3F)cc2n1C(C)(C)C,8.692503962086787,550.2980142120001,8,2,4.255720000000004,True
CHEMBL5813772,CDK4,2.05,nM,Cc1nc2c(F)cc(-c3nc(Nc4ccc5c(n4)CCN(C)C5)ncc3F)cc2n1C(C)C,8.688246138944246,449.2139502400001,6,1,4.787320000000003,True
CHEMBL5908734,CDK4,2.06,nM,Cc1nc2c(F)cc(-c3nc(Nc4ccc5c(n4)CCN(CCO)C5)ncc3F)cc2n1C(C)C,8.686132779630846,479.22451492400006,7,2,4.149820000000003,True
CHEMBL5834090,CDK4,2.06,nM,Cc1nc2c(F)cc(-c3nc(Nc4ccc5c(n4)CCN(CCN(C)CCO)C5)ncc3F)cc2n1C(C)(C)C,8.686132779630846,550.2980142120001,8,2,4.255720000000004,True
CHEMBL5834517,CDK4,2.06,nM,CC(=O)N1CCc2nc(Nc3ncc(F)c(-c4cc(F)c5nc(C)n(C(C)C)c5c4)n3)ccc2C1,8.686132779630846,477.2088648600001,6,1,4.704020000000003,True
CHEMBL5828906,CDK4,2.07,nM,Cc1nc2c(F)cc(-c3nc(Nc4ccc5c(n4)CCN(C[C@@H](C)N)C5)ncc3F)cc2n1C1CC1,8.684029654543082,490.2404993360001,7,2,4.258720000000002,True
CHEMBL5905735,CDK4,2.08,nM,Cc1nc2c(F)cc(-c3nc(Nc4ccc5c(n4)CCN(C(C)C)C5)ncc3F)cc2n1C(C)C,8.681936665037238,477.2452503680001,6,1,5.565920000000005,True
CHEMBL3698674,CDK4,2.1,nM,c1ccc2c(c1)c1cnc(Nc3ccc(N4CCNCC4)cn3)nc1n2C1CCCCCC1,8.67778070526608,441.2640939920001,6,2,5.028000000000004,True
CHEMBL271953,CDK2,2.1,nM,NS(=O)(=O)c1ccc(N/N=C2\C(=O)Nc3ccc(C(=O)NCc4cccnc4)cc32)cc1,8.67778070526608,450.111024056,7,4,1.4272999999999998,True
CHEMBL3680379,CDK4,2.1,nM,C[C@H]1CC[C@H](n2c3cnccc3c3cnc(Nc4ccc5c(n4)CCNC5)nc32)CC1,8.67778070526608,413.2327938640001,6,2,4.515000000000002,True
CHEMBL4204030,CDK4,2.1,nM,CCN1CCN(Cc2cnc(Nc3cc(-c4cc(F)c5nc(C)n(C(C)C)c5c4)ccn3)cn2)CC1,8.67778070526608,488.2812212760001,7,1,4.797820000000004,True
CHEMBL3698673,CDK4,2.1,nM,c1ccc2c(c1)c1cnc(Nc3ccc(N4CCNCC4)cn3)nc1n2C1CCOCC1,8.67778070526608,429.22770848400006,7,2,3.484200000000002,True
CHEMBL409731,CDK2,2.1,nM,COC(=O)c1ccc2c(c1)/C(=C/Nc1ccc(S(N)(=O)=O)cc1)C(=O)N2,8.67778070526608,373.07324158,6,3,1.5256999999999996,True
CHEMBL6031262,CDK6,2.11,nM,C/C(=N/O)N(C)CCN1CCc2nc(Nc3ncc(F)c(-c4cc(F)c5nc(C)n(C(C)C)c5c4)n3)ccc2C1,8.675717544702307,549.2776131160001,8,2,4.896920000000004,True
CHEMBL5755607,CDK6,2.11,nM,Cc1nc2c(F)cc(-c3nc(Nc4ccc5c(n4)CCN(CCN=C(N)N)C5)ncc3F)cc2n1C(C)C,8.675717544702307,520.2622974000002,7,3,3.4309200000000013,True
CHEMBL5956743,CDK4,2.12,nM,CCS(=O)(=O)c1cc2cnc(Nc3ccc(N4CCNCC4)cn3)nc2n1C1CCCC1,8.67366413907125,455.2103441680001,8,2,2.888200000000001,True
CHEMBL5781074,CDK4,2.18,nM,Cc1nc2c(F)cc(-c3nc(Nc4ccc5c(n4)CCNC5)ncc3F)cc2n1C1CCC1,8.661543506395395,447.1983001760001,6,2,4.589220000000003,True
CHEMBL3698646,CDK4,2.2,nM,CC1(C)CN(c2ccc(Nc3ncc4c5ccncc5n(C5CCCC5)c4n3)nn2)CCN1,8.657577319177793,443.25459192800014,8,2,3.8164000000000016,True
CHEMBL4568087,CDK2,2.2,nM,Cn1cc(-c2cnc3c(-c4csc(C(=O)N[C@@H]5CCCC[C@@H]5N)c4)cnn3c2)cn1,8.657577319177793,421.1684793560001,6,2,2.8580000000000005,True
CHEMBL269882,CDK2,2.2,nM,NS(=O)(=O)c1ccc(N/N=C2\C(=O)Nc3ccc4[nH]nc(Cl)c4c32)cc1,8.657577319177793,390.0301868920001,6,4,1.6320000000000001,True
CHEMBL5808524,CDK1,2.2,nM,NS(=O)(=O)c1ccc(Nc2ncc3cc4n(c3n2)C2(CCCCC2)C(=O)NC4O)cc1,8.657577319177793,442.14232418399996,7,4,1.6023999999999996,True
CHEMBL3698650,CDK4,2.2,nM,c1ccc(-n2c3cnccc3c3cnc(Nc4ccc(N5CCNCC5)cn4)nc32)cc1,8.657577319177793,422.1967427040001,7,2,3.5169000000000015,True
CHEMBL3702049,CDK4,2.2,nM,c1cc2c3cnc(Nc4ccc(CN5CCOCC5)cn4)nc3n(C3CCCC3)c2cn1,8.657577319177793,429.2277084840001,7,1,4.065400000000003,True
CHEMBL3642001,CDK4,2.2,nM,OCC(CO)NC1CCN(c2ccc(Nc3ncc4c5ccncc5n(C5CCCC5)c4n3)nn2)CC1,8.657577319177793,503.27572129600014,10,4,2.5397999999999996,True
CHEMBL4213557,CDK6,2.2,nM,Cc1nc2c(F)cc(-c3cc(Nc4cnc(CN5CCN(CC6CC6)CC5)cn4)ncn3)cc2n1C(C)C,8.657577319177793,515.2921203080001,8,1,4.582920000000004,True
CHEMBL3702167,CDK4,2.2,nM,O=S1(=O)CC=C(c2ccc(Nc3ncc4c5ccncc5n(C5CCCC5)c4n3)nc2)CC1,8.657577319177793,460.16814500800007,7,1,4.435100000000003,True
CHEMBL3702167,CDK6,2.2,nM,O=S1(=O)CC=C(c2ccc(Nc3ncc4c5ccncc5n(C5CCCC5)c4n3)nc2)CC1,8.657577319177793,460.16814500800007,7,1,4.435100000000003,True
CHEMBL5568620,CDK4,2.2,nM,CC(C)c1c2cc(-c3ccnc(Nc4ccc5c(N6CCN(C)CC6)ncnc5c4)n3)ccc2nn1C,8.657577319177793,493.2702419920002,8,1,4.592300000000003,True
CHEMBL4449998,CDK4,2.21,nM,Cc1nc2c(F)cc(-c3nc(Nc4ccc5c(n4)CCN(CCN(C)C)C5)ncc3F)cc2n1CC1CC1,8.655607726314889,518.2717994640001,7,1,4.548220000000004,True
CHEMBL6017199,CDK4,2.21,nM,COC(=O)C(=O)N1CCc2nc(Nc3ncc(F)c(-c4cc(F)c5nc(C)n(C(C)C)c5c4)n3)ccc2C1,8.655607726314889,521.1986941,8,1,3.8571200000000028,True
CHEMBL5886747,CDK6,2.21,nM,Cc1nc2c(F)cc(-c3nc(Nc4ccc5c(n4)CCNC5)ncc3F)cc2n1C1(C)CC1,8.655607726314889,447.1983001760001,6,2,4.3732200000000025,True
CHEMBL6007400,CDK4,2.22,nM,Cc1nc2c(F)cc(-c3nc(Nc4ccc5c(n4)CCN(C[C@@H](C)N(C)C)C5)ncc3F)cc2n1C1CC1,8.653647025549361,518.2717994640001,7,1,4.861620000000004,True
CHEMBL5572638,CDK9,2.23,nM,Cl.N[C@H]1CCN(c2c3c(nc4ccc(-c5ccnc(NC(=O)C6CC6)n5)cc24)CCCC3)C1,8.65169513695184,464.20913722800003,6,2,3.878300000000003,True
CHEMBL6012656,CDK4,2.23,nM,Cc1nc2c(F)cc(-c3nc(Nc4ccc5c(n4)CCN(C(=O)CN4CCOCC4)C5)ncc3F)cc2n1C1CC1,8.65169513695184,560.2459786400001,8,1,3.7703200000000026,True
CHEMBL5859057,CDK4,2.23,nM,Cc1nc2c(F)cc(-c3nc(Nc4ccc5c(n4)CCN(C(=O)CN4CCCCC4)C5)ncc3F)cc2n1C1CC1,8.65169513695184,558.2667140840001,7,1,4.924020000000004,True
CHEMBL5833493,CDK4,2.23,nM,Cc1nc2c(F)cc(-c3nc(Nc4ccc5c(n4)CCN(C(=O)CC(C)(C)O)C5)ncc3F)cc2n1C(C)C,8.65169513695184,535.250729672,7,2,4.845120000000004,True
CHEMBL5816005,CDK4,2.26,nM,Cc1nc2c(F)cc(-c3nc(Nc4ccc5c(n4)CCN(CCN4CCOCC4)C5)ncc3F)cc2n1C(C)(C)C,8.645891560852599,562.2980142120001,8,1,4.663820000000004,True
CHEMBL5775776,CDK4,2.27,nM,Cc1nc2c(F)cc(-c3nc(Nc4ccc5c(n4)CCN(CCN4CC=C(B(O)O)CC4)C5)ncc3F)cc2n1C(C)(C)C,8.643974142806877,602.3100592640001,9,3,3.9757200000000035,True
CHEMBL4202432,CDK6,2.3,nM,Cc1nc2c(F)cc(-c3cc(Nc4cnc(CN5CCN(C(C)C)CC5)cn4)ncn3)cc2n1C(C)C,8.638272163982407,503.2921203080001,8,1,4.581320000000004,True
CHEMBL269827,CDK2,2.3,nM,NS(=O)(=O)c1ccc(N/N=C2\C(=O)Nc3ccc(-c4cnco4)cc32)cc1,8.638272163982407,383.068824896,7,3,1.7573,True
CHEMBL521686,CDK6,2.3,nM,O=C(c1cc(Cc2n[nH]c(=O)c3ccccc23)ccc1F)N1CCN(C(=O)C2CC2)CC1,8.638272163982407,434.17541881600005,4,1,2.3474000000000004,True
CHEMBL336242,CDK4,2.3,nM,O=C(Nc1cc(CN[C@H]2Cc3ccc(Cl)cc3C2)n[nH]1)Nc1cccc2c1[C@@H]1CCCN1C2=O,8.638272163982407,476.17275172000006,4,4,4.254800000000002,True
CHEMBL3698703,CDK4,2.3,nM,CC1CN(c2ccc(Nc3ncc4c5ccncc5n(C5CCCC5)c4n3)nc2)CC(C)N1,8.638272163982407,442.25934296,7,2,4.419800000000002,True
CHEMBL3698745,CDK4,2.3,nM,O=C1CN(c2ccc(Nc3ncc4c5ccncc5n(C5CCCC5)c4n3)nn2)CCN1,8.638272163982407,429.2025563560001,8,2,2.5644,True
CHEMBL5751847,CDK6,2.31,nM,Cc1nc2c(F)cc(-c3nc(Nc4ccc5c(n4)CCN(CC(N)=NO)C5)ncc3F)cc2n1C(C)(C)C,8.636388020107855,521.2463129880001,8,3,4.078020000000002,True
CHEMBL5935222,CDK4,2.34,nM,COC(=O)CN1CCc2nc(Nc3ncc(F)c(-c4cc(F)c5nc(C)n(C(C)C)c5c4)n3)ccc2C1,8.630784142589857,507.2194295440001,8,1,4.3305200000000035,True
CHEMBL5953872,CDK4,2.34,nM,COC(=O)N1CCc2nc(Nc3ncc(F)c(-c4cc(F)c5nc(C)n(C(C)C)c5c4)n3)ccc2C1,8.630784142589857,493.2037794800001,7,1,4.923920000000003,True
CHEMBL5947385,CDK4,2.34,nM,C=CC(=O)N1CCc2nc(Nc3ncc(F)c(-c4cc(F)c5nc(C)n(C(C)C)c5c4)n3)ccc2C1,8.630784142589857,489.2088648600001,6,1,4.870120000000004,True
CHEMBL4445727,CDK4,2.35,nM,CCn1c(C)nc2c(F)cc(-c3nc(Nc4ccc5c(n4)CCN(CCN(C)C)C5)ncc3F)cc21,8.628932137728263,492.2561494000001,7,1,4.158120000000003,True
CHEMBL5791509,CDK4,2.35,nM,Cc1nc2c(F)cc(-c3nc(Nc4ccc5c(n4)CCN(C(=O)CC4CC(O)C4)C5)ncc3F)cc2n1C1CC1,8.628932137728263,545.2350796080001,7,2,4.599120000000004,True
CHEMBL5899535,CDK4,2.35,nM,Cc1nc2c(F)cc(-c3nc(Nc4ccc5c(n4)CCN(C(=O)C4CC(O)C4)C5)ncc3F)cc2n1C(C)C,8.628932137728263,533.235079608,7,2,4.455020000000004,True
CHEMBL5832698,CDK4,2.36,nM,Cc1nc2c(F)cc(-c3nc(Nc4ccc5c(n4)CCN(C(=O)[C@@H](C)N(C)C)C5)ncc3F)cc2n1C1CC1,8.627087997029893,532.2510640200001,7,1,4.388220000000003,True
CHEMBL5826084,CDK4,2.37,nM,CN(C)C(=O)c1cc2cnc(Nc3ccc(C4=CCNCC4)cn3)nc2n1C1CCCC1,8.625251653989896,431.2433585480001,6,2,3.7635000000000023,True
CHEMBL4213756,CDK4,2.37,nM,COCCN1CCc2nc(Nc3ncc(F)c(-c4cc(F)c5nc(C)n(C(C)C)c5c4)n3)ccc2C1,8.625251653989896,493.2401649880001,7,1,4.803920000000004,True
CHEMBL6004741,CDK6,2.39,nM,Cc1nc2c(F)cc(-c3nc(Nc4ccc5c(n4)CCN(CC=NO)C5)ncc3F)cc2n1C(C)C,8.621602099051863,492.21976389200006,8,2,4.617520000000003,True
CHEMBL6026840,CDK6,2.39,nM,Cc1nc2c(F)cc(-c3nc(Nc4ccc5c(n4)CCN(CC=NO)C5)ncc3F)cc2n1C(C)(C)C,8.621602099051863,506.23541395600006,8,2,4.7916200000000035,True
CHEMBL3680385,CDK4,2.4,nM,CS(=O)(=O)CCN1CCc2nc(Nc3ncc4c5ccncc5n([C@H]5CC[C@H](C)CC5)c4n3)ccc2C1,8.619788758288394,519.241644296,8,1,4.272000000000003,True
CHEMBL3702101,CDK4,2.4,nM,OC[C@H]1CN(c2ccc(Nc3ncc4c5ccnc(F)c5n(C5CCCC5)c4n3)nc2)CCN1,8.619788758288394,462.22918570400014,8,3,3.142800000000001,True
CHEMBL5095094,CDK4,2.4,nM,CC(C)c1c2cc(-c3nc(Nc4ccc(N5CCNCC5)cn4)ncc3F)ccc2nn1C,8.619788758288394,446.2342710840001,7,2,3.841000000000002,True
CHEMBL4217694,CDK6,2.4,nM,CCC1CCc2nc3c(F)cc(-c4nc(Nc5ccc(CN6CCN(C)CC6)cn5)ncc4F)cc3n21,8.619788758288394,504.25614940000014,7,1,4.554800000000004,True
CHEMBL4207218,CDK4,2.4,nM,CCN1CCC(Cc2cnc(Nc3cc(-c4cc(F)c5nc(C)n(C(C)C)c5c4)ncn3)cn2)CC1,8.619788758288394,488.2812212760001,7,1,5.3297200000000045,True
CHEMBL5095094,CDK6,2.4,nM,CC(C)c1c2cc(-c3nc(Nc4ccc(N5CCNCC5)cn4)ncc3F)ccc2nn1C,8.619788758288394,446.2342710840001,7,2,3.841000000000002,True
CHEMBL5095094,CDK2,2.4,nM,CC(C)c1c2cc(-c3nc(Nc4ccc(N5CCNCC5)cn4)ncc3F)ccc2nn1C,8.619788758288394,446.2342710840001,7,2,3.841000000000002,True
CHEMBL5416114,CDK9,2.41,nM,Cl.N[C@H]1CCN(c2c3c(nc4ccc(-c5ccnc(NC(=O)C6CC6)n5)cc24)CCCCC3)C1,8.61798295742513,478.22478729200003,6,2,4.268400000000003,True
CHEMBL5856237,CDK9,2.44,nM,Cc1nc2c(F)cc(-c3nc(Nc4ccc5c(n4)CCN(C(=O)[C@@H](C)N(C)C)C5)ncc3F)cc2n1C(C)C,8.61261017366127,534.2667140840001,7,1,4.634220000000004,True
CHEMBL5942702,CDK4,2.45,nM,C#CCN1CCc2nc(Nc3ncc(F)c(-c4cc(F)c5nc(C)n(C(C)C)c5c4)n3)ccc2C1,8.610833915635467,473.2139502400001,6,1,4.790720000000003,True
CHEMBL4077071,CDK2,2.47,nM,CN1CCN(Cc2ccc(NC(=O)c3n[nH]cc3Nc3ncnc4[nH]ccc34)cc2)CC1,8.607303046740334,431.21820642000006,7,4,2.4242999999999997,True
CHEMBL5789444,CDK4,2.5,nM,CC(C)CN1CCOc2c(F)cc(-c3nc(Nc4ccc(C5CCN(C)CC5)cn4)ncc3F)cc21,8.602059991327963,494.26056608400006,7,1,5.224400000000005,True
CHEMBL3971812,CDK4,2.5,nM,OC1CCC(n2c3cnccc3c3cnc(Nc4ccc(N5CCNCC5)cn4)nc32)CC1,8.602059991327963,444.2386075160001,8,3,3.003700000000001,True
CHEMBL270132,CDK2,2.5,nM,NS(=O)(=O)c1ccc(N/C=C2\C(=O)Nc3ccc(-c4cnco4)cc32)cc1,8.602059991327963,382.073575928,6,3,2.3941,True
CHEMBL3702077,CDK4,2.5,nM,OCCN1CCN(c2ccc(Nc3ncc4c5ccnc(F)c5n(C5CCCC5)c4n3)nc2)CC1,8.602059991327963,476.2448357680001,8,2,3.486600000000002,True
CHEMBL5749487,CDK4,2.5,nM,CC(C)N1CCOc2c(F)cc(-c3nc(Nc4ccc(C5CCN(C)CC5=O)cn4)ncc3F)cc21,8.602059991327963,494.22418057600004,8,1,4.155800000000003,True
CHEMBL3698728,CDK4,2.5,nM,c1cc2c3cnc(Nc4ccc(NCC5CCNC5)nn4)nc3n(C3CCCC3)c2cn1,8.602059991327963,429.2389418640001,8,3,3.649600000000002,True
CHEMBL3698658,CDK6,2.5,nM,c1ccc2c(c1)c1cnc(Nc3ccc(N4CCNCC4)cn3)nc1n2C1CCCCC1,8.602059991327963,427.2484439280001,6,2,4.637900000000004,True
CHEMBL400749,CDK1,2.5,nM,CNCc1cncc(-c2cnc3[nH]nc(-c4nc5c(COC)cccc5[nH]4)c3c2)c1,8.602059991327963,399.180758292,6,3,3.429000000000001,True
CHEMBL5792947,CDK4,2.5,nM,CCN1CCOc2c(F)cc(-c3nc(Nc4ccc(N5CCNCC5)c(F)c4)ncc3F)cc21,8.602059991327963,470.2041940800001,7,2,3.932800000000002,True
CHEMBL3702067,CDK4,2.5,nM,CC(C)n1c2cnccc2c2cnc(Nc3ccc(N4CCC(N(C)C)CC4)nn3)nc21,8.602059991327963,431.2545919280001,8,1,3.6244000000000023,True
CHEMBL3698684,CDK4,2.5,nM,O=C(c1csc(Nc2ncc3c4ccncc4n(C4CCCC4)c3n2)n1)N1CCNCC1,8.602059991327963,448.1793783880001,8,2,3.3401000000000005,True
CHEMBL5965360,CDK4,2.5,nM,CC(C)N1CCOc2c(F)cc(-c3nc(Nc4cc(F)c(N5CCNCC5)cc4F)ncc3F)cc21,8.602059991327963,502.21042233200006,7,2,4.460400000000003,True
CHEMBL411426,CDK2,2.5,nM,CC(C)c1cccc2c1/C(=N/Nc1ccc(S(N)(=O)=O)cc1)C(=O)N2,8.602059991327963,358.10996143599994,5,3,2.2257,True
CHEMBL424696,CDK9,2.5,nM,c1ccc(Nc2ncc(-c3ccnc(OC4CCCCC4)n3)s2)nc1,8.602059991327963,353.1310312280001,7,1,4.450200000000002,True
CHEMBL5977774,CDK6,2.5,nM,CC1CN(c2ccc(Nc3ncc(F)c(-c4cc(F)c5c(c4)N(C(C)C)CCO5)n3)nc2)CCN1,8.602059991327963,481.2401649880001,8,2,3.9657000000000027,True
CHEMBL5774515,CDK4,2.52,nM,Cc1nc2c(F)cc(-c3nc(Nc4ccc5c(n4)CCN(C(=O)OCCN(C)C)C5)ncc3F)cc2n1C1CC1,8.598599459218455,548.2459786400001,8,1,4.609720000000004,True
CHEMBL5976927,CDK4,2.53,nM,Cc1nc2c(F)cc(-c3nc(Nc4ccc5c(n4)CCN(C(=O)C4CC(N)C4)C5)ncc3F)cc2n1C(C)C,8.596879478824182,532.2510640200001,7,2,4.421420000000003,True
CHEMBL5925248,CDK6,2.54,nM,Cc1nc2c(F)cc(-c3nc(Nc4ccc5c(n4)CCN(C[C@H](C)N(C)C)C5)ncc3F)cc2n1C1CC1,8.595166283380062,518.2717994640001,7,1,4.861620000000004,True
CHEMBL5894084,CDK4,2.54,nM,Cc1nc2c(F)cc(-c3nc(Nc4ccc5c(n4)CCN(C(=O)CN)C5)ncc3F)cc2n1C(C)C,8.595166283380062,492.21976389200006,7,2,3.6428200000000013,True
CHEMBL5811164,CDK4,2.54,nM,Cc1nc2c(F)cc(-c3nc(Nc4ccc5c(n4)CCC(C(=O)CN)C5)ncc3F)cc2n1C(C)C,8.595166283380062,491.22451492400006,7,2,4.432120000000003,True
CHEMBL5950426,CDK6,2.55,nM,Cc1nc2c(F)cc(-c3nc(Nc4ccc5c(n4)CCN(C(=O)N(C)CCN(C)C)C5)ncc3F)cc2n1C1CC1,8.593459819566045,561.2776131160001,7,1,4.524920000000004,True
CHEMBL5761239,CDK4,2.57,nM,CS(=O)(=O)c1cc2cnc(Nc3ccc(C4=CCNCC4)cn3)nc2n1C1CCCC1,8.590066876668706,438.18379507200007,7,2,3.465200000000002,True
CHEMBL5979303,CDK6,2.58,nM,Cc1nc2c(F)cc(-c3nc(Nc4ccc5c(n4)CCN(CCS(C)(=O)=O)C5)ncc3F)cc2n1C(C)(C)C,8.588380294036769,555.222800672,8,1,4.3762200000000036,True
CHEMBL5774473,CDK6,2.58,nM,C#CCN1CCC(N2CCc3nc(Nc4ncc(F)c(-c5cc(F)c6nc(C)n(C(C)C)c6c5)n4)ccc3C2)C1,8.588380294036769,542.2717994640001,7,1,4.865020000000004,True
CHEMBL5760424,CDK6,2.58,nM,C#CN1CCC(N2CCc3nc(Nc4ncc(F)c(-c5cc(F)c6nc(C)n(C(C)C)c6c5)n4)ccc3C2)C1,8.588380294036769,528.2561494,7,1,4.8225200000000035,True
CHEMBL3680381,CDK4,2.6,nM,C[C@H]1CC[C@H](n2c3cnccc3c3cnc(Nc4ccc5c(n4)CCN(CCO)C5)nc32)CC1,8.585026652029182,457.25900861200006,7,2,4.219700000000002,True
CHEMBL3698649,CDK6,2.6,nM,CN(C)C1CCN(c2ccc(Nc3ncc4c5ccncc5n(C5CCCC5)c4n3)nn2)CC1,8.585026652029182,457.2702419920001,8,1,4.158600000000003,True
CHEMBL3641972,CDK4,2.6,nM,C[C@H](O)Cn1c2cnccc2c2cnc(Nc3ccc(N4CC[C@@H](O)C4)nn3)nc21,8.585026652029182,406.18657194400004,9,3,1.4648999999999996,True
CHEMBL3702107,CDK4,2.6,nM,CN(C)C1CCN(c2ccc(Nc3ncc4c5ccncc5n(C5CCC(C)(C)CC5)c4n3)cn2)CC1,8.585026652029182,498.321943216,7,1,5.789800000000006,True
CHEMBL3698733,CDK6,2.6,nM,OCC1CCN(c2ccc(Nc3ncc4c5ccncc5n(C5CCCC5)c4n3)nn2)CC1,8.585026652029182,444.2386075160001,8,2,3.8369000000000026,True
CHEMBL3702049,CDK6,2.6,nM,c1cc2c3cnc(Nc4ccc(CN5CCOCC5)cn4)nc3n(C3CCCC3)c2cn1,8.585026652029182,429.2277084840001,7,1,4.065400000000003,True
CHEMBL4777981,CDK9,2.6,nM,COc1ccc(F)cc1-c1c(F)cnc2[nH]c(C3=CCN([C@H]4CC[C@H](C(=O)O)CC4)CC3)cc12,8.585026652029182,467.20204816399996,4,2,5.249200000000004,True
CHEMBL3698713,CDK4,2.6,nM,NC1CCN(c2cnc(Nc3ncc4c5ccncc5n(C5CCCC5)c4n3)cn2)CC1,8.585026652029182,429.2389418640001,8,2,3.5557000000000016,True
CHEMBL3642030,CDK4,2.6,nM,C[C@@H](CO)NC1CCN(c2ccc(Nc3ncc4c5ccncc5n(C5CCCC5)c4n3)nc2)CC1,8.585026652029182,486.2855577080001,8,3,4.172400000000003,True
CHEMBL3698675,CDK6,2.6,nM,c1cc2c3cnc(Nc4ccc(N5CCNCC5)cc4)nc3n(C3CC4CCC3C4)c2cn1,8.585026652029182,439.2484439280001,6,2,4.493800000000003,True
CHEMBL4207796,CDK6,2.67,nM,Cc1nc2c(F)cc(-c3nc(Nc4ccc5c(n4)CCN(CCF)C5)ncc3F)cc2n1C(C)C,8.573488738635424,481.22017849200006,6,1,5.1270200000000035,True
CHEMBL5976517,CDK6,2.69,nM,Cc1nc2c(F)cc(-c3nc(Nc4ccc5c(n4)CCN(CC#CCN(C)C)C5)ncc3F)cc2n1C(C)C,8.570247719997592,530.2717994640001,7,1,4.722520000000004,True
CHEMBL3698676,CDK4,2.7,nM,N#Cc1ccc2c3cnc(Nc4ccc(N5CCNCC5)cn4)nc3n(C3CCCC3)c2c1,8.568636235841012,438.228042832,7,2,4.119480000000003,True
CHEMBL4208504,CDK6,2.7,nM,CCN1CCN(Cc2cnc(Nc3cc(-c4cc(F)c5nc(C)n(C(C)C)c5c4)ncn3)cn2)CC1,8.568636235841012,489.2764702440001,8,1,4.192820000000003,True
CHEMBL3702128,CDK6,2.7,nM,O=C1CNCCN1Cc1ccc(Nc2ncc3c4ccncc4n(C4CCCC4)c3n2)nc1,8.568636235841012,442.22295745200006,7,2,3.165000000000001,True
CHEMBL5950277,CDK4,2.71,nM,Cc1nc2c(F)cc(-c3nc(Nc4ccc5c(n4)CCN(C(=O)NCCO)C5)ncc3F)cc2n1C1CC1,8.567030709125595,520.2146785120001,7,3,3.6134200000000014,True
CHEMBL5915046,CDK6,2.72,nM,CC1(C)CCc2nc3c(F)cc(-c4nc(Nc5ccc(OC6CCN(CCO)CC6)cn5)ncc4F)cc3n21,8.5654310959658,535.250729672,8,2,4.426900000000003,True
CHEMBL3702093,CDK6,2.8,nM,OCC1CCN(c2ccc(Nc3ncc4c5ccnc(F)c5n(C5CCCC5)c4n3)nc2)CC1,8.55284196865778,461.2339367360001,7,2,4.581000000000003,True
CHEMBL271595,CDK2,2.8,nM,NS(=O)(=O)c1ccc(N/C=C2\C(=O)Nc3ccc4ncsc4c32)cc1,8.55284196865778,372.035082244,6,3,2.3487999999999998,True
CHEMBL3702060,CDK6,2.8,nM,CN(C)C1CCN(c2ccc(Nc3ncc4c5ccnc(Cl)c5n(C5CCCC5)c4n3)nc2)CC1,8.55284196865778,490.23602067200005,7,1,5.417000000000005,True
CHEMBL5568620,CDK2,2.8,nM,CC(C)c1c2cc(-c3ccnc(Nc4ccc5c(N6CCN(C)CC6)ncnc5c4)n3)ccc2nn1C,8.55284196865778,493.2702419920002,8,1,4.592300000000003,True
CHEMBL3642003,CDK4,2.8,nM,c1cc2c3cnc(Nc4ccc(N5CCC(N6CCOCC6)CC5)nn4)nc3n(C3CCCC3)c2cn1,8.55284196865778,499.28080667600017,9,1,3.9292000000000025,True
CHEMBL1794055,CDK2,2.8,nM,NS(=O)(=O)c1ccc(NC=C2C(=O)Nc3ccc4ncsc4c32)cc1,8.55284196865778,372.035082244,6,3,2.3487999999999998,True
CHEMBL3698695,CDK4,2.8,nM,c1cc2c3cnc(Nc4ccc(N[C@H]5CCNC5)cn4)nc3n(C3CCCC3)c2cn1,8.55284196865778,414.228042832,7,3,4.007000000000002,True
CHEMBL410883,CDK1,2.8,nM,NC(=O)c1ccc2c(c1)/C(=N/Nc1ccc(S(N)(=O)=O)cc1)C(=O)N2,8.55284196865778,359.06882489599997,6,4,0.20119999999999955,True
CHEMBL3702183,CDK4,2.8,nM,CCN(CC)C1CCN(c2ccc(Nc3ncc4c5ccnc(O)c5n(C5CCCC5)c4n3)nn2)CC1,8.55284196865778,501.2964567400001,9,2,4.644400000000004,True
CHEMBL5976683,CDK6,2.82,nM,Cc1nc2c(F)cc(-c3nc(Nc4ccc5c(n4)CCN(C(=O)NCCN(C)C)C5)ncc3F)cc2n1C(C)C,8.549750891680638,549.2776131160001,7,2,4.428720000000004,True
CHEMBL5879318,CDK6,2.88,nM,CNCC(=O)N1CCc2nc(Nc3ncc(F)c(-c4cc(F)c5nc(C)n(C6CCC6)c5c4)n3)ccc2C1,8.540607512240769,518.2354139560001,7,2,4.047620000000003,True
CHEMBL4206061,CDK4,2.88,nM,Cc1nc2c(F)cc(-c3nc(Nc4ccc5c(n4)CCN(C(=O)CN4CCN(C)CC4)C5)ncc3F)cc2n1C(C)C,8.540607512240769,575.29326318,8,1,3.9315200000000026,True
CHEMBL3698639,CDK6,2.9,nM,c1cc2c3cnc(Nc4ccc(N5CCNCC5)cc4)nc3n(C3CCCC3)c2cn1,8.537602002101044,413.2327938640001,6,2,4.2478000000000025,True
CHEMBL4208198,CDK4,2.9,nM,CCN1CCN(Cc2ccc(Nc3cc(-c4cc(F)c5nc(C)n(C(C)C)c5c4)ccn3)nc2)CC1,8.537602002101044,487.28597230800005,6,1,5.402820000000005,True
CHEMBL3702218,CDK4,2.9,nM,CC[C@@H](C)n1c2cnccc2c2cnc(Nc3ccc(N4CCC(NC)CC4)nn3)nc21,8.537602002101044,431.25459192800014,8,2,3.6723000000000017,True
CHEMBL4208198,CDK6,2.9,nM,CCN1CCN(Cc2ccc(Nc3cc(-c4cc(F)c5nc(C)n(C(C)C)c5c4)ccn3)nc2)CC1,8.537602002101044,487.28597230800005,6,1,5.402820000000005,True
CHEMBL5558178,CDK9,2.9,nM,CC(C)n1nnc2ccc(-c3ccnc(Nc4cc(C(=O)N5CCCN(C)CC5)ccn4)c3)cc21,8.537602002101044,470.25425758000006,7,1,3.9905000000000035,True
CHEMBL5971879,CDK6,2.9,nM,Cc1nc2c(F)cc(-c3nc(Nc4ccc5c(n4)CCN[C@H]5C)ncc3F)cc2n1C(C)(C)C,8.537602002101044,463.2296003040001,6,2,5.180220000000004,True
CHEMBL5903034,CDK6,2.9,nM,Cc1nc2c(F)cc(-c3nc(Nc4ccc5c(n4)CCN(CCN(C)CB(O)O)C5)ncc3F)cc2n1C(C)C,8.537602002101044,550.2787591360001,9,3,3.101320000000001,True
CHEMBL4207218,CDK6,2.9,nM,CCN1CCC(Cc2cnc(Nc3cc(-c4cc(F)c5nc(C)n(C(C)C)c5c4)ncn3)cn2)CC1,8.537602002101044,488.2812212760001,7,1,5.3297200000000045,True
CHEMBL4213557,CDK4,2.9,nM,Cc1nc2c(F)cc(-c3cc(Nc4cnc(CN5CCN(CC6CC6)CC5)cn4)ncn3)cc2n1C(C)C,8.537602002101044,515.2921203080001,8,1,4.582920000000004,True
CHEMBL3702093,CDK4,2.9,nM,OCC1CCN(c2ccc(Nc3ncc4c5ccnc(F)c5n(C5CCCC5)c4n3)nc2)CC1,8.537602002101044,461.2339367360001,7,2,4.581000000000003,True
CHEMBL4213219,CDK4,2.93,nM,Cc1nc2c(F)cc(-c3nc(Nc4ccc5c(n4)CCN(C(=O)CO)C5)ncc3F)cc2n1C(C)C,8.53313237964589,493.20377948000004,7,2,3.676420000000002,True
CHEMBL5870326,CDK4,2.94,nM,Cc1nc2c(F)cc(-c3nc(Nc4ccc5c(n4)CCN(C(=O)NCCN(C)C)C5)ncc3F)cc2n1C1CC1,8.531652669587842,547.261963052,7,2,4.182720000000003,True
CHEMBL5873158,CDK6,2.97,nM,Cc1nc2c(F)cc(-c3nc(Nc4ccc5c(n4)CCNC5)ncc3F)cc2n1C(C)(C)C,8.527243550682787,449.2139502400001,6,2,4.619220000000003,True
CHEMBL269883,CDK2,3.0,nM,CC(C)COC(=O)c1ccc2c(c1)/C(=C/Nc1ccc(S(N)(=O)=O)cc1)C(=O)N2,8.522878745280337,415.120191772,6,3,2.5519,True
CHEMBL3702059,CDK4,3.0,nM,O=C(CO)N1CCN(c2ccc(Nc3ncc4c5ccncc5n(C5CCCC5)c4n3)nc2)CC1,8.522878745280337,472.2335221360001,8,2,2.8741000000000003,True
CHEMBL3644026,CDK2,3.0,nM,C[C@@H](O)[C@@H](C)Oc1nc(Nc2ccc(S(=O)(=O)CCO)cc2)ncc1C(F)(F)F,8.522878745280337,435.10757639999997,8,3,2.1531000000000002,True
CHEMBL3691579,CDK4,3.0,nM,CN(C)C(=O)c1cc2cnc(Nc3ccc(C(=O)N4CC5CCC(C4)N5)cn3)nc2n1[C@@H]1C[C@H]2CC[C@@H]1C2,8.522878745280337,514.2804723280001,7,2,3.209200000000001,True
CHEMBL4644434,CDK2,3.0,nM,CC(C)c1cnn2c(NCc3ccccc3)cc(N[C@@H](CO)[C@@H](O)CO)nc12,8.522878745280337,385.21138972399996,7,5,1.5907999999999995,True
CHEMBL3960677,CDK9,3.0,nM,COc1cc(CS(C)(=N)=O)cc(Nc2ncc(F)c(-c3ccc(F)cc3OC)n2)c1,8.522878745280337,434.12241794,7,2,4.359170000000002,True
CHEMBL3691596,CDK4,3.0,nM,CN(C)C(=O)c1cc2cnc(Nc3ccc(C(=O)N4CC5CCC(C4)N5)cn3)nc2n1-c1cccc(C(C)(C)C)c1,8.522878745280337,552.296122392,7,2,4.134800000000002,True
CHEMBL188938,CDK2,3.0,nM,O=[N+]([O-])c1ccc(Nc2nccc(-c3cnn4ncccc34)n2)cc1,8.522878745280337,333.09742259200004,7,1,2.8381,True
CHEMBL2163996,CDK2,3.0,nM,N[C@H]1CC[C@H](Nc2cc(Nc3ccc(F)c(Cl)c3)n3ncc(Cl)c3n2)CC1,8.522878745280337,408.10322818800006,5,3,4.600600000000002,True
CHEMBL5943509,CDK4,3.0,nM,CC(C)N1CCOc2c(F)cc(-c3nc(Nc4cc(F)c(C5CCNCC5)cn4)ncc3F)cc21,8.522878745280337,484.2198441440001,7,2,4.773700000000003,True
CHEMBL5951978,CDK6,3.0,nM,CC(C)N1CCOc2c(F)cc(-c3nc(Nc4ccc5c(c4)CN(C(=O)CN(C)C)CC5)ncc3F)cc21,8.522878745280337,522.2554807040001,7,1,4.218900000000003,True
CHEMBL5943509,CDK6,3.0,nM,CC(C)N1CCOc2c(F)cc(-c3nc(Nc4cc(F)c(C5CCNCC5)cn4)ncc3F)cc21,8.522878745280337,484.2198441440001,7,2,4.773700000000003,True
CHEMBL4756595,CDK9,3.0,nM,COc1cc(F)ccc1-c1cc(Nc2cc(CS(C)(=N)=O)ccn2)ncc1F,8.522878745280337,404.1118532560001,6,2,4.350570000000003,True
CHEMBL3691595,CDK4,3.0,nM,CN(C)C(=O)c1cc2cnc(Nc3ccc(C(=O)N4CC5CCC(C4)N5)cn3)nc2n1-c1ccc(C(C)(C)C)cc1,8.522878745280337,552.296122392,7,2,4.134800000000003,True
CHEMBL311464,CDK2,3.0,nM,NCCSc1cc(-c2ccc[nH]2)c2c3c(ccc(F)c13)NC2=O,8.522878745280337,327.08416128799996,3,3,3.5905000000000014,True
CHEMBL3702066,CDK4,3.0,nM,CC(C)n1c2cnccc2c2cnc(Nc3ccc(N4CCNCC4)cn3)nc21,8.522878745280337,388.21239276800003,7,2,3.108600000000001,True
CHEMBL1944698,CDK1,3.0,nM,CN1C/C=C/CCOc2cccc(c2)-c2ccnc(n2)Nc2cccc(c2)C1,8.522878745280337,372.195011388,5,1,4.657700000000004,True
CHEMBL3691608,CDK4,3.0,nM,CN(C)C(=O)c1cc2cnc(Nc3ccc(C(=O)N4CC5CC4CN5)cn3)nc2n1C1CCCCC1,8.522878745280337,488.2648222640001,7,2,2.9632000000000005,True
CHEMBL5266005,CDK1,3.0,nM,CCc1cnn2c(NCc3ccc[n+]([O-])c3)cc(N3CCCC[C@@H]3CCO)nc12,8.522878745280337,396.227374136,6,2,2.2785000000000006,True
CHEMBL1944698,CDK9,3.0,nM,CN1C/C=C/CCOc2cccc(c2)-c2ccnc(n2)Nc2cccc(c2)C1,8.522878745280337,372.195011388,5,1,4.657700000000004,True
CHEMBL3698708,CDK4,3.0,nM,CNC1CCN(c2ccc(Nc3ncc4c5ccncc5n(C5CCCC5)c4n3)nn2)CC1,8.522878745280337,443.2545919280001,8,2,3.8164000000000025,True
CHEMBL193922,CDK1,3.0,nM,FC(F)(F)c1cnc(Nc2ccc3[nH]cnc3c2)nc1Nc1cccc(Cl)c1,8.522878745280337,404.07640672400004,5,3,5.5123000000000015,True
CHEMBL3702129,CDK4,3.0,nM,O=S(=O)(c1ccc(Nc2ncc3c4ccncc4n(C4CCCC4)c3n2)nc1)N1CCNCC1,8.522878745280337,478.1899430720001,8,2,2.8270999999999997,True
CHEMBL497564,CDK2,3.0,nM,c1cc(Nc2nccc(-c3cnn4ncccc34)n2)cc(-c2cocn2)c1,8.522878745280337,355.118158036,7,1,3.584900000000002,True
CHEMBL508129,CDK2,3.0,nM,CNC(=O)c1ccc(Nc2nccc(-c3cnc(C)n3C(C)C)n2)cc1,8.522878745280337,350.185509324,5,2,3.332620000000002,True
CHEMBL518383,CDK2,3.0,nM,O=C(Nc1ccc(F)cc1)c1n[nH]cc1NC(=O)c1c(F)cccc1F,8.522878745280337,360.083410252,3,3,3.3316000000000017,True
CHEMBL1234833,CDK2,3.0,nM,CC(C)c1cnn2c(NCc3ccccc3)cc(N[C@@H](CO)[C@H](O)CO)nc12,8.522878745280337,385.21138972399996,7,5,1.5907999999999995,True
CHEMBL3648112,CDK2,3.0,nM,COc1cc(Nc2ncc(Br)c(N[C@H](C)[C@H](C)O)n2)ccc1S(C)(=N)=O,8.522878745280337,443.062672664,8,4,3.2079700000000013,True
CHEMBL3702127,CDK6,3.0,nM,O=C1CN(Cc2ccc(Nc3ncc4c5ccncc5n(C5CCCC5)c4n3)nc2)CCN1,8.522878745280337,442.22295745200006,7,2,3.165000000000001,True
CHEMBL453629,CDK2,3.0,nM,Cc1ncc(-c2ccnc(Nc3ccc(C(=O)NCCN(C)C)c(F)c3)n2)n1C(C)C,8.522878745280337,425.23393673600003,6,2,3.403520000000002,True
CHEMBL3673434,CDK9,3.0,nM,COc1cc(F)ccc1-c1ccnc(NC(=O)[C@H]2CCC[C@@H](NC(C)=O)C2)c1,8.522878745280337,385.180169848,4,2,3.529700000000002,True
CHEMBL2029900,CDK1,3.0,nM,CN1CCN(C(=O)c2cc(Nc3ncc4cc(/C=N/O)n(C5CCCC5)c4n3)cn2C)CC1,8.522878745280337,450.24917220000003,7,2,2.824200000000001,True
CHEMBL3648109,CDK2,3.0,nM,C[C@@H](O)[C@@H](C)Nc1nc(Nc2ccc(S(=N)(=O)CCO)cc2)ncc1Br,8.522878745280337,443.062672664,8,5,2.5618700000000008,True
CHEMBL3545083,CDK2,3.0,nM,COCCN1CCN(Cc2ccc(-c3n[nH]c4c3C(=O)c3c(NC(=O)NN5CCOCC5)cccc3-4)cc2)CC1,8.522878745280337,545.2750526,8,3,2.4208000000000007,True
CHEMBL453655,CDK2,3.0,nM,CNC(=O)c1ccc(Nc2ncc(F)c(-c3cnc(C)n3C(C)C)n2)cc1,8.522878745280337,368.1760875120001,5,2,3.471720000000002,True
CHEMBL4292930,CDK1,3.0,nM,Cc1cnn2c(NCc3ccc[n+]([O-])c3)cc(N3CCCC[C@@H]3CCO)nc12,8.522878745280337,382.211724072,6,2,2.0245200000000003,True
CHEMBL488084,CDK2,3.0,nM,Cc1ncc(-c2ccnc(Nc3ccc(C(N)=O)cc3)n2)n1C(C)C,8.522878745280337,336.16985926,5,2,3.0719200000000013,True
CHEMBL3648109,CDK1,3.0,nM,C[C@@H](O)[C@@H](C)Nc1nc(Nc2ccc(S(=N)(=O)CCO)cc2)ncc1Br,8.522878745280337,443.062672664,8,5,2.5618700000000008,True
CHEMBL5207533,CDK4,3.0,nM,C[C@H]1CC[C@@H](n2c3cnccc3c3cnc(Nc4ccc5c(n4)CCN(C(=O)CO)C5)nc32)CC1,8.522878745280337,471.23827316800003,7,2,3.7463000000000015,True
CHEMBL490481,CDK2,3.0,nM,O=C(Cc1ccc(Cc2cccs2)cc1)Nc1cc(C2CC2)[nH]n1,8.522878745280337,337.1248832280001,3,2,4.120600000000001,True
CHEMBL5792947,CDK6,3.0,nM,CCN1CCOc2c(F)cc(-c3nc(Nc4ccc(N5CCNCC5)c(F)c4)ncc3F)cc21,8.522878745280337,470.2041940800001,7,2,3.932800000000002,True
CHEMBL4762845,CDK9,3.0,nM,COc1cc(F)ccc1-c1cc(Nc2cc(C[S@@](C)(=N)=O)ccn2)ncc1F,8.522878745280337,404.1118532560001,6,2,4.350570000000003,True
CHEMBL400569,CDK1,3.0,nM,CCNCc1cncc(-c2cnc3[nH]nc(-c4nc5cc(N6CCN(C)CC6)ccc5[nH]4)c3c2)c1,8.522878745280337,467.2545919280001,7,3,3.424500000000001,True
CHEMBL3960348,CDK9,3.0,nM,COc1cc(F)ccc1-c1nc(Nc2cccc(CS(C)(=O)=NC#N)c2)ncc1F,8.522878745280337,429.1071022240001,7,1,4.252880000000002,True
CHEMBL5878959,CDK4,3.0,nM,Fc1cnc(Nc2ccc(N3CCNCC3)cn2)nc1-c1cc(F)c2c(c1)NCCO2,8.522878745280337,425.177564732,8,3,2.7743,True
CHEMBL478407,CDK2,3.0,nM,Cc1ncc(-c2ccnc(Nc3ccc(F)cc3)n2)n1C(C)C,8.522878745280337,311.154623796,4,1,4.112120000000003,True
CHEMBL6052625,CDK4,3.0,nM,CN1CCOc2c(F)cc(-c3nc(Nc4ccc(N5CCNCC5)c(F)c4)ncc3F)cc21,8.522878745280337,456.1885440160001,7,2,3.5427000000000017,True
CHEMBL3691660,CDK4,3.0,nM,CN(C)C(=O)c1cc2cnc(Nc3ccc(N4C[C@H]5CC[C@@H](CC4=O)N5)cn3)nc2n1C1CCCC1,8.522878745280337,488.2648222640001,7,2,3.2441000000000013,True
CHEMBL5932557,CDK4,3.0,nM,CC(C)N1CCOc2c(F)cc(-c3nc(Nc4ccc(C5CCN(C(=O)CO)CC5)cn4)ncc3F)cc21,8.522878745280337,524.2347452600001,8,2,3.8659000000000026,True
CHEMBL5171657,CDK1,3.0,nM,CCc1cnn2c(NCc3ccc[n+]([O-])c3)cc(C3CCCC[C@H]3CCO)nc12,8.522878745280337,395.23212516800004,5,2,3.193400000000002,True
CHEMBL3932396,CDK9,3.0,nM,COCCOC(=O)N=S(C)(=O)Cc1cc(F)cc(Nc2ncc(F)c(-c3ccc(F)cc3OC)n2)c1,8.522878745280337,524.134125496,8,1,4.693900000000004,True
CHEMBL3644026,CDK1,3.0,nM,C[C@@H](O)[C@@H](C)Oc1nc(Nc2ccc(S(=O)(=O)CCO)cc2)ncc1C(F)(F)F,8.522878745280337,435.10757639999997,8,3,2.1531000000000002,True
CHEMBL5789634,CDK9,3.0,nM,COC1CCn2ncc(-c3cc(NC(=O)[C@H]4CCC[C@@H](NC(C)=O)C4)ncc3Cl)c2C1,8.522878745280337,445.188067436,5,2,3.193100000000001,True
CHEMBL477785,CDK2,3.0,nM,Cc1ncc(-c2ccnc(Nc3ccc(N4CCN(S(=O)(=O)CCN(C)C)CC4)cc3)n2)n1C(C)C,8.522878745280337,512.2681933920001,8,1,2.9864200000000007,True
CHEMBL3691620,CDK4,3.0,nM,CN(C)C(=O)c1cc2cnc(Nc3ccc(N4C[C@H]5CNC[C@H]5C4=O)cn3)nc2n1C1CCCCCC1,8.522878745280337,502.28047232800003,7,2,3.3492000000000006,True
CHEMBL455195,CDK2,3.0,nM,CCC1CC(C(=O)Nc2ncc(SCc3ncc(C(C)(C)C)o3)s2)CCN1,8.522878745280337,408.1653681359999,7,2,4.437600000000003,True
CHEMBL3691626,CDK4,3.0,nM,CN(C)C(=O)c1cc2cnc(Nc3ccc(N4C[C@@H]5CNC[C@@H]5CC4=O)cn3)nc2n1C1CCCCCC1,8.522878745280337,516.296122392,7,2,3.739300000000002,True
CHEMBL6005062,CDK4,3.0,nM,Fc1cnc(Nc2ccc3c(n2)CCNC3)nc1-c1cc(F)c2c(c1)N(C1CCC1)CCO2,8.522878745280337,450.19796582799995,7,2,3.9574000000000025,True
CHEMBL6009824,CDK4,3.0,nM,CC(C)N1CCOc2c(F)cc(-c3nc(Nc4ccc(C5CCN(C)CC5)c(F)n4)ncc3F)cc21,8.522878745280337,498.2354942080001,7,1,5.115900000000005,True
CHEMBL5999532,CDK6,3.0,nM,CC(C)N1CCOc2c(F)cc(-c3nc(Nc4ccc(C5CCN(C)C5)cn4)ncc3F)cc21,8.522878745280337,466.22926595600006,7,1,4.586700000000004,True
CHEMBL401303,CDK2,3.0,nM,Clc1ccccc1-c1cc(NCc2cccnc2)n2ncc(Br)c2n1,8.522878745280337,413.0042851960001,4,1,4.819300000000003,True
CHEMBL3648110,CDK2,3.0,nM,C[C@H](O)[C@@H](C)Nc1nc(Nc2ccc(S(=N)(=O)CCO)cc2)ncc1Br,8.522878745280337,443.062672664,8,5,2.5618700000000008,True
CHEMBL5916510,CDK6,3.0,nM,CC(C)N1CCOc2c(F)cc(-c3nc(Nc4ccc(C(N)=O)c(F)c4)ncc3F)cc21,8.522878745280337,443.15690954,6,2,4.010600000000002,True
CHEMBL3648112,CDK1,3.0,nM,COc1cc(Nc2ncc(Br)c(N[C@H](C)[C@H](C)O)n2)ccc1S(C)(=N)=O,8.522878745280337,443.062672664,8,4,3.2079700000000013,True
CHEMBL5977417,CDK9,3.0,nM,O=C(Nc1cc(-c2cnn3c2CCCC3)c(Cl)cn1)[C@H]1C[C@@H](O)C1,8.522878745280337,346.119653528,4,2,2.6442000000000005,True
CHEMBL354634,CDK2,3.0,nM,COc1cc[nH]c1/C=C1\C(=O)Nc2ccc(F)c(C#C[C@@H](O)[C@@H](N)[C@@H](C)O)c21,8.522878745280337,385.14378433999997,5,5,1.0756000000000001,True
CHEMBL3953160,CDK9,3.0,nM,COc1cc(F)ccc1-c1nc(Nc2cc(C)cc(CS(C)(=O)=NC#N)c2)ncc1F,8.522878745280337,443.1227522880001,7,1,4.561300000000003,True
CHEMBL5784667,CDK4,3.08,nM,Cc1nc2c(F)cc(-c3nc(Nc4ccc5c(n4)CCN(C(=O)C(C)N(C)C)C5)ncc3F)cc2n1C(C)C,8.511449283499555,534.2667140840001,7,1,4.634220000000004,True
CHEMBL4214898,CDK4,3.1,nM,CCN1CCN(Cc2ccc(Nc3cc(-c4cc(F)c5nc(C)n(C(C)C)c5c4)ncn3)nc2)CC1,8.508638306165727,488.2812212760001,7,1,4.797820000000003,True
CHEMBL3702168,CDK4,3.1,nM,Oc1ccc(-c2ccc(Nc3ncc4c5ccncc5n(C5CCCC5)c4n3)nn2)cn1,8.508638306165727,424.1760072600001,8,2,4.395800000000003,True
CHEMBL3642019,CDK6,3.1,nM,CCNC1CCN(c2ccc(Nc3ncc4c5ccncc5n(C5CCCC5)c4n3)nc2)CC1,8.508638306165727,456.274993024,7,2,4.811500000000004,True
CHEMBL3698732,CDK4,3.1,nM,OC1CCN(c2ccc(Nc3ncc4c5ccncc5n(C5CCCC5)c4n3)nn2)CC1,8.508638306165727,430.22295745200006,8,2,3.5893000000000024,True
CHEMBL3698723,CDK4,3.1,nM,O=S1(=O)CCC(Nc2ccc(Nc3ncc4c5ccncc5n(C5CCCC5)c4n3)nn2)C1,8.508638306165727,464.1742930080001,9,2,3.2272000000000016,True
CHEMBL3698647,CDK4,3.1,nM,NC1CCN(c2ccc(Nc3ncc4c5ccncc5n(C5CCCC5)c4n3)nc2)CC1,8.508638306165727,428.243692896,7,2,4.160700000000003,True
CHEMBL3702129,CDK6,3.1,nM,O=S(=O)(c1ccc(Nc2ncc3c4ccncc4n(C4CCCC4)c3n2)nc1)N1CCNCC1,8.508638306165727,478.1899430720001,8,2,2.8270999999999997,True
CHEMBL3698674,CDK6,3.1,nM,c1ccc2c(c1)c1cnc(Nc3ccc(N4CCNCC4)cn3)nc1n2C1CCCCCC1,8.508638306165727,441.2640939920001,6,2,5.028000000000004,True
CHEMBL5754925,CDK4,3.14,nM,Cc1nc2c(F)cc(-c3nc(Nc4ccc5c(n4)CCN(C[C@@H](O)CN(C)C)C5)ncc3F)cc2n1C1CC1,8.503070351926786,534.2667140840001,8,2,3.8340200000000024,True
CHEMBL5874515,CDK4,3.14,nM,Cc1nc2c(F)cc(-c3nc(Nc4ccc5c(n4)CCN(C(=O)[C@@H]4CCCN4C)C5)ncc3F)cc2n1C1CC1,8.503070351926786,544.2510640200002,7,1,4.532320000000004,True
CHEMBL5828906,CDK6,3.15,nM,Cc1nc2c(F)cc(-c3nc(Nc4ccc5c(n4)CCN(C[C@@H](C)N)C5)ncc3F)cc2n1C1CC1,8.5016894462104,490.2404993360001,7,2,4.258720000000002,True
CHEMBL5964401,CDK6,3.16,nM,CCC(CC)n1c(C)nc2c(F)cc(-c3nc(Nc4ccc5c(n4)CCNC5)ncc3F)cc21,8.500312917381596,463.2296003040001,6,2,5.225320000000004,True
CHEMBL4641226,CDK9,3.16,nM,C=CC(=O)N1CCC(C(=O)Nc2ncc(SCc3ncc(C(C)(C)C)o3)s2)CC1,8.500312917381596,434.144632692,7,1,4.084000000000003,True
CHEMBL3702153,CDK4,3.2,nM,CN1CCOC2(CCN(c3ccc(Nc4ncc5c6ccncc6n(C6CCCC6)c5n4)nn3)CC2)C1,8.494850021680094,499.28080667600017,9,1,3.9292000000000025,True
CHEMBL3702128,CDK4,3.2,nM,O=C1CNCCN1Cc1ccc(Nc2ncc3c4ccncc4n(C4CCCC4)c3n2)nc1,8.494850021680094,442.22295745200006,7,2,3.165000000000001,True
CHEMBL3237442,CDK4,3.2,nM,c1cc2c3cnc(Nc4ccc(N5CCNCC5)cn4)nc3n(C3CCCC3)c2cn1,8.494850021680094,414.228042832,7,2,3.642800000000002,True
CHEMBL5789562,CDK4,3.2,nM,Cc1nc2c(F)cc(-c3nc(Nc4ccc5c(n4)CCN(C(=O)[C@H]4CCCN4C)C5)ncc3F)cc2n1C1CC1,8.494850021680094,544.2510640200002,7,1,4.532320000000004,True
CHEMBL5858807,CDK4,3.2,nM,CC(C)N1CCOc2c(F)cc(-c3nc(Nc4cnn(C5CCNCC5)c4)ncc3F)cc21,8.494850021680094,455.22451492400006,7,2,3.893600000000003,True
CHEMBL5976683,CDK4,3.21,nM,Cc1nc2c(F)cc(-c3nc(Nc4ccc5c(n4)CCN(C(=O)NCCN(C)C)C5)ncc3F)cc2n1C(C)C,8.493494967595128,549.2776131160001,7,2,4.428720000000004,True
CHEMBL5865665,CDK6,3.21,nM,Cc1nc2c(F)cc(-c3nc(Nc4ccc5c(n4)CCNC5)ncc3F)cc2n1C(C)C1CC1,8.493494967595128,461.2139502400001,6,2,4.835220000000003,True
CHEMBL5935906,CDK6,3.25,nM,CNCCN1CCc2nc(Nc3ncc(F)c(-c4cc(F)c5nc(C)n(C6CC6)c5c4)n3)ccc2C1,8.488116639021126,490.240499336,7,2,4.130920000000002,True
CHEMBL6047483,CDK4,3.26,nM,Cc1nc2c(O)cc(-c3nc(Nc4ccc5c(n4)CCN(C(=O)CN(C)C)C5)ncc3F)cc2n1C1CC1,8.48678239993206,516.2397503880001,8,2,3.566220000000002,True
CHEMBL3702133,CDK4,3.3,nM,c1cc2c3cnc(Nc4ccc(N5CCC6(CCCN6)CC5)cn4)nc3n(C3CCCC3)c2cn1,8.481486060122112,468.2749930240001,7,2,4.955600000000004,True
CHEMBL3698734,CDK4,3.3,nM,O[C@@H]1CCCN(c2ccc(Nc3ncc4c5ccncc5n(C5CCCC5)c4n3)nn2)C1,8.481486060122112,430.2229574520001,8,2,3.5893000000000015,True
CHEMBL3702122,CDK6,3.3,nM,O=C(O)CN1CCN(Cc2ccc(Nc3ncc4c5ccncc5n(C5CCCC5)c4n3)nc2)CC1,8.481486060122112,486.2491722000001,8,2,3.4354000000000022,True
CHEMBL5557384,CDK9,3.3,nM,CC(C)N1CCN(C(=O)c2ccnc(Nc3cc(-c4ccc5nnn(C(C)C)c5c4)ccn3)c2)CC1,8.481486060122112,484.2699076440001,7,1,4.379000000000004,True
CHEMBL1964255,CDK2,3.3,nM,N=C(N)NS(=O)(=O)c1ccc(N/C=C2\C(=O)Nc3ccc4ncsc4c32)cc1,8.481486060122112,414.05688030799996,7,5,1.8731699999999998,True
CHEMBL4075720,CDK6,3.33,nM,CN1CCN(Cc2ccc(NC(=O)c3n[nH]cc3Nc3ncnc4sccc34)cc2)CC1,8.47755576649368,448.17937838800003,8,3,3.157700000000001,True
CHEMBL5774696,CDK6,3.34,nM,Cc1nc2c(F)cc(-c3nc(Nc4ccc5c(n4)CCN(C[C@H](C)N)C5)ncc3F)cc2n1C1CC1,8.476253533188435,490.2404993360001,7,2,4.258720000000002,True
CHEMBL5894670,CDK4,3.36,nM,Cc1nc2c(F)cc(-c3nc(Nc4ccc5c(n4)CCN(C(=O)NCCO)C5)ncc3F)cc2n1C(C)C,8.473660722610155,522.230328576,7,3,3.859420000000002,True
CHEMBL5859057,CDK6,3.38,nM,Cc1nc2c(F)cc(-c3nc(Nc4ccc5c(n4)CCN(C(=O)CN4CCCCC4)C5)ncc3F)cc2n1C1CC1,8.471083299722345,558.2667140840001,7,1,4.924020000000004,True
CHEMBL6012656,CDK6,3.38,nM,Cc1nc2c(F)cc(-c3nc(Nc4ccc5c(n4)CCN(C(=O)CN4CCOCC4)C5)ncc3F)cc2n1C1CC1,8.471083299722345,560.2459786400001,8,1,3.7703200000000026,True
CHEMBL215803,CDK2,3.4,nM,C[C@@H]1C[C@H]2CN1CCn1nc3c(cccc3c1O)-c1nc3c(cccc3nc1O)O2,8.468521082957745,403.164439532,7,2,2.912900000000001,True
CHEMBL271160,CDK2,3.4,nM,CC(C)Oc1cccc2c1/C(=N/Nc1ccc(S(N)(=O)=O)cc1)C(=O)N2,8.468521082957745,374.10487605599997,6,3,1.8894999999999997,True
CHEMBL5788017,CDK4,3.4,nM,CN(C)C1CCN(c2ccc(Nc3ncc4cc(S(C)(=O)=O)n(C5CCCC5)c4n3)nc2)CC1,8.468521082957745,483.24164429600006,8,1,3.6189000000000027,True
CHEMBL2163995,CDK2,3.4,nM,N[C@H]1CC[C@H](Nc2cc(Nc3ccc(F)c(Cl)c3)n3ncc(Br)c3n2)CC1,8.468521082957745,452.0527126080001,5,3,4.709700000000002,True
CHEMBL3702149,CDK4,3.4,nM,c1cc2c3cnc(Nc4ccc(N5CCNC6(CCCC6)C5)nn4)nc3n(C3CCCC3)c2cn1,8.468521082957745,469.27024199200014,8,2,4.350600000000004,True
CHEMBL3702084,CDK4,3.4,nM,C[C@H]1CN(c2ccc(Nc3ncc4c5ccnc(F)c5n(C5CCCC5)c4n3)nc2)CCN1,8.468521082957745,446.2342710840001,7,2,4.1704000000000025,True
CHEMBL3698740,CDK4,3.4,nM,COC1CCN(c2ccc(Nc3ncc4c5ccncc5n(C5CCCC5)c4n3)nn2)C1,8.468521082957745,430.2229574520001,8,1,3.8533000000000026,True
CHEMBL3702052,CDK4,3.4,nM,CCN(CC)C1CCN(c2ccc(Nc3ncc4c5ccncc5n(C5CCCC5)c4n3)nc2)CC1,8.468521082957745,484.3062931520001,7,1,5.543800000000005,True
CHEMBL6012324,CDK6,3.4,nM,CC(C)N1CCOc2c(F)cc(-c3nc(Nc4cc5n(n4)CCN(C)C5)ncc3F)cc21,8.468521082957745,441.2088648600001,7,1,3.414500000000002,True
CHEMBL3698694,CDK4,3.4,nM,c1cc2c3cnc(Nc4ccc(N[C@@H]5CCNC5)cn4)nc3n(C3CCCC3)c2cn1,8.468521082957745,414.228042832,7,3,4.007000000000002,True
CHEMBL5774515,CDK6,3.42,nM,Cc1nc2c(F)cc(-c3nc(Nc4ccc5c(n4)CCN(C(=O)OCCN(C)C)C5)ncc3F)cc2n1C1CC1,8.465973893943865,548.2459786400001,8,1,4.609720000000004,True
CHEMBL5888788,CDK6,3.47,nM,Cc1nc2c(F)cc(-c3nc(Nc4ccc5c(n4)CCN(C(=O)CN(C)C)C5)ncc3F)cc2n1CC1CC1,8.459670525209127,532.2510640200001,7,1,4.0748200000000026,True
CHEMBL4463716,CDK6,3.47,nM,C#CCN(C)CCN1CCc2nc(Nc3ncc(F)c(-c4cc(F)c5nc(C)n(C(C)C)c5c4)n3)ccc2C1,8.459670525209127,530.2717994640001,7,1,4.722520000000004,True
CHEMBL5814867,CDK6,3.49,nM,CNCC(=O)N1CCc2nc(Nc3ncc(F)c(-c4cc(F)c5nc(C)n(C(C)C)c5c4)n3)ccc2C1,8.45717457304082,506.23541395600006,7,2,3.903520000000003,True
CHEMBL5759958,CDK4,3.49,nM,Cc1nc2c(F)cc(-c3nc(Nc4ccc5c(n4)CCN(C(=O)CN(C)C)C5)ncc3F)cc2n1C1CCCC1,8.45717457304082,546.2667140840001,7,1,4.779920000000004,True
CHEMBL5996998,CDK4,3.5,nM,CC(C)N1CCOc2c(F)cc(-c3nc(Nc4ccc(C(=O)N5CCOCC5)c(F)c4)ncc3F)cc21,8.455931955649724,513.198774352,7,1,4.384100000000004,True
CHEMBL3698711,CDK4,3.5,nM,C[C@@H]1CN(c2cnc(Nc3ncc4c5ccncc5n(C5CCCC5)c4n3)cn2)CCN1,8.455931955649724,429.2389418640001,8,2,3.4263000000000012,True
CHEMBL5861777,CDK4,3.5,nM,CC(C)N1CCOc2c(F)cc(-c3nc(Nc4ccc5c(c4)CCC(N(C)C)C5)ncc3F)cc21,8.455931955649724,479.24966705200006,6,1,5.191500000000005,True
CHEMBL3698661,CDK6,3.5,nM,c1cc2c3cnc(Nc4ccc(N5CCNCC5)cn4)nc3n(C34CC5CC(CC(C5)C3)C4)c2cn1,8.455931955649724,480.274993024,7,2,4.453000000000004,True
CHEMBL6004729,CDK4,3.5,nM,COCCN1CCN(Cc2cnc(-c3cc(F)c4c(c3)N(C(C)C)CCO4)c(F)c2)CC1,8.455931955649724,446.249332704,6,0,3.3980000000000024,True
CHEMBL5798442,CDK4,3.5,nM,CC(C)N1CCOc2c(F)cc(-c3nc(Nc4ccc(N5CCCNCC5)cn4)ncc3F)cc21,8.455931955649724,481.2401649880001,8,2,3.9673000000000025,True
CHEMBL5782876,CDK6,3.5,nM,CC(C)N1CCOc2c(F)cc(-c3nc(Nc4ccc5c(c4)CCN(C(=O)CN(C)C)C5)ncc3F)cc21,8.455931955649724,522.2554807040001,7,1,4.218900000000003,True
CHEMBL5869636,CDK4,3.5,nM,CC(C)N1CCOc2c(F)cc(-c3nc(Nc4ccc(N5CCN(C)CC5)c(F)c4)ncc3F)cc21,8.455931955649724,498.2354942080001,7,1,4.663500000000004,True
CHEMBL5992232,CDK6,3.5,nM,CC(C)N1CCOc2c(F)cc(-c3nc(Nc4ccc5c(c4)CC(N(C)C)C5)ncc3F)cc21,8.455931955649724,465.23401698800006,6,1,4.801400000000004,True
CHEMBL3237704,CDK4,3.5,nM,CC1(C)CCC(n2c3cnccc3c3cnc(Nc4ccc(N5CCNCC5)cn4)nc32)CC1,8.455931955649724,456.2749930240001,7,2,4.669000000000003,True
CHEMBL5775801,CDK4,3.54,nM,Cc1nc2c(F)cc(-c3nc(Nc4ccc5c(n4)CCNC5)ncc3F)cc2n1C1CCCCC1,8.450996737974211,475.2296003040001,6,2,5.369420000000003,True
CHEMBL5751375,CDK4,3.55,nM,Cc1nc2c(F)cc(-c3nc(Nc4ccc5c(n4)CCNC5)ncc3F)cc2n1CC1CC1,8.449771646944907,447.1983001760001,6,2,4.274220000000003,True
CHEMBL3656841,CDK9,3.57,nM,COC[C@@H](C)N[C@H]1CC[C@H](Nc2cc(-c3cccc(NCC4(C#N)CCOCC4)n3)c(Cl)cn2)CC1,8.447331783887806,512.2666521040001,8,3,4.876880000000003,True
CHEMBL5870326,CDK6,3.57,nM,Cc1nc2c(F)cc(-c3nc(Nc4ccc5c(n4)CCN(C(=O)NCCN(C)C)C5)ncc3F)cc2n1C1CC1,8.447331783887806,547.261963052,7,2,4.182720000000003,True
CHEMBL5976927,CDK6,3.59,nM,Cc1nc2c(F)cc(-c3nc(Nc4ccc5c(n4)CCN(C(=O)C4CC(N)C4)C5)ncc3F)cc2n1C(C)C,8.44490555142168,532.2510640200001,7,2,4.421420000000003,True
CHEMBL3702068,CDK4,3.6,nM,CCC(CC)n1c2cnccc2c2cnc(Nc3ccc(N4CCNCC4)cn3)nc21,8.443697499232712,416.2436928960001,7,2,3.8888000000000016,True
CHEMBL3702120,CDK6,3.6,nM,O=C(O)CN1CCN(c2ccc(Nc3ncc4c5ccncc5n(C5CCCC5)c4n3)nn2)CC1,8.443697499232712,473.22877110400015,9,2,2.8348000000000004,True
CHEMBL3702220,CDK4,3.6,nM,CC[C@@H](C)n1c2cnccc2c2cnc(Nc3ccc(N4CCNCC4)cn3)nc21,8.443697499232712,402.2280428320001,7,2,3.4987000000000013,True
CHEMBL1964251,CDK2,3.6,nM,O=C1Nc2ccc3ncsc3c2/C1=C/Nc1ccc(S(=O)(=O)NCCc2c[nH]cn2)cc1,8.443697499232712,466.088180436,7,4,2.945500000000001,True
CHEMBL386796,CDK4,3.6,nM,O=c1c2cccc3c2sn1CCCCCOc1cccc2nc(O)c-3nc12,8.443697499232712,379.09906240400005,6,1,3.9415000000000027,True
CHEMBL3702119,CDK4,3.6,nM,CCOC(=O)CN1CCN(c2ccc(Nc3ncc4c5ccncc5n(C5CCCC5)c4n3)nn2)CC1,8.443697499232712,501.26007123200014,10,1,3.3133000000000017,True
CHEMBL3698701,CDK4,3.6,nM,c1cc2c3cnc(Nc4ccc(NCC5CCNC5)cn4)nc3n(C3CCCC3)c2cn1,8.443697499232712,428.2436928960001,7,3,4.254600000000003,True
CHEMBL3702071,CDK4,3.6,nM,c1cc2c3cnc(Nc4nc(CN5CCNCC5)cs4)nc3n(C3CCCC3)c2cn1,8.443697499232712,434.20011383200006,8,2,3.699900000000002,True
CHEMBL6007400,CDK6,3.67,nM,Cc1nc2c(F)cc(-c3nc(Nc4ccc5c(n4)CCN(C[C@@H](C)N(C)C)C5)ncc3F)cc2n1C1CC1,8.435333935747911,518.2717994640001,7,1,4.861620000000004,True
CHEMBL3698682,CDK6,3.7,nM,c1ccc2c(c1)c1cnc(Nc3ccc(N4CCNCC4)cc3)nc1n2C1CCCC1,8.431798275933005,412.23754489600003,5,2,4.852800000000004,True
CHEMBL4209329,CDK6,3.7,nM,CC1(C)CCc2nc3c(F)cc(-c4nc(Nc5ccc(CN6CCNCC6)cn5)ncc4F)cc3n21,8.431798275933005,490.24049933600014,7,2,3.9966000000000026,True
CHEMBL3641995,CDK4,3.7,nM,C[C@H](O)CNC1CCN(c2ccc(Nc3ncc4c5ccncc5n(C5CCCC5)c4n3)nn2)CC1,8.431798275933005,487.28080667600017,9,3,3.567400000000002,True
CHEMBL5837976,CDK1,3.7,nM,NS(=O)(=O)c1ccc(Nc2ncc3cc4n(c3n2)C2(CCCCC2)CC(=O)N4)cc1,8.431798275933005,426.147409564,6,3,2.823900000000001,True
CHEMBL4214634,CDK4,3.7,nM,COCCN1CCN(Cc2cnc(Nc3cc(-c4cc(F)c5nc(C)n(C(C)C)c5c4)ncn3)cn2)CC1,8.431798275933005,519.2870349280001,9,1,3.819320000000003,True
CHEMBL6014795,CDK6,3.75,nM,Cc1nc2c(F)cc(-c3nc(Nc4ccc5c(n4)CCN(C(=O)C4CCCN4)C5)ncc3F)cc2n1C1CC1,8.425968732272281,530.2354139560001,7,2,4.190120000000003,True
CHEMBL388978,CDK2,3.8,nM,CN[C@@H]1C[C@H]2O[C@@](C)([C@@H]1OC)n1c3ccccc3c3c4c(c5c6ccccc6n2c5c31)C(=O)NC4,8.42021640338319,466.200490692,4,2,4.354000000000003,True
CHEMBL3698645,CDK4,3.8,nM,C[C@H]1CN(c2ccc(Nc3ncc4c5ccncc5n(C5CCCC5)c4n3)nn2)CCN1,8.42021640338319,429.2389418640001,8,2,3.4263000000000003,True
CHEMBL3641997,CDK6,3.8,nM,C[C@@H](O)CNC1CCN(c2ccc(Nc3ncc4c5ccncc5n(C5CCCC5)c4n3)nn2)CC1,8.42021640338319,487.28080667600017,9,3,3.567400000000002,True
CHEMBL3702051,CDK4,3.8,nM,COCCN1CCN(c2ccc(Nc3ncc4c5ccncc5n(C5CCCC5)c4n3)nn2)CC1,8.42021640338319,473.2651566120001,9,1,3.396600000000002,True
CHEMBL4455210,CDK6,3.81,nM,Cc1nc2c(F)cc(-c3nc(Nc4ccc5c(n4)CCN(CCN(C)C)C5)ncc3F)cc2n1C1CC1,8.41907502432438,504.2561494000001,7,1,4.473120000000003,True
CHEMBL5981008,CDK6,3.86,nM,CC(=N)NCCN1CCc2nc(Nc3ncc(F)c(-c4cc(F)c5nc(C)n(C(C)C)c5c4)n3)ccc2C1,8.413412695328246,519.267048432,7,3,4.744290000000004,True
CHEMBL5950534,CDK6,3.86,nM,Cc1nc2c(F)cc(-c3nc(Nc4ccc5c(n4)C[C@@H](C)NC5)ncc3F)cc2n1C(C)(C)C,8.413412695328246,463.2296003040001,6,2,5.0077200000000035,True
CHEMBL4455210,CDK4,3.88,nM,Cc1nc2c(F)cc(-c3nc(Nc4ccc5c(n4)CCN(CCN(C)C)C5)ncc3F)cc2n1C1CC1,8.411168274405792,504.2561494000001,7,1,4.473120000000003,True
CHEMBL3702191,CDK4,3.9,nM,CN(CCO)c1ccc(Nc2ncc3c4ccncc4n(C4CCCC4)c3n2)nn1,8.4089353929735,404.20730738800006,8,2,3.056700000000001,True
CHEMBL3698664,CDK4,3.9,nM,C[C@@H](C1CCCCC1)n1c2cnccc2c2cnc(Nc3ccc(N4CCNCC4)cn3)nc21,8.4089353929735,456.2749930240001,7,2,4.669000000000004,True
CHEMBL3702155,CDK4,3.9,nM,C[C@@H]1CN(c2ccc(Nc3ncc4c5ccnc(F)c5n(C5CCCC5)c4n3)nn2)CCN1,8.4089353929735,447.2295200520001,8,2,3.5654000000000012,True
CHEMBL5765370,CDK4,3.9,nM,CC(C)N1CCOc2c(F)cc(-c3nc(Nc4ccc(N5CCOCC5)cn4)ncc3F)cc21,8.4089353929735,468.20853051200004,8,1,4.004200000000003,True
CHEMBL3702130,CDK6,3.9,nM,O=S(=O)(c1ccc(Nc2ncc3c4ccnc(F)c4n(C4CCCC4)c3n2)nc1)N1CCNCC1,8.4089353929735,496.18052126000015,8,2,2.9662000000000006,True
CHEMBL3698640,CDK4,3.9,nM,C[C@@H]1CN(c2ccc(Nc3ncc4c5ccncc5n(C5CCCC5)c4n3)nn2)CCN1,8.4089353929735,429.2389418640001,8,2,3.4263000000000003,True
CHEMBL5763679,CDK4,3.9,nM,Cc1nc2c(F)cc(-c3nc(Nc4ccc5c(n4)CCN(C(=O)CN4CCOCC4)C5)ncc3F)cc2n1C(C)C,8.4089353929735,562.261628704,8,1,4.016320000000003,True
CHEMBL5950277,CDK6,3.94,nM,Cc1nc2c(F)cc(-c3nc(Nc4ccc5c(n4)CCN(C(=O)NCCO)C5)ncc3F)cc2n1C1CC1,8.404503778174426,520.2146785120001,7,3,3.6134200000000014,True
CHEMBL5786556,CDK6,3.96,nM,CN(C)[C@H]1CCN(c2ccc(Nc3ncc(F)c(-c4cc(F)c5nc6n(c5c4)C(C)(C)CC6)n3)nc2)C1,8.402304814074487,504.2561494000001,7,1,4.731700000000004,True
CHEMBL4792521,CDK9,4.0,nM,CC(=O)N[C@@H]1CCC[C@H](C(=O)Nc2cc(-c3cn[nH]c3CC(C)(C)CO)c(Cl)cn2)C1,8.397940008672037,447.2037175,5,4,3.3195000000000014,True
CHEMBL3698691,CDK4,4.0,nM,NCC1CCN(c2ccc(Nc3ncc4c5ccncc5n(C5CCCC5)c4n3)nc2)CC1,8.397940008672037,442.25934296,7,2,4.408300000000003,True
CHEMBL3967588,CDK9,4.0,nM,COc1cc(F)ccc1-c1nc(Nc2cc(Cl)cc(CS(C)(=O)=NC#N)c2)ncc1F,8.397940008672037,463.0681298720001,7,1,4.906280000000003,True
CHEMBL6043217,CDK4,4.0,nM,CC(C)N1CCOc2c(F)cc(-c3nc(Nc4ccn(C5CCNCC5)c(=O)c4)ncc3F)cc21,8.397940008672037,482.22418057600004,7,2,3.8588000000000022,True
CHEMBL5871732,CDK4,4.0,nM,CCCN1CCOc2c(F)cc(-c3nc(Nc4ccc(N5CCNCC5)c(F)c4)ncc3F)cc21,8.397940008672037,484.2198441440001,7,2,4.322900000000002,True
CHEMBL5861777,CDK6,4.0,nM,CC(C)N1CCOc2c(F)cc(-c3nc(Nc4ccc5c(c4)CCC(N(C)C)C5)ncc3F)cc21,8.397940008672037,479.24966705200006,6,1,5.191500000000005,True
CHEMBL495696,CDK4,4.0,nM,N#Cc1cccc(Nc2nccc(-c3cnn4ncccc34)n2)c1,8.397940008672037,313.10759335200004,6,1,2.8015800000000004,True
CHEMBL5906300,CDK9,4.0,nM,CC(=O)N[C@@H]1CCC[C@H](C(=O)Nc2cc(-c3cnn4c3CCCC4)c(C)cn2)C1,8.397940008672037,395.23212516800004,4,2,3.2232200000000013,True
CHEMBL518826,CDK2,4.0,nM,CCCN(C)[C@H]1CCN(C(=O)c2ccc(Nc3nccc(-c4cnc(C)n4C(C)C)n3)cc2)C1,8.397940008672037,461.2903087400001,6,1,4.529320000000004,True
CHEMBL5188322,CDK2,4.0,nM,NC(=O)c1ccc(Nc2nc(N[C@H]3CC[C@H](N)CC3)nc3c2ncn3C2CCCC2)cc1,8.397940008672037,434.25425758000006,7,4,3.465700000000002,True
CHEMBL5742108,CDK6,4.0,nM,CC(C)N1CCOc2c(F)cc(-c3nc(Nc4ccc5c(n4)CCNC5)ncc3F)cc21,8.397940008672037,438.19796582800006,7,2,3.8133000000000017,True
CHEMBL5822968,CDK9,4.0,nM,CC1(C)Cc2ncc(-c3cc(NC(=O)[C@H]4CCC[C@@H](NC(=O)C5(O)CC5)C4)ncc3Cl)n2C1,8.397940008672037,471.2037175,5,3,3.3192000000000013,True
CHEMBL3545083,CDK4,4.0,nM,COCCN1CCN(Cc2ccc(-c3n[nH]c4c3C(=O)c3c(NC(=O)NN5CCOCC5)cccc3-4)cc2)CC1,8.397940008672037,545.2750526,8,3,2.4208000000000007,True
CHEMBL3702127,CDK4,4.0,nM,O=C1CN(Cc2ccc(Nc3ncc4c5ccncc5n(C5CCCC5)c4n3)nc2)CCN1,8.397940008672037,442.22295745200006,7,2,3.165000000000001,True
CHEMBL3648111,CDK2,4.0,nM,COc1cc(Nc2ncc(Br)c(N[C@H](C)[C@@H](C)O)n2)ccc1S(C)(=N)=O,8.397940008672037,443.062672664,8,4,3.2079700000000013,True
CHEMBL3691621,CDK4,4.0,nM,CN(C)C(=O)c1cc2cnc(Nc3ccc(N4C[C@@H]5CNC[C@@H]5C4=O)cn3)nc2n1C1CCCCCC1,8.397940008672037,502.28047232800003,7,2,3.3492000000000006,True
CHEMBL4764656,CDK2,4.0,nM,C[C@H](CO)Nc1nc(Nc2ccc(S(N)(=O)=O)cc2)ncc1Br.Cl,8.397940008672037,436.992400184,7,4,1.8445999999999994,True
CHEMBL3698655,CDK4,4.0,nM,O[C@H]1CCN(c2ccc(Nc3ncc4c5ccncc5n(C5CCCC5)c4n3)nn2)C1,8.397940008672037,416.20730738800006,8,2,3.199200000000001,True
CHEMBL5814318,CDK9,4.0,nM,CC1(C)Cc2c(-c3ccnc(NC(=O)[C@H]4CCC[C@@H](NC(=O)C5(O)CC5)C4)c3)cnn2C1,8.397940008672037,437.242689852,5,3,2.665800000000001,True
CHEMBL5822252,CDK4,4.0,nM,CN1CCC(c2ccc(Nc3ncc(F)c(-c4cc(F)c5c(c4)N(C)CCO5)n3)cc2F)CC1,8.397940008672037,469.20894511200004,6,1,4.942300000000005,True
CHEMBL384304,CDK6,4.0,nM,COc1ccc(F)c(F)c1C(=O)c1cnc(NC2CCN(S(C)(=O)=O)CC2)nc1N,8.397940008672037,441.128231592,8,2,1.4125,True
CHEMBL3648122,CDK2,4.0,nM,CCS(=N)(=O)c1ccc(Nc2ncc(Br)c(N[C@@H](C)[C@H](C)O)n2)cc1,8.397940008672037,427.067758044,7,4,3.5894700000000013,True
CHEMBL3698731,CDK4,4.0,nM,NCC1CCN(c2ccc(Nc3ncc4c5ccncc5n(C5CCCC5)c4n3)nn2)CC1,8.397940008672037,443.2545919280001,8,2,3.803300000000003,True
CHEMBL5273925,CDK9,4.0,nM,CC(C)(C)c1coc(CSc2cnc(NC(=O)C3CCNCC3)s2)n1,8.397940008672037,380.13406800800004,7,2,3.6590000000000016,True
CHEMBL5956855,CDK4,4.0,nM,CC(C)N1CCOc2c(F)cc(-c3nc(Nc4ccc(N5CCC(CN)CC5)cn4)ncc3F)cc21,8.397940008672037,495.2558150520001,8,2,4.342700000000003,True
CHEMBL5170524,CDK9,4.0,nM,COc1cc(C(=O)N2CCCC2)ccc1-c1ccnc2[nH]c(C3CCNCC3)cc12,8.397940008672037,404.22122613600004,4,2,3.9415000000000022,True
CHEMBL4754493,CDK9,4.0,nM,Cn1ncc(-c2nc(N[C@H]3CC[C@H](N)CC3)ncc2Cl)c1CC1CC1,8.397940008672037,360.18292248,5,2,3.1648000000000014,True
CHEMBL5932557,CDK6,4.0,nM,CC(C)N1CCOc2c(F)cc(-c3nc(Nc4ccc(C5CCN(C(=O)CO)CC5)cn4)ncc3F)cc21,8.397940008672037,524.2347452600001,8,2,3.8659000000000026,True
CHEMBL60541,CDK2,4.0,nM,CNS(=O)(=O)c1ccc2c(c1)/C(=C/c1[nH]cc3c1CCOC3=O)C(=O)N2,8.397940008672037,373.07324158,5,3,1.1283999999999998,True
CHEMBL3648095,CDK2,4.0,nM,CCS(=N)(=O)c1ccc(Nc2ncc(Br)c(N[C@H](C)[C@H](C)O)n2)cc1,8.397940008672037,427.067758044,7,4,3.5894700000000013,True
CHEMBL3648118,CDK2,4.0,nM,COC[C@@H](Nc1nc(Nc2ccc(S(C)(=N)=O)cc2)ncc1Br)[C@@H](C)O,8.397940008672037,443.06267266399993,8,4,2.8258700000000014,True
CHEMBL3648106,CDK2,4.0,nM,CC(CO)Sc1nc(Nc2ccc(S(C)(=N)=O)cc2)ncc1Br,8.397940008672037,415.99762988400005,7,3,3.4910700000000014,True
CHEMBL3648107,CDK2,4.0,nM,C[C@@H](Nc1nc(Nc2ccc(S(=N)(=O)CCO)cc2)ncc1Br)C(C)(C)O,8.397940008672037,457.07832272799993,8,5,2.9519700000000015,True
CHEMBL3691667,CDK4,4.0,nM,CN(C)C(=O)c1cc2cnc(Nc3ccc(N4CC5CCC(CC4=O)N5)cn3)nc2n1C1CCCCC1,8.397940008672037,502.2804723280001,7,2,3.6342000000000017,True
CHEMBL3698736,CDK4,4.0,nM,c1cc2c3cnc(Nc4ccc(N5CCOCC5)nn4)nc3n(C3CCCC3)c2cn1,8.397940008672037,416.20730738800006,8,1,3.464800000000002,True
CHEMBL23327,CDK4,4.0,nM,CC(C)[C@H](CO)Nc1nc(Nc2cccc(Cl)c2)c2ncn(C(C)C)c2n1,8.397940008672037,388.1778371000001,6,3,4.233000000000002,True
CHEMBL23327,CDK2,4.0,nM,CC(C)[C@H](CO)Nc1nc(Nc2cccc(Cl)c2)c2ncn(C(C)C)c2n1,8.397940008672037,388.1778371000001,6,3,4.233000000000002,True
CHEMBL3648108,CDK2,4.0,nM,C[C@H](Nc1nc(Nc2ccc(S(=N)(=O)CCO)cc2)ncc1Br)C(C)(C)O,8.397940008672037,457.07832272799993,8,5,2.9519700000000015,True
CHEMBL5796369,CDK9,4.0,nM,CC1(C)Cc2ncc(-c3cc(NC(=O)[C@H]4CCC[C@@H](NC(=O)C5COC5)C4)ncc3Cl)n2C1,8.397940008672037,471.2037175,5,2,3.4407000000000014,True
CHEMBL485618,CDK2,4.0,nM,CCn1c(-c2ccnc(Nc3ccc(S(=O)(=O)NCCOC)cc3)n2)cnc1C,8.397940008672037,416.163059628,7,2,2.3367199999999997,True
CHEMBL6009824,CDK6,4.0,nM,CC(C)N1CCOc2c(F)cc(-c3nc(Nc4ccc(C5CCN(C)CC5)c(F)n4)ncc3F)cc21,8.397940008672037,498.2354942080001,7,1,5.115900000000005,True
CHEMBL5997157,CDK4,4.0,nM,CN1CCOc2c(F)cc(-c3nc(Nc4ccc(N5CCC(N(C)C)CC5)c(F)c4)ncc3F)cc21,8.397940008672037,498.2354942080001,7,1,4.663500000000004,True
CHEMBL4215702,CDK6,4.0,nM,CN1CCN(Cc2ccc(Nc3ncc(F)c(-c4cc(F)c5nc6n(c5c4)C(C)(C)CC6)n3)nc2)CC1,8.397940008672037,504.2561494000001,7,1,4.3388000000000035,True
CHEMBL3648113,CDK2,4.0,nM,CN=S(C)(=O)c1ccc(Nc2ncc(Br)c(N[C@H](C)[C@@H](C)O)n2)cc1OC,8.397940008672037,457.078322728,8,3,3.259000000000002,True
CHEMBL5266005,CDK9,4.0,nM,CCc1cnn2c(NCc3ccc[n+]([O-])c3)cc(N3CCCC[C@@H]3CCO)nc12,8.397940008672037,396.227374136,6,2,2.2785000000000006,True
CHEMBL4741442,CDK2,4.0,nM,C[C@H](CO)Nc1nc(Nc2ccc(S(N)(=O)=O)cc2)ncc1Br,8.397940008672037,401.015722472,7,4,1.4227999999999996,True
CHEMBL4292930,CDK9,4.0,nM,Cc1cnn2c(NCc3ccc[n+]([O-])c3)cc(N3CCCC[C@@H]3CCO)nc12,8.397940008672037,382.211724072,6,2,2.0245200000000003,True
CHEMBL195423,CDK1,4.0,nM,Fc1ccc(Nc2nc(Nc3ccc4[nH]cnc4c3)ncc2Br)cc1,8.397940008672037,398.02908470399996,5,3,4.741700000000001,True
CHEMBL5179773,CDK9,4.0,nM,CC(C)n1cc(-c2ccnc3[nH]c(C4CCN(CC(=O)N(C)C)CC4)cc23)cnc1=O,8.397940008672037,422.2430242,5,1,2.6351000000000004,True
CHEMBL3648096,CDK1,4.0,nM,Cc1cc(Nc2ncc(Br)c(N[C@H](C)[C@H](C)O)n2)ccc1S(C)(=N)=O,8.397940008672037,427.06775804399996,7,4,3.5077900000000017,True
CHEMBL5877196,CDK4,4.0,nM,CC(C)N1CCOc2c(F)cc(-c3nc(Nc4ccn(C5=CCNCC5)c(=O)c4)ncc3F)cc21,8.397940008672037,480.20853051200004,7,2,3.768500000000002,True
CHEMBL3648096,CDK2,4.0,nM,Cc1cc(Nc2ncc(Br)c(N[C@H](C)[C@H](C)O)n2)ccc1S(C)(=N)=O,8.397940008672037,427.06775804399996,7,4,3.5077900000000017,True
CHEMBL4082469,CDK9,4.0,nM,CSc1sc(C(N)=O)c2c1-c1sncc1CC2,8.397940008672037,281.99552594,5,1,2.7910000000000004,True
CHEMBL6019756,CDK6,4.0,nM,CC(C)N1CCOc2c(F)cc(-c3nc(Nc4ccc(CN5CCN(C)CC5)c(F)c4)ncc3F)cc21,8.397940008672037,512.251144272,7,1,4.659100000000004,True
CHEMBL193367,CDK1,4.0,nM,FC(F)(F)c1cnc(Nc2ccc3[nH]cnc3c2)nc1Nc1ccc(Cl)cc1,8.397940008672037,404.07640672400004,5,3,5.5123000000000015,True
CHEMBL3937866,CDK9,4.0,nM,COc1cc(F)ccc1-c1nc(Nc2cc(CS(C)(=O)=NC#N)cc(C(F)(F)F)c2)ncc1F,8.397940008672037,497.09448685200005,7,1,5.271680000000003,True
CHEMBL3648076,CDK2,4.0,nM,C[C@@H](Nc1nc(Nc2ccc(S(=N)(=O)CC3CC3)cc2)ncc1Br)C(C)(C)O,8.397940008672037,467.099058172,7,4,4.369670000000004,True
CHEMBL5788710,CDK9,4.0,nM,CC1(C)Cc2c(-c3cc(NC(=O)[C@H]4CCC[C@@H](NC(=O)CCO)C4)ncc3Cl)cnn2C1,8.397940008672037,459.20371750000004,5,3,3.176700000000001,True
CHEMBL489477,CDK2,4.0,nM,O=C(Cc1ccc(-c2ccccc2)c(F)c1)Nc1cc(C2CC2)[nH]n1,8.397940008672037,335.14339041600005,2,2,4.274400000000003,True
CHEMBL6015264,CDK6,4.0,nM,CC(C)N1CCOc2c(F)cc(-c3nc(Nc4ccc(CN5CCN(CC6CC6)CC5)cn4)ncc3F)cc21,8.397940008672037,535.2871151800001,8,1,4.695200000000004,True
CHEMBL3668457,CDK9,4.0,nM,COc1ccc(F)cc1-c1ccnc2[nH]c(C3=CCN(CC(O)CO)CC3)cc12,8.397940008672037,397.18016984799993,5,3,2.8199000000000014,True
CHEMBL3934141,CDK9,4.0,nM,COc1cc(CS(C)(=O)=NC#N)cc(Nc2ncc(F)c(-c3ccc(F)cc3OC)n2)c1,8.397940008672037,459.117666908,8,1,4.261480000000002,True
CHEMBL5171657,CDK9,4.0,nM,CCc1cnn2c(NCc3ccc[n+]([O-])c3)cc(C3CCCC[C@H]3CCO)nc12,8.397940008672037,395.23212516800004,5,2,3.193400000000002,True
CHEMBL6019756,CDK4,4.0,nM,CC(C)N1CCOc2c(F)cc(-c3nc(Nc4ccc(CN5CCN(C)CC5)c(F)c4)ncc3F)cc21,8.397940008672037,512.251144272,7,1,4.659100000000004,True
CHEMBL293068,CDK2,4.0,nM,O=C1Nc2ccc(C(=O)O)cc2/C1=C/c1[nH]cc2c1CCOC2=O,8.397940008672037,324.074621484,4,3,1.9185,True
CHEMBL3644033,CDK1,4.0,nM,C[C@@H](O)[C@@H](C)Oc1nc(Nc2ccc(S(C)(=O)=O)cc2)ncc1C(F)(F)F,8.397940008672037,405.097011716,7,2,2.7906000000000013,True
CHEMBL5782876,CDK4,4.0,nM,CC(C)N1CCOc2c(F)cc(-c3nc(Nc4ccc5c(c4)CCN(C(=O)CN(C)C)C5)ncc3F)cc21,8.397940008672037,522.2554807040001,7,1,4.218900000000003,True
CHEMBL370522,CDK1,4.0,nM,Cc1ccccc1Oc1nc(Nc2ccc3[nH]cnc3c2)ncc1C(F)(F)F,8.397940008672037,385.11504472800004,5,2,5.216020000000002,True
CHEMBL5949924,CDK6,4.0,nM,CC(C)N1CCOc2c(F)cc(-c3nc(Nc4ccc(C5CCN(C)CC5)nn4)ncc3F)cc21,8.397940008672037,481.2401649880001,8,1,4.371800000000003,True
CHEMBL468963,CDK2,4.0,nM,CN1CCN(c2ccc(Nc3nccc(-c4cnn5ncccc45)n3)cc2C(F)(F)F)CC1,8.397940008672037,454.18412733200006,7,1,3.7005000000000026,True
CHEMBL3903492,CDK9,4.0,nM,Cc1n[nH]c2ncc(C(=O)N3CCC[C@H]3c3ccc(Cl)cc3)cc12,8.397940008672037,340.109088844,3,1,3.897020000000002,True
CHEMBL3357950,CDK2,4.0,nM,C[C@@H](NC(=O)N1CCc2cnc(Nc3cnn(C)c3)nc2C1)c1ccc(Cl)c(Cl)c1,8.397940008672037,445.118463652,5,2,4.089400000000003,True
CHEMBL5192311,CDK9,4.0,nM,COc1cc(C(=O)N2CCCC2)ccc1-c1ccnc2[nH]c(C3CCN(CCO)CC3)cc12,8.397940008672037,448.247440884,5,2,3.646200000000002,True
CHEMBL3644033,CDK2,4.0,nM,C[C@@H](O)[C@@H](C)Oc1nc(Nc2ccc(S(C)(=O)=O)cc2)ncc1C(F)(F)F,8.397940008672037,405.097011716,7,2,2.7906000000000013,True
CHEMBL5801637,CDK6,4.0,nM,CC(C)N1CCOc2c(F)cc(-c3nc(Nc4ccc(N5CCC(N)CC5)cn4)ncc3F)cc21,8.397940008672037,481.2401649880001,8,2,4.095100000000002,True
CHEMBL2163997,CDK2,4.0,nM,N#Cc1cnn2c(Nc3ccc(F)c(Cl)c3)cc(N[C@H]3CC[C@H](N)CC3)nc12,8.397940008672037,399.1374495080001,6,3,3.818880000000002,True
CHEMBL4208875,CDK6,4.0,nM,CCN1CCC(Oc2cnc(Nc3cc(-c4cc(F)c5nc(C)n(C(C)C)c5c4)ncn3)cn2)CC1,8.397940008672037,490.26048583200014,8,1,4.918420000000004,True
CHEMBL178179,CDK2,4.0,nM,CN(C)S(=O)(=O)c1ccc(Nc2cc(N[C@H]3CC[C@H](N)CC3)nc3c(C4CCCC4)cnn23)cc1,8.397940008672037,497.2572943600001,7,3,4.062600000000003,True
CHEMBL5979175,CDK9,4.0,nM,CC1(C)Cc2c(-c3cc(NC(=O)[C@H]4CCC[C@@H](NC(=O)[C@H]5CCOC5)C4)ncc3Cl)cnn2C1,8.397940008672037,485.21936756400004,5,2,3.8308000000000026,True
CHEMBL5986506,CDK9,4.0,nM,CC(=O)N[C@@H]1CCC[C@@H](C(=O)Nc2cc(-c3cnn4c3C(O)C(C)(C)C4)c(Cl)cn2)C1,8.397940008672037,445.188067436,5,3,3.3051000000000013,True
CHEMBL73243,CDK2,4.0,nM,COCCCNS(=O)(=O)c1ccc(Nc2nccc(-c3cnc4ccccn34)n2)cc1,8.397940008672037,438.1474095640001,7,2,2.8497000000000012,True
CHEMBL3691547,CDK4,4.0,nM,CN(C)C(=O)c1cc2cnc(Nc3ccc(C(=O)N4CC5CCC(C4)N5)cn3)nc2n1C1CCCCCC1,8.397940008672037,516.2961223920001,7,2,3.743400000000002,True
CHEMBL3897217,CDK9,4.0,nM,COc1cc(F)ccc1-c1nc(Nc2cc(F)c(F)c(CS(C)(=N)=O)c2)ncc1F,8.397940008672037,440.093009632,6,2,4.628770000000003,True
CHEMBL3702062,CDK4,4.1,nM,Cc1nc(Nc2ncc3c4ccnc(Cl)c4n(C4CCCC4)c3n2)ccc1N1CCNCC1,8.387216143280265,462.2047205440001,7,2,4.604620000000003,True
CHEMBL514197,CDK2,4.1,nM,COc1cc(-c2ccc3c(-c4nc5c(N6CCN(C)CC6)cccc5[nH]4)n[nH]c3c2)ccc1O,8.387216143280265,454.21172407200004,6,3,4.239200000000004,True
CHEMBL3642020,CDK4,4.1,nM,c1cc2c3cnc(Nc4ccc(N5CCC(NC6CC6)CC5)cn4)nc3n(C3CCCC3)c2cn1,8.387216143280265,468.2749930240001,7,2,4.954000000000004,True
CHEMBL3642026,CDK4,4.1,nM,CN(CC(=O)O)C1CCN(c2ccc(Nc3ncc4c5ccncc5n(C5CCCC5)c4n3)nc2)CC1,8.387216143280265,500.2648222640001,8,2,4.218400000000003,True
CHEMBL3698699,CDK4,4.1,nM,CN(c1ccc(Nc2ncc3c4ccncc4n(C4CCCC4)c3n2)nc1)C1CCCNC1,8.387216143280265,442.25934296,7,2,4.421400000000002,True
CHEMBL3698702,CDK4,4.1,nM,c1cc2c3cnc(Nc4ccc(NCC5CCCNC5)cn4)nc3n(C3CCCC3)c2cn1,8.387216143280265,442.2593429600001,7,3,4.644700000000003,True
CHEMBL6021833,CDK4,4.11,nM,Cc1nc2c(F)cc(-c3nc(Nc4ccc5c(n4)CCNC5)ncc3F)cc2n1C1CC1,8.386158178123932,433.1826501120001,6,2,4.199120000000002,True
CHEMBL4212532,CDK6,4.14,nM,Cc1nc2c(F)cc(-c3nc(Nc4ccc5c(n4)CCN(C(=O)CN(C)C)C5)ncc3F)cc2n1C(C)C,8.3829996588791,520.2510640200001,7,1,4.245720000000003,True
CHEMBL5832698,CDK6,4.16,nM,Cc1nc2c(F)cc(-c3nc(Nc4ccc5c(n4)CCN(C(=O)[C@@H](C)N(C)C)C5)ncc3F)cc2n1C1CC1,8.380906669373257,532.2510640200001,7,1,4.388220000000003,True
CHEMBL4206061,CDK6,4.17,nM,Cc1nc2c(F)cc(-c3nc(Nc4ccc5c(n4)CCN(C(=O)CN4CCN(C)CC4)C5)ncc3F)cc2n1C(C)C,8.379863945026242,575.29326318,8,1,3.9315200000000026,True
CHEMBL3698748,CDK4,4.2,nM,N#CC1CCN(c2ccc(Nc3ncc4c5ccncc5n(C5CCCC5)c4n3)nn2)C1,8.3767507096021,425.2076417360001,8,1,3.978080000000002,True
CHEMBL3698641,CDK6,4.2,nM,Cc1cc(Nc2ncc3c4ccncc4n(C4CCCC4)c3n2)cnc1N1CCNCC1,8.3767507096021,428.2436928960001,7,2,3.951220000000002,True
CHEMBL3698743,CDK4,4.2,nM,CC1CN(c2ccc(Nc3ncc4c5ccncc5n(C5CCCC5)c4n3)nn2)CC(C)N1,8.3767507096021,443.2545919280001,8,2,3.8148000000000017,True
CHEMBL3641994,CDK4,4.2,nM,OCCNC1CCN(c2ccc(Nc3ncc4c5ccncc5n(C5CCCC5)c4n3)nn2)CC1,8.3767507096021,473.2651566120001,9,3,3.1789000000000014,True
CHEMBL3642023,CDK4,4.2,nM,c1cc2c3cnc(Nc4ccc(N5CCC(NC6CCC6)CC5)cn4)nc3n(C3CCCC3)c2cn1,8.3767507096021,482.2906430880001,7,2,5.3441000000000045,True
CHEMBL424696,CDK4,4.2,nM,c1ccc(Nc2ncc(-c3ccnc(OC4CCCCC4)n3)s2)nc1,8.3767507096021,353.1310312280001,7,1,4.450200000000002,True
CHEMBL3702102,CDK4,4.2,nM,OC[C@H]1CN(c2ccc(Nc3ncc4c5ccncc5n(C5CCCC5)c4n3)nc2)CCN1,8.3767507096021,444.23860751600006,8,3,3.003700000000001,True
CHEMBL4458266,CDK4,4.26,nM,Cc1nc2c(F)cc(-c3nc(Nc4ccc5c(n4)CCN(CCN(C)C)C5)ncc3F)cc2n1C,8.370590400897282,478.2404993360001,7,1,3.675220000000002,True
CHEMBL5883845,CDK4,4.27,nM,Cc1nc2c(F)cc(-c3nc(Nc4ccc5c(n4)CCN(C(=O)CN(C)C)C5)ncc3F)cc2n1C1CCC1,8.369572124974976,532.2510640200001,7,1,4.389820000000004,True
CHEMBL5765752,CDK4,4.27,nM,Cc1nc2c(F)cc(-c3nc(Nc4ccc5c(n4)CCN(C(=O)CCN(C)C)C5)ncc3F)cc2n1C1CCC1,8.369572124974976,546.2667140840001,7,1,4.779920000000004,True
CHEMBL3698672,CDK4,4.3,nM,c1ccc2c(c1)c1cnc(Nc3ccc(N4CCNCC4)cn3)nc1n2C1CCCC1,8.366531544420413,413.2327938640001,6,2,4.247800000000003,True
CHEMBL1964244,CDK2,4.3,nM,O=C1Nc2ccc3ncsc3c2/C1=C/Nc1ccc(S(=O)(=O)Nc2ccccc2)cc1,8.366531544420413,448.06638237199996,6,3,4.502200000000002,True
CHEMBL3237444,CDK6,4.3,nM,Clc1nccc2c3cnc(Nc4ccc(N5CCNCC5)cn4)nc3n(C3CCCC3)c12,8.366531544420413,448.1890704800001,7,2,4.296200000000003,True
CHEMBL3702029,CDK4,4.3,nM,CCC1CN(c2ccc(Nc3ncc4c5ccncc5n(C5CCCC5)c4n3)nn2)CCN1,8.366531544420413,443.25459192800014,8,2,3.8164000000000016,True
CHEMBL5947385,CDK6,4.37,nM,C=CC(=O)N1CCc2nc(Nc3ncc(F)c(-c4cc(F)c5nc(C)n(C(C)C)c5c4)n3)ccc2C1,8.359518563029578,489.2088648600001,6,1,4.870120000000004,True
CHEMBL3702096,CDK4,4.4,nM,OCCN1CCN(c2ccc(Nc3ncc4c5ccncc5n(C5CCCC5)c4n3)nc2)CC1,8.356547323513812,458.25425758000006,8,2,3.347500000000002,True
CHEMBL3698671,CDK6,4.4,nM,c1cnc2c(c1)c1cnc(Nc3ccc(N4CCNCC4)cc3)nc1n2C1CCCC1,8.356547323513812,413.23279386400003,6,2,4.2478000000000025,True
CHEMBL3684982,CDK4,4.4,nM,CC(=O)N1Cc2ccc(Nc3ncc4c5ccncc5n([C@H]5CC[C@H](C)CC5)c4n3)nc2C(C)C1,8.356547323513812,469.25900861200006,6,1,5.334900000000005,True
CHEMBL3702142,CDK4,4.4,nM,c1cc2c3cnc(Nc4ccc(N5CCNCC5)cn4)cc3n(C3CCCCC3)c2cn1,8.356547323513812,427.24844392800003,6,2,4.637900000000004,True
CHEMBL4214898,CDK6,4.4,nM,CCN1CCN(Cc2ccc(Nc3cc(-c4cc(F)c5nc(C)n(C(C)C)c5c4)ncn3)nc2)CC1,8.356547323513812,488.2812212760001,7,1,4.797820000000003,True
CHEMBL3702117,CDK4,4.4,nM,OC1CCN(Cc2ccc(Nc3ncc4c5ccncc5n(C5CCCC5)c4n3)nc2)CC1,8.356547323513812,443.2433585480001,7,2,4.189900000000003,True
CHEMBL3698725,CDK4,4.4,nM,NCC1CCCN(c2ccc(Nc3ncc4c5ccncc5n(C5CCCC5)c4n3)nn2)C1,8.356547323513812,443.2545919280001,8,2,3.803300000000003,True
CHEMBL3237702,CDK6,4.4,nM,CC1CCC(n2c3cnccc3c3cnc(Nc4ccc(N5CCNCC5)cn4)nc32)CC1,8.356547323513812,442.2593429600001,7,2,4.278900000000002,True
CHEMBL3237442,CDK6,4.4,nM,c1cc2c3cnc(Nc4ccc(N5CCNCC5)cn4)nc3n(C3CCCC3)c2cn1,8.356547323513812,414.228042832,7,2,3.642800000000002,True
CHEMBL3702151,CDK4,4.4,nM,c1cc2c3cnc(Nc4ccc(N5CCC6(CC5)COCCN6)nn4)nc3n(C3CCCC3)c2cn1,8.356547323513812,485.26515661200017,9,2,3.5870000000000015,True
CHEMBL3698741,CDK4,4.4,nM,c1cc2c3cnc(Nc4ccc(N5CCCC5)nn4)nc3n(C3CCCC3)c2cn1,8.356547323513812,400.21239276800003,7,1,4.228400000000003,True
CHEMBL5762588,CDK4,4.41,nM,Cc1nc2c(F)cc(-c3nc(Nc4ccc5c(n4)CCN(CC(C)(C)N)C5)ncc3F)cc2n1C1CC1,8.355561410532161,504.2561494000001,7,2,4.648820000000003,True
CHEMBL5800538,CDK4,4.49,nM,Cc1nc2c(F)cc(-c3nc(Nc4ccc5c(n4)CCN(C(=O)O)C5)ncc3F)cc2n1C(C)C,8.347753658996677,479.18812941600004,6,2,4.835520000000003,True
CHEMBL5994315,CDK4,4.49,nM,Cc1nc2c(F)cc(-c3nc(Nc4ccc5c(n4)CCN(CC(=O)O)C5)ncc3F)cc2n1C(C)C,8.347753658996677,493.20377948000004,7,2,4.2421200000000026,True
CHEMBL5977774,CDK4,4.5,nM,CC1CN(c2ccc(Nc3ncc(F)c(-c4cc(F)c5c(c4)N(C(C)C)CCO5)n3)nc2)CCN1,8.346787486224656,481.2401649880001,8,2,3.9657000000000027,True
CHEMBL5865305,CDK6,4.5,nM,CC(=O)N1CCN(c2ccc(Nc3ncc(F)c(-c4cc(F)c5c(c4)N(C(C)C)CCO5)n3)nc2)CC1,8.346787486224656,509.2350796080001,8,1,3.8361000000000027,True
CHEMBL3680380,CDK4,4.5,nM,CC(=O)N1CCc2nc(Nc3ncc4c5ccncc5n([C@H]5CC[C@H](C)CC5)c4n3)ccc2C1,8.346787486224656,455.24335854800006,6,1,4.773900000000005,True
CHEMBL5951978,CDK4,4.5,nM,CC(C)N1CCOc2c(F)cc(-c3nc(Nc4ccc5c(c4)CN(C(=O)CN(C)C)CC5)ncc3F)cc21,8.346787486224656,522.2554807040001,7,1,4.218900000000003,True
CHEMBL410883,CDK2,4.5,nM,NC(=O)c1ccc2c(c1)/C(=N/Nc1ccc(S(N)(=O)=O)cc1)C(=O)N2,8.346787486224656,359.06882489599997,6,4,0.20119999999999955,True
CHEMBL1964250,CDK2,4.5,nM,COCCOCCOCCOCCNS(=O)(=O)c1ccc(N/C=C2\C(=O)Nc3ccc4ncsc4c32)cc1,8.346787486224656,562.1555913000001,10,3,2.6759000000000013,True
CHEMBL3702104,CDK4,4.5,nM,OC[C@@H]1CN(c2ccc(Nc3ncc4c5ccnc(F)c5n(C5CCCC5)c4n3)nc2)CCN1,8.346787486224656,462.22918570400014,8,3,3.142800000000001,True
CHEMBL3642016,CDK4,4.5,nM,C[C@@H](O)CNC1CCN(c2ccc(Nc3ncc4c5ccncc5n(C5CCCC5)c4n3)nc2)CC1,8.346787486224656,486.2855577080001,8,3,4.172400000000003,True
CHEMBL5798442,CDK6,4.5,nM,CC(C)N1CCOc2c(F)cc(-c3nc(Nc4ccc(N5CCCNCC5)cn4)ncc3F)cc21,8.346787486224656,481.2401649880001,8,2,3.9673000000000025,True
CHEMBL5856237,CDK6,4.51,nM,Cc1nc2c(F)cc(-c3nc(Nc4ccc5c(n4)CCN(C(=O)[C@@H](C)N(C)C)C5)ncc3F)cc2n1C(C)C,8.34582345812204,534.2667140840001,7,1,4.634220000000004,True
CHEMBL5942702,CDK6,4.58,nM,C#CCN1CCc2nc(Nc3ncc(F)c(-c4cc(F)c5nc(C)n(C(C)C)c5c4)n3)ccc2C1,8.339134521996131,473.2139502400001,6,1,4.790720000000003,True
CHEMBL3642009,CDK4,4.6,nM,OCCCNC1CCN(c2ccc(Nc3ncc4c5ccncc5n(C5CCCC5)c4n3)nn2)CC1,8.337242168318426,487.28080667600017,9,3,3.5690000000000017,True
CHEMBL3702103,CDK4,4.6,nM,OC[C@@H]1CN(c2ccc(Nc3ncc4c5ccncc5n(C5CCCC5)c4n3)nc2)CCN1,8.337242168318426,444.23860751600006,8,3,3.003700000000001,True
CHEMBL314397,CDK2,4.6,nM,NS(=O)(=O)c1ccc(/N=N/c2c(O)[nH]c3cccc(I)c23)cc1,8.337242168318426,441.959659212,5,3,3.5409000000000015,True
CHEMBL3702193,CDK4,4.6,nM,C[C@@H](O)CNc1ccc(Nc2ncc3c4ccncc4n(C4CCCC4)c3n2)nn1,8.337242168318426,404.20730738800006,8,3,3.4209000000000014,True
CHEMBL1964247,CDK2,4.6,nM,CN(C)S(=O)(=O)c1ccc(N/C=C2\C(=O)Nc3ccc4ncsc4c32)cc1,8.337242168318426,400.066382372,6,2,2.9517000000000007,True
CHEMBL3698665,CDK4,4.6,nM,c1cc2c3cnc(Nc4ccc(N5CCNCC5)cn4)nc3n(C3CCC3)c2cn1,8.337242168318426,400.21239276800003,7,2,3.2527000000000017,True
CHEMBL3702052,CDK6,4.6,nM,CCN(CC)C1CCN(c2ccc(Nc3ncc4c5ccncc5n(C5CCCC5)c4n3)nc2)CC1,8.337242168318426,484.3062931520001,7,1,5.543800000000005,True
CHEMBL3702142,CDK6,4.6,nM,c1cc2c3cnc(Nc4ccc(N5CCNCC5)cn4)cc3n(C3CCCCC3)c2cn1,8.337242168318426,427.24844392800003,6,2,4.637900000000004,True
CHEMBL3680382,CDK4,4.6,nM,C[C@H]1CC[C@H](n2c3cnccc3c3cnc(Nc4ccc5c(n4)CCN(CCCO)C5)nc32)CC1,8.337242168318426,471.27465867600006,7,2,4.6098000000000035,True
CHEMBL272667,CDK2,4.6,nM,Cc1c([N+](=O)[O-])ccc2c1/C(=N/Nc1ccc(S(N)(=O)=O)cc1)C(=O)N2,8.337242168318426,375.063739516,7,3,1.3189199999999999,True
CHEMBL3702135,CDK4,4.6,nM,c1ccc(-n2c3cnccc3c3cnc(Nc4ccc(N5CCNCC5)cn4)cc32)cc1,8.337242168318426,421.2014937360001,6,2,4.121900000000003,True
CHEMBL6044246,CDK4,4.68,nM,Cc1nc2c(F)cc(-c3nc(Nc4ccc5c(n4)CCN(CC(=O)N(C)C)C5)ncc3F)cc2n1C1CC1,8.329754146925875,518.2354139560001,7,1,3.9997200000000026,True
CHEMBL3237446,CDK4,4.7,nM,O=c1[nH]ccc2c3cnc(Nc4ccc(N5CCNCC5)cn4)nc3n(C3CCCC3)c12,8.327902142064282,430.22295745200006,7,3,2.9361000000000006,True
CHEMBL3642021,CDK4,4.7,nM,CCCNC1CCN(c2ccc(Nc3ncc4c5ccncc5n(C5CCCC5)c4n3)nc2)CC1,8.327902142064282,470.2906430880001,7,2,5.201600000000004,True
CHEMBL3684991,CDK4,4.7,nM,C[C@H]1CC[C@H](n2c3cnccc3c3cnc(Nc4cc5c(cn4)CNCC5)nc32)CC1,8.327902142064282,413.2327938640001,6,2,4.515000000000002,True
CHEMBL1964246,CDK2,4.7,nM,O=C1Nc2ccc3ncsc3c2/C1=C/Nc1ccc(S(=O)(=O)NCCO)cc1,8.327902142064282,416.06129699199994,7,4,1.9720000000000002,True
CHEMBL6020742,CDK6,4.78,nM,Cc1nc2c(F)cc(-c3nc(Nc4ccc5c(n4)CCN(CC(N)=NO)C5)ncc3F)cc2n1C(C)C,8.320572103387882,507.2306629240001,8,3,3.903920000000001,True
CHEMBL5874515,CDK6,4.78,nM,Cc1nc2c(F)cc(-c3nc(Nc4ccc5c(n4)CCN(C(=O)[C@@H]4CCCN4C)C5)ncc3F)cc2n1C1CC1,8.320572103387882,544.2510640200002,7,1,4.532320000000004,True
CHEMBL5794081,CDK6,4.78,nM,Cc1nc2c(F)cc(-c3nc(Nc4ccc5c(n4)CCN(CCC(N)NO)C5)ncc3F)cc2n1C(C)C,8.320572103387882,523.261963052,9,4,3.8112200000000014,True
CHEMBL3702067,CDK6,4.8,nM,CC(C)n1c2cnccc2c2cnc(Nc3ccc(N4CCC(N(C)C)CC4)nn3)nc21,8.318758762624412,431.2545919280001,8,1,3.6244000000000023,True
CHEMBL3642002,CDK6,4.8,nM,OC[C@H](O)CNC1CCN(c2ccc(Nc3ncc4c5ccncc5n(C5CCCC5)c4n3)nn2)CC1,8.318758762624412,503.27572129600014,10,4,2.5397999999999996,True
CHEMBL3642014,CDK4,4.8,nM,OCCNC1CCN(c2ccc(Nc3ncc4c5ccncc5n(C5CCCC5)c4n3)nc2)CC1,8.318758762624412,472.26990764400006,8,3,3.783900000000002,True
CHEMBL3702092,CDK6,4.8,nM,O[C@H]1CCN(c2ccc(Nc3ncc4c5ccnc(F)c5n(C5CCCC5)c4n3)nc2)C1,8.318758762624412,433.2026366080001,7,2,3.9433000000000025,True
CHEMBL3641999,CDK4,4.8,nM,CNCCN(C)C1CCN(c2ccc(Nc3ncc4c5ccncc5n(C5CCCC5)c4n3)nn2)CC1,8.318758762624412,500.3124411520001,9,2,3.7482000000000024,True
CHEMBL5899535,CDK6,4.84,nM,Cc1nc2c(F)cc(-c3nc(Nc4ccc5c(n4)CCN(C(=O)C4CC(O)C4)C5)ncc3F)cc2n1C(C)C,8.315154638355587,533.235079608,7,2,4.455020000000004,True
CHEMBL5956369,CDK4,4.84,nM,Cc1nc2c(F)cc(-c3nc(Nc4ccc5c(n4)CCNC5)ncc3F)cc2n1C1CCCC1,8.315154638355587,461.2139502400001,6,2,4.979320000000003,True
CHEMBL5791509,CDK6,4.84,nM,Cc1nc2c(F)cc(-c3nc(Nc4ccc5c(n4)CCN(C(=O)CC4CC(O)C4)C5)ncc3F)cc2n1C1CC1,8.315154638355587,545.2350796080001,7,2,4.599120000000004,True
CHEMBL5894084,CDK6,4.88,nM,Cc1nc2c(F)cc(-c3nc(Nc4ccc5c(n4)CCN(C(=O)CN)C5)ncc3F)cc2n1C(C)C,8.311580177997289,492.21976389200006,7,2,3.6428200000000013,True
CHEMBL5884004,CDK6,4.88,nM,Cc1nc2c(F)cc(-c3nc(Nc4ccc5c(n4)CCN(C(=O)[C@H](C)N(C)C)C5)ncc3F)cc2n1C1CC1,8.311580177997289,532.2510640200001,7,1,4.388220000000003,True
CHEMBL5811164,CDK6,4.88,nM,Cc1nc2c(F)cc(-c3nc(Nc4ccc5c(n4)CCC(C(=O)CN)C5)ncc3F)cc2n1C(C)C,8.311580177997289,491.22451492400006,7,2,4.432120000000003,True
CHEMBL3702050,CDK6,4.9,nM,COCCN1CCN(c2ccc(Nc3ncc4c5ccncc5n(C5CCCC5)c4n3)nc2)CC1,8.309803919971486,472.26990764400006,8,1,4.001600000000003,True
CHEMBL3698675,CDK4,4.9,nM,c1cc2c3cnc(Nc4ccc(N5CCNCC5)cc4)nc3n(C3CC4CCC3C4)c2cn1,8.309803919971486,439.2484439280001,6,2,4.493800000000003,True
CHEMBL3702096,CDK6,4.9,nM,OCCN1CCN(c2ccc(Nc3ncc4c5ccncc5n(C5CCCC5)c4n3)nc2)CC1,8.309803919971486,458.25425758000006,8,2,3.347500000000002,True
CHEMBL5568620,CDK1,4.9,nM,CC(C)c1c2cc(-c3ccnc(Nc4ccc5c(N6CCN(C)CC6)ncnc5c4)n3)ccc2nn1C,8.309803919971486,493.2702419920002,8,1,4.592300000000003,True
CHEMBL3698724,CDK4,4.9,nM,O=S1(=O)CCN(c2ccc(Nc3ncc4c5ccncc5n(C5CCCC5)c4n3)nn2)CC1,8.309803919971486,464.1742930080001,9,1,2.8630000000000013,True
CHEMBL3702192,CDK4,4.9,nM,OCCNc1ccc(Nc2ncc3c4ccncc4n(C4CCCC4)c3n2)nn1,8.309803919971486,390.19165732400006,8,3,3.032400000000001,True
CHEMBL3698729,CDK4,4.9,nM,c1cc2c3cnc(Nc4ccc(NCC5CCCCN5)nn4)nc3n(C3CCCC3)c2cn1,8.309803919971486,443.25459192800014,8,3,4.182200000000003,True
CHEMBL5186159,CDK2,4.9,nM,NS(=O)(=O)c1ccc(Nc2ncc3c(n2)N(C2CCCC2)C(=O)C32CC2)cc1,8.309803919971486,399.136510532,6,2,2.1884000000000006,True
CHEMBL3642035,CDK4,4.9,nM,CN(C)CCNC1CCN(c2ccc(Nc3ncc4c5ccncc5n(C5CCCC5)c4n3)nn2)CC1,8.309803919971486,500.3124411520001,9,2,3.7482000000000024,True
CHEMBL4079206,CDK1,4.9,nM,CN1CC[C@H](c2c(O)cc(O)c3c(=O)cc(/C=C/c4c(Cl)cccc4Cl)oc23)[C@H](O)C1,8.309803919971486,461.07967813199997,6,3,4.461400000000003,True
CHEMBL5964401,CDK9,4.97,nM,CCC(CC)n1c(C)nc2c(F)cc(-c3nc(Nc4ccc5c(n4)CCNC5)ncc3F)cc21,8.303643611266669,463.2296003040001,6,2,5.225320000000004,True
CHEMBL5932825,CDK6,4.98,nM,Cc1nc2c(F)cc(-c3nc(Nc4ccc5c(n4)CCN(C(=O)CN(C)C)C5)ncc3F)cc2n1C1CC1,8.302770657240282,518.2354139560001,7,1,3.9997200000000026,True
CHEMBL3691545,CDK4,5.0,nM,CN(C)C(=O)c1cc2cnc(Nc3ccc(C(=O)N4C[C@H]5CNC[C@@H](C4)C5O)cn3)nc2n1C1CCCCCC1,8.301029995663981,546.3066870760001,8,3,2.8193,True
CHEMBL3923419,CDK9,5.0,nM,CCOc1cc(F)ccc1-c1nc(Nc2cc(F)cc(CS(C)(=O)=NC#N)c2)ncc1F,8.301029995663981,461.11333047600004,7,1,4.782080000000004,True
CHEMBL3894860,CDK6,5.0,nM,CN1CCN(c2ccc(Nc3ncc4cc5n(c4n3)C3(CCCCC3)CNC5=O)nc2)CC1,8.301029995663981,446.25425758,7,2,2.724500000000001,True
CHEMBL260417,CDK2,5.0,nM,O=C(Nc1n[nH]c2nc(-c3ccc(O)cc3)c(Br)cc12)C1CC1,8.301029995663981,372.022187756,4,3,3.4415000000000004,True
CHEMBL3691553,CDK4,5.0,nM,CN(C)C(=O)c1cc2cnc(Nc3ccc(C(=O)N4C[C@@H]5CN[C@@H](C5)C4)cn3)nc2n1C1CCCC1,8.301029995663981,488.2648222640001,7,2,2.8206999999999995,True
CHEMBL5789444,CDK6,5.0,nM,CC(C)CN1CCOc2c(F)cc(-c3nc(Nc4ccc(C5CCN(C)CC5)cn4)ncc3F)cc21,8.301029995663981,494.26056608400006,7,1,5.224400000000005,True
CHEMBL3962241,CDK9,5.0,nM,COc1cc(F)ccc1-c1nc(Nc2cc(F)cc(CS(C)(=N)=O)c2)ncc1F,8.301029995663981,422.10243144400005,6,2,4.489670000000003,True
CHEMBL5997157,CDK6,5.0,nM,CN1CCOc2c(F)cc(-c3nc(Nc4ccc(N5CCC(N(C)C)CC5)c(F)c4)ncc3F)cc21,8.301029995663981,498.2354942080001,7,1,4.663500000000004,True
CHEMBL260163,CDK2,5.0,nM,O=C(Nc1n[nH]c2cc(-c3ccc(O)cc3)ccc12)C1CC1,8.301029995663981,293.11642672,3,3,3.2840000000000016,True
CHEMBL500804,CDK2,5.0,nM,O=C(NC1=NNC2=CC=CC21)C1CC1,8.301029995663981,189.090211972,3,2,0.49919999999999987,True
CHEMBL5871732,CDK6,5.0,nM,CCCN1CCOc2c(F)cc(-c3nc(Nc4ccc(N5CCNCC5)c(F)c4)ncc3F)cc21,8.301029995663981,484.2198441440001,7,2,4.322900000000002,True
CHEMBL3642029,CDK4,5.0,nM,OC1CN(C2CCN(c3ccc(Nc4ncc5c6ccncc6n(C6CCCC6)c5n4)nc3)CC2)C1,8.301029995663981,484.26990764400006,8,2,3.8785000000000025,True
CHEMBL3648082,CDK1,5.0,nM,COc1cc(Nc2ncc(Br)c(O[C@H](C)[C@H](C)O)n2)ccc1S(C)(=N)=O,8.301029995663981,444.0466882520001,8,3,3.174870000000001,True
CHEMBL3648076,CDK1,5.0,nM,C[C@@H](Nc1nc(Nc2ccc(S(=N)(=O)CC3CC3)cc2)ncc1Br)C(C)(C)O,8.301029995663981,467.099058172,7,4,4.369670000000004,True
CHEMBL6043217,CDK6,5.0,nM,CC(C)N1CCOc2c(F)cc(-c3nc(Nc4ccn(C5CCNCC5)c(=O)c4)ncc3F)cc21,8.301029995663981,482.22418057600004,7,2,3.8588000000000022,True
CHEMBL3691663,CDK4,5.0,nM,CN(C)C(=O)c1cc2cnc(Nc3ccc(N4CC5CCC(CC4=O)N5)cn3)nc2n1-c1ccc(C(C)(C)C#N)cc1,8.301029995663981,563.2757212960001,8,2,3.919380000000002,True
CHEMBL5571022,CDK9,5.0,nM,CN(C)C(=O)c1cc2cnc(Nc3ccc(S(N)(=O)=O)cc3)nc2n1C1CCCC1,8.301029995663981,428.163059628,6,2,2.6392000000000007,True
CHEMBL481562,CDK2,5.0,nM,O=C(NC1CC1)c1n[nH]c2cc(-c3ccc(O)cc3)c(Br)cc12,8.301029995663981,371.026938788,3,3,3.590200000000001,True
CHEMBL6007997,CDK4,5.0,nM,Cc1nc(Nc2ncc(F)c(-c3cc(F)c4c(c3)N(C(C)C)CCO4)n2)ccc1C1CCN(C)CC1,8.301029995663981,494.260566084,7,1,5.285220000000005,True
CHEMBL318999,CDK1,5.0,nM,Nc1nc(Nc2ccc(S(N)(=O)=O)cc2)nc(OCC2CCCCC2)c1N=O,8.301029995663981,406.14232418399996,9,3,2.8068,True
CHEMBL3648116,CDK1,5.0,nM,C[C@H](Nc1nc(Nc2ccc(S(C)(=N)=O)cc2)ncc1Br)C(C)(C)O,8.301029995663981,427.067758044,7,4,3.5894700000000026,True
CHEMBL5897019,CDK6,5.0,nM,CCN1CCC(c2ccc(Nc3ncc(F)c(-c4cc(F)c5c(c4)N(C(C)C)CCO5)n3)nc2)CC1,8.301029995663981,494.26056608400006,7,1,5.366900000000005,True
CHEMBL3702160,CDK4,5.0,nM,CN(C)[C@H]1CN(c2ccc(Nc3ncc4c5ccncc5n(C5CCCC5)c4n3)nn2)CC[C@@H]1O,8.301029995663981,473.26515661200006,9,2,3.1294000000000017,True
CHEMBL1241849,CDK2,5.0,nM,CN(C)CCNS(=O)(=O)c1ccc(Nc2cccc(-c3cnc4ccccn34)c2)cc1,8.301029995663981,435.17289604000007,5,2,3.584800000000002,True
CHEMBL5908639,CDK9,5.0,nM,CC(=O)N[C@@H]1CCC[C@@H](C(=O)Nc2cc(-c3cnn4c3CCC(C)C4)c(Cl)cn2)C1,8.301029995663981,429.193152816,4,2,3.8142000000000023,True
CHEMBL3691627,CDK4,5.0,nM,CN(C)C(=O)c1cc2cnc(Nc3ccc(N4CC5CNCC5CC4=O)cn3)nc2n1C1CCCC1,8.301029995663981,488.26482226400003,7,2,2.9591000000000003,True
CHEMBL3691625,CDK4,5.0,nM,CN(C)C(=O)c1cc2cnc(Nc3ccc(N4C[C@H]5CNC[C@H]5CC4=O)cn3)nc2n1C1CCCCCC1,8.301029995663981,516.296122392,7,2,3.739300000000002,True
CHEMBL3702210,CDK4,5.0,nM,CNC1CCN(c2ccc(Nc3ncc4c5ccnc(F)c5n(C5CCCC5)c4n3)nc2)CC1,8.301029995663981,460.24992114800006,7,2,4.560500000000004,True
CHEMBL5961536,CDK6,5.0,nM,CC(C)N1CCOc2c(F)cc(-c3nc(Nc4ccc(C5CCN(C)CC5)c(F)c4)ncc3F)cc21,8.301029995663981,497.24024524000004,6,1,5.720900000000006,True
CHEMBL452601,CDK2,5.0,nM,C[C@H]1CNC[C@H](C(=O)Nc2ncc(SCc3ncc(C(C)(C)C)o3)s2)C1,8.301029995663981,394.149718072,7,2,3.905000000000003,True
CHEMBL3702154,CDK6,5.0,nM,CN(C)C1CCN(c2ccc(Nc3ncc4c5ccnc(F)c5n(C5CCCC5)c4n3)nn2)CC1,8.301029995663981,475.26082018000005,8,1,4.297700000000003,True
CHEMBL3648095,CDK1,5.0,nM,CCS(=N)(=O)c1ccc(Nc2ncc(Br)c(N[C@H](C)[C@H](C)O)n2)cc1,8.301029995663981,427.067758044,7,4,3.5894700000000013,True
CHEMBL3648117,CDK1,5.0,nM,C[C@H](O)[C@@H](C)Nc1nc(Nc2ccc(S(C)(=N)=O)cc2)ncc1Br,8.301029995663981,413.05210797999996,7,4,3.199370000000001,True
CHEMBL3702082,CDK4,5.0,nM,C[C@H]1CNCCN1c1ccc(Nc2ncc3c4ccnc(F)c4n(C4CCCC4)c3n2)nc1,8.301029995663981,446.23427108400006,7,2,4.1704000000000025,True
CHEMBL189937,CDK4,5.0,nM,Cc1c(Br)c(=O)n(C2CCCC2)c2nc(Nc3ccc(N4CCNCC4)cc3)ncc12,8.301029995663981,482.1429715840001,6,2,4.130720000000002,True
CHEMBL3673501,CDK9,5.0,nM,c1ccc(CNc2cncc(-c3ccnc4[nH]c(C5CCNCC5)cc34)n2)cc1,8.301029995663981,384.20624476800003,5,3,4.099000000000002,True
CHEMBL3673503,CDK9,5.0,nM,Fc1cc(F)cc(CNc2cncc(-c3ccnc4[nH]c(C5CCNCC5)cc34)n2)c1,8.301029995663981,420.18740114400003,5,3,4.377200000000002,True
CHEMBL337300,CDK1,5.0,nM,O=Nc1c(-c2c(O)[nH]c3ccc(I)cc23)[nH]c2ccccc12,8.301029995663981,402.98177456,3,3,5.024300000000001,True
CHEMBL3702083,CDK4,5.0,nM,C[C@@H]1CN(c2ccc(Nc3ncc4c5ccnc(F)c5n(C5CCCC5)c4n3)nc2)CCN1,8.301029995663981,446.2342710840001,7,2,4.1704000000000025,True
CHEMBL462192,CDK1,5.0,nM,Cc1ncc(-c2nc(Nc3ccc(C(=O)N4CCCN(C)CC4)cc3)ncc2F)n1C(C)C,8.301029995663981,451.24958680000003,6,1,3.889820000000003,True
CHEMBL415471,CDK2,5.0,nM,N#CCCc1cc(-c2ccc[nH]2)c2c3c(ccc(F)c13)NC2=O,8.301029995663981,305.096440224,2,2,3.9958800000000014,True
CHEMBL3648110,CDK1,5.0,nM,C[C@H](O)[C@@H](C)Nc1nc(Nc2ccc(S(=N)(=O)CCO)cc2)ncc1Br,8.301029995663981,443.062672664,8,5,2.5618700000000008,True
CHEMBL4442620,CDK9,5.0,nM,C[C@@H](O)[C@@H](C)Oc1nc(Nc2ccc(S(=N)(=O)C3CC3)cc2)ncc1C(F)(F)F,8.301029995663981,430.1286461920001,7,3,3.9551700000000025,True
CHEMBL5749487,CDK6,5.0,nM,CC(C)N1CCOc2c(F)cc(-c3nc(Nc4ccc(C5CCN(C)CC5=O)cn4)ncc3F)cc21,8.301029995663981,494.22418057600004,8,1,4.155800000000003,True
CHEMBL4764656,CDK9,5.0,nM,C[C@H](CO)Nc1nc(Nc2ccc(S(N)(=O)=O)cc2)ncc1Br.Cl,8.301029995663981,436.992400184,7,4,1.8445999999999994,True
CHEMBL3981911,CDK9,5.0,nM,COc1cc(F)ccc1-c1nc(Nc2cc(Cl)cc(CS(C)(=N)=O)c2)ncc1F,8.301029995663981,438.0728809040001,6,2,5.0039700000000025,True
CHEMBL4579344,CDK2,5.0,nM,Cc1cc(C)c(CNc2nc(N[C@@H](C)[C@@H](C)O)nc3c2ncn3C(C)C)cn1,8.301029995663981,383.24335854800006,7,3,3.212340000000002,True
CHEMBL427909,CDK2,5.0,nM,O=C(Nc1n[nH]c2nc(-c3ccc(O)cc3)c(-c3ccccc3)cc12)C1CC1,8.301029995663981,370.142975816,4,3,4.346000000000002,True
CHEMBL4764173,CDK2,5.0,nM,CC[C@H](Nc1nc(NCc2ccccc2)c2ncn(C(C)C)c2n1)[C@@H](C)O,8.301029995663981,368.23245951599995,6,3,3.5906000000000025,True
CHEMBL4761602,CDK9,5.0,nM,Nc1nc(C[C@H]2CC3CCC2C3)sc1C(=O)c1ccccc1[N+](=O)[O-],8.301029995663981,357.114712468,6,1,3.843200000000003,True
CHEMBL5930675,CDK9,5.0,nM,CC(=O)N[C@@H]1CCC[C@H](C(=O)Nc2cc(-c3cnc4n3CC(C)(C)C4)c(F)cn2)C1,8.301029995663981,413.222703356,4,2,3.299900000000002,True
CHEMBL3976450,CDK9,5.0,nM,CCS(=N)(=O)Cc1cccc(Nc2ncc(F)c(-c3ccc(F)cc3OC)n2)c1,8.301029995663981,418.12750331999996,6,2,4.740670000000003,True
CHEMBL5202522,CDK9,5.0,nM,Nc1nc(N[C@H]2CC3CCC2C3)sc1C(=O)c1ccccc1[N+](=O)[O-],8.301029995663981,358.10996143599994,7,2,3.4650000000000025,True
CHEMBL3648123,CDK2,5.0,nM,CCS(=N)(=O)c1ccc(Nc2ncc(Br)c(N[C@H](C)C(C)(C)O)n2)cc1,8.301029995663981,441.083408108,7,4,3.9795700000000025,True
CHEMBL5739950,CDK1,5.0,nM,O=C1NCC2(CCCCC2)n2c1cc1cnc(Nc3ccc(C(=O)N4CCNCC4)cc3)nc12,8.301029995663981,459.2382731680001,6,3,2.623100000000001,True
CHEMBL3892881,CDK9,5.0,nM,CS(=N)(=O)Cc1cccc(Nc2ncc(F)c(-c3ccc(F)cc3OCc3ccc(F)cc3)n2)c1,8.301029995663981,498.133731572,6,2,6.060070000000004,True
CHEMBL562754,CDK1,5.0,nM,C[C@@H]1CNc2c(sc3ccc4c(c23)CCO4)C(=O)N1,8.301029995663981,274.077598688,4,2,2.38,True
CHEMBL3109950,CDK2,5.0,nM,CN(C)S(=O)(=O)c1ccc(Nc2cc3[nH]c(-c4cn[nH]c4)cc3cn2)cc1,8.301029995663981,382.12119481600007,5,3,2.946900000000001,True
CHEMBL72509,CDK2,5.0,nM,Clc1cccc(Nc2nccc(-c3cnc4ccccn34)n2)c1,8.301029995663981,321.078123064,4,1,4.188300000000003,True
CHEMBL4741442,CDK9,5.0,nM,C[C@H](CO)Nc1nc(Nc2ccc(S(N)(=O)=O)cc2)ncc1Br,8.301029995663981,401.015722472,7,4,1.4227999999999996,True
CHEMBL440411,CDK1,5.0,nM,O=C1Nc2ccc(S(=O)(=O)O)cc2/C1=C1/Nc2ccccc2/C1=N\O,8.301029995663981,357.041941452,6,4,1.9004999999999999,True
CHEMBL70824,CDK2,5.0,nM,CN(C)CCCN(C)S(=O)(=O)c1ccc(Nc2nccc(-c3cnc4ccccn34)n2)cc1,8.301029995663981,465.19469410400006,7,1,3.1071000000000017,True
CHEMBL5195030,CDK2,5.0,nM,CC[C@@H](Nc1nc(NCc2cnc(C)cc2C)c2ncn(C(C)C)c2n1)[C@H](C)O,8.301029995663981,397.259008612,7,3,3.6024400000000028,True
CHEMBL3354186,CDK2,5.0,nM,COC1CCN(c2nccc(Nc3cc4[nH]c(-c5cn[nH]c5)cc4cn3)n2)CC1,8.301029995663981,390.19165732400006,7,3,3.101800000000001,True
CHEMBL79498,CDK2,5.0,nM,O=C1Nc2ccc(F)c3c(S[C@H]4CCNC4)cc(-c4ccc[nH]4)c1c23,8.301029995663981,353.099811352,3,3,3.9937000000000022,True
CHEMBL5857638,CDK4,5.0,nM,Fc1cnc(Nc2ccc3c(n2)CCNC3)nc1-c1cc(F)c2c(c1)N(C1CCCC1)CCO2,8.301029995663981,464.21361589199995,7,2,4.347500000000003,True
CHEMBL123368,CDK2,5.0,nM,NS(=O)(=O)c1cccc(Nc2nc(OCC3CCCCC3)c3nc[nH]c3n2)c1,8.301029995663981,402.1474095640001,7,3,2.7030000000000003,True
CHEMBL102926,CDK1,5.0,nM,Cc1nc2ccccn2c1-c1ccnc(Nc2ccc(OCC(O)CN(C)C)cc2)n1,8.301029995663981,418.211724072,7,2,3.1446200000000015,True
CHEMBL72548,CDK2,5.0,nM,CN(C)CCNS(=O)(=O)c1ccc(Nc2nccc(-c3cnc4ccccn34)n2)cc1,8.301029995663981,437.16339397600007,7,2,2.3748000000000005,True
CHEMBL3698749,CDK4,5.1,nM,F[C@@H]1CCN(c2ccc(Nc3ncc4c5ccncc5n(C5CCCC5)c4n3)nn2)C1,8.292429823902063,418.2029709560001,7,1,4.176400000000002,True
CHEMBL3641992,CDK6,5.1,nM,C[C@H](CO)NC1CCN(c2ccc(Nc3ncc4c5ccncc5n(C5CCCC5)c4n3)nc2)CC1,8.292429823902063,486.2855577080001,8,3,4.172400000000003,True
CHEMBL3642014,CDK6,5.1,nM,OCCNC1CCN(c2ccc(Nc3ncc4c5ccncc5n(C5CCCC5)c4n3)nc2)CC1,8.292429823902063,472.26990764400006,8,3,3.783900000000002,True
CHEMBL3698659,CDK6,5.1,nM,c1cc2c3cnc(Nc4ccc(N5CCNCC5)cn4)nc3n(C3CC4CCC3C4)c2cn1,8.292429823902063,440.243692896,7,2,3.8888000000000025,True
CHEMBL3642032,CDK6,5.1,nM,O=C(O)CNC1CCN(c2ccc(Nc3ncc4c5ccncc5n(C5CCCC5)c4n3)nc2)CC1,8.292429823902063,486.2491722000001,8,3,3.8762000000000016,True
CHEMBL5894670,CDK6,5.17,nM,Cc1nc2c(F)cc(-c3nc(Nc4ccc5c(n4)CCN(C(=O)NCCO)C5)ncc3F)cc2n1C(C)C,8.286509456906057,522.230328576,7,3,3.859420000000002,True
CHEMBL3698689,CDK4,5.2,nM,Fc1cncc2c1c1cnc(Nc3ccc(N4CCNCC4)cn3)nc1n2C1CCCC1,8.2839966563652,432.2186210200001,7,2,3.781900000000002,True
CHEMBL3642010,CDK4,5.2,nM,CCN(CCO)C1CCN(c2ccc(Nc3ncc4c5ccncc5n(C5CCCC5)c4n3)nn2)CC1,8.2839966563652,501.29645674000017,9,2,3.9112000000000027,True
CHEMBL4205366,CDK4,5.2,nM,CCN1CCN(Cc2ccc(Nc3cc(-c4cc(F)c5nc(C)n(C(C)C)c5c4)ccn3)nn2)CC1,8.2839966563652,488.2812212760001,7,1,4.797820000000004,True
CHEMBL3698668,CDK4,5.3,nM,CC1(n2c3cnccc3c3cnc(Nc4ccc(N5CCNCC5)cn4)nc32)CCC1,8.275724130399212,414.228042832,7,2,3.426800000000002,True
CHEMBL3702159,CDK6,5.3,nM,c1cc2c3cnc(Nc4ccc(C5CCNCC5)cn4)nc3n(C3CCCC3)c2cn1,8.275724130399212,413.2327938640001,6,2,4.700200000000003,True
CHEMBL3702065,CDK6,5.3,nM,CN(C)C1CC2CCC(C1)N2c1ccc(Nc2ncc3c4ccncc4n(C4CCCC4)c3n2)nc1,8.275724130399212,482.2906430880001,7,1,5.294600000000005,True
CHEMBL3702121,CDK4,5.3,nM,CCOC(=O)CN1CCN(Cc2ccc(Nc3ncc4c5ccncc5n(C5CCCC5)c4n3)nc2)CC1,8.275724130399212,514.2804723280001,9,1,3.9139000000000026,True
CHEMBL3702035,CDK4,5.3,nM,CN(C)C1CCN(c2ccc(Nc3ncc4c5cc[nH]c(=O)c5n(C5CCCC5)c4n3)nn2)CC1,8.275724130399212,473.26515661200006,8,2,3.451900000000002,True
CHEMBL3698697,CDK4,5.4,nM,O=S1(=O)CCN(c2ccc(Nc3ncc4c5ccncc5n(C5CCCC5)c4n3)nc2)CC1,8.267606240177031,463.1790440400001,8,1,3.4680000000000026,True
CHEMBL319467,CDK2,5.4,nM,NS(=O)(=O)c1ccc(Nc2nc(OCC3CCCCC3)c3nc[nH]c3n2)cc1,8.267606240177031,402.1474095640001,7,3,2.7030000000000003,True
CHEMBL3702065,CDK4,5.4,nM,CN(C)C1CC2CCC(C1)N2c1ccc(Nc2ncc3c4ccncc4n(C4CCCC4)c3n2)nc1,8.267606240177031,482.2906430880001,7,1,5.294600000000005,True
CHEMBL4876497,CDK9,5.41,nM,Cc1n[nH]c2ccc(-c3cc(N[C@@H](CO)c4ccccc4)cnc3Cl)cc12,8.26680273489343,378.12473890800004,4,3,4.7322200000000025,True
CHEMBL5839538,CDK6,5.46,nM,Cc1nc2c(F)cc(-c3nc(Nc4ccc5c(n4)CCN(C(=O)CCN(C)C)C5)ncc3F)cc2n1C1CC1,8.262807357295262,532.2510640200001,7,1,4.389820000000004,True
CHEMBL3691622,CDK4,5.5,nM,CN(C)C(=O)c1cc2cnc(Nc3ccc(N4C[C@H]5CNC[C@H]5C4=O)cn3)nc2n1C1CCCC1,8.259637310505756,474.24917220000003,7,2,2.568999999999999,True
CHEMBL3691676,CDK4,5.5,nM,CN(C)C(=O)c1cc2cnc(Nc3ccc(N4C[C@H]5CC[C@@H](CC4=O)N5C)cn3)nc2n1C1CCCC1,8.259637310505756,502.2804723280001,7,1,3.5863000000000023,True
CHEMBL3698662,CDK4,5.5,nM,CC(C)(C)n1c2cnccc2c2cnc(Nc3ccc(N4CCNCC4)cn3)nc21,8.259637310505756,402.2280428320001,7,2,3.282700000000001,True
CHEMBL3691612,CDK4,5.5,nM,CN(C)C(=O)c1cc2cnc(Nc3ccc(C(=O)N4CC[C@@H]5CC[C@H](C4)N5)cn3)nc2n1C1CCCC1,8.259637310505756,502.2804723280001,7,2,3.353300000000001,True
CHEMBL3702196,CDK4,5.5,nM,C[C@@H](CO)Nc1ccc(Nc2ncc3c4ccncc4n(C4CCCC4)c3n2)nn1,8.259637310505756,404.20730738800006,8,3,3.4209000000000014,True
CHEMBL3698747,CDK4,5.5,nM,c1cc2c3cnc(Nc4ccc(N5CCCNCC5)nn4)nc3n(C3CCCC3)c2cn1,8.259637310505756,429.2389418640001,8,2,3.427900000000002,True
CHEMBL3691607,CDK4,5.5,nM,CN(C)C(=O)c1cc2cnc(Nc3ccc(C(=O)N4CC5CCC(C4)N5)cn3)nc2n1C1CCCCC1,8.259637310505756,502.2804723280001,7,2,3.353300000000001,True
CHEMBL5843019,CDK4,5.5,nM,CC(C)N1CCOc2c(F)cc(-c3nc(Nc4ccc(C(N)=O)cn4)ncc3F)cc21,8.259637310505756,426.16158032000004,7,2,3.2665000000000006,True
CHEMBL3691580,CDK4,5.5,nM,CN(C)C(=O)c1cc2cnc(Nc3ccc(C(=O)N4CC5CCC(C4)N5)cn3)nc2n1[C@H]1CC[C@H](C(C)(C)C)CC1,8.259637310505756,558.3430725840001,7,2,4.625500000000003,True
CHEMBL4095226,CDK2,5.5,nM,Nc1nccc(-c2c[nH]c3ncc(-c4ccc(F)cc4)cc23)n1,8.259637310505756,305.107673604,4,2,3.408200000000001,True
CHEMBL3702073,CDK4,5.5,nM,OCCN1CCN(c2ccc(Nc3ncc4c5ccnc(Cl)c5n(C5CCCC5)c4n3)nc2)CC1,8.259637310505756,492.2152852280001,8,2,4.000900000000002,True
CHEMBL5757213,CDK6,5.51,nM,Cc1nc2c(F)cc(-c3nc(Nc4ccc5c(n4)CCN(CCCN(C)C)C5)ncc3F)cc2n1C1CC1,8.258848401148216,518.2717994640001,7,1,4.8632200000000045,True
CHEMBL1964242,CDK2,5.6,nM,O=C1Nc2ccc3ncsc3c2/C1=C/Nc1ccc(S(=O)(=O)NCc2ccccc2)cc1,8.2518119729938,462.08203243599996,6,3,4.179900000000003,True
CHEMBL1964253,CDK2,5.6,nM,CN(c1ccccn1)S(=O)(=O)c1ccc(N/C=C2\C(=O)Nc3ccc4ncsc4c32)cc1,8.2518119729938,463.077281404,7,2,3.9215000000000018,True
CHEMBL3698720,CDK4,5.6,nM,N[C@@H]1CCN(c2cnc(Nc3ncc4c5ccncc5n(C5CCCC5)c4n3)cn2)C1,8.2518119729938,415.2232918000001,8,2,3.1656000000000013,True
CHEMBL5762588,CDK6,5.6,nM,Cc1nc2c(F)cc(-c3nc(Nc4ccc5c(n4)CCN(CC(C)(C)N)C5)ncc3F)cc2n1C1CC1,8.2518119729938,504.2561494000001,7,2,4.648820000000003,True
CHEMBL3702079,CDK4,5.6,nM,CC(C)(O)CN1CCN(c2ccc(Nc3ncc4c5ccnc(F)c5n(C5CCCC5)c4n3)nc2)CC1,8.2518119729938,504.27613589600014,8,2,4.265200000000004,True
CHEMBL3702157,CDK4,5.6,nM,C1=C(c2ccc(Nc3ncc4c5ccncc5n(C5CCCC5)c4n3)nn2)CCNC1,8.2518119729938,412.2123927680001,7,2,4.004900000000001,True
CHEMBL3698733,CDK4,5.6,nM,OCC1CCN(c2ccc(Nc3ncc4c5ccncc5n(C5CCCC5)c4n3)nn2)CC1,8.2518119729938,444.2386075160001,8,2,3.8369000000000026,True
CHEMBL248891,CDK1,5.6,nM,COCc1cccc2[nH]c(-c3n[nH]c4ncc(-c5cncc6ccccc56)cc34)nc12,8.2518119729938,406.154209196,5,2,4.862800000000003,True
CHEMBL1964245,CDK2,5.6,nM,CNS(=O)(=O)c1ccc(N/C=C2\C(=O)Nc3ccc4ncsc4c32)cc1,8.2518119729938,386.050732308,6,3,2.6095000000000006,True
CHEMBL4214123,CDK4,5.6,nM,Cc1nc2c(F)cc(-c3cc(Nc4cnc(CN5CCN(CC(F)(F)F)CC5)cn4)ncn3)cc2n1C(C)C,8.2518119729938,543.2482048080002,8,1,4.735220000000004,True
CHEMBL3698683,CDK6,5.6,nM,c1cc2c3cnc(Nc4ccc(N5CCCNCC5)cn4)nc3n(C3CCCC3)c2cn1,8.2518119729938,428.2436928960001,7,2,4.032900000000002,True
CHEMBL4445727,CDK6,5.67,nM,CCn1c(C)nc2c(F)cc(-c3nc(Nc4ccc5c(n4)CCN(CCN(C)C)C5)ncc3F)cc21,8.246416941107093,492.2561494000001,7,1,4.158120000000003,True
CHEMBL4209318,CDK4,5.7,nM,CC1CCc2nc3c(F)cc(-c4nc(Nc5ccc(CN6CCN(C)CC6)cn5)ncc4F)cc3n21,8.244125144327509,490.2404993360001,7,1,4.164700000000003,True
CHEMBL1234086,CDK2,5.7,nM,CNS(=O)(=O)Cc1ccc(N/N=C2\C(=O)Nc3ccc4ncsc4c32)cc1,8.244125144327509,401.06163134,7,3,2.1137999999999995,True
CHEMBL3642033,CDK6,5.7,nM,O=C(O)CNC1CCN(c2ccc(Nc3ncc4c5ccncc5n(C5CCCC5)c4n3)nn2)CC1,8.244125144327509,487.24442116800014,9,3,3.271200000000001,True
CHEMBL4210707,CDK4,5.7,nM,CC1(C)CCc2nc3c(F)cc(-c4nc(Nc5ccc(CN6CCN(CCF)CC6)cn5)ncc4F)cc3n21,8.244125144327509,536.2623776520002,7,1,4.678500000000004,True
CHEMBL6008170,CDK6,5.7,nM,CS(=O)(=O)c1cc2cnc(Nc3ccc(N4CCNCC4)cn3)nc2n1C1CCCC1,8.244125144327509,441.1946941040001,8,2,2.4981,True
CHEMBL3698664,CDK6,5.7,nM,C[C@@H](C1CCCCC1)n1c2cnccc2c2cnc(Nc3ccc(N4CCNCC4)cn3)nc21,8.244125144327509,456.2749930240001,7,2,4.669000000000004,True
CHEMBL5878959,CDK6,5.7,nM,Fc1cnc(Nc2ccc(N3CCNCC3)cn2)nc1-c1cc(F)c2c(c1)NCCO2,8.244125144327509,425.177564732,8,3,2.7743,True
CHEMBL3641995,CDK6,5.7,nM,C[C@H](O)CNC1CCN(c2ccc(Nc3ncc4c5ccncc5n(C5CCCC5)c4n3)nn2)CC1,8.244125144327509,487.28080667600017,9,3,3.567400000000002,True
CHEMBL3642024,CDK4,5.7,nM,CC(C)NC1CCN(c2ccc(Nc3ncc4c5ccncc5n(C5CCCC5)c4n3)nc2)CC1,8.244125144327509,470.2906430880001,7,2,5.200000000000005,True
CHEMBL1964260,CDK2,5.7,nM,CS(=O)(=O)c1ccc(N/C=C2\C(=O)Nc3ccc4ncsc4c32)cc1,8.244125144327509,371.0398332760001,6,2,3.1049000000000007,True
CHEMBL5784667,CDK6,5.78,nM,Cc1nc2c(F)cc(-c3nc(Nc4ccc5c(n4)CCN(C(=O)C(C)N(C)C)C5)ncc3F)cc2n1C(C)C,8.23807216157947,534.2667140840001,7,1,4.634220000000004,True
CHEMBL3702053,CDK6,5.8,nM,CCN(CC)C1CCN(c2ccc(Nc3ncc4c5ccncc5n(C5CCCC5)c4n3)nn2)CC1,8.236572006437063,485.30154212000014,8,1,4.938800000000004,True
CHEMBL3641996,CDK4,5.8,nM,CN(CCO)C1CCN(c2ccc(Nc3ncc4c5ccncc5n(C5CCCC5)c4n3)nn2)CC1,8.236572006437063,487.28080667600017,9,2,3.5211000000000023,True
CHEMBL4214123,CDK6,5.8,nM,Cc1nc2c(F)cc(-c3cc(Nc4cnc(CN5CCN(CC(F)(F)F)CC5)cn4)ncn3)cc2n1C(C)C,8.236572006437063,543.2482048080002,8,1,4.735220000000004,True
CHEMBL4438497,CDK6,5.89,nM,Cc1nc2c(F)cc(-c3nc(Nc4ccc5c(n4)CCN(CCN(C)C(N)=S)C5)ncc3F)cc2n1C(C)C,8.229884705212898,551.239119432,7,2,4.332920000000002,True
CHEMBL3971812,CDK6,5.9,nM,OC1CCC(n2c3cnccc3c3cnc(Nc4ccc(N5CCNCC5)cn4)nc32)CC1,8.229147988357855,444.2386075160001,8,3,3.003700000000001,True
CHEMBL6144286,CDK9,5.9,nM,Cn1cc(-c2c(Cl)cnc3[nH]c(C4CCNCC4)cc23)cn1,8.229147988357855,315.125073256,3,2,3.083800000000001,True
CHEMBL4755696,CDK9,5.9,nM,CC(C)N1c2cc(Nc3nccc(-c4cccc(N)c4)n3)ccc2N(C)C(=O)[C@H]1C,8.229147988357855,402.216809452,6,2,4.049100000000002,True
CHEMBL3698707,CDK4,5.9,nM,c1cc2c3cnc(Nc4ccc(N5CCC(N6CCCC6)CC5)cn4)nc3n(C3CCCC3)c2cn1,8.229147988357855,482.2906430880001,7,1,5.297800000000005,True
CHEMBL3698742,CDK4,5.9,nM,CN1CCN(c2ccc(Nc3ncc4c5ccncc5n(C5CCCC5)c4n3)nn2)CC1,8.229147988357855,429.2389418640001,8,1,3.3800000000000017,True
CHEMBL3702194,CDK4,5.9,nM,C[C@H](O)CNc1ccc(Nc2ncc3c4ccncc4n(C4CCCC4)c3n2)nn1,8.229147988357855,404.20730738800006,8,3,3.4209000000000014,True
CHEMBL5991757,CDK4,6.0,nM,CC(C)N1C(=O)COc2c(F)cc(-c3nc(Nc4ccc(N5CCNCC5)cn4)ncc3F)cc21,8.221848749616356,481.2037794800001,8,2,3.1038000000000006,True
CHEMBL3644024,CDK2,6.0,nM,CC(C)S(=O)(=O)c1ccc(Nc2ncc(C(F)(F)F)c(O[C@H](C)[C@@H](C)O)n2)cc1,8.221848749616356,433.128311844,7,2,3.569200000000002,True
CHEMBL4448572,CDK9,6.0,nM,COCCNC(=O)Nc1nc2cc(OS(=O)(=O)c3c(F)cccc3F)ccc2[nH]1,8.221848749616356,426.080947052,6,3,2.3766999999999996,True
CHEMBL520353,CDK2,6.0,nM,Cc1ncc(-c2ccnc(Nc3ccc(S(=O)(=O)NCCCOC(C)C)cc3)n2)n1C,8.221848749616356,444.19435975600004,7,2,3.022520000000001,True
CHEMBL1241567,CDK2,6.0,nM,CCCCOc1c(C(=O)c2c(F)cc(C)cc2F)ccc2[nH]ncc12,8.221848749616356,344.13363425600005,3,1,4.559420000000003,True
CHEMBL5946157,CDK4,6.0,nM,CC(C)N1CCOc2c(F)cc(-c3nc(Nc4ccc(S(N)(=O)=O)cc4)ncc3F)cc21,8.221848749616356,461.133316972,7,2,3.420000000000001,True
CHEMBL476993,CDK2,6.0,nM,Cc1ncc(-c2nc(Nc3ccc(N4CCN(C(=O)CO)CC4)cc3)ncc2F)n1C(C)C,8.221848749616356,453.228851356,7,2,2.753020000000001,True
CHEMBL3959867,CDK9,6.0,nM,CCOc1cc(F)ccc1-c1nc(Nc2cc(F)cc(CS(C)(=N)=O)c2)ncc1F,8.221848749616356,436.11808150800005,6,2,4.879770000000003,True
CHEMBL103355,CDK2,6.0,nM,Cc1ccc(F)c(Nc2ccnc(Nc3ccc(S(N)(=O)=O)cc3)n2)c1,8.221848749616356,373.100873972,6,3,3.05872,True
CHEMBL6052625,CDK6,6.0,nM,CN1CCOc2c(F)cc(-c3nc(Nc4ccc(N5CCNCC5)c(F)c4)ncc3F)cc21,8.221848749616356,456.1885440160001,7,2,3.5427000000000017,True
CHEMBL3648114,CDK2,6.0,nM,CN=S(C)(=O)c1ccc(Nc2ncc(Br)c(N[C@H](C)[C@H](C)O)n2)cc1OC,8.221848749616356,457.078322728,8,3,3.259000000000002,True
CHEMBL5822013,CDK4,6.0,nM,CC(C)N1CCOc2c(F)cc(-c3nc(Nc4cnn(C5CCN(C)CC5)c4)ncc3F)cc21,8.221848749616356,469.24016498800006,7,1,4.235800000000003,True
CHEMBL3702124,CDK4,6.0,nM,O=C(c1ccc(Nc2ncc3c4ccnc(F)c4n(C4CCCC4)c3n2)nc1)N1CCNCC1,8.221848749616356,460.21353564000015,7,2,3.417700000000001,True
CHEMBL5199065,CDK9,6.0,nM,CCC(CC)c1cc(N[C@H]2CC[C@H](N)C2)n2nccc2n1,8.221848749616356,287.21099580000003,4,2,2.9246000000000008,True
CHEMBL2029901,CDK1,6.0,nM,CN1CCN(C(=O)c2cc(Nc3ncc4cc(C#N)n(C5CCCC5)c4n3)cn2C)CC1,8.221848749616356,432.23860751600006,6,1,2.887780000000001,True
CHEMBL460103,CDK2,6.0,nM,Cc1ncc(-c2nc(Nc3ccc(C(=O)N4CC[C@@H](N(C)C)C4)cc3)ncc2F)n1C(C)C,8.221848749616356,451.24958680000003,6,1,3.888220000000003,True
CHEMBL3648119,CDK2,6.0,nM,COC[C@H](Nc1nc(Nc2ccc(S(C)(=N)=O)cc2)ncc1Br)[C@H](C)O,8.221848749616356,443.06267266399993,8,4,2.8258700000000014,True
CHEMBL468963,CDK4,6.0,nM,CN1CCN(c2ccc(Nc3nccc(-c4cnn5ncccc45)n3)cc2C(F)(F)F)CC1,8.221848749616356,454.18412733200006,7,1,3.7005000000000026,True
CHEMBL5207871,CDK9,6.0,nM,CC(C)n1cc(-c2ccnc3[nH]c(C4CCN(CC(=O)N5CCCC5)CC4)cc23)ccc1=O,8.221848749616356,447.263425296,4,1,3.774300000000003,True
CHEMBL4589249,CDK9,6.0,nM,COc1cc(F)ccc1-c1cc(Nc2cc(C[S@](C)(=N)=O)ccn2)ncc1F,8.221848749616356,404.1118532560001,6,2,4.350570000000003,True
CHEMBL191003,CDK1,6.0,nM,Nc1nc(Nc2ccc(S(N)(=O)=O)cc2)nn1C(=O)c1c(F)cccc1F,8.221848749616356,394.065965684,7,3,1.217999999999999,True
CHEMBL3691623,CDK4,6.0,nM,CN(C)C(=O)c1cc2cnc(Nc3ccc(N4C[C@@H]5CNC[C@@H]5C4=O)cn3)nc2n1C1CCCC1,8.221848749616356,474.24917220000003,7,2,2.568999999999999,True
CHEMBL6147551,CDK6,6.0,nM,CC(=O)N1CCC2(CC1)CC(=O)c1ccc(-c3nc(Nc4ccc(N5CCN(CC6CC6)CC5)cn4)ncc3F)cc1O2,8.221848749616356,585.2863662320001,9,1,4.299600000000003,True
CHEMBL3949630,CDK9,6.0,nM,COc1cc(F)ccc1-c1nc(Nc2cc(F)cc(CS(=O)(=NC#N)C3CC3)c2)ncc1F,8.221848749616356,473.11333047600004,7,1,4.924580000000004,True
CHEMBL3673545,CDK9,6.0,nM,O=C(CO)N1CCC(c2cc3c(-c4nc(NCc5cccc(F)c5)c(F)cc4F)ccnc3[nH]2)CC1,8.221848749616356,495.188209668,5,3,4.3526000000000025,True
CHEMBL383961,CDK4,6.0,nM,O=c1c2cccc3c2sn1CCNCCOc1cccc2nc(O)c-3nc12,8.221848749616356,380.09431137200005,7,2,2.3608000000000007,True
CHEMBL3691629,CDK4,6.0,nM,CN(C)C(=O)c1cc2cnc(Nc3ccc(N4C[C@@H]5CNC[C@@H]5CC4=O)cn3)nc2n1C1CCCC1,8.221848749616356,488.26482226400003,7,2,2.9591000000000003,True
CHEMBL3691628,CDK4,6.0,nM,CN(C)C(=O)c1cc2cnc(Nc3ccc(N4C[C@H]5CNC[C@H]5CC4=O)cn3)nc2n1C1CCCC1,8.221848749616356,488.26482226400003,7,2,2.9591000000000003,True
CHEMBL386467,CDK4,6.0,nM,O=c1c2cccc(-c3nc4ccccc4nc3O)c2sn1C1CCCC1,8.221848749616356,363.1041477840001,5,1,4.493900000000002,True
CHEMBL5961010,CDK4,6.0,nM,CC(C)N1CCOc2c(F)cc(-c3nc(Nc4ccc(N5CCNCC5)c(C#N)c4)ncc3F)cc21,8.221848749616356,491.2245149240001,8,2,4.053880000000002,True
CHEMBL510436,CDK2,6.0,nM,Cc1ncc(-c2ccnc(Nc3ccc(C(=O)N(C)C)c(F)c3)n2)n1C(C)C,8.221848749616356,382.1917375760001,5,1,3.813920000000003,True
CHEMBL3644032,CDK2,6.0,nM,C[C@@H](O)[C@@H](C)Oc1nc(Nc2ccc(S(=O)(=O)C3CC3)cc2)ncc1C(F)(F)F,8.221848749616356,431.11266178,7,2,3.3232000000000017,True
CHEMBL3648072,CDK2,6.0,nM,C[C@@H](Nc1nc(Nc2ccc(S(C)(=N)=O)cc2)ncc1Br)C(C)(C)O,8.221848749616356,427.067758044,7,4,3.5894700000000026,True
CHEMBL291324,CDK1,6.0,nM,Nc1nc(N)c(N=O)c(=O)[nH]1,8.221848749616356,155.0443244,6,3,-0.6678000000000004,True
CHEMBL5195947,CDK9,6.0,nM,COc1cc(F)ccc1-c1ccnc2[nH]c(C3CCN(CC(=O)N(C)C)CC3)cc12,8.221848749616356,410.211804324,4,1,3.6452000000000027,True
CHEMBL488436,CDK2,6.0,nM,Cc1ncc(-c2ccnc(Nc3ccc(S(C)(=O)=O)cc3)n2)n1C(C)C,8.221848749616356,371.14159591200007,6,1,3.376520000000002,True
CHEMBL23254,CDK2,6.0,nM,CC(C)[C@H](CO)Nc1nc(Nc2ccc(C(=O)O)c(Cl)c2)c2ncn(C(C)C)c2n1,8.221848749616356,432.1676663400001,7,4,3.9312000000000022,True
CHEMBL5974817,CDK4,6.0,nM,CC(C)N1CCOc2c(F)cc(-c3nc(Nc4ccc(N5CCNCC5)cc4F)ncc3F)cc21,8.221848749616356,484.2198441440001,7,2,4.321300000000003,True
CHEMBL3691556,CDK4,6.0,nM,CN(C)C(=O)c1cc2cnc(Nc3ccc(C(=O)N4CC5CC(C4)N(C)C5)cn3)nc2n1C1CCCC1,8.221848749616356,502.2804723280001,7,1,3.1629000000000005,True
CHEMBL73243,CDK1,6.0,nM,COCCCNS(=O)(=O)c1ccc(Nc2nccc(-c3cnc4ccccn34)n2)cc1,8.221848749616356,438.1474095640001,7,2,2.8497000000000012,True
CHEMBL3917892,CDK9,6.0,nM,CCS(=N)(=O)Cc1cc(F)cc(Nc2ncc(F)c(-c3ccc(F)cc3OC)n2)c1,8.221848749616356,436.118081508,6,2,4.879770000000003,True
CHEMBL6020156,CDK2,6.02,nM,Cc1nc2c(F)cc(-c3nc(Nc4ccc5c(n4)CCN(C/C=N/O)C5)ncc3F)cc2n1C(C)C,8.220403508742175,492.21976389200006,8,2,4.617520000000003,True
CHEMBL4856767,CDK9,6.04,nM,Cc1n[nH]c2ccc(-c3cncc(N[C@@H](CO)c4ccccc4)n3)cc12,8.218963061378869,345.15896022800007,5,3,3.473820000000001,True
CHEMBL3698721,CDK4,6.1,nM,c1cc2c3cnc(Nc4ccc(N[C@@H]5CCNC5)nn4)nc3n(C3CCCC3)c2cn1,8.214670164989233,415.2232918000001,8,3,3.402000000000002,True
CHEMBL3698665,CDK6,6.1,nM,c1cc2c3cnc(Nc4ccc(N5CCNCC5)cn4)nc3n(C3CCC3)c2cn1,8.214670164989233,400.21239276800003,7,2,3.2527000000000017,True
CHEMBL5751375,CDK6,6.14,nM,Cc1nc2c(F)cc(-c3nc(Nc4ccc5c(n4)CCNC5)ncc3F)cc2n1CC1CC1,8.211831628858832,447.1983001760001,6,2,4.274220000000003,True
CHEMBL5789562,CDK6,6.14,nM,Cc1nc2c(F)cc(-c3nc(Nc4ccc5c(n4)CCN(C(=O)[C@H]4CCCN4C)C5)ncc3F)cc2n1C1CC1,8.211831628858832,544.2510640200002,7,1,4.532320000000004,True
CHEMBL3642038,CDK4,6.2,nM,CN(C)C1CN(c2ccc(Nc3ncc4c5ccncc5n(C5CCCC5)c4n3)nn2)CCC1O,8.207608310501746,473.26515661200006,9,2,3.1294000000000017,True
CHEMBL3702071,CDK6,6.2,nM,c1cc2c3cnc(Nc4nc(CN5CCNCC5)cs4)nc3n(C3CCCC3)c2cn1,8.207608310501746,434.20011383200006,8,2,3.699900000000002,True
CHEMBL3698730,CDK4,6.2,nM,c1cc2c3cnc(Nc4ccc(NCC5COCCN5)nn4)nc3n(C3CCCC3)c2cn1,8.207608310501746,445.2338564840001,9,3,3.0285,True
CHEMBL5941223,CDK6,6.23,nM,Cc1nc2c(F)cc(-c3nc(Nc4ccc5c(n4)CCNC5)ncc3F)cc2n1C1CCC(C)CC1,8.20551195334083,489.2452503680001,6,2,5.615420000000004,True
CHEMBL6038282,CDK6,6.24,nM,Cc1nc2c(F)cc(-c3nc(Nc4ccc5c(n4)CCN(C(=O)[C@@H]4CCCN4)C5)ncc3F)cc2n1C1CC1,8.204815410317575,530.2354139560001,7,2,4.190120000000003,True
CHEMBL4449998,CDK6,6.26,nM,Cc1nc2c(F)cc(-c3nc(Nc4ccc5c(n4)CCN(CCN(C)C)C5)ncc3F)cc2n1CC1CC1,8.20342566678957,518.2717994640001,7,1,4.548220000000004,True
CHEMBL3642001,CDK6,6.3,nM,OCC(CO)NC1CCN(c2ccc(Nc3ncc4c5ccncc5n(C5CCCC5)c4n3)nn2)CC1,8.200659450546418,503.27572129600014,10,4,2.5397999999999996,True
CHEMBL3684992,CDK4,6.3,nM,C[C@H]1CC[C@H](n2c3cnccc3c3cnc(Nc4ccc5c(n4)CN(C(=O)CO)CC5)nc32)CC1,8.200659450546418,471.23827316800003,7,2,3.7463000000000015,True
CHEMBL5787921,CDK6,6.36,nM,CN[C@H](C)C(=O)N1CCc2nc(Nc3ncc(F)c(-c4cc(F)c5nc(C)n(C6CC6)c5c4)n3)ccc2C1,8.196542884351587,518.2354139560001,7,2,4.046020000000002,True
CHEMBL3702047,CDK6,6.4,nM,CCN1CCN(c2ccc(Nc3ncc4c5ccncc5n(C5CCCC5)c4n3)nc2)CC1,8.193820026016112,442.25934296,7,1,4.375100000000003,True
CHEMBL4562323,CDK2,6.4,nM,CC(C)c1cnn2c(NCc3ccccc3-n3cccn3)nc(OC3CCCNC3)nc12,8.193820026016112,432.23860751600006,7,2,3.1763000000000012,True
CHEMBL215803,CDK4,6.4,nM,C[C@@H]1C[C@H]2CN1CCn1nc3c(cccc3c1O)-c1nc3c(cccc3nc1O)O2,8.193820026016112,403.164439532,7,2,2.912900000000001,True
CHEMBL3698716,CDK4,6.4,nM,c1cc2c3cnc(Nc4cnc(N5CCCNCC5)cn4)nc3n(C3CCCC3)c2cn1,8.193820026016112,429.2389418640001,8,2,3.427900000000002,True
CHEMBL3702095,CDK4,6.4,nM,OCCC1CCN(c2ccc(Nc3ncc4c5ccnc(F)c5n(C5CCCC5)c4n3)nc2)CC1,8.193820026016112,475.2495868000001,7,2,4.971100000000003,True
CHEMBL5763679,CDK6,6.44,nM,Cc1nc2c(F)cc(-c3nc(Nc4ccc5c(n4)CCN(C(=O)CN4CCOCC4)C5)ncc3F)cc2n1C(C)C,8.191114132640188,562.261628704,8,1,4.016320000000003,True
CHEMBL3691609,CDK4,6.5,nM,CN(C)C(=O)c1cc2cnc(Nc3ccc(C(=O)N4CC5CCC(C4)N5)cn3)nc2n1-c1ccc(C(C)(C)C#N)cc1,8.187086643357144,563.2757212960001,8,2,3.638480000000002,True
CHEMBL3691562,CDK4,6.5,nM,CN(C)C(=O)c1cc2cnc(Nc3ccc(C(=O)N4C[C@@H]5CC4CN5)cn3)nc2n1C1CCCC1,8.187086643357144,474.2491722000001,7,2,2.5730999999999993,True
CHEMBL3702168,CDK6,6.5,nM,Oc1ccc(-c2ccc(Nc3ncc4c5ccncc5n(C5CCCC5)c4n3)nn2)cn1,8.187086643357144,424.1760072600001,8,2,4.395800000000003,True
CHEMBL5992232,CDK4,6.5,nM,CC(C)N1CCOc2c(F)cc(-c3nc(Nc4ccc5c(c4)CC(N(C)C)C5)ncc3F)cc21,8.187086643357144,465.23401698800006,6,1,4.801400000000004,True
CHEMBL3698684,CDK6,6.5,nM,O=C(c1csc(Nc2ncc3c4ccncc4n(C4CCCC4)c3n2)n1)N1CCNCC1,8.187086643357144,448.1793783880001,8,2,3.3401000000000005,True
CHEMBL5865665,CDK9,6.58,nM,Cc1nc2c(F)cc(-c3nc(Nc4ccc5c(n4)CCNC5)ncc3F)cc2n1C(C)C1CC1,8.181774106386044,461.2139502400001,6,2,4.835220000000003,True
CHEMBL3698642,CDK6,6.6,nM,c1cc2c3cnc(Nc4ccc(N5CCNCC5)nn4)nc3n(C3CCCC3)c2cn1,8.18045606445813,415.2232918000001,8,2,3.0378000000000007,True
CHEMBL6002674,CDK2,6.68,nM,CNCCN1CCc2nc(Nc3ncc(F)c(-c4cc(F)c5nc(C)n(C(C)(C)C)c5c4)n3)ccc2C1,8.175223537524454,506.271799464,7,2,4.551020000000004,True
CHEMBL2158843,CDK2,6.7,nM,NS(=O)(=O)c1cccc(Nc2nccc(-c3ccnc(NCCCO)c3)n2)c1,8.173925197299173,400.13175950000004,8,4,1.7238999999999995,True
CHEMBL3698735,CDK4,6.7,nM,O[C@H]1CCCN(c2ccc(Nc3ncc4c5ccncc5n(C5CCCC5)c4n3)nn2)C1,8.173925197299173,430.2229574520001,8,2,3.5893000000000015,True
CHEMBL5971879,CDK9,6.74,nM,Cc1nc2c(F)cc(-c3nc(Nc4ccc5c(n4)CCN[C@H]5C)ncc3F)cc2n1C(C)(C)C,8.17134010346468,463.2296003040001,6,2,5.180220000000004,True
CHEMBL5903034,CDK9,6.74,nM,Cc1nc2c(F)cc(-c3nc(Nc4ccc5c(n4)CCN(CCN(C)CB(O)O)C5)ncc3F)cc2n1C(C)C,8.17134010346468,550.2787591360001,9,3,3.101320000000001,True
CHEMBL410072,CDK2,6.8,nM,CC(C)(CO)CNC(=O)c1ccc2c(c1)/C(=N/Nc1ccc(S(N)(=O)=O)cc1)C(=O)N2,8.167491087293763,445.141989836,7,5,0.8506,True
CHEMBL4208366,CDK4,6.8,nM,CCN1CCN(Cc2ccc(Nc3ncc(F)c(-c4cc(F)c5nc6n(c5c4)CCCC6)n3)nc2)CC1,8.167491087293763,504.2561494000001,7,1,4.383900000000003,True
CHEMBL3702195,CDK4,6.8,nM,C[C@H](CO)Nc1ccc(Nc2ncc3c4ccncc4n(C4CCCC4)c3n2)nn1,8.167491087293763,404.20730738800006,8,3,3.4209000000000014,True
CHEMBL3702141,CDK4,6.8,nM,c1cc2c3cnc(Nc4ccc(N5CCNCC5)cn4)cc3n(C3CCSC3)c2cn1,8.167491087293763,431.1892148,7,2,3.8107000000000024,True
CHEMBL3698747,CDK6,6.8,nM,c1cc2c3cnc(Nc4ccc(N5CCCNCC5)nn4)nc3n(C3CCCC3)c2cn1,8.167491087293763,429.2389418640001,8,2,3.427900000000002,True
CHEMBL3702191,CDK6,6.9,nM,CN(CCO)c1ccc(Nc2ncc3c4ccncc4n(C4CCCC4)c3n2)nn1,8.161150909262744,404.20730738800006,8,2,3.056700000000001,True
CHEMBL3702044,CDK4,6.9,nM,CC1(C)CN(c2ccc(Nc3ncc4c5ccncc5n(C5CCCC5)c4n3)nc2)CCN1,8.161150909262744,442.2593429600001,7,2,4.421400000000002,True
CHEMBL5991757,CDK6,6.9,nM,CC(C)N1C(=O)COc2c(F)cc(-c3nc(Nc4ccc(N5CCNCC5)cn4)ncc3F)cc21,8.161150909262744,481.2037794800001,8,2,3.1038000000000006,True
CHEMBL5754925,CDK6,6.91,nM,Cc1nc2c(F)cc(-c3nc(Nc4ccc5c(n4)CCN(C[C@@H](O)CN(C)C)C5)ncc3F)cc2n1C1CC1,8.160521952625801,534.2667140840001,8,2,3.8340200000000024,True
CHEMBL5873158,CDK9,6.94,nM,Cc1nc2c(F)cc(-c3nc(Nc4ccc5c(n4)CCNC5)ncc3F)cc2n1C(C)(C)C,8.158640529545146,449.2139502400001,6,2,4.619220000000003,True
CHEMBL3642011,CDK4,7.0,nM,OC1CCN(C2CCN(c3ccc(Nc4ncc5c6ccncc6n(C6CCCC6)c5n4)nn3)CC2)CC1,8.154901959985743,513.2964567400002,9,2,4.053700000000004,True
CHEMBL312726,CDK2,7.0,nM,NCCCc1cc(-c2ccc[nH]2)c2c3c(ccc(F)c13)NC2=O,8.154901959985743,309.127740352,2,3,3.431000000000001,True
CHEMBL3639469,CDK2,7.0,nM,Cc1cc(Nc2ncc(Br)c(N[C@H](C)C(C)(C)O)n2)ccc1S(C)(=N)=O,8.154901959985743,441.08340810799996,7,4,3.897890000000002,True
CHEMBL191336,CDK2,7.0,nM,OCCCNc1cc(-c2ncnc(Nc3cccc(Cl)c3)n2)ccn1,8.154901959985743,356.11523684400004,7,3,3.1249000000000002,True
CHEMBL4442620,CDK1,7.0,nM,C[C@@H](O)[C@@H](C)Oc1nc(Nc2ccc(S(=N)(=O)C3CC3)cc2)ncc1C(F)(F)F,8.154901959985743,430.1286461920001,7,3,3.9551700000000025,True
CHEMBL3642008,CDK4,7.0,nM,O[C@H]1CCCN(C2CCN(c3ccc(Nc4ncc5c6ccncc6n(C6CCCC6)c5n4)nn3)CC2)C1,8.154901959985743,513.2964567400002,9,2,4.053700000000004,True
CHEMBL3702221,CDK4,7.0,nM,CC[C@@H](C)n1c2cnccc2c2cnc(Nc3ccc(N4CCN[C@@H](C)C4)cn3)nc21,8.154901959985743,416.2436928960001,7,2,3.8872000000000027,True
CHEMBL5814705,CDK9,7.0,nM,CC(=O)N[C@@H]1CCC[C@H](C(=O)Nc2cc(-c3cnn4c3CC(C)(C)C4)ncn2)C1,8.154901959985743,396.22737413600004,5,2,2.5558000000000005,True
CHEMBL5938366,CDK1,7.0,nM,CC1C(=O)Nc2cc3cnc(Nc4ccc(S(N)(=O)=O)cc4)nc3n2C12CCCCC2,8.154901959985743,440.163059628,6,3,3.0699000000000014,True
CHEMBL3673532,CDK9,7.0,nM,Fc1cccc(COc2cncc(-c3ccnc4[nH]c(C5=CCNCC5)cc34)n2)c1,8.154901959985743,401.16518848000004,5,2,4.114700000000002,True
CHEMBL5624526,CDK4,7.0,nM,CCN1CCN(c2ccc(Nc3ncc(F)c(-c4cnc5cnn(C(C)C)c5c4)n3)cc2OC)CC1,8.154901959985743,490.2604858320001,8,1,4.502400000000003,True
CHEMBL6162969,CDK4,7.0,nM,CCN1CCN(c2ccc(Nc3ncc(F)c(-c4cnc5cnn(C(C)C)c5c4)n3)cc2F)CC1,8.154901959985743,478.2404993360001,7,1,4.632900000000003,True
CHEMBL3691671,CDK4,7.0,nM,CN(C)C(=O)c1cc2cnc(Nc3ccc(N4C[C@@H]5CC[C@H](CC4=O)N5)cn3)nc2n1C1CCC1,8.154901959985743,474.2491722000001,7,2,2.854,True
CHEMBL3916775,CDK9,7.0,nM,CNC(=O)N=S(C)(=O)Cc1cccc(Nc2ncc(F)c(-c3ccc(F)cc3OC)n2)c1,8.154901959985743,461.133316972,6,2,4.111200000000003,True
CHEMBL256558,CDK2,7.0,nM,Cc1ccc(CC(=O)Nc2n[nH]c3ccc(N4CCCS4(=O)=O)cc23)cc1,8.154901959985743,384.12561149999993,4,2,2.5924200000000006,True
CHEMBL495557,CDK2,7.0,nM,CC(C)(C)c1cnc(CSc2cnc(N[C@H]3CC[C@H](O)CC3)s2)o1,8.154901959985743,367.13881904,7,2,4.436300000000004,True
CHEMBL3691632,CDK4,7.0,nM,CN1C[C@H]2CN(c3ccc(Nc4ncc5cc(C(=O)N(C)C)n(C6CCCC6)c5n4)nc3)C(=O)[C@H]2C1,8.154901959985743,488.26482226400003,7,1,2.911200000000001,True
CHEMBL150261,CDK2,7.0,nM,N[C@H]1CC[C@H](Nc2nc(NCc3ccccc3)c3ncn(C4CCCC4)c3n2)CC1,8.154901959985743,405.264093992,6,3,4.235300000000003,True
CHEMBL360573,CDK2,7.0,nM,CN(C)S(=O)(=O)c1ccc(Nc2cc(N[C@H]3CC[C@H](N)CC3)nc3c(C#N)cnn23)cc1,8.154901959985743,454.1899430720001,8,3,2.27668,True
CHEMBL3648094,CDK2,7.0,nM,CCS(=N)(=O)c1ccc(Nc2ncc(Br)c(N[C@H](COC)[C@H](C)O)n2)cc1,8.154901959985743,457.078322728,8,4,3.2159700000000013,True
CHEMBL3648083,CDK2,7.0,nM,CN=S(C)(=O)c1ccc(Nc2ncc(Br)c(N[C@H](C)[C@H](C)O)n2)cc1,8.154901959985743,427.067758044,7,3,3.2504000000000017,True
CHEMBL3702145,CDK4,7.0,nM,CN(C)C1CCN(C(=O)Cc2ccc(Nc3ncc4c5ccncc5n(C5CCCC5)c4n3)nc2)CC1,8.154901959985743,498.2855577080001,7,1,4.328300000000003,True
CHEMBL3702158,CDK6,7.0,nM,C1=C(c2ccc(Nc3ncc4c5ccncc5n(C5CCCC5)c4n3)nc2)CCNC1,8.154901959985743,411.2171438000001,6,2,4.609900000000002,True
CHEMBL3648107,CDK1,7.0,nM,C[C@@H](Nc1nc(Nc2ccc(S(=N)(=O)CCO)cc2)ncc1Br)C(C)(C)O,8.154901959985743,457.07832272799993,8,5,2.9519700000000015,True
CHEMBL4282338,CDK1,7.0,nM,C[C@@H](O)[C@@H](C)Oc1nc(Nc2ccc([S@](=N)(=O)C3CC3)cc2)ncc1C(F)(F)F,8.154901959985743,430.1286461920001,7,3,3.9551700000000025,True
CHEMBL3702063,CDK4,7.0,nM,CCC(C)(C)n1c2cnccc2c2cnc(Nc3ccc(N4CCC(N(C)C)CC4)nn3)nc21,8.154901959985743,459.28589205600014,8,1,4.188600000000003,True
CHEMBL3648113,CDK1,7.0,nM,CN=S(C)(=O)c1ccc(Nc2ncc(Br)c(N[C@H](C)[C@@H](C)O)n2)cc1OC,8.154901959985743,457.078322728,8,3,3.259000000000002,True
CHEMBL402158,CDK2,7.0,nM,O=C(Cc1cccc(Br)c1)Nc1n[nH]c2ccc(N3CCCS3(=O)=O)cc12,8.154901959985743,448.02047350399994,4,2,3.046500000000001,True
CHEMBL402370,CDK2,7.0,nM,O=C(Cc1ccc(Br)cc1)Nc1n[nH]c2ccc(N3CCCS3(=O)=O)cc12,8.154901959985743,448.02047350399994,4,2,3.046500000000001,True
CHEMBL3648125,CDK2,7.0,nM,Cc1cc(Nc2ncc(Br)c(N[C@@H](C)C(C)(C)O)n2)ccc1S(C)(=N)=O,8.154901959985743,441.08340810799996,7,4,3.897890000000002,True
CHEMBL6033928,CDK9,7.0,nM,CC(=O)N[C@@H]1CCC[C@H](C(=O)Nc2cc(-c3cnn4c3CC(C)CC4)c(Cl)cn2)C1,8.154901959985743,429.193152816,4,2,3.8142000000000023,True
CHEMBL3698662,CDK6,7.0,nM,CC(C)(C)n1c2cnccc2c2cnc(Nc3ccc(N4CCNCC4)cn3)nc21,8.154901959985743,402.2280428320001,7,2,3.282700000000001,True
CHEMBL3084839,CDK2,7.0,nM,N[C@H]1CC[C@H](Nc2nc(Nc3ccccc3)c3ncn(C4CCCC4)c3n2)CC1,8.154901959985743,391.24844392800003,6,3,4.366800000000003,True
CHEMBL3702159,CDK4,7.0,nM,c1cc2c3cnc(Nc4ccc(C5CCNCC5)cn4)nc3n(C3CCCC3)c2cn1,8.154901959985743,413.2327938640001,6,2,4.700200000000003,True
CHEMBL5950534,CDK9,7.03,nM,Cc1nc2c(F)cc(-c3nc(Nc4ccc5c(n4)C[C@@H](C)NC5)ncc3F)cc2n1C(C)(C)C,8.153044674980176,463.2296003040001,6,2,5.0077200000000035,True
CHEMBL6019056,CDK4,7.05,nM,CNC1CC(C(=O)N2CCc3nc(Nc4ncc(F)c(-c5cc(F)c6nc(C)n(C(C)C)c6c5)n4)ccc3C2)C1,8.1518108830086,546.2667140840001,7,2,4.682120000000004,True
CHEMBL5813772,CDK6,7.07,nM,Cc1nc2c(F)cc(-c3nc(Nc4ccc5c(n4)CCN(C)C5)ncc3F)cc2n1C(C)C,8.1505805862031,449.2139502400001,6,1,4.787320000000003,True
CHEMBL5844694,CDK6,7.09,nM,Cc1nc2c(F)cc(-c3nc(Nc4ccc5c(n4)CCN(C(=O)CCO)C5)ncc3F)cc2n1C(C)C,8.149353764816933,507.21942954400004,7,2,4.066520000000002,True
CHEMBL411887,CDK1,7.1,nM,C/C(Nc1ccc(S(N)(=O)=O)cc1)=C1/C(=O)Nc2ccc(-c3cnco3)cc21,8.148741651280925,396.089225992,6,3,2.784200000000001,True
CHEMBL3698735,CDK6,7.1,nM,O[C@H]1CCCN(c2ccc(Nc3ncc4c5ccncc5n(C5CCCC5)c4n3)nn2)C1,8.148741651280925,430.2229574520001,8,2,3.5893000000000015,True
CHEMBL407709,CDK2,7.1,nM,NS(=O)(=O)c1ccc(N/N=C2\C(=O)Nc3ccc4ncsc4c32)cc1,8.148741651280925,373.030331212,7,3,1.712,True
CHEMBL6147673,CDK9,7.1,nM,CN1CCC(c2cc3c(-c4cnn(CC5CC5)c4)c(Cl)cnc3[nH]2)CC1,8.148741651280925,369.172023448,3,1,4.299000000000003,True
CHEMBL5999796,CDK4,7.14,nM,Cc1nc2c(F)cc(-c3nc(Nc4ccc5c(n4)CCN(C(C)C)C5)ncc3F)cc2n1C1CC1,8.146301788223825,475.2296003040001,6,1,5.319920000000004,True
CHEMBL3702134,CDK4,7.2,nM,c1cc2c3cnc(Nc4ccc(N5CCC6(CCCN6)CC5)nn4)nc3n(C3CCCC3)c2cn1,8.142667503568731,469.27024199200014,8,2,4.350600000000004,True
CHEMBL3642022,CDK4,7.2,nM,FCCNC1CCN(c2ccc(Nc3ncc4c5ccncc5n(C5CCCC5)c4n3)nc2)CC1,8.142667503568731,474.2655712120001,7,2,4.761100000000004,True
CHEMBL3698676,CDK6,7.2,nM,N#Cc1ccc2c3cnc(Nc4ccc(N5CCNCC5)cn4)nc3n(C3CCCC3)c2c1,8.142667503568731,438.228042832,7,2,4.119480000000003,True
CHEMBL3702189,CDK4,7.2,nM,CN(C)[C@@H]1CCN(c2ccc(Nc3ncc4c5ccncc5n(C5CCCC5)c4n3)nc2)C1,8.142667503568731,442.25934296,7,1,4.3735000000000035,True
CHEMBL5834517,CDK6,7.22,nM,CC(=O)N1CCc2nc(Nc3ncc(F)c(-c4cc(F)c5nc(C)n(C(C)C)c5c4)n3)ccc2C1,8.141462802430361,477.2088648600001,6,1,4.704020000000003,True
CHEMBL4213756,CDK6,7.26,nM,COCCN1CCc2nc(Nc3ncc(F)c(-c4cc(F)c5nc(C)n(C(C)C)c5c4)n3)ccc2C1,8.139063379299905,493.2401649880001,7,1,4.803920000000004,True
CHEMBL5994315,CDK2,7.34,nM,Cc1nc2c(F)cc(-c3nc(Nc4ccc5c(n4)CCN(CC(=O)O)C5)ncc3F)cc2n1C(C)C,8.13430394008393,493.20377948000004,7,2,4.2421200000000026,True
CHEMBL5800538,CDK2,7.34,nM,Cc1nc2c(F)cc(-c3nc(Nc4ccc5c(n4)CCN(C(=O)O)C5)ncc3F)cc2n1C(C)C,8.13430394008393,479.18812941600004,6,2,4.835520000000003,True
CHEMBL4208172,CDK4,7.4,nM,CCN1CCN(Cc2ccc(Nc3ncc(F)c(-c4cc(F)c5nc6n(c5c4)C(C)(C)CC6)n3)nc2)CC1,8.130768280269024,518.2717994640001,7,1,4.728900000000003,True
CHEMBL3702147,CDK4,7.4,nM,O=C(Cc1ccc(Nc2ncc3c4ccncc4n(C4CCCC4)c3n2)nc1)N1CCNCC1,8.130768280269024,456.2386075160001,7,2,3.2075000000000005,True
CHEMBL2158853,CDK1,7.4,nM,CCN(CC)c1cc(-c2ccnc(Nc3cccc(S(N)(=O)=O)c3)n2)ccn1,8.130768280269024,398.152494944,7,2,2.7758000000000003,True
CHEMBL400568,CDK1,7.4,nM,CCCNCc1cncc(-c2cnc3[nH]nc(-c4nc5c(COC)cccc5[nH]4)c3c2)c1,8.130768280269024,427.21205842,6,3,4.209200000000003,True
CHEMBL5781074,CDK6,7.43,nM,Cc1nc2c(F)cc(-c3nc(Nc4ccc5c(n4)CCNC5)ncc3F)cc2n1C1CCC1,8.129011186239424,447.1983001760001,6,2,4.589220000000003,True
CHEMBL5830076,CDK9,7.47,nM,Cc1nc2c(F)cc(-c3nc(Nc4ccc5c(n4)CCN(C(=O)CCN(C)C)C5)ncc3F)cc2n1C(C)(C)C,8.126679398184601,548.2823641480002,7,1,4.809920000000004,True
CHEMBL5912073,CDK4,7.5,nM,CC(C)N1CCOc2c(F)cc(-c3nc(Nc4ccc(N5CCC(CO)CC5)cn4)ncc3F)cc21,8.1249387366083,496.23983064000004,8,2,4.376300000000003,True
CHEMBL5996998,CDK6,7.5,nM,CC(C)N1CCOc2c(F)cc(-c3nc(Nc4ccc(C(=O)N5CCOCC5)c(F)c4)ncc3F)cc21,8.1249387366083,513.198774352,7,1,4.384100000000004,True
CHEMBL3698651,CDK4,7.5,nM,Fc1ccc(-n2c3cnccc3c3cnc(Nc4ccc(N5CCNCC5)cn4)nc32)cc1,8.1249387366083,440.1873208920001,7,2,3.6560000000000024,True
CHEMBL1964257,CDK2,7.5,nM,NS(=O)(=O)Cc1ccc(N/C=C2\C(=O)Nc3ccc4ncsc4c32)cc1,8.1249387366083,386.050732308,6,3,2.4899000000000004,True
CHEMBL6004729,CDK6,7.5,nM,COCCN1CCN(Cc2cnc(-c3cc(F)c4c(c3)N(C(C)C)CCO4)c(F)c2)CC1,8.1249387366083,446.249332704,6,0,3.3980000000000024,True
CHEMBL3691659,CDK4,7.5,nM,CN(C)C(=O)c1cc2cnc(Nc3ccc(N4CC5CCC(CC4=O)N5)cn3)nc2n1C1CCCC1,8.1249387366083,488.2648222640001,7,2,3.2441000000000013,True
CHEMBL5877196,CDK6,7.5,nM,CC(C)N1CCOc2c(F)cc(-c3nc(Nc4ccn(C5=CCNCC5)c(=O)c4)ncc3F)cc21,8.1249387366083,480.20853051200004,7,2,3.768500000000002,True
CHEMBL5887566,CDK4,7.5,nM,CC(C)N1CCOc2c(Cl)cc(-c3nc(Nc4ccc(N5CCNCC5)c(F)c4)ncc3F)cc21,8.1249387366083,500.1902936040001,7,2,4.835600000000003,True
CHEMBL5883845,CDK6,7.5,nM,Cc1nc2c(F)cc(-c3nc(Nc4ccc5c(n4)CCN(C(=O)CN(C)C)C5)ncc3F)cc2n1C1CCC1,8.1249387366083,532.2510640200001,7,1,4.389820000000004,True
CHEMBL5765752,CDK6,7.5,nM,Cc1nc2c(F)cc(-c3nc(Nc4ccc5c(n4)CCN(C(=O)CCN(C)C)C5)ncc3F)cc2n1C1CCC1,8.1249387366083,546.2667140840001,7,1,4.779920000000004,True
CHEMBL5844694,CDK9,7.52,nM,Cc1nc2c(F)cc(-c3nc(Nc4ccc5c(n4)CCN(C(=O)CCO)C5)ncc3F)cc2n1C(C)C,8.123782159408357,507.21942954400004,7,2,4.066520000000002,True
CHEMBL6060984,CDK6,7.57,nM,COCC(=O)N1CCc2nc(Nc3ncc(F)c(-c4cc(F)c5nc(C)n(C(C)C)c5c4)n3)ccc2C1,8.120904120499928,507.2194295440001,7,1,4.3305200000000035,True
CHEMBL4213219,CDK6,7.58,nM,Cc1nc2c(F)cc(-c3nc(Nc4ccc5c(n4)CCN(C(=O)CO)C5)ncc3F)cc2n1C(C)C,8.120330794367947,493.20377948000004,7,2,3.676420000000002,True
CHEMBL3702095,CDK6,7.6,nM,OCCC1CCN(c2ccc(Nc3ncc4c5ccnc(F)c5n(C5CCCC5)c4n3)nc2)CC1,8.119186407719209,475.2495868000001,7,2,4.971100000000003,True
CHEMBL3698719,CDK4,7.6,nM,N[C@H]1CCN(c2cnc(Nc3ncc4c5ccncc5n(C5CCCC5)c4n3)cn2)C1,8.119186407719209,415.2232918000001,8,2,3.1656000000000013,True
CHEMBL6152017,CDK9,7.7,nM,Clc1cnc2[nH]c(C3CCNCC3)cc2c1-c1cnn(CC2CC2)c1,8.113509274827518,355.156373384,3,2,3.956800000000002,True
CHEMBL5555678,CDK4,7.7,nM,O=c1cnc2cnc(Nc3ccc(N4CCNCC4)cc3)nc2n1C1CCCC1,8.113509274827518,391.21205842000006,7,2,2.4547999999999996,True
CHEMBL4756353,CDK2,7.8,nM,CN(C)C/C=C/C(=O)Nc1ccc(C(=O)Nc2ncc(SCc3ncc(C(C)(C)C)o3)s2)cc1,8.10790539730952,499.171181788,8,2,5.029500000000004,True
CHEMBL210540,CDK6,7.8,nM,Cc1cc(-c2cnc(Nc3cnc(CN4CCN(C)CC4)cn3)s2)nc(OC2CCCCC2)n1,8.10790539730952,480.24197864399997,10,1,3.9010200000000026,True
CHEMBL6017199,CDK6,7.81,nM,COC(=O)C(=O)N1CCc2nc(Nc3ncc(F)c(-c4cc(F)c5nc(C)n(C(C)C)c5c4)n3)ccc2C1,8.1073489661227,521.1986941,8,1,3.8571200000000028,True
CHEMBL411425,CDK2,7.9,nM,CCc1cccc2c1/C(=N/Nc1ccc(S(N)(=O)=O)cc1)C(=O)N2,8.102372908709558,344.094311372,5,3,1.6646999999999996,True
CHEMBL495751,CDK4,8.0,nM,CCN(CC)CCNC(=O)c1cccc(Nc2nccc(-c3cnn4ncccc34)n2)c1,8.096910013008056,430.2229574520001,7,2,3.001500000000001,True
CHEMBL3668473,CDK9,8.0,nM,Fc1cccc(CNc2ccc(Cl)c(-c3ccnc4[nH]c(C5CCCNC5)cc34)n2)c1,8.096910013008056,435.1626016360001,4,3,5.496500000000005,True
CHEMBL488085,CDK2,8.0,nM,Cc1ncc(-c2ccnc(Nc3ccc(C(=O)N(C)C)cc3)n2)n1C(C)C,8.096910013008056,364.20115938800006,5,1,3.674820000000002,True
CHEMBL3673539,CDK9,8.0,nM,CS(=O)(=O)N1CC=C(c2cc3c(-c4cncc(OCc5cccc(F)c5)n4)ccnc3[nH]2)CC1,8.096910013008056,479.1427387840001,6,1,3.7867000000000024,True
CHEMBL3648074,CDK2,8.0,nM,C[C@@H](Nc1nc(Nc2ccc(S(=N)(=O)C3CC3)cc2)ncc1Br)C(C)(C)O,8.096910013008056,453.083408108,7,4,4.1220700000000035,True
CHEMBL3978185,CDK9,8.0,nM,CS(=N)(=O)Cc1cccc(Nc2ncc(F)c(-c3cccc4c3OCCC4)n2)c1,8.096910013008056,412.136925132,6,2,4.527870000000003,True
CHEMBL3648082,CDK2,8.0,nM,COc1cc(Nc2ncc(Br)c(O[C@H](C)[C@H](C)O)n2)ccc1S(C)(=N)=O,8.096910013008056,444.0466882520001,8,3,3.174870000000001,True
CHEMBL3668461,CDK9,8.0,nM,CN1CCC(c2cc3c(-c4cc(NCc5ccc(S(C)(=O)=O)cc5)ccc4F)ccnc3[nH]2)CC1,8.096910013008056,492.199525388,5,2,5.193800000000004,True
CHEMBL3691647,CDK4,8.0,nM,CN(C)C(=O)c1cc2cnc(Nc3ccc(N4C[C@]5(CCCNC5)OC4=O)cn3)nc2n1C1CCCC1,8.096910013008056,504.25973688400006,8,2,3.465600000000002,True
CHEMBL3691654,CDK4,8.0,nM,CN(C)C(=O)c1cc2cnc(Nc3ccc(N4CCN5CCCC5C4)cn3)nc2n1C1CCCC1,8.096910013008056,474.28555770800006,7,1,3.6712000000000025,True
CHEMBL478828,CDK2,8.0,nM,COc1ccc(Nc2nccc(-c3cnc(C)n3C(C)C)n2)cc1,8.096910013008056,323.17461029200007,5,1,3.981620000000002,True
CHEMBL3644034,CDK2,8.0,nM,C[C@@H](Oc1nc(Nc2ccc(S(C)(=O)=O)cc2)ncc1C(F)(F)F)C(C)(C)O,8.096910013008056,419.11266178,7,2,3.180700000000002,True
CHEMBL3644032,CDK1,8.0,nM,C[C@@H](O)[C@@H](C)Oc1nc(Nc2ccc(S(=O)(=O)C3CC3)cc2)ncc1C(F)(F)F,8.096910013008056,431.11266178,7,2,3.3232000000000017,True
CHEMBL3691568,CDK4,8.0,nM,CN(C)C(=O)c1cc2cnc(Nc3ccc(C(=O)N4CCC[C@@H]5CCN[C@@H]5C4)cn3)nc2n1C1CCCC1,8.096910013008056,516.2961223920001,7,2,3.600900000000002,True
CHEMBL3702123,CDK6,8.0,nM,O=C(c1ccc(Nc2ncc3c4ccncc4n(C4CCCC4)c3n2)nc1)N1CCNCC1,8.096910013008056,442.2229574520001,7,2,3.2786,True
CHEMBL3702198,CDK6,8.0,nM,CN1CCN(c2ccc(Nc3ncc4c5ccccc5n(C5CCCC5)c4n3)nc2)CC1,8.096910013008056,427.2484439280001,6,1,4.590000000000003,True
CHEMBL520187,CDK2,8.0,nM,COCCNS(=O)(=O)c1ccc(Nc2nccc(-c3cnc(C)n3C)n2)cc1,8.096910013008056,402.1474095640001,7,2,1.8538199999999994,True
CHEMBL5935280,CDK9,8.0,nM,CC(=O)N[C@H]1CCC[C@@H](C(=O)Nc2cc(-c3cnn4c3CC(C)(C)C4)c(F)cn2)C1,8.096910013008056,413.222703356,4,2,3.299900000000002,True
CHEMBL3648102,CDK2,8.0,nM,CC(O)C(C)Sc1nc(Nc2ccc(S(C)(=N)=O)cc2)ncc1Br,8.096910013008056,430.01327994800005,7,3,3.879570000000002,True
CHEMBL388978,CDK1,8.0,nM,CN[C@@H]1C[C@H]2O[C@@](C)([C@@H]1OC)n1c3ccccc3c3c4c(c5c6ccccc6n2c5c31)C(=O)NC4,8.096910013008056,466.200490692,4,2,4.354000000000003,True
CHEMBL3642030,CDK6,8.0,nM,C[C@@H](CO)NC1CCN(c2ccc(Nc3ncc4c5ccncc5n(C5CCCC5)c4n3)nc2)CC1,8.096910013008056,486.2855577080001,8,3,4.172400000000003,True
CHEMBL5204473,CDK9,8.0,nM,CC(C)n1nc(-c2ccnc3[nH]c(C4CCN(CC(=O)N(C)C)CC4)cc23)ccc1=O,8.096910013008056,422.2430242,5,1,2.6351000000000013,True
CHEMBL5207533,CDK6,8.0,nM,C[C@H]1CC[C@@H](n2c3cnccc3c3cnc(Nc4ccc5c(n4)CCN(C(=O)CO)C5)nc32)CC1,8.096910013008056,471.23827316800003,7,2,3.7463000000000015,True
CHEMBL3648128,CDK2,8.0,nM,CC(C)(O)CSc1nc(Nc2ccc(S(C)(=N)=O)cc2)ncc1Br,8.096910013008056,430.01327994800005,7,3,3.8811700000000027,True
CHEMBL5197170,CDK9,8.0,nM,CC(C)n1cc(-c2ccnc3[nH]c(C4CCN(CC(=O)N5CCCCC5)CC4)cc23)ccc1=O,8.096910013008056,461.27907536,4,1,4.164400000000003,True
CHEMBL3648123,CDK1,8.0,nM,CCS(=N)(=O)c1ccc(Nc2ncc(Br)c(N[C@H](C)C(C)(C)O)n2)cc1,8.096910013008056,441.083408108,7,4,3.9795700000000025,True
CHEMBL1230607,CDK2,8.0,nM,CC(C)CC(=O)Nc1n[nH]c2c1CN(C(=O)C1CCN(C)CC1)C2(C)C,8.096910013008056,361.24777523200004,4,2,2.3134000000000006,True
CHEMBL359554,CDK2,8.0,nM,c1ccc(Nc2nccc(-c3cnn4ncccc34)n2)cc1,8.096910013008056,288.112344384,5,1,2.929900000000001,True
CHEMBL367150,CDK2,8.0,nM,CN(C)S(=O)(=O)c1ccc(Nc2cc(N[C@H]3CC[C@H](N)CC3)nc3c(Cl)cnn23)cc1,8.096910013008056,463.1557217520001,7,3,3.0584000000000016,True
CHEMBL3642034,CDK4,8.0,nM,CN(C)CCN(C)C1CCN(c2ccc(Nc3ncc4c5ccncc5n(C5CCCC5)c4n3)nn2)CC1,8.096910013008056,514.3280912160001,9,1,4.0904000000000025,True
CHEMBL3642036,CDK4,8.0,nM,OC[C@@H](O)CNC1CCN(c2ccc(Nc3ncc4c5ccncc5n(C5CCCC5)c4n3)nn2)CC1,8.096910013008056,503.27572129600014,10,4,2.5397999999999996,True
CHEMBL3639469,CDK1,8.0,nM,Cc1cc(Nc2ncc(Br)c(N[C@H](C)C(C)(C)O)n2)ccc1S(C)(=N)=O,8.096910013008056,441.08340810799996,7,4,3.897890000000002,True
CHEMBL3691601,CDK4,8.0,nM,CSCC[C@@H](N)C(=O)N1C2CCC1CN(C(=O)c1ccc(Nc3ncc4cc(C(=O)N(C)C)n(C5CCCC5)c4n3)nc1)C2,8.096910013008056,619.3053071720001,9,2,3.2826000000000004,True
CHEMBL5974817,CDK6,8.0,nM,CC(C)N1CCOc2c(F)cc(-c3nc(Nc4ccc(N5CCNCC5)cc4F)ncc3F)cc21,8.096910013008056,484.2198441440001,7,2,4.321300000000003,True
CHEMBL3702208,CDK6,8.0,nM,NC1CCN(c2ccc(Nc3ncc4c5ccccc5n(C5CCCC5)c4n3)nn2)CC1,8.096910013008056,428.2436928960001,7,2,4.160700000000003,True
CHEMBL485240,CDK2,8.0,nM,CCCS(=O)(=O)c1ccc(Nc2nccc(-c3cnc(C)n3C(C)C)n2)cc1,8.096910013008056,399.17289604000007,6,1,4.156720000000003,True
CHEMBL5789426,CDK6,8.0,nM,CC(C)N1CCOc2c(F)cc(-c3nc(Nc4ccc(S(=O)(=O)NCCN(C)C)cc4)ncc3F)cc21,8.096910013008056,532.20681626,8,2,3.6125000000000025,True
CHEMBL3691670,CDK4,8.0,nM,CN(C)C(=O)c1cc2cnc(Nc3ccc(N4CC5CCC(CC4=O)N5)cn3)nc2n1C1CCC1,8.096910013008056,474.2491722000001,7,2,2.854,True
CHEMBL5976786,CDK9,8.0,nM,O=C(Nc1cc(-c2cnn3c2CCCC3)ccn1)[C@H]1C[C@@H](O)C1,8.096910013008056,312.15862588,4,2,1.9908000000000001,True
CHEMBL3906489,CDK9,8.0,nM,CCOC(=O)N=S(C)(=O)Cc1cccc(Nc2ncc(F)c(-c3ccc(F)cc3OC)n2)c1,8.096910013008056,476.132982624,7,1,4.928300000000005,True
CHEMBL5592751,CDK9,8.0,nM,N[C@H]1CCN(c2c3c(nc4ccc(-c5ccncc5)cc24)CCCC3)C1,8.096910013008056,344.200096768,4,1,3.7130000000000027,True
CHEMBL3658050,CDK4,8.0,nM,CC(C)N1CCN(c2ccc(Nc3ncc4cc(C(=O)N(C)C)n(C5CCCC5)c4n3)nc2)CC1,8.096910013008056,476.30120777200005,7,1,3.917200000000003,True
CHEMBL484571,CDK2,8.0,nM,CN(C)CCNS(=O)(=O)c1ccc(Nc2nccc(-c3cnc4cccnn34)n2)cc1,8.096910013008056,438.15864294400006,8,2,1.7697999999999996,True
CHEMBL5961010,CDK6,8.0,nM,CC(C)N1CCOc2c(F)cc(-c3nc(Nc4ccc(N5CCNCC5)c(C#N)c4)ncc3F)cc21,8.096910013008056,491.2245149240001,8,2,4.053880000000002,True
CHEMBL515001,CDK2,8.0,nM,Cc1ncc(-c2nc(Nc3ccc(N4CCOCC4)cc3)ncc2F)n1C(C)C,8.096910013008056,396.2073876400001,6,1,3.9487200000000033,True
CHEMBL3934755,CDK9,8.0,nM,CCOC(=O)N=S(C)(=O)Cc1cc(F)cc(Nc2ncc(F)c(-c3ccc(F)cc3OC)n2)c1,8.096910013008056,494.12356081200005,7,1,5.067400000000005,True
CHEMBL188938,CDK4,8.0,nM,O=[N+]([O-])c1ccc(Nc2nccc(-c3cnn4ncccc34)n2)cc1,8.096910013008056,333.09742259200004,7,1,2.8381,True
CHEMBL372464,CDK1,8.0,nM,COc1ccc(Nc2nc(Nc3ccc4[nH]cnc4c3)ncc2C(F)(F)F)cc1,8.096910013008056,400.12594376000004,6,3,4.8675000000000015,True
CHEMBL6146482,CDK6,8.0,nM,CC(=O)N1CCC2(CC1)CC(=O)c1ccc(-c3nc(Nc4ccc(N5CCN(C6CC6)CC5)cn4)ncc3F)cc1O2,8.096910013008056,571.2707161680001,9,1,4.052000000000003,True
CHEMBL334285,CDK2,8.0,nM,O=C(Nc1cccc2c1C(=O)c1c(-c3ccc(C(=O)N4CCNCC4)s3)n[nH]c1-2)NN1CCOCC1,8.096910013008056,507.1688732800001,8,4,1.7637000000000003,True
CHEMBL3698650,CDK6,8.0,nM,c1ccc(-n2c3cnccc3c3cnc(Nc4ccc(N5CCNCC5)cn4)nc32)cc1,8.096910013008056,422.1967427040001,7,2,3.5169000000000015,True
CHEMBL3698656,CDK4,8.1,nM,c1cc2c3cnc(Nc4ccc(N5CCNCC5)cn4)nc3n(C3CCOCC3)c2cn1,8.09151498112135,430.222957452,8,2,2.879200000000001,True
CHEMBL5900599,CDK4,8.12,nM,CCn1c(C)nc2c(F)cc(-c3nc(Nc4ccc5c(n4)CCNC5)ncc3F)cc21,8.090443970758825,421.1826501120001,6,2,3.884120000000002,True
CHEMBL5833493,CDK6,8.12,nM,Cc1nc2c(F)cc(-c3nc(Nc4ccc5c(n4)CCN(C(=O)CC(C)(C)O)C5)ncc3F)cc2n1C(C)C,8.090443970758825,535.250729672,7,2,4.845120000000004,True
CHEMBL3702117,CDK6,8.2,nM,OC1CCN(Cc2ccc(Nc3ncc4c5ccncc5n(C5CCCC5)c4n3)nc2)CC1,8.086186147616283,443.2433585480001,7,2,4.189900000000003,True
CHEMBL3698670,CDK4,8.2,nM,c1cnc2c(c1)c1cnc(Nc3ccc(N4CCNCC4)cn3)nc1n2C1CCCC1,8.086186147616283,414.228042832,7,2,3.642800000000002,True
CHEMBL4206061,CDK9,8.21,nM,Cc1nc2c(F)cc(-c3nc(Nc4ccc5c(n4)CCN(C(=O)CN4CCN(C)CC4)C5)ncc3F)cc2n1C(C)C,8.085656842880558,575.29326318,8,1,3.9315200000000026,True
CHEMBL3698737,CDK4,8.4,nM,c1cc2c3cnc(Nc4ccc(N5CCCCC5)nn4)nc3n(C3CCCC3)c2cn1,8.075720713938118,414.228042832,7,1,4.618500000000004,True
CHEMBL5938059,CDK9,8.42,nM,Cc1nc2c(F)cc(-c3nc(Nc4ccc5c(n4)CCN(CCN)C5)ncc3F)cc2n1C(C)(C)C,8.074687908500351,492.2561494000001,7,2,4.290320000000003,True
CHEMBL5794081,CDK2,8.43,nM,Cc1nc2c(F)cc(-c3nc(Nc4ccc5c(n4)CCN(CCC(N)NO)C5)ncc3F)cc2n1C(C)C,8.074172425375258,523.261963052,9,4,3.8112200000000014,True
CHEMBL6020742,CDK2,8.43,nM,Cc1nc2c(F)cc(-c3nc(Nc4ccc5c(n4)CCN(CC(N)=NO)C5)ncc3F)cc2n1C(C)C,8.074172425375258,507.2306629240001,8,3,3.903920000000001,True
CHEMBL6047483,CDK6,8.47,nM,Cc1nc2c(O)cc(-c3nc(Nc4ccc5c(n4)CCN(C(=O)CN(C)C)C5)ncc3F)cc2n1C1CC1,8.072116589669292,516.2397503880001,8,2,3.566220000000002,True
CHEMBL3702072,CDK4,8.5,nM,O[C@H]1CCN(Cc2csc(Nc3ncc4c5ccncc5n(C5CCCC5)c4n3)n2)C1,8.070581074285707,435.1841294200001,8,2,3.8613000000000026,True
CHEMBL249500,CDK1,8.5,nM,c1ccc2c(-c3cnc4[nH]nc(-c5nc6cc(N7CCOCC7)ccc6[nH]5)c4c3)cncc2c1,8.070581074285707,447.18075829200006,6,2,4.553000000000003,True
CHEMBL4846921,CDK4,8.5,nM,CCN1CCN(c2ccc(Nc3ncc4scc(-c5cccc(NS(C)(=O)=O)c5)c4n3)cc2)CC1,8.070581074285707,508.171516136,8,2,4.615300000000002,True
CHEMBL5899619,CDK4,8.5,nM,CCN1CCN(C(=O)c2ccc(Nc3ncc(F)c(-c4cc(F)c5c(c4)N(C(C)C)CCO5)n3)cc2F)CC1,8.070581074285707,540.2460588920001,7,1,4.6894000000000045,True
CHEMBL5763679,CDK9,8.51,nM,Cc1nc2c(F)cc(-c3nc(Nc4ccc5c(n4)CCN(C(=O)CN4CCOCC4)C5)ncc3F)cc2n1C(C)C,8.070070439915412,562.261628704,8,1,4.016320000000003,True
CHEMBL3702089,CDK4,8.6,nM,Cn1c(=O)ccc2c3cnc(Nc4ccc(N5CCNCC5)cn4)nc3n(C3CCCC3)c21,8.065501548756432,444.23860751600006,7,2,2.9465000000000003,True
CHEMBL3684990,CDK4,8.6,nM,C[C@H]1CC[C@H](n2c3cnccc3c3cnc(Nc4ccc5c(n4)CNCC5)nc32)CC1,8.065501548756432,413.2327938640001,6,2,4.515000000000002,True
CHEMBL3702211,CDK4,8.6,nM,O[C@H]1CCN(c2ccc(Nc3ncc4c5ccnc(F)c5n(C5CCCC5)c4n3)nn2)C1,8.065501548756432,434.19788557600015,8,2,3.338300000000001,True
CHEMBL3702030,CDK4,8.7,nM,O=c1[nH]ccc2c3cnc(Nc4ccc(N5CCNCC5)nn4)nc3n(C3CCCC3)c12,8.060480747381382,431.2182064200001,8,3,2.3310999999999993,True
CHEMBL5537078,CDK9,8.7,nM,CC(C)c1cnn2c(NCc3ccc(NC(=O)C4CCOCC4)cc3)nc(NC3CCOCC3)nc12,8.060480747381382,493.28013798000006,8,3,3.815800000000002,True
CHEMBL3702207,CDK6,8.8,nM,c1ccc2c(c1)c1cnc(Nc3ccc(N4CCNCC4)nn3)nc1n2C1CCCC1,8.05551732784983,414.2280428320001,7,2,3.642800000000002,True
CHEMBL3698722,CDK4,8.8,nM,c1cc2c3cnc(Nc4ccc(N[C@H]5CCNC5)nn4)nc3n(C3CCCC3)c2cn1,8.05551732784983,415.2232918000001,8,3,3.402000000000002,True
CHEMBL5858807,CDK6,8.8,nM,CC(C)N1CCOc2c(F)cc(-c3nc(Nc4cnn(C5CCNCC5)c4)ncc3F)cc21,8.05551732784983,455.22451492400006,7,2,3.893600000000003,True
CHEMBL4208875,CDK4,8.8,nM,CCN1CCC(Oc2cnc(Nc3cc(-c4cc(F)c5nc(C)n(C(C)C)c5c4)ncn3)cn2)CC1,8.05551732784983,490.26048583200014,8,1,4.918420000000004,True
CHEMBL3698731,CDK6,8.8,nM,NCC1CCN(c2ccc(Nc3ncc4c5ccncc5n(C5CCCC5)c4n3)nn2)CC1,8.05551732784983,443.2545919280001,8,2,3.803300000000003,True
CHEMBL5765370,CDK6,8.8,nM,CC(C)N1CCOc2c(F)cc(-c3nc(Nc4ccc(N5CCOCC5)cn4)ncc3F)cc21,8.05551732784983,468.20853051200004,8,1,4.004200000000003,True
CHEMBL5817708,CDK6,8.84,nM,CC1(C)CCc2nc3c(F)cc(-c4nc(Nc5ccc(CN6CCN(C(=O)CO)CC6)cn5)ncc4F)cc3n21,8.053547734986926,548.2459786400001,8,2,3.2279000000000018,True
CHEMBL272165,CDK2,8.9,nM,NS(=O)(=O)c1ccc(N/N=C2\C(=O)Nc3ccc(C(=O)NCc4ccncc4)cc32)cc1,8.050609993355087,450.111024056,7,4,1.4273000000000002,True
CHEMBL1234087,CDK2,8.9,nM,O=C1Nc2ccc(-c3cnco3)cc2/C1=C/Nc1ccc2c(c1)CS(=O)(=O)C2,8.050609993355087,393.07832695999997,6,2,3.1751000000000014,True
CHEMBL4756353,CDK9,8.9,nM,CN(C)C/C=C/C(=O)Nc1ccc(C(=O)Nc2ncc(SCc3ncc(C(C)(C)C)o3)s2)cc1,8.050609993355087,499.171181788,8,2,5.029500000000004,True
CHEMBL408210,CDK2,8.9,nM,CCOC(=O)c1cccc2c1/C(=C/Nc1ccc(S(N)(=O)=O)cc1)C(=O)N2,8.050609993355087,387.088891644,6,3,1.9158,True
CHEMBL2158844,CDK2,8.9,nM,Clc1cccc(Nc2nccc(-c3ccnc(N4CCOCC4)c3)n2)c1,8.050609993355087,367.119987876,6,1,3.7722000000000024,True
CHEMBL3698668,CDK6,8.9,nM,CC1(n2c3cnccc3c3cnc(Nc4ccc(N5CCNCC5)cn4)nc32)CCC1,8.050609993355087,414.228042832,7,2,3.426800000000002,True
CHEMBL3934257,CDK9,9.0,nM,COc1cc(F)ccc1-c1nc(Nc2cc(F)cc(CS(=N)(=O)C3CC3)c2)ncc1F,8.045757490560675,448.11808150800005,6,2,5.022270000000003,True
CHEMBL5875602,CDK9,9.0,nM,Cc1cnc(NC(=O)[C@H]2CCC[C@@H](NC(=O)C3COC3)C2)cc1-c1cnn2c1CC(C)(C)C2,8.045757490560675,451.25833991600007,5,2,3.09572,True
CHEMBL3298418,CDK2,9.0,nM,Cc1cc(Nc2ncc3c(n2)CN(C(=O)N[C@H](C)c2ccc(Cl)c(Cl)c2)CC3)ccn1,8.045757490560675,456.123214684,5,2,5.059320000000004,True
CHEMBL3691644,CDK4,9.0,nM,CN(C)C(=O)c1cc2cnc(Nc3ccc(N4CC5(CCCNC5)OC4=O)cn3)nc2n1C1CCCC1,8.045757490560675,504.25973688400006,8,2,3.465600000000002,True
CHEMBL490480,CDK2,9.0,nM,Cc1cc(CC(=O)Nc2cc(C3CC3)[nH]n2)ccc1-c1ccccc1,8.045757490560675,331.168462292,2,2,4.443720000000003,True
CHEMBL254979,CDK2,9.0,nM,O=C(Cc1ccc2ccccc2c1)Nc1n[nH]c2ccc(N3CCCS3(=O)=O)cc12,8.045757490560675,420.1256115,4,2,3.4372000000000016,True
CHEMBL294884,CDK2,9.0,nM,CNS(=O)(=O)c1ccc2c(c1)/C(=C/c1[nH]cc3c1CCNC3=O)C(=O)N2,8.045757490560675,372.089225992,4,4,0.7013999999999998,True
CHEMBL258721,CDK9,9.0,nM,CC(C)c1nn(-c2c(Cl)cccc2Cl)c2nc(Cc3ccc(OCCO)cc3)[nH]c(=O)c12,8.045757490560675,472.10689592399996,5,2,4.500900000000005,True
CHEMBL3648084,CDK2,9.0,nM,CCOC(=O)N=S(C)(=O)c1ccc(Nc2ncc(Br)c(N[C@H](C)C(C)(C)O)n2)cc1,8.045757490560675,499.088887412,8,3,4.167200000000003,True
CHEMBL291324,CDK2,9.0,nM,Nc1nc(N)c(N=O)c(=O)[nH]1,8.045757490560675,155.0443244,6,3,-0.6678000000000004,True
CHEMBL3927078,CDK9,9.0,nM,CS(=N)(=O)Cc1cccc(Nc2ncc(F)c(-c3ccc(F)cc3OCc3ccccc3)n2)c1,8.045757490560675,480.14315338399996,6,2,5.920970000000004,True
CHEMBL3691554,CDK4,9.0,nM,CN(C)C(=O)c1cc2cnc(Nc3ccc(C(=O)N4C[C@H]5CN[C@H](C5)C4)cn3)nc2n1C1CCCC1,8.045757490560675,488.2648222640001,7,2,2.8206999999999995,True
CHEMBL3691664,CDK4,9.0,nM,CN(C)C(=O)c1cc2cnc(Nc3ccc(N4CC5CCC(CC4=O)N5)cn3)nc2n1-c1ccccc1,8.045757490560675,496.2335221360001,7,2,3.1182000000000007,True
CHEMBL255718,CDK2,9.0,nM,O=C(Cc1ccc(O)cc1)Nc1n[nH]c2ccc(N3CCCS3(=O)=O)cc12,8.045757490560675,386.1048760559999,5,3,1.9896,True
CHEMBL372465,CDK1,9.0,nM,Brc1cnc(Nc2ccc3[nH]cnc3c2)nc1Nc1ccc2c(c1)OCO2,8.045757490560675,424.028335756,7,3,4.3313000000000015,True
CHEMBL5949131,CDK4,9.0,nM,CC(C)N1CCOc2c(F)cc(-c3nc(Nc4cccc(S(N)(=O)=O)c4)ncc3F)cc21,8.045757490560675,461.133316972,7,2,3.420000000000001,True
CHEMBL3691666,CDK4,9.0,nM,CN(C)C(=O)c1cc2cnc(Nc3ccc(N4C[C@H]5CC[C@@H](CC4=O)N5)cn3)nc2n1-c1ccccc1,8.045757490560675,496.2335221360001,7,2,3.1182000000000007,True
CHEMBL3673538,CDK9,9.0,nM,O=C(CO)N1CC=C(c2cc3c(-c4cncc(NCc5cccc(F)c5)n4)ccnc3[nH]2)CC1,8.045757490560675,458.18665219600007,6,3,3.379100000000001,True
CHEMBL3673530,CDK9,9.0,nM,Fc1cccc(CNc2cncc(-c3ccnc4[nH]c(C5=CCNCC5)cc34)n2)c1,8.045757490560675,400.18117289200006,5,3,4.147800000000002,True
CHEMBL3673507,CDK9,9.0,nM,Fc1ccc(CNc2cncc(-c3ccnc4[nH]c(C5CCNCC5)cc34)n2)cc1F,8.045757490560675,420.18740114400003,5,3,4.377200000000003,True
CHEMBL370728,CDK1,9.0,nM,Clc1cccc(Nc2ncc(Br)c(Nc3ccc4[nH]cnc4c3)n2)c1,8.045757490560675,413.99953416400007,5,3,5.256000000000001,True
CHEMBL508739,CDK2,9.0,nM,Cc1cc(Nc2ncc(F)c(-c3cnc(C)n3C(C)C)n2)ccc1C(=O)N(C)C,8.045757490560675,396.20738764000004,5,1,4.122340000000003,True
CHEMBL400906,CDK1,9.0,nM,CNCc1cncc(-c2cnc3[nH]nc(-c4nc5cc(OC(F)(F)F)ccc5[nH]4)c3c2)c1,8.045757490560675,439.136842792,6,3,4.181200000000002,True
CHEMBL496785,CDK2,9.0,nM,CC(C)(C)c1cnc(CSc2cnc(NC3CCCCC3)s2)o1,8.045757490560675,351.14390441999996,6,1,5.465500000000005,True
CHEMBL3642011,CDK6,9.0,nM,OC1CCN(C2CCN(c3ccc(Nc4ncc5c6ccncc6n(C6CCCC6)c5n4)nn3)CC2)CC1,8.045757490560675,513.2964567400002,9,2,4.053700000000004,True
CHEMBL3673494,CDK9,9.0,nM,NC1CCCC(c2cc3c(-c4cccc(NCc5cccc(F)c5)n4)ccnc3[nH]2)C1,8.045757490560675,415.21722405200006,4,3,5.361000000000004,True
CHEMBL3648121,CDK2,9.0,nM,CCS(=N)(=O)c1ccc(Nc2ncc(Br)c(N[C@@H](COC)[C@H](C)O)n2)cc1,8.045757490560675,457.078322728,8,4,3.2159700000000013,True
CHEMBL3648120,CDK2,9.0,nM,CCS(=N)(=O)c1ccc(Nc2ncc(Br)c(N[C@H](COC)[C@@H](C)O)n2)cc1,8.045757490560675,457.078322728,8,4,3.2159700000000013,True
CHEMBL362560,CDK2,9.0,nM,COc1ccc(-c2[nH]nc3c2C(=O)c2c(NC(=O)NNC(=O)c4ccc(O)cc4)cccc2-3)cc1,8.045757490560675,469.13861870799997,6,5,3.4688000000000008,True
CHEMBL48362,CDK1,9.0,nM,CN1CCC(c2c(O)cc(O)c3c2O/C(=C\c2ccc(S(N)(=O)=O)cc2)C3=O)CC1,8.045757490560675,430.1198574239999,7,3,2.1706000000000003,True
CHEMBL5173041,CDK9,9.0,nM,COc1cc(C(=O)N2CCCC2)ccc1-c1ccnc2[nH]c(-c3ccc(CN4CCOCC4)cc3)nc12,8.045757490560675,497.24268985200007,6,1,4.368700000000003,True
CHEMBL3644034,CDK1,9.0,nM,C[C@@H](Oc1nc(Nc2ccc(S(C)(=O)=O)cc2)ncc1C(F)(F)F)C(C)(C)O,8.045757490560675,419.11266178,7,2,3.180700000000002,True
CHEMBL4282338,CDK2,9.0,nM,C[C@@H](O)[C@@H](C)Oc1nc(Nc2ccc([S@](=N)(=O)C3CC3)cc2)ncc1C(F)(F)F,8.045757490560675,430.1286461920001,7,3,3.9551700000000025,True
CHEMBL58224,CDK2,9.0,nM,O=C1Nc2cccc(C3CCNCC3)c2/C1=C/c1[nH]cc2c1CCOC2=O,8.045757490560675,363.15829153199996,4,3,2.6873000000000014,True
CHEMBL3648125,CDK1,9.0,nM,Cc1cc(Nc2ncc(Br)c(N[C@@H](C)C(C)(C)O)n2)ccc1S(C)(=N)=O,8.045757490560675,441.08340810799996,7,4,3.897890000000002,True
CHEMBL3775792,CDK2,9.0,nM,CC(C)c1n[nH]c2c(NCc3ccc(-c4ccccn4)cc3)nc(NCC(C)(C)O)nc12,8.045757490560675,431.24335854800006,7,4,4.333200000000003,True
CHEMBL3972796,CDK9,9.0,nM,CCOC(=O)N=S(C)(=O)Cc1cccc(Nc2ncc(F)c(-c3cccc4c3OCC4)n2)c1,8.045757490560675,470.14240443600005,7,1,4.715500000000004,True
CHEMBL514690,CDK2,9.0,nM,Cc1ncc(-c2ccnc(Nc3ccc(N4CCOCC4)cc3)n2)n1C(C)C,8.045757490560675,378.21680945200006,6,1,3.8096200000000024,True
CHEMBL5817923,CDK4,9.0,nM,Fc1cnc(Nc2ccc(N3CCCNCC3)cn2)nc1-c1cc(F)c2c(c1)N(C1CCCC1)CCO2,8.045757490560675,507.255815052,8,2,4.501500000000004,True
CHEMBL5287128,CDK2,9.0,nM,C[C@@H](O)[C@@H](C)Nc1nc(Nc2ccc([S@](=N)(=O)C3CC3)cc2)ncc1C(F)(F)F,8.045757490560675,429.144630604,7,4,3.9882700000000018,True
CHEMBL6017486,CDK4,9.0,nM,CC(C)N1CCOc2c(F)cc(-c3nc(Nc4ccc(S(=O)(=O)NC5CCNCC5)cc4)ncc3F)cc21,8.045757490560675,544.20681626,8,3,3.802900000000002,True
CHEMBL460087,CDK1,9.0,nM,CN[C@H]1CCN(C(=O)c2ccc(Nc3nccc(-c4cnc(C)n4C(C)C)n3)cc2)C1,8.045757490560675,419.24335854800006,6,2,3.4069200000000013,True
CHEMBL5961536,CDK4,9.0,nM,CC(C)N1CCOc2c(F)cc(-c3nc(Nc4ccc(C5CCN(C)CC5)c(F)c4)ncc3F)cc21,8.045757490560675,497.24024524000004,6,1,5.720900000000006,True
CHEMBL455467,CDK2,9.0,nM,Cc1ncc(-c2ccnc(Nc3ccc(C(=O)N4CCN(C)CC4)cc3)n2)n1C(C)C,8.045757490560675,419.24335854800006,6,1,3.3606200000000017,True
CHEMBL4442620,CDK2,9.0,nM,C[C@@H](O)[C@@H](C)Oc1nc(Nc2ccc(S(=N)(=O)C3CC3)cc2)ncc1C(F)(F)F,8.045757490560675,430.1286461920001,7,3,3.9551700000000025,True
CHEMBL103104,CDK2,9.1,nM,NS(=O)(=O)c1ccc(Nc2cc(-c3cccc(O)c3)n[nH]2)cc1,8.040958607678906,330.07866130800005,5,4,2.1733000000000002,True
CHEMBL5908734,CDK6,9.17,nM,Cc1nc2c(F)cc(-c3nc(Nc4ccc5c(n4)CCN(CCO)C5)ncc3F)cc2n1C(C)C,8.03763066432998,479.22451492400006,7,2,4.149820000000003,True
CHEMBL4213219,CDK9,9.18,nM,Cc1nc2c(F)cc(-c3nc(Nc4ccc5c(n4)CCN(C(=O)CO)C5)ncc3F)cc2n1C(C)C,8.037157318798757,493.20377948000004,7,2,3.676420000000002,True
CHEMBL3698712,CDK4,9.2,nM,C[C@H]1CN(c2cnc(Nc3ncc4c5ccncc5n(C5CCCC5)c4n3)cn2)CCN1,8.036212172654444,429.2389418640001,8,2,3.4263000000000012,True
CHEMBL3698724,CDK6,9.2,nM,O=S1(=O)CCN(c2ccc(Nc3ncc4c5ccncc5n(C5CCCC5)c4n3)nn2)CC1,8.036212172654444,464.1742930080001,9,1,2.8630000000000013,True
CHEMBL210540,CDK4,9.2,nM,Cc1cc(-c2cnc(Nc3cnc(CN4CCN(C)CC4)cn3)s2)nc(OC2CCCCC2)n1,8.036212172654444,480.24197864399997,10,1,3.9010200000000026,True
CHEMBL5836990,CDK9,9.21,nM,Cc1nc2c(F)cc(-c3nc(Nc4ccc5c(n4)CCNC5)ncc3F)cc2n1C(C)C,8.03574036980315,435.1983001760001,6,2,4.445120000000003,True
CHEMBL272380,CDK2,9.3,nM,NS(=O)(=O)c1ccc(N/N=C2\C(=O)Nc3cccc(/C=C/c4ccc(O)cc4)c32)cc1,8.031517051446064,434.10487605599997,6,4,2.9783000000000017,True
CHEMBL271136,CDK1,9.3,nM,COc1cccc(OC)c1CNC(=O)c1ccc2c(c1)/C(=N/Nc1ccc(S(N)(=O)=O)cc1)C(=O)N2,8.031517051446064,509.136904456,8,4,2.0494999999999997,True
CHEMBL3702166,CDK4,9.3,nM,Oc1cc(-c2ccc(Nc3ncc4c5ccncc5n(C5CCCC5)c4n3)nn2)ccn1,8.031517051446064,424.1760072600001,8,2,4.395800000000003,True
CHEMBL5813966,CDK4,9.46,nM,CCN1CCN(Cc2ccc(Nc3ncc(F)c(-c4cc(F)c5nn6c(c5c4)CCC6)n3)nc2)CC1,8.024108863598208,490.2404993360001,7,1,3.993800000000002,True
CHEMBL271952,CDK2,9.5,nM,NS(=O)(=O)c1ccc(N/N=C2\C(=O)Nc3ccc4[nH]nnc4c32)cc1,8.022276394711152,357.0644082120001,7,4,0.3735999999999998,True
CHEMBL3691655,CDK4,9.5,nM,CN(C)C(=O)c1cc2cnc(Nc3ccc(N4CC5(CC4=O)CC4CCC(C5)N4)cn3)nc2n1C1CCCC1,8.022276394711152,528.2961223920001,7,2,4.024300000000003,True
CHEMBL2112297,CDK2,9.5,nM,O=C1Nc2ccc3ncsc3c2/C1=C/Nc1ccc(S(=O)(=O)N[n+]2ccc3ccccc3c2)cc1,8.022276394711152,500.08455785609,6,3,4.074500000000002,True
CHEMBL319467,CDK1,9.5,nM,NS(=O)(=O)c1ccc(Nc2nc(OCC3CCCCC3)c3nc[nH]c3n2)cc1,8.022276394711152,402.1474095640001,7,3,2.7030000000000003,True
CHEMBL5806403,CDK6,9.5,nM,CC(C)N1CCOc2c(F)cc(-c3nc(Nc4ccc(N5CCN(CCO)CC5)cn4)ncc3F)cc21,8.022276394711152,511.2507296720001,9,2,3.281900000000002,True
CHEMBL3698696,CDK4,9.6,nM,O=S1(=O)CCC(Nc2ccc(Nc3ncc4c5ccncc5n(C5CCCC5)c4n3)nc2)C1,8.017728766960431,463.1790440400001,8,2,3.832200000000003,True
CHEMBL6146765,CDK9,9.6,nM,COCC(C)N1CCC(c2cc3c(-c4cnn(CC5CC5)c4)c(Cl)cnc3[nH]2)CC1,8.017728766960431,427.21388826000003,4,1,4.704100000000004,True
CHEMBL3702223,CDK4,9.6,nM,CC[C@@H](C)n1c2cnccc2c2cnc(Nc3ccc(N4CCNCC4)nn3)nc21,8.017728766960431,403.22329180000014,8,2,2.893700000000001,True
CHEMBL3698648,CDK4,9.6,nM,CN(C)C1CCN(c2ccc(Nc3ncc4c5ccncc5n(C5CCCC5)c4n3)nc2)CC1,8.017728766960431,456.274993024,7,1,4.763600000000004,True
CHEMBL3642028,CDK4,9.7,nM,CCN(CCO)C1CCN(c2ccc(Nc3ncc4c5ccncc5n(C5CCCC5)c4n3)nc2)CC1,8.013228265733755,500.3012077720001,8,2,4.516200000000003,True
CHEMBL1276446,CDK2,9.7,nM,O=C1Nc2ccc3ncsc3c2/C1=C/Nc1ccc(S(=O)(=O)Nc2ccccn2)cc1,8.013228265733755,449.06163134,7,3,3.8972000000000016,True
CHEMBL4207451,CDK4,9.7,nM,CC1(C)CCc2nc3c(F)cc(-c4nc(Nc5ccc(CN6CCN(C7CC7)CC6)cn5)ncc4F)cc3n21,8.013228265733755,530.2717994640002,7,1,4.871400000000004,True
CHEMBL3702113,CDK4,9.8,nM,CN(C)C1CCN(c2ccc(Nc3ncc4c5ccnc(O)c5n(C5CCC(C)(C)CC5)c4n3)nn2)CC1,8.008773924307505,515.312106804,9,2,4.890400000000004,True
CHEMBL3702119,CDK6,9.8,nM,CCOC(=O)CN1CCN(c2ccc(Nc3ncc4c5ccncc5n(C5CCCC5)c4n3)nn2)CC1,8.008773924307505,501.26007123200014,10,1,3.3133000000000017,True
CHEMBL5922296,CDK6,9.85,nM,CS(=O)(=O)c1cc2cnc(Nc3ccc(C4CCNCC4)cn3)nc2n1C1CCCC1,8.006563769502389,440.19944513600007,7,2,3.555500000000002,True
CHEMBL5532236,CDK9,9.99,nM,CCC(=O)Nc1ccc(CNc2nc(O[C@@H]3CCCNC3)nc3c(C(C)C)cnn23)cc1,8.000434511774017,437.2539232320001,7,3,3.339100000000002,True
CHEMBL6175521,CDK4,10.0,nM,CCN1CCN(c2ccc(Nc3ncc(F)c(-c4cnc5cnn(C(C)C)c5c4)n3)cc2)CC1,8.0,460.2499211480001,7,1,4.493800000000003,True
CHEMBL3698744,CDK6,10.0,nM,NC1CCN(c2ccc(Nc3ncc4c5ccncc5n(C5CCCC5)c4n3)nn2)CC1,8.0,429.2389418640001,8,2,3.5557000000000025,True
CHEMBL178785,CDK2,10.0,nM,CN(C)S(=O)(=O)c1ccc(Nc2cc(N[C@H]3CC[C@H](N)CC3)nc3c(Br)cnn23)cc1,8.0,507.1052061720001,7,3,3.1675000000000013,True
CHEMBL3298678,CDK2,10.0,nM,O=C(N[C@H](CO)c1ccc(Cl)c(F)c1)N1CCc2cnc(NC3CCOCC3)nc2C1,8.0,449.16299556000007,6,3,2.6613000000000016,True
CHEMBL5207813,CDK9,10.0,nM,CN(C)C(=O)CN1CCC(c2cc3c(-c4ccc(=O)n(C)c4)ccnc3[nH]2)CC1,8.0,393.21647510400004,4,1,2.1962,True
CHEMBL3698652,CDK4,10.0,nM,COc1ccc(-n2c3cnccc3c3cnc(Nc4ccc(N5CCNCC5)cn4)nc32)cc1,8.0,452.2073073880001,8,2,3.525500000000001,True
CHEMBL3698647,CDK6,10.0,nM,NC1CCN(c2ccc(Nc3ncc4c5ccncc5n(C5CCCC5)c4n3)nc2)CC1,8.0,428.243692896,7,2,4.160700000000003,True
CHEMBL3663778,CDK9,10.0,nM,Fc1cncc(CNc2ccc(Cl)c(-c3ccnc4[nH]c(C5CCNCC5)cc34)n2)c1,8.0,436.15785060400003,5,3,4.891500000000003,True
CHEMBL189934,CDK2,10.0,nM,CCOC(=O)c1c(C)c2cnc(Nc3ccc(N4CCNCC4)cn3)nc2n(C2CCCC2)c1=O,8.0,477.24883785200007,9,2,2.9399200000000008,True
CHEMBL3698638,CDK6,10.0,nM,CN1CCN(c2ccc(Nc3ncc4c5ccncc5n(C5CCCC5)c4n3)nc2)CC1,8.0,428.243692896,7,1,3.985000000000003,True
CHEMBL4173631,CDK2,10.0,nM,Cn1cc(-c2ccc(S(=O)(=O)N3CCC(Nc4ccc(C#N)cn4)CC3)cc2)cn1,8.0,422.15249494400007,6,1,2.6189800000000005,True
CHEMBL3668361,CDK9,10.0,nM,COc1ccc(F)cc1-c1ccnc2[nH]c(C3=CCNCC3)cc12,8.0,323.143390416,3,2,3.7543000000000015,True
CHEMBL402157,CDK2,10.0,nM,O=C(Cc1ccc(Cl)cc1)Nc1n[nH]c2ccc(N3CCCS3(=O)=O)cc12,8.0,404.07098908399996,4,2,2.937400000000001,True
CHEMBL445813,CDK9,10.0,nM,O=C(NC1CCNCC1)c1n[nH]cc1NC(=O)c1c(Cl)cccc1Cl,8.0,381.075930144,4,4,2.4505999999999997,True
CHEMBL3354187,CDK2,10.0,nM,COC1CCN(c2nccc(Nc3cc4c(cn3)cc(-c3cn[nH]c3)n4C(C)C)n2)CC1,8.0,432.2386075160001,7,2,4.156100000000003,True
CHEMBL4752748,CDK9,10.0,nM,CC(=O)N[C@@H]1CCC[C@H](C(=O)Nc2cc(-c3cnn4c3CC(C)(C)CC4)c(F)cn2)C1,8.0,427.23835342,4,2,3.690000000000002,True
CHEMBL193519,CDK1,10.0,nM,FC(F)(F)c1cnc(Nc2ccc3[nH]cnc3c2)nc1Nc1ccc2[nH]cnc2c1,8.0,410.1215270760001,6,4,4.735200000000002,True
CHEMBL3698655,CDK6,10.0,nM,O[C@H]1CCN(c2ccc(Nc3ncc4c5ccncc5n(C5CCCC5)c4n3)nn2)C1,8.0,416.20730738800006,8,2,3.199200000000001,True
CHEMBL3702244,CDK6,10.0,nM,C[C@H]1CN(c2ccc(Nc3ncc4c5ccncc5n(C5CCC5)c4n3)nc2)CCN1,8.0,414.228042832,7,2,3.6412000000000013,True
CHEMBL189963,CDK2,10.0,nM,CC(=O)c1c(C)c2cnc(Nc3ccc(N4CCNCC4)cn3)nc2n(C2CCCC2)c1=O,8.0,447.2382731680001,8,2,2.965820000000001,True
CHEMBL195641,CDK1,10.0,nM,N#CNc1ccc(Nc2ncc(C(F)(F)F)c(Nc3ccc4[nH]cnc4c3)n2)cc1NC#N,8.0,450.1276750760001,9,5,4.644860000000001,True
CHEMBL1171948,CDK2,10.0,nM,NC(=O)Cn1nc(C(N)=O)c2c1-c1nc(Nc3ccccc3)ncc1CC2,8.0,363.14437278400004,6,3,0.7664999999999993,True
CHEMBL3673435,CDK9,10.0,nM,COc1cc(F)ccc1-c1ccnc(NC(=O)C2CCC(NC(C)=O)C2)c1,8.0,371.164519784,4,2,3.1396000000000006,True
CHEMBL3642004,CDK4,10.0,nM,OC1CN(C2CCN(c3ccc(Nc4ncc5c6ccncc6n(C6CCCC6)c5n4)nn3)CC2)C1,8.0,485.2651566120001,9,2,3.273500000000002,True
CHEMBL3691604,CDK4,10.0,nM,CC(C)[C@@H](N)C(=O)N1C2CCC1CN(C(=O)c1ccc(Nc3ncc4cc(C(=O)N(C)C)n(C5CCCC5)c4n3)nc1)C2,8.0,587.333236172,8,2,3.185500000000001,True
CHEMBL255262,CDK2,10.0,nM,O=C(Cc1cccc(F)c1)Nc1n[nH]c2ccc(N3CCCS3(=O)=O)cc12,8.0,388.100539624,4,2,2.4231000000000007,True
CHEMBL409690,CDK2,10.0,nM,NS(=O)(=O)c1ccc(N/N=C2\C(=O)Nc3ccc(O)cc32)cc1,8.0,332.05792586399997,6,4,0.8079000000000001,True
CHEMBL3642650,CDK2,10.0,nM,Clc1ccccc1-c1cc(NCc2ccncc2)n2ncc(Br)c2n1,8.0,413.0042851960001,4,1,4.819300000000003,True
CHEMBL5857638,CDK6,10.0,nM,Fc1cnc(Nc2ccc3c(n2)CCNC3)nc1-c1cc(F)c2c(c1)N(C1CCCC1)CCO2,8.0,464.21361589199995,7,2,4.347500000000003,True
CHEMBL4802161,CDK6,10.0,nM,CC(=O)c1c(C)c2cnc(Nc3ccc(C4CCNCC4)cn3)nc2n(C2CCCC2)c1=O,8.0,446.24302420000004,7,2,4.023220000000003,True
CHEMBL4217694,CDK4,10.0,nM,CCC1CCc2nc3c(F)cc(-c4nc(Nc5ccc(CN6CCN(C)CC6)cn5)ncc4F)cc3n21,8.0,504.25614940000014,7,1,4.554800000000004,True
CHEMBL2012409,CDK1,10.0,nM,Cn1cc(Nc2ncc3cnn([C@@H]4C[C@H]5C[C@H]5C4)c3n2)cc1C(=O)N1CCC[C@H]1CO,8.0,421.222623104,6,2,2.4763000000000006,True
CHEMBL5876164,CDK4,10.0,nM,CC(C)N1CCOc2c(F)cc(-c3nc(Nc4ccc(C5CCNCC5)c(F)c4)ncc3F)cc21,8.0,483.22459517600004,6,2,5.378700000000005,True
CHEMBL3648073,CDK2,10.0,nM,C[C@H](O)[C@@H](C)Oc1nc(Nc2ccc(S(C)(=N)=O)cc2)ncc1Br,8.0,414.03612356800005,7,3,3.166270000000001,True
CHEMBL3648072,CDK1,10.0,nM,C[C@@H](Nc1nc(Nc2ccc(S(C)(=N)=O)cc2)ncc1Br)C(C)(C)O,8.0,427.067758044,7,4,3.5894700000000026,True
CHEMBL3642035,CDK6,10.0,nM,CN(C)CCNC1CCN(c2ccc(Nc3ncc4c5ccncc5n(C5CCCC5)c4n3)nn2)CC1,8.0,500.3124411520001,9,2,3.7482000000000024,True
CHEMBL3673544,CDK9,10.0,nM,CNC(=O)N1CCC(c2cc3c(-c4nc(NCc5cccc(F)c5)c(F)cc4F)ccnc3[nH]2)CC1,8.0,494.2041940800001,4,3,5.173100000000004,True
CHEMBL415789,CDK2,10.0,nM,CSc1ccc(CC(=O)Nc2n[nH]c3ccc(N4CCCS4(=O)=O)cc23)cc1,8.0,416.0976824999999,5,2,3.0059000000000013,True
CHEMBL5758578,CDK6,10.0,nM,CC(C)N1CCOc2c(F)cc(-c3nc(Nc4ccc(C(=O)N5CCC(O)CC5)c(F)c4)ncc3F)cc21,8.0,527.214424416,7,2,4.508600000000004,True
CHEMBL257831,CDK2,10.0,nM,CN(C)c1ccc(CC(=O)Nc2n[nH]c3ccc(N4CCCS4(=O)=O)cc23)cc1,8.0,413.152160596,5,2,2.3500000000000005,True
CHEMBL5779625,CDK9,10.0,nM,CC1(C)Cc2c(-c3cc(NC(=O)[C@H]4CCC[C@@H](N)C4)ncc3F)cnn2C1,8.0,371.21213867200004,4,2,3.1225000000000005,True
CHEMBL83320,CDK1,10.0,nM,CC(C)C(CO)Nc1nc(NCc2ccccc2O)c2ncn(C(C)C)c2n1,8.0,384.22737413600004,7,4,3.1537000000000015,True
CHEMBL269827,CDK1,10.0,nM,NS(=O)(=O)c1ccc(N/N=C2\C(=O)Nc3ccc(-c4cnco4)cc32)cc1,8.0,383.068824896,7,3,1.7573,True
CHEMBL3702109,CDK4,10.0,nM,COc1nccc2c3cnc(Nc4ccc(N5CCNCC5)cn4)nc3n(C3CCC(C)(C)CC3)c12,8.0,486.28555770800006,8,2,4.6776000000000035,True
CHEMBL5779951,CDK4,10.0,nM,CC(C)N1CCOc2c(F)cc(-c3nc(Nc4ccc(N5CCOCC5)c(F)c4)ncc3F)cc21,8.0,485.203859732,7,1,4.748300000000004,True
CHEMBL5822252,CDK6,10.0,nM,CN1CCC(c2ccc(Nc3ncc(F)c(-c4cc(F)c5c(c4)N(C)CCO5)n3)cc2F)CC1,8.0,469.20894511200004,6,1,4.942300000000005,True
CHEMBL3545110,CDK4,10.0,nM,CN(C)C(=O)c1cc2cnc(Nc3ccc(N4CCNCC4)cn3)nc2n1C1CCCC1,8.0,434.25425758000006,7,2,2.7964,True
CHEMBL5177440,CDK9,10.0,nM,CNC(=O)CN1CCC(c2cc3c(-c4ccc(=O)n(C(C)C)c4)ccnc3[nH]2)CC1,8.0,407.23212516800004,4,2,2.897900000000001,True
CHEMBL3673504,CDK9,10.0,nM,Fc1cccc(CNc2cncc(-c3ccnc4[nH]c(C5CCNCC5)cc34)n2)c1,8.0,402.19682295600006,5,3,4.238100000000002,True
CHEMBL3673512,CDK9,10.0,nM,CN1CCC(c2cc3c(-c4cncc(NCc5ccccc5)n4)ccnc3[nH]2)CC1,8.0,398.2218948320001,5,2,4.441200000000002,True
CHEMBL3702118,CDK4,10.0,nM,OC1CCCN(Cc2ccc(Nc3ncc4c5ccncc5n(C5CCCC5)c4n3)nc2)C1,8.0,443.2433585480001,7,2,4.189900000000002,True
CHEMBL3642006,CDK4,10.0,nM,O[C@H]1CCN(C2CCN(c3ccc(Nc4ncc5c6ccncc6n(C6CCCC6)c5n4)nn3)CC2)C1,8.0,499.28080667600017,9,2,3.6636000000000024,True
CHEMBL3694399,CDK9,10.0,nM,COc1ccccc1-c1cc(N(C)C(=O)[C@@H]2CCCNC2)ncn1,8.0,326.17427594400004,5,1,2.1145999999999994,True
CHEMBL319903,CDK2,10.0,nM,NS(=O)(=O)c1ccc(Nc2cc(-c3ccc(Br)cc3)[nH]n2)cc1,8.0,391.9942587560001,4,3,3.230200000000001,True
CHEMBL403605,CDK2,10.0,nM,Cc1cccc(CC(=O)Nc2n[nH]c3ccc(N4CCCS4(=O)=O)cc23)c1,8.0,384.1256115,4,2,2.5924200000000006,True
CHEMBL410261,CDK1,10.0,nM,CN(C)CCCOc1cc2c(cc1O)c1c3c(c(-c4ccccc4Cl)cc1n2C)C(=O)NC3=O,8.0,477.145533928,5,2,4.571600000000004,True
CHEMBL4294976,CDK9,10.0,nM,CCOc1ccccc1CNc1nc(C)nc2[nH]cc(-c3ccnc(N)c3)c12,8.0,374.18550932400007,6,3,3.9213200000000015,True
CHEMBL404504,CDK2,10.0,nM,O=C(Cc1cccc(Cl)c1)Nc1n[nH]c2ccc(N3CCCS3(=O)=O)cc12,8.0,404.07098908399996,4,2,2.937400000000001,True
CHEMBL2012408,CDK1,10.0,nM,Cn1cc(Nc2ncc3cnn([C@@H]4C[C@H]5C[C@H]5C4)c3n2)cc1C(=O)N1CCC[C@H]1C(N)=O,8.0,434.217872072,6,2,1.9692999999999998,True
CHEMBL5886747,CDK2,10.3,nM,Cc1nc2c(F)cc(-c3nc(Nc4ccc5c(n4)CCNC5)ncc3F)cc2n1C1(C)CC1,7.987162775294828,447.1983001760001,6,2,4.3732200000000025,True
CHEMBL6161225,CDK9,10.3,nM,CC(C)N1CCC(c2cc3c(-c4cnn(CC5CC5)c4)c(Cl)cnc3[nH]2)CC1,7.987162775294828,397.20332357600006,3,1,5.077600000000005,True
CHEMBL5774332,CDK2,10.3,nM,Cc1nc2c(F)cc(-c3nc(Nc4ccc5c(n4)CCN(C[C@@H]4CN(C)CCO4)C5)ncc3F)cc2n1C(C)(C)C,7.987162775294828,562.2980142120001,8,1,4.662220000000004,True
CHEMBL5905735,CDK6,10.4,nM,Cc1nc2c(F)cc(-c3nc(Nc4ccc5c(n4)CCN(C(C)C)C5)ncc3F)cc2n1C(C)C,7.982966660701219,477.2452503680001,6,1,5.565920000000005,True
CHEMBL6017199,CDK2,10.4,nM,COC(=O)C(=O)N1CCc2nc(Nc3ncc(F)c(-c4cc(F)c5nc(C)n(C(C)C)c5c4)n3)ccc2C1,7.982966660701219,521.1986941,8,1,3.8571200000000028,True
CHEMBL6002674,CDK9,10.5,nM,CNCCN1CCc2nc(Nc3ncc(F)c(-c4cc(F)c5nc(C)n(C(C)(C)C)c5c4)n3)ccc2C1,7.978810700930062,506.271799464,7,2,4.551020000000004,True
CHEMBL3684978,CDK4,10.5,nM,COCCN1CCc2nc(Nc3ncc4c5ccncc5n([C@H]5CC[C@H](C)CC5)c4n3)ccc2C1,7.978810700930062,471.27465867600006,7,1,4.873800000000004,True
CHEMBL5784667,CDK9,10.5,nM,Cc1nc2c(F)cc(-c3nc(Nc4ccc5c(n4)CCN(C(=O)C(C)N(C)C)C5)ncc3F)cc2n1C(C)C,7.978810700930062,534.2667140840001,7,1,4.634220000000004,True
CHEMBL6141840,CDK9,10.6,nM,COCCN1CCC(c2cc3c(-c4cnn(CC5CC5)c4)c(Cl)cnc3[nH]2)CC1,7.97469413473523,413.19823819600003,4,1,4.315600000000003,True
CHEMBL5759958,CDK6,10.6,nM,Cc1nc2c(F)cc(-c3nc(Nc4ccc5c(n4)CCN(C(=O)CN(C)C)C5)ncc3F)cc2n1C1CCCC1,7.97469413473523,546.2667140840001,7,1,4.779920000000004,True
CHEMBL421578,CDK2,10.7,nM,CS(=O)(=O)Nc1cccc(-c2cc(Nc3ccc(S(N)(=O)=O)cc3)[nH]n2)c1,7.97061622231479,407.07219602400005,6,4,1.8391999999999997,True
CHEMBL4786429,CDK9,10.7,nM,CN(C)C/C=C/C(=O)Nc1cccc(C(=O)Nc2ncc(SCc3ncc(C(C)(C)C)o3)s2)c1,7.97061622231479,499.171181788,8,2,5.029500000000004,True
CHEMBL319103,CDK2,10.7,nM,NS(=O)(=O)c1ccc(Nc2cc(-c3cccc(NS(=O)(=O)c4ccccc4)c3)[nH]n2)cc1,7.97061622231479,469.08784608800005,6,4,3.2685000000000013,True
CHEMBL4641226,CDK2,10.8,nM,C=CC(=O)N1CCC(C(=O)Nc2ncc(SCc3ncc(C(C)(C)C)o3)s2)CC1,7.966576244513051,434.144632692,7,1,4.084000000000003,True
CHEMBL5908734,CDK9,10.8,nM,Cc1nc2c(F)cc(-c3nc(Nc4ccc5c(n4)CCN(CCO)C5)ncc3F)cc2n1C(C)C,7.966576244513051,479.22451492400006,7,2,4.149820000000003,True
CHEMBL3298982,CDK2,11.0,nM,O=C(N[C@H](CO)c1ccc(Cl)c(Cl)c1)N1CCc2cnc(NC3CCOCC3)nc2C1,7.958607314841775,465.13344502000007,6,3,3.175600000000002,True
CHEMBL3237451,CDK4,11.0,nM,c1cc2c3cnc(Nc4ccc(N5CCNCC5)cn4)nc3n(C3CCCCC3)c2cn1,7.958607314841775,428.243692896,7,2,4.032900000000003,True
CHEMBL3702225,CDK4,11.0,nM,CC[C@@H](C)n1c2cnccc2c2cnc(Nc3ccc(N4CCC(NC)CC4)cn3)nc21,7.958607314841775,430.2593429600001,7,2,4.277300000000003,True
CHEMBL3940387,CDK9,11.0,nM,CC(C)c1c2cc(-c3ccnc(N[C@H]4CC[C@H](NC5CCOCC5)CC4)n3)ccc2nn1C,7.958607314841775,448.29505977200006,6,2,4.645400000000004,True
CHEMBL6167833,CDK6,11.0,nM,CC(=O)N1CCC2(CC1)CC(=O)c1ccc(-c3nc(Nc4ccc(N5CCN(C(=O)C6CC6)CC5)cn4)ncc3F)cc1O2,7.958607314841775,599.2656307880001,9,1,3.8262000000000027,True
CHEMBL3642000,CDK6,11.0,nM,C[C@H](CO)NC1CCN(c2ccc(Nc3ncc4c5ccncc5n(C5CCCC5)c4n3)nn2)CC1,7.958607314841775,487.28080667600017,9,3,3.567400000000002,True
CHEMBL3641937,CDK4,11.0,nM,C[C@@H](CO)n1c2cnccc2c2cnc(Nc3ccc(N4CCNC(C)(C)C4)nn3)nc21,7.958607314841775,433.2338564840001,9,3,2.2546,True
CHEMBL3698679,CDK4,11.0,nM,OCC1(n2c3cnccc3c3cnc(Nc4ccc(N5CCNCC5)cn4)nc32)CCCC1,7.958607314841775,444.23860751600006,8,3,2.789300000000001,True
CHEMBL3702074,CDK4,11.0,nM,FC(F)(F)C1CN(c2ccc(Nc3ncc4c5ccncc5n(C5CCCC5)c4n3)nc2)CCN1,7.958607314841775,482.2154274600001,7,2,4.573700000000002,True
CHEMBL3702058,CDK4,11.0,nM,c1cc2c3cnc(Nc4ccc(N5CCN(C6CC6)CC5)cn4)nc3n(C3CCCC3)c2cn1,7.958607314841775,454.2593429600001,7,1,4.517600000000003,True
CHEMBL3673509,CDK9,11.0,nM,O=C(CO)N1CCC(c2cc3c(-c4cncc(NCc5cccc(F)c5)n4)ccnc3[nH]2)CC1,7.958607314841775,460.20230226000007,6,3,3.469400000000002,True
CHEMBL484738,CDK2,11.0,nM,Cc1ncc(-c2ccnc(Nc3ccc(S(N)(=O)=O)cc3)n2)n1C,7.958607314841775,344.105544752,6,2,1.57652,True
CHEMBL5811976,CDK9,11.0,nM,Cc1nc2c(F)cc(-c3nc(Nc4ccc5c(n4)CCN(C[C@@H]4CNCCO4)C5)ncc3F)cc2n1C(C)(C)C,7.958607314841775,548.2823641480002,8,2,4.320020000000003,True
CHEMBL3642010,CDK6,11.0,nM,CCN(CCO)C1CCN(c2ccc(Nc3ncc4c5ccncc5n(C5CCCC5)c4n3)nn2)CC1,7.958607314841775,501.29645674000017,9,2,3.9112000000000027,True
CHEMBL3702121,CDK6,11.0,nM,CCOC(=O)CN1CCN(Cc2ccc(Nc3ncc4c5ccncc5n(C5CCCC5)c4n3)nc2)CC1,7.958607314841775,514.2804723280001,9,1,3.9139000000000026,True
CHEMBL3644023,CDK2,11.0,nM,C=CCS(=O)(=O)c1ccc(Nc2ncc(C(F)(F)F)c(O[C@H](C)C(C)(C)O)n2)cc1,7.958607314841775,445.128311844,7,2,3.736900000000002,True
CHEMBL3698708,CDK6,11.0,nM,CNC1CCN(c2ccc(Nc3ncc4c5ccncc5n(C5CCCC5)c4n3)nn2)CC1,7.958607314841775,443.2545919280001,8,2,3.8164000000000025,True
CHEMBL3642647,CDK2,11.0,nM,Fc1ccccc1-c1cc(NCc2cccnc2)n2ncc(Br)c2n1,7.958607314841775,397.03383573600007,4,1,4.305000000000002,True
CHEMBL3648122,CDK1,11.0,nM,CCS(=N)(=O)c1ccc(Nc2ncc(Br)c(N[C@@H](C)[C@H](C)O)n2)cc1,7.958607314841775,427.067758044,7,4,3.5894700000000013,True
CHEMBL5853767,CDK9,11.0,nM,Cc1nc2c(F)cc(-c3nc(Nc4ccc5c(n4)CCN(C[C@@H]4CNCCO4)C5)ncc3F)cc2n1C(C)C,7.958607314841775,534.2667140840001,8,2,4.145920000000003,True
CHEMBL3648118,CDK1,11.0,nM,COC[C@@H](Nc1nc(Nc2ccc(S(C)(=N)=O)cc2)ncc1Br)[C@@H](C)O,7.958607314841775,443.06267266399993,8,4,2.8258700000000014,True
CHEMBL3648104,CDK2,11.0,nM,CC(Sc1nc(Nc2ccc(S(C)(=N)=O)cc2)ncc1Br)C(C)(C)O,7.958607314841775,444.028930012,7,3,4.269670000000003,True
CHEMBL6048798,CDK6,11.0,nM,CC(C)N1CCOc2c(F)cc(-c3nc(Nc4ccc(N5CCNCC5)c(F)c4F)ncc3F)cc21,7.958607314841775,502.21042233200006,7,2,4.4604000000000035,True
CHEMBL3702146,CDK4,11.0,nM,O=C(Cc1ccc(Nc2ncc3c4ccncc4n(C4CCCC4)c3n2)nc1)N1CCOCC1,7.958607314841775,457.2226231040001,7,1,3.634500000000002,True
CHEMBL424722,CDK4,11.0,nM,O=c1c2cccc3c2sn1CCCCCCOc1cccc2nc(O)c-3nc12,7.958607314841775,393.11471246800005,6,1,4.3316000000000034,True
CHEMBL5198372,CDK9,11.0,nM,CSCCn1cc(-c2ccnc3[nH]c(C4CCN(CC(=O)N(C)C)CC4)cc23)ccc1=O,7.958607314841775,453.219846232,5,1,3.0222000000000016,True
CHEMBL273060,CDK2,11.0,nM,NS(=O)(=O)c1ccc(N/N=C2\C(=O)Nc3ccc(I)cc32)cc1,7.958607314841775,441.959659212,5,3,1.7069,True
CHEMBL563308,CDK1,11.0,nM,CC(C)COc1ccc2sc3c(c2c1)NC[C@@H](C)NC3=O,7.958607314841775,304.12454887999996,4,2,3.4799000000000015,True
CHEMBL189963,CDK4,11.0,nM,CC(=O)c1c(C)c2cnc(Nc3ccc(N4CCNCC4)cn3)nc2n(C2CCCC2)c1=O,7.958607314841775,447.2382731680001,8,2,2.965820000000001,True
CHEMBL3702224,CDK4,11.0,nM,CC[C@@H](C)n1c2cnccc2c2cnc(Nc3ccc(N4CCNC(C)(C)C4)nn3)nc21,7.958607314841775,431.25459192800014,8,2,3.6723000000000017,True
CHEMBL3702208,CDK4,11.0,nM,NC1CCN(c2ccc(Nc3ncc4c5ccccc5n(C5CCCC5)c4n3)nn2)CC1,7.958607314841775,428.2436928960001,7,2,4.160700000000003,True
CHEMBL3663759,CDK9,11.0,nM,COc1ccc(F)cc1-c1ccnc2[nH]c(C3CCNCC3)cc12,7.958607314841775,325.15904048,3,2,3.8446000000000025,True
CHEMBL3702209,CDK4,11.0,nM,CN(C)C1CCN(c2ccc(Nc3ncc4c5ccccc5n(C5CCCC5)c4n3)nc2)CC1,7.958607314841775,455.2797440560001,6,1,5.368600000000005,True
CHEMBL3702220,CDK6,11.0,nM,CC[C@@H](C)n1c2cnccc2c2cnc(Nc3ccc(N4CCNCC4)cn3)nc21,7.958607314841775,402.2280428320001,7,2,3.4987000000000013,True
CHEMBL3702221,CDK6,11.0,nM,CC[C@@H](C)n1c2cnccc2c2cnc(Nc3ccc(N4CCN[C@@H](C)C4)cn3)nc21,7.958607314841775,416.2436928960001,7,2,3.8872000000000027,True
CHEMBL453895,CDK2,11.0,nM,Cc1ncc(-c2ccnc(Nc3ccc(C(=O)NC4CCN(C)CC4)c(F)c3)n2)n1C(C)C,7.958607314841775,451.2495868000001,6,2,3.9361200000000025,True
CHEMBL3702045,CDK4,11.0,nM,CCN1CCN(c2ccc(Nc3ncc4c5ccncc5n(C5CCCC5)c4n3)nn2)CC1,7.958607314841775,443.2545919280001,8,1,3.770100000000002,True
CHEMBL3668476,CDK9,11.0,nM,Fc1ccc(NCc2ccccc2)cc1-c1ccnc2[nH]c(C3CCCNC3)cc12,7.958607314841775,400.20632502000007,3,3,5.448100000000004,True
CHEMBL539855,CDK4,11.0,nM,CN1CCOc2cccc3nc(O)c(nc23)-c2cccc3c(=O)n(sc23)CC1.Cl,7.958607314841775,430.086639148,7,1,3.2113000000000027,True
CHEMBL181114,CDK2,11.0,nM,N[C@H]1CC[C@H](Nc2cc(Nc3ccc(S(=O)(=O)c4cccs4)cc3)n3ncc(Cl)c3n2)CC1,7.958607314841775,502.1012436560001,8,3,4.7024000000000035,True
CHEMBL3698739,CDK6,11.0,nM,N[C@@H]1CCN(c2ccc(Nc3ncc4c5ccncc5n(C5CCCC5)c4n3)nn2)C1,7.958607314841775,415.2232918000001,8,2,3.1656000000000013,True
CHEMBL3702207,CDK4,11.0,nM,c1ccc2c(c1)c1cnc(Nc3ccc(N4CCNCC4)nn3)nc1n2C1CCCC1,7.958607314841775,414.2280428320001,7,2,3.642800000000002,True
CHEMBL460102,CDK1,11.0,nM,Cc1ncc(-c2nc(Nc3ccc(C(=O)N4CC[C@H](N(C)C)C4)cc3)ncc2F)n1C(C)C,7.958607314841775,451.24958680000003,6,1,3.888220000000003,True
CHEMBL460103,CDK1,11.0,nM,Cc1ncc(-c2nc(Nc3ccc(C(=O)N4CC[C@@H](N(C)C)C4)cc3)ncc2F)n1C(C)C,7.958607314841775,451.24958680000003,6,1,3.888220000000003,True
CHEMBL4442620,CDK4,11.0,nM,C[C@@H](O)[C@@H](C)Oc1nc(Nc2ccc(S(=N)(=O)C3CC3)cc2)ncc1C(F)(F)F,7.958607314841775,430.1286461920001,7,3,3.9551700000000025,True
CHEMBL5207146,CDK9,11.0,nM,COc1cc(C(=O)N2CCCC2)ccc1-c1ccnc2[nH]c(C3CCN(C(C)=O)CC3)cc12,7.958607314841775,446.23179082,4,1,4.200400000000004,True
CHEMBL3702182,CDK4,11.0,nM,CCN(CC)C1CCN(c2ccc(Nc3ncc4c5ccnnc5n(C5CCCC5)c4n3)nc2)CC1,7.958607314841775,485.30154212000014,8,1,4.938800000000004,True
CHEMBL3702184,CDK4,11.0,nM,CCN(CC)C1CCN(c2ccc(Nc3ncc4c5ccnc(OC)c5n(C5CCCC5)c4n3)nn2)CC1,7.958607314841775,515.3121068040001,9,1,4.9474000000000045,True
CHEMBL3237446,CDK6,11.0,nM,O=c1[nH]ccc2c3cnc(Nc4ccc(N5CCNCC5)cn4)nc3n(C3CCCC3)c12,7.958607314841775,430.22295745200006,7,3,2.9361000000000006,True
CHEMBL3673523,CDK9,11.0,nM,OCC(O)CN1CCC(c2cc3c(-c4cncc(OCc5cccc(F)c5)n4)ccnc3[nH]2)CC1,7.958607314841775,477.2176179760001,7,3,3.2706000000000017,True
CHEMBL3673547,CDK9,11.0,nM,CNC(=O)C1CC=C(c2cc3c(-c4cncc(NCc5ccccc5)n4)ccnc3[nH]2)CC1,7.958607314841775,438.21680945200006,5,3,4.561500000000003,True
CHEMBL3698669,CDK4,11.0,nM,c1cc2c3cnc(Nc4ccc(N5CCNCC5)cn4)nc3n(C3CCCCCC3)c2cn1,7.958607314841775,442.25934296,7,2,4.423000000000004,True
CHEMBL3648089,CDK2,11.0,nM,CCOC(=O)N=S(=O)(CC)c1ccc(Nc2ncc(Br)c(N[C@H](C)[C@H](C)O)n2)cc1,7.958607314841775,499.0888874120001,8,3,4.167200000000003,True
CHEMBL3702170,CDK4,11.0,nM,c1cc2c3cnc(Nc4ccc(OC5CCNCC5)nn4)nc3n(C3CCCC3)c2cn1,7.958607314841775,430.22295745200006,8,2,3.759000000000002,True
CHEMBL6021151,CDK1,11.0,nM,CN1N=CC2(CCCCC2)n2c1cc1cnc(Nc3ccc(S(N)(=O)=O)cc3)nc12,7.958607314841775,425.163393976,7,2,2.9173,True
CHEMBL364935,CDK1,11.0,nM,FC(F)(F)c1cnc(Nc2ccc(Br)cc2)nc1Nc1ccc2[nH]cnc2c1,7.958607314841775,448.02589114400007,5,3,5.621400000000002,True
CHEMBL5761239,CDK6,11.1,nM,CS(=O)(=O)c1cc2cnc(Nc3ccc(C4=CCNCC4)cn3)nc2n1C1CCCC1,7.954677021213342,438.18379507200007,7,2,3.465200000000002,True
CHEMBL3698732,CDK6,11.1,nM,OC1CCN(c2ccc(Nc3ncc4c5ccncc5n(C5CCCC5)c4n3)nn2)CC1,7.954677021213342,430.22295745200006,8,2,3.5893000000000024,True
CHEMBL4210707,CDK6,11.2,nM,CC1(C)CCc2nc3c(F)cc(-c4nc(Nc5ccc(CN6CCN(CCF)CC6)cn5)ncc4F)cc3n21,7.950781977329818,536.2623776520002,7,1,4.678500000000004,True
CHEMBL3698721,CDK6,11.2,nM,c1cc2c3cnc(Nc4ccc(N[C@@H]5CCNC5)nn4)nc3n(C3CCCC3)c2cn1,7.950781977329818,415.2232918000001,8,3,3.402000000000002,True
CHEMBL5813772,CDK9,11.4,nM,Cc1nc2c(F)cc(-c3nc(Nc4ccc5c(n4)CCN(C)C5)ncc3F)cc2n1C(C)C,7.943095148663527,449.2139502400001,6,1,4.787320000000003,True
CHEMBL3698640,CDK6,11.5,nM,C[C@@H]1CN(c2ccc(Nc3ncc4c5ccncc5n(C5CCCC5)c4n3)nn2)CCN1,7.939302159646388,429.2389418640001,8,2,3.4263000000000003,True
CHEMBL4777844,CDK2,11.5,nM,CN(C)C/C=C/C(=O)N1CCC(C(=O)Nc2ncc(SCc3ncc(C(C)(C)C)o3)s2)CC1,7.939302159646388,491.202481916,8,1,4.015800000000003,True
CHEMBL5561839,CDK6,11.5,nM,CC(C)n1nnc2ccc(-c3ccnc(Nc4cc(C(=O)N5CCCC5)ccn4)c3)cc21,7.939302159646388,427.21205842000006,6,1,4.448800000000004,True
CHEMBL3691610,CDK4,11.5,nM,CN(C)C(=O)c1cc2cnc(Nc3ccc(C(=O)N4CCC5CCC(C4)N5)cn3)nc2n1C1CCCC1,7.939302159646388,502.2804723280001,7,2,3.353300000000001,True
CHEMBL5416114,CDK2,11.58,nM,Cl.N[C@H]1CCN(c2c3c(nc4ccc(-c5ccnc(NC(=O)C6CC6)n5)cc24)CCCCC3)C1,7.936291440608582,478.22478729200003,6,2,4.268400000000003,True
CHEMBL3702033,CDK4,12.0,nM,CC1CN(c2ccc(Nc3ncc4c5cc[nH]c(=O)c5n(C5CCCC5)c4n3)nn2)CC(C)N1,7.920818753952375,459.2495065480001,8,3,3.1081000000000003,True
CHEMBL6012819,CDK4,12.0,nM,CC1CN(C(C)C)c2cc(-c3nc(Nc4ccc(N5CCNCC5)c(F)c4)ncc3F)cc(F)c2O1,7.920818753952375,498.23549420800003,7,2,4.709800000000004,True
CHEMBL309573,CDK2,12.0,nM,COCCNS(=O)(=O)c1ccc(Nc2nccc(-c3cnc4ccccn34)n2)cc1,7.920818753952375,424.1317595000001,7,2,2.4596,True
CHEMBL456963,CDK2,12.0,nM,O=C(NC1CCCCC1)c1n[nH]cc1NC(=O)c1c(F)cccc1F,7.920818753952375,348.139782256,3,3,3.002700000000001,True
CHEMBL3691548,CDK4,12.0,nM,CN(C)C(=O)c1cc2cnc(Nc3ccc(C(=O)N4CCC5(CC4)CNC5)cn3)nc2n1C1CCCCCC1,7.920818753952375,530.3117724560001,7,2,3.992600000000002,True
CHEMBL402157,CDK1,12.0,nM,O=C(Cc1ccc(Cl)cc1)Nc1n[nH]c2ccc(N3CCCS3(=O)=O)cc12,7.920818753952375,404.07098908399996,4,2,2.937400000000001,True
CHEMBL3698738,CDK4,12.0,nM,N[C@H]1CCN(c2ccc(Nc3ncc4c5ccncc5n(C5CCCC5)c4n3)nn2)C1,7.920818753952375,415.2232918000001,8,2,3.1656000000000013,True
CHEMBL3668375,CDK9,12.0,nM,CN1CCC(c2cc3c(-c4cccc(NCc5c(F)cccc5F)n4)ccnc3[nH]2)CC1,7.920818753952375,433.2078022400001,4,2,5.324400000000004,True
CHEMBL6151897,CDK6,12.0,nM,CCOC(=O)C1CCN(c2ccc(Nc3ncc(F)c(-c4ccc5c(c4)OC4(CCN(C(C)=O)CC4)CC5=O)n3)nc2)CC1,7.920818753952375,602.2652964399998,10,1,4.547100000000004,True
CHEMBL3691642,CDK4,12.0,nM,CN(C)C(=O)c1cc2cnc(Nc3ccc(N4C[C@@]5(CCCNCC5)OC4=O)cn3)nc2n1C1CCCC1,7.920818753952375,518.2753869480001,8,2,3.8557000000000023,True
CHEMBL3691646,CDK4,12.0,nM,CN(C)C(=O)c1cc2cnc(Nc3ccc(N4C[C@@]5(CCCNC5)OC4=O)cn3)nc2n1C1CCCC1,7.920818753952375,504.25973688400006,8,2,3.465600000000002,True
CHEMBL5994018,CDK9,12.0,nM,Fc1cccc(Cn2cnc3ccc(-c4cc(NCCC5CCNCC5)ncc4Cl)cc32)c1,7.920818753952375,463.1939017640001,4,2,5.740700000000005,True
CHEMBL3702217,CDK4,12.0,nM,CC[C@@H](C)n1c2cnccc2c2cnc(Nc3ccc(N4CCN[C@@H](C)C4)nn3)nc21,7.920818753952375,417.23894186400014,8,2,3.2822000000000013,True
CHEMBL3298310,CDK2,12.0,nM,CC[C@@H](NC(=O)N1CCc2cnc(N[C@@H](C)CO)nc2C1)c1ccc(Cl)c(Cl)c1,7.920818753952375,437.13853040000004,5,3,3.7951000000000024,True
CHEMBL3691656,CDK4,12.0,nM,CN(C)C(=O)c1cc2cnc(Nc3ccc(N4CC5(CCNCC5)OC4=O)cn3)nc2n1C1CCCC1,7.920818753952375,504.25973688400006,8,2,3.465600000000002,True
CHEMBL5992870,CDK1,12.0,nM,CN1CCN(C(=O)c2ccc(Nc3ncc4cc5n(c4n3)C3(CCCCC3)CC(=O)N5)cc2)CC1,7.920818753952375,473.25392323200003,6,2,3.5641000000000016,True
CHEMBL3668418,CDK9,12.0,nM,COc1ccc(F)cc1-c1ccnc2[nH]c(C3CNC3)cc12,7.920818753952375,297.127740352,3,2,3.064400000000001,True
CHEMBL311992,CDK2,12.0,nM,NCCOc1cc(-c2ccc[nH]2)c2c3c(ccc(F)c13)NC2=O,7.920818753952375,311.10700490799996,3,3,2.8772,True
CHEMBL3702209,CDK6,12.0,nM,CN(C)C1CCN(c2ccc(Nc3ncc4c5ccccc5n(C5CCCC5)c4n3)nc2)CC1,7.920818753952375,455.2797440560001,6,1,5.368600000000005,True
CHEMBL3663764,CDK9,12.0,nM,COc1cc(F)c(F)cc1-c1ccnc2[nH]c(C3CCNCC3)cc12,7.920818753952375,343.149618668,3,2,3.9837000000000016,True
CHEMBL409892,CDK1,12.0,nM,NS(=O)(=O)c1ccc(N/N=C2\C(=O)Nc3ccc4ncccc4c32)cc1,7.920818753952375,367.07391027600005,6,3,1.6504999999999999,True
CHEMBL215803,CDK6,12.0,nM,C[C@@H]1C[C@H]2CN1CCn1nc3c(cccc3c1O)-c1nc3c(cccc3nc1O)O2,7.920818753952375,403.164439532,7,2,2.912900000000001,True
CHEMBL2158843,CDK1,12.0,nM,NS(=O)(=O)c1cccc(Nc2nccc(-c3ccnc(NCCCO)c3)n2)c1,7.920818753952375,400.13175950000004,8,4,1.7238999999999995,True
CHEMBL409731,CDK1,12.0,nM,COC(=O)c1ccc2c(c1)/C(=C/Nc1ccc(S(N)(=O)=O)cc1)C(=O)N2,7.920818753952375,373.07324158,6,3,1.5256999999999996,True
CHEMBL3702248,CDK6,12.0,nM,CC1(C)CN(c2ccc(Nc3ncc4c5ccncc5n(C5CCC5)c4n3)nn2)CCN1,7.920818753952375,429.23894186400014,8,2,3.4263000000000003,True
CHEMBL432491,CDK2,12.0,nM,NS(=O)(=O)c1ccc2c(c1)/C(=C/c1[nH]cc3c1CCOC3=O)C(=O)N2,7.920818753952375,359.057591516,5,3,0.8676999999999999,True
CHEMBL1964259,CDK1,12.0,nM,O=C1Nc2ccc3ncsc3c2/C1=C/Nc1ccc(S(=O)(=O)NCCOCCO)cc1,7.920818753952375,460.0875117399999,8,4,1.9886000000000004,True
CHEMBL5902314,CDK4,12.0,nM,CC(C)N1CCOc2c(F)cc(-c3nc(Nc4ccc5c(c4)C(=O)NCC5)ncc3F)cc21,7.920818753952375,451.18198141600004,6,2,4.058500000000002,True
CHEMBL3642036,CDK6,12.0,nM,OC[C@@H](O)CNC1CCN(c2ccc(Nc3ncc4c5ccncc5n(C5CCCC5)c4n3)nn2)CC1,7.920818753952375,503.27572129600014,10,4,2.5397999999999996,True
CHEMBL359554,CDK4,12.0,nM,c1ccc(Nc2nccc(-c3cnn4ncccc34)n2)cc1,7.920818753952375,288.112344384,5,1,2.929900000000001,True
CHEMBL3644024,CDK1,12.0,nM,CC(C)S(=O)(=O)c1ccc(Nc2ncc(C(F)(F)F)c(O[C@H](C)[C@@H](C)O)n2)cc1,7.920818753952375,433.128311844,7,2,3.569200000000002,True
CHEMBL513354,CDK4,12.0,nM,CCN(CC)Cc1cccc(Nc2nccc(-c3cnn4ncccc34)n2)c1,7.920818753952375,373.2014937360001,6,1,3.771700000000002,True
CHEMBL3648085,CDK2,12.0,nM,CCOC(=O)N=S(C)(=O)c1ccc(Nc2ncc(Br)c(N[C@H](C)[C@H](C)O)n2)cc1,7.920818753952375,485.073237348,8,3,3.7771000000000026,True
CHEMBL4802161,CDK4,12.0,nM,CC(=O)c1c(C)c2cnc(Nc3ccc(C4CCNCC4)cn3)nc2n(C2CCCC2)c1=O,7.920818753952375,446.24302420000004,7,2,4.023220000000003,True
CHEMBL3644027,CDK2,12.0,nM,COC[C@@H](C)Oc1nc(Nc2ccc(S(C)(=O)=O)cc2)ncc1C(F)(F)F,7.920818753952375,405.097011716,7,1,3.0562000000000014,True
CHEMBL5867014,CDK4,12.0,nM,CC(C)N1CCOc2c(F)cc(-c3nc(Nc4ccc(N5CCN(C(=O)N(C)C)CC5)cn4)ncc3F)cc21,7.920818753952375,538.2616287040001,8,1,3.971200000000003,True
CHEMBL3644021,CDK2,12.0,nM,C[C@@H](O)[C@@H](C)Oc1nc(Nc2ccc(S(=O)(=O)C(F)F)cc2)ncc1C(F)(F)F,7.920818753952375,441.078168092,7,2,3.3834000000000017,True
CHEMBL272028,CDK2,12.0,nM,NS(=O)(=O)c1ccc(N/N=C2\C(=O)Nc3ccc(C(=O)NCCc4c[nH]cn4)cc32)cc1,7.920818753952375,453.1219230880001,7,5,0.7979000000000005,True
CHEMBL3698710,CDK4,12.0,nM,CC1CN(c2cnc(Nc3ncc4c5ccncc5n(C5CCCC5)c4n3)cn2)CC(C)N1,7.920818753952375,443.2545919280001,8,2,3.8148000000000026,True
CHEMBL3698687,CDK4,12.0,nM,COc1nccc2c3cnc(Nc4ccc(N5CCNCC5)cn4)nc3n(C3CCCC3)c12,7.920818753952375,444.23860751600006,8,2,3.6514000000000024,True
CHEMBL3702135,CDK6,12.0,nM,c1ccc(-n2c3cnccc3c3cnc(Nc4ccc(N5CCNCC5)cn4)cc32)cc1,7.920818753952375,421.2014937360001,6,2,4.121900000000003,True
CHEMBL3642029,CDK6,12.0,nM,OC1CN(C2CCN(c3ccc(Nc4ncc5c6ccncc6n(C6CCCC6)c5n4)nc3)CC2)C1,7.920818753952375,484.26990764400006,8,2,3.8785000000000025,True
CHEMBL3673517,CDK9,12.0,nM,Fc1cccc(COc2cncc(-c3ccnc4[nH]c(C5CCNCC5)cc34)n2)c1,7.920818753952375,403.18083854400004,5,2,4.205000000000002,True
CHEMBL3642005,CDK4,12.0,nM,O[C@@H]1CCN(C2CCN(c3ccc(Nc4ncc5c6ccncc6n(C6CCCC6)c5n4)nn3)CC2)C1,7.920818753952375,499.28080667600017,9,2,3.6636000000000024,True
CHEMBL1171949,CDK2,12.0,nM,NC(=O)c1nn(CC2CCNCC2)c2c1CCc1cnc(Nc3ccccc3)nc1-2,7.920818753952375,403.21205842000006,6,3,2.2807999999999993,True
CHEMBL3642016,CDK6,12.0,nM,C[C@@H](O)CNC1CCN(c2ccc(Nc3ncc4c5ccncc5n(C5CCCC5)c4n3)nc2)CC1,7.920818753952375,486.2855577080001,8,3,4.172400000000003,True
CHEMBL3642020,CDK6,12.0,nM,c1cc2c3cnc(Nc4ccc(N5CCC(NC6CC6)CC5)cn4)nc3n(C3CCCC3)c2cn1,7.920818753952375,468.2749930240001,7,2,4.954000000000004,True
CHEMBL3642015,CDK4,12.0,nM,C[C@H](O)CNC1CCN(c2ccc(Nc3ncc4c5ccncc5n(C5CCCC5)c4n3)nc2)CC1,7.920818753952375,486.2855577080001,8,3,4.172400000000003,True
CHEMBL3639975,CDK4,12.0,nM,c1cc2c3cnc(Nc4cnc(NC5CCNCC5)cn4)nc3n(C3CCCC3)c2cn1,7.920818753952375,429.2389418640001,8,3,3.7921000000000022,True
CHEMBL260103,CDK2,12.0,nM,COc1ccc2c(c1)/C(=N/Nc1ccc(S(N)(=O)=O)cc1)C(=O)N2,7.920818753952375,346.07357592799997,6,3,1.1108999999999998,True
CHEMBL509406,CDK1,12.0,nM,Cc1ncc(-c2nc(Nc3ccc(C(=O)NC4CCN(C)CC4)c(F)c3)ncc2F)n1C(C)C,7.920818753952375,469.24016498800006,6,2,4.075220000000003,True
CHEMBL3641994,CDK6,12.0,nM,OCCNC1CCN(c2ccc(Nc3ncc4c5ccncc5n(C5CCCC5)c4n3)nn2)CC1,7.920818753952375,473.2651566120001,9,3,3.1789000000000014,True
CHEMBL5803114,CDK4,12.0,nM,CC(C)N1CCOc2c(F)cc(-c3nc(Nc4ccc(N5CCNCC5)c(F)c4)ncc3F)cc21,7.920818753952375,484.2198441440001,7,2,4.321300000000003,True
CHEMBL3641988,CDK4,12.0,nM,CNC1CCN(c2ccc(Nc3ncc4c5ccncc5n([C@@H]5CCOC5)c4n3)nc2)CC1,7.920818753952375,444.238607516,8,2,3.2677000000000014,True
CHEMBL6059395,CDK9,12.0,nM,N#CCC(=O)N[C@@H]1CCC[C@H](C(=O)Nc2cc(-c3cnn4c3CCCC4)c(Cl)cn2)C1,7.920818753952375,440.17275172000006,5,2,3.4619800000000023,True
CHEMBL411865,CDK2,12.0,nM,NS(=O)(=O)c1ccc(N/N=C2\C(=O)Nc3cccc(CCc4ccc(O)cc4)c32)cc1,7.920818753952375,436.12052611999997,6,4,2.5931000000000006,True
CHEMBL495545,CDK4,12.0,nM,CN1CCN(c2ccc(Nc3nccc(-c4cnn5ncccc45)n3)cc2)CC1,7.920818753952375,386.19674270400003,7,1,2.681700000000001,True
CHEMBL99780,CDK1,12.0,nM,COc1ccc2sc3c(c2c1)NC[C@@H](C)NC3=O,7.920818753952375,262.077598688,4,2,2.4537000000000004,True
CHEMBL82767,CDK2,12.0,nM,NCCNc1cc(-c2ccc[nH]2)c2c3c(ccc(F)c13)NC2=O,7.920818753952375,310.12298932,3,4,2.9103000000000003,True
CHEMBL4211162,CDK4,12.1,nM,CCN1CCN(Cc2ccc(Nc3cc(-c4cc(F)c5nc(C)n(C(C)C)c5c4)c(F)cn3)nn2)CC1,7.91721462968355,506.2717994640001,7,1,4.936920000000004,True
CHEMBL5976713,CDK4,12.1,nM,Cc1nc2c(F)cc(-c3nc(Nc4ccc5c(n4)CCN(CC[N+](C)(C)[O-])C5)ncc3F)cc2n1C1CC1,7.91721462968355,520.2510640200001,7,1,4.485720000000003,True
CHEMBL5836560,CDK4,12.1,nM,Cc1nc2c(F)cc(-c3nc(Nc4ccc5c(n4)CC[N+]([O-])(CC[N+](C)(C)[O-])C5)ncc3F)cc2n1C1CC1,7.91721462968355,536.2459786400001,7,1,4.498320000000004,True
CHEMBL3698726,CDK6,12.4,nM,c1cc2c3cnc(Nc4ccc(NC5CCNCC5)nn4)nc3n(C3CCCC3)c2cn1,7.906578314837764,429.2389418640001,8,3,3.7921000000000022,True
CHEMBL5935222,CDK6,12.4,nM,COC(=O)CN1CCc2nc(Nc3ncc(F)c(-c4cc(F)c5nc(C)n(C(C)C)c5c4)n3)ccc2C1,7.906578314837764,507.2194295440001,8,1,4.3305200000000035,True
CHEMBL5953872,CDK6,12.4,nM,COC(=O)N1CCc2nc(Nc3ncc(F)c(-c4cc(F)c5nc(C)n(C(C)C)c5c4)n3)ccc2C1,7.906578314837764,493.2037794800001,7,1,4.923920000000003,True
CHEMBL1081263,CDK2,12.4,nM,N[C@H](CNc1ncc(-c2ccc3cnccc3c2)s1)Cc1ccc(C(F)(F)F)cc1,7.906578314837764,428.12825226800004,5,2,5.359000000000003,True
CHEMBL103115,CDK2,12.6,nM,NS(=O)(=O)c1ccc(Nc2cc(-c3ccc(O)c(F)c3)n[nH]2)cc1,7.899629454882437,348.0692394960001,5,4,2.3124000000000002,True
CHEMBL4211828,CDK6,12.7,nM,CC(C)N1CCN(Cc2ccc(Nc3ncc(F)c(-c4cc(F)c5nc6n(c5c4)C(C)CC6)n3)nc2)CC1,7.896196279044043,518.2717994640001,7,1,4.943300000000004,True
CHEMBL5953254,CDK6,12.9,nM,Cc1nc2c(F)cc(-c3nc(Nc4ccc5c(n4)CCN(CCN(C)CCP(=O)(O)O)C5)ncc3F)cc2n1C(C)(C)C,7.889410289700751,614.269430114,8,3,4.441120000000004,True
CHEMBL148580,CDK2,13.0,nM,COc1ccc(-c2[nH]nc3c2C(=O)c2c(NC(=O)CN4CCN(C(=N)N)CC4)cccc2-3)cc1,7.886056647693163,459.2018876600001,6,4,1.7462699999999998,True
CHEMBL401064,CDK1,13.0,nM,CC(C)NCc1cccc2[nH]c(-c3n[nH]c4ncc(-c5cncc6ccccc56)cc34)nc12,7.886056647693163,433.20149373600003,5,3,5.214400000000003,True
CHEMBL3237448,CDK6,13.0,nM,c1cc2c3cnc(Nc4ccc(N5CCNCC5)cn4)nc3n(C3CCCC3)c2nn1,7.886056647693163,415.2232918000001,8,2,3.0378000000000007,True
CHEMBL3298309,CDK2,13.0,nM,CC[C@@H](NC(=O)N1CCc2cnc(N[C@@H](C)CO)nc2C1)c1ccc(F)c(F)c1,7.886056647693163,405.19763148000004,5,3,2.7665000000000015,True
CHEMBL3298984,CDK2,13.0,nM,C[C@@H](NC(=O)N1CCc2cnc(NC3CCOCC3)nc2C1)c1ccc(Cl)c(F)c1,7.886056647693163,433.16808094000004,5,2,3.688900000000003,True
CHEMBL3698638,CDK4,13.0,nM,CN1CCN(c2ccc(Nc3ncc4c5ccncc5n(C5CCCC5)c4n3)nc2)CC1,7.886056647693163,428.243692896,7,1,3.985000000000003,True
CHEMBL3702210,CDK6,13.0,nM,CNC1CCN(c2ccc(Nc3ncc4c5ccnc(F)c5n(C5CCCC5)c4n3)nc2)CC1,7.886056647693163,460.24992114800006,7,2,4.560500000000004,True
CHEMBL4212532,CDK9,13.0,nM,Cc1nc2c(F)cc(-c3nc(Nc4ccc5c(n4)CCN(C(=O)CN(C)C)C5)ncc3F)cc2n1C(C)C,7.886056647693163,520.2510640200001,7,1,4.245720000000003,True
CHEMBL3668378,CDK9,13.0,nM,CN1CCC(c2cc3c(-c4cccc(NCc5ccc6c(c5)OCO6)n4)ccnc3[nH]2)CC1,7.886056647693163,441.21647510400004,6,2,4.774900000000002,True
CHEMBL3691645,CDK4,13.0,nM,CN1CCCC2(C1)CN(c1ccc(Nc3ncc4cc(C(=O)N(C)C)n(C5CCCC5)c4n3)nc1)C(=O)O2,7.886056647693163,518.275386948,8,1,3.807800000000003,True
CHEMBL411490,CDK2,13.0,nM,Cc1ccc2c(c1Cl)/C(=N/Nc1ccc(S(N)(=O)=O)cc1)C(=O)N2,7.886056647693163,364.03968895599996,5,3,2.0641199999999995,True
CHEMBL3905696,CDK4,13.0,nM,COCCCNCC(=O)N1CCN(c2ccc(Nc3ncc4c(C)c(C(C)=O)c(=O)n(C5CCCC5)c4n3)nc2)CC1,7.886056647693163,576.3172517600001,10,2,2.8309200000000008,True
CHEMBL1964258,CDK2,13.0,nM,O=C1Nc2ccc3ncsc3c2/C1=C/Nc1ccc(CS(=O)(=O)NCCO)cc1,7.886056647693163,430.07694705599994,7,4,2.1131,True
CHEMBL515839,CDK2,13.0,nM,Cc1ncc(-c2ccnc(Nc3ccc(S(=O)(=O)CC4CCCO4)cc3)n2)n1C(C)C,7.886056647693163,441.18346072400004,7,1,3.9257200000000028,True
CHEMBL2012403,CDK1,13.0,nM,Cn1cc(Nc2ncc3cnn([C@@H]4CC[C@H]5CCC[C@H]54)c3n2)cc1C(N)=O,7.886056647693163,365.196408356,5,2,2.7584999999999997,True
CHEMBL272833,CDK2,13.0,nM,NS(=O)(=O)c1ccc(N/N=C2\C(=O)Nc3ccc4[nH]ncc4c32)cc1,7.886056647693163,356.06915924400005,6,4,0.9785999999999999,True
CHEMBL5181709,CDK9,13.0,nM,Cc1nc2ccc(-c3ccnc4[nH]c(C5CCN(CC(=O)N(C)C)CC5)cc34)cc2n1C(C)C,7.886056647693163,458.279409708,4,1,4.736520000000004,True
CHEMBL212049,CDK4,13.0,nM,Cc1cnc(OC2CCCCC2)nc1-c1cnc(Nc2ccccn2)s1,7.886056647693163,367.14668129200004,7,1,4.758620000000003,True
CHEMBL5946157,CDK6,13.0,nM,CC(C)N1CCOc2c(F)cc(-c3nc(Nc4ccc(S(N)(=O)=O)cc4)ncc3F)cc21,7.886056647693163,461.133316972,7,2,3.420000000000001,True
CHEMBL3698651,CDK6,13.0,nM,Fc1ccc(-n2c3cnccc3c3cnc(Nc4ccc(N5CCNCC5)cn4)nc32)cc1,7.886056647693163,440.1873208920001,7,2,3.6560000000000024,True
CHEMBL3702125,CDK4,13.0,nM,O=C(c1ccc(Nc2ncc3c4ccnc(O)c4n(C4CCCC4)c3n2)nc1)N1CCNCC1,7.886056647693163,458.2178720720001,8,3,2.9842000000000004,True
CHEMBL5267773,CDK2,13.0,nM,Cc1c(C(=O)NCCc2ccc(N3CCCC3C)cc2)[nH]c2ccc(Cl)cc12,7.886056647693163,395.176440132,2,2,5.090920000000004,True
CHEMBL5939007,CDK6,13.0,nM,CC(C)N1CCOc2c(F)cc(-c3nc(Nc4ccc(N5CCNCC5)c(F)c4)ncc3Cl)cc21,7.886056647693163,500.1902936040001,7,2,4.835600000000004,True
CHEMBL3702197,CDK6,13.0,nM,OCCCNc1ccc(Nc2ncc3c4ccncc4n(C4CCCC4)c3n2)nn1,7.886056647693163,404.20730738800006,8,3,3.422500000000001,True
CHEMBL3642009,CDK6,13.0,nM,OCCCNC1CCN(c2ccc(Nc3ncc4c5ccncc5n(C5CCCC5)c4n3)nn2)CC1,7.886056647693163,487.28080667600017,9,3,3.5690000000000017,True
CHEMBL1189501,CDK4,13.0,nM,CN1CCOc2cccc3nc(O)c(nc23)-c2cccc3c(O)n(nc23)CC1,7.886056647693163,377.148789468,7,2,2.3819,True
CHEMBL3673520,CDK9,13.0,nM,CN1CCC(c2cc3c(-c4cncc(OCc5cccc(F)c5)n4)ccnc3[nH]2)CC1,7.886056647693163,417.19648860800004,5,1,4.547200000000003,True
CHEMBL3702100,CDK4,13.0,nM,CN(CCO)C1CCN(c2ccc(Nc3ncc4c5ccnc(F)c5n(C5CCCC5)c4n3)nc2)CC1,7.886056647693163,504.27613589600014,8,2,4.265200000000003,True
CHEMBL3641990,CDK4,13.0,nM,CNC1CCN(c2ccc(Nc3ncc4c5ccncc5n(C5CCC5)c4n3)nn2)CC1,7.886056647693163,429.2389418640001,8,2,3.426300000000002,True
CHEMBL3641992,CDK4,13.0,nM,C[C@H](CO)NC1CCN(c2ccc(Nc3ncc4c5ccncc5n(C5CCCC5)c4n3)nc2)CC1,7.886056647693163,486.2855577080001,8,3,4.172400000000003,True
CHEMBL5957447,CDK9,13.0,nM,O=C(Nc1cc(-c2ccc3ncn(CCc4cccc(F)c4)c3c2)c(Cl)cn1)[C@@H]1CCCNC1,7.886056647693163,477.17316632000006,4,2,5.0716000000000045,True
CHEMBL3642007,CDK4,13.0,nM,O[C@@H]1CCCN(C2CCN(c3ccc(Nc4ncc5c6ccncc6n(C6CCCC6)c5n4)nn3)CC2)C1,7.886056647693163,513.2964567400002,9,2,4.053700000000004,True
CHEMBL3702206,CDK4,13.0,nM,CC1CN(c2ccc(Nc3ncc4c5ccccc5n(C5CCCC5)c4n3)nn2)CC(C)N1,7.886056647693163,442.2593429600001,7,2,4.419800000000002,True
CHEMBL5945809,CDK6,13.0,nM,COc1cc(Nc2ncc(F)c(-c3cc(F)c4c(c3)N(C(C)C)CCO4)n2)ccc1N1CCNCC1,7.886056647693163,496.23983064000004,8,2,4.190800000000003,True
CHEMBL5277376,CDK6,13.0,nM,CC(=O)c1c(C)c2cnc(Nc3ccc(N4CCN(C/C=C/C(F)(F)F)CC4)cn3)nc2n(C2CCCC2)c1=O,7.886056647693163,555.2569579240001,8,1,4.796720000000004,True
CHEMBL3641998,CDK6,13.0,nM,C[C@@H](CO)NC1CCN(c2ccc(Nc3ncc4c5ccncc5n(C5CCCC5)c4n3)nn2)CC1,7.886056647693163,487.28080667600017,9,3,3.567400000000002,True
CHEMBL409104,CDK2,13.0,nM,NS(=O)(=O)c1ccc(N/N=C2\C(=O)Nc3cccc(Oc4ccccc4)c32)cc1,7.886056647693163,408.08922599199997,6,3,2.8946000000000014,True
CHEMBL6165283,CDK6,13.0,nM,CC(=O)N1CCC2(CC1)CC(=O)c1ccc(-c3nc(Nc4ccc(N5CCN(C6COC6)CC5)cn4)ncc3F)cc1O2,7.886056647693163,587.2656307880001,10,1,3.288400000000002,True
CHEMBL3698667,CDK4,13.0,nM,c1cc2c3cnc(Nc4ccc(N5CCNCC5)cn4)nc3n(CC3CCCCC3)c2cn1,7.886056647693163,442.25934296,7,2,4.108000000000003,True
CHEMBL3648073,CDK1,13.0,nM,C[C@H](O)[C@@H](C)Oc1nc(Nc2ccc(S(C)(=N)=O)cc2)ncc1Br,7.886056647693163,414.03612356800005,7,3,3.166270000000001,True
CHEMBL5863217,CDK4,13.0,nM,CC(C)N1CCOc2c(F)cc(-c3nc(Nc4ccc(C(=O)N5CCC(O)CC5)cn4)ncc3F)cc21,7.886056647693163,510.219095196,8,2,3.7645000000000026,True
CHEMBL405145,CDK2,13.0,nM,O=C(Nc1n[nH]c2nc(-c3ccc(O)cc3)ccc12)C1CC1,7.886056647693163,294.111675688,4,3,2.6790000000000003,True
CHEMBL5532052,CDK9,13.06,nM,CC[C@H](CO)Nc1nc(NCc2ccc(NC(=O)C3CCOCC3)cc2)n2ncc(C(C)C)c2n1,7.884056823060945,481.28013798000006,8,4,3.407700000000002,True
CHEMBL5979303,CDK2,13.1,nM,Cc1nc2c(F)cc(-c3nc(Nc4ccc5c(n4)CCN(CCS(C)(=O)=O)C5)ncc3F)cc2n1C(C)(C)C,7.882728704344236,555.222800672,8,1,4.3762200000000036,True
CHEMBL3237451,CDK6,13.1,nM,c1cc2c3cnc(Nc4ccc(N5CCNCC5)cn4)nc3n(C3CCCCC3)c2cn1,7.882728704344236,428.243692896,7,2,4.032900000000003,True
CHEMBL5775801,CDK6,13.2,nM,Cc1nc2c(F)cc(-c3nc(Nc4ccc5c(n4)CCNC5)ncc3F)cc2n1C1CCCCC1,7.87942606879415,475.2296003040001,6,2,5.369420000000003,True
CHEMBL473631,CDK2,13.3,nM,CN1CCN(c2cccc3[nH]c(-c4n[nH]c5cc(-c6ccc(O)cc6)ccc45)nc23)CC1,7.876148359032914,424.20115938799995,5,3,4.230600000000003,True
CHEMBL3642038,CDK6,13.3,nM,CN(C)C1CN(c2ccc(Nc3ncc4c5ccncc5n(C5CCCC5)c4n3)nn2)CCC1O,7.876148359032914,473.26515661200006,9,2,3.1294000000000017,True
CHEMBL5844694,CDK2,13.4,nM,Cc1nc2c(F)cc(-c3nc(Nc4ccc5c(n4)CCN(C(=O)CCO)C5)ncc3F)cc2n1C(C)C,7.872895201635192,507.21942954400004,7,2,4.066520000000002,True
CHEMBL6019056,CDK6,13.4,nM,CNC1CC(C(=O)N2CCc3nc(Nc4ncc(F)c(-c5cc(F)c6nc(C)n(C(C)C)c6c5)n4)ccc3C2)C1,7.872895201635192,546.2667140840001,7,2,4.682120000000004,True
CHEMBL4462530,CDK9,13.4,nM,CC(=O)N[C@@H]1CCC[C@H](C(=O)Nc2cc(-c3cnn4c3CC(C)(C)C4)c(Cl)cn2)C1,7.872895201635192,429.193152816,4,2,3.8142000000000023,True
CHEMBL3237447,CDK6,13.4,nM,N#Cc1nccc2c3cnc(Nc4ccc(N5CCNCC5)cn4)nc3n(C3CCCC3)c12,7.872895201635192,439.2232918000001,8,2,3.5144800000000025,True
CHEMBL4213219,CDK2,13.5,nM,Cc1nc2c(F)cc(-c3nc(Nc4ccc5c(n4)CCN(C(=O)CO)C5)ncc3F)cc2n1C(C)C,7.8696662315049934,493.20377948000004,7,2,3.676420000000002,True
CHEMBL5774332,CDK9,13.5,nM,Cc1nc2c(F)cc(-c3nc(Nc4ccc5c(n4)CCN(C[C@@H]4CN(C)CCO4)C5)ncc3F)cc2n1C(C)(C)C,7.8696662315049934,562.2980142120001,8,1,4.662220000000004,True
CHEMBL4218705,CDK4,13.8,nM,CCN1CCN(Cc2ccc(Nc3cc(-c4cc(F)c5nc(C)n(C(C)C)c5c4)ncn3)nn2)CC1,7.860120913598763,489.2764702440001,8,1,4.192820000000003,True
CHEMBL4798556,CDK9,13.8,nM,CC(C)N1c2cc(Nc3nccc(-c4cccc5[nH]ccc45)n3)ccc2N(C)C(=O)[C@H]1C,7.860120913598763,426.216809452,5,2,4.9482000000000035,True
CHEMBL3648083,CDK1,14.0,nM,CN=S(C)(=O)c1ccc(Nc2ncc(Br)c(N[C@H](C)[C@H](C)O)n2)cc1,7.853871964321762,427.067758044,7,3,3.2504000000000017,True
CHEMBL3648093,CDK2,14.0,nM,CCOC(=O)N=S(C)(=O)c1ccc(Nc2ncc(Br)c(O[C@H](C)[C@H](C)O)n2)cc1,7.853871964321762,486.057252936,8,2,3.7440000000000024,True
CHEMBL402759,CDK2,14.0,nM,O=C(Cc1ccc(-c2ccccc2)cc1)Nc1n[nH]c2ccc(N3CCCS3(=O)=O)cc12,7.853871964321762,446.141261564,4,2,3.9510000000000023,True
CHEMBL5822013,CDK6,14.0,nM,CC(C)N1CCOc2c(F)cc(-c3nc(Nc4cnn(C5CCN(C)CC5)c4)ncc3F)cc21,7.853871964321762,469.24016498800006,7,1,4.235800000000003,True
CHEMBL3668370,CDK9,14.0,nM,CN1CCC(c2cc3c(-c4cccc(NCc5cccc(Cl)c5)n4)ccnc3[nH]2)CC1,7.853871964321762,431.18767351200006,4,2,5.699600000000005,True
CHEMBL3668401,CDK9,14.0,nM,COc1ccc(F)cc1-c1ccnc2[nH]c(C3CCCN(CCCN)C3)cc12,7.853871964321762,382.21688970400004,4,2,3.905800000000002,True
CHEMBL3698734,CDK6,14.0,nM,O[C@@H]1CCCN(c2ccc(Nc3ncc4c5ccncc5n(C5CCCC5)c4n3)nn2)C1,7.853871964321762,430.2229574520001,8,2,3.5893000000000015,True
CHEMBL3949057,CDK9,14.0,nM,CCOC(=O)N=S(C)(=O)Cc1cccc(Nc2ncc(F)c(-c3cccc4c3OCCC4)n2)c1,7.853871964321762,484.15805450000005,7,1,5.105600000000004,True
CHEMBL3668385,CDK9,14.0,nM,COc1ccc(F)cc1-c1ccnc2[nH]c(C3CCN(Cc4cccnc4)C3)cc12,7.853871964321762,402.18558957600004,4,1,4.762100000000003,True
CHEMBL6058874,CDK9,14.0,nM,CNCCCCNc1cc(-c2ccc3ncn(Cc4cccc(F)c4)c3c2)c(Cl)cn1,7.853871964321762,437.17825170000003,4,2,5.3506000000000045,True
CHEMBL4213847,CDK4,14.0,nM,CCC1CCc2nc3c(F)cc(-c4nc(Nc5ccc(CN6CCN(CC)CC6)cn5)ncc4F)cc3n21,7.853871964321762,518.2717994640002,7,1,4.944900000000004,True
CHEMBL6002023,CDK4,14.0,nM,CC(C)N1CCOc2c(F)cc(-c3nc(Nc4cc(C5CCN(C)CC5)no4)ncc3F)cc21,7.853871964321762,470.22418057600004,8,1,4.569800000000003,True
CHEMBL3641970,CDK4,14.0,nM,C[C@H](O)Cn1c2cnccc2c2cnc(Nc3ccc(N4CCN[C@@H](C)C4)nn3)nc21,7.853871964321762,419.2182064200001,9,3,1.6919999999999993,True
CHEMBL249304,CDK1,14.0,nM,CN1CCN(c2ccc3[nH]c(-c4n[nH]c5ncc(-c6cncc7ccccc67)cc45)nc3c2)CC1,7.853871964321762,460.21239276800003,6,2,4.468200000000003,True
CHEMBL3663792,CDK9,14.0,nM,Clc1cnc(NCc2ccccc2)cc1-c1ccnc2[nH]c(C3CCNCC3)cc12,7.853871964321762,417.17202344800006,4,3,5.357400000000004,True
CHEMBL3673531,CDK9,14.0,nM,OCC(O)CN1CC=C(c2cc3c(-c4cncc(NCc5cccc(F)c5)n4)ccnc3[nH]2)CC1,7.853871964321762,474.21795232400007,7,4,3.213400000000002,True
CHEMBL6004741,CDK2,14.0,nM,Cc1nc2c(F)cc(-c3nc(Nc4ccc5c(n4)CCN(CC=NO)C5)ncc3F)cc2n1C(C)C,7.853871964321762,492.21976389200006,8,2,4.617520000000003,True
CHEMBL3921855,CDK9,14.0,nM,COc1cc(F)ccc1-c1nc(Nc2cccc(CS(=N)(=O)C3CC3)c2)ncc1F,7.853871964321762,430.12750332,6,2,4.8831700000000025,True
CHEMBL83369,CDK2,14.0,nM,O=C1Nc2ccc(F)c3c(SCCO)cc(-c4ccc[nH]4)c1c23,7.853871964321762,328.06817687600005,3,3,3.624100000000001,True
CHEMBL5869281,CDK9,14.0,nM,Cc1nc2c(F)cc(-c3nc(Nc4ccc5c(n4)CCN(C[C@H]4CN(C)CCO4)C5)ncc3F)cc2n1C(C)(C)C,7.853871964321762,562.2980142120001,8,1,4.662220000000004,True
CHEMBL5870275,CDK9,14.0,nM,CC1(C)Cc2c(-c3ccnc(NC(=O)[C@H]4CCC[C@@H](NC(=O)C5COC5)C4)c3)cnn2C1,7.853871964321762,437.242689852,5,2,2.7873,True
CHEMBL2312185,CDK9,14.0,nM,CNc1nc(C)c(-c2nc(Nc3cccc(N4CCCNCC4)c3)ncc2C#N)s1,7.853871964321762,420.184463768,9,3,3.3652000000000015,True
CHEMBL6026840,CDK2,14.0,nM,Cc1nc2c(F)cc(-c3nc(Nc4ccc5c(n4)CCN(CC=NO)C5)ncc3F)cc2n1C(C)(C)C,7.853871964321762,506.23541395600006,8,2,4.7916200000000035,True
CHEMBL5884554,CDK9,14.0,nM,O=C(Nc1cc(-c2cnc3ccn(Cc4cccc(F)c4)c3c2)c(Cl)cn1)[C@@H]1CCCNC1,7.853871964321762,463.15751625600006,4,2,4.877200000000004,True
CHEMBL5192022,CDK9,14.0,nM,CC(C)n1cc(-c2ccnc3[nH]c(C4CCN(Cc5cccs5)CC4)cc23)ccc1=O,7.853871964321762,432.198382516,4,1,5.413600000000005,True
CHEMBL3702165,CDK4,14.0,nM,O=S1(=O)CCC(O)(c2ccc(Nc3ncc4c5ccncc5n(C5CCCC5)c4n3)nc2)CC1,7.853871964321762,478.1787096920001,8,2,3.629400000000002,True
CHEMBL424696,CDK2,14.0,nM,c1ccc(Nc2ncc(-c3ccnc(OC4CCCCC4)n3)s2)nc1,7.853871964321762,353.1310312280001,7,1,4.450200000000002,True
CHEMBL3673518,CDK9,14.0,nM,CN1CCC(c2cc3c(-c4cncc(NCc5cccc(F)c5)n4)ccnc3[nH]2)CC1,7.853871964321762,416.2124730200001,5,2,4.580300000000002,True
CHEMBL515854,CDK2,14.0,nM,COCCS(=O)(=O)c1ccc(Nc2nccc(-c3cnc(C)n3C(C)C)n2)cc1,7.853871964321762,415.1678106600001,7,1,3.3931200000000024,True
CHEMBL391229,CDK2,14.0,nM,O=C1Nc2ccc3ncsc3c2/C1=C/Nc1ccc2c(c1)CS(=O)(=O)C2,7.853871964321762,383.03983327599997,6,2,3.1298000000000012,True
CHEMBL3642021,CDK6,14.0,nM,CCCNC1CCN(c2ccc(Nc3ncc4c5ccncc5n(C5CCCC5)c4n3)nc2)CC1,7.853871964321762,470.2906430880001,7,2,5.201600000000004,True
CHEMBL3673524,CDK9,14.0,nM,CCOC(=O)NS(=O)(=O)N1CCC(c2cc3c(-c4cncc(NCc5cccc(F)c5)n4)ccnc3[nH]2)CC1,7.853871964321762,553.190751596,8,3,3.9414000000000025,True
CHEMBL3702188,CDK4,14.0,nM,CN(C)[C@H]1CCN(c2ccc(Nc3ncc4c5ccncc5n(C5CCCC5)c4n3)nc2)C1,7.853871964321762,442.25934296,7,1,4.3735000000000035,True
CHEMBL3702196,CDK6,14.0,nM,C[C@@H](CO)Nc1ccc(Nc2ncc3c4ccncc4n(C4CCCC4)c3n2)nn1,7.853871964321762,404.20730738800006,8,3,3.4209000000000014,True
CHEMBL3702116,CDK4,14.0,nM,Oc1nccc2c3cnc(Nc4ccc(CN5CCNCC5)cn4)nc3n(C3CCCC3)c12,7.853871964321762,444.23860751600006,8,3,3.344000000000001,True
CHEMBL372503,CDK1,14.0,nM,Brc1cnc(Nc2ccc3[nH]cnc3c2)nc1Nc1ccc2[nH]cnc2c1,7.853871964321762,420.0446545160001,6,4,4.478900000000001,True
CHEMBL5943225,CDK1,14.0,nM,CC1=NN(C)c2cc3cnc(Nc4ccc(S(N)(=O)=O)cc4)nc3n2C12CCCCC2,7.853871964321762,439.17904404,7,2,3.307400000000002,True
CHEMBL3642015,CDK6,14.0,nM,C[C@H](O)CNC1CCN(c2ccc(Nc3ncc4c5ccncc5n(C5CCCC5)c4n3)nc2)CC1,7.853871964321762,486.2855577080001,8,3,4.172400000000003,True
CHEMBL3641996,CDK6,14.0,nM,CN(CCO)C1CCN(c2ccc(Nc3ncc4c5ccncc5n(C5CCCC5)c4n3)nn2)CC1,7.853871964321762,487.28080667600017,9,2,3.5211000000000023,True
CHEMBL556881,CDK2,14.0,nM,Cn1nc(C(N)=O)c2c1-c1nc(Nc3ccc(N4CCOCC4)cc3)ncc1CC2,7.853871964321762,405.191322976,7,2,1.654799999999999,True
CHEMBL5952864,CDK4,14.0,nM,Cc1nc2c(F)cc(-c3nc(Nc4ncc5c(n4)CCN(C(=O)CN(C)C)C5)ncc3F)cc2n1C(C)C,7.853871964321762,521.246312988,8,1,3.6407200000000017,True
CHEMBL3648074,CDK1,14.0,nM,C[C@@H](Nc1nc(Nc2ccc(S(=N)(=O)C3CC3)cc2)ncc1Br)C(C)(C)O,7.853871964321762,453.083408108,7,4,4.1220700000000035,True
CHEMBL3702063,CDK6,14.0,nM,CCC(C)(C)n1c2cnccc2c2cnc(Nc3ccc(N4CCC(N(C)C)CC4)nn3)nc21,7.853871964321762,459.28589205600014,8,1,4.188600000000003,True
CHEMBL454645,CDK2,14.0,nM,CC1CCC(C(=O)Nc2ncc(SCc3ncc(C(C)(C)C)o3)s2)CN1,7.853871964321762,394.1497180719999,7,2,4.047500000000003,True
CHEMBL6033665,CDK4,14.1,nM,Cc1nc2c(F)cc(-c3nc(Nc4ccc5c(n4)CCNC5)ncc3F)cc2n1C,7.85078088734462,407.1670000480001,6,2,3.4012200000000012,True
CHEMBL5964675,CDK2,14.3,nM,Cc1nc2c(F)cc(-c3nc(Nc4ccc5c(n4)CCN(C[C@H]4CNCCO4)C5)ncc3F)cc2n1C(C)(C)C,7.844663962534938,548.2823641480002,8,2,4.320020000000003,True
CHEMBL5830076,CDK2,14.3,nM,Cc1nc2c(F)cc(-c3nc(Nc4ccc5c(n4)CCN(C(=O)CCN(C)C)C5)ncc3F)cc2n1C(C)(C)C,7.844663962534938,548.2823641480002,7,1,4.809920000000004,True
CHEMBL5897984,CDK2,14.3,nM,Cc1nc2c(F)cc(-c3nc(Nc4ccc5c(n4)CCN(C[C@H]4CNCCO4)C5)ncc3F)cc2n1C(C)C,7.844663962534938,534.2667140840001,8,2,4.145920000000003,True
CHEMBL5399420,CDK6,14.33,nM,CN1CCN(Cc2ccc(NC(=O)c3n[nH]cc3Nc3ccncn3)cc2)CC1,7.843753809602656,392.207307388,7,3,1.9429999999999996,True
CHEMBL4438497,CDK2,14.5,nM,Cc1nc2c(F)cc(-c3nc(Nc4ccc5c(n4)CCN(CCN(C)C(N)=S)C5)ncc3F)cc2n1C(C)C,7.838631997765026,551.239119432,7,2,4.332920000000002,True
CHEMBL5903034,CDK2,14.5,nM,Cc1nc2c(F)cc(-c3nc(Nc4ccc5c(n4)CCN(CCN(C)CB(O)O)C5)ncc3F)cc2n1C(C)C,7.838631997765026,550.2787591360001,9,3,3.101320000000001,True
CHEMBL5971879,CDK2,14.5,nM,Cc1nc2c(F)cc(-c3nc(Nc4ccc5c(n4)CCN[C@H]5C)ncc3F)cc2n1C(C)(C)C,7.838631997765026,463.2296003040001,6,2,5.180220000000004,True
CHEMBL4206061,CDK2,14.8,nM,Cc1nc2c(F)cc(-c3nc(Nc4ccc5c(n4)CCN(C(=O)CN4CCN(C)CC4)C5)ncc3F)cc2n1C(C)C,7.829738284605042,575.29326318,8,1,3.9315200000000026,True
CHEMBL4213756,CDK9,14.8,nM,COCCN1CCc2nc(Nc3ncc(F)c(-c4cc(F)c5nc(C)n(C(C)C)c5c4)n3)ccc2C1,7.829738284605042,493.2401649880001,7,1,4.803920000000004,True
CHEMBL3668427,CDK9,15.0,nM,CN1CCC(c2cc3c(-c4cccc(NCc5cc[nH]n5)n4)ccnc3[nH]2)CC1,7.823908740944319,387.2171438000001,5,3,3.769300000000001,True
CHEMBL485619,CDK2,15.0,nM,COCCNS(=O)(=O)c1ccc(Nc2nccc(-c3cnc(C)n3CC(C)C)n2)cc1,7.823908740944319,444.1943597560001,7,2,2.9728200000000014,True
CHEMBL3691643,CDK4,15.0,nM,CN(C)C(=O)c1cc2cnc(Nc3ccc(N4C[C@]5(CCCNCC5)OC4=O)cn3)nc2n1C1CCCC1,7.823908740944319,518.2753869480001,8,2,3.8557000000000023,True
CHEMBL3702086,CDK4,15.0,nM,O[C@H]1CCN(Cc2csc(Nc3ncc4c5ccnc(F)c5n(C5CCCC5)c4n3)n2)C1,7.823908740944319,453.17470760800006,8,2,4.000400000000002,True
CHEMBL444874,CDK1,15.0,nM,Cc1cccc(Nc2ncc(C(F)(F)F)c(Nc3ccc4[nH]cnc4c3)n2)c1,7.823908740944319,384.1310291400001,5,3,5.167320000000002,True
CHEMBL1800464,CDK2,15.0,nM,Nc1nc(NC2CCCC2)cc(-c2cc(N3C[C@H](O)[C@@H](O)C3)ccc2O)n1,7.823908740944319,371.19573966,8,5,1.3276999999999999,True
CHEMBL1800449,CDK1,15.0,nM,Nc1nccc(-c2cc(N3C[C@H](O)[C@@H](O)C3)ccc2O)n1,7.823908740944319,288.122240372,7,4,-0.02679999999999999,True
CHEMBL3702222,CDK4,15.0,nM,CC[C@@H](C)n1c2cnccc2c2cnc(Nc3ccc(N4CC[C@@H](O)C4)cn3)nc21,7.823908740944319,403.21205842000006,7,2,3.6601000000000017,True
CHEMBL3691661,CDK4,15.0,nM,CNC(=O)c1cc2cnc(Nc3ccc(N4C[C@H]5CC[C@@H](CC4=O)N5C)cn3)nc2n1C1CCCC1,7.823908740944319,488.2648222640001,7,2,3.2441000000000013,True
CHEMBL411886,CDK2,15.0,nM,NS(=O)(=O)c1ccc(N/N=C2\C(=O)Nc3ccc([N+](=O)[O-])cc32)cc1,7.823908740944319,361.048089452,7,3,1.0105000000000002,True
CHEMBL3663797,CDK9,15.0,nM,CN1CCC(c2cc3c(-c4nc(NCc5cccc(F)c5)ccc4Cl)ccnc3[nH]2)CC1,7.823908740944319,449.1782517000001,4,2,5.838700000000004,True
CHEMBL3663796,CDK9,15.0,nM,CN1CCC(c2cc3c(-c4cccc(NCc5ccccc5)n4)ccnc3[nH]2)CC1,7.823908740944319,397.2266458640001,4,2,5.046200000000003,True
CHEMBL5956160,CDK9,15.0,nM,O=C(Nc1cc(-c2ccc3ncn(Cc4ccc(F)c(F)c4)c3c2)c(Cl)cn1)[C@@H]1CCCNC1,7.823908740944319,481.14809444400004,4,2,5.016300000000004,True
CHEMBL50894,CDK2,15.0,nM,O=C1Cc2c([nH]c3ccc([N+](=O)[O-])cc23)-c2ccccc2N1,7.823908740944319,293.0800412120001,3,2,3.2377000000000002,True
CHEMBL3698690,CDK4,15.0,nM,c1ncc2c(n1)c1cnc(Nc3ccc(N4CCNCC4)cn3)nc1n2C1CCCC1,7.823908740944319,415.2232918000001,8,2,3.0378000000000016,True
CHEMBL455194,CDK2,15.0,nM,CC1CC(C(=O)Nc2ncc(SCc3ncc(C(C)(C)C)o3)s2)CCN1,7.823908740944319,394.1497180719999,7,2,4.047500000000003,True
CHEMBL3702245,CDK6,15.0,nM,CNC1CCN(c2ccc(Nc3ncc4c5ccncc5n(C5CCC5)c4n3)nc2)CC1,7.823908740944319,428.243692896,7,2,4.0313000000000025,True
CHEMBL3663746,CDK9,15.0,nM,COc1ccc(F)cc1-c1ccnc2[nH]c([C@@H]3CCCNC3)cc12,7.823908740944319,325.15904048,3,2,3.8446000000000016,True
CHEMBL3642018,CDK4,15.0,nM,OC1CCN(C2CCN(c3ccc(Nc4ncc5c6ccncc6n(C6CCCC6)c5n4)nc3)CC2)CC1,7.823908740944319,512.3012077720001,8,2,4.658700000000004,True
CHEMBL310529,CDK2,15.0,nM,O=C1Nc2ccc(F)c3c(S(=O)(=O)CCO)cc(-c4ccc[nH]4)c1c23,7.823908740944319,360.05800611600006,4,3,2.3057,True
CHEMBL3702118,CDK6,15.0,nM,OC1CCCN(Cc2ccc(Nc3ncc4c5ccncc5n(C5CCCC5)c4n3)nc2)C1,7.823908740944319,443.2433585480001,7,2,4.189900000000002,True
CHEMBL3965161,CDK9,15.0,nM,COc1cc(F)ccc1-c1nc(Nc2cccc(CS(C)(=N)=O)c2)ncc1F,7.823908740944319,404.111853256,6,2,4.350570000000002,True
CHEMBL3673521,CDK9,15.0,nM,C1=C(c2cc3c(-c4cncc(NCc5ccccc5)n4)ccnc3[nH]2)CCNC1,7.823908740944319,382.1905947040001,5,3,4.008700000000003,True
CHEMBL5962267,CDK4,15.0,nM,CC(C)N1CCOc2c(F)cc(-c3nc(Nc4cc(C5CCN(C)CC5)n[nH]4)ncc3F)cc21,7.823908740944319,469.2401649880001,7,2,4.304900000000003,True
CHEMBL412091,CDK2,15.0,nM,NS(=O)(=O)c1ccc(N/N=C2\C(=O)Nc3ccc(S(=O)(=O)O)cc32)cc1,7.823908740944319,396.01982610399995,7,4,0.34900000000000037,True
CHEMBL3663802,CDK9,15.0,nM,COc1ccc(F)cc1-c1ccnc2[nH]c([C@@H]3CCNC3)cc12,7.823908740944319,311.143390416,3,2,3.4545000000000012,True
CHEMBL4860767,CDK6,15.0,nM,C=CC(=O)N1CCN(c2ccc(Nc3ncc4c(C)c(C(C)=O)c(=O)n(C5CCCC5)c4n3)nc2)CC1,7.823908740944319,501.24883785200007,8,1,3.3908200000000024,True
CHEMBL3702056,CDK4,15.0,nM,CCN(CC)C1CCN(c2ccc(Nc3ncc4c5ccnc(C)c5n(C5CCCC5)c4n3)nc2)CC1,7.823908740944319,498.3219432160001,7,1,5.852220000000005,True
CHEMBL3663774,CDK9,15.0,nM,Fc1cccc(CNc2ccc(Cl)c(-c3ccnc4[nH]c(C5CCNCC5)cc34)n2)c1,7.823908740944319,435.1626016360001,4,3,5.496500000000005,True
CHEMBL5923240,CDK1,15.0,nM,CC1C(=O)Nc2cc3cnc(Nc4ccc(C(=O)N5CCN(C)CC5)cc4)nc3n2C12CCCCC2,7.823908740944319,487.2695732960001,6,2,3.810100000000003,True
CHEMBL2012399,CDK1,15.0,nM,Cn1cc(Nc2ncc3cnn(C4CCCCCC4)c3n2)cc1C(N)=O,7.823908740944319,353.196408356,5,2,2.9026000000000005,True
CHEMBL3648120,CDK1,15.0,nM,CCS(=N)(=O)c1ccc(Nc2ncc(Br)c(N[C@H](COC)[C@@H](C)O)n2)cc1,7.823908740944319,457.078322728,8,4,3.2159700000000013,True
CHEMBL1241849,CDK1,15.0,nM,CN(C)CCNS(=O)(=O)c1ccc(Nc2cccc(-c3cnc4ccccn34)c2)cc1,7.823908740944319,435.17289604000007,5,2,3.584800000000002,True
CHEMBL3691585,CDK4,15.0,nM,CN(C)C(=O)c1cc2cnc(Nc3ccc(C(=O)N4C[C@@H]5[C@@H](N)[C@@H]5C4)cn3)nc2n1C1CCCC1,7.823908740944319,474.2491722000001,7,2,2.4158999999999997,True
CHEMBL270544,CDK1,15.0,nM,CC(C)=Cc1cccc2c1/C(=N/Nc1ccc(S(N)(=O)=O)cc1)C(=O)N2,7.823908740944319,370.10996143599994,5,3,2.525499999999999,True
CHEMBL363138,CDK1,15.0,nM,FC(F)(F)c1ccc(Nc2ncc(C(F)(F)F)c(Nc3ccc4[nH]cnc4c3)n2)cc1,7.823908740944319,438.1027637040001,5,3,5.877700000000001,True
CHEMBL3698709,CDK4,15.0,nM,CN1CCN(c2cnc(Nc3ncc4c5ccncc5n(C5CCCC5)c4n3)cn2)CC1,7.823908740944319,429.2389418640001,8,1,3.3800000000000017,True
CHEMBL3648114,CDK1,15.0,nM,CN=S(C)(=O)c1ccc(Nc2ncc(Br)c(N[C@H](C)[C@H](C)O)n2)cc1OC,7.823908740944319,457.078322728,8,3,3.259000000000002,True
CHEMBL5755607,CDK2,15.0,nM,Cc1nc2c(F)cc(-c3nc(Nc4ccc5c(n4)CCN(CCN=C(N)N)C5)ncc3F)cc2n1C(C)C,7.823908740944319,520.2622974000002,7,3,3.4309200000000013,True
CHEMBL3702136,CDK4,15.0,nM,FC(F)(F)c1cccc(-n2c3cnccc3c3cnc(Nc4ccc(N5CCNCC5)cn4)cc32)c1,7.823908740944319,489.1888783640001,6,2,5.140700000000004,True
CHEMBL3673493,CDK9,15.0,nM,Fc1cccc(CNc2cc(-c3ccnc4[nH]c(C5CCNCC5)cc34)c(Cl)cn2)c1,7.823908740944319,435.1626016360001,4,3,5.496500000000004,True
CHEMBL3673500,CDK9,15.0,nM,CS(=O)(=O)N1CCC(c2cc3c(-c4cncc(NCc5ccccc5)n4)ccnc3[nH]2)CC1,7.823908740944319,462.18379507200007,6,2,3.7710000000000026,True
CHEMBL3673515,CDK9,15.0,nM,CCN(C(=O)O)S(=O)(=O)N1CCC(c2cc3c(-c4cncc(NCc5ccccc5)n4)ccnc3[nH]2)CC1,7.823908740944319,535.2001734080001,7,3,4.0561000000000025,True
CHEMBL5876164,CDK6,15.0,nM,CC(C)N1CCOc2c(F)cc(-c3nc(Nc4ccc(C5CCNCC5)c(F)c4)ncc3F)cc21,7.823908740944319,483.22459517600004,6,2,5.378700000000005,True
CHEMBL6031262,CDK2,15.0,nM,C/C(=N/O)N(C)CCN1CCc2nc(Nc3ncc(F)c(-c4cc(F)c5nc(C)n(C(C)C)c5c4)n3)ccc2C1,7.823908740944319,549.2776131160001,8,2,4.896920000000004,True
CHEMBL3702130,CDK4,15.0,nM,O=S(=O)(c1ccc(Nc2ncc3c4ccnc(F)c4n(C4CCCC4)c3n2)nc1)N1CCNCC1,7.823908740944319,496.18052126000015,8,2,2.9662000000000006,True
CHEMBL5865665,CDK2,15.0,nM,Cc1nc2c(F)cc(-c3nc(Nc4ccc5c(n4)CCNC5)ncc3F)cc2n1C(C)C1CC1,7.823908740944319,461.2139502400001,6,2,4.835220000000003,True
CHEMBL445945,CDK1,15.0,nM,NS(=O)(=O)c1ccc(N/C=C2\C(=O)Nc3ccc4ncccc4c32)cc1,7.823908740944319,366.078661308,5,3,2.2873,True
CHEMBL72548,CDK1,15.0,nM,CN(C)CCNS(=O)(=O)c1ccc(Nc2nccc(-c3cnc4ccccn34)n2)cc1,7.823908740944319,437.16339397600007,7,2,2.3748000000000005,True
CHEMBL6163941,CDK2,15.0,nM,Cc1cc(C)cc(NNC(=O)[C@H]2CCCN2C(=O)Nc2ccc(Cl)cc2)c1,7.823908740944319,386.150953656,3,3,4.096440000000002,True
CHEMBL3691559,CDK4,15.0,nM,CN(C)C(=O)c1cc2cnc(Nc3ccc(C(=O)N4C[C@H]5C[C@@]5(N)C4)cn3)nc2n1C1CCCC1,7.823908740944319,474.2491722000001,7,2,2.5600000000000005,True
CHEMBL5555666,CDK9,15.05,nM,CC[C@@H](CO)Nc1nc(NCc2ccc(NC(=O)C3CCOCC3)cc2)n2ncc(C(C)C)c2n1,7.822463500070137,481.28013798000006,8,4,3.407700000000002,True
CHEMBL3698722,CDK6,15.1,nM,c1cc2c3cnc(Nc4ccc(N[C@H]5CCNC5)nn4)nc3n(C3CCCC3)c2cn1,7.82102305270683,415.2232918000001,8,3,3.402000000000002,True
CHEMBL5556871,CDK9,15.17,nM,CCC(=O)Nc1ccc(CNc2nc(NC3CCCNC3)nc3c(C(C)C)cnn23)cc1,7.81901441921327,436.26990764400006,7,4,3.372200000000002,True
CHEMBL5775091,CDK9,15.3,nM,Cc1nc2c(F)cc(-c3nc(Nc4ccc5c(n4)CCN(CCS(C)(=O)=NC#N)C5)ncc3F)cc2n1C(C)C,7.815308569182401,565.218383988,9,1,4.736400000000004,True
CHEMBL3698673,CDK6,15.3,nM,c1ccc2c(c1)c1cnc(Nc3ccc(N4CCNCC4)cn3)nc1n2C1CCOCC1,7.815308569182401,429.22770848400006,7,2,3.484200000000002,True
CHEMBL1081295,CDK2,15.4,nM,Nc1cc2cc(-c3cnc(NC[C@@H](N)Cc4ccc(C(F)(F)F)cc4)s3)ccc2cn1,7.812479279163536,443.13915130000004,6,3,4.941200000000003,True
CHEMBL3691572,CDK4,15.5,nM,CC(C)N1C2CCC1CN(C(=O)c1ccc(Nc3ncc4cc(C(=O)N(C)C)n(C5CCCC5)c4n3)nc1)C2,7.809668301829708,530.3117724560001,7,1,4.084000000000003,True
CHEMBL5813772,CDK2,15.5,nM,Cc1nc2c(F)cc(-c3nc(Nc4ccc5c(n4)CCN(C)C5)ncc3F)cc2n1C(C)C,7.809668301829708,449.2139502400001,6,1,4.787320000000003,True
CHEMBL3698738,CDK6,15.7,nM,N[C@H]1CCN(c2ccc(Nc3ncc4c5ccncc5n(C5CCCC5)c4n3)nn2)C1,7.804100347590766,415.2232918000001,8,2,3.1656000000000013,True
CHEMBL4215568,CDK4,15.8,nM,CCN1CCN(Cc2ccc(Nc3ncc(F)c(-c4cc(F)c5nc6n(c5c4)CC(C)C6)n3)nc2)CC1,7.801342913045577,504.2561494000001,7,1,4.2398000000000025,True
CHEMBL3702051,CDK6,15.8,nM,COCCN1CCN(c2ccc(Nc3ncc4c5ccncc5n(C5CCCC5)c4n3)nn2)CC1,7.801342913045577,473.2651566120001,9,1,3.396600000000002,True
CHEMBL4210028,CDK6,15.8,nM,CCN1CCN(Cc2ccc(Nc3ncc(F)c(-c4ccc5nc6n(c5c4)C(C)(C)CC6)n3)nc2)CC1,7.801342913045577,500.2812212760001,7,1,4.589800000000003,True
CHEMBL5953254,CDK4,15.9,nM,Cc1nc2c(F)cc(-c3nc(Nc4ccc5c(n4)CCN(CCN(C)CCP(=O)(O)O)C5)ncc3F)cc2n1C(C)(C)C,7.798602875679548,614.269430114,8,3,4.441120000000004,True
CHEMBL3698723,CDK6,15.9,nM,O=S1(=O)CCC(Nc2ccc(Nc3ncc4c5ccncc5n(C5CCCC5)c4n3)nn2)C1,7.798602875679548,464.1742930080001,9,2,3.2272000000000016,True
CHEMBL497564,CDK4,16.0,nM,c1cc(Nc2nccc(-c3cnn4ncccc34)n2)cc(-c2cocn2)c1,7.795880017344075,355.118158036,7,1,3.584900000000002,True
CHEMBL5789496,CDK9,16.0,nM,COC1CCc2c(-c3cc(NC(=O)[C@@H]4CCC[C@@H](NC(C)=O)C4)ncc3Cl)cnn2C1,7.795880017344075,445.18806743600004,5,2,3.193100000000002,True
CHEMBL3702068,CDK6,16.0,nM,CCC(CC)n1c2cnccc2c2cnc(Nc3ccc(N4CCNCC4)cn3)nc21,7.795880017344075,416.2436928960001,7,2,3.8888000000000016,True
CHEMBL2158857,CDK2,16.0,nM,NS(=O)(=O)c1cccc(Nc2nccc(-c3ccnc(N4CCCCC4)c3)n2)c1,7.795880017344075,410.15249494400007,7,2,2.919900000000001,True
CHEMBL3702070,CDK6,16.0,nM,CCC(CC)n1c2cnccc2c2cnc(Nc3ccc(N4CCC(N(C)C)CC4)nn3)nc21,7.795880017344075,459.28589205600014,8,1,4.404600000000003,True
CHEMBL3702152,CDK4,16.0,nM,O=C1COC2(CCN(c3ccc(Nc4ncc5c6ccncc6n(C6CCCC6)c5n4)nn3)CC2)CN1,7.795880017344075,499.24442116800014,9,2,3.113600000000001,True
CHEMBL3702246,CDK6,16.0,nM,c1cc2c3cnc(Nc4ccc(N5CCNCC5)nn4)nc3n(C3CCC3)c2cn1,7.795880017344075,401.2076417360001,8,2,2.6477000000000004,True
CHEMBL3702193,CDK6,16.0,nM,C[C@@H](O)CNc1ccc(Nc2ncc3c4ccncc4n(C4CCCC4)c3n2)nn1,7.795880017344075,404.20730738800006,8,3,3.4209000000000014,True
CHEMBL2012398,CDK1,16.0,nM,Cn1cc(Nc2ncc3cnn([C@H]4CC[C@H]5CCC[C@H]54)c3n2)cc1C(N)=O,7.795880017344075,365.196408356,5,2,2.7584999999999997,True
CHEMBL5170195,CDK9,16.0,nM,COc1cc(F)ccc1-c1ccnc2[nH]c(-c3ccc(CN4CCOCC4)cc3)cc12,7.795880017344075,417.18525522799996,4,1,4.876800000000005,True
CHEMBL3691584,CDK4,16.0,nM,CN(C)C(=O)c1cc2cnc(Nc3ccc(C(=O)N4CC5(CNC5)C4)cn3)nc2n1C1CCCC1,7.795880017344075,474.2491722000001,7,2,2.4322,True
CHEMBL361833,CDK2,16.0,nM,N[C@H]1CC[C@H](Nc2cc(Nc3ccc(S(=O)(=O)c4ccccc4)cc3)n3ncc(Br)c3n2)CC1,7.795880017344075,540.0943071400002,7,3,4.7500000000000036,True
CHEMBL3648126,CDK2,16.0,nM,CC(C)Nc1nc(Nc2ccc(S(C)(=N)=O)cc2)ncc1Br,7.795880017344075,383.04154329600004,6,3,3.838470000000002,True
CHEMBL3702132,CDK6,16.0,nM,CN(C)C1CCN(C(=O)c2ccc(Nc3ncc4c5ccncc5n(C5CCCC5)c4n3)nc2)CC1,7.795880017344075,484.2699076440001,7,1,4.3994000000000035,True
CHEMBL272389,CDK2,16.0,nM,CS(=O)(=O)c1ccc2c(c1)/C(=N/Nc1ccc(S(N)(=O)=O)cc1)C(=O)N2,7.795880017344075,394.04056154799997,7,3,0.5058000000000005,True
CHEMBL5761374,CDK4,16.0,nM,OC1CCN(c2ccc(Nc3ncc(F)c(-c4cc(F)c5c(c4)N(C4CCC4)CCO5)n3)nc2)CC1,7.795880017344075,494.22418057600004,8,2,4.272800000000003,True
CHEMBL478241,CDK2,16.0,nM,Cc1ncc(-c2ccnc(Nc3ccc(N4CCN(C(=O)CN(C)C)CC4)cc3)n2)n1C(C)C,7.795880017344075,462.28555770800006,7,1,3.1832200000000013,True
CHEMBL3648094,CDK1,16.0,nM,CCS(=N)(=O)c1ccc(Nc2ncc(Br)c(N[C@H](COC)[C@H](C)O)n2)cc1,7.795880017344075,457.078322728,8,4,3.2159700000000013,True
CHEMBL3648127,CDK2,16.0,nM,CCC(CO)Sc1nc(Nc2ccc(S(C)(=N)=O)cc2)ncc1Br,7.795880017344075,430.01327994800005,7,3,3.8811700000000027,True
CHEMBL5930291,CDK9,16.0,nM,O=C(Nc1cc(-c2ccc3ncn(CC4(N5CCCC5)COC4)c3c2)c(Cl)cn1)[C@@H]1CCCNC1,7.795880017344075,494.21970191200006,6,2,3.5546000000000015,True
CHEMBL3641999,CDK6,16.0,nM,CNCCN(C)C1CCN(c2ccc(Nc3ncc4c5ccncc5n(C5CCCC5)c4n3)nn2)CC1,7.795880017344075,500.3124411520001,9,2,3.7482000000000024,True
CHEMBL5570843,CDK9,16.0,nM,COc1ccccc1-c1cccc(Nc2cccc(N3CCCNCC3)c2)n1,7.795880017344075,374.210661452,5,2,4.300500000000002,True
CHEMBL429142,CDK1,16.0,nM,CC(C)CC(=O)c1ccc2c(c1)/C(=C/Nc1ccc(S(N)(=O)=O)cc1)C(=O)N2,7.795880017344075,399.125277152,5,3,2.9678999999999993,True
CHEMBL3702241,CDK6,16.0,nM,CN(C)C1CCN(c2ccc(Nc3ncc4c5ccncc5n(C5CCC5)c4n3)nc2)CC1,7.795880017344075,442.25934296,7,1,4.3735000000000035,True
CHEMBL3702047,CDK4,16.0,nM,CCN1CCN(c2ccc(Nc3ncc4c5ccncc5n(C5CCCC5)c4n3)nc2)CC1,7.795880017344075,442.25934296,7,1,4.375100000000003,True
CHEMBL523735,CDK2,16.0,nM,NC(=O)c1ccc(Nc2nccc(-c3cnn4ncccc34)n2)cc1,7.795880017344075,331.118158036,6,2,2.0287999999999995,True
CHEMBL3663743,CDK9,16.0,nM,COc1ccc(F)cc1-c1ccnc2[nH]c(C3CCCNC3)cc12,7.795880017344075,325.15904048,3,2,3.8446000000000016,True
CHEMBL3642006,CDK6,16.0,nM,O[C@H]1CCN(C2CCN(c3ccc(Nc4ncc5c6ccncc6n(C6CCCC6)c5n4)nn3)CC2)C1,7.795880017344075,499.28080667600017,9,2,3.6636000000000024,True
CHEMBL5807765,CDK6,16.0,nM,CC1CN(C(=O)c2ccc(Nc3ncc(F)c(-c4cc(F)c5c(c4)N(C(C)C)CCO5)n3)nc2)CC(C)O1,7.795880017344075,524.2347452600001,8,1,4.417000000000003,True
CHEMBL6005062,CDK6,16.0,nM,Fc1cnc(Nc2ccc3c(n2)CCNC3)nc1-c1cc(F)c2c(c1)N(C1CCC1)CCO2,7.795880017344075,450.19796582799995,7,2,3.9574000000000025,True
CHEMBL3702087,CDK6,16.0,nM,COc1ccc2c3cnc(Nc4ccc(N5CCNCC5)cn4)nc3n(C3CCCC3)c2n1,7.795880017344075,444.2386075160001,8,2,3.6514000000000024,True
CHEMBL5977301,CDK9,16.0,nM,O=C1NC2CC(C(=O)Nc3cc(-c4ccc5ncn(Cc6cccc(F)c6)c5c4)c(Cl)cn3)CC2O1,7.795880017344075,505.131695432,5,2,4.764600000000003,True
CHEMBL3702037,CDK4,16.0,nM,C[C@H]1CN(c2ccc(Nc3ncc4c5cc[nH]c(=O)c5n(C5CCCC5)c4n3)nn2)CCN1,7.795880017344075,445.2338564840001,8,3,2.7196,True
CHEMBL3648085,CDK1,16.0,nM,CCOC(=O)N=S(C)(=O)c1ccc(Nc2ncc(Br)c(N[C@H](C)[C@H](C)O)n2)cc1,7.795880017344075,485.073237348,8,3,3.7771000000000026,True
CHEMBL5769299,CDK9,16.0,nM,CC(C)(C)OC(=O)N[C@@H]1CCC[C@H](C(=O)Nc2cc(-c3cnn4c3CCCC4)c(Cl)cn2)C1,7.795880017344075,473.2193675640001,5,2,4.956800000000005,True
CHEMBL3298414,CDK2,16.0,nM,O=C(N[C@H](CO)c1ccc(F)c(Cl)c1)N1CCc2cnc(NC3CCOCC3)nc2C1,7.795880017344075,449.16299556000007,6,3,2.6613000000000016,True
CHEMBL3702232,CDK4,16.0,nM,CC[C@H](C)n1c2cnccc2c2cnc(Nc3ccc(N4CCNC(C)(C)C4)nn3)nc21,7.795880017344075,431.25459192800014,8,2,3.6723000000000017,True
CHEMBL255932,CDK2,16.0,nM,Nc1ccc(CC(=O)Nc2n[nH]c3ccc(N4CCCS4(=O)=O)cc23)cc1,7.795880017344075,385.120860468,5,3,1.8661999999999999,True
CHEMBL3702173,CDK4,16.0,nM,O=S1(=O)CC=C(c2ccc(Nc3ncc4c5ccnc(F)c5n(C5CCCC5)c4n3)nc2)CC1,7.795880017344075,478.1587231960001,7,1,4.574200000000004,True
CHEMBL3702173,CDK6,16.0,nM,O=S1(=O)CC=C(c2ccc(Nc3ncc4c5ccnc(F)c5n(C5CCCC5)c4n3)nc2)CC1,7.795880017344075,478.1587231960001,7,1,4.574200000000004,True
CHEMBL5852870,CDK4,16.0,nM,CC(C)N1CCOc2c(F)cc(-c3nc(Nc4ncc(C5CCNCC5)cn4)ncc3F)cc21,7.795880017344075,467.2245149240001,8,2,4.029600000000002,True
CHEMBL307808,CDK2,16.0,nM,COCCNS(=O)(=O)c1ccc(Nc2nccc(-c3cnc4ccc(Sc5ccccc5)cn34)n2)cc1,7.795880017344075,532.1351306280001,8,2,4.610800000000002,True
CHEMBL3691561,CDK4,16.0,nM,CN(C)C(=O)c1cc2cnc(Nc3ccc(C(=O)N4CC5CCC(C4)N5)cn3)nc2n1C1CCCC1,7.795880017344075,488.2648222640001,7,2,2.9632000000000005,True
CHEMBL3702132,CDK4,16.0,nM,CN(C)C1CCN(C(=O)c2ccc(Nc3ncc4c5ccncc5n(C5CCCC5)c4n3)nc2)CC1,7.795880017344075,484.2699076440001,7,1,4.3994000000000035,True
CHEMBL189963,CDK6,16.0,nM,CC(=O)c1c(C)c2cnc(Nc3ccc(N4CCNCC4)cn3)nc2n(C2CCCC2)c1=O,7.795880017344075,447.2382731680001,8,2,2.965820000000001,True
CHEMBL5280635,CDK2,16.0,nM,CCc1c(C(=O)NCCc2ccc(N3CCOCC3)cc2)[nH]c2ccc(C)cc12,7.795880017344075,391.22597716800004,3,2,3.8478200000000022,True
CHEMBL3702192,CDK6,16.1,nM,OCCNc1ccc(Nc2ncc3c4ccncc4n(C4CCCC4)c3n2)nn1,7.79317412396815,390.19165732400006,8,3,3.032400000000001,True
CHEMBL6044246,CDK6,16.1,nM,Cc1nc2c(F)cc(-c3nc(Nc4ccc5c(n4)CCN(CC(=O)N(C)C)C5)ncc3F)cc2n1C1CC1,7.79317412396815,518.2354139560001,7,1,3.9997200000000026,True
CHEMBL4466497,CDK9,16.2,nM,Cc1nc2c(F)cc(-c3nc(Nc4ccc5c(n4)CCN(CCN(C)C)C5)ncc3F)cc2n1C(C)(C)C,7.790484985457369,520.2874495280001,7,1,4.893220000000005,True
CHEMBL3698726,CDK4,16.2,nM,c1cc2c3cnc(Nc4ccc(NC5CCNCC5)nn4)nc3n(C3CCCC3)c2cn1,7.790484985457369,429.2389418640001,8,3,3.7921000000000022,True
CHEMBL4463172,CDK2,16.3,nM,Cc1nc2c(F)cc(-c3nc(Nc4ccc5c(n4)CCN(CCN(C)C(=N)N)C5)ncc3F)cc2n1C(C)C,7.787812395596042,534.2779474640001,7,3,3.9827900000000014,True
CHEMBL5869281,CDK2,16.3,nM,Cc1nc2c(F)cc(-c3nc(Nc4ccc5c(n4)CCN(C[C@H]4CN(C)CCO4)C5)ncc3F)cc2n1C(C)(C)C,7.787812395596042,562.2980142120001,8,1,4.662220000000004,True
CHEMBL4542247,CDK2,16.3,nM,Cc1nc2c(F)cc(-c3nc(Nc4ccc5c(n4)CCN(CCN(C)C)C5)ncc3F)cc2n1C1(C)CC1,7.787812395596042,518.2717994640001,7,1,4.647220000000004,True
CHEMBL3684984,CDK4,16.5,nM,C[C@H]1CC[C@H](n2c3cnccc3c3cnc(Nc4ccc5c(n4)C(O)CNC5)nc32)CC1,7.782516055786093,429.22770848400006,7,3,4.005900000000002,True
CHEMBL5964401,CDK2,16.5,nM,CCC(CC)n1c(C)nc2c(F)cc(-c3nc(Nc4ccc5c(n4)CCNC5)ncc3F)cc21,7.782516055786093,463.2296003040001,6,2,5.225320000000004,True
CHEMBL3702166,CDK6,16.6,nM,Oc1cc(-c2ccc(Nc3ncc4c5ccncc5n(C5CCCC5)c4n3)nn2)ccn1,7.779891911959945,424.1760072600001,8,2,4.395800000000003,True
CHEMBL5558477,CDK9,16.91,nM,CC[C@@H](CO)Nc1nc(NCc2ccc(NC(=O)C3(F)CC3)cc2)n2ncc(C(C)C)c2n1,7.771856392402258,455.24450142000006,7,4,3.483200000000002,True
CHEMBL3237443,CDK6,17.0,nM,Fc1nccc2c3cnc(Nc4ccc(N5CCNCC5)cn4)nc3n(C3CCCC3)c12,7.769551078621726,432.21862102000006,7,2,3.781900000000002,True
CHEMBL3691640,CDK4,17.0,nM,CN(C)C(=O)c1cc2cnc(Nc3ccc(N4CC5(CCCNCC5)OC4=O)cn3)nc2n1C1CCCC1,7.769551078621726,518.2753869480001,8,2,3.8557000000000023,True
CHEMBL3668421,CDK9,17.0,nM,CN1CCC(c2cc3c(-c4cccc(NCCc5ccccc5)n4)ccnc3[nH]2)CC1,7.769551078621726,411.2422959280001,4,2,5.088700000000003,True
CHEMBL3702070,CDK4,17.0,nM,CCC(CC)n1c2cnccc2c2cnc(Nc3ccc(N4CCC(N(C)C)CC4)nn3)nc21,7.769551078621726,459.28589205600014,8,1,4.404600000000003,True
CHEMBL3641989,CDK4,17.0,nM,CC1(C)CN(c2ccc(Nc3ncc4c5ccncc5n([C@@H]5CCOC5)c4n3)nc2)CCN1,7.769551078621726,444.23860751600006,8,2,3.2677000000000005,True
CHEMBL3663799,CDK9,17.0,nM,COc1ccc(F)cc1-c1ccnc2[nH]c(C3CCNC3)cc12,7.769551078621726,311.143390416,3,2,3.4545000000000012,True
CHEMBL3668480,CDK9,17.0,nM,Fc1cncc(CNc2ccc(Cl)c(-c3ccnc4[nH]c(C5CCCNC5)cc34)n2)c1,7.769551078621726,436.15785060400003,5,3,4.891500000000003,True
CHEMBL3702057,CDK4,17.0,nM,CC(=O)N1CCN(c2ccc(Nc3ncc4c5ccncc5n(C5CCCC5)c4n3)nc2)CC1,7.769551078621726,456.23860751600006,7,1,3.9017000000000026,True
CHEMBL3702072,CDK6,17.0,nM,O[C@H]1CCN(Cc2csc(Nc3ncc4c5ccncc5n(C5CCCC5)c4n3)n2)C1,7.769551078621726,435.1841294200001,8,2,3.8613000000000026,True
CHEMBL3702141,CDK6,17.0,nM,c1cc2c3cnc(Nc4ccc(N5CCNCC5)cn4)cc3n(C3CCSC3)c2cn1,7.769551078621726,431.1892148,7,2,3.8107000000000024,True
CHEMBL5767699,CDK9,17.0,nM,CC(=O)N[C@H]1CCC[C@H](C(=O)Nc2cc(-c3cnn4c3CC(C)(C)CC4)c(Cl)cn2)C1,7.769551078621726,443.20880288,4,2,4.2043000000000035,True
CHEMBL3663777,CDK9,17.0,nM,Fc1ccc(F)c(CNc2ccc(Cl)c(-c3ccnc4[nH]c(C5CCNCC5)cc34)n2)c1,7.769551078621726,453.15317982400006,4,3,5.635600000000005,True
CHEMBL3668350,CDK9,17.0,nM,COc1ccc(F)cc1-c1ccnc2[nH]c(C3CCNCC3)c(C)c12,7.769551078621726,339.174690544,3,2,4.153020000000002,True
CHEMBL1080893,CDK2,17.0,nM,Cc1n[nH]c2ccc(-c3nnc(NC[C@@H](N)Cc4cccc(Cl)c4)s3)cc12,7.769551078621726,398.10804328800003,6,3,4.025120000000001,True
CHEMBL515311,CDK2,17.0,nM,Cc1ncc(-c2ccnc(Nc3ccc(N4CCN(C(=O)[C@H](C)O)CC4)cc3)n2)n1C(C)C,7.769551078621726,449.25392323200003,7,2,3.0024200000000016,True
CHEMBL3691544,CDK4,17.0,nM,CN(C)C(=O)c1cc2cnc(Nc3ccc(C(=O)N4C[C@H]5CNC[C@@H](C4)C5O)cn3)nc2n1C1CCCC1,7.769551078621726,518.2753869480001,8,3,2.0390999999999995,True
CHEMBL180814,CDK2,17.0,nM,CC(C)c1cnn2c(Nc3ccc(S(=O)(=O)N(C)C)cc3)cc(O[C@H]3CC[C@H](N)CC3)nc12,7.769551078621726,472.225659884,7,2,3.495300000000002,True
CHEMBL3673533,CDK9,17.0,nM,CNC(=O)N1CC=C(c2cc3c(-c4cncc(NCc5cccc(F)c5)n4)ccnc3[nH]2)CC1,7.769551078621726,457.2026366080001,5,3,4.199600000000002,True
CHEMBL1080911,CDK2,17.0,nM,Cc1n[nH]c2ccc(-c3nnc(NC[C@@H](N)Cc4ccc(C(F)(F)F)cc4)s3)cc12,7.769551078621726,432.134400268,6,3,4.390520000000002,True
CHEMBL487066,CDK2,17.0,nM,Cc1ncc(-c2ccnc(Nc3ccc(C(=O)NC4CC4)cc3)n2)n1C(C)C,7.769551078621726,376.20115938800006,5,2,3.8652200000000025,True
CHEMBL3663769,CDK9,17.0,nM,COc1ccc(F)cc1-c1ccnc2[nH]c(C3CCN(C)CC3)cc12,7.769551078621726,339.174690544,3,1,4.186800000000003,True
CHEMBL3702248,CDK4,17.0,nM,CC1(C)CN(c2ccc(Nc3ncc4c5ccncc5n(C5CCC5)c4n3)nn2)CCN1,7.769551078621726,429.23894186400014,8,2,3.4263000000000003,True
CHEMBL409868,CDK2,17.0,nM,CN(C)C(=O)c1ccc2c(c1)/C(=N/Nc1ccc(S(N)(=O)=O)cc1)C(=O)N2,7.769551078621726,387.10012502399996,6,3,0.8041,True
CHEMBL3702032,CDK4,17.0,nM,CC1CN(c2ccc(Nc3ncc4c5cc[nH]c(=O)c5n(C5CCCC5)c4n3)nc2)CC(C)N1,7.769551078621726,458.25425758000006,7,3,3.7131000000000016,True
CHEMBL5825369,CDK9,17.0,nM,NCCCCNc1cc(-c2ccc3ncn(Cc4cccc(F)c4)c3c2)c(Cl)cn1,7.769551078621726,423.16260163600003,4,2,5.0899000000000045,True
CHEMBL6051269,CDK9,17.0,nM,O=C(Nc1cc(-c2cnn3c2CCCC3)c(Cl)cn1)[C@H]1CCC[C@@H](NC(=O)C2(O)CC2)C1,7.769551078621726,457.188067436,5,3,3.073200000000001,True
CHEMBL563641,CDK2,17.0,nM,CN1CCN(c2ccc(Nc3ncc4c(n3)-c3c(c(C(N)=O)nn3C)C(C)(C)C4)cc2)CC1,7.769551078621726,446.25425758,7,2,2.3050999999999995,True
CHEMBL192042,CDK2,17.0,nM,C[C@H](C(=O)Nc1cc(C2CC2)[nH]n1)c1ccc(N2CCN(C)C2=O)cc1,7.769551078621726,353.185174976,3,2,2.9011000000000013,True
CHEMBL509012,CDK2,17.0,nM,CC(C)C1CC(C(=O)Nc2ncc(SCc3ncc(C(C)(C)C)o3)s2)CCN1,7.769551078621726,422.1810181999999,7,2,4.683600000000004,True
CHEMBL6030659,CDK9,17.0,nM,O=C(Nc1cc(-c2ccc3ncn(Cc4ccccc4F)c3c2)c(Cl)cn1)[C@@H]1CCCNC1,7.769551078621726,463.15751625600006,4,2,4.877200000000004,True
CHEMBL3642034,CDK6,17.0,nM,CN(C)CCN(C)C1CCN(c2ccc(Nc3ncc4c5ccncc5n(C5CCCC5)c4n3)nn2)CC1,7.769551078621726,514.3280912160001,9,1,4.0904000000000025,True
CHEMBL270132,CDK1,17.0,nM,NS(=O)(=O)c1ccc(N/C=C2\C(=O)Nc3ccc(-c4cnco4)cc32)cc1,7.769551078621726,382.073575928,6,3,2.3941,True
CHEMBL3702177,CDK4,17.0,nM,CN(C)C1CCN(c2ccc(Nc3ncc4c5ccncc5n(C5CCSCC5)c4n3)nn2)CC1,7.769551078621726,489.24231299200005,9,1,4.111600000000004,True
CHEMBL3698704,CDK4,17.0,nM,COC1CCN(c2ccc(Nc3ncc4c5ccncc5n(C5CCCC5)c4n3)nc2)C1,7.769551078621726,429.2277084840001,7,1,4.458300000000003,True
CHEMBL3698700,CDK4,17.0,nM,c1cc2c3cnc(Nc4ccc(NC5CCNCC5)cn4)nc3n(C3CCCC3)c2cn1,7.769551078621726,428.2436928960001,7,3,4.397100000000003,True
CHEMBL300389,CDK1,17.0,nM,OCCCNc1cc(-c2ccnc(Nc3cccc(Cl)c3)n2)ccn1,7.769551078621726,355.11998787600004,6,3,3.7299000000000015,True
CHEMBL477786,CDK2,17.0,nM,Cc1ncc(-c2ccnc(Nc3ccc(N4CCN(C(=O)CO)CC4)cc3)n2)n1C(C)C,7.769551078621726,435.23827316800003,7,2,2.6139200000000002,True
CHEMBL3648102,CDK1,17.0,nM,CC(O)C(C)Sc1nc(Nc2ccc(S(C)(=N)=O)cc2)ncc1Br,7.769551078621726,430.01327994800005,7,3,3.879570000000002,True
CHEMBL5198461,CDK2,17.0,nM,NCCCCNc1ccc(Nc2nc(N[C@H]3CC[C@H](N)CC3)nc3c2ncn3C2CCCC2)cc1,7.769551078621726,477.3328422480001,8,5,4.5176000000000025,True
CHEMBL103382,CDK2,17.4,nM,NS(=O)(=O)c1ccc(Nc2cc(-c3ccc(F)cc3)[nH]n2)cc1,7.7594507517174,332.0743248760001,4,3,2.6068000000000007,True
CHEMBL4205645,CDK6,17.4,nM,CCN1CCN(Cc2ccc(Nc3nccc(-c4cc(F)c5nc6n(c5c4)C(C)(C)CC6)n3)nc2)CC1,7.7594507517174,500.2812212760001,7,1,4.589800000000003,True
CHEMBL5557963,CDK9,17.44,nM,CCC(=O)Nc1ccc(CNc2nc(NC3CCOCC3)nc3c(C(C)C)cnn23)cc1,7.758453519403451,437.2539232320001,7,3,3.7992000000000026,True
CHEMBL4207966,CDK4,17.6,nM,CCN1CCN(Cc2ccc(Nc3nccc(-c4cc(F)c5nc6n(c5c4)C(C)CC6)n3)nc2)CC1,7.75448733218585,486.2655712120001,7,1,4.415700000000004,True
CHEMBL5748748,CDK2,17.6,nM,CC1(C)CCc2nc3c(F)cc(-c4nc(Nc5ccc6c(n5)CCN(C(=O)CO)C6)ncc4F)cc3n21,7.75448733218585,505.2037794800001,7,2,3.4684000000000017,True
CHEMBL3648103,CDK2,18.0,nM,CCC(Sc1nc(Nc2ccc(S(C)(=N)=O)cc2)ncc1Br)C(C)O,7.744727494896693,444.028930012,7,3,4.269670000000004,True
CHEMBL445813,CDK4,18.0,nM,O=C(NC1CCNCC1)c1n[nH]cc1NC(=O)c1c(Cl)cccc1Cl,7.744727494896693,381.075930144,4,4,2.4505999999999997,True
CHEMBL451462,CDK2,18.0,nM,Cc1ncc(-c2nc(Nc3ccc(C(=O)N4CCN(C)CC4)cc3)ncc2F)n1C(C)C,7.744727494896693,437.23393673600003,6,1,3.4997200000000026,True
CHEMBL5863217,CDK6,18.0,nM,CC(C)N1CCOc2c(F)cc(-c3nc(Nc4ccc(C(=O)N5CCC(O)CC5)cn4)ncc3F)cc21,7.744727494896693,510.219095196,8,2,3.7645000000000026,True
CHEMBL3648106,CDK1,18.0,nM,CC(CO)Sc1nc(Nc2ccc(S(C)(=N)=O)cc2)ncc1Br,7.744727494896693,415.99762988400005,7,3,3.4910700000000014,True
CHEMBL3642026,CDK6,18.0,nM,CN(CC(=O)O)C1CCN(c2ccc(Nc3ncc4c5ccncc5n(C5CCCC5)c4n3)nc2)CC1,7.744727494896693,500.2648222640001,8,2,4.218400000000003,True
CHEMBL3905696,CDK6,18.0,nM,COCCCNCC(=O)N1CCN(c2ccc(Nc3ncc4c(C)c(C(C)=O)c(=O)n(C5CCCC5)c4n3)nc2)CC1,7.744727494896693,576.3172517600001,10,2,2.8309200000000008,True
CHEMBL3642018,CDK6,18.0,nM,OC1CCN(C2CCN(c3ccc(Nc4ncc5c6ccncc6n(C6CCCC6)c5n4)nc3)CC2)CC1,7.744727494896693,512.3012077720001,8,2,4.658700000000004,True
CHEMBL3691575,CDK4,18.0,nM,CN(C)C(=O)c1cc2cnc(Nc3ccc(C(=O)N4CC5CNCC5C4)cn3)nc2n1C1CCCC1,7.744727494896693,488.2648222640001,7,2,2.6782000000000004,True
CHEMBL3914273,CDK4,18.0,nM,CN(C)C(=O)c1cc2cnc(Nc3ccc(C(=O)N4C[C@@H]5C[C@]5(N)C4)cn3)nc2n1C1CCCC1,7.744727494896693,474.2491722000001,7,2,2.5600000000000005,True
CHEMBL83775,CDK2,18.0,nM,COc1cc(-c2ccc[nH]2)c2c3c(ccc(F)c13)NC2=O,7.744727494896693,282.080455812,2,2,3.548300000000001,True
CHEMBL79364,CDK2,18.0,nM,O=C1Nc2ccc(F)c3c(OCCCO)cc(-c4ccc[nH]4)c1c23,7.744727494896693,326.10667056000005,3,3,3.3009000000000013,True
CHEMBL3702150,CDK4,18.0,nM,c1cc2c3cnc(Nc4ccc(N5CCNC6(CCCCC6)C5)nn4)nc3n(C3CCCC3)c2cn1,7.744727494896693,483.28589205600014,8,2,4.740700000000004,True
CHEMBL4214566,CDK4,18.0,nM,CCN1CCN(Cc2ccc(Nc3ncc(F)c(-c4cc(F)c5nc6n(c5c4)CCC6)n3)nc2)CC1,7.744727494896693,490.2404993360001,7,1,3.993800000000002,True
CHEMBL3668481,CDK9,18.0,nM,Fc1cnc(NCc2ccccc2)cc1-c1ccnc2[nH]c(C3CCCNC3)cc12,7.744727494896693,401.201573988,4,3,4.843100000000003,True
CHEMBL3691639,CDK4,18.0,nM,CN(C)C(=O)c1cc2cnc(Nc3ccc(N4CC5(CC6CCC(C5)N6C)OC4=O)cn3)nc2n1C1CCCC1,7.744727494896693,544.2910370120001,8,1,4.3388000000000035,True
CHEMBL3663775,CDK9,18.0,nM,Clc1ccc(NCc2cccnc2)nc1-c1ccnc2[nH]c(C3CCNCC3)cc12,7.744727494896693,418.16727241600006,5,3,4.752400000000002,True
CHEMBL3642007,CDK6,18.0,nM,O[C@@H]1CCCN(C2CCN(c3ccc(Nc4ncc5c6ccncc6n(C6CCCC6)c5n4)nn3)CC2)C1,7.744727494896693,513.2964567400002,9,2,4.053700000000004,True
CHEMBL5277376,CDK4,18.0,nM,CC(=O)c1c(C)c2cnc(Nc3ccc(N4CCN(C/C=C/C(F)(F)F)CC4)cn3)nc2n(C2CCCC2)c1=O,7.744727494896693,555.2569579240001,8,1,4.796720000000004,True
CHEMBL6007997,CDK6,18.0,nM,Cc1nc(Nc2ncc(F)c(-c3cc(F)c4c(c3)N(C(C)C)CCO4)n2)ccc1C1CCN(C)CC1,7.744727494896693,494.260566084,7,1,5.285220000000005,True
CHEMBL3673549,CDK9,18.0,nM,O=C(O)C1CC=C(c2cc3c(-c4cncc(OCc5cccc(F)c5)n4)ccnc3[nH]2)CC1,7.744727494896693,444.1597687520001,5,2,5.0061000000000035,True
CHEMBL6148270,CDK9,18.0,nM,c1cc(-c2cnn(CC3CC3)c2)c2cc(C3CCNCC3)[nH]c2n1,7.744727494896693,321.1953457360001,3,2,3.303400000000001,True
CHEMBL442186,CDK2,18.0,nM,O=C1Nc2ccc(F)c3c(SC[C@@H]4CCCN4)cc(-c4ccc[nH]4)c1c23,7.744727494896693,367.115461416,3,3,4.383800000000003,True
CHEMBL5542666,CDK9,18.23,nM,CCC(=O)Nc1ccc(CNc2nc(N[C@@H](CC)CO)nc3c(C(C)C)cnn23)cc1,7.739213331345024,425.2539232320001,7,4,3.3911000000000016,True
CHEMBL3684980,CDK4,18.4,nM,C[C@H]1CC[C@H](n2c3cnccc3c3cnc(Nc4cc5c(cn4)CCN(CCO)C5)nc32)CC1,7.735182176990463,457.25900861200006,7,2,4.219700000000002,True
CHEMBL5758951,CDK2,18.5,nM,Cc1nc2c(F)cc(-c3nc(Nc4ccc5c(n4)CCN(CCN4CCC(B(O)O)CC4)C5)ncc3F)cc2n1C(C)(C)C,7.732828271596986,604.325709328,9,3,4.270420000000004,True
CHEMBL5873158,CDK2,18.5,nM,Cc1nc2c(F)cc(-c3nc(Nc4ccc5c(n4)CCNC5)ncc3F)cc2n1C(C)(C)C,7.732828271596986,449.2139502400001,6,2,4.619220000000003,True
CHEMBL5788017,CDK6,18.7,nM,CN(C)C1CCN(c2ccc(Nc3ncc4cc(S(C)(=O)=O)n(C5CCCC5)c4n3)nc2)CC1,7.7281583934635005,483.24164429600006,8,1,3.6189000000000027,True
CHEMBL4207474,CDK6,18.7,nM,Cc1nc(Nc2ncc(F)c(-c3cc(F)c4nc5n(c4c3)C(C)(C)CC5)n2)ccc1CN1CCNCC1,7.7281583934635005,504.2561494,7,2,4.305020000000003,True
CHEMBL3684986,CDK4,18.8,nM,CC(=O)N1Cc2ccc(Nc3ncc4c5ccncc5n([C@H]5CC[C@H](C)CC5)c4n3)nc2[C@H](C)C1,7.72584215073632,469.25900861200006,6,1,5.334900000000005,True
CHEMBL6021833,CDK6,18.9,nM,Cc1nc2c(F)cc(-c3nc(Nc4ccc5c(n4)CCNC5)ncc3F)cc2n1C1CC1,7.723538195826756,433.1826501120001,6,2,4.199120000000002,True
CHEMBL4207474,CDK4,18.9,nM,Cc1nc(Nc2ncc(F)c(-c3cc(F)c4nc5n(c4c3)C(C)(C)CC5)n2)ccc1CN1CCNCC1,7.723538195826756,504.2561494,7,2,4.305020000000003,True
CHEMBL6034187,CDK9,19.0,nM,Fc1cccc(Cn2cnc3ccc(-c4cc(NC5CC6(CCNC6)C5)ncc4Cl)cc32)c1,7.721246399047171,461.1782517000001,4,2,5.4931000000000045,True
CHEMBL5277470,CDK6,19.0,nM,CC(=O)c1c(C)c2cnc(Nc3ccc(N4CCN(C(=O)/C(C#N)=C/c5ccccc5)CC4)cn3)nc2n(C2CCCC2)c1=O,7.721246399047171,602.2753869480001,9,1,4.812000000000004,True
CHEMBL1234087,CDK1,19.0,nM,O=C1Nc2ccc(-c3cnco3)cc2/C1=C/Nc1ccc2c(c1)CS(=O)(=O)C2,7.721246399047171,393.07832695999997,6,2,3.1751000000000014,True
CHEMBL3691650,CDK4,19.0,nM,CN(C)C(=O)c1cc2cnc(Nc3ccc(N4CCC5(CCCN5)C4=O)cn3)nc2n1C1CCCC1,7.721246399047171,488.2648222640001,7,2,3.245700000000001,True
CHEMBL3702175,CDK4,19.0,nM,COCC(C)(C)n1c2cnccc2c2cnc(Nc3ccc(N4CCC(N(C)C)CC4)cn3)nc21,7.721246399047171,474.2855577080001,8,1,4.030000000000004,True
CHEMBL3648104,CDK1,19.0,nM,CC(Sc1nc(Nc2ccc(S(C)(=N)=O)cc2)ncc1Br)C(C)(C)O,7.721246399047171,444.028930012,7,3,4.269670000000003,True
CHEMBL3691557,CDK4,19.0,nM,CN(C)C(=O)c1cc2cnc(Nc3ccc(C(=O)N4CC5CC5(N)C4)cn3)nc2n1C1CCCC1,7.721246399047171,474.2491722000001,7,2,2.5600000000000005,True
CHEMBL2158845,CDK2,19.0,nM,NS(=O)(=O)c1cccc(Nc2nccc(-c3ccnc(N4CCOCC4)c3)n2)c1,7.721246399047171,412.13175950000004,8,2,1.7661999999999998,True
CHEMBL4207451,CDK6,19.0,nM,CC1(C)CCc2nc3c(F)cc(-c4nc(Nc5ccc(CN6CCN(C7CC7)CC6)cn5)ncc4F)cc3n21,7.721246399047171,530.2717994640002,7,1,4.871400000000004,True
CHEMBL3702028,CDK4,19.0,nM,CC1CCN(c2ccc(Nc3ncc4c5ccncc5n(C5CCCC5)c4n3)nn2)C1,7.721246399047171,414.2280428320001,7,1,4.474400000000003,True
CHEMBL3668452,CDK9,19.0,nM,COc1ccc(F)cc1-c1ccnc2[nH]c(C3CCN(C(=O)CN4CCOCC4)CC3)cc12,7.721246399047171,452.222369008,5,1,3.4158000000000017,True
CHEMBL411224,CDK1,19.0,nM,CC(C)Cc1cccc2c1/C(=N/Nc1ccc(S(N)(=O)=O)cc1)C(=O)N2,7.721246399047171,372.12561149999993,5,3,2.3007999999999997,True
CHEMBL5188442,CDK9,19.0,nM,COc1cc(F)ccc1-c1ccnc2[nH]c(-c3ccc(CN4CCOCC4)cc3)nc12,7.721246399047171,418.180504196,5,1,4.271800000000003,True
CHEMBL3642023,CDK6,19.0,nM,c1cc2c3cnc(Nc4ccc(N5CCC(NC6CCC6)CC5)cn4)nc3n(C3CCCC3)c2cn1,7.721246399047171,482.2906430880001,7,2,5.3441000000000045,True
CHEMBL5858683,CDK9,19.0,nM,C[C@H](c1cccc(F)c1)n1cnc2ccc(-c3cc(NC(=O)[C@@H]4CCCNC4)ncc3Cl)cc21,7.721246399047171,477.17316632000006,4,2,5.438200000000004,True
CHEMBL3702078,CDK4,19.0,nM,Cc1nc(Nc2ncc3c4ccnc(F)c4n(C4CCCC4)c3n2)ccc1N1CCNCC1,7.721246399047171,446.23427108400006,7,2,4.090320000000002,True
CHEMBL1080913,CDK2,19.0,nM,Cc1n[nH]c2ccc(-c3nnc(NC[C@@H](N)Cc4ccc(F)c(F)c4)s3)cc12,7.721246399047171,400.12817201599995,6,3,3.6499200000000016,True
CHEMBL3668497,CDK9,19.0,nM,CCN(C(=O)O)S(=O)(=O)N1CC=C(c2cc3c(-c4cc(F)ccc4OC)ccnc3[nH]2)CC1,7.721246399047171,474.137319056,5,2,3.711400000000003,True
CHEMBL3691668,CDK4,19.0,nM,CN(C)C(=O)c1cc2cnc(Nc3ccc(N4C[C@@H]5CC[C@H](CC4=O)N5)cn3)nc2n1C1CCCCC1,7.721246399047171,502.2804723280001,7,2,3.6342000000000017,True
CHEMBL457979,CDK2,19.0,nM,Cc1ncc(-c2ccnc(Nc3ccc(S(=O)(=O)Cc4ccccc4)cc3)n2)n1C(C)C,7.721246399047171,447.17289604000007,6,1,4.946920000000004,True
CHEMBL3673526,CDK9,19.0,nM,CNC(=O)N1CCC(c2cc3c(-c4cncc(NCc5cccc(F)c5)n4)ccnc3[nH]2)CC1,7.721246399047171,459.2182866720001,5,3,4.289900000000002,True
CHEMBL3663761,CDK9,19.0,nM,COc1cc(Cl)ccc1-c1ccnc2[nH]c(C3CCNCC3)cc12,7.721246399047171,341.12948994000004,3,2,4.358900000000003,True
CHEMBL3663780,CDK9,19.0,nM,Fc1ccc(CNc2ccc(Cl)c(-c3ccnc4[nH]c(C5CCNCC5)cc34)n2)cc1F,7.721246399047171,453.15317982400006,4,3,5.635600000000004,True
CHEMBL3663760,CDK9,19.0,nM,COc1cc(F)ccc1-c1ccnc2[nH]c(C3CCNCC3)cc12,7.721246399047171,325.15904048,3,2,3.8446000000000025,True
CHEMBL457177,CDK2,19.0,nM,O=C(N[C@H]1CC[C@H](O)CC1)c1n[nH]cc1NC(=O)c1c(F)cccc1F,7.721246399047171,364.13469687599996,4,4,1.9734999999999994,True
CHEMBL3691602,CDK4,19.0,nM,CN(C)C(=O)c1cc2cnc(Nc3ccc(C(=O)N4CC5CCC(C4)N5C(=O)CN)cn3)nc2n1C1CCCC1,7.721246399047171,545.2862859800001,8,2,2.1609,True
CHEMBL562104,CDK2,19.0,nM,CNC(=O)c1nn(C)c2c1CCc1cnc(Nc3ccccc3)nc1-2,7.721246399047171,334.154209196,5,2,2.0789,True
CHEMBL5830379,CDK9,19.0,nM,O=C(N[C@@H]1CCC[C@H](C(=O)Nc2cc(-c3cnn4c3CCCC4)c(Cl)cn2)C1)C1COC1,7.721246399047171,457.188067436,5,2,3.194700000000001,True
CHEMBL1800464,CDK1,19.0,nM,Nc1nc(NC2CCCC2)cc(-c2cc(N3C[C@H](O)[C@@H](O)C3)ccc2O)n1,7.721246399047171,371.19573966,8,5,1.3276999999999999,True
CHEMBL3642013,CDK4,19.0,nM,CN(CCO)C1CCN(c2ccc(Nc3ncc4c5ccncc5n(C5CCCC5)c4n3)nc2)CC1,7.721246399047171,486.2855577080001,8,2,4.126100000000003,True
CHEMBL5776531,CDK9,19.0,nM,O=C(Nc1cc(-c2cnn3c2CCCC3)c(Cl)cn1)[C@H]1CCC[C@@H](NC(=O)[C@@H]2CCOC2)C1,7.721246399047171,471.2037175,5,2,3.584800000000002,True
CHEMBL6015242,CDK9,19.0,nM,O=C(Nc1cc(-c2ccc3nnn(Cc4ccc(F)c(F)c4)c3c2)c(Cl)cn1)[C@@H]1CCCNC1,7.721246399047171,482.1433434120001,5,2,4.411300000000002,True
CHEMBL393929,CDK1,19.0,nM,O=C1N=C(NCc2cccs2)S/C1=C\c1ccc2ncccc2c1,7.721246399047171,351.0500040360001,5,1,4.056400000000003,True
CHEMBL5788163,CDK9,19.0,nM,O=C(Nc1cc(-c2ccc3ncn(Cc4ccc(F)cc4)c3c2)c(Cl)cn1)[C@@H]1CCCNC1,7.721246399047171,463.15751625600006,4,2,4.877200000000004,True
CHEMBL5896525,CDK9,19.0,nM,CN1CCC(CCNc2cc(-c3ccc4ncn(Cc5cccc(F)c5)c4c3)c(Cl)cn2)CC1,7.721246399047171,477.20955182800003,4,1,6.082900000000006,True
CHEMBL272684,CDK2,19.0,nM,NS(=O)(=O)c1ccc(N/N=C2\C(=O)Nc3cccc(-c4cc[nH]n4)c32)cc1,7.721246399047171,382.08480930800005,6,4,1.4923999999999997,True
CHEMBL5994625,CDK9,19.0,nM,CC(C)(O)CCNc1cc(-c2ccc3ncn(Cc4cccc(F)c4)c3c2)c(Cl)cn1,7.721246399047171,438.162267288,4,2,5.512000000000004,True
CHEMBL3691587,CDK4,19.0,nM,CN(C)C(=O)c1cc2cnc(Nc3ccc(C(=O)N4CC5CCC(C4)N5C)cn3)nc2n1C1CCCC1,7.721246399047171,502.2804723280001,7,1,3.3054000000000014,True
CHEMBL2012400,CDK1,19.0,nM,Cn1cc(Nc2ncc3cnn(C4CCC5(CC4)CC5)c3n2)cc1C(N)=O,7.721246399047171,365.196408356,5,2,2.9026000000000005,True
CHEMBL3986282,CDK4,19.0,nM,CC(=O)c1c(C)c2cnc(Nc3ccc(N4CCN(C(=O)CNCCN)CC4)cn3)nc2n(C2CCCC2)c1=O,7.721246399047171,547.3019360440001,10,3,1.7531200000000005,True
CHEMBL3668485,CDK9,19.0,nM,CNC(=O)N1CC=C(c2cc3c(-c4cc(F)ccc4OC)ccnc3[nH]2)CC1,7.721246399047171,380.1648541320001,3,2,3.8061000000000016,True
CHEMBL3663794,CDK9,19.0,nM,CN1CCC(c2cc3c(-c4nc(NCc5ccccc5)ccc4Cl)ccnc3[nH]2)CC1,7.721246399047171,431.18767351200006,4,2,5.699600000000005,True
CHEMBL392776,CDK1,19.0,nM,Cc1cc(N2CCCS2(=O)=O)c2oc(-c3ccc(O)c(Br)c3)c(O)c(=O)c2c1,7.721246399047171,464.988170332,6,2,3.482020000000002,True
CHEMBL3691679,CDK4,19.0,nM,CN(C)C(=O)c1cc2cnc(Nc3ccc(N4C[C@H]5CC[C@@H](CC4=O)N5CC(F)(F)F)cn3)nc2n1C1CCCC1,7.721246399047171,570.2678569560001,7,1,4.518800000000004,True
CHEMBL3648092,CDK2,19.0,nM,CCOC(=O)N=S(=O)(CC)c1ccc(Nc2ncc(Br)c(O[C@H](C)[C@H](C)O)n2)cc1,7.721246399047171,500.07290300000005,8,2,4.134100000000003,True
CHEMBL3641990,CDK6,19.0,nM,CNC1CCN(c2ccc(Nc3ncc4c5ccncc5n(C5CCC5)c4n3)nn2)CC1,7.721246399047171,429.2389418640001,8,2,3.426300000000002,True
CHEMBL6160789,CDK6,19.0,nM,CCN1CCN(c2ccc(Nc3ncc(F)c(-c4ccc5c(c4)OC4(CCN(C(C)=O)CC4)CC5=O)n3)nc2)CC1,7.721246399047171,559.270716168,9,1,3.909500000000002,True
CHEMBL269883,CDK1,19.0,nM,CC(C)COC(=O)c1ccc2c(c1)/C(=C/Nc1ccc(S(N)(=O)=O)cc1)C(=O)N2,7.721246399047171,415.120191772,6,3,2.5519,True
CHEMBL3684985,CDK4,19.2,nM,C[C@H]1CC[C@H](n2c3cnccc3c3cnc(Nc4ccc5c(n4)C(O)CN(CCO)C5)nc32)CC1,7.71669877129645,473.25392323200003,8,3,3.710600000000002,True
CHEMBL4160544,CDK6,19.24,nM,Cc1nc(Nc2c[nH]nc2C(=O)Nc2ccc(CN3CCN(C)CC3)cc2)c2cc(C(C)C)sc2n1,7.715794932298206,504.24197864399997,8,3,4.589520000000004,True
CHEMBL3698645,CDK6,19.5,nM,C[C@H]1CN(c2ccc(Nc3ncc4c5ccncc5n(C5CCCC5)c4n3)nn2)CCN1,7.709965388637482,429.2389418640001,8,2,3.4263000000000003,True
CHEMBL3698741,CDK6,19.7,nM,c1cc2c3cnc(Nc4ccc(N5CCCC5)nn4)nc3n(C3CCCC3)c2cn1,7.705533773838407,400.21239276800003,7,1,4.228400000000003,True
CHEMBL5843019,CDK6,19.8,nM,CC(C)N1CCOc2c(F)cc(-c3nc(Nc4ccc(C(N)=O)cn4)ncc3F)cc21,7.703334809738469,426.16158032000004,7,2,3.2665000000000006,True
CHEMBL4762677,CDK9,19.8,nM,CC(C)N1c2cc(Nc3nccc(-c4ccnc5ccccc45)n3)ccc2N(C)C(=O)[C@H]1C,7.703334809738469,438.216809452,6,1,5.015100000000004,True
CHEMBL5908734,CDK2,19.9,nM,Cc1nc2c(F)cc(-c3nc(Nc4ccc5c(n4)CCN(CCO)C5)ncc3F)cc2n1C(C)C,7.701146923590294,479.22451492400006,7,2,4.149820000000003,True
CHEMBL297570,CDK2,20.0,nM,CC(C)(C)c1cnc(CSc2cnc(NC(=O)C3CCCNC3)s2)o1,7.698970004336019,380.13406800799993,7,2,3.6590000000000016,True
CHEMBL3085239,CDK1,20.0,nM,CC(C)[C@H](CO)Nc1nc(NCc2ccc3c(c2)OCO3)c2ncn(C(C)C)c2n1,7.698970004336019,412.22228875600007,8,3,3.176800000000002,True
CHEMBL3969723,CDK9,20.0,nM,CN1CC[C@@H](c2c(O)cc(O)c3c(=O)cc(-c4ccccc4Cl)oc23)[C@@H]1CO,7.698970004336019,401.10300041999994,6,3,3.304600000000002,True
CHEMBL1235529,CDK1,20.0,nM,O=S1(=O)NCCCNc2nc(ncc2Br)Nc2cccc1c2,7.698970004336019,383.005157788,6,3,2.076599999999999,True
CHEMBL79049,CDK1,20.0,nM,CCCCOc1c(C(=O)c2c(F)cc(F)cc2F)c[nH]c2nncc1-2,7.698970004336019,349.1038113480001,4,1,3.7367000000000026,True
CHEMBL3901726,CDK9,20.0,nM,Fc1ccc2c(c1)-c1ccnc3[nH]c(C4=CCNCC4)c(c13)CO2,7.698970004336019,321.127740352,3,2,3.6381000000000023,True
CHEMBL496567,CDK2,20.0,nM,CC(C)(C)c1cnc(CSc2cnc(N[C@H]3CC[C@H](N)CC3)s2)o1,7.698970004336019,366.154803452,7,2,4.402700000000003,True
CHEMBL4474655,CDK9,20.0,nM,FC(F)(F)c1cnc(N[C@H]2CCCNC2)nc1-c1n[nH]c2ccccc12,7.698970004336019,362.14667920400007,5,3,3.2026000000000012,True
CHEMBL5933703,CDK2,20.0,nM,CNCCN1CCc2nc(Nc3ncc(F)c(-c4cc(F)c5nc(C)n(C6(C)CC6)c5c4)n3)ccc2C1,7.698970004336019,504.2561494,7,2,4.305020000000003,True
CHEMBL5776705,CDK1,20.0,nM,NS(=O)(=O)c1ccc(Nc2ncc3cc4n(c3n2)C2(CCCCC2)C(=O)N[C@@H]4CF)cc1,7.698970004336019,458.153637816,6,3,2.6221000000000014,True
CHEMBL3668472,CDK9,20.0,nM,Fc1ccc(CNc2ccc(Cl)c(-c3ccnc4[nH]c(C5CCCNC5)cc34)n2)cc1F,7.698970004336019,453.15317982400006,4,3,5.635600000000004,True
CHEMBL6022784,CDK4,20.0,nM,CC(C)N1CCOc2c(F)cc(-c3nc(Nc4ccc(N5CCC(C)(O)CC5)cn4)ncc3F)cc21,7.698970004336019,496.23983064000004,8,2,4.518800000000004,True
CHEMBL488436,CDK9,20.0,nM,Cc1ncc(-c2ccnc(Nc3ccc(S(C)(=O)=O)cc3)n2)n1C(C)C,7.698970004336019,371.14159591200007,6,1,3.376520000000002,True
CHEMBL5176691,CDK2,20.0,nM,NCCCCNC(=O)c1ccc(Nc2nc(N[C@H]3CC[C@H](N)CC3)nc3c2ncn3C2CCCC2)cc1,7.698970004336019,505.3277568680001,8,5,3.8355000000000024,True
CHEMBL3702038,CDK4,20.0,nM,CC1(C)CN(c2ccc(Nc3ncc4c5cc[nH]c(=O)c5n(C5CCCC5)c4n3)nn2)CCN1,7.698970004336019,459.24950654800017,8,3,3.109700000000001,True
CHEMBL3991935,CDK9,20.0,nM,CN1CC[C@@H](c2c(O)cc(O)c3c(=O)cc(-c4ccccc4Cl)oc23)[C@@H]1CO.Cl,7.698970004336019,437.07967813199997,6,3,3.7264000000000026,True
CHEMBL6013201,CDK4,20.0,nM,CC(C)N1CCOc2c(F)cc(-c3nc(Nc4cnn(C5CCC(O)CC5)c4)ncc3F)cc21,7.698970004336019,470.224180576,7,2,4.445100000000004,True
CHEMBL3642024,CDK6,20.0,nM,CC(C)NC1CCN(c2ccc(Nc3ncc4c5ccncc5n(C5CCCC5)c4n3)nc2)CC1,7.698970004336019,470.2906430880001,7,2,5.200000000000005,True
CHEMBL3702094,CDK4,20.0,nM,CC1CN(c2ccc(Nc3ncc4c5ccnc(F)c5n(C5CCCC5)c4n3)nc2)CC(C)N1,7.698970004336019,460.2499211480001,7,2,4.558900000000003,True
CHEMBL4207804,CDK4,20.0,nM,CCN1CCN(Cc2ccc(Nc3ncc(F)c(-c4cc(F)c5nc6n(c5c4)CC(C)(C)C6)n3)nc2)CC1,7.698970004336019,518.2717994640001,7,1,4.629900000000004,True
CHEMBL1800450,CDK1,20.0,nM,Cc1cc(-c2cc(N3C[C@H](O)[C@@H](O)C3)ccc2O)nc(N)n1,7.698970004336019,302.137890436,7,4,0.2816199999999998,True
CHEMBL5797283,CDK1,20.0,nM,NS(=O)(=O)c1ccc(Nc2ncc3cc4n(c3n2)C2(CCCCC2)C(=O)N[C@H]4CF)cc1,7.698970004336019,458.153637816,6,3,2.6221000000000014,True
CHEMBL5774630,CDK4,20.0,nM,COCCNS(=O)(=O)c1ccc(Nc2ncc(F)c(-c3cc(F)c4c(c3)N(C(C)C)CCO4)n2)cc1,7.698970004336019,519.1751817840001,8,2,3.697300000000002,True
CHEMBL1800465,CDK1,20.0,nM,Nc1nc(NC2CCCCC2)cc(-c2cc(N3C[C@H](O)[C@@H](O)C3)ccc2O)n1,7.698970004336019,385.211389724,8,5,1.7178,True
CHEMBL401377,CDK2,20.0,nM,Brc1cnn2c(NCc3ccncc3)cc(-c3ccccc3)nc12,7.698970004336019,379.04325754800004,4,1,4.165900000000002,True
CHEMBL3648071,CDK2,20.0,nM,C[C@@H](O)[C@@H](C)Nc1nc(Nc2ccc(S(C)(=N)=O)cc2)ncc1Br,7.698970004336019,413.05210797999996,7,4,3.199370000000001,True
CHEMBL3691603,CDK4,20.0,nM,CN(C)C(=O)c1cc2cnc(Nc3ccc(C(=O)N4CC5CCC(C4)N5C(=O)C4CCCN4)cn3)nc2n1C1CCCC1,7.698970004336019,585.3175861080001,8,2,2.9542,True
CHEMBL452602,CDK2,20.0,nM,C[C@@H]1CNC[C@H](C(=O)Nc2ncc(SCc3ncc(C(C)(C)C)o3)s2)C1,7.698970004336019,394.149718072,7,2,3.905000000000003,True
CHEMBL3421973,CDK2,20.0,nM,CN1CCN(c2ccc(Nc3ncc(Cl)c(-c4c[nH]c5cnccc45)n3)cc2)CC1,7.698970004336019,419.16252138400006,6,2,4.168700000000002,True
CHEMBL191834,CDK2,20.0,nM,C[C@H](C(=O)Nc1cc(C2CC2)[nH]n1)c1ccc(N2CCOC2=O)cc1,7.698970004336019,340.15354049999996,4,2,2.9859000000000018,True
CHEMBL5887566,CDK6,20.0,nM,CC(C)N1CCOc2c(Cl)cc(-c3nc(Nc4ccc(N5CCNCC5)c(F)c4)ncc3F)cc21,7.698970004336019,500.1902936040001,7,2,4.835600000000003,True
CHEMBL4084410,CDK9,20.0,nM,Clc1ccnc2[nH]c(-c3ccc(N4CCNCC4)cc3)cc12,7.698970004336019,312.114174224,3,2,3.2929000000000013,True
CHEMBL3698715,CDK4,20.0,nM,CN(C)C1CCN(c2cnc(Nc3ncc4c5ccncc5n(C5CCCC5)c4n3)cn2)CC1,7.698970004336019,457.2702419920001,8,1,4.158600000000003,True
CHEMBL3702061,CDK4,20.0,nM,CN(C)C1CCN(c2ccc(Nc3ncc4c5ccnc(Cl)c5n(C5CCCC5)c4n3)nn2)CC1,7.698970004336019,491.23126964000005,8,1,4.812000000000004,True
CHEMBL603097,CDK2,20.0,nM,COc1ccc2nc3[nH]nc(C)c3c(OC)c2c1,7.698970004336019,243.100776656,4,1,2.43672,True
CHEMBL428690,CDK9,20.0,nM,CN1CC[C@H](c2c(O)cc(O)c3c(=O)cc(-c4ccccc4Cl)oc23)[C@H](O)C1,7.698970004336019,401.10300041999994,6,3,3.3046000000000015,True
CHEMBL3698694,CDK6,20.0,nM,c1cc2c3cnc(Nc4ccc(N[C@@H]5CCNC5)cn4)nc3n(C3CCCC3)c2cn1,7.698970004336019,414.228042832,7,3,4.007000000000002,True
CHEMBL5748598,CDK9,20.0,nM,COC1CCc2c(-c3cc(NC(=O)[C@H]4CCC[C@@H](NC(C)=O)C4)ncc3Cl)cnn2C1,7.698970004336019,445.18806743600004,5,2,3.193100000000002,True
CHEMBL3237445,CDK4,20.0,nM,Cc1nccc2c3cnc(Nc4ccc(N5CCNCC5)cn4)nc3n(C3CCCC3)c12,7.698970004336019,428.243692896,7,2,3.951220000000002,True
CHEMBL3702244,CDK4,20.0,nM,C[C@H]1CN(c2ccc(Nc3ncc4c5ccncc5n(C5CCC5)c4n3)nc2)CCN1,7.698970004336019,414.228042832,7,2,3.6412000000000013,True
CHEMBL3668412,CDK9,20.0,nM,Clc1ccccc1CNc1cccc(-c2ccnc3[nH]c(C4CCNCC4)cc23)n1,7.698970004336019,417.17202344800006,4,3,5.357400000000004,True
CHEMBL5978749,CDK6,20.0,nM,CC(C)CN1CCOc2c(F)cc(-c3nc(Nc4ccc5c(n4)CCNC5)ncc3F)cc21,7.698970004336019,452.21361589200006,7,2,4.060900000000003,True
CHEMBL3691641,CDK4,20.0,nM,CN1CCCC2(CC1)CN(c1ccc(Nc3ncc4cc(C(=O)N(C)C)n(C5CCCC5)c4n3)nc1)C(=O)O2,7.698970004336019,532.2910370120001,8,1,4.197900000000003,True
CHEMBL4465061,CDK9,20.0,nM,Clc1cnc(NC2CCCCC2)nc1-c1c[nH]c2cccnc12,7.698970004336019,327.125073256,4,2,4.417900000000003,True
CHEMBL254367,CDK2,20.0,nM,O=C(Cc1cccc2ccccc12)Nc1n[nH]c2ccc(N3CCCS3(=O)=O)cc12,7.698970004336019,420.1256115,4,2,3.4372000000000016,True
CHEMBL255263,CDK2,20.0,nM,O=C(Cc1ccc(F)cc1)Nc1n[nH]c2ccc(N3CCCS3(=O)=O)cc12,7.698970004336019,388.100539624,4,2,2.4231000000000007,True
CHEMBL3691638,CDK4,20.0,nM,CN(C)C(=O)c1cc2cnc(Nc3ccc(N4CC5(CC6CCC(C5)N6)OC4=O)cn3)nc2n1C1CCCC1,7.698970004336019,530.2753869480001,8,2,3.9966000000000026,True
CHEMBL3702224,CDK6,20.0,nM,CC[C@@H](C)n1c2cnccc2c2cnc(Nc3ccc(N4CCNC(C)(C)C4)nn3)nc21,7.698970004336019,431.25459192800014,8,2,3.6723000000000017,True
CHEMBL6144593,CDK2,20.1,nM,O=C(NCC1CCOCC1)c1cc(C(F)(F)F)c(N2CCOCC2)nn1,7.696803942579511,374.15657519200005,6,1,1.4884000000000002,True
CHEMBL5867735,CDK4,20.1,nM,Cc1nc2c(F)cc(-c3nc(Nc4ccc5c(n4)CN(CCN(C)C)C5=O)ncc3F)cc2n1C(C)C,7.696803942579511,506.23541395600006,7,1,4.316820000000003,True
CHEMBL3684983,CDK4,20.3,nM,CC1CN(CCO)Cc2ccc(Nc3ncc4c5ccncc5n([C@H]5CC[C@H](C)CC5)c4n3)nc21,7.692503962086787,471.2746586760001,7,2,4.780700000000004,True
CHEMBL5899535,CDK2,20.4,nM,Cc1nc2c(F)cc(-c3nc(Nc4ccc5c(n4)CCN(C(=O)C4CC(O)C4)C5)ncc3F)cc2n1C(C)C,7.690369832574101,533.235079608,7,2,4.455020000000004,True
CHEMBL5791509,CDK2,20.4,nM,Cc1nc2c(F)cc(-c3nc(Nc4ccc5c(n4)CCN(C(=O)CC4CC(O)C4)C5)ncc3F)cc2n1C1CC1,7.690369832574101,545.2350796080001,7,2,4.599120000000004,True
CHEMBL5939038,CDK2,20.4,nM,CN(C)[C@H]1CCN(C(=O)c2ccc(Nc3ncc(F)c(-c4cc(F)c5nc6n(c5c4)C(C)(C)CC6)n3)nc2)C1,7.690369832574101,532.2510640200002,7,1,4.367500000000002,True
CHEMBL3691662,CDK4,20.5,nM,CN(C)C(=O)c1cc2cnc(Nc3ccc(N4CC5CCC(C4)N5)nn3)nc2n1C1CCCCC1,7.688246138944246,475.28080667600017,8,2,3.1125000000000007,True
CHEMBL3702131,CDK6,20.5,nM,CN(C)C1CCN(S(=O)(=O)c2ccc(Nc3ncc4c5ccncc5n(C5CCCC5)c4n3)nc2)CC1,7.688246138944246,520.2368932640001,8,1,3.9479000000000024,True
CHEMBL5979966,CDK9,20.7,nM,Cc1nc2c(F)cc(-c3nc(Nc4ccc5c(n4)CCN(CCN4CCN(C)CC4)C5)ncc3F)cc2n1C(C)(C)C,7.684029654543082,575.3296486880001,8,1,4.579020000000003,True
CHEMBL5964675,CDK9,20.8,nM,Cc1nc2c(F)cc(-c3nc(Nc4ccc5c(n4)CCN(C[C@H]4CNCCO4)C5)ncc3F)cc2n1C(C)(C)C,7.681936665037238,548.2823641480002,8,2,4.320020000000003,True
CHEMBL5938059,CDK2,20.8,nM,Cc1nc2c(F)cc(-c3nc(Nc4ccc5c(n4)CCN(CCN)C5)ncc3F)cc2n1C(C)(C)C,7.681936665037238,492.2561494000001,7,2,4.290320000000003,True
CHEMBL5897984,CDK9,20.8,nM,Cc1nc2c(F)cc(-c3nc(Nc4ccc5c(n4)CCN(C[C@H]4CNCCO4)C5)ncc3F)cc2n1C(C)C,7.681936665037238,534.2667140840001,8,2,4.145920000000003,True
CHEMBL3702217,CDK6,21.0,nM,CC[C@@H](C)n1c2cnccc2c2cnc(Nc3ccc(N4CCN[C@@H](C)C4)nn3)nc21,7.67778070526608,417.23894186400014,8,2,3.2822000000000013,True
CHEMBL3691550,CDK4,21.0,nM,CN(C)C(=O)c1cc2cnc(Nc3ccc(C(=O)N4CC5CCC4C5O)cn3)nc2n1C1CCCCCC1,7.67778070526608,517.2801379800001,7,2,3.7623000000000024,True
CHEMBL3668420,CDK9,21.0,nM,COc1ccc(F)cc1-c1ccnc2[nH]c(C3CCN(CC(O)CO)CC3)cc12,7.67778070526608,399.19581991199993,5,3,2.9102000000000015,True
CHEMBL5956743,CDK6,21.0,nM,CCS(=O)(=O)c1cc2cnc(Nc3ccc(N4CCNCC4)cn3)nc2n1C1CCCC1,7.67778070526608,455.2103441680001,8,2,2.888200000000001,True
CHEMBL3663786,CDK9,21.0,nM,CN(Cc1ccccc1)c1ccc(Cl)c(-c2ccnc3[nH]c(C4CCNCC4)cc23)n1,7.67778070526608,431.18767351200006,4,2,5.381700000000005,True
CHEMBL1794054,CDK2,21.0,nM,NS(=O)(=O)c1ccc(N/N=C2\C(=O)Nc3cccc(CCc4ccncc4)c32)cc1,7.67778070526608,421.12086046800005,6,3,2.2824999999999998,True
CHEMBL5981008,CDK2,21.0,nM,CC(=N)NCCN1CCc2nc(Nc3ncc(F)c(-c4cc(F)c5nc(C)n(C(C)C)c5c4)n3)ccc2C1,7.67778070526608,519.267048432,7,3,4.744290000000004,True
CHEMBL3702116,CDK6,21.0,nM,Oc1nccc2c3cnc(Nc4ccc(CN5CCNCC5)cn4)nc3n(C3CCCC3)c12,7.67778070526608,444.23860751600006,8,3,3.344000000000001,True
CHEMBL3950787,CDK9,21.0,nM,CN1Cc2c(C3=CCNCC3)[nH]c3nccc(c23)-c2cc(F)ccc21,7.67778070526608,334.159374828,3,2,3.695500000000002,True
CHEMBL3673546,CDK9,21.0,nM,O=C(O)C1CC=C(c2cc3c(-c4cncc(NCc5ccccc5)n4)ccnc3[nH]2)CC1,7.67778070526608,425.1851749760001,5,3,4.900100000000003,True
CHEMBL6018285,CDK4,21.0,nM,CC(C)N1CCOc2c(F)cc(-c3nc(Nc4ccc(N5CCC(CCO)CC5)cn4)ncc3F)cc21,7.67778070526608,510.25548070400004,8,2,4.766400000000004,True
CHEMBL271182,CDK2,21.0,nM,CCc1ccc2c(c1)NC(=O)/C2=N\Nc1ccc(S(N)(=O)=O)cc1,7.67778070526608,344.09431137199994,5,3,1.6646999999999998,True
CHEMBL3639672,CDK9,21.0,nM,COc1ccc(F)cc1-c1ccnc2[nH]c(C3CCN(S(C)(=O)=O)CC3)cc12,7.67778070526608,403.1365907839999,4,1,3.516600000000002,True
CHEMBL3642648,CDK2,21.0,nM,Fc1ccccc1-c1cc(NCc2cccnc2)n2ncc(Cl)c2n1,7.67778070526608,353.08435131600004,4,1,4.195900000000002,True
CHEMBL3642022,CDK6,21.0,nM,FCCNC1CCN(c2ccc(Nc3ncc4c5ccncc5n(C5CCCC5)c4n3)nc2)CC1,7.67778070526608,474.2655712120001,7,2,4.761100000000004,True
CHEMBL1800449,CDK2,21.0,nM,Nc1nccc(-c2cc(N3C[C@H](O)[C@@H](O)C3)ccc2O)n1,7.67778070526608,288.122240372,7,4,-0.02679999999999999,True
CHEMBL5918460,CDK9,21.0,nM,NS(=O)(=O)CC(=O)Nc1cc(-c2ccc3ncn(Cc4cccc(F)c4)c3c2)c(Cl)cn1,7.67778070526608,473.07246630400005,5,2,3.166100000000002,True
CHEMBL3673519,CDK9,21.0,nM,CC(=O)N1CCC(c2cc3c(-c4cncc(NCc5cccc(F)c5)n4)ccnc3[nH]2)CC1,7.67778070526608,444.2073876400001,5,2,4.4970000000000026,True
CHEMBL3702245,CDK4,21.0,nM,CNC1CCN(c2ccc(Nc3ncc4c5ccncc5n(C5CCC5)c4n3)nc2)CC1,7.67778070526608,428.243692896,7,2,4.0313000000000025,True
CHEMBL3702241,CDK4,21.0,nM,CN(C)C1CCN(c2ccc(Nc3ncc4c5ccncc5n(C5CCC5)c4n3)nc2)CC1,7.67778070526608,442.25934296,7,1,4.3735000000000035,True
CHEMBL5571022,CDK2,21.0,nM,CN(C)C(=O)c1cc2cnc(Nc3ccc(S(N)(=O)=O)cc3)nc2n1C1CCCC1,7.67778070526608,428.163059628,6,2,2.6392000000000007,True
CHEMBL3663773,CDK9,21.0,nM,Clc1ccc(NCc2ccccc2)nc1-c1ccnc2[nH]c(C3CCNCC3)cc12,7.67778070526608,417.17202344800006,4,3,5.357400000000004,True
CHEMBL3641987,CDK4,21.0,nM,CC1(C)CN(c2ccc(Nc3ncc4c5ccncc5n([C@@H]5CCOC5)c4n3)nn2)CCN1,7.67778070526608,445.2338564840001,9,2,2.6627,True
CHEMBL3668484,CDK9,21.0,nM,Fc1cccc(CNc2ccc(F)c(-c3ccnc4[nH]c(C5CCCNC5)cc34)c2)c1,7.67778070526608,418.19690320800004,3,3,5.587200000000005,True
CHEMBL3698669,CDK6,21.0,nM,c1cc2c3cnc(Nc4ccc(N5CCNCC5)cn4)nc3n(C3CCCCCC3)c2cn1,7.67778070526608,442.25934296,7,2,4.423000000000004,True
CHEMBL3644022,CDK2,21.0,nM,C[C@@H](O)[C@@H](C)Oc1nc(Nc2ccc(S(=O)(=O)C3CCCC3)cc2)ncc1C(F)(F)F,7.67778070526608,459.143961908,7,2,4.103400000000003,True
CHEMBL6012819,CDK6,21.0,nM,CC1CN(C(C)C)c2cc(-c3nc(Nc4ccc(N5CCNCC5)c(F)c4)ncc3F)cc(F)c2O1,7.67778070526608,498.23549420800003,7,2,4.709800000000004,True
CHEMBL3668400,CDK9,21.0,nM,COc1ccc(F)cc1-c1ccnc2[nH]c(C3CCCN(CCO)C3)cc12,7.67778070526608,369.18525522799996,4,2,3.5493000000000023,True
CHEMBL3644019,CDK2,21.0,nM,C[C@@H](Oc1nc(Nc2ccc(S(=O)(=O)C3CC3)cc2)ncc1C(F)(F)F)C(C)(C)O,7.67778070526608,445.128311844,7,2,3.7133000000000034,True
CHEMBL5753051,CDK9,21.0,nM,COc1cc2ncn(Cc3cccc(F)c3)c2cc1-c1cc(NC(=O)[C@@H]2CCCNC2)ncc1Cl,7.67778070526608,493.16808094000004,5,2,4.885800000000003,True
CHEMBL191336,CDK1,21.0,nM,OCCCNc1cc(-c2ncnc(Nc3cccc(Cl)c3)n2)ccn1,7.67778070526608,356.11523684400004,7,3,3.1249000000000002,True
CHEMBL3668491,CDK9,21.0,nM,COc1ccc(F)cc1-c1ccnc2[nH]c(C3=CCN(C(=O)CC#N)CC3)cc12,7.67778070526608,390.149204068,4,1,3.9069800000000026,True
CHEMBL3698652,CDK6,21.0,nM,COc1ccc(-n2c3cnccc3c3cnc(Nc4ccc(N5CCNCC5)cn4)nc32)cc1,7.67778070526608,452.2073073880001,8,2,3.525500000000001,True
CHEMBL4579344,CDK4,21.0,nM,Cc1cc(C)c(CNc2nc(N[C@@H](C)[C@@H](C)O)nc3c2ncn3C(C)C)cn1,7.67778070526608,383.24335854800006,7,3,3.212340000000002,True
CHEMBL2158855,CDK2,21.0,nM,NS(=O)(=O)c1cccc(Nc2nccc(-c3ccnc(N4CC5CCC(C4)O5)c3)n2)c1,7.67778070526608,438.14740956400004,8,2,2.2972,True
CHEMBL5181709,CDK1,21.0,nM,Cc1nc2ccc(-c3ccnc4[nH]c(C5CCN(CC(=O)N(C)C)CC5)cc34)cc2n1C(C)C,7.67778070526608,458.279409708,4,1,4.736520000000004,True
CHEMBL3702074,CDK6,21.0,nM,FC(F)(F)C1CN(c2ccc(Nc3ncc4c5ccncc5n(C5CCCC5)c4n3)nc2)CCN1,7.67778070526608,482.2154274600001,7,2,4.573700000000002,True
CHEMBL3691616,CDK4,21.0,nM,CN(C)C(=O)c1cc2cnc(Nc3ccc(C(=O)N4CC5CCC(C4)N5)cn3)nc2n1[C@H]1C[C@@H]2CC[C@H]1C2,7.67778070526608,514.2804723280001,7,2,3.209200000000001,True
CHEMBL3663776,CDK9,21.0,nM,Clc1ccc(CNc2ccc(Cl)c(-c3ccnc4[nH]c(C5CCNCC5)cc34)n2)cc1,7.67778070526608,451.1330510960001,4,3,6.010800000000004,True
CHEMBL3648093,CDK1,21.0,nM,CCOC(=O)N=S(C)(=O)c1ccc(Nc2ncc(Br)c(O[C@H](C)[C@H](C)O)n2)cc1,7.67778070526608,486.057252936,8,2,3.7440000000000024,True
CHEMBL3668482,CDK9,21.0,nM,Fc1cc(NCc2ccccc2)nc(-c2ccnc3[nH]c(C4CCCNC4)cc23)c1,7.67778070526608,401.201573988,4,3,4.843100000000003,True
CHEMBL2012412,CDK1,21.0,nM,Cn1cc(Nc2ncc3cnn([C@@H]4C[C@H]5C[C@H]5C4)c3n2)cc1C(=O)N1CCC[C@H]1CN1CCOCC1,7.67778070526608,490.280472328,7,1,2.816200000000001,True
CHEMBL3691592,CDK4,21.0,nM,Cc1nc(Nc2ncc3cc(C(=O)N(C)C)n(C4CCCC4)c3n2)ccc1C(=O)N1CC2CCC(C1)N2,7.67778070526608,502.28047232800003,7,2,3.2716200000000013,True
CHEMBL3698670,CDK6,21.0,nM,c1cnc2c(c1)c1cnc(Nc3ccc(N4CCNCC4)cn3)nc1n2C1CCCC1,7.67778070526608,414.228042832,7,2,3.642800000000002,True
CHEMBL272217,CDK2,21.0,nM,NS(=O)(=O)c1ccc(N/N=C2\C(=O)Nc3cccc(OCCc4ccncc4)c32)cc1,7.67778070526608,437.115775088,7,3,2.1187999999999994,True
CHEMBL3702131,CDK4,21.2,nM,CN(C)C1CCN(S(=O)(=O)c2ccc(Nc3ncc4c5ccncc5n(C5CCCC5)c4n3)nc2)CC1,7.673664139071248,520.2368932640001,8,1,3.9479000000000024,True
CHEMBL3691633,CDK4,21.5,nM,CN(C)C(=O)c1cc2cnc(Nc3ccc(N4C(=O)CN5CCC4CC5)cn3)nc2n1C1CCCCCC1,7.667561540084394,516.2961223920001,7,1,3.9780000000000033,True
CHEMBL4213756,CDK2,21.5,nM,COCCN1CCc2nc(Nc3ncc(F)c(-c4cc(F)c5nc(C)n(C(C)C)c5c4)n3)ccc2C1,7.667561540084394,493.2401649880001,7,1,4.803920000000004,True
CHEMBL3668454,CDK9,22.0,nM,COc1ccc(F)cc1-c1ccnc2[nH]c(C3CCN(C(=O)CNCCO)CC3)cc12,7.657577319177793,426.206718944,5,3,2.6655000000000006,True
CHEMBL3691571,CDK4,22.0,nM,CN(C)C(=O)c1cc2cnc(Nc3ccc(C(=O)N4CC5CCC(C4)N5CCO)cn3)nc2n1C1CCCC1,7.657577319177793,532.2910370120001,8,2,2.6679000000000004,True
CHEMBL3642004,CDK6,22.0,nM,OC1CN(C2CCN(c3ccc(Nc4ncc5c6ccncc6n(C6CCCC6)c5n4)nn3)CC2)C1,7.657577319177793,485.2651566120001,9,2,3.273500000000002,True
CHEMBL3702237,CDK4,22.0,nM,CC[C@H](C)n1c2cnccc2c2cnc(Nc3ccc(N4CC[C@@H](O)C4)nn3)nc21,7.657577319177793,404.20730738800006,8,2,3.0551000000000013,True
CHEMBL3698714,CDK4,22.0,nM,c1cc2c3cnc(Nc4cnc(N5CCOCC5)cn4)nc3n(C3CCCC3)c2cn1,7.657577319177793,416.20730738800006,8,1,3.464800000000002,True
CHEMBL3702219,CDK4,22.0,nM,CC[C@@H](C)n1c2cnccc2c2cnc(Nc3ccc(N4CC[C@@H](O)C4)nn3)nc21,7.657577319177793,404.20730738800006,8,2,3.0551000000000013,True
CHEMBL3691577,CDK4,22.0,nM,CN(C)C(=O)c1cc2cnc(Nc3ccc(C(=O)N4CC5CCC(C4)C5N(C)C)cn3)nc2n1C1CCCC1,7.657577319177793,530.3117724560001,7,1,3.799000000000002,True
CHEMBL5912073,CDK6,22.0,nM,CC(C)N1CCOc2c(F)cc(-c3nc(Nc4ccc(N5CCC(CO)CC5)cn4)ncc3F)cc21,7.657577319177793,496.23983064000004,8,2,4.376300000000003,True
CHEMBL3967958,CDK9,22.0,nM,CNS(=O)(=O)CC(=O)N1CC=C(c2[nH]c3nccc4c3c2CN(C)c2ccc(F)cc2-4)CC1,7.657577319177793,469.158388848,5,2,2.4837000000000007,True
CHEMBL3668453,CDK9,22.0,nM,COc1ccc(F)cc1-c1ccnc2[nH]c(C3CCN(C(=O)CNC4CCC(O)CC4)CC3)cc12,7.657577319177793,480.253669136,5,3,3.976700000000003,True
CHEMBL3648103,CDK1,22.0,nM,CCC(Sc1nc(Nc2ccc(S(C)(=N)=O)cc2)ncc1Br)C(C)O,7.657577319177793,444.028930012,7,3,4.269670000000004,True
CHEMBL2012411,CDK1,22.0,nM,COC[C@@H]1CCCN1C(=O)c1cc(Nc2ncc3cnn([C@@H]4C[C@H]5C[C@H]5C4)c3n2)cn1C,7.657577319177793,435.2382731680001,6,1,3.1304000000000016,True
CHEMBL210390,CDK1,22.0,nM,Nc1cc2cc(-c3cncc(OC[C@@H](N)Cc4c[nH]c5ccccc45)c3)ccc2cn1,7.657577319177793,409.19026035600007,5,3,4.309100000000003,True
CHEMBL5886051,CDK9,22.0,nM,CS(=O)(=O)CC(=O)Nc1cc(-c2ccc3ncn(Cc4cccc(F)c4)c3c2)c(Cl)cn1,7.657577319177793,472.07721733600005,5,1,3.922200000000003,True
CHEMBL1207227,CDK2,22.0,nM,O=C1C(c2c(O)[nH]c3ccc(S(=O)(=O)O)cc23)=Nc2ccccc21,7.657577319177793,342.03104242,5,3,2.4373000000000005,True
CHEMBL3928559,CDK9,22.0,nM,COc1ccc(F)cc1-c1ccnc2[nH]c(C3CCNCC3S(C)(=N)=O)cc12,7.657577319177793,402.152575196,5,3,3.499670000000001,True
CHEMBL4213847,CDK6,22.0,nM,CCC1CCc2nc3c(F)cc(-c4nc(Nc5ccc(CN6CCN(CC)CC6)cn5)ncc4F)cc3n21,7.657577319177793,518.2717994640002,7,1,4.944900000000004,True
CHEMBL6160428,CDK6,22.0,nM,CC(=O)N1CCC2(CC1)CC(=O)c1ccc(-c3nc(Nc4ccc(N5CCN(C)CC5)cn4)ncc3F)cc1O2,7.657577319177793,545.2550661040001,9,1,3.519400000000002,True
CHEMBL3702094,CDK6,22.0,nM,CC1CN(c2ccc(Nc3ncc4c5ccnc(F)c5n(C5CCCC5)c4n3)nc2)CC(C)N1,7.657577319177793,460.2499211480001,7,2,4.558900000000003,True
CHEMBL3702156,CDK4,22.0,nM,C1=CCN(c2ccc(Nc3ncc4c5ccncc5n(C5CCCC5)c4n3)nn2)CC1,7.657577319177793,412.21239276800003,7,1,4.3945000000000025,True
CHEMBL3663803,CDK9,22.0,nM,COc1ccc(F)cc1-c1ccnc2[nH]c(C3CCN(C)C3)cc12,7.657577319177793,325.15904048,3,1,3.796700000000002,True
CHEMBL4793573,CDK9,22.0,nM,C=CC(=O)NC1CCC(C(=O)N2CCCC(Nc3ncc(SCc4ncc(C(C)(C)C)o4)s3)C2)CC1,7.657577319177793,531.233782044,8,2,4.984800000000004,True
CHEMBL5804309,CDK9,22.0,nM,O=C(Nc1cc(-c2ccc3nnn(Cc4ccc(F)cc4)c3c2)c(Cl)cn1)[C@@H]1CCCNC1,7.657577319177793,464.15276522400006,5,2,4.272200000000003,True
CHEMBL3702201,CDK6,22.0,nM,CN1CCN(c2ccc(Nc3ncc4c5ccccc5n(C5CCCC5)c4n3)nn2)CC1,7.657577319177793,428.2436928960001,7,1,3.985000000000003,True
CHEMBL3663744,CDK9,22.0,nM,COc1cc(F)ccc1-c1ccnc2[nH]c(C3CCCNC3)cc12,7.657577319177793,325.15904048,3,2,3.8446000000000016,True
CHEMBL412097,CDK2,22.0,nM,C/C(Nc1ccc(S(N)(=O)=O)cc1)=C1/C(=O)Nc2ccc(Cl)cc21,7.657577319177793,363.044439988,4,3,2.7826000000000013,True
CHEMBL3698687,CDK6,22.0,nM,COc1nccc2c3cnc(Nc4ccc(N5CCNCC5)cn4)nc3n(C3CCCC3)c12,7.657577319177793,444.23860751600006,8,2,3.6514000000000024,True
CHEMBL3702200,CDK4,22.0,nM,CN(C)C1CCN(c2ccc(Nc3ncc4c5ccccc5n(C5CCCC5)c4n3)nn2)CC1,7.657577319177793,456.2749930240001,7,1,4.763600000000004,True
CHEMBL402370,CDK1,22.0,nM,O=C(Cc1ccc(Br)cc1)Nc1n[nH]c2ccc(N3CCCS3(=O)=O)cc12,7.657577319177793,448.02047350399994,4,2,3.046500000000001,True
CHEMBL254170,CDK2,22.0,nM,CS(=O)(=O)c1ccc(CC(=O)Nc2n[nH]c3ccc(N4CCCS4(=O)=O)cc23)cc1,7.657577319177793,448.08751173999997,6,2,1.6875000000000002,True
CHEMBL3668393,CDK9,22.0,nM,COC(=O)CCCN[C@H]1CC[C@H](c2cc3c(-c4cc(F)ccc4OC)ccnc3[nH]2)CC1,7.657577319177793,439.22712004000005,5,2,4.946600000000004,True
CHEMBL372672,CDK1,22.0,nM,FC(F)(F)c1cnc(Nc2cccc(Cl)c2)nc1Nc1ccc2[nH]cnc2c1,7.657577319177793,404.07640672400004,5,3,5.5123000000000015,True
CHEMBL5899619,CDK6,22.0,nM,CCN1CCN(C(=O)c2ccc(Nc3ncc(F)c(-c4cc(F)c5c(c4)N(C(C)C)CCO5)n3)cc2F)CC1,7.657577319177793,540.2460588920001,7,1,4.6894000000000045,True
CHEMBL2035044,CDK2,22.0,nM,CN1C/C=C/CCOc2cc(ccn2)-c2ccnc(n2)Nc2cccc(c2)C1,7.657577319177793,373.190260356,6,1,4.052700000000002,True
CHEMBL4764023,CDK9,22.0,nM,CNc1cccc(-c2ccnc(Nc3ccc4c(c3)N(C(C)C)[C@H](C)C(=O)N4C)n2)c1,7.657577319177793,416.232459516,6,2,4.508600000000003,True
CHEMBL488436,CDK6,22.05,nM,Cc1ncc(-c2ccnc(Nc3ccc(S(C)(=O)=O)cc3)n2)n1C(C)C,7.656591406196142,371.14159591200007,6,1,3.376520000000002,True
CHEMBL5800538,CDK6,22.3,nM,Cc1nc2c(F)cc(-c3nc(Nc4ccc5c(n4)CCN(C(=O)O)C5)ncc3F)cc2n1C(C)C,7.651695136951839,479.18812941600004,6,2,4.835520000000003,True
CHEMBL5994315,CDK6,22.3,nM,Cc1nc2c(F)cc(-c3nc(Nc4ccc5c(n4)CCN(CC(=O)O)C5)ncc3F)cc2n1C(C)C,7.651695136951839,493.20377948000004,7,2,4.2421200000000026,True
CHEMBL4742169,CDK9,22.4,nM,CC(C)N1c2cc(Nc3nccc(-c4cncc5ccccc45)n3)ccc2N(C)C(=O)[C@H]1C,7.649751981665837,438.216809452,6,1,5.015100000000004,True
CHEMBL4079206,CDK4,22.5,nM,CN1CC[C@H](c2c(O)cc(O)c3c(=O)cc(/C=C/c4c(Cl)cccc4Cl)oc23)[C@H](O)C1,7.647817481888637,461.07967813199997,6,3,4.461400000000003,True
CHEMBL4207796,CDK2,22.5,nM,Cc1nc2c(F)cc(-c3nc(Nc4ccc5c(n4)CCN(CCF)C5)ncc3F)cc2n1C(C)C,7.647817481888637,481.22017849200006,6,1,5.1270200000000035,True
CHEMBL3691649,CDK4,22.5,nM,CN(C)C(=O)c1cc2cnc(Nc3ccc(N4CC5CCC(C4)N5)cn3)nc2n1C1CCCC1,7.647817481888637,460.2699076440001,7,2,3.3274000000000017,True
CHEMBL5999796,CDK6,22.7,nM,Cc1nc2c(F)cc(-c3nc(Nc4ccc5c(n4)CCN(C(C)C)C5)ncc3F)cc2n1C1CC1,7.643974142806877,475.2296003040001,6,1,5.319920000000004,True
CHEMBL2386747,CDK1,22.8,nM,COC(=N)c1nc2ccc3ncnc(Nc4ccc(Cl)cc4Cl)c3c2s1,7.642065152999546,403.00613633200004,7,2,5.261670000000001,True
CHEMBL3668408,CDK9,23.0,nM,COc1ccc(F)cc1-c1ccnc2[nH]c(C3CCN(C(=O)CO)CC3)cc12,7.638272163982407,383.16451978399994,4,2,3.0759000000000016,True
CHEMBL3668460,CDK9,23.0,nM,CN1CCC(c2cc3c(-c4cc(NCc5ccncc5)ccc4F)ccnc3[nH]2)CC1,7.638272163982407,415.21722405200006,4,2,5.185300000000004,True
CHEMBL3237710,CDK4,23.0,nM,CN(C)C1CCN(c2ccc(Nc3ncc4c5ccncc5n([C@H]5CC[C@H](C)CC5)c4n3)nn2)CC1,7.638272163982407,485.3015421200001,8,1,4.794700000000004,True
CHEMBL3237719,CDK4,23.0,nM,C[C@H]1CC[C@H](n2c3cnccc3c3cnc(Nc4ccc5c(n4)CCN(C(=O)CO)C5)nc32)CC1,7.638272163982407,471.23827316800003,7,2,3.7463000000000015,True
CHEMBL391437,CDK1,23.0,nM,c1ccc2c(-c3cnc4[nH]nc(-c5nc6ccccc6[nH]5)c4c3)cncc2c1,7.638272163982407,362.12799444800004,4,2,4.716400000000002,True
CHEMBL3668451,CDK9,23.0,nM,COc1ccc(F)cc1-c1ccnc2[nH]c(C3CCN(C(=O)CN4CCCCC4)CC3)cc12,7.638272163982407,450.243104452,4,1,4.569500000000004,True
CHEMBL3357951,CDK2,23.0,nM,C[C@@H](NC(=O)N1CCc2cnc(Nc3ccnn3C)nc2C1)c1ccc(Cl)c(Cl)c1,7.638272163982407,445.118463652,5,2,4.089400000000003,True
CHEMBL309767,CDK2,23.0,nM,NCCS(=O)(=O)c1cc(-c2ccc[nH]2)c2c3c(ccc(F)c13)NC2=O,7.638272163982407,359.073990528,4,3,2.2721,True
CHEMBL3668475,CDK9,23.0,nM,Clc1cnc(NCc2ccccc2)cc1-c1ccnc2[nH]c(C3CCCNC3)cc12,7.638272163982407,417.17202344800006,4,3,5.357400000000004,True
CHEMBL3644022,CDK1,23.0,nM,C[C@@H](O)[C@@H](C)Oc1nc(Nc2ccc(S(=O)(=O)C3CCCC3)cc2)ncc1C(F)(F)F,7.638272163982407,459.143961908,7,2,4.103400000000003,True
CHEMBL4860767,CDK4,23.0,nM,C=CC(=O)N1CCN(c2ccc(Nc3ncc4c(C)c(C(C)=O)c(=O)n(C5CCCC5)c4n3)nc2)CC1,7.638272163982407,501.24883785200007,8,1,3.3908200000000024,True
CHEMBL3668500,CDK9,23.0,nM,CNC(=O)N1CC=C(c2cc3c(-c4cc(F)c(F)cc4OC)ccnc3[nH]2)CC1,7.638272163982407,398.15543232,3,2,3.9452000000000025,True
CHEMBL3641993,CDK4,23.0,nM,c1cc2c3cnc(Nc4ccc(N5CCC(N6CCCC6)CC5)nn4)nc3n(C3CCCC3)c2cn1,7.638272163982407,483.28589205600014,8,1,4.6928000000000045,True
CHEMBL4783301,CDK9,23.0,nM,CC(C)N1c2cc(Nc3ncc(Cl)c(-c4cncc5ccccc45)n3)ccc2N(C)C(=O)[C@H]1C,7.638272163982407,472.17783710000003,6,1,5.668500000000005,True
CHEMBL4555799,CDK9,23.0,nM,Clc1cnc(N[C@H]2CCCNC2)nc1-c1c[nH]c2ccccc12,7.638272163982407,327.125073256,4,3,3.4422000000000015,True
CHEMBL3663770,CDK9,23.0,nM,COc1cc(F)ccc1-c1ccnc2[nH]c(C3CCN(C)CC3)cc12,7.638272163982407,339.174690544,3,1,4.186800000000003,True
CHEMBL5768634,CDK9,23.0,nM,OCCNc1cc(-c2ccc3ncn(Cc4cccc(F)c4)c3c2)c(Cl)cn1,7.638272163982407,396.115317096,4,2,4.343300000000003,True
CHEMBL3668349,CDK9,23.0,nM,COc1ccc(F)cc1-c1ccnc2[nH]c(C3CCCC(N)C3)cc12,7.638272163982407,339.174690544,3,2,4.3625000000000025,True
CHEMBL3702202,CDK6,23.0,nM,C[C@H]1CN(c2ccc(Nc3ncc4c5ccccc5n(C5CCCC5)c4n3)nn2)CCN1,7.638272163982407,428.2436928960001,7,2,4.031300000000002,True
CHEMBL2158858,CDK2,23.0,nM,CNC(=O)Nc1ccc(-c2cc(-c3ccnc(Nc4cccc(S(N)(=O)=O)c4)n3)ccn2)cc1,7.638272163982407,475.1426585320001,7,4,3.347900000000001,True
CHEMBL3663745,CDK9,23.0,nM,COc1ccc(F)cc1-c1ccnc2[nH]c([C@H]3CCCNC3)cc12,7.638272163982407,325.15904048,3,2,3.8446000000000016,True
CHEMBL3663801,CDK9,23.0,nM,COc1ccc(F)cc1-c1ccnc2[nH]c([C@H]3CCNC3)cc12,7.638272163982407,311.143390416,3,2,3.4545000000000012,True
CHEMBL5281464,CDK2,23.0,nM,Cc1c(C(=O)NCCc2ccc(N3CCOCC3)cc2)[nH]c2ccc(Cl)cc12,7.638272163982407,397.155704688,3,2,3.9388200000000024,True
CHEMBL3668515,CDK9,23.0,nM,COc1ccc(F)cc1-c1ccnc2[nH]c(C3=CCN(S(C)(=O)=O)CC3)c(C#N)c12,7.638272163982407,426.11618968799996,5,1,3.2979800000000017,True
CHEMBL5861687,CDK4,23.0,nM,CC(C)N1CCOc2c(F)cc(-c3nc(Nc4cnc(C5CCNCC5)cn4)ncc3F)cc21,7.638272163982407,467.2245149240001,8,2,4.029600000000002,True
CHEMBL5935736,CDK9,23.0,nM,O=C1CC[C@H](C(=O)Nc2cc(-c3ccc4ncn(Cc5cccc(F)c5)c4c3)c(Cl)cn2)N1,7.638272163982407,463.12113074800004,4,2,4.156200000000003,True
CHEMBL2402947,CDK1,23.0,nM,NC1CCC(Nc2nc(NCc3cc(Cl)ccc3O)c3ncn(C4CCCC4)c3n2)CC1,7.638272163982407,455.22003626000003,7,4,4.594300000000002,True
CHEMBL3702223,CDK6,23.0,nM,CC[C@@H](C)n1c2cnccc2c2cnc(Nc3ccc(N4CCNCC4)nn3)nc21,7.638272163982407,403.22329180000014,8,2,2.893700000000001,True
CHEMBL1800455,CDK1,23.0,nM,Nc1nc(-c2cc(N3C[C@H](O)[C@@H](O)C3)ccc2O)cc(C2CCCC2)n1,7.638272163982407,356.184840628,7,4,1.6307999999999998,True
CHEMBL5566321,CDK4,23.0,nM,O=C(CCCCCCN1CCN(c2ccc(Nc3ncc(F)c(-c4cn(C5CCCC5)nn4)n3)cc2)CC1)NO,7.638272163982407,551.3132496760002,9,3,4.310800000000002,True
CHEMBL3986282,CDK6,23.0,nM,CC(=O)c1c(C)c2cnc(Nc3ccc(N4CCN(C(=O)CNCCN)CC4)cn3)nc2n(C2CCCC2)c1=O,7.638272163982407,547.3019360440001,10,3,1.7531200000000005,True
CHEMBL3691593,CDK4,23.0,nM,Cc1cc(Nc2ncc3cc(C(=O)N(C)C)n(C4CCCC4)c3n2)ncc1C(O)N1CC2CCC(C1)N2,7.638272163982407,504.2961223920001,8,3,3.122320000000001,True
CHEMBL3668386,CDK9,23.0,nM,COc1ccc(F)cc1-c1ccnc2[nH]c(C3CCN(Cc4ccncc4)C3)cc12,7.638272163982407,402.18558957600004,4,1,4.762100000000003,True
CHEMBL3986015,CDK9,23.0,nM,O=C(CO)N1CC=C(c2cc3c(-c4cncc(NCc5ccccc5)n4)ccnc3[nH]2)CC1,7.638272163982407,440.19607400800004,6,3,3.240000000000001,True
CHEMBL5757075,CDK9,23.0,nM,O=C(Nc1cc(-c2cnc3ncn(Cc4cccc(F)c4)c3c2)c(Cl)cn1)C1CCCNC1,7.638272163982407,464.15276522400006,5,2,4.272200000000003,True
CHEMBL5903874,CDK4,23.0,nM,CC(C)N1CCOc2c(F)cc(-c3nc(Nc4ccc(C5CCN(C)CC5)c(C#N)n4)ncc3F)cc21,7.638272163982407,505.2401649880001,8,1,4.848480000000005,True
CHEMBL514913,CDK2,23.0,nM,CCn1c(-c2ccnc(Nc3ccc(S(C)(=O)=O)cc3)n2)cnc1C,7.638272163982407,357.1259458480001,6,1,2.815520000000001,True
CHEMBL6168381,CDK2,23.0,nM,Cc1cc(C)cc(NNC(=O)[C@H]2CCCN2C(=O)Nc2ccc(C(F)(F)F)cc2)c1,7.638272163982407,420.177310636,3,3,4.461840000000002,True
CHEMBL5399420,CDK2,23.03,nM,CN1CCN(Cc2ccc(NC(=O)c3n[nH]cc3Nc3ccncn3)cc2)CC1,7.637706062035769,392.207307388,7,3,1.9429999999999996,True
CHEMBL103285,CDK2,23.4,nM,NS(=O)(=O)c1ccc(Nc2cc(-c3cccc(Br)c3)[nH]n2)cc1,7.6307841425898575,391.9942587560001,4,3,3.230200000000001,True
CHEMBL5512555,CDK9,23.53,nM,CC(=O)N1CCC(C(=O)Nc2ccc(CNc3nc(NC4CCOCC4)nc4c(C(C)C)cnn34)cc2)CC1,7.628378072823978,534.3066870760001,8,3,3.647700000000002,True
CHEMBL5775091,CDK2,23.6,nM,Cc1nc2c(F)cc(-c3nc(Nc4ccc5c(n4)CCN(CCS(C)(=O)=NC#N)C5)ncc3F)cc2n1C(C)C,7.627087997029893,565.218383988,9,1,4.736400000000004,True
CHEMBL5834090,CDK9,23.6,nM,Cc1nc2c(F)cc(-c3nc(Nc4ccc5c(n4)CCN(CCN(C)CCO)C5)ncc3F)cc2n1C(C)(C)C,7.627087997029893,550.2980142120001,8,2,4.255720000000004,True
CHEMBL4205366,CDK6,23.6,nM,CCN1CCN(Cc2ccc(Nc3cc(-c4cc(F)c5nc(C)n(C(C)C)c5c4)ccn3)nn2)CC1,7.627087997029893,488.2812212760001,7,1,4.797820000000004,True
CHEMBL4757918,CDK9,23.9,nM,CC(C)N1c2cc(Nc3ncc(F)c(-c4cncc5ccccc45)n3)ccc2N(C)C(=O)[C@H]1C,7.621602099051862,456.20738764000004,6,1,5.154200000000005,True
CHEMBL560818,CDK2,24.0,nM,Cn1nc(C(N)=O)c2c1-c1nc(Nc3ccccc3)ncc1CC2(C)C,7.619788758288394,348.16985926,5,2,2.553300000000001,True
CHEMBL3916153,CDK9,24.0,nM,CN1Cc2c(C3=CCN(CCS(N)(=O)=O)CC3)[nH]c3nccc(c23)-c2cc(F)ccc21,7.619788758288394,441.163474228,5,2,2.6964000000000015,True
CHEMBL6011114,CDK6,24.0,nM,COC1CCN(c2ccc(Nc3ncc(F)c(-c4cc(F)c5c(c4)N(C(C)C)CCO5)n3)nc2)CC1,7.619788758288394,496.23983064000004,8,1,4.782800000000004,True
CHEMBL6003687,CDK9,24.0,nM,O=C(Nc1cc(-c2ccc3c(c2)N(Cc2cccc(F)c2)CC3)c(Cl)cn1)[C@@H]1CCCNC1,7.619788758288394,464.177917352,4,2,5.041900000000004,True
CHEMBL299756,CDK1,24.0,nM,N#Cc1ccc2[nH]c3c(c2c1)CC(=O)Nc1ccccc1-3,7.619788758288394,273.090211972,2,2,3.201180000000001,True
CHEMBL3702211,CDK6,24.0,nM,O[C@H]1CCN(c2ccc(Nc3ncc4c5ccnc(F)c5n(C5CCCC5)c4n3)nn2)C1,7.619788758288394,434.19788557600015,8,2,3.338300000000001,True
CHEMBL3663798,CDK9,24.0,nM,Clc1ccc(OCc2ccccc2)nc1-c1ccnc2[nH]c(C3CCNCC3)cc12,7.619788758288394,418.1560390360001,4,2,5.3243000000000045,True
CHEMBL3668413,CDK9,24.0,nM,CN1CCC(c2cc3c(-c4cccc(NCc5ccccc5Cl)n4)ccnc3[nH]2)CC1,7.619788758288394,431.18767351200006,4,2,5.699600000000005,True
CHEMBL2012402,CDK1,24.0,nM,Cn1cc(Nc2ncc3cnn([C@@H]4C[C@H]5C[C@H]5C4)c3n2)cc1C(N)=O,7.619788758288394,337.165108228,5,2,1.9782999999999997,True
CHEMBL3648124,CDK2,24.0,nM,CCS(=N)(=O)c1ccc(Nc2ncc(Br)c(N[C@@H](C)C(C)(C)O)n2)cc1,7.619788758288394,441.083408108,7,4,3.9795700000000025,True
CHEMBL3668348,CDK9,24.0,nM,COc1ccc(F)cc1-c1ccnc2[nH]c(C3CCC(N)CC3)cc12,7.619788758288394,339.174690544,3,2,4.3625000000000025,True
CHEMBL5856504,CDK9,24.0,nM,O=C(Nc1cc(-c2ccc3ccn(Cc4cccc(F)c4)c3n2)c(Cl)cn1)[C@@H]1CCCNC1,7.619788758288394,463.15751625600006,4,2,4.877200000000004,True
CHEMBL3644034,CDK4,24.0,nM,C[C@@H](Oc1nc(Nc2ccc(S(C)(=O)=O)cc2)ncc1C(F)(F)F)C(C)(C)O,7.619788758288394,419.11266178,7,2,3.180700000000002,True
CHEMBL1081628,CDK2,24.0,nM,N[C@H](CNc1nnc(-c2ccc3[nH]ncc3c2)s1)Cc1ccc(C(F)(F)F)cc1,7.619788758288394,418.118750204,6,3,4.082100000000001,True
CHEMBL3644021,CDK1,24.0,nM,C[C@@H](O)[C@@H](C)Oc1nc(Nc2ccc(S(=O)(=O)C(F)F)cc2)ncc1C(F)(F)F,7.619788758288394,441.078168092,7,2,3.3834000000000017,True
CHEMBL424696,CDK1,24.0,nM,c1ccc(Nc2ncc(-c3ccnc(OC4CCCCC4)n3)s2)nc1,7.619788758288394,353.1310312280001,7,1,4.450200000000002,True
CHEMBL3698695,CDK6,24.0,nM,c1cc2c3cnc(Nc4ccc(N[C@H]5CCNC5)cn4)nc3n(C3CCCC3)c2cn1,7.619788758288394,414.228042832,7,3,4.007000000000002,True
CHEMBL3641985,CDK4,24.0,nM,c1cc2c3cnc(Nc4ccc(N5CCNCC5)nn4)nc3n([C@@H]3CCOC3)c2cn1,7.619788758288394,417.20255635600006,9,2,1.8840999999999994,True
CHEMBL3673528,CDK9,24.0,nM,CC(=O)N1CCC(c2cc3c(-c4cncc(OCc5cccc(F)c5)n4)ccnc3[nH]2)CC1,7.619788758288394,445.19140322800007,5,1,4.463900000000003,True
CHEMBL5289560,CDK2,24.0,nM,CCc1c(C(=O)NCCc2ccc(N3CCOCC3)cc2)[nH]c2ccc(C(F)(F)F)cc12,7.619788758288394,445.197711732,3,2,4.558200000000004,True
CHEMBL255463,CDK2,24.0,nM,O=C(Cc1ccccc1Cl)Nc1n[nH]c2ccc(N3CCCS3(=O)=O)cc12,7.619788758288394,404.07098908399996,4,2,2.937400000000001,True
CHEMBL4095226,CDK9,24.0,nM,Nc1nccc(-c2c[nH]c3ncc(-c4ccc(F)cc4)cc23)n1,7.619788758288394,305.107673604,4,2,3.408200000000001,True
CHEMBL3698696,CDK6,24.0,nM,O=S1(=O)CCC(Nc2ccc(Nc3ncc4c5ccncc5n(C5CCCC5)c4n3)nc2)C1,7.619788758288394,463.1790440400001,8,2,3.832200000000003,True
CHEMBL3642027,CDK4,24.0,nM,COC(=O)CNC1CCN(c2ccc(Nc3ncc4c5ccncc5n(C5CCCC5)c4n3)nc2)CC1,7.619788758288394,500.2648222640001,9,2,3.9646000000000026,True
CHEMBL3691590,CDK4,24.0,nM,CN(C)C(=O)c1cc2cnc(Nc3ccc(C(=O)N4CCN5CCC4CC5)cn3)nc2n1C1CCCC1,7.619788758288394,502.2804723280001,7,1,3.3070000000000013,True
CHEMBL2012401,CDK1,24.0,nM,Cn1cc(Nc2ncc3cnn(C4CCC(C)(C)CC4)c3n2)cc1C(N)=O,7.619788758288394,367.21205842,5,2,3.148600000000001,True
CHEMBL3702160,CDK6,24.0,nM,CN(C)[C@H]1CN(c2ccc(Nc3ncc4c5ccncc5n(C5CCCC5)c4n3)nn2)CC[C@@H]1O,7.619788758288394,473.26515661200006,9,2,3.1294000000000017,True
CHEMBL476518,CDK2,24.0,nM,Cc1ncc(-c2ccnc(Nc3ccc(N(C)C)cc3)n2)n1C(C)C,7.619788758288394,336.20624476800003,5,1,4.0390200000000025,True
CHEMBL3698736,CDK6,24.3,nM,c1cc2c3cnc(Nc4ccc(N5CCOCC5)nn4)nc3n(C3CCCC3)c2cn1,7.614393726401688,416.20730738800006,8,1,3.464800000000002,True
CHEMBL319685,CDK2,24.5,nM,COc1cccc(-c2cc(Nc3ccc(S(N)(=O)=O)cc3)[nH]n2)c1,7.610833915635467,344.09431137200005,5,3,2.4762999999999993,True
CHEMBL4643057,CDK9,24.6,nM,C=CC(=O)Nc1cccc(C(=O)Nc2ncc(SCc3ncc(C(C)(C)C)o3)s2)c1,7.609064892896621,442.113332564,7,2,5.097700000000004,True
CHEMBL5537062,CDK9,24.65,nM,CC[C@@H](CO)Nc1nc(NCc2ccc(NC(=O)C3CCN(C(C)=O)CC3)cc2)n2ncc(C(C)C)c2n1,7.608183076386751,522.3066870760001,8,4,3.239600000000001,True
CHEMBL5978749,CDK4,25.0,nM,CC(C)CN1CCOc2c(F)cc(-c3nc(Nc4ccc5c(n4)CCNC5)ncc3F)cc21,7.602059991327962,452.21361589200006,7,2,4.060900000000003,True
CHEMBL5277470,CDK4,25.0,nM,CC(=O)c1c(C)c2cnc(Nc3ccc(N4CCN(C(=O)/C(C#N)=C/c5ccccc5)CC4)cn3)nc2n(C2CCCC2)c1=O,7.602059991327962,602.2753869480001,9,1,4.812000000000004,True
CHEMBL3668462,CDK9,25.0,nM,CN1CCC(c2cc3c(-c4cc(NCc5ccc(C(N)=O)cc5)ccc4F)ccnc3[nH]2)CC1,7.602059991327962,457.22778873600004,4,3,4.889200000000002,True
CHEMBL556392,CDK1,25.0,nM,C[C@@H]1CNc2c(sc3ccc4nc(Cl)ccc4c23)C(=O)N1,7.602059991327962,317.038960684,4,2,3.646700000000002,True
CHEMBL3663793,CDK9,25.0,nM,Clc1ccc(NCc2ccccc2)cc1-c1ccnc2[nH]c(C3CCNCC3)cc12,7.602059991327962,416.17677448000006,3,3,5.962400000000005,True
CHEMBL5198038,CDK9,25.0,nM,CC(C)n1cc(-c2ccnc3[nH]c(C4CCN(CC(=O)N(C)C)CC4)cc23)ccc1=O,7.602059991327962,421.247775232,4,1,3.2401000000000018,True
CHEMBL3648078,CDK2,25.0,nM,C[C@@H](Nc1nc(Nc2ccc(S(=N)(=O)C3CCCC3)cc2)ncc1Br)C(C)(C)O,7.602059991327962,481.114708236,7,4,4.902270000000004,True
CHEMBL3644028,CDK2,25.0,nM,C#CCOc1nc(Nc2ccc(S(C)(=O)=O)cc2)ncc1C(F)(F)F,7.602059991327962,371.055146904,6,1,2.6545000000000005,True
CHEMBL3954429,CDK4,25.0,nM,CCN1CCN(c2ccc(Nc3ncc4c(C)c(C(C)=O)c(=O)n(C5CCCC5)c4n3)nc2)CC1,7.602059991327962,475.26957329600003,8,1,3.698120000000003,True
CHEMBL496360,CDK4,25.0,nM,CCc1nn2ncccc2c1-c1ccnc(Nc2ccc(N3CCN(C)CC3)cc2)n1,7.602059991327962,414.228042832,7,1,3.2441000000000013,True
CHEMBL3698679,CDK6,25.0,nM,OCC1(n2c3cnccc3c3cnc(Nc4ccc(N5CCNCC5)cn4)nc32)CCCC1,7.602059991327962,444.23860751600006,8,3,2.789300000000001,True
CHEMBL2426395,CDK2,25.0,nM,COc1ccc(NC(=S)NC(=O)c2cn(-c3ccccc3)nc2-c2ccc(OC)cc2)cc1,7.602059991327962,458.141261564,5,2,4.683300000000003,True
CHEMBL5846502,CDK9,25.0,nM,O=C(Nc1cc(-c2cc3c(cc2F)ncn3Cc2cccc(F)c2)c(Cl)cn1)[C@@H]1CCCNC1,7.602059991327962,481.14809444400004,4,2,5.016300000000004,True
CHEMBL510578,CDK2,25.0,nM,O=C(NCC1CC1)c1n[nH]cc1NC(=O)c1c(F)cccc1F,7.602059991327962,320.108482128,3,3,2.08,True
CHEMBL3923769,CDK9,25.0,nM,CN1Cc2c(C3=CCN(S(C)(=O)=O)CC3)[nH]c3nccc(c23)-c2cc(F)ccc21,7.602059991327962,412.136925132,4,1,3.3675000000000015,True
CHEMBL3668445,CDK9,25.0,nM,CN1CCC(c2cc3c(-c4nc(NCC5CCS(=O)(=O)CC5)ccc4Cl)ccnc3[nH]2)CC1,7.602059991327962,487.18087388,6,2,4.324200000000003,True
CHEMBL553397,CDK1,25.0,nM,COc1ccc2sc3c(c2c1)NC[C@@H](CO)NC3=O,7.602059991327962,278.072513308,5,3,1.4261,True
CHEMBL3905910,CDK1,25.0,nM,CN1CC[C@@H](c2c(O)cc(O)c3c(=O)cc(-c4ccc(C(F)(F)F)cc4Cl)oc23)[C@@H]1CO,7.602059991327962,469.090385048,6,3,4.323400000000003,True
CHEMBL3823659,CDK2,25.0,nM,CC(=O)N1CCC(n2cc(Nc3ncc(Cl)c(-c4cnc5ccccn45)n3)cn2)CC1,7.602059991327962,436.1526849720001,6,1,3.568200000000002,True
CHEMBL485431,CDK2,25.0,nM,Cc1ncc(-c2ccnc(Nc3ccc(S(=O)(=O)NCCN(C)C)cc3)n2)n1C,7.602059991327962,415.1790440400001,7,2,1.7690199999999996,True
CHEMBL3691597,CDK4,25.0,nM,CN(C)C(=O)c1cc2cnc(Nc3ccc(C(=O)N4CC5CCC(C4)N5)cn3)nc2n1C1CCC1,7.602059991327962,474.2491722000001,7,2,2.5730999999999993,True
CHEMBL5821542,CDK9,25.0,nM,Fc1cccc(Cn2ccc3ncc(-c4cc(NC5CC6(CCNC6)C5)ncc4Cl)cc32)c1,7.602059991327962,461.1782517000001,4,2,5.4931000000000045,True
CHEMBL4754081,CDK9,25.0,nM,CC(=O)N[C@@H]1CCC[C@H](C(=O)Nc2cc(-c3cnn4c3CC(C)(C)C4)c(F)cn2)C1,7.602059991327962,413.222703356,4,2,3.299900000000002,True
CHEMBL3702064,CDK6,25.0,nM,CCC(C)(C)n1c2cnccc2c2cnc(Nc3ccc(N4CCNCC4)cn3)nc21,7.602059991327962,416.2436928960001,7,2,3.6728000000000014,True
CHEMBL3648108,CDK1,25.0,nM,C[C@H](Nc1nc(Nc2ccc(S(=N)(=O)CCO)cc2)ncc1Br)C(C)(C)O,7.602059991327962,457.07832272799993,8,5,2.9519700000000015,True
CHEMBL272026,CDK2,25.0,nM,NS(=O)(=O)c1ccc(N/N=C2\C(=O)Nc3ccc(C(=O)NCCCn4ccnc4)cc32)cc1,7.602059991327962,467.1375731520001,7,4,1.1189000000000002,True
CHEMBL3891660,CDK9,25.0,nM,CN1Cc2c(C3=CCN(CCS(=O)(=O)N(C)C)CC3)[nH]c3nccc(c23)-c2cc(F)ccc21,7.602059991327962,469.19477435600004,5,1,3.2993000000000023,True
CHEMBL4216447,CDK4,25.0,nM,Cc1nc(Nc2ncc(F)c(-c3cc(F)c4nc5n(c4c3)C(C)(C)CC5)n2)ccc1CN1CCN(C)CC1,7.602059991327962,518.2717994640001,7,1,4.647220000000004,True
CHEMBL359794,CDK4,25.0,nM,N#Cc1ccc(Nc2nccc(-c3cnn4ncccc34)n2)cc1,7.602059991327962,313.10759335200004,6,1,2.8015800000000004,True
CHEMBL3668351,CDK9,25.0,nM,Clc1cnc2[nH]c(C3CCNCC3)cc2c1-c1cccc(NCc2ccccc2)n1,7.602059991327962,417.172023448,4,3,5.357400000000004,True
CHEMBL3668483,CDK9,25.0,nM,Clc1cnc2[nH]c(C3CCCNC3)cc2c1-c1ccnc(NCc2ccccc2)c1,7.602059991327962,417.172023448,4,3,5.357400000000003,True
CHEMBL1761791,CDK2,25.0,nM,Nc1nc(Nc2cccnc2)sc1C(=O)c1ccccc1F,7.602059991327962,314.063760192,6,2,3.234000000000001,True
CHEMBL3663800,CDK9,25.0,nM,COc1cc(F)ccc1-c1ccnc2[nH]c(C3CCNC3)cc12,7.602059991327962,311.143390416,3,2,3.4545000000000012,True
CHEMBL5956369,CDK6,25.0,nM,Cc1nc2c(F)cc(-c3nc(Nc4ccc5c(n4)CCNC5)ncc3F)cc2n1C1CCCC1,7.602059991327962,461.2139502400001,6,2,4.979320000000003,True
CHEMBL3663804,CDK9,25.0,nM,Clc1ccc(NCc2ccccc2)nc1-c1ccnc2[nH]c(C3CCNC3)cc12,7.602059991327962,403.15637338400006,4,3,4.967300000000003,True
CHEMBL5753552,CDK9,25.0,nM,O=C(Nc1cc(-c2ccc3ncn(CCCc4cccc(F)c4)c3c2)c(Cl)cn1)[C@@H]1CCCNC1,7.602059991327962,491.18881638400006,4,2,5.461700000000006,True
CHEMBL5879867,CDK9,25.0,nM,CC(=O)N[C@@H]1CCC[C@@H](C(=O)Nc2cc(-c3cnn4c3CC(C)(C)C4)c(F)cn2)C1,7.602059991327962,413.222703356,4,2,3.299900000000002,True
CHEMBL3663781,CDK9,25.0,nM,Clc1ccc(NCc2ccncc2)nc1-c1ccnc2[nH]c(C3CCNCC3)cc12,7.602059991327962,418.16727241600006,5,3,4.752400000000002,True
CHEMBL191893,CDK1,25.0,nM,CC(C)Oc1nc(Nc2ccc3[nH]cnc3c2)ncc1C(F)(F)F,7.602059991327962,337.115044728,5,2,3.9025000000000016,True
CHEMBL4850143,CDK9,25.0,nM,CCOC(=O)NS(=O)(=O)N1CC=C(c2cc3c(-c4cc(F)ccc4OC)ccnc3[nH]2)CC1,7.602059991327962,474.137319056,6,2,3.457600000000002,True
CHEMBL5505838,CDK9,25.47,nM,CC(=O)Nc1ccc(CNc2nc(N3CCC[C@@H]3CO)nc3c(C(C)C)cnn23)cc1,7.593971055036385,423.2382731680001,7,3,2.779300000000001,True
CHEMBL5836560,CDK6,25.7,nM,Cc1nc2c(F)cc(-c3nc(Nc4ccc5c(n4)CC[N+]([O-])(CC[N+](C)(C)[O-])C5)ncc3F)cc2n1C1CC1,7.590066876668706,536.2459786400001,7,1,4.498320000000004,True
CHEMBL5976713,CDK6,25.7,nM,Cc1nc2c(F)cc(-c3nc(Nc4ccc5c(n4)CCN(CC[N+](C)(C)[O-])C5)ncc3F)cc2n1C1CC1,7.590066876668706,520.2510640200001,7,1,4.485720000000003,True
CHEMBL5962267,CDK6,26.0,nM,CC(C)N1CCOc2c(F)cc(-c3nc(Nc4cc(C5CCN(C)CC5)n[nH]4)ncc3F)cc21,7.585026652029182,469.2401649880001,7,2,4.304900000000003,True
CHEMBL5910995,CDK9,26.0,nM,O=C(CC1CCNCC1)Nc1cc(-c2ccc3ncn(Cc4cccc(F)c4)c3c2)c(Cl)cn1,7.585026652029182,477.17316632000006,4,2,5.267300000000004,True
CHEMBL3702086,CDK6,26.0,nM,O[C@H]1CCN(Cc2csc(Nc3ncc4c5ccnc(F)c5n(C5CCCC5)c4n3)n2)C1,7.585026652029182,453.17470760800006,8,2,4.000400000000002,True
CHEMBL3642003,CDK6,26.0,nM,c1cc2c3cnc(Nc4ccc(N5CCC(N6CCOCC6)CC5)nn4)nc3n(C3CCCC3)c2cn1,7.585026652029182,499.28080667600017,9,1,3.9292000000000025,True
CHEMBL6168902,CDK6,26.0,nM,CCC(=O)N1CCC2(CC1)CC(=O)c1ccc(-c3nc(Nc4ccc(N5CCN(C)CC5)cn4)ncc3F)cc1O2,7.585026652029182,559.2707161680001,9,1,3.909500000000003,True
CHEMBL3691578,CDK4,26.0,nM,CC(CO)N1C2CCC1CN(C(=O)c1ccc(Nc3ncc4cc(C(=O)N(C)C)n(C5CCCC5)c4n3)nc1)C2,7.585026652029182,546.3066870760001,8,2,3.056400000000001,True
CHEMBL212049,CDK9,26.0,nM,Cc1cnc(OC2CCCCC2)nc1-c1cnc(Nc2ccccn2)s1,7.585026652029182,367.14668129200004,7,1,4.758620000000003,True
CHEMBL1964256,CDK2,26.0,nM,CNS(=O)(=O)Cc1ccc(N/C=C2\C(=O)Nc3ccc4ncsc4c32)cc1,7.585026652029182,400.066382372,6,3,2.7506000000000004,True
CHEMBL3668471,CDK9,26.0,nM,COc1cc(F)c(F)cc1-c1ccnc2[nH]c(C3CCCNC3)cc12,7.585026652029182,343.149618668,3,2,3.9837000000000016,True
CHEMBL4579344,CDK9,26.0,nM,Cc1cc(C)c(CNc2nc(N[C@@H](C)[C@@H](C)O)nc3c2ncn3C(C)C)cn1,7.585026652029182,383.24335854800006,7,3,3.212340000000002,True
CHEMBL522718,CDK4,26.0,nM,CN1CCN(c2ccc(Nc3nccc(-c4cnn5nc(-c6ccc(F)cc6)ccc45)n3)cc2)CC1,7.585026652029182,480.21862102000006,7,1,4.487800000000003,True
CHEMBL186163,CDK2,26.0,nM,Nc1nc2ccc(C(=O)c3c(F)cccc3F)cn2c1C(=S)c1c(F)cccc1F,7.585026652029182,429.055895852,4,1,4.470200000000002,True
CHEMBL559487,CDK1,26.0,nM,C[C@@H]1CNc2c(sc3ccc(O)cc23)C(=O)N1,7.585026652029182,248.061948624,4,3,2.1507,True
CHEMBL3702105,CDK4,26.0,nM,c1cc2c3cnc(Nc4ccc(N5CCC(N6CCCC6)CC5)cn4)nc3n(C3CCCC3)c2nn1,7.585026652029182,483.28589205600014,8,1,4.692800000000004,True
CHEMBL3642031,CDK6,26.0,nM,COC(=O)CNC1CCN(c2ccc(Nc3ncc4c5ccncc5n(C5CCCC5)c4n3)nn2)CC1,7.585026652029182,501.26007123200014,10,2,3.3596000000000013,True
CHEMBL3702136,CDK6,26.0,nM,FC(F)(F)c1cccc(-n2c3cnccc3c3cnc(Nc4ccc(N5CCNCC5)cn4)cc32)c1,7.585026652029182,489.1888783640001,6,2,5.140700000000004,True
CHEMBL3957008,CDK9,26.0,nM,CN1CCc2c(C3=CCNCC3)[nH]c3nccc(c23)-c2cc(F)ccc21,7.585026652029182,348.175024892,3,2,3.7380000000000013,True
CHEMBL3702194,CDK6,26.0,nM,C[C@H](O)CNc1ccc(Nc2ncc3c4ccncc4n(C4CCCC4)c3n2)nn1,7.585026652029182,404.20730738800006,8,3,3.4209000000000014,True
CHEMBL3654258,CDK4,26.0,nM,CN(C)C(=O)c1cc2cnc(Nc3ccc(N4CCN(CCO)CC4)cn3)nc2n1C1CCCC1,7.585026652029182,478.28047232800003,8,2,2.5011,True
CHEMBL5195030,CDK4,26.0,nM,CC[C@@H](Nc1nc(NCc2cnc(C)cc2C)c2ncn(C(C)C)c2n1)[C@H](C)O,7.585026652029182,397.259008612,7,3,3.6024400000000028,True
CHEMBL5195030,CDK9,26.0,nM,CC[C@@H](Nc1nc(NCc2cnc(C)cc2C)c2ncn(C(C)C)c2n1)[C@H](C)O,7.585026652029182,397.259008612,7,3,3.6024400000000028,True
CHEMBL380500,CDK9,26.0,nM,Nc1nccc(-c2c3c(O)ccnc3n3c(N)nccc23)n1,7.585026652029182,293.102507972,7,3,1.2094999999999998,True
CHEMBL4764173,CDK9,26.0,nM,CC[C@H](Nc1nc(NCc2ccccc2)c2ncn(C(C)C)c2n1)[C@@H](C)O,7.585026652029182,368.23245951599995,6,3,3.5906000000000025,True
CHEMBL4740353,CDK9,26.0,nM,Nc1nccc(-c2c3cccnc3n3c(N)nccc23)n1,7.585026652029182,277.10759335200004,6,2,1.5038999999999998,True
CHEMBL5947385,CDK1,26.2,nM,C=CC(=O)N1CCc2nc(Nc3ncc(F)c(-c4cc(F)c5nc(C)n(C(C)C)c5c4)n3)ccc2C1,7.581698708680254,489.2088648600001,6,1,4.870120000000004,True
CHEMBL3702097,CDK4,26.2,nM,COC(=O)N1CCN(c2ccc(Nc3ncc4c5ccnc(F)c5n(C5CCCC5)c4n3)nc2)CC1,7.581698708680254,490.2241003240001,8,1,4.260700000000003,True
CHEMBL6038282,CDK9,26.6,nM,Cc1nc2c(F)cc(-c3nc(Nc4ccc5c(n4)CCN(C(=O)[C@@H]4CCCN4)C5)ncc3F)cc2n1C1CC1,7.575118363368933,530.2354139560001,7,2,4.190120000000003,True
CHEMBL3698728,CDK6,26.6,nM,c1cc2c3cnc(Nc4ccc(NCC5CCNC5)nn4)nc3n(C3CCCC3)c2cn1,7.575118363368933,429.2389418640001,8,3,3.649600000000002,True
CHEMBL3702045,CDK6,27.0,nM,CCN1CCN(c2ccc(Nc3ncc4c5ccncc5n(C5CCCC5)c4n3)nn2)CC1,7.568636235841012,443.2545919280001,8,1,3.770100000000002,True
CHEMBL5205172,CDK2,27.0,nM,NCCCCNC(=O)c1ccc(CNc2nc(N[C@H]3CC[C@H](N)CC3)nc3c2ncn3C2CCCC2)cc1,7.568636235841012,519.3434069320001,8,5,3.7040000000000024,True
CHEMBL5740082,CDK9,27.0,nM,O=C1CC(C(=O)Nc2cc(-c3ccc4ncn(Cc5cccc(F)c5)c4c3)c(Cl)cn2)C1,7.568636235841012,448.110231716,4,1,4.856700000000004,True
CHEMBL3691682,CDK4,27.0,nM,CN(C)C(=O)c1cc2cnc(Nc3ccc(N4CCN5CCC[C@@H]5C4=O)cn3)nc2n1C1CCCC1,7.568636235841012,488.26482226400003,7,1,3.1978000000000018,True
CHEMBL3691594,CDK4,27.0,nM,CN(C)C(=O)c1cc2cnc(Nc3ccc(C(=O)N4CC5CCCC(C4)N5)cn3)nc2n1C1CCCC1,7.568636235841012,502.2804723280001,7,2,3.353300000000001,True
CHEMBL4212542,CDK4,27.0,nM,CCN1CCN(Cc2ccc(Nc3ncc(F)c(-c4cc(F)c5nc6n(c5c4)C(C)CC6)n3)nc2)CC1,7.568636235841012,504.2561494000001,7,1,4.554800000000004,True
CHEMBL3702218,CDK6,27.0,nM,CC[C@@H](C)n1c2cnccc2c2cnc(Nc3ccc(N4CCC(NC)CC4)nn3)nc21,7.568636235841012,431.25459192800014,8,2,3.6723000000000017,True
CHEMBL5751847,CDK2,27.0,nM,Cc1nc2c(F)cc(-c3nc(Nc4ccc5c(n4)CCN(CC(N)=NO)C5)ncc3F)cc2n1C(C)(C)C,7.568636235841012,521.2463129880001,8,3,4.078020000000002,True
CHEMBL3702247,CDK4,27.0,nM,CN(C)C1CCN(c2ccc(Nc3ncc4c5ccncc5n(C5CCC5)c4n3)nn2)CC1,7.568636235841012,443.2545919280001,8,1,3.768500000000003,True
CHEMBL3702247,CDK6,27.0,nM,CN(C)C1CCN(c2ccc(Nc3ncc4c5ccncc5n(C5CCC5)c4n3)nn2)CC1,7.568636235841012,443.2545919280001,8,1,3.768500000000003,True
CHEMBL3668474,CDK9,27.0,nM,Fc1ccc(CNc2ccc(Cl)c(-c3ccnc4[nH]c(C5CCCNC5)cc34)n2)cc1,7.568636235841012,435.1626016360001,4,3,5.496500000000005,True
CHEMBL3237447,CDK4,27.0,nM,N#Cc1nccc2c3cnc(Nc4ccc(N5CCNCC5)cn4)nc3n(C3CCCC3)c12,7.568636235841012,439.2232918000001,8,2,3.5144800000000025,True
CHEMBL5817923,CDK6,27.0,nM,Fc1cnc(Nc2ccc(N3CCCNCC3)cn2)nc1-c1cc(F)c2c(c1)N(C1CCCC1)CCO2,7.568636235841012,507.255815052,8,2,4.501500000000004,True
CHEMBL3960058,CDK9,27.0,nM,CN1Cc2c(C3=CCNCC3)[nH]c3ncc(F)c(c23)-c2cc(F)ccc21,7.568636235841012,352.149953016,3,2,3.834600000000002,True
CHEMBL491447,CDK2,27.0,nM,Cn1cc(C2=C(c3coc4cc(CO)ccc34)C(=O)NC2=O)c2cccc(CO)c21,7.568636235841012,402.121571676,5,3,2.4763000000000006,True
CHEMBL3648084,CDK1,27.0,nM,CCOC(=O)N=S(C)(=O)c1ccc(Nc2ncc(Br)c(N[C@H](C)C(C)(C)O)n2)cc1,7.568636235841012,499.088887412,8,3,4.167200000000003,True
CHEMBL6064282,CDK9,27.0,nM,O=C(Nc1cc(-c2ccc3ncn(Cc4cccs4)c3c2)c(Cl)cn1)[C@@H]1CCCNC1,7.568636235841012,451.123359004,5,2,4.799600000000004,True
CHEMBL3663768,CDK9,27.0,nM,COc1ccccc1-c1ccnc2[nH]c(C3CCNCC3)cc12,7.568636235841012,307.168462292,3,2,3.7055000000000016,True
CHEMBL3668510,CDK9,27.0,nM,COc1ccc(F)cc1-c1ccnc2[nH]c(C3=CCN(C(=O)NC#N)CC3)cc12,7.568636235841012,391.144453036,4,2,3.6573800000000016,True
CHEMBL5945627,CDK1,27.0,nM,CN1CCN(C(=O)c2ccc(Nc3ncc4cc5n(c4n3)C3(CCCCC3)C(=O)NC5O)cc2)CC1,7.568636235841012,489.248837852,7,3,2.3426,True
CHEMBL3702204,CDK6,27.0,nM,O[C@@H]1CCN(c2ccc(Nc3ncc4c5ccccc5n(C5CCCC5)c4n3)nc2)C1,7.568636235841012,414.21680945200006,6,2,4.409200000000003,True
CHEMBL3691617,CDK4,27.0,nM,CN(C)C(=O)c1cc2cnc(Nc3ccc(N4CC5CC5(N)C4)cn3)nc2n1C1CCCC1,7.568636235841012,446.2542575800001,7,2,2.9242,True
CHEMBL3702174,CDK4,27.0,nM,NC1[C@H]2CN(c3ccc(Nc4ncc5c6ccncc6n(C6CCCC6)c5n4)nn3)C[C@@H]12,7.568636235841012,427.2232918000001,8,2,3.0215000000000014,True
CHEMBL3648119,CDK1,27.0,nM,COC[C@H](Nc1nc(Nc2ccc(S(C)(=N)=O)cc2)ncc1Br)[C@H](C)O,7.568636235841012,443.06267266399993,8,4,2.8258700000000014,True
CHEMBL6041395,CDK9,27.0,nM,O=C(Nc1cc(-c2ccc3ncn(Cc4cccc(F)c4)c3c2)c(Cl)cn1)[C@@H]1CCCNC1,7.568636235841012,463.15751625600006,4,2,4.877200000000004,True
CHEMBL6148199,CDK6,27.0,nM,CC(=O)N1CCC2(CC1)CC(=O)c1ccc(-c3nc(Nc4ccc(N5CCOCC5)cn4)ncc3F)cc1O2,7.568636235841012,532.223431628,9,1,3.6042000000000023,True
CHEMBL3648105,CDK2,27.0,nM,CCC(Sc1nc(Nc2ccc(S(C)(=N)=O)cc2)ncc1Br)C(C)(C)O,7.568636235841012,458.044580076,7,3,4.659770000000004,True
CHEMBL3702155,CDK6,27.0,nM,C[C@@H]1CN(c2ccc(Nc3ncc4c5ccnc(F)c5n(C5CCCC5)c4n3)nn2)CCN1,7.568636235841012,447.2295200520001,8,2,3.5654000000000012,True
CHEMBL3673522,CDK9,27.0,nM,O=C(CO)N1CCC(c2cc3c(-c4cncc(OCc5cccc(F)c5)n4)ccnc3[nH]2)CC1,7.568636235841012,461.1863178480001,6,2,3.436300000000001,True
CHEMBL5953254,CDK2,27.6,nM,Cc1nc2c(F)cc(-c3nc(Nc4ccc5c(n4)CCN(CCN(C)CCP(=O)(O)O)C5)ncc3F)cc2n1C(C)(C)C,7.559090917934782,614.269430114,8,3,4.441120000000004,True
CHEMBL4212542,CDK6,28.0,nM,CCN1CCN(Cc2ccc(Nc3ncc(F)c(-c4cc(F)c5nc6n(c5c4)C(C)CC6)n3)nc2)CC1,7.552841968657781,504.2561494000001,7,1,4.554800000000004,True
CHEMBL3668395,CDK9,28.0,nM,COc1ccc(F)cc1-c1ccnc2[nH]c([C@H]3CC[C@H](NCC(O)CO)CC3)cc12,7.552841968657781,413.21146997599993,5,4,3.3466000000000014,True
CHEMBL524266,CDK9,28.0,nM,Nc1nccc(-c2cc3c([nH]2)[C@@H](CCF)CNC3=O)n1,7.552841968657781,275.118238288,4,3,1.2405,True
CHEMBL272668,CDK2,28.0,nM,NS(=O)(=O)c1ccc(N/C=C2\C(=O)Nc3ccc(C(=O)O)cc32)cc1,7.552841968657781,359.057591516,5,4,1.4373,True
CHEMBL3668496,CDK9,28.0,nM,COc1ccc(F)cc1-c1ccnc2[nH]c(C3=CCN(CC(N)=O)CC3)cc12,7.552841968657781,380.164854132,4,2,2.952000000000001,True
CHEMBL5956855,CDK6,28.0,nM,CC(C)N1CCOc2c(F)cc(-c3nc(Nc4ccc(N5CCC(CN)CC5)cn4)ncc3F)cc21,7.552841968657781,495.2558150520001,8,2,4.342700000000003,True
CHEMBL4542247,CDK9,28.0,nM,Cc1nc2c(F)cc(-c3nc(Nc4ccc5c(n4)CCN(CCN(C)C)C5)ncc3F)cc2n1C1(C)CC1,7.552841968657781,518.2717994640001,7,1,4.647220000000004,True
CHEMBL6020892,CDK9,28.0,nM,O=C(Nc1cc(-c2cnn3c2CCCC3)c(Cl)cn1)[C@H]1CCC[C@@H](NC(=O)[C@H]2CCOC2)C1,7.552841968657781,471.2037175,5,2,3.584800000000002,True
CHEMBL3668516,CDK9,28.0,nM,CNC(=O)N1CC=C(c2[nH]c3nccc(-c4cc(F)ccc4OC)c3c2C#N)CC1,7.552841968657781,405.1601031,4,2,3.677780000000003,True
CHEMBL3702243,CDK6,28.0,nM,CC1(C)CN(c2ccc(Nc3ncc4c5ccncc5n(C5CCC5)c4n3)nc2)CCN1,7.552841968657781,428.2436928960001,7,2,4.031300000000002,True
CHEMBL2029908,CDK1,28.0,nM,CN1CCN(C(=O)c2cc(Nc3ncc4cc(-c5cnco5)n(C5CCCC5)c4n3)cn2C)CC1,7.552841968657781,474.24917220000003,7,1,3.6711000000000027,True
CHEMBL368215,CDK1,28.0,nM,CCn1cnc2c(Nc3cccc(C(F)(F)F)c3)nc(N[C@H]3CC[C@H](O)CC3)nc21,7.552841968657781,420.18854401600004,6,3,4.3240000000000025,True
CHEMBL5902314,CDK6,28.0,nM,CC(C)N1CCOc2c(F)cc(-c3nc(Nc4ccc5c(c4)C(=O)NCC5)ncc3F)cc21,7.552841968657781,451.18198141600004,6,2,4.058500000000002,True
CHEMBL3648087,CDK2,28.0,nM,CCOC(=O)N=S(C)(=O)c1ccc(Nc2ncc(Br)c(N[C@@H](COC)[C@H](C)O)n2)cc1,7.552841968657781,515.083802032,9,3,3.4036000000000017,True
CHEMBL3673514,CDK9,28.0,nM,OCC(O)CN1CCC(c2cc3c(-c4cncc(NCc5ccccc5)n4)ccnc3[nH]2)CC1,7.552841968657781,458.24302420000004,7,4,3.164600000000001,True
CHEMBL257831,CDK1,28.0,nM,CN(C)c1ccc(CC(=O)Nc2n[nH]c3ccc(N4CCCS4(=O)=O)cc23)cc1,7.552841968657781,413.152160596,5,2,2.3500000000000005,True
CHEMBL3642028,CDK6,28.0,nM,CCN(CCO)C1CCN(c2ccc(Nc3ncc4c5ccncc5n(C5CCCC5)c4n3)nc2)CC1,7.552841968657781,500.3012077720001,8,2,4.516200000000003,True
CHEMBL495558,CDK2,28.0,nM,CC(C)(C)c1cnc(CSc2cnc(NC3CCCC(O)C3)s2)o1,7.552841968657781,367.13881904,7,2,4.436300000000005,True
CHEMBL3955479,CDK9,28.0,nM,CN1Cc2c(C3=C[C@H](CO)NCC3)[nH]c3nccc(c23)-c2cc(F)ccc21,7.552841968657781,364.16993951200004,4,3,3.056400000000001,True
CHEMBL5815755,CDK9,28.0,nM,CCN1CCC(CCNc2cc(-c3ccc4ncn(Cc5cccc(F)c5)c4c3)c(Cl)cn2)CC1,7.552841968657781,491.22520189200003,4,1,6.473000000000006,True
CHEMBL255718,CDK1,28.0,nM,O=C(Cc1ccc(O)cc1)Nc1n[nH]c2ccc(N3CCCS3(=O)=O)cc12,7.552841968657781,386.1048760559999,5,3,1.9896,True
CHEMBL3904602,CDK9,28.0,nM,CC(C)N1CCN(c2ccc(Nc3ncc4cc5n(c4n3)C3(CCCCC3)CNC5=O)nc2)CC1,7.552841968657781,474.285557708,7,2,3.5031000000000017,True
CHEMBL79356,CDK2,28.0,nM,NCC[S+]([O-])c1cc(-c2ccc[nH]2)c2c3c(ccc(F)c13)NC2=O,7.552841968657781,343.079075908,3,3,2.6060000000000008,True
CHEMBL3668433,CDK9,28.0,nM,CN1CCC(c2cc3c(-c4nc(NCc5ccc(C(N)=O)cc5)ccc4Cl)ccnc3[nH]2)CC1,7.552841968657781,474.19348716400003,5,3,4.798500000000002,True
CHEMBL172140,CDK1,28.0,nM,CCn1cnc2c(Nc3cccc(C#N)c3)nc(N[C@H]3CC[C@H](O)CC3)nc21,7.552841968657781,377.196408356,7,3,3.1768800000000015,True
CHEMBL5527848,CDK9,28.01,nM,CC(C)c1cnn2c(NCc3ccc(NC(=O)C4(F)CC4)cc3)nc(NC3CCOCC3)nc12,7.552686891176432,467.24450142000006,7,3,3.891300000000003,True
CHEMBL5894670,CDK2,28.2,nM,Cc1nc2c(F)cc(-c3nc(Nc4ccc5c(n4)CCN(C(=O)NCCO)C5)ncc3F)cc2n1C(C)C,7.549750891680639,522.230328576,7,3,3.859420000000002,True
CHEMBL5856237,CDK2,28.3,nM,Cc1nc2c(F)cc(-c3nc(Nc4ccc5c(n4)CCN(C(=O)[C@@H](C)N(C)C)C5)ncc3F)cc2n1C(C)C,7.548213564475709,534.2667140840001,7,1,4.634220000000004,True
CHEMBL6060984,CDK2,28.7,nM,COCC(=O)N1CCc2nc(Nc3ncc(F)c(-c4cc(F)c5nc(C)n(C(C)C)c5c4)n3)ccc2C1,7.542118103266008,507.2194295440001,7,1,4.3305200000000035,True
CHEMBL5555640,CDK9,28.9,nM,CCC(=O)Nc1ccc(CNc2nc(NC3CCN(C)CC3)nc3c(C(C)C)cnn23)cc1,7.539102157243452,450.28555770800006,7,3,3.714400000000002,True
CHEMBL114917,CDK2,29.0,nM,COc1cccc(CC(=O)Nc2cc(C3CC3)[nH]n2)c1,7.537602002101044,271.132076784,3,2,2.4768999999999997,True
CHEMBL2426395,CDK6,29.0,nM,COc1ccc(NC(=S)NC(=O)c2cn(-c3ccccc3)nc2-c2ccc(OC)cc2)cc1,7.537602002101044,458.141261564,5,2,4.683300000000003,True
CHEMBL385415,CDK4,29.0,nM,Oc1nc2cccc3c2nc1-c1cccc2c(O)n(nc12)CCN1CC[C@@H](C1)O3,7.537602002101044,389.148789468,7,2,2.524400000000001,True
CHEMBL5978110,CDK9,29.0,nM,Cc1cnc(NC(=O)[C@H]2CCC[C@@H](NC(=O)CO)C2)cc1-c1cnn2c1CC(C)(C)C2,7.537602002101044,425.24268985200007,5,3,2.4416199999999995,True
CHEMBL3237449,CDK6,29.0,nM,C[C@@H](CO)n1c2cnccc2c2cnc(Nc3ccc(N4CCNCC4)cn3)nc21,7.537602002101044,404.20730738800006,8,3,2.0809999999999995,True
CHEMBL3970723,CDK9,29.0,nM,CN1Cc2c(C3=CCNCC3)[nH]c3nccc(c23)-c2cc(F)c(F)cc21,7.537602002101044,352.149953016,3,2,3.834600000000002,True
CHEMBL185971,CDK2,29.0,nM,COc1cc(F)c(C(=S)c2c(N)nc3ccc(C(=O)c4c(F)cccc4F)cn23)c(F)c1,7.537602002101044,459.066460536,5,1,4.478800000000002,True
CHEMBL453629,CDK1,29.0,nM,Cc1ncc(-c2ccnc(Nc3ccc(C(=O)NCCN(C)C)c(F)c3)n2)n1C(C)C,7.537602002101044,425.23393673600003,6,2,3.403520000000002,True
CHEMBL3668364,CDK9,29.0,nM,CN1CCC(c2cc3c(-c4cccc(NCc5cccnc5)n4)ccnc3[nH]2)CC1,7.537602002101044,398.2218948320001,5,2,4.441200000000002,True
CHEMBL400859,CDK1,29.0,nM,COCc1cccc2[nH]c(-c3n[nH]c4ncc(-c5cccnc5)cc34)nc12,7.537602002101044,356.13855913200007,5,2,3.709600000000002,True
CHEMBL3668417,CDK9,29.0,nM,COc1ccc(F)cc1-c1ccnc2[nH]c([C@H]3CC[C@H](NCC4CC4C(=O)O)CC3)cc12,7.537602002101044,437.21146997599993,4,3,4.714100000000003,True
CHEMBL3668388,CDK9,29.0,nM,COc1ccc(F)cc1-c1ccnc2[nH]c(C3CCN(CCNC(=O)OC(C)(C)C)C3)cc12,7.537602002101044,454.238019072,5,2,4.691600000000004,True
CHEMBL3668469,CDK9,29.0,nM,Clc1ccc(NCc2ccccc2)cc1-c1ccnc2[nH]c(C3CCCNC3)cc12,7.537602002101044,416.17677448000006,3,3,5.962400000000005,True
CHEMBL1794055,CDK1,29.0,nM,NS(=O)(=O)c1ccc(NC=C2C(=O)Nc3ccc4ncsc4c32)cc1,7.537602002101044,372.035082244,6,3,2.3487999999999998,True
CHEMBL194721,CDK4,29.0,nM,FC(F)(F)c1cnc(Nc2ccc3[nH]cnc3c2)nc1Nc1ccccc1Cl,7.537602002101044,404.07640672400004,5,3,5.5123000000000015,True
CHEMBL271595,CDK1,29.0,nM,NS(=O)(=O)c1ccc(N/C=C2\C(=O)Nc3ccc4ncsc4c32)cc1,7.537602002101044,372.035082244,6,3,2.3487999999999998,True
CHEMBL5903874,CDK6,29.0,nM,CC(C)N1CCOc2c(F)cc(-c3nc(Nc4ccc(C5CCN(C)CC5)c(C#N)n4)ncc3F)cc21,7.537602002101044,505.2401649880001,8,1,4.848480000000005,True
CHEMBL6148620,CDK6,29.0,nM,CC(=O)N1CCC2(CC1)CC(=O)c1ccc(-c3nc(Nc4ccc(N5CCN(C(=O)OC(C)(C)C)CC5)cn4)ncc3F)cc1O2,7.537602002101044,631.2918455360001,10,1,4.824700000000004,True
CHEMBL402272,CDK9,29.0,nM,Nc1nccc(-c2cc3c([nH]2)CCNC3=O)n1,7.537602002101044,229.096359972,4,3,0.33979999999999977,True
CHEMBL4786429,CDK2,29.0,nM,CN(C)C/C=C/C(=O)Nc1cccc(C(=O)Nc2ncc(SCc3ncc(C(C)(C)C)o3)s2)c1,7.537602002101044,499.171181788,8,2,5.029500000000004,True
CHEMBL3673505,CDK9,29.0,nM,c1cncc(CNc2cncc(-c3ccnc4[nH]c(C5CCNCC5)cc34)n2)c1,7.537602002101044,385.20149373600003,6,3,3.4940000000000015,True
CHEMBL2426394,CDK2,29.0,nM,COc1ccc(-c2nn(-c3ccccc3)cc2C(=O)NC(=S)Nc2ccc(C)cc2)cc1,7.537602002101044,442.146346944,4,2,4.983120000000003,True
CHEMBL3702036,CDK4,29.0,nM,CN1CCN(c2ccc(Nc3ncc4c5cc[nH]c(=O)c5n(C5CCCC5)c4n3)nn2)CC1,7.537602002101044,445.2338564840001,8,2,2.673300000000001,True
CHEMBL3691684,CDK1,29.0,nM,CN(C)C(=O)c1cc2cnc(Nc3ccc(C(=O)N4C[C@H]5CC[C@@H](C4)N5)cn3)nc2n1C1CCCC1,7.537602002101044,488.2648222640001,7,2,2.9632000000000005,True
CHEMBL5753246,CDK9,29.0,nM,CC1(C(=O)N[C@@H]2CCC[C@H](C(=O)Nc3cc(-c4cnn5c4CCCC5)c(Cl)cn3)C2)COC1,7.537602002101044,471.2037175,5,2,3.584800000000002,True
CHEMBL565137,CDK2,29.0,nM,CNC(=O)c1nn(C)c2c1C(C)(C)Cc1cnc(Nc3ccc(OC4CCN(C)CC4)cc3)nc1-2,7.537602002101044,475.26957329600003,7,2,3.2870000000000017,True
CHEMBL6161170,CDK6,29.0,nM,CN1CCN(c2ccc(Nc3ncc(F)c(-c4ccc5c(c4)OC4(CCN(C(=O)OC(C)(C)C)CC4)CC5=O)n3)nc2)CC1,7.537602002101044,603.296930916,10,1,4.908000000000005,True
CHEMBL5900599,CDK6,29.3,nM,CCn1c(C)nc2c(F)cc(-c3nc(Nc4ccc5c(n4)CCNC5)ncc3F)cc21,7.53313237964589,421.1826501120001,6,2,3.884120000000002,True
CHEMBL5814867,CDK2,29.6,nM,CNCC(=O)N1CCc2nc(Nc3ncc(F)c(-c4cc(F)c5nc(C)n(C(C)C)c5c4)n3)ccc2C1,7.528708288941061,506.23541395600006,7,2,3.903520000000003,True
CHEMBL5542924,CDK9,29.66,nM,CCC(=O)Nc1ccc(CNc2nc(N[C@H](CC)CO)nc3c(C(C)C)cnn23)cc1,7.527828853307636,425.2539232320001,7,4,3.3911000000000016,True
CHEMBL5555057,CDK9,29.85,nM,CC(=O)Nc1ccc(CNc2nc(NC3CCCNC3)nc3c(C(C)C)cnn23)cc1,7.525055664534612,422.25425758000006,7,4,2.982100000000001,True
CHEMBL3923572,CDK9,30.0,nM,CC[C@H]1c2c(C3=CCNCC3)[nH]c3nccc(c23)-c2cc(F)ccc2N1C,7.522878745280337,362.19067495600007,3,2,4.646600000000003,True
CHEMBL6163600,CDK6,30.0,nM,CN1CCN(c2ccc(Nc3ncc(F)c(-c4ccc5c(c4)OC4(CCN(C(=O)C6CC6)CC4)CC5=O)n3)nc2)CC1,7.522878745280337,571.270716168,9,1,3.909500000000003,True
CHEMBL102871,CDK1,30.0,nM,CC(C)n1cnc2c(Nc3cccc(Cl)c3)nc(NC3CCC(N)CC3)nc21,7.522878745280337,399.19382151200006,6,3,4.486000000000002,True
CHEMBL8817,CDK1,30.0,nM,CN1CC[C@@H](c2c(O)cc(O)c3c(=O)cc(-c4ccccc4Cl)oc23)[C@@H](O)C1,7.522878745280337,401.10300041999994,6,3,3.3046000000000015,True
CHEMBL84944,CDK2,30.0,nM,CC(C)C(CO)Nc1nc(NCc2cccc(O)c2)c2ncn(C(C)C)c2n1,7.522878745280337,384.22737413600004,7,4,3.1537000000000015,True
CHEMBL3668435,CDK9,30.0,nM,CN1CCC(c2cc3c(-c4cccc(NCCO)n4)ccnc3[nH]2)CC1,7.522878745280337,351.20591042000007,5,3,2.8383000000000003,True
CHEMBL3668455,CDK9,30.0,nM,COc1ccc(F)cc1-c1ccnc2[nH]c(C3CN(C)C3)cc12,7.522878745280337,311.143390416,3,1,3.406600000000002,True
CHEMBL3938690,CDK9,30.0,nM,CNC(=O)N1CC=C(c2[nH]c3nccc4c3c2CN(C)c2ccc(F)cc2-4)CC1,7.522878745280337,391.180838544,3,2,3.7473000000000027,True
CHEMBL3702064,CDK4,30.0,nM,CCC(C)(C)n1c2cnccc2c2cnc(Nc3ccc(N4CCNCC4)cn3)nc21,7.522878745280337,416.2436928960001,7,2,3.6728000000000014,True
CHEMBL5777474,CDK9,30.0,nM,CN1CCC(CNc2cc(-c3ccc4ncn(Cc5cccc(F)c5)c4c3)c(Cl)cn2)CC1,7.522878745280337,463.19390176400003,4,1,5.692800000000005,True
CHEMBL270021,CDK1,30.0,nM,O=C1NC(=O)c2c1c(-c1ccccc1Cl)cc1c2c2cc(O)c(OCCCN3CCCC3)cc2n1CCO,7.522878745280337,533.171748676,6,3,4.561100000000005,True
CHEMBL3673513,CDK9,30.0,nM,CC(=O)N1CCC(c2cc3c(-c4cncc(NCc5ccccc5)n4)ccnc3[nH]2)CC1,7.522878745280337,426.21680945200006,5,2,4.3579000000000025,True
CHEMBL58483,CDK2,30.0,nM,O=C1Nc2cccc(CCO)c2/C1=C/c1[nH]cc2c1CCOC2=O,7.522878745280337,324.11100699199994,4,3,1.7551,True
CHEMBL48362,CDK2,30.0,nM,CN1CCC(c2c(O)cc(O)c3c2O/C(=C\c2ccc(S(N)(=O)=O)cc2)C3=O)CC1,7.522878745280337,430.1198574239999,7,3,2.1706000000000003,True
CHEMBL5867014,CDK6,30.0,nM,CC(C)N1CCOc2c(F)cc(-c3nc(Nc4ccc(N5CCN(C(=O)N(C)C)CC5)cn4)ncc3F)cc21,7.522878745280337,538.2616287040001,8,1,3.971200000000003,True
CHEMBL3642008,CDK6,30.0,nM,O[C@H]1CCCN(C2CCN(c3ccc(Nc4ncc5c6ccncc6n(C6CCCC6)c5n4)nn3)CC2)C1,7.522878745280337,513.2964567400002,9,2,4.053700000000004,True
CHEMBL254171,CDK2,30.0,nM,O=C(Cc1ccc(-c2ccncc2)cc1)Nc1n[nH]c2ccc(N3CCCS3(=O)=O)cc12,7.522878745280337,447.136510532,5,2,3.346000000000002,True
CHEMBL255262,CDK1,30.0,nM,O=C(Cc1cccc(F)c1)Nc1n[nH]c2ccc(N3CCCS3(=O)=O)cc12,7.522878745280337,388.100539624,4,2,2.4231000000000007,True
CHEMBL2426397,CDK2,30.0,nM,COc1ccc(-c2nn(-c3ccccc3)cc2C(=O)NC(=S)Nc2ccc(Cl)cc2)cc1,7.522878745280337,462.09172452800004,4,2,5.328100000000004,True
CHEMBL258040,CDK2,30.0,nM,O=C(Cc1ccc(N2CCCCC2)cc1)Nc1n[nH]c2ccc(N3CCCS3(=O)=O)cc12,7.522878745280337,453.183460724,5,2,3.274300000000002,True
CHEMBL509730,CDK2,30.0,nM,CC(C)Nc1cc(N[C@H]2CC[C@H](N)CC2)nc2c(C#N)cnn12,7.522878745280337,313.20149373600003,6,3,2.1030799999999994,True
CHEMBL270054,CDK2,30.0,nM,NS(=O)(=O)c1ccc(N/N=C2\C(=O)Nc3ccc(Cl)cc32)cc1,7.522878745280337,350.024038892,5,3,1.7557,True
CHEMBL231950,CDK2,30.0,nM,C/C(=C1/SC(=N)NC1=O)c1ccc(-c2ccc(S(N)(=O)=O)cc2)o1,7.522878745280337,363.034747896,6,3,2.12277,True
CHEMBL3641993,CDK6,30.0,nM,c1cc2c3cnc(Nc4ccc(N5CCC(N6CCCC6)CC5)nn4)nc3n(C3CCCC3)c2cn1,7.522878745280337,483.28589205600014,8,1,4.6928000000000045,True
CHEMBL576257,CDK2,30.0,nM,Cc1cc(Nc2cnc(C#N)c(N[C@@H](C)c3ccc(F)cn3)n2)n[nH]1,7.522878745280337,338.1403707000001,7,3,2.8306000000000004,True
CHEMBL5771470,CDK9,30.0,nM,Cc1nc2ccc(-c3cc(NC(=O)[C@@H]4CCCNC4)ncc3Cl)cc2n1Cc1cccc(F)c1,7.522878745280337,477.17316632000006,4,2,5.185620000000005,True
CHEMBL5934647,CDK6,30.0,nM,CC(C)N1CCOc2c(F)cc(-c3nc(Nc4cccc5c4CCNC5)ncc3F)cc21,7.522878745280337,437.20271686000007,6,2,4.418300000000003,True
CHEMBL428690,CDK1,30.0,nM,CN1CC[C@H](c2c(O)cc(O)c3c(=O)cc(-c4ccccc4Cl)oc23)[C@H](O)C1,7.522878745280337,401.10300041999994,6,3,3.3046000000000015,True
CHEMBL1922219,CDK2,30.0,nM,CC[C@H](Nc1nc(NCc2cccnc2)c2ncn(C(C)C)c2n1)[C@@H](C)O,7.522878745280337,369.227708484,7,3,2.985600000000002,True
CHEMBL3698660,CDK4,30.0,nM,c1ccc2c(c1)CCC2n1c2cnccc2c2cnc(Nc3ccc(N4CCNCC4)cn3)nc21,7.522878745280337,462.2280428320001,7,2,4.063300000000002,True
CHEMBL3691589,CDK4,30.0,nM,CN(C)C(=O)c1cc2cnc(Nc3ccc(C(=O)N4CC5CNCC(C4)O5)cn3)nc2n1C1CCCC1,7.522878745280337,504.25973688400006,8,2,2.1995999999999993,True
CHEMBL3702203,CDK6,30.0,nM,CC1CN(c2ccc(Nc3ncc4c5ccccc5n(C5CCCC5)c4n3)nc2)CC(C)N1,7.522878745280337,441.2640939920001,6,2,5.0248000000000035,True
CHEMBL3668362,CDK9,30.0,nM,c1cc(NCC2CCOCC2)nc(-c2ccnc3[nH]c(C4CCNCC4)cc23)c1,7.522878745280337,391.23721054800006,5,3,3.9304000000000023,True
CHEMBL177138,CDK1,30.0,nM,CCn1cnc2c(Nc3cccc(Cl)c3)nc(N[C@H]3CC[C@H](O)CC3)nc21,7.522878745280337,386.16218703600003,6,3,3.9586000000000015,True
CHEMBL3668486,CDK9,30.0,nM,COc1ccc(F)cc1-c1ccnc2[nH]c(C3=CCN(S(N)(=O)=O)CC3)cc12,7.522878745280337,402.11618968799996,4,2,2.6702000000000012,True
CHEMBL574737,CDK2,30.0,nM,CN[C@@H]1C[C@H]2O[C@@](C)([C@@H]1OC)n1c3ccccc3c3c4c(c5c6ccccc6n2c5c31)C(=O)N[C@H]4O,7.522878745280337,482.195405312,5,3,3.844900000000002,True
CHEMBL3927462,CDK9,30.0,nM,CN1Cc2c(C3=CCN[C@@H](CO)C3)[nH]c3nccc(c23)-c2cc(F)ccc21,7.522878745280337,364.16993951200004,4,3,3.056400000000001,True
CHEMBL5287796,CDK9,30.0,nM,COc1cc(O)c2c(=O)cc(-c3ccc(N4CCN(C)CC4)cc3)oc2c1N1CCNCC1,7.522878745280337,450.22670544000005,8,2,2.3356000000000003,True
CHEMBL5532122,CDK9,30.17,nM,CC[C@H](CO)Nc1nc(NCc2ccc(NC(C)=O)cc2)n2ncc(C(C)C)c2n1,7.5204246898250116,411.2382731680001,7,4,3.0010000000000012,True
CHEMBL4448494,CDK9,30.3,nM,Cc1nc2c(F)cc(-c3nc(Nc4ccc5c(n4)CCN(CCN(C)C)C5)ncc3F)cc2n1C(C)C,7.518557371497695,506.2717994640001,7,1,4.719120000000004,True
CHEMBL3698667,CDK6,30.4,nM,c1cc2c3cnc(Nc4ccc(N5CCNCC5)cn4)nc3n(CC3CCCCC3)c2cn1,7.517126416391246,442.25934296,7,2,4.108000000000003,True
CHEMBL5826084,CDK6,30.6,nM,CN(C)C(=O)c1cc2cnc(Nc3ccc(C4=CCNCC4)cn3)nc2n1C1CCCC1,7.514278573518419,431.2433585480001,6,2,3.7635000000000023,True
CHEMBL5950534,CDK2,30.7,nM,Cc1nc2c(F)cc(-c3nc(Nc4ccc5c(n4)C[C@@H](C)NC5)ncc3F)cc2n1C(C)(C)C,7.512861624522813,463.2296003040001,6,2,5.0077200000000035,True
CHEMBL3673508,CDK9,31.0,nM,O=C(CO)N1CCC(c2cc3c(-c4cncc(NCc5cc(F)cc(F)c5)n4)ccnc3[nH]2)CC1,7.508638306165727,478.19288044800004,6,3,3.608500000000001,True
CHEMBL5209307,CDK2,31.0,nM,CCCc1cnc(NC(=O)[C@@H](C)c2ccc(NC(C)=O)cc2)s1,7.508638306165727,331.135447912,4,2,3.7962000000000025,True
CHEMBL3702089,CDK6,31.0,nM,Cn1c(=O)ccc2c3cnc(Nc4ccc(N5CCNCC5)cn4)nc3n(C3CCCC3)c21,7.508638306165727,444.23860751600006,7,2,2.9465000000000003,True
CHEMBL3668419,CDK9,31.0,nM,COc1ccc(F)cc1-c1ccnc2[nH]c(C3CCN(C(=O)CN4CCC(O)CC4)CC3)cc12,7.508638306165727,466.238019072,5,2,3.540300000000002,True
CHEMBL367625,CDK1,31.0,nM,CCn1cnc2c(Nc3cccc(Cl)c3)nc(N[C@@H]3CCCC[C@@H]3N)nc21,7.508638306165727,385.17817144800006,6,3,3.9250000000000007,True
CHEMBL564884,CDK2,31.0,nM,CNC(=O)c1nn(C)c2c1C(C)(C)Cc1cnc(Nc3cccc(N4CCN(C)CC4)c3)nc1-2,7.508638306165727,460.26990764400006,7,2,2.5658000000000003,True
CHEMBL3673502,CDK9,31.0,nM,c1cc(-c2cncc(NCC3CCOCC3)n2)c2cc(C3CCNCC3)[nH]c2n1,7.508638306165727,392.23245951600006,6,3,3.325400000000001,True
CHEMBL391229,CDK1,31.0,nM,O=C1Nc2ccc3ncsc3c2/C1=C/Nc1ccc2c(c1)CS(=O)(=O)C2,7.508638306165727,383.03983327599997,6,2,3.1298000000000012,True
CHEMBL5756117,CDK4,31.0,nM,CC(C)N1CCOc2c(F)cc(-c3nc(Nc4ccc(N5CCC(O)CC5)c(F)c4)ncc3F)cc21,7.508638306165727,499.219509796,7,2,4.872800000000005,True
CHEMBL171891,CDK1,31.0,nM,CCn1cnc2c(Nc3ccc(F)cc3)nc(N[C@H]3CC[C@H](N)CC3)nc21,7.508638306165727,369.207721988,6,3,3.410700000000001,True
CHEMBL3663762,CDK9,31.0,nM,COc1cccnc1-c1ccnc2[nH]c(C3CCNCC3)cc12,7.508638306165727,308.16371126,4,2,3.100500000000001,True
CHEMBL2158854,CDK2,31.0,nM,NS(=O)(=O)c1cccc(Nc2nccc(-c3ccnc(N4C5CCC4COC5)c3)n2)c1,7.508638306165727,438.14740956400004,8,2,2.2972,True
CHEMBL2143507,CDK2,31.0,nM,CC(=O)Nc1ccc(C(C)C(=O)Nc2ncc(C(C)C)s2)cc1,7.508638306165727,331.135447912,4,2,3.967100000000003,True
CHEMBL1800451,CDK1,31.0,nM,CCc1cc(-c2cc(N3C[C@H](O)[C@@H](O)C3)ccc2O)nc(N)n1,7.508638306165727,316.1535405000001,7,4,0.5355999999999999,True
CHEMBL1800457,CDK1,31.0,nM,Nc1nc(-c2cc(N3C[C@H](O)[C@@H](O)C3)ccc2O)cc(C2CCCCCC2)n1,7.508638306165727,384.216140756,7,4,2.4110000000000005,True
CHEMBL3702201,CDK4,31.0,nM,CN1CCN(c2ccc(Nc3ncc4c5ccccc5n(C5CCCC5)c4n3)nn2)CC1,7.508638306165727,428.2436928960001,7,1,3.985000000000003,True
CHEMBL3702203,CDK4,31.0,nM,CC1CN(c2ccc(Nc3ncc4c5ccccc5n(C5CCCC5)c4n3)nc2)CC(C)N1,7.508638306165727,441.2640939920001,6,2,5.0248000000000035,True
CHEMBL6018285,CDK6,31.0,nM,CC(C)N1CCOc2c(F)cc(-c3nc(Nc4ccc(N5CCC(CCO)CC5)cn4)ncc3F)cc21,7.508638306165727,510.25548070400004,8,2,4.766400000000004,True
CHEMBL5980280,CDK1,31.0,nM,CN1CCN(S(=O)(=O)c2ccc(Nc3ncc4cc5n(c4n3)C3(CCCCC3)CC(=O)N5)cc2)CC1,7.508638306165727,509.22090885200004,7,2,3.1126000000000014,True
CHEMBL5813628,CDK4,31.0,nM,COc1nc(Nc2ncc(F)c(-c3cc(F)c4c(c3)N(C(C)C)CCO4)n2)ccc1C1CCN(C)CC1,7.508638306165727,510.25548070400004,8,1,4.985400000000004,True
CHEMBL3698700,CDK6,31.0,nM,c1cc2c3cnc(Nc4ccc(NC5CCNCC5)cn4)nc3n(C3CCCC3)c2cn1,7.508638306165727,428.2436928960001,7,3,4.397100000000003,True
CHEMBL214329,CDK4,31.0,nM,CN1CCN(c2ccc(Nc3ncc4ccn(C5CCCCC5)c4n3)cc2)CC1,7.508638306165727,390.25319496,5,1,4.431900000000004,True
CHEMBL5763679,CDK2,31.1,nM,Cc1nc2c(F)cc(-c3nc(Nc4ccc5c(n4)CCN(C(=O)CN4CCOCC4)C5)ncc3F)cc2n1C(C)C,7.507239610973162,562.261628704,8,1,4.016320000000003,True
CHEMBL3684981,CDK4,31.3,nM,CC1CNCc2ccc(Nc3ncc4c5ccncc5n([C@H]5CC[C@H](C)CC5)c4n3)nc21,7.504455662453552,427.2484439280001,6,2,5.076000000000004,True
CHEMBL5505818,CDK9,31.51,nM,CCC(=O)Nc1ccc(CNc2nc(O[C@H]3CCCNC3)nc3c(C(C)C)cnn23)cc1,7.501551596826,437.2539232320001,7,3,3.339100000000002,True
CHEMBL4796617,CDK9,31.7,nM,COc1ccc(-c2ccnc(Nc3ccc4c(c3)N(C(C)C)[C@H](C)C(=O)N4C)n2)cc1,7.498940737782249,417.21647510400004,6,1,4.475500000000003,True
CHEMBL5834517,CDK2,31.9,nM,CC(=O)N1CCc2nc(Nc3ncc(F)c(-c4cc(F)c5nc(C)n(C(C)C)c5c4)n3)ccc2C1,7.496209316942819,477.2088648600001,6,1,4.704020000000003,True
CHEMBL174773,CDK1,32.0,nM,CCn1cnc2c(Nc3cccc(F)c3)nc(N[C@H]3CC[C@H](O)CC3)nc21,7.494850021680094,370.191737576,6,3,3.444300000000002,True
CHEMBL370316,CDK1,32.0,nM,Fc1ccc(Oc2nc(Nc3ccc4[nH]cnc4c3)ncc2C(F)(F)F)cc1,7.494850021680094,389.089972852,5,2,5.046700000000001,True
CHEMBL1241566,CDK2,32.0,nM,Cc1ccc(F)c(Nc2nccc(-c3ccc(S(N)(=O)=O)cc3)n2)c1,7.494850021680094,358.08997494,5,2,2.98212,True
CHEMBL3691680,CDK4,32.0,nM,CN(C)C(=O)c1cc2cnc(Nc3ccc(N4CC5COCC(CC4=O)N5)cn3)nc2n1C1CCCC1,7.494850021680094,504.25973688400006,8,2,2.4805,True
CHEMBL3702164,CDK4,32.0,nM,COc1cc(-c2ccc(Nc3ncc4c5ccncc5n(C5CCCC5)c4n3)nn2)ccn1,7.494850021680094,438.1916573240001,8,1,4.698800000000003,True
CHEMBL5965360,CDK6,32.0,nM,CC(C)N1CCOc2c(F)cc(-c3nc(Nc4cc(F)c(N5CCNCC5)cc4F)ncc3F)cc21,7.494850021680094,502.21042233200006,7,2,4.460400000000003,True
CHEMBL5775776,CDK2,32.0,nM,Cc1nc2c(F)cc(-c3nc(Nc4ccc5c(n4)CCN(CCN4CC=C(B(O)O)CC4)C5)ncc3F)cc2n1C(C)(C)C,7.494850021680094,602.3100592640001,9,3,3.9757200000000035,True
CHEMBL3668512,CDK9,32.0,nM,COc1ccc(F)cc1-c1ccnc2[nH]c(C3CCN(CC(N)=O)CC3)cc12,7.494850021680094,382.180504196,4,2,3.042300000000001,True
CHEMBL102926,CDK2,32.0,nM,Cc1nc2ccccn2c1-c1ccnc(Nc2ccc(OCC(O)CN(C)C)cc2)n1,7.494850021680094,418.211724072,7,2,3.1446200000000015,True
CHEMBL2426396,CDK2,32.0,nM,COc1ccc(-c2nn(-c3ccccc3)cc2C(=O)NC(=S)Nc2ccc(F)cc2)cc1,7.494850021680094,446.12127506800005,4,2,4.813800000000003,True
CHEMBL3642646,CDK2,32.0,nM,Fc1ccccc1-c1cc(NCc2ccncc2)n2ncc(Br)c2n1,7.494850021680094,397.03383573600007,4,1,4.3050000000000015,True
CHEMBL3641948,CDK4,32.0,nM,CN(C)C1CCN(c2ccc(Nc3ncc4c5ccncc5n([C@@H]5CCOC5)c4n3)nc2)CC1,7.494850021680094,458.25425758,8,1,3.6099000000000023,True
CHEMBL5947385,CDK2,32.3,nM,C=CC(=O)N1CCc2nc(Nc3ncc(F)c(-c4cc(F)c5nc(C)n(C(C)C)c5c4)n3)ccc2C1,7.490797477668897,489.2088648600001,6,1,4.870120000000004,True
CHEMBL6065929,CDK9,33.0,nM,O=C1CC2(C1)CC(C(=O)Nc1cc(-c3ccc4ncn(Cc5cccc(F)c5)c4c3)c(Cl)cn1)C2,7.481486060122112,488.141531844,4,1,5.636900000000004,True
CHEMBL4458266,CDK6,33.0,nM,Cc1nc2c(F)cc(-c3nc(Nc4ccc5c(n4)CCN(CCN(C)C)C5)ncc3F)cc2n1C,7.481486060122112,478.2404993360001,7,1,3.675220000000002,True
CHEMBL2426391,CDK6,33.0,nM,COc1ccc(NC(=S)NC(=O)c2cn(-c3ccccc3)nc2-c2ccc(F)cc2)cc1,7.481486060122112,446.12127506800005,4,2,4.813800000000003,True
CHEMBL392775,CDK1,33.0,nM,Cc1cc(N2CCCS2(=O)=O)c2oc(-c3ccc(O)c(Cl)c3)c(O)c(=O)c2c1,7.481486060122112,421.03868591199995,6,2,3.3729200000000024,True
CHEMBL6147415,CDK6,33.0,nM,CC(=O)N1CCC2(CC1)CC(=O)c1ccc(-c3nc(Nc4ccc(N5CCN(C(=O)C(F)(F)F)CC5)cn4)ncc3F)cc1O2,7.481486060122112,627.221715288,9,1,3.978500000000003,True
CHEMBL6042107,CDK9,33.0,nM,Fc1cccc(Cn2cnc3ccc(-c4cc(NCCC5CCCN5)ncc4Cl)cc32)c1,7.481486060122112,449.1782517000001,4,2,5.493100000000004,True
CHEMBL3668464,CDK9,33.0,nM,COc1ccc(F)cc1-c1ccnc2[nH]c(C3CCCCNC3)cc12,7.481486060122112,339.174690544,3,2,4.234700000000002,True
CHEMBL5287016,CDK2,33.0,nM,CCc1c(C(=O)NCCc2ccc(N3CCCCC3)cc2)[nH]c2ccc(C)cc12,7.481486060122112,389.246712612,2,2,5.001520000000005,True
CHEMBL3668495,CDK9,33.0,nM,COc1ccc(F)cc1-c1ccnc2[nH]c(C3=CCN(CC(=O)O)CC3)cc12,7.481486060122112,381.14886971999994,4,2,3.551300000000002,True
CHEMBL1241662,CDK2,33.0,nM,Nc1nc2ccc(C(=O)c3c(F)cccc3Cl)cc2n1Cc1c(F)cccc1F,7.481486060122112,415.0699243760001,3,1,4.968500000000002,True
CHEMBL183941,CDK2,33.0,nM,Nc1nc2ccc(C(=O)c3c(F)cccc3Cl)cn2c1C(=O)c1c(F)cccc1F,7.481486060122112,429.049188932,4,1,4.449200000000002,True
CHEMBL3668465,CDK9,33.0,nM,Fc1ccc(NCc2ccccc2)cc1-c1c(Cl)cnc2[nH]c(C3CCNCC3)cc12,7.481486060122112,434.1673526680001,3,3,6.101500000000004,True
CHEMBL3648100,CDK2,33.0,nM,CCC(C)Sc1nc(Nc2ccc(S(C)(=N)=O)cc2)ncc1Br,7.481486060122112,414.018365328,6,2,4.908770000000003,True
CHEMBL3663779,CDK9,33.0,nM,Fc1ccccc1CNc1ccc(Cl)c(-c2ccnc3[nH]c(C4CCNCC4)cc23)n1,7.481486060122112,435.1626016360001,4,3,5.496500000000005,True
CHEMBL3663753,CDK9,33.0,nM,Clc1ccc(NCc2ccccc2)nc1-c1ccnc2[nH]c(C3CCCNC3)cc12,7.481486060122112,417.17202344800006,4,3,5.357400000000004,True
CHEMBL5843253,CDK9,33.0,nM,Fc1cccc(Cn2cnc3ccc(-c4cc(NC5CC6(CCCNC6)C5)ncc4Cl)cc32)c1,7.481486060122112,475.1939017640001,4,2,5.883200000000005,True
CHEMBL5834528,CDK1,33.0,nM,NS(=O)(=O)c1ccc(Nc2ncc3cc4n(c3n2)C2(CCCCC2)C(=O)NN4)cc1,7.481486060122112,427.14265853200004,7,4,1.9383999999999997,True
CHEMBL3702054,CDK6,33.0,nM,COc1nccc2c3cnc(Nc4ccc(N5CCC(N(C)C)CC5)cn4)nc3n(C3CCCC3)c12,7.481486060122112,486.28555770800006,8,1,4.772200000000004,True
CHEMBL57256,CDK2,33.0,nM,CN(C)S(=O)(=O)c1ccc2c(c1)/C(=C/c1[nH]cc3c1CCOC3=O)C(=O)N2,7.481486060122112,387.088891644,5,2,1.4706000000000001,True
CHEMBL3940661,CDK2,33.0,nM,CS(=N)(=O)c1ccc(Nc2ncc(Br)c(Nc3ccccc3)n2)cc1,7.481486060122112,417.02589323200004,6,3,4.761770000000003,True
CHEMBL6150585,CDK6,33.0,nM,CC(=O)N1CCC2(CC1)CC(=O)c1ccc(-c3nc(Nc4ccc(N5CCNCC5)cn4)ncc3F)cc1O2,7.481486060122112,531.23941604,9,2,3.177200000000001,True
CHEMBL5932925,CDK1,33.0,nM,CC1C(=O)N(C)c2cc3cnc(Nc4ccc(S(N)(=O)=O)cc4)nc3n2C12CCCCC2,7.481486060122112,454.178709692,6,2,3.0942000000000016,True
CHEMBL3641971,CDK4,33.0,nM,C[C@H](O)Cn1c2cnccc2c2cnc(Nc3ccc(N4CCNC(C)(C)C4)nn3)nc21,7.481486060122112,433.2338564840001,9,3,2.0820999999999996,True
CHEMBL457888,CDK2,33.0,nM,Cc1ncc(-c2ccnc(Nc3ccc(S(=O)(=O)CCCN4CCOCC4)cc3)n2)n1C(C)C,7.481486060122112,484.22565988400004,8,1,3.469020000000002,True
CHEMBL3668373,CDK9,33.0,nM,COc1ccc(F)cc1-c1ccnc2[nH]c(C3=CCN(C(C)=O)CC3)cc12,7.481486060122112,365.15395509999996,3,1,4.013200000000003,True
CHEMBL3668410,CDK9,33.0,nM,c1ccc(CCNc2cccc(-c3ccnc4[nH]c(C5CCNCC5)cc34)n2)cc1,7.481486060122112,397.2266458640001,4,3,4.746500000000003,True
CHEMBL3702114,CDK6,33.0,nM,c1cc2c3cnc(Nc4ccc(CN5CCNCC5)cn4)nc3n(C3CCCC3)c2cn1,7.481486060122112,428.2436928960001,7,2,3.6384000000000025,True
CHEMBL5557384,CDK6,33.1,nM,CC(C)N1CCN(C(=O)c2ccnc(Nc3cc(-c4ccc5nnn(C(C)C)c5c4)ccn3)c2)CC1,7.480172006224281,484.2699076440001,7,1,4.379000000000004,True
CHEMBL4171138,CDK6,33.21,nM,Cc1nc(Nc2c[nH]nc2C(=O)Nc2ccc(CN3CCOCC3)cc2)c2cc(C(C)C)sc2n1,7.478731124401615,491.21034416799995,8,3,4.674320000000004,True
CHEMBL4212532,CDK2,33.7,nM,Cc1nc2c(F)cc(-c3nc(Nc4ccc5c(n4)CCN(C(=O)CN(C)C)C5)ncc3F)cc2n1C(C)C,7.472370099128661,520.2510640200001,7,1,4.245720000000003,True
CHEMBL3702195,CDK6,33.7,nM,C[C@H](CO)Nc1ccc(Nc2ncc3c4ccncc4n(C4CCCC4)c3n2)nn1,7.472370099128661,404.20730738800006,8,3,3.4209000000000014,True
CHEMBL5942702,CDK2,33.9,nM,C#CCN1CCc2nc(Nc3ncc(F)c(-c4cc(F)c5nc(C)n(C(C)C)c5c4)n3)ccc2C1,7.469800301796917,473.2139502400001,6,1,4.790720000000003,True
CHEMBL101801,CDK2,34.0,nM,NC(=O)c1ccc(Nc2nc(N)c(N=O)c(OCC3CCCCC3)n2)cc1,7.468521082957745,370.175338564,8,3,3.258300000000002,True
CHEMBL5280144,CDK2,34.0,nM,Cc1c(C(=O)NCCc2ccc(F)cc2)[nH]c2cc(F)ccc12,7.468521082957745,314.12306957199996,1,2,3.727020000000002,True
CHEMBL427045,CDK4,34.0,nM,Cc1cc(-c2cnc(Nc3ccccn3)s2)nc(OC2CCCCC2)n1,7.468521082957745,367.14668129200004,7,1,4.758620000000002,True
CHEMBL3942903,CDK9,34.0,nM,CN1Cc2c(C3=CCNCC3)[nH]c3ncc(F)c(c23)-c2ccccc21,7.468521082957745,334.159374828,3,2,3.695500000000002,True
CHEMBL5275973,CDK9,34.0,nM,Cl.O=C1NCCc2[nH]c(-c3ccncc3)cc21,7.468521082957745,249.066889684,2,2,1.7843999999999998,True
CHEMBL115319,CDK2,34.0,nM,O=C(Nc1cc(C2CC2)[nH]n1)c1ccc(Br)cc1,7.468521082957745,305.01637410399996,2,2,3.3019000000000016,True
CHEMBL5201044,CDK9,34.0,nM,O=C(c1ccc(-c2ccnc3[nH]c(-c4ccc(CN5CCOCC5)cc4)nc23)cc1)N1CCCC1,7.468521082957745,467.23212516800004,5,1,4.360100000000004,True
CHEMBL3954429,CDK6,34.0,nM,CCN1CCN(c2ccc(Nc3ncc4c(C)c(C(C)=O)c(=O)n(C5CCCC5)c4n3)nc2)CC1,7.468521082957745,475.26957329600003,8,1,3.698120000000003,True
CHEMBL273061,CDK2,34.0,nM,NS(=O)(=O)c1ccc(N/N=C2\C(=O)Nc3ccc(F)cc32)cc1,7.468521082957745,334.053589432,5,3,1.2414,True
CHEMBL3691678,CDK4,34.0,nM,CC(C)N1[C@@H]2CC[C@H]1CN(c1ccc(Nc3ncc4cc(C(=O)N(C)C)n(C5CCCC5)c4n3)nc1)C(=O)C2,7.468521082957745,530.3117724560001,7,1,4.364900000000004,True
CHEMBL3668440,CDK9,34.0,nM,COc1ccc(F)cc1-c1ccnc2[nH]c(C3CN(CCN)C3)cc12,7.468521082957745,340.16993951200004,4,2,2.7355,True
CHEMBL3642027,CDK6,34.0,nM,COC(=O)CNC1CCN(c2ccc(Nc3ncc4c5ccncc5n(C5CCCC5)c4n3)nc2)CC1,7.468521082957745,500.2648222640001,9,2,3.9646000000000026,True
CHEMBL3702199,CDK6,34.0,nM,CC1(C)CN(c2ccc(Nc3ncc4c5ccccc5n(C5CCCC5)c4n3)nn2)CCN1,7.468521082957745,442.2593429600001,7,2,4.421400000000002,True
CHEMBL404504,CDK1,34.0,nM,O=C(Cc1cccc(Cl)c1)Nc1n[nH]c2ccc(N3CCCS3(=O)=O)cc12,7.468521082957745,404.07098908399996,4,2,2.937400000000001,True
CHEMBL194032,CDK1,34.0,nM,Brc1cnc(Nc2ccc3[nH]cnc3c2)nc1Nc1ccc(Oc2cccnc2)cc1,7.468521082957745,473.059970232,7,3,5.789900000000002,True
CHEMBL3702138,CDK4,34.0,nM,c1cc2c3cnc(Nc4ccc(N5CCNCC5)cn4)cc3n(C3CCCC3)c2cn1,7.468521082957745,413.23279386400003,6,2,4.2478000000000025,True
CHEMBL3668394,CDK9,34.0,nM,CCOC(=O)C1CC1CN[C@H]1CC[C@H](c2cc3c(-c4cc(F)ccc4OC)ccnc3[nH]2)CC1,7.468521082957745,465.24277010400004,5,2,5.192600000000004,True
CHEMBL225519,CDK9,34.0,nM,O=C1NCCc2[nH]c(-c3ccncc3)cc21,7.468521082957745,213.090211972,2,2,1.3626,True
CHEMBL3702114,CDK4,34.0,nM,c1cc2c3cnc(Nc4ccc(CN5CCNCC5)cn4)nc3n(C3CCCC3)c2cn1,7.468521082957745,428.2436928960001,7,2,3.6384000000000025,True
CHEMBL3668363,CDK9,34.0,nM,CN1CCC(c2cc3c(-c4cccc(NCC5CCOCC5)n4)ccnc3[nH]2)CC1,7.468521082957745,405.25286061200006,5,2,4.272600000000003,True
CHEMBL3668366,CDK9,34.0,nM,CN1CCC(c2cc3c(-c4cccc(NCC5CC5)n4)ccnc3[nH]2)CC1,7.468521082957745,361.2266458640001,4,2,4.256000000000002,True
CHEMBL5852870,CDK6,34.0,nM,CC(C)N1CCOc2c(F)cc(-c3nc(Nc4ncc(C5CCNCC5)cn4)ncc3F)cc21,7.468521082957745,467.2245149240001,8,2,4.029600000000002,True
CHEMBL370485,CDK1,34.0,nM,Brc1cnc(Nc2ccc3[nH]cnc3c2)nc1NC1CCc2ccccc21,7.468521082957745,420.06980664400004,5,3,4.958400000000002,True
CHEMBL4872952,CDK2,34.48,nM,Cc1n[nH]c2ccc(-c3cncc(N[C@@H](CO)c4cccc(F)c4)n3)cc12,7.462432742847325,363.14953841600004,5,3,3.6129200000000017,True
CHEMBL50894,CDK1,35.0,nM,O=C1Cc2c([nH]c3ccc([N+](=O)[O-])cc23)-c2ccccc2N1,7.455931955649724,293.0800412120001,3,2,3.2377000000000002,True
CHEMBL609040,CDK2,35.0,nM,O=C1Nc2cc3c(O)cccc3c3c4c(cc1c23)OCO4,7.455931955649724,279.053157768,4,2,2.993000000000001,True
CHEMBL3974193,CDK9,35.0,nM,CN1CCC(c2cc3c(-c4cccc(NCCCc5ccccc5)n4)ccnc3[nH]2)CC1,7.455931955649724,425.2579459920001,4,2,5.478800000000004,True
CHEMBL3691637,CDK4,35.0,nM,CN(C)C(=O)c1cc2cnc(Nc3ccc(N4CCN5CCCCC5C4=O)cn3)nc2n1C1CCCCC1,7.455931955649724,516.296122392,7,1,3.9780000000000033,True
CHEMBL6145102,CDK6,35.0,nM,COCCN1CCN(c2ccc(Nc3ncc(F)c(-c4ccc5c(c4)OC4(CCN(C(C)=O)CC4)CC5=O)n3)nc2)CC1,7.455931955649724,589.281280852,10,1,3.5360000000000023,True
CHEMBL3673525,CDK9,35.0,nM,CNC(=O)N1CCC(c2cc3c(-c4cncc(NCc5ccccc5)n4)ccnc3[nH]2)CC1,7.455931955649724,441.2277084840001,5,3,4.150800000000003,True
CHEMBL2426395,CDK4,35.0,nM,COc1ccc(NC(=S)NC(=O)c2cn(-c3ccccc3)nc2-c2ccc(OC)cc2)cc1,7.455931955649724,458.141261564,5,2,4.683300000000003,True
CHEMBL6142470,CDK6,35.0,nM,CCCC(=O)N1CCC2(CC1)CC(=O)c1ccc(-c3nc(Nc4ccc(N5CCN(C)CC5)cn4)ncc3F)cc1O2,7.455931955649724,573.2863662320001,9,1,4.299600000000003,True
CHEMBL2158844,CDK1,35.0,nM,Clc1cccc(Nc2nccc(-c3ccnc(N4CCOCC4)c3)n2)c1,7.455931955649724,367.119987876,6,1,3.7722000000000024,True
CHEMBL1080561,CDK2,35.0,nM,Cc1n[nH]c2ccc(-c3nnc(NC[C@@H](N)Cc4cccc(C(F)(F)F)c4)s3)cc12,7.455931955649724,432.134400268,6,3,4.390520000000002,True
CHEMBL3702171,CDK4,35.0,nM,Fc1nccc2c3cnc(Nc4ccc(OC5CCNCC5)nn4)nc3n(C3CCCC3)c12,7.455931955649724,448.21353564000015,8,2,3.898100000000002,True
CHEMBL561440,CDK2,35.0,nM,CNC(=O)c1nn(C)c2c1C(C)(C)Cc1cnc(Nc3ccc(CN(C)C)cc3)nc1-2,7.455931955649724,419.24335854800006,6,2,2.8756000000000013,True
CHEMBL5925273,CDK9,35.0,nM,Fc1cccc(Cn2cnc3ccc(-c4cc(NCCC5CCCNC5)ncc4Cl)cc32)c1,7.455931955649724,463.1939017640001,4,2,5.740700000000004,True
CHEMBL5905735,CDK2,35.0,nM,Cc1nc2c(F)cc(-c3nc(Nc4ccc5c(n4)CCN(C(C)C)C5)ncc3F)cc2n1C(C)C,7.455931955649724,477.2452503680001,6,1,5.565920000000005,True
CHEMBL3641965,CDK4,35.0,nM,C[C@H]1CN(c2ccc(Nc3ncc4c5ccncc5n([C@H]5CCC[C@@H]5O)c4n3)nn2)CCN1,7.455931955649724,445.23385648400006,9,3,2.397099999999999,True
CHEMBL3702172,CDK6,35.0,nM,O=S1(=O)CCC(c2ccc(Nc3ncc4c5ccncc5n(C5CCCC5)c4n3)nc2)CC1,7.455931955649724,462.18379507200007,7,1,4.525400000000003,True
CHEMBL3663751,CDK9,35.0,nM,COc1ccc(F)cc1-c1ccnc2[nH]c(C3CCCN(C)C3)cc12,7.455931955649724,339.174690544,3,1,4.186800000000003,True
CHEMBL3702140,CDK4,35.0,nM,O=C(O)Cc1ccc(-n2c3cnccc3c3cnc(Nc4ccc(N5CCNCC5)cn4)cc32)cc1,7.455931955649724,479.2069730400001,7,3,3.7490000000000023,True
CHEMBL6018776,CDK9,35.0,nM,O[C@H]1CC[C@H](Nc2cc(-c3ccc4ncn(Cc5cccc(F)c5)c4c3)c(Cl)cn2)CC1,7.455931955649724,450.162267288,4,2,5.654500000000004,True
CHEMBL5813628,CDK6,35.0,nM,COc1nc(Nc2ncc(F)c(-c3cc(F)c4c(c3)N(C(C)C)CCO4)n2)ccc1C1CCN(C)CC1,7.455931955649724,510.25548070400004,8,1,4.985400000000004,True
CHEMBL3644033,CDK4,35.0,nM,C[C@@H](O)[C@@H](C)Oc1nc(Nc2ccc(S(C)(=O)=O)cc2)ncc1C(F)(F)F,7.455931955649724,405.097011716,7,2,2.7906000000000013,True
CHEMBL6149958,CDK6,35.0,nM,CC(=O)N1CCC2(CC1)CC(=O)c1ccc(-c3nc(Nc4ccc(N5CCC(N6CCOCC6)CC5)cn4)ncc3F)cc1O2,7.455931955649724,615.2969309160001,10,1,4.0686000000000035,True
CHEMBL3702190,CDK4,35.0,nM,CN(C)CCCN(C)c1ccc(Nc2ncc3c4ccncc4n(C4CCCC4)c3n2)nn1,7.455931955649724,445.27024199200014,8,1,4.0161000000000024,True
CHEMBL5542804,CDK9,35.38,nM,CC[C@H](CO)Nc1nc(NCc2ccc(NC(=O)C3CCN(C(C)=O)CC3)cc2)n2ncc(C(C)C)c2n1,7.451242171426296,522.3066870760001,8,4,3.239600000000001,True
CHEMBL1092754,CDK2,35.5,nM,Cn1cc(/C=C2\Oc3cccc(O)c3C2=O)c2c(-c3ccc(C(=O)NCCO)cc3)ccnc21,7.449771646944906,455.148120772,6,3,3.284200000000002,True
CHEMBL5976517,CDK2,35.5,nM,Cc1nc2c(F)cc(-c3nc(Nc4ccc5c(n4)CCN(CC#CCN(C)C)C5)ncc3F)cc2n1C(C)C,7.449771646944906,530.2717994640001,7,1,4.722520000000004,True
CHEMBL3691652,CDK4,35.5,nM,CN(C)C(=O)c1cc2cnc(Nc3ccc(N4CCCC5(CCNCC5)C4=O)cn3)nc2n1C1CCCC1,7.449771646944906,516.2961223920001,7,2,3.8834000000000026,True
CHEMBL5561839,CDK4,35.6,nM,CC(C)n1nnc2ccc(-c3ccnc(Nc4cc(C(=O)N5CCCC5)ccn4)c3)cc21,7.448550002027124,427.21205842000006,6,1,4.448800000000004,True
CHEMBL4204030,CDK1,35.8,nM,CCN1CCN(Cc2cnc(Nc3cc(-c4cc(F)c5nc(C)n(C(C)C)c5c4)ccn3)cn2)CC1,7.446116973356125,488.2812212760001,7,1,4.797820000000004,True
CHEMBL4213770,CDK4,35.9,nM,CCN1CCN(Cc2cnc(Nc3cc(-c4cc(F)c5nc(C)n(C(C)C)c5c4)ncn3)nc2)CC1,7.444905551421681,489.2764702440001,8,1,4.192820000000003,True
CHEMBL3668387,CDK9,36.0,nM,COc1ccc(F)cc1-c1ccnc2[nH]c(C3CCN(CC4CCCOC4)C3)cc12,7.443697499232712,409.21655535599996,4,1,4.593500000000004,True
CHEMBL3642005,CDK6,36.0,nM,O[C@@H]1CCN(C2CCN(c3ccc(Nc4ncc5c6ccncc6n(C6CCCC6)c5n4)nn3)CC2)C1,7.443697499232712,499.28080667600017,9,2,3.6636000000000024,True
CHEMBL2158857,CDK1,36.0,nM,NS(=O)(=O)c1cccc(Nc2nccc(-c3ccnc(N4CCCCC4)c3)n2)c1,7.443697499232712,410.15249494400007,7,2,2.919900000000001,True
CHEMBL3644020,CDK2,36.0,nM,C[C@@H](O)[C@@H](C)Oc1nc(Nc2ccc(S(=O)(=O)c3ccccc3)cc2)ncc1C(F)(F)F,7.443697499232712,467.11266178,7,2,4.219900000000003,True
CHEMBL457887,CDK2,36.0,nM,Cc1ncc(-c2ccnc(Nc3ccc(S(=O)(=O)CCCN(C)C)cc3)n2)n1C(C)C,7.443697499232712,442.21509520000006,7,1,3.6984200000000023,True
CHEMBL507722,CDK2,36.0,nM,Cc1ncc(-c2nc(Nc3ccc(C(=O)NC4CCN(C)CC4)cc3)ncc2F)n1C(C)C,7.443697499232712,451.24958680000003,6,2,3.9361200000000034,True
CHEMBL3668380,CDK9,36.0,nM,c1ccc(SCCNc2cccc(-c3ccnc4[nH]c(C5CCNCC5)cc34)n2)cc1,7.443697499232712,429.19871686400006,5,3,5.296100000000004,True
CHEMBL255255,CDK2,36.0,nM,O=C(Cc1ccccc1)Nc1n[nH]c2ccc(N3CCCS3(=O)=O)cc12,7.443697499232712,370.109961436,4,2,2.284,True
CHEMBL550959,CDK2,36.0,nM,CNC(=O)c1nn(C)c2c1C(C)(C)Cc1cnc(Nc3ccc(CN4CCOCC4)cc3)nc1-2,7.443697499232712,461.25392323200003,7,2,2.6462000000000003,True
CHEMBL4207804,CDK6,36.0,nM,CCN1CCN(Cc2ccc(Nc3ncc(F)c(-c4cc(F)c5nc6n(c5c4)CC(C)(C)C6)n3)nc2)CC1,7.443697499232712,518.2717994640001,7,1,4.629900000000004,True
CHEMBL3673506,CDK9,36.0,nM,c1cc(CNc2cncc(-c3ccnc4[nH]c(C5CCNCC5)cc34)n2)ccn1,7.443697499232712,385.2014937360001,6,3,3.4940000000000015,True
CHEMBL2426391,CDK2,36.0,nM,COc1ccc(NC(=S)NC(=O)c2cn(-c3ccccc3)nc2-c2ccc(F)cc2)cc1,7.443697499232712,446.12127506800005,4,2,4.813800000000003,True
CHEMBL3973391,CDK9,36.0,nM,CN1Cc2c(C3=CCN(S(C)(=O)=O)CC3)[nH]c3nccc(c23)-c2cc(F)c(F)cc21,7.443697499232712,430.12750331999996,4,1,3.5066000000000015,True
CHEMBL3237448,CDK4,36.0,nM,c1cc2c3cnc(Nc4ccc(N5CCNCC5)cn4)nc3n(C3CCCC3)c2nn1,7.443697499232712,415.2232918000001,8,2,3.0378000000000007,True
CHEMBL3684989,CDK4,36.0,nM,O=C(CO)N1CCc2nc(Nc3ncc4c5ccncc5n(C5CCCC5)c4n3)ccc2C1,7.443697499232712,443.2069730400001,7,2,3.1102000000000016,True
CHEMBL2035185,CDK9,36.0,nM,C1=C/COCc2cc(ccc2OCCN2CCCC2)Nc2nccc(n2)-c2ccc(o2)COC/1,7.443697499232712,462.22670544,8,1,4.052800000000002,True
CHEMBL5893560,CDK4,36.0,nM,CC(C)N1CCOc2c(F)cc(-c3nc(Nc4ccc(S(=O)(=O)N5CCN(C)CC5)cc4)ncc3F)cc21,7.443697499232712,544.20681626,8,1,3.708700000000002,True
CHEMBL3644019,CDK1,36.0,nM,C[C@@H](Oc1nc(Nc2ccc(S(=O)(=O)C3CC3)cc2)ncc1C(F)(F)F)C(C)(C)O,7.443697499232712,445.128311844,7,2,3.7133000000000034,True
CHEMBL4753256,CDK9,36.0,nM,CC(=O)N[C@@H]1CCC[C@H](C(=O)Nc2cc(-c3cnn4c3CC(C)C4)c(Cl)cn2)C1,7.443697499232712,415.177502752,4,2,3.424100000000002,True
CHEMBL3702216,CDK4,36.0,nM,CC[C@@H](C)n1c2cnccc2c2cnc(Nc3ccc(N4CCC(N(C)C)CC4)nn3)nc21,7.443697499232712,445.27024199200014,8,1,4.0145000000000035,True
CHEMBL4749175,CDK9,36.0,nM,CC(=O)N[C@@H]1CCC[C@H](C(=O)Nc2cc(-c3cnc4n3CC(C)(C)C4)c(Cl)cn2)C1,7.443697499232712,429.193152816,4,2,3.814200000000003,True
CHEMBL6007323,CDK9,36.0,nM,N[C@@H]1CCC[C@H](C(=O)Nc2cc(-c3cnn4c3CCCC4)c(Cl)cn2)C1,7.443697499232712,373.16693806800004,4,2,3.3908000000000023,True
CHEMBL3668374,CDK9,36.0,nM,COc1ccc(F)cc1-c1ccnc2[nH]c(C3=CCN(C(=O)CO)CC3)cc12,7.443697499232712,381.14886971999994,4,2,2.9856000000000016,True
CHEMBL455450,CDK2,36.0,nM,C[C@H]1CNC[C@@H](C(=O)Nc2ncc(SCc3ncc(C(C)(C)C)o3)s2)C1,7.443697499232712,394.149718072,7,2,3.905000000000003,True
CHEMBL6001582,CDK9,36.0,nM,CN(C)CCCCNc1cc(-c2ccc3ncn(Cc4cccc(F)c4)c3c2)c(Cl)cn1,7.443697499232712,451.19390176400003,4,1,5.692800000000005,True
CHEMBL5826159,CDK9,36.0,nM,CC(=O)N[C@@H]1CCC[C@H](C(=O)Nc2cc(-c3cnn4c3CCCC4)ncn2)C1,7.443697499232712,382.21172407200004,5,2,2.3098,True
CHEMBL5759958,CDK9,36.1,nM,Cc1nc2c(F)cc(-c3nc(Nc4ccc5c(n4)CCN(C(=O)CN(C)C)C5)ncc3F)cc2n1C1CCCC1,7.442492798094342,546.2667140840001,7,1,4.779920000000004,True
CHEMBL3924439,CDK9,37.0,nM,CN1Cc2c(C3=C[C@@H]4COC(=O)N4CC3)[nH]c3nccc(c23)-c2cc(F)ccc21,7.431798275933005,390.149204068,4,1,3.926700000000003,True
CHEMBL2426387,CDK2,37.0,nM,COc1ccc(NC(=S)NC(=O)c2cn(-c3ccccc3)nc2-c2ccc(Cl)cc2)cc1,7.431798275933005,462.09172452800004,4,2,5.328100000000004,True
CHEMBL3702081,CDK4,37.0,nM,O=C(O)CC1CCN(c2ccc(Nc3ncc4c5ccnc(F)c5n(C5CCCC5)c4n3)nc2)CC1,7.431798275933005,489.22885135600006,7,2,5.063400000000004,True
CHEMBL115220,CDK2,37.0,nM,O=C(Cc1ccc2ccccc2c1)Nc1cc(C2CC2)n[nH]1,7.431798275933005,291.1371621640001,2,2,3.621500000000001,True
CHEMBL3668494,CDK9,37.0,nM,COc1ccc(F)cc1-c1ccnc2[nH]c(C3=CCN(C(=O)Nc4cnn(C)c4)CC3)cc12,7.431798275933005,446.18665219600007,4,2,4.432300000000003,True
CHEMBL3823659,CDK9,37.0,nM,CC(=O)N1CCC(n2cc(Nc3ncc(Cl)c(-c4cnc5ccccn45)n3)cn2)CC1,7.431798275933005,436.1526849720001,6,1,3.568200000000002,True
CHEMBL6152179,CDK6,37.0,nM,CCOC(=O)N1CCN(c2ccc(Nc3ncc(F)c(-c4ccc5c(c4)OC4(CCN(C(C)=O)CC4)CC5=O)n3)nc2)CC1,7.431798275933005,603.260545408,10,1,4.046100000000003,True
CHEMBL3668392,CDK9,37.0,nM,COc1ccc(F)cc1-c1ccnc2[nH]c(C3=CCN(S(C)(=O)=O)CC3)cc12,7.431798275933005,401.1209407199999,4,1,3.426300000000002,True
CHEMBL5968635,CDK4,37.0,nM,CC(C)N1CCOc2c(F)cc(-c3nc(Nc4ccc(N5CCS(=O)(=O)CC5)c(F)c4)ncc3F)cc21,7.431798275933005,533.170845352,8,1,4.146500000000003,True
CHEMBL191144,CDK2,37.0,nM,C[C@H](C(=O)Nc1cc(C2CC2)[nH]n1)c1ccc(N2CCCC2=O)cc1,7.431798275933005,338.174275944,3,2,3.1561000000000012,True
CHEMBL3663807,CDK9,37.0,nM,COc1ccc(F)cc1-c1ccnc2[nH]c(C3CNCCO3)cc12,7.431798275933005,327.13830503599996,4,2,3.038500000000001,True
CHEMBL5849665,CDK9,37.0,nM,Fc1cccc(Cn2cnc3ccc(-c4cc(NC5CC6(CCNCC6)C5)ncc4Cl)cc32)c1,7.431798275933005,475.1939017640001,4,2,5.883200000000005,True
CHEMBL5934647,CDK4,37.0,nM,CC(C)N1CCOc2c(F)cc(-c3nc(Nc4cccc5c4CCNC5)ncc3F)cc21,7.431798275933005,437.20271686000007,6,2,4.418300000000003,True
CHEMBL455468,CDK2,37.0,nM,Cc1ncc(-c2ccnc(Nc3ccc(C(=O)NC4CCN(C)CC4)cc3)n2)n1C(C)C,7.431798275933005,433.2590086120001,6,2,3.7970200000000025,True
CHEMBL411426,CDK1,37.0,nM,CC(C)c1cccc2c1/C(=N/Nc1ccc(S(N)(=O)=O)cc1)C(=O)N2,7.431798275933005,358.10996143599994,5,3,2.2257,True
CHEMBL3642013,CDK6,37.0,nM,CN(CCO)C1CCN(c2ccc(Nc3ncc4c5ccncc5n(C5CCCC5)c4n3)nc2)CC1,7.431798275933005,486.2855577080001,8,2,4.126100000000003,True
CHEMBL5894084,CDK2,37.2,nM,Cc1nc2c(F)cc(-c3nc(Nc4ccc5c(n4)CCN(C(=O)CN)C5)ncc3F)cc2n1C(C)C,7.429457060118103,492.21976389200006,7,2,3.6428200000000013,True
CHEMBL5833493,CDK2,37.2,nM,Cc1nc2c(F)cc(-c3nc(Nc4ccc5c(n4)CCN(C(=O)CC(C)(C)O)C5)ncc3F)cc2n1C(C)C,7.429457060118103,535.250729672,7,2,4.845120000000004,True
CHEMBL5811164,CDK2,37.2,nM,Cc1nc2c(F)cc(-c3nc(Nc4ccc5c(n4)CCC(C(=O)CN)C5)ncc3F)cc2n1C(C)C,7.429457060118103,491.22451492400006,7,2,4.432120000000003,True
CHEMBL5505745,CDK9,37.34,nM,CCC(=O)Nc1ccc(CNc2nc(NC3CCNCC3)nc3c(C(C)C)cnn23)cc1,7.4278256863869405,436.26990764400006,7,4,3.372200000000002,True
CHEMBL6188946,CDK6,37.4,nM,COc1cc(-c2nc3c(C(N)=O)cccc3[nH]2)ccc1Nc1ncc2cc(C(=O)N(C)C)n(C3CCCC3)c2n1,7.42712839779952,538.2440868200001,7,3,4.642600000000003,True
CHEMBL4786023,CDK9,37.8,nM,CCNc1cccc(-c2ccnc(Nc3ccc4c(c3)N(C(C)C)[C@H](C)C(=O)N4C)n2)c1,7.422508200162775,430.24810958,6,2,4.898700000000003,True
CHEMBL1964251,CDK1,38.0,nM,O=C1Nc2ccc3ncsc3c2/C1=C/Nc1ccc(S(=O)(=O)NCCc2c[nH]cn2)cc1,7.42021640338319,466.088180436,7,4,2.945500000000001,True
CHEMBL2012397,CDK1,38.0,nM,Cn1cc(Nc2ncc3cnn(C4C5CC6CC(C5)CC4C6)c3n2)cc1C(N)=O,7.42021640338319,391.21205842,5,2,3.0045,True
CHEMBL72510,CDK2,38.0,nM,Cc1nc2ccccn2c1-c1ccnc(Nc2ccc(S(N)(=O)=O)cc2)n1,7.42021640338319,380.105544752,6,2,2.4907199999999996,True
CHEMBL3702164,CDK6,38.0,nM,COc1cc(-c2ccc(Nc3ncc4c5ccncc5n(C5CCCC5)c4n3)nn2)ccn1,7.42021640338319,438.1916573240001,8,1,4.698800000000003,True
CHEMBL3691569,CDK4,38.0,nM,CN(C)C(=O)c1cc2cnc(Nc3ccc(C(=O)N4CC5CCC4C5O)cn3)nc2n1C1CCCC1,7.42021640338319,489.24883785200007,7,2,2.9821000000000017,True
CHEMBL5962211,CDK9,38.0,nM,C[C@H](O)C(=O)N[C@@H]1CCC[C@H](C(=O)Nc2cc(-c3cnn4c3CCCC4)c(Cl)cn2)C1,7.42021640338319,445.18806743600004,5,3,2.929100000000001,True
CHEMBL6134533,CDK6,38.0,nM,CC(=O)N1CCC2(CC1)CC(=O)c1ccc(-c3nc(Nc4ccc(N5CCC(N6CCN(C)CC6)CC5)cn4)ncc3F)cc1O2,7.42021640338319,628.3285653920001,10,1,3.983800000000003,True
CHEMBL3965720,CDK9,38.0,nM,COc1ccc(F)cc1-c1ccnc2[nH]c(C3=CC4CCC(C3)N4S(C)(=O)=O)cc12,7.42021640338319,427.1365907839999,4,1,3.9573000000000027,True
CHEMBL3946855,CDK9,38.0,nM,CN1Cc2c(C3=CCN(S(C)(=O)=O)CC3)[nH]c3ncc(F)c(c23)-c2cc(F)ccc21,7.42021640338319,430.12750331999996,4,1,3.5066000000000015,True
CHEMBL3900836,CDK9,38.0,nM,CN(CC(O)CO)C(=O)CN1CC=C(c2[nH]c3nccc4c3c2CN(C)c2ccc(F)cc2-4)CC1,7.42021640338319,479.23326804,6,3,2.219500000000001,True
CHEMBL296468,CDK2,38.0,nM,CC(C)(C)c1cnc(CSc2cnc(NC(=O)C3CCNCC3)s2)o1,7.42021640338319,380.13406800799993,7,2,3.6590000000000016,True
CHEMBL5756301,CDK9,38.0,nM,Cn1cnc2ccc(-c3cc(NC(=O)[C@@H]4CCCNC4)ncc3Cl)cc21,7.42021640338319,369.13563794,4,2,3.226800000000001,True
CHEMBL6120798,CDK6,38.0,nM,CC(=O)N1CCC2(CC1)CC(=O)c1ccc(-c3nc(Nc4ccc(N5CCN(C(C)C)CC5)cn4)ncc3F)cc1O2,7.42021640338319,573.2863662320001,9,1,4.298000000000004,True
CHEMBL5186025,CDK2,38.0,nM,O=C1Nc2ccc(Br)cc2/C1=N/NC(=O)c1cc2cc(Br)ccc2o1,7.42021640338319,460.90106534800003,4,2,4.044000000000002,True
CHEMBL507167,CDK2,38.0,nM,N[C@H]1CC[C@H](NC(=O)c2n[nH]cc2NC(=O)c2c(F)cccc2F)CC1,7.42021640338319,363.15068128800004,4,4,1.9398999999999993,True
CHEMBL3668384,CDK9,38.0,nM,COc1ccc(F)cc1-c1ccnc2[nH]c(C3CCN(Cc4ccccn4)C3)cc12,7.42021640338319,402.18558957600004,4,1,4.762100000000003,True
CHEMBL3668502,CDK9,38.0,nM,COc1ccc(F)cc1-c1ccnc2[nH]c(C3CCN(CC(=O)N(C)C)CC3)cc12,7.42021640338319,410.211804324,4,1,3.6452000000000027,True
CHEMBL521871,CDK4,38.0,nM,CN(C)CC(O)COc1ccc(Nc2nccc(-c3cnn4nc(N5CCOCC5)ccc34)n2)cc1,7.42021640338319,490.24408682000006,10,2,2.0677999999999988,True
CHEMBL3698660,CDK6,38.0,nM,c1ccc2c(c1)CCC2n1c2cnccc2c2cnc(Nc3ccc(N4CCNCC4)cn3)nc21,7.42021640338319,462.2280428320001,7,2,4.063300000000002,True
CHEMBL5935222,CDK2,38.2,nM,COC(=O)CN1CCc2nc(Nc3ncc(F)c(-c4cc(F)c5nc(C)n(C(C)C)c5c4)n3)ccc2C1,7.4179366370882915,507.2194295440001,8,1,4.3305200000000035,True
CHEMBL5953872,CDK2,38.2,nM,COC(=O)N1CCc2nc(Nc3ncc(F)c(-c4cc(F)c5nc(C)n(C(C)C)c5c4)n3)ccc2C1,7.4179366370882915,493.2037794800001,7,1,4.923920000000003,True
CHEMBL6150020,CDK9,38.4,nM,Clc1cnc2[nH]c(C3CCNCC3)nc2c1-c1cnn(CC2CC2)c1,7.415668775632469,356.15162235200006,4,2,3.3518000000000017,True
CHEMBL5818945,CDK9,39.0,nM,CC(=O)N[C@H]1CCC[C@@H](C(=O)Nc2cc(-c3cnn4c3CCCC4)c(Cl)cn2)C1,7.4089353929735005,415.177502752,4,2,3.568200000000002,True
CHEMBL3668354,CDK9,39.0,nM,Clc1cnc2[nH]c(C3CCCNC3)cc2c1-c1cccc(NCc2ccccc2)n1,7.4089353929735005,417.172023448,4,3,5.357400000000004,True
CHEMBL5181511,CDK9,39.0,nM,CC(=O)N1CCC(c2cc3c(-c4ccc(=O)n(C(C)C)c4)ccnc3[nH]2)CC1,7.4089353929735005,378.20557607200004,3,1,3.698400000000002,True
CHEMBL2426391,CDK4,39.0,nM,COc1ccc(NC(=S)NC(=O)c2cn(-c3ccccc3)nc2-c2ccc(F)cc2)cc1,7.4089353929735005,446.12127506800005,4,2,4.813800000000003,True
CHEMBL6017601,CDK9,39.0,nM,CC(=O)N[C@@H]1CCC[C@H](C(=O)Nc2cc(-c3nnn4c3CCCC4)c(Cl)cn2)C1,7.4089353929735005,416.17275172000006,5,2,2.9632000000000005,True
CHEMBL3668409,CDK9,39.0,nM,COc1cc(C#N)ccc1-c1ccnc2[nH]c(C3CCCNC3)cc12,7.4089353929735005,332.16371126,4,2,3.577180000000001,True
CHEMBL6001205,CDK9,39.0,nM,CC(=O)N[C@@H]1CCC[C@H](C(=O)Nc2cc(-c3cnn4c3CCCCC4)c(F)cn2)C1,7.4089353929735005,413.222703356,4,2,3.4440000000000017,True
CHEMBL4215126,CDK4,39.0,nM,CCN1CCN(Cc2ccc(Nc3ncc(F)c(-c4cc(F)c5nc6n(c5c4)C(C)CC6)n3)nc2C)CC1,7.4089353929735005,518.2717994640001,7,1,4.863220000000004,True
CHEMBL3668513,CDK9,39.0,nM,CNC(=O)CN1CCC(c2cc3c(-c4cc(F)ccc4OC)ccnc3[nH]2)CC1,7.4089353929735005,396.19615426000007,4,2,3.303000000000001,True
CHEMBL3691611,CDK4,39.0,nM,CN(C)C(=O)c1cc2cnc(Nc3ccc(C(=O)N4CC5COCC(C4)N5)cn3)nc2n1C1CCCC1,7.4089353929735005,504.25973688400006,8,2,2.1995999999999993,True
CHEMBL249502,CDK1,39.0,nM,CC(C)NC(=O)c1cccc2[nH]c(-c3n[nH]c4ncc(-c5cncc6ccccc56)cc34)nc12,7.4089353929735005,447.18075829200006,5,3,4.854600000000003,True
CHEMBL5783662,CDK9,39.0,nM,COC1CCn2ncc(-c3cc(NC(=O)[C@@H]4CCC[C@@H](NC(C)=O)C4)ncc3Cl)c2C1,7.4089353929735005,445.188067436,5,2,3.193100000000001,True
CHEMBL3668493,CDK9,39.0,nM,COc1ccc(F)cc1-c1ccnc2[nH]c(C3=CCN(CC(=O)N(C)C)CC3)cc12,7.4089353929735005,408.19615426,4,1,3.5549000000000026,True
CHEMBL5810097,CDK9,39.0,nM,O=C(Nc1cc(-c2cnn3c2CCCC3)c(Cl)cn1)[C@H]1CCC[C@@H](NC(=O)[C@H]2CCCO2)C1,7.4089353929735005,471.2037175,5,2,3.7273000000000023,True
CHEMBL3545110,CDK6,39.0,nM,CN(C)C(=O)c1cc2cnc(Nc3ccc(N4CCNCC4)cn3)nc2n1C1CCCC1,7.4089353929735005,434.25425758000006,7,2,2.7964,True
CHEMBL5942755,CDK9,39.0,nM,N[C@H]1CC[C@H](CNc2cc(-c3ccc4ncn(Cc5cccc(F)c5)c4c3)c(Cl)cn2)CC1,7.4089353929735005,463.19390176400003,4,2,5.8685000000000045,True
CHEMBL3702206,CDK6,39.0,nM,CC1CN(c2ccc(Nc3ncc4c5ccccc5n(C5CCCC5)c4n3)nn2)CC(C)N1,7.4089353929735005,442.2593429600001,7,2,4.419800000000002,True
CHEMBL6002023,CDK6,39.0,nM,CC(C)N1CCOc2c(F)cc(-c3nc(Nc4cc(C5CCN(C)CC5)no4)ncc3F)cc21,7.4089353929735005,470.22418057600004,8,1,4.569800000000003,True
CHEMBL3668396,CDK9,39.0,nM,COc1ccc(F)cc1-c1ccnc2[nH]c(C3CCN(CCN)C3)cc12,7.4089353929735005,354.18558957600004,4,2,3.1256000000000004,True
CHEMBL5916704,CDK9,39.0,nM,NS(=O)(=O)CCn1cnc2ccc(-c3cc(NC(=O)[C@@H]4CCCNC4)ncc3Cl)cc21,7.4089353929735005,462.12408727600007,6,3,1.9783000000000002,True
CHEMBL5923502,CDK9,39.0,nM,CC(C)(O)CNc1cc(-c2ccc3ncn(Cc4cccc(F)c4)c3c2)c(Cl)cn1,7.4089353929735005,424.146617224,4,2,5.121900000000004,True
CHEMBL176559,CDK1,39.0,nM,CCn1cnc2c(Nc3cccc(Cl)c3)nc(N3CCCCC3CO)nc21,7.4089353929735005,386.16218703600003,6,2,3.5944000000000025,True
CHEMBL5079648,CDK6,39.0,nM,CCN(CC)c1cnc2ccc(-c3nc(Nc4ccc(N5CCNCC5)cn4)ncc3F)cc2n1,7.4089353929735005,473.2451701160001,9,2,3.620300000000002,True
CHEMBL367691,CDK1,39.0,nM,CCn1cnc2c(Nc3cccc(Cl)c3)nc(N[C@H]3CC[C@H](N)CC3)nc21,7.4089353929735005,385.17817144800006,6,3,3.9250000000000016,True
CHEMBL173459,CDK1,39.0,nM,CCn1cnc2c(Nc3cccc(Cl)c3)nc(N[C@H]3CC[C@@H](N)CC3)nc21,7.4089353929735005,385.17817144800006,6,3,3.9250000000000016,True
CHEMBL1964260,CDK1,39.0,nM,CS(=O)(=O)c1ccc(N/C=C2\C(=O)Nc3ccc4ncsc4c32)cc1,7.4089353929735005,371.0398332760001,6,2,3.1049000000000007,True
CHEMBL3691551,CDK4,39.0,nM,CC(=O)N1C2CCC1CN(C(=O)c1ccc(Nc3ncc4cc(C(=O)N(C)C)n(C5CCCCCC5)c4n3)nc1)C2,7.4089353929735005,558.3066870760001,7,1,4.002300000000003,True
CHEMBL5590934,CDK9,39.12,nM,CC(C)S(=O)(=O)c1ccccc1Nc1nc(N[C@H]2CC[C@H](N)CC2)ncc1Cl,7.407601153884436,423.14957375200004,7,3,3.7375000000000016,True
CHEMBL1092754,CDK1,39.2,nM,Cn1cc(/C=C2\Oc3cccc(O)c3C2=O)c2c(-c3ccc(C(=O)NCCO)cc3)ccnc21,7.406713932979542,455.148120772,6,3,3.284200000000002,True
CHEMBL4760844,CDK9,39.2,nM,CC(C)N1c2cc(Nc3nccc(-c4ccccc4N)n3)ccc2N(C)C(=O)[C@H]1C,7.406713932979542,402.216809452,6,2,4.049100000000002,True
CHEMBL5979966,CDK2,39.6,nM,Cc1nc2c(F)cc(-c3nc(Nc4ccc5c(n4)CCN(CCN4CCN(C)CC4)C5)ncc3F)cc2n1C(C)(C)C,7.402304814074488,575.3296486880001,8,1,4.579020000000003,True
CHEMBL300767,CDK2,40.0,nM,COc1ccc2c(c1)/C(=C/c1[nH]cc3c1CCOC3=O)C(=O)N2,7.397940008672037,310.095356928,4,2,2.2288999999999994,True
CHEMBL3673510,CDK9,40.0,nM,O=C(CO)N1CCC(c2cc3c(-c4cncc(NCc5ccccc5)n4)ccnc3[nH]2)CC1,7.397940008672037,442.21172407200004,6,3,3.330300000000001,True
CHEMBL3949793,CDK9,40.0,nM,COc1ccc(F)cc1-c1ccnc2[nH]c(C3CCN(CCN4CCOCC4)CC3)cc12,7.397940008672037,438.243104452,5,1,3.8892000000000033,True
CHEMBL428690,CDK2,40.0,nM,CN1CC[C@H](c2c(O)cc(O)c3c(=O)cc(-c4ccccc4Cl)oc23)[C@H](O)C1,7.397940008672037,401.10300041999994,6,3,3.3046000000000015,True
CHEMBL254979,CDK1,40.0,nM,O=C(Cc1ccc2ccccc2c1)Nc1n[nH]c2ccc(N3CCCS3(=O)=O)cc12,7.397940008672037,420.1256115,4,2,3.4372000000000016,True
CHEMBL256558,CDK1,40.0,nM,Cc1ccc(CC(=O)Nc2n[nH]c3ccc(N4CCCS4(=O)=O)cc23)cc1,7.397940008672037,384.12561149999993,4,2,2.5924200000000006,True
CHEMBL258039,CDK2,40.0,nM,CCN(CC)c1ccc(CC(=O)Nc2n[nH]c3ccc(N4CCCS4(=O)=O)cc23)cc1,7.397940008672037,441.183460724,5,2,3.130200000000001,True
CHEMBL5414905,CDK2,40.0,nM,CCc1cnn2c(NCc3nc4ccc(F)c(F)c4[nH]3)cc(N3CCCC[C@H]3CCO)nc12,7.397940008672037,455.22451492400006,6,3,3.799600000000003,True
CHEMBL524059,CDK2,40.0,nM,O=C(O)c1ccc(Nc2nccc(-c3cnn4ncccc34)n2)cc1,7.397940008672037,332.10217362400005,6,2,2.6281000000000008,True
CHEMBL6022752,CDK9,40.0,nM,O=C(Cn1ccc2ncc(-c3cc(NC(=O)[C@@H]4CCCNC4)ncc3Cl)cc21)C1CCOCC1,7.397940008672037,481.188067436,6,2,3.685500000000003,True
CHEMBL415789,CDK1,40.0,nM,CSc1ccc(CC(=O)Nc2n[nH]c3ccc(N4CCCS4(=O)=O)cc23)cc1,7.397940008672037,416.0976824999999,5,2,3.0059000000000013,True
CHEMBL4784117,CDK9,40.0,nM,CC(=O)N[C@@H]1CC[C@H](C(=O)Nc2cc(-c3cnn4c3CC(C)(C)C4)c(Cl)cn2)C1,7.397940008672037,415.177502752,4,2,3.424100000000002,True
CHEMBL5845618,CDK1,40.0,nM,C[C@@H]1NC(=O)C2(CCCCC2)n2c1cc1cnc(Nc3ccc(S(N)(=O)=O)cc3)nc12,7.397940008672037,440.16305962800004,6,3,2.6725000000000003,True
CHEMBL4584344,CDK1,40.0,nM,COCCNS(=O)(=O)c1ccc(Nc2ncc(-c3cnc4cccnn34)cn2)cc1,7.397940008672037,425.12700846800016,8,2,1.8545999999999994,True
CHEMBL3702198,CDK4,40.0,nM,CN1CCN(c2ccc(Nc3ncc4c5ccccc5n(C5CCCC5)c4n3)nc2)CC1,7.397940008672037,427.2484439280001,6,1,4.590000000000003,True
CHEMBL174977,CDK1,40.0,nM,CCn1cnc2c(Nc3ccc(F)cc3)nc(N[C@H]3CC[C@H](O)CC3)nc21,7.397940008672037,370.191737576,6,3,3.444300000000001,True
CHEMBL3702188,CDK6,40.0,nM,CN(C)[C@H]1CCN(c2ccc(Nc3ncc4c5ccncc5n(C5CCCC5)c4n3)nc2)C1,7.397940008672037,442.25934296,7,1,4.3735000000000035,True
CHEMBL3702189,CDK6,40.0,nM,CN(C)[C@@H]1CCN(c2ccc(Nc3ncc4c5ccncc5n(C5CCCC5)c4n3)nc2)C1,7.397940008672037,442.25934296,7,1,4.3735000000000035,True
CHEMBL4753076,CDK9,40.0,nM,CC(=O)N[C@@H]1CCC[C@H](C(=O)Nc2cc(-c3cnn4c3CC(C)(C)C4)c(C)cn2)C1,7.397940008672037,409.24777523200004,4,2,3.4692200000000017,True
CHEMBL3702172,CDK4,40.0,nM,O=S1(=O)CCC(c2ccc(Nc3ncc4c5ccncc5n(C5CCCC5)c4n3)nc2)CC1,7.397940008672037,462.18379507200007,7,1,4.525400000000003,True
CHEMBL3931677,CDK9,40.0,nM,CN(C)C(=O)CN1CC=C(c2[nH]c3nccc4c3c2CN(C)c2cc(F)c(F)cc2-4)CC1,7.397940008672037,437.20271686,4,1,3.635200000000003,True
CHEMBL3938400,CDK9,40.0,nM,CN1Cc2c(C3=CCN(CC(=O)N(C)C4CC(O)C4)CC3)[nH]c3nccc(c23)-c2cc(F)ccc21,7.397940008672037,475.23835342,5,2,3.3896000000000015,True
CHEMBL3929697,CDK9,40.0,nM,CN1Cc2c(C3=CCN(S(C)(=O)=O)CC3)[nH]c3ncc(F)c(c23)-c2ccccc21,7.397940008672037,412.136925132,4,1,3.3675000000000015,True
CHEMBL3655772,CDK2,40.0,nM,CC[C@H](Nc1nc(NCc2ccc(C(F)(F)F)nc2)c2ncn(C(C)C)c2n1)[C@@H](C)O,7.397940008672037,437.21509311200003,7,3,4.004400000000003,True
CHEMBL482193,CDK2,40.0,nM,CC[C@H](CO)Nc1nc(NCc2ccccc2)n2ncc(C(C)C)c2n1,7.397940008672037,354.216809452,6,3,3.042600000000001,True
CHEMBL3702156,CDK6,40.0,nM,C1=CCN(c2ccc(Nc3ncc4c5ccncc5n(C5CCCC5)c4n3)nn2)CC1,7.397940008672037,412.21239276800003,7,1,4.3945000000000025,True
CHEMBL3655768,CDK2,40.0,nM,CC[C@H](Nc1nc(NCC2CC2)c2ncn(C(C)C)c2n1)[C@@H](C)O,7.397940008672037,332.23245951599995,6,3,2.800400000000001,True
CHEMBL2012406,CDK1,40.0,nM,C[C@@H]1CCCN1C(=O)c1cc(Nc2ncc3cnn([C@@H]4C[C@H]5C[C@H]5C4)c3n2)cn1C,7.397940008672037,405.22770848400006,5,1,3.5039000000000025,True
CHEMBL3641933,CDK4,40.0,nM,C[C@H](CO)n1c2cnccc2c2cnc(Nc3ccc(N4CCNCC4)cn3)nc21,7.397940008672037,404.20730738800006,8,3,2.0809999999999995,True
CHEMBL3655770,CDK2,40.0,nM,CC[C@H](Nc1nc(NCc2ccncc2)c2ncn(C(C)C)c2n1)[C@@H](C)O,7.397940008672037,369.227708484,7,3,2.985600000000002,True
CHEMBL359963,CDK2,40.0,nM,CC(C)c1ccc(Nc2nccc(-c3cnn4ncccc34)n2)cc1,7.397940008672037,330.159294576,5,1,4.053300000000002,True
CHEMBL1207227,CDK1,40.0,nM,O=C1C(c2c(O)[nH]c3ccc(S(=O)(=O)O)cc23)=Nc2ccccc21,7.397940008672037,342.03104242,5,3,2.4373000000000005,True
CHEMBL2426387,CDK4,40.0,nM,COc1ccc(NC(=S)NC(=O)c2cn(-c3ccccc3)nc2-c2ccc(Cl)cc2)cc1,7.397940008672037,462.09172452800004,4,2,5.328100000000004,True
CHEMBL2426383,CDK4,40.0,nM,COc1ccc(NC(=S)NC(=O)c2cn(-c3ccccc3)nc2-c2ccc(C)cc2)cc1,7.397940008672037,442.146346944,4,2,4.983120000000003,True
CHEMBL495751,CDK2,40.0,nM,CCN(CC)CCNC(=O)c1cccc(Nc2nccc(-c3cnn4ncccc34)n2)c1,7.397940008672037,430.2229574520001,7,2,3.001500000000001,True
CHEMBL5800551,CDK9,40.0,nM,NC(=O)[C@@H]1CCCN(c2cc(Cc3cncc(F)c3)c(Cl)cn2)C1,7.397940008672037,348.115317096,4,1,2.5616000000000003,True
CHEMBL5976927,CDK2,40.6,nM,Cc1nc2c(F)cc(-c3nc(Nc4ccc5c(n4)CCN(C(=O)C4CC(N)C4)C5)ncc3F)cc2n1C(C)C,7.391473966422806,532.2510640200001,7,2,4.421420000000003,True
CHEMBL5838602,CDK9,41.0,nM,Cn1nnc2ccc(Cn3ccc4ncc(-c5cc(NC(=O)[C@@H]6CCCNC6)ncc5Cl)cc43)cc21,7.387216143280264,500.18398510000003,6,2,4.019800000000003,True
CHEMBL3642037,CDK6,41.0,nM,CN(C)[C@@H]1CN(c2ccc(Nc3ncc4c5ccncc5n(C5CCCC5)c4n3)nn2)CC[C@H]1O,7.387216143280264,473.26515661200006,9,2,3.1294000000000017,True
CHEMBL368351,CDK1,41.0,nM,CCn1cnc2c(Nc3cccc(Cl)c3)nc(N3CCC[C@@H]3CN)nc21,7.387216143280264,371.16252138400006,6,2,3.170700000000001,True
CHEMBL5092362,CDK9,41.0,nM,Nc1cc(-c2ccc3occc3c2)cc(N)n1,7.387216143280264,225.090211972,4,2,2.6591999999999993,True
CHEMBL3644020,CDK1,41.0,nM,C[C@@H](O)[C@@H](C)Oc1nc(Nc2ccc(S(=O)(=O)c3ccccc3)cc2)ncc1C(F)(F)F,7.387216143280264,467.11266178,7,2,4.219900000000003,True
CHEMBL3648101,CDK2,41.0,nM,CC(O)CSc1nc(Nc2ccc(S(C)(=N)=O)cc2)ncc1Br,7.387216143280264,415.99762988400005,7,3,3.4910700000000014,True
CHEMBL1964246,CDK1,41.0,nM,O=C1Nc2ccc3ncsc3c2/C1=C/Nc1ccc(S(=O)(=O)NCCO)cc1,7.387216143280264,416.06129699199994,7,4,1.9720000000000002,True
CHEMBL1964244,CDK1,41.0,nM,O=C1Nc2ccc3ncsc3c2/C1=C/Nc1ccc(S(=O)(=O)Nc2ccccc2)cc1,7.387216143280264,448.06638237199996,6,3,4.502200000000002,True
CHEMBL2012407,CDK1,41.0,nM,Cn1cc(Nc2ncc3cnn([C@@H]4C[C@H]5C[C@H]5C4)c3n2)cc1C(=O)N1CCCC1,7.387216143280264,391.21205842,5,1,3.115400000000002,True
CHEMBL5842072,CDK9,41.0,nM,CC1(C)Cc2ncc(-c3cc(NC(=O)[C@H]4C[C@@H](O)C4)ncc3Cl)n2C1,7.387216143280264,360.135303592,4,2,2.890200000000001,True
CHEMBL6017486,CDK6,41.0,nM,CC(C)N1CCOc2c(F)cc(-c3nc(Nc4ccc(S(=O)(=O)NC5CCNCC5)cc4)ncc3F)cc21,7.387216143280264,544.20681626,8,3,3.802900000000002,True
CHEMBL248890,CDK1,41.0,nM,OCc1cccc2[nH]c(-c3n[nH]c4ncc(-c5cncc6ccccc56)cc34)nc12,7.387216143280264,392.138559132,5,3,4.208700000000002,True
CHEMBL2426384,CDK2,41.0,nM,Cc1ccc(-c2nn(-c3ccccc3)cc2C(=O)NC(=S)Nc2ccc(F)cc2)cc1,7.387216143280264,430.126360448,3,2,5.113620000000003,True
CHEMBL4553241,CDK1,41.0,nM,CC(C)c1cnn2c(NCc3ccccc3)cc(NC[C@]3(CO)CCNC3)nc12,7.387216143280264,394.24810958,6,4,2.848700000000001,True
CHEMBL3691648,CDK4,41.0,nM,CN(C)C(=O)c1cc2cnc(Nc3ccc(N4CC5CC4CN5)cn3)nc2n1C1CCCC1,7.387216143280264,446.2542575800001,7,2,2.9373000000000005,True
CHEMBL3982622,CDK9,41.0,nM,CNC(=O)N1CC2C=C(c3[nH]c4nccc5c4c3CN(C)c3ccc(F)cc3-5)CC2C1,7.387216143280264,417.196488608,3,2,3.993300000000003,True
CHEMBL1081451,CDK2,41.0,nM,N[C@H](CNc1nnc(-c2ccc3[nH]ncc3c2)s1)Cc1ccc(Cl)cc1,7.387216143280264,384.092393224,6,3,3.7167000000000012,True
CHEMBL3702055,CDK4,41.0,nM,Cc1nccc2c3cnc(Nc4ccc(N5CCC(N(C)C)CC5)cn4)nc3n(C3CCCC3)c12,7.387216143280264,470.290643088,7,1,5.072020000000005,True
CHEMBL3673534,CDK9,41.0,nM,CN1CCC(c2cc3c(-c4cncc(NCc5cccnc5)n4)ccnc3[nH]2)CC1,7.387216143280264,399.2171438000001,6,2,3.8362000000000025,True
CHEMBL271160,CDK1,41.0,nM,CC(C)Oc1cccc2c1/C(=N/Nc1ccc(S(N)(=O)=O)cc1)C(=O)N2,7.387216143280264,374.10487605599997,6,3,1.8894999999999997,True
CHEMBL5761374,CDK6,41.0,nM,OC1CCN(c2ccc(Nc3ncc(F)c(-c4cc(F)c5c(c4)N(C4CCC4)CCO5)n3)nc2)CC1,7.387216143280264,494.22418057600004,8,2,4.272800000000003,True
CHEMBL3928730,CDK9,41.0,nM,CN1Cc2c(C3=C[C@@H](CO)NCC3)[nH]c3nccc(c23)-c2cc(F)ccc21,7.387216143280264,364.16993951200004,4,3,3.056400000000001,True
CHEMBL3905946,CDK9,41.0,nM,CN1Cc2c(C3=C[C@H]4COC(=O)N4CC3)[nH]c3nccc(c23)-c2cc(F)ccc21,7.387216143280264,390.149204068,4,1,3.926700000000003,True
CHEMBL4213219,CDK1,41.1,nM,Cc1nc2c(F)cc(-c3nc(Nc4ccc5c(n4)CCN(C(=O)CO)C5)ncc3F)cc2n1C(C)C,7.386158178123931,493.20377948000004,7,2,3.676420000000002,True
CHEMBL5532236,CDK2,41.18,nM,CCC(=O)Nc1ccc(CNc2nc(O[C@@H]3CCCNC3)nc3c(C(C)C)cnn23)cc1,7.385313657717988,437.2539232320001,7,3,3.339100000000002,True
CHEMBL6162110,CDK6,42.0,nM,CN1CCN(c2ccc(Nc3ncc(F)c(-c4ccc5c(c4)OC4(CCN(C(=O)C(F)(F)F)CC4)CC5=O)n3)nc2)CC1,7.376750709602099,599.2268006679999,9,1,4.061800000000003,True
CHEMBL3923934,CDK9,42.0,nM,CN1Cc2c(C3=CCN(C4CC(CC(=O)O)C4)CC3)[nH]c3nccc(c23)-c2cc(F)ccc21,7.376750709602099,446.211804324,4,2,4.661200000000004,True
CHEMBL141247,CDK4,42.0,nM,O=C(Nc1ccccn1)Nc1cccc2c1[C@H]1CCCN1C2=O,7.376750709602099,308.127325752,3,2,3.016300000000001,True
CHEMBL6023090,CDK9,42.0,nM,Fc1cccc(Cn2cnc3ccc(-c4cc(NCCNc5cccnc5)ncc4Cl)cc32)c1,7.376750709602099,472.15785060400003,5,2,5.858100000000003,True
CHEMBL5866865,CDK9,42.0,nM,O=C(Nc1cc(-c2cnc3ncn(Cc4cccc(F)c4)c3n2)c(Cl)cn1)[C@@H]1CCCNC1,7.376750709602099,465.1480141920001,6,2,3.667200000000001,True
CHEMBL488256,CDK2,42.0,nM,CNC(=O)c1ccc(Nc2nccc(-c3cnc(C)n3CC3CC3)n2)cc1,7.376750709602099,362.185509324,5,2,3.1617200000000016,True
CHEMBL3641991,CDK4,42.0,nM,O[C@@H]1CCN(c2ccc(Nc3ncc4c5ccncc5n(C5CCC5)c4n3)nc2)C1,7.376750709602099,401.19640835600006,7,2,3.414100000000002,True
CHEMBL2112297,CDK1,42.0,nM,O=C1Nc2ccc3ncsc3c2/C1=C/Nc1ccc(S(=O)(=O)N[n+]2ccc3ccccc3c2)cc1,7.376750709602099,500.08455785609,6,3,4.074500000000002,True
CHEMBL3642651,CDK2,42.0,nM,CC(C)c1cc(NCc2ccncc2)n2ncc(Br)c2n1,7.376750709602099,345.05890761200004,4,1,3.622300000000002,True
CHEMBL1800455,CDK2,42.0,nM,Nc1nc(-c2cc(N3C[C@H](O)[C@@H](O)C3)ccc2O)cc(C2CCCC2)n1,7.376750709602099,356.184840628,7,4,1.6307999999999998,True
CHEMBL3663806,CDK9,42.0,nM,COc1cc(F)ccc1-c1ccnc2[nH]c(C3CNCCO3)cc12,7.376750709602099,327.13830503599996,4,2,3.038500000000001,True
CHEMBL402759,CDK1,42.0,nM,O=C(Cc1ccc(-c2ccccc2)cc1)Nc1n[nH]c2ccc(N3CCCS3(=O)=O)cc12,7.376750709602099,446.141261564,4,2,3.9510000000000023,True
CHEMBL3648088,CDK2,42.0,nM,CCOC(=O)N=S(=O)(CC)c1ccc(Nc2ncc(Br)c(N[C@H](C)C(C)(C)O)n2)cc1,7.376750709602099,513.1045374760001,8,3,4.557300000000004,True
CHEMBL3702225,CDK6,42.0,nM,CC[C@@H](C)n1c2cnccc2c2cnc(Nc3ccc(N4CCC(NC)CC4)cn3)nc21,7.376750709602099,430.2593429600001,7,2,4.277300000000003,True
CHEMBL3937675,CDK9,42.0,nM,CN1Cc2c(C3=CCN(CC(=O)O)CC3)[nH]c3nccc(c23)-c2cc(F)c(F)cc21,7.376750709602099,410.15543232,4,2,3.6316000000000015,True
CHEMBL3668559,CDK9,42.0,nM,COc1ccc(F)cc1-c1c(F)cnc2[nH]c(C3=CCN(CC(=O)N4CC(O)C4)CC3)cc12,7.376750709602099,454.18164706799996,5,2,2.8089000000000004,True
CHEMBL3691619,CDK4,42.0,nM,CN(C)C(=O)c1cc2cnc(Nc3ccc(N4CC5CCC(N5)C4=O)cn3)nc2n1C1CCCCCC1,7.376750709602099,502.2804723280001,7,2,3.6342000000000017,True
CHEMBL5805868,CDK1,42.0,nM,CC1C(=O)Nc2cc3cnc(Nc4ccc(S(=O)(=O)N5CCN(C)CC5)cc4)nc3n2C12CCCCC2,7.376750709602099,523.236558916,7,2,3.358600000000002,True
CHEMBL2426386,CDK2,42.0,nM,Cc1ccc(NC(=S)NC(=O)c2cn(-c3ccccc3)nc2-c2ccc(Cl)cc2)cc1,7.376750709602099,446.096809908,3,2,5.627920000000004,True
CHEMBL2426399,CDK4,42.0,nM,COc1ccc(NC(=S)NC(=O)c2cn(-c3ccccc3)nc2-c2ccccc2)cc1,7.376750709602099,428.13069688,4,2,4.674700000000003,True
CHEMBL2426387,CDK6,42.0,nM,COc1ccc(NC(=S)NC(=O)c2cn(-c3ccccc3)nc2-c2ccc(Cl)cc2)cc1,7.376750709602099,462.09172452800004,4,2,5.328100000000004,True
CHEMBL5921367,CDK9,42.0,nM,Clc1cnc(NC2CC3(CCNCC3)C2)cc1-c1ccc2ncn(CC3CCOCC3)c2c1,7.376750709602099,465.229538324,5,2,5.122400000000004,True
CHEMBL1800450,CDK2,42.0,nM,Cc1cc(-c2cc(N3C[C@H](O)[C@@H](O)C3)ccc2O)nc(N)n1,7.376750709602099,302.137890436,7,4,0.2816199999999998,True
CHEMBL5933703,CDK9,42.3,nM,CNCCN1CCc2nc(Nc3ncc(F)c(-c4cc(F)c5nc(C)n(C6(C)CC6)c5c4)n3)ccc2C1,7.373659632624958,504.2561494,7,2,4.305020000000003,True
CHEMBL5836990,CDK4,42.3,nM,Cc1nc2c(F)cc(-c3nc(Nc4ccc5c(n4)CCNC5)ncc3F)cc2n1C(C)C,7.373659632624958,435.1983001760001,6,2,4.445120000000003,True
CHEMBL5848732,CDK4,42.3,nM,Cc1nc2c(F)cc(-c3nc(Nc4ncc5c(n4)CCNC5)ncc3F)cc2n1C(C)C,7.373659632624958,436.19354914400003,7,2,3.8401200000000015,True
CHEMBL3691631,CDK4,42.5,nM,CN(C)C(=O)c1cc2cnc(Nc3ccc(N4CC5(CC6CCC(C5)N6)OC4=O)cn3)nc2n1C1CCCCC1,7.371611069949688,544.2910370120001,8,2,4.386700000000004,True
CHEMBL5816005,CDK2,42.8,nM,Cc1nc2c(F)cc(-c3nc(Nc4ccc5c(n4)CCN(CCN4CCOCC4)C5)ncc3F)cc2n1C(C)(C)C,7.368556230986828,562.2980142120001,8,1,4.663820000000004,True
CHEMBL3959305,CDK9,43.0,nM,CN(CCO)C(=O)CN1CC2C=C(c3[nH]c4nccc5c4c3CN(C)c3ccc(F)cc3-5)CC2C1,7.366531544420413,475.23835342,5,2,3.1046000000000014,True
CHEMBL3668391,CDK9,43.0,nM,COc1ccc(F)cc1-c1ccnc2[nH]c(C3CCN(CCN4CCOCC4)C3)cc12,7.366531544420413,424.227454388,5,1,3.499100000000002,True
CHEMBL2426390,CDK2,43.0,nM,Cc1ccc(NC(=S)NC(=O)c2cn(-c3ccccc3)nc2-c2ccc(F)cc2)cc1,7.366531544420413,430.126360448,3,2,5.113620000000004,True
CHEMBL3912612,CDK9,43.0,nM,CN1Cc2c(C3=CCN(CC(=O)N(C)C4CC(O)C4)CC3)[nH]c3ncc(F)c(c23)-c2cc(F)ccc21,7.366531544420413,493.22893160800004,5,2,3.5287000000000015,True
CHEMBL3698717,CDK4,43.0,nM,COC1CCN(c2cnc(Nc3ncc4c5ccncc5n(C5CCCC5)c4n3)cn2)C1,7.366531544420413,430.22295745200006,8,1,3.8533000000000026,True
CHEMBL2426383,CDK6,43.0,nM,COc1ccc(NC(=S)NC(=O)c2cn(-c3ccccc3)nc2-c2ccc(C)cc2)cc1,7.366531544420413,442.146346944,4,2,4.983120000000003,True
CHEMBL5785031,CDK9,43.0,nM,NCCCNc1cc(-c2ccc3ncn(Cc4cccc(F)c4)c3c2)c(Cl)cn1,7.366531544420413,409.14695157200003,4,2,4.699800000000003,True
CHEMBL5781694,CDK9,43.0,nM,Fc1cccc(Cn2cnc3ccc(-c4cc(NCCNc5ccncc5)ncc4Cl)cc32)c1,7.366531544420413,472.15785060400003,5,2,5.858100000000003,True
CHEMBL271183,CDK2,43.0,nM,NS(=O)(=O)c1ccc(N/N=C2\C(=O)Nc3cc(Br)ccc32)cc1,7.366531544420413,393.97352331200005,5,3,1.8648,True
CHEMBL407709,CDK1,43.0,nM,NS(=O)(=O)c1ccc(N/N=C2\C(=O)Nc3ccc4ncsc4c32)cc1,7.366531544420413,373.030331212,7,3,1.712,True
CHEMBL3668478,CDK9,43.0,nM,Clc1ccc(NCc2cccnc2)nc1-c1ccnc2[nH]c(C3CCCNC3)cc12,7.366531544420413,418.16727241600006,5,3,4.752400000000002,True
CHEMBL3673535,CDK9,43.0,nM,OCC(O)CN1CCC(c2cc3c(-c4cncc(NCc5cccnc5)n4)ccnc3[nH]2)CC1,7.366531544420413,459.2382731680001,8,4,2.5596000000000005,True
CHEMBL3644025,CDK2,43.0,nM,C#CCS(=O)(=O)c1ccc(Nc2ncc(C(F)(F)F)c(O[C@H](C)C(C)(C)O)n2)cc1,7.366531544420413,443.11266178,7,2,3.1841000000000017,True
CHEMBL3648089,CDK1,43.0,nM,CCOC(=O)N=S(=O)(CC)c1ccc(Nc2ncc(Br)c(N[C@H](C)[C@H](C)O)n2)cc1,7.366531544420413,499.0888874120001,8,3,4.167200000000003,True
CHEMBL5925614,CDK9,43.0,nM,CC(C(=O)Nc1cc(-c2ccc3ncn(Cc4cccc(F)c4)c3c2)c(Cl)cn1)S(=O)(=O)C1CCOCC1,7.366531544420413,556.134732212,6,1,4.859900000000004,True
CHEMBL3644023,CDK1,43.0,nM,C=CCS(=O)(=O)c1ccc(Nc2ncc(C(F)(F)F)c(O[C@H](C)C(C)(C)O)n2)cc1,7.366531544420413,445.128311844,7,2,3.736900000000002,True
CHEMBL190281,CDK2,43.0,nM,O=c1c(Br)cc2cnc(Nc3ccc(N4CCNCC4)cc3)nc2n1C1CCCC1,7.366531544420413,468.1273215200001,6,2,3.822300000000002,True
CHEMBL5957288,CDK9,43.0,nM,OCC(O)CN[C@H]1CC[C@H](Nc2cc(-c3ccc4ncn(Cc5cccc(F)c5)c4c3)c(Cl)cn2)CC1,7.366531544420413,523.215031132,6,4,4.605000000000003,True
CHEMBL272387,CDK2,43.0,nM,NS(=O)(=O)c1ccc(N/N=C2\C(=O)Nc3ccc(S(N)(=O)=O)cc32)cc1,7.366531544420413,395.035810516,7,4,-0.2502999999999991,True
CHEMBL5769321,CDK9,43.0,nM,O=C(Nc1cc(-c2ccc3nnn(CCc4cccc(F)c4)c3c2)c(Cl)cn1)[C@@H]1CCCNC1,7.366531544420413,478.16841528800006,5,2,4.466600000000003,True
CHEMBL193860,CDK1,43.0,nM,FC(F)(F)c1cnc(Nc2ccc3[nH]cnc3c2)nc1OC1CCCCC1,7.366531544420413,377.146344856,5,2,4.826800000000002,True
CHEMBL5517681,CDK9,43.2,nM,CC(=O)Nc1ccc(CNc2nc(N3CCC[C@H](O)C3)nc3c(C(C)C)cnn23)cc1,7.364516253185088,423.2382731680001,7,3,2.779300000000001,True
CHEMBL6148005,CDK6,44.0,nM,CC(=O)N1CCC2(CC1)CC(=O)c1ccc(-c3nc(Nc4ccc(N5CCCCC5)cn4)ncc3F)cc1O2,7.356547323513812,530.244167072,8,1,4.757900000000005,True
CHEMBL3952162,CDK9,44.0,nM,CN(C)C(=O)CN1CC=C(c2[nH]c3ncc(F)c4c3c2CN(C)c2ccc(F)cc2-4)CC1,7.356547323513812,437.20271686000007,4,1,3.635200000000003,True
CHEMBL4218267,CDK1,44.0,nM,CCN1CCN(Cc2cnc(Nc3cc(-c4cc(F)c5nc(C)n(C(C)C)c5c4)c(F)cn3)cn2)CC1,7.356547323513812,506.2717994640001,7,1,4.936920000000004,True
CHEMBL3985050,CDK9,44.0,nM,CN1Cc2c(C3=CCN(CC(=O)N4CC(O)C4)CC3)[nH]c3nccc(c23)-c2cc(F)ccc21,7.356547323513812,447.207053292,5,2,2.6110000000000015,True
CHEMBL3668407,CDK9,44.0,nM,COc1ccc(F)cc1-c1ccnc2[nH]c(C3CCN(C(C)=O)CC3)cc12,7.356547323513812,367.16960516399996,3,1,4.103500000000003,True
CHEMBL3702243,CDK4,44.0,nM,CC1(C)CN(c2ccc(Nc3ncc4c5ccncc5n(C5CCC5)c4n3)nc2)CCN1,7.356547323513812,428.2436928960001,7,2,4.031300000000002,True
CHEMBL3668382,CDK9,44.0,nM,COc1ccc(F)cc1-c1ccnc2[nH]c(C3CCN(CCO)C3)cc12,7.356547323513812,355.16960516399996,4,2,3.159200000000001,True
CHEMBL3668383,CDK9,44.0,nM,COc1ccc(F)cc1-c1ccnc2[nH]c(C3CCN(C4CCOCC4)C3)cc12,7.356547323513812,395.20090529199996,4,1,4.345900000000003,True
CHEMBL4740254,CDK9,44.0,nM,CC1(C)Cc2c(-c3cc(NC(=O)[C@H]4C[C@@H](O)C4)ncc3Cl)cnn2C1,7.356547323513812,360.13530359200007,4,2,2.890200000000001,True
CHEMBL4846069,CDK2,44.0,nM,COc1ccc(CC(=O)Nc2cc(C3CCC3)[nH]n2)cc1,7.356547323513812,285.147726848,3,2,2.867000000000001,True
CHEMBL3263773,CDK9,44.0,nM,COc1ccccc1-c1cc(Nc2cccc(CS(N)(=O)=O)c2)ncn1,7.356547323513812,370.109961436,6,2,2.6842999999999995,True
CHEMBL3648121,CDK1,44.0,nM,CCS(=N)(=O)c1ccc(Nc2ncc(Br)c(N[C@@H](COC)[C@H](C)O)n2)cc1,7.356547323513812,457.078322728,8,4,3.2159700000000013,True
CHEMBL3648078,CDK1,44.0,nM,C[C@@H](Nc1nc(Nc2ccc(S(=N)(=O)C3CCCC3)cc2)ncc1Br)C(C)(C)O,7.356547323513812,481.114708236,7,4,4.902270000000004,True
CHEMBL3691683,CDK1,44.0,nM,CN(C)C(=O)c1cc2cnc(Nc3ccc(C(=O)N4C[C@H]5CC[C@@H](C4)N5C)cn3)nc2n1C1CCCC1,7.356547323513812,502.2804723280001,7,1,3.3054000000000014,True
CHEMBL3668377,CDK9,44.0,nM,C[C@H](Nc1cccc(-c2ccnc3[nH]c(C4CCN(C)CC4)cc23)n1)c1ccccc1,7.356547323513812,411.24229592800003,4,2,5.607200000000004,True
CHEMBL498659,CDK2,44.0,nM,Cl.O=C(N[C@H]1CCCNC1)c1n[nH]cc1NC(=O)c1c(F)cccc1F,7.356547323513812,385.11170893599996,4,4,1.8438,True
CHEMBL3641966,CDK4,44.0,nM,O[C@@H]1CCN(c2ccc(Nc3ncc4c5ccncc5n([C@H]5CCC[C@@H]5O)c4n3)nn2)C1,7.356547323513812,432.20222200800004,9,3,2.17,True
CHEMBL5194832,CDK2,44.0,nM,C[C@@H]1CCC[C@H]1N1C(=O)C2(CC2)c2cnc(Nc3ccc(S(=O)(=O)N[C@@H]4CCCN(C)C4)cc3)nc21,7.356547323513812,510.241309948,7,2,3.1595000000000013,True
CHEMBL3641920,CDK4,44.0,nM,O[C@@H]1CCC[C@@H]1n1c2cnccc2c2cnc(Nc3ccc(N4CCNCC4)cn3)nc21,7.356547323513812,430.2229574520001,8,3,2.6136,True
CHEMBL6149181,CDK6,44.0,nM,CC(=O)N1CCC2(CC1)CC(=O)c1ccc(-c3nc(Nc4ccc(C5CCN(C)CC5)cn4)ncc3F)cc1O2,7.356547323513812,544.259817136,8,1,4.576800000000004,True
CHEMBL2426393,CDK2,44.0,nM,O=C(NC(=S)Nc1ccc(Cl)cc1)c1cn(-c2ccccc2)nc1-c1ccc(F)cc1,7.356547323513812,450.07173803200004,3,2,5.458600000000002,True
CHEMBL3691583,CDK4,44.0,nM,CN(C)C(=O)c1cc2cnc(Nc3ccc(C(=O)N4[C@@H]5CNC[C@H]4COC5)cn3)nc2n1C1CCCC1,7.356547323513812,504.25973688400006,8,2,2.1995999999999993,True
CHEMBL3673552,CDK9,44.0,nM,NC(=O)C1CC=C(c2cc3c(-c4cncc(NCc5cccc(F)c5)n4)ccnc3[nH]2)CC1,7.356547323513812,442.1917375760001,5,3,4.439900000000002,True
CHEMBL3673548,CDK9,44.0,nM,O=C(O)C1CC=C(c2cc3c(-c4cncc(NCc5cccc(F)c5)n4)ccnc3[nH]2)CC1,7.356547323513812,443.17575316400007,5,3,5.039200000000003,True
CHEMBL3903886,CDK9,44.0,nM,CN1Cc2c(C3=CC4CCCC(C3)N4C(=O)CC#N)[nH]c3nccc(c23)-c2cc(F)ccc21,7.356547323513812,441.19648860800004,4,1,4.769280000000004,True
CHEMBL5426122,CDK1,44.52,nM,S=C(Nc1cccc(Cl)c1)N1CCN(c2nnc(Cc3ccccc3)c3ccccc23)CC1,7.35144484433733,473.144094448,4,1,5.393000000000004,True
CHEMBL4206061,CDK1,44.8,nM,Cc1nc2c(F)cc(-c3nc(Nc4ccc5c(n4)CCN(C(=O)CN4CCN(C)CC4)C5)ncc3F)cc2n1C(C)C,7.348721986001855,575.29326318,8,1,3.9315200000000026,True
CHEMBL5531956,CDK9,44.82,nM,CC[C@@H](CO)Nc1nc(NCc2ccc(NC(C)=O)cc2)n2ncc(C(C)C)c2n1,7.348528147800957,411.2382731680001,7,4,3.0010000000000012,True
CHEMBL3668499,CDK9,45.0,nM,COc1ccc(F)cc1-c1c(F)cnc2[nH]c(C3=CCN(CC(=O)N(C)C)CC3)cc12,7.346787486224656,426.186732448,4,1,3.6940000000000026,True
CHEMBL5180640,CDK9,45.0,nM,COc1cc(F)ccc1-c1ccnc2[nH]c(C3CCN(CCO)CC3)cc12,7.346787486224656,369.18525522799996,4,2,3.5493000000000023,True
CHEMBL3639673,CDK9,45.0,nM,COc1ccc(F)cc1-c1ccnc2[nH]c(C3CCN(CC(=O)NC4CC(O)C4)CC3)cc12,7.346787486224656,452.222369008,5,3,3.1965000000000012,True
CHEMBL3946513,CDK9,45.0,nM,CN1Cc2c(C3=CCN(CC(=O)N4CCC[C@H]4CO)CC3)[nH]c3nccc(c23)-c2cc(F)c(F)cc21,7.346787486224656,493.22893160800004,5,2,3.530300000000002,True
CHEMBL5862185,CDK9,45.0,nM,CN(C)CC(C)(C)CNc1cc(-c2ccc3ncn(Cc4cccc(F)c4)c3c2)c(Cl)cn1,7.346787486224656,465.20955182800003,4,1,5.938800000000006,True
CHEMBL1800456,CDK1,45.0,nM,Nc1nc(-c2cc(N3C[C@H](O)[C@@H](O)C3)ccc2O)cc(C2CCCCC2)n1,7.346787486224656,370.200490692,7,4,2.0208999999999993,True
CHEMBL3673529,CDK9,45.0,nM,CNC(=O)N1CCC(c2cc3c(-c4cncc(OCc5cccc(F)c5)n4)ccnc3[nH]2)CC1,7.346787486224656,460.20230226000007,5,2,4.256800000000003,True
CHEMBL5917328,CDK9,45.0,nM,OCCCNc1cc(-c2ccc3ncn(Cc4cccc(F)c4)c3c2)c(Cl)cn1,7.346787486224656,410.13096716,4,2,4.733400000000003,True
CHEMBL3668522,CDK9,45.0,nM,COc1ccc(F)cc1-c1ccnc2[nH]c(C3=CCN(CC(=O)N(C)C)CC3)c(C#N)c12,7.346787486224656,433.191403228,5,1,3.426580000000002,True
CHEMBL3668514,CDK9,45.0,nM,COc1ccc(F)cc1-c1ccnc2[nH]c(C3CCN(CC(=O)N4CCC[C@H]4CO)CC3)cc12,7.346787486224656,466.238019072,5,2,3.540300000000002,True
CHEMBL3702162,CDK4,45.0,nM,c1cc(-c2ccc(Nc3ncc4c5ccncc5n(C5CCCC5)c4n3)nc2)ccn1,7.346787486224656,407.1858436720001,6,1,5.295200000000004,True
CHEMBL1964255,CDK1,45.0,nM,N=C(N)NS(=O)(=O)c1ccc(N/C=C2\C(=O)Nc3ccc4ncsc4c32)cc1,7.346787486224656,414.05688030799996,7,5,1.8731699999999998,True
CHEMBL1964249,CDK1,45.0,nM,COCCOCCOCCOCCN(C)S(=O)(=O)c1ccc(N/C=C2\C(=O)Nc3ccc4ncsc4c32)cc1,7.346787486224656,576.171241364,10,2,3.0181000000000013,True
CHEMBL496162,CDK4,45.0,nM,CC(C)Oc1ccc2c(-c3ccnc(Nc4ccc(N5CCN(C)CC5)cc4)n3)cnn2n1,7.346787486224656,444.2386075160001,8,1,3.4689000000000023,True
CHEMBL3668432,CDK9,45.0,nM,CN1CCC(c2cc3c(-c4nc(NCc5ccc(S(N)(=O)=O)cc5)ccc4Cl)ccnc3[nH]2)CC1,7.346787486224656,510.16047278400004,6,3,4.347000000000003,True
CHEMBL564829,CDK2,45.0,nM,CNC(=O)c1nn(C)c2c1C(C)(C)Cc1cnc(Nc3ccc(N4CCN(C)CC4)cc3)nc1-2,7.346787486224656,460.26990764400006,7,2,2.5658000000000003,True
CHEMBL3691677,CDK4,45.0,nM,CN(C)C(=O)c1cc2cnc(Nc3ccc(N4C[C@@H]5CC[C@H](CC4=O)N5C)cn3)nc2n1C1CCCC1,7.346787486224656,502.2804723280001,7,1,3.5863000000000023,True
CHEMBL4079206,CDK6,45.0,nM,CN1CC[C@H](c2c(O)cc(O)c3c(=O)cc(/C=C/c4c(Cl)cccc4Cl)oc23)[C@H](O)C1,7.346787486224656,461.07967813199997,6,3,4.461400000000003,True
CHEMBL559844,CDK2,45.0,nM,CNC(=O)c1nn(C)c2c1CCc1cnc(Nc3ccc(N4CCN(C)CC4)cc3)nc1-2,7.346787486224656,432.23860751600006,7,2,1.8306999999999998,True
CHEMBL3641931,CDK4,45.0,nM,CNC1CCN(c2ccc(Nc3ncc4c5ccncc5n([C@@H](C)CO)c4n3)nn2)CC1,7.346787486224656,433.23385648400006,9,3,2.2546,True
CHEMBL564829,CDK4,45.0,nM,CNC(=O)c1nn(C)c2c1C(C)(C)Cc1cnc(Nc3ccc(N4CCN(C)CC4)cc3)nc1-2,7.346787486224656,460.26990764400006,7,2,2.5658000000000003,True
CHEMBL6013201,CDK6,45.0,nM,CC(C)N1CCOc2c(F)cc(-c3nc(Nc4cnn(C5CCC(O)CC5)c4)ncc3F)cc21,7.346787486224656,470.224180576,7,2,4.445100000000004,True
CHEMBL564829,CDK1,45.0,nM,CNC(=O)c1nn(C)c2c1C(C)(C)Cc1cnc(Nc3ccc(N4CCN(C)CC4)cc3)nc1-2,7.346787486224656,460.26990764400006,7,2,2.5658000000000003,True
CHEMBL3691591,CDK4,45.0,nM,CN(C)C(=O)c1cc2cnc(Nc3ccc(C(=O)N4CC5C[C@@H]4CN5)cn3)nc2n1C1CCCC1,7.346787486224656,474.2491722000001,7,2,2.5730999999999993,True
CHEMBL5592661,CDK1,45.0,nM,CS(=O)(=O)N1CCC(Nc2ncc(C(F)(F)F)c(-c3cnn(-c4ccc(C#N)cc4Cl)c3)n2)CC1,7.346787486224656,525.0961561880001,7,1,3.709080000000002,True
CHEMBL3911547,CDK9,45.0,nM,CN(CC(O)CO)C(=O)CN1CC=C(c2[nH]c3ncc(F)c4c3c2CN(C)c2ccc(F)cc2-4)CC1,7.346787486224656,497.223846228,6,3,2.358600000000002,True
CHEMBL3920906,CDK9,45.0,nM,CN1Cc2c(C3=CCN(C4CCC(=CC#N)CC4)CC3)[nH]c3nccc(c23)-c2cc(F)ccc21,7.346787486224656,453.232874116,4,1,5.800480000000006,True
CHEMBL3237449,CDK4,45.0,nM,C[C@@H](CO)n1c2cnccc2c2cnc(Nc3ccc(N4CCNCC4)cn3)nc21,7.346787486224656,404.20730738800006,8,3,2.0809999999999995,True
CHEMBL4208366,CDK6,45.6,nM,CCN1CCN(Cc2ccc(Nc3ncc(F)c(-c4cc(F)c5nc6n(c5c4)CCCC6)n3)nc2)CC1,7.341035157335565,504.2561494000001,7,1,4.383900000000003,True
CHEMBL5555560,CDK9,45.68,nM,CCC(=O)Nc1ccc(CNc2nc(NC(CO)CO)nc3c(C(C)C)cnn23)cc1,7.340273904762208,427.23318778800007,8,5,1.9733999999999996,True
CHEMBL3934364,CDK9,46.0,nM,CN1Cc2c(C3=CCCNC3)[nH]c3nccc(c23)-c2cc(F)ccc21,7.337242168318426,334.159374828,3,2,3.695500000000002,True
CHEMBL2158848,CDK2,46.0,nM,Cc1cccc(Nc2nccc(-c3ccnc(N4CCOCC4)c3)n2)c1,7.337242168318426,347.174610292,6,1,3.427220000000002,True
CHEMBL475948,CDK2,46.0,nM,Cc1ncc(-c2nc(Nc3ccc(N4CCC[C@H]4C(=O)N(C)C)cc3)ncc2F)n1C(C)C,7.337242168318426,451.24958680000003,6,1,4.169120000000003,True
CHEMBL3702204,CDK4,46.0,nM,O[C@@H]1CCN(c2ccc(Nc3ncc4c5ccccc5n(C5CCCC5)c4n3)nc2)C1,7.337242168318426,414.21680945200006,6,2,4.409200000000003,True
CHEMBL188392,CDK2,46.0,nM,NC(=O)c1cc(F)c(C(=O)c2c(N)nc3ccc(C(=O)c4c(Cl)cccc4Cl)cn23)c(F)c1,7.337242168318426,488.025452044,5,2,4.062400000000001,True
CHEMBL271843,CDK2,46.0,nM,Cc1ccc2c(c1)/C(=N/Nc1ccc(S(N)(=O)=O)cc1)C(=O)N2,7.337242168318426,330.078661308,5,3,1.4107199999999998,True
CHEMBL151546,CDK2,46.0,nM,NC(=O)Nc1cccc2c1C(=O)c1c(-c3csc(Cl)c3)n[nH]c1-2,7.337242168318426,344.01347420800005,4,3,3.4936000000000016,True
CHEMBL3668397,CDK9,46.0,nM,COc1ccc(F)cc1-c1ccnc2[nH]c(C3CCN(C4CCNC4)C3)cc12,7.337242168318426,380.20123964000004,4,2,3.5288000000000013,True
CHEMBL3975203,CDK9,46.0,nM,CN1Cc2c(C3=C[C@H]4CC[C@@H](C3)N4)[nH]c3nccc(c23)-c2cc(F)ccc21,7.337242168318426,360.175024892,3,2,4.226500000000003,True
CHEMBL3981309,CDK9,46.0,nM,CC(C)[C@@H](NC1CC=C(c2[nH]c3nccc4c3c2CN(C)c2ccc(F)cc2-4)CC1)C(=O)O,7.337242168318426,448.22745438799996,4,3,4.953500000000003,True
CHEMBL3691570,CDK4,46.0,nM,CC(=O)N1C2CCC1CN(C(=O)c1ccc(Nc3ncc4cc(C(=O)N(C)C)n(C5CCCC5)c4n3)nc1)C2,7.337242168318426,530.2753869480001,7,1,3.222100000000001,True
CHEMBL3951656,CDK9,46.0,nM,CN(CCO)C(=O)CN1CC=C(c2[nH]c3nccc4c3c2CN(C)c2cc(F)c(F)cc2-4)CC1,7.337242168318426,467.21328154400004,5,2,2.997700000000001,True
CHEMBL411425,CDK1,46.0,nM,CCc1cccc2c1/C(=N/Nc1ccc(S(N)(=O)=O)cc1)C(=O)N2,7.337242168318426,344.094311372,5,3,1.6646999999999996,True
CHEMBL5287042,CDK2,46.0,nM,CCc1c(C(=O)NCCc2ccccc2)[nH]c2ccc(C)cc12,7.337242168318426,306.17321332399996,1,2,4.0112200000000025,True
CHEMBL3953940,CDK9,46.0,nM,CN(C)C(=O)CN1CC2C=C(c3[nH]c4nccc5c4c3CN(C)c3ccc(F)cc3-5)CC2C1,7.337242168318426,445.22778873600004,4,1,3.7421000000000024,True
CHEMBL2402946,CDK1,46.8,nM,NC1CCC(Nc2nc(NCc3ccc(-c4ccccc4O)nc3)c3ncn(C4CCCC4)c3n2)CC1,7.329754146925876,498.28555770800006,8,4,5.002900000000003,True
CHEMBL6147308,CDK2,46.88,nM,COc1cccc(NC(=O)NNC(=O)c2oc3ccccc3c2CN2CCN(c3ccccc3)CC2)c1,7.329012396989966,499.2219544080001,6,3,4.230100000000004,True
CHEMBL4793212,CDK9,46.9,nM,COc1cc(F)ccc1-c1ccnc(Nc2ccc3c(c2)N(C(C)C)[C@H](C)C(=O)N3C)n1,7.328827157284917,435.207053292,6,1,4.614600000000004,True
CHEMBL3691615,CDK4,47.0,nM,CN(C)C(=O)c1cc2cnc(Nc3ccc(C(=O)N4CC5CCC(C4)N5)cn3)nc2n1C1C[C@H]2CC[C@@H]1C2,7.327902142064282,514.2804723280001,7,2,3.209200000000001,True
CHEMBL3668517,CDK9,47.0,nM,CCN(C(=O)O)S(=O)(=O)NC1CC=C(c2cc3c(-c4cc(F)ccc4OC)ccnc3[nH]2)CC1,7.327902142064282,488.15296912,5,3,4.147800000000003,True
CHEMBL3237445,CDK6,47.0,nM,Cc1nccc2c3cnc(Nc4ccc(N5CCNCC5)cn4)nc3n(C3CCCC3)c12,7.327902142064282,428.243692896,7,2,3.951220000000002,True
CHEMBL2012410,CDK1,47.0,nM,Cn1cc(Nc2ncc3cnn([C@@H]4C[C@H]5C[C@H]5C4)c3n2)cc1C(=O)N1CCC[C@H]1CN1CCCC1,7.327902142064282,474.285557708,6,1,3.5798000000000023,True
CHEMBL3691564,CDK4,47.0,nM,CN(C)C(=O)c1cc2cnc(Nc3ccc(C(=O)N4CCN5CCC[C@@H]5C4)cn3)nc2n1C1CCCC1,7.327902142064282,502.2804723280001,7,1,3.3070000000000013,True
CHEMBL3702202,CDK4,47.0,nM,C[C@H]1CN(c2ccc(Nc3ncc4c5ccccc5n(C5CCCC5)c4n3)nn2)CCN1,7.327902142064282,428.2436928960001,7,2,4.031300000000002,True
CHEMBL402158,CDK1,47.0,nM,O=C(Cc1cccc(Br)c1)Nc1n[nH]c2ccc(N3CCCS3(=O)=O)cc12,7.327902142064282,448.02047350399994,4,2,3.046500000000001,True
CHEMBL3668501,CDK9,47.0,nM,CN(C)C(=O)CN1CC=C(c2cc3c(-c4cccc(F)c4F)ccnc3[nH]2)CC1,7.327902142064282,396.176167764,3,1,3.6854000000000013,True
CHEMBL5440428,CDK2,47.0,nM,O=C(NC1CCNCC1)c1n[nH]cc1NC(=O)c1c(Cl)cccc1Cl.O=C(O)C(F)(F)F,7.327902142064282,495.0687940759999,5,5,3.0839,True
CHEMBL5191333,CDK9,47.0,nM,COc1cc(F)ccc1-c1ccnc2[nH]c(C3CCC(NC(C)=O)C3)nc12,7.327902142064282,368.164854132,4,2,3.5448000000000013,True
CHEMBL445813,CDK2,47.0,nM,O=C(NC1CCNCC1)c1n[nH]cc1NC(=O)c1c(Cl)cccc1Cl,7.327902142064282,381.075930144,4,4,2.4505999999999997,True
CHEMBL2426383,CDK2,47.0,nM,COc1ccc(NC(=S)NC(=O)c2cn(-c3ccccc3)nc2-c2ccc(C)cc2)cc1,7.327902142064282,442.146346944,4,2,4.983120000000003,True
CHEMBL3984563,CDK9,47.0,nM,CCOC(=O)NS(=O)(=O)N1CC=C(c2[nH]c3nccc4c3c2CN(C)c2ccc(F)cc2-4)CC1,7.327902142064282,485.15330346800005,6,2,3.3988000000000023,True
CHEMBL3668424,CDK9,47.0,nM,CN(C)CCOc1ccc(CNc2cccc(-c3ccnc4[nH]c(C5CCN(C)CC5)cc34)n2)cc1,7.327902142064282,484.29505977200006,6,2,4.986600000000004,True
CHEMBL560102,CDK2,47.0,nM,CNC(=O)c1nn(C)c2c1C(C)(C)Cc1cnc(Nc3cccc(OC4CCN(C)CC4)c3)nc1-2,7.327902142064282,475.26957329600003,7,2,3.2870000000000026,True
CHEMBL211514,CDK4,47.0,nM,Cc1ccc(Cl)c(N(CC#N)c2cc(Nc3ccc(OC[C@@H](O)CN(C)C)cc3)ncn2)c1,7.327902142064282,466.188401784,8,2,4.145000000000003,True
CHEMBL4449998,CDK9,47.1,nM,Cc1nc2c(F)cc(-c3nc(Nc4ccc5c(n4)CCN(CCN(C)C)C5)ncc3F)cc2n1CC1CC1,7.326979092871104,518.2717994640001,7,1,4.548220000000004,True
CHEMBL5976517,CDK9,47.5,nM,Cc1nc2c(F)cc(-c3nc(Nc4ccc5c(n4)CCN(CC#CCN(C)C)C5)ncc3F)cc2n1C(C)C,7.323306390375134,530.2717994640001,7,1,4.722520000000004,True
CHEMBL4448494,CDK2,47.7,nM,Cc1nc2c(F)cc(-c3nc(Nc4ccc5c(n4)CCN(CCN(C)C)C5)ncc3F)cc2n1C(C)C,7.3214816209598865,506.2717994640001,7,1,4.719120000000004,True
CHEMBL3984185,CDK9,48.0,nM,CN1Cc2c(C3=CCN(CC(=O)O)CC3)[nH]c3ncc(F)c(c23)-c2cc(F)ccc21,7.318758762624412,410.15543232,4,2,3.6316000000000024,True
CHEMBL5273925,CDK2,48.0,nM,CC(C)(C)c1coc(CSc2cnc(NC(=O)C3CCNCC3)s2)n1,7.318758762624412,380.13406800800004,7,2,3.6590000000000016,True
CHEMBL3691665,CDK4,48.0,nM,CN(C)C(=O)c1cc2cnc(Nc3ccc(N4C[C@@H]5CC[C@H](CC4=O)N5)cn3)nc2n1-c1ccccc1,7.318758762624412,496.2335221360001,7,2,3.1182000000000007,True
CHEMBL3958069,CDK9,48.0,nM,CN1Cc2c(C3=CCN([C@H]4CC[C@@H](CC(=O)O)CC4)CC3)[nH]c3nccc(c23)-c2cc(F)ccc21,7.318758762624412,474.24310445200007,4,2,5.441400000000005,True
CHEMBL3698737,CDK6,48.0,nM,c1cc2c3cnc(Nc4ccc(N5CCCCC5)nn4)nc3n(C3CCCC3)c2cn1,7.318758762624412,414.228042832,7,1,4.618500000000004,True
CHEMBL81196,CDK2,48.0,nM,NCCCNc1cc(-c2ccc[nH]2)c2c3c(ccc(F)c13)NC2=O,7.318758762624412,324.13863938400004,3,4,3.3004000000000007,True
CHEMBL3915267,CDK9,48.0,nM,CN(CCO)C(=O)CN1CC=C(c2[nH]c3nccc4c3c2CN(C)c2ccc(F)cc2-4)CC1,7.318758762624412,449.222703356,5,2,2.858600000000001,True
CHEMBL4785242,CDK9,48.0,nM,CC(=O)N[C@@H]1CCC[C@H](C(=O)Nc2cc(-c3cnn4c3CC(C)(C)CC4)ccn2)C1,7.318758762624412,409.24777523200004,4,2,3.550900000000002,True
CHEMBL3648090,CDK2,48.0,nM,CCOC(=O)N=S(C)(=O)c1ccc(Nc2ncc(Br)c(N[C@H](C)C(C)(C)O)n2)cc1C,7.318758762624412,513.104537476,8,3,4.475620000000003,True
CHEMBL3702200,CDK6,48.0,nM,CN(C)C1CCN(c2ccc(Nc3ncc4c5ccccc5n(C5CCCC5)c4n3)nn2)CC1,7.318758762624412,456.2749930240001,7,1,4.763600000000004,True
CHEMBL2158855,CDK1,48.0,nM,NS(=O)(=O)c1cccc(Nc2nccc(-c3ccnc(N4CC5CCC(C4)O5)c3)n2)c1,7.318758762624412,438.14740956400004,8,2,2.2972,True
CHEMBL3971127,CDK9,48.0,nM,CN1Cc2c(C3=CCN(CC(=O)N4CC[C@H](O)C4)CC3)[nH]c3nccc(c23)-c2cc(F)ccc21,7.318758762624412,461.222703356,5,2,3.001100000000001,True
CHEMBL234452,CDK1,48.0,nM,CN(C)CCc1ccc(Nc2ncc(Cl)c(-c3c[nH]c4ccccc34)n2)cc1,7.318758762624412,391.156373384,4,2,5.126000000000004,True
CHEMBL3663787,CDK9,48.0,nM,CCN(Cc1ccccc1)c1ccc(Cl)c(-c2ccnc3[nH]c(C4CCNCC4)cc23)n1,7.318758762624412,445.20332357600006,4,2,5.771800000000006,True
CHEMBL5932825,CDK9,48.0,nM,Cc1nc2c(F)cc(-c3nc(Nc4ccc5c(n4)CCN(C(=O)CN(C)C)C5)ncc3F)cc2n1C1CC1,7.318758762624412,518.2354139560001,7,1,3.9997200000000026,True
CHEMBL3976491,CDK9,48.0,nM,CCC1c2c(C3=CCNCC3)[nH]c3nccc(c23)-c2cc(F)ccc2N1C,7.318758762624412,362.19067495600007,3,2,4.646600000000003,True
CHEMBL114851,CDK2,48.0,nM,O=C(Cc1ccccc1)Nc1cc(C2CC2)[nH]n1,7.318758762624412,241.1215121,2,2,2.4683,True
CHEMBL3702031,CDK4,48.1,nM,CN(C)C1CCN(c2ccc(Nc3ncc4c5cc[nH]c(=O)c5n(C5CCCC5)c4n3)nc2)CC1,7.317854923626168,472.269907644,7,2,4.056900000000002,True
CHEMBL5834090,CDK2,48.4,nM,Cc1nc2c(F)cc(-c3nc(Nc4ccc5c(n4)CCN(CCN(C)CCO)C5)ncc3F)cc2n1C(C)(C)C,7.315154638355588,550.2980142120001,8,2,4.255720000000004,True
CHEMBL4740586,CDK9,48.9,nM,CC(C)N1c2cc(Nc3nccc(-c4ccc(N)cc4)n3)ccc2N(C)C(=O)[C@H]1C,7.310691140876379,402.216809452,6,2,4.049100000000002,True
CHEMBL5902021,CDK9,49.0,nM,Fc1cccc(Cn2cnc3ccc(-c4cc(NCC5CNCC5F)ncc4Cl)cc32)c1,7.309803919971486,453.15317982400006,4,2,4.908500000000004,True
CHEMBL3702219,CDK6,49.0,nM,CC[C@@H](C)n1c2cnccc2c2cnc(Nc3ccc(N4CC[C@@H](O)C4)nn3)nc21,7.309803919971486,404.20730738800006,8,2,3.0551000000000013,True
CHEMBL3663791,CDK9,49.0,nM,Fc1ccc(NCc2ccccc2)cc1-c1ccnc2[nH]c(C3CCNCC3)cc12,7.309803919971486,400.20632502000007,3,3,5.448100000000004,True
CHEMBL5426856,CDK4,49.0,nM,Sc1nnc(-c2c[nH]c3ccccc23)n1/N=C/c1cccc(Br)c1,7.309803919971486,396.999678484,4,2,4.359800000000002,True
CHEMBL6149529,CDK6,49.0,nM,COC1CCN(c2ccc(Nc3ncc(F)c(-c4ccc5c(c4)OC4(CCN(C(C)=O)CC4)CC5=O)n3)nc2)CC1,7.309803919971486,560.254731756,9,1,4.382800000000003,True
CHEMBL3668530,CDK9,49.0,nM,COc1ccc(F)cc1-c1c(F)cnc2[nH]c(C3=CCN(S(C)(=O)=O)CC3)c(C#N)c12,7.309803919971486,444.10676787599994,5,1,3.4370800000000017,True
CHEMBL2426392,CDK2,49.0,nM,O=C(NC(=S)Nc1ccc(F)cc1)c1cn(-c2ccccc2)nc1-c1ccc(F)cc1,7.309803919971486,434.101288572,3,2,4.944300000000003,True
CHEMBL3691567,CDK4,49.0,nM,CNC(=O)c1cc2cnc(Nc3ccc(C(=O)N4C[C@@H]5C[C@H]4CN5)cn3)nc2n1C1CCCC1,7.309803919971486,460.2335221360001,7,3,2.230899999999999,True
CHEMBL4759074,CDK9,49.0,nM,CC(=O)NC1CCCC(C(=O)Nc2cc(-c3cnn4c3CC(C)(C)C4)c(Cl)cn2)C1,7.309803919971486,429.193152816,4,2,3.8142000000000023,True
CHEMBL3702139,CDK4,49.0,nM,c1csc(Cn2c3cnccc3c3cnc(Nc4ccc(N5CCNCC5)cn4)cc32)c1,7.309803919971486,441.1735647360001,7,2,4.242500000000002,True
CHEMBL3691555,CDK4,49.0,nM,CN(C)C(=O)c1cc2cnc(Nc3ccc(C(=O)N4CC5CC(C4)N(CC(F)(F)F)C5)cn3)nc2n1C1CCCC1,7.309803919971486,570.2678569560001,7,1,4.095400000000003,True
CHEMBL3663750,CDK9,49.0,nM,COc1cc(F)ccc1-c1ccnc2[nH]c(C3CCCN(C)C3)cc12,7.309803919971486,339.174690544,3,1,4.186800000000003,True
CHEMBL3644030,CDK2,49.0,nM,C=CCOc1nc(Nc2ccc(S(C)(=O)=O)cc2)ncc1C(F)(F)F,7.309803919971486,373.070796968,6,1,3.207300000000002,True
CHEMBL3648127,CDK1,49.0,nM,CCC(CO)Sc1nc(Nc2ccc(S(C)(=N)=O)cc2)ncc1Br,7.309803919971486,430.01327994800005,7,3,3.8811700000000027,True
CHEMBL58466,CDK2,49.0,nM,O=C1Nc2cccc(C3CCNCC3)c2/C1=C/c1[nH]cc2c1CCNC2=O,7.309803919971486,362.174275944,3,4,2.2603,True
CHEMBL3648079,CDK2,49.0,nM,C[C@@H](Nc1nc(Nc2ccc(S(=O)(CC=O)=NS(=O)(=O)CC[Si](C)(C)C)cc2)ncc1Br)C(C)(C)O,7.309803919971486,619.095399818,9,3,4.247800000000004,True
CHEMBL3663795,CDK9,49.0,nM,C[C@H](Nc1ccc(Cl)c(-c2ccnc3[nH]c(C4CCNCC4)cc23)n1)c1ccccc1,7.309803919971486,431.187673512,4,3,5.9184000000000045,True
CHEMBL3648092,CDK1,49.0,nM,CCOC(=O)N=S(=O)(CC)c1ccc(Nc2ncc(Br)c(O[C@H](C)[C@H](C)O)n2)cc1,7.309803919971486,500.07290300000005,8,2,4.134100000000003,True
CHEMBL3702161,CDK4,49.0,nM,c1cc(-c2ccc(Nc3ncc4c5ccncc5n(C5CCCC5)c4n3)nn2)ccn1,7.309803919971486,408.1810926400001,7,1,4.6902000000000035,True
CHEMBL2403096,CDK1,49.0,nM,NC1CCC(Nc2nc(NCc3ccc(-c4cccs4)nc3)c3ncn(C4CCCC4)c3n2)CC1,7.309803919971486,488.2470640240001,8,3,5.358800000000004,True
CHEMBL3668428,CDK9,49.0,nM,CN1CCC(c2cc3c(-c4cccc(NCc5ccc6c(c5)CNC6)n4)ccnc3[nH]2)CC1,7.309803919971486,438.2531949600001,5,3,4.649400000000003,True
CHEMBL6049782,CDK9,49.1,nM,O=C(Nc1cc(-c2cnc3n2CCCC3)c(Cl)cn1)[C@@H]1CCCNC1,7.308918507877031,359.15128800400004,4,2,2.8729000000000005,True
CHEMBL4213109,CDK4,49.7,nM,CCC1Cc2nc3c(F)cc(-c4nc(Nc5ccc(CN6CCN(CC)CC6)cn5)ncc4F)cc3n2C1,7.303643611266668,518.2717994640001,7,1,4.629900000000004,True
CHEMBL101119,CDK4,50.0,nM,CN(C)CC(O)COc1ccc(Nc2cc(N(CC#N)c3cc(Cl)ccc3Cl)ncn2)cc1,7.301029995663981,486.13377936800003,8,2,4.489980000000004,True
CHEMBL79049,CDK2,50.0,nM,CCCCOc1c(C(=O)c2c(F)cc(F)cc2F)c[nH]c2nncc1-2,7.301029995663981,349.1038113480001,4,1,3.7367000000000026,True
CHEMBL524086,CDK4,50.0,nM,Cc1nn2ncccc2c1-c1ccnc(Nc2ccc(N3CCN(C)CC3)cc2)n1,7.301029995663981,400.21239276800003,7,1,2.990120000000001,True
CHEMBL513354,CDK2,50.0,nM,CCN(CC)Cc1cccc(Nc2nccc(-c3cnn4ncccc34)n2)c1,7.301029995663981,373.2014937360001,6,1,3.771700000000002,True
CHEMBL403605,CDK1,50.0,nM,Cc1cccc(CC(=O)Nc2n[nH]c3ccc(N4CCCS4(=O)=O)cc23)c1,7.301029995663981,384.1256115,4,2,2.5924200000000006,True
CHEMBL2426399,CDK6,50.0,nM,COc1ccc(NC(=S)NC(=O)c2cn(-c3ccccc3)nc2-c2ccccc2)cc1,7.301029995663981,428.13069688,4,2,4.674700000000003,True
CHEMBL455428,CDK4,50.0,nM,CNC(=O)c1ccc(Nc2nccc(-c3cnc(C)n3C(C)C)n2)cc1F,7.301029995663981,368.17608751200004,5,2,3.471720000000002,True
CHEMBL3668369,CDK9,50.0,nM,CN1CCC(c2cc3c(-c4cccc(N(C)Cc5ccccc5)n4)ccnc3[nH]2)CC1,7.301029995663981,411.2422959280001,4,1,5.070500000000004,True
CHEMBL5285499,CDK9,50.0,nM,CCCc1cc(N[C@@H]2CC[C@@H](N)C2)n2nccc2n1,7.301029995663981,259.179695672,4,2,1.9734999999999996,True
CHEMBL3641934,CDK4,50.0,nM,C[C@H](CO)n1c2cnccc2c2cnc(Nc3ccc(N4CCC(N(C)C)CC4)cn3)nc21,7.301029995663981,446.25425758000006,8,2,3.2018000000000013,True
CHEMBL419753,CDK2,50.0,nM,O=C(Nc1cc(C2CCCC2)[nH]n1)c1ccc(Br)cc1,7.301029995663981,333.04767423199996,2,2,4.082100000000002,True
CHEMBL570002,CDK2,50.0,nM,Cc1cc(Nc2cnc(C#N)c(N[C@@H](C)c3ncc(F)cn3)n2)n[nH]1,7.301029995663981,339.13561966800006,8,3,2.225599999999999,True
CHEMBL507722,CDK1,50.0,nM,Cc1ncc(-c2nc(Nc3ccc(C(=O)NC4CCN(C)CC4)cc3)ncc2F)n1C(C)C,7.301029995663981,451.24958680000003,6,2,3.9361200000000034,True
CHEMBL23327,CDK1,50.0,nM,CC(C)[C@H](CO)Nc1nc(Nc2cccc(Cl)c2)c2ncn(C(C)C)c2n1,7.301029995663981,388.1778371000001,6,3,4.233000000000002,True
CHEMBL255263,CDK1,50.0,nM,O=C(Cc1ccc(F)cc1)Nc1n[nH]c2ccc(N3CCCS3(=O)=O)cc12,7.301029995663981,388.100539624,4,2,2.4231000000000007,True
CHEMBL379495,CDK2,50.0,nM,COc1ccc(C(=O)Nc2ncc(SCc3ncc(C(C)(C)C)o3)s2)cc1OC,7.301029995663981,433.11299821599994,8,1,4.990400000000005,True
CHEMBL2403094,CDK1,50.0,nM,NC1CCC(Nc2nc(NCc3ccc(-c4ccco4)nc3)c3ncn(C4CCCC4)c3n2)CC1,7.301029995663981,472.26990764400006,8,3,4.890300000000003,True
CHEMBL235849,CDK2,50.0,nM,CS(=O)(=O)Cc1ccc(N/C=C2\C(=O)Nc3ccc4ncsc4c32)cc1,7.301029995663981,385.0554833400001,6,2,3.2460000000000013,True
CHEMBL3668402,CDK9,50.0,nM,COCCN1CCCC(c2cc3c(-c4cc(F)ccc4OC)ccnc3[nH]2)C1,7.301029995663981,383.200905292,4,1,4.203400000000003,True
CHEMBL5749689,CDK9,50.0,nM,O=C1NC2CC(C(=O)Nc3cc(-c4ccc5ncn(CC6CCOCC6)c5c4)c(Cl)cn3)CC2O1,7.301029995663981,495.16733199199996,6,2,4.003800000000004,True
CHEMBL1800451,CDK2,50.0,nM,CCc1cc(-c2cc(N3C[C@H](O)[C@@H](O)C3)ccc2O)nc(N)n1,7.301029995663981,316.1535405000001,7,4,0.5355999999999999,True
CHEMBL3702222,CDK6,50.0,nM,CC[C@@H](C)n1c2cnccc2c2cnc(Nc3ccc(N4CC[C@@H](O)C4)cn3)nc21,7.301029995663981,403.21205842000006,7,2,3.6601000000000017,True
CHEMBL3655773,CDK2,50.0,nM,CC[C@H](Nc1nc(NCc2cccc(C)n2)c2ncn(C(C)C)c2n1)[C@@H](C)O,7.301029995663981,383.243358548,7,3,3.294020000000002,True
CHEMBL3655771,CDK2,50.0,nM,CC[C@H](Nc1nc(NCc2cc(C)nc(C)c2)c2ncn(C(C)C)c2n1)[C@@H](C)O,7.301029995663981,397.259008612,7,3,3.6024400000000028,True
CHEMBL1964247,CDK1,50.0,nM,CN(C)S(=O)(=O)c1ccc(N/C=C2\C(=O)Nc3ccc4ncsc4c32)cc1,7.301029995663981,400.066382372,6,2,2.9517000000000007,True
CHEMBL3655767,CDK2,50.0,nM,CC[C@H](Nc1nc(NC2CC2)c2ncn(C(C)C)c2n1)[C@@H](C)O,7.301029995663981,318.21680945199995,6,3,2.552800000000001,True
CHEMBL4741442,CDK1,50.0,nM,C[C@H](CO)Nc1nc(Nc2ccc(S(N)(=O)=O)cc2)ncc1Br,7.301029995663981,401.015722472,7,4,1.4227999999999996,True
CHEMBL2012309,CDK1,50.0,nM,Cn1cc(Nc2ncc3cnn(C4CCC5(CC5)C4)c3n2)cc1C(N)=O,7.301029995663981,351.180758292,5,2,2.5124999999999997,True
CHEMBL3702054,CDK4,50.0,nM,COc1nccc2c3cnc(Nc4ccc(N5CCC(N(C)C)CC5)cn4)nc3n(C3CCCC3)c12,7.301029995663981,486.28555770800006,8,1,4.772200000000004,True
CHEMBL5880147,CDK9,50.0,nM,O=C(Nc1cc(-c2ccc3ncn(Cc4cccnc4)c3c2)c(Cl)cn1)[C@@H]1CCCNC1,7.301029995663981,446.1621870360001,5,2,4.133100000000002,True
CHEMBL4764656,CDK1,50.0,nM,C[C@H](CO)Nc1nc(Nc2ccc(S(N)(=O)=O)cc2)ncc1Br.Cl,7.301029995663981,436.992400184,7,4,1.8445999999999994,True
CHEMBL5836990,CDK1,50.8,nM,Cc1nc2c(F)cc(-c3nc(Nc4ccc5c(n4)CCNC5)ncc3F)cc2n1C(C)C,7.29413628771608,435.1983001760001,6,2,4.445120000000003,True
CHEMBL4745398,CDK9,50.9,nM,CC(C)Nc1cccc(-c2ccnc(Nc3ccc4c(c3)N(C(C)C)[C@H](C)C(=O)N4C)n2)c1,7.293282217663242,444.26375964400006,6,2,5.287200000000005,True
CHEMBL3648086,CDK2,51.0,nM,CCOC(=O)N=S(=O)(CC)c1ccc(Nc2ncc(Br)c(N[C@@H](COC)[C@H](C)O)n2)cc1,7.292429823902063,529.099452096,9,3,3.793700000000002,True
CHEMBL3644027,CDK1,51.0,nM,COC[C@@H](C)Oc1nc(Nc2ccc(S(C)(=O)=O)cc2)ncc1C(F)(F)F,7.292429823902063,405.097011716,7,1,3.0562000000000014,True
CHEMBL5499697,CDK2,51.0,nM,N[C@H]1CCN(c2c3c(nc4ccc(-c5ccnc(NC(=O)C6CC6)c5)cc24)CCCC3)C1,7.292429823902063,427.237210548,5,2,4.061500000000003,True
CHEMBL5862541,CDK9,51.0,nM,CC(=O)N[C@H]1CCC[C@H](C(=O)Nc2cc(-c3cnn4c3CC(C)(C)C4)c(Cl)cn2)C1,7.292429823902063,429.193152816,4,2,3.8142000000000023,True
CHEMBL3702228,CDK4,51.0,nM,CC[C@H](C)n1c2cnccc2c2cnc(Nc3ccc(N4CCNC(C)(C)C4)cn3)nc21,7.292429823902063,430.2593429600001,7,2,4.277300000000003,True
CHEMBL5774630,CDK6,51.0,nM,COCCNS(=O)(=O)c1ccc(Nc2ncc(F)c(-c3cc(F)c4c(c3)N(C(C)C)CCO4)n2)cc1,7.292429823902063,519.1751817840001,8,2,3.697300000000002,True
CHEMBL271953,CDK1,51.0,nM,NS(=O)(=O)c1ccc(N/N=C2\C(=O)Nc3ccc(C(=O)NCc4cccnc4)cc32)cc1,7.292429823902063,450.111024056,7,4,1.4272999999999998,True
CHEMBL5885528,CDK9,51.0,nM,O=C(Nc1cc(-c2ccc3ccn(Cc4cccc(F)c4)c3c2)c(Cl)cn1)[C@@H]1CCCNC1,7.292429823902063,462.162267288,3,2,5.482200000000004,True
CHEMBL4552628,CDK2,51.0,nM,Cc1sc(C(=O)N[C@@H]2[C@H](N)CCCC2(F)F)cc1-c1cnn2cc(Cl)cnc12,7.292429823902063,425.08886531600007,5,2,3.664520000000002,True
CHEMBL3668365,CDK9,51.0,nM,CN1CCC(c2cc3c(-c4cccc(NCCSc5ccccc5)n4)ccnc3[nH]2)CC1,7.292429823902063,443.21436692800006,5,2,5.638300000000005,True
CHEMBL3691634,CDK4,51.0,nM,CN(C)C(=O)c1cc2cnc(Nc3ccc(N4C(=O)CN5CCC4CC5)cn3)nc2n1C1CCCC1,7.292429823902063,488.2648222640001,7,1,3.1978000000000018,True
CHEMBL3668426,CDK9,51.0,nM,CN1CCC(c2cc3c(-c4nc(NCc5ccncc5)ccc4Cl)ccnc3[nH]2)CC1,7.292429823902063,432.18292248000006,5,2,5.094600000000004,True
CHEMBL3914190,CDK9,51.0,nM,CN(C)C(=O)CN1CC=C(c2[nH]c3nccc4c3c2CN(C)c2ccc(F)cc2-4)CC1,7.292429823902063,419.212138672,4,1,3.496100000000002,True
CHEMBL3951638,CDK9,51.0,nM,CN1Cc2c(C3=CCN([C@H]4CC[C@H](C(=O)O)CC4)CC3)[nH]c3nccc(c23)-c2cc(F)ccc21,7.292429823902063,460.22745438800007,4,2,5.051300000000005,True
CHEMBL3981660,CDK9,51.0,nM,CN1Cc2c(C3=CCN(CC(=O)N4CCC[C@@H]4CO)CC3)[nH]c3ncc(F)c(c23)-c2cc(F)ccc21,7.292429823902063,493.22893160800004,5,2,3.530300000000002,True
CHEMBL4208172,CDK2,51.1,nM,CCN1CCN(Cc2ccc(Nc3ncc(F)c(-c4cc(F)c5nc6n(c5c4)C(C)(C)CC6)n3)nc2)CC1,7.291579099865287,518.2717994640001,7,1,4.728900000000003,True
CHEMBL5440832,CDK1,51.97,nM,COc1ccc(Cc2nnc(N3CCN(C(=O)Nc4ccc(OC)cc4)CC3)c3ccccc23)cc1,7.284247283177141,483.227039788,6,1,4.591900000000004,True
CHEMBL1964242,CDK1,52.0,nM,O=C1Nc2ccc3ncsc3c2/C1=C/Nc1ccc(S(=O)(=O)NCc2ccccc2)cc1,7.2839966563652,462.08203243599996,6,3,4.179900000000003,True
CHEMBL150261,CDK1,52.0,nM,N[C@H]1CC[C@H](Nc2nc(NCc3ccccc3)c3ncn(C4CCCC4)c3n2)CC1,7.2839966563652,405.264093992,6,3,4.235300000000003,True
CHEMBL563672,CDK1,52.0,nM,C[C@@H]1CNc2c(sc3ccc(OCC4CC4)cc23)C(=O)N1,7.2839966563652,302.108898816,4,2,3.233900000000001,True
CHEMBL3702115,CDK6,52.0,nM,Fc1nccc2c3cnc(Nc4ccc(CN5CCNCC5)cn4)nc3n(C3CCCC3)c12,7.2839966563652,446.2342710840001,7,2,3.7775000000000025,True
CHEMBL363069,CDK2,52.0,nM,Nc1nc2ccc(C(=O)c3c(Cl)cccc3Cl)cn2c1C(=O)c1c(F)cc(O)cc1F,7.2839966563652,461.01455301199996,5,2,4.669100000000002,True
CHEMBL3945173,CDK9,52.0,nM,CN1Cc2c(C3=CCN(CC(=O)N4CC(O)C4)CC3)[nH]c3nccc(c23)-c2cc(F)c(F)cc21,7.2839966563652,465.19763148000004,5,2,2.7501000000000015,True
CHEMBL522891,CDK1,52.0,nM,O=C(Nc1c[nH]nc1-c1nc2ccccc2[nH]1)c1ccccc1,7.2839966563652,303.112010036,3,3,3.205300000000001,True
CHEMBL3668450,CDK9,52.0,nM,CN1CCC(c2cc3c(-c4cc(NCC5CCOCC5)ccc4F)ccnc3[nH]2)CC1,7.2839966563652,422.24818983200004,4,2,5.016700000000004,True
CHEMBL3970274,CDK9,52.0,nM,CN1Cc2c(C3=CCN(CC(=O)N4CC[C@H](O)C4)CC3)[nH]c3ncc(F)c(c23)-c2cc(F)ccc21,7.2839966563652,479.21328154400004,5,2,3.140200000000001,True
CHEMBL2426382,CDK2,52.0,nM,Cc1ccc(NC(=S)NC(=O)c2cn(-c3ccccc3)nc2-c2ccc(C)cc2)cc1,7.2839966563652,426.151432324,3,2,5.2829400000000035,True
CHEMBL5954358,CDK9,52.0,nM,Nc1ccc(CCNc2cc(-c3ccc4ncn(Cc5cccc(F)c5)c4c3)c(Cl)cn2)cc1,7.2839966563652,471.16260163600003,4,2,6.175900000000004,True
CHEMBL3644032,CDK4,52.0,nM,C[C@@H](O)[C@@H](C)Oc1nc(Nc2ccc(S(=O)(=O)C3CC3)cc2)ncc1C(F)(F)F,7.2839966563652,431.11266178,7,2,3.3232000000000017,True
CHEMBL1800456,CDK2,52.0,nM,Nc1nc(-c2cc(N3C[C@H](O)[C@@H](O)C3)ccc2O)cc(C2CCCCC2)n1,7.2839966563652,370.200490692,7,4,2.0208999999999993,True
CHEMBL522891,CDK2,52.0,nM,O=C(Nc1c[nH]nc1-c1nc2ccccc2[nH]1)c1ccccc1,7.2839966563652,303.112010036,3,3,3.205300000000001,True
CHEMBL6149813,CDK6,52.0,nM,CC(=O)N1CCN(c2ccc(Nc3ncc(F)c(-c4ccc5c(c4)OC4(CCN(C(C)=O)CC4)CC5=O)n3)nc2)CC1,7.2839966563652,573.249980724,9,1,3.4361000000000024,True
CHEMBL5199076,CDK1,52.0,nM,Cc1cc2c(C(N)=O)c(N)n(-c3c(C)ccc(O)c3C)c2nc1C,7.2839966563652,324.15862588,4,3,2.645880000000001,True
CHEMBL3301610,CDK2,52.2,nM,CCN1CCN(Cc2ccc(Nc3ncc(F)c(-c4cc(F)c5nc(C)n(C(C)C)c5c4)n3)nc2)CC1,7.282329496997738,506.2717994640001,7,1,4.936920000000004,True
CHEMBL4863726,CDK2,52.86,nM,Cc1n[nH]c2ccc(-c3cncc(NC4CCCC(O)C4)n3)cc12,7.276872841204309,323.17461029200007,5,3,3.0437200000000013,True
CHEMBL4562323,CDK1,53.0,nM,CC(C)c1cnn2c(NCc3ccccc3-n3cccn3)nc(OC3CCCNC3)nc12,7.275724130399211,432.23860751600006,7,2,3.1763000000000012,True
CHEMBL3641944,CDK4,53.0,nM,CNC1CCN(c2ccc(Nc3ncc4c5ccncc5n([C@H](C)CO)c4n3)nn2)CC1,7.275724130399211,433.23385648400006,9,3,2.2546,True
CHEMBL189350,CDK2,53.0,nM,Nc1nc2ccc(C(=O)c3c(Cl)cccc3Cl)cn2c1C(=O)c1c(F)cccc1F,7.275724130399211,445.019638392,4,1,4.9635000000000025,True
CHEMBL3983849,CDK9,53.0,nM,CN1Cc2c(C3=CCN(CC(=O)N(C)C4CC(O)C4)CC3)[nH]c3nccc(c23)-c2cc(F)c(F)cc21,7.275724130399211,493.22893160800004,5,2,3.5287000000000015,True
CHEMBL5864667,CDK9,53.0,nM,CC(=O)N[C@@H]1CCC[C@H](C(=O)Nc2cc(-c3cnn4c3CCC(C)C4)c(Cl)cn2)C1,7.275724130399211,429.193152816,4,2,3.8142000000000023,True
CHEMBL3641911,CDK6,53.0,nM,OCCCn1c2cnccc2c2cnc(Nc3ccc(N4CCNCC4)nn3)nc21,7.275724130399211,405.2025563560001,9,3,1.3050999999999995,True
CHEMBL3668490,CDK9,53.0,nM,CS(=O)(=O)N1CC=C(c2cc3c(-c4cccc(F)c4F)ccnc3[nH]2)CC1,7.275724130399211,389.1009542240001,3,1,3.5568000000000017,True
CHEMBL251739,CDK1,53.0,nM,CCN(CC)C(=O)c1cccc2[nH]c(-c3n[nH]c4ncc(-c5cncc6ccccc56)cc34)nc12,7.275724130399211,461.19640835600006,5,2,5.198400000000004,True
CHEMBL5172659,CDK2,53.0,nM,COc1ccc2c(c1)/C(=N/NC(=O)c1cc3cc(Br)ccc3o1)C(=O)N2,7.275724130399211,413.001117964,5,2,3.2901000000000007,True
CHEMBL5985210,CDK9,53.0,nM,CN(C)S(=O)(=O)NCC(=O)Nc1cc(-c2ccc3ncn(Cc4cccc(F)c4)c3c2)c(Cl)cn1,7.275724130399211,516.114665464,5,2,3.273600000000002,True
CHEMBL3668506,CDK9,53.0,nM,COc1ccc(F)cc1-c1ccnc2[nH]c(C3=CCN(CC(=O)N4CCC[C@H]4CO)CC3)cc12,7.275724130399211,464.222369008,5,2,3.450000000000002,True
CHEMBL1080569,CDK2,53.0,nM,N[C@H](CNc1nnc(-c2ccc3cnccc3c2)s1)Cc1ccc(C(F)(F)F)cc1,7.275724130399211,429.123501236,6,2,4.754000000000003,True
CHEMBL5398705,CDK1,53.77,nM,O=C(Nc1ccccc1)N1CCN(c2nnc(Cc3ccccc3)c3ccccc23)CC1,7.26945996352288,423.20591042,4,1,4.5747000000000035,True
CHEMBL3702246,CDK4,54.0,nM,c1cc2c3cnc(Nc4ccc(N5CCNCC5)nn4)nc3n(C3CCC3)c2cn1,7.267606240177031,401.2076417360001,8,2,2.6477000000000004,True
CHEMBL6120299,CDK6,54.0,nM,CC(=O)N1CCC2(CC1)CC(=O)c1ccc(-c3nc(Nc4ccc(C5CCNCC5)cn4)ncc3F)cc1O2,7.267606240177031,530.244167072,8,2,4.234600000000003,True
CHEMBL83499,CDK2,54.0,nM,O=C1Nc2ccc(F)c3c(NCCO)cc(-c4ccc[nH]4)c1c23,7.267606240177031,311.107004908,3,4,2.943900000000001,True
CHEMBL5571022,CDK1,54.0,nM,CN(C)C(=O)c1cc2cnc(Nc3ccc(S(N)(=O)=O)cc3)nc2n1C1CCCC1,7.267606240177031,428.163059628,6,2,2.6392000000000007,True
CHEMBL3691672,CDK4,54.0,nM,CN(C)C(=O)c1cc2cnc(Nc3ccc(N4C[C@H]5CC[C@@H](CC4=O)N5)cn3)nc2n1C1CCC1,7.267606240177031,474.2491722000001,7,2,2.854,True
CHEMBL5974261,CDK9,54.0,nM,CC(Cc1cnccn1)Nc1cc(-c2ccc3ncn(Cc4cccc(F)c4)c3c2)c(Cl)cn1,7.267606240177031,472.157850604,5,1,5.772200000000004,True
CHEMBL3930577,CDK9,54.0,nM,CN1Cc2c(C3=C[C@@H]4COC(=O)N4CC3)[nH]c3nccc(c23)-c2cc(F)c(F)cc21,7.267606240177031,408.139782256,4,1,4.065800000000003,True
CHEMBL3648081,CDK2,54.0,nM,C[C@H](O)[C@@H](C)Oc1nc(Nc2ccc(S(=O)(CCO)=NS(=O)(=O)CC[Si](C)(C)C)cc2)ncc1Br,7.267606240177031,608.079415406,9,3,3.618000000000003,True
CHEMBL271137,CDK2,54.0,nM,NS(=O)(=O)c1ccc(N/C=C2\C(=O)Nc3cccc(CO)c32)cc1,7.267606240177031,345.07832696,5,4,1.2314000000000003,True
CHEMBL271822,CDK2,54.0,nM,COc1ccc2c(c1Cl)/C(=N/Nc1ccc(S(N)(=O)=O)cc1)C(=O)N2,7.267606240177031,380.034603576,6,3,1.764299999999999,True
CHEMBL5976683,CDK2,54.1,nM,Cc1nc2c(F)cc(-c3nc(Nc4ccc5c(n4)CCN(C(=O)NCCN(C)C)C5)ncc3F)cc2n1C(C)C,7.266802734893431,549.2776131160001,7,2,4.428720000000004,True
CHEMBL5572638,CDK2,54.81,nM,Cl.N[C@H]1CCN(c2c3c(nc4ccc(-c5ccnc(NC(=O)C6CC6)n5)cc24)CCCC3)C1,7.2611401979278,464.20913722800003,6,2,3.878300000000003,True
CHEMBL4466497,CDK2,54.9,nM,Cc1nc2c(F)cc(-c3nc(Nc4ccc5c(n4)CCN(CCN(C)C)C5)ncc3F)cc2n1C(C)(C)C,7.260427655549908,520.2874495280001,7,1,4.893220000000005,True
CHEMBL3648128,CDK1,55.0,nM,CC(C)(O)CSc1nc(Nc2ccc(S(C)(=N)=O)cc2)ncc1Br,7.259637310505756,430.01327994800005,7,3,3.8811700000000027,True
CHEMBL5986250,CDK4,55.0,nM,Fc1cnc(Nc2ccc(N3CCOCC3)cn2)nc1-c1cc(F)c2c(c1)N(C1CCC1)CCO2,7.259637310505756,480.208530512,8,1,4.148300000000003,True
CHEMBL549675,CDK2,55.0,nM,CNC(=O)c1nn(C)c2c1C(C)(C)Cc1cnc(Nc3ccc(CN4CCN(C)CC4)cc3)nc1-2,7.259637310505756,474.28555770800006,7,2,2.561400000000001,True
CHEMBL1241758,CDK1,55.0,nM,O=C(Nc1cc(C2CCC2)c[nH]1)Nc1cccc2ccncc12,7.259637310505756,306.148061196,2,3,4.474400000000002,True
CHEMBL2158845,CDK1,55.0,nM,NS(=O)(=O)c1cccc(Nc2nccc(-c3ccnc(N4CCOCC4)c3)n2)c1,7.259637310505756,412.13175950000004,8,2,1.7661999999999998,True
CHEMBL2163999,CDK2,55.0,nM,N[C@H]1CC[C@H](Nc2cc(Nc3ccc(F)c(Cl)c3)n3nccc3n2)CC1,7.259637310505756,374.14220054000003,5,3,3.9472000000000023,True
CHEMBL3668470,CDK9,55.0,nM,CN(Cc1ccccc1)c1ccc(Cl)c(-c2ccnc3[nH]c(C4CCCNC4)cc23)n1,7.259637310505756,431.18767351200006,4,2,5.381700000000005,True
CHEMBL3668448,CDK9,55.0,nM,CC(=O)N1CCC(CNc2ccc(Cl)c(-c3ccnc4[nH]c(C5CCN(C)CC5)cc34)n2)CC1,7.259637310505756,480.2404373560001,5,2,4.757900000000004,True
CHEMBL258805,CDK1,55.0,nM,COc1ccc2c(c1)/C(=C/c1cnc[nH]1)C(=O)N2,7.259637310505756,241.085126592,3,2,1.9109999999999994,True
CHEMBL1081830,CDK2,55.3,nM,N[C@H](CNc1ncc(-c2ccc3nnn(N)c3c2)s1)Cc1ccc(C(F)(F)F)cc1,7.257274868695301,433.129649236,7,3,3.269300000000001,True
CHEMBL3668518,CDK9,56.0,nM,COc1ccc(F)cc1-c1ccnc2[nH]c(C3CCN(CC(=O)N(C)CCO)CC3)cc12,7.251811972993799,440.222369008,5,2,3.0077000000000016,True
CHEMBL3698705,CDK4,56.0,nM,CC1CCN(c2ccc(Nc3ncc4c5ccncc5n(C5CCCC5)c4n3)nc2)C1,7.251811972993799,413.2327938640001,6,1,5.079400000000003,True
CHEMBL3908787,CDK9,56.0,nM,CN(C)C(=O)CN1CC=C(c2[nH]c3ncc(F)c4c3c2CN(C)c2ccccc2-4)CC1,7.251811972993799,419.21213867200004,4,1,3.496100000000003,True
CHEMBL3668487,CDK9,56.0,nM,COc1ccc(F)cc1-c1ccnc2[nH]c(C3=CCN(Cc4ccc(NC(C)=O)cc4)CC3)cc12,7.251811972993799,470.211804324,4,2,5.625300000000005,True
CHEMBL2426399,CDK2,56.0,nM,COc1ccc(NC(=S)NC(=O)c2cn(-c3ccccc3)nc2-c2ccccc2)cc1,7.251811972993799,428.13069688,4,2,4.674700000000003,True
CHEMBL5396524,CDK4,56.0,nM,Sc1nnc(-c2c[nH]c3ccccc23)n1/N=C/c1ccc(Cl)cc1,7.251811972993799,353.050194064,4,2,4.250700000000002,True
CHEMBL5978284,CDK9,56.0,nM,C[C@H](c1cccc(F)c1)n1nnc2ccc(-c3cc(NC(=O)[C@@H]4CCCNC4)ncc3Cl)cc21,7.251811972993799,478.168415288,5,2,4.833200000000003,True
CHEMBL5881904,CDK9,56.0,nM,O=C(Nc1cc(-c2cnc3ccn(Cc4cncc(F)c4)c3c2)c(Cl)cn1)[C@@H]1CCCNC1,7.251811972993799,464.15276522400006,5,2,4.272200000000003,True
CHEMBL5847275,CDK9,56.0,nM,O=C(Nc1cc(-c2ccc3nnn(Cc4cccc(F)c4)c3c2)c(Cl)cn1)[C@@H]1CCCNC1,7.251811972993799,464.15276522400006,5,2,4.272200000000003,True
CHEMBL232556,CDK2,56.0,nM,Cc1cc(N2C(=O)CN(C)C2=O)c2oc(-c3ccc(O)c(O)c3)c(O)c(=O)c2c1,7.251811972993799,396.0957508519999,7,3,2.283620000000001,True
CHEMBL5944626,CDK4,56.0,nM,CC(C)N1CCOc2c(F)cc(-c3nc(Nc4ccc5c(c4)CC(N(C)C)CC5)ncc3F)cc21,7.251811972993799,479.24966705200006,6,1,5.191500000000005,True
CHEMBL3668507,CDK9,56.0,nM,COc1ccc(F)cc1-c1ccnc2[nH]c(C3=CCN(C(=O)[C@H]4C[C@@H](O)CN4)CC3)cc12,7.251811972993799,436.19106888,5,3,2.716100000000001,True
CHEMBL3976947,CDK9,56.0,nM,CN1Cc2c(C3=CCC(N[C@H](C(=O)O)c4ccccc4)CC3)[nH]c3nccc(c23)-c2cc(F)ccc21,7.251811972993799,482.21180432400007,4,3,5.670200000000005,True
CHEMBL1230165,CDK1,56.0,nM,O=C(O)c1ccc2c(c1)nc(Nc1cccc(Cl)c1)c1ccncc12,7.251811972993799,349.061804304,4,2,4.878200000000002,True
CHEMBL1234086,CDK1,56.0,nM,CNS(=O)(=O)Cc1ccc(N/N=C2\C(=O)Nc3ccc4ncsc4c32)cc1,7.251811972993799,401.06163134,7,3,2.1137999999999995,True
CHEMBL115933,CDK2,56.0,nM,O=C(Cc1ccc(-c2ccccc2)cc1)Nc1cc(C2CC2)[nH]n1,7.251811972993799,317.1528122280001,2,2,4.135300000000002,True
CHEMBL519422,CDK2,56.0,nM,CCn1c(-c2ccnc(Nc3ccc(C(=O)NC)cc3)n2)cnc1C,7.251811972993799,336.16985926,5,2,2.7716200000000013,True
CHEMBL3640009,CDK4,56.0,nM,[C-]#[N+]CC1CCN(c2ccc(Nc3ncc4c5ccnc(F)c5n(C5CCCC5)c4n3)nc2)CC1,7.251811972993799,470.23427108400006,6,1,5.507990000000005,True
CHEMBL6142087,CDK1,56.0,nM,Cc1ccc(O)c(C)c1-n1c(N)c(C(N)=O)c2c(=O)n(CC(F)(F)F)c(C)nc21,7.251811972993799,409.13617409600005,5,3,2.06146,True
CHEMBL4860265,CDK2,56.13,nM,Cc1n[nH]c2ccc(-c3cncc(N[C@@H](CO)c4ccc(F)cc4)n3)cc12,7.250804957780327,363.14953841600004,5,3,3.6129200000000017,True
CHEMBL3698656,CDK6,57.0,nM,c1cc2c3cnc(Nc4ccc(N5CCNCC5)cn4)nc3n(C3CCOCC3)c2cn1,7.244125144327507,430.222957452,8,2,2.879200000000001,True
CHEMBL5583697,CDK1,57.0,nM,Cn1cnc(S(=O)(=O)N2CCC(Nc3ncc(C(F)(F)F)c(-c4cnn(CC(F)(F)F)c4)n3)CC2)c1,7.244125144327507,538.1334122000001,7,1,2.919900000000001,True
CHEMBL3969304,CDK9,57.0,nM,CN1Cc2c(C3=CC4CCCC(C3)N4CC(=O)N3CCC[C@H]3CO)[nH]c3nccc(c23)-c2cc(F)ccc21,7.244125144327507,515.2696535480001,5,2,4.312300000000003,True
CHEMBL4453997,CDK2,57.0,nM,COc1ccc(-c2n[nH]c3c2C(=O)c2c(C=O)cccc2-3)cc1,7.244125144327507,304.084792244,4,1,3.1092000000000013,True
CHEMBL372464,CDK4,57.0,nM,COc1ccc(Nc2nc(Nc3ccc4[nH]cnc4c3)ncc2C(F)(F)F)cc1,7.244125144327507,400.12594376000004,6,3,4.8675000000000015,True
CHEMBL6026079,CDK9,57.0,nM,Fc1cccc(Cn2cnc3ccc(-c4cc(NCCCNc5ccccc5)ncc4Cl)cc32)c1,7.244125144327507,485.1782517000001,4,2,6.853200000000004,True
CHEMBL3691635,CDK4,57.0,nM,CN(C)C(=O)c1cc2cnc(Nc3ccc(N4CCN5CCCC5C4=O)cn3)nc2n1C1CCCCC1,7.244125144327507,502.28047232800003,7,1,3.587900000000002,True
CHEMBL5192139,CDK9,57.0,nM,COc1cc(F)ccc1-c1ccnc2[nH]c(C3CCNCC3)nc12,7.244125144327507,326.15428944800004,4,2,3.239600000000001,True
CHEMBL6147545,CDK6,57.0,nM,CC(=O)N1CCC2(CC1)CC(=O)c1ccc(-c3nc(Nc4ccc(N5CCC(N(C)C)CC5)cn4)ncc3F)cc1O2,7.244125144327507,573.2863662320001,9,1,4.298000000000004,True
CHEMBL3301610,CDK9,57.0,nM,CCN1CCN(Cc2ccc(Nc3ncc(F)c(-c4cc(F)c5nc(C)n(C(C)C)c5c4)n3)nc2)CC1,7.244125144327507,506.2717994640001,7,1,4.936920000000004,True
CHEMBL3641957,CDK4,57.0,nM,CN(C)C1CCN(c2ccc(Nc3ncc4c5ccncc5n([C@H]5CCC[C@@H]5O)c4n3)nc2)CC1,7.244125144327507,472.269907644,8,2,3.7344000000000026,True
CHEMBL3698663,CDK4,57.0,nM,C[C@H](C1CCCCC1)n1c2cnccc2c2cnc(Nc3ccc(N4CCNCC4)cn3)nc21,7.244125144327507,456.2749930240001,7,2,4.669000000000004,True
CHEMBL1080891,CDK2,57.0,nM,Cc1n[nH]c2ccc(-c3nnc(NC[C@@H](N)Cc4ccccc4Cl)s3)cc12,7.244125144327507,398.10804328800003,6,3,4.025120000000001,True
CHEMBL3668554,CDK9,57.0,nM,COc1ccc(F)cc1-c1ccnc2[nH]c(C3=CCN([C@H]4CC[C@H](CC(=O)O)CC4)CC3)cc12,7.244125144327507,463.22712003999993,4,2,5.500200000000005,True
CHEMBL3952127,CDK9,57.0,nM,CN1Cc2c(C3=CCN([C@H]4CC[C@H](C(=O)O)CC4)CC3)[nH]c3nccc(c23)-c2cc(F)c(F)cc21,7.244125144327507,478.21803257600004,4,2,5.190400000000005,True
CHEMBL5199352,CDK9,57.0,nM,COc1cc(C(=O)N2CCCC2)ccc1-c1ccnc2[nH]c(C3CCOCC3)cc12,7.244125144327507,405.205241724,4,1,4.368500000000004,True
CHEMBL3942947,CDK9,57.0,nM,CN1Cc2c(C3=CCN(CC(=O)N(CCO)CCO)CC3)[nH]c3nccc(c23)-c2cc(F)ccc21,7.244125144327507,479.23326804000004,6,3,2.2211,True
CHEMBL5784667,CDK2,57.9,nM,Cc1nc2c(F)cc(-c3nc(Nc4ccc5c(n4)CCN(C(=O)C(C)N(C)C)C5)ncc3F)cc2n1C(C)C,7.2373214362725635,534.2667140840001,7,1,4.634220000000004,True
CHEMBL3982368,CDK9,58.0,nM,CN1Cc2c(C3=C[C@H](CO)NCC3)[nH]c3nccc(c23)-c2cc(F)c(F)cc21,7.236572006437063,382.1605177,4,3,3.195500000000001,True
CHEMBL3641920,CDK6,58.0,nM,O[C@@H]1CCC[C@@H]1n1c2cnccc2c2cnc(Nc3ccc(N4CCNCC4)cn3)nc21,7.236572006437063,430.2229574520001,8,3,2.6136,True
CHEMBL2426389,CDK2,58.0,nM,O=C(NC(=S)Nc1ccc(Cl)cc1)c1cn(-c2ccccc2)nc1-c1ccc(Cl)cc1,7.236572006437063,466.04218749200004,3,2,5.972900000000003,True
CHEMBL2403088,CDK1,58.0,nM,NC1CCC(Nc2nc(NCc3ccc(-n4cccn4)cc3)c3ncn(C4CCCC4)c3n2)CC1,7.236572006437063,471.2858920560001,7,3,4.421000000000003,True
CHEMBL3907184,CDK9,58.0,nM,CN1Cc2c(C3=CCN(C4CCC(=CC(=O)O)CC4)CC3)[nH]c3nccc(c23)-c2cc(F)ccc21,7.236572006437063,472.22745438800007,4,2,5.361500000000005,True
CHEMBL3917273,CDK9,58.0,nM,CN1Cc2c(C3=CCN([C@H]4CC[C@@H](CC(=O)O)CC4)CC3)[nH]c3nccc(c23)-c2cc(F)c(F)cc21,7.236572006437063,492.23368264000004,4,2,5.580500000000005,True
CHEMBL5431565,CDK1,58.4,nM,O=C(Nc1ccc(Cl)cc1)N1CCN(c2nnc(Cc3ccccc3)c3ccccc23)CC1,7.2335871528876,457.166938068,4,1,5.228100000000005,True
CHEMBL4643057,CDK2,58.8,nM,C=CC(=O)Nc1cccc(C(=O)Nc2ncc(SCc3ncc(C(C)(C)C)o3)s2)c1,7.230622673923861,442.113332564,7,2,5.097700000000004,True
CHEMBL560301,CDK2,59.0,nM,CNC(=O)c1nn(C)c2c1C(C)(C)Cc1cnc(Nc3ccc(N(C)C)cc3)nc1-2,7.229147988357855,405.22770848400006,6,2,2.8800000000000017,True
CHEMBL3641986,CDK4,59.0,nM,CNC1CCN(c2ccc(Nc3ncc4c5ccncc5n([C@@H]5CCOC5)c4n3)nn2)CC1,7.229147988357855,445.23385648400006,9,2,2.662700000000001,True
CHEMBL3702181,CDK4,59.0,nM,CN(C)C1CCN(c2ccc(Nc3ncc4c5ccncc5n(C5CCS(=O)(=O)CC5)c4n3)nc2)CC1,7.229147988357855,520.236893264,9,1,3.398200000000002,True
CHEMBL3702216,CDK6,59.0,nM,CC[C@@H](C)n1c2cnccc2c2cnc(Nc3ccc(N4CCC(N(C)C)CC4)nn3)nc21,7.229147988357855,445.27024199200014,8,1,4.0145000000000035,True
CHEMBL2426388,CDK2,59.0,nM,O=C(NC(=S)Nc1ccc(F)cc1)c1cn(-c2ccccc2)nc1-c1ccc(Cl)cc1,7.229147988357855,450.071738032,3,2,5.458600000000003,True
CHEMBL564470,CDK2,59.0,nM,CNC(=O)c1nn(C)c2c1C(C)(C)Cc1cnc(Nc3cccc(CN4CCN(C)CC4)c3)nc1-2,7.229147988357855,474.28555770800006,7,2,2.561400000000001,True
CHEMBL2386747,CDK4,59.0,nM,COC(=N)c1nc2ccc3ncnc(Nc4ccc(Cl)cc4Cl)c3c2s1,7.229147988357855,403.00613633200004,7,2,5.261670000000001,True
CHEMBL361348,CDK2,59.0,nM,CC(C)c1cnn2c(Nc3ccc(S(=O)(=O)N(C)C)cc3)cc(N[C@H]3CC[C@H](N)CC3)nc12,7.229147988357855,471.24164429600006,7,3,3.5284000000000013,True
CHEMBL5804149,CDK6,60.0,nM,CCN1CCN(Cc2ccc(Nc3ncc(F)c(-c4ncc5nc(C)n(C(C)C)c5n4)n3)nc2)CC1,7.221848749616356,490.27171921200016,9,1,3.5878200000000025,True
CHEMBL411491,CDK2,60.0,nM,NS(=O)(=O)c1ccc(N/N=C2\C(=O)Nc3ccc(Br)cc32)cc1,7.221848749616356,393.97352331200005,5,3,1.8648,True
CHEMBL407981,CDK2,60.0,nM,CCN1CCN(CCCC(=O)Nc2n[nH]c3nc(-c4ccc(O)cc4)c(Br)cc23)CC1,7.221848749616356,486.1378862039999,6,3,3.449200000000001,True
CHEMBL5083405,CDK6,60.0,nM,CCN(CC)c1cnc2ccc(-c3nc(Nc4ccc(C(=O)N5CCNCC5)cn4)ncc3F)cc2n1,7.221848749616356,501.2400847360001,9,2,3.256100000000001,True
CHEMBL6042570,CDK6,60.0,nM,CN1CCN(c2ccc(Nc3ncc(F)c(-c4ncc5nc(C(=O)N(C)C)n(C6CCCC6)c5n4)n3)nc2)CC1,7.221848749616356,545.277532864,10,1,3.1297000000000015,True
CHEMBL5827424,CDK6,60.0,nM,CC(C)c1c2ccc(-c3nc(Nc4ccc(N5CCNCC5)cn4)ncc3F)c(Cl)c2nn1C,7.221848749616356,480.1952987320001,7,2,4.494400000000002,True
CHEMBL2348155,CDK2,60.0,nM,Nc1nccc(-n2cc(-c3ccc(Cl)cc3)c3cnccc32)n1,7.221848749616356,321.078123064,4,1,3.7181000000000015,True
CHEMBL254171,CDK1,60.0,nM,O=C(Cc1ccc(-c2ccncc2)cc1)Nc1n[nH]c2ccc(N3CCCS3(=O)=O)cc12,7.221848749616356,447.136510532,5,2,3.346000000000002,True
CHEMBL3298823,CDK2,60.0,nM,O=C(CC1CNC(=O)c2cc(-c3cn[nH]c3)cn21)NCc1cccc(F)c1,7.221848749616356,367.144453036,3,3,2.0082999999999993,True
CHEMBL5861687,CDK6,60.0,nM,CC(C)N1CCOc2c(F)cc(-c3nc(Nc4cnc(C5CCNCC5)cn4)ncc3F)cc21,7.221848749616356,467.2245149240001,8,2,4.029600000000002,True
CHEMBL3655764,CDK9,60.0,nM,CC[C@H](Nc1nc(NCc2cccc(Cl)c2)c2ncn(C(C)C)c2n1)[C@@H](C)O,7.221848749616356,402.19348716400003,6,3,4.244000000000003,True
CHEMBL3937985,CDK9,60.0,nM,CC[C@H]1c2c(C3=CCN(CC(=O)N(C)C)CC3)[nH]c3nccc(c23)-c2cc(F)ccc2N1C,7.221848749616356,447.24343880000004,4,1,4.447200000000004,True
CHEMBL3673527,CDK9,60.0,nM,CS(=O)(=O)N1CCC(c2cc3c(-c4cncc(OCc5cccc(F)c5)n4)ccnc3[nH]2)CC1,7.221848749616356,481.1583888480001,6,1,3.8770000000000016,True
CHEMBL282193,CDK1,60.0,nM,CCC(C)(O)C#Cc1nc(Nc2cccc(Cl)c2)c2ncn(C(C)C)c2n1,7.221848749616356,383.1512880040001,5,2,4.3167000000000035,True
CHEMBL5884613,CDK6,60.0,nM,Cc1nc2cnc(-c3nc(Nc4ccc(N5CCNCC5)cn4)ncc3F)nc2n1C(C)C,7.221848749616356,448.2247690200001,9,2,2.8599200000000007,True
CHEMBL5897929,CDK6,60.0,nM,CCN1CCN(Cc2ccc(Nc3ncc(F)c(-c4ncnc5c4c(C#N)cn5C)n3)nc2)CC1,7.221848749616356,472.22476902000017,9,1,2.712180000000001,True
CHEMBL3702162,CDK6,60.0,nM,c1cc(-c2ccc(Nc3ncc4c5ccncc5n(C5CCCC5)c4n3)nc2)ccn1,7.221848749616356,407.1858436720001,6,1,5.295200000000004,True
CHEMBL5929572,CDK9,60.0,nM,Fc1cccc(Cn2cnc3ccc(-c4cc(NC5CC6CCCC(C5)N6)ncc4Cl)cc32)c1,7.221848749616356,475.1939017640001,4,2,6.024100000000005,True
CHEMBL5909708,CDK6,60.0,nM,CCN1CCN(Cc2ccc(Nc3ncc(F)c(-c4ccc5nnc(C(C)C)n5c4)n3)nc2)CC1,7.221848749616356,475.2608201800001,8,1,3.7249000000000025,True
CHEMBL5916431,CDK6,60.0,nM,CC(C)n1c(C(=O)N(C)C)cc2c(F)c(-c3nc(Nc4ccc(N5CCNCC5)cn4)ncc3F)ccc21,7.221848749616356,520.2510640200002,7,2,4.2074000000000025,True
CHEMBL1800465,CDK2,60.0,nM,Nc1nc(NC2CCCCC2)cc(-c2cc(N3C[C@H](O)[C@@H](O)C3)ccc2O)n1,7.221848749616356,385.211389724,8,5,1.7178,True
CHEMBL45477,CDK1,60.0,nM,CN1CCC(c2c(O)cc(O)c3c2O/C(=C\c2ccc([N+](=O)[O-])cc2)C3=O)CC1,7.221848749616356,396.13213635999995,7,2,3.431400000000002,True
CHEMBL5963377,CDK6,60.0,nM,CCN1CCN(Cc2ccc(Nc3ncc(F)c(-c4ccc5c(cc(C(=O)N(C)C)n5C(C)C)n4)n3)nc2)CC1,7.221848749616356,545.3026849920001,8,1,4.191200000000004,True
CHEMBL3702157,CDK6,60.0,nM,C1=C(c2ccc(Nc3ncc4c5ccncc5n(C5CCCC5)c4n3)nn2)CCNC1,7.221848749616356,412.2123927680001,7,2,4.004900000000001,True
CHEMBL3702199,CDK4,60.0,nM,CC1(C)CN(c2ccc(Nc3ncc4c5ccccc5n(C5CCCC5)c4n3)nn2)CCN1,7.221848749616356,442.2593429600001,7,2,4.421400000000002,True
CHEMBL6046075,CDK4,60.0,nM,CC(C)n1nc(C(N)=O)c2c(F)c(-c3nc(Nc4ccc(N5CCNCC5)cn4)ncc3F)ccc21,7.221848749616356,493.2150128600001,8,3,2.999500000000001,True
CHEMBL5829356,CDK6,60.0,nM,CC(=O)c1nc(C2CC2)n2cc(-c3nc(Nc4ccc(N5CCNCC5)cn4)ncc3F)cc(F)c12,7.221848749616356,490.20411382800006,8,2,3.697700000000002,True
CHEMBL5823740,CDK6,60.0,nM,CCN1CCN(Cc2ccc(Nc3ncc(F)c(-c4ccc5nnc(C(C)=O)n5c4)n3)nc2)CC1,7.221848749616356,475.2244346720001,9,1,2.804100000000001,True
CHEMBL365937,CDK1,60.0,nM,OCCCNc1cncc(-c2ncnc(Nc3cccc(Cl)c3)n2)c1,7.221848749616356,356.11523684400004,7,3,3.124900000000001,True
CHEMBL5869349,CDK6,60.0,nM,CC(C)n1c(C(=O)N(C)C)c(F)c2c(-c3nc(Nc4ccc(N5CCNCC5)cn4)ncc3F)ncnc21,7.221848749616356,522.2415619560002,9,2,2.9974000000000007,True
CHEMBL480442,CDK2,60.0,nM,CC(C)c1cnn2c(NCc3ccc(Cl)cc3)nc(N[C@@H](CO)C(C)C)nc12,7.221848749616356,402.19348716400003,6,3,3.942000000000002,True
CHEMBL410072,CDK1,60.0,nM,CC(C)(CO)CNC(=O)c1ccc2c(c1)/C(=N/Nc1ccc(S(N)(=O)=O)cc1)C(=O)N2,7.221848749616356,445.141989836,7,5,0.8506,True
CHEMBL5804149,CDK4,60.0,nM,CCN1CCN(Cc2ccc(Nc3ncc(F)c(-c4ncc5nc(C)n(C(C)C)c5n4)n3)nc2)CC1,7.221848749616356,490.27171921200016,9,1,3.5878200000000025,True
CHEMBL3919070,CDK9,60.0,nM,[O-][n+]1cccc(CNc2ccc(Cl)c(-c3ccnc4[nH]c(C5CCNCC5)cc34)n2)c1,7.221848749616356,434.1621870360001,5,3,3.990800000000002,True
CHEMBL6032787,CDK6,60.0,nM,Cc1nc2cnc(-c3nc(Nc4ccc(N5CCN(C)CC5)cn4)ncc3F)nc2n1C(C)C,7.221848749616356,462.2404190840001,9,1,3.2021200000000016,True
CHEMBL5823740,CDK4,60.0,nM,CCN1CCN(Cc2ccc(Nc3ncc(F)c(-c4ccc5nnc(C(C)=O)n5c4)n3)nc2)CC1,7.221848749616356,475.2244346720001,9,1,2.804100000000001,True
CHEMBL255932,CDK1,60.0,nM,Nc1ccc(CC(=O)Nc2n[nH]c3ccc(N4CCCS4(=O)=O)cc23)cc1,7.221848749616356,385.120860468,5,3,1.8661999999999999,True
CHEMBL258039,CDK1,60.0,nM,CCN(CC)c1ccc(CC(=O)Nc2n[nH]c3ccc(N4CCCS4(=O)=O)cc23)cc1,7.221848749616356,441.183460724,5,2,3.130200000000001,True
CHEMBL24484,CDK1,60.0,nM,CCC(C)(O)C#Cc1nc(NCc2ccc(Cl)cc2)c2ncn(C(C)C)c2n1,7.221848749616356,397.1669380680001,5,2,4.185200000000003,True
CHEMBL181293,CDK2,61.0,nM,CCN[C@H]1CC[C@H](Nc2cc(Nc3ccc(S(=O)(=O)N(C)C)cc3)n3ncc(C(C)C)c3n2)CC1,7.214670164989233,499.2729444240001,7,3,4.1792000000000025,True
CHEMBL4741442,CDK4,61.0,nM,C[C@H](CO)Nc1nc(Nc2ccc(S(N)(=O)=O)cc2)ncc1Br,7.214670164989233,401.015722472,7,4,1.4227999999999996,True
CHEMBL3953020,CDK9,61.0,nM,CN1Cc2c(C3=CCC(N[C@@H](Cc4ccccc4)C(=O)O)CC3)[nH]c3nccc(c23)-c2cc(F)ccc21,7.214670164989233,496.22745438800007,4,3,5.540200000000005,True
CHEMBL3668390,CDK9,61.0,nM,COc1ccc(F)cc1-c1ccnc2[nH]c(C3CCN(CC4CCOCC4)C3)cc12,7.214670164989233,409.21655535599996,4,1,4.593500000000004,True
CHEMBL3892764,CDK9,61.0,nM,CN1Cc2c(C3=CCN(CC(=O)O)CC3)[nH]c3nccc(c23)-c2cc(F)ccc21,7.214670164989233,392.164854132,4,2,3.4925000000000015,True
CHEMBL410293,CDK2,61.0,nM,NS(=O)(=O)c1ccc(N/C=C2\C(=O)Nc3cc(CO)ccc32)cc1,7.214670164989233,345.07832696,5,4,1.2313999999999998,True
CHEMBL3698663,CDK6,61.0,nM,C[C@H](C1CCCCC1)n1c2cnccc2c2cnc(Nc3ccc(N4CCNCC4)cn3)nc21,7.214670164989233,456.2749930240001,7,2,4.669000000000004,True
CHEMBL4764656,CDK4,61.0,nM,C[C@H](CO)Nc1nc(Nc2ccc(S(N)(=O)=O)cc2)ncc1Br.Cl,7.214670164989233,436.992400184,7,4,1.8445999999999994,True
CHEMBL5763679,CDK1,61.2,nM,Cc1nc2c(F)cc(-c3nc(Nc4ccc5c(n4)CCN(C(=O)CN4CCOCC4)C5)ncc3F)cc2n1C(C)C,7.213248577854439,562.261628704,8,1,4.016320000000003,True
CHEMBL5598054,CDK9,61.2,nM,N#CC1(CNc2cccc(-c3cc(Nc4cnn(Cc5ccc(C(=O)NO)cc5)c4)ncc3Cl)n2)CCOCC1,7.213248577854439,558.189464404,9,4,4.636680000000003,True
CHEMBL5950426,CDK9,61.5,nM,Cc1nc2c(F)cc(-c3nc(Nc4ccc5c(n4)CCN(C(=O)N(C)CCN(C)C)C5)ncc3F)cc2n1C1CC1,7.211124884224583,561.2776131160001,7,1,4.524920000000004,True
CHEMBL79848,CDK2,62.0,nM,O=C1Nc2ccc(F)c3c(OCCO)cc(-c4ccc[nH]4)c1c23,7.207608310501746,312.09102049600006,3,3,2.910800000000001,True
CHEMBL3702144,CDK4,62.0,nM,CC1(C)CN(C(=O)Cc2ccc(Nc3ncc4c5ccncc5n(C5CCCC5)c4n3)nc2)CCN1,7.207608310501746,484.2699076440001,7,2,3.986100000000003,True
CHEMBL488436,CDK1,62.0,nM,Cc1ncc(-c2ccnc(Nc3ccc(S(C)(=O)=O)cc3)n2)n1C(C)C,7.207608310501746,371.14159591200007,6,1,3.376520000000002,True
CHEMBL3668505,CDK9,62.0,nM,COc1ccc(F)cc1-c1ccnc2[nH]c(C3=CCN(CC(=O)N4CC(O)C4)CC3)cc12,7.207608310501746,436.19106888,5,2,2.6698000000000013,True
CHEMBL2158858,CDK1,62.0,nM,CNC(=O)Nc1ccc(-c2cc(-c3ccnc(Nc4cccc(S(N)(=O)=O)c4)n3)ccn2)cc1,7.207608310501746,475.1426585320001,7,4,3.347900000000001,True
CHEMBL3641941,CDK4,62.0,nM,C[C@H](CO)n1c2cnccc2c2cnc(Nc3ccc(N4CCNC(C)(C)C4)cn3)nc21,7.207608310501746,432.23860751600006,8,3,2.8596000000000004,True
CHEMBL6166891,CDK1,62.0,nM,Cc1ccc(O)c(C)c1-n1c(N)c(C(N)=O)c2c(=O)n(CF)c(C)nc21,7.207608310501746,359.13936765600005,5,3,1.42616,True
CHEMBL3914697,CDK9,62.0,nM,CN1Cc2c(C3=CC4CN(S(C)(=O)=O)CC4C3)[nH]c3nccc(c23)-c2cc(F)ccc21,7.207608310501746,438.15257519600004,4,1,3.613500000000002,True
CHEMBL3899222,CDK9,62.0,nM,CS(=O)(=O)N1CC=C(c2[nH]c3nccc4c3c2CNc2ccc(F)cc2-4)CC1,7.207608310501746,398.12127506800005,4,2,3.3432000000000013,True
CHEMBL3691673,CDK4,62.0,nM,CN(C)C(=O)c1cc2cnc(Nc3ccc(N4C[C@@H]5CC[C@H](CC4=O)N5S(C)(=O)=O)cn3)nc2n1C1CCCC1,7.207608310501746,566.2423725680001,8,1,2.916100000000001,True
CHEMBL379193,CDK2,62.0,nM,CCOC(=O)CCC(=O)NS(=O)(=O)c1ccc(Nc2nc(N)n(C(=O)c3c(F)cccc3F)n2)cc1,7.207608310501746,522.1133098000001,10,3,1.7187999999999992,True
CHEMBL5991865,CDK9,62.0,nM,C[C@H](c1cccc(F)c1)n1nnc2cc(F)c(-c3cc(NC(=O)[C@@H]4CCCNC4)ncc3Cl)cc21,7.207608310501746,496.1589934760001,5,2,4.972300000000004,True
CHEMBL453651,CDK2,62.0,nM,CNC(=O)c1ccc(Nc2nccc(-c3cnc(COC)n3C(C)C)n2)cc1,7.207608310501746,380.19607400800004,6,2,3.170600000000002,True
CHEMBL3668489,CDK9,62.0,nM,COc1ccc(F)cc1-c1ccnc2[nH]c(C3=CCC(C(=O)O)CC3)cc12,7.207608310501746,366.13797068799994,3,2,4.645700000000003,True
CHEMBL3960860,CDK9,62.0,nM,CN1Cc2c(C3=CCN(CC(=O)N4CCC[C@@H]4CO)CC3)[nH]c3nccc(c23)-c2cc(F)ccc21,7.207608310501746,475.23835342,5,2,3.391200000000002,True
CHEMBL408019,CDK2,62.0,nM,O=C(Nc1n[nH]c2nc(-c3cccc(O)c3)ccc12)C1CC1,7.207608310501746,294.111675688,4,3,2.6790000000000003,True
CHEMBL5844694,CDK1,62.2,nM,Cc1nc2c(F)cc(-c3nc(Nc4ccc5c(n4)CCN(C(=O)CCO)C5)ncc3F)cc2n1C(C)C,7.206209615309181,507.21942954400004,7,2,4.066520000000002,True
CHEMBL5811976,CDK2,62.4,nM,Cc1nc2c(F)cc(-c3nc(Nc4ccc5c(n4)CCN(C[C@@H]4CNCCO4)C5)ncc3F)cc2n1C(C)(C)C,7.204815410317575,548.2823641480002,8,2,4.320020000000003,True
CHEMBL5853767,CDK2,62.4,nM,Cc1nc2c(F)cc(-c3nc(Nc4ccc5c(n4)CCN(C[C@@H]4CNCCO4)C5)ncc3F)cc2n1C(C)C,7.204815410317575,534.2667140840001,8,2,4.145920000000003,True
CHEMBL5424761,CDK1,62.46,nM,O=C(c1ccccc1)N1CCN(c2nnc(Cc3ccccc3)c3ccccc23)CC1,7.20439802010582,408.195011388,4,0,4.183000000000003,True
CHEMBL5562687,CDK1,62.5,nM,Cc1ccc(O)c(C)c1-n1c(N)c(C(=O)N2CCn3ncc(C#N)c3C2)c2nc(C)c(C)nc21,7.204119982655925,456.2022220080001,7,2,2.6661600000000005,True
CHEMBL3648097,CDK2,63.0,nM,CCOc1nc(Nc2ccc(S(=N)(=O)CC)cc2)ncc1Br,7.200659450546418,384.025558884,6,2,3.8069700000000024,True
CHEMBL3668345,CDK9,63.0,nM,COc1ccc(F)cc1-c1ccnc2[nH]c(C3CNC(C)(C)CO3)cc12,7.200659450546418,355.16960516399996,4,2,3.8171000000000026,True
CHEMBL3668352,CDK9,63.0,nM,Fc1cccc(-c2c(Cl)cnc3[nH]c(C4CCCNC4)cc23)c1,7.200659450546418,329.10950344400004,2,2,4.4894000000000025,True
CHEMBL365608,CDK2,63.0,nM,C=C(c1ccc2nc(N)c(C(=O)c3c(F)cccc3F)n2c1)c1c(F)cccc1F,7.200659450546418,411.099474916,3,1,4.765400000000002,True
CHEMBL4872494,CDK9,63.0,nM,COc1ccc(F)cc1-c1ccnc2[nH]c(C3=CCC(NCC(=O)O)CC3)cc12,7.200659450546418,395.16451978399994,4,3,3.987700000000002,True
CHEMBL5894609,CDK9,63.0,nM,O=C(Nc1cc(-c2cnn3c2CCCC3)ncn1)[C@H]1C[C@H](O)C1,7.200659450546418,313.153874848,5,2,1.3857999999999997,True
CHEMBL5934929,CDK9,63.0,nM,O=C(Nc1cc(-c2ccc3ncn(Cc4cccc(F)c4)c3c2)c(Cl)cn1)C1CCc2nncn2C1,7.200659450546418,501.1480141920001,5,1,4.731700000000004,True
CHEMBL3648090,CDK1,63.0,nM,CCOC(=O)N=S(C)(=O)c1ccc(Nc2ncc(Br)c(N[C@H](C)C(C)(C)O)n2)cc1C,7.200659450546418,513.104537476,8,3,4.475620000000003,True
CHEMBL3991935,CDK4,63.0,nM,CN1CC[C@@H](c2c(O)cc(O)c3c(=O)cc(-c4ccccc4Cl)oc23)[C@@H]1CO.Cl,7.200659450546418,437.07967813199997,6,3,3.7264000000000026,True
CHEMBL3969723,CDK4,63.0,nM,CN1CC[C@@H](c2c(O)cc(O)c3c(=O)cc(-c4ccccc4Cl)oc23)[C@@H]1CO,7.200659450546418,401.10300041999994,6,3,3.304600000000002,True
CHEMBL3970239,CDK9,63.0,nM,CN1Cc2c(C3=CCNCC3)[nH]c3nccc(c23)-c2cccnc21,7.200659450546418,317.16404560800004,4,2,2.9514000000000005,True
CHEMBL3975721,CDK9,63.0,nM,CNC(=O)C1CC=C(c2[nH]c3nccc4c3c2CN(C)c2ccc(F)cc2-4)CC1,7.200659450546418,390.18558957600004,3,2,4.248300000000003,True
CHEMBL3982885,CDK9,63.0,nM,CN1Cc2c(C3=CCN([C@H]4CC[C@H](C(=O)O)CC4)CC3)[nH]c3ncc(F)c(c23)-c2ccccc21,7.200659450546418,460.22745438800007,4,2,5.051300000000005,True
CHEMBL233153,CDK1,63.0,nM,Cc1cc(N2CCCS2(=O)=O)c2oc(-c3ccc(O)c(C(F)(F)F)c3)c(O)c(=O)c2c1,7.200659450546418,455.06504289199995,6,2,3.7383200000000025,True
CHEMBL2426385,CDK2,63.0,nM,Cc1ccc(-c2nn(-c3ccccc3)cc2C(=O)NC(=S)Nc2ccc(Cl)cc2)cc1,7.200659450546418,446.096809908,3,2,5.627920000000003,True
CHEMBL3967245,CDK9,63.0,nM,CN1Cc2c(C3=CCN(CC(=O)N4CC(F)(F)C4)CC3)[nH]c3nccc(c23)-c2cc(F)ccc21,7.200659450546418,467.19329504800004,4,1,3.8854000000000024,True
CHEMBL3822989,CDK2,63.0,nM,CC(=O)N1CCC(n2cc(Nc3ncc(Cl)c(-c4cnn5ccccc45)n3)c(C)n2)CC1,7.200659450546418,450.1683350360001,6,1,3.8766200000000026,True
CHEMBL3668488,CDK9,64.0,nM,COc1ccc(F)cc1-c1ccnc2[nH]c(C3=CCN(S(=O)(=O)N(C(=O)O)C(C)(C)C)CC3)cc12,7.1938200260161125,502.1686191839999,5,2,4.490000000000004,True
CHEMBL3691563,CDK4,64.0,nM,CN(C)C(=O)c1cc2cnc(Nc3ccc(C(=O)N4CCN5CCCC5C4)cn3)nc2n1C1CCCC1,7.1938200260161125,502.2804723280001,7,1,3.3070000000000013,True
CHEMBL541448,CDK1,64.0,nM,COc1cccc(COc2ccc3sc4c(c3c2)NC[C@@H](C)NC4=O)c1,7.1938200260161125,368.1194635,5,2,4.032700000000003,True
CHEMBL3668403,CDK9,64.0,nM,COc1ccc(F)cc1-c1ccnc2[nH]c([C@H]3CC[C@H](NCCCC(=O)O)CC3)cc12,7.1938200260161125,425.21146997599993,4,3,4.858200000000003,True
CHEMBL3932928,CDK9,64.0,nM,CN1Cc2c(C3=CCC(N[C@H](C(=O)O)C(C)(C)C)CC3)[nH]c3nccc(c23)-c2cc(F)ccc21,7.1938200260161125,462.24310445200007,4,3,5.343600000000004,True
CHEMBL4861217,CDK9,64.0,nM,COc1ccc(F)cc1-c1ccnc2[nH]c(C3=CCN([C@H]4CC[C@@H](C(=O)O)CC4)CC3)cc12,7.1938200260161125,449.21146997599993,4,2,5.1101000000000045,True
CHEMBL3976427,CDK9,64.0,nM,CN1Cc2c(C3=CCN([C@H]4CC[C@H](CC(=O)O)CC4)CC3)[nH]c3nccc(c23)-c2cc(F)ccc21,7.1938200260161125,474.24310445200007,4,2,5.441400000000005,True
CHEMBL1964245,CDK1,64.0,nM,CNS(=O)(=O)c1ccc(N/C=C2\C(=O)Nc3ccc4ncsc4c32)cc1,7.1938200260161125,386.050732308,6,3,2.6095000000000006,True
CHEMBL1964253,CDK1,64.0,nM,CN(c1ccccn1)S(=O)(=O)c1ccc(N/C=C2\C(=O)Nc3ccc4ncsc4c32)cc1,7.1938200260161125,463.077281404,7,2,3.9215000000000018,True
CHEMBL3976415,CDK9,64.0,nM,CC[C@H]1c2c(C3=CCN([C@H]4C[C@@H](C(=O)OC)C4)CC3)[nH]c3nccc(c23)-c2cc(F)ccc2N1C,7.1938200260161125,474.24310445200007,5,1,5.310600000000005,True
CHEMBL299032,CDK2,64.0,nM,CC(C)NS(=O)(=O)c1ccc2c(c1)/C(=C/c1[nH]cc3c1CCOC3=O)C(=O)N2,7.1938200260161125,401.104541708,5,3,1.9069999999999998,True
CHEMBL3642649,CDK2,64.0,nM,Fc1ccccc1-c1cc(NCc2ccncc2)n2ncc(Cl)c2n1,7.1938200260161125,353.08435131600004,4,1,4.195900000000002,True
CHEMBL3691581,CDK4,64.5,nM,CN(C)C(=O)c1cc2cnc(Nc3ccc(C(=O)N4CC5CCC(C4)N5)nn3)nc2n1C1CCCC1,7.1904402853647325,489.26007123200014,8,2,2.358199999999999,True
CHEMBL3691613,CDK4,64.5,nM,CN(C)C(=O)c1cc2cnc(Nc3ccc(C(=O)N4CC5CCC(C4)O5)cn3)nc2n1C1CCCC1,7.1904402853647325,489.24883785200007,7,1,3.390200000000002,True
CHEMBL6011114,CDK4,65.0,nM,COC1CCN(c2ccc(Nc3ncc(F)c(-c4cc(F)c5c(c4)N(C(C)C)CCO5)n3)nc2)CC1,7.187086643357144,496.23983064000004,8,1,4.782800000000004,True
CHEMBL5598550,CDK9,65.0,nM,N#CC1(CNc2cccc(-c3cc(Nc4cnn(CCCCCCC(=O)NO)c4)ncc3Cl)n2)CCOCC1,7.187086643357144,552.236414596,9,4,4.9252800000000025,True
CHEMBL3691560,CDK4,65.0,nM,CN(C)C(=O)c1cc2cnc(Nc3ccc(C(=O)N4CC5CC5(N(C)C)C4)cn3)nc2n1C1CCCC1,7.187086643357144,502.2804723280001,7,1,3.1629000000000005,True
CHEMBL3668344,CDK9,65.0,nM,Clc1ccc(NCc2ccccc2)nc1-c1ccnc2[nH]c(C3CNCCO3)cc12,7.187086643357144,419.15128800400004,5,3,4.551300000000003,True
CHEMBL5800508,CDK9,65.0,nM,O=C(Nc1cc(-c2ccc3c(c2)N(CC2CCOCC2)CC3)c(Cl)cn1)[C@@H]1CCCNC1,7.187086643357144,454.21355391200007,5,2,4.129200000000003,True
CHEMBL82768,CDK2,65.0,nM,CC(C)(N)CNc1cc(-c2ccc[nH]2)c2c3c(ccc(F)c13)NC2=O,7.187086643357144,338.15428944800004,3,4,3.688900000000001,True
CHEMBL5786556,CDK2,65.5,nM,CN(C)[C@H]1CCN(c2ccc(Nc3ncc(F)c(-c4cc(F)c5nc6n(c5c4)C(C)(C)CC6)n3)nc2)C1,7.183758700008217,504.2561494000001,7,1,4.731700000000004,True
CHEMBL5941223,CDK2,65.5,nM,Cc1nc2c(F)cc(-c3nc(Nc4ccc5c(n4)CCNC5)ncc3F)cc2n1C1CCC(C)CC1,7.183758700008217,489.2452503680001,6,2,5.615420000000004,True
CHEMBL5879318,CDK9,65.8,nM,CNCC(=O)N1CCc2nc(Nc3ncc(F)c(-c4cc(F)c5nc(C)n(C6CCC6)c5c4)n3)ccc2C1,7.181774106386045,518.2354139560001,7,2,4.047620000000003,True
CHEMBL3691657,CDK4,66.0,nM,CN(C)C(=O)c1cc2cnc(Nc3ccc(N4CC5(CC4=O)CC4CCC(C5)N4)cn3)nc2n1C1CCCOC1,7.180456064458131,544.2910370120001,8,2,3.2607000000000017,True
CHEMBL3937521,CDK9,66.0,nM,CN1Cc2c(C3=CCN4C(=O)OC[C@H]4C3)[nH]c3nccc(c23)-c2cc(F)ccc21,7.180456064458131,390.149204068,4,1,3.926700000000003,True
CHEMBL3673537,CDK9,66.0,nM,CNC(=O)N1CCC(c2cc3c(-c4cncc(NCc5cccnc5)n4)ccnc3[nH]2)CC1,7.180456064458131,442.2229574520001,6,3,3.5458000000000016,True
CHEMBL3899955,CDK9,66.0,nM,CN1Cc2c(-c3ccc(S(C)(=O)=O)cc3)[nH]c3nccc(c23)-c2cc(F)ccc21,7.180456064458131,407.110376036,4,1,4.389300000000003,True
CHEMBL2403095,CDK1,66.0,nM,NC1CCC(Nc2nc(NCc3ccc(-c4ccoc4)nc3)c3ncn(C4CCCC4)c3n2)CC1,7.180456064458131,472.26990764400006,8,3,4.890300000000003,True
CHEMBL3641919,CDK4,66.0,nM,CC1(C)CN(c2ccc(Nc3ncc4c5ccncc5n([C@H]5CCC[C@H]5O)c4n3)nc2)CCN1,7.180456064458131,458.25425758000006,8,3,3.3922000000000008,True
CHEMBL3897049,CDK9,66.0,nM,CN1Cc2c(C3=CC4CCCC(C3)N4CC(=O)N(C)C3CC(O)C3)[nH]c3nccc(c23)-c2cc(F)ccc21,7.180456064458131,515.2696535480001,5,2,4.310700000000003,True
CHEMBL3668477,CDK9,66.0,nM,Fc1ccccc1CNc1ccc(Cl)c(-c2ccnc3[nH]c(C4CCCNC4)cc23)n1,7.180456064458131,435.1626016360001,4,3,5.496500000000005,True
CHEMBL3668541,CDK9,66.0,nM,COc1ccc(F)cc1-c1ccnc2[nH]c(C3CCN(CC(=O)N(C)C4CC(O)C4)CC3)cc12,7.180456064458131,466.238019072,5,2,3.538700000000002,True
CHEMBL5749331,CDK9,66.0,nM,N[C@H]1CC[C@H](Nc2cc(-c3ccc4ncn(CC5CCOCC5)c4c3)c(Cl)cn2)CC1,7.180456064458131,439.21388826,5,2,4.860100000000004,True
CHEMBL3698685,CDK4,66.0,nM,O=C(c1cnc(Nc2ncc3c4ccncc4n(C4CCCC4)c3n2)s1)N1CCNCC1,7.180456064458131,448.17937838800003,8,2,3.3401000000000005,True
CHEMBL5758736,CDK9,66.0,nM,O=C(Nc1cc(-c2ccc3ncn(CC4CCS(=O)(=O)C4)c3c2)c(Cl)cn1)[C@@H]1CCCNC1,7.180456064458131,487.144488372,6,2,3.124500000000001,True
CHEMBL3823659,CDK1,66.0,nM,CC(=O)N1CCC(n2cc(Nc3ncc(Cl)c(-c4cnc5ccccn45)n3)cn2)CC1,7.180456064458131,436.1526849720001,6,1,3.568200000000002,True
CHEMBL5438882,CDK1,66.47,nM,COc1ccc(NC(=O)N2CCN(c3nnc(Cc4ccccc4)c4ccccc34)CC2)cc1,7.177374321225859,453.21647510400004,5,1,4.583300000000004,True
CHEMBL5632010,CDK9,66.7,nM,COc1cc(O)c2c(=O)cc(-c3ccc(N4CCN(C)CC4)cc3)oc2c1C1=CCN(C)CC1,7.175874166083451,461.23145647200005,7,1,3.6449000000000025,True
CHEMBL3915400,CDK9,67.0,nM,CN1Cc2c(C3=CCN([C@H]4CC[C@H](CC(=O)O)CC4)CC3)[nH]c3ncc(F)c(c23)-c2cc(F)ccc21,7.173925197299173,492.23368264000004,4,2,5.580500000000005,True
CHEMBL115994,CDK2,67.0,nM,O=C(Cc1ccc(OC(F)(F)F)cc1)Nc1cc(C2CC2)[nH]n1,7.173925197299173,325.1038113480001,3,2,3.3669000000000002,True
CHEMBL4758996,CDK9,67.0,nM,CC(C)N1c2cc(Nc3nccc(-c4cccc5c4CCCN5)n3)ccc2N(C)C(=O)[C@H]1C,7.173925197299173,442.24810958000006,6,2,4.825000000000003,True
CHEMBL254367,CDK1,67.0,nM,O=C(Cc1cccc2ccccc12)Nc1n[nH]c2ccc(N3CCCS3(=O)=O)cc12,7.173925197299173,420.1256115,4,2,3.4372000000000016,True
CHEMBL3691614,CDK4,67.0,nM,CN(C)C(=O)c1cc2cnc(Nc3ccc(C(=O)N4CCC5COCC(C4)N5)cn3)nc2n1C1CCCC1,7.173925197299173,518.2753869480001,8,2,2.5896999999999997,True
CHEMBL3944945,CDK9,67.0,nM,CN(C)C(=O)CN1CC=C(c2[nH]c3nccc4c3c2CCN(C)c2ccc(F)cc2-4)CC1,7.173925197299173,433.22778873600004,4,1,3.5386000000000024,True
CHEMBL3668458,CDK9,67.0,nM,Nc1ccc(F)c(-c2ccnc3[nH]c(C4CCNCC4)cc23)c1,7.173925197299173,310.159374828,3,3,3.4182000000000015,True
CHEMBL4856767,CDK2,67.44,nM,Cc1n[nH]c2ccc(-c3cncc(N[C@@H](CO)c4ccccc4)n3)cc12,7.171082438383314,345.15896022800007,5,3,3.473820000000001,True
CHEMBL458547,CDK2,68.0,nM,COCCNS(=O)(=O)c1ccc(Nc2nccc(-c3c(C)nc(C)n3C)n2)cc1,7.167491087293763,416.1630596280001,7,2,2.1622399999999997,True
CHEMBL184115,CDK2,68.0,nM,COc1ccccc1C(=O)c1c(N)nc2ccc(C(=O)c3c(F)cccc3F)cn12,7.167491087293763,407.1081477800001,5,1,3.665300000000001,True
CHEMBL58139,CDK2,68.0,nM,CN(C)S(=O)(=O)c1ccc2c(c1)/C(=C/c1[nH]cc3c1CCNC3=O)C(=O)N2,7.167491087293763,386.104876056,4,3,1.0435999999999999,True
CHEMBL5794853,CDK9,68.0,nM,NC1CCCC(Nc2cc(-c3ccc4ncn(Cc5cccc(F)c5)c4c3)c(Cl)cn2)C1,7.167491087293763,449.17825170000003,4,2,5.620900000000004,True
CHEMBL60990,CDK2,68.0,nM,O=C1Nc2ccc(C(=O)O)cc2/C1=C/c1[nH]cc2c1CCNC2=O,7.167491087293763,323.09060589600006,3,4,1.4915,True
CHEMBL1800452,CDK2,68.0,nM,CC(C)c1cc(-c2cc(N3C[C@H](O)[C@@H](O)C3)ccc2O)nc(N)n1,7.167491087293763,330.1691905640001,7,4,1.0965999999999998,True
CHEMBL5989892,CDK9,68.0,nM,CC(C)(O)CCn1cnc2ccc(-c3cc(NC(=O)[C@@H]4CCCNC4)ncc3Cl)cc21,7.167491087293763,441.193152816,5,3,3.850800000000002,True
CHEMBL3977523,CDK9,68.0,nM,CN1Cc2c(-c3ccc(CC(=O)O)cc3)[nH]c3nccc(c23)-c2cc(F)ccc21,7.167491087293763,387.13830503599996,3,2,4.612900000000003,True
CHEMBL325606,CDK2,68.0,nM,NC(=O)c1ccc(C(=O)Nc2cc(C3CC3)[nH]n2)cc1,7.167491087293763,270.111675688,3,3,1.6383,True
CHEMBL3702098,CDK4,68.0,nM,CN(C)CC(=O)N1CCN(c2ccc(Nc3ncc4c5ccnc(F)c5n(C5CCCC5)c4n3)nc2)CC1,7.167491087293763,517.2713848640001,8,1,3.5825000000000014,True
CHEMBL5833447,CDK9,68.0,nM,NCC(O)CNc1cc(-c2ccc3ncn(Cc4cccc(F)c4)c3c2)c(Cl)cn1,7.167491087293763,425.14186619200007,5,3,3.670600000000002,True
CHEMBL3663766,CDK9,68.0,nM,COc1ccc(C)cc1-c1ccnc2[nH]c(C3CCNCC3)cc12,7.167491087293763,321.184112356,3,2,4.013920000000002,True
CHEMBL3648124,CDK1,68.0,nM,CCS(=N)(=O)c1ccc(Nc2ncc(Br)c(N[C@@H](C)C(C)(C)O)n2)cc1,7.167491087293763,441.083408108,7,4,3.9795700000000025,True
CHEMBL5596921,CDK9,68.4,nM,COc1cc(F)ccc1-c1cc(Nc2ccc(/C=C/C(=O)Nc3ccccc3N)cc2)ncc1F,7.164943898279883,472.17108238400004,5,3,6.013100000000004,True
CHEMBL3922725,CDK9,69.0,nM,CN1Cc2c(C3=CCN(S(C)(=O)=O)CC3)[nH]c3nccc(c23)-c2cccnc21,7.161150909262744,395.141595912,5,1,2.6234,True
CHEMBL3298983,CDK2,69.0,nM,C[C@@H](NC(=O)N1CCc2cnc(NC3CCOCC3)nc2C1)c1ccc2cc[nH]c2c1,7.161150909262744,420.22737413600004,5,3,3.3777000000000017,True
CHEMBL2426398,CDK2,69.0,nM,Cc1ccc(NC(=S)NC(=O)c2cn(-c3ccccc3)nc2-c2ccccc2)cc1,7.161150909262744,412.13578226,3,2,4.974520000000004,True
CHEMBL5998900,CDK9,69.0,nM,CS(=O)(=O)CCn1cnc2ccc(-c3cc(NC(=O)[C@@H]4CCCNC4)ncc3Cl)cc21,7.161150909262744,461.128838308,6,2,2.7344,True
CHEMBL3641980,CDK4,69.0,nM,C[C@H](O)Cn1c2cnccc2c2cnc(Nc3ccc(N4CCC(N(C)C)CC4)cn3)nc21,7.161150909262744,446.25425758000006,8,2,3.029300000000002,True
CHEMBL5756117,CDK6,69.0,nM,CC(C)N1CCOc2c(F)cc(-c3nc(Nc4ccc(N5CCC(O)CC5)c(F)c4)ncc3F)cc21,7.161150909262744,499.219509796,7,2,4.872800000000005,True
CHEMBL5856237,CDK1,69.0,nM,Cc1nc2c(F)cc(-c3nc(Nc4ccc5c(n4)CCN(C(=O)[C@@H](C)N(C)C)C5)ncc3F)cc2n1C(C)C,7.161150909262744,534.2667140840001,7,1,4.634220000000004,True
CHEMBL3668414,CDK9,69.0,nM,CN1CCC(c2cc3c(-c4cccc(N(C)Cc5ccccc5Cl)n4)ccnc3[nH]2)CC1,7.161150909262744,445.20332357600006,4,1,5.723900000000005,True
CHEMBL272028,CDK1,69.0,nM,NS(=O)(=O)c1ccc(N/N=C2\C(=O)Nc3ccc(C(=O)NCCc4c[nH]cn4)cc32)cc1,7.161150909262744,453.1219230880001,7,5,0.7979000000000005,True
CHEMBL3668509,CDK9,70.0,nM,COc1ccc(F)cc1-c1ccnc2[nH]c(C3=CCC(N4CCC[C@H]4C(=O)O)CC3)cc12,7.154901959985743,435.19581991199993,4,2,4.862500000000004,True
CHEMBL5169733,CDK9,70.0,nM,CN(C)C(=O)CN1CCC(c2cc3c(-c4ccc(=O)n(C5CCC5)c4)ccnc3[nH]2)CC1,7.154901959985743,433.24777523200004,4,1,3.3842000000000017,True
CHEMBL3668558,CDK9,70.0,nM,COc1ccc(F)cc1-c1c(F)cnc2[nH]c(C3=CC4CN(CC(=O)N5CC(O)C5)CC4C3)cc12,7.154901959985743,480.19729713199996,5,2,3.054900000000001,True
CHEMBL3924904,CDK9,70.0,nM,COc1ccc(F)cc1-c1ccnc2[nH]c(C3C[C@@H]4CN(S(C)(=O)=O)C[C@@H]4C3)cc12,7.154901959985743,429.1522408479999,4,1,3.7626000000000026,True
CHEMBL5407116,CDK1,70.0,nM,S=C(Nc1ccccc1)N1CCN(c2nnc(Cc3ccccc3)c3ccccc23)CC1,7.154901959985743,439.1830668,4,1,4.739600000000004,True
CHEMBL1080912,CDK2,70.0,nM,Cc1n[nH]c2ccc(-c3nnc(NC[C@@H](N)Cc4ccc(Cl)cc4Cl)s3)cc12,7.154901959985743,432.06907093599995,6,3,4.678520000000002,True
CHEMBL4215914,CDK2,70.0,nM,CC[C@H](CO)Nc1nc(NCc2ccccc2N)c2[nH]nc(C(C)C)c2n1,7.154901959985743,369.22770848400006,7,5,2.8534000000000006,True
CHEMBL3924254,CDK9,70.0,nM,CN1Cc2c(C3=CCN(CC(=O)N4CCC[C@H]4CO)CC3)[nH]c3nccc(c23)-c2cc(F)ccc21,7.154901959985743,475.23835342,5,2,3.391200000000002,True
CHEMBL6174956,CDK1,70.0,nM,CCOC(=O)c1cnc2c(-c3nc4ccccc4s3)c(Nc3ccccc3)nn2c1O,7.154901959985743,431.1052104040001,8,2,4.6319000000000035,True
CHEMBL101801,CDK1,70.0,nM,NC(=O)c1ccc(Nc2nc(N)c(N=O)c(OCC3CCCCC3)n2)cc1,7.154901959985743,370.175338564,8,3,3.258300000000002,True
CHEMBL1922212,CDK2,70.0,nM,CC[C@H](Nc1nc(NCc2cccnc2)c2ncn(C(C)C)c2n1)C(C)(C)O,7.154901959985743,383.243358548,7,3,3.3757000000000024,True
CHEMBL2011932,CDK2,70.0,nM,COc1ccc(-c2nc3c(NCCCNC(=O)C4(CN)CC4)c(Br)cnc3[nH]2)cc1,7.154901959985743,472.12223614000004,6,4,3.0531000000000006,True
CHEMBL3702148,CDK4,70.0,nM,c1cc2c3cnc(Nc4ccc(N5CCNC6(CCC6)C5)nn4)nc3n(C3CCCC3)c2cn1,7.154901959985743,455.25459192800014,8,2,3.9605000000000024,True
CHEMBL5915046,CDK2,70.3,nM,CC1(C)CCc2nc3c(F)cc(-c4nc(Nc5ccc(OC6CCN(CCO)CC6)cn5)ncc4F)cc3n21,7.153044674980176,535.250729672,8,2,4.426900000000003,True
CHEMBL209280,CDK2,71.0,nM,Nc1nc(Nc2ccc(S(=O)(=O)NC(=O)CCC(=O)O)cc2)nn1C(=O)c1c(F)cccc1F,7.1487416512809245,494.08200967199997,9,4,1.2402999999999993,True
CHEMBL3668553,CDK9,71.0,nM,COc1ccc(F)cc1-c1ccnc2[nH]c(C3=CCN([C@H]4CC[C@@H](CC(=O)O)CC4)CC3)cc12,7.1487416512809245,463.22712003999993,4,2,5.500200000000005,True
CHEMBL3668545,CDK9,71.0,nM,COc1ccc(F)cc1-c1ccnc2[nH]c(C3=CC4CN(C(=O)CO)CC4C3)cc12,7.1487416512809245,407.16451978399994,4,2,3.231600000000002,True
CHEMBL455467,CDK1,71.0,nM,Cc1ncc(-c2ccnc(Nc3ccc(C(=O)N4CCN(C)CC4)cc3)n2)n1C(C)C,7.1487416512809245,419.24335854800006,6,1,3.3606200000000017,True
CHEMBL3668549,CDK9,71.0,nM,CNC(=O)N1C[C@@H]2CC(c3cc4c(-c5cc(F)ccc5OC)ccnc4[nH]3)=C[C@@H]2C1,7.1487416512809245,406.1805041960001,3,2,4.052100000000003,True
CHEMBL3691636,CDK4,71.0,nM,CN(C)C(=O)c1cc2cnc(Nc3ccc(N4CCN5CCCCC5C4=O)cn3)nc2n1C1CCCC1,7.1487416512809245,502.28047232800003,7,1,3.587900000000002,True
CHEMBL141247,CDK6,71.0,nM,O=C(Nc1ccccn1)Nc1cccc2c1[C@H]1CCCN1C2=O,7.1487416512809245,308.127325752,3,2,3.016300000000001,True
CHEMBL3298312,CDK2,71.0,nM,CC[C@@H](NC(=O)N1CCc2cnc(N[C@@H](C)CO)nc2C1)c1ccc(OC)c(Cl)c1,7.1487416512809245,433.188067436,6,3,3.1503000000000014,True
CHEMBL3892177,CDK9,71.0,nM,CN1Cc2c(C3=CCN([C@H]4CC[C@@H](CC(=O)O)CC4)CC3)[nH]c3ncc(F)c(c23)-c2ccccc21,7.1487416512809245,474.24310445200007,4,2,5.441400000000005,True
CHEMBL2426381,CDK2,71.0,nM,O=C(NC(=S)Nc1ccc(Cl)cc1)c1cn(-c2ccccc2)nc1-c1ccccc1,7.1487416512809245,432.08115984400007,3,2,5.319500000000003,True
CHEMBL3641918,CDK4,71.0,nM,C[C@H]1CN(c2ccc(Nc3ncc4c5ccncc5n([C@H]5CCC[C@H]5O)c4n3)nc2)CCN1,7.1487416512809245,444.238607516,8,3,3.0021000000000004,True
CHEMBL5532052,CDK2,71.53,nM,CC[C@H](CO)Nc1nc(NCc2ccc(NC(=O)C3CCOCC3)cc2)n2ncc(C(C)C)c2n1,7.14551177495557,481.28013798000006,8,4,3.407700000000002,True
CHEMBL2103840,CDK1,72.0,nM,CCc1cnn2c(NCc3ccc[n+]([O-])c3)cc(N3CCCC[C@H]3CCO)nc12,7.142667503568731,396.227374136,6,2,2.2785000000000006,True
CHEMBL82251,CDK2,72.0,nM,CCc1cc(-c2ccc[nH]2)c2c3c(ccc(F)c13)NC2=O,7.142667503568731,280.101191256,1,2,4.102100000000002,True
CHEMBL1080740,CDK2,72.0,nM,Cc1n[nH]c2ccc(-c3nnc(NC[C@@H](N)Cc4ccc(Cl)cc4)s3)cc12,7.142667503568731,398.10804328800003,6,3,4.025120000000001,True
CHEMBL6020172,CDK9,72.0,nM,Fc1cccc(Cn2cnc3ccc(-c4cc(NCCNc5ccccn5)ncc4Cl)cc32)c1,7.142667503568731,472.15785060400003,5,2,5.858100000000003,True
CHEMBL3641982,CDK4,72.0,nM,C[C@H](O)Cn1c2cnccc2c2cnc(Nc3ccc(N4CC[C@@H](O)C4)cn3)nc21,7.142667503568731,405.19132297600004,8,3,2.0698999999999996,True
CHEMBL1087281,CDK2,72.0,nM,Cc1n[nH]c2ccc(-c3nnc(NC[C@@H](N)Cc4ccccc4)s3)cc12,7.142667503568731,364.14701563999995,6,3,3.3717200000000007,True
CHEMBL3648101,CDK1,72.0,nM,CC(O)CSc1nc(Nc2ccc(S(C)(=N)=O)cc2)ncc1Br,7.142667503568731,415.99762988400005,7,3,3.4910700000000014,True
CHEMBL3959178,CDK9,72.0,nM,CN1Cc2c(C3=C[C@H]4CC[C@@H](C3)N4CC(=O)N3CCC[C@H]3CO)[nH]c3nccc(c23)-c2cc(F)ccc21,7.142667503568731,501.254003484,5,2,3.922200000000003,True
CHEMBL1964250,CDK1,72.0,nM,COCCOCCOCCOCCNS(=O)(=O)c1ccc(N/C=C2\C(=O)Nc3ccc4ncsc4c32)cc1,7.142667503568731,562.1555913000001,10,3,2.6759000000000013,True
CHEMBL5781074,CDK2,72.1,nM,Cc1nc2c(F)cc(-c3nc(Nc4ccc5c(n4)CCNC5)ncc3F)cc2n1C1CCC1,7.142064735280571,447.1983001760001,6,2,4.589220000000003,True
CHEMBL3691565,CDK4,72.5,nM,CN(C)C(=O)c1cc2cnc(Nc3ccc(C(=O)N4C5CCC4CNC5)cn3)nc2n1C1CCCC1,7.139661993429006,488.2648222640001,7,2,2.9632000000000005,True
CHEMBL5527858,CDK9,72.67,nM,CC(=O)Nc1ccc(CNc2nc(N3CCC[C@@H](O)C3)nc3c(C(C)C)cnn23)cc1,7.13864483980674,423.2382731680001,7,3,2.779300000000001,True
CHEMBL3680386,CDK4,72.8,nM,C[C@H]1CC[C@H](n2c3cnccc3c3cnc(Nc4ccc5c(n4)CCN(CCF)C5)nc32)CC1,7.137868620686962,459.25467218000006,6,1,5.196900000000005,True
CHEMBL4113920,CDK9,73.0,nM,CN1Cc2c(C3=C[C@H]4CC[C@@H](C3)N4CC(=O)N(C)C3CC(O)C3)[nH]c3nccc(c23)-c2cc(F)ccc21,7.136677139879544,501.254003484,5,2,3.920600000000003,True
CHEMBL3698697,CDK6,73.0,nM,O=S1(=O)CCN(c2ccc(Nc3ncc4c5ccncc5n(C5CCCC5)c4n3)nc2)CC1,7.136677139879544,463.1790440400001,8,1,3.4680000000000026,True
CHEMBL3973367,CDK2,73.0,nM,COc1cc(F)ccc1-c1nc(Nc2cc(F)c(F)c(CS(C)(=O)=NC#N)c2)ncc1F,7.136677139879544,465.0882586000001,7,1,4.531080000000003,True
CHEMBL3954215,CDK9,73.0,nM,CN1Cc2c(C3=CCN([C@H]4CC[C@H](CC(=O)O)CC4)CC3)[nH]c3ncc(F)c(c23)-c2ccccc21,7.136677139879544,474.24310445200007,4,2,5.441400000000005,True
CHEMBL3641983,CDK4,73.0,nM,CNC1CCN(c2ccc(Nc3ncc4c5ccncc5n(C[C@@H](C)O)c4n3)nc2)CC1,7.136677139879544,432.238607516,8,3,2.687100000000001,True
CHEMBL3641935,CDK4,73.0,nM,C[C@H]1CN(c2ccc(Nc3ncc4c5ccncc5n([C@@H](C)CO)c4n3)nn2)CCN1,7.136677139879544,419.21820642000006,9,3,1.8644999999999992,True
CHEMBL3668438,CDK9,73.0,nM,COc1ccc(F)cc1-c1ccnc2[nH]c(C3CN(Cc4ccncc4)C3)cc12,7.136677139879544,388.16993951200004,4,1,4.3720000000000026,True
CHEMBL5401951,CDK4,73.0,nM,COc1cc(/C=N/n2c(S)nnc2-c2c[nH]c3ccccc23)cc(OC)c1OC,7.136677139879544,409.120860468,7,2,3.6231000000000018,True
CHEMBL3698680,CDK4,73.0,nM,CC(C)(CO)Cn1c2cnccc2c2cnc(Nc3ccc(N4CCNCC4)cn3)nc21,7.136677139879544,432.2386075160001,8,3,2.5462000000000007,True
CHEMBL3702169,CDK4,73.0,nM,c1cncc(-c2ccc(Nc3ncc4c5ccncc5n(C5CCCC5)c4n3)nn2)c1,7.136677139879544,408.1810926400001,7,1,4.690200000000003,True
CHEMBL445340,CDK9,73.0,nM,CC(C)C1CNC(=O)c2cc(-c3ccnc(N)n3)[nH]c21,7.136677139879544,271.143310164,4,3,1.5369,True
CHEMBL526092,CDK9,73.0,nM,CCC1CNC(=O)c2cc(-c3ccnc(N)n3)[nH]c21,7.136677139879544,257.1276601,4,3,1.2909,True
CHEMBL5983466,CDK2,73.1,nM,Cc1nc2c(F)cc(-c3nc(Nc4ccc5c(n4)CCN(CCN(C)CCN(C)C)C5)ncc3F)cc2n1C(C)(C)C,7.13608262304214,577.3452987520002,8,1,4.825020000000004,True
CHEMBL5813772,CDK1,73.2,nM,Cc1nc2c(F)cc(-c3nc(Nc4ccc5c(n4)CCN(C)C5)ncc3F)cc2n1C(C)C,7.135488918941608,449.2139502400001,6,1,4.787320000000003,True
CHEMBL5926952,CDK9,74.0,nM,O=C(/C=C/c1ccncc1)Nc1cc(-c2ccc3ncn(Cc4cccc(F)c4)c3c2)c(Cl)cn1,7.130768280269024,483.12621612800007,4,1,5.986000000000003,True
CHEMBL1081439,CDK2,74.0,nM,N[C@H](CNc1nnc(-c2ccc3[nH]ncc3c2)s1)Cc1ccc(F)cc1,7.130768280269024,368.121943764,6,3,3.202400000000001,True
CHEMBL3641909,CDK4,74.0,nM,CN(C)C1CCN(c2ccc(Nc3ncc4c5ccncc5n(CCCO)c4n3)nc2)CC1,7.130768280269024,446.25425758,8,2,3.0309000000000017,True
CHEMBL538195,CDK2,74.0,nM,Cn1nc(C(=O)NCCO)c2c1-c1nc(Nc3ccccc3)ncc1CC2,7.130768280269024,364.16477388000004,6,3,1.4414,True
CHEMBL3668381,CDK9,74.0,nM,COc1ccc(F)cc1-c1ccnc2[nH]c(C3CCN(C(C)=O)C3)cc12,7.130768280269024,353.15395509999996,3,1,3.713400000000002,True
CHEMBL3691600,CDK4,74.0,nM,CN(C)C(=O)c1cc2cnc(Nc3ccc(C(=O)N4CC5CCC(C4)N5)cn3)nc2n1C(C)(C)C,7.130768280269024,476.2648222640001,7,2,2.6030999999999995,True
CHEMBL5994825,CDK9,74.0,nM,O=C(Nc1cc(-c2ccc3ncn(Cc4cccc(F)c4)c3c2)c(Cl)cn1)c1cn[nH]c1,7.130768280269024,446.10581503200007,4,2,4.914500000000003,True
CHEMBL324577,CDK2,74.0,nM,NC(=O)c1ccc(CC(=O)Nc2cc(C3CC3)[nH]n2)cc1,7.130768280269024,284.127325752,3,3,1.5671999999999997,True
CHEMBL272165,CDK1,74.0,nM,NS(=O)(=O)c1ccc(N/N=C2\C(=O)Nc3ccc(C(=O)NCc4ccncc4)cc32)cc1,7.130768280269024,450.111024056,7,4,1.4273000000000002,True
CHEMBL271842,CDK2,74.0,nM,Nc1ccc2c(c1)/C(=N/Nc1ccc(S(N)(=O)=O)cc1)C(=O)N2,7.130768280269024,331.073910276,6,4,0.6845000000000003,True
CHEMBL5881472,CDK4,74.9,nM,Cc1nc2c(C(F)(F)F)cc(-c3nc(Nc4ccc5c(n4)CCNC5)ncc3F)cc2n1C(C)C,7.125518182300533,485.19510661600015,6,2,5.324820000000003,True
CHEMBL2426380,CDK2,75.0,nM,O=C(NC(=S)Nc1ccc(F)cc1)c1cn(-c2ccccc2)nc1-c1ccccc1,7.1249387366083,416.110710384,3,2,4.805200000000003,True
CHEMBL4857987,CDK9,75.0,nM,COc1ccc(F)cc1-c1ccnc2[nH]c(C3=CCN(c4ccc(CC(=O)O)cc4)CC3)cc12,7.1249387366083,457.18016984799993,4,2,5.2984000000000036,True
CHEMBL3641981,CDK4,75.0,nM,C[C@H](O)Cn1c2cnccc2c2cnc(Nc3ccc(N4CCN[C@@H](C)C4)cn3)nc21,7.1249387366083,418.22295745200006,8,3,2.2969999999999997,True
CHEMBL3648091,CDK1,75.0,nM,CCOC(=O)N=S(C)(=O)c1ccc(Nc2ncc(Br)c(N[C@H](C)[C@H](C)O)n2)cc1C,7.1249387366083,499.088887412,8,3,4.0855200000000025,True
CHEMBL5411451,CDK6,75.0,nM,Cc1ccc(/C=N/n2c(S)nnc2-c2c[nH]c3ccccc23)cc1,7.1249387366083,333.10481648,4,2,3.9057200000000014,True
CHEMBL392776,CDK2,75.0,nM,Cc1cc(N2CCCS2(=O)=O)c2oc(-c3ccc(O)c(Br)c3)c(O)c(=O)c2c1,7.1249387366083,464.988170332,6,2,3.482020000000002,True
CHEMBL2180862,CDK1,75.0,nM,O=C(Nc1ccccn1)Nc1cccc2c1C1CCCCN1C2=O,7.1249387366083,322.142975816,3,2,3.4064000000000014,True
CHEMBL3918837,CDK9,75.0,nM,CN1Cc2c(C3=CCN([C@H]4CC[C@H](C(=O)O)CC4)CC3)[nH]c3ncc(F)c(c23)-c2cc(F)ccc21,7.1249387366083,478.21803257600004,4,2,5.190400000000005,True
CHEMBL3668398,CDK9,75.0,nM,COc1ccc(F)cc1-c1ccnc2[nH]c(C3(O)CCNCC3)cc12,7.1249387366083,341.1539551,4,3,2.9486000000000008,True
CHEMBL3691574,CDK4,75.0,nM,CN(C)C(=O)c1cc2cnc(Nc3ccc(C(=O)N4C[C@@H]5C[C@H]4C[C@H]5O)cn3)nc2n1C1CCCC1,7.1249387366083,489.24883785200007,7,2,2.9821000000000017,True
CHEMBL1964243,CDK2,75.0,nM,CC(=O)NS(=O)(=O)c1ccc(N/C=C2\C(=O)Nc3ccc4ncsc4c32)cc1,7.1249387366083,414.04564692800005,7,3,2.5262000000000002,True
CHEMBL3958055,CDK9,75.0,nM,CN1Cc2c(-c3cccnc3)[nH]c3nccc(c23)-c2cc(F)ccc21,7.1249387366083,330.1280747,3,1,4.3808000000000025,True
CHEMBL271594,CDK2,75.0,nM,CC(C)c1ccc2c(c1)NC(=O)/C2=N/Nc1ccc(S(N)(=O)=O)cc1,7.1249387366083,358.10996143599994,5,3,2.2257,True
CHEMBL3691606,CDK4,76.0,nM,CN(C)C(=O)c1cc2cnc(Nc3ccc(C(=O)N4CC5CCC(C4)N5)cn3)nc2n1C1CCCOC1,7.119186407719209,504.25973688400006,8,2,2.1995999999999993,True
CHEMBL3891658,CDK9,76.0,nM,CN1Cc2c(C3=CCN(C4CC(C(=O)O)C4)CC3)[nH]c3ncc(F)c(c23)-c2cc(F)ccc21,7.119186407719209,450.186732448,4,2,4.410200000000003,True
CHEMBL3668443,CDK9,76.0,nM,COc1ccc(F)cc1-c1ccnc2[nH]c(C3CN(CCO)C3)cc12,7.119186407719209,341.15395509999996,4,2,2.769100000000001,True
CHEMBL3691618,CDK4,76.0,nM,CN(C)C(=O)c1cc2cnc(Nc3ccc(N4CC5CCC(CC4=O)N5)nn3)nc2n1C1CCCC1,7.119186407719209,489.26007123200014,8,2,2.6391,True
CHEMBL3702242,CDK6,77.0,nM,CC[C@@H](C)n1c2cnccc2c2cnc(Nc3ccc(N4CCNC(C)(C)C4)cn3)nc21,7.113509274827518,430.2593429600001,7,2,4.277300000000003,True
CHEMBL409690,CDK1,77.0,nM,NS(=O)(=O)c1ccc(N/N=C2\C(=O)Nc3ccc(O)cc32)cc1,7.113509274827518,332.05792586399997,6,4,0.8079000000000001,True
CHEMBL3641979,CDK4,77.0,nM,C[C@H](O)Cn1c2cnccc2c2cnc(Nc3ccc(N4CCNCC4)cn3)nc21,7.113509274827518,404.20730738800006,8,3,1.9084999999999996,True
CHEMBL310755,CDK2,77.0,nM,CCOc1cc(-c2ccc[nH]2)c2c3c(ccc(F)c13)NC2=O,7.113509274827518,296.09610587599997,2,2,3.9384000000000015,True
CHEMBL3668519,CDK9,77.0,nM,COc1ccc(F)cc1-c1ccnc2[nH]c(C3CCN(CC(=O)N4CC(O)C4)CC3)cc12,7.113509274827518,438.206718944,5,2,2.7601000000000013,True
CHEMBL5949131,CDK6,77.0,nM,CC(C)N1CCOc2c(F)cc(-c3nc(Nc4cccc(S(N)(=O)=O)c4)ncc3F)cc21,7.113509274827518,461.133316972,7,2,3.420000000000001,True
CHEMBL194495,CDK1,77.0,nM,CCOc1nc(Nc2ccc3[nH]cnc3c2)ncc1C(F)(F)F,7.113509274827518,323.099394664,5,2,3.514000000000001,True
CHEMBL3663767,CDK9,77.0,nM,COc1ccc(F)nc1-c1ccnc2[nH]c(C3CCNCC3)cc12,7.113509274827518,326.15428944800004,4,2,3.239600000000001,True
CHEMBL2035042,CDK2,77.0,nM,CN1C/C=C/CCn2ccc3ccc(cc32)-c2ccnc(n2)Nc2cccc(c2)C1,7.113509274827518,395.2109958000001,4,1,5.2336000000000045,True
CHEMBL3663765,CDK9,77.0,nM,COc1ccc(Cl)cc1-c1ccnc2[nH]c(C3CCNCC3)cc12,7.113509274827518,341.12948994000004,3,2,4.358900000000003,True
CHEMBL3668546,CDK9,77.0,nM,COc1ccc(F)cc1-c1ccnc2[nH]c(C3=CC4CN(C(=O)CC#N)CC4C3)cc12,7.113509274827518,416.164854132,4,1,4.152980000000003,True
CHEMBL3691582,CDK4,77.0,nM,CN1CC2(C)CN(C(=O)c3ccc(Nc4ncc5cc(C(=O)N(C)C)n(C6CCCC6)c5n4)nc3)CC(C)(C1)C2O,7.113509274827518,560.3223371400001,8,2,3.1615000000000024,True
CHEMBL5559108,CDK9,77.01,nM,CC[C@H](CO)Nc1nc(NCc2ccc(NC(=O)C3(F)CC3)cc2)n2ncc(C(C)C)c2n1,7.113452876608895,455.24450142000006,7,4,3.483200000000002,True
CHEMBL1809191,CDK2,78.0,nM,CC(=O)N1CCN(c2ccc(Nc3nccc(-c4cnc5ccccn45)n3)cc2)CC1,7.107905397309519,413.19640835600006,6,1,3.203400000000002,True
CHEMBL3648091,CDK2,78.0,nM,CCOC(=O)N=S(C)(=O)c1ccc(Nc2ncc(Br)c(N[C@H](C)[C@H](C)O)n2)cc1C,7.107905397309519,499.088887412,8,3,4.0855200000000025,True
CHEMBL5778396,CDK1,78.0,nM,CN1CCN(S(=O)(=O)c2ccc(Nc3ncc4cc5n(c4n3)C3(CCCCC3)C(=O)NC5O)cc2)CC1,7.107905397309519,525.215823472,8,3,1.8910999999999993,True
CHEMBL3974363,CDK9,78.0,nM,CN1CCc2c(C3=CCN(S(C)(=O)=O)CC3)[nH]c3nccc(c23)-c2cc(F)ccc21,7.107905397309519,426.15257519600004,4,1,3.410000000000002,True
CHEMBL5887794,CDK9,78.0,nM,CC(CCN)Nc1cc(-c2ccc3ncn(Cc4cccc(F)c4)c3c2)c(Cl)cn1,7.107905397309519,423.16260163600003,4,2,5.088300000000004,True
CHEMBL3668555,CDK9,78.0,nM,COc1ccc(F)cc1-c1c(C#N)cnc2[nH]c(C3CCN(CC(=O)N4CCC[C@H]4CO)CC3)cc12,7.107905397309519,491.23326804,6,2,3.4119800000000025,True
CHEMBL3668449,CDK9,78.0,nM,CN1CCC(c2cc3c(-c4nc(NCc5nnc[nH]5)ccc4Cl)ccnc3[nH]2)CC1,7.107905397309519,422.17342041600006,6,3,3.817700000000002,True
CHEMBL3668539,CDK9,78.0,nM,COCCS(=O)(=O)N1CC2C=C(c3cc4c(-c5cc(F)ccc5OC)ccnc4[nH]3)CC2C1,7.107905397309519,471.162805532,5,1,3.688900000000002,True
CHEMBL4463874,CDK2,78.2,nM,Cc1nc2c(F)cc(-c3nc(Nc4ccc5c(n4)CCN(CCN(C)CCNC(=N)N)C5)ncc3F)cc2n1C(C)C,7.106793246940152,577.3201466240001,8,4,3.5723900000000013,True
CHEMBL5903034,CDK1,78.9,nM,Cc1nc2c(F)cc(-c3nc(Nc4ccc5c(n4)CCN(CCN(C)CB(O)O)C5)ncc3F)cc2n1C(C)C,7.102922996790579,550.2787591360001,9,3,3.101320000000001,True
CHEMBL5971879,CDK1,78.9,nM,Cc1nc2c(F)cc(-c3nc(Nc4ccc5c(n4)CCN[C@H]5C)ncc3F)cc2n1C(C)(C)C,7.102922996790579,463.2296003040001,6,2,5.180220000000004,True
CHEMBL3899072,CDK9,79.0,nM,CN1Cc2c(C3=CCN(CC(=O)N4CC(O)C4)CC3)[nH]c3ncc(F)c(c23)-c2cc(F)ccc21,7.102372908709558,465.19763148000004,5,2,2.7501000000000007,True
CHEMBL1081438,CDK2,79.0,nM,N[C@H](CNc1nnc(-c2ccc3[nH]nc(-c4ccccc4)c3c2)s1)Cc1cccc(C(F)(F)F)c1,7.102372908709558,494.150050332,6,3,5.749100000000003,True
CHEMBL3966523,CDK9,79.0,nM,CN1Cc2c(C3=CCN(C4CC(CC(=O)O)C4)CC3)[nH]c3ncc(F)c(c23)-c2cc(F)ccc21,7.102372908709558,464.202382512,4,2,4.800300000000004,True
CHEMBL3991935,CDK1,79.0,nM,CN1CC[C@@H](c2c(O)cc(O)c3c(=O)cc(-c4ccccc4Cl)oc23)[C@@H]1CO.Cl,7.102372908709558,437.07967813199997,6,3,3.7264000000000026,True
CHEMBL3648099,CDK1,79.0,nM,C=S(N)(=O)c1ccc(Nc2ncc(Br)c(N[C@H](C)CO)n2)cc1,7.102372908709558,399.036457916,6,4,1.7244,True
CHEMBL3969723,CDK1,79.0,nM,CN1CC[C@@H](c2c(O)cc(O)c3c(=O)cc(-c4ccccc4Cl)oc23)[C@@H]1CO,7.102372908709558,401.10300041999994,6,3,3.304600000000002,True
CHEMBL5888788,CDK2,79.4,nM,Cc1nc2c(F)cc(-c3nc(Nc4ccc5c(n4)CCN(C(=O)CN(C)C)C5)ncc3F)cc2n1CC1CC1,7.100179497572904,532.2510640200001,7,1,4.0748200000000026,True
CHEMBL6147673,CDK2,79.4,nM,CN1CCC(c2cc3c(-c4cnn(CC5CC5)c4)c(Cl)cnc3[nH]2)CC1,7.100179497572904,369.172023448,3,1,4.299000000000003,True
CHEMBL4756594,CDK9,79.8,nM,CC(C)N1c2cc(Nc3nccc(-c4cccc5cnccc45)n3)ccc2N(C)C(=O)[C@H]1C,7.09799710864927,438.216809452,6,1,5.015100000000004,True
CHEMBL5817708,CDK2,79.9,nM,CC1(C)CCc2nc3c(F)cc(-c4nc(Nc5ccc(CN6CCN(C(=O)CO)CC6)cn5)ncc4F)cc3n21,7.097453220686009,548.2459786400001,8,2,3.2279000000000018,True
CHEMBL428690,CDK6,80.0,nM,CN1CC[C@H](c2c(O)cc(O)c3c(=O)cc(-c4ccccc4Cl)oc23)[C@H](O)C1,7.096910013008056,401.10300041999994,6,3,3.3046000000000015,True
CHEMBL3668508,CDK9,80.0,nM,COc1ccc(F)cc1-c1ccnc2[nH]c(C3=CCC(N[C@@H](C(=O)O)C(C)C)CC3)cc12,7.096910013008056,437.21146997599993,4,3,5.012300000000004,True
CHEMBL3668479,CDK9,80.0,nM,Clc1ccc(OCc2cccnc2)nc1-c1ccnc2[nH]c(C3CCCNC3)cc12,7.096910013008056,419.15128800400004,5,2,4.719300000000003,True
CHEMBL525194,CDK4,80.0,nM,c1cnn2ncc(-c3ccnc(NC4CC4)n3)c2c1,7.096910013008056,252.11234438399998,5,1,1.7605999999999997,True
CHEMBL3641910,CDK4,80.0,nM,C[C@H]1CN(c2ccc(Nc3ncc4c5ccncc5n(CCCO)c4n3)nc2)CCN1,7.096910013008056,418.222957452,8,3,2.2985999999999995,True
CHEMBL3354188,CDK2,80.0,nM,COC1CCN(c2nccc(Nc3cc4c(ccn4C(C)C)cn3)n2)CC1,7.096910013008056,366.21680945200006,6,1,3.7660000000000027,True
CHEMBL366734,CDK1,80.0,nM,CCn1cnc2c(Nc3cccc(Cl)c3)nc(N3CCC[C@@H]3CO)nc21,7.096910013008056,372.14653697200004,6,2,3.204300000000002,True
CHEMBL3655765,CDK9,80.0,nM,CC[C@H](Nc1nc(NCc2cccc(F)c2)c2ncn(C(C)C)c2n1)[C@@H](C)O,7.096910013008056,386.22303770400003,6,3,3.7297000000000033,True
CHEMBL255255,CDK1,80.0,nM,O=C(Cc1ccccc1)Nc1n[nH]c2ccc(N3CCCS3(=O)=O)cc12,7.096910013008056,370.109961436,4,2,2.284,True
CHEMBL419931,CDK2,80.0,nM,CC(C)n1cnc2c(NCc3ccccc3O)nc(NCCCO)nc21,7.096910013008056,356.196074008,7,4,2.5192,True
CHEMBL6142455,CDK1,80.0,nM,Cc1ccc(O)c(C)c1-n1c(N)c(C(N)=O)c2c(=O)n(CC(F)F)c(C)nc21,7.096910013008056,391.1455959080001,5,3,1.76426,True
CHEMBL255463,CDK1,80.0,nM,O=C(Cc1ccccc1Cl)Nc1n[nH]c2ccc(N3CCCS3(=O)=O)cc12,7.096910013008056,404.07098908399996,4,2,2.937400000000001,True
CHEMBL365341,CDK2,80.0,nM,C[C@H](C(=O)Nc1cc(C2CC2)[nH]n1)c1ccc(N2CCCC2)cc1,7.096910013008056,324.195011388,3,2,3.629500000000002,True
CHEMBL141247,CDK2,80.0,nM,O=C(Nc1ccccn1)Nc1cccc2c1[C@H]1CCCN1C2=O,7.096910013008056,308.127325752,3,2,3.016300000000001,True
CHEMBL3961156,CDK9,80.0,nM,CN1Cc2c(C3=CCN([C@H]4CC[C@@H](C(=O)O)CC4)CC3)[nH]c3ncc(F)c(c23)-c2ccccc21,7.096910013008056,460.22745438800007,4,2,5.051300000000005,True
CHEMBL6038376,CDK9,80.0,nM,O=C(Nc1cc(-c2ccc3ncn(CCc4cccnc4)c3c2)c(Cl)cn1)[C@@H]1CCCNC1,7.096910013008056,460.1778371000001,5,2,4.327500000000003,True
CHEMBL173647,CDK1,80.0,nM,CCn1cnc2c(Nc3cccc(Cl)c3)nc(NCCN)nc21,7.096910013008056,331.13122125600006,6,3,2.6137999999999995,True
CHEMBL3641978,CDK4,80.0,nM,OCCn1c2cnccc2c2cnc(Nc3ccc(N4CCNCC4)nn3)nc21,7.096910013008056,391.1869062920001,9,3,0.9149999999999991,True
CHEMBL3976153,CDK9,80.0,nM,COCCS(=O)(=O)N1CC2C=C(c3[nH]c4nccc5c4c3CN(C)c3ccc(F)cc3-5)CC2C1,7.096910013008056,482.1787899440001,5,1,3.6301000000000023,True
CHEMBL129396,CDK1,80.0,nM,CCc1cnc(CSc2cnc(NC(=O)Cc3cccnc3)s2)o1,7.096910013008056,360.07146775199993,7,1,3.562000000000002,True
CHEMBL380500,CDK2,80.0,nM,Nc1nccc(-c2c3c(O)ccnc3n3c(N)nccc23)n1,7.096910013008056,293.102507972,7,3,1.2094999999999998,True
CHEMBL5765752,CDK9,80.4,nM,Cc1nc2c(F)cc(-c3nc(Nc4ccc5c(n4)CCN(C(=O)CCN(C)C)C5)ncc3F)cc2n1C1CCC1,7.094743951251549,546.2667140840001,7,1,4.779920000000004,True
CHEMBL5883845,CDK9,80.4,nM,Cc1nc2c(F)cc(-c3nc(Nc4ccc5c(n4)CCN(C(=O)CN(C)C)C5)ncc3F)cc2n1C1CCC1,7.094743951251549,532.2510640200001,7,1,4.389820000000004,True
CHEMBL559639,CDK2,81.0,nM,Cn1nc(C(=O)NC2CC2)c2c1-c1nc(Nc3ccccc3)ncc1CC2,7.091514981121351,360.16985926,5,2,2.6115000000000004,True
CHEMBL507142,CDK2,81.0,nM,CNC(=O)c1ccc(Nc2nccc(-c3cnc(C4CC4)n3C(C)C)n2)cc1,7.091514981121351,376.20115938800006,5,2,3.901600000000003,True
CHEMBL3668538,CDK9,81.0,nM,COc1ccc(F)cc1-c1ccnc2[nH]c(C3=CCN(CC(=O)N(C)C)C(C)(C)C3)cc12,7.091514981121351,436.227454388,4,1,4.3335000000000035,True
CHEMBL559411,CDK1,81.0,nM,COCCOc1ccc2sc3c(c2c1)NC[C@@H](C)NC3=O,7.091514981121351,306.103813436,5,2,2.4703,True
CHEMBL3673536,CDK9,81.0,nM,O=C(CO)N1CCC(c2cc3c(-c4cncc(NCc5cccnc5)n4)ccnc3[nH]2)CC1,7.091514981121351,443.2069730400001,7,3,2.7253000000000007,True
CHEMBL6042424,CDK9,81.0,nM,CN1CC(C(=O)Nc2cc(-c3ccc4ncn(Cc5cccc(F)c5)c4c3)c(Cl)cn2)C1,7.091514981121351,449.14186619200007,4,1,4.439200000000003,True
CHEMBL5993141,CDK9,81.0,nM,CS(=O)(=O)N1CC2(C1)C(C(=O)Nc1cc(-c3ccc4ncn(Cc5cccc(F)c5)c4c3)c(Cl)cn1)CCS2(=O)=O,7.091514981121351,617.0969668000001,7,1,3.3263000000000016,True
CHEMBL3663788,CDK9,81.0,nM,Clc1ccc(NCC2CCOCC2)nc1-c1ccnc2[nH]c(C3CCNCC3)cc12,7.091514981121351,425.19823819600003,5,3,4.583800000000003,True
CHEMBL4851229,CDK9,81.0,nM,COc1ccc(F)cc1-c1c(F)cnc2[nH]c(C3=CCN([C@H]4CC[C@@H](C(=O)O)CC4)CC3)cc12,7.091514981121351,467.20204816399996,4,2,5.249200000000004,True
CHEMBL4752747,CDK9,81.6,nM,CC(C)N1c2cc(Nc3nccc(-c4cccc5ncccc45)n3)ccc2N(C)C(=O)[C@H]1C,7.088309841246139,438.216809452,6,1,5.015100000000004,True
CHEMBL5505838,CDK2,81.98,nM,CC(=O)Nc1ccc(CNc2nc(N3CCC[C@@H]3CO)nc3c(C(C)C)cnn23)cc1,7.086292086019517,423.2382731680001,7,3,2.779300000000001,True
CHEMBL59110,CDK2,82.0,nM,O=C1Nc2ccc(F)cc2/C1=C/c1[nH]cc2c1CCOC2=O,7.086186147616283,298.075370432,3,2,2.3594,True
CHEMBL3668535,CDK9,82.0,nM,COc1ccc(F)cc1-c1ccnc2[nH]c(C3=CCN(CC(=O)N(C)C)[C@@H](CO)C3)cc12,7.086186147616283,438.206718944,5,2,2.9158000000000017,True
CHEMBL3975804,CDK9,82.0,nM,CN1Cc2c(C3=CCN([C@H]4CC[C@H](CC(=O)O)CC4)CC3)[nH]c3nccc(c23)-c2cc(F)c(F)cc21,7.086186147616283,492.23368264000004,4,2,5.580500000000005,True
CHEMBL6000324,CDK9,82.0,nM,O=C(Nc1cc(-c2ccc3c(c2)ncn3Cc2cscn2)c(Cl)cn1)[C@@H]1CCCNC1,7.086186147616283,452.11860797200006,6,2,4.194600000000002,True
CHEMBL3644025,CDK1,82.0,nM,C#CCS(=O)(=O)c1ccc(Nc2ncc(C(F)(F)F)c(O[C@H](C)C(C)(C)O)n2)cc1,7.086186147616283,443.11266178,7,2,3.1841000000000017,True
CHEMBL6023247,CDK9,82.0,nM,CC(C)(CN)CNc1cc(-c2ccc3ncn(Cc4cccc(F)c4)c3c2)c(Cl)cn1,7.086186147616283,437.17825170000003,4,2,5.335900000000004,True
CHEMBL5774515,CDK9,82.0,nM,Cc1nc2c(F)cc(-c3nc(Nc4ccc5c(n4)CCN(C(=O)OCCN(C)C)C5)ncc3F)cc2n1C1CC1,7.086186147616283,548.2459786400001,8,1,4.609720000000004,True
CHEMBL3668523,CDK9,82.0,nM,COc1ccccc1-c1ccnc2[nH]c(C3CCN(CC(=O)N(C)C)CC3)cc12,7.086186147616283,392.221226136,4,1,3.5061000000000018,True
CHEMBL5888788,CDK9,82.1,nM,Cc1nc2c(F)cc(-c3nc(Nc4ccc5c(n4)CCN(C(=O)CN(C)C)C5)ncc3F)cc2n1CC1CC1,7.085656842880559,532.2510640200001,7,1,4.0748200000000026,True
CHEMBL3668562,CDK9,83.0,nM,COc1ccc(F)cc1-c1c(F)cnc2[nH]c(C3=CCN(CC(=O)N4CCC(O)CC4)CC3)cc12,7.080921907623926,482.21294719599996,5,2,3.589100000000002,True
CHEMBL4855780,CDK9,83.0,nM,COc1ccc(F)cc1-c1ccnc2[nH]c(C3=CCN([C@H]4CC[C@H](C(=O)O)CC4)CC3)cc12,7.080921907623926,449.21146997599993,4,2,5.1101000000000045,True
CHEMBL2035043,CDK2,83.0,nM,C1=C/Cn2ccc3ccc(cc32)-c2ccnc(n2)Nc2cccc(c2)COC/1,7.080921907623926,368.16371125999996,4,1,4.928300000000005,True
CHEMBL483590,CDK2,83.0,nM,COCCN(C)S(=O)(=O)c1ccc(Nc2nccc(-c3cnc(C)n3C3CC3)n2)cc1,7.080921907623926,442.1787096920001,7,1,2.993920000000001,True
CHEMBL3673490,CDK9,83.0,nM,COc1ccc(F)cc1-c1ccnc2[nH]c(C3=CCN(CC(=O)N4CC(O)C4)C(C)(C)C3)cc12,7.080921907623926,464.222369008,5,2,3.448400000000002,True
CHEMBL269882,CDK1,83.0,nM,NS(=O)(=O)c1ccc(N/N=C2\C(=O)Nc3ccc4[nH]nc(Cl)c4c32)cc1,7.080921907623926,390.0301868920001,6,4,1.6320000000000001,True
CHEMBL323392,CDK2,83.0,nM,O=C(Nc1cc(C2CC2)[nH]n1)c1ccc(Cl)c(Cl)c1,7.080921907623926,295.027917332,2,2,3.8462000000000023,True
CHEMBL5967608,CDK9,83.0,nM,O=C(Nc1cc(-c2ccc3ncn(CC4CCOCC4)c3c2)ccn1)[C@@H]1CCCNC1,7.080921907623926,419.23212516800004,5,2,3.463000000000002,True
CHEMBL3950866,CDK9,83.0,nM,CNC(=O)N1C2C=C(c3[nH]c4nccc5c4c3CN(C)c3ccc(F)cc3-5)CC1CCC2,7.080921907623926,431.212138672,3,2,4.668400000000004,True
CHEMBL6147667,CDK6,83.0,nM,CN1CCN(c2ccc(Nc3ncc(F)c(-c4ccc5c(c4)OC4(CCN(S(C)(=O)=O)CC4)CC5=O)n3)nc2)CC1,7.080921907623926,581.2220517239999,10,1,2.932500000000001,True
CHEMBL550964,CDK2,83.0,nM,CNC(=O)c1nn(C)c2c1C(C)(C)Cc1cnc(Nc3cccc(CN(C)C)c3)nc1-2,7.080921907623926,419.24335854800006,6,2,2.8756000000000013,True
CHEMBL5279564,CDK2,83.0,nM,CN(C)CC(=O)Nc1cc(Nc2ncc(F)c(Nc3c(F)cccc3F)n2)ccc1F,7.080921907623926,434.147822076,6,3,4.0203000000000015,True
CHEMBL5417371,CDK1,83.06,nM,COc1ccc(C(=O)N2CCN(c3nnc(Cc4ccccc4)c4ccccc34)CC2)cc1,7.0806080732261405,438.205576072,5,0,4.191600000000004,True
CHEMBL5417190,CDK1,83.23,nM,COc1ccc(Cc2nnc(N3CCN(C(=O)Nc4ccccc4)CC3)c3ccccc23)cc1,7.079720105367052,453.21647510400004,5,1,4.583300000000004,True
CHEMBL5908734,CDK1,83.4,nM,Cc1nc2c(F)cc(-c3nc(Nc4ccc5c(n4)CCN(CCO)C5)ncc3F)cc2n1C(C)C,7.078833949362261,479.22451492400006,7,2,4.149820000000003,True
CHEMBL3673550,CDK9,84.0,nM,CNC(=O)C1CC=C(c2cc3c(-c4cncc(OCc5cccc(F)c5)n4)ccnc3[nH]2)CC1,7.075720713938118,457.19140322800007,5,2,4.667500000000003,True
CHEMBL5181709,CDK2,84.0,nM,Cc1nc2ccc(-c3ccnc4[nH]c(C5CCN(CC(=O)N(C)C)CC5)cc34)cc2n1C(C)C,7.075720713938118,458.279409708,4,1,4.736520000000004,True
CHEMBL3668492,CDK9,84.0,nM,CNC(=O)N1CC=C(c2cc3c(-c4cccc(F)c4F)ccnc3[nH]2)CC1,7.075720713938118,368.144867636,2,2,3.936600000000002,True
CHEMBL2113092,CDK2,84.0,nM,CCCCOc1cc(Nc2ccc(S(N)(=O)=O)cc2)nc(N)c1C(=O)c1c(F)cccc1F,7.075720713938118,476.132982624,7,3,3.7429000000000014,True
CHEMBL3977776,CDK9,84.0,nM,CC(C(=O)O)=C1CCC(N2CC=C(c3[nH]c4nccc5c4c3CN(C)c3ccc(F)cc3-5)CC2)CC1,7.075720713938118,486.243104452,4,2,5.751600000000005,True
CHEMBL4594423,CDK9,84.0,nM,CN1CC[C@H](c2c(OP(=O)(O)O)cc(O)c3c(=O)cc(-c4ccccc4Cl)oc23)[C@H](O)C1,7.075720713938118,481.06933094199997,7,4,3.070500000000002,True
CHEMBL366230,CDK2,84.0,nM,C[C@H](C(=O)Nc1cc(C2CC2)[nH]n1)c1ccccc1,7.075720713938118,255.137162164,2,2,3.029300000000001,True
CHEMBL5173492,CDK9,84.0,nM,COc1cc(F)ccc1-c1ccnc2[nH]c(C3CCN(C(C)=O)CC3)cc12,7.075720713938118,367.16960516399996,3,1,4.103500000000003,True
CHEMBL6033665,CDK6,84.2,nM,Cc1nc2c(F)cc(-c3nc(Nc4ccc5c(n4)CCNC5)ncc3F)cc2n1C,7.074687908500351,407.1670000480001,6,2,3.4012200000000012,True
CHEMBL6019056,CDK2,84.3,nM,CNC1CC(C(=O)N2CCc3nc(Nc4ncc(F)c(-c5cc(F)c6nc(C)n(C(C)C)c6c5)n4)ccc3C2)C1,7.074172425375258,546.2667140840001,7,2,4.682120000000004,True
CHEMBL4164331,CDK6,84.31,nM,Cc1nc(Nc2c[nH]nc2C(=O)Nc2ccc(N3CCNCC3)cc2)c2ccsc2n1,7.0741209106985,434.163728324,8,4,3.1283200000000013,True
CHEMBL5431456,CDK1,84.39,nM,COc1ccc(Cc2nnc(N3CCN(C(=S)Nc4ccc(OC)cc4)CC3)c3ccccc23)cc1,7.073709013115137,499.204196168,6,1,4.756800000000005,True
CHEMBL115264,CDK2,85.0,nM,O=C(Nc1cc(C2CC2)[nH]n1)c1ccc(Cl)cc1,7.070581074285707,261.066889684,2,2,3.192800000000001,True
CHEMBL435330,CDK1,85.0,nM,CCn1cnc2c(Nc3cccc(C#N)c3)nc(N[C@H]3CC[C@H](N)CC3)nc21,7.070581074285707,376.21239276800003,7,3,3.1432800000000007,True
CHEMBL3898182,CDK9,85.0,nM,CN1Cc2c(C3=CCN(S(C)(=O)=O)CC3)[nH]c3nccc(c23)-c2ccccc21,7.070581074285707,394.14634694399996,4,1,3.2284000000000015,True
CHEMBL4777517,CDK9,85.0,nM,CC(=O)N[C@@H]1CCC[C@H](C(=O)Nc2cc(-c3cn[nH]c3CCCCO)c(Cl)cn2)C1,7.070581074285707,433.188067436,5,4,3.073500000000001,True
CHEMBL3702190,CDK6,85.0,nM,CN(C)CCCN(C)c1ccc(Nc2ncc3c4ccncc4n(C4CCCC4)c3n2)nn1,7.070581074285707,445.27024199200014,8,1,4.0161000000000024,True
CHEMBL3668531,CDK9,85.0,nM,CNC(=O)N1CC=C(c2[nH]c3ncc(F)c(-c4cc(F)ccc4OC)c3c2C#N)CC1,7.070581074285707,423.15068128800004,4,2,3.816880000000003,True
CHEMBL3641936,CDK4,85.0,nM,C[C@@H](CO)n1c2cnccc2c2cnc(Nc3ccc(N4CCNC(C)(C)C4)cn3)nc21,7.070581074285707,432.23860751600006,8,3,2.8596000000000004,True
CHEMBL5077663,CDK6,85.0,nM,Fc1cnc(Nc2ccc(N3CCNCC3)cn2)nc1-c1ccc2ncc(N3CCOCC3)nc2c1,7.070581074285707,487.22443467200003,10,2,2.6107000000000005,True
CHEMBL3668524,CDK9,85.0,nM,COc1ccc(F)cc1-c1ccnc2[nH]c(C3=C[C@H](C)N(S(C)(=O)=O)CC3)cc12,7.070581074285707,415.1365907839999,4,1,3.8148000000000026,True
CHEMBL5396190,CDK1,85.05,nM,COc1ccc(Cc2nnc(N3CCN(C(=S)Nc4ccccc4)CC3)c3ccccc23)cc1,7.070325682051412,469.19363148400004,5,1,4.748200000000004,True
CHEMBL3641932,CDK4,86.0,nM,C[C@@H](CO)n1c2cnccc2c2cnc(Nc3ccc(N4CC[C@@H](O)C4)nn3)nc21,7.0655015487564325,406.18657194400004,9,3,1.6373999999999995,True
CHEMBL3969174,CDK9,86.0,nM,CN1Cc2c(C3=CCC(NCC(=O)O)CC3)[nH]c3nccc(c23)-c2cc(F)ccc21,7.0655015487564325,406.180504196,4,3,3.9289000000000023,True
CHEMBL3668430,CDK9,86.0,nM,CN1CCC(c2cc3c(-c4cccc(NCc5ccc6cc[nH]c6c5)n4)ccnc3[nH]2)CC1,7.0655015487564325,436.2375448960001,4,3,5.527500000000004,True
CHEMBL4865444,CDK9,86.0,nM,COc1ccc(F)cc1-c1ccnc2[nH]c(C3=CCC(N4CCC(CC(=O)O)CC4)CC3)cc12,7.0655015487564325,463.22712003999993,4,2,5.500200000000005,True
CHEMBL3946675,CDK2,86.0,nM,COc1cc(F)ccc1-c1nc(Nc2cc(Br)cc(CS(C)(=N)=O)c2)ncc1F,7.0655015487564325,482.0223653240001,6,2,5.113070000000003,True
CHEMBL3668543,CDK9,86.0,nM,COc1ccc(F)cc1-c1c(C#N)cnc2[nH]c(C3=CC4CN(CC(=O)N(C)C)CC4C3)cc12,7.0655015487564325,459.207053292,5,1,3.6725800000000026,True
CHEMBL3982110,CDK9,86.0,nM,CN1Cc2c(C3=CCN(CC(=O)N4CCC[C@H]4CO)CC3)[nH]c3ncc(F)c(c23)-c2cc(F)ccc21,7.0655015487564325,493.22893160800004,5,2,3.530300000000002,True
CHEMBL3907123,CDK9,86.0,nM,CN(CCO)C(=O)CN1C2C=C(c3[nH]c4nccc5c4c3CN(C)c3ccc(F)cc3-5)CC1CCC2,7.0655015487564325,489.254003484,5,2,3.7797000000000027,True
CHEMBL5784667,CDK1,86.7,nM,Cc1nc2c(F)cc(-c3nc(Nc4ccc5c(n4)CCN(C(=O)C(C)N(C)C)C5)ncc3F)cc2n1C(C)C,7.061980902523789,534.2667140840001,7,1,4.634220000000004,True
CHEMBL6013151,CDK9,87.0,nM,Fc1cccc(Cn2cnc3ccc(-c4cc(NCCc5ccccn5)ncc4Cl)cc32)c1,7.060480747381382,457.1469515720001,4,1,5.988700000000003,True
CHEMBL272667,CDK1,87.0,nM,Cc1c([N+](=O)[O-])ccc2c1/C(=N/Nc1ccc(S(N)(=O)=O)cc1)C(=O)N2,7.060480747381382,375.063739516,7,3,1.3189199999999999,True
CHEMBL3663789,CDK9,87.0,nM,Clc1ccc(NCC2CCCOC2)nc1-c1ccnc2[nH]c(C3CCNCC3)cc12,7.060480747381382,425.19823819600003,5,3,4.583800000000003,True
CHEMBL6166275,CDK1,87.0,nM,Cc1ccc(O)c(C)c1-n1c(N)c(C(N)=O)c2c(=O)n(C)c(C)nc21,7.060480747381382,341.1487894680001,5,3,1.03616,True
CHEMBL5397283,CDK2,87.0,nM,N#Cc1ccc2c(CCNc3ccc(S(F)(F)(F)(F)F)cc3C(=O)O)c[nH]c2c1,7.060480747381382,431.07268878799994,3,3,6.049780000000002,True
CHEMBL3673551,CDK9,87.0,nM,NC(=O)C1CC=C(c2cc3c(-c4cncc(OCc5cccc(F)c5)n4)ccnc3[nH]2)CC1,7.060480747381382,443.17575316400007,5,2,4.406800000000002,True
CHEMBL232557,CDK2,87.0,nM,Cc1cc(N2CCCS2(=O)=O)c2oc(-c3ccc(O)c(O)c3)c(O)c(=O)c2c1,7.060480747381382,403.07257288399995,7,3,2.4251200000000015,True
CHEMBL3702242,CDK4,87.0,nM,CC[C@@H](C)n1c2cnccc2c2cnc(Nc3ccc(N4CCNC(C)(C)C4)cn3)nc21,7.060480747381382,430.2593429600001,7,2,4.277300000000003,True
CHEMBL5200108,CDK2,87.0,nM,O=C(Cc1ccc(B2C=CC=CN2)cc1)Nc1cc(C2CC2)[nH]n1,7.060480747381382,318.16519162800006,3,3,1.8791,True
CHEMBL3668542,CDK9,87.0,nM,COc1ccc(F)cc1-c1c(C#N)cnc2[nH]c(C3=CC4CN(S(C)(=O)=O)CC4C3)cc12,7.060480747381382,452.131839752,5,1,3.543980000000003,True
CHEMBL5746003,CDK9,87.0,nM,O=C(Nc1cc(-c2ccc3ncn(CC4CCS(=O)(=O)CC4)c3c2)c(Cl)cn1)[C@@H]1CCCNC1,7.060480747381382,501.160138436,6,2,3.5146000000000015,True
CHEMBL5830076,CDK1,87.4,nM,Cc1nc2c(F)cc(-c3nc(Nc4ccc5c(n4)CCN(C(=O)CCN(C)C)C5)ncc3F)cc2n1C(C)(C)C,7.058488567365597,548.2823641480002,7,1,4.809920000000004,True
CHEMBL5873158,CDK1,87.8,nM,Cc1nc2c(F)cc(-c3nc(Nc4ccc5c(n4)CCNC5)ncc3F)cc2n1C(C)(C)C,7.056505484093897,449.2139502400001,6,2,4.619220000000003,True
CHEMBL2322701,CDK2,88.0,nM,Cc1[nH]nc2c1N=C(c1ccccc1Cl)c1cc(N)ccc1N2,7.055517327849831,323.093773128,4,3,4.179820000000001,True
CHEMBL5988794,CDK9,88.0,nM,NS(=O)(=O)CC(=O)Nc1cc(-c2ccc3ncn(CC4CCOCC4)c3c2)c(Cl)cn1,7.055517327849831,463.108102864,6,2,2.4053000000000004,True
CHEMBL3951695,CDK9,88.0,nM,CN1Cc2c(C3=CC4CNCC4C3)[nH]c3nccc(c23)-c2cc(F)ccc21,7.055517327849831,360.175024892,3,2,3.9415000000000022,True
CHEMBL5555678,CDK6,88.0,nM,O=c1cnc2cnc(Nc3ccc(N4CCNCC4)cc3)nc2n1C1CCCC1,7.055517327849831,391.21205842000006,7,2,2.4547999999999996,True
CHEMBL301639,CDK2,88.0,nM,O=C1Nc2ccc(Cl)cc2/C1=C/c1[nH]cc2c1CCOC2=O,7.055517327849831,314.045819892,3,2,2.8737000000000004,True
CHEMBL5419439,CDK2,88.0,nM,CN(C)CCN(C)c1ccc2cc1COC/C=C/COCc1cccc(c1)-c1ccnc(n1)N2,7.055517327849831,459.2634252960001,7,1,4.488000000000003,True
CHEMBL3971069,CDK9,88.0,nM,CN1Cc2c(C3=CCN(C4CCC(C(C#N)C(=O)O)CC4)CC3)[nH]c3nccc(c23)-c2cc(F)ccc21,7.055517327849831,499.23835342,5,2,5.191080000000005,True
CHEMBL5932479,CDK1,88.0,nM,CN1NC(=O)C2(CCCCC2)n2c1cc1cnc(Nc3ccc(S(N)(=O)=O)cc3)nc12,7.055517327849831,441.15830859600004,7,3,1.9626999999999992,True
CHEMBL5558295,CDK9,88.03,nM,CC(=O)Nc1ccc(CNc2nc(O[C@H]3CCCNC3)nc3c(C(C)C)cnn23)cc1,7.055369298143722,423.2382731680001,7,3,2.9490000000000016,True
CHEMBL5436482,CDK1,88.4,nM,COc1cccc(NC(=S)N2CCN(c3nnc(Cc4ccccc4)c4ccccc34)CC2)c1,7.053547734986926,469.19363148400004,5,1,4.748200000000004,True
CHEMBL6152017,CDK1,88.7,nM,Clc1cnc2[nH]c(C3CCNCC3)cc2c1-c1cnn(CC2CC2)c1,7.052076380168273,355.156373384,3,2,3.956800000000002,True
CHEMBL2386747,CDK2,88.8,nM,COC(=N)c1nc2ccc3ncnc(Nc4ccc(Cl)cc4Cl)c3c2s1,7.051587034221399,403.00613633200004,7,2,5.261670000000001,True
CHEMBL4855187,CDK9,89.0,nM,COc1ccc(F)cc1-c1ccnc2[nH]c(C3=CCC(C(=O)NS(C)(=O)=O)CC3)cc12,7.050609993355087,443.13150540399994,5,2,3.6369000000000025,True
CHEMBL6162533,CDK6,89.0,nM,CC(=O)N1CCC2(CC1)CC(=O)c1ccc(-c3nc(Nc4ccc(C(=O)N5CCN(C(=O)OC(C)(C)C)CC5)cn4)ncc3F)cc1O2,7.050609993355087,659.286760156,10,1,4.460500000000004,True
CHEMBL5747791,CDK1,89.0,nM,NS(=O)(=O)c1ccc(Nc2ncc3cc4n(c3n2)C2(C=NN4)CCCCC2)cc1,7.050609993355087,411.14774391200007,7,3,2.8930000000000016,True
CHEMBL3908119,CDK9,89.0,nM,CN1Cc2c(C3=CCN(CC(=O)N4CC(CO)C4)CC3)[nH]c3ncc(F)c(c23)-c2cc(F)ccc21,7.050609993355087,479.21328154400004,5,2,2.997700000000001,True
CHEMBL6014795,CDK9,89.0,nM,Cc1nc2c(F)cc(-c3nc(Nc4ccc5c(n4)CCN(C(=O)C4CCCN4)C5)ncc3F)cc2n1C1CC1,7.050609993355087,530.2354139560001,7,2,4.190120000000003,True
CHEMBL6133562,CDK6,89.0,nM,CN1CCN(c2ccc(Nc3ncc(F)c(-c4ccc5c(c4)OC4(CCOCC4)CC5=O)n3)nc2)CC1,7.050609993355087,504.228517008,9,1,3.6875000000000027,True
CHEMBL6169985,CDK2,89.6,nM,O=C(c1ccc2ccccc2c1)c1cn(-c2ccccc2)nc1C1=Nn2c(S)nnc2SC1,7.047691990337874,468.0827011320001,7,1,4.494800000000003,True
CHEMBL5950277,CDK9,89.8,nM,Cc1nc2c(F)cc(-c3nc(Nc4ccc5c(n4)CCN(C(=O)NCCO)C5)ncc3F)cc2n1C1CC1,7.046723663332696,520.2146785120001,7,3,3.6134200000000014,True
CHEMBL4294760,CDK2,90.0,nM,CSc1ncc2c(n1)CCc1cnc(Nc3ccc(C(=O)N(C)CCN(C)C)cc3)nc1-2,7.045757490560675,449.1997794840001,8,1,3.1313000000000013,True
CHEMBL2402949,CDK1,90.0,nM,CC[C@H](CO)Nc1nc(NCc2ccc(-c3ccccn3)cc2)c2ncn(C3CCCC3)c2n1,7.045757490560675,457.2590086120001,7,3,4.798300000000004,True
CHEMBL3668442,CDK9,90.0,nM,COc1ccc(F)cc1-c1ccnc2[nH]c(C3CN(CCN4CCOCC4)C3)cc12,7.045757490560675,410.211804324,5,1,3.1090000000000018,True
CHEMBL3969365,CDK9,90.0,nM,COc1ccc(F)cc1-c1c(F)cnc2[nH]c(C3=CC4CCC(C3)N4CC(=O)N(C)C)cc12,7.045757490560675,452.202382512,4,1,4.225000000000003,True
CHEMBL463579,CDK2,90.0,nM,O=C(Nc1ccc(F)cc1)c1n[nH]cc1NC(=O)C1CCCCC1,7.045757490560675,330.149204068,3,3,3.3199000000000023,True
CHEMBL112136,CDK2,90.0,nM,O=C(Nc1cc(C2CCC2)[nH]n1)c1ccc(Br)cc1,7.045757490560675,319.03202416799996,2,2,3.692000000000002,True
CHEMBL3668540,CDK9,90.0,nM,COc1ccc(F)cc1-c1c(C#N)cnc2[nH]c(C3CCN(CC(=O)N(C)C)CC3)cc12,7.045757490560675,435.207053292,5,1,3.5168800000000022,True
CHEMBL3641912,CDK4,90.0,nM,OCCCn1c2cnccc2c2cnc(Nc3ccc(N4CC[C@@H](O)C4)nn3)nc21,7.045757490560675,406.18657194400004,9,3,1.4665,True
CHEMBL1800457,CDK2,90.0,nM,Nc1nc(-c2cc(N3C[C@H](O)[C@@H](O)C3)ccc2O)cc(C2CCCCCC2)n1,7.045757490560675,384.216140756,7,4,2.4110000000000005,True
CHEMBL3354185,CDK2,90.0,nM,COC1CCN(c2nccc(Nc3cc4[nH]c(-c5cn[nH]c5)nc4cn3)n2)CC1,7.045757490560675,391.1869062920001,8,3,2.4968000000000004,True
CHEMBL3655762,CDK2,90.0,nM,CC[C@H](Nc1nc(NCc2cnc(C)cc2C)c2ncn(C(C)C)c2n1)[C@@H](C)O,7.045757490560675,397.259008612,7,3,3.6024400000000028,True
CHEMBL368202,CDK1,90.0,nM,CCn1cnc2c(Nc3cccc(OC)c3)nc(N[C@H]3CC[C@H](O)CC3)nc21,7.045757490560675,382.211724072,7,3,3.3138000000000014,True
CHEMBL3942621,CDK9,90.0,nM,CN1Cc2c(C3=CCCNCC3)[nH]c3nccc(c23)-c2cc(F)ccc21,7.045757490560675,348.175024892,3,2,4.085600000000003,True
CHEMBL5748011,CDK4,90.0,nM,CC(C)CN1CCOc2c(F)cc(-c3nc(Nc4ccc(N5CCOCC5)cn4)ncc3F)cc21,7.045757490560675,482.22418057600004,8,1,4.251800000000003,True
CHEMBL1232461,CDK9,90.0,nM,CCNC(=O)C[C@@H]1N=C(c2ccc(Cl)cc2)c2cc(OC)ccc2-n2c(C)nnc21,7.045757490560675,423.14620262400007,5,1,3.6560200000000025,True
CHEMBL1922218,CDK2,90.0,nM,CC[C@@H](Nc1nc(NCc2cccnc2)c2ncn(C(C)C)c2n1)[C@H](C)O,7.045757490560675,369.227708484,7,3,2.985600000000002,True
CHEMBL3905910,CDK4,90.0,nM,CN1CC[C@@H](c2c(O)cc(O)c3c(=O)cc(-c4ccc(C(F)(F)F)cc4Cl)oc23)[C@@H]1CO,7.045757490560675,469.090385048,6,3,4.323400000000003,True
CHEMBL3910044,CDK9,90.0,nM,CN1Cc2c(C3=CCN([C@H]4CC[C@H](CC(=O)O)CC4)CC3)[nH]c3nccc(c23)-c2ccccc21,7.045757490560675,456.25252626400004,4,2,5.302300000000005,True
CHEMBL3655777,CDK2,90.0,nM,CCC(Nc1nc(NCc2cccnc2)c2ncn(C(C)C)c2n1)C(O)C(F)(F)F,7.045757490560675,423.199443048,7,3,3.5280000000000027,True
CHEMBL3668521,CDK9,90.0,nM,COc1ccc(F)cc1-c1c(F)cnc2[nH]c(C3CCN(CC(=O)N(C)C)CC3)cc12,7.045757490560675,428.202382512,4,1,3.7843000000000027,True
CHEMBL5884004,CDK2,91.0,nM,Cc1nc2c(F)cc(-c3nc(Nc4ccc5c(n4)CCN(C(=O)[C@H](C)N(C)C)C5)ncc3F)cc2n1C1CC1,7.040958607678906,532.2510640200001,7,1,4.388220000000003,True
CHEMBL3648105,CDK1,91.0,nM,CCC(Sc1nc(Nc2ccc(S(C)(=N)=O)cc2)ncc1Br)C(C)(C)O,7.040958607678906,458.044580076,7,3,4.659770000000004,True
CHEMBL3668528,CDK9,91.0,nM,COc1ccc(F)cc1-c1ccnc2[nH]c(C3=C[C@H]4CN(S(C)(=O)=O)C[C@H]4C3)cc12,7.040958607678906,427.1365907839999,4,1,3.6723000000000026,True
CHEMBL3911825,CDK9,91.0,nM,CN1Cc2c(C3=CCC(N[C@@H](CO)C(=O)O)CC3)[nH]c3nccc(c23)-c2cc(F)ccc21,7.040958607678906,436.19106888000005,5,4,3.2898000000000014,True
CHEMBL3668429,CDK9,91.0,nM,CN1CCC(c2cc3c(-c4cccc(NCC5CCN(C)C5)n4)ccnc3[nH]2)CC1,7.040958607678906,404.2688450240001,5,2,3.7977000000000025,True
CHEMBL5748359,CDK9,91.0,nM,Cc1nnc(CCNc2cc(-c3ccc4ncn(Cc5cccc(F)c5)c4c3)c(Cl)cn2)[nH]1,7.040958607678906,461.15309957200003,5,2,5.020220000000004,True
CHEMBL360596,CDK2,91.0,nM,COc1cc(F)c(C(=O)c2c(N)nc3ccc(C(=O)c4c(F)cccc4F)cn23)c(F)c1,7.040958607678906,443.0893041560001,5,1,3.943500000000002,True
CHEMBL5876151,CDK9,91.0,nM,O=C(O)c1ccc(Cn2cnc3ccc(-c4cc(NC(=O)[C@@H]5CCCNC5)ncc4Cl)cc32)cc1,7.040958607678906,489.15676730800004,5,3,4.436300000000003,True
CHEMBL3892247,CDK9,91.0,nM,CN(CCO)C(=O)CN1CCC(c2[nH]c3nccc4c3c2CN(C)c2ccc(F)cc2-4)CC1,7.040958607678906,451.23835342,5,2,2.948900000000002,True
CHEMBL4786995,CDK9,92.0,nM,CC(=O)N[C@@H]1CCC[C@H](C(=O)Nc2cc(-c3cnn4c3CCCCC4)c(Cl)cn2)C1,7.036212172654444,429.193152816,4,2,3.958300000000003,True
CHEMBL180714,CDK2,92.0,nM,CCN(CC)[C@H]1CC[C@H](Nc2cc(Nc3ccc(S(=O)(=O)N(C)C)cc3)n3ncc(C(C)C)c3n2)CC1,7.036212172654444,527.304244552,7,2,4.911500000000004,True
CHEMBL5566629,CDK1,92.0,nM,Cc1ccc(O)c(C)c1-n1c(N)c(C(=O)N2CCn3nccc3C2)c2nc(C3CC3)c(C)nc21,7.036212172654444,457.2226231040001,6,2,3.3634600000000017,True
CHEMBL3641991,CDK6,92.0,nM,O[C@@H]1CCN(c2ccc(Nc3ncc4c5ccncc5n(C5CCC5)c4n3)nc2)C1,7.036212172654444,401.19640835600006,7,2,3.414100000000002,True
CHEMBL3639408,CDK4,92.0,nM,C[C@H]1CN(c2ccc(Nc3ncc4c5ccncc5n([C@@H]5CCOC5)c4n3)nn2)CCN1,7.036212172654444,431.21820642000006,9,2,2.2725999999999993,True
CHEMBL5767864,CDK9,93.0,nM,NCC1CCCC(CNc2cc(-c3ccc4ncn(Cc5cccc(F)c5)c4c3)c(Cl)cn2)C1,7.031517051446065,477.20955182800003,4,2,6.116100000000006,True
CHEMBL3663754,CDK9,93.0,nM,CN1CCCC(c2cc3c(-c4nc(NCc5ccccc5)ccc4Cl)ccnc3[nH]2)C1,7.031517051446065,431.18767351200006,4,2,5.699600000000005,True
CHEMBL3691658,CDK4,93.0,nM,CN(C)C(=O)c1cc2cnc(Nc3ccc(N4CCC5(CCCN5)C4=O)cn3)nc2n1C1CCCOC1,7.031517051446065,504.25973688400006,8,2,2.4821,True
CHEMBL3702048,CDK4,93.0,nM,CCOC(=O)c1ccc(Nc2ncc3c4ccncc4n(C4CCCC4)c3n2)nc1,7.031517051446065,402.18042394400004,7,1,4.409900000000002,True
CHEMBL3668556,CDK9,93.0,nM,CNS(=O)(=O)CC(=O)N1CC2C=C(c3cc4c(-c5cc(F)ccc5OC)ccnc4[nH]3)CC2C1,7.031517051446065,484.15805450000005,5,2,2.788500000000001,True
CHEMBL3668550,CDK9,93.0,nM,CNC(=O)N1C[C@H]2CC(c3cc4c(-c5cc(F)ccc5OC)ccnc4[nH]3)=C[C@H]2C1,7.031517051446065,406.1805041960001,3,2,4.052100000000003,True
CHEMBL3668527,CDK9,93.0,nM,COc1ccc(F)cc1-c1ccnc2[nH]c(C3=C[C@@H](CO)N(CC(=O)N(C)C)CC3)cc12,7.031517051446065,438.20671894400004,5,2,2.9158000000000017,True
CHEMBL6022784,CDK6,93.0,nM,CC(C)N1CCOc2c(F)cc(-c3nc(Nc4ccc(N5CCC(C)(O)CC5)cn4)ncc3F)cc21,7.031517051446065,496.23983064000004,8,2,4.518800000000004,True
CHEMBL3354189,CDK2,93.0,nM,COC1CCN(c2nccc(Nc3cc4c(ccn4C4CCCC4)cn3)n2)CC1,7.031517051446065,392.23245951600006,6,1,4.300200000000003,True
CHEMBL1081104,CDK2,93.0,nM,N[C@H](CNc1cc(-c2ccc3cnccc3c2)no1)Cc1ccc(C(F)(F)F)cc1,7.031517051446065,412.15109588800004,5,2,4.890500000000003,True
CHEMBL5827659,CDK9,93.0,nM,CC1(C)Cc2c(-c3ccnc(NC(=O)[C@H]4C[C@@H](O)C4)c3)cnn2C1,7.031517051446065,326.17427594400004,4,2,2.2367999999999997,True
CHEMBL411696,CDK2,93.0,nM,CCOc1cccc2c1/C(=N/Nc1ccc(S(N)(=O)=O)cc1)C(=O)N2,7.031517051446065,360.08922599199997,6,3,1.501,True
CHEMBL3967032,CDK9,93.0,nM,CN1Cc2c(C3CCN(CC(=O)N4CCC[C@H]4CO)CC3)[nH]c3nccc(c23)-c2cc(F)ccc21,7.031517051446065,477.254003484,5,2,3.4815000000000023,True
CHEMBL2402948,CDK1,93.0,nM,Nc1ccccc1CNc1nc(NC2CCC(N)CC2)nc2c1ncn2C1CCCC1,7.031517051446065,420.274993024,7,4,3.8175000000000026,True
CHEMBL5874515,CDK2,93.4,nM,Cc1nc2c(F)cc(-c3nc(Nc4ccc5c(n4)CCN(C(=O)[C@@H]4CCCN4C)C5)ncc3F)cc2n1C1CC1,7.029653123769907,544.2510640200002,7,1,4.532320000000004,True
CHEMBL5802135,CDK2,93.5,nM,C=CC(=O)NC1CCN(C(=O)C2CCCC(Nc3ncc(SCc4ncc(C(C)(C)C)o4)s3)C2)CC1,7.029188389127482,531.233782044,8,2,4.984800000000004,True
CHEMBL5789562,CDK2,93.7,nM,Cc1nc2c(F)cc(-c3nc(Nc4ccc5c(n4)CCN(C(=O)[C@H]4CCCN4C)C5)ncc3F)cc2n1C1CC1,7.028260409112222,544.2510640200002,7,1,4.532320000000004,True
CHEMBL5813966,CDK6,93.7,nM,CCN1CCN(Cc2ccc(Nc3ncc(F)c(-c4cc(F)c5nn6c(c5c4)CCC6)n3)nc2)CC1,7.028260409112222,490.2404993360001,7,1,3.993800000000002,True
CHEMBL5593193,CDK9,93.97,nM,CC(C)S(=O)(=O)c1ccccc1Nc1nc([C@H]2CC[C@H](N(C)C)CC2)ncc1Cl,7.027010773144651,436.1699748480001,6,1,4.643500000000004,True
CHEMBL3929678,CDK9,94.0,nM,CS(=O)(=O)N1CC=C(c2[nH]c3nccc4c3c2COc2ccc(F)cc2-4)CC1,7.026872146400302,399.10529065599997,4,1,3.310100000000002,True
CHEMBL1800452,CDK1,94.0,nM,CC(C)c1cc(-c2cc(N3C[C@H](O)[C@@H](O)C3)ccc2O)nc(N)n1,7.026872146400302,330.1691905640001,7,4,1.0965999999999998,True
CHEMBL4755256,CDK1,94.0,nM,COc1cc(F)ccc1-c1cc(NC(=O)[C@H]2CCC[C@@H](NC(C)=O)C2)ncc1Cl,7.026872146400302,419.1411974960001,4,2,4.183100000000003,True
CHEMBL3953907,CDK9,94.0,nM,CNC(=O)N1CC=C(c2[nH]c3nccc4c3c2CN(C)c2ncccc2-4)CC1,7.026872146400302,374.185509324,4,2,3.0032000000000014,True
CHEMBL3673434,CDK1,94.0,nM,COc1cc(F)ccc1-c1ccnc(NC(=O)[C@H]2CCC[C@@H](NC(C)=O)C2)c1,7.026872146400302,385.180169848,4,2,3.529700000000002,True
CHEMBL3644029,CDK2,94.0,nM,CS(=O)(=O)c1ccc(Nc2ncc(C(F)(F)F)c(OCCC(F)(F)F)n2)cc1,7.026872146400302,429.05818159600005,6,1,3.9737000000000027,True
CHEMBL6162082,CDK6,94.0,nM,CN1CCN(c2ccc(Nc3ncc(F)c(-c4ccc5c(c4)OC4(CCSCC4)CC5=O)n3)nc2)CC1,7.026872146400302,520.2056733879999,9,1,4.404100000000003,True
CHEMBL3933775,CDK9,94.0,nM,CN1Cc2c(C3=CC4CN(CC(=O)N5CC(O)C5)CC4C3)[nH]c3nccc(c23)-c2cc(F)ccc21,7.026872146400302,473.222703356,5,2,2.857000000000001,True
CHEMBL508506,CDK2,95.0,nM,CC1NCCCC1C(=O)Nc1ncc(SCc2ncc(C(C)(C)C)o2)s1,7.022276394711152,394.149718072,7,2,4.047500000000003,True
CHEMBL5942169,CDK4,95.0,nM,CC(C)N1CCc2c(cccc2Nc2ncc(F)c(-c3cc(F)c4c(c3)N(C(C)C)CCO4)n2)C1,7.022276394711152,479.24966705200006,6,1,5.539100000000006,True
CHEMBL3668520,CDK9,95.0,nM,COc1ccc(F)cc1-c1ccnc2[nH]c(C3=CCC(N[C@H](C(=O)O)C(C)(C)C)CC3)cc12,7.022276394711152,451.22712003999993,4,3,5.4024000000000045,True
CHEMBL273060,CDK1,95.0,nM,NS(=O)(=O)c1ccc(N/N=C2\C(=O)Nc3ccc(I)cc32)cc1,7.022276394711152,441.959659212,5,3,1.7069,True
CHEMBL5968222,CDK9,95.0,nM,Fc1cccc(Cn2cnc3ccc(-c4cc(N[C@@H]5CCCCNC5)ncc4Cl)cc32)c1,7.022276394711152,449.1782517000001,4,2,5.493100000000004,True
CHEMBL5440583,CDK6,95.0,nM,Oc1ccc(/C=N/n2c(S)nnc2-c2c[nH]c3ccccc23)c(O)c1,7.022276394711152,351.078995656,6,4,3.0084999999999997,True
CHEMBL5631610,CDK4,95.0,nM,N#Cc1c(-c2ccc(Cl)cc2Cl)cc(-c2c[nH]c3ccccc23)[nH]c1=O,7.022276394711152,379.027917332,2,2,5.368680000000002,True
CHEMBL364631,CDK2,95.0,nM,Nc1nc2ccc(C(=O)c3c(Cl)cccc3Cl)cn2c1C(=O)c1c(F)cc(C(=O)O)cc1F,7.022276394711152,489.00946763199994,5,2,4.6617000000000015,True
CHEMBL6170522,CDK6,95.0,nM,CC(=O)N1CCC2(CC1)CC(=O)c1ccc(-c3nc(Nc4ccc(C(=O)N5CCOCC5)cn4)ncc3F)cc1O2,7.022276394711152,560.218346248,9,1,3.240000000000002,True
CHEMBL5559473,CDK9,95.01,nM,CCC(=O)Nc1ccc(CNc2nc(OC3CCN(C)CC3)nc3c(C(C)C)cnn23)cc1,7.022230681908425,451.2695732960001,7,2,3.681300000000003,True
CHEMBL4755256,CDK9,96.0,nM,COc1cc(F)ccc1-c1cc(NC(=O)[C@H]2CCC[C@@H](NC(C)=O)C2)ncc1Cl,7.017728766960431,419.1411974960001,4,2,4.183100000000003,True
CHEMBL497995,CDK9,96.0,nM,Nc1nccc(-c2cc3c([nH]2)C(C2CCC2)CNC3=O)n1,7.017728766960431,283.143310164,4,3,1.6809999999999998,True
CHEMBL3702178,CDK4,96.0,nM,CN(C)C1CCN(c2ccc(Nc3ncc4c5ccncc5n(C5CCSCC5)c4n3)nc2)CC1,7.017728766960431,488.247064024,8,1,4.716600000000004,True
CHEMBL3668423,CDK9,96.0,nM,CN1CCC(c2cc3c(-c4nc(NCC5CC5)ccc4Cl)ccnc3[nH]2)CC1,7.017728766960431,395.187673512,4,2,4.909400000000003,True
CHEMBL3901001,CDK9,96.0,nM,CN1Cc2c(C3=C[C@H]4CC[C@@H](C3)N4S(C)(=O)=O)[nH]c3nccc(c23)-c2cc(F)ccc21,7.017728766960431,438.15257519600004,4,1,3.898500000000002,True
CHEMBL3648088,CDK1,96.0,nM,CCOC(=O)N=S(=O)(CC)c1ccc(Nc2ncc(Br)c(N[C@H](C)C(C)(C)O)n2)cc1,7.017728766960431,513.1045374760001,8,3,4.557300000000004,True
CHEMBL451570,CDK9,96.0,nM,Nc1nccc(-c2cc3c([nH]2)[C@H](CCF)CNC3=O)n1,7.017728766960431,275.118238288,4,3,1.2405,True
CHEMBL3914925,CDK9,96.0,nM,CN1Cc2c(C3=CCNCC3)[nH]c3nccc(c23)-c2ccccc21,7.017728766960431,316.16879664,3,2,3.556400000000002,True
CHEMBL400858,CDK1,97.0,nM,Cc1cccc2[nH]c(-c3n[nH]c4ncc(-c5cncc6ccccc56)cc34)nc12,7.013228265733755,376.143644512,4,2,5.024820000000003,True
CHEMBL3906898,CDK9,97.0,nM,CN1Cc2c(C3=C[C@H]4CC[C@@H](C3)N4CC(=O)N3CC(O)C3)[nH]c3nccc(c23)-c2cc(F)ccc21,7.013228265733755,473.222703356,5,2,3.142000000000002,True
CHEMBL5786559,CDK9,97.0,nM,N[C@H]1C[C@@H](C(=O)Nc2cc(-c3ccc4ncn(CC5CCOCC5)c4c3)c(Cl)cn2)C1,7.013228265733755,439.177502752,5,2,3.8541000000000025,True
CHEMBL5089915,CDK6,97.0,nM,CN(C)c1cnc2ccc(-c3nc(Nc4ccc(N5CCNCC5)cn4)ncc3F)cc2n1,7.013228265733755,445.21386998800006,9,2,2.8401000000000005,True
CHEMBL3648100,CDK1,97.0,nM,CCC(C)Sc1nc(Nc2ccc(S(C)(=N)=O)cc2)ncc1Br,7.013228265733755,414.018365328,6,2,4.908770000000003,True
CHEMBL5290362,CDK2,97.0,nM,N[C@H](COc1cncc(-c2ccc3[nH]nc(NC(=O)c4ccccc4)c3c2)c1)Cc1ccccc1,7.013228265733755,463.20082504000004,5,3,4.826000000000003,True
CHEMBL4202432,CDK1,97.2,nM,Cc1nc2c(F)cc(-c3cc(Nc4cnc(CN5CCN(C(C)C)CC5)cn4)ncn3)cc2n1C(C)C,7.012333735073725,503.2921203080001,8,1,4.581320000000004,True
CHEMBL4212532,CDK1,97.2,nM,Cc1nc2c(F)cc(-c3nc(Nc4ccc5c(n4)CCN(C(=O)CN(C)C)C5)ncc3F)cc2n1C(C)C,7.012333735073725,520.2510640200001,7,1,4.245720000000003,True
CHEMBL3941567,CDK9,98.0,nM,CN1Cc2c(C3=CC4CCCC(C3)N4CC(=O)N3CC(O)C3)[nH]c3nccc(c23)-c2cc(F)ccc21,7.008773924307505,487.23835342,5,2,3.5321000000000025,True
CHEMBL5401158,CDK2,98.31,nM,O=C(Nc1ccc(N2CCNCC2)cc1)c1n[nH]cc1Nc1cc(Oc2ccccc2)ncn1,7.007402303897962,456.20222200800004,8,4,3.397500000000001,True
CHEMBL3986185,CDK9,99.0,nM,CN(CC(O)CO)C(=O)CN1CC2C=C(c3[nH]c4nccc5c4c3CN(C)c3ccc(F)cc3-5)CC2C1,7.00436480540245,505.248918104,6,3,2.4655000000000014,True
CHEMBL3668563,CDK9,99.0,nM,COc1ccc(F)cc1-c1c(F)cnc2[nH]c(C3=CCN(C4CCC(CC(=O)O)CC4)CC3)cc12,7.00436480540245,481.21769822799996,4,2,5.639300000000004,True
CHEMBL6049134,CDK9,99.0,nM,O=C(Nc1cc(-c2ccc3nnn(Cc4cccs4)c3c2)c(Cl)cn1)[C@@H]1CCCNC1,7.00436480540245,452.11860797200006,6,2,4.194600000000003,True
CHEMBL249094,CDK1,99.0,nM,CC(C)OCc1cccc2[nH]c(-c3n[nH]c4ncc(-c5cncc6ccccc56)cc34)nc12,7.00436480540245,434.18550932400007,5,2,5.6414000000000035,True
CHEMBL5070887,CDK2,99.4,nM,Cc1cnc(Nc2ccnn2C)nc1-c1cc2n(c1)C(=O)N([C@H](CO)c1cccc(Cl)c1)C2,7.002613615602686,463.15235062399995,6,2,3.901320000000003,True
CHEMBL3927646,CDK9,100.0,nM,CN1Cc2c(-c3cccc(CC(=O)O)c3)[nH]c3nccc(c23)-c2cc(F)ccc21,7.0,387.13830503599996,3,2,4.612900000000003,True
CHEMBL3668389,CDK9,100.0,nM,COc1ccc(F)cc1-c1ccnc2[nH]c(C3CCN(C4CCN(C(=O)OC(C)(C)C)C4)C3)cc12,7.0,480.253669136,5,1,5.176300000000005,True
CHEMBL3668359,CDK9,100.0,nM,NC1CCCC(c2cc3c(-c4cccc(F)c4)c(Cl)cnc3[nH]2)C1,7.0,343.1251535080001,2,2,5.0073000000000025,True
CHEMBL383264,CDK1,100.0,nM,N[C@H](COc1cncc(-c2ccc3cnccc3c2)c1)Cc1c[nH]c2ccccc12,7.0,394.179361324,4,2,4.726900000000003,True
CHEMBL2158859,CDK2,100.0,nM,CNC(=O)Nc1ccc(-c2cc(-c3ccnc(Nc4cccc(S(=O)(=O)NC)c4)n3)ccn2)cc1,7.0,489.1583085960001,7,4,3.608600000000002,True
CHEMBL495545,CDK2,100.0,nM,CN1CCN(c2ccc(Nc3nccc(-c4cnn5ncccc45)n3)cc2)CC1,7.0,386.19674270400003,7,1,2.681700000000001,True
CHEMBL5173190,CDK2,100.0,nM,COc1cc(CC(=O)Nc2cc([C@H]3CC[C@@H](OC(=O)NC(C)C)C3)[nH]n2)ccn1,7.0,401.2063043440001,6,3,2.7652,True
CHEMBL5179286,CDK2,100.0,nM,CC(C)NC(=O)O[C@@H]1CC[C@H](c2cc(NC(=O)Cc3ccccc3S(C)(=O)=O)n[nH]2)C1,7.0,448.17804099600005,6,3,2.7651000000000003,True
CHEMBL5179057,CDK2,100.0,nM,CC(C)NC(=O)O[C@H]1CC[C@@H](c2cc(NC(=O)c3ccnn3C)n[nH]2)C1,7.0,360.19098862800007,5,3,2.1662,True
CHEMBL5209174,CDK2,100.0,nM,CC(C)NC(=O)O[C@@H]1CC[C@H](c2cc(NC(=O)Cc3ccccc3)n[nH]2)C1,7.0,370.2004906920001,4,3,3.361600000000002,True
CHEMBL421583,CDK4,100.0,nM,Cc1ccc(N(CC#N)c2cc(Nc3ccc(OCC(O)CN(C)C)cc3)ncn2)c(Br)c1,7.0,510.13788620400004,8,2,4.254100000000003,True
CHEMBL2203628,CDK1,100.0,nM,N#CCNc1nc(Nc2ccccc2)ncc1Br,7.0,303.01195742,5,2,2.9181800000000004,True
CHEMBL4800119,CDK9,100.0,nM,Cc1cnc(Nc2ccc3c(c2)N(C(C)C)[C@H](C)C(=O)N3C)nc1-c1cncc2ccccc12,7.0,452.23245951600006,6,1,5.323520000000005,True
CHEMBL5170812,CDK2,100.0,nM,Cc1ncc(CC(=O)Nc2cc([C@H]3CC[C@@H](OC(=O)NC(C)C)C3)[nH]n2)s1,7.0,391.1678106600001,6,3,3.126520000000001,True
CHEMBL2203628,CDK2,100.0,nM,N#CCNc1nc(Nc2ccccc2)ncc1Br,7.0,303.01195742,5,2,2.9181800000000004,True
CHEMBL5279564,CDK9,100.0,nM,CN(C)CC(=O)Nc1cc(Nc2ncc(F)c(Nc3c(F)cccc3F)n2)ccc1F,7.0,434.147822076,6,3,4.0203000000000015,True
CHEMBL3908656,CDK9,100.0,nM,CN(CCO)C(=O)CN1CC=C(c2[nH]c3ncc(F)c4c3c2CN(C)c2ccc(F)cc2-4)CC1,7.0,467.21328154400004,5,2,2.997700000000002,True
CHEMBL6144922,CDK9,100.0,nM,COCCN[C@H]1CC[C@H](Nc2nccc(-c3ccc4c(c3)CCNC4=O)n2)CC1,7.0,395.23212516800004,6,3,2.3886000000000003,True
CHEMBL2158854,CDK1,100.0,nM,NS(=O)(=O)c1cccc(Nc2nccc(-c3ccnc(N4C5CCC4COC5)c3)n2)c1,7.0,438.14740956400004,8,2,2.2972,True
CHEMBL2158848,CDK1,100.0,nM,Cc1cccc(Nc2nccc(-c3ccnc(N4CCOCC4)c3)n2)c1,7.0,347.174610292,6,1,3.427220000000002,True
CHEMBL3952232,CDK9,100.0,nM,CN1Cc2c(C3=CCN(CC(=O)OC(C)(C)C)CC3)[nH]c3ncc(F)c(c23)-c2cc(F)ccc21,7.0,466.218032576,5,1,4.8887000000000045,True
CHEMBL428690,CDK4,100.0,nM,CN1CC[C@H](c2c(O)cc(O)c3c(=O)cc(-c4ccccc4Cl)oc23)[C@H](O)C1,7.0,401.10300041999994,6,3,3.3046000000000015,True
CHEMBL3936047,CDK9,100.0,nM,C[C@H](NC1CC=C(c2[nH]c3nccc4c3c2CN(C)c2ccc(F)cc2-4)CC1)C(=O)O,7.0,420.19615425999996,4,3,4.317400000000003,True
CHEMBL4751230,CDK9,100.0,nM,CC(=O)N[C@@H]1CCC[C@H](C(=O)Nc2cc(-c3cnn4c3CCCC4)c(F)cn2)C1,7.0,399.207053292,4,2,3.0539000000000014,True
CHEMBL5965779,CDK9,100.0,nM,Fc1cccc(Cn2cnc3ccc(-c4cc(NC5CCC56CCNC6)ncc4Cl)cc32)c1,7.0,461.1782517000001,4,2,5.493100000000004,True
CHEMBL3655762,CDK9,100.0,nM,CC[C@H](Nc1nc(NCc2cnc(C)cc2C)c2ncn(C(C)C)c2n1)[C@@H](C)O,7.0,397.259008612,7,3,3.6024400000000028,True
CHEMBL5817977,CDK9,100.0,nM,O=C(Nc1cc(-c2ccc3ncn(CC4CCOCC4)c3c2)c(Cl)cn1)[C@H]1C[C@H]2CN[C@@H]1C2,7.0,465.193152816,5,2,4.114800000000003,True
CHEMBL4853678,CDK9,100.0,nM,COc1ccc(F)cc1-c1c(F)cnc2[nH]c(C3=CCN([C@H]4CC[C@H](CC(=O)O)CC4)CC3)cc12,7.0,481.21769822799996,4,2,5.639300000000004,True
CHEMBL3949735,CDK9,100.0,nM,CN1Cc2c(C3=CC4CN(CC(=O)N(C)C5CC(O)C5)CC4C3)[nH]c3nccc(c23)-c2cc(F)ccc21,7.0,501.254003484,5,2,3.635600000000002,True
CHEMBL3655764,CDK2,100.0,nM,CC[C@H](Nc1nc(NCc2cccc(Cl)c2)c2ncn(C(C)C)c2n1)[C@@H](C)O,7.0,402.19348716400003,6,3,4.244000000000003,True
CHEMBL430507,CDK4,100.0,nM,CN(C)CC(O)COc1ccc(Nc2nccc(N(CC#N)c3cc(Cl)ccc3Cl)n2)cc1,7.0,486.13377936800003,8,2,4.489980000000004,True
CHEMBL3691588,CDK4,100.0,nM,CN(C)C(=O)c1cc2cnc(Nc3ccc(C(=O)N4CC5CN(Cc6ccccc6)CC(C4)O5)cn3)nc2n1C1CCCC1,7.0,594.3066870760001,8,1,4.112200000000003,True
CHEMBL2348160,CDK2,100.0,nM,Nc1nccc(-n2cc(-c3ccoc3)c3cnccc32)n1,7.0,277.096359972,5,1,2.6577,True
CHEMBL173619,CDK1,100.0,nM,CCn1cnc2c(Nc3ccc(F)cc3)nc(N[C@H]3CC[C@@H](N)CC3)nc21,7.0,369.207721988,6,3,3.410700000000001,True
CHEMBL2403091,CDK1,100.0,nM,Nc1ccccc1-c1ccc(CNc2nc(NC3CCC(N)CC3)nc3c2ncn3C2CCCC2)cn1,7.0,497.30154212000014,8,4,4.879500000000004,True
CHEMBL1964257,CDK1,100.0,nM,NS(=O)(=O)Cc1ccc(N/C=C2\C(=O)Nc3ccc4ncsc4c32)cc1,7.0,386.050732308,6,3,2.4899000000000004,True
CHEMBL460086,CDK1,100.0,nM,Cc1ncc(-c2ccnc(Nc3ccc(C(=O)N4CC[C@H](NC5CC5)C4)cc3)n2)n1C(C)C,7.0,445.2590086120001,6,2,3.9395200000000026,True
CHEMBL5944626,CDK6,100.0,nM,CC(C)N1CCOc2c(F)cc(-c3nc(Nc4ccc5c(c4)CC(N(C)C)CC5)ncc3F)cc21,7.0,479.24966705200006,6,1,5.191500000000005,True
CHEMBL5439308,CDK2,100.0,nM,N#Cc1ccc2c(CCNc3ccc(C(F)(F)F)cc3C(=O)O)c[nH]c2c1,7.0,373.10381134799997,3,3,4.4111800000000025,True
CHEMBL3702041,CDK4,100.0,nM,CN1CCN(c2nc(Nc3ncc4c5ccncc5n(C5CCCC5)c4n3)ns2)CC1,7.0,435.1953628000001,9,1,3.4415000000000022,True
CHEMBL5440428,CDK4,100.0,nM,O=C(NC1CCNCC1)c1n[nH]cc1NC(=O)c1c(Cl)cccc1Cl.O=C(O)C(F)(F)F,7.0,495.0687940759999,5,5,3.0839,True
CHEMBL6016131,CDK9,100.0,nM,O=C(Nc1cc(-c2ccc3ncn(CCN4CCOCC4)c3c2)c(Cl)cn1)[C@@H]1CCCNC1,7.0,468.20405184800006,6,2,3.022000000000001,True
CHEMBL419931,CDK1,100.0,nM,CC(C)n1cnc2c(NCc3ccccc3O)nc(NCCCO)nc21,7.0,356.196074008,7,4,2.5192,True
CHEMBL1095040,CDK1,100.0,nM,CCCC(=O)Nc1n[nH]c2cc(Cl)c(-c3ccccc3)cc12,7.0,313.098189812,2,2,4.621900000000003,True
CHEMBL1276446,CDK1,100.0,nM,O=C1Nc2ccc3ncsc3c2/C1=C/Nc1ccc(S(=O)(=O)Nc2ccccn2)cc1,7.0,449.06163134,7,3,3.8972000000000016,True
CHEMBL419534,CDK4,100.0,nM,CN(C)CC(O)COc1ccc(Nc2ncc(Br)c(Nc3ccccc3)n2)cc1,7.0,457.11133710800004,7,3,4.027600000000002,True
CHEMBL5192247,CDK2,100.0,nM,COCc1cc(C(=O)Nc2cc([C@H]3CC[C@@H](OC(=O)N(C)C(C)C)C3)[nH]n2)n(C)n1,7.0,418.2328534400001,6,2,2.6548000000000007,True
CHEMBL5800720,CDK9,100.0,nM,O=C1CC(C(=O)Nc2cc(-c3cnc4ccn(Cc5cncc(F)c5)c4c3)c(Cl)cn2)C1,7.0,449.10548068400004,5,1,4.251700000000003,True
CHEMBL5187579,CDK2,100.0,nM,Cc1cc(CC(=O)Nc2cc([C@H]3CCC[C@@H](OC(=O)NC4(C)CC4)CC3)[nH]n2)on1,7.0,415.2219544080001,6,3,3.582320000000002,True
CHEMBL8817,CDK4,100.0,nM,CN1CC[C@@H](c2c(O)cc(O)c3c(=O)cc(-c4ccccc4Cl)oc23)[C@@H](O)C1,7.0,401.10300041999994,6,3,3.3046000000000015,True
CHEMBL84944,CDK1,100.0,nM,CC(C)C(CO)Nc1nc(NCc2cccc(O)c2)c2ncn(C(C)C)c2n1,7.0,384.22737413600004,7,4,3.1537000000000015,True
CHEMBL100391,CDK4,100.0,nM,CN(C)CC(O)COc1ccc(Nc2ncc(Cl)c(Nc3ccccc3)n2)cc1,7.0,413.16185268800007,7,3,3.9185000000000016,True
CHEMBL5209369,CDK9,100.0,nM,COc1cc(F)ccc1-c1ccnc2[nH]c([C@H]3CC[C@H](NC(C)=O)CC3)cc12,7.0,381.18525522799996,3,2,4.539900000000003,True
CHEMBL3691573,CDK4,101.0,nM,CN(C)C(=O)c1cc2cnc(Nc3ccc(C(=O)N4C[C@@H]5C[C@H]4C[C@@H]5O)cn3)nc2n1C1CCCC1,6.995678626217357,489.24883785200007,7,2,2.9821000000000017,True
CHEMBL3702174,CDK6,101.0,nM,NC1[C@H]2CN(c3ccc(Nc4ncc5c6ccncc6n(C6CCCC6)c5n4)nn3)C[C@@H]12,6.995678626217357,427.2232918000001,8,2,3.0215000000000014,True
CHEMBL4777981,CDK6,101.0,nM,COc1ccc(F)cc1-c1c(F)cnc2[nH]c(C3=CCN([C@H]4CC[C@H](C(=O)O)CC4)CC3)cc12,6.995678626217357,467.20204816399996,4,2,5.249200000000004,True
CHEMBL3702161,CDK6,101.0,nM,c1cc(-c2ccc(Nc3ncc4c5ccncc5n(C5CCCC5)c4n3)nn2)ccn1,6.995678626217357,408.1810926400001,7,1,4.6902000000000035,True
CHEMBL3668498,CDK9,101.0,nM,CNC(=O)N1CC=C(c2cc3c(-c4cc(F)ccc4OC)c(Cl)cnc3[nH]2)CC1,6.995678626217357,414.12588178000004,3,2,4.459500000000003,True
CHEMBL3668529,CDK9,101.0,nM,COc1ccc(F)cc1-c1c(F)cnc2[nH]c(C3=CCN(CC(=O)N(C)C)CC3)c(C#N)c12,6.995678626217357,451.18198141600004,5,1,3.565680000000002,True
CHEMBL5744442,CDK4,101.0,nM,CC(C)CN1CCOc2c(F)cc(-c3nc(Nc4ccc(N5CCC(O)CC5)cn4)ncc3F)cc21,6.995678626217357,496.23983064000004,8,2,4.376300000000003,True
CHEMBL5542488,CDK9,101.41,nM,CC(=O)Nc1ccc(CNc2nc(OC3CCN(C)CC3)nc3c(C(C)C)cnn23)cc1,6.993919217283906,437.2539232320001,7,2,3.2912000000000017,True
CHEMBL5542924,CDK2,101.6,nM,CCC(=O)Nc1ccc(CNc2nc(N[C@H](CC)CO)nc3c(C(C)C)cnn23)cc1,6.993106292052099,425.2539232320001,7,4,3.3911000000000016,True
CHEMBL5081489,CDK6,102.0,nM,CN(C)c1cnc2ccc(-c3nc(Nc4ccc(C(=O)N5CCNCC5)cn4)ncc3F)cc2n1,6.991399828238082,473.2087846080001,9,2,2.4759,True
CHEMBL185854,CDK2,102.0,nM,Nc1nc2ccc(C(=O)c3c(F)cccc3F)cn2c1C(=O)c1c(F)cccc1Cl,6.991399828238082,429.049188932,4,1,4.449200000000001,True
CHEMBL474619,CDK2,102.0,nM,COc1cc(O)ccc1-c1ccc2c(-c3nc4c(N5CCN(C)CC5)cccc4[nH]3)n[nH]c2c1,6.991399828238082,454.2117240720001,6,3,4.239200000000002,True
CHEMBL3668525,CDK9,102.0,nM,COc1ccc(F)cc1-c1c(F)cnc2[nH]c(C3CCN(CC(=O)N4CC(O)C4)CC3)cc12,6.991399828238082,456.19729713199996,5,2,2.8992000000000013,True
CHEMBL3641909,CDK6,102.0,nM,CN(C)C1CCN(c2ccc(Nc3ncc4c5ccncc5n(CCCO)c4n3)nc2)CC1,6.991399828238082,446.25425758,8,2,3.0309000000000017,True
CHEMBL5195597,CDK2,102.0,nM,CS(=O)(=O)N1CCC(Nc2ncc3c(n2)N(C2CCCC2)C(=O)C32CC2)CC1,6.991399828238082,405.183460724,6,1,1.6332999999999989,True
CHEMBL5431565,CDK2,102.6,nM,O=C(Nc1ccc(Cl)cc1)N1CCN(c2nnc(Cc3ccccc3)c3ccccc23)CC1,6.988852639224202,457.166938068,4,1,5.228100000000005,True
CHEMBL3641912,CDK6,103.0,nM,OCCCn1c2cnccc2c2cnc(Nc3ccc(N4CC[C@@H](O)C4)nn3)nc21,6.987162775294828,406.18657194400004,9,3,1.4665,True
CHEMBL4213557,CDK1,103.1,nM,Cc1nc2c(F)cc(-c3cc(Nc4cnc(CN5CCN(CC6CC6)CC5)cn4)ncn3)cc2n1C(C)C,6.986741334716483,515.2921203080001,8,1,4.582920000000004,True
CHEMBL6191130,CDK6,103.4,nM,CN(C)C(=O)c1cc2cnc(Nc3ccc(C(=O)N4CC(c5nc6c(C(N)=O)cccc6[nH]5)C4)cc3Cl)nc2n1C1CCCC1,6.985479461242076,625.231663564,7,3,4.860000000000004,True
CHEMBL5517691,CDK9,103.99,nM,CC(=O)Nc1ccc(CNc2nc(O[C@@H]3CCCNC3)nc3c(C(C)C)cnn23)cc1,6.983008421793794,423.2382731680001,7,3,2.9490000000000016,True
CHEMBL1088613,CDK2,104.0,nM,Cc1n[nH]c2ccc(-c3nnc(NC[C@@H](N)Cc4ccccc4F)s3)cc12,6.982966660701219,382.137593828,6,3,3.5108200000000007,True
CHEMBL3298308,CDK2,104.0,nM,C[C@@H](CO)Nc1ncc2c(n1)CN(C(=O)N[C@H](C)c1ccc(Cl)c(Cl)c1)CC2,6.982966660701219,423.12288033600004,5,3,3.405000000000002,True
CHEMBL3668536,CDK9,104.0,nM,COc1ccc(F)cc1-c1ccnc2[nH]c(C3=CC(C)(C)N(S(C)(=O)=O)CC3)cc12,6.982966660701219,429.1522408479999,4,1,4.204900000000003,True
CHEMBL3668552,CDK9,104.0,nM,COc1ccc(F)cc1-c1c(F)cnc2[nH]c(C3=CC4CN(CC(=O)N(C)C)CC4C3)cc12,6.982966660701219,452.202382512,4,1,3.940000000000003,True
CHEMBL3702088,CDK6,104.0,nM,Oc1ccc2c3cnc(Nc4ccc(N5CCNCC5)cn4)nc3n(C3CCCC3)c2n1,6.982966660701219,430.2229574520001,8,3,3.3484000000000016,True
CHEMBL1241662,CDK1,104.0,nM,Nc1nc2ccc(C(=O)c3c(F)cccc3Cl)cc2n1Cc1c(F)cccc1F,6.982966660701219,415.0699243760001,3,1,4.968500000000002,True
CHEMBL5832698,CDK9,105.0,nM,Cc1nc2c(F)cc(-c3nc(Nc4ccc5c(n4)CCN(C(=O)[C@@H](C)N(C)C)C5)ncc3F)cc2n1C1CC1,6.978810700930062,532.2510640200001,7,1,4.388220000000003,True
CHEMBL5893560,CDK6,105.0,nM,CC(C)N1CCOc2c(F)cc(-c3nc(Nc4ccc(S(=O)(=O)N5CCN(C)CC5)cc4)ncc3F)cc21,6.978810700930062,544.20681626,8,1,3.708700000000002,True
CHEMBL3691674,CDK4,106.0,nM,CC(=O)NCC(=O)N1[C@@H]2CC[C@H]1CN(c1ccc(Nc3ncc4cc(C(=O)N(C)C)n(C5CCCC5)c4n3)nc1)C(=O)C2,6.97469413473523,587.2968506640002,8,2,2.6192,True
CHEMBL1922219,CDK9,107.0,nM,CC[C@H](Nc1nc(NCc2cccnc2)c2ncn(C(C)C)c2n1)[C@@H](C)O,6.97061622231479,369.227708484,7,3,2.985600000000002,True
CHEMBL5781070,CDK1,108.0,nM,CC1=NNc2cc3cnc(Nc4ccc(S(N)(=O)=O)cc4)nc3n2C12CCCCC2,6.96657624451305,425.16339397600007,7,3,3.283100000000002,True
CHEMBL5865665,CDK1,108.0,nM,Cc1nc2c(F)cc(-c3nc(Nc4ccc5c(n4)CCNC5)ncc3F)cc2n1C(C)C1CC1,6.96657624451305,461.2139502400001,6,2,4.835220000000003,True
CHEMBL4747992,CDK9,108.2,nM,NC(=O)c1sc(-c2ccnc(NC(=O)C3CC3)c2)nc1OCCCC1CCN(Cc2ccc(F)cc2)CC1,6.9657727392294495,537.2209891040001,7,2,4.8628000000000045,True
CHEMBL6171172,CDK2,108.3,nM,Nc1cc(-c2c[nH]c3ccccc23)nn1-c1nc(Nc2ccc(Cl)cc2)nc(N2CCOCC2)n1,6.96537154337468,487.16358400400003,8,3,4.021400000000002,True
CHEMBL5438882,CDK2,108.4,nM,COc1ccc(NC(=O)N2CCN(c3nnc(Cc4ccccc4)c4ccccc34)CC2)cc1,6.964970717797632,453.21647510400004,5,1,4.583300000000004,True
CHEMBL5418073,CDK1,108.97,nM,S=C(Nc1ccc(Cl)cc1)N1CCN(c2nnc(Cc3ccccc3)c3ccccc23)CC1,6.962693049102908,473.144094448,4,1,5.393000000000004,True
CHEMBL5751375,CDK2,109.0,nM,Cc1nc2c(F)cc(-c3nc(Nc4ccc5c(n4)CCNC5)ncc3F)cc2n1CC1CC1,6.962573502059376,447.1983001760001,6,2,4.274220000000003,True
CHEMBL5910318,CDK9,110.0,nM,Fc1cccc(Cn2cnc3ccc(-c4cc(N[C@H]5CCCCNC5)ncc4Cl)cc32)c1,6.958607314841775,449.1782517000001,4,2,5.493100000000004,True
CHEMBL4754399,CDK9,110.0,nM,CC(=O)N[C@@H]1CCC[C@H](C(=O)Nc2cc(-c3cnn4c3CCCC4)c(Cl)cn2)C1,6.958607314841775,415.177502752,4,2,3.568200000000002,True
CHEMBL3702069,CDK6,110.0,nM,CCC(CC)n1c2cnccc2c2cnc(Nc3ccc(N4CC[C@@H](O)C4)nn3)nc21,6.958607314841775,418.22295745200006,8,2,3.4452000000000016,True
CHEMBL5760424,CDK2,110.0,nM,C#CN1CCC(N2CCc3nc(Nc4ncc(F)c(-c5cc(F)c6nc(C)n(C(C)C)c6c5)n4)ccc3C2)C1,6.958607314841775,528.2561494,7,1,4.8225200000000035,True
CHEMBL334881,CDK1,110.0,nM,CN1CC[C@H](c2c(O)cc(O)c3c(=O)cc(Sc4ccccc4Cl)oc23)[C@H](O)C1,6.958607314841775,433.0750714199999,7,3,3.788800000000001,True
CHEMBL249519,CDK1,110.0,nM,CCNCc1cncc(-c2cnc3[nH]nc(-c4nc5c(COC)cccc5[nH]4)c3c2)c1C,6.958607314841775,427.21205842,6,3,4.127520000000002,True
CHEMBL497477,CDK2,110.0,nM,O=C(NC1CCNCC1)c1n[nH]cc1NC(=O)c1c(F)cccc1Cl,6.958607314841775,365.10548068400004,4,4,1.9362999999999988,True
CHEMBL3673543,CDK9,110.0,nM,CS(=O)(=O)N1CC=C(c2cc3c(-c4nc(NCc5cccc(F)c5)c(F)cc4F)ccnc3[nH]2)CC1,6.958607314841775,513.1446306040001,5,2,4.703000000000004,True
CHEMBL5953891,CDK9,110.0,nM,N[C@H]1C[C@H](C(=O)Nc2cc(-c3ccc4ncn(CC5CCOCC5)c4c3)c(Cl)cn2)C1,6.958607314841775,439.177502752,5,2,3.8541000000000025,True
CHEMBL2348156,CDK2,110.0,nM,Nc1nccc(-n2cc(-c3ccccc3Cl)c3cnccc32)n1,6.958607314841775,321.078123064,4,1,3.7181000000000015,True
CHEMBL5838556,CDK9,110.0,nM,CS(=O)(=O)c1cc(CN2CCc3ccc(-c4cc(NC(=O)C5CCCNC5)ncc4Cl)cc32)ccc1F,6.958607314841775,542.155467656,6,2,4.445400000000003,True
CHEMBL5914546,CDK9,110.0,nM,Cc1nnc(Cn2cnc3ccc(-c4cc(NC(=O)[C@@H]5CCCNC5)ncc4Cl)cc32)s1,6.958607314841775,467.129507004,7,2,3.8980200000000016,True
CHEMBL3691653,CDK4,110.0,nM,CN(C)C(=O)c1cc2cnc(Nc3ccc(N4CCN5CCCC5C4=O)cn3)nc2n1C1CCCC1,6.958607314841775,488.26482226400003,7,1,3.1978000000000018,True
CHEMBL3892232,CDK9,110.0,nM,CN1Cc2c(C3=CCC(C(=O)N4CC(O)C4)CC3)[nH]c3nccc(c23)-c2cc(F)ccc21,6.958607314841775,432.19615426,4,2,3.705400000000002,True
CHEMBL5774473,CDK2,110.0,nM,C#CCN1CCC(N2CCc3nc(Nc4ncc(F)c(-c5cc(F)c6nc(C)n(C(C)C)c6c5)n4)ccc3C2)C1,6.958607314841775,542.2717994640001,7,1,4.865020000000004,True
CHEMBL497854,CDK2,110.0,nM,Cc1cc(CNc2ncc(Br)c(Nc3cc(C4CC4)[nH]n3)n2)on1,6.958607314841775,389.05997023200007,7,3,3.491720000000001,True
CHEMBL3925516,CDK9,110.0,nM,CN1Cc2c(C3=CCN([C@H]4CC[C@@H](CC(=O)O)CC4)CC3)[nH]c3nccc(c23)-c2ccccc21,6.958607314841775,456.25252626400004,4,2,5.302300000000005,True
CHEMBL5857843,CDK9,110.0,nM,O=C(Nc1cc(-c2ccc3c(c2)N(Cc2cnccn2)CC3)c(Cl)cn1)C1CCCNC1,6.958607314841775,448.1778371000001,6,2,3.692800000000002,True
CHEMBL3926650,CDK9,110.0,nM,CN(C)C(=O)CN1C2C=C(c3[nH]c4nccc5c4c3CN(C)c3ccc(F)cc3-5)CC1CCC2,6.958607314841775,459.2434388,4,1,4.417200000000004,True
CHEMBL3648087,CDK1,110.0,nM,CCOC(=O)N=S(C)(=O)c1ccc(Nc2ncc(Br)c(N[C@@H](COC)[C@H](C)O)n2)cc1,6.958607314841775,515.083802032,9,3,3.4036000000000017,True
CHEMBL3958592,CDK9,110.0,nM,CN(C)C(=O)CN1CC=C(c2[nH]c3nccc4c3c2CN(C)c2ncccc2-4)CC1,6.958607314841775,402.216809452,5,1,2.7520000000000007,True
CHEMBL14619,CDK2,110.0,nM,CCCCOc1c(C(=O)c2ccccc2)cnc2[nH]ncc12,6.958607314841775,295.132076784,4,1,3.3678000000000017,True
CHEMBL2207208,CDK2,110.0,nM,Cn1cc(Nc2ncc(C3CC3)c(NCCCNC(=O)C3CCC3)n2)cn1,6.958607314841775,369.22770848400006,6,3,2.5494000000000003,True
CHEMBL4870276,CDK9,110.0,nM,COc1ccc(F)cc1-c1ccnc2[nH]c(C3=CCN(C4CCN(CC(=O)O)CC4)CC3)cc12,6.958607314841775,464.222369008,5,2,4.0157000000000025,True
CHEMBL3921585,CDK9,110.0,nM,CN(CC(O)CO)C(=O)CN1C2C=C(c3[nH]c4nccc5c4c3CN(C)c3ccc(F)cc3-5)CC1CCC2,6.958607314841775,519.264568168,6,3,3.1406000000000036,True
CHEMBL3668434,CDK9,110.0,nM,CN1CCC(c2cc3c(-c4cccc(NCCN5CCOCC5)n4)ccnc3[nH]2)CC1,6.958607314841775,420.26375964400006,6,2,3.1782000000000012,True
CHEMBL5170195,CDK1,110.0,nM,COc1cc(F)ccc1-c1ccnc2[nH]c(-c3ccc(CN4CCOCC4)cc3)cc12,6.958607314841775,417.18525522799996,4,1,4.876800000000005,True
CHEMBL3648126,CDK1,110.0,nM,CC(C)Nc1nc(Nc2ccc(S(C)(=N)=O)cc2)ncc1Br,6.958607314841775,383.04154329600004,6,3,3.838470000000002,True
CHEMBL3947123,CDK9,110.0,nM,CC[C@H]1c2c(C3=CCN([C@H]4C[C@@H](C(=O)O)C4)CC3)[nH]c3nccc(c23)-c2cc(F)ccc2N1C,6.958607314841775,460.22745438800007,4,2,5.222200000000004,True
CHEMBL3952466,CDK9,110.0,nM,CC[C@H]1c2c(C3=CCN([C@H]4C[C@H](C(=O)O)C4)CC3)[nH]c3nccc(c23)-c2cc(F)ccc2N1C,6.958607314841775,460.22745438800007,4,2,5.222200000000004,True
CHEMBL2158862,CDK2,110.0,nM,CNC(=O)Nc1ccc(-c2cc(-c3ccnc(Nc4ccc(C)c(S(=O)(=O)NC)c4)n3)ccn2)cc1,6.958607314841775,503.1739586600001,7,4,3.9170200000000026,True
CHEMBL3909010,CDK9,110.0,nM,CN1Cc2c(-c3ccc(S(C)(=O)=O)nc3)[nH]c3nccc(c23)-c2cc(F)ccc21,6.958607314841775,408.105625004,5,1,3.7843000000000027,True
CHEMBL5793399,CDK9,110.0,nM,O=C(Nc1cc(-c2ccc3c(c2)N(Cc2ccc4nccnc4c2)CC3)c(Cl)cn1)C1CCCNC1,6.958607314841775,498.1934871640001,6,2,4.846000000000004,True
CHEMBL258805,CDK2,110.0,nM,COc1ccc2c(c1)/C(=C/c1cnc[nH]1)C(=O)N2,6.958607314841775,241.085126592,3,2,1.9109999999999994,True
CHEMBL5789498,CDK9,110.0,nM,CC(CNc1cc(-c2ccc3ncn(Cc4cccc(F)c4)c3c2)c(Cl)cn1)c1ccncc1,6.958607314841775,471.1626016360001,4,1,6.549700000000005,True
CHEMBL1922209,CDK2,110.0,nM,CCC(O)[C@H](CC)Nc1nc(NCc2cccnc2)c2ncn(C(C)C)c2n1,6.958607314841775,383.24335854800006,7,3,3.375700000000002,True
CHEMBL4747648,CDK9,110.0,nM,CC(C)N1c2cc(Nc3nccc(-c4cccc5nn(C)cc45)n3)ccc2N(C)C(=O)[C@H]1C,6.958607314841775,441.227708484,6,1,4.353600000000003,True
CHEMBL314397,CDK1,110.0,nM,NS(=O)(=O)c1ccc(/N=N/c2c(O)[nH]c3cccc(I)c23)cc1,6.958607314841775,441.959659212,5,3,3.5409000000000015,True
CHEMBL5598531,CDK9,110.0,nM,N#CC1(CNc2cccc(-c3cc(Nc4cnn(CCCCCC(=O)NO)c4)ncc3Cl)n2)CCOCC1,6.958607314841775,538.220764532,9,4,4.535180000000002,True
CHEMBL3965251,CDK9,110.0,nM,CN1Cc2c(C3=CC4CCCC(C3)N4CC(=O)O)[nH]c3nccc(c23)-c2cc(F)ccc21,6.958607314841775,432.19615426,4,2,4.413600000000003,True
CHEMBL3642012,CDK4,110.0,nM,FC(F)(F)CNC1CCN(c2ccc(Nc3ncc4c5ccncc5n(C5CCCC5)c4n3)nn2)CC1,6.958607314841775,511.2419765560001,8,2,4.748900000000003,True
CHEMBL3922015,CDK9,110.0,nM,CC1c2c(C3=CCN(S(C)(=O)=O)CC3)[nH]c3nccc(c23)-c2cc(F)ccc2N1C,6.958607314841775,426.15257519600004,4,1,3.928500000000003,True
CHEMBL51709,CDK1,110.0,nM,CN1CCC(c2c(O)cc(O)c3c2O/C(=C\c2ccccc2)C3=O)CC1,6.958607314841775,351.147058152,5,2,3.523200000000002,True
CHEMBL1615221,CDK9,110.0,nM,CC[C@@H](CO)Nc1nc(NCc2ccc(-c3ccccn3)cc2)c2ncn(C(C)C)c2n1,6.958607314841775,431.2433585480001,7,3,4.2641000000000036,True
CHEMBL3668526,CDK9,111.0,nM,COc1ccc(F)cc1-c1ccnc2[nH]c(C3=CCN(CC(=O)N(C)C)[C@H](CO)C3)cc12,6.954677021213342,438.206718944,5,2,2.9158000000000017,True
CHEMBL3702205,CDK6,111.0,nM,O[C@H]1CCN(c2ccc(Nc3ncc4c5ccccc5n(C5CCCC5)c4n3)nc2)C1,6.954677021213342,414.21680945200006,6,2,4.409200000000003,True
CHEMBL3702138,CDK6,112.0,nM,c1cc2c3cnc(Nc4ccc(N5CCNCC5)cn4)cc3n(C3CCCC3)c2cn1,6.950781977329818,413.23279386400003,6,2,4.2478000000000025,True
CHEMBL3698685,CDK6,112.0,nM,O=C(c1cnc(Nc2ncc3c4ccncc4n(C4CCCC4)c3n2)s1)N1CCNCC1,6.950781977329818,448.17937838800003,8,2,3.3401000000000005,True
CHEMBL5569715,CDK1,112.0,nM,CC(C)(O)Cn1cc(-c2nc(NC3CCN(S(=O)(=O)C4CC4)CC3)ncc2C(F)(F)F)cn1,6.950781977329818,488.18174438400007,7,2,2.4983000000000004,True
CHEMBL3641976,CDK4,112.0,nM,C[C@@H](O)Cn1c2cnccc2c2cnc(Nc3ccc(N4CCNC(C)(C)C4)nn3)nc21,6.950781977329818,433.2338564840001,9,3,2.0820999999999996,True
CHEMBL5562769,CDK2,112.0,nM,CNCc1ccc(-n2cc(-c3nc(NC4CCN(S(C)(=O)=O)CC4)ncc3C#N)cn2)c(Cl)c1,6.950781977329818,500.15097072000003,8,2,2.4096800000000007,True
CHEMBL5986250,CDK6,112.0,nM,Fc1cnc(Nc2ccc(N3CCOCC3)cn2)nc1-c1cc(F)c2c(c1)N(C1CCC1)CCO2,6.950781977329818,480.208530512,8,1,4.148300000000003,True
CHEMBL3691598,CDK4,112.0,nM,CN(C)C(=O)c1cc2cnc(Nc3ccc(C(=O)N4CC5CCC(C4)N5)cn3)nc2n1C1CCN(C2CC2)CC1,6.950781977329818,543.3070214240001,8,2,2.6473999999999993,True
CHEMBL6152017,CDK2,112.3,nM,Clc1cnc2[nH]c(C3CCNCC3)cc2c1-c1cnn(CC2CC2)c1,6.949620243738542,355.156373384,3,2,3.956800000000002,True
CHEMBL5867735,CDK6,113.0,nM,Cc1nc2c(F)cc(-c3nc(Nc4ccc5c(n4)CN(CCN(C)C)C5=O)ncc3F)cc2n1C(C)C,6.94692155651658,506.23541395600006,7,1,4.316820000000003,True
CHEMBL3702087,CDK4,113.0,nM,COc1ccc2c3cnc(Nc4ccc(N5CCNCC5)cn4)nc3n(C3CCCC3)c2n1,6.94692155651658,444.2386075160001,8,2,3.6514000000000024,True
CHEMBL3822619,CDK2,113.0,nM,CCc1nn(C2CCN(C(C)=O)CC2)cc1Nc1ncc(Cl)c(-c2cnn3ccccc23)n1,6.94692155651658,464.1839851000001,6,1,4.130600000000003,True
CHEMBL5423237,CDK1,113.96,nM,O=C(c1ccc(Cl)cc1)N1CCN(c2nnc(Cc3ccccc3)c3ccccc23)CC1,6.94324755943256,442.156039036,4,0,4.836400000000004,True
CHEMBL3918885,CDK9,114.0,nM,COc1ccc(F)cc1-c1ccnc2[nH]c(C3=CC4CCC(C3)N4CC(=O)N(C)C)cc12,6.943095148663527,434.211804324,4,1,4.085900000000003,True
CHEMBL3925253,CDK9,114.0,nM,COc1ccc(F)cc1-c1ccnc2[nH]c(C3=CC4CCC(C3)N4CC(=O)N(C)CCO)cc12,6.943095148663527,464.222369008,5,2,3.448400000000002,True
CHEMBL2036792,CDK2,114.0,nM,CNc1ncc2c(-c3ccc(N4CCNCC4)cc3)nn(CC3CCC(N)CC3)c2n1,6.943095148663527,420.274993024,7,3,2.4620999999999995,True
CHEMBL3691675,CDK4,114.0,nM,CC(=O)N1[C@@H]2CC[C@H]1CN(c1ccc(Nc3ncc4cc(C(=O)N(C)C)n(C5CCCC5)c4n3)nc1)C(=O)C2,6.943095148663527,530.2753869480001,7,1,3.503000000000003,True
CHEMBL5424761,CDK2,114.62,nM,O=C(c1ccccc1)N1CCN(c2nnc(Cc3ccccc3)c3ccccc23)CC1,6.940739595878269,408.195011388,4,0,4.183000000000003,True
CHEMBL3933205,CDK9,115.0,nM,CN(C)C(=O)CN1CC=C(c2[nH]c3nccc4c3c2CN(C)c2ccccc2-4)CC1,6.939302159646388,401.221560484,4,1,3.357000000000002,True
CHEMBL5574741,CDK2,115.0,nM,Cn1cnc(S(=O)(=O)N2CCC(Nc3ncc(C#N)c(-c4cnn(CC(F)(F)F)c4)n3)CC2)c1,6.939302159646388,495.1412765400001,8,1,1.772779999999999,True
CHEMBL3641984,CDK4,115.0,nM,C[C@@H](O)Cn1c2cnccc2c2cnc(Nc3ccc(N4CCNC(C)(C)C4)cn3)nc21,6.939302159646388,432.23860751600006,8,3,2.687100000000001,True
CHEMBL3668534,CDK9,115.0,nM,COc1ccc(F)cc1-c1ccnc2[nH]c(C3=C[C@H](CO)N(CC(=O)N(C)C)CC3)cc12,6.939302159646388,438.20671894400004,5,2,2.9158000000000017,True
CHEMBL3673491,CDK9,115.0,nM,COc1ccc(F)cc1-c1ccnc2[nH]c(C3=CC4CN(C(=O)C5CC(O)C5)CC4C3)cc12,6.939302159646388,447.19581991199993,4,2,4.010200000000003,True
CHEMBL5537062,CDK2,115.2,nM,CC[C@@H](CO)Nc1nc(NCc2ccc(NC(=O)C3CCN(C(C)=O)CC3)cc2)n2ncc(C(C)C)c2n1,6.938547520912807,522.3066870760001,8,4,3.239600000000001,True
CHEMBL1081105,CDK2,117.0,nM,N[C@H](CCc1cc(-c2ccc3cnccc3c2)no1)Cc1ccc(C(F)(F)F)cc1,6.931814138253838,411.15584692,4,1,5.411200000000004,True
CHEMBL3668547,CDK9,117.0,nM,COc1ccc(F)cc1-c1c(F)cnc2[nH]c(C3=CC4CN(S(C)(=O)=O)CC4C3)cc12,6.931814138253838,445.12716897199994,4,1,3.8114000000000026,True
CHEMBL5841163,CDK2,117.0,nM,CCN1CCN(c2ccc(Nc3ncc(F)c(-c4cc(F)c5nc6n(c5c4)C(C)(C)CC6)n3)nc2)CC1,6.931814138253838,504.2561494000001,7,1,4.733300000000003,True
CHEMBL5077271,CDK6,118.0,nM,CC(C)N1CCN(C(=O)c2ccc(Nc3ncc(F)c(-c4ccc5ncc(N(C)C)nc5c4)n3)nc2)CC1,6.928117992693874,515.2557348000001,9,1,3.596700000000003,True
CHEMBL5082230,CDK6,118.0,nM,Fc1cnc(Nc2ccc(N3CCNCC3)cn2)nc1-c1ccc2nccnc2c1,6.928117992693874,402.17167082800006,8,2,2.7741000000000007,True
CHEMBL378420,CDK2,118.0,nM,Nc1nc(Nc2ccc(S(=O)(=O)NC(=O)CCN3CCOCC3)cc2)nn1C(=O)c1c(F)cccc1F,6.928117992693874,535.144944276,10,3,1.0977999999999997,True
CHEMBL3668511,CDK9,118.0,nM,COc1ccc(F)cc1-c1ccnc2[nH]c(C3=CCN(CC(=O)N4CCC[C@H]4C(N)=O)CC3)cc12,6.928117992693874,477.217617976,5,2,2.9430000000000005,True
CHEMBL2403086,CDK1,119.0,nM,NC1CCC(Nc2nc(NCc3ccc(-c4cccs4)cc3)c3ncn(C4CCCC4)c3n2)CC1,6.924453038607469,487.2518150560001,7,3,5.963800000000005,True
CHEMBL3691576,CDK4,119.0,nM,CN(C)C(=O)c1cc2cnc(Nc3ccc(C(=O)N4CC5CCC(C4)C5O)cn3)nc2n1C1CCCC1,6.924453038607469,503.26448791600006,7,2,3.229700000000002,True
CHEMBL5879318,CDK1,119.0,nM,CNCC(=O)N1CCc2nc(Nc3ncc(F)c(-c4cc(F)c5nc(C)n(C6CCC6)c5c4)n3)ccc2C1,6.924453038607469,518.2354139560001,7,2,4.047620000000003,True
CHEMBL3668560,CDK9,119.0,nM,COc1ccc(F)cc1-c1ccnc2[nH]c(C3=CC4CN(CC(=O)N5CC(O)C5)CC4C3)cc12,6.924453038607469,462.206718944,5,2,2.9158000000000017,True
CHEMBL452602,CDK9,120.0,nM,C[C@@H]1CNC[C@H](C(=O)Nc2ncc(SCc3ncc(C(C)(C)C)o3)s2)C1,6.920818753952375,394.149718072,7,2,3.905000000000003,True
CHEMBL3985017,CDK9,120.0,nM,CC(C)[C@H](NC1CC=C(c2[nH]c3nccc4c3c2CN(C)c2ccc(F)cc2-4)CC1)C(=O)O,6.920818753952375,448.22745438799996,4,3,4.953500000000003,True
CHEMBL525194,CDK2,120.0,nM,c1cnn2ncc(-c3ccnc(NC4CC4)n3)c2c1,6.920818753952375,252.11234438399998,5,1,1.7605999999999997,True
CHEMBL3668411,CDK9,120.0,nM,CN1CCC(c2cc3c(-c4cccc(N(C)CCc5ccccc5)n4)ccnc3[nH]2)CC1,6.920818753952375,425.2579459920001,4,1,5.113000000000004,True
CHEMBL3961213,CDK9,120.0,nM,CN(C)C(=O)C1CC=C(c2[nH]c3nccc4c3c2CN(C)c2ccc(F)cc2-4)CC1,6.920818753952375,404.20123964000004,3,1,4.590500000000004,True
CHEMBL322568,CDK2,120.0,nM,CSc1ccc(Nc2nc(N)c(N=O)c(OCC3CCCCC3)n2)cc1,6.920818753952375,373.157245976,8,2,4.881300000000003,True
CHEMBL3668347,CDK9,120.0,nM,COc1cc(Cl)ccc1-c1ccnc2[nH]c(C3CNC(C)(C)CO3)cc12,6.920818753952375,371.14005462399996,4,2,4.331400000000003,True
CHEMBL3680383,CDK4,120.0,nM,C[C@H]1CC[C@H](n2c3cnccc3c3cnc(Nc4ccc5c(n4)CCN(C(=O)C(=O)O)C5)nc32)CC1,6.920818753952375,485.217537724,7,2,3.8386000000000022,True
CHEMBL3589663,CDK9,120.0,nM,COc1cccc2c1[nH]c1c3ccccc3nc(C(=O)O)c21,6.920818753952375,292.08479224399997,3,2,3.576100000000001,True
CHEMBL438721,CDK2,120.0,nM,NS(=O)(=O)c1ccc(N/N=C2\C(=O)Nc3ccccc32)cc1,6.920818753952375,316.063011244,5,3,1.1023,True
CHEMBL4878465,CDK9,120.0,nM,COc1ccc(F)cc1-c1ccnc2[nH]c(C3=CCC(N4CCC(C(=O)O)CC4)CC3)cc12,6.920818753952375,449.21146997599993,4,2,5.1101000000000045,True
CHEMBL4848653,CDK9,120.0,nM,COc1ccc(F)cc1-c1c(F)cnc2[nH]c(C3=CCN([C@H]4CC[C@@H](CC(=O)O)CC4)CC3)cc12,6.920818753952375,481.21769822799996,4,2,5.639300000000004,True
CHEMBL378248,CDK2,120.0,nM,NCC(=O)NS(=O)(=O)c1ccc(Nc2nc(N)n(C(=O)c3c(F)cccc3F)n2)cc1,6.920818753952375,451.0874294,9,4,0.33419999999999994,True
CHEMBL5287079,CDK2,120.0,nM,N[C@H](COc1cncc(-c2ccc3[nH]nc(NC(=O)c4ccccc4)c3c2)c1)c1ccccc1,6.920818753952375,449.18517497600004,5,3,4.956000000000003,True
CHEMBL5985041,CDK9,120.0,nM,CCS(=O)(=O)NCC(=O)Nc1cc(-c2ccc3ncn(CC4CCOCC4)c3c2)c(Cl)cn1,6.920818753952375,491.13940299200004,6,2,3.0561000000000007,True
CHEMBL3668406,CDK9,120.0,nM,CN1CCC(c2cc3c(-c4nc(NCC5CCOCC5)ccc4Cl)ccnc3[nH]2)CC1,6.920818753952375,439.21388826000003,5,2,4.926000000000004,True
CHEMBL3668360,CDK9,120.0,nM,NC1CCCC(c2cc3c(-c4cccc(NCc5ccccc5)n4)c(Cl)cnc3[nH]2)C1,6.920818753952375,431.18767351200006,4,3,5.875300000000004,True
CHEMBL233553,CDK2,120.0,nM,CNS(=O)(=O)c1ccc(-c2ccc(/C=C3\SC(=N)NC3=O)o2)cc1,6.920818753952375,363.034747896,6,3,1.9933699999999999,True
CHEMBL3951345,CDK9,120.0,nM,CN1Cc2c(C3=CCCN(S(C)(=O)=O)CC3)[nH]c3nccc(c23)-c2cc(F)ccc21,6.920818753952375,426.15257519600004,4,1,3.7576000000000027,True
CHEMBL3663771,CDK9,120.0,nM,COc1ccc(C)cc1-c1ccnc2[nH]c(C3CCN(C)CC3)cc12,6.920818753952375,335.19976242,3,1,4.356120000000003,True
CHEMBL518826,CDK1,120.0,nM,CCCN(C)[C@H]1CCN(C(=O)c2ccc(Nc3nccc(-c4cnc(C)n4C(C)C)n3)cc2)C1,6.920818753952375,461.2903087400001,6,1,4.529320000000004,True
CHEMBL5763728,CDK9,120.0,nM,Fc1cccc(Cn2cnc3ccc(-c4cc(NC5CCCNC5)ncc4Cl)cc32)c1,6.920818753952375,435.1626016360001,4,2,5.103000000000003,True
CHEMBL202695,CDK2,120.0,nM,CN(C)S(=O)(=O)c1ccc(Nc2cc(N[C@H]3CC[C@H](N)CC3)nc3ncnn23)cc1,6.920818753952375,430.1899430720001,8,3,1.7999999999999994,True
CHEMBL3894563,CDK9,120.0,nM,CCC1c2c(C3=CCN(S(C)(=O)=O)CC3)[nH]c3nccc(c23)-c2cc(F)ccc2N1C,6.920818753952375,440.16822526000004,4,1,4.3186000000000035,True
CHEMBL5769969,CDK9,120.0,nM,Fc1cccc(Cn2cnc3ccc(-c4cc(NCC5(F)CCNCC5)ncc4Cl)cc32)c1,6.920818753952375,467.16882988800006,4,2,5.442700000000004,True
CHEMBL251740,CDK1,120.0,nM,COCc1cccc2[nH]c(-c3nn(C)c4ncc(-c5cncc6ccccc56)cc34)nc12,6.920818753952375,420.16985926,5,1,4.873200000000003,True
CHEMBL3943237,CDK9,120.0,nM,COc1ccc(F)cc1-c1c(C#N)cnc2[nH]c(C3=CC4CCC(C3)N4CC(=O)N(C)C)cc12,6.920818753952375,459.207053292,5,1,3.9575800000000028,True
CHEMBL5191725,CDK9,120.0,nM,CC(C)n1cc(-c2ccnc3[nH]c(C4CCNCC4)cc23)ccc1=O,6.920818753952375,336.19501138799995,3,2,3.4395000000000016,True
CHEMBL3892893,CDK9,120.0,nM,CN1Cc2c(C3=CCN(C4CCC(C(=O)O)CC4)CC3)[nH]c3nccc(c23)-c2ccccc21,6.920818753952375,442.23687620000004,4,2,4.912200000000004,True
CHEMBL249518,CDK1,120.0,nM,COCc1cccc2[nH]c(-c3n[nH]c4ncc(-c5cncc(CN(C)C)c5)cc34)nc12,6.920818753952375,413.19640835600006,6,2,3.771200000000003,True
CHEMBL3655765,CDK2,120.0,nM,CC[C@H](Nc1nc(NCc2cccc(F)c2)c2ncn(C(C)C)c2n1)[C@@H](C)O,6.920818753952375,386.22303770400003,6,3,3.7297000000000033,True
CHEMBL272833,CDK1,120.0,nM,NS(=O)(=O)c1ccc(N/N=C2\C(=O)Nc3ccc4[nH]ncc4c32)cc1,6.920818753952375,356.06915924400005,6,4,0.9785999999999999,True
CHEMBL368278,CDK1,120.0,nM,CCn1cnc2c(Nc3cccc(Cl)c3)nc(N[C@H]3CCC[C@@H](N)C3)nc21,6.920818753952375,385.17817144800006,6,3,3.9250000000000007,True
CHEMBL186800,CDK2,121.0,nM,Nc1nc2ccc(C(=O)c3c(F)cccc3F)cn2c1C(=O)c1c(Cl)cccc1Cl,6.91721462968355,445.019638392,4,1,4.9635000000000025,True
CHEMBL5401158,CDK6,121.6,nM,O=C(Nc1ccc(N2CCNCC2)cc1)c1n[nH]cc1Nc1cc(Oc2ccccc2)ncn1,6.915066425063284,456.20222200800004,8,4,3.397500000000001,True
CHEMBL4798690,CDK9,121.9,nM,CC(C)N1c2cc(Nc3nccc(-c4cccc(NC5CCCC5)c4)n3)ccc2N(C)C(=O)[C@H]1C,6.913996294381619,470.279409708,6,2,5.821400000000005,True
CHEMBL5870326,CDK2,122.0,nM,Cc1nc2c(F)cc(-c3nc(Nc4ccc5c(n4)CCN(C(=O)NCCN(C)C)C5)ncc3F)cc2n1C1CC1,6.913640169325252,547.261963052,7,2,4.182720000000003,True
CHEMBL189136,CDK2,122.0,nM,Nc1nc2ccc(C(=O)c3c(F)cccc3F)cn2c1C(=O)c1c(F)cccc1F,6.913640169325252,413.078739472,4,1,3.9349000000000016,True
CHEMBL141247,CDK1,122.0,nM,O=C(Nc1ccccn1)Nc1cccc2c1[C@H]1CCCN1C2=O,6.913640169325252,308.127325752,3,2,3.016300000000001,True
CHEMBL3668537,CDK9,122.0,nM,COc1ccc(F)cc1-c1ccnc2[nH]c(C3=CCN(S(C)(=O)=O)C(C)(C)C3)cc12,6.913640169325252,429.1522408479999,4,1,4.204900000000004,True
CHEMBL3641929,CDK4,123.0,nM,O[C@@H]1CCN(c2ccc(Nc3ncc4c5ccncc5n([C@H]5CCC[C@H]5O)c4n3)nc2)C1,6.910094888560602,431.20697304000004,8,3,2.7750000000000004,True
CHEMBL3702187,CDK4,123.0,nM,CN(C)C1CCN(c2ccc(Nc3ncc4c5ccncc5n([C@H]5CC[C@H](O)CC5)c4n3)nn2)CC1,6.910094888560602,487.28080667600005,9,2,3.5195000000000025,True
CHEMBL245336,CDK2,123.0,nM,CNC(=O)CN1CCC(Nc2ncc(Cl)c(-c3c[nH]c4ccccc34)n2)CC1,6.910094888560602,398.16218703600003,5,3,2.9006000000000007,True
CHEMBL5968635,CDK6,123.0,nM,CC(C)N1CCOc2c(F)cc(-c3nc(Nc4ccc(N5CCS(=O)(=O)CC5)c(F)c4)ncc3F)cc21,6.910094888560602,533.170845352,8,1,4.146500000000003,True
CHEMBL83443,CDK2,124.0,nM,CC(C)Cc1cc(-c2ccc[nH]2)c2c3c(ccc(F)c13)NC2=O,6.906578314837764,308.132491384,1,2,4.738200000000003,True
CHEMBL3668544,CDK9,124.0,nM,COc1ccc(F)cc1-c1c(F)cnc2[nH]c(C3=CCC(C(=O)O)CC3)cc12,6.906578314837764,384.1285488759999,3,2,4.784800000000003,True
CHEMBL3967592,CDK2,124.0,nM,O=C1NCC2(CCCCC2)n2c1cc1cnc(Nc3ccc(C(=O)N4CCNCC4)cn3)nc12,6.906578314837764,460.2335221360001,7,3,2.0180999999999996,True
CHEMBL5542804,CDK2,124.7,nM,CC[C@H](CO)Nc1nc(NCc2ccc(NC(=O)C3CCN(C(C)=O)CC3)cc2)n2ncc(C(C)C)c2n1,6.904133546521457,522.3066870760001,8,4,3.239600000000001,True
CHEMBL5557384,CDK1,124.7,nM,CC(C)N1CCN(C(=O)c2ccnc(Nc3cc(-c4ccc5nnn(C(C)C)c5c4)ccn3)c2)CC1,6.904133546521457,484.2699076440001,7,1,4.379000000000004,True
CHEMBL3668561,CDK9,125.0,nM,COc1ccc(F)cc1-c1ccnc2[nH]c(C3=CC4CN(CC(=O)N5CCC[C@H]5CO)CC4C3)cc12,6.903089986991944,490.238019072,5,2,3.6960000000000024,True
CHEMBL3702137,CDK4,125.0,nM,c1cc2c3cnc(Nc4ccc(N5CCNCC5)cn4)cc3n(Cc3ccsc3)c2cn1,6.903089986991944,441.173564736,7,2,4.242500000000002,True
CHEMBL5415967,CDK6,125.31,nM,O=C(Nc1ccc(N2CCNCC2)cc1)c1n[nH]cc1Nc1cc(C2CC2)ncn1,6.902014270015217,404.20730738800006,7,4,2.4825999999999997,True
CHEMBL3691605,CDK4,125.5,nM,CCOC(=O)N1C2CCC1CN(C(=O)c1ccc(Nc3ncc4cc(C(=O)N(C)C)n(C5CCCC5)c4n3)nc1)C2,6.901356274182943,560.2859516320001,8,1,3.832100000000003,True
CHEMBL3668503,CDK9,126.0,nM,COc1ccc(F)cc1-c1c(C#N)cnc2[nH]c(C3=CCN(CC(=O)N(C)C)CC3)cc12,6.899629454882437,433.191403228,5,1,3.426580000000002,True
CHEMBL3698686,CDK4,126.0,nM,Cc1cc(N2CCNCC2)cnc1Nc1ncc2c3ccncc3n(C3CCCC3)c2n1,6.899629454882437,428.243692896,7,2,3.951220000000002,True
CHEMBL5964401,CDK1,126.0,nM,CCC(CC)n1c(C)nc2c(F)cc(-c3nc(Nc4ccc5c(n4)CCNC5)ncc3F)cc21,6.899629454882437,463.2296003040001,6,2,5.225320000000004,True
CHEMBL319903,CDK1,126.0,nM,NS(=O)(=O)c1ccc(Nc2cc(-c3ccc(Br)cc3)[nH]n2)cc1,6.899629454882437,391.9942587560001,4,3,3.230200000000001,True
CHEMBL5411451,CDK4,126.0,nM,Cc1ccc(/C=N/n2c(S)nnc2-c2c[nH]c3ccccc23)cc1,6.899629454882437,333.10481648,4,2,3.9057200000000014,True
CHEMBL5900599,CDK2,126.0,nM,CCn1c(C)nc2c(F)cc(-c3nc(Nc4ccc5c(n4)CCNC5)ncc3F)cc21,6.899629454882437,421.1826501120001,6,2,3.884120000000002,True
CHEMBL192374,CDK1,126.0,nM,Clc1cccc(CNc2nc(Nc3ccc4[nH]cnc4c3)ncc2Br)c1Cl,6.899629454882437,461.97621187600004,5,3,5.777900000000002,True
CHEMBL4754326,CDK9,126.4,nM,COc1cccc(-c2ccnc(Nc3ccc4c(c3)N(C(C)C)[C@H](C)C(=O)N4C)n2)c1,6.898252926053633,417.21647510400004,6,1,4.475500000000003,True
CHEMBL5424372,CDK1,126.47,nM,COc1ccc(NC(=S)N2CCN(c3nnc(Cc4ccccc4)c4ccccc34)CC2)cc1,6.8980124814417,469.19363148400004,5,1,4.748200000000004,True
CHEMBL5755607,CDK9,127.0,nM,Cc1nc2c(F)cc(-c3nc(Nc4ccc5c(n4)CCN(CCN=C(N)N)C5)ncc3F)cc2n1C(C)C,6.896196279044043,520.2622974000002,7,3,3.4309200000000013,True
CHEMBL312273,CDK2,127.0,nM,CC(=O)NCCNc1cc(-c2ccc[nH]2)c2c3c(ccc(F)c13)NC2=O,6.896196279044043,352.133554004,3,4,3.0877000000000008,True
CHEMBL2103840,CDK4,127.0,nM,CCc1cnn2c(NCc3ccc[n+]([O-])c3)cc(N3CCCC[C@H]3CCO)nc12,6.896196279044043,396.227374136,6,2,2.2785000000000006,True
CHEMBL5956369,CDK2,128.0,nM,Cc1nc2c(F)cc(-c3nc(Nc4ccc5c(n4)CCNC5)ncc3F)cc2n1C1CCCC1,6.892790030352131,461.2139502400001,6,2,4.979320000000003,True
CHEMBL5879318,CDK2,129.0,nM,CNCC(=O)N1CCc2nc(Nc3ncc(F)c(-c4cc(F)c5nc(C)n(C6CCC6)c5c4)n3)ccc2C1,6.889410289700751,518.2354139560001,7,2,4.047620000000003,True
CHEMBL3698680,CDK6,129.0,nM,CC(C)(CO)Cn1c2cnccc2c2cnc(Nc3ccc(N4CCNCC4)cn3)nc21,6.889410289700751,432.2386075160001,8,3,2.5462000000000007,True
CHEMBL3641930,CDK4,129.0,nM,C[C@@H](CO)n1c2cnccc2c2cnc(Nc3ccc(N4CCC(N(C)C)CC4)nn3)nc21,6.889410289700751,447.2495065480001,9,2,2.5968,True
CHEMBL6169949,CDK2,129.3,nM,O=C(NNC(=O)c1oc2ccccc2c1CN1CCN(c2ccccc2)CC1)Nc1ccccc1,6.888401475119606,469.21138972400007,5,3,4.221500000000003,True
CHEMBL5518081,CDK9,129.4,nM,CC(=O)Nc1ccc(CNc2nc(NC3COC3)nc3c(C(C)C)cnn23)cc1,6.888065723667319,395.2069730400001,7,3,2.6289000000000007,True
CHEMBL5512517,CDK9,129.65,nM,CC[C@@H](CO)Nc1cc(NCc2ccc(NC(C)=O)cc2)n2ncc(C(C)C)c2n1,6.88722747889463,410.24302420000004,6,4,3.6060000000000025,True
CHEMBL1944698,CDK2,130.0,nM,CN1C/C=C/CCOc2cccc(c2)-c2ccnc(n2)Nc2cccc(c2)C1,6.886056647693163,372.195011388,5,1,4.657700000000004,True
CHEMBL3668504,CDK9,130.0,nM,CCN(C(=O)O)S(=O)(=O)N1CC=C(c2cc3c(-c4cc(F)ccc4OC)c(F)cnc3[nH]2)CC1,6.886056647693163,492.127897244,5,2,3.850500000000003,True
CHEMBL412091,CDK1,130.0,nM,NS(=O)(=O)c1ccc(N/N=C2\C(=O)Nc3ccc(S(=O)(=O)O)cc32)cc1,6.886056647693163,396.01982610399995,7,4,0.34900000000000037,True
CHEMBL5928520,CDK9,130.0,nM,Fc1cccc(Cn2cnc3ccc(-c4cc(NC5CCC56CCNCC6)ncc4Cl)cc32)c1,6.886056647693163,475.1939017640001,4,2,5.883200000000005,True
CHEMBL5835954,CDK9,130.0,nM,COC(=O)c1ccc(Cn2cnc3ccc(-c4cc(NC(=O)[C@@H]5CCCNC5)ncc4Cl)cc32)cc1,6.886056647693163,503.172417372,6,2,4.524700000000003,True
CHEMBL5759444,CDK9,130.0,nM,N#CC1(Cc2cc(N3CCC[C@@H](C(N)=O)C3)ncc2Cl)CCOCC1,6.886056647693163,362.15095365599996,5,1,2.2995799999999997,True
CHEMBL409868,CDK1,130.0,nM,CN(C)C(=O)c1ccc2c(c1)/C(=N/Nc1ccc(S(N)(=O)=O)cc1)C(=O)N2,6.886056647693163,387.10012502399996,6,3,0.8041,True
CHEMBL408210,CDK1,130.0,nM,CCOC(=O)c1cccc2c1/C(=C/Nc1ccc(S(N)(=O)=O)cc1)C(=O)N2,6.886056647693163,387.088891644,6,3,1.9158,True
CHEMBL3934141,CDK2,130.0,nM,COc1cc(CS(C)(=O)=NC#N)cc(Nc2ncc(F)c(-c3ccc(F)cc3OC)n2)c1,6.886056647693163,459.117666908,8,1,4.261480000000002,True
CHEMBL3663755,CDK9,130.0,nM,CN1CCCC(c2cc3c(-c4cccc(NCc5ccccc5)n4)ccnc3[nH]2)C1,6.886056647693163,397.2266458640001,4,2,5.046200000000003,True
CHEMBL5808947,CDK9,130.0,nM,Nc1cc(-c2ccc3ncn(Cc4cccc(F)c4)c3c2)c(Cl)cn1,6.886056647693163,352.08910234800004,3,1,4.521300000000002,True
CHEMBL3644028,CDK1,130.0,nM,C#CCOc1nc(Nc2ccc(S(C)(=O)=O)cc2)ncc1C(F)(F)F,6.886056647693163,371.055146904,6,1,2.6545000000000005,True
CHEMBL5988623,CDK9,130.0,nM,CN1CCN(S(=O)(=O)CC(=O)Nc2cc(-c3ccc4ncn(Cc5cccc(F)c5)c4c3)c(Cl)cn2)CC1,6.886056647693163,556.1459655920002,6,1,3.4548000000000014,True
CHEMBL5750857,CDK9,130.0,nM,Fc1cccc(Cn2cnc3ccc(-c4cc(N[C@@H]5CCC[C@H]6CCNC[C@H]65)ncc4Cl)cc32)c1,6.886056647693163,489.2095518280001,4,2,6.129200000000004,True
CHEMBL232557,CDK1,130.0,nM,Cc1cc(N2CCCS2(=O)=O)c2oc(-c3ccc(O)c(O)c3)c(O)c(=O)c2c1,6.886056647693163,403.07257288399995,7,3,2.4251200000000015,True
CHEMBL451462,CDK1,130.0,nM,Cc1ncc(-c2nc(Nc3ccc(C(=O)N4CCN(C)CC4)cc3)ncc2F)n1C(C)C,6.886056647693163,437.23393673600003,6,1,3.4997200000000026,True
CHEMBL3648071,CDK1,130.0,nM,C[C@@H](O)[C@@H](C)Nc1nc(Nc2ccc(S(C)(=N)=O)cc2)ncc1Br,6.886056647693163,413.05210797999996,7,4,3.199370000000001,True
CHEMBL5993518,CDK9,130.0,nM,CS(=O)(=O)N1CCC2(C1)C(C(=O)Nc1cc(-c3ccc4ncn(Cc5cccc(F)c5)c4c3)c(Cl)cn1)CCS2(=O)=O,6.886056647693163,631.1126168640001,7,1,3.716400000000002,True
CHEMBL3668404,CDK9,130.0,nM,CN1CCC(c2cc3c(-c4nc(N)ccc4Cl)ccnc3[nH]2)CC1,6.886056647693163,341.14072332,4,2,3.6697000000000006,True
CHEMBL3901136,CDK9,130.0,nM,CN1Cc2c(C3=CCCN(C4CCC(=CC(=O)O)CC4)CC3)[nH]c3nccc(c23)-c2cc(F)ccc21,6.886056647693163,486.24310445200007,4,2,5.751600000000005,True
CHEMBL3648080,CDK2,130.0,nM,C[C@H](O)[C@@H](C)Nc1nc(Nc2ccc(S(=O)(CC=O)=NS(=O)(=O)CC[Si](C)(C)C)cc2)ncc1Br,6.886056647693163,605.079749754,9,3,3.857700000000003,True
CHEMBL5981968,CDK9,130.0,nM,NC(=O)NC(=O)/C=C/C(=O)Nc1cc(-c2ccc3ncn(Cc4cccc(F)c4)c3c2)c(Cl)cn1,6.886056647693163,492.111294336,5,3,3.628700000000002,True
CHEMBL3924252,CDK9,130.0,nM,OCC(O)CN1CC=C(c2[nH]c3nccc4c3c2COc2ccc(F)cc2-4)CC1,6.886056647693163,395.164519784,5,3,2.7037000000000004,True
CHEMBL3982411,CDK9,130.0,nM,CN1Cc2c(-c3ccncc3)[nH]c3nccc(c23)-c2cc(F)ccc21,6.886056647693163,330.1280747,3,1,4.3808000000000025,True
CHEMBL3921963,CDK9,130.0,nM,CN1Cc2c(C3=CCCN(S(C)(=O)=O)C3)[nH]c3nccc(c23)-c2cc(F)ccc21,6.886056647693163,412.136925132,4,1,3.3675000000000015,True
CHEMBL3975945,CDK9,130.0,nM,CCC[C@H](NC1CC=C(c2[nH]c3nccc4c3c2CN(C)c2ccc(F)cc2-4)CC1)C(=O)O,6.886056647693163,448.22745438799996,4,3,5.0976000000000035,True
CHEMBL5171361,CDK9,130.0,nM,COCCn1cc(-c2ccnc3[nH]c(C4CCN(CC(=O)N(C)C)CC4)cc23)ccc1=O,6.886056647693163,437.242689852,5,1,2.3056,True
CHEMBL133498,CDK1,130.0,nM,CN1CC[C@H](c2c(O)cc(O)c3c(=O)cc(Oc4ccccc4Cl)oc23)[C@H](O)C1,6.886056647693163,417.0979150399999,7,3,3.4299000000000017,True
CHEMBL5869709,CDK9,130.0,nM,O=C(Nc1cc(-c2ccc3ncn(CC4CCOCC4)c3c2)c(Cl)cn1)C1CC2(CNC2)C1,6.886056647693163,465.193152816,5,2,4.116400000000003,True
CHEMBL4849746,CDK9,130.0,nM,COc1ccc(F)cc1-c1ccnc2[nH]c(C3=CCC(N4CCN(CC(=O)O)CC4)CC3)cc12,6.886056647693163,464.222369008,5,2,4.0157000000000025,True
CHEMBL1336,CDK6,130.0,nM,CNC(=O)c1cc(Oc2ccc(NC(=O)Nc3ccc(Cl)c(C(F)(F)F)c3)cc2)ccn1,6.886056647693163,464.086302712,4,3,5.549700000000003,True
CHEMBL6014160,CDK9,130.0,nM,Fc1cccc(Cn2cnc3ccc(-c4cc(NCCc5ccncc5)ncc4Cl)cc32)c1,6.886056647693163,457.1469515720001,4,1,5.988700000000003,True
CHEMBL3702139,CDK6,131.0,nM,c1csc(Cn2c3cnccc3c3cnc(Nc4ccc(N5CCNCC5)cn4)cc32)c1,6.882728704344236,441.1735647360001,7,2,4.242500000000002,True
CHEMBL3902691,CDK9,131.0,nM,COc1ccc(F)cc1-c1ccnc2[nH]c(C3=CC4CCC(C3)N4C(=O)CN3CC(O)C3)cc12,6.882728704344236,462.206718944,5,2,3.200800000000002,True
CHEMBL4213756,CDK1,132.0,nM,COCCN1CCc2nc(Nc3ncc(F)c(-c4cc(F)c5nc(C)n(C(C)C)c5c4)n3)ccc2C1,6.8794260687941495,493.2401649880001,7,1,4.803920000000004,True
CHEMBL6152166,CDK6,132.0,nM,CC(=O)N1CCC2(CC1)CC(=O)c1ccc(-c3nc(Nc4ccc(C(=O)N5CCN(C)CC5)cn4)ncc3F)cc1O2,6.8794260687941495,573.249980724,9,1,3.1552000000000016,True
CHEMBL5853767,CDK1,133.0,nM,Cc1nc2c(F)cc(-c3nc(Nc4ccc5c(n4)CCN(C[C@@H]4CNCCO4)C5)ncc3F)cc2n1C(C)C,6.876148359032914,534.2667140840001,8,2,4.145920000000003,True
CHEMBL5838972,CDK1,133.0,nM,O=C(c1ccc(Nc2ncc3cc4n(c3n2)C2(CCCCC2)C(=O)NN4)cc1)N1CCNCC1,6.876148359032914,460.2335221360001,7,4,2.3363999999999994,True
CHEMBL5935906,CDK9,133.0,nM,CNCCN1CCc2nc(Nc3ncc(F)c(-c4cc(F)c5nc(C)n(C6CC6)c5c4)n3)ccc2C1,6.876148359032914,490.240499336,7,2,4.130920000000002,True
CHEMBL2011927,CDK2,133.0,nM,COc1ccc(-c2nc3c(OCC4CCNCC4)c(Br)cnc3[nH]2)cc1,6.876148359032914,416.0847880120001,5,2,3.7744000000000018,True
CHEMBL5811976,CDK1,133.0,nM,Cc1nc2c(F)cc(-c3nc(Nc4ccc5c(n4)CCN(C[C@@H]4CNCCO4)C5)ncc3F)cc2n1C(C)(C)C,6.876148359032914,548.2823641480002,8,2,4.320020000000003,True
CHEMBL4207218,CDK1,133.8,nM,CCN1CCC(Cc2cnc(Nc3cc(-c4cc(F)c5nc(C)n(C(C)C)c5c4)ncn3)cn2)CC1,6.873543886568196,488.2812212760001,7,1,5.3297200000000045,True
CHEMBL1271898,CDK4,134.0,nM,CC(C)c1n[nH]c(Cl)c1-c1ccnc(Nc2ccc(C3CCNCC3)cn2)n1,6.872895201635192,397.17817144800006,6,3,4.249100000000002,True
CHEMBL5779951,CDK6,134.0,nM,CC(C)N1CCOc2c(F)cc(-c3nc(Nc4ccc(N5CCOCC5)c(F)c4)ncc3F)cc21,6.872895201635192,485.203859732,7,1,4.748300000000004,True
CHEMBL5561839,CDK2,134.2,nM,CC(C)n1nnc2ccc(-c3ccnc(Nc4cc(C(=O)N5CCCC5)ccn4)c3)cc21,6.872247484167026,427.21205842000006,6,1,4.448800000000004,True
CHEMBL5925248,CDK2,135.0,nM,Cc1nc2c(F)cc(-c3nc(Nc4ccc5c(n4)CCN(C[C@H](C)N(C)C)C5)ncc3F)cc2n1C1CC1,6.8696662315049934,518.2717994640001,7,1,4.861620000000004,True
CHEMBL194124,CDK1,135.0,nM,Cc1ccccc1Sc1nc(Nc2ccc3[nH]cnc3c2)ncc1C(F)(F)F,6.8696662315049934,401.09220110800004,5,2,5.574920000000002,True
CHEMBL6002674,CDK1,135.0,nM,CNCCN1CCc2nc(Nc3ncc(F)c(-c4cc(F)c5nc(C)n(C(C)(C)C)c5c4)n3)ccc2C1,6.8696662315049934,506.271799464,7,2,4.551020000000004,True
CHEMBL3823278,CDK2,135.0,nM,CC(=O)N1CCC(n2cc(Nc3ncc(Cl)c(-c4cnc5ccccn45)n3)c(C)n2)CC1,6.8696662315049934,450.1683350360001,6,1,3.8766200000000017,True
CHEMBL3668532,CDK9,135.0,nM,COc1ccc(F)cc1-c1c(F)cnc2[nH]c(C3=CCN(CC(=O)N4CC(O)C4)CC3)c(C#N)c12,6.8696662315049934,479.176896036,6,2,2.680580000000001,True
CHEMBL1081437,CDK2,135.0,nM,N[C@H](CNc1nnc(-c2ccc3[nH]nc(C4CC4)c3c2)s1)Cc1ccc(C(F)(F)F)cc1,6.8696662315049934,458.150050332,6,3,4.959500000000003,True
CHEMBL2011926,CDK2,135.0,nM,COc1ccc(-c2nc3c(NCC4CCNCC4)c(Br)cnc3[nH]2)cc1,6.8696662315049934,415.100772424,5,3,3.807500000000002,True
CHEMBL5435746,CDK2,135.01,nM,O=C(Nc1ccc(N2CCNCC2)cc1)c1n[nH]cc1Nc1cc(OC2CCCC2)ncn1,6.869634062734793,448.23352213600003,8,4,2.9266000000000005,True
CHEMBL4208504,CDK1,135.5,nM,CCN1CCN(Cc2cnc(Nc3cc(-c4cc(F)c5nc(C)n(C(C)C)c5c4)ncn3)cn2)CC1,6.868060704789576,489.2764702440001,8,1,4.192820000000003,True
CHEMBL1081296,CDK2,136.0,nM,N[C@H](CNc1ncc(-c2ccc3cncnc3c2)s1)Cc1ccc(C(F)(F)F)cc1,6.866461091629782,429.123501236,6,2,4.754000000000003,True
CHEMBL3698678,CDK4,136.0,nM,Oc1cc2c3cnc(Nc4ccc(N5CCNCC5)cn4)nc3n(C3CCCC3)c2cn1,6.866461091629782,430.22295745200006,8,3,3.3484000000000016,True
CHEMBL6166339,CDK2,136.4,nM,Nc1cc(-c2c[nH]c3ccccc23)nn1-c1nc(Nc2ccc(Br)cc2)nc(N2CCOCC2)n1,6.86518562967954,531.1130684240001,8,3,4.130500000000003,True
CHEMBL565211,CDK2,137.0,nM,CNC(=O)c1nn(C)c2c1C(C)(C)Cc1cnc(Nc3ccc(N4CCOCC4)cc3)nc1-2,6.863279432843593,447.23827316800003,7,2,2.6506000000000007,True
CHEMBL6167764,CDK2,137.2,nM,COc1ccc(NC(=O)NNC(=O)c2oc3ccccc3c2CN2CCN(c3ccccc3)CC2)cc1,6.862645888629267,499.2219544080001,6,3,4.230100000000004,True
CHEMBL5423237,CDK2,137.54,nM,O=C(c1ccc(Cl)cc1)N1CCN(c2nnc(Cc3ccccc3)c3ccccc23)CC1,6.861570979993996,442.156039036,4,0,4.836400000000004,True
CHEMBL5595728,CDK9,137.75,nM,CS(=O)(=O)c1ccccc1Nc1nc(N[C@H]2CC[C@H](N)CC2)ncc1Cl,6.860908392476177,395.11827362400004,7,3,2.9589000000000008,True
CHEMBL3673492,CDK9,138.0,nM,COc1ccc(F)cc1-c1c(C#N)cnc2[nH]c(C3=CC4CN(CC(=O)N5CCC[C@H]5CO)CC4C3)cc12,6.860120913598763,515.23326804,6,2,3.567680000000003,True
CHEMBL1081852,CDK2,138.0,nM,N[C@H](CNc1ncc(-c2ccc3[nH]c(=O)oc3c2)s1)Cc1ccc(C(F)(F)F)cc1,6.860120913598763,434.102431444,6,3,4.245300000000002,True
CHEMBL524266,CDK2,138.0,nM,Nc1nccc(-c2cc3c([nH]2)[C@@H](CCF)CNC3=O)n1,6.860120913598763,275.118238288,4,3,1.2405,True
CHEMBL4466497,CDK1,139.0,nM,Cc1nc2c(F)cc(-c3nc(Nc4ccc5c(n4)CCN(CCN(C)C)C5)ncc3F)cc2n1C(C)(C)C,6.856985199745905,520.2874495280001,7,1,4.893220000000005,True
CHEMBL3668557,CDK9,139.0,nM,COc1ccc(F)cc1-c1ccnc2[nH]c(C3=CCN(C4CCC(C(=O)O)CC4)CC3)cc12,6.856985199745905,449.21146997599993,4,2,5.1101000000000045,True
CHEMBL4214634,CDK1,139.7,nM,COCCN1CCN(Cc2cnc(Nc3cc(-c4cc(F)c5nc(C)n(C(C)C)c5c4)ncn3)cn2)CC1,6.854803593885818,519.2870349280001,9,1,3.819320000000003,True
CHEMBL5593612,CDK9,139.8,nM,CC(C)S(=O)(=O)c1ccccc1Nc1nc([C@H]2CC[C@H](O)CC2)ncc1Cl,6.854492828590337,409.122690308,6,2,4.074200000000003,True
CHEMBL5197170,CDK1,140.0,nM,CC(C)n1cc(-c2ccnc3[nH]c(C4CCN(CC(=O)N5CCCCC5)CC4)cc23)ccc1=O,6.853871964321762,461.27907536,4,1,4.164400000000003,True
CHEMBL496569,CDK2,140.0,nM,O=C(Nc1c[nH]nc1-c1nc2cc(CN3CCOCC3)ccc2[nH]1)c1ccccc1,6.853871964321762,402.18042394400004,5,3,3.0375000000000005,True
CHEMBL3919423,CDK9,140.0,nM,CN(CC(O)CO)C(=O)CN1[C@H]2CC[C@@H]1C=C(c1[nH]c3nccc4c3c1CN(C)c1ccc(F)cc1-4)C2,6.853871964321762,505.24891810400004,6,3,2.7505000000000024,True
CHEMBL463580,CDK2,140.0,nM,O=C(Nc1c[nH]nc1C(=O)Nc1ccc(F)cc1)c1ccccc1,6.853871964321762,324.102253876,3,3,3.053400000000001,True
CHEMBL388956,CDK2,140.0,nM,COc1c(O)cc2c3c(cc4ccc(O)cc4c13)NC2=O,6.853871964321762,281.068807832,4,3,2.9785000000000004,True
CHEMBL457388,CDK2,140.0,nM,O=C(NC1CCNCC1)c1n[nH]cc1NC(=O)c1c(F)cccc1F,6.853871964321762,349.13503122400004,4,4,1.421999999999999,True
CHEMBL3668456,CDK9,140.0,nM,COc1ccc(F)cc1-c1ccnc2[nH]c(C3CN(S(C)(=O)=O)C3)cc12,6.853871964321762,375.1052906559999,4,1,2.7364000000000006,True
CHEMBL212264,CDK2,140.0,nM,Nc1nc(Nc2ccc(S(=O)(=O)NC(=O)[C@H](N)CO)cc2)nn1C(=O)c1c(F)cccc1F,6.853871964321762,481.097994084,10,5,-0.30489999999999995,True
CHEMBL2158864,CDK2,140.0,nM,CNC(=O)Nc1ccc(-c2cc(-c3ccnc(Nc4ccc(Cl)c(S(=O)(=O)NC)c4)n3)ccn2)cc1,6.853871964321762,523.119336244,7,4,4.262000000000002,True
CHEMBL5431823,CDK4,140.0,nM,COc1ccc(/C=N/n2c(S)nnc2-c2c[nH]c3ccccc23)cc1,6.853871964321762,349.09973110000004,5,2,3.605900000000002,True
CHEMBL5836133,CDK9,140.0,nM,O=C(Nc1cc(-c2ccc3ncn(CC4CCOCC4)c3c2)c(Cl)cn1)C1C[C@H]2CNC[C@H]2C1,6.853871964321762,479.20880288,5,2,4.362400000000004,True
CHEMBL454646,CDK2,140.0,nM,CC1CNCC(C(=O)Nc2ncc(SCc3ncc(C(C)(C)C)o3)s2)C1,6.853871964321762,394.149718072,7,2,3.905000000000003,True
CHEMBL211514,CDK2,140.0,nM,Cc1ccc(Cl)c(N(CC#N)c2cc(Nc3ccc(OC[C@@H](O)CN(C)C)cc3)ncn2)c1,6.853871964321762,466.188401784,8,2,4.145000000000003,True
CHEMBL590109,CDK2,140.0,nM,NCCn1cc(-c2cc(-c3cc4ccccc4s3)c3[nH]ncc3c2)c2nc(N)ncc21,6.853871964321762,425.1422646080001,6,3,4.397200000000002,True
CHEMBL457887,CDK4,140.0,nM,Cc1ncc(-c2ccnc(Nc3ccc(S(=O)(=O)CCCN(C)C)cc3)n2)n1C(C)C,6.853871964321762,442.21509520000006,7,1,3.6984200000000023,True
CHEMBL3702076,CDK4,140.0,nM,CN(C)C1CCN(c2ccc(Nc3ncc4c5ccnc(F)c5n(CC5CC5)c4n3)nn2)CC1,6.853871964321762,461.24517011600005,8,1,3.5926000000000027,True
CHEMBL1235529,CDK2,140.0,nM,O=S1(=O)NCCCNc2nc(ncc2Br)Nc2cccc1c2,6.853871964321762,383.005157788,6,3,2.076599999999999,True
CHEMBL5858868,CDK9,140.0,nM,O=C(Nc1cc(-c2cnc3nnn(Cc4cccc(F)c4)c3n2)c(Cl)cn1)[C@@H]1CCCNC1,6.853871964321762,466.14326316000006,7,2,3.0622000000000007,True
CHEMBL5861172,CDK9,140.0,nM,O=C(Nc1cc(-c2ccc3cnn(Cc4cccc(F)c4)c3c2)c(Cl)cn1)[C@@H]1CCCNC1,6.853871964321762,463.15751625600006,4,2,4.877200000000004,True
CHEMBL5952864,CDK6,140.0,nM,Cc1nc2c(F)cc(-c3nc(Nc4ncc5c(n4)CCN(C(=O)CN(C)C)C5)ncc3F)cc2n1C(C)C,6.853871964321762,521.246312988,8,1,3.6407200000000017,True
CHEMBL4759053,CDK9,140.0,nM,CC(=O)N[C@@H]1CCC[C@H](C(=O)Nc2cc(-c3cnn4ccccc34)c(Cl)cn2)C1,6.853871964321762,411.146202624,4,2,3.6831000000000023,True
CHEMBL3642655,CDK2,140.0,nM,CN1CCN(c2cc(NCc3cccnc3)n3ncc(Br)c3n2)CC1,6.853871964321762,401.09635574,6,1,2.2507,True
CHEMBL203407,CDK1,140.0,nM,NS(=O)(=O)c1ccc(Nc2cc(OC3CCCCC3)nc3ncnn23)cc1,6.853871964321762,388.1317595000001,7,2,2.2268,True
CHEMBL173608,CDK1,140.0,nM,CCn1cnc2c(Nc3cccc(C(F)(F)F)c3)nc(N[C@H]3CC[C@H](N)CC3)nc21,6.853871964321762,419.20452842800006,6,3,4.290400000000002,True
CHEMBL5930895,CDK4,141.0,nM,CC(C)N1CCOc2c(F)cc(-c3nc(Nc4cn(C5CCNCC5)cn4)ncc3F)cc21,6.85078088734462,455.2245149240001,7,2,3.893600000000003,True
CHEMBL3702106,CDK4,141.0,nM,COc1cc2c3cnc(Nc4ccc(N5CCNCC5)cn4)nc3n(C3CCCC3)c2nn1,6.85078088734462,445.23385648400017,9,2,3.046400000000001,True
CHEMBL5938059,CDK1,141.0,nM,Cc1nc2c(F)cc(-c3nc(Nc4ccc5c(n4)CCN(CCN)C5)ncc3F)cc2n1C(C)(C)C,6.85078088734462,492.2561494000001,7,2,4.290320000000003,True
CHEMBL3702088,CDK4,142.0,nM,Oc1ccc2c3cnc(Nc4ccc(N5CCNCC5)cn4)nc3n(C3CCCC3)c2n1,6.847711655616944,430.2229574520001,8,3,3.3484000000000016,True
CHEMBL6021833,CDK2,143.0,nM,Cc1nc2c(F)cc(-c3nc(Nc4ccc5c(n4)CCNC5)ncc3F)cc2n1C1CC1,6.844663962534938,433.1826501120001,6,2,4.199120000000002,True
CHEMBL3641942,CDK4,143.0,nM,C[C@H](CO)n1c2cnccc2c2cnc(Nc3ccc(N4CCNCC4)nn3)nc21,6.844663962534938,405.2025563560001,9,3,1.475999999999999,True
CHEMBL4448494,CDK1,143.0,nM,Cc1nc2c(F)cc(-c3nc(Nc4ccc5c(n4)CCN(CCN(C)C)C5)ncc3F)cc2n1C(C)C,6.844663962534938,506.2717994640001,7,1,4.719120000000004,True
CHEMBL3641908,CDK4,144.0,nM,CN(C)C1CCN(c2ccc(Nc3ncc4c5ccncc5n([C@@H]5CCNC5)c4n3)nc2)CC1,6.84163750790475,457.2702419920001,8,2,3.182900000000001,True
CHEMBL5991763,CDK4,145.0,nM,CC1CN(c2ccc(Nc3ncc(F)c(-c4cc(F)c5c(c4)N(C(C)C)CCO5)n3)nc2)CC(C)O1,6.838631997765026,496.23983064000004,8,1,4.781200000000004,True
CHEMBL3702090,CDK4,145.0,nM,Cn1c(=O)ccc2c3cnc(Nc4ccc(N5CC[C@@H](O)C5)cn4)nc3n(C3CCCC3)c21,6.838631997765026,445.2226231040001,7,2,3.1079000000000017,True
CHEMBL6176478,CDK2,145.0,nM,N[C@H]1CCN(c2c3cc(-c4ccnc(NC(=O)C5CC5)c4)ccc3nc3c2[nH]c2ccccc23)C1,6.838631997765026,462.21680945200006,5,3,4.817200000000003,True
CHEMBL555205,CDK1,146.0,nM,COc1ccc2sc3c(c2c1)NC[C@@H](CN)NC3=O,6.835647144215563,277.08849772,5,3,1.3924999999999998,True
CHEMBL5775801,CDK2,146.0,nM,Cc1nc2c(F)cc(-c3nc(Nc4ccc5c(n4)CCNC5)ncc3F)cc2n1C1CCCCC1,6.835647144215563,475.2296003040001,6,2,5.369420000000003,True
CHEMBL3641911,CDK4,146.0,nM,OCCCn1c2cnccc2c2cnc(Nc3ccc(N4CCNCC4)nn3)nc21,6.835647144215563,405.2025563560001,9,3,1.3050999999999995,True
CHEMBL5892074,CDK1,146.0,nM,CS(=N)(=O)c1ccc(Nc2ncc3cc4n(c3n2)C2(CCCCC2)C(=O)NN4)cc1,6.835647144215563,425.16339397600007,7,4,3.3264700000000005,True
CHEMBL5426856,CDK6,146.0,nM,Sc1nnc(-c2c[nH]c3ccccc23)n1/N=C/c1cccc(Br)c1,6.835647144215563,396.999678484,4,2,4.359800000000002,True
CHEMBL5556607,CDK2,146.0,nM,CC(C)(O)Cn1cc(-c2nc(NC3CCN(S(=O)(=O)C4CC4)CC3)ncc2C#N)cn1,6.835647144215563,445.1896087240001,8,2,1.3511799999999992,True
CHEMBL4855785,CDK2,146.85,nM,Cc1n[nH]c2ccc(-c3cncc(NC(CO)c4ccccc4)n3)cc12,6.833126049141181,345.15896022800007,5,3,3.473820000000001,True
CHEMBL4204961,CDK4,147.3,nM,CCN1CCN(Cc2ccc(Nc3ncc(F)c(-c4cc(F)c5nc6n(c5c4)CCCCC6)n3)nc2)CC1,6.831797253157369,518.2717994640001,7,1,4.774000000000004,True
CHEMBL2403084,CDK1,148.0,nM,NC1CCC(Nc2nc(NCc3ccc(-c4ccco4)cc3)c3ncn(C4CCCC4)c3n2)CC1,6.8297382846050425,471.2746586760001,7,3,5.495300000000004,True
CHEMBL6011152,CDK9,148.0,nM,CC1(C)CCn2ncc(-c3cc(NC(=O)[C@H]4CCC[C@@H](N)C4)ncc3F)c2C1,6.8297382846050425,385.22778873600004,4,2,3.5126000000000017,True
CHEMBL3668533,CDK9,149.0,nM,COc1ccc(F)cc1-c1c(F)cnc2[nH]c(C3=CCN(CC(=O)N4CCC[C@@H]4CO)CC3)c(C#N)c12,6.826813731587726,507.208196164,6,2,3.4607800000000015,True
CHEMBL3702205,CDK4,149.0,nM,O[C@H]1CCN(c2ccc(Nc3ncc4c5ccccc5n(C5CCCC5)c4n3)nc2)C1,6.826813731587726,414.21680945200006,6,2,4.409200000000003,True
CHEMBL522464,CDK2,149.0,nM,Cn1cc(C2=C(c3coc4ccccc34)C(=O)NC2=O)c2cccc(CO)c21,6.826813731587726,372.111006992,4,2,2.9840000000000013,True
CHEMBL3702090,CDK6,149.0,nM,Cn1c(=O)ccc2c3cnc(Nc4ccc(N5CC[C@@H](O)C5)cn4)nc3n(C3CCCC3)c21,6.826813731587726,445.2226231040001,7,2,3.1079000000000017,True
CHEMBL73189,CDK2,150.0,nM,Cc1nc2ccccn2c1-c1ccnc(Nc2cccc(Cl)c2)n1,6.823908740944319,335.093773128,4,1,4.4967200000000025,True
CHEMBL3984474,CDK9,150.0,nM,CN1CCc2c(C3=CCN([C@H]4C[C@@H](C(=O)O)C4)CC3)[nH]c3nccc(c23)-c2cc(F)ccc21,6.823908740944319,446.211804324,4,2,4.313600000000003,True
CHEMBL172848,CDK1,150.0,nM,CCn1cnc2c(Nc3ccc(F)cc3)nc(N[C@@H]3CCCC[C@@H]3N)nc21,6.823908740944319,369.207721988,6,3,3.410700000000001,True
CHEMBL1241566,CDK4,150.0,nM,Cc1ccc(F)c(Nc2nccc(-c3ccc(S(N)(=O)=O)cc3)n2)c1,6.823908740944319,358.08997494,5,2,2.98212,True
CHEMBL3976471,CDK9,150.0,nM,CN1Cc2c(C3CCN(CC(=O)O)CC3)[nH]c3nccc(c23)-c2cc(F)ccc21,6.823908740944319,394.180504196,4,2,3.5828000000000015,True
CHEMBL319170,CDK1,150.0,nM,COc1ccc2sc3c(c2c1)SCCNC3=O,6.823908740944319,265.023120592,4,1,2.7454,True
CHEMBL4784363,CDK9,150.0,nM,CC(=O)N[C@@H]1CCC[C@H](C(=O)Nc2cc(-c3cnn4c3CC(C)(C)C4)c(C#N)cn2)C1,6.823908740944319,420.22737413600004,5,2,3.0324800000000014,True
CHEMBL272668,CDK1,150.0,nM,NS(=O)(=O)c1ccc(N/C=C2\C(=O)Nc3ccc(C(=O)O)cc32)cc1,6.823908740944319,359.057591516,5,4,1.4373,True
CHEMBL3960677,CDK2,150.0,nM,COc1cc(CS(C)(=N)=O)cc(Nc2ncc(F)c(-c3ccc(F)cc3OC)n2)c1,6.823908740944319,434.12241794,7,2,4.359170000000002,True
CHEMBL23525,CDK1,150.0,nM,CCC(C)(O)C#Cc1nc(NCc2ccc(N(C)C)cc2)c2ncn(C(C)C)c2n1,6.823908740944319,406.24810958000006,6,2,3.597800000000002,True
CHEMBL2012414,CDK1,150.0,nM,COC[C@H]1CCCN1C(=O)c1cc(Nc2ncc3cnn([C@@H]4C[C@H]5C[C@H]5C4)c3n2)cn1C,6.823908740944319,435.2382731680001,6,1,3.1304000000000016,True
CHEMBL6059403,CDK9,150.0,nM,O=C(Nc1cc(-c2ccc3ncn(CC4CCOCC4)c3c2)c(Cl)cn1)[C@@H]1CCCNC1,6.823908740944319,453.193152816,5,2,4.116400000000003,True
CHEMBL3952541,CDK9,150.0,nM,CCOC(=O)C1c2c(C3=CCNCC3)[nH]c3nccc(c23)-c2cc(F)ccc2N1C,6.823908740944319,406.180504196,5,2,3.7997000000000023,True
CHEMBL3668425,CDK9,150.0,nM,CN1CCC(c2cc3c(-c4nc(NCC5CCOC(C)(C)C5)ccc4Cl)ccnc3[nH]2)CC1,6.823908740944319,467.24518838800003,5,2,5.704600000000005,True
CHEMBL3702076,CDK6,150.0,nM,CN(C)C1CCN(c2ccc(Nc3ncc4c5ccnc(F)c5n(CC5CC5)c4n3)nn2)CC1,6.823908740944319,461.24517011600005,8,1,3.5926000000000027,True
CHEMBL4741063,CDK9,150.0,nM,CC(=O)N[C@@H]1CCC[C@H](C(=O)Nc2cc(-c3cnn4c3CC(C)(C)C4)ccn2)C1,6.823908740944319,395.23212516800004,4,2,3.160800000000002,True
CHEMBL271952,CDK1,150.0,nM,NS(=O)(=O)c1ccc(N/N=C2\C(=O)Nc3ccc4[nH]nnc4c32)cc1,6.823908740944319,357.0644082120001,7,4,0.3735999999999998,True
CHEMBL4074103,CDK9,150.0,nM,N#Cc1ccnc2[nH]c(-c3ccc(N4CCNCC4)cc3)cc12,6.823908740944319,303.148395544,4,2,2.5111800000000004,True
CHEMBL3900994,CDK9,150.0,nM,CN1Cc2c(C3=CCN([C@H]4CC[C@H](C(=O)O)CC4)CC3)[nH]c3nccc(c23)-c2ccccc21,6.823908740944319,442.23687620000004,4,2,4.912200000000004,True
CHEMBL453895,CDK1,150.0,nM,Cc1ncc(-c2ccnc(Nc3ccc(C(=O)NC4CCN(C)CC4)c(F)c3)n2)n1C(C)C,6.823908740944319,451.2495868000001,6,2,3.9361200000000025,True
CHEMBL3668368,CDK9,150.0,nM,CN1CCC(c2cc3c(-c4cccc(NCC5CCOC(C)(C)C5)n4)ccnc3[nH]2)CC1,6.823908740944319,433.28416074000006,5,2,5.051200000000004,True
CHEMBL4214123,CDK1,150.0,nM,Cc1nc2c(F)cc(-c3cc(Nc4cnc(CN5CCN(CC(F)(F)F)CC5)cn4)ncn3)cc2n1C(C)C,6.823908740944319,543.2482048080002,8,1,4.735220000000004,True
CHEMBL3927123,CDK9,150.0,nM,CN(C)C(=O)CN1CCC=C(c2[nH]c3nccc4c3c2CN(C)c2ccc(F)cc2-4)CC1,6.823908740944319,433.22778873600004,4,1,3.8862000000000023,True
CHEMBL453129,CDK1,150.0,nM,CC(C)n1cnc2ccc3nc(C(=N)OCc4ccccc4)sc3c2c1=O,6.823908740944319,378.115046816,6,1,4.1292700000000035,True
CHEMBL258040,CDK1,150.0,nM,O=C(Cc1ccc(N2CCCCC2)cc1)Nc1n[nH]c2ccc(N3CCCS3(=O)=O)cc12,6.823908740944319,453.183460724,5,2,3.274300000000002,True
CHEMBL3983369,CDK9,150.0,nM,CN1Cc2c(-c3ccc(C(=O)O)cc3)[nH]c3nccc(c23)-c2cc(F)ccc21,6.823908740944319,373.12265497199996,3,2,4.684000000000003,True
CHEMBL5914929,CDK9,150.0,nM,Fc1cccc(Cn2cnc3ccc(-c4cc(NCCNc5ccccc5)ncc4Cl)cc32)c1,6.823908740944319,471.16260163600003,4,2,6.463100000000003,True
CHEMBL3940113,CDK9,150.0,nM,CN1Cc2c(C3=CCC(C(=O)O)CC3)[nH]c3nccc(c23)-c2cc(F)ccc21,6.823908740944319,377.15395509999996,3,2,4.5869000000000035,True
CHEMBL2012413,CDK1,150.0,nM,Cn1cc(Nc2ncc3cnn([C@@H]4C[C@H]5C[C@H]5C4)c3n2)cc1C(=O)N1CCC[C@@H]1CO,6.823908740944319,421.222623104,6,2,2.4763000000000006,True
CHEMBL1933343,CDK2,150.0,nM,Cc1cnc2nc1-c1cccc(c1)OCC/C=C/CN(C)Cc1cccc(c1)N2,6.823908740944319,386.210661452,5,1,4.966120000000004,True
CHEMBL411865,CDK1,150.0,nM,NS(=O)(=O)c1ccc(N/N=C2\C(=O)Nc3cccc(CCc4ccc(O)cc4)c32)cc1,6.823908740944319,436.12052611999997,6,4,2.5931000000000006,True
CHEMBL5817156,CDK9,150.0,nM,O=C1CC[C@H](C(=O)Nc2cc(-c3ccc4ncn(CC5CCOCC5)c4c3)c(Cl)cn2)N1,6.823908740944319,453.156767308,5,2,3.3954000000000013,True
CHEMBL366642,CDK1,150.0,nM,CCn1cnc2c(Nc3cccc(F)c3)nc(N[C@H]3CC[C@H](N)CC3)nc21,6.823908740944319,369.207721988,6,3,3.410700000000001,True
CHEMBL102926,CDK4,150.0,nM,Cc1nc2ccccn2c1-c1ccnc(Nc2ccc(OCC(O)CN(C)C)cc2)n1,6.823908740944319,418.211724072,7,2,3.1446200000000015,True
CHEMBL5542710,CDK9,150.15,nM,CC(=O)Nc1ccc(CNc2nc(NC3CCOCC3)nc3c(C(C)C)cnn23)cc1,6.823474663465,423.2382731680001,7,3,3.4091000000000014,True
CHEMBL3641975,CDK4,151.0,nM,CNC1CCN(c2ccc(Nc3ncc4c5ccncc5n(C[C@@H](C)O)c4n3)nn2)CC1,6.821023052706831,433.23385648400006,9,3,2.0820999999999996,True
CHEMBL4749819,CDK9,151.2,nM,Cc1ccc(N)cc1-c1ccnc(Nc2ccc3c(c2)N(C(C)C)[C@H](C)C(=O)N3C)n1,6.820448208834812,416.232459516,6,2,4.357520000000003,True
CHEMBL5874515,CDK9,152.0,nM,Cc1nc2c(F)cc(-c3nc(Nc4ccc5c(n4)CCN(C(=O)[C@@H]4CCCN4C)C5)ncc3F)cc2n1C1CC1,6.818156412055227,544.2510640200002,7,1,4.532320000000004,True
CHEMBL3641940,CDK4,152.0,nM,C[C@H](CO)n1c2cnccc2c2cnc(Nc3ccc(N4CC[C@@H](O)C4)cn3)nc21,6.818156412055227,405.19132297600004,8,3,2.2424,True
CHEMBL2402953,CDK1,152.0,nM,Nc1ccccc1-c1ccc(CNc2nc(NC3CCC(N)CC3)nc3c2ncn3C2CCCC2)cc1,6.818156412055227,496.3062931520001,7,4,5.484500000000004,True
CHEMBL6012656,CDK2,154.0,nM,Cc1nc2c(F)cc(-c3nc(Nc4ccc5c(n4)CCN(C(=O)CN4CCOCC4)C5)ncc3F)cc2n1C1CC1,6.8124792791635365,560.2459786400001,8,1,3.7703200000000026,True
CHEMBL5859057,CDK2,154.0,nM,Cc1nc2c(F)cc(-c3nc(Nc4ccc5c(n4)CCN(C(=O)CN4CCCCC4)C5)ncc3F)cc2n1C1CC1,6.8124792791635365,558.2667140840001,7,1,4.924020000000004,True
CHEMBL4864688,CDK2,155.0,nM,O=C(CCCOc1ccc(CC(=O)Nc2cc(C3CCC3)[nH]n2)cc1)NCCCCNc1cccc2c1C(=O)N(C1CCC(=O)NC1=O)C2=O,6.809668301829708,683.3067466520002,9,5,3.427100000000001,True
CHEMBL2011940,CDK2,155.0,nM,Nc1cccc(-c2nc3c(NCCCNC(=O)C4CCC4)c(Br)cnc3[nH]2)c1,6.809668301829708,442.1116714560001,5,4,3.6879000000000017,True
CHEMBL3668457,CDK4,155.0,nM,COc1ccc(F)cc1-c1ccnc2[nH]c(C3=CCN(CC(O)CO)CC3)cc12,6.809668301829708,397.18016984799993,5,3,2.8199000000000014,True
CHEMBL5537078,CDK2,156.4,nM,CC(C)c1cnn2c(NCc3ccc(NC(=O)C4CCOCC4)cc3)nc(NC3CCOCC3)nc12,6.80576325127617,493.28013798000006,8,3,3.815800000000002,True
CHEMBL505474,CDK2,158.0,nM,CC(C)(C)c1cnc(CSc2cnc(NC3CCCC(N)C3)s2)o1,6.801342913045577,366.154803452,7,2,4.402700000000003,True
CHEMBL4778541,CDK2,158.0,nM,CC(C)(C)c1ccc(C(=O)Nc2cn3cc(-n4ccnc4)ccc3n2)cc1.Cl.Cl,6.801342913045577,431.12796571600006,3,1,4.913400000000005,True
CHEMBL5435746,CDK6,158.01,nM,O=C(Nc1ccc(N2CCNCC2)cc1)c1n[nH]cc1Nc1cc(OC2CCCC2)ncn1,6.801315426922857,448.23352213600003,8,4,2.9266000000000005,True
CHEMBL5748011,CDK6,159.0,nM,CC(C)CN1CCOc2c(F)cc(-c3nc(Nc4ccc(N5CCOCC5)cn4)ncc3F)cc21,6.798602875679549,482.22418057600004,8,1,4.251800000000003,True
CHEMBL3641924,CDK4,159.0,nM,CC1(C)CN(c2ccc(Nc3ncc4c5ccncc5n([C@H]5CCC[C@H]5O)c4n3)nn2)CCN1,6.798602875679549,459.2495065480001,9,3,2.7871999999999995,True
CHEMBL3589661,CDK9,160.0,nM,O=C(O)c1nc2ccccc2c2[nH]c3c(Br)cccc3c12,6.795880017344075,339.98473962800006,2,2,4.330000000000002,True
CHEMBL3668468,CDK9,160.0,nM,FC1(F)CN[C@H](CNc2ccc(Cl)c(-c3ccnc4[nH]c(C5CCNCC5)cc34)n2)C1,6.795880017344075,446.1797289200001,5,4,4.1544000000000025,True
CHEMBL523923,CDK2,160.0,nM,O=C(Nc1cccnc1)Nc1c[nH]nc1-c1nc2cc(CN3CCOCC3)ccc2[nH]1,6.795880017344075,418.186571944,6,4,2.8242000000000003,True
CHEMBL5285495,CDK2,160.0,nM,C[C@@H](CO)Nc1nc(N)c(N=O)c(OCC2CCCCC2)n1,6.795880017344075,309.180089596,8,3,2.2085,True
CHEMBL458421,CDK2,160.0,nM,O=C(Nc1c[nH]nc1-c1nc2cc(CN3CCOCC3)ccc2[nH]1)Nc1c(F)cccc1F,6.795880017344075,453.1724793520001,5,4,3.7074000000000016,True
CHEMBL319171,CDK1,160.0,nM,COc1ccc2sc3c(c2c1)NCCNC3=O,6.795880017344075,248.061948624,4,2,2.0652,True
CHEMBL4874984,CDK9,160.0,nM,COc1ccc(F)cc1-c1ccnc2[nH]c(C3=CCC(C4CCN(CC(=O)O)CC4)CC3)cc12,6.795880017344075,463.22712003999993,4,2,5.357700000000005,True
CHEMBL3799935,CDK1,160.0,nM,Nc1ncc(-c2ccccc2)cc1-c1nc2ccccc2[nH]1,6.795880017344075,286.12184644800004,3,2,3.874100000000002,True
CHEMBL6036873,CDK9,160.0,nM,NC1CC2(C1)CC(C(=O)Nc1cc(-c3ccc4ncn(CC5CCOCC5)c4c3)c(Cl)cn1)C2,6.795880017344075,479.20880288,5,2,4.634300000000003,True
CHEMBL2177897,CDK9,160.0,nM,c1ccc(CNc2c(-c3ccncc3)nc3cnccn23)cc1,6.795880017344075,301.13274548000004,4,1,3.4034000000000004,True
CHEMBL496778,CDK4,160.0,nM,c1cc(-c2cnn3nc(NC4CCCC4)ccc23)nc(NC2CC2)n1,6.795880017344075,335.18584367200003,6,2,3.115100000000001,True
CHEMBL3655769,CDK2,160.0,nM,CC[C@H](Nc1nc(NC2CCC2)c2ncn(C(C)C)c2n1)[C@@H](C)O,6.795880017344075,332.23245951599995,6,3,2.942900000000002,True
CHEMBL3979266,CDK2,160.0,nM,CCS(=O)(Cc1cc(F)cc(Nc2ncc(F)c(-c3ccc(F)cc3OC)n2)c1)=NC#N,6.795880017344075,461.11333047600004,7,1,4.782080000000003,True
CHEMBL565160,CDK2,160.0,nM,CNC(=O)c1nn(C)c2c1C(C)(C)Cc1cnc(Nc3cccc(CN4CCOCC4)c3)nc1-2,6.795880017344075,461.25392323200003,7,2,2.6462000000000003,True
CHEMBL371792,CDK1,160.0,nM,COc1cccc(Oc2nc(Nc3ccc4[nH]cnc4c3)ncc2C(F)(F)F)c1,6.795880017344075,401.109959348,6,2,4.916200000000002,True
CHEMBL523735,CDK4,160.0,nM,NC(=O)c1ccc(Nc2nccc(-c3cnn4ncccc34)n2)cc1,6.795880017344075,331.118158036,6,2,2.0287999999999995,True
CHEMBL3906050,CDK9,160.0,nM,CN1Cc2c(C3=CCCN(CC(=O)N4CC(O)C4)C3)[nH]c3nccc(c23)-c2cc(F)ccc21,6.795880017344075,447.207053292,5,2,2.6110000000000015,True
CHEMBL3899896,CDK9,160.0,nM,CN1CCc2c(C3=CCN([C@H]4C[C@H](C(=O)O)C4)CC3)[nH]c3nccc(c23)-c2cc(F)ccc21,6.795880017344075,446.211804324,4,2,4.313600000000003,True
CHEMBL364172,CDK2,160.0,nM,N#C/C=C(/c1ccc2nc(N)c(C(=O)c3c(F)cccc3F)n2c1)c1c(F)cccc1F,6.795880017344075,436.094723884,4,1,4.659180000000002,True
CHEMBL2348161,CDK2,160.0,nM,Nc1nccc(-n2cc(-c3ccncc3)c3cnccc32)n1,6.795880017344075,288.112344384,5,1,2.4597000000000007,True
CHEMBL3668439,CDK9,160.0,nM,COc1ccc(F)cc1-c1ccnc2[nH]c(C3CN(C(C)=O)C3)cc12,6.795880017344075,339.13830503599996,3,1,3.3233000000000015,True
CHEMBL3648079,CDK1,160.0,nM,C[C@@H](Nc1nc(Nc2ccc(S(=O)(CC=O)=NS(=O)(=O)CC[Si](C)(C)C)cc2)ncc1Br)C(C)(C)O,6.795880017344075,619.095399818,9,3,4.247800000000004,True
CHEMBL3648081,CDK1,160.0,nM,C[C@H](O)[C@@H](C)Oc1nc(Nc2ccc(S(=O)(CCO)=NS(=O)(=O)CC[Si](C)(C)C)cc2)ncc1Br,6.795880017344075,608.079415406,9,3,3.618000000000003,True
CHEMBL3961728,CDK9,160.0,nM,CN1Cc2c(C3=CCC(N4CCC[C@H]4C(=O)O)CC3)[nH]c3nccc(c23)-c2cc(F)ccc21,6.795880017344075,446.211804324,4,2,4.803700000000004,True
CHEMBL4518287,CDK2,160.0,nM,C=CS(=O)(=O)c1ccc(Nc2nc(OCC3CCCCC3)c3nc[nH]c3n2)cc1,6.795880017344075,413.1521605960001,7,2,3.972800000000003,True
CHEMBL233152,CDK1,160.0,nM,Cc1cc(N2CCCS2(=O)=O)c2oc(-c3ccc(O)c(C#N)c3)c(O)c(=O)c2c1,6.795880017344075,412.072907232,7,2,2.5912000000000006,True
CHEMBL3967588,CDK2,160.0,nM,COc1cc(F)ccc1-c1nc(Nc2cc(Cl)cc(CS(C)(=O)=NC#N)c2)ncc1F,6.795880017344075,463.0681298720001,7,1,4.906280000000003,True
CHEMBL5200778,CDK9,160.0,nM,CC(C)n1cc(-c2ccnc3[nH]c(C4CCN(CC(F)F)CC4)cc23)ccc1=O,6.795880017344075,400.20746789199995,3,1,4.417000000000003,True
CHEMBL2012308,CDK1,160.0,nM,CC(C)n1ncc2cnc(Nc3cc(C(N)=O)n(C)c3)nc21,6.795880017344075,299.149458164,5,2,1.5881999999999998,True
CHEMBL3940661,CDK1,160.0,nM,CS(=N)(=O)c1ccc(Nc2ncc(Br)c(Nc3ccccc3)n2)cc1,6.795880017344075,417.02589323200004,6,3,4.761770000000003,True
CHEMBL5432928,CDK2,160.0,nM,O=C(O)c1cc(C(F)(F)F)ccc1NCCc1c[nH]c2cc(Br)ccc12,6.795880017344075,426.019074448,2,3,5.302000000000001,True
CHEMBL176834,CDK1,160.0,nM,CCn1cnc2c(Nc3cccc(OC)c3)nc(N[C@H]3CC[C@H](N)CC3)nc21,6.795880017344075,381.22770848400006,7,3,3.2802000000000007,True
CHEMBL3937565,CDK9,160.0,nM,CN(C)C(=O)CN1[C@H]2CC[C@@H]1C=C(c1[nH]c3nccc4c3c1CN(C)c1ccc(F)cc1-4)C2,6.795880017344075,445.22778873600004,4,1,4.027100000000003,True
CHEMBL213364,CDK4,160.0,nM,O=c1c2cccc3c2sn1CCCCOc1cccc2nc(O)c-3nc12,6.795880017344075,365.08341234000005,6,1,3.5514000000000023,True
CHEMBL2348158,CDK2,160.0,nM,Nc1nccc(-n2cc(C3=CCOCC3)c3cnccc32)n1,6.795880017344075,293.12766010000007,5,1,2.2014000000000005,True
CHEMBL5819777,CDK9,160.0,nM,O=C(Nc1cc(-c2ccc3ncn(CC4CCOCC4)c3c2)c(Cl)cn1)C1CCc2nncn2C1,6.795880017344075,491.18365075200006,6,1,3.970900000000003,True
CHEMBL5915766,CDK9,160.0,nM,NCc1ccc(CNc2cc(-c3ccc4ncn(Cc5cccc(F)c5)c4c3)c(Cl)cn2)cc1,6.795880017344075,471.16260163600003,4,2,6.0099000000000045,True
CHEMBL3663760,CDK1,160.0,nM,COc1cc(F)ccc1-c1ccnc2[nH]c(C3CCNCC3)cc12,6.795880017344075,325.15904048,3,2,3.8446000000000025,True
CHEMBL5775091,CDK1,161.0,nM,Cc1nc2c(F)cc(-c3nc(Nc4ccc5c(n4)CCN(CCS(C)(=O)=NC#N)C5)ncc3F)cc2n1C(C)C,6.79317412396815,565.218383988,9,1,4.736400000000004,True
CHEMBL3641928,CDK4,161.0,nM,C[C@@H](CO)n1c2cnccc2c2cnc(Nc3ccc(N4CCC(N(C)C)CC4)cn3)nc21,6.79317412396815,446.25425758000006,8,2,3.2018000000000013,True
CHEMBL5561839,CDK1,161.1,nM,CC(C)n1nnc2ccc(-c3ccnc(Nc4cc(C(=O)N5CCCC5)ccn4)c3)cc21,6.792904459580782,427.21205842000006,6,1,4.448800000000004,True
CHEMBL5286623,CDK1,161.2,nM,COc1ccc(Nc2nn3c(-c4ccccc4)cc(-c4ccccc4)nc3c2C(N)=O)c(OC)c1,6.792634962530928,465.180089596,6,2,4.923000000000004,True
CHEMBL3641921,CDK4,162.0,nM,O[C@@H]1CCC[C@@H]1n1c2cnccc2c2cnc(Nc3ccc(N4CCNCC4)nn3)nc21,6.790484985457369,431.2182064200002,9,3,2.0085999999999995,True
CHEMBL3641977,CDK4,162.0,nM,C[C@@H](O)Cn1c2cnccc2c2cnc(Nc3ccc(N4CC[C@@H](O)C4)nn3)nc21,6.790484985457369,406.18657194400004,9,3,1.4648999999999996,True
CHEMBL4777981,CDK4,162.0,nM,COc1ccc(F)cc1-c1c(F)cnc2[nH]c(C3=CCN([C@H]4CC[C@H](C(=O)O)CC4)CC3)cc12,6.790484985457369,467.20204816399996,4,2,5.249200000000004,True
CHEMBL5418155,CDK4,162.0,nM,Sc1nnc(-c2c[nH]c3ccccc23)n1/N=C/c1ccc(Br)cc1,6.790484985457369,396.999678484,4,2,4.359800000000002,True
CHEMBL4876497,CDK2,163.95,nM,Cc1n[nH]c2ccc(-c3cc(N[C@@H](CO)c4ccccc4)cnc3Cl)cc12,6.785288578994615,378.12473890800004,4,3,4.7322200000000025,True
CHEMBL324186,CDK2,165.0,nM,O=C(O)c1ccc(C(=O)Nc2cc(C3CC3)[nH]n2)cc1,6.782516055786093,271.095691276,3,3,2.2375999999999996,True
CHEMBL5950534,CDK1,165.0,nM,Cc1nc2c(F)cc(-c3nc(Nc4ccc5c(n4)C[C@@H](C)NC5)ncc3F)cc2n1C(C)(C)C,6.782516055786093,463.2296003040001,6,2,5.0077200000000035,True
CHEMBL319831,CDK2,166.0,nM,Nc1cccc(-c2cc(Nc3ccc(S(N)(=O)=O)cc3)[nH]n2)c1,6.779891911959945,329.0946457200001,5,4,2.0498999999999996,True
CHEMBL3641947,CDK4,166.0,nM,C[C@H](CO)n1c2cnccc2c2cnc(Nc3ccc(N4CC[C@@H](O)C4)nn3)nc21,6.779891911959945,406.18657194400004,9,3,1.6373999999999995,True
CHEMBL5557384,CDK2,166.8,nM,CC(C)N1CCN(C(=O)c2ccnc(Nc3cc(-c4ccc5nnn(C(C)C)c5c4)ccn3)c2)CC1,6.77780395369828,484.2699076440001,7,1,4.379000000000004,True
CHEMBL4463716,CDK2,167.0,nM,C#CCN(C)CCN1CCc2nc(Nc3ncc(F)c(-c4cc(F)c5nc(C)n(C(C)C)c5c4)n3)ccc2C1,6.777283528852417,530.2717994640001,7,1,4.722520000000004,True
CHEMBL5591731,CDK2,167.0,nM,N#Cc1cnc(NC2CCN(S(=O)(=O)c3ccccn3)CC2)nc1-c1cnn(CC(F)(F)F)c1,6.777283528852417,492.1303775080001,8,1,2.43428,True
CHEMBL3673434,CDK2,168.0,nM,COc1cc(F)ccc1-c1ccnc(NC(=O)[C@H]2CCC[C@@H](NC(C)=O)C2)c1,6.774690718274137,385.180169848,4,2,3.529700000000002,True
CHEMBL495754,CDK2,168.0,nM,CC(C)(C)c1cnc(CSc2cnc(NCC3CCCCC3)s2)o1,6.774690718274137,365.15955448399995,6,1,5.713100000000005,True
CHEMBL5592046,CDK9,168.05,nM,CC(C)S(=O)(=O)c1ccccc1Nc1nc([C@H]2CC[C@H](N3CCCCC3)CC2)ncc1Cl,6.774561483194503,476.2012749760001,6,1,5.567800000000005,True
CHEMBL4761833,CDK9,168.8,nM,CC(C)N1c2cc(Nc3nccc(-c4cccc(NC5CCCCC5)c4)n3)ccc2N(C)C(=O)[C@H]1C,6.772627557710363,484.295059772,6,2,6.211500000000005,True
CHEMBL4742169,CDK2,168.9,nM,CC(C)N1c2cc(Nc3nccc(-c4cncc5ccccc45)n3)ccc2N(C)C(=O)[C@H]1C,6.772370350428991,438.216809452,6,1,5.015100000000004,True
CHEMBL2403097,CDK1,169.0,nM,NC1CCC(Nc2nc(NCc3ccc(-c4ccsc4)nc3)c3ncn(C4CCCC4)c3n2)CC1,6.772113295386326,488.2470640240001,8,3,5.358800000000004,True
CHEMBL189657,CDK2,169.0,nM,CCn1c(-c2nonc2N)nc2cnccc21,6.772113295386326,230.09160894,6,1,1.0834,True
CHEMBL3642652,CDK2,170.0,nM,CC(C)(C)c1cc(NCc2ccncc2)n2ncc(Br)c2n1,6.769551078621726,359.07455767600004,4,1,3.796400000000003,True
CHEMBL8817,CDK2,170.0,nM,CN1CC[C@@H](c2c(O)cc(O)c3c(=O)cc(-c4ccccc4Cl)oc23)[C@@H](O)C1,6.769551078621726,401.10300041999994,6,3,3.3046000000000015,True
CHEMBL3663783,CDK9,170.0,nM,Clc1ccc(NCC2CCCNC2)nc1-c1ccnc2[nH]c(C3CCNCC3)cc12,6.769551078621726,424.21422260800006,5,4,4.156800000000002,True
CHEMBL3980578,CDK9,170.0,nM,CN1Cc2c(C3=C[C@H]4CC[C@@H](C3)N4CC(=O)O)[nH]c3nccc(c23)-c2cc(F)ccc21,6.769551078621726,418.180504196,4,2,4.023500000000002,True
CHEMBL404747,CDK2,170.0,nM,O=C(Cc1ccccc1)Nc1n[nH]c2ccc(N3CCCC3=O)cc12,6.769551078621726,334.142975816,3,2,2.8709000000000007,True
CHEMBL272387,CDK1,170.0,nM,NS(=O)(=O)c1ccc(N/N=C2\C(=O)Nc3ccc(S(N)(=O)=O)cc32)cc1,6.769551078621726,395.035810516,7,4,-0.2502999999999991,True
CHEMBL5975700,CDK9,170.0,nM,Cn1nnc2cc(CN3CCc4ccc(-c5cc(NC(=O)C6CCCNC6)ncc5Cl)cc43)ccc21,6.769551078621726,501.20438619600003,6,2,4.1845000000000026,True
CHEMBL3641959,CDK4,170.0,nM,C[C@H]1CN(c2ccc(Nc3ncc4c5ccncc5n([C@H]5CCC[C@@H]5O)c4n3)nc2)CCN1,6.769551078621726,444.238607516,8,3,3.0021000000000004,True
CHEMBL272380,CDK1,170.0,nM,NS(=O)(=O)c1ccc(N/N=C2\C(=O)Nc3cccc(/C=C/c4ccc(O)cc4)c32)cc1,6.769551078621726,434.10487605599997,6,4,2.9783000000000017,True
CHEMBL445813,CDK6,170.0,nM,O=C(NC1CCNCC1)c1n[nH]cc1NC(=O)c1c(Cl)cccc1Cl,6.769551078621726,381.075930144,4,4,2.4505999999999997,True
CHEMBL3673497,CDK9,170.0,nM,CS(=O)(=O)N1CC=C(c2cc3c(-c4cccc(NCc5c(F)cccc5F)n4)ccnc3[nH]2)CC1,6.769551078621726,495.1540524160001,5,2,4.563900000000003,True
CHEMBL192126,CDK2,170.0,nM,C[C@@H](C(=O)Nc1cc(C2CC2)[nH]n1)c1ccc(N2Cc3ccccc3C2=O)cc1,6.769551078621726,386.174275944,3,2,4.189700000000003,True
CHEMBL5960660,CDK9,170.0,nM,Fc1cccc(Cn2cnc3ccc(-c4cc(NC5CCCC5)ncc4Cl)cc32)c1,6.769551078621726,420.15170260400004,3,1,6.293600000000003,True
CHEMBL225519,CDK1,170.0,nM,O=C1NCCc2[nH]c(-c3ccncc3)cc21,6.769551078621726,213.090211972,2,2,1.3626,True
CHEMBL3959283,CDK2,170.0,nM,CCS(=O)(Cc1cccc(Nc2ncc(F)c(-c3ccc(F)cc3OC)n2)c1)=NC#N,6.769551078621726,443.1227522880001,7,1,4.642980000000003,True
CHEMBL4747227,CDK9,170.0,nM,CC(=O)N[C@@H]1CCC[C@H](C(=O)Nc2cc(-c3cnn4c3CC(C)(C)C4O)c(Cl)cn2)C1,6.769551078621726,445.188067436,5,3,3.3051000000000013,True
CHEMBL3897217,CDK2,170.0,nM,COc1cc(F)ccc1-c1nc(Nc2cc(F)c(F)c(CS(C)(=N)=O)c2)ncc1F,6.769551078621726,440.093009632,6,2,4.628770000000003,True
CHEMBL6011420,CDK9,170.0,nM,CC(Cc1ccncc1)Nc1cc(-c2ccc3ncn(Cc4cccc(F)c4)c3c2)c(Cl)cn1,6.769551078621726,471.16260163600003,4,1,6.377200000000005,True
CHEMBL385070,CDK4,170.0,nM,O=C1c2cccc(-c3nc4ccccc4nc3O)c2CN1C1CCCC1,6.769551078621726,345.14772684800005,4,1,3.900800000000002,True
CHEMBL3648080,CDK1,170.0,nM,C[C@H](O)[C@@H](C)Nc1nc(Nc2ccc(S(=O)(CC=O)=NS(=O)(=O)CC[Si](C)(C)C)cc2)ncc1Br,6.769551078621726,605.079749754,9,3,3.857700000000003,True
CHEMBL3892477,CDK9,170.0,nM,CN1Cc2c(C3=CCCN(CC(=O)O)CC3)[nH]c3nccc(c23)-c2cc(F)ccc21,6.769551078621726,406.180504196,4,2,3.882600000000002,True
CHEMBL5914516,CDK9,170.0,nM,CC1(O)CCC(Cn2nnc3ccc(-c4cc(NC(=O)[C@@H]5CCCNC5)ncc4Cl)cc32)CC1,6.769551078621726,482.21970191200006,6,3,4.0260000000000025,True
CHEMBL1964256,CDK1,170.0,nM,CNS(=O)(=O)Cc1ccc(N/C=C2\C(=O)Nc3ccc4ncsc4c32)cc1,6.769551078621726,400.066382372,6,3,2.7506000000000004,True
CHEMBL3668548,CDK9,172.0,nM,COc1ccc(F)cc1-c1c(C#N)cnc2[nH]c(C3=CCN(CC(=O)N4CCC[C@H]4CO)CC3)cc12,6.764471553092451,489.217617976,6,2,3.3216800000000024,True
CHEMBL5875685,CDK6,173.0,nM,CCN1CCN(Cc2ccc(Nc3ncc(F)c(-c4cc(F)c5c(c4)N(C4CCC(N)CC4)CCO5)n3)nc2)CC1,6.761953896871205,564.3136642760002,9,2,4.1666000000000025,True
CHEMBL5542666,CDK2,173.4,nM,CCC(=O)Nc1ccc(CNc2nc(N[C@@H](CC)CO)nc3c(C(C)C)cnn23)cc1,6.760950906859808,425.2539232320001,7,4,3.3911000000000016,True
CHEMBL5076627,CDK6,174.0,nM,CCN(CC)c1cnc2ccc(-c3nc(Nc4ccc(C(=O)N5CCN(C(C)C)CC5)cn4)ncc3F)cc2n1,6.7594507517174005,543.2870349280001,9,1,4.376900000000004,True
CHEMBL3702039,CDK4,174.0,nM,NC1CCN(c2nc(Nc3ncc4c5ccncc5n(C5CCCC5)c4n3)ns2)CC1,6.7594507517174005,435.1953628000001,9,2,3.617200000000002,True
CHEMBL4776271,CDK2,174.0,nM,C=CC(=O)NC1CCN(C(=O)N2CCCC(Nc3ncc(SCc4ncc(C(C)(C)C)o4)s3)C2)CC1,6.7594507517174005,532.2290310120001,8,2,4.483800000000004,True
CHEMBL5556871,CDK2,174.7,nM,CCC(=O)Nc1ccc(CNc2nc(NC3CCCNC3)nc3c(C(C)C)cnn23)cc1,6.75770709501707,436.26990764400006,7,4,3.372200000000002,True
CHEMBL5085896,CDK6,175.0,nM,O=C(c1ccc(Nc2ncc(F)c(-c3ccc4ncc(N5CCOCC5)nc4c3)n2)nc1)N1CCNCC1,6.756961951313706,515.2193492920002,10,2,2.2464999999999993,True
CHEMBL3641960,CDK4,175.0,nM,CC1(C)CN(c2ccc(Nc3ncc4c5ccncc5n([C@H]5CCC[C@@H]5O)c4n3)nc2)CCN1,6.756961951313706,458.25425758000006,8,3,3.3922000000000008,True
CHEMBL5558477,CDK2,175.7,nM,CC[C@@H](CO)Nc1nc(NCc2ccc(NC(=O)C3(F)CC3)cc2)n2ncc(C(C)C)c2n1,6.755228238504705,455.24450142000006,7,4,3.483200000000002,True
CHEMBL3641910,CDK6,176.0,nM,C[C@H]1CN(c2ccc(Nc3ncc4c5ccncc5n(CCCO)c4n3)nc2)CCN1,6.75448733218585,418.222957452,8,3,2.2985999999999995,True
CHEMBL3641914,CDK4,177.0,nM,CN(C)C1CCN(c2ccc(Nc3ncc4c5ccncc5n([C@H]5CCC[C@H]5O)c4n3)nn2)CC1,6.752026733638194,473.26515661200006,9,2,3.1294000000000013,True
CHEMBL3702143,CDK4,177.0,nM,O=C(O)Cc1ccc(Nc2ncc3c4ccncc4n(C4CCCC4)c3n2)nc1,6.752026733638194,388.16477388000004,6,2,3.8603000000000023,True
CHEMBL3702140,CDK6,178.0,nM,O=C(O)Cc1ccc(-n2c3cnccc3c3cnc(Nc4ccc(N5CCNCC5)cn4)cc32)cc1,6.7495799976911055,479.2069730400001,7,3,3.7490000000000023,True
CHEMBL5774515,CDK1,178.0,nM,Cc1nc2c(F)cc(-c3nc(Nc4ccc5c(n4)CCN(C(=O)OCCN(C)C)C5)ncc3F)cc2n1C1CC1,6.7495799976911055,548.2459786400001,8,1,4.609720000000004,True
CHEMBL4215126,CDK6,178.0,nM,CCN1CCN(Cc2ccc(Nc3ncc(F)c(-c4cc(F)c5nc6n(c5c4)C(C)CC6)n3)nc2C)CC1,6.7495799976911055,518.2717994640001,7,1,4.863220000000004,True
CHEMBL2103840,CDK9,178.0,nM,CCc1cnn2c(NCc3ccc[n+]([O-])c3)cc(N3CCCC[C@H]3CCO)nc12,6.7495799976911055,396.227374136,6,2,2.2785000000000006,True
CHEMBL233224,CDK1,180.0,nM,CN1CCN(CCc2ccc(Nc3ncc(Cl)c(-c4c[nH]c5ccccc45)n3)cc2)CC1,6.7447274948966935,446.19857254400006,5,2,4.8118000000000025,True
CHEMBL5824837,CDK9,180.0,nM,CS(=O)(=O)N1CCC2(CC1)CC(Nc1cc(-c3ccc4ncn(CC5CCOCC5)c4c3)c(Cl)cn1)C2,6.7447274948966935,543.2070886280001,6,1,4.794400000000004,True
CHEMBL2029909,CDK1,180.0,nM,CN1CCN(C(=O)c2cc(Nc3ncc4cc(-c5cnn(C)c5)n(C5CCCC5)c4n3)cn2C)CC1,6.7447274948966935,487.2808066760001,6,1,3.4166000000000025,True
CHEMBL5911629,CDK9,180.0,nM,O=C1CC(C(=O)Nc2cc(-c3ccc4ncn(CC5CCOCC5)c4c3)c(Cl)cn2)C1,6.7447274948966935,438.145868276,5,1,4.095900000000004,True
CHEMBL3944411,CDK9,180.0,nM,CNC(=O)N1CCC=C(c2[nH]c3nccc4c3c2CN(C)c2ccc(F)cc2-4)C1,6.7447274948966935,391.180838544,3,2,3.7473000000000027,True
CHEMBL455468,CDK1,180.0,nM,Cc1ncc(-c2ccnc(Nc3ccc(C(=O)NC4CCN(C)CC4)cc3)n2)n1C(C)C,6.7447274948966935,433.2590086120001,6,2,3.7970200000000025,True
CHEMBL3981911,CDK2,180.0,nM,COc1cc(F)ccc1-c1nc(Nc2cc(Cl)cc(CS(C)(=N)=O)c2)ncc1F,6.7447274948966935,438.0728809040001,6,2,5.0039700000000025,True
CHEMBL254269,CDK2,180.0,nM,CNCCN(C)C(=O)c1cc(Sc2cnc(Nc3cccc(Br)n3)s2)ccc1C,6.7447274948966935,491.04491442399996,7,2,4.795220000000004,True
CHEMBL5566672,CDK9,180.0,nM,COc1ccc(Nc2c(-c3ccoc3)nc3cnccn23)cc1,6.7447274948966935,306.111675688,5,1,3.741500000000001,True
CHEMBL3920469,CDK9,180.0,nM,CN1Cc2c(C3=CCCN(CC(=O)N4CC(O)C4)CC3)[nH]c3nccc(c23)-c2cc(F)ccc21,6.7447274948966935,461.222703356,5,2,3.001100000000001,True
CHEMBL3905910,CDK2,180.0,nM,CN1CC[C@@H](c2c(O)cc(O)c3c(=O)cc(-c4ccc(C(F)(F)F)cc4Cl)oc23)[C@@H]1CO,6.7447274948966935,469.090385048,6,3,4.323400000000003,True
CHEMBL3905335,CDK2,180.0,nM,COc1cc(F)ccc1-c1nc(Nc2cc(CS(C)(=N)=O)cc(C(F)(F)F)c2)ncc1F,6.7447274948966935,472.09923788400005,6,2,5.369370000000003,True
CHEMBL6038192,CDK9,180.0,nM,COC(=O)c1ccc(Cn2nnc3ccc(-c4cc(NC(=O)[C@@H]5CCCNC5)ncc4Cl)cc32)cc1,6.7447274948966935,504.16766634000004,7,2,3.9197000000000024,True
CHEMBL233149,CDK2,180.0,nM,N=C1NC(=O)/C(=C/c2ccc(-c3ccc(S(N)(=O)=O)cc3)o2)S1,6.7447274948966935,349.019097832,6,3,1.7326700000000002,True
CHEMBL193643,CDK2,180.0,nM,Nc1nc(Nc2ccc(S(N)(=O)=O)cc2)ccc1C(=O)c1c(F)cccc1F,6.7447274948966935,404.07546774799994,6,3,2.564,True
CHEMBL282330,CDK1,180.0,nM,CCOc1ccc(CNc2nc(C#CC(C)(O)CC)nc3c2ncn3C(C)C)cc1,6.7447274948966935,407.23212516800004,6,2,3.930500000000003,True
CHEMBL559301,CDK2,180.0,nM,Nc1nc(O)c(Cc2nn3c(COc4ccc(Cl)cc4)nnc3s2)s1,6.7447274948966935,394.0073432720001,9,2,2.753300000000001,True
CHEMBL126077,CDK1,180.0,nM,O=Nc1c(-c2c(O)[nH]c3ccccc23)[nH]c2ccccc12,6.7447274948966935,277.085126592,3,3,4.4197000000000015,True
CHEMBL3668356,CDK9,180.0,nM,CN1CCCC(c2cc3c(-c4cccc(NCc5ccccc5)n4)c(Cl)cnc3[nH]2)C1,6.7447274948966935,431.18767351200006,4,2,5.699600000000005,True
CHEMBL134239,CDK1,180.0,nM,CC(C)n1cnc2c(NCc3ccccc3)nc(C#CC3(O)CCCCC3)nc21,6.7447274948966935,389.221560484,5,2,4.0660000000000025,True
CHEMBL3668379,CDK9,180.0,nM,Nc1ccc(Cl)c(-c2ccnc3[nH]c(C4CCNCC4)cc23)n1,6.7447274948966935,327.125073256,4,3,3.3275000000000015,True
CHEMBL4776271,CDK9,182.0,nM,C=CC(=O)NC1CCN(C(=O)N2CCCC(Nc3ncc(SCc4ncc(C(C)(C)C)o4)s3)C2)CC1,6.739928612014925,532.2290310120001,8,2,4.483800000000004,True
CHEMBL4789072,CDK9,182.9,nM,Cc1c(N)cccc1-c1ccnc(Nc2ccc3c(c2)N(C(C)C)[C@H](C)C(=O)N3C)n1,6.737786294523583,416.232459516,6,2,4.357520000000003,True
CHEMBL5759958,CDK1,183.0,nM,Cc1nc2c(F)cc(-c3nc(Nc4ccc5c(n4)CCN(C(=O)CN(C)C)C5)ncc3F)cc2n1C1CCCC1,6.73754891026957,546.2667140840001,7,1,4.779920000000004,True
CHEMBL2403087,CDK1,183.0,nM,NC1CCC(Nc2nc(NCc3ccc(-c4ccsc4)cc3)c3ncn(C4CCCC4)c3n2)CC1,6.73754891026957,487.2518150560001,7,3,5.963800000000005,True
CHEMBL2403090,CDK1,184.0,nM,NC1CCC(Nc2nc(NCc3ccc(-c4ccccc4)nc3)c3ncn(C4CCCC4)c3n2)CC1,6.735182176990463,482.2906430880001,7,3,5.297300000000004,True
CHEMBL5631610,CDK6,184.0,nM,N#Cc1c(-c2ccc(Cl)cc2Cl)cc(-c2c[nH]c3ccccc23)[nH]c1=O,6.735182176990463,379.027917332,2,2,5.368680000000002,True
CHEMBL3641949,CDK4,184.0,nM,CN(C)C1CCN(c2ccc(Nc3ncc4c5ccncc5n([C@@H]5CCOC5)c4n3)nn2)CC1,6.735182176990463,459.24950654800006,9,1,3.004900000000002,True
CHEMBL5571625,CDK9,184.0,nM,COc1ccccc1-c1ccnc(Nc2ccc3c(c2)CC(=O)C(C(C)=O)C3C)n1,6.735182176990463,401.17394159599996,6,1,4.3297000000000025,True
CHEMBL4793573,CDK2,185.0,nM,C=CC(=O)NC1CCC(C(=O)N2CCCC(Nc3ncc(SCc4ncc(C(C)(C)C)o4)s3)C2)CC1,6.732828271596986,531.233782044,8,2,4.984800000000004,True
CHEMBL1081831,CDK2,185.0,nM,N[C@H](CNc1ncc(-c2ccc3c(c2)CC(=O)N3)s1)Cc1ccc(C(F)(F)F)cc1,6.732828271596986,432.123166888,5,3,4.305400000000002,True
CHEMBL3972676,CDK2,187.0,nM,CN1CCN(C(=O)c2ccc(Nc3ncc4cc5n(c4n3)C3(CCCC3)CNC5=O)nc2)CC1,6.7281583934635005,460.23352213600003,7,2,1.9701999999999995,True
CHEMBL3639904,CDK4,187.0,nM,CN(C)C(=O)c1cc2cnc(Nc3ccc(C(=O)C45C[C@H]6C[C@H](O)C[C@@H](C4)N65)cn3)nc2n1C1CCCC1,6.7281583934635005,515.264487916,8,2,3.3096000000000014,True
CHEMBL5942169,CDK6,187.0,nM,CC(C)N1CCc2c(cccc2Nc2ncc(F)c(-c3cc(F)c4c(c3)N(C(C)C)CCO4)n2)C1,6.7281583934635005,479.24966705200006,6,1,5.539100000000006,True
CHEMBL3691549,CDK4,187.0,nM,CN(C)C(=O)c1cc2cnc(Nc3ccc(C(=O)N4CC5CCC(C4)C5(C)O)cn3)nc2n1C1CCCCCC1,6.7281583934635005,545.3114381080001,7,2,4.400000000000004,True
CHEMBL2011934,CDK2,187.0,nM,COc1ccc(-c2nc3c(NCCCN(C)C(=O)C4CCC4)c(Br)cnc3[nH]2)cc1,6.7281583934635005,471.12698717200004,5,2,4.456500000000004,True
CHEMBL5512555,CDK2,187.6,nM,CC(=O)N1CCC(C(=O)Nc2ccc(CNc3nc(NC4CCOCC4)nc4c(C(C)C)cnn34)cc2)CC1,6.726767165956955,534.3066870760001,8,3,3.647700000000002,True
CHEMBL1823630,CDK2,190.0,nM,N[C@H](CNc1nnc(-c2ccc3c(c2)CC(=O)N3)s1)Cc1ccc(C(F)(F)F)cc1,6.721246399047171,433.118415856,6,3,3.700400000000002,True
CHEMBL3691651,CDK4,190.0,nM,CN(C)C(=O)c1cc2cnc(Nc3ccc(N4CCC5(CCCN5C(=O)OC(C)(C)C)C4=O)cn3)nc2n1C1CCCC1,6.721246399047171,588.3172517600001,8,1,4.893200000000005,True
CHEMBL16171,CDK9,190.0,nM,COc1c(O)cc(O)c2c(=O)cc(-c3ccccc3)oc12,6.721246399047171,284.068473484,5,2,2.8798000000000004,True
CHEMBL5284748,CDK2,190.0,nM,NC[C@@H](CNc1cncc(-c2ccc3[nH]nc(NC(=O)c4ccccc4)c3c2)c1)c1ccccc1,6.721246399047171,462.21680945199995,5,4,5.031600000000004,True
CHEMBL4161364,CDK2,190.0,nM,N=c1[nH]c(=O)[nH]c2c1cnn2-c1ccc(S(N)(=O)=O)cc1,6.721246399047171,306.05350918,5,4,-0.8312299999999999,True
CHEMBL5901552,CDK9,190.0,nM,O=C(Nc1cc(-c2ccc3ncn(CC4CCOCC4)c3c2)c(Cl)cn1)c1cn[nH]c1,6.721246399047171,436.14145159200007,5,2,4.153700000000002,True
CHEMBL292864,CDK2,190.0,nM,O=C1Nc2ccc(Br)cc2/C1=C/c1[nH]cc2c1CCOC2=O,6.721246399047171,357.995304312,3,2,2.982800000000001,True
CHEMBL3702042,CDK4,190.0,nM,CN(C)C1CCN(c2nc(Nc3ncc4c5ccncc5n(C5CCCC5)c4n3)ns2)CC1,6.721246399047171,463.2266629280001,9,1,4.220100000000003,True
CHEMBL392775,CDK2,190.0,nM,Cc1cc(N2CCCS2(=O)=O)c2oc(-c3ccc(O)c(Cl)c3)c(O)c(=O)c2c1,6.721246399047171,421.03868591199995,6,2,3.3729200000000024,True
CHEMBL5759958,CDK2,193.0,nM,Cc1nc2c(F)cc(-c3nc(Nc4ccc5c(n4)CCN(C(=O)CN(C)C)C5)ncc3F)cc2n1C1CCCC1,6.714442690992226,546.2667140840001,7,1,4.779920000000004,True
CHEMBL5415967,CDK2,193.21,nM,O=C(Nc1ccc(N2CCNCC2)cc1)c1n[nH]cc1Nc1cc(C2CC2)ncn1,6.71397039949181,404.20730738800006,7,4,2.4825999999999997,True
CHEMBL6164890,CDK6,195.0,nM,CC(=O)N1CCC2(CC1)CC(=O)c1ccc(-c3nc(Nc4ccc(C(=O)N5CCN(C(=O)C6CC6)CC5)cn4)ncc3F)cc1O2,6.709965388637482,627.2605454080001,9,1,3.4620000000000024,True
CHEMBL5591731,CDK1,195.0,nM,N#Cc1cnc(NC2CCN(S(=O)(=O)c3ccccn3)CC2)nc1-c1cnn(CC(F)(F)F)c1,6.709965388637482,492.1303775080001,8,1,2.43428,True
CHEMBL4741061,CDK9,195.8,nM,Cc1cccc(-c2ccnc(Nc3ccc4c(c3)N(C(C)C)[C@H](C)C(=O)N4C)n2)c1,6.708187312532881,401.22156048400007,5,1,4.775320000000004,True
CHEMBL6142344,CDK1,196.0,nM,Cc1ccc(O)c(C)c1-n1c(N)c(C(N)=O)c2c(=O)n(CC3CC3)c(C)nc21,6.707743928643524,381.1800895960001,5,3,1.9091599999999997,True
CHEMBL5411462,CDK6,198.0,nM,COc1ccc(/C=N/n2c(S)nnc2-c2c[nH]c3ccccc23)cc1OC,6.703334809738469,379.110295784,6,2,3.6145000000000014,True
CHEMBL1080892,CDK2,198.0,nM,Cc1n[nH]c2ccc(-c3nnc(NC[C@@H](N)Cc4ccccc4C(F)(F)F)s3)cc12,6.703334809738469,432.134400268,6,3,4.390520000000002,True
CHEMBL6163690,CDK6,198.0,nM,CCN1CCN(C(=O)c2ccc(Nc3ncc(F)c(-c4ccc5c(c4)OC4(CCN(C(C)=O)CC4)CC5=O)n3)nc2)CC1,6.703334809738469,587.2656307880001,9,1,3.545300000000003,True
CHEMBL5088816,CDK6,199.0,nM,O=C(c1ccc(Nc2ncc(F)c(-c3ccc4nccnc4c3)n2)nc1)N1CCNCC1,6.701146923590294,430.16658544800015,8,2,2.4098999999999995,True
CHEMBL5869281,CDK1,199.0,nM,Cc1nc2c(F)cc(-c3nc(Nc4ccc5c(n4)CCN(C[C@H]4CN(C)CCO4)C5)ncc3F)cc2n1C(C)(C)C,6.701146923590294,562.2980142120001,8,1,4.662220000000004,True
CHEMBL2036792,CDK4,199.0,nM,CNc1ncc2c(-c3ccc(N4CCNCC4)cc3)nn(CC3CCC(N)CC3)c2n1,6.701146923590294,420.274993024,7,3,2.4620999999999995,True
CHEMBL1922123,CDK2,200.0,nM,CC[C@@H](Nc1nc(NCc2cccnc2)c2ncn(C(C)C)c2n1)C(C)(C)O,6.698970004336019,383.243358548,7,3,3.3757000000000024,True
CHEMBL322019,CDK4,200.0,nM,C#CCN(c1ccnc(Nc2ccc(OCC(O)CN(C)C)cc2)n1)c1cc(Cl)ccc1Cl,6.698970004336019,485.13853040000004,7,2,4.599600000000004,True
CHEMBL5401951,CDK6,200.0,nM,COc1cc(/C=N/n2c(S)nnc2-c2c[nH]c3ccccc23)cc(OC)c1OC,6.698970004336019,409.120860468,7,2,3.6231000000000018,True
CHEMBL430703,CDK2,200.0,nM,CC(C)c1cc(NC(=O)c2ccc(Br)cc2)n[nH]1,6.698970004336019,307.0320241680001,2,2,3.547900000000002,True
CHEMBL2029910,CDK1,200.0,nM,CN1CCN(C(=O)c2cc(Nc3ncc4cc(-c5cncn5C)n(C5CCCC5)c4n3)cn2C)CC1,6.698970004336019,487.2808066760001,6,1,3.4166000000000025,True
CHEMBL5744442,CDK6,200.0,nM,CC(C)CN1CCOc2c(F)cc(-c3nc(Nc4ccc(N5CCC(O)CC5)cn4)ncc3F)cc21,6.698970004336019,496.23983064000004,8,2,4.376300000000003,True
CHEMBL3663805,CDK9,200.0,nM,Clc1ccc(NCC2CCOCC2)nc1-c1ccnc2[nH]c(C3CCNC3)cc12,6.698970004336019,411.18258813200003,5,3,4.193700000000002,True
CHEMBL564076,CDK1,200.0,nM,C[C@@H]1CNc2c(sc3ccc4nc(-c5ccccc5)ccc4c23)C(=O)N1,6.698970004336019,359.109233164,4,2,4.660300000000004,True
CHEMBL84436,CDK2,200.0,nM,CC(C)n1cnc2c(NCc3ccccc3)nc(NC[C@@H](C)O)nc21,6.698970004336019,340.20115938799995,6,3,2.8120000000000007,True
CHEMBL3937866,CDK2,200.0,nM,COc1cc(F)ccc1-c1nc(Nc2cc(CS(C)(=O)=NC#N)cc(C(F)(F)F)c2)ncc1F,6.698970004336019,497.09448685200005,7,1,5.271680000000003,True
CHEMBL5170524,CDK1,200.0,nM,COc1cc(C(=O)N2CCCC2)ccc1-c1ccnc2[nH]c(C3CCNCC3)cc12,6.698970004336019,404.22122613600004,4,2,3.9415000000000022,True
CHEMBL5907969,CDK9,200.0,nM,Cc1nnc(Cn2cnc3ccc(-c4cc(NC(=O)[C@@H]5CCCNC5)ncc4Cl)cc32)[nH]1,6.698970004336019,450.1683350360001,6,3,3.16462,True
CHEMBL254170,CDK1,200.0,nM,CS(=O)(=O)c1ccc(CC(=O)Nc2n[nH]c3ccc(N4CCCS4(=O)=O)cc23)cc1,6.698970004336019,448.08751173999997,6,2,1.6875000000000002,True
CHEMBL319373,CDK1,200.0,nM,COc1cc2c(cc1OC)-c1[nH]c3ccc(Br)cc3c1CC(=O)N2,6.698970004336019,386.02660444,3,2,4.109200000000002,True
CHEMBL5778745,CDK9,200.0,nM,COc1cc2nnn(Cc3cccc(F)c3)c2cc1-c1cc(NC(=O)[C@@H]2CCCNC2)ncc1Cl,6.698970004336019,494.16332990800004,6,2,4.280800000000003,True
CHEMBL3966259,CDK9,200.0,nM,CNC(=O)N1[C@H]2CC[C@@H]1C=C(c1[nH]c3nccc4c3c1CN(C)c1ccc(F)cc1-4)C2,6.698970004336019,417.19648860800004,3,2,4.278300000000003,True
CHEMBL5940542,CDK9,200.0,nM,O=C(Nc1cc(-c2ccc3c(c2)N(Cc2nc4ccccc4[nH]2)CC3)c(Cl)cn1)C1CCCNC1,6.698970004336019,486.1934871640001,5,3,4.779100000000003,True
CHEMBL603097,CDK1,200.0,nM,COc1ccc2nc3[nH]nc(C)c3c(OC)c2c1,6.698970004336019,243.100776656,4,1,2.43672,True
CHEMBL510566,CDK2,200.0,nM,C[C@@H]1CNC[C@@H](C(=O)Nc2ncc(SCc3ncc(C(C)(C)C)o3)s2)C1,6.698970004336019,394.149718072,7,2,3.905000000000003,True
CHEMBL5859695,CDK9,200.0,nM,CS(=O)(=O)Nc1ccc(CN2CCc3ccc(-c4cc(NC(=O)C5CCCNC5)ncc4Cl)cc32)cc1,6.698970004336019,539.1757885000001,6,3,4.274300000000003,True
CHEMBL1800459,CDK2,200.0,nM,Nc1nc(-c2cc(N3C[C@H](O)[C@@H](O)C3)ccc2O)cc(C2CCNCC2)n1,6.698970004336019,371.1957396600001,8,5,0.4401999999999993,True
CHEMBL286491,CDK1,200.0,nM,CCC(C)(O)C#Cc1nc(NCc2ccc3c(c2)OCO3)c2ncn(C(C)C)c2n1,6.698970004336019,407.1957396600001,7,2,3.2605000000000013,True
CHEMBL3648086,CDK1,200.0,nM,CCOC(=O)N=S(=O)(CC)c1ccc(Nc2ncc(Br)c(N[C@@H](COC)[C@H](C)O)n2)cc1,6.698970004336019,529.099452096,9,3,3.793700000000002,True
CHEMBL478409,CDK4,200.0,nM,COCCNS(=O)(=O)c1ccc(Nc2nccc(-c3cnc(C)n3C(C)C)n2)cc1,6.698970004336019,430.1787096920001,7,2,2.8977200000000005,True
CHEMBL402910,CDK2,200.0,nM,CCN(CC)c1ccc2[nH]nc(NC(=O)Cc3ccccc3)c2c1,6.698970004336019,322.179361324,3,2,3.590300000000002,True
CHEMBL1207227,CDK4,200.0,nM,O=C1C(c2c(O)[nH]c3ccc(S(=O)(=O)O)cc23)=Nc2ccccc21,6.698970004336019,342.03104242,5,3,2.4373000000000005,True
CHEMBL280623,CDK1,200.0,nM,CCOc1ccc(Nc2nc(C#CC(C)(O)CC)nc3c2ncn3C(C)C)cc1,6.698970004336019,393.21647510400004,6,2,4.062000000000003,True
CHEMBL331906,CDK1,200.0,nM,Oc1cccc(-c2[nH]nc3ncnc(Nc4cccc(Cl)c4)c23)c1,6.698970004336019,337.073037684,5,3,4.122500000000002,True
CHEMBL103115,CDK1,200.0,nM,NS(=O)(=O)c1ccc(Nc2cc(-c3ccc(O)c(F)c3)n[nH]2)cc1,6.698970004336019,348.0692394960001,5,4,2.3124000000000002,True
CHEMBL2035046,CDK2,200.0,nM,C1=C/COCc2cncc(c2)-c2ccnc(n2)Nc2cccc(c2)COC/1,6.698970004336019,360.15862588,6,1,3.885200000000002,True
CHEMBL23317,CDK1,200.0,nM,CCC(C)(O)C#Cc1nc(Nc2ccc(OC)cc2)c2ncn(C(C)C)c2n1,6.698970004336019,379.2008250400001,6,2,3.6719000000000026,True
CHEMBL134080,CDK1,200.0,nM,CC(C)n1cnc2c(NCc3ccccc3)nc(C#CCCCO)nc21,6.698970004336019,349.190260356,5,2,3.143300000000002,True
CHEMBL6050764,CDK9,200.0,nM,CS(=O)(=O)CCn1nnc2ccc(-c3cc(NC(=O)[C@@H]4CCCNC4)ncc3Cl)cc21,6.698970004336019,462.12408727600007,7,2,2.1293999999999995,True
CHEMBL26513,CDK1,200.0,nM,CCC(C)(O)C#Cc1nc(Nc2ccc(Cl)c(Cl)c2)c2ncn(C(C)C)c2n1,6.698970004336019,417.11231565200006,5,2,4.970100000000004,True
CHEMBL26564,CDK1,200.0,nM,CCC(C)(O)C#Cc1nc(NCc2ccccc2)c2ncn(C(C)C)c2n1,6.698970004336019,363.20591042000007,5,2,3.5318000000000023,True
CHEMBL3648097,CDK1,200.0,nM,CCOc1nc(Nc2ccc(S(=N)(=O)CC)cc2)ncc1Br,6.698970004336019,384.025558884,6,2,3.8069700000000024,True
CHEMBL272946,CDK1,200.0,nM,O=C1NC(=O)c2c1c(-c1ccccc1Cl)cc1[nH]c3cc(CCCCN4CCCC4)c(O)cc3c21,6.698970004336019,487.166269372,4,3,5.649200000000005,True
CHEMBL388956,CDK1,200.0,nM,COc1c(O)cc2c3c(cc4ccc(O)cc4c13)NC2=O,6.698970004336019,281.068807832,4,3,2.9785000000000004,True
CHEMBL5892230,CDK9,200.0,nM,O=C(Cn1ccc2ncc(-c3cc(NC(=O)[C@@H]4CCCNC4)ncc3Cl)cc21)c1cccc(F)c1,6.698970004336019,491.15243087600004,5,2,4.711800000000004,True
CHEMBL496779,CDK4,200.0,nM,C=Cc1ccc2c(-c3ccnc(NC4CC4)n3)cnn2n1,6.698970004336019,278.127994448,5,1,2.4036,True
CHEMBL5899518,CDK9,200.0,nM,Cn1cnc2ccc(-c3ccnc(NC(=O)[C@@H]4CCCNC4)c3)cc21,6.698970004336019,335.174610292,4,2,2.5734000000000004,True
CHEMBL1964258,CDK1,200.0,nM,O=C1Nc2ccc3ncsc3c2/C1=C/Nc1ccc(CS(=O)(=O)NCCO)cc1,6.698970004336019,430.07694705599994,7,4,2.1131,True
CHEMBL5570663,CDK1,201.0,nM,Cn1cc(S(=O)(=O)N2CCC(Nc3ncc(C(F)(F)F)c(-c4cnn(CC(F)(F)F)c4)n3)CC2)cn1,6.696803942579511,538.1334122000001,7,1,2.919900000000001,True
CHEMBL3668551,CDK9,201.0,nM,CNC(=O)N1CC2C=C(c3cc4c(-c5cc(F)ccc5OC)c(F)cnc4[nH]3)CC2C1,6.696803942579511,424.17108238400004,3,2,4.191200000000003,True
CHEMBL3895782,CDK2,202.0,nM,O=C1NCC2(CCCCC2)n2c1cc1cnc(Nc3ccc(C(=O)N4CCN(C5CCC5)CC4)cn3)nc12,6.694648630553376,514.2804723280001,7,2,3.2830000000000013,True
CHEMBL2403085,CDK1,202.0,nM,NC1CCC(Nc2nc(NCc3ccc(-c4ccoc4)cc3)c3ncn(C4CCCC4)c3n2)CC1,6.694648630553376,471.2746586760001,7,3,5.495300000000004,True
CHEMBL3702115,CDK4,203.0,nM,Fc1nccc2c3cnc(Nc4ccc(CN5CCNCC5)cn4)nc3n(C3CCCC3)c12,6.692503962086787,446.2342710840001,7,2,3.7775000000000025,True
CHEMBL5090931,CDK6,204.0,nM,Cc1nc2ccc(-c3nc(Nc4ccc(N5CCNCC5)cn4)ncc3F)cc2nc1C,6.690369832574101,430.20297095600006,8,2,3.3909400000000014,True
CHEMBL312018,CDK2,204.0,nM,O=C1Nc2ccc(F)c3ccc(-c4ccc[nH]4)c1c23,6.690369832574101,252.069891128,1,2,3.5397000000000016,True
CHEMBL5555560,CDK2,206.7,nM,CCC(=O)Nc1ccc(CNc2nc(NC(CO)CO)nc3c(C(C)C)cnn23)cc1,6.684659523372712,427.23318778800007,8,5,1.9733999999999996,True
CHEMBL5774696,CDK2,207.0,nM,Cc1nc2c(F)cc(-c3nc(Nc4ccc5c(n4)CCN(C[C@H](C)N)C5)ncc3F)cc2n1C1CC1,6.684029654543082,490.2404993360001,7,2,4.258720000000002,True
CHEMBL5964675,CDK1,208.0,nM,Cc1nc2c(F)cc(-c3nc(Nc4ccc5c(n4)CCN(C[C@H]4CNCCO4)C5)ncc3F)cc2n1C(C)(C)C,6.681936665037238,548.2823641480002,8,2,4.320020000000003,True
CHEMBL5897984,CDK1,208.0,nM,Cc1nc2c(F)cc(-c3nc(Nc4ccc5c(n4)CCN(C[C@H]4CNCCO4)C5)ncc3F)cc2n1C(C)C,6.681936665037238,534.2667140840001,8,2,4.145920000000003,True
CHEMBL5558178,CDK6,208.9,nM,CC(C)n1nnc2ccc(-c3ccnc(Nc4cc(C(=O)N5CCCN(C)CC5)ccn4)c3)cc21,6.680061560019691,470.25425758000006,7,1,3.9905000000000035,True
CHEMBL5976517,CDK1,209.0,nM,Cc1nc2c(F)cc(-c3nc(Nc4ccc5c(n4)CCN(CC#CCN(C)C)C5)ncc3F)cc2n1C(C)C,6.679853713888946,530.2717994640001,7,1,4.722520000000004,True
CHEMBL445813,CDK1,210.0,nM,O=C(NC1CCNCC1)c1n[nH]cc1NC(=O)c1c(Cl)cccc1Cl,6.6777807052660805,381.075930144,4,4,2.4505999999999997,True
CHEMBL72461,CDK2,210.0,nM,Cc1nc2ccccn2c1-c1ccnc(Nc2ccccc2)n1,6.6777807052660805,301.13274548000004,4,1,3.843320000000002,True
CHEMBL2158859,CDK1,210.0,nM,CNC(=O)Nc1ccc(-c2cc(-c3ccnc(Nc4cccc(S(=O)(=O)NC)c4)n3)ccn2)cc1,6.6777807052660805,489.1583085960001,7,4,3.608600000000002,True
CHEMBL5862699,CDK9,210.0,nM,O=C(Nc1cc(-c2ccc3c(c2)N(Cc2cncnc2)CC3)c(Cl)cn1)C1CCCNC1,6.6777807052660805,448.1778371000001,6,2,3.692800000000002,True
CHEMBL3085238,CDK1,210.0,nM,COc1ccc(CNc2nc(N3CCC[C@@H]3CO)nc3c2ncn3C(C)C)cc1,6.6777807052660805,396.22737413600004,7,2,2.9890000000000017,True
CHEMBL257831,CDK4,210.0,nM,CN(C)c1ccc(CC(=O)Nc2n[nH]c3ccc(N4CCCS4(=O)=O)cc23)cc1,6.6777807052660805,413.152160596,5,2,2.3500000000000005,True
CHEMBL260103,CDK1,210.0,nM,COc1ccc2c(c1)/C(=N/Nc1ccc(S(N)(=O)=O)cc1)C(=O)N2,6.6777807052660805,346.07357592799997,6,3,1.1108999999999998,True
CHEMBL5962065,CDK9,210.0,nM,O=C(Nc1cc(-c2ccc3c(c2)N(Cc2cnc4c(c2)OCCO4)CC3)c(Cl)cn1)C1CCCNC1,6.6777807052660805,505.188067436,7,2,4.069000000000003,True
CHEMBL6011730,CDK9,210.0,nM,O=C(Nc1cc(-c2ccc3c(c2)N(CC(=O)N2CCOCC2)CC3)c(Cl)cn1)C1CCCNC1,6.6777807052660805,483.20371750000004,6,2,2.5614,True
CHEMBL457888,CDK4,210.0,nM,Cc1ncc(-c2ccnc(Nc3ccc(S(=O)(=O)CCCN4CCOCC4)cc3)n2)n1C(C)C,6.6777807052660805,484.22565988400004,8,1,3.469020000000002,True
CHEMBL3905910,CDK6,210.0,nM,CN1CC[C@@H](c2c(O)cc(O)c3c(=O)cc(-c4ccc(C(F)(F)F)cc4Cl)oc23)[C@@H]1CO,6.6777807052660805,469.090385048,6,3,4.323400000000003,True
CHEMBL3589673,CDK9,210.0,nM,COc1ccc2nc(C(=O)O)c3c4cccc(Cl)c4[nH]c3c2c1,6.6777807052660805,326.04581989200005,3,2,4.229500000000002,True
CHEMBL6165726,CDK1,211.0,nM,Cc1ccc(O)c(C)c1-n1c(N)c(C(N)=O)c2c(=O)n(CC#N)c(C)nc21,6.675717544702307,366.1440384360001,6,3,1.0227399999999998,True
CHEMBL3641922,CDK4,211.0,nM,C[C@H]1CN(c2ccc(Nc3ncc4c5ccncc5n([C@H]5CCC[C@H]5O)c4n3)nn2)CCN1,6.675717544702307,445.23385648400006,9,3,2.397099999999999,True
CHEMBL6014795,CDK2,212.0,nM,Cc1nc2c(F)cc(-c3nc(Nc4ccc5c(n4)CCN(C(=O)C4CCCN4)C5)ncc3F)cc2n1C1CC1,6.673664139071248,530.2354139560001,7,2,4.190120000000003,True
CHEMBL6038282,CDK2,212.0,nM,Cc1nc2c(F)cc(-c3nc(Nc4ccc5c(n4)CCN(C(=O)[C@@H]4CCCN4)C5)ncc3F)cc2n1C1CC1,6.673664139071248,530.2354139560001,7,2,4.190120000000003,True
CHEMBL1568996,CDK9,214.0,nM,CCCCNc1nc(N)nc(-c2cc(Cl)ccc2O)n1,6.669586226650809,293.104337812,6,3,2.6918,True
CHEMBL609040,CDK1,214.0,nM,O=C1Nc2cc3c(O)cccc3c3c4c(cc1c23)OCO4,6.669586226650809,279.053157768,4,2,2.993000000000001,True
CHEMBL365046,CDK2,214.0,nM,Nc1nc2ccc(C(=O)c3c(F)cccc3F)cn2c1C(=S)c1ccccc1,6.669586226650809,393.074739476,4,1,4.192000000000002,True
CHEMBL5555057,CDK2,214.4,nM,CC(=O)Nc1ccc(CNc2nc(NC3CCCNC3)nc3c(C(C)C)cnn23)cc1,6.668775218979268,422.25425758000006,7,4,2.982100000000001,True
CHEMBL5778621,CDK9,215.0,nM,CC(=O)N[C@H]1CCC[C@H](C(=O)Nc2cc(-c3cnn4c3CCCC4)c(Cl)cn2)C1,6.667561540084394,415.177502752,4,2,3.568200000000002,True
CHEMBL2403098,CDK1,215.0,nM,OC1CCC(Nc2nc(NCc3ccc(-c4ccco4)nc3)c3ncn(C4CCCC4)c3n2)CC1,6.667561540084394,473.2539232320001,8,3,4.923900000000004,True
CHEMBL3641943,CDK4,216.0,nM,C[C@H](CO)n1c2cnccc2c2cnc(Nc3ccc(N4CCC(N(C)C)CC4)nn3)nc21,6.665546248849069,447.2495065480001,9,2,2.5968,True
CHEMBL3698678,CDK6,218.0,nM,Oc1cc2c3cnc(Nc4ccc(N5CCNCC5)cn4)nc3n(C3CCCC3)c2cn1,6.661543506395395,430.22295745200006,8,3,3.3484000000000016,True
CHEMBL3641946,CDK4,218.0,nM,C[C@H](CO)n1c2cnccc2c2cnc(Nc3ccc(N4CCNC(C)(C)C4)nn3)nc21,6.661543506395395,433.2338564840001,9,3,2.2546,True
CHEMBL5413586,CDK9,219.0,nM,O=C(Cn1cc(Br)c(=O)n(CC(=O)Nc2ccc(Br)cn2)c1=O)Nc1ccc(Br)cn1,6.6595558851598815,613.8548391960001,6,2,2.3649000000000004,True
CHEMBL3641950,CDK4,219.0,nM,O[C@@H]1CCN(c2ccc(Nc3ncc4c5ccncc5n([C@@H]5CCOC5)c4n3)nn2)C1,6.6595558851598815,418.18657194400004,9,2,2.0454999999999997,True
CHEMBL5744310,CDK9,220.0,nM,O=C(Nc1cc(-c2cc(F)c3ncn(CC4CCOCC4)c3c2)c(Cl)cn1)[C@@H]1CCCNC1,6.657577319177793,471.18373100400004,5,2,4.255500000000003,True
CHEMBL482211,CDK2,220.0,nM,CC[C@H](CO)Nc1nc(NCc2ccccc2)c2ncc(C(C)C)n2n1,6.657577319177793,354.21680945200006,6,3,3.042600000000001,True
CHEMBL3953160,CDK2,220.0,nM,COc1cc(F)ccc1-c1nc(Nc2cc(C)cc(CS(C)(=O)=NC#N)c2)ncc1F,6.657577319177793,443.1227522880001,7,1,4.561300000000003,True
CHEMBL6049394,CDK9,220.0,nM,N[C@H]1CC[C@H](Nc2cc(-c3ccc4ncn(Cc5cccc(F)c5)c4c3)c(Cl)cn2)CC1,6.657577319177793,449.17825170000003,4,2,5.620900000000004,True
CHEMBL412097,CDK1,220.0,nM,C/C(Nc1ccc(S(N)(=O)=O)cc1)=C1/C(=O)Nc2ccc(Cl)cc21,6.657577319177793,363.044439988,4,3,2.7826000000000013,True
CHEMBL5784717,CDK9,220.0,nM,O=C(Nc1cc(-c2ccc3ncn(CC4CCOCC4)c3c2)c(Cl)cn1)[C@@H]1C[C@H]2CN[C@@H]1C2,6.657577319177793,465.193152816,5,2,4.114800000000003,True
CHEMBL1922120,CDK2,220.0,nM,CCC(O)[C@@H](CC)Nc1nc(NCc2cccnc2)c2ncn(C(C)C)c2n1,6.657577319177793,383.24335854800006,7,3,3.375700000000002,True
CHEMBL1800458,CDK1,220.0,nM,Nc1nc(-c2cc(N3C[C@H](O)[C@@H](O)C3)ccc2O)cc(C2CCCNC2)n1,6.657577319177793,371.1957396600001,8,5,0.4401999999999993,True
CHEMBL3962241,CDK2,220.0,nM,COc1cc(F)ccc1-c1nc(Nc2cc(F)cc(CS(C)(=N)=O)c2)ncc1F,6.657577319177793,422.10243144400005,6,2,4.489670000000003,True
CHEMBL322568,CDK1,220.0,nM,CSc1ccc(Nc2nc(N)c(N=O)c(OCC3CCCCC3)n2)cc1,6.657577319177793,373.157245976,8,2,4.881300000000003,True
CHEMBL4077967,CDK2,220.0,nM,CN(C)Cc1ccc2ccc(Cl)c(C3=C(c4cn(C)c5ccccc45)C(=O)NC3=O)c2c1,6.657577319177793,443.14005462399996,3,1,4.613700000000004,True
CHEMBL5419652,CDK2,220.0,nM,N#Cc1ccc(Nc2nccc(C(=O)Nc3cnccc3-c3ccc(F)cc3)n2)cc1,6.657577319177793,410.12913732000004,6,2,4.545280000000003,True
CHEMBL1080583,CDK1,220.0,nM,CCC(CO)Nc1nc(Nc2cccc(-c3ccccn3)c2)c2ncn(C(C)C)c2n1,6.657577319177793,417.2277084840001,7,3,4.395600000000003,True
CHEMBL5842602,CDK9,220.0,nM,O=C(Nc1cc(-c2ccc3ncn(CC4CCOCC4)c3c2)c(Cl)cn1)C1CCc2nccn2C1,6.657577319177793,490.18840178400006,5,1,4.575900000000003,True
CHEMBL418203,CDK2,220.0,nM,CN1CCC(c2c(O)cc(O)c3c(=O)cc(-c4ccccc4Cl)oc23)[C@@H](O)C1,6.657577319177793,401.10300041999994,6,3,3.3046000000000015,True
CHEMBL3944304,CDK2,220.0,nM,COc1cc(F)ccc1-c1nc(Nc2cccc(CS(=O)(=NC#N)C3CC3)c2)ncc1F,6.657577319177793,455.1227522880001,7,1,4.785480000000003,True
CHEMBL563366,CDK2,220.0,nM,CNC(=O)c1nn(C)c2c1C(C)(C)Cc1cnc(Nc3cccc(N(C)C)c3)nc1-2,6.657577319177793,405.22770848400006,6,2,2.8800000000000017,True
CHEMBL102636,CDK2,220.0,nM,COc1ccc(Nc2nc(N)c(N=O)c(OCC3CCCCC3)n2)cc1,6.657577319177793,357.180089596,8,2,4.168000000000003,True
CHEMBL5932825,CDK1,222.0,nM,Cc1nc2c(F)cc(-c3nc(Nc4ccc5c(n4)CCN(C(=O)CN(C)C)C5)ncc3F)cc2n1C1CC1,6.653647025549361,518.2354139560001,7,1,3.9997200000000026,True
CHEMBL5093661,CDK9,222.0,nM,Cc1nc2ccc(-c3cc(N)nc(N)c3)nc2n1CCOc1cccc(Cl)n1,6.653647025549361,395.126135876,7,2,3.0935200000000016,True
CHEMBL6007400,CDK9,223.0,nM,Cc1nc2c(F)cc(-c3nc(Nc4ccc5c(n4)CCN(C[C@@H](C)N(C)C)C5)ncc3F)cc2n1C1CC1,6.651695136951839,518.2717994640001,7,1,4.861620000000004,True
CHEMBL1230170,CDK4,223.0,nM,CC(C)c1n[nH]c(Cl)c1-c1ccnc(Nc2ccc(N3CCNCC3)cn2)n1,6.651695136951839,398.1734204160001,7,3,3.191700000000001,True
CHEMBL112442,CDK2,224.0,nM,CCCC(=O)Nc1cc(C2CC2)[nH]n1,6.649751981665837,193.1215121,2,2,2.0257,True
CHEMBL5562769,CDK1,225.0,nM,CNCc1ccc(-n2cc(-c3nc(NC4CCN(S(C)(=O)=O)CC4)ncc3C#N)cn2)c(Cl)c1,6.647817481888637,500.15097072000003,8,2,2.4096800000000007,True
CHEMBL5439029,CDK4,227.0,nM,Oc1ccc(/C=N/n2c(S)nnc2-c2c[nH]c3ccccc23)cc1,6.6439741428068775,335.08408103600004,5,3,3.302900000000001,True
CHEMBL3641945,CDK4,227.0,nM,C[C@H](CO)n1c2cnccc2c2cnc(Nc3ccc(N4CCN[C@@H](C)C4)nn3)nc21,6.6439741428068775,419.2182064200001,9,3,1.8644999999999992,True
CHEMBL524629,CDK2,229.0,nM,CC(C)(C)c1cnc(CSc2cnc(NCC3CCNCC3)s2)o1,6.6401645176601125,366.154803452,7,2,4.132400000000002,True
CHEMBL5848341,CDK9,230.0,nM,CC(c1cccnc1)n1nnc2ccc(-c3cc(NC(=O)[C@@H]4CCCNC4)ncc3Cl)cc21,6.638272163982407,461.17308606800003,6,2,4.089100000000003,True
CHEMBL422759,CDK1,230.0,nM,CCC(C)(O)C#Cc1nc(NCc2ccc(OC)cc2)c2ncn(C(C)C)c2n1,6.638272163982407,393.2164751040001,6,2,3.5404000000000027,True
CHEMBL6023787,CDK9,230.0,nM,CN(C)S(=O)(=O)NCC(=O)Nc1cc(-c2ccc3ncn(CC4CCOCC4)c3c2)c(Cl)cn1,6.638272163982407,506.15030202400004,6,2,2.5128000000000004,True
CHEMBL5978806,CDK9,230.0,nM,NC(=O)C1(C(=O)Nc2cc(-c3ccc4ncn(Cc5cccc(F)c5)c4c3)c(Cl)cn2)CC1,6.638272163982407,463.12113074800004,4,2,4.143100000000003,True
CHEMBL3972845,CDK9,230.0,nM,CN1c2ccc(F)cc2-c2ccnc3[nH]c(C4=CCNCC4)c(c23)C1c1cnn(C)c1,6.638272163982407,414.19682295600006,4,2,4.018400000000002,True
CHEMBL2035049,CDK2,230.0,nM,C1=C/Cn2ccc3ccc(cc32)-c2ccnc(n2)Nc2ccc(OCCN3CCCC3)c(c2)COC/1,6.638272163982407,481.247775232,6,1,5.402900000000005,True
CHEMBL175143,CDK1,230.0,nM,CCn1cnc2c(Nc3cccc(OC)c3)nc(N[C@@H]3CCCC[C@@H]3N)nc21,6.638272163982407,381.22770848400006,7,3,3.2802000000000007,True
CHEMBL133342,CDK9,230.0,nM,CC[C@@H](CO)Nc1nc(NCc2ccccc2)c2ncn(C(C)C)c2n1,6.638272163982407,354.216809452,6,3,3.2021000000000015,True
CHEMBL14762,CDK9,230.0,nM,CC[C@H](CO)Nc1nc(NCc2ccccc2)c2ncn(C(C)C)c2n1,6.638272163982407,354.216809452,6,3,3.2021000000000015,True
CHEMBL516003,CDK2,230.0,nM,O=C(Nc1ccccc1F)Nc1c[nH]nc1-c1nc2cc(CN3CCOCC3)ccc2[nH]1,6.638272163982407,435.181901164,5,4,3.5683000000000016,True
CHEMBL291324,CDK4,230.0,nM,Nc1nc(N)c(N=O)c(=O)[nH]1,6.638272163982407,155.0443244,6,3,-0.6678000000000004,True
CHEMBL365847,CDK2,230.0,nM,CC(=O)c1c(C)c2cnc(Nc3ccc(N4CCNCC4)cc3)nc2n(C2CCCC2)c1=O,6.638272163982407,446.24302420000004,7,2,3.570820000000002,True
CHEMBL496162,CDK2,230.0,nM,CC(C)Oc1ccc2c(-c3ccnc(Nc4ccc(N5CCN(C)CC5)cc4)n3)cnn2n1,6.638272163982407,444.2386075160001,8,1,3.4689000000000023,True
CHEMBL272026,CDK1,230.0,nM,NS(=O)(=O)c1ccc(N/N=C2\C(=O)Nc3ccc(C(=O)NCCCn4ccnc4)cc32)cc1,6.638272163982407,467.1375731520001,7,4,1.1189000000000002,True
CHEMBL3914748,CDK9,230.0,nM,CN1Cc2c(C3=CCN(C(=O)OC(C)(C)C)CC3)[nH]c3nccc(c23)-c2cc(F)ccc21,6.638272163982407,434.211804324,4,1,5.343000000000005,True
CHEMBL102636,CDK1,230.0,nM,COc1ccc(Nc2nc(N)c(N=O)c(OCC3CCCCC3)n2)cc1,6.638272163982407,357.180089596,8,2,4.168000000000003,True
CHEMBL251796,CDK2,230.0,nM,Cc1ccc(Sc2cnc(Nc3cccc(Br)n3)s2)cc1C(=O)N1CCN(C(=O)[C@@H](C)N)CC1,6.638272163982407,560.0663781400001,8,2,4.1354200000000025,True
CHEMBL5175160,CDK2,230.0,nM,CNS(=O)(=O)c1ccc(Nc2ncc3c(n2)N([C@H]2CCC[C@@H]2C)C(=O)C32CC2)cc1,6.638272163982407,427.16781066,6,2,2.695100000000001,True
CHEMBL519715,CDK2,230.0,nM,COc1cc(Nc2ncc3c(C)nc(-c4ccccc4)n3n2)cc(OC)c1OC,6.638272163982407,391.164439532,7,1,3.8691200000000023,True
CHEMBL2158862,CDK1,230.0,nM,CNC(=O)Nc1ccc(-c2cc(-c3ccnc(Nc4ccc(C)c(S(=O)(=O)NC)c4)n3)ccn2)cc1,6.638272163982407,503.1739586600001,7,4,3.9170200000000026,True
CHEMBL5785822,CDK9,230.0,nM,CS(=O)(=O)c1ccc(CN2CCc3ccc(-c4cc(NC(=O)C5CCCNC5)ncc4Cl)cc32)cc1F,6.638272163982407,542.155467656,6,2,4.445400000000003,True
CHEMBL4208875,CDK1,230.7,nM,CCN1CCC(Oc2cnc(Nc3cc(-c4cc(F)c5nc(C)n(C(C)C)c5c4)ncn3)cn2)CC1,6.636952405478906,490.26048583200014,8,1,4.918420000000004,True
CHEMBL4756595,CDK2,231.0,nM,COc1cc(F)ccc1-c1cc(Nc2cc(CS(C)(=N)=O)ccn2)ncc1F,6.636388020107855,404.1118532560001,6,2,4.350570000000003,True
CHEMBL6038282,CDK1,232.0,nM,Cc1nc2c(F)cc(-c3nc(Nc4ccc5c(n4)CCN(C(=O)[C@@H]4CCCN4)C5)ncc3F)cc2n1C1CC1,6.634512015109101,530.2354139560001,7,2,4.190120000000003,True
CHEMBL2402952,CDK1,232.0,nM,NC1CCC(Nc2nc(NCc3ccc(-c4ccccc4)cc3)c3ncn(C4CCCC4)c3n2)CC1,6.634512015109101,481.2953941200001,6,3,5.902300000000005,True
CHEMBL4449998,CDK2,232.0,nM,Cc1nc2c(F)cc(-c3nc(Nc4ccc5c(n4)CCN(CCN(C)C)C5)ncc3F)cc2n1CC1CC1,6.634512015109101,518.2717994640001,7,1,4.548220000000004,True
CHEMBL3822583,CDK2,232.0,nM,CC(=O)N1CCC(n2ncc(Nc3ncc(Cl)c(-c4cnc5ccccn45)n3)c2C)CC1,6.634512015109101,450.1683350360001,6,1,3.8766200000000026,True
CHEMBL5202522,CDK2,233.0,nM,Nc1nc(N[C@H]2CC3CCC2C3)sc1C(=O)c1ccccc1[N+](=O)[O-],6.632644078973981,358.10996143599994,7,2,3.4650000000000025,True
CHEMBL3702163,CDK4,233.0,nM,COc1ccc(-c2ccc(Nc3ncc4c5ccncc5n(C5CCCC5)c4n3)nn2)cn1,6.632644078973981,438.1916573240001,8,1,4.698800000000004,True
CHEMBL5396524,CDK6,235.0,nM,Sc1nnc(-c2c[nH]c3ccccc23)n1/N=C/c1ccc(Cl)cc1,6.628932137728263,353.050194064,4,2,4.250700000000002,True
CHEMBL6141840,CDK2,235.5,nM,COCCN1CCC(c2cc3c(-c4cnn(CC5CC5)c4)c(Cl)cnc3[nH]2)CC1,6.6280090885350855,413.19823819600003,4,1,4.315600000000003,True
CHEMBL477038,CDK2,237.0,nM,Cn1cc(C2=C(c3coc4cc(CO)ccc34)C(=O)NC2=O)c2cc(F)ccc21,6.625251653989896,390.10158518000003,4,2,3.123100000000001,True
CHEMBL3698677,CDK4,237.0,nM,COc1cc2c3cnc(Nc4ccc(N5CCNCC5)cn4)nc3n(C3CCCC3)c2cn1,6.625251653989896,444.2386075160001,8,2,3.6514000000000024,True
CHEMBL3641954,CDK4,238.0,nM,O[C@@H]1CCN(c2ccc(Nc3ncc4c5ccncc5n([C@H]5CCOC5)c4n3)nc2)C1,6.623423042943488,417.19132297600004,8,2,2.650500000000001,True
CHEMBL5407116,CDK2,239.7,nM,S=C(Nc1ccccc1)N1CCN(c2nnc(Cc3ccccc3)c3ccccc23)CC1,6.620331965966346,439.1830668,4,1,4.739600000000004,True
CHEMBL3900733,CDK9,240.0,nM,CN1Cc2c(C3=CCCN(CC(=O)O)C3)[nH]c3nccc(c23)-c2cc(F)ccc21,6.619788758288394,392.164854132,4,2,3.4925000000000015,True
CHEMBL225519,CDK2,240.0,nM,O=C1NCCc2[nH]c(-c3ccncc3)cc21,6.619788758288394,213.090211972,2,2,1.3626,True
CHEMBL5170195,CDK2,240.0,nM,COc1cc(F)ccc1-c1ccnc2[nH]c(-c3ccc(CN4CCOCC4)cc3)cc12,6.619788758288394,417.18525522799996,4,1,4.876800000000005,True
CHEMBL3673495,CDK9,240.0,nM,Fc1cccc(-c2ccnc3[nH]c(C4=CCNCC4)cc23)n1,6.619788758288394,294.12807470000007,3,2,3.1407000000000007,True
CHEMBL100309,CDK1,240.0,nM,O=C1Cc2c([nH]c3ccc(C(F)(F)F)cc23)-c2cc(Br)ccc2N1,6.619788758288394,393.99285970000005,1,2,5.110800000000001,True
CHEMBL3960348,CDK2,240.0,nM,COc1cc(F)ccc1-c1nc(Nc2cccc(CS(C)(=O)=NC#N)c2)ncc1F,6.619788758288394,429.1071022240001,7,1,4.252880000000002,True
CHEMBL5856464,CDK9,240.0,nM,N[C@H]1CC[C@H](Nc2cc(-c3ccc4c(c3)N(Cc3cccc(F)c3)CC4)c(Cl)cn2)CC1,6.619788758288394,450.19865279600003,4,2,5.785600000000004,True
CHEMBL5414905,CDK9,240.0,nM,CCc1cnn2c(NCc3nc4ccc(F)c(F)c4[nH]3)cc(N3CCCC[C@H]3CCO)nc12,6.619788758288394,455.22451492400006,6,3,3.799600000000003,True
CHEMBL103055,CDK1,240.0,nM,CCN1CCOCCn2cc(c3ccccc32)C2=C(C(=O)NC2=O)c2cn(c3ccccc23)CCOCC1,6.619788758288394,512.242355504,5,1,3.531900000000002,True
CHEMBL2029902,CDK1,240.0,nM,CN1CCN(C(=O)c2cc(Nc3ncc4ccn(C5CCCC5)c4n3)cn2C)CC1,6.619788758288394,407.24335854800006,5,1,3.0161000000000016,True
CHEMBL3641968,CDK4,240.0,nM,C[C@H](O)Cn1c2cnccc2c2cnc(Nc3ccc(N4CCC(N(C)C)CC4)nn3)nc21,6.619788758288394,447.2495065480001,9,2,2.4243000000000006,True
CHEMBL5773394,CDK9,240.0,nM,Fc1cccc(Cn2cnc3ccc(-c4cc(NCCC5CCN5)ncc4Cl)cc32)c1,6.619788758288394,435.1626016360001,4,2,5.103000000000003,True
CHEMBL3774632,CDK9,240.0,nM,CC(O)CNc1nc(NCc2ccc(-c3ccccn3)cc2)c2[nH]nc(C(C)C)c2n1,6.619788758288394,417.2277084840001,7,4,3.943100000000003,True
CHEMBL5812991,CDK1,242.0,nM,CN1CCN(C(=O)c2ccc(Nc3ncc4cc5n(c4n3)C3(CCCCC3)C(=O)NN5)cc2)CC1,6.616184634019569,474.24917220000003,7,3,2.6786000000000003,True
CHEMBL3683258,CDK6,242.6,nM,CN[C@@H]1CC2OC([C@@H]1OC)n1c3ccccc3c3c4c(c5c6ccccc6n2c5c31)C(=O)NC4,6.615109203469446,452.184840628,4,2,4.179900000000003,True
CHEMBL4214566,CDK6,244.1,nM,CCN1CCN(Cc2ccc(Nc3ncc(F)c(-c4cc(F)c5nc6n(c5c4)CCC6)n3)nc2)CC1,6.612432220582811,490.2404993360001,7,1,3.993800000000002,True
CHEMBL5594512,CDK9,246.8,nM,CC(C)S(=O)(=O)c1ccccc1Nc1nc([C@@H]2CCC[C@H](N)C2)ncc1Cl,6.607654844638796,408.1386747200001,6,2,4.040600000000002,True
CHEMBL482368,CDK2,247.0,nM,COc1cc(-c2ccc3c(-c4nc5c(N6CCN(C)CC6)cccc5[nH]4)n[nH]c3c2)ccc1N,6.607303046740334,453.2277084840001,6,3,4.115800000000002,True
CHEMBL5574741,CDK1,247.0,nM,Cn1cnc(S(=O)(=O)N2CCC(Nc3ncc(C#N)c(-c4cnn(CC(F)(F)F)c4)n3)CC2)c1,6.607303046740334,495.1412765400001,8,1,1.772779999999999,True
CHEMBL210581,CDK2,247.0,nM,COCCOCC(=O)NS(=O)(=O)c1ccc(Nc2nc(N)n(C(=O)c3c(F)cccc3F)n2)cc1,6.607303046740334,510.1133098000001,10,3,1.0384999999999998,True
CHEMBL4204961,CDK6,247.8,nM,CCN1CCN(Cc2ccc(Nc3ncc(F)c(-c4cc(F)c5nc6n(c5c4)CCCCC6)n3)nc2)CC1,6.605898697959955,518.2717994640001,7,1,4.774000000000004,True
CHEMBL560839,CDK2,248.0,nM,CNC(=O)c1nn(C)c2c1C(C)(C)Cc1cnc(Nc3cccc(N4CCOCC4)c3)nc1-2,6.605548319173783,447.23827316800003,7,2,2.6506000000000007,True
CHEMBL195831,CDK1,248.0,nM,Brc1cnc(Nc2ccc(Oc3cccnc3)cc2)nc1Nc1ccc2[nH]cnc2c1,6.605548319173783,473.0599702320001,7,3,5.789900000000003,True
CHEMBL3702230,CDK4,248.0,nM,CC[C@H](C)n1c2cnccc2c2cnc(Nc3ccc(N4CCNCC4)cn3)nc21,6.605548319173783,402.2280428320001,7,2,3.4987000000000013,True
CHEMBL5828906,CDK2,249.0,nM,Cc1nc2c(F)cc(-c3nc(Nc4ccc5c(n4)CCN(C[C@@H](C)N)C5)ncc3F)cc2n1C1CC1,6.603800652904264,490.2404993360001,7,2,4.258720000000002,True
CHEMBL517744,CDK1,250.0,nM,CN(C)CC(O)Cn1c2ccc(O)cc2c2c3c(c(-c4ccccc4Cl)cc21)C(=O)NC3=O,6.6020599913279625,463.12988386399996,5,3,3.6266000000000016,True
CHEMBL529669,CDK1,250.0,nM,O=C1NC(=O)c2c1c(-c1ccccc1Cl)cc1c2c2cc(O)ccc2n1CCN1CCOCC1,6.6020599913279625,475.12988386399996,5,2,4.036300000000003,True
CHEMBL401746,CDK1,250.0,nM,CN(C)CCCCc1cc2[nH]c3cc(-c4ccccc4Cl)c4c(c3c2cc1O)C(=O)NC4=O,6.6020599913279625,461.15061930799993,4,3,5.115000000000005,True
CHEMBL304428,CDK1,250.0,nM,O=C1NC(=O)c2c1c1c3ccccc3n3c1c1c2c2ccccc2n1C1CCC3O1,6.6020599913279625,393.11134134,3,1,4.607200000000002,True
CHEMBL3673496,CDK9,250.0,nM,CS(=O)(=O)N1CC=C(c2cc3c(-c4cccc(F)n4)ccnc3[nH]2)CC1,6.6020599913279625,372.1056250040001,4,1,2.8127000000000004,True
CHEMBL232749,CDK2,250.0,nM,Cc1cc(N2CCCS2(=O)=O)c2oc(-c3ccc(O)cc3)c(O)c(=O)c2c1,6.6020599913279625,387.077658264,6,2,2.719520000000001,True
CHEMBL1081831,CDK1,250.0,nM,N[C@H](CNc1ncc(-c2ccc3c(c2)CC(=O)N3)s1)Cc1ccc(C(F)(F)F)cc1,6.6020599913279625,432.123166888,5,3,4.305400000000002,True
CHEMBL562194,CDK1,250.0,nM,C[C@@H]1CNc2c(sc3ccc4oc(-c5ccccc5)cc4c23)C(=O)N1,6.6020599913279625,348.093248752,4,2,4.858300000000003,True
CHEMBL206659,CDK2,250.0,nM,CS(=O)(=O)c1ccc(Nc2cc(N[C@H]3CC[C@H](N)CC3)nc3ncnn23)cc1,6.6020599913279625,401.1633939760001,8,3,1.9531999999999998,True
CHEMBL173737,CDK1,250.0,nM,CCn1cnc2c(Nc3cccc(F)c3)nc(N[C@@H]3CCCC[C@@H]3N)nc21,6.6020599913279625,369.207721988,6,3,3.410700000000001,True
CHEMBL5406341,CDK2,250.0,nM,Cn1cc(CCNc2ccc([N+](=O)[O-])cc2C(=O)O)c2ccc(Br)cc21,6.6020599913279625,417.03241809200006,4,2,4.201800000000002,True
CHEMBL271715,CDK1,250.0,nM,O=C1NC(=O)c2c1c(-c1ccccc1Cl)cc1c2c2cc(O)c(OCCCN3CCOCC3)cc2n1CCO,6.6020599913279625,549.1666632959999,7,3,3.7975000000000025,True
CHEMBL5956453,CDK9,250.0,nM,O=C(Nc1cc(-c2cc3c(cc2Cl)ncn3CC2CCOCC2)c(Cl)cn1)[C@@H]1CCCNC1,6.6020599913279625,487.15418046400004,5,2,4.769800000000004,True
CHEMBL411490,CDK1,250.0,nM,Cc1ccc2c(c1Cl)/C(=N/Nc1ccc(S(N)(=O)=O)cc1)C(=O)N2,6.6020599913279625,364.03968895599996,5,3,2.0641199999999995,True
CHEMBL495570,CDK4,250.0,nM,Fc1ccc(-c2ccc3c(-c4ccnc(NC5CC5)n4)cnn3n2)cc1,6.6020599913279625,346.1342227000001,5,1,3.5667000000000018,True
CHEMBL272684,CDK1,250.0,nM,NS(=O)(=O)c1ccc(N/N=C2\C(=O)Nc3cccc(-c4cc[nH]n4)c32)cc1,6.6020599913279625,382.08480930800005,6,4,1.4923999999999997,True
CHEMBL401776,CDK1,250.0,nM,CN(C)CCCOc1cc2c(cc1O)c1c3c(c(-c4ccccc4Cl)cc1n2CCO)C(=O)NC3=O,6.6020599913279625,507.156098612,6,3,4.026900000000004,True
CHEMBL3668343,CDK9,250.0,nM,COc1ccc(F)cc1-c1ccnc2[nH]c(C3CN(C)CCO3)cc12,6.6020599913279625,341.15395509999996,4,1,3.380700000000002,True
CHEMBL556214,CDK2,250.0,nM,Cc1nnc2sc(Cc3sc(N)nc3O)nn12,6.6020599913279625,268.020100876,8,2,0.8293199999999998,True
CHEMBL460940,CDK1,250.0,nM,CS(=O)(=O)NC(=O)CCn1c2ccc(O)cc2c2c3c(c(-c4ccccc4Cl)cc21)C(=O)NC3=O,6.6020599913279625,511.06048397599994,6,3,3.170000000000001,True
CHEMBL5932240,CDK9,250.0,nM,O=C(Nc1cc(-c2ccc3ncn(CC4CCOCC4)c3c2)c(Cl)cn1)C1CCNCC1,6.6020599913279625,453.193152816,5,2,4.116400000000003,True
CHEMBL1800460,CDK2,250.0,nM,CN(C)c1cc(-c2cc(N3C[C@H](O)[C@@H](O)C3)ccc2O)nc(N)n1,6.6020599913279625,331.1644395320001,8,4,0.03919999999999996,True
CHEMBL403679,CDK1,250.0,nM,O=C1NC(=O)c2c1c(-c1ccccc1Cl)cc1[nH]c3cc(CCCCN4CCOCC4)c(O)cc3c21,6.6020599913279625,503.16118399199996,5,3,4.885600000000005,True
CHEMBL3949630,CDK2,250.0,nM,COc1cc(F)ccc1-c1nc(Nc2cc(F)cc(CS(=O)(=NC#N)C3CC3)c2)ncc1F,6.6020599913279625,473.11333047600004,7,1,4.924580000000004,True
CHEMBL417228,CDK2,250.0,nM,COc1ccc2c(c1)/C(=C/c1[nH]cc3c1CCNC3=O)C(=O)N2,6.6020599913279625,309.11134134,3,3,1.8018999999999994,True
CHEMBL503212,CDK4,250.0,nM,c1csc(-c2ccc3c(-c4ccnc(NC5CC5)n4)cnn3n2)c1,6.6020599913279625,334.10006544800007,6,1,3.4891000000000014,True
CHEMBL4756595,CDK1,250.0,nM,COc1cc(F)ccc1-c1cc(Nc2cc(CS(C)(=N)=O)ccn2)ncc1F,6.6020599913279625,404.1118532560001,6,2,4.350570000000003,True
CHEMBL411662,CDK1,250.0,nM,O=C1NC(=O)c2c1c(-c1ccccc1Cl)cc1c2c2cc(O)ccc2n1CCCO,6.6020599913279625,420.08768470399997,4,3,4.086500000000003,True
CHEMBL3655772,CDK9,250.0,nM,CC[C@H](Nc1nc(NCc2ccc(C(F)(F)F)nc2)c2ncn(C(C)C)c2n1)[C@@H](C)O,6.6020599913279625,437.21509311200003,7,3,4.004400000000003,True
CHEMBL5783228,CDK9,250.0,nM,N#CC1(Cn2cnc3ccc(-c4cc(NCCO)ncc4Cl)cc32)CCOCC1,6.6020599913279625,411.14620262399995,6,2,3.476280000000002,True
CHEMBL5542095,CDK9,250.3,nM,CC(=O)Nc1ccc(CNc2nc(NC(CO)CO)nc3c(C(C)C)cnn23)cc1,6.601539150391776,413.21753772400007,8,5,1.5832999999999993,True
CHEMBL199299,CDK1,251.0,nM,COc1cc(-c2ccc3c(c2)NC(=O)/C3=C\c2ncc[nH]2)ccc1O,6.600326278518962,333.11134134,4,3,3.283600000000001,True
CHEMBL5190752,CDK6,251.3,nM,Nc1ccc(Oc2ccc(NC(=O)Nc3cccc(C(F)(F)F)c3)cc2)cn1,6.599807511407424,388.11471038,4,3,5.118900000000002,True
CHEMBL195595,CDK1,252.0,nM,FC(F)(F)c1cnc(Nc2ccc3[nH]cnc3c2)nc1Oc1ccc(Cl)cc1,6.598599459218455,405.060422312,5,2,5.561000000000002,True
CHEMBL3823301,CDK2,254.0,nM,CC(=O)N1CCC(n2ncc(Nc3ncc(Cl)c(-c4cnn5ccccc45)n3)c2C)CC1,6.5951662833800615,450.1683350360001,6,1,3.8766200000000026,True
CHEMBL6147673,CDK1,254.8,nM,CN1CCC(c2cc3c(-c4cnn(CC5CC5)c4)c(Cl)cnc3[nH]2)CC1,6.593800576336687,369.172023448,3,1,4.299000000000003,True
CHEMBL3702137,CDK6,257.0,nM,c1cc2c3cnc(Nc4ccc(N5CCNCC5)cn4)cc3n(Cc3ccsc3)c2cn1,6.590066876668706,441.173564736,7,2,4.242500000000002,True
CHEMBL3684979,CDK4,257.0,nM,C[C@H]1CC[C@H](n2c3cnccc3c3cnc(Nc4cc5c(cn4)CCNC5)nc32)CC1,6.590066876668706,413.2327938640001,6,2,4.515000000000002,True
CHEMBL3641923,CDK4,258.0,nM,CNC1CCN(c2ccc(Nc3ncc4c5ccncc5n([C@H]5CCC[C@H]5O)c4n3)nn2)CC1,6.58838029403677,459.24950654800006,9,3,2.7872000000000003,True
CHEMBL5093528,CDK6,258.0,nM,CCN(CC)c1cnc2ccc(-c3nc(Nc4ccc(CN5CCN(C(C)C)CC5)cn4)ncc3F)cc2n1,6.58838029403677,529.3077703720002,9,1,4.736700000000004,True
CHEMBL5981230,CDK1,258.0,nM,O=C(c1ccc(Nc2ncc3cc4n(c3n2)C2(CCCCC2)C(=O)NN4)cc1)N1CCOCC1,6.58838029403677,461.21753772400007,7,3,2.7634,True
CHEMBL3641973,CDK4,259.0,nM,C[C@@H](O)Cn1c2cnccc2c2cnc(Nc3ccc(N4CCNCC4)nn3)nc21,6.586700235918748,405.2025563560001,9,3,1.3034999999999992,True
CHEMBL5880615,CDK9,260.0,nM,O=C(Nc1cc(-c2cnc3ccn(CC(O)C4CCOCC4)c3c2)c(Cl)cn1)[C@@H]1CCCNC1,6.585026652029182,483.20371750000004,6,3,3.4773000000000014,True
CHEMBL195641,CDK4,260.0,nM,N#CNc1ccc(Nc2ncc(C(F)(F)F)c(Nc3ccc4[nH]cnc4c3)n2)cc1NC#N,6.585026652029182,450.1276750760001,9,5,4.644860000000001,True
CHEMBL6052847,CDK9,260.0,nM,O=C(Nc1cc(-c2ccc3c(c2)NCC3)c(Cl)cn1)[C@@H]1CCCNC1,6.585026652029182,356.14038897200004,4,3,3.3081000000000014,True
CHEMBL118130,CDK1,260.0,nM,Oc1ccc(-c2[nH]nc3ncnc(Nc4cccc(Cl)c4)c23)cc1,6.585026652029182,337.073037684,5,3,4.122500000000002,True
CHEMBL5787741,CDK9,260.0,nM,O=C(Nc1cc(-c2ccc3nnn(CCN4CCOCC4)c3c2)c(Cl)cn1)[C@@H]1CCCNC1,6.585026652029182,469.19930081600006,7,2,2.417,True
CHEMBL6063384,CDK9,260.0,nM,Fc1cccc(Cn2cnc3ccc(-c4cc(NCc5c[nH]cn5)ncc4Cl)cc32)c1,6.585026652029182,432.1265504760001,4,2,5.274300000000002,True
CHEMBL1241849,CDK4,260.0,nM,CN(C)CCNS(=O)(=O)c1ccc(Nc2cccc(-c3cnc4ccccn34)c2)cc1,6.585026652029182,435.17289604000007,5,2,3.584800000000002,True
CHEMBL100818,CDK1,260.0,nM,COc1ccc2sc3c(c2c1)NC[C@H](C)NC3=O,6.585026652029182,262.077598688,4,2,2.4537000000000004,True
CHEMBL382607,CDK2,260.0,nM,N[C@H]1CC[C@H](Nc2cc(Nc3ccc(S(=O)(=O)c4ccccc4)cc3)n3ncnc3n2)CC1,6.585026652029182,463.1790440400001,8,3,3.382500000000002,True
CHEMBL5749275,CDK9,260.0,nM,CCNC(=O)N1CC2(C1)C(C(=O)Nc1cc(-c3ccc4ncn(Cc5cccc(F)c5)c4c3)c(Cl)cn1)CCS2(=O)=O,6.585026652029182,610.1565302760001,6,2,4.096200000000003,True
CHEMBL5203694,CDK9,260.0,nM,CC(C)Cn1cc(-c2ccnc3[nH]c(C4CCN(CC(=O)N(C)C)CC4)cc23)ccc1=O,6.585026652029182,435.263425296,4,1,3.3152000000000017,True
CHEMBL72548,CDK4,260.0,nM,CN(C)CCNS(=O)(=O)c1ccc(Nc2nccc(-c3cnc4ccccn34)n2)cc1,6.585026652029182,437.16339397600007,7,2,2.3748000000000005,True
CHEMBL3673499,CDK9,260.0,nM,CS(=O)(=O)N1CC=C(c2cc3c(-c4cccc(NCC5CC5)n4)ccnc3[nH]2)CC1,6.585026652029182,423.1728960400001,5,2,3.4955000000000016,True
CHEMBL364935,CDK4,260.0,nM,FC(F)(F)c1cnc(Nc2ccc(Br)cc2)nc1Nc1ccc2[nH]cnc2c1,6.585026652029182,448.02589114400007,5,3,5.621400000000002,True
CHEMBL1800453,CDK1,260.0,nM,CCCCCCc1cc(-c2cc(N3C[C@H](O)[C@@H](O)C3)ccc2O)nc(N)n1,6.585026652029182,372.2161407560001,7,4,2.096,True
CHEMBL6166383,CDK1,261.0,nM,C=CCn1c(C)nc2c(c(C(N)=O)c(N)n2-c2c(C)ccc(O)c2C)c1=O,6.583359492661719,367.16443953199996,5,3,1.6851599999999998,True
CHEMBL3641938,CDK4,261.0,nM,CNC1CCN(c2ccc(Nc3ncc4c5ccncc5n([C@H](C)CO)c4n3)nc2)CC1,6.583359492661719,432.238607516,8,3,2.8596000000000013,True
CHEMBL5573043,CDK2,263.0,nM,CNCc1ccc(-n2cc(-c3nc(NC4CCN(S(C)(=O)=O)CC4)ncc3C(F)(F)F)cn2)c(Cl)c1,6.580044251510242,543.1431063800001,7,2,3.5568000000000026,True
CHEMBL3691586,CDK4,264.0,nM,CN(C)C(=O)c1cc2cnc(Nc3ccc(C(=O)C45C[C@H]6C[C@@H](O)C[C@@H](C4)N65)cn3)nc2n1C1CCCC1,6.578396073130168,515.264487916,8,2,3.3096000000000014,True
CHEMBL5774332,CDK1,264.0,nM,Cc1nc2c(F)cc(-c3nc(Nc4ccc5c(n4)CCN(C[C@@H]4CN(C)CCO4)C5)ncc3F)cc2n1C(C)(C)C,6.578396073130168,562.2980142120001,8,1,4.662220000000004,True
CHEMBL210765,CDK2,266.0,nM,CN1CCN(CCC(=O)NS(=O)(=O)c2ccc(Nc3nc(N)n(C(=O)c4c(F)cccc4F)n3)cc2)CC1,6.575118363368933,548.1765787520001,10,3,1.0130000000000012,True
CHEMBL6144286,CDK2,266.9,nM,Cn1cc(-c2c(Cl)cnc3[nH]c(C4CCNCC4)cc23)cn1,6.573651426212493,315.125073256,3,2,3.083800000000001,True
CHEMBL5573176,CDK1,268.0,nM,Cc1ccc(O)c(C)c1-n1c(N)c(C(=O)N2CCn3ncc(Cl)c3C2)c2nc(C)c(C)nc21,6.571865205971211,465.16800068800006,6,2,3.4478800000000023,True
CHEMBL5559020,CDK9,268.0,nM,CC(=O)Nc1ccc(CNc2nc(NC3CCN(C)CC3)nc3c(C(C)C)cnn23)cc1,6.571865205971211,436.26990764400006,7,3,3.324300000000002,True
CHEMBL5281785,CDK2,269.0,nM,O=C(Nc1n[nH]c2ccc(-c3cncc(NC[C@H](O)c4ccccc4)c3)cc12)c1ccccc1,6.570247719997592,449.18517497600004,5,4,5.022700000000003,True
CHEMBL212049,CDK2,270.0,nM,Cc1cnc(OC2CCCCC2)nc1-c1cnc(Nc2ccccn2)s1,6.568636235841012,367.14668129200004,7,1,4.758620000000003,True
CHEMBL5749032,CDK9,270.0,nM,OCCNc1cc(-c2ccc3ncn(Cc4cncc(F)c4)c3c2)c(Cl)cn1,6.568636235841012,397.11056606400007,5,2,3.7383000000000024,True
CHEMBL380331,CDK2,270.0,nM,NS(=O)(=O)c1ccc(Nc2cc(N[C@H]3CC[C@H](N)CC3)nc3ncnn23)cc1,6.568636235841012,402.15864294400006,8,4,1.1971,True
CHEMBL454646,CDK9,270.0,nM,CC1CNCC(C(=O)Nc2ncc(SCc3ncc(C(C)(C)C)o3)s2)C1,6.568636235841012,394.149718072,7,2,3.905000000000003,True
CHEMBL3668371,CDK9,270.0,nM,COc1ccc(F)cc1-c1ccnc2[nH]c(C3CCCCC3)cc12,6.568636235841012,324.163791512,2,1,5.425300000000004,True
CHEMBL3978185,CDK2,270.0,nM,CS(=N)(=O)Cc1cccc(Nc2ncc(F)c(-c3cccc4c3OCCC4)n2)c1,6.568636235841012,412.136925132,6,2,4.527870000000003,True
CHEMBL3668437,CDK9,270.0,nM,COc1ccc(F)cc1-c1ccnc2[nH]c(C3(O)CCOCC3)cc12,6.568636235841012,342.137970688,4,2,3.3756000000000013,True
CHEMBL5207871,CDK1,270.0,nM,CC(C)n1cc(-c2ccnc3[nH]c(C4CCN(CC(=O)N5CCCC5)CC4)cc23)ccc1=O,6.568636235841012,447.263425296,4,1,3.774300000000003,True
CHEMBL5978228,CDK9,270.0,nM,Fc1cccc(Cn2cnc3ccc(-c4cc(N[C@@H]5CC[C@@]56CCCNC6)ncc4Cl)cc32)c1,6.568636235841012,475.1939017640001,4,2,5.883200000000004,True
CHEMBL2035052,CDK2,270.0,nM,C1=C/COCc2cc(ccc2OCCN2CCCC2)Nc2nccc(n2)-c2ccnc(c2)OCC/1,6.568636235841012,473.24268985200007,8,1,4.612100000000003,True
CHEMBL3655767,CDK9,270.0,nM,CC[C@H](Nc1nc(NC2CC2)c2ncn(C(C)C)c2n1)[C@@H](C)O,6.568636235841012,318.21680945199995,6,3,2.552800000000001,True
CHEMBL5792693,CDK9,270.0,nM,O=C(Nc1cc(-c2cnn3c2CCCC3)c(Cl)cn1)[C@@H]1CCCNC1,6.568636235841012,359.15128800400004,4,2,2.8729000000000005,True
CHEMBL4066819,CDK9,270.0,nM,COCCNC(=O)c1ccc(Oc2sc(C(N)=O)c3c2-c2sncc2CC3)cn1,6.568636235841012,430.07694705600005,8,2,2.632600000000001,True
CHEMBL57446,CDK2,270.0,nM,Cc1cccc2c1/C(=C/c1[nH]cc3c1CCOC3=O)C(=O)N2,6.568636235841012,294.100442308,3,2,2.52872,True
CHEMBL5573971,CDK1,271.0,nM,Cc1ccc(O)c(C)c1-n1c(N)c(C(=O)N2CCn3nccc3C2)c2nc(C3CC3)cnc21,6.567030709125595,443.2069730400001,6,2,3.0550400000000018,True
CHEMBL3641974,CDK4,271.0,nM,C[C@@H](O)Cn1c2cnccc2c2cnc(Nc3ccc(N4CCC(N(C)C)CC4)nn3)nc21,6.567030709125595,447.2495065480001,9,2,2.4243000000000006,True
CHEMBL4216447,CDK6,271.0,nM,Cc1nc(Nc2ncc(F)c(-c3cc(F)c4nc5n(c4c3)C(C)(C)CC5)n2)ccc1CN1CCN(C)CC1,6.567030709125595,518.2717994640001,7,1,4.647220000000004,True
CHEMBL5419338,CDK6,271.0,nM,Sc1nnc(-c2c[nH]c3ccccc23)n1/N=C/c1ccc(Cl)cc1Cl,6.567030709125595,387.011221712,4,2,4.9041000000000015,True
CHEMBL5081007,CDK6,272.0,nM,CCN1CCN(C(=O)c2ccc(Nc3ncc(F)c(-c4ccc5ncc(N(CC)CC)nc5c4)n3)nc2)CC1,6.565431095965801,529.2713848640002,9,1,3.988400000000004,True
CHEMBL5881472,CDK6,272.0,nM,Cc1nc2c(C(F)(F)F)cc(-c3nc(Nc4ccc5c(n4)CCNC5)ncc3F)cc2n1C(C)C,6.565431095965801,485.19510661600015,6,2,5.324820000000003,True
CHEMBL5834090,CDK1,273.0,nM,Cc1nc2c(F)cc(-c3nc(Nc4ccc5c(n4)CCN(CCN(C)CCO)C5)ncc3F)cc2n1C(C)(C)C,6.563837352959244,550.2980142120001,8,2,4.255720000000004,True
CHEMBL4209318,CDK6,275.0,nM,CC1CCc2nc3c(F)cc(-c4nc(Nc5ccc(CN6CCN(C)CC6)cn5)ncc4F)cc3n21,6.560667306169737,490.2404993360001,7,1,4.164700000000003,True
CHEMBL3641914,CDK6,275.0,nM,CN(C)C1CCN(c2ccc(Nc3ncc4c5ccncc5n([C@H]5CCC[C@H]5O)c4n3)nn2)CC1,6.560667306169737,473.26515661200006,9,2,3.1294000000000013,True
CHEMBL1082016,CDK2,276.0,nM,Cn1c(=O)[nH]c2ccc(-c3cnc(NC[C@@H](N)Cc4ccc(C(F)(F)F)cc4)s3)cc21,6.559090917934782,447.13406592,5,3,3.990800000000002,True
CHEMBL5596683,CDK9,277.7,nM,O=C(NO)c1ccc(Cn2cc(Nc3cc(-c4cccc(NCC5CCOCC5)n4)c(Cl)cn3)cn2)cc1,6.556424120249742,533.194215436,8,4,4.742900000000004,True
CHEMBL115220,CDK1,279.0,nM,O=C(Cc1ccc2ccccc2c1)Nc1cc(C2CC2)n[nH]1,6.554395796726403,291.1371621640001,2,2,3.621500000000001,True
CHEMBL5819974,CDK9,280.0,nM,O=C(Nc1cc(-c2ccc3ncn(CC4CCOCC4)c3c2)c(Cl)cn1)[C@H]1CCCNC1,6.552841968657781,453.193152816,5,2,4.116400000000003,True
CHEMBL1688215,CDK2,280.0,nM,Nc1nccc(-c2ccc3c(N)n[nH]c3c2)n1,6.552841968657781,226.09669431999998,5,3,1.1842999999999997,True
CHEMBL1800460,CDK1,280.0,nM,CN(C)c1cc(-c2cc(N3C[C@H](O)[C@@H](O)C3)ccc2O)nc(N)n1,6.552841968657781,331.1644395320001,8,4,0.03919999999999996,True
CHEMBL5920478,CDK9,280.0,nM,CC(C(=O)Nc1cc(-c2ccc3ncn(CC4CCOCC4)c3c2)c(Cl)cn1)S(=O)(=O)C1CCOCC1,6.552841968657781,546.1703687719998,7,1,4.0991000000000035,True
CHEMBL3644030,CDK1,280.0,nM,C=CCOc1nc(Nc2ccc(S(C)(=O)=O)cc2)ncc1C(F)(F)F,6.552841968657781,373.070796968,6,1,3.207300000000002,True
CHEMBL328194,CDK1,280.0,nM,COc1cc2c(cc1OC)-c1[nH]c3ccc(C(F)(F)F)cc3c1CC(=O)N2,6.552841968657781,376.10347700000005,3,2,4.365500000000003,True
CHEMBL4855324,CDK4,280.0,nM,COc1cc2nc(CNc3nc(N4CCOCC4)nc4c3ncn4-c3cnn(C)c3)[nH]c2cc1Cl,6.552841968657781,494.16939765600017,9,2,2.5359999999999987,True
CHEMBL1964252,CDK2,281.0,nM,Cc1cccc(C)c1NS(=O)(=O)c1ccc(N/C=C2\C(=O)Nc3ccc4ncsc4c32)cc1,6.55129368009492,476.0976825,6,3,5.119040000000004,True
CHEMBL3641967,CDK4,281.0,nM,C[C@H](O)Cn1c2cnccc2c2cnc(Nc3ccc(N4CCNCC4)nn3)nc21,6.55129368009492,405.2025563560001,9,3,1.3034999999999992,True
CHEMBL5082257,CDK6,282.0,nM,CN1CCN(C(=O)c2ccc(Nc3ncc(F)c(-c4ccc5nccnc5c4)n3)nc2)CC1,6.549750891680639,444.18223551200015,8,1,2.7521000000000004,True
CHEMBL4206797,CDK4,283.4,nM,CCN1CCN(Cc2cnc(Nc3ncnc(-c4cc(F)c5nc(C)n(C(C)C)c5c4)c3F)cn2)CC1,6.547600154088558,507.2670484320001,8,1,4.331920000000004,True
CHEMBL3641927,CDK4,284.0,nM,C[C@@H](CO)n1c2cnccc2c2cnc(Nc3ccc(N4CC[C@@H](O)C4)cn3)nc21,6.546681659952963,405.19132297600004,8,3,2.2424,True
CHEMBL4542247,CDK1,284.0,nM,Cc1nc2c(F)cc(-c3nc(Nc4ccc5c(n4)CCN(CCN(C)C)C5)ncc3F)cc2n1C1(C)CC1,6.546681659952963,518.2717994640001,7,1,4.647220000000004,True
CHEMBL1081853,CDK2,285.0,nM,N[C@H](CNc1ncc(-c2ccc3[nH]c(=O)sc3c2)s1)Cc1ccc(C(F)(F)F)cc1,6.54515513999149,450.079587824,6,3,4.713800000000003,True
CHEMBL5398705,CDK2,285.5,nM,O=C(Nc1ccccc1)N1CCN(c2nnc(Cc3ccccc3)c3ccccc23)CC1,6.544393887418133,423.20591042,4,1,4.5747000000000035,True
CHEMBL3890286,CDK2,288.0,nM,CCN(CC)C1CCN(C(=O)c2ccc(Nc3ncc4cc5n(c4n3)C3(CCCCC3)CNC5=O)nc2)C1,6.5406075122407685,516.2961223920001,7,2,3.5290000000000017,True
CHEMBL5567277,CDK1,289.0,nM,Cc1ccc(O)c(C)c1-n1c(N)c(C(=O)N2CCn3ncc(C(F)(F)F)c3C2)c2nc(C)c(C)nc21,6.539102157243452,499.19435766800007,6,2,3.8132800000000024,True
CHEMBL5089171,CDK9,289.0,nM,Cc1nc2ccc(-c3cc(N)nc(N)c3)nc2n1CCOc1cccc(Br)n1,6.539102157243452,439.075620296,7,2,3.2026200000000014,True
CHEMBL174162,CDK1,290.0,nM,CCn1cnc2c(Nc3cccc(C(F)(F)F)c3)nc(N[C@H]3CC[C@@H](N)CC3)nc21,6.537602002101044,419.20452842800006,6,3,4.290400000000002,True
CHEMBL3655775,CDK2,290.0,nM,CC(C)n1cnc2c(NCc3cccnc3)nc(NC[C@@H](C)O)nc21,6.537602002101044,341.196408356,7,3,2.2070000000000003,True
CHEMBL324942,CDK2,290.0,nM,O=C(Nc1cc(C2CC2)n[nH]1)c1ccccc1,6.537602002101044,227.105862036,2,2,2.5394000000000005,True
CHEMBL5760451,CDK9,290.0,nM,NS(=O)(=O)c1ccc(CN2CCc3ccc(-c4cc(NC(=O)C5CCCNC5)ncc4Cl)cc32)cc1,6.537602002101044,525.1601384360001,6,3,3.550200000000002,True
CHEMBL5946512,CDK9,290.0,nM,O=C(Nc1cc(-c2ccc3ncn(CC4CCOCC4)c3n2)c(Cl)cn1)[C@@H]1CCCNC1,6.537602002101044,454.18840178400006,6,2,3.511400000000002,True
CHEMBL6035427,CDK9,290.0,nM,CN1CCN(S(=O)(=O)CC(=O)Nc2cc(-c3ccc4ncn(CC5CCOCC5)c4c3)c(Cl)cn2)CC1,6.537602002101044,546.1816021520001,7,1,2.694000000000001,True
CHEMBL272217,CDK1,290.0,nM,NS(=O)(=O)c1ccc(N/N=C2\C(=O)Nc3cccc(OCCc4ccncc4)c32)cc1,6.537602002101044,437.115775088,7,3,2.1187999999999994,True
CHEMBL409104,CDK1,290.0,nM,NS(=O)(=O)c1ccc(N/N=C2\C(=O)Nc3cccc(Oc4ccccc4)c32)cc1,6.537602002101044,408.08922599199997,6,3,2.8946000000000014,True
CHEMBL273061,CDK1,290.0,nM,NS(=O)(=O)c1ccc(N/N=C2\C(=O)Nc3ccc(F)cc32)cc1,6.537602002101044,334.053589432,5,3,1.2414,True
CHEMBL3917892,CDK2,290.0,nM,CCS(=N)(=O)Cc1cc(F)cc(Nc2ncc(F)c(-c3ccc(F)cc3OC)n2)c1,6.537602002101044,436.118081508,6,2,4.879770000000003,True
CHEMBL5917706,CDK9,290.0,nM,CNC(=O)N1C[C@H]2CC(C(=O)Nc3cc(-c4ccc5ncn(CC6CCOCC6)c5c4)c(Cl)cn3)C[C@H]2C1,6.537602002101044,536.230266596,5,2,4.414200000000004,True
CHEMBL1794054,CDK1,290.0,nM,NS(=O)(=O)c1ccc(N/N=C2\C(=O)Nc3cccc(CCc4ccncc4)c32)cc1,6.537602002101044,421.12086046800005,6,3,2.2824999999999998,True
CHEMBL3923419,CDK2,290.0,nM,CCOc1cc(F)ccc1-c1nc(Nc2cc(F)cc(CS(C)(=O)=NC#N)c2)ncc1F,6.537602002101044,461.11333047600004,7,1,4.782080000000004,True
CHEMBL5841955,CDK9,290.0,nM,Cn1c(Cc2cccc(F)c2)nc2ccc(-c3cc(NC(=O)[C@@H]4CCCNC4)ncc3Cl)cc21,6.537602002101044,477.17316632000006,4,2,4.956700000000003,True
CHEMBL5748572,CDK9,290.0,nM,CS(=O)(=O)c1ccc(CN2CCc3ccc(-c4cc(NC(=O)C5CCCNC5)ncc4Cl)cc32)cn1,6.537602002101044,525.1601384360001,7,2,3.7013000000000025,True
CHEMBL3668441,CDK9,290.0,nM,COc1ccc(F)cc1-c1ccnc2[nH]c(C3CN(CC4CCOCC4)C3)cc12,6.537602002101044,395.20090529199996,4,1,4.203400000000004,True
CHEMBL3955818,CDK2,291.0,nM,CC(C)(C)CCN1CCN(c2ccc(Nc3ncc4cc5n(c4n3)C3(CCCC3)CNC5=O)nc2)CC1,6.536107011014092,502.31685783600005,7,2,4.140800000000003,True
CHEMBL5594479,CDK9,291.65,nM,N[C@H]1CC[C@H](Nc2ncc(Cl)c(Nc3ccccc3S(=O)(=O)C3CC3)n2)CC1,6.535138019233965,421.1339236879999,7,3,3.491500000000002,True
CHEMBL4449998,CDK1,292.0,nM,Cc1nc2c(F)cc(-c3nc(Nc4ccc5c(n4)CCN(CCN(C)C)C5)ncc3F)cc2n1CC1CC1,6.534617148551582,518.2717994640001,7,1,4.548220000000004,True
CHEMBL6190256,CDK6,292.1,nM,CN(C)C(=O)c1cc2cnc(Nc3ccc(C(=O)NCCCc4nc5c(C(N)=O)cccc5[nH]4)cc3Cl)nc2n1C1CCCC1,6.53446844302645,627.247313628,7,4,4.983000000000003,True
CHEMBL5573390,CDK1,293.0,nM,Cc1ccc(O)c(C)c1-n1c(N)c(C(=O)N2CCn3nc(C(F)(F)F)cc3C2)c2nc(C)c(C)nc21,6.53313237964589,499.19435766800007,6,2,3.8132800000000024,True
CHEMBL84347,CDK2,294.0,nM,CCN(CC)CCNc1cc(-c2ccc[nH]2)c2c3c(ccc(F)c13)NC2=O,6.531652669587842,366.18558957600004,3,3,4.293400000000002,True
CHEMBL3641916,CDK4,294.0,nM,C[C@@H](O)Cn1c2cnccc2c2cnc(Nc3ccc(N4CCC(N(C)C)CC4)cn3)nc21,6.531652669587842,446.25425758000006,8,2,3.029300000000002,True
CHEMBL5883845,CDK2,294.0,nM,Cc1nc2c(F)cc(-c3nc(Nc4ccc5c(n4)CCN(C(=O)CN(C)C)C5)ncc3F)cc2n1C1CCC1,6.531652669587842,532.2510640200001,7,1,4.389820000000004,True
CHEMBL5765752,CDK2,294.0,nM,Cc1nc2c(F)cc(-c3nc(Nc4ccc5c(n4)CCN(C(=O)CCN(C)C)C5)ncc3F)cc2n1C1CCC1,6.531652669587842,546.2667140840001,7,1,4.779920000000004,True
CHEMBL5404071,CDK9,295.0,nM,Nc1nc(Nc2ccccc2)nc(-c2cc(Cl)ccc2O)n1,6.530177984021837,313.073037684,6,3,3.223400000000001,True
CHEMBL458548,CDK2,295.0,nM,Cc1ncc(-c2ccnc(Nc3ccc(S(=O)(=O)CCCN(C)C)cc3)n2)n1C,6.530177984021837,414.18379507200007,7,1,2.6545200000000007,True
CHEMBL5421064,CDK4,297.0,nM,COc1cccc(/C=N/n2c(S)nnc2-c2c[nH]c3ccccc23)c1,6.527243550682788,349.09973110000004,5,2,3.605900000000002,True
CHEMBL3668457,CDK6,298.0,nM,COc1ccc(F)cc1-c1ccnc2[nH]c(C3=CCN(CC(O)CO)CC3)cc12,6.525783735923745,397.18016984799993,5,3,2.8199000000000014,True
CHEMBL5592661,CDK2,299.0,nM,CS(=O)(=O)N1CCC(Nc2ncc(C(F)(F)F)c(-c3cnn(-c4ccc(C#N)cc4Cl)c3)n2)CC1,6.52432881167557,525.0961561880001,7,1,3.709080000000002,True
CHEMBL6145176,CDK6,299.0,nM,CC(=O)N1CCN(C(=O)c2ccc(Nc3ncc(F)c(-c4ccc5c(c4)OC4(CCN(C(C)=O)CC4)CC5=O)n3)nc2)CC1,6.52432881167557,601.2448953439999,9,1,3.071900000000001,True
CHEMBL3639626,CDK9,300.0,nM,COc1c(Cl)cccc1-c1ccnc2[nH]c(C3CCNCC3)cc12,6.522878745280337,341.12948994000004,3,2,4.358900000000003,True
CHEMBL5198038,CDK1,300.0,nM,CC(C)n1cc(-c2ccnc3[nH]c(C4CCN(CC(=O)N(C)C)CC4)cc23)ccc1=O,6.522878745280337,421.247775232,4,1,3.2401000000000018,True
CHEMBL101156,CDK4,300.0,nM,CN(C)CC(O)COc1ccc(Nc2nccc(N(CCC#N)c3cc(Cl)ccc3Cl)n2)cc1,6.522878745280337,500.14942943200003,8,2,4.880080000000004,True
CHEMBL98360,CDK1,300.0,nM,O=C1Cc2c([nH]c3ccc(Br)cc23)-c2cc(Br)ccc2N1,6.522878745280337,403.9159871400001,1,2,4.854500000000002,True
CHEMBL3641951,CDK4,300.0,nM,CNC1CCN(c2ccc(Nc3ncc4c5ccncc5n([C@H]5CCC[C@H]5O)c4n3)nc2)CC1,6.522878745280337,458.25425758,8,3,3.3922000000000017,True
CHEMBL258805,CDK4,300.0,nM,COc1ccc2c(c1)/C(=C/c1cnc[nH]1)C(=O)N2,6.522878745280337,241.085126592,3,2,1.9109999999999994,True
CHEMBL270054,CDK1,300.0,nM,NS(=O)(=O)c1ccc(N/N=C2\C(=O)Nc3ccc(Cl)cc32)cc1,6.522878745280337,350.024038892,5,3,1.7557,True
CHEMBL5767222,CDK6,300.0,nM,CCN1CCN(Cc2ccc(Nc3ncc(F)c(-c4ncnc5c4cc(C)n5C4CCCC4)n3)nc2)CC1,6.522878745280337,515.2921203080001,8,1,4.727020000000004,True
CHEMBL281525,CDK1,300.0,nM,CCC(C)(O)C#Cc1nc(NCc2ccc(OC)c(OC)c2)c2ncn(C(C)C)c2n1,6.522878745280337,423.2270397880001,7,2,3.549000000000002,True
CHEMBL3702239,CDK4,300.0,nM,C[C@H]1CN(c2ccc(Nc3ncc4c5ccncc5n([C@@H]5CCNC5)c4n3)nc2)CCN1,6.522878745280337,429.2389418640001,8,3,2.4505999999999997,True
CHEMBL5269468,CDK2,300.0,nM,C[C@@H](CO)Nc1nc(N)c(/[N+]([O-])=N/C#N)c(OCC2CCCCC2)n1,6.522878745280337,349.18623759600007,9,3,1.8856799999999998,True
CHEMBL98335,CDK4,300.0,nM,CN(C)CC(O)COc1ccc(Nc2ncc(F)c(Nc3ccccc3)n2)cc1,6.522878745280337,397.191403228,7,3,3.4042000000000012,True
CHEMBL3702233,CDK4,300.0,nM,CC[C@H](C)n1c2cnccc2c2cnc(Nc3ccc(N4CCN[C@@H](C)C4)nn3)nc21,6.522878745280337,417.23894186400014,8,2,3.2822000000000013,True
CHEMBL6162213,CDK1,300.0,nM,C#CCn1c(C)nc2c(c(C(N)=O)c(N)n2-c2c(C)ccc(O)c2C)c1=O,6.522878745280337,365.14878946799996,5,3,1.1323599999999998,True
CHEMBL5752282,CDK9,300.0,nM,O=C(Nc1cc(-c2cc3c(ccn3Cc3cccc(F)c3)cn2)c(Cl)cn1)[C@@H]1CCCNC1,6.522878745280337,463.15751625600006,4,2,4.877200000000004,True
CHEMBL4521241,CDK9,300.0,nM,Cc1cc(=O)c2c(O)cc(O)c([C@@H]3CCN(C)C[C@@H]3O)c2o1,6.522878745280337,305.126322708,6,3,1.2926199999999997,True
CHEMBL133461,CDK1,300.0,nM,CCCCNc1nc(C#CC(C)(O)Cc2ccccc2)nc2c1ncn2C(C)C,6.522878745280337,391.23721054800006,5,2,3.964400000000003,True
CHEMBL5423185,CDK2,300.0,nM,O=C(O)c1cc(S(F)(F)(F)(F)F)ccc1NCCc1c[nH]c2ccccc12,6.522878745280337,406.07743982000005,2,3,6.178100000000003,True
CHEMBL6013493,CDK9,300.0,nM,CS(=O)(=O)c1cccc(CN2CCc3ccc(-c4cc(NC(=O)C5CCCNC5)ncc4Cl)cc32)c1,6.522878745280337,524.1648894680001,6,2,4.306300000000003,True
CHEMBL1800462,CDK2,300.0,nM,CN1CCN(c2cc(-c3cc(N4C[C@H](O)[C@@H](O)C4)ccc3O)nc(N)n2)CC1,6.522878745280337,386.206638692,9,4,-0.27500000000000036,True
CHEMBL3085235,CDK1,300.0,nM,COc1cc(CNc2nc(N3CCC[C@@H]3CO)nc3c2ncn3C(C)C)cc(OC)c1,6.522878745280337,426.23793882,8,2,2.997600000000001,True
CHEMBL334507,CDK1,300.0,nM,CC(C)n1cnc2c(Nc3ccc(Br)cc3)nc(N3CCCC3CO)nc21,6.522878745280337,430.11167145600007,6,2,3.8744000000000027,True
CHEMBL6013263,CDK6,300.0,nM,CCN1CCN(c2ccc(Nc3ncc(F)c(-c4ncc5nc(C)n(C(C)C)c5n4)n3)nc2)CC1,6.522878745280337,476.2560691480001,9,1,3.592220000000002,True
CHEMBL293113,CDK2,300.0,nM,O=C1Nc2ccc(F)cc2/C1=C/c1[nH]cc2c1CCNC2=O,6.522878745280337,297.09135484399997,2,3,1.9323999999999997,True
CHEMBL419534,CDK2,300.0,nM,CN(C)CC(O)COc1ccc(Nc2ncc(Br)c(Nc3ccccc3)n2)cc1,6.522878745280337,457.11133710800004,7,3,4.027600000000002,True
CHEMBL418203,CDK1,300.0,nM,CN1CCC(c2c(O)cc(O)c3c(=O)cc(-c4ccccc4Cl)oc23)[C@@H](O)C1,6.522878745280337,401.10300041999994,6,3,3.3046000000000015,True
CHEMBL3641953,CDK4,300.0,nM,CN(C)C1CCN(c2ccc(Nc3ncc4c5ccncc5n([C@H]5CCOC5)c4n3)nn2)CC1,6.522878745280337,459.24950654800006,9,1,3.004900000000002,True
CHEMBL3085240,CDK1,300.0,nM,COc1cccc(CNc2nc(N3CCC[C@@H]3CO)nc3c2ncn3C(C)C)c1,6.522878745280337,396.22737413600004,7,2,2.9890000000000017,True
CHEMBL3085243,CDK1,300.0,nM,CC(C)n1cnc2c(Nc3ccccc3)nc(N3CCC[C@@H]3CO)nc21,6.522878745280337,352.20115938799995,6,2,3.1119000000000017,True
CHEMBL4208198,CDK1,300.9,nM,CCN1CCN(Cc2ccc(Nc3cc(-c4cc(F)c5nc(C)n(C(C)C)c5c4)ccn3)nc2)CC1,6.52157781225992,487.28597230800005,6,1,5.402820000000005,True
CHEMBL5935906,CDK2,301.0,nM,CNCCN1CCc2nc(Nc3ncc(F)c(-c4cc(F)c5nc(C)n(C6CC6)c5c4)n3)ccc2C1,6.521433504406157,490.240499336,7,2,4.130920000000002,True
CHEMBL3641958,CDK4,301.0,nM,CNC1CCN(c2ccc(Nc3ncc4c5ccncc5n([C@H]5CCC[C@@H]5O)c4n3)nc2)CC1,6.521433504406157,458.25425758,8,3,3.3922000000000017,True
CHEMBL5417371,CDK2,301.0,nM,COc1ccc(C(=O)N2CCN(c3nnc(Cc4ccccc4)c4ccccc34)CC2)cc1,6.521433504406157,438.205576072,5,0,4.191600000000004,True
CHEMBL3702238,CDK4,302.0,nM,CC1(C)CN(c2ccc(Nc3ncc4c5ccncc5n([C@@H]5CCNC5)c4n3)nc2)CCN1,6.51999305704285,443.25459192800014,8,3,2.8407,True
CHEMBL3702040,CDK4,302.0,nM,c1cc2c3cnc(Nc4nsc(N5CCNCC5)n4)nc3n(C3CCCC3)c2cn1,6.51999305704285,421.1797127360001,9,2,3.0993000000000013,True
CHEMBL2322701,CDK4,303.0,nM,Cc1[nH]nc2c1N=C(c1ccccc1Cl)c1cc(N)ccc1N2,6.518557371497695,323.093773128,4,3,4.179820000000001,True
CHEMBL5932825,CDK2,304.0,nM,Cc1nc2c(F)cc(-c3nc(Nc4ccc5c(n4)CCN(C(=O)CN(C)C)C5)ncc3F)cc2n1C1CC1,6.517126416391246,518.2354139560001,7,1,3.9997200000000026,True
CHEMBL5888788,CDK1,306.0,nM,Cc1nc2c(F)cc(-c3nc(Nc4ccc5c(n4)CCN(C(=O)CN(C)C)C5)ncc3F)cc2n1CC1CC1,6.514278573518419,532.2510640200001,7,1,4.0748200000000026,True
CHEMBL5089214,CDK6,306.0,nM,CCN(CC)c1cnc2ccc(-c3nc(Nc4ccc(N5CCN(C)CC5)cn4)ncc3F)cc2n1,6.514278573518419,487.2608201800001,9,1,3.962500000000003,True
CHEMBL5867735,CDK2,306.0,nM,Cc1nc2c(F)cc(-c3nc(Nc4ccc5c(n4)CN(CCN(C)C)C5=O)ncc3F)cc2n1C(C)C,6.514278573518419,506.23541395600006,7,1,4.316820000000003,True
CHEMBL5424372,CDK2,307.77,nM,COc1ccc(NC(=S)N2CCN(c3nnc(Cc4ccccc4)c4ccccc34)CC2)cc1,6.511773715464358,469.19363148400004,5,1,4.748200000000004,True
CHEMBL191336,CDK4,308.0,nM,OCCCNc1cc(-c2ncnc(Nc3cccc(Cl)c3)n2)ccn1,6.511449283499555,356.11523684400004,7,3,3.1249000000000002,True
CHEMBL5078670,CDK6,308.0,nM,CC(C)N1CCN(C(=O)c2ccc(Nc3ncc(F)c(-c4ccc5nccnc5c4)n3)nc2)CC1,6.511449283499555,472.21353564000015,8,1,3.530700000000002,True
CHEMBL4798156,CDK9,310.0,nM,CC(=O)N[C@H]1CCC[C@@H](C(=O)Nc2cc(-c3cnn4c3CC(C)(C)C4)c(Cl)cn2)C1,6.508638306165727,429.193152816,4,2,3.8142000000000023,True
CHEMBL5807208,CDK9,310.0,nM,CN(C)CCCNc1cc(-c2ccc3ncn(Cc4cccc(F)c4)c3c2)c(Cl)cn1,6.508638306165727,437.17825170000003,4,1,5.302700000000005,True
CHEMBL272414,CDK2,310.0,nM,CN(C)c1ccc2c(c1)/C(=C/Nc1ccc(S(N)(=O)=O)cc1)C(=O)N2,6.508638306165727,358.10996143599994,5,3,1.8050999999999997,True
CHEMBL2348154,CDK2,310.0,nM,Nc1nccc(-n2cc(-c3cccnc3Cl)c3cnccc32)n1,6.508638306165727,322.07337203200007,5,1,3.113100000000001,True
CHEMBL5868309,CDK9,310.0,nM,Fc1cccc(Cn2cnc3ccc(-c4cc(NCc5cnccn5)ncc4Cl)cc32)c1,6.508638306165727,444.1265504760001,5,1,5.341200000000002,True
CHEMBL176576,CDK1,310.0,nM,CCn1cnc2c(Nc3cccc(C(F)(F)F)c3)nc(N[C@@H]3CCCC[C@@H]3N)nc21,6.508638306165727,419.20452842800006,6,3,4.290400000000002,True
CHEMBL45477,CDK2,310.0,nM,CN1CCC(c2c(O)cc(O)c3c2O/C(=C\c2ccc([N+](=O)[O-])cc2)C3=O)CC1,6.508638306165727,396.13213635999995,7,2,3.431400000000002,True
CHEMBL2348164,CDK2,310.0,nM,Nc1nccc(-n2cc(-c3ccccc3)c3cnccc32)n1,6.508638306165727,287.11709541600004,4,1,3.064700000000001,True
CHEMBL5597702,CDK9,310.3,nM,COc1cc(F)ccc1-c1cc(Nc2cnn(CCCCCC(=O)NO)c2)ncc1F,6.508218224415835,431.176896036,6,3,4.041300000000002,True
CHEMBL5597775,CDK9,312.6,nM,O=C(CCCC(=O)Nc1ccc(Nc2ncc(Cl)c(OC3CCCCC3)n2)cc1)NO,6.505011026316832,447.167331992,7,4,4.199300000000002,True
CHEMBL5595408,CDK9,313.2,nM,CC(C)S(=O)(=O)c1ccccc1Nc1nc(N[C@H]2CC[C@H](N)CC2)ncc1Br,6.504178246614094,467.09905817200007,7,3,3.8466000000000022,True
CHEMBL3421981,CDK2,314.0,nM,c1cc2c(-c3ccnc4[nH]ccc34)c[nH]c2cn1,6.503070351926786,234.09054632,2,2,3.1062000000000003,True
CHEMBL5839538,CDK2,314.0,nM,Cc1nc2c(F)cc(-c3nc(Nc4ccc5c(n4)CCN(C(=O)CCN(C)C)C5)ncc3F)cc2n1C1CC1,6.503070351926786,532.2510640200001,7,1,4.389820000000004,True
CHEMBL3641916,CDK6,314.0,nM,C[C@@H](O)Cn1c2cnccc2c2cnc(Nc3ccc(N4CCC(N(C)C)CC4)cn3)nc21,6.503070351926786,446.25425758000006,8,2,3.029300000000002,True
CHEMBL5084504,CDK9,314.0,nM,Cc1nc2ccc(-c3cc(N)nc(N)c3)nc2n1C1CCCC1,6.503070351926786,308.17494464,5,2,3.081220000000002,True
CHEMBL5085873,CDK6,315.0,nM,CC(C)N1CCN(Cc2ccc(Nc3ncc(F)c(-c4ccc5nccnc5c4)n3)nc2)CC1,6.501689446210399,458.2342710840001,8,1,3.890500000000002,True
CHEMBL5177986,CDK2,316.0,nM,Cn1cc(S(=O)(=O)N2CCC(Nc3ncc4c(n3)N([C@@H]3CCC[C@@H](O)C3)C(=O)C43CC3)CC2)cn1,6.500312917381596,501.215823472,8,2,1.156999999999999,True
CHEMBL5757213,CDK9,316.0,nM,Cc1nc2c(F)cc(-c3nc(Nc4ccc5c(n4)CCN(CCCN(C)C)C5)ncc3F)cc2n1C1CC1,6.500312917381596,518.2717994640001,7,1,4.8632200000000045,True
CHEMBL5557963,CDK2,316.3,nM,CCC(=O)Nc1ccc(CNc2nc(NC3CCOCC3)nc3c(C(C)C)cnn23)cc1,6.499900808084277,437.2539232320001,7,3,3.7992000000000026,True
CHEMBL5532122,CDK2,316.9,nM,CC[C@H](CO)Nc1nc(NCc2ccc(NC(C)=O)cc2)n2ncc(C(C)C)c2n1,6.4990777608097,411.2382731680001,7,4,3.0010000000000012,True
CHEMBL6161049,CDK6,317.0,nM,CCN1CCN(Cc2ccc(Nc3ncc(F)c(-c4ccc5c(c4)OC4(CCN(C(C)=O)CC4)CC5=O)n3)nc2)CC1,6.498940737782249,573.286366232,9,1,3.9051000000000027,True
CHEMBL1169805,CDK2,319.0,nM,Cc1cc(CNC(=O)c2nn(C)c3c2CCc2cnc(Nc4ccc(N5CCN(C)CC5)cc4)nc2-3)ccn1,6.496209316942819,523.2808066760001,8,2,3.104520000000001,True
CHEMBL409450,CDK1,320.0,nM,O=C1Nc2cc(Br)ccc2/C1=C1/Nc2ccccc2/C1=N\O,6.494850021680094,354.99563866,4,3,3.4163000000000023,True
CHEMBL2158864,CDK1,320.0,nM,CNC(=O)Nc1ccc(-c2cc(-c3ccnc(Nc4ccc(Cl)c(S(=O)(=O)NC)c4)n3)ccn2)cc1,6.494850021680094,523.119336244,7,4,4.262000000000002,True
CHEMBL3663752,CDK9,320.0,nM,COc1ccc(F)cc1-c1ccnc2[nH]c(C3CCCN(C(C)=O)C3)cc12,6.494850021680094,367.16960516399996,3,1,4.103500000000002,True
CHEMBL3668415,CDK9,320.0,nM,O=C1CCCN1CCNc1cccc(-c2ccnc3[nH]c(C4CCNCC4)cc23)n1,6.494850021680094,404.23245951600006,5,3,3.1262000000000008,True
CHEMBL2035047,CDK2,320.0,nM,CN1C/C=C/COCc2ccc(o2)-c2ccnc(n2)Nc2cccc(c2)C1,6.494850021680094,362.174275944,6,1,3.493400000000002,True
CHEMBL5411462,CDK4,320.0,nM,COc1ccc(/C=N/n2c(S)nnc2-c2c[nH]c3ccccc23)cc1OC,6.494850021680094,379.110295784,6,2,3.6145000000000014,True
CHEMBL590109,CDK1,320.0,nM,NCCn1cc(-c2cc(-c3cc4ccccc4s3)c3[nH]ncc3c2)c2nc(N)ncc21,6.494850021680094,425.1422646080001,6,3,4.397200000000002,True
CHEMBL4649135,CDK2,321.0,nM,CCn1cnc2c(NCc3nc4ccc(F)c(F)c4[nH]3)nc(N3CCCC[C@H]3CCO)nc21,6.493494967595128,456.21976389200006,7,3,3.354100000000002,True
CHEMBL1076581,CDK2,323.0,nM,N[C@H](CNc1nnc(-c2ccc3[nH]ncc3c2)s1)Cc1ccc(Cl)cc1Cl,6.490797477668897,418.05342087199995,6,3,4.370100000000002,True
CHEMBL6191232,CDK6,323.4,nM,CN(C)C(=O)c1cc2cnc(Nc3ccc(-c4nc5c(C(N)=O)cccc5[nH]4)cc3)nc2n1C1CCCC1,6.490259984429618,508.2335221360001,6,3,4.634000000000003,True
CHEMBL1272116,CDK4,324.0,nM,CC(C)c1n[nH]c(Cl)c1-c1ccnc(Nc2ccc(N3CCC(N(C)C)CC3)cn2)n1,6.489454989793388,440.2203706080001,7,2,4.312500000000003,True
CHEMBL189607,CDK2,324.0,nM,Nc1nc2ccc(C(=O)c3c(F)cccc3F)cn2c1C(=O)c1ccccc1,6.489454989793388,377.097583096,4,1,3.6567000000000016,True
CHEMBL6133494,CDK6,326.0,nM,CC(=O)N1CCC2(CC1)CC(=O)c1ccc(-c3nc(Nc4ccc(CN5CCN(C)CC5)cn4)ncc3F)cc1O2,6.486782399932061,559.2707161680001,9,1,3.5150000000000023,True
CHEMBL5848732,CDK6,327.0,nM,Cc1nc2c(F)cc(-c3nc(Nc4ncc5c(n4)CCNC5)ncc3F)cc2n1C(C)C,6.485452247339714,436.19354914400003,7,2,3.8401200000000015,True
CHEMBL5836990,CDK6,327.0,nM,Cc1nc2c(F)cc(-c3nc(Nc4ccc5c(n4)CCNC5)ncc3F)cc2n1C(C)C,6.485452247339714,435.1983001760001,6,2,4.445120000000003,True
CHEMBL4777981,CDK2,328.0,nM,COc1ccc(F)cc1-c1c(F)cnc2[nH]c(C3=CCN([C@H]4CC[C@H](C(=O)O)CC4)CC3)cc12,6.484126156288321,467.20204816399996,4,2,5.249200000000004,True
CHEMBL3949057,CDK2,330.0,nM,CCOC(=O)N=S(C)(=O)Cc1cccc(Nc2ncc(F)c(-c3cccc4c3OCCC4)n2)c1,6.481486060122112,484.15805450000005,7,1,5.105600000000004,True
CHEMBL3641956,CDK4,330.0,nM,O[C@H]1CCC[C@@H]1n1c2cnccc2c2cnc(Nc3ccc(N4CCNCC4)cn3)nc21,6.481486060122112,430.2229574520001,8,3,2.6136,True
CHEMBL6037340,CDK9,330.0,nM,O=C(O)[C@H]1CCC[C@@H](C(=O)Nc2cc(-c3ccc4ncn(CC5CCOCC5)c4c3)c(Cl)cn2)C1,6.481486060122112,496.187733088,5,2,5.007800000000005,True
CHEMBL5176464,CDK9,330.0,nM,CCn1cc(-c2ccnc3[nH]c(C4CCN(CC(=O)N(C)C)CC4)cc23)ccc1=O,6.481486060122112,407.232125168,4,1,2.679100000000001,True
CHEMBL271843,CDK1,330.0,nM,Cc1ccc2c(c1)/C(=N/Nc1ccc(S(N)(=O)=O)cc1)C(=O)N2,6.481486060122112,330.078661308,5,3,1.4107199999999998,True
CHEMBL3085241,CDK1,330.0,nM,CC(C)n1cnc2c(NCc3ccc(Cl)cc3)nc(N3CCC[C@@H]3CO)nc21,6.481486060122112,400.17783710000003,6,2,3.633800000000002,True
CHEMBL5917732,CDK9,330.0,nM,O=C(Nc1cc(-c2ccc3nnn(CC4CCOCC4)c3c2)c(Cl)cn1)[C@@H]1CCCNC1,6.481486060122112,454.18840178400006,6,2,3.511400000000002,True
CHEMBL3641925,CDK4,330.0,nM,O[C@@H]1CCN(c2ccc(Nc3ncc4c5ccncc5n([C@H]5CCC[C@H]5O)c4n3)nn2)C1,6.481486060122112,432.20222200800004,9,3,2.17,True
CHEMBL2029911,CDK1,330.0,nM,Cc1c(-c2cc3cnc(Nc4cc(C(=O)N5CCN(C)CC5)n(C)c4)nc3n2C2CCCC2)cnn1C,6.481486060122112,501.29645674000017,6,1,3.7250200000000024,True
CHEMBL3932396,CDK2,330.0,nM,COCCOC(=O)N=S(C)(=O)Cc1cc(F)cc(Nc2ncc(F)c(-c3ccc(F)cc3OC)n2)c1,6.481486060122112,524.134125496,8,1,4.693900000000004,True
CHEMBL3085236,CDK1,330.0,nM,CC(C)n1cnc2c(NCc3cccc(Br)c3)nc(N3CCC[C@@H]3CO)nc21,6.481486060122112,444.12732152000007,6,2,3.742900000000003,True
CHEMBL132469,CDK1,330.0,nM,CC(C)n1cnc2c(NCc3ccccc3)nc(C#CCCCCO)nc21,6.481486060122112,363.20591042,5,2,3.5334000000000025,True
CHEMBL561179,CDK2,330.0,nM,Nc1ccc(-c2nn3c(COc4ccc(Cl)cc4)nnc3s2)cc1,6.481486060122112,357.04510868400007,6,1,3.6674000000000015,True
CHEMBL2035182,CDK2,330.0,nM,COCCOc1ccc2cc1CN(C)C/C=C/COCc1ccc(s1)-c1ccnc(n1)N2,6.481486060122112,452.18821175600004,8,1,4.235200000000003,True
CHEMBL367245,CDK1,330.0,nM,CCn1cnc2c(Nc3cccc(Cl)c3)nc(NCCO)nc21,6.481486060122112,332.11523684400004,6,3,2.6473999999999998,True
CHEMBL4455210,CDK9,332.0,nM,Cc1nc2c(F)cc(-c3nc(Nc4ccc5c(n4)CCN(CCN(C)C)C5)ncc3F)cc2n1C1CC1,6.478861916295964,504.2561494000001,7,1,4.473120000000003,True
CHEMBL6161225,CDK2,333.9,nM,CC(C)N1CCC(c2cc3c(-c4cnn(CC5CC5)c4)c(Cl)cnc3[nH]2)CC1,6.47638358094563,397.20332357600006,3,1,5.077600000000005,True
CHEMBL5583697,CDK2,334.0,nM,Cn1cnc(S(=O)(=O)N2CCC(Nc3ncc(C(F)(F)F)c(-c4cnn(CC(F)(F)F)c4)n3)CC2)c1,6.476253533188435,538.1334122000001,7,1,2.919900000000001,True
CHEMBL234626,CDK1,334.0,nM,CN(C)CCc1ccc(Nc2ncc(Cl)c(-c3cccc4cc[nH]c34)n2)cc1,6.476253533188435,391.156373384,4,2,5.126000000000004,True
CHEMBL5950277,CDK2,334.0,nM,Cc1nc2c(F)cc(-c3nc(Nc4ccc5c(n4)CCN(C(=O)NCCO)C5)ncc3F)cc2n1C1CC1,6.476253533188435,520.2146785120001,7,3,3.6134200000000014,True
CHEMBL4754081,CDK4,334.0,nM,CC(=O)N[C@@H]1CCC[C@H](C(=O)Nc2cc(-c3cnn4c3CC(C)(C)C4)c(F)cn2)C1,6.476253533188435,413.222703356,4,2,3.299900000000002,True
CHEMBL5569840,CDK1,334.0,nM,Cc1ccc(O)c(C)c1-n1c(N)c(C(=O)N2CCn3cncc3C2)c2nc(C)c(C)nc21,6.476253533188435,431.2069730400001,6,2,2.794480000000001,True
CHEMBL1387710,CDK9,335.0,nM,CCNc1nc(N)nc(-c2cc(Cl)ccc2O)n1,6.474955192963154,265.073037684,6,3,1.9115999999999995,True
CHEMBL489833,CDK2,337.0,nM,Cn1cc(C2=C(c3coc4cc(CO)ccc34)C(=O)NC2=O)c2cc(Br)ccc21,6.4723700991286615,450.02151906,4,2,3.746500000000002,True
CHEMBL4213109,CDK6,339.0,nM,CCC1Cc2nc3c(F)cc(-c4nc(Nc5ccc(CN6CCN(CC)CC6)cn5)ncc4F)cc3n2C1,6.4698003017969175,518.2717994640001,7,1,4.629900000000004,True
CHEMBL1800459,CDK1,340.0,nM,Nc1nc(-c2cc(N3C[C@H](O)[C@@H](O)C3)ccc2O)cc(C2CCNCC2)n1,6.468521082957745,371.1957396600001,8,5,0.4401999999999993,True
CHEMBL3642017,CDK4,340.0,nM,O[C@H]1CCN(C2CCN(c3ccc(Nc4ncc5c6ccncc6n(C6CCCC6)c5n4)nc3)CC2)C1,6.468521082957745,498.2855577080001,8,2,4.268600000000004,True
CHEMBL5969770,CDK9,340.0,nM,NS(=O)(=O)CCn1nnc2ccc(-c3cc(NC(=O)[C@@H]4CCCNC4)ncc3Cl)cc21,6.468521082957745,463.119336244,7,3,1.3733,True
CHEMBL5953065,CDK9,340.0,nM,O=C(Nc1cc(-c2ccc3ncn(CC4(N5CCOCC5)COC4)c3c2)c(Cl)cn1)[C@@H]1CCCNC1,6.468521082957745,510.21461653200004,7,2,2.7910000000000004,True
CHEMBL445607,CDK2,340.0,nM,O=C1Nc2cccc(CCO)c2/C1=C/c1[nH]cc2c1CCNC2=O,6.468521082957745,323.126991404,3,4,1.3281,True
CHEMBL3702213,CDK4,340.0,nM,COCCn1c2cnccc2c2cnc(Nc3ccc(N4CCNCC4)nn3)nc21,6.468521082957745,405.2025563560001,9,2,1.5690999999999995,True
CHEMBL3641955,CDK4,340.0,nM,O[C@@H]1CCN(c2ccc(Nc3ncc4c5ccncc5n([C@H]5CCOC5)c4n3)nn2)C1,6.468521082957745,418.18657194400004,9,2,2.0454999999999997,True
CHEMBL172811,CDK1,340.0,nM,CCn1cnc2c(Nc3cccc(OC)c3)nc(N[C@H]3CC[C@@H](N)CC3)nc21,6.468521082957745,381.22770848400006,7,3,3.2802000000000007,True
CHEMBL3900378,CDK9,340.0,nM,CCCN1Cc2c(C3=CCN(S(C)(=O)=O)CC3)[nH]c3nccc(c23)-c2cc(F)ccc21,6.468521082957745,440.16822526000004,4,1,4.147700000000003,True
CHEMBL3641908,CDK6,340.0,nM,CN(C)C1CCN(c2ccc(Nc3ncc4c5ccncc5n([C@@H]5CCNC5)c4n3)nc2)CC1,6.468521082957745,457.2702419920001,8,2,3.182900000000001,True
CHEMBL3668422,CDK9,340.0,nM,CN1CCC(c2cc3c(-c4cccc(NCCN5CCCC5=O)n4)ccnc3[nH]2)CC1,6.468521082957745,418.24810958000006,5,2,3.4684000000000017,True
CHEMBL5418073,CDK2,340.87,nM,S=C(Nc1ccc(Cl)cc1)N1CCN(c2nnc(Cc3ccccc3)c3ccccc23)CC1,6.467411219386465,473.144094448,4,1,5.393000000000004,True
CHEMBL318522,CDK2,341.0,nM,O=C(Nc1n[nH]c2cc(-c3cccs3)ccc12)C1CC1,6.467245621007502,283.077933036,3,2,3.6399000000000017,True
CHEMBL6143085,CDK6,343.0,nM,CC(=O)N1CCC2(CC1)CC(=O)c1ccc(-c3nc(Nc4ccc(CN5CCOCC5)cn4)ncc3F)cc1O2,6.464705879957229,546.239081692,9,1,3.5998000000000028,True
CHEMBL363590,CDK1,344.0,nM,OCCCNc1cncc(-c2ncnc(Nc3ccc4c(c3)OCCO4)n2)c1,6.46344155742847,380.15968849999996,9,3,2.2426999999999992,True
CHEMBL5440832,CDK2,344.53,nM,COc1ccc(Cc2nnc(N3CCN(C(=O)Nc4ccc(OC)cc4)CC3)c3ccccc23)cc1,6.4627729558544775,483.227039788,6,1,4.591900000000004,True
CHEMBL2011935,CDK2,345.0,nM,COc1ccc(-c2nc3c(NCCCNC(=O)C4CC(O)C4)c(Br)cnc3[nH]2)cc1,6.462180904926726,473.1062517280001,6,4,3.0851000000000006,True
CHEMBL5774515,CDK2,346.0,nM,Cc1nc2c(F)cc(-c3nc(Nc4ccc5c(n4)CCN(C(=O)OCCN(C)C)C5)ncc3F)cc2n1C1CC1,6.460923901207224,548.2459786400001,8,1,4.609720000000004,True
CHEMBL1081119,CDK2,348.0,nM,N[C@H](CNc1nnc(-c2ccc3cnccc3c2)o1)Cc1ccc(C(F)(F)F)cc1,6.458420756053419,413.146344856,6,2,4.2855000000000025,True
CHEMBL4777981,CDK1,348.0,nM,COc1ccc(F)cc1-c1c(F)cnc2[nH]c(C3=CCN([C@H]4CC[C@H](C(=O)O)CC4)CC3)cc12,6.458420756053419,467.20204816399996,4,2,5.249200000000004,True
CHEMBL5950426,CDK1,348.0,nM,Cc1nc2c(F)cc(-c3nc(Nc4ccc5c(n4)CCN(C(=O)N(C)CCN(C)C)C5)ncc3F)cc2n1C1CC1,6.458420756053419,561.2776131160001,7,1,4.524920000000004,True
CHEMBL4796500,CDK9,350.0,nM,CC(=O)N[C@@H]1CCC[C@H](C(=O)Nc2cc(-c3cnn4c3OCCC4)c(Cl)cn2)C1,6.455931955649724,417.156767308,5,2,3.014400000000001,True
CHEMBL173353,CDK1,350.0,nM,CCn1cnc2c(Nc3cccc(F)c3)nc(N[C@H]3CC[C@@H](N)CC3)nc21,6.455931955649724,369.207721988,6,3,3.410700000000001,True
CHEMBL3972796,CDK2,350.0,nM,CCOC(=O)N=S(C)(=O)Cc1cccc(Nc2ncc(F)c(-c3cccc4c3OCC4)n2)c1,6.455931955649724,470.14240443600005,7,1,4.715500000000004,True
CHEMBL3641926,CDK4,350.0,nM,CNC1CCN(c2ccc(Nc3ncc4c5ccncc5n([C@@H](C)CO)c4n3)nc2)CC1,6.455931955649724,432.238607516,8,3,2.8596000000000013,True
CHEMBL3642017,CDK6,350.0,nM,O[C@H]1CCN(C2CCN(c3ccc(Nc4ncc5c6ccncc6n(C6CCCC6)c5n4)nc3)CC2)C1,6.455931955649724,498.2855577080001,8,2,4.268600000000004,True
CHEMBL337411,CDK1,350.0,nM,CC(C)n1cnc2c(NCc3ccccc3)nc(C#CCCO)nc21,6.455931955649724,335.174610292,5,2,2.753200000000001,True
CHEMBL3641961,CDK4,350.0,nM,O[C@@H]1CCN(c2ccc(Nc3ncc4c5ccncc5n([C@H]5CCC[C@@H]5O)c4n3)nc2)C1,6.455931955649724,431.20697304000004,8,3,2.7750000000000004,True
CHEMBL5198038,CDK2,350.0,nM,CC(C)n1cc(-c2ccnc3[nH]c(C4CCN(CC(=O)N(C)C)CC4)cc23)ccc1=O,6.455931955649724,421.247775232,4,1,3.2401000000000018,True
CHEMBL5190046,CDK2,350.0,nM,CNS(=O)(=O)c1ccc(Nc2ncc3c(n2)N([C@@H]2CCC[C@@]2(C)O)C(=O)C32CC2)cc1,6.455931955649724,443.16272527999996,7,3,1.8099999999999992,True
CHEMBL332765,CDK1,350.0,nM,CN(C)c1ccc(Nc2[nH]nc3ncnc(Nc4cccc(Cl)c4)c23)cc1,6.455931955649724,379.131221256,6,3,4.5595000000000026,True
CHEMBL3589774,CDK9,350.0,nM,O=C(O)c1nc2ccsc2c2[nH]c3c(Cl)cccc3c12,6.455931955649724,301.991676144,3,2,4.282400000000002,True
CHEMBL497306,CDK2,350.0,nM,COc1cccc(F)c1C(=O)Nc1c[nH]nc1C(=O)NC1CCNCC1,6.455931955649724,361.15501772000005,5,4,1.2914999999999999,True
CHEMBL272389,CDK1,350.0,nM,CS(=O)(=O)c1ccc2c(c1)/C(=N/Nc1ccc(S(N)(=O)=O)cc1)C(=O)N2,6.455931955649724,394.04056154799997,7,3,0.5058000000000005,True
CHEMBL3085237,CDK1,350.0,nM,CC(C)n1cnc2c(NCc3ccc4c(c3)OCO4)nc(N3CCC[C@@H]3CO)nc21,6.455931955649724,410.206638692,8,2,2.7091000000000007,True
CHEMBL176908,CDK1,350.0,nM,CCn1cnc2c(Nc3cccc(C#N)c3)nc(N[C@H]3CC[C@@H](N)CC3)nc21,6.455931955649724,376.21239276800003,7,3,3.1432800000000007,True
CHEMBL258765,CDK4,350.0,nM,O=C1c2ccccc2-[n+]2ccc3c([nH]c4ccccc43)c21.[Cl-],6.455931955649724,306.05599065200005,1,1,0.14619999999999994,True
CHEMBL366620,CDK1,350.0,nM,CCn1cnc2c(Nc3cccc(C#N)c3)nc(N[C@@H]3CCCC[C@@H]3N)nc21,6.455931955649724,376.21239276800003,7,3,3.1432800000000007,True
CHEMBL203407,CDK2,350.0,nM,NS(=O)(=O)c1ccc(Nc2cc(OC3CCCCC3)nc3ncnn23)cc1,6.455931955649724,388.1317595000001,7,2,2.2268,True
CHEMBL215205,CDK9,350.0,nM,Nc1n[nH]c(N)c1/N=N/c1ccc(O)cc1,6.455931955649724,218.09160894,6,4,1.6950999999999996,True
CHEMBL5093557,CDK6,351.0,nM,CS(=O)(=O)N1CCN(Cc2ccc(Nc3ncc(F)c(-c4ccc5nccnc5c4)n3)nc2)CC1,6.454692883534176,494.1648711960001,9,1,2.4417,True
CHEMBL5531956,CDK2,351.4,nM,CC[C@@H](CO)Nc1nc(NCc2ccc(NC(C)=O)cc2)n2ncc(C(C)C)c2n1,6.454198242840723,411.2382731680001,7,4,3.0010000000000012,True
CHEMBL1231206,CDK1,354.0,nM,Cc1ccc(-c2ccc3c(ccc4sc5c(c43)NC[C@@H](C)NC5=O)n2)cn1,6.450996737974212,374.12013219600004,5,2,4.363720000000003,True
CHEMBL6134563,CDK6,354.0,nM,CN1CCN(c2ccc(Nc3ncc(F)c(-c4ccc5c(c4)OC4(CCCCC4)CC5=O)n3)nc2)CC1,6.450996737974212,502.249252452,8,1,4.841200000000003,True
CHEMBL496567,CDK9,355.0,nM,CC(C)(C)c1cnc(CSc2cnc(N[C@H]3CC[C@H](N)CC3)s2)o1,6.449771646944906,366.154803452,7,2,4.402700000000003,True
CHEMBL191336,CDK6,356.0,nM,OCCCNc1cc(-c2ncnc(Nc3cccc(Cl)c3)n2)ccn1,6.448550002027124,356.11523684400004,7,3,3.1249000000000002,True
CHEMBL5765752,CDK1,357.0,nM,Cc1nc2c(F)cc(-c3nc(Nc4ccc5c(n4)CCN(C(=O)CCN(C)C)C5)ncc3F)cc2n1C1CCC1,6.447331783887806,546.2667140840001,7,1,4.779920000000004,True
CHEMBL5883845,CDK1,357.0,nM,Cc1nc2c(F)cc(-c3nc(Nc4ccc5c(n4)CCN(C(=O)CN(C)C)C5)ncc3F)cc2n1C1CCC1,6.447331783887806,532.2510640200001,7,1,4.389820000000004,True
CHEMBL4445727,CDK2,358.0,nM,CCn1c(C)nc2c(F)cc(-c3nc(Nc4ccc5c(n4)CCN(CCN(C)C)C5)ncc3F)cc21,6.446116973356125,492.2561494000001,7,1,4.158120000000003,True
CHEMBL6160348,CDK1,358.0,nM,Cc1ccc(O)c(C)c1-n1c(N)c(C(N)=O)c2c(=O)n(CCF)c(C)nc21,6.446116973356125,373.15501772000005,5,3,1.46866,True
CHEMBL5563675,CDK1,358.0,nM,Cc1cc2n(n1)CCN(C(=O)c1c(N)n(-c3c(C)ccc(O)c3C)c3nc(C)c(C)nc13)C2,6.446116973356125,445.22262310400004,6,2,3.1029000000000018,True
CHEMBL5555666,CDK2,358.4,nM,CC[C@@H](CO)Nc1nc(NCc2ccc(NC(=O)C3CCOCC3)cc2)n2ncc(C(C)C)c2n1,6.445631999009912,481.28013798000006,8,4,3.407700000000002,True
CHEMBL186800,CDK4,359.0,nM,Nc1nc2ccc(C(=O)c3c(F)cccc3F)cn2c1C(=O)c1c(Cl)cccc1Cl,6.44490555142168,445.019638392,4,1,4.9635000000000025,True
CHEMBL3702163,CDK6,360.0,nM,COc1ccc(-c2ccc(Nc3ncc4c5ccncc5n(C5CCCC5)c4n3)nn2)cn1,6.443697499232712,438.1916573240001,8,1,4.698800000000004,True
CHEMBL3668346,CDK9,360.0,nM,COc1cc(F)ccc1-c1ccnc2[nH]c(C3CNC(C)(C)CO3)cc12,6.443697499232712,355.16960516399996,4,2,3.8171000000000026,True
CHEMBL3641964,CDK4,360.0,nM,CNC1CCN(c2ccc(Nc3ncc4c5ccncc5n([C@H]5CCC[C@@H]5O)c4n3)nn2)CC1,6.443697499232712,459.24950654800006,9,3,2.7872000000000003,True
CHEMBL1823663,CDK2,360.0,nM,CN1CC([C@@H](NC(=O)c2ccc3cnccc3c2)c2ccc(Cl)c(Cl)c2)C1,6.443697499232712,399.090517588,3,1,4.574300000000004,True
CHEMBL405042,CDK2,360.0,nM,C/C(Nc1ccc(S(N)(=O)=O)cc1)=C1/C(=O)Nc2ccccc21,6.443697499232712,329.08341234000005,4,3,2.1292,True
CHEMBL1800458,CDK2,360.0,nM,Nc1nc(-c2cc(N3C[C@H](O)[C@@H](O)C3)ccc2O)cc(C2CCCNC2)n1,6.443697499232712,371.1957396600001,8,5,0.4401999999999993,True
CHEMBL6014795,CDK1,360.0,nM,Cc1nc2c(F)cc(-c3nc(Nc4ccc5c(n4)CCN(C(=O)C4CCCN4)C5)ncc3F)cc2n1C1CC1,6.443697499232712,530.2354139560001,7,2,4.190120000000003,True
CHEMBL571897,CDK1,360.0,nM,COc1ccc2sc3c(c2c1)CCCNC3=O,6.443697499232712,247.066699656,3,1,2.5859000000000005,True
CHEMBL3641915,CDK4,360.0,nM,C[C@@H](O)Cn1c2cnccc2c2cnc(Nc3ccc(N4CCNCC4)cn3)nc21,6.443697499232712,404.20730738800006,8,3,1.9084999999999996,True
CHEMBL3823522,CDK2,361.0,nM,COc1nn(C2CCN(C(C)=O)CC2)cc1Nc1ncc(Cl)c(-c2cnn3ccccc23)n1,6.442492798094342,466.1632496560001,7,1,3.5768000000000013,True
CHEMBL4462530,CDK6,363.0,nM,CC(=O)N[C@@H]1CCC[C@H](C(=O)Nc2cc(-c3cnn4c3CC(C)(C)C4)c(Cl)cn2)C1,6.440093374963888,429.193152816,4,2,3.8142000000000023,True
CHEMBL5950426,CDK2,364.0,nM,Cc1nc2c(F)cc(-c3nc(Nc4ccc5c(n4)CCN(C(=O)N(C)CCN(C)C)C5)ncc3F)cc2n1C1CC1,6.438898616350944,561.2776131160001,7,1,4.524920000000004,True
CHEMBL3913590,CDK2,367.0,nM,CC(C)N1CCN(C(=O)c2ccc(Nc3ncc4cc5n(c4n3)C3(CCCCC3)CNC5=O)nc2)CC1,6.435333935747911,502.28047232800003,7,2,3.1389000000000014,True
CHEMBL4455210,CDK1,368.0,nM,Cc1nc2c(F)cc(-c3nc(Nc4ccc5c(n4)CCN(CCN(C)C)C5)ncc3F)cc2n1C1CC1,6.434152181326482,504.2561494000001,7,1,4.473120000000003,True
CHEMBL6190213,CDK6,368.9,nM,CN(C)C(=O)c1cc2cnc(Nc3ccc(C(=O)NCCc4nc5c(C(N)=O)cccc5[nH]4)cc3Cl)nc2n1C1CCCC1,6.433091344773197,613.2316635640001,7,4,4.592900000000003,True
CHEMBL2011928,CDK2,370.0,nM,COc1ccc(-c2nc3c(NCCCNC(C)=O)c(Br)cnc3[nH]2)cc1,6.431798275933005,417.08003698000005,5,3,3.334100000000001,True
CHEMBL5754632,CDK9,370.0,nM,O=C(Nc1cc(-c2ccc3nnn(CCCc4cccc(F)c4)c3c2)c(Cl)cn1)[C@@H]1CCCNC1,6.431798275933005,492.18406535200006,5,2,4.856700000000004,True
CHEMBL5421048,CDK2,370.0,nM,Cn1cc(CCNc2ccc([N+](=O)[O-])cc2C(=O)O)c2ccc(F)cc21,6.431798275933005,357.112484212,4,2,3.578400000000001,True
CHEMBL503917,CDK2,370.0,nM,N#Cc1cnn2cccnc12,6.431798275933005,144.043596128,3,0,0.6009799999999998,True
CHEMBL3668416,CDK9,370.0,nM,CN1CCC(c2cc3c(-c4cccc(N(C)CCN5CCCC5=O)n4)ccnc3[nH]2)CC1,6.431798275933005,432.26375964400006,5,1,3.492700000000002,True
CHEMBL4455718,CDK9,370.0,nM,COC(=O)N1CCN([C@H]2CC[C@H](Nc3ncnc4ccc(C#N)cc34)CC2)CC1,6.431798275933005,394.21172407200004,7,1,2.60858,True
CHEMBL454645,CDK9,370.0,nM,CC1CCC(C(=O)Nc2ncc(SCc3ncc(C(C)(C)C)o3)s2)CN1,6.431798275933005,394.1497180719999,7,2,4.047500000000003,True
CHEMBL3641915,CDK6,370.0,nM,C[C@@H](O)Cn1c2cnccc2c2cnc(Nc3ccc(N4CCNCC4)cn3)nc21,6.431798275933005,404.20730738800006,8,3,1.9084999999999996,True
CHEMBL4062453,CDK2,370.0,nM,CN(C)CCn1cc(-c2ccn3c(-c4ccc(C(N)=O)c(OCc5cccc(F)c5)c4)cnc3c2)cn1,6.431798275933005,498.21795232400007,5,1,4.243400000000003,True
CHEMBL4462530,CDK1,370.0,nM,CC(=O)N[C@@H]1CCC[C@H](C(=O)Nc2cc(-c3cnn4c3CC(C)(C)C4)c(Cl)cn2)C1,6.431798275933005,429.193152816,4,2,3.8142000000000023,True
CHEMBL3702212,CDK4,370.0,nM,COCCn1c2cnccc2c2cnc(Nc3ccc(N4CCNCC4)cn3)nc21,6.431798275933005,404.20730738800006,8,2,2.1741,True
CHEMBL3702240,CDK4,370.0,nM,CNC1CCN(c2ccc(Nc3ncc4c5ccncc5n([C@@H]5CCNC5)c4n3)nc2)CC1,6.431798275933005,443.2545919280001,8,3,2.840700000000001,True
CHEMBL5754925,CDK2,371.0,nM,Cc1nc2c(F)cc(-c3nc(Nc4ccc5c(n4)CCN(C[C@@H](O)CN(C)C)C5)ncc3F)cc2n1C1CC1,6.430626090384954,534.2667140840001,8,2,3.8340200000000024,True
CHEMBL5597651,CDK9,372.0,nM,COc1cc(F)ccc1-c1cc(Nc2cnn(CCCCCCC(=O)NO)c2)ncc1F,6.429457060118103,445.1925461,6,3,4.431400000000003,True
CHEMBL5556607,CDK1,375.0,nM,CC(C)(O)Cn1cc(-c2nc(NC3CCN(S(=O)(=O)C4CC4)CC3)ncc2C#N)cn1,6.425968732272281,445.1896087240001,8,2,1.3511799999999992,True
CHEMBL5207533,CDK2,375.0,nM,C[C@H]1CC[C@@H](n2c3cnccc3c3cnc(Nc4ccc5c(n4)CCN(C(=O)CO)C5)nc32)CC1,6.425968732272281,471.23827316800003,7,2,3.7463000000000015,True
CHEMBL5558604,CDK9,375.4,nM,CC(C)c1cnn2c(NCc3ccc(NC(=O)CCCCCCO)cc3)nc(OC3CCN(C)CC3)nc12,6.425505731714672,523.327088172,8,3,4.214100000000004,True
CHEMBL82603,CDK2,376.0,nM,Cc1cc(-c2ccc[nH]2)c2c3c(ccc(F)c13)NC2=O,6.424812155072339,266.085541192,1,2,3.8481200000000015,True
CHEMBL3655768,CDK9,380.0,nM,CC[C@H](Nc1nc(NCC2CC2)c2ncn(C(C)C)c2n1)[C@@H](C)O,6.42021640338319,332.23245951599995,6,3,2.800400000000001,True
CHEMBL5542882,CDK9,380.0,nM,COc1ccc(CNC(=O)Cn2cc(COc3ccc4c(C)cc(=O)oc4c3C)nn2)cc1,6.42021640338319,448.174669868,7,1,2.9053400000000007,True
CHEMBL367614,CDK1,380.0,nM,CCn1cnc2c(Nc3ccc(F)cc3)nc(NCCO)nc21,6.42021640338319,316.144787384,6,3,2.1331,True
CHEMBL3702214,CDK4,380.0,nM,COCCn1c2cnccc2c2cnc(Nc3ccc(N4CCC(N(C)C)CC4)cn3)nc21,6.42021640338319,446.25425758000006,8,1,3.294900000000002,True
CHEMBL3976450,CDK2,380.0,nM,CCS(=N)(=O)Cc1cccc(Nc2ncc(F)c(-c3ccc(F)cc3OC)n2)c1,6.42021640338319,418.12750331999996,6,2,4.740670000000003,True
CHEMBL3642012,CDK6,380.0,nM,FC(F)(F)CNC1CCN(c2ccc(Nc3ncc4c5ccncc5n(C5CCCC5)c4n3)nn2)CC1,6.42021640338319,511.2419765560001,8,2,4.748900000000003,True
CHEMBL5913087,CDK9,380.0,nM,CS(=O)(=O)c1ccc(CN2CCc3ccc(-c4cc(NC(=O)C5CCCNC5)ncc4Cl)cc32)cc1,6.42021640338319,524.1648894680001,6,2,4.306300000000003,True
CHEMBL6149920,CDK6,384.0,nM,CC(=O)N1CCC2(CC1)CC(=O)c1ccc(-c3nc(Nc4ccc(CN5CCN(C(=O)OC(C)(C)C)CC5)cn4)ncc3F)cc1O2,6.415668775632469,645.3074956,10,1,4.820300000000005,True
CHEMBL5597605,CDK9,384.5,nM,COc1cc(F)ccc1-c1cc(Nc2ccc(NC(=O)CCCCCCC(=O)NO)cc2)ncc1F,6.41510365586255,498.207861816,6,4,5.563500000000004,True
CHEMBL4439321,CDK9,385.0,nM,COc1cc(F)ccc1-c1ncnc(Nc2cccc(C[S@](C)(=N)=O)c2)n1,6.414539270491499,387.116524036,7,2,3.6064700000000007,True
CHEMBL6161916,CDK6,389.0,nM,CC(=O)N1CCC2(CC1)CC(=O)c1ccc(-c3nc(Nc4ccc(CN5CCN(C(=O)C6CC6)CC5)cn4)ncc3F)cc1O2,6.410050398674292,613.281280852,9,1,3.821800000000003,True
CHEMBL552339,CDK1,390.0,nM,C[C@@H]1CNc2c(sc3ccc4nc(-c5ccncc5)ccc4c23)C(=O)N1,6.4089353929735005,360.104482132,5,2,4.055300000000003,True
CHEMBL3896241,CDK9,390.0,nM,O=C(O)CC1CCC(N2CC=C(c3[nH]c4nccc5c4c3COc3ccc(F)cc3-5)CC2)CC1,6.4089353929735005,461.21146997599993,4,2,5.384000000000006,True
CHEMBL5876277,CDK9,390.0,nM,CN(CCCNc1cc(-c2ccc3ncn(Cc4cccc(F)c4)c3c2)c(Cl)cn1)c1ccccc1,6.4089353929735005,499.19390176400003,4,1,6.877500000000006,True
CHEMBL3648098,CDK2,390.0,nM,C[C@H](CO)Nc1nc(Nc2ccc(S(C)(=O)=NS(=O)(=O)CC[Si](C)(C)C)cc2)ncc1Br,6.4089353929735005,563.06918507,8,3,3.900100000000003,True
CHEMBL2012415,CDK1,390.0,nM,Cn1cc(Nc2ncc3cnn([C@@H]4C[C@H]5C[C@H]5C4)c3n2)cc1C(=O)N1CCC[C@@H]1CN1CCOCC1,6.4089353929735005,490.280472328,7,1,2.816200000000001,True
CHEMBL1922211,CDK2,390.0,nM,CC[C@H](Nc1nc(NCc2cccnc2)c2ncn(C(C)C)c2n1)C(O)C(C)(C)C,6.4089353929735005,411.274658676,7,3,4.011800000000003,True
CHEMBL5173041,CDK1,390.0,nM,COc1cc(C(=O)N2CCCC2)ccc1-c1ccnc2[nH]c(-c3ccc(CN4CCOCC4)cc3)nc12,6.4089353929735005,497.24268985200007,6,1,4.368700000000003,True
CHEMBL2163607,CDK2,390.0,nM,N[C@H]1CC[C@H](Nc2cc(Nc3ccccc3Cl)n3nccc3n2)CC1,6.4089353929735005,356.15162235200006,5,3,3.8081000000000014,True
CHEMBL6064706,CDK9,390.0,nM,CC(C)(CN)Nc1cc(-c2ccc3ncn(Cc4cccc(F)c4)c3c2)c(Cl)cn1,6.4089353929735005,423.16260163600003,4,2,5.088300000000004,True
CHEMBL6035906,CDK9,390.0,nM,Fc1cccc(Cn2cnc3ccc(-c4cc(NCc5cncnc5)ncc4Cl)cc32)c1,6.4089353929735005,444.1265504760001,5,1,5.341200000000002,True
CHEMBL3702231,CDK4,390.0,nM,CC[C@H](C)n1c2cnccc2c2cnc(Nc3ccc(N4CCNCC4)nn3)nc21,6.4089353929735005,403.22329180000014,8,2,2.893700000000001,True
CHEMBL3823007,CDK2,392.0,nM,Cc1nn(C2CCNCC2)cc1Nc1ncc(Cl)c(-c2cnc3ccccn23)n1,6.406713932979542,408.1577703520001,6,2,3.617720000000002,True
CHEMBL3822543,CDK2,392.0,nM,Cc1c(Nc2ncc(Cl)c(-c3cnc4ccccn34)n2)cnn1C1CCNCC1,6.406713932979542,408.1577703520001,6,2,3.617720000000002,True
CHEMBL362967,CDK1,392.0,nM,Brc1cnc(Nc2ccc3[nH]cnc3c2)nc1NC1CCCc2ccccc21,6.406713932979542,434.08545670800004,5,3,5.348500000000003,True
CHEMBL4215568,CDK6,392.0,nM,CCN1CCN(Cc2ccc(Nc3ncc(F)c(-c4cc(F)c5nc6n(c5c4)CC(C)C6)n3)nc2)CC1,6.406713932979542,504.2561494000001,7,1,4.2398000000000025,True
CHEMBL3942483,CDK2,393.0,nM,O=C1NCC2(CCCC2)n2c1cc1cnc(Nc3ccc(C(=O)N4CCN(CC5CC5)CC4)cn3)nc12,6.405607449624574,500.2648222640001,7,2,2.750400000000001,True
CHEMBL6146765,CDK2,393.6,nM,COCC(C)N1CCC(c2cc3c(-c4cnn(CC5CC5)c4)c(Cl)cnc3[nH]2)CC1,6.404944910240696,427.21388826000003,4,1,4.704100000000004,True
CHEMBL498200,CDK9,395.0,nM,Nc1nccc(-c2cc3c([nH]2)C(CCC(F)(F)F)CNC3=O)n1,6.403402904373539,325.115044728,4,3,2.2234,True
CHEMBL5199065,CDK2,396.0,nM,CCC(CC)c1cc(N[C@H]2CC[C@H](N)C2)n2nccc2n1,6.402304814074488,287.21099580000003,4,2,2.9246000000000008,True
CHEMBL3698727,CDK6,396.0,nM,c1cc2c3cnc(Nc4ccc(NCC5CNC5)nn4)nc3n(C3CCCC3)c2cn1,6.402304814074488,415.2232918000001,8,3,3.259500000000001,True
CHEMBL5431456,CDK2,396.35,nM,COc1ccc(Cc2nnc(N3CCN(C(=S)Nc4ccc(OC)cc4)CC3)c3ccccc23)cc1,6.401921137470582,499.204196168,6,1,4.756800000000005,True
CHEMBL5517681,CDK2,397.9,nM,CC(=O)Nc1ccc(CNc2nc(N3CCC[C@H](O)C3)nc3c(C(C)C)cnn23)cc1,6.400226060853612,423.2382731680001,7,3,2.779300000000001,True
CHEMBL103104,CDK1,398.0,nM,NS(=O)(=O)c1ccc(Nc2cc(-c3cccc(O)c3)n[nH]2)cc1,6.400116927926312,330.07866130800005,5,4,2.1733000000000002,True
CHEMBL319685,CDK1,398.0,nM,COc1cccc(-c2cc(Nc3ccc(S(N)(=O)=O)cc3)[nH]n2)c1,6.400116927926312,344.09431137200005,5,3,2.4762999999999993,True
CHEMBL5569715,CDK2,398.0,nM,CC(C)(O)Cn1cc(-c2nc(NC3CCN(S(=O)(=O)C4CC4)CC3)ncc2C(F)(F)F)cn1,6.400116927926312,488.18174438400007,7,2,2.4983000000000004,True
CHEMBL5527858,CDK2,398.4,nM,CC(=O)Nc1ccc(CNc2nc(N3CCC[C@@H](O)C3)nc3c(C(C)C)cnn23)cc1,6.399680670248339,423.2382731680001,7,3,2.779300000000001,True
CHEMBL485602,CDK2,400.0,nM,COCCN(C)S(=O)(=O)c1ccc(Nc2nccc(-c3cnc(C)n3C)n2)cc1,6.3979400086720375,416.1630596280001,7,1,2.19602,True
CHEMBL5746222,CDK9,400.0,nM,O=C(Nc1cc(-c2ccc3ncn(CC4CCOCC4)c3c2)c(Cl)cn1)[C@H]1CCC[C@@H](C(=O)N2CCC[C@H]2CO)C1,6.3979400086720375,579.2612323760001,6,2,4.906500000000006,True
CHEMBL495771,CDK4,400.0,nM,c1cc(-c2cnn3nc(N4CCOCC4)ccc23)nc(NC2CC2)n1,6.3979400086720375,337.16510822800007,7,1,1.5971999999999997,True
CHEMBL3940387,CDK2,400.0,nM,CC(C)c1c2cc(-c3ccnc(N[C@H]4CC[C@H](NC5CCOCC5)CC4)n3)ccc2nn1C,6.3979400086720375,448.29505977200006,6,2,4.645400000000004,True
CHEMBL555229,CDK2,400.0,nM,Sc1nn2c(COc3ccc(Cl)cc3)nnc2s1,6.3979400086720375,297.97498052400005,6,1,2.706900000000001,True
CHEMBL3935574,CDK9,400.0,nM,CN1Cc2c(C3=CC4CCCC(C3)N4S(C)(=O)=O)[nH]c3nccc(c23)-c2cc(F)ccc21,6.3979400086720375,452.16822526000004,4,1,4.288600000000003,True
CHEMBL329505,CDK1,400.0,nM,O=C1Cc2c([nH]c3ccc(C(F)(F)F)cc23)-c2ccccc2N1,6.3979400086720375,316.08234763200005,1,2,4.348300000000002,True
CHEMBL336283,CDK1,400.0,nM,CCC(C)(O)C#Cc1nc(NCCc2ccc(OC)cc2)c2ncn(C(C)C)c2n1,6.3979400086720375,407.2321251680001,6,2,3.582900000000002,True
CHEMBL1802728,CDK2,400.0,nM,CCN(CC)C(=O)c1ccc(Nc2nc(OCC3CCCCC3)c3nc[nH]c3n2)cc1,6.3979400086720375,422.24302420000004,6,2,4.537600000000003,True
CHEMBL284899,CDK1,400.0,nM,CCC(C)(O)C#Cc1nc(Nc2ccccc2)c2ncn(C(C)C)c2n1,6.3979400086720375,349.19026035600007,5,2,3.663300000000002,True
CHEMBL3979619,CDK9,400.0,nM,CCOC(=O)C1CC=C(c2[nH]c3nccc4c3c2CN(C)c2ccc(F)cc2-4)CC1,6.3979400086720375,405.18525522799996,4,1,5.065400000000005,True
CHEMBL3702213,CDK6,400.0,nM,COCCn1c2cnccc2c2cnc(Nc3ccc(N4CCNCC4)nn3)nc21,6.3979400086720375,405.2025563560001,9,2,1.5690999999999995,True
CHEMBL203571,CDK2,400.0,nM,CCN(CC)c1cc(Nc2ccc(S(N)(=O)=O)cc2)n2ncnc2n1,6.3979400086720375,361.1320938480001,7,2,1.3615,True
CHEMBL418203,CDK4,400.0,nM,CN1CCC(c2c(O)cc(O)c3c(=O)cc(-c4ccccc4Cl)oc23)[C@@H](O)C1,6.3979400086720375,401.10300041999994,6,3,3.3046000000000015,True
CHEMBL3109949,CDK2,400.0,nM,COc1ccc(Nc2cc3[nH]c(-c4cn[nH]c4)cc3cn2)cc1,6.3979400086720375,305.1276601,4,3,3.7052000000000014,True
CHEMBL296586,CDK1,400.0,nM,O=C1Cc2c([nH]c3ccc(Br)cc23)-c2ccccc2N1,6.3979400086720375,326.0054750720001,1,2,4.092000000000002,True
CHEMBL5187219,CDK9,400.0,nM,COc1cc(F)ccc1-c1ccnc2[nH]c(C3CCOCC3)cc12,6.3979400086720375,326.143056068,3,1,4.271600000000003,True
CHEMBL3946356,CDK9,400.0,nM,CN1Cc2c(C3CCNCC3)[nH]c3nccc(c23)-c2cc(F)ccc21,6.3979400086720375,336.175024892,3,2,3.785800000000002,True
CHEMBL388978,CDK6,402.0,nM,CN[C@@H]1C[C@H]2O[C@@](C)([C@@H]1OC)n1c3ccccc3c3c4c(c5c6ccccc6n2c5c31)C(=O)NC4,6.39577394691553,466.200490692,4,2,4.354000000000003,True
CHEMBL5512517,CDK2,402.6,nM,CC[C@@H](CO)Nc1cc(NCc2ccc(NC(C)=O)cc2)n2ncc(C(C)C)c2n1,6.395126229447364,410.24302420000004,6,4,3.6060000000000025,True
CHEMBL390715,CDK1,404.8,nM,COc1ccc2cc3c4c(cc(OC)c(OC)c4c2c1)C(=O)N3,6.3927594961682574,309.10010796,4,1,3.584500000000003,True
CHEMBL3698686,CDK6,406.0,nM,Cc1cc(N2CCNCC2)cnc1Nc1ncc2c3ccncc3n(C3CCCC3)c2n1,6.391473966422806,428.243692896,7,2,3.951220000000002,True
CHEMBL102241,CDK2,407.0,nM,COc1ccc(-c2cc(Nc3ccc(S(N)(=O)=O)cc3)[nH]n2)cc1F,6.39040559077478,362.0848895600001,5,3,2.6154,True
CHEMBL3921855,CDK2,410.0,nM,COc1cc(F)ccc1-c1nc(Nc2cccc(CS(=N)(=O)C3CC3)c2)ncc1F,6.3872161432802645,430.12750332,6,2,4.8831700000000025,True
CHEMBL6024465,CDK9,410.0,nM,O[C@H]1CC[C@H](Nc2cc(-c3ccc4c(c3)N(Cc3cccc(F)c3)CC4)c(Cl)cn2)CC1,6.3872161432802645,451.182668384,4,2,5.819200000000004,True
CHEMBL389102,CDK1,410.0,nM,N#Cc1cnc(Nc2ccc(CCO)cc2)nc1-c1ccc2[nH]ccc2c1,6.3872161432802645,355.14331016400007,5,3,3.774980000000002,True
CHEMBL569720,CDK2,410.0,nM,Cc1cc(Nc2nc(N[C@@H](C)c3ncc(F)cn3)c(C#N)nc2C)n[nH]1,6.3872161432802645,353.15126973200006,8,3,2.534019999999999,True
CHEMBL3787112,CDK2,410.0,nM,Nc1ncnc2c1c(-c1cccc(O)c1)cn2[C@H]1C[C@@H](CN2CCC2)C1,6.3872161432802645,349.19026035600007,5,2,3.0429000000000013,True
CHEMBL5867965,CDK9,410.0,nM,CN1CCC(Nc2cc(-c3ccc4ncn(Cc5cccc(F)c5)c4c3)c(Cl)cn2)CC1,6.3872161432802645,449.17825170000003,4,1,5.445200000000005,True
CHEMBL3934257,CDK2,410.0,nM,COc1cc(F)ccc1-c1nc(Nc2cc(F)cc(CS(=N)(=O)C3CC3)c2)ncc1F,6.3872161432802645,448.11808150800005,6,2,5.022270000000003,True
CHEMBL4214898,CDK1,411.9,nM,CCN1CCN(Cc2ccc(Nc3cc(-c4cc(F)c5nc(C)n(C(C)C)c5c4)ncn3)nc2)CC1,6.385208208043583,488.2812212760001,7,1,4.797820000000003,True
CHEMBL248370,CDK2,412.0,nM,CCNC(=O)N1CCC(Nc2ncc(C#N)c(-c3c[nH]c4cc(F)ccc34)n2)CC1,6.3851027839668655,407.18698654400004,5,3,3.241480000000001,True
CHEMBL5517691,CDK2,412.15,nM,CC(=O)Nc1ccc(CNc2nc(O[C@@H]3CCCNC3)nc3c(C(C)C)cnn23)cc1,6.384944695820279,423.2382731680001,7,3,2.9490000000000016,True
CHEMBL6044246,CDK2,413.0,nM,Cc1nc2c(F)cc(-c3nc(Nc4ccc5c(n4)CCN(CC(=O)N(C)C)C5)ncc3F)cc2n1C1CC1,6.384049948343598,518.2354139560001,7,1,3.9997200000000026,True
CHEMBL4470529,CDK4,417.0,nM,COc1cc(N2CCN(CCN(C)C)C2=O)ccc1Nc1ncc(Cl)c(Nc2ccccc2S(=O)(=O)C(C)C)n1,6.379863945026242,587.208151248,9,2,4.611500000000003,True
CHEMBL3932161,CDK9,417.0,nM,CC[C@@H]1c2c(C3=CCNCC3)[nH]c3nccc(c23)-c2cc(F)ccc2N1C,6.379863945026242,362.19067495600007,3,2,4.646600000000003,True
CHEMBL3941083,CDK9,420.0,nM,CN(C)C(=O)CN1CCC=C(c2[nH]c3nccc4c3c2CN(C)c2ccc(F)cc2-4)C1,6.376750709602099,419.21213867200004,4,1,3.496100000000002,True
CHEMBL1800462,CDK1,420.0,nM,CN1CCN(c2cc(-c3cc(N4C[C@H](O)[C@@H](O)C4)ccc3O)nc(N)n2)CC1,6.376750709602099,386.206638692,9,4,-0.27500000000000036,True
CHEMBL3969125,CDK9,420.0,nM,CN1Cc2c(C3=CCCN(CC(=O)N(C)C4CC(O)C4)C3)[nH]c3nccc(c23)-c2cc(F)ccc21,6.376750709602099,475.23835342,5,2,3.3896000000000015,True
CHEMBL5572884,CDK1,420.0,nM,Cc1ccc(O)c(C)c1-n1c(N)c(C(=O)N2CCn3nccc3C2)c2nc(C)c(C)nc21,6.376750709602099,431.2069730400001,6,2,2.794480000000001,True
CHEMBL3915748,CDK9,420.0,nM,CN1Cc2c(C3=CCNCC3(C)C)[nH]c3nccc(c23)-c2cc(F)ccc21,6.376750709602099,362.190674956,3,2,4.3316000000000034,True
CHEMBL2035045,CDK2,420.0,nM,CN1C/C=C/COCc2cncc(c2)-c2ccnc(n2)Nc2cccc(c2)C1,6.376750709602099,373.190260356,6,1,3.8004000000000024,True
CHEMBL2403083,CDK1,422.0,nM,NC1CCC(Nc2nc(NCc3ccc(-c4cccc(F)c4)cc3)c3ncn(C4CCCC4)c3n2)CC1,6.374687549038326,499.28597230800005,6,3,6.041400000000006,True
CHEMBL6165559,CDK6,423.0,nM,CC(=O)N1CCN(Cc2ccc(Nc3ncc(F)c(-c4ccc5c(c4)OC4(CCN(C(C)=O)CC4)CC5=O)n3)nc2)CC1,6.373659632624958,587.2656307880001,9,1,3.431700000000002,True
CHEMBL4647459,CDK9,424.0,nM,O=C1/C(=C/c2c[nH]c3ncccc23)CCc2ccccc21,6.372634143407268,274.11061306799996,2,1,3.775400000000002,True
CHEMBL5436482,CDK2,425.83,nM,COc1cccc(NC(=S)N2CCN(c3nnc(Cc4ccccc4)c4ccccc34)CC2)c1,6.370763745491634,469.19363148400004,5,1,4.748200000000004,True
CHEMBL6144286,CDK1,427.7,nM,Cn1cc(-c2c(Cl)cnc3[nH]c(C4CCNCC4)cc23)cn1,6.368860749743189,315.125073256,3,2,3.083800000000001,True
CHEMBL365209,CDK2,428.0,nM,Nc1nc2ccc(C(=O)c3ccccc3Cl)cn2c1C(=O)c1c(F)cccc1F,6.368556230986828,411.05861074399996,4,1,4.310100000000001,True
CHEMBL3916775,CDK2,430.0,nM,CNC(=O)N=S(C)(=O)Cc1cccc(Nc2ncc(F)c(-c3ccc(F)cc3OC)n2)c1,6.366531544420413,461.133316972,6,2,4.111200000000003,True
CHEMBL25840,CDK1,430.0,nM,CCC(C)(O)C#Cc1nc(NCc2ccc(Cl)c(Cl)c2)c2ncn(C(C)C)c2n1,6.366531544420413,431.12796571600006,5,2,4.838600000000004,True
CHEMBL3641969,CDK4,430.0,nM,CNC1CCN(c2ccc(Nc3ncc4c5ccncc5n(C[C@H](C)O)c4n3)nn2)CC1,6.366531544420413,433.23385648400006,9,3,2.0820999999999996,True
CHEMBL77369,CDK1,430.0,nM,CC(C)n1cnc2c(Nc3cccc(Cl)c3)nc(N3CCC[C@@H]3CO)nc21,6.366531544420413,386.16218703600003,6,2,3.765300000000003,True
CHEMBL3823030,CDK1,430.0,nM,Cc1nn(C2CCN(C(=O)[C@@H](C)O)CC2)c(C)c1Nc1ncc(Cl)c(-c2cnn3ccccc23)n1,6.366531544420413,494.1945497840001,7,2,3.5459400000000016,True
CHEMBL3085248,CDK1,430.0,nM,CC(C)n1cnc2c(Nc3ccc(Cl)c(Cl)c3)nc(N3CCC[C@@H]3CO)nc21,6.366531544420413,420.123214684,6,2,4.418700000000004,True
CHEMBL3085245,CDK1,430.0,nM,CC(C)n1cnc2c(NCc3ccc(Cl)c(Cl)c3)nc(N3CCC[C@@H]3CO)nc21,6.366531544420413,434.13886474800006,6,2,4.287200000000005,True
CHEMBL5751605,CDK9,430.0,nM,O=C(Nc1cc(-c2ccc3c(c2)N(CC2CCCN2)CC3)c(Cl)cn1)C1CCCNC1,6.366531544420413,439.21388826000003,5,3,3.454600000000002,True
CHEMBL3698727,CDK4,430.0,nM,c1cc2c3cnc(Nc4ccc(NCC5CNC5)nn4)nc3n(C3CCCC3)c2cn1,6.366531544420413,415.2232918000001,8,3,3.259500000000001,True
CHEMBL5849915,CDK9,430.0,nM,O=C(Nc1cc(-c2ccc3ncn(CC4CCOCC4)c3c2)c(Cl)cn1)[C@H]1CCN1,6.366531544420413,425.161852688,5,2,3.4787000000000017,True
CHEMBL194028,CDK1,430.0,nM,Fc1cnc(Nc2ccc3[nH]cnc3c2)nc1Nc1ccc2[nH]cnc2c1,6.366531544420413,360.12472063600006,6,4,3.8555,True
CHEMBL3668376,CDK9,430.0,nM,COc1ccc(F)cc1-c1ccnc2[nH]c(C3CCCN3C)cc12,6.366531544420413,325.15904048,3,1,4.144300000000003,True
CHEMBL5558295,CDK2,433.6,nM,CC(=O)Nc1ccc(CNc2nc(O[C@H]3CCCNC3)nc3c(C(C)C)cnn23)cc1,6.36291072646967,423.2382731680001,7,3,2.9490000000000016,True
CHEMBL5518081,CDK2,436.8,nM,CC(=O)Nc1ccc(CNc2nc(NC3COC3)nc3c(C(C)C)cnn23)cc1,6.359717370303319,395.2069730400001,7,3,2.6289000000000007,True
CHEMBL234451,CDK1,439.0,nM,Cc1nc(C)c(-c2nc(Nc3ccc(CCN(C)C)cc3)ncc2Cl)s1,6.357535479757878,387.12844438400003,6,1,4.718040000000004,True
CHEMBL189937,CDK2,439.0,nM,Cc1c(Br)c(=O)n(C2CCCC2)c2nc(Nc3ccc(N4CCNCC4)cc3)ncc12,6.357535479757878,482.1429715840001,6,2,4.130720000000002,True
CHEMBL5558178,CDK1,439.2,nM,CC(C)n1nnc2ccc(-c3ccnc(Nc4cc(C(=O)N5CCCN(C)CC5)ccn4)c3)cc21,6.357337668557964,470.25425758000006,7,1,3.9905000000000035,True
CHEMBL171975,CDK1,440.0,nM,CCn1cnc2c(Nc3cccc(F)c3)nc(NCCO)nc21,6.356547323513812,316.144787384,6,3,2.1331,True
CHEMBL6028204,CDK9,440.0,nM,CN(C)CCCn1cnc2ccc(-c3cc(NC(=O)[C@@H]4CCCNC4)ncc3Cl)cc21,6.356547323513812,440.2091372280001,5,2,3.6415000000000015,True
CHEMBL4758821,CDK9,440.0,nM,CC(=O)N[C@@H]1CCC[C@H](C(=O)Nc2cc(-c3cnn(C)c3C)c(Cl)cn2)C1,6.356547323513812,389.161852688,4,2,3.077320000000001,True
CHEMBL336242,CDK2,440.0,nM,O=C(Nc1cc(CN[C@H]2Cc3ccc(Cl)cc3C2)n[nH]1)Nc1cccc2c1[C@@H]1CCCN1C2=O,6.356547323513812,476.17275172000006,4,4,4.254800000000002,True
CHEMBL5439522,CDK2,440.0,nM,Cn1cc(CCNc2ccc([N+](=O)[O-])cc2C(=O)O)c2ccc(Cl)cc21,6.356547323513812,373.082933672,4,2,4.0927000000000024,True
CHEMBL361196,CDK2,440.0,nM,O=C(Nc1ncnc2oc(-c3cccnc3)cc12)C1CC1,6.356547323513812,280.096025624,5,1,2.633300000000001,True
CHEMBL4062453,CDK4,441.0,nM,CN(C)CCn1cc(-c2ccn3c(-c4ccc(C(N)=O)c(OCc5cccc(F)c5)c4)cnc3c2)cn1,6.355561410532161,498.21795232400007,5,1,4.243400000000003,True
CHEMBL5979966,CDK1,443.0,nM,Cc1nc2c(F)cc(-c3nc(Nc4ccc5c(n4)CCN(CCN4CCN(C)CC4)C5)ncc3F)cc2n1C(C)(C)C,6.3535962737769305,575.3296486880001,8,1,4.579020000000003,True
CHEMBL1800463,CDK2,450.0,nM,Nc1nc(NCCN2CCOCC2)cc(-c2cc(N3C[C@H](O)[C@@H](O)C3)ccc2O)n1,6.346787486224656,416.21720337599993,10,5,-0.2826999999999989,True
CHEMBL50,CDK1,450.0,nM,O=c1c(O)c(-c2ccc(O)c(O)c2)oc2cc(O)cc(O)c12,6.346787486224656,302.04265266,7,5,1.988,True
CHEMBL14762,CDK1,450.0,nM,CC[C@H](CO)Nc1nc(NCc2ccccc2)c2ncn(C(C)C)c2n1,6.346787486224656,354.216809452,6,3,3.2021000000000015,True
CHEMBL176488,CDK1,450.0,nM,CCn1cnc2c(Nc3ccc(F)cc3)nc(NCCN)nc21,6.346787486224656,315.160771796,6,3,2.0994999999999995,True
CHEMBL3823030,CDK9,450.0,nM,Cc1nn(C2CCN(C(=O)[C@@H](C)O)CC2)c(C)c1Nc1ncc(Cl)c(-c2cnn3ccccc23)n1,6.346787486224656,494.1945497840001,7,2,3.5459400000000016,True
CHEMBL3668436,CDK9,450.0,nM,CN1CCC(c2cc3c(-c4nc(NCC5CCNCC5)ccc4Cl)ccnc3[nH]2)CC1,6.346787486224656,438.22987267200006,5,3,4.499000000000003,True
CHEMBL2064628,CDK2,450.0,nM,CN(C)C[C@@H](OC(=O)N1Cc2c(NC(=O)C(C)(C)C)n[nH]c2C1(C)C)c1ccccc1,6.346787486224656,427.25833991600007,5,2,3.8845000000000027,True
CHEMBL1800453,CDK2,450.0,nM,CCCCCCc1cc(-c2cc(N3C[C@H](O)[C@@H](O)C3)ccc2O)nc(N)n1,6.346787486224656,372.2161407560001,7,4,2.096,True
CHEMBL521871,CDK2,450.0,nM,CN(C)CC(O)COc1ccc(Nc2nccc(-c3cnn4nc(N5CCOCC5)ccc34)n2)cc1,6.346787486224656,490.24408682000006,10,2,2.0677999999999988,True
CHEMBL3085252,CDK1,450.0,nM,CC(C)n1cnc2c(NCc3cccc(I)c3)nc(N3CCC[C@@H]3CO)nc21,6.346787486224656,492.11345742000003,6,2,3.585000000000002,True
CHEMBL182419,CDK2,450.0,nM,O=C(Nc1ncnc2oc(-c3cccnc3)cc12)C1CCCC1,6.346787486224656,308.127325752,5,1,3.4135000000000018,True
CHEMBL540874,CDK1,450.0,nM,CCn1cnc2c(Nc3ccc(F)cc3)nc(NCCN)nc21.Cl,6.346787486224656,351.13744950800003,6,3,2.5212999999999997,True
CHEMBL232749,CDK1,450.0,nM,Cc1cc(N2CCCS2(=O)=O)c2oc(-c3ccc(O)cc3)c(O)c(=O)c2c1,6.346787486224656,387.077658264,6,2,2.719520000000001,True
CHEMBL488436,CDK4,450.0,nM,Cc1ncc(-c2ccnc(Nc3ccc(S(C)(=O)=O)cc3)n2)n1C(C)C,6.346787486224656,371.14159591200007,6,1,3.376520000000002,True
CHEMBL1271564,CDK4,451.0,nM,CC(C)c1n[nH]cc1-c1ccnc(Nc2ccc(N3CCNCC3)cn2)n1,6.345823458122039,364.21239276800003,7,3,2.5383000000000004,True
CHEMBL383316,CDK1,454.0,nM,COc1cc(-c2ccc3c(c2)NC(=O)/C3=C\c2c[nH]c3ncccc23)ccc1O,6.342944147142896,383.126991404,4,3,4.4368000000000025,True
CHEMBL189047,CDK2,455.0,nM,C[C@@H](C(=O)Nc1cc(C2CC2)[nH]n1)c1ccc(N2CCNC2=O)cc1,6.341988603342887,339.169524912,3,3,2.5589000000000004,True
CHEMBL5404411,CDK2,455.48,nM,COc1ccc(Cc2nnc(N3CCN(C(=O)c4ccccc4)CC3)c3ccccc23)cc1,6.34153068802212,438.205576072,5,0,4.191600000000004,True
CHEMBL296468,CDK9,458.0,nM,CC(C)(C)c1cnc(CSc2cnc(NC(=O)C3CCNCC3)s2)o1,6.339134521996131,380.13406800799993,7,2,3.6590000000000016,True
CHEMBL2158861,CDK2,460.0,nM,CNC(=O)Nc1ccc(-c2cc(-c3ccnc(Nc4ccc(C)c(S(=O)(=O)N(C)C)c4)n3)ccn2)cc1,6.337242168318426,517.1896087240001,7,3,4.259220000000004,True
CHEMBL5203908,CDK2,460.0,nM,CNS(=O)(=O)c1ccc(Nc2ncc3c(n2)N([C@@H](C)C2CC2)C(=O)C32CC2)cc1,6.337242168318426,413.152160596,6,2,2.3049999999999997,True
CHEMBL5190590,CDK2,460.0,nM,CNS(=O)(=O)c1ccc(Nc2ncc3c(n2)N(c2cc(F)ccc2Cl)C(=O)C32CC2)cc1,6.337242168318426,473.072466304,6,2,3.630700000000002,True
CHEMBL578201,CDK2,460.0,nM,Cc1cc(Nc2nc(N[C@@H](C)c3ccc(F)cn3)c(C#N)nc2C)n[nH]1,6.337242168318426,352.1560207640001,7,3,3.1390200000000004,True
CHEMBL233380,CDK1,461.0,nM,CN(C)CCc1ccc(Nc2ncc(Cl)c(-c3cccs3)n2)cc1,6.336299074610352,358.10189528800004,5,1,4.7062000000000035,True
CHEMBL188074,CDK2,462.0,nM,COc1cccc(OC)c1C(=S)c1c(N)nc2ccc(C(=O)c3c(F)cccc3F)cn12,6.335358024443874,453.09586884400005,6,1,4.209200000000003,True
CHEMBL5418155,CDK6,462.0,nM,Sc1nnc(-c2c[nH]c3ccccc23)n1/N=C/c1ccc(Br)cc1,6.335358024443874,396.999678484,4,2,4.359800000000002,True
CHEMBL402548,CDK2,462.0,nM,CO[C@@H](C(=O)N1Cc2[nH]nc(NC(=O)c3ccc(N4CCN(C)CC4)cc3)c2C1)c1ccccc1,6.335358024443874,474.23793882,6,2,2.643700000000001,True
CHEMBL3684994,CDK4,463.0,nM,CC(=O)N1Cc2ccc(Nc3ncc4c5ccncc5n([C@H]5CC[C@H](C)CC5)c4n3)nc2[C@@H](C)C1,6.334419008982047,469.25900861200006,6,1,5.334900000000005,True
CHEMBL185971,CDK4,464.0,nM,COc1cc(F)c(C(=S)c2c(N)nc3ccc(C(=O)c4c(F)cccc4F)cn23)c(F)c1,6.333482019445119,459.066460536,5,1,4.478800000000002,True
CHEMBL6146319,CDK6,465.0,nM,CN1CCN(c2ccc(Nc3ncc(F)c(-c4ccc5c(c4)OC4(CCC6(CC4)OCCO6)CC5=O)n3)nc2)CC1,6.332547047110046,560.254731756,10,1,4.194200000000003,True
CHEMBL379193,CDK1,466.0,nM,CCOC(=O)CCC(=O)NS(=O)(=O)c1ccc(Nc2nc(N)n(C(=O)c3c(F)cccc3F)n2)cc1,6.33161408331,522.1133098000001,10,3,1.7187999999999992,True
CHEMBL5084166,CDK9,467.0,nM,Cc1nc2ccc(-c3cc(N)nc(N)c3)nc2n1C[C@@H](C)Oc1cccc(Br)n1,6.330683119433887,453.09127036,7,2,3.591120000000002,True
CHEMBL1272171,CDK4,468.0,nM,CC(C)c1n[nH]c(C(F)(F)F)c1-c1ccnc(Nc2ccc(N3CCC(N(C)C)CC3)cn2)n1,6.329754146925875,474.2467275880001,7,2,4.677900000000005,True
CHEMBL5402829,CDK2,470.0,nM,O=C(Nc1cnccc1-c1ccc(F)cc1)c1ccnc(Nc2ccc(F)cc2)n1,6.327902142064282,403.12446654000007,5,2,4.812700000000002,True
CHEMBL5846717,CDK9,470.0,nM,O=C(Nc1cc(-c2ccc3c(c2)N(Cc2cccc4c2OCCO4)CC3)c(Cl)cn1)C1CCCNC1,6.327902142064282,504.19281846800004,6,2,4.674000000000003,True
CHEMBL5869791,CDK9,470.0,nM,CNCCCNc1cc(-c2ccc3ncn(Cc4cccc(F)c4)c3c2)c(Cl)cn1,6.327902142064282,423.16260163600003,4,2,4.960500000000004,True
CHEMBL5202653,CDK2,470.0,nM,CC(=O)N(c1ccc(-c2cnn(C)c2)cc1)C1CCC(Nc2ccc(C#N)cn2)CC1,6.327902142064282,414.21680945200006,5,1,4.129980000000003,True
CHEMBL4439321,CDK2,470.0,nM,COc1cc(F)ccc1-c1ncnc(Nc2cccc(C[S@](C)(=N)=O)c2)n1,6.327902142064282,387.116524036,7,2,3.6064700000000007,True
CHEMBL5072926,CDK9,470.0,nM,Cc1nc2ccc(-c3cc(N)nc(N)c3)nc2n1CCC1CCCCC1,6.327902142064282,350.221894832,5,2,3.9365200000000033,True
CHEMBL5974351,CDK9,470.0,nM,CN1CCC(CN2CCc3ccc(-c4cc(NC(=O)C5CCCNC5)ncc4Cl)cc32)CC1,6.327902142064282,467.24518838800003,5,2,4.044400000000002,True
CHEMBL245174,CDK1,470.0,nM,N#Cc1cnc(Nc2ccc(CCO)cc2)nc1-c1cccs1,6.327902142064282,322.08883206800004,6,2,3.3551800000000016,True
CHEMBL3641917,CDK4,470.0,nM,C[C@@H](O)Cn1c2cnccc2c2cnc(Nc3ccc(N4CC[C@@H](O)C4)cn3)nc21,6.327902142064282,405.19132297600004,8,3,2.0698999999999996,True
CHEMBL5597381,CDK9,473.2,nM,O=C(CCCCCn1cc(Nc2cc(-c3cccc(NCC4CCOCC4)n3)c(Cl)cn2)cn1)NO,6.324955264044107,513.225515564,8,4,4.641400000000002,True
CHEMBL3354192,CDK2,476.0,nM,COC1CCN(c2nccc(Nc3cc4c(C(C)C)n[nH]c4cn3)n2)CC1,6.3223930472795065,367.21205842000006,7,2,3.230100000000001,True
CHEMBL5274920,CDK2,477.0,nM,C=CC(=O)Nc1ccc(C(=O)Nc2n[nH]c3ccc(-c4cncc(NC(=O)[C@@H](N)Cc5ccccc5)c4)cc23)cc1,6.321481620959887,545.217537724,6,5,4.510200000000003,True
CHEMBL3698718,CDK4,477.0,nM,CC1CCN(c2cnc(Nc3ncc4c5ccncc5n(C5CCCC5)c4n3)cn2)C1,6.321481620959887,414.228042832,7,1,4.474400000000003,True
CHEMBL6065800,CDK1,478.0,nM,CN1CCN(S(=O)(=O)c2ccc(Nc3ncc4cc5n(c4n3)C3(CCCCC3)C(=O)NN5)cc2)CC1,6.320572103387882,510.21615782000003,8,3,2.227099999999999,True
CHEMBL3644031,CDK2,480.0,nM,CS(=O)(=O)c1ccc(Nc2ncc(C(F)(F)F)c(OC3CCCCC3)n2)cc1,6.318758762624412,415.11774716,6,1,4.354000000000003,True
CHEMBL385362,CDK4,480.0,nM,O=C1c2cccc(-c3nc4ccccc4nc3O)c2C2CCCN12,6.318758762624412,317.11642672000005,4,1,3.2931000000000017,True
CHEMBL296468,CDK1,480.0,nM,CC(C)(C)c1cnc(CSc2cnc(NC(=O)C3CCNCC3)s2)o1,6.318758762624412,380.13406800799993,7,2,3.6590000000000016,True
CHEMBL3963396,CDK9,480.0,nM,CN1Cc2c(C3=CCCN(CC(=O)N4CCC[C@H]4CO)C3)[nH]c3nccc(c23)-c2cc(F)ccc21,6.318758762624412,475.23835342,5,2,3.391200000000002,True
CHEMBL4742985,CDK2,480.0,nM,NC(=O)c1cccc(Nc2nc(OCC3CCCCC3)c3nc[nH]c3n2)c1,6.318758762624412,366.18042394400004,6,3,3.1545000000000014,True
CHEMBL260928,CDK2,484.0,nM,O=C(Nc1n[nH]c2cc(-c3ccsc3)ccc12)C1CC1,6.315154638355588,283.077933036,3,2,3.6399000000000017,True
CHEMBL6033665,CDK2,486.0,nM,Cc1nc2c(F)cc(-c3nc(Nc4ccc5c(n4)CCNC5)ncc3F)cc2n1C,6.313363730737707,407.1670000480001,6,2,3.4012200000000012,True
CHEMBL4740156,CDK9,488.5,nM,Cc1ccc(-c2ccnc(Nc3ccc4c(c3)N(C(C)C)[C@H](C)C(=O)N4C)n2)cc1,6.311135431945209,401.22156048400007,5,1,4.775320000000004,True
CHEMBL103039,CDK2,490.0,nM,NS(=O)(=O)c1ccc(Nc2cc(-c3cccc(N4CCOCC4)c3)[nH]n2)cc1,6.309803919971486,399.13651053200005,6,3,2.3043000000000005,True
CHEMBL3673498,CDK9,490.0,nM,CS(=O)(=O)N1CC=C(c2cc3c(-c4cccc(NCc5ccccc5Cl)n4)ccnc3[nH]2)CC1,6.309803919971486,493.1339236880001,5,2,4.939100000000004,True
CHEMBL254050,CDK2,490.0,nM,CC(=O)N1CCN(C(=O)c2cc(Sc3cnc(Nc4cccc(Br)n4)s3)ccc2C)CC1,6.309803919971486,531.039829044,7,1,4.808120000000004,True
CHEMBL515854,CDK4,490.0,nM,COCCS(=O)(=O)c1ccc(Nc2nccc(-c3cnc(C)n3C(C)C)n2)cc1,6.309803919971486,415.1678106600001,7,1,3.3931200000000024,True
CHEMBL3663756,CDK9,490.0,nM,COc1ccc(NCc2ccccc2)nc1-c1ccnc2[nH]c(C3CCCNC3)cc12,6.309803919971486,413.22156048400007,5,3,4.712600000000004,True
CHEMBL5832698,CDK1,491.0,nM,Cc1nc2c(F)cc(-c3nc(Nc4ccc5c(n4)CCN(C(=O)[C@@H](C)N(C)C)C5)ncc3F)cc2n1C1CC1,6.308918507877031,532.2510640200001,7,1,4.388220000000003,True
CHEMBL3822858,CDK2,494.0,nM,COc1nn(C2CCN(C(C)=O)CC2)cc1Nc1ncc(Cl)c(-c2cnc3ccccn23)n1,6.306273051076353,466.1632496560001,7,1,3.5768000000000013,True
CHEMBL209280,CDK1,494.0,nM,Nc1nc(Nc2ccc(S(=O)(=O)NC(=O)CCC(=O)O)cc2)nn1C(=O)c1c(F)cccc1F,6.306273051076353,494.08200967199997,9,4,1.2402999999999993,True
CHEMBL260929,CDK2,497.0,nM,O=C(Nc1n[nH]c2cc(-c3ccc[nH]3)ccc12)C1CC1,6.303643611266668,266.116761068,2,3,2.906500000000001,True
CHEMBL5285145,CDK2,499.0,nM,N[C@@H](COc1cncc(-c2ccc3[nH]nc(NC(=O)c4ccccc4)c3c2)c1)Cc1ccccc1,6.30189945437661,463.20082504000004,5,3,4.826000000000003,True
CHEMBL4462530,CDK4,499.0,nM,CC(=O)N[C@@H]1CCC[C@H](C(=O)Nc2cc(-c3cnn4c3CC(C)(C)C4)c(Cl)cn2)C1,6.30189945437661,429.193152816,4,2,3.8142000000000023,True
CHEMBL497196,CDK4,500.0,nM,c1cc(-c2cnn3nc(N4CCCC4)ccc23)nc(NC2CC2)n1,6.301029995663981,321.17019360800003,6,1,2.3608000000000002,True
CHEMBL100391,CDK2,500.0,nM,CN(C)CC(O)COc1ccc(Nc2ncc(Cl)c(Nc3ccccc3)n2)cc1,6.301029995663981,413.16185268800007,7,3,3.9185000000000016,True
CHEMBL445125,CDK1,500.0,nM,CCC(O)C#Cc1nc(NCc2ccccc2)c2ncn(C(C)C)c2n1,6.301029995663981,349.19026035600007,5,2,3.141700000000002,True
CHEMBL436368,CDK1,500.0,nM,COc1ccc(CNc2nc(C#CC3(O)CCCCCC3)nc3c2ncn3C(C)C)cc1,6.301029995663981,433.2477752320001,6,2,4.464700000000004,True
CHEMBL5287103,CDK9,500.0,nM,O=C1N=NC(=O)/C(=C/Nc2ccc(-c3nc4ncccc4[nH]3)cc2)C(=O)N1,6.301029995663981,361.0923372120001,6,3,2.1492999999999993,True
CHEMBL2029903,CDK1,500.0,nM,CN1CCN(C(=O)c2cc(Nc3ncc4cc(C(N)=O)n(C5CCCC5)c4n3)cn2C)CC1,6.301029995663981,450.24917220000003,6,2,2.1149999999999993,True
CHEMBL257625,CDK2,500.0,nM,CCNc1ccc2[nH]nc(NC(=O)Cc3ccccc3)c2c1,6.301029995663981,294.148061196,3,3,3.1759000000000013,True
CHEMBL193456,CDK2,500.0,nM,CN(C)S(=O)(=O)c1ccc(Nc2ccc(C(=O)c3c(F)cccc3F)c(N)n2)cc1,6.301029995663981,432.10676787600005,6,2,3.166900000000002,True
CHEMBL3698677,CDK6,500.0,nM,COc1cc2c3cnc(Nc4ccc(N5CCNCC5)cn4)nc3n(C3CCCC3)c2cn1,6.301029995663981,444.2386075160001,8,2,3.6514000000000024,True
CHEMBL177434,CDK1,500.0,nM,OCCCNc1cc(-c2cncc(Nc3cccc(Cl)c3)n2)ccn1,6.301029995663981,355.11998787600004,6,3,3.7299000000000015,True
CHEMBL5275774,CDK9,500.0,nM,O=C1N=NC(=O)/C(=C\Nc2ccc(-c3nc4ncccc4[nH]3)cc2)C(=O)N1,6.301029995663981,361.0923372120001,6,3,2.1492999999999993,True
CHEMBL477063,CDK2,500.0,nM,COc1cnc(CN/C=C2\C(=O)NC(=O)c3ccc(I)cc32)cc1O,6.301029995663981,451.00290392799997,6,3,1.8010999999999995,True
CHEMBL3655769,CDK9,500.0,nM,CC[C@H](Nc1nc(NC2CCC2)c2ncn(C(C)C)c2n1)[C@@H](C)O,6.301029995663981,332.23245951599995,6,3,2.942900000000002,True
CHEMBL317378,CDK4,500.0,nM,CN(C)CC(O)COc1ccc(Nc2cc(N(CCC#N)c3cc(Cl)ccc3Cl)ncn2)cc1,6.301029995663981,500.14942943200003,8,2,4.880080000000004,True
CHEMBL107530,CDK2,500.0,nM,Nc1nc(Nc2cccc(Br)c2)nc(OCC2CCCCC2)c1N=O,6.301029995663981,405.08003698,7,2,4.9219000000000035,True
CHEMBL3798762,CDK1,500.0,nM,CN(C)C(=O)c1cccc(-c2cnc(N)c(-c3nc4cccc(N5CCNCC5)c4n3C)n2)c1,6.301029995663981,456.2386075160001,7,2,2.3909000000000002,True
CHEMBL1172241,CDK2,500.0,nM,Cc1cc(CNC(=O)c2nn(CCCN)c3c2CCc2cnc(Nc4cccc(CC(=O)N(C)C)c4)nc2-3)ccn1,6.301029995663981,553.2913713600001,8,3,2.7952200000000005,True
CHEMBL333605,CDK2,500.0,nM,O=C(Nc1cc(C2CC2)[nH]n1)c1cccc(C(F)(F)F)c1,6.301029995663981,295.093246664,2,2,3.558200000000002,True
CHEMBL3702229,CDK4,500.0,nM,CC[C@H](C)n1c2cnccc2c2cnc(Nc3ccc(N4CCN[C@@H](C)C4)cn3)nc21,6.301029995663981,416.2436928960001,7,2,3.8872000000000027,True
CHEMBL5965407,CDK9,500.0,nM,O=C(Nc1cc(-c2ccc3c(c2)N(Cc2ccc4ncccc4c2)CC3)c(Cl)cn1)C1CCCNC1,6.301029995663981,497.19823819600003,5,2,5.451000000000005,True
CHEMBL336776,CDK1,500.0,nM,CC(C)n1cnc2c(NCc3ccccc3)nc(C#CC3(O)CCCC3)nc21,6.301029995663981,375.20591042,5,2,3.675900000000003,True
CHEMBL319103,CDK1,501.0,nM,NS(=O)(=O)c1ccc(Nc2cc(-c3cccc(NS(=O)(=O)c4ccccc4)c3)[nH]n2)cc1,6.300162274132754,469.08784608800005,6,4,3.2685000000000013,True
CHEMBL421578,CDK1,501.0,nM,CS(=O)(=O)Nc1cccc(-c2cc(Nc3ccc(S(N)(=O)=O)cc3)[nH]n2)c1,6.300162274132754,407.07219602400005,6,4,1.8391999999999997,True
CHEMBL321517,CDK1,501.0,nM,Nc1ccc(-c2cc(Nc3ccc(S(N)(=O)=O)cc3)[nH]n2)cc1,6.300162274132754,329.0946457200001,5,4,2.0499,True
CHEMBL496568,CDK2,503.0,nM,CC(C)(C)c1cnc(CSc2cnc(N[C@H]3CC[C@@H](N)CC3)s2)o1,6.298432014944073,366.154803452,7,2,4.402700000000003,True
CHEMBL3352835,CDK2,503.0,nM,COC1CCN(c2nccc(Nc3cc(NC(=O)c4c(Cl)cccc4Cl)ccn3)n2)CC1,6.298432014944073,472.11812930400004,7,2,4.789500000000004,True
CHEMBL5425180,CDK9,504.0,nM,Nc1nc(NCCc2ccccc2)nc(-c2cc(Cl)ccc2O)n1,6.297569463554474,341.104337812,6,3,3.1344000000000025,True
CHEMBL5875150,CDK1,505.0,nM,CNC(=O)c1ccc(Nc2ncc3cc4n(c3n2)C2(CCCCC2)C(=O)NN4)cc1,6.296708621881338,405.19132297600004,6,4,2.6506,True
CHEMBL5903534,CDK9,510.0,nM,Fc1cccc(Cn2cnc3ccc(-c4cc(N[C@H]5CC[C@@]56CCCNC6)ncc4Cl)cc32)c1,6.292429823902063,475.1939017640001,4,2,5.883200000000004,True
CHEMBL3663808,CDK9,510.0,nM,COc1cc(F)ccc1-c1ccnc2[nH]c(C3CN(C)CCO3)cc12,6.292429823902063,341.15395509999996,4,1,3.380700000000002,True
CHEMBL3959867,CDK2,510.0,nM,CCOc1cc(F)ccc1-c1nc(Nc2cc(F)cc(CS(C)(=N)=O)c2)ncc1F,6.292429823902063,436.11808150800005,6,2,4.879770000000003,True
CHEMBL5417190,CDK2,515.17,nM,COc1ccc(Cc2nnc(N3CCN(C(=O)Nc4ccccc4)CC3)c3ccccc23)cc1,6.288049435271313,453.21647510400004,5,1,4.583300000000004,True
CHEMBL5633539,CDK1,516.8,nM,NC(=O)c1cccc2[nH]c(NC(=O)c3cccc(C(=O)N4CCC(Nc5ncc(I)cn5)CC4)c3)nc12,6.286677495012972,610.093784596,7,4,3.025400000000001,True
CHEMBL2011941,CDK2,518.0,nM,O=C(NCCCNc1c(Br)cnc2[nH]c(-c3ccc(OCCN4CCCCC4)cc3)nc12)C1CCC1,6.285670240254767,554.20048646,6,3,4.970400000000005,True
CHEMBL2158865,CDK2,520.0,nM,CNC(=O)Nc1ccc(-c2cc(-c3ccnc(Nc4ccc(Cl)c(S(=O)(=O)N(C)C)c4)n3)ccn2)cc1,6.2839966563652006,537.134986308,7,3,4.604200000000003,True
CHEMBL5842330,CDK9,520.0,nM,Nc1ncc(CNc2cc(-c3ccc4ncn(Cc5cccc(F)c5)c4c3)c(Cl)cn2)cn1,6.2839966563652006,459.13744950800003,6,2,4.923400000000003,True
CHEMBL251795,CDK2,520.0,nM,Cc1ccc(Sc2cnc(Nc3cccc(Br)n3)s2)cc1C(=O)N1CCN(C(=O)[C@H](C)N)CC1,6.2839966563652006,560.0663781400001,8,2,4.1354200000000025,True
CHEMBL3702126,CDK4,520.0,nM,O=C(O)c1ccc(Nc2ncc3c4ccnc(O)c4n(C4CCCC4)c3n2)nc1,6.2839966563652006,390.1440384360001,7,3,3.6370000000000013,True
CHEMBL3655763,CDK2,520.0,nM,CC[C@H](Nc1nc(NCc2ccc(C)nc2)c2ncn(C(C)C)c2n1)[C@@H](C)O,6.2839966563652006,383.243358548,7,3,3.294020000000002,True
CHEMBL271183,CDK1,520.0,nM,NS(=O)(=O)c1ccc(N/N=C2\C(=O)Nc3cc(Br)ccc32)cc1,6.2839966563652006,393.97352331200005,5,3,1.8648,True
CHEMBL3702106,CDK6,520.0,nM,COc1cc2c3cnc(Nc4ccc(N5CCNCC5)cn4)nc3n(C3CCCC3)c2nn1,6.2839966563652006,445.23385648400017,9,2,3.046400000000001,True
CHEMBL4780912,CDK9,520.0,nM,CC(=O)N[C@@H]1CCC[C@H](C(=O)Nc2cc(-c3cnn4c3CCCC4)ccn2)C1,6.2839966563652006,381.21647510400004,4,2,2.9148000000000014,True
CHEMBL2426395,CDK1,522.0,nM,COc1ccc(NC(=S)NC(=O)c2cn(-c3ccccc3)nc2-c2ccc(OC)cc2)cc1,6.282329496997738,458.141261564,5,2,4.683300000000003,True
CHEMBL5396190,CDK2,523.59,nM,COc1ccc(Cc2nnc(N3CCN(C(=S)Nc4ccccc4)CC3)c3ccccc23)cc1,6.281008656594718,469.19363148400004,5,1,4.748200000000004,True
CHEMBL5081097,CDK6,524.0,nM,CN(C)c1cnc2ccc(-c3ccnc(Nc4ccc(N5CCNCC5)cn4)n3)cc2n1,6.280668713016274,427.22329180000014,9,2,2.7010000000000005,True
CHEMBL5440583,CDK4,527.0,nM,Oc1ccc(/C=N/n2c(S)nnc2-c2c[nH]c3ccccc23)c(O)c1,6.278189384787453,351.078995656,6,4,3.0084999999999997,True
CHEMBL522563,CDK2,530.0,nM,O=C(Nc1c[nH]nc1-c1nc2ccc(CN3CCOCC3)cc2[nH]1)c1ccc(F)cc1,6.275724130399211,420.17100213200007,5,3,3.1766000000000014,True
CHEMBL3354191,CDK2,530.0,nM,COC1CCN(c2nccc(Nc3cc4c(cn3)c(N)nn4C(C)C)n2)CC1,6.275724130399211,382.22295745200006,8,2,2.7432000000000007,True
CHEMBL57639,CDK2,530.0,nM,O=C1Nc2ccc(Br)cc2/C1=C/c1[nH]cc2c1CCNC2=O,6.275724130399211,357.011288724,2,3,2.5558000000000005,True
CHEMBL4864688,CDK9,530.0,nM,O=C(CCCOc1ccc(CC(=O)Nc2cc(C3CCC3)[nH]n2)cc1)NCCCCNc1cccc2c1C(=O)N(C1CCC(=O)NC1=O)C2=O,6.275724130399211,683.3067466520002,9,5,3.427100000000001,True
CHEMBL6000032,CDK9,530.0,nM,CN(CCO)C(=O)[C@H]1CCC[C@@H](C(=O)Nc2cc(-c3ccc4ncn(CC5CCOCC5)c4c3)c(Cl)cn2)C1,6.275724130399211,553.245582312,6,2,4.3739000000000035,True
CHEMBL4788016,CDK9,530.0,nM,CC(=O)N[C@@H]1CCC[C@H](C(=O)Nc2cc(-c3cnn4c3CCC4)c(Cl)cn2)C1,6.275724130399211,401.161852688,4,2,3.1781000000000015,True
CHEMBL2042042,CDK2,530.0,nM,C[C@@H](/C=C\C(F)(F)F)Oc1cc(-c2cc(-c3cc(CN(C)C)cs3)cnc2N)ccc1C(N)=O,6.275724130399211,490.1650317000001,6,2,5.105600000000005,True
CHEMBL515839,CDK4,530.0,nM,Cc1ncc(-c2ccnc(Nc3ccc(S(=O)(=O)CC4CCCO4)cc3)n2)n1C(C)C,6.275724130399211,441.18346072400004,7,1,3.9257200000000028,True
CHEMBL4754081,CDK6,532.0,nM,CC(=O)N[C@@H]1CCC[C@H](C(=O)Nc2cc(-c3cnn4c3CC(C)(C)C4)c(F)cn2)C1,6.274088367704952,413.222703356,4,2,3.299900000000002,True
CHEMBL509772,CDK2,538.0,nM,CC(C)(C)c1cnc(CSc2cnc(NC3CCNCC3)s2)o1,6.269217724333611,352.139153388,7,2,3.884800000000002,True
CHEMBL249501,CDK1,540.0,nM,O=C(O)c1cccc2[nH]c(-c3n[nH]c4ncc(-c5cncc6ccccc56)cc34)nc12,6.267606240177031,406.11782368800004,5,3,4.414600000000002,True
CHEMBL5188442,CDK1,540.0,nM,COc1cc(F)ccc1-c1ccnc2[nH]c(-c3ccc(CN4CCOCC4)cc3)nc12,6.267606240177031,418.180504196,5,1,4.271800000000003,True
CHEMBL254895,CDK2,540.0,nM,Cc1ccc(Sc2cnc(Nc3cccc(Br)n3)s2)cc1C(=O)N1CCN(C(=O)CN)CC1,6.267606240177031,546.050728076,8,2,3.746920000000002,True
CHEMBL5779561,CDK9,540.0,nM,CC(C)(C)OC(=O)Nc1cc(-c2ccc3ncn(Cc4cccc(F)c4)c3c2)c(Cl)cn1,6.267606240177031,452.141531844,4,1,6.286100000000005,True
CHEMBL3935996,CDK9,540.0,nM,CN(CC(O)CO)C(=O)CN1CCC=C(c2[nH]c3nccc4c3c2CN(C)c2ccc(F)cc2-4)C1,6.267606240177031,479.23326804,6,3,2.219500000000001,True
CHEMBL3947668,CDK9,540.0,nM,CN1c2ccc(F)cc2-c2ccnc3[nH]c(C4=CCNCC4)c(c23)C1C(=O)O,6.267606240177031,378.14920406799996,4,3,3.3212,True
CHEMBL5920175,CDK9,540.0,nM,O=C(Nc1cc(-c2ccc3nnn(CCN(CCO)CCO)c3c2)c(Cl)cn1)[C@@H]1CCCNC1,6.267606240177031,487.20986550000003,8,4,1.3713999999999997,True
CHEMBL392743,CDK1,540.0,nM,CN(C)CCc1ccc(Nc2ncc(Cl)c(-c3cccc4[nH]ccc34)n2)cc1,6.267606240177031,391.156373384,4,2,5.126000000000004,True
CHEMBL289422,CDK2,540.0,nM,O=C1NC(=O)c2c1c1c3ccccc3n3c1c1c2c2ccccc2n1[C@H]1CC[C@@H]3O1,6.267606240177031,393.11134134,3,1,4.607200000000002,True
CHEMBL5080781,CDK6,544.0,nM,Cc1nc2ccc(-c3nc(Nc4ccc(C(=O)N5CCN(C(C)C)CC5)cn4)ncc3F)cc2nc1C,6.26440110030182,500.2448357680001,8,1,4.147540000000003,True
CHEMBL3822943,CDK2,545.0,nM,CCOc1nn(C2CCN(C(C)=O)CC2)cc1Nc1ncc(Cl)c(-c2cnn3ccccc23)n1,6.263603497723357,480.1788997200001,7,1,3.9669000000000025,True
CHEMBL186952,CDK2,547.0,nM,Nc1nc2ccc(C(=O)c3c(F)cccc3F)cn2c1C(=O)c1cccs1,6.262012673666569,383.054004032,5,1,3.7182000000000013,True
CHEMBL5933703,CDK1,547.0,nM,CNCCN1CCc2nc(Nc3ncc(F)c(-c4cc(F)c5nc(C)n(C6(C)CC6)c5c4)n3)ccc2C1,6.262012673666569,504.2561494,7,2,4.305020000000003,True
CHEMBL411696,CDK1,550.0,nM,CCOc1cccc2c1/C(=N/Nc1ccc(S(N)(=O)=O)cc1)C(=O)N2,6.259637310505756,360.08922599199997,6,3,1.501,True
CHEMBL5270227,CDK2,550.0,nM,N[C@H](Cc1ccccc1)C(=O)Nc1cncc(-c2ccc3[nH]nc(NC(=O)c4ccccc4)c3c2)c1,6.259637310505756,476.19607400800004,5,4,4.385700000000003,True
CHEMBL6035312,CDK9,550.0,nM,Oc1ccc(CNc2cc(-c3ccc4ncn(Cc5cccc(F)c5)c4c3)c(Cl)cn2)cc1,6.259637310505756,458.13096716,4,2,6.256800000000004,True
CHEMBL5775765,CDK9,550.0,nM,Cc1ccc(CN2CCc3ccc(-c4cc(NC(=O)C5CCCNC5)ncc4Cl)cc32)cc1,6.259637310505756,460.20298922800004,4,2,5.211220000000004,True
CHEMBL297570,CDK9,550.0,nM,CC(C)(C)c1cnc(CSc2cnc(NC(=O)C3CCCNC3)s2)o1,6.259637310505756,380.13406800799993,7,2,3.6590000000000016,True
CHEMBL368743,CDK1,550.0,nM,CCn1cnc2c(Nc3ccc(OC)cc3)nc(NCCN)nc21,6.259637310505756,327.18075829200006,7,3,1.9689999999999996,True
CHEMBL2348159,CDK2,550.0,nM,Nc1nccc(-n2cc(-c3cc[nH]n3)c3cnccc32)n1,6.259637310505756,277.10759335200004,5,2,1.7877999999999998,True
CHEMBL366698,CDK1,550.0,nM,CCn1cnc2c(Nc3cccc(OC)c3)nc(NCCN)nc21,6.259637310505756,327.18075829200006,7,3,1.9689999999999999,True
CHEMBL3663782,CDK9,550.0,nM,Clc1ccc(NCC2CCNCC2)nc1-c1ccnc2[nH]c(C3CCNCC3)cc12,6.259637310505756,424.21422260800006,5,4,4.156800000000002,True
CHEMBL102714,CDK1,550.0,nM,Cn1cc(C2=C(c3ccc(Cl)cc3Cl)C(=O)NC2=O)c2ccccc21,6.259637310505756,370.027582984,2,1,4.0523000000000025,True
CHEMBL245535,CDK2,551.0,nM,CC(=O)NCC(=O)N1CCC(Nc2ncc(Cl)c(-c3c[nH]c4ccccc34)n2)CC1,6.258848401148216,426.15710165600007,5,3,2.8173000000000012,True
CHEMBL2403099,CDK1,555.0,nM,CC(C)(O)CNc1nc(NCc2ccc(-c3ccco3)nc2)c2ncn(C3CCCC3)c2n1,6.255707016877324,447.2382731680001,8,3,4.391300000000004,True
CHEMBL392614,CDK2,555.0,nM,CCNC(=O)N1CCC[C@H](Nc2ncc(Cl)c(-c3c[nH]c4ccccc34)n2)C1,6.255707016877324,398.16218703600003,4,3,3.884100000000002,True
CHEMBL5836990,CDK2,558.0,nM,Cc1nc2c(F)cc(-c3nc(Nc4ccc5c(n4)CCNC5)ncc3F)cc2n1C(C)C,6.253365801062421,435.1983001760001,6,2,4.445120000000003,True
CHEMBL5848732,CDK2,558.0,nM,Cc1nc2c(F)cc(-c3nc(Nc4ncc5c(n4)CCNC5)ncc3F)cc2n1C(C)C,6.253365801062421,436.19354914400003,7,2,3.8401200000000015,True
CHEMBL5832698,CDK2,559.0,nM,Cc1nc2c(F)cc(-c3nc(Nc4ccc5c(n4)CCN(C(=O)[C@@H](C)N(C)C)C5)ncc3F)cc2n1C1CC1,6.252588192113577,532.2510640200001,7,1,4.388220000000003,True
CHEMBL3934755,CDK2,560.0,nM,CCOC(=O)N=S(C)(=O)Cc1cc(F)cc(Nc2ncc(F)c(-c3ccc(F)cc3OC)n2)c1,6.251811972993799,494.12356081200005,7,1,5.067400000000005,True
CHEMBL1234085,CDK2,560.0,nM,CNS(=O)(=O)c1ccc(N/C=C2\C(=O)Nc3ccccc32)cc1,6.251811972993799,329.08341234000005,4,3,1.9997999999999996,True
CHEMBL2158011,CDK2,560.0,nM,CCN(CC)S(=O)(=O)c1cccc(Nc2nccc(-c3ccnc(-c4ccc(NC(=O)NC)cc4)c3)n2)c1,6.251811972993799,531.205258788,7,3,4.7310000000000025,True
CHEMBL557975,CDK1,560.0,nM,CCn1cnc2c(Nc3cccc(C#N)c3)nc(NCCN)nc21.Cl,6.251811972993799,358.14212028800006,7,3,2.2538799999999997,True
CHEMBL234489,CDK1,560.0,nM,N#Cc1cnc(Nc2ccc(CCO)cc2)nc1-c1nc2ccccc2s1,6.251811972993799,373.09973110000004,7,2,3.903380000000002,True
CHEMBL175158,CDK1,560.0,nM,CCn1cnc2c(Nc3cccc(C#N)c3)nc(NCCN)nc21,6.251811972993799,322.16544257600003,7,3,1.8320799999999997,True
CHEMBL193936,CDK1,562.0,nM,FC(F)(F)c1cnc(Nc2ccc3[nH]cnc3c2)nc1Oc1ccc(Br)cc1,6.250263684430939,449.00990673200005,5,2,5.6701000000000015,True
CHEMBL6192584,CDK6,566.1,nM,CN(C)C(=O)c1cc2cnc(Nc3ccc(-c4nc5c(C(N)=O)cccc5[nH]4)cn3)nc2n1C1CCCC1,6.247106845115406,509.22877110400015,7,3,4.029000000000003,True
CHEMBL5762588,CDK2,567.0,nM,Cc1nc2c(F)cc(-c3nc(Nc4ccc5c(n4)CCN(CC(C)(C)N)C5)ncc3F)cc2n1C1CC1,6.246416941107094,504.2561494000001,7,2,4.648820000000003,True
CHEMBL2426391,CDK1,569.0,nM,COc1ccc(NC(=S)NC(=O)c2cn(-c3ccccc3)nc2-c2ccc(F)cc2)cc1,6.244887733604928,446.12127506800005,4,2,4.813800000000003,True
CHEMBL3663790,CDK9,570.0,nM,O=S(=O)(Nc1ccc(Cl)c(-c2ccnc3[nH]c(C4CCNCC4)cc23)c1)c1ccccc1,6.2441251443275085,466.12302465600004,4,3,5.151100000000003,True
CHEMBL553906,CDK2,570.0,nM,Cc1nnc2sc(-c3ccc(N)cc3)nn12,6.2441251443275085,231.05786628799999,5,1,1.7434199999999997,True
CHEMBL233554,CDK2,570.0,nM,CN(C)CCNS(=O)(=O)c1ccc(-c2ccc(/C=C3\SC(=N)NC3=O)o2)cc1,6.2441251443275085,420.09259712000005,7,3,1.9251700000000003,True
CHEMBL3673554,CDK9,570.0,nM,COc1ccc(F)cc1-c1ccnc2[nH]c(C3=CCN(CC(=O)OC(C)(C)C)CC3)cc12,6.2441251443275085,437.21146997599993,5,1,4.808400000000004,True
CHEMBL396614,CDK2,570.0,nM,N=C1NC(=O)/C(=C/c2ccc(-c3ccc(S(N)(=O)=O)c(Cl)c3)o2)S1,6.2441251443275085,382.9801254799999,6,3,2.38607,True
CHEMBL3655776,CDK2,570.0,nM,CC(C)n1cnc2c(NCc3cccnc3)nc(NCC(O)C(F)(F)F)nc21,6.2441251443275085,395.16814292,7,3,2.749400000000001,True
CHEMBL2426387,CDK1,571.0,nM,COc1ccc(NC(=S)NC(=O)c2cn(-c3ccccc3)nc2-c2ccc(Cl)cc2)cc1,6.243363891754152,462.09172452800004,4,2,5.328100000000004,True
CHEMBL5559108,CDK2,571.5,nM,CC[C@H](CO)Nc1nc(NCc2ccc(NC(=O)C3(F)CC3)cc2)n2ncc(C(C)C)c2n1,6.242983765268699,455.24450142000006,7,4,3.483200000000002,True
CHEMBL5598071,CDK9,572.0,nM,O=C(CCCCCn1cc(Nc2ncc(Cl)c(OC3CCCCC3)n2)cn1)NO,6.242603971206975,422.1833164040001,7,3,3.8474000000000013,True
CHEMBL5590688,CDK9,572.7,nM,CC(C)S(=O)(=O)c1ccccc1Nc1nc([C@H]2CC[C@H](N3CCC3)CC2)ncc1Cl,6.242072816886671,448.1699748480001,6,1,4.787600000000004,True
CHEMBL563150,CDK2,574.0,nM,Cn1nc(C(=O)Nc2ccccc2)c2c1-c1nc(Nc3ccccc3)ncc1CC2,6.241088107602026,396.16985926,5,2,3.9716000000000022,True
CHEMBL5816556,CDK1,574.0,nM,NC(=O)c1ccc(Nc2ncc3cc4n(c3n2)C2(CCCCC2)C(=O)NN4)cc1,6.241088107602026,391.17567291200004,6,4,2.3899,True
CHEMBL5431823,CDK6,574.0,nM,COc1ccc(/C=N/n2c(S)nnc2-c2c[nH]c3ccccc23)cc1,6.241088107602026,349.09973110000004,5,2,3.605900000000002,True
CHEMBL3421962,CDK2,577.0,nM,CN1CCN(c2ccc(Nc3cc(-c4c[nH]c5cnccc45)ncn3)cc2)CC1,6.238824186844269,385.20149373600003,6,2,3.5153000000000016,True
CHEMBL5280467,CDK2,577.0,nM,O=C(Nc1n[nH]c2ccc(-c3cncc(NC[C@H](CO)c4ccccc4)c3)cc12)c1ccccc1,6.238824186844269,463.20082504,5,4,5.0652000000000035,True
CHEMBL5407831,CDK6,577.0,nM,Sc1nnc(-c2c[nH]c3ccccc23)n1/N=C/c1ccccc1,6.238824186844269,319.089166416,4,2,3.5973000000000015,True
CHEMBL5575890,CDK1,578.0,nM,Cc1ccc(O)c(C)c1-n1c(N)c(C(=O)N2CCc3noc(C)c3C2)c2nc(C)c(C)nc21,6.238072161579471,446.206638692,7,2,3.4369000000000023,True
CHEMBL4579344,CDK1,578.0,nM,Cc1cc(C)c(CNc2nc(N[C@@H](C)[C@@H](C)O)nc3c2ncn3C(C)C)cn1,6.238072161579471,383.24335854800006,7,3,3.212340000000002,True
CHEMBL4755816,CDK9,578.2,nM,Cc1cc(F)ccc1-c1ccnc(Nc2ccc3c(c2)N(C(C)C)[C@H](C)C(=O)N3C)n1,6.237921912665361,419.21213867200004,5,1,4.914420000000005,True
CHEMBL5937860,CDK9,580.0,nM,O=C(Nc1cc(-c2ccc3ncn(CC4CCOCC4)c3c2)c(Cl)cn1)[C@H]1CCC[C@@H](C(=O)N2CC(O)C2)C1,6.236572006437063,551.2299322480001,6,2,4.126300000000003,True
CHEMBL2442291,CDK2,580.0,nM,Cc1nnc(-c2cccc(-c3cnn4ccc(NCCN)nc34)c2)o1,6.236572006437063,335.149458164,7,2,2.1253199999999994,True
CHEMBL6047121,CDK9,580.0,nM,O=C(Nc1cc(-c2ccc3ncn(CC4CCOCC4)c3c2)c(Cl)cn1)C1C2CNCC21,6.236572006437063,451.177502752,5,2,3.582200000000002,True
CHEMBL3641913,CDK4,580.0,nM,CN(C)C1CCN(c2ccc(Nc3ncc4c5ccncc5n([C@H]5CCC[C@H]5O)c4n3)nc2)CC1,6.236572006437063,472.269907644,8,2,3.7344000000000026,True
CHEMBL3668367,CDK9,580.0,nM,COc1ccc(F)cc1-c1ccnc2[nH]c(C3CCCN3)cc12,6.236572006437063,311.143390416,3,2,3.802100000000002,True
CHEMBL4527978,CDK2,580.0,nM,CC/C=N/c1c(C#N)c2n(c1C(=O)Nc1ccccc1)CCC2,6.236572006437063,306.148061196,3,1,3.670580000000002,True
CHEMBL6192441,CDK6,583.4,nM,Cc1ccc(Nc2ncc3cc(C(=O)N(C)C)n(C4CCCC4)c3n2)cc1-c1nc2c(C(N)=O)cccc2[nH]1,6.234033575214286,522.2491722000001,6,3,4.942420000000004,True
CHEMBL5874515,CDK1,584.0,nM,Cc1nc2c(F)cc(-c3nc(Nc4ccc5c(n4)CCN(C(=O)[C@@H]4CCCN4C)C5)ncc3F)cc2n1C1CC1,6.2335871528876,544.2510640200002,7,1,4.532320000000004,True
CHEMBL3656841,CDK1,584.0,nM,COC[C@@H](C)N[C@H]1CC[C@H](Nc2cc(-c3cccc(NCC4(C#N)CCOCC4)n3)c(Cl)cn2)CC1,6.2335871528876,512.2666521040001,8,3,4.876880000000003,True
CHEMBL2426383,CDK1,584.0,nM,COc1ccc(NC(=S)NC(=O)c2cn(-c3ccccc3)nc2-c2ccc(C)cc2)cc1,6.2335871528876,442.146346944,4,2,4.983120000000003,True
CHEMBL5570663,CDK2,585.0,nM,Cn1cc(S(=O)(=O)N2CCC(Nc3ncc(C(F)(F)F)c(-c4cnn(CC(F)(F)F)c4)n3)CC2)cn1,6.232844133917819,538.1334122000001,7,1,2.919900000000001,True
CHEMBL3702180,CDK4,590.0,nM,CN(C)C1CCN(c2ccc(Nc3ncc4c5ccncc5n(C5CCS(=O)(=O)CC5)c4n3)nn2)CC1,6.229147988357855,521.232142232,10,1,2.7932000000000006,True
CHEMBL507249,CDK2,590.0,nM,O[C@H]1CC[C@H](c2n[nH]cc2-c2ccnc(NC3CCCC3)n2)CC1,6.229147988357855,327.20591042000007,5,3,3.239700000000002,True
CHEMBL5641843,CDK2,590.0,nM,Cc1nn2c(-c3ccc(Br)cc3)ccnc2c1/C(N)=N/O,6.229147988357855,345.022522104,4,2,2.5617199999999998,True
CHEMBL3641917,CDK6,590.0,nM,C[C@@H](O)Cn1c2cnccc2c2cnc(Nc3ccc(N4CC[C@@H](O)C4)cn3)nc21,6.229147988357855,405.19132297600004,8,3,2.0698999999999996,True
CHEMBL5784486,CDK9,590.0,nM,O=C(O)[C@H]1CC[C@@H](Nc2cc(-c3ccc4ncn(Cc5cccc(F)c5)c4c3)c(Cl)cn2)CC1,6.229147988357855,478.157181908,4,2,5.994400000000004,True
CHEMBL6018036,CDK9,590.0,nM,O=C(Nc1cc(-c2ccc3c(c2)N(Cc2cccc4c2OCO4)CC3)c(Cl)cn1)C1CCCNC1,6.229147988357855,490.17716840400004,6,2,4.631500000000003,True
CHEMBL278894,CDK2,600.0,nM,CC(C)(C)Nc1nc(C(F)(F)F)nc2ccc(-c3cccc(N)c3)cc12,6.221848749616356,360.15618126800007,4,2,5.108200000000004,True
CHEMBL210540,CDK1,600.0,nM,Cc1cc(-c2cnc(Nc3cnc(CN4CCN(C)CC4)cn3)s2)nc(OC2CCCCC2)n1,6.221848749616356,480.24197864399997,10,1,3.9010200000000026,True
CHEMBL14762,CDK2,600.0,nM,CC[C@H](CO)Nc1nc(NCc2ccccc2)c2ncn(C(C)C)c2n1,6.221848749616356,354.216809452,6,3,3.2021000000000015,True
CHEMBL336351,CDK1,600.0,nM,CC(C)n1cnc2c(NCc3ccccc3)nc(C#CC(C)(O)c3ccccc3)nc21,6.221848749616356,411.20591042,5,2,4.278500000000003,True
CHEMBL1242833,CDK2,600.0,nM,CC(C)(C)Nc1nc(C(F)(F)F)nc2ccc(Nc3ccccc3)cc12,6.221848749616356,360.156181268,4,2,5.602600000000003,True
CHEMBL48614,CDK1,600.0,nM,CN1CCC(c2c(O)cc(O)c3c2O/C(=C\c2ccccc2Cl)C3=O)CC1,6.221848749616356,385.10808579999997,5,2,4.176600000000002,True
CHEMBL3702099,CDK4,600.0,nM,CC(=O)OCC(=O)N1CCN(c2ccc(Nc3ncc4c5ccnc(F)c5n(C5CCCC5)c4n3)nc2)CC1,6.221848749616356,532.2346650080001,9,1,3.5840000000000014,True
CHEMBL537838,CDK1,600.0,nM,CCn1cnc2c(Nc3cccc(F)c3)nc(NCCN)nc21.Cl,6.221848749616356,351.13744950800003,6,3,2.5212999999999997,True
CHEMBL1242973,CDK1,600.0,nM,COC(=O)[C@@]1(Cc2ccc(O)c(CC=C(C)C)c2)OC(=O)C(O)=C1c1ccc(O)cc1,6.221848749616356,424.1522031079999,7,3,3.5869000000000018,True
CHEMBL439841,CDK1,600.0,nM,CCn1cnc2c(Nc3cccc(F)c3)nc(NCCN)nc21,6.221848749616356,315.160771796,6,3,2.0995,True
CHEMBL420135,CDK2,600.0,nM,COc1cccc(C(=O)Nc2cc(C3CC3)[nH]n2)c1,6.221848749616356,257.11642672,3,2,2.548,True
CHEMBL98153,CDK1,600.0,nM,O=C1Cc2c([nH]c3ccc(Cl)cc23)-c2ccccc2N1,6.221848749616356,282.05599065200005,1,2,3.9829000000000017,True
CHEMBL101810,CDK4,600.0,nM,CN(C)CC(O)COc1ccc(Nc2nccc(Nc3cc(C(F)(F)F)ccc3F)n2)cc1,6.221848749616356,465.17878785600004,7,3,4.423000000000003,True
CHEMBL418985,CDK2,602.0,nM,CS(=O)(=O)Nc1ccc(Nc2cc(-c3cccc(Br)c3)[nH]n2)cc1,6.220403508742176,406.0099088200001,4,3,3.9543000000000017,True
CHEMBL188673,CDK2,603.0,nM,COc1ccccc1C(=O)c1ccc2nc(N)c(C(=O)c3c(F)cccc3F)n2c1,6.219682687859849,407.1081477800001,5,1,3.665300000000001,True
CHEMBL3884319,CDK2,605.0,nM,CC1(C)C(=O)N([C@H]2CCc3c(O)cccc32)c2nc(Nc3ccccc3)ncc21,6.2182446253475305,386.174275944,5,2,4.2375000000000025,True
CHEMBL397531,CDK2,605.0,nM,CCNC(=O)N1CCC(Nc2ncc(Cl)c(-c3cnc4ccccn34)n2)CC1,6.2182446253475305,399.15743600400003,5,2,3.0505000000000013,True
CHEMBL1081629,CDK2,607.0,nM,Cc1cc2cc(-c3nnc(NC[C@@H](N)Cc4ccc(C(F)(F)F)cc4)s3)ccc2cn1,6.216811308924743,443.13915130000004,6,2,5.062420000000004,True
CHEMBL5283549,CDK2,609.0,nM,O=C(Nc1n[nH]c2ccc(-c3cncc(NC[C@@H](CO)Cc4ccccc4)c3)cc12)c1ccccc1,6.215382707367125,477.216475104,5,4,5.140300000000003,True
CHEMBL3655770,CDK9,610.0,nM,CC[C@H](Nc1nc(NCc2ccncc2)c2ncn(C(C)C)c2n1)[C@@H](C)O,6.214670164989233,369.227708484,7,3,2.985600000000002,True
CHEMBL233970,CDK2,610.0,nM,N=C1NC(=O)/C(=C/c2ccc(-c3ccc(S(N)(=O)=O)c(C(F)(F)F)c3)o2)S1,6.214670164989233,417.00648246,6,3,2.7514700000000003,True
CHEMBL6038186,CDK9,610.0,nM,O=C(Nc1cc(-c2ccc3c(c2)N(CC2CCNC2)CC3)c(Cl)cn1)C1CCCNC1,6.214670164989233,439.21388826000003,5,3,3.312100000000002,True
CHEMBL6038184,CDK9,610.0,nM,Fc1cccc(Cn2cnc3ccc(-c4cc(NCCc5cccnc5)ncc4Cl)cc32)c1,6.214670164989233,457.1469515720001,4,1,5.988700000000003,True
CHEMBL2426399,CDK1,610.0,nM,COc1ccc(NC(=S)NC(=O)c2cn(-c3ccccc3)nc2-c2ccccc2)cc1,6.214670164989233,428.13069688,4,2,4.674700000000003,True
CHEMBL3621496,CDK2,610.0,nM,CN1CCN(C(=O)c2ccc3c(c2)[nH]c2c(C(N)=O)ccc(-c4ccccc4F)c23)CC1,6.214670164989233,430.180504196,3,2,3.6137000000000015,True
CHEMBL5079586,CDK6,611.0,nM,CC(C)N1CCN(C(=O)c2ccc(Nc3ncc(F)c(-c4ccc5ncc(N6CCOCC6)nc5c4)n3)nc2)CC1,6.213958789757446,557.2662994840001,10,1,3.367300000000002,True
CHEMBL5088870,CDK6,611.0,nM,CCN1CCN(Cc2ccc(Nc3ncc(F)c(-c4ccc5nc(C)c(C)nc5c4)n3)nc2)CC1,6.213958789757446,472.2499211480001,8,1,4.118840000000003,True
CHEMBL5598390,CDK9,611.5,nM,O=C(CCCCCCn1cc(Nc2ncc(Cl)c(OC3CCCCC3)n2)cn1)NO,6.213603538627696,436.19896646800004,7,3,4.237500000000002,True
CHEMBL392615,CDK2,612.0,nM,CNC(=O)CN1CCC[C@@H](Nc2ncc(Cl)c(-c3c[nH]c4ccccc34)n2)C1,6.213248577854438,398.16218703600003,5,3,2.9006000000000007,True
CHEMBL6170783,CDK1,617.0,nM,CC1(C)CNC(=O)c2ccc(-c3ccnc(Nc4cccc(CS(N)(=O)=O)c4)n3)cc21,6.209714835966759,437.152160596,6,3,2.6967000000000008,True
CHEMBL3691681,CDK4,619.0,nM,CN(C)C(=O)c1cc2cnc(Nc3ccc(N4CCN5CCC[C@H]5C4=O)cn3)nc2n1C1CCCC1,6.2083093509798815,488.26482226400003,7,1,3.1978000000000018,True
CHEMBL3642653,CDK2,620.0,nM,N#Cc1cnn2c(NCc3ccncc3)cc(-c3ccccc3)nc12,6.207608310501746,326.127994448,5,1,3.2750800000000018,True
CHEMBL73645,CDK2,620.0,nM,Cc1nc2ccccn2c1-c1ccnc(Nc2ccc(Cl)cc2)n1,6.207608310501746,335.093773128,4,1,4.4967200000000025,True
CHEMBL3702226,CDK4,620.0,nM,CC[C@H](C)n1c2cnccc2c2cnc(Nc3ccc(N4CCC(N(C)C)CC4)cn3)nc21,6.207608310501746,444.2749930240001,7,1,4.619500000000004,True
CHEMBL142648,CDK4,620.0,nM,CCn1c(=O)ccc2cnc(Nc3ccccc3)nc21,6.207608310501746,266.116761068,4,1,2.5550000000000006,True
CHEMBL3651154,CDK1,620.0,nM,C[Si](C)(C)C1=C2c3nc4ccccc4cc3C(O)CC2CC1=O,6.207608310501746,323.134155442,3,1,3.8919000000000024,True
CHEMBL3673511,CDK9,620.0,nM,CN1CCC(c2cc3c(-c4cncc(N(C)Cc5ccccc5)n4)ccnc3[nH]2)CC1,6.207608310501746,412.2375448960001,5,1,4.465500000000003,True
CHEMBL4297488,CDK2,620.0,nM,CC(C)c1cnn2c(NCc3ccccc3)cc(NC[C@H]3CCNC[C@@H]3O)nc12,6.207608310501746,394.24810958,6,4,2.8471000000000015,True
CHEMBL5426122,CDK2,621.93,nM,S=C(Nc1cccc(Cl)c1)N1CCN(c2nnc(Cc3ccccc3)c3ccccc23)CC1,6.206258493644402,473.144094448,4,1,5.393000000000004,True
CHEMBL6148980,CDK1,622.0,nM,Cc1ccc(O)c(C)c1-n1c(N)c(C(N)=O)c2c(=O)n(C3CC3)c(C)cc21,6.206209615309181,366.169190564,4,3,2.4390600000000004,True
CHEMBL3967732,CDK2,628.0,nM,O=C1NCC2(CCCCC2)n2c1cc1cnc(Nc3ccc(N4CCN(C5CCC5)CC4)cn3)nc12,6.202040356262804,486.2855577080001,7,2,3.6472000000000024,True
CHEMBL232123,CDK2,630.0,nM,Cc1cc(N)c2oc(-c3ccc(O)c(O)c3)c(O)c(=O)c2c1,6.200659450546418,299.07937251600003,6,4,2.4674200000000006,True
CHEMBL4471323,CDK2,630.0,nM,CCC1SCC(=O)N1c1c(C#N)c2n(c1C(=O)Nc1ccccc1)CCC2,6.200659450546418,380.13069687999996,4,1,3.3741800000000026,True
CHEMBL3702227,CDK4,630.0,nM,CC[C@H](C)n1c2cnccc2c2cnc(Nc3ccc(N4CCC(N(C)C)CC4)nn3)nc21,6.200659450546418,445.27024199200014,8,1,4.0145000000000035,True
CHEMBL115047,CDK2,630.0,nM,CCc1cc(NC(=O)c2ccc(Br)cc2)n[nH]1,6.200659450546418,293.016374104,2,2,2.9869000000000003,True
CHEMBL2207198,CDK2,630.0,nM,O=C(NCCCNc1nc(Nc2ccc(N3CCOCC3)cc2)ncc1C1CC1)C1CCC1,6.200659450546418,450.27432432800003,7,3,3.6525000000000016,True
CHEMBL421207,CDK2,631.0,nM,O=C(Nc1n[nH]c2cc(-c3ccco3)ccc12)C1CC1,6.199970640755866,267.100776656,3,2,3.171400000000001,True
CHEMBL260231,CDK2,639.0,nM,O=C(Nc1n[nH]c2nc(-c3cccs3)c(Br)cc12)C1CC1,6.1944991418416,361.983694072,4,2,3.7974000000000014,True
CHEMBL5984249,CDK9,640.0,nM,CS(=O)(=O)c1ccc(Cn2nnc3ccc(-c4cc(NC(=O)[C@@H]5CCCNC5)ncc4Cl)cc32)cc1,6.1938200260161125,524.13973734,7,2,3.5366000000000017,True
CHEMBL232737,CDK2,640.0,nM,Cc1cc(N2CCN(C)CC2)c2oc(-c3ccc(O)c(O)c3)c(O)c(=O)c2c1,6.1938200260161125,382.1528718039999,7,3,2.6370200000000015,True
CHEMBL3668355,CDK9,640.0,nM,Clc1cnc2[nH]c(C3CCCNC3)cc2c1-c1cccc(NCC2CCOCC2)n1,6.1938200260161125,425.198238196,5,3,4.583800000000003,True
CHEMBL5199259,CDK2,642.0,nM,[2H]C([2H])([2H])NS(=O)(=O)c1ccc(Nc2ncc3c(n2)N([C@@H]2CCC[C@@H](O)C2)C(=O)C32CC2)cc1,6.192464971931146,446.1815555179999,7,3,1.8099999999999996,True
CHEMBL5591779,CDK4,644.8,nM,CC(=O)N[C@H]1CC[C@H](c2ncc(Cl)c(Nc3ccccc3S(=O)(=O)C(C)C)n2)CC1,6.190574971202966,450.149239404,6,2,4.2180000000000035,True
CHEMBL5094319,CDK6,646.0,nM,COc1cnc(Nc2ccc(N3CCNCC3)cn2)nc1-c1ccc2ncc(N(C)C)nc2c1,6.189767482004916,457.2338564840001,10,2,2.709600000000001,True
CHEMBL6007400,CDK2,647.0,nM,Cc1nc2c(F)cc(-c3nc(Nc4ccc5c(n4)CCN(C[C@@H](C)N(C)C)C5)ncc3F)cc2n1C1CC1,6.189095719331299,518.2717994640001,7,1,4.861620000000004,True
CHEMBL3978141,CDK9,650.0,nM,CN1Cc2c(C3=CCN(S(C)(=O)=O)CC3(C)C)[nH]c3nccc(c23)-c2cc(F)ccc21,6.187086643357144,440.16822526000004,4,1,4.003600000000002,True
CHEMBL2111872,CDK1,650.0,nM,CC(C)n1cnc2c(NCc3ccccc3)nc(N3CCC[C@@H]3CO)nc21,6.187086643357144,366.21680945199995,6,2,2.9804000000000017,True
CHEMBL114432,CDK2,650.0,nM,CCCc1cc(NC(=O)c2ccc(Br)cc2)n[nH]1,6.187086643357144,307.0320241680001,2,2,3.3770000000000016,True
CHEMBL52387,CDK1,650.0,nM,CCC(CO)Nc1nc(NCc2ccccc2)c2ncn(C(C)C)c2n1,6.187086643357144,354.216809452,6,3,3.2021000000000015,True
CHEMBL6191482,CDK2,650.0,nM,CCN(/C=C/c1nc(Nc2ccccc2)nc2[nH]cnc12)CC,6.187086643357144,308.17494464,5,2,3.4090000000000016,True
CHEMBL1234089,CDK2,660.0,nM,N=C(N)NS(=O)(=O)c1ccc(N/C=C2\C(=O)Nc3ccccc32)cc1,6.180456064458131,357.08956034,5,5,1.2634699999999994,True
CHEMBL5886423,CDK9,660.0,nM,CN1CCN(Cc2cccc(Cn3nnc4ccc(-c5cc(NC(=O)[C@@H]6CCCNC6)ncc5Cl)cc43)c2)CC1,6.180456064458131,558.2622354199999,7,2,3.8805000000000023,True
CHEMBL455946,CDK2,660.0,nM,NS(=O)(=O)c1ccc(NC(=O)c2n[nH]c3ccccc23)cc1,6.180456064458131,316.063011244,4,3,1.4626000000000001,True
CHEMBL271182,CDK1,660.0,nM,CCc1ccc2c(c1)NC(=O)/C2=N\Nc1ccc(S(N)(=O)=O)cc1,6.180456064458131,344.09431137199994,5,3,1.6646999999999998,True
CHEMBL5571889,CDK1,660.0,nM,Cc1ccc(O)c(C)c1-n1c(N)c(C(=O)N2CCn3ccnc3C2)c2nc(C)c(C)nc21,6.180456064458131,431.2069730400001,6,2,2.794480000000001,True
CHEMBL5787921,CDK2,661.0,nM,CN[C@H](C)C(=O)N1CCc2nc(Nc3ncc(F)c(-c4cc(F)c5nc(C)n(C6CC6)c5c4)n3)ccc2C1,6.17979854051436,518.2354139560001,7,2,4.046020000000002,True
CHEMBL5407831,CDK4,662.0,nM,Sc1nnc(-c2c[nH]c3ccccc23)n1/N=C/c1ccccc1,6.1791420105603,319.089166416,4,2,3.5973000000000015,True
CHEMBL5842419,CDK9,670.0,nM,N#Cc1cn(CC2CCOCC2)c2cc(-c3cc(NC(=O)[C@@H]4CCCNC4)ncc3Cl)cnc12,6.173925197299173,478.18840178400006,6,2,3.988080000000002,True
CHEMBL5179962,CDK2,670.0,nM,CNS(=O)(=O)c1ccc(Nc2ncc3c(n2)N([C@@H]2CCC[C@@H](O)C2)C(=O)C32CC2)cc1,6.173925197299173,443.16272527999996,7,3,1.8099999999999992,True
CHEMBL5837531,CDK9,670.0,nM,O=C(Nc1cc(-c2ccc3c(c2)N(CC(=O)N2CCCC2)CC3)c(Cl)cn1)C1CCCNC1,6.173925197299173,467.20880288,5,2,3.325000000000002,True
CHEMBL6149484,CDK6,673.0,nM,CN1CCN(c2ccc(Nc3ncc(F)c(-c4ccc5c(c4)OC4(CCCC4)CC5=O)n3)nc2)CC1,6.171984935776023,488.233602388,8,1,4.451100000000003,True
CHEMBL455195,CDK9,680.0,nM,CCC1CC(C(=O)Nc2ncc(SCc3ncc(C(C)(C)C)o3)s2)CCN1,6.167491087293763,408.1653681359999,7,2,4.437600000000003,True
CHEMBL332882,CDK1,680.0,nM,Nc1cccc(-c2[nH]nc3ncnc(Nc4cccc(Cl)c4)c23)c1,6.167491087293763,336.089022096,5,3,3.999100000000001,True
CHEMBL2035048,CDK2,680.0,nM,C1=C/COCc2ccc(o2)-c2ccnc(n2)Nc2cccc(c2)COC/1,6.167491087293763,349.14264146799997,6,1,3.5782000000000016,True
CHEMBL6017237,CDK9,680.0,nM,Cc1ncc(CN2CCc3ccc(-c4cc(NC(=O)C5CCCNC5)ncc4Cl)cc32)cn1,6.167491087293763,462.1934871640001,6,2,4.001220000000003,True
CHEMBL74680,CDK2,680.0,nM,Clc1cccc(Nc2nccc(-n3cnc4ccccc43)n2)c1,6.167491087293763,321.078123064,4,1,4.212500000000002,True
CHEMBL289422,CDK4,680.0,nM,O=C1NC(=O)c2c1c1c3ccccc3n3c1c1c2c2ccccc2n1[C@H]1CC[C@@H]3O1,6.167491087293763,393.11134134,3,1,4.607200000000002,True
CHEMBL1823655,CDK2,680.0,nM,O=C(N[C@@H](c1ccc(Cl)c(Cl)c1)C1CNC1)c1ccc2cnccc2c1,6.167491087293763,385.074867524,3,2,4.232100000000003,True
CHEMBL5590970,CDK9,685.6,nM,CC(C)S(=O)(=O)c1ccccc1Nc1nc(C2CCNCC2)ncc1Cl,6.163929191084858,394.1230246560001,6,2,3.522700000000002,True
CHEMBL5598317,CDK9,686.8,nM,O=C(CCCCCCn1cc(Nc2ncc(Cl)c(-c3cnc4ccccn34)n2)cn1)NO,6.163169713511121,454.1632496560001,7,3,3.840700000000002,True
CHEMBL233205,CDK1,687.0,nM,CC(C)(N)c1ccc(-c2nc(Nc3ccc(CCO)cc3)ncc2Cl)cc1,6.16304326294045,382.15603903600004,5,3,4.269200000000002,True
CHEMBL5633539,CDK2,689.4,nM,NC(=O)c1cccc2[nH]c(NC(=O)c3cccc(C(=O)N4CCC(Nc5ncc(I)cn5)CC4)c3)nc12,6.161528720928072,610.093784596,7,4,3.025400000000001,True
CHEMBL269850,CDK2,690.0,nM,NS(=O)(=O)c1ccc(N/C=C2\C(=O)Nc3ccccc32)cc1,6.161150909262744,315.06776227600005,4,3,1.7391,True
CHEMBL507536,CDK2,690.0,nM,CC(C)(C)c1cnc(CSc2cnc(N)s2)o1,6.161150909262744,269.0656541,6,1,3.3031000000000015,True
CHEMBL1922121,CDK2,690.0,nM,CC[C@@H](Nc1nc(NCc2cccnc2)c2ncn(C(C)C)c2n1)C(O)C(C)C,6.161150909262744,397.259008612,7,3,3.6217000000000024,True
CHEMBL5939076,CDK9,690.0,nM,O=C(Nc1cc(-c2ccc3ncn(CC4CCOCC4)c3c2)c(Cl)cn1)c1cccnc1,6.161150909262744,447.146202624,5,1,4.825600000000004,True
CHEMBL3943554,CDK2,695.0,nM,CC(C)C1CN(c2ccc(Nc3ncc4cc5n(c4n3)C3(CCCCC3)CNC5=O)nc2)CCN1,6.158015195409886,474.285557708,7,3,3.4069000000000003,True
CHEMBL5505818,CDK2,697.6,nM,CCC(=O)Nc1ccc(CNc2nc(O[C@H]3CCCNC3)nc3c(C(C)C)cnn23)cc1,6.156393528075489,437.2539232320001,7,3,3.339100000000002,True
CHEMBL133342,CDK2,700.0,nM,CC[C@@H](CO)Nc1nc(NCc2ccccc2)c2ncn(C(C)C)c2n1,6.154901959985743,354.216809452,6,3,3.2021000000000015,True
CHEMBL173237,CDK1,700.0,nM,CCn1cnc2c(Nc3cccc(C(F)(F)F)c3)nc(NCCN)nc21,6.154901959985743,365.15757823600006,6,3,2.9792000000000005,True
CHEMBL4455210,CDK2,700.0,nM,Cc1nc2c(F)cc(-c3nc(Nc4ccc5c(n4)CCN(CCN(C)C)C5)ncc3F)cc2n1C1CC1,6.154901959985743,504.2561494000001,7,1,4.473120000000003,True
CHEMBL101468,CDK4,700.0,nM,Cc1ccc(F)c(Nc2ccnc(Nc3ccc(OCC(O)CN(C)C)cc3)n2)c1,6.154901959985743,411.207053292,7,3,3.712620000000002,True
CHEMBL430507,CDK2,700.0,nM,CN(C)CC(O)COc1ccc(Nc2nccc(N(CC#N)c3cc(Cl)ccc3Cl)n2)cc1,6.154901959985743,486.13377936800003,8,2,4.489980000000004,True
CHEMBL3085251,CDK1,700.0,nM,OC[C@H]1CCCN1c1nc(NCc2ccccc2)c2ncn(C3CCCC3)c2n1,6.154901959985743,392.23245951600006,6,2,3.5146000000000024,True
CHEMBL477863,CDK2,700.0,nM,CCCOc1ccc(CN/C=C2\C(=O)NC(=O)c3ccc(I)cc32)nc1O,6.154901959985743,479.034204056,6,3,2.581300000000001,True
CHEMBL2163984,CDK2,700.0,nM,Fc1ccc(Nc2cc(NC3CCCNC3)nc3ccnn23)cc1Cl,6.154901959985743,360.12655047600003,5,3,3.4293000000000013,True
CHEMBL3823030,CDK2,700.0,nM,Cc1nn(C2CCN(C(=O)[C@@H](C)O)CC2)c(C)c1Nc1ncc(Cl)c(-c2cnn3ccccc23)n1,6.154901959985743,494.1945497840001,7,2,3.5459400000000016,True
CHEMBL3085231,CDK1,700.0,nM,CC(C)n1cnc2c(NCc3cccc(C(F)(F)F)c3)nc(N3CCC[C@H]3CO)nc21,6.154901959985743,434.2041940800001,6,2,3.999200000000003,True
CHEMBL2029904,CDK1,700.0,nM,CNCc1cc2cnc(Nc3cc(C(=O)N4CCN(C)CC4)n(C)c3)nc2n1C1CCCC1,6.154901959985743,450.28555770800006,6,2,2.7355,True
CHEMBL534909,CDK1,700.0,nM,CCn1cnc2c(Nc3cccc(C(F)(F)F)c3)nc(NCCN)nc21.Cl,6.154901959985743,401.1342559480001,6,3,3.401000000000001,True
CHEMBL460746,CDK2,700.0,nM,O=C(NC(=S)Nc1ccc(O)c(-c2nc3ccccc3s2)c1)c1ccc([N+](=O)[O-])cc1,6.154901959985743,450.045646928,7,3,4.703900000000003,True
CHEMBL5591779,CDK9,704.3,nM,CC(=O)N[C@H]1CC[C@H](c2ncc(Cl)c(Nc3ccccc3S(=O)(=O)C(C)C)n2)CC1,6.152242311607669,450.149239404,6,2,4.2180000000000035,True
CHEMBL111897,CDK2,705.0,nM,COc1ccc(C(=O)Nc2cc(C3CC3)[nH]n2)cc1,6.151810883008601,257.11642672,3,2,2.548,True
CHEMBL5565137,CDK1,705.0,nM,Cc1ccc(O)c(C)c1-n1c(N)c(C(=O)N2CCn3c(cccc3=O)C2)c2nc(C)c(C)nc21,6.151810883008601,458.206638692,6,2,2.7596800000000012,True
CHEMBL3656841,CDK2,706.0,nM,COC[C@@H](C)N[C@H]1CC[C@H](Nc2cc(-c3cccc(NCC4(C#N)CCOCC4)n3)c(Cl)cn2)CC1,6.151195298948196,512.2666521040001,8,3,4.876880000000003,True
CHEMBL5573253,CDK2,708.0,nM,CN1CCC(n2cc(-c3nc(NC4CCN(S(C)(=O)=O)CC4)ncc3C(F)(F)F)cn2)CC1,6.149966742310231,487.197728796,7,1,2.461500000000001,True
CHEMBL5542095,CDK2,708.9,nM,CC(=O)Nc1ccc(CNc2nc(NC(CO)CO)nc3c(C(C)C)cnn23)cc1,6.149415023647968,413.21753772400007,8,5,1.5832999999999993,True
CHEMBL5573816,CDK2,709.0,nM,CS(=O)(=O)N1CCC(Nc2ncc(C(F)(F)F)c(-c3cnn(CC(F)(F)F)c3)n2)CC1,6.149353764816933,472.11161413600007,6,1,2.757100000000001,True
CHEMBL255262,CDK4,710.0,nM,O=C(Cc1cccc(F)c1)Nc1n[nH]c2ccc(N3CCCS3(=O)=O)cc12,6.1487416512809245,388.100539624,4,2,2.4231000000000007,True
CHEMBL411886,CDK1,710.0,nM,NS(=O)(=O)c1ccc(N/N=C2\C(=O)Nc3ccc([N+](=O)[O-])cc32)cc1,6.1487416512809245,361.048089452,7,3,1.0105000000000002,True
CHEMBL2035055,CDK2,710.0,nM,CN1C/C=C/COCc2ccc(s2)-c2ccnc(n2)Nc2ccc(OCCN3CCCC3)c(c2)C1,6.1487416512809245,491.23549629600006,8,1,4.684600000000004,True
CHEMBL5999796,CDK2,710.0,nM,Cc1nc2c(F)cc(-c3nc(Nc4ccc5c(n4)CCN(C(C)C)C5)ncc3F)cc2n1C1CC1,6.1487416512809245,475.2296003040001,6,1,5.319920000000004,True
CHEMBL5639303,CDK2,710.0,nM,COc1ccc(-c2ccnc3c(-c4noc(C)n4)c(C)nn23)cc1,6.1487416512809245,321.12257472000005,6,0,3.071740000000001,True
CHEMBL1760035,CDK2,711.0,nM,COc1cc(Nc2nccc(Nc3cnc4ccccc4c3)n2)cc(OC)c1OC,6.148130399270234,403.164439532,8,2,4.5378000000000025,True
CHEMBL5542710,CDK2,712.75,nM,CC(=O)Nc1ccc(CNc2nc(NC3CCOCC3)nc3c(C(C)C)cnn23)cc1,6.147062774018503,423.2382731680001,7,3,3.4091000000000014,True
CHEMBL5597396,CDK9,716.9,nM,O=C(CCCCCn1cc(Nc2ncc(Cl)c(-c3cnc4ccccn34)n2)cn1)NO,6.144541419613963,440.1475995920001,7,3,3.4506000000000006,True
CHEMBL6011351,CDK9,720.0,nM,O=C(O)c1ccc(CN2CCc3ccc(-c4cc(NC(=O)C5CCCNC5)ncc4Cl)cc32)cc1,6.142667503568731,490.17716840400004,5,3,4.6010000000000035,True
CHEMBL2436977,CDK2,720.0,nM,CN1CCN(Cc2ccc(-c3cnc4[nH]cc(-c5cnc6[nH]ccc6c5)c4c3)cc2)CC1,6.142667503568731,422.221894832,4,2,4.520600000000003,True
CHEMBL269538,CDK9,720.0,nM,COc1ccc2c(c1)[nH]c1c(C)nccc12,6.142667503568731,212.094963004,2,1,3.033120000000001,True
CHEMBL5197170,CDK2,720.0,nM,CC(C)n1cc(-c2ccnc3[nH]c(C4CCN(CC(=O)N5CCCCC5)CC4)cc23)ccc1=O,6.142667503568731,461.27907536,4,1,4.164400000000003,True
CHEMBL4750372,CDK9,720.0,nM,CC(=O)N[C@@H]1CCC[C@H](C(=O)Nc2cc(-c3cnn4c3CCCC4O)c(Cl)cn2)C1,6.142667503568731,431.172417372,5,3,3.059100000000001,True
CHEMBL5950277,CDK1,726.0,nM,Cc1nc2c(F)cc(-c3nc(Nc4ccc5c(n4)CCN(C(=O)NCCO)C5)ncc3F)cc2n1C1CC1,6.139063379299906,520.2146785120001,7,3,3.6134200000000014,True
CHEMBL6036030,CDK1,727.0,nM,CN(C)C(=O)c1ccc(Nc2ncc3cc4n(c3n2)C2(CCCCC2)C(=O)NN4)cc1,6.138465589140962,419.20697304000004,6,3,2.992800000000001,True
CHEMBL443198,CDK2,730.0,nM,O=C(CO)Nc1c[nH]nc1C(=O)Nc1ccc(F)cc1,6.136677139879544,278.081518432,4,4,0.7319,True
CHEMBL3668467,CDK9,730.0,nM,N#CC1(CNc2cc(-c3ccnc4[nH]c(C5CCNCC5)cc34)c(Cl)cn2)CCOCC1,6.136677139879544,450.193487164,6,3,4.477580000000004,True
CHEMBL203569,CDK2,730.0,nM,NS(=O)(=O)c1ccc(Nc2cc(NC3CCCCC3)nc3ncnn23)cc1,6.136677139879544,387.1477439120001,7,3,2.2599,True
CHEMBL5756149,CDK9,730.0,nM,Cc1ccc(CN2CCc3ccc(-c4cc(NC(=O)C5CCCNC5)ncc4Cl)cc32)cn1,6.136677139879544,461.19823819600003,5,2,4.606220000000003,True
CHEMBL5742521,CDK9,730.0,nM,CN(C)C(Cn1nnc2ccc(-c3cc(NC(=O)[C@@H]4CCCNC4)ncc3Cl)cc21)c1cccc(F)c1,6.136677139879544,521.210614448,6,2,4.526800000000003,True
CHEMBL5591779,CDK2,734.55,nM,CC(=O)N[C@H]1CC[C@H](c2ncc(Cl)c(Nc3ccccc3S(=O)(=O)C(C)C)n2)CC1,6.1339786369261,450.149239404,6,2,4.2180000000000035,True
CHEMBL6161355,CDK1,735.0,nM,Cc1ccc(O)c(C)c1-n1c(N)c(C(N)=O)c2c(=O)n(CCO)c(C)nc21,6.133712660915805,371.15935415200005,6,4,0.49145999999999995,True
CHEMBL410293,CDK1,740.0,nM,NS(=O)(=O)c1ccc(N/C=C2\C(=O)Nc3cc(CO)ccc32)cc1,6.130768280269024,345.07832696,5,4,1.2313999999999998,True
CHEMBL3644029,CDK1,740.0,nM,CS(=O)(=O)c1ccc(Nc2ncc(C(F)(F)F)c(OCCC(F)(F)F)n2)cc1,6.130768280269024,429.05818159600005,6,1,3.9737000000000027,True
CHEMBL5190067,CDK2,746.0,nM,[2H]C([2H])([2H])NS(=O)(=O)c1ccc(Nc2ncc3c(n2)N([C@@H]2CCC[C@@]2(C)O)C(=O)C32CC2)cc1,6.127261172527332,446.1815555179999,7,3,1.8099999999999996,True
CHEMBL6143608,CDK6,749.0,nM,CN1CCN(c2ccc(Nc3ncc(F)c(-c4ccc5c(c4)OC4(CCC4)CC5=O)n3)nc2)CC1,6.125518182300533,474.217952324,8,1,4.061000000000003,True
CHEMBL258040,CDK4,750.0,nM,O=C(Cc1ccc(N2CCCCC2)cc1)Nc1n[nH]c2ccc(N3CCCS3(=O)=O)cc12,6.1249387366083,453.183460724,5,2,3.274300000000002,True
CHEMBL448316,CDK2,750.0,nM,O=C(NC1CCNCC1)c1n[nH]cc1NC(=O)c1c(F)cc(F)cc1F,6.1249387366083,367.125609412,4,4,1.5610999999999993,True
CHEMBL3641963,CDK4,750.0,nM,CN(C)C1CCN(c2ccc(Nc3ncc4c5ccncc5n([C@H]5CCC[C@@H]5O)c4n3)nn2)CC1,6.1249387366083,473.26515661200006,9,2,3.1294000000000013,True
CHEMBL4207966,CDK6,752.0,nM,CCN1CCN(Cc2ccc(Nc3nccc(-c4cc(F)c5nc6n(c5c4)C(C)CC6)n3)nc2)CC1,6.123782159408358,486.2655712120001,7,1,4.415700000000004,True
CHEMBL6161225,CDK1,756.1,nM,CC(C)N1CCC(c2cc3c(-c4cnn(CC5CC5)c4)c(Cl)cnc3[nH]2)CC1,6.121420761937781,397.20332357600006,3,1,5.077600000000005,True
CHEMBL5505745,CDK2,757.4,nM,CCC(=O)Nc1ccc(CNc2nc(NC3CCNCC3)nc3c(C(C)C)cnn23)cc1,6.120674699215193,436.26990764400006,7,4,3.372200000000002,True
CHEMBL5201044,CDK1,760.0,nM,O=C(c1ccc(-c2ccnc3[nH]c(-c4ccc(CN5CCOCC5)cc4)nc23)cc1)N1CCCC1,6.119186407719209,467.23212516800004,5,1,4.360100000000004,True
CHEMBL5207871,CDK2,760.0,nM,CC(C)n1cc(-c2ccnc3[nH]c(C4CCN(CC(=O)N5CCCC5)CC4)cc23)ccc1=O,6.119186407719209,447.263425296,4,1,3.774300000000003,True
CHEMBL4756050,CDK9,760.0,nM,CC(=O)N[C@@H]1CCC[C@H](C(=O)Nc2cc(-c3cnc4n3CCC4)c(Cl)cn2)C1,6.119186407719209,401.161852688,4,2,3.1781000000000015,True
CHEMBL3655774,CDK2,770.0,nM,CC[C@H](Nc1nc(NCc2ncccc2C)c2ncn(C(C)C)c2n1)[C@@H](C)O,6.113509274827518,383.243358548,7,3,3.294020000000002,True
CHEMBL3892881,CDK2,770.0,nM,CS(=N)(=O)Cc1cccc(Nc2ncc(F)c(-c3ccc(F)cc3OCc3ccc(F)cc3)n2)c1,6.113509274827518,498.133731572,6,2,6.060070000000004,True
CHEMBL452601,CDK9,770.0,nM,C[C@H]1CNC[C@H](C(=O)Nc2ncc(SCc3ncc(C(C)(C)C)o3)s2)C1,6.113509274827518,394.149718072,7,2,3.905000000000003,True
CHEMBL5401495,CDK6,770.0,nM,Oc1cccc(/C=N/n2c(S)nnc2-c2c[nH]c3ccccc23)c1O,6.113509274827518,351.078995656,6,4,3.0085,True
CHEMBL6055129,CDK9,770.0,nM,O=C(Nc1cc(-c2ccc3ncn(CC4CCOCC4)c3c2)c(Cl)cn1)c1cncnc1,6.113509274827518,448.14145159200007,6,1,4.220600000000004,True
CHEMBL5169515,CDK2,770.0,nM,C[C@@H]1CCC[C@H]1N1C(=O)C2(CC2)c2cnc(Nc3ccc(S(=O)(=O)NCCO)cc3)nc21,6.113509274827518,457.17837534399996,7,3,2.0575999999999994,True
CHEMBL3663758,CDK9,770.0,nM,COC(=O)N1CCCC(c2cc3c(-c4nc(NCc5ccccc5)ccc4Cl)ccnc3[nH]2)C1,6.113509274827518,475.177502752,5,2,5.836200000000004,True
CHEMBL2402945,CDK1,777.0,nM,NC1CCC(Nc2nc(NCc3ccc(-c4ccccc4O)cc3)c3ncn(C4CCCC4)c3n2)CC1,6.1095789811990855,497.29030874000006,7,4,5.607900000000004,True
CHEMBL3774632,CDK1,777.0,nM,CC(O)CNc1nc(NCc2ccc(-c3ccccn3)cc2)c2[nH]nc(C(C)C)c2n1,6.1095789811990855,417.2277084840001,7,4,3.943100000000003,True
CHEMBL3906489,CDK2,780.0,nM,CCOC(=O)N=S(C)(=O)Cc1cccc(Nc2ncc(F)c(-c3ccc(F)cc3OC)n2)c1,6.107905397309519,476.132982624,7,1,4.928300000000005,True
CHEMBL3919798,CDK9,780.0,nM,CN1Cc2c(C3=CCN(C(=O)OC(C)(C)C)CC3)[nH]c3ncc(F)c(c23)-c2cc(F)ccc21,6.107905397309519,452.202382512,4,1,5.482100000000005,True
CHEMBL411491,CDK1,780.0,nM,NS(=O)(=O)c1ccc(N/N=C2\C(=O)Nc3ccc(Br)cc32)cc1,6.107905397309519,393.97352331200005,5,3,1.8648,True
CHEMBL5177698,CDK2,780.0,nM,CNc1nc(C(=O)/C=C/c2ccc(OC)cc2)c(C)s1,6.107905397309519,288.093248752,5,1,3.397920000000002,True
CHEMBL5073277,CDK6,781.0,nM,Cc1nc2ccc(-c3nc(Nc4ccc(CN5CCN(C(C)C)CC5)cn4)ncc3F)cc2nc1C,6.1073489661227,486.26557121200005,8,1,4.507340000000004,True
CHEMBL233213,CDK1,781.0,nM,CN(C)CCc1ccc(Nc2ncc(Cl)c(-c3n[nH]c4ccccc34)n2)cc1,6.1073489661227,392.15162235200006,5,2,4.521000000000003,True
CHEMBL186163,CDK4,786.0,nM,Nc1nc2ccc(C(=O)c3c(F)cccc3F)cn2c1C(=S)c1c(F)cccc1F,6.104577453960593,429.055895852,4,1,4.470200000000002,True
CHEMBL1800218,CDK2,790.0,nM,Nc1nccc(-c2cc(N3CCOCC3)ccc2O)n1,6.102372908709558,272.127325752,6,2,1.268,True
CHEMBL524059,CDK4,790.0,nM,O=C(O)c1ccc(Nc2nccc(-c3cnn4ncccc34)n2)cc1,6.102372908709558,332.10217362400005,6,2,2.6281000000000008,True
CHEMBL6057377,CDK9,790.0,nM,Fc1cccc(Cn2cnc3ccc(-c4cc(NCCNCc5ccccc5)ncc4Cl)cc32)c1,6.102372908709558,485.17825170000003,4,2,6.140800000000004,True
CHEMBL271594,CDK1,790.0,nM,CC(C)c1ccc2c(c1)NC(=O)/C2=N/Nc1ccc(S(N)(=O)=O)cc1,6.102372908709558,358.10996143599994,5,3,2.2257,True
CHEMBL4538174,CDK2,790.0,nM,C[C@@H](NC(=O)Nc1cc2[nH]ncc2c(CO)n1)c1ccccc1,6.102372908709558,311.13822478400004,4,4,2.3329000000000004,True
CHEMBL1800463,CDK1,790.0,nM,Nc1nc(NCCN2CCOCC2)cc(-c2cc(N3C[C@H](O)[C@@H](O)C3)ccc2O)n1,6.102372908709558,416.21720337599993,10,5,-0.2826999999999989,True
CHEMBL3702212,CDK6,790.0,nM,COCCn1c2cnccc2c2cnc(Nc3ccc(N4CCNCC4)cn3)nc21,6.102372908709558,404.20730738800006,8,2,2.1741,True
CHEMBL5555640,CDK2,793.2,nM,CCC(=O)Nc1ccc(CNc2nc(NC3CCN(C)CC3)nc3c(C(C)C)cnn23)cc1,6.100617294466735,450.28555770800006,7,3,3.714400000000002,True
CHEMBL107530,CDK1,800.0,nM,Nc1nc(Nc2cccc(Br)c2)nc(OCC2CCCCC2)c1N=O,6.096910013008056,405.08003698,7,2,4.9219000000000035,True
CHEMBL4764361,CDK9,800.0,nM,CC(=O)N[C@@H]1CCC[C@H](C(=O)Nc2cc(-c3cnn4c3CN(C)CC4)c(Cl)cn2)C1,6.096910013008056,430.18840178400006,5,2,2.6773000000000007,True
CHEMBL496575,CDK4,800.0,nM,CCCCc1nn2ncccc2c1-c1ccnc(Nc2ccc(N3CCN(C)CC3)cc2)n1,6.096910013008056,442.25934296,7,1,4.024300000000003,True
CHEMBL498625,CDK4,800.0,nM,Cc1nn2ncccc2c1-c1ccnc(NC2CC2)n1,6.096910013008056,266.127994448,5,1,2.06902,True
CHEMBL100945,CDK4,800.0,nM,C#CCN(c1cc(Nc2ccc(OCC(O)CN(C)C)cc2)ncn1)c1cc(Cl)ccc1Cl,6.096910013008056,485.13853040000004,7,2,4.599600000000004,True
CHEMBL46181,CDK1,800.0,nM,CN1CCC(c2c(O)cc(O)c3c2O/C(=C\c2ccc(N4CCN(C)CC4)cc2)C3=O)CC1,6.096910013008056,449.23145647200005,7,2,3.2750000000000012,True
CHEMBL101311,CDK4,800.0,nM,CN(C)CC(O)COc1ccc(Nc2nccc(Nc3cc(Cl)ccc3Cl)n2)cc1,6.096910013008056,447.12288033600004,7,3,4.571900000000003,True
CHEMBL3085233,CDK1,800.0,nM,CC(C)n1cnc2c(NCc3ccc(C(F)(F)F)cc3)nc(N3CCC[C@@H]3CO)nc21,6.096910013008056,434.2041940800001,6,2,3.999200000000003,True
CHEMBL133342,CDK1,800.0,nM,CC[C@@H](CO)Nc1nc(NCc2ccccc2)c2ncn(C(C)C)c2n1,6.096910013008056,354.216809452,6,3,3.2021000000000015,True
CHEMBL3109955,CDK2,800.0,nM,Clc1ccccc1Nc1cc2[nH]c(-c3cn[nH]c3)cc2cn1,6.096910013008056,309.078123064,3,3,4.350000000000001,True
CHEMBL3971492,CDK9,800.0,nM,CS(=O)(=O)N1CC=C(c2[nH]c3nccc4c3c2CN(CC2CCOCC2)c2ccc(F)cc2-4)CC1,6.096910013008056,496.194440008,5,1,4.164300000000003,True
CHEMBL2112679,CDK1,800.0,nM,CC(C)n1cnc2c(NC(CO)c3ccccc3)nc(N3CCC[C@H]3CO)nc21,6.096910013008056,396.227374136,7,3,2.513800000000001,True
CHEMBL3702234,CDK4,800.0,nM,CC[C@H](C)n1c2cnccc2c2cnc(Nc3ccc(N4CCC(NC)CC4)nn3)nc21,6.096910013008056,431.25459192800014,8,2,3.6723000000000017,True
CHEMBL5793112,CDK9,800.0,nM,NC(CNc1cc(-c2ccc3ncn(Cc4cccc(F)c4)c3c2)c(Cl)cn1)c1ccccc1,6.096910013008056,471.16260163600003,4,2,6.051000000000005,True
CHEMBL101473,CDK4,800.0,nM,Cc1cnc(Nc2ccc(OCC(O)CN(C)C)cc2)nc1Nc1ccccc1,6.096910013008056,393.21647510400004,7,3,3.573520000000002,True
CHEMBL83980,CDK2,800.0,nM,CC(C)n1cnc2c(NCc3ccccc3)nc(NCCCO)nc21,6.096910013008056,340.20115938799995,6,3,2.8136000000000005,True
CHEMBL4205366,CDK1,800.9,nM,CCN1CCN(Cc2ccc(Nc3cc(-c4cc(F)c5nc(C)n(C(C)C)c5c4)ccn3)nn2)CC1,6.096421706336946,488.2812212760001,7,1,4.797820000000004,True
CHEMBL5276424,CDK2,802.0,nM,O=C(Nc1n[nH]c2ccc(-c3cncc(NC[C@@H](O)c4ccccc4)c3)cc12)c1ccccc1,6.095825631715837,449.18517497600004,5,4,5.022700000000003,True
CHEMBL5527848,CDK2,805.8,nM,CC(C)c1cnn2c(NCc3ccc(NC(=O)C4(F)CC4)cc3)nc(NC3CCOCC3)nc12,6.093772736947641,467.24450142000006,7,3,3.891300000000003,True
CHEMBL233208,CDK1,808.0,nM,CC(C)(N)c1ccc(-c2nc(Nc3ccc(CCN4CCCC4)cc3)ncc2Cl)cc1,6.092588639225414,435.21897364,5,2,5.3727000000000045,True
CHEMBL183941,CDK4,810.0,nM,Nc1nc2ccc(C(=O)c3c(F)cccc3Cl)cn2c1C(=O)c1c(F)cccc1F,6.091514981121351,429.049188932,4,1,4.449200000000002,True
CHEMBL509012,CDK9,810.0,nM,CC(C)C1CC(C(=O)Nc2ncc(SCc3ncc(C(C)(C)C)o3)s2)CCN1,6.091514981121351,422.1810181999999,7,2,4.683600000000004,True
CHEMBL3668463,CDK9,810.0,nM,O[C@@H]1CN[C@@H](CNc2ccc(Cl)c(-c3ccnc4[nH]c(C5CCNCC5)cc34)n2)C1,6.091514981121351,426.1934871640001,6,5,2.880000000000001,True
CHEMBL1241662,CDK4,810.0,nM,Nc1nc2ccc(C(=O)c3c(F)cccc3Cl)cc2n1Cc1c(F)cccc1F,6.091514981121351,415.0699243760001,3,1,4.968500000000002,True
CHEMBL186396,CDK2,812.0,nM,CN1CCN(CCOc2cc(F)c(C(=O)c3c(N)nc4ccc(C(=O)c5c(Cl)cccc5Cl)cn34)c(F)c2)CC1,6.090443970758825,587.13025146,7,1,4.589700000000003,True
CHEMBL5268968,CDK2,813.0,nM,O=C(Nc1n[nH]c2ccc(-c3cncc(NC[C@@H](CO)c4ccccc4)c3)cc12)c1ccccc1,6.089909454405932,463.20082504,5,4,5.0652000000000035,True
CHEMBL5439029,CDK6,817.0,nM,Oc1ccc(/C=N/n2c(S)nnc2-c2c[nH]c3ccccc23)cc1,6.087777943467584,335.08408103600004,5,3,3.302900000000001,True
CHEMBL3641962,CDK4,820.0,nM,O[C@H]1CCC[C@@H]1n1c2cnccc2c2cnc(Nc3ccc(N4CCNCC4)nn3)nc21,6.086186147616283,431.2182064200002,9,3,2.0085999999999995,True
CHEMBL3298311,CDK2,821.0,nM,C[C@@H](CO)Nc1ncc2c(n1)CN(C(=O)N[C@H](C)c1ccc(C(F)(F)F)c(F)c1)CC2,6.085656842880559,441.17878785600004,5,3,3.2561000000000018,True
CHEMBL5569109,CDK2,823.0,nM,CS(=O)(=O)N1CCC(Nc2ncc(C(F)(F)F)c(-c3cnn(-c4ccccc4Cl)c3)n2)CC1,6.08460016478773,500.10090722000007,6,1,3.8374000000000024,True
CHEMBL185854,CDK4,827.0,nM,Nc1nc2ccc(C(=O)c3c(F)cccc3F)cn2c1C(=O)c1c(F)cccc1Cl,6.082494490447454,429.049188932,4,1,4.449200000000001,True
CHEMBL3655766,CDK2,830.0,nM,CC[C@H](Nc1nc(NCc2cccnc2)c2ncn(CC3CC3)c2n1)[C@@H](C)O,6.080921907623926,381.227708484,7,3,2.8147000000000015,True
CHEMBL3641913,CDK6,830.0,nM,CN(C)C1CCN(c2ccc(Nc3ncc4c5ccncc5n([C@H]5CCC[C@H]5O)c4n3)nc2)CC1,6.080921907623926,472.269907644,8,2,3.7344000000000026,True
CHEMBL1243003,CDK1,830.0,nM,CCN(CCO)CCCNc1ccnc2cc(Cl)ccc12,6.080921907623926,307.145140004,4,2,3.0044000000000004,True
CHEMBL5089164,CDK2,830.15,nM,Cn1ccc2cc(Nc3ncc(C(F)(F)F)c(N[C@H]4CC[C@@H](N)CC4)n3)ccc2c1=O,6.080843427760706,432.18854401600004,6,3,3.7727000000000013,True
CHEMBL3822962,CDK2,832.0,nM,CCc1c(Nc2ncc(Cl)c(-c3cnn4ccccc34)n2)cnn1C1CCN(C(C)=O)CC1,6.079876673709276,464.1839851000001,6,1,4.130600000000003,True
CHEMBL5401267,CDK2,833.5,nM,CS(=O)(=O)N1CCc2cc(Nc3ncc(C(F)(F)F)c(NCCCN)n3)ccc2C1,6.079094395835976,444.1555296360001,7,3,2.3174,True
CHEMBL5092606,CDK2,834.9,nM,CN(C)C(=O)c1ccc(Nc2ncc(C(F)(F)F)c(N[C@H]3CC[C@@H](N)CC3)n2)cc1,6.078365538946295,422.2041940800001,6,3,3.622600000000001,True
CHEMBL360596,CDK4,838.0,nM,COc1cc(F)c(C(=O)c2c(N)nc3ccc(C(=O)c4c(F)cccc4F)cn23)c(F)c1,6.076755981369724,443.0893041560001,5,1,3.943500000000002,True
CHEMBL3668353,CDK9,840.0,nM,Fc1cccc(-c2c(Cl)cnc3[nH]c(C4CCCNC4)cc23)n1,6.075720713938118,330.10475241200004,3,2,3.884400000000002,True
CHEMBL234624,CDK1,847.0,nM,CN(C)CCc1ccc(Nc2ncc(Cl)c(-c3ccc4[nH]ccc4c3)n2)cc1,6.072116589669293,391.156373384,4,2,5.126000000000004,True
CHEMBL3684988,CDK4,847.0,nM,COc1cc2c3cnc(Nc4ccc5c(n4)CCN(C(=O)CO)C5)nc3n([C@H]3CC[C@H](C)CC3)c2cn1,6.072116589669293,501.24883785200007,8,2,3.754900000000003,True
CHEMBL5196783,CDK2,850.0,nM,CCCn1cc(/C=N/N=C2\C(=O)Nc3ccc(C)cc32)c2ccccc21,6.070581074285707,344.16371126,3,1,4.135020000000003,True
CHEMBL3927078,CDK2,850.0,nM,CS(=N)(=O)Cc1cccc(Nc2ncc(F)c(-c3ccc(F)cc3OCc3ccccc3)n2)c1,6.070581074285707,480.14315338399996,6,2,5.920970000000004,True
CHEMBL456163,CDK2,850.0,nM,CC(=O)Nc1c[nH]nc1C(=O)Nc1ccc(F)cc1,6.070581074285707,262.086603812,3,3,1.7594999999999996,True
CHEMBL130175,CDK1,850.0,nM,COc1ccc(CNc2nc(I)nc3c2ncn3C(C)C)cc1,6.070581074285707,423.0556081960001,5,1,3.632500000000002,True
CHEMBL5762877,CDK9,850.0,nM,Cc1cnc(CN2CCc3ccc(-c4cc(NC(=O)C5CCCNC5)ncc4Cl)cc32)cn1,6.070581074285707,462.1934871640001,6,2,4.001220000000003,True
CHEMBL2112678,CDK1,850.0,nM,CC(C)n1cnc2c(NCc3ccccc3)nc(N[C@H](C)CO)nc21,6.070581074285707,340.20115938799995,6,3,2.8120000000000007,True
CHEMBL31574,CDK6,850.0,nM,O=c1c(O)c(-c2ccc(O)c(O)c2)oc2cc(O)ccc12,6.070581074285707,286.04773804,6,4,2.282400000000001,True
CHEMBL5416999,CDK2,860.0,nM,COc1ccc2cc1COC/C=C/COCc1cccc(c1)-c1ccnc(n1)N2,6.065501548756432,389.1739415960001,6,1,4.498800000000003,True
CHEMBL3702126,CDK6,860.0,nM,O=C(O)c1ccc(Nc2ncc3c4ccnc(O)c4n(C4CCCC4)c3n2)nc1,6.065501548756432,390.1440384360001,7,3,3.6370000000000013,True
CHEMBL4750648,CDK9,860.0,nM,CC(=O)N[C@@H]1CCC[C@H](C(=O)Nc2cc(-c3cnn4c3NCCC4)c(Cl)cn2)C1,6.065501548756432,416.17275172000006,5,3,3.047500000000001,True
CHEMBL378963,CDK1,870.0,nM,N[C@H](COc1cnc(Cl)c(-c2ccc3cnccc3c2)c1)Cc1c[nH]c2ccccc12,6.060480747381382,428.14038897200004,4,2,5.380300000000003,True
CHEMBL3952495,CDK9,870.0,nM,CN(C)C(=O)CN1CC=C(c2[nH]c3nccc4c3c2CN(C)c2ccc(F)cc2-4)C(C)(C)C1,6.060480747381382,447.2434388,4,1,4.132200000000004,True
CHEMBL489245,CDK2,870.0,nM,COc1ccc(CN/C=C2\C(=O)NC(=O)c3ccc(I)cc32)cc1O,6.060480747381382,450.00765495999997,5,3,2.406100000000001,True
CHEMBL329040,CDK2,871.0,nM,NS(=O)(=O)c1cccc(Nc2cc(-c3ccc(F)cc3)n[nH]2)c1,6.059981844992336,332.0743248760001,4,3,2.6068000000000007,True
CHEMBL6148270,CDK1,879.1,nM,c1cc(-c2cnn(CC3CC3)c2)c2cc(C3CCNCC3)[nH]c2n1,6.055961719945582,321.1953457360001,3,2,3.303400000000001,True
CHEMBL5077422,CDK9,881.0,nM,Cc1nc2ccc(-c3cc(N)nc(N)c3)nc2n1CCOc1ccccn1,6.055024091587952,361.165108228,7,2,2.4401200000000003,True
CHEMBL5437396,CDK4,882.0,nM,Sc1nnc(-c2c[nH]c3ccccc23)n1/N=C/c1cccc(Cl)c1,6.05453141486818,353.050194064,4,2,4.250700000000001,True
CHEMBL255463,CDK4,890.0,nM,O=C(Cc1ccccc1Cl)Nc1n[nH]c2ccc(N3CCCS3(=O)=O)cc12,6.050609993355087,404.07098908399996,4,2,2.937400000000001,True
CHEMBL3922076,CDK9,890.0,nM,CN(CCO)C(=O)CN1CC=C(c2[nH]c3nccc4c3c2CN(C)c2ccc(F)cc2-4)C(C)(C)C1,6.050609993355087,477.254003484,5,2,3.4947000000000017,True
CHEMBL189963,CDK9,892.0,nM,CC(=O)c1c(C)c2cnc(Nc3ccc(N4CCNCC4)cn3)nc2n(C2CCCC2)c1=O,6.049635145623877,447.2382731680001,8,2,2.965820000000001,True
CHEMBL189440,CDK2,896.0,nM,N#C/C=C(\c1ccc2nc(N)c(C(=O)c3c(F)cccc3F)n2c1)c1c(F)cccc1F,6.047691990337874,436.094723884,4,1,4.659180000000002,True
CHEMBL1801932,CDK2,900.0,nM,CC(C)c1cnn2c(NCc3ccccc3)cc(NCCCCCCN)nc12,6.045757490560675,380.26884502400003,5,3,4.395800000000003,True
CHEMBL131697,CDK1,900.0,nM,CCCC(CO)Nc1nc(NCc2ccccc2)c2ncn(C(C)C)c2n1,6.045757490560675,368.23245951600006,6,3,3.592200000000002,True
CHEMBL95827,CDK1,900.0,nM,COc1ccc2[nH]c3c(c2c1)CC(=O)Nc1ccccc1-3,6.045757490560675,278.105527688,2,2,3.3381000000000007,True
CHEMBL130280,CDK1,900.0,nM,CC(O)CNc1nc(NCc2ccccc2)c2ncn(C(C)C)c2n1,6.045757490560675,340.201159388,6,3,2.812000000000001,True
CHEMBL315837,CDK2,900.0,nM,CC(C)n1cnc2c(NC3CCCC3)nc(NCCCO)nc21,6.045757490560675,318.216809452,6,3,2.5560000000000005,True
CHEMBL1964243,CDK1,910.0,nM,CC(=O)NS(=O)(=O)c1ccc(N/C=C2\C(=O)Nc3ccc4ncsc4c32)cc1,6.040958607678906,414.04564692800005,7,3,2.5262000000000002,True
CHEMBL1243004,CDK1,910.0,nM,COC(=O)c1cc(NC(C)=O)ccc1S(=O)(=O)c1ccc(NC(C)=O)cc1C(=O)OC,6.040958607678906,448.0940366,8,2,2.0094,True
CHEMBL3668466,CDK9,910.0,nM,F[C@@H]1CN[C@H](CNc2ccc(Cl)c(-c3ccnc4[nH]c(C5CCNCC5)cc34)n2)C1,6.040958607678906,428.18915073200003,5,4,3.8572000000000024,True
CHEMBL4439395,CDK9,911.0,nM,O=C(Cc1ccc(-c2ccccc2)cc1)Nc1cc(C2CCC2)[nH]n1,6.040481623027002,331.1684622920001,2,2,4.525400000000002,True
CHEMBL3673435,CDK2,913.0,nM,COc1cc(F)ccc1-c1ccnc(NC(=O)C2CCC(NC(C)=O)C2)c1,6.039529222465701,371.164519784,4,2,3.1396000000000006,True
CHEMBL5434594,CDK2,920.0,nM,Cc1ccc2c(CCNc3ccc([N+](=O)[O-])cc3C(=O)O)cn(C)c2c1,6.036212172654444,353.13755608800005,4,2,3.747720000000002,True
CHEMBL4760601,CDK9,920.0,nM,CC(=O)N[C@@H]1CCC[C@H](C(=O)Nc2cc(-c3cnc(C)n3C(C)C)ccn2)C1,6.036212172654444,383.23212516800004,4,2,3.4678200000000023,True
CHEMBL296468,CDK4,925.0,nM,CC(C)(C)c1cnc(CSc2cnc(NC(=O)C3CCNCC3)s2)o1,6.033858267260968,380.13406800799993,7,2,3.6590000000000016,True
CHEMBL3642039,CDK4,930.0,nM,NC(=O)CC1CCN(c2ccc(Nc3ncc4c5ccnc(F)c5n(C5CCCC5)c4n3)nc2)CC1,6.031517051446064,488.2448357680001,7,2,4.464100000000003,True
CHEMBL6148270,CDK2,932.7,nM,c1cc(-c2cnn(CC3CC3)c2)c2cc(C3CCNCC3)[nH]c2n1,6.030258023237145,321.1953457360001,3,2,3.303400000000001,True
CHEMBL5413829,CDK2,940.0,nM,O=C(O)c1cc(OC(F)(F)F)ccc1NCCc1c[nH]c2ccccc12,6.026872146400301,364.10347700000005,3,3,4.419300000000002,True
CHEMBL1800461,CDK2,940.0,nM,Nc1nc(-c2cc(N3C[C@H](O)[C@@H](O)C3)ccc2O)cc(N2CCOCC2)n1,6.026872146400301,373.17500421600005,9,4,-0.19020000000000037,True
CHEMBL5596025,CDK9,948.05,nM,CC(C)S(=O)(=O)c1ccccc1Nc1nc([C@H]2CC[C@@H](N)CC2)ncc1Cl,6.023168757438865,408.1386747200001,6,2,4.040600000000002,True
CHEMBL3960117,CDK9,950.0,nM,CN1Cc2c(C3=CCN(CC(=O)N4CCC[C@H]4CO)CC3(C)C)[nH]c3nccc(c23)-c2cc(F)ccc21,6.022276394711152,503.269653548,5,2,4.027300000000003,True
CHEMBL5755053,CDK9,950.0,nM,O=C(c1cccc(F)c1)c1c[nH]c2ccc(-c3cc(NC(=O)[C@@H]4CCCNC4)ncc3Cl)cc12,6.022276394711152,476.141531844,4,3,5.191500000000003,True
CHEMBL6015135,CDK9,950.0,nM,Cn1c(CN2CCc3ccc(-c4cc(NC(=O)C5CCCNC5)ncc4Cl)cc32)nc2ccccc21,6.022276394711152,500.2091372280001,5,2,4.789500000000004,True
CHEMBL515631,CDK2,960.0,nM,CCCOc1cnc(CN/C=C2\C(=O)NC(=O)c3ccc(C(C)(C)C)cc32)cc1O,6.017728766960431,409.200156344,6,3,3.2742000000000027,True
CHEMBL5777651,CDK9,960.0,nM,O=C(Nc1cc(-c2ccc3[nH]c(=O)n(Cc4cccc(F)c4)c3c2)c(Cl)cn1)[C@@H]1CCCNC1,6.017728766960431,479.15243087600004,4,3,4.170500000000003,True
CHEMBL3894072,CDK9,960.0,nM,CN1Cc2c(C3=CCN(CC(=O)N4CC(O)C4)CC3(C)C)[nH]c3nccc(c23)-c2cc(F)ccc21,6.017728766960431,475.23835342,5,2,3.2471000000000014,True
CHEMBL193287,CDK2,960.0,nM,N[C@H](C(=O)Nc1cc(C2CC2)[nH]n1)c1ccccc1,6.017728766960431,256.132411132,3,3,1.9255999999999993,True
CHEMBL4475494,CDK9,966.0,nM,CC(C)(O)[C@H](F)CN1Cc2cc(NC(=O)c3cnn4cccnc34)c(N3CCOCC3)cc2C1=O,6.015022873584506,482.207781564,7,2,1.883,True
CHEMBL3109953,CDK2,970.0,nM,COc1ccccc1Nc1cc2[nH]c(-c3cn[nH]c3)cc2cn1,6.013228265733755,305.12766010000007,4,3,3.7052000000000005,True
CHEMBL193029,CDK1,971.0,nM,OCCCNc1cncc(-c2ncnc(Nc3cccc(Cl)c3)n2)n1,6.012780770091995,357.11048581200004,8,3,2.5199,True
CHEMBL6193188,CDK6,982.0,nM,CN(C)C(=O)c1cc2cnc(Nc3cc(F)cc(-c4nc5c(C(N)=O)cccc5[nH]4)c3)nc2n1C1CCCC1,6.00788851221305,526.2241003240001,6,3,4.773100000000003,True
CHEMBL3125732,CDK2,984.0,nM,COc1ccc(-c2nc3cc(-c4csc(C(N)=O)c4)cnc3[nH]2)cc1,6.007004901568658,350.0837466880001,5,2,3.4609000000000014,True
CHEMBL187969,CDK2,984.0,nM,CN(C)CCOc1cc(F)c(C(=O)c2c(N)nc3ccc(C(=O)c4c(Cl)cccc4Cl)cn23)c(F)c1,6.007004901568658,532.0880523,6,1,4.903900000000004,True
CHEMBL504155,CDK2,990.0,nM,CC(=O)Nc1c[nH]nc1-c1nc2ccccc2[nH]1,6.00436480540245,241.096359972,3,3,1.9113999999999995,True
CHEMBL114577,CDK2,990.0,nM,O=C(Nc1cc(C2CC2)[nH]n1)c1cccc(Br)c1,6.00436480540245,305.01637410399996,2,2,3.3019000000000016,True
CHEMBL340259,CDK2,992.0,nM,O=C1NC(=O)C2=C1c1cn(c3ccccc13)CCOCCOCCOCCn1cc2c2ccccc21,6.0034883278458215,485.195070964,5,1,3.226600000000002,True
CHEMBL101119,CDK2,1000.0,nM,CN(C)CC(O)COc1ccc(Nc2cc(N(CC#N)c3cc(Cl)ccc3Cl)ncn2)cc1,6.0,486.13377936800003,8,2,4.489980000000004,True
CHEMBL513330,CDK2,1000.0,nM,Clc1ccc(CNc2nccc(-c3cnn4ncccc34)n2)cc1,6.0,336.08902209600006,5,1,3.4518000000000004,True
CHEMBL101679,CDK4,1000.0,nM,CN(C)CC(O)COc1ccc(Nc2nccc(Nc3ccccc3Cl)n2)cc1,6.0,413.161852688,7,3,3.9185000000000016,True
CHEMBL1964248,CDK2,1000.0,nM,CN(C)CCNS(=O)(=O)c1ccc(N/C=C2\C(=O)Nc3ccccc32)cc1,6.0,386.141261564,5,3,1.9315999999999993,True
CHEMBL101019,CDK4,1000.0,nM,CN(C)CC(O)COc1ccc(Nc2nccc(Nc3ccccc3F)n2)cc1,6.0,397.191403228,7,3,3.4042000000000012,True
CHEMBL133242,CDK1,1000.0,nM,CC(C)n1cnc2c(NCc3ccccc3)nc(/C=C/CCCO)nc21,6.0,351.20591042,5,2,3.805000000000003,True
CHEMBL2111873,CDK1,1000.0,nM,CC(C)n1cnc2c(NCc3ccccc3)nc(N[C@@H](C)CO)nc21,6.0,340.20115938799995,6,3,2.8120000000000007,True
CHEMBL3797828,CDK1,1000.0,nM,CN(C)C(=O)c1cccc(-c2cnc(N)c(-c3nc4cccc(N5CCNCC5)c4[nH]3)c2)c1,6.0,441.2277084840001,6,3,2.985500000000001,True
CHEMBL2112681,CDK1,1000.0,nM,CC(C)n1cnc2c(NCc3ccccc3)nc(N[C@@H](CO)c3ccccc3)nc21,6.0,402.21680945199995,6,3,4.164800000000002,True
CHEMBL4789890,CDK9,1000.0,nM,C=CC(=O)Nc1ccc(C(=O)N2CCCC(Nc3ncc(SCc4ccccn4)s3)C2)cc1,6.0,479.14496704,7,2,4.671600000000003,True
CHEMBL5184492,CDK1,1000.0,nM,C[C@H]1C[C@@H]2CN1CCn1[nH]c3c(cccc3c1=O)-c1nc3c(cccc3[nH]c1=O)O2,6.0,403.164439532,5,2,2.0883,True
CHEMBL322640,CDK4,1000.0,nM,CN(C)CC(O)COc1ccc(Nc2cc(Nc3cc(Cl)ccc3Cl)ncn2)cc1,6.0,447.1228803360001,7,3,4.571900000000003,True
CHEMBL3797873,CDK1,1000.0,nM,C[C@H]1CN(c2cccc3nc(-c4nc(-c5cccc(C(=O)N(C)C)c5)cnc4N)n(C)c23)CCN1,6.0,470.2542575800001,7,2,2.7794,True
CHEMBL5589612,CDK2,1000.0,nM,CO[C@@]1(C)[C@H](O)C(=O)C(C)=C2OC(=O)c3c(C)cc(O)c(C)c3O[C@@H]21,6.0,348.12090298,7,2,1.5495400000000001,True
CHEMBL3797574,CDK1,1000.0,nM,CN(C)C(=O)c1cccc(-c2cnc(N)c(-c3nc4ccccc4[nH]3)c2)c1,6.0,357.15896022800007,4,2,3.5759000000000016,True
CHEMBL430854,CDK4,1000.0,nM,CN(C)CC(O)COc1ccc(Nc2nccc(Nc3ccc(Cl)cc3)n2)cc1,6.0,413.161852688,7,3,3.9185000000000016,True
CHEMBL5283398,CDK2,1000.0,nM,CN(C)CCCNC(=O)Cc1cccc(Nc2nc(OCC3CCCCC3)c3nc[nH]c3n2)c1,6.0,465.2852233600001,7,3,3.666000000000002,True
CHEMBL5914580,CDK9,1000.0,nM,NCCNc1cc(-c2ccc3ncn(Cc4cccc(F)c4)c3c2)c(Cl)cn1,6.0,395.13130150800004,4,2,4.309700000000003,True
CHEMBL101311,CDK2,1000.0,nM,CN(C)CC(O)COc1ccc(Nc2nccc(Nc3cc(Cl)ccc3Cl)n2)cc1,6.0,447.12288033600004,7,3,4.571900000000003,True
CHEMBL101810,CDK2,1000.0,nM,CN(C)CC(O)COc1ccc(Nc2nccc(Nc3cc(C(F)(F)F)ccc3F)n2)cc1,6.0,465.17878785600004,7,3,4.423000000000003,True
CHEMBL98275,CDK1,1000.0,nM,ONC1=Nc2ccccc2-c2[nH]c3ccc(Br)cc3c2C1,6.0,341.01637410399996,3,3,4.162300000000002,True
CHEMBL446024,CDK4,1000.0,nM,FC(F)(F)CNc1nccc(-c2cnn3ncccc23)n1,6.0,294.084078948,5,1,2.160499999999999,True
CHEMBL446024,CDK2,1000.0,nM,FC(F)(F)CNc1nccc(-c2cnn3ncccc23)n1,6.0,294.084078948,5,1,2.160499999999999,True
CHEMBL127907,CDK2,1000.0,nM,COc1cc2ncnc(Nc3cccc(O)c3)c2cc1OC,6.0,297.11134134,6,2,3.0962000000000014,True
CHEMBL122264,CDK2,1000.0,nM,c1ccc(Nc2nc(OCC3CCCCC3)c3[nH]cnc3n2)cc1,6.0,323.17461029200007,5,2,4.055600000000003,True
CHEMBL1234088,CDK2,1000.0,nM,O=C1Nc2ccccc2/C1=C/Nc1ccc(S(=O)(=O)Nc2nccs2)cc1,6.0,398.050732308,6,3,3.349000000000001,True
CHEMBL130904,CDK1,1000.0,nM,CC(C)n1cnc2c(Nc3ccccc3)nc(I)nc21,6.0,379.029393448,4,1,3.7554000000000025,True
CHEMBL414651,CDK1,1000.0,nM,CCn1cnc2c(Nc3cccc(OC)c3)nc(NCCO)nc21,6.0,328.16477388,7,3,2.0025999999999997,True
CHEMBL3702176,CDK4,1000.0,nM,COCC(C)(C)n1c2cnccc2c2cnc(Nc3ccc(N4CCC(N(C)C)CC4)nn3)nc21,6.0,475.28080667600017,9,1,3.4250000000000025,True
CHEMBL5093550,CDK6,1000.0,nM,Cc1nc2ccc(-c3nc(Nc4ccc(C(=O)N5CCN(C)CC5)cn4)ncc3F)cc2nc1C,6.0,472.2135356400001,8,1,3.368940000000002,True
CHEMBL513330,CDK4,1000.0,nM,Clc1ccc(CNc2nccc(-c3cnn4ncccc34)n2)cc1,6.0,336.08902209600006,5,1,3.4518000000000004,True
CHEMBL103633,CDK4,1000.0,nM,CN(C)CC(O)COc1ccc(Nc2nccc(Nc3ccccc3Br)n2)cc1,6.0,457.111337108,7,3,4.027600000000002,True
CHEMBL326310,CDK2,1000.0,nM,O=C(Nc1cc(C2CC2)[nH]n1)c1cccc(Cl)c1,6.0,261.066889684,2,2,3.192800000000001,True
CHEMBL3589665,CDK9,1000.0,nM,COc1ccc2c(c1)nc(C(=O)O)c1c3cccc(Cl)c3[nH]c21,6.0,326.04581989200005,3,2,4.229500000000002,True
CHEMBL1922122,CDK2,1000.0,nM,CC[C@@H](Nc1nc(NCc2cccnc2)c2ncn(C(C)C)c2n1)C(O)C(C)(C)C,6.0,411.274658676,7,3,4.011800000000003,True
CHEMBL191845,CDK2,1000.0,nM,O=C1NC2C=CC=CC2/C1=C/Nc1ccc(S(=O)(=O)Nc2nccs2)cc1,6.0,400.066382372,6,3,2.4803000000000006,True
CHEMBL1800461,CDK1,1000.0,nM,Nc1nc(-c2cc(N3C[C@H](O)[C@@H](O)C3)ccc2O)cc(N2CCOCC2)n1,6.0,373.17500421600005,9,4,-0.19020000000000037,True
CHEMBL5088511,CDK9,1019.0,nM,Cc1nc2ccc(-c3cc(N)nc(N)c3)nc2n1CCOc1ccccc1,5.991825815993574,360.16985925999995,6,2,3.0451200000000016,True
CHEMBL388978,CDK4,1027.0,nM,CN[C@@H]1C[C@H]2O[C@@](C)([C@@H]1OC)n1c3ccccc3c3c4c(c5c6ccccc6n2c5c31)C(=O)NC4,5.988429556402721,466.200490692,4,2,4.354000000000003,True
CHEMBL6146765,CDK1,1029.0,nM,COCC(C)N1CCC(c2cc3c(-c4cnn(CC5CC5)c4)c(Cl)cnc3[nH]2)CC1,5.987584625237567,427.21388826000003,4,1,4.704100000000004,True
CHEMBL3823297,CDK2,1030.0,nM,COc1cc(N2CCN(C(C)=O)CC2)ccc1Nc1ncc(Cl)c(-c2cnn3ccccc23)n1,5.987162775294828,477.16800068800006,7,1,3.865400000000002,True
CHEMBL365608,CDK4,1033.0,nM,C=C(c1ccc2nc(N)c(C(=O)c3c(F)cccc3F)n2c1)c1c(F)cccc1F,5.985899678480379,411.099474916,3,1,4.765400000000002,True
CHEMBL234443,CDK1,1040.0,nM,CC(C)(N)c1ccc(-c2nc(Nc3cccc(Br)c3)ncc2Cl)cc1,5.982966660701219,416.040336356,4,2,5.496900000000004,True
CHEMBL480391,CDK2,1040.0,nM,CN1CCN(c2cccc3nc(-c4n[nH]c5cc(-c6ccc(N)cc6)ccc45)[nH]c23)CC1,5.982966660701219,423.21714380000003,5,3,4.107200000000002,True
CHEMBL3655771,CDK9,1040.0,nM,CC[C@H](Nc1nc(NCc2cc(C)nc(C)c2)c2ncn(C(C)C)c2n1)[C@@H](C)O,5.982966660701219,397.259008612,7,3,3.6024400000000028,True
CHEMBL5277013,CDK2,1049.0,nM,N[C@@H](Cc1ccccc1)C(=O)Nc1cncc(-c2ccc3[nH]nc(NC(=O)c4ccccc4)c3c2)c1,5.979224511806442,476.19607400800004,5,4,4.385700000000003,True
CHEMBL404504,CDK4,1050.0,nM,O=C(Cc1cccc(Cl)c1)Nc1n[nH]c2ccc(N3CCCS3(=O)=O)cc12,5.978810700930062,404.07098908399996,4,2,2.937400000000001,True
CHEMBL562030,CDK2,1053.0,nM,Cn1nc(C(=O)NCc2ccccc2)c2c1-c1nc(Nc3ccccc3)ncc1CC2,5.9775716288145135,410.185509324,5,2,3.649300000000002,True
CHEMBL393460,CDK1,1060.0,nM,CNCCc1ccc(Nc2ncc(Cl)c(-c3ccc(C(C)(C)N)cc3)n2)cc1,5.97469413473523,395.187673512,5,3,4.496300000000002,True
CHEMBL186401,CDK2,1068.0,nM,Nc1nc2ccc(C(=O)c3ccccc3C(F)(F)F)cn2c1C(=O)c1c(F)cccc1F,5.971428747307463,445.08496772399997,4,1,4.675500000000002,True
CHEMBL1081425,CDK2,1070.0,nM,N[C@H](CNc1cnc(-c2ccc3cnccc3c2)s1)Cc1ccc(C(F)(F)F)cc1,5.97061622231479,428.12825226800004,5,2,5.359000000000003,True
CHEMBL5639131,CDK2,1070.0,nM,Cc1nn2c(-c3ccc(Cl)cc3)ccnc2c1/C(N)=N/O,5.97061622231479,301.073037684,4,2,2.4526199999999996,True
CHEMBL112582,CDK2,1070.0,nM,CN1CCC(c2c(O)cc(O)c3c(=O)cc(SC(C)(C)C)oc23)C(O)C1,5.97061622231479,379.14534389999994,7,3,2.8748000000000014,True
CHEMBL3920205,CDK2,1070.0,nM,CC1CCN(C2CCN(c3ccc(Nc4ncc5cc6n(c5n4)C4(CCCCC4)CNC6=O)nc3)CC2)C1,5.97061622231479,514.316857836,7,2,4.283300000000003,True
CHEMBL378248,CDK1,1070.0,nM,NCC(=O)NS(=O)(=O)c1ccc(Nc2nc(N)n(C(=O)c3c(F)cccc3F)n2)cc1,5.97061622231479,451.0874294,9,4,0.33419999999999994,True
CHEMBL4225966,CDK9,1070.0,nM,Cc1c(Br)c(Br)c2c3c1nc(N1CCNCC1)n3CCC2,5.97061622231479,411.9898207760001,3,1,3.225520000000002,True
CHEMBL522751,CDK2,1070.0,nM,Cn1cc(C2=C(c3coc4ccccc34)C(=O)NC2=O)c2cc(I)ccc21,5.97061622231479,467.99709027600005,3,1,4.096300000000002,True
CHEMBL4849464,CDK9,1071.9,nM,CC(C)c1cnn2c(NCc3ccccc3)nc(OC3CCN(C)CC3)nc12,5.969845729077898,380.23245951600006,6,1,3.3328000000000024,True
CHEMBL4846069,CDK9,1080.0,nM,COc1ccc(CC(=O)Nc2cc(C3CCC3)[nH]n2)cc1,5.96657624451305,285.147726848,3,2,2.867000000000001,True
CHEMBL3890528,CDK2,1080.0,nM,O=C1NCC2(CCCCC2)n2c1cc1cnc(Nc3ccc(N4CCNCC4)cn3)nc12,5.96657624451305,432.2386075160001,7,3,2.3823,True
CHEMBL189136,CDK4,1081.0,nM,Nc1nc2ccc(C(=O)c3c(F)cccc3F)cn2c1C(=O)c1c(F)cccc1F,5.96617430604669,413.078739472,4,1,3.9349000000000016,True
CHEMBL129396,CDK4,1090.0,nM,CCc1cnc(CSc2cnc(NC(=O)Cc3cccnc3)s2)o1,5.962573502059376,360.07146775199993,7,1,3.562000000000002,True
CHEMBL5952864,CDK2,1090.0,nM,Cc1nc2c(F)cc(-c3nc(Nc4ncc5c(n4)CCN(C(=O)CN(C)C)C5)ncc3F)cc2n1C(C)C,5.962573502059376,521.246312988,8,1,3.6407200000000017,True
CHEMBL4649135,CDK9,1090.0,nM,CCn1cnc2c(NCc3nc4ccc(F)c(F)c4[nH]3)nc(N3CCCC[C@H]3CCO)nc21,5.962573502059376,456.21976389200006,7,3,3.354100000000002,True
CHEMBL6007400,CDK1,1096.0,nM,Cc1nc2c(F)cc(-c3nc(Nc4ccc5c(n4)CCN(C[C@@H](C)N(C)C)C5)ncc3F)cc2n1C1CC1,5.96018944585165,518.2717994640001,7,1,4.861620000000004,True
CHEMBL489853,CDK2,1100.0,nM,COc1ccc(CN/C=C2\C(=O)NC(=O)c3ccc(-c4ccoc4)cc32)cc1O,5.958607314841775,390.121571676,6,3,3.061500000000002,True
CHEMBL2348162,CDK2,1100.0,nM,Nc1nccc(-n2cc(-c3cccnc3)c3cnccc32)n1,5.958607314841775,288.112344384,5,1,2.4597000000000007,True
CHEMBL234699,CDK1,1100.0,nM,CC(C)(C)c1nc(Nc2ccc(CCO)cc2)ncc1C#N,5.958607314841775,296.16371126,5,2,2.9241800000000016,True
CHEMBL2029905,CDK1,1100.0,nM,CC(O)c1cc2cnc(Nc3cc(C(=O)N4CCN(C)CC4)n(C)c3)nc2n1C1CCCC1,5.958607314841775,451.2695732960001,6,2,3.0694000000000017,True
CHEMBL5806699,CDK9,1100.0,nM,O=C(Nc1cc(-c2ccc3ncn(CC4CCOCC4)c3c2)c(Cl)cn1)c1cscn1,5.958607314841775,453.10262356000004,6,1,4.887100000000004,True
CHEMBL84436,CDK1,1100.0,nM,CC(C)n1cnc2c(NCc3ccccc3)nc(NC[C@@H](C)O)nc21,5.958607314841775,340.20115938799995,6,3,2.8120000000000007,True
CHEMBL1809044,CDK2,1100.0,nM,COc1cc(N2CCN(C(C)=O)CC2)ccc1Nc1ncc(Cl)c(-c2cnc3ccccn23)n1,5.958607314841775,477.16800068800006,7,1,3.865400000000002,True
CHEMBL319467,CDK9,1100.0,nM,NS(=O)(=O)c1ccc(Nc2nc(OCC3CCCCC3)c3nc[nH]c3n2)cc1,5.958607314841775,402.1474095640001,7,3,2.7030000000000003,True
CHEMBL1809194,CDK2,1100.0,nM,COc1cc(N2CCN(C(C)=O)CC2)ccc1Nc1ncc(Br)c(-c2cnc3ccccn23)n1,5.958607314841775,521.1174851080001,7,1,3.9745000000000026,True
CHEMBL5436881,CDK2,1100.0,nM,O=C(O)c1cc(C(F)(F)F)ccc1NCCc1c[nH]c2ccccc12,5.958607314841775,348.10856238,2,3,4.539500000000001,True
CHEMBL5943923,CDK9,1100.0,nM,O=C(Nc1cc(-c2ccc3ncn(CC4CCOCC4)c3c2)c(Cl)cn1)c1cc[nH]n1,5.958607314841775,436.14145159200007,5,2,4.153700000000002,True
CHEMBL3654250,CDK1,1100.0,nM,c1ncc(-c2cc3cnc(Nc4ccc(CN5CCNCC5)cn4)nc3n2C2CCCC2)o1,5.958607314841775,444.238607516,8,2,3.7452000000000023,True
CHEMBL1922210,CDK2,1100.0,nM,CC[C@H](Nc1nc(NCc2cccnc2)c2ncn(C(C)C)c2n1)C(O)C(C)C,5.958607314841775,397.259008612,7,3,3.6217000000000024,True
CHEMBL5188442,CDK2,1100.0,nM,COc1cc(F)ccc1-c1ccnc2[nH]c(-c3ccc(CN4CCOCC4)cc3)nc12,5.958607314841775,418.180504196,5,1,4.271800000000003,True
CHEMBL3965161,CDK2,1100.0,nM,COc1cc(F)ccc1-c1nc(Nc2cccc(CS(C)(=N)=O)c2)ncc1F,5.958607314841775,404.111853256,6,2,4.350570000000002,True
CHEMBL4459754,CDK9,1100.0,nM,CC(C)c1cnn2c(NCc3ccccc3)cc(NC[C@@H]3CCNC[C@H]3O)nc12,5.958607314841775,394.24810958,6,4,2.8471000000000015,True
CHEMBL5421064,CDK6,1108.0,nM,COc1cccc(/C=N/n2c(S)nnc2-c2c[nH]c3ccccc23)c1,5.955460239607589,349.09973110000004,5,2,3.605900000000002,True
CHEMBL190805,CDK1,1108.0,nM,Nc1nc(Nc2cccc(Cl)c2)nc(-c2ccnc(NCCCO)c2)n1,5.955460239607589,371.12613587600003,8,4,2.7070999999999996,True
CHEMBL5437396,CDK6,1110.0,nM,Sc1nnc(-c2c[nH]c3ccccc23)n1/N=C/c1cccc(Cl)c1,5.954677021213342,353.050194064,4,2,4.250700000000001,True
CHEMBL4637085,CDK2,1110.0,nM,COc1cc(/C=C2\Oc3cc4occc4c(OC)c3C2=O)ccc1OCC(=O)Nc1ccccc1,5.954677021213342,471.131802012,7,1,5.083700000000004,True
CHEMBL5593093,CDK9,1121.85,nM,CC(C)S(=O)(=O)c1ccccc1Nc1nc(C2CCN(S(C)(=O)=O)CC2)ncc1Cl,5.950065207720883,472.10057496,7,1,3.194700000000002,True
CHEMBL2436978,CDK1,1125.0,nM,CN1CCN(Cc2ccc(-c3cnc4[nH]cc(-c5ccc6[nH]ccc6c5)c4c3)cc2)CC1,5.948847477552619,421.22664586400003,3,2,5.125600000000004,True
CHEMBL245732,CDK2,1126.0,nM,CN(C)CC(=O)N1CCC(Nc2ncc(Cl)c(-c3c[nH]c4ccccc34)n2)CC1,5.9484616094846725,412.17783710000003,5,2,3.2428000000000017,True
CHEMBL5592215,CDK9,1130.2,nM,CC(C)S(=O)(=O)c1ccccc1Nc1nc(N[C@H]2CC[C@H](N)CC2)ncc1F,5.94684469703812,407.17912429200004,7,3,3.223200000000001,True
CHEMBL553,CDK2,1140.0,nM,C#Cc1cccc(Nc2ncnc3cc(OCCOC)c(OCCOC)cc23)c1,5.943095148663527,393.16885621599994,7,1,3.405100000000002,True
CHEMBL393462,CDK1,1140.0,nM,CN(C)CCc1ccc(Nc2ncc(Cl)c(-c3ccc(C(C)(C)N)cc3)n2)cc1,5.943095148663527,409.203323576,5,2,4.838500000000003,True
CHEMBL188392,CDK4,1144.0,nM,NC(=O)c1cc(F)c(C(=O)c2c(N)nc3ccc(C(=O)c4c(Cl)cccc4Cl)cn23)c(F)c1,5.941573975542995,488.025452044,5,2,4.062400000000001,True
CHEMBL505673,CDK2,1160.0,nM,COc1cccc2c(C3=C(c4cn(C)c5ccc(Br)cc45)C(=O)NC3=O)coc12,5.935542010773082,450.02151906,4,1,4.262800000000002,True
CHEMBL5287796,CDK2,1180.0,nM,COc1cc(O)c2c(=O)cc(-c3ccc(N4CCN(C)CC4)cc3)oc2c1N1CCNCC1,5.928117992693874,450.22670544000005,8,2,2.3356000000000003,True
CHEMBL2436978,CDK2,1180.0,nM,CN1CCN(Cc2ccc(-c3cnc4[nH]cc(-c5ccc6[nH]ccc6c5)c4c3)cc2)CC1,5.928117992693874,421.22664586400003,3,2,5.125600000000004,True
CHEMBL3641952,CDK4,1190.0,nM,CN(C)C1CCN(c2ccc(Nc3ncc4c5ccncc5n([C@H]5CCOC5)c4n3)nc2)CC1,5.924453038607469,458.25425758,8,1,3.6099000000000023,True
CHEMBL2158861,CDK1,1200.0,nM,CNC(=O)Nc1ccc(-c2cc(-c3ccnc(Nc4ccc(C)c(S(=O)(=O)N(C)C)c4)n3)ccn2)cc1,5.920818753952375,517.1896087240001,7,3,4.259220000000004,True
CHEMBL6021325,CDK9,1200.0,nM,O=C(Nc1cc(-c2ccc3ncn(CC4CCOCC4)c3c2)c(Cl)cn1)c1nc[nH]n1,5.920818753952375,437.13670056000007,6,2,3.548700000000002,True
CHEMBL6044526,CDK9,1200.0,nM,Nc1nnc(CNc2cc(-c3ccc4ncn(Cc5cccc(F)c5)c4c3)c(Cl)cn2)[nH]1,5.920818753952375,448.13269847600003,6,3,4.251500000000002,True
CHEMBL5186159,CDK1,1200.0,nM,NS(=O)(=O)c1ccc(Nc2ncc3c(n2)N(C2CCCC2)C(=O)C32CC2)cc1,5.920818753952375,399.136510532,6,2,2.1884000000000006,True
CHEMBL5192909,CDK9,1200.0,nM,CN(C)C(=O)CN1CCC(c2cc3c(-c4ccc(=O)n(C5CCOCC5)c4)ccnc3[nH]2)CC1,5.920818753952375,463.258339916,5,1,3.010700000000001,True
CHEMBL5779433,CDK9,1200.0,nM,COC(=O)c1ccc(CN2CCc3ccc(-c4cc(NC(=O)C5CCCNC5)ncc4Cl)cc32)cc1,5.920818753952375,504.19281846800004,6,2,4.689400000000004,True
CHEMBL5945940,CDK9,1200.0,nM,CN(C)CC(O)CNc1cc(-c2ccc3ncn(Cc4cccc(F)c4)c3c2)c(Cl)cn1,5.920818753952375,453.17316632000006,5,2,4.273500000000003,True
CHEMBL3943576,CDK9,1200.0,nM,CN1Cc2c(C3=CCN(CC(=O)N(C)C4CC(O)C4)CC3(C)C)[nH]c3nccc(c23)-c2cc(F)ccc21,5.920818753952375,503.269653548,5,2,4.025700000000003,True
CHEMBL361231,CDK2,1200.0,nM,CC(C)COc1cc(Nc2ccc(S(=O)(=O)N(C)C)cc2)n2ncc(C(C)C)c2n1,5.920818753952375,431.1991107880001,6,1,3.881400000000003,True
CHEMBL235849,CDK1,1200.0,nM,CS(=O)(=O)Cc1ccc(N/C=C2\C(=O)Nc3ccc4ncsc4c32)cc1,5.920818753952375,385.0554833400001,6,2,3.2460000000000013,True
CHEMBL280074,CDK2,1200.0,nM,Cn1cnc2c(NCc3ccccc3)nc(NCCO)nc21,5.920818753952375,298.154209196,6,3,1.3795999999999995,True
CHEMBL5970980,CDK9,1200.0,nM,Fc1cccc(Cn2cnc3ccc(-c4cc(NCCC5CCCCC5)ncc4Cl)cc32)c1,5.920818753952375,462.19865279600003,3,1,7.321400000000005,True
CHEMBL496754,CDK2,1200.0,nM,O=C(Nc1c[nH]nc1-c1nc2cc(CN3CCOCC3)ccc2[nH]1)NC1CCCCC1,5.920818753952375,423.2382731680001,5,4,3.2394000000000016,True
CHEMBL4538461,CDK9,1200.0,nM,COC(=O)Nc1nc2cc(OS(=O)(=O)c3c(Cl)cccc3Cl)ccc2[nH]1,5.920818753952375,414.97964681200006,6,2,3.8157000000000014,True
CHEMBL479127,CDK2,1200.0,nM,COc1cccc2c1cc1c3c(cc4c(c32)OCO4)C(=O)N1,5.920818753952375,293.06880783200006,4,1,3.296000000000001,True
CHEMBL2012405,CDK1,1200.0,nM,CNC[C@@H]1CCCN1C(=O)c1cc(Nc2ncc3cnn([C@@H]4C[C@H]5C[C@H]5C4)c3n2)cn1C,5.920818753952375,434.25425758000006,6,2,2.7034000000000002,True
CHEMBL4297488,CDK9,1200.0,nM,CC(C)c1cnn2c(NCc3ccccc3)cc(NC[C@H]3CCNC[C@@H]3O)nc12,5.920818753952375,394.24810958,6,4,2.8471000000000015,True
CHEMBL132243,CDK1,1200.0,nM,CC(C)n1cnc2c(NCc3ccccc3)nc(C#CCO)nc21,5.920818753952375,321.158960228,5,2,2.3631000000000006,True
CHEMBL477259,CDK2,1200.0,nM,CCCOc1cnc(CN/C=C2\C(=O)NC(=O)c3ccc(C4CCCC4)cc32)cc1O,5.920818753952375,421.200156344,6,3,3.6343000000000028,True
CHEMBL178268,CDK2,1200.0,nM,CC(C)COc1cc(Nc2ccc(S(C)(=O)=O)cc2)n2ncc(C(C)C)c2n1,5.920818753952375,402.17256169200004,6,1,4.034600000000003,True
CHEMBL4789009,CDK9,1200.0,nM,CC(=O)N[C@@H]1CCC[C@H](C(=O)Nc2cc(-c3cnc4n3CCCC4)c(Cl)cn2)C1,5.920818753952375,415.177502752,4,2,3.5682000000000027,True
CHEMBL16484,CDK2,1200.0,nM,CC(C)(C)Nc1nc(C(F)(F)F)nc2ccc(-c3cccnc3)cc12,5.920818753952375,346.14053120400007,4,1,4.921000000000004,True
CHEMBL5570843,CDK2,1205.0,nM,COc1ccccc1-c1cccc(Nc2cccc(N3CCCNCC3)c2)n1,5.919012953089113,374.210661452,5,2,4.300500000000002,True
CHEMBL5557118,CDK2,1208.0,nM,CC(C)(O)Cn1cc(-c2nc(NC3CCN(S(C)(=O)=O)CC3)ncc2C(F)(F)F)cn1,5.917933065714887,462.16609432,7,2,1.9656999999999998,True
CHEMBL5571625,CDK2,1211.0,nM,COc1ccccc1-c1ccnc(Nc2ccc3c(c2)CC(=O)C(C(C)=O)C3C)n1,5.916855856856948,401.17394159599996,6,1,4.3297000000000025,True
CHEMBL5935906,CDK1,1233.0,nM,CNCCN1CCc2nc(Nc3ncc(F)c(-c4cc(F)c5nc(C)n(C6CC6)c5c4)n3)ccc2C1,5.909036923404269,490.240499336,7,2,4.130920000000002,True
CHEMBL5542488,CDK2,1237.5,nM,CC(=O)Nc1ccc(CNc2nc(OC3CCN(C)CC3)nc3c(C(C)C)cnn23)cc1,5.907454792394393,437.2539232320001,7,2,3.2912000000000017,True
CHEMBL191377,CDK1,1240.0,nM,OCCCNc1cncc(-c2ncnc(Nc3ccc(N4CCOCC4)cc3)n2)c1,5.906578314837764,407.20697304000004,9,3,2.3081000000000005,True
CHEMBL398989,CDK1,1240.0,nM,CCN1CCN(CCc2ccc(Nc3ncc(Cl)c(-c4ccc5cc[nH]c5c4)n3)cc2)CC1,5.906578314837764,460.21422260800006,5,2,5.201900000000004,True
CHEMBL4855324,CDK6,1240.0,nM,COc1cc2nc(CNc3nc(N4CCOCC4)nc4c3ncn4-c3cnn(C)c3)[nH]c2cc1Cl,5.906578314837764,494.16939765600017,9,2,2.5359999999999987,True
CHEMBL5082456,CDK9,1244.0,nM,CCCCn1c(C)nc2ccc(-c3cc(N)nc(N)c3)nc21,5.9051796196452,296.17494464,5,2,2.7662199999999997,True
CHEMBL4294760,CDK1,1250.0,nM,CSc1ncc2c(n1)CCc1cnc(Nc3ccc(C(=O)N(C)CCN(C)C)cc3)nc1-2,5.903089986991944,449.1997794840001,8,1,3.1313000000000013,True
CHEMBL3916385,CDK2,1250.0,nM,CCN(CC)C1CCN(c2ccc(Nc3ncc4cc5n(c4n3)C3(CCCCC3)CNC5=O)nc2)CC1,5.903089986991944,502.31685783600005,7,2,4.283300000000003,True
CHEMBL5976713,CDK2,1250.0,nM,Cc1nc2c(F)cc(-c3nc(Nc4ccc5c(n4)CCN(CC[N+](C)(C)[O-])C5)ncc3F)cc2n1C1CC1,5.903089986991944,520.2510640200001,7,1,4.485720000000003,True
CHEMBL5836560,CDK2,1250.0,nM,Cc1nc2c(F)cc(-c3nc(Nc4ccc5c(n4)CC[N+]([O-])(CC[N+](C)(C)[O-])C5)ncc3F)cc2n1C1CC1,5.903089986991944,536.2459786400001,7,1,4.498320000000004,True
CHEMBL4115060,CDK2,1250.0,nM,C[C@@H](O)CN1CCN(c2ccc(Nc3ncc4cc5n(c4n3)C3(CCCCC3)CNC5=O)nc2)CC1,5.903089986991944,490.28047232800003,8,3,2.4755000000000003,True
CHEMBL340259,CDK1,1251.0,nM,O=C1NC(=O)C2=C1c1cn(c3ccccc13)CCOCCOCCOCCn1cc2c2ccccc21,5.90274269030658,485.195070964,5,1,3.226600000000002,True
CHEMBL5088553,CDK9,1257.0,nM,Cc1nc2ccc(-c3cc(N)nc(N)c3)nc2n1C,5.900664722314042,254.12799444799998,5,2,1.5031199999999998,True
CHEMBL3975020,CDK2,1260.0,nM,CC(C)N1CCN(c2ccc(Nc3ncc4cc5n(c4n3)C3(CCCCC3)CNC5=O)nn2)CC1,5.899629454882437,475.28080667600005,8,2,2.8981000000000003,True
CHEMBL5170178,CDK4,1260.0,nM,Cc1ccc2c(c1)/C(=N/NC(=O)c1cc3ccccc3[nH]1)C(=O)N2,5.899629454882437,318.111675688,3,3,2.5625199999999992,True
CHEMBL245335,CDK2,1264.0,nM,CCNC(=O)N1CCC[C@@H](Nc2ncc(Cl)c(-c3c[nH]c4ccccc34)n2)C1,5.898252926053633,398.16218703600003,4,3,3.884100000000002,True
CHEMBL5559473,CDK2,1264.5,nM,CCC(=O)Nc1ccc(CNc2nc(OC3CCN(C)CC3)nc3c(C(C)C)cnn23)cc1,5.898081166319576,451.2695732960001,7,2,3.681300000000003,True
CHEMBL4592358,CDK2,1270.0,nM,CC(C)C/C=N/c1c(C#N)c2n(c1C(=O)Nc1ccc(Br)cc1)CCC2,5.896196279044043,412.089873392,3,1,5.069180000000004,True
CHEMBL51709,CDK2,1280.0,nM,CN1CCC(c2c(O)cc(O)c3c2O/C(=C\c2ccccc2)C3=O)CC1,5.892790030352131,351.147058152,5,2,3.523200000000002,True
CHEMBL3986852,CDK2,1280.0,nM,O=C1NCC2(CCCCC2)n2c1cc1cnc(Nc3ccc(N4CCN(CC5CC5)CC4)cn3)nc12,5.892790030352131,486.2855577080001,7,2,3.5047000000000024,True
CHEMBL249302,CDK1,1280.0,nM,COCc1cccc2[nH]c(-c3n[nH]c4ncc(-c5cncnc5)cc34)nc12,5.892790030352131,357.13380810000007,6,2,3.1046000000000005,True
CHEMBL5647522,CDK2,1290.0,nM,Cc1nc(-c2c(C)nn3c(-c4ccccc4)ccnc23)no1,5.889410289700751,291.112010036,5,0,3.0631400000000006,True
CHEMBL186204,CDK2,1294.0,nM,Cc1ccccc1C(=O)c1ccc2nc(N)c(C(=O)c3c(F)cccc3F)n2c1,5.888065723667319,391.11323316000005,4,1,3.9651200000000015,True
CHEMBL5517798,CDK9,1296.5,nM,CC(C)c1cnn2c(NCc3ccc(N)cc3)nc(OC3CCN(C)CC3)nc12,5.88722747889463,395.24335854800006,7,2,2.915000000000002,True
CHEMBL5761367,CDK9,1300.0,nM,O=C(Nc1cc(-c2ccc3ncn(CC4CCOCC4)c3c2)c(Cl)cn1)C1CCS(=O)(=O)C12CNC2,5.886056647693163,529.155053056,7,2,2.8935000000000013,True
CHEMBL130903,CDK1,1300.0,nM,CC(C)n1cnc2c(Nc3cccc(Br)c3)nc(I)nc21,5.886056647693163,456.93990551600007,4,1,4.517900000000002,True
CHEMBL485618,CDK4,1300.0,nM,CCn1c(-c2ccnc(Nc3ccc(S(=O)(=O)NCCOC)cc3)n2)cnc1C,5.886056647693163,416.163059628,7,2,2.3367199999999997,True
CHEMBL338924,CDK1,1300.0,nM,CCC(C)(O)CCc1nc(NCc2ccccc2)c2ncn(C(C)C)c2n1,5.886056647693163,367.23721054800006,5,2,4.112900000000002,True
CHEMBL6028622,CDK9,1300.0,nM,Fc1cccc(Cn2cnc3ccc(-c4cc(NC[C@H]5C[C@H](F)CN5)ncc4Cl)cc32)c1,5.886056647693163,453.15317982400006,4,2,5.051000000000004,True
CHEMBL1234009,CDK2,1300.0,nM,c1ccc2c(c1)Cc1c-2n[nH]c1-c1ccncc1,5.886056647693163,233.095297352,2,1,3.0429000000000004,True
CHEMBL5844950,CDK9,1300.0,nM,CCOC(=O)NS(=O)(=O)N1CCC[C@@H](C(=O)Nc2cc(-c3ccc4ncn(CC5CCOCC5)c4c3)c(Cl)cn2)C1,5.886056647693163,604.187081456,8,2,3.8197000000000028,True
CHEMBL3668372,CDK9,1300.0,nM,COc1ccc(F)cc1-c1ccnc2[nH]c(C3CCCN3C(C)=O)cc12,5.886056647693163,353.15395509999996,3,1,4.061000000000003,True
CHEMBL3654243,CDK1,1300.0,nM,c1ncc(-c2cc3cnc(Nc4ccc(N5CCNCC5)cn4)nc3n2C2CCCC2)o1,5.886056647693163,430.222957452,8,2,3.749600000000002,True
CHEMBL3944510,CDK9,1300.0,nM,CN(CC(O)CO)C(=O)CN1CC=C(c2[nH]c3nccc4c3c2CN(C)c2ccc(F)cc2-4)C(C)(C)C1,5.886056647693163,507.264568168,6,3,2.8556000000000026,True
CHEMBL438721,CDK1,1300.0,nM,NS(=O)(=O)c1ccc(N/N=C2\C(=O)Nc3ccccc32)cc1,5.886056647693163,316.063011244,5,3,1.1023,True
CHEMBL318911,CDK1,1300.0,nM,O=C1Cc2c([nH]c3c(Br)cccc23)-c2ccccc2N1,5.886056647693163,326.0054750720001,1,2,4.092000000000001,True
CHEMBL2029906,CDK1,1300.0,nM,CN1CCN(C(=O)c2cc(Nc3ncc4cc(CO)n(C5CCCC5)c4n3)cn2C)CC1,5.886056647693163,437.2539232320001,6,2,2.508400000000001,True
CHEMBL440163,CDK1,1300.0,nM,CC(C)n1cnc2c(Nc3ccc(Br)cc3)nc(I)nc21,5.886056647693163,456.93990551600007,4,1,4.517900000000003,True
CHEMBL5987043,CDK9,1300.0,nM,CC(C)C(=O)N1CCC2(C1)C(C(=O)Nc1cc(-c3ccc4ncn(Cc5cccc(F)c5)c4c3)c(Cl)cn1)CCS2(=O)=O,5.886056647693163,623.1769313720001,6,1,4.939400000000004,True
CHEMBL4450322,CDK2,1300.0,nM,C=CC(=O)Nc1ccc(C(=O)Nc2[nH]nc3c2CN(C(=O)N[C@H](CN(C)C)c2ccccc2)C3(C)C)cc1,5.886056647693163,515.264487916,5,4,3.849700000000002,True
CHEMBL98554,CDK1,1300.0,nM,O=C1Cc2c([nH]c3cc(Br)ccc23)-c2ccccc2N1,5.886056647693163,326.0054750720001,1,2,4.092000000000002,True
CHEMBL3799935,CDK2,1300.0,nM,Nc1ncc(-c2ccccc2)cc1-c1nc2ccccc2[nH]1,5.886056647693163,286.12184644800004,3,2,3.874100000000002,True
CHEMBL415789,CDK4,1300.0,nM,CSc1ccc(CC(=O)Nc2n[nH]c3ccc(N4CCCS4(=O)=O)cc23)cc1,5.886056647693163,416.0976824999999,5,2,3.0059000000000013,True
CHEMBL3668357,CDK9,1300.0,nM,COC(=O)N1CCCC(c2cc3c(-c4cccc(NCc5ccccc5)n4)c(Cl)cnc3[nH]2)C1,5.886056647693163,475.17750275200007,5,2,5.836200000000004,True
CHEMBL490240,CDK2,1300.0,nM,O=C1NC(=O)c2ccc(C3CCCC3)cc2/C1=C/NCc1cc(O)c(-c2ccoc2)cn1,5.886056647693163,429.168856216,6,3,4.105500000000002,True
CHEMBL497398,CDK4,1300.0,nM,Oc1ccc2c(-c3ccnc(NC4CC4)n3)cnn2n1,5.886056647693163,268.107259004,6,2,1.4661999999999993,True
CHEMBL1980391,CDK2,1330.0,nM,COc1cc2c(cc1F)C(c1ccccc1Cl)=Nc1c(n[nH]c1C)N2,5.876148359032914,356.08401696800007,4,2,4.745320000000002,True
CHEMBL254171,CDK4,1330.0,nM,O=C(Cc1ccc(-c2ccncc2)cc1)Nc1n[nH]c2ccc(N3CCCS3(=O)=O)cc12,5.876148359032914,447.136510532,5,2,3.346000000000002,True
CHEMBL5517798,CDK2,1333.0,nM,CC(C)c1cnn2c(NCc3ccc(N)cc3)nc(OC3CCN(C)CC3)nc12,5.875169850586141,395.24335854800006,7,2,2.915000000000002,True
CHEMBL5419338,CDK4,1337.0,nM,Sc1nnc(-c2c[nH]c3ccccc23)n1/N=C/c1ccc(Cl)cc1Cl,5.873868592738015,387.011221712,4,2,4.9041000000000015,True
CHEMBL5556499,CDK2,1337.5,nM,CC(=O)Nc1ccc(CNc2nc(NC3CCNCC3)nc3c(C(C)C)cnn23)cc1,5.873706209306734,422.25425758000006,7,4,2.982100000000001,True
CHEMBL210765,CDK1,1340.0,nM,CN1CCN(CCC(=O)NS(=O)(=O)c2ccc(Nc3nc(N)n(C(=O)c4c(F)cccc4F)n3)cc2)CC1,5.872895201635192,548.1765787520001,10,3,1.0130000000000012,True
CHEMBL5591779,CDK6,1345.5,nM,CC(=O)N[C@H]1CC[C@H](c2ncc(Cl)c(Nc3ccccc3S(=O)(=O)C(C)C)n2)CC1,5.871116297900226,450.149239404,6,2,4.2180000000000035,True
CHEMBL3908669,CDK2,1350.0,nM,O=C1NCC2(CCCC2)n2c1cc1cnc(Nc3ccc(N4CCC(N5CCOCC5)CC4)cn3)nc12,5.8696662315049934,502.2804723280001,8,2,2.8836000000000013,True
CHEMBL3668457,CDK2,1360.0,nM,COc1ccc(F)cc1-c1ccnc2[nH]c(C3=CCN(CC(O)CO)CC3)cc12,5.866461091629782,397.18016984799993,5,3,2.8199000000000014,True
CHEMBL249095,CDK1,1360.0,nM,COCc1cccc2[nH]c(-c3n[nH]c4ncc(-c5cnc6ccccc6c5)cc34)nc12,5.866461091629782,406.154209196,5,2,4.862800000000004,True
CHEMBL6150020,CDK2,1363.0,nM,Clc1cnc2[nH]c(C3CCNCC3)nc2c1-c1cnn(CC2CC2)c1,5.865504144165326,356.15162235200006,4,2,3.3518000000000017,True
CHEMBL2011931,CDK2,1370.0,nM,COc1ccc(-c2nc3c(NCCCNC(=O)C4CC4)c(Br)cnc3[nH]2)cc1,5.863279432843593,443.09568704400004,5,3,3.7242000000000015,True
CHEMBL3702215,CDK4,1380.0,nM,COCCn1c2cnccc2c2cnc(Nc3ccc(N4CCC(N(C)C)CC4)nn3)nc21,5.860120913598763,447.2495065480001,9,1,2.6899000000000006,True
CHEMBL3823914,CDK2,1380.0,nM,CC(=O)N1CCC(n2nc(C)c(Nc3ncc(Cl)c(-c4cnn5ccccc45)n3)c2C)CC1,5.860120913598763,464.1839851000001,6,1,4.185040000000003,True
CHEMBL4471850,CDK1,1380.0,nM,CC(C)c1cnn2c(NCc3ccccc3)cc(NC[C@]3(O)CCNC[C@H]3O)nc12,5.860120913598763,410.2430242,7,5,1.9619999999999993,True
CHEMBL5091299,CDK6,1385.0,nM,COc1cnc(Nc2ccc(C(=O)N3CCNCC3)cn2)nc1-c1ccc2ncc(N(C)C)nc2c1,5.858550226599533,485.22877110400015,10,2,2.3453999999999997,True
CHEMBL6189370,CDK1,1400.0,nM,CC(=O)O[C@@H]1CC(=O)c2coc3c2[C@@]1(C)c1ccc2c(c1C3=O)CCC2=O,5.853871964321762,364.09468823199995,6,0,2.777000000000001,True
CHEMBL100220,CDK1,1400.0,nM,COC(=O)Cn1c2c(c3cc(Br)ccc31)CC(=O)Nc1ccccc1-2,5.853871964321762,398.02660444,3,1,3.738400000000002,True
CHEMBL2158865,CDK1,1400.0,nM,CNC(=O)Nc1ccc(-c2cc(-c3ccnc(Nc4ccc(Cl)c(S(=O)(=O)N(C)C)c4)n3)ccn2)cc1,5.853871964321762,537.134986308,7,3,4.604200000000003,True
CHEMBL3798762,CDK2,1400.0,nM,CN(C)C(=O)c1cccc(-c2cnc(N)c(-c3nc4cccc(N5CCNCC5)c4n3C)n2)c1,5.853871964321762,456.2386075160001,7,2,2.3909000000000002,True
CHEMBL2029912,CDK1,1400.0,nM,CC(C)CCn1cc(-c2cc3cnc(Nc4cc(C(=O)N5CCN(C)CC5)n(C)c4)nc3n2C2CCCC2)cn1,5.853871964321762,543.3434069320001,6,1,4.925700000000004,True
CHEMBL318471,CDK1,1400.0,nM,O=C1Cc2c([nH]c3c(Cl)cccc23)-c2ccccc2N1,5.853871964321762,282.05599065200005,1,2,3.9829000000000017,True
CHEMBL3909386,CDK9,1400.0,nM,CCC1c2c(C3=CCN(C(=O)OC(C)(C)C)CC3)[nH]c3nccc(c23)-c2cc(F)ccc2N1C,5.853871964321762,462.24310445200007,4,1,6.294100000000007,True
CHEMBL1240760,CDK1,1400.0,nM,OCCNC(=S)Nc1ccc(C(F)(F)F)cc1,5.853871964321762,264.054418632,2,3,1.9840999999999998,True
CHEMBL233152,CDK2,1400.0,nM,Cc1cc(N2CCCS2(=O)=O)c2oc(-c3ccc(O)c(C#N)c3)c(O)c(=O)c2c1,5.853871964321762,412.072907232,7,2,2.5912000000000006,True
CHEMBL5873253,CDK9,1400.0,nM,O=C(O)c1ccc(Cn2nnc3ccc(-c4cc(NC(=O)[C@@H]5CCCNC5)ncc4Cl)cc32)cc1,5.853871964321762,490.15201627600004,6,3,3.8313000000000024,True
CHEMBL6049156,CDK9,1400.0,nM,O=C(Nc1cc(-c2ccc3ncn(CC4CCOCC4)c3c2)c(Cl)cn1)c1c[nH]cn1,5.853871964321762,436.14145159200007,5,2,4.153700000000002,True
CHEMBL5968902,CDK9,1400.0,nM,Fc1cccc(Cn2cnc3ccc(-c4cc(NCc5ncccn5)ncc4Cl)cc32)c1,5.853871964321762,444.12655047600003,5,1,5.341200000000002,True
CHEMBL5937239,CDK9,1400.0,nM,O=C(Nc1cc(-c2ccc3c(c2)N(Cc2ccc(-c4nn[nH]n4)cc2)CC3)c(Cl)cn1)C1CCCNC1,5.853871964321762,514.1996351640001,7,3,4.082900000000002,True
CHEMBL5270781,CDK2,1400.0,nM,CC1CN(c2ccncc2NC(=O)c2ccnn3cc(-c4ccccc4)nc23)CCO1,5.853871964321762,414.180423944,6,1,3.2687000000000017,True
CHEMBL271842,CDK1,1400.0,nM,Nc1ccc2c(c1)/C(=N/Nc1ccc(S(N)(=O)=O)cc1)C(=O)N2,5.853871964321762,331.073910276,6,4,0.6845000000000003,True
CHEMBL254170,CDK4,1400.0,nM,CS(=O)(=O)c1ccc(CC(=O)Nc2n[nH]c3ccc(N4CCCS4(=O)=O)cc23)cc1,5.853871964321762,448.08751173999997,6,2,1.6875000000000002,True
CHEMBL5080497,CDK9,1407.0,nM,Cc1nc2ccc(-c3cc(N)nc(N)c3)nc2n1CCCC(F)(F)F,5.851705902565255,350.146679204,5,2,3.3086200000000012,True
CHEMBL212264,CDK1,1410.0,nM,Nc1nc(Nc2ccc(S(=O)(=O)NC(=O)[C@H](N)CO)cc2)nn1C(=O)c1c(F)cccc1F,5.85078088734462,481.097994084,10,5,-0.30489999999999995,True
CHEMBL301138,CDK2,1410.0,nM,Cn1cc(C2=C(c3coc4ccccc34)C(=O)NC2=O)c2ccccc21,5.85078088734462,342.100442308,3,1,3.4917000000000016,True
CHEMBL5092606,CDK6,1416.5,nM,CN(C)C(=O)c1ccc(Nc2ncc(C(F)(F)F)c(N[C@H]3CC[C@@H](N)CC3)n2)cc1,5.848783421143544,422.2041940800001,6,3,3.622600000000001,True
CHEMBL5089164,CDK1,1416.5,nM,Cn1ccc2cc(Nc3ncc(C(F)(F)F)c(N[C@H]4CC[C@@H](N)CC4)n3)ccc2c1=O,5.848783421143544,432.18854401600004,6,3,3.7727000000000013,True
CHEMBL609040,CDK4,1420.0,nM,O=C1Nc2cc3c(O)cccc3c3c4c(cc1c23)OCO4,5.847711655616943,279.053157768,4,2,2.993000000000001,True
CHEMBL5598116,CDK9,1423.0,nM,CCCNNC(=O)c1ccc(Cn2cc(Nc3ncc(Cl)c(-c4cnc5ccccn45)n3)cn2)cc1,5.846795099915716,501.1792340680001,7,3,4.077500000000002,True
CHEMBL4083249,CDK9,1430.0,nM,C[C@@H](c1ccc(F)cc1)n1nnc2cnc3ccc(-c4ccc5ocnc5c4)cc3c21,5.844663962534938,409.133888352,5,0,5.536100000000004,True
CHEMBL3125721,CDK2,1450.0,nM,COc1ccc(-c2nc3c(NCCCNC(=O)C4CCCC4)c(-c4nc(C(N)=O)cs4)cnc3[nH]2)cc1,5.838631997765026,519.205258788,8,4,3.9643000000000015,True
CHEMBL16171,CDK2,1460.0,nM,COc1c(O)cc(O)c2c(=O)cc(-c3ccccc3)oc12,5.835647144215563,284.068473484,5,2,2.8798000000000004,True
CHEMBL3919361,CDK2,1460.0,nM,O=C1NCC2(CCCCC2)n2c1cc1cnc(Nc3ccc(N4CCC(N5CCOCC5)CC4)cn3)nc12,5.835647144215563,516.2961223920001,8,2,3.2737000000000016,True
CHEMBL3894204,CDK2,1460.0,nM,CN(C)C1CCN(c2ccc(Nc3ncc4cc5n(c4n3)C3(CCCCC3)CNC5=O)nn2)CC1,5.835647144215563,475.28080667600005,8,2,2.8981000000000003,True
CHEMBL5177698,CDK1,1470.0,nM,CNc1nc(C(=O)/C=C/c2ccc(OC)cc2)c(C)s1,5.832682665251824,288.093248752,5,1,3.397920000000002,True
CHEMBL5757213,CDK2,1490.0,nM,Cc1nc2c(F)cc(-c3nc(Nc4ccc5c(n4)CCN(CCCN(C)C)C5)ncc3F)cc2n1C1CC1,5.826813731587726,518.2717994640001,7,1,4.8632200000000045,True
CHEMBL1242973,CDK2,1500.0,nM,COC(=O)[C@@]1(Cc2ccc(O)c(CC=C(C)C)c2)OC(=O)C(O)=C1c1ccc(O)cc1,5.823908740944319,424.1522031079999,7,3,3.5869000000000018,True
CHEMBL6041765,CDK9,1500.0,nM,CN(CCNc1cc(-c2ccc3ncn(Cc4cccc(F)c4)c3c2)c(Cl)cn1)Cc1ccccc1,5.823908740944319,499.19390176400003,4,1,6.483000000000006,True
CHEMBL115125,CDK2,1500.0,nM,Cc1cc(NC(=O)c2ccccc2)n[nH]1,5.823908740944319,201.090211972,2,2,1.9704199999999996,True
CHEMBL1242367,CDK4,1500.0,nM,CCNc1cc(N[C@H]2CC[C@@H](O)CC2)nc(Nc2ccc3c(ccn3Cc3ccccc3)c2)n1,5.823908740944319,456.26375964400006,6,4,5.370400000000004,True
CHEMBL6038748,CDK9,1500.0,nM,Fc1cccc(Cn2cnc3ccc(-c4cc(NC[C@H]5CCN5)ncc4Cl)cc32)c1,5.823908740944319,421.1469515720001,4,2,4.712900000000003,True
CHEMBL458926,CDK2,1500.0,nM,CC(C)Nc1cc(Cl)nc2c(C#N)cnn12,5.823908740944319,235.06247299999998,4,1,2.07468,True
CHEMBL372247,CDK1,1500.0,nM,OCC(O)CNc1[nH]cnc2nc(-c3ccccc3)c(-c3ccccc3)c1-2,5.823908740944319,360.15862588,5,4,3.0086000000000013,True
CHEMBL457979,CDK4,1500.0,nM,Cc1ncc(-c2ccnc(Nc3ccc(S(=O)(=O)Cc4ccccc4)cc3)n2)n1C(C)C,5.823908740944319,447.17289604000007,6,1,4.946920000000004,True
CHEMBL3702214,CDK6,1500.0,nM,COCCn1c2cnccc2c2cnc(Nc3ccc(N4CCC(N(C)C)CC4)cn3)nc21,5.823908740944319,446.25425758000006,8,1,3.294900000000002,True
CHEMBL5982633,CDK9,1500.0,nM,O=C(Nc1cc(-c2ccc3ncn(CC4CCOCC4)c3c2)c(Cl)cn1)C1CCS(=O)(=O)C12CCNC2,5.823908740944319,543.17070312,7,2,3.2836000000000016,True
CHEMBL5975923,CDK9,1500.0,nM,O=C(Nc1cc(-c2ccc3ncn(CC4CCOCC4)c3c2)c(Cl)cn1)C1=CCCNC1,5.823908740944319,451.177502752,5,2,4.036500000000003,True
CHEMBL59073,CDK2,1500.0,nM,COc1ccc2c(c1)NC(=O)/C2=C\c1[nH]cc2c1CCOC2=O,5.823908740944319,310.09535692799994,4,2,2.2289000000000003,True
CHEMBL234065,CDK1,1500.0,nM,COc1ccc(-c2nc(Nc3ccc(CCO)cc3)ncc2C#N)cc1,5.823908740944319,346.142975816,6,2,3.3022800000000014,True
CHEMBL455194,CDK9,1500.0,nM,CC1CC(C(=O)Nc2ncc(SCc3ncc(C(C)(C)C)o3)s2)CCN1,5.823908740944319,394.1497180719999,7,2,4.047500000000003,True
CHEMBL362814,CDK4,1500.0,nM,CN(C)C(=O)N1CCn2cc(C3=C(c4cnc5ccccn45)C(=O)NC3=O)c3cccc(c32)C1,5.823908740944319,454.175338564,4,1,2.3533999999999997,True
CHEMBL3701062,CDK2,1500.0,nM,Cc1nccc(-c2ccc(C(=O)N3CCOCC3)c(Cl)c2)c1C#Cc1ccc(N)nc1,5.823908740944319,432.13530359200007,5,1,3.559820000000001,True
CHEMBL116047,CDK2,1500.0,nM,O=C(Nc1cc(C2CC2)[nH]n1)c1ccccc1Br,5.823908740944319,305.01637410399996,2,2,3.3019000000000016,True
CHEMBL3589672,CDK9,1500.0,nM,O=C(O)c1nc2ccc(I)cc2c2[nH]c3c(Br)cccc3c12,5.823908740944319,465.88138759599997,2,2,4.934600000000001,True
CHEMBL3589666,CDK9,1500.0,nM,COc1ccc2c(c1)nc(C(=O)O)c1c3cccc(Br)c3[nH]c21,5.823908740944319,369.99530431200003,3,2,4.338600000000001,True
CHEMBL232743,CDK2,1500.0,nM,Cc1cc(N2C(=O)CCC2=O)c2oc(-c3ccc(O)c(O)c3)c(O)c(=O)c2c1,5.823908740944319,381.0848518199999,7,3,2.5386200000000017,True
CHEMBL573108,CDK2,1500.0,nM,CC(C)(C(N)=O)C(=O)NCCCNc1nc(Nc2cccc(NC(=O)N3CCCC3)c2)ncc1Br,5.823908740944319,546.1702489520001,7,5,3.0401000000000007,True
CHEMBL3668405,CDK9,1500.0,nM,CN1CCC(c2cc3c(-c4nc(Nc5nc(N)ccc5Cl)ccc4Cl)ccnc3[nH]2)CC1,5.823908740944319,467.1391990960001,6,3,5.461700000000003,True
CHEMBL3915889,CDK2,1500.0,nM,O=C1NCC2(CCCCC2)n2c1cc1cnc(Nc3ccc(N4CCC(N5CCCCC5)CC4)cn3)nc12,5.823908740944319,514.3168578360002,7,2,4.427400000000004,True
CHEMBL248176,CDK2,1517.0,nM,CCNC(=O)N1CCC(Nc2ncc(Cl)c(-c3c[nH]c4ccccc34)n2)CC1,5.81901441921327,398.16218703600003,4,3,3.884100000000002,True
CHEMBL3956661,CDK2,1520.0,nM,CC1(C)CN(c2ccc(Nc3ncc4cc5n(c4n3)C3(CCCCC3)CNC5=O)nc2)CCN1CC1CC1,5.818156412055227,514.316857836,7,2,4.283300000000002,True
CHEMBL3824296,CDK2,1520.0,nM,Cc1nn(C2CCNCC2)c(C)c1Nc1ncc(Cl)c(-c2cnn3ccccc23)n1,5.818156412055227,422.1734204160001,6,2,3.926140000000003,True
CHEMBL4459754,CDK1,1520.0,nM,CC(C)c1cnn2c(NCc3ccccc3)cc(NC[C@@H]3CCNC[C@H]3O)nc12,5.818156412055227,394.24810958,6,4,2.8471000000000015,True
CHEMBL3301610,CDK1,1523.0,nM,CCN1CCN(Cc2ccc(Nc3ncc(F)c(-c4cc(F)c5nc(C)n(C(C)C)c5c4)n3)nc2)CC1,5.817300096663957,506.2717994640001,7,1,4.936920000000004,True
CHEMBL5558604,CDK2,1526.5,nM,CC(C)c1cnn2c(NCc3ccc(NC(=O)CCCCCCO)cc3)nc(OC3CCN(C)CC3)nc12,5.81630319136532,523.327088172,8,3,4.214100000000004,True
CHEMBL233225,CDK1,1540.0,nM,Clc1cnc(Nc2ccc(CCN3CCCC3)cc2)nc1-c1ccc2cc[nH]c2c1,5.8124792791635365,417.172023448,4,2,5.660200000000004,True
CHEMBL5571632,CDK1,1541.0,nM,CC#Cc1nc2c(C(=O)N3CCn4ncnc4C3)c(N)n(-c3c(C)ccc(O)c3C)c2nc1C,5.81219736128158,456.20222200800004,7,2,2.25246,True
CHEMBL6141840,CDK1,1548.0,nM,COCCN1CCC(c2cc3c(-c4cnn(CC5CC5)c4)c(Cl)cnc3[nH]2)CC1,5.810229043653126,413.19823819600003,4,1,4.315600000000003,True
CHEMBL378420,CDK1,1550.0,nM,Nc1nc(Nc2ccc(S(=O)(=O)NC(=O)CCN3CCOCC3)cc2)nn1C(=O)c1c(F)cccc1F,5.809668301829708,535.144944276,10,3,1.0977999999999997,True
CHEMBL364172,CDK4,1553.0,nM,N#C/C=C(/c1ccc2nc(N)c(C(=O)c3c(F)cccc3F)n2c1)c1c(F)cccc1F,5.808828544271441,436.094723884,4,1,4.659180000000002,True
CHEMBL3691599,CDK4,1566.0,nM,CN(C)C(=O)c1cc2cnc(Nc3ccc(C(=O)N4CC5CCC(C4)N5)cn3)nc2n1C1CCN(C(C)(C)C)CC1,5.805208242278075,559.3383215520001,8,2,3.283500000000001,True
CHEMBL3890659,CDK2,1580.0,nM,CCN(CC)C1CCN(C2CCN(c3ccc(Nc4ncc5cc6n(c5n4)C4(CCCCC4)CNC6=O)nc3)CC2)C1,5.801342913045577,571.3747070600001,8,2,4.357600000000002,True
CHEMBL5597396,CDK2,1587.0,nM,O=C(CCCCCn1cc(Nc2ncc(Cl)c(-c3cnc4ccccn34)n2)cn1)NO,5.799423073245151,440.1475995920001,7,3,3.4506000000000006,True
CHEMBL232934,CDK2,1600.0,nM,Cc1cc(N2CCCC2=O)c2oc(-c3ccc(O)c(O)c3)c(O)c(=O)c2c1,5.795880017344075,367.10558726399995,6,3,3.0120200000000024,True
CHEMBL457208,CDK2,1600.0,nM,O=C(Cc1ccccc1)Nc1c[nH]nc1C(=O)Nc1ccc(F)cc1,5.795880017344075,338.11790394,3,3,2.9823000000000004,True
CHEMBL445757,CDK4,1600.0,nM,CC(C)Oc1ccc2c(-c3ccnc(NC4CC4)n3)cnn2n1,5.795880017344075,310.15420919600007,6,1,2.5477999999999996,True
CHEMBL5911482,CDK9,1600.0,nM,Cc1nnc(CNc2cc(-c3ccc4ncn(Cc5cccc(F)c5)c4c3)c(Cl)cn2)[nH]1,5.795880017344075,447.13744950800003,5,2,4.977720000000004,True
CHEMBL2035054,CDK2,1600.0,nM,CN1C/C=C/COCc2ccc(o2)-c2ccnc(n2)Nc2ccc(OCCN3CCCC3)c(c2)C1,5.795880017344075,475.258339916,8,1,3.9680000000000026,True
CHEMBL3663760,CDK2,1600.0,nM,COc1cc(F)ccc1-c1ccnc2[nH]c(C3CCNCC3)cc12,5.795880017344075,325.15904048,3,2,3.8446000000000025,True
CHEMBL99037,CDK1,1600.0,nM,O=C1Cc2c([nH]c3ccc(F)cc23)-c2ccccc2N1,5.795880017344075,266.085541192,1,2,3.4686000000000012,True
CHEMBL3891725,CDK9,1600.0,nM,CN1Cc2c(C3=CCN(CC(=O)O)CC3(C)C)[nH]c3nccc(c23)-c2cc(F)ccc21,5.795880017344075,420.19615426,4,2,4.128600000000002,True
CHEMBL319467,CDK4,1600.0,nM,NS(=O)(=O)c1ccc(Nc2nc(OCC3CCCCC3)c3nc[nH]c3n2)cc1,5.795880017344075,402.1474095640001,7,3,2.7030000000000003,True
CHEMBL508506,CDK9,1600.0,nM,CC1NCCCC1C(=O)Nc1ncc(SCc2ncc(C(C)(C)C)o2)s1,5.795880017344075,394.149718072,7,2,4.047500000000003,True
CHEMBL3651157,CDK1,1600.0,nM,COc1ccc2cc3c(nc2c1)C1=C([Si](C)(C)C)C(=O)CC1CC3O,5.795880017344075,353.144720126,4,1,3.900500000000003,True
CHEMBL214329,CDK1,1600.0,nM,CN1CCN(c2ccc(Nc3ncc4ccn(C5CCCCC5)c4n3)cc2)CC1,5.795880017344075,390.25319496,5,1,4.431900000000004,True
CHEMBL4765079,CDK9,1600.0,nM,CC(=O)N[C@@H]1CCC[C@H](C(=O)Nc2cc(-c3cnc4ccccn34)c(Cl)cn2)C1,5.795880017344075,411.146202624,4,2,3.6831000000000023,True
CHEMBL5853237,CDK9,1600.0,nM,CN(C)C(C)(C)CNc1cc(-c2ccc3ncn(Cc4cccc(F)c4)c3c2)c(Cl)cn1,5.795880017344075,451.19390176400003,4,1,5.691200000000006,True
CHEMBL231928,CDK2,1600.0,nM,CCN(CC)c1cc(C)cc2c(=O)c(O)c(-c3ccc(O)c(O)c3)oc12,5.795880017344075,355.141972772,6,3,3.7314200000000026,True
CHEMBL477064,CDK2,1600.0,nM,CCCOc1cnc(CN/C=C2\C(=O)NC(=O)c3ccc(I)cc32)cc1O,5.795880017344075,479.03420405599996,6,3,2.5813,True
CHEMBL243017,CDK1,1600.0,nM,CC(C)(N)c1ccc(-c2nc(Nc3ccc(CCO)cc3)ncc2C#N)cc1,5.795880017344075,373.19026035600007,6,3,3.4874800000000015,True
CHEMBL254979,CDK4,1600.0,nM,O=C(Cc1ccc2ccccc2c1)Nc1n[nH]c2ccc(N3CCCS3(=O)=O)cc12,5.795880017344075,420.1256115,4,2,3.4372000000000016,True
CHEMBL1234009,CDK1,1600.0,nM,c1ccc2c(c1)Cc1c-2n[nH]c1-c1ccncc1,5.795880017344075,233.095297352,2,1,3.0429000000000004,True
CHEMBL392306,CDK1,1610.0,nM,CN1CCN(CCc2ccc(Nc3ncc(Cl)c(-c4ccc(C(C)(C)N)cc4)n3)cc2)CC1,5.79317412396815,464.24552273600005,6,2,4.524300000000003,True
CHEMBL341110,CDK2,1610.0,nM,Cn1cc(C2=C(c3cn(CC(O)CO)c4ccccc34)C(=O)NC2=O)c2ccccc21,5.79317412396815,415.153206152,4,3,2.0534,True
CHEMBL3966804,CDK2,1620.0,nM,CCN(CC)C1CCN(c2ccc(Nc3ncc4cc5n(c4n3)C3(CCCC3)CNC5=O)nc2)CC1,5.790484985457369,488.30120777200005,7,2,3.893200000000002,True
CHEMBL3702235,CDK4,1630.0,nM,CC[C@H](C)n1c2cnccc2c2cnc(Nc3ccc(N4CCC(NC)CC4)cn3)nc21,5.787812395596042,430.2593429600001,7,2,4.277300000000003,True
CHEMBL3691566,CDK4,1630.0,nM,CNC(=O)c1cc2cnc(Nc3ccc(C(=O)N4CC5CCC(C4)N5)cn3)nc2n1C1CCCC1,5.787812395596042,474.2491722000001,7,3,2.6209999999999996,True
CHEMBL3891784,CDK2,1660.0,nM,CC(C)N1CCN(Cc2ccc(Nc3ncc4cc5n(c4n3)C3(CCCCC3)CNC5=O)nc2)CC1,5.779891911959945,488.301207772,7,2,3.498700000000002,True
CHEMBL4519886,CDK1,1660.0,nM,CC(C)c1cnn2c(NCc3ccccc3)cc(NCC3CCNCC3)nc12,5.779891911959945,378.25319496000003,5,3,3.8763000000000023,True
CHEMBL3894860,CDK2,1660.0,nM,CN1CCN(c2ccc(Nc3ncc4cc5n(c4n3)C3(CCCCC3)CNC5=O)nc2)CC1,5.779891911959945,446.25425758,7,2,2.724500000000001,True
CHEMBL210581,CDK1,1660.0,nM,COCCOCC(=O)NS(=O)(=O)c1ccc(Nc2nc(N)n(C(=O)c3c(F)cccc3F)n2)cc1,5.779891911959945,510.1133098000001,10,3,1.0384999999999998,True
CHEMBL4211162,CDK1,1671.1,nM,CCN1CCN(Cc2ccc(Nc3cc(-c4cc(F)c5nc(C)n(C(C)C)c5c4)c(F)cn3)nn2)CC1,5.776997560789591,506.2717994640001,7,1,4.936920000000004,True
CHEMBL3823929,CDK2,1680.0,nM,CC(=O)N1CCC(n2nc(C)c(Nc3ncc(Cl)c(-c4cnc5ccccn45)n3)c2C)CC1,5.774690718274137,464.1839851000001,6,1,4.1850400000000025,True
CHEMBL3947713,CDK2,1680.0,nM,CC1(C)CN(c2ccc(Nc3ncc4cc5n(c4n3)C3(CCCCC3)CNC5=O)nc2)CCN1C1CC1,5.774690718274137,500.301207772,7,2,4.035700000000002,True
CHEMBL185914,CDK2,1691.0,nM,Nc1nc2ccc(/C(=C/c3nn[nH]n3)c3c(F)cccc3F)cn2c1C(=O)c1c(F)cccc1F,5.771856392402258,479.111770916,6,2,3.805900000000002,True
CHEMBL2029913,CDK1,1700.0,nM,CN1CCN(C(=O)c2cc(Nc3ncc4cc(-c5ccnn5C)n(C5CCCC5)c4n3)cn2C)CC1,5.769551078621726,487.2808066760001,6,1,3.4166000000000025,True
CHEMBL210540,CDK2,1700.0,nM,Cc1cc(-c2cnc(Nc3cnc(CN4CCN(C)CC4)cn3)s2)nc(OC2CCCCC2)n1,5.769551078621726,480.24197864399997,10,1,3.9010200000000026,True
CHEMBL233153,CDK2,1700.0,nM,Cc1cc(N2CCCS2(=O)=O)c2oc(-c3ccc(O)c(C(F)(F)F)c3)c(O)c(=O)c2c1,5.769551078621726,455.06504289199995,6,2,3.7383200000000025,True
CHEMBL271137,CDK1,1700.0,nM,NS(=O)(=O)c1ccc(N/C=C2\C(=O)Nc3cccc(CO)c32)cc1,5.769551078621726,345.07832696,5,4,1.2314000000000003,True
CHEMBL6054113,CDK9,1700.0,nM,NC1(C(=O)Nc2cc(-c3ccc4ncn(CC5CCOCC5)c4c3)c(Cl)cn2)CCCC1,5.769551078621726,453.193152816,5,2,4.388300000000004,True
CHEMBL3798066,CDK1,1700.0,nM,CN(C)C(=O)c1cccc(-c2cnc(N)c(-c3nc4cccc(N5CCNCC5)c4[nH]3)n2)c1,5.769551078621726,442.2229574520001,7,3,2.3804999999999996,True
CHEMBL390186,CDK1,1700.0,nM,N#Cc1cnc(Nc2ccc(CCO)cc2)nc1-c1cc2ccccc2[nH]1,5.769551078621726,355.14331016400007,5,3,3.774980000000002,True
CHEMBL271822,CDK1,1700.0,nM,COc1ccc2c(c1Cl)/C(=N/Nc1ccc(S(N)(=O)=O)cc1)C(=O)N2,5.769551078621726,380.034603576,6,3,1.764299999999999,True
CHEMBL178737,CDK4,1700.0,nM,O=C1NC(=O)C(c2cnc3ccccn23)=C1c1cn2c3c(cccc13)CN(C(=O)N1CCOCC1)CC2,5.769551078621726,496.185903248,5,1,2.1239999999999997,True
CHEMBL3651156,CDK1,1700.0,nM,COc1ccc2nc3c(cc2c1)C(O)CC1CC(=O)C([Si](C)(C)C)=C31,5.769551078621726,353.14472012600004,4,1,3.9005000000000027,True
CHEMBL3651158,CDK1,1700.0,nM,COc1cc2cc3c(nc2cc1OC)C1=C([Si](C)(C)C)C(=O)CC1CC3O,5.769551078621726,383.15528480999996,5,1,3.9091000000000036,True
CHEMBL2012404,CDK1,1700.0,nM,CN(C)C(=O)[C@@H]1CCCN1C(=O)c1cc(Nc2ncc3cnn([C@@H]4C[C@H]5C[C@H]5C4)c3n2)cn1C,5.769551078621726,462.2491722000001,6,1,2.5721999999999996,True
CHEMBL28,CDK6,1700.0,nM,O=c1cc(-c2ccc(O)cc2)oc2cc(O)cc(O)c12,5.769551078621726,270.05282342000004,5,3,2.576800000000001,True
CHEMBL5755607,CDK1,1702.0,nM,Cc1nc2c(F)cc(-c3nc(Nc4ccc5c(n4)CCN(CCN=C(N)N)C5)ncc3F)cc2n1C(C)C,5.769040444251431,520.2622974000002,7,3,3.4309200000000013,True
CHEMBL185914,CDK4,1703.0,nM,Nc1nc2ccc(/C(=C/c3nn[nH]n3)c3c(F)cccc3F)cn2c1C(=O)c1c(F)cccc1F,5.7687853520374,479.111770916,6,2,3.805900000000002,True
CHEMBL5091949,CDK6,1705.0,nM,CC(C)N1CCN(C(=O)c2ccc(Nc3nccc(-c4ccc5ncc(N(C)C)nc5c4)n3)nc2)CC1,5.768275616671484,497.26515661200017,9,1,3.457600000000002,True
CHEMBL183362,CDK2,1711.0,nM,Nc1nc2ccc(C(=O)c3c(F)cccc3F)cn2c1C(=O)c1ccc(Cl)cc1,5.7667499904589,411.05861074399996,4,1,4.310100000000002,True
CHEMBL4562323,CDK9,1711.0,nM,CC(C)c1cnn2c(NCc3ccccc3-n3cccn3)nc(OC3CCCNC3)nc12,5.7667499904589,432.23860751600006,7,2,3.1763000000000012,True
CHEMBL5598317,CDK2,1711.0,nM,O=C(CCCCCCn1cc(Nc2ncc(Cl)c(-c3cnc4ccccn34)n2)cn1)NO,5.7667499904589,454.1632496560001,7,3,3.840700000000002,True
CHEMBL519795,CDK2,1730.0,nM,CN1CCN(c2cccc3[nH]c(-c4n[nH]c5cc(-c6ccc(N)c(F)c6)ccc45)nc23)CC1,5.761953896871205,441.207721988,5,3,4.246300000000002,True
CHEMBL5647234,CDK2,1730.0,nM,Cc1nn2c(-c3ccccc3)ccnc2c1/C(N)=N/O,5.761953896871205,267.112010036,4,2,1.7992199999999998,True
CHEMBL255718,CDK4,1750.0,nM,O=C(Cc1ccc(O)cc1)Nc1n[nH]c2ccc(N3CCCS3(=O)=O)cc12,5.756961951313706,386.1048760559999,5,3,1.9896,True
CHEMBL3918318,CDK2,1760.0,nM,C[C@H]1CN(c2ccc(Nc3ncc4cc5n(c4n3)C3(CCCCC3)CNC5=O)nc2)CCN1,5.75448733218585,446.25425758,7,3,2.7708000000000004,True
CHEMBL234625,CDK1,1770.0,nM,CN(C)CCc1ccc(Nc2ncc(Cl)c(-c3ccc4cc[nH]c4c3)n2)cc1,5.752026733638193,391.156373384,4,2,5.126000000000004,True
CHEMBL5557963,CDK4,1771.0,nM,CCC(=O)Nc1ccc(CNc2nc(NC3CCOCC3)nc3c(C(C)C)cnn23)cc1,5.751781438809925,437.2539232320001,7,3,3.7992000000000026,True
CHEMBL3684987,CDK4,1790.0,nM,COc1cc2c3cnc(Nc4ccc5c(n4)CCNC5)nc3n([C@H]3CC[C@H](C)CC3)c2cn1,5.747146969020107,443.24335854800006,7,2,4.523600000000004,True
CHEMBL401603,CDK2,1800.0,nM,CCCN(CCC)c1ccc2[nH]nc(NC(=O)Cc3ccccc3)c2c1,5.7447274948966935,350.210661452,3,2,4.3705000000000025,True
CHEMBL402158,CDK4,1800.0,nM,O=C(Cc1cccc(Br)c1)Nc1n[nH]c2ccc(N3CCCS3(=O)=O)cc12,5.7447274948966935,448.02047350399994,4,2,3.046500000000001,True
CHEMBL362558,CDK4,1800.0,nM,O=C1NC(=O)C(c2cnc3ccccn23)=C1c1cn2c3c(cc(F)cc13)CN(C(=O)N1CCCCC1)CC2,5.7447274948966935,512.19721688,4,1,3.416800000000002,True
CHEMBL458420,CDK2,1800.0,nM,O=C(Nc1ccccc1)Nc1c[nH]nc1-c1nc2cc(CN3CCOCC3)ccc2[nH]1,5.7447274948966935,417.19132297600004,5,4,3.4292000000000016,True
CHEMBL6031376,CDK9,1800.0,nM,O=S1(=O)CCC(Nc2cc(-c3ccc4ncn(Cc5cccc(F)c5)c4c3)c(Cl)cn2)C12CNC2,5.7447274948966935,511.12450187600007,6,2,3.8801000000000023,True
CHEMBL3085234,CDK1,1800.0,nM,COc1ccccc1CNc1nc(N2CCC[C@@H]2CO)nc2c1ncn2C(C)C,5.7447274948966935,396.22737413600004,7,2,2.9890000000000017,True
CHEMBL336242,CDK1,1800.0,nM,O=C(Nc1cc(CN[C@H]2Cc3ccc(Cl)cc3C2)n[nH]1)Nc1cccc2c1[C@@H]1CCCN1C2=O,5.7447274948966935,476.17275172000006,4,4,4.254800000000002,True
CHEMBL4297488,CDK1,1800.0,nM,CC(C)c1cnn2c(NCc3ccccc3)cc(NC[C@H]3CCNC[C@@H]3O)nc12,5.7447274948966935,394.24810958,6,4,2.8471000000000015,True
CHEMBL204054,CDK2,1800.0,nM,Brc1cccc(-c2cc(NCc3ccncc3)n3nccc3n2)c1,5.7447274948966935,379.04325754800004,4,1,4.165900000000003,True
CHEMBL5279871,CDK2,1800.0,nM,Nc1c([N+](=O)[O-])cnc(NC2CCCCC2)c1[N+](=O)[O-],5.7447274948966935,281.11240396,7,2,2.2248,True
CHEMBL256558,CDK4,1800.0,nM,Cc1ccc(CC(=O)Nc2n[nH]c3ccc(N4CCCS4(=O)=O)cc23)cc1,5.7447274948966935,384.12561149999993,4,2,2.5924200000000006,True
CHEMBL5092606,CDK1,1812.5,nM,CN(C)C(=O)c1ccc(Nc2ncc(C(F)(F)F)c(N[C@H]3CC[C@@H](N)CC3)n2)cc1,5.7417219847569685,422.2041940800001,6,3,3.622600000000001,True
CHEMBL3421967,CDK2,1819.0,nM,COc1cc(N2CCN(C)CC2)ccc1Nc1nccc(-c2c[nH]c3cnccc23)n1,5.740167300936516,415.2120584200001,7,2,3.523900000000001,True
CHEMBL4850687,CDK9,1834.0,nM,CC(=O)c1c(C)c2cnc(Nc3ccc(N4CCN(C(=O)CCl)CC4)cn3)nc2n(C2CCCC2)c1=O,5.736600668665998,523.2098655000001,8,1,3.443620000000002,True
CHEMBL5094409,CDK9,1837.0,nM,Cc1nc2ccc(-c3cc(N)nc(N)c3)nc2n1C(C)(C)C,5.735890843694191,296.17494464,5,2,2.721120000000001,True
CHEMBL523113,CDK2,1840.0,nM,Cn1cc(C2=C(c3coc4ccc(F)cc34)C(=O)NC2=O)c2cc(Cl)ccc21,5.735182176990463,394.05204814399997,3,1,4.284200000000002,True
CHEMBL5592738,CDK9,1847.0,nM,COc1ccccc1Nc1nc(N[C@H]2CC[C@H](N)CC2)ncc1Cl,5.733533104559759,347.151288004,6,3,3.564000000000002,True
CHEMBL5273636,CDK2,1850.0,nM,CCOC(=O)c1cnn2c(-c3ccc(Cl)cc3)nc(NCc3ccccc3)nc12,5.732828271596986,407.11490249600007,6,1,4.233500000000002,True
CHEMBL48362,CDK4,1870.0,nM,CN1CCC(c2c(O)cc(O)c3c2O/C(=C\c2ccc(S(N)(=O)=O)cc2)C3=O)CC1,5.7281583934635005,430.1198574239999,7,3,2.1706000000000003,True
CHEMBL3673435,CDK1,1877.0,nM,COc1cc(F)ccc1-c1ccnc(NC(=O)C2CCC(NC(C)=O)C2)c1,5.7265357273786535,371.164519784,4,2,3.1396000000000006,True
CHEMBL3961115,CDK2,1890.0,nM,CCOCCN1CCN(c2ccc(Nc3ncc4cc5n(c4n3)C3(CCCC3)CNC5=O)nc2)CC1,5.723538195826755,490.28047232800003,8,2,2.7411000000000003,True
CHEMBL5570485,CDK1,1892.0,nM,Cc1ccc(O)c(C)c1-n1c(N)c(C(=O)N2CCn3nccc3C2)c2nc(C)c(C3CCN(C)CC3)nc21,5.723078867934226,514.2804723280001,7,2,3.2952600000000016,True
CHEMBL365046,CDK4,1894.0,nM,Nc1nc2ccc(C(=O)c3c(F)cccc3F)cn2c1C(=S)c1ccccc1,5.722620025332745,393.074739476,4,1,4.192000000000002,True
CHEMBL245733,CDK2,1895.0,nM,CC1CCN(C(=O)N2CCC(Nc3ncc(Cl)c(-c4c[nH]c5ccccc45)n3)CC2)CC1,5.722390785695909,452.20913722800003,4,2,5.0065000000000035,True
CHEMBL248108,CDK1,1900.0,nM,NC1CCN(Cc2ccn3ncnc(Nc4ccc5c(cnn5Cc5cccc(F)c5)c4)c23)CC1,5.721246399047171,470.23427108400006,6,2,3.9331000000000014,True
CHEMBL5813591,CDK9,1900.0,nM,CN1CCC(Nc2cc(-c3ccc4ncn(Cc5cccc(F)c5)c4c3)c(Cl)cn2)C1,5.721246399047171,435.16260163600003,4,1,5.055100000000005,True
CHEMBL5598242,CDK2,1900.0,nM,CN(C)C(=O)c1ccc(Nc2cc3c(cn2)cc(C(=O)N(C)C)n3C(=O)OC(C)(C)C)c(Cl)c1,5.721246399047171,485.18298205599996,6,1,4.620100000000004,True
CHEMBL4573345,CDK1,1900.0,nM,CCOC(=O)Sc1cnc(NC(C)=O)s1,5.721246399047171,246.01328418,6,1,2.3501000000000003,True
CHEMBL234275,CDK1,1900.0,nM,N#Cc1cnc(Nc2ccc(CCO)cc2)nc1-c1ccc(S(N)(=O)=O)cc1,5.721246399047171,395.10521040400005,7,3,1.94108,True
CHEMBL489629,CDK2,1900.0,nM,CC(C)(C)c1ccc2c(c1)/C(=C/NCc1cc(O)c(-c3ccoc3)cn1)C(=O)NC2=O,5.721246399047171,417.168856216,6,3,3.7454000000000027,True
CHEMBL5091510,CDK9,1900.0,nM,Cc1nc(OCc2ccsc2)c2c(-c3ccnc(N)c3)c[nH]c2n1,5.721246399047171,337.0997311000001,6,2,3.551020000000001,True
CHEMBL5914044,CDK9,1900.0,nM,O=C(Nc1cc(-c2ccc3ncn(CC4CCOCC4)c3c2)c(Cl)cn1)c1ccncc1,5.721246399047171,447.146202624,5,1,4.825600000000004,True
CHEMBL5558916,CDK9,1905.0,nM,CC(=O)Nc1ccc(CNc2cc(NC3CCOCC3)nc3c(C(C)C)cnn23)cc1,5.720105019988361,422.24302420000004,6,3,4.014100000000003,True
CHEMBL3901454,CDK2,1920.0,nM,C[C@H]1CN(c2ccc(Nc3ncc4cc5n(c4n3)C3(CCCCC3)CNC5=O)nc2)CCN1C,5.71669877129645,460.269907644,7,2,3.1130000000000013,True
CHEMBL46181,CDK4,1920.0,nM,CN1CCC(c2c(O)cc(O)c3c2O/C(=C\c2ccc(N4CCN(C)CC4)cc2)C3=O)CC1,5.71669877129645,449.23145647200005,7,2,3.2750000000000012,True
CHEMBL3955667,CDK2,1920.0,nM,C[C@H](O)CN1CCN(c2ccc(Nc3ncc4cc5n(c4n3)C3(CCCCC3)CNC5=O)nc2)C[C@@H]1C,5.71669877129645,504.29612239200003,8,3,2.8640000000000008,True
CHEMBL362774,CDK2,1927.0,nM,Nc1nc2ccc(C(=O)c3ccccc3)cn2c1C(=O)c1c(F)cccc1F,5.715118285344547,377.097583096,4,1,3.6567000000000016,True
CHEMBL5073976,CDK9,1952.0,nM,Cc1nc2ccc(-c3cc(N)nc(N)c3)nc2n1CCc1ccco1,5.709520186669327,334.15420919599995,6,2,2.801820000000001,True
CHEMBL6133027,CDK9,1965.0,nM,COc1cc(F)ccc1-c1cc(NC(=O)N2CCN(C(=O)c3cc(Cc4n[nH]c(=O)c5ccccc45)ccc3F)CC2)ncc1F,5.706637445288555,628.2045880039999,6,2,4.991700000000004,True
CHEMBL184115,CDK4,1973.0,nM,COc1ccccc1C(=O)c1c(N)nc2ccc(C(=O)c3c(F)cccc3F)cn12,5.704872914747809,407.1081477800001,5,1,3.665300000000001,True
CHEMBL3691596,CDK1,1992.0,nM,CN(C)C(=O)c1cc2cnc(Nc3ccc(C(=O)N4CC5CCC(C4)N5)cn3)nc2n1-c1cccc(C(C)(C)C)c1,5.70071066591232,552.296122392,7,2,4.134800000000002,True
CHEMBL3421966,CDK2,1995.0,nM,COc1cc(N2CCN(C(C)=O)CC2)ccc1Nc1nccc(-c2c[nH]c3cnccc23)n1,5.700057099977233,443.2069730400001,7,2,3.4406000000000008,True
CHEMBL99948,CDK4,2000.0,nM,Cc1ccc(Cl)c(Nc2ccnc(Nc3ccc(OCC(O)CN(C)C)cc3)n2)c1,5.698970004336019,427.177502752,7,3,4.226920000000003,True
CHEMBL317964,CDK1,2000.0,nM,Cc1ccc2[nH]c3c(c2c1)CC(=O)Nc1ccccc1-3,5.698970004336019,262.110613068,1,2,3.637920000000001,True
CHEMBL322019,CDK2,2000.0,nM,C#CCN(c1ccnc(Nc2ccc(OCC(O)CN(C)C)cc2)n1)c1cc(Cl)ccc1Cl,5.698970004336019,485.13853040000004,7,2,4.599600000000004,True
CHEMBL1257080,CDK2,2000.0,nM,Cc1nc(/N=N/c2ccc(C(=O)[O-])cc2)c(COP(=O)([O-])[O-])c(C=O)c1O.[Na+].[Na+].[Na+],5.698970004336019,460.99768378199997,11,1,-8.955680000000006,True
CHEMBL402370,CDK4,2000.0,nM,O=C(Cc1ccc(Br)cc1)Nc1n[nH]c2ccc(N3CCCS3(=O)=O)cc12,5.698970004336019,448.02047350399994,4,2,3.046500000000001,True
CHEMBL101468,CDK2,2000.0,nM,Cc1ccc(F)c(Nc2ccnc(Nc3ccc(OCC(O)CN(C)C)cc3)n2)c1,5.698970004336019,411.207053292,7,3,3.712620000000002,True
CHEMBL234067,CDK1,2000.0,nM,N#Cc1cnc(Nc2ccc(CCO)cc2)nc1-c1ccc(Br)cc1,5.698970004336019,394.0429232000001,5,2,4.056180000000002,True
CHEMBL100675,CDK4,2000.0,nM,Cc1ccc(Cl)c(Nc2cc(Nc3ccc(OCC(O)CN(C)C)cc3)ncn2)c1,5.698970004336019,427.17750275200007,7,3,4.2269200000000025,True
CHEMBL2029914,CDK1,2000.0,nM,CN1CCN(C(=O)c2cc(Nc3ncc4cc(-c5cnn(Cc6ccccc6)c5)n(C5CCCC5)c4n3)cn2C)CC1,5.698970004336019,563.3121068040001,6,1,4.927900000000005,True
CHEMBL233667,CDK1,2000.0,nM,N#Cc1cnc(Nc2cccc(CN3CCOCC3)c2)nc1-c1ccccc1,5.698970004336019,371.174610292,6,1,3.5910800000000025,True
CHEMBL5750167,CDK9,2000.0,nM,CN(C)C(=O)CN1CCc2ccc(-c3cc(NC(=O)C4CCCNC4)ncc3Cl)cc21,5.698970004336019,441.193152816,5,2,2.790800000000001,True
CHEMBL316887,CDK4,2000.0,nM,CN(C)CC(O)COc1ccc(Nc2cc(Nc3ccccc3[N+](=O)[O-])ncn2)cc1,5.698970004336019,424.185903248,9,3,3.173300000000001,True
CHEMBL190154,CDK2,2000.0,nM,CO[C@H](C(=O)Nc1cc(C2CC2)[nH]n1)c1ccccc1,5.698970004336019,271.132076784,3,2,2.6133000000000006,True
CHEMBL3589775,CDK9,2000.0,nM,O=C(O)c1nc2cccnc2c2[nH]c3c(Br)cccc3c12,5.698970004336019,340.979988596,3,2,3.7250000000000005,True
CHEMBL3641939,CDK4,2000.0,nM,C[C@H](CO)n1c2cnccc2c2cnc(Nc3ccc(N4CCN[C@@H](C)C4)cn3)nc21,5.698970004336019,418.22295745200006,8,3,2.4695,True
CHEMBL359963,CDK4,2000.0,nM,CC(C)c1ccc(Nc2nccc(-c3cnn4ncccc34)n2)cc1,5.698970004336019,330.159294576,5,1,4.053300000000002,True
CHEMBL402157,CDK4,2000.0,nM,O=C(Cc1ccc(Cl)cc1)Nc1n[nH]c2ccc(N3CCCS3(=O)=O)cc12,5.698970004336019,404.07098908399996,4,2,2.937400000000001,True
CHEMBL523747,CDK4,2000.0,nM,COc1ccc2c(-c3ccnc(NC4CC4)n3)cnn2n1,5.698970004336019,282.122909068,6,1,1.7691999999999997,True
CHEMBL317629,CDK4,2000.0,nM,CN(C)CC(O)COc1ccc(Nc2nccc(Nc3cccc(Cl)c3)n2)cc1,5.698970004336019,413.161852688,7,3,3.9185000000000016,True
CHEMBL524057,CDK4,2000.0,nM,CCc1nn2ncccc2c1-c1ccnc(NC2CC2)n1,5.698970004336019,280.143644512,5,1,2.3230000000000004,True
CHEMBL388956,CDK4,2000.0,nM,COc1c(O)cc2c3c(cc4ccc(O)cc4c13)NC2=O,5.698970004336019,281.068807832,4,3,2.9785000000000004,True
CHEMBL257624,CDK2,2000.0,nM,O=C(Cc1ccccc1)Nc1n[nH]c2ccc([N+](=O)[O-])cc12,5.698970004336019,296.09094024399997,4,2,2.6523000000000003,True
CHEMBL99689,CDK4,2000.0,nM,CN(C)CC(O)COc1ccc(Nc2nccc(Nc3ccccc3C#N)n2)cc1,5.698970004336019,404.19607400800004,8,3,3.136780000000001,True
CHEMBL99687,CDK4,2000.0,nM,Cc1ccc(Nc2ccnc(Nc3ccc(OCC(O)CN(C)C)cc3)n2)cc1,5.698970004336019,393.21647510400004,7,3,3.573520000000002,True
CHEMBL101052,CDK4,2000.0,nM,COc1ccc(Nc2ccnc(Nc3ccc(OCC(O)CN(C)C)cc3)n2)cc1,5.698970004336019,409.21138972400007,8,3,3.2737000000000016,True
CHEMBL102047,CDK4,2000.0,nM,CN(C)CC(O)COc1ccc(Nc2nccc(Nc3ccccc3)n2)cc1,5.698970004336019,379.20082504000004,7,3,3.2651000000000012,True
CHEMBL258404,CDK2,2000.0,nM,O=C(Cc1ccccc1)Nc1n[nH]c2ccc(N3C(=O)CNC3=O)cc12,5.698970004336019,349.11748934,4,3,1.8002999999999996,True
CHEMBL389343,CDK1,2000.0,nM,N#Cc1cnc(Nc2ccc(CCO)cc2)nc1-c1ccccc1,5.698970004336019,316.132411132,5,2,3.293680000000002,True
CHEMBL4849464,CDK2,2006.0,nM,CC(C)c1cnn2c(NCc3ccccc3)nc(OC3CCN(C)CC3)nc12,5.697669071315601,380.23245951600006,6,1,3.3328000000000024,True
CHEMBL2010815,CDK2,2020.0,nM,COc1cc(F)ccc1-c1nc2c(NCCCNC(=O)C3CCC3)c(Br)cnc2[nH]1,5.694648630553376,475.1019152960001,5,3,4.253400000000002,True
CHEMBL3655773,CDK9,2040.0,nM,CC[C@H](Nc1nc(NCc2cccc(C)n2)c2ncn(C(C)C)c2n1)[C@@H](C)O,5.690369832574101,383.243358548,7,3,3.294020000000002,True
CHEMBL563307,CDK1,2040.0,nM,COc1cccc(-c2ccc3c(ccc4sc5c(c43)NC[C@@H](C)NC5=O)n2)c1,5.690369832574101,389.1197978480001,5,2,4.668900000000003,True
CHEMBL5275667,CDK2,2090.0,nM,O=C(NCCc1ccccc1)c1cnn2c(-c3ccc(Cl)cc3)nc(NCCc3ccccc3)nc12,5.679853713888946,496.1778371000001,5,2,5.071800000000003,True
CHEMBL1243037,CDK1,2100.0,nM,Cc1cc2[nH]c(=S)n([C@@H]3O[C@H](CO)[C@@H](O)[C@H]3O)c2cc1C,5.6777807052660805,310.09872805599997,5,4,0.9272299999999996,True
CHEMBL5812640,CDK9,2100.0,nM,O=C(Nc1cc(-c2ccc3ncn(CC4CCOCC4)c3c2)c(Cl)cn1)c1c[nH]nn1,5.6777807052660805,437.13670056000007,6,2,3.548700000000002,True
CHEMBL113544,CDK2,2100.0,nM,CN1CCC(c2c(O)cc(O)c3c(=O)cc(Sc4ccccc4Cl)oc23)C(O)C1,5.6777807052660805,433.0750714199999,7,3,3.788800000000001,True
CHEMBL2163992,CDK2,2100.0,nM,CCCc1c(N[C@H]2CC[C@H](N)CC2)nc2ccnn2c1Nc1ccc(F)c(Cl)c1,5.6777807052660805,416.189150732,5,3,4.899700000000003,True
CHEMBL233456,CDK1,2100.0,nM,N#Cc1cnc(Nc2ccc(CCC(=O)N3CCOCC3)cc2)nc1-c1ccccc1,5.6777807052660805,413.18517497600004,6,1,3.5502800000000025,True
CHEMBL4787309,CDK9,2100.0,nM,CC(=O)N[C@@H]1CCC[C@H](C(=O)Nc2cc(-c3cnn4c3COCC4)c(Cl)cn2)C1,5.6777807052660805,417.156767308,5,2,2.762100000000001,True
CHEMBL2112683,CDK1,2100.0,nM,CC(C)n1cnc2c(NCc3ccccc3)nc(N3CCC[C@H]3CO)nc21,5.6777807052660805,366.21680945199995,6,2,2.9804000000000017,True
CHEMBL362814,CDK2,2100.0,nM,CN(C)C(=O)N1CCn2cc(C3=C(c4cnc5ccccn45)C(=O)NC3=O)c3cccc(c32)C1,5.6777807052660805,454.175338564,4,1,2.3533999999999997,True
CHEMBL4754399,CDK4,2100.0,nM,CC(=O)N[C@@H]1CCC[C@H](C(=O)Nc2cc(-c3cnn4c3CCCC4)c(Cl)cn2)C1,5.6777807052660805,415.177502752,4,2,3.568200000000002,True
CHEMBL334881,CDK2,2100.0,nM,CN1CC[C@H](c2c(O)cc(O)c3c(=O)cc(Sc4ccccc4Cl)oc23)[C@H](O)C1,5.6777807052660805,433.0750714199999,7,3,3.788800000000001,True
CHEMBL181606,CDK2,2100.0,nM,CC(C)c1cnn2c(Nc3ccc(S(=O)(=O)N(C)C)cc3)cc(NC3CCCC(N)C3)nc12,5.6777807052660805,471.24164429600006,7,3,3.5284000000000013,True
CHEMBL326275,CDK2,2110.0,nM,CN1CCC(c2c(O)cc(O)c3c(=O)cc(Oc4ccccc4Cl)oc23)C(O)C1,5.675717544702307,417.0979150399999,7,3,3.4299000000000017,True
CHEMBL1800448,CDK2,2110.0,nM,Nc1nccc(-c2cc(N3CCC(O)C3)ccc2O)n1,5.675717544702307,272.127325752,6,3,1.0024,True
CHEMBL133498,CDK2,2110.0,nM,CN1CC[C@H](c2c(O)cc(O)c3c(=O)cc(Oc4ccccc4Cl)oc23)[C@H](O)C1,5.675717544702307,417.0979150399999,7,3,3.4299000000000017,True
CHEMBL3929122,CDK2,2120.0,nM,CC1(C)CN(c2ccc(Nc3ncc4cc5n(c4n3)C3(CCCCC3)CNC5=O)nc2)CCN1,5.673664139071249,460.269907644,7,3,3.1609,True
CHEMBL3655777,CDK9,2140.0,nM,CCC(Nc1nc(NCc2cccnc2)c2ncn(C(C)C)c2n1)C(O)C(F)(F)F,5.669586226650809,423.199443048,7,3,3.5280000000000027,True
CHEMBL4460561,CDK9,2149.0,nM,Cc1nc2ccc(-c3cc(N)nc(N)c3)nc2n1C1CC1,5.667763584508556,280.143644512,5,2,2.3010200000000003,True
CHEMBL607579,CDK2,2150.0,nM,O=C1Nc2cc3ccc(O)cc3c3c4c(cc1c23)OCO4,5.667561540084394,279.053157768,4,2,2.9930000000000003,True
CHEMBL490355,CDK9,2160.0,nM,O=C1/C(=C/c2ccc(O)c(O)c2)Oc2cc(O)ccc21,5.665546248849069,270.05282342000004,5,3,2.419600000000001,True
CHEMBL3961663,CDK2,2170.0,nM,CC(C)(C)CCN1CCN(c2ccc(Nc3ncc4cc5n(c4n3)C3(CCCC3)CNC5=O)nc2)CC1(C)C,5.66354026615147,530.348157964,7,2,4.919400000000004,True
CHEMBL189512,CDK2,2171.0,nM,Nc1nc2ccc(C(=O)c3ccccc3OC(F)(F)F)cn2c1C(=O)c1c(F)cccc1F,5.66334017654558,461.079882344,5,1,4.555300000000002,True
CHEMBL5597636,CDK9,2178.5,nM,O=C(CCCCCCC(=O)Nc1ccc(Nc2ncc(Cl)c(OC3CCCCC3)n2)cc1)NO,5.661842435728227,489.214282184,7,4,5.369600000000003,True
CHEMBL5592379,CDK1,2180.0,nM,CN(C)c1ccc(/C=N/c2c(N)n(C)c(=O)[nH]c2=O)cc1,5.661543506395395,287.13822478400004,5,2,0.4723999999999998,True
CHEMBL1801932,CDK9,2180.0,nM,CC(C)c1cnn2c(NCc3ccccc3)cc(NCCCCCCN)nc12,5.661543506395395,380.26884502400003,5,3,4.395800000000003,True
CHEMBL3589671,CDK9,2200.0,nM,O=C(O)c1nc2ccc(I)cc2c2[nH]c3c(Cl)cccc3c12,5.657577319177793,421.931903176,2,2,4.825500000000002,True
CHEMBL1276127,CDK2,2200.0,nM,O=C1Nc2ccccc2/C1=C1/Nc2ccccc2C1=O,5.657577319177793,262.07422756,3,2,2.658200000000001,True
CHEMBL1241661,CDK2,2200.0,nM,Nc1nc(Nc2ccc(S(N)(=O)=O)cc2)nc(OCc2ccccc2)c1N=O,5.657577319177793,400.09537399199996,9,3,2.4266999999999994,True
CHEMBL255932,CDK4,2200.0,nM,Nc1ccc(CC(=O)Nc2n[nH]c3ccc(N4CCCS4(=O)=O)cc23)cc1,5.657577319177793,385.120860468,5,3,1.8661999999999999,True
CHEMBL402759,CDK4,2200.0,nM,O=C(Cc1ccc(-c2ccccc2)cc1)Nc1n[nH]c2ccc(N3CCCS3(=O)=O)cc12,5.657577319177793,446.141261564,4,2,3.9510000000000023,True
CHEMBL1922219,CDK1,2200.0,nM,CC[C@H](Nc1nc(NCc2cccnc2)c2ncn(C(C)C)c2n1)[C@@H](C)O,5.657577319177793,369.227708484,7,3,2.985600000000002,True
CHEMBL3673553,CDK9,2200.0,nM,NC(=O)C1CC=C(c2cc3c(-c4cncc(NCc5ccccc5)n4)ccnc3[nH]2)CC1,5.657577319177793,424.20115938800006,5,3,4.300800000000002,True
CHEMBL5886064,CDK9,2200.0,nM,O=C(Nc1cc(-c2ccc3c(c2)ncn3Cc2cccc(F)c2)c(Cl)cn1)[C@@H]1CCCNC1,5.657577319177793,463.15751625600006,4,2,4.877200000000004,True
CHEMBL303958,CDK2,2200.0,nM,Nc1nc(N)c(N=O)c(OCC2CCCCC2)n1,5.657577319177793,251.138224784,7,2,1.998,True
CHEMBL45477,CDK4,2210.0,nM,CN1CCC(c2c(O)cc(O)c3c2O/C(=C\c2ccc([N+](=O)[O-])cc2)C3=O)CC1,5.655607726314889,396.13213635999995,7,2,3.431400000000002,True
CHEMBL562606,CDK1,2210.0,nM,Cc1ccccc1-c1ccc2c(ccc3sc4c(c32)NC[C@@H](C)NC4=O)n1,5.655607726314889,373.12488322800004,4,2,4.968720000000003,True
CHEMBL178484,CDK1,2220.0,nM,OCCCNc1cnccc1-c1cncc(Nc2cccc(Cl)c2)n1,5.653647025549361,355.11998787600004,6,3,3.7299000000000015,True
CHEMBL3354190,CDK2,2220.0,nM,COC1CCN(c2nccc(Nc3cc4c(cn3)ncn4C(C)C)n2)CC1,5.653647025549361,367.21205842000006,7,1,3.1610000000000014,True
CHEMBL1800218,CDK1,2240.0,nM,Nc1nccc(-c2cc(N3CCOCC3)ccc2O)n1,5.649751981665837,272.127325752,6,2,1.268,True
CHEMBL1270795,CDK2,2273.0,nM,CSc1cn2c(-c3cn[nH]c3)cnc2c(Nc2cc(C)ns2)n1,5.643400564275029,343.06738541600004,7,2,3.3498200000000002,True
CHEMBL3920345,CDK2,2280.0,nM,O=C1NCC2(CCCC2)n2c1cc1cnc(Nc3ccc(N4CCOCC4)nn3)nc12,5.642065152999546,420.2022220080001,8,2,1.8141999999999996,True
CHEMBL3981462,CDK2,2280.0,nM,C[C@H]1CN(c2ccc(Nc3ncc4cc5n(c4n3)C3(CCCCC3)CNC5=O)nc2)CCN1CCC(C)(C)C,5.642065152999546,530.348157964,7,2,4.919400000000004,True
CHEMBL52551,CDK1,2300.0,nM,SC1=Nc2ccccc2-c2[nH]c3ccc(Br)cc3c2C1,5.638272163982407,341.982631452,1,2,5.113300000000002,True
CHEMBL405042,CDK1,2300.0,nM,C/C(Nc1ccc(S(N)(=O)=O)cc1)=C1/C(=O)Nc2ccccc21,5.638272163982407,329.08341234000005,4,3,2.1292,True
CHEMBL521922,CDK2,2300.0,nM,O=C1NC(=O)c2ccc(I)cc2/C1=C/NCc1cc(O)c(-c2ccoc2)cn1,5.638272163982407,487.00290392799997,6,3,3.0525,True
CHEMBL5801206,CDK9,2300.0,nM,O=C(Nc1cc(-c2ccc3ncn(CC4CCOCC4)c3c2)c(Cl)cn1)c1cnccn1,5.638272163982407,448.14145159200007,6,1,4.220600000000004,True
CHEMBL340813,CDK2,2300.0,nM,Oc1ccc(Nc2nc(OCC3CCCCC3)c3nc[nH]c3n2)cc1,5.638272163982407,339.16952491200004,6,3,3.7612000000000014,True
CHEMBL6067763,CDK9,2300.0,nM,Fc1cccc(Cn2cnc3ccc(-c4cc(N[C@H]5CN6CCC5CC6)ncc4Cl)cc32)c1,5.638272163982407,461.17825170000003,4,1,5.445200000000004,True
CHEMBL133055,CDK1,2300.0,nM,COc1cccc(CNc2nc(I)nc3c2ncn3C(C)C)c1,5.638272163982407,423.0556081960001,5,1,3.632500000000002,True
CHEMBL5559020,CDK2,2328.5,nM,CC(=O)Nc1ccc(CNc2nc(NC3CCN(C)CC3)nc3c(C(C)C)cnn23)cc1,5.63292375773125,436.26990764400006,7,3,3.324300000000002,True
CHEMBL5283085,CDK2,2396.0,nM,O=C(Nc1n[nH]c2ccc(-c3cncc(NC[C@H](CO)Cc4ccccc4)c3)cc12)c1ccccc1,5.620513186282726,477.216475104,5,4,5.140300000000003,True
CHEMBL409619,CDK2,2400.0,nM,NS(=O)(=O)c1ccc(N/N=C2\C(=O)Nc3cccc([N+](=O)[O-])c32)cc1,5.619788758288394,361.048089452,7,3,1.0105000000000002,True
CHEMBL355578,CDK1,2400.0,nM,OCCCNc1cncc(-c2cc(Nc3cccc(Cl)c3)ncn2)c1,5.619788758288394,355.11998787600004,6,3,3.7299000000000015,True
CHEMBL315837,CDK1,2400.0,nM,CC(C)n1cnc2c(NC3CCCC3)nc(NCCCO)nc21,5.619788758288394,318.216809452,6,3,2.5560000000000005,True
CHEMBL84140,CDK2,2400.0,nM,CC(C)n1cnc2c(N)nc(NCCCO)nc21,5.619788758288394,250.15420919599998,6,3,0.7836999999999998,True
CHEMBL3898028,CDK2,2400.0,nM,CN1CC[C@H](c2c(O)cc(O)c3c(=O)cc(-c4ccccc4)oc23)[C@H](O)C1,5.619788758288394,367.141972772,6,3,2.6512000000000002,True
CHEMBL4218705,CDK1,2429.5,nM,CCN1CCN(Cc2ccc(Nc3cc(-c4cc(F)c5nc(C)n(C(C)C)c5c4)ncn3)nn2)CC1,5.614483096600975,489.2764702440001,8,1,4.192820000000003,True
CHEMBL340935,CDK2,2439.0,nM,O=C1NC(=O)C2=C1c1cn(c3ccccc13)CCOCCOCCOCCn1cc2c2cccnc21,5.612788199686269,486.190319932,6,1,2.621600000000001,True
CHEMBL490355,CDK6,2440.0,nM,O=C1/C(=C/c2ccc(O)c(O)c2)Oc2cc(O)ccc21,5.61261017366127,270.05282342000004,5,3,2.419600000000001,True
CHEMBL4755256,CDK2,2460.0,nM,COc1cc(F)ccc1-c1cc(NC(=O)[C@H]2CCC[C@@H](NC(C)=O)C2)ncc1Cl,5.609064892896621,419.1411974960001,4,2,4.183100000000003,True
CHEMBL246544,CDK2,2483.0,nM,CCNC(=O)N1CCC(Nc2ncc(Cl)c(-c3c[nH]c4ccccc34)n2)C1,5.605023280445436,384.14653697200004,4,3,3.4940000000000007,True
CHEMBL132687,CDK1,2500.0,nM,CC(C)n1cnc2c(NCc3ccccc3)nc(CCCO)nc21,5.6020599913279625,325.190260356,5,2,2.9442000000000017,True
CHEMBL83980,CDK1,2500.0,nM,CC(C)n1cnc2c(NCc3ccccc3)nc(NCCCO)nc21,5.6020599913279625,340.20115938799995,6,3,2.8136000000000005,True
CHEMBL72510,CDK4,2500.0,nM,Cc1nc2ccccn2c1-c1ccnc(Nc2ccc(S(N)(=O)=O)cc2)n1,5.6020599913279625,380.105544752,6,2,2.4907199999999996,True
CHEMBL5743377,CDK9,2500.0,nM,CN(C)CCCn1nnc2ccc(-c3cc(NC(=O)[C@@H]4CCCNC4)ncc3Cl)cc21,5.6020599913279625,441.20438619600003,6,2,3.0365,True
CHEMBL1234089,CDK1,2500.0,nM,N=C(N)NS(=O)(=O)c1ccc(N/C=C2\C(=O)Nc3ccccc32)cc1,5.6020599913279625,357.08956034,5,5,1.2634699999999994,True
CHEMBL512342,CDK1,2500.0,nM,O=C1NC(=O)c2c1c(-c1ccccc1Cl)cc1c2c2cc(O)ccc2n1CCc1nnn[nH]1,5.6020599913279625,458.0894160200001,6,3,3.459900000000002,True
CHEMBL210540,CDK9,2500.0,nM,Cc1cc(-c2cnc(Nc3cnc(CN4CCN(C)CC4)cn3)s2)nc(OC2CCCCC2)n1,5.6020599913279625,480.24197864399997,10,1,3.9010200000000026,True
CHEMBL316512,CDK1,2500.0,nM,O=C1Cc2c([nH]c3cc(Cl)cc(Cl)c23)-c2ccccc2N1,5.6020599913279625,316.0170183,1,2,4.636300000000002,True
CHEMBL192471,CDK2,2500.0,nM,C[C@@H](C(=O)Nc1cc(C2CC2)[nH]n1)c1ccc(N2CCCC2=O)cc1,5.6020599913279625,338.174275944,3,2,3.1561000000000012,True
CHEMBL50498,CDK1,2500.0,nM,Nc1nccc(-c2c[nH]c3cccc(O)c23)n1,5.6020599913279625,226.08546094,4,3,1.9126999999999996,True
CHEMBL5768084,CDK9,2500.0,nM,Fc1cccc(Cn2cnc3ccc(-c4cc(NCc5ccccc5)ncc4Cl)cc32)c1,5.6020599913279625,442.13605254000004,3,1,6.551200000000004,True
CHEMBL1086427,CDK1,2500.0,nM,CCCC(=O)Nc1n[nH]c2c(F)c(Cl)c(-c3ccccc3)cc12,5.6020599913279625,331.088768,2,2,4.761000000000003,True
CHEMBL130597,CDK1,2500.0,nM,CC(C)n1cnc2c(NCc3ccccc3)nc(N(CCO)Cc3ccccc3)nc21,5.6020599913279625,416.23245951599995,6,2,4.018200000000003,True
CHEMBL1240761,CDK1,2500.0,nM,OCCSC(=S)Nc1ccc(Cl)c(Cl)c1,5.6020599913279625,280.950261268,3,2,3.415700000000001,True
CHEMBL4106617,CDK2,2500.0,nM,CC(C)C[C@@H]1CNC(=O)c2cc3cnc(Nc4ccc(N5CCNCC5)cn4)nc3n21,5.6020599913279625,420.2386075160001,7,3,2.3101000000000003,True
CHEMBL4754399,CDK6,2500.0,nM,CC(=O)N[C@@H]1CCC[C@H](C(=O)Nc2cc(-c3cnn4c3CCCC4)c(Cl)cn2)C1,5.6020599913279625,415.177502752,4,2,3.568200000000002,True
CHEMBL2035050,CDK2,2500.0,nM,Cc1cnc2nc1-c1ccc3ccn(c3c1)C/C=C/COCc1cc(ccc1OCCN1CCCC1)N2,5.6020599913279625,495.26342529600004,6,1,5.711320000000005,True
CHEMBL192179,CDK2,2500.0,nM,C[C@@H](C(=O)Nc1cc(C2CC2)[nH]n1)c1ccc(N2CCOC2=O)cc1,5.6020599913279625,340.15354049999996,4,2,2.9859000000000018,True
CHEMBL336537,CDK1,2500.0,nM,CCCCC(CO)Nc1nc(NCc2ccccc2)c2ncn(C(C)C)c2n1,5.6020599913279625,382.24810958000006,6,3,3.982300000000003,True
CHEMBL1095040,CDK2,2500.0,nM,CCCC(=O)Nc1n[nH]c2cc(Cl)c(-c3ccccc3)cc12,5.6020599913279625,313.098189812,2,2,4.621900000000003,True
CHEMBL3691625,CDK1,2511.0,nM,CN(C)C(=O)c1cc2cnc(Nc3ccc(N4C[C@H]5CNC[C@H]5CC4=O)cn3)nc2n1C1CCCCCC1,5.600153287287077,516.296122392,7,2,3.739300000000002,True
CHEMBL1240762,CDK1,2530.0,nM,O=C(NCCCO)c1cc(Cl)ccc1O,5.596879478824182,229.050570924,3,3,1.1578,True
CHEMBL363037,CDK2,2538.0,nM,Nc1nc2ccc(C(=O)c3c(F)cccc3F)cn2c1C(=O)c1ccncc1,5.595508382241314,378.092832064,5,1,3.051700000000001,True
CHEMBL5512494,CDK9,2545.0,nM,CC(=O)Nc1cccc(CNc2nc(OC3CCN(C)CC3)nc3c(C(C)C)cnn23)c1,5.594312213327223,437.2539232320001,7,2,3.2912000000000017,True
CHEMBL3934575,CDK2,2580.0,nM,CC1CN(c2ccc(Nc3ncc4cc5n(c4n3)C3(CCCCC3)CNC5=O)nc2)CCN1CCC(C)(C)C,5.58838029403677,530.348157964,7,2,4.919400000000004,True
CHEMBL364631,CDK4,2589.0,nM,Nc1nc2ccc(C(=O)c3c(Cl)cccc3Cl)cn2c1C(=O)c1c(F)cc(C(=O)O)cc1F,5.5868679495651286,489.00946763199994,5,2,4.6617000000000015,True
CHEMBL232736,CDK2,2600.0,nM,Cc1cc(N2CCCCC2)c2oc(-c3ccc(O)c(O)c3)c(O)c(=O)c2c1,5.585026652029182,367.141972772,6,3,3.8755200000000034,True
CHEMBL514678,CDK2,2600.0,nM,CC(C)(C)c1ccc2c(c1)/C(=C/NCc1cc(O)c(-c3ccccc3)cn1)C(=O)NC2=O,5.585026652029182,427.18959166,5,3,4.152400000000004,True
CHEMBL560737,CDK1,2600.0,nM,CCCNC[C@@H]1CNc2c(sc3ccc(OC)cc23)C(=O)N1,5.585026652029182,319.135447912,5,3,2.4334,True
CHEMBL3658034,CDK1,2600.0,nM,CN(C)C1CCN(c2ccc(Nc3ncc4cc(C#N)n(C5CCCC5)c4n3)nc2)CC1,5.585026652029182,430.25934296,7,1,4.087080000000003,True
CHEMBL3663772,CDK9,2600.0,nM,COc1ccncc1-c1ccnc2[nH]c(C3CCN(C)CC3)cc12,5.585026652029182,322.179361324,4,1,3.442700000000002,True
CHEMBL190178,CDK2,2600.0,nM,O=C(Nc1cc(C2CC2)[nH]n1)C(=O)c1ccccc1,5.585026652029182,255.100776656,3,2,2.1085000000000003,True
CHEMBL270897,CDK9,2600.0,nM,Nc1nccc(-c2c[nH]c3nccc(O)c23)n1,5.585026652029182,227.080709908,5,3,1.3076999999999996,True
CHEMBL477861,CDK2,2600.0,nM,CCCOc1ccc(CN/C=C2\C(=O)NC(=O)c3ccc(I)cc32)cc1O,5.585026652029182,478.038955088,5,3,3.1863000000000015,True
CHEMBL3673516,CDK9,2600.0,nM,Fc1ccc(Cl)nc1-c1ccnc2[nH]c(C3CCNCC3)cc12,5.585026652029182,330.104752412,3,2,3.884400000000002,True
CHEMBL5793278,CDK9,2600.0,nM,Fc1cccc(Cn2cnc3ccc(-c4cc(N5CCOCC6(CNCCO6)C5)ncc4Cl)cc32)c1,5.585026652029182,507.18373100400004,6,1,4.134300000000002,True
CHEMBL490451,CDK2,2600.0,nM,O=C1NC(=O)c2ccc(I)cc2/C1=C/NCc1ccn(-c2ccoc2)c(=O)c1,5.585026652029182,487.00290392799997,5,2,2.4358000000000004,True
CHEMBL3897592,CDK2,2630.0,nM,C[C@@H](O)CN1CCN(c2ccc(Nc3ncc4cc5n(c4n3)C3(CCCC3)CNC5=O)nc2)C[C@@H]1C,5.580044251510242,490.28047232800003,8,3,2.4738999999999995,True
CHEMBL3691621,CDK1,2659.0,nM,CN(C)C(=O)c1cc2cnc(Nc3ccc(N4C[C@@H]5CNC[C@@H]5C4=O)cn3)nc2n1C1CCCCCC1,5.5752816626684325,502.28047232800003,7,2,3.3492000000000006,True
CHEMBL5089164,CDK6,2667.5,nM,Cn1ccc2cc(Nc3ncc(C(F)(F)F)c(N[C@H]4CC[C@@H](N)CC4)n3)ccc2c1=O,5.573895571903492,432.18854401600004,6,3,3.7727000000000013,True
CHEMBL393861,CDK2,2672.0,nM,CNCC(=O)N1CCC(Nc2ncc(Cl)c(-c3c[nH]c4ccccc34)n2)CC1,5.573163546196492,398.16218703600003,5,3,2.9006000000000007,True
CHEMBL5188909,CDK2,2680.0,nM,CC(C)n1cnc2c(NCc3nc4ccc(F)c(F)c4[nH]3)nc(N3CCCC[C@H]3CCO)nc21,5.571865205971211,470.23541395600006,7,3,3.915100000000003,True
CHEMBL242237,CDK2,2700.0,nM,NC(=O)c1ccccc1Nc1ccnc(Nc2cccc(O)c2)n1,5.568636235841012,321.12257472000005,6,4,2.7683,True
CHEMBL449818,CDK2,2700.0,nM,O=C1NC(=O)c2ccc(Br)cc2/C1=C/NCc1cc[nH]c(=O)c1,5.568636235841012,373.006203344,4,3,1.5380999999999998,True
CHEMBL3621515,CDK2,2700.0,nM,CC(=O)Nc1cccc(-c2ccc(C(N)=O)c3[nH]c4cc(C(=O)N5CCN(C)CC5)ccc4c23)c1C,5.568636235841012,483.227039788,4,3,3.7414200000000024,True
CHEMBL2112682,CDK1,2700.0,nM,CC(C)n1cnc2c(NCc3ccccc3)nc(N[C@@H](CO)Cc3ccccc3)nc21,5.568636235841012,416.23245951599995,6,3,4.034800000000002,True
CHEMBL551534,CDK1,2700.0,nM,COc1ccc2sc3c(c2c1)NC[C@@H](CNCc1ccccc1)NC3=O,5.568636235841012,367.135447912,5,3,3.223600000000001,True
CHEMBL103355,CDK4,2700.0,nM,Cc1ccc(F)c(Nc2ccnc(Nc3ccc(S(N)(=O)=O)cc3)n2)c1,5.568636235841012,373.100873972,6,3,3.05872,True
CHEMBL234697,CDK1,2700.0,nM,CC(C)(O)c1ccc(-c2nc(Nc3ccc(CCO)cc3)ncc2C#N)cc1,5.568636235841012,374.17427594400004,6,3,3.5210800000000013,True
CHEMBL2348182,CDK2,2700.0,nM,CNc1nccc(-n2ccc3ccc(C#N)cc32)n1,5.568636235841012,249.10144535199998,4,1,2.3338799999999997,True
CHEMBL1809193,CDK2,2700.0,nM,COc1cc(N2CCN(C(C)=O)CC2)ccc1Nc1ncc(F)c(-c2cnc3ccccn23)n1,5.568636235841012,461.19755122800007,7,1,3.3511000000000015,True
CHEMBL1241567,CDK4,2700.0,nM,CCCCOc1c(C(=O)c2c(F)cc(C)cc2F)ccc2[nH]ncc12,5.568636235841012,344.13363425600005,3,1,4.559420000000003,True
CHEMBL6067764,CDK9,2700.0,nM,Fc1cccc(Cn2cnc3ccc(-c4cc(N[C@@H]5CN6CCC5CC6)ncc4Cl)cc32)c1,5.568636235841012,461.17825170000003,4,1,5.445200000000004,True
CHEMBL6193353,CDK2,2700.0,nM,C(=C/N1CCCCCC1)\c1nc(Nc2ccccc2)nc2[nH]cnc12,5.568636235841012,334.19059470400003,5,2,3.943200000000002,True
CHEMBL5806185,CDK9,2700.0,nM,Cn1c(-c2cccc(F)c2)nc2ccc(-c3cc(NC(=O)[C@@H]4CCCNC4)ncc3Cl)cc21,5.568636235841012,463.15751625600006,4,2,5.032900000000003,True
CHEMBL562137,CDK1,2730.0,nM,COc1ccccc1-c1ccc2c(ccc3sc4c(c32)NC[C@@H](C)NC4=O)n1,5.563837352959244,389.1197978480001,5,2,4.668900000000003,True
CHEMBL233209,CDK1,2770.0,nM,CC(C)(N)c1ccc(-c2nc(Nc3ccc(CCN4CCOCC4)cc3)ncc2Cl)cc1,5.557520230935552,451.21388826,6,2,4.609100000000004,True
CHEMBL2011936,CDK2,2790.0,nM,COc1ccc(-c2nc3c(NCCCNC(=O)C4CCCC4)c(Br)cnc3[nH]2)cc1,5.554395796726403,471.12698717200004,5,3,4.504400000000003,True
CHEMBL3943802,CDK9,2800.0,nM,CN1Cc2c(C3CCN(CC(=O)OC(C)(C)C)CC3)[nH]c3nccc(c23)-c2cc(F)ccc21,5.552841968657781,450.243104452,5,1,4.839900000000004,True
CHEMBL1242832,CDK1,2800.0,nM,NC(=O)c1ccc2c(c1)/C(=N/Nc1ccc(S(=O)(=O)NCCOCCO)cc1)C(=O)N2,5.552841968657781,447.12125439199997,8,5,-0.1590000000000002,True
CHEMBL272414,CDK1,2800.0,nM,CN(C)c1ccc2c(c1)/C(=C/Nc1ccc(S(N)(=O)=O)cc1)C(=O)N2,5.552841968657781,358.10996143599994,5,3,1.8050999999999997,True
CHEMBL335852,CDK1,2800.0,nM,CC(C)n1cnc2c(NCc3ccccc3)nc(CCCCCO)nc21,5.552841968657781,353.221560484,5,2,3.7244000000000033,True
CHEMBL119977,CDK1,2800.0,nM,Clc1cccc(Nc2[nH]cnc3nnc(-c4ccccc4)c2-3)c1,5.552841968657781,321.078123064,4,2,4.368500000000001,True
CHEMBL3110144,CDK2,2800.0,nM,Cc1nn(-c2ccc(Cl)cc2Cl)c2c1c1c(c3cccn32)C(=O)NC1=O,5.552841968657781,384.01808092,3,1,3.777020000000002,True
CHEMBL362558,CDK2,2800.0,nM,O=C1NC(=O)C(c2cnc3ccccn23)=C1c1cn2c3c(cc(F)cc13)CN(C(=O)N1CCCCC1)CC2,5.552841968657781,512.19721688,4,1,3.416800000000002,True
CHEMBL5423683,CDK2,2800.0,nM,O=C(O)c1cc([N+](=O)[O-])c(Br)cc1NCCc1c[nH]c2ccccc12,5.552841968657781,403.016768028,4,3,4.191400000000002,True
CHEMBL6045514,CDK9,2800.0,nM,CCN1CCC2(C1)C(C(=O)Nc1cc(-c3ccc4ncn(Cc5cccc(F)c5)c4c3)c(Cl)cn1)CCS2(=O)=O,5.552841968657781,581.1663666880002,6,1,4.7767000000000035,True
CHEMBL3654250,CDK2,2800.0,nM,c1ncc(-c2cc3cnc(Nc4ccc(CN5CCNCC5)cn4)nc3n2C2CCCC2)o1,5.552841968657781,444.238607516,8,2,3.7452000000000023,True
CHEMBL490355,CDK4,2820.0,nM,O=C1/C(=C/c2ccc(O)c(O)c2)Oc2cc(O)ccc21,5.549750891680639,270.05282342000004,5,3,2.419600000000001,True
CHEMBL4635959,CDK4,2830.0,nM,Cc1cc(NC2CCN(C(=O)O[C@H]3CCN(C(=O)/C=C/CN(C)C)C3)CC2)n2ncc(C(C)C)c2n1,5.548213564475709,497.3114381080001,7,1,2.8927200000000015,True
CHEMBL3940741,CDK2,2840.0,nM,O=C1NCC2(CCCC2)n2c1cc1cnc(Nc3ccc(N4CCC(N5CCCCC5)CC4)cn3)nc12,5.546681659952963,500.3012077720001,7,2,4.037300000000004,True
CHEMBL1241661,CDK1,2900.0,nM,Nc1nc(Nc2ccc(S(N)(=O)=O)cc2)nc(OCc2ccccc2)c1N=O,5.537602002101044,400.09537399199996,9,3,2.4266999999999994,True
CHEMBL2035183,CDK2,2900.0,nM,C1=C/COCc2cc(ccc2OCCN2CCCC2)Nc2nccc(n2)-c2ccc(s2)COC/1,5.537602002101044,478.20386182000004,8,1,4.769400000000004,True
CHEMBL303958,CDK1,2900.0,nM,Nc1nc(N)c(N=O)c(OCC2CCCCC2)n1,5.537602002101044,251.138224784,7,2,1.998,True
CHEMBL598724,CDK2,2900.0,nM,COc1c(O)ccc2c1cc1c3c(cc4c(c32)OCO4)C(=O)N1,5.537602002101044,309.06372245200004,5,2,3.0016000000000007,True
CHEMBL1234085,CDK1,2900.0,nM,CNS(=O)(=O)c1ccc(N/C=C2\C(=O)Nc3ccccc32)cc1,5.537602002101044,329.08341234000005,4,3,1.9997999999999996,True
CHEMBL104467,CDK2,2900.0,nM,Nc1cc(OCC2CCCCC2)nc(Nc2ccc(S(N)(=O)=O)cc2)n1,5.537602002101044,377.152160596,7,3,2.4089,True
CHEMBL3658023,CDK2,2900.0,nM,CN(C)C(=O)c1cc2cnc(Nc3ccc(N4CCC(CCO)CC4)cn3)nc2n1C1CCCC1,5.537602002101044,477.2852233600001,7,2,3.9856000000000034,True
CHEMBL391493,CDK2,2900.0,nM,N=C1NC(=O)/C(=C/c2ccc(-c3ccc(S(=O)(=O)N4CCNCC4)cc3)o2)S1,5.537602002101044,418.07694705600005,7,3,1.6791699999999998,True
CHEMBL489246,CDK2,2900.0,nM,COc1ccc2c(c1)/C(=C/NCc1ccc(OC)c(O)c1)C(=O)NC2=O,5.537602002101044,354.121571676,6,3,1.8100999999999996,True
CHEMBL99842,CDK2,2900.0,nM,CC(=O)Nc1nccc(-c2c(C)nc3ccccn23)n1,5.537602002101044,267.112010036,4,1,2.0581199999999997,True
CHEMBL1243039,CDK1,2900.0,nM,C[C@H](N[C@@H](C)COc1ccccc1)[C@@H](O)c1ccc(O)cc1,5.537602002101044,301.167793596,4,3,2.871200000000001,True
CHEMBL5270694,CDK2,2920.0,nM,COc1ccccc1/C=C/C(=C(C#N)C#N)c1ccc(NS(=O)(=O)c2ccc(C)cc2)cc1,5.534617148551582,455.13036253199994,5,1,5.318580000000004,True
CHEMBL3972093,CDK2,2930.0,nM,CC1CN(c2ccc(Nc3ncc4cc5n(c4n3)C3(CCCC3)CNC5=O)nc2)CCN1CC1CC1,5.53313237964589,486.285557708,7,2,3.5031000000000025,True
CHEMBL3896841,CDK2,2950.0,nM,CC(C)(O)CN1CCN(c2ccc(Nc3ncc4cc5n(c4n3)C3(CCCC3)CNC5=O)nc2)CC1,5.530177984021837,490.28047232800003,8,3,2.4755000000000003,True
CHEMBL46181,CDK2,2980.0,nM,CN1CCC(c2c(O)cc(O)c3c2O/C(=C\c2ccc(N4CCN(C)CC4)cc2)C3=O)CC1,5.525783735923745,449.23145647200005,7,2,3.2750000000000012,True
CHEMBL1800448,CDK1,2990.0,nM,Nc1nccc(-c2cc(N3CCC(O)C3)ccc2O)n1,5.52432881167557,272.127325752,6,3,1.0024,True
CHEMBL421583,CDK2,3000.0,nM,Cc1ccc(N(CC#N)c2cc(Nc3ccc(OCC(O)CN(C)C)cc3)ncn2)c(Br)c1,5.522878745280337,510.13788620400004,8,2,4.254100000000003,True
CHEMBL269850,CDK1,3000.0,nM,NS(=O)(=O)c1ccc(N/C=C2\C(=O)Nc3ccccc32)cc1,5.522878745280337,315.06776227600005,4,3,1.7391,True
CHEMBL255263,CDK4,3000.0,nM,O=C(Cc1ccc(F)cc1)Nc1n[nH]c2ccc(N3CCCS3(=O)=O)cc12,5.522878745280337,388.100539624,4,2,2.4231000000000007,True
CHEMBL99803,CDK1,3000.0,nM,O=C1Cc2c(n(CCO)c3ccc(Br)cc23)-c2ccccc2N1,5.522878745280337,370.03168982000005,2,2,3.5577000000000014,True
CHEMBL232735,CDK2,3000.0,nM,Cc1cc(N2CCCC2)c2oc(-c3ccc(O)c(O)c3)c(O)c(=O)c2c1,5.522878745280337,353.126322708,6,3,3.485420000000002,True
CHEMBL254367,CDK4,3000.0,nM,O=C(Cc1cccc2ccccc12)Nc1n[nH]c2ccc(N3CCCS3(=O)=O)cc12,5.522878745280337,420.1256115,4,2,3.4372000000000016,True
CHEMBL508964,CDK2,3000.0,nM,O=C(Nc1ccccc1)c1n[nH]c2ccccc12,5.522878745280337,237.090211972,2,2,2.815200000000001,True
CHEMBL142789,CDK4,3000.0,nM,Cc1nc2c(s1)C(=O)C=C(Nc1ccc(I)cc1)C2=O,5.522878745280337,395.942946528,5,1,3.4311200000000017,True
CHEMBL98501,CDK1,3000.0,nM,Cc1cccc2c3c([nH]c12)-c1ccccc1NC(=O)C3,5.522878745280337,262.110613068,1,2,3.637920000000001,True
CHEMBL134233,CDK1,3000.0,nM,CCC(O)CCc1nc(NCc2ccccc2)c2ncn(C(C)C)c2n1,5.522878745280337,353.22156048400007,5,2,3.722800000000003,True
CHEMBL121954,CDK1,3000.0,nM,Oc1cccc(Nc2[nH]nc3ncnc(Nc4cccc(Cl)c4)c23)c1,5.522878745280337,352.083936716,6,4,4.199100000000001,True
CHEMBL134003,CDK1,3000.0,nM,CC(C)n1cnc2c(NCc3ccccc3)nc(CCCCO)nc21,5.522878745280337,339.20591042,5,2,3.334300000000002,True
CHEMBL101156,CDK2,3000.0,nM,CN(C)CC(O)COc1ccc(Nc2nccc(N(CCC#N)c3cc(Cl)ccc3Cl)n2)cc1,5.522878745280337,500.14942943200003,8,2,4.880080000000004,True
CHEMBL1288651,CDK2,3000.0,nM,COc1ccc(NC(=O)c2n[nH]c3ccccc23)cc1,5.522878745280337,267.100776656,3,2,2.823800000000001,True
CHEMBL329063,CDK1,3000.0,nM,O=C1Cc2c([nH]c3ccc(Br)cc23)-c2cc(O)c(O)cc2N1,5.522878745280337,357.99530431200003,3,4,3.5032000000000014,True
CHEMBL4450322,CDK9,3020.0,nM,C=CC(=O)Nc1ccc(C(=O)Nc2[nH]nc3c2CN(C(=O)N[C@H](CN(C)C)c2ccccc2)C3(C)C)cc1,5.51999305704285,515.264487916,5,4,3.849700000000002,True
CHEMBL5089294,CDK9,3027.0,nM,COCCCn1c(C)nc2ccc(-c3cc(N)nc(N)c3)nc21,5.518987579043428,312.16985926,6,2,2.0026200000000003,True
CHEMBL3950849,CDK2,3030.0,nM,CN(C)C1CCN(c2ccc(Nc3ncc4cc5n(c4n3)C3(CCCC3)CNC5=O)nn2)CC1,5.518557371497695,461.26515661200006,8,2,2.508000000000001,True
CHEMBL5401495,CDK4,3031.0,nM,Oc1cccc(/C=N/n2c(S)nnc2-c2c[nH]c3ccccc23)c1O,5.5184140636323775,351.078995656,6,4,3.0085,True
CHEMBL3917699,CDK2,3040.0,nM,C[C@H]1CN(c2ccc(Nc3ncc4cc5n(c4n3)C3(CCCCC3)CNC5=O)nc2)CCN1CC1CC1,5.517126416391246,500.301207772,7,2,3.893200000000003,True
CHEMBL3668457,CDK1,3040.0,nM,COc1ccc(F)cc1-c1ccnc2[nH]c(C3=CCN(CC(O)CO)CC3)cc12,5.517126416391246,397.18016984799993,5,3,2.8199000000000014,True
CHEMBL3899618,CDK2,3060.0,nM,CCN(CC)C1CCN(c2ccc(Nc3ncc4cc5n(c4n3)C3(CCCCC3)CNC5=O)nc2)C1,5.514278573518419,488.30120777200005,7,2,3.893200000000002,True
CHEMBL559881,CDK1,3090.0,nM,COC(=O)COc1ccc2sc3c(c2c1)NC[C@@H](C)NC3=O,5.510041520575165,320.08307799199997,6,2,1.9968999999999997,True
CHEMBL5896452,CDK9,3100.0,nM,CC[C@@H]1CN[C@@H]1C(=O)Nc1cc(-c2ccc3ncn(CC4CCOCC4)c3c2)c(Cl)cn1,5.508638306165727,453.193152816,5,2,4.114800000000003,True
CHEMBL5173041,CDK2,3100.0,nM,COc1cc(C(=O)N2CCCC2)ccc1-c1ccnc2[nH]c(-c3ccc(CN4CCOCC4)cc3)nc12,5.508638306165727,497.24268985200007,6,1,4.368700000000003,True
CHEMBL489039,CDK2,3100.0,nM,COc1ccc(CN/C=C2\C(=O)NC(=O)c3cccc(Br)c32)cc1O,5.508638306165727,402.02151906,5,3,2.5640000000000005,True
CHEMBL489445,CDK2,3100.0,nM,COc1ccc(CN/C=C2\C(=O)NC(=O)c3ccc(-n4cccc4)cc32)cc1O,5.508638306165727,389.137556088,5,3,2.5922000000000014,True
CHEMBL270897,CDK2,3100.0,nM,Nc1nccc(-c2c[nH]c3nccc(O)c23)n1,5.508638306165727,227.080709908,5,3,1.3076999999999996,True
CHEMBL3589674,CDK9,3100.0,nM,COc1cccc(-c2ccc3nc(C(=O)O)c4c5cccc(Cl)c5[nH]c4c3c2)c1,5.508638306165727,402.07712002000005,3,2,5.896500000000002,True
CHEMBL23293,CDK2,3100.0,nM,CC(C)=CCC/C(C)=C/CC/C(C)=C/CSc1ccccc1C(=O)O,5.508638306165727,358.19665119999996,2,1,6.896100000000007,True
CHEMBL123189,CDK1,3100.0,nM,COc1cccc(CNc2[nH]nc3ncnc(Nc4cccc(Cl)c4)c23)c1,5.508638306165727,380.115236844,6,3,4.370600000000002,True
CHEMBL5191333,CDK1,3100.0,nM,COc1cc(F)ccc1-c1ccnc2[nH]c(C3CCC(NC(C)=O)C3)nc12,5.508638306165727,368.164854132,4,2,3.5448000000000013,True
CHEMBL550060,CDK1,3100.0,nM,CCNC[C@@H]1CNc2c(sc3ccc(OC)cc23)C(=O)N1,5.508638306165727,305.119797848,5,3,2.0433,True
CHEMBL73243,CDK4,3100.0,nM,COCCCNS(=O)(=O)c1ccc(Nc2nccc(-c3cnc4ccccn34)n2)cc1,5.508638306165727,438.1474095640001,7,2,2.8497000000000012,True
CHEMBL1086427,CDK2,3160.0,nM,CCCC(=O)Nc1n[nH]c2c(F)c(Cl)c(-c3ccccc3)cc12,5.500312917381596,331.088768,2,2,4.761000000000003,True
CHEMBL562002,CDK1,3170.0,nM,COc1ccc2sc3c(c2c1)NC[C@@H](CN(C)Cc1ccccc1)NC3=O,5.498940737782249,381.151097976,5,2,3.565800000000002,True
CHEMBL4781334,CDK2,3170.0,nM,C=CC(=O)Nc1ccc(C(=O)N2CCCC(Nc3ncc(CNCc4ncc(C(C)(C)C)o4)s3)C2)cc1,5.498940737782249,522.2413099480001,8,3,4.559600000000004,True
CHEMBL4632815,CDK2,3170.0,nM,C=CC(=O)Nc1ccc(C(=O)N2CCC[C@@H](Nc3ncc(CNCc4ncc(C(C)(C)C)o4)s3)C2)cc1,5.498940737782249,522.2413099480001,8,3,4.559600000000004,True
CHEMBL5921682,CDK9,3200.0,nM,O=C(Nc1cc(-c2ccc3nc(C(F)(F)F)[nH]c3c2)c(Cl)cn1)[C@@H]1CCCNC1,5.494850021680094,423.10737250400007,4,3,4.2352000000000025,True
CHEMBL524901,CDK4,3200.0,nM,c1cnn2ncc(-c3ccnc(NCCCN4CCOCC4)n3)c2c1,5.494850021680094,339.180758292,7,1,1.3204999999999993,True
CHEMBL2035051,CDK2,3200.0,nM,C1=C/COCc2cc(ccc2OCCN2CCCC2)Nc2nccc(n2)-c2cncc(c2)COC/1,5.494850021680094,473.24268985200007,8,1,4.3598000000000035,True
CHEMBL2158011,CDK1,3200.0,nM,CCN(CC)S(=O)(=O)c1cccc(Nc2nccc(-c3ccnc(-c4ccc(NC(=O)NC)cc4)c3)n2)c1,5.494850021680094,531.205258788,7,3,4.7310000000000025,True
CHEMBL521949,CDK2,3200.0,nM,O=C(Nc1ccccc1Cl)c1ccc(Nc2nc(Nc3ccc(O)cc3)ncc2F)cc1,5.494850021680094,449.10548068400004,6,4,5.714200000000003,True
CHEMBL455450,CDK9,3200.0,nM,C[C@H]1CNC[C@@H](C(=O)Nc2ncc(SCc3ncc(C(C)(C)C)o3)s2)C1,5.494850021680094,394.149718072,7,2,3.905000000000003,True
CHEMBL1240763,CDK1,3230.0,nM,OCCN(CCO)Cc1cc(Cl)c2cccnc2c1O,5.490797477668897,296.092770084,5,3,1.3803999999999996,True
CHEMBL4755256,CDK4,3250.0,nM,COc1cc(F)ccc1-c1cc(NC(=O)[C@H]2CCC[C@@H](NC(C)=O)C2)ncc1Cl,5.488116639021126,419.1411974960001,4,2,4.183100000000003,True
CHEMBL21156,CDK2,3300.0,nM,CC(C)(C)c1nc2c3ccc(F)cc3c3c(=O)[nH]ccc3c2[nH]1,5.481486060122112,309.127740352,2,2,3.994200000000002,True
CHEMBL363058,CDK4,3300.0,nM,CC(C)OC(=O)N1CCn2cc(C3=C(c4cnc5ccccn45)C(=O)NC3=O)c3cccc(c32)C1,5.481486060122112,469.175004216,5,1,3.216800000000001,True
CHEMBL279574,CDK1,3300.0,nM,COc1ccc(Nc2ncc(C#N)c(-c3ccccc3)n2)cc1,5.481486060122112,302.116761068,5,1,3.7674800000000017,True
CHEMBL233669,CDK1,3300.0,nM,Cc1cc2cc(Nc3ncc(C#N)c(-c4ccccc4)n3)ccc2[nH]1,5.481486060122112,325.13274548000004,4,2,4.548600000000002,True
CHEMBL316940,CDK1,3300.0,nM,O=C1Cc2c([nH]c3ccccc23)-c2cc(Br)ccc2N1,5.481486060122112,326.0054750720001,1,2,4.092000000000001,True
CHEMBL398606,CDK1,3300.0,nM,CC(C)NCc1ccc(Nc2cc(-c3ccc(-c4ccc(O)cc4O)cc3)[nH]n2)cc1,5.481486060122112,414.205576072,5,5,5.396500000000005,True
CHEMBL3954733,CDK9,3300.0,nM,CN1Cc2c(-c3cnc(N)nc3)[nH]c3nccc(c23)-c2cc(F)ccc21,5.481486060122112,346.1342227,5,2,3.3580000000000014,True
CHEMBL4114182,CDK2,3390.0,nM,C[C@@H]1CN(c2ccc(Nc3ncc4cc5n(c4n3)C3(CCCCC3)CNC5=O)nc2)C[C@H](C)N1C[C@@H](C)O,5.4698003017969175,518.311772456,8,3,3.2525000000000026,True
CHEMBL203571,CDK1,3400.0,nM,CCN(CC)c1cc(Nc2ccc(S(N)(=O)=O)cc2)n2ncnc2n1,5.468521082957745,361.1320938480001,7,2,1.3615,True
CHEMBL363058,CDK2,3400.0,nM,CC(C)OC(=O)N1CCn2cc(C3=C(c4cnc5ccccn45)C(=O)NC3=O)c3cccc(c32)C1,5.468521082957745,469.175004216,5,1,3.216800000000001,True
CHEMBL258765,CDK6,3400.0,nM,O=C1c2ccccc2-[n+]2ccc3c([nH]c4ccccc43)c21.[Cl-],5.468521082957745,306.05599065200005,1,1,0.14619999999999994,True
CHEMBL210246,CDK1,3400.0,nM,N[C@H](COc1cncc(-c2ccc3cnc(F)cc3c2)c1)Cc1c[nH]c2ccccc12,5.468521082957745,412.16993951200004,4,2,4.866000000000003,True
CHEMBL5184492,CDK2,3400.0,nM,C[C@H]1C[C@@H]2CN1CCn1[nH]c3c(cccc3c1=O)-c1nc3c(cccc3[nH]c1=O)O2,5.468521082957745,403.164439532,5,2,2.0883,True
CHEMBL3797873,CDK2,3400.0,nM,C[C@H]1CN(c2cccc3nc(-c4nc(-c5cccc(C(=O)N(C)C)c5)cnc4N)n(C)c23)CCN1,5.468521082957745,470.2542575800001,7,2,2.7794,True
CHEMBL5414905,CDK1,3410.0,nM,CCc1cnn2c(NCc3nc4ccc(F)c(F)c4[nH]3)cc(N3CCCC[C@H]3CCO)nc12,5.467245621007502,455.22451492400006,6,3,3.799600000000003,True
CHEMBL5584169,CDK9,3419.5,nM,CC(C)S(=O)(=O)c1ccccc1Nc1nc(N[C@H]2CC[C@H](N)CC2)ncc1-c1ccccc1,5.466037391930952,465.21984623200007,7,3,4.751100000000003,True
CHEMBL5564808,CDK1,3426.0,nM,Cc1ccc(O)c(C)c1-n1c(N)c(C(=O)N2CCn3c(cnc3C(C)(C)O)C2)c2nc(C)c(C)nc21,5.465212641370508,489.24883785200007,7,3,3.0218800000000012,True
CHEMBL5592329,CDK9,3454.5,nM,COc1cnc(N[C@H]2CC[C@H](N)CC2)nc1Nc1ccccc1S(=O)(=O)C(C)C,5.461614802980088,419.199110788,8,3,3.0927000000000007,True
CHEMBL3973056,CDK2,3480.0,nM,CN1CCN(c2ccc(Nc3ncc4cc5n(c4n3)C3(CCCCC3)CNC5=O)nc2)CC1(C)C,5.458420756053419,474.285557708,7,2,3.5031000000000025,True
CHEMBL271673,CDK2,3490.0,nM,Nc1c(S(=O)(=O)[O-])cc(Nc2ccc(Cl)cc2)c2c1C(=O)c1ccccc1C2=O.[Na+],5.45717457304082,450.00531444399996,7,2,0.34930000000000017,True
CHEMBL85015,CDK1,3500.0,nM,CC(C)n1cnc2c(NCc3ccccc3)ncnc21,5.455931955649724,267.148395544,4,1,3.019300000000001,True
CHEMBL3654243,CDK2,3500.0,nM,c1ncc(-c2cc3cnc(Nc4ccc(N5CCNCC5)cn4)nc3n2C2CCCC2)o1,5.455931955649724,430.222957452,8,2,3.749600000000002,True
CHEMBL233874,CDK1,3500.0,nM,Cc1ccc(Nc2ncc(C#N)c(-c3ccccc3)n2)cc1,5.455931955649724,286.121846448,4,1,4.067300000000002,True
CHEMBL495557,CDK9,3500.0,nM,CC(C)(C)c1cnc(CSc2cnc(N[C@H]3CC[C@H](O)CC3)s2)o1,5.455931955649724,367.13881904,7,2,4.436300000000004,True
CHEMBL4111196,CDK2,3500.0,nM,C[C@@H]1CN(c2ccc(Nc3ncc4cc5n(c4n3)C3(CCCCC3)CNC5=O)nc2)CCN1,5.455931955649724,446.25425758,7,3,2.7708000000000004,True
CHEMBL3906916,CDK2,3560.0,nM,C[C@@H]1CN(c2ccc(Nc3ncc4cc5n(c4n3)C3(CCCCC3)CNC5=O)nc2)C[C@H](C)N1,5.448550002027124,460.269907644,7,3,3.159300000000001,True
CHEMBL3904602,CDK2,3580.0,nM,CC(C)N1CCN(c2ccc(Nc3ncc4cc5n(c4n3)C3(CCCCC3)CNC5=O)nc2)CC1,5.446116973356125,474.285557708,7,2,3.5031000000000017,True
CHEMBL2163993,CDK2,3600.0,nM,CCc1c(N[C@H]2CC[C@H](N)CC2)nc2ccnn2c1Nc1ccc(F)c(Cl)c1,5.443697499232712,402.173500668,5,3,4.5096000000000025,True
CHEMBL3651155,CDK1,3600.0,nM,C[Si](C)(C)C1=C2c3nc4ccccc4cc3C(Cl)CC2CC1=O,5.443697499232712,341.10026846999995,2,0,5.138400000000003,True
CHEMBL3931143,CDK2,3600.0,nM,CC(C)N1CCN(c2ccc(Nc3ncc4cc5n(c4n3)C3(CCCCC3)CNC5=O)nc2)CC1C,5.443697499232712,488.301207772,7,2,3.891600000000002,True
CHEMBL1243071,CDK1,3600.0,nM,COc1cc(OC)nc(NC(=O)NS(=O)(=O)c2cc(NC=O)ccc2C(=O)N(C)C)n1,5.443697499232712,452.11141798,9,3,0.27429999999999977,True
CHEMBL72461,CDK4,3600.0,nM,Cc1nc2ccccn2c1-c1ccnc(Nc2ccccc2)n1,5.443697499232712,301.13274548000004,4,1,3.843320000000002,True
CHEMBL489083,CDK2,3600.0,nM,N=C(N)SCCCn1c(=O)c2c(c1=O)n1c3ccccc3cc1c1cccc3ccn2c31,5.443697499232712,441.125945848,4,2,3.628070000000003,True
CHEMBL452447,CDK2,3600.0,nM,O=C1NC(=O)c2ccc(I)cc2/C1=C/NCc1ccc(-c2cccnc2)c(O)c1,5.443697499232712,497.023639372,5,3,3.459500000000001,True
CHEMBL5757213,CDK1,3614.0,nM,Cc1nc2c(F)cc(-c3nc(Nc4ccc5c(n4)CCN(CCCN(C)C)C5)ncc3F)cc2n1C1CC1,5.442011851775087,518.2717994640001,7,1,4.8632200000000045,True
CHEMBL5569464,CDK1,3615.0,nM,Cc1ccc(O)c(C)c1-n1c(N)c(C(=O)N2CCn3cnnc3C2)c2nc(C)c(C)nc21,5.44189169836945,432.2022220080001,7,2,2.1894799999999996,True
CHEMBL5574963,CDK1,3628.0,nM,Cc1ccc(O)c(C)c1-n1c(N)c(C(=O)N2CCc3nccnc3C2)c2nc(C)c(C)nc21,5.440332721611942,443.2069730400001,7,2,2.930480000000001,True
CHEMBL3655763,CDK9,3630.0,nM,CC[C@H](Nc1nc(NCc2ccc(C)nc2)c2ncn(C(C)C)c2n1)[C@@H](C)O,5.440093374963888,383.243358548,7,3,3.294020000000002,True
CHEMBL5434272,CDK2,3700.0,nM,OCCN1CCN(c2ccc3cc2COC/C=C/COCc2cccc(c2)-c2ccnc(n2)N3)CC1,5.431798275933005,487.2583399160001,8,2,3.6045000000000016,True
CHEMBL2348168,CDK2,3700.0,nM,Nc1nccc(-n2ccc3cnccc32)n1,5.431798275933005,211.08579528799999,4,1,1.3977,True
CHEMBL5280632,CDK2,3700.0,nM,O=C(CCCn1cc(CNC2CC2)c(-c2ccccc2)n1)NO,5.431798275933005,314.174275944,4,3,2.0877,True
CHEMBL371415,CDK1,3700.0,nM,CC(O)CNc1[nH]cnc2nc(-c3ccccc3)c(-c3ccccc3)c1-2,5.431798275933005,344.16371126,4,3,4.036200000000002,True
CHEMBL2334964,CDK2,3700.0,nM,Nc1nccc(-n2ccc3ccc(Cl)cc32)n1,5.431798275933005,244.05157396799999,3,1,2.6561000000000003,True
CHEMBL255255,CDK4,3700.0,nM,O=C(Cc1ccccc1)Nc1n[nH]c2ccc(N3CCCS3(=O)=O)cc12,5.431798275933005,370.109961436,4,2,2.284,True
CHEMBL3938919,CDK2,3710.0,nM,C[C@H](O)CN1[C@H](C)CN(c2ccc(Nc3ncc4cc5n(c4n3)C3(CCCCC3)CNC5=O)nc2)C[C@@H]1C,5.430626090384954,518.3117724560001,8,3,3.252500000000002,True
CHEMBL5555405,CDK9,3736.5,nM,CC(C)c1cnn2c(NCc3cccc(N)c3)nc(OC3CCN(C)CC3)nc12,5.427535013407812,395.24335854800006,7,2,2.915000000000002,True
CHEMBL214253,CDK4,3750.0,nM,O=C1NC(=O)c2c1c(-c1ccccc1)cc1[nH]c3ccc(O)cc3c21,5.425968732272281,328.08479224399997,3,3,3.577300000000001,True
CHEMBL1800447,CDK2,3760.0,nM,Nc1nccc(-c2cc(N3CCC(O)CC3)ccc2O)n1,5.424812155072339,286.142975816,6,3,1.3924999999999998,True
CHEMBL3973664,CDK2,3770.0,nM,CC(C)N1CCN(c2ccc(Nc3ncc4cc5n(c4n3)C3(CCCC3)CNC5=O)nc2)CC1,5.423658649794207,460.269907644,7,2,3.1130000000000013,True
CHEMBL1234088,CDK1,3800.0,nM,O=C1Nc2ccccc2/C1=C/Nc1ccc(S(=O)(=O)Nc2nccs2)cc1,5.42021640338319,398.050732308,6,3,3.349000000000001,True
CHEMBL4228654,CDK2,3800.0,nM,CC(C)Nc1ccc2cnn(-c3cncc(-c4ccc(C(=O)O)cc4)n3)c2c1,5.42021640338319,373.153874848,5,2,4.001000000000002,True
CHEMBL317150,CDK1,3800.0,nM,CCc1cccc2c3c([nH]c12)-c1ccccc1NC(=O)C3,5.42021640338319,276.12626313199996,1,2,3.8919000000000024,True
CHEMBL3691580,CDK1,3812.0,nM,CN(C)C(=O)c1cc2cnc(Nc3ccc(C(=O)N4CC5CCC(C4)N5)cn3)nc2n1[C@H]1CC[C@H](C(C)(C)C)CC1,5.418847108033711,558.3430725840001,7,2,4.625500000000003,True
CHEMBL5527848,CDK4,3824.0,nM,CC(C)c1cnn2c(NCc3ccc(NC(=O)C4(F)CC4)cc3)nc(NC3CCOCC3)nc12,5.417482116395938,467.24450142000006,7,3,3.891300000000003,True
CHEMBL5593669,CDK9,3860.5,nM,CNC(=O)c1ccccc1Nc1nc(N[C@H]2CC[C@H](N)CC2)ncc1Cl,5.413356443209533,374.16218703600003,6,4,2.915,True
CHEMBL491647,CDK2,3880.0,nM,COCc1cccc2c(C3=C(c4coc5ccccc45)C(=O)NC3=O)cn(C)c12,5.411168274405792,386.126657056,4,1,3.6381000000000023,True
CHEMBL3701063,CDK2,3900.0,nM,Cc1nccc(-c2ccc(C(=O)N(C)C)c(Cl)c2)c1C#Cc1ccc(N)nc1,5.4089353929735005,390.1247389080001,4,1,3.789220000000002,True
CHEMBL5427324,CDK2,3900.0,nM,Cn1cc(CCNc2ccc([N+](=O)[O-])cc2C(=O)O)c2c(Cl)cccc21,5.4089353929735005,373.082933672,4,2,4.092700000000002,True
CHEMBL4454044,CDK2,3900.0,nM,CC(C)c1cnn2c(NCc3ccccc3N(C)C)nc(OC3CCN(C)CC3)nc12,5.4089353929735005,423.274658676,7,1,3.3988000000000023,True
CHEMBL563028,CDK2,3900.0,nM,Cn1nc(C(=O)NC2CCCC2)c2c1-c1nc(Nc3ccccc3)ncc1CC2,5.4089353929735005,388.201159388,5,2,3.391700000000002,True
CHEMBL2035053,CDK2,3900.0,nM,Cc1cnc2nc1-c1ccnc(c1)OCC/C=C/COCc1cc(ccc1OCCN1CCCC1)N2,5.4089353929735005,487.258339916,8,1,4.920520000000004,True
CHEMBL6174709,CDK2,3906.0,nM,O=C(Nc1cc(-c2ccc3nc4c([nH]c5ccccc54)c(N4CCOCC4)c3c2)ccn1)C1CC1,5.408267761048164,463.20082504000004,5,2,5.116400000000004,True
CHEMBL5594621,CDK9,3922.0,nM,Cc1cnc(N[C@H]2CC[C@H](N)CC2)nc1Nc1ccccc1S(=O)(=O)C(C)C,5.406492410668235,403.20419616799995,7,3,3.392520000000002,True
CHEMBL5558916,CDK2,3925.5,nM,CC(=O)Nc1ccc(CNc2cc(NC3CCOCC3)nc3c(C(C)C)cnn23)cc1,5.406105018304437,422.24302420000004,6,3,4.014100000000003,True
CHEMBL326843,CDK2,3930.0,nM,CCSc1cc(=O)c2c(O)cc(O)c(C3CCN(C)CC3O)c2o1,5.405607449624574,351.11404377199995,7,3,2.0962,True
CHEMBL3949088,CDK2,3960.0,nM,CCN(CC)C1CCN(c2ccc(Nc3ncc4cc5n(c4n3)C3(CCCC3)CNC5=O)nc2)C1,5.402304814074488,474.28555770800006,7,2,3.5031000000000017,True
CHEMBL2011937,CDK2,3970.0,nM,COc1ccc(-c2nc3c(NCCCNC(=O)c4ccccc4)c(Br)cnc3[nH]2)cc1,5.401209493236885,479.09568704400004,5,3,4.628000000000003,True
CHEMBL3925377,CDK2,3970.0,nM,CC1CN(c2ccc(Nc3ncc4cc5n(c4n3)C3(CCCCC3)CNC5=O)nc2)CCN1CC(C)(C)O,5.401209493236885,518.311772456,8,3,3.2541000000000024,True
CHEMBL48614,CDK2,3970.0,nM,CN1CCC(c2c(O)cc(O)c3c2O/C(=C\c2ccccc2Cl)C3=O)CC1,5.401209493236885,385.10808579999997,5,2,4.176600000000002,True
CHEMBL1800219,CDK2,3980.0,nM,Nc1nccc(-c2cc(N3CCS(=O)(=O)CC3)ccc2O)n1,5.400116927926312,320.094311372,7,2,0.6661999999999997,True
CHEMBL3896827,CDK2,3980.0,nM,CC1CN(c2ccc(Nc3ncc4cc5n(c4n3)C3(CCCCC3)CNC5=O)nc2)CC(C)N1CC1CC1,5.400116927926312,514.316857836,7,2,4.281700000000003,True
CHEMBL5204939,CDK9,4000.0,nM,CN(C)C(=O)CN1CCC(c2cc3c(-c4ccc(=O)n(CC5CCOCC5)c4)ccnc3[nH]2)CC1,5.3979400086720375,477.27398998,5,1,3.0858000000000008,True
CHEMBL100979,CDK2,4000.0,nM,Cc1nc2ccccn2c1-c1ccnc(N)n1,5.3979400086720375,225.10144535199998,4,1,1.6819199999999996,True
CHEMBL232353,CDK2,4000.0,nM,Cc1cc(N2C(=O)CNC2=O)c2oc(-c3ccc(O)c(O)c3)c(O)c(=O)c2c1,5.3979400086720375,382.0801007879999,7,4,1.9414200000000001,True
CHEMBL3797828,CDK2,4000.0,nM,CN(C)C(=O)c1cccc(-c2cnc(N)c(-c3nc4cccc(N5CCNCC5)c4[nH]3)c2)c1,5.3979400086720375,441.2277084840001,6,3,2.985500000000001,True
CHEMBL3185148,CDK1,4000.0,nM,Nc1nc(NCCNc2ncc(-n3ccnc3)c(-c3ccc(Cl)cc3Cl)n2)ccc1[N+](=O)[O-],5.3979400086720375,485.08822614400003,9,3,4.045500000000001,True
CHEMBL99689,CDK2,4000.0,nM,CN(C)CC(O)COc1ccc(Nc2nccc(Nc3ccccc3C#N)n2)cc1,5.3979400086720375,404.19607400800004,8,3,3.136780000000001,True
CHEMBL100811,CDK4,4000.0,nM,CN(C)CC(O)COc1ccc(Nc2cc(Nc3ccccc3Br)ncn2)cc1,5.3979400086720375,457.11133710800004,7,3,4.027600000000002,True
CHEMBL122701,CDK2,4000.0,nM,O=c1c(O)c(-c2ccc(O)c(O)c2)oc2ccccc12,5.3979400086720375,270.05282342000004,5,3,2.5768000000000013,True
CHEMBL403605,CDK4,4000.0,nM,Cc1cccc(CC(=O)Nc2n[nH]c3ccc(N4CCCS4(=O)=O)cc23)c1,5.3979400086720375,384.1256115,4,2,2.5924200000000006,True
CHEMBL3085244,CDK1,4000.0,nM,CC(C)n1cnc2c(NCc3ccccc3C(F)(F)F)nc(N3CCC[C@@H]3CO)nc21,5.3979400086720375,434.2041940800001,6,2,3.999200000000003,True
CHEMBL328623,CDK4,4000.0,nM,Cc1ccc(F)c(Nc2cc(Nc3ccc(OCC(O)CN(C)C)cc3)ncn2)c1,5.3979400086720375,411.20705329200007,7,3,3.712620000000003,True
CHEMBL5435410,CDK2,4000.0,nM,O=C(O)c1cc(Br)ccc1NCCc1c[nH]c2ccccc12,5.3979400086720375,358.03168982000005,2,3,4.283200000000002,True
CHEMBL1288582,CDK2,4000.0,nM,COc1ccc2cc(-c3n[nH]c4cccnc34)[nH]c2c1,5.3979400086720375,264.101111004,3,2,3.1148,True
CHEMBL231800,CDK1,4100.0,nM,CC(C)(N)c1ccc(-c2nc(Nc3ccc(CCN4CCOCC4)cc3)ncc2C#N)cc1,5.3872161432802645,442.24810958,7,2,3.8273800000000033,True
CHEMBL1933344,CDK2,4100.0,nM,CN1C/C=C/CCOc2cccc(c2)-c2nc(nc3[nH]cnc23)Nc2cccc(c2)C1,5.3872161432802645,412.20115938800006,6,2,4.534000000000003,True
CHEMBL5184492,CDK4,4100.0,nM,C[C@H]1C[C@@H]2CN1CCn1[nH]c3c(cccc3c1=O)-c1nc3c(cccc3[nH]c1=O)O2,5.3872161432802645,403.164439532,5,2,2.0883,True
CHEMBL510566,CDK9,4100.0,nM,C[C@@H]1CNC[C@@H](C(=O)Nc2ncc(SCc3ncc(C(C)(C)C)o3)s2)C1,5.3872161432802645,394.149718072,7,2,3.905000000000003,True
CHEMBL3691553,CDK1,4137.0,nM,CN(C)C(=O)c1cc2cnc(Nc3ccc(C(=O)N4C[C@@H]5CN[C@@H](C5)C4)cn3)nc2n1C1CCCC1,5.383314479104488,488.2648222640001,7,2,2.8206999999999995,True
CHEMBL3691624,CDK1,4140.0,nM,CN(C)C(=O)c1cc2cnc(Nc3ccc(N4CC5CNCC5CC4=O)cn3)nc2n1C1CCCCCC1,5.3829996588791005,516.296122392,7,2,3.739300000000002,True
CHEMBL233668,CDK1,4200.0,nM,COc1cccc(Nc2ncc(C#N)c(-c3ccccc3)n2)c1,5.376750709602099,302.116761068,5,1,3.7674800000000017,True
CHEMBL130161,CDK1,4200.0,nM,COc1cc(CNc2nc(I)nc3c2ncn3C(C)C)cc(OC)c1,5.376750709602099,453.06617288,6,1,3.6411000000000024,True
CHEMBL5584021,CDK9,4200.5,nM,CC(C)S(=O)(=O)c1ccccc1Nc1nc(N[C@H]2CC[C@H](N)CC2)ncc1C1CC1,5.376699010955303,429.21984623200007,7,3,3.961500000000002,True
CHEMBL246543,CDK2,4219.0,nM,CCNC(=O)N1CCC(Nc2nccc(-c3cnc4ccccn34)n2)CC1,5.374790474618119,365.19640835600006,5,2,2.3971,True
CHEMBL431634,CDK1,4300.0,nM,COc1cc2c(cc1OC)-c1[nH]c3ccccc3c1CC(=O)N2,5.366531544420413,308.116092372,3,2,3.346700000000001,True
CHEMBL2111871,CDK1,4300.0,nM,CC(C)n1cnc2c(NCc3ccccc3)nc(N[C@H](CO)c3ccccc3)nc21,5.366531544420413,402.21680945199995,6,3,4.164800000000002,True
CHEMBL382607,CDK1,4300.0,nM,N[C@H]1CC[C@H](Nc2cc(Nc3ccc(S(=O)(=O)c4ccccc4)cc3)n3ncnc3n2)CC1,5.366531544420413,463.1790440400001,8,3,3.382500000000002,True
CHEMBL514316,CDK2,4300.0,nM,N=C(N)SCCCN1C(=O)C2=C(C1=O)n1ccc3cccc(c31)C1Cc3ccccc3N21,5.366531544420413,443.141595912,5,2,3.312870000000002,True
CHEMBL120979,CDK1,4300.0,nM,COc1cccc(Nc2[nH]nc3ncnc(Nc4cccc(Cl)c4)c23)c1,5.366531544420413,366.09958678,6,3,4.502100000000002,True
CHEMBL131083,CDK1,4300.0,nM,CC(C)n1cnc2c(NCc3ccc(C(F)(F)F)cc3)nc(I)nc21,5.366531544420413,461.0324281400001,4,1,4.642700000000002,True
CHEMBL393659,CDK2,4358.0,nM,CN(C)C(=O)N1CCC(Nc2ncc(Cl)c(-c3c[nH]c4ccccc34)n2)CC1,5.360712774089763,398.16218703600003,4,2,3.8362000000000016,True
CHEMBL3986691,CDK2,4380.0,nM,CCC(C)[C@@H]1CNC(=O)c2cc3cnc(Nc4ccc(N5CCN(C)CC5)cn4)nc3n21,5.3585258894959,434.2542575800001,7,2,2.6523000000000003,True
CHEMBL232939,CDK2,4400.0,nM,Cc1cc(N2C(=O)CCCC2=O)c2oc(-c3ccc(O)c(O)c3)c(O)c(=O)c2c1,5.356547323513812,395.1005018839999,7,3,2.928720000000002,True
CHEMBL1922212,CDK1,4400.0,nM,CC[C@H](Nc1nc(NCc2cccnc2)c2ncn(C(C)C)c2n1)C(C)(C)O,5.356547323513812,383.243358548,7,3,3.3757000000000024,True
CHEMBL5081341,CDK9,4400.0,nM,COc1nc(C)nc2[nH]cc(-c3ccnc(N)c3)c12,5.356547323513812,255.112010036,5,2,1.91912,True
CHEMBL51709,CDK4,4410.0,nM,CN1CCC(c2c(O)cc(O)c3c2O/C(=C\c2ccccc2)C3=O)CC1,5.355561410532161,351.147058152,5,2,3.523200000000002,True
CHEMBL5512494,CDK2,4427.5,nM,CC(=O)Nc1cccc(CNc2nc(OC3CCN(C)CC3)nc3c(C(C)C)cnn23)c1,5.353841430137887,437.2539232320001,7,2,3.2912000000000017,True
CHEMBL340935,CDK1,4428.0,nM,O=C1NC(=O)C2=C1c1cn(c3ccccc13)CCOCCOCCOCCn1cc2c2cccnc21,5.353792387793314,486.190319932,6,1,2.621600000000001,True
CHEMBL245925,CDK2,4443.0,nM,CCNC(=O)N1CCC(Nc2ncc(Cl)c(-n3ccc4ccccc43)n2)CC1,5.35232368675913,398.16218703600003,4,2,3.679700000000002,True
CHEMBL3421968,CDK2,4473.0,nM,COc1cc(N2CCN(C)CC2)ccc1Nc1nccc(-c2cn(C)c3cnccc23)n1,5.349401101827343,429.2277084840001,7,1,3.5343000000000018,True
CHEMBL5556362,CDK9,4475.5,nM,CC(=O)Nc1ccc(CNc2nc(OC3CCN(C)CC3)nc3c(C(C)C)cnn23)c(N(C)C)c1,5.349158438535617,480.2961223920001,8,2,3.3572000000000015,True
CHEMBL332906,CDK1,4500.0,nM,Nc1ccc(-c2[nH]nc3ncnc(Nc4cccc(Cl)c4)c23)cc1,5.346787486224656,336.089022096,5,3,3.999100000000001,True
CHEMBL335069,CDK1,4500.0,nM,CC(C)n1cnc2c(NCc3ccccc3)nc(CCC(C)(O)c3ccccc3)nc21,5.346787486224656,415.237210548,5,2,4.859600000000005,True
CHEMBL3948158,CDK2,4500.0,nM,CC(C)N1CCN(c2ccc(Nc3ncc4cc5n(c4n3)C3(CCCC3)CNC5=O)nn2)CC1,5.346787486224656,461.26515661200006,8,2,2.508,True
CHEMBL5198594,CDK9,4500.0,nM,CN(C)C(=O)CN1CCC(c2cc3c(-c4ccc(=O)n(CCC5CCOCC5)c4)ccnc3[nH]2)CC1,5.346787486224656,491.289640044,5,1,3.475900000000002,True
CHEMBL1242832,CDK2,4500.0,nM,NC(=O)c1ccc2c(c1)/C(=N/Nc1ccc(S(=O)(=O)NCCOCCO)cc1)C(=O)N2,5.346787486224656,447.12125439199997,8,5,-0.1590000000000002,True
CHEMBL85015,CDK2,4500.0,nM,CC(C)n1cnc2c(NCc3ccccc3)ncnc21,5.346787486224656,267.148395544,4,1,3.019300000000001,True
CHEMBL5275225,CDK2,4500.0,nM,O=C1CC(=O)N(c2ccc(F)cc2)C(=S)N1C(=O)c1ccccc1,5.346787486224656,342.047441432,4,0,2.516300000000001,True
CHEMBL5555405,CDK2,4518.0,nM,CC(C)c1cnn2c(NCc3cccc(N)c3)nc(OC3CCN(C)CC3)nc12,5.345053773415655,395.24335854800006,7,2,2.915000000000002,True
CHEMBL5542882,CDK1,4520.0,nM,COc1ccc(CNC(=O)Cn2cc(COc3ccc4c(C)cc(=O)oc4c3C)nn2)cc1,5.3448615651886175,448.174669868,7,1,2.9053400000000007,True
CHEMBL4109276,CDK2,4530.0,nM,CC(C)N1CCN(c2ccc(Nc3ncc4cc5n(c4n3)C3(CCCCC3)CNC5=O)nc2)C[C@H]1C,5.343901797987169,488.301207772,7,2,3.891600000000002,True
CHEMBL2042135,CDK2,4570.0,nM,C[C@H](/C=C\C(F)(F)F)Oc1cc(-c2cc(-c3cc(CN(C)C)cs3)cnc2N)ccc1C(N)=O,5.34008379993015,490.1650317000001,6,2,5.105600000000005,True
CHEMBL5073581,CDK9,4575.0,nM,Cc1nc2ccc(-c3cc(N)nc(N)c3)nc2n1Cc1ccc(F)cc1,5.339608901597533,348.149872764,5,2,3.153520000000001,True
CHEMBL5201044,CDK2,4600.0,nM,O=C(c1ccc(-c2ccnc3[nH]c(-c4ccc(CN5CCOCC5)cc4)nc23)cc1)N1CCCC1,5.337242168318426,467.23212516800004,5,1,4.360100000000004,True
CHEMBL5430461,CDK2,4600.0,nM,O=C(O)c1cc([N+](=O)[O-])ccc1NCCc1c[nH]c2ccccc12,5.337242168318426,325.10625596000006,4,3,3.4289000000000014,True
CHEMBL280074,CDK1,4600.0,nM,Cn1cnc2c(NCc3ccccc3)nc(NCCO)nc21,5.337242168318426,298.154209196,6,3,1.3795999999999995,True
CHEMBL516640,CDK1,4600.0,nM,COc1ccc(-n2cnc3ccc(-c4nnc(SCc5cccc(C#N)c5)o4)cc32)cc1,5.337242168318426,439.110295784,7,0,5.248080000000003,True
CHEMBL5428330,CDK2,4600.0,nM,COc1cc(NCCc2c[nH]c3ccccc23)c(C(=O)O)cc1[N+](=O)[O-],5.337242168318426,355.116820644,5,3,3.437500000000001,True
CHEMBL5594774,CDK9,4610.5,nM,CP(C)(=O)c1ccccc1Nc1nc(N[C@H]2CC[C@H](N)CC2)ncc1Cl,5.336251973641605,393.14852473,6,3,3.8034000000000017,True
CHEMBL3975426,CDK2,4620.0,nM,CCN1[C@H](C)CN(c2ccc(Nc3ncc4cc5n(c4n3)C3(CCCCC3)CNC5=O)nc2)C[C@@H]1C,5.335358024443874,488.301207772,7,2,3.891600000000002,True
CHEMBL1081118,CDK2,4630.0,nM,N[C@H](CCc1nc(-c2ccc3cnccc3c2)no1)Cc1ccc(C(F)(F)F)cc1,5.334419008982047,412.15109588800004,5,1,4.806200000000003,True
CHEMBL5280858,CDK2,4630.0,nM,O=C(CCCn1cc(CNC2CCCCC2)c(-c2ccccc2)n1)NO,5.334419008982047,356.221226136,4,3,3.258000000000001,True
CHEMBL2011944,CDK2,4650.0,nM,COc1ccccc1-c1nc2c(NCC(O)CNC(=O)C3CCC3)c(Br)cnc2[nH]1,5.332547047110046,473.1062517280001,6,4,3.0851000000000006,True
CHEMBL3691546,CDK1,4671.5,nM,CN(C)C(=O)c1cc2cnc(Nc3ccc(C(=O)N4CC5CC4CN5)cn3)nc2n1C1CCCCCC1,5.330543646816331,502.2804723280001,7,2,3.353300000000001,True
CHEMBL3663749,CDK9,4700.0,nM,COc1ccc(C2CC2)cc1-c1ccnc2[nH]c(C3CCCNC3)cc12,5.327902142064282,347.19976242,3,2,4.582900000000003,True
CHEMBL3658023,CDK1,4700.0,nM,CN(C)C(=O)c1cc2cnc(Nc3ccc(N4CCC(CCO)CC4)cn3)nc2n1C1CCCC1,5.327902142064282,477.2852233600001,7,2,3.9856000000000034,True
CHEMBL4112645,CDK2,4700.0,nM,C[C@@H]1CN(c2ccc(Nc3ncc4cc5n(c4n3)C3(CCCCC3)CNC5=O)nc2)CCN1C,5.327902142064282,460.269907644,7,2,3.1130000000000013,True
CHEMBL3658028,CDK2,4700.0,nM,CN(C)C(=O)c1cc2cnc(Nc3ccc(C(=O)N(C)CCN)cn3)nc2n1C1CCCC1,5.327902142064282,450.2491722000001,7,2,2.4174999999999995,True
CHEMBL504547,CDK2,4700.0,nM,O=C1NC(=O)c2ccc(I)cc2/C1=C/NCc1ccc(-c2ccoc2)c(O)c1,5.327902142064282,486.00765495999997,5,3,3.6575000000000015,True
CHEMBL362588,CDK4,4800.0,nM,O=C1NC(=O)C(c2cnc3ccccn23)=C1c1cn2c3c(cccc13)CN(C(=O)N1CCCCC1)CC2,5.318758762624412,494.206638692,4,1,3.277700000000001,True
CHEMBL231824,CDK1,4800.0,nM,CCc1nccn1CCc1ccc(Nc2ncc(C#N)c(-c3ccc(C(C)(C)N)cc3)n2)cc1,5.318758762624412,451.24844392800003,6,2,4.954280000000003,True
CHEMBL1922218,CDK1,4900.0,nM,CC[C@@H](Nc1nc(NCc2cccnc2)c2ncn(C(C)C)c2n1)[C@H](C)O,5.309803919971486,369.227708484,7,3,2.985600000000002,True
CHEMBL1243038,CDK1,4900.0,nM,O=Cc1cc(CCCCCCc2ccc(O)c(C=O)c2)ccc1O,5.309803919971486,326.15180918399994,4,2,4.068400000000004,True
CHEMBL207544,CDK1,4900.0,nM,C#Cc1ncc(OC[C@@H](N)Cc2c[nH]c3ccccc23)cc1-c1ccc2cnccc2c1,5.309803919971486,418.179361324,4,2,4.708200000000002,True
CHEMBL4102376,CDK9,5000.0,nM,Cn1c(-c2ccc(N3CCNCC3)cc2)cc2c(Cl)ccnc21,5.301029995663981,326.129824288,3,1,3.303300000000002,True
CHEMBL122245,CDK1,5000.0,nM,COc1ccc(CNc2[nH]nc3ncnc(Nc4cccc(Cl)c4)c23)cc1,5.301029995663981,380.115236844,6,3,4.370600000000002,True
CHEMBL99948,CDK2,5000.0,nM,Cc1ccc(Cl)c(Nc2ccnc(Nc3ccc(OCC(O)CN(C)C)cc3)n2)c1,5.301029995663981,427.177502752,7,3,4.226920000000003,True
CHEMBL366312,CDK1,5000.0,nM,OCCNc1ncnc2[nH]c(-c3ccccc3)c(-c3ccccc3)c12,5.301029995663981,330.148061196,4,3,3.696100000000002,True
CHEMBL2348173,CDK2,5000.0,nM,Nc1nccc(-n2ccc3ccc(O)cc32)n1,5.301029995663981,226.08546094,4,2,1.7082999999999997,True
CHEMBL317629,CDK2,5000.0,nM,CN(C)CC(O)COc1ccc(Nc2nccc(Nc3cccc(Cl)c3)n2)cc1,5.301029995663981,413.161852688,7,3,3.9185000000000016,True
CHEMBL317378,CDK2,5000.0,nM,CN(C)CC(O)COc1ccc(Nc2cc(N(CCC#N)c3cc(Cl)ccc3Cl)ncn2)cc1,5.301029995663981,500.14942943200003,8,2,4.880080000000004,True
CHEMBL5410597,CDK2,5000.0,nM,Cc1cccc2c1c(CCNc1ccc([N+](=O)[O-])cc1C(=O)O)cn2C,5.301029995663981,353.137556088,4,2,3.747720000000001,True
CHEMBL5793760,CDK9,5000.0,nM,Cn1cnc(C(=O)Nc2cc(-c3ccc4ncn(CC5CCOCC5)c4c3)c(Cl)cn2)c1,5.301029995663981,450.157101656,5,1,4.164100000000003,True
CHEMBL31574,CDK2,5000.0,nM,O=c1c(O)c(-c2ccc(O)c(O)c2)oc2cc(O)ccc12,5.301029995663981,286.04773804,6,4,2.282400000000001,True
CHEMBL1241935,CDK1,5000.0,nM,CC1(C)CC2(C)Nc3cc(-c4ccc5c(c4)NC4(C)CC(C)(C)NC(=S)N54)ccc3N2C(=S)N1,5.301029995663981,492.21298702400014,4,4,5.363400000000003,True
CHEMBL5590050,CDK2,5046.0,nM,CS(=O)(=O)N1CCC(Nc2ncc(C(F)(F)F)c(-c3cnn(C4CCCCC4)c3)n2)CC1,5.297052753818444,472.1868297640001,6,1,3.700000000000003,True
CHEMBL189607,CDK4,5053.0,nM,Nc1nc2ccc(C(=O)c3c(F)cccc3F)cn2c1C(=O)c1ccccc1,5.29645070176177,377.097583096,4,1,3.6567000000000016,True
CHEMBL3663784,CDK9,5100.0,nM,Clc1ccc(-c2ccccc2)nc1-c1ccnc2[nH]c(C3CCNCC3)cc12,5.292429823902063,388.14547435200006,3,2,5.4123000000000046,True
CHEMBL4113081,CDK2,5110.0,nM,C[C@@H]1CN(c2ccc(Nc3ncc4cc5n(c4n3)C3(CCCCC3)CNC5=O)nc2)CCN1C[C@@H](C)O,5.291579099865287,504.296122392,8,3,2.864000000000001,True
CHEMBL5572788,CDK2,5111.0,nM,CS(=O)(=O)N1CCC(Nc2ncc(C(F)(F)F)c(-c3cnn(-c4ccccc4F)c3)n2)CC1,5.291494119044764,484.13045776000007,6,1,3.323100000000002,True
CHEMBL4206280,CDK4,5156.0,nM,CCN1CCN(Cc2ncc(Nc3cc(-c4cc(F)c5nc(C)n(C(C)C)c5c4)ncn3)cn2)CC1,5.2876870913186345,489.2764702440001,8,1,4.192820000000003,True
CHEMBL3421978,CDK2,5176.0,nM,C(=C/c1nccc(-c2c[nH]c3cnccc23)n1)\c1ccccc1,5.2860057323393566,298.121846448,3,1,4.190300000000002,True
CHEMBL3984435,CDK2,5200.0,nM,CCC(C)CN1[C@H](C)CN(c2ccc(Nc3ncc4cc5n(c4n3)C3(CCCC3)CNC5=O)nc2)C[C@@H]1C,5.2839966563652006,516.3325079000001,7,2,4.527700000000004,True
CHEMBL5281901,CDK2,5200.0,nM,O=C(c1ccccc1)N1C(=O)C(C2C(=O)N(C(=O)c3ccccc3)C(=S)N(c3ccc(F)cc3)C2=O)C(=O)N(c2ccc(F)cc2)C1=S,5.2839966563652006,682.0792328,8,0,4.498400000000004,True
CHEMBL5973334,CDK9,5200.0,nM,Cn1cnc2ccc(-c3cc(N[C@H]4CC[C@H](N)CC4)ncc3Cl)cc21,5.2839966563652006,355.15637338399995,4,2,3.970500000000002,True
CHEMBL245534,CDK2,5281.0,nM,CN1CCN(C(=O)N2CCC(Nc3ncc(Cl)c(-c4c[nH]c5ccccc45)n3)CC2)CC1,5.277283832511506,453.20438619600003,5,2,3.522000000000002,True
CHEMBL178737,CDK2,5300.0,nM,O=C1NC(=O)C(c2cnc3ccccn23)=C1c1cn2c3c(cccc13)CN(C(=O)N1CCOCC1)CC2,5.275724130399211,496.185903248,5,1,2.1239999999999997,True
CHEMBL2397315,CDK9,5300.0,nM,Cc1nc(NC(=O)[C@@H](C)CC(F)(F)F)sc1-c1ccc(N)nc1,5.275724130399211,344.0918667600001,5,2,3.622720000000002,True
CHEMBL104467,CDK1,5300.0,nM,Nc1cc(OCC2CCCCC2)nc(Nc2ccc(S(N)(=O)=O)cc2)n1,5.275724130399211,377.152160596,7,3,2.4089,True
CHEMBL337715,CDK1,5300.0,nM,CC(C)n1cnc2c(NCc3cccc(C(F)(F)F)c3)nc(I)nc21,5.275724130399211,461.0324281400001,4,1,4.642700000000002,True
CHEMBL447317,CDK2,5300.0,nM,CNC(=N)SCCCN1C(=O)C2=C(C1=O)n1ccc3cccc(c31)C1Cc3ccccc3N21,5.275724130399211,457.157245976,5,2,3.573570000000002,True
CHEMBL3297832,CDK1,5300.0,nM,COc1c(O)ccc2c(=O)c3c(O)cc4c(c3[nH]c12)C=CC(C)(C)O4,5.275724130399211,339.110672644,5,3,3.285300000000002,True
CHEMBL3691620,CDK1,5316.0,nM,CN(C)C(=O)c1cc2cnc(Nc3ccc(N4C[C@H]5CNC[C@H]5C4=O)cn3)nc2n1C1CCCCCC1,5.274415027729305,502.28047232800003,7,2,3.3492000000000006,True
CHEMBL2006765,CDK9,5330.0,nM,CCCNC(=O)c1ccc(Nc2nc(NCC(F)(F)F)c3cc[nH]c3n2)cc1,5.273272790973428,392.1572438880001,5,4,3.815500000000001,True
CHEMBL362588,CDK2,5400.0,nM,O=C1NC(=O)C(c2cnc3ccccn23)=C1c1cn2c3c(cccc13)CN(C(=O)N1CCCCC1)CC2,5.267606240177031,494.206638692,4,1,3.277700000000001,True
CHEMBL6036015,CDK9,5400.0,nM,O=C1Cc2ccc(-c3cc(NC(=O)[C@@H]4CCCNC4)ncc3Cl)cc2N1,5.267606240177031,370.119653528,4,3,2.8347000000000007,True
CHEMBL5090552,CDK9,5430.0,nM,Nc1cc(-c2ccc3oc(Cl)cc3c2)cc(N)n1,5.265200170411153,259.05123962,4,2,3.3126000000000015,True
CHEMBL1964248,CDK1,5500.0,nM,CN(C)CCNS(=O)(=O)c1ccc(N/C=C2\C(=O)Nc3ccccc32)cc1,5.259637310505756,386.141261564,5,3,1.9315999999999993,True
CHEMBL84284,CDK2,5500.0,nM,CC(C)(C)OC(=O)NCCNc1cc(-c2ccc[nH]2)c2c3c(ccc(F)c13)NC2=O,5.259637310505756,410.175418816,4,4,4.476300000000002,True
CHEMBL202695,CDK1,5600.0,nM,CN(C)S(=O)(=O)c1ccc(Nc2cc(N[C@H]3CC[C@H](N)CC3)nc3ncnn23)cc1,5.251811972993799,430.1899430720001,8,3,1.7999999999999994,True
CHEMBL143570,CDK4,5600.0,nM,COc1ccc(NC2=CC(=O)c3sc(C)nc3C2=O)cc1,5.251811972993799,300.056863244,6,1,2.8351200000000008,True
CHEMBL3642654,CDK2,5600.0,nM,CN1CCN(c2cc(NCc3cccnc3)n3nccc3n2)CC1,5.251811972993799,323.18584367200003,6,1,1.4882,True
CHEMBL1242367,CDK6,5600.0,nM,CCNc1cc(N[C@H]2CC[C@@H](O)CC2)nc(Nc2ccc3c(ccn3Cc3ccccc3)c2)n1,5.251811972993799,456.26375964400006,6,4,5.370400000000004,True
CHEMBL520187,CDK4,5600.0,nM,COCCNS(=O)(=O)c1ccc(Nc2nccc(-c3cnc(C)n3C)n2)cc1,5.251811972993799,402.1474095640001,7,2,1.8538199999999994,True
CHEMBL394577,CDK1,5600.0,nM,CN1CCN(CCc2ccc(Nc3ncc(C#N)c(-c4ccc(C(C)(C)N)cc4)n3)cc2)CC1,5.251811972993799,455.279744056,7,2,3.742580000000001,True
CHEMBL5077927,CDK9,5692.0,nM,Cc1nc2ccc(-c3cc(N)nc(N)c3)nc2n1CC(F)F,5.244735108587753,304.124800888,5,2,2.2312199999999995,True
CHEMBL231801,CDK1,5700.0,nM,CC(C)(N)c1ccc(-c2nc(Nc3cccc(CCN4CCOCC4)c3)ncc2C#N)cc1,5.2441251443275085,442.24810958,7,2,3.8273800000000033,True
CHEMBL57325,CDK2,5700.0,nM,O=C1Nc2cc(-c3ccccc3)ccc2/C1=C/c1[nH]cc2c1CCNC2=O,5.2441251443275085,355.132076784,2,3,3.460300000000001,True
CHEMBL599987,CDK2,5700.0,nM,O=C(O)c1cc(O)c(O)c2c1c([N+](=O)[O-])cc1c(O)cccc12,5.2441251443275085,315.03790162800004,6,4,2.7162000000000006,True
CHEMBL5070553,CDK9,5700.0,nM,Cc1nc2ccc(-c3cc(N)nc(N)c3)nc2n1CC(F)(F)F,5.2441251443275085,322.115379076,5,2,2.5284200000000006,True
CHEMBL3797574,CDK2,5700.0,nM,CN(C)C(=O)c1cccc(-c2cnc(N)c(-c3nc4ccccc4[nH]3)c2)c1,5.2441251443275085,357.15896022800007,4,2,3.5759000000000016,True
CHEMBL5556898,CDK9,5703.0,nM,CC(=O)Nc1ccc(CNc2nc(OC3CCN(C)CC3)nc3c(C(C)C)cnn23)c(-n2ccnc2)c1,5.243896628414895,503.27572129600014,8,2,3.4769000000000023,True
CHEMBL5169987,CDK9,5800.0,nM,Fc1ccc(N2CCCCC2)c(NC(=S)c2ccncc2)c1,5.236572006437063,315.120546796,3,1,3.9986000000000024,True
CHEMBL122411,CDK1,5800.0,nM,COc1ccc(Nc2[nH]nc3ncnc(Nc4cccc(Cl)c4)c23)cc1,5.236572006437063,366.09958678,6,3,4.502100000000002,True
CHEMBL5421310,CDK2,5800.0,nM,Cn1cc(CCNc2ccc([N+](=O)[O-])cc2C(=O)O)c2cc(Cl)ccc21,5.236572006437063,373.082933672,4,2,4.0927000000000024,True
CHEMBL3655774,CDK9,5840.0,nM,CC[C@H](Nc1nc(NCc2ncccc2C)c2ncn(C(C)C)c2n1)[C@@H](C)O,5.2335871528876,383.243358548,7,3,3.294020000000002,True
CHEMBL5556362,CDK2,5849.0,nM,CC(=O)Nc1ccc(CNc2nc(OC3CCN(C)CC3)nc3c(C(C)C)cnn23)c(N(C)C)c1,5.232918378636677,480.2961223920001,8,2,3.3572000000000015,True
CHEMBL5566455,CDK1,5891.0,nM,Cc1ccc(O)c(C)c1-n1c(N)c(C(=O)N2CCn3nccc3C2)c2nc(C)c(N3CCC[C@@H](O)C3)nc21,5.229810977264007,516.2597368840001,8,3,2.4471600000000002,True
CHEMBL5594311,CDK9,5993.5,nM,CC(C)S(=O)(=O)c1ccccc1Nc1ccnc(N[C@H]2CC[C@H](N)CC2)n1,5.222319490335705,389.18854610400007,7,3,3.0841000000000003,True
CHEMBL323594,CDK2,6000.0,nM,Cc1cc(NC(=O)c2ccc(Br)cc2)n[nH]1,5.221848749616356,279.00072404,2,2,2.73292,True
CHEMBL101166,CDK1,6000.0,nM,CCC(CO)Nc1nc(NCc2cccc(O)c2)c2nc(Cl)n(C(C)C)c2n1,5.221848749616356,404.17275172000006,7,4,3.5611000000000015,True
CHEMBL365988,CDK2,6000.0,nM,C[C@@H](C(=O)Nc1cc(C2CC2)[nH]n1)c1ccccc1,5.221848749616356,255.137162164,2,2,3.029300000000001,True
CHEMBL2163991,CDK2,6000.0,nM,N[C@H]1CC[C@H](Nc2nc3ccnn3c(Nc3ccc(F)c(Cl)c3)c2-c2ccccc2)CC1,5.221848749616356,450.173500668,5,3,5.614200000000003,True
CHEMBL38693,CDK4,6000.0,nM,Cc1nc2c(s1)C(=O)C=C(Nc1ccccc1)C2=O,5.221848749616356,270.04629855999997,5,1,2.8265200000000004,True
CHEMBL117,CDK6,6000.0,nM,O=c1cc(-c2ccccc2)oc2cc(O)cc(O)c12,5.221848749616356,254.0579088,4,2,2.8712000000000013,True
CHEMBL1173442,CDK1,6000.0,nM,C[C@H]1C/C=C/[C@@H](O)[C@@H](O)CC/C=C/c2cc(O)cc(O)c2C(=O)O1,5.221848749616356,334.14163842399995,6,4,2.1182000000000003,True
CHEMBL129977,CDK1,6000.0,nM,CN(c1nc(NCCO)nc2c1ncn2C)C1CCCCC1,5.221848749616356,304.20115938799995,6,2,1.5363999999999987,True
CHEMBL290904,CDK4,6000.0,nM,Cc1ccc(NC2=CC(=O)c3sc(C)nc3C2=O)cc1,5.221848749616356,284.061948624,5,1,3.134940000000001,True
CHEMBL101679,CDK2,6000.0,nM,CN(C)CC(O)COc1ccc(Nc2nccc(Nc3ccccc3Cl)n2)cc1,5.221848749616356,413.161852688,7,3,3.9185000000000016,True
CHEMBL101557,CDK4,6000.0,nM,CN(C)CC(O)COc1ccc(Nc2cc(Nc3cc(C(F)(F)F)ccc3F)ncn2)cc1,5.221848749616356,465.17878785600004,7,3,4.423000000000003,True
CHEMBL3980597,CDK2,6010.0,nM,CCC(C)CN1CCN(c2ccc(Nc3ncc4cc5n(c4n3)C3(CCCC3)CNC5=O)nc2)CC1,5.221125527997261,488.30120777200005,7,2,3.750700000000002,True
CHEMBL3910976,CDK2,6100.0,nM,CC(C)N1CCN(c2ccc(Nc3ncc4cc5n(c4n3)C3(CCCCC3)CNC5=O)nc2)C[C@@H]1C,5.214670164989233,488.301207772,7,2,3.891600000000002,True
CHEMBL490241,CDK2,6100.0,nM,COc1cc(CN/C=C2\C(=O)NC(=O)c3ccc(Br)cc32)ccn1,5.214670164989233,387.021853408,5,2,2.2534,True
CHEMBL4094627,CDK9,6100.0,nM,Cn1c(-c2ccc(N3CCNCC3)cc2)cc2c(C#N)ccnc21,5.214670164989233,317.16404560800004,4,1,2.52158,True
CHEMBL5401897,CDK2,6100.0,nM,O=C(O)c1ccc([N+](=O)[O-])cc1NCCc1c[nH]c2ccccc12,5.214670164989233,325.10625596000006,4,3,3.4289000000000014,True
CHEMBL480392,CDK2,6100.0,nM,CN1CCN(c2cccc3[nH]c(-c4n[nH]c5cc(-c6cccc(N)c6)ccc45)nc23)CC1,5.214670164989233,423.21714380000003,5,3,4.1072000000000015,True
CHEMBL133498,CDK4,6150.0,nM,CN1CC[C@H](c2c(O)cc(O)c3c(=O)cc(Oc4ccccc4Cl)oc23)[C@H](O)C1,5.211124884224583,417.0979150399999,7,3,3.4299000000000017,True
CHEMBL318208,CDK1,6200.0,nM,Cn1c2c(c3cc(Br)ccc31)CC(=O)Nc1ccccc1-2,5.207608310501746,340.021125136,1,1,4.102400000000002,True
CHEMBL1922123,CDK1,6200.0,nM,CC[C@@H](Nc1nc(NCc2cccnc2)c2ncn(C(C)C)c2n1)C(C)(C)O,5.207608310501746,383.243358548,7,3,3.3757000000000024,True
CHEMBL233454,CDK1,6200.0,nM,N#Cc1cnc(Nc2ccc(CN3CCCC3)cc2)nc1-c1ccccc1,5.207608310501746,355.179695672,5,1,4.354680000000004,True
CHEMBL1922219,CDK6,6200.0,nM,CC[C@H](Nc1nc(NCc2cccnc2)c2ncn(C(C)C)c2n1)[C@@H](C)O,5.207608310501746,369.227708484,7,3,2.985600000000002,True
CHEMBL40326,CDK4,6300.0,nM,Cc1nc2c(s1)C(=O)C=C(Nc1ccc(F)cc1)C2=O,5.200659450546418,288.036876748,5,1,2.9656200000000004,True
CHEMBL488271,CDK2,6300.0,nM,CNC(=N)SCCCn1c(=O)c2c(c1=O)n1c3ccccc3cc1c1cccc3ccn2c31,5.200659450546418,455.141595912,4,2,3.8887700000000027,True
CHEMBL5598054,CDK2,6303.0,nM,N#CC1(CNc2cccc(-c3cc(Nc4cnn(Cc5ccc(C(=O)NO)cc5)c4)ncc3Cl)n2)CCOCC1,5.200452692874385,558.189464404,9,4,4.636680000000003,True
CHEMBL4635959,CDK9,6320.0,nM,Cc1cc(NC2CCN(C(=O)O[C@H]3CCN(C(=O)/C=C/CN(C)C)C3)CC2)n2ncc(C(C)C)c2n1,5.199282921717614,497.3114381080001,7,1,2.8927200000000015,True
CHEMBL560075,CDK1,6330.0,nM,C[C@@H]1CNc2c(sc3ccc4nc(-c5cccnc5)ccc4c23)C(=O)N1,5.198596289982644,360.104482132,5,2,4.055300000000003,True
CHEMBL3929399,CDK2,6350.0,nM,C[C@H](O)CN1CCN(c2ccc(Nc3ncc4cc5n(c4n3)C3(CCCCC3)CNC5=O)nc2)CC1,5.197226274708024,490.28047232800003,8,3,2.4755000000000003,True
CHEMBL317539,CDK1,6400.0,nM,COC(=O)CN1C(=O)Cc2c([nH]c3ccc(Br)cc23)-c2ccccc21,5.1938200260161125,398.02660444,3,1,3.6595000000000013,True
CHEMBL2163606,CDK2,6400.0,nM,Cc1c(N[C@H]2CC[C@H](N)CC2)nc2ccnn2c1Nc1ccccc1Cl,5.1938200260161125,370.167272416,5,3,4.116520000000002,True
CHEMBL3691626,CDK1,6483.0,nM,CN(C)C(=O)c1cc2cnc(Nc3ccc(N4C[C@@H]5CNC[C@@H]5CC4=O)cn3)nc2n1C1CCCCCC1,5.188223978397096,516.296122392,7,2,3.739300000000002,True
CHEMBL5597651,CDK2,6488.0,nM,COc1cc(F)ccc1-c1cc(Nc2cnn(CCCCCCC(=O)NO)c2)ncc1F,5.1878891587969,445.1925461,6,3,4.431400000000003,True
CHEMBL256057,CDK2,6500.0,nM,Nc1c(S(=O)(=O)[O-])cc(Nc2ccccc2)c2c1C(=O)c1ccccc1C2=O.[Na+],5.187086643357144,416.044286796,7,2,-0.3040999999999996,True
CHEMBL233455,CDK1,6500.0,nM,N#Cc1cnc(Nc2ccc(CCN3CCCC3)cc2)nc1-c1ccccc1,5.187086643357144,369.19534573600004,5,1,4.397180000000004,True
CHEMBL440717,CDK1,6500.0,nM,CC(C)n1cnc2c(NCc3ccccc3)nc(NCC(O)c3ccccc3)nc21,5.187086643357144,402.21680945199995,6,3,4.164800000000002,True
CHEMBL2011945,CDK2,6520.0,nM,COc1ccc(F)cc1-c1nc2c(NCCCNC(=O)C3CCC3)c(Br)cnc2[nH]1,5.185752404268079,475.1019152960001,5,3,4.253400000000002,True
CHEMBL3655775,CDK9,6530.0,nM,CC(C)n1cnc2c(NCc3cccnc3)nc(NC[C@@H](C)O)nc21,5.185086818724926,341.196408356,7,3,2.2070000000000003,True
CHEMBL112050,CDK2,6590.0,nM,CN1CCC(c2c(O)cc(O)c3c(=O)cc(Sc4ccccc4)oc23)C(O)C1,5.18111458540599,399.11404377199995,7,3,3.1354000000000015,True
CHEMBL3663763,CDK9,6600.0,nM,COc1ccc(N)nc1-c1ccnc2[nH]c(C3CCNCC3)cc12,5.180456064458131,323.174610292,5,3,2.6827000000000005,True
CHEMBL5404588,CDK2,6600.0,nM,Cc1ccc(S(=O)(=O)Nc2cc(S(=O)(=O)[O-])c(N)c3c2C(=O)c2ccccc2C3=O)cc1.[Na+],5.180456064458131,494.0218371,8,2,-0.9384799999999989,True
CHEMBL489432,CDK2,6600.0,nM,COc1ccc(CN/C=C2\C(=O)NC(=O)c3ccc(F)cc32)cc1O,5.180456064458131,342.10158518000003,5,3,1.9406000000000003,True
CHEMBL503236,CDK2,6600.0,nM,Cl.N[C@@H](CCCN/C=C1\C(=O)Nc2ccc(Br)cc21)C(=O)O,5.180456064458131,389.014181184,4,4,1.9455999999999998,True
CHEMBL491677,CDK4,6600.0,nM,COc1cc2ncnc(Nc3ccc(N4Cc5ccccc5C4)cc3)c2cc1OC,5.180456064458131,398.174275944,6,1,4.9108000000000045,True
CHEMBL4107086,CDK2,6620.0,nM,CC(C)C[C@@H]1CNC(=O)c2cc3cnc(Nc4ccc(N5CCN(C)CC5)cn4)nc3n21,5.1791420105603,434.2542575800001,7,2,2.6523000000000003,True
CHEMBL245935,CDK2,6652.0,nM,CC1CCN(NC(=O)N2CCC(Nc3ncc(Cl)c(-c4c[nH]c5ccccc45)n3)CC2)CC1,5.177047759452519,467.22003626000003,5,3,4.511100000000003,True
CHEMBL6030558,CDK9,6700.0,nM,O=C(Nc1cc(-c2ccc3ncn(CC4CCOCC4)c3c2)c(Cl)cn1)C(c1ccco1)N1CCNCC1,5.173925197299173,534.214616532,7,2,4.356300000000004,True
CHEMBL502651,CDK2,6700.0,nM,Nc1ccc(CN/C=C2\C(=O)NC(=O)c3ccc(Br)cc32)cc1O,5.173925197299173,387.02185340799997,5,4,2.1376000000000004,True
CHEMBL3964783,CDK2,6700.0,nM,O=c1c(O)cccc2ccc(O)c(O)c12,5.173925197299173,204.042258736,4,3,1.3168,True
CHEMBL142788,CDK4,6700.0,nM,Cc1nc2c(s1)C(=O)C=C(Nc1ccc(Br)cc1)C2=O,5.173925197299173,347.956810628,5,1,3.5890200000000014,True
CHEMBL140584,CDK4,6700.0,nM,Cc1nc2c(s1)C(=O)C=C(Nc1ccc(O)cc1)C2=O,5.173925197299173,286.04121318,6,2,2.53212,True
CHEMBL549959,CDK1,6700.0,nM,C[C@@]12c3ccc4c(c3C(=O)c3occ(c31)C(=O)C[C@H]2O)CCC4=O,5.173925197299173,322.084123548,5,1,2.2062,True
CHEMBL307145,CDK2,6800.0,nM,Oc1cccc(O)c1O,5.167491087293763,126.031694052,3,3,0.8033999999999997,True
CHEMBL5773323,CDK9,6800.0,nM,COCc1cn(CC2CCOCC2)c2cc(-c3cc(NC(=O)[C@@H]4CCCNC4)ncc3Cl)cnc12,5.167491087293763,497.21936756400004,6,2,4.262800000000003,True
CHEMBL540752,CDK2,6800.0,nM,Cc1nnc2sc(S)nn12,5.167491087293763,171.987738128,5,1,0.7829199999999996,True
CHEMBL474724,CDK2,6800.0,nM,CCNC(=N)SCCCN1C(=O)C2=C(C1=O)n1ccc3cccc(c31)C1Cc3ccccc3N21,5.167491087293763,471.17289604,5,2,3.963670000000003,True
CHEMBL1922219,CDK4,6800.0,nM,CC[C@H](Nc1nc(NCc2cccnc2)c2ncn(C(C)C)c2n1)[C@@H](C)O,5.167491087293763,369.227708484,7,3,2.985600000000002,True
CHEMBL2035184,CDK2,6800.0,nM,C1=C/COCc2cc(ccc2OCCN2CCCC2)Nc2nccc(n2)-c2csc(c2)COC/1,5.167491087293763,478.20386182000004,8,1,5.026300000000004,True
CHEMBL201511,CDK2,6900.0,nM,COc1cc(C2=C(c3c[nH]c4ccccc34)C(=O)NC2=O)cc(OC)c1OC,5.161150909262744,378.1215716759999,5,2,2.7609000000000004,True
CHEMBL3663747,CDK9,6900.0,nM,COc1ccc(N)nc1-c1ccnc2[nH]c(C3CCCNC3)cc12,5.161150909262744,323.174610292,5,3,2.6827000000000005,True
CHEMBL3963064,CDK2,6900.0,nM,CN(C)C1CCN(c2ccc(Nc3ncc4cc5n(c4n3)C3(CCCC3)CNC5=O)nc2)CC1,5.161150909262744,460.269907644,7,2,3.1130000000000013,True
CHEMBL489430,CDK2,6900.0,nM,COc1ccc(CN/C=C2\C(=O)NC(=O)c3ccccc32)cc1O,5.161150909262744,324.111006992,5,3,1.8014999999999999,True
CHEMBL269881,CDK1,7000.0,nM,Nc1nc(OCC2CCCCC2)c2nc[nH]c2n1,5.154901959985743,247.14331016399998,5,2,1.8941999999999999,True
CHEMBL103633,CDK2,7000.0,nM,CN(C)CC(O)COc1ccc(Nc2nccc(Nc3ccccc3Br)n2)cc1,5.154901959985743,457.111337108,7,3,4.027600000000002,True
CHEMBL2035185,CDK2,7000.0,nM,C1=C/COCc2cc(ccc2OCCN2CCCC2)Nc2nccc(n2)-c2ccc(o2)COC/1,5.154901959985743,462.22670544,8,1,4.052800000000002,True
CHEMBL430574,CDK1,7000.0,nM,O=C1Cc2c([nH]c3ccccc23)-c2ccccc2N1,5.154901959985743,248.094963004,1,2,3.3295000000000012,True
CHEMBL448853,CDK2,7000.0,nM,Clc1cncc(Nc2ccccc2)n1,5.154901959985743,205.040674936,3,1,2.8736000000000006,True
CHEMBL1933345,CDK2,7000.0,nM,Oc1ccc(-c2nc(Nc3cccc(Cl)c3)nc3[nH]cnc23)cc1,5.154901959985743,337.07303768400004,5,3,4.122500000000001,True
CHEMBL6192843,CDK2,7000.0,nM,CN(C)C(=O)c1cccc(Nc2nc(OCC3CCCCC3)c3nc[nH]c3n2)c1,5.154901959985743,394.21172407200004,6,2,3.7574000000000023,True
CHEMBL101019,CDK2,7000.0,nM,CN(C)CC(O)COc1ccc(Nc2nccc(Nc3ccccc3F)n2)cc1,5.154901959985743,397.191403228,7,3,3.4042000000000012,True
CHEMBL38694,CDK4,7000.0,nM,Cc1nc2c(s1)C(=O)C=C(Nc1ccc(Cl)cc1)C2=O,5.154901959985743,304.007326208,5,1,3.4799200000000017,True
CHEMBL1956071,CDK2,7000.0,nM,CCn1c(-c2nonc2N)nc2cncc(C(=O)N3CC[C@H](N)C3)c21,5.154901959985743,342.155271816,8,2,0.25659999999999983,True
CHEMBL3691547,CDK1,7065.0,nM,CN(C)C(=O)c1cc2cnc(Nc3ccc(C(=O)N4CC5CCC(C4)N5)cn3)nc2n1C1CCCCCC1,5.150887833815423,516.2961223920001,7,2,3.743400000000002,True
CHEMBL414949,CDK2,7100.0,nM,O=C(Cc1ccccc1)Nc1n[nH]c2ccc(N3CCCCC3=O)cc12,5.1487416512809245,348.15862588,3,2,3.261000000000002,True
CHEMBL3691552,CDK1,7101.0,nM,CN(C)C(=O)c1cc2cnc(Nc3ccc(C(=O)N4CC5CNC(C5)C4)cn3)nc2n1C1CCCC1,5.148680487351255,488.2648222640001,7,2,2.8206999999999995,True
CHEMBL4781334,CDK9,7140.0,nM,C=CC(=O)Nc1ccc(C(=O)N2CCCC(Nc3ncc(CNCc4ncc(C(C)(C)C)o4)s3)C2)cc1,5.146301788223825,522.2413099480001,8,3,4.559600000000004,True
CHEMBL2409175,CDK2,7200.0,nM,CC(=O)Nc1cc(Nc2cc(NC3CC3)n3ncc(C#N)c3n2)ccc1C,5.142667503568731,361.16510822800007,6,3,3.1857000000000015,True
CHEMBL338617,CDK1,7200.0,nM,COc1ccccc1CNc1nc(I)nc2c1ncn2C(C)C,5.142667503568731,423.0556081960001,5,1,3.632500000000002,True
CHEMBL4797288,CDK9,7280.0,nM,C=CC(=O)Nc1ccc(C(=O)N2CCC[C@@H](Nc3ncc(SCc4cncnc4)s3)C2)cc1,5.137868620686962,480.14021600800004,8,2,4.066600000000003,True
CHEMBL4114427,CDK2,7300.0,nM,C[C@H](O)CN1CCN(c2ccc(Nc3ncc4cc5n(c4n3)C3(CCCC3)CNC5=O)nc2)C[C@H]1C,5.136677139879544,490.28047232800003,8,3,2.4738999999999995,True
CHEMBL2111870,CDK1,7300.0,nM,CC(C)n1cnc2c(NCc3ccccc3)nc(N[C@H](CO)Cc3ccccc3)nc21,5.136677139879544,416.23245951599995,6,3,4.034800000000002,True
CHEMBL3655776,CDK9,7400.0,nM,CC(C)n1cnc2c(NCc3cccnc3)nc(NCC(O)C(F)(F)F)nc21,5.130768280269024,395.16814292,7,3,2.749400000000001,True
CHEMBL121796,CDK1,7400.0,nM,Clc1cccc(Nc2[nH]cnc3nnc(NCc4ccccc4)c2-3)c1,5.130768280269024,350.10467216,5,3,4.313600000000001,True
CHEMBL203573,CDK2,7400.0,nM,NS(=O)(=O)c1ccc(Nc2cc(N[C@H]3CC[C@H](O)CC3)nc3ncnn23)cc1,5.130768280269024,403.14265853200015,8,4,1.2306999999999997,True
CHEMBL4454044,CDK9,7450.0,nM,CC(C)c1cnn2c(NCc3ccccc3N(C)C)nc(OC3CCN(C)CC3)nc12,5.127843727251707,423.274658676,7,1,3.3988000000000023,True
CHEMBL272171,CDK2,7500.0,nM,NC(=O)c1c(NC(=O)CN2C(=O)CCC2=O)sc2c1CCC2,5.1249387366083,321.07832696,5,2,0.4231999999999987,True
CHEMBL1922123,CDK4,7500.0,nM,CC[C@@H](Nc1nc(NCc2cccnc2)c2ncn(C(C)C)c2n1)C(C)(C)O,5.1249387366083,383.243358548,7,3,3.3757000000000024,True
CHEMBL1928705,CDK1,7500.0,nM,C[C@H](CN(C)C)Oc1nc(Nc2cc3cccc(Cl)c3cn2)cnc1C#N,5.1249387366083,382.1308869080001,7,1,3.6223800000000024,True
CHEMBL1800219,CDK1,7500.0,nM,Nc1nccc(-c2cc(N3CCS(=O)(=O)CC3)ccc2O)n1,5.1249387366083,320.094311372,7,2,0.6661999999999997,True
CHEMBL514499,CDK2,7600.0,nM,COc1cc2ncn(-c3cc(OCc4ccccc4C(F)(F)F)c(C(N)=O)s3)c2cc1OC,5.119186407719209,477.097011716,6,1,4.800900000000003,True
CHEMBL3985649,CDK2,7610.0,nM,CC(C)N1CCN(c2ccc(Nc3ncc4cc5n(c4n3)C3(CCCC3)CNC5=O)nc2)CC1C,5.118615343229427,474.285557708,7,2,3.501500000000002,True
CHEMBL488270,CDK2,7700.0,nM,O=C1C2=C(C(=O)N1CCCSC1=NCCN1)n1ccc3cccc(c31)C1Cc3ccccc3N21,5.113509274827518,469.157245976,6,1,3.3786000000000023,True
CHEMBL487531,CDK2,7700.0,nM,CN1CCN(c2ccc(N/C=C3\C(=O)NC(=O)c4ccc(-c5ccc(C=O)cc5)cc43)cc2)CC1,5.113509274827518,466.20049069199996,6,2,3.640900000000003,True
CHEMBL5597436,CDK2,7800.0,nM,CN(C)C(=O)c1cc2cnc(Nc3ccc(S(=O)(=O)N(C)C)cc3Cl)cc2[nH]1,5.107905397309519,421.09753818,5,2,2.912000000000001,True
CHEMBL5596733,CDK9,7886.0,nM,O=C(/C=C/c1ccc(Nc2ncc(Cl)c(OC3CCCCC3)n2)cc1)NO,5.103143227262796,388.13021821200005,6,3,4.103700000000003,True
CHEMBL3655766,CDK9,7890.0,nM,CC[C@H](Nc1nc(NCc2cccnc2)c2ncn(CC3CC3)c2n1)[C@@H](C)O,5.10292299679058,381.227708484,7,3,2.8147000000000015,True
CHEMBL5930405,CDK9,7900.0,nM,O=C(Nc1cc(-c2ccc3ncn(CC4CCOCC4)c3c2)c(Cl)cn1)C1CNC1,5.102372908709558,425.161852688,5,2,3.3362000000000016,True
CHEMBL5598262,CDK2,7900.0,nM,CN(C)C(=O)c1cc2cnc(Nc3ccc(-c4cnn(C)c4)cc3Cl)cc2[nH]1,5.102372908709558,394.13088690800004,4,2,4.0622000000000025,True
CHEMBL549915,CDK1,7920.0,nM,Cc1ccncc1-c1ccc2c(ccc3sc4c(c32)NC[C@@H](C)NC4=O)n1,5.101274818410507,374.12013219600004,5,2,4.3637200000000025,True
CHEMBL1800217,CDK1,7940.0,nM,CCC1CCN(c2ccc(O)c(-c3ccnc(N)n3)c2)CC1,5.100179497572904,298.179361324,5,2,3.0578000000000003,True
CHEMBL133533,CDK1,8000.0,nM,CC(C)n1cnc2c(NCc3ccccc3)nc(I)nc21,5.096910013008056,393.045043512,4,1,3.6239000000000017,True
CHEMBL130681,CDK1,8000.0,nM,OCCNc1nc(NCc2ccccc2)c2ncn(CCO)c2n1,5.096910013008056,328.16477388,7,4,0.8348999999999995,True
CHEMBL101473,CDK2,8000.0,nM,Cc1cnc(Nc2ccc(OCC(O)CN(C)C)cc2)nc1Nc1ccccc1,5.096910013008056,393.21647510400004,7,3,3.573520000000002,True
CHEMBL366861,CDK2,8000.0,nM,Cc1cc(O)c(C=O)c2c1C(=O)Oc1c(COC(=O)/C=C/C(=O)O)c(O)c(C(=O)O)c(C)c1O2,5.096910013008056,472.06417595199986,10,4,2.23424,True
CHEMBL3654239,CDK2,8000.0,nM,CN(C)C(=O)c1cc2cnc(Nc3ccc(N4CCCNCC4)cn3)nc2n1C1CCCC1,5.096910013008056,448.26990764400006,7,2,3.1865000000000014,True
CHEMBL5400738,CDK2,8000.0,nM,O=C(O)c1cc(Cl)ccc1NCCc1c[nH]c2ccccc12,5.096910013008056,314.0822054,2,3,4.174100000000002,True
CHEMBL86066,CDK2,8000.0,nM,CC(C)n1cnc2c(NCc3ccccc3)nc(NCCO)nc21,5.096910013008056,326.18550932399995,6,3,2.4235,True
CHEMBL99647,CDK4,8000.0,nM,CN(C)CC(O)COc1ccc(Nc2cc(Nc3ccccc3Cl)ncn2)cc1,5.096910013008056,413.161852688,7,3,3.9185000000000016,True
CHEMBL100645,CDK1,8000.0,nM,CCC(CO)Nc1nc(NCc2ccccc2)c2nc(C)n(C(C)C)c2n1,5.096910013008056,368.23245951600006,6,3,3.5105200000000023,True
CHEMBL418793,CDK4,8000.0,nM,Cc1ccccc1Nc1cc(Nc2ccc(OCC(O)CN(C)C)cc2)ncn1,5.096910013008056,393.2164751040001,7,3,3.573520000000001,True
CHEMBL100979,CDK4,8000.0,nM,Cc1nc2ccccn2c1-c1ccnc(N)n1,5.096910013008056,225.10144535199998,4,1,1.6819199999999996,True
CHEMBL368786,CDK1,8080.0,nM,OCCCNc1ncc(-c2cncc(Nc3cccc(Cl)c3)n2)s1,5.092588639225414,361.07640881199995,7,3,3.791400000000001,True
CHEMBL488548,CDK2,8100.0,nM,CC(=O)Nc1ccc2c(c1)/C(=C/Nc1ccc(CN3CCCCC3)cc1)C(=O)NC2=O,5.091514981121351,418.20049069199996,5,3,3.353900000000001,True
CHEMBL5191333,CDK2,8100.0,nM,COc1cc(F)ccc1-c1ccnc2[nH]c(C3CCC(NC(C)=O)C3)nc12,5.091514981121351,368.164854132,4,2,3.5448000000000013,True
CHEMBL461140,CDK2,8200.0,nM,CN(C)CCOc1ccc(/C=C/c2cc(-c3cc4c(=O)[nH]cnc4[nH]3)ccn2)cc1,5.086186147616283,401.1851749760001,5,2,3.4240000000000013,True
CHEMBL2334965,CDK2,8200.0,nM,Nc1nccc(-n2ccc3ccc(Br)cc32)n1,5.086186147616283,288.00105838800005,3,1,2.765200000000001,True
CHEMBL16484,CDK4,8300.0,nM,CC(C)(C)Nc1nc(C(F)(F)F)nc2ccc(-c3cccnc3)cc12,5.080921907623926,346.14053120400007,4,1,4.921000000000004,True
CHEMBL3658034,CDK2,8300.0,nM,CN(C)C1CCN(c2ccc(Nc3ncc4cc(C#N)n(C5CCCC5)c4n3)nc2)CC1,5.080921907623926,430.25934296,7,1,4.087080000000003,True
CHEMBL477877,CDK2,8400.0,nM,O=C1NC(=O)c2ccc(I)cc2/C1=C/NCc1ccc(-c2ccco2)c(O)c1,5.075720713938118,486.00765495999997,5,3,3.6575000000000015,True
CHEMBL3691556,CDK1,8439.0,nM,CN(C)C(=O)c1cc2cnc(Nc3ccc(C(=O)N4CC5CC(C4)N(C)C5)cn3)nc2n1C1CCCC1,5.073709013115137,502.2804723280001,7,1,3.1629000000000005,True
CHEMBL365355,CDK2,8500.0,nM,C[C@@H](C(=O)Nc1cc(C2CC2)[nH]n1)c1ccc(N2CCN(C)C2=O)cc1,5.070581074285707,353.185174976,3,2,2.9011000000000013,True
CHEMBL2035056,CDK2,8600.0,nM,COCCOc1ccc2cc1CN(C)C/C=C/COCc1ccc(o1)-c1ccnc(n1)N2,5.065501548756432,436.21105537600005,8,1,3.518600000000002,True
CHEMBL308848,CDK2,8800.0,nM,Cc1nc2ccccn2c1-c1ccnc(Nc2ccccc2Cl)n1,5.055517327849831,335.093773128,4,1,4.4967200000000025,True
CHEMBL412142,CDK1,8800.0,nM,Cc1cnc(-c2cnc(NCCNc3ccc(C#N)cn3)nc2-c2ccc(Cl)cc2Cl)[nH]1,5.055517327849831,464.103147936,7,3,4.939600000000002,True
CHEMBL203006,CDK1,8800.0,nM,Brc1cccc(-c2cc(NCc3ccncc3)n3ncnc3n2)c1,5.055517327849831,380.0385065160001,5,1,3.560900000000002,True
CHEMBL5073869,CDK9,8835.0,nM,Cc1oc2ccc(-c3cc(N)nc(N)c3)cc2c1C,5.053793446157217,253.1215121,4,2,3.27604,True
CHEMBL5597702,CDK2,8853.0,nM,COc1cc(F)ccc1-c1cc(Nc2cnn(CCCCCC(=O)NO)c2)ncc1F,5.052909535780378,431.176896036,6,3,4.041300000000002,True
CHEMBL5427192,CDK2,8900.0,nM,O=C(O)c1cc(OC(F)F)ccc1NCCc1c[nH]c2ccccc12,5.050609993355087,346.112898812,3,3,4.122100000000002,True
CHEMBL3109954,CDK2,8900.0,nM,CCOc1ccccc1Nc1cc2[nH]c(-c3cn[nH]c3)cc2cn1,5.050609993355087,319.14331016400007,4,3,4.095300000000002,True
CHEMBL99842,CDK4,8900.0,nM,CC(=O)Nc1nccc(-c2c(C)nc3ccccn23)n1,5.050609993355087,267.112010036,4,1,2.0581199999999997,True
CHEMBL5598550,CDK2,8970.0,nM,N#CC1(CNc2cccc(-c3cc(Nc4cnn(CCCCCCC(=O)NO)c4)ncc3Cl)n2)CCOCC1,5.047207556955907,552.236414596,9,4,4.9252800000000025,True
CHEMBL603097,CDK4,9000.0,nM,COc1ccc2nc3[nH]nc(C)c3c(OC)c2c1,5.045757490560675,243.100776656,4,1,2.43672,True
CHEMBL387829,CDK1,9000.0,nM,COc1cc(Nc2ncc(C#N)c(-c3ccccc3)n2)ccc1CN1CCCC1,5.045757490560675,385.19026035600007,6,1,4.363280000000002,True
CHEMBL461739,CDK1,9000.0,nM,CC(C)n1cnc2ccc3nc(C(=N)NCc4ccccc4)sc3c2c1=O,5.045757490560675,377.131031228,5,2,3.702270000000002,True
CHEMBL119982,CDK1,9000.0,nM,Clc1cccc(Nc2[nH]nc3ncnc(NCc4ccccc4)c23)c1,5.045757490560675,350.10467216,5,3,4.362000000000001,True
CHEMBL101558,CDK4,9000.0,nM,CN(C)CC(O)COc1ccc(Nc2cc(Nc3c(F)cccc3F)ncn2)cc1,5.045757490560675,415.18198141600004,7,3,3.5433000000000012,True
CHEMBL5188909,CDK9,9090.0,nM,CC(C)n1cnc2c(NCc3nc4ccc(F)c(F)c4[nH]3)nc(N3CCCC[C@H]3CCO)nc21,5.041436116778033,470.23541395600006,7,3,3.915100000000003,True
CHEMBL487738,CDK2,9100.0,nM,NS(=O)(=O)c1ccc(Nc2cncc(Cl)n2)cc1,5.040958607678906,284.01347420800005,5,2,1.5210000000000004,True
CHEMBL5404411,CDK1,9103.0,nM,COc1ccc(Cc2nnc(N3CCN(C(=O)c4ccccc4)CC3)c3ccccc23)cc1,5.040815457268808,438.205576072,5,0,4.191600000000004,True
CHEMBL6160366,CDK1,9139.0,nM,Cc1ccc(O)c(C)c1-n1c(N)c(C(N)=O)c2c(=O)n(C)c(C)cc21,5.039101322673339,340.1535405,4,3,1.64116,True
CHEMBL3691648,CDK1,9170.0,nM,CN(C)C(=O)c1cc2cnc(Nc3ccc(N4CC5CC4CN5)cn3)nc2n1C1CCCC1,5.03763066432998,446.2542575800001,7,2,2.9373000000000005,True
CHEMBL233765,CDK2,9300.0,nM,N=C1NC(=O)/C(=C/c2ccc(-c3ccc(C(N)=O)cc3)o2)S1,5.031517051446064,313.05211221200005,5,3,2.18417,True
CHEMBL5401470,CDK2,9300.0,nM,O=C(O)c1ccc([N+](=O)[O-])c2c1NC(c1ccc(Cl)cc1)C1CC=CC21,5.031517051446064,370.07203464,4,2,4.772900000000003,True
CHEMBL3971523,CDK2,9350.0,nM,C[C@@H]1CN(c2ccc(Nc3ncc4cc5n(c4n3)C3(CCCC3)CNC5=O)nc2)C[C@H](C)N1,5.029188389127482,446.25425758,7,3,2.7692000000000005,True
CHEMBL86066,CDK1,9400.0,nM,CC(C)n1cnc2c(NCc3ccccc3)nc(NCCO)nc21,5.026872146400301,326.18550932399995,6,3,2.4235,True
CHEMBL5596321,CDK2,9400.0,nM,COC1CCN(C(=O)c2ccc(Nc3cc4[nH]c(C(=O)N(C)C)cc4cn3)c(Cl)c2)CC1,5.026872146400301,455.17241737200004,5,2,3.9127000000000027,True
CHEMBL2011942,CDK2,9410.0,nM,NC(=O)c1cnc2[nH]c(-c3ccc(OCCN4CCCCC4)cc3)nc2c1NCCCNC(=O)C1CCC1,5.026410376572743,519.295788044,7,4,3.306800000000001,True
CHEMBL4074015,CDK1,9600.0,nM,C#Cc1nc(Nc2ccc(S(N)(=O)=O)cc2)nc2[nH]cnc12,5.017728766960431,314.05859456,6,3,0.7252000000000003,True
CHEMBL3919835,CDK2,9620.0,nM,C[C@@H]1CN(c2ccc(Nc3ncc4cc5n(c4n3)C3(CCCCC3)CNC5=O)nc2)C[C@H](C)N1C,5.016824927962187,474.285557708,7,2,3.501500000000002,True
CHEMBL5597605,CDK2,9631.0,nM,COc1cc(F)ccc1-c1cc(Nc2ccc(NC(=O)CCCCCCC(=O)NO)cc2)ncc1F,5.016328617139804,498.207861816,6,4,5.563500000000004,True
CHEMBL1823656,CDK2,9800.0,nM,O=C(N[C@H](c1ccc(Cl)c(Cl)c1)C1CNC1)c1ccc2cnccc2c1,5.008773924307505,385.074867524,3,2,4.232100000000003,True
CHEMBL223360,CDK1,9800.0,nM,Cc1ccc(F)c(NC(=O)Nc2ccc(-c3cccc4[nH]nc(N)c34)cc2)c1,5.008773924307505,375.14953841600004,3,4,4.903620000000003,True
CHEMBL5556898,CDK2,9896.0,nM,CC(=O)Nc1ccc(CNc2nc(OC3CCN(C)CC3)nc3c(C(C)C)cnn23)c(-n2ccnc2)c1,5.004540313378936,503.27572129600014,8,2,3.4769000000000023,True
CHEMBL3977652,CDK2,9960.0,nM,CN1CCN(c2ccc(Nc3ncc4cc5n(c4n3)C3(CCCC3)CNC5=O)nc2)CC1,5.001740661576301,432.238607516,7,2,2.3344000000000005,True
CHEMBL480384,CDK2,10000.0,nM,CN1CCN(c2cccc3[nH]c(-c4n[nH]c5cc(C6=CC7=CC=CNC7C=C6)ccc45)nc23)CC1,5.0,461.23279386400003,5,3,4.223100000000002,True
CHEMBL2111869,CDK1,10000.0,nM,CC(C)n1cnc2c(NC(CO)c3ccccc3)nc(N3CCC[C@@H]3CO)nc21,5.0,396.227374136,7,3,2.513800000000001,True
CHEMBL3085246,CDK1,10000.0,nM,CC(C)(C)n1cnc2c(NCc3ccccc3)nc(N3CCC[C@@H]3CO)nc21,5.0,380.23245951599995,6,2,3.154500000000002,True
CHEMBL5419968,CDK2,10000.0,nM,COC(=O)c1ccc(NCCc2c[nH]c3ccccc23)c(C(=O)O)c1,5.0,338.12665705599994,4,3,3.3073000000000006,True
CHEMBL471790,CDK2,10000.0,nM,COc1cc(N)ccc1-c1ccc2c(-c3nc4c(N5CCN(C)CC5)cccc4[nH]3)n[nH]c2c1,5.0,453.2277084840001,6,3,4.115800000000003,True
CHEMBL3702043,CDK4,10000.0,nM,c1cc2c3cnc(Nc4nsc(NC5CCNC5)n4)nc3n(C3CCCC3)c2cn1,5.0,421.1797127360001,9,3,3.4635000000000016,True
CHEMBL413188,CDK1,10000.0,nM,O=C1NC(=O)c2c1c1c3ccccc3[nH]c1n1cncc21,5.0,276.064725496,3,2,1.8523999999999998,True
CHEMBL2348171,CDK2,10000.0,nM,C#Cc1ccc2ccn(-c3ccnc(N)n3)c2c1,5.0,234.09054632,3,1,1.9839999999999995,True
CHEMBL245725,CDK2,10000.0,nM,CCNC(=O)N1CCC(Nc2nccc(-c3c[nH]c4ccccc34)n2)CC1,5.0,364.201159388,4,3,3.2307000000000015,True
CHEMBL520911,CDK2,10000.0,nM,CN1CCN(c2cccc3[nH]c(-c4n[nH]c5cc(-c6ccc7[nH]ccc7c6)ccc45)nc23)CC1,5.0,447.21714380000003,4,3,5.006300000000003,True
CHEMBL516244,CDK2,10000.0,nM,COc1ccccc1-c1ccc2c(-c3nc4c(N5CCN(C)CC5)cccc4[nH]3)n[nH]c2c1,5.0,438.21680945200006,5,2,4.533600000000003,True
CHEMBL217092,CDK2,10000.0,nM,CN1CCN(CCOc2cc(OC3CCOCC3)c3c(Nc4c(Cl)ccc5c4OCO5)ncnc3c2)CC1,5.0,541.209196804,10,1,3.9395000000000024,True
CHEMBL3797559,CDK1,10000.0,nM,Nc1ncccc1-c1nc2ccccc2[nH]1,5.0,210.09054632,3,2,2.2071,True
CHEMBL333382,CDK2,10000.0,nM,O=C(Nc1cc(C2CCCCC2)[nH]n1)c1ccc(Br)cc1,5.0,347.06332429599996,2,2,4.472200000000003,True
CHEMBL115446,CDK2,10000.0,nM,O=C(Nc1cc(C2CC2)[nH]n1)c1ccccc1Cl,5.0,261.066889684,2,2,3.192800000000001,True
CHEMBL84140,CDK1,10000.0,nM,CC(C)n1cnc2c(N)nc(NCCCO)nc21,5.0,250.15420919599998,6,3,0.7836999999999998,True
CHEMBL602679,CDK2,10000.0,nM,COc1cccc2c1c(Cl)c1c3c(cc(O)c(O)c32)C(=O)N1,5.0,315.02983548000003,4,3,3.631900000000001,True
CHEMBL3702075,CDK6,10000.0,nM,c1cc(Nc2ncc3c4sncc4n(C4CCCC4)c3n2)ncc1N1CCNCC1,5.0,420.1844637680001,8,2,3.704300000000001,True
CHEMBL5285681,CDK4,10000.0,nM,CN(Cc1ccccc1)C(=O)CCc1c[nH]c2ccccc12,5.0,292.15756325999996,1,1,3.7591000000000028,True
CHEMBL392613,CDK2,10000.0,nM,CCNC(=O)N1CCC(Nc2nccc(-n3ccc4ccccc43)n2)CC1,5.0,364.201159388,4,2,3.026300000000001,True
CHEMBL3085249,CDK1,10000.0,nM,CC(C)n1cnc2c(N(Cc3ccccc3)Cc3ccccc3)nc(N3CCC[C@@H]3CO)nc21,5.0,456.26375964400006,6,1,4.575100000000004,True
CHEMBL399042,CDK1,10000.0,nM,COC(=O)c1cccc2[nH]c(-c3n[nH]c4ncc(-c5cncc6ccccc56)cc34)nc12,5.0,420.13347375200004,6,2,4.503000000000002,True
CHEMBL472148,CDK2,10000.0,nM,CC(=O)c1ccc(-c2ccc3c(-c4nc5c(N6CCN(C)CC6)cccc5[nH]4)n[nH]c3c2)cc1,5.0,450.21680945200006,5,2,4.727600000000003,True
CHEMBL471791,CDK2,10000.0,nM,CN1CCN(c2cccc3[nH]c(-c4n[nH]c5cc(-c6ccc(C(=O)O)cc6)ccc45)nc23)CC1,5.0,452.1960740079999,5,3,4.223200000000003,True
CHEMBL1276127,CDK1,10000.0,nM,O=C1Nc2ccccc2/C1=C1/Nc2ccccc2C1=O,5.0,262.07422756,3,2,2.658200000000001,True
CHEMBL5439075,CDK2,10000.0,nM,Cc1cnc2nc1-c1cccc(c1)COC/C=C/COCc1cc(ccc1OCCN1CCCC1)N2,5.0,486.263090948,7,1,5.273220000000004,True
CHEMBL210229,CDK1,10000.0,nM,CC(C)n1cnc2ccc3nc(C(=N)NCCN(C)C)sc3c2c1=O,5.0,358.1575803239999,6,2,2.06367,True
CHEMBL4877117,CDK9,10000.0,nM,Cn1cc(-n2cnc3c(NCc4nc5cc(Cl)c(Cl)cc5[nH]4)nc(N4CCOCC4)nc32)cn1,5.0,498.11986062000005,8,2,3.1808000000000014,True
CHEMBL1800447,CDK1,10000.0,nM,Nc1nccc(-c2cc(N3CCC(O)CC3)ccc2O)n1,5.0,286.142975816,6,3,1.3924999999999998,True
CHEMBL2029907,CDK1,10000.0,nM,CN1CCN(C(=O)c2cc(Nc3ncc4cc(C(=O)O)n(C5CCCC5)c4n3)cn2C)CC1,5.0,451.23318778800007,6,2,2.7143000000000006,True
CHEMBL3702075,CDK4,10000.0,nM,c1cc(Nc2ncc3c4sncc4n(C4CCCC4)c3n2)ncc1N1CCNCC1,5.0,420.1844637680001,8,2,3.704300000000001,True
CHEMBL79049,CDK4,10000.0,nM,CCCCOc1c(C(=O)c2c(F)cc(F)cc2F)c[nH]c2nncc1-2,5.0,349.1038113480001,4,1,3.7367000000000026,True
CHEMBL99782,CDK1,10000.0,nM,CCC(CO)Nc1nc(NCc2ccccc2)c2nc(S)n(C(C)C)c2n1,5.0,386.18888045200003,7,4,3.490800000000002,True
CHEMBL474433,CDK2,10000.0,nM,CN1CCN(c2cccc3[nH]c(-c4n[nH]c5cc(-c6ccc(CN)cc6)ccc45)nc23)CC1,5.0,437.23279386400003,5,3,3.9837000000000025,True
CHEMBL2204592,CDK1,10000.0,nM,CNc1cc(Nc2cnc(C#N)c(O[C@H](C)CN(C)C)n2)ncc1-c1cnn(C)c1,5.0,407.2182064200001,9,2,2.25798,True
CHEMBL474600,CDK2,10000.0,nM,CC(=O)Nc1ccc(-c2ccc3c(-c4nc5c(N6CCN(C)CC6)cccc5[nH]4)n[nH]c3c2)cc1,5.0,465.2277084840001,5,3,4.483400000000003,True
CHEMBL482350,CDK2,10000.0,nM,COc1cc(F)ccc1-c1ccc2c(-c3nc4c(N5CCN(C)CC5)cccc4[nH]3)n[nH]c2c1,5.0,456.2073876400001,5,2,4.672700000000003,True
CHEMBL336995,CDK1,10000.0,nM,CC(C)n1cnc2c(NCc3ccccc3C(F)(F)F)nc(I)nc21,5.0,461.0324281400001,4,1,4.642700000000002,True
CHEMBL405665,CDK9,10000.0,nM,Nc1nccc(-c2c[nH]c3ncccc23)n1,5.0,211.08579528799999,4,2,1.6020999999999999,True
CHEMBL1809195,CDK2,10000.0,nM,COc1cc(N2CCN(C(C)=O)CC2)ccc1Nc1ncc(C)c(-c2cnc3ccccn23)n1,5.0,457.2226231040001,7,1,3.5204200000000014,True
CHEMBL405665,CDK2,10000.0,nM,Nc1nccc(-c2c[nH]c3ncccc23)n1,5.0,211.08579528799999,4,2,1.6020999999999999,True
CHEMBL475640,CDK2,10000.0,nM,COc1ccc(-c2ccc3c(-c4nc5c(N6CCN(C)CC6)cccc5[nH]4)n[nH]c3c2)c(OC)c1,5.0,468.22737413600004,6,2,4.542200000000004,True
CHEMBL3702048,CDK6,10000.0,nM,CCOC(=O)c1ccc(Nc2ncc3c4ccncc4n(C4CCCC4)c3n2)nc1,5.0,402.18042394400004,7,1,4.409900000000002,True
CHEMBL3702069,CDK4,10000.0,nM,CCC(CC)n1c2cnccc2c2cnc(Nc3ccc(N4CC[C@@H](O)C4)nn3)nc21,5.0,418.22295745200006,8,2,3.4452000000000016,True
CHEMBL3691623,CDK1,10072.5,nM,CN(C)C(=O)c1cc2cnc(Nc3ccc(N4C[C@@H]5CNC[C@@H]5C4=O)cn3)nc2n1C1CCCC1,4.996862723939585,474.24917220000003,7,2,2.568999999999999,True
CHEMBL3691608,CDK1,10377.0,nM,CN(C)C(=O)c1cc2cnc(Nc3ccc(C(=O)N4CC5CC4CN5)cn3)nc2n1C1CCCCC1,4.983928183265976,488.2648222640001,7,2,2.9632000000000005,True
CHEMBL3421969,CDK2,10476.0,nM,COc1cc(N2CCN(C)CC2)ccc1Nc1nccc(-c2c[nH]c3cnc(C)cc23)n1,4.979804510246805,429.2277084840001,7,2,3.832320000000002,True
CHEMBL3691633,CDK1,10777.0,nM,CN(C)C(=O)c1cc2cnc(Nc3ccc(N4C(=O)CN5CCC4CC5)cn3)nc2n1C1CCCCCC1,4.96750211714289,516.2961223920001,7,1,3.9780000000000033,True
CHEMBL549585,CDK1,10800.0,nM,C[C@@H]1CNc2c(sc3ccc4nc(-c5cncnc5)ccc4c23)C(=O)N1,4.966576244513051,361.09973110000004,6,2,3.4503000000000013,True
CHEMBL554286,CDK1,10900.0,nM,C[C@@H]1CNc2c(sc3ccc4nc(-c5ccccc5F)ccc4c23)C(=O)N1,4.962573502059376,377.09981135199996,4,2,4.799400000000003,True
CHEMBL1922209,CDK4,11000.0,nM,CCC(O)[C@H](CC)Nc1nc(NCc2cccnc2)c2ncn(C(C)C)c2n1,4.958607314841775,383.24335854800006,7,3,3.375700000000002,True
CHEMBL2163994,CDK2,11000.0,nM,Cc1c(N[C@H]2CC[C@H](N)CC2)nc2ccnn2c1Nc1ccc(F)c(Cl)c1,4.958607314841775,388.157850604,5,3,4.255620000000002,True
CHEMBL542013,CDK2,11000.0,nM,CCSc1nn2c(C)nnc2s1,4.958607314841775,200.019038256,5,0,1.60622,True
CHEMBL206109,CDK2,11000.0,nM,NS(=O)(=O)c1ccc(Nc2cc(OCC3CCCCC3)nc3ncnn23)cc1,4.958607314841775,402.1474095640001,7,2,2.474400000000001,True
CHEMBL3798066,CDK2,11000.0,nM,CN(C)C(=O)c1cccc(-c2cnc(N)c(-c3nc4cccc(N5CCNCC5)c4[nH]3)n2)c1,4.958607314841775,442.2229574520001,7,3,2.3804999999999996,True
CHEMBL131031,CDK1,11000.0,nM,C=CCN(C)c1nc(I)nc2c1ncn2C(C)C,4.958607314841775,357.045043512,4,0,2.6340000000000012,True
CHEMBL5170524,CDK2,11000.0,nM,COc1cc(C(=O)N2CCCC2)ccc1-c1ccnc2[nH]c(C3CCNCC3)cc12,4.958607314841775,404.22122613600004,4,2,3.9415000000000022,True
CHEMBL551722,CDK2,11000.0,nM,Cc1nnc2sc(NN)nn12,4.958607314841775,170.03746519199998,6,2,-0.22018000000000015,True
CHEMBL3954643,CDK2,11100.0,nM,O=C1NCC2(CCCC2)n2c1cc1cnc(Nc3ccc(N4CCNCC4)cn3)nc12,4.954677021213342,418.2229574520001,7,3,1.9921999999999993,True
CHEMBL5556499,CDK9,11621.0,nM,CC(=O)Nc1ccc(CNc2nc(NC3CCNCC3)nc3c(C(C)C)cnn23)cc1,4.934756498813536,422.25425758000006,7,4,2.982100000000001,True
CHEMBL522590,CDK2,11700.0,nM,Cn1cc(C2=C(c3coc4cc(CO)ccc34)C(=O)NC2=O)c2cc(F)c(Cl)cc21,4.931814138253839,424.062612828,4,2,3.776500000000002,True
CHEMBL3654242,CDK1,12000.0,nM,CN(C)C(=O)c1cc2cnc(Nc3ccc(CN4CC(O)C4)cn3)nc2n1C1CCCC1,4.920818753952375,435.2382731680001,7,2,2.563300000000001,True
CHEMBL5184492,CDK6,12000.0,nM,C[C@H]1C[C@@H]2CN1CCn1[nH]c3c(cccc3c1=O)-c1nc3c(cccc3[nH]c1=O)O2,4.920818753952375,403.164439532,5,2,2.0883,True
CHEMBL1922120,CDK1,12000.0,nM,CCC(O)[C@@H](CC)Nc1nc(NCc2cccnc2)c2ncn(C(C)C)c2n1,4.920818753952375,383.24335854800006,7,3,3.375700000000002,True
CHEMBL1922212,CDK4,12000.0,nM,CC[C@H](Nc1nc(NCc2cccnc2)c2ncn(C(C)C)c2n1)C(C)(C)O,4.920818753952375,383.243358548,7,3,3.3757000000000024,True
CHEMBL133042,CDK1,12000.0,nM,Cn1cnc2c(NCc3ccccc3)nc(Cl)nc21,4.920818753952375,273.078123064,4,1,2.628800000000001,True
CHEMBL3421963,CDK2,12295.0,nM,COc1cc(N2CCN(C)CC2)ccc1Nc1cc(-c2c[nH]c3cnccc23)ncn1,4.910271466925264,415.2120584200001,7,2,3.523900000000001,True
CHEMBL5744498,CDK9,12500.0,nM,Nc1cc(-c2ccc3nnn(Cc4ccc(C(=O)O)cc4)c3c2)c(Cl)cn1,4.903089986991944,379.083602368,5,2,3.4754000000000014,True
CHEMBL3809172,CDK4,12500.0,nM,O=C1N=C(C(=O)c2c[nH]c3ccccc23)N/C1=C\c1c[nH]c2cc(O)ccc12,4.903089986991944,370.10659030799997,4,4,3.1069000000000004,True
CHEMBL450383,CDK2,12500.0,nM,O=C1NC(=O)c2ccccc2/C1=C/NCc1ccc(O)c(O)c1,4.903089986991944,310.095356928,5,4,1.4984999999999997,True
CHEMBL3691612,CDK1,12731.0,nM,CN(C)C(=O)c1cc2cnc(Nc3ccc(C(=O)N4CC[C@@H]5CC[C@H](C4)N5)cn3)nc2n1C1CCCC1,4.895137481858923,502.2804723280001,7,2,3.353300000000001,True
CHEMBL3691587,CDK1,12815.0,nM,CN(C)C(=O)c1cc2cnc(Nc3ccc(C(=O)N4CC5CCC(C4)N5C)cn3)nc2n1C1CCCC1,4.892281389479737,502.2804723280001,7,1,3.3054000000000014,True
CHEMBL3691579,CDK1,12965.0,nM,CN(C)C(=O)c1cc2cnc(Nc3ccc(C(=O)N4CC5CCC(C4)N5)cn3)nc2n1[C@@H]1C[C@H]2CC[C@@H]1C2,4.88722747889463,514.2804723280001,7,2,3.209200000000001,True
CHEMBL510863,CDK1,13000.0,nM,CCOC(=N)c1nc2ccc3ncn(C(C)C)c(=O)c3c2s1,4.886056647693163,316.09939675199996,6,1,2.948970000000001,True
CHEMBL4582624,CDK9,13000.0,nM,COC(=O)N1CCN([C@H]2CC[C@H](Nc3nc(Nc4cnn(C)c4)nc4ccc(CC#N)nc34)CC2)CC1,4.886056647693163,504.2709702640001,10,2,2.6750799999999995,True
CHEMBL5404611,CDK2,13000.0,nM,O=C(O)c1ccc(Br)cc1NCCc1c[nH]c2ccccc12,4.886056647693163,358.03168982000005,2,3,4.283200000000002,True
CHEMBL405551,CDK2,13000.0,nM,c1nc(OCC2CCCCC2)c2nc[nH]c2n1,4.886056647693163,232.132411132,4,1,2.3119999999999994,True
CHEMBL103272,CDK1,13000.0,nM,CC(C)C(CO)Nc1nc(Nc2cccc(Cl)c2)c2nc(Cl)n(C(C)C)c2n1,4.886056647693163,422.13886474800006,6,3,4.886400000000003,True
CHEMBL3218000,CDK2,13000.0,nM,C#Cc1cccc(Nc2ncnc3ccc(OCc4ccc(C(=O)Nc5ccccc5N)cc4)cc23)c1,4.886056647693163,485.18517497600004,6,3,5.768200000000003,True
CHEMBL478797,CDK1,13000.0,nM,Cn1c(=O)[nH]c2ncnc(NCCS(=O)(=O)O)c21,4.886056647693163,273.053174832,6,3,-1.0436999999999994,True
CHEMBL1922209,CDK1,13000.0,nM,CCC(O)[C@H](CC)Nc1nc(NCc2cccnc2)c2ncn(C(C)C)c2n1,4.886056647693163,383.24335854800006,7,3,3.375700000000002,True
CHEMBL1922211,CDK4,13000.0,nM,CC[C@H](Nc1nc(NCc2cccnc2)c2ncn(C(C)C)c2n1)C(O)C(C)(C)C,4.886056647693163,411.274658676,7,3,4.011800000000003,True
CHEMBL4471178,CDK2,13000.0,nM,CC(C)n1cnc2c(NCc3cccc(C(F)(F)F)c3)ncnc21,4.886056647693163,335.13578017200007,4,1,4.038100000000003,True
CHEMBL3658072,CDK1,13000.0,nM,CN(C)C(=O)c1cc2cnc(Nc3ccc(C(=O)N4CCC(O)CC4)cn3)nc2n1C1CCCC1,4.886056647693163,477.24883785200007,7,2,2.9837000000000007,True
CHEMBL3691561,CDK1,13206.0,nM,CN(C)C(=O)c1cc2cnc(Nc3ccc(C(=O)N4CC5CCC(C4)N5)cn3)nc2n1C1CCCC1,4.8792287070630085,488.2648222640001,7,2,2.9632000000000005,True
CHEMBL3691650,CDK1,13280.5,nM,CN(C)C(=O)c1cc2cnc(Nc3ccc(N4CCC5(CCCN5)C4=O)cn3)nc2n1C1CCCC1,4.876785573826948,488.2648222640001,7,2,3.245700000000001,True
CHEMBL443338,CDK1,13300.0,nM,O=C1NCc2cccc(-c3cc4cc(O)ccc4[nH]3)c21,4.876148359032914,264.089877624,2,3,2.783900000000001,True
CHEMBL3691669,CDK1,13338.0,nM,CN(C)C(=O)c1cc2cnc(Nc3ccc(N4C[C@H]5CC[C@@H](CC4=O)N5)cn3)nc2n1C1CCCCC1,4.874909286917366,502.2804723280001,7,2,3.6342000000000017,True
CHEMBL600386,CDK2,13400.0,nM,O=C(O)c1cc(O)c(O)c2c1c([N+](=O)[O-])cc1ccccc12,4.872895201635193,299.04298700800007,5,3,3.010600000000001,True
CHEMBL478487,CDK2,13600.0,nM,Cc1ccc(CN/C=C2\C(=O)NC(=O)c3ccc(I)cc32)cc1O,4.866461091629782,434.01274034,4,3,2.705920000000001,True
CHEMBL3125722,CDK2,13600.0,nM,COc1ccc(-c2nc3c(NCCCNC(=O)C4CCCC4)c(-c4nc(C(=O)O)cs4)cnc3[nH]2)cc1,4.866461091629782,520.189274376,8,4,4.563600000000003,True
CHEMBL3421971,CDK2,13713.0,nM,COc1cc(N2CCN(C)CC2)ccc1Nc1nccc(-c2cn(C)c3c(C)nccc23)n1,4.862867523991007,443.2433585480001,7,1,3.8427200000000026,True
CHEMBL3654239,CDK1,14000.0,nM,CN(C)C(=O)c1cc2cnc(Nc3ccc(N4CCCNCC4)cn3)nc2n1C1CCCC1,4.853871964321762,448.26990764400006,7,2,3.1865000000000014,True
CHEMBL1964252,CDK1,14000.0,nM,Cc1cccc(C)c1NS(=O)(=O)c1ccc(N/C=C2\C(=O)Nc3ccc4ncsc4c32)cc1,4.853871964321762,476.0976825,6,3,5.119040000000004,True
CHEMBL2062581,CDK2,14000.0,nM,CC(=O)Nc1ccc2[nH]cc(-c3cc(NC4CC4)n4ncc(C#N)c4n3)c2c1,4.853871964321762,371.14945816400007,5,3,3.281980000000001,True
CHEMBL1801932,CDK1,14000.0,nM,CC(C)c1cnn2c(NCc3ccccc3)cc(NCCCCCCN)nc12,4.853871964321762,380.26884502400003,5,3,4.395800000000003,True
CHEMBL550712,CDK2,14000.0,nM,Nc1nc(O)c(Cc2nn3c(Cc4ccccc4)nnc3s2)s1,4.853871964321762,344.051401004,8,2,2.1117,True
CHEMBL103567,CDK1,14000.0,nM,Cc1nc2c(Nc3cccc(Cl)c3)nc(NC3CCC(N)CC3)nc2n1C(C)C,4.853871964321762,413.20947157600006,6,3,4.794420000000003,True
CHEMBL3654242,CDK2,14000.0,nM,CN(C)C(=O)c1cc2cnc(Nc3ccc(CN4CC(O)C4)cn3)nc2n1C1CCCC1,4.853871964321762,435.2382731680001,7,2,2.563300000000001,True
CHEMBL1922218,CDK4,14000.0,nM,CC[C@@H](Nc1nc(NCc2cccnc2)c2ncn(C(C)C)c2n1)[C@H](C)O,4.853871964321762,369.227708484,7,3,2.985600000000002,True
CHEMBL3421964,CDK2,14060.0,nM,COc1cc(N2CCN(C(C)=O)CC2)ccc1Nc1cc(-c2c[nH]c3cnccc23)ncn1,4.852014679316195,443.2069730400001,7,2,3.4406000000000008,True
CHEMBL3691628,CDK1,14105.5,nM,CN(C)C(=O)c1cc2cnc(Nc3ccc(N4C[C@H]5CNC[C@H]5CC4=O)cn3)nc2n1C1CCCC1,4.85061151472717,488.26482226400003,7,2,2.9591000000000003,True
CHEMBL3691632,CDK1,14159.0,nM,CN1C[C@H]2CN(c3ccc(Nc4ncc5cc(C(=O)N(C)C)n(C6CCCC6)c5n4)nc3)C(=O)[C@H]2C1,4.848967418243558,488.26482226400003,7,1,2.911200000000001,True
CHEMBL5557269,CDK9,14461.0,nM,CC(C)c1cnn2c(NCc3ccccc3N)nc(OC3CCN(C)CC3)nc12,4.839801673883431,395.24335854800006,7,2,2.915000000000002,True
CHEMBL3421965,CDK2,14789.0,nM,COc1cc(N2CCN(C(C)=O)CC2)ccc1Nc1cc(-c2cn(C)c3cnccc23)ncn1,4.830061191058185,457.2226231040001,7,1,3.4510000000000014,True
CHEMBL3658028,CDK1,14800.0,nM,CN(C)C(=O)c1cc2cnc(Nc3ccc(C(=O)N(C)CCN)cn3)nc2n1C1CCCC1,4.8297382846050425,450.2491722000001,7,2,2.4174999999999995,True
CHEMBL603073,CDK2,15000.0,nM,O=C1Nc2cc3ccccc3c3c4c(cc1c23)OCO4,4.823908740944319,263.05824314800003,3,1,3.2874000000000017,True
CHEMBL3654260,CDK1,15000.0,nM,CN(C)C(=O)c1cc2cnc(Nc3ccc(N4CCN(C[C@H](O)CO)CC4)cn3)nc2n1C1CCCC1,4.823908740944319,508.291037012,9,3,1.8619999999999994,True
CHEMBL556836,CDK2,15000.0,nM,c1ccc(Cc2nnc3sc(SSc4nn5c(Cc6ccccc6)nnc5s4)nn23)cc1,4.823908740944319,494.0224264480001,10,0,4.666000000000003,True
CHEMBL570313,CDK2,15000.0,nM,NNc1nn2c(COc3ccc(Cl)cc3)nnc2s1,4.823908740944319,296.024707588,7,2,1.7037999999999998,True
CHEMBL3589660,CDK9,15000.0,nM,O=C(O)c1nc2ccccc2c2[nH]c3c(Cl)cccc3c12,4.823908740944319,296.035255208,2,2,4.220900000000001,True
CHEMBL317281,CDK4,15000.0,nM,CN(C)CC(O)COc1ccc(Nc2cc(Nc3ccc(F)cc3F)ncn2)cc1,4.823908740944319,415.18198141600004,7,3,3.5433000000000012,True
CHEMBL223147,CDK2,15000.0,nM,CCN1C(=O)C(C)(C)c2cc3[nH]c4c(c3cc21)CCCc1c(C)n[nH]c1-4,4.823908740944319,348.195011388,2,2,3.999220000000002,True
CHEMBL5412165,CDK2,15000.0,nM,N#Cc1ccc(NCCc2c[nH]c3ccccc23)c(C(=O)O)c1,4.823908740944319,305.11642672,3,3,3.392380000000001,True
CHEMBL601026,CDK2,15000.0,nM,O=C(O)c1cc2c(c3c1c([N+](=O)[O-])cc1c(O)cccc13)OCO2,4.823908740944319,327.037901628,6,2,3.0337000000000014,True
CHEMBL100664,CDK2,15000.0,nM,COc1ccccc1Nc1ccnc(Nc2ccc(OCC(O)CN(C)C)cc2)n1,4.823908740944319,409.211389724,8,3,3.2737000000000007,True
CHEMBL5394608,CDK2,15000.0,nM,Cn1cc(CCNc2ccc([N+](=O)[O-])cc2C(=O)O)c2cccc(Cl)c21,4.823908740944319,373.082933672,4,2,4.0927000000000024,True
CHEMBL478488,CDK2,15100.0,nM,O=C1NC(=O)c2ccc(I)cc2/C1=C/NCc1ccc(-c2ccccc2)c(O)c1,4.82102305270683,496.028390404,4,3,4.064500000000002,True
CHEMBL333231,CDK1,16000.0,nM,Clc1cccc(CNc2[nH]nc3ncnc(Nc4cccc(Cl)c4)c23)c1,4.795880017344075,384.065699808,5,3,5.015400000000001,True
CHEMBL5192139,CDK1,16000.0,nM,COc1cc(F)ccc1-c1ccnc2[nH]c(C3CCNCC3)nc12,4.795880017344075,326.15428944800004,4,2,3.239600000000001,True
CHEMBL1809196,CDK2,16000.0,nM,COc1cc(N2CCN(C(C)=O)CC2)ccc1Nc1ncc(C(F)(F)F)c(-c2cnc3ccccn23)n1,4.795880017344075,511.19435766800007,7,1,4.230800000000002,True
CHEMBL206659,CDK1,16000.0,nM,CS(=O)(=O)c1ccc(Nc2cc(N[C@H]3CC[C@H](N)CC3)nc3ncnn23)cc1,4.795880017344075,401.1633939760001,8,3,1.9531999999999998,True
CHEMBL561985,CDK2,16000.0,nM,Cc1nnc2sc(SCc3ccccc3)nn12,4.795880017344075,262.03468832,5,0,2.7865200000000003,True
CHEMBL447237,CDK1,16000.0,nM,CCC(CO)Nc1nc(NCc2ccccc2)c2nc([N+](=O)[O-])n(C(C)C)c2n1,4.795880017344075,399.20188766,8,3,3.1103000000000014,True
CHEMBL5413620,CDK2,16000.0,nM,Cc1[nH]c2ccccc2c1CCNc1ccc([N+](=O)[O-])cc1C(=O)O,4.795880017344075,339.12190602399994,4,3,3.7373200000000013,True
CHEMBL493940,CDK2,16000.0,nM,CNc1nc2oc(-c3ccccc3)nc2c2c1ncn2C,4.795880017344075,279.112010036,5,1,2.818200000000001,True
CHEMBL334881,CDK4,16200.0,nM,CN1CC[C@H](c2c(O)cc(O)c3c(=O)cc(Sc4ccccc4Cl)oc23)[C@H](O)C1,4.790484985457369,433.0750714199999,7,3,3.788800000000001,True
CHEMBL4106830,CDK2,16460.0,nM,CC(C)[C@H]1CNC(=O)c2cc3cnc(Nc4ccc(N5CCNCC5)cn4)nc3n21,4.783570169123749,406.2229574520001,7,3,1.9199999999999997,True
CHEMBL3980145,CDK2,16500.0,nM,CC1CN(c2ccc(Nc3ncc4cc5n(c4n3)C3(CCCC3)CNC5=O)nc2)CC(C)N1CCC(C)(C)C,4.782516055786093,530.348157964,7,2,4.917800000000004,True
CHEMBL606426,CDK2,16500.0,nM,COc1cccc2c1c(Cl)c([N+](=O)[O-])c1c(C(=O)O)cc(O)c(O)c12,4.782516055786093,363.0145793399999,6,3,3.672600000000001,True
CHEMBL2334966,CDK2,16500.0,nM,N#Cc1ccc2ccn(-c3ccnc(N)n3)c2c1,4.782516055786093,235.08579528799999,4,1,1.8743799999999993,True
CHEMBL3421975,CDK2,16884.0,nM,CS(=O)(=O)c1ccc(-c2nccc(-c3c[nH]c4cnccc34)n2)cc1,4.772524656517629,350.083746688,5,1,3.0904000000000007,True
CHEMBL447758,CDK2,16900.0,nM,O=C1NC(=O)c2ccccc2/C1=C/NCc1cccc(O)c1,4.772113295386326,294.10044230799997,4,3,1.7928999999999997,True
CHEMBL489030,CDK2,16900.0,nM,COc1coc(CN/C=C2\C(=O)NC(=O)c3ccc(Br)cc32)cc1=O,4.772113295386326,404.000783616,6,2,1.8116,True
CHEMBL269881,CDK2,17000.0,nM,Nc1nc(OCC2CCCCC2)c2nc[nH]c2n1,4.769551078621726,247.14331016399998,5,2,1.8941999999999999,True
CHEMBL131378,CDK1,17000.0,nM,CC(C)n1cnc2c(NCc3ccccc3)nc(Cl)nc21,4.769551078621726,301.109423192,4,1,3.6727000000000016,True
CHEMBL3218001,CDK2,17000.0,nM,C#Cc1cccc(Nc2ncnc3ccc(S(=O)(=O)n4ccc(/C=C/C(=O)Nc5ccccc5N)c4)cc23)c1,4.769551078621726,534.1474095640001,7,3,4.627300000000003,True
CHEMBL269538,CDK1,17000.0,nM,COc1ccc2c(c1)[nH]c1c(C)nccc12,4.769551078621726,212.094963004,2,1,3.033120000000001,True
CHEMBL606245,CDK2,17000.0,nM,Cc1c(Nc2c(C#N)cncc2/C=C/CCN2CCC[C@@H](N)C2)ccc2[nH]ccc12,4.769551078621726,400.23754489600003,5,3,4.313000000000002,True
CHEMBL2348172,CDK2,17000.0,nM,Nc1nccc(-n2ccc3ccc(C(F)(F)F)cc32)n1,4.769551078621726,278.077930948,3,1,3.0215000000000005,True
CHEMBL489627,CDK2,17300.0,nM,O=C1NC(=O)c2ccccc2/C1=C/NCc1ccc(O)cc1,4.761953896871205,294.100442308,4,3,1.7928999999999997,True
CHEMBL3421970,CDK2,17368.0,nM,COc1cc(N2CCN(C)CC2)ccc1Nc1nccc(-c2c[nH]c3c(C)nccc23)n1,4.760250189553636,429.2277084840001,7,2,3.832320000000002,True
CHEMBL3691550,CDK1,17590.0,nM,CN(C)C(=O)c1cc2cnc(Nc3ccc(C(=O)N4CC5CCC4C5O)cn3)nc2n1C1CCCCCC1,4.754734160542538,517.2801379800001,7,2,3.7623000000000024,True
CHEMBL445162,CDK2,17600.0,nM,CS(=O)(=O)c1cccc(Nc2nccc(Nc3c(Cl)ccc4c3OCO4)n2)c1,4.7544873321858505,418.05025364,8,2,3.7494000000000014,True
CHEMBL336117,CDK1,18000.0,nM,C=CCN(C)c1nc(I)nc2c1ncn2C,4.7447274948966935,329.013743384,4,0,1.5900999999999998,True
CHEMBL405551,CDK1,18000.0,nM,c1nc(OCC2CCCCC2)c2nc[nH]c2n1,4.7447274948966935,232.132411132,4,1,2.3119999999999994,True
CHEMBL99699,CDK4,18000.0,nM,CC(C)c1ccccc1Nc1cc(Nc2ccc(OCC(O)CN(C)C)cc2)ncn1,4.7447274948966935,421.24777523200004,7,3,4.388500000000002,True
CHEMBL600387,CDK2,18000.0,nM,O=C(O)c1cc(O)c(O)c2c1c([N+](=O)[O-])c(Cl)c1ccccc12,4.7447274948966935,333.004014656,5,3,3.6640000000000024,True
CHEMBL430854,CDK2,18000.0,nM,CN(C)CC(O)COc1ccc(Nc2nccc(Nc3ccc(Cl)cc3)n2)cc1,4.7447274948966935,413.161852688,7,3,3.9185000000000016,True
CHEMBL388566,CDK1,18000.0,nM,O=C1NCCc2[nH]c(-c3ccnc(-c4ccccc4)c3)cc21,4.7447274948966935,289.1215121,2,2,3.029600000000002,True
CHEMBL186290,CDK4,18000.0,nM,Cc1cc2c3c(c1)c(C1=C(c4cnc5ccccn45)C(=O)NC1=O)cn3CCN(C(=O)N1CCCCC1)C2,4.7447274948966935,508.222288756,4,1,3.586120000000003,True
CHEMBL264406,CDK2,18000.0,nM,CC(C)(C)n1nc(-c2cccc3ccccc23)c2c(N)ncnc21,4.7447274948966935,317.16404560800004,4,1,3.9837000000000025,True
CHEMBL5285499,CDK2,18200.0,nM,CCCc1cc(N[C@@H]2CC[C@@H](N)C2)n2nccc2n1,4.739928612014925,259.179695672,4,2,1.9734999999999996,True
CHEMBL489646,CDK2,18300.0,nM,COc1ccc(CN/C=C2\C(=O)NC(=O)c3ccc(-c4ccsc4)cc32)cc1O,4.73754891026957,406.098728056,6,3,3.5300000000000025,True
CHEMBL3134612,CDK2,18782.0,nM,COc1cc(Nc2nccc(-c3ccc(Cl)cc3)n2)cc(OC)c1OC,4.726258163788953,371.10366911599994,6,1,4.566400000000004,True
CHEMBL3663785,CDK9,19000.0,nM,O=C(Nc1ccc(Cl)c(-c2ccnc3[nH]c(C4CCNCC4)cc23)n1)c1ccccc1,4.721246399047171,431.15128800400004,4,3,4.997600000000004,True
CHEMBL100945,CDK2,19000.0,nM,C#CCN(c1cc(Nc2ccc(OCC(O)CN(C)C)cc2)ncn1)c1cc(Cl)ccc1Cl,4.721246399047171,485.13853040000004,7,2,4.599600000000004,True
CHEMBL100664,CDK4,19000.0,nM,COc1ccccc1Nc1ccnc(Nc2ccc(OCC(O)CN(C)C)cc2)n1,4.721246399047171,409.211389724,8,3,3.2737000000000007,True
CHEMBL396360,CDK2,19000.0,nM,N=C1NC(=O)/C(=C/c2ccc(-c3ccccc3[N+](=O)[O-])o2)S1,4.721246399047171,315.031376768,6,2,2.993470000000001,True
CHEMBL1760057,CDK2,19500.0,nM,c1ccc2ncc(Nc3ccnc(Nc4ccc(OCCCN5CCCCC5)cc4)n3)cc2c1,4.709965388637482,454.24810958000006,7,2,5.766800000000004,True
CHEMBL486284,CDK2,19600.0,nM,O=C1NC(=O)c2ccccc2/C1=C/Nc1ccc(CN2CCCCC2)cc1,4.707743928643524,361.179026976,4,2,3.395500000000002,True
CHEMBL1823632,CDK2,19700.0,nM,O=C(NC(c1ccccc1)C1CCNCC1)c1ccc2cnccc2c1,4.705533773838407,345.184112356,3,2,3.7055000000000025,True
CHEMBL513716,CDK1,19800.0,nM,NS(=O)(=O)c1ccc(Nc2nc3ncnc(Nc4c(F)cccc4F)c3s2)cc1,4.703334809738469,434.04312206400004,8,3,3.499100000000001,True
CHEMBL100079,CDK1,20000.0,nM,CCC(CO)Nc1nc(NCc2ccccc2)c2nc(Cl)n(C(C)C)c2n1,4.698970004336019,388.17783710000003,6,3,3.855500000000003,True
CHEMBL316485,CDK1,20000.0,nM,CN1C(=O)Cc2c([nH]c3ccc(Br)cc23)-c2ccccc21,4.698970004336019,340.021125136,1,1,4.116300000000002,True
CHEMBL40362,CDK4,20000.0,nM,CCOc1ccc(NC2=CC(=O)c3sc(C)nc3C2=O)cc1,4.698970004336019,314.072513308,6,1,3.225220000000002,True
CHEMBL151,CDK2,20000.0,nM,O=c1cc(-c2ccc(O)c(O)c2)oc2cc(O)cc(O)c12,4.698970004336019,286.04773804,6,4,2.2824000000000004,True
CHEMBL1234833,CDK4,20000.0,nM,CC(C)c1cnn2c(NCc3ccccc3)cc(N[C@@H](CO)[C@H](O)CO)nc12,4.698970004336019,385.21138972399996,7,5,1.5907999999999995,True
CHEMBL23254,CDK1,20000.0,nM,CC(C)[C@H](CO)Nc1nc(Nc2ccc(C(=O)O)c(Cl)c2)c2ncn(C(C)C)c2n1,4.698970004336019,432.1676663400001,7,4,3.9312000000000022,True
CHEMBL513336,CDK2,20000.0,nM,OCCn1cnc2c(NCc3ccccc3)nc(NCc3ccc(Br)cc3)nc21,4.698970004336019,452.09602139200007,6,3,3.8053000000000017,True
CHEMBL488811,CDK2,20000.0,nM,COc1cc(C2=C(c3cn(COc4ccccc4)c4ccccc34)CNC2=O)cc(OC)c1OC,4.698970004336019,470.18417193199997,5,1,4.744200000000004,True
CHEMBL1922121,CDK1,20000.0,nM,CC[C@@H](Nc1nc(NCc2cccnc2)c2ncn(C(C)C)c2n1)C(O)C(C)C,4.698970004336019,397.259008612,7,3,3.6217000000000024,True
CHEMBL3658032,CDK2,20000.0,nM,CN(C)C(=O)c1cc2cnc(Nc3ccc(N4CCN(C(=O)OC(C)(C)C)CC4)nn3)nc2n1C1CCCC1,4.698970004336019,535.3019360440001,9,1,3.8389000000000024,True
CHEMBL4213770,CDK1,20225.0,nM,CCN1CCN(Cc2cnc(Nc3cc(-c4cc(F)c5nc(C)n(C(C)C)c5c4)ncn3)nc2)CC1,4.69411146971569,489.2764702440001,8,1,4.192820000000003,True
CHEMBL486302,CDK2,20400.0,nM,O=C1NC(=O)c2ccc(I)cc2/C1=C/Nc1ccc(CN2CCCCC2)cc1,4.690369832574102,487.075674944,4,2,4.000100000000003,True
CHEMBL3691622,CDK1,20621.0,nM,CN(C)C(=O)c1cc2cnc(Nc3ccc(N4C[C@H]5CNC[C@H]5C4=O)cn3)nc2n1C1CCCC1,4.685690277755153,474.24917220000003,7,2,2.568999999999999,True
CHEMBL1089405,CDK2,20900.0,nM,CP(C)(=O)c1ccc(Nc2nc(C3CCCC3)nc3c2ncn3CCc2cccc(O)c2)cc1,4.679853713888946,475.21371183,6,2,5.423800000000005,True
CHEMBL2163610,CDK2,21000.0,nM,CC(=O)c1ccc(-c2ccc(Nc3c(C)c(N[C@H]4CCCNC4)nc4ccnn34)cc2)s1,4.6777807052660805,446.1888804520001,7,3,4.876320000000003,True
CHEMBL5394312,CDK2,21000.0,nM,Cn1cc(CCNc2ccc([N+](=O)[O-])cc2C(=O)O)c2ccccc21,4.6777807052660805,339.12190602400005,4,2,3.439300000000001,True
CHEMBL1823653,CDK2,21000.0,nM,O=C(NC(c1ccc(Cl)c(Cl)c1)C1CCCNC1)c1ccc2cnccc2c1,4.6777807052660805,413.10616765200007,3,2,5.012300000000003,True
CHEMBL5440790,CDK2,21000.0,nM,Cc1ccc2c(c1)c(CCNc1ccc([N+](=O)[O-])cc1C(=O)O)cn2C,4.6777807052660805,353.137556088,4,2,3.747720000000001,True
CHEMBL2348165,CDK2,21000.0,nM,Nc1nccc(-n2ccc3ncccc32)n1,4.6777807052660805,211.08579528799999,4,1,1.3977,True
CHEMBL1922211,CDK1,21000.0,nM,CC[C@H](Nc1nc(NCc2cccnc2)c2ncn(C(C)C)c2n1)C(O)C(C)(C)C,4.6777807052660805,411.274658676,7,3,4.011800000000003,True
CHEMBL1922121,CDK4,21000.0,nM,CC[C@@H](Nc1nc(NCc2cccnc2)c2ncn(C(C)C)c2n1)C(O)C(C)C,4.6777807052660805,397.259008612,7,3,3.6217000000000024,True
CHEMBL234944,CDK1,21000.0,nM,CC(C)(N)c1ccc(-c2nc(Nc3ccc(OCCN4CCOCC4)cc3)ncc2C#N)cc1,4.6777807052660805,458.24302420000004,8,2,3.663680000000003,True
CHEMBL482883,CDK2,21000.0,nM,O=C1NC(=O)c2ccccc2/C1=C/Nc1ccc(CN2CCOCC2)cc1,4.6777807052660805,363.15829153199996,5,2,2.2417999999999996,True
CHEMBL474807,CDK2,21500.0,nM,CN1CCN(c2cccc3[nH]c(-c4n[nH]c5cc(-c6ccc(CO)cc6)ccc45)nc23)CC1,4.667561540084395,438.21680945199995,5,3,4.017300000000002,True
CHEMBL5555502,CDK2,21943.0,nM,CC(=O)Nc1cccc(CNc2nc(OC3CCN(C)CC3)nc3c(C(C)C)cnn23)c1N(C)C,4.658703996889934,480.2961223920001,8,2,3.3572000000000015,True
CHEMBL2163616,CDK2,22000.0,nM,COCCOc1ccc(Nc2c(C)c(N[C@H]3CCCNC3)nc3ccnn23)cc1,4.657577319177793,396.22737413600004,7,3,2.9704200000000007,True
CHEMBL150,CDK6,22000.0,nM,O=c1c(O)c(-c2ccc(O)cc2)oc2cc(O)cc(O)c12,4.657577319177793,286.04773804,6,4,2.2824000000000004,True
CHEMBL373834,CDK1,22000.0,nM,O=Nc1c(-c2c(O)[nH]c3c(Br)cccc23)[nH]c2ccccc12,4.657577319177793,354.99563866000005,3,3,5.182200000000003,True
CHEMBL1922210,CDK1,22000.0,nM,CC[C@H](Nc1nc(NCc2cccnc2)c2ncn(C(C)C)c2n1)C(O)C(C)C,4.657577319177793,397.259008612,7,3,3.6217000000000024,True
CHEMBL322640,CDK2,22000.0,nM,CN(C)CC(O)COc1ccc(Nc2cc(Nc3cc(Cl)ccc3Cl)ncn2)cc1,4.657577319177793,447.1228803360001,7,3,4.571900000000003,True
CHEMBL100675,CDK2,22000.0,nM,Cc1ccc(Cl)c(Nc2cc(Nc3ccc(OCC(O)CN(C)C)cc3)ncn2)c1,4.657577319177793,427.17750275200007,7,3,4.2269200000000025,True
CHEMBL456689,CDK1,22300.0,nM,COc1cc2[nH]c3ncnc(N4CCN(C(=S)Nc5ccc(S(=O)(=O)Nc6ncccn6)cc5)CC4)c3c2cc1OC,4.651695136951839,605.162742344,10,3,3.238100000000002,True
CHEMBL101868,CDK4,23000.0,nM,COc1ccccc1Nc1cc(Nc2ccc(OCC(O)CN(C)C)cc2)ncn1,4.638272163982407,409.21138972400007,8,3,3.2737000000000016,True
CHEMBL328627,CDK1,23000.0,nM,CCn1c2c(c3cc(Br)ccc31)CC(=O)Nc1ccccc1-2,4.638272163982407,354.0367752,1,1,4.585300000000003,True
CHEMBL1922122,CDK1,23000.0,nM,CC[C@@H](Nc1nc(NCc2cccnc2)c2ncn(C(C)C)c2n1)C(O)C(C)(C)C,4.638272163982407,411.274658676,7,3,4.011800000000003,True
CHEMBL522011,CDK2,23000.0,nM,CNc1nc2c(nc(-c3ccccc3)n2C)c2c1ncn2C,4.638272163982407,292.143644512,4,1,2.5637000000000008,True
CHEMBL551318,CDK2,23000.0,nM,Cc1nnc2sc(SSc3nn4c(C)nnc4s3)nn12,4.638272163982407,341.9598261920001,10,0,2.1012399999999993,True
CHEMBL550856,CDK2,23000.0,nM,Sc1nn2c(Cc3ccccc3)nnc2s1,4.638272163982407,248.019038256,5,1,2.0652999999999997,True
CHEMBL4573345,CDK4,23000.0,nM,CCOC(=O)Sc1cnc(NC(C)=O)s1,4.638272163982407,246.01328418,6,1,2.3501000000000003,True
CHEMBL488646,CDK2,23000.0,nM,COc1cc(C2=C(c3cn(COC(C)(C)C)c4ccccc34)CNC2=O)cc(OC)c1OC,4.638272163982407,450.21547205999997,5,1,4.480300000000003,True
CHEMBL1235213,CDK2,23000.0,nM,CCOc1ccc(Nc2c(C)c(N[C@H]3CCCNC3)nc3ccnn23)cc1,4.638272163982407,366.21680945200006,6,3,3.3439200000000016,True
CHEMBL5512510,CDK2,23678.0,nM,CC(=O)Nc1ccccc1CNc1nc(OC2CCN(C)CC2)nc2c(C(C)C)cnn12,4.625654983775391,437.2539232320001,7,2,3.2912000000000017,True
CHEMBL563674,CDK2,24000.0,nM,S=c1[nH]c(=S)c2c(Cc3nn4c(Cc5ccccc5)nnc4s3)n[nH]c2[nH]1,4.619788758288394,412.0347053840001,7,3,3.358880000000001,True
CHEMBL557237,CDK2,24000.0,nM,CCSc1nn2c(Cc3ccccc3)nnc2s1,4.619788758288394,276.050338384,5,0,2.888600000000001,True
CHEMBL99699,CDK2,24000.0,nM,CC(C)c1ccccc1Nc1cc(Nc2ccc(OCC(O)CN(C)C)cc2)ncn1,4.619788758288394,421.24777523200004,7,3,4.388500000000002,True
CHEMBL550855,CDK2,24000.0,nM,Cc1nnc2sc(Cc3n[nH]c4[nH]c(=S)[nH]c(=S)c34)nn12,4.619788758288394,336.00340525600006,7,3,2.0765,True
CHEMBL5428382,CDK2,24000.0,nM,Cc1cccc2c(CCNc3ccc([N+](=O)[O-])cc3C(=O)O)cn(C)c12,4.619788758288394,353.137556088,4,2,3.747720000000002,True
CHEMBL557238,CDK2,24000.0,nM,CCSc1nn2c(COc3ccc(Cl)cc3)nnc2s1,4.619788758288394,326.00628065200004,6,0,3.5302000000000016,True
CHEMBL2163623,CDK2,24000.0,nM,CCc1c(NC2CCCNC2)nc2ccnn2c1Nc1ccc(F)c(Cl)c1,4.619788758288394,388.157850604,5,3,3.9917000000000025,True
CHEMBL1922122,CDK4,24000.0,nM,CC[C@@H](Nc1nc(NCc2cccnc2)c2ncn(C(C)C)c2n1)C(O)C(C)(C)C,4.619788758288394,411.274658676,7,3,4.011800000000003,True
CHEMBL14762,CDK6,24500.0,nM,CC[C@H](CO)Nc1nc(NCc2ccccc2)c2ncn(C(C)C)c2n1,4.610833915635467,354.216809452,6,3,3.2021000000000015,True
CHEMBL133213,CDK1,25000.0,nM,OCCNc1nc(NCc2ccccc2)c2[nH]cnc2n1,4.6020599913279625,284.138559132,6,4,1.3691999999999995,True
CHEMBL604748,CDK2,25000.0,nM,COc1cc(O)cc2c1cc([N+](=O)[O-])c1c(C(=O)O)cc3c(c12)OCO3,4.6020599913279625,357.048466312,7,2,3.042300000000002,True
CHEMBL2163608,CDK2,25000.0,nM,Cc1nc2ccc(Nc3c(C)c(N[C@H]4CCCNC4)nc4ccnn34)cc2s1,4.6020599913279625,393.17356473600006,7,3,3.8633400000000018,True
CHEMBL1922120,CDK4,25000.0,nM,CCC(O)[C@@H](CC)Nc1nc(NCc2cccnc2)c2ncn(C(C)C)c2n1,4.6020599913279625,383.24335854800006,7,3,3.375700000000002,True
CHEMBL316887,CDK2,25000.0,nM,CN(C)CC(O)COc1ccc(Nc2cc(Nc3ccccc3[N+](=O)[O-])ncn2)cc1,4.6020599913279625,424.185903248,9,3,3.173300000000001,True
CHEMBL50,CDK6,25000.0,nM,O=c1c(O)c(-c2ccc(O)c(O)c2)oc2cc(O)cc(O)c12,4.6020599913279625,302.04265266,7,5,1.988,True
CHEMBL102136,CDK4,25000.0,nM,Cc1ccc(Nc2cc(Nc3ccc(OCC(O)CN(C)C)cc3)ncn2)cc1,4.6020599913279625,393.21647510400004,7,3,3.573520000000002,True
CHEMBL3797559,CDK2,25000.0,nM,Nc1ncccc1-c1nc2ccccc2[nH]1,4.6020599913279625,210.09054632,3,2,2.2071,True
CHEMBL600828,CDK2,25000.0,nM,COc1c(O)ccc2c1cc([N+](=O)[O-])c1c(C(=O)O)cc3c(c12)OCO3,4.6020599913279625,357.048466312,7,2,3.042300000000002,True
CHEMBL3691629,CDK1,25059.0,nM,CN(C)C(=O)c1cc2cnc(Nc3ccc(N4C[C@@H]5CNC[C@@H]5CC4=O)cn3)nc2n1C1CCCC1,4.601036263874479,488.26482226400003,7,2,2.9591000000000003,True
CHEMBL48614,CDK4,25250.0,nM,CN1CCC(c2c(O)cc(O)c3c2O/C(=C\c2ccccc2Cl)C3=O)CC1,4.597738617545319,385.10808579999997,5,2,4.176600000000002,True
CHEMBL606245,CDK1,26000.0,nM,Cc1c(Nc2c(C#N)cncc2/C=C/CCN2CCC[C@@H](N)C2)ccc2[nH]ccc12,4.585026652029182,400.23754489600003,5,3,4.313000000000002,True
CHEMBL99687,CDK2,26000.0,nM,Cc1ccc(Nc2ccnc(Nc3ccc(OCC(O)CN(C)C)cc3)n2)cc1,4.585026652029182,393.21647510400004,7,3,3.573520000000002,True
CHEMBL203006,CDK2,26000.0,nM,Brc1cccc(-c2cc(NCc3ccncc3)n3ncnc3n2)c1,4.585026652029182,380.0385065160001,5,1,3.560900000000002,True
CHEMBL2062563,CDK2,26000.0,nM,CC(=O)Nc1ccc2ccn(-c3cc(NC4CC4)n4ncc(C#N)c4n3)c2c1,4.585026652029182,371.14945816400007,5,2,3.077580000000001,True
CHEMBL1087650,CDK2,26400.0,nM,CN1C[C@@H]2C[C@H]1CN2c1ccc(-c2ccnc3c(-c4cccc(O)c4)c(-c4ccncc4)nn23)cc1,4.578396073130169,474.21680945200006,6,1,4.723600000000005,True
CHEMBL483535,CDK2,26500.0,nM,N#Cc1ccc2c(c1)/C(=C/Nc1ccc(CN3CCCCC3)cc1)C(=O)NC2=O,4.576754126063192,386.174275944,5,2,3.2671800000000006,True
CHEMBL232148,CDK2,27000.0,nM,NS(=O)(=O)c1ccc(-c2ccc(/C=C3\SC(=O)NC3=O)o2)cc1,4.568636235841013,350.00311342,6,2,1.9179000000000002,True
CHEMBL1806525,CDK2,27000.0,nM,COc1cc(N2CCN(C(C)=O)CC2)ccc1Nc1ncc(C#N)c(-c2cnc3ccccn23)n1,4.568636235841013,468.2022220080001,8,1,3.083680000000001,True
CHEMBL205799,CDK2,27000.0,nM,CC(=O)N1CCN(C(=O)c2cccc(CSc3cnc(NC(=O)c4ccc(N(C)C)cc4)s3)c2)CC1,4.568636235841013,523.171181788,7,1,4.058000000000003,True
CHEMBL318485,CDK4,27000.0,nM,CN(C)CC(O)COc1ccc(Nc2cc(Nc3ccccc3F)ncn2)cc1,4.568636235841013,397.191403228,7,3,3.4042000000000012,True
CHEMBL2163611,CDK2,27000.0,nM,Cc1c(N[C@H]2CCCNC2)nc2ccnn2c1Nc1ccc2c(cnn2C)c1,4.568636235841013,376.21239276800003,6,3,2.831920000000001,True
CHEMBL100811,CDK2,28000.0,nM,CN(C)CC(O)COc1ccc(Nc2cc(Nc3ccccc3Br)ncn2)cc1,4.552841968657781,457.11133710800004,7,3,4.027600000000002,True
CHEMBL495758,CDK1,28000.0,nM,c1ccc2[nH]c(-c3cc[nH]n3)nc2c1,4.552841968657781,184.074896256,2,2,1.9529999999999994,True
CHEMBL495758,CDK2,28000.0,nM,c1ccc2[nH]c(-c3cc[nH]n3)nc2c1,4.552841968657781,184.074896256,2,2,1.9529999999999994,True
CHEMBL1087650,CDK1,28400.0,nM,CN1C[C@@H]2C[C@H]1CN2c1ccc(-c2ccnc3c(-c4cccc(O)c4)c(-c4ccncc4)nn23)cc1,4.546681659952962,474.21680945200006,6,1,4.723600000000005,True
CHEMBL2348176,CDK2,28500.0,nM,Nc1nccc(-n2ccc3ccccc32)n1,4.54515513999149,210.09054632,3,1,2.0027,True
CHEMBL4649135,CDK1,28600.0,nM,CCn1cnc2c(NCc3nc4ccc(F)c(F)c4[nH]3)nc(N3CCCC[C@H]3CCO)nc21,4.543633966870957,456.21976389200006,7,3,3.354100000000002,True
CHEMBL5427167,CDK2,29000.0,nM,Cc1cc(O)c(C(C)C)cc1C1(c2cc(C(C)C)c(O)cc2C)OS(=O)(=O)c2ccccc21,4.537602002101044,466.18139505999994,5,2,5.9722400000000055,True
CHEMBL573578,CDK2,29000.0,nM,CC(C)(C)n1nc(Cc2cccc3ccccc23)c2c(N)ncnc21,4.537602002101044,331.1796956720001,4,1,3.9075000000000024,True
CHEMBL3691660,CDK1,29281.0,nM,CN(C)C(=O)c1cc2cnc(Nc3ccc(N4C[C@H]5CC[C@@H](CC4=O)N5)cn3)nc2n1C1CCCC1,4.533414095405113,488.2648222640001,7,2,3.2441000000000013,True
CHEMBL5285754,CDK1,29300.0,nM,CS(=O)(=O)N1CCC2(CC1)N=C(c1ccc(Br)cc1)C(=O)N2,4.533132379645891,385.009574472,4,1,1.1197000000000001,True
CHEMBL190201,CDK1,29400.0,nM,COc1ccc(-c2oc3ncnc(NCCO)c3c2-c2ccc(OC)cc2)cc1,4.531652669587842,391.153206152,7,2,3.978200000000002,True
CHEMBL4539558,CDK4,29630.0,nM,N=C1NC(=O)/C(=C2/CCNC(=O)c3[nH]cc(Br)c32)N1,4.528268348519949,323.00178666,3,5,0.27597,True
CHEMBL5175957,CDK9,30000.0,nM,COc1cc(=O)n(C)cc1-c1ccnc2[nH]c(C3CCN(CC(=O)N(C)C)CC3)cc12,4.522878745280337,423.227039788,5,1,2.2047999999999996,True
CHEMBL78223,CDK1,30000.0,nM,CC(C)[C@H](CO)Nc1nc(Nc2ccc(Cl)c(C(=O)O)c2)c2ncn(C(C)C)c2n1,4.522878745280337,432.16766634000004,7,4,3.9312000000000014,True
CHEMBL226471,CDK1,30000.0,nM,O=C1NCCc2[nH]c(-c3ccnc(-c4ccccc4F)c3)cc21,4.522878745280337,307.112090288,2,2,3.168700000000001,True
CHEMBL5169987,CDK4,30000.0,nM,Fc1ccc(N2CCCCC2)c(NC(=S)c2ccncc2)c1,4.522878745280337,315.120546796,3,1,3.9986000000000024,True
CHEMBL603494,CDK2,30000.0,nM,O=C(O)c1cc2c(c3c1c([N+](=O)[O-])cc1ccc(O)cc13)OCO2,4.522878745280337,327.037901628,6,2,3.0337000000000014,True
CHEMBL367442,CDK1,30000.0,nM,Nc1ncnc2c1c(-c1ccccc1)cn2-c1ccc(CO)cc1,4.522878745280337,316.13241113199996,4,2,3.162000000000001,True
CHEMBL454973,CDK2,31000.0,nM,CNc1nc2sc(-c3cccc(CNC(C)=O)c3)nc2c2c1ncn2C,4.508638306165727,366.12628019600004,6,2,2.9228000000000005,True
CHEMBL1922210,CDK4,31000.0,nM,CC[C@H](Nc1nc(NCc2cccnc2)c2ncn(C(C)C)c2n1)C(O)C(C)C,4.508638306165727,397.259008612,7,3,3.6217000000000024,True
CHEMBL491064,CDK2,32000.0,nM,Cn1cc(C2=C(c3coc4ccccc34)C(=O)NC2=O)c2cc(C3CC3)ccc21,4.494850021680094,382.131742436,3,1,4.369100000000003,True
CHEMBL5412113,CDK2,32000.0,nM,O=C(O)c1cc([N+](=O)[O-])ccc1NCCc1coc2ccccc12,4.494850021680094,326.090271548,5,2,3.693800000000002,True
CHEMBL4459754,CDK6,32100.0,nM,CC(C)c1cnn2c(NCc3ccccc3)cc(NC[C@@H]3CCNC[C@H]3O)nc12,4.493494967595128,394.24810958,6,4,2.8471000000000015,True
CHEMBL269538,CDK2,33000.0,nM,COc1ccc2c(c1)[nH]c1c(C)nccc12,4.481486060122113,212.094963004,2,1,3.033120000000001,True
CHEMBL318188,CDK4,33000.0,nM,CN(C)CC(O)COc1ccc(Nc2cc(Nc3ccccc3)ncn2)cc1,4.481486060122113,379.20082504000004,7,3,3.2651000000000012,True
CHEMBL176815,CDK1,33000.0,nM,COc1cccc(-c2cn(-c3cccc(CO)c3)c3ncnc(N)c23)c1,4.481486060122113,346.14297581600005,5,2,3.1706000000000003,True
CHEMBL2163624,CDK2,33000.0,nM,Cc1c(NC2CCCNC2)nc2ccnn2c1Nc1ccc(F)c(Cl)c1,4.481486060122113,374.14220054,5,3,3.7377200000000013,True
CHEMBL3421636,CDK2,33215.0,nM,CN1CCN(c2ccc(Nc3cc(-c4c[nH]c5ccccc45)ncn3)cc2)CC1,4.478665743222432,384.20624476800003,5,2,4.120300000000002,True
CHEMBL4297488,CDK6,34000.0,nM,CC(C)c1cnn2c(NCc3ccccc3)cc(NC[C@H]3CCNC[C@@H]3O)nc12,4.468521082957745,394.24810958,6,4,2.8471000000000015,True
CHEMBL1256759,CDK2,34000.0,nM,O=C(O)c1cc([N+](=O)[O-])ccc1NCCCc1ccccc1,4.468521082957745,300.111006992,4,2,3.3377000000000017,True
CHEMBL102047,CDK2,34000.0,nM,CN(C)CC(O)COc1ccc(Nc2nccc(Nc3ccccc3)n2)cc1,4.468521082957745,379.20082504000004,7,3,3.2651000000000012,True
CHEMBL2348175,CDK2,34000.0,nM,Nc1nccc(-n2ccc3ccc(F)cc32)n1,4.468521082957745,228.081124508,3,1,2.1418,True
CHEMBL101557,CDK2,35000.0,nM,CN(C)CC(O)COc1ccc(Nc2cc(Nc3cc(C(F)(F)F)ccc3F)ncn2)cc1,4.455931955649724,465.17878785600004,7,3,4.423000000000003,True
CHEMBL99779,CDK1,35000.0,nM,O=C1Cc2c([nH]c3ccc(Br)cc23)-c2ccccc2N1Cc1ccccc1,4.455931955649724,416.0524252640001,1,1,5.6867000000000045,True
CHEMBL1234833,CDK6,35500.0,nM,CC(C)c1cnn2c(NCc3ccccc3)cc(N[C@@H](CO)[C@H](O)CO)nc12,4.449771646944906,385.21138972399996,7,5,1.5907999999999995,True
CHEMBL3736216,CDK2,36000.0,nM,COc1ccc2[nH]nc(C(=O)NCC3CCN(CCc4ccc(O)cc4)CC3)c2c1,4.443697499232713,408.21614075599996,5,3,2.9616000000000016,True
CHEMBL101052,CDK2,36000.0,nM,COc1ccc(Nc2ccnc(Nc3ccc(OCC(O)CN(C)C)cc3)n2)cc1,4.443697499232713,409.21138972400007,8,3,3.2737000000000016,True
CHEMBL4462126,CDK2,37000.0,nM,CC(C1CC1)n1cnc2c(NCc3cccc(C(F)(F)F)c3)nc(NCCN(C)C)nc21,4.431798275933005,447.2358285560001,6,2,4.4017000000000035,True
CHEMBL563733,CDK2,37000.0,nM,S=c1[nH]c(=S)c2c(Cc3nn4c(COc5ccc(Cl)cc5)nnc4s3)n[nH]c2[nH]1,4.431798275933005,461.9906476520001,8,3,4.000480000000001,True
CHEMBL101558,CDK2,38000.0,nM,CN(C)CC(O)COc1ccc(Nc2cc(Nc3c(F)cccc3F)ncn2)cc1,4.42021640338319,415.18198141600004,7,3,3.5433000000000012,True
CHEMBL2346665,CDK2,38000.0,nM,Nc1nccc(-n2ccc3cnc(Cl)cc32)n1,4.42021640338319,245.04682293599998,4,1,2.0511,True
CHEMBL5432063,CDK2,38000.0,nM,O=C(O)c1cccc([N+](=O)[O-])c1NCCc1c[nH]c2ccccc12,4.42021640338319,325.10625596000006,4,3,3.4289000000000014,True
CHEMBL5407688,CDK2,38000.0,nM,Cc1cc([N+](=O)[O-])cc(C(=O)O)c1NCCc1c[nH]c2ccccc12,4.42021640338319,339.12190602400005,4,3,3.7373200000000013,True
CHEMBL3421979,CDK2,38379.0,nM,Cc1nccc(-c2c[nH]c3cnccc23)n1,4.415906345393664,210.09054632,3,1,2.3283200000000006,True
CHEMBL1952030,CDK2,39000.0,nM,COc1cc[nH]c1/C=C1\C(=O)Nc2ccc([N+](=O)[O-])cc21,4.4089353929735005,285.07495583200006,4,2,2.4242,True
CHEMBL2348180,CDK2,39000.0,nM,N#Cc1ccc2ccn(-c3ccnc(N)c3)c2c1,4.4089353929735005,234.09054632,3,1,2.47938,True
CHEMBL418793,CDK2,39000.0,nM,Cc1ccccc1Nc1cc(Nc2ccc(OCC(O)CN(C)C)cc2)ncn1,4.4089353929735005,393.2164751040001,7,3,3.573520000000001,True
CHEMBL486487,CDK2,39800.0,nM,CN(C)C(=O)c1ccc2c(c1)/C(=C/Nc1ccc(CN3CCCCC3)cc1)C(=O)NC2=O,4.400116927926312,432.21614075599996,5,2,3.0973000000000015,True
CHEMBL3691604,CDK1,39910.0,nM,CC(C)[C@@H](N)C(=O)N1C2CCC1CN(C(=O)c1ccc(Nc3ncc4cc(C(=O)N(C)C)n(C5CCCC5)c4n3)nc1)C2,4.398918272215977,587.333236172,8,2,3.185500000000001,True
CHEMBL102622,CDK4,40000.0,nM,Cc1nc2ccccn2c1-c1ccnc(NC(=O)C(F)(F)F)n1,4.3979400086720375,321.08374460000005,4,1,2.6005200000000004,True
CHEMBL3085242,CDK1,40000.0,nM,OC[C@H]1CCCN1c1nc(NCc2ccccc2)c2ncn(C3CCCCC3)c2n1,4.3979400086720375,406.24810958000006,6,2,3.9047000000000027,True
CHEMBL95477,CDK1,40000.0,nM,O=C1Cc2c([nH]c3ccc(Br)cc23)-c2cccc(O)c2N1,4.3979400086720375,342.00038969200006,2,3,3.7976000000000014,True
CHEMBL131695,CDK1,40000.0,nM,CC(C)=CCNc1nc(Cl)nc2c1ncn2C,4.3979400086720375,251.09377312799998,4,1,2.3948,True
CHEMBL131098,CDK1,40000.0,nM,Cn1cnc2c(NCc3ccccc3)ncnc21,4.3979400086720375,239.11709541599998,4,1,1.9753999999999996,True
CHEMBL337454,CDK1,40000.0,nM,Cn1cnc2c(NCc3ccccc3)nc(N)nc21,4.3979400086720375,254.12799444799998,5,2,1.5575999999999997,True
CHEMBL50,CDK2,40000.0,nM,O=c1c(O)c(-c2ccc(O)c(O)c2)oc2cc(O)cc(O)c12,4.3979400086720375,302.04265266,7,5,1.988,True
CHEMBL312078,CDK1,40000.0,nM,CC(C)[C@H](CO)Nc1nc(Nc2ccc(Br)cc2)c2ncn(C(C)C)c2n1,4.3979400086720375,432.12732152000007,6,3,4.342100000000003,True
CHEMBL4094562,CDK1,40400.0,nM,C#Cc1nc(Nc2ccccc2)nc2[nH]cnc12,4.393618634889395,235.08579528799999,4,2,2.0778,True
CHEMBL323015,CDK2,40400.0,nM,Cc1cc(C)nc(Sc2cc(=O)c3c(O)cc(O)c(C4CCN(C)CC4O)c3o2)n1,4.393618634889395,429.135841836,9,3,2.542240000000001,True
CHEMBL318461,CDK4,41000.0,nM,CN(C)CC(O)COc1ccc(Nc2cc(Nc3ccc(Cl)cc3)ncn2)cc1,4.3872161432802645,413.161852688,7,3,3.9185000000000016,True
CHEMBL4074015,CDK9,41300.0,nM,C#Cc1nc(Nc2ccc(S(N)(=O)=O)cc2)nc2[nH]cnc12,4.384049948343599,314.05859456,6,3,0.7252000000000003,True
CHEMBL3943841,CDK2,41410.0,nM,CN(C)C1CCN(c2ccc(Nc3ncc4cc5n(c4n3)C3(CCCCC3)CNC5=O)nc2)CC1,4.382894769497622,474.285557708,7,2,3.5031000000000025,True
CHEMBL490251,CDK2,41500.0,nM,O=C1NC(=O)c2ccc(I)cc2/C1=C/NCc1ccn(-c2ccccc2)c(=O)c1,4.381951903287908,497.023639372,4,2,2.8428000000000004,True
CHEMBL509435,CDK2,42000.0,nM,COc1cc(C2=C(c3cn(C)c4ccccc34)C(=O)NC2)cc(OC)c1OC,4.376750709602099,378.15795718399994,4,1,3.244700000000001,True
CHEMBL4459754,CDK4,42000.0,nM,CC(C)c1cnn2c(NCc3ccccc3)cc(NC[C@@H]3CCNC[C@H]3O)nc12,4.376750709602099,394.24810958,6,4,2.8471000000000015,True
CHEMBL5407777,CDK2,42000.0,nM,Nc1cc(NCCc2c[nH]c3ccccc23)c(C(=O)O)cc1[N+](=O)[O-],4.376750709602099,340.11715499199994,5,4,3.0111000000000008,True
CHEMBL335966,CDK1,42000.0,nM,CC(C)n1cnc2c(NCc3ccccc3)nc(N3CCC(O)C3)nc21,4.376750709602099,352.20115938799995,6,2,2.5903,True
CHEMBL2348170,CDK2,42000.0,nM,Nc1nccc(-n2ccc3cccnc32)n1,4.376750709602099,211.08579528799999,4,1,1.3977,True
CHEMBL328164,CDK1,43000.0,nM,CSC1=Nc2ccccc2-c2[nH]c3ccc(Br)cc3c2C1,4.366531544420414,355.998281516,2,1,5.546500000000003,True
CHEMBL172973,CDK1,43000.0,nM,COc1cccc(-c2cn(-c3ccccc3)c3ncnc(N)c23)c1,4.366531544420414,316.132411132,4,1,3.678300000000001,True
CHEMBL490053,CDK2,44400.0,nM,COc1ccc(CN(C)/C=C2\C(=O)NC(=O)c3ccc(Br)cc32)cc1O,4.35261702988538,416.037169124,5,2,2.9062000000000014,True
CHEMBL1801932,CDK4,44700.0,nM,CC(C)c1cnn2c(NCc3ccccc3)cc(NCCCCCCN)nc12,4.349692476868063,380.26884502400003,5,3,4.395800000000003,True
CHEMBL6174162,CDK2,44750.0,nM,COc1ccc(NC(=O)NNC(=O)c2oc3ccccc3c2CN2CCN(c3ccccc3)CC2)cn1,4.349206960348069,500.2172033760001,7,3,3.6251000000000024,True
CHEMBL77155,CDK1,45000.0,nM,CC(C)=CCNc1nc(N)nc2c1ncn2C(C)C,4.346787486224656,260.17494464,5,2,2.3674999999999997,True
CHEMBL2348181,CDK2,45000.0,nM,N#Cc1ccc2ccn(-c3cccc(N)n3)c2c1,4.346787486224656,234.09054632,3,1,2.479379999999999,True
CHEMBL5427047,CDK2,45000.0,nM,COc1ccc(NCCc2c[nH]c3ccccc23)c(C(=O)O)c1,4.346787486224656,310.13174243599997,3,3,3.529300000000001,True
CHEMBL2348167,CDK2,45100.0,nM,Nc1nccc(-n2ccc3ccncc32)n1,4.345823458122039,211.08579528799999,4,1,1.3977,True
CHEMBL484274,CDK2,45500.0,nM,CCOc1ccc(CN/C=C2\C(=O)NC(=O)c3ccc(Br)cc32)cc1O,4.341988603342887,416.037169124,5,3,2.954100000000001,True
CHEMBL3421974,CDK2,45885.0,nM,O=C(NC1CCCC1)c1ccc(-c2nccc(-c3c[nH]c4cnccc34)n2)cc1,4.33832926395964,383.17461029200007,4,2,4.359300000000002,True
CHEMBL486285,CDK2,47000.0,nM,CN1CCN(c2ccc(N/C=C3\C(=O)NC(=O)c4cc(Br)ccc43)cc2)CC1,4.327902142064283,440.084788012,5,2,2.9239000000000015,True
CHEMBL5416233,CDK2,47000.0,nM,CC(=O)c1ccc(NCCc2c[nH]c3ccccc23)c(C(=O)O)c1,4.327902142064283,322.1317424359999,3,3,3.723300000000002,True
CHEMBL487526,CDK2,47000.0,nM,CN1CCN(c2ccc(N/C=C3\C(=O)NC(=O)c4ccc(C(=O)N(C)C)cc43)cc2)CC1,4.327902142064283,433.211389724,6,2,1.8631999999999993,True
CHEMBL233349,CDK2,47000.0,nM,N=C1NC(=O)/C(=C/c2ccc(-c3ccc(C(=O)O)cc3)o2)S1,4.327902142064283,314.0361278,5,3,2.7834700000000003,True
CHEMBL1801932,CDK6,47000.0,nM,CC(C)c1cnn2c(NCc3ccccc3)cc(NCCCCCCN)nc12,4.327902142064283,380.26884502400003,5,3,4.395800000000003,True
CHEMBL173478,CDK1,47000.0,nM,Nc1ncnc2c1c(-c1ccccc1)cn2-c1cccc(CO)c1,4.327902142064283,316.13241113199996,4,2,3.1620000000000017,True
CHEMBL259244,CDK2,49000.0,nM,CCC(C)Oc1nc(N)nc2[nH]cnc12,4.309803919971486,207.112010036,5,2,1.1124,True
CHEMBL2163609,CDK2,49000.0,nM,Cc1c(N[C@H]2CCCNC2)nc2ccnn2c1Nc1ccc(C(=O)NC2CCCC2)cc1,4.309803919971486,433.259008612,6,4,3.6176200000000014,True
CHEMBL4297488,CDK4,49000.0,nM,CC(C)c1cnn2c(NCc3ccccc3)cc(NC[C@H]3CCNC[C@@H]3O)nc12,4.309803919971486,394.24810958,6,4,2.8471000000000015,True
CHEMBL506669,CDK1,50000.0,nM,CCOC(=N)c1nc2ccc3ncn(CC)c(=O)c3c2s1,4.301029995663981,302.08374668799996,6,1,2.38797,True
CHEMBL4097255,CDK2,50000.0,nM,c1ccc(-c2cccc3nc(-c4cncnc4)nc(NCc4ccccn4)c23)cc1,4.301029995663981,390.159294576,6,1,4.760900000000003,True
CHEMBL4483629,CDK2,50000.0,nM,Clc1nc(NCc2ccccn2)c2c(-c3ccccc3)cccc2n1,4.301029995663981,346.09852416,4,1,4.957300000000004,True
CHEMBL4094440,CDK2,50000.0,nM,NS(=O)(=O)c1cncc(-c2nc(NCc3ccccn3)c3c(-c4ccccc4)cccc3n2)c1,4.301029995663981,468.13684488,7,2,4.013300000000003,True
CHEMBL132369,CDK1,50000.0,nM,Cn1cnc2c(N)nc(NCCO)nc21,4.301029995663981,208.10725900399999,6,3,-0.6503000000000001,True
CHEMBL1809197,CDK2,53000.0,nM,COc1cc(N2CCN(C(C)=O)CC2)ccc1Nc1ncc(OC)c(-c2cnc3ccccn23)n1,4.275724130399211,473.21753772400007,8,1,3.220600000000001,True
CHEMBL169757,CDK1,54000.0,nM,Nc1ncnc2c1c(-c1ccccc1)cn2-c1ccccc1,4.267606240177032,286.121846448,3,1,3.6697000000000015,True
CHEMBL3421980,CDK2,56703.0,nM,Cc1nccc(-c2cn(Cc3ccccc3)c3cnccc23)n1,4.246393963170954,300.13749651200004,3,0,3.8500200000000024,True
CHEMBL101779,CDK4,57000.0,nM,COc1ccc(Nc2cc(Nc3ccc(OCC(O)CN(C)C)cc3)ncn2)cc1,4.2441251443275085,409.21138972400007,8,3,3.2737000000000007,True
CHEMBL120703,CDK1,57000.0,nM,CC(C)(C)OC(=O)Nc1ccc(Nc2[nH]nc3ncnc(Nc4cccc(Cl)c4)c23)cc1,4.2441251443275085,451.152350624,7,4,5.840500000000003,True
CHEMBL319709,CDK2,59000.0,nM,NC(=O)c1ccc(Nc2nc(N)cc(OCC3CCCCC3)n2)cc1,4.229147988357856,341.18517497600004,6,3,2.860400000000001,True
CHEMBL99280,CDK1,60000.0,nM,C=CCn1c2c(c3cc(Br)ccc31)CC(=O)Nc1ccccc1-2,4.221848749616356,366.0367752,1,1,4.751400000000003,True
CHEMBL2163612,CDK2,62000.0,nM,Cc1c(N[C@H]2CCCNC2)nc2ccnn2c1Nc1ccc(OCCN2CCOCC2)cc1,4.2076083105017466,451.269573296,8,3,2.6562200000000002,True
CHEMBL201307,CDK2,62000.0,nM,COc1cc2c(Nc3ncc(CC(=O)Nc4cccc(F)c4)s3)ncnc2cc1OCCCN1CCC(CO)CC1,4.2076083105017466,580.2268027560001,10,3,4.632000000000005,True
CHEMBL319709,CDK1,63000.0,nM,NC(=O)c1ccc(Nc2nc(N)cc(OCC3CCCCC3)n2)cc1,4.200659450546418,341.18517497600004,6,3,2.860400000000001,True
CHEMBL131382,CDK1,65000.0,nM,CC(C)=CCNc1nc(NCCO)nc2c1ncn2C,4.187086643357144,276.16985925999995,6,3,1.1455999999999997,True
CHEMBL100670,CDK1,65000.0,nM,CCC(CO)Nc1nc(NCc2ccccc2)c2nc(O)n(C(C)C)c2n1,4.187086643357144,370.21172407200004,7,4,2.907700000000001,True
CHEMBL100500,CDK1,70000.0,nM,CCC(CO)Nc1nc(NCc2ccccc2)c2nc(N)n(C(C)C)c2n1,4.154901959985743,369.22770848400006,7,4,2.784300000000001,True
CHEMBL317398,CDK1,70000.0,nM,Cn1cnc2c(N)nc(Cl)nc21,4.154901959985743,183.03117287199998,4,1,0.5989,True
CHEMBL100312,CDK1,70000.0,nM,CC(C)(C)OC(=O)n1c2c(c3cc(Br)ccc31)CC(=O)Nc1ccccc1-2,4.154901959985743,426.057904568,3,1,5.348600000000005,True
CHEMBL1973716,CDK1,70000.0,nM,O=C(Cn1c2ccc(Br)cc2c2nc3ccccc3nc21)NNC(=S)NC1CCCCC1,4.154901959985743,510.0837424560001,4,3,4.3282000000000025,True
CHEMBL599552,CDK2,70000.0,nM,O=C1/C(=C2\Nc3ccccc3C2=O)Nc2ccccc21,4.154901959985743,262.07422756,4,2,2.8148,True
CHEMBL525921,CDK2,70000.0,nM,Cc1ccc(-c2ccc(C(=O)N(C)CCc3c[nH]c4ccccc34)cc2)cc1,4.154901959985743,368.18886338799996,1,1,5.458020000000005,True
CHEMBL3604460,CDK2,71000.0,nM,CC1=C(C(=O)OC2CCCCC2)C(c2ccc([N+](=O)[O-])cc2)C2=C(CC(C)(C)CC2=O)N1,4.1487416512809245,438.21547205999997,6,1,5.074700000000004,True
CHEMBL67655,CDK4,74500.0,nM,Nc1cccc(-c2cccc3c2[nH]c2ccc4ccc(O)cc4c23)c1,4.127843727251707,324.12626313199996,2,3,5.429100000000004,True
CHEMBL132948,CDK1,75000.0,nM,Ic1nc(NCc2ccccc2)c2ncn(C3CCCC3)c2n1,4.1249387366083,419.06069357600006,4,1,4.158100000000003,True
CHEMBL3545110,CDK2,76000.0,nM,CN(C)C(=O)c1cc2cnc(Nc3ccc(N4CCNCC4)cn3)nc2n1C1CCCC1,4.119186407719209,434.25425758000006,7,2,2.7964,True
CHEMBL77262,CDK1,80000.0,nM,CC(C)[C@H](CO)Nc1nc(Nc2ccc(Cl)cc2)c2ncn(C(C)C)c2n1,4.096910013008056,388.1778371000001,6,3,4.233000000000002,True
CHEMBL328623,CDK2,81000.0,nM,Cc1ccc(F)c(Nc2cc(Nc3ccc(OCC(O)CN(C)C)cc3)ncn2)c1,4.091514981121351,411.20705329200007,7,3,3.712620000000003,True
CHEMBL173453,CDK1,82500.0,nM,Nc1ncnc2c1c(-c1ccccc1)cn2-c1ccc(CNCCO)cc1,4.0835460514500745,359.174610292,5,3,2.7516,True
CHEMBL101868,CDK2,85000.0,nM,COc1ccccc1Nc1cc(Nc2ccc(OCC(O)CN(C)C)cc2)ncn1,4.070581074285707,409.21138972400007,8,3,3.2737000000000016,True
CHEMBL499521,CDK2,85000.0,nM,Nc1c[nH]nc1C(=O)Nc1ccc(F)cc1,4.070581074285707,220.076039128,3,3,1.3833000000000002,True
CHEMBL335938,CDK1,90000.0,nM,Ic1nc(NCc2ccccc2)c2ncn(C3CCCCC3)c2n1,4.045757490560675,433.07634364000006,4,1,4.548200000000003,True
CHEMBL133214,CDK1,90000.0,nM,Nc1nc(NCc2ccccc2)c2[nH]cnc2n1,4.045757490560675,240.11234438399998,5,3,1.5471999999999997,True
CHEMBL174634,CDK1,90000.0,nM,Cc1ccccc1-c1cn(-c2ccccc2)c2ncnc(N)c12,4.045757490560675,300.13749651200004,3,1,3.9781200000000014,True
CHEMBL285527,CDK2,91000.0,nM,O=S(=O)(O)c1cccc2cccc(Nc3ccccc3)c12,4.040958607678906,299.061614276,3,2,3.8301000000000016,True
CHEMBL498705,CDK2,91000.0,nM,CN(CCc1c[nH]c2ccccc12)C(=O)c1ccc(-c2ccc(-c3ccccc3)cc2)cc1,4.040958607678906,430.20451345199996,1,1,6.816600000000006,True
CHEMBL457179,CDK2,92000.0,nM,CN(CCc1c[nH]c2ccccc12)C(=O)c1ccc(-c2ccncc2)cc1,4.036212172654444,355.168462292,2,1,4.5446000000000035,True
CHEMBL317281,CDK2,93000.0,nM,CN(C)CC(O)COc1ccc(Nc2cc(Nc3ccc(F)cc3F)ncn2)cc1,4.031517051446065,415.18198141600004,7,3,3.5433000000000012,True
CHEMBL102622,CDK2,95000.0,nM,Cc1nc2ccccn2c1-c1ccnc(NC(=O)C(F)(F)F)n1,4.022276394711152,321.08374460000005,4,1,2.6005200000000004,True
CHEMBL99647,CDK2,95000.0,nM,CN(C)CC(O)COc1ccc(Nc2cc(Nc3ccccc3Cl)ncn2)cc1,4.022276394711152,413.161852688,7,3,3.9185000000000016,True
CHEMBL1222565,CDK2,95000.0,nM,O=C(NC[C@@H]1CCCN1)c1ccc(-c2cnc3ccc(NCc4ccc(Cl)c(Cl)c4)nn23)cc1,4.022276394711152,494.13886474800006,5,3,4.797000000000003,True
CHEMBL197077,CDK2,96000.0,nM,NC1=NONC1N1N=NC(C(=O)N/N=C/c2ccncc2)C1CN1CCCCC1,4.017728766960432,400.20837000800003,11,3,-0.42929999999999713,True
CHEMBL5278835,CDK2,96000.0,nM,Nc1nonc1-n1nnc(C(=O)/N=N/Cc2ccncc2)c1CN1CCCCC1,4.017728766960432,396.17706988000003,10,1,1.4059999999999993,True
CHEMBL445420,CDK2,97000.0,nM,O=C(Nc1ccccc1)c1cc[nH]n1,4.013228265733755,187.074561908,2,2,1.6619999999999997,True
CHEMBL4531006,CDK4,98460.0,nM,N=C1NC(=O)/C(=C2/CCNC(=O)c3[nH]c(Br)c(Br)c32)N1,4.006740168563264,400.91229872800005,3,5,1.0384700000000002,True
CHEMBL522760,CDK2,99000.0,nM,COc1cccc2c(C3=C(c4cn(C)c5cc(Cl)c(F)cc45)C(=O)NC3=O)coc12,4.00436480540245,424.06261282799994,4,1,4.292800000000002,True
CHEMBL133477,CDK1,100000.0,nM,Ic1nc(NCc2ccccc2)c2ncn(Cc3ccccc3)c2n1,4.0,441.04504351200006,4,1,4.091300000000002,True
CHEMBL77732,CDK1,100000.0,nM,COc1ccc(CNc2nc(N[C@@H](CO)CC(C)C)nc3c2ncn3C(C)C)cc1,4.0,412.25867426400004,7,3,3.8468000000000027,True
CHEMBL14762,CDK4,100000.0,nM,CC[C@H](CO)Nc1nc(NCc2ccccc2)c2ncn(C(C)C)c2n1,4.0,354.216809452,6,3,3.2021000000000015,True
CHEMBL259850,CDK2,100000.0,nM,COc1ccc(CNC(=O)Nc2ncc([N+](=O)[O-])s2)cc1,4.0,308.057925864,6,2,2.3815999999999997,True
CHEMBL74799,CDK1,100000.0,nM,CC(C)[C@H](CO)Nc1nc(Nc2ccc(O)c(C(=O)O)c2)c2ncn(C(C)C)c2n1,4.0,414.20155331200004,8,5,2.9834000000000014,True
CHEMBL29197,CDK1,100000.0,nM,COc1cc2ncnc(Nc3cccc(Br)c3)c2cc1OC,4.0,359.02693878799994,5,1,4.153100000000003,True
CHEMBL3616877,CDK2,105100.0,nM,CCOc1cc(C(=O)Nc2ccc(S(=O)(=O)Nc3nc(C)cc(C)n3)cc2)cc(OCC)c1OCC,3.978397283971757,514.18860568,8,2,4.342640000000004,True
CHEMBL474441,CDK2,109000.0,nM,CNc1ccc(-c2ccc3c(-c4nc5c(N6CCN(C)CC6)cccc5[nH]4)n[nH]c3c2)cc1,3.962573502059376,437.2327938640001,5,3,4.5667000000000035,True
CHEMBL133740,CDK1,110000.0,nM,CC(C)n1cnc2c(N3CC=CCC3)nc(NCCO)nc21,3.958607314841775,302.185509324,6,2,1.5776999999999999,True
CHEMBL364811,CDK1,111400.0,nM,CN(CCO)c1ncnc2oc(-c3ccccc3)c(-c3ccccc3)c12,3.9531148091622894,345.147726848,5,1,3.9853000000000023,True
CHEMBL3545110,CDK1,113000.0,nM,CN(C)C(=O)c1cc2cnc(Nc3ccc(N4CCNCC4)cn3)nc2n1C1CCCC1,3.94692155651658,434.25425758000006,7,2,2.7964,True
CHEMBL457047,CDK2,120000.0,nM,NS(=O)(=O)c1cccc2c(O)cccc12,3.920818753952375,223.030314148,3,2,1.1928,True
CHEMBL337161,CDK1,130000.0,nM,CN(c1nc(Cl)nc2c1ncn2C)C1CCCCC1,3.886056647693163,279.125073256,4,0,2.7856000000000014,True
CHEMBL308714,CDK1,130000.0,nM,CC(C)n1cnc2c(Nc3ccccc3)nc(N3CCCCC3CCO)nc21,3.886056647693163,380.23245951599995,6,2,3.8921000000000023,True
CHEMBL310590,CDK1,130000.0,nM,CC[C@H](CO)Nc1nc(NCc2ccc(OC)cc2)c2ncn(C(C)C)c2n1,3.886056647693163,384.22737413600004,7,3,3.210700000000002,True
CHEMBL515051,CDK2,150000.0,nM,O=C(NCCc1c[nH]c2ccccc12)c1cccc(-c2cccnc2)c1,3.823908740944319,341.152812228,2,2,4.202400000000003,True
CHEMBL337291,CDK1,150000.0,nM,CC(C)n1cnc2c(Cl)nc(I)nc21,3.823908740944319,321.94822193600004,3,0,2.6652000000000013,True
CHEMBL233763,CDK2,150000.0,nM,N=C1NC(=O)/C(=C/c2ccc(-c3ccc(S(=O)(=O)N4CCOCC4)cc3)o2)S1,3.823908740944319,419.060962644,7,2,2.10617,True
CHEMBL336176,CDK1,150000.0,nM,C=CCN(C)c1nc(NCCO)nc2c1ncn2C(C)C,3.823908740944319,290.18550932399995,6,2,1.4336,True
CHEMBL3616869,CDK2,151400.0,nM,CSc1ccc(/C=N/c2cc([N+](=O)[O-])ccc2O)cc1,3.8198741248359465,288.056863244,5,1,3.7729000000000017,True
CHEMBL76592,CDK1,160000.0,nM,CC(C)n1cnc2c(NCc3ccccc3)nc(N3CCCCC3CCO)nc21,3.795880017344075,394.24810957999995,6,2,3.7606000000000033,True
CHEMBL76761,CDK1,170000.0,nM,CC(C)[C@H](CO)Nc1nc(NCc2cccc(I)c2)c2ncn(C(C)C)c2n1,3.769551078621726,494.1291074840001,6,3,4.052700000000002,True
CHEMBL86795,CDK2,185000.0,nM,c1ccc2[nH]ncc2c1,3.7328282715969854,118.053098192,1,1,1.5629,True
CHEMBL130306,CDK1,200000.0,nM,Nc1[nH]c(NCCO)nc2ncnc1-2,3.6989700043360183,194.09160894,6,4,-0.7091000000000001,True
CHEMBL557321,CDK2,200000.0,nM,Fc1ccc2[nH]cc(CCn3ccc4ccccc43)c2c1,3.6989700043360183,278.1219267,0,1,4.504400000000003,True
CHEMBL3085250,CDK1,200000.0,nM,OC[C@H]1CCCN1c1nc(NCc2ccccc2)c2ncn(Cc3ccccc3)c2n1,3.6989700043360183,414.21680945200006,6,2,3.4478000000000018,True
CHEMBL228862,CDK1,200000.0,nM,c1ccc(CNc2ncnc3[nH]cnc23)cc1,3.6989700043360183,225.10144535199998,4,2,1.9649999999999996,True
CHEMBL226345,CDK1,200000.0,nM,Nc1[nH]cnc2ncnc1-2,3.6989700043360183,135.05449516,4,2,-0.11330000000000012,True
CHEMBL80674,CDK1,210000.0,nM,COc1ccc(CNc2nc(N3CCCCC3CCO)nc3c2ncn3C(C)C)cc1,3.677780705266081,424.25867426400004,7,2,3.7692000000000023,True
CHEMBL77610,CDK1,220000.0,nM,CC(C)n1cnc2c(Nc3cccc(Cl)c3)nc(N(CCO)CCO)nc21,3.6575773191777934,390.157101656,7,3,2.5952000000000006,True
CHEMBL311228,CDK1,220000.0,nM,CC(C)n1cnc2/c(=N/c3cccc(Cl)c3)nc(NCCO)[nH]c21,3.6575773191777934,346.13088690800004,5,3,2.6303000000000005,True
CHEMBL77064,CDK1,230000.0,nM,CC(C)n1cnc2c(Nc3cccc(Cl)c3)nc(N(CCO)CCCO)nc21,3.638272163982407,404.17275172,7,3,2.985300000000002,True
CHEMBL310271,CDK1,230000.0,nM,CC(C)n1cnc2c(NCc3ccc(N)cc3)nc(N3CCCCC3CCO)nc21,3.638272163982407,409.259008612,7,3,3.3428000000000027,True
CHEMBL80898,CDK1,230000.0,nM,COc1ccc(CNc2nc(N[C@@H](CO)C(C)C)nc3c2ncn3C(C)C)cc1,3.638272163982407,398.24302420000004,7,3,3.4567000000000023,True
CHEMBL76670,CDK1,240000.0,nM,CC(C)[C@H](CO)Nc1nc(Nc2ccccc2)c2ncn(C(C)C)c2n1,3.6197887582883936,354.216809452,6,3,3.579600000000002,True
CHEMBL330398,CDK1,250000.0,nM,COc1cccc2c1NC(=O)Cc1c-2[nH]c2ccc(Br)cc12,3.6020599913279625,356.01603975600005,2,2,4.100600000000002,True
CHEMBL80225,CDK1,250000.0,nM,COc1ccc(CNc2nc(N(CCO)CCCO)nc3c2ncn3C(C)C)cc1,3.6020599913279625,414.23793882000007,8,3,2.2089999999999996,True
CHEMBL29197,CDK2,250000.0,nM,COc1cc2ncnc(Nc3cccc(Br)c3)c2cc1OC,3.6020599913279625,359.02693878799994,5,1,4.153100000000003,True
CHEMBL335743,CDK1,260000.0,nM,Nc1nc(Cl)c2ncn(C3CCCC3)c2n1,3.585026652029182,237.07812306399998,4,1,2.1769999999999996,True
CHEMBL5410679,CDK2,260000.0,nM,O=C(O)c1ccc(C(F)(F)F)cc1NCCc1c[nH]c2ccccc12,3.585026652029182,348.10856238,2,3,4.539500000000002,True
CHEMBL525530,CDK2,262000.0,nM,CC(C)(C)c1ccc(-c2ccccc2C(=O)NCCc2c[nH]c3ccccc23)cc1,3.5816987086802543,396.220163516,1,2,6.104900000000005,True
CHEMBL80916,CDK1,270000.0,nM,CC(C)n1cnc2c(Nc3cccc(Br)c3)nc(NCCO)nc21,3.568636235841013,390.08037132800007,6,3,3.3175000000000012,True
CHEMBL525538,CDK2,289000.0,nM,COc1ccc(-c2ccc(C(=O)N(C)CCc3c[nH]c4ccccc34)cc2)cc1,3.539102157243452,384.183778008,2,1,5.158200000000004,True
CHEMBL415270,CDK1,290000.0,nM,CC(C)n1cnc2c(Nc3ccc(F)c(Cl)c3)nc(NCCO)nc21,3.5376020021010435,364.121465096,6,3,3.3475000000000015,True
CHEMBL456378,CDK2,296000.0,nM,O=C(c1ccc(-c2cccc(F)c2)cc1)N1CCc2c([nH]c3ccccc23)C1,3.5287082889410613,370.14814144800005,1,1,5.172500000000004,True
CHEMBL79764,CDK1,300000.0,nM,CC(C)n1cnc2c(Nc3cccc(Cl)c3)nc(NC3c4ccccc4C[C@@H]3O)nc21,3.5228787452803374,434.16218703600003,6,3,4.874400000000005,True
CHEMBL306783,CDK1,300000.0,nM,CC[C@H](CO)Nc1nc(Nc2cccc(Cl)c2)c2ncn(C(C)C)c2n1,3.5228787452803374,374.1621870360001,6,3,3.987000000000002,True
CHEMBL336556,CDK1,300000.0,nM,CN1CN=C(NCc2ccccc2)c2[nH]cnc21,3.5228787452803374,241.13274547999998,4,2,1.3533999999999995,True
CHEMBL456584,CDK2,310000.0,nM,O=C(c1ccc(-c2ccccc2F)cc1)N1CCc2c([nH]c3ccccc23)C1,3.508638306165727,370.14814144800005,1,1,5.172500000000004,True
CHEMBL457390,CDK2,312000.0,nM,O=C(c1ccccc1-c1cccnc1)N1CCc2c([nH]c3ccccc23)C1,3.5058454059815576,353.152812228,2,1,4.428400000000003,True
CHEMBL457191,CDK2,318000.0,nM,O=C(c1cccc(-c2ccc(F)cc2)c1)N1CCc2c([nH]c3ccccc23)C1,3.497572880015567,370.14814144800005,1,1,5.172500000000004,True
CHEMBL330897,CDK1,320000.0,nM,Cc1nc(N)c2[nH]cnc2n1,3.4948500216800937,149.070145224,4,2,0.24352000000000013,True
CHEMBL456113,CDK2,321000.0,nM,COc1ccccc1-c1ccc(C(=O)N2CCc3c([nH]c4ccccc34)C2)cc1,3.493494967595128,382.168127944,2,1,5.042000000000004,True
CHEMBL80713,CDK1,330000.0,nM,COc1ccc(CNc2nc(N(CCO)CCO)nc3c2ncn3C(C)C)cc1,3.481486060122113,400.222288756,8,3,1.8188999999999997,True
CHEMBL455931,CDK2,335000.0,nM,O=C(c1cccc(-c2ccccc2F)c1)N1CCc2c([nH]c3ccccc23)C1,3.4749551929631544,370.14814144800005,1,1,5.172500000000004,True
CHEMBL517154,CDK2,340000.0,nM,Cc1ccccc1-c1ccc(C(=O)N2CCc3c([nH]c4ccccc34)C2)cc1,3.4685210829577446,366.17321332399996,1,1,5.341820000000004,True
CHEMBL191632,CDK2,350000.0,nM,Nc1cncc(Cl)n1,3.4559319556497243,129.009374808,3,1,0.7122000000000002,True
CHEMBL457180,CDK2,354000.0,nM,O=C(c1ccccc1-c1ccncc1)N1CCc2c([nH]c3ccccc23)C1,3.4509967379742124,353.152812228,2,1,4.428400000000003,True
CHEMBL457401,CDK2,357000.0,nM,O=C(c1ccccc1-c1ccc(F)cc1)N1CCc2c([nH]c3ccccc23)C1,3.4473317838878064,370.14814144800005,1,1,5.172500000000004,True
CHEMBL80213,CDK1,360000.0,nM,CC(C)[C@H](CO)Nc1nc(Nc2ccc(F)c(Cl)c2)c2ncn(C(C)C)c2n1,3.443697499232713,406.16841528800006,6,3,4.372100000000002,True
CHEMBL456796,CDK2,362000.0,nM,COc1cccc(-c2cccc(C(=O)N3CCc4c([nH]c5ccccc45)C3)c2)c1,3.441291429466834,382.168127944,2,1,5.042000000000004,True
CHEMBL456760,CDK2,375000.0,nM,COc1ccccc1-c1ccccc1C(=O)NCCc1c[nH]c2ccccc12,3.425968732272281,370.16812794400005,2,2,4.816000000000003,True
CHEMBL515356,CDK2,386000.0,nM,Cc1cccc(-c2ccccc2C(=O)N2CCc3c([nH]c4ccccc34)C2)c1,3.413412695328245,366.17321332399996,1,1,5.341820000000004,True
CHEMBL131896,CDK1,400000.0,nM,CN1CN=C(N)c2[nH]cnc21,3.397940008672037,151.08579528799999,4,2,-0.4777,True
CHEMBL569847,CDK2,400000.0,nM,Cc1ccc2[nH]cc(CCn3ccc4ccccc43)c2c1,3.397940008672037,274.146998576,0,1,4.673720000000003,True
CHEMBL311741,CDK1,400000.0,nM,COc1cccc(Nc2nc(NCCO)nc3c2ncn3C(C)C)c1,3.397940008672037,342.18042394400004,7,3,2.5636,True
CHEMBL309978,CDK1,400000.0,nM,CC(C)n1cnc2c(Nc3cccc(F)c3)nc(NCCO)nc21,3.397940008672037,330.160437448,6,3,2.694100000000001,True
CHEMBL311571,CDK1,400000.0,nM,CC(C)n1cnc2c(Nc3cccc(Cl)c3)nc(N[C@@H](CO)c3ccccc3)nc21,3.397940008672037,422.16218703600003,6,3,4.949700000000004,True
CHEMBL463384,CDK2,405000.0,nM,Cc1cccc(-c2ccc(C(=O)N3CCc4c([nH]c5ccccc45)C3)cc2)c1,3.392544976785332,366.17321332399996,1,1,5.341820000000004,True
CHEMBL456121,CDK2,406000.0,nM,Cc1cccc(-c2ccccc2C(=O)NCCc2c[nH]c3ccccc23)c1,3.391473966422806,354.17321332399996,1,2,5.115820000000003,True
CHEMBL456964,CDK2,417000.0,nM,O=C(NCCc1c[nH]c2ccccc12)c1ccccc1-c1cccc(F)c1,3.3798639450262424,358.148141448,1,2,4.946500000000003,True
CHEMBL79329,CDK1,420000.0,nM,CC(C)n1cnc2c(Nc3cccc(C(F)(F)F)c3)nc(NCCO)nc21,3.376750709602099,380.15724388800004,6,3,3.5738000000000016,True
CHEMBL456112,CDK2,424000.0,nM,COc1cccc(-c2ccc(C(=O)N3CCc4c([nH]c5ccccc45)C3)cc2)c1,3.372634143407267,382.168127944,2,1,5.042000000000003,True
CHEMBL99423,CDK1,430000.0,nM,COc1cccc2c1NC(=O)Cc1c-2[nH]c2ccccc12,3.366531544420414,278.105527688,2,2,3.3381000000000016,True
CHEMBL557049,CDK2,430000.0,nM,Clc1ccc2c(ccn2CCc2c[nH]c3ccccc23)c1,3.366531544420414,294.09237616,0,1,5.0187000000000035,True
CHEMBL457190,CDK2,434000.0,nM,O=C(c1ccccc1-c1ccccc1F)N1CCc2c([nH]c3ccccc23)C1,3.3625102704874896,370.14814144800005,1,1,5.172500000000004,True
CHEMBL456995,CDK2,438000.0,nM,O=C(c1ccc(-c2ccc(F)cc2)cc1)N1CCc2c([nH]c3ccccc23)C1,3.3585258894959003,370.14814144800005,1,1,5.172500000000004,True
CHEMBL306183,CDK1,450000.0,nM,COc1ccc(CNc2nc(NC3(CO)CCCC3)nc3c2ncn3C(C)C)cc1,3.346787486224656,410.24302420000004,7,3,3.744900000000003,True
CHEMBL458075,CDK2,465000.0,nM,Cc1cccc(-c2cccc(C(=O)N3CCc4c([nH]c5ccccc45)C3)c2)c1,3.3325470471100465,366.17321332399996,1,1,5.341820000000004,True
CHEMBL456143,CDK2,466000.0,nM,Cc1ccc(-c2cccc(C(=O)N3CCc4c([nH]c5ccccc45)C3)c2)cc1,3.33161408331,366.17321332399996,1,1,5.341820000000004,True
CHEMBL129973,CDK1,470000.0,nM,C=CCN(C)c1nc(NCCO)nc2c1ncn2C,3.327902142064283,262.154209196,6,2,0.3896999999999998,True
CHEMBL97844,CDK1,470000.0,nM,CCN1C(=O)Cc2c([nH]c3ccc(Br)cc23)-c2ccccc21,3.327902142064283,354.0367752,1,1,4.506400000000003,True
CHEMBL515674,CDK2,480000.0,nM,O=C(c1ccccc1-c1cccc(F)c1)N1CCc2c([nH]c3ccccc23)C1,3.3187587626244124,370.14814144800005,1,1,5.172500000000004,True
CHEMBL77365,CDK1,500000.0,nM,CC(C)n1cnc2c(Nc3cccc(Cl)c3)nc(N[C@@H](CO)Cc3ccccc3)nc21,3.3010299956639813,436.17783710000003,6,3,4.819700000000003,True
CHEMBL80611,CDK1,500000.0,nM,CC(C)[C@@H](CO)Nc1nc(Nc2cccc(Cl)c2)c2ncn(C(C)C)c2n1,3.3010299956639813,388.1778371000001,6,3,4.233000000000002,True
CHEMBL258765,CDK2,500000.0,nM,O=C1c2ccccc2-[n+]2ccc3c([nH]c4ccccc43)c21.[Cl-],3.3010299956639813,306.05599065200005,1,1,0.14619999999999994,True
CHEMBL309227,CDK1,500000.0,nM,CCC(C)[C@@H](CO)Nc1nc(Nc2cccc(Cl)c2)c2ncn(C(C)C)c2n1,3.3010299956639813,402.1934871640001,6,3,4.623100000000003,True
CHEMBL305823,CDK1,500000.0,nM,CC(C)n1cnc2c(Nc3cccc(Cl)c3)nc(NC3(CO)CCCC3)nc21,3.3010299956639813,400.17783710000003,6,3,4.521200000000003,True
CHEMBL556095,CDK2,500000.0,nM,Cc1ccc2c(ccn2CCc2c[nH]c3ccccc23)c1,3.3010299956639813,274.146998576,0,1,4.673720000000003,True
CHEMBL213805,CDK2,521000.0,nM,CN(CCc1c[nH]c2ccccc12)C(=O)c1ccc(-c2ccccc2)cc1,3.283162276700476,354.17321332399996,1,1,5.149600000000004,True
CHEMBL80586,CDK1,530000.0,nM,CC(C)C[C@H](CO)Nc1nc(Nc2cccc(Cl)c2)c2ncn(C(C)C)c2n1,3.275724130399211,402.1934871640001,6,3,4.623100000000003,True
CHEMBL75795,CDK1,560000.0,nM,COc1ccc(CNc2nc(NC(CO)CO)nc3c2ncn3C(C)C)cc1,3.2518119729937998,386.206638692,8,4,1.7929999999999997,True
CHEMBL415271,CDK1,600000.0,nM,COc1ccc(CNc2nc(N[C@H](CO)C(C)C)nc3c2ncn3C(C)C)cc1,3.221848749616356,398.24302420000004,7,3,3.4567000000000023,True
CHEMBL509499,CDK2,611000.0,nM,O=C(c1cccc(-c2cccc(F)c2)c1)N1CCc2c([nH]c3ccccc23)C1,3.213958789757446,370.14814144800005,1,1,5.172500000000004,True
CHEMBL458076,CDK2,665000.0,nM,Cc1ccccc1-c1cccc(C(=O)N2CCc3c([nH]c4ccccc34)C2)c1,3.1771783546968955,366.17321332399996,1,1,5.341820000000004,True
CHEMBL80754,CDK1,700000.0,nM,COc1ccc(CNc2nc(NCCO)nc3c2ncn3C(C)C)cc1,3.154901959985743,356.19607400800004,7,3,2.4321,True
CHEMBL559882,CDK2,710000.0,nM,Cc1ccc2c(c1)CCN2C(=O)C(=O)c1c[nH]c2ccc(C)cc12,3.1487416512809245,318.136827816,2,1,3.5567400000000022,True
CHEMBL463383,CDK2,736000.0,nM,Cc1ccc(-c2ccc(C(=O)N3CCc4c([nH]c5ccccc45)C3)cc2)cc1,3.1331221856625016,366.17321332399996,1,1,5.341820000000005,True
CHEMBL498521,CDK2,745000.0,nM,CN(CCc1c[nH]c2ccccc12)C(=O)c1ccc(-c2ccc(C(C)(C)C)cc2)cc1,3.1278437272517072,410.23581357999996,1,1,6.447100000000006,True
CHEMBL556712,CDK2,760000.0,nM,O=C(C(=O)N1CCc2ccccc21)c1c[nH]c2ccccc12,3.1191864077192086,290.105527688,2,1,2.9399000000000006,True
CHEMBL496481,CDK2,764000.0,nM,O=C(NCCc1c[nH]c2ccccc12)c1ccc(-c2ccc(F)cc2)cc1,3.1169066414243103,358.148141448,1,2,4.946500000000003,True
CHEMBL419094,CDK1,790000.0,nM,CC(C)n1cnc2c(Nc3ccc(Cl)cc3)nc(N3CCCCC3CCO)nc21,3.102372908709558,414.19348716400003,6,2,4.545500000000005,True
CHEMBL540971,CDK2,790000.0,nM,O=C(C(=O)N1CCc2cc(F)ccc21)c1c[nH]c2ccccc12,3.102372908709558,308.096105876,2,1,3.0790000000000015,True
CHEMBL498710,CDK2,790000.0,nM,CC(C)(C)c1ccc(-c2ccc(C(=O)NCCc3c[nH]c4ccccc34)cc2)cc1,3.102372908709558,396.22016351599996,1,2,6.104900000000006,True
CHEMBL432356,CDK1,800000.0,nM,CC(C)n1cnc2c(Nc3cccc(Cl)c3)nc(N[C@H](CO)c3ccccc3)nc21,3.096910013008056,422.16218703600003,6,3,4.949700000000004,True
CHEMBL496482,CDK2,816000.0,nM,Cc1ccc(-c2ccc(C(=O)NCCc3c[nH]c4ccccc34)cc2)cc1,3.088309841246139,354.17321332399996,1,2,5.115820000000004,True
CHEMBL559683,CDK2,816000.0,nM,O=C(C(=O)N1CCc2cc(F)ccc21)c1c[nH]c2ccc(F)cc12,3.088309841246139,326.086684064,2,1,3.2181000000000015,True
CHEMBL521733,CDK2,855000.0,nM,O=C(NCCc1c[nH]c2ccccc12)c1ccc(-c2ccccc2)cc1,3.068033885271827,340.15756325999996,1,2,4.807400000000003,True
CHEMBL549303,CDK2,862000.0,nM,Clc1ccc2c(ccn2CCc2c[nH]c3ccc(Cl)cc23)c1,3.0644927341752872,328.053403808,0,1,5.672100000000003,True
CHEMBL498520,CDK2,875000.0,nM,CN(CCc1c[nH]c2ccccc12)C(=O)c1ccc(-c2ccc(F)cc2)cc1,3.057991946977687,372.163791512,1,1,5.288700000000005,True
CHEMBL563948,CDK2,895000.0,nM,Fc1ccc2c(ccn2CCc2c[nH]c3ccc(F)cc23)c1,3.048176964684088,296.112504888,0,1,4.643500000000002,True
CHEMBL80895,CDK1,900000.0,nM,CC(C)n1cnc2c(Nc3cccc(Cl)c3)nc(NCCCO)nc21,3.045757490560675,360.14653697200004,6,3,3.598500000000002,True
CHEMBL561136,CDK2,910000.0,nM,Cc1ccc2c(c1)CCN2C(=O)C(=O)c1c[nH]c2ccccc12,3.040958607678906,304.121177752,2,1,3.2483200000000014,True
CHEMBL552136,CDK2,915000.0,nM,O=C(C(=O)N1CCc2cc(Cl)ccc21)c1c[nH]c2ccc(Cl)cc12,3.0385789059335515,358.027582984,2,1,4.2467000000000015,True
CHEMBL456965,CDK2,921000.0,nM,COc1ccc(-c2ccccc2C(=O)NCCc2c[nH]c3ccccc23)cc1,3.0357403698031518,370.168127944,2,2,4.816000000000003,True
CHEMBL456759,CDK2,926000.0,nM,COc1cccc(-c2ccccc2C(=O)NCCc2c[nH]c3ccccc23)c1,3.033389013318065,370.168127944,2,2,4.816000000000003,True
CHEMBL549792,CDK2,940000.0,nM,c1ccc2c(c1)ccn2CCn1ccc2ccccc21,3.0268721464003017,260.131348512,0,0,4.2962000000000025,True
CHEMBL560393,CDK2,950000.0,nM,c1ccc2c(c1)ccn2CCCCCn1ccc2ccccc21,3.0222763947111524,302.178298704,0,0,5.4665000000000035,True
CHEMBL562198,CDK2,951000.0,nM,Cc1ccc2[nH]cc(C(=O)C(=O)N3CCc4ccccc43)c2c1,3.021819483062586,304.121177752,2,1,3.2483200000000014,True
CHEMBL560278,CDK2,960000.0,nM,Cc1ccc2c(ccn2CCc2c[nH]c3ccc(C)cc23)c1,3.017728766960432,288.16264864,0,1,4.982140000000003,True
CHEMBL551936,CDK2,985000.0,nM,O=C(C(=O)N1CCc2ccccc21)c1c[nH]c2ccc(Cl)cc12,3.006563769502388,324.066555336,2,1,3.593300000000002,True
CHEMBL1242973,CDK4,1000000.0,nM,COC(=O)[C@@]1(Cc2ccc(O)c(CC=C(C)C)c2)OC(=O)C(O)=C1c1ccc(O)cc1,3.0,424.1522031079999,7,3,3.5869000000000018,True
CHEMBL80562,CDK1,1000000.0,nM,COc1ccc(CNc2nc(N(C)CC(O)c3ccccc3)nc3c2ncn3C(C)C)cc1,3.0,446.24302420000004,7,2,4.197700000000004,True
CHEMBL498130,CDK2,1002000.0,nM,O=C(NCCc1c[nH]c2ccccc12)c1cccc(-c2ccccc2)c1,2.999132278468773,340.15756325999996,1,2,4.807400000000003,True
CHEMBL558849,CDK2,1026000.0,nM,c1ccc2c(c1)ccn2CCCCn1ccc2ccccc21,2.988852639224202,288.16264864,0,0,5.076400000000003,True
CHEMBL558601,CDK2,1030000.0,nM,O=C(C(=O)N1CCc2cc(Cl)ccc21)c1c[nH]c2ccccc12,2.987162775294828,324.066555336,2,1,3.593300000000002,True
CHEMBL557456,CDK2,1070000.0,nM,c1ccc2c(c1)ccn2CCCn1ccc2ccccc21,2.9706162223147903,274.146998576,0,0,4.686300000000003,True
CHEMBL527039,CDK2,1085000.0,nM,COc1ccc(-c2ccc(C(=O)NCCc3c[nH]c4ccccc34)cc2)cc1,2.9645702618154512,370.168127944,2,2,4.816000000000003,True
CHEMBL456797,CDK2,1109000.0,nM,COc1ccccc1-c1cccc(C(=O)N2CCc3c([nH]c4ccccc34)C2)c1,2.9550684538508403,382.168127944,2,1,5.042000000000003,True
CHEMBL551612,CDK2,1160000.0,nM,O=C(C(=O)N1CCc2ccccc21)c1c[nH]c2ccc(F)cc12,2.935542010773082,308.096105876,2,1,3.0790000000000015,True
CHEMBL77413,CDK1,1200000.0,nM,COc1ccc(CNc2nc(NCCCO)nc3c2ncn3C(C)C)cc1,2.920818753952375,370.21172407200004,7,3,2.8222000000000005,True
CHEMBL76917,CDK1,1200000.0,nM,CC(C)n1cnc2c(NCc3ccc4ccccc4c3)nc(N3CCCCC3CCO)nc21,2.920818753952375,444.263759644,6,2,4.913800000000005,True
CHEMBL80920,CDK1,1200000.0,nM,CCN(CCO)c1nc(NCc2ccc(OC)cc2)c2ncn(C(C)C)c2n1,2.920818753952375,384.22737413600004,7,2,2.8465000000000007,True
CHEMBL549850,CDK2,1210000.0,nM,c1ccc2c(c1)ccn2CCCCCCn1ccc2ccccc21,2.91721462968355,316.193948768,0,0,5.856600000000005,True
CHEMBL497454,CDK2,1216000.0,nM,O=C(NCCc1c[nH]c2ccccc12)c1ccccc1-c1ccc(F)cc1,2.915066425063284,358.148141448,1,2,4.946500000000003,True
CHEMBL557050,CDK2,1230000.0,nM,c1ccc2c(c1)CCN2CCN1CCc2ccccc21,2.910094888560602,264.16264864,2,0,3.1118000000000015,True
CHEMBL312530,CDK1,1300000.0,nM,COc1ccc(CNc2nc(NCC(O)CO)nc3c2ncn3C(C)C)cc1,2.886056647693163,386.206638692,8,4,1.7929999999999997,True
CHEMBL80701,CDK1,1300000.0,nM,CC(C)n1cnc2c(NCCCc3ccccc3)nc(N3CCCCC3CCO)nc21,2.886056647693163,422.279409708,6,2,4.1932000000000045,True
CHEMBL80859,CDK1,1300000.0,nM,CCCCNc1nc(N2CCCCC2CCO)nc2c1ncn2C(C)C,2.886056647693163,360.263759644,6,2,3.360500000000002,True
CHEMBL80693,CDK1,1400000.0,nM,CC(C)n1cnc2c(Nc3cccc(Cl)c3)nc(N3CCCCC3CCO)nc21,2.853871964321762,414.19348716400003,6,2,4.545500000000005,True
CHEMBL79491,CDK1,1500000.0,nM,CC(C)n1cnc2c(NCCNc3ccccc3)nc(N3CCCCC3CCO)nc21,2.8239087409443187,423.274658676,7,3,3.6725000000000025,True
CHEMBL419830,CDK1,1600000.0,nM,COc1ccc(CNc2nc(NCC(O)CN)nc3c2ncn3C(C)C)cc1,2.795880017344075,385.2226231040001,8,4,1.7593999999999996,True
CHEMBL540188,CDK1,2300000.0,nM,CC(C)n1cnc2c(Nc3cccc(Cl)c3)nc(N[C@H](CO)C(C)(C)C)nc21,2.638272163982407,402.19348716400003,6,3,4.623100000000003,True
CHEMBL75633,CDK1,2700000.0,nM,CC(C)n1cnc2c(Nc3ccc(Cl)cc3Cl)nc(NCCO)nc21,2.568636235841013,380.091914556,6,3,3.861800000000002,True
CHEMBL420571,CDK1,2800000.0,nM,COc1ccc(CNc2nc(N(CCO)Cc3ccccc3)nc3c2ncn3C(C)C)cc1,2.552841968657781,446.24302420000004,7,2,4.026800000000003,True
CHEMBL75319,CDK1,2800000.0,nM,COc1ccc(CNc2nc(NCC(O)c3ccccc3)nc3c2ncn3C(C)C)cc1,2.552841968657781,432.22737413600004,7,3,4.173400000000003,True
CHEMBL77291,CDK1,3000000.0,nM,CC(C)n1cnc2c(NCc3ccccc3C(F)(F)F)nc(N3CCCCC3CCO)nc21,2.5228787452803374,462.2354942080001,6,2,4.779400000000005,True
CHEMBL306288,CDK1,4000000.0,nM,CC(C)n1cnc2c(Nc3cccc(Cl)c3)nc(NCc3ccccc3C(F)(F)F)nc21,2.397940008672037,460.13900698000003,5,2,6.435100000000004,True
CHEMBL76784,CDK1,4000000.0,nM,COc1ccc(CNc2nc(N3CCCCCC3)nc3c2ncn3C(C)C)cc1,2.397940008672037,394.24810958000006,6,1,4.408300000000004,True
CHEMBL307367,CDK1,4300000.0,nM,CC(C)n1cnc2c(Nc3ccccc3Cl)nc(NCCO)nc21,2.366531544420414,346.13088690800004,6,3,3.2084000000000015,True
CHEMBL309495,CDK1,4400000.0,nM,CC(C)n1cnc2c(Nc3cccc(Cl)c3)nc(NCCN(C)C)nc21,2.356547323513812,373.17817144800006,6,2,3.777700000000002,True
CHEMBL445311,CDK1,5000000.0,nM,CC(C)[C@H](CO)N(Cc1cccc(F)c1)c1nc(Nc2cccc(Cl)c2)c2ncn(C(C)C)c2n1,2.3010299956639813,496.21536548000006,6,2,5.966800000000005,True
CHEMBL77145,CDK1,5000000.0,nM,CC(C)n1cnc2c(Nc3cccc(Cl)c3)nc(NC3c4ccccc4C[C@H]3O)nc21,2.3010299956639813,434.16218703600003,6,3,4.874400000000005,True
CHEMBL311488,CDK1,5000000.0,nM,CC(C)n1cnc2c(Nc3cccc(Cl)c3)nc(N[C@H](CO)CC3CCCCC3)nc21,2.3010299956639813,442.22478729200003,6,3,5.547400000000004,True
CHEMBL312406,CDK1,5000000.0,nM,CC(C)n1cnc2c(Nc3cccc(Cl)c3)nc(N(CCO)Cc3ccccc3)nc21,2.3010299956639813,436.17783710000003,6,2,4.803100000000004,True
CHEMBL80755,CDK1,5000000.0,nM,CC(C)[C@H](CO)N(Cc1ccccc1)c1nc(Nc2cccc(Cl)c2)c2ncn(C(C)C)c2n1,2.3010299956639813,478.2247872920001,6,2,5.827700000000005,True
CHEMBL75809,CDK1,5000000.0,nM,COc1ccc(CNc2nc(N(CCN(C)C)Cc3ccccc3)nc3c2ncn3C(C)C)cc1,2.3010299956639813,473.2903087400001,7,1,4.596100000000004,True
CHEMBL77122,CDK1,5000000.0,nM,CCN(c1nc(Nc2cccc(Cl)c2)c2ncn(C(C)C)c2n1)[C@@H](CO)C(C)C,2.3010299956639813,416.20913722800003,6,2,4.647400000000004,True
CHEMBL77119,CDK1,5300000.0,nM,CC(C)[C@H](CO)N(CC1CCCCC1)c1nc(Nc2cccc(Cl)c2)c2ncn(C(C)C)c2n1,2.275724130399211,484.2717374840001,6,2,6.207800000000007,True
CHEMBL77126,CDK1,6000000.0,nM,CC(C)n1cnc2c(NCc3cccc(I)c3)nc(N3CCCCC3CCO)nc21,2.221848749616356,520.144757548,6,2,4.365200000000004,True
CHEMBL75924,CDK1,6500000.0,nM,COc1ccc(CNc2nc(N3CCC(O)CC3)nc3c2ncn3C(C)C)cc1,2.1870866433571443,396.22737413600004,7,2,2.9890000000000017,True
CHEMBL78227,CDK1,7000000.0,nM,COc1ccc(CNc2nc(N3CCN(CCO)CC3)nc3c2ncn3C(C)C)cc1,2.154901959985743,425.2539232320001,8,2,2.142199999999999,True
CHEMBL80402,CDK1,7000000.0,nM,CC(C)n1cnc2c(Nc3cccc(Cl)c3)nc(N(CCN(C)C)Cc3ccccc3)nc21,2.154901959985743,463.22512164000005,6,1,5.372400000000005,True
CHEMBL80758,CDK1,9000000.0,nM,CC(C)n1cnc2c(NCCC(c3ccccc3)c3ccccc3)nc(N3CCCCC3CCO)nc21,2.045757490560675,498.31070983600006,6,2,5.782600000000007,True
CHEMBL75973,CDK1,9000000.0,nM,COc1ccccc1Nc1nc(NCCO)nc2c1ncn2C(C)C,2.045757490560675,342.18042394400004,7,3,2.5636,True
CHEMBL307891,CDK1,10000000.0,nM,CC(C)n1cnc2c(Nc3ccccc3C(F)(F)F)nc(NCCO)nc21,2.0,380.15724388800004,6,3,3.5738000000000016,True
CHEMBL80203,CDK1,10000000.0,nM,Cc1ccc(CN(c2nc(Nc3cccc(Cl)c3)c3ncn(C(C)C)c3n2)[C@@H](CO)C(C)C)cc1,2.0,492.24043735600003,6,2,6.136120000000007,True
CHEMBL276120,CDK1,10000000.0,nM,CC(C)[C@H](CO)N(Cc1ccc(F)cc1)c1nc(Nc2cccc(Cl)c2)c2ncn(C(C)C)c2n1,2.0,496.21536548000006,6,2,5.966800000000005,True
CHEMBL76921,CDK1,10800000.0,nM,COc1ccc(CNc2nc(N3CCN(C)CC3)nc3c2ncn3C(C)C)cc1,1.9665762445130504,395.24335854800006,7,1,2.779700000000001,True
CHEMBL78214,CDK1,33000000.0,nM,CC(C)[C@H](CO)Nc1nc(Nc2ccc(N)c(Cl)c2)c2ncn(C(C)C)c2n1,1.481486060122113,403.18873613200003,7,4,3.8152000000000017,True
CHEMBL311354,CDK1,52000000.0,nM,CC(C)[C@H](CO)Nc1nc(Nc2ccc(Cl)c(N)c2)c2ncn(C(C)C)c2n1,1.2839966563652006,403.18873613200003,7,4,3.8152000000000017,True
CHEMBL80168,CDK1,430000000.0,nM,CC(C)n1cnc2c(Nc3ccc4ccccc4c3)nc(NCCO)nc21,0.3665315444204129,362.185509324,6,3,3.708200000000002,True
