molecule_chembl_id,kinase,IC50,units,canonical_smiles,pIC50,ro5_fulfilled,ROMol,has_brenk
CHEMBL3694408,CDK9,0.005,nM,COc1ccc(F)cc1-c1cc(NC(=O)COc2ccc(Cl)cn2)ncn1,11.30102999566398,True,<rdkit.Chem.rdchem.Mol object at 0x735c78f67f40>,False
CHEMBL334285,CDK4,0.007,nM,O=C(Nc1cccc2c1C(=O)c1c(-c3ccc(C(=O)N4CCNCC4)s3)n[nH]c1-2)NN1CCOCC1,11.154901959985745,True,<rdkit.Chem.rdchem.Mol object at 0x735c78f67b50>,False
CHEMBL3694406,CDK9,0.015,nM,COc1ccc(F)cc1-c1cc(NC(=O)Cc2cccnc2)ncn1,10.82390874094432,True,<rdkit.Chem.rdchem.Mol object at 0x735c78f67530>,False
CHEMBL3694400,CDK9,0.018,nM,COc1ccc(F)cc1-c1cc(NC(=O)C2CCCNC2)ncn1,10.744727494896694,True,<rdkit.Chem.rdchem.Mol object at 0x735c78f642e0>,False
CHEMBL3694402,CDK9,0.019,nM,COc1ccccc1-c1cc(NC(=O)C2CCC(=O)NC2)ncn1,10.721246399047171,True,<rdkit.Chem.rdchem.Mol object at 0x735c78f67e60>,False
CHEMBL151546,CDK4,0.026,nM,NC(=O)Nc1cccc2c1C(=O)c1c(-c3csc(Cl)c3)n[nH]c1-2,10.585026652029182,True,<rdkit.Chem.rdchem.Mol object at 0x735c78f67c30>,False
CHEMBL3694407,CDK9,0.029,nM,COc1ccc(F)cc1-c1cc(NC(=O)Cc2ccncc2)ncn1,10.537602002101044,True,<rdkit.Chem.rdchem.Mol object at 0x735c78f64510>,False
CHEMBL3694401,CDK9,0.039,nM,COc1cccc(F)c1-c1cc(NC(=O)C2CCCNC2)ncn1,10.4089353929735,True,<rdkit.Chem.rdchem.Mol object at 0x735c78f64270>,False
CHEMBL5841163,CDK4,0.07,nM,CCN1CCN(c2ccc(Nc3ncc(F)c(-c4cc(F)c5nc6n(c5c4)C(C)(C)CC6)n3)nc2)CC1,10.154901959985745,True,<rdkit.Chem.rdchem.Mol object at 0x735c7903c040>,False
CHEMBL194540,CDK1,0.1,nM,NS(=O)(=O)c1ccc(Nc2ncc(C(F)(F)F)c(Nc3ccc4[nH]cnc4c3)n2)cc1,10.0,True,<rdkit.Chem.rdchem.Mol object at 0x735c7903dee0>,False
CHEMBL5762122,CDK6,0.1,nM,CCN1CCN(Cc2ccc(Nc3ncc(F)c(-c4cc(F)c5c(c4)N(C(C)C)CCO5)n3)nc2)CC1,10.0,True,<rdkit.Chem.rdchem.Mol object at 0x735c7903d0e0>,False
CHEMBL3694404,CDK9,0.116,nM,COc1ccccc1-c1cc(NC(=O)c2ccc(C)c(NS(C)(=O)=O)c2)ncn1,9.935542010773082,True,<rdkit.Chem.rdchem.Mol object at 0x735c7903d150>,False
CHEMBL5748748,CDK4,0.12,nM,CC1(C)CCc2nc3c(F)cc(-c4nc(Nc5ccc6c(n5)CCN(C(=O)CO)C6)ncc4F)cc3n21,9.920818753952377,True,<rdkit.Chem.rdchem.Mol object at 0x735c7903d2a0>,False
CHEMBL3698644,CDK4,0.13,nM,c1cc2c3cnc(Nc4cnc(N5CCNCC5)nc4)nc3n(C3CCCC3)c2cn1,9.886056647693165,True,<rdkit.Chem.rdchem.Mol object at 0x735c7903d3f0>,False
CHEMBL5786556,CDK4,0.18,nM,CN(C)[C@H]1CCN(c2ccc(Nc3ncc(F)c(-c4cc(F)c5nc6n(c5c4)C(C)(C)CC6)n3)nc2)C1,9.744727494896694,True,<rdkit.Chem.rdchem.Mol object at 0x735c7903d9a0>,False
CHEMBL5939038,CDK4,0.2,nM,CN(C)[C@H]1CCN(C(=O)c2ccc(Nc3ncc(F)c(-c4cc(F)c5nc6n(c5c4)C(C)(C)CC6)n3)nc2)C1,9.69897000433602,True,<rdkit.Chem.rdchem.Mol object at 0x735c7903db60>,False
CHEMBL5751717,CDK6,0.2,nM,CC(C)N1CCOc2c(F)cc(-c3nc(Nc4ccc(N5CCNCC5)cn4)ncc3F)cc21,9.69897000433602,True,<rdkit.Chem.rdchem.Mol object at 0x735c7903dbd0>,False
CHEMBL5751717,CDK4,0.2,nM,CC(C)N1CCOc2c(F)cc(-c3nc(Nc4ccc(N5CCNCC5)cn4)ncc3F)cc21,9.69897000433602,True,<rdkit.Chem.rdchem.Mol object at 0x735c7903f1b0>,False
CHEMBL5915046,CDK4,0.25,nM,CC1(C)CCc2nc3c(F)cc(-c4nc(Nc5ccc(OC6CCN(CCO)CC6)cn5)ncc4F)cc3n21,9.602059991327964,True,<rdkit.Chem.rdchem.Mol object at 0x735c7903f300>,False
CHEMBL5882717,CDK6,0.3,nM,CC(C)N1CCOc2c(F)cc(-c3nc(Nc4ccc(C5CCN(C(=O)CN(C)C)CC5)cn4)ncc3F)cc21,9.522878745280336,True,<rdkit.Chem.rdchem.Mol object at 0x735c7903fa00>,False
CHEMBL5758578,CDK4,0.5,nM,CC(C)N1CCOc2c(F)cc(-c3nc(Nc4ccc(C(=O)N5CCC(O)CC5)c(F)c4)ncc3F)cc21,9.30102999566398,True,<rdkit.Chem.rdchem.Mol object at 0x735c79197d10>,False
CHEMBL5865305,CDK4,0.5,nM,CC(=O)N1CCN(c2ccc(Nc3ncc(F)c(-c4cc(F)c5c(c4)N(C(C)C)CCO5)n3)nc2)CC1,9.30102999566398,True,<rdkit.Chem.rdchem.Mol object at 0x735c79197c30>,False
CHEMBL5882717,CDK4,0.5,nM,CC(C)N1CCOc2c(F)cc(-c3nc(Nc4ccc(C5CCN(C(=O)CN(C)C)CC5)cn4)ncc3F)cc21,9.30102999566398,True,<rdkit.Chem.rdchem.Mol object at 0x735c79197140>,False
CHEMBL4209329,CDK4,0.6,nM,CC1(C)CCc2nc3c(F)cc(-c4nc(Nc5ccc(CN6CCNCC6)cn5)ncc4F)cc3n21,9.221848749616356,True,<rdkit.Chem.rdchem.Mol object at 0x735c79197920>,False
CHEMBL4211828,CDK4,0.6,nM,CC(C)N1CCN(Cc2ccc(Nc3ncc(F)c(-c4cc(F)c5nc6n(c5c4)C(C)CC6)n3)nc2)CC1,9.221848749616356,True,<rdkit.Chem.rdchem.Mol object at 0x735c79197840>,False
CHEMBL5892046,CDK6,0.6,nM,CC(C)N1CCOc2c(F)cc(-c3nc(Nc4ccc(N5CCN(C(=O)CN(C)C)CC5)cn4)ncc3F)cc21,9.221848749616356,True,<rdkit.Chem.rdchem.Mol object at 0x735c791977d0>,False
CHEMBL5811976,CDK4,0.7,nM,Cc1nc2c(F)cc(-c3nc(Nc4ccc5c(n4)CCN(C[C@@H]4CNCCO4)C5)ncc3F)cc2n1C(C)(C)C,9.154901959985745,True,<rdkit.Chem.rdchem.Mol object at 0x735c79197760>,False
CHEMBL248713,CDK1,0.7,nM,CCNCc1cncc(-c2cnc3[nH]nc(-c4nc5cc(F)ccc5[nH]4)c3c2)c1,9.154901959985745,True,<rdkit.Chem.rdchem.Mol object at 0x735c79197680>,False
CHEMBL5853767,CDK4,0.7,nM,Cc1nc2c(F)cc(-c3nc(Nc4ccc5c(n4)CCN(C[C@@H]4CNCCO4)C5)ncc3F)cc2n1C(C)C,9.154901959985745,True,<rdkit.Chem.rdchem.Mol object at 0x735c791975a0>,False
CHEMBL5762122,CDK4,0.7,nM,CCN1CCN(Cc2ccc(Nc3ncc(F)c(-c4cc(F)c5c(c4)N(C(C)C)CCO5)n3)nc2)CC1,9.154901959985745,True,<rdkit.Chem.rdchem.Mol object at 0x735c79197530>,False
CHEMBL5817708,CDK4,0.73,nM,CC1(C)CCc2nc3c(F)cc(-c4nc(Nc5ccc(CN6CCN(C(=O)CO)CC6)cn5)ncc4F)cc3n21,9.136677139879543,True,<rdkit.Chem.rdchem.Mol object at 0x735c791973e0>,False
CHEMBL4215702,CDK4,0.8,nM,CN1CCN(Cc2ccc(Nc3ncc(F)c(-c4cc(F)c5nc6n(c5c4)C(C)(C)CC6)n3)nc2)CC1,9.096910013008056,True,<rdkit.Chem.rdchem.Mol object at 0x735c791970d0>,False
CHEMBL6008170,CDK4,0.8,nM,CS(=O)(=O)c1cc2cnc(Nc3ccc(N4CCNCC4)cn3)nc2n1C1CCCC1,9.096910013008056,True,<rdkit.Chem.rdchem.Mol object at 0x735c79196ff0>,False
CHEMBL429478,CDK1,0.8,nM,CCNCc1cncc(-c2cnc3[nH]nc(-c4nc5cc(OC)ccc5[nH]4)c3c2)c1,9.096910013008056,True,<rdkit.Chem.rdchem.Mol object at 0x735c79196ea0>,False
CHEMBL561334,CDK1,0.8,nM,C[C@@H]1CNc2c(sc3ccc4ncccc4c23)C(=O)N1,9.096910013008056,True,<rdkit.Chem.rdchem.Mol object at 0x735c79196b90>,False
CHEMBL5964401,CDK4,0.86,nM,CCC(CC)n1c(C)nc2c(F)cc(-c3nc(Nc4ccc5c(n4)CCNC5)ncc3F)cc21,9.065501548756432,True,<rdkit.Chem.rdchem.Mol object at 0x735c791966c0>,False
CHEMBL5841163,CDK6,0.88,nM,CCN1CCN(c2ccc(Nc3ncc(F)c(-c4cc(F)c5nc6n(c5c4)C(C)(C)CC6)n3)nc2)CC1,9.05551732784983,True,<rdkit.Chem.rdchem.Mol object at 0x735c79196ab0>,False
CHEMBL194721,CDK1,0.9,nM,FC(F)(F)c1cnc(Nc2ccc3[nH]cnc3c2)nc1Nc1ccccc1Cl,9.045757490560677,True,<rdkit.Chem.rdchem.Mol object at 0x735c79196a40>,False
CHEMBL4208172,CDK6,0.9,nM,CCN1CCN(Cc2ccc(Nc3ncc(F)c(-c4cc(F)c5nc6n(c5c4)C(C)(C)CC6)n3)nc2)CC1,9.045757490560677,True,<rdkit.Chem.rdchem.Mol object at 0x735c791969d0>,False
CHEMBL3698641,CDK4,0.91,nM,Cc1cc(Nc2ncc3c4ccncc4n(C4CCCC4)c3n2)cnc1N1CCNCC1,9.040958607678906,True,<rdkit.Chem.rdchem.Mol object at 0x735c79196960>,False
CHEMBL4542247,CDK4,0.91,nM,Cc1nc2c(F)cc(-c3nc(Nc4ccc5c(n4)CCN(CCN(C)C)C5)ncc3F)cc2n1C1(C)CC1,9.040958607678906,True,<rdkit.Chem.rdchem.Mol object at 0x735c79196880>,False
CHEMBL5886747,CDK4,0.92,nM,Cc1nc2c(F)cc(-c3nc(Nc4ccc5c(n4)CCNC5)ncc3F)cc2n1C1(C)CC1,9.036212172654444,True,<rdkit.Chem.rdchem.Mol object at 0x735c791967a0>,False
CHEMBL5925248,CDK4,0.94,nM,Cc1nc2c(F)cc(-c3nc(Nc4ccc5c(n4)CCN(C[C@H](C)N(C)C)C5)ncc3F)cc2n1C1CC1,9.0268721464003,True,<rdkit.Chem.rdchem.Mol object at 0x735c791965e0>,False
CHEMBL3698659,CDK4,0.94,nM,c1cc2c3cnc(Nc4ccc(N5CCNCC5)cn4)nc3n(C3CC4CCC3C4)c2cn1,9.0268721464003,True,<rdkit.Chem.rdchem.Mol object at 0x735c79196570>,False
CHEMBL5869281,CDK4,0.96,nM,Cc1nc2c(F)cc(-c3nc(Nc4ccc5c(n4)CCN(C[C@H]4CN(C)CCO4)C5)ncc3F)cc2n1C(C)(C)C,9.017728766960431,True,<rdkit.Chem.rdchem.Mol object at 0x735c79196500>,False
CHEMBL3698688,CDK4,0.97,nM,CN(C)C1CCN(c2ccc(Nc3ncc4c5ccncc5n(C5CCCC5)c4n3)cn2)CC1,9.013228265733757,True,<rdkit.Chem.rdchem.Mol object at 0x735c79196490>,False
CHEMBL5830076,CDK4,0.99,nM,Cc1nc2c(F)cc(-c3nc(Nc4ccc5c(n4)CCN(C(=O)CCN(C)C)C5)ncc3F)cc2n1C(C)(C)C,9.00436480540245,True,<rdkit.Chem.rdchem.Mol object at 0x735c79196420>,False
CHEMBL6059314,CDK6,1.0,nM,CC(C)N1CCc2ccc(Nc3ncc(F)c(-c4cc(F)c5c(c4)N(C(C)C)CCO5)n3)cc2C1,9.0,True,<rdkit.Chem.rdchem.Mol object at 0x735c79196340>,False
CHEMBL215803,CDK1,1.0,nM,C[C@@H]1C[C@H]2CN1CCn1nc3c(cccc3c1O)-c1nc3c(cccc3nc1O)O2,9.0,True,<rdkit.Chem.rdchem.Mol object at 0x735c79196180>,False
CHEMBL3642037,CDK4,1.0,nM,CN(C)[C@@H]1CN(c2ccc(Nc3ncc4c5ccncc5n(C5CCCC5)c4n3)nn2)CC[C@H]1O,9.0,True,<rdkit.Chem.rdchem.Mol object at 0x735c79196110>,False
CHEMBL5825661,CDK4,1.0,nM,CC(C)N1CCOc2c(F)cc(-c3nc(Nc4ccc(N5CCNCC5=O)cn4)ncc3F)cc21,9.0,True,<rdkit.Chem.rdchem.Mol object at 0x735c79196030>,False
CHEMBL5996434,CDK6,1.0,nM,CC(C)N1CCOc2c(F)cc(-c3nc(Nc4ccc5c(c4)CNCC5)ncc3F)cc21,9.0,True,<rdkit.Chem.rdchem.Mol object at 0x735c79195fc0>,False
CHEMBL4462530,CDK2,1.0,nM,CC(=O)N[C@@H]1CCC[C@H](C(=O)Nc2cc(-c3cnn4c3CC(C)(C)C4)c(Cl)cn2)C1,9.0,True,<rdkit.Chem.rdchem.Mol object at 0x735c79195f50>,False
CHEMBL4205645,CDK4,1.0,nM,CCN1CCN(Cc2ccc(Nc3nccc(-c4cc(F)c5nc6n(c5c4)C(C)(C)CC6)n3)nc2)CC1,9.0,True,<rdkit.Chem.rdchem.Mol object at 0x735c79195e70>,False
CHEMBL3904602,CDK4,1.0,nM,CC(C)N1CCN(c2ccc(Nc3ncc4cc5n(c4n3)C3(CCCCC3)CNC5=O)nc2)CC1,9.0,True,<rdkit.Chem.rdchem.Mol object at 0x735c79195d90>,False
CHEMBL3545083,CDK9,1.0,nM,COCCN1CCN(Cc2ccc(-c3n[nH]c4c3C(=O)c3c(NC(=O)NN5CCOCC5)cccc3-4)cc2)CC1,9.0,True,<rdkit.Chem.rdchem.Mol object at 0x735c79195cb0>,False
CHEMBL3702053,CDK4,1.0,nM,CCN(CC)C1CCN(c2ccc(Nc3ncc4c5ccncc5n(C5CCCC5)c4n3)nn2)CC1,9.0,True,<rdkit.Chem.rdchem.Mol object at 0x735c79195c40>,False
CHEMBL5999532,CDK4,1.0,nM,CC(C)N1CCOc2c(F)cc(-c3nc(Nc4ccc(C5CCN(C)C5)cn4)ncc3F)cc21,9.0,True,<rdkit.Chem.rdchem.Mol object at 0x735c79195bd0>,False
CHEMBL5742108,CDK4,1.0,nM,CC(C)N1CCOc2c(F)cc(-c3nc(Nc4ccc5c(n4)CCNC5)ncc3F)cc21,9.0,True,<rdkit.Chem.rdchem.Mol object at 0x735c79194660>,False
CHEMBL5892046,CDK4,1.0,nM,CC(C)N1CCOc2c(F)cc(-c3nc(Nc4ccc(N5CCN(C(=O)CN(C)C)CC5)cn4)ncc3F)cc21,9.0,True,<rdkit.Chem.rdchem.Mol object at 0x735c79195af0>,False
CHEMBL6015264,CDK4,1.0,nM,CC(C)N1CCOc2c(F)cc(-c3nc(Nc4ccc(CN5CCN(CC6CC6)CC5)cn4)ncc3F)cc21,9.0,True,<rdkit.Chem.rdchem.Mol object at 0x735c79195700>,False
CHEMBL3698649,CDK4,1.0,nM,CN(C)C1CCN(c2ccc(Nc3ncc4c5ccncc5n(C5CCCC5)c4n3)nn2)CC1,9.0,True,<rdkit.Chem.rdchem.Mol object at 0x735c79195540>,False
CHEMBL509406,CDK2,1.0,nM,Cc1ncc(-c2nc(Nc3ccc(C(=O)NC4CCN(C)CC4)c(F)c3)ncc2F)n1C(C)C,9.0,True,<rdkit.Chem.rdchem.Mol object at 0x735c79195460>,False
CHEMBL1171950,CDK2,1.0,nM,NCCCn1nc(C(N)=O)c2c1-c1nc(Nc3ccccc3)ncc1CC2,9.0,True,<rdkit.Chem.rdchem.Mol object at 0x735c79195380>,False
CHEMBL6048798,CDK4,1.0,nM,CC(C)N1CCOc2c(F)cc(-c3nc(Nc4ccc(N5CCNCC5)c(F)c4F)ncc3F)cc21,9.0,True,<rdkit.Chem.rdchem.Mol object at 0x735c79195310>,False
CHEMBL3702122,CDK4,1.0,nM,O=C(O)CN1CCN(Cc2ccc(Nc3ncc4c5ccncc5n(C5CCCC5)c4n3)nc2)CC1,9.0,True,<rdkit.Chem.rdchem.Mol object at 0x735c791952a0>,False
CHEMBL559513,CDK2,1.0,nM,CN1CCN(c2cccc(Nc3ncc4c(n3)-c3c(c(C(N)=O)nn3C)CC4)c2)CC1,9.0,True,<rdkit.Chem.rdchem.Mol object at 0x735c79195230>,False
CHEMBL5996434,CDK4,1.0,nM,CC(C)N1CCOc2c(F)cc(-c3nc(Nc4ccc5c(c4)CNCC5)ncc3F)cc21,9.0,True,<rdkit.Chem.rdchem.Mol object at 0x735c79195150>,False
CHEMBL3691546,CDK4,1.0,nM,CN(C)C(=O)c1cc2cnc(Nc3ccc(C(=O)N4CC5CC4CN5)cn3)nc2n1C1CCCCCC1,9.0,True,<rdkit.Chem.rdchem.Mol object at 0x735c791950e0>,False
CHEMBL557318,CDK1,1.0,nM,C[C@@H]1CNc2c(sc3ccc4occc4c23)C(=O)N1,9.0,True,<rdkit.Chem.rdchem.Mol object at 0x735c79195070>,False
CHEMBL6059314,CDK4,1.0,nM,CC(C)N1CCc2ccc(Nc3ncc(F)c(-c4cc(F)c5c(c4)N(C(C)C)CCO5)n3)cc2C1,9.0,True,<rdkit.Chem.rdchem.Mol object at 0x735c79194eb0>,False
CHEMBL5095102,CDK6,1.0,nM,CC(C)N1CCOc2c(F)cc(-c3nc(Nc4ccc(C5CCN(C)CC5)cn4)ncc3F)cc21,9.0,True,<rdkit.Chem.rdchem.Mol object at 0x735c79194e40>,False
CHEMBL5897984,CDK4,1.02,nM,Cc1nc2c(F)cc(-c3nc(Nc4ccc5c(n4)CCN(C[C@H]4CNCCO4)C5)ncc3F)cc2n1C(C)C,8.991399828238082,True,<rdkit.Chem.rdchem.Mol object at 0x735c79194cf0>,False
CHEMBL5964675,CDK4,1.02,nM,Cc1nc2c(F)cc(-c3nc(Nc4ccc5c(n4)CCN(C[C@H]4CNCCO4)C5)ncc3F)cc2n1C(C)(C)C,8.991399828238082,True,<rdkit.Chem.rdchem.Mol object at 0x735c79194c80>,False
CHEMBL5787921,CDK4,1.06,nM,CN[C@H](C)C(=O)N1CCc2nc(Nc3ncc(F)c(-c4cc(F)c5nc(C)n(C6CC6)c5c4)n3)ccc2C1,8.97469413473523,True,<rdkit.Chem.rdchem.Mol object at 0x735c79194b30>,False
CHEMBL3694405,CDK9,1.08,nM,COc1ccccc1-c1cc(NC(=O)c2cccc(NS(C)(=O)=O)c2)ncn1,8.96657624451305,True,<rdkit.Chem.rdchem.Mol object at 0x735c79194ac0>,False
CHEMBL5873158,CDK4,1.09,nM,Cc1nc2c(F)cc(-c3nc(Nc4ccc5c(n4)CCNC5)ncc3F)cc2n1C(C)(C)C,8.962573502059376,True,<rdkit.Chem.rdchem.Mol object at 0x735c79194a50>,False
CHEMBL248712,CDK1,1.1,nM,CCNCc1cncc(-c2cnc3[nH]nc(-c4nc5cc(F)c(F)cc5[nH]4)c3c2)c1,8.958607314841775,True,<rdkit.Chem.rdchem.Mol object at 0x735c79194900>,False
CHEMBL318999,CDK2,1.1,nM,Nc1nc(Nc2ccc(S(N)(=O)=O)cc2)nc(OCC2CCCCC2)c1N=O,8.958607314841775,True,<rdkit.Chem.rdchem.Mol object at 0x735c791947b0>,False
CHEMBL3237704,CDK6,1.1,nM,CC1(C)CCC(n2c3cnccc3c3cnc(Nc4ccc(N5CCNCC5)cn4)nc32)CC1,8.958607314841775,True,<rdkit.Chem.rdchem.Mol object at 0x735c79194510>,False
CHEMBL5943325,CDK4,1.1,nM,CC(C)N1CCOc2c(F)cc(-c3nc(Nc4ccc(N5CCC(O)CC5)cn4)ncc3F)cc21,8.958607314841775,True,<rdkit.Chem.rdchem.Mol object at 0x735c791944a0>,False
CHEMBL3698644,CDK6,1.1,nM,c1cc2c3cnc(Nc4cnc(N5CCNCC5)nc4)nc3n(C3CCCC3)c2cn1,8.958607314841775,True,<rdkit.Chem.rdchem.Mol object at 0x735c791943c0>,False
CHEMBL5201870,CDK2,1.1,nM,COCc1cc(C(=O)Nc2cc([C@H]3CC[C@@H](OC(=O)NC(C)C)C3)[nH]n2)n(C)n1,8.958607314841775,True,<rdkit.Chem.rdchem.Mol object at 0x735c79194350>,False
CHEMBL5938059,CDK6,1.11,nM,Cc1nc2c(F)cc(-c3nc(Nc4ccc5c(n4)CCN(CCN)C5)ncc3F)cc2n1C(C)(C)C,8.954677021213342,True,<rdkit.Chem.rdchem.Mol object at 0x735c79194200>,False
CHEMBL5950426,CDK4,1.12,nM,Cc1nc2c(F)cc(-c3nc(Nc4ccc5c(n4)CCN(C(=O)N(C)CCN(C)C)C5)ncc3F)cc2n1C1CC1,8.950781977329818,True,<rdkit.Chem.rdchem.Mol object at 0x735c79194190>,False
CHEMBL4448494,CDK4,1.12,nM,Cc1nc2c(F)cc(-c3nc(Nc4ccc5c(n4)CCN(CCN(C)C)C5)ncc3F)cc2n1C(C)C,8.950781977329818,True,<rdkit.Chem.rdchem.Mol object at 0x735c791940b0>,False
CHEMBL5811976,CDK6,1.13,nM,Cc1nc2c(F)cc(-c3nc(Nc4ccc5c(n4)CCN(C[C@@H]4CNCCO4)C5)ncc3F)cc2n1C(C)(C)C,8.94692155651658,True,<rdkit.Chem.rdchem.Mol object at 0x735c79195ee0>,False
CHEMBL5853767,CDK6,1.13,nM,Cc1nc2c(F)cc(-c3nc(Nc4ccc5c(n4)CCN(C[C@@H]4CNCCO4)C5)ncc3F)cc2n1C(C)C,8.94692155651658,True,<rdkit.Chem.rdchem.Mol object at 0x735c791b3300>,False
CHEMBL4466497,CDK4,1.13,nM,Cc1nc2c(F)cc(-c3nc(Nc4ccc5c(n4)CCN(CCN(C)C)C5)ncc3F)cc2n1C(C)(C)C,8.94692155651658,True,<rdkit.Chem.rdchem.Mol object at 0x735c791b0350>,False
CHEMBL5938059,CDK4,1.14,nM,Cc1nc2c(F)cc(-c3nc(Nc4ccc5c(n4)CCN(CCN)C5)ncc3F)cc2n1C(C)(C)C,8.943095148663527,True,<rdkit.Chem.rdchem.Mol object at 0x735c791b3c30>,False
CHEMBL5774332,CDK4,1.16,nM,Cc1nc2c(F)cc(-c3nc(Nc4ccc5c(n4)CCN(C[C@@H]4CN(C)CCO4)C5)ncc3F)cc2n1C(C)(C)C,8.935542010773082,True,<rdkit.Chem.rdchem.Mol object at 0x735c791b1690>,False
CHEMBL5939038,CDK6,1.19,nM,CN(C)[C@H]1CCN(C(=O)c2ccc(Nc3ncc(F)c(-c4cc(F)c5nc6n(c5c4)C(C)(C)CC6)n3)nc2)C1,8.924453038607469,True,<rdkit.Chem.rdchem.Mol object at 0x735c791b2dc0>,False
CHEMBL3702046,CDK4,1.2,nM,CC(C)N1CCN(c2ccc(Nc3ncc4c5ccncc5n(C5CCCC5)c4n3)nc2)CC1,8.920818753952375,True,<rdkit.Chem.rdchem.Mol object at 0x735c791b37d0>,False
CHEMBL3698672,CDK6,1.2,nM,c1ccc2c(c1)c1cnc(Nc3ccc(N4CCNCC4)cn3)nc1n2C1CCCC1,8.920818753952375,True,<rdkit.Chem.rdchem.Mol object at 0x735c791b3e60>,False
CHEMBL3237702,CDK4,1.2,nM,CC1CCC(n2c3cnccc3c3cnc(Nc4ccc(N5CCNCC5)cn4)nc32)CC1,8.920818753952375,True,<rdkit.Chem.rdchem.Mol object at 0x735c791b02e0>,False
CHEMBL3694403,CDK9,1.25,nM,COc1ccccc1-c1cc(NC(=O)c2ccc(NS(C)(=O)=O)cc2)ncn1,8.903089986991944,True,<rdkit.Chem.rdchem.Mol object at 0x735c791b3bc0>,False
CHEMBL6152892,CDK9,1.26,nM,CCOc1ccc(C2C(C#N)=C(N)OC3C2C(C)=NN3c2ccc(Cl)cc2)cc1,8.899629454882437,True,<rdkit.Chem.rdchem.Mol object at 0x735c791b1cb0>,False
CHEMBL5983466,CDK4,1.27,nM,Cc1nc2c(F)cc(-c3nc(Nc4ccc5c(n4)CCN(CCN(C)CCN(C)C)C5)ncc3F)cc2n1C(C)(C)C,8.896196279044043,True,<rdkit.Chem.rdchem.Mol object at 0x735c791b3b50>,False
CHEMBL5933703,CDK6,1.28,nM,CNCCN1CCc2nc(Nc3ncc(F)c(-c4cc(F)c5nc(C)n(C6(C)CC6)c5c4)n3)ccc2C1,8.892790030352131,True,<rdkit.Chem.rdchem.Mol object at 0x735c791b3ae0>,False
CHEMBL3642002,CDK4,1.3,nM,OC[C@H](O)CNC1CCN(c2ccc(Nc3ncc4c5ccncc5n(C5CCCC5)c4n3)nn2)CC1,8.886056647693163,True,<rdkit.Chem.rdchem.Mol object at 0x735c791b3990>,False
CHEMBL5561839,CDK9,1.3,nM,CC(C)n1nnc2ccc(-c3ccnc(Nc4cc(C(=O)N5CCCC5)ccn4)c3)cc21,8.886056647693163,True,<rdkit.Chem.rdchem.Mol object at 0x735c791b3920>,False
CHEMBL3702158,CDK4,1.3,nM,C1=C(c2ccc(Nc3ncc4c5ccncc5n(C5CCCC5)c4n3)nc2)CCNC1,8.886056647693163,True,<rdkit.Chem.rdchem.Mol object at 0x735c791b38b0>,False
CHEMBL3698658,CDK4,1.3,nM,c1ccc2c(c1)c1cnc(Nc3ccc(N4CCNCC4)cn3)nc1n2C1CCCCC1,8.886056647693163,True,<rdkit.Chem.rdchem.Mol object at 0x735c791b3840>,False
CHEMBL3698643,CDK6,1.3,nM,c1cc2c3cnc(Nc4ccc(N5CCNCC5)nc4)nc3n(C3CCCC3)c2cn1,8.886056647693163,True,<rdkit.Chem.rdchem.Mol object at 0x735c791b3760>,False
CHEMBL3698698,CDK4,1.3,nM,NCC1CCCN(c2ccc(Nc3ncc4c5ccncc5n(C5CCCC5)c4n3)nc2)C1,8.886056647693163,True,<rdkit.Chem.rdchem.Mol object at 0x735c791b1380>,False
CHEMBL5869281,CDK6,1.33,nM,Cc1nc2c(F)cc(-c3nc(Nc4ccc5c(n4)CCN(C[C@H]4CN(C)CCO4)C5)ncc3F)cc2n1C(C)(C)C,8.876148359032914,True,<rdkit.Chem.rdchem.Mol object at 0x735c791b3680>,False
CHEMBL6014795,CDK4,1.35,nM,Cc1nc2c(F)cc(-c3nc(Nc4ccc5c(n4)CCN(C(=O)C4CCCN4)C5)ncc3F)cc2n1C1CC1,8.869666231504993,True,<rdkit.Chem.rdchem.Mol object at 0x735c791b3530>,False
CHEMBL5774332,CDK6,1.37,nM,Cc1nc2c(F)cc(-c3nc(Nc4ccc5c(n4)CCN(C[C@@H]4CN(C)CCO4)C5)ncc3F)cc2n1C(C)(C)C,8.863279432843592,True,<rdkit.Chem.rdchem.Mol object at 0x735c791b3450>,False
CHEMBL3702120,CDK4,1.39,nM,O=C(O)CN1CCN(c2ccc(Nc3ncc4c5ccncc5n(C5CCCC5)c4n3)nn2)CC1,8.856985199745905,True,<rdkit.Chem.rdchem.Mol object at 0x735c791b3370>,False
CHEMBL5830076,CDK6,1.39,nM,Cc1nc2c(F)cc(-c3nc(Nc4ccc5c(n4)CCN(C(=O)CCN(C)C)C5)ncc3F)cc2n1C(C)(C)C,8.856985199745905,True,<rdkit.Chem.rdchem.Mol object at 0x735c791b3290>,False
CHEMBL5979303,CDK4,1.39,nM,Cc1nc2c(F)cc(-c3nc(Nc4ccc5c(n4)CCN(CCS(C)(=O)=O)C5)ncc3F)cc2n1C(C)(C)C,8.856985199745905,True,<rdkit.Chem.rdchem.Mol object at 0x735c791b3140>,False
CHEMBL3698706,CDK4,1.4,nM,CNC1CCN(c2ccc(Nc3ncc4c5ccncc5n(C5CCCC5)c4n3)nc2)CC1,8.853871964321762,True,<rdkit.Chem.rdchem.Mol object at 0x735c791b30d0>,False
CHEMBL3702123,CDK4,1.4,nM,O=C(c1ccc(Nc2ncc3c4ccncc4n(C4CCCC4)c3n2)nc1)N1CCNCC1,8.853871964321762,True,<rdkit.Chem.rdchem.Mol object at 0x735c791b3060>,False
CHEMBL3698643,CDK4,1.4,nM,c1cc2c3cnc(Nc4ccc(N5CCNCC5)nc4)nc3n(C3CCCC3)c2cn1,8.853871964321762,True,<rdkit.Chem.rdchem.Mol object at 0x735c791b0190>,False
CHEMBL4542247,CDK6,1.41,nM,Cc1nc2c(F)cc(-c3nc(Nc4ccc5c(n4)CCN(CCN(C)C)C5)ncc3F)cc2n1C1(C)CC1,8.85078088734462,True,<rdkit.Chem.rdchem.Mol object at 0x735c791b2ea0>,False
CHEMBL5856237,CDK4,1.44,nM,Cc1nc2c(F)cc(-c3nc(Nc4ccc5c(n4)CCN(C(=O)[C@@H](C)N(C)C)C5)ncc3F)cc2n1C(C)C,8.84163750790475,True,<rdkit.Chem.rdchem.Mol object at 0x735c791b2c00>,False
CHEMBL5922296,CDK4,1.46,nM,CS(=O)(=O)c1cc2cnc(Nc3ccc(C4CCNCC4)cn3)nc2n1C1CCCC1,8.835647144215564,True,<rdkit.Chem.rdchem.Mol object at 0x735c791b2b20>,False
CHEMBL5888788,CDK4,1.47,nM,Cc1nc2c(F)cc(-c3nc(Nc4ccc5c(n4)CCN(C(=O)CN(C)C)C5)ncc3F)cc2n1CC1CC1,8.832682665251824,True,<rdkit.Chem.rdchem.Mol object at 0x735c791b2a40>,False
CHEMBL5897984,CDK6,1.48,nM,Cc1nc2c(F)cc(-c3nc(Nc4ccc5c(n4)CCN(C[C@H]4CNCCO4)C5)ncc3F)cc2n1C(C)C,8.829738284605043,True,<rdkit.Chem.rdchem.Mol object at 0x735c791b29d0>,False
CHEMBL5964675,CDK6,1.48,nM,Cc1nc2c(F)cc(-c3nc(Nc4ccc5c(n4)CCN(C[C@H]4CNCCO4)C5)ncc3F)cc2n1C(C)(C)C,8.829738284605043,True,<rdkit.Chem.rdchem.Mol object at 0x735c791b2730>,False
CHEMBL6002674,CDK4,1.49,nM,CNCCN1CCc2nc(Nc3ncc(F)c(-c4cc(F)c5nc(C)n(C(C)(C)C)c5c4)n3)ccc2C1,8.826813731587727,True,<rdkit.Chem.rdchem.Mol object at 0x735c791b2650>,False
CHEMBL5956531,CDK6,1.5,nM,CC(C)N1CCOc2c(F)cc(-c3nc(Nc4ccc5c(c4)CCNC5)ncc3F)cc21,8.823908740944319,True,<rdkit.Chem.rdchem.Mol object at 0x735c791b25e0>,False
CHEMBL3698654,CDK6,1.5,nM,O[C@@H]1CCN(c2ccc(Nc3ncc4c5ccncc5n(C5CCCC5)c4n3)nn2)C1,8.823908740944319,True,<rdkit.Chem.rdchem.Mol object at 0x735c791b2570>,False
CHEMBL5949924,CDK4,1.5,nM,CC(C)N1CCOc2c(F)cc(-c3nc(Nc4ccc(C5CCN(C)CC5)nn4)ncc3F)cc21,8.823908740944319,True,<rdkit.Chem.rdchem.Mol object at 0x735c791b2260>,False
CHEMBL5760232,CDK4,1.5,nM,CC(C)N1CCOc2c(F)cc(-c3nc(Nc4ccc(N5CCC(N(C)C)CC5)nc4)ncc3F)cc21,8.823908740944319,True,<rdkit.Chem.rdchem.Mol object at 0x735c791b2180>,False
CHEMBL5955040,CDK6,1.5,nM,CC(C)N1CCOc2c(F)cc(-c3nc(Nc4ccc(C5CCN(C)CC5)nc4)ncc3F)cc21,8.823908740944319,True,<rdkit.Chem.rdchem.Mol object at 0x735c791b20a0>,False
CHEMBL3698642,CDK4,1.5,nM,c1cc2c3cnc(Nc4ccc(N5CCNCC5)nn4)nc3n(C3CCCC3)c2cn1,8.823908740944319,True,<rdkit.Chem.rdchem.Mol object at 0x735c791b2030>,False
CHEMBL3641998,CDK4,1.5,nM,C[C@@H](CO)NC1CCN(c2ccc(Nc3ncc4c5ccncc5n(C5CCCC5)c4n3)nn2)CC1,8.823908740944319,True,<rdkit.Chem.rdchem.Mol object at 0x735c791b1fc0>,False
CHEMBL5806353,CDK4,1.5,nM,CC(C)N1CCOc2c(F)cc(-c3nc(Nc4ccc(N5CCC(N(C)C)CC5)cn4)ncc3F)cc21,8.823908740944319,True,<rdkit.Chem.rdchem.Mol object at 0x735c791b1ee0>,False
CHEMBL4208504,CDK4,1.5,nM,CCN1CCN(Cc2cnc(Nc3cc(-c4cc(F)c5nc(C)n(C(C)C)c5c4)ncn3)cn2)CC1,8.823908740944319,True,<rdkit.Chem.rdchem.Mol object at 0x735c791b1d90>,False
CHEMBL5955040,CDK4,1.5,nM,CC(C)N1CCOc2c(F)cc(-c3nc(Nc4ccc(C5CCN(C)CC5)nc4)ncc3F)cc21,8.823908740944319,True,<rdkit.Chem.rdchem.Mol object at 0x735c791b1bd0>,False
CHEMBL5933703,CDK4,1.51,nM,CNCCN1CCc2nc(Nc3ncc(F)c(-c4cc(F)c5nc(C)n(C6(C)CC6)c5c4)n3)ccc2C1,8.821023052706831,True,<rdkit.Chem.rdchem.Mol object at 0x735c791b1a10>,False
CHEMBL6002674,CDK6,1.51,nM,CNCCN1CCc2nc(Nc3ncc(F)c(-c4cc(F)c5nc(C)n(C(C)(C)C)c5c4)n3)ccc2C1,8.821023052706831,True,<rdkit.Chem.rdchem.Mol object at 0x735c791b1930>,False
CHEMBL6038282,CDK4,1.53,nM,Cc1nc2c(F)cc(-c3nc(Nc4ccc5c(n4)CCN(C(=O)[C@@H]4CCCN4)C5)ncc3F)cc2n1C1CC1,8.8153085691824,True,<rdkit.Chem.rdchem.Mol object at 0x735c791b17e0>,False
CHEMBL5865665,CDK4,1.54,nM,Cc1nc2c(F)cc(-c3nc(Nc4ccc5c(n4)CCNC5)ncc3F)cc2n1C(C)C1CC1,8.812479279163536,True,<rdkit.Chem.rdchem.Mol object at 0x735c791b1770>,False
CHEMBL4466497,CDK6,1.57,nM,Cc1nc2c(F)cc(-c3nc(Nc4ccc5c(n4)CCN(CCN(C)C)C5)ncc3F)cc2n1C(C)(C)C,8.804100347590767,True,<rdkit.Chem.rdchem.Mol object at 0x735c791b1540>,False
CHEMBL5950534,CDK4,1.59,nM,Cc1nc2c(F)cc(-c3nc(Nc4ccc5c(n4)C[C@@H](C)NC5)ncc3F)cc2n1C(C)(C)C,8.79860287567955,True,<rdkit.Chem.rdchem.Mol object at 0x735c791b1310>,False
CHEMBL6012324,CDK4,1.6,nM,CC(C)N1CCOc2c(F)cc(-c3nc(Nc4cc5n(n4)CCN(C)C5)ncc3F)cc21,8.795880017344075,True,<rdkit.Chem.rdchem.Mol object at 0x735c791b1230>,False
CHEMBL4202432,CDK4,1.6,nM,Cc1nc2c(F)cc(-c3cc(Nc4cnc(CN5CCN(C(C)C)CC5)cn4)ncn3)cc2n1C(C)C,8.795880017344075,True,<rdkit.Chem.rdchem.Mol object at 0x735c791b11c0>,False
CHEMBL5983466,CDK6,1.6,nM,Cc1nc2c(F)cc(-c3nc(Nc4ccc5c(n4)CCN(CCN(C)CCN(C)C)C5)ncc3F)cc2n1C(C)(C)C,8.795880017344075,True,<rdkit.Chem.rdchem.Mol object at 0x735c791b1150>,False
CHEMBL4214634,CDK6,1.6,nM,COCCN1CCN(Cc2cnc(Nc3cc(-c4cc(F)c5nc(C)n(C(C)C)c5c4)ncn3)cn2)CC1,8.795880017344075,True,<rdkit.Chem.rdchem.Mol object at 0x735c791b1070>,False
CHEMBL4218267,CDK6,1.6,nM,CCN1CCN(Cc2cnc(Nc3cc(-c4cc(F)c5nc(C)n(C(C)C)c5c4)c(F)cn3)cn2)CC1,8.795880017344075,True,<rdkit.Chem.rdchem.Mol object at 0x735c791b1000>,False
CHEMBL3698744,CDK4,1.6,nM,NC1CCN(c2ccc(Nc3ncc4c5ccncc5n(C5CCCC5)c4n3)nn2)CC1,8.795880017344075,True,<rdkit.Chem.rdchem.Mol object at 0x735c791b0e40>,False
CHEMBL4204030,CDK6,1.6,nM,CCN1CCN(Cc2cnc(Nc3cc(-c4cc(F)c5nc(C)n(C(C)C)c5c4)ccn3)cn2)CC1,8.795880017344075,True,<rdkit.Chem.rdchem.Mol object at 0x735c791b0dd0>,False
CHEMBL3698661,CDK4,1.6,nM,c1cc2c3cnc(Nc4ccc(N5CCNCC5)cn4)nc3n(C34CC5CC(CC(C5)C3)C4)c2cn1,8.795880017344075,True,<rdkit.Chem.rdchem.Mol object at 0x735c791b0d60>,False
CHEMBL5943325,CDK6,1.6,nM,CC(C)N1CCOc2c(F)cc(-c3nc(Nc4ccc(N5CCC(O)CC5)cn4)ncc3F)cc21,8.795880017344075,True,<rdkit.Chem.rdchem.Mol object at 0x735c791b0c80>,False
CHEMBL3698654,CDK4,1.6,nM,O[C@@H]1CCN(c2ccc(Nc3ncc4c5ccncc5n(C5CCCC5)c4n3)nn2)C1,8.795880017344075,True,<rdkit.Chem.rdchem.Mol object at 0x735c791b0c10>,False
CHEMBL3698683,CDK4,1.6,nM,c1cc2c3cnc(Nc4ccc(N5CCCNCC5)cn4)nc3n(C3CCCC3)c2cn1,8.795880017344075,True,<rdkit.Chem.rdchem.Mol object at 0x735c791b0ba0>,False
CHEMBL4218267,CDK4,1.6,nM,CCN1CCN(Cc2cnc(Nc3cc(-c4cc(F)c5nc(C)n(C(C)C)c5c4)c(F)cn3)cn2)CC1,8.795880017344075,True,<rdkit.Chem.rdchem.Mol object at 0x735c791b0b30>,False
CHEMBL4212532,CDK4,1.64,nM,Cc1nc2c(F)cc(-c3nc(Nc4ccc5c(n4)CCN(C(=O)CN(C)C)C5)ncc3F)cc2n1C(C)C,8.785156151952302,True,<rdkit.Chem.rdchem.Mol object at 0x735c791b0a50>,False
CHEMBL5884004,CDK4,1.65,nM,Cc1nc2c(F)cc(-c3nc(Nc4ccc5c(n4)CCN(C(=O)[C@H](C)N(C)C)C5)ncc3F)cc2n1C1CC1,8.782516055786093,True,<rdkit.Chem.rdchem.Mol object at 0x735c791b09e0>,False
CHEMBL5941223,CDK4,1.65,nM,Cc1nc2c(F)cc(-c3nc(Nc4ccc5c(n4)CCNC5)ncc3F)cc2n1C1CCC(C)CC1,8.782516055786093,True,<rdkit.Chem.rdchem.Mol object at 0x735c791b0970>,False
CHEMBL5774696,CDK4,1.68,nM,Cc1nc2c(F)cc(-c3nc(Nc4ccc5c(n4)CCN(C[C@H](C)N)C5)ncc3F)cc2n1C1CC1,8.774690718274137,True,<rdkit.Chem.rdchem.Mol object at 0x735c791b0900>,False
CHEMBL5757213,CDK4,1.68,nM,Cc1nc2c(F)cc(-c3nc(Nc4ccc5c(n4)CCN(CCCN(C)C)C5)ncc3F)cc2n1C1CC1,8.774690718274137,True,<rdkit.Chem.rdchem.Mol object at 0x735c791b0890>,False
CHEMBL5839538,CDK4,1.7,nM,Cc1nc2c(F)cc(-c3nc(Nc4ccc5c(n4)CCN(C(=O)CCN(C)C)C5)ncc3F)cc2n1C1CC1,8.769551078621726,True,<rdkit.Chem.rdchem.Mol object at 0x735c791b07b0>,False
CHEMBL3905910,CDK9,1.7,nM,CN1CC[C@@H](c2c(O)cc(O)c3c(=O)cc(-c4ccc(C(F)(F)F)cc4Cl)oc23)[C@@H]1CO,8.769551078621726,True,<rdkit.Chem.rdchem.Mol object at 0x735c791b0740>,False
CHEMBL3698692,CDK4,1.7,nM,C[C@@H]1CN(c2ccc(Nc3ncc4c5ccncc5n(C5CCCC5)c4n3)nc2)CCN1,8.769551078621726,True,<rdkit.Chem.rdchem.Mol object at 0x735c791b05f0>,False
CHEMBL3642031,CDK4,1.7,nM,COC(=O)CNC1CCN(c2ccc(Nc3ncc4c5ccncc5n(C5CCCC5)c4n3)nn2)CC1,8.769551078621726,True,<rdkit.Chem.rdchem.Mol object at 0x735c791b0580>,False
CHEMBL3641997,CDK4,1.7,nM,C[C@@H](O)CNC1CCN(c2ccc(Nc3ncc4c5ccncc5n(C5CCCC5)c4n3)nn2)CC1,8.769551078621726,True,<rdkit.Chem.rdchem.Mol object at 0x735c791b04a0>,False
CHEMBL4207796,CDK4,1.72,nM,Cc1nc2c(F)cc(-c3nc(Nc4ccc5c(n4)CCN(CCF)C5)ncc3F)cc2n1C(C)C,8.76447155309245,True,<rdkit.Chem.rdchem.Mol object at 0x735c791b03c0>,False
CHEMBL6060984,CDK4,1.72,nM,COCC(=O)N1CCc2nc(Nc3ncc(F)c(-c4cc(F)c5nc(C)n(C(C)C)c5c4)n3)ccc2C1,8.76447155309245,True,<rdkit.Chem.rdchem.Mol object at 0x735c791b0270>,False
CHEMBL5814867,CDK4,1.72,nM,CNCC(=O)N1CCc2nc(Nc3ncc(F)c(-c4cc(F)c5nc(C)n(C(C)C)c5c4)n3)ccc2C1,8.76447155309245,True,<rdkit.Chem.rdchem.Mol object at 0x735c791b0200>,False
CHEMBL4210028,CDK4,1.72,nM,CCN1CCN(Cc2ccc(Nc3ncc(F)c(-c4ccc5nc6n(c5c4)C(C)(C)CC6)n3)nc2)CC1,8.76447155309245,True,<rdkit.Chem.rdchem.Mol object at 0x735c791b0120>,False
CHEMBL5844694,CDK4,1.74,nM,Cc1nc2c(F)cc(-c3nc(Nc4ccc5c(n4)CCN(C(=O)CCO)C5)ncc3F)cc2n1C(C)C,8.7594507517174,True,<rdkit.Chem.rdchem.Mol object at 0x735c791b2e30>,False
CHEMBL5971879,CDK4,1.79,nM,Cc1nc2c(F)cc(-c3nc(Nc4ccc5c(n4)CCN[C@H]5C)ncc3F)cc2n1C(C)(C)C,8.747146969020108,True,<rdkit.Chem.rdchem.Mol object at 0x735c791b13f0>,False
CHEMBL3702110,CDK4,1.8,nM,CC1(C)CCC(n2c3nc(Nc4ccc(N5CCNCC5)cn4)ncc3c3ccnc(O)c32)CC1,8.744727494896694,True,<rdkit.Chem.rdchem.Mol object at 0x735c791b1e00>,False
CHEMBL249303,CDK1,1.8,nM,CCN(CC)Cc1cccc2[nH]c(-c3n[nH]c4ncc(-c5cncc6ccccc56)cc34)nc12,8.744727494896694,True,<rdkit.Chem.rdchem.Mol object at 0x735c791b2ab0>,False
CHEMBL3702050,CDK4,1.8,nM,COCCN1CCN(c2ccc(Nc3ncc4c5ccncc5n(C5CCCC5)c4n3)nc2)CC1,8.744727494896694,True,<rdkit.Chem.rdchem.Mol object at 0x735c791b2340>,False
CHEMBL5932825,CDK4,1.81,nM,Cc1nc2c(F)cc(-c3nc(Nc4ccc5c(n4)CCN(C(=O)CN(C)C)C5)ncc3F)cc2n1C1CC1,8.742321425130816,True,<rdkit.Chem.rdchem.Mol object at 0x735c791b31b0>,False
CHEMBL5879318,CDK4,1.83,nM,CNCC(=O)N1CCc2nc(Nc3ncc(F)c(-c4cc(F)c5nc(C)n(C6CCC6)c5c4)n3)ccc2C1,8.73754891026957,True,<rdkit.Chem.rdchem.Mol object at 0x735c791b0430>,False
CHEMBL5748748,CDK6,1.87,nM,CC1(C)CCc2nc3c(F)cc(-c4nc(Nc5ccc6c(n5)CCN(C(=O)CO)C6)ncc4F)cc3n21,8.7281583934635,True,<rdkit.Chem.rdchem.Mol object at 0x735c791b2880>,False
CHEMBL5816005,CDK6,1.87,nM,Cc1nc2c(F)cc(-c3nc(Nc4ccc5c(n4)CCN(CCN4CCOCC4)C5)ncc3F)cc2n1C(C)(C)C,8.7281583934635,True,<rdkit.Chem.rdchem.Mol object at 0x735c791b0eb0>,False
CHEMBL4079206,CDK9,1.9,nM,CN1CC[C@H](c2c(O)cc(O)c3c(=O)cc(/C=C/c4c(Cl)cccc4Cl)oc23)[C@H](O)C1,8.721246399047171,True,<rdkit.Chem.rdchem.Mol object at 0x735c791b10e0>,False
CHEMBL3301610,CDK6,1.9,nM,CCN1CCN(Cc2ccc(Nc3ncc(F)c(-c4cc(F)c5nc(C)n(C(C)C)c5c4)n3)nc2)CC1,8.721246399047171,True,<rdkit.Chem.rdchem.Mol object at 0x735c791b2d50>,False
CHEMBL3642000,CDK4,1.9,nM,C[C@H](CO)NC1CCN(c2ccc(Nc3ncc4c5ccncc5n(C5CCCC5)c4n3)nn2)CC1,8.721246399047171,True,<rdkit.Chem.rdchem.Mol object at 0x735c791b3ca0>,False
CHEMBL3301610,CDK4,1.9,nM,CCN1CCN(Cc2ccc(Nc3ncc(F)c(-c4cc(F)c5nc(C)n(C(C)C)c5c4)n3)nc2)CC1,8.721246399047171,True,<rdkit.Chem.rdchem.Mol object at 0x735c791b19a0>,False
CHEMBL5979966,CDK4,1.9,nM,Cc1nc2c(F)cc(-c3nc(Nc4ccc5c(n4)CCN(CCN4CCN(C)CC4)C5)ncc3F)cc2n1C(C)(C)C,8.721246399047171,True,<rdkit.Chem.rdchem.Mol object at 0x735c791b26c0>,False
CHEMBL3698739,CDK4,1.9,nM,N[C@@H]1CCN(c2ccc(Nc3ncc4c5ccncc5n(C5CCCC5)c4n3)nn2)C1,8.721246399047171,True,<rdkit.Chem.rdchem.Mol object at 0x735c791b1c40>,False
CHEMBL5568620,CDK9,1.9,nM,CC(C)c1c2cc(-c3ccnc(Nc4ccc5c(N6CCN(C)CC6)ncnc5c4)n3)ccc2nn1C,8.721246399047171,True,<rdkit.Chem.rdchem.Mol object at 0x735c791b2110>,False
CHEMBL4077071,CDK6,1.96,nM,CN1CCN(Cc2ccc(NC(=O)c3n[nH]cc3Nc3ncnc4[nH]ccc34)cc2)CC1,8.707743928643524,True,<rdkit.Chem.rdchem.Mol object at 0x735c791b2490>,False
CHEMBL5935906,CDK4,1.96,nM,CNCCN1CCc2nc(Nc3ncc(F)c(-c4cc(F)c5nc(C)n(C6CC6)c5c4)n3)ccc2C1,8.707743928643524,True,<rdkit.Chem.rdchem.Mol object at 0x735c791b2960>,False
CHEMBL5979966,CDK6,1.97,nM,Cc1nc2c(F)cc(-c3nc(Nc4ccc5c(n4)CCN(CCN4CCN(C)CC4)C5)ncc3F)cc2n1C(C)(C)C,8.705533773838408,True,<rdkit.Chem.rdchem.Mol object at 0x735c791b2ff0>,False
CHEMBL3298985,CDK2,2.0,nM,CC[C@@H](NC(=O)N1CCc2cnc(NC3CCOCC3)nc2C1)c1ccc(C#N)c(Cl)c1,8.698970004336019,True,<rdkit.Chem.rdchem.Mol object at 0x735c791b3df0>,False
CHEMBL3673542,CDK9,2.0,nM,O=C(CO)N1CC=C(c2cc3c(-c4cncc(OCc5cccc(F)c5)n4)ccnc3[nH]2)CC1,8.698970004336019,True,<rdkit.Chem.rdchem.Mol object at 0x735c791b2c70>,False
CHEMBL488257,CDK2,2.0,nM,CNC(=O)c1ccc(Nc2nccc(-c3cnc(C)n3C3CCCC3)n2)cc1,8.698970004336019,True,<rdkit.Chem.rdchem.Mol object at 0x735c79155150>,False
CHEMBL5851484,CDK6,2.0,nM,CC(C)N1CCOc2c(F)cc(-c3nc(Nc4ccc(N5CCN(C(=O)CO)CC5)cn4)ncc3F)cc21,8.698970004336019,True,<rdkit.Chem.rdchem.Mol object at 0x735c791550e0>,False
CHEMBL5760232,CDK6,2.0,nM,CC(C)N1CCOc2c(F)cc(-c3nc(Nc4ccc(N5CCC(N(C)C)CC5)nc4)ncc3F)cc21,8.698970004336019,True,<rdkit.Chem.rdchem.Mol object at 0x735c79154890>,False
CHEMBL5897019,CDK4,2.0,nM,CCN1CCC(c2ccc(Nc3ncc(F)c(-c4cc(F)c5c(c4)N(C(C)C)CCO5)n3)nc2)CC1,8.698970004336019,True,<rdkit.Chem.rdchem.Mol object at 0x735c791545f0>,False
CHEMBL3642032,CDK4,2.0,nM,O=C(O)CNC1CCN(c2ccc(Nc3ncc4c5ccncc5n(C5CCCC5)c4n3)nc2)CC1,8.698970004336019,True,<rdkit.Chem.rdchem.Mol object at 0x735c791577d0>,False
CHEMBL5740706,CDK4,2.0,nM,CC(C)N1CCc2cc(Nc3ncc(F)c(-c4cc(F)c5c(c4)N(C(C)C)CCO5)n3)ccc2C1,8.698970004336019,True,<rdkit.Chem.rdchem.Mol object at 0x735c791546d0>,False
CHEMBL454648,CDK2,2.0,nM,Cc1ncc(-c2nc(Nc3ccc(C(=O)N(C)C)c(F)c3)ncc2F)n1C(C)C,8.698970004336019,True,<rdkit.Chem.rdchem.Mol object at 0x735c791568f0>,False
CHEMBL5917565,CDK6,2.0,nM,CC(C)N1CCOc2c(F)cc(-c3nc(Nc4ccc(N5CCNCC5)nc4)ncc3F)cc21,8.698970004336019,True,<rdkit.Chem.rdchem.Mol object at 0x735c791544a0>,False
CHEMBL3648117,CDK2,2.0,nM,C[C@H](O)[C@@H](C)Nc1nc(Nc2ccc(S(C)(=N)=O)cc2)ncc1Br,8.698970004336019,True,<rdkit.Chem.rdchem.Mol object at 0x735c79155fc0>,False
CHEMBL5095102,CDK4,2.0,nM,CC(C)N1CCOc2c(F)cc(-c3nc(Nc4ccc(C5CCN(C)CC5)cn4)ncc3F)cc21,8.698970004336019,True,<rdkit.Chem.rdchem.Mol object at 0x735c79155070>,False
CHEMBL3673540,CDK9,2.0,nM,Fc1cccc(CNc2nc(-c3ccnc4[nH]c(C5CCNCC5)cc34)c(F)cc2F)c1,8.698970004336019,True,<rdkit.Chem.rdchem.Mol object at 0x735c79157f40>,False
CHEMBL3946675,CDK9,2.0,nM,COc1cc(F)ccc1-c1nc(Nc2cc(Br)cc(CS(C)(=N)=O)c2)ncc1F,8.698970004336019,True,<rdkit.Chem.rdchem.Mol object at 0x735c79157d80>,False
CHEMBL3648111,CDK1,2.0,nM,COc1cc(Nc2ncc(Br)c(N[C@H](C)[C@@H](C)O)n2)ccc1S(C)(=N)=O,8.698970004336019,True,<rdkit.Chem.rdchem.Mol object at 0x735c79157ca0>,False
CHEMBL3648116,CDK2,2.0,nM,C[C@H](Nc1nc(Nc2ccc(S(C)(=N)=O)cc2)ncc1Br)C(C)(C)O,8.698970004336019,True,<rdkit.Chem.rdchem.Mol object at 0x735c79157c30>,False
CHEMBL5851484,CDK4,2.0,nM,CC(C)N1CCOc2c(F)cc(-c3nc(Nc4ccc(N5CCN(C(=O)CO)CC5)cn4)ncc3F)cc21,8.698970004336019,True,<rdkit.Chem.rdchem.Mol object at 0x735c79157bc0>,False
CHEMBL359794,CDK2,2.0,nM,N#Cc1ccc(Nc2nccc(-c3cnn4ncccc34)n2)cc1,8.698970004336019,True,<rdkit.Chem.rdchem.Mol object at 0x735c79157920>,False
CHEMBL3642033,CDK4,2.0,nM,O=C(O)CNC1CCN(c2ccc(Nc3ncc4c5ccncc5n(C5CCCC5)c4n3)nn2)CC1,8.698970004336019,True,<rdkit.Chem.rdchem.Mol object at 0x735c79157680>,False
CHEMBL4448494,CDK6,2.0,nM,Cc1nc2c(F)cc(-c3nc(Nc4ccc5c(n4)CCN(CCN(C)C)C5)ncc3F)cc2n1C(C)C,8.698970004336019,True,<rdkit.Chem.rdchem.Mol object at 0x735c79157760>,False
CHEMBL3702236,CDK4,2.0,nM,CC[C@H](C)n1c2cnccc2c2cnc(Nc3ccc(N4CC[C@@H](O)C4)cn3)nc21,8.698970004336019,True,<rdkit.Chem.rdchem.Mol object at 0x735c791576f0>,False
CHEMBL73303,CDK2,2.0,nM,NS(=O)(=O)c1ccc(Nc2nccc(-c3cnc4ccccn34)n2)cc1,8.698970004336019,True,<rdkit.Chem.rdchem.Mol object at 0x735c791575a0>,False
CHEMBL3698746,CDK4,2.0,nM,NC1CCCN(c2ccc(Nc3ncc4c5ccncc5n(C5CCCC5)c4n3)nn2)C1,8.698970004336019,True,<rdkit.Chem.rdchem.Mol object at 0x735c79157530>,False
CHEMBL5789426,CDK4,2.0,nM,CC(C)N1CCOc2c(F)cc(-c3nc(Nc4ccc(S(=O)(=O)NCCN(C)C)cc4)ncc3F)cc21,8.698970004336019,True,<rdkit.Chem.rdchem.Mol object at 0x735c791574c0>,False
CHEMBL3698693,CDK4,2.0,nM,C[C@H]1CN(c2ccc(Nc3ncc4c5ccncc5n(C5CCCC5)c4n3)nc2)CCN1,8.698970004336019,True,<rdkit.Chem.rdchem.Mol object at 0x735c79157450>,False
CHEMBL3904602,CDK6,2.0,nM,CC(C)N1CCN(c2ccc(Nc3ncc4cc5n(c4n3)C3(CCCCC3)CNC5=O)nc2)CC1,8.698970004336019,True,<rdkit.Chem.rdchem.Mol object at 0x735c79157300>,False
CHEMBL3905335,CDK9,2.0,nM,COc1cc(F)ccc1-c1nc(Nc2cc(CS(C)(=N)=O)cc(C(F)(F)F)c2)ncc1F,8.698970004336019,True,<rdkit.Chem.rdchem.Mol object at 0x735c79157220>,False
CHEMBL5499697,CDK9,2.0,nM,N[C@H]1CCN(c2c3c(nc4ccc(-c5ccnc(NC(=O)C6CC6)c5)cc24)CCCC3)C1,8.698970004336019,True,<rdkit.Chem.rdchem.Mol object at 0x735c791571b0>,False
CHEMBL5956531,CDK4,2.0,nM,CC(C)N1CCOc2c(F)cc(-c3nc(Nc4ccc5c(c4)CCNC5)ncc3F)cc21,8.698970004336019,True,<rdkit.Chem.rdchem.Mol object at 0x735c791570d0>,False
CHEMBL3298199,CDK2,2.0,nM,C[C@@H](NC(=O)N1CCc2cnc(N[C@H]3CCO[C@@H](CO)C3)nc2C1)c1ccc(Cl)c(Cl)c1,8.698970004336019,True,<rdkit.Chem.rdchem.Mol object at 0x735c79156ff0>,False
CHEMBL462385,CDK2,2.0,nM,Cc1ncc(-c2nc(Nc3ccc(C(=O)NCCN(C)C)c(F)c3)ncc2F)n1C(C)C,8.698970004336019,True,<rdkit.Chem.rdchem.Mol object at 0x735c79156ea0>,False
CHEMBL462192,CDK2,2.0,nM,Cc1ncc(-c2nc(Nc3ccc(C(=O)N4CCCN(C)CC4)cc3)ncc2F)n1C(C)C,8.698970004336019,True,<rdkit.Chem.rdchem.Mol object at 0x735c79156e30>,False
CHEMBL455657,CDK1,2.0,nM,CN[C@H]1CCN(C(=O)c2ccc(Nc3ncc(F)c(-c4cnc(C)n4C(C)C)n3)cc2)C1,8.698970004336019,True,<rdkit.Chem.rdchem.Mol object at 0x735c79156dc0>,False
CHEMBL191003,CDK2,2.0,nM,Nc1nc(Nc2ccc(S(N)(=O)=O)cc2)nn1C(=O)c1c(F)cccc1F,8.698970004336019,True,<rdkit.Chem.rdchem.Mol object at 0x735c79156d50>,False
CHEMBL487067,CDK2,2.0,nM,Cc1ncc(-c2ccnc(Nc3ccc(C(=O)NCCO)cc3)n2)n1C(C)C,8.698970004336019,True,<rdkit.Chem.rdchem.Mol object at 0x735c79156c70>,False
CHEMBL194721,CDK2,2.0,nM,FC(F)(F)c1cnc(Nc2ccc3[nH]cnc3c2)nc1Nc1ccccc1Cl,8.698970004336019,True,<rdkit.Chem.rdchem.Mol object at 0x735c79156960>,False
CHEMBL3702034,CDK4,2.0,nM,NC1CCN(c2ccc(Nc3ncc4c5cc[nH]c(=O)c5n(C5CCCC5)c4n3)nn2)CC1,8.698970004336019,True,<rdkit.Chem.rdchem.Mol object at 0x735c79156880>,False
CHEMBL5740706,CDK6,2.0,nM,CC(C)N1CCc2cc(Nc3ncc(F)c(-c4cc(F)c5c(c4)N(C(C)C)CCO5)n3)ccc2C1,8.698970004336019,True,<rdkit.Chem.rdchem.Mol object at 0x735c79156730>,False
CHEMBL453862,CDK2,2.0,nM,Cc1ncc(-c2nc(Nc3ccc(C(=O)N(C)C)cc3)ncc2F)n1C(C)C,8.698970004336019,True,<rdkit.Chem.rdchem.Mol object at 0x735c79156650>,False
CHEMBL3642019,CDK4,2.0,nM,CCNC1CCN(c2ccc(Nc3ncc4c5ccncc5n(C5CCCC5)c4n3)nc2)CC1,8.698970004336019,True,<rdkit.Chem.rdchem.Mol object at 0x735c791565e0>,False
CHEMBL3648115,CDK1,2.0,nM,COc1cc(Nc2ncc(Br)c(N[C@H](C)C(C)(C)O)n2)ccc1S(C)(=N)=O,8.698970004336019,True,<rdkit.Chem.rdchem.Mol object at 0x735c79156500>,False
CHEMBL495696,CDK2,2.0,nM,N#Cc1cccc(Nc2nccc(-c3cnn4ncccc34)n2)c1,8.698970004336019,True,<rdkit.Chem.rdchem.Mol object at 0x735c79156420>,False
CHEMBL259838,CDK2,2.0,nM,O=C(Nc1n[nH]c2nc(-c3ccc(O)c(Cl)c3)ccc12)C1CC1,8.698970004336019,True,<rdkit.Chem.rdchem.Mol object at 0x735c791563b0>,False
CHEMBL260416,CDK2,2.0,nM,O=C(Nc1n[nH]c2nc(-c3ccc(O)c(Br)c3)ccc12)C1CC1,8.698970004336019,True,<rdkit.Chem.rdchem.Mol object at 0x735c79156340>,False
CHEMBL3673541,CDK9,2.0,nM,CNC(=O)N1CC=C(c2cc3c(-c4cncc(OCc5cccc(F)c5)n4)ccnc3[nH]2)CC1,8.698970004336019,True,<rdkit.Chem.rdchem.Mol object at 0x735c79156260>,False
CHEMBL5917565,CDK4,2.0,nM,CC(C)N1CCOc2c(F)cc(-c3nc(Nc4ccc(N5CCNCC5)nc4)ncc3F)cc21,8.698970004336019,True,<rdkit.Chem.rdchem.Mol object at 0x735c791560a0>,False
CHEMBL559845,CDK2,2.0,nM,Cn1nc(C(N)=O)c2c1-c1nc(Nc3ccccc3)ncc1CC2,8.698970004336019,True,<rdkit.Chem.rdchem.Mol object at 0x735c79156030>,False
CHEMBL5806403,CDK4,2.0,nM,CC(C)N1CCOc2c(F)cc(-c3nc(Nc4ccc(N5CCN(CCO)CC5)cn4)ncc3F)cc21,8.698970004336019,True,<rdkit.Chem.rdchem.Mol object at 0x735c79155f50>,False
CHEMBL5806353,CDK6,2.0,nM,CC(C)N1CCOc2c(F)cc(-c3nc(Nc4ccc(N5CCC(N(C)C)CC5)cn4)ncc3F)cc21,8.698970004336019,True,<rdkit.Chem.rdchem.Mol object at 0x735c79155ee0>,False
CHEMBL460087,CDK2,2.0,nM,CN[C@H]1CCN(C(=O)c2ccc(Nc3nccc(-c4cnc(C)n4C(C)C)n3)cc2)C1,8.698970004336019,True,<rdkit.Chem.rdchem.Mol object at 0x735c79155e70>,False
CHEMBL460102,CDK2,2.0,nM,Cc1ncc(-c2nc(Nc3ccc(C(=O)N4CC[C@H](N(C)C)C4)cc3)ncc2F)n1C(C)C,8.698970004336019,True,<rdkit.Chem.rdchem.Mol object at 0x735c79155e00>,False
CHEMBL5801637,CDK4,2.0,nM,CC(C)N1CCOc2c(F)cc(-c3nc(Nc4ccc(N5CCC(N)CC5)cn4)ncc3F)cc21,8.698970004336019,True,<rdkit.Chem.rdchem.Mol object at 0x735c79155af0>,False
CHEMBL190446,CDK2,2.0,nM,C[C@H](C(=O)Nc1cc(C2CC2)[nH]n1)c1ccc(N2Cc3ccccc3C2=O)cc1,8.698970004336019,True,<rdkit.Chem.rdchem.Mol object at 0x735c79155a10>,False
CHEMBL3545083,CDK1,2.0,nM,COCCN1CCN(Cc2ccc(-c3n[nH]c4c3C(=O)c3c(NC(=O)NN5CCOCC5)cccc3-4)cc2)CC1,8.698970004336019,True,<rdkit.Chem.rdchem.Mol object at 0x735c791559a0>,False
CHEMBL5825661,CDK6,2.0,nM,CC(C)N1CCOc2c(F)cc(-c3nc(Nc4ccc(N5CCNCC5=O)cn4)ncc3F)cc21,8.698970004336019,True,<rdkit.Chem.rdchem.Mol object at 0x735c79155850>,False
CHEMBL178769,CDK2,2.0,nM,CN(C)S(=O)(=O)c1ccc(Nc2cc(N[C@H]3CC[C@H](N)CC3)nc3c(Br)cnn23)cc1Cl,8.698970004336019,True,<rdkit.Chem.rdchem.Mol object at 0x735c791557e0>,False
CHEMBL455657,CDK2,2.0,nM,CN[C@H]1CCN(C(=O)c2ccc(Nc3ncc(F)c(-c4cnc(C)n4C(C)C)n3)cc2)C1,8.698970004336019,True,<rdkit.Chem.rdchem.Mol object at 0x735c79155700>,False
CHEMBL3648115,CDK2,2.0,nM,COc1cc(Nc2ncc(Br)c(N[C@H](C)C(C)(C)O)n2)ccc1S(C)(=N)=O,8.698970004336019,True,<rdkit.Chem.rdchem.Mol object at 0x735c791555b0>,False
CHEMBL192216,CDK1,2.0,nM,CC(C)COc1nc(Nc2ccc3[nH]cnc3c2)ncc1C(F)(F)F,8.698970004336019,True,<rdkit.Chem.rdchem.Mol object at 0x735c791554d0>,False
CHEMBL192602,CDK2,2.0,nM,C[C@H](C(=O)Nc1cc(C2CC2)[nH]n1)c1ccc(N2CCNC2=O)cc1,8.698970004336019,True,<rdkit.Chem.rdchem.Mol object at 0x735c791552a0>,False
CHEMBL5834090,CDK6,2.03,nM,Cc1nc2c(F)cc(-c3nc(Nc4ccc5c(n4)CCN(CCN(C)CCO)C5)ncc3F)cc2n1C(C)(C)C,8.692503962086787,True,<rdkit.Chem.rdchem.Mol object at 0x735c79155380>,False
CHEMBL5813772,CDK4,2.05,nM,Cc1nc2c(F)cc(-c3nc(Nc4ccc5c(n4)CCN(C)C5)ncc3F)cc2n1C(C)C,8.688246138944246,True,<rdkit.Chem.rdchem.Mol object at 0x735c79155310>,False
CHEMBL5908734,CDK4,2.06,nM,Cc1nc2c(F)cc(-c3nc(Nc4ccc5c(n4)CCN(CCO)C5)ncc3F)cc2n1C(C)C,8.686132779630846,True,<rdkit.Chem.rdchem.Mol object at 0x735c79155230>,False
CHEMBL5834090,CDK4,2.06,nM,Cc1nc2c(F)cc(-c3nc(Nc4ccc5c(n4)CCN(CCN(C)CCO)C5)ncc3F)cc2n1C(C)(C)C,8.686132779630846,True,<rdkit.Chem.rdchem.Mol object at 0x735c79155000>,False
CHEMBL5834517,CDK4,2.06,nM,CC(=O)N1CCc2nc(Nc3ncc(F)c(-c4cc(F)c5nc(C)n(C(C)C)c5c4)n3)ccc2C1,8.686132779630846,True,<rdkit.Chem.rdchem.Mol object at 0x735c79154f90>,False
CHEMBL5828906,CDK4,2.07,nM,Cc1nc2c(F)cc(-c3nc(Nc4ccc5c(n4)CCN(C[C@@H](C)N)C5)ncc3F)cc2n1C1CC1,8.684029654543082,True,<rdkit.Chem.rdchem.Mol object at 0x735c79154f20>,False
CHEMBL5905735,CDK4,2.08,nM,Cc1nc2c(F)cc(-c3nc(Nc4ccc5c(n4)CCN(C(C)C)C5)ncc3F)cc2n1C(C)C,8.681936665037238,True,<rdkit.Chem.rdchem.Mol object at 0x735c79154eb0>,False
CHEMBL3698674,CDK4,2.1,nM,c1ccc2c(c1)c1cnc(Nc3ccc(N4CCNCC4)cn3)nc1n2C1CCCCCC1,8.67778070526608,True,<rdkit.Chem.rdchem.Mol object at 0x735c79154e40>,False
CHEMBL3680379,CDK4,2.1,nM,C[C@H]1CC[C@H](n2c3cnccc3c3cnc(Nc4ccc5c(n4)CCNC5)nc32)CC1,8.67778070526608,True,<rdkit.Chem.rdchem.Mol object at 0x735c79154c80>,False
CHEMBL4204030,CDK4,2.1,nM,CCN1CCN(Cc2cnc(Nc3cc(-c4cc(F)c5nc(C)n(C(C)C)c5c4)ccn3)cn2)CC1,8.67778070526608,True,<rdkit.Chem.rdchem.Mol object at 0x735c79154c10>,False
CHEMBL3698673,CDK4,2.1,nM,c1ccc2c(c1)c1cnc(Nc3ccc(N4CCNCC4)cn3)nc1n2C1CCOCC1,8.67778070526608,True,<rdkit.Chem.rdchem.Mol object at 0x735c79154ba0>,False
CHEMBL5956743,CDK4,2.12,nM,CCS(=O)(=O)c1cc2cnc(Nc3ccc(N4CCNCC4)cn3)nc2n1C1CCCC1,8.67366413907125,True,<rdkit.Chem.rdchem.Mol object at 0x735c79154970>,False
CHEMBL5781074,CDK4,2.18,nM,Cc1nc2c(F)cc(-c3nc(Nc4ccc5c(n4)CCNC5)ncc3F)cc2n1C1CCC1,8.661543506395395,True,<rdkit.Chem.rdchem.Mol object at 0x735c79154120>,False
CHEMBL3698646,CDK4,2.2,nM,CC1(C)CN(c2ccc(Nc3ncc4c5ccncc5n(C5CCCC5)c4n3)nn2)CCN1,8.657577319177793,True,<rdkit.Chem.rdchem.Mol object at 0x735c79154820>,False
CHEMBL4568087,CDK2,2.2,nM,Cn1cc(-c2cnc3c(-c4csc(C(=O)N[C@@H]5CCCC[C@@H]5N)c4)cnn3c2)cn1,8.657577319177793,True,<rdkit.Chem.rdchem.Mol object at 0x735c791547b0>,False
CHEMBL5808524,CDK1,2.2,nM,NS(=O)(=O)c1ccc(Nc2ncc3cc4n(c3n2)C2(CCCCC2)C(=O)NC4O)cc1,8.657577319177793,True,<rdkit.Chem.rdchem.Mol object at 0x735c79154510>,False
CHEMBL3698650,CDK4,2.2,nM,c1ccc(-n2c3cnccc3c3cnc(Nc4ccc(N5CCNCC5)cn4)nc32)cc1,8.657577319177793,True,<rdkit.Chem.rdchem.Mol object at 0x735c79154200>,False
CHEMBL3702049,CDK4,2.2,nM,c1cc2c3cnc(Nc4ccc(CN5CCOCC5)cn4)nc3n(C3CCCC3)c2cn1,8.657577319177793,True,<rdkit.Chem.rdchem.Mol object at 0x735c79154190>,False
CHEMBL3642001,CDK4,2.2,nM,OCC(CO)NC1CCN(c2ccc(Nc3ncc4c5ccncc5n(C5CCCC5)c4n3)nn2)CC1,8.657577319177793,True,<rdkit.Chem.rdchem.Mol object at 0x735c79154040>,False
CHEMBL4213557,CDK6,2.2,nM,Cc1nc2c(F)cc(-c3cc(Nc4cnc(CN5CCN(CC6CC6)CC5)cn4)ncn3)cc2n1C(C)C,8.657577319177793,True,<rdkit.Chem.rdchem.Mol object at 0x735c791551c0>,False
CHEMBL3702167,CDK4,2.2,nM,O=S1(=O)CC=C(c2ccc(Nc3ncc4c5ccncc5n(C5CCCC5)c4n3)nc2)CC1,8.657577319177793,True,<rdkit.Chem.rdchem.Mol object at 0x735c79155bd0>,False
CHEMBL3702167,CDK6,2.2,nM,O=S1(=O)CC=C(c2ccc(Nc3ncc4c5ccncc5n(C5CCCC5)c4n3)nc2)CC1,8.657577319177793,True,<rdkit.Chem.rdchem.Mol object at 0x735c79154350>,False
CHEMBL5568620,CDK4,2.2,nM,CC(C)c1c2cc(-c3ccnc(Nc4ccc5c(N6CCN(C)CC6)ncnc5c4)n3)ccc2nn1C,8.657577319177793,True,<rdkit.Chem.rdchem.Mol object at 0x735c79156ab0>,False
CHEMBL4449998,CDK4,2.21,nM,Cc1nc2c(F)cc(-c3nc(Nc4ccc5c(n4)CCN(CCN(C)C)C5)ncc3F)cc2n1CC1CC1,8.655607726314889,True,<rdkit.Chem.rdchem.Mol object at 0x735c79154dd0>,False
CHEMBL5886747,CDK6,2.21,nM,Cc1nc2c(F)cc(-c3nc(Nc4ccc5c(n4)CCNC5)ncc3F)cc2n1C1(C)CC1,8.655607726314889,True,<rdkit.Chem.rdchem.Mol object at 0x735c791562d0>,False
CHEMBL6007400,CDK4,2.22,nM,Cc1nc2c(F)cc(-c3nc(Nc4ccc5c(n4)CCN(C[C@@H](C)N(C)C)C5)ncc3F)cc2n1C1CC1,8.653647025549361,True,<rdkit.Chem.rdchem.Mol object at 0x735c79156110>,False
CHEMBL5572638,CDK9,2.23,nM,Cl.N[C@H]1CCN(c2c3c(nc4ccc(-c5ccnc(NC(=O)C6CC6)n5)cc24)CCCC3)C1,8.65169513695184,True,<rdkit.Chem.rdchem.Mol object at 0x735c79156b20>,False
CHEMBL6012656,CDK4,2.23,nM,Cc1nc2c(F)cc(-c3nc(Nc4ccc5c(n4)CCN(C(=O)CN4CCOCC4)C5)ncc3F)cc2n1C1CC1,8.65169513695184,True,<rdkit.Chem.rdchem.Mol object at 0x735c791566c0>,False
CHEMBL5859057,CDK4,2.23,nM,Cc1nc2c(F)cc(-c3nc(Nc4ccc5c(n4)CCN(C(=O)CN4CCCCC4)C5)ncc3F)cc2n1C1CC1,8.65169513695184,True,<rdkit.Chem.rdchem.Mol object at 0x735c79156c00>,False
CHEMBL5833493,CDK4,2.23,nM,Cc1nc2c(F)cc(-c3nc(Nc4ccc5c(n4)CCN(C(=O)CC(C)(C)O)C5)ncc3F)cc2n1C(C)C,8.65169513695184,True,<rdkit.Chem.rdchem.Mol object at 0x735c79156b90>,False
CHEMBL5816005,CDK4,2.26,nM,Cc1nc2c(F)cc(-c3nc(Nc4ccc5c(n4)CCN(CCN4CCOCC4)C5)ncc3F)cc2n1C(C)(C)C,8.645891560852599,True,<rdkit.Chem.rdchem.Mol object at 0x735c791543c0>,False
CHEMBL4202432,CDK6,2.3,nM,Cc1nc2c(F)cc(-c3cc(Nc4cnc(CN5CCN(C(C)C)CC5)cn4)ncn3)cc2n1C(C)C,8.638272163982407,True,<rdkit.Chem.rdchem.Mol object at 0x735c79157a00>,False
CHEMBL521686,CDK6,2.3,nM,O=C(c1cc(Cc2n[nH]c(=O)c3ccccc23)ccc1F)N1CCN(C(=O)C2CC2)CC1,8.638272163982407,True,<rdkit.Chem.rdchem.Mol object at 0x735c79157840>,False
CHEMBL336242,CDK4,2.3,nM,O=C(Nc1cc(CN[C@H]2Cc3ccc(Cl)cc3C2)n[nH]1)Nc1cccc2c1[C@@H]1CCCN1C2=O,8.638272163982407,True,<rdkit.Chem.rdchem.Mol object at 0x735c79157370>,False
CHEMBL3698703,CDK4,2.3,nM,CC1CN(c2ccc(Nc3ncc4c5ccncc5n(C5CCCC5)c4n3)nc2)CC(C)N1,8.638272163982407,True,<rdkit.Chem.rdchem.Mol object at 0x735c79154580>,False
CHEMBL3698745,CDK4,2.3,nM,O=C1CN(c2ccc(Nc3ncc4c5ccncc5n(C5CCCC5)c4n3)nn2)CCN1,8.638272163982407,True,<rdkit.Chem.rdchem.Mol object at 0x735c791542e0>,False
CHEMBL5935222,CDK4,2.34,nM,COC(=O)CN1CCc2nc(Nc3ncc(F)c(-c4cc(F)c5nc(C)n(C(C)C)c5c4)n3)ccc2C1,8.630784142589857,True,<rdkit.Chem.rdchem.Mol object at 0x735c791540b0>,False
CHEMBL5953872,CDK4,2.34,nM,COC(=O)N1CCc2nc(Nc3ncc(F)c(-c4cc(F)c5nc(C)n(C(C)C)c5c4)n3)ccc2C1,8.630784142589857,True,<rdkit.Chem.rdchem.Mol object at 0x735c78fd2b90>,False
CHEMBL4445727,CDK4,2.35,nM,CCn1c(C)nc2c(F)cc(-c3nc(Nc4ccc5c(n4)CCN(CCN(C)C)C5)ncc3F)cc21,8.628932137728263,True,<rdkit.Chem.rdchem.Mol object at 0x735c78fd1c40>,False
CHEMBL5791509,CDK4,2.35,nM,Cc1nc2c(F)cc(-c3nc(Nc4ccc5c(n4)CCN(C(=O)CC4CC(O)C4)C5)ncc3F)cc2n1C1CC1,8.628932137728263,True,<rdkit.Chem.rdchem.Mol object at 0x735c78fd3d80>,False
CHEMBL5899535,CDK4,2.35,nM,Cc1nc2c(F)cc(-c3nc(Nc4ccc5c(n4)CCN(C(=O)C4CC(O)C4)C5)ncc3F)cc2n1C(C)C,8.628932137728263,True,<rdkit.Chem.rdchem.Mol object at 0x735c78fd3300>,False
CHEMBL5832698,CDK4,2.36,nM,Cc1nc2c(F)cc(-c3nc(Nc4ccc5c(n4)CCN(C(=O)[C@@H](C)N(C)C)C5)ncc3F)cc2n1C1CC1,8.627087997029893,True,<rdkit.Chem.rdchem.Mol object at 0x735c78fd30d0>,False
CHEMBL5826084,CDK4,2.37,nM,CN(C)C(=O)c1cc2cnc(Nc3ccc(C4=CCNCC4)cn3)nc2n1C1CCCC1,8.625251653989896,True,<rdkit.Chem.rdchem.Mol object at 0x735c78fd33e0>,False
CHEMBL4213756,CDK4,2.37,nM,COCCN1CCc2nc(Nc3ncc(F)c(-c4cc(F)c5nc(C)n(C(C)C)c5c4)n3)ccc2C1,8.625251653989896,True,<rdkit.Chem.rdchem.Mol object at 0x735c78fd3370>,False
CHEMBL3680385,CDK4,2.4,nM,CS(=O)(=O)CCN1CCc2nc(Nc3ncc4c5ccncc5n([C@H]5CC[C@H](C)CC5)c4n3)ccc2C1,8.619788758288394,True,<rdkit.Chem.rdchem.Mol object at 0x735c78fd2c70>,False
CHEMBL5095094,CDK4,2.4,nM,CC(C)c1c2cc(-c3nc(Nc4ccc(N5CCNCC5)cn4)ncc3F)ccc2nn1C,8.619788758288394,True,<rdkit.Chem.rdchem.Mol object at 0x735c78fd2f80>,False
CHEMBL4217694,CDK6,2.4,nM,CCC1CCc2nc3c(F)cc(-c4nc(Nc5ccc(CN6CCN(C)CC6)cn5)ncc4F)cc3n21,8.619788758288394,True,<rdkit.Chem.rdchem.Mol object at 0x735c78fd2880>,False
CHEMBL4207218,CDK4,2.4,nM,CCN1CCC(Cc2cnc(Nc3cc(-c4cc(F)c5nc(C)n(C(C)C)c5c4)ncn3)cn2)CC1,8.619788758288394,True,<rdkit.Chem.rdchem.Mol object at 0x735c78fd1d20>,False
CHEMBL5095094,CDK6,2.4,nM,CC(C)c1c2cc(-c3nc(Nc4ccc(N5CCNCC5)cn4)ncc3F)ccc2nn1C,8.619788758288394,True,<rdkit.Chem.rdchem.Mol object at 0x735c78fd3220>,False
CHEMBL5095094,CDK2,2.4,nM,CC(C)c1c2cc(-c3nc(Nc4ccc(N5CCNCC5)cn4)ncc3F)ccc2nn1C,8.619788758288394,True,<rdkit.Chem.rdchem.Mol object at 0x735c78fd12a0>,False
CHEMBL5416114,CDK9,2.41,nM,Cl.N[C@H]1CCN(c2c3c(nc4ccc(-c5ccnc(NC(=O)C6CC6)n5)cc24)CCCCC3)C1,8.61798295742513,True,<rdkit.Chem.rdchem.Mol object at 0x735c78fd14d0>,False
CHEMBL5856237,CDK9,2.44,nM,Cc1nc2c(F)cc(-c3nc(Nc4ccc5c(n4)CCN(C(=O)[C@@H](C)N(C)C)C5)ncc3F)cc2n1C(C)C,8.61261017366127,True,<rdkit.Chem.rdchem.Mol object at 0x735c78fd2f10>,False
CHEMBL4077071,CDK2,2.47,nM,CN1CCN(Cc2ccc(NC(=O)c3n[nH]cc3Nc3ncnc4[nH]ccc34)cc2)CC1,8.607303046740334,True,<rdkit.Chem.rdchem.Mol object at 0x735c78fd05f0>,False
CHEMBL5789444,CDK4,2.5,nM,CC(C)CN1CCOc2c(F)cc(-c3nc(Nc4ccc(C5CCN(C)CC5)cn4)ncc3F)cc21,8.602059991327963,True,<rdkit.Chem.rdchem.Mol object at 0x735c78fd0f90>,False
CHEMBL3971812,CDK4,2.5,nM,OC1CCC(n2c3cnccc3c3cnc(Nc4ccc(N5CCNCC5)cn4)nc32)CC1,8.602059991327963,True,<rdkit.Chem.rdchem.Mol object at 0x735c78fd3610>,False
CHEMBL5749487,CDK4,2.5,nM,CC(C)N1CCOc2c(F)cc(-c3nc(Nc4ccc(C5CCN(C)CC5=O)cn4)ncc3F)cc21,8.602059991327963,True,<rdkit.Chem.rdchem.Mol object at 0x735c78fd29d0>,False
CHEMBL3698728,CDK4,2.5,nM,c1cc2c3cnc(Nc4ccc(NCC5CCNC5)nn4)nc3n(C3CCCC3)c2cn1,8.602059991327963,True,<rdkit.Chem.rdchem.Mol object at 0x735c78fd3140>,False
CHEMBL3698658,CDK6,2.5,nM,c1ccc2c(c1)c1cnc(Nc3ccc(N4CCNCC4)cn3)nc1n2C1CCCCC1,8.602059991327963,True,<rdkit.Chem.rdchem.Mol object at 0x735c78fd3bc0>,False
CHEMBL400749,CDK1,2.5,nM,CNCc1cncc(-c2cnc3[nH]nc(-c4nc5c(COC)cccc5[nH]4)c3c2)c1,8.602059991327963,True,<rdkit.Chem.rdchem.Mol object at 0x735c78fd1070>,False
CHEMBL3702067,CDK4,2.5,nM,CC(C)n1c2cnccc2c2cnc(Nc3ccc(N4CCC(N(C)C)CC4)nn3)nc21,8.602059991327963,True,<rdkit.Chem.rdchem.Mol object at 0x735c78fd3990>,False
CHEMBL3698684,CDK4,2.5,nM,O=C(c1csc(Nc2ncc3c4ccncc4n(C4CCCC4)c3n2)n1)N1CCNCC1,8.602059991327963,True,<rdkit.Chem.rdchem.Mol object at 0x735c78fd3ed0>,False
CHEMBL5965360,CDK4,2.5,nM,CC(C)N1CCOc2c(F)cc(-c3nc(Nc4cc(F)c(N5CCNCC5)cc4F)ncc3F)cc21,8.602059991327963,True,<rdkit.Chem.rdchem.Mol object at 0x735c78fd3290>,False
CHEMBL424696,CDK9,2.5,nM,c1ccc(Nc2ncc(-c3ccnc(OC4CCCCC4)n3)s2)nc1,8.602059991327963,True,<rdkit.Chem.rdchem.Mol object at 0x735c78fd1e70>,False
CHEMBL5977774,CDK6,2.5,nM,CC1CN(c2ccc(Nc3ncc(F)c(-c4cc(F)c5c(c4)N(C(C)C)CCO5)n3)nc2)CCN1,8.602059991327963,True,<rdkit.Chem.rdchem.Mol object at 0x735c78fd2ff0>,False
CHEMBL5774515,CDK4,2.52,nM,Cc1nc2c(F)cc(-c3nc(Nc4ccc5c(n4)CCN(C(=O)OCCN(C)C)C5)ncc3F)cc2n1C1CC1,8.598599459218455,True,<rdkit.Chem.rdchem.Mol object at 0x735c78fd2420>,False
CHEMBL5976927,CDK4,2.53,nM,Cc1nc2c(F)cc(-c3nc(Nc4ccc5c(n4)CCN(C(=O)C4CC(N)C4)C5)ncc3F)cc2n1C(C)C,8.596879478824182,True,<rdkit.Chem.rdchem.Mol object at 0x735c78fd1a80>,False
CHEMBL5925248,CDK6,2.54,nM,Cc1nc2c(F)cc(-c3nc(Nc4ccc5c(n4)CCN(C[C@H](C)N(C)C)C5)ncc3F)cc2n1C1CC1,8.595166283380062,True,<rdkit.Chem.rdchem.Mol object at 0x735c78fd2490>,False
CHEMBL5894084,CDK4,2.54,nM,Cc1nc2c(F)cc(-c3nc(Nc4ccc5c(n4)CCN(C(=O)CN)C5)ncc3F)cc2n1C(C)C,8.595166283380062,True,<rdkit.Chem.rdchem.Mol object at 0x735c78fd2730>,False
CHEMBL5811164,CDK4,2.54,nM,Cc1nc2c(F)cc(-c3nc(Nc4ccc5c(n4)CCC(C(=O)CN)C5)ncc3F)cc2n1C(C)C,8.595166283380062,True,<rdkit.Chem.rdchem.Mol object at 0x735c78fd1ee0>,False
CHEMBL5950426,CDK6,2.55,nM,Cc1nc2c(F)cc(-c3nc(Nc4ccc5c(n4)CCN(C(=O)N(C)CCN(C)C)C5)ncc3F)cc2n1C1CC1,8.593459819566045,True,<rdkit.Chem.rdchem.Mol object at 0x735c78fd2960>,False
CHEMBL5761239,CDK4,2.57,nM,CS(=O)(=O)c1cc2cnc(Nc3ccc(C4=CCNCC4)cn3)nc2n1C1CCCC1,8.590066876668706,True,<rdkit.Chem.rdchem.Mol object at 0x735c78fd2a40>,False
CHEMBL5979303,CDK6,2.58,nM,Cc1nc2c(F)cc(-c3nc(Nc4ccc5c(n4)CCN(CCS(C)(=O)=O)C5)ncc3F)cc2n1C(C)(C)C,8.588380294036769,True,<rdkit.Chem.rdchem.Mol object at 0x735c78fd3f40>,False
CHEMBL3680381,CDK4,2.6,nM,C[C@H]1CC[C@H](n2c3cnccc3c3cnc(Nc4ccc5c(n4)CCN(CCO)C5)nc32)CC1,8.585026652029182,True,<rdkit.Chem.rdchem.Mol object at 0x735c78fd20a0>,False
CHEMBL3698649,CDK6,2.6,nM,CN(C)C1CCN(c2ccc(Nc3ncc4c5ccncc5n(C5CCCC5)c4n3)nn2)CC1,8.585026652029182,True,<rdkit.Chem.rdchem.Mol object at 0x735c78fd27a0>,False
CHEMBL3641972,CDK4,2.6,nM,C[C@H](O)Cn1c2cnccc2c2cnc(Nc3ccc(N4CC[C@@H](O)C4)nn3)nc21,8.585026652029182,True,<rdkit.Chem.rdchem.Mol object at 0x735c78fd38b0>,False
CHEMBL3702107,CDK4,2.6,nM,CN(C)C1CCN(c2ccc(Nc3ncc4c5ccncc5n(C5CCC(C)(C)CC5)c4n3)cn2)CC1,8.585026652029182,True,<rdkit.Chem.rdchem.Mol object at 0x735c78fd3060>,False
CHEMBL3698733,CDK6,2.6,nM,OCC1CCN(c2ccc(Nc3ncc4c5ccncc5n(C5CCCC5)c4n3)nn2)CC1,8.585026652029182,True,<rdkit.Chem.rdchem.Mol object at 0x735c78fd2ce0>,False
CHEMBL3702049,CDK6,2.6,nM,c1cc2c3cnc(Nc4ccc(CN5CCOCC5)cn4)nc3n(C3CCCC3)c2cn1,8.585026652029182,True,<rdkit.Chem.rdchem.Mol object at 0x735c78fd1460>,False
CHEMBL4777981,CDK9,2.6,nM,COc1ccc(F)cc1-c1c(F)cnc2[nH]c(C3=CCN([C@H]4CC[C@H](C(=O)O)CC4)CC3)cc12,8.585026652029182,True,<rdkit.Chem.rdchem.Mol object at 0x735c78fd1700>,False
CHEMBL3698713,CDK4,2.6,nM,NC1CCN(c2cnc(Nc3ncc4c5ccncc5n(C5CCCC5)c4n3)cn2)CC1,8.585026652029182,True,<rdkit.Chem.rdchem.Mol object at 0x735c78fd3ae0>,False
CHEMBL3642030,CDK4,2.6,nM,C[C@@H](CO)NC1CCN(c2ccc(Nc3ncc4c5ccncc5n(C5CCCC5)c4n3)nc2)CC1,8.585026652029182,True,<rdkit.Chem.rdchem.Mol object at 0x735c78fd2650>,False
CHEMBL4207796,CDK6,2.67,nM,Cc1nc2c(F)cc(-c3nc(Nc4ccc5c(n4)CCN(CCF)C5)ncc3F)cc2n1C(C)C,8.573488738635424,True,<rdkit.Chem.rdchem.Mol object at 0x735c78fd1310>,False
CHEMBL3698676,CDK4,2.7,nM,N#Cc1ccc2c3cnc(Nc4ccc(N5CCNCC5)cn4)nc3n(C3CCCC3)c2c1,8.568636235841012,True,<rdkit.Chem.rdchem.Mol object at 0x735c78fd1cb0>,False
CHEMBL4208504,CDK6,2.7,nM,CCN1CCN(Cc2cnc(Nc3cc(-c4cc(F)c5nc(C)n(C(C)C)c5c4)ncn3)cn2)CC1,8.568636235841012,True,<rdkit.Chem.rdchem.Mol object at 0x735c78fd1230>,False
CHEMBL3702128,CDK6,2.7,nM,O=C1CNCCN1Cc1ccc(Nc2ncc3c4ccncc4n(C4CCCC4)c3n2)nc1,8.568636235841012,True,<rdkit.Chem.rdchem.Mol object at 0x735c78fd35a0>,False
CHEMBL5950277,CDK4,2.71,nM,Cc1nc2c(F)cc(-c3nc(Nc4ccc5c(n4)CCN(C(=O)NCCO)C5)ncc3F)cc2n1C1CC1,8.567030709125595,True,<rdkit.Chem.rdchem.Mol object at 0x735c78fd2260>,False
CHEMBL5915046,CDK6,2.72,nM,CC1(C)CCc2nc3c(F)cc(-c4nc(Nc5ccc(OC6CCN(CCO)CC6)cn5)ncc4F)cc3n21,8.5654310959658,True,<rdkit.Chem.rdchem.Mol object at 0x735c78fd1620>,False
CHEMBL5568620,CDK2,2.8,nM,CC(C)c1c2cc(-c3ccnc(Nc4ccc5c(N6CCN(C)CC6)ncnc5c4)n3)ccc2nn1C,8.55284196865778,True,<rdkit.Chem.rdchem.Mol object at 0x735c78fd0970>,False
CHEMBL3642003,CDK4,2.8,nM,c1cc2c3cnc(Nc4ccc(N5CCC(N6CCOCC6)CC5)nn4)nc3n(C3CCCC3)c2cn1,8.55284196865778,True,<rdkit.Chem.rdchem.Mol object at 0x735c78fd3a70>,False
CHEMBL3698695,CDK4,2.8,nM,c1cc2c3cnc(Nc4ccc(N[C@H]5CCNC5)cn4)nc3n(C3CCCC3)c2cn1,8.55284196865778,True,<rdkit.Chem.rdchem.Mol object at 0x735c78fd1770>,False
CHEMBL3702183,CDK4,2.8,nM,CCN(CC)C1CCN(c2ccc(Nc3ncc4c5ccnc(O)c5n(C5CCCC5)c4n3)nn2)CC1,8.55284196865778,True,<rdkit.Chem.rdchem.Mol object at 0x735c78fd2110>,False
CHEMBL5976683,CDK6,2.82,nM,Cc1nc2c(F)cc(-c3nc(Nc4ccc5c(n4)CCN(C(=O)NCCN(C)C)C5)ncc3F)cc2n1C(C)C,8.549750891680638,True,<rdkit.Chem.rdchem.Mol object at 0x735c78fd2570>,False
CHEMBL5879318,CDK6,2.88,nM,CNCC(=O)N1CCc2nc(Nc3ncc(F)c(-c4cc(F)c5nc(C)n(C6CCC6)c5c4)n3)ccc2C1,8.540607512240769,True,<rdkit.Chem.rdchem.Mol object at 0x735c78fd37d0>,False
CHEMBL4206061,CDK4,2.88,nM,Cc1nc2c(F)cc(-c3nc(Nc4ccc5c(n4)CCN(C(=O)CN4CCN(C)CC4)C5)ncc3F)cc2n1C(C)C,8.540607512240769,True,<rdkit.Chem.rdchem.Mol object at 0x735c78fd2180>,False
CHEMBL4208198,CDK4,2.9,nM,CCN1CCN(Cc2ccc(Nc3cc(-c4cc(F)c5nc(C)n(C(C)C)c5c4)ccn3)nc2)CC1,8.537602002101044,True,<rdkit.Chem.rdchem.Mol object at 0x735c78fd2c00>,False
CHEMBL3702218,CDK4,2.9,nM,CC[C@@H](C)n1c2cnccc2c2cnc(Nc3ccc(N4CCC(NC)CC4)nn3)nc21,8.537602002101044,True,<rdkit.Chem.rdchem.Mol object at 0x735c78fd2d50>,False
CHEMBL4208198,CDK6,2.9,nM,CCN1CCN(Cc2ccc(Nc3cc(-c4cc(F)c5nc(C)n(C(C)C)c5c4)ccn3)nc2)CC1,8.537602002101044,True,<rdkit.Chem.rdchem.Mol object at 0x735c78fd2ea0>,False
CHEMBL5558178,CDK9,2.9,nM,CC(C)n1nnc2ccc(-c3ccnc(Nc4cc(C(=O)N5CCCN(C)CC5)ccn4)c3)cc21,8.537602002101044,True,<rdkit.Chem.rdchem.Mol object at 0x735c78fd3680>,False
CHEMBL5971879,CDK6,2.9,nM,Cc1nc2c(F)cc(-c3nc(Nc4ccc5c(n4)CCN[C@H]5C)ncc3F)cc2n1C(C)(C)C,8.537602002101044,True,<rdkit.Chem.rdchem.Mol object at 0x735c78fd3530>,False
CHEMBL4207218,CDK6,2.9,nM,CCN1CCC(Cc2cnc(Nc3cc(-c4cc(F)c5nc(C)n(C(C)C)c5c4)ncn3)cn2)CC1,8.537602002101044,True,<rdkit.Chem.rdchem.Mol object at 0x735c78fd3b50>,False
CHEMBL4213557,CDK4,2.9,nM,Cc1nc2c(F)cc(-c3cc(Nc4cnc(CN5CCN(CC6CC6)CC5)cn4)ncn3)cc2n1C(C)C,8.537602002101044,True,<rdkit.Chem.rdchem.Mol object at 0x735c78fd3d10>,False
CHEMBL4213219,CDK4,2.93,nM,Cc1nc2c(F)cc(-c3nc(Nc4ccc5c(n4)CCN(C(=O)CO)C5)ncc3F)cc2n1C(C)C,8.53313237964589,True,<rdkit.Chem.rdchem.Mol object at 0x735c78fd3e60>,False
CHEMBL5870326,CDK4,2.94,nM,Cc1nc2c(F)cc(-c3nc(Nc4ccc5c(n4)CCN(C(=O)NCCN(C)C)C5)ncc3F)cc2n1C1CC1,8.531652669587842,True,<rdkit.Chem.rdchem.Mol object at 0x735c78fd0040>,False
CHEMBL5873158,CDK6,2.97,nM,Cc1nc2c(F)cc(-c3nc(Nc4ccc5c(n4)CCNC5)ncc3F)cc2n1C(C)(C)C,8.527243550682787,True,<rdkit.Chem.rdchem.Mol object at 0x735c78fd23b0>,False
CHEMBL3702059,CDK4,3.0,nM,O=C(CO)N1CCN(c2ccc(Nc3ncc4c5ccncc5n(C5CCCC5)c4n3)nc2)CC1,8.522878745280337,True,<rdkit.Chem.rdchem.Mol object at 0x735c78fd26c0>,False
CHEMBL3644026,CDK2,3.0,nM,C[C@@H](O)[C@@H](C)Oc1nc(Nc2ccc(S(=O)(=O)CCO)cc2)ncc1C(F)(F)F,8.522878745280337,True,<rdkit.Chem.rdchem.Mol object at 0x735c78fd1690>,False
CHEMBL3691579,CDK4,3.0,nM,CN(C)C(=O)c1cc2cnc(Nc3ccc(C(=O)N4CC5CCC(C4)N5)cn3)nc2n1[C@@H]1C[C@H]2CC[C@@H]1C2,8.522878745280337,True,<rdkit.Chem.rdchem.Mol object at 0x735c78fd0f20>,False
CHEMBL4644434,CDK2,3.0,nM,CC(C)c1cnn2c(NCc3ccccc3)cc(N[C@@H](CO)[C@@H](O)CO)nc12,8.522878745280337,True,<rdkit.Chem.rdchem.Mol object at 0x735c78fd0660>,False
CHEMBL3960677,CDK9,3.0,nM,COc1cc(CS(C)(=N)=O)cc(Nc2ncc(F)c(-c3ccc(F)cc3OC)n2)c1,8.522878745280337,True,<rdkit.Chem.rdchem.Mol object at 0x735c78fd0cf0>,False
CHEMBL3691596,CDK4,3.0,nM,CN(C)C(=O)c1cc2cnc(Nc3ccc(C(=O)N4CC5CCC(C4)N5)cn3)nc2n1-c1cccc(C(C)(C)C)c1,8.522878745280337,True,<rdkit.Chem.rdchem.Mol object at 0x735c78fd2810>,False
CHEMBL2163996,CDK2,3.0,nM,N[C@H]1CC[C@H](Nc2cc(Nc3ccc(F)c(Cl)c3)n3ncc(Cl)c3n2)CC1,8.522878745280337,True,<rdkit.Chem.rdchem.Mol object at 0x735c78fd3840>,False
CHEMBL5943509,CDK4,3.0,nM,CC(C)N1CCOc2c(F)cc(-c3nc(Nc4cc(F)c(C5CCNCC5)cn4)ncc3F)cc21,8.522878745280337,True,<rdkit.Chem.rdchem.Mol object at 0x735c78fd3760>,False
CHEMBL5951978,CDK6,3.0,nM,CC(C)N1CCOc2c(F)cc(-c3nc(Nc4ccc5c(c4)CN(C(=O)CN(C)C)CC5)ncc3F)cc21,8.522878745280337,True,<rdkit.Chem.rdchem.Mol object at 0x735c78fd3a00>,False
CHEMBL5943509,CDK6,3.0,nM,CC(C)N1CCOc2c(F)cc(-c3nc(Nc4cc(F)c(C5CCNCC5)cn4)ncc3F)cc21,8.522878745280337,True,<rdkit.Chem.rdchem.Mol object at 0x735c78fd0e40>,False
CHEMBL4756595,CDK9,3.0,nM,COc1cc(F)ccc1-c1cc(Nc2cc(CS(C)(=N)=O)ccn2)ncc1F,8.522878745280337,True,<rdkit.Chem.rdchem.Mol object at 0x735c78fd0430>,False
CHEMBL3691595,CDK4,3.0,nM,CN(C)C(=O)c1cc2cnc(Nc3ccc(C(=O)N4CC5CCC(C4)N5)cn3)nc2n1-c1ccc(C(C)(C)C)cc1,8.522878745280337,True,<rdkit.Chem.rdchem.Mol object at 0x735c78fd31b0>,False
CHEMBL311464,CDK2,3.0,nM,NCCSc1cc(-c2ccc[nH]2)c2c3c(ccc(F)c13)NC2=O,8.522878745280337,True,<rdkit.Chem.rdchem.Mol object at 0x735c78fd3450>,False
CHEMBL3702066,CDK4,3.0,nM,CC(C)n1c2cnccc2c2cnc(Nc3ccc(N4CCNCC4)cn3)nc21,8.522878745280337,True,<rdkit.Chem.rdchem.Mol object at 0x735c78fd2dc0>,False
CHEMBL3691608,CDK4,3.0,nM,CN(C)C(=O)c1cc2cnc(Nc3ccc(C(=O)N4CC5CC4CN5)cn3)nc2n1C1CCCCC1,8.522878745280337,True,<rdkit.Chem.rdchem.Mol object at 0x735c78fd1f50>,False
CHEMBL3698708,CDK4,3.0,nM,CNC1CCN(c2ccc(Nc3ncc4c5ccncc5n(C5CCCC5)c4n3)nn2)CC1,8.522878745280337,True,<rdkit.Chem.rdchem.Mol object at 0x735c78fd0c80>,False
CHEMBL193922,CDK1,3.0,nM,FC(F)(F)c1cnc(Nc2ccc3[nH]cnc3c2)nc1Nc1cccc(Cl)c1,8.522878745280337,True,<rdkit.Chem.rdchem.Mol object at 0x735c78fd21f0>,False
CHEMBL3702129,CDK4,3.0,nM,O=S(=O)(c1ccc(Nc2ncc3c4ccncc4n(C4CCCC4)c3n2)nc1)N1CCNCC1,8.522878745280337,True,<rdkit.Chem.rdchem.Mol object at 0x735c78fd2b20>,False
CHEMBL497564,CDK2,3.0,nM,c1cc(Nc2nccc(-c3cnn4ncccc34)n2)cc(-c2cocn2)c1,8.522878745280337,True,<rdkit.Chem.rdchem.Mol object at 0x735c78fd0eb0>,False
CHEMBL508129,CDK2,3.0,nM,CNC(=O)c1ccc(Nc2nccc(-c3cnc(C)n3C(C)C)n2)cc1,8.522878745280337,True,<rdkit.Chem.rdchem.Mol object at 0x735c78fd00b0>,False
CHEMBL518383,CDK2,3.0,nM,O=C(Nc1ccc(F)cc1)c1n[nH]cc1NC(=O)c1c(F)cccc1F,8.522878745280337,True,<rdkit.Chem.rdchem.Mol object at 0x735c78fd0ac0>,False
CHEMBL1234833,CDK2,3.0,nM,CC(C)c1cnn2c(NCc3ccccc3)cc(N[C@@H](CO)[C@H](O)CO)nc12,8.522878745280337,True,<rdkit.Chem.rdchem.Mol object at 0x735c78fd17e0>,False
CHEMBL3648112,CDK2,3.0,nM,COc1cc(Nc2ncc(Br)c(N[C@H](C)[C@H](C)O)n2)ccc1S(C)(=N)=O,8.522878745280337,True,<rdkit.Chem.rdchem.Mol object at 0x735c78fd1e00>,False
CHEMBL3702127,CDK6,3.0,nM,O=C1CN(Cc2ccc(Nc3ncc4c5ccncc5n(C5CCCC5)c4n3)nc2)CCN1,8.522878745280337,True,<rdkit.Chem.rdchem.Mol object at 0x735c78fd3920>,False
CHEMBL453629,CDK2,3.0,nM,Cc1ncc(-c2ccnc(Nc3ccc(C(=O)NCCN(C)C)c(F)c3)n2)n1C(C)C,8.522878745280337,True,<rdkit.Chem.rdchem.Mol object at 0x735c78fd3df0>,False
CHEMBL3673434,CDK9,3.0,nM,COc1cc(F)ccc1-c1ccnc(NC(=O)[C@H]2CCC[C@@H](NC(C)=O)C2)c1,8.522878745280337,True,<rdkit.Chem.rdchem.Mol object at 0x735c79149850>,False
CHEMBL3648109,CDK2,3.0,nM,C[C@@H](O)[C@@H](C)Nc1nc(Nc2ccc(S(=N)(=O)CCO)cc2)ncc1Br,8.522878745280337,True,<rdkit.Chem.rdchem.Mol object at 0x735c79149770>,False
CHEMBL3545083,CDK2,3.0,nM,COCCN1CCN(Cc2ccc(-c3n[nH]c4c3C(=O)c3c(NC(=O)NN5CCOCC5)cccc3-4)cc2)CC1,8.522878745280337,True,<rdkit.Chem.rdchem.Mol object at 0x735c79149700>,False
CHEMBL453655,CDK2,3.0,nM,CNC(=O)c1ccc(Nc2ncc(F)c(-c3cnc(C)n3C(C)C)n2)cc1,8.522878745280337,True,<rdkit.Chem.rdchem.Mol object at 0x735c79149690>,False
CHEMBL488084,CDK2,3.0,nM,Cc1ncc(-c2ccnc(Nc3ccc(C(N)=O)cc3)n2)n1C(C)C,8.522878745280337,True,<rdkit.Chem.rdchem.Mol object at 0x735c791495b0>,False
CHEMBL3648109,CDK1,3.0,nM,C[C@@H](O)[C@@H](C)Nc1nc(Nc2ccc(S(=N)(=O)CCO)cc2)ncc1Br,8.522878745280337,True,<rdkit.Chem.rdchem.Mol object at 0x735c79149540>,False
CHEMBL5207533,CDK4,3.0,nM,C[C@H]1CC[C@@H](n2c3cnccc3c3cnc(Nc4ccc5c(n4)CCN(C(=O)CO)C5)nc32)CC1,8.522878745280337,True,<rdkit.Chem.rdchem.Mol object at 0x735c791494d0>,False
CHEMBL490481,CDK2,3.0,nM,O=C(Cc1ccc(Cc2cccs2)cc1)Nc1cc(C2CC2)[nH]n1,8.522878745280337,True,<rdkit.Chem.rdchem.Mol object at 0x735c791493f0>,False
CHEMBL4762845,CDK9,3.0,nM,COc1cc(F)ccc1-c1cc(Nc2cc(C[S@@](C)(=N)=O)ccn2)ncc1F,8.522878745280337,True,<rdkit.Chem.rdchem.Mol object at 0x735c79149310>,False
CHEMBL400569,CDK1,3.0,nM,CCNCc1cncc(-c2cnc3[nH]nc(-c4nc5cc(N6CCN(C)CC6)ccc5[nH]4)c3c2)c1,8.522878745280337,True,<rdkit.Chem.rdchem.Mol object at 0x735c791492a0>,False
CHEMBL5878959,CDK4,3.0,nM,Fc1cnc(Nc2ccc(N3CCNCC3)cn2)nc1-c1cc(F)c2c(c1)NCCO2,8.522878745280337,True,<rdkit.Chem.rdchem.Mol object at 0x735c791491c0>,False
CHEMBL478407,CDK2,3.0,nM,Cc1ncc(-c2ccnc(Nc3ccc(F)cc3)n2)n1C(C)C,8.522878745280337,True,<rdkit.Chem.rdchem.Mol object at 0x735c79149150>,False
CHEMBL3691660,CDK4,3.0,nM,CN(C)C(=O)c1cc2cnc(Nc3ccc(N4C[C@H]5CC[C@@H](CC4=O)N5)cn3)nc2n1C1CCCC1,8.522878745280337,True,<rdkit.Chem.rdchem.Mol object at 0x735c79149070>,False
CHEMBL5932557,CDK4,3.0,nM,CC(C)N1CCOc2c(F)cc(-c3nc(Nc4ccc(C5CCN(C(=O)CO)CC5)cn4)ncc3F)cc21,8.522878745280337,True,<rdkit.Chem.rdchem.Mol object at 0x735c79149000>,False
CHEMBL3644026,CDK1,3.0,nM,C[C@@H](O)[C@@H](C)Oc1nc(Nc2ccc(S(=O)(=O)CCO)cc2)ncc1C(F)(F)F,8.522878745280337,True,<rdkit.Chem.rdchem.Mol object at 0x735c79148eb0>,False
CHEMBL5789634,CDK9,3.0,nM,COC1CCn2ncc(-c3cc(NC(=O)[C@H]4CCC[C@@H](NC(C)=O)C4)ncc3Cl)c2C1,8.522878745280337,True,<rdkit.Chem.rdchem.Mol object at 0x735c79148e40>,False
CHEMBL3691620,CDK4,3.0,nM,CN(C)C(=O)c1cc2cnc(Nc3ccc(N4C[C@H]5CNC[C@H]5C4=O)cn3)nc2n1C1CCCCCC1,8.522878745280337,True,<rdkit.Chem.rdchem.Mol object at 0x735c79148d60>,False
CHEMBL455195,CDK2,3.0,nM,CCC1CC(C(=O)Nc2ncc(SCc3ncc(C(C)(C)C)o3)s2)CCN1,8.522878745280337,True,<rdkit.Chem.rdchem.Mol object at 0x735c79148cf0>,False
CHEMBL3691626,CDK4,3.0,nM,CN(C)C(=O)c1cc2cnc(Nc3ccc(N4C[C@@H]5CNC[C@@H]5CC4=O)cn3)nc2n1C1CCCCCC1,8.522878745280337,True,<rdkit.Chem.rdchem.Mol object at 0x735c79148c80>,False
CHEMBL6005062,CDK4,3.0,nM,Fc1cnc(Nc2ccc3c(n2)CCNC3)nc1-c1cc(F)c2c(c1)N(C1CCC1)CCO2,8.522878745280337,True,<rdkit.Chem.rdchem.Mol object at 0x735c79148ba0>,False
CHEMBL5999532,CDK6,3.0,nM,CC(C)N1CCOc2c(F)cc(-c3nc(Nc4ccc(C5CCN(C)C5)cn4)ncc3F)cc21,8.522878745280337,True,<rdkit.Chem.rdchem.Mol object at 0x735c791489e0>,False
CHEMBL401303,CDK2,3.0,nM,Clc1ccccc1-c1cc(NCc2cccnc2)n2ncc(Br)c2n1,8.522878745280337,True,<rdkit.Chem.rdchem.Mol object at 0x735c79148970>,False
CHEMBL3648110,CDK2,3.0,nM,C[C@H](O)[C@@H](C)Nc1nc(Nc2ccc(S(=N)(=O)CCO)cc2)ncc1Br,8.522878745280337,True,<rdkit.Chem.rdchem.Mol object at 0x735c79148890>,False
CHEMBL5916510,CDK6,3.0,nM,CC(C)N1CCOc2c(F)cc(-c3nc(Nc4ccc(C(N)=O)c(F)c4)ncc3F)cc21,8.522878745280337,True,<rdkit.Chem.rdchem.Mol object at 0x735c79148820>,False
CHEMBL3648112,CDK1,3.0,nM,COc1cc(Nc2ncc(Br)c(N[C@H](C)[C@H](C)O)n2)ccc1S(C)(=N)=O,8.522878745280337,True,<rdkit.Chem.rdchem.Mol object at 0x735c79148660>,False
CHEMBL5977417,CDK9,3.0,nM,O=C(Nc1cc(-c2cnn3c2CCCC3)c(Cl)cn1)[C@H]1C[C@@H](O)C1,8.522878745280337,True,<rdkit.Chem.rdchem.Mol object at 0x735c791485f0>,False
CHEMBL5784667,CDK4,3.08,nM,Cc1nc2c(F)cc(-c3nc(Nc4ccc5c(n4)CCN(C(=O)C(C)N(C)C)C5)ncc3F)cc2n1C(C)C,8.511449283499555,True,<rdkit.Chem.rdchem.Mol object at 0x735c791482e0>,False
CHEMBL4214898,CDK4,3.1,nM,CCN1CCN(Cc2ccc(Nc3cc(-c4cc(F)c5nc(C)n(C(C)C)c5c4)ncn3)nc2)CC1,8.508638306165727,True,<rdkit.Chem.rdchem.Mol object at 0x735c79148190>,False
CHEMBL3702168,CDK4,3.1,nM,Oc1ccc(-c2ccc(Nc3ncc4c5ccncc5n(C5CCCC5)c4n3)nn2)cn1,8.508638306165727,True,<rdkit.Chem.rdchem.Mol object at 0x735c79148120>,False
CHEMBL3642019,CDK6,3.1,nM,CCNC1CCN(c2ccc(Nc3ncc4c5ccncc5n(C5CCCC5)c4n3)nc2)CC1,8.508638306165727,True,<rdkit.Chem.rdchem.Mol object at 0x735c791480b0>,False
CHEMBL3698732,CDK4,3.1,nM,OC1CCN(c2ccc(Nc3ncc4c5ccncc5n(C5CCCC5)c4n3)nn2)CC1,8.508638306165727,True,<rdkit.Chem.rdchem.Mol object at 0x735c7914b7d0>,False
CHEMBL3698723,CDK4,3.1,nM,O=S1(=O)CCC(Nc2ccc(Nc3ncc4c5ccncc5n(C5CCCC5)c4n3)nn2)C1,8.508638306165727,True,<rdkit.Chem.rdchem.Mol object at 0x735c7914bbc0>,False
CHEMBL3698647,CDK4,3.1,nM,NC1CCN(c2ccc(Nc3ncc4c5ccncc5n(C5CCCC5)c4n3)nc2)CC1,8.508638306165727,True,<rdkit.Chem.rdchem.Mol object at 0x735c7914b990>,False
CHEMBL3702129,CDK6,3.1,nM,O=S(=O)(c1ccc(Nc2ncc3c4ccncc4n(C4CCCC4)c3n2)nc1)N1CCNCC1,8.508638306165727,True,<rdkit.Chem.rdchem.Mol object at 0x735c7914a810>,False
CHEMBL3698674,CDK6,3.1,nM,c1ccc2c(c1)c1cnc(Nc3ccc(N4CCNCC4)cn3)nc1n2C1CCCCCC1,8.508638306165727,True,<rdkit.Chem.rdchem.Mol object at 0x735c7914b840>,False
CHEMBL5754925,CDK4,3.14,nM,Cc1nc2c(F)cc(-c3nc(Nc4ccc5c(n4)CCN(C[C@@H](O)CN(C)C)C5)ncc3F)cc2n1C1CC1,8.503070351926786,True,<rdkit.Chem.rdchem.Mol object at 0x735c7914a7a0>,False
CHEMBL5874515,CDK4,3.14,nM,Cc1nc2c(F)cc(-c3nc(Nc4ccc5c(n4)CCN(C(=O)[C@@H]4CCCN4C)C5)ncc3F)cc2n1C1CC1,8.503070351926786,True,<rdkit.Chem.rdchem.Mol object at 0x735c7914a650>,False
CHEMBL5828906,CDK6,3.15,nM,Cc1nc2c(F)cc(-c3nc(Nc4ccc5c(n4)CCN(C[C@@H](C)N)C5)ncc3F)cc2n1C1CC1,8.5016894462104,True,<rdkit.Chem.rdchem.Mol object at 0x735c7914b760>,False
CHEMBL5964401,CDK6,3.16,nM,CCC(CC)n1c(C)nc2c(F)cc(-c3nc(Nc4ccc5c(n4)CCNC5)ncc3F)cc21,8.500312917381596,True,<rdkit.Chem.rdchem.Mol object at 0x735c7914bc30>,False
CHEMBL3702153,CDK4,3.2,nM,CN1CCOC2(CCN(c3ccc(Nc4ncc5c6ccncc6n(C6CCCC6)c5n4)nn3)CC2)C1,8.494850021680094,True,<rdkit.Chem.rdchem.Mol object at 0x735c791498c0>,False
CHEMBL3702128,CDK4,3.2,nM,O=C1CNCCN1Cc1ccc(Nc2ncc3c4ccncc4n(C4CCCC4)c3n2)nc1,8.494850021680094,True,<rdkit.Chem.rdchem.Mol object at 0x735c79149460>,False
CHEMBL3237442,CDK4,3.2,nM,c1cc2c3cnc(Nc4ccc(N5CCNCC5)cn4)nc3n(C3CCCC3)c2cn1,8.494850021680094,True,<rdkit.Chem.rdchem.Mol object at 0x735c79148c10>,False
CHEMBL5789562,CDK4,3.2,nM,Cc1nc2c(F)cc(-c3nc(Nc4ccc5c(n4)CCN(C(=O)[C@H]4CCCN4C)C5)ncc3F)cc2n1C1CC1,8.494850021680094,True,<rdkit.Chem.rdchem.Mol object at 0x735c79148b30>,False
CHEMBL5858807,CDK4,3.2,nM,CC(C)N1CCOc2c(F)cc(-c3nc(Nc4cnn(C5CCNCC5)c4)ncc3F)cc21,8.494850021680094,True,<rdkit.Chem.rdchem.Mol object at 0x735c79148ac0>,False
CHEMBL5976683,CDK4,3.21,nM,Cc1nc2c(F)cc(-c3nc(Nc4ccc5c(n4)CCN(C(=O)NCCN(C)C)C5)ncc3F)cc2n1C(C)C,8.493494967595128,True,<rdkit.Chem.rdchem.Mol object at 0x735c79148900>,False
CHEMBL5865665,CDK6,3.21,nM,Cc1nc2c(F)cc(-c3nc(Nc4ccc5c(n4)CCNC5)ncc3F)cc2n1C(C)C1CC1,8.493494967595128,True,<rdkit.Chem.rdchem.Mol object at 0x735c791487b0>,False
CHEMBL5935906,CDK6,3.25,nM,CNCCN1CCc2nc(Nc3ncc(F)c(-c4cc(F)c5nc(C)n(C6CC6)c5c4)n3)ccc2C1,8.488116639021126,True,<rdkit.Chem.rdchem.Mol object at 0x735c79148740>,False
CHEMBL6047483,CDK4,3.26,nM,Cc1nc2c(O)cc(-c3nc(Nc4ccc5c(n4)CCN(C(=O)CN(C)C)C5)ncc3F)cc2n1C1CC1,8.48678239993206,True,<rdkit.Chem.rdchem.Mol object at 0x735c791486d0>,False
CHEMBL3702133,CDK4,3.3,nM,c1cc2c3cnc(Nc4ccc(N5CCC6(CCCN6)CC5)cn4)nc3n(C3CCCC3)c2cn1,8.481486060122112,True,<rdkit.Chem.rdchem.Mol object at 0x735c79148580>,False
CHEMBL3698734,CDK4,3.3,nM,O[C@@H]1CCCN(c2ccc(Nc3ncc4c5ccncc5n(C5CCCC5)c4n3)nn2)C1,8.481486060122112,True,<rdkit.Chem.rdchem.Mol object at 0x735c79148510>,False
CHEMBL3702122,CDK6,3.3,nM,O=C(O)CN1CCN(Cc2ccc(Nc3ncc4c5ccncc5n(C5CCCC5)c4n3)nc2)CC1,8.481486060122112,True,<rdkit.Chem.rdchem.Mol object at 0x735c791483c0>,False
CHEMBL5557384,CDK9,3.3,nM,CC(C)N1CCN(C(=O)c2ccnc(Nc3cc(-c4ccc5nnn(C(C)C)c5c4)ccn3)c2)CC1,8.481486060122112,True,<rdkit.Chem.rdchem.Mol object at 0x735c79148350>,False
CHEMBL4075720,CDK6,3.33,nM,CN1CCN(Cc2ccc(NC(=O)c3n[nH]cc3Nc3ncnc4sccc34)cc2)CC1,8.47755576649368,True,<rdkit.Chem.rdchem.Mol object at 0x735c79148200>,False
CHEMBL5774696,CDK6,3.34,nM,Cc1nc2c(F)cc(-c3nc(Nc4ccc5c(n4)CCN(C[C@H](C)N)C5)ncc3F)cc2n1C1CC1,8.476253533188435,True,<rdkit.Chem.rdchem.Mol object at 0x735c79148040>,False
CHEMBL5894670,CDK4,3.36,nM,Cc1nc2c(F)cc(-c3nc(Nc4ccc5c(n4)CCN(C(=O)NCCO)C5)ncc3F)cc2n1C(C)C,8.473660722610155,True,<rdkit.Chem.rdchem.Mol object at 0x735c8775bf40>,False
CHEMBL5859057,CDK6,3.38,nM,Cc1nc2c(F)cc(-c3nc(Nc4ccc5c(n4)CCN(C(=O)CN4CCCCC4)C5)ncc3F)cc2n1C1CC1,8.471083299722345,True,<rdkit.Chem.rdchem.Mol object at 0x735c8775bed0>,False
CHEMBL6012656,CDK6,3.38,nM,Cc1nc2c(F)cc(-c3nc(Nc4ccc5c(n4)CCN(C(=O)CN4CCOCC4)C5)ncc3F)cc2n1C1CC1,8.471083299722345,True,<rdkit.Chem.rdchem.Mol object at 0x735c8775be60>,False
CHEMBL215803,CDK2,3.4,nM,C[C@@H]1C[C@H]2CN1CCn1nc3c(cccc3c1O)-c1nc3c(cccc3nc1O)O2,8.468521082957745,True,<rdkit.Chem.rdchem.Mol object at 0x735c8775bdf0>,False
CHEMBL5788017,CDK4,3.4,nM,CN(C)C1CCN(c2ccc(Nc3ncc4cc(S(C)(=O)=O)n(C5CCCC5)c4n3)nc2)CC1,8.468521082957745,True,<rdkit.Chem.rdchem.Mol object at 0x735c8775bd10>,False
CHEMBL2163995,CDK2,3.4,nM,N[C@H]1CC[C@H](Nc2cc(Nc3ccc(F)c(Cl)c3)n3ncc(Br)c3n2)CC1,8.468521082957745,True,<rdkit.Chem.rdchem.Mol object at 0x735c8775bca0>,False
CHEMBL3702149,CDK4,3.4,nM,c1cc2c3cnc(Nc4ccc(N5CCNC6(CCCC6)C5)nn4)nc3n(C3CCCC3)c2cn1,8.468521082957745,True,<rdkit.Chem.rdchem.Mol object at 0x735c8775bc30>,False
CHEMBL3698740,CDK4,3.4,nM,COC1CCN(c2ccc(Nc3ncc4c5ccncc5n(C5CCCC5)c4n3)nn2)C1,8.468521082957745,True,<rdkit.Chem.rdchem.Mol object at 0x735c8775bb50>,False
CHEMBL3702052,CDK4,3.4,nM,CCN(CC)C1CCN(c2ccc(Nc3ncc4c5ccncc5n(C5CCCC5)c4n3)nc2)CC1,8.468521082957745,True,<rdkit.Chem.rdchem.Mol object at 0x735c8775bae0>,False
CHEMBL6012324,CDK6,3.4,nM,CC(C)N1CCOc2c(F)cc(-c3nc(Nc4cc5n(n4)CCN(C)C5)ncc3F)cc21,8.468521082957745,True,<rdkit.Chem.rdchem.Mol object at 0x735c8775ba70>,False
CHEMBL3698694,CDK4,3.4,nM,c1cc2c3cnc(Nc4ccc(N[C@@H]5CCNC5)cn4)nc3n(C3CCCC3)c2cn1,8.468521082957745,True,<rdkit.Chem.rdchem.Mol object at 0x735c8775ba00>,False
CHEMBL5774515,CDK6,3.42,nM,Cc1nc2c(F)cc(-c3nc(Nc4ccc5c(n4)CCN(C(=O)OCCN(C)C)C5)ncc3F)cc2n1C1CC1,8.465973893943865,True,<rdkit.Chem.rdchem.Mol object at 0x735c8775b990>,False
CHEMBL5888788,CDK6,3.47,nM,Cc1nc2c(F)cc(-c3nc(Nc4ccc5c(n4)CCN(C(=O)CN(C)C)C5)ncc3F)cc2n1CC1CC1,8.459670525209127,True,<rdkit.Chem.rdchem.Mol object at 0x735c8775b920>,False
CHEMBL5814867,CDK6,3.49,nM,CNCC(=O)N1CCc2nc(Nc3ncc(F)c(-c4cc(F)c5nc(C)n(C(C)C)c5c4)n3)ccc2C1,8.45717457304082,True,<rdkit.Chem.rdchem.Mol object at 0x735c8775b7d0>,False
CHEMBL5759958,CDK4,3.49,nM,Cc1nc2c(F)cc(-c3nc(Nc4ccc5c(n4)CCN(C(=O)CN(C)C)C5)ncc3F)cc2n1C1CCCC1,8.45717457304082,True,<rdkit.Chem.rdchem.Mol object at 0x735c8775b6f0>,False
CHEMBL5996998,CDK4,3.5,nM,CC(C)N1CCOc2c(F)cc(-c3nc(Nc4ccc(C(=O)N5CCOCC5)c(F)c4)ncc3F)cc21,8.455931955649724,True,<rdkit.Chem.rdchem.Mol object at 0x735c8775b680>,False
CHEMBL3698711,CDK4,3.5,nM,C[C@@H]1CN(c2cnc(Nc3ncc4c5ccncc5n(C5CCCC5)c4n3)cn2)CCN1,8.455931955649724,True,<rdkit.Chem.rdchem.Mol object at 0x735c8775b610>,False
CHEMBL5861777,CDK4,3.5,nM,CC(C)N1CCOc2c(F)cc(-c3nc(Nc4ccc5c(c4)CCC(N(C)C)C5)ncc3F)cc21,8.455931955649724,True,<rdkit.Chem.rdchem.Mol object at 0x735c8775b530>,False
CHEMBL3698661,CDK6,3.5,nM,c1cc2c3cnc(Nc4ccc(N5CCNCC5)cn4)nc3n(C34CC5CC(CC(C5)C3)C4)c2cn1,8.455931955649724,True,<rdkit.Chem.rdchem.Mol object at 0x735c8775b450>,False
CHEMBL6004729,CDK4,3.5,nM,COCCN1CCN(Cc2cnc(-c3cc(F)c4c(c3)N(C(C)C)CCO4)c(F)c2)CC1,8.455931955649724,True,<rdkit.Chem.rdchem.Mol object at 0x735c8775b3e0>,False
CHEMBL5798442,CDK4,3.5,nM,CC(C)N1CCOc2c(F)cc(-c3nc(Nc4ccc(N5CCCNCC5)cn4)ncc3F)cc21,8.455931955649724,True,<rdkit.Chem.rdchem.Mol object at 0x735c8775b370>,False
CHEMBL5782876,CDK6,3.5,nM,CC(C)N1CCOc2c(F)cc(-c3nc(Nc4ccc5c(c4)CCN(C(=O)CN(C)C)C5)ncc3F)cc21,8.455931955649724,True,<rdkit.Chem.rdchem.Mol object at 0x735c8775b300>,False
CHEMBL5992232,CDK6,3.5,nM,CC(C)N1CCOc2c(F)cc(-c3nc(Nc4ccc5c(c4)CC(N(C)C)C5)ncc3F)cc21,8.455931955649724,True,<rdkit.Chem.rdchem.Mol object at 0x735c8775b220>,False
CHEMBL3237704,CDK4,3.5,nM,CC1(C)CCC(n2c3cnccc3c3cnc(Nc4ccc(N5CCNCC5)cn4)nc32)CC1,8.455931955649724,True,<rdkit.Chem.rdchem.Mol object at 0x735c8775b140>,False
CHEMBL5775801,CDK4,3.54,nM,Cc1nc2c(F)cc(-c3nc(Nc4ccc5c(n4)CCNC5)ncc3F)cc2n1C1CCCCC1,8.450996737974211,True,<rdkit.Chem.rdchem.Mol object at 0x735c8775b0d0>,False
CHEMBL5751375,CDK4,3.55,nM,Cc1nc2c(F)cc(-c3nc(Nc4ccc5c(n4)CCNC5)ncc3F)cc2n1CC1CC1,8.449771646944907,True,<rdkit.Chem.rdchem.Mol object at 0x735c87758040>,False
CHEMBL3656841,CDK9,3.57,nM,COC[C@@H](C)N[C@H]1CC[C@H](Nc2cc(-c3cccc(NCC4(C#N)CCOCC4)n3)c(Cl)cn2)CC1,8.447331783887806,True,<rdkit.Chem.rdchem.Mol object at 0x735c877580b0>,False
CHEMBL5870326,CDK6,3.57,nM,Cc1nc2c(F)cc(-c3nc(Nc4ccc5c(n4)CCN(C(=O)NCCN(C)C)C5)ncc3F)cc2n1C1CC1,8.447331783887806,True,<rdkit.Chem.rdchem.Mol object at 0x735c87758190>,False
CHEMBL5976927,CDK6,3.59,nM,Cc1nc2c(F)cc(-c3nc(Nc4ccc5c(n4)CCN(C(=O)C4CC(N)C4)C5)ncc3F)cc2n1C(C)C,8.44490555142168,True,<rdkit.Chem.rdchem.Mol object at 0x735c87758200>,False
CHEMBL3702068,CDK4,3.6,nM,CCC(CC)n1c2cnccc2c2cnc(Nc3ccc(N4CCNCC4)cn3)nc21,8.443697499232712,True,<rdkit.Chem.rdchem.Mol object at 0x735c87758270>,False
CHEMBL3702120,CDK6,3.6,nM,O=C(O)CN1CCN(c2ccc(Nc3ncc4c5ccncc5n(C5CCCC5)c4n3)nn2)CC1,8.443697499232712,True,<rdkit.Chem.rdchem.Mol object at 0x735c877582e0>,False
CHEMBL3702220,CDK4,3.6,nM,CC[C@@H](C)n1c2cnccc2c2cnc(Nc3ccc(N4CCNCC4)cn3)nc21,8.443697499232712,True,<rdkit.Chem.rdchem.Mol object at 0x735c87758350>,False
CHEMBL386796,CDK4,3.6,nM,O=c1c2cccc3c2sn1CCCCCOc1cccc2nc(O)c-3nc12,8.443697499232712,True,<rdkit.Chem.rdchem.Mol object at 0x735c87758430>,False
CHEMBL3702119,CDK4,3.6,nM,CCOC(=O)CN1CCN(c2ccc(Nc3ncc4c5ccncc5n(C5CCCC5)c4n3)nn2)CC1,8.443697499232712,True,<rdkit.Chem.rdchem.Mol object at 0x735c877584a0>,False
CHEMBL3698701,CDK4,3.6,nM,c1cc2c3cnc(Nc4ccc(NCC5CCNC5)cn4)nc3n(C3CCCC3)c2cn1,8.443697499232712,True,<rdkit.Chem.rdchem.Mol object at 0x735c87758580>,False
CHEMBL3702071,CDK4,3.6,nM,c1cc2c3cnc(Nc4nc(CN5CCNCC5)cs4)nc3n(C3CCCC3)c2cn1,8.443697499232712,True,<rdkit.Chem.rdchem.Mol object at 0x735c877585f0>,False
CHEMBL6007400,CDK6,3.67,nM,Cc1nc2c(F)cc(-c3nc(Nc4ccc5c(n4)CCN(C[C@@H](C)N(C)C)C5)ncc3F)cc2n1C1CC1,8.435333935747911,True,<rdkit.Chem.rdchem.Mol object at 0x735c87758660>,False
CHEMBL4209329,CDK6,3.7,nM,CC1(C)CCc2nc3c(F)cc(-c4nc(Nc5ccc(CN6CCNCC6)cn5)ncc4F)cc3n21,8.431798275933005,True,<rdkit.Chem.rdchem.Mol object at 0x735c87758740>,False
CHEMBL3641995,CDK4,3.7,nM,C[C@H](O)CNC1CCN(c2ccc(Nc3ncc4c5ccncc5n(C5CCCC5)c4n3)nn2)CC1,8.431798275933005,True,<rdkit.Chem.rdchem.Mol object at 0x735c877587b0>,False
CHEMBL5837976,CDK1,3.7,nM,NS(=O)(=O)c1ccc(Nc2ncc3cc4n(c3n2)C2(CCCCC2)CC(=O)N4)cc1,8.431798275933005,True,<rdkit.Chem.rdchem.Mol object at 0x735c87758890>,False
CHEMBL4214634,CDK4,3.7,nM,COCCN1CCN(Cc2cnc(Nc3cc(-c4cc(F)c5nc(C)n(C(C)C)c5c4)ncn3)cn2)CC1,8.431798275933005,True,<rdkit.Chem.rdchem.Mol object at 0x735c87758900>,False
CHEMBL6014795,CDK6,3.75,nM,Cc1nc2c(F)cc(-c3nc(Nc4ccc5c(n4)CCN(C(=O)C4CCCN4)C5)ncc3F)cc2n1C1CC1,8.425968732272281,True,<rdkit.Chem.rdchem.Mol object at 0x735c87758970>,False
CHEMBL388978,CDK2,3.8,nM,CN[C@@H]1C[C@H]2O[C@@](C)([C@@H]1OC)n1c3ccccc3c3c4c(c5c6ccccc6n2c5c31)C(=O)NC4,8.42021640338319,True,<rdkit.Chem.rdchem.Mol object at 0x735c877589e0>,False
CHEMBL3698645,CDK4,3.8,nM,C[C@H]1CN(c2ccc(Nc3ncc4c5ccncc5n(C5CCCC5)c4n3)nn2)CCN1,8.42021640338319,True,<rdkit.Chem.rdchem.Mol object at 0x735c87758a50>,False
CHEMBL3641997,CDK6,3.8,nM,C[C@@H](O)CNC1CCN(c2ccc(Nc3ncc4c5ccncc5n(C5CCCC5)c4n3)nn2)CC1,8.42021640338319,True,<rdkit.Chem.rdchem.Mol object at 0x735c87758ac0>,False
CHEMBL3702051,CDK4,3.8,nM,COCCN1CCN(c2ccc(Nc3ncc4c5ccncc5n(C5CCCC5)c4n3)nn2)CC1,8.42021640338319,True,<rdkit.Chem.rdchem.Mol object at 0x735c87758b30>,False
CHEMBL4455210,CDK6,3.81,nM,Cc1nc2c(F)cc(-c3nc(Nc4ccc5c(n4)CCN(CCN(C)C)C5)ncc3F)cc2n1C1CC1,8.41907502432438,True,<rdkit.Chem.rdchem.Mol object at 0x735c87758ba0>,False
CHEMBL5950534,CDK6,3.86,nM,Cc1nc2c(F)cc(-c3nc(Nc4ccc5c(n4)C[C@@H](C)NC5)ncc3F)cc2n1C(C)(C)C,8.413412695328246,True,<rdkit.Chem.rdchem.Mol object at 0x735c87758c80>,False
CHEMBL4455210,CDK4,3.88,nM,Cc1nc2c(F)cc(-c3nc(Nc4ccc5c(n4)CCN(CCN(C)C)C5)ncc3F)cc2n1C1CC1,8.411168274405792,True,<rdkit.Chem.rdchem.Mol object at 0x735c87758cf0>,False
CHEMBL3702191,CDK4,3.9,nM,CN(CCO)c1ccc(Nc2ncc3c4ccncc4n(C4CCCC4)c3n2)nn1,8.4089353929735,True,<rdkit.Chem.rdchem.Mol object at 0x735c87758dd0>,False
CHEMBL3698664,CDK4,3.9,nM,C[C@@H](C1CCCCC1)n1c2cnccc2c2cnc(Nc3ccc(N4CCNCC4)cn3)nc21,8.4089353929735,True,<rdkit.Chem.rdchem.Mol object at 0x735c87758e40>,False
CHEMBL5765370,CDK4,3.9,nM,CC(C)N1CCOc2c(F)cc(-c3nc(Nc4ccc(N5CCOCC5)cn4)ncc3F)cc21,8.4089353929735,True,<rdkit.Chem.rdchem.Mol object at 0x735c87758f90>,False
CHEMBL3698640,CDK4,3.9,nM,C[C@@H]1CN(c2ccc(Nc3ncc4c5ccncc5n(C5CCCC5)c4n3)nn2)CCN1,8.4089353929735,True,<rdkit.Chem.rdchem.Mol object at 0x735c877590e0>,False
CHEMBL5763679,CDK4,3.9,nM,Cc1nc2c(F)cc(-c3nc(Nc4ccc5c(n4)CCN(C(=O)CN4CCOCC4)C5)ncc3F)cc2n1C(C)C,8.4089353929735,True,<rdkit.Chem.rdchem.Mol object at 0x735c87759150>,False
CHEMBL5950277,CDK6,3.94,nM,Cc1nc2c(F)cc(-c3nc(Nc4ccc5c(n4)CCN(C(=O)NCCO)C5)ncc3F)cc2n1C1CC1,8.404503778174426,True,<rdkit.Chem.rdchem.Mol object at 0x735c877591c0>,False
CHEMBL5786556,CDK6,3.96,nM,CN(C)[C@H]1CCN(c2ccc(Nc3ncc(F)c(-c4cc(F)c5nc6n(c5c4)C(C)(C)CC6)n3)nc2)C1,8.402304814074487,True,<rdkit.Chem.rdchem.Mol object at 0x735c87759230>,False
CHEMBL4792521,CDK9,4.0,nM,CC(=O)N[C@@H]1CCC[C@H](C(=O)Nc2cc(-c3cn[nH]c3CC(C)(C)CO)c(Cl)cn2)C1,8.397940008672037,True,<rdkit.Chem.rdchem.Mol object at 0x735c877592a0>,False
CHEMBL3698691,CDK4,4.0,nM,NCC1CCN(c2ccc(Nc3ncc4c5ccncc5n(C5CCCC5)c4n3)nc2)CC1,8.397940008672037,True,<rdkit.Chem.rdchem.Mol object at 0x735c87759310>,False
CHEMBL6043217,CDK4,4.0,nM,CC(C)N1CCOc2c(F)cc(-c3nc(Nc4ccn(C5CCNCC5)c(=O)c4)ncc3F)cc21,8.397940008672037,True,<rdkit.Chem.rdchem.Mol object at 0x735c87759460>,False
CHEMBL5861777,CDK6,4.0,nM,CC(C)N1CCOc2c(F)cc(-c3nc(Nc4ccc5c(c4)CCC(N(C)C)C5)ncc3F)cc21,8.397940008672037,True,<rdkit.Chem.rdchem.Mol object at 0x735c87759540>,False
CHEMBL495696,CDK4,4.0,nM,N#Cc1cccc(Nc2nccc(-c3cnn4ncccc34)n2)c1,8.397940008672037,True,<rdkit.Chem.rdchem.Mol object at 0x735c87759620>,False
CHEMBL5906300,CDK9,4.0,nM,CC(=O)N[C@@H]1CCC[C@H](C(=O)Nc2cc(-c3cnn4c3CCCC4)c(C)cn2)C1,8.397940008672037,True,<rdkit.Chem.rdchem.Mol object at 0x735c87759690>,False
CHEMBL518826,CDK2,4.0,nM,CCCN(C)[C@H]1CCN(C(=O)c2ccc(Nc3nccc(-c4cnc(C)n4C(C)C)n3)cc2)C1,8.397940008672037,True,<rdkit.Chem.rdchem.Mol object at 0x735c87759700>,False
CHEMBL5188322,CDK2,4.0,nM,NC(=O)c1ccc(Nc2nc(N[C@H]3CC[C@H](N)CC3)nc3c2ncn3C2CCCC2)cc1,8.397940008672037,True,<rdkit.Chem.rdchem.Mol object at 0x735c87759770>,False
CHEMBL5742108,CDK6,4.0,nM,CC(C)N1CCOc2c(F)cc(-c3nc(Nc4ccc5c(n4)CCNC5)ncc3F)cc21,8.397940008672037,True,<rdkit.Chem.rdchem.Mol object at 0x735c877597e0>,False
CHEMBL5822968,CDK9,4.0,nM,CC1(C)Cc2ncc(-c3cc(NC(=O)[C@H]4CCC[C@@H](NC(=O)C5(O)CC5)C4)ncc3Cl)n2C1,8.397940008672037,True,<rdkit.Chem.rdchem.Mol object at 0x735c87759850>,False
CHEMBL3545083,CDK4,4.0,nM,COCCN1CCN(Cc2ccc(-c3n[nH]c4c3C(=O)c3c(NC(=O)NN5CCOCC5)cccc3-4)cc2)CC1,8.397940008672037,True,<rdkit.Chem.rdchem.Mol object at 0x735c87759930>,False
CHEMBL3702127,CDK4,4.0,nM,O=C1CN(Cc2ccc(Nc3ncc4c5ccncc5n(C5CCCC5)c4n3)nc2)CCN1,8.397940008672037,True,<rdkit.Chem.rdchem.Mol object at 0x735c877599a0>,False
CHEMBL3648111,CDK2,4.0,nM,COc1cc(Nc2ncc(Br)c(N[C@H](C)[C@@H](C)O)n2)ccc1S(C)(=N)=O,8.397940008672037,True,<rdkit.Chem.rdchem.Mol object at 0x735c87759a10>,False
CHEMBL3691621,CDK4,4.0,nM,CN(C)C(=O)c1cc2cnc(Nc3ccc(N4C[C@@H]5CNC[C@@H]5C4=O)cn3)nc2n1C1CCCCCC1,8.397940008672037,True,<rdkit.Chem.rdchem.Mol object at 0x735c87759a80>,False
CHEMBL4764656,CDK2,4.0,nM,C[C@H](CO)Nc1nc(Nc2ccc(S(N)(=O)=O)cc2)ncc1Br.Cl,8.397940008672037,True,<rdkit.Chem.rdchem.Mol object at 0x735c87759af0>,False
CHEMBL3698655,CDK4,4.0,nM,O[C@H]1CCN(c2ccc(Nc3ncc4c5ccncc5n(C5CCCC5)c4n3)nn2)C1,8.397940008672037,True,<rdkit.Chem.rdchem.Mol object at 0x735c87759bd0>,False
CHEMBL5814318,CDK9,4.0,nM,CC1(C)Cc2c(-c3ccnc(NC(=O)[C@H]4CCC[C@@H](NC(=O)C5(O)CC5)C4)c3)cnn2C1,8.397940008672037,True,<rdkit.Chem.rdchem.Mol object at 0x735c87759c40>,False
CHEMBL5822252,CDK4,4.0,nM,CN1CCC(c2ccc(Nc3ncc(F)c(-c4cc(F)c5c(c4)N(C)CCO5)n3)cc2F)CC1,8.397940008672037,True,<rdkit.Chem.rdchem.Mol object at 0x735c87759cb0>,False
CHEMBL384304,CDK6,4.0,nM,COc1ccc(F)c(F)c1C(=O)c1cnc(NC2CCN(S(C)(=O)=O)CC2)nc1N,8.397940008672037,True,<rdkit.Chem.rdchem.Mol object at 0x735c87759e00>,False
CHEMBL3648122,CDK2,4.0,nM,CCS(=N)(=O)c1ccc(Nc2ncc(Br)c(N[C@@H](C)[C@H](C)O)n2)cc1,8.397940008672037,True,<rdkit.Chem.rdchem.Mol object at 0x735c87759e70>,False
CHEMBL3698731,CDK4,4.0,nM,NCC1CCN(c2ccc(Nc3ncc4c5ccncc5n(C5CCCC5)c4n3)nn2)CC1,8.397940008672037,True,<rdkit.Chem.rdchem.Mol object at 0x735c87759ee0>,False
CHEMBL5273925,CDK9,4.0,nM,CC(C)(C)c1coc(CSc2cnc(NC(=O)C3CCNCC3)s2)n1,8.397940008672037,True,<rdkit.Chem.rdchem.Mol object at 0x735c87759f50>,False
CHEMBL5956855,CDK4,4.0,nM,CC(C)N1CCOc2c(F)cc(-c3nc(Nc4ccc(N5CCC(CN)CC5)cn4)ncc3F)cc21,8.397940008672037,True,<rdkit.Chem.rdchem.Mol object at 0x735c87759fc0>,False
CHEMBL5170524,CDK9,4.0,nM,COc1cc(C(=O)N2CCCC2)ccc1-c1ccnc2[nH]c(C3CCNCC3)cc12,8.397940008672037,True,<rdkit.Chem.rdchem.Mol object at 0x735c8775a030>,False
CHEMBL4754493,CDK9,4.0,nM,Cn1ncc(-c2nc(N[C@H]3CC[C@H](N)CC3)ncc2Cl)c1CC1CC1,8.397940008672037,True,<rdkit.Chem.rdchem.Mol object at 0x735c8775a0a0>,False
CHEMBL5932557,CDK6,4.0,nM,CC(C)N1CCOc2c(F)cc(-c3nc(Nc4ccc(C5CCN(C(=O)CO)CC5)cn4)ncc3F)cc21,8.397940008672037,True,<rdkit.Chem.rdchem.Mol object at 0x735c8775a110>,False
CHEMBL3648095,CDK2,4.0,nM,CCS(=N)(=O)c1ccc(Nc2ncc(Br)c(N[C@H](C)[C@H](C)O)n2)cc1,8.397940008672037,True,<rdkit.Chem.rdchem.Mol object at 0x735c8775a1f0>,False
CHEMBL3648118,CDK2,4.0,nM,COC[C@@H](Nc1nc(Nc2ccc(S(C)(=N)=O)cc2)ncc1Br)[C@@H](C)O,8.397940008672037,True,<rdkit.Chem.rdchem.Mol object at 0x735c8775a260>,False
CHEMBL3648106,CDK2,4.0,nM,CC(CO)Sc1nc(Nc2ccc(S(C)(=N)=O)cc2)ncc1Br,8.397940008672037,True,<rdkit.Chem.rdchem.Mol object at 0x735c8775a810>,False
CHEMBL3648107,CDK2,4.0,nM,C[C@@H](Nc1nc(Nc2ccc(S(=N)(=O)CCO)cc2)ncc1Br)C(C)(C)O,8.397940008672037,True,<rdkit.Chem.rdchem.Mol object at 0x735c8775ab20>,False
CHEMBL3691667,CDK4,4.0,nM,CN(C)C(=O)c1cc2cnc(Nc3ccc(N4CC5CCC(CC4=O)N5)cn3)nc2n1C1CCCCC1,8.397940008672037,True,<rdkit.Chem.rdchem.Mol object at 0x735c8775ad50>,False
CHEMBL3698736,CDK4,4.0,nM,c1cc2c3cnc(Nc4ccc(N5CCOCC5)nn4)nc3n(C3CCCC3)c2cn1,8.397940008672037,True,<rdkit.Chem.rdchem.Mol object at 0x735c8775af80>,False
CHEMBL23327,CDK4,4.0,nM,CC(C)[C@H](CO)Nc1nc(Nc2cccc(Cl)c2)c2ncn(C(C)C)c2n1,8.397940008672037,True,<rdkit.Chem.rdchem.Mol object at 0x735c8775ac70>,False
CHEMBL23327,CDK2,4.0,nM,CC(C)[C@H](CO)Nc1nc(Nc2cccc(Cl)c2)c2ncn(C(C)C)c2n1,8.397940008672037,True,<rdkit.Chem.rdchem.Mol object at 0x735c8775aea0>,False
CHEMBL3648108,CDK2,4.0,nM,C[C@H](Nc1nc(Nc2ccc(S(=N)(=O)CCO)cc2)ncc1Br)C(C)(C)O,8.397940008672037,True,<rdkit.Chem.rdchem.Mol object at 0x735c8775af10>,False
CHEMBL5796369,CDK9,4.0,nM,CC1(C)Cc2ncc(-c3cc(NC(=O)[C@H]4CCC[C@@H](NC(=O)C5COC5)C4)ncc3Cl)n2C1,8.397940008672037,True,<rdkit.Chem.rdchem.Mol object at 0x735c8775ae30>,False
CHEMBL4215702,CDK6,4.0,nM,CN1CCN(Cc2ccc(Nc3ncc(F)c(-c4cc(F)c5nc6n(c5c4)C(C)(C)CC6)n3)nc2)CC1,8.397940008672037,True,<rdkit.Chem.rdchem.Mol object at 0x735c8775a7a0>,False
CHEMBL3648113,CDK2,4.0,nM,CN=S(C)(=O)c1ccc(Nc2ncc(Br)c(N[C@H](C)[C@@H](C)O)n2)cc1OC,8.397940008672037,True,<rdkit.Chem.rdchem.Mol object at 0x735c8775a2d0>,False
CHEMBL4741442,CDK2,4.0,nM,C[C@H](CO)Nc1nc(Nc2ccc(S(N)(=O)=O)cc2)ncc1Br,8.397940008672037,True,<rdkit.Chem.rdchem.Mol object at 0x735c8775a340>,False
CHEMBL195423,CDK1,4.0,nM,Fc1ccc(Nc2nc(Nc3ccc4[nH]cnc4c3)ncc2Br)cc1,8.397940008672037,True,<rdkit.Chem.rdchem.Mol object at 0x735c8775a650>,False
CHEMBL5179773,CDK9,4.0,nM,CC(C)n1cc(-c2ccnc3[nH]c(C4CCN(CC(=O)N(C)C)CC4)cc23)cnc1=O,8.397940008672037,True,<rdkit.Chem.rdchem.Mol object at 0x735c8775a730>,False
CHEMBL3648096,CDK1,4.0,nM,Cc1cc(Nc2ncc(Br)c(N[C@H](C)[C@H](C)O)n2)ccc1S(C)(=N)=O,8.397940008672037,True,<rdkit.Chem.rdchem.Mol object at 0x735c8775ac00>,False
CHEMBL5877196,CDK4,4.0,nM,CC(C)N1CCOc2c(F)cc(-c3nc(Nc4ccn(C5=CCNCC5)c(=O)c4)ncc3F)cc21,8.397940008672037,True,<rdkit.Chem.rdchem.Mol object at 0x735c8775a5e0>,False
CHEMBL3648096,CDK2,4.0,nM,Cc1cc(Nc2ncc(Br)c(N[C@H](C)[C@H](C)O)n2)ccc1S(C)(=N)=O,8.397940008672037,True,<rdkit.Chem.rdchem.Mol object at 0x735c8775a960>,False
CHEMBL4082469,CDK9,4.0,nM,CSc1sc(C(N)=O)c2c1-c1sncc1CC2,8.397940008672037,True,<rdkit.Chem.rdchem.Mol object at 0x735c8775a6c0>,False
CHEMBL6019756,CDK6,4.0,nM,CC(C)N1CCOc2c(F)cc(-c3nc(Nc4ccc(CN5CCN(C)CC5)c(F)c4)ncc3F)cc21,8.397940008672037,True,<rdkit.Chem.rdchem.Mol object at 0x735c8775aa40>,False
CHEMBL193367,CDK1,4.0,nM,FC(F)(F)c1cnc(Nc2ccc3[nH]cnc3c2)nc1Nc1ccc(Cl)cc1,8.397940008672037,True,<rdkit.Chem.rdchem.Mol object at 0x735c8775a9d0>,False
CHEMBL3648076,CDK2,4.0,nM,C[C@@H](Nc1nc(Nc2ccc(S(=N)(=O)CC3CC3)cc2)ncc1Br)C(C)(C)O,8.397940008672037,True,<rdkit.Chem.rdchem.Mol object at 0x735c8775b760>,False
CHEMBL5788710,CDK9,4.0,nM,CC1(C)Cc2c(-c3cc(NC(=O)[C@H]4CCC[C@@H](NC(=O)CCO)C4)ncc3Cl)cnn2C1,8.397940008672037,True,<rdkit.Chem.rdchem.Mol object at 0x735c8775b5a0>,False
CHEMBL489477,CDK2,4.0,nM,O=C(Cc1ccc(-c2ccccc2)c(F)c1)Nc1cc(C2CC2)[nH]n1,8.397940008672037,True,<rdkit.Chem.rdchem.Mol object at 0x735c8775b4c0>,False
CHEMBL6015264,CDK6,4.0,nM,CC(C)N1CCOc2c(F)cc(-c3nc(Nc4ccc(CN5CCN(CC6CC6)CC5)cn4)ncc3F)cc21,8.397940008672037,True,<rdkit.Chem.rdchem.Mol object at 0x735c8775b1b0>,False
CHEMBL3668457,CDK9,4.0,nM,COc1ccc(F)cc1-c1ccnc2[nH]c(C3=CCN(CC(O)CO)CC3)cc12,8.397940008672037,True,<rdkit.Chem.rdchem.Mol object at 0x735c87758120>,False
CHEMBL6019756,CDK4,4.0,nM,CC(C)N1CCOc2c(F)cc(-c3nc(Nc4ccc(CN5CCN(C)CC5)c(F)c4)ncc3F)cc21,8.397940008672037,True,<rdkit.Chem.rdchem.Mol object at 0x735c87758d60>,False
CHEMBL3644033,CDK1,4.0,nM,C[C@@H](O)[C@@H](C)Oc1nc(Nc2ccc(S(C)(=O)=O)cc2)ncc1C(F)(F)F,8.397940008672037,True,<rdkit.Chem.rdchem.Mol object at 0x735c791b00b0>,False
CHEMBL5782876,CDK4,4.0,nM,CC(C)N1CCOc2c(F)cc(-c3nc(Nc4ccc5c(c4)CCN(C(=O)CN(C)C)C5)ncc3F)cc21,8.397940008672037,True,<rdkit.Chem.rdchem.Mol object at 0x735c791b3220>,False
CHEMBL370522,CDK1,4.0,nM,Cc1ccccc1Oc1nc(Nc2ccc3[nH]cnc3c2)ncc1C(F)(F)F,8.397940008672037,True,<rdkit.Chem.rdchem.Mol object at 0x735c791b0660>,False
CHEMBL5949924,CDK6,4.0,nM,CC(C)N1CCOc2c(F)cc(-c3nc(Nc4ccc(C5CCN(C)CC5)nn4)ncc3F)cc21,8.397940008672037,True,<rdkit.Chem.rdchem.Mol object at 0x735c791b2500>,False
CHEMBL3903492,CDK9,4.0,nM,Cc1n[nH]c2ncc(C(=O)N3CCC[C@H]3c3ccc(Cl)cc3)cc12,8.397940008672037,True,<rdkit.Chem.rdchem.Mol object at 0x735c791b12a0>,False
CHEMBL3357950,CDK2,4.0,nM,C[C@@H](NC(=O)N1CCc2cnc(Nc3cnn(C)c3)nc2C1)c1ccc(Cl)c(Cl)c1,8.397940008672037,True,<rdkit.Chem.rdchem.Mol object at 0x735c791b3d80>,False
CHEMBL5192311,CDK9,4.0,nM,COc1cc(C(=O)N2CCCC2)ccc1-c1ccnc2[nH]c(C3CCN(CCO)CC3)cc12,8.397940008672037,True,<rdkit.Chem.rdchem.Mol object at 0x735c791b1a80>,False
CHEMBL3644033,CDK2,4.0,nM,C[C@@H](O)[C@@H](C)Oc1nc(Nc2ccc(S(C)(=O)=O)cc2)ncc1C(F)(F)F,8.397940008672037,True,<rdkit.Chem.rdchem.Mol object at 0x735c791b3ed0>,False
CHEMBL5801637,CDK6,4.0,nM,CC(C)N1CCOc2c(F)cc(-c3nc(Nc4ccc(N5CCC(N)CC5)cn4)ncc3F)cc21,8.397940008672037,True,<rdkit.Chem.rdchem.Mol object at 0x735c791b33e0>,False
CHEMBL2163997,CDK2,4.0,nM,N#Cc1cnn2c(Nc3ccc(F)c(Cl)c3)cc(N[C@H]3CC[C@H](N)CC3)nc12,8.397940008672037,True,<rdkit.Chem.rdchem.Mol object at 0x735c791b35a0>,False
CHEMBL4208875,CDK6,4.0,nM,CCN1CCC(Oc2cnc(Nc3cc(-c4cc(F)c5nc(C)n(C(C)C)c5c4)ncn3)cn2)CC1,8.397940008672037,True,<rdkit.Chem.rdchem.Mol object at 0x735c791b3a70>,False
CHEMBL178179,CDK2,4.0,nM,CN(C)S(=O)(=O)c1ccc(Nc2cc(N[C@H]3CC[C@H](N)CC3)nc3c(C4CCCC4)cnn23)cc1,8.397940008672037,True,<rdkit.Chem.rdchem.Mol object at 0x735c791b0f90>,False
CHEMBL5979175,CDK9,4.0,nM,CC1(C)Cc2c(-c3cc(NC(=O)[C@H]4CCC[C@@H](NC(=O)[C@H]5CCOC5)C4)ncc3Cl)cnn2C1,8.397940008672037,True,<rdkit.Chem.rdchem.Mol object at 0x735c791b21f0>,False
CHEMBL5986506,CDK9,4.0,nM,CC(=O)N[C@@H]1CCC[C@@H](C(=O)Nc2cc(-c3cnn4c3C(O)C(C)(C)C4)c(Cl)cn2)C1,8.397940008672037,True,<rdkit.Chem.rdchem.Mol object at 0x735c791949e0>,False
CHEMBL3691547,CDK4,4.0,nM,CN(C)C(=O)c1cc2cnc(Nc3ccc(C(=O)N4CC5CCC(C4)N5)cn3)nc2n1C1CCCCCC1,8.397940008672037,True,<rdkit.Chem.rdchem.Mol object at 0x735c79197a00>,False
CHEMBL3897217,CDK9,4.0,nM,COc1cc(F)ccc1-c1nc(Nc2cc(F)c(F)c(CS(C)(=N)=O)c2)ncc1F,8.397940008672037,True,<rdkit.Chem.rdchem.Mol object at 0x735c79194f20>,False
CHEMBL514197,CDK2,4.1,nM,COc1cc(-c2ccc3c(-c4nc5c(N6CCN(C)CC6)cccc5[nH]4)n[nH]c3c2)ccc1O,8.387216143280265,True,<rdkit.Chem.rdchem.Mol object at 0x735c79194580>,False
CHEMBL3642020,CDK4,4.1,nM,c1cc2c3cnc(Nc4ccc(N5CCC(NC6CC6)CC5)cn4)nc3n(C3CCCC3)c2cn1,8.387216143280265,True,<rdkit.Chem.rdchem.Mol object at 0x735c79197ca0>,False
CHEMBL3642026,CDK4,4.1,nM,CN(CC(=O)O)C1CCN(c2ccc(Nc3ncc4c5ccncc5n(C5CCCC5)c4n3)nc2)CC1,8.387216143280265,True,<rdkit.Chem.rdchem.Mol object at 0x735c791942e0>,False
CHEMBL3698699,CDK4,4.1,nM,CN(c1ccc(Nc2ncc3c4ccncc4n(C4CCCC4)c3n2)nc1)C1CCCNC1,8.387216143280265,True,<rdkit.Chem.rdchem.Mol object at 0x735c79197ae0>,False
CHEMBL3698702,CDK4,4.1,nM,c1cc2c3cnc(Nc4ccc(NCC5CCCNC5)cn4)nc3n(C3CCCC3)c2cn1,8.387216143280265,True,<rdkit.Chem.rdchem.Mol object at 0x735c79194ba0>,False
CHEMBL6021833,CDK4,4.11,nM,Cc1nc2c(F)cc(-c3nc(Nc4ccc5c(n4)CCNC5)ncc3F)cc2n1C1CC1,8.386158178123932,True,<rdkit.Chem.rdchem.Mol object at 0x735c791976f0>,False
CHEMBL4212532,CDK6,4.14,nM,Cc1nc2c(F)cc(-c3nc(Nc4ccc5c(n4)CCN(C(=O)CN(C)C)C5)ncc3F)cc2n1C(C)C,8.3829996588791,True,<rdkit.Chem.rdchem.Mol object at 0x735c79194c10>,False
CHEMBL5832698,CDK6,4.16,nM,Cc1nc2c(F)cc(-c3nc(Nc4ccc5c(n4)CCN(C(=O)[C@@H](C)N(C)C)C5)ncc3F)cc2n1C1CC1,8.380906669373257,True,<rdkit.Chem.rdchem.Mol object at 0x735c79196c70>,False
CHEMBL4206061,CDK6,4.17,nM,Cc1nc2c(F)cc(-c3nc(Nc4ccc5c(n4)CCN(C(=O)CN4CCN(C)CC4)C5)ncc3F)cc2n1C(C)C,8.379863945026242,True,<rdkit.Chem.rdchem.Mol object at 0x735c791960a0>,False
CHEMBL3698748,CDK4,4.2,nM,N#CC1CCN(c2ccc(Nc3ncc4c5ccncc5n(C5CCCC5)c4n3)nn2)C1,8.3767507096021,True,<rdkit.Chem.rdchem.Mol object at 0x735c87759000>,False
CHEMBL3698641,CDK6,4.2,nM,Cc1cc(Nc2ncc3c4ccncc4n(C4CCCC4)c3n2)cnc1N1CCNCC1,8.3767507096021,True,<rdkit.Chem.rdchem.Mol object at 0x735c877593f0>,False
CHEMBL3698743,CDK4,4.2,nM,CC1CN(c2ccc(Nc3ncc4c5ccncc5n(C5CCCC5)c4n3)nn2)CC(C)N1,8.3767507096021,True,<rdkit.Chem.rdchem.Mol object at 0x735c877595b0>,False
CHEMBL3641994,CDK4,4.2,nM,OCCNC1CCN(c2ccc(Nc3ncc4c5ccncc5n(C5CCCC5)c4n3)nn2)CC1,8.3767507096021,True,<rdkit.Chem.rdchem.Mol object at 0x735c877598c0>,False
CHEMBL3642023,CDK4,4.2,nM,c1cc2c3cnc(Nc4ccc(N5CCC(NC6CCC6)CC5)cn4)nc3n(C3CCCC3)c2cn1,8.3767507096021,True,<rdkit.Chem.rdchem.Mol object at 0x735c87759b60>,False
CHEMBL424696,CDK4,4.2,nM,c1ccc(Nc2ncc(-c3ccnc(OC4CCCCC4)n3)s2)nc1,8.3767507096021,True,<rdkit.Chem.rdchem.Mol object at 0x735c87759d20>,False
CHEMBL3702102,CDK4,4.2,nM,OC[C@H]1CN(c2ccc(Nc3ncc4c5ccncc5n(C5CCCC5)c4n3)nc2)CCN1,8.3767507096021,True,<rdkit.Chem.rdchem.Mol object at 0x735c87759d90>,False
CHEMBL4458266,CDK4,4.26,nM,Cc1nc2c(F)cc(-c3nc(Nc4ccc5c(n4)CCN(CCN(C)C)C5)ncc3F)cc2n1C,8.370590400897282,True,<rdkit.Chem.rdchem.Mol object at 0x735c8775ace0>,False
CHEMBL5883845,CDK4,4.27,nM,Cc1nc2c(F)cc(-c3nc(Nc4ccc5c(n4)CCN(C(=O)CN(C)C)C5)ncc3F)cc2n1C1CCC1,8.369572124974976,True,<rdkit.Chem.rdchem.Mol object at 0x735c8775aab0>,False
CHEMBL5765752,CDK4,4.27,nM,Cc1nc2c(F)cc(-c3nc(Nc4ccc5c(n4)CCN(C(=O)CCN(C)C)C5)ncc3F)cc2n1C1CCC1,8.369572124974976,True,<rdkit.Chem.rdchem.Mol object at 0x735c8775adc0>,False
CHEMBL3698672,CDK4,4.3,nM,c1ccc2c(c1)c1cnc(Nc3ccc(N4CCNCC4)cn3)nc1n2C1CCCC1,8.366531544420413,True,<rdkit.Chem.rdchem.Mol object at 0x735c8775aff0>,False
CHEMBL3702029,CDK4,4.3,nM,CCC1CN(c2ccc(Nc3ncc4c5ccncc5n(C5CCCC5)c4n3)nn2)CCN1,8.366531544420413,True,<rdkit.Chem.rdchem.Mol object at 0x735c7a801cb0>,False
CHEMBL3702096,CDK4,4.4,nM,OCCN1CCN(c2ccc(Nc3ncc4c5ccncc5n(C5CCCC5)c4n3)nc2)CC1,8.356547323513812,True,<rdkit.Chem.rdchem.Mol object at 0x735c7a801ee0>,False
CHEMBL3684982,CDK4,4.4,nM,CC(=O)N1Cc2ccc(Nc3ncc4c5ccncc5n([C@H]5CC[C@H](C)CC5)c4n3)nc2C(C)C1,8.356547323513812,True,<rdkit.Chem.rdchem.Mol object at 0x735c7a801fc0>,False
CHEMBL3702142,CDK4,4.4,nM,c1cc2c3cnc(Nc4ccc(N5CCNCC5)cn4)cc3n(C3CCCCC3)c2cn1,8.356547323513812,True,<rdkit.Chem.rdchem.Mol object at 0x735c7a802030>,False
CHEMBL4214898,CDK6,4.4,nM,CCN1CCN(Cc2ccc(Nc3cc(-c4cc(F)c5nc(C)n(C(C)C)c5c4)ncn3)nc2)CC1,8.356547323513812,True,<rdkit.Chem.rdchem.Mol object at 0x735c7a802490>,False
CHEMBL3702117,CDK4,4.4,nM,OC1CCN(Cc2ccc(Nc3ncc4c5ccncc5n(C5CCCC5)c4n3)nc2)CC1,8.356547323513812,True,<rdkit.Chem.rdchem.Mol object at 0x735c7a8030d0>,False
CHEMBL3698725,CDK4,4.4,nM,NCC1CCCN(c2ccc(Nc3ncc4c5ccncc5n(C5CCCC5)c4n3)nn2)C1,8.356547323513812,True,<rdkit.Chem.rdchem.Mol object at 0x735c7a802ce0>,False
CHEMBL3237702,CDK6,4.4,nM,CC1CCC(n2c3cnccc3c3cnc(Nc4ccc(N5CCNCC5)cn4)nc32)CC1,8.356547323513812,True,<rdkit.Chem.rdchem.Mol object at 0x735c7a803680>,False
CHEMBL3237442,CDK6,4.4,nM,c1cc2c3cnc(Nc4ccc(N5CCNCC5)cn4)nc3n(C3CCCC3)c2cn1,8.356547323513812,True,<rdkit.Chem.rdchem.Mol object at 0x735c7a803610>,False
CHEMBL3702151,CDK4,4.4,nM,c1cc2c3cnc(Nc4ccc(N5CCC6(CC5)COCCN6)nn4)nc3n(C3CCCC3)c2cn1,8.356547323513812,True,<rdkit.Chem.rdchem.Mol object at 0x735c7a801000>,False
CHEMBL3698741,CDK4,4.4,nM,c1cc2c3cnc(Nc4ccc(N5CCCC5)nn4)nc3n(C3CCCC3)c2cn1,8.356547323513812,True,<rdkit.Chem.rdchem.Mol object at 0x735c7a801f50>,False
CHEMBL5762588,CDK4,4.41,nM,Cc1nc2c(F)cc(-c3nc(Nc4ccc5c(n4)CCN(CC(C)(C)N)C5)ncc3F)cc2n1C1CC1,8.355561410532161,True,<rdkit.Chem.rdchem.Mol object at 0x735c7a802340>,False
CHEMBL5800538,CDK4,4.49,nM,Cc1nc2c(F)cc(-c3nc(Nc4ccc5c(n4)CCN(C(=O)O)C5)ncc3F)cc2n1C(C)C,8.347753658996677,True,<rdkit.Chem.rdchem.Mol object at 0x735c7a8037d0>,False
CHEMBL5994315,CDK4,4.49,nM,Cc1nc2c(F)cc(-c3nc(Nc4ccc5c(n4)CCN(CC(=O)O)C5)ncc3F)cc2n1C(C)C,8.347753658996677,True,<rdkit.Chem.rdchem.Mol object at 0x735c7a803d10>,False
CHEMBL5977774,CDK4,4.5,nM,CC1CN(c2ccc(Nc3ncc(F)c(-c4cc(F)c5c(c4)N(C(C)C)CCO5)n3)nc2)CCN1,8.346787486224656,True,<rdkit.Chem.rdchem.Mol object at 0x735c7a802c70>,False
CHEMBL5865305,CDK6,4.5,nM,CC(=O)N1CCN(c2ccc(Nc3ncc(F)c(-c4cc(F)c5c(c4)N(C(C)C)CCO5)n3)nc2)CC1,8.346787486224656,True,<rdkit.Chem.rdchem.Mol object at 0x735c7a803140>,False
CHEMBL3680380,CDK4,4.5,nM,CC(=O)N1CCc2nc(Nc3ncc4c5ccncc5n([C@H]5CC[C@H](C)CC5)c4n3)ccc2C1,8.346787486224656,True,<rdkit.Chem.rdchem.Mol object at 0x735c7a802b90>,False
CHEMBL5951978,CDK4,4.5,nM,CC(C)N1CCOc2c(F)cc(-c3nc(Nc4ccc5c(c4)CN(C(=O)CN(C)C)CC5)ncc3F)cc21,8.346787486224656,True,<rdkit.Chem.rdchem.Mol object at 0x735c7a8020a0>,False
CHEMBL3642016,CDK4,4.5,nM,C[C@@H](O)CNC1CCN(c2ccc(Nc3ncc4c5ccncc5n(C5CCCC5)c4n3)nc2)CC1,8.346787486224656,True,<rdkit.Chem.rdchem.Mol object at 0x735c7a802810>,False
CHEMBL5798442,CDK6,4.5,nM,CC(C)N1CCOc2c(F)cc(-c3nc(Nc4ccc(N5CCCNCC5)cn4)ncc3F)cc21,8.346787486224656,True,<rdkit.Chem.rdchem.Mol object at 0x735c7a8022d0>,False
CHEMBL5856237,CDK6,4.51,nM,Cc1nc2c(F)cc(-c3nc(Nc4ccc5c(n4)CCN(C(=O)[C@@H](C)N(C)C)C5)ncc3F)cc2n1C(C)C,8.34582345812204,True,<rdkit.Chem.rdchem.Mol object at 0x735c7a802c00>,False
CHEMBL3702103,CDK4,4.6,nM,OC[C@@H]1CN(c2ccc(Nc3ncc4c5ccncc5n(C5CCCC5)c4n3)nc2)CCN1,8.337242168318426,True,<rdkit.Chem.rdchem.Mol object at 0x735c7a8027a0>,False
CHEMBL3702193,CDK4,4.6,nM,C[C@@H](O)CNc1ccc(Nc2ncc3c4ccncc4n(C4CCCC4)c3n2)nn1,8.337242168318426,True,<rdkit.Chem.rdchem.Mol object at 0x735c78b70890>,False
CHEMBL3698665,CDK4,4.6,nM,c1cc2c3cnc(Nc4ccc(N5CCNCC5)cn4)nc3n(C3CCC3)c2cn1,8.337242168318426,True,<rdkit.Chem.rdchem.Mol object at 0x735c78b70190>,False
CHEMBL3702052,CDK6,4.6,nM,CCN(CC)C1CCN(c2ccc(Nc3ncc4c5ccncc5n(C5CCCC5)c4n3)nc2)CC1,8.337242168318426,True,<rdkit.Chem.rdchem.Mol object at 0x735c78b702e0>,False
CHEMBL3702142,CDK6,4.6,nM,c1cc2c3cnc(Nc4ccc(N5CCNCC5)cn4)cc3n(C3CCCCC3)c2cn1,8.337242168318426,True,<rdkit.Chem.rdchem.Mol object at 0x735c78b71150>,False
CHEMBL3680382,CDK4,4.6,nM,C[C@H]1CC[C@H](n2c3cnccc3c3cnc(Nc4ccc5c(n4)CCN(CCCO)C5)nc32)CC1,8.337242168318426,True,<rdkit.Chem.rdchem.Mol object at 0x735c78b70740>,False
CHEMBL3702135,CDK4,4.6,nM,c1ccc(-n2c3cnccc3c3cnc(Nc4ccc(N5CCNCC5)cn4)cc32)cc1,8.337242168318426,True,<rdkit.Chem.rdchem.Mol object at 0x735c78b70f20>,False
CHEMBL6044246,CDK4,4.68,nM,Cc1nc2c(F)cc(-c3nc(Nc4ccc5c(n4)CCN(CC(=O)N(C)C)C5)ncc3F)cc2n1C1CC1,8.329754146925875,True,<rdkit.Chem.rdchem.Mol object at 0x735c78b709e0>,False
CHEMBL3237446,CDK4,4.7,nM,O=c1[nH]ccc2c3cnc(Nc4ccc(N5CCNCC5)cn4)nc3n(C3CCCC3)c12,8.327902142064282,True,<rdkit.Chem.rdchem.Mol object at 0x735c78b71230>,False
CHEMBL3642021,CDK4,4.7,nM,CCCNC1CCN(c2ccc(Nc3ncc4c5ccncc5n(C5CCCC5)c4n3)nc2)CC1,8.327902142064282,True,<rdkit.Chem.rdchem.Mol object at 0x735c78b70c10>,False
CHEMBL3684991,CDK4,4.7,nM,C[C@H]1CC[C@H](n2c3cnccc3c3cnc(Nc4cc5c(cn4)CNCC5)nc32)CC1,8.327902142064282,True,<rdkit.Chem.rdchem.Mol object at 0x735c78b71380>,False
CHEMBL5874515,CDK6,4.78,nM,Cc1nc2c(F)cc(-c3nc(Nc4ccc5c(n4)CCN(C(=O)[C@@H]4CCCN4C)C5)ncc3F)cc2n1C1CC1,8.320572103387882,True,<rdkit.Chem.rdchem.Mol object at 0x735c78b70270>,False
CHEMBL3702067,CDK6,4.8,nM,CC(C)n1c2cnccc2c2cnc(Nc3ccc(N4CCC(N(C)C)CC4)nn3)nc21,8.318758762624412,True,<rdkit.Chem.rdchem.Mol object at 0x735c78b705f0>,False
CHEMBL3642002,CDK6,4.8,nM,OC[C@H](O)CNC1CCN(c2ccc(Nc3ncc4c5ccncc5n(C5CCCC5)c4n3)nn2)CC1,8.318758762624412,True,<rdkit.Chem.rdchem.Mol object at 0x735c78b71620>,False
CHEMBL3642014,CDK4,4.8,nM,OCCNC1CCN(c2ccc(Nc3ncc4c5ccncc5n(C5CCCC5)c4n3)nc2)CC1,8.318758762624412,True,<rdkit.Chem.rdchem.Mol object at 0x735c78b704a0>,False
CHEMBL3641999,CDK4,4.8,nM,CNCCN(C)C1CCN(c2ccc(Nc3ncc4c5ccncc5n(C5CCCC5)c4n3)nn2)CC1,8.318758762624412,True,<rdkit.Chem.rdchem.Mol object at 0x735c78b70eb0>,False
CHEMBL5899535,CDK6,4.84,nM,Cc1nc2c(F)cc(-c3nc(Nc4ccc5c(n4)CCN(C(=O)C4CC(O)C4)C5)ncc3F)cc2n1C(C)C,8.315154638355587,True,<rdkit.Chem.rdchem.Mol object at 0x735c78b70a50>,False
CHEMBL5956369,CDK4,4.84,nM,Cc1nc2c(F)cc(-c3nc(Nc4ccc5c(n4)CCNC5)ncc3F)cc2n1C1CCCC1,8.315154638355587,True,<rdkit.Chem.rdchem.Mol object at 0x735c78b70e40>,False
CHEMBL5791509,CDK6,4.84,nM,Cc1nc2c(F)cc(-c3nc(Nc4ccc5c(n4)CCN(C(=O)CC4CC(O)C4)C5)ncc3F)cc2n1C1CC1,8.315154638355587,True,<rdkit.Chem.rdchem.Mol object at 0x735c78b707b0>,False
CHEMBL5894084,CDK6,4.88,nM,Cc1nc2c(F)cc(-c3nc(Nc4ccc5c(n4)CCN(C(=O)CN)C5)ncc3F)cc2n1C(C)C,8.311580177997289,True,<rdkit.Chem.rdchem.Mol object at 0x735c78b70120>,False
CHEMBL5884004,CDK6,4.88,nM,Cc1nc2c(F)cc(-c3nc(Nc4ccc5c(n4)CCN(C(=O)[C@H](C)N(C)C)C5)ncc3F)cc2n1C1CC1,8.311580177997289,True,<rdkit.Chem.rdchem.Mol object at 0x735c78b70430>,False
CHEMBL5811164,CDK6,4.88,nM,Cc1nc2c(F)cc(-c3nc(Nc4ccc5c(n4)CCC(C(=O)CN)C5)ncc3F)cc2n1C(C)C,8.311580177997289,True,<rdkit.Chem.rdchem.Mol object at 0x735c78b703c0>,False
CHEMBL3702050,CDK6,4.9,nM,COCCN1CCN(c2ccc(Nc3ncc4c5ccncc5n(C5CCCC5)c4n3)nc2)CC1,8.309803919971486,True,<rdkit.Chem.rdchem.Mol object at 0x735c78b71930>,False
CHEMBL3702096,CDK6,4.9,nM,OCCN1CCN(c2ccc(Nc3ncc4c5ccncc5n(C5CCCC5)c4n3)nc2)CC1,8.309803919971486,True,<rdkit.Chem.rdchem.Mol object at 0x735c78b70820>,False
CHEMBL5568620,CDK1,4.9,nM,CC(C)c1c2cc(-c3ccnc(Nc4ccc5c(N6CCN(C)CC6)ncnc5c4)n3)ccc2nn1C,8.309803919971486,True,<rdkit.Chem.rdchem.Mol object at 0x735c78b711c0>,False
CHEMBL3698724,CDK4,4.9,nM,O=S1(=O)CCN(c2ccc(Nc3ncc4c5ccncc5n(C5CCCC5)c4n3)nn2)CC1,8.309803919971486,True,<rdkit.Chem.rdchem.Mol object at 0x735c78b71070>,False
CHEMBL3702192,CDK4,4.9,nM,OCCNc1ccc(Nc2ncc3c4ccncc4n(C4CCCC4)c3n2)nn1,8.309803919971486,True,<rdkit.Chem.rdchem.Mol object at 0x735c78b706d0>,False
CHEMBL3698729,CDK4,4.9,nM,c1cc2c3cnc(Nc4ccc(NCC5CCCCN5)nn4)nc3n(C3CCCC3)c2cn1,8.309803919971486,True,<rdkit.Chem.rdchem.Mol object at 0x735c78b70d60>,False
CHEMBL5186159,CDK2,4.9,nM,NS(=O)(=O)c1ccc(Nc2ncc3c(n2)N(C2CCCC2)C(=O)C32CC2)cc1,8.309803919971486,True,<rdkit.Chem.rdchem.Mol object at 0x735c78b70dd0>,False
CHEMBL3642035,CDK4,4.9,nM,CN(C)CCNC1CCN(c2ccc(Nc3ncc4c5ccncc5n(C5CCCC5)c4n3)nn2)CC1,8.309803919971486,True,<rdkit.Chem.rdchem.Mol object at 0x735c78b715b0>,False
CHEMBL4079206,CDK1,4.9,nM,CN1CC[C@H](c2c(O)cc(O)c3c(=O)cc(/C=C/c4c(Cl)cccc4Cl)oc23)[C@H](O)C1,8.309803919971486,True,<rdkit.Chem.rdchem.Mol object at 0x735c78b71b60>,False
CHEMBL5964401,CDK9,4.97,nM,CCC(CC)n1c(C)nc2c(F)cc(-c3nc(Nc4ccc5c(n4)CCNC5)ncc3F)cc21,8.303643611266669,True,<rdkit.Chem.rdchem.Mol object at 0x735c78b71a80>,False
CHEMBL5932825,CDK6,4.98,nM,Cc1nc2c(F)cc(-c3nc(Nc4ccc5c(n4)CCN(C(=O)CN(C)C)C5)ncc3F)cc2n1C1CC1,8.302770657240282,True,<rdkit.Chem.rdchem.Mol object at 0x735c78b727a0>,False
CHEMBL3691545,CDK4,5.0,nM,CN(C)C(=O)c1cc2cnc(Nc3ccc(C(=O)N4C[C@H]5CNC[C@@H](C4)C5O)cn3)nc2n1C1CCCCCC1,8.301029995663981,True,<rdkit.Chem.rdchem.Mol object at 0x735c78b70350>,False
CHEMBL3894860,CDK6,5.0,nM,CN1CCN(c2ccc(Nc3ncc4cc5n(c4n3)C3(CCCCC3)CNC5=O)nc2)CC1,8.301029995663981,True,<rdkit.Chem.rdchem.Mol object at 0x735c78b70f90>,False
CHEMBL260417,CDK2,5.0,nM,O=C(Nc1n[nH]c2nc(-c3ccc(O)cc3)c(Br)cc12)C1CC1,8.301029995663981,True,<rdkit.Chem.rdchem.Mol object at 0x735c78b70970>,False
CHEMBL3691553,CDK4,5.0,nM,CN(C)C(=O)c1cc2cnc(Nc3ccc(C(=O)N4C[C@@H]5CN[C@@H](C5)C4)cn3)nc2n1C1CCCC1,8.301029995663981,True,<rdkit.Chem.rdchem.Mol object at 0x735c78b70040>,False
CHEMBL5789444,CDK6,5.0,nM,CC(C)CN1CCOc2c(F)cc(-c3nc(Nc4ccc(C5CCN(C)CC5)cn4)ncc3F)cc21,8.301029995663981,True,<rdkit.Chem.rdchem.Mol object at 0x735c78b70ac0>,False
CHEMBL3962241,CDK9,5.0,nM,COc1cc(F)ccc1-c1nc(Nc2cc(F)cc(CS(C)(=N)=O)c2)ncc1F,8.301029995663981,True,<rdkit.Chem.rdchem.Mol object at 0x735c78b70510>,False
CHEMBL260163,CDK2,5.0,nM,O=C(Nc1n[nH]c2cc(-c3ccc(O)cc3)ccc12)C1CC1,8.301029995663981,True,<rdkit.Chem.rdchem.Mol object at 0x735c78b712a0>,False
CHEMBL500804,CDK2,5.0,nM,O=C(NC1=NNC2=CC=CC21)C1CC1,8.301029995663981,True,<rdkit.Chem.rdchem.Mol object at 0x735c78b70200>,False
CHEMBL3642029,CDK4,5.0,nM,OC1CN(C2CCN(c3ccc(Nc4ncc5c6ccncc6n(C6CCCC6)c5n4)nc3)CC2)C1,8.301029995663981,True,<rdkit.Chem.rdchem.Mol object at 0x735c78b70cf0>,False
CHEMBL3648082,CDK1,5.0,nM,COc1cc(Nc2ncc(Br)c(O[C@H](C)[C@H](C)O)n2)ccc1S(C)(=N)=O,8.301029995663981,True,<rdkit.Chem.rdchem.Mol object at 0x735c78b70ba0>,False
CHEMBL3648076,CDK1,5.0,nM,C[C@@H](Nc1nc(Nc2ccc(S(=N)(=O)CC3CC3)cc2)ncc1Br)C(C)(C)O,8.301029995663981,True,<rdkit.Chem.rdchem.Mol object at 0x735c78b70580>,False
CHEMBL6043217,CDK6,5.0,nM,CC(C)N1CCOc2c(F)cc(-c3nc(Nc4ccn(C5CCNCC5)c(=O)c4)ncc3F)cc21,8.301029995663981,True,<rdkit.Chem.rdchem.Mol object at 0x735c78b71700>,False
CHEMBL3691663,CDK4,5.0,nM,CN(C)C(=O)c1cc2cnc(Nc3ccc(N4CC5CCC(CC4=O)N5)cn3)nc2n1-c1ccc(C(C)(C)C#N)cc1,8.301029995663981,True,<rdkit.Chem.rdchem.Mol object at 0x735c78b70c80>,False
CHEMBL5571022,CDK9,5.0,nM,CN(C)C(=O)c1cc2cnc(Nc3ccc(S(N)(=O)=O)cc3)nc2n1C1CCCC1,8.301029995663981,True,<rdkit.Chem.rdchem.Mol object at 0x735c78b71460>,False
CHEMBL481562,CDK2,5.0,nM,O=C(NC1CC1)c1n[nH]c2cc(-c3ccc(O)cc3)c(Br)cc12,8.301029995663981,True,<rdkit.Chem.rdchem.Mol object at 0x735c78b717e0>,False
CHEMBL6007997,CDK4,5.0,nM,Cc1nc(Nc2ncc(F)c(-c3cc(F)c4c(c3)N(C(C)C)CCO4)n2)ccc1C1CCN(C)CC1,8.301029995663981,True,<rdkit.Chem.rdchem.Mol object at 0x735c78b71540>,False
CHEMBL318999,CDK1,5.0,nM,Nc1nc(Nc2ccc(S(N)(=O)=O)cc2)nc(OCC2CCCCC2)c1N=O,8.301029995663981,True,<rdkit.Chem.rdchem.Mol object at 0x735c78b718c0>,False
CHEMBL3648116,CDK1,5.0,nM,C[C@H](Nc1nc(Nc2ccc(S(C)(=N)=O)cc2)ncc1Br)C(C)(C)O,8.301029995663981,True,<rdkit.Chem.rdchem.Mol object at 0x735c78b721f0>,False
CHEMBL5897019,CDK6,5.0,nM,CCN1CCC(c2ccc(Nc3ncc(F)c(-c4cc(F)c5c(c4)N(C(C)C)CCO5)n3)nc2)CC1,8.301029995663981,True,<rdkit.Chem.rdchem.Mol object at 0x735c78b71af0>,False
CHEMBL3702160,CDK4,5.0,nM,CN(C)[C@H]1CN(c2ccc(Nc3ncc4c5ccncc5n(C5CCCC5)c4n3)nn2)CC[C@@H]1O,8.301029995663981,True,<rdkit.Chem.rdchem.Mol object at 0x735c78b71bd0>,False
CHEMBL1241849,CDK2,5.0,nM,CN(C)CCNS(=O)(=O)c1ccc(Nc2cccc(-c3cnc4ccccn34)c2)cc1,8.301029995663981,True,<rdkit.Chem.rdchem.Mol object at 0x735c790557e0>,False
CHEMBL5908639,CDK9,5.0,nM,CC(=O)N[C@@H]1CCC[C@@H](C(=O)Nc2cc(-c3cnn4c3CCC(C)C4)c(Cl)cn2)C1,8.301029995663981,True,<rdkit.Chem.rdchem.Mol object at 0x735c790561f0>,False
CHEMBL3691627,CDK4,5.0,nM,CN(C)C(=O)c1cc2cnc(Nc3ccc(N4CC5CNCC5CC4=O)cn3)nc2n1C1CCCC1,8.301029995663981,True,<rdkit.Chem.rdchem.Mol object at 0x735c79056340>,False
CHEMBL3691625,CDK4,5.0,nM,CN(C)C(=O)c1cc2cnc(Nc3ccc(N4C[C@H]5CNC[C@H]5CC4=O)cn3)nc2n1C1CCCCCC1,8.301029995663981,True,<rdkit.Chem.rdchem.Mol object at 0x735c79056650>,False
CHEMBL5961536,CDK6,5.0,nM,CC(C)N1CCOc2c(F)cc(-c3nc(Nc4ccc(C5CCN(C)CC5)c(F)c4)ncc3F)cc21,8.301029995663981,True,<rdkit.Chem.rdchem.Mol object at 0x735c79056f10>,False
CHEMBL452601,CDK2,5.0,nM,C[C@H]1CNC[C@H](C(=O)Nc2ncc(SCc3ncc(C(C)(C)C)o3)s2)C1,8.301029995663981,True,<rdkit.Chem.rdchem.Mol object at 0x735c79057c30>,False
CHEMBL3648095,CDK1,5.0,nM,CCS(=N)(=O)c1ccc(Nc2ncc(Br)c(N[C@H](C)[C@H](C)O)n2)cc1,8.301029995663981,True,<rdkit.Chem.rdchem.Mol object at 0x735c79054eb0>,False
CHEMBL3648117,CDK1,5.0,nM,C[C@H](O)[C@@H](C)Nc1nc(Nc2ccc(S(C)(=N)=O)cc2)ncc1Br,8.301029995663981,True,<rdkit.Chem.rdchem.Mol object at 0x735c79054200>,False
CHEMBL3673501,CDK9,5.0,nM,c1ccc(CNc2cncc(-c3ccnc4[nH]c(C5CCNCC5)cc34)n2)cc1,8.301029995663981,True,<rdkit.Chem.rdchem.Mol object at 0x735c79055f50>,False
CHEMBL3673503,CDK9,5.0,nM,Fc1cc(F)cc(CNc2cncc(-c3ccnc4[nH]c(C5CCNCC5)cc34)n2)c1,8.301029995663981,True,<rdkit.Chem.rdchem.Mol object at 0x735c790560a0>,False
CHEMBL462192,CDK1,5.0,nM,Cc1ncc(-c2nc(Nc3ccc(C(=O)N4CCCN(C)CC4)cc3)ncc2F)n1C(C)C,8.301029995663981,True,<rdkit.Chem.rdchem.Mol object at 0x735c790562d0>,False
CHEMBL415471,CDK2,5.0,nM,N#CCCc1cc(-c2ccc[nH]2)c2c3c(ccc(F)c13)NC2=O,8.301029995663981,True,<rdkit.Chem.rdchem.Mol object at 0x735c79056490>,False
CHEMBL3648110,CDK1,5.0,nM,C[C@H](O)[C@@H](C)Nc1nc(Nc2ccc(S(=N)(=O)CCO)cc2)ncc1Br,8.301029995663981,True,<rdkit.Chem.rdchem.Mol object at 0x735c790566c0>,False
CHEMBL4442620,CDK9,5.0,nM,C[C@@H](O)[C@@H](C)Oc1nc(Nc2ccc(S(=N)(=O)C3CC3)cc2)ncc1C(F)(F)F,8.301029995663981,True,<rdkit.Chem.rdchem.Mol object at 0x735c79057140>,False
CHEMBL5749487,CDK6,5.0,nM,CC(C)N1CCOc2c(F)cc(-c3nc(Nc4ccc(C5CCN(C)CC5=O)cn4)ncc3F)cc21,8.301029995663981,True,<rdkit.Chem.rdchem.Mol object at 0x735c790573e0>,False
CHEMBL4764656,CDK9,5.0,nM,C[C@H](CO)Nc1nc(Nc2ccc(S(N)(=O)=O)cc2)ncc1Br.Cl,8.301029995663981,True,<rdkit.Chem.rdchem.Mol object at 0x735c790574c0>,False
CHEMBL3981911,CDK9,5.0,nM,COc1cc(F)ccc1-c1nc(Nc2cc(Cl)cc(CS(C)(=N)=O)c2)ncc1F,8.301029995663981,True,<rdkit.Chem.rdchem.Mol object at 0x735c79057530>,False
CHEMBL4579344,CDK2,5.0,nM,Cc1cc(C)c(CNc2nc(N[C@@H](C)[C@@H](C)O)nc3c2ncn3C(C)C)cn1,8.301029995663981,True,<rdkit.Chem.rdchem.Mol object at 0x735c79057a70>,False
CHEMBL427909,CDK2,5.0,nM,O=C(Nc1n[nH]c2nc(-c3ccc(O)cc3)c(-c3ccccc3)cc12)C1CC1,8.301029995663981,True,<rdkit.Chem.rdchem.Mol object at 0x735c79057b50>,False
CHEMBL4764173,CDK2,5.0,nM,CC[C@H](Nc1nc(NCc2ccccc2)c2ncn(C(C)C)c2n1)[C@@H](C)O,8.301029995663981,True,<rdkit.Chem.rdchem.Mol object at 0x735c79057bc0>,False
CHEMBL5930675,CDK9,5.0,nM,CC(=O)N[C@@H]1CCC[C@H](C(=O)Nc2cc(-c3cnc4n3CC(C)(C)C4)c(F)cn2)C1,8.301029995663981,True,<rdkit.Chem.rdchem.Mol object at 0x735c79054970>,False
CHEMBL3976450,CDK9,5.0,nM,CCS(=N)(=O)Cc1cccc(Nc2ncc(F)c(-c3ccc(F)cc3OC)n2)c1,8.301029995663981,True,<rdkit.Chem.rdchem.Mol object at 0x735c79055bd0>,False
CHEMBL3648123,CDK2,5.0,nM,CCS(=N)(=O)c1ccc(Nc2ncc(Br)c(N[C@H](C)C(C)(C)O)n2)cc1,8.301029995663981,True,<rdkit.Chem.rdchem.Mol object at 0x735c790555b0>,False
CHEMBL5739950,CDK1,5.0,nM,O=C1NCC2(CCCCC2)n2c1cc1cnc(Nc3ccc(C(=O)N4CCNCC4)cc3)nc12,8.301029995663981,True,<rdkit.Chem.rdchem.Mol object at 0x735c79055e00>,False
CHEMBL3892881,CDK9,5.0,nM,CS(=N)(=O)Cc1cccc(Nc2ncc(F)c(-c3ccc(F)cc3OCc3ccc(F)cc3)n2)c1,8.301029995663981,True,<rdkit.Chem.rdchem.Mol object at 0x735c790563b0>,False
CHEMBL562754,CDK1,5.0,nM,C[C@@H]1CNc2c(sc3ccc4c(c23)CCO4)C(=O)N1,8.301029995663981,True,<rdkit.Chem.rdchem.Mol object at 0x735c79056420>,False
CHEMBL3109950,CDK2,5.0,nM,CN(C)S(=O)(=O)c1ccc(Nc2cc3[nH]c(-c4cn[nH]c4)cc3cn2)cc1,8.301029995663981,True,<rdkit.Chem.rdchem.Mol object at 0x735c79056d50>,False
CHEMBL72509,CDK2,5.0,nM,Clc1cccc(Nc2nccc(-c3cnc4ccccn34)n2)c1,8.301029995663981,True,<rdkit.Chem.rdchem.Mol object at 0x735c79054c80>,False
CHEMBL4741442,CDK9,5.0,nM,C[C@H](CO)Nc1nc(Nc2ccc(S(N)(=O)=O)cc2)ncc1Br,8.301029995663981,True,<rdkit.Chem.rdchem.Mol object at 0x735c79056b20>,False
CHEMBL70824,CDK2,5.0,nM,CN(C)CCCN(C)S(=O)(=O)c1ccc(Nc2nccc(-c3cnc4ccccn34)n2)cc1,8.301029995663981,True,<rdkit.Chem.rdchem.Mol object at 0x735c79061b60>,False
CHEMBL5195030,CDK2,5.0,nM,CC[C@@H](Nc1nc(NCc2cnc(C)cc2C)c2ncn(C(C)C)c2n1)[C@H](C)O,8.301029995663981,True,<rdkit.Chem.rdchem.Mol object at 0x735c790634c0>,False
CHEMBL3354186,CDK2,5.0,nM,COC1CCN(c2nccc(Nc3cc4[nH]c(-c5cn[nH]c5)cc4cn3)n2)CC1,8.301029995663981,True,<rdkit.Chem.rdchem.Mol object at 0x735c79063530>,False
CHEMBL79498,CDK2,5.0,nM,O=C1Nc2ccc(F)c3c(S[C@H]4CCNC4)cc(-c4ccc[nH]4)c1c23,8.301029995663981,True,<rdkit.Chem.rdchem.Mol object at 0x735c790602e0>,False
CHEMBL5857638,CDK4,5.0,nM,Fc1cnc(Nc2ccc3c(n2)CCNC3)nc1-c1cc(F)c2c(c1)N(C1CCCC1)CCO2,8.301029995663981,True,<rdkit.Chem.rdchem.Mol object at 0x735c790603c0>,False
CHEMBL123368,CDK2,5.0,nM,NS(=O)(=O)c1cccc(Nc2nc(OCC3CCCCC3)c3nc[nH]c3n2)c1,8.301029995663981,True,<rdkit.Chem.rdchem.Mol object at 0x735c79060510>,False
CHEMBL102926,CDK1,5.0,nM,Cc1nc2ccccn2c1-c1ccnc(Nc2ccc(OCC(O)CN(C)C)cc2)n1,8.301029995663981,True,<rdkit.Chem.rdchem.Mol object at 0x735c790606d0>,False
CHEMBL72548,CDK2,5.0,nM,CN(C)CCNS(=O)(=O)c1ccc(Nc2nccc(-c3cnc4ccccn34)n2)cc1,8.301029995663981,True,<rdkit.Chem.rdchem.Mol object at 0x735c79060740>,False
CHEMBL3698749,CDK4,5.1,nM,F[C@@H]1CCN(c2ccc(Nc3ncc4c5ccncc5n(C5CCCC5)c4n3)nn2)C1,8.292429823902063,True,<rdkit.Chem.rdchem.Mol object at 0x735c79060c80>,False
CHEMBL3641992,CDK6,5.1,nM,C[C@H](CO)NC1CCN(c2ccc(Nc3ncc4c5ccncc5n(C5CCCC5)c4n3)nc2)CC1,8.292429823902063,True,<rdkit.Chem.rdchem.Mol object at 0x735c79060eb0>,False
CHEMBL3642014,CDK6,5.1,nM,OCCNC1CCN(c2ccc(Nc3ncc4c5ccncc5n(C5CCCC5)c4n3)nc2)CC1,8.292429823902063,True,<rdkit.Chem.rdchem.Mol object at 0x735c79060f20>,False
CHEMBL3698659,CDK6,5.1,nM,c1cc2c3cnc(Nc4ccc(N5CCNCC5)cn4)nc3n(C3CC4CCC3C4)c2cn1,8.292429823902063,True,<rdkit.Chem.rdchem.Mol object at 0x735c79061070>,False
CHEMBL3642032,CDK6,5.1,nM,O=C(O)CNC1CCN(c2ccc(Nc3ncc4c5ccncc5n(C5CCCC5)c4n3)nc2)CC1,8.292429823902063,True,<rdkit.Chem.rdchem.Mol object at 0x735c790610e0>,False
CHEMBL5894670,CDK6,5.17,nM,Cc1nc2c(F)cc(-c3nc(Nc4ccc5c(n4)CCN(C(=O)NCCO)C5)ncc3F)cc2n1C(C)C,8.286509456906057,True,<rdkit.Chem.rdchem.Mol object at 0x735c79061a10>,False
CHEMBL3698689,CDK4,5.2,nM,Fc1cncc2c1c1cnc(Nc3ccc(N4CCNCC4)cn3)nc1n2C1CCCC1,8.2839966563652,True,<rdkit.Chem.rdchem.Mol object at 0x735c79061ee0>,False
CHEMBL3642010,CDK4,5.2,nM,CCN(CCO)C1CCN(c2ccc(Nc3ncc4c5ccncc5n(C5CCCC5)c4n3)nn2)CC1,8.2839966563652,True,<rdkit.Chem.rdchem.Mol object at 0x735c79061f50>,False
CHEMBL4205366,CDK4,5.2,nM,CCN1CCN(Cc2ccc(Nc3cc(-c4cc(F)c5nc(C)n(C(C)C)c5c4)ccn3)nn2)CC1,8.2839966563652,True,<rdkit.Chem.rdchem.Mol object at 0x735c79062030>,False
CHEMBL3698668,CDK4,5.3,nM,CC1(n2c3cnccc3c3cnc(Nc4ccc(N5CCNCC5)cn4)nc32)CCC1,8.275724130399212,True,<rdkit.Chem.rdchem.Mol object at 0x735c79062110>,False
CHEMBL3702159,CDK6,5.3,nM,c1cc2c3cnc(Nc4ccc(C5CCNCC5)cn4)nc3n(C3CCCC3)c2cn1,8.275724130399212,True,<rdkit.Chem.rdchem.Mol object at 0x735c790621f0>,False
CHEMBL3702065,CDK6,5.3,nM,CN(C)C1CC2CCC(C1)N2c1ccc(Nc2ncc3c4ccncc4n(C4CCCC4)c3n2)nc1,8.275724130399212,True,<rdkit.Chem.rdchem.Mol object at 0x735c79062500>,False
CHEMBL3702121,CDK4,5.3,nM,CCOC(=O)CN1CCN(Cc2ccc(Nc3ncc4c5ccncc5n(C5CCCC5)c4n3)nc2)CC1,8.275724130399212,True,<rdkit.Chem.rdchem.Mol object at 0x735c79062810>,False
CHEMBL3702035,CDK4,5.3,nM,CN(C)C1CCN(c2ccc(Nc3ncc4c5cc[nH]c(=O)c5n(C5CCCC5)c4n3)nn2)CC1,8.275724130399212,True,<rdkit.Chem.rdchem.Mol object at 0x735c790628f0>,False
CHEMBL3698697,CDK4,5.4,nM,O=S1(=O)CCN(c2ccc(Nc3ncc4c5ccncc5n(C5CCCC5)c4n3)nc2)CC1,8.267606240177031,True,<rdkit.Chem.rdchem.Mol object at 0x735c79062a40>,False
CHEMBL319467,CDK2,5.4,nM,NS(=O)(=O)c1ccc(Nc2nc(OCC3CCCCC3)c3nc[nH]c3n2)cc1,8.267606240177031,True,<rdkit.Chem.rdchem.Mol object at 0x735c79062ea0>,False
CHEMBL3702065,CDK4,5.4,nM,CN(C)C1CC2CCC(C1)N2c1ccc(Nc2ncc3c4ccncc4n(C4CCCC4)c3n2)nc1,8.267606240177031,True,<rdkit.Chem.rdchem.Mol object at 0x735c79063220>,False
CHEMBL5839538,CDK6,5.46,nM,Cc1nc2c(F)cc(-c3nc(Nc4ccc5c(n4)CCN(C(=O)CCN(C)C)C5)ncc3F)cc2n1C1CC1,8.262807357295262,True,<rdkit.Chem.rdchem.Mol object at 0x735c79063610>,False
CHEMBL3691622,CDK4,5.5,nM,CN(C)C(=O)c1cc2cnc(Nc3ccc(N4C[C@H]5CNC[C@H]5C4=O)cn3)nc2n1C1CCCC1,8.259637310505756,True,<rdkit.Chem.rdchem.Mol object at 0x735c79063840>,False
CHEMBL3691676,CDK4,5.5,nM,CN(C)C(=O)c1cc2cnc(Nc3ccc(N4C[C@H]5CC[C@@H](CC4=O)N5C)cn3)nc2n1C1CCCC1,8.259637310505756,True,<rdkit.Chem.rdchem.Mol object at 0x735c79063a70>,False
CHEMBL3698662,CDK4,5.5,nM,CC(C)(C)n1c2cnccc2c2cnc(Nc3ccc(N4CCNCC4)cn3)nc21,8.259637310505756,True,<rdkit.Chem.rdchem.Mol object at 0x735c79063ed0>,False
CHEMBL3691612,CDK4,5.5,nM,CN(C)C(=O)c1cc2cnc(Nc3ccc(C(=O)N4CC[C@@H]5CC[C@H](C4)N5)cn3)nc2n1C1CCCC1,8.259637310505756,True,<rdkit.Chem.rdchem.Mol object at 0x735c79060970>,False
CHEMBL3702196,CDK4,5.5,nM,C[C@@H](CO)Nc1ccc(Nc2ncc3c4ccncc4n(C4CCCC4)c3n2)nn1,8.259637310505756,True,<rdkit.Chem.rdchem.Mol object at 0x735c79061460>,False
CHEMBL3698747,CDK4,5.5,nM,c1cc2c3cnc(Nc4ccc(N5CCCNCC5)nn4)nc3n(C3CCCC3)c2cn1,8.259637310505756,True,<rdkit.Chem.rdchem.Mol object at 0x735c790635a0>,False
CHEMBL3691607,CDK4,5.5,nM,CN(C)C(=O)c1cc2cnc(Nc3ccc(C(=O)N4CC5CCC(C4)N5)cn3)nc2n1C1CCCCC1,8.259637310505756,True,<rdkit.Chem.rdchem.Mol object at 0x735c79061fc0>,False
CHEMBL5843019,CDK4,5.5,nM,CC(C)N1CCOc2c(F)cc(-c3nc(Nc4ccc(C(N)=O)cn4)ncc3F)cc21,8.259637310505756,True,<rdkit.Chem.rdchem.Mol object at 0x735c79062420>,False
CHEMBL3691580,CDK4,5.5,nM,CN(C)C(=O)c1cc2cnc(Nc3ccc(C(=O)N4CC5CCC(C4)N5)cn3)nc2n1[C@H]1CC[C@H](C(C)(C)C)CC1,8.259637310505756,True,<rdkit.Chem.rdchem.Mol object at 0x735c79064190>,False
CHEMBL4095226,CDK2,5.5,nM,Nc1nccc(-c2c[nH]c3ncc(-c4ccc(F)cc4)cc23)n1,8.259637310505756,True,<rdkit.Chem.rdchem.Mol object at 0x735c79064200>,False
CHEMBL5757213,CDK6,5.51,nM,Cc1nc2c(F)cc(-c3nc(Nc4ccc5c(n4)CCN(CCCN(C)C)C5)ncc3F)cc2n1C1CC1,8.258848401148216,True,<rdkit.Chem.rdchem.Mol object at 0x735c79064ac0>,False
CHEMBL3698720,CDK4,5.6,nM,N[C@@H]1CCN(c2cnc(Nc3ncc4c5ccncc5n(C5CCCC5)c4n3)cn2)C1,8.2518119729938,True,<rdkit.Chem.rdchem.Mol object at 0x735c790662d0>,False
CHEMBL5762588,CDK6,5.6,nM,Cc1nc2c(F)cc(-c3nc(Nc4ccc5c(n4)CCN(CC(C)(C)N)C5)ncc3F)cc2n1C1CC1,8.2518119729938,True,<rdkit.Chem.rdchem.Mol object at 0x735c79067290>,False
CHEMBL3702157,CDK4,5.6,nM,C1=C(c2ccc(Nc3ncc4c5ccncc5n(C5CCCC5)c4n3)nn2)CCNC1,8.2518119729938,True,<rdkit.Chem.rdchem.Mol object at 0x735c79067df0>,False
CHEMBL3698733,CDK4,5.6,nM,OCC1CCN(c2ccc(Nc3ncc4c5ccncc5n(C5CCCC5)c4n3)nn2)CC1,8.2518119729938,True,<rdkit.Chem.rdchem.Mol object at 0x735c79064040>,False
CHEMBL248891,CDK1,5.6,nM,COCc1cccc2[nH]c(-c3n[nH]c4ncc(-c5cncc6ccccc56)cc34)nc12,8.2518119729938,True,<rdkit.Chem.rdchem.Mol object at 0x735c790643c0>,False
CHEMBL4214123,CDK4,5.6,nM,Cc1nc2c(F)cc(-c3cc(Nc4cnc(CN5CCN(CC(F)(F)F)CC5)cn4)ncn3)cc2n1C(C)C,8.2518119729938,True,<rdkit.Chem.rdchem.Mol object at 0x735c790646d0>,False
CHEMBL3698683,CDK6,5.6,nM,c1cc2c3cnc(Nc4ccc(N5CCCNCC5)cn4)nc3n(C3CCCC3)c2cn1,8.2518119729938,True,<rdkit.Chem.rdchem.Mol object at 0x735c79064dd0>,False
CHEMBL4445727,CDK6,5.67,nM,CCn1c(C)nc2c(F)cc(-c3nc(Nc4ccc5c(n4)CCN(CCN(C)C)C5)ncc3F)cc21,8.246416941107093,True,<rdkit.Chem.rdchem.Mol object at 0x735c79064eb0>,False
CHEMBL4209318,CDK4,5.7,nM,CC1CCc2nc3c(F)cc(-c4nc(Nc5ccc(CN6CCN(C)CC6)cn5)ncc4F)cc3n21,8.244125144327509,True,<rdkit.Chem.rdchem.Mol object at 0x735c79064f20>,False
CHEMBL3642033,CDK6,5.7,nM,O=C(O)CNC1CCN(c2ccc(Nc3ncc4c5ccncc5n(C5CCCC5)c4n3)nn2)CC1,8.244125144327509,True,<rdkit.Chem.rdchem.Mol object at 0x735c79065150>,False
CHEMBL4210707,CDK4,5.7,nM,CC1(C)CCc2nc3c(F)cc(-c4nc(Nc5ccc(CN6CCN(CCF)CC6)cn5)ncc4F)cc3n21,8.244125144327509,True,<rdkit.Chem.rdchem.Mol object at 0x735c79065770>,False
CHEMBL6008170,CDK6,5.7,nM,CS(=O)(=O)c1cc2cnc(Nc3ccc(N4CCNCC4)cn3)nc2n1C1CCCC1,8.244125144327509,True,<rdkit.Chem.rdchem.Mol object at 0x735c790657e0>,False
CHEMBL3698664,CDK6,5.7,nM,C[C@@H](C1CCCCC1)n1c2cnccc2c2cnc(Nc3ccc(N4CCNCC4)cn3)nc21,8.244125144327509,True,<rdkit.Chem.rdchem.Mol object at 0x735c79065e70>,False
CHEMBL5878959,CDK6,5.7,nM,Fc1cnc(Nc2ccc(N3CCNCC3)cn2)nc1-c1cc(F)c2c(c1)NCCO2,8.244125144327509,True,<rdkit.Chem.rdchem.Mol object at 0x735c790661f0>,False
CHEMBL3641995,CDK6,5.7,nM,C[C@H](O)CNC1CCN(c2ccc(Nc3ncc4c5ccncc5n(C5CCCC5)c4n3)nn2)CC1,8.244125144327509,True,<rdkit.Chem.rdchem.Mol object at 0x735c79066960>,False
CHEMBL3642024,CDK4,5.7,nM,CC(C)NC1CCN(c2ccc(Nc3ncc4c5ccncc5n(C5CCCC5)c4n3)nc2)CC1,8.244125144327509,True,<rdkit.Chem.rdchem.Mol object at 0x735c790669d0>,False
CHEMBL5784667,CDK6,5.78,nM,Cc1nc2c(F)cc(-c3nc(Nc4ccc5c(n4)CCN(C(=O)C(C)N(C)C)C5)ncc3F)cc2n1C(C)C,8.23807216157947,True,<rdkit.Chem.rdchem.Mol object at 0x735c79066e30>,False
CHEMBL3702053,CDK6,5.8,nM,CCN(CC)C1CCN(c2ccc(Nc3ncc4c5ccncc5n(C5CCCC5)c4n3)nn2)CC1,8.236572006437063,True,<rdkit.Chem.rdchem.Mol object at 0x735c79066ff0>,False
CHEMBL3641996,CDK4,5.8,nM,CN(CCO)C1CCN(c2ccc(Nc3ncc4c5ccncc5n(C5CCCC5)c4n3)nn2)CC1,8.236572006437063,True,<rdkit.Chem.rdchem.Mol object at 0x735c79067060>,False
CHEMBL4214123,CDK6,5.8,nM,Cc1nc2c(F)cc(-c3cc(Nc4cnc(CN5CCN(CC(F)(F)F)CC5)cn4)ncn3)cc2n1C(C)C,8.236572006437063,True,<rdkit.Chem.rdchem.Mol object at 0x735c79067920>,False
CHEMBL3971812,CDK6,5.9,nM,OC1CCC(n2c3cnccc3c3cnc(Nc4ccc(N5CCNCC5)cn4)nc32)CC1,8.229147988357855,True,<rdkit.Chem.rdchem.Mol object at 0x735c79067ed0>,False
CHEMBL6144286,CDK9,5.9,nM,Cn1cc(-c2c(Cl)cnc3[nH]c(C4CCNCC4)cc23)cn1,8.229147988357855,True,<rdkit.Chem.rdchem.Mol object at 0x735c790649e0>,False
CHEMBL3698707,CDK4,5.9,nM,c1cc2c3cnc(Nc4ccc(N5CCC(N6CCCC6)CC5)cn4)nc3n(C3CCCC3)c2cn1,8.229147988357855,True,<rdkit.Chem.rdchem.Mol object at 0x735c79065700>,False
CHEMBL3698742,CDK4,5.9,nM,CN1CCN(c2ccc(Nc3ncc4c5ccncc5n(C5CCCC5)c4n3)nn2)CC1,8.229147988357855,True,<rdkit.Chem.rdchem.Mol object at 0x735c79066500>,False
CHEMBL3702194,CDK4,5.9,nM,C[C@H](O)CNc1ccc(Nc2ncc3c4ccncc4n(C4CCCC4)c3n2)nn1,8.229147988357855,True,<rdkit.Chem.rdchem.Mol object at 0x735c79066650>,False
CHEMBL5991757,CDK4,6.0,nM,CC(C)N1C(=O)COc2c(F)cc(-c3nc(Nc4ccc(N5CCNCC5)cn4)ncc3F)cc21,8.221848749616356,True,<rdkit.Chem.rdchem.Mol object at 0x735c79068510>,False
CHEMBL3644024,CDK2,6.0,nM,CC(C)S(=O)(=O)c1ccc(Nc2ncc(C(F)(F)F)c(O[C@H](C)[C@@H](C)O)n2)cc1,8.221848749616356,True,<rdkit.Chem.rdchem.Mol object at 0x735c79068740>,False
CHEMBL5946157,CDK4,6.0,nM,CC(C)N1CCOc2c(F)cc(-c3nc(Nc4ccc(S(N)(=O)=O)cc4)ncc3F)cc21,8.221848749616356,True,<rdkit.Chem.rdchem.Mol object at 0x735c7906b920>,False
CHEMBL3959867,CDK9,6.0,nM,CCOc1cc(F)ccc1-c1nc(Nc2cc(F)cc(CS(C)(=N)=O)c2)ncc1F,8.221848749616356,True,<rdkit.Chem.rdchem.Mol object at 0x735c79068270>,False
CHEMBL103355,CDK2,6.0,nM,Cc1ccc(F)c(Nc2ccnc(Nc3ccc(S(N)(=O)=O)cc3)n2)c1,8.221848749616356,True,<rdkit.Chem.rdchem.Mol object at 0x735c790682e0>,False
CHEMBL3648114,CDK2,6.0,nM,CN=S(C)(=O)c1ccc(Nc2ncc(Br)c(N[C@H](C)[C@H](C)O)n2)cc1OC,8.221848749616356,True,<rdkit.Chem.rdchem.Mol object at 0x735c790689e0>,False
CHEMBL5822013,CDK4,6.0,nM,CC(C)N1CCOc2c(F)cc(-c3nc(Nc4cnn(C5CCN(C)CC5)c4)ncc3F)cc21,8.221848749616356,True,<rdkit.Chem.rdchem.Mol object at 0x735c79068b30>,False
CHEMBL5199065,CDK9,6.0,nM,CCC(CC)c1cc(N[C@H]2CC[C@H](N)C2)n2nccc2n1,8.221848749616356,True,<rdkit.Chem.rdchem.Mol object at 0x735c79069000>,False
CHEMBL2029901,CDK1,6.0,nM,CN1CCN(C(=O)c2cc(Nc3ncc4cc(C#N)n(C5CCCC5)c4n3)cn2C)CC1,8.221848749616356,True,<rdkit.Chem.rdchem.Mol object at 0x735c790693f0>,False
CHEMBL460103,CDK2,6.0,nM,Cc1ncc(-c2nc(Nc3ccc(C(=O)N4CC[C@@H](N(C)C)C4)cc3)ncc2F)n1C(C)C,8.221848749616356,True,<rdkit.Chem.rdchem.Mol object at 0x735c790694d0>,False
CHEMBL3648119,CDK2,6.0,nM,COC[C@H](Nc1nc(Nc2ccc(S(C)(=N)=O)cc2)ncc1Br)[C@H](C)O,8.221848749616356,True,<rdkit.Chem.rdchem.Mol object at 0x735c79069540>,False
CHEMBL5207871,CDK9,6.0,nM,CC(C)n1cc(-c2ccnc3[nH]c(C4CCN(CC(=O)N5CCCC5)CC4)cc23)ccc1=O,8.221848749616356,True,<rdkit.Chem.rdchem.Mol object at 0x735c79069c40>,False
CHEMBL4589249,CDK9,6.0,nM,COc1cc(F)ccc1-c1cc(Nc2cc(C[S@](C)(=N)=O)ccn2)ncc1F,8.221848749616356,True,<rdkit.Chem.rdchem.Mol object at 0x735c79069fc0>,False
CHEMBL191003,CDK1,6.0,nM,Nc1nc(Nc2ccc(S(N)(=O)=O)cc2)nn1C(=O)c1c(F)cccc1F,8.221848749616356,True,<rdkit.Chem.rdchem.Mol object at 0x735c7906a260>,False
CHEMBL3691623,CDK4,6.0,nM,CN(C)C(=O)c1cc2cnc(Nc3ccc(N4C[C@@H]5CNC[C@@H]5C4=O)cn3)nc2n1C1CCCC1,8.221848749616356,True,<rdkit.Chem.rdchem.Mol object at 0x735c7906a2d0>,False
CHEMBL6147551,CDK6,6.0,nM,CC(=O)N1CCC2(CC1)CC(=O)c1ccc(-c3nc(Nc4ccc(N5CCN(CC6CC6)CC5)cn4)ncc3F)cc1O2,8.221848749616356,True,<rdkit.Chem.rdchem.Mol object at 0x735c7906a960>,False
CHEMBL3673545,CDK9,6.0,nM,O=C(CO)N1CCC(c2cc3c(-c4nc(NCc5cccc(F)c5)c(F)cc4F)ccnc3[nH]2)CC1,8.221848749616356,True,<rdkit.Chem.rdchem.Mol object at 0x735c7906bdf0>,False
CHEMBL383961,CDK4,6.0,nM,O=c1c2cccc3c2sn1CCNCCOc1cccc2nc(O)c-3nc12,8.221848749616356,True,<rdkit.Chem.rdchem.Mol object at 0x735c7906a650>,False
CHEMBL3691629,CDK4,6.0,nM,CN(C)C(=O)c1cc2cnc(Nc3ccc(N4C[C@@H]5CNC[C@@H]5CC4=O)cn3)nc2n1C1CCCC1,8.221848749616356,True,<rdkit.Chem.rdchem.Mol object at 0x735c7906a9d0>,False
CHEMBL3691628,CDK4,6.0,nM,CN(C)C(=O)c1cc2cnc(Nc3ccc(N4C[C@H]5CNC[C@H]5CC4=O)cn3)nc2n1C1CCCC1,8.221848749616356,True,<rdkit.Chem.rdchem.Mol object at 0x735c7906aff0>,False
CHEMBL386467,CDK4,6.0,nM,O=c1c2cccc(-c3nc4ccccc4nc3O)c2sn1C1CCCC1,8.221848749616356,True,<rdkit.Chem.rdchem.Mol object at 0x735c7906bae0>,False
CHEMBL510436,CDK2,6.0,nM,Cc1ncc(-c2ccnc(Nc3ccc(C(=O)N(C)C)c(F)c3)n2)n1C(C)C,8.221848749616356,True,<rdkit.Chem.rdchem.Mol object at 0x735c7906ca50>,False
CHEMBL3644032,CDK2,6.0,nM,C[C@@H](O)[C@@H](C)Oc1nc(Nc2ccc(S(=O)(=O)C3CC3)cc2)ncc1C(F)(F)F,8.221848749616356,True,<rdkit.Chem.rdchem.Mol object at 0x735c7906d620>,False
CHEMBL3648072,CDK2,6.0,nM,C[C@@H](Nc1nc(Nc2ccc(S(C)(=N)=O)cc2)ncc1Br)C(C)(C)O,8.221848749616356,True,<rdkit.Chem.rdchem.Mol object at 0x735c7906e650>,False
CHEMBL291324,CDK1,6.0,nM,Nc1nc(N)c(N=O)c(=O)[nH]1,8.221848749616356,True,<rdkit.Chem.rdchem.Mol object at 0x735c7906c7b0>,False
CHEMBL5195947,CDK9,6.0,nM,COc1cc(F)ccc1-c1ccnc2[nH]c(C3CCN(CC(=O)N(C)C)CC3)cc12,8.221848749616356,True,<rdkit.Chem.rdchem.Mol object at 0x735c7906cf20>,False
CHEMBL488436,CDK2,6.0,nM,Cc1ncc(-c2ccnc(Nc3ccc(S(C)(=O)=O)cc3)n2)n1C(C)C,8.221848749616356,True,<rdkit.Chem.rdchem.Mol object at 0x735c7906d150>,False
CHEMBL23254,CDK2,6.0,nM,CC(C)[C@H](CO)Nc1nc(Nc2ccc(C(=O)O)c(Cl)c2)c2ncn(C(C)C)c2n1,8.221848749616356,True,<rdkit.Chem.rdchem.Mol object at 0x735c7906d540>,False
CHEMBL5974817,CDK4,6.0,nM,CC(C)N1CCOc2c(F)cc(-c3nc(Nc4ccc(N5CCNCC5)cc4F)ncc3F)cc21,8.221848749616356,True,<rdkit.Chem.rdchem.Mol object at 0x735c7906e0a0>,False
CHEMBL3691556,CDK4,6.0,nM,CN(C)C(=O)c1cc2cnc(Nc3ccc(C(=O)N4CC5CC(C4)N(C)C5)cn3)nc2n1C1CCCC1,8.221848749616356,True,<rdkit.Chem.rdchem.Mol object at 0x735c7906e570>,False
CHEMBL3917892,CDK9,6.0,nM,CCS(=N)(=O)Cc1cc(F)cc(Nc2ncc(F)c(-c3ccc(F)cc3OC)n2)c1,8.221848749616356,True,<rdkit.Chem.rdchem.Mol object at 0x735c7906e880>,False
CHEMBL4856767,CDK9,6.04,nM,Cc1n[nH]c2ccc(-c3cncc(N[C@@H](CO)c4ccccc4)n3)cc12,8.218963061378869,True,<rdkit.Chem.rdchem.Mol object at 0x735c7906ef10>,False
CHEMBL3698721,CDK4,6.1,nM,c1cc2c3cnc(Nc4ccc(N[C@@H]5CCNC5)nn4)nc3n(C3CCCC3)c2cn1,8.214670164989233,True,<rdkit.Chem.rdchem.Mol object at 0x735c7906ef80>,False
CHEMBL3698665,CDK6,6.1,nM,c1cc2c3cnc(Nc4ccc(N5CCNCC5)cn4)nc3n(C3CCC3)c2cn1,8.214670164989233,True,<rdkit.Chem.rdchem.Mol object at 0x735c7906f060>,False
CHEMBL5751375,CDK6,6.14,nM,Cc1nc2c(F)cc(-c3nc(Nc4ccc5c(n4)CCNC5)ncc3F)cc2n1CC1CC1,8.211831628858832,True,<rdkit.Chem.rdchem.Mol object at 0x735c7906f760>,False
CHEMBL5789562,CDK6,6.14,nM,Cc1nc2c(F)cc(-c3nc(Nc4ccc5c(n4)CCN(C(=O)[C@H]4CCCN4C)C5)ncc3F)cc2n1C1CC1,8.211831628858832,True,<rdkit.Chem.rdchem.Mol object at 0x735c7906f8b0>,False
CHEMBL3642038,CDK4,6.2,nM,CN(C)C1CN(c2ccc(Nc3ncc4c5ccncc5n(C5CCCC5)c4n3)nn2)CCC1O,8.207608310501746,True,<rdkit.Chem.rdchem.Mol object at 0x735c7906f290>,False
CHEMBL3702071,CDK6,6.2,nM,c1cc2c3cnc(Nc4nc(CN5CCNCC5)cs4)nc3n(C3CCCC3)c2cn1,8.207608310501746,True,<rdkit.Chem.rdchem.Mol object at 0x735c7906d230>,False
CHEMBL3698730,CDK4,6.2,nM,c1cc2c3cnc(Nc4ccc(NCC5COCCN5)nn4)nc3n(C3CCCC3)c2cn1,8.207608310501746,True,<rdkit.Chem.rdchem.Mol object at 0x735c7906e7a0>,False
CHEMBL5941223,CDK6,6.23,nM,Cc1nc2c(F)cc(-c3nc(Nc4ccc5c(n4)CCNC5)ncc3F)cc2n1C1CCC(C)CC1,8.20551195334083,True,<rdkit.Chem.rdchem.Mol object at 0x735c790704a0>,False
CHEMBL6038282,CDK6,6.24,nM,Cc1nc2c(F)cc(-c3nc(Nc4ccc5c(n4)CCN(C(=O)[C@@H]4CCCN4)C5)ncc3F)cc2n1C1CC1,8.204815410317575,True,<rdkit.Chem.rdchem.Mol object at 0x735c79071000>,False
CHEMBL4449998,CDK6,6.26,nM,Cc1nc2c(F)cc(-c3nc(Nc4ccc5c(n4)CCN(CCN(C)C)C5)ncc3F)cc2n1CC1CC1,8.20342566678957,True,<rdkit.Chem.rdchem.Mol object at 0x735c79071310>,False
CHEMBL3642001,CDK6,6.3,nM,OCC(CO)NC1CCN(c2ccc(Nc3ncc4c5ccncc5n(C5CCCC5)c4n3)nn2)CC1,8.200659450546418,True,<rdkit.Chem.rdchem.Mol object at 0x735c79071cb0>,False
CHEMBL3684992,CDK4,6.3,nM,C[C@H]1CC[C@H](n2c3cnccc3c3cnc(Nc4ccc5c(n4)CN(C(=O)CO)CC5)nc32)CC1,8.200659450546418,True,<rdkit.Chem.rdchem.Mol object at 0x735c790727a0>,False
CHEMBL5787921,CDK6,6.36,nM,CN[C@H](C)C(=O)N1CCc2nc(Nc3ncc(F)c(-c4cc(F)c5nc(C)n(C6CC6)c5c4)n3)ccc2C1,8.196542884351587,True,<rdkit.Chem.rdchem.Mol object at 0x735c79070270>,False
CHEMBL3702047,CDK6,6.4,nM,CCN1CCN(c2ccc(Nc3ncc4c5ccncc5n(C5CCCC5)c4n3)nc2)CC1,8.193820026016112,True,<rdkit.Chem.rdchem.Mol object at 0x735c790702e0>,False
CHEMBL4562323,CDK2,6.4,nM,CC(C)c1cnn2c(NCc3ccccc3-n3cccn3)nc(OC3CCCNC3)nc12,8.193820026016112,True,<rdkit.Chem.rdchem.Mol object at 0x735c790703c0>,False
CHEMBL215803,CDK4,6.4,nM,C[C@@H]1C[C@H]2CN1CCn1nc3c(cccc3c1O)-c1nc3c(cccc3nc1O)O2,8.193820026016112,True,<rdkit.Chem.rdchem.Mol object at 0x735c79070c80>,False
CHEMBL3698716,CDK4,6.4,nM,c1cc2c3cnc(Nc4cnc(N5CCCNCC5)cn4)nc3n(C3CCCC3)c2cn1,8.193820026016112,True,<rdkit.Chem.rdchem.Mol object at 0x735c79070cf0>,False
CHEMBL5763679,CDK6,6.44,nM,Cc1nc2c(F)cc(-c3nc(Nc4ccc5c(n4)CCN(C(=O)CN4CCOCC4)C5)ncc3F)cc2n1C(C)C,8.191114132640188,True,<rdkit.Chem.rdchem.Mol object at 0x735c79070f20>,False
CHEMBL3691609,CDK4,6.5,nM,CN(C)C(=O)c1cc2cnc(Nc3ccc(C(=O)N4CC5CCC(C4)N5)cn3)nc2n1-c1ccc(C(C)(C)C#N)cc1,8.187086643357144,True,<rdkit.Chem.rdchem.Mol object at 0x735c790715b0>,False
CHEMBL3691562,CDK4,6.5,nM,CN(C)C(=O)c1cc2cnc(Nc3ccc(C(=O)N4C[C@@H]5CC4CN5)cn3)nc2n1C1CCCC1,8.187086643357144,True,<rdkit.Chem.rdchem.Mol object at 0x735c79071620>,False
CHEMBL3702168,CDK6,6.5,nM,Oc1ccc(-c2ccc(Nc3ncc4c5ccncc5n(C5CCCC5)c4n3)nn2)cn1,8.187086643357144,True,<rdkit.Chem.rdchem.Mol object at 0x735c79071700>,False
CHEMBL5992232,CDK4,6.5,nM,CC(C)N1CCOc2c(F)cc(-c3nc(Nc4ccc5c(c4)CC(N(C)C)C5)ncc3F)cc21,8.187086643357144,True,<rdkit.Chem.rdchem.Mol object at 0x735c790718c0>,False
CHEMBL3698684,CDK6,6.5,nM,O=C(c1csc(Nc2ncc3c4ccncc4n(C4CCCC4)c3n2)n1)N1CCNCC1,8.187086643357144,True,<rdkit.Chem.rdchem.Mol object at 0x735c79072490>,False
CHEMBL5865665,CDK9,6.58,nM,Cc1nc2c(F)cc(-c3nc(Nc4ccc5c(n4)CCNC5)ncc3F)cc2n1C(C)C1CC1,8.181774106386044,True,<rdkit.Chem.rdchem.Mol object at 0x735c790725e0>,False
CHEMBL3698642,CDK6,6.6,nM,c1cc2c3cnc(Nc4ccc(N5CCNCC5)nn4)nc3n(C3CCCC3)c2cn1,8.18045606445813,True,<rdkit.Chem.rdchem.Mol object at 0x735c79072730>,False
CHEMBL6002674,CDK2,6.68,nM,CNCCN1CCc2nc(Nc3ncc(F)c(-c4cc(F)c5nc(C)n(C(C)(C)C)c5c4)n3)ccc2C1,8.175223537524454,True,<rdkit.Chem.rdchem.Mol object at 0x735c79072960>,False
CHEMBL3698735,CDK4,6.7,nM,O[C@H]1CCCN(c2ccc(Nc3ncc4c5ccncc5n(C5CCCC5)c4n3)nn2)C1,8.173925197299173,True,<rdkit.Chem.rdchem.Mol object at 0x735c79072f80>,False
CHEMBL5971879,CDK9,6.74,nM,Cc1nc2c(F)cc(-c3nc(Nc4ccc5c(n4)CCN[C@H]5C)ncc3F)cc2n1C(C)(C)C,8.17134010346468,True,<rdkit.Chem.rdchem.Mol object at 0x735c79073e60>,False
CHEMBL4208366,CDK4,6.8,nM,CCN1CCN(Cc2ccc(Nc3ncc(F)c(-c4cc(F)c5nc6n(c5c4)CCCC6)n3)nc2)CC1,8.167491087293763,True,<rdkit.Chem.rdchem.Mol object at 0x735c790728f0>,False
CHEMBL3702195,CDK4,6.8,nM,C[C@H](CO)Nc1ccc(Nc2ncc3c4ccncc4n(C4CCCC4)c3n2)nn1,8.167491087293763,True,<rdkit.Chem.rdchem.Mol object at 0x735c79073300>,False
CHEMBL3702141,CDK4,6.8,nM,c1cc2c3cnc(Nc4ccc(N5CCNCC5)cn4)cc3n(C3CCSC3)c2cn1,8.167491087293763,True,<rdkit.Chem.rdchem.Mol object at 0x735c79074ac0>,False
CHEMBL3698747,CDK6,6.8,nM,c1cc2c3cnc(Nc4ccc(N5CCCNCC5)nn4)nc3n(C3CCCC3)c2cn1,8.167491087293763,True,<rdkit.Chem.rdchem.Mol object at 0x735c79075770>,False
CHEMBL3702191,CDK6,6.9,nM,CN(CCO)c1ccc(Nc2ncc3c4ccncc4n(C4CCCC4)c3n2)nn1,8.161150909262744,True,<rdkit.Chem.rdchem.Mol object at 0x735c79075af0>,False
CHEMBL3702044,CDK4,6.9,nM,CC1(C)CN(c2ccc(Nc3ncc4c5ccncc5n(C5CCCC5)c4n3)nc2)CCN1,8.161150909262744,True,<rdkit.Chem.rdchem.Mol object at 0x735c79076030>,False
CHEMBL5991757,CDK6,6.9,nM,CC(C)N1C(=O)COc2c(F)cc(-c3nc(Nc4ccc(N5CCNCC5)cn4)ncc3F)cc21,8.161150909262744,True,<rdkit.Chem.rdchem.Mol object at 0x735c790773e0>,False
CHEMBL5754925,CDK6,6.91,nM,Cc1nc2c(F)cc(-c3nc(Nc4ccc5c(n4)CCN(C[C@@H](O)CN(C)C)C5)ncc3F)cc2n1C1CC1,8.160521952625801,True,<rdkit.Chem.rdchem.Mol object at 0x735c79077ca0>,False
CHEMBL5873158,CDK9,6.94,nM,Cc1nc2c(F)cc(-c3nc(Nc4ccc5c(n4)CCNC5)ncc3F)cc2n1C(C)(C)C,8.158640529545146,True,<rdkit.Chem.rdchem.Mol object at 0x735c79077d10>,False
CHEMBL3642011,CDK4,7.0,nM,OC1CCN(C2CCN(c3ccc(Nc4ncc5c6ccncc6n(C6CCCC6)c5n4)nn3)CC2)CC1,8.154901959985743,True,<rdkit.Chem.rdchem.Mol object at 0x735c79074430>,False
CHEMBL312726,CDK2,7.0,nM,NCCCc1cc(-c2ccc[nH]2)c2c3c(ccc(F)c13)NC2=O,8.154901959985743,True,<rdkit.Chem.rdchem.Mol object at 0x735c79074510>,False
CHEMBL3639469,CDK2,7.0,nM,Cc1cc(Nc2ncc(Br)c(N[C@H](C)C(C)(C)O)n2)ccc1S(C)(=N)=O,8.154901959985743,True,<rdkit.Chem.rdchem.Mol object at 0x735c79074580>,False
CHEMBL4442620,CDK1,7.0,nM,C[C@@H](O)[C@@H](C)Oc1nc(Nc2ccc(S(=N)(=O)C3CC3)cc2)ncc1C(F)(F)F,8.154901959985743,True,<rdkit.Chem.rdchem.Mol object at 0x735c79074890>,False
CHEMBL3642008,CDK4,7.0,nM,O[C@H]1CCCN(C2CCN(c3ccc(Nc4ncc5c6ccncc6n(C6CCCC6)c5n4)nn3)CC2)C1,8.154901959985743,True,<rdkit.Chem.rdchem.Mol object at 0x735c79074e40>,False
CHEMBL3702221,CDK4,7.0,nM,CC[C@@H](C)n1c2cnccc2c2cnc(Nc3ccc(N4CCN[C@@H](C)C4)cn3)nc21,8.154901959985743,True,<rdkit.Chem.rdchem.Mol object at 0x735c79075070>,False
CHEMBL5814705,CDK9,7.0,nM,CC(=O)N[C@@H]1CCC[C@H](C(=O)Nc2cc(-c3cnn4c3CC(C)(C)C4)ncn2)C1,8.154901959985743,True,<rdkit.Chem.rdchem.Mol object at 0x735c790751c0>,False
CHEMBL5938366,CDK1,7.0,nM,CC1C(=O)Nc2cc3cnc(Nc4ccc(S(N)(=O)=O)cc4)nc3n2C12CCCCC2,8.154901959985743,True,<rdkit.Chem.rdchem.Mol object at 0x735c79075460>,False
CHEMBL3673532,CDK9,7.0,nM,Fc1cccc(COc2cncc(-c3ccnc4[nH]c(C5=CCNCC5)cc34)n2)c1,8.154901959985743,True,<rdkit.Chem.rdchem.Mol object at 0x735c790754d0>,False
CHEMBL3691671,CDK4,7.0,nM,CN(C)C(=O)c1cc2cnc(Nc3ccc(N4C[C@@H]5CC[C@H](CC4=O)N5)cn3)nc2n1C1CCC1,8.154901959985743,True,<rdkit.Chem.rdchem.Mol object at 0x735c79076490>,False
CHEMBL3916775,CDK9,7.0,nM,CNC(=O)N=S(C)(=O)Cc1cccc(Nc2ncc(F)c(-c3ccc(F)cc3OC)n2)c1,8.154901959985743,True,<rdkit.Chem.rdchem.Mol object at 0x735c79076dc0>,False
CHEMBL256558,CDK2,7.0,nM,Cc1ccc(CC(=O)Nc2n[nH]c3ccc(N4CCCS4(=O)=O)cc23)cc1,8.154901959985743,True,<rdkit.Chem.rdchem.Mol object at 0x735c79077220>,False
CHEMBL495557,CDK2,7.0,nM,CC(C)(C)c1cnc(CSc2cnc(N[C@H]3CC[C@H](O)CC3)s2)o1,8.154901959985743,True,<rdkit.Chem.rdchem.Mol object at 0x735c79077370>,False
CHEMBL3691632,CDK4,7.0,nM,CN1C[C@H]2CN(c3ccc(Nc4ncc5cc(C(=O)N(C)C)n(C6CCCC6)c5n4)nc3)C(=O)[C@H]2C1,8.154901959985743,True,<rdkit.Chem.rdchem.Mol object at 0x735c79077990>,False
CHEMBL150261,CDK2,7.0,nM,N[C@H]1CC[C@H](Nc2nc(NCc3ccccc3)c3ncn(C4CCCC4)c3n2)CC1,8.154901959985743,True,<rdkit.Chem.rdchem.Mol object at 0x735c79075620>,False
CHEMBL360573,CDK2,7.0,nM,CN(C)S(=O)(=O)c1ccc(Nc2cc(N[C@H]3CC[C@H](N)CC3)nc3c(C#N)cnn23)cc1,8.154901959985743,True,<rdkit.Chem.rdchem.Mol object at 0x735c79075540>,False
CHEMBL3648094,CDK2,7.0,nM,CCS(=N)(=O)c1ccc(Nc2ncc(Br)c(N[C@H](COC)[C@H](C)O)n2)cc1,8.154901959985743,True,<rdkit.Chem.rdchem.Mol object at 0x735c79076570>,False
CHEMBL3648083,CDK2,7.0,nM,CN=S(C)(=O)c1ccc(Nc2ncc(Br)c(N[C@H](C)[C@H](C)O)n2)cc1,8.154901959985743,True,<rdkit.Chem.rdchem.Mol object at 0x735c79078a50>,False
CHEMBL3702145,CDK4,7.0,nM,CN(C)C1CCN(C(=O)Cc2ccc(Nc3ncc4c5ccncc5n(C5CCCC5)c4n3)nc2)CC1,8.154901959985743,True,<rdkit.Chem.rdchem.Mol object at 0x735c790794d0>,False
CHEMBL3702158,CDK6,7.0,nM,C1=C(c2ccc(Nc3ncc4c5ccncc5n(C5CCCC5)c4n3)nc2)CCNC1,8.154901959985743,True,<rdkit.Chem.rdchem.Mol object at 0x735c790798c0>,False
CHEMBL3648107,CDK1,7.0,nM,C[C@@H](Nc1nc(Nc2ccc(S(=N)(=O)CCO)cc2)ncc1Br)C(C)(C)O,8.154901959985743,True,<rdkit.Chem.rdchem.Mol object at 0x735c79079a80>,False
CHEMBL4282338,CDK1,7.0,nM,C[C@@H](O)[C@@H](C)Oc1nc(Nc2ccc([S@](=N)(=O)C3CC3)cc2)ncc1C(F)(F)F,8.154901959985743,True,<rdkit.Chem.rdchem.Mol object at 0x735c7907b6f0>,False
CHEMBL3702063,CDK4,7.0,nM,CCC(C)(C)n1c2cnccc2c2cnc(Nc3ccc(N4CCC(N(C)C)CC4)nn3)nc21,8.154901959985743,True,<rdkit.Chem.rdchem.Mol object at 0x735c7907bd80>,False
CHEMBL3648113,CDK1,7.0,nM,CN=S(C)(=O)c1ccc(Nc2ncc(Br)c(N[C@H](C)[C@@H](C)O)n2)cc1OC,8.154901959985743,True,<rdkit.Chem.rdchem.Mol object at 0x735c79078970>,False
CHEMBL402158,CDK2,7.0,nM,O=C(Cc1cccc(Br)c1)Nc1n[nH]c2ccc(N3CCCS3(=O)=O)cc12,8.154901959985743,True,<rdkit.Chem.rdchem.Mol object at 0x735c79079070>,False
CHEMBL402370,CDK2,7.0,nM,O=C(Cc1ccc(Br)cc1)Nc1n[nH]c2ccc(N3CCCS3(=O)=O)cc12,8.154901959985743,True,<rdkit.Chem.rdchem.Mol object at 0x735c79079310>,False
CHEMBL3648125,CDK2,7.0,nM,Cc1cc(Nc2ncc(Br)c(N[C@@H](C)C(C)(C)O)n2)ccc1S(C)(=N)=O,8.154901959985743,True,<rdkit.Chem.rdchem.Mol object at 0x735c79079770>,False
CHEMBL6033928,CDK9,7.0,nM,CC(=O)N[C@@H]1CCC[C@H](C(=O)Nc2cc(-c3cnn4c3CC(C)CC4)c(Cl)cn2)C1,8.154901959985743,True,<rdkit.Chem.rdchem.Mol object at 0x735c79079930>,False
CHEMBL3698662,CDK6,7.0,nM,CC(C)(C)n1c2cnccc2c2cnc(Nc3ccc(N4CCNCC4)cn3)nc21,8.154901959985743,True,<rdkit.Chem.rdchem.Mol object at 0x735c7907a1f0>,False
CHEMBL3084839,CDK2,7.0,nM,N[C@H]1CC[C@H](Nc2nc(Nc3ccccc3)c3ncn(C4CCCC4)c3n2)CC1,8.154901959985743,True,<rdkit.Chem.rdchem.Mol object at 0x735c7907af10>,False
CHEMBL3702159,CDK4,7.0,nM,c1cc2c3cnc(Nc4ccc(C5CCNCC5)cn4)nc3n(C3CCCC3)c2cn1,8.154901959985743,True,<rdkit.Chem.rdchem.Mol object at 0x735c7907b4c0>,False
CHEMBL5950534,CDK9,7.03,nM,Cc1nc2c(F)cc(-c3nc(Nc4ccc5c(n4)C[C@@H](C)NC5)ncc3F)cc2n1C(C)(C)C,8.153044674980176,True,<rdkit.Chem.rdchem.Mol object at 0x735c7907b530>,False
CHEMBL6019056,CDK4,7.05,nM,CNC1CC(C(=O)N2CCc3nc(Nc4ncc(F)c(-c5cc(F)c6nc(C)n(C(C)C)c6c5)n4)ccc3C2)C1,8.1518108830086,True,<rdkit.Chem.rdchem.Mol object at 0x735c7907b920>,False
CHEMBL5813772,CDK6,7.07,nM,Cc1nc2c(F)cc(-c3nc(Nc4ccc5c(n4)CCN(C)C5)ncc3F)cc2n1C(C)C,8.1505805862031,True,<rdkit.Chem.rdchem.Mol object at 0x735c7907bdf0>,False
CHEMBL5844694,CDK6,7.09,nM,Cc1nc2c(F)cc(-c3nc(Nc4ccc5c(n4)CCN(C(=O)CCO)C5)ncc3F)cc2n1C(C)C,8.149353764816933,True,<rdkit.Chem.rdchem.Mol object at 0x735c7907bed0>,False
CHEMBL3698735,CDK6,7.1,nM,O[C@H]1CCCN(c2ccc(Nc3ncc4c5ccncc5n(C5CCCC5)c4n3)nn2)C1,8.148741651280925,True,<rdkit.Chem.rdchem.Mol object at 0x735c7907ae30>,False
CHEMBL6147673,CDK9,7.1,nM,CN1CCC(c2cc3c(-c4cnn(CC5CC5)c4)c(Cl)cnc3[nH]2)CC1,8.148741651280925,True,<rdkit.Chem.rdchem.Mol object at 0x735c7907be60>,False
CHEMBL5999796,CDK4,7.14,nM,Cc1nc2c(F)cc(-c3nc(Nc4ccc5c(n4)CCN(C(C)C)C5)ncc3F)cc2n1C1CC1,8.146301788223825,True,<rdkit.Chem.rdchem.Mol object at 0x735c7907d0e0>,False
CHEMBL3702134,CDK4,7.2,nM,c1cc2c3cnc(Nc4ccc(N5CCC6(CCCN6)CC5)nn4)nc3n(C3CCCC3)c2cn1,8.142667503568731,True,<rdkit.Chem.rdchem.Mol object at 0x735c7907d770>,False
CHEMBL3642022,CDK4,7.2,nM,FCCNC1CCN(c2ccc(Nc3ncc4c5ccncc5n(C5CCCC5)c4n3)nc2)CC1,8.142667503568731,True,<rdkit.Chem.rdchem.Mol object at 0x735c7907d7e0>,False
CHEMBL3698676,CDK6,7.2,nM,N#Cc1ccc2c3cnc(Nc4ccc(N5CCNCC5)cn4)nc3n(C3CCCC3)c2c1,8.142667503568731,True,<rdkit.Chem.rdchem.Mol object at 0x735c7907d930>,False
CHEMBL3702189,CDK4,7.2,nM,CN(C)[C@@H]1CCN(c2ccc(Nc3ncc4c5ccncc5n(C5CCCC5)c4n3)nc2)C1,8.142667503568731,True,<rdkit.Chem.rdchem.Mol object at 0x735c7907e030>,False
CHEMBL5834517,CDK6,7.22,nM,CC(=O)N1CCc2nc(Nc3ncc(F)c(-c4cc(F)c5nc(C)n(C(C)C)c5c4)n3)ccc2C1,8.141462802430361,True,<rdkit.Chem.rdchem.Mol object at 0x735c7907f140>,False
CHEMBL4213756,CDK6,7.26,nM,COCCN1CCc2nc(Nc3ncc(F)c(-c4cc(F)c5nc(C)n(C(C)C)c5c4)n3)ccc2C1,8.139063379299905,True,<rdkit.Chem.rdchem.Mol object at 0x735c7907f220>,False
CHEMBL5994315,CDK2,7.34,nM,Cc1nc2c(F)cc(-c3nc(Nc4ccc5c(n4)CCN(CC(=O)O)C5)ncc3F)cc2n1C(C)C,8.13430394008393,True,<rdkit.Chem.rdchem.Mol object at 0x735c7907f290>,False
CHEMBL5800538,CDK2,7.34,nM,Cc1nc2c(F)cc(-c3nc(Nc4ccc5c(n4)CCN(C(=O)O)C5)ncc3F)cc2n1C(C)C,8.13430394008393,True,<rdkit.Chem.rdchem.Mol object at 0x735c7907f370>,False
CHEMBL4208172,CDK4,7.4,nM,CCN1CCN(Cc2ccc(Nc3ncc(F)c(-c4cc(F)c5nc6n(c5c4)C(C)(C)CC6)n3)nc2)CC1,8.130768280269024,True,<rdkit.Chem.rdchem.Mol object at 0x735c7907ccf0>,False
CHEMBL3702147,CDK4,7.4,nM,O=C(Cc1ccc(Nc2ncc3c4ccncc4n(C4CCCC4)c3n2)nc1)N1CCNCC1,8.130768280269024,True,<rdkit.Chem.rdchem.Mol object at 0x735c7907cd60>,False
CHEMBL2158853,CDK1,7.4,nM,CCN(CC)c1cc(-c2ccnc(Nc3cccc(S(N)(=O)=O)c3)n2)ccn1,8.130768280269024,True,<rdkit.Chem.rdchem.Mol object at 0x735c7907cf20>,False
CHEMBL5781074,CDK6,7.43,nM,Cc1nc2c(F)cc(-c3nc(Nc4ccc5c(n4)CCNC5)ncc3F)cc2n1C1CCC1,8.129011186239424,True,<rdkit.Chem.rdchem.Mol object at 0x735c7907dd90>,False
CHEMBL5830076,CDK9,7.47,nM,Cc1nc2c(F)cc(-c3nc(Nc4ccc5c(n4)CCN(C(=O)CCN(C)C)C5)ncc3F)cc2n1C(C)(C)C,8.126679398184601,True,<rdkit.Chem.rdchem.Mol object at 0x735c7907e8f0>,False
CHEMBL5912073,CDK4,7.5,nM,CC(C)N1CCOc2c(F)cc(-c3nc(Nc4ccc(N5CCC(CO)CC5)cn4)ncc3F)cc21,8.1249387366083,True,<rdkit.Chem.rdchem.Mol object at 0x735c7907f840>,False
CHEMBL5996998,CDK6,7.5,nM,CC(C)N1CCOc2c(F)cc(-c3nc(Nc4ccc(C(=O)N5CCOCC5)c(F)c4)ncc3F)cc21,8.1249387366083,True,<rdkit.Chem.rdchem.Mol object at 0x735c7907fbc0>,False
CHEMBL3698651,CDK4,7.5,nM,Fc1ccc(-n2c3cnccc3c3cnc(Nc4ccc(N5CCNCC5)cn4)nc32)cc1,8.1249387366083,True,<rdkit.Chem.rdchem.Mol object at 0x735c7907fed0>,False
CHEMBL6004729,CDK6,7.5,nM,COCCN1CCN(Cc2cnc(-c3cc(F)c4c(c3)N(C(C)C)CCO4)c(F)c2)CC1,8.1249387366083,True,<rdkit.Chem.rdchem.Mol object at 0x735c7907c350>,False
CHEMBL3691659,CDK4,7.5,nM,CN(C)C(=O)c1cc2cnc(Nc3ccc(N4CC5CCC(CC4=O)N5)cn3)nc2n1C1CCCC1,8.1249387366083,True,<rdkit.Chem.rdchem.Mol object at 0x735c79080c80>,False
CHEMBL5877196,CDK6,7.5,nM,CC(C)N1CCOc2c(F)cc(-c3nc(Nc4ccn(C5=CCNCC5)c(=O)c4)ncc3F)cc21,8.1249387366083,True,<rdkit.Chem.rdchem.Mol object at 0x735c79081e70>,False
CHEMBL5883845,CDK6,7.5,nM,Cc1nc2c(F)cc(-c3nc(Nc4ccc5c(n4)CCN(C(=O)CN(C)C)C5)ncc3F)cc2n1C1CCC1,8.1249387366083,True,<rdkit.Chem.rdchem.Mol object at 0x735c79083610>,False
CHEMBL5765752,CDK6,7.5,nM,Cc1nc2c(F)cc(-c3nc(Nc4ccc5c(n4)CCN(C(=O)CCN(C)C)C5)ncc3F)cc2n1C1CCC1,8.1249387366083,True,<rdkit.Chem.rdchem.Mol object at 0x735c79083680>,False
CHEMBL5844694,CDK9,7.52,nM,Cc1nc2c(F)cc(-c3nc(Nc4ccc5c(n4)CCN(C(=O)CCO)C5)ncc3F)cc2n1C(C)C,8.123782159408357,True,<rdkit.Chem.rdchem.Mol object at 0x735c79080040>,False
CHEMBL6060984,CDK6,7.57,nM,COCC(=O)N1CCc2nc(Nc3ncc(F)c(-c4cc(F)c5nc(C)n(C(C)C)c5c4)n3)ccc2C1,8.120904120499928,True,<rdkit.Chem.rdchem.Mol object at 0x735c790811c0>,False
CHEMBL4213219,CDK6,7.58,nM,Cc1nc2c(F)cc(-c3nc(Nc4ccc5c(n4)CCN(C(=O)CO)C5)ncc3F)cc2n1C(C)C,8.120330794367947,True,<rdkit.Chem.rdchem.Mol object at 0x735c79081c40>,False
CHEMBL3698719,CDK4,7.6,nM,N[C@H]1CCN(c2cnc(Nc3ncc4c5ccncc5n(C5CCCC5)c4n3)cn2)C1,8.119186407719209,True,<rdkit.Chem.rdchem.Mol object at 0x735c790827a0>,False
CHEMBL6152017,CDK9,7.7,nM,Clc1cnc2[nH]c(C3CCNCC3)cc2c1-c1cnn(CC2CC2)c1,8.113509274827518,True,<rdkit.Chem.rdchem.Mol object at 0x735c790828f0>,False
CHEMBL210540,CDK6,7.8,nM,Cc1cc(-c2cnc(Nc3cnc(CN4CCN(C)CC4)cn3)s2)nc(OC2CCCCC2)n1,8.10790539730952,True,<rdkit.Chem.rdchem.Mol object at 0x735c79083ed0>,False
CHEMBL495751,CDK4,8.0,nM,CCN(CC)CCNC(=O)c1cccc(Nc2nccc(-c3cnn4ncccc34)n2)c1,8.096910013008056,True,<rdkit.Chem.rdchem.Mol object at 0x735c790834c0>,False
CHEMBL3668473,CDK9,8.0,nM,Fc1cccc(CNc2ccc(Cl)c(-c3ccnc4[nH]c(C5CCCNC5)cc34)n2)c1,8.096910013008056,True,<rdkit.Chem.rdchem.Mol object at 0x735c790807b0>,False
CHEMBL488085,CDK2,8.0,nM,Cc1ncc(-c2ccnc(Nc3ccc(C(=O)N(C)C)cc3)n2)n1C(C)C,8.096910013008056,True,<rdkit.Chem.rdchem.Mol object at 0x735c79082810>,False
CHEMBL3673539,CDK9,8.0,nM,CS(=O)(=O)N1CC=C(c2cc3c(-c4cncc(OCc5cccc(F)c5)n4)ccnc3[nH]2)CC1,8.096910013008056,True,<rdkit.Chem.rdchem.Mol object at 0x735c79082960>,False
CHEMBL3648074,CDK2,8.0,nM,C[C@@H](Nc1nc(Nc2ccc(S(=N)(=O)C3CC3)cc2)ncc1Br)C(C)(C)O,8.096910013008056,True,<rdkit.Chem.rdchem.Mol object at 0x735c790838b0>,False
CHEMBL3978185,CDK9,8.0,nM,CS(=N)(=O)Cc1cccc(Nc2ncc(F)c(-c3cccc4c3OCCC4)n2)c1,8.096910013008056,True,<rdkit.Chem.rdchem.Mol object at 0x735c79084120>,False
CHEMBL3648082,CDK2,8.0,nM,COc1cc(Nc2ncc(Br)c(O[C@H](C)[C@H](C)O)n2)ccc1S(C)(=N)=O,8.096910013008056,True,<rdkit.Chem.rdchem.Mol object at 0x735c79084350>,False
CHEMBL3668461,CDK9,8.0,nM,CN1CCC(c2cc3c(-c4cc(NCc5ccc(S(C)(=O)=O)cc5)ccc4F)ccnc3[nH]2)CC1,8.096910013008056,True,<rdkit.Chem.rdchem.Mol object at 0x735c790845f0>,False
CHEMBL3691647,CDK4,8.0,nM,CN(C)C(=O)c1cc2cnc(Nc3ccc(N4C[C@]5(CCCNC5)OC4=O)cn3)nc2n1C1CCCC1,8.096910013008056,True,<rdkit.Chem.rdchem.Mol object at 0x735c79084660>,False
CHEMBL3691654,CDK4,8.0,nM,CN(C)C(=O)c1cc2cnc(Nc3ccc(N4CCN5CCCC5C4)cn3)nc2n1C1CCCC1,8.096910013008056,True,<rdkit.Chem.rdchem.Mol object at 0x735c79084b30>,False
CHEMBL478828,CDK2,8.0,nM,COc1ccc(Nc2nccc(-c3cnc(C)n3C(C)C)n2)cc1,8.096910013008056,True,<rdkit.Chem.rdchem.Mol object at 0x735c79086650>,False
CHEMBL3644034,CDK2,8.0,nM,C[C@@H](Oc1nc(Nc2ccc(S(C)(=O)=O)cc2)ncc1C(F)(F)F)C(C)(C)O,8.096910013008056,True,<rdkit.Chem.rdchem.Mol object at 0x735c790870d0>,False
CHEMBL3644032,CDK1,8.0,nM,C[C@@H](O)[C@@H](C)Oc1nc(Nc2ccc(S(=O)(=O)C3CC3)cc2)ncc1C(F)(F)F,8.096910013008056,True,<rdkit.Chem.rdchem.Mol object at 0x735c79087760>,False
CHEMBL3691568,CDK4,8.0,nM,CN(C)C(=O)c1cc2cnc(Nc3ccc(C(=O)N4CCC[C@@H]5CCN[C@@H]5C4)cn3)nc2n1C1CCCC1,8.096910013008056,True,<rdkit.Chem.rdchem.Mol object at 0x735c79087bc0>,False
CHEMBL3702123,CDK6,8.0,nM,O=C(c1ccc(Nc2ncc3c4ccncc4n(C4CCCC4)c3n2)nc1)N1CCNCC1,8.096910013008056,True,<rdkit.Chem.rdchem.Mol object at 0x735c79084190>,False
CHEMBL3702198,CDK6,8.0,nM,CN1CCN(c2ccc(Nc3ncc4c5ccccc5n(C5CCCC5)c4n3)nc2)CC1,8.096910013008056,True,<rdkit.Chem.rdchem.Mol object at 0x735c79084200>,False
CHEMBL5935280,CDK9,8.0,nM,CC(=O)N[C@H]1CCC[C@@H](C(=O)Nc2cc(-c3cnn4c3CC(C)(C)C4)c(F)cn2)C1,8.096910013008056,True,<rdkit.Chem.rdchem.Mol object at 0x735c79084740>,False
CHEMBL3648102,CDK2,8.0,nM,CC(O)C(C)Sc1nc(Nc2ccc(S(C)(=N)=O)cc2)ncc1Br,8.096910013008056,True,<rdkit.Chem.rdchem.Mol object at 0x735c79084890>,False
CHEMBL388978,CDK1,8.0,nM,CN[C@@H]1C[C@H]2O[C@@](C)([C@@H]1OC)n1c3ccccc3c3c4c(c5c6ccccc6n2c5c31)C(=O)NC4,8.096910013008056,True,<rdkit.Chem.rdchem.Mol object at 0x735c79084ba0>,False
CHEMBL3642030,CDK6,8.0,nM,C[C@@H](CO)NC1CCN(c2ccc(Nc3ncc4c5ccncc5n(C5CCCC5)c4n3)nc2)CC1,8.096910013008056,True,<rdkit.Chem.rdchem.Mol object at 0x735c79085930>,False
CHEMBL5204473,CDK9,8.0,nM,CC(C)n1nc(-c2ccnc3[nH]c(C4CCN(CC(=O)N(C)C)CC4)cc23)ccc1=O,8.096910013008056,True,<rdkit.Chem.rdchem.Mol object at 0x735c79085c40>,False
CHEMBL5207533,CDK6,8.0,nM,C[C@H]1CC[C@@H](n2c3cnccc3c3cnc(Nc4ccc5c(n4)CCN(C(=O)CO)C5)nc32)CC1,8.096910013008056,True,<rdkit.Chem.rdchem.Mol object at 0x735c79085ee0>,False
CHEMBL3648128,CDK2,8.0,nM,CC(C)(O)CSc1nc(Nc2ccc(S(C)(=N)=O)cc2)ncc1Br,8.096910013008056,True,<rdkit.Chem.rdchem.Mol object at 0x735c79086ab0>,False
CHEMBL5197170,CDK9,8.0,nM,CC(C)n1cc(-c2ccnc3[nH]c(C4CCN(CC(=O)N5CCCCC5)CC4)cc23)ccc1=O,8.096910013008056,True,<rdkit.Chem.rdchem.Mol object at 0x735c79086b20>,False
CHEMBL3648123,CDK1,8.0,nM,CCS(=N)(=O)c1ccc(Nc2ncc(Br)c(N[C@H](C)C(C)(C)O)n2)cc1,8.096910013008056,True,<rdkit.Chem.rdchem.Mol object at 0x735c79086d50>,False
CHEMBL1230607,CDK2,8.0,nM,CC(C)CC(=O)Nc1n[nH]c2c1CN(C(=O)C1CCN(C)CC1)C2(C)C,8.096910013008056,True,<rdkit.Chem.rdchem.Mol object at 0x735c79086e30>,False
CHEMBL359554,CDK2,8.0,nM,c1ccc(Nc2nccc(-c3cnn4ncccc34)n2)cc1,8.096910013008056,True,<rdkit.Chem.rdchem.Mol object at 0x735c79087290>,False
CHEMBL367150,CDK2,8.0,nM,CN(C)S(=O)(=O)c1ccc(Nc2cc(N[C@H]3CC[C@H](N)CC3)nc3c(Cl)cnn23)cc1,8.096910013008056,True,<rdkit.Chem.rdchem.Mol object at 0x735c79087840>,False
CHEMBL3642034,CDK4,8.0,nM,CN(C)CCN(C)C1CCN(c2ccc(Nc3ncc4c5ccncc5n(C5CCCC5)c4n3)nn2)CC1,8.096910013008056,True,<rdkit.Chem.rdchem.Mol object at 0x735c79084c80>,False
CHEMBL3642036,CDK4,8.0,nM,OC[C@@H](O)CNC1CCN(c2ccc(Nc3ncc4c5ccncc5n(C5CCCC5)c4n3)nn2)CC1,8.096910013008056,True,<rdkit.Chem.rdchem.Mol object at 0x735c790861f0>,False
CHEMBL3639469,CDK1,8.0,nM,Cc1cc(Nc2ncc(Br)c(N[C@H](C)C(C)(C)O)n2)ccc1S(C)(=N)=O,8.096910013008056,True,<rdkit.Chem.rdchem.Mol object at 0x735c79087d80>,False
CHEMBL3691601,CDK4,8.0,nM,CSCC[C@@H](N)C(=O)N1C2CCC1CN(C(=O)c1ccc(Nc3ncc4cc(C(=O)N(C)C)n(C5CCCC5)c4n3)nc1)C2,8.096910013008056,True,<rdkit.Chem.rdchem.Mol object at 0x735c79089000>,False
CHEMBL5974817,CDK6,8.0,nM,CC(C)N1CCOc2c(F)cc(-c3nc(Nc4ccc(N5CCNCC5)cc4F)ncc3F)cc21,8.096910013008056,True,<rdkit.Chem.rdchem.Mol object at 0x735c790890e0>,False
CHEMBL3702208,CDK6,8.0,nM,NC1CCN(c2ccc(Nc3ncc4c5ccccc5n(C5CCCC5)c4n3)nn2)CC1,8.096910013008056,True,<rdkit.Chem.rdchem.Mol object at 0x735c79089a10>,False
CHEMBL485240,CDK2,8.0,nM,CCCS(=O)(=O)c1ccc(Nc2nccc(-c3cnc(C)n3C(C)C)n2)cc1,8.096910013008056,True,<rdkit.Chem.rdchem.Mol object at 0x735c79089d90>,False
CHEMBL5789426,CDK6,8.0,nM,CC(C)N1CCOc2c(F)cc(-c3nc(Nc4ccc(S(=O)(=O)NCCN(C)C)cc4)ncc3F)cc21,8.096910013008056,True,<rdkit.Chem.rdchem.Mol object at 0x735c7908ac70>,False
CHEMBL3691670,CDK4,8.0,nM,CN(C)C(=O)c1cc2cnc(Nc3ccc(N4CC5CCC(CC4=O)N5)cn3)nc2n1C1CCC1,8.096910013008056,True,<rdkit.Chem.rdchem.Mol object at 0x735c7908ae30>,False
CHEMBL5976786,CDK9,8.0,nM,O=C(Nc1cc(-c2cnn3c2CCCC3)ccn1)[C@H]1C[C@@H](O)C1,8.096910013008056,True,<rdkit.Chem.rdchem.Mol object at 0x735c7908b290>,False
CHEMBL3906489,CDK9,8.0,nM,CCOC(=O)N=S(C)(=O)Cc1cccc(Nc2ncc(F)c(-c3ccc(F)cc3OC)n2)c1,8.096910013008056,True,<rdkit.Chem.rdchem.Mol object at 0x735c79088120>,False
CHEMBL5592751,CDK9,8.0,nM,N[C@H]1CCN(c2c3c(nc4ccc(-c5ccncc5)cc24)CCCC3)C1,8.096910013008056,True,<rdkit.Chem.rdchem.Mol object at 0x735c79089380>,False
CHEMBL3658050,CDK4,8.0,nM,CC(C)N1CCN(c2ccc(Nc3ncc4cc(C(=O)N(C)C)n(C5CCCC5)c4n3)nc2)CC1,8.096910013008056,True,<rdkit.Chem.rdchem.Mol object at 0x735c79089a80>,False
CHEMBL484571,CDK2,8.0,nM,CN(C)CCNS(=O)(=O)c1ccc(Nc2nccc(-c3cnc4cccnn34)n2)cc1,8.096910013008056,True,<rdkit.Chem.rdchem.Mol object at 0x735c79089af0>,False
CHEMBL3934755,CDK9,8.0,nM,CCOC(=O)N=S(C)(=O)Cc1cc(F)cc(Nc2ncc(F)c(-c3ccc(F)cc3OC)n2)c1,8.096910013008056,True,<rdkit.Chem.rdchem.Mol object at 0x735c7908a2d0>,False
CHEMBL372464,CDK1,8.0,nM,COc1ccc(Nc2nc(Nc3ccc4[nH]cnc4c3)ncc2C(F)(F)F)cc1,8.096910013008056,True,<rdkit.Chem.rdchem.Mol object at 0x735c7908b060>,False
CHEMBL6146482,CDK6,8.0,nM,CC(=O)N1CCC2(CC1)CC(=O)c1ccc(-c3nc(Nc4ccc(N5CCN(C6CC6)CC5)cn4)ncc3F)cc1O2,8.096910013008056,True,<rdkit.Chem.rdchem.Mol object at 0x735c7908b220>,False
CHEMBL334285,CDK2,8.0,nM,O=C(Nc1cccc2c1C(=O)c1c(-c3ccc(C(=O)N4CCNCC4)s3)n[nH]c1-2)NN1CCOCC1,8.096910013008056,True,<rdkit.Chem.rdchem.Mol object at 0x735c7908b370>,False
CHEMBL3698650,CDK6,8.0,nM,c1ccc(-n2c3cnccc3c3cnc(Nc4ccc(N5CCNCC5)cn4)nc32)cc1,8.096910013008056,True,<rdkit.Chem.rdchem.Mol object at 0x735c7908b8b0>,False
CHEMBL3698656,CDK4,8.1,nM,c1cc2c3cnc(Nc4ccc(N5CCNCC5)cn4)nc3n(C3CCOCC3)c2cn1,8.09151498112135,True,<rdkit.Chem.rdchem.Mol object at 0x735c7908bae0>,False
CHEMBL5900599,CDK4,8.12,nM,CCn1c(C)nc2c(F)cc(-c3nc(Nc4ccc5c(n4)CCNC5)ncc3F)cc21,8.090443970758825,True,<rdkit.Chem.rdchem.Mol object at 0x735c7908bdf0>,False
CHEMBL5833493,CDK6,8.12,nM,Cc1nc2c(F)cc(-c3nc(Nc4ccc5c(n4)CCN(C(=O)CC(C)(C)O)C5)ncc3F)cc2n1C(C)C,8.090443970758825,True,<rdkit.Chem.rdchem.Mol object at 0x735c7908a8f0>,False
CHEMBL3702117,CDK6,8.2,nM,OC1CCN(Cc2ccc(Nc3ncc4c5ccncc5n(C5CCCC5)c4n3)nc2)CC1,8.086186147616283,True,<rdkit.Chem.rdchem.Mol object at 0x735c790880b0>,False
CHEMBL3698670,CDK4,8.2,nM,c1cnc2c(c1)c1cnc(Nc3ccc(N4CCNCC4)cn3)nc1n2C1CCCC1,8.086186147616283,True,<rdkit.Chem.rdchem.Mol object at 0x735c79088200>,False
CHEMBL4206061,CDK9,8.21,nM,Cc1nc2c(F)cc(-c3nc(Nc4ccc5c(n4)CCN(C(=O)CN4CCN(C)CC4)C5)ncc3F)cc2n1C(C)C,8.085656842880558,True,<rdkit.Chem.rdchem.Mol object at 0x735c790882e0>,False
CHEMBL3698737,CDK4,8.4,nM,c1cc2c3cnc(Nc4ccc(N5CCCCC5)nn4)nc3n(C3CCCC3)c2cn1,8.075720713938118,True,<rdkit.Chem.rdchem.Mol object at 0x735c79088510>,False
CHEMBL5938059,CDK9,8.42,nM,Cc1nc2c(F)cc(-c3nc(Nc4ccc5c(n4)CCN(CCN)C5)ncc3F)cc2n1C(C)(C)C,8.074687908500351,True,<rdkit.Chem.rdchem.Mol object at 0x735c7908c970>,False
CHEMBL6047483,CDK6,8.47,nM,Cc1nc2c(O)cc(-c3nc(Nc4ccc5c(n4)CCN(C(=O)CN(C)C)C5)ncc3F)cc2n1C1CC1,8.072116589669292,True,<rdkit.Chem.rdchem.Mol object at 0x735c7908e9d0>,False
CHEMBL3702072,CDK4,8.5,nM,O[C@H]1CCN(Cc2csc(Nc3ncc4c5ccncc5n(C5CCCC5)c4n3)n2)C1,8.070581074285707,True,<rdkit.Chem.rdchem.Mol object at 0x735c7908ea40>,False
CHEMBL249500,CDK1,8.5,nM,c1ccc2c(-c3cnc4[nH]nc(-c5nc6cc(N7CCOCC7)ccc6[nH]5)c4c3)cncc2c1,8.070581074285707,True,<rdkit.Chem.rdchem.Mol object at 0x735c7908f920>,False
CHEMBL5899619,CDK4,8.5,nM,CCN1CCN(C(=O)c2ccc(Nc3ncc(F)c(-c4cc(F)c5c(c4)N(C(C)C)CCO5)n3)cc2F)CC1,8.070581074285707,True,<rdkit.Chem.rdchem.Mol object at 0x735c7908c580>,False
CHEMBL5763679,CDK9,8.51,nM,Cc1nc2c(F)cc(-c3nc(Nc4ccc5c(n4)CCN(C(=O)CN4CCOCC4)C5)ncc3F)cc2n1C(C)C,8.070070439915412,True,<rdkit.Chem.rdchem.Mol object at 0x735c7908cb30>,False
CHEMBL3702089,CDK4,8.6,nM,Cn1c(=O)ccc2c3cnc(Nc4ccc(N5CCNCC5)cn4)nc3n(C3CCCC3)c21,8.065501548756432,True,<rdkit.Chem.rdchem.Mol object at 0x735c7908d5b0>,False
CHEMBL3684990,CDK4,8.6,nM,C[C@H]1CC[C@H](n2c3cnccc3c3cnc(Nc4ccc5c(n4)CNCC5)nc32)CC1,8.065501548756432,True,<rdkit.Chem.rdchem.Mol object at 0x735c7908d930>,False
CHEMBL3702030,CDK4,8.7,nM,O=c1[nH]ccc2c3cnc(Nc4ccc(N5CCNCC5)nn4)nc3n(C3CCCC3)c12,8.060480747381382,True,<rdkit.Chem.rdchem.Mol object at 0x735c7908e260>,False
CHEMBL5537078,CDK9,8.7,nM,CC(C)c1cnn2c(NCc3ccc(NC(=O)C4CCOCC4)cc3)nc(NC3CCOCC3)nc12,8.060480747381382,True,<rdkit.Chem.rdchem.Mol object at 0x735c7908e490>,False
CHEMBL3702207,CDK6,8.8,nM,c1ccc2c(c1)c1cnc(Nc3ccc(N4CCNCC4)nn3)nc1n2C1CCCC1,8.05551732784983,True,<rdkit.Chem.rdchem.Mol object at 0x735c7908e650>,False
CHEMBL3698722,CDK4,8.8,nM,c1cc2c3cnc(Nc4ccc(N[C@H]5CCNC5)nn4)nc3n(C3CCCC3)c2cn1,8.05551732784983,True,<rdkit.Chem.rdchem.Mol object at 0x735c7908eb20>,False
CHEMBL5858807,CDK6,8.8,nM,CC(C)N1CCOc2c(F)cc(-c3nc(Nc4cnn(C5CCNCC5)c4)ncc3F)cc21,8.05551732784983,True,<rdkit.Chem.rdchem.Mol object at 0x735c7908f990>,False
CHEMBL4208875,CDK4,8.8,nM,CCN1CCC(Oc2cnc(Nc3cc(-c4cc(F)c5nc(C)n(C(C)C)c5c4)ncn3)cn2)CC1,8.05551732784983,True,<rdkit.Chem.rdchem.Mol object at 0x735c7908d2a0>,False
CHEMBL3698731,CDK6,8.8,nM,NCC1CCN(c2ccc(Nc3ncc4c5ccncc5n(C5CCCC5)c4n3)nn2)CC1,8.05551732784983,True,<rdkit.Chem.rdchem.Mol object at 0x735c7908fbc0>,False
CHEMBL5765370,CDK6,8.8,nM,CC(C)N1CCOc2c(F)cc(-c3nc(Nc4ccc(N5CCOCC5)cn4)ncc3F)cc21,8.05551732784983,True,<rdkit.Chem.rdchem.Mol object at 0x735c7908c510>,False
CHEMBL5817708,CDK6,8.84,nM,CC1(C)CCc2nc3c(F)cc(-c4nc(Nc5ccc(CN6CCN(C(=O)CO)CC6)cn5)ncc4F)cc3n21,8.053547734986926,True,<rdkit.Chem.rdchem.Mol object at 0x735c790902e0>,False
CHEMBL2158844,CDK2,8.9,nM,Clc1cccc(Nc2nccc(-c3ccnc(N4CCOCC4)c3)n2)c1,8.050609993355087,True,<rdkit.Chem.rdchem.Mol object at 0x735c79093f40>,False
CHEMBL3698668,CDK6,8.9,nM,CC1(n2c3cnccc3c3cnc(Nc4ccc(N5CCNCC5)cn4)nc32)CCC1,8.050609993355087,True,<rdkit.Chem.rdchem.Mol object at 0x735c790904a0>,False
CHEMBL3934257,CDK9,9.0,nM,COc1cc(F)ccc1-c1nc(Nc2cc(F)cc(CS(=N)(=O)C3CC3)c2)ncc1F,8.045757490560675,True,<rdkit.Chem.rdchem.Mol object at 0x735c79090c80>,False
CHEMBL5875602,CDK9,9.0,nM,Cc1cnc(NC(=O)[C@H]2CCC[C@@H](NC(=O)C3COC3)C2)cc1-c1cnn2c1CC(C)(C)C2,8.045757490560675,True,<rdkit.Chem.rdchem.Mol object at 0x735c790912a0>,False
CHEMBL3298418,CDK2,9.0,nM,Cc1cc(Nc2ncc3c(n2)CN(C(=O)N[C@H](C)c2ccc(Cl)c(Cl)c2)CC3)ccn1,8.045757490560675,True,<rdkit.Chem.rdchem.Mol object at 0x735c79091460>,False
CHEMBL3691644,CDK4,9.0,nM,CN(C)C(=O)c1cc2cnc(Nc3ccc(N4CC5(CCCNC5)OC4=O)cn3)nc2n1C1CCCC1,8.045757490560675,True,<rdkit.Chem.rdchem.Mol object at 0x735c790914d0>,False
CHEMBL490480,CDK2,9.0,nM,Cc1cc(CC(=O)Nc2cc(C3CC3)[nH]n2)ccc1-c1ccccc1,8.045757490560675,True,<rdkit.Chem.rdchem.Mol object at 0x735c790915b0>,False
CHEMBL254979,CDK2,9.0,nM,O=C(Cc1ccc2ccccc2c1)Nc1n[nH]c2ccc(N3CCCS3(=O)=O)cc12,8.045757490560675,True,<rdkit.Chem.rdchem.Mol object at 0x735c79091770>,False
CHEMBL258721,CDK9,9.0,nM,CC(C)c1nn(-c2c(Cl)cccc2Cl)c2nc(Cc3ccc(OCCO)cc3)[nH]c(=O)c12,8.045757490560675,True,<rdkit.Chem.rdchem.Mol object at 0x735c79091f50>,False
CHEMBL3648084,CDK2,9.0,nM,CCOC(=O)N=S(C)(=O)c1ccc(Nc2ncc(Br)c(N[C@H](C)C(C)(C)O)n2)cc1,8.045757490560675,True,<rdkit.Chem.rdchem.Mol object at 0x735c79092420>,False
CHEMBL291324,CDK2,9.0,nM,Nc1nc(N)c(N=O)c(=O)[nH]1,8.045757490560675,True,<rdkit.Chem.rdchem.Mol object at 0x735c79092ce0>,False
CHEMBL3927078,CDK9,9.0,nM,CS(=N)(=O)Cc1cccc(Nc2ncc(F)c(-c3ccc(F)cc3OCc3ccccc3)n2)c1,8.045757490560675,True,<rdkit.Chem.rdchem.Mol object at 0x735c790931b0>,False
CHEMBL3691554,CDK4,9.0,nM,CN(C)C(=O)c1cc2cnc(Nc3ccc(C(=O)N4C[C@H]5CN[C@H](C5)C4)cn3)nc2n1C1CCCC1,8.045757490560675,True,<rdkit.Chem.rdchem.Mol object at 0x735c79093bc0>,False
CHEMBL3691664,CDK4,9.0,nM,CN(C)C(=O)c1cc2cnc(Nc3ccc(N4CC5CCC(CC4=O)N5)cn3)nc2n1-c1ccccc1,8.045757490560675,True,<rdkit.Chem.rdchem.Mol object at 0x735c790919a0>,False
CHEMBL255718,CDK2,9.0,nM,O=C(Cc1ccc(O)cc1)Nc1n[nH]c2ccc(N3CCCS3(=O)=O)cc12,8.045757490560675,True,<rdkit.Chem.rdchem.Mol object at 0x735c79092ff0>,False
CHEMBL372465,CDK1,9.0,nM,Brc1cnc(Nc2ccc3[nH]cnc3c2)nc1Nc1ccc2c(c1)OCO2,8.045757490560675,True,<rdkit.Chem.rdchem.Mol object at 0x735c790935a0>,False
CHEMBL5949131,CDK4,9.0,nM,CC(C)N1CCOc2c(F)cc(-c3nc(Nc4cccc(S(N)(=O)=O)c4)ncc3F)cc21,8.045757490560675,True,<rdkit.Chem.rdchem.Mol object at 0x735c790945f0>,False
CHEMBL3691666,CDK4,9.0,nM,CN(C)C(=O)c1cc2cnc(Nc3ccc(N4C[C@H]5CC[C@@H](CC4=O)N5)cn3)nc2n1-c1ccccc1,8.045757490560675,True,<rdkit.Chem.rdchem.Mol object at 0x735c790959a0>,False
CHEMBL3673538,CDK9,9.0,nM,O=C(CO)N1CC=C(c2cc3c(-c4cncc(NCc5cccc(F)c5)n4)ccnc3[nH]2)CC1,8.045757490560675,True,<rdkit.Chem.rdchem.Mol object at 0x735c790974c0>,False
CHEMBL3673530,CDK9,9.0,nM,Fc1cccc(CNc2cncc(-c3ccnc4[nH]c(C5=CCNCC5)cc34)n2)c1,8.045757490560675,True,<rdkit.Chem.rdchem.Mol object at 0x735c79097df0>,False
CHEMBL3673507,CDK9,9.0,nM,Fc1ccc(CNc2cncc(-c3ccnc4[nH]c(C5CCNCC5)cc34)n2)cc1F,8.045757490560675,True,<rdkit.Chem.rdchem.Mol object at 0x735c79094120>,False
CHEMBL370728,CDK1,9.0,nM,Clc1cccc(Nc2ncc(Br)c(Nc3ccc4[nH]cnc4c3)n2)c1,8.045757490560675,True,<rdkit.Chem.rdchem.Mol object at 0x735c79094270>,False
CHEMBL508739,CDK2,9.0,nM,Cc1cc(Nc2ncc(F)c(-c3cnc(C)n3C(C)C)n2)ccc1C(=O)N(C)C,8.045757490560675,True,<rdkit.Chem.rdchem.Mol object at 0x735c79094510>,False
CHEMBL400906,CDK1,9.0,nM,CNCc1cncc(-c2cnc3[nH]nc(-c4nc5cc(OC(F)(F)F)ccc5[nH]4)c3c2)c1,8.045757490560675,True,<rdkit.Chem.rdchem.Mol object at 0x735c790946d0>,False
CHEMBL496785,CDK2,9.0,nM,CC(C)(C)c1cnc(CSc2cnc(NC3CCCCC3)s2)o1,8.045757490560675,True,<rdkit.Chem.rdchem.Mol object at 0x735c790953f0>,False
CHEMBL3642011,CDK6,9.0,nM,OC1CCN(C2CCN(c3ccc(Nc4ncc5c6ccncc6n(C6CCCC6)c5n4)nn3)CC2)CC1,8.045757490560675,True,<rdkit.Chem.rdchem.Mol object at 0x735c790955b0>,False
CHEMBL3673494,CDK9,9.0,nM,NC1CCCC(c2cc3c(-c4cccc(NCc5cccc(F)c5)n4)ccnc3[nH]2)C1,8.045757490560675,True,<rdkit.Chem.rdchem.Mol object at 0x735c790957e0>,False
CHEMBL3648121,CDK2,9.0,nM,CCS(=N)(=O)c1ccc(Nc2ncc(Br)c(N[C@@H](COC)[C@H](C)O)n2)cc1,8.045757490560675,True,<rdkit.Chem.rdchem.Mol object at 0x735c79095f50>,False
CHEMBL3648120,CDK2,9.0,nM,CCS(=N)(=O)c1ccc(Nc2ncc(Br)c(N[C@H](COC)[C@@H](C)O)n2)cc1,8.045757490560675,True,<rdkit.Chem.rdchem.Mol object at 0x735c79095fc0>,False
CHEMBL5173041,CDK9,9.0,nM,COc1cc(C(=O)N2CCCC2)ccc1-c1ccnc2[nH]c(-c3ccc(CN4CCOCC4)cc3)nc12,8.045757490560675,True,<rdkit.Chem.rdchem.Mol object at 0x735c79096730>,False
CHEMBL3644034,CDK1,9.0,nM,C[C@@H](Oc1nc(Nc2ccc(S(C)(=O)=O)cc2)ncc1C(F)(F)F)C(C)(C)O,8.045757490560675,True,<rdkit.Chem.rdchem.Mol object at 0x735c79096ce0>,False
CHEMBL4282338,CDK2,9.0,nM,C[C@@H](O)[C@@H](C)Oc1nc(Nc2ccc([S@](=N)(=O)C3CC3)cc2)ncc1C(F)(F)F,8.045757490560675,True,<rdkit.Chem.rdchem.Mol object at 0x735c790977d0>,False
CHEMBL3648125,CDK1,9.0,nM,Cc1cc(Nc2ncc(Br)c(N[C@@H](C)C(C)(C)O)n2)ccc1S(C)(=N)=O,8.045757490560675,True,<rdkit.Chem.rdchem.Mol object at 0x735c79094cf0>,False
CHEMBL3775792,CDK2,9.0,nM,CC(C)c1n[nH]c2c(NCc3ccc(-c4ccccn4)cc3)nc(NCC(C)(C)O)nc12,8.045757490560675,True,<rdkit.Chem.rdchem.Mol object at 0x735c79095930>,False
CHEMBL3972796,CDK9,9.0,nM,CCOC(=O)N=S(C)(=O)Cc1cccc(Nc2ncc(F)c(-c3cccc4c3OCC4)n2)c1,8.045757490560675,True,<rdkit.Chem.rdchem.Mol object at 0x735c79094350>,False
CHEMBL5817923,CDK4,9.0,nM,Fc1cnc(Nc2ccc(N3CCCNCC3)cn2)nc1-c1cc(F)c2c(c1)N(C1CCCC1)CCO2,8.045757490560675,True,<rdkit.Chem.rdchem.Mol object at 0x735c790968f0>,False
CHEMBL5287128,CDK2,9.0,nM,C[C@@H](O)[C@@H](C)Nc1nc(Nc2ccc([S@](=N)(=O)C3CC3)cc2)ncc1C(F)(F)F,8.045757490560675,True,<rdkit.Chem.rdchem.Mol object at 0x735c79096f80>,False
CHEMBL6017486,CDK4,9.0,nM,CC(C)N1CCOc2c(F)cc(-c3nc(Nc4ccc(S(=O)(=O)NC5CCNCC5)cc4)ncc3F)cc21,8.045757490560675,True,<rdkit.Chem.rdchem.Mol object at 0x735c790991c0>,False
CHEMBL460087,CDK1,9.0,nM,CN[C@H]1CCN(C(=O)c2ccc(Nc3nccc(-c4cnc(C)n4C(C)C)n3)cc2)C1,8.045757490560675,True,<rdkit.Chem.rdchem.Mol object at 0x735c790992a0>,False
CHEMBL5961536,CDK4,9.0,nM,CC(C)N1CCOc2c(F)cc(-c3nc(Nc4ccc(C5CCN(C)CC5)c(F)c4)ncc3F)cc21,8.045757490560675,True,<rdkit.Chem.rdchem.Mol object at 0x735c79099fc0>,False
CHEMBL455467,CDK2,9.0,nM,Cc1ncc(-c2ccnc(Nc3ccc(C(=O)N4CCN(C)CC4)cc3)n2)n1C(C)C,8.045757490560675,True,<rdkit.Chem.rdchem.Mol object at 0x735c7909a570>,False
CHEMBL4442620,CDK2,9.0,nM,C[C@@H](O)[C@@H](C)Oc1nc(Nc2ccc(S(=N)(=O)C3CC3)cc2)ncc1C(F)(F)F,8.045757490560675,True,<rdkit.Chem.rdchem.Mol object at 0x735c7909b0d0>,False
CHEMBL103104,CDK2,9.1,nM,NS(=O)(=O)c1ccc(Nc2cc(-c3cccc(O)c3)n[nH]2)cc1,8.040958607678906,True,<rdkit.Chem.rdchem.Mol object at 0x735c7909bc30>,False
CHEMBL5908734,CDK6,9.17,nM,Cc1nc2c(F)cc(-c3nc(Nc4ccc5c(n4)CCN(CCO)C5)ncc3F)cc2n1C(C)C,8.03763066432998,True,<rdkit.Chem.rdchem.Mol object at 0x735c7909bf40>,False
CHEMBL4213219,CDK9,9.18,nM,Cc1nc2c(F)cc(-c3nc(Nc4ccc5c(n4)CCN(C(=O)CO)C5)ncc3F)cc2n1C(C)C,8.037157318798757,True,<rdkit.Chem.rdchem.Mol object at 0x735c79098190>,False
CHEMBL3698712,CDK4,9.2,nM,C[C@H]1CN(c2cnc(Nc3ncc4c5ccncc5n(C5CCCC5)c4n3)cn2)CCN1,8.036212172654444,True,<rdkit.Chem.rdchem.Mol object at 0x735c79098430>,False
CHEMBL3698724,CDK6,9.2,nM,O=S1(=O)CCN(c2ccc(Nc3ncc4c5ccncc5n(C5CCCC5)c4n3)nn2)CC1,8.036212172654444,True,<rdkit.Chem.rdchem.Mol object at 0x735c79098510>,False
CHEMBL210540,CDK4,9.2,nM,Cc1cc(-c2cnc(Nc3cnc(CN4CCN(C)CC4)cn3)s2)nc(OC2CCCCC2)n1,8.036212172654444,True,<rdkit.Chem.rdchem.Mol object at 0x735c79098dd0>,False
CHEMBL5836990,CDK9,9.21,nM,Cc1nc2c(F)cc(-c3nc(Nc4ccc5c(n4)CCNC5)ncc3F)cc2n1C(C)C,8.03574036980315,True,<rdkit.Chem.rdchem.Mol object at 0x735c79098f20>,False
CHEMBL3702166,CDK4,9.3,nM,Oc1cc(-c2ccc(Nc3ncc4c5ccncc5n(C5CCCC5)c4n3)nn2)ccn1,8.031517051446064,True,<rdkit.Chem.rdchem.Mol object at 0x735c79099f50>,False
CHEMBL5813966,CDK4,9.46,nM,CCN1CCN(Cc2ccc(Nc3ncc(F)c(-c4cc(F)c5nn6c(c5c4)CCC6)n3)nc2)CC1,8.024108863598208,True,<rdkit.Chem.rdchem.Mol object at 0x735c7909aab0>,False
CHEMBL3691655,CDK4,9.5,nM,CN(C)C(=O)c1cc2cnc(Nc3ccc(N4CC5(CC4=O)CC4CCC(C5)N4)cn3)nc2n1C1CCCC1,8.022276394711152,True,<rdkit.Chem.rdchem.Mol object at 0x735c7909b5a0>,False
CHEMBL319467,CDK1,9.5,nM,NS(=O)(=O)c1ccc(Nc2nc(OCC3CCCCC3)c3nc[nH]c3n2)cc1,8.022276394711152,True,<rdkit.Chem.rdchem.Mol object at 0x735c79098270>,False
CHEMBL5806403,CDK6,9.5,nM,CC(C)N1CCOc2c(F)cc(-c3nc(Nc4ccc(N5CCN(CCO)CC5)cn4)ncc3F)cc21,8.022276394711152,True,<rdkit.Chem.rdchem.Mol object at 0x735c79098eb0>,False
CHEMBL3698696,CDK4,9.6,nM,O=S1(=O)CCC(Nc2ccc(Nc3ncc4c5ccncc5n(C5CCCC5)c4n3)nc2)C1,8.017728766960431,True,<rdkit.Chem.rdchem.Mol object at 0x735c7909ac00>,False
CHEMBL6146765,CDK9,9.6,nM,COCC(C)N1CCC(c2cc3c(-c4cnn(CC5CC5)c4)c(Cl)cnc3[nH]2)CC1,8.017728766960431,True,<rdkit.Chem.rdchem.Mol object at 0x735c7909aea0>,False
CHEMBL3702223,CDK4,9.6,nM,CC[C@@H](C)n1c2cnccc2c2cnc(Nc3ccc(N4CCNCC4)nn3)nc21,8.017728766960431,True,<rdkit.Chem.rdchem.Mol object at 0x735c7909e340>,False
CHEMBL3698648,CDK4,9.6,nM,CN(C)C1CCN(c2ccc(Nc3ncc4c5ccncc5n(C5CCCC5)c4n3)nc2)CC1,8.017728766960431,True,<rdkit.Chem.rdchem.Mol object at 0x735c7909e5e0>,False
CHEMBL3642028,CDK4,9.7,nM,CCN(CCO)C1CCN(c2ccc(Nc3ncc4c5ccncc5n(C5CCCC5)c4n3)nc2)CC1,8.013228265733755,True,<rdkit.Chem.rdchem.Mol object at 0x735c7909c740>,False
CHEMBL4207451,CDK4,9.7,nM,CC1(C)CCc2nc3c(F)cc(-c4nc(Nc5ccc(CN6CCN(C7CC7)CC6)cn5)ncc4F)cc3n21,8.013228265733755,True,<rdkit.Chem.rdchem.Mol object at 0x735c7909c970>,False
CHEMBL3702113,CDK4,9.8,nM,CN(C)C1CCN(c2ccc(Nc3ncc4c5ccnc(O)c5n(C5CCC(C)(C)CC5)c4n3)nn2)CC1,8.008773924307505,True,<rdkit.Chem.rdchem.Mol object at 0x735c7909cb30>,False
CHEMBL3702119,CDK6,9.8,nM,CCOC(=O)CN1CCN(c2ccc(Nc3ncc4c5ccncc5n(C5CCCC5)c4n3)nn2)CC1,8.008773924307505,True,<rdkit.Chem.rdchem.Mol object at 0x735c7909d150>,False
CHEMBL5922296,CDK6,9.85,nM,CS(=O)(=O)c1cc2cnc(Nc3ccc(C4CCNCC4)cn3)nc2n1C1CCCC1,8.006563769502389,True,<rdkit.Chem.rdchem.Mol object at 0x735c7909d1c0>,False
CHEMBL5532236,CDK9,9.99,nM,CCC(=O)Nc1ccc(CNc2nc(O[C@@H]3CCCNC3)nc3c(C(C)C)cnn23)cc1,8.000434511774017,True,<rdkit.Chem.rdchem.Mol object at 0x735c7909d690>,False
CHEMBL3698744,CDK6,10.0,nM,NC1CCN(c2ccc(Nc3ncc4c5ccncc5n(C5CCCC5)c4n3)nn2)CC1,8.0,True,<rdkit.Chem.rdchem.Mol object at 0x735c7909da80>,False
CHEMBL178785,CDK2,10.0,nM,CN(C)S(=O)(=O)c1ccc(Nc2cc(N[C@H]3CC[C@H](N)CC3)nc3c(Br)cnn23)cc1,8.0,True,<rdkit.Chem.rdchem.Mol object at 0x735c7909e030>,False
CHEMBL3298678,CDK2,10.0,nM,O=C(N[C@H](CO)c1ccc(Cl)c(F)c1)N1CCc2cnc(NC3CCOCC3)nc2C1,8.0,True,<rdkit.Chem.rdchem.Mol object at 0x735c7909e0a0>,False
CHEMBL5207813,CDK9,10.0,nM,CN(C)C(=O)CN1CCC(c2cc3c(-c4ccc(=O)n(C)c4)ccnc3[nH]2)CC1,8.0,True,<rdkit.Chem.rdchem.Mol object at 0x735c7909e960>,False
CHEMBL3698652,CDK4,10.0,nM,COc1ccc(-n2c3cnccc3c3cnc(Nc4ccc(N5CCNCC5)cn4)nc32)cc1,8.0,True,<rdkit.Chem.rdchem.Mol object at 0x735c7909f450>,False
CHEMBL3698647,CDK6,10.0,nM,NC1CCN(c2ccc(Nc3ncc4c5ccncc5n(C5CCCC5)c4n3)nc2)CC1,8.0,True,<rdkit.Chem.rdchem.Mol object at 0x735c7909fdf0>,False
CHEMBL3663778,CDK9,10.0,nM,Fc1cncc(CNc2ccc(Cl)c(-c3ccnc4[nH]c(C5CCNCC5)cc34)n2)c1,8.0,True,<rdkit.Chem.rdchem.Mol object at 0x735c7909ff40>,False
CHEMBL189934,CDK2,10.0,nM,CCOC(=O)c1c(C)c2cnc(Nc3ccc(N4CCNCC4)cn3)nc2n(C2CCCC2)c1=O,8.0,True,<rdkit.Chem.rdchem.Mol object at 0x735c7909ef10>,False
CHEMBL3698638,CDK6,10.0,nM,CN1CCN(c2ccc(Nc3ncc4c5ccncc5n(C5CCCC5)c4n3)nc2)CC1,8.0,True,<rdkit.Chem.rdchem.Mol object at 0x735c7909c6d0>,False
CHEMBL4173631,CDK2,10.0,nM,Cn1cc(-c2ccc(S(=O)(=O)N3CCC(Nc4ccc(C#N)cn4)CC3)cc2)cn1,8.0,True,<rdkit.Chem.rdchem.Mol object at 0x735c7909de70>,False
CHEMBL3668361,CDK9,10.0,nM,COc1ccc(F)cc1-c1ccnc2[nH]c(C3=CCNCC3)cc12,8.0,True,<rdkit.Chem.rdchem.Mol object at 0x735c790a03c0>,False
CHEMBL402157,CDK2,10.0,nM,O=C(Cc1ccc(Cl)cc1)Nc1n[nH]c2ccc(N3CCCS3(=O)=O)cc12,8.0,True,<rdkit.Chem.rdchem.Mol object at 0x735c790a19a0>,False
CHEMBL445813,CDK9,10.0,nM,O=C(NC1CCNCC1)c1n[nH]cc1NC(=O)c1c(Cl)cccc1Cl,8.0,True,<rdkit.Chem.rdchem.Mol object at 0x735c790a2c00>,False
CHEMBL3354187,CDK2,10.0,nM,COC1CCN(c2nccc(Nc3cc4c(cn3)cc(-c3cn[nH]c3)n4C(C)C)n2)CC1,8.0,True,<rdkit.Chem.rdchem.Mol object at 0x735c790a2f80>,False
CHEMBL4752748,CDK9,10.0,nM,CC(=O)N[C@@H]1CCC[C@H](C(=O)Nc2cc(-c3cnn4c3CC(C)(C)CC4)c(F)cn2)C1,8.0,True,<rdkit.Chem.rdchem.Mol object at 0x735c790a3060>,False
CHEMBL193519,CDK1,10.0,nM,FC(F)(F)c1cnc(Nc2ccc3[nH]cnc3c2)nc1Nc1ccc2[nH]cnc2c1,8.0,True,<rdkit.Chem.rdchem.Mol object at 0x735c790a0040>,False
CHEMBL3698655,CDK6,10.0,nM,O[C@H]1CCN(c2ccc(Nc3ncc4c5ccncc5n(C5CCCC5)c4n3)nn2)C1,8.0,True,<rdkit.Chem.rdchem.Mol object at 0x735c790a0120>,False
CHEMBL3702244,CDK6,10.0,nM,C[C@H]1CN(c2ccc(Nc3ncc4c5ccncc5n(C5CCC5)c4n3)nc2)CCN1,8.0,True,<rdkit.Chem.rdchem.Mol object at 0x735c790a06d0>,False
CHEMBL189963,CDK2,10.0,nM,CC(=O)c1c(C)c2cnc(Nc3ccc(N4CCNCC4)cn3)nc2n(C2CCCC2)c1=O,8.0,True,<rdkit.Chem.rdchem.Mol object at 0x735c790a0c10>,False
CHEMBL1171948,CDK2,10.0,nM,NC(=O)Cn1nc(C(N)=O)c2c1-c1nc(Nc3ccccc3)ncc1CC2,8.0,True,<rdkit.Chem.rdchem.Mol object at 0x735c790a0f90>,False
CHEMBL3673435,CDK9,10.0,nM,COc1cc(F)ccc1-c1ccnc(NC(=O)C2CCC(NC(C)=O)C2)c1,8.0,True,<rdkit.Chem.rdchem.Mol object at 0x735c790a13f0>,False
CHEMBL3642004,CDK4,10.0,nM,OC1CN(C2CCN(c3ccc(Nc4ncc5c6ccncc6n(C6CCCC6)c5n4)nn3)CC2)C1,8.0,True,<rdkit.Chem.rdchem.Mol object at 0x735c790a1460>,False
CHEMBL3691604,CDK4,10.0,nM,CC(C)[C@@H](N)C(=O)N1C2CCC1CN(C(=O)c1ccc(Nc3ncc4cc(C(=O)N(C)C)n(C5CCCC5)c4n3)nc1)C2,8.0,True,<rdkit.Chem.rdchem.Mol object at 0x735c790a1690>,False
CHEMBL255262,CDK2,10.0,nM,O=C(Cc1cccc(F)c1)Nc1n[nH]c2ccc(N3CCCS3(=O)=O)cc12,8.0,True,<rdkit.Chem.rdchem.Mol object at 0x735c790a1f50>,False
CHEMBL3642650,CDK2,10.0,nM,Clc1ccccc1-c1cc(NCc2ccncc2)n2ncc(Br)c2n1,8.0,True,<rdkit.Chem.rdchem.Mol object at 0x735c790a2490>,False
CHEMBL5857638,CDK6,10.0,nM,Fc1cnc(Nc2ccc3c(n2)CCNC3)nc1-c1cc(F)c2c(c1)N(C1CCCC1)CCO2,8.0,True,<rdkit.Chem.rdchem.Mol object at 0x735c790a2500>,False
CHEMBL4802161,CDK6,10.0,nM,CC(=O)c1c(C)c2cnc(Nc3ccc(C4CCNCC4)cn3)nc2n(C2CCCC2)c1=O,8.0,True,<rdkit.Chem.rdchem.Mol object at 0x735c790a2960>,False
CHEMBL4217694,CDK4,10.0,nM,CCC1CCc2nc3c(F)cc(-c4nc(Nc5ccc(CN6CCN(C)CC6)cn5)ncc4F)cc3n21,8.0,True,<rdkit.Chem.rdchem.Mol object at 0x735c790a2ab0>,False
CHEMBL2012409,CDK1,10.0,nM,Cn1cc(Nc2ncc3cnn([C@@H]4C[C@H]5C[C@H]5C4)c3n2)cc1C(=O)N1CCC[C@H]1CO,8.0,True,<rdkit.Chem.rdchem.Mol object at 0x735c790a2b90>,False
CHEMBL5876164,CDK4,10.0,nM,CC(C)N1CCOc2c(F)cc(-c3nc(Nc4ccc(C5CCNCC5)c(F)c4)ncc3F)cc21,8.0,True,<rdkit.Chem.rdchem.Mol object at 0x735c790a2dc0>,False
CHEMBL3648073,CDK2,10.0,nM,C[C@H](O)[C@@H](C)Oc1nc(Nc2ccc(S(C)(=N)=O)cc2)ncc1Br,8.0,True,<rdkit.Chem.rdchem.Mol object at 0x735c790a2f10>,False
CHEMBL3648072,CDK1,10.0,nM,C[C@@H](Nc1nc(Nc2ccc(S(C)(=N)=O)cc2)ncc1Br)C(C)(C)O,8.0,True,<rdkit.Chem.rdchem.Mol object at 0x735c790a3ae0>,False
CHEMBL3642035,CDK6,10.0,nM,CN(C)CCNC1CCN(c2ccc(Nc3ncc4c5ccncc5n(C5CCCC5)c4n3)nn2)CC1,8.0,True,<rdkit.Chem.rdchem.Mol object at 0x735c790a3d10>,False
CHEMBL3673544,CDK9,10.0,nM,CNC(=O)N1CCC(c2cc3c(-c4nc(NCc5cccc(F)c5)c(F)cc4F)ccnc3[nH]2)CC1,8.0,True,<rdkit.Chem.rdchem.Mol object at 0x735c790a2c70>,False
CHEMBL415789,CDK2,10.0,nM,CSc1ccc(CC(=O)Nc2n[nH]c3ccc(N4CCCS4(=O)=O)cc23)cc1,8.0,True,<rdkit.Chem.rdchem.Mol object at 0x735c790a0eb0>,False
CHEMBL5758578,CDK6,10.0,nM,CC(C)N1CCOc2c(F)cc(-c3nc(Nc4ccc(C(=O)N5CCC(O)CC5)c(F)c4)ncc3F)cc21,8.0,True,<rdkit.Chem.rdchem.Mol object at 0x735c790a1d90>,False
CHEMBL5779625,CDK9,10.0,nM,CC1(C)Cc2c(-c3cc(NC(=O)[C@H]4CCC[C@@H](N)C4)ncc3F)cnn2C1,8.0,True,<rdkit.Chem.rdchem.Mol object at 0x735c790a44a0>,False
CHEMBL3702109,CDK4,10.0,nM,COc1nccc2c3cnc(Nc4ccc(N5CCNCC5)cn4)nc3n(C3CCC(C)(C)CC3)c12,8.0,True,<rdkit.Chem.rdchem.Mol object at 0x735c790a47b0>,False
CHEMBL5822252,CDK6,10.0,nM,CN1CCC(c2ccc(Nc3ncc(F)c(-c4cc(F)c5c(c4)N(C)CCO5)n3)cc2F)CC1,8.0,True,<rdkit.Chem.rdchem.Mol object at 0x735c790a4c10>,False
CHEMBL3545110,CDK4,10.0,nM,CN(C)C(=O)c1cc2cnc(Nc3ccc(N4CCNCC4)cn3)nc2n1C1CCCC1,8.0,True,<rdkit.Chem.rdchem.Mol object at 0x735c790a4e40>,False
CHEMBL5177440,CDK9,10.0,nM,CNC(=O)CN1CCC(c2cc3c(-c4ccc(=O)n(C(C)C)c4)ccnc3[nH]2)CC1,8.0,True,<rdkit.Chem.rdchem.Mol object at 0x735c790a5150>,False
CHEMBL3673504,CDK9,10.0,nM,Fc1cccc(CNc2cncc(-c3ccnc4[nH]c(C5CCNCC5)cc34)n2)c1,8.0,True,<rdkit.Chem.rdchem.Mol object at 0x735c790a51c0>,False
CHEMBL3673512,CDK9,10.0,nM,CN1CCC(c2cc3c(-c4cncc(NCc5ccccc5)n4)ccnc3[nH]2)CC1,8.0,True,<rdkit.Chem.rdchem.Mol object at 0x735c790a6ff0>,False
CHEMBL3702118,CDK4,10.0,nM,OC1CCCN(Cc2ccc(Nc3ncc4c5ccncc5n(C5CCCC5)c4n3)nc2)C1,8.0,True,<rdkit.Chem.rdchem.Mol object at 0x735c790a4200>,False
CHEMBL3642006,CDK4,10.0,nM,O[C@H]1CCN(C2CCN(c3ccc(Nc4ncc5c6ccncc6n(C6CCCC6)c5n4)nn3)CC2)C1,8.0,True,<rdkit.Chem.rdchem.Mol object at 0x735c790a43c0>,False
CHEMBL3694399,CDK9,10.0,nM,COc1ccccc1-c1cc(N(C)C(=O)[C@@H]2CCCNC2)ncn1,8.0,True,<rdkit.Chem.rdchem.Mol object at 0x735c790a4430>,False
CHEMBL319903,CDK2,10.0,nM,NS(=O)(=O)c1ccc(Nc2cc(-c3ccc(Br)cc3)[nH]n2)cc1,8.0,True,<rdkit.Chem.rdchem.Mol object at 0x735c790a4a50>,False
CHEMBL403605,CDK2,10.0,nM,Cc1cccc(CC(=O)Nc2n[nH]c3ccc(N4CCCS4(=O)=O)cc23)c1,8.0,True,<rdkit.Chem.rdchem.Mol object at 0x735c790a5310>,False
CHEMBL4294976,CDK9,10.0,nM,CCOc1ccccc1CNc1nc(C)nc2[nH]cc(-c3ccnc(N)c3)c12,8.0,True,<rdkit.Chem.rdchem.Mol object at 0x735c790a5a80>,False
CHEMBL404504,CDK2,10.0,nM,O=C(Cc1cccc(Cl)c1)Nc1n[nH]c2ccc(N3CCCS3(=O)=O)cc12,8.0,True,<rdkit.Chem.rdchem.Mol object at 0x735c790a5b60>,False
CHEMBL2012408,CDK1,10.0,nM,Cn1cc(Nc2ncc3cnn([C@@H]4C[C@H]5C[C@H]5C4)c3n2)cc1C(=O)N1CCC[C@H]1C(N)=O,8.0,True,<rdkit.Chem.rdchem.Mol object at 0x735c790a5e70>,False
CHEMBL5886747,CDK2,10.3,nM,Cc1nc2c(F)cc(-c3nc(Nc4ccc5c(n4)CCNC5)ncc3F)cc2n1C1(C)CC1,7.987162775294828,True,<rdkit.Chem.rdchem.Mol object at 0x735c790a6490>,False
CHEMBL6161225,CDK9,10.3,nM,CC(C)N1CCC(c2cc3c(-c4cnn(CC5CC5)c4)c(Cl)cnc3[nH]2)CC1,7.987162775294828,True,<rdkit.Chem.rdchem.Mol object at 0x735c790a6650>,False
CHEMBL5774332,CDK2,10.3,nM,Cc1nc2c(F)cc(-c3nc(Nc4ccc5c(n4)CCN(C[C@@H]4CN(C)CCO4)C5)ncc3F)cc2n1C(C)(C)C,7.987162775294828,True,<rdkit.Chem.rdchem.Mol object at 0x735c790a67a0>,False
CHEMBL5905735,CDK6,10.4,nM,Cc1nc2c(F)cc(-c3nc(Nc4ccc5c(n4)CCN(C(C)C)C5)ncc3F)cc2n1C(C)C,7.982966660701219,True,<rdkit.Chem.rdchem.Mol object at 0x735c790a6a40>,False
CHEMBL6002674,CDK9,10.5,nM,CNCCN1CCc2nc(Nc3ncc(F)c(-c4cc(F)c5nc(C)n(C(C)(C)C)c5c4)n3)ccc2C1,7.978810700930062,True,<rdkit.Chem.rdchem.Mol object at 0x735c790a7140>,False
CHEMBL3684978,CDK4,10.5,nM,COCCN1CCc2nc(Nc3ncc4c5ccncc5n([C@H]5CC[C@H](C)CC5)c4n3)ccc2C1,7.978810700930062,True,<rdkit.Chem.rdchem.Mol object at 0x735c790a7680>,False
CHEMBL5784667,CDK9,10.5,nM,Cc1nc2c(F)cc(-c3nc(Nc4ccc5c(n4)CCN(C(=O)C(C)N(C)C)C5)ncc3F)cc2n1C(C)C,7.978810700930062,True,<rdkit.Chem.rdchem.Mol object at 0x735c790a7990>,False
CHEMBL6141840,CDK9,10.6,nM,COCCN1CCC(c2cc3c(-c4cnn(CC5CC5)c4)c(Cl)cnc3[nH]2)CC1,7.97469413473523,True,<rdkit.Chem.rdchem.Mol object at 0x735c790a6b20>,False
CHEMBL5759958,CDK6,10.6,nM,Cc1nc2c(F)cc(-c3nc(Nc4ccc5c(n4)CCN(C(=O)CN(C)C)C5)ncc3F)cc2n1C1CCCC1,7.97469413473523,True,<rdkit.Chem.rdchem.Mol object at 0x735c790a6f10>,False
CHEMBL421578,CDK2,10.7,nM,CS(=O)(=O)Nc1cccc(-c2cc(Nc3ccc(S(N)(=O)=O)cc3)[nH]n2)c1,7.97061622231479,True,<rdkit.Chem.rdchem.Mol object at 0x735c790a6f80>,False
CHEMBL319103,CDK2,10.7,nM,NS(=O)(=O)c1ccc(Nc2cc(-c3cccc(NS(=O)(=O)c4ccccc4)c3)[nH]n2)cc1,7.97061622231479,True,<rdkit.Chem.rdchem.Mol object at 0x735c790a89e0>,False
CHEMBL5908734,CDK9,10.8,nM,Cc1nc2c(F)cc(-c3nc(Nc4ccc5c(n4)CCN(CCO)C5)ncc3F)cc2n1C(C)C,7.966576244513051,True,<rdkit.Chem.rdchem.Mol object at 0x735c790aa110>,False
CHEMBL3298982,CDK2,11.0,nM,O=C(N[C@H](CO)c1ccc(Cl)c(Cl)c1)N1CCc2cnc(NC3CCOCC3)nc2C1,7.958607314841775,True,<rdkit.Chem.rdchem.Mol object at 0x735c790a8200>,False
CHEMBL3237451,CDK4,11.0,nM,c1cc2c3cnc(Nc4ccc(N5CCNCC5)cn4)nc3n(C3CCCCC3)c2cn1,7.958607314841775,True,<rdkit.Chem.rdchem.Mol object at 0x735c790a8580>,False
CHEMBL3702225,CDK4,11.0,nM,CC[C@@H](C)n1c2cnccc2c2cnc(Nc3ccc(N4CCC(NC)CC4)cn3)nc21,7.958607314841775,True,<rdkit.Chem.rdchem.Mol object at 0x735c790a86d0>,False
CHEMBL3940387,CDK9,11.0,nM,CC(C)c1c2cc(-c3ccnc(N[C@H]4CC[C@H](NC5CCOCC5)CC4)n3)ccc2nn1C,7.958607314841775,True,<rdkit.Chem.rdchem.Mol object at 0x735c790a8970>,False
CHEMBL6167833,CDK6,11.0,nM,CC(=O)N1CCC2(CC1)CC(=O)c1ccc(-c3nc(Nc4ccc(N5CCN(C(=O)C6CC6)CC5)cn4)ncc3F)cc1O2,7.958607314841775,True,<rdkit.Chem.rdchem.Mol object at 0x735c790a9620>,False
CHEMBL3642000,CDK6,11.0,nM,C[C@H](CO)NC1CCN(c2ccc(Nc3ncc4c5ccncc5n(C5CCCC5)c4n3)nn2)CC1,7.958607314841775,True,<rdkit.Chem.rdchem.Mol object at 0x735c790a9c40>,False
CHEMBL3641937,CDK4,11.0,nM,C[C@@H](CO)n1c2cnccc2c2cnc(Nc3ccc(N4CCNC(C)(C)C4)nn3)nc21,7.958607314841775,True,<rdkit.Chem.rdchem.Mol object at 0x735c790a9ee0>,False
CHEMBL3698679,CDK4,11.0,nM,OCC1(n2c3cnccc3c3cnc(Nc4ccc(N5CCNCC5)cn4)nc32)CCCC1,7.958607314841775,True,<rdkit.Chem.rdchem.Mol object at 0x735c790aa730>,False
CHEMBL3702074,CDK4,11.0,nM,FC(F)(F)C1CN(c2ccc(Nc3ncc4c5ccncc5n(C5CCCC5)c4n3)nc2)CCN1,7.958607314841775,True,<rdkit.Chem.rdchem.Mol object at 0x735c790aa810>,False
CHEMBL3702058,CDK4,11.0,nM,c1cc2c3cnc(Nc4ccc(N5CCN(C6CC6)CC5)cn4)nc3n(C3CCCC3)c2cn1,7.958607314841775,True,<rdkit.Chem.rdchem.Mol object at 0x735c790aaea0>,False
CHEMBL3673509,CDK9,11.0,nM,O=C(CO)N1CCC(c2cc3c(-c4cncc(NCc5cccc(F)c5)n4)ccnc3[nH]2)CC1,7.958607314841775,True,<rdkit.Chem.rdchem.Mol object at 0x735c790ab0d0>,False
CHEMBL484738,CDK2,11.0,nM,Cc1ncc(-c2ccnc(Nc3ccc(S(N)(=O)=O)cc3)n2)n1C,7.958607314841775,True,<rdkit.Chem.rdchem.Mol object at 0x735c790ab300>,False
CHEMBL5811976,CDK9,11.0,nM,Cc1nc2c(F)cc(-c3nc(Nc4ccc5c(n4)CCN(C[C@@H]4CNCCO4)C5)ncc3F)cc2n1C(C)(C)C,7.958607314841775,True,<rdkit.Chem.rdchem.Mol object at 0x735c790ab3e0>,False
CHEMBL3642010,CDK6,11.0,nM,CCN(CCO)C1CCN(c2ccc(Nc3ncc4c5ccncc5n(C5CCCC5)c4n3)nn2)CC1,7.958607314841775,True,<rdkit.Chem.rdchem.Mol object at 0x735c790aba70>,False
CHEMBL3702121,CDK6,11.0,nM,CCOC(=O)CN1CCN(Cc2ccc(Nc3ncc4c5ccncc5n(C5CCCC5)c4n3)nc2)CC1,7.958607314841775,True,<rdkit.Chem.rdchem.Mol object at 0x735c790abdf0>,False
CHEMBL3698708,CDK6,11.0,nM,CNC1CCN(c2ccc(Nc3ncc4c5ccncc5n(C5CCCC5)c4n3)nn2)CC1,7.958607314841775,True,<rdkit.Chem.rdchem.Mol object at 0x735c790aa340>,False
CHEMBL3642647,CDK2,11.0,nM,Fc1ccccc1-c1cc(NCc2cccnc2)n2ncc(Br)c2n1,7.958607314841775,True,<rdkit.Chem.rdchem.Mol object at 0x735c790ab140>,False
CHEMBL3648122,CDK1,11.0,nM,CCS(=N)(=O)c1ccc(Nc2ncc(Br)c(N[C@@H](C)[C@H](C)O)n2)cc1,7.958607314841775,True,<rdkit.Chem.rdchem.Mol object at 0x735c790ab530>,False
CHEMBL5853767,CDK9,11.0,nM,Cc1nc2c(F)cc(-c3nc(Nc4ccc5c(n4)CCN(C[C@@H]4CNCCO4)C5)ncc3F)cc2n1C(C)C,7.958607314841775,True,<rdkit.Chem.rdchem.Mol object at 0x735c790a8040>,False
CHEMBL3648118,CDK1,11.0,nM,COC[C@@H](Nc1nc(Nc2ccc(S(C)(=N)=O)cc2)ncc1Br)[C@@H](C)O,7.958607314841775,True,<rdkit.Chem.rdchem.Mol object at 0x735c790a9690>,False
CHEMBL3648104,CDK2,11.0,nM,CC(Sc1nc(Nc2ccc(S(C)(=N)=O)cc2)ncc1Br)C(C)(C)O,7.958607314841775,True,<rdkit.Chem.rdchem.Mol object at 0x735c790a9f50>,False
CHEMBL6048798,CDK6,11.0,nM,CC(C)N1CCOc2c(F)cc(-c3nc(Nc4ccc(N5CCNCC5)c(F)c4F)ncc3F)cc21,7.958607314841775,True,<rdkit.Chem.rdchem.Mol object at 0x735c790aa2d0>,False
CHEMBL3702146,CDK4,11.0,nM,O=C(Cc1ccc(Nc2ncc3c4ccncc4n(C4CCCC4)c3n2)nc1)N1CCOCC1,7.958607314841775,True,<rdkit.Chem.rdchem.Mol object at 0x735c790aa490>,False
CHEMBL424722,CDK4,11.0,nM,O=c1c2cccc3c2sn1CCCCCCOc1cccc2nc(O)c-3nc12,7.958607314841775,True,<rdkit.Chem.rdchem.Mol object at 0x735c790aaf80>,False
CHEMBL5198372,CDK9,11.0,nM,CSCCn1cc(-c2ccnc3[nH]c(C4CCN(CC(=O)N(C)C)CC4)cc23)ccc1=O,7.958607314841775,True,<rdkit.Chem.rdchem.Mol object at 0x735c790ac580>,False
CHEMBL563308,CDK1,11.0,nM,CC(C)COc1ccc2sc3c(c2c1)NC[C@@H](C)NC3=O,7.958607314841775,True,<rdkit.Chem.rdchem.Mol object at 0x735c790af990>,False
CHEMBL189963,CDK4,11.0,nM,CC(=O)c1c(C)c2cnc(Nc3ccc(N4CCNCC4)cn3)nc2n(C2CCCC2)c1=O,7.958607314841775,True,<rdkit.Chem.rdchem.Mol object at 0x735c790ac190>,False
CHEMBL3702224,CDK4,11.0,nM,CC[C@@H](C)n1c2cnccc2c2cnc(Nc3ccc(N4CCNC(C)(C)C4)nn3)nc21,7.958607314841775,True,<rdkit.Chem.rdchem.Mol object at 0x735c790ac3c0>,False
CHEMBL3702208,CDK4,11.0,nM,NC1CCN(c2ccc(Nc3ncc4c5ccccc5n(C5CCCC5)c4n3)nn2)CC1,7.958607314841775,True,<rdkit.Chem.rdchem.Mol object at 0x735c790ac5f0>,False
CHEMBL3663759,CDK9,11.0,nM,COc1ccc(F)cc1-c1ccnc2[nH]c(C3CCNCC3)cc12,7.958607314841775,True,<rdkit.Chem.rdchem.Mol object at 0x735c790ada80>,False
CHEMBL3702209,CDK4,11.0,nM,CN(C)C1CCN(c2ccc(Nc3ncc4c5ccccc5n(C5CCCC5)c4n3)nc2)CC1,7.958607314841775,True,<rdkit.Chem.rdchem.Mol object at 0x735c790add20>,False
CHEMBL3702220,CDK6,11.0,nM,CC[C@@H](C)n1c2cnccc2c2cnc(Nc3ccc(N4CCNCC4)cn3)nc21,7.958607314841775,True,<rdkit.Chem.rdchem.Mol object at 0x735c790adee0>,False
CHEMBL3702221,CDK6,11.0,nM,CC[C@@H](C)n1c2cnccc2c2cnc(Nc3ccc(N4CCN[C@@H](C)C4)cn3)nc21,7.958607314841775,True,<rdkit.Chem.rdchem.Mol object at 0x735c790ae260>,False
CHEMBL453895,CDK2,11.0,nM,Cc1ncc(-c2ccnc(Nc3ccc(C(=O)NC4CCN(C)CC4)c(F)c3)n2)n1C(C)C,7.958607314841775,True,<rdkit.Chem.rdchem.Mol object at 0x735c790aef10>,False
CHEMBL3702045,CDK4,11.0,nM,CCN1CCN(c2ccc(Nc3ncc4c5ccncc5n(C5CCCC5)c4n3)nn2)CC1,7.958607314841775,True,<rdkit.Chem.rdchem.Mol object at 0x735c790af0d0>,False
CHEMBL3668476,CDK9,11.0,nM,Fc1ccc(NCc2ccccc2)cc1-c1ccnc2[nH]c(C3CCCNC3)cc12,7.958607314841775,True,<rdkit.Chem.rdchem.Mol object at 0x735c790af1b0>,False
CHEMBL181114,CDK2,11.0,nM,N[C@H]1CC[C@H](Nc2cc(Nc3ccc(S(=O)(=O)c4cccs4)cc3)n3ncc(Cl)c3n2)CC1,7.958607314841775,True,<rdkit.Chem.rdchem.Mol object at 0x735c790af6f0>,False
CHEMBL3698739,CDK6,11.0,nM,N[C@@H]1CCN(c2ccc(Nc3ncc4c5ccncc5n(C5CCCC5)c4n3)nn2)C1,7.958607314841775,True,<rdkit.Chem.rdchem.Mol object at 0x735c790afbc0>,False
CHEMBL3702207,CDK4,11.0,nM,c1ccc2c(c1)c1cnc(Nc3ccc(N4CCNCC4)nn3)nc1n2C1CCCC1,7.958607314841775,True,<rdkit.Chem.rdchem.Mol object at 0x735c790afca0>,False
CHEMBL460102,CDK1,11.0,nM,Cc1ncc(-c2nc(Nc3ccc(C(=O)N4CC[C@H](N(C)C)C4)cc3)ncc2F)n1C(C)C,7.958607314841775,True,<rdkit.Chem.rdchem.Mol object at 0x735c790afed0>,False
CHEMBL460103,CDK1,11.0,nM,Cc1ncc(-c2nc(Nc3ccc(C(=O)N4CC[C@@H](N(C)C)C4)cc3)ncc2F)n1C(C)C,7.958607314841775,True,<rdkit.Chem.rdchem.Mol object at 0x735c790ac2e0>,False
CHEMBL4442620,CDK4,11.0,nM,C[C@@H](O)[C@@H](C)Oc1nc(Nc2ccc(S(=N)(=O)C3CC3)cc2)ncc1C(F)(F)F,7.958607314841775,True,<rdkit.Chem.rdchem.Mol object at 0x735c790ac510>,False
CHEMBL5207146,CDK9,11.0,nM,COc1cc(C(=O)N2CCCC2)ccc1-c1ccnc2[nH]c(C3CCN(C(C)=O)CC3)cc12,7.958607314841775,True,<rdkit.Chem.rdchem.Mol object at 0x735c790ac890>,False
CHEMBL3702182,CDK4,11.0,nM,CCN(CC)C1CCN(c2ccc(Nc3ncc4c5ccnnc5n(C5CCCC5)c4n3)nc2)CC1,7.958607314841775,True,<rdkit.Chem.rdchem.Mol object at 0x735c790aca50>,False
CHEMBL3702184,CDK4,11.0,nM,CCN(CC)C1CCN(c2ccc(Nc3ncc4c5ccnc(OC)c5n(C5CCCC5)c4n3)nn2)CC1,7.958607314841775,True,<rdkit.Chem.rdchem.Mol object at 0x735c790adf50>,False
CHEMBL3237446,CDK6,11.0,nM,O=c1[nH]ccc2c3cnc(Nc4ccc(N5CCNCC5)cn4)nc3n(C3CCCC3)c12,7.958607314841775,True,<rdkit.Chem.rdchem.Mol object at 0x735c790ae030>,False
CHEMBL3673523,CDK9,11.0,nM,OCC(O)CN1CCC(c2cc3c(-c4cncc(OCc5cccc(F)c5)n4)ccnc3[nH]2)CC1,7.958607314841775,True,<rdkit.Chem.rdchem.Mol object at 0x735c790aeff0>,False
CHEMBL3673547,CDK9,11.0,nM,CNC(=O)C1CC=C(c2cc3c(-c4cncc(NCc5ccccc5)n4)ccnc3[nH]2)CC1,7.958607314841775,True,<rdkit.Chem.rdchem.Mol object at 0x735c790af3e0>,False
CHEMBL3698669,CDK4,11.0,nM,c1cc2c3cnc(Nc4ccc(N5CCNCC5)cn4)nc3n(C3CCCCCC3)c2cn1,7.958607314841775,True,<rdkit.Chem.rdchem.Mol object at 0x735c79045540>,False
CHEMBL3648089,CDK2,11.0,nM,CCOC(=O)N=S(=O)(CC)c1ccc(Nc2ncc(Br)c(N[C@H](C)[C@H](C)O)n2)cc1,7.958607314841775,True,<rdkit.Chem.rdchem.Mol object at 0x735c790455b0>,False
CHEMBL3702170,CDK4,11.0,nM,c1cc2c3cnc(Nc4ccc(OC5CCNCC5)nn4)nc3n(C3CCCC3)c2cn1,7.958607314841775,True,<rdkit.Chem.rdchem.Mol object at 0x735c79045700>,False
CHEMBL6021151,CDK1,11.0,nM,CN1N=CC2(CCCCC2)n2c1cc1cnc(Nc3ccc(S(N)(=O)=O)cc3)nc12,7.958607314841775,True,<rdkit.Chem.rdchem.Mol object at 0x735c79045b60>,False
CHEMBL364935,CDK1,11.0,nM,FC(F)(F)c1cnc(Nc2ccc(Br)cc2)nc1Nc1ccc2[nH]cnc2c1,7.958607314841775,True,<rdkit.Chem.rdchem.Mol object at 0x735c79045bd0>,False
CHEMBL5761239,CDK6,11.1,nM,CS(=O)(=O)c1cc2cnc(Nc3ccc(C4=CCNCC4)cn3)nc2n1C1CCCC1,7.954677021213342,True,<rdkit.Chem.rdchem.Mol object at 0x735c79045e70>,False
CHEMBL3698732,CDK6,11.1,nM,OC1CCN(c2ccc(Nc3ncc4c5ccncc5n(C5CCCC5)c4n3)nn2)CC1,7.954677021213342,True,<rdkit.Chem.rdchem.Mol object at 0x735c790470d0>,False
CHEMBL4210707,CDK6,11.2,nM,CC1(C)CCc2nc3c(F)cc(-c4nc(Nc5ccc(CN6CCN(CCF)CC6)cn5)ncc4F)cc3n21,7.950781977329818,True,<rdkit.Chem.rdchem.Mol object at 0x735c79047220>,False
CHEMBL3698721,CDK6,11.2,nM,c1cc2c3cnc(Nc4ccc(N[C@@H]5CCNC5)nn4)nc3n(C3CCCC3)c2cn1,7.950781977329818,True,<rdkit.Chem.rdchem.Mol object at 0x735c790444a0>,False
CHEMBL5813772,CDK9,11.4,nM,Cc1nc2c(F)cc(-c3nc(Nc4ccc5c(n4)CCN(C)C5)ncc3F)cc2n1C(C)C,7.943095148663527,True,<rdkit.Chem.rdchem.Mol object at 0x735c790445f0>,False
CHEMBL3698640,CDK6,11.5,nM,C[C@@H]1CN(c2ccc(Nc3ncc4c5ccncc5n(C5CCCC5)c4n3)nn2)CCN1,7.939302159646388,True,<rdkit.Chem.rdchem.Mol object at 0x735c79044740>,False
CHEMBL5561839,CDK6,11.5,nM,CC(C)n1nnc2ccc(-c3ccnc(Nc4cc(C(=O)N5CCCC5)ccn4)c3)cc21,7.939302159646388,True,<rdkit.Chem.rdchem.Mol object at 0x735c79044c80>,False
CHEMBL3691610,CDK4,11.5,nM,CN(C)C(=O)c1cc2cnc(Nc3ccc(C(=O)N4CCC5CCC(C4)N5)cn3)nc2n1C1CCCC1,7.939302159646388,True,<rdkit.Chem.rdchem.Mol object at 0x735c79044eb0>,False
CHEMBL5416114,CDK2,11.58,nM,Cl.N[C@H]1CCN(c2c3c(nc4ccc(-c5ccnc(NC(=O)C6CC6)n5)cc24)CCCCC3)C1,7.936291440608582,True,<rdkit.Chem.rdchem.Mol object at 0x735c790451c0>,False
CHEMBL3702033,CDK4,12.0,nM,CC1CN(c2ccc(Nc3ncc4c5cc[nH]c(=O)c5n(C5CCCC5)c4n3)nn2)CC(C)N1,7.920818753952375,True,<rdkit.Chem.rdchem.Mol object at 0x735c79045690>,False
CHEMBL456963,CDK2,12.0,nM,O=C(NC1CCCCC1)c1n[nH]cc1NC(=O)c1c(F)cccc1F,7.920818753952375,True,<rdkit.Chem.rdchem.Mol object at 0x735c79047840>,False
CHEMBL3691548,CDK4,12.0,nM,CN(C)C(=O)c1cc2cnc(Nc3ccc(C(=O)N4CCC5(CC4)CNC5)cn3)nc2n1C1CCCCCC1,7.920818753952375,True,<rdkit.Chem.rdchem.Mol object at 0x735c79047bc0>,False
CHEMBL402157,CDK1,12.0,nM,O=C(Cc1ccc(Cl)cc1)Nc1n[nH]c2ccc(N3CCCS3(=O)=O)cc12,7.920818753952375,True,<rdkit.Chem.rdchem.Mol object at 0x735c79047d80>,False
CHEMBL3698738,CDK4,12.0,nM,N[C@H]1CCN(c2ccc(Nc3ncc4c5ccncc5n(C5CCCC5)c4n3)nn2)C1,7.920818753952375,True,<rdkit.Chem.rdchem.Mol object at 0x735c790463b0>,False
CHEMBL3668375,CDK9,12.0,nM,CN1CCC(c2cc3c(-c4cccc(NCc5c(F)cccc5F)n4)ccnc3[nH]2)CC1,7.920818753952375,True,<rdkit.Chem.rdchem.Mol object at 0x735c79045850>,False
CHEMBL6151897,CDK6,12.0,nM,CCOC(=O)C1CCN(c2ccc(Nc3ncc(F)c(-c4ccc5c(c4)OC4(CCN(C(C)=O)CC4)CC5=O)n3)nc2)CC1,7.920818753952375,True,<rdkit.Chem.rdchem.Mol object at 0x735c79045af0>,False
CHEMBL3691642,CDK4,12.0,nM,CN(C)C(=O)c1cc2cnc(Nc3ccc(N4C[C@@]5(CCCNCC5)OC4=O)cn3)nc2n1C1CCCC1,7.920818753952375,True,<rdkit.Chem.rdchem.Mol object at 0x735c79046180>,False
CHEMBL3691646,CDK4,12.0,nM,CN(C)C(=O)c1cc2cnc(Nc3ccc(N4C[C@@]5(CCCNC5)OC4=O)cn3)nc2n1C1CCCC1,7.920818753952375,True,<rdkit.Chem.rdchem.Mol object at 0x735c79046730>,False
CHEMBL5994018,CDK9,12.0,nM,Fc1cccc(Cn2cnc3ccc(-c4cc(NCCC5CCNCC5)ncc4Cl)cc32)c1,7.920818753952375,True,<rdkit.Chem.rdchem.Mol object at 0x735c79046a40>,False
CHEMBL3702217,CDK4,12.0,nM,CC[C@@H](C)n1c2cnccc2c2cnc(Nc3ccc(N4CCN[C@@H](C)C4)nn3)nc21,7.920818753952375,True,<rdkit.Chem.rdchem.Mol object at 0x735c79040270>,False
CHEMBL3298310,CDK2,12.0,nM,CC[C@@H](NC(=O)N1CCc2cnc(N[C@@H](C)CO)nc2C1)c1ccc(Cl)c(Cl)c1,7.920818753952375,True,<rdkit.Chem.rdchem.Mol object at 0x735c79040b30>,False
CHEMBL3691656,CDK4,12.0,nM,CN(C)C(=O)c1cc2cnc(Nc3ccc(N4CC5(CCNCC5)OC4=O)cn3)nc2n1C1CCCC1,7.920818753952375,True,<rdkit.Chem.rdchem.Mol object at 0x735c790414d0>,False
CHEMBL5992870,CDK1,12.0,nM,CN1CCN(C(=O)c2ccc(Nc3ncc4cc5n(c4n3)C3(CCCCC3)CC(=O)N5)cc2)CC1,7.920818753952375,True,<rdkit.Chem.rdchem.Mol object at 0x735c79041700>,False
CHEMBL3668418,CDK9,12.0,nM,COc1ccc(F)cc1-c1ccnc2[nH]c(C3CNC3)cc12,7.920818753952375,True,<rdkit.Chem.rdchem.Mol object at 0x735c79041b60>,False
CHEMBL311992,CDK2,12.0,nM,NCCOc1cc(-c2ccc[nH]2)c2c3c(ccc(F)c13)NC2=O,7.920818753952375,True,<rdkit.Chem.rdchem.Mol object at 0x735c79041c40>,False
CHEMBL3702209,CDK6,12.0,nM,CN(C)C1CCN(c2ccc(Nc3ncc4c5ccccc5n(C5CCCC5)c4n3)nc2)CC1,7.920818753952375,True,<rdkit.Chem.rdchem.Mol object at 0x735c79043680>,False
CHEMBL3663764,CDK9,12.0,nM,COc1cc(F)c(F)cc1-c1ccnc2[nH]c(C3CCNCC3)cc12,7.920818753952375,True,<rdkit.Chem.rdchem.Mol object at 0x735c79043ed0>,False
CHEMBL215803,CDK6,12.0,nM,C[C@@H]1C[C@H]2CN1CCn1nc3c(cccc3c1O)-c1nc3c(cccc3nc1O)O2,7.920818753952375,True,<rdkit.Chem.rdchem.Mol object at 0x735c79040820>,False
CHEMBL3702248,CDK6,12.0,nM,CC1(C)CN(c2ccc(Nc3ncc4c5ccncc5n(C5CCC5)c4n3)nn2)CCN1,7.920818753952375,True,<rdkit.Chem.rdchem.Mol object at 0x735c79040d60>,False
CHEMBL5902314,CDK4,12.0,nM,CC(C)N1CCOc2c(F)cc(-c3nc(Nc4ccc5c(c4)C(=O)NCC5)ncc3F)cc21,7.920818753952375,True,<rdkit.Chem.rdchem.Mol object at 0x735c79041e00>,False
CHEMBL3642036,CDK6,12.0,nM,OC[C@@H](O)CNC1CCN(c2ccc(Nc3ncc4c5ccncc5n(C5CCCC5)c4n3)nn2)CC1,7.920818753952375,True,<rdkit.Chem.rdchem.Mol object at 0x735c79041ee0>,False
CHEMBL359554,CDK4,12.0,nM,c1ccc(Nc2nccc(-c3cnn4ncccc34)n2)cc1,7.920818753952375,True,<rdkit.Chem.rdchem.Mol object at 0x735c790421f0>,False
CHEMBL3644024,CDK1,12.0,nM,CC(C)S(=O)(=O)c1ccc(Nc2ncc(C(F)(F)F)c(O[C@H](C)[C@@H](C)O)n2)cc1,7.920818753952375,True,<rdkit.Chem.rdchem.Mol object at 0x735c79043840>,False
CHEMBL513354,CDK4,12.0,nM,CCN(CC)Cc1cccc(Nc2nccc(-c3cnn4ncccc34)n2)c1,7.920818753952375,True,<rdkit.Chem.rdchem.Mol object at 0x735c790417e0>,False
CHEMBL3648085,CDK2,12.0,nM,CCOC(=O)N=S(C)(=O)c1ccc(Nc2ncc(Br)c(N[C@H](C)[C@H](C)O)n2)cc1,7.920818753952375,True,<rdkit.Chem.rdchem.Mol object at 0x735c79041a10>,False
CHEMBL4802161,CDK4,12.0,nM,CC(=O)c1c(C)c2cnc(Nc3ccc(C4CCNCC4)cn3)nc2n(C2CCCC2)c1=O,7.920818753952375,True,<rdkit.Chem.rdchem.Mol object at 0x735c79043760>,False
CHEMBL3644027,CDK2,12.0,nM,COC[C@@H](C)Oc1nc(Nc2ccc(S(C)(=O)=O)cc2)ncc1C(F)(F)F,7.920818753952375,True,<rdkit.Chem.rdchem.Mol object at 0x735c79030200>,False
CHEMBL5867014,CDK4,12.0,nM,CC(C)N1CCOc2c(F)cc(-c3nc(Nc4ccc(N5CCN(C(=O)N(C)C)CC5)cn4)ncc3F)cc21,7.920818753952375,True,<rdkit.Chem.rdchem.Mol object at 0x735c790304a0>,False
CHEMBL3644021,CDK2,12.0,nM,C[C@@H](O)[C@@H](C)Oc1nc(Nc2ccc(S(=O)(=O)C(F)F)cc2)ncc1C(F)(F)F,7.920818753952375,True,<rdkit.Chem.rdchem.Mol object at 0x735c79031b60>,False
CHEMBL3698710,CDK4,12.0,nM,CC1CN(c2cnc(Nc3ncc4c5ccncc5n(C5CCCC5)c4n3)cn2)CC(C)N1,7.920818753952375,True,<rdkit.Chem.rdchem.Mol object at 0x735c79032a40>,False
CHEMBL3698687,CDK4,12.0,nM,COc1nccc2c3cnc(Nc4ccc(N5CCNCC5)cn4)nc3n(C3CCCC3)c12,7.920818753952375,True,<rdkit.Chem.rdchem.Mol object at 0x735c79032dc0>,False
CHEMBL3702135,CDK6,12.0,nM,c1ccc(-n2c3cnccc3c3cnc(Nc4ccc(N5CCNCC5)cn4)cc32)cc1,7.920818753952375,True,<rdkit.Chem.rdchem.Mol object at 0x735c790337d0>,False
CHEMBL3642029,CDK6,12.0,nM,OC1CN(C2CCN(c3ccc(Nc4ncc5c6ccncc6n(C6CCCC6)c5n4)nc3)CC2)C1,7.920818753952375,True,<rdkit.Chem.rdchem.Mol object at 0x735c79033990>,False
CHEMBL3673517,CDK9,12.0,nM,Fc1cccc(COc2cncc(-c3ccnc4[nH]c(C5CCNCC5)cc34)n2)c1,7.920818753952375,True,<rdkit.Chem.rdchem.Mol object at 0x735c79033d10>,False
CHEMBL3642005,CDK4,12.0,nM,O[C@@H]1CCN(C2CCN(c3ccc(Nc4ncc5c6ccncc6n(C6CCCC6)c5n4)nn3)CC2)C1,7.920818753952375,True,<rdkit.Chem.rdchem.Mol object at 0x735c790302e0>,False
CHEMBL1171949,CDK2,12.0,nM,NC(=O)c1nn(CC2CCNCC2)c2c1CCc1cnc(Nc3ccccc3)nc1-2,7.920818753952375,True,<rdkit.Chem.rdchem.Mol object at 0x735c79030510>,False
CHEMBL3642016,CDK6,12.0,nM,C[C@@H](O)CNC1CCN(c2ccc(Nc3ncc4c5ccncc5n(C5CCCC5)c4n3)nc2)CC1,7.920818753952375,True,<rdkit.Chem.rdchem.Mol object at 0x735c790306d0>,False
CHEMBL3642020,CDK6,12.0,nM,c1cc2c3cnc(Nc4ccc(N5CCC(NC6CC6)CC5)cn4)nc3n(C3CCCC3)c2cn1,7.920818753952375,True,<rdkit.Chem.rdchem.Mol object at 0x735c79031a80>,False
CHEMBL3642015,CDK4,12.0,nM,C[C@H](O)CNC1CCN(c2ccc(Nc3ncc4c5ccncc5n(C5CCCC5)c4n3)nc2)CC1,7.920818753952375,True,<rdkit.Chem.rdchem.Mol object at 0x735c79031ee0>,False
CHEMBL3639975,CDK4,12.0,nM,c1cc2c3cnc(Nc4cnc(NC5CCNCC5)cn4)nc3n(C3CCCC3)c2cn1,7.920818753952375,True,<rdkit.Chem.rdchem.Mol object at 0x735c79033060>,False
CHEMBL509406,CDK1,12.0,nM,Cc1ncc(-c2nc(Nc3ccc(C(=O)NC4CCN(C)CC4)c(F)c3)ncc2F)n1C(C)C,7.920818753952375,True,<rdkit.Chem.rdchem.Mol object at 0x735c79033300>,False
CHEMBL3641994,CDK6,12.0,nM,OCCNC1CCN(c2ccc(Nc3ncc4c5ccncc5n(C5CCCC5)c4n3)nn2)CC1,7.920818753952375,True,<rdkit.Chem.rdchem.Mol object at 0x735c79033370>,False
CHEMBL3641988,CDK4,12.0,nM,CNC1CCN(c2ccc(Nc3ncc4c5ccncc5n([C@@H]5CCOC5)c4n3)nc2)CC1,7.920818753952375,True,<rdkit.Chem.rdchem.Mol object at 0x735c790336f0>,False
CHEMBL6059395,CDK9,12.0,nM,N#CCC(=O)N[C@@H]1CCC[C@H](C(=O)Nc2cc(-c3cnn4c3CCCC4)c(Cl)cn2)C1,7.920818753952375,True,<rdkit.Chem.rdchem.Mol object at 0x735c79033a00>,False
CHEMBL99780,CDK1,12.0,nM,COc1ccc2sc3c(c2c1)NC[C@@H](C)NC3=O,7.920818753952375,True,<rdkit.Chem.rdchem.Mol object at 0x735c79033f40>,False
CHEMBL82767,CDK2,12.0,nM,NCCNc1cc(-c2ccc[nH]2)c2c3c(ccc(F)c13)NC2=O,7.920818753952375,True,<rdkit.Chem.rdchem.Mol object at 0x735c79032650>,False
CHEMBL4211162,CDK4,12.1,nM,CCN1CCN(Cc2ccc(Nc3cc(-c4cc(F)c5nc(C)n(C(C)C)c5c4)c(F)cn3)nn2)CC1,7.91721462968355,True,<rdkit.Chem.rdchem.Mol object at 0x735c79033220>,False
CHEMBL3698726,CDK6,12.4,nM,c1cc2c3cnc(Nc4ccc(NC5CCNCC5)nn4)nc3n(C3CCCC3)c2cn1,7.906578314837764,True,<rdkit.Chem.rdchem.Mol object at 0x735c79035070>,False
CHEMBL5935222,CDK6,12.4,nM,COC(=O)CN1CCc2nc(Nc3ncc(F)c(-c4cc(F)c5nc(C)n(C(C)C)c5c4)n3)ccc2C1,7.906578314837764,True,<rdkit.Chem.rdchem.Mol object at 0x735c79036ea0>,False
CHEMBL5953872,CDK6,12.4,nM,COC(=O)N1CCc2nc(Nc3ncc(F)c(-c4cc(F)c5nc(C)n(C(C)C)c5c4)n3)ccc2C1,7.906578314837764,True,<rdkit.Chem.rdchem.Mol object at 0x735c790371b0>,False
CHEMBL1081263,CDK2,12.4,nM,N[C@H](CNc1ncc(-c2ccc3cnccc3c2)s1)Cc1ccc(C(F)(F)F)cc1,7.906578314837764,True,<rdkit.Chem.rdchem.Mol object at 0x735c79037220>,False
CHEMBL103115,CDK2,12.6,nM,NS(=O)(=O)c1ccc(Nc2cc(-c3ccc(O)c(F)c3)n[nH]2)cc1,7.899629454882437,True,<rdkit.Chem.rdchem.Mol object at 0x735c79037530>,False
CHEMBL4211828,CDK6,12.7,nM,CC(C)N1CCN(Cc2ccc(Nc3ncc(F)c(-c4cc(F)c5nc6n(c5c4)C(C)CC6)n3)nc2)CC1,7.896196279044043,True,<rdkit.Chem.rdchem.Mol object at 0x735c790377d0>,False
CHEMBL401064,CDK1,13.0,nM,CC(C)NCc1cccc2[nH]c(-c3n[nH]c4ncc(-c5cncc6ccccc56)cc34)nc12,7.886056647693163,True,<rdkit.Chem.rdchem.Mol object at 0x735c790350e0>,False
CHEMBL3237448,CDK6,13.0,nM,c1cc2c3cnc(Nc4ccc(N5CCNCC5)cn4)nc3n(C3CCCC3)c2nn1,7.886056647693163,True,<rdkit.Chem.rdchem.Mol object at 0x735c79035700>,False
CHEMBL3298309,CDK2,13.0,nM,CC[C@@H](NC(=O)N1CCc2cnc(N[C@@H](C)CO)nc2C1)c1ccc(F)c(F)c1,7.886056647693163,True,<rdkit.Chem.rdchem.Mol object at 0x735c79035930>,False
CHEMBL3298984,CDK2,13.0,nM,C[C@@H](NC(=O)N1CCc2cnc(NC3CCOCC3)nc2C1)c1ccc(Cl)c(F)c1,7.886056647693163,True,<rdkit.Chem.rdchem.Mol object at 0x735c79035a80>,False
CHEMBL3698638,CDK4,13.0,nM,CN1CCN(c2ccc(Nc3ncc4c5ccncc5n(C5CCCC5)c4n3)nc2)CC1,7.886056647693163,True,<rdkit.Chem.rdchem.Mol object at 0x735c79035bd0>,False
CHEMBL4212532,CDK9,13.0,nM,Cc1nc2c(F)cc(-c3nc(Nc4ccc5c(n4)CCN(C(=O)CN(C)C)C5)ncc3F)cc2n1C(C)C,7.886056647693163,True,<rdkit.Chem.rdchem.Mol object at 0x735c790369d0>,False
CHEMBL3668378,CDK9,13.0,nM,CN1CCC(c2cc3c(-c4cccc(NCc5ccc6c(c5)OCO6)n4)ccnc3[nH]2)CC1,7.886056647693163,True,<rdkit.Chem.rdchem.Mol object at 0x735c790370d0>,False
CHEMBL3691645,CDK4,13.0,nM,CN1CCCC2(C1)CN(c1ccc(Nc3ncc4cc(C(=O)N(C)C)n(C5CCCC5)c4n3)nc1)C(=O)O2,7.886056647693163,True,<rdkit.Chem.rdchem.Mol object at 0x735c79037610>,False
CHEMBL515839,CDK2,13.0,nM,Cc1ncc(-c2ccnc(Nc3ccc(S(=O)(=O)CC4CCCO4)cc3)n2)n1C(C)C,7.886056647693163,True,<rdkit.Chem.rdchem.Mol object at 0x735c79037d10>,False
CHEMBL2012403,CDK1,13.0,nM,Cn1cc(Nc2ncc3cnn([C@@H]4CC[C@H]5CCC[C@H]54)c3n2)cc1C(N)=O,7.886056647693163,True,<rdkit.Chem.rdchem.Mol object at 0x735c79037d80>,False
CHEMBL5181709,CDK9,13.0,nM,Cc1nc2ccc(-c3ccnc4[nH]c(C5CCN(CC(=O)N(C)C)CC5)cc34)cc2n1C(C)C,7.886056647693163,True,<rdkit.Chem.rdchem.Mol object at 0x735c79036dc0>,False
CHEMBL212049,CDK4,13.0,nM,Cc1cnc(OC2CCCCC2)nc1-c1cnc(Nc2ccccn2)s1,7.886056647693163,True,<rdkit.Chem.rdchem.Mol object at 0x735c790374c0>,False
CHEMBL5946157,CDK6,13.0,nM,CC(C)N1CCOc2c(F)cc(-c3nc(Nc4ccc(S(N)(=O)=O)cc4)ncc3F)cc21,7.886056647693163,True,<rdkit.Chem.rdchem.Mol object at 0x735c7901c890>,False
CHEMBL3698651,CDK6,13.0,nM,Fc1ccc(-n2c3cnccc3c3cnc(Nc4ccc(N5CCNCC5)cn4)nc32)cc1,7.886056647693163,True,<rdkit.Chem.rdchem.Mol object at 0x735c7901de70>,False
CHEMBL3702125,CDK4,13.0,nM,O=C(c1ccc(Nc2ncc3c4ccnc(O)c4n(C4CCCC4)c3n2)nc1)N1CCNCC1,7.886056647693163,True,<rdkit.Chem.rdchem.Mol object at 0x735c7901dfc0>,False
CHEMBL1189501,CDK4,13.0,nM,CN1CCOc2cccc3nc(O)c(nc23)-c2cccc3c(O)n(nc23)CC1,7.886056647693163,True,<rdkit.Chem.rdchem.Mol object at 0x735c7901ccf0>,False
CHEMBL3673520,CDK9,13.0,nM,CN1CCC(c2cc3c(-c4cncc(OCc5cccc(F)c5)n4)ccnc3[nH]2)CC1,7.886056647693163,True,<rdkit.Chem.rdchem.Mol object at 0x735c7901d230>,False
CHEMBL3641990,CDK4,13.0,nM,CNC1CCN(c2ccc(Nc3ncc4c5ccncc5n(C5CCC5)c4n3)nn2)CC1,7.886056647693163,True,<rdkit.Chem.rdchem.Mol object at 0x735c7901d5b0>,False
CHEMBL3641992,CDK4,13.0,nM,C[C@H](CO)NC1CCN(c2ccc(Nc3ncc4c5ccncc5n(C5CCCC5)c4n3)nc2)CC1,7.886056647693163,True,<rdkit.Chem.rdchem.Mol object at 0x735c7901d700>,False
CHEMBL5957447,CDK9,13.0,nM,O=C(Nc1cc(-c2ccc3ncn(CCc4cccc(F)c4)c3c2)c(Cl)cn1)[C@@H]1CCCNC1,7.886056647693163,True,<rdkit.Chem.rdchem.Mol object at 0x735c7901d850>,False
CHEMBL3642007,CDK4,13.0,nM,O[C@@H]1CCCN(C2CCN(c3ccc(Nc4ncc5c6ccncc6n(C6CCCC6)c5n4)nn3)CC2)C1,7.886056647693163,True,<rdkit.Chem.rdchem.Mol object at 0x735c7901e260>,False
CHEMBL3702206,CDK4,13.0,nM,CC1CN(c2ccc(Nc3ncc4c5ccccc5n(C5CCCC5)c4n3)nn2)CC(C)N1,7.886056647693163,True,<rdkit.Chem.rdchem.Mol object at 0x735c7901e490>,False
CHEMBL3641998,CDK6,13.0,nM,C[C@@H](CO)NC1CCN(c2ccc(Nc3ncc4c5ccncc5n(C5CCCC5)c4n3)nn2)CC1,7.886056647693163,True,<rdkit.Chem.rdchem.Mol object at 0x735c7901f0d0>,False
CHEMBL6165283,CDK6,13.0,nM,CC(=O)N1CCC2(CC1)CC(=O)c1ccc(-c3nc(Nc4ccc(N5CCN(C6COC6)CC5)cn4)ncc3F)cc1O2,7.886056647693163,True,<rdkit.Chem.rdchem.Mol object at 0x735c7901f760>,False
CHEMBL3698667,CDK4,13.0,nM,c1cc2c3cnc(Nc4ccc(N5CCNCC5)cn4)nc3n(CC3CCCCC3)c2cn1,7.886056647693163,True,<rdkit.Chem.rdchem.Mol object at 0x735c7901fa00>,False
CHEMBL3648073,CDK1,13.0,nM,C[C@H](O)[C@@H](C)Oc1nc(Nc2ccc(S(C)(=N)=O)cc2)ncc1Br,7.886056647693163,True,<rdkit.Chem.rdchem.Mol object at 0x735c7901fa70>,False
CHEMBL5863217,CDK4,13.0,nM,CC(C)N1CCOc2c(F)cc(-c3nc(Nc4ccc(C(=O)N5CCC(O)CC5)cn4)ncc3F)cc21,7.886056647693163,True,<rdkit.Chem.rdchem.Mol object at 0x735c7901fd10>,False
CHEMBL405145,CDK2,13.0,nM,O=C(Nc1n[nH]c2nc(-c3ccc(O)cc3)ccc12)C1CC1,7.886056647693163,True,<rdkit.Chem.rdchem.Mol object at 0x735c7901c040>,False
CHEMBL5532052,CDK9,13.06,nM,CC[C@H](CO)Nc1nc(NCc2ccc(NC(=O)C3CCOCC3)cc2)n2ncc(C(C)C)c2n1,7.884056823060945,True,<rdkit.Chem.rdchem.Mol object at 0x735c7901cb30>,False
CHEMBL5979303,CDK2,13.1,nM,Cc1nc2c(F)cc(-c3nc(Nc4ccc5c(n4)CCN(CCS(C)(=O)=O)C5)ncc3F)cc2n1C(C)(C)C,7.882728704344236,True,<rdkit.Chem.rdchem.Mol object at 0x735c7901ed50>,False
CHEMBL3237451,CDK6,13.1,nM,c1cc2c3cnc(Nc4ccc(N5CCNCC5)cn4)nc3n(C3CCCCC3)c2cn1,7.882728704344236,True,<rdkit.Chem.rdchem.Mol object at 0x735c7901f370>,False
CHEMBL5775801,CDK6,13.2,nM,Cc1nc2c(F)cc(-c3nc(Nc4ccc5c(n4)CCNC5)ncc3F)cc2n1C1CCCCC1,7.87942606879415,True,<rdkit.Chem.rdchem.Mol object at 0x735c7901f450>,False
CHEMBL473631,CDK2,13.3,nM,CN1CCN(c2cccc3[nH]c(-c4n[nH]c5cc(-c6ccc(O)cc6)ccc45)nc23)CC1,7.876148359032914,True,<rdkit.Chem.rdchem.Mol object at 0x735c7901f6f0>,False
CHEMBL3642038,CDK6,13.3,nM,CN(C)C1CN(c2ccc(Nc3ncc4c5ccncc5n(C5CCCC5)c4n3)nn2)CCC1O,7.876148359032914,True,<rdkit.Chem.rdchem.Mol object at 0x735c790202e0>,False
CHEMBL5844694,CDK2,13.4,nM,Cc1nc2c(F)cc(-c3nc(Nc4ccc5c(n4)CCN(C(=O)CCO)C5)ncc3F)cc2n1C(C)C,7.872895201635192,True,<rdkit.Chem.rdchem.Mol object at 0x735c790221f0>,False
CHEMBL6019056,CDK6,13.4,nM,CNC1CC(C(=O)N2CCc3nc(Nc4ncc(F)c(-c5cc(F)c6nc(C)n(C(C)C)c6c5)n4)ccc3C2)C1,7.872895201635192,True,<rdkit.Chem.rdchem.Mol object at 0x735c79022260>,False
CHEMBL4462530,CDK9,13.4,nM,CC(=O)N[C@@H]1CCC[C@H](C(=O)Nc2cc(-c3cnn4c3CC(C)(C)C4)c(Cl)cn2)C1,7.872895201635192,True,<rdkit.Chem.rdchem.Mol object at 0x735c790227a0>,False
CHEMBL3237447,CDK6,13.4,nM,N#Cc1nccc2c3cnc(Nc4ccc(N5CCNCC5)cn4)nc3n(C3CCCC3)c12,7.872895201635192,True,<rdkit.Chem.rdchem.Mol object at 0x735c79022c00>,False
CHEMBL4213219,CDK2,13.5,nM,Cc1nc2c(F)cc(-c3nc(Nc4ccc5c(n4)CCN(C(=O)CO)C5)ncc3F)cc2n1C(C)C,7.8696662315049934,True,<rdkit.Chem.rdchem.Mol object at 0x735c79023610>,False
CHEMBL5774332,CDK9,13.5,nM,Cc1nc2c(F)cc(-c3nc(Nc4ccc5c(n4)CCN(C[C@@H]4CN(C)CCO4)C5)ncc3F)cc2n1C(C)(C)C,7.8696662315049934,True,<rdkit.Chem.rdchem.Mol object at 0x735c79023c30>,False
CHEMBL4218705,CDK4,13.8,nM,CCN1CCN(Cc2ccc(Nc3cc(-c4cc(F)c5nc(C)n(C(C)C)c5c4)ncn3)nn2)CC1,7.860120913598763,True,<rdkit.Chem.rdchem.Mol object at 0x735c79023ca0>,False
CHEMBL4798556,CDK9,13.8,nM,CC(C)N1c2cc(Nc3nccc(-c4cccc5[nH]ccc45)n3)ccc2N(C)C(=O)[C@H]1C,7.860120913598763,True,<rdkit.Chem.rdchem.Mol object at 0x735c79020120>,False
CHEMBL3648083,CDK1,14.0,nM,CN=S(C)(=O)c1ccc(Nc2ncc(Br)c(N[C@H](C)[C@H](C)O)n2)cc1,7.853871964321762,True,<rdkit.Chem.rdchem.Mol object at 0x735c79020510>,False
CHEMBL3648093,CDK2,14.0,nM,CCOC(=O)N=S(C)(=O)c1ccc(Nc2ncc(Br)c(O[C@H](C)[C@H](C)O)n2)cc1,7.853871964321762,True,<rdkit.Chem.rdchem.Mol object at 0x735c79020820>,False
CHEMBL402759,CDK2,14.0,nM,O=C(Cc1ccc(-c2ccccc2)cc1)Nc1n[nH]c2ccc(N3CCCS3(=O)=O)cc12,7.853871964321762,True,<rdkit.Chem.rdchem.Mol object at 0x735c79020890>,False
CHEMBL5822013,CDK6,14.0,nM,CC(C)N1CCOc2c(F)cc(-c3nc(Nc4cnn(C5CCN(C)CC5)c4)ncc3F)cc21,7.853871964321762,True,<rdkit.Chem.rdchem.Mol object at 0x735c79020ba0>,False
CHEMBL3668370,CDK9,14.0,nM,CN1CCC(c2cc3c(-c4cccc(NCc5cccc(Cl)c5)n4)ccnc3[nH]2)CC1,7.853871964321762,True,<rdkit.Chem.rdchem.Mol object at 0x735c790211c0>,False
CHEMBL3668401,CDK9,14.0,nM,COc1ccc(F)cc1-c1ccnc2[nH]c(C3CCCN(CCCN)C3)cc12,7.853871964321762,True,<rdkit.Chem.rdchem.Mol object at 0x735c790212a0>,False
CHEMBL3698734,CDK6,14.0,nM,O[C@@H]1CCCN(c2ccc(Nc3ncc4c5ccncc5n(C5CCCC5)c4n3)nn2)C1,7.853871964321762,True,<rdkit.Chem.rdchem.Mol object at 0x735c79021310>,False
CHEMBL3949057,CDK9,14.0,nM,CCOC(=O)N=S(C)(=O)Cc1cccc(Nc2ncc(F)c(-c3cccc4c3OCCC4)n2)c1,7.853871964321762,True,<rdkit.Chem.rdchem.Mol object at 0x735c79021460>,False
CHEMBL3668385,CDK9,14.0,nM,COc1ccc(F)cc1-c1ccnc2[nH]c(C3CCN(Cc4cccnc4)C3)cc12,7.853871964321762,True,<rdkit.Chem.rdchem.Mol object at 0x735c790214d0>,False
CHEMBL4213847,CDK4,14.0,nM,CCC1CCc2nc3c(F)cc(-c4nc(Nc5ccc(CN6CCN(CC)CC6)cn5)ncc4F)cc3n21,7.853871964321762,True,<rdkit.Chem.rdchem.Mol object at 0x735c79021620>,False
CHEMBL6002023,CDK4,14.0,nM,CC(C)N1CCOc2c(F)cc(-c3nc(Nc4cc(C5CCN(C)CC5)no4)ncc3F)cc21,7.853871964321762,True,<rdkit.Chem.rdchem.Mol object at 0x735c79021690>,False
CHEMBL3641970,CDK4,14.0,nM,C[C@H](O)Cn1c2cnccc2c2cnc(Nc3ccc(N4CCN[C@@H](C)C4)nn3)nc21,7.853871964321762,True,<rdkit.Chem.rdchem.Mol object at 0x735c79021770>,False
CHEMBL249304,CDK1,14.0,nM,CN1CCN(c2ccc3[nH]c(-c4n[nH]c5ncc(-c6cncc7ccccc67)cc45)nc3c2)CC1,7.853871964321762,True,<rdkit.Chem.rdchem.Mol object at 0x735c790217e0>,False
CHEMBL3663792,CDK9,14.0,nM,Clc1cnc(NCc2ccccc2)cc1-c1ccnc2[nH]c(C3CCNCC3)cc12,7.853871964321762,True,<rdkit.Chem.rdchem.Mol object at 0x735c790219a0>,False
CHEMBL3673531,CDK9,14.0,nM,OCC(O)CN1CC=C(c2cc3c(-c4cncc(NCc5cccc(F)c5)n4)ccnc3[nH]2)CC1,7.853871964321762,True,<rdkit.Chem.rdchem.Mol object at 0x735c79021bd0>,False
CHEMBL3921855,CDK9,14.0,nM,COc1cc(F)ccc1-c1nc(Nc2cccc(CS(=N)(=O)C3CC3)c2)ncc1F,7.853871964321762,True,<rdkit.Chem.rdchem.Mol object at 0x735c790226c0>,False
CHEMBL83369,CDK2,14.0,nM,O=C1Nc2ccc(F)c3c(SCCO)cc(-c4ccc[nH]4)c1c23,7.853871964321762,True,<rdkit.Chem.rdchem.Mol object at 0x735c79022730>,False
CHEMBL5869281,CDK9,14.0,nM,Cc1nc2c(F)cc(-c3nc(Nc4ccc5c(n4)CCN(C[C@H]4CN(C)CCO4)C5)ncc3F)cc2n1C(C)(C)C,7.853871964321762,True,<rdkit.Chem.rdchem.Mol object at 0x735c79022c70>,False
CHEMBL5870275,CDK9,14.0,nM,CC1(C)Cc2c(-c3ccnc(NC(=O)[C@H]4CCC[C@@H](NC(=O)C5COC5)C4)c3)cnn2C1,7.853871964321762,True,<rdkit.Chem.rdchem.Mol object at 0x735c79022d50>,False
CHEMBL2312185,CDK9,14.0,nM,CNc1nc(C)c(-c2nc(Nc3cccc(N4CCCNCC4)c3)ncc2C#N)s1,7.853871964321762,True,<rdkit.Chem.rdchem.Mol object at 0x735c79022ff0>,False
CHEMBL5884554,CDK9,14.0,nM,O=C(Nc1cc(-c2cnc3ccn(Cc4cccc(F)c4)c3c2)c(Cl)cn1)[C@@H]1CCCNC1,7.853871964321762,True,<rdkit.Chem.rdchem.Mol object at 0x735c790237d0>,False
CHEMBL5192022,CDK9,14.0,nM,CC(C)n1cc(-c2ccnc3[nH]c(C4CCN(Cc5cccs5)CC4)cc23)ccc1=O,7.853871964321762,True,<rdkit.Chem.rdchem.Mol object at 0x735c790238b0>,False
CHEMBL3702165,CDK4,14.0,nM,O=S1(=O)CCC(O)(c2ccc(Nc3ncc4c5ccncc5n(C5CCCC5)c4n3)nc2)CC1,7.853871964321762,True,<rdkit.Chem.rdchem.Mol object at 0x735c79023990>,False
CHEMBL424696,CDK2,14.0,nM,c1ccc(Nc2ncc(-c3ccnc(OC4CCCCC4)n3)s2)nc1,7.853871964321762,True,<rdkit.Chem.rdchem.Mol object at 0x735c79023e60>,False
CHEMBL3673518,CDK9,14.0,nM,CN1CCC(c2cc3c(-c4cncc(NCc5cccc(F)c5)n4)ccnc3[nH]2)CC1,7.853871964321762,True,<rdkit.Chem.rdchem.Mol object at 0x735c79023d10>,False
CHEMBL515854,CDK2,14.0,nM,COCCS(=O)(=O)c1ccc(Nc2nccc(-c3cnc(C)n3C(C)C)n2)cc1,7.853871964321762,True,<rdkit.Chem.rdchem.Mol object at 0x735c790210e0>,False
CHEMBL3642021,CDK6,14.0,nM,CCCNC1CCN(c2ccc(Nc3ncc4c5ccncc5n(C5CCCC5)c4n3)nc2)CC1,7.853871964321762,True,<rdkit.Chem.rdchem.Mol object at 0x735c79028740>,False
CHEMBL3673524,CDK9,14.0,nM,CCOC(=O)NS(=O)(=O)N1CCC(c2cc3c(-c4cncc(NCc5cccc(F)c5)n4)ccnc3[nH]2)CC1,7.853871964321762,True,<rdkit.Chem.rdchem.Mol object at 0x735c790298c0>,False
CHEMBL3702188,CDK4,14.0,nM,CN(C)[C@H]1CCN(c2ccc(Nc3ncc4c5ccncc5n(C5CCCC5)c4n3)nc2)C1,7.853871964321762,True,<rdkit.Chem.rdchem.Mol object at 0x735c790283c0>,False
CHEMBL3702196,CDK6,14.0,nM,C[C@@H](CO)Nc1ccc(Nc2ncc3c4ccncc4n(C4CCCC4)c3n2)nn1,7.853871964321762,True,<rdkit.Chem.rdchem.Mol object at 0x735c790284a0>,False
CHEMBL3702116,CDK4,14.0,nM,Oc1nccc2c3cnc(Nc4ccc(CN5CCNCC5)cn4)nc3n(C3CCCC3)c12,7.853871964321762,True,<rdkit.Chem.rdchem.Mol object at 0x735c79028580>,False
CHEMBL372503,CDK1,14.0,nM,Brc1cnc(Nc2ccc3[nH]cnc3c2)nc1Nc1ccc2[nH]cnc2c1,7.853871964321762,True,<rdkit.Chem.rdchem.Mol object at 0x735c790286d0>,False
CHEMBL5943225,CDK1,14.0,nM,CC1=NN(C)c2cc3cnc(Nc4ccc(S(N)(=O)=O)cc4)nc3n2C12CCCCC2,7.853871964321762,True,<rdkit.Chem.rdchem.Mol object at 0x735c79028890>,False
CHEMBL3642015,CDK6,14.0,nM,C[C@H](O)CNC1CCN(c2ccc(Nc3ncc4c5ccncc5n(C5CCCC5)c4n3)nc2)CC1,7.853871964321762,True,<rdkit.Chem.rdchem.Mol object at 0x735c79028970>,False
CHEMBL3641996,CDK6,14.0,nM,CN(CCO)C1CCN(c2ccc(Nc3ncc4c5ccncc5n(C5CCCC5)c4n3)nn2)CC1,7.853871964321762,True,<rdkit.Chem.rdchem.Mol object at 0x735c79028eb0>,False
CHEMBL5952864,CDK4,14.0,nM,Cc1nc2c(F)cc(-c3nc(Nc4ncc5c(n4)CCN(C(=O)CN(C)C)C5)ncc3F)cc2n1C(C)C,7.853871964321762,True,<rdkit.Chem.rdchem.Mol object at 0x735c790292a0>,False
CHEMBL3648074,CDK1,14.0,nM,C[C@@H](Nc1nc(Nc2ccc(S(=N)(=O)C3CC3)cc2)ncc1Br)C(C)(C)O,7.853871964321762,True,<rdkit.Chem.rdchem.Mol object at 0x735c790293f0>,False
CHEMBL3702063,CDK6,14.0,nM,CCC(C)(C)n1c2cnccc2c2cnc(Nc3ccc(N4CCC(N(C)C)CC4)nn3)nc21,7.853871964321762,True,<rdkit.Chem.rdchem.Mol object at 0x735c79029690>,False
CHEMBL454645,CDK2,14.0,nM,CC1CCC(C(=O)Nc2ncc(SCc3ncc(C(C)(C)C)o3)s2)CN1,7.853871964321762,True,<rdkit.Chem.rdchem.Mol object at 0x735c79029700>,False
CHEMBL6033665,CDK4,14.1,nM,Cc1nc2c(F)cc(-c3nc(Nc4ccc5c(n4)CCNC5)ncc3F)cc2n1C,7.85078088734462,True,<rdkit.Chem.rdchem.Mol object at 0x735c79029930>,False
CHEMBL5964675,CDK2,14.3,nM,Cc1nc2c(F)cc(-c3nc(Nc4ccc5c(n4)CCN(C[C@H]4CNCCO4)C5)ncc3F)cc2n1C(C)(C)C,7.844663962534938,True,<rdkit.Chem.rdchem.Mol object at 0x735c79029a80>,False
CHEMBL5830076,CDK2,14.3,nM,Cc1nc2c(F)cc(-c3nc(Nc4ccc5c(n4)CCN(C(=O)CCN(C)C)C5)ncc3F)cc2n1C(C)(C)C,7.844663962534938,True,<rdkit.Chem.rdchem.Mol object at 0x735c79029bd0>,False
CHEMBL5897984,CDK2,14.3,nM,Cc1nc2c(F)cc(-c3nc(Nc4ccc5c(n4)CCN(C[C@H]4CNCCO4)C5)ncc3F)cc2n1C(C)C,7.844663962534938,True,<rdkit.Chem.rdchem.Mol object at 0x735c79029c40>,False
CHEMBL5399420,CDK6,14.33,nM,CN1CCN(Cc2ccc(NC(=O)c3n[nH]cc3Nc3ccncn3)cc2)CC1,7.843753809602656,True,<rdkit.Chem.rdchem.Mol object at 0x735c79029cb0>,False
CHEMBL5971879,CDK2,14.5,nM,Cc1nc2c(F)cc(-c3nc(Nc4ccc5c(n4)CCN[C@H]5C)ncc3F)cc2n1C(C)(C)C,7.838631997765026,True,<rdkit.Chem.rdchem.Mol object at 0x735c7902a500>,False
CHEMBL4206061,CDK2,14.8,nM,Cc1nc2c(F)cc(-c3nc(Nc4ccc5c(n4)CCN(C(=O)CN4CCN(C)CC4)C5)ncc3F)cc2n1C(C)C,7.829738284605042,True,<rdkit.Chem.rdchem.Mol object at 0x735c7902aab0>,False
CHEMBL4213756,CDK9,14.8,nM,COCCN1CCc2nc(Nc3ncc(F)c(-c4cc(F)c5nc(C)n(C(C)C)c5c4)n3)ccc2C1,7.829738284605042,True,<rdkit.Chem.rdchem.Mol object at 0x735c7902ab20>,False
CHEMBL3668427,CDK9,15.0,nM,CN1CCC(c2cc3c(-c4cccc(NCc5cc[nH]n5)n4)ccnc3[nH]2)CC1,7.823908740944319,True,<rdkit.Chem.rdchem.Mol object at 0x735c7902b370>,False
CHEMBL3691643,CDK4,15.0,nM,CN(C)C(=O)c1cc2cnc(Nc3ccc(N4C[C@]5(CCCNCC5)OC4=O)cn3)nc2n1C1CCCC1,7.823908740944319,True,<rdkit.Chem.rdchem.Mol object at 0x735c7902b6f0>,False
CHEMBL444874,CDK1,15.0,nM,Cc1cccc(Nc2ncc(C(F)(F)F)c(Nc3ccc4[nH]cnc4c3)n2)c1,7.823908740944319,True,<rdkit.Chem.rdchem.Mol object at 0x735c7902bdf0>,False
CHEMBL1800464,CDK2,15.0,nM,Nc1nc(NC2CCCC2)cc(-c2cc(N3C[C@H](O)[C@@H](O)C3)ccc2O)n1,7.823908740944319,True,<rdkit.Chem.rdchem.Mol object at 0x735c790297e0>,False
CHEMBL1800449,CDK1,15.0,nM,Nc1nccc(-c2cc(N3C[C@H](O)[C@@H](O)C3)ccc2O)n1,7.823908740944319,True,<rdkit.Chem.rdchem.Mol object at 0x735c79028ac0>,False
CHEMBL3702222,CDK4,15.0,nM,CC[C@@H](C)n1c2cnccc2c2cnc(Nc3ccc(N4CC[C@@H](O)C4)cn3)nc21,7.823908740944319,True,<rdkit.Chem.rdchem.Mol object at 0x735c79028f90>,False
CHEMBL3691661,CDK4,15.0,nM,CNC(=O)c1cc2cnc(Nc3ccc(N4C[C@H]5CC[C@@H](CC4=O)N5C)cn3)nc2n1C1CCCC1,7.823908740944319,True,<rdkit.Chem.rdchem.Mol object at 0x735c79029310>,False
CHEMBL3663797,CDK9,15.0,nM,CN1CCC(c2cc3c(-c4nc(NCc5cccc(F)c5)ccc4Cl)ccnc3[nH]2)CC1,7.823908740944319,True,<rdkit.Chem.rdchem.Mol object at 0x735c7902b4c0>,False
CHEMBL3663796,CDK9,15.0,nM,CN1CCC(c2cc3c(-c4cccc(NCc5ccccc5)n4)ccnc3[nH]2)CC1,7.823908740944319,True,<rdkit.Chem.rdchem.Mol object at 0x735c7902bca0>,False
CHEMBL5956160,CDK9,15.0,nM,O=C(Nc1cc(-c2ccc3ncn(Cc4ccc(F)c(F)c4)c3c2)c(Cl)cn1)[C@@H]1CCCNC1,7.823908740944319,True,<rdkit.Chem.rdchem.Mol object at 0x735c7902c5f0>,False
CHEMBL3698690,CDK4,15.0,nM,c1ncc2c(n1)c1cnc(Nc3ccc(N4CCNCC4)cn3)nc1n2C1CCCC1,7.823908740944319,True,<rdkit.Chem.rdchem.Mol object at 0x735c7902d380>,False
CHEMBL455194,CDK2,15.0,nM,CC1CC(C(=O)Nc2ncc(SCc3ncc(C(C)(C)C)o3)s2)CCN1,7.823908740944319,True,<rdkit.Chem.rdchem.Mol object at 0x735c7902d540>,False
CHEMBL3702245,CDK6,15.0,nM,CNC1CCN(c2ccc(Nc3ncc4c5ccncc5n(C5CCC5)c4n3)nc2)CC1,7.823908740944319,True,<rdkit.Chem.rdchem.Mol object at 0x735c7902ece0>,False
CHEMBL3663746,CDK9,15.0,nM,COc1ccc(F)cc1-c1ccnc2[nH]c([C@@H]3CCCNC3)cc12,7.823908740944319,True,<rdkit.Chem.rdchem.Mol object at 0x735c7902f610>,False
CHEMBL3642018,CDK4,15.0,nM,OC1CCN(C2CCN(c3ccc(Nc4ncc5c6ccncc6n(C6CCCC6)c5n4)nc3)CC2)CC1,7.823908740944319,True,<rdkit.Chem.rdchem.Mol object at 0x735c7902c2e0>,False
CHEMBL310529,CDK2,15.0,nM,O=C1Nc2ccc(F)c3c(S(=O)(=O)CCO)cc(-c4ccc[nH]4)c1c23,7.823908740944319,True,<rdkit.Chem.rdchem.Mol object at 0x735c7902c890>,False
CHEMBL3702118,CDK6,15.0,nM,OC1CCCN(Cc2ccc(Nc3ncc4c5ccncc5n(C5CCCC5)c4n3)nc2)C1,7.823908740944319,True,<rdkit.Chem.rdchem.Mol object at 0x735c7902cba0>,False
CHEMBL3965161,CDK9,15.0,nM,COc1cc(F)ccc1-c1nc(Nc2cccc(CS(C)(=N)=O)c2)ncc1F,7.823908740944319,True,<rdkit.Chem.rdchem.Mol object at 0x735c7902cf20>,False
CHEMBL3673521,CDK9,15.0,nM,C1=C(c2cc3c(-c4cncc(NCc5ccccc5)n4)ccnc3[nH]2)CCNC1,7.823908740944319,True,<rdkit.Chem.rdchem.Mol object at 0x735c7902d310>,False
CHEMBL5962267,CDK4,15.0,nM,CC(C)N1CCOc2c(F)cc(-c3nc(Nc4cc(C5CCN(C)CC5)n[nH]4)ncc3F)cc21,7.823908740944319,True,<rdkit.Chem.rdchem.Mol object at 0x735c7902d460>,False
CHEMBL3663802,CDK9,15.0,nM,COc1ccc(F)cc1-c1ccnc2[nH]c([C@@H]3CCNC3)cc12,7.823908740944319,True,<rdkit.Chem.rdchem.Mol object at 0x735c7902d7e0>,False
CHEMBL3702056,CDK4,15.0,nM,CCN(CC)C1CCN(c2ccc(Nc3ncc4c5ccnc(C)c5n(C5CCCC5)c4n3)nc2)CC1,7.823908740944319,True,<rdkit.Chem.rdchem.Mol object at 0x735c7902e030>,False
CHEMBL3663774,CDK9,15.0,nM,Fc1cccc(CNc2ccc(Cl)c(-c3ccnc4[nH]c(C5CCNCC5)cc34)n2)c1,7.823908740944319,True,<rdkit.Chem.rdchem.Mol object at 0x735c7902e260>,False
CHEMBL5923240,CDK1,15.0,nM,CC1C(=O)Nc2cc3cnc(Nc4ccc(C(=O)N5CCN(C)CC5)cc4)nc3n2C12CCCCC2,7.823908740944319,True,<rdkit.Chem.rdchem.Mol object at 0x735c7902e2d0>,False
CHEMBL2012399,CDK1,15.0,nM,Cn1cc(Nc2ncc3cnn(C4CCCCCC4)c3n2)cc1C(N)=O,7.823908740944319,True,<rdkit.Chem.rdchem.Mol object at 0x735c7902e420>,False
CHEMBL3648120,CDK1,15.0,nM,CCS(=N)(=O)c1ccc(Nc2ncc(Br)c(N[C@H](COC)[C@@H](C)O)n2)cc1,7.823908740944319,True,<rdkit.Chem.rdchem.Mol object at 0x735c7902e490>,False
CHEMBL1241849,CDK1,15.0,nM,CN(C)CCNS(=O)(=O)c1ccc(Nc2cccc(-c3cnc4ccccn34)c2)cc1,7.823908740944319,True,<rdkit.Chem.rdchem.Mol object at 0x735c7902e500>,False
CHEMBL3691585,CDK4,15.0,nM,CN(C)C(=O)c1cc2cnc(Nc3ccc(C(=O)N4C[C@@H]5[C@@H](N)[C@@H]5C4)cn3)nc2n1C1CCCC1,7.823908740944319,True,<rdkit.Chem.rdchem.Mol object at 0x735c7902e650>,False
CHEMBL363138,CDK1,15.0,nM,FC(F)(F)c1ccc(Nc2ncc(C(F)(F)F)c(Nc3ccc4[nH]cnc4c3)n2)cc1,7.823908740944319,True,<rdkit.Chem.rdchem.Mol object at 0x735c7902ed50>,False
CHEMBL3698709,CDK4,15.0,nM,CN1CCN(c2cnc(Nc3ncc4c5ccncc5n(C5CCCC5)c4n3)cn2)CC1,7.823908740944319,True,<rdkit.Chem.rdchem.Mol object at 0x735c7902ef10>,False
CHEMBL3648114,CDK1,15.0,nM,CN=S(C)(=O)c1ccc(Nc2ncc(Br)c(N[C@H](C)[C@H](C)O)n2)cc1OC,7.823908740944319,True,<rdkit.Chem.rdchem.Mol object at 0x735c7902ef80>,False
CHEMBL3702136,CDK4,15.0,nM,FC(F)(F)c1cccc(-n2c3cnccc3c3cnc(Nc4ccc(N5CCNCC5)cn4)cc32)c1,7.823908740944319,True,<rdkit.Chem.rdchem.Mol object at 0x735c7902f920>,False
CHEMBL3673493,CDK9,15.0,nM,Fc1cccc(CNc2cc(-c3ccnc4[nH]c(C5CCNCC5)cc34)c(Cl)cn2)c1,7.823908740944319,True,<rdkit.Chem.rdchem.Mol object at 0x735c7902f990>,False
CHEMBL3673500,CDK9,15.0,nM,CS(=O)(=O)N1CCC(c2cc3c(-c4cncc(NCc5ccccc5)n4)ccnc3[nH]2)CC1,7.823908740944319,True,<rdkit.Chem.rdchem.Mol object at 0x735c7902fa00>,False
CHEMBL3673515,CDK9,15.0,nM,CCN(C(=O)O)S(=O)(=O)N1CCC(c2cc3c(-c4cncc(NCc5ccccc5)n4)ccnc3[nH]2)CC1,7.823908740944319,True,<rdkit.Chem.rdchem.Mol object at 0x735c7902fe60>,False
CHEMBL5876164,CDK6,15.0,nM,CC(C)N1CCOc2c(F)cc(-c3nc(Nc4ccc(C5CCNCC5)c(F)c4)ncc3F)cc21,7.823908740944319,True,<rdkit.Chem.rdchem.Mol object at 0x735c7902c6d0>,False
CHEMBL5865665,CDK2,15.0,nM,Cc1nc2c(F)cc(-c3nc(Nc4ccc5c(n4)CCNC5)ncc3F)cc2n1C(C)C1CC1,7.823908740944319,True,<rdkit.Chem.rdchem.Mol object at 0x735c7904c4a0>,False
CHEMBL72548,CDK1,15.0,nM,CN(C)CCNS(=O)(=O)c1ccc(Nc2nccc(-c3cnc4ccccn34)n2)cc1,7.823908740944319,True,<rdkit.Chem.rdchem.Mol object at 0x735c7904c6d0>,False
CHEMBL3691559,CDK4,15.0,nM,CN(C)C(=O)c1cc2cnc(Nc3ccc(C(=O)N4C[C@H]5C[C@@]5(N)C4)cn3)nc2n1C1CCCC1,7.823908740944319,True,<rdkit.Chem.rdchem.Mol object at 0x735c7904cf90>,False
CHEMBL5555666,CDK9,15.05,nM,CC[C@@H](CO)Nc1nc(NCc2ccc(NC(=O)C3CCOCC3)cc2)n2ncc(C(C)C)c2n1,7.822463500070137,True,<rdkit.Chem.rdchem.Mol object at 0x735c7904d380>,False
CHEMBL3698722,CDK6,15.1,nM,c1cc2c3cnc(Nc4ccc(N[C@H]5CCNC5)nn4)nc3n(C3CCCC3)c2cn1,7.82102305270683,True,<rdkit.Chem.rdchem.Mol object at 0x735c7904d8c0>,False
CHEMBL5556871,CDK9,15.17,nM,CCC(=O)Nc1ccc(CNc2nc(NC3CCCNC3)nc3c(C(C)C)cnn23)cc1,7.81901441921327,True,<rdkit.Chem.rdchem.Mol object at 0x735c7904dd90>,False
CHEMBL3698673,CDK6,15.3,nM,c1ccc2c(c1)c1cnc(Nc3ccc(N4CCNCC4)cn3)nc1n2C1CCOCC1,7.815308569182401,True,<rdkit.Chem.rdchem.Mol object at 0x735c7904e490>,False
CHEMBL1081295,CDK2,15.4,nM,Nc1cc2cc(-c3cnc(NC[C@@H](N)Cc4ccc(C(F)(F)F)cc4)s3)ccc2cn1,7.812479279163536,True,<rdkit.Chem.rdchem.Mol object at 0x735c7904e5e0>,False
CHEMBL3691572,CDK4,15.5,nM,CC(C)N1C2CCC1CN(C(=O)c1ccc(Nc3ncc4cc(C(=O)N(C)C)n(C5CCCC5)c4n3)nc1)C2,7.809668301829708,True,<rdkit.Chem.rdchem.Mol object at 0x735c7904e8f0>,False
CHEMBL5813772,CDK2,15.5,nM,Cc1nc2c(F)cc(-c3nc(Nc4ccc5c(n4)CCN(C)C5)ncc3F)cc2n1C(C)C,7.809668301829708,True,<rdkit.Chem.rdchem.Mol object at 0x735c7904eb20>,False
CHEMBL3698738,CDK6,15.7,nM,N[C@H]1CCN(c2ccc(Nc3ncc4c5ccncc5n(C5CCCC5)c4n3)nn2)C1,7.804100347590766,True,<rdkit.Chem.rdchem.Mol object at 0x735c7904f300>,False
CHEMBL4215568,CDK4,15.8,nM,CCN1CCN(Cc2ccc(Nc3ncc(F)c(-c4cc(F)c5nc6n(c5c4)CC(C)C6)n3)nc2)CC1,7.801342913045577,True,<rdkit.Chem.rdchem.Mol object at 0x735c7904f760>,False
CHEMBL3702051,CDK6,15.8,nM,COCCN1CCN(c2ccc(Nc3ncc4c5ccncc5n(C5CCCC5)c4n3)nn2)CC1,7.801342913045577,True,<rdkit.Chem.rdchem.Mol object at 0x735c7904f8b0>,False
CHEMBL4210028,CDK6,15.8,nM,CCN1CCN(Cc2ccc(Nc3ncc(F)c(-c4ccc5nc6n(c5c4)C(C)(C)CC6)n3)nc2)CC1,7.801342913045577,True,<rdkit.Chem.rdchem.Mol object at 0x735c7904ccf0>,False
CHEMBL3698723,CDK6,15.9,nM,O=S1(=O)CCC(Nc2ccc(Nc3ncc4c5ccncc5n(C5CCCC5)c4n3)nn2)C1,7.798602875679548,True,<rdkit.Chem.rdchem.Mol object at 0x735c7904d0e0>,False
CHEMBL497564,CDK4,16.0,nM,c1cc(Nc2nccc(-c3cnn4ncccc34)n2)cc(-c2cocn2)c1,7.795880017344075,True,<rdkit.Chem.rdchem.Mol object at 0x735c7904c190>,False
CHEMBL5789496,CDK9,16.0,nM,COC1CCc2c(-c3cc(NC(=O)[C@@H]4CCC[C@@H](NC(C)=O)C4)ncc3Cl)cnn2C1,7.795880017344075,True,<rdkit.Chem.rdchem.Mol object at 0x735c7904e340>,False
CHEMBL3702068,CDK6,16.0,nM,CCC(CC)n1c2cnccc2c2cnc(Nc3ccc(N4CCNCC4)cn3)nc21,7.795880017344075,True,<rdkit.Chem.rdchem.Mol object at 0x735c7904eb90>,False
CHEMBL2158857,CDK2,16.0,nM,NS(=O)(=O)c1cccc(Nc2nccc(-c3ccnc(N4CCCCC4)c3)n2)c1,7.795880017344075,True,<rdkit.Chem.rdchem.Mol object at 0x735c7904f990>,False
CHEMBL3702070,CDK6,16.0,nM,CCC(CC)n1c2cnccc2c2cnc(Nc3ccc(N4CCC(N(C)C)CC4)nn3)nc21,7.795880017344075,True,<rdkit.Chem.rdchem.Mol object at 0x735c7904fe60>,False
CHEMBL3702152,CDK4,16.0,nM,O=C1COC2(CCN(c3ccc(Nc4ncc5c6ccncc6n(C6CCCC6)c5n4)nn3)CC2)CN1,7.795880017344075,True,<rdkit.Chem.rdchem.Mol object at 0x735c790245f0>,False
CHEMBL3702246,CDK6,16.0,nM,c1cc2c3cnc(Nc4ccc(N5CCNCC5)nn4)nc3n(C3CCC3)c2cn1,7.795880017344075,True,<rdkit.Chem.rdchem.Mol object at 0x735c790246d0>,False
CHEMBL3702193,CDK6,16.0,nM,C[C@@H](O)CNc1ccc(Nc2ncc3c4ccncc4n(C4CCCC4)c3n2)nn1,7.795880017344075,True,<rdkit.Chem.rdchem.Mol object at 0x735c790251c0>,False
CHEMBL2012398,CDK1,16.0,nM,Cn1cc(Nc2ncc3cnn([C@H]4CC[C@H]5CCC[C@H]54)c3n2)cc1C(N)=O,7.795880017344075,True,<rdkit.Chem.rdchem.Mol object at 0x735c79025690>,False
CHEMBL5170195,CDK9,16.0,nM,COc1cc(F)ccc1-c1ccnc2[nH]c(-c3ccc(CN4CCOCC4)cc3)cc12,7.795880017344075,True,<rdkit.Chem.rdchem.Mol object at 0x735c79025cb0>,False
CHEMBL3691584,CDK4,16.0,nM,CN(C)C(=O)c1cc2cnc(Nc3ccc(C(=O)N4CC5(CNC5)C4)cn3)nc2n1C1CCCC1,7.795880017344075,True,<rdkit.Chem.rdchem.Mol object at 0x735c790260a0>,False
CHEMBL361833,CDK2,16.0,nM,N[C@H]1CC[C@H](Nc2cc(Nc3ccc(S(=O)(=O)c4ccccc4)cc3)n3ncc(Br)c3n2)CC1,7.795880017344075,True,<rdkit.Chem.rdchem.Mol object at 0x735c79026260>,False
CHEMBL3648126,CDK2,16.0,nM,CC(C)Nc1nc(Nc2ccc(S(C)(=N)=O)cc2)ncc1Br,7.795880017344075,True,<rdkit.Chem.rdchem.Mol object at 0x735c79026c00>,False
CHEMBL3702132,CDK6,16.0,nM,CN(C)C1CCN(C(=O)c2ccc(Nc3ncc4c5ccncc5n(C5CCCC5)c4n3)nc2)CC1,7.795880017344075,True,<rdkit.Chem.rdchem.Mol object at 0x735c79024820>,False
CHEMBL5761374,CDK4,16.0,nM,OC1CCN(c2ccc(Nc3ncc(F)c(-c4cc(F)c5c(c4)N(C4CCC4)CCO5)n3)nc2)CC1,7.795880017344075,True,<rdkit.Chem.rdchem.Mol object at 0x735c790249e0>,False
CHEMBL3648094,CDK1,16.0,nM,CCS(=N)(=O)c1ccc(Nc2ncc(Br)c(N[C@H](COC)[C@H](C)O)n2)cc1,7.795880017344075,True,<rdkit.Chem.rdchem.Mol object at 0x735c79025930>,False
CHEMBL3648127,CDK2,16.0,nM,CCC(CO)Sc1nc(Nc2ccc(S(C)(=N)=O)cc2)ncc1Br,7.795880017344075,True,<rdkit.Chem.rdchem.Mol object at 0x735c790263b0>,False
CHEMBL5930291,CDK9,16.0,nM,O=C(Nc1cc(-c2ccc3ncn(CC4(N5CCCC5)COC4)c3c2)c(Cl)cn1)[C@@H]1CCCNC1,7.795880017344075,True,<rdkit.Chem.rdchem.Mol object at 0x735c79026570>,False
CHEMBL3641999,CDK6,16.0,nM,CNCCN(C)C1CCN(c2ccc(Nc3ncc4c5ccncc5n(C5CCCC5)c4n3)nn2)CC1,7.795880017344075,True,<rdkit.Chem.rdchem.Mol object at 0x735c79026880>,False
CHEMBL5570843,CDK9,16.0,nM,COc1ccccc1-c1cccc(Nc2cccc(N3CCCNCC3)c2)n1,7.795880017344075,True,<rdkit.Chem.rdchem.Mol object at 0x735c79026960>,False
CHEMBL3702241,CDK6,16.0,nM,CN(C)C1CCN(c2ccc(Nc3ncc4c5ccncc5n(C5CCC5)c4n3)nc2)CC1,7.795880017344075,True,<rdkit.Chem.rdchem.Mol object at 0x735c790273e0>,False
CHEMBL3702047,CDK4,16.0,nM,CCN1CCN(c2ccc(Nc3ncc4c5ccncc5n(C5CCCC5)c4n3)nc2)CC1,7.795880017344075,True,<rdkit.Chem.rdchem.Mol object at 0x735c79027450>,False
CHEMBL523735,CDK2,16.0,nM,NC(=O)c1ccc(Nc2nccc(-c3cnn4ncccc34)n2)cc1,7.795880017344075,True,<rdkit.Chem.rdchem.Mol object at 0x735c790274c0>,False
CHEMBL3663743,CDK9,16.0,nM,COc1ccc(F)cc1-c1ccnc2[nH]c(C3CCCNC3)cc12,7.795880017344075,True,<rdkit.Chem.rdchem.Mol object at 0x735c790276f0>,False
CHEMBL3642006,CDK6,16.0,nM,O[C@H]1CCN(C2CCN(c3ccc(Nc4ncc5c6ccncc6n(C6CCCC6)c5n4)nn3)CC2)C1,7.795880017344075,True,<rdkit.Chem.rdchem.Mol object at 0x735c79027760>,False
CHEMBL5807765,CDK6,16.0,nM,CC1CN(C(=O)c2ccc(Nc3ncc(F)c(-c4cc(F)c5c(c4)N(C(C)C)CCO5)n3)nc2)CC(C)O1,7.795880017344075,True,<rdkit.Chem.rdchem.Mol object at 0x735c790277d0>,False
CHEMBL6005062,CDK6,16.0,nM,Fc1cnc(Nc2ccc3c(n2)CCNC3)nc1-c1cc(F)c2c(c1)N(C1CCC1)CCO2,7.795880017344075,True,<rdkit.Chem.rdchem.Mol object at 0x735c79027bc0>,False
CHEMBL3702087,CDK6,16.0,nM,COc1ccc2c3cnc(Nc4ccc(N5CCNCC5)cn4)nc3n(C3CCCC3)c2n1,7.795880017344075,True,<rdkit.Chem.rdchem.Mol object at 0x735c79027d10>,False
CHEMBL5977301,CDK9,16.0,nM,O=C1NC2CC(C(=O)Nc3cc(-c4ccc5ncn(Cc6cccc(F)c6)c5c4)c(Cl)cn3)CC2O1,7.795880017344075,True,<rdkit.Chem.rdchem.Mol object at 0x735c79025460>,False
CHEMBL3702037,CDK4,16.0,nM,C[C@H]1CN(c2ccc(Nc3ncc4c5cc[nH]c(=O)c5n(C5CCCC5)c4n3)nn2)CCN1,7.795880017344075,True,<rdkit.Chem.rdchem.Mol object at 0x735c79025a10>,False
CHEMBL3648085,CDK1,16.0,nM,CCOC(=O)N=S(C)(=O)c1ccc(Nc2ncc(Br)c(N[C@H](C)[C@H](C)O)n2)cc1,7.795880017344075,True,<rdkit.Chem.rdchem.Mol object at 0x735c79026110>,False
CHEMBL5769299,CDK9,16.0,nM,CC(C)(C)OC(=O)N[C@@H]1CCC[C@H](C(=O)Nc2cc(-c3cnn4c3CCCC4)c(Cl)cn2)C1,7.795880017344075,True,<rdkit.Chem.rdchem.Mol object at 0x735c790484a0>,False
CHEMBL3298414,CDK2,16.0,nM,O=C(N[C@H](CO)c1ccc(F)c(Cl)c1)N1CCc2cnc(NC3CCOCC3)nc2C1,7.795880017344075,True,<rdkit.Chem.rdchem.Mol object at 0x735c79048740>,False
CHEMBL3702232,CDK4,16.0,nM,CC[C@H](C)n1c2cnccc2c2cnc(Nc3ccc(N4CCNC(C)(C)C4)nn3)nc21,7.795880017344075,True,<rdkit.Chem.rdchem.Mol object at 0x735c79048dd0>,False
CHEMBL5852870,CDK4,16.0,nM,CC(C)N1CCOc2c(F)cc(-c3nc(Nc4ncc(C5CCNCC5)cn4)ncc3F)cc21,7.795880017344075,True,<rdkit.Chem.rdchem.Mol object at 0x735c7904bed0>,False
CHEMBL3691561,CDK4,16.0,nM,CN(C)C(=O)c1cc2cnc(Nc3ccc(C(=O)N4CC5CCC(C4)N5)cn3)nc2n1C1CCCC1,7.795880017344075,True,<rdkit.Chem.rdchem.Mol object at 0x735c79048200>,False
CHEMBL3702132,CDK4,16.0,nM,CN(C)C1CCN(C(=O)c2ccc(Nc3ncc4c5ccncc5n(C5CCCC5)c4n3)nc2)CC1,7.795880017344075,True,<rdkit.Chem.rdchem.Mol object at 0x735c79048350>,False
CHEMBL189963,CDK6,16.0,nM,CC(=O)c1c(C)c2cnc(Nc3ccc(N4CCNCC4)cn3)nc2n(C2CCCC2)c1=O,7.795880017344075,True,<rdkit.Chem.rdchem.Mol object at 0x735c790485f0>,False
CHEMBL3702192,CDK6,16.1,nM,OCCNc1ccc(Nc2ncc3c4ccncc4n(C4CCCC4)c3n2)nn1,7.79317412396815,True,<rdkit.Chem.rdchem.Mol object at 0x735c79048890>,False
CHEMBL6044246,CDK6,16.1,nM,Cc1nc2c(F)cc(-c3nc(Nc4ccc5c(n4)CCN(CC(=O)N(C)C)C5)ncc3F)cc2n1C1CC1,7.79317412396815,True,<rdkit.Chem.rdchem.Mol object at 0x735c79048a50>,False
CHEMBL4466497,CDK9,16.2,nM,Cc1nc2c(F)cc(-c3nc(Nc4ccc5c(n4)CCN(CCN(C)C)C5)ncc3F)cc2n1C(C)(C)C,7.790484985457369,True,<rdkit.Chem.rdchem.Mol object at 0x735c79048cf0>,False
CHEMBL3698726,CDK4,16.2,nM,c1cc2c3cnc(Nc4ccc(NC5CCNCC5)nn4)nc3n(C3CCCC3)c2cn1,7.790484985457369,True,<rdkit.Chem.rdchem.Mol object at 0x735c79048f90>,False
CHEMBL5869281,CDK2,16.3,nM,Cc1nc2c(F)cc(-c3nc(Nc4ccc5c(n4)CCN(C[C@H]4CN(C)CCO4)C5)ncc3F)cc2n1C(C)(C)C,7.787812395596042,True,<rdkit.Chem.rdchem.Mol object at 0x735c79049930>,False
CHEMBL4542247,CDK2,16.3,nM,Cc1nc2c(F)cc(-c3nc(Nc4ccc5c(n4)CCN(CCN(C)C)C5)ncc3F)cc2n1C1(C)CC1,7.787812395596042,True,<rdkit.Chem.rdchem.Mol object at 0x735c79049cb0>,False
CHEMBL3684984,CDK4,16.5,nM,C[C@H]1CC[C@H](n2c3cnccc3c3cnc(Nc4ccc5c(n4)C(O)CNC5)nc32)CC1,7.782516055786093,True,<rdkit.Chem.rdchem.Mol object at 0x735c79049d90>,False
CHEMBL5964401,CDK2,16.5,nM,CCC(CC)n1c(C)nc2c(F)cc(-c3nc(Nc4ccc5c(n4)CCNC5)ncc3F)cc21,7.782516055786093,True,<rdkit.Chem.rdchem.Mol object at 0x735c79049e00>,False
CHEMBL3702166,CDK6,16.6,nM,Oc1cc(-c2ccc(Nc3ncc4c5ccncc5n(C5CCCC5)c4n3)nn2)ccn1,7.779891911959945,True,<rdkit.Chem.rdchem.Mol object at 0x735c79049ee0>,False
CHEMBL5558477,CDK9,16.91,nM,CC[C@@H](CO)Nc1nc(NCc2ccc(NC(=O)C3(F)CC3)cc2)n2ncc(C(C)C)c2n1,7.771856392402258,True,<rdkit.Chem.rdchem.Mol object at 0x735c79049fc0>,False
CHEMBL3691640,CDK4,17.0,nM,CN(C)C(=O)c1cc2cnc(Nc3ccc(N4CC5(CCCNCC5)OC4=O)cn3)nc2n1C1CCCC1,7.769551078621726,True,<rdkit.Chem.rdchem.Mol object at 0x735c7904a260>,False
CHEMBL3668421,CDK9,17.0,nM,CN1CCC(c2cc3c(-c4cccc(NCCc5ccccc5)n4)ccnc3[nH]2)CC1,7.769551078621726,True,<rdkit.Chem.rdchem.Mol object at 0x735c7904a3b0>,False
CHEMBL3702070,CDK4,17.0,nM,CCC(CC)n1c2cnccc2c2cnc(Nc3ccc(N4CCC(N(C)C)CC4)nn3)nc21,7.769551078621726,True,<rdkit.Chem.rdchem.Mol object at 0x735c7904a7a0>,False
CHEMBL3641989,CDK4,17.0,nM,CC1(C)CN(c2ccc(Nc3ncc4c5ccncc5n([C@@H]5CCOC5)c4n3)nc2)CCN1,7.769551078621726,True,<rdkit.Chem.rdchem.Mol object at 0x735c7904a960>,False
CHEMBL3663799,CDK9,17.0,nM,COc1ccc(F)cc1-c1ccnc2[nH]c(C3CCNC3)cc12,7.769551078621726,True,<rdkit.Chem.rdchem.Mol object at 0x735c7904ab20>,False
CHEMBL3668480,CDK9,17.0,nM,Fc1cncc(CNc2ccc(Cl)c(-c3ccnc4[nH]c(C5CCCNC5)cc34)n2)c1,7.769551078621726,True,<rdkit.Chem.rdchem.Mol object at 0x735c7904af10>,False
CHEMBL3702057,CDK4,17.0,nM,CC(=O)N1CCN(c2ccc(Nc3ncc4c5ccncc5n(C5CCCC5)c4n3)nc2)CC1,7.769551078621726,True,<rdkit.Chem.rdchem.Mol object at 0x735c7904b5a0>,False
CHEMBL3702072,CDK6,17.0,nM,O[C@H]1CCN(Cc2csc(Nc3ncc4c5ccncc5n(C5CCCC5)c4n3)n2)C1,7.769551078621726,True,<rdkit.Chem.rdchem.Mol object at 0x735c7904b6f0>,False
CHEMBL3702141,CDK6,17.0,nM,c1cc2c3cnc(Nc4ccc(N5CCNCC5)cn4)cc3n(C3CCSC3)c2cn1,7.769551078621726,True,<rdkit.Chem.rdchem.Mol object at 0x735c7904bc30>,False
CHEMBL5767699,CDK9,17.0,nM,CC(=O)N[C@H]1CCC[C@H](C(=O)Nc2cc(-c3cnn4c3CC(C)(C)CC4)c(Cl)cn2)C1,7.769551078621726,True,<rdkit.Chem.rdchem.Mol object at 0x735c7904bd80>,False
CHEMBL3663777,CDK9,17.0,nM,Fc1ccc(F)c(CNc2ccc(Cl)c(-c3ccnc4[nH]c(C5CCNCC5)cc34)n2)c1,7.769551078621726,True,<rdkit.Chem.rdchem.Mol object at 0x735c79048900>,False
CHEMBL3668350,CDK9,17.0,nM,COc1ccc(F)cc1-c1ccnc2[nH]c(C3CCNCC3)c(C)c12,7.769551078621726,True,<rdkit.Chem.rdchem.Mol object at 0x735c7904ace0>,False
CHEMBL1080893,CDK2,17.0,nM,Cc1n[nH]c2ccc(-c3nnc(NC[C@@H](N)Cc4cccc(Cl)c4)s3)cc12,7.769551078621726,True,<rdkit.Chem.rdchem.Mol object at 0x735c7904ae30>,False
CHEMBL3691544,CDK4,17.0,nM,CN(C)C(=O)c1cc2cnc(Nc3ccc(C(=O)N4C[C@H]5CNC[C@@H](C4)C5O)cn3)nc2n1C1CCCC1,7.769551078621726,True,<rdkit.Chem.rdchem.Mol object at 0x735c7904b060>,False
CHEMBL180814,CDK2,17.0,nM,CC(C)c1cnn2c(Nc3ccc(S(=O)(=O)N(C)C)cc3)cc(O[C@H]3CC[C@H](N)CC3)nc12,7.769551078621726,True,<rdkit.Chem.rdchem.Mol object at 0x735c7904b8b0>,False
CHEMBL3673533,CDK9,17.0,nM,CNC(=O)N1CC=C(c2cc3c(-c4cncc(NCc5cccc(F)c5)n4)ccnc3[nH]2)CC1,7.769551078621726,True,<rdkit.Chem.rdchem.Mol object at 0x735c78f50120>,False
CHEMBL1080911,CDK2,17.0,nM,Cc1n[nH]c2ccc(-c3nnc(NC[C@@H](N)Cc4ccc(C(F)(F)F)cc4)s3)cc12,7.769551078621726,True,<rdkit.Chem.rdchem.Mol object at 0x735c78f502e0>,False
CHEMBL487066,CDK2,17.0,nM,Cc1ncc(-c2ccnc(Nc3ccc(C(=O)NC4CC4)cc3)n2)n1C(C)C,7.769551078621726,True,<rdkit.Chem.rdchem.Mol object at 0x735c78f50900>,False
CHEMBL3663769,CDK9,17.0,nM,COc1ccc(F)cc1-c1ccnc2[nH]c(C3CCN(C)CC3)cc12,7.769551078621726,True,<rdkit.Chem.rdchem.Mol object at 0x735c78f52810>,False
CHEMBL3702248,CDK4,17.0,nM,CC1(C)CN(c2ccc(Nc3ncc4c5ccncc5n(C5CCC5)c4n3)nn2)CCN1,7.769551078621726,True,<rdkit.Chem.rdchem.Mol object at 0x735c78f52d50>,False
CHEMBL3702032,CDK4,17.0,nM,CC1CN(c2ccc(Nc3ncc4c5cc[nH]c(=O)c5n(C5CCCC5)c4n3)nc2)CC(C)N1,7.769551078621726,True,<rdkit.Chem.rdchem.Mol object at 0x735c78f53450>,False
CHEMBL6051269,CDK9,17.0,nM,O=C(Nc1cc(-c2cnn3c2CCCC3)c(Cl)cn1)[C@H]1CCC[C@@H](NC(=O)C2(O)CC2)C1,7.769551078621726,True,<rdkit.Chem.rdchem.Mol object at 0x735c78f538b0>,False
CHEMBL192042,CDK2,17.0,nM,C[C@H](C(=O)Nc1cc(C2CC2)[nH]n1)c1ccc(N2CCN(C)C2=O)cc1,7.769551078621726,True,<rdkit.Chem.rdchem.Mol object at 0x735c78f50a50>,False
CHEMBL509012,CDK2,17.0,nM,CC(C)C1CC(C(=O)Nc2ncc(SCc3ncc(C(C)(C)C)o3)s2)CCN1,7.769551078621726,True,<rdkit.Chem.rdchem.Mol object at 0x735c78f50d60>,False
CHEMBL6030659,CDK9,17.0,nM,O=C(Nc1cc(-c2ccc3ncn(Cc4ccccc4F)c3c2)c(Cl)cn1)[C@@H]1CCCNC1,7.769551078621726,True,<rdkit.Chem.rdchem.Mol object at 0x735c78f50eb0>,False
CHEMBL3642034,CDK6,17.0,nM,CN(C)CCN(C)C1CCN(c2ccc(Nc3ncc4c5ccncc5n(C5CCCC5)c4n3)nn2)CC1,7.769551078621726,True,<rdkit.Chem.rdchem.Mol object at 0x735c78f51000>,False
CHEMBL3702177,CDK4,17.0,nM,CN(C)C1CCN(c2ccc(Nc3ncc4c5ccncc5n(C5CCSCC5)c4n3)nn2)CC1,7.769551078621726,True,<rdkit.Chem.rdchem.Mol object at 0x735c78f51150>,False
CHEMBL3698704,CDK4,17.0,nM,COC1CCN(c2ccc(Nc3ncc4c5ccncc5n(C5CCCC5)c4n3)nc2)C1,7.769551078621726,True,<rdkit.Chem.rdchem.Mol object at 0x735c78f515b0>,False
CHEMBL3698700,CDK4,17.0,nM,c1cc2c3cnc(Nc4ccc(NC5CCNCC5)cn4)nc3n(C3CCCC3)c2cn1,7.769551078621726,True,<rdkit.Chem.rdchem.Mol object at 0x735c78f51690>,False
CHEMBL3648102,CDK1,17.0,nM,CC(O)C(C)Sc1nc(Nc2ccc(S(C)(=N)=O)cc2)ncc1Br,7.769551078621726,True,<rdkit.Chem.rdchem.Mol object at 0x735c78f51fc0>,False
CHEMBL103382,CDK2,17.4,nM,NS(=O)(=O)c1ccc(Nc2cc(-c3ccc(F)cc3)[nH]n2)cc1,7.7594507517174,True,<rdkit.Chem.rdchem.Mol object at 0x735c78f53140>,False
CHEMBL4205645,CDK6,17.4,nM,CCN1CCN(Cc2ccc(Nc3nccc(-c4cc(F)c5nc6n(c5c4)C(C)(C)CC6)n3)nc2)CC1,7.7594507517174,True,<rdkit.Chem.rdchem.Mol object at 0x735c78f533e0>,False
CHEMBL5557963,CDK9,17.44,nM,CCC(=O)Nc1ccc(CNc2nc(NC3CCOCC3)nc3c(C(C)C)cnn23)cc1,7.758453519403451,True,<rdkit.Chem.rdchem.Mol object at 0x735c78f53d10>,False
CHEMBL4207966,CDK4,17.6,nM,CCN1CCN(Cc2ccc(Nc3nccc(-c4cc(F)c5nc6n(c5c4)C(C)CC6)n3)nc2)CC1,7.75448733218585,True,<rdkit.Chem.rdchem.Mol object at 0x735c78f51d20>,False
CHEMBL5748748,CDK2,17.6,nM,CC1(C)CCc2nc3c(F)cc(-c4nc(Nc5ccc6c(n5)CCN(C(=O)CO)C6)ncc4F)cc3n21,7.75448733218585,True,<rdkit.Chem.rdchem.Mol object at 0x735c78f53290>,False
CHEMBL3648103,CDK2,18.0,nM,CCC(Sc1nc(Nc2ccc(S(C)(=N)=O)cc2)ncc1Br)C(C)O,7.744727494896693,True,<rdkit.Chem.rdchem.Mol object at 0x735c78f50cf0>,False
CHEMBL445813,CDK4,18.0,nM,O=C(NC1CCNCC1)c1n[nH]cc1NC(=O)c1c(Cl)cccc1Cl,7.744727494896693,True,<rdkit.Chem.rdchem.Mol object at 0x735c78f53840>,False
CHEMBL451462,CDK2,18.0,nM,Cc1ncc(-c2nc(Nc3ccc(C(=O)N4CCN(C)CC4)cc3)ncc2F)n1C(C)C,7.744727494896693,True,<rdkit.Chem.rdchem.Mol object at 0x735c78f5c970>,False
CHEMBL5863217,CDK6,18.0,nM,CC(C)N1CCOc2c(F)cc(-c3nc(Nc4ccc(C(=O)N5CCC(O)CC5)cn4)ncc3F)cc21,7.744727494896693,True,<rdkit.Chem.rdchem.Mol object at 0x735c78f5cc10>,False
CHEMBL3648106,CDK1,18.0,nM,CC(CO)Sc1nc(Nc2ccc(S(C)(=N)=O)cc2)ncc1Br,7.744727494896693,True,<rdkit.Chem.rdchem.Mol object at 0x735c78f5d930>,False
CHEMBL3642026,CDK6,18.0,nM,CN(CC(=O)O)C1CCN(c2ccc(Nc3ncc4c5ccncc5n(C5CCCC5)c4n3)nc2)CC1,7.744727494896693,True,<rdkit.Chem.rdchem.Mol object at 0x735c78f5dd90>,False
CHEMBL3642018,CDK6,18.0,nM,OC1CCN(C2CCN(c3ccc(Nc4ncc5c6ccncc6n(C6CCCC6)c5n4)nc3)CC2)CC1,7.744727494896693,True,<rdkit.Chem.rdchem.Mol object at 0x735c78f5c580>,False
CHEMBL3691575,CDK4,18.0,nM,CN(C)C(=O)c1cc2cnc(Nc3ccc(C(=O)N4CC5CNCC5C4)cn3)nc2n1C1CCCC1,7.744727494896693,True,<rdkit.Chem.rdchem.Mol object at 0x735c78f5c6d0>,False
CHEMBL3914273,CDK4,18.0,nM,CN(C)C(=O)c1cc2cnc(Nc3ccc(C(=O)N4C[C@@H]5C[C@]5(N)C4)cn3)nc2n1C1CCCC1,7.744727494896693,True,<rdkit.Chem.rdchem.Mol object at 0x735c78f5c820>,False
CHEMBL83775,CDK2,18.0,nM,COc1cc(-c2ccc[nH]2)c2c3c(ccc(F)c13)NC2=O,7.744727494896693,True,<rdkit.Chem.rdchem.Mol object at 0x735c78f5cac0>,False
CHEMBL3702150,CDK4,18.0,nM,c1cc2c3cnc(Nc4ccc(N5CCNC6(CCCCC6)C5)nn4)nc3n(C3CCCC3)c2cn1,7.744727494896693,True,<rdkit.Chem.rdchem.Mol object at 0x735c78f5cdd0>,False
CHEMBL4214566,CDK4,18.0,nM,CCN1CCN(Cc2ccc(Nc3ncc(F)c(-c4cc(F)c5nc6n(c5c4)CCC6)n3)nc2)CC1,7.744727494896693,True,<rdkit.Chem.rdchem.Mol object at 0x735c78f5ceb0>,False
CHEMBL3668481,CDK9,18.0,nM,Fc1cnc(NCc2ccccc2)cc1-c1ccnc2[nH]c(C3CCCNC3)cc12,7.744727494896693,True,<rdkit.Chem.rdchem.Mol object at 0x735c78f5d070>,False
CHEMBL3691639,CDK4,18.0,nM,CN(C)C(=O)c1cc2cnc(Nc3ccc(N4CC5(CC6CCC(C5)N6C)OC4=O)cn3)nc2n1C1CCCC1,7.744727494896693,True,<rdkit.Chem.rdchem.Mol object at 0x735c78f5d230>,False
CHEMBL3663775,CDK9,18.0,nM,Clc1ccc(NCc2cccnc2)nc1-c1ccnc2[nH]c(C3CCNCC3)cc12,7.744727494896693,True,<rdkit.Chem.rdchem.Mol object at 0x735c78f5d2a0>,False
CHEMBL3642007,CDK6,18.0,nM,O[C@@H]1CCCN(C2CCN(c3ccc(Nc4ncc5c6ccncc6n(C6CCCC6)c5n4)nn3)CC2)C1,7.744727494896693,True,<rdkit.Chem.rdchem.Mol object at 0x735c78f5d460>,False
CHEMBL6007997,CDK6,18.0,nM,Cc1nc(Nc2ncc(F)c(-c3cc(F)c4c(c3)N(C(C)C)CCO4)n2)ccc1C1CCN(C)CC1,7.744727494896693,True,<rdkit.Chem.rdchem.Mol object at 0x735c78f5d700>,False
CHEMBL3673549,CDK9,18.0,nM,O=C(O)C1CC=C(c2cc3c(-c4cncc(OCc5cccc(F)c5)n4)ccnc3[nH]2)CC1,7.744727494896693,True,<rdkit.Chem.rdchem.Mol object at 0x735c78f5d850>,False
CHEMBL6148270,CDK9,18.0,nM,c1cc(-c2cnn(CC3CC3)c2)c2cc(C3CCNCC3)[nH]c2n1,7.744727494896693,True,<rdkit.Chem.rdchem.Mol object at 0x735c78f5dbd0>,False
CHEMBL442186,CDK2,18.0,nM,O=C1Nc2ccc(F)c3c(SC[C@@H]4CCCN4)cc(-c4ccc[nH]4)c1c23,7.744727494896693,True,<rdkit.Chem.rdchem.Mol object at 0x735c78f5de70>,False
CHEMBL5542666,CDK9,18.23,nM,CCC(=O)Nc1ccc(CNc2nc(N[C@@H](CC)CO)nc3c(C(C)C)cnn23)cc1,7.739213331345024,True,<rdkit.Chem.rdchem.Mol object at 0x735c78f5e110>,False
CHEMBL3684980,CDK4,18.4,nM,C[C@H]1CC[C@H](n2c3cnccc3c3cnc(Nc4cc5c(cn4)CCN(CCO)C5)nc32)CC1,7.735182176990463,True,<rdkit.Chem.rdchem.Mol object at 0x735c78f5e180>,False
CHEMBL5873158,CDK2,18.5,nM,Cc1nc2c(F)cc(-c3nc(Nc4ccc5c(n4)CCNC5)ncc3F)cc2n1C(C)(C)C,7.732828271596986,True,<rdkit.Chem.rdchem.Mol object at 0x735c78f5e3b0>,False
CHEMBL5788017,CDK6,18.7,nM,CN(C)C1CCN(c2ccc(Nc3ncc4cc(S(C)(=O)=O)n(C5CCCC5)c4n3)nc2)CC1,7.7281583934635005,True,<rdkit.Chem.rdchem.Mol object at 0x735c78f5e570>,False
CHEMBL4207474,CDK6,18.7,nM,Cc1nc(Nc2ncc(F)c(-c3cc(F)c4nc5n(c4c3)C(C)(C)CC5)n2)ccc1CN1CCNCC1,7.7281583934635005,True,<rdkit.Chem.rdchem.Mol object at 0x735c78f5ec70>,False
CHEMBL3684986,CDK4,18.8,nM,CC(=O)N1Cc2ccc(Nc3ncc4c5ccncc5n([C@H]5CC[C@H](C)CC5)c4n3)nc2[C@H](C)C1,7.72584215073632,True,<rdkit.Chem.rdchem.Mol object at 0x735c78f5ece0>,False
CHEMBL6021833,CDK6,18.9,nM,Cc1nc2c(F)cc(-c3nc(Nc4ccc5c(n4)CCNC5)ncc3F)cc2n1C1CC1,7.723538195826756,True,<rdkit.Chem.rdchem.Mol object at 0x735c78f5f0d0>,False
CHEMBL4207474,CDK4,18.9,nM,Cc1nc(Nc2ncc(F)c(-c3cc(F)c4nc5n(c4c3)C(C)(C)CC5)n2)ccc1CN1CCNCC1,7.723538195826756,True,<rdkit.Chem.rdchem.Mol object at 0x735c78f5f450>,False
CHEMBL6034187,CDK9,19.0,nM,Fc1cccc(Cn2cnc3ccc(-c4cc(NC5CC6(CCNC6)C5)ncc4Cl)cc32)c1,7.721246399047171,True,<rdkit.Chem.rdchem.Mol object at 0x735c78f5f7d0>,False
CHEMBL3691650,CDK4,19.0,nM,CN(C)C(=O)c1cc2cnc(Nc3ccc(N4CCC5(CCCN5)C4=O)cn3)nc2n1C1CCCC1,7.721246399047171,True,<rdkit.Chem.rdchem.Mol object at 0x735c78f5e880>,False
CHEMBL3702175,CDK4,19.0,nM,COCC(C)(C)n1c2cnccc2c2cnc(Nc3ccc(N4CCC(N(C)C)CC4)cn3)nc21,7.721246399047171,True,<rdkit.Chem.rdchem.Mol object at 0x735c78f5ea40>,False
CHEMBL3648104,CDK1,19.0,nM,CC(Sc1nc(Nc2ccc(S(C)(=N)=O)cc2)ncc1Br)C(C)(C)O,7.721246399047171,True,<rdkit.Chem.rdchem.Mol object at 0x735c78f5fdf0>,False
CHEMBL3691557,CDK4,19.0,nM,CN(C)C(=O)c1cc2cnc(Nc3ccc(C(=O)N4CC5CC5(N)C4)cn3)nc2n1C1CCCC1,7.721246399047171,True,<rdkit.Chem.rdchem.Mol object at 0x735c78f4d7e0>,False
CHEMBL2158845,CDK2,19.0,nM,NS(=O)(=O)c1cccc(Nc2nccc(-c3ccnc(N4CCOCC4)c3)n2)c1,7.721246399047171,True,<rdkit.Chem.rdchem.Mol object at 0x735c78f4dd20>,False
CHEMBL4207451,CDK6,19.0,nM,CC1(C)CCc2nc3c(F)cc(-c4nc(Nc5ccc(CN6CCN(C7CC7)CC6)cn5)ncc4F)cc3n21,7.721246399047171,True,<rdkit.Chem.rdchem.Mol object at 0x735c78f4e110>,False
CHEMBL3702028,CDK4,19.0,nM,CC1CCN(c2ccc(Nc3ncc4c5ccncc5n(C5CCCC5)c4n3)nn2)C1,7.721246399047171,True,<rdkit.Chem.rdchem.Mol object at 0x735c78f4e5e0>,False
CHEMBL3668452,CDK9,19.0,nM,COc1ccc(F)cc1-c1ccnc2[nH]c(C3CCN(C(=O)CN4CCOCC4)CC3)cc12,7.721246399047171,True,<rdkit.Chem.rdchem.Mol object at 0x735c78f4ec00>,False
CHEMBL5188442,CDK9,19.0,nM,COc1cc(F)ccc1-c1ccnc2[nH]c(-c3ccc(CN4CCOCC4)cc3)nc12,7.721246399047171,True,<rdkit.Chem.rdchem.Mol object at 0x735c78f4c580>,False
CHEMBL3642023,CDK6,19.0,nM,c1cc2c3cnc(Nc4ccc(N5CCC(NC6CCC6)CC5)cn4)nc3n(C3CCCC3)c2cn1,7.721246399047171,True,<rdkit.Chem.rdchem.Mol object at 0x735c78f4c5f0>,False
CHEMBL5858683,CDK9,19.0,nM,C[C@H](c1cccc(F)c1)n1cnc2ccc(-c3cc(NC(=O)[C@@H]4CCCNC4)ncc3Cl)cc21,7.721246399047171,True,<rdkit.Chem.rdchem.Mol object at 0x735c78f4c660>,False
CHEMBL1080913,CDK2,19.0,nM,Cc1n[nH]c2ccc(-c3nnc(NC[C@@H](N)Cc4ccc(F)c(F)c4)s3)cc12,7.721246399047171,True,<rdkit.Chem.rdchem.Mol object at 0x735c78f4c900>,False
CHEMBL3668497,CDK9,19.0,nM,CCN(C(=O)O)S(=O)(=O)N1CC=C(c2cc3c(-c4cc(F)ccc4OC)ccnc3[nH]2)CC1,7.721246399047171,True,<rdkit.Chem.rdchem.Mol object at 0x735c78f4ca50>,False
CHEMBL3691668,CDK4,19.0,nM,CN(C)C(=O)c1cc2cnc(Nc3ccc(N4C[C@@H]5CC[C@H](CC4=O)N5)cn3)nc2n1C1CCCCC1,7.721246399047171,True,<rdkit.Chem.rdchem.Mol object at 0x735c78f4d230>,False
CHEMBL457979,CDK2,19.0,nM,Cc1ncc(-c2ccnc(Nc3ccc(S(=O)(=O)Cc4ccccc4)cc3)n2)n1C(C)C,7.721246399047171,True,<rdkit.Chem.rdchem.Mol object at 0x735c78f4d380>,False
CHEMBL3673526,CDK9,19.0,nM,CNC(=O)N1CCC(c2cc3c(-c4cncc(NCc5cccc(F)c5)n4)ccnc3[nH]2)CC1,7.721246399047171,True,<rdkit.Chem.rdchem.Mol object at 0x735c78f4d690>,False
CHEMBL3663761,CDK9,19.0,nM,COc1cc(Cl)ccc1-c1ccnc2[nH]c(C3CCNCC3)cc12,7.721246399047171,True,<rdkit.Chem.rdchem.Mol object at 0x735c78f4da80>,False
CHEMBL3663780,CDK9,19.0,nM,Fc1ccc(CNc2ccc(Cl)c(-c3ccnc4[nH]c(C5CCNCC5)cc34)n2)cc1F,7.721246399047171,True,<rdkit.Chem.rdchem.Mol object at 0x735c78f4daf0>,False
CHEMBL3663760,CDK9,19.0,nM,COc1cc(F)ccc1-c1ccnc2[nH]c(C3CCNCC3)cc12,7.721246399047171,True,<rdkit.Chem.rdchem.Mol object at 0x735c78f4dbd0>,False
CHEMBL457177,CDK2,19.0,nM,O=C(N[C@H]1CC[C@H](O)CC1)c1n[nH]cc1NC(=O)c1c(F)cccc1F,7.721246399047171,True,<rdkit.Chem.rdchem.Mol object at 0x735c78f4de70>,False
CHEMBL3691602,CDK4,19.0,nM,CN(C)C(=O)c1cc2cnc(Nc3ccc(C(=O)N4CC5CCC(C4)N5C(=O)CN)cn3)nc2n1C1CCCC1,7.721246399047171,True,<rdkit.Chem.rdchem.Mol object at 0x735c78f4dee0>,False
CHEMBL562104,CDK2,19.0,nM,CNC(=O)c1nn(C)c2c1CCc1cnc(Nc3ccccc3)nc1-2,7.721246399047171,True,<rdkit.Chem.rdchem.Mol object at 0x735c78f4e1f0>,False
CHEMBL5830379,CDK9,19.0,nM,O=C(N[C@@H]1CCC[C@H](C(=O)Nc2cc(-c3cnn4c3CCCC4)c(Cl)cn2)C1)C1COC1,7.721246399047171,True,<rdkit.Chem.rdchem.Mol object at 0x735c78f4e260>,False
CHEMBL1800464,CDK1,19.0,nM,Nc1nc(NC2CCCC2)cc(-c2cc(N3C[C@H](O)[C@@H](O)C3)ccc2O)n1,7.721246399047171,True,<rdkit.Chem.rdchem.Mol object at 0x735c78f4e730>,False
CHEMBL3642013,CDK4,19.0,nM,CN(CCO)C1CCN(c2ccc(Nc3ncc4c5ccncc5n(C5CCCC5)c4n3)nc2)CC1,7.721246399047171,True,<rdkit.Chem.rdchem.Mol object at 0x735c78f4ea40>,False
CHEMBL5776531,CDK9,19.0,nM,O=C(Nc1cc(-c2cnn3c2CCCC3)c(Cl)cn1)[C@H]1CCC[C@@H](NC(=O)[C@@H]2CCOC2)C1,7.721246399047171,True,<rdkit.Chem.rdchem.Mol object at 0x735c78f4ec70>,False
CHEMBL6015242,CDK9,19.0,nM,O=C(Nc1cc(-c2ccc3nnn(Cc4ccc(F)c(F)c4)c3c2)c(Cl)cn1)[C@@H]1CCCNC1,7.721246399047171,True,<rdkit.Chem.rdchem.Mol object at 0x735c78f4eff0>,False
CHEMBL5788163,CDK9,19.0,nM,O=C(Nc1cc(-c2ccc3ncn(Cc4ccc(F)cc4)c3c2)c(Cl)cn1)[C@@H]1CCCNC1,7.721246399047171,True,<rdkit.Chem.rdchem.Mol object at 0x735c78f4fa00>,False
CHEMBL5896525,CDK9,19.0,nM,CN1CCC(CCNc2cc(-c3ccc4ncn(Cc5cccc(F)c5)c4c3)c(Cl)cn2)CC1,7.721246399047171,True,<rdkit.Chem.rdchem.Mol object at 0x735c78f4fb50>,False
CHEMBL5994625,CDK9,19.0,nM,CC(C)(O)CCNc1cc(-c2ccc3ncn(Cc4cccc(F)c4)c3c2)c(Cl)cn1,7.721246399047171,True,<rdkit.Chem.rdchem.Mol object at 0x735c78f4fca0>,False
CHEMBL3691587,CDK4,19.0,nM,CN(C)C(=O)c1cc2cnc(Nc3ccc(C(=O)N4CC5CCC(C4)N5C)cn3)nc2n1C1CCCC1,7.721246399047171,True,<rdkit.Chem.rdchem.Mol object at 0x735c78f4fe60>,False
CHEMBL2012400,CDK1,19.0,nM,Cn1cc(Nc2ncc3cnn(C4CCC5(CC4)CC5)c3n2)cc1C(N)=O,7.721246399047171,True,<rdkit.Chem.rdchem.Mol object at 0x735c78f4ff40>,False
CHEMBL3668485,CDK9,19.0,nM,CNC(=O)N1CC=C(c2cc3c(-c4cc(F)ccc4OC)ccnc3[nH]2)CC1,7.721246399047171,True,<rdkit.Chem.rdchem.Mol object at 0x735c78f4d1c0>,False
CHEMBL3663794,CDK9,19.0,nM,CN1CCC(c2cc3c(-c4nc(NCc5ccccc5)ccc4Cl)ccnc3[nH]2)CC1,7.721246399047171,True,<rdkit.Chem.rdchem.Mol object at 0x735c78f4d3f0>,False
CHEMBL392776,CDK1,19.0,nM,Cc1cc(N2CCCS2(=O)=O)c2oc(-c3ccc(O)c(Br)c3)c(O)c(=O)c2c1,7.721246399047171,True,<rdkit.Chem.rdchem.Mol object at 0x735c78f4e810>,False
CHEMBL3691679,CDK4,19.0,nM,CN(C)C(=O)c1cc2cnc(Nc3ccc(N4C[C@H]5CC[C@@H](CC4=O)N5CC(F)(F)F)cn3)nc2n1C1CCCC1,7.721246399047171,True,<rdkit.Chem.rdchem.Mol object at 0x735c78f14820>,False
CHEMBL3648092,CDK2,19.0,nM,CCOC(=O)N=S(=O)(CC)c1ccc(Nc2ncc(Br)c(O[C@H](C)[C@H](C)O)n2)cc1,7.721246399047171,True,<rdkit.Chem.rdchem.Mol object at 0x735c78f15000>,False
CHEMBL3641990,CDK6,19.0,nM,CNC1CCN(c2ccc(Nc3ncc4c5ccncc5n(C5CCC5)c4n3)nn2)CC1,7.721246399047171,True,<rdkit.Chem.rdchem.Mol object at 0x735c78f154d0>,False
CHEMBL6160789,CDK6,19.0,nM,CCN1CCN(c2ccc(Nc3ncc(F)c(-c4ccc5c(c4)OC4(CCN(C(C)=O)CC4)CC5=O)n3)nc2)CC1,7.721246399047171,True,<rdkit.Chem.rdchem.Mol object at 0x735c78f15620>,False
CHEMBL3684985,CDK4,19.2,nM,C[C@H]1CC[C@H](n2c3cnccc3c3cnc(Nc4ccc5c(n4)C(O)CN(CCO)C5)nc32)CC1,7.71669877129645,True,<rdkit.Chem.rdchem.Mol object at 0x735c78f17300>,False
CHEMBL4160544,CDK6,19.24,nM,Cc1nc(Nc2c[nH]nc2C(=O)Nc2ccc(CN3CCN(C)CC3)cc2)c2cc(C(C)C)sc2n1,7.715794932298206,True,<rdkit.Chem.rdchem.Mol object at 0x735c78f17840>,False
CHEMBL3698645,CDK6,19.5,nM,C[C@H]1CN(c2ccc(Nc3ncc4c5ccncc5n(C5CCCC5)c4n3)nn2)CCN1,7.709965388637482,True,<rdkit.Chem.rdchem.Mol object at 0x735c78f17d10>,False
CHEMBL3698741,CDK6,19.7,nM,c1cc2c3cnc(Nc4ccc(N5CCCC5)nn4)nc3n(C3CCCC3)c2cn1,7.705533773838407,True,<rdkit.Chem.rdchem.Mol object at 0x735c78f145f0>,False
CHEMBL5843019,CDK6,19.8,nM,CC(C)N1CCOc2c(F)cc(-c3nc(Nc4ccc(C(N)=O)cn4)ncc3F)cc21,7.703334809738469,True,<rdkit.Chem.rdchem.Mol object at 0x735c78f14740>,False
CHEMBL4762677,CDK9,19.8,nM,CC(C)N1c2cc(Nc3nccc(-c4ccnc5ccccc45)n3)ccc2N(C)C(=O)[C@H]1C,7.703334809738469,True,<rdkit.Chem.rdchem.Mol object at 0x735c78f14890>,False
CHEMBL5908734,CDK2,19.9,nM,Cc1nc2c(F)cc(-c3nc(Nc4ccc5c(n4)CCN(CCO)C5)ncc3F)cc2n1C(C)C,7.701146923590294,True,<rdkit.Chem.rdchem.Mol object at 0x735c78f14c10>,False
CHEMBL297570,CDK2,20.0,nM,CC(C)(C)c1cnc(CSc2cnc(NC(=O)C3CCCNC3)s2)o1,7.698970004336019,True,<rdkit.Chem.rdchem.Mol object at 0x735c78f14cf0>,False
CHEMBL3085239,CDK1,20.0,nM,CC(C)[C@H](CO)Nc1nc(NCc2ccc3c(c2)OCO3)c2ncn(C(C)C)c2n1,7.698970004336019,True,<rdkit.Chem.rdchem.Mol object at 0x735c78f14e40>,False
CHEMBL3969723,CDK9,20.0,nM,CN1CC[C@@H](c2c(O)cc(O)c3c(=O)cc(-c4ccccc4Cl)oc23)[C@@H]1CO,7.698970004336019,True,<rdkit.Chem.rdchem.Mol object at 0x735c78f14f90>,False
CHEMBL1235529,CDK1,20.0,nM,O=S1(=O)NCCCNc2nc(ncc2Br)Nc2cccc1c2,7.698970004336019,True,<rdkit.Chem.rdchem.Mol object at 0x735c78f151c0>,False
CHEMBL3901726,CDK9,20.0,nM,Fc1ccc2c(c1)-c1ccnc3[nH]c(C4=CCNCC4)c(c13)CO2,7.698970004336019,True,<rdkit.Chem.rdchem.Mol object at 0x735c78f15690>,False
CHEMBL496567,CDK2,20.0,nM,CC(C)(C)c1cnc(CSc2cnc(N[C@H]3CC[C@H](N)CC3)s2)o1,7.698970004336019,True,<rdkit.Chem.rdchem.Mol object at 0x735c78f15bd0>,False
CHEMBL4474655,CDK9,20.0,nM,FC(F)(F)c1cnc(N[C@H]2CCCNC2)nc1-c1n[nH]c2ccccc12,7.698970004336019,True,<rdkit.Chem.rdchem.Mol object at 0x735c78f15f50>,False
CHEMBL5933703,CDK2,20.0,nM,CNCCN1CCc2nc(Nc3ncc(F)c(-c4cc(F)c5nc(C)n(C6(C)CC6)c5c4)n3)ccc2C1,7.698970004336019,True,<rdkit.Chem.rdchem.Mol object at 0x735c78f16180>,False
CHEMBL5776705,CDK1,20.0,nM,NS(=O)(=O)c1ccc(Nc2ncc3cc4n(c3n2)C2(CCCCC2)C(=O)N[C@@H]4CF)cc1,7.698970004336019,True,<rdkit.Chem.rdchem.Mol object at 0x735c78f161f0>,False
CHEMBL3668472,CDK9,20.0,nM,Fc1ccc(CNc2ccc(Cl)c(-c3ccnc4[nH]c(C5CCCNC5)cc34)n2)cc1F,7.698970004336019,True,<rdkit.Chem.rdchem.Mol object at 0x735c78f16260>,False
CHEMBL6022784,CDK4,20.0,nM,CC(C)N1CCOc2c(F)cc(-c3nc(Nc4ccc(N5CCC(C)(O)CC5)cn4)ncc3F)cc21,7.698970004336019,True,<rdkit.Chem.rdchem.Mol object at 0x735c78f165e0>,False
CHEMBL488436,CDK9,20.0,nM,Cc1ncc(-c2ccnc(Nc3ccc(S(C)(=O)=O)cc3)n2)n1C(C)C,7.698970004336019,True,<rdkit.Chem.rdchem.Mol object at 0x735c78f16650>,False
CHEMBL3702038,CDK4,20.0,nM,CC1(C)CN(c2ccc(Nc3ncc4c5cc[nH]c(=O)c5n(C5CCCC5)c4n3)nn2)CCN1,7.698970004336019,True,<rdkit.Chem.rdchem.Mol object at 0x735c78f16a40>,False
CHEMBL3991935,CDK9,20.0,nM,CN1CC[C@@H](c2c(O)cc(O)c3c(=O)cc(-c4ccccc4Cl)oc23)[C@@H]1CO.Cl,7.698970004336019,True,<rdkit.Chem.rdchem.Mol object at 0x735c78f16d50>,False
CHEMBL6013201,CDK4,20.0,nM,CC(C)N1CCOc2c(F)cc(-c3nc(Nc4cnn(C5CCC(O)CC5)c4)ncc3F)cc21,7.698970004336019,True,<rdkit.Chem.rdchem.Mol object at 0x735c78f16ff0>,False
CHEMBL3642024,CDK6,20.0,nM,CC(C)NC1CCN(c2ccc(Nc3ncc4c5ccncc5n(C5CCCC5)c4n3)nc2)CC1,7.698970004336019,True,<rdkit.Chem.rdchem.Mol object at 0x735c78f17140>,False
CHEMBL4207804,CDK4,20.0,nM,CCN1CCN(Cc2ccc(Nc3ncc(F)c(-c4cc(F)c5nc6n(c5c4)CC(C)(C)C6)n3)nc2)CC1,7.698970004336019,True,<rdkit.Chem.rdchem.Mol object at 0x735c78f17530>,False
CHEMBL1800450,CDK1,20.0,nM,Cc1cc(-c2cc(N3C[C@H](O)[C@@H](O)C3)ccc2O)nc(N)n1,7.698970004336019,True,<rdkit.Chem.rdchem.Mol object at 0x735c78f17ca0>,False
CHEMBL5797283,CDK1,20.0,nM,NS(=O)(=O)c1ccc(Nc2ncc3cc4n(c3n2)C2(CCCCC2)C(=O)N[C@H]4CF)cc1,7.698970004336019,True,<rdkit.Chem.rdchem.Mol object at 0x735c78f144a0>,False
CHEMBL1800465,CDK1,20.0,nM,Nc1nc(NC2CCCCC2)cc(-c2cc(N3C[C@H](O)[C@@H](O)C3)ccc2O)n1,7.698970004336019,True,<rdkit.Chem.rdchem.Mol object at 0x735c78f158c0>,False
CHEMBL401377,CDK2,20.0,nM,Brc1cnn2c(NCc3ccncc3)cc(-c3ccccc3)nc12,7.698970004336019,True,<rdkit.Chem.rdchem.Mol object at 0x735c78f163b0>,False
CHEMBL3648071,CDK2,20.0,nM,C[C@@H](O)[C@@H](C)Nc1nc(Nc2ccc(S(C)(=N)=O)cc2)ncc1Br,7.698970004336019,True,<rdkit.Chem.rdchem.Mol object at 0x735c78f16f10>,False
CHEMBL3691603,CDK4,20.0,nM,CN(C)C(=O)c1cc2cnc(Nc3ccc(C(=O)N4CC5CCC(C4)N5C(=O)C4CCCN4)cn3)nc2n1C1CCCC1,7.698970004336019,True,<rdkit.Chem.rdchem.Mol object at 0x735c78f17610>,False
CHEMBL452602,CDK2,20.0,nM,C[C@@H]1CNC[C@H](C(=O)Nc2ncc(SCc3ncc(C(C)(C)C)o3)s2)C1,7.698970004336019,True,<rdkit.Chem.rdchem.Mol object at 0x735c78fa52a0>,False
CHEMBL191834,CDK2,20.0,nM,C[C@H](C(=O)Nc1cc(C2CC2)[nH]n1)c1ccc(N2CCOC2=O)cc1,7.698970004336019,True,<rdkit.Chem.rdchem.Mol object at 0x735c78fa63b0>,False
CHEMBL3698715,CDK4,20.0,nM,CN(C)C1CCN(c2cnc(Nc3ncc4c5ccncc5n(C5CCCC5)c4n3)cn2)CC1,7.698970004336019,True,<rdkit.Chem.rdchem.Mol object at 0x735c78fa4900>,False
CHEMBL603097,CDK2,20.0,nM,COc1ccc2nc3[nH]nc(C)c3c(OC)c2c1,7.698970004336019,True,<rdkit.Chem.rdchem.Mol object at 0x735c78fa4dd0>,False
CHEMBL428690,CDK9,20.0,nM,CN1CC[C@H](c2c(O)cc(O)c3c(=O)cc(-c4ccccc4Cl)oc23)[C@H](O)C1,7.698970004336019,True,<rdkit.Chem.rdchem.Mol object at 0x735c78fa5230>,False
CHEMBL3698694,CDK6,20.0,nM,c1cc2c3cnc(Nc4ccc(N[C@@H]5CCNC5)cn4)nc3n(C3CCCC3)c2cn1,7.698970004336019,True,<rdkit.Chem.rdchem.Mol object at 0x735c78fa5460>,False
CHEMBL5748598,CDK9,20.0,nM,COC1CCc2c(-c3cc(NC(=O)[C@H]4CCC[C@@H](NC(C)=O)C4)ncc3Cl)cnn2C1,7.698970004336019,True,<rdkit.Chem.rdchem.Mol object at 0x735c78fa54d0>,False
CHEMBL3237445,CDK4,20.0,nM,Cc1nccc2c3cnc(Nc4ccc(N5CCNCC5)cn4)nc3n(C3CCCC3)c12,7.698970004336019,True,<rdkit.Chem.rdchem.Mol object at 0x735c78fa55b0>,False
CHEMBL3702244,CDK4,20.0,nM,C[C@H]1CN(c2ccc(Nc3ncc4c5ccncc5n(C5CCC5)c4n3)nc2)CCN1,7.698970004336019,True,<rdkit.Chem.rdchem.Mol object at 0x735c78fa5930>,False
CHEMBL3668412,CDK9,20.0,nM,Clc1ccccc1CNc1cccc(-c2ccnc3[nH]c(C4CCNCC4)cc23)n1,7.698970004336019,True,<rdkit.Chem.rdchem.Mol object at 0x735c78fa5a10>,False
CHEMBL5978749,CDK6,20.0,nM,CC(C)CN1CCOc2c(F)cc(-c3nc(Nc4ccc5c(n4)CCNC5)ncc3F)cc21,7.698970004336019,True,<rdkit.Chem.rdchem.Mol object at 0x735c78fa5cb0>,False
CHEMBL3691641,CDK4,20.0,nM,CN1CCCC2(CC1)CN(c1ccc(Nc3ncc4cc(C(=O)N(C)C)n(C5CCCC5)c4n3)nc1)C(=O)O2,7.698970004336019,True,<rdkit.Chem.rdchem.Mol object at 0x735c78fa5d90>,False
CHEMBL4465061,CDK9,20.0,nM,Clc1cnc(NC2CCCCC2)nc1-c1c[nH]c2cccnc12,7.698970004336019,True,<rdkit.Chem.rdchem.Mol object at 0x735c78fa5e70>,False
CHEMBL254367,CDK2,20.0,nM,O=C(Cc1cccc2ccccc12)Nc1n[nH]c2ccc(N3CCCS3(=O)=O)cc12,7.698970004336019,True,<rdkit.Chem.rdchem.Mol object at 0x735c78fa5f50>,False
CHEMBL255263,CDK2,20.0,nM,O=C(Cc1ccc(F)cc1)Nc1n[nH]c2ccc(N3CCCS3(=O)=O)cc12,7.698970004336019,True,<rdkit.Chem.rdchem.Mol object at 0x735c78fa6110>,False
CHEMBL3691638,CDK4,20.0,nM,CN(C)C(=O)c1cc2cnc(Nc3ccc(N4CC5(CC6CCC(C5)N6)OC4=O)cn3)nc2n1C1CCCC1,7.698970004336019,True,<rdkit.Chem.rdchem.Mol object at 0x735c78fa6180>,False
CHEMBL3702224,CDK6,20.0,nM,CC[C@@H](C)n1c2cnccc2c2cnc(Nc3ccc(N4CCNC(C)(C)C4)nn3)nc21,7.698970004336019,True,<rdkit.Chem.rdchem.Mol object at 0x735c78fa61f0>,False
CHEMBL6144593,CDK2,20.1,nM,O=C(NCC1CCOCC1)c1cc(C(F)(F)F)c(N2CCOCC2)nn1,7.696803942579511,True,<rdkit.Chem.rdchem.Mol object at 0x735c78fa6340>,False
CHEMBL5867735,CDK4,20.1,nM,Cc1nc2c(F)cc(-c3nc(Nc4ccc5c(n4)CN(CCN(C)C)C5=O)ncc3F)cc2n1C(C)C,7.696803942579511,True,<rdkit.Chem.rdchem.Mol object at 0x735c78fa66c0>,False
CHEMBL3684983,CDK4,20.3,nM,CC1CN(CCO)Cc2ccc(Nc3ncc4c5ccncc5n([C@H]5CC[C@H](C)CC5)c4n3)nc21,7.692503962086787,True,<rdkit.Chem.rdchem.Mol object at 0x735c78fa6730>,False
CHEMBL5899535,CDK2,20.4,nM,Cc1nc2c(F)cc(-c3nc(Nc4ccc5c(n4)CCN(C(=O)C4CC(O)C4)C5)ncc3F)cc2n1C(C)C,7.690369832574101,True,<rdkit.Chem.rdchem.Mol object at 0x735c78fa6ab0>,False
CHEMBL5791509,CDK2,20.4,nM,Cc1nc2c(F)cc(-c3nc(Nc4ccc5c(n4)CCN(C(=O)CC4CC(O)C4)C5)ncc3F)cc2n1C1CC1,7.690369832574101,True,<rdkit.Chem.rdchem.Mol object at 0x735c78fa6c00>,False
CHEMBL5939038,CDK2,20.4,nM,CN(C)[C@H]1CCN(C(=O)c2ccc(Nc3ncc(F)c(-c4cc(F)c5nc6n(c5c4)C(C)(C)CC6)n3)nc2)C1,7.690369832574101,True,<rdkit.Chem.rdchem.Mol object at 0x735c78fa70d0>,False
CHEMBL3691662,CDK4,20.5,nM,CN(C)C(=O)c1cc2cnc(Nc3ccc(N4CC5CCC(C4)N5)nn3)nc2n1C1CCCCC1,7.688246138944246,True,<rdkit.Chem.rdchem.Mol object at 0x735c78fa7140>,False
CHEMBL3702131,CDK6,20.5,nM,CN(C)C1CCN(S(=O)(=O)c2ccc(Nc3ncc4c5ccncc5n(C5CCCC5)c4n3)nc2)CC1,7.688246138944246,True,<rdkit.Chem.rdchem.Mol object at 0x735c78fa7290>,False
CHEMBL5979966,CDK9,20.7,nM,Cc1nc2c(F)cc(-c3nc(Nc4ccc5c(n4)CCN(CCN4CCN(C)CC4)C5)ncc3F)cc2n1C(C)(C)C,7.684029654543082,True,<rdkit.Chem.rdchem.Mol object at 0x735c78fa73e0>,False
CHEMBL5964675,CDK9,20.8,nM,Cc1nc2c(F)cc(-c3nc(Nc4ccc5c(n4)CCN(C[C@H]4CNCCO4)C5)ncc3F)cc2n1C(C)(C)C,7.681936665037238,True,<rdkit.Chem.rdchem.Mol object at 0x735c78fa74c0>,False
CHEMBL5938059,CDK2,20.8,nM,Cc1nc2c(F)cc(-c3nc(Nc4ccc5c(n4)CCN(CCN)C5)ncc3F)cc2n1C(C)(C)C,7.681936665037238,True,<rdkit.Chem.rdchem.Mol object at 0x735c78fa7df0>,False
CHEMBL5897984,CDK9,20.8,nM,Cc1nc2c(F)cc(-c3nc(Nc4ccc5c(n4)CCN(C[C@H]4CNCCO4)C5)ncc3F)cc2n1C(C)C,7.681936665037238,True,<rdkit.Chem.rdchem.Mol object at 0x735c78fa5690>,False
CHEMBL3702217,CDK6,21.0,nM,CC[C@@H](C)n1c2cnccc2c2cnc(Nc3ccc(N4CCN[C@@H](C)C4)nn3)nc21,7.67778070526608,True,<rdkit.Chem.rdchem.Mol object at 0x735c78fa7060>,False
CHEMBL3691550,CDK4,21.0,nM,CN(C)C(=O)c1cc2cnc(Nc3ccc(C(=O)N4CC5CCC4C5O)cn3)nc2n1C1CCCCCC1,7.67778070526608,True,<rdkit.Chem.rdchem.Mol object at 0x735c78fa4120>,False
CHEMBL3668420,CDK9,21.0,nM,COc1ccc(F)cc1-c1ccnc2[nH]c(C3CCN(CC(O)CO)CC3)cc12,7.67778070526608,True,<rdkit.Chem.rdchem.Mol object at 0x735c78fa4510>,False
CHEMBL5956743,CDK6,21.0,nM,CCS(=O)(=O)c1cc2cnc(Nc3ccc(N4CCNCC4)cn3)nc2n1C1CCCC1,7.67778070526608,True,<rdkit.Chem.rdchem.Mol object at 0x735c78fa4580>,False
CHEMBL3663786,CDK9,21.0,nM,CN(Cc1ccccc1)c1ccc(Cl)c(-c2ccnc3[nH]c(C4CCNCC4)cc23)n1,7.67778070526608,True,<rdkit.Chem.rdchem.Mol object at 0x735c78fa53f0>,False
CHEMBL3702116,CDK6,21.0,nM,Oc1nccc2c3cnc(Nc4ccc(CN5CCNCC5)cn4)nc3n(C3CCCC3)c12,7.67778070526608,True,<rdkit.Chem.rdchem.Mol object at 0x735c78fa6570>,False
CHEMBL3950787,CDK9,21.0,nM,CN1Cc2c(C3=CCNCC3)[nH]c3nccc(c23)-c2cc(F)ccc21,7.67778070526608,True,<rdkit.Chem.rdchem.Mol object at 0x735c78fa6e30>,False
CHEMBL3673546,CDK9,21.0,nM,O=C(O)C1CC=C(c2cc3c(-c4cncc(NCc5ccccc5)n4)ccnc3[nH]2)CC1,7.67778070526608,True,<rdkit.Chem.rdchem.Mol object at 0x735c78fa7370>,False
CHEMBL6018285,CDK4,21.0,nM,CC(C)N1CCOc2c(F)cc(-c3nc(Nc4ccc(N5CCC(CCO)CC5)cn4)ncc3F)cc21,7.67778070526608,True,<rdkit.Chem.rdchem.Mol object at 0x735c78fa77d0>,False
CHEMBL3639672,CDK9,21.0,nM,COc1ccc(F)cc1-c1ccnc2[nH]c(C3CCN(S(C)(=O)=O)CC3)cc12,7.67778070526608,True,<rdkit.Chem.rdchem.Mol object at 0x735c78fa7f40>,False
CHEMBL3642648,CDK2,21.0,nM,Fc1ccccc1-c1cc(NCc2cccnc2)n2ncc(Cl)c2n1,7.67778070526608,True,<rdkit.Chem.rdchem.Mol object at 0x735c78fa8350>,False
CHEMBL3642022,CDK6,21.0,nM,FCCNC1CCN(c2ccc(Nc3ncc4c5ccncc5n(C5CCCC5)c4n3)nc2)CC1,7.67778070526608,True,<rdkit.Chem.rdchem.Mol object at 0x735c78fa8970>,False
CHEMBL1800449,CDK2,21.0,nM,Nc1nccc(-c2cc(N3C[C@H](O)[C@@H](O)C3)ccc2O)n1,7.67778070526608,True,<rdkit.Chem.rdchem.Mol object at 0x735c78fa8ac0>,False
CHEMBL5918460,CDK9,21.0,nM,NS(=O)(=O)CC(=O)Nc1cc(-c2ccc3ncn(Cc4cccc(F)c4)c3c2)c(Cl)cn1,7.67778070526608,True,<rdkit.Chem.rdchem.Mol object at 0x735c78fa8d60>,False
CHEMBL3673519,CDK9,21.0,nM,CC(=O)N1CCC(c2cc3c(-c4cncc(NCc5cccc(F)c5)n4)ccnc3[nH]2)CC1,7.67778070526608,True,<rdkit.Chem.rdchem.Mol object at 0x735c78fa8eb0>,False
CHEMBL3702245,CDK4,21.0,nM,CNC1CCN(c2ccc(Nc3ncc4c5ccncc5n(C5CCC5)c4n3)nc2)CC1,7.67778070526608,True,<rdkit.Chem.rdchem.Mol object at 0x735c78fa91c0>,False
CHEMBL3702241,CDK4,21.0,nM,CN(C)C1CCN(c2ccc(Nc3ncc4c5ccncc5n(C5CCC5)c4n3)nc2)CC1,7.67778070526608,True,<rdkit.Chem.rdchem.Mol object at 0x735c78fa9380>,False
CHEMBL5571022,CDK2,21.0,nM,CN(C)C(=O)c1cc2cnc(Nc3ccc(S(N)(=O)=O)cc3)nc2n1C1CCCC1,7.67778070526608,True,<rdkit.Chem.rdchem.Mol object at 0x735c78fa9ee0>,False
CHEMBL3663773,CDK9,21.0,nM,Clc1ccc(NCc2ccccc2)nc1-c1ccnc2[nH]c(C3CCNCC3)cc12,7.67778070526608,True,<rdkit.Chem.rdchem.Mol object at 0x735c78faa260>,False
CHEMBL3641987,CDK4,21.0,nM,CC1(C)CN(c2ccc(Nc3ncc4c5ccncc5n([C@@H]5CCOC5)c4n3)nn2)CCN1,7.67778070526608,True,<rdkit.Chem.rdchem.Mol object at 0x735c78faa500>,False
CHEMBL3668484,CDK9,21.0,nM,Fc1cccc(CNc2ccc(F)c(-c3ccnc4[nH]c(C5CCCNC5)cc34)c2)c1,7.67778070526608,True,<rdkit.Chem.rdchem.Mol object at 0x735c78faa810>,False
CHEMBL3698669,CDK6,21.0,nM,c1cc2c3cnc(Nc4ccc(N5CCNCC5)cn4)nc3n(C3CCCCCC3)c2cn1,7.67778070526608,True,<rdkit.Chem.rdchem.Mol object at 0x735c78fa8040>,False
CHEMBL3644022,CDK2,21.0,nM,C[C@@H](O)[C@@H](C)Oc1nc(Nc2ccc(S(=O)(=O)C3CCCC3)cc2)ncc1C(F)(F)F,7.67778070526608,True,<rdkit.Chem.rdchem.Mol object at 0x735c78fa8120>,False
CHEMBL3668400,CDK9,21.0,nM,COc1ccc(F)cc1-c1ccnc2[nH]c(C3CCCN(CCO)C3)cc12,7.67778070526608,True,<rdkit.Chem.rdchem.Mol object at 0x735c78fa8200>,False
CHEMBL3644019,CDK2,21.0,nM,C[C@@H](Oc1nc(Nc2ccc(S(=O)(=O)C3CC3)cc2)ncc1C(F)(F)F)C(C)(C)O,7.67778070526608,True,<rdkit.Chem.rdchem.Mol object at 0x735c78fa83c0>,False
CHEMBL5753051,CDK9,21.0,nM,COc1cc2ncn(Cc3cccc(F)c3)c2cc1-c1cc(NC(=O)[C@@H]2CCCNC2)ncc1Cl,7.67778070526608,True,<rdkit.Chem.rdchem.Mol object at 0x735c78fa8510>,False
CHEMBL3668491,CDK9,21.0,nM,COc1ccc(F)cc1-c1ccnc2[nH]c(C3=CCN(C(=O)CC#N)CC3)cc12,7.67778070526608,True,<rdkit.Chem.rdchem.Mol object at 0x735c78fa8660>,False
CHEMBL3698652,CDK6,21.0,nM,COc1ccc(-n2c3cnccc3c3cnc(Nc4ccc(N5CCNCC5)cn4)nc32)cc1,7.67778070526608,True,<rdkit.Chem.rdchem.Mol object at 0x735c78fa87b0>,False
CHEMBL4579344,CDK4,21.0,nM,Cc1cc(C)c(CNc2nc(N[C@@H](C)[C@@H](C)O)nc3c2ncn3C(C)C)cn1,7.67778070526608,True,<rdkit.Chem.rdchem.Mol object at 0x735c78fa8820>,False
CHEMBL2158855,CDK2,21.0,nM,NS(=O)(=O)c1cccc(Nc2nccc(-c3ccnc(N4CC5CCC(C4)O5)c3)n2)c1,7.67778070526608,True,<rdkit.Chem.rdchem.Mol object at 0x735c78fa8ba0>,False
CHEMBL5181709,CDK1,21.0,nM,Cc1nc2ccc(-c3ccnc4[nH]c(C5CCN(CC(=O)N(C)C)CC5)cc34)cc2n1C(C)C,7.67778070526608,True,<rdkit.Chem.rdchem.Mol object at 0x735c78fa8c10>,False
CHEMBL3702074,CDK6,21.0,nM,FC(F)(F)C1CN(c2ccc(Nc3ncc4c5ccncc5n(C5CCCC5)c4n3)nc2)CCN1,7.67778070526608,True,<rdkit.Chem.rdchem.Mol object at 0x735c78fa9070>,False
CHEMBL3691616,CDK4,21.0,nM,CN(C)C(=O)c1cc2cnc(Nc3ccc(C(=O)N4CC5CCC(C4)N5)cn3)nc2n1[C@H]1C[C@@H]2CC[C@H]1C2,7.67778070526608,True,<rdkit.Chem.rdchem.Mol object at 0x735c78fa9230>,False
CHEMBL3663776,CDK9,21.0,nM,Clc1ccc(CNc2ccc(Cl)c(-c3ccnc4[nH]c(C5CCNCC5)cc34)n2)cc1,7.67778070526608,True,<rdkit.Chem.rdchem.Mol object at 0x735c78fa92a0>,False
CHEMBL3648093,CDK1,21.0,nM,CCOC(=O)N=S(C)(=O)c1ccc(Nc2ncc(Br)c(O[C@H](C)[C@H](C)O)n2)cc1,7.67778070526608,True,<rdkit.Chem.rdchem.Mol object at 0x735c78fa9690>,False
CHEMBL3668482,CDK9,21.0,nM,Fc1cc(NCc2ccccc2)nc(-c2ccnc3[nH]c(C4CCCNC4)cc23)c1,7.67778070526608,True,<rdkit.Chem.rdchem.Mol object at 0x735c78fa9700>,False
CHEMBL2012412,CDK1,21.0,nM,Cn1cc(Nc2ncc3cnn([C@@H]4C[C@H]5C[C@H]5C4)c3n2)cc1C(=O)N1CCC[C@H]1CN1CCOCC1,7.67778070526608,True,<rdkit.Chem.rdchem.Mol object at 0x735c78fa9850>,False
CHEMBL3691592,CDK4,21.0,nM,Cc1nc(Nc2ncc3cc(C(=O)N(C)C)n(C4CCCC4)c3n2)ccc1C(=O)N1CC2CCC(C1)N2,7.67778070526608,True,<rdkit.Chem.rdchem.Mol object at 0x735c78fa9a10>,False
CHEMBL3698670,CDK6,21.0,nM,c1cnc2c(c1)c1cnc(Nc3ccc(N4CCNCC4)cn3)nc1n2C1CCCC1,7.67778070526608,True,<rdkit.Chem.rdchem.Mol object at 0x735c78fa9b60>,False
CHEMBL3702131,CDK4,21.2,nM,CN(C)C1CCN(S(=O)(=O)c2ccc(Nc3ncc4c5ccncc5n(C5CCCC5)c4n3)nc2)CC1,7.673664139071248,True,<rdkit.Chem.rdchem.Mol object at 0x735c78fa9cb0>,False
CHEMBL3691633,CDK4,21.5,nM,CN(C)C(=O)c1cc2cnc(Nc3ccc(N4C(=O)CN5CCC4CC5)cn3)nc2n1C1CCCCCC1,7.667561540084394,True,<rdkit.Chem.rdchem.Mol object at 0x735c78fa9d20>,False
CHEMBL4213756,CDK2,21.5,nM,COCCN1CCc2nc(Nc3ncc(F)c(-c4cc(F)c5nc(C)n(C(C)C)c5c4)n3)ccc2C1,7.667561540084394,True,<rdkit.Chem.rdchem.Mol object at 0x735c78fa9e00>,False
CHEMBL3691571,CDK4,22.0,nM,CN(C)C(=O)c1cc2cnc(Nc3ccc(C(=O)N4CC5CCC(C4)N5CCO)cn3)nc2n1C1CCCC1,7.657577319177793,True,<rdkit.Chem.rdchem.Mol object at 0x735c78faa3b0>,False
CHEMBL3642004,CDK6,22.0,nM,OC1CN(C2CCN(c3ccc(Nc4ncc5c6ccncc6n(C6CCCC6)c5n4)nn3)CC2)C1,7.657577319177793,True,<rdkit.Chem.rdchem.Mol object at 0x735c78faa420>,False
CHEMBL3702237,CDK4,22.0,nM,CC[C@H](C)n1c2cnccc2c2cnc(Nc3ccc(N4CC[C@@H](O)C4)nn3)nc21,7.657577319177793,True,<rdkit.Chem.rdchem.Mol object at 0x735c78faa490>,False
CHEMBL3698714,CDK4,22.0,nM,c1cc2c3cnc(Nc4cnc(N5CCOCC5)cn4)nc3n(C3CCCC3)c2cn1,7.657577319177793,True,<rdkit.Chem.rdchem.Mol object at 0x735c78faac00>,False
CHEMBL3702219,CDK4,22.0,nM,CC[C@@H](C)n1c2cnccc2c2cnc(Nc3ccc(N4CC[C@@H](O)C4)nn3)nc21,7.657577319177793,True,<rdkit.Chem.rdchem.Mol object at 0x735c78faace0>,False
CHEMBL3691577,CDK4,22.0,nM,CN(C)C(=O)c1cc2cnc(Nc3ccc(C(=O)N4CC5CCC(C4)C5N(C)C)cn3)nc2n1C1CCCC1,7.657577319177793,True,<rdkit.Chem.rdchem.Mol object at 0x735c78faadc0>,False
CHEMBL5912073,CDK6,22.0,nM,CC(C)N1CCOc2c(F)cc(-c3nc(Nc4ccc(N5CCC(CO)CC5)cn4)ncc3F)cc21,7.657577319177793,True,<rdkit.Chem.rdchem.Mol object at 0x735c78faae30>,False
CHEMBL3967958,CDK9,22.0,nM,CNS(=O)(=O)CC(=O)N1CC=C(c2[nH]c3nccc4c3c2CN(C)c2ccc(F)cc2-4)CC1,7.657577319177793,True,<rdkit.Chem.rdchem.Mol object at 0x735c78fab370>,False
CHEMBL3668453,CDK9,22.0,nM,COc1ccc(F)cc1-c1ccnc2[nH]c(C3CCN(C(=O)CNC4CCC(O)CC4)CC3)cc12,7.657577319177793,True,<rdkit.Chem.rdchem.Mol object at 0x735c78fab3e0>,False
CHEMBL3648103,CDK1,22.0,nM,CCC(Sc1nc(Nc2ccc(S(C)(=N)=O)cc2)ncc1Br)C(C)O,7.657577319177793,True,<rdkit.Chem.rdchem.Mol object at 0x735c78fab7d0>,False
CHEMBL2012411,CDK1,22.0,nM,COC[C@@H]1CCCN1C(=O)c1cc(Nc2ncc3cnn([C@@H]4C[C@H]5C[C@H]5C4)c3n2)cn1C,7.657577319177793,True,<rdkit.Chem.rdchem.Mol object at 0x735c78fab840>,False
CHEMBL210390,CDK1,22.0,nM,Nc1cc2cc(-c3cncc(OC[C@@H](N)Cc4c[nH]c5ccccc45)c3)ccc2cn1,7.657577319177793,True,<rdkit.Chem.rdchem.Mol object at 0x735c78fab8b0>,False
CHEMBL5886051,CDK9,22.0,nM,CS(=O)(=O)CC(=O)Nc1cc(-c2ccc3ncn(Cc4cccc(F)c4)c3c2)c(Cl)cn1,7.657577319177793,True,<rdkit.Chem.rdchem.Mol object at 0x735c78faba00>,False
CHEMBL3928559,CDK9,22.0,nM,COc1ccc(F)cc1-c1ccnc2[nH]c(C3CCNCC3S(C)(=N)=O)cc12,7.657577319177793,True,<rdkit.Chem.rdchem.Mol object at 0x735c78fabd80>,False
CHEMBL4213847,CDK6,22.0,nM,CCC1CCc2nc3c(F)cc(-c4nc(Nc5ccc(CN6CCN(CC)CC6)cn5)ncc4F)cc3n21,7.657577319177793,True,<rdkit.Chem.rdchem.Mol object at 0x735c78fab060>,False
CHEMBL6160428,CDK6,22.0,nM,CC(=O)N1CCC2(CC1)CC(=O)c1ccc(-c3nc(Nc4ccc(N5CCN(C)CC5)cn4)ncc3F)cc1O2,7.657577319177793,True,<rdkit.Chem.rdchem.Mol object at 0x735c78faa030>,False
CHEMBL3663803,CDK9,22.0,nM,COc1ccc(F)cc1-c1ccnc2[nH]c(C3CCN(C)C3)cc12,7.657577319177793,True,<rdkit.Chem.rdchem.Mol object at 0x735c78fb8040>,False
CHEMBL5804309,CDK9,22.0,nM,O=C(Nc1cc(-c2ccc3nnn(Cc4ccc(F)cc4)c3c2)c(Cl)cn1)[C@@H]1CCCNC1,7.657577319177793,True,<rdkit.Chem.rdchem.Mol object at 0x735c78fb85f0>,False
CHEMBL3702201,CDK6,22.0,nM,CN1CCN(c2ccc(Nc3ncc4c5ccccc5n(C5CCCC5)c4n3)nn2)CC1,7.657577319177793,True,<rdkit.Chem.rdchem.Mol object at 0x735c78fb8cf0>,False
CHEMBL3663744,CDK9,22.0,nM,COc1cc(F)ccc1-c1ccnc2[nH]c(C3CCCNC3)cc12,7.657577319177793,True,<rdkit.Chem.rdchem.Mol object at 0x735c78fba340>,False
CHEMBL3698687,CDK6,22.0,nM,COc1nccc2c3cnc(Nc4ccc(N5CCNCC5)cn4)nc3n(C3CCCC3)c12,7.657577319177793,True,<rdkit.Chem.rdchem.Mol object at 0x735c78fbbae0>,False
CHEMBL3702200,CDK4,22.0,nM,CN(C)C1CCN(c2ccc(Nc3ncc4c5ccccc5n(C5CCCC5)c4n3)nn2)CC1,7.657577319177793,True,<rdkit.Chem.rdchem.Mol object at 0x735c78fbbd80>,False
CHEMBL402370,CDK1,22.0,nM,O=C(Cc1ccc(Br)cc1)Nc1n[nH]c2ccc(N3CCCS3(=O)=O)cc12,7.657577319177793,True,<rdkit.Chem.rdchem.Mol object at 0x735c78fb8580>,False
CHEMBL254170,CDK2,22.0,nM,CS(=O)(=O)c1ccc(CC(=O)Nc2n[nH]c3ccc(N4CCCS4(=O)=O)cc23)cc1,7.657577319177793,True,<rdkit.Chem.rdchem.Mol object at 0x735c78fb8820>,False
CHEMBL372672,CDK1,22.0,nM,FC(F)(F)c1cnc(Nc2cccc(Cl)c2)nc1Nc1ccc2[nH]cnc2c1,7.657577319177793,True,<rdkit.Chem.rdchem.Mol object at 0x735c78fb8e40>,False
CHEMBL5899619,CDK6,22.0,nM,CCN1CCN(C(=O)c2ccc(Nc3ncc(F)c(-c4cc(F)c5c(c4)N(C(C)C)CCO5)n3)cc2F)CC1,7.657577319177793,True,<rdkit.Chem.rdchem.Mol object at 0x735c78fb8f20>,False
CHEMBL4764023,CDK9,22.0,nM,CNc1cccc(-c2ccnc(Nc3ccc4c(c3)N(C(C)C)[C@H](C)C(=O)N4C)n2)c1,7.657577319177793,True,<rdkit.Chem.rdchem.Mol object at 0x735c78fb9380>,False
CHEMBL488436,CDK6,22.05,nM,Cc1ncc(-c2ccnc(Nc3ccc(S(C)(=O)=O)cc3)n2)n1C(C)C,7.656591406196142,True,<rdkit.Chem.rdchem.Mol object at 0x735c78fb93f0>,False
CHEMBL5800538,CDK6,22.3,nM,Cc1nc2c(F)cc(-c3nc(Nc4ccc5c(n4)CCN(C(=O)O)C5)ncc3F)cc2n1C(C)C,7.651695136951839,True,<rdkit.Chem.rdchem.Mol object at 0x735c78fb9460>,False
CHEMBL5994315,CDK6,22.3,nM,Cc1nc2c(F)cc(-c3nc(Nc4ccc5c(n4)CCN(CC(=O)O)C5)ncc3F)cc2n1C(C)C,7.651695136951839,True,<rdkit.Chem.rdchem.Mol object at 0x735c78fb9540>,False
CHEMBL4742169,CDK9,22.4,nM,CC(C)N1c2cc(Nc3nccc(-c4cncc5ccccc45)n3)ccc2N(C)C(=O)[C@H]1C,7.649751981665837,True,<rdkit.Chem.rdchem.Mol object at 0x735c78fb9690>,False
CHEMBL4079206,CDK4,22.5,nM,CN1CC[C@H](c2c(O)cc(O)c3c(=O)cc(/C=C/c4c(Cl)cccc4Cl)oc23)[C@H](O)C1,7.647817481888637,True,<rdkit.Chem.rdchem.Mol object at 0x735c78fb97e0>,False
CHEMBL4207796,CDK2,22.5,nM,Cc1nc2c(F)cc(-c3nc(Nc4ccc5c(n4)CCN(CCF)C5)ncc3F)cc2n1C(C)C,7.647817481888637,True,<rdkit.Chem.rdchem.Mol object at 0x735c78fb99a0>,False
CHEMBL3691649,CDK4,22.5,nM,CN(C)C(=O)c1cc2cnc(Nc3ccc(N4CC5CCC(C4)N5)cn3)nc2n1C1CCCC1,7.647817481888637,True,<rdkit.Chem.rdchem.Mol object at 0x735c78fb9cb0>,False
CHEMBL5999796,CDK6,22.7,nM,Cc1nc2c(F)cc(-c3nc(Nc4ccc5c(n4)CCN(C(C)C)C5)ncc3F)cc2n1C1CC1,7.643974142806877,True,<rdkit.Chem.rdchem.Mol object at 0x735c78fb9d20>,False
CHEMBL3668408,CDK9,23.0,nM,COc1ccc(F)cc1-c1ccnc2[nH]c(C3CCN(C(=O)CO)CC3)cc12,7.638272163982407,True,<rdkit.Chem.rdchem.Mol object at 0x735c78fb9ee0>,False
CHEMBL3668460,CDK9,23.0,nM,CN1CCC(c2cc3c(-c4cc(NCc5ccncc5)ccc4F)ccnc3[nH]2)CC1,7.638272163982407,True,<rdkit.Chem.rdchem.Mol object at 0x735c78fba260>,False
CHEMBL3237710,CDK4,23.0,nM,CN(C)C1CCN(c2ccc(Nc3ncc4c5ccncc5n([C@H]5CC[C@H](C)CC5)c4n3)nn2)CC1,7.638272163982407,True,<rdkit.Chem.rdchem.Mol object at 0x735c78fba7a0>,False
CHEMBL3237719,CDK4,23.0,nM,C[C@H]1CC[C@H](n2c3cnccc3c3cnc(Nc4ccc5c(n4)CCN(C(=O)CO)C5)nc32)CC1,7.638272163982407,True,<rdkit.Chem.rdchem.Mol object at 0x735c78fba8f0>,False
CHEMBL391437,CDK1,23.0,nM,c1ccc2c(-c3cnc4[nH]nc(-c5nc6ccccc6[nH]5)c4c3)cncc2c1,7.638272163982407,True,<rdkit.Chem.rdchem.Mol object at 0x735c78fbaab0>,False
CHEMBL3668451,CDK9,23.0,nM,COc1ccc(F)cc1-c1ccnc2[nH]c(C3CCN(C(=O)CN4CCCCC4)CC3)cc12,7.638272163982407,True,<rdkit.Chem.rdchem.Mol object at 0x735c78fbab20>,False
CHEMBL3357951,CDK2,23.0,nM,C[C@@H](NC(=O)N1CCc2cnc(Nc3ccnn3C)nc2C1)c1ccc(Cl)c(Cl)c1,7.638272163982407,True,<rdkit.Chem.rdchem.Mol object at 0x735c78fbac70>,False
CHEMBL309767,CDK2,23.0,nM,NCCS(=O)(=O)c1cc(-c2ccc[nH]2)c2c3c(ccc(F)c13)NC2=O,7.638272163982407,True,<rdkit.Chem.rdchem.Mol object at 0x735c78fbadc0>,False
CHEMBL3668475,CDK9,23.0,nM,Clc1cnc(NCc2ccccc2)cc1-c1ccnc2[nH]c(C3CCCNC3)cc12,7.638272163982407,True,<rdkit.Chem.rdchem.Mol object at 0x735c78fbae30>,False
CHEMBL3644022,CDK1,23.0,nM,C[C@@H](O)[C@@H](C)Oc1nc(Nc2ccc(S(=O)(=O)C3CCCC3)cc2)ncc1C(F)(F)F,7.638272163982407,True,<rdkit.Chem.rdchem.Mol object at 0x735c78fbb220>,False
CHEMBL3668500,CDK9,23.0,nM,CNC(=O)N1CC=C(c2cc3c(-c4cc(F)c(F)cc4OC)ccnc3[nH]2)CC1,7.638272163982407,True,<rdkit.Chem.rdchem.Mol object at 0x735c78fbb530>,False
CHEMBL3641993,CDK4,23.0,nM,c1cc2c3cnc(Nc4ccc(N5CCC(N6CCCC6)CC5)nn4)nc3n(C3CCCC3)c2cn1,7.638272163982407,True,<rdkit.Chem.rdchem.Mol object at 0x735c78fbba00>,False
CHEMBL4783301,CDK9,23.0,nM,CC(C)N1c2cc(Nc3ncc(Cl)c(-c4cncc5ccccc45)n3)ccc2N(C)C(=O)[C@H]1C,7.638272163982407,True,<rdkit.Chem.rdchem.Mol object at 0x735c78fbbd10>,False
CHEMBL4555799,CDK9,23.0,nM,Clc1cnc(N[C@H]2CCCNC2)nc1-c1c[nH]c2ccccc12,7.638272163982407,True,<rdkit.Chem.rdchem.Mol object at 0x735c78fbbdf0>,False
CHEMBL3663770,CDK9,23.0,nM,COc1cc(F)ccc1-c1ccnc2[nH]c(C3CCN(C)CC3)cc12,7.638272163982407,True,<rdkit.Chem.rdchem.Mol object at 0x735c78fbbe60>,False
CHEMBL5768634,CDK9,23.0,nM,OCCNc1cc(-c2ccc3ncn(Cc4cccc(F)c4)c3c2)c(Cl)cn1,7.638272163982407,True,<rdkit.Chem.rdchem.Mol object at 0x735c78fb92a0>,False
CHEMBL3668349,CDK9,23.0,nM,COc1ccc(F)cc1-c1ccnc2[nH]c(C3CCCC(N)C3)cc12,7.638272163982407,True,<rdkit.Chem.rdchem.Mol object at 0x735c78fb9f50>,False
CHEMBL3702202,CDK6,23.0,nM,C[C@H]1CN(c2ccc(Nc3ncc4c5ccccc5n(C5CCCC5)c4n3)nn2)CCN1,7.638272163982407,True,<rdkit.Chem.rdchem.Mol object at 0x735c78fbb290>,False
CHEMBL2158858,CDK2,23.0,nM,CNC(=O)Nc1ccc(-c2cc(-c3ccnc(Nc4cccc(S(N)(=O)=O)c4)n3)ccn2)cc1,7.638272163982407,True,<rdkit.Chem.rdchem.Mol object at 0x735c78fbb920>,False
CHEMBL3663745,CDK9,23.0,nM,COc1ccc(F)cc1-c1ccnc2[nH]c([C@H]3CCCNC3)cc12,7.638272163982407,True,<rdkit.Chem.rdchem.Mol object at 0x735c78fb8120>,False
CHEMBL3663801,CDK9,23.0,nM,COc1ccc(F)cc1-c1ccnc2[nH]c([C@H]3CCNC3)cc12,7.638272163982407,True,<rdkit.Chem.rdchem.Mol object at 0x735c78fb8ac0>,False
CHEMBL3668515,CDK9,23.0,nM,COc1ccc(F)cc1-c1ccnc2[nH]c(C3=CCN(S(C)(=O)=O)CC3)c(C#N)c12,7.638272163982407,True,<rdkit.Chem.rdchem.Mol object at 0x735c78fbaa40>,False
CHEMBL5861687,CDK4,23.0,nM,CC(C)N1CCOc2c(F)cc(-c3nc(Nc4cnc(C5CCNCC5)cn4)ncc3F)cc21,7.638272163982407,True,<rdkit.Chem.rdchem.Mol object at 0x735c78fbb060>,False
CHEMBL5935736,CDK9,23.0,nM,O=C1CC[C@H](C(=O)Nc2cc(-c3ccc4ncn(Cc5cccc(F)c5)c4c3)c(Cl)cn2)N1,7.638272163982407,True,<rdkit.Chem.rdchem.Mol object at 0x735c78fac190>,False
CHEMBL3702223,CDK6,23.0,nM,CC[C@@H](C)n1c2cnccc2c2cnc(Nc3ccc(N4CCNCC4)nn3)nc21,7.638272163982407,True,<rdkit.Chem.rdchem.Mol object at 0x735c78fac900>,False
CHEMBL1800455,CDK1,23.0,nM,Nc1nc(-c2cc(N3C[C@H](O)[C@@H](O)C3)ccc2O)cc(C2CCCC2)n1,7.638272163982407,True,<rdkit.Chem.rdchem.Mol object at 0x735c78faca50>,False
CHEMBL3691593,CDK4,23.0,nM,Cc1cc(Nc2ncc3cc(C(=O)N(C)C)n(C4CCCC4)c3n2)ncc1C(O)N1CC2CCC(C1)N2,7.638272163982407,True,<rdkit.Chem.rdchem.Mol object at 0x735c78face40>,False
CHEMBL3668386,CDK9,23.0,nM,COc1ccc(F)cc1-c1ccnc2[nH]c(C3CCN(Cc4ccncc4)C3)cc12,7.638272163982407,True,<rdkit.Chem.rdchem.Mol object at 0x735c78fad620>,False
CHEMBL3986015,CDK9,23.0,nM,O=C(CO)N1CC=C(c2cc3c(-c4cncc(NCc5ccccc5)n4)ccnc3[nH]2)CC1,7.638272163982407,True,<rdkit.Chem.rdchem.Mol object at 0x735c78fadfc0>,False
CHEMBL5757075,CDK9,23.0,nM,O=C(Nc1cc(-c2cnc3ncn(Cc4cccc(F)c4)c3c2)c(Cl)cn1)C1CCCNC1,7.638272163982407,True,<rdkit.Chem.rdchem.Mol object at 0x735c78faef10>,False
CHEMBL5903874,CDK4,23.0,nM,CC(C)N1CCOc2c(F)cc(-c3nc(Nc4ccc(C5CCN(C)CC5)c(C#N)n4)ncc3F)cc21,7.638272163982407,True,<rdkit.Chem.rdchem.Mol object at 0x735c78faf5a0>,False
CHEMBL514913,CDK2,23.0,nM,CCn1c(-c2ccnc(Nc3ccc(S(C)(=O)=O)cc3)n2)cnc1C,7.638272163982407,True,<rdkit.Chem.rdchem.Mol object at 0x735c78fac200>,False
CHEMBL5399420,CDK2,23.03,nM,CN1CCN(Cc2ccc(NC(=O)c3n[nH]cc3Nc3ccncn3)cc2)CC1,7.637706062035769,True,<rdkit.Chem.rdchem.Mol object at 0x735c78fac580>,False
CHEMBL103285,CDK2,23.4,nM,NS(=O)(=O)c1ccc(Nc2cc(-c3cccc(Br)c3)[nH]n2)cc1,7.6307841425898575,True,<rdkit.Chem.rdchem.Mol object at 0x735c78fac740>,False
CHEMBL5512555,CDK9,23.53,nM,CC(=O)N1CCC(C(=O)Nc2ccc(CNc3nc(NC4CCOCC4)nc4c(C(C)C)cnn34)cc2)CC1,7.628378072823978,True,<rdkit.Chem.rdchem.Mol object at 0x735c78fac9e0>,False
CHEMBL5834090,CDK9,23.6,nM,Cc1nc2c(F)cc(-c3nc(Nc4ccc5c(n4)CCN(CCN(C)CCO)C5)ncc3F)cc2n1C(C)(C)C,7.627087997029893,True,<rdkit.Chem.rdchem.Mol object at 0x735c78fad070>,False
CHEMBL4205366,CDK6,23.6,nM,CCN1CCN(Cc2ccc(Nc3cc(-c4cc(F)c5nc(C)n(C(C)C)c5c4)ccn3)nn2)CC1,7.627087997029893,True,<rdkit.Chem.rdchem.Mol object at 0x735c78fad0e0>,False
CHEMBL4757918,CDK9,23.9,nM,CC(C)N1c2cc(Nc3ncc(F)c(-c4cncc5ccccc45)n3)ccc2N(C)C(=O)[C@H]1C,7.621602099051862,True,<rdkit.Chem.rdchem.Mol object at 0x735c78fad230>,False
CHEMBL560818,CDK2,24.0,nM,Cn1nc(C(N)=O)c2c1-c1nc(Nc3ccccc3)ncc1CC2(C)C,7.619788758288394,True,<rdkit.Chem.rdchem.Mol object at 0x735c78fad380>,False
CHEMBL3916153,CDK9,24.0,nM,CN1Cc2c(C3=CCN(CCS(N)(=O)=O)CC3)[nH]c3nccc(c23)-c2cc(F)ccc21,7.619788758288394,True,<rdkit.Chem.rdchem.Mol object at 0x735c78fad930>,False
CHEMBL6011114,CDK6,24.0,nM,COC1CCN(c2ccc(Nc3ncc(F)c(-c4cc(F)c5c(c4)N(C(C)C)CCO5)n3)nc2)CC1,7.619788758288394,True,<rdkit.Chem.rdchem.Mol object at 0x735c78fad9a0>,False
CHEMBL6003687,CDK9,24.0,nM,O=C(Nc1cc(-c2ccc3c(c2)N(Cc2cccc(F)c2)CC3)c(Cl)cn1)[C@@H]1CCCNC1,7.619788758288394,True,<rdkit.Chem.rdchem.Mol object at 0x735c78fadcb0>,False
CHEMBL299756,CDK1,24.0,nM,N#Cc1ccc2[nH]c3c(c2c1)CC(=O)Nc1ccccc1-3,7.619788758288394,True,<rdkit.Chem.rdchem.Mol object at 0x735c78fadf50>,False
CHEMBL3663798,CDK9,24.0,nM,Clc1ccc(OCc2ccccc2)nc1-c1ccnc2[nH]c(C3CCNCC3)cc12,7.619788758288394,True,<rdkit.Chem.rdchem.Mol object at 0x735c78fae810>,False
CHEMBL3668413,CDK9,24.0,nM,CN1CCC(c2cc3c(-c4cccc(NCc5ccccc5Cl)n4)ccnc3[nH]2)CC1,7.619788758288394,True,<rdkit.Chem.rdchem.Mol object at 0x735c78faec70>,False
CHEMBL2012402,CDK1,24.0,nM,Cn1cc(Nc2ncc3cnn([C@@H]4C[C@H]5C[C@H]5C4)c3n2)cc1C(N)=O,7.619788758288394,True,<rdkit.Chem.rdchem.Mol object at 0x735c78faed50>,False
CHEMBL3648124,CDK2,24.0,nM,CCS(=N)(=O)c1ccc(Nc2ncc(Br)c(N[C@@H](C)C(C)(C)O)n2)cc1,7.619788758288394,True,<rdkit.Chem.rdchem.Mol object at 0x735c78faeea0>,False
CHEMBL3668348,CDK9,24.0,nM,COc1ccc(F)cc1-c1ccnc2[nH]c(C3CCC(N)CC3)cc12,7.619788758288394,True,<rdkit.Chem.rdchem.Mol object at 0x735c78faf760>,False
CHEMBL5856504,CDK9,24.0,nM,O=C(Nc1cc(-c2ccc3ccn(Cc4cccc(F)c4)c3n2)c(Cl)cn1)[C@@H]1CCCNC1,7.619788758288394,True,<rdkit.Chem.rdchem.Mol object at 0x735c78faf7d0>,False
CHEMBL3644034,CDK4,24.0,nM,C[C@@H](Oc1nc(Nc2ccc(S(C)(=O)=O)cc2)ncc1C(F)(F)F)C(C)(C)O,7.619788758288394,True,<rdkit.Chem.rdchem.Mol object at 0x735c78faf8b0>,False
CHEMBL1081628,CDK2,24.0,nM,N[C@H](CNc1nnc(-c2ccc3[nH]ncc3c2)s1)Cc1ccc(C(F)(F)F)cc1,7.619788758288394,True,<rdkit.Chem.rdchem.Mol object at 0x735c78fafca0>,False
CHEMBL3644021,CDK1,24.0,nM,C[C@@H](O)[C@@H](C)Oc1nc(Nc2ccc(S(=O)(=O)C(F)F)cc2)ncc1C(F)(F)F,7.619788758288394,True,<rdkit.Chem.rdchem.Mol object at 0x735c78fafd80>,False
CHEMBL424696,CDK1,24.0,nM,c1ccc(Nc2ncc(-c3ccnc(OC4CCCCC4)n3)s2)nc1,7.619788758288394,True,<rdkit.Chem.rdchem.Mol object at 0x735c78fafdf0>,False
CHEMBL3698695,CDK6,24.0,nM,c1cc2c3cnc(Nc4ccc(N[C@H]5CCNC5)cn4)nc3n(C3CCCC3)c2cn1,7.619788758288394,True,<rdkit.Chem.rdchem.Mol object at 0x735c78facc80>,False
CHEMBL3641985,CDK4,24.0,nM,c1cc2c3cnc(Nc4ccc(N5CCNCC5)nn4)nc3n([C@@H]3CCOC3)c2cn1,7.619788758288394,True,<rdkit.Chem.rdchem.Mol object at 0x735c78fac270>,False
CHEMBL3673528,CDK9,24.0,nM,CC(=O)N1CCC(c2cc3c(-c4cncc(OCc5cccc(F)c5)n4)ccnc3[nH]2)CC1,7.619788758288394,True,<rdkit.Chem.rdchem.Mol object at 0x735c78fac970>,False
CHEMBL255463,CDK2,24.0,nM,O=C(Cc1ccccc1Cl)Nc1n[nH]c2ccc(N3CCCS3(=O)=O)cc12,7.619788758288394,True,<rdkit.Chem.rdchem.Mol object at 0x735c78facf20>,False
CHEMBL4095226,CDK9,24.0,nM,Nc1nccc(-c2c[nH]c3ncc(-c4ccc(F)cc4)cc23)n1,7.619788758288394,True,<rdkit.Chem.rdchem.Mol object at 0x735c78fad850>,False
CHEMBL3698696,CDK6,24.0,nM,O=S1(=O)CCC(Nc2ccc(Nc3ncc4c5ccncc5n(C5CCCC5)c4n3)nc2)C1,7.619788758288394,True,<rdkit.Chem.rdchem.Mol object at 0x735c78fae0a0>,False
CHEMBL3642027,CDK4,24.0,nM,COC(=O)CNC1CCN(c2ccc(Nc3ncc4c5ccncc5n(C5CCCC5)c4n3)nc2)CC1,7.619788758288394,True,<rdkit.Chem.rdchem.Mol object at 0x735c78fae490>,False
CHEMBL3691590,CDK4,24.0,nM,CN(C)C(=O)c1cc2cnc(Nc3ccc(C(=O)N4CCN5CCC4CC5)cn3)nc2n1C1CCCC1,7.619788758288394,True,<rdkit.Chem.rdchem.Mol object at 0x735c78fae880>,False
CHEMBL2012401,CDK1,24.0,nM,Cn1cc(Nc2ncc3cnn(C4CCC(C)(C)CC4)c3n2)cc1C(N)=O,7.619788758288394,True,<rdkit.Chem.rdchem.Mol object at 0x735c78faeb20>,False
CHEMBL3702160,CDK6,24.0,nM,CN(C)[C@H]1CN(c2ccc(Nc3ncc4c5ccncc5n(C5CCCC5)c4n3)nn2)CC[C@@H]1O,7.619788758288394,True,<rdkit.Chem.rdchem.Mol object at 0x735c78faf060>,False
CHEMBL3698736,CDK6,24.3,nM,c1cc2c3cnc(Nc4ccc(N5CCOCC5)nn4)nc3n(C3CCCC3)c2cn1,7.614393726401688,True,<rdkit.Chem.rdchem.Mol object at 0x735c78faf530>,False
CHEMBL319685,CDK2,24.5,nM,COc1cccc(-c2cc(Nc3ccc(S(N)(=O)=O)cc3)[nH]n2)c1,7.610833915635467,True,<rdkit.Chem.rdchem.Mol object at 0x735c78fc4270>,False
CHEMBL5537062,CDK9,24.65,nM,CC[C@@H](CO)Nc1nc(NCc2ccc(NC(=O)C3CCN(C(C)=O)CC3)cc2)n2ncc(C(C)C)c2n1,7.608183076386751,True,<rdkit.Chem.rdchem.Mol object at 0x735c78fc59a0>,False
CHEMBL5978749,CDK4,25.0,nM,CC(C)CN1CCOc2c(F)cc(-c3nc(Nc4ccc5c(n4)CCNC5)ncc3F)cc21,7.602059991327962,True,<rdkit.Chem.rdchem.Mol object at 0x735c78fc61f0>,False
CHEMBL3668462,CDK9,25.0,nM,CN1CCC(c2cc3c(-c4cc(NCc5ccc(C(N)=O)cc5)ccc4F)ccnc3[nH]2)CC1,7.602059991327962,True,<rdkit.Chem.rdchem.Mol object at 0x735c78fc71b0>,False
CHEMBL3663793,CDK9,25.0,nM,Clc1ccc(NCc2ccccc2)cc1-c1ccnc2[nH]c(C3CCNCC3)cc12,7.602059991327962,True,<rdkit.Chem.rdchem.Mol object at 0x735c78fc7bc0>,False
CHEMBL5198038,CDK9,25.0,nM,CC(C)n1cc(-c2ccnc3[nH]c(C4CCN(CC(=O)N(C)C)CC4)cc23)ccc1=O,7.602059991327962,True,<rdkit.Chem.rdchem.Mol object at 0x735c78fc4200>,False
CHEMBL3648078,CDK2,25.0,nM,C[C@@H](Nc1nc(Nc2ccc(S(=N)(=O)C3CCCC3)cc2)ncc1Br)C(C)(C)O,7.602059991327962,True,<rdkit.Chem.rdchem.Mol object at 0x735c78fc45f0>,False
CHEMBL3954429,CDK4,25.0,nM,CCN1CCN(c2ccc(Nc3ncc4c(C)c(C(C)=O)c(=O)n(C5CCCC5)c4n3)nc2)CC1,7.602059991327962,True,<rdkit.Chem.rdchem.Mol object at 0x735c78fc4970>,False
CHEMBL3698679,CDK6,25.0,nM,OCC1(n2c3cnccc3c3cnc(Nc4ccc(N5CCNCC5)cn4)nc32)CCCC1,7.602059991327962,True,<rdkit.Chem.rdchem.Mol object at 0x735c78fc55b0>,False
CHEMBL5846502,CDK9,25.0,nM,O=C(Nc1cc(-c2cc3c(cc2F)ncn3Cc2cccc(F)c2)c(Cl)cn1)[C@@H]1CCCNC1,7.602059991327962,True,<rdkit.Chem.rdchem.Mol object at 0x735c78fc5b60>,False
CHEMBL510578,CDK2,25.0,nM,O=C(NCC1CC1)c1n[nH]cc1NC(=O)c1c(F)cccc1F,7.602059991327962,True,<rdkit.Chem.rdchem.Mol object at 0x735c78fc5d90>,False
CHEMBL3923769,CDK9,25.0,nM,CN1Cc2c(C3=CCN(S(C)(=O)=O)CC3)[nH]c3nccc(c23)-c2cc(F)ccc21,7.602059991327962,True,<rdkit.Chem.rdchem.Mol object at 0x735c78fc5e00>,False
CHEMBL3668445,CDK9,25.0,nM,CN1CCC(c2cc3c(-c4nc(NCC5CCS(=O)(=O)CC5)ccc4Cl)ccnc3[nH]2)CC1,7.602059991327962,True,<rdkit.Chem.rdchem.Mol object at 0x735c78fc6260>,False
CHEMBL553397,CDK1,25.0,nM,COc1ccc2sc3c(c2c1)NC[C@@H](CO)NC3=O,7.602059991327962,True,<rdkit.Chem.rdchem.Mol object at 0x735c78fc62d0>,False
CHEMBL3905910,CDK1,25.0,nM,CN1CC[C@@H](c2c(O)cc(O)c3c(=O)cc(-c4ccc(C(F)(F)F)cc4Cl)oc23)[C@@H]1CO,7.602059991327962,True,<rdkit.Chem.rdchem.Mol object at 0x735c78fc6420>,False
CHEMBL3823659,CDK2,25.0,nM,CC(=O)N1CCC(n2cc(Nc3ncc(Cl)c(-c4cnc5ccccn45)n3)cn2)CC1,7.602059991327962,True,<rdkit.Chem.rdchem.Mol object at 0x735c78fc6500>,False
CHEMBL485431,CDK2,25.0,nM,Cc1ncc(-c2ccnc(Nc3ccc(S(=O)(=O)NCCN(C)C)cc3)n2)n1C,7.602059991327962,True,<rdkit.Chem.rdchem.Mol object at 0x735c78fc6880>,False
CHEMBL3691597,CDK4,25.0,nM,CN(C)C(=O)c1cc2cnc(Nc3ccc(C(=O)N4CC5CCC(C4)N5)cn3)nc2n1C1CCC1,7.602059991327962,True,<rdkit.Chem.rdchem.Mol object at 0x735c78fc69d0>,False
CHEMBL5821542,CDK9,25.0,nM,Fc1cccc(Cn2ccc3ncc(-c4cc(NC5CC6(CCNC6)C5)ncc4Cl)cc32)c1,7.602059991327962,True,<rdkit.Chem.rdchem.Mol object at 0x735c78fc6ab0>,False
CHEMBL4754081,CDK9,25.0,nM,CC(=O)N[C@@H]1CCC[C@H](C(=O)Nc2cc(-c3cnn4c3CC(C)(C)C4)c(F)cn2)C1,7.602059991327962,True,<rdkit.Chem.rdchem.Mol object at 0x735c78fc6d50>,False
CHEMBL3702064,CDK6,25.0,nM,CCC(C)(C)n1c2cnccc2c2cnc(Nc3ccc(N4CCNCC4)cn3)nc21,7.602059991327962,True,<rdkit.Chem.rdchem.Mol object at 0x735c78fc7140>,False
CHEMBL3648108,CDK1,25.0,nM,C[C@H](Nc1nc(Nc2ccc(S(=N)(=O)CCO)cc2)ncc1Br)C(C)(C)O,7.602059991327962,True,<rdkit.Chem.rdchem.Mol object at 0x735c78fc7530>,False
CHEMBL3891660,CDK9,25.0,nM,CN1Cc2c(C3=CCN(CCS(=O)(=O)N(C)C)CC3)[nH]c3nccc(c23)-c2cc(F)ccc21,7.602059991327962,True,<rdkit.Chem.rdchem.Mol object at 0x735c78fc76f0>,False
CHEMBL4216447,CDK4,25.0,nM,Cc1nc(Nc2ncc(F)c(-c3cc(F)c4nc5n(c4c3)C(C)(C)CC5)n2)ccc1CN1CCN(C)CC1,7.602059991327962,True,<rdkit.Chem.rdchem.Mol object at 0x735c78fc78b0>,False
CHEMBL359794,CDK4,25.0,nM,N#Cc1ccc(Nc2nccc(-c3cnn4ncccc34)n2)cc1,7.602059991327962,True,<rdkit.Chem.rdchem.Mol object at 0x735c78fc7d10>,False
CHEMBL3668351,CDK9,25.0,nM,Clc1cnc2[nH]c(C3CCNCC3)cc2c1-c1cccc(NCc2ccccc2)n1,7.602059991327962,True,<rdkit.Chem.rdchem.Mol object at 0x735c78fc7e60>,False
CHEMBL3668483,CDK9,25.0,nM,Clc1cnc2[nH]c(C3CCCNC3)cc2c1-c1ccnc(NCc2ccccc2)c1,7.602059991327962,True,<rdkit.Chem.rdchem.Mol object at 0x735c78fc4660>,False
CHEMBL1761791,CDK2,25.0,nM,Nc1nc(Nc2cccnc2)sc1C(=O)c1ccccc1F,7.602059991327962,True,<rdkit.Chem.rdchem.Mol object at 0x735c78fc4900>,False
CHEMBL3663800,CDK9,25.0,nM,COc1cc(F)ccc1-c1ccnc2[nH]c(C3CCNC3)cc12,7.602059991327962,True,<rdkit.Chem.rdchem.Mol object at 0x735c78fc4ba0>,False
CHEMBL5956369,CDK6,25.0,nM,Cc1nc2c(F)cc(-c3nc(Nc4ccc5c(n4)CCNC5)ncc3F)cc2n1C1CCCC1,7.602059991327962,True,<rdkit.Chem.rdchem.Mol object at 0x735c78fc5380>,False
CHEMBL3663804,CDK9,25.0,nM,Clc1ccc(NCc2ccccc2)nc1-c1ccnc2[nH]c(C3CCNC3)cc12,7.602059991327962,True,<rdkit.Chem.rdchem.Mol object at 0x735c78fc6b20>,False
CHEMBL5753552,CDK9,25.0,nM,O=C(Nc1cc(-c2ccc3ncn(CCCc4cccc(F)c4)c3c2)c(Cl)cn1)[C@@H]1CCCNC1,7.602059991327962,True,<rdkit.Chem.rdchem.Mol object at 0x735c78fc6e30>,False
CHEMBL5879867,CDK9,25.0,nM,CC(=O)N[C@@H]1CCC[C@@H](C(=O)Nc2cc(-c3cnn4c3CC(C)(C)C4)c(F)cn2)C1,7.602059991327962,True,<rdkit.Chem.rdchem.Mol object at 0x735c78fc6ea0>,False
CHEMBL3663781,CDK9,25.0,nM,Clc1ccc(NCc2ccncc2)nc1-c1ccnc2[nH]c(C3CCNCC3)cc12,7.602059991327962,True,<rdkit.Chem.rdchem.Mol object at 0x735c78fc7a70>,False
CHEMBL191893,CDK1,25.0,nM,CC(C)Oc1nc(Nc2ccc3[nH]cnc3c2)ncc1C(F)(F)F,7.602059991327962,True,<rdkit.Chem.rdchem.Mol object at 0x735c78fbc430>,False
CHEMBL4850143,CDK9,25.0,nM,CCOC(=O)NS(=O)(=O)N1CC=C(c2cc3c(-c4cc(F)ccc4OC)ccnc3[nH]2)CC1,7.602059991327962,True,<rdkit.Chem.rdchem.Mol object at 0x735c78fbc4a0>,False
CHEMBL5505838,CDK9,25.47,nM,CC(=O)Nc1ccc(CNc2nc(N3CCC[C@@H]3CO)nc3c(C(C)C)cnn23)cc1,7.593971055036385,True,<rdkit.Chem.rdchem.Mol object at 0x735c78fbdbd0>,False
CHEMBL5962267,CDK6,26.0,nM,CC(C)N1CCOc2c(F)cc(-c3nc(Nc4cc(C5CCN(C)CC5)n[nH]4)ncc3F)cc21,7.585026652029182,True,<rdkit.Chem.rdchem.Mol object at 0x735c78fbfb50>,False
CHEMBL5910995,CDK9,26.0,nM,O=C(CC1CCNCC1)Nc1cc(-c2ccc3ncn(Cc4cccc(F)c4)c3c2)c(Cl)cn1,7.585026652029182,True,<rdkit.Chem.rdchem.Mol object at 0x735c78fbc120>,False
CHEMBL3642003,CDK6,26.0,nM,c1cc2c3cnc(Nc4ccc(N5CCC(N6CCOCC6)CC5)nn4)nc3n(C3CCCC3)c2cn1,7.585026652029182,True,<rdkit.Chem.rdchem.Mol object at 0x735c78fbc820>,False
CHEMBL6168902,CDK6,26.0,nM,CCC(=O)N1CCC2(CC1)CC(=O)c1ccc(-c3nc(Nc4ccc(N5CCN(C)CC5)cn4)ncc3F)cc1O2,7.585026652029182,True,<rdkit.Chem.rdchem.Mol object at 0x735c78fbce40>,False
CHEMBL3691578,CDK4,26.0,nM,CC(CO)N1C2CCC1CN(C(=O)c1ccc(Nc3ncc4cc(C(=O)N(C)C)n(C5CCCC5)c4n3)nc1)C2,7.585026652029182,True,<rdkit.Chem.rdchem.Mol object at 0x735c78fbd0e0>,False
CHEMBL212049,CDK9,26.0,nM,Cc1cnc(OC2CCCCC2)nc1-c1cnc(Nc2ccccn2)s1,7.585026652029182,True,<rdkit.Chem.rdchem.Mol object at 0x735c78fbd310>,False
CHEMBL3668471,CDK9,26.0,nM,COc1cc(F)c(F)cc1-c1ccnc2[nH]c(C3CCCNC3)cc12,7.585026652029182,True,<rdkit.Chem.rdchem.Mol object at 0x735c78fbd3f0>,False
CHEMBL4579344,CDK9,26.0,nM,Cc1cc(C)c(CNc2nc(N[C@@H](C)[C@@H](C)O)nc3c2ncn3C(C)C)cn1,7.585026652029182,True,<rdkit.Chem.rdchem.Mol object at 0x735c78fbd5b0>,False
CHEMBL559487,CDK1,26.0,nM,C[C@@H]1CNc2c(sc3ccc(O)cc23)C(=O)N1,7.585026652029182,True,<rdkit.Chem.rdchem.Mol object at 0x735c78fbda10>,False
CHEMBL3702105,CDK4,26.0,nM,c1cc2c3cnc(Nc4ccc(N5CCC(N6CCCC6)CC5)cn4)nc3n(C3CCCC3)c2nn1,7.585026652029182,True,<rdkit.Chem.rdchem.Mol object at 0x735c78fbdb60>,False
CHEMBL3642031,CDK6,26.0,nM,COC(=O)CNC1CCN(c2ccc(Nc3ncc4c5ccncc5n(C5CCCC5)c4n3)nn2)CC1,7.585026652029182,True,<rdkit.Chem.rdchem.Mol object at 0x735c78fbde00>,False
CHEMBL3702136,CDK6,26.0,nM,FC(F)(F)c1cccc(-n2c3cnccc3c3cnc(Nc4ccc(N5CCNCC5)cn4)cc32)c1,7.585026652029182,True,<rdkit.Chem.rdchem.Mol object at 0x735c78fbe0a0>,False
CHEMBL3957008,CDK9,26.0,nM,CN1CCc2c(C3=CCNCC3)[nH]c3nccc(c23)-c2cc(F)ccc21,7.585026652029182,True,<rdkit.Chem.rdchem.Mol object at 0x735c78fbe110>,False
CHEMBL3702194,CDK6,26.0,nM,C[C@H](O)CNc1ccc(Nc2ncc3c4ccncc4n(C4CCCC4)c3n2)nn1,7.585026652029182,True,<rdkit.Chem.rdchem.Mol object at 0x735c78fbe810>,False
CHEMBL3654258,CDK4,26.0,nM,CN(C)C(=O)c1cc2cnc(Nc3ccc(N4CCN(CCO)CC4)cn3)nc2n1C1CCCC1,7.585026652029182,True,<rdkit.Chem.rdchem.Mol object at 0x735c78fbe9d0>,False
CHEMBL5195030,CDK4,26.0,nM,CC[C@@H](Nc1nc(NCc2cnc(C)cc2C)c2ncn(C(C)C)c2n1)[C@H](C)O,7.585026652029182,True,<rdkit.Chem.rdchem.Mol object at 0x735c78fbea40>,False
CHEMBL5195030,CDK9,26.0,nM,CC[C@@H](Nc1nc(NCc2cnc(C)cc2C)c2ncn(C(C)C)c2n1)[C@H](C)O,7.585026652029182,True,<rdkit.Chem.rdchem.Mol object at 0x735c78fbec00>,False
CHEMBL380500,CDK9,26.0,nM,Nc1nccc(-c2c3c(O)ccnc3n3c(N)nccc23)n1,7.585026652029182,True,<rdkit.Chem.rdchem.Mol object at 0x735c78fbec70>,False
CHEMBL4764173,CDK9,26.0,nM,CC[C@H](Nc1nc(NCc2ccccc2)c2ncn(C(C)C)c2n1)[C@@H](C)O,7.585026652029182,True,<rdkit.Chem.rdchem.Mol object at 0x735c78fbeff0>,False
CHEMBL4740353,CDK9,26.0,nM,Nc1nccc(-c2c3cccnc3n3c(N)nccc23)n1,7.585026652029182,True,<rdkit.Chem.rdchem.Mol object at 0x735c78fbf3e0>,False
CHEMBL6038282,CDK9,26.6,nM,Cc1nc2c(F)cc(-c3nc(Nc4ccc5c(n4)CCN(C(=O)[C@@H]4CCCN4)C5)ncc3F)cc2n1C1CC1,7.575118363368933,True,<rdkit.Chem.rdchem.Mol object at 0x735c78fbf5a0>,False
CHEMBL3698728,CDK6,26.6,nM,c1cc2c3cnc(Nc4ccc(NCC5CCNC5)nn4)nc3n(C3CCCC3)c2cn1,7.575118363368933,True,<rdkit.Chem.rdchem.Mol object at 0x735c78fbf680>,False
CHEMBL3702045,CDK6,27.0,nM,CCN1CCN(c2ccc(Nc3ncc4c5ccncc5n(C5CCCC5)c4n3)nn2)CC1,7.568636235841012,True,<rdkit.Chem.rdchem.Mol object at 0x735c78fbf7d0>,False
CHEMBL5740082,CDK9,27.0,nM,O=C1CC(C(=O)Nc2cc(-c3ccc4ncn(Cc5cccc(F)c5)c4c3)c(Cl)cn2)C1,7.568636235841012,True,<rdkit.Chem.rdchem.Mol object at 0x735c78fbfa00>,False
CHEMBL3691682,CDK4,27.0,nM,CN(C)C(=O)c1cc2cnc(Nc3ccc(N4CCN5CCC[C@@H]5C4=O)cn3)nc2n1C1CCCC1,7.568636235841012,True,<rdkit.Chem.rdchem.Mol object at 0x735c78fbfc30>,False
CHEMBL3691594,CDK4,27.0,nM,CN(C)C(=O)c1cc2cnc(Nc3ccc(C(=O)N4CC5CCCC(C4)N5)cn3)nc2n1C1CCCC1,7.568636235841012,True,<rdkit.Chem.rdchem.Mol object at 0x735c78fbfd80>,False
CHEMBL4212542,CDK4,27.0,nM,CCN1CCN(Cc2ccc(Nc3ncc(F)c(-c4cc(F)c5nc6n(c5c4)C(C)CC6)n3)nc2)CC1,7.568636235841012,True,<rdkit.Chem.rdchem.Mol object at 0x735c78fbfe60>,False
CHEMBL3702218,CDK6,27.0,nM,CC[C@@H](C)n1c2cnccc2c2cnc(Nc3ccc(N4CCC(NC)CC4)nn3)nc21,7.568636235841012,True,<rdkit.Chem.rdchem.Mol object at 0x735c78fbc040>,False
CHEMBL3702247,CDK4,27.0,nM,CN(C)C1CCN(c2ccc(Nc3ncc4c5ccncc5n(C5CCC5)c4n3)nn2)CC1,7.568636235841012,True,<rdkit.Chem.rdchem.Mol object at 0x735c78fbc9e0>,False
CHEMBL3702247,CDK6,27.0,nM,CN(C)C1CCN(c2ccc(Nc3ncc4c5ccncc5n(C5CCC5)c4n3)nn2)CC1,7.568636235841012,True,<rdkit.Chem.rdchem.Mol object at 0x735c78fbcac0>,False
CHEMBL3668474,CDK9,27.0,nM,Fc1ccc(CNc2ccc(Cl)c(-c3ccnc4[nH]c(C5CCCNC5)cc34)n2)cc1,7.568636235841012,True,<rdkit.Chem.rdchem.Mol object at 0x735c78fbccf0>,False
CHEMBL3237447,CDK4,27.0,nM,N#Cc1nccc2c3cnc(Nc4ccc(N5CCNCC5)cn4)nc3n(C3CCCC3)c12,7.568636235841012,True,<rdkit.Chem.rdchem.Mol object at 0x735c78fbdd20>,False
CHEMBL5817923,CDK6,27.0,nM,Fc1cnc(Nc2ccc(N3CCCNCC3)cn2)nc1-c1cc(F)c2c(c1)N(C1CCCC1)CCO2,7.568636235841012,True,<rdkit.Chem.rdchem.Mol object at 0x735c78fc84a0>,False
CHEMBL3960058,CDK9,27.0,nM,CN1Cc2c(C3=CCNCC3)[nH]c3ncc(F)c(c23)-c2cc(F)ccc21,7.568636235841012,True,<rdkit.Chem.rdchem.Mol object at 0x735c78fc8660>,False
CHEMBL3648084,CDK1,27.0,nM,CCOC(=O)N=S(C)(=O)c1ccc(Nc2ncc(Br)c(N[C@H](C)C(C)(C)O)n2)cc1,7.568636235841012,True,<rdkit.Chem.rdchem.Mol object at 0x735c78fc9d20>,False
CHEMBL6064282,CDK9,27.0,nM,O=C(Nc1cc(-c2ccc3ncn(Cc4cccs4)c3c2)c(Cl)cn1)[C@@H]1CCCNC1,7.568636235841012,True,<rdkit.Chem.rdchem.Mol object at 0x735c78fcace0>,False
CHEMBL3663768,CDK9,27.0,nM,COc1ccccc1-c1ccnc2[nH]c(C3CCNCC3)cc12,7.568636235841012,True,<rdkit.Chem.rdchem.Mol object at 0x735c78fcb220>,False
CHEMBL5945627,CDK1,27.0,nM,CN1CCN(C(=O)c2ccc(Nc3ncc4cc5n(c4n3)C3(CCCCC3)C(=O)NC5O)cc2)CC1,7.568636235841012,True,<rdkit.Chem.rdchem.Mol object at 0x735c78fcb450>,False
CHEMBL3702204,CDK6,27.0,nM,O[C@@H]1CCN(c2ccc(Nc3ncc4c5ccccc5n(C5CCCC5)c4n3)nc2)C1,7.568636235841012,True,<rdkit.Chem.rdchem.Mol object at 0x735c78fcb4c0>,False
CHEMBL3691617,CDK4,27.0,nM,CN(C)C(=O)c1cc2cnc(Nc3ccc(N4CC5CC5(N)C4)cn3)nc2n1C1CCCC1,7.568636235841012,True,<rdkit.Chem.rdchem.Mol object at 0x735c78fcb5a0>,False
CHEMBL3702174,CDK4,27.0,nM,NC1[C@H]2CN(c3ccc(Nc4ncc5c6ccncc6n(C6CCCC6)c5n4)nn3)C[C@@H]12,7.568636235841012,True,<rdkit.Chem.rdchem.Mol object at 0x735c78fcb6f0>,False
CHEMBL3648119,CDK1,27.0,nM,COC[C@H](Nc1nc(Nc2ccc(S(C)(=N)=O)cc2)ncc1Br)[C@H](C)O,7.568636235841012,True,<rdkit.Chem.rdchem.Mol object at 0x735c78fcb840>,False
CHEMBL6041395,CDK9,27.0,nM,O=C(Nc1cc(-c2ccc3ncn(Cc4cccc(F)c4)c3c2)c(Cl)cn1)[C@@H]1CCCNC1,7.568636235841012,True,<rdkit.Chem.rdchem.Mol object at 0x735c78fcb920>,False
CHEMBL6148199,CDK6,27.0,nM,CC(=O)N1CCC2(CC1)CC(=O)c1ccc(-c3nc(Nc4ccc(N5CCOCC5)cn4)ncc3F)cc1O2,7.568636235841012,True,<rdkit.Chem.rdchem.Mol object at 0x735c78fcba00>,False
CHEMBL3648105,CDK2,27.0,nM,CCC(Sc1nc(Nc2ccc(S(C)(=N)=O)cc2)ncc1Br)C(C)(C)O,7.568636235841012,True,<rdkit.Chem.rdchem.Mol object at 0x735c78fcbca0>,False
CHEMBL3673522,CDK9,27.0,nM,O=C(CO)N1CCC(c2cc3c(-c4cncc(OCc5cccc(F)c5)n4)ccnc3[nH]2)CC1,7.568636235841012,True,<rdkit.Chem.rdchem.Mol object at 0x735c78fc8270>,False
CHEMBL4212542,CDK6,28.0,nM,CCN1CCN(Cc2ccc(Nc3ncc(F)c(-c4cc(F)c5nc6n(c5c4)C(C)CC6)n3)nc2)CC1,7.552841968657781,True,<rdkit.Chem.rdchem.Mol object at 0x735c78fc8350>,False
CHEMBL3668395,CDK9,28.0,nM,COc1ccc(F)cc1-c1ccnc2[nH]c([C@H]3CC[C@H](NCC(O)CO)CC3)cc12,7.552841968657781,True,<rdkit.Chem.rdchem.Mol object at 0x735c78fc83c0>,False
CHEMBL524266,CDK9,28.0,nM,Nc1nccc(-c2cc3c([nH]2)[C@@H](CCF)CNC3=O)n1,7.552841968657781,True,<rdkit.Chem.rdchem.Mol object at 0x735c78fc8580>,False
CHEMBL3668496,CDK9,28.0,nM,COc1ccc(F)cc1-c1ccnc2[nH]c(C3=CCN(CC(N)=O)CC3)cc12,7.552841968657781,True,<rdkit.Chem.rdchem.Mol object at 0x735c78fc8820>,False
CHEMBL5956855,CDK6,28.0,nM,CC(C)N1CCOc2c(F)cc(-c3nc(Nc4ccc(N5CCC(CN)CC5)cn4)ncc3F)cc21,7.552841968657781,True,<rdkit.Chem.rdchem.Mol object at 0x735c78fc8a50>,False
CHEMBL4542247,CDK9,28.0,nM,Cc1nc2c(F)cc(-c3nc(Nc4ccc5c(n4)CCN(CCN(C)C)C5)ncc3F)cc2n1C1(C)CC1,7.552841968657781,True,<rdkit.Chem.rdchem.Mol object at 0x735c78fc8f20>,False
CHEMBL6020892,CDK9,28.0,nM,O=C(Nc1cc(-c2cnn3c2CCCC3)c(Cl)cn1)[C@H]1CCC[C@@H](NC(=O)[C@H]2CCOC2)C1,7.552841968657781,True,<rdkit.Chem.rdchem.Mol object at 0x735c78fc90e0>,False
CHEMBL3668516,CDK9,28.0,nM,CNC(=O)N1CC=C(c2[nH]c3nccc(-c4cc(F)ccc4OC)c3c2C#N)CC1,7.552841968657781,True,<rdkit.Chem.rdchem.Mol object at 0x735c78fc9310>,False
CHEMBL3702243,CDK6,28.0,nM,CC1(C)CN(c2ccc(Nc3ncc4c5ccncc5n(C5CCC5)c4n3)nc2)CCN1,7.552841968657781,True,<rdkit.Chem.rdchem.Mol object at 0x735c78fc9460>,False
CHEMBL2029908,CDK1,28.0,nM,CN1CCN(C(=O)c2cc(Nc3ncc4cc(-c5cnco5)n(C5CCCC5)c4n3)cn2C)CC1,7.552841968657781,True,<rdkit.Chem.rdchem.Mol object at 0x735c78fc94d0>,False
CHEMBL368215,CDK1,28.0,nM,CCn1cnc2c(Nc3cccc(C(F)(F)F)c3)nc(N[C@H]3CC[C@H](O)CC3)nc21,7.552841968657781,True,<rdkit.Chem.rdchem.Mol object at 0x735c78fc9540>,False
CHEMBL5902314,CDK6,28.0,nM,CC(C)N1CCOc2c(F)cc(-c3nc(Nc4ccc5c(c4)C(=O)NCC5)ncc3F)cc21,7.552841968657781,True,<rdkit.Chem.rdchem.Mol object at 0x735c78fc9850>,False
CHEMBL3648087,CDK2,28.0,nM,CCOC(=O)N=S(C)(=O)c1ccc(Nc2ncc(Br)c(N[C@@H](COC)[C@H](C)O)n2)cc1,7.552841968657781,True,<rdkit.Chem.rdchem.Mol object at 0x735c78fc99a0>,False
CHEMBL3673514,CDK9,28.0,nM,OCC(O)CN1CCC(c2cc3c(-c4cncc(NCc5ccccc5)n4)ccnc3[nH]2)CC1,7.552841968657781,True,<rdkit.Chem.rdchem.Mol object at 0x735c78fc9cb0>,False
CHEMBL3642028,CDK6,28.0,nM,CCN(CCO)C1CCN(c2ccc(Nc3ncc4c5ccncc5n(C5CCCC5)c4n3)nc2)CC1,7.552841968657781,True,<rdkit.Chem.rdchem.Mol object at 0x735c78fc9e70>,False
CHEMBL495558,CDK2,28.0,nM,CC(C)(C)c1cnc(CSc2cnc(NC3CCCC(O)C3)s2)o1,7.552841968657781,True,<rdkit.Chem.rdchem.Mol object at 0x735c78fc9ee0>,False
CHEMBL3955479,CDK9,28.0,nM,CN1Cc2c(C3=C[C@H](CO)NCC3)[nH]c3nccc(c23)-c2cc(F)ccc21,7.552841968657781,True,<rdkit.Chem.rdchem.Mol object at 0x735c78fca030>,False
CHEMBL5815755,CDK9,28.0,nM,CCN1CCC(CCNc2cc(-c3ccc4ncn(Cc5cccc(F)c5)c4c3)c(Cl)cn2)CC1,7.552841968657781,True,<rdkit.Chem.rdchem.Mol object at 0x735c78fca0a0>,False
CHEMBL255718,CDK1,28.0,nM,O=C(Cc1ccc(O)cc1)Nc1n[nH]c2ccc(N3CCCS3(=O)=O)cc12,7.552841968657781,True,<rdkit.Chem.rdchem.Mol object at 0x735c78fca260>,False
CHEMBL3904602,CDK9,28.0,nM,CC(C)N1CCN(c2ccc(Nc3ncc4cc5n(c4n3)C3(CCCCC3)CNC5=O)nc2)CC1,7.552841968657781,True,<rdkit.Chem.rdchem.Mol object at 0x735c78fca5e0>,False
CHEMBL3668433,CDK9,28.0,nM,CN1CCC(c2cc3c(-c4nc(NCc5ccc(C(N)=O)cc5)ccc4Cl)ccnc3[nH]2)CC1,7.552841968657781,True,<rdkit.Chem.rdchem.Mol object at 0x735c78fca810>,False
CHEMBL172140,CDK1,28.0,nM,CCn1cnc2c(Nc3cccc(C#N)c3)nc(N[C@H]3CC[C@H](O)CC3)nc21,7.552841968657781,True,<rdkit.Chem.rdchem.Mol object at 0x735c78fc9380>,False
CHEMBL5527848,CDK9,28.01,nM,CC(C)c1cnn2c(NCc3ccc(NC(=O)C4(F)CC4)cc3)nc(NC3CCOCC3)nc12,7.552686891176432,True,<rdkit.Chem.rdchem.Mol object at 0x735c78fca730>,False
CHEMBL5894670,CDK2,28.2,nM,Cc1nc2c(F)cc(-c3nc(Nc4ccc5c(n4)CCN(C(=O)NCCO)C5)ncc3F)cc2n1C(C)C,7.549750891680639,True,<rdkit.Chem.rdchem.Mol object at 0x735c78fcb680>,False
CHEMBL5856237,CDK2,28.3,nM,Cc1nc2c(F)cc(-c3nc(Nc4ccc5c(n4)CCN(C(=O)[C@@H](C)N(C)C)C5)ncc3F)cc2n1C(C)C,7.548213564475709,True,<rdkit.Chem.rdchem.Mol object at 0x735c78fcb7d0>,False
CHEMBL6060984,CDK2,28.7,nM,COCC(=O)N1CCc2nc(Nc3ncc(F)c(-c4cc(F)c5nc(C)n(C(C)C)c5c4)n3)ccc2C1,7.542118103266008,True,<rdkit.Chem.rdchem.Mol object at 0x735c78fcbe60>,False
CHEMBL5555640,CDK9,28.9,nM,CCC(=O)Nc1ccc(CNc2nc(NC3CCN(C)CC3)nc3c(C(C)C)cnn23)cc1,7.539102157243452,True,<rdkit.Chem.rdchem.Mol object at 0x735c78fc9000>,False
CHEMBL114917,CDK2,29.0,nM,COc1cccc(CC(=O)Nc2cc(C3CC3)[nH]n2)c1,7.537602002101044,True,<rdkit.Chem.rdchem.Mol object at 0x735c78fc9700>,False
CHEMBL385415,CDK4,29.0,nM,Oc1nc2cccc3c2nc1-c1cccc2c(O)n(nc12)CCN1CC[C@@H](C1)O3,7.537602002101044,True,<rdkit.Chem.rdchem.Mol object at 0x735c78fb2b20>,False
CHEMBL5978110,CDK9,29.0,nM,Cc1cnc(NC(=O)[C@H]2CCC[C@@H](NC(=O)CO)C2)cc1-c1cnn2c1CC(C)(C)C2,7.537602002101044,True,<rdkit.Chem.rdchem.Mol object at 0x735c78fb3450>,False
CHEMBL3237449,CDK6,29.0,nM,C[C@@H](CO)n1c2cnccc2c2cnc(Nc3ccc(N4CCNCC4)cn3)nc21,7.537602002101044,True,<rdkit.Chem.rdchem.Mol object at 0x735c78fb38b0>,False
CHEMBL3970723,CDK9,29.0,nM,CN1Cc2c(C3=CCNCC3)[nH]c3nccc(c23)-c2cc(F)c(F)cc21,7.537602002101044,True,<rdkit.Chem.rdchem.Mol object at 0x735c78fb0040>,False
CHEMBL453629,CDK1,29.0,nM,Cc1ncc(-c2ccnc(Nc3ccc(C(=O)NCCN(C)C)c(F)c3)n2)n1C(C)C,7.537602002101044,True,<rdkit.Chem.rdchem.Mol object at 0x735c78fb0190>,False
CHEMBL3668364,CDK9,29.0,nM,CN1CCC(c2cc3c(-c4cccc(NCc5cccnc5)n4)ccnc3[nH]2)CC1,7.537602002101044,True,<rdkit.Chem.rdchem.Mol object at 0x735c78fb0200>,False
CHEMBL400859,CDK1,29.0,nM,COCc1cccc2[nH]c(-c3n[nH]c4ncc(-c5cccnc5)cc34)nc12,7.537602002101044,True,<rdkit.Chem.rdchem.Mol object at 0x735c78fb0350>,False
CHEMBL3668417,CDK9,29.0,nM,COc1ccc(F)cc1-c1ccnc2[nH]c([C@H]3CC[C@H](NCC4CC4C(=O)O)CC3)cc12,7.537602002101044,True,<rdkit.Chem.rdchem.Mol object at 0x735c78fb0820>,False
CHEMBL3668388,CDK9,29.0,nM,COc1ccc(F)cc1-c1ccnc2[nH]c(C3CCN(CCNC(=O)OC(C)(C)C)C3)cc12,7.537602002101044,True,<rdkit.Chem.rdchem.Mol object at 0x735c78fb0890>,False
CHEMBL3668469,CDK9,29.0,nM,Clc1ccc(NCc2ccccc2)cc1-c1ccnc2[nH]c(C3CCCNC3)cc12,7.537602002101044,True,<rdkit.Chem.rdchem.Mol object at 0x735c78fb1770>,False
CHEMBL194721,CDK4,29.0,nM,FC(F)(F)c1cnc(Nc2ccc3[nH]cnc3c2)nc1Nc1ccccc1Cl,7.537602002101044,True,<rdkit.Chem.rdchem.Mol object at 0x735c78fb04a0>,False
CHEMBL5903874,CDK6,29.0,nM,CC(C)N1CCOc2c(F)cc(-c3nc(Nc4ccc(C5CCN(C)CC5)c(C#N)n4)ncc3F)cc21,7.537602002101044,True,<rdkit.Chem.rdchem.Mol object at 0x735c78fb0ac0>,False
CHEMBL6148620,CDK6,29.0,nM,CC(=O)N1CCC2(CC1)CC(=O)c1ccc(-c3nc(Nc4ccc(N5CCN(C(=O)OC(C)(C)C)CC5)cn4)ncc3F)cc1O2,7.537602002101044,True,<rdkit.Chem.rdchem.Mol object at 0x735c78fb0c10>,False
CHEMBL402272,CDK9,29.0,nM,Nc1nccc(-c2cc3c([nH]2)CCNC3=O)n1,7.537602002101044,True,<rdkit.Chem.rdchem.Mol object at 0x735c78fb1000>,False
CHEMBL3673505,CDK9,29.0,nM,c1cncc(CNc2cncc(-c3ccnc4[nH]c(C5CCNCC5)cc34)n2)c1,7.537602002101044,True,<rdkit.Chem.rdchem.Mol object at 0x735c78fb10e0>,False
CHEMBL3702036,CDK4,29.0,nM,CN1CCN(c2ccc(Nc3ncc4c5cc[nH]c(=O)c5n(C5CCCC5)c4n3)nn2)CC1,7.537602002101044,True,<rdkit.Chem.rdchem.Mol object at 0x735c78fb13f0>,False
CHEMBL3691684,CDK1,29.0,nM,CN(C)C(=O)c1cc2cnc(Nc3ccc(C(=O)N4C[C@H]5CC[C@@H](C4)N5)cn3)nc2n1C1CCCC1,7.537602002101044,True,<rdkit.Chem.rdchem.Mol object at 0x735c78fb1460>,False
CHEMBL5753246,CDK9,29.0,nM,CC1(C(=O)N[C@@H]2CCC[C@H](C(=O)Nc3cc(-c4cnn5c4CCCC5)c(Cl)cn3)C2)COC1,7.537602002101044,True,<rdkit.Chem.rdchem.Mol object at 0x735c78fb15b0>,False
CHEMBL565137,CDK2,29.0,nM,CNC(=O)c1nn(C)c2c1C(C)(C)Cc1cnc(Nc3ccc(OC4CCN(C)CC4)cc3)nc1-2,7.537602002101044,True,<rdkit.Chem.rdchem.Mol object at 0x735c78fb1620>,False
CHEMBL6161170,CDK6,29.0,nM,CN1CCN(c2ccc(Nc3ncc(F)c(-c4ccc5c(c4)OC4(CCN(C(=O)OC(C)(C)C)CC4)CC5=O)n3)nc2)CC1,7.537602002101044,True,<rdkit.Chem.rdchem.Mol object at 0x735c78fb17e0>,False
CHEMBL5900599,CDK6,29.3,nM,CCn1c(C)nc2c(F)cc(-c3nc(Nc4ccc5c(n4)CCNC5)ncc3F)cc21,7.53313237964589,True,<rdkit.Chem.rdchem.Mol object at 0x735c78fb19a0>,False
CHEMBL5814867,CDK2,29.6,nM,CNCC(=O)N1CCc2nc(Nc3ncc(F)c(-c4cc(F)c5nc(C)n(C(C)C)c5c4)n3)ccc2C1,7.528708288941061,True,<rdkit.Chem.rdchem.Mol object at 0x735c78fb1b60>,False
CHEMBL5542924,CDK9,29.66,nM,CCC(=O)Nc1ccc(CNc2nc(N[C@H](CC)CO)nc3c(C(C)C)cnn23)cc1,7.527828853307636,True,<rdkit.Chem.rdchem.Mol object at 0x735c78fb1bd0>,False
CHEMBL5555057,CDK9,29.85,nM,CC(=O)Nc1ccc(CNc2nc(NC3CCCNC3)nc3c(C(C)C)cnn23)cc1,7.525055664534612,True,<rdkit.Chem.rdchem.Mol object at 0x735c78fb1cb0>,False
CHEMBL3923572,CDK9,30.0,nM,CC[C@H]1c2c(C3=CCNCC3)[nH]c3nccc(c23)-c2cc(F)ccc2N1C,7.522878745280337,True,<rdkit.Chem.rdchem.Mol object at 0x735c78fb2500>,False
CHEMBL6163600,CDK6,30.0,nM,CN1CCN(c2ccc(Nc3ncc(F)c(-c4ccc5c(c4)OC4(CCN(C(=O)C6CC6)CC4)CC5=O)n3)nc2)CC1,7.522878745280337,True,<rdkit.Chem.rdchem.Mol object at 0x735c78fb2960>,False
CHEMBL102871,CDK1,30.0,nM,CC(C)n1cnc2c(Nc3cccc(Cl)c3)nc(NC3CCC(N)CC3)nc21,7.522878745280337,True,<rdkit.Chem.rdchem.Mol object at 0x735c78fb29d0>,False
CHEMBL8817,CDK1,30.0,nM,CN1CC[C@@H](c2c(O)cc(O)c3c(=O)cc(-c4ccccc4Cl)oc23)[C@@H](O)C1,7.522878745280337,True,<rdkit.Chem.rdchem.Mol object at 0x735c78fb3c30>,False
CHEMBL84944,CDK2,30.0,nM,CC(C)C(CO)Nc1nc(NCc2cccc(O)c2)c2ncn(C(C)C)c2n1,7.522878745280337,True,<rdkit.Chem.rdchem.Mol object at 0x735c78fb09e0>,False
CHEMBL3668435,CDK9,30.0,nM,CN1CCC(c2cc3c(-c4cccc(NCCO)n4)ccnc3[nH]2)CC1,7.522878745280337,True,<rdkit.Chem.rdchem.Mol object at 0x735c78fb0dd0>,False
CHEMBL3668455,CDK9,30.0,nM,COc1ccc(F)cc1-c1ccnc2[nH]c(C3CN(C)C3)cc12,7.522878745280337,True,<rdkit.Chem.rdchem.Mol object at 0x735c78fb12a0>,False
CHEMBL3938690,CDK9,30.0,nM,CNC(=O)N1CC=C(c2[nH]c3nccc4c3c2CN(C)c2ccc(F)cc2-4)CC1,7.522878745280337,True,<rdkit.Chem.rdchem.Mol object at 0x735c78fb1850>,False
CHEMBL3702064,CDK4,30.0,nM,CCC(C)(C)n1c2cnccc2c2cnc(Nc3ccc(N4CCNCC4)cn3)nc21,7.522878745280337,True,<rdkit.Chem.rdchem.Mol object at 0x735c7a8bdee0>,False
CHEMBL5777474,CDK9,30.0,nM,CN1CCC(CNc2cc(-c3ccc4ncn(Cc5cccc(F)c5)c4c3)c(Cl)cn2)CC1,7.522878745280337,True,<rdkit.Chem.rdchem.Mol object at 0x735c7a8bf990>,False
CHEMBL3673513,CDK9,30.0,nM,CC(=O)N1CCC(c2cc3c(-c4cncc(NCc5ccccc5)n4)ccnc3[nH]2)CC1,7.522878745280337,True,<rdkit.Chem.rdchem.Mol object at 0x735c7a8be420>,False
CHEMBL5867014,CDK6,30.0,nM,CC(C)N1CCOc2c(F)cc(-c3nc(Nc4ccc(N5CCN(C(=O)N(C)C)CC5)cn4)ncc3F)cc21,7.522878745280337,True,<rdkit.Chem.rdchem.Mol object at 0x735c7a8bc040>,False
CHEMBL3642008,CDK6,30.0,nM,O[C@H]1CCCN(C2CCN(c3ccc(Nc4ncc5c6ccncc6n(C6CCCC6)c5n4)nn3)CC2)C1,7.522878745280337,True,<rdkit.Chem.rdchem.Mol object at 0x735c7a8bfb50>,False
CHEMBL254171,CDK2,30.0,nM,O=C(Cc1ccc(-c2ccncc2)cc1)Nc1n[nH]c2ccc(N3CCCS3(=O)=O)cc12,7.522878745280337,True,<rdkit.Chem.rdchem.Mol object at 0x735c7a8bdf50>,False
CHEMBL255262,CDK1,30.0,nM,O=C(Cc1cccc(F)c1)Nc1n[nH]c2ccc(N3CCCS3(=O)=O)cc12,7.522878745280337,True,<rdkit.Chem.rdchem.Mol object at 0x735c7a8be9d0>,False
CHEMBL509730,CDK2,30.0,nM,CC(C)Nc1cc(N[C@H]2CC[C@H](N)CC2)nc2c(C#N)cnn12,7.522878745280337,True,<rdkit.Chem.rdchem.Mol object at 0x735c7a8bd930>,False
CHEMBL3641993,CDK6,30.0,nM,c1cc2c3cnc(Nc4ccc(N5CCC(N6CCCC6)CC5)nn4)nc3n(C3CCCC3)c2cn1,7.522878745280337,True,<rdkit.Chem.rdchem.Mol object at 0x735c7a8be6c0>,False
CHEMBL576257,CDK2,30.0,nM,Cc1cc(Nc2cnc(C#N)c(N[C@@H](C)c3ccc(F)cn3)n2)n[nH]1,7.522878745280337,True,<rdkit.Chem.rdchem.Mol object at 0x735c7a8bceb0>,False
CHEMBL5771470,CDK9,30.0,nM,Cc1nc2ccc(-c3cc(NC(=O)[C@@H]4CCCNC4)ncc3Cl)cc2n1Cc1cccc(F)c1,7.522878745280337,True,<rdkit.Chem.rdchem.Mol object at 0x735c7a8bf450>,False
CHEMBL5934647,CDK6,30.0,nM,CC(C)N1CCOc2c(F)cc(-c3nc(Nc4cccc5c4CCNC5)ncc3F)cc21,7.522878745280337,True,<rdkit.Chem.rdchem.Mol object at 0x735c7a8bf7d0>,False
CHEMBL428690,CDK1,30.0,nM,CN1CC[C@H](c2c(O)cc(O)c3c(=O)cc(-c4ccccc4Cl)oc23)[C@H](O)C1,7.522878745280337,True,<rdkit.Chem.rdchem.Mol object at 0x735c7a8bd7e0>,False
CHEMBL1922219,CDK2,30.0,nM,CC[C@H](Nc1nc(NCc2cccnc2)c2ncn(C(C)C)c2n1)[C@@H](C)O,7.522878745280337,True,<rdkit.Chem.rdchem.Mol object at 0x735c7a8bde00>,False
CHEMBL3698660,CDK4,30.0,nM,c1ccc2c(c1)CCC2n1c2cnccc2c2cnc(Nc3ccc(N4CCNCC4)cn3)nc21,7.522878745280337,True,<rdkit.Chem.rdchem.Mol object at 0x735c7a8bc4a0>,False
CHEMBL3691589,CDK4,30.0,nM,CN(C)C(=O)c1cc2cnc(Nc3ccc(C(=O)N4CC5CNCC(C4)O5)cn3)nc2n1C1CCCC1,7.522878745280337,True,<rdkit.Chem.rdchem.Mol object at 0x735c7a8bc510>,False
CHEMBL3702203,CDK6,30.0,nM,CC1CN(c2ccc(Nc3ncc4c5ccccc5n(C5CCCC5)c4n3)nc2)CC(C)N1,7.522878745280337,True,<rdkit.Chem.rdchem.Mol object at 0x735c7a8beb20>,False
CHEMBL3668362,CDK9,30.0,nM,c1cc(NCC2CCOCC2)nc(-c2ccnc3[nH]c(C4CCNCC4)cc23)c1,7.522878745280337,True,<rdkit.Chem.rdchem.Mol object at 0x735c7a8bc350>,False
CHEMBL177138,CDK1,30.0,nM,CCn1cnc2c(Nc3cccc(Cl)c3)nc(N[C@H]3CC[C@H](O)CC3)nc21,7.522878745280337,True,<rdkit.Chem.rdchem.Mol object at 0x735c7a8be260>,False
CHEMBL3668486,CDK9,30.0,nM,COc1ccc(F)cc1-c1ccnc2[nH]c(C3=CCN(S(N)(=O)=O)CC3)cc12,7.522878745280337,True,<rdkit.Chem.rdchem.Mol object at 0x735c7a8bf760>,False
CHEMBL574737,CDK2,30.0,nM,CN[C@@H]1C[C@H]2O[C@@](C)([C@@H]1OC)n1c3ccccc3c3c4c(c5c6ccccc6n2c5c31)C(=O)N[C@H]4O,7.522878745280337,True,<rdkit.Chem.rdchem.Mol object at 0x735c7a8bf610>,False
CHEMBL3927462,CDK9,30.0,nM,CN1Cc2c(C3=CCN[C@@H](CO)C3)[nH]c3nccc(c23)-c2cc(F)ccc21,7.522878745280337,True,<rdkit.Chem.rdchem.Mol object at 0x735c7a8be180>,False
CHEMBL5287796,CDK9,30.0,nM,COc1cc(O)c2c(=O)cc(-c3ccc(N4CCN(C)CC4)cc3)oc2c1N1CCNCC1,7.522878745280337,True,<rdkit.Chem.rdchem.Mol object at 0x735c7a8bd5b0>,False
CHEMBL5532122,CDK9,30.17,nM,CC[C@H](CO)Nc1nc(NCc2ccc(NC(C)=O)cc2)n2ncc(C(C)C)c2n1,7.5204246898250116,True,<rdkit.Chem.rdchem.Mol object at 0x735c7a8bd540>,False
CHEMBL4448494,CDK9,30.3,nM,Cc1nc2c(F)cc(-c3nc(Nc4ccc5c(n4)CCN(CCN(C)C)C5)ncc3F)cc2n1C(C)C,7.518557371497695,True,<rdkit.Chem.rdchem.Mol object at 0x735c7a8be490>,False
CHEMBL3698667,CDK6,30.4,nM,c1cc2c3cnc(Nc4ccc(N5CCNCC5)cn4)nc3n(CC3CCCCC3)c2cn1,7.517126416391246,True,<rdkit.Chem.rdchem.Mol object at 0x735c7a8bda80>,False
CHEMBL5826084,CDK6,30.6,nM,CN(C)C(=O)c1cc2cnc(Nc3ccc(C4=CCNCC4)cn3)nc2n1C1CCCC1,7.514278573518419,True,<rdkit.Chem.rdchem.Mol object at 0x735c7a8bdd90>,False
CHEMBL5950534,CDK2,30.7,nM,Cc1nc2c(F)cc(-c3nc(Nc4ccc5c(n4)C[C@@H](C)NC5)ncc3F)cc2n1C(C)(C)C,7.512861624522813,True,<rdkit.Chem.rdchem.Mol object at 0x735c7a8bce40>,False
CHEMBL3673508,CDK9,31.0,nM,O=C(CO)N1CCC(c2cc3c(-c4cncc(NCc5cc(F)cc(F)c5)n4)ccnc3[nH]2)CC1,7.508638306165727,True,<rdkit.Chem.rdchem.Mol object at 0x735c7a8bd230>,False
CHEMBL5209307,CDK2,31.0,nM,CCCc1cnc(NC(=O)[C@@H](C)c2ccc(NC(C)=O)cc2)s1,7.508638306165727,True,<rdkit.Chem.rdchem.Mol object at 0x735c7a8c0120>,False
CHEMBL3702089,CDK6,31.0,nM,Cn1c(=O)ccc2c3cnc(Nc4ccc(N5CCNCC5)cn4)nc3n(C3CCCC3)c21,7.508638306165727,True,<rdkit.Chem.rdchem.Mol object at 0x735c7a8c3300>,False
CHEMBL3668419,CDK9,31.0,nM,COc1ccc(F)cc1-c1ccnc2[nH]c(C3CCN(C(=O)CN4CCC(O)CC4)CC3)cc12,7.508638306165727,True,<rdkit.Chem.rdchem.Mol object at 0x735c7a8c1000>,False
CHEMBL367625,CDK1,31.0,nM,CCn1cnc2c(Nc3cccc(Cl)c3)nc(N[C@@H]3CCCC[C@@H]3N)nc21,7.508638306165727,True,<rdkit.Chem.rdchem.Mol object at 0x735c7a8c3840>,False
CHEMBL564884,CDK2,31.0,nM,CNC(=O)c1nn(C)c2c1C(C)(C)Cc1cnc(Nc3cccc(N4CCN(C)CC4)c3)nc1-2,7.508638306165727,True,<rdkit.Chem.rdchem.Mol object at 0x735c7a8c0040>,False
CHEMBL3673502,CDK9,31.0,nM,c1cc(-c2cncc(NCC3CCOCC3)n2)c2cc(C3CCNCC3)[nH]c2n1,7.508638306165727,True,<rdkit.Chem.rdchem.Mol object at 0x735c7a8c2dc0>,False
CHEMBL171891,CDK1,31.0,nM,CCn1cnc2c(Nc3ccc(F)cc3)nc(N[C@H]3CC[C@H](N)CC3)nc21,7.508638306165727,True,<rdkit.Chem.rdchem.Mol object at 0x735c7a8c1c40>,False
CHEMBL3663762,CDK9,31.0,nM,COc1cccnc1-c1ccnc2[nH]c(C3CCNCC3)cc12,7.508638306165727,True,<rdkit.Chem.rdchem.Mol object at 0x735c7a8c2f10>,False
CHEMBL2158854,CDK2,31.0,nM,NS(=O)(=O)c1cccc(Nc2nccc(-c3ccnc(N4C5CCC4COC5)c3)n2)c1,7.508638306165727,True,<rdkit.Chem.rdchem.Mol object at 0x735c7a8c3bc0>,False
CHEMBL2143507,CDK2,31.0,nM,CC(=O)Nc1ccc(C(C)C(=O)Nc2ncc(C(C)C)s2)cc1,7.508638306165727,True,<rdkit.Chem.rdchem.Mol object at 0x735c7a8c1690>,False
CHEMBL1800451,CDK1,31.0,nM,CCc1cc(-c2cc(N3C[C@H](O)[C@@H](O)C3)ccc2O)nc(N)n1,7.508638306165727,True,<rdkit.Chem.rdchem.Mol object at 0x735c7a8c2730>,False
CHEMBL1800457,CDK1,31.0,nM,Nc1nc(-c2cc(N3C[C@H](O)[C@@H](O)C3)ccc2O)cc(C2CCCCCC2)n1,7.508638306165727,True,<rdkit.Chem.rdchem.Mol object at 0x735c7a8c2650>,False
CHEMBL3702201,CDK4,31.0,nM,CN1CCN(c2ccc(Nc3ncc4c5ccccc5n(C5CCCC5)c4n3)nn2)CC1,7.508638306165727,True,<rdkit.Chem.rdchem.Mol object at 0x735c7a8c21f0>,False
CHEMBL3702203,CDK4,31.0,nM,CC1CN(c2ccc(Nc3ncc4c5ccccc5n(C5CCCC5)c4n3)nc2)CC(C)N1,7.508638306165727,True,<rdkit.Chem.rdchem.Mol object at 0x735c7a8c19a0>,False
CHEMBL6018285,CDK6,31.0,nM,CC(C)N1CCOc2c(F)cc(-c3nc(Nc4ccc(N5CCC(CCO)CC5)cn4)ncc3F)cc21,7.508638306165727,True,<rdkit.Chem.rdchem.Mol object at 0x735c7a8c3760>,False
CHEMBL5980280,CDK1,31.0,nM,CN1CCN(S(=O)(=O)c2ccc(Nc3ncc4cc5n(c4n3)C3(CCCCC3)CC(=O)N5)cc2)CC1,7.508638306165727,True,<rdkit.Chem.rdchem.Mol object at 0x735c7a8c2880>,False
CHEMBL5813628,CDK4,31.0,nM,COc1nc(Nc2ncc(F)c(-c3cc(F)c4c(c3)N(C(C)C)CCO4)n2)ccc1C1CCN(C)CC1,7.508638306165727,True,<rdkit.Chem.rdchem.Mol object at 0x735c7a8c3610>,False
CHEMBL3698700,CDK6,31.0,nM,c1cc2c3cnc(Nc4ccc(NC5CCNCC5)cn4)nc3n(C3CCCC3)c2cn1,7.508638306165727,True,<rdkit.Chem.rdchem.Mol object at 0x735c7a8c13f0>,False
CHEMBL5763679,CDK2,31.1,nM,Cc1nc2c(F)cc(-c3nc(Nc4ccc5c(n4)CCN(C(=O)CN4CCOCC4)C5)ncc3F)cc2n1C(C)C,7.507239610973162,True,<rdkit.Chem.rdchem.Mol object at 0x735c7a8c1070>,False
CHEMBL3684981,CDK4,31.3,nM,CC1CNCc2ccc(Nc3ncc4c5ccncc5n([C@H]5CC[C@H](C)CC5)c4n3)nc21,7.504455662453552,True,<rdkit.Chem.rdchem.Mol object at 0x735c7a8c3290>,False
CHEMBL5505818,CDK9,31.51,nM,CCC(=O)Nc1ccc(CNc2nc(O[C@H]3CCCNC3)nc3c(C(C)C)cnn23)cc1,7.501551596826,True,<rdkit.Chem.rdchem.Mol object at 0x735c7a8c3a70>,False
CHEMBL4796617,CDK9,31.7,nM,COc1ccc(-c2ccnc(Nc3ccc4c(c3)N(C(C)C)[C@H](C)C(=O)N4C)n2)cc1,7.498940737782249,True,<rdkit.Chem.rdchem.Mol object at 0x735c7a8c1150>,False
CHEMBL5834517,CDK2,31.9,nM,CC(=O)N1CCc2nc(Nc3ncc(F)c(-c4cc(F)c5nc(C)n(C(C)C)c5c4)n3)ccc2C1,7.496209316942819,True,<rdkit.Chem.rdchem.Mol object at 0x735c7a8c03c0>,False
CHEMBL174773,CDK1,32.0,nM,CCn1cnc2c(Nc3cccc(F)c3)nc(N[C@H]3CC[C@H](O)CC3)nc21,7.494850021680094,True,<rdkit.Chem.rdchem.Mol object at 0x735c7a8c2960>,False
CHEMBL370316,CDK1,32.0,nM,Fc1ccc(Oc2nc(Nc3ccc4[nH]cnc4c3)ncc2C(F)(F)F)cc1,7.494850021680094,True,<rdkit.Chem.rdchem.Mol object at 0x735c7a8c1a80>,False
CHEMBL1241566,CDK2,32.0,nM,Cc1ccc(F)c(Nc2nccc(-c3ccc(S(N)(=O)=O)cc3)n2)c1,7.494850021680094,True,<rdkit.Chem.rdchem.Mol object at 0x735c7a8c3ae0>,False
CHEMBL3691680,CDK4,32.0,nM,CN(C)C(=O)c1cc2cnc(Nc3ccc(N4CC5COCC(CC4=O)N5)cn3)nc2n1C1CCCC1,7.494850021680094,True,<rdkit.Chem.rdchem.Mol object at 0x735c7a8c1230>,False
CHEMBL3702164,CDK4,32.0,nM,COc1cc(-c2ccc(Nc3ncc4c5ccncc5n(C5CCCC5)c4n3)nn2)ccn1,7.494850021680094,True,<rdkit.Chem.rdchem.Mol object at 0x735c7a8c0660>,False
CHEMBL5965360,CDK6,32.0,nM,CC(C)N1CCOc2c(F)cc(-c3nc(Nc4cc(F)c(N5CCNCC5)cc4F)ncc3F)cc21,7.494850021680094,True,<rdkit.Chem.rdchem.Mol object at 0x735c7a8cadc0>,False
CHEMBL3668512,CDK9,32.0,nM,COc1ccc(F)cc1-c1ccnc2[nH]c(C3CCN(CC(N)=O)CC3)cc12,7.494850021680094,True,<rdkit.Chem.rdchem.Mol object at 0x735c7a8c9690>,False
CHEMBL102926,CDK2,32.0,nM,Cc1nc2ccccn2c1-c1ccnc(Nc2ccc(OCC(O)CN(C)C)cc2)n1,7.494850021680094,True,<rdkit.Chem.rdchem.Mol object at 0x735c7a8c8a50>,False
CHEMBL3642646,CDK2,32.0,nM,Fc1ccccc1-c1cc(NCc2ccncc2)n2ncc(Br)c2n1,7.494850021680094,True,<rdkit.Chem.rdchem.Mol object at 0x735c7a8c8740>,False
CHEMBL3641948,CDK4,32.0,nM,CN(C)C1CCN(c2ccc(Nc3ncc4c5ccncc5n([C@@H]5CCOC5)c4n3)nc2)CC1,7.494850021680094,True,<rdkit.Chem.rdchem.Mol object at 0x735c7a8c9620>,False
CHEMBL6065929,CDK9,33.0,nM,O=C1CC2(C1)CC(C(=O)Nc1cc(-c3ccc4ncn(Cc5cccc(F)c5)c4c3)c(Cl)cn1)C2,7.481486060122112,True,<rdkit.Chem.rdchem.Mol object at 0x735c7a8c9a80>,False
CHEMBL4458266,CDK6,33.0,nM,Cc1nc2c(F)cc(-c3nc(Nc4ccc5c(n4)CCN(CCN(C)C)C5)ncc3F)cc2n1C,7.481486060122112,True,<rdkit.Chem.rdchem.Mol object at 0x735c7a8ca9d0>,False
CHEMBL392775,CDK1,33.0,nM,Cc1cc(N2CCCS2(=O)=O)c2oc(-c3ccc(O)c(Cl)c3)c(O)c(=O)c2c1,7.481486060122112,True,<rdkit.Chem.rdchem.Mol object at 0x735c7a8caf10>,False
CHEMBL6147415,CDK6,33.0,nM,CC(=O)N1CCC2(CC1)CC(=O)c1ccc(-c3nc(Nc4ccc(N5CCN(C(=O)C(F)(F)F)CC5)cn4)ncc3F)cc1O2,7.481486060122112,True,<rdkit.Chem.rdchem.Mol object at 0x735c7a8cb140>,False
CHEMBL6042107,CDK9,33.0,nM,Fc1cccc(Cn2cnc3ccc(-c4cc(NCCC5CCCN5)ncc4Cl)cc32)c1,7.481486060122112,True,<rdkit.Chem.rdchem.Mol object at 0x735c7a8cb1b0>,False
CHEMBL3668464,CDK9,33.0,nM,COc1ccc(F)cc1-c1ccnc2[nH]c(C3CCCCNC3)cc12,7.481486060122112,True,<rdkit.Chem.rdchem.Mol object at 0x735c7a8cb450>,False
CHEMBL3668495,CDK9,33.0,nM,COc1ccc(F)cc1-c1ccnc2[nH]c(C3=CCN(CC(=O)O)CC3)cc12,7.481486060122112,True,<rdkit.Chem.rdchem.Mol object at 0x735c7a8c8820>,False
CHEMBL1241662,CDK2,33.0,nM,Nc1nc2ccc(C(=O)c3c(F)cccc3Cl)cc2n1Cc1c(F)cccc1F,7.481486060122112,True,<rdkit.Chem.rdchem.Mol object at 0x735c7a8c8d60>,False
CHEMBL183941,CDK2,33.0,nM,Nc1nc2ccc(C(=O)c3c(F)cccc3Cl)cn2c1C(=O)c1c(F)cccc1F,7.481486060122112,True,<rdkit.Chem.rdchem.Mol object at 0x735c7a8c8970>,False
CHEMBL3668465,CDK9,33.0,nM,Fc1ccc(NCc2ccccc2)cc1-c1c(Cl)cnc2[nH]c(C3CCNCC3)cc12,7.481486060122112,True,<rdkit.Chem.rdchem.Mol object at 0x735c7a8caa40>,False
CHEMBL3648100,CDK2,33.0,nM,CCC(C)Sc1nc(Nc2ccc(S(C)(=N)=O)cc2)ncc1Br,7.481486060122112,True,<rdkit.Chem.rdchem.Mol object at 0x735c7a8caab0>,False
CHEMBL3663779,CDK9,33.0,nM,Fc1ccccc1CNc1ccc(Cl)c(-c2ccnc3[nH]c(C4CCNCC4)cc23)n1,7.481486060122112,True,<rdkit.Chem.rdchem.Mol object at 0x735c7a8c86d0>,False
CHEMBL3663753,CDK9,33.0,nM,Clc1ccc(NCc2ccccc2)nc1-c1ccnc2[nH]c(C3CCCNC3)cc12,7.481486060122112,True,<rdkit.Chem.rdchem.Mol object at 0x735c7a8ca730>,False
CHEMBL5843253,CDK9,33.0,nM,Fc1cccc(Cn2cnc3ccc(-c4cc(NC5CC6(CCCNC6)C5)ncc4Cl)cc32)c1,7.481486060122112,True,<rdkit.Chem.rdchem.Mol object at 0x735c7a8c9bd0>,False
CHEMBL5834528,CDK1,33.0,nM,NS(=O)(=O)c1ccc(Nc2ncc3cc4n(c3n2)C2(CCCCC2)C(=O)NN4)cc1,7.481486060122112,True,<rdkit.Chem.rdchem.Mol object at 0x735c7a8cb6f0>,False
CHEMBL3702054,CDK6,33.0,nM,COc1nccc2c3cnc(Nc4ccc(N5CCC(N(C)C)CC5)cn4)nc3n(C3CCCC3)c12,7.481486060122112,True,<rdkit.Chem.rdchem.Mol object at 0x735c7a8cb290>,False
CHEMBL3940661,CDK2,33.0,nM,CS(=N)(=O)c1ccc(Nc2ncc(Br)c(Nc3ccccc3)n2)cc1,7.481486060122112,True,<rdkit.Chem.rdchem.Mol object at 0x735c7a8cbf40>,False
CHEMBL6150585,CDK6,33.0,nM,CC(=O)N1CCC2(CC1)CC(=O)c1ccc(-c3nc(Nc4ccc(N5CCNCC5)cn4)ncc3F)cc1O2,7.481486060122112,True,<rdkit.Chem.rdchem.Mol object at 0x735c7a8c9e00>,False
CHEMBL5932925,CDK1,33.0,nM,CC1C(=O)N(C)c2cc3cnc(Nc4ccc(S(N)(=O)=O)cc4)nc3n2C12CCCCC2,7.481486060122112,True,<rdkit.Chem.rdchem.Mol object at 0x735c7a8cbe60>,False
CHEMBL3641971,CDK4,33.0,nM,C[C@H](O)Cn1c2cnccc2c2cnc(Nc3ccc(N4CCNC(C)(C)C4)nn3)nc21,7.481486060122112,True,<rdkit.Chem.rdchem.Mol object at 0x735c7a8c8200>,False
CHEMBL457888,CDK2,33.0,nM,Cc1ncc(-c2ccnc(Nc3ccc(S(=O)(=O)CCCN4CCOCC4)cc3)n2)n1C(C)C,7.481486060122112,True,<rdkit.Chem.rdchem.Mol object at 0x735c7a8cace0>,False
CHEMBL3668373,CDK9,33.0,nM,COc1ccc(F)cc1-c1ccnc2[nH]c(C3=CCN(C(C)=O)CC3)cc12,7.481486060122112,True,<rdkit.Chem.rdchem.Mol object at 0x735c7a8c90e0>,False
CHEMBL3668410,CDK9,33.0,nM,c1ccc(CCNc2cccc(-c3ccnc4[nH]c(C5CCNCC5)cc34)n2)cc1,7.481486060122112,True,<rdkit.Chem.rdchem.Mol object at 0x735c7a8cc4a0>,False
CHEMBL3702114,CDK6,33.0,nM,c1cc2c3cnc(Nc4ccc(CN5CCNCC5)cn4)nc3n(C3CCCC3)c2cn1,7.481486060122112,True,<rdkit.Chem.rdchem.Mol object at 0x735c7a8cc510>,False
CHEMBL5557384,CDK6,33.1,nM,CC(C)N1CCN(C(=O)c2ccnc(Nc3cc(-c4ccc5nnn(C(C)C)c5c4)ccn3)c2)CC1,7.480172006224281,True,<rdkit.Chem.rdchem.Mol object at 0x735c7a8cdf50>,False
CHEMBL4171138,CDK6,33.21,nM,Cc1nc(Nc2c[nH]nc2C(=O)Nc2ccc(CN3CCOCC3)cc2)c2cc(C(C)C)sc2n1,7.478731124401615,True,<rdkit.Chem.rdchem.Mol object at 0x735c7a8cf530>,False
CHEMBL4212532,CDK2,33.7,nM,Cc1nc2c(F)cc(-c3nc(Nc4ccc5c(n4)CCN(C(=O)CN(C)C)C5)ncc3F)cc2n1C(C)C,7.472370099128661,True,<rdkit.Chem.rdchem.Mol object at 0x735c7a8ce2d0>,False
CHEMBL3702195,CDK6,33.7,nM,C[C@H](CO)Nc1ccc(Nc2ncc3c4ccncc4n(C4CCCC4)c3n2)nn1,7.472370099128661,True,<rdkit.Chem.rdchem.Mol object at 0x735c7a8ceff0>,False
CHEMBL101801,CDK2,34.0,nM,NC(=O)c1ccc(Nc2nc(N)c(N=O)c(OCC3CCCCC3)n2)cc1,7.468521082957745,True,<rdkit.Chem.rdchem.Mol object at 0x735c7a8cd150>,False
CHEMBL427045,CDK4,34.0,nM,Cc1cc(-c2cnc(Nc3ccccn3)s2)nc(OC2CCCCC2)n1,7.468521082957745,True,<rdkit.Chem.rdchem.Mol object at 0x735c7a8ce340>,False
CHEMBL3942903,CDK9,34.0,nM,CN1Cc2c(C3=CCNCC3)[nH]c3ncc(F)c(c23)-c2ccccc21,7.468521082957745,True,<rdkit.Chem.rdchem.Mol object at 0x735c7a8ce0a0>,False
CHEMBL5275973,CDK9,34.0,nM,Cl.O=C1NCCc2[nH]c(-c3ccncc3)cc21,7.468521082957745,True,<rdkit.Chem.rdchem.Mol object at 0x735c7a8cf1b0>,False
CHEMBL115319,CDK2,34.0,nM,O=C(Nc1cc(C2CC2)[nH]n1)c1ccc(Br)cc1,7.468521082957745,True,<rdkit.Chem.rdchem.Mol object at 0x735c7a8cf450>,False
CHEMBL5201044,CDK9,34.0,nM,O=C(c1ccc(-c2ccnc3[nH]c(-c4ccc(CN5CCOCC5)cc4)nc23)cc1)N1CCCC1,7.468521082957745,True,<rdkit.Chem.rdchem.Mol object at 0x735c7a8cfb50>,False
CHEMBL3954429,CDK6,34.0,nM,CCN1CCN(c2ccc(Nc3ncc4c(C)c(C(C)=O)c(=O)n(C5CCCC5)c4n3)nc2)CC1,7.468521082957745,True,<rdkit.Chem.rdchem.Mol object at 0x735c7a8cec70>,False
CHEMBL3691678,CDK4,34.0,nM,CC(C)N1[C@@H]2CC[C@H]1CN(c1ccc(Nc3ncc4cc(C(=O)N(C)C)n(C5CCCC5)c4n3)nc1)C(=O)C2,7.468521082957745,True,<rdkit.Chem.rdchem.Mol object at 0x735c7a8cf140>,False
CHEMBL3668440,CDK9,34.0,nM,COc1ccc(F)cc1-c1ccnc2[nH]c(C3CN(CCN)C3)cc12,7.468521082957745,True,<rdkit.Chem.rdchem.Mol object at 0x735c7a8cd3f0>,False
CHEMBL3642027,CDK6,34.0,nM,COC(=O)CNC1CCN(c2ccc(Nc3ncc4c5ccncc5n(C5CCCC5)c4n3)nc2)CC1,7.468521082957745,True,<rdkit.Chem.rdchem.Mol object at 0x735c7a8cf920>,False
CHEMBL3702199,CDK6,34.0,nM,CC1(C)CN(c2ccc(Nc3ncc4c5ccccc5n(C5CCCC5)c4n3)nn2)CCN1,7.468521082957745,True,<rdkit.Chem.rdchem.Mol object at 0x735c7a8cce40>,False
CHEMBL404504,CDK1,34.0,nM,O=C(Cc1cccc(Cl)c1)Nc1n[nH]c2ccc(N3CCCS3(=O)=O)cc12,7.468521082957745,True,<rdkit.Chem.rdchem.Mol object at 0x735c7a8ccf90>,False
CHEMBL194032,CDK1,34.0,nM,Brc1cnc(Nc2ccc3[nH]cnc3c2)nc1Nc1ccc(Oc2cccnc2)cc1,7.468521082957745,True,<rdkit.Chem.rdchem.Mol object at 0x735c7a8ce3b0>,False
CHEMBL3702138,CDK4,34.0,nM,c1cc2c3cnc(Nc4ccc(N5CCNCC5)cn4)cc3n(C3CCCC3)c2cn1,7.468521082957745,True,<rdkit.Chem.rdchem.Mol object at 0x735c7a8d67a0>,False
CHEMBL3668394,CDK9,34.0,nM,CCOC(=O)C1CC1CN[C@H]1CC[C@H](c2cc3c(-c4cc(F)ccc4OC)ccnc3[nH]2)CC1,7.468521082957745,True,<rdkit.Chem.rdchem.Mol object at 0x735c7a8d7840>,False
CHEMBL225519,CDK9,34.0,nM,O=C1NCCc2[nH]c(-c3ccncc3)cc21,7.468521082957745,True,<rdkit.Chem.rdchem.Mol object at 0x735c7a8d55b0>,False
CHEMBL3702114,CDK4,34.0,nM,c1cc2c3cnc(Nc4ccc(CN5CCNCC5)cn4)nc3n(C3CCCC3)c2cn1,7.468521082957745,True,<rdkit.Chem.rdchem.Mol object at 0x735c7a8d5c40>,False
CHEMBL3668363,CDK9,34.0,nM,CN1CCC(c2cc3c(-c4cccc(NCC5CCOCC5)n4)ccnc3[nH]2)CC1,7.468521082957745,True,<rdkit.Chem.rdchem.Mol object at 0x735c7a8d6650>,False
CHEMBL3668366,CDK9,34.0,nM,CN1CCC(c2cc3c(-c4cccc(NCC5CC5)n4)ccnc3[nH]2)CC1,7.468521082957745,True,<rdkit.Chem.rdchem.Mol object at 0x735c7a8d40b0>,False
CHEMBL5852870,CDK6,34.0,nM,CC(C)N1CCOc2c(F)cc(-c3nc(Nc4ncc(C5CCNCC5)cn4)ncc3F)cc21,7.468521082957745,True,<rdkit.Chem.rdchem.Mol object at 0x735c7a8d60a0>,False
CHEMBL370485,CDK1,34.0,nM,Brc1cnc(Nc2ccc3[nH]cnc3c2)nc1NC1CCc2ccccc21,7.468521082957745,True,<rdkit.Chem.rdchem.Mol object at 0x735c7a8d6a40>,False
CHEMBL4872952,CDK2,34.48,nM,Cc1n[nH]c2ccc(-c3cncc(N[C@@H](CO)c4cccc(F)c4)n3)cc12,7.462432742847325,True,<rdkit.Chem.rdchem.Mol object at 0x735c7a8d7bc0>,False
CHEMBL3691637,CDK4,35.0,nM,CN(C)C(=O)c1cc2cnc(Nc3ccc(N4CCN5CCCCC5C4=O)cn3)nc2n1C1CCCCC1,7.455931955649724,True,<rdkit.Chem.rdchem.Mol object at 0x735c7a8d4430>,False
CHEMBL6145102,CDK6,35.0,nM,COCCN1CCN(c2ccc(Nc3ncc(F)c(-c4ccc5c(c4)OC4(CCN(C(C)=O)CC4)CC5=O)n3)nc2)CC1,7.455931955649724,True,<rdkit.Chem.rdchem.Mol object at 0x735c7a8d4f90>,False
CHEMBL3673525,CDK9,35.0,nM,CNC(=O)N1CCC(c2cc3c(-c4cncc(NCc5ccccc5)n4)ccnc3[nH]2)CC1,7.455931955649724,True,<rdkit.Chem.rdchem.Mol object at 0x735c7a8d5620>,False
CHEMBL6142470,CDK6,35.0,nM,CCCC(=O)N1CCC2(CC1)CC(=O)c1ccc(-c3nc(Nc4ccc(N5CCN(C)CC5)cn4)ncc3F)cc1O2,7.455931955649724,True,<rdkit.Chem.rdchem.Mol object at 0x735c7a8d6880>,False
CHEMBL2158844,CDK1,35.0,nM,Clc1cccc(Nc2nccc(-c3ccnc(N4CCOCC4)c3)n2)c1,7.455931955649724,True,<rdkit.Chem.rdchem.Mol object at 0x735c7a8d7990>,False
CHEMBL1080561,CDK2,35.0,nM,Cc1n[nH]c2ccc(-c3nnc(NC[C@@H](N)Cc4cccc(C(F)(F)F)c4)s3)cc12,7.455931955649724,True,<rdkit.Chem.rdchem.Mol object at 0x735c7a8d7a00>,False
CHEMBL561440,CDK2,35.0,nM,CNC(=O)c1nn(C)c2c1C(C)(C)Cc1cnc(Nc3ccc(CN(C)C)cc3)nc1-2,7.455931955649724,True,<rdkit.Chem.rdchem.Mol object at 0x735c7a8d7d10>,False
CHEMBL5925273,CDK9,35.0,nM,Fc1cccc(Cn2cnc3ccc(-c4cc(NCCC5CCCNC5)ncc4Cl)cc32)c1,7.455931955649724,True,<rdkit.Chem.rdchem.Mol object at 0x735c7a8d4c10>,False
CHEMBL5905735,CDK2,35.0,nM,Cc1nc2c(F)cc(-c3nc(Nc4ccc5c(n4)CCN(C(C)C)C5)ncc3F)cc2n1C(C)C,7.455931955649724,True,<rdkit.Chem.rdchem.Mol object at 0x735c7a8d6500>,False
CHEMBL3641965,CDK4,35.0,nM,C[C@H]1CN(c2ccc(Nc3ncc4c5ccncc5n([C@H]5CCC[C@@H]5O)c4n3)nn2)CCN1,7.455931955649724,True,<rdkit.Chem.rdchem.Mol object at 0x735c7a8d5f50>,False
CHEMBL3702172,CDK6,35.0,nM,O=S1(=O)CCC(c2ccc(Nc3ncc4c5ccncc5n(C5CCCC5)c4n3)nc2)CC1,7.455931955649724,True,<rdkit.Chem.rdchem.Mol object at 0x735c7a8d6490>,False
CHEMBL3663751,CDK9,35.0,nM,COc1ccc(F)cc1-c1ccnc2[nH]c(C3CCCN(C)C3)cc12,7.455931955649724,True,<rdkit.Chem.rdchem.Mol object at 0x735c7a8d6ff0>,False
CHEMBL3702140,CDK4,35.0,nM,O=C(O)Cc1ccc(-n2c3cnccc3c3cnc(Nc4ccc(N5CCNCC5)cn4)cc32)cc1,7.455931955649724,True,<rdkit.Chem.rdchem.Mol object at 0x735c7a8d7680>,False
CHEMBL6018776,CDK9,35.0,nM,O[C@H]1CC[C@H](Nc2cc(-c3ccc4ncn(Cc5cccc(F)c5)c4c3)c(Cl)cn2)CC1,7.455931955649724,True,<rdkit.Chem.rdchem.Mol object at 0x735c7a8d8ba0>,False
CHEMBL5813628,CDK6,35.0,nM,COc1nc(Nc2ncc(F)c(-c3cc(F)c4c(c3)N(C(C)C)CCO4)n2)ccc1C1CCN(C)CC1,7.455931955649724,True,<rdkit.Chem.rdchem.Mol object at 0x735c7a8d97e0>,False
CHEMBL3644033,CDK4,35.0,nM,C[C@@H](O)[C@@H](C)Oc1nc(Nc2ccc(S(C)(=O)=O)cc2)ncc1C(F)(F)F,7.455931955649724,True,<rdkit.Chem.rdchem.Mol object at 0x735c7a8d9af0>,False
CHEMBL6149958,CDK6,35.0,nM,CC(=O)N1CCC2(CC1)CC(=O)c1ccc(-c3nc(Nc4ccc(N5CCC(N6CCOCC6)CC5)cn4)ncc3F)cc1O2,7.455931955649724,True,<rdkit.Chem.rdchem.Mol object at 0x735c7a8db450>,False
CHEMBL3702190,CDK4,35.0,nM,CN(C)CCCN(C)c1ccc(Nc2ncc3c4ccncc4n(C4CCCC4)c3n2)nn1,7.455931955649724,True,<rdkit.Chem.rdchem.Mol object at 0x735c7a8d9690>,False
CHEMBL5542804,CDK9,35.38,nM,CC[C@H](CO)Nc1nc(NCc2ccc(NC(=O)C3CCN(C(C)=O)CC3)cc2)n2ncc(C(C)C)c2n1,7.451242171426296,True,<rdkit.Chem.rdchem.Mol object at 0x735c7a8da960>,False
CHEMBL3691652,CDK4,35.5,nM,CN(C)C(=O)c1cc2cnc(Nc3ccc(N4CCCC5(CCNCC5)C4=O)cn3)nc2n1C1CCCC1,7.449771646944906,True,<rdkit.Chem.rdchem.Mol object at 0x735c7a8d8e40>,False
CHEMBL5561839,CDK4,35.6,nM,CC(C)n1nnc2ccc(-c3ccnc(Nc4cc(C(=O)N5CCCC5)ccn4)c3)cc21,7.448550002027124,True,<rdkit.Chem.rdchem.Mol object at 0x735c7a8d8660>,False
CHEMBL4204030,CDK1,35.8,nM,CCN1CCN(Cc2cnc(Nc3cc(-c4cc(F)c5nc(C)n(C(C)C)c5c4)ccn3)cn2)CC1,7.446116973356125,True,<rdkit.Chem.rdchem.Mol object at 0x735c7a8d9d20>,False
CHEMBL4213770,CDK4,35.9,nM,CCN1CCN(Cc2cnc(Nc3cc(-c4cc(F)c5nc(C)n(C(C)C)c5c4)ncn3)nc2)CC1,7.444905551421681,True,<rdkit.Chem.rdchem.Mol object at 0x735c7a8d84a0>,False
CHEMBL3668387,CDK9,36.0,nM,COc1ccc(F)cc1-c1ccnc2[nH]c(C3CCN(CC4CCCOC4)C3)cc12,7.443697499232712,True,<rdkit.Chem.rdchem.Mol object at 0x735c7a8d9770>,False
CHEMBL3642005,CDK6,36.0,nM,O[C@@H]1CCN(C2CCN(c3ccc(Nc4ncc5c6ccncc6n(C6CCCC6)c5n4)nn3)CC2)C1,7.443697499232712,True,<rdkit.Chem.rdchem.Mol object at 0x735c7a8d9b60>,False
CHEMBL2158857,CDK1,36.0,nM,NS(=O)(=O)c1cccc(Nc2nccc(-c3ccnc(N4CCCCC4)c3)n2)c1,7.443697499232712,True,<rdkit.Chem.rdchem.Mol object at 0x735c7a8da500>,False
CHEMBL3644020,CDK2,36.0,nM,C[C@@H](O)[C@@H](C)Oc1nc(Nc2ccc(S(=O)(=O)c3ccccc3)cc2)ncc1C(F)(F)F,7.443697499232712,True,<rdkit.Chem.rdchem.Mol object at 0x735c7a8db5a0>,False
CHEMBL457887,CDK2,36.0,nM,Cc1ncc(-c2ccnc(Nc3ccc(S(=O)(=O)CCCN(C)C)cc3)n2)n1C(C)C,7.443697499232712,True,<rdkit.Chem.rdchem.Mol object at 0x735c7a8db1b0>,False
CHEMBL507722,CDK2,36.0,nM,Cc1ncc(-c2nc(Nc3ccc(C(=O)NC4CCN(C)CC4)cc3)ncc2F)n1C(C)C,7.443697499232712,True,<rdkit.Chem.rdchem.Mol object at 0x735c7a8d9070>,False
CHEMBL255255,CDK2,36.0,nM,O=C(Cc1ccccc1)Nc1n[nH]c2ccc(N3CCCS3(=O)=O)cc12,7.443697499232712,True,<rdkit.Chem.rdchem.Mol object at 0x735c7a8d80b0>,False
CHEMBL550959,CDK2,36.0,nM,CNC(=O)c1nn(C)c2c1C(C)(C)Cc1cnc(Nc3ccc(CN4CCOCC4)cc3)nc1-2,7.443697499232712,True,<rdkit.Chem.rdchem.Mol object at 0x735c7a8dbd80>,False
CHEMBL4207804,CDK6,36.0,nM,CCN1CCN(Cc2ccc(Nc3ncc(F)c(-c4cc(F)c5nc6n(c5c4)CC(C)(C)C6)n3)nc2)CC1,7.443697499232712,True,<rdkit.Chem.rdchem.Mol object at 0x735c7a8d8eb0>,False
CHEMBL3673506,CDK9,36.0,nM,c1cc(CNc2cncc(-c3ccnc4[nH]c(C5CCNCC5)cc34)n2)ccn1,7.443697499232712,True,<rdkit.Chem.rdchem.Mol object at 0x735c7a8d8f90>,False
CHEMBL3973391,CDK9,36.0,nM,CN1Cc2c(C3=CCN(S(C)(=O)=O)CC3)[nH]c3nccc(c23)-c2cc(F)c(F)cc21,7.443697499232712,True,<rdkit.Chem.rdchem.Mol object at 0x735c79f01e00>,False
CHEMBL3237448,CDK4,36.0,nM,c1cc2c3cnc(Nc4ccc(N5CCNCC5)cn4)nc3n(C3CCCC3)c2nn1,7.443697499232712,True,<rdkit.Chem.rdchem.Mol object at 0x735c79f02260>,False
CHEMBL3684989,CDK4,36.0,nM,O=C(CO)N1CCc2nc(Nc3ncc4c5ccncc5n(C5CCCC5)c4n3)ccc2C1,7.443697499232712,True,<rdkit.Chem.rdchem.Mol object at 0x735c79f026c0>,False
CHEMBL5893560,CDK4,36.0,nM,CC(C)N1CCOc2c(F)cc(-c3nc(Nc4ccc(S(=O)(=O)N5CCN(C)CC5)cc4)ncc3F)cc21,7.443697499232712,True,<rdkit.Chem.rdchem.Mol object at 0x735c79f03c30>,False
CHEMBL3644019,CDK1,36.0,nM,C[C@@H](Oc1nc(Nc2ccc(S(=O)(=O)C3CC3)cc2)ncc1C(F)(F)F)C(C)(C)O,7.443697499232712,True,<rdkit.Chem.rdchem.Mol object at 0x735c79f02b90>,False
CHEMBL4753256,CDK9,36.0,nM,CC(=O)N[C@@H]1CCC[C@H](C(=O)Nc2cc(-c3cnn4c3CC(C)C4)c(Cl)cn2)C1,7.443697499232712,True,<rdkit.Chem.rdchem.Mol object at 0x735c79f004a0>,False
CHEMBL3702216,CDK4,36.0,nM,CC[C@@H](C)n1c2cnccc2c2cnc(Nc3ccc(N4CCC(N(C)C)CC4)nn3)nc21,7.443697499232712,True,<rdkit.Chem.rdchem.Mol object at 0x735c79f01850>,False
CHEMBL4749175,CDK9,36.0,nM,CC(=O)N[C@@H]1CCC[C@H](C(=O)Nc2cc(-c3cnc4n3CC(C)(C)C4)c(Cl)cn2)C1,7.443697499232712,True,<rdkit.Chem.rdchem.Mol object at 0x735c79f02ce0>,False
CHEMBL6007323,CDK9,36.0,nM,N[C@@H]1CCC[C@H](C(=O)Nc2cc(-c3cnn4c3CCCC4)c(Cl)cn2)C1,7.443697499232712,True,<rdkit.Chem.rdchem.Mol object at 0x735c79f02ff0>,False
CHEMBL3668374,CDK9,36.0,nM,COc1ccc(F)cc1-c1ccnc2[nH]c(C3=CCN(C(=O)CO)CC3)cc12,7.443697499232712,True,<rdkit.Chem.rdchem.Mol object at 0x735c79f030d0>,False
CHEMBL455450,CDK2,36.0,nM,C[C@H]1CNC[C@@H](C(=O)Nc2ncc(SCc3ncc(C(C)(C)C)o3)s2)C1,7.443697499232712,True,<rdkit.Chem.rdchem.Mol object at 0x735c79f03840>,False
CHEMBL5826159,CDK9,36.0,nM,CC(=O)N[C@@H]1CCC[C@H](C(=O)Nc2cc(-c3cnn4c3CCCC4)ncn2)C1,7.443697499232712,True,<rdkit.Chem.rdchem.Mol object at 0x735c79f00900>,False
CHEMBL5759958,CDK9,36.1,nM,Cc1nc2c(F)cc(-c3nc(Nc4ccc5c(n4)CCN(C(=O)CN(C)C)C5)ncc3F)cc2n1C1CCCC1,7.442492798094342,True,<rdkit.Chem.rdchem.Mol object at 0x735c79f03450>,False
CHEMBL3924439,CDK9,37.0,nM,CN1Cc2c(C3=C[C@@H]4COC(=O)N4CC3)[nH]c3nccc(c23)-c2cc(F)ccc21,7.431798275933005,True,<rdkit.Chem.rdchem.Mol object at 0x735c79f02ab0>,False
CHEMBL115220,CDK2,37.0,nM,O=C(Cc1ccc2ccccc2c1)Nc1cc(C2CC2)n[nH]1,7.431798275933005,True,<rdkit.Chem.rdchem.Mol object at 0x735c79f00ac0>,False
CHEMBL3668494,CDK9,37.0,nM,COc1ccc(F)cc1-c1ccnc2[nH]c(C3=CCN(C(=O)Nc4cnn(C)c4)CC3)cc12,7.431798275933005,True,<rdkit.Chem.rdchem.Mol object at 0x735c79f022d0>,False
CHEMBL3823659,CDK9,37.0,nM,CC(=O)N1CCC(n2cc(Nc3ncc(Cl)c(-c4cnc5ccccn45)n3)cn2)CC1,7.431798275933005,True,<rdkit.Chem.rdchem.Mol object at 0x735c79f015b0>,False
CHEMBL6152179,CDK6,37.0,nM,CCOC(=O)N1CCN(c2ccc(Nc3ncc(F)c(-c4ccc5c(c4)OC4(CCN(C(C)=O)CC4)CC5=O)n3)nc2)CC1,7.431798275933005,True,<rdkit.Chem.rdchem.Mol object at 0x735c79f02b20>,False
CHEMBL3668392,CDK9,37.0,nM,COc1ccc(F)cc1-c1ccnc2[nH]c(C3=CCN(S(C)(=O)=O)CC3)cc12,7.431798275933005,True,<rdkit.Chem.rdchem.Mol object at 0x735c79f00eb0>,False
CHEMBL191144,CDK2,37.0,nM,C[C@H](C(=O)Nc1cc(C2CC2)[nH]n1)c1ccc(N2CCCC2=O)cc1,7.431798275933005,True,<rdkit.Chem.rdchem.Mol object at 0x735c79f01fc0>,False
CHEMBL3663807,CDK9,37.0,nM,COc1ccc(F)cc1-c1ccnc2[nH]c(C3CNCCO3)cc12,7.431798275933005,True,<rdkit.Chem.rdchem.Mol object at 0x735c79f05700>,False
CHEMBL5849665,CDK9,37.0,nM,Fc1cccc(Cn2cnc3ccc(-c4cc(NC5CC6(CCNCC6)C5)ncc4Cl)cc32)c1,7.431798275933005,True,<rdkit.Chem.rdchem.Mol object at 0x735c79f04eb0>,False
CHEMBL5934647,CDK4,37.0,nM,CC(C)N1CCOc2c(F)cc(-c3nc(Nc4cccc5c4CCNC5)ncc3F)cc21,7.431798275933005,True,<rdkit.Chem.rdchem.Mol object at 0x735c79f04580>,False
CHEMBL455468,CDK2,37.0,nM,Cc1ncc(-c2ccnc(Nc3ccc(C(=O)NC4CCN(C)CC4)cc3)n2)n1C(C)C,7.431798275933005,True,<rdkit.Chem.rdchem.Mol object at 0x735c79f052a0>,False
CHEMBL3642013,CDK6,37.0,nM,CN(CCO)C1CCN(c2ccc(Nc3ncc4c5ccncc5n(C5CCCC5)c4n3)nc2)CC1,7.431798275933005,True,<rdkit.Chem.rdchem.Mol object at 0x735c79f065e0>,False
CHEMBL5894084,CDK2,37.2,nM,Cc1nc2c(F)cc(-c3nc(Nc4ccc5c(n4)CCN(C(=O)CN)C5)ncc3F)cc2n1C(C)C,7.429457060118103,True,<rdkit.Chem.rdchem.Mol object at 0x735c79f06340>,False
CHEMBL5833493,CDK2,37.2,nM,Cc1nc2c(F)cc(-c3nc(Nc4ccc5c(n4)CCN(C(=O)CC(C)(C)O)C5)ncc3F)cc2n1C(C)C,7.429457060118103,True,<rdkit.Chem.rdchem.Mol object at 0x735c79f05460>,False
CHEMBL5811164,CDK2,37.2,nM,Cc1nc2c(F)cc(-c3nc(Nc4ccc5c(n4)CCC(C(=O)CN)C5)ncc3F)cc2n1C(C)C,7.429457060118103,True,<rdkit.Chem.rdchem.Mol object at 0x735c79f05af0>,False
CHEMBL5505745,CDK9,37.34,nM,CCC(=O)Nc1ccc(CNc2nc(NC3CCNCC3)nc3c(C(C)C)cnn23)cc1,7.4278256863869405,True,<rdkit.Chem.rdchem.Mol object at 0x735c79f06110>,False
CHEMBL6188946,CDK6,37.4,nM,COc1cc(-c2nc3c(C(N)=O)cccc3[nH]2)ccc1Nc1ncc2cc(C(=O)N(C)C)n(C3CCCC3)c2n1,7.42712839779952,True,<rdkit.Chem.rdchem.Mol object at 0x735c79f06960>,False
CHEMBL4786023,CDK9,37.8,nM,CCNc1cccc(-c2ccnc(Nc3ccc4c(c3)N(C(C)C)[C@H](C)C(=O)N4C)n2)c1,7.422508200162775,True,<rdkit.Chem.rdchem.Mol object at 0x735c79f06e30>,False
CHEMBL2012397,CDK1,38.0,nM,Cn1cc(Nc2ncc3cnn(C4C5CC6CC(C5)CC4C6)c3n2)cc1C(N)=O,7.42021640338319,True,<rdkit.Chem.rdchem.Mol object at 0x735c79f066c0>,False
CHEMBL72510,CDK2,38.0,nM,Cc1nc2ccccn2c1-c1ccnc(Nc2ccc(S(N)(=O)=O)cc2)n1,7.42021640338319,True,<rdkit.Chem.rdchem.Mol object at 0x735c79f07f40>,False
CHEMBL3702164,CDK6,38.0,nM,COc1cc(-c2ccc(Nc3ncc4c5ccncc5n(C5CCCC5)c4n3)nn2)ccn1,7.42021640338319,True,<rdkit.Chem.rdchem.Mol object at 0x735c79f05540>,False
CHEMBL3691569,CDK4,38.0,nM,CN(C)C(=O)c1cc2cnc(Nc3ccc(C(=O)N4CC5CCC4C5O)cn3)nc2n1C1CCCC1,7.42021640338319,True,<rdkit.Chem.rdchem.Mol object at 0x735c79f06f80>,False
CHEMBL5962211,CDK9,38.0,nM,C[C@H](O)C(=O)N[C@@H]1CCC[C@H](C(=O)Nc2cc(-c3cnn4c3CCCC4)c(Cl)cn2)C1,7.42021640338319,True,<rdkit.Chem.rdchem.Mol object at 0x735c79f06b90>,False
CHEMBL6134533,CDK6,38.0,nM,CC(=O)N1CCC2(CC1)CC(=O)c1ccc(-c3nc(Nc4ccc(N5CCC(N6CCN(C)CC6)CC5)cn4)ncc3F)cc1O2,7.42021640338319,True,<rdkit.Chem.rdchem.Mol object at 0x735c79f04660>,False
CHEMBL3965720,CDK9,38.0,nM,COc1ccc(F)cc1-c1ccnc2[nH]c(C3=CC4CCC(C3)N4S(C)(=O)=O)cc12,7.42021640338319,True,<rdkit.Chem.rdchem.Mol object at 0x735c79f043c0>,False
CHEMBL3946855,CDK9,38.0,nM,CN1Cc2c(C3=CCN(S(C)(=O)=O)CC3)[nH]c3ncc(F)c(c23)-c2cc(F)ccc21,7.42021640338319,True,<rdkit.Chem.rdchem.Mol object at 0x735c79f04510>,False
CHEMBL3900836,CDK9,38.0,nM,CN(CC(O)CO)C(=O)CN1CC=C(c2[nH]c3nccc4c3c2CN(C)c2ccc(F)cc2-4)CC1,7.42021640338319,True,<rdkit.Chem.rdchem.Mol object at 0x735c79f045f0>,False
CHEMBL296468,CDK2,38.0,nM,CC(C)(C)c1cnc(CSc2cnc(NC(=O)C3CCNCC3)s2)o1,7.42021640338319,True,<rdkit.Chem.rdchem.Mol object at 0x735c79f062d0>,False
CHEMBL5756301,CDK9,38.0,nM,Cn1cnc2ccc(-c3cc(NC(=O)[C@@H]4CCCNC4)ncc3Cl)cc21,7.42021640338319,True,<rdkit.Chem.rdchem.Mol object at 0x735c79f0a0a0>,False
CHEMBL6120798,CDK6,38.0,nM,CC(=O)N1CCC2(CC1)CC(=O)c1ccc(-c3nc(Nc4ccc(N5CCN(C(C)C)CC5)cn4)ncc3F)cc1O2,7.42021640338319,True,<rdkit.Chem.rdchem.Mol object at 0x735c79f0b140>,False
CHEMBL507167,CDK2,38.0,nM,N[C@H]1CC[C@H](NC(=O)c2n[nH]cc2NC(=O)c2c(F)cccc2F)CC1,7.42021640338319,True,<rdkit.Chem.rdchem.Mol object at 0x735c79f082e0>,False
CHEMBL3668384,CDK9,38.0,nM,COc1ccc(F)cc1-c1ccnc2[nH]c(C3CCN(Cc4ccccn4)C3)cc12,7.42021640338319,True,<rdkit.Chem.rdchem.Mol object at 0x735c79f08c80>,False
CHEMBL3668502,CDK9,38.0,nM,COc1ccc(F)cc1-c1ccnc2[nH]c(C3CCN(CC(=O)N(C)C)CC3)cc12,7.42021640338319,True,<rdkit.Chem.rdchem.Mol object at 0x735c79f08f90>,False
CHEMBL521871,CDK4,38.0,nM,CN(C)CC(O)COc1ccc(Nc2nccc(-c3cnn4nc(N5CCOCC5)ccc34)n2)cc1,7.42021640338319,True,<rdkit.Chem.rdchem.Mol object at 0x735c79f092a0>,False
CHEMBL3698660,CDK6,38.0,nM,c1ccc2c(c1)CCC2n1c2cnccc2c2cnc(Nc3ccc(N4CCNCC4)cn3)nc21,7.42021640338319,True,<rdkit.Chem.rdchem.Mol object at 0x735c79f09380>,False
CHEMBL5935222,CDK2,38.2,nM,COC(=O)CN1CCc2nc(Nc3ncc(F)c(-c4cc(F)c5nc(C)n(C(C)C)c5c4)n3)ccc2C1,7.4179366370882915,True,<rdkit.Chem.rdchem.Mol object at 0x735c79f0a1f0>,False
CHEMBL5953872,CDK2,38.2,nM,COC(=O)N1CCc2nc(Nc3ncc(F)c(-c4cc(F)c5nc(C)n(C(C)C)c5c4)n3)ccc2C1,7.4179366370882915,True,<rdkit.Chem.rdchem.Mol object at 0x735c79f0b920>,False
CHEMBL6150020,CDK9,38.4,nM,Clc1cnc2[nH]c(C3CCNCC3)nc2c1-c1cnn(CC2CC2)c1,7.415668775632469,True,<rdkit.Chem.rdchem.Mol object at 0x735c79f0bca0>,False
CHEMBL5818945,CDK9,39.0,nM,CC(=O)N[C@H]1CCC[C@@H](C(=O)Nc2cc(-c3cnn4c3CCCC4)c(Cl)cn2)C1,7.4089353929735005,True,<rdkit.Chem.rdchem.Mol object at 0x735c79f094d0>,False
CHEMBL3668354,CDK9,39.0,nM,Clc1cnc2[nH]c(C3CCCNC3)cc2c1-c1cccc(NCc2ccccc2)n1,7.4089353929735005,True,<rdkit.Chem.rdchem.Mol object at 0x735c79f0a880>,False
CHEMBL5181511,CDK9,39.0,nM,CC(=O)N1CCC(c2cc3c(-c4ccc(=O)n(C(C)C)c4)ccnc3[nH]2)CC1,7.4089353929735005,True,<rdkit.Chem.rdchem.Mol object at 0x735c79f0bb50>,False
CHEMBL6017601,CDK9,39.0,nM,CC(=O)N[C@@H]1CCC[C@H](C(=O)Nc2cc(-c3nnn4c3CCCC4)c(Cl)cn2)C1,7.4089353929735005,True,<rdkit.Chem.rdchem.Mol object at 0x735c79f09bd0>,False
CHEMBL3668409,CDK9,39.0,nM,COc1cc(C#N)ccc1-c1ccnc2[nH]c(C3CCCNC3)cc12,7.4089353929735005,True,<rdkit.Chem.rdchem.Mol object at 0x735c79f0b220>,False
CHEMBL6001205,CDK9,39.0,nM,CC(=O)N[C@@H]1CCC[C@H](C(=O)Nc2cc(-c3cnn4c3CCCCC4)c(F)cn2)C1,7.4089353929735005,True,<rdkit.Chem.rdchem.Mol object at 0x735c79f0b4c0>,False
CHEMBL4215126,CDK4,39.0,nM,CCN1CCN(Cc2ccc(Nc3ncc(F)c(-c4cc(F)c5nc6n(c5c4)C(C)CC6)n3)nc2C)CC1,7.4089353929735005,True,<rdkit.Chem.rdchem.Mol object at 0x735c79f0bd10>,False
CHEMBL3668513,CDK9,39.0,nM,CNC(=O)CN1CCC(c2cc3c(-c4cc(F)ccc4OC)ccnc3[nH]2)CC1,7.4089353929735005,True,<rdkit.Chem.rdchem.Mol object at 0x735c79f0bf40>,False
CHEMBL3691611,CDK4,39.0,nM,CN(C)C(=O)c1cc2cnc(Nc3ccc(C(=O)N4CC5COCC(C4)N5)cn3)nc2n1C1CCCC1,7.4089353929735005,True,<rdkit.Chem.rdchem.Mol object at 0x735c79f0a110>,False
CHEMBL249502,CDK1,39.0,nM,CC(C)NC(=O)c1cccc2[nH]c(-c3n[nH]c4ncc(-c5cncc6ccccc56)cc34)nc12,7.4089353929735005,True,<rdkit.Chem.rdchem.Mol object at 0x735c79f08120>,False
CHEMBL5783662,CDK9,39.0,nM,COC1CCn2ncc(-c3cc(NC(=O)[C@@H]4CCC[C@@H](NC(C)=O)C4)ncc3Cl)c2C1,7.4089353929735005,True,<rdkit.Chem.rdchem.Mol object at 0x735c79f0a030>,False
CHEMBL3668493,CDK9,39.0,nM,COc1ccc(F)cc1-c1ccnc2[nH]c(C3=CCN(CC(=O)N(C)C)CC3)cc12,7.4089353929735005,True,<rdkit.Chem.rdchem.Mol object at 0x735c79f090e0>,False
CHEMBL5810097,CDK9,39.0,nM,O=C(Nc1cc(-c2cnn3c2CCCC3)c(Cl)cn1)[C@H]1CCC[C@@H](NC(=O)[C@H]2CCCO2)C1,7.4089353929735005,True,<rdkit.Chem.rdchem.Mol object at 0x735c79f08820>,False
CHEMBL3545110,CDK6,39.0,nM,CN(C)C(=O)c1cc2cnc(Nc3ccc(N4CCNCC4)cn3)nc2n1C1CCCC1,7.4089353929735005,True,<rdkit.Chem.rdchem.Mol object at 0x735c79f09a10>,False
CHEMBL5942755,CDK9,39.0,nM,N[C@H]1CC[C@H](CNc2cc(-c3ccc4ncn(Cc5cccc(F)c5)c4c3)c(Cl)cn2)CC1,7.4089353929735005,True,<rdkit.Chem.rdchem.Mol object at 0x735c79f0a570>,False
CHEMBL3702206,CDK6,39.0,nM,CC1CN(c2ccc(Nc3ncc4c5ccccc5n(C5CCCC5)c4n3)nn2)CC(C)N1,7.4089353929735005,True,<rdkit.Chem.rdchem.Mol object at 0x735c79f0ac70>,False
CHEMBL6002023,CDK6,39.0,nM,CC(C)N1CCOc2c(F)cc(-c3nc(Nc4cc(C5CCN(C)CC5)no4)ncc3F)cc21,7.4089353929735005,True,<rdkit.Chem.rdchem.Mol object at 0x735c79f0ae30>,False
CHEMBL3668396,CDK9,39.0,nM,COc1ccc(F)cc1-c1ccnc2[nH]c(C3CCN(CCN)C3)cc12,7.4089353929735005,True,<rdkit.Chem.rdchem.Mol object at 0x735c79f09000>,False
CHEMBL5916704,CDK9,39.0,nM,NS(=O)(=O)CCn1cnc2ccc(-c3cc(NC(=O)[C@@H]4CCCNC4)ncc3Cl)cc21,7.4089353929735005,True,<rdkit.Chem.rdchem.Mol object at 0x735c79f450e0>,False
CHEMBL5923502,CDK9,39.0,nM,CC(C)(O)CNc1cc(-c2ccc3ncn(Cc4cccc(F)c4)c3c2)c(Cl)cn1,7.4089353929735005,True,<rdkit.Chem.rdchem.Mol object at 0x735c79f46880>,False
CHEMBL176559,CDK1,39.0,nM,CCn1cnc2c(Nc3cccc(Cl)c3)nc(N3CCCCC3CO)nc21,7.4089353929735005,True,<rdkit.Chem.rdchem.Mol object at 0x735c79f46340>,False
CHEMBL5079648,CDK6,39.0,nM,CCN(CC)c1cnc2ccc(-c3nc(Nc4ccc(N5CCNCC5)cn4)ncc3F)cc2n1,7.4089353929735005,True,<rdkit.Chem.rdchem.Mol object at 0x735c79f45c40>,False
CHEMBL367691,CDK1,39.0,nM,CCn1cnc2c(Nc3cccc(Cl)c3)nc(N[C@H]3CC[C@H](N)CC3)nc21,7.4089353929735005,True,<rdkit.Chem.rdchem.Mol object at 0x735c79f44f90>,False
CHEMBL173459,CDK1,39.0,nM,CCn1cnc2c(Nc3cccc(Cl)c3)nc(N[C@H]3CC[C@@H](N)CC3)nc21,7.4089353929735005,True,<rdkit.Chem.rdchem.Mol object at 0x735c79f476f0>,False
CHEMBL3691551,CDK4,39.0,nM,CC(=O)N1C2CCC1CN(C(=O)c1ccc(Nc3ncc4cc(C(=O)N(C)C)n(C5CCCCCC5)c4n3)nc1)C2,7.4089353929735005,True,<rdkit.Chem.rdchem.Mol object at 0x735c79f45620>,False
CHEMBL5590934,CDK9,39.12,nM,CC(C)S(=O)(=O)c1ccccc1Nc1nc(N[C@H]2CC[C@H](N)CC2)ncc1Cl,7.407601153884436,True,<rdkit.Chem.rdchem.Mol object at 0x735c79f45380>,False
CHEMBL5979966,CDK2,39.6,nM,Cc1nc2c(F)cc(-c3nc(Nc4ccc5c(n4)CCN(CCN4CCN(C)CC4)C5)ncc3F)cc2n1C(C)(C)C,7.402304814074488,True,<rdkit.Chem.rdchem.Mol object at 0x735c79f445f0>,False
CHEMBL3673510,CDK9,40.0,nM,O=C(CO)N1CCC(c2cc3c(-c4cncc(NCc5ccccc5)n4)ccnc3[nH]2)CC1,7.397940008672037,True,<rdkit.Chem.rdchem.Mol object at 0x735c79f44c80>,False
CHEMBL3949793,CDK9,40.0,nM,COc1ccc(F)cc1-c1ccnc2[nH]c(C3CCN(CCN4CCOCC4)CC3)cc12,7.397940008672037,True,<rdkit.Chem.rdchem.Mol object at 0x735c79f44cf0>,False
CHEMBL428690,CDK2,40.0,nM,CN1CC[C@H](c2c(O)cc(O)c3c(=O)cc(-c4ccccc4Cl)oc23)[C@H](O)C1,7.397940008672037,True,<rdkit.Chem.rdchem.Mol object at 0x735c79f44dd0>,False
CHEMBL254979,CDK1,40.0,nM,O=C(Cc1ccc2ccccc2c1)Nc1n[nH]c2ccc(N3CCCS3(=O)=O)cc12,7.397940008672037,True,<rdkit.Chem.rdchem.Mol object at 0x735c79f44eb0>,False
CHEMBL256558,CDK1,40.0,nM,Cc1ccc(CC(=O)Nc2n[nH]c3ccc(N4CCCS4(=O)=O)cc23)cc1,7.397940008672037,True,<rdkit.Chem.rdchem.Mol object at 0x735c79f452a0>,False
CHEMBL5414905,CDK2,40.0,nM,CCc1cnn2c(NCc3nc4ccc(F)c(F)c4[nH]3)cc(N3CCCC[C@H]3CCO)nc12,7.397940008672037,True,<rdkit.Chem.rdchem.Mol object at 0x735c79f454d0>,False
CHEMBL524059,CDK2,40.0,nM,O=C(O)c1ccc(Nc2nccc(-c3cnn4ncccc34)n2)cc1,7.397940008672037,True,<rdkit.Chem.rdchem.Mol object at 0x735c79f45540>,False
CHEMBL6022752,CDK9,40.0,nM,O=C(Cn1ccc2ncc(-c3cc(NC(=O)[C@@H]4CCCNC4)ncc3Cl)cc21)C1CCOCC1,7.397940008672037,True,<rdkit.Chem.rdchem.Mol object at 0x735c79f45a10>,False
CHEMBL415789,CDK1,40.0,nM,CSc1ccc(CC(=O)Nc2n[nH]c3ccc(N4CCCS4(=O)=O)cc23)cc1,7.397940008672037,True,<rdkit.Chem.rdchem.Mol object at 0x735c79f45a80>,False
CHEMBL4784117,CDK9,40.0,nM,CC(=O)N[C@@H]1CC[C@H](C(=O)Nc2cc(-c3cnn4c3CC(C)(C)C4)c(Cl)cn2)C1,7.397940008672037,True,<rdkit.Chem.rdchem.Mol object at 0x735c79f45af0>,False
CHEMBL5845618,CDK1,40.0,nM,C[C@@H]1NC(=O)C2(CCCCC2)n2c1cc1cnc(Nc3ccc(S(N)(=O)=O)cc3)nc12,7.397940008672037,True,<rdkit.Chem.rdchem.Mol object at 0x735c79f45e00>,False
CHEMBL3702198,CDK4,40.0,nM,CN1CCN(c2ccc(Nc3ncc4c5ccccc5n(C5CCCC5)c4n3)nc2)CC1,7.397940008672037,True,<rdkit.Chem.rdchem.Mol object at 0x735c79f45fc0>,False
CHEMBL174977,CDK1,40.0,nM,CCn1cnc2c(Nc3ccc(F)cc3)nc(N[C@H]3CC[C@H](O)CC3)nc21,7.397940008672037,True,<rdkit.Chem.rdchem.Mol object at 0x735c79f46180>,False
CHEMBL3702188,CDK6,40.0,nM,CN(C)[C@H]1CCN(c2ccc(Nc3ncc4c5ccncc5n(C5CCCC5)c4n3)nc2)C1,7.397940008672037,True,<rdkit.Chem.rdchem.Mol object at 0x735c79f463b0>,False
CHEMBL3702189,CDK6,40.0,nM,CN(C)[C@@H]1CCN(c2ccc(Nc3ncc4c5ccncc5n(C5CCCC5)c4n3)nc2)C1,7.397940008672037,True,<rdkit.Chem.rdchem.Mol object at 0x735c79f46e30>,False
CHEMBL4753076,CDK9,40.0,nM,CC(=O)N[C@@H]1CCC[C@H](C(=O)Nc2cc(-c3cnn4c3CC(C)(C)C4)c(C)cn2)C1,7.397940008672037,True,<rdkit.Chem.rdchem.Mol object at 0x735c79f46f10>,False
CHEMBL3702172,CDK4,40.0,nM,O=S1(=O)CCC(c2ccc(Nc3ncc4c5ccncc5n(C5CCCC5)c4n3)nc2)CC1,7.397940008672037,True,<rdkit.Chem.rdchem.Mol object at 0x735c79f46f80>,False
CHEMBL3931677,CDK9,40.0,nM,CN(C)C(=O)CN1CC=C(c2[nH]c3nccc4c3c2CN(C)c2cc(F)c(F)cc2-4)CC1,7.397940008672037,True,<rdkit.Chem.rdchem.Mol object at 0x735c79f47370>,False
CHEMBL3938400,CDK9,40.0,nM,CN1Cc2c(C3=CCN(CC(=O)N(C)C4CC(O)C4)CC3)[nH]c3nccc(c23)-c2cc(F)ccc21,7.397940008672037,True,<rdkit.Chem.rdchem.Mol object at 0x735c79f47680>,False
CHEMBL3929697,CDK9,40.0,nM,CN1Cc2c(C3=CCN(S(C)(=O)=O)CC3)[nH]c3ncc(F)c(c23)-c2ccccc21,7.397940008672037,True,<rdkit.Chem.rdchem.Mol object at 0x735c79f477d0>,False
CHEMBL3655772,CDK2,40.0,nM,CC[C@H](Nc1nc(NCc2ccc(C(F)(F)F)nc2)c2ncn(C(C)C)c2n1)[C@@H](C)O,7.397940008672037,True,<rdkit.Chem.rdchem.Mol object at 0x735c79f47920>,False
CHEMBL482193,CDK2,40.0,nM,CC[C@H](CO)Nc1nc(NCc2ccccc2)n2ncc(C(C)C)c2n1,7.397940008672037,True,<rdkit.Chem.rdchem.Mol object at 0x735c79f47a70>,False
CHEMBL3655768,CDK2,40.0,nM,CC[C@H](Nc1nc(NCC2CC2)c2ncn(C(C)C)c2n1)[C@@H](C)O,7.397940008672037,True,<rdkit.Chem.rdchem.Mol object at 0x735c79f47d10>,False
CHEMBL2012406,CDK1,40.0,nM,C[C@@H]1CCCN1C(=O)c1cc(Nc2ncc3cnn([C@@H]4C[C@H]5C[C@H]5C4)c3n2)cn1C,7.397940008672037,True,<rdkit.Chem.rdchem.Mol object at 0x735c79f44c10>,False
CHEMBL3641933,CDK4,40.0,nM,C[C@H](CO)n1c2cnccc2c2cnc(Nc3ccc(N4CCNCC4)cn3)nc21,7.397940008672037,True,<rdkit.Chem.rdchem.Mol object at 0x735c79f44040>,False
CHEMBL3655770,CDK2,40.0,nM,CC[C@H](Nc1nc(NCc2ccncc2)c2ncn(C(C)C)c2n1)[C@@H](C)O,7.397940008672037,True,<rdkit.Chem.rdchem.Mol object at 0x735c79f47ca0>,False
CHEMBL359963,CDK2,40.0,nM,CC(C)c1ccc(Nc2nccc(-c3cnn4ncccc34)n2)cc1,7.397940008672037,True,<rdkit.Chem.rdchem.Mol object at 0x735c79f47060>,False
CHEMBL495751,CDK2,40.0,nM,CCN(CC)CCNC(=O)c1cccc(Nc2nccc(-c3cnn4ncccc34)n2)c1,7.397940008672037,True,<rdkit.Chem.rdchem.Mol object at 0x735c79f45e70>,False
CHEMBL5800551,CDK9,40.0,nM,NC(=O)[C@@H]1CCCN(c2cc(Cc3cncc(F)c3)c(Cl)cn2)C1,7.397940008672037,True,<rdkit.Chem.rdchem.Mol object at 0x735c79f46570>,False
CHEMBL5976927,CDK2,40.6,nM,Cc1nc2c(F)cc(-c3nc(Nc4ccc5c(n4)CCN(C(=O)C4CC(N)C4)C5)ncc3F)cc2n1C(C)C,7.391473966422806,True,<rdkit.Chem.rdchem.Mol object at 0x735c79f46730>,False
CHEMBL5838602,CDK9,41.0,nM,Cn1nnc2ccc(Cn3ccc4ncc(-c5cc(NC(=O)[C@@H]6CCCNC6)ncc5Cl)cc43)cc21,7.387216143280264,True,<rdkit.Chem.rdchem.Mol object at 0x735c79f44120>,False
CHEMBL3642037,CDK6,41.0,nM,CN(C)[C@@H]1CN(c2ccc(Nc3ncc4c5ccncc5n(C5CCCC5)c4n3)nn2)CC[C@H]1O,7.387216143280264,True,<rdkit.Chem.rdchem.Mol object at 0x735c79f46b90>,False
CHEMBL368351,CDK1,41.0,nM,CCn1cnc2c(Nc3cccc(Cl)c3)nc(N3CCC[C@@H]3CN)nc21,7.387216143280264,True,<rdkit.Chem.rdchem.Mol object at 0x735c79f473e0>,False
CHEMBL5092362,CDK9,41.0,nM,Nc1cc(-c2ccc3occc3c2)cc(N)n1,7.387216143280264,True,<rdkit.Chem.rdchem.Mol object at 0x735c79f47530>,False
CHEMBL3644020,CDK1,41.0,nM,C[C@@H](O)[C@@H](C)Oc1nc(Nc2ccc(S(=O)(=O)c3ccccc3)cc2)ncc1C(F)(F)F,7.387216143280264,True,<rdkit.Chem.rdchem.Mol object at 0x735c79f18580>,False
CHEMBL3648101,CDK2,41.0,nM,CC(O)CSc1nc(Nc2ccc(S(C)(=N)=O)cc2)ncc1Br,7.387216143280264,True,<rdkit.Chem.rdchem.Mol object at 0x735c79f18820>,False
CHEMBL2012407,CDK1,41.0,nM,Cn1cc(Nc2ncc3cnn([C@@H]4C[C@H]5C[C@H]5C4)c3n2)cc1C(=O)N1CCCC1,7.387216143280264,True,<rdkit.Chem.rdchem.Mol object at 0x735c79f19540>,False
CHEMBL5842072,CDK9,41.0,nM,CC1(C)Cc2ncc(-c3cc(NC(=O)[C@H]4C[C@@H](O)C4)ncc3Cl)n2C1,7.387216143280264,True,<rdkit.Chem.rdchem.Mol object at 0x735c79f1bb50>,False
CHEMBL6017486,CDK6,41.0,nM,CC(C)N1CCOc2c(F)cc(-c3nc(Nc4ccc(S(=O)(=O)NC5CCNCC5)cc4)ncc3F)cc21,7.387216143280264,True,<rdkit.Chem.rdchem.Mol object at 0x735c79f1a180>,False
CHEMBL248890,CDK1,41.0,nM,OCc1cccc2[nH]c(-c3n[nH]c4ncc(-c5cncc6ccccc56)cc34)nc12,7.387216143280264,True,<rdkit.Chem.rdchem.Mol object at 0x735c79f18cf0>,False
CHEMBL4553241,CDK1,41.0,nM,CC(C)c1cnn2c(NCc3ccccc3)cc(NC[C@]3(CO)CCNC3)nc12,7.387216143280264,True,<rdkit.Chem.rdchem.Mol object at 0x735c79f186d0>,False
CHEMBL3691648,CDK4,41.0,nM,CN(C)C(=O)c1cc2cnc(Nc3ccc(N4CC5CC4CN5)cn3)nc2n1C1CCCC1,7.387216143280264,True,<rdkit.Chem.rdchem.Mol object at 0x735c79f19310>,False
CHEMBL3982622,CDK9,41.0,nM,CNC(=O)N1CC2C=C(c3[nH]c4nccc5c4c3CN(C)c3ccc(F)cc3-5)CC2C1,7.387216143280264,True,<rdkit.Chem.rdchem.Mol object at 0x735c79f197e0>,False
CHEMBL1081451,CDK2,41.0,nM,N[C@H](CNc1nnc(-c2ccc3[nH]ncc3c2)s1)Cc1ccc(Cl)cc1,7.387216143280264,True,<rdkit.Chem.rdchem.Mol object at 0x735c79f19a80>,False
CHEMBL3702055,CDK4,41.0,nM,Cc1nccc2c3cnc(Nc4ccc(N5CCC(N(C)C)CC5)cn4)nc3n(C3CCCC3)c12,7.387216143280264,True,<rdkit.Chem.rdchem.Mol object at 0x735c79f1a6c0>,False
CHEMBL3673534,CDK9,41.0,nM,CN1CCC(c2cc3c(-c4cncc(NCc5cccnc5)n4)ccnc3[nH]2)CC1,7.387216143280264,True,<rdkit.Chem.rdchem.Mol object at 0x735c79f19930>,False
CHEMBL5761374,CDK6,41.0,nM,OC1CCN(c2ccc(Nc3ncc(F)c(-c4cc(F)c5c(c4)N(C4CCC4)CCO5)n3)nc2)CC1,7.387216143280264,True,<rdkit.Chem.rdchem.Mol object at 0x735c79f18350>,False
CHEMBL3928730,CDK9,41.0,nM,CN1Cc2c(C3=C[C@@H](CO)NCC3)[nH]c3nccc(c23)-c2cc(F)ccc21,7.387216143280264,True,<rdkit.Chem.rdchem.Mol object at 0x735c79f198c0>,False
CHEMBL3905946,CDK9,41.0,nM,CN1Cc2c(C3=C[C@H]4COC(=O)N4CC3)[nH]c3nccc(c23)-c2cc(F)ccc21,7.387216143280264,True,<rdkit.Chem.rdchem.Mol object at 0x735c79f18200>,False
CHEMBL4213219,CDK1,41.1,nM,Cc1nc2c(F)cc(-c3nc(Nc4ccc5c(n4)CCN(C(=O)CO)C5)ncc3F)cc2n1C(C)C,7.386158178123931,True,<rdkit.Chem.rdchem.Mol object at 0x735c79f1bbc0>,False
CHEMBL5532236,CDK2,41.18,nM,CCC(=O)Nc1ccc(CNc2nc(O[C@@H]3CCCNC3)nc3c(C(C)C)cnn23)cc1,7.385313657717988,True,<rdkit.Chem.rdchem.Mol object at 0x735c79f1b370>,False
CHEMBL6162110,CDK6,42.0,nM,CN1CCN(c2ccc(Nc3ncc(F)c(-c4ccc5c(c4)OC4(CCN(C(=O)C(F)(F)F)CC4)CC5=O)n3)nc2)CC1,7.376750709602099,True,<rdkit.Chem.rdchem.Mol object at 0x735c79f19cb0>,False
CHEMBL3923934,CDK9,42.0,nM,CN1Cc2c(C3=CCN(C4CC(CC(=O)O)C4)CC3)[nH]c3nccc(c23)-c2cc(F)ccc21,7.376750709602099,True,<rdkit.Chem.rdchem.Mol object at 0x735c79f50f90>,False
CHEMBL141247,CDK4,42.0,nM,O=C(Nc1ccccn1)Nc1cccc2c1[C@H]1CCCN1C2=O,7.376750709602099,True,<rdkit.Chem.rdchem.Mol object at 0x735c79f51f50>,False
CHEMBL5866865,CDK9,42.0,nM,O=C(Nc1cc(-c2cnc3ncn(Cc4cccc(F)c4)c3n2)c(Cl)cn1)[C@@H]1CCCNC1,7.376750709602099,True,<rdkit.Chem.rdchem.Mol object at 0x735c79f51070>,False
CHEMBL488256,CDK2,42.0,nM,CNC(=O)c1ccc(Nc2nccc(-c3cnc(C)n3CC3CC3)n2)cc1,7.376750709602099,True,<rdkit.Chem.rdchem.Mol object at 0x735c79f52110>,False
CHEMBL3641991,CDK4,42.0,nM,O[C@@H]1CCN(c2ccc(Nc3ncc4c5ccncc5n(C5CCC5)c4n3)nc2)C1,7.376750709602099,True,<rdkit.Chem.rdchem.Mol object at 0x735c79f53920>,False
CHEMBL3642651,CDK2,42.0,nM,CC(C)c1cc(NCc2ccncc2)n2ncc(Br)c2n1,7.376750709602099,True,<rdkit.Chem.rdchem.Mol object at 0x735c79f52a40>,False
CHEMBL1800455,CDK2,42.0,nM,Nc1nc(-c2cc(N3C[C@H](O)[C@@H](O)C3)ccc2O)cc(C2CCCC2)n1,7.376750709602099,True,<rdkit.Chem.rdchem.Mol object at 0x735c79f52f80>,False
CHEMBL3663806,CDK9,42.0,nM,COc1cc(F)ccc1-c1ccnc2[nH]c(C3CNCCO3)cc12,7.376750709602099,True,<rdkit.Chem.rdchem.Mol object at 0x735c79f538b0>,False
CHEMBL402759,CDK1,42.0,nM,O=C(Cc1ccc(-c2ccccc2)cc1)Nc1n[nH]c2ccc(N3CCCS3(=O)=O)cc12,7.376750709602099,True,<rdkit.Chem.rdchem.Mol object at 0x735c79f500b0>,False
CHEMBL3648088,CDK2,42.0,nM,CCOC(=O)N=S(=O)(CC)c1ccc(Nc2ncc(Br)c(N[C@H](C)C(C)(C)O)n2)cc1,7.376750709602099,True,<rdkit.Chem.rdchem.Mol object at 0x735c79f50120>,False
CHEMBL3702225,CDK6,42.0,nM,CC[C@@H](C)n1c2cnccc2c2cnc(Nc3ccc(N4CCC(NC)CC4)cn3)nc21,7.376750709602099,True,<rdkit.Chem.rdchem.Mol object at 0x735c79f50350>,False
CHEMBL3937675,CDK9,42.0,nM,CN1Cc2c(C3=CCN(CC(=O)O)CC3)[nH]c3nccc(c23)-c2cc(F)c(F)cc21,7.376750709602099,True,<rdkit.Chem.rdchem.Mol object at 0x735c79f50820>,False
CHEMBL3668559,CDK9,42.0,nM,COc1ccc(F)cc1-c1c(F)cnc2[nH]c(C3=CCN(CC(=O)N4CC(O)C4)CC3)cc12,7.376750709602099,True,<rdkit.Chem.rdchem.Mol object at 0x735c79f50eb0>,False
CHEMBL3691619,CDK4,42.0,nM,CN(C)C(=O)c1cc2cnc(Nc3ccc(N4CC5CCC(N5)C4=O)cn3)nc2n1C1CCCCCC1,7.376750709602099,True,<rdkit.Chem.rdchem.Mol object at 0x735c79f51230>,False
CHEMBL5805868,CDK1,42.0,nM,CC1C(=O)Nc2cc3cnc(Nc4ccc(S(=O)(=O)N5CCN(C)CC5)cc4)nc3n2C12CCCCC2,7.376750709602099,True,<rdkit.Chem.rdchem.Mol object at 0x735c79f517e0>,False
CHEMBL5921367,CDK9,42.0,nM,Clc1cnc(NC2CC3(CCNCC3)C2)cc1-c1ccc2ncn(CC3CCOCC3)c2c1,7.376750709602099,True,<rdkit.Chem.rdchem.Mol object at 0x735c79f51e70>,False
CHEMBL1800450,CDK2,42.0,nM,Cc1cc(-c2cc(N3C[C@H](O)[C@@H](O)C3)ccc2O)nc(N)n1,7.376750709602099,True,<rdkit.Chem.rdchem.Mol object at 0x735c79f51fc0>,False
CHEMBL5933703,CDK9,42.3,nM,CNCCN1CCc2nc(Nc3ncc(F)c(-c4cc(F)c5nc(C)n(C6(C)CC6)c5c4)n3)ccc2C1,7.373659632624958,True,<rdkit.Chem.rdchem.Mol object at 0x735c79f520a0>,False
CHEMBL5836990,CDK4,42.3,nM,Cc1nc2c(F)cc(-c3nc(Nc4ccc5c(n4)CCNC5)ncc3F)cc2n1C(C)C,7.373659632624958,True,<rdkit.Chem.rdchem.Mol object at 0x735c79f525e0>,False
CHEMBL5848732,CDK4,42.3,nM,Cc1nc2c(F)cc(-c3nc(Nc4ncc5c(n4)CCNC5)ncc3F)cc2n1C(C)C,7.373659632624958,True,<rdkit.Chem.rdchem.Mol object at 0x735c79f52650>,False
CHEMBL3691631,CDK4,42.5,nM,CN(C)C(=O)c1cc2cnc(Nc3ccc(N4CC5(CC6CCC(C5)N6)OC4=O)cn3)nc2n1C1CCCCC1,7.371611069949688,True,<rdkit.Chem.rdchem.Mol object at 0x735c79f52880>,False
CHEMBL5816005,CDK2,42.8,nM,Cc1nc2c(F)cc(-c3nc(Nc4ccc5c(n4)CCN(CCN4CCOCC4)C5)ncc3F)cc2n1C(C)(C)C,7.368556230986828,True,<rdkit.Chem.rdchem.Mol object at 0x735c79f52b90>,False
CHEMBL3959305,CDK9,43.0,nM,CN(CCO)C(=O)CN1CC2C=C(c3[nH]c4nccc5c4c3CN(C)c3ccc(F)cc3-5)CC2C1,7.366531544420413,True,<rdkit.Chem.rdchem.Mol object at 0x735c79f52c00>,False
CHEMBL3668391,CDK9,43.0,nM,COc1ccc(F)cc1-c1ccnc2[nH]c(C3CCN(CCN4CCOCC4)C3)cc12,7.366531544420413,True,<rdkit.Chem.rdchem.Mol object at 0x735c79f52c70>,False
CHEMBL3912612,CDK9,43.0,nM,CN1Cc2c(C3=CCN(CC(=O)N(C)C4CC(O)C4)CC3)[nH]c3ncc(F)c(c23)-c2cc(F)ccc21,7.366531544420413,True,<rdkit.Chem.rdchem.Mol object at 0x735c79f52e30>,False
CHEMBL3698717,CDK4,43.0,nM,COC1CCN(c2cnc(Nc3ncc4c5ccncc5n(C5CCCC5)c4n3)cn2)C1,7.366531544420413,True,<rdkit.Chem.rdchem.Mol object at 0x735c79f530d0>,False
CHEMBL3668478,CDK9,43.0,nM,Clc1ccc(NCc2cccnc2)nc1-c1ccnc2[nH]c(C3CCCNC3)cc12,7.366531544420413,True,<rdkit.Chem.rdchem.Mol object at 0x735c79f53760>,False
CHEMBL3673535,CDK9,43.0,nM,OCC(O)CN1CCC(c2cc3c(-c4cncc(NCc5cccnc5)n4)ccnc3[nH]2)CC1,7.366531544420413,True,<rdkit.Chem.rdchem.Mol object at 0x735c79f537d0>,False
CHEMBL3648089,CDK1,43.0,nM,CCOC(=O)N=S(=O)(CC)c1ccc(Nc2ncc(Br)c(N[C@H](C)[C@H](C)O)n2)cc1,7.366531544420413,True,<rdkit.Chem.rdchem.Mol object at 0x735c79f53d10>,False
CHEMBL5925614,CDK9,43.0,nM,CC(C(=O)Nc1cc(-c2ccc3ncn(Cc4cccc(F)c4)c3c2)c(Cl)cn1)S(=O)(=O)C1CCOCC1,7.366531544420413,True,<rdkit.Chem.rdchem.Mol object at 0x735c79f53f40>,False
CHEMBL5957288,CDK9,43.0,nM,OCC(O)CN[C@H]1CC[C@H](Nc2cc(-c3ccc4ncn(Cc5cccc(F)c5)c4c3)c(Cl)cn2)CC1,7.366531544420413,True,<rdkit.Chem.rdchem.Mol object at 0x735c79f51380>,False
CHEMBL5769321,CDK9,43.0,nM,O=C(Nc1cc(-c2ccc3nnn(CCc4cccc(F)c4)c3c2)c(Cl)cn1)[C@@H]1CCCNC1,7.366531544420413,True,<rdkit.Chem.rdchem.Mol object at 0x735c79f521f0>,False
CHEMBL193860,CDK1,43.0,nM,FC(F)(F)c1cnc(Nc2ccc3[nH]cnc3c2)nc1OC1CCCCC1,7.366531544420413,True,<rdkit.Chem.rdchem.Mol object at 0x735c79f50190>,False
CHEMBL5517681,CDK9,43.2,nM,CC(=O)Nc1ccc(CNc2nc(N3CCC[C@H](O)C3)nc3c(C(C)C)cnn23)cc1,7.364516253185088,True,<rdkit.Chem.rdchem.Mol object at 0x735c79f50580>,False
CHEMBL6148005,CDK6,44.0,nM,CC(=O)N1CCC2(CC1)CC(=O)c1ccc(-c3nc(Nc4ccc(N5CCCCC5)cn4)ncc3F)cc1O2,7.356547323513812,True,<rdkit.Chem.rdchem.Mol object at 0x735c79f50900>,False
CHEMBL3952162,CDK9,44.0,nM,CN(C)C(=O)CN1CC=C(c2[nH]c3ncc(F)c4c3c2CN(C)c2ccc(F)cc2-4)CC1,7.356547323513812,True,<rdkit.Chem.rdchem.Mol object at 0x735c79f509e0>,False
CHEMBL4218267,CDK1,44.0,nM,CCN1CCN(Cc2cnc(Nc3cc(-c4cc(F)c5nc(C)n(C(C)C)c5c4)c(F)cn3)cn2)CC1,7.356547323513812,True,<rdkit.Chem.rdchem.Mol object at 0x735c79f50a50>,False
CHEMBL3985050,CDK9,44.0,nM,CN1Cc2c(C3=CCN(CC(=O)N4CC(O)C4)CC3)[nH]c3nccc(c23)-c2cc(F)ccc21,7.356547323513812,True,<rdkit.Chem.rdchem.Mol object at 0x735c79f50c10>,False
CHEMBL3668407,CDK9,44.0,nM,COc1ccc(F)cc1-c1ccnc2[nH]c(C3CCN(C(C)=O)CC3)cc12,7.356547323513812,True,<rdkit.Chem.rdchem.Mol object at 0x735c79f51ee0>,False
CHEMBL3702243,CDK4,44.0,nM,CC1(C)CN(c2ccc(Nc3ncc4c5ccncc5n(C5CCC5)c4n3)nc2)CCN1,7.356547323513812,True,<rdkit.Chem.rdchem.Mol object at 0x735c79f52500>,False
CHEMBL3668382,CDK9,44.0,nM,COc1ccc(F)cc1-c1ccnc2[nH]c(C3CCN(CCO)C3)cc12,7.356547323513812,True,<rdkit.Chem.rdchem.Mol object at 0x735c79f533e0>,False
CHEMBL3668383,CDK9,44.0,nM,COc1ccc(F)cc1-c1ccnc2[nH]c(C3CCN(C4CCOCC4)C3)cc12,7.356547323513812,True,<rdkit.Chem.rdchem.Mol object at 0x735c79f32420>,False
CHEMBL4740254,CDK9,44.0,nM,CC1(C)Cc2c(-c3cc(NC(=O)[C@H]4C[C@@H](O)C4)ncc3Cl)cnn2C1,7.356547323513812,True,<rdkit.Chem.rdchem.Mol object at 0x735c79f322d0>,False
CHEMBL4846069,CDK2,44.0,nM,COc1ccc(CC(=O)Nc2cc(C3CCC3)[nH]n2)cc1,7.356547323513812,True,<rdkit.Chem.rdchem.Mol object at 0x735c79f32490>,False
CHEMBL3263773,CDK9,44.0,nM,COc1ccccc1-c1cc(Nc2cccc(CS(N)(=O)=O)c2)ncn1,7.356547323513812,True,<rdkit.Chem.rdchem.Mol object at 0x735c79f30a50>,False
CHEMBL3648121,CDK1,44.0,nM,CCS(=N)(=O)c1ccc(Nc2ncc(Br)c(N[C@@H](COC)[C@H](C)O)n2)cc1,7.356547323513812,True,<rdkit.Chem.rdchem.Mol object at 0x735c79f30040>,False
CHEMBL3648078,CDK1,44.0,nM,C[C@@H](Nc1nc(Nc2ccc(S(=N)(=O)C3CCCC3)cc2)ncc1Br)C(C)(C)O,7.356547323513812,True,<rdkit.Chem.rdchem.Mol object at 0x735c79f30190>,False
CHEMBL3691683,CDK1,44.0,nM,CN(C)C(=O)c1cc2cnc(Nc3ccc(C(=O)N4C[C@H]5CC[C@@H](C4)N5C)cn3)nc2n1C1CCCC1,7.356547323513812,True,<rdkit.Chem.rdchem.Mol object at 0x735c79f30d60>,False
CHEMBL3668377,CDK9,44.0,nM,C[C@H](Nc1cccc(-c2ccnc3[nH]c(C4CCN(C)CC4)cc23)n1)c1ccccc1,7.356547323513812,True,<rdkit.Chem.rdchem.Mol object at 0x735c79f31310>,False
CHEMBL498659,CDK2,44.0,nM,Cl.O=C(N[C@H]1CCCNC1)c1n[nH]cc1NC(=O)c1c(F)cccc1F,7.356547323513812,True,<rdkit.Chem.rdchem.Mol object at 0x735c79f31700>,False
CHEMBL3641966,CDK4,44.0,nM,O[C@@H]1CCN(c2ccc(Nc3ncc4c5ccncc5n([C@H]5CCC[C@@H]5O)c4n3)nn2)C1,7.356547323513812,True,<rdkit.Chem.rdchem.Mol object at 0x735c79f31cb0>,False
CHEMBL5194832,CDK2,44.0,nM,C[C@@H]1CCC[C@H]1N1C(=O)C2(CC2)c2cnc(Nc3ccc(S(=O)(=O)N[C@@H]4CCCN(C)C4)cc3)nc21,7.356547323513812,True,<rdkit.Chem.rdchem.Mol object at 0x735c79f320a0>,False
CHEMBL3641920,CDK4,44.0,nM,O[C@@H]1CCC[C@@H]1n1c2cnccc2c2cnc(Nc3ccc(N4CCNCC4)cn3)nc21,7.356547323513812,True,<rdkit.Chem.rdchem.Mol object at 0x735c79f32260>,False
CHEMBL6149181,CDK6,44.0,nM,CC(=O)N1CCC2(CC1)CC(=O)c1ccc(-c3nc(Nc4ccc(C5CCN(C)CC5)cn4)ncc3F)cc1O2,7.356547323513812,True,<rdkit.Chem.rdchem.Mol object at 0x735c79f32880>,False
CHEMBL3691583,CDK4,44.0,nM,CN(C)C(=O)c1cc2cnc(Nc3ccc(C(=O)N4[C@@H]5CNC[C@H]4COC5)cn3)nc2n1C1CCCC1,7.356547323513812,True,<rdkit.Chem.rdchem.Mol object at 0x735c79f32ce0>,False
CHEMBL3673552,CDK9,44.0,nM,NC(=O)C1CC=C(c2cc3c(-c4cncc(NCc5cccc(F)c5)n4)ccnc3[nH]2)CC1,7.356547323513812,True,<rdkit.Chem.rdchem.Mol object at 0x735c79f32ea0>,False
CHEMBL3673548,CDK9,44.0,nM,O=C(O)C1CC=C(c2cc3c(-c4cncc(NCc5cccc(F)c5)n4)ccnc3[nH]2)CC1,7.356547323513812,True,<rdkit.Chem.rdchem.Mol object at 0x735c79f334c0>,False
CHEMBL3903886,CDK9,44.0,nM,CN1Cc2c(C3=CC4CCCC(C3)N4C(=O)CC#N)[nH]c3nccc(c23)-c2cc(F)ccc21,7.356547323513812,True,<rdkit.Chem.rdchem.Mol object at 0x735c79f335a0>,False
CHEMBL4206061,CDK1,44.8,nM,Cc1nc2c(F)cc(-c3nc(Nc4ccc5c(n4)CCN(C(=O)CN4CCN(C)CC4)C5)ncc3F)cc2n1C(C)C,7.348721986001855,True,<rdkit.Chem.rdchem.Mol object at 0x735c79f30f90>,False
CHEMBL5531956,CDK9,44.82,nM,CC[C@@H](CO)Nc1nc(NCc2ccc(NC(C)=O)cc2)n2ncc(C(C)C)c2n1,7.348528147800957,True,<rdkit.Chem.rdchem.Mol object at 0x735c79f31000>,False
CHEMBL3668499,CDK9,45.0,nM,COc1ccc(F)cc1-c1c(F)cnc2[nH]c(C3=CCN(CC(=O)N(C)C)CC3)cc12,7.346787486224656,True,<rdkit.Chem.rdchem.Mol object at 0x735c79f31150>,False
CHEMBL5180640,CDK9,45.0,nM,COc1cc(F)ccc1-c1ccnc2[nH]c(C3CCN(CCO)CC3)cc12,7.346787486224656,True,<rdkit.Chem.rdchem.Mol object at 0x735c79f33a00>,False
CHEMBL3639673,CDK9,45.0,nM,COc1ccc(F)cc1-c1ccnc2[nH]c(C3CCN(CC(=O)NC4CC(O)C4)CC3)cc12,7.346787486224656,True,<rdkit.Chem.rdchem.Mol object at 0x735c79f31a80>,False
CHEMBL3946513,CDK9,45.0,nM,CN1Cc2c(C3=CCN(CC(=O)N4CCC[C@H]4CO)CC3)[nH]c3nccc(c23)-c2cc(F)c(F)cc21,7.346787486224656,True,<rdkit.Chem.rdchem.Mol object at 0x735c79f33450>,False
CHEMBL5862185,CDK9,45.0,nM,CN(C)CC(C)(C)CNc1cc(-c2ccc3ncn(Cc4cccc(F)c4)c3c2)c(Cl)cn1,7.346787486224656,True,<rdkit.Chem.rdchem.Mol object at 0x735c79f32650>,False
CHEMBL1800456,CDK1,45.0,nM,Nc1nc(-c2cc(N3C[C@H](O)[C@@H](O)C3)ccc2O)cc(C2CCCCC2)n1,7.346787486224656,True,<rdkit.Chem.rdchem.Mol object at 0x735c79f304a0>,False
CHEMBL3673529,CDK9,45.0,nM,CNC(=O)N1CCC(c2cc3c(-c4cncc(OCc5cccc(F)c5)n4)ccnc3[nH]2)CC1,7.346787486224656,True,<rdkit.Chem.rdchem.Mol object at 0x735c79f326c0>,False
CHEMBL3668522,CDK9,45.0,nM,COc1ccc(F)cc1-c1ccnc2[nH]c(C3=CCN(CC(=O)N(C)C)CC3)c(C#N)c12,7.346787486224656,True,<rdkit.Chem.rdchem.Mol object at 0x735c79f33060>,False
CHEMBL3668514,CDK9,45.0,nM,COc1ccc(F)cc1-c1ccnc2[nH]c(C3CCN(CC(=O)N4CCC[C@H]4CO)CC3)cc12,7.346787486224656,True,<rdkit.Chem.rdchem.Mol object at 0x735c79f33bc0>,False
CHEMBL3702162,CDK4,45.0,nM,c1cc(-c2ccc(Nc3ncc4c5ccncc5n(C5CCCC5)c4n3)nc2)ccn1,7.346787486224656,True,<rdkit.Chem.rdchem.Mol object at 0x735c79f30f20>,False
CHEMBL3668432,CDK9,45.0,nM,CN1CCC(c2cc3c(-c4nc(NCc5ccc(S(N)(=O)=O)cc5)ccc4Cl)ccnc3[nH]2)CC1,7.346787486224656,True,<rdkit.Chem.rdchem.Mol object at 0x735c79f2c350>,False
CHEMBL3691677,CDK4,45.0,nM,CN(C)C(=O)c1cc2cnc(Nc3ccc(N4C[C@@H]5CC[C@H](CC4=O)N5C)cn3)nc2n1C1CCCC1,7.346787486224656,True,<rdkit.Chem.rdchem.Mol object at 0x735c79f2c510>,False
CHEMBL4079206,CDK6,45.0,nM,CN1CC[C@H](c2c(O)cc(O)c3c(=O)cc(/C=C/c4c(Cl)cccc4Cl)oc23)[C@H](O)C1,7.346787486224656,True,<rdkit.Chem.rdchem.Mol object at 0x735c79f2cac0>,False
CHEMBL3641931,CDK4,45.0,nM,CNC1CCN(c2ccc(Nc3ncc4c5ccncc5n([C@@H](C)CO)c4n3)nn2)CC1,7.346787486224656,True,<rdkit.Chem.rdchem.Mol object at 0x735c79f2d070>,False
CHEMBL6013201,CDK6,45.0,nM,CC(C)N1CCOc2c(F)cc(-c3nc(Nc4cnn(C5CCC(O)CC5)c4)ncc3F)cc21,7.346787486224656,True,<rdkit.Chem.rdchem.Mol object at 0x735c79f2d150>,False
CHEMBL3691591,CDK4,45.0,nM,CN(C)C(=O)c1cc2cnc(Nc3ccc(C(=O)N4CC5C[C@@H]4CN5)cn3)nc2n1C1CCCC1,7.346787486224656,True,<rdkit.Chem.rdchem.Mol object at 0x735c79f2d3f0>,False
CHEMBL5592661,CDK1,45.0,nM,CS(=O)(=O)N1CCC(Nc2ncc(C(F)(F)F)c(-c3cnn(-c4ccc(C#N)cc4Cl)c3)n2)CC1,7.346787486224656,True,<rdkit.Chem.rdchem.Mol object at 0x735c79f2d460>,False
CHEMBL3911547,CDK9,45.0,nM,CN(CC(O)CO)C(=O)CN1CC=C(c2[nH]c3ncc(F)c4c3c2CN(C)c2ccc(F)cc2-4)CC1,7.346787486224656,True,<rdkit.Chem.rdchem.Mol object at 0x735c79f2d540>,False
CHEMBL3237449,CDK4,45.0,nM,C[C@@H](CO)n1c2cnccc2c2cnc(Nc3ccc(N4CCNCC4)cn3)nc21,7.346787486224656,True,<rdkit.Chem.rdchem.Mol object at 0x735c79f2d700>,False
CHEMBL4208366,CDK6,45.6,nM,CCN1CCN(Cc2ccc(Nc3ncc(F)c(-c4cc(F)c5nc6n(c5c4)CCCC6)n3)nc2)CC1,7.341035157335565,True,<rdkit.Chem.rdchem.Mol object at 0x735c79f2de70>,False
CHEMBL5555560,CDK9,45.68,nM,CCC(=O)Nc1ccc(CNc2nc(NC(CO)CO)nc3c(C(C)C)cnn23)cc1,7.340273904762208,True,<rdkit.Chem.rdchem.Mol object at 0x735c79f2e260>,False
CHEMBL2158848,CDK2,46.0,nM,Cc1cccc(Nc2nccc(-c3ccnc(N4CCOCC4)c3)n2)c1,7.337242168318426,True,<rdkit.Chem.rdchem.Mol object at 0x735c79f2f060>,False
CHEMBL475948,CDK2,46.0,nM,Cc1ncc(-c2nc(Nc3ccc(N4CCC[C@H]4C(=O)N(C)C)cc3)ncc2F)n1C(C)C,7.337242168318426,True,<rdkit.Chem.rdchem.Mol object at 0x735c79f2f760>,False
CHEMBL3702204,CDK4,46.0,nM,O[C@@H]1CCN(c2ccc(Nc3ncc4c5ccccc5n(C5CCCC5)c4n3)nc2)C1,7.337242168318426,True,<rdkit.Chem.rdchem.Mol object at 0x735c79f2de00>,False
CHEMBL188392,CDK2,46.0,nM,NC(=O)c1cc(F)c(C(=O)c2c(N)nc3ccc(C(=O)c4c(Cl)cccc4Cl)cn23)c(F)c1,7.337242168318426,True,<rdkit.Chem.rdchem.Mol object at 0x735c79f2ce40>,False
CHEMBL151546,CDK2,46.0,nM,NC(=O)Nc1cccc2c1C(=O)c1c(-c3csc(Cl)c3)n[nH]c1-2,7.337242168318426,True,<rdkit.Chem.rdchem.Mol object at 0x735c79f2e5e0>,False
CHEMBL3668397,CDK9,46.0,nM,COc1ccc(F)cc1-c1ccnc2[nH]c(C3CCN(C4CCNC4)C3)cc12,7.337242168318426,True,<rdkit.Chem.rdchem.Mol object at 0x735c79f2ef80>,False
CHEMBL3975203,CDK9,46.0,nM,CN1Cc2c(C3=C[C@H]4CC[C@@H](C3)N4)[nH]c3nccc(c23)-c2cc(F)ccc21,7.337242168318426,True,<rdkit.Chem.rdchem.Mol object at 0x735c79f2e110>,False
CHEMBL3981309,CDK9,46.0,nM,CC(C)[C@@H](NC1CC=C(c2[nH]c3nccc4c3c2CN(C)c2ccc(F)cc2-4)CC1)C(=O)O,7.337242168318426,True,<rdkit.Chem.rdchem.Mol object at 0x735c79f2c820>,False
CHEMBL3691570,CDK4,46.0,nM,CC(=O)N1C2CCC1CN(C(=O)c1ccc(Nc3ncc4cc(C(=O)N(C)C)n(C5CCCC5)c4n3)nc1)C2,7.337242168318426,True,<rdkit.Chem.rdchem.Mol object at 0x735c79f2cdd0>,False
CHEMBL3951656,CDK9,46.0,nM,CN(CCO)C(=O)CN1CC=C(c2[nH]c3nccc4c3c2CN(C)c2cc(F)c(F)cc2-4)CC1,7.337242168318426,True,<rdkit.Chem.rdchem.Mol object at 0x735c79f2e1f0>,False
CHEMBL3953940,CDK9,46.0,nM,CN(C)C(=O)CN1CC2C=C(c3[nH]c4nccc5c4c3CN(C)c3ccc(F)cc3-5)CC2C1,7.337242168318426,True,<rdkit.Chem.rdchem.Mol object at 0x735c79f27610>,False
CHEMBL2402946,CDK1,46.8,nM,NC1CCC(Nc2nc(NCc3ccc(-c4ccccc4O)nc3)c3ncn(C4CCCC4)c3n2)CC1,7.329754146925876,True,<rdkit.Chem.rdchem.Mol object at 0x735c79f25850>,False
CHEMBL4793212,CDK9,46.9,nM,COc1cc(F)ccc1-c1ccnc(Nc2ccc3c(c2)N(C(C)C)[C@H](C)C(=O)N3C)n1,7.328827157284917,True,<rdkit.Chem.rdchem.Mol object at 0x735c79f24ac0>,False
CHEMBL3691615,CDK4,47.0,nM,CN(C)C(=O)c1cc2cnc(Nc3ccc(C(=O)N4CC5CCC(C4)N5)cn3)nc2n1C1C[C@H]2CC[C@@H]1C2,7.327902142064282,True,<rdkit.Chem.rdchem.Mol object at 0x735c79f24430>,False
CHEMBL3668517,CDK9,47.0,nM,CCN(C(=O)O)S(=O)(=O)NC1CC=C(c2cc3c(-c4cc(F)ccc4OC)ccnc3[nH]2)CC1,7.327902142064282,True,<rdkit.Chem.rdchem.Mol object at 0x735c79f24f90>,False
CHEMBL3237445,CDK6,47.0,nM,Cc1nccc2c3cnc(Nc4ccc(N5CCNCC5)cn4)nc3n(C3CCCC3)c12,7.327902142064282,True,<rdkit.Chem.rdchem.Mol object at 0x735c79f25230>,False
CHEMBL2012410,CDK1,47.0,nM,Cn1cc(Nc2ncc3cnn([C@@H]4C[C@H]5C[C@H]5C4)c3n2)cc1C(=O)N1CCC[C@H]1CN1CCCC1,7.327902142064282,True,<rdkit.Chem.rdchem.Mol object at 0x735c79f25310>,False
CHEMBL3691564,CDK4,47.0,nM,CN(C)C(=O)c1cc2cnc(Nc3ccc(C(=O)N4CCN5CCC[C@@H]5C4)cn3)nc2n1C1CCCC1,7.327902142064282,True,<rdkit.Chem.rdchem.Mol object at 0x735c79f26650>,False
CHEMBL3702202,CDK4,47.0,nM,C[C@H]1CN(c2ccc(Nc3ncc4c5ccccc5n(C5CCCC5)c4n3)nn2)CCN1,7.327902142064282,True,<rdkit.Chem.rdchem.Mol object at 0x735c79f262d0>,False
CHEMBL402158,CDK1,47.0,nM,O=C(Cc1cccc(Br)c1)Nc1n[nH]c2ccc(N3CCCS3(=O)=O)cc12,7.327902142064282,True,<rdkit.Chem.rdchem.Mol object at 0x735c79f267a0>,False
CHEMBL3668501,CDK9,47.0,nM,CN(C)C(=O)CN1CC=C(c2cc3c(-c4cccc(F)c4F)ccnc3[nH]2)CC1,7.327902142064282,True,<rdkit.Chem.rdchem.Mol object at 0x735c79f26ab0>,False
CHEMBL5440428,CDK2,47.0,nM,O=C(NC1CCNCC1)c1n[nH]cc1NC(=O)c1c(Cl)cccc1Cl.O=C(O)C(F)(F)F,7.327902142064282,True,<rdkit.Chem.rdchem.Mol object at 0x735c79f27450>,False
CHEMBL5191333,CDK9,47.0,nM,COc1cc(F)ccc1-c1ccnc2[nH]c(C3CCC(NC(C)=O)C3)nc12,7.327902142064282,True,<rdkit.Chem.rdchem.Mol object at 0x735c79f27530>,False
CHEMBL445813,CDK2,47.0,nM,O=C(NC1CCNCC1)c1n[nH]cc1NC(=O)c1c(Cl)cccc1Cl,7.327902142064282,True,<rdkit.Chem.rdchem.Mol object at 0x735c79f275a0>,False
CHEMBL3984563,CDK9,47.0,nM,CCOC(=O)NS(=O)(=O)N1CC=C(c2[nH]c3nccc4c3c2CN(C)c2ccc(F)cc2-4)CC1,7.327902142064282,True,<rdkit.Chem.rdchem.Mol object at 0x735c79f26ff0>,False
CHEMBL3668424,CDK9,47.0,nM,CN(C)CCOc1ccc(CNc2cccc(-c3ccnc4[nH]c(C5CCN(C)CC5)cc34)n2)cc1,7.327902142064282,True,<rdkit.Chem.rdchem.Mol object at 0x735c79f265e0>,False
CHEMBL560102,CDK2,47.0,nM,CNC(=O)c1nn(C)c2c1C(C)(C)Cc1cnc(Nc3cccc(OC4CCN(C)CC4)c3)nc1-2,7.327902142064282,True,<rdkit.Chem.rdchem.Mol object at 0x735c79f271b0>,False
CHEMBL4449998,CDK9,47.1,nM,Cc1nc2c(F)cc(-c3nc(Nc4ccc5c(n4)CCN(CCN(C)C)C5)ncc3F)cc2n1CC1CC1,7.326979092871104,True,<rdkit.Chem.rdchem.Mol object at 0x735c79f26f10>,False
CHEMBL4448494,CDK2,47.7,nM,Cc1nc2c(F)cc(-c3nc(Nc4ccc5c(n4)CCN(CCN(C)C)C5)ncc3F)cc2n1C(C)C,7.3214816209598865,True,<rdkit.Chem.rdchem.Mol object at 0x735c79f27ed0>,False
CHEMBL3984185,CDK9,48.0,nM,CN1Cc2c(C3=CCN(CC(=O)O)CC3)[nH]c3ncc(F)c(c23)-c2cc(F)ccc21,7.318758762624412,True,<rdkit.Chem.rdchem.Mol object at 0x735c79f26960>,False
CHEMBL5273925,CDK2,48.0,nM,CC(C)(C)c1coc(CSc2cnc(NC(=O)C3CCNCC3)s2)n1,7.318758762624412,True,<rdkit.Chem.rdchem.Mol object at 0x735c79f14270>,False
CHEMBL3691665,CDK4,48.0,nM,CN(C)C(=O)c1cc2cnc(Nc3ccc(N4C[C@@H]5CC[C@H](CC4=O)N5)cn3)nc2n1-c1ccccc1,7.318758762624412,True,<rdkit.Chem.rdchem.Mol object at 0x735c79f14f20>,False
CHEMBL3958069,CDK9,48.0,nM,CN1Cc2c(C3=CCN([C@H]4CC[C@@H](CC(=O)O)CC4)CC3)[nH]c3nccc(c23)-c2cc(F)ccc21,7.318758762624412,True,<rdkit.Chem.rdchem.Mol object at 0x735c79f142e0>,False
CHEMBL3698737,CDK6,48.0,nM,c1cc2c3cnc(Nc4ccc(N5CCCCC5)nn4)nc3n(C3CCCC3)c2cn1,7.318758762624412,True,<rdkit.Chem.rdchem.Mol object at 0x735c79f14890>,False
CHEMBL3915267,CDK9,48.0,nM,CN(CCO)C(=O)CN1CC=C(c2[nH]c3nccc4c3c2CN(C)c2ccc(F)cc2-4)CC1,7.318758762624412,True,<rdkit.Chem.rdchem.Mol object at 0x735c79f15850>,False
CHEMBL4785242,CDK9,48.0,nM,CC(=O)N[C@@H]1CCC[C@H](C(=O)Nc2cc(-c3cnn4c3CC(C)(C)CC4)ccn2)C1,7.318758762624412,True,<rdkit.Chem.rdchem.Mol object at 0x735c79f160a0>,False
CHEMBL3648090,CDK2,48.0,nM,CCOC(=O)N=S(C)(=O)c1ccc(Nc2ncc(Br)c(N[C@H](C)C(C)(C)O)n2)cc1C,7.318758762624412,True,<rdkit.Chem.rdchem.Mol object at 0x735c79f161f0>,False
CHEMBL3702200,CDK6,48.0,nM,CN(C)C1CCN(c2ccc(Nc3ncc4c5ccccc5n(C5CCCC5)c4n3)nn2)CC1,7.318758762624412,True,<rdkit.Chem.rdchem.Mol object at 0x735c79f16260>,False
CHEMBL2158855,CDK1,48.0,nM,NS(=O)(=O)c1cccc(Nc2nccc(-c3ccnc(N4CC5CCC(C4)O5)c3)n2)c1,7.318758762624412,True,<rdkit.Chem.rdchem.Mol object at 0x735c79f16b20>,False
CHEMBL3971127,CDK9,48.0,nM,CN1Cc2c(C3=CCN(CC(=O)N4CC[C@H](O)C4)CC3)[nH]c3nccc(c23)-c2cc(F)ccc21,7.318758762624412,True,<rdkit.Chem.rdchem.Mol object at 0x735c79f16c00>,False
CHEMBL234452,CDK1,48.0,nM,CN(C)CCc1ccc(Nc2ncc(Cl)c(-c3c[nH]c4ccccc34)n2)cc1,7.318758762624412,True,<rdkit.Chem.rdchem.Mol object at 0x735c79f16e30>,False
CHEMBL3663787,CDK9,48.0,nM,CCN(Cc1ccccc1)c1ccc(Cl)c(-c2ccnc3[nH]c(C4CCNCC4)cc23)n1,7.318758762624412,True,<rdkit.Chem.rdchem.Mol object at 0x735c79f16f10>,False
CHEMBL5932825,CDK9,48.0,nM,Cc1nc2c(F)cc(-c3nc(Nc4ccc5c(n4)CCN(C(=O)CN(C)C)C5)ncc3F)cc2n1C1CC1,7.318758762624412,True,<rdkit.Chem.rdchem.Mol object at 0x735c79f17060>,False
CHEMBL3976491,CDK9,48.0,nM,CCC1c2c(C3=CCNCC3)[nH]c3nccc(c23)-c2cc(F)ccc2N1C,7.318758762624412,True,<rdkit.Chem.rdchem.Mol object at 0x735c79f173e0>,False
CHEMBL114851,CDK2,48.0,nM,O=C(Cc1ccccc1)Nc1cc(C2CC2)[nH]n1,7.318758762624412,True,<rdkit.Chem.rdchem.Mol object at 0x735c79f17530>,False
CHEMBL3702031,CDK4,48.1,nM,CN(C)C1CCN(c2ccc(Nc3ncc4c5cc[nH]c(=O)c5n(C5CCCC5)c4n3)nc2)CC1,7.317854923626168,True,<rdkit.Chem.rdchem.Mol object at 0x735c79f177d0>,False
CHEMBL5834090,CDK2,48.4,nM,Cc1nc2c(F)cc(-c3nc(Nc4ccc5c(n4)CCN(CCN(C)CCO)C5)ncc3F)cc2n1C(C)(C)C,7.315154638355588,True,<rdkit.Chem.rdchem.Mol object at 0x735c79f17d10>,False
CHEMBL5902021,CDK9,49.0,nM,Fc1cccc(Cn2cnc3ccc(-c4cc(NCC5CNCC5F)ncc4Cl)cc32)c1,7.309803919971486,True,<rdkit.Chem.rdchem.Mol object at 0x735c79f163b0>,False
CHEMBL3702219,CDK6,49.0,nM,CC[C@@H](C)n1c2cnccc2c2cnc(Nc3ccc(N4CC[C@@H](O)C4)nn3)nc21,7.309803919971486,True,<rdkit.Chem.rdchem.Mol object at 0x735c79f14ac0>,False
CHEMBL3663791,CDK9,49.0,nM,Fc1ccc(NCc2ccccc2)cc1-c1ccnc2[nH]c(C3CCNCC3)cc12,7.309803919971486,True,<rdkit.Chem.rdchem.Mol object at 0x735c79f14dd0>,False
CHEMBL6149529,CDK6,49.0,nM,COC1CCN(c2ccc(Nc3ncc(F)c(-c4ccc5c(c4)OC4(CCN(C(C)=O)CC4)CC5=O)n3)nc2)CC1,7.309803919971486,True,<rdkit.Chem.rdchem.Mol object at 0x735c79f15930>,False
CHEMBL3668530,CDK9,49.0,nM,COc1ccc(F)cc1-c1c(F)cnc2[nH]c(C3=CCN(S(C)(=O)=O)CC3)c(C#N)c12,7.309803919971486,True,<rdkit.Chem.rdchem.Mol object at 0x735c79f17920>,False
CHEMBL3691567,CDK4,49.0,nM,CNC(=O)c1cc2cnc(Nc3ccc(C(=O)N4C[C@@H]5C[C@H]4CN5)cn3)nc2n1C1CCCC1,7.309803919971486,True,<rdkit.Chem.rdchem.Mol object at 0x735c79f17300>,False
CHEMBL4759074,CDK9,49.0,nM,CC(=O)NC1CCCC(C(=O)Nc2cc(-c3cnn4c3CC(C)(C)C4)c(Cl)cn2)C1,7.309803919971486,True,<rdkit.Chem.rdchem.Mol object at 0x735c79f1d7e0>,False
CHEMBL3702139,CDK4,49.0,nM,c1csc(Cn2c3cnccc3c3cnc(Nc4ccc(N5CCNCC5)cn4)cc32)c1,7.309803919971486,True,<rdkit.Chem.rdchem.Mol object at 0x735c79f1f220>,False
CHEMBL3691555,CDK4,49.0,nM,CN(C)C(=O)c1cc2cnc(Nc3ccc(C(=O)N4CC5CC(C4)N(CC(F)(F)F)C5)cn3)nc2n1C1CCCC1,7.309803919971486,True,<rdkit.Chem.rdchem.Mol object at 0x735c79f1c4a0>,False
CHEMBL3663750,CDK9,49.0,nM,COc1cc(F)ccc1-c1ccnc2[nH]c(C3CCCN(C)C3)cc12,7.309803919971486,True,<rdkit.Chem.rdchem.Mol object at 0x735c79f1e0a0>,False
CHEMBL3648127,CDK1,49.0,nM,CCC(CO)Sc1nc(Nc2ccc(S(C)(=N)=O)cc2)ncc1Br,7.309803919971486,True,<rdkit.Chem.rdchem.Mol object at 0x735c79f1c2e0>,False
CHEMBL3663795,CDK9,49.0,nM,C[C@H](Nc1ccc(Cl)c(-c2ccnc3[nH]c(C4CCNCC4)cc23)n1)c1ccccc1,7.309803919971486,True,<rdkit.Chem.rdchem.Mol object at 0x735c79f1e960>,False
CHEMBL3648092,CDK1,49.0,nM,CCOC(=O)N=S(=O)(CC)c1ccc(Nc2ncc(Br)c(O[C@H](C)[C@H](C)O)n2)cc1,7.309803919971486,True,<rdkit.Chem.rdchem.Mol object at 0x735c79f1f450>,False
CHEMBL3702161,CDK4,49.0,nM,c1cc(-c2ccc(Nc3ncc4c5ccncc5n(C5CCCC5)c4n3)nn2)ccn1,7.309803919971486,True,<rdkit.Chem.rdchem.Mol object at 0x735c79f1f530>,False
CHEMBL2403096,CDK1,49.0,nM,NC1CCC(Nc2nc(NCc3ccc(-c4cccs4)nc3)c3ncn(C4CCCC4)c3n2)CC1,7.309803919971486,True,<rdkit.Chem.rdchem.Mol object at 0x735c79f1f3e0>,False
CHEMBL3668428,CDK9,49.0,nM,CN1CCC(c2cc3c(-c4cccc(NCc5ccc6c(c5)CNC6)n4)ccnc3[nH]2)CC1,7.309803919971486,True,<rdkit.Chem.rdchem.Mol object at 0x735c79f1c510>,False
CHEMBL6049782,CDK9,49.1,nM,O=C(Nc1cc(-c2cnc3n2CCCC3)c(Cl)cn1)[C@@H]1CCCNC1,7.308918507877031,True,<rdkit.Chem.rdchem.Mol object at 0x735c79f1c120>,False
CHEMBL4213109,CDK4,49.7,nM,CCC1Cc2nc3c(F)cc(-c4nc(Nc5ccc(CN6CCN(CC)CC6)cn5)ncc4F)cc3n2C1,7.303643611266668,True,<rdkit.Chem.rdchem.Mol object at 0x735c79f1ff40>,False
CHEMBL513354,CDK2,50.0,nM,CCN(CC)Cc1cccc(Nc2nccc(-c3cnn4ncccc34)n2)c1,7.301029995663981,True,<rdkit.Chem.rdchem.Mol object at 0x735c79f1d150>,False
CHEMBL403605,CDK1,50.0,nM,Cc1cccc(CC(=O)Nc2n[nH]c3ccc(N4CCCS4(=O)=O)cc23)c1,7.301029995663981,True,<rdkit.Chem.rdchem.Mol object at 0x735c79f3a030>,False
CHEMBL455428,CDK4,50.0,nM,CNC(=O)c1ccc(Nc2nccc(-c3cnc(C)n3C(C)C)n2)cc1F,7.301029995663981,True,<rdkit.Chem.rdchem.Mol object at 0x735c79f3b4c0>,False
CHEMBL3668369,CDK9,50.0,nM,CN1CCC(c2cc3c(-c4cccc(N(C)Cc5ccccc5)n4)ccnc3[nH]2)CC1,7.301029995663981,True,<rdkit.Chem.rdchem.Mol object at 0x735c79f38120>,False
CHEMBL5285499,CDK9,50.0,nM,CCCc1cc(N[C@@H]2CC[C@@H](N)C2)n2nccc2n1,7.301029995663981,True,<rdkit.Chem.rdchem.Mol object at 0x735c79f38820>,False
CHEMBL3641934,CDK4,50.0,nM,C[C@H](CO)n1c2cnccc2c2cnc(Nc3ccc(N4CCC(N(C)C)CC4)cn3)nc21,7.301029995663981,True,<rdkit.Chem.rdchem.Mol object at 0x735c79f38b30>,False
CHEMBL419753,CDK2,50.0,nM,O=C(Nc1cc(C2CCCC2)[nH]n1)c1ccc(Br)cc1,7.301029995663981,True,<rdkit.Chem.rdchem.Mol object at 0x735c79f39a10>,False
CHEMBL570002,CDK2,50.0,nM,Cc1cc(Nc2cnc(C#N)c(N[C@@H](C)c3ncc(F)cn3)n2)n[nH]1,7.301029995663981,True,<rdkit.Chem.rdchem.Mol object at 0x735c79f39bd0>,False
CHEMBL507722,CDK1,50.0,nM,Cc1ncc(-c2nc(Nc3ccc(C(=O)NC4CCN(C)CC4)cc3)ncc2F)n1C(C)C,7.301029995663981,True,<rdkit.Chem.rdchem.Mol object at 0x735c79f3aea0>,False
CHEMBL23327,CDK1,50.0,nM,CC(C)[C@H](CO)Nc1nc(Nc2cccc(Cl)c2)c2ncn(C(C)C)c2n1,7.301029995663981,True,<rdkit.Chem.rdchem.Mol object at 0x735c79f3af80>,False
CHEMBL255263,CDK1,50.0,nM,O=C(Cc1ccc(F)cc1)Nc1n[nH]c2ccc(N3CCCS3(=O)=O)cc12,7.301029995663981,True,<rdkit.Chem.rdchem.Mol object at 0x735c79f3b0d0>,False
CHEMBL379495,CDK2,50.0,nM,COc1ccc(C(=O)Nc2ncc(SCc3ncc(C(C)(C)C)o3)s2)cc1OC,7.301029995663981,True,<rdkit.Chem.rdchem.Mol object at 0x735c79f3b1b0>,False
CHEMBL2403094,CDK1,50.0,nM,NC1CCC(Nc2nc(NCc3ccc(-c4ccco4)nc3)c3ncn(C4CCCC4)c3n2)CC1,7.301029995663981,True,<rdkit.Chem.rdchem.Mol object at 0x735c79f3b370>,False
CHEMBL3668402,CDK9,50.0,nM,COCCN1CCCC(c2cc3c(-c4cc(F)ccc4OC)ccnc3[nH]2)C1,7.301029995663981,True,<rdkit.Chem.rdchem.Mol object at 0x735c79f3b840>,False
CHEMBL5749689,CDK9,50.0,nM,O=C1NC2CC(C(=O)Nc3cc(-c4ccc5ncn(CC6CCOCC6)c5c4)c(Cl)cn3)CC2O1,7.301029995663981,True,<rdkit.Chem.rdchem.Mol object at 0x735c79f3ba00>,False
CHEMBL1800451,CDK2,50.0,nM,CCc1cc(-c2cc(N3C[C@H](O)[C@@H](O)C3)ccc2O)nc(N)n1,7.301029995663981,True,<rdkit.Chem.rdchem.Mol object at 0x735c79f3bed0>,False
CHEMBL3702222,CDK6,50.0,nM,CC[C@@H](C)n1c2cnccc2c2cnc(Nc3ccc(N4CC[C@@H](O)C4)cn3)nc21,7.301029995663981,True,<rdkit.Chem.rdchem.Mol object at 0x735c79f3b450>,False
CHEMBL3655773,CDK2,50.0,nM,CC[C@H](Nc1nc(NCc2cccc(C)n2)c2ncn(C(C)C)c2n1)[C@@H](C)O,7.301029995663981,True,<rdkit.Chem.rdchem.Mol object at 0x735c79f39c40>,False
CHEMBL3655771,CDK2,50.0,nM,CC[C@H](Nc1nc(NCc2cc(C)nc(C)c2)c2ncn(C(C)C)c2n1)[C@@H](C)O,7.301029995663981,True,<rdkit.Chem.rdchem.Mol object at 0x735c79f38200>,False
CHEMBL3655767,CDK2,50.0,nM,CC[C@H](Nc1nc(NC2CC2)c2ncn(C(C)C)c2n1)[C@@H](C)O,7.301029995663981,True,<rdkit.Chem.rdchem.Mol object at 0x735c79f3ac70>,False
CHEMBL4741442,CDK1,50.0,nM,C[C@H](CO)Nc1nc(Nc2ccc(S(N)(=O)=O)cc2)ncc1Br,7.301029995663981,True,<rdkit.Chem.rdchem.Mol object at 0x735c79f3bae0>,False
CHEMBL2012309,CDK1,50.0,nM,Cn1cc(Nc2ncc3cnn(C4CCC5(CC5)C4)c3n2)cc1C(N)=O,7.301029995663981,True,<rdkit.Chem.rdchem.Mol object at 0x735c79f3bdf0>,False
CHEMBL3702054,CDK4,50.0,nM,COc1nccc2c3cnc(Nc4ccc(N5CCC(N(C)C)CC5)cn4)nc3n(C3CCCC3)c12,7.301029995663981,True,<rdkit.Chem.rdchem.Mol object at 0x735c79f39700>,False
CHEMBL5880147,CDK9,50.0,nM,O=C(Nc1cc(-c2ccc3ncn(Cc4cccnc4)c3c2)c(Cl)cn1)[C@@H]1CCCNC1,7.301029995663981,True,<rdkit.Chem.rdchem.Mol object at 0x735c79f393f0>,False
CHEMBL4764656,CDK1,50.0,nM,C[C@H](CO)Nc1nc(Nc2ccc(S(N)(=O)=O)cc2)ncc1Br.Cl,7.301029995663981,True,<rdkit.Chem.rdchem.Mol object at 0x735c79f3b530>,False
CHEMBL5836990,CDK1,50.8,nM,Cc1nc2c(F)cc(-c3nc(Nc4ccc5c(n4)CCNC5)ncc3F)cc2n1C(C)C,7.29413628771608,True,<rdkit.Chem.rdchem.Mol object at 0x735c79f3a500>,False
CHEMBL4745398,CDK9,50.9,nM,CC(C)Nc1cccc(-c2ccnc(Nc3ccc4c(c3)N(C(C)C)[C@H](C)C(=O)N4C)n2)c1,7.293282217663242,True,<rdkit.Chem.rdchem.Mol object at 0x735c79f38890>,False
CHEMBL3648086,CDK2,51.0,nM,CCOC(=O)N=S(=O)(CC)c1ccc(Nc2ncc(Br)c(N[C@@H](COC)[C@H](C)O)n2)cc1,7.292429823902063,True,<rdkit.Chem.rdchem.Mol object at 0x735c79f38900>,False
CHEMBL3644027,CDK1,51.0,nM,COC[C@@H](C)Oc1nc(Nc2ccc(S(C)(=O)=O)cc2)ncc1C(F)(F)F,7.292429823902063,True,<rdkit.Chem.rdchem.Mol object at 0x735c79f3a9d0>,False
CHEMBL5499697,CDK2,51.0,nM,N[C@H]1CCN(c2c3c(nc4ccc(-c5ccnc(NC(=O)C6CC6)c5)cc24)CCCC3)C1,7.292429823902063,True,<rdkit.Chem.rdchem.Mol object at 0x735c79f383c0>,False
CHEMBL5862541,CDK9,51.0,nM,CC(=O)N[C@H]1CCC[C@H](C(=O)Nc2cc(-c3cnn4c3CC(C)(C)C4)c(Cl)cn2)C1,7.292429823902063,True,<rdkit.Chem.rdchem.Mol object at 0x735c79f42110>,False
CHEMBL3702228,CDK4,51.0,nM,CC[C@H](C)n1c2cnccc2c2cnc(Nc3ccc(N4CCNC(C)(C)C4)cn3)nc21,7.292429823902063,True,<rdkit.Chem.rdchem.Mol object at 0x735c79f40350>,False
CHEMBL5885528,CDK9,51.0,nM,O=C(Nc1cc(-c2ccc3ccn(Cc4cccc(F)c4)c3c2)c(Cl)cn1)[C@@H]1CCCNC1,7.292429823902063,True,<rdkit.Chem.rdchem.Mol object at 0x735c79f412a0>,False
CHEMBL4552628,CDK2,51.0,nM,Cc1sc(C(=O)N[C@@H]2[C@H](N)CCCC2(F)F)cc1-c1cnn2cc(Cl)cnc12,7.292429823902063,True,<rdkit.Chem.rdchem.Mol object at 0x735c79f41460>,False
CHEMBL3691634,CDK4,51.0,nM,CN(C)C(=O)c1cc2cnc(Nc3ccc(N4C(=O)CN5CCC4CC5)cn3)nc2n1C1CCCC1,7.292429823902063,True,<rdkit.Chem.rdchem.Mol object at 0x735c79f41cb0>,False
CHEMBL3668426,CDK9,51.0,nM,CN1CCC(c2cc3c(-c4nc(NCc5ccncc5)ccc4Cl)ccnc3[nH]2)CC1,7.292429823902063,True,<rdkit.Chem.rdchem.Mol object at 0x735c79f41d90>,False
CHEMBL3914190,CDK9,51.0,nM,CN(C)C(=O)CN1CC=C(c2[nH]c3nccc4c3c2CN(C)c2ccc(F)cc2-4)CC1,7.292429823902063,True,<rdkit.Chem.rdchem.Mol object at 0x735c79f420a0>,False
CHEMBL3951638,CDK9,51.0,nM,CN1Cc2c(C3=CCN([C@H]4CC[C@H](C(=O)O)CC4)CC3)[nH]c3nccc(c23)-c2cc(F)ccc21,7.292429823902063,True,<rdkit.Chem.rdchem.Mol object at 0x735c79f421f0>,False
CHEMBL3981660,CDK9,51.0,nM,CN1Cc2c(C3=CCN(CC(=O)N4CCC[C@@H]4CO)CC3)[nH]c3ncc(F)c(c23)-c2cc(F)ccc21,7.292429823902063,True,<rdkit.Chem.rdchem.Mol object at 0x735c79f422d0>,False
CHEMBL4208172,CDK2,51.1,nM,CCN1CCN(Cc2ccc(Nc3ncc(F)c(-c4cc(F)c5nc6n(c5c4)C(C)(C)CC6)n3)nc2)CC1,7.291579099865287,True,<rdkit.Chem.rdchem.Mol object at 0x735c79f42a40>,False
CHEMBL5440832,CDK1,51.97,nM,COc1ccc(Cc2nnc(N3CCN(C(=O)Nc4ccc(OC)cc4)CC3)c3ccccc23)cc1,7.284247283177141,True,<rdkit.Chem.rdchem.Mol object at 0x735c79f42b90>,False
CHEMBL150261,CDK1,52.0,nM,N[C@H]1CC[C@H](Nc2nc(NCc3ccccc3)c3ncn(C4CCCC4)c3n2)CC1,7.2839966563652,True,<rdkit.Chem.rdchem.Mol object at 0x735c79f42f80>,False
CHEMBL563672,CDK1,52.0,nM,C[C@@H]1CNc2c(sc3ccc(OCC4CC4)cc23)C(=O)N1,7.2839966563652,True,<rdkit.Chem.rdchem.Mol object at 0x735c79f40e40>,False
CHEMBL363069,CDK2,52.0,nM,Nc1nc2ccc(C(=O)c3c(Cl)cccc3Cl)cn2c1C(=O)c1c(F)cc(O)cc1F,7.2839966563652,True,<rdkit.Chem.rdchem.Mol object at 0x735c79f41d20>,False
CHEMBL3945173,CDK9,52.0,nM,CN1Cc2c(C3=CCN(CC(=O)N4CC(O)C4)CC3)[nH]c3nccc(c23)-c2cc(F)c(F)cc21,7.2839966563652,True,<rdkit.Chem.rdchem.Mol object at 0x735c79f42420>,False
CHEMBL522891,CDK1,52.0,nM,O=C(Nc1c[nH]nc1-c1nc2ccccc2[nH]1)c1ccccc1,7.2839966563652,True,<rdkit.Chem.rdchem.Mol object at 0x735c79f41b60>,False
CHEMBL3668450,CDK9,52.0,nM,CN1CCC(c2cc3c(-c4cc(NCC5CCOCC5)ccc4F)ccnc3[nH]2)CC1,7.2839966563652,True,<rdkit.Chem.rdchem.Mol object at 0x735c79f43530>,False
CHEMBL3970274,CDK9,52.0,nM,CN1Cc2c(C3=CCN(CC(=O)N4CC[C@H](O)C4)CC3)[nH]c3ncc(F)c(c23)-c2cc(F)ccc21,7.2839966563652,True,<rdkit.Chem.rdchem.Mol object at 0x735c79f405f0>,False
CHEMBL3644032,CDK4,52.0,nM,C[C@@H](O)[C@@H](C)Oc1nc(Nc2ccc(S(=O)(=O)C3CC3)cc2)ncc1C(F)(F)F,7.2839966563652,True,<rdkit.Chem.rdchem.Mol object at 0x735c79f429d0>,False
CHEMBL1800456,CDK2,52.0,nM,Nc1nc(-c2cc(N3C[C@H](O)[C@@H](O)C3)ccc2O)cc(C2CCCCC2)n1,7.2839966563652,True,<rdkit.Chem.rdchem.Mol object at 0x735c87c72c70>,False
CHEMBL522891,CDK2,52.0,nM,O=C(Nc1c[nH]nc1-c1nc2ccccc2[nH]1)c1ccccc1,7.2839966563652,True,<rdkit.Chem.rdchem.Mol object at 0x735c87c721f0>,False
CHEMBL6149813,CDK6,52.0,nM,CC(=O)N1CCN(c2ccc(Nc3ncc(F)c(-c4ccc5c(c4)OC4(CCN(C(C)=O)CC4)CC5=O)n3)nc2)CC1,7.2839966563652,True,<rdkit.Chem.rdchem.Mol object at 0x735c87c72880>,False
CHEMBL5199076,CDK1,52.0,nM,Cc1cc2c(C(N)=O)c(N)n(-c3c(C)ccc(O)c3C)c2nc1C,7.2839966563652,True,<rdkit.Chem.rdchem.Mol object at 0x735c87c71e70>,False
CHEMBL3301610,CDK2,52.2,nM,CCN1CCN(Cc2ccc(Nc3ncc(F)c(-c4cc(F)c5nc(C)n(C(C)C)c5c4)n3)nc2)CC1,7.282329496997738,True,<rdkit.Chem.rdchem.Mol object at 0x735c87c72ce0>,False
CHEMBL4863726,CDK2,52.86,nM,Cc1n[nH]c2ccc(-c3cncc(NC4CCCC(O)C4)n3)cc12,7.276872841204309,True,<rdkit.Chem.rdchem.Mol object at 0x735c87c73b50>,False
CHEMBL4562323,CDK1,53.0,nM,CC(C)c1cnn2c(NCc3ccccc3-n3cccn3)nc(OC3CCCNC3)nc12,7.275724130399211,True,<rdkit.Chem.rdchem.Mol object at 0x735c87c72ea0>,False
CHEMBL3641944,CDK4,53.0,nM,CNC1CCN(c2ccc(Nc3ncc4c5ccncc5n([C@H](C)CO)c4n3)nn2)CC1,7.275724130399211,True,<rdkit.Chem.rdchem.Mol object at 0x735c87c73c30>,False
CHEMBL189350,CDK2,53.0,nM,Nc1nc2ccc(C(=O)c3c(Cl)cccc3Cl)cn2c1C(=O)c1c(F)cccc1F,7.275724130399211,True,<rdkit.Chem.rdchem.Mol object at 0x735c87c73a70>,False
CHEMBL3983849,CDK9,53.0,nM,CN1Cc2c(C3=CCN(CC(=O)N(C)C4CC(O)C4)CC3)[nH]c3nccc(c23)-c2cc(F)c(F)cc21,7.275724130399211,True,<rdkit.Chem.rdchem.Mol object at 0x735c87c735a0>,False
CHEMBL5864667,CDK9,53.0,nM,CC(=O)N[C@@H]1CCC[C@H](C(=O)Nc2cc(-c3cnn4c3CCC(C)C4)c(Cl)cn2)C1,7.275724130399211,True,<rdkit.Chem.rdchem.Mol object at 0x735c87c73df0>,False
CHEMBL3641911,CDK6,53.0,nM,OCCCn1c2cnccc2c2cnc(Nc3ccc(N4CCNCC4)nn3)nc21,7.275724130399211,True,<rdkit.Chem.rdchem.Mol object at 0x735c87c72960>,False
CHEMBL3668490,CDK9,53.0,nM,CS(=O)(=O)N1CC=C(c2cc3c(-c4cccc(F)c4F)ccnc3[nH]2)CC1,7.275724130399211,True,<rdkit.Chem.rdchem.Mol object at 0x735c87c73f40>,False
CHEMBL251739,CDK1,53.0,nM,CCN(CC)C(=O)c1cccc2[nH]c(-c3n[nH]c4ncc(-c5cncc6ccccc56)cc34)nc12,7.275724130399211,True,<rdkit.Chem.rdchem.Mol object at 0x735c87c73ae0>,False
CHEMBL5985210,CDK9,53.0,nM,CN(C)S(=O)(=O)NCC(=O)Nc1cc(-c2ccc3ncn(Cc4cccc(F)c4)c3c2)c(Cl)cn1,7.275724130399211,True,<rdkit.Chem.rdchem.Mol object at 0x735c87c73bc0>,False
CHEMBL3668506,CDK9,53.0,nM,COc1ccc(F)cc1-c1ccnc2[nH]c(C3=CCN(CC(=O)N4CCC[C@H]4CO)CC3)cc12,7.275724130399211,True,<rdkit.Chem.rdchem.Mol object at 0x735c87c72500>,False
CHEMBL1080569,CDK2,53.0,nM,N[C@H](CNc1nnc(-c2ccc3cnccc3c2)s1)Cc1ccc(C(F)(F)F)cc1,7.275724130399211,True,<rdkit.Chem.rdchem.Mol object at 0x735c87c73ca0>,False
CHEMBL5398705,CDK1,53.77,nM,O=C(Nc1ccccc1)N1CCN(c2nnc(Cc3ccccc3)c3ccccc23)CC1,7.26945996352288,True,<rdkit.Chem.rdchem.Mol object at 0x735c87c725e0>,False
CHEMBL3702246,CDK4,54.0,nM,c1cc2c3cnc(Nc4ccc(N5CCNCC5)nn4)nc3n(C3CCC3)c2cn1,7.267606240177031,True,<rdkit.Chem.rdchem.Mol object at 0x735c87c73d80>,False
CHEMBL6120299,CDK6,54.0,nM,CC(=O)N1CCC2(CC1)CC(=O)c1ccc(-c3nc(Nc4ccc(C5CCNCC5)cn4)ncc3F)cc1O2,7.267606240177031,True,<rdkit.Chem.rdchem.Mol object at 0x735c87c726c0>,False
CHEMBL83499,CDK2,54.0,nM,O=C1Nc2ccc(F)c3c(NCCO)cc(-c4ccc[nH]4)c1c23,7.267606240177031,True,<rdkit.Chem.rdchem.Mol object at 0x735c87c73e60>,False
CHEMBL5571022,CDK1,54.0,nM,CN(C)C(=O)c1cc2cnc(Nc3ccc(S(N)(=O)=O)cc3)nc2n1C1CCCC1,7.267606240177031,True,<rdkit.Chem.rdchem.Mol object at 0x735c87c738b0>,False
CHEMBL3691672,CDK4,54.0,nM,CN(C)C(=O)c1cc2cnc(Nc3ccc(N4C[C@H]5CC[C@@H](CC4=O)N5)cn3)nc2n1C1CCC1,7.267606240177031,True,<rdkit.Chem.rdchem.Mol object at 0x735c87c73680>,False
CHEMBL5974261,CDK9,54.0,nM,CC(Cc1cnccn1)Nc1cc(-c2ccc3ncn(Cc4cccc(F)c4)c3c2)c(Cl)cn1,7.267606240177031,True,<rdkit.Chem.rdchem.Mol object at 0x735c87c72ff0>,False
CHEMBL3930577,CDK9,54.0,nM,CN1Cc2c(C3=C[C@@H]4COC(=O)N4CC3)[nH]c3nccc(c23)-c2cc(F)c(F)cc21,7.267606240177031,True,<rdkit.Chem.rdchem.Mol object at 0x735c87c73920>,False
CHEMBL5976683,CDK2,54.1,nM,Cc1nc2c(F)cc(-c3nc(Nc4ccc5c(n4)CCN(C(=O)NCCN(C)C)C5)ncc3F)cc2n1C(C)C,7.266802734893431,True,<rdkit.Chem.rdchem.Mol object at 0x735c87c73530>,False
CHEMBL5572638,CDK2,54.81,nM,Cl.N[C@H]1CCN(c2c3c(nc4ccc(-c5ccnc(NC(=O)C6CC6)n5)cc24)CCCC3)C1,7.2611401979278,True,<rdkit.Chem.rdchem.Mol object at 0x735c87c71fc0>,False
CHEMBL4466497,CDK2,54.9,nM,Cc1nc2c(F)cc(-c3nc(Nc4ccc5c(n4)CCN(CCN(C)C)C5)ncc3F)cc2n1C(C)(C)C,7.260427655549908,True,<rdkit.Chem.rdchem.Mol object at 0x735c87c727a0>,False
CHEMBL3648128,CDK1,55.0,nM,CC(C)(O)CSc1nc(Nc2ccc(S(C)(=N)=O)cc2)ncc1Br,7.259637310505756,True,<rdkit.Chem.rdchem.Mol object at 0x735c87c73300>,False
CHEMBL5986250,CDK4,55.0,nM,Fc1cnc(Nc2ccc(N3CCOCC3)cn2)nc1-c1cc(F)c2c(c1)N(C1CCC1)CCO2,7.259637310505756,True,<rdkit.Chem.rdchem.Mol object at 0x735c87c71bd0>,False
CHEMBL549675,CDK2,55.0,nM,CNC(=O)c1nn(C)c2c1C(C)(C)Cc1cnc(Nc3ccc(CN4CCN(C)CC4)cc3)nc1-2,7.259637310505756,True,<rdkit.Chem.rdchem.Mol object at 0x735c87c72f80>,False
CHEMBL1241758,CDK1,55.0,nM,O=C(Nc1cc(C2CCC2)c[nH]1)Nc1cccc2ccncc12,7.259637310505756,True,<rdkit.Chem.rdchem.Mol object at 0x735c87c71af0>,False
CHEMBL2158845,CDK1,55.0,nM,NS(=O)(=O)c1cccc(Nc2nccc(-c3ccnc(N4CCOCC4)c3)n2)c1,7.259637310505756,True,<rdkit.Chem.rdchem.Mol object at 0x735c87c720a0>,False
CHEMBL2163999,CDK2,55.0,nM,N[C@H]1CC[C@H](Nc2cc(Nc3ccc(F)c(Cl)c3)n3nccc3n2)CC1,7.259637310505756,True,<rdkit.Chem.rdchem.Mol object at 0x735c87c71cb0>,False
CHEMBL3668470,CDK9,55.0,nM,CN(Cc1ccccc1)c1ccc(Cl)c(-c2ccnc3[nH]c(C4CCCNC4)cc23)n1,7.259637310505756,True,<rdkit.Chem.rdchem.Mol object at 0x735c87c72340>,False
CHEMBL3668448,CDK9,55.0,nM,CC(=O)N1CCC(CNc2ccc(Cl)c(-c3ccnc4[nH]c(C5CCN(C)CC5)cc34)n2)CC1,7.259637310505756,True,<rdkit.Chem.rdchem.Mol object at 0x735c87c72110>,False
CHEMBL1081830,CDK2,55.3,nM,N[C@H](CNc1ncc(-c2ccc3nnn(N)c3c2)s1)Cc1ccc(C(F)(F)F)cc1,7.257274868695301,True,<rdkit.Chem.rdchem.Mol object at 0x735c87c72a40>,False
CHEMBL3668518,CDK9,56.0,nM,COc1ccc(F)cc1-c1ccnc2[nH]c(C3CCN(CC(=O)N(C)CCO)CC3)cc12,7.251811972993799,True,<rdkit.Chem.rdchem.Mol object at 0x735c87c729d0>,False
CHEMBL3698705,CDK4,56.0,nM,CC1CCN(c2ccc(Nc3ncc4c5ccncc5n(C5CCCC5)c4n3)nc2)C1,7.251811972993799,True,<rdkit.Chem.rdchem.Mol object at 0x735c87c72b20>,False
CHEMBL3908787,CDK9,56.0,nM,CN(C)C(=O)CN1CC=C(c2[nH]c3ncc(F)c4c3c2CN(C)c2ccccc2-4)CC1,7.251811972993799,True,<rdkit.Chem.rdchem.Mol object at 0x735c87c73d10>,False
CHEMBL3668487,CDK9,56.0,nM,COc1ccc(F)cc1-c1ccnc2[nH]c(C3=CCN(Cc4ccc(NC(C)=O)cc4)CC3)cc12,7.251811972993799,True,<rdkit.Chem.rdchem.Mol object at 0x735c87c72810>,False
CHEMBL5978284,CDK9,56.0,nM,C[C@H](c1cccc(F)c1)n1nnc2ccc(-c3cc(NC(=O)[C@@H]4CCCNC4)ncc3Cl)cc21,7.251811972993799,True,<rdkit.Chem.rdchem.Mol object at 0x735c87c72730>,False
CHEMBL5881904,CDK9,56.0,nM,O=C(Nc1cc(-c2cnc3ccn(Cc4cncc(F)c4)c3c2)c(Cl)cn1)[C@@H]1CCCNC1,7.251811972993799,True,<rdkit.Chem.rdchem.Mol object at 0x735c87c723b0>,False
CHEMBL5847275,CDK9,56.0,nM,O=C(Nc1cc(-c2ccc3nnn(Cc4cccc(F)c4)c3c2)c(Cl)cn1)[C@@H]1CCCNC1,7.251811972993799,True,<rdkit.Chem.rdchem.Mol object at 0x735c87c73610>,False
CHEMBL5944626,CDK4,56.0,nM,CC(C)N1CCOc2c(F)cc(-c3nc(Nc4ccc5c(c4)CC(N(C)C)CC5)ncc3F)cc21,7.251811972993799,True,<rdkit.Chem.rdchem.Mol object at 0x735c87c71b60>,False
CHEMBL3668507,CDK9,56.0,nM,COc1ccc(F)cc1-c1ccnc2[nH]c(C3=CCN(C(=O)[C@H]4C[C@@H](O)CN4)CC3)cc12,7.251811972993799,True,<rdkit.Chem.rdchem.Mol object at 0x735c87c71c40>,False
CHEMBL3976947,CDK9,56.0,nM,CN1Cc2c(C3=CCC(N[C@H](C(=O)O)c4ccccc4)CC3)[nH]c3nccc(c23)-c2cc(F)ccc21,7.251811972993799,True,<rdkit.Chem.rdchem.Mol object at 0x735c87c71d90>,False
CHEMBL115933,CDK2,56.0,nM,O=C(Cc1ccc(-c2ccccc2)cc1)Nc1cc(C2CC2)[nH]n1,7.251811972993799,True,<rdkit.Chem.rdchem.Mol object at 0x735c87c73450>,False
CHEMBL519422,CDK2,56.0,nM,CCn1c(-c2ccnc(Nc3ccc(C(=O)NC)cc3)n2)cnc1C,7.251811972993799,True,<rdkit.Chem.rdchem.Mol object at 0x735c87c733e0>,False
CHEMBL6142087,CDK1,56.0,nM,Cc1ccc(O)c(C)c1-n1c(N)c(C(N)=O)c2c(=O)n(CC(F)(F)F)c(C)nc21,7.251811972993799,True,<rdkit.Chem.rdchem.Mol object at 0x735c87c72570>,False
CHEMBL4860265,CDK2,56.13,nM,Cc1n[nH]c2ccc(-c3cncc(N[C@@H](CO)c4ccc(F)cc4)n3)cc12,7.250804957780327,True,<rdkit.Chem.rdchem.Mol object at 0x735c87c73290>,False
CHEMBL3698656,CDK6,57.0,nM,c1cc2c3cnc(Nc4ccc(N5CCNCC5)cn4)nc3n(C3CCOCC3)c2cn1,7.244125144327507,True,<rdkit.Chem.rdchem.Mol object at 0x735c87c73220>,False
CHEMBL5583697,CDK1,57.0,nM,Cn1cnc(S(=O)(=O)N2CCC(Nc3ncc(C(F)(F)F)c(-c4cnn(CC(F)(F)F)c4)n3)CC2)c1,7.244125144327507,True,<rdkit.Chem.rdchem.Mol object at 0x735c87c72180>,False
CHEMBL3969304,CDK9,57.0,nM,CN1Cc2c(C3=CC4CCCC(C3)N4CC(=O)N3CCC[C@H]3CO)[nH]c3nccc(c23)-c2cc(F)ccc21,7.244125144327507,True,<rdkit.Chem.rdchem.Mol object at 0x735c87c72490>,False
CHEMBL372464,CDK4,57.0,nM,COc1ccc(Nc2nc(Nc3ccc4[nH]cnc4c3)ncc2C(F)(F)F)cc1,7.244125144327507,True,<rdkit.Chem.rdchem.Mol object at 0x735c87c71d20>,False
CHEMBL3691635,CDK4,57.0,nM,CN(C)C(=O)c1cc2cnc(Nc3ccc(N4CCN5CCCC5C4=O)cn3)nc2n1C1CCCCC1,7.244125144327507,True,<rdkit.Chem.rdchem.Mol object at 0x735c87c73370>,False
CHEMBL5192139,CDK9,57.0,nM,COc1cc(F)ccc1-c1ccnc2[nH]c(C3CCNCC3)nc12,7.244125144327507,True,<rdkit.Chem.rdchem.Mol object at 0x735c87c72030>,False
CHEMBL6147545,CDK6,57.0,nM,CC(=O)N1CCC2(CC1)CC(=O)c1ccc(-c3nc(Nc4ccc(N5CCC(N(C)C)CC5)cn4)ncc3F)cc1O2,7.244125144327507,True,<rdkit.Chem.rdchem.Mol object at 0x735c87c71e00>,False
CHEMBL3301610,CDK9,57.0,nM,CCN1CCN(Cc2ccc(Nc3ncc(F)c(-c4cc(F)c5nc(C)n(C(C)C)c5c4)n3)nc2)CC1,7.244125144327507,True,<rdkit.Chem.rdchem.Mol object at 0x735c79134270>,False
CHEMBL3641957,CDK4,57.0,nM,CN(C)C1CCN(c2ccc(Nc3ncc4c5ccncc5n([C@H]5CCC[C@@H]5O)c4n3)nc2)CC1,7.244125144327507,True,<rdkit.Chem.rdchem.Mol object at 0x735c791340b0>,False
CHEMBL3698663,CDK4,57.0,nM,C[C@H](C1CCCCC1)n1c2cnccc2c2cnc(Nc3ccc(N4CCNCC4)cn3)nc21,7.244125144327507,True,<rdkit.Chem.rdchem.Mol object at 0x735c78beba00>,False
CHEMBL1080891,CDK2,57.0,nM,Cc1n[nH]c2ccc(-c3nnc(NC[C@@H](N)Cc4ccccc4Cl)s3)cc12,7.244125144327507,True,<rdkit.Chem.rdchem.Mol object at 0x735c78be8660>,False
CHEMBL3668554,CDK9,57.0,nM,COc1ccc(F)cc1-c1ccnc2[nH]c(C3=CCN([C@H]4CC[C@H](CC(=O)O)CC4)CC3)cc12,7.244125144327507,True,<rdkit.Chem.rdchem.Mol object at 0x735c78beaa40>,False
CHEMBL3952127,CDK9,57.0,nM,CN1Cc2c(C3=CCN([C@H]4CC[C@H](C(=O)O)CC4)CC3)[nH]c3nccc(c23)-c2cc(F)c(F)cc21,7.244125144327507,True,<rdkit.Chem.rdchem.Mol object at 0x735c78beac00>,False
CHEMBL5199352,CDK9,57.0,nM,COc1cc(C(=O)N2CCCC2)ccc1-c1ccnc2[nH]c(C3CCOCC3)cc12,7.244125144327507,True,<rdkit.Chem.rdchem.Mol object at 0x735c78beb0d0>,False
CHEMBL3942947,CDK9,57.0,nM,CN1Cc2c(C3=CCN(CC(=O)N(CCO)CCO)CC3)[nH]c3nccc(c23)-c2cc(F)ccc21,7.244125144327507,True,<rdkit.Chem.rdchem.Mol object at 0x735c78bea7a0>,False
CHEMBL5784667,CDK2,57.9,nM,Cc1nc2c(F)cc(-c3nc(Nc4ccc5c(n4)CCN(C(=O)C(C)N(C)C)C5)ncc3F)cc2n1C(C)C,7.2373214362725635,True,<rdkit.Chem.rdchem.Mol object at 0x735c78beace0>,False
CHEMBL3982368,CDK9,58.0,nM,CN1Cc2c(C3=C[C@H](CO)NCC3)[nH]c3nccc(c23)-c2cc(F)c(F)cc21,7.236572006437063,True,<rdkit.Chem.rdchem.Mol object at 0x735c78beaab0>,False
CHEMBL3641920,CDK6,58.0,nM,O[C@@H]1CCC[C@@H]1n1c2cnccc2c2cnc(Nc3ccc(N4CCNCC4)cn3)nc21,7.236572006437063,True,<rdkit.Chem.rdchem.Mol object at 0x735c78beb1b0>,False
CHEMBL2403088,CDK1,58.0,nM,NC1CCC(Nc2nc(NCc3ccc(-n4cccn4)cc3)c3ncn(C4CCCC4)c3n2)CC1,7.236572006437063,True,<rdkit.Chem.rdchem.Mol object at 0x735c78bea2d0>,False
CHEMBL3917273,CDK9,58.0,nM,CN1Cc2c(C3=CCN([C@H]4CC[C@@H](CC(=O)O)CC4)CC3)[nH]c3nccc(c23)-c2cc(F)c(F)cc21,7.236572006437063,True,<rdkit.Chem.rdchem.Mol object at 0x735c78bea650>,False
CHEMBL5431565,CDK1,58.4,nM,O=C(Nc1ccc(Cl)cc1)N1CCN(c2nnc(Cc3ccccc3)c3ccccc23)CC1,7.2335871528876,True,<rdkit.Chem.rdchem.Mol object at 0x735c78beaff0>,False
CHEMBL3641986,CDK4,59.0,nM,CNC1CCN(c2ccc(Nc3ncc4c5ccncc5n([C@@H]5CCOC5)c4n3)nn2)CC1,7.229147988357855,True,<rdkit.Chem.rdchem.Mol object at 0x735c78beb920>,False
CHEMBL3702181,CDK4,59.0,nM,CN(C)C1CCN(c2ccc(Nc3ncc4c5ccncc5n(C5CCS(=O)(=O)CC5)c4n3)nc2)CC1,7.229147988357855,True,<rdkit.Chem.rdchem.Mol object at 0x735c78beb450>,False
CHEMBL3702216,CDK6,59.0,nM,CC[C@@H](C)n1c2cnccc2c2cnc(Nc3ccc(N4CCC(N(C)C)CC4)nn3)nc21,7.229147988357855,True,<rdkit.Chem.rdchem.Mol object at 0x735c78beb3e0>,False
CHEMBL564470,CDK2,59.0,nM,CNC(=O)c1nn(C)c2c1C(C)(C)Cc1cnc(Nc3cccc(CN4CCN(C)CC4)c3)nc1-2,7.229147988357855,True,<rdkit.Chem.rdchem.Mol object at 0x735c78bebd10>,False
CHEMBL361348,CDK2,59.0,nM,CC(C)c1cnn2c(Nc3ccc(S(=O)(=O)N(C)C)cc3)cc(N[C@H]3CC[C@H](N)CC3)nc12,7.229147988357855,True,<rdkit.Chem.rdchem.Mol object at 0x735c791aa7a0>,False
CHEMBL5804149,CDK6,60.0,nM,CCN1CCN(Cc2ccc(Nc3ncc(F)c(-c4ncc5nc(C)n(C(C)C)c5n4)n3)nc2)CC1,7.221848749616356,True,<rdkit.Chem.rdchem.Mol object at 0x735c791aa730>,False
CHEMBL407981,CDK2,60.0,nM,CCN1CCN(CCCC(=O)Nc2n[nH]c3nc(-c4ccc(O)cc4)c(Br)cc23)CC1,7.221848749616356,True,<rdkit.Chem.rdchem.Mol object at 0x735c791aa650>,False
CHEMBL5083405,CDK6,60.0,nM,CCN(CC)c1cnc2ccc(-c3nc(Nc4ccc(C(=O)N5CCNCC5)cn4)ncc3F)cc2n1,7.221848749616356,True,<rdkit.Chem.rdchem.Mol object at 0x735c791aa5e0>,False
CHEMBL6042570,CDK6,60.0,nM,CN1CCN(c2ccc(Nc3ncc(F)c(-c4ncc5nc(C(=O)N(C)C)n(C6CCCC6)c5n4)n3)nc2)CC1,7.221848749616356,True,<rdkit.Chem.rdchem.Mol object at 0x735c791aa570>,False
CHEMBL5827424,CDK6,60.0,nM,CC(C)c1c2ccc(-c3nc(Nc4ccc(N5CCNCC5)cn4)ncc3F)c(Cl)c2nn1C,7.221848749616356,True,<rdkit.Chem.rdchem.Mol object at 0x735c791aa500>,False
CHEMBL2348155,CDK2,60.0,nM,Nc1nccc(-n2cc(-c3ccc(Cl)cc3)c3cnccc32)n1,7.221848749616356,True,<rdkit.Chem.rdchem.Mol object at 0x735c791aa490>,False
CHEMBL254171,CDK1,60.0,nM,O=C(Cc1ccc(-c2ccncc2)cc1)Nc1n[nH]c2ccc(N3CCCS3(=O)=O)cc12,7.221848749616356,True,<rdkit.Chem.rdchem.Mol object at 0x735c791aa420>,False
CHEMBL3298823,CDK2,60.0,nM,O=C(CC1CNC(=O)c2cc(-c3cn[nH]c3)cn21)NCc1cccc(F)c1,7.221848749616356,True,<rdkit.Chem.rdchem.Mol object at 0x735c791aa3b0>,False
CHEMBL5861687,CDK6,60.0,nM,CC(C)N1CCOc2c(F)cc(-c3nc(Nc4cnc(C5CCNCC5)cn4)ncc3F)cc21,7.221848749616356,True,<rdkit.Chem.rdchem.Mol object at 0x735c791aa340>,False
CHEMBL3655764,CDK9,60.0,nM,CC[C@H](Nc1nc(NCc2cccc(Cl)c2)c2ncn(C(C)C)c2n1)[C@@H](C)O,7.221848749616356,True,<rdkit.Chem.rdchem.Mol object at 0x735c791aa2d0>,False
CHEMBL3937985,CDK9,60.0,nM,CC[C@H]1c2c(C3=CCN(CC(=O)N(C)C)CC3)[nH]c3nccc(c23)-c2cc(F)ccc2N1C,7.221848749616356,True,<rdkit.Chem.rdchem.Mol object at 0x735c791aa260>,False
CHEMBL3673527,CDK9,60.0,nM,CS(=O)(=O)N1CCC(c2cc3c(-c4cncc(OCc5cccc(F)c5)n4)ccnc3[nH]2)CC1,7.221848749616356,True,<rdkit.Chem.rdchem.Mol object at 0x735c791aa1f0>,False
CHEMBL5884613,CDK6,60.0,nM,Cc1nc2cnc(-c3nc(Nc4ccc(N5CCNCC5)cn4)ncc3F)nc2n1C(C)C,7.221848749616356,True,<rdkit.Chem.rdchem.Mol object at 0x735c791aa0a0>,False
CHEMBL5897929,CDK6,60.0,nM,CCN1CCN(Cc2ccc(Nc3ncc(F)c(-c4ncnc5c4c(C#N)cn5C)n3)nc2)CC1,7.221848749616356,True,<rdkit.Chem.rdchem.Mol object at 0x735c791aa030>,False
CHEMBL3702162,CDK6,60.0,nM,c1cc(-c2ccc(Nc3ncc4c5ccncc5n(C5CCCC5)c4n3)nc2)ccn1,7.221848749616356,True,<rdkit.Chem.rdchem.Mol object at 0x735c791a9fc0>,False
CHEMBL5929572,CDK9,60.0,nM,Fc1cccc(Cn2cnc3ccc(-c4cc(NC5CC6CCCC(C5)N6)ncc4Cl)cc32)c1,7.221848749616356,True,<rdkit.Chem.rdchem.Mol object at 0x735c791a9f50>,False
CHEMBL5909708,CDK6,60.0,nM,CCN1CCN(Cc2ccc(Nc3ncc(F)c(-c4ccc5nnc(C(C)C)n5c4)n3)nc2)CC1,7.221848749616356,True,<rdkit.Chem.rdchem.Mol object at 0x735c791a9ee0>,False
CHEMBL5916431,CDK6,60.0,nM,CC(C)n1c(C(=O)N(C)C)cc2c(F)c(-c3nc(Nc4ccc(N5CCNCC5)cn4)ncc3F)ccc21,7.221848749616356,True,<rdkit.Chem.rdchem.Mol object at 0x735c791a9d20>,False
CHEMBL1800465,CDK2,60.0,nM,Nc1nc(NC2CCCCC2)cc(-c2cc(N3C[C@H](O)[C@@H](O)C3)ccc2O)n1,7.221848749616356,True,<rdkit.Chem.rdchem.Mol object at 0x735c791a9cb0>,False
CHEMBL5963377,CDK6,60.0,nM,CCN1CCN(Cc2ccc(Nc3ncc(F)c(-c4ccc5c(cc(C(=O)N(C)C)n5C(C)C)n4)n3)nc2)CC1,7.221848749616356,True,<rdkit.Chem.rdchem.Mol object at 0x735c791a9bd0>,False
CHEMBL3702157,CDK6,60.0,nM,C1=C(c2ccc(Nc3ncc4c5ccncc5n(C5CCCC5)c4n3)nn2)CCNC1,7.221848749616356,True,<rdkit.Chem.rdchem.Mol object at 0x735c791a9b60>,False
CHEMBL3702199,CDK4,60.0,nM,CC1(C)CN(c2ccc(Nc3ncc4c5ccccc5n(C5CCCC5)c4n3)nn2)CCN1,7.221848749616356,True,<rdkit.Chem.rdchem.Mol object at 0x735c791a9850>,False
CHEMBL6046075,CDK4,60.0,nM,CC(C)n1nc(C(N)=O)c2c(F)c(-c3nc(Nc4ccc(N5CCNCC5)cn4)ncc3F)ccc21,7.221848749616356,True,<rdkit.Chem.rdchem.Mol object at 0x735c791a9700>,False
CHEMBL5829356,CDK6,60.0,nM,CC(=O)c1nc(C2CC2)n2cc(-c3nc(Nc4ccc(N5CCNCC5)cn4)ncc3F)cc(F)c12,7.221848749616356,True,<rdkit.Chem.rdchem.Mol object at 0x735c791a93f0>,False
CHEMBL5823740,CDK6,60.0,nM,CCN1CCN(Cc2ccc(Nc3ncc(F)c(-c4ccc5nnc(C(C)=O)n5c4)n3)nc2)CC1,7.221848749616356,True,<rdkit.Chem.rdchem.Mol object at 0x735c791a9310>,False
CHEMBL5869349,CDK6,60.0,nM,CC(C)n1c(C(=O)N(C)C)c(F)c2c(-c3nc(Nc4ccc(N5CCNCC5)cn4)ncc3F)ncnc21,7.221848749616356,True,<rdkit.Chem.rdchem.Mol object at 0x735c791a9230>,False
CHEMBL480442,CDK2,60.0,nM,CC(C)c1cnn2c(NCc3ccc(Cl)cc3)nc(N[C@@H](CO)C(C)C)nc12,7.221848749616356,True,<rdkit.Chem.rdchem.Mol object at 0x735c791a91c0>,False
CHEMBL5804149,CDK4,60.0,nM,CCN1CCN(Cc2ccc(Nc3ncc(F)c(-c4ncc5nc(C)n(C(C)C)c5n4)n3)nc2)CC1,7.221848749616356,True,<rdkit.Chem.rdchem.Mol object at 0x735c791a9000>,False
CHEMBL6032787,CDK6,60.0,nM,Cc1nc2cnc(-c3nc(Nc4ccc(N5CCN(C)CC5)cn4)ncc3F)nc2n1C(C)C,7.221848749616356,True,<rdkit.Chem.rdchem.Mol object at 0x735c791a8eb0>,False
CHEMBL5823740,CDK4,60.0,nM,CCN1CCN(Cc2ccc(Nc3ncc(F)c(-c4ccc5nnc(C(C)=O)n5c4)n3)nc2)CC1,7.221848749616356,True,<rdkit.Chem.rdchem.Mol object at 0x735c791a8dd0>,False
CHEMBL181293,CDK2,61.0,nM,CCN[C@H]1CC[C@H](Nc2cc(Nc3ccc(S(=O)(=O)N(C)C)cc3)n3ncc(C(C)C)c3n2)CC1,7.214670164989233,True,<rdkit.Chem.rdchem.Mol object at 0x735c791a8ba0>,False
CHEMBL4741442,CDK4,61.0,nM,C[C@H](CO)Nc1nc(Nc2ccc(S(N)(=O)=O)cc2)ncc1Br,7.214670164989233,True,<rdkit.Chem.rdchem.Mol object at 0x735c791a8ac0>,False
CHEMBL3953020,CDK9,61.0,nM,CN1Cc2c(C3=CCC(N[C@@H](Cc4ccccc4)C(=O)O)CC3)[nH]c3nccc(c23)-c2cc(F)ccc21,7.214670164989233,True,<rdkit.Chem.rdchem.Mol object at 0x735c791a8a50>,False
CHEMBL3668390,CDK9,61.0,nM,COc1ccc(F)cc1-c1ccnc2[nH]c(C3CCN(CC4CCOCC4)C3)cc12,7.214670164989233,True,<rdkit.Chem.rdchem.Mol object at 0x735c791a89e0>,False
CHEMBL3892764,CDK9,61.0,nM,CN1Cc2c(C3=CCN(CC(=O)O)CC3)[nH]c3nccc(c23)-c2cc(F)ccc21,7.214670164989233,True,<rdkit.Chem.rdchem.Mol object at 0x735c791a8970>,False
CHEMBL3698663,CDK6,61.0,nM,C[C@H](C1CCCCC1)n1c2cnccc2c2cnc(Nc3ccc(N4CCNCC4)cn3)nc21,7.214670164989233,True,<rdkit.Chem.rdchem.Mol object at 0x735c791a8890>,False
CHEMBL4764656,CDK4,61.0,nM,C[C@H](CO)Nc1nc(Nc2ccc(S(N)(=O)=O)cc2)ncc1Br.Cl,7.214670164989233,True,<rdkit.Chem.rdchem.Mol object at 0x735c791a8740>,False
CHEMBL5763679,CDK1,61.2,nM,Cc1nc2c(F)cc(-c3nc(Nc4ccc5c(n4)CCN(C(=O)CN4CCOCC4)C5)ncc3F)cc2n1C(C)C,7.213248577854439,True,<rdkit.Chem.rdchem.Mol object at 0x735c791a8580>,False
CHEMBL5950426,CDK9,61.5,nM,Cc1nc2c(F)cc(-c3nc(Nc4ccc5c(n4)CCN(C(=O)N(C)CCN(C)C)C5)ncc3F)cc2n1C1CC1,7.211124884224583,True,<rdkit.Chem.rdchem.Mol object at 0x735c791a8430>,False
CHEMBL79848,CDK2,62.0,nM,O=C1Nc2ccc(F)c3c(OCCO)cc(-c4ccc[nH]4)c1c23,7.207608310501746,True,<rdkit.Chem.rdchem.Mol object at 0x735c791a83c0>,False
CHEMBL3702144,CDK4,62.0,nM,CC1(C)CN(C(=O)Cc2ccc(Nc3ncc4c5ccncc5n(C5CCCC5)c4n3)nc2)CCN1,7.207608310501746,True,<rdkit.Chem.rdchem.Mol object at 0x735c791a8350>,False
CHEMBL488436,CDK1,62.0,nM,Cc1ncc(-c2ccnc(Nc3ccc(S(C)(=O)=O)cc3)n2)n1C(C)C,7.207608310501746,True,<rdkit.Chem.rdchem.Mol object at 0x735c791a8190>,False
CHEMBL3668505,CDK9,62.0,nM,COc1ccc(F)cc1-c1ccnc2[nH]c(C3=CCN(CC(=O)N4CC(O)C4)CC3)cc12,7.207608310501746,True,<rdkit.Chem.rdchem.Mol object at 0x735c791a8120>,False
CHEMBL2158858,CDK1,62.0,nM,CNC(=O)Nc1ccc(-c2cc(-c3ccnc(Nc4cccc(S(N)(=O)=O)c4)n3)ccn2)cc1,7.207608310501746,True,<rdkit.Chem.rdchem.Mol object at 0x735c791aaea0>,False
CHEMBL3641941,CDK4,62.0,nM,C[C@H](CO)n1c2cnccc2c2cnc(Nc3ccc(N4CCNC(C)(C)C4)cn3)nc21,7.207608310501746,True,<rdkit.Chem.rdchem.Mol object at 0x735c791abf40>,False
CHEMBL6166891,CDK1,62.0,nM,Cc1ccc(O)c(C)c1-n1c(N)c(C(N)=O)c2c(=O)n(CF)c(C)nc21,7.207608310501746,True,<rdkit.Chem.rdchem.Mol object at 0x735c791aadc0>,False
CHEMBL3914697,CDK9,62.0,nM,CN1Cc2c(C3=CC4CN(S(C)(=O)=O)CC4C3)[nH]c3nccc(c23)-c2cc(F)ccc21,7.207608310501746,True,<rdkit.Chem.rdchem.Mol object at 0x735c791abdf0>,False
CHEMBL3899222,CDK9,62.0,nM,CS(=O)(=O)N1CC=C(c2[nH]c3nccc4c3c2CNc2ccc(F)cc2-4)CC1,7.207608310501746,True,<rdkit.Chem.rdchem.Mol object at 0x735c791ab7d0>,False
CHEMBL3691673,CDK4,62.0,nM,CN(C)C(=O)c1cc2cnc(Nc3ccc(N4C[C@@H]5CC[C@H](CC4=O)N5S(C)(=O)=O)cn3)nc2n1C1CCCC1,7.207608310501746,True,<rdkit.Chem.rdchem.Mol object at 0x735c791aaf10>,False
CHEMBL379193,CDK2,62.0,nM,CCOC(=O)CCC(=O)NS(=O)(=O)c1ccc(Nc2nc(N)n(C(=O)c3c(F)cccc3F)n2)cc1,7.207608310501746,True,<rdkit.Chem.rdchem.Mol object at 0x735c791aaff0>,False
CHEMBL5991865,CDK9,62.0,nM,C[C@H](c1cccc(F)c1)n1nnc2cc(F)c(-c3cc(NC(=O)[C@@H]4CCCNC4)ncc3Cl)cc21,7.207608310501746,True,<rdkit.Chem.rdchem.Mol object at 0x735c791aa8f0>,False
CHEMBL453651,CDK2,62.0,nM,CNC(=O)c1ccc(Nc2nccc(-c3cnc(COC)n3C(C)C)n2)cc1,7.207608310501746,True,<rdkit.Chem.rdchem.Mol object at 0x735c791abc30>,False
CHEMBL3668489,CDK9,62.0,nM,COc1ccc(F)cc1-c1ccnc2[nH]c(C3=CCC(C(=O)O)CC3)cc12,7.207608310501746,True,<rdkit.Chem.rdchem.Mol object at 0x735c791ab530>,False
CHEMBL3960860,CDK9,62.0,nM,CN1Cc2c(C3=CCN(CC(=O)N4CCC[C@@H]4CO)CC3)[nH]c3nccc(c23)-c2cc(F)ccc21,7.207608310501746,True,<rdkit.Chem.rdchem.Mol object at 0x735c791abd10>,False
CHEMBL408019,CDK2,62.0,nM,O=C(Nc1n[nH]c2nc(-c3cccc(O)c3)ccc12)C1CC1,7.207608310501746,True,<rdkit.Chem.rdchem.Mol object at 0x735c791ab680>,False
CHEMBL5844694,CDK1,62.2,nM,Cc1nc2c(F)cc(-c3nc(Nc4ccc5c(n4)CCN(C(=O)CCO)C5)ncc3F)cc2n1C(C)C,7.206209615309181,True,<rdkit.Chem.rdchem.Mol object at 0x735c791ab5a0>,False
CHEMBL5811976,CDK2,62.4,nM,Cc1nc2c(F)cc(-c3nc(Nc4ccc5c(n4)CCN(C[C@@H]4CNCCO4)C5)ncc3F)cc2n1C(C)(C)C,7.204815410317575,True,<rdkit.Chem.rdchem.Mol object at 0x735c791abd80>,False
CHEMBL5853767,CDK2,62.4,nM,Cc1nc2c(F)cc(-c3nc(Nc4ccc5c(n4)CCN(C[C@@H]4CNCCO4)C5)ncc3F)cc2n1C(C)C,7.204815410317575,True,<rdkit.Chem.rdchem.Mol object at 0x735c791ab6f0>,False
CHEMBL5424761,CDK1,62.46,nM,O=C(c1ccccc1)N1CCN(c2nnc(Cc3ccccc3)c3ccccc23)CC1,7.20439802010582,True,<rdkit.Chem.rdchem.Mol object at 0x735c791abe60>,False
CHEMBL5562687,CDK1,62.5,nM,Cc1ccc(O)c(C)c1-n1c(N)c(C(=O)N2CCn3ncc(C#N)c3C2)c2nc(C)c(C)nc21,7.204119982655925,True,<rdkit.Chem.rdchem.Mol object at 0x735c791abca0>,False
CHEMBL3648097,CDK2,63.0,nM,CCOc1nc(Nc2ccc(S(=N)(=O)CC)cc2)ncc1Br,7.200659450546418,True,<rdkit.Chem.rdchem.Mol object at 0x735c791ab760>,False
CHEMBL3668345,CDK9,63.0,nM,COc1ccc(F)cc1-c1ccnc2[nH]c(C3CNC(C)(C)CO3)cc12,7.200659450546418,True,<rdkit.Chem.rdchem.Mol object at 0x735c791ab290>,False
CHEMBL3668352,CDK9,63.0,nM,Fc1cccc(-c2c(Cl)cnc3[nH]c(C4CCCNC4)cc23)c1,7.200659450546418,True,<rdkit.Chem.rdchem.Mol object at 0x735c791abae0>,False
CHEMBL365608,CDK2,63.0,nM,C=C(c1ccc2nc(N)c(C(=O)c3c(F)cccc3F)n2c1)c1c(F)cccc1F,7.200659450546418,True,<rdkit.Chem.rdchem.Mol object at 0x735c791ab1b0>,False
CHEMBL4872494,CDK9,63.0,nM,COc1ccc(F)cc1-c1ccnc2[nH]c(C3=CCC(NCC(=O)O)CC3)cc12,7.200659450546418,True,<rdkit.Chem.rdchem.Mol object at 0x735c791aba00>,False
CHEMBL5894609,CDK9,63.0,nM,O=C(Nc1cc(-c2cnn3c2CCCC3)ncn1)[C@H]1C[C@H](O)C1,7.200659450546418,True,<rdkit.Chem.rdchem.Mol object at 0x735c791ab4c0>,False
CHEMBL5934929,CDK9,63.0,nM,O=C(Nc1cc(-c2ccc3ncn(Cc4cccc(F)c4)c3c2)c(Cl)cn1)C1CCc2nncn2C1,7.200659450546418,True,<rdkit.Chem.rdchem.Mol object at 0x735c791ab920>,False
CHEMBL3648090,CDK1,63.0,nM,CCOC(=O)N=S(C)(=O)c1ccc(Nc2ncc(Br)c(N[C@H](C)C(C)(C)O)n2)cc1C,7.200659450546418,True,<rdkit.Chem.rdchem.Mol object at 0x735c791ab8b0>,False
CHEMBL3991935,CDK4,63.0,nM,CN1CC[C@@H](c2c(O)cc(O)c3c(=O)cc(-c4ccccc4Cl)oc23)[C@@H]1CO.Cl,7.200659450546418,True,<rdkit.Chem.rdchem.Mol object at 0x735c791aaa40>,False
CHEMBL3969723,CDK4,63.0,nM,CN1CC[C@@H](c2c(O)cc(O)c3c(=O)cc(-c4ccccc4Cl)oc23)[C@@H]1CO,7.200659450546418,True,<rdkit.Chem.rdchem.Mol object at 0x735c791aaab0>,False
CHEMBL3970239,CDK9,63.0,nM,CN1Cc2c(C3=CCNCC3)[nH]c3nccc(c23)-c2cccnc21,7.200659450546418,True,<rdkit.Chem.rdchem.Mol object at 0x735c791aace0>,False
CHEMBL3975721,CDK9,63.0,nM,CNC(=O)C1CC=C(c2[nH]c3nccc4c3c2CN(C)c2ccc(F)cc2-4)CC1,7.200659450546418,True,<rdkit.Chem.rdchem.Mol object at 0x735c791aab90>,False
CHEMBL3982885,CDK9,63.0,nM,CN1Cc2c(C3=CCN([C@H]4CC[C@H](C(=O)O)CC4)CC3)[nH]c3ncc(F)c(c23)-c2ccccc21,7.200659450546418,True,<rdkit.Chem.rdchem.Mol object at 0x735c791ab990>,False
CHEMBL233153,CDK1,63.0,nM,Cc1cc(N2CCCS2(=O)=O)c2oc(-c3ccc(O)c(C(F)(F)F)c3)c(O)c(=O)c2c1,7.200659450546418,True,<rdkit.Chem.rdchem.Mol object at 0x735c791aac70>,False
CHEMBL3967245,CDK9,63.0,nM,CN1Cc2c(C3=CCN(CC(=O)N4CC(F)(F)C4)CC3)[nH]c3nccc(c23)-c2cc(F)ccc21,7.200659450546418,True,<rdkit.Chem.rdchem.Mol object at 0x735c791ab450>,False
CHEMBL3822989,CDK2,63.0,nM,CC(=O)N1CCC(n2cc(Nc3ncc(Cl)c(-c4cnn5ccccc45)n3)c(C)n2)CC1,7.200659450546418,True,<rdkit.Chem.rdchem.Mol object at 0x735c791aae30>,False
CHEMBL3668488,CDK9,64.0,nM,COc1ccc(F)cc1-c1ccnc2[nH]c(C3=CCN(S(=O)(=O)N(C(=O)O)C(C)(C)C)CC3)cc12,7.1938200260161125,True,<rdkit.Chem.rdchem.Mol object at 0x735c791ab370>,False
CHEMBL3691563,CDK4,64.0,nM,CN(C)C(=O)c1cc2cnc(Nc3ccc(C(=O)N4CCN5CCCC5C4)cn3)nc2n1C1CCCC1,7.1938200260161125,True,<rdkit.Chem.rdchem.Mol object at 0x735c791aa880>,False
CHEMBL541448,CDK1,64.0,nM,COc1cccc(COc2ccc3sc4c(c3c2)NC[C@@H](C)NC4=O)c1,7.1938200260161125,True,<rdkit.Chem.rdchem.Mol object at 0x735c791aa810>,False
CHEMBL3932928,CDK9,64.0,nM,CN1Cc2c(C3=CCC(N[C@H](C(=O)O)C(C)(C)C)CC3)[nH]c3nccc(c23)-c2cc(F)ccc21,7.1938200260161125,True,<rdkit.Chem.rdchem.Mol object at 0x735c791a9e70>,False
CHEMBL4861217,CDK9,64.0,nM,COc1ccc(F)cc1-c1ccnc2[nH]c(C3=CCN([C@H]4CC[C@@H](C(=O)O)CC4)CC3)cc12,7.1938200260161125,True,<rdkit.Chem.rdchem.Mol object at 0x735c791a9e00>,False
CHEMBL3976427,CDK9,64.0,nM,CN1Cc2c(C3=CCN([C@H]4CC[C@H](CC(=O)O)CC4)CC3)[nH]c3nccc(c23)-c2cc(F)ccc21,7.1938200260161125,True,<rdkit.Chem.rdchem.Mol object at 0x735c791a9d90>,False
CHEMBL3976415,CDK9,64.0,nM,CC[C@H]1c2c(C3=CCN([C@H]4C[C@@H](C(=O)OC)C4)CC3)[nH]c3nccc(c23)-c2cc(F)ccc2N1C,7.1938200260161125,True,<rdkit.Chem.rdchem.Mol object at 0x735c791a9a10>,False
CHEMBL3642649,CDK2,64.0,nM,Fc1ccccc1-c1cc(NCc2ccncc2)n2ncc(Cl)c2n1,7.1938200260161125,True,<rdkit.Chem.rdchem.Mol object at 0x735c791a9930>,False
CHEMBL3691581,CDK4,64.5,nM,CN(C)C(=O)c1cc2cnc(Nc3ccc(C(=O)N4CC5CCC(C4)N5)nn3)nc2n1C1CCCC1,7.1904402853647325,True,<rdkit.Chem.rdchem.Mol object at 0x735c791a98c0>,False
CHEMBL3691613,CDK4,64.5,nM,CN(C)C(=O)c1cc2cnc(Nc3ccc(C(=O)N4CC5CCC(C4)O5)cn3)nc2n1C1CCCC1,7.1904402853647325,True,<rdkit.Chem.rdchem.Mol object at 0x735c791a97e0>,False
CHEMBL6011114,CDK4,65.0,nM,COC1CCN(c2ccc(Nc3ncc(F)c(-c4cc(F)c5c(c4)N(C(C)C)CCO5)n3)nc2)CC1,7.187086643357144,True,<rdkit.Chem.rdchem.Mol object at 0x735c791a9770>,False
CHEMBL3691560,CDK4,65.0,nM,CN(C)C(=O)c1cc2cnc(Nc3ccc(C(=O)N4CC5CC5(N(C)C)C4)cn3)nc2n1C1CCCC1,7.187086643357144,True,<rdkit.Chem.rdchem.Mol object at 0x735c791a9620>,False
CHEMBL3668344,CDK9,65.0,nM,Clc1ccc(NCc2ccccc2)nc1-c1ccnc2[nH]c(C3CNCCO3)cc12,7.187086643357144,True,<rdkit.Chem.rdchem.Mol object at 0x735c791a95b0>,False
CHEMBL5800508,CDK9,65.0,nM,O=C(Nc1cc(-c2ccc3c(c2)N(CC2CCOCC2)CC3)c(Cl)cn1)[C@@H]1CCCNC1,7.187086643357144,True,<rdkit.Chem.rdchem.Mol object at 0x735c791a9540>,False
CHEMBL82768,CDK2,65.0,nM,CC(C)(N)CNc1cc(-c2ccc[nH]2)c2c3c(ccc(F)c13)NC2=O,7.187086643357144,True,<rdkit.Chem.rdchem.Mol object at 0x735c791a94d0>,False
CHEMBL5786556,CDK2,65.5,nM,CN(C)[C@H]1CCN(c2ccc(Nc3ncc(F)c(-c4cc(F)c5nc6n(c5c4)C(C)(C)CC6)n3)nc2)C1,7.183758700008217,True,<rdkit.Chem.rdchem.Mol object at 0x735c791a9460>,False
CHEMBL5941223,CDK2,65.5,nM,Cc1nc2c(F)cc(-c3nc(Nc4ccc5c(n4)CCNC5)ncc3F)cc2n1C1CCC(C)CC1,7.183758700008217,True,<rdkit.Chem.rdchem.Mol object at 0x735c791a9380>,False
CHEMBL5879318,CDK9,65.8,nM,CNCC(=O)N1CCc2nc(Nc3ncc(F)c(-c4cc(F)c5nc(C)n(C6CCC6)c5c4)n3)ccc2C1,7.181774106386045,True,<rdkit.Chem.rdchem.Mol object at 0x735c791a9150>,False
CHEMBL3691657,CDK4,66.0,nM,CN(C)C(=O)c1cc2cnc(Nc3ccc(N4CC5(CC4=O)CC4CCC(C5)N4)cn3)nc2n1C1CCCOC1,7.180456064458131,True,<rdkit.Chem.rdchem.Mol object at 0x735c791a90e0>,False
CHEMBL3937521,CDK9,66.0,nM,CN1Cc2c(C3=CCN4C(=O)OC[C@H]4C3)[nH]c3nccc(c23)-c2cc(F)ccc21,7.180456064458131,True,<rdkit.Chem.rdchem.Mol object at 0x735c791a8f20>,False
CHEMBL3673537,CDK9,66.0,nM,CNC(=O)N1CCC(c2cc3c(-c4cncc(NCc5cccnc5)n4)ccnc3[nH]2)CC1,7.180456064458131,True,<rdkit.Chem.rdchem.Mol object at 0x735c791a8e40>,False
CHEMBL3899955,CDK9,66.0,nM,CN1Cc2c(-c3ccc(S(C)(=O)=O)cc3)[nH]c3nccc(c23)-c2cc(F)ccc21,7.180456064458131,True,<rdkit.Chem.rdchem.Mol object at 0x735c791a8c10>,False
CHEMBL2403095,CDK1,66.0,nM,NC1CCC(Nc2nc(NCc3ccc(-c4ccoc4)nc3)c3ncn(C4CCCC4)c3n2)CC1,7.180456064458131,True,<rdkit.Chem.rdchem.Mol object at 0x735c791a8b30>,False
CHEMBL3641919,CDK4,66.0,nM,CC1(C)CN(c2ccc(Nc3ncc4c5ccncc5n([C@H]5CCC[C@H]5O)c4n3)nc2)CCN1,7.180456064458131,True,<rdkit.Chem.rdchem.Mol object at 0x735c791a8820>,False
CHEMBL3897049,CDK9,66.0,nM,CN1Cc2c(C3=CC4CCCC(C3)N4CC(=O)N(C)C3CC(O)C3)[nH]c3nccc(c23)-c2cc(F)ccc21,7.180456064458131,True,<rdkit.Chem.rdchem.Mol object at 0x735c791a87b0>,False
CHEMBL3668477,CDK9,66.0,nM,Fc1ccccc1CNc1ccc(Cl)c(-c2ccnc3[nH]c(C4CCCNC4)cc23)n1,7.180456064458131,True,<rdkit.Chem.rdchem.Mol object at 0x735c791a86d0>,False
CHEMBL3668541,CDK9,66.0,nM,COc1ccc(F)cc1-c1ccnc2[nH]c(C3CCN(CC(=O)N(C)C4CC(O)C4)CC3)cc12,7.180456064458131,True,<rdkit.Chem.rdchem.Mol object at 0x735c791a8660>,False
CHEMBL5749331,CDK9,66.0,nM,N[C@H]1CC[C@H](Nc2cc(-c3ccc4ncn(CC5CCOCC5)c4c3)c(Cl)cn2)CC1,7.180456064458131,True,<rdkit.Chem.rdchem.Mol object at 0x735c791a85f0>,False
CHEMBL3698685,CDK4,66.0,nM,O=C(c1cnc(Nc2ncc3c4ccncc4n(C4CCCC4)c3n2)s1)N1CCNCC1,7.180456064458131,True,<rdkit.Chem.rdchem.Mol object at 0x735c791a8510>,False
CHEMBL5758736,CDK9,66.0,nM,O=C(Nc1cc(-c2ccc3ncn(CC4CCS(=O)(=O)C4)c3c2)c(Cl)cn1)[C@@H]1CCCNC1,7.180456064458131,True,<rdkit.Chem.rdchem.Mol object at 0x735c791a82e0>,False
CHEMBL3823659,CDK1,66.0,nM,CC(=O)N1CCC(n2cc(Nc3ncc(Cl)c(-c4cnc5ccccn45)n3)cn2)CC1,7.180456064458131,True,<rdkit.Chem.rdchem.Mol object at 0x735c791a8270>,False
CHEMBL5438882,CDK1,66.47,nM,COc1ccc(NC(=O)N2CCN(c3nnc(Cc4ccccc4)c4ccccc34)CC2)cc1,7.177374321225859,True,<rdkit.Chem.rdchem.Mol object at 0x735c791a8200>,False
CHEMBL5632010,CDK9,66.7,nM,COc1cc(O)c2c(=O)cc(-c3ccc(N4CCN(C)CC4)cc3)oc2c1C1=CCN(C)CC1,7.175874166083451,True,<rdkit.Chem.rdchem.Mol object at 0x735c791a80b0>,False
CHEMBL3915400,CDK9,67.0,nM,CN1Cc2c(C3=CCN([C@H]4CC[C@H](CC(=O)O)CC4)CC3)[nH]c3ncc(F)c(c23)-c2cc(F)ccc21,7.173925197299173,True,<rdkit.Chem.rdchem.Mol object at 0x735c791a8040>,False
CHEMBL115994,CDK2,67.0,nM,O=C(Cc1ccc(OC(F)(F)F)cc1)Nc1cc(C2CC2)[nH]n1,7.173925197299173,True,<rdkit.Chem.rdchem.Mol object at 0x735c791ab300>,False
CHEMBL4758996,CDK9,67.0,nM,CC(C)N1c2cc(Nc3nccc(-c4cccc5c4CCCN5)n3)ccc2N(C)C(=O)[C@H]1C,7.173925197299173,True,<rdkit.Chem.rdchem.Mol object at 0x735c791abbc0>,False
CHEMBL254367,CDK1,67.0,nM,O=C(Cc1cccc2ccccc12)Nc1n[nH]c2ccc(N3CCCS3(=O)=O)cc12,7.173925197299173,True,<rdkit.Chem.rdchem.Mol object at 0x735c791ab060>,False
CHEMBL3691614,CDK4,67.0,nM,CN(C)C(=O)c1cc2cnc(Nc3ccc(C(=O)N4CCC5COCC(C4)N5)cn3)nc2n1C1CCCC1,7.173925197299173,True,<rdkit.Chem.rdchem.Mol object at 0x735c791ab610>,False
CHEMBL3944945,CDK9,67.0,nM,CN(C)C(=O)CN1CC=C(c2[nH]c3nccc4c3c2CCN(C)c2ccc(F)cc2-4)CC1,7.173925197299173,True,<rdkit.Chem.rdchem.Mol object at 0x735c791aa9d0>,False
CHEMBL4856767,CDK2,67.44,nM,Cc1n[nH]c2ccc(-c3cncc(N[C@@H](CO)c4ccccc4)n3)cc12,7.171082438383314,True,<rdkit.Chem.rdchem.Mol object at 0x735c791aab20>,False
CHEMBL184115,CDK2,68.0,nM,COc1ccccc1C(=O)c1c(N)nc2ccc(C(=O)c3c(F)cccc3F)cn12,7.167491087293763,True,<rdkit.Chem.rdchem.Mol object at 0x735c791aac00>,False
CHEMBL5794853,CDK9,68.0,nM,NC1CCCC(Nc2cc(-c3ccc4ncn(Cc5cccc(F)c5)c4c3)c(Cl)cn2)C1,7.167491087293763,True,<rdkit.Chem.rdchem.Mol object at 0x735c79f5bd10>,False
CHEMBL1800452,CDK2,68.0,nM,CC(C)c1cc(-c2cc(N3C[C@H](O)[C@@H](O)C3)ccc2O)nc(N)n1,7.167491087293763,True,<rdkit.Chem.rdchem.Mol object at 0x735c79f5b680>,False
CHEMBL5989892,CDK9,68.0,nM,CC(C)(O)CCn1cnc2ccc(-c3cc(NC(=O)[C@@H]4CCCNC4)ncc3Cl)cc21,7.167491087293763,True,<rdkit.Chem.rdchem.Mol object at 0x735c79f585f0>,False
CHEMBL3977523,CDK9,68.0,nM,CN1Cc2c(-c3ccc(CC(=O)O)cc3)[nH]c3nccc(c23)-c2cc(F)ccc21,7.167491087293763,True,<rdkit.Chem.rdchem.Mol object at 0x735c79f5bca0>,False
CHEMBL325606,CDK2,68.0,nM,NC(=O)c1ccc(C(=O)Nc2cc(C3CC3)[nH]n2)cc1,7.167491087293763,True,<rdkit.Chem.rdchem.Mol object at 0x735c79f5a180>,False
CHEMBL5833447,CDK9,68.0,nM,NCC(O)CNc1cc(-c2ccc3ncn(Cc4cccc(F)c4)c3c2)c(Cl)cn1,7.167491087293763,True,<rdkit.Chem.rdchem.Mol object at 0x735c79f5b4c0>,False
CHEMBL3663766,CDK9,68.0,nM,COc1ccc(C)cc1-c1ccnc2[nH]c(C3CCNCC3)cc12,7.167491087293763,True,<rdkit.Chem.rdchem.Mol object at 0x735c79f5bae0>,False
CHEMBL3648124,CDK1,68.0,nM,CCS(=N)(=O)c1ccc(Nc2ncc(Br)c(N[C@@H](C)C(C)(C)O)n2)cc1,7.167491087293763,True,<rdkit.Chem.rdchem.Mol object at 0x735c79f5b450>,False
CHEMBL3922725,CDK9,69.0,nM,CN1Cc2c(C3=CCN(S(C)(=O)=O)CC3)[nH]c3nccc(c23)-c2cccnc21,7.161150909262744,True,<rdkit.Chem.rdchem.Mol object at 0x735c79f58740>,False
CHEMBL3298983,CDK2,69.0,nM,C[C@@H](NC(=O)N1CCc2cnc(NC3CCOCC3)nc2C1)c1ccc2cc[nH]c2c1,7.161150909262744,True,<rdkit.Chem.rdchem.Mol object at 0x735c79f5a3b0>,False
CHEMBL5998900,CDK9,69.0,nM,CS(=O)(=O)CCn1cnc2ccc(-c3cc(NC(=O)[C@@H]4CCCNC4)ncc3Cl)cc21,7.161150909262744,True,<rdkit.Chem.rdchem.Mol object at 0x735c79f59af0>,False
CHEMBL3641980,CDK4,69.0,nM,C[C@H](O)Cn1c2cnccc2c2cnc(Nc3ccc(N4CCC(N(C)C)CC4)cn3)nc21,7.161150909262744,True,<rdkit.Chem.rdchem.Mol object at 0x735c79f5a2d0>,False
CHEMBL5856237,CDK1,69.0,nM,Cc1nc2c(F)cc(-c3nc(Nc4ccc5c(n4)CCN(C(=O)[C@@H](C)N(C)C)C5)ncc3F)cc2n1C(C)C,7.161150909262744,True,<rdkit.Chem.rdchem.Mol object at 0x735c79f58270>,False
CHEMBL3668414,CDK9,69.0,nM,CN1CCC(c2cc3c(-c4cccc(N(C)Cc5ccccc5Cl)n4)ccnc3[nH]2)CC1,7.161150909262744,True,<rdkit.Chem.rdchem.Mol object at 0x735c79f599a0>,False
CHEMBL3668509,CDK9,70.0,nM,COc1ccc(F)cc1-c1ccnc2[nH]c(C3=CCC(N4CCC[C@H]4C(=O)O)CC3)cc12,7.154901959985743,True,<rdkit.Chem.rdchem.Mol object at 0x735c79f5ace0>,False
CHEMBL5169733,CDK9,70.0,nM,CN(C)C(=O)CN1CCC(c2cc3c(-c4ccc(=O)n(C5CCC5)c4)ccnc3[nH]2)CC1,7.154901959985743,True,<rdkit.Chem.rdchem.Mol object at 0x735c79f58970>,False
CHEMBL3668558,CDK9,70.0,nM,COc1ccc(F)cc1-c1c(F)cnc2[nH]c(C3=CC4CN(CC(=O)N5CC(O)C5)CC4C3)cc12,7.154901959985743,True,<rdkit.Chem.rdchem.Mol object at 0x735c79f58ba0>,False
CHEMBL3924904,CDK9,70.0,nM,COc1ccc(F)cc1-c1ccnc2[nH]c(C3C[C@@H]4CN(S(C)(=O)=O)C[C@@H]4C3)cc12,7.154901959985743,True,<rdkit.Chem.rdchem.Mol object at 0x735c79f5a1f0>,False
CHEMBL1080912,CDK2,70.0,nM,Cc1n[nH]c2ccc(-c3nnc(NC[C@@H](N)Cc4ccc(Cl)cc4Cl)s3)cc12,7.154901959985743,True,<rdkit.Chem.rdchem.Mol object at 0x735c79f59000>,False
CHEMBL3924254,CDK9,70.0,nM,CN1Cc2c(C3=CCN(CC(=O)N4CCC[C@H]4CO)CC3)[nH]c3nccc(c23)-c2cc(F)ccc21,7.154901959985743,True,<rdkit.Chem.rdchem.Mol object at 0x735c79f58c10>,False
CHEMBL6174956,CDK1,70.0,nM,CCOC(=O)c1cnc2c(-c3nc4ccccc4s3)c(Nc3ccccc3)nn2c1O,7.154901959985743,True,<rdkit.Chem.rdchem.Mol object at 0x735c79f58820>,False
CHEMBL101801,CDK1,70.0,nM,NC(=O)c1ccc(Nc2nc(N)c(N=O)c(OCC3CCCCC3)n2)cc1,7.154901959985743,True,<rdkit.Chem.rdchem.Mol object at 0x735c79f592a0>,False
CHEMBL1922212,CDK2,70.0,nM,CC[C@H](Nc1nc(NCc2cccnc2)c2ncn(C(C)C)c2n1)C(C)(C)O,7.154901959985743,True,<rdkit.Chem.rdchem.Mol object at 0x735c79f58900>,False
CHEMBL3702148,CDK4,70.0,nM,c1cc2c3cnc(Nc4ccc(N5CCNC6(CCC6)C5)nn4)nc3n(C3CCCC3)c2cn1,7.154901959985743,True,<rdkit.Chem.rdchem.Mol object at 0x735c79f582e0>,False
CHEMBL5915046,CDK2,70.3,nM,CC1(C)CCc2nc3c(F)cc(-c4nc(Nc5ccc(OC6CCN(CCO)CC6)cn5)ncc4F)cc3n21,7.153044674980176,True,<rdkit.Chem.rdchem.Mol object at 0x735c79f59a10>,False
CHEMBL209280,CDK2,71.0,nM,Nc1nc(Nc2ccc(S(=O)(=O)NC(=O)CCC(=O)O)cc2)nn1C(=O)c1c(F)cccc1F,7.1487416512809245,True,<rdkit.Chem.rdchem.Mol object at 0x735c79f5a260>,False
CHEMBL3668553,CDK9,71.0,nM,COc1ccc(F)cc1-c1ccnc2[nH]c(C3=CCN([C@H]4CC[C@@H](CC(=O)O)CC4)CC3)cc12,7.1487416512809245,True,<rdkit.Chem.rdchem.Mol object at 0x735c79f5a420>,False
CHEMBL3668545,CDK9,71.0,nM,COc1ccc(F)cc1-c1ccnc2[nH]c(C3=CC4CN(C(=O)CO)CC4C3)cc12,7.1487416512809245,True,<rdkit.Chem.rdchem.Mol object at 0x735c79f58ac0>,False
CHEMBL455467,CDK1,71.0,nM,Cc1ncc(-c2ccnc(Nc3ccc(C(=O)N4CCN(C)CC4)cc3)n2)n1C(C)C,7.1487416512809245,True,<rdkit.Chem.rdchem.Mol object at 0x735c8757dcb0>,False
CHEMBL3668549,CDK9,71.0,nM,CNC(=O)N1C[C@@H]2CC(c3cc4c(-c5cc(F)ccc5OC)ccnc4[nH]3)=C[C@@H]2C1,7.1487416512809245,True,<rdkit.Chem.rdchem.Mol object at 0x735c8757dc40>,False
CHEMBL3691636,CDK4,71.0,nM,CN(C)C(=O)c1cc2cnc(Nc3ccc(N4CCN5CCCCC5C4=O)cn3)nc2n1C1CCCC1,7.1487416512809245,True,<rdkit.Chem.rdchem.Mol object at 0x735c8757dbd0>,False
CHEMBL141247,CDK6,71.0,nM,O=C(Nc1ccccn1)Nc1cccc2c1[C@H]1CCCN1C2=O,7.1487416512809245,True,<rdkit.Chem.rdchem.Mol object at 0x735c8757db60>,False
CHEMBL3298312,CDK2,71.0,nM,CC[C@@H](NC(=O)N1CCc2cnc(N[C@@H](C)CO)nc2C1)c1ccc(OC)c(Cl)c1,7.1487416512809245,True,<rdkit.Chem.rdchem.Mol object at 0x735c8757daf0>,False
CHEMBL3892177,CDK9,71.0,nM,CN1Cc2c(C3=CCN([C@H]4CC[C@@H](CC(=O)O)CC4)CC3)[nH]c3ncc(F)c(c23)-c2ccccc21,7.1487416512809245,True,<rdkit.Chem.rdchem.Mol object at 0x735c8757da80>,False
CHEMBL3641918,CDK4,71.0,nM,C[C@H]1CN(c2ccc(Nc3ncc4c5ccncc5n([C@H]5CCC[C@H]5O)c4n3)nc2)CCN1,7.1487416512809245,True,<rdkit.Chem.rdchem.Mol object at 0x735c8757d9a0>,False
CHEMBL5532052,CDK2,71.53,nM,CC[C@H](CO)Nc1nc(NCc2ccc(NC(=O)C3CCOCC3)cc2)n2ncc(C(C)C)c2n1,7.14551177495557,True,<rdkit.Chem.rdchem.Mol object at 0x735c8757d930>,False
CHEMBL82251,CDK2,72.0,nM,CCc1cc(-c2ccc[nH]2)c2c3c(ccc(F)c13)NC2=O,7.142667503568731,True,<rdkit.Chem.rdchem.Mol object at 0x735c8757d850>,False
CHEMBL1080740,CDK2,72.0,nM,Cc1n[nH]c2ccc(-c3nnc(NC[C@@H](N)Cc4ccc(Cl)cc4)s3)cc12,7.142667503568731,True,<rdkit.Chem.rdchem.Mol object at 0x735c8757d7e0>,False
CHEMBL3641982,CDK4,72.0,nM,C[C@H](O)Cn1c2cnccc2c2cnc(Nc3ccc(N4CC[C@@H](O)C4)cn3)nc21,7.142667503568731,True,<rdkit.Chem.rdchem.Mol object at 0x735c8757d700>,False
CHEMBL1087281,CDK2,72.0,nM,Cc1n[nH]c2ccc(-c3nnc(NC[C@@H](N)Cc4ccccc4)s3)cc12,7.142667503568731,True,<rdkit.Chem.rdchem.Mol object at 0x735c8757d690>,False
CHEMBL3648101,CDK1,72.0,nM,CC(O)CSc1nc(Nc2ccc(S(C)(=N)=O)cc2)ncc1Br,7.142667503568731,True,<rdkit.Chem.rdchem.Mol object at 0x735c8757d620>,False
CHEMBL3959178,CDK9,72.0,nM,CN1Cc2c(C3=C[C@H]4CC[C@@H](C3)N4CC(=O)N3CCC[C@H]3CO)[nH]c3nccc(c23)-c2cc(F)ccc21,7.142667503568731,True,<rdkit.Chem.rdchem.Mol object at 0x735c8757d5b0>,False
CHEMBL5781074,CDK2,72.1,nM,Cc1nc2c(F)cc(-c3nc(Nc4ccc5c(n4)CCNC5)ncc3F)cc2n1C1CCC1,7.142064735280571,True,<rdkit.Chem.rdchem.Mol object at 0x735c8757d4d0>,False
CHEMBL3691565,CDK4,72.5,nM,CN(C)C(=O)c1cc2cnc(Nc3ccc(C(=O)N4C5CCC4CNC5)cn3)nc2n1C1CCCC1,7.139661993429006,True,<rdkit.Chem.rdchem.Mol object at 0x735c8757d460>,False
CHEMBL5527858,CDK9,72.67,nM,CC(=O)Nc1ccc(CNc2nc(N3CCC[C@@H](O)C3)nc3c(C(C)C)cnn23)cc1,7.13864483980674,True,<rdkit.Chem.rdchem.Mol object at 0x735c8757d3f0>,False
CHEMBL3680386,CDK4,72.8,nM,C[C@H]1CC[C@H](n2c3cnccc3c3cnc(Nc4ccc5c(n4)CCN(CCF)C5)nc32)CC1,7.137868620686962,True,<rdkit.Chem.rdchem.Mol object at 0x735c8757d380>,False
CHEMBL4113920,CDK9,73.0,nM,CN1Cc2c(C3=C[C@H]4CC[C@@H](C3)N4CC(=O)N(C)C3CC(O)C3)[nH]c3nccc(c23)-c2cc(F)ccc21,7.136677139879544,True,<rdkit.Chem.rdchem.Mol object at 0x735c8757d310>,False
CHEMBL3698697,CDK6,73.0,nM,O=S1(=O)CCN(c2ccc(Nc3ncc4c5ccncc5n(C5CCCC5)c4n3)nc2)CC1,7.136677139879544,True,<rdkit.Chem.rdchem.Mol object at 0x735c8757d2a0>,False
CHEMBL3954215,CDK9,73.0,nM,CN1Cc2c(C3=CCN([C@H]4CC[C@H](CC(=O)O)CC4)CC3)[nH]c3ncc(F)c(c23)-c2ccccc21,7.136677139879544,True,<rdkit.Chem.rdchem.Mol object at 0x735c8757d1c0>,False
CHEMBL3641983,CDK4,73.0,nM,CNC1CCN(c2ccc(Nc3ncc4c5ccncc5n(C[C@@H](C)O)c4n3)nc2)CC1,7.136677139879544,True,<rdkit.Chem.rdchem.Mol object at 0x735c8757d150>,False
CHEMBL3641935,CDK4,73.0,nM,C[C@H]1CN(c2ccc(Nc3ncc4c5ccncc5n([C@@H](C)CO)c4n3)nn2)CCN1,7.136677139879544,True,<rdkit.Chem.rdchem.Mol object at 0x735c8757d0e0>,False
CHEMBL3668438,CDK9,73.0,nM,COc1ccc(F)cc1-c1ccnc2[nH]c(C3CN(Cc4ccncc4)C3)cc12,7.136677139879544,True,<rdkit.Chem.rdchem.Mol object at 0x735c8757d070>,False
CHEMBL3698680,CDK4,73.0,nM,CC(C)(CO)Cn1c2cnccc2c2cnc(Nc3ccc(N4CCNCC4)cn3)nc21,7.136677139879544,True,<rdkit.Chem.rdchem.Mol object at 0x735c8757cf90>,False
CHEMBL3702169,CDK4,73.0,nM,c1cncc(-c2ccc(Nc3ncc4c5ccncc5n(C5CCCC5)c4n3)nn2)c1,7.136677139879544,True,<rdkit.Chem.rdchem.Mol object at 0x735c8757cf20>,False
CHEMBL445340,CDK9,73.0,nM,CC(C)C1CNC(=O)c2cc(-c3ccnc(N)n3)[nH]c21,7.136677139879544,True,<rdkit.Chem.rdchem.Mol object at 0x735c8757ceb0>,False
CHEMBL526092,CDK9,73.0,nM,CCC1CNC(=O)c2cc(-c3ccnc(N)n3)[nH]c21,7.136677139879544,True,<rdkit.Chem.rdchem.Mol object at 0x735c8757ce40>,False
CHEMBL5983466,CDK2,73.1,nM,Cc1nc2c(F)cc(-c3nc(Nc4ccc5c(n4)CCN(CCN(C)CCN(C)C)C5)ncc3F)cc2n1C(C)(C)C,7.13608262304214,True,<rdkit.Chem.rdchem.Mol object at 0x735c8757cdd0>,False
CHEMBL5813772,CDK1,73.2,nM,Cc1nc2c(F)cc(-c3nc(Nc4ccc5c(n4)CCN(C)C5)ncc3F)cc2n1C(C)C,7.135488918941608,True,<rdkit.Chem.rdchem.Mol object at 0x735c8757cd60>,False
CHEMBL1081439,CDK2,74.0,nM,N[C@H](CNc1nnc(-c2ccc3[nH]ncc3c2)s1)Cc1ccc(F)cc1,7.130768280269024,True,<rdkit.Chem.rdchem.Mol object at 0x735c8757cc80>,False
CHEMBL3641909,CDK4,74.0,nM,CN(C)C1CCN(c2ccc(Nc3ncc4c5ccncc5n(CCCO)c4n3)nc2)CC1,7.130768280269024,True,<rdkit.Chem.rdchem.Mol object at 0x735c8757cc10>,False
CHEMBL538195,CDK2,74.0,nM,Cn1nc(C(=O)NCCO)c2c1-c1nc(Nc3ccccc3)ncc1CC2,7.130768280269024,True,<rdkit.Chem.rdchem.Mol object at 0x735c8757cba0>,False
CHEMBL3668381,CDK9,74.0,nM,COc1ccc(F)cc1-c1ccnc2[nH]c(C3CCN(C(C)=O)C3)cc12,7.130768280269024,True,<rdkit.Chem.rdchem.Mol object at 0x735c8757cb30>,False
CHEMBL3691600,CDK4,74.0,nM,CN(C)C(=O)c1cc2cnc(Nc3ccc(C(=O)N4CC5CCC(C4)N5)cn3)nc2n1C(C)(C)C,7.130768280269024,True,<rdkit.Chem.rdchem.Mol object at 0x735c8757cac0>,False
CHEMBL5994825,CDK9,74.0,nM,O=C(Nc1cc(-c2ccc3ncn(Cc4cccc(F)c4)c3c2)c(Cl)cn1)c1cn[nH]c1,7.130768280269024,True,<rdkit.Chem.rdchem.Mol object at 0x735c8757ca50>,False
CHEMBL324577,CDK2,74.0,nM,NC(=O)c1ccc(CC(=O)Nc2cc(C3CC3)[nH]n2)cc1,7.130768280269024,True,<rdkit.Chem.rdchem.Mol object at 0x735c8757c9e0>,False
CHEMBL5881472,CDK4,74.9,nM,Cc1nc2c(C(F)(F)F)cc(-c3nc(Nc4ccc5c(n4)CCNC5)ncc3F)cc2n1C(C)C,7.125518182300533,True,<rdkit.Chem.rdchem.Mol object at 0x735c8757c890>,False
CHEMBL3641981,CDK4,75.0,nM,C[C@H](O)Cn1c2cnccc2c2cnc(Nc3ccc(N4CCN[C@@H](C)C4)cn3)nc21,7.1249387366083,True,<rdkit.Chem.rdchem.Mol object at 0x735c8757c740>,False
CHEMBL3648091,CDK1,75.0,nM,CCOC(=O)N=S(C)(=O)c1ccc(Nc2ncc(Br)c(N[C@H](C)[C@H](C)O)n2)cc1C,7.1249387366083,True,<rdkit.Chem.rdchem.Mol object at 0x735c8757c6d0>,False
CHEMBL392776,CDK2,75.0,nM,Cc1cc(N2CCCS2(=O)=O)c2oc(-c3ccc(O)c(Br)c3)c(O)c(=O)c2c1,7.1249387366083,True,<rdkit.Chem.rdchem.Mol object at 0x735c8757c5f0>,False
CHEMBL2180862,CDK1,75.0,nM,O=C(Nc1ccccn1)Nc1cccc2c1C1CCCCN1C2=O,7.1249387366083,True,<rdkit.Chem.rdchem.Mol object at 0x735c8757c580>,False
CHEMBL3918837,CDK9,75.0,nM,CN1Cc2c(C3=CCN([C@H]4CC[C@H](C(=O)O)CC4)CC3)[nH]c3ncc(F)c(c23)-c2cc(F)ccc21,7.1249387366083,True,<rdkit.Chem.rdchem.Mol object at 0x735c8757c510>,False
CHEMBL3668398,CDK9,75.0,nM,COc1ccc(F)cc1-c1ccnc2[nH]c(C3(O)CCNCC3)cc12,7.1249387366083,True,<rdkit.Chem.rdchem.Mol object at 0x735c8757c4a0>,False
CHEMBL3691574,CDK4,75.0,nM,CN(C)C(=O)c1cc2cnc(Nc3ccc(C(=O)N4C[C@@H]5C[C@H]4C[C@H]5O)cn3)nc2n1C1CCCC1,7.1249387366083,True,<rdkit.Chem.rdchem.Mol object at 0x735c8757c430>,False
CHEMBL3691606,CDK4,76.0,nM,CN(C)C(=O)c1cc2cnc(Nc3ccc(C(=O)N4CC5CCC(C4)N5)cn3)nc2n1C1CCCOC1,7.119186407719209,True,<rdkit.Chem.rdchem.Mol object at 0x735c8757c270>,False
CHEMBL3891658,CDK9,76.0,nM,CN1Cc2c(C3=CCN(C4CC(C(=O)O)C4)CC3)[nH]c3ncc(F)c(c23)-c2cc(F)ccc21,7.119186407719209,True,<rdkit.Chem.rdchem.Mol object at 0x735c8757c200>,False
CHEMBL3668443,CDK9,76.0,nM,COc1ccc(F)cc1-c1ccnc2[nH]c(C3CN(CCO)C3)cc12,7.119186407719209,True,<rdkit.Chem.rdchem.Mol object at 0x735c8757c190>,False
CHEMBL3691618,CDK4,76.0,nM,CN(C)C(=O)c1cc2cnc(Nc3ccc(N4CC5CCC(CC4=O)N5)nn3)nc2n1C1CCCC1,7.119186407719209,True,<rdkit.Chem.rdchem.Mol object at 0x735c8757c120>,False
CHEMBL3702242,CDK6,77.0,nM,CC[C@@H](C)n1c2cnccc2c2cnc(Nc3ccc(N4CCNC(C)(C)C4)cn3)nc21,7.113509274827518,True,<rdkit.Chem.rdchem.Mol object at 0x735c8757c0b0>,False
CHEMBL3641979,CDK4,77.0,nM,C[C@H](O)Cn1c2cnccc2c2cnc(Nc3ccc(N4CCNCC4)cn3)nc21,7.113509274827518,True,<rdkit.Chem.rdchem.Mol object at 0x735c8757dd90>,False
CHEMBL310755,CDK2,77.0,nM,CCOc1cc(-c2ccc[nH]2)c2c3c(ccc(F)c13)NC2=O,7.113509274827518,True,<rdkit.Chem.rdchem.Mol object at 0x735c8757de00>,False
CHEMBL3668519,CDK9,77.0,nM,COc1ccc(F)cc1-c1ccnc2[nH]c(C3CCN(CC(=O)N4CC(O)C4)CC3)cc12,7.113509274827518,True,<rdkit.Chem.rdchem.Mol object at 0x735c8757de70>,False
CHEMBL5949131,CDK6,77.0,nM,CC(C)N1CCOc2c(F)cc(-c3nc(Nc4cccc(S(N)(=O)=O)c4)ncc3F)cc21,7.113509274827518,True,<rdkit.Chem.rdchem.Mol object at 0x735c8757dee0>,False
CHEMBL194495,CDK1,77.0,nM,CCOc1nc(Nc2ccc3[nH]cnc3c2)ncc1C(F)(F)F,7.113509274827518,True,<rdkit.Chem.rdchem.Mol object at 0x735c8757df50>,False
CHEMBL3663765,CDK9,77.0,nM,COc1ccc(Cl)cc1-c1ccnc2[nH]c(C3CCNCC3)cc12,7.113509274827518,True,<rdkit.Chem.rdchem.Mol object at 0x735c8757e0a0>,False
CHEMBL3668546,CDK9,77.0,nM,COc1ccc(F)cc1-c1ccnc2[nH]c(C3=CC4CN(C(=O)CC#N)CC4C3)cc12,7.113509274827518,True,<rdkit.Chem.rdchem.Mol object at 0x735c8757e110>,False
CHEMBL3691582,CDK4,77.0,nM,CN1CC2(C)CN(C(=O)c3ccc(Nc4ncc5cc(C(=O)N(C)C)n(C6CCCC6)c5n4)nc3)CC(C)(C1)C2O,7.113509274827518,True,<rdkit.Chem.rdchem.Mol object at 0x735c8757e180>,False
CHEMBL5559108,CDK9,77.01,nM,CC[C@H](CO)Nc1nc(NCc2ccc(NC(=O)C3(F)CC3)cc2)n2ncc(C(C)C)c2n1,7.113452876608895,True,<rdkit.Chem.rdchem.Mol object at 0x735c8757e1f0>,False
CHEMBL3648091,CDK2,78.0,nM,CCOC(=O)N=S(C)(=O)c1ccc(Nc2ncc(Br)c(N[C@H](C)[C@H](C)O)n2)cc1C,7.107905397309519,True,<rdkit.Chem.rdchem.Mol object at 0x735c8757e2d0>,False
CHEMBL5778396,CDK1,78.0,nM,CN1CCN(S(=O)(=O)c2ccc(Nc3ncc4cc5n(c4n3)C3(CCCCC3)C(=O)NC5O)cc2)CC1,7.107905397309519,True,<rdkit.Chem.rdchem.Mol object at 0x735c8757e340>,False
CHEMBL3974363,CDK9,78.0,nM,CN1CCc2c(C3=CCN(S(C)(=O)=O)CC3)[nH]c3nccc(c23)-c2cc(F)ccc21,7.107905397309519,True,<rdkit.Chem.rdchem.Mol object at 0x735c8757e3b0>,False
CHEMBL5887794,CDK9,78.0,nM,CC(CCN)Nc1cc(-c2ccc3ncn(Cc4cccc(F)c4)c3c2)c(Cl)cn1,7.107905397309519,True,<rdkit.Chem.rdchem.Mol object at 0x735c8757e420>,False
CHEMBL3668555,CDK9,78.0,nM,COc1ccc(F)cc1-c1c(C#N)cnc2[nH]c(C3CCN(CC(=O)N4CCC[C@H]4CO)CC3)cc12,7.107905397309519,True,<rdkit.Chem.rdchem.Mol object at 0x735c8757e490>,False
CHEMBL3668449,CDK9,78.0,nM,CN1CCC(c2cc3c(-c4nc(NCc5nnc[nH]5)ccc4Cl)ccnc3[nH]2)CC1,7.107905397309519,True,<rdkit.Chem.rdchem.Mol object at 0x735c8757e500>,False
CHEMBL3668539,CDK9,78.0,nM,COCCS(=O)(=O)N1CC2C=C(c3cc4c(-c5cc(F)ccc5OC)ccnc4[nH]3)CC2C1,7.107905397309519,True,<rdkit.Chem.rdchem.Mol object at 0x735c8757e570>,False
CHEMBL5971879,CDK1,78.9,nM,Cc1nc2c(F)cc(-c3nc(Nc4ccc5c(n4)CCN[C@H]5C)ncc3F)cc2n1C(C)(C)C,7.102922996790579,True,<rdkit.Chem.rdchem.Mol object at 0x735c8757e6c0>,False
CHEMBL3899072,CDK9,79.0,nM,CN1Cc2c(C3=CCN(CC(=O)N4CC(O)C4)CC3)[nH]c3ncc(F)c(c23)-c2cc(F)ccc21,7.102372908709558,True,<rdkit.Chem.rdchem.Mol object at 0x735c8757e730>,False
CHEMBL1081438,CDK2,79.0,nM,N[C@H](CNc1nnc(-c2ccc3[nH]nc(-c4ccccc4)c3c2)s1)Cc1cccc(C(F)(F)F)c1,7.102372908709558,True,<rdkit.Chem.rdchem.Mol object at 0x735c8757e7a0>,False
CHEMBL3966523,CDK9,79.0,nM,CN1Cc2c(C3=CCN(C4CC(CC(=O)O)C4)CC3)[nH]c3ncc(F)c(c23)-c2cc(F)ccc21,7.102372908709558,True,<rdkit.Chem.rdchem.Mol object at 0x735c8757e810>,False
CHEMBL3991935,CDK1,79.0,nM,CN1CC[C@@H](c2c(O)cc(O)c3c(=O)cc(-c4ccccc4Cl)oc23)[C@@H]1CO.Cl,7.102372908709558,True,<rdkit.Chem.rdchem.Mol object at 0x735c8757e880>,False
CHEMBL3969723,CDK1,79.0,nM,CN1CC[C@@H](c2c(O)cc(O)c3c(=O)cc(-c4ccccc4Cl)oc23)[C@@H]1CO,7.102372908709558,True,<rdkit.Chem.rdchem.Mol object at 0x735c8757e960>,False
CHEMBL5888788,CDK2,79.4,nM,Cc1nc2c(F)cc(-c3nc(Nc4ccc5c(n4)CCN(C(=O)CN(C)C)C5)ncc3F)cc2n1CC1CC1,7.100179497572904,True,<rdkit.Chem.rdchem.Mol object at 0x735c8757e9d0>,False
CHEMBL6147673,CDK2,79.4,nM,CN1CCC(c2cc3c(-c4cnn(CC5CC5)c4)c(Cl)cnc3[nH]2)CC1,7.100179497572904,True,<rdkit.Chem.rdchem.Mol object at 0x735c8757ea40>,False
CHEMBL4756594,CDK9,79.8,nM,CC(C)N1c2cc(Nc3nccc(-c4cccc5cnccc45)n3)ccc2N(C)C(=O)[C@H]1C,7.09799710864927,True,<rdkit.Chem.rdchem.Mol object at 0x735c8757eab0>,False
CHEMBL5817708,CDK2,79.9,nM,CC1(C)CCc2nc3c(F)cc(-c4nc(Nc5ccc(CN6CCN(C(=O)CO)CC6)cn5)ncc4F)cc3n21,7.097453220686009,True,<rdkit.Chem.rdchem.Mol object at 0x735c8757eb20>,False
CHEMBL428690,CDK6,80.0,nM,CN1CC[C@H](c2c(O)cc(O)c3c(=O)cc(-c4ccccc4Cl)oc23)[C@H](O)C1,7.096910013008056,True,<rdkit.Chem.rdchem.Mol object at 0x735c8757eb90>,False
CHEMBL3668508,CDK9,80.0,nM,COc1ccc(F)cc1-c1ccnc2[nH]c(C3=CCC(N[C@@H](C(=O)O)C(C)C)CC3)cc12,7.096910013008056,True,<rdkit.Chem.rdchem.Mol object at 0x735c8757ec00>,False
CHEMBL3668479,CDK9,80.0,nM,Clc1ccc(OCc2cccnc2)nc1-c1ccnc2[nH]c(C3CCCNC3)cc12,7.096910013008056,True,<rdkit.Chem.rdchem.Mol object at 0x735c8757ec70>,False
CHEMBL525194,CDK4,80.0,nM,c1cnn2ncc(-c3ccnc(NC4CC4)n3)c2c1,7.096910013008056,True,<rdkit.Chem.rdchem.Mol object at 0x735c8757ece0>,False
CHEMBL3641910,CDK4,80.0,nM,C[C@H]1CN(c2ccc(Nc3ncc4c5ccncc5n(CCCO)c4n3)nc2)CCN1,7.096910013008056,True,<rdkit.Chem.rdchem.Mol object at 0x735c8757ed50>,False
CHEMBL3354188,CDK2,80.0,nM,COC1CCN(c2nccc(Nc3cc4c(ccn4C(C)C)cn3)n2)CC1,7.096910013008056,True,<rdkit.Chem.rdchem.Mol object at 0x735c8757edc0>,False
CHEMBL366734,CDK1,80.0,nM,CCn1cnc2c(Nc3cccc(Cl)c3)nc(N3CCC[C@@H]3CO)nc21,7.096910013008056,True,<rdkit.Chem.rdchem.Mol object at 0x735c8757ee30>,False
CHEMBL3655765,CDK9,80.0,nM,CC[C@H](Nc1nc(NCc2cccc(F)c2)c2ncn(C(C)C)c2n1)[C@@H](C)O,7.096910013008056,True,<rdkit.Chem.rdchem.Mol object at 0x735c8757eea0>,False
CHEMBL255255,CDK1,80.0,nM,O=C(Cc1ccccc1)Nc1n[nH]c2ccc(N3CCCS3(=O)=O)cc12,7.096910013008056,True,<rdkit.Chem.rdchem.Mol object at 0x735c8757ef10>,False
CHEMBL6142455,CDK1,80.0,nM,Cc1ccc(O)c(C)c1-n1c(N)c(C(N)=O)c2c(=O)n(CC(F)F)c(C)nc21,7.096910013008056,True,<rdkit.Chem.rdchem.Mol object at 0x735c8757eff0>,False
CHEMBL255463,CDK1,80.0,nM,O=C(Cc1ccccc1Cl)Nc1n[nH]c2ccc(N3CCCS3(=O)=O)cc12,7.096910013008056,True,<rdkit.Chem.rdchem.Mol object at 0x735c8757f060>,False
CHEMBL141247,CDK2,80.0,nM,O=C(Nc1ccccn1)Nc1cccc2c1[C@H]1CCCN1C2=O,7.096910013008056,True,<rdkit.Chem.rdchem.Mol object at 0x735c8757f140>,False
CHEMBL3961156,CDK9,80.0,nM,CN1Cc2c(C3=CCN([C@H]4CC[C@@H](C(=O)O)CC4)CC3)[nH]c3ncc(F)c(c23)-c2ccccc21,7.096910013008056,True,<rdkit.Chem.rdchem.Mol object at 0x735c8757f1b0>,False
CHEMBL6038376,CDK9,80.0,nM,O=C(Nc1cc(-c2ccc3ncn(CCc4cccnc4)c3c2)c(Cl)cn1)[C@@H]1CCCNC1,7.096910013008056,True,<rdkit.Chem.rdchem.Mol object at 0x735c8757f220>,False
CHEMBL173647,CDK1,80.0,nM,CCn1cnc2c(Nc3cccc(Cl)c3)nc(NCCN)nc21,7.096910013008056,True,<rdkit.Chem.rdchem.Mol object at 0x735c8757f290>,False
CHEMBL3641978,CDK4,80.0,nM,OCCn1c2cnccc2c2cnc(Nc3ccc(N4CCNCC4)nn3)nc21,7.096910013008056,True,<rdkit.Chem.rdchem.Mol object at 0x735c8757f300>,False
CHEMBL3976153,CDK9,80.0,nM,COCCS(=O)(=O)N1CC2C=C(c3[nH]c4nccc5c4c3CN(C)c3ccc(F)cc3-5)CC2C1,7.096910013008056,True,<rdkit.Chem.rdchem.Mol object at 0x735c8757f370>,False
CHEMBL129396,CDK1,80.0,nM,CCc1cnc(CSc2cnc(NC(=O)Cc3cccnc3)s2)o1,7.096910013008056,True,<rdkit.Chem.rdchem.Mol object at 0x735c8757f3e0>,False
CHEMBL380500,CDK2,80.0,nM,Nc1nccc(-c2c3c(O)ccnc3n3c(N)nccc23)n1,7.096910013008056,True,<rdkit.Chem.rdchem.Mol object at 0x735c8757f450>,False
CHEMBL5765752,CDK9,80.4,nM,Cc1nc2c(F)cc(-c3nc(Nc4ccc5c(n4)CCN(C(=O)CCN(C)C)C5)ncc3F)cc2n1C1CCC1,7.094743951251549,True,<rdkit.Chem.rdchem.Mol object at 0x735c8757f4c0>,False
CHEMBL5883845,CDK9,80.4,nM,Cc1nc2c(F)cc(-c3nc(Nc4ccc5c(n4)CCN(C(=O)CN(C)C)C5)ncc3F)cc2n1C1CCC1,7.094743951251549,True,<rdkit.Chem.rdchem.Mol object at 0x735c8757f530>,False
CHEMBL559639,CDK2,81.0,nM,Cn1nc(C(=O)NC2CC2)c2c1-c1nc(Nc3ccccc3)ncc1CC2,7.091514981121351,True,<rdkit.Chem.rdchem.Mol object at 0x735c8757f5a0>,False
CHEMBL507142,CDK2,81.0,nM,CNC(=O)c1ccc(Nc2nccc(-c3cnc(C4CC4)n3C(C)C)n2)cc1,7.091514981121351,True,<rdkit.Chem.rdchem.Mol object at 0x735c8757f610>,False
CHEMBL3668538,CDK9,81.0,nM,COc1ccc(F)cc1-c1ccnc2[nH]c(C3=CCN(CC(=O)N(C)C)C(C)(C)C3)cc12,7.091514981121351,True,<rdkit.Chem.rdchem.Mol object at 0x735c8757f680>,False
CHEMBL3673536,CDK9,81.0,nM,O=C(CO)N1CCC(c2cc3c(-c4cncc(NCc5cccnc5)n4)ccnc3[nH]2)CC1,7.091514981121351,True,<rdkit.Chem.rdchem.Mol object at 0x735c8757f760>,False
CHEMBL6042424,CDK9,81.0,nM,CN1CC(C(=O)Nc2cc(-c3ccc4ncn(Cc5cccc(F)c5)c4c3)c(Cl)cn2)C1,7.091514981121351,True,<rdkit.Chem.rdchem.Mol object at 0x735c8757f7d0>,False
CHEMBL5993141,CDK9,81.0,nM,CS(=O)(=O)N1CC2(C1)C(C(=O)Nc1cc(-c3ccc4ncn(Cc5cccc(F)c5)c4c3)c(Cl)cn1)CCS2(=O)=O,7.091514981121351,True,<rdkit.Chem.rdchem.Mol object at 0x735c8757f840>,False
CHEMBL3663788,CDK9,81.0,nM,Clc1ccc(NCC2CCOCC2)nc1-c1ccnc2[nH]c(C3CCNCC3)cc12,7.091514981121351,True,<rdkit.Chem.rdchem.Mol object at 0x735c8757f8b0>,False
CHEMBL4851229,CDK9,81.0,nM,COc1ccc(F)cc1-c1c(F)cnc2[nH]c(C3=CCN([C@H]4CC[C@@H](C(=O)O)CC4)CC3)cc12,7.091514981121351,True,<rdkit.Chem.rdchem.Mol object at 0x735c8757f920>,False
CHEMBL4752747,CDK9,81.6,nM,CC(C)N1c2cc(Nc3nccc(-c4cccc5ncccc45)n3)ccc2N(C)C(=O)[C@H]1C,7.088309841246139,True,<rdkit.Chem.rdchem.Mol object at 0x735c8757f990>,False
CHEMBL5505838,CDK2,81.98,nM,CC(=O)Nc1ccc(CNc2nc(N3CCC[C@@H]3CO)nc3c(C(C)C)cnn23)cc1,7.086292086019517,True,<rdkit.Chem.rdchem.Mol object at 0x735c8757fa00>,False
CHEMBL3668535,CDK9,82.0,nM,COc1ccc(F)cc1-c1ccnc2[nH]c(C3=CCN(CC(=O)N(C)C)[C@@H](CO)C3)cc12,7.086186147616283,True,<rdkit.Chem.rdchem.Mol object at 0x735c8757fae0>,False
CHEMBL3975804,CDK9,82.0,nM,CN1Cc2c(C3=CCN([C@H]4CC[C@H](CC(=O)O)CC4)CC3)[nH]c3nccc(c23)-c2cc(F)c(F)cc21,7.086186147616283,True,<rdkit.Chem.rdchem.Mol object at 0x735c8757fb50>,False
CHEMBL6000324,CDK9,82.0,nM,O=C(Nc1cc(-c2ccc3c(c2)ncn3Cc2cscn2)c(Cl)cn1)[C@@H]1CCCNC1,7.086186147616283,True,<rdkit.Chem.rdchem.Mol object at 0x735c8757fbc0>,False
CHEMBL6023247,CDK9,82.0,nM,CC(C)(CN)CNc1cc(-c2ccc3ncn(Cc4cccc(F)c4)c3c2)c(Cl)cn1,7.086186147616283,True,<rdkit.Chem.rdchem.Mol object at 0x735c8757fca0>,False
CHEMBL5774515,CDK9,82.0,nM,Cc1nc2c(F)cc(-c3nc(Nc4ccc5c(n4)CCN(C(=O)OCCN(C)C)C5)ncc3F)cc2n1C1CC1,7.086186147616283,True,<rdkit.Chem.rdchem.Mol object at 0x735c8757fd10>,False
CHEMBL3668523,CDK9,82.0,nM,COc1ccccc1-c1ccnc2[nH]c(C3CCN(CC(=O)N(C)C)CC3)cc12,7.086186147616283,True,<rdkit.Chem.rdchem.Mol object at 0x735c8757fd80>,False
CHEMBL5888788,CDK9,82.1,nM,Cc1nc2c(F)cc(-c3nc(Nc4ccc5c(n4)CCN(C(=O)CN(C)C)C5)ncc3F)cc2n1CC1CC1,7.085656842880559,True,<rdkit.Chem.rdchem.Mol object at 0x735c8757fdf0>,False
CHEMBL3668562,CDK9,83.0,nM,COc1ccc(F)cc1-c1c(F)cnc2[nH]c(C3=CCN(CC(=O)N4CCC(O)CC4)CC3)cc12,7.080921907623926,True,<rdkit.Chem.rdchem.Mol object at 0x735c8757fe60>,False
CHEMBL4855780,CDK9,83.0,nM,COc1ccc(F)cc1-c1ccnc2[nH]c(C3=CCN([C@H]4CC[C@H](C(=O)O)CC4)CC3)cc12,7.080921907623926,True,<rdkit.Chem.rdchem.Mol object at 0x735c8757fed0>,False
CHEMBL483590,CDK2,83.0,nM,COCCN(C)S(=O)(=O)c1ccc(Nc2nccc(-c3cnc(C)n3C3CC3)n2)cc1,7.080921907623926,True,<rdkit.Chem.rdchem.Mol object at 0x735c7905fed0>,False
CHEMBL3673490,CDK9,83.0,nM,COc1ccc(F)cc1-c1ccnc2[nH]c(C3=CCN(CC(=O)N4CC(O)C4)C(C)(C)C3)cc12,7.080921907623926,True,<rdkit.Chem.rdchem.Mol object at 0x735c7905fe60>,False
CHEMBL323392,CDK2,83.0,nM,O=C(Nc1cc(C2CC2)[nH]n1)c1ccc(Cl)c(Cl)c1,7.080921907623926,True,<rdkit.Chem.rdchem.Mol object at 0x735c7905fd80>,False
CHEMBL5967608,CDK9,83.0,nM,O=C(Nc1cc(-c2ccc3ncn(CC4CCOCC4)c3c2)ccn1)[C@@H]1CCCNC1,7.080921907623926,True,<rdkit.Chem.rdchem.Mol object at 0x735c7905fd10>,False
CHEMBL3950866,CDK9,83.0,nM,CNC(=O)N1C2C=C(c3[nH]c4nccc5c4c3CN(C)c3ccc(F)cc3-5)CC1CCC2,7.080921907623926,True,<rdkit.Chem.rdchem.Mol object at 0x735c7905fca0>,False
CHEMBL6147667,CDK6,83.0,nM,CN1CCN(c2ccc(Nc3ncc(F)c(-c4ccc5c(c4)OC4(CCN(S(C)(=O)=O)CC4)CC5=O)n3)nc2)CC1,7.080921907623926,True,<rdkit.Chem.rdchem.Mol object at 0x735c7905fc30>,False
CHEMBL550964,CDK2,83.0,nM,CNC(=O)c1nn(C)c2c1C(C)(C)Cc1cnc(Nc3cccc(CN(C)C)c3)nc1-2,7.080921907623926,True,<rdkit.Chem.rdchem.Mol object at 0x735c7905fbc0>,False
CHEMBL5279564,CDK2,83.0,nM,CN(C)CC(=O)Nc1cc(Nc2ncc(F)c(Nc3c(F)cccc3F)n2)ccc1F,7.080921907623926,True,<rdkit.Chem.rdchem.Mol object at 0x735c7905fb50>,False
CHEMBL5417371,CDK1,83.06,nM,COc1ccc(C(=O)N2CCN(c3nnc(Cc4ccccc4)c4ccccc34)CC2)cc1,7.0806080732261405,True,<rdkit.Chem.rdchem.Mol object at 0x735c7905fae0>,False
CHEMBL5417190,CDK1,83.23,nM,COc1ccc(Cc2nnc(N3CCN(C(=O)Nc4ccccc4)CC3)c3ccccc23)cc1,7.079720105367052,True,<rdkit.Chem.rdchem.Mol object at 0x735c7905fa70>,False
CHEMBL5908734,CDK1,83.4,nM,Cc1nc2c(F)cc(-c3nc(Nc4ccc5c(n4)CCN(CCO)C5)ncc3F)cc2n1C(C)C,7.078833949362261,True,<rdkit.Chem.rdchem.Mol object at 0x735c7905f990>,False
CHEMBL3673550,CDK9,84.0,nM,CNC(=O)C1CC=C(c2cc3c(-c4cncc(OCc5cccc(F)c5)n4)ccnc3[nH]2)CC1,7.075720713938118,True,<rdkit.Chem.rdchem.Mol object at 0x735c7905f920>,False
CHEMBL5181709,CDK2,84.0,nM,Cc1nc2ccc(-c3ccnc4[nH]c(C5CCN(CC(=O)N(C)C)CC5)cc34)cc2n1C(C)C,7.075720713938118,True,<rdkit.Chem.rdchem.Mol object at 0x735c7905f8b0>,False
CHEMBL3668492,CDK9,84.0,nM,CNC(=O)N1CC=C(c2cc3c(-c4cccc(F)c4F)ccnc3[nH]2)CC1,7.075720713938118,True,<rdkit.Chem.rdchem.Mol object at 0x735c7905f840>,False
CHEMBL366230,CDK2,84.0,nM,C[C@H](C(=O)Nc1cc(C2CC2)[nH]n1)c1ccccc1,7.075720713938118,True,<rdkit.Chem.rdchem.Mol object at 0x735c7905f610>,False
CHEMBL5173492,CDK9,84.0,nM,COc1cc(F)ccc1-c1ccnc2[nH]c(C3CCN(C(C)=O)CC3)cc12,7.075720713938118,True,<rdkit.Chem.rdchem.Mol object at 0x735c7905f5a0>,False
CHEMBL6033665,CDK6,84.2,nM,Cc1nc2c(F)cc(-c3nc(Nc4ccc5c(n4)CCNC5)ncc3F)cc2n1C,7.074687908500351,True,<rdkit.Chem.rdchem.Mol object at 0x735c7905f530>,False
CHEMBL6019056,CDK2,84.3,nM,CNC1CC(C(=O)N2CCc3nc(Nc4ncc(F)c(-c5cc(F)c6nc(C)n(C(C)C)c6c5)n4)ccc3C2)C1,7.074172425375258,True,<rdkit.Chem.rdchem.Mol object at 0x735c7905f4c0>,False
CHEMBL115264,CDK2,85.0,nM,O=C(Nc1cc(C2CC2)[nH]n1)c1ccc(Cl)cc1,7.070581074285707,True,<rdkit.Chem.rdchem.Mol object at 0x735c7905f220>,False
CHEMBL435330,CDK1,85.0,nM,CCn1cnc2c(Nc3cccc(C#N)c3)nc(N[C@H]3CC[C@H](N)CC3)nc21,7.070581074285707,True,<rdkit.Chem.rdchem.Mol object at 0x735c7905f140>,False
CHEMBL3898182,CDK9,85.0,nM,CN1Cc2c(C3=CCN(S(C)(=O)=O)CC3)[nH]c3nccc(c23)-c2ccccc21,7.070581074285707,True,<rdkit.Chem.rdchem.Mol object at 0x735c7905f0d0>,False
CHEMBL3702190,CDK6,85.0,nM,CN(C)CCCN(C)c1ccc(Nc2ncc3c4ccncc4n(C4CCCC4)c3n2)nn1,7.070581074285707,True,<rdkit.Chem.rdchem.Mol object at 0x735c7905eff0>,False
CHEMBL3668531,CDK9,85.0,nM,CNC(=O)N1CC=C(c2[nH]c3ncc(F)c(-c4cc(F)ccc4OC)c3c2C#N)CC1,7.070581074285707,True,<rdkit.Chem.rdchem.Mol object at 0x735c7905ef80>,False
CHEMBL3641936,CDK4,85.0,nM,C[C@@H](CO)n1c2cnccc2c2cnc(Nc3ccc(N4CCNC(C)(C)C4)cn3)nc21,7.070581074285707,True,<rdkit.Chem.rdchem.Mol object at 0x735c7905ef10>,False
CHEMBL5077663,CDK6,85.0,nM,Fc1cnc(Nc2ccc(N3CCNCC3)cn2)nc1-c1ccc2ncc(N3CCOCC3)nc2c1,7.070581074285707,True,<rdkit.Chem.rdchem.Mol object at 0x735c7905eea0>,False
CHEMBL3668524,CDK9,85.0,nM,COc1ccc(F)cc1-c1ccnc2[nH]c(C3=C[C@H](C)N(S(C)(=O)=O)CC3)cc12,7.070581074285707,True,<rdkit.Chem.rdchem.Mol object at 0x735c7905ee30>,False
CHEMBL3641932,CDK4,86.0,nM,C[C@@H](CO)n1c2cnccc2c2cnc(Nc3ccc(N4CC[C@@H](O)C4)nn3)nc21,7.0655015487564325,True,<rdkit.Chem.rdchem.Mol object at 0x735c7905ed50>,False
CHEMBL3969174,CDK9,86.0,nM,CN1Cc2c(C3=CCC(NCC(=O)O)CC3)[nH]c3nccc(c23)-c2cc(F)ccc21,7.0655015487564325,True,<rdkit.Chem.rdchem.Mol object at 0x735c7905ece0>,False
CHEMBL3668430,CDK9,86.0,nM,CN1CCC(c2cc3c(-c4cccc(NCc5ccc6cc[nH]c6c5)n4)ccnc3[nH]2)CC1,7.0655015487564325,True,<rdkit.Chem.rdchem.Mol object at 0x735c7905ec70>,False
CHEMBL4865444,CDK9,86.0,nM,COc1ccc(F)cc1-c1ccnc2[nH]c(C3=CCC(N4CCC(CC(=O)O)CC4)CC3)cc12,7.0655015487564325,True,<rdkit.Chem.rdchem.Mol object at 0x735c7905ec00>,False
CHEMBL3946675,CDK2,86.0,nM,COc1cc(F)ccc1-c1nc(Nc2cc(Br)cc(CS(C)(=N)=O)c2)ncc1F,7.0655015487564325,True,<rdkit.Chem.rdchem.Mol object at 0x735c7905eb90>,False
CHEMBL3668543,CDK9,86.0,nM,COc1ccc(F)cc1-c1c(C#N)cnc2[nH]c(C3=CC4CN(CC(=O)N(C)C)CC4C3)cc12,7.0655015487564325,True,<rdkit.Chem.rdchem.Mol object at 0x735c7905eb20>,False
CHEMBL3982110,CDK9,86.0,nM,CN1Cc2c(C3=CCN(CC(=O)N4CCC[C@H]4CO)CC3)[nH]c3ncc(F)c(c23)-c2cc(F)ccc21,7.0655015487564325,True,<rdkit.Chem.rdchem.Mol object at 0x735c7905eab0>,False
CHEMBL3907123,CDK9,86.0,nM,CN(CCO)C(=O)CN1C2C=C(c3[nH]c4nccc5c4c3CN(C)c3ccc(F)cc3-5)CC1CCC2,7.0655015487564325,True,<rdkit.Chem.rdchem.Mol object at 0x735c7905ea40>,False
CHEMBL5784667,CDK1,86.7,nM,Cc1nc2c(F)cc(-c3nc(Nc4ccc5c(n4)CCN(C(=O)C(C)N(C)C)C5)ncc3F)cc2n1C(C)C,7.061980902523789,True,<rdkit.Chem.rdchem.Mol object at 0x735c7905e9d0>,False
CHEMBL6013151,CDK9,87.0,nM,Fc1cccc(Cn2cnc3ccc(-c4cc(NCCc5ccccn5)ncc4Cl)cc32)c1,7.060480747381382,True,<rdkit.Chem.rdchem.Mol object at 0x735c7905e960>,False
CHEMBL3663789,CDK9,87.0,nM,Clc1ccc(NCC2CCCOC2)nc1-c1ccnc2[nH]c(C3CCNCC3)cc12,7.060480747381382,True,<rdkit.Chem.rdchem.Mol object at 0x735c7905e880>,False
CHEMBL6166275,CDK1,87.0,nM,Cc1ccc(O)c(C)c1-n1c(N)c(C(N)=O)c2c(=O)n(C)c(C)nc21,7.060480747381382,True,<rdkit.Chem.rdchem.Mol object at 0x735c7905e7a0>,False
CHEMBL5397283,CDK2,87.0,nM,N#Cc1ccc2c(CCNc3ccc(S(F)(F)(F)(F)F)cc3C(=O)O)c[nH]c2c1,7.060480747381382,True,<rdkit.Chem.rdchem.Mol object at 0x735c7905e730>,False
CHEMBL3673551,CDK9,87.0,nM,NC(=O)C1CC=C(c2cc3c(-c4cncc(OCc5cccc(F)c5)n4)ccnc3[nH]2)CC1,7.060480747381382,True,<rdkit.Chem.rdchem.Mol object at 0x735c7905e6c0>,False
CHEMBL3702242,CDK4,87.0,nM,CC[C@@H](C)n1c2cnccc2c2cnc(Nc3ccc(N4CCNC(C)(C)C4)cn3)nc21,7.060480747381382,True,<rdkit.Chem.rdchem.Mol object at 0x735c7905e5e0>,False
CHEMBL3668542,CDK9,87.0,nM,COc1ccc(F)cc1-c1c(C#N)cnc2[nH]c(C3=CC4CN(S(C)(=O)=O)CC4C3)cc12,7.060480747381382,True,<rdkit.Chem.rdchem.Mol object at 0x735c7905e500>,False
CHEMBL5746003,CDK9,87.0,nM,O=C(Nc1cc(-c2ccc3ncn(CC4CCS(=O)(=O)CC4)c3c2)c(Cl)cn1)[C@@H]1CCCNC1,7.060480747381382,True,<rdkit.Chem.rdchem.Mol object at 0x735c7905e490>,False
CHEMBL5830076,CDK1,87.4,nM,Cc1nc2c(F)cc(-c3nc(Nc4ccc5c(n4)CCN(C(=O)CCN(C)C)C5)ncc3F)cc2n1C(C)(C)C,7.058488567365597,True,<rdkit.Chem.rdchem.Mol object at 0x735c7905e420>,False
CHEMBL5873158,CDK1,87.8,nM,Cc1nc2c(F)cc(-c3nc(Nc4ccc5c(n4)CCNC5)ncc3F)cc2n1C(C)(C)C,7.056505484093897,True,<rdkit.Chem.rdchem.Mol object at 0x735c7905e3b0>,False
CHEMBL5988794,CDK9,88.0,nM,NS(=O)(=O)CC(=O)Nc1cc(-c2ccc3ncn(CC4CCOCC4)c3c2)c(Cl)cn1,7.055517327849831,True,<rdkit.Chem.rdchem.Mol object at 0x735c7905e260>,False
CHEMBL3951695,CDK9,88.0,nM,CN1Cc2c(C3=CC4CNCC4C3)[nH]c3nccc(c23)-c2cc(F)ccc21,7.055517327849831,True,<rdkit.Chem.rdchem.Mol object at 0x735c7905e1f0>,False
CHEMBL3971069,CDK9,88.0,nM,CN1Cc2c(C3=CCN(C4CCC(C(C#N)C(=O)O)CC4)CC3)[nH]c3nccc(c23)-c2cc(F)ccc21,7.055517327849831,True,<rdkit.Chem.rdchem.Mol object at 0x735c7905e030>,False
CHEMBL5932479,CDK1,88.0,nM,CN1NC(=O)C2(CCCCC2)n2c1cc1cnc(Nc3ccc(S(N)(=O)=O)cc3)nc12,7.055517327849831,True,<rdkit.Chem.rdchem.Mol object at 0x735c7905dfc0>,False
CHEMBL5558295,CDK9,88.03,nM,CC(=O)Nc1ccc(CNc2nc(O[C@H]3CCCNC3)nc3c(C(C)C)cnn23)cc1,7.055369298143722,True,<rdkit.Chem.rdchem.Mol object at 0x735c7905df50>,False
CHEMBL6152017,CDK1,88.7,nM,Clc1cnc2[nH]c(C3CCNCC3)cc2c1-c1cnn(CC2CC2)c1,7.052076380168273,True,<rdkit.Chem.rdchem.Mol object at 0x735c7905de70>,False
CHEMBL4855187,CDK9,89.0,nM,COc1ccc(F)cc1-c1ccnc2[nH]c(C3=CCC(C(=O)NS(C)(=O)=O)CC3)cc12,7.050609993355087,True,<rdkit.Chem.rdchem.Mol object at 0x735c7905dd90>,False
CHEMBL6162533,CDK6,89.0,nM,CC(=O)N1CCC2(CC1)CC(=O)c1ccc(-c3nc(Nc4ccc(C(=O)N5CCN(C(=O)OC(C)(C)C)CC5)cn4)ncc3F)cc1O2,7.050609993355087,True,<rdkit.Chem.rdchem.Mol object at 0x735c7905dcb0>,False
CHEMBL5747791,CDK1,89.0,nM,NS(=O)(=O)c1ccc(Nc2ncc3cc4n(c3n2)C2(C=NN4)CCCCC2)cc1,7.050609993355087,True,<rdkit.Chem.rdchem.Mol object at 0x735c7905dc40>,False
CHEMBL3908119,CDK9,89.0,nM,CN1Cc2c(C3=CCN(CC(=O)N4CC(CO)C4)CC3)[nH]c3ncc(F)c(c23)-c2cc(F)ccc21,7.050609993355087,True,<rdkit.Chem.rdchem.Mol object at 0x735c7905dbd0>,False
CHEMBL6014795,CDK9,89.0,nM,Cc1nc2c(F)cc(-c3nc(Nc4ccc5c(n4)CCN(C(=O)C4CCCN4)C5)ncc3F)cc2n1C1CC1,7.050609993355087,True,<rdkit.Chem.rdchem.Mol object at 0x735c7905db60>,False
CHEMBL6133562,CDK6,89.0,nM,CN1CCN(c2ccc(Nc3ncc(F)c(-c4ccc5c(c4)OC4(CCOCC4)CC5=O)n3)nc2)CC1,7.050609993355087,True,<rdkit.Chem.rdchem.Mol object at 0x735c7905daf0>,False
CHEMBL5950277,CDK9,89.8,nM,Cc1nc2c(F)cc(-c3nc(Nc4ccc5c(n4)CCN(C(=O)NCCO)C5)ncc3F)cc2n1C1CC1,7.046723663332696,True,<rdkit.Chem.rdchem.Mol object at 0x735c7905da10>,False
CHEMBL4294760,CDK2,90.0,nM,CSc1ncc2c(n1)CCc1cnc(Nc3ccc(C(=O)N(C)CCN(C)C)cc3)nc1-2,7.045757490560675,True,<rdkit.Chem.rdchem.Mol object at 0x735c7905d930>,False
CHEMBL2402949,CDK1,90.0,nM,CC[C@H](CO)Nc1nc(NCc2ccc(-c3ccccn3)cc2)c2ncn(C3CCCC3)c2n1,7.045757490560675,True,<rdkit.Chem.rdchem.Mol object at 0x735c7905d8c0>,False
CHEMBL3668442,CDK9,90.0,nM,COc1ccc(F)cc1-c1ccnc2[nH]c(C3CN(CCN4CCOCC4)C3)cc12,7.045757490560675,True,<rdkit.Chem.rdchem.Mol object at 0x735c7905d850>,False
CHEMBL3969365,CDK9,90.0,nM,COc1ccc(F)cc1-c1c(F)cnc2[nH]c(C3=CC4CCC(C3)N4CC(=O)N(C)C)cc12,7.045757490560675,True,<rdkit.Chem.rdchem.Mol object at 0x735c7905d7e0>,False
CHEMBL463579,CDK2,90.0,nM,O=C(Nc1ccc(F)cc1)c1n[nH]cc1NC(=O)C1CCCCC1,7.045757490560675,True,<rdkit.Chem.rdchem.Mol object at 0x735c7905d770>,False
CHEMBL112136,CDK2,90.0,nM,O=C(Nc1cc(C2CCC2)[nH]n1)c1ccc(Br)cc1,7.045757490560675,True,<rdkit.Chem.rdchem.Mol object at 0x735c7905d690>,False
CHEMBL3668540,CDK9,90.0,nM,COc1ccc(F)cc1-c1c(C#N)cnc2[nH]c(C3CCN(CC(=O)N(C)C)CC3)cc12,7.045757490560675,True,<rdkit.Chem.rdchem.Mol object at 0x735c7905d620>,False
CHEMBL3641912,CDK4,90.0,nM,OCCCn1c2cnccc2c2cnc(Nc3ccc(N4CC[C@@H](O)C4)nn3)nc21,7.045757490560675,True,<rdkit.Chem.rdchem.Mol object at 0x735c7905d5b0>,False
CHEMBL1800457,CDK2,90.0,nM,Nc1nc(-c2cc(N3C[C@H](O)[C@@H](O)C3)ccc2O)cc(C2CCCCCC2)n1,7.045757490560675,True,<rdkit.Chem.rdchem.Mol object at 0x735c7905d540>,False
CHEMBL3354185,CDK2,90.0,nM,COC1CCN(c2nccc(Nc3cc4[nH]c(-c5cn[nH]c5)nc4cn3)n2)CC1,7.045757490560675,True,<rdkit.Chem.rdchem.Mol object at 0x735c7905d4d0>,False
CHEMBL3655762,CDK2,90.0,nM,CC[C@H](Nc1nc(NCc2cnc(C)cc2C)c2ncn(C(C)C)c2n1)[C@@H](C)O,7.045757490560675,True,<rdkit.Chem.rdchem.Mol object at 0x735c7905d380>,False
CHEMBL368202,CDK1,90.0,nM,CCn1cnc2c(Nc3cccc(OC)c3)nc(N[C@H]3CC[C@H](O)CC3)nc21,7.045757490560675,True,<rdkit.Chem.rdchem.Mol object at 0x735c7905d310>,False
CHEMBL3942621,CDK9,90.0,nM,CN1Cc2c(C3=CCCNCC3)[nH]c3nccc(c23)-c2cc(F)ccc21,7.045757490560675,True,<rdkit.Chem.rdchem.Mol object at 0x735c7905d2a0>,False
CHEMBL5748011,CDK4,90.0,nM,CC(C)CN1CCOc2c(F)cc(-c3nc(Nc4ccc(N5CCOCC5)cn4)ncc3F)cc21,7.045757490560675,True,<rdkit.Chem.rdchem.Mol object at 0x735c7905d1c0>,False
CHEMBL1232461,CDK9,90.0,nM,CCNC(=O)C[C@@H]1N=C(c2ccc(Cl)cc2)c2cc(OC)ccc2-n2c(C)nnc21,7.045757490560675,True,<rdkit.Chem.rdchem.Mol object at 0x735c7905d150>,False
CHEMBL1922218,CDK2,90.0,nM,CC[C@@H](Nc1nc(NCc2cccnc2)c2ncn(C(C)C)c2n1)[C@H](C)O,7.045757490560675,True,<rdkit.Chem.rdchem.Mol object at 0x735c7905d0e0>,False
CHEMBL3905910,CDK4,90.0,nM,CN1CC[C@@H](c2c(O)cc(O)c3c(=O)cc(-c4ccc(C(F)(F)F)cc4Cl)oc23)[C@@H]1CO,7.045757490560675,True,<rdkit.Chem.rdchem.Mol object at 0x735c7905d070>,False
CHEMBL3910044,CDK9,90.0,nM,CN1Cc2c(C3=CCN([C@H]4CC[C@H](CC(=O)O)CC4)CC3)[nH]c3nccc(c23)-c2ccccc21,7.045757490560675,True,<rdkit.Chem.rdchem.Mol object at 0x735c7905d000>,False
CHEMBL3655777,CDK2,90.0,nM,CCC(Nc1nc(NCc2cccnc2)c2ncn(C(C)C)c2n1)C(O)C(F)(F)F,7.045757490560675,True,<rdkit.Chem.rdchem.Mol object at 0x735c7905cf90>,False
CHEMBL3668521,CDK9,90.0,nM,COc1ccc(F)cc1-c1c(F)cnc2[nH]c(C3CCN(CC(=O)N(C)C)CC3)cc12,7.045757490560675,True,<rdkit.Chem.rdchem.Mol object at 0x735c7905cf20>,False
CHEMBL5884004,CDK2,91.0,nM,Cc1nc2c(F)cc(-c3nc(Nc4ccc5c(n4)CCN(C(=O)[C@H](C)N(C)C)C5)ncc3F)cc2n1C1CC1,7.040958607678906,True,<rdkit.Chem.rdchem.Mol object at 0x735c7905ceb0>,False
CHEMBL3648105,CDK1,91.0,nM,CCC(Sc1nc(Nc2ccc(S(C)(=N)=O)cc2)ncc1Br)C(C)(C)O,7.040958607678906,True,<rdkit.Chem.rdchem.Mol object at 0x735c7905cdd0>,False
CHEMBL3668528,CDK9,91.0,nM,COc1ccc(F)cc1-c1ccnc2[nH]c(C3=C[C@H]4CN(S(C)(=O)=O)C[C@H]4C3)cc12,7.040958607678906,True,<rdkit.Chem.rdchem.Mol object at 0x735c7905cd60>,False
CHEMBL3911825,CDK9,91.0,nM,CN1Cc2c(C3=CCC(N[C@@H](CO)C(=O)O)CC3)[nH]c3nccc(c23)-c2cc(F)ccc21,7.040958607678906,True,<rdkit.Chem.rdchem.Mol object at 0x735c7905ccf0>,False
CHEMBL3668429,CDK9,91.0,nM,CN1CCC(c2cc3c(-c4cccc(NCC5CCN(C)C5)n4)ccnc3[nH]2)CC1,7.040958607678906,True,<rdkit.Chem.rdchem.Mol object at 0x735c7905cc10>,False
CHEMBL5748359,CDK9,91.0,nM,Cc1nnc(CCNc2cc(-c3ccc4ncn(Cc5cccc(F)c5)c4c3)c(Cl)cn2)[nH]1,7.040958607678906,True,<rdkit.Chem.rdchem.Mol object at 0x735c7905cba0>,False
CHEMBL360596,CDK2,91.0,nM,COc1cc(F)c(C(=O)c2c(N)nc3ccc(C(=O)c4c(F)cccc4F)cn23)c(F)c1,7.040958607678906,True,<rdkit.Chem.rdchem.Mol object at 0x735c7905cb30>,False
CHEMBL5876151,CDK9,91.0,nM,O=C(O)c1ccc(Cn2cnc3ccc(-c4cc(NC(=O)[C@@H]5CCCNC5)ncc4Cl)cc32)cc1,7.040958607678906,True,<rdkit.Chem.rdchem.Mol object at 0x735c7905cac0>,False
CHEMBL3892247,CDK9,91.0,nM,CN(CCO)C(=O)CN1CCC(c2[nH]c3nccc4c3c2CN(C)c2ccc(F)cc2-4)CC1,7.040958607678906,True,<rdkit.Chem.rdchem.Mol object at 0x735c7905c9e0>,False
CHEMBL4786995,CDK9,92.0,nM,CC(=O)N[C@@H]1CCC[C@H](C(=O)Nc2cc(-c3cnn4c3CCCCC4)c(Cl)cn2)C1,7.036212172654444,True,<rdkit.Chem.rdchem.Mol object at 0x735c7905c970>,False
CHEMBL180714,CDK2,92.0,nM,CCN(CC)[C@H]1CC[C@H](Nc2cc(Nc3ccc(S(=O)(=O)N(C)C)cc3)n3ncc(C(C)C)c3n2)CC1,7.036212172654444,True,<rdkit.Chem.rdchem.Mol object at 0x735c7905c900>,False
CHEMBL5566629,CDK1,92.0,nM,Cc1ccc(O)c(C)c1-n1c(N)c(C(=O)N2CCn3nccc3C2)c2nc(C3CC3)c(C)nc21,7.036212172654444,True,<rdkit.Chem.rdchem.Mol object at 0x735c7905c890>,False
CHEMBL3641991,CDK6,92.0,nM,O[C@@H]1CCN(c2ccc(Nc3ncc4c5ccncc5n(C5CCC5)c4n3)nc2)C1,7.036212172654444,True,<rdkit.Chem.rdchem.Mol object at 0x735c7905c820>,False
CHEMBL3639408,CDK4,92.0,nM,C[C@H]1CN(c2ccc(Nc3ncc4c5ccncc5n([C@@H]5CCOC5)c4n3)nn2)CCN1,7.036212172654444,True,<rdkit.Chem.rdchem.Mol object at 0x735c7905c7b0>,False
CHEMBL5767864,CDK9,93.0,nM,NCC1CCCC(CNc2cc(-c3ccc4ncn(Cc5cccc(F)c5)c4c3)c(Cl)cn2)C1,7.031517051446065,True,<rdkit.Chem.rdchem.Mol object at 0x735c7905c740>,False
CHEMBL3663754,CDK9,93.0,nM,CN1CCCC(c2cc3c(-c4nc(NCc5ccccc5)ccc4Cl)ccnc3[nH]2)C1,7.031517051446065,True,<rdkit.Chem.rdchem.Mol object at 0x735c7905c6d0>,False
CHEMBL3691658,CDK4,93.0,nM,CN(C)C(=O)c1cc2cnc(Nc3ccc(N4CCC5(CCCN5)C4=O)cn3)nc2n1C1CCCOC1,7.031517051446065,True,<rdkit.Chem.rdchem.Mol object at 0x735c7905c660>,False
CHEMBL3702048,CDK4,93.0,nM,CCOC(=O)c1ccc(Nc2ncc3c4ccncc4n(C4CCCC4)c3n2)nc1,7.031517051446065,True,<rdkit.Chem.rdchem.Mol object at 0x735c7905c5f0>,False
CHEMBL3668556,CDK9,93.0,nM,CNS(=O)(=O)CC(=O)N1CC2C=C(c3cc4c(-c5cc(F)ccc5OC)ccnc4[nH]3)CC2C1,7.031517051446065,True,<rdkit.Chem.rdchem.Mol object at 0x735c7905c4a0>,False
CHEMBL3668550,CDK9,93.0,nM,CNC(=O)N1C[C@H]2CC(c3cc4c(-c5cc(F)ccc5OC)ccnc4[nH]3)=C[C@H]2C1,7.031517051446065,True,<rdkit.Chem.rdchem.Mol object at 0x735c7905c430>,False
CHEMBL3668527,CDK9,93.0,nM,COc1ccc(F)cc1-c1ccnc2[nH]c(C3=C[C@@H](CO)N(CC(=O)N(C)C)CC3)cc12,7.031517051446065,True,<rdkit.Chem.rdchem.Mol object at 0x735c7905c3c0>,False
CHEMBL6022784,CDK6,93.0,nM,CC(C)N1CCOc2c(F)cc(-c3nc(Nc4ccc(N5CCC(C)(O)CC5)cn4)ncc3F)cc21,7.031517051446065,True,<rdkit.Chem.rdchem.Mol object at 0x735c7905c350>,False
CHEMBL3354189,CDK2,93.0,nM,COC1CCN(c2nccc(Nc3cc4c(ccn4C4CCCC4)cn3)n2)CC1,7.031517051446065,True,<rdkit.Chem.rdchem.Mol object at 0x735c7905c2e0>,False
CHEMBL1081104,CDK2,93.0,nM,N[C@H](CNc1cc(-c2ccc3cnccc3c2)no1)Cc1ccc(C(F)(F)F)cc1,7.031517051446065,True,<rdkit.Chem.rdchem.Mol object at 0x735c7905c270>,False
CHEMBL5827659,CDK9,93.0,nM,CC1(C)Cc2c(-c3ccnc(NC(=O)[C@H]4C[C@@H](O)C4)c3)cnn2C1,7.031517051446065,True,<rdkit.Chem.rdchem.Mol object at 0x735c7905c200>,False
CHEMBL3967032,CDK9,93.0,nM,CN1Cc2c(C3CCN(CC(=O)N4CCC[C@H]4CO)CC3)[nH]c3nccc(c23)-c2cc(F)ccc21,7.031517051446065,True,<rdkit.Chem.rdchem.Mol object at 0x735c7905c120>,False
CHEMBL5874515,CDK2,93.4,nM,Cc1nc2c(F)cc(-c3nc(Nc4ccc5c(n4)CCN(C(=O)[C@@H]4CCCN4C)C5)ncc3F)cc2n1C1CC1,7.029653123769907,True,<rdkit.Chem.rdchem.Mol object at 0x735c7905c040>,False
CHEMBL5789562,CDK2,93.7,nM,Cc1nc2c(F)cc(-c3nc(Nc4ccc5c(n4)CCN(C(=O)[C@H]4CCCN4C)C5)ncc3F)cc2n1C1CC1,7.028260409112222,True,<rdkit.Chem.rdchem.Mol object at 0x735c7905fa00>,False
CHEMBL5813966,CDK6,93.7,nM,CCN1CCN(Cc2ccc(Nc3ncc(F)c(-c4cc(F)c5nn6c(c5c4)CCC6)n3)nc2)CC1,7.028260409112222,True,<rdkit.Chem.rdchem.Mol object at 0x735c7905f6f0>,False
CHEMBL5593193,CDK9,93.97,nM,CC(C)S(=O)(=O)c1ccccc1Nc1nc([C@H]2CC[C@H](N(C)C)CC2)ncc1Cl,7.027010773144651,True,<rdkit.Chem.rdchem.Mol object at 0x735c7905f450>,False
CHEMBL3929678,CDK9,94.0,nM,CS(=O)(=O)N1CC=C(c2[nH]c3nccc4c3c2COc2ccc(F)cc2-4)CC1,7.026872146400302,True,<rdkit.Chem.rdchem.Mol object at 0x735c7905f370>,False
CHEMBL1800452,CDK1,94.0,nM,CC(C)c1cc(-c2cc(N3C[C@H](O)[C@@H](O)C3)ccc2O)nc(N)n1,7.026872146400302,True,<rdkit.Chem.rdchem.Mol object at 0x735c7905f300>,False
CHEMBL4755256,CDK1,94.0,nM,COc1cc(F)ccc1-c1cc(NC(=O)[C@H]2CCC[C@@H](NC(C)=O)C2)ncc1Cl,7.026872146400302,True,<rdkit.Chem.rdchem.Mol object at 0x735c7905f1b0>,False
CHEMBL3953907,CDK9,94.0,nM,CNC(=O)N1CC=C(c2[nH]c3nccc4c3c2CN(C)c2ncccc2-4)CC1,7.026872146400302,True,<rdkit.Chem.rdchem.Mol object at 0x735c7905e810>,False
CHEMBL3673434,CDK1,94.0,nM,COc1cc(F)ccc1-c1ccnc(NC(=O)[C@H]2CCC[C@@H](NC(C)=O)C2)c1,7.026872146400302,True,<rdkit.Chem.rdchem.Mol object at 0x735c7905e2d0>,False
CHEMBL3644029,CDK2,94.0,nM,CS(=O)(=O)c1ccc(Nc2ncc(C(F)(F)F)c(OCCC(F)(F)F)n2)cc1,7.026872146400302,True,<rdkit.Chem.rdchem.Mol object at 0x735c7905dd20>,False
CHEMBL6162082,CDK6,94.0,nM,CN1CCN(c2ccc(Nc3ncc(F)c(-c4ccc5c(c4)OC4(CCSCC4)CC5=O)n3)nc2)CC1,7.026872146400302,True,<rdkit.Chem.rdchem.Mol object at 0x735c7905d9a0>,False
CHEMBL3933775,CDK9,94.0,nM,CN1Cc2c(C3=CC4CN(CC(=O)N5CC(O)C5)CC4C3)[nH]c3nccc(c23)-c2cc(F)ccc21,7.026872146400302,True,<rdkit.Chem.rdchem.Mol object at 0x735c7905d700>,False
CHEMBL508506,CDK2,95.0,nM,CC1NCCCC1C(=O)Nc1ncc(SCc2ncc(C(C)(C)C)o2)s1,7.022276394711152,True,<rdkit.Chem.rdchem.Mol object at 0x735c7905d460>,False
CHEMBL5942169,CDK4,95.0,nM,CC(C)N1CCc2c(cccc2Nc2ncc(F)c(-c3cc(F)c4c(c3)N(C(C)C)CCO4)n2)C1,7.022276394711152,True,<rdkit.Chem.rdchem.Mol object at 0x735c7905d3f0>,False
CHEMBL3668520,CDK9,95.0,nM,COc1ccc(F)cc1-c1ccnc2[nH]c(C3=CCC(N[C@H](C(=O)O)C(C)(C)C)CC3)cc12,7.022276394711152,True,<rdkit.Chem.rdchem.Mol object at 0x735c7905d230>,False
CHEMBL5968222,CDK9,95.0,nM,Fc1cccc(Cn2cnc3ccc(-c4cc(N[C@@H]5CCCCNC5)ncc4Cl)cc32)c1,7.022276394711152,True,<rdkit.Chem.rdchem.Mol object at 0x735c7905cc80>,False
CHEMBL5631610,CDK4,95.0,nM,N#Cc1c(-c2ccc(Cl)cc2Cl)cc(-c2c[nH]c3ccccc23)[nH]c1=O,7.022276394711152,True,<rdkit.Chem.rdchem.Mol object at 0x735c7905c580>,False
CHEMBL364631,CDK2,95.0,nM,Nc1nc2ccc(C(=O)c3c(Cl)cccc3Cl)cn2c1C(=O)c1c(F)cc(C(=O)O)cc1F,7.022276394711152,True,<rdkit.Chem.rdchem.Mol object at 0x735c7905c510>,False
CHEMBL6170522,CDK6,95.0,nM,CC(=O)N1CCC2(CC1)CC(=O)c1ccc(-c3nc(Nc4ccc(C(=O)N5CCOCC5)cn4)ncc3F)cc1O2,7.022276394711152,True,<rdkit.Chem.rdchem.Mol object at 0x735c79013f40>,False
CHEMBL5559473,CDK9,95.01,nM,CCC(=O)Nc1ccc(CNc2nc(OC3CCN(C)CC3)nc3c(C(C)C)cnn23)cc1,7.022230681908425,True,<rdkit.Chem.rdchem.Mol object at 0x735c79013ed0>,False
CHEMBL4755256,CDK9,96.0,nM,COc1cc(F)ccc1-c1cc(NC(=O)[C@H]2CCC[C@@H](NC(C)=O)C2)ncc1Cl,7.017728766960431,True,<rdkit.Chem.rdchem.Mol object at 0x735c79013df0>,False
CHEMBL497995,CDK9,96.0,nM,Nc1nccc(-c2cc3c([nH]2)C(C2CCC2)CNC3=O)n1,7.017728766960431,True,<rdkit.Chem.rdchem.Mol object at 0x735c79013d80>,False
CHEMBL3702178,CDK4,96.0,nM,CN(C)C1CCN(c2ccc(Nc3ncc4c5ccncc5n(C5CCSCC5)c4n3)nc2)CC1,7.017728766960431,True,<rdkit.Chem.rdchem.Mol object at 0x735c79013d10>,False
CHEMBL3668423,CDK9,96.0,nM,CN1CCC(c2cc3c(-c4nc(NCC5CC5)ccc4Cl)ccnc3[nH]2)CC1,7.017728766960431,True,<rdkit.Chem.rdchem.Mol object at 0x735c79013c30>,False
CHEMBL3901001,CDK9,96.0,nM,CN1Cc2c(C3=C[C@H]4CC[C@@H](C3)N4S(C)(=O)=O)[nH]c3nccc(c23)-c2cc(F)ccc21,7.017728766960431,True,<rdkit.Chem.rdchem.Mol object at 0x735c79013bc0>,False
CHEMBL3648088,CDK1,96.0,nM,CCOC(=O)N=S(=O)(CC)c1ccc(Nc2ncc(Br)c(N[C@H](C)C(C)(C)O)n2)cc1,7.017728766960431,True,<rdkit.Chem.rdchem.Mol object at 0x735c79013b50>,False
CHEMBL451570,CDK9,96.0,nM,Nc1nccc(-c2cc3c([nH]2)[C@H](CCF)CNC3=O)n1,7.017728766960431,True,<rdkit.Chem.rdchem.Mol object at 0x735c79013990>,False
CHEMBL3914925,CDK9,96.0,nM,CN1Cc2c(C3=CCNCC3)[nH]c3nccc(c23)-c2ccccc21,7.017728766960431,True,<rdkit.Chem.rdchem.Mol object at 0x735c79013920>,False
CHEMBL400858,CDK1,97.0,nM,Cc1cccc2[nH]c(-c3n[nH]c4ncc(-c5cncc6ccccc56)cc34)nc12,7.013228265733755,True,<rdkit.Chem.rdchem.Mol object at 0x735c790138b0>,False
CHEMBL3906898,CDK9,97.0,nM,CN1Cc2c(C3=C[C@H]4CC[C@@H](C3)N4CC(=O)N3CC(O)C3)[nH]c3nccc(c23)-c2cc(F)ccc21,7.013228265733755,True,<rdkit.Chem.rdchem.Mol object at 0x735c79013840>,False
CHEMBL5786559,CDK9,97.0,nM,N[C@H]1C[C@@H](C(=O)Nc2cc(-c3ccc4ncn(CC5CCOCC5)c4c3)c(Cl)cn2)C1,7.013228265733755,True,<rdkit.Chem.rdchem.Mol object at 0x735c790137d0>,False
CHEMBL5089915,CDK6,97.0,nM,CN(C)c1cnc2ccc(-c3nc(Nc4ccc(N5CCNCC5)cn4)ncc3F)cc2n1,7.013228265733755,True,<rdkit.Chem.rdchem.Mol object at 0x735c79013760>,False
CHEMBL3648100,CDK1,97.0,nM,CCC(C)Sc1nc(Nc2ccc(S(C)(=N)=O)cc2)ncc1Br,7.013228265733755,True,<rdkit.Chem.rdchem.Mol object at 0x735c790136f0>,False
CHEMBL5290362,CDK2,97.0,nM,N[C@H](COc1cncc(-c2ccc3[nH]nc(NC(=O)c4ccccc4)c3c2)c1)Cc1ccccc1,7.013228265733755,True,<rdkit.Chem.rdchem.Mol object at 0x735c79013680>,False
CHEMBL4202432,CDK1,97.2,nM,Cc1nc2c(F)cc(-c3cc(Nc4cnc(CN5CCN(C(C)C)CC5)cn4)ncn3)cc2n1C(C)C,7.012333735073725,True,<rdkit.Chem.rdchem.Mol object at 0x735c79013610>,False
CHEMBL4212532,CDK1,97.2,nM,Cc1nc2c(F)cc(-c3nc(Nc4ccc5c(n4)CCN(C(=O)CN(C)C)C5)ncc3F)cc2n1C(C)C,7.012333735073725,True,<rdkit.Chem.rdchem.Mol object at 0x735c790135a0>,False
CHEMBL3941567,CDK9,98.0,nM,CN1Cc2c(C3=CC4CCCC(C3)N4CC(=O)N3CC(O)C3)[nH]c3nccc(c23)-c2cc(F)ccc21,7.008773924307505,True,<rdkit.Chem.rdchem.Mol object at 0x735c79013530>,False
CHEMBL3986185,CDK9,99.0,nM,CN(CC(O)CO)C(=O)CN1CC2C=C(c3[nH]c4nccc5c4c3CN(C)c3ccc(F)cc3-5)CC2C1,7.00436480540245,True,<rdkit.Chem.rdchem.Mol object at 0x735c79013450>,False
CHEMBL3668563,CDK9,99.0,nM,COc1ccc(F)cc1-c1c(F)cnc2[nH]c(C3=CCN(C4CCC(CC(=O)O)CC4)CC3)cc12,7.00436480540245,True,<rdkit.Chem.rdchem.Mol object at 0x735c790133e0>,False
CHEMBL6049134,CDK9,99.0,nM,O=C(Nc1cc(-c2ccc3nnn(Cc4cccs4)c3c2)c(Cl)cn1)[C@@H]1CCCNC1,7.00436480540245,True,<rdkit.Chem.rdchem.Mol object at 0x735c79013370>,False
CHEMBL249094,CDK1,99.0,nM,CC(C)OCc1cccc2[nH]c(-c3n[nH]c4ncc(-c5cncc6ccccc56)cc34)nc12,7.00436480540245,True,<rdkit.Chem.rdchem.Mol object at 0x735c79013290>,False
CHEMBL5070887,CDK2,99.4,nM,Cc1cnc(Nc2ccnn2C)nc1-c1cc2n(c1)C(=O)N([C@H](CO)c1cccc(Cl)c1)C2,7.002613615602686,True,<rdkit.Chem.rdchem.Mol object at 0x735c79013220>,False
CHEMBL3927646,CDK9,100.0,nM,CN1Cc2c(-c3cccc(CC(=O)O)c3)[nH]c3nccc(c23)-c2cc(F)ccc21,7.0,True,<rdkit.Chem.rdchem.Mol object at 0x735c790131b0>,False
CHEMBL3668389,CDK9,100.0,nM,COc1ccc(F)cc1-c1ccnc2[nH]c(C3CCN(C4CCN(C(=O)OC(C)(C)C)C4)C3)cc12,7.0,True,<rdkit.Chem.rdchem.Mol object at 0x735c79013140>,False
CHEMBL3668359,CDK9,100.0,nM,NC1CCCC(c2cc3c(-c4cccc(F)c4)c(Cl)cnc3[nH]2)C1,7.0,True,<rdkit.Chem.rdchem.Mol object at 0x735c790130d0>,False
CHEMBL383264,CDK1,100.0,nM,N[C@H](COc1cncc(-c2ccc3cnccc3c2)c1)Cc1c[nH]c2ccccc12,7.0,True,<rdkit.Chem.rdchem.Mol object at 0x735c79013060>,False
CHEMBL2158859,CDK2,100.0,nM,CNC(=O)Nc1ccc(-c2cc(-c3ccnc(Nc4cccc(S(=O)(=O)NC)c4)n3)ccn2)cc1,7.0,True,<rdkit.Chem.rdchem.Mol object at 0x735c79012f80>,False
CHEMBL5173190,CDK2,100.0,nM,COc1cc(CC(=O)Nc2cc([C@H]3CC[C@@H](OC(=O)NC(C)C)C3)[nH]n2)ccn1,7.0,True,<rdkit.Chem.rdchem.Mol object at 0x735c79012e30>,False
CHEMBL5179286,CDK2,100.0,nM,CC(C)NC(=O)O[C@@H]1CC[C@H](c2cc(NC(=O)Cc3ccccc3S(C)(=O)=O)n[nH]2)C1,7.0,True,<rdkit.Chem.rdchem.Mol object at 0x735c79012dc0>,False
CHEMBL5179057,CDK2,100.0,nM,CC(C)NC(=O)O[C@H]1CC[C@@H](c2cc(NC(=O)c3ccnn3C)n[nH]2)C1,7.0,True,<rdkit.Chem.rdchem.Mol object at 0x735c79012d50>,False
CHEMBL5209174,CDK2,100.0,nM,CC(C)NC(=O)O[C@@H]1CC[C@H](c2cc(NC(=O)Cc3ccccc3)n[nH]2)C1,7.0,True,<rdkit.Chem.rdchem.Mol object at 0x735c79012ce0>,False
CHEMBL4800119,CDK9,100.0,nM,Cc1cnc(Nc2ccc3c(c2)N(C(C)C)[C@H](C)C(=O)N3C)nc1-c1cncc2ccccc12,7.0,True,<rdkit.Chem.rdchem.Mol object at 0x735c79012b90>,False
CHEMBL5170812,CDK2,100.0,nM,Cc1ncc(CC(=O)Nc2cc([C@H]3CC[C@@H](OC(=O)NC(C)C)C3)[nH]n2)s1,7.0,True,<rdkit.Chem.rdchem.Mol object at 0x735c79012b20>,False
CHEMBL5279564,CDK9,100.0,nM,CN(C)CC(=O)Nc1cc(Nc2ncc(F)c(Nc3c(F)cccc3F)n2)ccc1F,7.0,True,<rdkit.Chem.rdchem.Mol object at 0x735c79012a40>,False
CHEMBL3908656,CDK9,100.0,nM,CN(CCO)C(=O)CN1CC=C(c2[nH]c3ncc(F)c4c3c2CN(C)c2ccc(F)cc2-4)CC1,7.0,True,<rdkit.Chem.rdchem.Mol object at 0x735c790129d0>,False
CHEMBL2158854,CDK1,100.0,nM,NS(=O)(=O)c1cccc(Nc2nccc(-c3ccnc(N4C5CCC4COC5)c3)n2)c1,7.0,True,<rdkit.Chem.rdchem.Mol object at 0x735c79012880>,False
CHEMBL2158848,CDK1,100.0,nM,Cc1cccc(Nc2nccc(-c3ccnc(N4CCOCC4)c3)n2)c1,7.0,True,<rdkit.Chem.rdchem.Mol object at 0x735c79012810>,False
CHEMBL3952232,CDK9,100.0,nM,CN1Cc2c(C3=CCN(CC(=O)OC(C)(C)C)CC3)[nH]c3ncc(F)c(c23)-c2cc(F)ccc21,7.0,True,<rdkit.Chem.rdchem.Mol object at 0x735c790127a0>,False
CHEMBL428690,CDK4,100.0,nM,CN1CC[C@H](c2c(O)cc(O)c3c(=O)cc(-c4ccccc4Cl)oc23)[C@H](O)C1,7.0,True,<rdkit.Chem.rdchem.Mol object at 0x735c79012730>,False
CHEMBL3936047,CDK9,100.0,nM,C[C@H](NC1CC=C(c2[nH]c3nccc4c3c2CN(C)c2ccc(F)cc2-4)CC1)C(=O)O,7.0,True,<rdkit.Chem.rdchem.Mol object at 0x735c790126c0>,False
CHEMBL4751230,CDK9,100.0,nM,CC(=O)N[C@@H]1CCC[C@H](C(=O)Nc2cc(-c3cnn4c3CCCC4)c(F)cn2)C1,7.0,True,<rdkit.Chem.rdchem.Mol object at 0x735c79012650>,False
CHEMBL5965779,CDK9,100.0,nM,Fc1cccc(Cn2cnc3ccc(-c4cc(NC5CCC56CCNC6)ncc4Cl)cc32)c1,7.0,True,<rdkit.Chem.rdchem.Mol object at 0x735c790125e0>,False
CHEMBL3655762,CDK9,100.0,nM,CC[C@H](Nc1nc(NCc2cnc(C)cc2C)c2ncn(C(C)C)c2n1)[C@@H](C)O,7.0,True,<rdkit.Chem.rdchem.Mol object at 0x735c79012570>,False
CHEMBL5817977,CDK9,100.0,nM,O=C(Nc1cc(-c2ccc3ncn(CC4CCOCC4)c3c2)c(Cl)cn1)[C@H]1C[C@H]2CN[C@@H]1C2,7.0,True,<rdkit.Chem.rdchem.Mol object at 0x735c79012500>,False
CHEMBL4853678,CDK9,100.0,nM,COc1ccc(F)cc1-c1c(F)cnc2[nH]c(C3=CCN([C@H]4CC[C@H](CC(=O)O)CC4)CC3)cc12,7.0,True,<rdkit.Chem.rdchem.Mol object at 0x735c79012420>,False
CHEMBL3949735,CDK9,100.0,nM,CN1Cc2c(C3=CC4CN(CC(=O)N(C)C5CC(O)C5)CC4C3)[nH]c3nccc(c23)-c2cc(F)ccc21,7.0,True,<rdkit.Chem.rdchem.Mol object at 0x735c790123b0>,False
CHEMBL3655764,CDK2,100.0,nM,CC[C@H](Nc1nc(NCc2cccc(Cl)c2)c2ncn(C(C)C)c2n1)[C@@H](C)O,7.0,True,<rdkit.Chem.rdchem.Mol object at 0x735c79012340>,False
CHEMBL3691588,CDK4,100.0,nM,CN(C)C(=O)c1cc2cnc(Nc3ccc(C(=O)N4CC5CN(Cc6ccccc6)CC(C4)O5)cn3)nc2n1C1CCCC1,7.0,True,<rdkit.Chem.rdchem.Mol object at 0x735c790121f0>,False
CHEMBL2348160,CDK2,100.0,nM,Nc1nccc(-n2cc(-c3ccoc3)c3cnccc32)n1,7.0,True,<rdkit.Chem.rdchem.Mol object at 0x735c79012180>,False
CHEMBL173619,CDK1,100.0,nM,CCn1cnc2c(Nc3ccc(F)cc3)nc(N[C@H]3CC[C@@H](N)CC3)nc21,7.0,True,<rdkit.Chem.rdchem.Mol object at 0x735c790120a0>,False
CHEMBL460086,CDK1,100.0,nM,Cc1ncc(-c2ccnc(Nc3ccc(C(=O)N4CC[C@H](NC5CC5)C4)cc3)n2)n1C(C)C,7.0,True,<rdkit.Chem.rdchem.Mol object at 0x735c79011ee0>,False
CHEMBL5944626,CDK6,100.0,nM,CC(C)N1CCOc2c(F)cc(-c3nc(Nc4ccc5c(c4)CC(N(C)C)CC5)ncc3F)cc21,7.0,True,<rdkit.Chem.rdchem.Mol object at 0x735c79011e00>,False
CHEMBL5439308,CDK2,100.0,nM,N#Cc1ccc2c(CCNc3ccc(C(F)(F)F)cc3C(=O)O)c[nH]c2c1,7.0,True,<rdkit.Chem.rdchem.Mol object at 0x735c79011d90>,False
CHEMBL3702041,CDK4,100.0,nM,CN1CCN(c2nc(Nc3ncc4c5ccncc5n(C5CCCC5)c4n3)ns2)CC1,7.0,True,<rdkit.Chem.rdchem.Mol object at 0x735c79011d20>,False
CHEMBL5440428,CDK4,100.0,nM,O=C(NC1CCNCC1)c1n[nH]cc1NC(=O)c1c(Cl)cccc1Cl.O=C(O)C(F)(F)F,7.0,True,<rdkit.Chem.rdchem.Mol object at 0x735c79011cb0>,False
CHEMBL6016131,CDK9,100.0,nM,O=C(Nc1cc(-c2ccc3ncn(CCN4CCOCC4)c3c2)c(Cl)cn1)[C@@H]1CCCNC1,7.0,True,<rdkit.Chem.rdchem.Mol object at 0x735c79011c40>,False
CHEMBL1095040,CDK1,100.0,nM,CCCC(=O)Nc1n[nH]c2cc(Cl)c(-c3ccccc3)cc12,7.0,True,<rdkit.Chem.rdchem.Mol object at 0x735c79011b60>,False
CHEMBL419534,CDK4,100.0,nM,CN(C)CC(O)COc1ccc(Nc2ncc(Br)c(Nc3ccccc3)n2)cc1,7.0,True,<rdkit.Chem.rdchem.Mol object at 0x735c79011a80>,False
CHEMBL5192247,CDK2,100.0,nM,COCc1cc(C(=O)Nc2cc([C@H]3CC[C@@H](OC(=O)N(C)C(C)C)C3)[nH]n2)n(C)n1,7.0,True,<rdkit.Chem.rdchem.Mol object at 0x735c79011a10>,False
CHEMBL5800720,CDK9,100.0,nM,O=C1CC(C(=O)Nc2cc(-c3cnc4ccn(Cc5cncc(F)c5)c4c3)c(Cl)cn2)C1,7.0,True,<rdkit.Chem.rdchem.Mol object at 0x735c790119a0>,False
CHEMBL5187579,CDK2,100.0,nM,Cc1cc(CC(=O)Nc2cc([C@H]3CCC[C@@H](OC(=O)NC4(C)CC4)CC3)[nH]n2)on1,7.0,True,<rdkit.Chem.rdchem.Mol object at 0x735c790118c0>,False
CHEMBL8817,CDK4,100.0,nM,CN1CC[C@@H](c2c(O)cc(O)c3c(=O)cc(-c4ccccc4Cl)oc23)[C@@H](O)C1,7.0,True,<rdkit.Chem.rdchem.Mol object at 0x735c79011850>,False
CHEMBL84944,CDK1,100.0,nM,CC(C)C(CO)Nc1nc(NCc2cccc(O)c2)c2ncn(C(C)C)c2n1,7.0,True,<rdkit.Chem.rdchem.Mol object at 0x735c790117e0>,False
CHEMBL100391,CDK4,100.0,nM,CN(C)CC(O)COc1ccc(Nc2ncc(Cl)c(Nc3ccccc3)n2)cc1,7.0,True,<rdkit.Chem.rdchem.Mol object at 0x735c79011770>,False
CHEMBL5209369,CDK9,100.0,nM,COc1cc(F)ccc1-c1ccnc2[nH]c([C@H]3CC[C@H](NC(C)=O)CC3)cc12,7.0,True,<rdkit.Chem.rdchem.Mol object at 0x735c79011700>,False
CHEMBL3691573,CDK4,101.0,nM,CN(C)C(=O)c1cc2cnc(Nc3ccc(C(=O)N4C[C@@H]5C[C@H]4C[C@@H]5O)cn3)nc2n1C1CCCC1,6.995678626217357,True,<rdkit.Chem.rdchem.Mol object at 0x735c79011690>,False
CHEMBL3702174,CDK6,101.0,nM,NC1[C@H]2CN(c3ccc(Nc4ncc5c6ccncc6n(C6CCCC6)c5n4)nn3)C[C@@H]12,6.995678626217357,True,<rdkit.Chem.rdchem.Mol object at 0x735c79011620>,False
CHEMBL4777981,CDK6,101.0,nM,COc1ccc(F)cc1-c1c(F)cnc2[nH]c(C3=CCN([C@H]4CC[C@H](C(=O)O)CC4)CC3)cc12,6.995678626217357,True,<rdkit.Chem.rdchem.Mol object at 0x735c790115b0>,False
CHEMBL3702161,CDK6,101.0,nM,c1cc(-c2ccc(Nc3ncc4c5ccncc5n(C5CCCC5)c4n3)nn2)ccn1,6.995678626217357,True,<rdkit.Chem.rdchem.Mol object at 0x735c79011540>,False
CHEMBL3668498,CDK9,101.0,nM,CNC(=O)N1CC=C(c2cc3c(-c4cc(F)ccc4OC)c(Cl)cnc3[nH]2)CC1,6.995678626217357,True,<rdkit.Chem.rdchem.Mol object at 0x735c790114d0>,False
CHEMBL3668529,CDK9,101.0,nM,COc1ccc(F)cc1-c1c(F)cnc2[nH]c(C3=CCN(CC(=O)N(C)C)CC3)c(C#N)c12,6.995678626217357,True,<rdkit.Chem.rdchem.Mol object at 0x735c79011460>,False
CHEMBL5744442,CDK4,101.0,nM,CC(C)CN1CCOc2c(F)cc(-c3nc(Nc4ccc(N5CCC(O)CC5)cn4)ncc3F)cc21,6.995678626217357,True,<rdkit.Chem.rdchem.Mol object at 0x735c790113f0>,False
CHEMBL5542488,CDK9,101.41,nM,CC(=O)Nc1ccc(CNc2nc(OC3CCN(C)CC3)nc3c(C(C)C)cnn23)cc1,6.993919217283906,True,<rdkit.Chem.rdchem.Mol object at 0x735c790112a0>,False
CHEMBL5542924,CDK2,101.6,nM,CCC(=O)Nc1ccc(CNc2nc(N[C@H](CC)CO)nc3c(C(C)C)cnn23)cc1,6.993106292052099,True,<rdkit.Chem.rdchem.Mol object at 0x735c79011230>,False
CHEMBL5081489,CDK6,102.0,nM,CN(C)c1cnc2ccc(-c3nc(Nc4ccc(C(=O)N5CCNCC5)cn4)ncc3F)cc2n1,6.991399828238082,True,<rdkit.Chem.rdchem.Mol object at 0x735c790111c0>,False
CHEMBL185854,CDK2,102.0,nM,Nc1nc2ccc(C(=O)c3c(F)cccc3F)cn2c1C(=O)c1c(F)cccc1Cl,6.991399828238082,True,<rdkit.Chem.rdchem.Mol object at 0x735c79011150>,False
CHEMBL474619,CDK2,102.0,nM,COc1cc(O)ccc1-c1ccc2c(-c3nc4c(N5CCN(C)CC5)cccc4[nH]3)n[nH]c2c1,6.991399828238082,True,<rdkit.Chem.rdchem.Mol object at 0x735c790110e0>,False
CHEMBL3668525,CDK9,102.0,nM,COc1ccc(F)cc1-c1c(F)cnc2[nH]c(C3CCN(CC(=O)N4CC(O)C4)CC3)cc12,6.991399828238082,True,<rdkit.Chem.rdchem.Mol object at 0x735c79011070>,False
CHEMBL3641909,CDK6,102.0,nM,CN(C)C1CCN(c2ccc(Nc3ncc4c5ccncc5n(CCCO)c4n3)nc2)CC1,6.991399828238082,True,<rdkit.Chem.rdchem.Mol object at 0x735c79011000>,False
CHEMBL5195597,CDK2,102.0,nM,CS(=O)(=O)N1CCC(Nc2ncc3c(n2)N(C2CCCC2)C(=O)C32CC2)CC1,6.991399828238082,True,<rdkit.Chem.rdchem.Mol object at 0x735c79010f90>,False
CHEMBL5431565,CDK2,102.6,nM,O=C(Nc1ccc(Cl)cc1)N1CCN(c2nnc(Cc3ccccc3)c3ccccc23)CC1,6.988852639224202,True,<rdkit.Chem.rdchem.Mol object at 0x735c79010f20>,False
CHEMBL3641912,CDK6,103.0,nM,OCCCn1c2cnccc2c2cnc(Nc3ccc(N4CC[C@@H](O)C4)nn3)nc21,6.987162775294828,True,<rdkit.Chem.rdchem.Mol object at 0x735c79010eb0>,False
CHEMBL4213557,CDK1,103.1,nM,Cc1nc2c(F)cc(-c3cc(Nc4cnc(CN5CCN(CC6CC6)CC5)cn4)ncn3)cc2n1C(C)C,6.986741334716483,True,<rdkit.Chem.rdchem.Mol object at 0x735c79010e40>,False
CHEMBL6191130,CDK6,103.4,nM,CN(C)C(=O)c1cc2cnc(Nc3ccc(C(=O)N4CC(c5nc6c(C(N)=O)cccc6[nH]5)C4)cc3Cl)nc2n1C1CCCC1,6.985479461242076,True,<rdkit.Chem.rdchem.Mol object at 0x735c79010dd0>,False
CHEMBL5517691,CDK9,103.99,nM,CC(=O)Nc1ccc(CNc2nc(O[C@@H]3CCCNC3)nc3c(C(C)C)cnn23)cc1,6.983008421793794,True,<rdkit.Chem.rdchem.Mol object at 0x735c79010d60>,False
CHEMBL1088613,CDK2,104.0,nM,Cc1n[nH]c2ccc(-c3nnc(NC[C@@H](N)Cc4ccccc4F)s3)cc12,6.982966660701219,True,<rdkit.Chem.rdchem.Mol object at 0x735c79010cf0>,False
CHEMBL3298308,CDK2,104.0,nM,C[C@@H](CO)Nc1ncc2c(n1)CN(C(=O)N[C@H](C)c1ccc(Cl)c(Cl)c1)CC2,6.982966660701219,True,<rdkit.Chem.rdchem.Mol object at 0x735c79010c80>,False
CHEMBL3668536,CDK9,104.0,nM,COc1ccc(F)cc1-c1ccnc2[nH]c(C3=CC(C)(C)N(S(C)(=O)=O)CC3)cc12,6.982966660701219,True,<rdkit.Chem.rdchem.Mol object at 0x735c79010c10>,False
CHEMBL3668552,CDK9,104.0,nM,COc1ccc(F)cc1-c1c(F)cnc2[nH]c(C3=CC4CN(CC(=O)N(C)C)CC4C3)cc12,6.982966660701219,True,<rdkit.Chem.rdchem.Mol object at 0x735c79010ba0>,False
CHEMBL3702088,CDK6,104.0,nM,Oc1ccc2c3cnc(Nc4ccc(N5CCNCC5)cn4)nc3n(C3CCCC3)c2n1,6.982966660701219,True,<rdkit.Chem.rdchem.Mol object at 0x735c79010b30>,False
CHEMBL1241662,CDK1,104.0,nM,Nc1nc2ccc(C(=O)c3c(F)cccc3Cl)cc2n1Cc1c(F)cccc1F,6.982966660701219,True,<rdkit.Chem.rdchem.Mol object at 0x735c79010ac0>,False
CHEMBL5832698,CDK9,105.0,nM,Cc1nc2c(F)cc(-c3nc(Nc4ccc5c(n4)CCN(C(=O)[C@@H](C)N(C)C)C5)ncc3F)cc2n1C1CC1,6.978810700930062,True,<rdkit.Chem.rdchem.Mol object at 0x735c79010a50>,False
CHEMBL5893560,CDK6,105.0,nM,CC(C)N1CCOc2c(F)cc(-c3nc(Nc4ccc(S(=O)(=O)N5CCN(C)CC5)cc4)ncc3F)cc21,6.978810700930062,True,<rdkit.Chem.rdchem.Mol object at 0x735c790109e0>,False
CHEMBL3691674,CDK4,106.0,nM,CC(=O)NCC(=O)N1[C@@H]2CC[C@H]1CN(c1ccc(Nc3ncc4cc(C(=O)N(C)C)n(C5CCCC5)c4n3)nc1)C(=O)C2,6.97469413473523,True,<rdkit.Chem.rdchem.Mol object at 0x735c79010970>,False
CHEMBL1922219,CDK9,107.0,nM,CC[C@H](Nc1nc(NCc2cccnc2)c2ncn(C(C)C)c2n1)[C@@H](C)O,6.97061622231479,True,<rdkit.Chem.rdchem.Mol object at 0x735c79010900>,False
CHEMBL5781070,CDK1,108.0,nM,CC1=NNc2cc3cnc(Nc4ccc(S(N)(=O)=O)cc4)nc3n2C12CCCCC2,6.96657624451305,True,<rdkit.Chem.rdchem.Mol object at 0x735c79010890>,False
CHEMBL5865665,CDK1,108.0,nM,Cc1nc2c(F)cc(-c3nc(Nc4ccc5c(n4)CCNC5)ncc3F)cc2n1C(C)C1CC1,6.96657624451305,True,<rdkit.Chem.rdchem.Mol object at 0x735c79010820>,False
CHEMBL6171172,CDK2,108.3,nM,Nc1cc(-c2c[nH]c3ccccc23)nn1-c1nc(Nc2ccc(Cl)cc2)nc(N2CCOCC2)n1,6.96537154337468,True,<rdkit.Chem.rdchem.Mol object at 0x735c79010740>,False
CHEMBL5438882,CDK2,108.4,nM,COc1ccc(NC(=O)N2CCN(c3nnc(Cc4ccccc4)c4ccccc34)CC2)cc1,6.964970717797632,True,<rdkit.Chem.rdchem.Mol object at 0x735c790105f0>,False
CHEMBL5751375,CDK2,109.0,nM,Cc1nc2c(F)cc(-c3nc(Nc4ccc5c(n4)CCNC5)ncc3F)cc2n1CC1CC1,6.962573502059376,True,<rdkit.Chem.rdchem.Mol object at 0x735c79010430>,False
CHEMBL5910318,CDK9,110.0,nM,Fc1cccc(Cn2cnc3ccc(-c4cc(N[C@H]5CCCCNC5)ncc4Cl)cc32)c1,6.958607314841775,True,<rdkit.Chem.rdchem.Mol object at 0x735c790103c0>,False
CHEMBL4754399,CDK9,110.0,nM,CC(=O)N[C@@H]1CCC[C@H](C(=O)Nc2cc(-c3cnn4c3CCCC4)c(Cl)cn2)C1,6.958607314841775,True,<rdkit.Chem.rdchem.Mol object at 0x735c79010350>,False
CHEMBL3702069,CDK6,110.0,nM,CCC(CC)n1c2cnccc2c2cnc(Nc3ccc(N4CC[C@@H](O)C4)nn3)nc21,6.958607314841775,True,<rdkit.Chem.rdchem.Mol object at 0x735c79010200>,False
CHEMBL334881,CDK1,110.0,nM,CN1CC[C@H](c2c(O)cc(O)c3c(=O)cc(Sc4ccccc4Cl)oc23)[C@H](O)C1,6.958607314841775,True,<rdkit.Chem.rdchem.Mol object at 0x735c790100b0>,False
CHEMBL249519,CDK1,110.0,nM,CCNCc1cncc(-c2cnc3[nH]nc(-c4nc5c(COC)cccc5[nH]4)c3c2)c1C,6.958607314841775,True,<rdkit.Chem.rdchem.Mol object at 0x735c79010040>,False
CHEMBL497477,CDK2,110.0,nM,O=C(NC1CCNCC1)c1n[nH]cc1NC(=O)c1c(F)cccc1Cl,6.958607314841775,True,<rdkit.Chem.rdchem.Mol object at 0x735c79013e60>,False
CHEMBL3673543,CDK9,110.0,nM,CS(=O)(=O)N1CC=C(c2cc3c(-c4nc(NCc5cccc(F)c5)c(F)cc4F)ccnc3[nH]2)CC1,6.958607314841775,True,<rdkit.Chem.rdchem.Mol object at 0x735c79013ca0>,False
CHEMBL5953891,CDK9,110.0,nM,N[C@H]1C[C@H](C(=O)Nc2cc(-c3ccc4ncn(CC5CCOCC5)c4c3)c(Cl)cn2)C1,6.958607314841775,True,<rdkit.Chem.rdchem.Mol object at 0x735c79013ae0>,False
CHEMBL2348156,CDK2,110.0,nM,Nc1nccc(-n2cc(-c3ccccc3Cl)c3cnccc32)n1,6.958607314841775,True,<rdkit.Chem.rdchem.Mol object at 0x735c79013a70>,False
CHEMBL5838556,CDK9,110.0,nM,CS(=O)(=O)c1cc(CN2CCc3ccc(-c4cc(NC(=O)C5CCCNC5)ncc4Cl)cc32)ccc1F,6.958607314841775,True,<rdkit.Chem.rdchem.Mol object at 0x735c79013a00>,False
CHEMBL5914546,CDK9,110.0,nM,Cc1nnc(Cn2cnc3ccc(-c4cc(NC(=O)[C@@H]5CCCNC5)ncc4Cl)cc32)s1,6.958607314841775,True,<rdkit.Chem.rdchem.Mol object at 0x735c79013300>,False
CHEMBL3691653,CDK4,110.0,nM,CN(C)C(=O)c1cc2cnc(Nc3ccc(N4CCN5CCCC5C4=O)cn3)nc2n1C1CCCC1,6.958607314841775,True,<rdkit.Chem.rdchem.Mol object at 0x735c79012ff0>,False
CHEMBL3892232,CDK9,110.0,nM,CN1Cc2c(C3=CCC(C(=O)N4CC(O)C4)CC3)[nH]c3nccc(c23)-c2cc(F)ccc21,6.958607314841775,True,<rdkit.Chem.rdchem.Mol object at 0x735c79012f10>,False
CHEMBL497854,CDK2,110.0,nM,Cc1cc(CNc2ncc(Br)c(Nc3cc(C4CC4)[nH]n3)n2)on1,6.958607314841775,True,<rdkit.Chem.rdchem.Mol object at 0x735c79012490>,False
CHEMBL3925516,CDK9,110.0,nM,CN1Cc2c(C3=CCN([C@H]4CC[C@@H](CC(=O)O)CC4)CC3)[nH]c3nccc(c23)-c2ccccc21,6.958607314841775,True,<rdkit.Chem.rdchem.Mol object at 0x735c79012260>,False
CHEMBL5857843,CDK9,110.0,nM,O=C(Nc1cc(-c2ccc3c(c2)N(Cc2cnccn2)CC3)c(Cl)cn1)C1CCCNC1,6.958607314841775,True,<rdkit.Chem.rdchem.Mol object at 0x735c79012110>,False
CHEMBL3926650,CDK9,110.0,nM,CN(C)C(=O)CN1C2C=C(c3[nH]c4nccc5c4c3CN(C)c3ccc(F)cc3-5)CC1CCC2,6.958607314841775,True,<rdkit.Chem.rdchem.Mol object at 0x735c79011fc0>,False
CHEMBL3648087,CDK1,110.0,nM,CCOC(=O)N=S(C)(=O)c1ccc(Nc2ncc(Br)c(N[C@@H](COC)[C@H](C)O)n2)cc1,6.958607314841775,True,<rdkit.Chem.rdchem.Mol object at 0x735c79011e70>,False
CHEMBL3958592,CDK9,110.0,nM,CN(C)C(=O)CN1CC=C(c2[nH]c3nccc4c3c2CN(C)c2ncccc2-4)CC1,6.958607314841775,True,<rdkit.Chem.rdchem.Mol object at 0x735c79011930>,False
CHEMBL4870276,CDK9,110.0,nM,COc1ccc(F)cc1-c1ccnc2[nH]c(C3=CCN(C4CCN(CC(=O)O)CC4)CC3)cc12,6.958607314841775,True,<rdkit.Chem.rdchem.Mol object at 0x735c790106d0>,False
CHEMBL3921585,CDK9,110.0,nM,CN(CC(O)CO)C(=O)CN1C2C=C(c3[nH]c4nccc5c4c3CN(C)c3ccc(F)cc3-5)CC1CCC2,6.958607314841775,True,<rdkit.Chem.rdchem.Mol object at 0x735c79010660>,False
CHEMBL3668434,CDK9,110.0,nM,CN1CCC(c2cc3c(-c4cccc(NCCN5CCOCC5)n4)ccnc3[nH]2)CC1,6.958607314841775,True,<rdkit.Chem.rdchem.Mol object at 0x735c79010580>,False
CHEMBL5170195,CDK1,110.0,nM,COc1cc(F)ccc1-c1ccnc2[nH]c(-c3ccc(CN4CCOCC4)cc3)cc12,6.958607314841775,True,<rdkit.Chem.rdchem.Mol object at 0x735c79010510>,False
CHEMBL3648126,CDK1,110.0,nM,CC(C)Nc1nc(Nc2ccc(S(C)(=N)=O)cc2)ncc1Br,6.958607314841775,True,<rdkit.Chem.rdchem.Mol object at 0x735c790102e0>,False
CHEMBL3947123,CDK9,110.0,nM,CC[C@H]1c2c(C3=CCN([C@H]4C[C@@H](C(=O)O)C4)CC3)[nH]c3nccc(c23)-c2cc(F)ccc2N1C,6.958607314841775,True,<rdkit.Chem.rdchem.Mol object at 0x735c79010270>,False
CHEMBL3952466,CDK9,110.0,nM,CC[C@H]1c2c(C3=CCN([C@H]4C[C@H](C(=O)O)C4)CC3)[nH]c3nccc(c23)-c2cc(F)ccc2N1C,6.958607314841775,True,<rdkit.Chem.rdchem.Mol object at 0x735c79010190>,False
CHEMBL2158862,CDK2,110.0,nM,CNC(=O)Nc1ccc(-c2cc(-c3ccnc(Nc4ccc(C)c(S(=O)(=O)NC)c4)n3)ccn2)cc1,6.958607314841775,True,<rdkit.Chem.rdchem.Mol object at 0x735c78f38f90>,False
CHEMBL5793399,CDK9,110.0,nM,O=C(Nc1cc(-c2ccc3c(c2)N(Cc2ccc4nccnc4c2)CC3)c(Cl)cn1)C1CCCNC1,6.958607314841775,True,<rdkit.Chem.rdchem.Mol object at 0x735c78f3bb50>,False
CHEMBL5789498,CDK9,110.0,nM,CC(CNc1cc(-c2ccc3ncn(Cc4cccc(F)c4)c3c2)c(Cl)cn1)c1ccncc1,6.958607314841775,True,<rdkit.Chem.rdchem.Mol object at 0x735c78f387b0>,False
CHEMBL1922209,CDK2,110.0,nM,CCC(O)[C@H](CC)Nc1nc(NCc2cccnc2)c2ncn(C(C)C)c2n1,6.958607314841775,True,<rdkit.Chem.rdchem.Mol object at 0x735c78f39460>,False
CHEMBL4747648,CDK9,110.0,nM,CC(C)N1c2cc(Nc3nccc(-c4cccc5nn(C)cc45)n3)ccc2N(C)C(=O)[C@H]1C,6.958607314841775,True,<rdkit.Chem.rdchem.Mol object at 0x735c78f38d60>,False
CHEMBL3965251,CDK9,110.0,nM,CN1Cc2c(C3=CC4CCCC(C3)N4CC(=O)O)[nH]c3nccc(c23)-c2cc(F)ccc21,6.958607314841775,True,<rdkit.Chem.rdchem.Mol object at 0x735c78f389e0>,False
CHEMBL3642012,CDK4,110.0,nM,FC(F)(F)CNC1CCN(c2ccc(Nc3ncc4c5ccncc5n(C5CCCC5)c4n3)nn2)CC1,6.958607314841775,True,<rdkit.Chem.rdchem.Mol object at 0x735c78f39380>,False
CHEMBL3922015,CDK9,110.0,nM,CC1c2c(C3=CCN(S(C)(=O)=O)CC3)[nH]c3nccc(c23)-c2cc(F)ccc2N1C,6.958607314841775,True,<rdkit.Chem.rdchem.Mol object at 0x735c78f38b30>,False
CHEMBL1615221,CDK9,110.0,nM,CC[C@@H](CO)Nc1nc(NCc2ccc(-c3ccccn3)cc2)c2ncn(C(C)C)c2n1,6.958607314841775,True,<rdkit.Chem.rdchem.Mol object at 0x735c78f394d0>,False
CHEMBL3668526,CDK9,111.0,nM,COc1ccc(F)cc1-c1ccnc2[nH]c(C3=CCN(CC(=O)N(C)C)[C@H](CO)C3)cc12,6.954677021213342,True,<rdkit.Chem.rdchem.Mol object at 0x735c78f395b0>,False
CHEMBL3702205,CDK6,111.0,nM,O[C@H]1CCN(c2ccc(Nc3ncc4c5ccccc5n(C5CCCC5)c4n3)nc2)C1,6.954677021213342,True,<rdkit.Chem.rdchem.Mol object at 0x735c78f39770>,False
CHEMBL3702138,CDK6,112.0,nM,c1cc2c3cnc(Nc4ccc(N5CCNCC5)cn4)cc3n(C3CCCC3)c2cn1,6.950781977329818,True,<rdkit.Chem.rdchem.Mol object at 0x735c78f3bd80>,False
CHEMBL3698685,CDK6,112.0,nM,O=C(c1cnc(Nc2ncc3c4ccncc4n(C4CCCC4)c3n2)s1)N1CCNCC1,6.950781977329818,True,<rdkit.Chem.rdchem.Mol object at 0x735c78f3a260>,False
CHEMBL5569715,CDK1,112.0,nM,CC(C)(O)Cn1cc(-c2nc(NC3CCN(S(=O)(=O)C4CC4)CC3)ncc2C(F)(F)F)cn1,6.950781977329818,True,<rdkit.Chem.rdchem.Mol object at 0x735c78f3b060>,False
CHEMBL3641976,CDK4,112.0,nM,C[C@@H](O)Cn1c2cnccc2c2cnc(Nc3ccc(N4CCNC(C)(C)C4)nn3)nc21,6.950781977329818,True,<rdkit.Chem.rdchem.Mol object at 0x735c78f39cb0>,False
CHEMBL5562769,CDK2,112.0,nM,CNCc1ccc(-n2cc(-c3nc(NC4CCN(S(C)(=O)=O)CC4)ncc3C#N)cn2)c(Cl)c1,6.950781977329818,True,<rdkit.Chem.rdchem.Mol object at 0x735c78f3b530>,False
CHEMBL5986250,CDK6,112.0,nM,Fc1cnc(Nc2ccc(N3CCOCC3)cn2)nc1-c1cc(F)c2c(c1)N(C1CCC1)CCO2,6.950781977329818,True,<rdkit.Chem.rdchem.Mol object at 0x735c78f3ba00>,False
CHEMBL3691598,CDK4,112.0,nM,CN(C)C(=O)c1cc2cnc(Nc3ccc(C(=O)N4CC5CCC(C4)N5)cn3)nc2n1C1CCN(C2CC2)CC1,6.950781977329818,True,<rdkit.Chem.rdchem.Mol object at 0x735c78f3a9d0>,False
CHEMBL6152017,CDK2,112.3,nM,Clc1cnc2[nH]c(C3CCNCC3)cc2c1-c1cnn(CC2CC2)c1,6.949620243738542,True,<rdkit.Chem.rdchem.Mol object at 0x735c78f3a110>,False
CHEMBL5867735,CDK6,113.0,nM,Cc1nc2c(F)cc(-c3nc(Nc4ccc5c(n4)CN(CCN(C)C)C5=O)ncc3F)cc2n1C(C)C,6.94692155651658,True,<rdkit.Chem.rdchem.Mol object at 0x735c78f39700>,False
CHEMBL3702087,CDK4,113.0,nM,COc1ccc2c3cnc(Nc4ccc(N5CCNCC5)cn4)nc3n(C3CCCC3)c2n1,6.94692155651658,True,<rdkit.Chem.rdchem.Mol object at 0x735c78f383c0>,False
CHEMBL3822619,CDK2,113.0,nM,CCc1nn(C2CCN(C(C)=O)CC2)cc1Nc1ncc(Cl)c(-c2cnn3ccccc23)n1,6.94692155651658,True,<rdkit.Chem.rdchem.Mol object at 0x735c78f3bf40>,False
CHEMBL5423237,CDK1,113.96,nM,O=C(c1ccc(Cl)cc1)N1CCN(c2nnc(Cc3ccccc3)c3ccccc23)CC1,6.94324755943256,True,<rdkit.Chem.rdchem.Mol object at 0x735c78f3b840>,False
CHEMBL3918885,CDK9,114.0,nM,COc1ccc(F)cc1-c1ccnc2[nH]c(C3=CC4CCC(C3)N4CC(=O)N(C)C)cc12,6.943095148663527,True,<rdkit.Chem.rdchem.Mol object at 0x735c78f3b140>,False
CHEMBL3925253,CDK9,114.0,nM,COc1ccc(F)cc1-c1ccnc2[nH]c(C3=CC4CCC(C3)N4CC(=O)N(C)CCO)cc12,6.943095148663527,True,<rdkit.Chem.rdchem.Mol object at 0x735c78f3b920>,False
CHEMBL2036792,CDK2,114.0,nM,CNc1ncc2c(-c3ccc(N4CCNCC4)cc3)nn(CC3CCC(N)CC3)c2n1,6.943095148663527,True,<rdkit.Chem.rdchem.Mol object at 0x735c78f382e0>,False
CHEMBL3691675,CDK4,114.0,nM,CC(=O)N1[C@@H]2CC[C@H]1CN(c1ccc(Nc3ncc4cc(C(=O)N(C)C)n(C5CCCC5)c4n3)nc1)C(=O)C2,6.943095148663527,True,<rdkit.Chem.rdchem.Mol object at 0x735c78f3a8f0>,False
CHEMBL5424761,CDK2,114.62,nM,O=C(c1ccccc1)N1CCN(c2nnc(Cc3ccccc3)c3ccccc23)CC1,6.940739595878269,True,<rdkit.Chem.rdchem.Mol object at 0x735c78f3bae0>,False
CHEMBL3933205,CDK9,115.0,nM,CN(C)C(=O)CN1CC=C(c2[nH]c3nccc4c3c2CN(C)c2ccccc2-4)CC1,6.939302159646388,True,<rdkit.Chem.rdchem.Mol object at 0x735c78f39d20>,False
CHEMBL5574741,CDK2,115.0,nM,Cn1cnc(S(=O)(=O)N2CCC(Nc3ncc(C#N)c(-c4cnn(CC(F)(F)F)c4)n3)CC2)c1,6.939302159646388,True,<rdkit.Chem.rdchem.Mol object at 0x735c78f39850>,False
CHEMBL3641984,CDK4,115.0,nM,C[C@@H](O)Cn1c2cnccc2c2cnc(Nc3ccc(N4CCNC(C)(C)C4)cn3)nc21,6.939302159646388,True,<rdkit.Chem.rdchem.Mol object at 0x735c78f38120>,False
CHEMBL3668534,CDK9,115.0,nM,COc1ccc(F)cc1-c1ccnc2[nH]c(C3=C[C@H](CO)N(CC(=O)N(C)C)CC3)cc12,6.939302159646388,True,<rdkit.Chem.rdchem.Mol object at 0x735c78f3aa40>,False
CHEMBL3673491,CDK9,115.0,nM,COc1ccc(F)cc1-c1ccnc2[nH]c(C3=CC4CN(C(=O)C5CC(O)C5)CC4C3)cc12,6.939302159646388,True,<rdkit.Chem.rdchem.Mol object at 0x735c78f38200>,False
CHEMBL5537062,CDK2,115.2,nM,CC[C@@H](CO)Nc1nc(NCc2ccc(NC(=O)C3CCN(C(C)=O)CC3)cc2)n2ncc(C(C)C)c2n1,6.938547520912807,True,<rdkit.Chem.rdchem.Mol object at 0x735c78f3ab90>,False
CHEMBL1081105,CDK2,117.0,nM,N[C@H](CCc1cc(-c2ccc3cnccc3c2)no1)Cc1ccc(C(F)(F)F)cc1,6.931814138253838,True,<rdkit.Chem.rdchem.Mol object at 0x735c78f3bed0>,False
CHEMBL3668547,CDK9,117.0,nM,COc1ccc(F)cc1-c1c(F)cnc2[nH]c(C3=CC4CN(S(C)(=O)=O)CC4C3)cc12,6.931814138253838,True,<rdkit.Chem.rdchem.Mol object at 0x735c78f38ac0>,False
CHEMBL5841163,CDK2,117.0,nM,CCN1CCN(c2ccc(Nc3ncc(F)c(-c4cc(F)c5nc6n(c5c4)C(C)(C)CC6)n3)nc2)CC1,6.931814138253838,True,<rdkit.Chem.rdchem.Mol object at 0x735c78f3bc30>,False
CHEMBL5077271,CDK6,118.0,nM,CC(C)N1CCN(C(=O)c2ccc(Nc3ncc(F)c(-c4ccc5ncc(N(C)C)nc5c4)n3)nc2)CC1,6.928117992693874,True,<rdkit.Chem.rdchem.Mol object at 0x735c78f398c0>,False
CHEMBL5082230,CDK6,118.0,nM,Fc1cnc(Nc2ccc(N3CCNCC3)cn2)nc1-c1ccc2nccnc2c1,6.928117992693874,True,<rdkit.Chem.rdchem.Mol object at 0x735c78f38580>,False
CHEMBL378420,CDK2,118.0,nM,Nc1nc(Nc2ccc(S(=O)(=O)NC(=O)CCN3CCOCC3)cc2)nn1C(=O)c1c(F)cccc1F,6.928117992693874,True,<rdkit.Chem.rdchem.Mol object at 0x735c78f3a0a0>,False
CHEMBL3668511,CDK9,118.0,nM,COc1ccc(F)cc1-c1ccnc2[nH]c(C3=CCN(CC(=O)N4CCC[C@H]4C(N)=O)CC3)cc12,6.928117992693874,True,<rdkit.Chem.rdchem.Mol object at 0x735c78f3a650>,False
CHEMBL2403086,CDK1,119.0,nM,NC1CCC(Nc2nc(NCc3ccc(-c4cccs4)cc3)c3ncn(C4CCCC4)c3n2)CC1,6.924453038607469,True,<rdkit.Chem.rdchem.Mol object at 0x735c78f39bd0>,False
CHEMBL3691576,CDK4,119.0,nM,CN(C)C(=O)c1cc2cnc(Nc3ccc(C(=O)N4CC5CCC(C4)C5O)cn3)nc2n1C1CCCC1,6.924453038607469,True,<rdkit.Chem.rdchem.Mol object at 0x735c78f38970>,False
CHEMBL5879318,CDK1,119.0,nM,CNCC(=O)N1CCc2nc(Nc3ncc(F)c(-c4cc(F)c5nc(C)n(C6CCC6)c5c4)n3)ccc2C1,6.924453038607469,True,<rdkit.Chem.rdchem.Mol object at 0x735c78f3b760>,False
CHEMBL3668560,CDK9,119.0,nM,COc1ccc(F)cc1-c1ccnc2[nH]c(C3=CC4CN(CC(=O)N5CC(O)C5)CC4C3)cc12,6.924453038607469,True,<rdkit.Chem.rdchem.Mol object at 0x735c78f3b990>,False
CHEMBL452602,CDK9,120.0,nM,C[C@@H]1CNC[C@H](C(=O)Nc2ncc(SCc3ncc(C(C)(C)C)o3)s2)C1,6.920818753952375,True,<rdkit.Chem.rdchem.Mol object at 0x735c78f3a810>,False
CHEMBL3985017,CDK9,120.0,nM,CC(C)[C@H](NC1CC=C(c2[nH]c3nccc4c3c2CN(C)c2ccc(F)cc2-4)CC1)C(=O)O,6.920818753952375,True,<rdkit.Chem.rdchem.Mol object at 0x735c78f3af80>,False
CHEMBL525194,CDK2,120.0,nM,c1cnn2ncc(-c3ccnc(NC4CC4)n3)c2c1,6.920818753952375,True,<rdkit.Chem.rdchem.Mol object at 0x735c78f3a960>,False
CHEMBL3668411,CDK9,120.0,nM,CN1CCC(c2cc3c(-c4cccc(N(C)CCc5ccccc5)n4)ccnc3[nH]2)CC1,6.920818753952375,True,<rdkit.Chem.rdchem.Mol object at 0x735c78f391c0>,False
CHEMBL3961213,CDK9,120.0,nM,CN(C)C(=O)C1CC=C(c2[nH]c3nccc4c3c2CN(C)c2ccc(F)cc2-4)CC1,6.920818753952375,True,<rdkit.Chem.rdchem.Mol object at 0x735c78f3a500>,False
CHEMBL322568,CDK2,120.0,nM,CSc1ccc(Nc2nc(N)c(N=O)c(OCC3CCCCC3)n2)cc1,6.920818753952375,True,<rdkit.Chem.rdchem.Mol object at 0x735c78f38c10>,False
CHEMBL3668347,CDK9,120.0,nM,COc1cc(Cl)ccc1-c1ccnc2[nH]c(C3CNC(C)(C)CO3)cc12,6.920818753952375,True,<rdkit.Chem.rdchem.Mol object at 0x735c78f39150>,False
CHEMBL3589663,CDK9,120.0,nM,COc1cccc2c1[nH]c1c3ccccc3nc(C(=O)O)c21,6.920818753952375,True,<rdkit.Chem.rdchem.Mol object at 0x735c78f3bdf0>,False
CHEMBL4878465,CDK9,120.0,nM,COc1ccc(F)cc1-c1ccnc2[nH]c(C3=CCC(N4CCC(C(=O)O)CC4)CC3)cc12,6.920818753952375,True,<rdkit.Chem.rdchem.Mol object at 0x735c78f3bbc0>,False
CHEMBL4848653,CDK9,120.0,nM,COc1ccc(F)cc1-c1c(F)cnc2[nH]c(C3=CCN([C@H]4CC[C@@H](CC(=O)O)CC4)CC3)cc12,6.920818753952375,True,<rdkit.Chem.rdchem.Mol object at 0x735c78f3ba70>,False
CHEMBL378248,CDK2,120.0,nM,NCC(=O)NS(=O)(=O)c1ccc(Nc2nc(N)n(C(=O)c3c(F)cccc3F)n2)cc1,6.920818753952375,True,<rdkit.Chem.rdchem.Mol object at 0x735c78f39690>,False
CHEMBL5287079,CDK2,120.0,nM,N[C@H](COc1cncc(-c2ccc3[nH]nc(NC(=O)c4ccccc4)c3c2)c1)c1ccccc1,6.920818753952375,True,<rdkit.Chem.rdchem.Mol object at 0x735c78f38c80>,False
CHEMBL5985041,CDK9,120.0,nM,CCS(=O)(=O)NCC(=O)Nc1cc(-c2ccc3ncn(CC4CCOCC4)c3c2)c(Cl)cn1,6.920818753952375,True,<rdkit.Chem.rdchem.Mol object at 0x735c78f3b7d0>,False
CHEMBL3668406,CDK9,120.0,nM,CN1CCC(c2cc3c(-c4nc(NCC5CCOCC5)ccc4Cl)ccnc3[nH]2)CC1,6.920818753952375,True,<rdkit.Chem.rdchem.Mol object at 0x735c78f3b680>,False
CHEMBL3668360,CDK9,120.0,nM,NC1CCCC(c2cc3c(-c4cccc(NCc5ccccc5)n4)c(Cl)cnc3[nH]2)C1,6.920818753952375,True,<rdkit.Chem.rdchem.Mol object at 0x735c78f3b5a0>,False
CHEMBL3951345,CDK9,120.0,nM,CN1Cc2c(C3=CCCN(S(C)(=O)=O)CC3)[nH]c3nccc(c23)-c2cc(F)ccc21,6.920818753952375,True,<rdkit.Chem.rdchem.Mol object at 0x735c78f3b290>,False
CHEMBL3663771,CDK9,120.0,nM,COc1ccc(C)cc1-c1ccnc2[nH]c(C3CCN(C)CC3)cc12,6.920818753952375,True,<rdkit.Chem.rdchem.Mol object at 0x735c78f386d0>,False
CHEMBL518826,CDK1,120.0,nM,CCCN(C)[C@H]1CCN(C(=O)c2ccc(Nc3nccc(-c4cnc(C)n4C(C)C)n3)cc2)C1,6.920818753952375,True,<rdkit.Chem.rdchem.Mol object at 0x735c78f3b220>,False
CHEMBL5763728,CDK9,120.0,nM,Fc1cccc(Cn2cnc3ccc(-c4cc(NC5CCCNC5)ncc4Cl)cc32)c1,6.920818753952375,True,<rdkit.Chem.rdchem.Mol object at 0x735c78f3b1b0>,False
CHEMBL202695,CDK2,120.0,nM,CN(C)S(=O)(=O)c1ccc(Nc2cc(N[C@H]3CC[C@H](N)CC3)nc3ncnn23)cc1,6.920818753952375,True,<rdkit.Chem.rdchem.Mol object at 0x735c78f3b0d0>,False
CHEMBL3894563,CDK9,120.0,nM,CCC1c2c(C3=CCN(S(C)(=O)=O)CC3)[nH]c3nccc(c23)-c2cc(F)ccc2N1C,6.920818753952375,True,<rdkit.Chem.rdchem.Mol object at 0x735c78f3aff0>,False
CHEMBL5769969,CDK9,120.0,nM,Fc1cccc(Cn2cnc3ccc(-c4cc(NCC5(F)CCNCC5)ncc4Cl)cc32)c1,6.920818753952375,True,<rdkit.Chem.rdchem.Mol object at 0x735c78f3aea0>,False
CHEMBL251740,CDK1,120.0,nM,COCc1cccc2[nH]c(-c3nn(C)c4ncc(-c5cncc6ccccc56)cc34)nc12,6.920818753952375,True,<rdkit.Chem.rdchem.Mol object at 0x735c78f3ae30>,False
CHEMBL3943237,CDK9,120.0,nM,COc1ccc(F)cc1-c1c(C#N)cnc2[nH]c(C3=CC4CCC(C3)N4CC(=O)N(C)C)cc12,6.920818753952375,True,<rdkit.Chem.rdchem.Mol object at 0x735c78f3ad50>,False
CHEMBL5191725,CDK9,120.0,nM,CC(C)n1cc(-c2ccnc3[nH]c(C4CCNCC4)cc23)ccc1=O,6.920818753952375,True,<rdkit.Chem.rdchem.Mol object at 0x735c78f3ac70>,False
CHEMBL3892893,CDK9,120.0,nM,CN1Cc2c(C3=CCN(C4CCC(C(=O)O)CC4)CC3)[nH]c3nccc(c23)-c2ccccc21,6.920818753952375,True,<rdkit.Chem.rdchem.Mol object at 0x735c78f3ac00>,False
CHEMBL249518,CDK1,120.0,nM,COCc1cccc2[nH]c(-c3n[nH]c4ncc(-c5cncc(CN(C)C)c5)cc34)nc12,6.920818753952375,True,<rdkit.Chem.rdchem.Mol object at 0x735c78f3ab20>,False
CHEMBL3655765,CDK2,120.0,nM,CC[C@H](Nc1nc(NCc2cccc(F)c2)c2ncn(C(C)C)c2n1)[C@@H](C)O,6.920818753952375,True,<rdkit.Chem.rdchem.Mol object at 0x735c78f38ba0>,False
CHEMBL368278,CDK1,120.0,nM,CCn1cnc2c(Nc3cccc(Cl)c3)nc(N[C@H]3CCC[C@@H](N)C3)nc21,6.920818753952375,True,<rdkit.Chem.rdchem.Mol object at 0x735c78f3a7a0>,False
CHEMBL186800,CDK2,121.0,nM,Nc1nc2ccc(C(=O)c3c(F)cccc3F)cn2c1C(=O)c1c(Cl)cccc1Cl,6.91721462968355,True,<rdkit.Chem.rdchem.Mol object at 0x735c78f3a730>,False
CHEMBL4798690,CDK9,121.9,nM,CC(C)N1c2cc(Nc3nccc(-c4cccc(NC5CCCC5)c4)n3)ccc2N(C)C(=O)[C@H]1C,6.913996294381619,True,<rdkit.Chem.rdchem.Mol object at 0x735c78f3a5e0>,False
CHEMBL5870326,CDK2,122.0,nM,Cc1nc2c(F)cc(-c3nc(Nc4ccc5c(n4)CCN(C(=O)NCCN(C)C)C5)ncc3F)cc2n1C1CC1,6.913640169325252,True,<rdkit.Chem.rdchem.Mol object at 0x735c78f3a570>,False
CHEMBL189136,CDK2,122.0,nM,Nc1nc2ccc(C(=O)c3c(F)cccc3F)cn2c1C(=O)c1c(F)cccc1F,6.913640169325252,True,<rdkit.Chem.rdchem.Mol object at 0x735c78f3a340>,False
CHEMBL141247,CDK1,122.0,nM,O=C(Nc1ccccn1)Nc1cccc2c1[C@H]1CCCN1C2=O,6.913640169325252,True,<rdkit.Chem.rdchem.Mol object at 0x735c78f3a2d0>,False
CHEMBL3668537,CDK9,122.0,nM,COc1ccc(F)cc1-c1ccnc2[nH]c(C3=CCN(S(C)(=O)=O)C(C)(C)C3)cc12,6.913640169325252,True,<rdkit.Chem.rdchem.Mol object at 0x735c78f3a1f0>,False
CHEMBL3641929,CDK4,123.0,nM,O[C@@H]1CCN(c2ccc(Nc3ncc4c5ccncc5n([C@H]5CCC[C@H]5O)c4n3)nc2)C1,6.910094888560602,True,<rdkit.Chem.rdchem.Mol object at 0x735c78f3a180>,False
CHEMBL3702187,CDK4,123.0,nM,CN(C)C1CCN(c2ccc(Nc3ncc4c5ccncc5n([C@H]5CC[C@H](O)CC5)c4n3)nn2)CC1,6.910094888560602,True,<rdkit.Chem.rdchem.Mol object at 0x735c78f3a030>,False
CHEMBL245336,CDK2,123.0,nM,CNC(=O)CN1CCC(Nc2ncc(Cl)c(-c3c[nH]c4ccccc34)n2)CC1,6.910094888560602,True,<rdkit.Chem.rdchem.Mol object at 0x735c78f39fc0>,False
CHEMBL83443,CDK2,124.0,nM,CC(C)Cc1cc(-c2ccc[nH]2)c2c3c(ccc(F)c13)NC2=O,6.906578314837764,True,<rdkit.Chem.rdchem.Mol object at 0x735c78f39ee0>,False
CHEMBL3668544,CDK9,124.0,nM,COc1ccc(F)cc1-c1c(F)cnc2[nH]c(C3=CCC(C(=O)O)CC3)cc12,6.906578314837764,True,<rdkit.Chem.rdchem.Mol object at 0x735c78f39e70>,False
CHEMBL3967592,CDK2,124.0,nM,O=C1NCC2(CCCCC2)n2c1cc1cnc(Nc3ccc(C(=O)N4CCNCC4)cn3)nc12,6.906578314837764,True,<rdkit.Chem.rdchem.Mol object at 0x735c78f39d90>,False
CHEMBL5542804,CDK2,124.7,nM,CC[C@H](CO)Nc1nc(NCc2ccc(NC(=O)C3CCN(C(C)=O)CC3)cc2)n2ncc(C(C)C)c2n1,6.904133546521457,True,<rdkit.Chem.rdchem.Mol object at 0x735c78f39b60>,False
CHEMBL5557384,CDK1,124.7,nM,CC(C)N1CCN(C(=O)c2ccnc(Nc3cc(-c4ccc5nnn(C(C)C)c5c4)ccn3)c2)CC1,6.904133546521457,True,<rdkit.Chem.rdchem.Mol object at 0x735c78f39af0>,False
CHEMBL3668561,CDK9,125.0,nM,COc1ccc(F)cc1-c1ccnc2[nH]c(C3=CC4CN(CC(=O)N5CCC[C@H]5CO)CC4C3)cc12,6.903089986991944,True,<rdkit.Chem.rdchem.Mol object at 0x735c78f399a0>,False
CHEMBL3702137,CDK4,125.0,nM,c1cc2c3cnc(Nc4ccc(N5CCNCC5)cn4)cc3n(Cc3ccsc3)c2cn1,6.903089986991944,True,<rdkit.Chem.rdchem.Mol object at 0x735c78f39930>,False
CHEMBL3691605,CDK4,125.5,nM,CCOC(=O)N1C2CCC1CN(C(=O)c1ccc(Nc3ncc4cc(C(=O)N(C)C)n(C5CCCC5)c4n3)nc1)C2,6.901356274182943,True,<rdkit.Chem.rdchem.Mol object at 0x735c78f39620>,False
CHEMBL3668503,CDK9,126.0,nM,COc1ccc(F)cc1-c1c(C#N)cnc2[nH]c(C3=CCN(CC(=O)N(C)C)CC3)cc12,6.899629454882437,True,<rdkit.Chem.rdchem.Mol object at 0x735c78f393f0>,False
CHEMBL3698686,CDK4,126.0,nM,Cc1cc(N2CCNCC2)cnc1Nc1ncc2c3ccncc3n(C3CCCC3)c2n1,6.899629454882437,True,<rdkit.Chem.rdchem.Mol object at 0x735c78f390e0>,False
CHEMBL5964401,CDK1,126.0,nM,CCC(CC)n1c(C)nc2c(F)cc(-c3nc(Nc4ccc5c(n4)CCNC5)ncc3F)cc21,6.899629454882437,True,<rdkit.Chem.rdchem.Mol object at 0x735c78f39070>,False
CHEMBL319903,CDK1,126.0,nM,NS(=O)(=O)c1ccc(Nc2cc(-c3ccc(Br)cc3)[nH]n2)cc1,6.899629454882437,True,<rdkit.Chem.rdchem.Mol object at 0x735c78f39000>,False
CHEMBL5900599,CDK2,126.0,nM,CCn1c(C)nc2c(F)cc(-c3nc(Nc4ccc5c(n4)CCNC5)ncc3F)cc21,6.899629454882437,True,<rdkit.Chem.rdchem.Mol object at 0x735c78f38e40>,False
CHEMBL192374,CDK1,126.0,nM,Clc1cccc(CNc2nc(Nc3ccc4[nH]cnc4c3)ncc2Br)c1Cl,6.899629454882437,True,<rdkit.Chem.rdchem.Mol object at 0x735c78f38cf0>,False
CHEMBL4754326,CDK9,126.4,nM,COc1cccc(-c2ccnc(Nc3ccc4c(c3)N(C(C)C)[C@H](C)C(=O)N4C)n2)c1,6.898252926053633,True,<rdkit.Chem.rdchem.Mol object at 0x735c78f38900>,False
CHEMBL5956369,CDK2,128.0,nM,Cc1nc2c(F)cc(-c3nc(Nc4ccc5c(n4)CCNC5)ncc3F)cc2n1C1CCCC1,6.892790030352131,True,<rdkit.Chem.rdchem.Mol object at 0x735c78f38510>,False
CHEMBL5879318,CDK2,129.0,nM,CNCC(=O)N1CCc2nc(Nc3ncc(F)c(-c4cc(F)c5nc(C)n(C6CCC6)c5c4)n3)ccc2C1,6.889410289700751,True,<rdkit.Chem.rdchem.Mol object at 0x735c78f384a0>,False
CHEMBL3698680,CDK6,129.0,nM,CC(C)(CO)Cn1c2cnccc2c2cnc(Nc3ccc(N4CCNCC4)cn3)nc21,6.889410289700751,True,<rdkit.Chem.rdchem.Mol object at 0x735c78f38270>,False
CHEMBL3641930,CDK4,129.0,nM,C[C@@H](CO)n1c2cnccc2c2cnc(Nc3ccc(N4CCC(N(C)C)CC4)nn3)nc21,6.889410289700751,True,<rdkit.Chem.rdchem.Mol object at 0x735c78f38820>,False
CHEMBL5518081,CDK9,129.4,nM,CC(=O)Nc1ccc(CNc2nc(NC3COC3)nc3c(C(C)C)cnn23)cc1,6.888065723667319,True,<rdkit.Chem.rdchem.Mol object at 0x735c78f3a3b0>,False
CHEMBL5512517,CDK9,129.65,nM,CC[C@@H](CO)Nc1cc(NCc2ccc(NC(C)=O)cc2)n2ncc(C(C)C)c2n1,6.88722747889463,True,<rdkit.Chem.rdchem.Mol object at 0x735c78f3b8b0>,False
CHEMBL3668504,CDK9,130.0,nM,CCN(C(=O)O)S(=O)(=O)N1CC=C(c2cc3c(-c4cc(F)ccc4OC)c(F)cnc3[nH]2)CC1,6.886056647693163,True,<rdkit.Chem.rdchem.Mol object at 0x735c78f3b300>,False
CHEMBL5928520,CDK9,130.0,nM,Fc1cccc(Cn2cnc3ccc(-c4cc(NC5CCC56CCNCC6)ncc4Cl)cc32)c1,6.886056647693163,True,<rdkit.Chem.rdchem.Mol object at 0x735c78f38dd0>,False
CHEMBL5835954,CDK9,130.0,nM,COC(=O)c1ccc(Cn2cnc3ccc(-c4cc(NC(=O)[C@@H]5CCCNC5)ncc4Cl)cc32)cc1,6.886056647693163,True,<rdkit.Chem.rdchem.Mol object at 0x735c78f3b370>,False
CHEMBL5759444,CDK9,130.0,nM,N#CC1(Cc2cc(N3CCC[C@@H](C(N)=O)C3)ncc2Cl)CCOCC1,6.886056647693163,True,<rdkit.Chem.rdchem.Mol object at 0x735c78f3af10>,False
CHEMBL3663755,CDK9,130.0,nM,CN1CCCC(c2cc3c(-c4cccc(NCc5ccccc5)n4)ccnc3[nH]2)C1,6.886056647693163,True,<rdkit.Chem.rdchem.Mol object at 0x735c78f38350>,False
CHEMBL5808947,CDK9,130.0,nM,Nc1cc(-c2ccc3ncn(Cc4cccc(F)c4)c3c2)c(Cl)cn1,6.886056647693163,True,<rdkit.Chem.rdchem.Mol object at 0x735c78f3aab0>,False
CHEMBL5988623,CDK9,130.0,nM,CN1CCN(S(=O)(=O)CC(=O)Nc2cc(-c3ccc4ncn(Cc5cccc(F)c5)c4c3)c(Cl)cn2)CC1,6.886056647693163,True,<rdkit.Chem.rdchem.Mol object at 0x735c78f380b0>,False
CHEMBL5750857,CDK9,130.0,nM,Fc1cccc(Cn2cnc3ccc(-c4cc(N[C@@H]5CCC[C@H]6CCNC[C@H]65)ncc4Cl)cc32)c1,6.886056647693163,True,<rdkit.Chem.rdchem.Mol object at 0x735c78f39540>,False
CHEMBL451462,CDK1,130.0,nM,Cc1ncc(-c2nc(Nc3ccc(C(=O)N4CCN(C)CC4)cc3)ncc2F)n1C(C)C,6.886056647693163,True,<rdkit.Chem.rdchem.Mol object at 0x735c78f3be60>,False
CHEMBL3648071,CDK1,130.0,nM,C[C@@H](O)[C@@H](C)Nc1nc(Nc2ccc(S(C)(=N)=O)cc2)ncc1Br,6.886056647693163,True,<rdkit.Chem.rdchem.Mol object at 0x735c78f3b6f0>,False
CHEMBL5993518,CDK9,130.0,nM,CS(=O)(=O)N1CCC2(C1)C(C(=O)Nc1cc(-c3ccc4ncn(Cc5cccc(F)c5)c4c3)c(Cl)cn1)CCS2(=O)=O,6.886056647693163,True,<rdkit.Chem.rdchem.Mol object at 0x735c78f3b610>,False
CHEMBL3668404,CDK9,130.0,nM,CN1CCC(c2cc3c(-c4nc(N)ccc4Cl)ccnc3[nH]2)CC1,6.886056647693163,True,<rdkit.Chem.rdchem.Mol object at 0x735c78f3a880>,False
CHEMBL3924252,CDK9,130.0,nM,OCC(O)CN1CC=C(c2[nH]c3nccc4c3c2COc2ccc(F)cc2-4)CC1,6.886056647693163,True,<rdkit.Chem.rdchem.Mol object at 0x735c78f38430>,False
CHEMBL3982411,CDK9,130.0,nM,CN1Cc2c(-c3ccncc3)[nH]c3nccc(c23)-c2cc(F)ccc21,6.886056647693163,True,<rdkit.Chem.rdchem.Mol object at 0x735c78f959a0>,False
CHEMBL3975945,CDK9,130.0,nM,CCC[C@H](NC1CC=C(c2[nH]c3nccc4c3c2CN(C)c2ccc(F)cc2-4)CC1)C(=O)O,6.886056647693163,True,<rdkit.Chem.rdchem.Mol object at 0x735c78f957e0>,False
CHEMBL5171361,CDK9,130.0,nM,COCCn1cc(-c2ccnc3[nH]c(C4CCN(CC(=O)N(C)C)CC4)cc23)ccc1=O,6.886056647693163,True,<rdkit.Chem.rdchem.Mol object at 0x735c78f973e0>,False
CHEMBL133498,CDK1,130.0,nM,CN1CC[C@H](c2c(O)cc(O)c3c(=O)cc(Oc4ccccc4Cl)oc23)[C@H](O)C1,6.886056647693163,True,<rdkit.Chem.rdchem.Mol object at 0x735c78f953f0>,False
CHEMBL5869709,CDK9,130.0,nM,O=C(Nc1cc(-c2ccc3ncn(CC4CCOCC4)c3c2)c(Cl)cn1)C1CC2(CNC2)C1,6.886056647693163,True,<rdkit.Chem.rdchem.Mol object at 0x735c78f962d0>,False
CHEMBL4849746,CDK9,130.0,nM,COc1ccc(F)cc1-c1ccnc2[nH]c(C3=CCC(N4CCN(CC(=O)O)CC4)CC3)cc12,6.886056647693163,True,<rdkit.Chem.rdchem.Mol object at 0x735c78f94200>,False
CHEMBL1336,CDK6,130.0,nM,CNC(=O)c1cc(Oc2ccc(NC(=O)Nc3ccc(Cl)c(C(F)(F)F)c3)cc2)ccn1,6.886056647693163,True,<rdkit.Chem.rdchem.Mol object at 0x735c78f95310>,False
CHEMBL6014160,CDK9,130.0,nM,Fc1cccc(Cn2cnc3ccc(-c4cc(NCCc5ccncc5)ncc4Cl)cc32)c1,6.886056647693163,True,<rdkit.Chem.rdchem.Mol object at 0x735c78f95b60>,False
CHEMBL3702139,CDK6,131.0,nM,c1csc(Cn2c3cnccc3c3cnc(Nc4ccc(N5CCNCC5)cn4)cc32)c1,6.882728704344236,True,<rdkit.Chem.rdchem.Mol object at 0x735c78f967a0>,False
CHEMBL3902691,CDK9,131.0,nM,COc1ccc(F)cc1-c1ccnc2[nH]c(C3=CC4CCC(C3)N4C(=O)CN3CC(O)C3)cc12,6.882728704344236,True,<rdkit.Chem.rdchem.Mol object at 0x735c78f95690>,False
CHEMBL4213756,CDK1,132.0,nM,COCCN1CCc2nc(Nc3ncc(F)c(-c4cc(F)c5nc(C)n(C(C)C)c5c4)n3)ccc2C1,6.8794260687941495,True,<rdkit.Chem.rdchem.Mol object at 0x735c78f96f10>,False
CHEMBL6152166,CDK6,132.0,nM,CC(=O)N1CCC2(CC1)CC(=O)c1ccc(-c3nc(Nc4ccc(C(=O)N5CCN(C)CC5)cn4)ncc3F)cc1O2,6.8794260687941495,True,<rdkit.Chem.rdchem.Mol object at 0x735c78f944a0>,False
CHEMBL5853767,CDK1,133.0,nM,Cc1nc2c(F)cc(-c3nc(Nc4ccc5c(n4)CCN(C[C@@H]4CNCCO4)C5)ncc3F)cc2n1C(C)C,6.876148359032914,True,<rdkit.Chem.rdchem.Mol object at 0x735c78f942e0>,False
CHEMBL5838972,CDK1,133.0,nM,O=C(c1ccc(Nc2ncc3cc4n(c3n2)C2(CCCCC2)C(=O)NN4)cc1)N1CCNCC1,6.876148359032914,True,<rdkit.Chem.rdchem.Mol object at 0x735c78f978b0>,False
CHEMBL5935906,CDK9,133.0,nM,CNCCN1CCc2nc(Nc3ncc(F)c(-c4cc(F)c5nc(C)n(C6CC6)c5c4)n3)ccc2C1,6.876148359032914,True,<rdkit.Chem.rdchem.Mol object at 0x735c78f96f80>,False
CHEMBL2011927,CDK2,133.0,nM,COc1ccc(-c2nc3c(OCC4CCNCC4)c(Br)cnc3[nH]2)cc1,6.876148359032914,True,<rdkit.Chem.rdchem.Mol object at 0x735c78f95460>,False
CHEMBL5811976,CDK1,133.0,nM,Cc1nc2c(F)cc(-c3nc(Nc4ccc5c(n4)CCN(C[C@@H]4CNCCO4)C5)ncc3F)cc2n1C(C)(C)C,6.876148359032914,True,<rdkit.Chem.rdchem.Mol object at 0x735c78f94ba0>,False
CHEMBL4207218,CDK1,133.8,nM,CCN1CCC(Cc2cnc(Nc3cc(-c4cc(F)c5nc(C)n(C(C)C)c5c4)ncn3)cn2)CC1,6.873543886568196,True,<rdkit.Chem.rdchem.Mol object at 0x735c78f94b30>,False
CHEMBL1271898,CDK4,134.0,nM,CC(C)c1n[nH]c(Cl)c1-c1ccnc(Nc2ccc(C3CCNCC3)cn2)n1,6.872895201635192,True,<rdkit.Chem.rdchem.Mol object at 0x735c78f949e0>,False
CHEMBL5561839,CDK2,134.2,nM,CC(C)n1nnc2ccc(-c3ccnc(Nc4cc(C(=O)N5CCCC5)ccn4)c3)cc21,6.872247484167026,True,<rdkit.Chem.rdchem.Mol object at 0x735c78f95af0>,False
CHEMBL5925248,CDK2,135.0,nM,Cc1nc2c(F)cc(-c3nc(Nc4ccc5c(n4)CCN(C[C@H](C)N(C)C)C5)ncc3F)cc2n1C1CC1,6.8696662315049934,True,<rdkit.Chem.rdchem.Mol object at 0x735c78f97bc0>,False
CHEMBL194124,CDK1,135.0,nM,Cc1ccccc1Sc1nc(Nc2ccc3[nH]cnc3c2)ncc1C(F)(F)F,6.8696662315049934,True,<rdkit.Chem.rdchem.Mol object at 0x735c78f95380>,False
CHEMBL6002674,CDK1,135.0,nM,CNCCN1CCc2nc(Nc3ncc(F)c(-c4cc(F)c5nc(C)n(C(C)(C)C)c5c4)n3)ccc2C1,6.8696662315049934,True,<rdkit.Chem.rdchem.Mol object at 0x735c78f947b0>,False
CHEMBL3823278,CDK2,135.0,nM,CC(=O)N1CCC(n2cc(Nc3ncc(Cl)c(-c4cnc5ccccn45)n3)c(C)n2)CC1,6.8696662315049934,True,<rdkit.Chem.rdchem.Mol object at 0x735c78f95150>,False
CHEMBL3668532,CDK9,135.0,nM,COc1ccc(F)cc1-c1c(F)cnc2[nH]c(C3=CCN(CC(=O)N4CC(O)C4)CC3)c(C#N)c12,6.8696662315049934,True,<rdkit.Chem.rdchem.Mol object at 0x735c78f951c0>,False
CHEMBL1081437,CDK2,135.0,nM,N[C@H](CNc1nnc(-c2ccc3[nH]nc(C4CC4)c3c2)s1)Cc1ccc(C(F)(F)F)cc1,6.8696662315049934,True,<rdkit.Chem.rdchem.Mol object at 0x735c78f96c00>,False
CHEMBL2011926,CDK2,135.0,nM,COc1ccc(-c2nc3c(NCC4CCNCC4)c(Br)cnc3[nH]2)cc1,6.8696662315049934,True,<rdkit.Chem.rdchem.Mol object at 0x735c78f97300>,False
CHEMBL4208504,CDK1,135.5,nM,CCN1CCN(Cc2cnc(Nc3cc(-c4cc(F)c5nc(C)n(C(C)C)c5c4)ncn3)cn2)CC1,6.868060704789576,True,<rdkit.Chem.rdchem.Mol object at 0x735c78f96030>,False
CHEMBL1081296,CDK2,136.0,nM,N[C@H](CNc1ncc(-c2ccc3cncnc3c2)s1)Cc1ccc(C(F)(F)F)cc1,6.866461091629782,True,<rdkit.Chem.rdchem.Mol object at 0x735c78f96420>,False
CHEMBL3698678,CDK4,136.0,nM,Oc1cc2c3cnc(Nc4ccc(N5CCNCC5)cn4)nc3n(C3CCCC3)c2cn1,6.866461091629782,True,<rdkit.Chem.rdchem.Mol object at 0x735c78f97370>,False
CHEMBL6166339,CDK2,136.4,nM,Nc1cc(-c2c[nH]c3ccccc23)nn1-c1nc(Nc2ccc(Br)cc2)nc(N2CCOCC2)n1,6.86518562967954,True,<rdkit.Chem.rdchem.Mol object at 0x735c78f96730>,False
CHEMBL5423237,CDK2,137.54,nM,O=C(c1ccc(Cl)cc1)N1CCN(c2nnc(Cc3ccccc3)c3ccccc23)CC1,6.861570979993996,True,<rdkit.Chem.rdchem.Mol object at 0x735c78f94c10>,False
CHEMBL5595728,CDK9,137.75,nM,CS(=O)(=O)c1ccccc1Nc1nc(N[C@H]2CC[C@H](N)CC2)ncc1Cl,6.860908392476177,True,<rdkit.Chem.rdchem.Mol object at 0x735c78f96ff0>,False
CHEMBL3673492,CDK9,138.0,nM,COc1ccc(F)cc1-c1c(C#N)cnc2[nH]c(C3=CC4CN(CC(=O)N5CCC[C@H]5CO)CC4C3)cc12,6.860120913598763,True,<rdkit.Chem.rdchem.Mol object at 0x735c78f97e60>,False
CHEMBL1081852,CDK2,138.0,nM,N[C@H](CNc1ncc(-c2ccc3[nH]c(=O)oc3c2)s1)Cc1ccc(C(F)(F)F)cc1,6.860120913598763,True,<rdkit.Chem.rdchem.Mol object at 0x735c78f97ae0>,False
CHEMBL524266,CDK2,138.0,nM,Nc1nccc(-c2cc3c([nH]2)[C@@H](CCF)CNC3=O)n1,6.860120913598763,True,<rdkit.Chem.rdchem.Mol object at 0x735c78f95850>,False
CHEMBL4466497,CDK1,139.0,nM,Cc1nc2c(F)cc(-c3nc(Nc4ccc5c(n4)CCN(CCN(C)C)C5)ncc3F)cc2n1C(C)(C)C,6.856985199745905,True,<rdkit.Chem.rdchem.Mol object at 0x735c78f97a00>,False
CHEMBL3668557,CDK9,139.0,nM,COc1ccc(F)cc1-c1ccnc2[nH]c(C3=CCN(C4CCC(C(=O)O)CC4)CC3)cc12,6.856985199745905,True,<rdkit.Chem.rdchem.Mol object at 0x735c78f94430>,False
CHEMBL4214634,CDK1,139.7,nM,COCCN1CCN(Cc2cnc(Nc3cc(-c4cc(F)c5nc(C)n(C(C)C)c5c4)ncn3)cn2)CC1,6.854803593885818,True,<rdkit.Chem.rdchem.Mol object at 0x735c78f97990>,False
CHEMBL5593612,CDK9,139.8,nM,CC(C)S(=O)(=O)c1ccccc1Nc1nc([C@H]2CC[C@H](O)CC2)ncc1Cl,6.854492828590337,True,<rdkit.Chem.rdchem.Mol object at 0x735c78f96490>,False
CHEMBL5197170,CDK1,140.0,nM,CC(C)n1cc(-c2ccnc3[nH]c(C4CCN(CC(=O)N5CCCCC5)CC4)cc23)ccc1=O,6.853871964321762,True,<rdkit.Chem.rdchem.Mol object at 0x735c78f970d0>,False
CHEMBL496569,CDK2,140.0,nM,O=C(Nc1c[nH]nc1-c1nc2cc(CN3CCOCC3)ccc2[nH]1)c1ccccc1,6.853871964321762,True,<rdkit.Chem.rdchem.Mol object at 0x735c78f97530>,False
CHEMBL3919423,CDK9,140.0,nM,CN(CC(O)CO)C(=O)CN1[C@H]2CC[C@@H]1C=C(c1[nH]c3nccc4c3c1CN(C)c1ccc(F)cc1-4)C2,6.853871964321762,True,<rdkit.Chem.rdchem.Mol object at 0x735c78f97b50>,False
CHEMBL463580,CDK2,140.0,nM,O=C(Nc1c[nH]nc1C(=O)Nc1ccc(F)cc1)c1ccccc1,6.853871964321762,True,<rdkit.Chem.rdchem.Mol object at 0x735c78f96650>,False
CHEMBL457388,CDK2,140.0,nM,O=C(NC1CCNCC1)c1n[nH]cc1NC(=O)c1c(F)cccc1F,6.853871964321762,True,<rdkit.Chem.rdchem.Mol object at 0x735c78f96dc0>,False
CHEMBL3668456,CDK9,140.0,nM,COc1ccc(F)cc1-c1ccnc2[nH]c(C3CN(S(C)(=O)=O)C3)cc12,6.853871964321762,True,<rdkit.Chem.rdchem.Mol object at 0x735c78f96c70>,False
CHEMBL212264,CDK2,140.0,nM,Nc1nc(Nc2ccc(S(=O)(=O)NC(=O)[C@H](N)CO)cc2)nn1C(=O)c1c(F)cccc1F,6.853871964321762,True,<rdkit.Chem.rdchem.Mol object at 0x735c78f95000>,False
CHEMBL2158864,CDK2,140.0,nM,CNC(=O)Nc1ccc(-c2cc(-c3ccnc(Nc4ccc(Cl)c(S(=O)(=O)NC)c4)n3)ccn2)cc1,6.853871964321762,True,<rdkit.Chem.rdchem.Mol object at 0x735c78f97ed0>,False
CHEMBL5836133,CDK9,140.0,nM,O=C(Nc1cc(-c2ccc3ncn(CC4CCOCC4)c3c2)c(Cl)cn1)C1C[C@H]2CNC[C@H]2C1,6.853871964321762,True,<rdkit.Chem.rdchem.Mol object at 0x735c78f96ea0>,False
CHEMBL454646,CDK2,140.0,nM,CC1CNCC(C(=O)Nc2ncc(SCc3ncc(C(C)(C)C)o3)s2)C1,6.853871964321762,True,<rdkit.Chem.rdchem.Mol object at 0x735c78f96340>,False
CHEMBL590109,CDK2,140.0,nM,NCCn1cc(-c2cc(-c3cc4ccccc4s3)c3[nH]ncc3c2)c2nc(N)ncc21,6.853871964321762,True,<rdkit.Chem.rdchem.Mol object at 0x735c78f945f0>,False
CHEMBL457887,CDK4,140.0,nM,Cc1ncc(-c2ccnc(Nc3ccc(S(=O)(=O)CCCN(C)C)cc3)n2)n1C(C)C,6.853871964321762,True,<rdkit.Chem.rdchem.Mol object at 0x735c78f97220>,False
CHEMBL1235529,CDK2,140.0,nM,O=S1(=O)NCCCNc2nc(ncc2Br)Nc2cccc1c2,6.853871964321762,True,<rdkit.Chem.rdchem.Mol object at 0x735c78f97450>,False
CHEMBL5858868,CDK9,140.0,nM,O=C(Nc1cc(-c2cnc3nnn(Cc4cccc(F)c4)c3n2)c(Cl)cn1)[C@@H]1CCCNC1,6.853871964321762,True,<rdkit.Chem.rdchem.Mol object at 0x735c78f94dd0>,False
CHEMBL5861172,CDK9,140.0,nM,O=C(Nc1cc(-c2ccc3cnn(Cc4cccc(F)c4)c3c2)c(Cl)cn1)[C@@H]1CCCNC1,6.853871964321762,True,<rdkit.Chem.rdchem.Mol object at 0x735c78f94740>,False
CHEMBL5952864,CDK6,140.0,nM,Cc1nc2c(F)cc(-c3nc(Nc4ncc5c(n4)CCN(C(=O)CN(C)C)C5)ncc3F)cc2n1C(C)C,6.853871964321762,True,<rdkit.Chem.rdchem.Mol object at 0x735c78f96110>,False
CHEMBL4759053,CDK9,140.0,nM,CC(=O)N[C@@H]1CCC[C@H](C(=O)Nc2cc(-c3cnn4ccccc34)c(Cl)cn2)C1,6.853871964321762,True,<rdkit.Chem.rdchem.Mol object at 0x735c78f97df0>,False
CHEMBL3642655,CDK2,140.0,nM,CN1CCN(c2cc(NCc3cccnc3)n3ncc(Br)c3n2)CC1,6.853871964321762,True,<rdkit.Chem.rdchem.Mol object at 0x735c78f97760>,False
CHEMBL203407,CDK1,140.0,nM,NS(=O)(=O)c1ccc(Nc2cc(OC3CCCCC3)nc3ncnn23)cc1,6.853871964321762,True,<rdkit.Chem.rdchem.Mol object at 0x735c78f94580>,False
CHEMBL173608,CDK1,140.0,nM,CCn1cnc2c(Nc3cccc(C(F)(F)F)c3)nc(N[C@H]3CC[C@H](N)CC3)nc21,6.853871964321762,True,<rdkit.Chem.rdchem.Mol object at 0x735c78f94900>,False
CHEMBL5930895,CDK4,141.0,nM,CC(C)N1CCOc2c(F)cc(-c3nc(Nc4cn(C5CCNCC5)cn4)ncc3F)cc21,6.85078088734462,True,<rdkit.Chem.rdchem.Mol object at 0x735c78f96b90>,False
CHEMBL3702106,CDK4,141.0,nM,COc1cc2c3cnc(Nc4ccc(N5CCNCC5)cn4)nc3n(C3CCCC3)c2nn1,6.85078088734462,True,<rdkit.Chem.rdchem.Mol object at 0x735c78f96e30>,False
CHEMBL5938059,CDK1,141.0,nM,Cc1nc2c(F)cc(-c3nc(Nc4ccc5c(n4)CCN(CCN)C5)ncc3F)cc2n1C(C)(C)C,6.85078088734462,True,<rdkit.Chem.rdchem.Mol object at 0x735c78f94ac0>,False
CHEMBL3702088,CDK4,142.0,nM,Oc1ccc2c3cnc(Nc4ccc(N5CCNCC5)cn4)nc3n(C3CCCC3)c2n1,6.847711655616944,True,<rdkit.Chem.rdchem.Mol object at 0x735c78f965e0>,False
CHEMBL6021833,CDK2,143.0,nM,Cc1nc2c(F)cc(-c3nc(Nc4ccc5c(n4)CCNC5)ncc3F)cc2n1C1CC1,6.844663962534938,True,<rdkit.Chem.rdchem.Mol object at 0x735c78f97f40>,False
CHEMBL3641942,CDK4,143.0,nM,C[C@H](CO)n1c2cnccc2c2cnc(Nc3ccc(N4CCNCC4)nn3)nc21,6.844663962534938,True,<rdkit.Chem.rdchem.Mol object at 0x735c78f97d10>,False
CHEMBL4448494,CDK1,143.0,nM,Cc1nc2c(F)cc(-c3nc(Nc4ccc5c(n4)CCN(CCN(C)C)C5)ncc3F)cc2n1C(C)C,6.844663962534938,True,<rdkit.Chem.rdchem.Mol object at 0x735c78f97a70>,False
CHEMBL3641908,CDK4,144.0,nM,CN(C)C1CCN(c2ccc(Nc3ncc4c5ccncc5n([C@@H]5CCNC5)c4n3)nc2)CC1,6.84163750790475,True,<rdkit.Chem.rdchem.Mol object at 0x735c78f95a80>,False
CHEMBL5991763,CDK4,145.0,nM,CC1CN(c2ccc(Nc3ncc(F)c(-c4cc(F)c5c(c4)N(C(C)C)CCO5)n3)nc2)CC(C)O1,6.838631997765026,True,<rdkit.Chem.rdchem.Mol object at 0x735c78f97920>,False
CHEMBL3702090,CDK4,145.0,nM,Cn1c(=O)ccc2c3cnc(Nc4ccc(N5CC[C@@H](O)C5)cn4)nc3n(C3CCCC3)c21,6.838631997765026,True,<rdkit.Chem.rdchem.Mol object at 0x735c78f97840>,False
CHEMBL6176478,CDK2,145.0,nM,N[C@H]1CCN(c2c3cc(-c4ccnc(NC(=O)C5CC5)c4)ccc3nc3c2[nH]c2ccccc23)C1,6.838631997765026,True,<rdkit.Chem.rdchem.Mol object at 0x735c78f96d50>,False
CHEMBL555205,CDK1,146.0,nM,COc1ccc2sc3c(c2c1)NC[C@@H](CN)NC3=O,6.835647144215563,True,<rdkit.Chem.rdchem.Mol object at 0x735c78f97680>,False
CHEMBL5775801,CDK2,146.0,nM,Cc1nc2c(F)cc(-c3nc(Nc4ccc5c(n4)CCNC5)ncc3F)cc2n1C1CCCCC1,6.835647144215563,True,<rdkit.Chem.rdchem.Mol object at 0x735c78f97290>,False
CHEMBL3641911,CDK4,146.0,nM,OCCCn1c2cnccc2c2cnc(Nc3ccc(N4CCNCC4)nn3)nc21,6.835647144215563,True,<rdkit.Chem.rdchem.Mol object at 0x735c78f97140>,False
CHEMBL5892074,CDK1,146.0,nM,CS(=N)(=O)c1ccc(Nc2ncc3cc4n(c3n2)C2(CCCCC2)C(=O)NN4)cc1,6.835647144215563,True,<rdkit.Chem.rdchem.Mol object at 0x735c78f96ce0>,False
CHEMBL5556607,CDK2,146.0,nM,CC(C)(O)Cn1cc(-c2nc(NC3CCN(S(=O)(=O)C4CC4)CC3)ncc2C#N)cn1,6.835647144215563,True,<rdkit.Chem.rdchem.Mol object at 0x735c78f96a40>,False
CHEMBL4855785,CDK2,146.85,nM,Cc1n[nH]c2ccc(-c3cncc(NC(CO)c4ccccc4)n3)cc12,6.833126049141181,True,<rdkit.Chem.rdchem.Mol object at 0x735c78f969d0>,False
CHEMBL4204961,CDK4,147.3,nM,CCN1CCN(Cc2ccc(Nc3ncc(F)c(-c4cc(F)c5nc6n(c5c4)CCCCC6)n3)nc2)CC1,6.831797253157369,True,<rdkit.Chem.rdchem.Mol object at 0x735c78f96880>,False
CHEMBL2403084,CDK1,148.0,nM,NC1CCC(Nc2nc(NCc3ccc(-c4ccco4)cc3)c3ncn(C4CCCC4)c3n2)CC1,6.8297382846050425,True,<rdkit.Chem.rdchem.Mol object at 0x735c78f966c0>,False
CHEMBL6011152,CDK9,148.0,nM,CC1(C)CCn2ncc(-c3cc(NC(=O)[C@H]4CCC[C@@H](N)C4)ncc3F)c2C1,6.8297382846050425,True,<rdkit.Chem.rdchem.Mol object at 0x735c78f95070>,False
CHEMBL3668533,CDK9,149.0,nM,COc1ccc(F)cc1-c1c(F)cnc2[nH]c(C3=CCN(CC(=O)N4CCC[C@@H]4CO)CC3)c(C#N)c12,6.826813731587726,True,<rdkit.Chem.rdchem.Mol object at 0x735c78f96570>,False
CHEMBL3702205,CDK4,149.0,nM,O[C@H]1CCN(c2ccc(Nc3ncc4c5ccccc5n(C5CCCC5)c4n3)nc2)C1,6.826813731587726,True,<rdkit.Chem.rdchem.Mol object at 0x735c78f95930>,False
CHEMBL3702090,CDK6,149.0,nM,Cn1c(=O)ccc2c3cnc(Nc4ccc(N5CC[C@@H](O)C5)cn4)nc3n(C3CCCC3)c21,6.826813731587726,True,<rdkit.Chem.rdchem.Mol object at 0x735c78f95a10>,False
CHEMBL73189,CDK2,150.0,nM,Cc1nc2ccccn2c1-c1ccnc(Nc2cccc(Cl)c2)n1,6.823908740944319,True,<rdkit.Chem.rdchem.Mol object at 0x735c78f96180>,False
CHEMBL3984474,CDK9,150.0,nM,CN1CCc2c(C3=CCN([C@H]4C[C@@H](C(=O)O)C4)CC3)[nH]c3nccc(c23)-c2cc(F)ccc21,6.823908740944319,True,<rdkit.Chem.rdchem.Mol object at 0x735c78f95f50>,False
CHEMBL172848,CDK1,150.0,nM,CCn1cnc2c(Nc3ccc(F)cc3)nc(N[C@@H]3CCCC[C@@H]3N)nc21,6.823908740944319,True,<rdkit.Chem.rdchem.Mol object at 0x735c78f955b0>,False
CHEMBL1241566,CDK4,150.0,nM,Cc1ccc(F)c(Nc2nccc(-c3ccc(S(N)(=O)=O)cc3)n2)c1,6.823908740944319,True,<rdkit.Chem.rdchem.Mol object at 0x735c78f95d20>,False
CHEMBL3976471,CDK9,150.0,nM,CN1Cc2c(C3CCN(CC(=O)O)CC3)[nH]c3nccc(c23)-c2cc(F)ccc21,6.823908740944319,True,<rdkit.Chem.rdchem.Mol object at 0x735c78f95cb0>,False
CHEMBL319170,CDK1,150.0,nM,COc1ccc2sc3c(c2c1)SCCNC3=O,6.823908740944319,True,<rdkit.Chem.rdchem.Mol object at 0x735c78f95c40>,False
CHEMBL4784363,CDK9,150.0,nM,CC(=O)N[C@@H]1CCC[C@H](C(=O)Nc2cc(-c3cnn4c3CC(C)(C)C4)c(C#N)cn2)C1,6.823908740944319,True,<rdkit.Chem.rdchem.Mol object at 0x735c78f958c0>,False
CHEMBL3960677,CDK2,150.0,nM,COc1cc(CS(C)(=N)=O)cc(Nc2ncc(F)c(-c3ccc(F)cc3OC)n2)c1,6.823908740944319,True,<rdkit.Chem.rdchem.Mol object at 0x735c78f95700>,False
CHEMBL2012414,CDK1,150.0,nM,COC[C@H]1CCCN1C(=O)c1cc(Nc2ncc3cnn([C@@H]4C[C@H]5C[C@H]5C4)c3n2)cn1C,6.823908740944319,True,<rdkit.Chem.rdchem.Mol object at 0x735c78f95540>,False
CHEMBL6059403,CDK9,150.0,nM,O=C(Nc1cc(-c2ccc3ncn(CC4CCOCC4)c3c2)c(Cl)cn1)[C@@H]1CCCNC1,6.823908740944319,True,<rdkit.Chem.rdchem.Mol object at 0x735c78f952a0>,False
CHEMBL3952541,CDK9,150.0,nM,CCOC(=O)C1c2c(C3=CCNCC3)[nH]c3nccc(c23)-c2cc(F)ccc2N1C,6.823908740944319,True,<rdkit.Chem.rdchem.Mol object at 0x735c78f94e40>,False
CHEMBL3668425,CDK9,150.0,nM,CN1CCC(c2cc3c(-c4nc(NCC5CCOC(C)(C)C5)ccc4Cl)ccnc3[nH]2)CC1,6.823908740944319,True,<rdkit.Chem.rdchem.Mol object at 0x735c78f94d60>,False
CHEMBL4741063,CDK9,150.0,nM,CC(=O)N[C@@H]1CCC[C@H](C(=O)Nc2cc(-c3cnn4c3CC(C)(C)C4)ccn2)C1,6.823908740944319,True,<rdkit.Chem.rdchem.Mol object at 0x735c78f94c80>,False
CHEMBL3900994,CDK9,150.0,nM,CN1Cc2c(C3=CCN([C@H]4CC[C@H](C(=O)O)CC4)CC3)[nH]c3nccc(c23)-c2ccccc21,6.823908740944319,True,<rdkit.Chem.rdchem.Mol object at 0x735c78f94190>,False
CHEMBL453895,CDK1,150.0,nM,Cc1ncc(-c2ccnc(Nc3ccc(C(=O)NC4CCN(C)CC4)c(F)c3)n2)n1C(C)C,6.823908740944319,True,<rdkit.Chem.rdchem.Mol object at 0x735c78f94120>,False
CHEMBL3668368,CDK9,150.0,nM,CN1CCC(c2cc3c(-c4cccc(NCC5CCOC(C)(C)C5)n4)ccnc3[nH]2)CC1,6.823908740944319,True,<rdkit.Chem.rdchem.Mol object at 0x735c78f940b0>,False
CHEMBL4214123,CDK1,150.0,nM,Cc1nc2c(F)cc(-c3cc(Nc4cnc(CN5CCN(CC(F)(F)F)CC5)cn4)ncn3)cc2n1C(C)C,6.823908740944319,True,<rdkit.Chem.rdchem.Mol object at 0x735c78f97c30>,False
CHEMBL3927123,CDK9,150.0,nM,CN(C)C(=O)CN1CCC=C(c2[nH]c3nccc4c3c2CN(C)c2ccc(F)cc2-4)CC1,6.823908740944319,True,<rdkit.Chem.rdchem.Mol object at 0x735c78f94eb0>,False
CHEMBL3983369,CDK9,150.0,nM,CN1Cc2c(-c3ccc(C(=O)O)cc3)[nH]c3nccc(c23)-c2cc(F)ccc21,6.823908740944319,True,<rdkit.Chem.rdchem.Mol object at 0x735c78f96260>,False
CHEMBL3940113,CDK9,150.0,nM,CN1Cc2c(C3=CCC(C(=O)O)CC3)[nH]c3nccc(c23)-c2cc(F)ccc21,6.823908740944319,True,<rdkit.Chem.rdchem.Mol object at 0x735c78f96810>,False
CHEMBL2012413,CDK1,150.0,nM,Cn1cc(Nc2ncc3cnn([C@@H]4C[C@H]5C[C@H]5C4)c3n2)cc1C(=O)N1CCC[C@@H]1CO,6.823908740944319,True,<rdkit.Chem.rdchem.Mol object at 0x735c78f968f0>,False
CHEMBL5817156,CDK9,150.0,nM,O=C1CC[C@H](C(=O)Nc2cc(-c3ccc4ncn(CC5CCOCC5)c4c3)c(Cl)cn2)N1,6.823908740944319,True,<rdkit.Chem.rdchem.Mol object at 0x735c78f94510>,False
CHEMBL366642,CDK1,150.0,nM,CCn1cnc2c(Nc3cccc(F)c3)nc(N[C@H]3CC[C@H](N)CC3)nc21,6.823908740944319,True,<rdkit.Chem.rdchem.Mol object at 0x735c78f974c0>,False
CHEMBL102926,CDK4,150.0,nM,Cc1nc2ccccn2c1-c1ccnc(Nc2ccc(OCC(O)CN(C)C)cc2)n1,6.823908740944319,True,<rdkit.Chem.rdchem.Mol object at 0x735c78f954d0>,False
CHEMBL5542710,CDK9,150.15,nM,CC(=O)Nc1ccc(CNc2nc(NC3CCOCC3)nc3c(C(C)C)cnn23)cc1,6.823474663465,True,<rdkit.Chem.rdchem.Mol object at 0x735c78f94660>,False
CHEMBL3641975,CDK4,151.0,nM,CNC1CCN(c2ccc(Nc3ncc4c5ccncc5n(C[C@@H](C)O)c4n3)nn2)CC1,6.821023052706831,True,<rdkit.Chem.rdchem.Mol object at 0x735c78f975a0>,False
CHEMBL5874515,CDK9,152.0,nM,Cc1nc2c(F)cc(-c3nc(Nc4ccc5c(n4)CCN(C(=O)[C@@H]4CCCN4C)C5)ncc3F)cc2n1C1CC1,6.818156412055227,True,<rdkit.Chem.rdchem.Mol object at 0x735c78f94040>,False
CHEMBL3641940,CDK4,152.0,nM,C[C@H](CO)n1c2cnccc2c2cnc(Nc3ccc(N4CC[C@@H](O)C4)cn3)nc21,6.818156412055227,True,<rdkit.Chem.rdchem.Mol object at 0x735c78f95e70>,False
CHEMBL6012656,CDK2,154.0,nM,Cc1nc2c(F)cc(-c3nc(Nc4ccc5c(n4)CCN(C(=O)CN4CCOCC4)C5)ncc3F)cc2n1C1CC1,6.8124792791635365,True,<rdkit.Chem.rdchem.Mol object at 0x735c78f94f90>,False
CHEMBL5859057,CDK2,154.0,nM,Cc1nc2c(F)cc(-c3nc(Nc4ccc5c(n4)CCN(C(=O)CN4CCCCC4)C5)ncc3F)cc2n1C1CC1,6.8124792791635365,True,<rdkit.Chem.rdchem.Mol object at 0x735c78f95230>,False
CHEMBL3668457,CDK4,155.0,nM,COc1ccc(F)cc1-c1ccnc2[nH]c(C3=CCN(CC(O)CO)CC3)cc12,6.809668301829708,True,<rdkit.Chem.rdchem.Mol object at 0x735c78f96ab0>,False
CHEMBL5537078,CDK2,156.4,nM,CC(C)c1cnn2c(NCc3ccc(NC(=O)C4CCOCC4)cc3)nc(NC3CCOCC3)nc12,6.80576325127617,True,<rdkit.Chem.rdchem.Mol object at 0x735c78f95fc0>,False
CHEMBL505474,CDK2,158.0,nM,CC(C)(C)c1cnc(CSc2cnc(NC3CCCC(N)C3)s2)o1,6.801342913045577,True,<rdkit.Chem.rdchem.Mol object at 0x735c78f94890>,False
CHEMBL4778541,CDK2,158.0,nM,CC(C)(C)c1ccc(C(=O)Nc2cn3cc(-n4ccnc4)ccc3n2)cc1.Cl.Cl,6.801342913045577,True,<rdkit.Chem.rdchem.Mol object at 0x735c78f95bd0>,False
CHEMBL5748011,CDK6,159.0,nM,CC(C)CN1CCOc2c(F)cc(-c3nc(Nc4ccc(N5CCOCC5)cn4)ncc3F)cc21,6.798602875679549,True,<rdkit.Chem.rdchem.Mol object at 0x735c78f946d0>,False
CHEMBL3641924,CDK4,159.0,nM,CC1(C)CN(c2ccc(Nc3ncc4c5ccncc5n([C@H]5CCC[C@H]5O)c4n3)nn2)CCN1,6.798602875679549,True,<rdkit.Chem.rdchem.Mol object at 0x735c78f94350>,False
CHEMBL3589661,CDK9,160.0,nM,O=C(O)c1nc2ccccc2c2[nH]c3c(Br)cccc3c12,6.795880017344075,True,<rdkit.Chem.rdchem.Mol object at 0x735c78f44040>,False
CHEMBL3668468,CDK9,160.0,nM,FC1(F)CN[C@H](CNc2ccc(Cl)c(-c3ccnc4[nH]c(C5CCNCC5)cc34)n2)C1,6.795880017344075,True,<rdkit.Chem.rdchem.Mol object at 0x735c78f440b0>,False
CHEMBL523923,CDK2,160.0,nM,O=C(Nc1cccnc1)Nc1c[nH]nc1-c1nc2cc(CN3CCOCC3)ccc2[nH]1,6.795880017344075,True,<rdkit.Chem.rdchem.Mol object at 0x735c78f44120>,False
CHEMBL5285495,CDK2,160.0,nM,C[C@@H](CO)Nc1nc(N)c(N=O)c(OCC2CCCCC2)n1,6.795880017344075,True,<rdkit.Chem.rdchem.Mol object at 0x735c78f44190>,False
CHEMBL458421,CDK2,160.0,nM,O=C(Nc1c[nH]nc1-c1nc2cc(CN3CCOCC3)ccc2[nH]1)Nc1c(F)cccc1F,6.795880017344075,True,<rdkit.Chem.rdchem.Mol object at 0x735c78f44200>,False
CHEMBL319171,CDK1,160.0,nM,COc1ccc2sc3c(c2c1)NCCNC3=O,6.795880017344075,True,<rdkit.Chem.rdchem.Mol object at 0x735c78f44270>,False
CHEMBL4874984,CDK9,160.0,nM,COc1ccc(F)cc1-c1ccnc2[nH]c(C3=CCC(C4CCN(CC(=O)O)CC4)CC3)cc12,6.795880017344075,True,<rdkit.Chem.rdchem.Mol object at 0x735c78f442e0>,False
CHEMBL3799935,CDK1,160.0,nM,Nc1ncc(-c2ccccc2)cc1-c1nc2ccccc2[nH]1,6.795880017344075,True,<rdkit.Chem.rdchem.Mol object at 0x735c78f44350>,False
CHEMBL6036873,CDK9,160.0,nM,NC1CC2(C1)CC(C(=O)Nc1cc(-c3ccc4ncn(CC5CCOCC5)c4c3)c(Cl)cn1)C2,6.795880017344075,True,<rdkit.Chem.rdchem.Mol object at 0x735c78f443c0>,False
CHEMBL2177897,CDK9,160.0,nM,c1ccc(CNc2c(-c3ccncc3)nc3cnccn23)cc1,6.795880017344075,True,<rdkit.Chem.rdchem.Mol object at 0x735c78f44430>,False
CHEMBL496778,CDK4,160.0,nM,c1cc(-c2cnn3nc(NC4CCCC4)ccc23)nc(NC2CC2)n1,6.795880017344075,True,<rdkit.Chem.rdchem.Mol object at 0x735c78f444a0>,False
CHEMBL3655769,CDK2,160.0,nM,CC[C@H](Nc1nc(NC2CCC2)c2ncn(C(C)C)c2n1)[C@@H](C)O,6.795880017344075,True,<rdkit.Chem.rdchem.Mol object at 0x735c78f44510>,False
CHEMBL565160,CDK2,160.0,nM,CNC(=O)c1nn(C)c2c1C(C)(C)Cc1cnc(Nc3cccc(CN4CCOCC4)c3)nc1-2,6.795880017344075,True,<rdkit.Chem.rdchem.Mol object at 0x735c78f445f0>,False
CHEMBL371792,CDK1,160.0,nM,COc1cccc(Oc2nc(Nc3ccc4[nH]cnc4c3)ncc2C(F)(F)F)c1,6.795880017344075,True,<rdkit.Chem.rdchem.Mol object at 0x735c78f44660>,False
CHEMBL523735,CDK4,160.0,nM,NC(=O)c1ccc(Nc2nccc(-c3cnn4ncccc34)n2)cc1,6.795880017344075,True,<rdkit.Chem.rdchem.Mol object at 0x735c78f446d0>,False
CHEMBL3899896,CDK9,160.0,nM,CN1CCc2c(C3=CCN([C@H]4C[C@H](C(=O)O)C4)CC3)[nH]c3nccc(c23)-c2cc(F)ccc21,6.795880017344075,True,<rdkit.Chem.rdchem.Mol object at 0x735c78f447b0>,False
CHEMBL2348161,CDK2,160.0,nM,Nc1nccc(-n2cc(-c3ccncc3)c3cnccc32)n1,6.795880017344075,True,<rdkit.Chem.rdchem.Mol object at 0x735c78f44890>,False
CHEMBL3668439,CDK9,160.0,nM,COc1ccc(F)cc1-c1ccnc2[nH]c(C3CN(C(C)=O)C3)cc12,6.795880017344075,True,<rdkit.Chem.rdchem.Mol object at 0x735c78f44900>,False
CHEMBL3961728,CDK9,160.0,nM,CN1Cc2c(C3=CCC(N4CCC[C@H]4C(=O)O)CC3)[nH]c3nccc(c23)-c2cc(F)ccc21,6.795880017344075,True,<rdkit.Chem.rdchem.Mol object at 0x735c78f44a50>,False
CHEMBL4518287,CDK2,160.0,nM,C=CS(=O)(=O)c1ccc(Nc2nc(OCC3CCCCC3)c3nc[nH]c3n2)cc1,6.795880017344075,True,<rdkit.Chem.rdchem.Mol object at 0x735c78f44ac0>,False
CHEMBL233152,CDK1,160.0,nM,Cc1cc(N2CCCS2(=O)=O)c2oc(-c3ccc(O)c(C#N)c3)c(O)c(=O)c2c1,6.795880017344075,True,<rdkit.Chem.rdchem.Mol object at 0x735c78f44b30>,False
CHEMBL5200778,CDK9,160.0,nM,CC(C)n1cc(-c2ccnc3[nH]c(C4CCN(CC(F)F)CC4)cc23)ccc1=O,6.795880017344075,True,<rdkit.Chem.rdchem.Mol object at 0x735c78f44c10>,False
CHEMBL2012308,CDK1,160.0,nM,CC(C)n1ncc2cnc(Nc3cc(C(N)=O)n(C)c3)nc21,6.795880017344075,True,<rdkit.Chem.rdchem.Mol object at 0x735c78f44c80>,False
CHEMBL3940661,CDK1,160.0,nM,CS(=N)(=O)c1ccc(Nc2ncc(Br)c(Nc3ccccc3)n2)cc1,6.795880017344075,True,<rdkit.Chem.rdchem.Mol object at 0x735c78f44cf0>,False
CHEMBL5432928,CDK2,160.0,nM,O=C(O)c1cc(C(F)(F)F)ccc1NCCc1c[nH]c2cc(Br)ccc12,6.795880017344075,True,<rdkit.Chem.rdchem.Mol object at 0x735c78f44d60>,False
CHEMBL176834,CDK1,160.0,nM,CCn1cnc2c(Nc3cccc(OC)c3)nc(N[C@H]3CC[C@H](N)CC3)nc21,6.795880017344075,True,<rdkit.Chem.rdchem.Mol object at 0x735c78f44dd0>,False
CHEMBL3937565,CDK9,160.0,nM,CN(C)C(=O)CN1[C@H]2CC[C@@H]1C=C(c1[nH]c3nccc4c3c1CN(C)c1ccc(F)cc1-4)C2,6.795880017344075,True,<rdkit.Chem.rdchem.Mol object at 0x735c78f44e40>,False
CHEMBL213364,CDK4,160.0,nM,O=c1c2cccc3c2sn1CCCCOc1cccc2nc(O)c-3nc12,6.795880017344075,True,<rdkit.Chem.rdchem.Mol object at 0x735c78f44eb0>,False
CHEMBL2348158,CDK2,160.0,nM,Nc1nccc(-n2cc(C3=CCOCC3)c3cnccc32)n1,6.795880017344075,True,<rdkit.Chem.rdchem.Mol object at 0x735c78f44f20>,False
CHEMBL5819777,CDK9,160.0,nM,O=C(Nc1cc(-c2ccc3ncn(CC4CCOCC4)c3c2)c(Cl)cn1)C1CCc2nncn2C1,6.795880017344075,True,<rdkit.Chem.rdchem.Mol object at 0x735c78f44f90>,False
CHEMBL5915766,CDK9,160.0,nM,NCc1ccc(CNc2cc(-c3ccc4ncn(Cc5cccc(F)c5)c4c3)c(Cl)cn2)cc1,6.795880017344075,True,<rdkit.Chem.rdchem.Mol object at 0x735c78f45000>,False
CHEMBL3663760,CDK1,160.0,nM,COc1cc(F)ccc1-c1ccnc2[nH]c(C3CCNCC3)cc12,6.795880017344075,True,<rdkit.Chem.rdchem.Mol object at 0x735c78f45070>,False
CHEMBL3641928,CDK4,161.0,nM,C[C@@H](CO)n1c2cnccc2c2cnc(Nc3ccc(N4CCC(N(C)C)CC4)cn3)nc21,6.79317412396815,True,<rdkit.Chem.rdchem.Mol object at 0x735c78f45150>,False
CHEMBL5561839,CDK1,161.1,nM,CC(C)n1nnc2ccc(-c3ccnc(Nc4cc(C(=O)N5CCCC5)ccn4)c3)cc21,6.792904459580782,True,<rdkit.Chem.rdchem.Mol object at 0x735c78f451c0>,False
CHEMBL5286623,CDK1,161.2,nM,COc1ccc(Nc2nn3c(-c4ccccc4)cc(-c4ccccc4)nc3c2C(N)=O)c(OC)c1,6.792634962530928,True,<rdkit.Chem.rdchem.Mol object at 0x735c78f45230>,False
CHEMBL3641921,CDK4,162.0,nM,O[C@@H]1CCC[C@@H]1n1c2cnccc2c2cnc(Nc3ccc(N4CCNCC4)nn3)nc21,6.790484985457369,True,<rdkit.Chem.rdchem.Mol object at 0x735c78f452a0>,False
CHEMBL3641977,CDK4,162.0,nM,C[C@@H](O)Cn1c2cnccc2c2cnc(Nc3ccc(N4CC[C@@H](O)C4)nn3)nc21,6.790484985457369,True,<rdkit.Chem.rdchem.Mol object at 0x735c78f45310>,False
CHEMBL4777981,CDK4,162.0,nM,COc1ccc(F)cc1-c1c(F)cnc2[nH]c(C3=CCN([C@H]4CC[C@H](C(=O)O)CC4)CC3)cc12,6.790484985457369,True,<rdkit.Chem.rdchem.Mol object at 0x735c78f45380>,False
CHEMBL324186,CDK2,165.0,nM,O=C(O)c1ccc(C(=O)Nc2cc(C3CC3)[nH]n2)cc1,6.782516055786093,True,<rdkit.Chem.rdchem.Mol object at 0x735c78f454d0>,False
CHEMBL5950534,CDK1,165.0,nM,Cc1nc2c(F)cc(-c3nc(Nc4ccc5c(n4)C[C@@H](C)NC5)ncc3F)cc2n1C(C)(C)C,6.782516055786093,True,<rdkit.Chem.rdchem.Mol object at 0x735c78f45540>,False
CHEMBL3641947,CDK4,166.0,nM,C[C@H](CO)n1c2cnccc2c2cnc(Nc3ccc(N4CC[C@@H](O)C4)nn3)nc21,6.779891911959945,True,<rdkit.Chem.rdchem.Mol object at 0x735c78f45620>,False
CHEMBL5557384,CDK2,166.8,nM,CC(C)N1CCN(C(=O)c2ccnc(Nc3cc(-c4ccc5nnn(C(C)C)c5c4)ccn3)c2)CC1,6.77780395369828,True,<rdkit.Chem.rdchem.Mol object at 0x735c78f45690>,False
CHEMBL5591731,CDK2,167.0,nM,N#Cc1cnc(NC2CCN(S(=O)(=O)c3ccccn3)CC2)nc1-c1cnn(CC(F)(F)F)c1,6.777283528852417,True,<rdkit.Chem.rdchem.Mol object at 0x735c78f45770>,False
CHEMBL3673434,CDK2,168.0,nM,COc1cc(F)ccc1-c1ccnc(NC(=O)[C@H]2CCC[C@@H](NC(C)=O)C2)c1,6.774690718274137,True,<rdkit.Chem.rdchem.Mol object at 0x735c78f457e0>,False
CHEMBL495754,CDK2,168.0,nM,CC(C)(C)c1cnc(CSc2cnc(NCC3CCCCC3)s2)o1,6.774690718274137,True,<rdkit.Chem.rdchem.Mol object at 0x735c78f45850>,False
CHEMBL5592046,CDK9,168.05,nM,CC(C)S(=O)(=O)c1ccccc1Nc1nc([C@H]2CC[C@H](N3CCCCC3)CC2)ncc1Cl,6.774561483194503,True,<rdkit.Chem.rdchem.Mol object at 0x735c78f458c0>,False
CHEMBL4761833,CDK9,168.8,nM,CC(C)N1c2cc(Nc3nccc(-c4cccc(NC5CCCCC5)c4)n3)ccc2N(C)C(=O)[C@H]1C,6.772627557710363,True,<rdkit.Chem.rdchem.Mol object at 0x735c78f45930>,False
CHEMBL4742169,CDK2,168.9,nM,CC(C)N1c2cc(Nc3nccc(-c4cncc5ccccc45)n3)ccc2N(C)C(=O)[C@H]1C,6.772370350428991,True,<rdkit.Chem.rdchem.Mol object at 0x735c78f459a0>,False
CHEMBL2403097,CDK1,169.0,nM,NC1CCC(Nc2nc(NCc3ccc(-c4ccsc4)nc3)c3ncn(C4CCCC4)c3n2)CC1,6.772113295386326,True,<rdkit.Chem.rdchem.Mol object at 0x735c78f45a10>,False
CHEMBL189657,CDK2,169.0,nM,CCn1c(-c2nonc2N)nc2cnccc21,6.772113295386326,True,<rdkit.Chem.rdchem.Mol object at 0x735c78f45a80>,False
CHEMBL3642652,CDK2,170.0,nM,CC(C)(C)c1cc(NCc2ccncc2)n2ncc(Br)c2n1,6.769551078621726,True,<rdkit.Chem.rdchem.Mol object at 0x735c78f45af0>,False
CHEMBL8817,CDK2,170.0,nM,CN1CC[C@@H](c2c(O)cc(O)c3c(=O)cc(-c4ccccc4Cl)oc23)[C@@H](O)C1,6.769551078621726,True,<rdkit.Chem.rdchem.Mol object at 0x735c78f45b60>,False
CHEMBL3663783,CDK9,170.0,nM,Clc1ccc(NCC2CCCNC2)nc1-c1ccnc2[nH]c(C3CCNCC3)cc12,6.769551078621726,True,<rdkit.Chem.rdchem.Mol object at 0x735c78f45bd0>,False
CHEMBL3980578,CDK9,170.0,nM,CN1Cc2c(C3=C[C@H]4CC[C@@H](C3)N4CC(=O)O)[nH]c3nccc(c23)-c2cc(F)ccc21,6.769551078621726,True,<rdkit.Chem.rdchem.Mol object at 0x735c78f45c40>,False
CHEMBL404747,CDK2,170.0,nM,O=C(Cc1ccccc1)Nc1n[nH]c2ccc(N3CCCC3=O)cc12,6.769551078621726,True,<rdkit.Chem.rdchem.Mol object at 0x735c78f45cb0>,False
CHEMBL5975700,CDK9,170.0,nM,Cn1nnc2cc(CN3CCc4ccc(-c5cc(NC(=O)C6CCCNC6)ncc5Cl)cc43)ccc21,6.769551078621726,True,<rdkit.Chem.rdchem.Mol object at 0x735c78f45d90>,False
CHEMBL3641959,CDK4,170.0,nM,C[C@H]1CN(c2ccc(Nc3ncc4c5ccncc5n([C@H]5CCC[C@@H]5O)c4n3)nc2)CCN1,6.769551078621726,True,<rdkit.Chem.rdchem.Mol object at 0x735c78f45e00>,False
CHEMBL445813,CDK6,170.0,nM,O=C(NC1CCNCC1)c1n[nH]cc1NC(=O)c1c(Cl)cccc1Cl,6.769551078621726,True,<rdkit.Chem.rdchem.Mol object at 0x735c78f45ee0>,False
CHEMBL3673497,CDK9,170.0,nM,CS(=O)(=O)N1CC=C(c2cc3c(-c4cccc(NCc5c(F)cccc5F)n4)ccnc3[nH]2)CC1,6.769551078621726,True,<rdkit.Chem.rdchem.Mol object at 0x735c78f45f50>,False
CHEMBL192126,CDK2,170.0,nM,C[C@@H](C(=O)Nc1cc(C2CC2)[nH]n1)c1ccc(N2Cc3ccccc3C2=O)cc1,6.769551078621726,True,<rdkit.Chem.rdchem.Mol object at 0x735c78f45fc0>,False
CHEMBL5960660,CDK9,170.0,nM,Fc1cccc(Cn2cnc3ccc(-c4cc(NC5CCCC5)ncc4Cl)cc32)c1,6.769551078621726,True,<rdkit.Chem.rdchem.Mol object at 0x735c78f46030>,False
CHEMBL225519,CDK1,170.0,nM,O=C1NCCc2[nH]c(-c3ccncc3)cc21,6.769551078621726,True,<rdkit.Chem.rdchem.Mol object at 0x735c78f460a0>,False
CHEMBL4747227,CDK9,170.0,nM,CC(=O)N[C@@H]1CCC[C@H](C(=O)Nc2cc(-c3cnn4c3CC(C)(C)C4O)c(Cl)cn2)C1,6.769551078621726,True,<rdkit.Chem.rdchem.Mol object at 0x735c78f46180>,False
CHEMBL3897217,CDK2,170.0,nM,COc1cc(F)ccc1-c1nc(Nc2cc(F)c(F)c(CS(C)(=N)=O)c2)ncc1F,6.769551078621726,True,<rdkit.Chem.rdchem.Mol object at 0x735c78f461f0>,False
CHEMBL6011420,CDK9,170.0,nM,CC(Cc1ccncc1)Nc1cc(-c2ccc3ncn(Cc4cccc(F)c4)c3c2)c(Cl)cn1,6.769551078621726,True,<rdkit.Chem.rdchem.Mol object at 0x735c78f46260>,False
CHEMBL385070,CDK4,170.0,nM,O=C1c2cccc(-c3nc4ccccc4nc3O)c2CN1C1CCCC1,6.769551078621726,True,<rdkit.Chem.rdchem.Mol object at 0x735c78f462d0>,False
CHEMBL3892477,CDK9,170.0,nM,CN1Cc2c(C3=CCCN(CC(=O)O)CC3)[nH]c3nccc(c23)-c2cc(F)ccc21,6.769551078621726,True,<rdkit.Chem.rdchem.Mol object at 0x735c78f463b0>,False
CHEMBL5914516,CDK9,170.0,nM,CC1(O)CCC(Cn2nnc3ccc(-c4cc(NC(=O)[C@@H]5CCCNC5)ncc4Cl)cc32)CC1,6.769551078621726,True,<rdkit.Chem.rdchem.Mol object at 0x735c78f46420>,False
CHEMBL3668548,CDK9,172.0,nM,COc1ccc(F)cc1-c1c(C#N)cnc2[nH]c(C3=CCN(CC(=O)N4CCC[C@H]4CO)CC3)cc12,6.764471553092451,True,<rdkit.Chem.rdchem.Mol object at 0x735c78f46500>,False
CHEMBL5875685,CDK6,173.0,nM,CCN1CCN(Cc2ccc(Nc3ncc(F)c(-c4cc(F)c5c(c4)N(C4CCC(N)CC4)CCO5)n3)nc2)CC1,6.761953896871205,True,<rdkit.Chem.rdchem.Mol object at 0x735c78f46570>,False
CHEMBL5542666,CDK2,173.4,nM,CCC(=O)Nc1ccc(CNc2nc(N[C@@H](CC)CO)nc3c(C(C)C)cnn23)cc1,6.760950906859808,True,<rdkit.Chem.rdchem.Mol object at 0x735c78f465e0>,False
CHEMBL5076627,CDK6,174.0,nM,CCN(CC)c1cnc2ccc(-c3nc(Nc4ccc(C(=O)N5CCN(C(C)C)CC5)cn4)ncc3F)cc2n1,6.7594507517174005,True,<rdkit.Chem.rdchem.Mol object at 0x735c78f46650>,False
CHEMBL3702039,CDK4,174.0,nM,NC1CCN(c2nc(Nc3ncc4c5ccncc5n(C5CCCC5)c4n3)ns2)CC1,6.7594507517174005,True,<rdkit.Chem.rdchem.Mol object at 0x735c78f466c0>,False
CHEMBL5556871,CDK2,174.7,nM,CCC(=O)Nc1ccc(CNc2nc(NC3CCCNC3)nc3c(C(C)C)cnn23)cc1,6.75770709501707,True,<rdkit.Chem.rdchem.Mol object at 0x735c78f467a0>,False
CHEMBL5085896,CDK6,175.0,nM,O=C(c1ccc(Nc2ncc(F)c(-c3ccc4ncc(N5CCOCC5)nc4c3)n2)nc1)N1CCNCC1,6.756961951313706,True,<rdkit.Chem.rdchem.Mol object at 0x735c78f46810>,False
CHEMBL3641960,CDK4,175.0,nM,CC1(C)CN(c2ccc(Nc3ncc4c5ccncc5n([C@H]5CCC[C@@H]5O)c4n3)nc2)CCN1,6.756961951313706,True,<rdkit.Chem.rdchem.Mol object at 0x735c78f46880>,False
CHEMBL5558477,CDK2,175.7,nM,CC[C@@H](CO)Nc1nc(NCc2ccc(NC(=O)C3(F)CC3)cc2)n2ncc(C(C)C)c2n1,6.755228238504705,True,<rdkit.Chem.rdchem.Mol object at 0x735c78f468f0>,False
CHEMBL3641910,CDK6,176.0,nM,C[C@H]1CN(c2ccc(Nc3ncc4c5ccncc5n(CCCO)c4n3)nc2)CCN1,6.75448733218585,True,<rdkit.Chem.rdchem.Mol object at 0x735c78f46960>,False
CHEMBL3641914,CDK4,177.0,nM,CN(C)C1CCN(c2ccc(Nc3ncc4c5ccncc5n([C@H]5CCC[C@H]5O)c4n3)nn2)CC1,6.752026733638194,True,<rdkit.Chem.rdchem.Mol object at 0x735c78f469d0>,False
CHEMBL3702143,CDK4,177.0,nM,O=C(O)Cc1ccc(Nc2ncc3c4ccncc4n(C4CCCC4)c3n2)nc1,6.752026733638194,True,<rdkit.Chem.rdchem.Mol object at 0x735c78f46a40>,False
CHEMBL3702140,CDK6,178.0,nM,O=C(O)Cc1ccc(-n2c3cnccc3c3cnc(Nc4ccc(N5CCNCC5)cn4)cc32)cc1,6.7495799976911055,True,<rdkit.Chem.rdchem.Mol object at 0x735c78f46ab0>,False
CHEMBL5774515,CDK1,178.0,nM,Cc1nc2c(F)cc(-c3nc(Nc4ccc5c(n4)CCN(C(=O)OCCN(C)C)C5)ncc3F)cc2n1C1CC1,6.7495799976911055,True,<rdkit.Chem.rdchem.Mol object at 0x735c78f46b20>,False
CHEMBL4215126,CDK6,178.0,nM,CCN1CCN(Cc2ccc(Nc3ncc(F)c(-c4cc(F)c5nc6n(c5c4)C(C)CC6)n3)nc2C)CC1,6.7495799976911055,True,<rdkit.Chem.rdchem.Mol object at 0x735c78f46b90>,False
CHEMBL233224,CDK1,180.0,nM,CN1CCN(CCc2ccc(Nc3ncc(Cl)c(-c4c[nH]c5ccccc45)n3)cc2)CC1,6.7447274948966935,True,<rdkit.Chem.rdchem.Mol object at 0x735c78f46c70>,False
CHEMBL5824837,CDK9,180.0,nM,CS(=O)(=O)N1CCC2(CC1)CC(Nc1cc(-c3ccc4ncn(CC5CCOCC5)c4c3)c(Cl)cn1)C2,6.7447274948966935,True,<rdkit.Chem.rdchem.Mol object at 0x735c78f46ce0>,False
CHEMBL2029909,CDK1,180.0,nM,CN1CCN(C(=O)c2cc(Nc3ncc4cc(-c5cnn(C)c5)n(C5CCCC5)c4n3)cn2C)CC1,6.7447274948966935,True,<rdkit.Chem.rdchem.Mol object at 0x735c78f46d50>,False
CHEMBL5911629,CDK9,180.0,nM,O=C1CC(C(=O)Nc2cc(-c3ccc4ncn(CC5CCOCC5)c4c3)c(Cl)cn2)C1,6.7447274948966935,True,<rdkit.Chem.rdchem.Mol object at 0x735c78f46dc0>,False
CHEMBL455468,CDK1,180.0,nM,Cc1ncc(-c2ccnc(Nc3ccc(C(=O)NC4CCN(C)CC4)cc3)n2)n1C(C)C,6.7447274948966935,True,<rdkit.Chem.rdchem.Mol object at 0x735c78f46ea0>,False
CHEMBL3981911,CDK2,180.0,nM,COc1cc(F)ccc1-c1nc(Nc2cc(Cl)cc(CS(C)(=N)=O)c2)ncc1F,6.7447274948966935,True,<rdkit.Chem.rdchem.Mol object at 0x735c78f46f10>,False
CHEMBL5566672,CDK9,180.0,nM,COc1ccc(Nc2c(-c3ccoc3)nc3cnccn23)cc1,6.7447274948966935,True,<rdkit.Chem.rdchem.Mol object at 0x735c78f46ff0>,False
CHEMBL3920469,CDK9,180.0,nM,CN1Cc2c(C3=CCCN(CC(=O)N4CC(O)C4)CC3)[nH]c3nccc(c23)-c2cc(F)ccc21,6.7447274948966935,True,<rdkit.Chem.rdchem.Mol object at 0x735c78f47060>,False
CHEMBL3905910,CDK2,180.0,nM,CN1CC[C@@H](c2c(O)cc(O)c3c(=O)cc(-c4ccc(C(F)(F)F)cc4Cl)oc23)[C@@H]1CO,6.7447274948966935,True,<rdkit.Chem.rdchem.Mol object at 0x735c78f470d0>,False
CHEMBL3905335,CDK2,180.0,nM,COc1cc(F)ccc1-c1nc(Nc2cc(CS(C)(=N)=O)cc(C(F)(F)F)c2)ncc1F,6.7447274948966935,True,<rdkit.Chem.rdchem.Mol object at 0x735c78f47140>,False
CHEMBL6038192,CDK9,180.0,nM,COC(=O)c1ccc(Cn2nnc3ccc(-c4cc(NC(=O)[C@@H]5CCCNC5)ncc4Cl)cc32)cc1,6.7447274948966935,True,<rdkit.Chem.rdchem.Mol object at 0x735c78f471b0>,False
CHEMBL193643,CDK2,180.0,nM,Nc1nc(Nc2ccc(S(N)(=O)=O)cc2)ccc1C(=O)c1c(F)cccc1F,6.7447274948966935,True,<rdkit.Chem.rdchem.Mol object at 0x735c78f47290>,False
CHEMBL559301,CDK2,180.0,nM,Nc1nc(O)c(Cc2nn3c(COc4ccc(Cl)cc4)nnc3s2)s1,6.7447274948966935,True,<rdkit.Chem.rdchem.Mol object at 0x735c78f47370>,False
CHEMBL126077,CDK1,180.0,nM,O=Nc1c(-c2c(O)[nH]c3ccccc23)[nH]c2ccccc12,6.7447274948966935,True,<rdkit.Chem.rdchem.Mol object at 0x735c78f473e0>,False
CHEMBL3668356,CDK9,180.0,nM,CN1CCCC(c2cc3c(-c4cccc(NCc5ccccc5)n4)c(Cl)cnc3[nH]2)C1,6.7447274948966935,True,<rdkit.Chem.rdchem.Mol object at 0x735c78f47450>,False
CHEMBL3668379,CDK9,180.0,nM,Nc1ccc(Cl)c(-c2ccnc3[nH]c(C4CCNCC4)cc23)n1,6.7447274948966935,True,<rdkit.Chem.rdchem.Mol object at 0x735c78f47530>,False
CHEMBL5759958,CDK1,183.0,nM,Cc1nc2c(F)cc(-c3nc(Nc4ccc5c(n4)CCN(C(=O)CN(C)C)C5)ncc3F)cc2n1C1CCCC1,6.73754891026957,True,<rdkit.Chem.rdchem.Mol object at 0x735c78f47680>,False
CHEMBL2403087,CDK1,183.0,nM,NC1CCC(Nc2nc(NCc3ccc(-c4ccsc4)cc3)c3ncn(C4CCCC4)c3n2)CC1,6.73754891026957,True,<rdkit.Chem.rdchem.Mol object at 0x735c78f476f0>,False
CHEMBL2403090,CDK1,184.0,nM,NC1CCC(Nc2nc(NCc3ccc(-c4ccccc4)nc3)c3ncn(C4CCCC4)c3n2)CC1,6.735182176990463,True,<rdkit.Chem.rdchem.Mol object at 0x735c78f47760>,False
CHEMBL5631610,CDK6,184.0,nM,N#Cc1c(-c2ccc(Cl)cc2Cl)cc(-c2c[nH]c3ccccc23)[nH]c1=O,6.735182176990463,True,<rdkit.Chem.rdchem.Mol object at 0x735c78f477d0>,False
CHEMBL3641949,CDK4,184.0,nM,CN(C)C1CCN(c2ccc(Nc3ncc4c5ccncc5n([C@@H]5CCOC5)c4n3)nn2)CC1,6.735182176990463,True,<rdkit.Chem.rdchem.Mol object at 0x735c78f47840>,False
CHEMBL1081831,CDK2,185.0,nM,N[C@H](CNc1ncc(-c2ccc3c(c2)CC(=O)N3)s1)Cc1ccc(C(F)(F)F)cc1,6.732828271596986,True,<rdkit.Chem.rdchem.Mol object at 0x735c78f47990>,False
CHEMBL3972676,CDK2,187.0,nM,CN1CCN(C(=O)c2ccc(Nc3ncc4cc5n(c4n3)C3(CCCC3)CNC5=O)nc2)CC1,6.7281583934635005,True,<rdkit.Chem.rdchem.Mol object at 0x735c78f47a00>,False
CHEMBL3639904,CDK4,187.0,nM,CN(C)C(=O)c1cc2cnc(Nc3ccc(C(=O)C45C[C@H]6C[C@H](O)C[C@@H](C4)N65)cn3)nc2n1C1CCCC1,6.7281583934635005,True,<rdkit.Chem.rdchem.Mol object at 0x735c78f47a70>,False
CHEMBL5942169,CDK6,187.0,nM,CC(C)N1CCc2c(cccc2Nc2ncc(F)c(-c3cc(F)c4c(c3)N(C(C)C)CCO4)n2)C1,6.7281583934635005,True,<rdkit.Chem.rdchem.Mol object at 0x735c78f47ae0>,False
CHEMBL3691549,CDK4,187.0,nM,CN(C)C(=O)c1cc2cnc(Nc3ccc(C(=O)N4CC5CCC(C4)C5(C)O)cn3)nc2n1C1CCCCCC1,6.7281583934635005,True,<rdkit.Chem.rdchem.Mol object at 0x735c78f47b50>,False
CHEMBL5512555,CDK2,187.6,nM,CC(=O)N1CCC(C(=O)Nc2ccc(CNc3nc(NC4CCOCC4)nc4c(C(C)C)cnn34)cc2)CC1,6.726767165956955,True,<rdkit.Chem.rdchem.Mol object at 0x735c78f47c30>,False
CHEMBL1823630,CDK2,190.0,nM,N[C@H](CNc1nnc(-c2ccc3c(c2)CC(=O)N3)s1)Cc1ccc(C(F)(F)F)cc1,6.721246399047171,True,<rdkit.Chem.rdchem.Mol object at 0x735c78f47ca0>,False
CHEMBL3691651,CDK4,190.0,nM,CN(C)C(=O)c1cc2cnc(Nc3ccc(N4CCC5(CCCN5C(=O)OC(C)(C)C)C4=O)cn3)nc2n1C1CCCC1,6.721246399047171,True,<rdkit.Chem.rdchem.Mol object at 0x735c78f47d10>,False
CHEMBL16171,CDK9,190.0,nM,COc1c(O)cc(O)c2c(=O)cc(-c3ccccc3)oc12,6.721246399047171,True,<rdkit.Chem.rdchem.Mol object at 0x735c78f47d80>,False
CHEMBL5284748,CDK2,190.0,nM,NC[C@@H](CNc1cncc(-c2ccc3[nH]nc(NC(=O)c4ccccc4)c3c2)c1)c1ccccc1,6.721246399047171,True,<rdkit.Chem.rdchem.Mol object at 0x735c78f47df0>,False
CHEMBL4161364,CDK2,190.0,nM,N=c1[nH]c(=O)[nH]c2c1cnn2-c1ccc(S(N)(=O)=O)cc1,6.721246399047171,True,<rdkit.Chem.rdchem.Mol object at 0x735c78f47e60>,False
CHEMBL5901552,CDK9,190.0,nM,O=C(Nc1cc(-c2ccc3ncn(CC4CCOCC4)c3c2)c(Cl)cn1)c1cn[nH]c1,6.721246399047171,True,<rdkit.Chem.rdchem.Mol object at 0x735c78f47ed0>,False
CHEMBL3702042,CDK4,190.0,nM,CN(C)C1CCN(c2nc(Nc3ncc4c5ccncc5n(C5CCCC5)c4n3)ns2)CC1,6.721246399047171,True,<rdkit.Chem.rdchem.Mol object at 0x735c78f8c900>,False
CHEMBL392775,CDK2,190.0,nM,Cc1cc(N2CCCS2(=O)=O)c2oc(-c3ccc(O)c(Cl)c3)c(O)c(=O)c2c1,6.721246399047171,True,<rdkit.Chem.rdchem.Mol object at 0x735c78f8d4d0>,False
CHEMBL5759958,CDK2,193.0,nM,Cc1nc2c(F)cc(-c3nc(Nc4ccc5c(n4)CCN(C(=O)CN(C)C)C5)ncc3F)cc2n1C1CCCC1,6.714442690992226,True,<rdkit.Chem.rdchem.Mol object at 0x735c78f8fb50>,False
CHEMBL6164890,CDK6,195.0,nM,CC(=O)N1CCC2(CC1)CC(=O)c1ccc(-c3nc(Nc4ccc(C(=O)N5CCN(C(=O)C6CC6)CC5)cn4)ncc3F)cc1O2,6.709965388637482,True,<rdkit.Chem.rdchem.Mol object at 0x735c78f8d7e0>,False
CHEMBL5591731,CDK1,195.0,nM,N#Cc1cnc(NC2CCN(S(=O)(=O)c3ccccn3)CC2)nc1-c1cnn(CC(F)(F)F)c1,6.709965388637482,True,<rdkit.Chem.rdchem.Mol object at 0x735c78f8d460>,False
CHEMBL4741061,CDK9,195.8,nM,Cc1cccc(-c2ccnc(Nc3ccc4c(c3)N(C(C)C)[C@H](C)C(=O)N4C)n2)c1,6.708187312532881,True,<rdkit.Chem.rdchem.Mol object at 0x735c78f8d770>,False
CHEMBL6142344,CDK1,196.0,nM,Cc1ccc(O)c(C)c1-n1c(N)c(C(N)=O)c2c(=O)n(CC3CC3)c(C)nc21,6.707743928643524,True,<rdkit.Chem.rdchem.Mol object at 0x735c78f8f680>,False
CHEMBL1080892,CDK2,198.0,nM,Cc1n[nH]c2ccc(-c3nnc(NC[C@@H](N)Cc4ccccc4C(F)(F)F)s3)cc12,6.703334809738469,True,<rdkit.Chem.rdchem.Mol object at 0x735c78f8f3e0>,False
CHEMBL6163690,CDK6,198.0,nM,CCN1CCN(C(=O)c2ccc(Nc3ncc(F)c(-c4ccc5c(c4)OC4(CCN(C(C)=O)CC4)CC5=O)n3)nc2)CC1,6.703334809738469,True,<rdkit.Chem.rdchem.Mol object at 0x735c78f8f5a0>,False
CHEMBL5088816,CDK6,199.0,nM,O=C(c1ccc(Nc2ncc(F)c(-c3ccc4nccnc4c3)n2)nc1)N1CCNCC1,6.701146923590294,True,<rdkit.Chem.rdchem.Mol object at 0x735c78f8e8f0>,False
CHEMBL5869281,CDK1,199.0,nM,Cc1nc2c(F)cc(-c3nc(Nc4ccc5c(n4)CCN(C[C@H]4CN(C)CCO4)C5)ncc3F)cc2n1C(C)(C)C,6.701146923590294,True,<rdkit.Chem.rdchem.Mol object at 0x735c78f8c510>,False
CHEMBL2036792,CDK4,199.0,nM,CNc1ncc2c(-c3ccc(N4CCNCC4)cc3)nn(CC3CCC(N)CC3)c2n1,6.701146923590294,True,<rdkit.Chem.rdchem.Mol object at 0x735c78f8e570>,False
CHEMBL1922123,CDK2,200.0,nM,CC[C@@H](Nc1nc(NCc2cccnc2)c2ncn(C(C)C)c2n1)C(C)(C)O,6.698970004336019,True,<rdkit.Chem.rdchem.Mol object at 0x735c78f8da10>,False
CHEMBL430703,CDK2,200.0,nM,CC(C)c1cc(NC(=O)c2ccc(Br)cc2)n[nH]1,6.698970004336019,True,<rdkit.Chem.rdchem.Mol object at 0x735c78f8c200>,False
CHEMBL2029910,CDK1,200.0,nM,CN1CCN(C(=O)c2cc(Nc3ncc4cc(-c5cncn5C)n(C5CCCC5)c4n3)cn2C)CC1,6.698970004336019,True,<rdkit.Chem.rdchem.Mol object at 0x735c78f8d3f0>,False
CHEMBL5744442,CDK6,200.0,nM,CC(C)CN1CCOc2c(F)cc(-c3nc(Nc4ccc(N5CCC(O)CC5)cn4)ncc3F)cc21,6.698970004336019,True,<rdkit.Chem.rdchem.Mol object at 0x735c78f8f290>,False
CHEMBL3663805,CDK9,200.0,nM,Clc1ccc(NCC2CCOCC2)nc1-c1ccnc2[nH]c(C3CCNC3)cc12,6.698970004336019,True,<rdkit.Chem.rdchem.Mol object at 0x735c78f8fc30>,False
CHEMBL564076,CDK1,200.0,nM,C[C@@H]1CNc2c(sc3ccc4nc(-c5ccccc5)ccc4c23)C(=O)N1,6.698970004336019,True,<rdkit.Chem.rdchem.Mol object at 0x735c78f8c9e0>,False
CHEMBL84436,CDK2,200.0,nM,CC(C)n1cnc2c(NCc3ccccc3)nc(NC[C@@H](C)O)nc21,6.698970004336019,True,<rdkit.Chem.rdchem.Mol object at 0x735c78f8e2d0>,False
CHEMBL5170524,CDK1,200.0,nM,COc1cc(C(=O)N2CCCC2)ccc1-c1ccnc2[nH]c(C3CCNCC3)cc12,6.698970004336019,True,<rdkit.Chem.rdchem.Mol object at 0x735c78f8eff0>,False
CHEMBL5907969,CDK9,200.0,nM,Cc1nnc(Cn2cnc3ccc(-c4cc(NC(=O)[C@@H]5CCCNC5)ncc4Cl)cc32)[nH]1,6.698970004336019,True,<rdkit.Chem.rdchem.Mol object at 0x735c78f8eb90>,False
CHEMBL254170,CDK1,200.0,nM,CS(=O)(=O)c1ccc(CC(=O)Nc2n[nH]c3ccc(N4CCCS4(=O)=O)cc23)cc1,6.698970004336019,True,<rdkit.Chem.rdchem.Mol object at 0x735c78f8ff40>,False
CHEMBL319373,CDK1,200.0,nM,COc1cc2c(cc1OC)-c1[nH]c3ccc(Br)cc3c1CC(=O)N2,6.698970004336019,True,<rdkit.Chem.rdchem.Mol object at 0x735c78f8f6f0>,False
CHEMBL5778745,CDK9,200.0,nM,COc1cc2nnn(Cc3cccc(F)c3)c2cc1-c1cc(NC(=O)[C@@H]2CCCNC2)ncc1Cl,6.698970004336019,True,<rdkit.Chem.rdchem.Mol object at 0x735c78f8fd10>,False
CHEMBL3966259,CDK9,200.0,nM,CNC(=O)N1[C@H]2CC[C@@H]1C=C(c1[nH]c3nccc4c3c1CN(C)c1ccc(F)cc1-4)C2,6.698970004336019,True,<rdkit.Chem.rdchem.Mol object at 0x735c78f8ca50>,False
CHEMBL5940542,CDK9,200.0,nM,O=C(Nc1cc(-c2ccc3c(c2)N(Cc2nc4ccccc4[nH]2)CC3)c(Cl)cn1)C1CCCNC1,6.698970004336019,True,<rdkit.Chem.rdchem.Mol object at 0x735c78f8eab0>,False
CHEMBL603097,CDK1,200.0,nM,COc1ccc2nc3[nH]nc(C)c3c(OC)c2c1,6.698970004336019,True,<rdkit.Chem.rdchem.Mol object at 0x735c78f8eb20>,False
CHEMBL510566,CDK2,200.0,nM,C[C@@H]1CNC[C@@H](C(=O)Nc2ncc(SCc3ncc(C(C)(C)C)o3)s2)C1,6.698970004336019,True,<rdkit.Chem.rdchem.Mol object at 0x735c78f8c7b0>,False
CHEMBL5859695,CDK9,200.0,nM,CS(=O)(=O)Nc1ccc(CN2CCc3ccc(-c4cc(NC(=O)C5CCCNC5)ncc4Cl)cc32)cc1,6.698970004336019,True,<rdkit.Chem.rdchem.Mol object at 0x735c78f8d540>,False
CHEMBL1800459,CDK2,200.0,nM,Nc1nc(-c2cc(N3C[C@H](O)[C@@H](O)C3)ccc2O)cc(C2CCNCC2)n1,6.698970004336019,True,<rdkit.Chem.rdchem.Mol object at 0x735c78f8ec70>,False
CHEMBL3648086,CDK1,200.0,nM,CCOC(=O)N=S(=O)(CC)c1ccc(Nc2ncc(Br)c(N[C@@H](COC)[C@H](C)O)n2)cc1,6.698970004336019,True,<rdkit.Chem.rdchem.Mol object at 0x735c78f8fa00>,False
CHEMBL402910,CDK2,200.0,nM,CCN(CC)c1ccc2[nH]nc(NC(=O)Cc3ccccc3)c2c1,6.698970004336019,True,<rdkit.Chem.rdchem.Mol object at 0x735c78f8db60>,False
CHEMBL331906,CDK1,200.0,nM,Oc1cccc(-c2[nH]nc3ncnc(Nc4cccc(Cl)c4)c23)c1,6.698970004336019,True,<rdkit.Chem.rdchem.Mol object at 0x735c78f8ee30>,False
CHEMBL103115,CDK1,200.0,nM,NS(=O)(=O)c1ccc(Nc2cc(-c3ccc(O)c(F)c3)n[nH]2)cc1,6.698970004336019,True,<rdkit.Chem.rdchem.Mol object at 0x735c78f8c4a0>,False
CHEMBL6050764,CDK9,200.0,nM,CS(=O)(=O)CCn1nnc2ccc(-c3cc(NC(=O)[C@@H]4CCCNC4)ncc3Cl)cc21,6.698970004336019,True,<rdkit.Chem.rdchem.Mol object at 0x735c78f8dd20>,False
CHEMBL3648097,CDK1,200.0,nM,CCOc1nc(Nc2ccc(S(=N)(=O)CC)cc2)ncc1Br,6.698970004336019,True,<rdkit.Chem.rdchem.Mol object at 0x735c78f8e650>,False
CHEMBL5892230,CDK9,200.0,nM,O=C(Cn1ccc2ncc(-c3cc(NC(=O)[C@@H]4CCCNC4)ncc3Cl)cc21)c1cccc(F)c1,6.698970004336019,True,<rdkit.Chem.rdchem.Mol object at 0x735c78f8fed0>,False
CHEMBL496779,CDK4,200.0,nM,C=Cc1ccc2c(-c3ccnc(NC4CC4)n3)cnn2n1,6.698970004336019,True,<rdkit.Chem.rdchem.Mol object at 0x735c78f8cc10>,False
CHEMBL5899518,CDK9,200.0,nM,Cn1cnc2ccc(-c3ccnc(NC(=O)[C@@H]4CCCNC4)c3)cc21,6.698970004336019,True,<rdkit.Chem.rdchem.Mol object at 0x735c78f8d5b0>,False
CHEMBL5570663,CDK1,201.0,nM,Cn1cc(S(=O)(=O)N2CCC(Nc3ncc(C(F)(F)F)c(-c4cnn(CC(F)(F)F)c4)n3)CC2)cn1,6.696803942579511,True,<rdkit.Chem.rdchem.Mol object at 0x735c78f8c270>,False
CHEMBL3668551,CDK9,201.0,nM,CNC(=O)N1CC2C=C(c3cc4c(-c5cc(F)ccc5OC)c(F)cnc4[nH]3)CC2C1,6.696803942579511,True,<rdkit.Chem.rdchem.Mol object at 0x735c78f8fa70>,False
CHEMBL3895782,CDK2,202.0,nM,O=C1NCC2(CCCCC2)n2c1cc1cnc(Nc3ccc(C(=O)N4CCN(C5CCC5)CC4)cn3)nc12,6.694648630553376,True,<rdkit.Chem.rdchem.Mol object at 0x735c78f8d700>,False
CHEMBL2403085,CDK1,202.0,nM,NC1CCC(Nc2nc(NCc3ccc(-c4ccoc4)cc3)c3ncn(C4CCCC4)c3n2)CC1,6.694648630553376,True,<rdkit.Chem.rdchem.Mol object at 0x735c78f8e1f0>,False
CHEMBL5090931,CDK6,204.0,nM,Cc1nc2ccc(-c3nc(Nc4ccc(N5CCNCC5)cn4)ncc3F)cc2nc1C,6.690369832574101,True,<rdkit.Chem.rdchem.Mol object at 0x735c78f8d620>,False
CHEMBL312018,CDK2,204.0,nM,O=C1Nc2ccc(F)c3ccc(-c4ccc[nH]4)c1c23,6.690369832574101,True,<rdkit.Chem.rdchem.Mol object at 0x735c78f8cb30>,False
CHEMBL5555560,CDK2,206.7,nM,CCC(=O)Nc1ccc(CNc2nc(NC(CO)CO)nc3c(C(C)C)cnn23)cc1,6.684659523372712,True,<rdkit.Chem.rdchem.Mol object at 0x735c78f8dd90>,False
CHEMBL5774696,CDK2,207.0,nM,Cc1nc2c(F)cc(-c3nc(Nc4ccc5c(n4)CCN(C[C@H](C)N)C5)ncc3F)cc2n1C1CC1,6.684029654543082,True,<rdkit.Chem.rdchem.Mol object at 0x735c78f8c120>,False
CHEMBL5964675,CDK1,208.0,nM,Cc1nc2c(F)cc(-c3nc(Nc4ccc5c(n4)CCN(C[C@H]4CNCCO4)C5)ncc3F)cc2n1C(C)(C)C,6.681936665037238,True,<rdkit.Chem.rdchem.Mol object at 0x735c78f8e6c0>,False
CHEMBL5897984,CDK1,208.0,nM,Cc1nc2c(F)cc(-c3nc(Nc4ccc5c(n4)CCN(C[C@H]4CNCCO4)C5)ncc3F)cc2n1C(C)C,6.681936665037238,True,<rdkit.Chem.rdchem.Mol object at 0x735c78f8cac0>,False
CHEMBL5558178,CDK6,208.9,nM,CC(C)n1nnc2ccc(-c3ccnc(Nc4cc(C(=O)N5CCCN(C)CC5)ccn4)c3)cc21,6.680061560019691,True,<rdkit.Chem.rdchem.Mol object at 0x735c78f8c430>,False
CHEMBL445813,CDK1,210.0,nM,O=C(NC1CCNCC1)c1n[nH]cc1NC(=O)c1c(Cl)cccc1Cl,6.6777807052660805,True,<rdkit.Chem.rdchem.Mol object at 0x735c78f8d150>,False
CHEMBL72461,CDK2,210.0,nM,Cc1nc2ccccn2c1-c1ccnc(Nc2ccccc2)n1,6.6777807052660805,True,<rdkit.Chem.rdchem.Mol object at 0x735c78f8e730>,False
CHEMBL2158859,CDK1,210.0,nM,CNC(=O)Nc1ccc(-c2cc(-c3ccnc(Nc4cccc(S(=O)(=O)NC)c4)n3)ccn2)cc1,6.6777807052660805,True,<rdkit.Chem.rdchem.Mol object at 0x735c78f8c820>,False
CHEMBL5862699,CDK9,210.0,nM,O=C(Nc1cc(-c2ccc3c(c2)N(Cc2cncnc2)CC3)c(Cl)cn1)C1CCCNC1,6.6777807052660805,True,<rdkit.Chem.rdchem.Mol object at 0x735c78f8fd80>,False
CHEMBL3085238,CDK1,210.0,nM,COc1ccc(CNc2nc(N3CCC[C@@H]3CO)nc3c2ncn3C(C)C)cc1,6.6777807052660805,True,<rdkit.Chem.rdchem.Mol object at 0x735c78f8fbc0>,False
CHEMBL5962065,CDK9,210.0,nM,O=C(Nc1cc(-c2ccc3c(c2)N(Cc2cnc4c(c2)OCCO4)CC3)c(Cl)cn1)C1CCCNC1,6.6777807052660805,True,<rdkit.Chem.rdchem.Mol object at 0x735c78f8d070>,False
CHEMBL6011730,CDK9,210.0,nM,O=C(Nc1cc(-c2ccc3c(c2)N(CC(=O)N2CCOCC2)CC3)c(Cl)cn1)C1CCCNC1,6.6777807052660805,True,<rdkit.Chem.rdchem.Mol object at 0x735c78f8f920>,False
CHEMBL457888,CDK4,210.0,nM,Cc1ncc(-c2ccnc(Nc3ccc(S(=O)(=O)CCCN4CCOCC4)cc3)n2)n1C(C)C,6.6777807052660805,True,<rdkit.Chem.rdchem.Mol object at 0x735c78f8f8b0>,False
CHEMBL3905910,CDK6,210.0,nM,CN1CC[C@@H](c2c(O)cc(O)c3c(=O)cc(-c4ccc(C(F)(F)F)cc4Cl)oc23)[C@@H]1CO,6.6777807052660805,True,<rdkit.Chem.rdchem.Mol object at 0x735c78f8f840>,False
CHEMBL3589673,CDK9,210.0,nM,COc1ccc2nc(C(=O)O)c3c4cccc(Cl)c4[nH]c3c2c1,6.6777807052660805,True,<rdkit.Chem.rdchem.Mol object at 0x735c78f8f7d0>,False
CHEMBL6165726,CDK1,211.0,nM,Cc1ccc(O)c(C)c1-n1c(N)c(C(N)=O)c2c(=O)n(CC#N)c(C)nc21,6.675717544702307,True,<rdkit.Chem.rdchem.Mol object at 0x735c78f8f760>,False
CHEMBL3641922,CDK4,211.0,nM,C[C@H]1CN(c2ccc(Nc3ncc4c5ccncc5n([C@H]5CCC[C@H]5O)c4n3)nn2)CCN1,6.675717544702307,True,<rdkit.Chem.rdchem.Mol object at 0x735c78f8f610>,False
CHEMBL6014795,CDK2,212.0,nM,Cc1nc2c(F)cc(-c3nc(Nc4ccc5c(n4)CCN(C(=O)C4CCCN4)C5)ncc3F)cc2n1C1CC1,6.673664139071248,True,<rdkit.Chem.rdchem.Mol object at 0x735c78f8f4c0>,False
CHEMBL6038282,CDK2,212.0,nM,Cc1nc2c(F)cc(-c3nc(Nc4ccc5c(n4)CCN(C(=O)[C@@H]4CCCN4)C5)ncc3F)cc2n1C1CC1,6.673664139071248,True,<rdkit.Chem.rdchem.Mol object at 0x735c78f8f370>,False
CHEMBL5555057,CDK2,214.4,nM,CC(=O)Nc1ccc(CNc2nc(NC3CCCNC3)nc3c(C(C)C)cnn23)cc1,6.668775218979268,True,<rdkit.Chem.rdchem.Mol object at 0x735c78f8ed50>,False
CHEMBL5778621,CDK9,215.0,nM,CC(=O)N[C@H]1CCC[C@H](C(=O)Nc2cc(-c3cnn4c3CCCC4)c(Cl)cn2)C1,6.667561540084394,True,<rdkit.Chem.rdchem.Mol object at 0x735c78f8e9d0>,False
CHEMBL2403098,CDK1,215.0,nM,OC1CCC(Nc2nc(NCc3ccc(-c4ccco4)nc3)c3ncn(C4CCCC4)c3n2)CC1,6.667561540084394,True,<rdkit.Chem.rdchem.Mol object at 0x735c78f8e960>,False
CHEMBL3641943,CDK4,216.0,nM,C[C@H](CO)n1c2cnccc2c2cnc(Nc3ccc(N4CCC(N(C)C)CC4)nn3)nc21,6.665546248849069,True,<rdkit.Chem.rdchem.Mol object at 0x735c78f8e880>,False
CHEMBL3698678,CDK6,218.0,nM,Oc1cc2c3cnc(Nc4ccc(N5CCNCC5)cn4)nc3n(C3CCCC3)c2cn1,6.661543506395395,True,<rdkit.Chem.rdchem.Mol object at 0x735c78f8e810>,False
CHEMBL3641946,CDK4,218.0,nM,C[C@H](CO)n1c2cnccc2c2cnc(Nc3ccc(N4CCNC(C)(C)C4)nn3)nc21,6.661543506395395,True,<rdkit.Chem.rdchem.Mol object at 0x735c78f8e7a0>,False
CHEMBL5413586,CDK9,219.0,nM,O=C(Cn1cc(Br)c(=O)n(CC(=O)Nc2ccc(Br)cn2)c1=O)Nc1ccc(Br)cn1,6.6595558851598815,True,<rdkit.Chem.rdchem.Mol object at 0x735c78f8c970>,False
CHEMBL3641950,CDK4,219.0,nM,O[C@@H]1CCN(c2ccc(Nc3ncc4c5ccncc5n([C@@H]5CCOC5)c4n3)nn2)C1,6.6595558851598815,True,<rdkit.Chem.rdchem.Mol object at 0x735c78f8d0e0>,False
CHEMBL5744310,CDK9,220.0,nM,O=C(Nc1cc(-c2cc(F)c3ncn(CC4CCOCC4)c3c2)c(Cl)cn1)[C@@H]1CCCNC1,6.657577319177793,True,<rdkit.Chem.rdchem.Mol object at 0x735c78f8e5e0>,False
CHEMBL6049394,CDK9,220.0,nM,N[C@H]1CC[C@H](Nc2cc(-c3ccc4ncn(Cc5cccc(F)c5)c4c3)c(Cl)cn2)CC1,6.657577319177793,True,<rdkit.Chem.rdchem.Mol object at 0x735c78f8e340>,False
CHEMBL5784717,CDK9,220.0,nM,O=C(Nc1cc(-c2ccc3ncn(CC4CCOCC4)c3c2)c(Cl)cn1)[C@@H]1C[C@H]2CN[C@@H]1C2,6.657577319177793,True,<rdkit.Chem.rdchem.Mol object at 0x735c78f8e110>,False
CHEMBL1922120,CDK2,220.0,nM,CCC(O)[C@@H](CC)Nc1nc(NCc2cccnc2)c2ncn(C(C)C)c2n1,6.657577319177793,True,<rdkit.Chem.rdchem.Mol object at 0x735c78f8df50>,False
CHEMBL1800458,CDK1,220.0,nM,Nc1nc(-c2cc(N3C[C@H](O)[C@@H](O)C3)ccc2O)cc(C2CCCNC2)n1,6.657577319177793,True,<rdkit.Chem.rdchem.Mol object at 0x735c78f8de70>,False
CHEMBL3962241,CDK2,220.0,nM,COc1cc(F)ccc1-c1nc(Nc2cc(F)cc(CS(C)(=N)=O)c2)ncc1F,6.657577319177793,True,<rdkit.Chem.rdchem.Mol object at 0x735c78f8dc40>,False
CHEMBL322568,CDK1,220.0,nM,CSc1ccc(Nc2nc(N)c(N=O)c(OCC3CCCCC3)n2)cc1,6.657577319177793,True,<rdkit.Chem.rdchem.Mol object at 0x735c78f8dbd0>,False
CHEMBL5419652,CDK2,220.0,nM,N#Cc1ccc(Nc2nccc(C(=O)Nc3cnccc3-c3ccc(F)cc3)n2)cc1,6.657577319177793,True,<rdkit.Chem.rdchem.Mol object at 0x735c78f8cdd0>,False
CHEMBL1080583,CDK1,220.0,nM,CCC(CO)Nc1nc(Nc2cccc(-c3ccccn3)c2)c2ncn(C(C)C)c2n1,6.657577319177793,True,<rdkit.Chem.rdchem.Mol object at 0x735c78f8d930>,False
CHEMBL5842602,CDK9,220.0,nM,O=C(Nc1cc(-c2ccc3ncn(CC4CCOCC4)c3c2)c(Cl)cn1)C1CCc2nccn2C1,6.657577319177793,True,<rdkit.Chem.rdchem.Mol object at 0x735c78f8d8c0>,False
CHEMBL418203,CDK2,220.0,nM,CN1CCC(c2c(O)cc(O)c3c(=O)cc(-c4ccccc4Cl)oc23)[C@@H](O)C1,6.657577319177793,True,<rdkit.Chem.rdchem.Mol object at 0x735c78f8d690>,False
CHEMBL563366,CDK2,220.0,nM,CNC(=O)c1nn(C)c2c1C(C)(C)Cc1cnc(Nc3cccc(N(C)C)c3)nc1-2,6.657577319177793,True,<rdkit.Chem.rdchem.Mol object at 0x735c78f8d230>,False
CHEMBL102636,CDK2,220.0,nM,COc1ccc(Nc2nc(N)c(N=O)c(OCC3CCCCC3)n2)cc1,6.657577319177793,True,<rdkit.Chem.rdchem.Mol object at 0x735c78f8d1c0>,False
CHEMBL5932825,CDK1,222.0,nM,Cc1nc2c(F)cc(-c3nc(Nc4ccc5c(n4)CCN(C(=O)CN(C)C)C5)ncc3F)cc2n1C1CC1,6.653647025549361,True,<rdkit.Chem.rdchem.Mol object at 0x735c78f8d000>,False
CHEMBL6007400,CDK9,223.0,nM,Cc1nc2c(F)cc(-c3nc(Nc4ccc5c(n4)CCN(C[C@@H](C)N(C)C)C5)ncc3F)cc2n1C1CC1,6.651695136951839,True,<rdkit.Chem.rdchem.Mol object at 0x735c78f8cba0>,False
CHEMBL1230170,CDK4,223.0,nM,CC(C)c1n[nH]c(Cl)c1-c1ccnc(Nc2ccc(N3CCNCC3)cn2)n1,6.651695136951839,True,<rdkit.Chem.rdchem.Mol object at 0x735c78f8c890>,False
CHEMBL112442,CDK2,224.0,nM,CCCC(=O)Nc1cc(C2CC2)[nH]n1,6.649751981665837,True,<rdkit.Chem.rdchem.Mol object at 0x735c78f8c740>,False
CHEMBL5562769,CDK1,225.0,nM,CNCc1ccc(-n2cc(-c3nc(NC4CCN(S(C)(=O)=O)CC4)ncc3C#N)cn2)c(Cl)c1,6.647817481888637,True,<rdkit.Chem.rdchem.Mol object at 0x735c78f8c660>,False
CHEMBL3641945,CDK4,227.0,nM,C[C@H](CO)n1c2cnccc2c2cnc(Nc3ccc(N4CCN[C@@H](C)C4)nn3)nc21,6.6439741428068775,True,<rdkit.Chem.rdchem.Mol object at 0x735c78f8c3c0>,False
CHEMBL524629,CDK2,229.0,nM,CC(C)(C)c1cnc(CSc2cnc(NCC3CCNCC3)s2)o1,6.6401645176601125,True,<rdkit.Chem.rdchem.Mol object at 0x735c78f8e260>,False
CHEMBL5848341,CDK9,230.0,nM,CC(c1cccnc1)n1nnc2ccc(-c3cc(NC(=O)[C@@H]4CCCNC4)ncc3Cl)cc21,6.638272163982407,True,<rdkit.Chem.rdchem.Mol object at 0x735c78f8fae0>,False
CHEMBL6023787,CDK9,230.0,nM,CN(C)S(=O)(=O)NCC(=O)Nc1cc(-c2ccc3ncn(CC4CCOCC4)c3c2)c(Cl)cn1,6.638272163982407,True,<rdkit.Chem.rdchem.Mol object at 0x735c78f8fe60>,False
CHEMBL3972845,CDK9,230.0,nM,CN1c2ccc(F)cc2-c2ccnc3[nH]c(C4=CCNCC4)c(c23)C1c1cnn(C)c1,6.638272163982407,True,<rdkit.Chem.rdchem.Mol object at 0x735c78f8de00>,False
CHEMBL175143,CDK1,230.0,nM,CCn1cnc2c(Nc3cccc(OC)c3)nc(N[C@@H]3CCCC[C@@H]3N)nc21,6.638272163982407,True,<rdkit.Chem.rdchem.Mol object at 0x735c78f8ce40>,False
CHEMBL133342,CDK9,230.0,nM,CC[C@@H](CO)Nc1nc(NCc2ccccc2)c2ncn(C(C)C)c2n1,6.638272163982407,True,<rdkit.Chem.rdchem.Mol object at 0x735c78f8ef10>,False
CHEMBL14762,CDK9,230.0,nM,CC[C@H](CO)Nc1nc(NCc2ccccc2)c2ncn(C(C)C)c2n1,6.638272163982407,True,<rdkit.Chem.rdchem.Mol object at 0x735c78f8dee0>,False
CHEMBL516003,CDK2,230.0,nM,O=C(Nc1ccccc1F)Nc1c[nH]nc1-c1nc2cc(CN3CCOCC3)ccc2[nH]1,6.638272163982407,True,<rdkit.Chem.rdchem.Mol object at 0x735c78f8f1b0>,False
CHEMBL291324,CDK4,230.0,nM,Nc1nc(N)c(N=O)c(=O)[nH]1,6.638272163982407,True,<rdkit.Chem.rdchem.Mol object at 0x735c78f8f450>,False
CHEMBL3914748,CDK9,230.0,nM,CN1Cc2c(C3=CCN(C(=O)OC(C)(C)C)CC3)[nH]c3nccc(c23)-c2cc(F)ccc21,6.638272163982407,True,<rdkit.Chem.rdchem.Mol object at 0x735c78f8cd60>,False
CHEMBL102636,CDK1,230.0,nM,COc1ccc(Nc2nc(N)c(N=O)c(OCC3CCCCC3)n2)cc1,6.638272163982407,True,<rdkit.Chem.rdchem.Mol object at 0x735c78f8dcb0>,False
CHEMBL5175160,CDK2,230.0,nM,CNS(=O)(=O)c1ccc(Nc2ncc3c(n2)N([C@H]2CCC[C@@H]2C)C(=O)C32CC2)cc1,6.638272163982407,True,<rdkit.Chem.rdchem.Mol object at 0x735c78f8d310>,False
CHEMBL519715,CDK2,230.0,nM,COc1cc(Nc2ncc3c(C)nc(-c4ccccc4)n3n2)cc(OC)c1OC,6.638272163982407,True,<rdkit.Chem.rdchem.Mol object at 0x735c78f8c350>,False
CHEMBL2158862,CDK1,230.0,nM,CNC(=O)Nc1ccc(-c2cc(-c3ccnc(Nc4ccc(C)c(S(=O)(=O)NC)c4)n3)ccn2)cc1,6.638272163982407,True,<rdkit.Chem.rdchem.Mol object at 0x735c78f8c190>,False
CHEMBL5785822,CDK9,230.0,nM,CS(=O)(=O)c1ccc(CN2CCc3ccc(-c4cc(NC(=O)C5CCCNC5)ncc4Cl)cc32)cc1F,6.638272163982407,True,<rdkit.Chem.rdchem.Mol object at 0x735c78f8c0b0>,False
CHEMBL4208875,CDK1,230.7,nM,CCN1CCC(Oc2cnc(Nc3cc(-c4cc(F)c5nc(C)n(C(C)C)c5c4)ncn3)cn2)CC1,6.636952405478906,True,<rdkit.Chem.rdchem.Mol object at 0x735c78f8c040>,False
CHEMBL4756595,CDK2,231.0,nM,COc1cc(F)ccc1-c1cc(Nc2cc(CS(C)(=N)=O)ccn2)ncc1F,6.636388020107855,True,<rdkit.Chem.rdchem.Mol object at 0x735c78f77060>,False
CHEMBL6038282,CDK1,232.0,nM,Cc1nc2c(F)cc(-c3nc(Nc4ccc5c(n4)CCN(C(=O)[C@@H]4CCCN4)C5)ncc3F)cc2n1C1CC1,6.634512015109101,True,<rdkit.Chem.rdchem.Mol object at 0x735c78f75e70>,False
CHEMBL2402952,CDK1,232.0,nM,NC1CCC(Nc2nc(NCc3ccc(-c4ccccc4)cc3)c3ncn(C4CCCC4)c3n2)CC1,6.634512015109101,True,<rdkit.Chem.rdchem.Mol object at 0x735c78f778b0>,False
CHEMBL4449998,CDK2,232.0,nM,Cc1nc2c(F)cc(-c3nc(Nc4ccc5c(n4)CCN(CCN(C)C)C5)ncc3F)cc2n1CC1CC1,6.634512015109101,True,<rdkit.Chem.rdchem.Mol object at 0x735c78f76a40>,False
CHEMBL3822583,CDK2,232.0,nM,CC(=O)N1CCC(n2ncc(Nc3ncc(Cl)c(-c4cnc5ccccn45)n3)c2C)CC1,6.634512015109101,True,<rdkit.Chem.rdchem.Mol object at 0x735c78f774c0>,False
CHEMBL3702163,CDK4,233.0,nM,COc1ccc(-c2ccc(Nc3ncc4c5ccncc5n(C5CCCC5)c4n3)nn2)cn1,6.632644078973981,True,<rdkit.Chem.rdchem.Mol object at 0x735c78f76730>,False
CHEMBL6141840,CDK2,235.5,nM,COCCN1CCC(c2cc3c(-c4cnn(CC5CC5)c4)c(Cl)cnc3[nH]2)CC1,6.6280090885350855,True,<rdkit.Chem.rdchem.Mol object at 0x735c78f74510>,False
CHEMBL3698677,CDK4,237.0,nM,COc1cc2c3cnc(Nc4ccc(N5CCNCC5)cn4)nc3n(C3CCCC3)c2cn1,6.625251653989896,True,<rdkit.Chem.rdchem.Mol object at 0x735c78f74270>,False
CHEMBL3641954,CDK4,238.0,nM,O[C@@H]1CCN(c2ccc(Nc3ncc4c5ccncc5n([C@H]5CCOC5)c4n3)nc2)C1,6.623423042943488,True,<rdkit.Chem.rdchem.Mol object at 0x735c78f75380>,False
CHEMBL225519,CDK2,240.0,nM,O=C1NCCc2[nH]c(-c3ccncc3)cc21,6.619788758288394,True,<rdkit.Chem.rdchem.Mol object at 0x735c78f757e0>,False
CHEMBL5170195,CDK2,240.0,nM,COc1cc(F)ccc1-c1ccnc2[nH]c(-c3ccc(CN4CCOCC4)cc3)cc12,6.619788758288394,True,<rdkit.Chem.rdchem.Mol object at 0x735c78f75fc0>,False
CHEMBL100309,CDK1,240.0,nM,O=C1Cc2c([nH]c3ccc(C(F)(F)F)cc23)-c2cc(Br)ccc2N1,6.619788758288394,True,<rdkit.Chem.rdchem.Mol object at 0x735c78f76f10>,False
CHEMBL5856464,CDK9,240.0,nM,N[C@H]1CC[C@H](Nc2cc(-c3ccc4c(c3)N(Cc3cccc(F)c3)CC4)c(Cl)cn2)CC1,6.619788758288394,True,<rdkit.Chem.rdchem.Mol object at 0x735c78f75af0>,False
CHEMBL5414905,CDK9,240.0,nM,CCc1cnn2c(NCc3nc4ccc(F)c(F)c4[nH]3)cc(N3CCCC[C@H]3CCO)nc12,6.619788758288394,True,<rdkit.Chem.rdchem.Mol object at 0x735c78f77e60>,False
CHEMBL2029902,CDK1,240.0,nM,CN1CCN(C(=O)c2cc(Nc3ncc4ccn(C5CCCC5)c4n3)cn2C)CC1,6.619788758288394,True,<rdkit.Chem.rdchem.Mol object at 0x735c78f77f40>,False
CHEMBL3641968,CDK4,240.0,nM,C[C@H](O)Cn1c2cnccc2c2cnc(Nc3ccc(N4CCC(N(C)C)CC4)nn3)nc21,6.619788758288394,True,<rdkit.Chem.rdchem.Mol object at 0x735c78f77a00>,False
CHEMBL5773394,CDK9,240.0,nM,Fc1cccc(Cn2cnc3ccc(-c4cc(NCCC5CCN5)ncc4Cl)cc32)c1,6.619788758288394,True,<rdkit.Chem.rdchem.Mol object at 0x735c78f771b0>,False
CHEMBL3774632,CDK9,240.0,nM,CC(O)CNc1nc(NCc2ccc(-c3ccccn3)cc2)c2[nH]nc(C(C)C)c2n1,6.619788758288394,True,<rdkit.Chem.rdchem.Mol object at 0x735c78f75700>,False
CHEMBL5812991,CDK1,242.0,nM,CN1CCN(C(=O)c2ccc(Nc3ncc4cc5n(c4n3)C3(CCCCC3)C(=O)NN5)cc2)CC1,6.616184634019569,True,<rdkit.Chem.rdchem.Mol object at 0x735c78f74a50>,False
CHEMBL3683258,CDK6,242.6,nM,CN[C@@H]1CC2OC([C@@H]1OC)n1c3ccccc3c3c4c(c5c6ccccc6n2c5c31)C(=O)NC4,6.615109203469446,True,<rdkit.Chem.rdchem.Mol object at 0x735c78f77a70>,False
CHEMBL4214566,CDK6,244.1,nM,CCN1CCN(Cc2ccc(Nc3ncc(F)c(-c4cc(F)c5nc6n(c5c4)CCC6)n3)nc2)CC1,6.612432220582811,True,<rdkit.Chem.rdchem.Mol object at 0x735c78f759a0>,False
CHEMBL5594512,CDK9,246.8,nM,CC(C)S(=O)(=O)c1ccccc1Nc1nc([C@@H]2CCC[C@H](N)C2)ncc1Cl,6.607654844638796,True,<rdkit.Chem.rdchem.Mol object at 0x735c78f745f0>,False
CHEMBL5574741,CDK1,247.0,nM,Cn1cnc(S(=O)(=O)N2CCC(Nc3ncc(C#N)c(-c4cnn(CC(F)(F)F)c4)n3)CC2)c1,6.607303046740334,True,<rdkit.Chem.rdchem.Mol object at 0x735c78f755b0>,False
CHEMBL4204961,CDK6,247.8,nM,CCN1CCN(Cc2ccc(Nc3ncc(F)c(-c4cc(F)c5nc6n(c5c4)CCCCC6)n3)nc2)CC1,6.605898697959955,True,<rdkit.Chem.rdchem.Mol object at 0x735c78f768f0>,False
CHEMBL560839,CDK2,248.0,nM,CNC(=O)c1nn(C)c2c1C(C)(C)Cc1cnc(Nc3cccc(N4CCOCC4)c3)nc1-2,6.605548319173783,True,<rdkit.Chem.rdchem.Mol object at 0x735c78f751c0>,False
CHEMBL195831,CDK1,248.0,nM,Brc1cnc(Nc2ccc(Oc3cccnc3)cc2)nc1Nc1ccc2[nH]cnc2c1,6.605548319173783,True,<rdkit.Chem.rdchem.Mol object at 0x735c78f74eb0>,False
CHEMBL3702230,CDK4,248.0,nM,CC[C@H](C)n1c2cnccc2c2cnc(Nc3ccc(N4CCNCC4)cn3)nc21,6.605548319173783,True,<rdkit.Chem.rdchem.Mol object at 0x735c78f75a80>,False
CHEMBL5828906,CDK2,249.0,nM,Cc1nc2c(F)cc(-c3nc(Nc4ccc5c(n4)CCN(C[C@@H](C)N)C5)ncc3F)cc2n1C1CC1,6.603800652904264,True,<rdkit.Chem.rdchem.Mol object at 0x735c78f74cf0>,False
CHEMBL232749,CDK2,250.0,nM,Cc1cc(N2CCCS2(=O)=O)c2oc(-c3ccc(O)cc3)c(O)c(=O)c2c1,6.6020599913279625,True,<rdkit.Chem.rdchem.Mol object at 0x735c78f77bc0>,False
CHEMBL1081831,CDK1,250.0,nM,N[C@H](CNc1ncc(-c2ccc3c(c2)CC(=O)N3)s1)Cc1ccc(C(F)(F)F)cc1,6.6020599913279625,True,<rdkit.Chem.rdchem.Mol object at 0x735c78f77b50>,False
CHEMBL562194,CDK1,250.0,nM,C[C@@H]1CNc2c(sc3ccc4oc(-c5ccccc5)cc4c23)C(=O)N1,6.6020599913279625,True,<rdkit.Chem.rdchem.Mol object at 0x735c78f77ae0>,False
CHEMBL206659,CDK2,250.0,nM,CS(=O)(=O)c1ccc(Nc2cc(N[C@H]3CC[C@H](N)CC3)nc3ncnn23)cc1,6.6020599913279625,True,<rdkit.Chem.rdchem.Mol object at 0x735c78f77990>,False
CHEMBL173737,CDK1,250.0,nM,CCn1cnc2c(Nc3cccc(F)c3)nc(N[C@@H]3CCCC[C@@H]3N)nc21,6.6020599913279625,True,<rdkit.Chem.rdchem.Mol object at 0x735c78f77920>,False
CHEMBL5956453,CDK9,250.0,nM,O=C(Nc1cc(-c2cc3c(cc2Cl)ncn3CC2CCOCC2)c(Cl)cn1)[C@@H]1CCCNC1,6.6020599913279625,True,<rdkit.Chem.rdchem.Mol object at 0x735c78f776f0>,False
CHEMBL495570,CDK4,250.0,nM,Fc1ccc(-c2ccc3c(-c4ccnc(NC5CC5)n4)cnn3n2)cc1,6.6020599913279625,True,<rdkit.Chem.rdchem.Mol object at 0x735c78f77610>,False
CHEMBL3668343,CDK9,250.0,nM,COc1ccc(F)cc1-c1ccnc2[nH]c(C3CN(C)CCO3)cc12,6.6020599913279625,True,<rdkit.Chem.rdchem.Mol object at 0x735c78f77450>,False
CHEMBL556214,CDK2,250.0,nM,Cc1nnc2sc(Cc3sc(N)nc3O)nn12,6.6020599913279625,True,<rdkit.Chem.rdchem.Mol object at 0x735c78f773e0>,False
CHEMBL5932240,CDK9,250.0,nM,O=C(Nc1cc(-c2ccc3ncn(CC4CCOCC4)c3c2)c(Cl)cn1)C1CCNCC1,6.6020599913279625,True,<rdkit.Chem.rdchem.Mol object at 0x735c78f77220>,False
CHEMBL1800460,CDK2,250.0,nM,CN(C)c1cc(-c2cc(N3C[C@H](O)[C@@H](O)C3)ccc2O)nc(N)n1,6.6020599913279625,True,<rdkit.Chem.rdchem.Mol object at 0x735c78f77140>,False
CHEMBL503212,CDK4,250.0,nM,c1csc(-c2ccc3c(-c4ccnc(NC5CC5)n4)cnn3n2)c1,6.6020599913279625,True,<rdkit.Chem.rdchem.Mol object at 0x735c78f76ea0>,False
CHEMBL4756595,CDK1,250.0,nM,COc1cc(F)ccc1-c1cc(Nc2cc(CS(C)(=N)=O)ccn2)ncc1F,6.6020599913279625,True,<rdkit.Chem.rdchem.Mol object at 0x735c78f76e30>,False
CHEMBL3655772,CDK9,250.0,nM,CC[C@H](Nc1nc(NCc2ccc(C(F)(F)F)nc2)c2ncn(C(C)C)c2n1)[C@@H](C)O,6.6020599913279625,True,<rdkit.Chem.rdchem.Mol object at 0x735c78f76d50>,False
CHEMBL5783228,CDK9,250.0,nM,N#CC1(Cn2cnc3ccc(-c4cc(NCCO)ncc4Cl)cc32)CCOCC1,6.6020599913279625,True,<rdkit.Chem.rdchem.Mol object at 0x735c78f76c70>,False
CHEMBL5542095,CDK9,250.3,nM,CC(=O)Nc1ccc(CNc2nc(NC(CO)CO)nc3c(C(C)C)cnn23)cc1,6.601539150391776,True,<rdkit.Chem.rdchem.Mol object at 0x735c78f76c00>,False
CHEMBL5190752,CDK6,251.3,nM,Nc1ccc(Oc2ccc(NC(=O)Nc3cccc(C(F)(F)F)c3)cc2)cn1,6.599807511407424,True,<rdkit.Chem.rdchem.Mol object at 0x735c78f76880>,False
CHEMBL195595,CDK1,252.0,nM,FC(F)(F)c1cnc(Nc2ccc3[nH]cnc3c2)nc1Oc1ccc(Cl)cc1,6.598599459218455,True,<rdkit.Chem.rdchem.Mol object at 0x735c78f76810>,False
CHEMBL3823301,CDK2,254.0,nM,CC(=O)N1CCC(n2ncc(Nc3ncc(Cl)c(-c4cnn5ccccc45)n3)c2C)CC1,6.5951662833800615,True,<rdkit.Chem.rdchem.Mol object at 0x735c78f767a0>,False
CHEMBL6147673,CDK1,254.8,nM,CN1CCC(c2cc3c(-c4cnn(CC5CC5)c4)c(Cl)cnc3[nH]2)CC1,6.593800576336687,True,<rdkit.Chem.rdchem.Mol object at 0x735c78f766c0>,False
CHEMBL3702137,CDK6,257.0,nM,c1cc2c3cnc(Nc4ccc(N5CCNCC5)cn4)cc3n(Cc3ccsc3)c2cn1,6.590066876668706,True,<rdkit.Chem.rdchem.Mol object at 0x735c78f76570>,False
CHEMBL3684979,CDK4,257.0,nM,C[C@H]1CC[C@H](n2c3cnccc3c3cnc(Nc4cc5c(cn4)CCNC5)nc32)CC1,6.590066876668706,True,<rdkit.Chem.rdchem.Mol object at 0x735c78f76490>,False
CHEMBL3641923,CDK4,258.0,nM,CNC1CCN(c2ccc(Nc3ncc4c5ccncc5n([C@H]5CCC[C@H]5O)c4n3)nn2)CC1,6.58838029403677,True,<rdkit.Chem.rdchem.Mol object at 0x735c78f76420>,False
CHEMBL5093528,CDK6,258.0,nM,CCN(CC)c1cnc2ccc(-c3nc(Nc4ccc(CN5CCN(C(C)C)CC5)cn4)ncc3F)cc2n1,6.58838029403677,True,<rdkit.Chem.rdchem.Mol object at 0x735c78f763b0>,False
CHEMBL5981230,CDK1,258.0,nM,O=C(c1ccc(Nc2ncc3cc4n(c3n2)C2(CCCCC2)C(=O)NN4)cc1)N1CCOCC1,6.58838029403677,True,<rdkit.Chem.rdchem.Mol object at 0x735c78f762d0>,False
CHEMBL3641973,CDK4,259.0,nM,C[C@@H](O)Cn1c2cnccc2c2cnc(Nc3ccc(N4CCNCC4)nn3)nc21,6.586700235918748,True,<rdkit.Chem.rdchem.Mol object at 0x735c78f76260>,False
CHEMBL5880615,CDK9,260.0,nM,O=C(Nc1cc(-c2cnc3ccn(CC(O)C4CCOCC4)c3c2)c(Cl)cn1)[C@@H]1CCCNC1,6.585026652029182,True,<rdkit.Chem.rdchem.Mol object at 0x735c78f761f0>,False
CHEMBL6052847,CDK9,260.0,nM,O=C(Nc1cc(-c2ccc3c(c2)NCC3)c(Cl)cn1)[C@@H]1CCCNC1,6.585026652029182,True,<rdkit.Chem.rdchem.Mol object at 0x735c78f76110>,False
CHEMBL118130,CDK1,260.0,nM,Oc1ccc(-c2[nH]nc3ncnc(Nc4cccc(Cl)c4)c23)cc1,6.585026652029182,True,<rdkit.Chem.rdchem.Mol object at 0x735c78f75620>,False
CHEMBL5787741,CDK9,260.0,nM,O=C(Nc1cc(-c2ccc3nnn(CCN4CCOCC4)c3c2)c(Cl)cn1)[C@@H]1CCCNC1,6.585026652029182,True,<rdkit.Chem.rdchem.Mol object at 0x735c78f760a0>,False
CHEMBL6063384,CDK9,260.0,nM,Fc1cccc(Cn2cnc3ccc(-c4cc(NCc5c[nH]cn5)ncc4Cl)cc32)c1,6.585026652029182,True,<rdkit.Chem.rdchem.Mol object at 0x735c78f76030>,False
CHEMBL1241849,CDK4,260.0,nM,CN(C)CCNS(=O)(=O)c1ccc(Nc2cccc(-c3cnc4ccccn34)c2)cc1,6.585026652029182,True,<rdkit.Chem.rdchem.Mol object at 0x735c78f75f50>,False
CHEMBL100818,CDK1,260.0,nM,COc1ccc2sc3c(c2c1)NC[C@H](C)NC3=O,6.585026652029182,True,<rdkit.Chem.rdchem.Mol object at 0x735c78f758c0>,False
CHEMBL382607,CDK2,260.0,nM,N[C@H]1CC[C@H](Nc2cc(Nc3ccc(S(=O)(=O)c4ccccc4)cc3)n3ncnc3n2)CC1,6.585026652029182,True,<rdkit.Chem.rdchem.Mol object at 0x735c78f75c40>,False
CHEMBL5749275,CDK9,260.0,nM,CCNC(=O)N1CC2(C1)C(C(=O)Nc1cc(-c3ccc4ncn(Cc5cccc(F)c5)c4c3)c(Cl)cn1)CCS2(=O)=O,6.585026652029182,True,<rdkit.Chem.rdchem.Mol object at 0x735c78f75bd0>,False
CHEMBL5203694,CDK9,260.0,nM,CC(C)Cn1cc(-c2ccnc3[nH]c(C4CCN(CC(=O)N(C)C)CC4)cc23)ccc1=O,6.585026652029182,True,<rdkit.Chem.rdchem.Mol object at 0x735c78f75b60>,False
CHEMBL72548,CDK4,260.0,nM,CN(C)CCNS(=O)(=O)c1ccc(Nc2nccc(-c3cnc4ccccn34)n2)cc1,6.585026652029182,True,<rdkit.Chem.rdchem.Mol object at 0x735c78f75850>,False
CHEMBL3673499,CDK9,260.0,nM,CS(=O)(=O)N1CC=C(c2cc3c(-c4cccc(NCC5CC5)n4)ccnc3[nH]2)CC1,6.585026652029182,True,<rdkit.Chem.rdchem.Mol object at 0x735c78f75770>,False
CHEMBL364935,CDK4,260.0,nM,FC(F)(F)c1cnc(Nc2ccc(Br)cc2)nc1Nc1ccc2[nH]cnc2c1,6.585026652029182,True,<rdkit.Chem.rdchem.Mol object at 0x735c78f75690>,False
CHEMBL3641938,CDK4,261.0,nM,CNC1CCN(c2ccc(Nc3ncc4c5ccncc5n([C@H](C)CO)c4n3)nc2)CC1,6.583359492661719,True,<rdkit.Chem.rdchem.Mol object at 0x735c78f752a0>,False
CHEMBL5573043,CDK2,263.0,nM,CNCc1ccc(-n2cc(-c3nc(NC4CCN(S(C)(=O)=O)CC4)ncc3C(F)(F)F)cn2)c(Cl)c1,6.580044251510242,True,<rdkit.Chem.rdchem.Mol object at 0x735c78f75230>,False
CHEMBL3691586,CDK4,264.0,nM,CN(C)C(=O)c1cc2cnc(Nc3ccc(C(=O)C45C[C@H]6C[C@@H](O)C[C@@H](C4)N65)cn3)nc2n1C1CCCC1,6.578396073130168,True,<rdkit.Chem.rdchem.Mol object at 0x735c78f75150>,False
CHEMBL5774332,CDK1,264.0,nM,Cc1nc2c(F)cc(-c3nc(Nc4ccc5c(n4)CCN(C[C@@H]4CN(C)CCO4)C5)ncc3F)cc2n1C(C)(C)C,6.578396073130168,True,<rdkit.Chem.rdchem.Mol object at 0x735c78f750e0>,False
CHEMBL210765,CDK2,266.0,nM,CN1CCN(CCC(=O)NS(=O)(=O)c2ccc(Nc3nc(N)n(C(=O)c4c(F)cccc4F)n3)cc2)CC1,6.575118363368933,True,<rdkit.Chem.rdchem.Mol object at 0x735c78f75070>,False
CHEMBL6144286,CDK2,266.9,nM,Cn1cc(-c2c(Cl)cnc3[nH]c(C4CCNCC4)cc23)cn1,6.573651426212493,True,<rdkit.Chem.rdchem.Mol object at 0x735c78f75000>,False
CHEMBL5573176,CDK1,268.0,nM,Cc1ccc(O)c(C)c1-n1c(N)c(C(=O)N2CCn3ncc(Cl)c3C2)c2nc(C)c(C)nc21,6.571865205971211,True,<rdkit.Chem.rdchem.Mol object at 0x735c78f74f90>,False
CHEMBL5559020,CDK9,268.0,nM,CC(=O)Nc1ccc(CNc2nc(NC3CCN(C)CC3)nc3c(C(C)C)cnn23)cc1,6.571865205971211,True,<rdkit.Chem.rdchem.Mol object at 0x735c78f74e40>,False
CHEMBL5281785,CDK2,269.0,nM,O=C(Nc1n[nH]c2ccc(-c3cncc(NC[C@H](O)c4ccccc4)c3)cc12)c1ccccc1,6.570247719997592,True,<rdkit.Chem.rdchem.Mol object at 0x735c78f74dd0>,False
CHEMBL212049,CDK2,270.0,nM,Cc1cnc(OC2CCCCC2)nc1-c1cnc(Nc2ccccn2)s1,6.568636235841012,True,<rdkit.Chem.rdchem.Mol object at 0x735c78f74c80>,False
CHEMBL5749032,CDK9,270.0,nM,OCCNc1cc(-c2ccc3ncn(Cc4cncc(F)c4)c3c2)c(Cl)cn1,6.568636235841012,True,<rdkit.Chem.rdchem.Mol object at 0x735c78f74ba0>,False
CHEMBL380331,CDK2,270.0,nM,NS(=O)(=O)c1ccc(Nc2cc(N[C@H]3CC[C@H](N)CC3)nc3ncnn23)cc1,6.568636235841012,True,<rdkit.Chem.rdchem.Mol object at 0x735c78f74b30>,False
CHEMBL454646,CDK9,270.0,nM,CC1CNCC(C(=O)Nc2ncc(SCc3ncc(C(C)(C)C)o3)s2)C1,6.568636235841012,True,<rdkit.Chem.rdchem.Mol object at 0x735c78f74970>,False
CHEMBL3668371,CDK9,270.0,nM,COc1ccc(F)cc1-c1ccnc2[nH]c(C3CCCCC3)cc12,6.568636235841012,True,<rdkit.Chem.rdchem.Mol object at 0x735c78f74820>,False
CHEMBL3978185,CDK2,270.0,nM,CS(=N)(=O)Cc1cccc(Nc2ncc(F)c(-c3cccc4c3OCCC4)n2)c1,6.568636235841012,True,<rdkit.Chem.rdchem.Mol object at 0x735c78f746d0>,False
CHEMBL3668437,CDK9,270.0,nM,COc1ccc(F)cc1-c1ccnc2[nH]c(C3(O)CCOCC3)cc12,6.568636235841012,True,<rdkit.Chem.rdchem.Mol object at 0x735c78f744a0>,False
CHEMBL5207871,CDK1,270.0,nM,CC(C)n1cc(-c2ccnc3[nH]c(C4CCN(CC(=O)N5CCCC5)CC4)cc23)ccc1=O,6.568636235841012,True,<rdkit.Chem.rdchem.Mol object at 0x735c78f74430>,False
CHEMBL5978228,CDK9,270.0,nM,Fc1cccc(Cn2cnc3ccc(-c4cc(N[C@@H]5CC[C@@]56CCCNC6)ncc4Cl)cc32)c1,6.568636235841012,True,<rdkit.Chem.rdchem.Mol object at 0x735c79156f10>,False
CHEMBL3655767,CDK9,270.0,nM,CC[C@H](Nc1nc(NC2CC2)c2ncn(C(C)C)c2n1)[C@@H](C)O,6.568636235841012,True,<rdkit.Chem.rdchem.Mol object at 0x735c79155930>,False
CHEMBL5792693,CDK9,270.0,nM,O=C(Nc1cc(-c2cnn3c2CCCC3)c(Cl)cn1)[C@@H]1CCCNC1,6.568636235841012,True,<rdkit.Chem.rdchem.Mol object at 0x735c79155d90>,False
CHEMBL5573971,CDK1,271.0,nM,Cc1ccc(O)c(C)c1-n1c(N)c(C(=O)N2CCn3nccc3C2)c2nc(C3CC3)cnc21,6.567030709125595,True,<rdkit.Chem.rdchem.Mol object at 0x735c79157290>,False
CHEMBL3641974,CDK4,271.0,nM,C[C@@H](O)Cn1c2cnccc2c2cnc(Nc3ccc(N4CCC(N(C)C)CC4)nn3)nc21,6.567030709125595,True,<rdkit.Chem.rdchem.Mol object at 0x735c79157140>,False
CHEMBL4216447,CDK6,271.0,nM,Cc1nc(Nc2ncc(F)c(-c3cc(F)c4nc5n(c4c3)C(C)(C)CC5)n2)ccc1CN1CCN(C)CC1,6.567030709125595,True,<rdkit.Chem.rdchem.Mol object at 0x735c79157df0>,False
CHEMBL5081007,CDK6,272.0,nM,CCN1CCN(C(=O)c2ccc(Nc3ncc(F)c(-c4ccc5ncc(N(CC)CC)nc5c4)n3)nc2)CC1,6.565431095965801,True,<rdkit.Chem.rdchem.Mol object at 0x735c79154cf0>,False
CHEMBL5881472,CDK6,272.0,nM,Cc1nc2c(C(F)(F)F)cc(-c3nc(Nc4ccc5c(n4)CCNC5)ncc3F)cc2n1C(C)C,6.565431095965801,True,<rdkit.Chem.rdchem.Mol object at 0x735c791549e0>,False
CHEMBL5834090,CDK1,273.0,nM,Cc1nc2c(F)cc(-c3nc(Nc4ccc5c(n4)CCN(CCN(C)CCO)C5)ncc3F)cc2n1C(C)(C)C,6.563837352959244,True,<rdkit.Chem.rdchem.Mol object at 0x735c78f743c0>,False
CHEMBL4209318,CDK6,275.0,nM,CC1CCc2nc3c(F)cc(-c4nc(Nc5ccc(CN6CCN(C)CC6)cn5)ncc4F)cc3n21,6.560667306169737,True,<rdkit.Chem.rdchem.Mol object at 0x735c78f74350>,False
CHEMBL3641914,CDK6,275.0,nM,CN(C)C1CCN(c2ccc(Nc3ncc4c5ccncc5n([C@H]5CCC[C@H]5O)c4n3)nn2)CC1,6.560667306169737,True,<rdkit.Chem.rdchem.Mol object at 0x735c78f742e0>,False
CHEMBL1082016,CDK2,276.0,nM,Cn1c(=O)[nH]c2ccc(-c3cnc(NC[C@@H](N)Cc4ccc(C(F)(F)F)cc4)s3)cc21,6.559090917934782,True,<rdkit.Chem.rdchem.Mol object at 0x735c78f74190>,False
CHEMBL115220,CDK1,279.0,nM,O=C(Cc1ccc2ccccc2c1)Nc1cc(C2CC2)n[nH]1,6.554395796726403,True,<rdkit.Chem.rdchem.Mol object at 0x735c78f740b0>,False
CHEMBL5819974,CDK9,280.0,nM,O=C(Nc1cc(-c2ccc3ncn(CC4CCOCC4)c3c2)c(Cl)cn1)[C@H]1CCCNC1,6.552841968657781,True,<rdkit.Chem.rdchem.Mol object at 0x735c78f74040>,False
CHEMBL1688215,CDK2,280.0,nM,Nc1nccc(-c2ccc3c(N)n[nH]c3c2)n1,6.552841968657781,True,<rdkit.Chem.rdchem.Mol object at 0x735c78f76b90>,False
CHEMBL1800460,CDK1,280.0,nM,CN(C)c1cc(-c2cc(N3C[C@H](O)[C@@H](O)C3)ccc2O)nc(N)n1,6.552841968657781,True,<rdkit.Chem.rdchem.Mol object at 0x735c78f754d0>,False
CHEMBL5920478,CDK9,280.0,nM,CC(C(=O)Nc1cc(-c2ccc3ncn(CC4CCOCC4)c3c2)c(Cl)cn1)S(=O)(=O)C1CCOCC1,6.552841968657781,True,<rdkit.Chem.rdchem.Mol object at 0x735c78f74200>,False
CHEMBL328194,CDK1,280.0,nM,COc1cc2c(cc1OC)-c1[nH]c3ccc(C(F)(F)F)cc3c1CC(=O)N2,6.552841968657781,True,<rdkit.Chem.rdchem.Mol object at 0x735c78f74ac0>,False
CHEMBL4855324,CDK4,280.0,nM,COc1cc2nc(CNc3nc(N4CCOCC4)nc4c3ncn4-c3cnn(C)c3)[nH]c2cc1Cl,6.552841968657781,True,<rdkit.Chem.rdchem.Mol object at 0x735c78f75930>,False
CHEMBL3641967,CDK4,281.0,nM,C[C@H](O)Cn1c2cnccc2c2cnc(Nc3ccc(N4CCNCC4)nn3)nc21,6.55129368009492,True,<rdkit.Chem.rdchem.Mol object at 0x735c78f76500>,False
CHEMBL5082257,CDK6,282.0,nM,CN1CCN(C(=O)c2ccc(Nc3ncc(F)c(-c4ccc5nccnc5c4)n3)nc2)CC1,6.549750891680639,True,<rdkit.Chem.rdchem.Mol object at 0x735c78f74f20>,False
CHEMBL4206797,CDK4,283.4,nM,CCN1CCN(Cc2cnc(Nc3ncnc(-c4cc(F)c5nc(C)n(C(C)C)c5c4)c3F)cn2)CC1,6.547600154088558,True,<rdkit.Chem.rdchem.Mol object at 0x735c78f74c10>,False
CHEMBL3641927,CDK4,284.0,nM,C[C@@H](CO)n1c2cnccc2c2cnc(Nc3ccc(N4CC[C@@H](O)C4)cn3)nc21,6.546681659952963,True,<rdkit.Chem.rdchem.Mol object at 0x735c78f74580>,False
CHEMBL4542247,CDK1,284.0,nM,Cc1nc2c(F)cc(-c3nc(Nc4ccc5c(n4)CCN(CCN(C)C)C5)ncc3F)cc2n1C1(C)CC1,6.546681659952963,True,<rdkit.Chem.rdchem.Mol object at 0x735c78f74900>,False
CHEMBL1081853,CDK2,285.0,nM,N[C@H](CNc1ncc(-c2ccc3[nH]c(=O)sc3c2)s1)Cc1ccc(C(F)(F)F)cc1,6.54515513999149,True,<rdkit.Chem.rdchem.Mol object at 0x735c78f77370>,False
CHEMBL5398705,CDK2,285.5,nM,O=C(Nc1ccccc1)N1CCN(c2nnc(Cc3ccccc3)c3ccccc23)CC1,6.544393887418133,True,<rdkit.Chem.rdchem.Mol object at 0x735c78f769d0>,False
CHEMBL3890286,CDK2,288.0,nM,CCN(CC)C1CCN(C(=O)c2ccc(Nc3ncc4cc5n(c4n3)C3(CCCCC3)CNC5=O)nc2)C1,6.5406075122407685,True,<rdkit.Chem.rdchem.Mol object at 0x735c78f76960>,False
CHEMBL5567277,CDK1,289.0,nM,Cc1ccc(O)c(C)c1-n1c(N)c(C(=O)N2CCn3ncc(C(F)(F)F)c3C2)c2nc(C)c(C)nc21,6.539102157243452,True,<rdkit.Chem.rdchem.Mol object at 0x735c78f76650>,False
CHEMBL174162,CDK1,290.0,nM,CCn1cnc2c(Nc3cccc(C(F)(F)F)c3)nc(N[C@H]3CC[C@@H](N)CC3)nc21,6.537602002101044,True,<rdkit.Chem.rdchem.Mol object at 0x735c78f76340>,False
CHEMBL3655775,CDK2,290.0,nM,CC(C)n1cnc2c(NCc3cccnc3)nc(NC[C@@H](C)O)nc21,6.537602002101044,True,<rdkit.Chem.rdchem.Mol object at 0x735c78f75ee0>,False
CHEMBL324942,CDK2,290.0,nM,O=C(Nc1cc(C2CC2)n[nH]1)c1ccccc1,6.537602002101044,True,<rdkit.Chem.rdchem.Mol object at 0x735c78f75e00>,False
CHEMBL5760451,CDK9,290.0,nM,NS(=O)(=O)c1ccc(CN2CCc3ccc(-c4cc(NC(=O)C5CCCNC5)ncc4Cl)cc32)cc1,6.537602002101044,True,<rdkit.Chem.rdchem.Mol object at 0x735c78f75d20>,False
CHEMBL5946512,CDK9,290.0,nM,O=C(Nc1cc(-c2ccc3ncn(CC4CCOCC4)c3n2)c(Cl)cn1)[C@@H]1CCCNC1,6.537602002101044,True,<rdkit.Chem.rdchem.Mol object at 0x735c78f75a10>,False
CHEMBL6035427,CDK9,290.0,nM,CN1CCN(S(=O)(=O)CC(=O)Nc2cc(-c3ccc4ncn(CC5CCOCC5)c4c3)c(Cl)cn2)CC1,6.537602002101044,True,<rdkit.Chem.rdchem.Mol object at 0x735c78f75310>,False
CHEMBL3917892,CDK2,290.0,nM,CCS(=N)(=O)Cc1cc(F)cc(Nc2ncc(F)c(-c3ccc(F)cc3OC)n2)c1,6.537602002101044,True,<rdkit.Chem.rdchem.Mol object at 0x735c78f9dfc0>,False
CHEMBL5917706,CDK9,290.0,nM,CNC(=O)N1C[C@H]2CC(C(=O)Nc3cc(-c4ccc5ncn(CC6CCOCC6)c5c4)c(Cl)cn3)C[C@H]2C1,6.537602002101044,True,<rdkit.Chem.rdchem.Mol object at 0x735c78f9f530>,False
CHEMBL5841955,CDK9,290.0,nM,Cn1c(Cc2cccc(F)c2)nc2ccc(-c3cc(NC(=O)[C@@H]4CCCNC4)ncc3Cl)cc21,6.537602002101044,True,<rdkit.Chem.rdchem.Mol object at 0x735c78f9e420>,False
CHEMBL5748572,CDK9,290.0,nM,CS(=O)(=O)c1ccc(CN2CCc3ccc(-c4cc(NC(=O)C5CCCNC5)ncc4Cl)cc32)cn1,6.537602002101044,True,<rdkit.Chem.rdchem.Mol object at 0x735c78f9eb90>,False
CHEMBL3668441,CDK9,290.0,nM,COc1ccc(F)cc1-c1ccnc2[nH]c(C3CN(CC4CCOCC4)C3)cc12,6.537602002101044,True,<rdkit.Chem.rdchem.Mol object at 0x735c78f9e7a0>,False
CHEMBL3955818,CDK2,291.0,nM,CC(C)(C)CCN1CCN(c2ccc(Nc3ncc4cc5n(c4n3)C3(CCCC3)CNC5=O)nc2)CC1,6.536107011014092,True,<rdkit.Chem.rdchem.Mol object at 0x735c78f9e9d0>,False
CHEMBL5594479,CDK9,291.65,nM,N[C@H]1CC[C@H](Nc2ncc(Cl)c(Nc3ccccc3S(=O)(=O)C3CC3)n2)CC1,6.535138019233965,True,<rdkit.Chem.rdchem.Mol object at 0x735c78f9fbc0>,False
CHEMBL4449998,CDK1,292.0,nM,Cc1nc2c(F)cc(-c3nc(Nc4ccc5c(n4)CCN(CCN(C)C)C5)ncc3F)cc2n1CC1CC1,6.534617148551582,True,<rdkit.Chem.rdchem.Mol object at 0x735c78f9eff0>,False
CHEMBL5573390,CDK1,293.0,nM,Cc1ccc(O)c(C)c1-n1c(N)c(C(=O)N2CCn3nc(C(F)(F)F)cc3C2)c2nc(C)c(C)nc21,6.53313237964589,True,<rdkit.Chem.rdchem.Mol object at 0x735c78f9c900>,False
CHEMBL84347,CDK2,294.0,nM,CCN(CC)CCNc1cc(-c2ccc[nH]2)c2c3c(ccc(F)c13)NC2=O,6.531652669587842,True,<rdkit.Chem.rdchem.Mol object at 0x735c78f9e030>,False
CHEMBL3641916,CDK4,294.0,nM,C[C@@H](O)Cn1c2cnccc2c2cnc(Nc3ccc(N4CCC(N(C)C)CC4)cn3)nc21,6.531652669587842,True,<rdkit.Chem.rdchem.Mol object at 0x735c78f9e730>,False
CHEMBL5883845,CDK2,294.0,nM,Cc1nc2c(F)cc(-c3nc(Nc4ccc5c(n4)CCN(C(=O)CN(C)C)C5)ncc3F)cc2n1C1CCC1,6.531652669587842,True,<rdkit.Chem.rdchem.Mol object at 0x735c78f9ca50>,False
CHEMBL5765752,CDK2,294.0,nM,Cc1nc2c(F)cc(-c3nc(Nc4ccc5c(n4)CCN(C(=O)CCN(C)C)C5)ncc3F)cc2n1C1CCC1,6.531652669587842,True,<rdkit.Chem.rdchem.Mol object at 0x735c78f9ef80>,False
CHEMBL5404071,CDK9,295.0,nM,Nc1nc(Nc2ccccc2)nc(-c2cc(Cl)ccc2O)n1,6.530177984021837,True,<rdkit.Chem.rdchem.Mol object at 0x735c78f9cd60>,False
CHEMBL458548,CDK2,295.0,nM,Cc1ncc(-c2ccnc(Nc3ccc(S(=O)(=O)CCCN(C)C)cc3)n2)n1C,6.530177984021837,True,<rdkit.Chem.rdchem.Mol object at 0x735c78f9dd20>,False
CHEMBL3668457,CDK6,298.0,nM,COc1ccc(F)cc1-c1ccnc2[nH]c(C3=CCN(CC(O)CO)CC3)cc12,6.525783735923745,True,<rdkit.Chem.rdchem.Mol object at 0x735c78f9fa70>,False
CHEMBL5592661,CDK2,299.0,nM,CS(=O)(=O)N1CCC(Nc2ncc(C(F)(F)F)c(-c3cnn(-c4ccc(C#N)cc4Cl)c3)n2)CC1,6.52432881167557,True,<rdkit.Chem.rdchem.Mol object at 0x735c78f9e180>,False
CHEMBL6145176,CDK6,299.0,nM,CC(=O)N1CCN(C(=O)c2ccc(Nc3ncc(F)c(-c4ccc5c(c4)OC4(CCN(C(C)=O)CC4)CC5=O)n3)nc2)CC1,6.52432881167557,True,<rdkit.Chem.rdchem.Mol object at 0x735c78f9c0b0>,False
CHEMBL3639626,CDK9,300.0,nM,COc1c(Cl)cccc1-c1ccnc2[nH]c(C3CCNCC3)cc12,6.522878745280337,True,<rdkit.Chem.rdchem.Mol object at 0x735c78f9c6d0>,False
CHEMBL5198038,CDK1,300.0,nM,CC(C)n1cc(-c2ccnc3[nH]c(C4CCN(CC(=O)N(C)C)CC4)cc23)ccc1=O,6.522878745280337,True,<rdkit.Chem.rdchem.Mol object at 0x735c78f9d000>,False
CHEMBL101156,CDK4,300.0,nM,CN(C)CC(O)COc1ccc(Nc2nccc(N(CCC#N)c3cc(Cl)ccc3Cl)n2)cc1,6.522878745280337,True,<rdkit.Chem.rdchem.Mol object at 0x735c78f9e880>,False
CHEMBL98360,CDK1,300.0,nM,O=C1Cc2c([nH]c3ccc(Br)cc23)-c2cc(Br)ccc2N1,6.522878745280337,True,<rdkit.Chem.rdchem.Mol object at 0x735c78f9ed50>,False
CHEMBL3641951,CDK4,300.0,nM,CNC1CCN(c2ccc(Nc3ncc4c5ccncc5n([C@H]5CCC[C@H]5O)c4n3)nc2)CC1,6.522878745280337,True,<rdkit.Chem.rdchem.Mol object at 0x735c78f9fed0>,False
CHEMBL5767222,CDK6,300.0,nM,CCN1CCN(Cc2ccc(Nc3ncc(F)c(-c4ncnc5c4cc(C)n5C4CCCC4)n3)nc2)CC1,6.522878745280337,True,<rdkit.Chem.rdchem.Mol object at 0x735c78f9d460>,False
CHEMBL3702239,CDK4,300.0,nM,C[C@H]1CN(c2ccc(Nc3ncc4c5ccncc5n([C@@H]5CCNC5)c4n3)nc2)CCN1,6.522878745280337,True,<rdkit.Chem.rdchem.Mol object at 0x735c78f9fca0>,False
CHEMBL98335,CDK4,300.0,nM,CN(C)CC(O)COc1ccc(Nc2ncc(F)c(Nc3ccccc3)n2)cc1,6.522878745280337,True,<rdkit.Chem.rdchem.Mol object at 0x735c78f9d380>,False
CHEMBL3702233,CDK4,300.0,nM,CC[C@H](C)n1c2cnccc2c2cnc(Nc3ccc(N4CCN[C@@H](C)C4)nn3)nc21,6.522878745280337,True,<rdkit.Chem.rdchem.Mol object at 0x735c78f9cf20>,False
CHEMBL5752282,CDK9,300.0,nM,O=C(Nc1cc(-c2cc3c(ccn3Cc3cccc(F)c3)cn2)c(Cl)cn1)[C@@H]1CCCNC1,6.522878745280337,True,<rdkit.Chem.rdchem.Mol object at 0x735c78f9cc10>,False
CHEMBL4521241,CDK9,300.0,nM,Cc1cc(=O)c2c(O)cc(O)c([C@@H]3CCN(C)C[C@@H]3O)c2o1,6.522878745280337,True,<rdkit.Chem.rdchem.Mol object at 0x735c78f9dcb0>,False
CHEMBL5423185,CDK2,300.0,nM,O=C(O)c1cc(S(F)(F)(F)(F)F)ccc1NCCc1c[nH]c2ccccc12,6.522878745280337,True,<rdkit.Chem.rdchem.Mol object at 0x735c78f9fd10>,False
CHEMBL6013493,CDK9,300.0,nM,CS(=O)(=O)c1cccc(CN2CCc3ccc(-c4cc(NC(=O)C5CCCNC5)ncc4Cl)cc32)c1,6.522878745280337,True,<rdkit.Chem.rdchem.Mol object at 0x735c78f9f680>,False
CHEMBL1800462,CDK2,300.0,nM,CN1CCN(c2cc(-c3cc(N4C[C@H](O)[C@@H](O)C4)ccc3O)nc(N)n2)CC1,6.522878745280337,True,<rdkit.Chem.rdchem.Mol object at 0x735c78f9daf0>,False
CHEMBL3085235,CDK1,300.0,nM,COc1cc(CNc2nc(N3CCC[C@@H]3CO)nc3c2ncn3C(C)C)cc(OC)c1,6.522878745280337,True,<rdkit.Chem.rdchem.Mol object at 0x735c78f9f0d0>,False
CHEMBL334507,CDK1,300.0,nM,CC(C)n1cnc2c(Nc3ccc(Br)cc3)nc(N3CCCC3CO)nc21,6.522878745280337,True,<rdkit.Chem.rdchem.Mol object at 0x735c78f9ceb0>,False
CHEMBL6013263,CDK6,300.0,nM,CCN1CCN(c2ccc(Nc3ncc(F)c(-c4ncc5nc(C)n(C(C)C)c5n4)n3)nc2)CC1,6.522878745280337,True,<rdkit.Chem.rdchem.Mol object at 0x735c78f9cba0>,False
CHEMBL419534,CDK2,300.0,nM,CN(C)CC(O)COc1ccc(Nc2ncc(Br)c(Nc3ccccc3)n2)cc1,6.522878745280337,True,<rdkit.Chem.rdchem.Mol object at 0x735c78f9e0a0>,False
CHEMBL418203,CDK1,300.0,nM,CN1CCC(c2c(O)cc(O)c3c(=O)cc(-c4ccccc4Cl)oc23)[C@@H](O)C1,6.522878745280337,True,<rdkit.Chem.rdchem.Mol object at 0x735c78f9da10>,False
CHEMBL3641953,CDK4,300.0,nM,CN(C)C1CCN(c2ccc(Nc3ncc4c5ccncc5n([C@H]5CCOC5)c4n3)nn2)CC1,6.522878745280337,True,<rdkit.Chem.rdchem.Mol object at 0x735c78f9da80>,False
CHEMBL3085240,CDK1,300.0,nM,COc1cccc(CNc2nc(N3CCC[C@@H]3CO)nc3c2ncn3C(C)C)c1,6.522878745280337,True,<rdkit.Chem.rdchem.Mol object at 0x735c78f9e6c0>,False
CHEMBL3085243,CDK1,300.0,nM,CC(C)n1cnc2c(Nc3ccccc3)nc(N3CCC[C@@H]3CO)nc21,6.522878745280337,True,<rdkit.Chem.rdchem.Mol object at 0x735c78f9f3e0>,False
CHEMBL4208198,CDK1,300.9,nM,CCN1CCN(Cc2ccc(Nc3cc(-c4cc(F)c5nc(C)n(C(C)C)c5c4)ccn3)nc2)CC1,6.52157781225992,True,<rdkit.Chem.rdchem.Mol object at 0x735c78f9f1b0>,False
CHEMBL5935906,CDK2,301.0,nM,CNCCN1CCc2nc(Nc3ncc(F)c(-c4cc(F)c5nc(C)n(C6CC6)c5c4)n3)ccc2C1,6.521433504406157,True,<rdkit.Chem.rdchem.Mol object at 0x735c78f9dee0>,False
CHEMBL3641958,CDK4,301.0,nM,CNC1CCN(c2ccc(Nc3ncc4c5ccncc5n([C@H]5CCC[C@@H]5O)c4n3)nc2)CC1,6.521433504406157,True,<rdkit.Chem.rdchem.Mol object at 0x735c78f9eea0>,False
CHEMBL5417371,CDK2,301.0,nM,COc1ccc(C(=O)N2CCN(c3nnc(Cc4ccccc4)c4ccccc34)CC2)cc1,6.521433504406157,True,<rdkit.Chem.rdchem.Mol object at 0x735c78f9dd90>,False
CHEMBL3702238,CDK4,302.0,nM,CC1(C)CN(c2ccc(Nc3ncc4c5ccncc5n([C@@H]5CCNC5)c4n3)nc2)CCN1,6.51999305704285,True,<rdkit.Chem.rdchem.Mol object at 0x735c78f9e3b0>,False
CHEMBL3702040,CDK4,302.0,nM,c1cc2c3cnc(Nc4nsc(N5CCNCC5)n4)nc3n(C3CCCC3)c2cn1,6.51999305704285,True,<rdkit.Chem.rdchem.Mol object at 0x735c78f9f290>,False
CHEMBL5932825,CDK2,304.0,nM,Cc1nc2c(F)cc(-c3nc(Nc4ccc5c(n4)CCN(C(=O)CN(C)C)C5)ncc3F)cc2n1C1CC1,6.517126416391246,True,<rdkit.Chem.rdchem.Mol object at 0x735c78f9eab0>,False
CHEMBL5888788,CDK1,306.0,nM,Cc1nc2c(F)cc(-c3nc(Nc4ccc5c(n4)CCN(C(=O)CN(C)C)C5)ncc3F)cc2n1CC1CC1,6.514278573518419,True,<rdkit.Chem.rdchem.Mol object at 0x735c78f9e110>,False
CHEMBL5089214,CDK6,306.0,nM,CCN(CC)c1cnc2ccc(-c3nc(Nc4ccc(N5CCN(C)CC5)cn4)ncc3F)cc2n1,6.514278573518419,True,<rdkit.Chem.rdchem.Mol object at 0x735c78f9c3c0>,False
CHEMBL5867735,CDK2,306.0,nM,Cc1nc2c(F)cc(-c3nc(Nc4ccc5c(n4)CN(CCN(C)C)C5=O)ncc3F)cc2n1C(C)C,6.514278573518419,True,<rdkit.Chem.rdchem.Mol object at 0x735c78f9f300>,False
CHEMBL5078670,CDK6,308.0,nM,CC(C)N1CCN(C(=O)c2ccc(Nc3ncc(F)c(-c4ccc5nccnc5c4)n3)nc2)CC1,6.511449283499555,True,<rdkit.Chem.rdchem.Mol object at 0x735c78f9ff40>,False
CHEMBL4798156,CDK9,310.0,nM,CC(=O)N[C@H]1CCC[C@@H](C(=O)Nc2cc(-c3cnn4c3CC(C)(C)C4)c(Cl)cn2)C1,6.508638306165727,True,<rdkit.Chem.rdchem.Mol object at 0x735c78f9f6f0>,False
CHEMBL5868309,CDK9,310.0,nM,Fc1cccc(Cn2cnc3ccc(-c4cc(NCc5cnccn5)ncc4Cl)cc32)c1,6.508638306165727,True,<rdkit.Chem.rdchem.Mol object at 0x735c78f9fae0>,False
CHEMBL176576,CDK1,310.0,nM,CCn1cnc2c(Nc3cccc(C(F)(F)F)c3)nc(N[C@@H]3CCCC[C@@H]3N)nc21,6.508638306165727,True,<rdkit.Chem.rdchem.Mol object at 0x735c78f9f990>,False
CHEMBL2348164,CDK2,310.0,nM,Nc1nccc(-n2cc(-c3ccccc3)c3cnccc32)n1,6.508638306165727,True,<rdkit.Chem.rdchem.Mol object at 0x735c78f9f370>,False
CHEMBL5595408,CDK9,313.2,nM,CC(C)S(=O)(=O)c1ccccc1Nc1nc(N[C@H]2CC[C@H](N)CC2)ncc1Br,6.504178246614094,True,<rdkit.Chem.rdchem.Mol object at 0x735c78f9dc40>,False
CHEMBL3421981,CDK2,314.0,nM,c1cc2c(-c3ccnc4[nH]ccc34)c[nH]c2cn1,6.503070351926786,True,<rdkit.Chem.rdchem.Mol object at 0x735c78f9f060>,False
CHEMBL5839538,CDK2,314.0,nM,Cc1nc2c(F)cc(-c3nc(Nc4ccc5c(n4)CCN(C(=O)CCN(C)C)C5)ncc3F)cc2n1C1CC1,6.503070351926786,True,<rdkit.Chem.rdchem.Mol object at 0x735c78f9ef10>,False
CHEMBL3641916,CDK6,314.0,nM,C[C@@H](O)Cn1c2cnccc2c2cnc(Nc3ccc(N4CCC(N(C)C)CC4)cn3)nc21,6.503070351926786,True,<rdkit.Chem.rdchem.Mol object at 0x735c78f9ee30>,False
CHEMBL5084504,CDK9,314.0,nM,Cc1nc2ccc(-c3cc(N)nc(N)c3)nc2n1C1CCCC1,6.503070351926786,True,<rdkit.Chem.rdchem.Mol object at 0x735c78f9edc0>,False
CHEMBL5085873,CDK6,315.0,nM,CC(C)N1CCN(Cc2ccc(Nc3ncc(F)c(-c4ccc5nccnc5c4)n3)nc2)CC1,6.501689446210399,True,<rdkit.Chem.rdchem.Mol object at 0x735c78f9ece0>,False
CHEMBL5177986,CDK2,316.0,nM,Cn1cc(S(=O)(=O)N2CCC(Nc3ncc4c(n3)N([C@@H]3CCC[C@@H](O)C3)C(=O)C43CC3)CC2)cn1,6.500312917381596,True,<rdkit.Chem.rdchem.Mol object at 0x735c78f9ec00>,False
CHEMBL5757213,CDK9,316.0,nM,Cc1nc2c(F)cc(-c3nc(Nc4ccc5c(n4)CCN(CCCN(C)C)C5)ncc3F)cc2n1C1CC1,6.500312917381596,True,<rdkit.Chem.rdchem.Mol object at 0x735c78f9eb20>,False
CHEMBL5557963,CDK2,316.3,nM,CCC(=O)Nc1ccc(CNc2nc(NC3CCOCC3)nc3c(C(C)C)cnn23)cc1,6.499900808084277,True,<rdkit.Chem.rdchem.Mol object at 0x735c78f9e810>,False
CHEMBL5532122,CDK2,316.9,nM,CC[C@H](CO)Nc1nc(NCc2ccc(NC(C)=O)cc2)n2ncc(C(C)C)c2n1,6.4990777608097,True,<rdkit.Chem.rdchem.Mol object at 0x735c78f9e5e0>,False
CHEMBL6161049,CDK6,317.0,nM,CCN1CCN(Cc2ccc(Nc3ncc(F)c(-c4ccc5c(c4)OC4(CCN(C(C)=O)CC4)CC5=O)n3)nc2)CC1,6.498940737782249,True,<rdkit.Chem.rdchem.Mol object at 0x735c78f9e570>,False
CHEMBL2158864,CDK1,320.0,nM,CNC(=O)Nc1ccc(-c2cc(-c3ccnc(Nc4ccc(Cl)c(S(=O)(=O)NC)c4)n3)ccn2)cc1,6.494850021680094,True,<rdkit.Chem.rdchem.Mol object at 0x735c78f9de00>,False
CHEMBL3663752,CDK9,320.0,nM,COc1ccc(F)cc1-c1ccnc2[nH]c(C3CCCN(C(C)=O)C3)cc12,6.494850021680094,True,<rdkit.Chem.rdchem.Mol object at 0x735c78f9d150>,False
CHEMBL3668415,CDK9,320.0,nM,O=C1CCCN1CCNc1cccc(-c2ccnc3[nH]c(C4CCNCC4)cc23)n1,6.494850021680094,True,<rdkit.Chem.rdchem.Mol object at 0x735c78f9db60>,False
CHEMBL590109,CDK1,320.0,nM,NCCn1cc(-c2cc(-c3cc4ccccc4s3)c3[nH]ncc3c2)c2nc(N)ncc21,6.494850021680094,True,<rdkit.Chem.rdchem.Mol object at 0x735c78f9d700>,False
CHEMBL4649135,CDK2,321.0,nM,CCn1cnc2c(NCc3nc4ccc(F)c(F)c4[nH]3)nc(N3CCCC[C@H]3CCO)nc21,6.493494967595128,True,<rdkit.Chem.rdchem.Mol object at 0x735c78f9d4d0>,False
CHEMBL1076581,CDK2,323.0,nM,N[C@H](CNc1nnc(-c2ccc3[nH]ncc3c2)s1)Cc1ccc(Cl)cc1Cl,6.490797477668897,True,<rdkit.Chem.rdchem.Mol object at 0x735c78f9d310>,False
CHEMBL6191232,CDK6,323.4,nM,CN(C)C(=O)c1cc2cnc(Nc3ccc(-c4nc5c(C(N)=O)cccc5[nH]4)cc3)nc2n1C1CCCC1,6.490259984429618,True,<rdkit.Chem.rdchem.Mol object at 0x735c78f9d2a0>,False
CHEMBL1272116,CDK4,324.0,nM,CC(C)c1n[nH]c(Cl)c1-c1ccnc(Nc2ccc(N3CCC(N(C)C)CC3)cn2)n1,6.489454989793388,True,<rdkit.Chem.rdchem.Mol object at 0x735c78f9d0e0>,False
CHEMBL189607,CDK2,324.0,nM,Nc1nc2ccc(C(=O)c3c(F)cccc3F)cn2c1C(=O)c1ccccc1,6.489454989793388,True,<rdkit.Chem.rdchem.Mol object at 0x735c78f9cf90>,False
CHEMBL6133494,CDK6,326.0,nM,CC(=O)N1CCC2(CC1)CC(=O)c1ccc(-c3nc(Nc4ccc(CN5CCN(C)CC5)cn4)ncc3F)cc1O2,6.486782399932061,True,<rdkit.Chem.rdchem.Mol object at 0x735c78f9ce40>,False
CHEMBL5848732,CDK6,327.0,nM,Cc1nc2c(F)cc(-c3nc(Nc4ncc5c(n4)CCNC5)ncc3F)cc2n1C(C)C,6.485452247339714,True,<rdkit.Chem.rdchem.Mol object at 0x735c78f9cdd0>,False
CHEMBL5836990,CDK6,327.0,nM,Cc1nc2c(F)cc(-c3nc(Nc4ccc5c(n4)CCNC5)ncc3F)cc2n1C(C)C,6.485452247339714,True,<rdkit.Chem.rdchem.Mol object at 0x735c78f9ccf0>,False
CHEMBL4777981,CDK2,328.0,nM,COc1ccc(F)cc1-c1c(F)cnc2[nH]c(C3=CCN([C@H]4CC[C@H](C(=O)O)CC4)CC3)cc12,6.484126156288321,True,<rdkit.Chem.rdchem.Mol object at 0x735c78f9cc80>,False
CHEMBL3949057,CDK2,330.0,nM,CCOC(=O)N=S(C)(=O)Cc1cccc(Nc2ncc(F)c(-c3cccc4c3OCCC4)n2)c1,6.481486060122112,True,<rdkit.Chem.rdchem.Mol object at 0x735c78f9cb30>,False
CHEMBL3641956,CDK4,330.0,nM,O[C@H]1CCC[C@@H]1n1c2cnccc2c2cnc(Nc3ccc(N4CCNCC4)cn3)nc21,6.481486060122112,True,<rdkit.Chem.rdchem.Mol object at 0x735c78f9c890>,False
CHEMBL6037340,CDK9,330.0,nM,O=C(O)[C@H]1CCC[C@@H](C(=O)Nc2cc(-c3ccc4ncn(CC5CCOCC5)c4c3)c(Cl)cn2)C1,6.481486060122112,True,<rdkit.Chem.rdchem.Mol object at 0x735c78f9c820>,False
CHEMBL5176464,CDK9,330.0,nM,CCn1cc(-c2ccnc3[nH]c(C4CCN(CC(=O)N(C)C)CC4)cc23)ccc1=O,6.481486060122112,True,<rdkit.Chem.rdchem.Mol object at 0x735c78f9c7b0>,False
CHEMBL3085241,CDK1,330.0,nM,CC(C)n1cnc2c(NCc3ccc(Cl)cc3)nc(N3CCC[C@@H]3CO)nc21,6.481486060122112,True,<rdkit.Chem.rdchem.Mol object at 0x735c78f9c4a0>,False
CHEMBL5917732,CDK9,330.0,nM,O=C(Nc1cc(-c2ccc3nnn(CC4CCOCC4)c3c2)c(Cl)cn1)[C@@H]1CCCNC1,6.481486060122112,True,<rdkit.Chem.rdchem.Mol object at 0x735c78f9c350>,False
CHEMBL3641925,CDK4,330.0,nM,O[C@@H]1CCN(c2ccc(Nc3ncc4c5ccncc5n([C@H]5CCC[C@H]5O)c4n3)nn2)C1,6.481486060122112,True,<rdkit.Chem.rdchem.Mol object at 0x735c78f9c2e0>,False
CHEMBL2029911,CDK1,330.0,nM,Cc1c(-c2cc3cnc(Nc4cc(C(=O)N5CCN(C)CC5)n(C)c4)nc3n2C2CCCC2)cnn1C,6.481486060122112,True,<rdkit.Chem.rdchem.Mol object at 0x735c78f9c9e0>,False
CHEMBL3085236,CDK1,330.0,nM,CC(C)n1cnc2c(NCc3cccc(Br)c3)nc(N3CCC[C@@H]3CO)nc21,6.481486060122112,True,<rdkit.Chem.rdchem.Mol object at 0x735c78f9d8c0>,False
CHEMBL367245,CDK1,330.0,nM,CCn1cnc2c(Nc3cccc(Cl)c3)nc(NCCO)nc21,6.481486060122112,True,<rdkit.Chem.rdchem.Mol object at 0x735c78f9df50>,False
CHEMBL4455210,CDK9,332.0,nM,Cc1nc2c(F)cc(-c3nc(Nc4ccc5c(n4)CCN(CCN(C)C)C5)ncc3F)cc2n1C1CC1,6.478861916295964,True,<rdkit.Chem.rdchem.Mol object at 0x735c78f9ea40>,False
CHEMBL6161225,CDK2,333.9,nM,CC(C)N1CCC(c2cc3c(-c4cnn(CC5CC5)c4)c(Cl)cnc3[nH]2)CC1,6.47638358094563,True,<rdkit.Chem.rdchem.Mol object at 0x735c78f9c510>,False
CHEMBL5583697,CDK2,334.0,nM,Cn1cnc(S(=O)(=O)N2CCC(Nc3ncc(C(F)(F)F)c(-c4cnn(CC(F)(F)F)c4)n3)CC2)c1,6.476253533188435,True,<rdkit.Chem.rdchem.Mol object at 0x735c78f9f5a0>,False
CHEMBL234626,CDK1,334.0,nM,CN(C)CCc1ccc(Nc2ncc(Cl)c(-c3cccc4cc[nH]c34)n2)cc1,6.476253533188435,True,<rdkit.Chem.rdchem.Mol object at 0x735c78f9c660>,False
CHEMBL5950277,CDK2,334.0,nM,Cc1nc2c(F)cc(-c3nc(Nc4ccc5c(n4)CCN(C(=O)NCCO)C5)ncc3F)cc2n1C1CC1,6.476253533188435,True,<rdkit.Chem.rdchem.Mol object at 0x735c78f9d9a0>,False
CHEMBL4754081,CDK4,334.0,nM,CC(=O)N[C@@H]1CCC[C@H](C(=O)Nc2cc(-c3cnn4c3CC(C)(C)C4)c(F)cn2)C1,6.476253533188435,True,<rdkit.Chem.rdchem.Mol object at 0x735c78f9d540>,False
CHEMBL5569840,CDK1,334.0,nM,Cc1ccc(O)c(C)c1-n1c(N)c(C(=O)N2CCn3cncc3C2)c2nc(C)c(C)nc21,6.476253533188435,True,<rdkit.Chem.rdchem.Mol object at 0x735c78f9f920>,False
CHEMBL1387710,CDK9,335.0,nM,CCNc1nc(N)nc(-c2cc(Cl)ccc2O)n1,6.474955192963154,True,<rdkit.Chem.rdchem.Mol object at 0x735c78f9fb50>,False
CHEMBL4213109,CDK6,339.0,nM,CCC1Cc2nc3c(F)cc(-c4nc(Nc5ccc(CN6CCN(CC)CC6)cn5)ncc4F)cc3n2C1,6.4698003017969175,True,<rdkit.Chem.rdchem.Mol object at 0x735c78f9f8b0>,False
CHEMBL1800459,CDK1,340.0,nM,Nc1nc(-c2cc(N3C[C@H](O)[C@@H](O)C3)ccc2O)cc(C2CCNCC2)n1,6.468521082957745,True,<rdkit.Chem.rdchem.Mol object at 0x735c78f9d7e0>,False
CHEMBL3642017,CDK4,340.0,nM,O[C@H]1CCN(C2CCN(c3ccc(Nc4ncc5c6ccncc6n(C6CCCC6)c5n4)nc3)CC2)C1,6.468521082957745,True,<rdkit.Chem.rdchem.Mol object at 0x735c78f9d070>,False
CHEMBL5969770,CDK9,340.0,nM,NS(=O)(=O)CCn1nnc2ccc(-c3cc(NC(=O)[C@@H]4CCCNC4)ncc3Cl)cc21,6.468521082957745,True,<rdkit.Chem.rdchem.Mol object at 0x735c78f9dbd0>,False
CHEMBL5953065,CDK9,340.0,nM,O=C(Nc1cc(-c2ccc3ncn(CC4(N5CCOCC5)COC4)c3c2)c(Cl)cn1)[C@@H]1CCCNC1,6.468521082957745,True,<rdkit.Chem.rdchem.Mol object at 0x735c78f9d690>,False
CHEMBL3702213,CDK4,340.0,nM,COCCn1c2cnccc2c2cnc(Nc3ccc(N4CCNCC4)nn3)nc21,6.468521082957745,True,<rdkit.Chem.rdchem.Mol object at 0x735c78f9c740>,False
CHEMBL3641955,CDK4,340.0,nM,O[C@@H]1CCN(c2ccc(Nc3ncc4c5ccncc5n([C@H]5CCOC5)c4n3)nn2)C1,6.468521082957745,True,<rdkit.Chem.rdchem.Mol object at 0x735c78f9fd80>,False
CHEMBL172811,CDK1,340.0,nM,CCn1cnc2c(Nc3cccc(OC)c3)nc(N[C@H]3CC[C@@H](N)CC3)nc21,6.468521082957745,True,<rdkit.Chem.rdchem.Mol object at 0x735c78f9fa00>,False
CHEMBL3900378,CDK9,340.0,nM,CCCN1Cc2c(C3=CCN(S(C)(=O)=O)CC3)[nH]c3nccc(c23)-c2cc(F)ccc21,6.468521082957745,True,<rdkit.Chem.rdchem.Mol object at 0x735c78f9f840>,False
CHEMBL3641908,CDK6,340.0,nM,CN(C)C1CCN(c2ccc(Nc3ncc4c5ccncc5n([C@@H]5CCNC5)c4n3)nc2)CC1,6.468521082957745,True,<rdkit.Chem.rdchem.Mol object at 0x735c78f9ec70>,False
CHEMBL3668422,CDK9,340.0,nM,CN1CCC(c2cc3c(-c4cccc(NCCN5CCCC5=O)n4)ccnc3[nH]2)CC1,6.468521082957745,True,<rdkit.Chem.rdchem.Mol object at 0x735c78f9e8f0>,False
CHEMBL318522,CDK2,341.0,nM,O=C(Nc1n[nH]c2cc(-c3cccs3)ccc12)C1CC1,6.467245621007502,True,<rdkit.Chem.rdchem.Mol object at 0x735c78f9e490>,False
CHEMBL6143085,CDK6,343.0,nM,CC(=O)N1CCC2(CC1)CC(=O)c1ccc(-c3nc(Nc4ccc(CN5CCOCC5)cn4)ncc3F)cc1O2,6.464705879957229,True,<rdkit.Chem.rdchem.Mol object at 0x735c78f9c200>,False
CHEMBL5440832,CDK2,344.53,nM,COc1ccc(Cc2nnc(N3CCN(C(=O)Nc4ccc(OC)cc4)CC3)c3ccccc23)cc1,6.4627729558544775,True,<rdkit.Chem.rdchem.Mol object at 0x735c78f9cac0>,False
CHEMBL5774515,CDK2,346.0,nM,Cc1nc2c(F)cc(-c3nc(Nc4ccc5c(n4)CCN(C(=O)OCCN(C)C)C5)ncc3F)cc2n1C1CC1,6.460923901207224,True,<rdkit.Chem.rdchem.Mol object at 0x735c78f780b0>,False
CHEMBL1081119,CDK2,348.0,nM,N[C@H](CNc1nnc(-c2ccc3cnccc3c2)o1)Cc1ccc(C(F)(F)F)cc1,6.458420756053419,True,<rdkit.Chem.rdchem.Mol object at 0x735c78f78120>,False
CHEMBL4777981,CDK1,348.0,nM,COc1ccc(F)cc1-c1c(F)cnc2[nH]c(C3=CCN([C@H]4CC[C@H](C(=O)O)CC4)CC3)cc12,6.458420756053419,True,<rdkit.Chem.rdchem.Mol object at 0x735c78f78190>,False
CHEMBL5950426,CDK1,348.0,nM,Cc1nc2c(F)cc(-c3nc(Nc4ccc5c(n4)CCN(C(=O)N(C)CCN(C)C)C5)ncc3F)cc2n1C1CC1,6.458420756053419,True,<rdkit.Chem.rdchem.Mol object at 0x735c78f78200>,False
CHEMBL4796500,CDK9,350.0,nM,CC(=O)N[C@@H]1CCC[C@H](C(=O)Nc2cc(-c3cnn4c3OCCC4)c(Cl)cn2)C1,6.455931955649724,True,<rdkit.Chem.rdchem.Mol object at 0x735c78f78270>,False
CHEMBL173353,CDK1,350.0,nM,CCn1cnc2c(Nc3cccc(F)c3)nc(N[C@H]3CC[C@@H](N)CC3)nc21,6.455931955649724,True,<rdkit.Chem.rdchem.Mol object at 0x735c78f782e0>,False
CHEMBL3972796,CDK2,350.0,nM,CCOC(=O)N=S(C)(=O)Cc1cccc(Nc2ncc(F)c(-c3cccc4c3OCC4)n2)c1,6.455931955649724,True,<rdkit.Chem.rdchem.Mol object at 0x735c78f78350>,False
CHEMBL3641926,CDK4,350.0,nM,CNC1CCN(c2ccc(Nc3ncc4c5ccncc5n([C@@H](C)CO)c4n3)nc2)CC1,6.455931955649724,True,<rdkit.Chem.rdchem.Mol object at 0x735c78f783c0>,False
CHEMBL3642017,CDK6,350.0,nM,O[C@H]1CCN(C2CCN(c3ccc(Nc4ncc5c6ccncc6n(C6CCCC6)c5n4)nc3)CC2)C1,6.455931955649724,True,<rdkit.Chem.rdchem.Mol object at 0x735c78f78430>,False
CHEMBL3641961,CDK4,350.0,nM,O[C@@H]1CCN(c2ccc(Nc3ncc4c5ccncc5n([C@H]5CCC[C@@H]5O)c4n3)nc2)C1,6.455931955649724,True,<rdkit.Chem.rdchem.Mol object at 0x735c78f78510>,False
CHEMBL5198038,CDK2,350.0,nM,CC(C)n1cc(-c2ccnc3[nH]c(C4CCN(CC(=O)N(C)C)CC4)cc23)ccc1=O,6.455931955649724,True,<rdkit.Chem.rdchem.Mol object at 0x735c78f78580>,False
CHEMBL5190046,CDK2,350.0,nM,CNS(=O)(=O)c1ccc(Nc2ncc3c(n2)N([C@@H]2CCC[C@@]2(C)O)C(=O)C32CC2)cc1,6.455931955649724,True,<rdkit.Chem.rdchem.Mol object at 0x735c78f785f0>,False
CHEMBL3589774,CDK9,350.0,nM,O=C(O)c1nc2ccsc2c2[nH]c3c(Cl)cccc3c12,6.455931955649724,True,<rdkit.Chem.rdchem.Mol object at 0x735c78f786d0>,False
CHEMBL497306,CDK2,350.0,nM,COc1cccc(F)c1C(=O)Nc1c[nH]nc1C(=O)NC1CCNCC1,6.455931955649724,True,<rdkit.Chem.rdchem.Mol object at 0x735c78f78740>,False
CHEMBL3085237,CDK1,350.0,nM,CC(C)n1cnc2c(NCc3ccc4c(c3)OCO4)nc(N3CCC[C@@H]3CO)nc21,6.455931955649724,True,<rdkit.Chem.rdchem.Mol object at 0x735c78f78820>,False
CHEMBL176908,CDK1,350.0,nM,CCn1cnc2c(Nc3cccc(C#N)c3)nc(N[C@H]3CC[C@@H](N)CC3)nc21,6.455931955649724,True,<rdkit.Chem.rdchem.Mol object at 0x735c78f78890>,False
CHEMBL366620,CDK1,350.0,nM,CCn1cnc2c(Nc3cccc(C#N)c3)nc(N[C@@H]3CCCC[C@@H]3N)nc21,6.455931955649724,True,<rdkit.Chem.rdchem.Mol object at 0x735c78f78970>,False
CHEMBL203407,CDK2,350.0,nM,NS(=O)(=O)c1ccc(Nc2cc(OC3CCCCC3)nc3ncnn23)cc1,6.455931955649724,True,<rdkit.Chem.rdchem.Mol object at 0x735c78f789e0>,False
CHEMBL5093557,CDK6,351.0,nM,CS(=O)(=O)N1CCN(Cc2ccc(Nc3ncc(F)c(-c4ccc5nccnc5c4)n3)nc2)CC1,6.454692883534176,True,<rdkit.Chem.rdchem.Mol object at 0x735c78f78ac0>,False
CHEMBL5531956,CDK2,351.4,nM,CC[C@@H](CO)Nc1nc(NCc2ccc(NC(C)=O)cc2)n2ncc(C(C)C)c2n1,6.454198242840723,True,<rdkit.Chem.rdchem.Mol object at 0x735c78f78b30>,False
CHEMBL1231206,CDK1,354.0,nM,Cc1ccc(-c2ccc3c(ccc4sc5c(c43)NC[C@@H](C)NC5=O)n2)cn1,6.450996737974212,True,<rdkit.Chem.rdchem.Mol object at 0x735c78f78ba0>,False
CHEMBL6134563,CDK6,354.0,nM,CN1CCN(c2ccc(Nc3ncc(F)c(-c4ccc5c(c4)OC4(CCCCC4)CC5=O)n3)nc2)CC1,6.450996737974212,True,<rdkit.Chem.rdchem.Mol object at 0x735c78f78c10>,False
CHEMBL496567,CDK9,355.0,nM,CC(C)(C)c1cnc(CSc2cnc(N[C@H]3CC[C@H](N)CC3)s2)o1,6.449771646944906,True,<rdkit.Chem.rdchem.Mol object at 0x735c78f78c80>,False
CHEMBL5765752,CDK1,357.0,nM,Cc1nc2c(F)cc(-c3nc(Nc4ccc5c(n4)CCN(C(=O)CCN(C)C)C5)ncc3F)cc2n1C1CCC1,6.447331783887806,True,<rdkit.Chem.rdchem.Mol object at 0x735c78f78d60>,False
CHEMBL5883845,CDK1,357.0,nM,Cc1nc2c(F)cc(-c3nc(Nc4ccc5c(n4)CCN(C(=O)CN(C)C)C5)ncc3F)cc2n1C1CCC1,6.447331783887806,True,<rdkit.Chem.rdchem.Mol object at 0x735c78f78dd0>,False
CHEMBL4445727,CDK2,358.0,nM,CCn1c(C)nc2c(F)cc(-c3nc(Nc4ccc5c(n4)CCN(CCN(C)C)C5)ncc3F)cc21,6.446116973356125,True,<rdkit.Chem.rdchem.Mol object at 0x735c78f78e40>,False
CHEMBL6160348,CDK1,358.0,nM,Cc1ccc(O)c(C)c1-n1c(N)c(C(N)=O)c2c(=O)n(CCF)c(C)nc21,6.446116973356125,True,<rdkit.Chem.rdchem.Mol object at 0x735c78f78eb0>,False
CHEMBL5563675,CDK1,358.0,nM,Cc1cc2n(n1)CCN(C(=O)c1c(N)n(-c3c(C)ccc(O)c3C)c3nc(C)c(C)nc13)C2,6.446116973356125,True,<rdkit.Chem.rdchem.Mol object at 0x735c78f78f20>,False
CHEMBL5555666,CDK2,358.4,nM,CC[C@@H](CO)Nc1nc(NCc2ccc(NC(=O)C3CCOCC3)cc2)n2ncc(C(C)C)c2n1,6.445631999009912,True,<rdkit.Chem.rdchem.Mol object at 0x735c78f78f90>,False
CHEMBL186800,CDK4,359.0,nM,Nc1nc2ccc(C(=O)c3c(F)cccc3F)cn2c1C(=O)c1c(Cl)cccc1Cl,6.44490555142168,True,<rdkit.Chem.rdchem.Mol object at 0x735c78f79000>,False
CHEMBL3702163,CDK6,360.0,nM,COc1ccc(-c2ccc(Nc3ncc4c5ccncc5n(C5CCCC5)c4n3)nn2)cn1,6.443697499232712,True,<rdkit.Chem.rdchem.Mol object at 0x735c78f79070>,False
CHEMBL3668346,CDK9,360.0,nM,COc1cc(F)ccc1-c1ccnc2[nH]c(C3CNC(C)(C)CO3)cc12,6.443697499232712,True,<rdkit.Chem.rdchem.Mol object at 0x735c78f790e0>,False
CHEMBL3641964,CDK4,360.0,nM,CNC1CCN(c2ccc(Nc3ncc4c5ccncc5n([C@H]5CCC[C@@H]5O)c4n3)nn2)CC1,6.443697499232712,True,<rdkit.Chem.rdchem.Mol object at 0x735c78f79150>,False
CHEMBL1823663,CDK2,360.0,nM,CN1CC([C@@H](NC(=O)c2ccc3cnccc3c2)c2ccc(Cl)c(Cl)c2)C1,6.443697499232712,True,<rdkit.Chem.rdchem.Mol object at 0x735c78f791c0>,False
CHEMBL1800458,CDK2,360.0,nM,Nc1nc(-c2cc(N3C[C@H](O)[C@@H](O)C3)ccc2O)cc(C2CCCNC2)n1,6.443697499232712,True,<rdkit.Chem.rdchem.Mol object at 0x735c78f792a0>,False
CHEMBL6014795,CDK1,360.0,nM,Cc1nc2c(F)cc(-c3nc(Nc4ccc5c(n4)CCN(C(=O)C4CCCN4)C5)ncc3F)cc2n1C1CC1,6.443697499232712,True,<rdkit.Chem.rdchem.Mol object at 0x735c78f79310>,False
CHEMBL571897,CDK1,360.0,nM,COc1ccc2sc3c(c2c1)CCCNC3=O,6.443697499232712,True,<rdkit.Chem.rdchem.Mol object at 0x735c78f79380>,False
CHEMBL3641915,CDK4,360.0,nM,C[C@@H](O)Cn1c2cnccc2c2cnc(Nc3ccc(N4CCNCC4)cn3)nc21,6.443697499232712,True,<rdkit.Chem.rdchem.Mol object at 0x735c78f793f0>,False
CHEMBL3823522,CDK2,361.0,nM,COc1nn(C2CCN(C(C)=O)CC2)cc1Nc1ncc(Cl)c(-c2cnn3ccccc23)n1,6.442492798094342,True,<rdkit.Chem.rdchem.Mol object at 0x735c78f79460>,False
CHEMBL4462530,CDK6,363.0,nM,CC(=O)N[C@@H]1CCC[C@H](C(=O)Nc2cc(-c3cnn4c3CC(C)(C)C4)c(Cl)cn2)C1,6.440093374963888,True,<rdkit.Chem.rdchem.Mol object at 0x735c78f794d0>,False
CHEMBL5950426,CDK2,364.0,nM,Cc1nc2c(F)cc(-c3nc(Nc4ccc5c(n4)CCN(C(=O)N(C)CCN(C)C)C5)ncc3F)cc2n1C1CC1,6.438898616350944,True,<rdkit.Chem.rdchem.Mol object at 0x735c78f79540>,False
CHEMBL3913590,CDK2,367.0,nM,CC(C)N1CCN(C(=O)c2ccc(Nc3ncc4cc5n(c4n3)C3(CCCCC3)CNC5=O)nc2)CC1,6.435333935747911,True,<rdkit.Chem.rdchem.Mol object at 0x735c78f795b0>,False
CHEMBL4455210,CDK1,368.0,nM,Cc1nc2c(F)cc(-c3nc(Nc4ccc5c(n4)CCN(CCN(C)C)C5)ncc3F)cc2n1C1CC1,6.434152181326482,True,<rdkit.Chem.rdchem.Mol object at 0x735c78f79620>,False
CHEMBL6190213,CDK6,368.9,nM,CN(C)C(=O)c1cc2cnc(Nc3ccc(C(=O)NCCc4nc5c(C(N)=O)cccc5[nH]4)cc3Cl)nc2n1C1CCCC1,6.433091344773197,True,<rdkit.Chem.rdchem.Mol object at 0x735c78f79690>,False
CHEMBL5754632,CDK9,370.0,nM,O=C(Nc1cc(-c2ccc3nnn(CCCc4cccc(F)c4)c3c2)c(Cl)cn1)[C@@H]1CCCNC1,6.431798275933005,True,<rdkit.Chem.rdchem.Mol object at 0x735c78f79770>,False
CHEMBL503917,CDK2,370.0,nM,N#Cc1cnn2cccnc12,6.431798275933005,True,<rdkit.Chem.rdchem.Mol object at 0x735c78f79850>,False
CHEMBL3668416,CDK9,370.0,nM,CN1CCC(c2cc3c(-c4cccc(N(C)CCN5CCCC5=O)n4)ccnc3[nH]2)CC1,6.431798275933005,True,<rdkit.Chem.rdchem.Mol object at 0x735c78f798c0>,False
CHEMBL4455718,CDK9,370.0,nM,COC(=O)N1CCN([C@H]2CC[C@H](Nc3ncnc4ccc(C#N)cc34)CC2)CC1,6.431798275933005,True,<rdkit.Chem.rdchem.Mol object at 0x735c78f79930>,False
CHEMBL454645,CDK9,370.0,nM,CC1CCC(C(=O)Nc2ncc(SCc3ncc(C(C)(C)C)o3)s2)CN1,6.431798275933005,True,<rdkit.Chem.rdchem.Mol object at 0x735c78f799a0>,False
CHEMBL3641915,CDK6,370.0,nM,C[C@@H](O)Cn1c2cnccc2c2cnc(Nc3ccc(N4CCNCC4)cn3)nc21,6.431798275933005,True,<rdkit.Chem.rdchem.Mol object at 0x735c78f79a10>,False
CHEMBL4062453,CDK2,370.0,nM,CN(C)CCn1cc(-c2ccn3c(-c4ccc(C(N)=O)c(OCc5cccc(F)c5)c4)cnc3c2)cn1,6.431798275933005,True,<rdkit.Chem.rdchem.Mol object at 0x735c78f79a80>,False
CHEMBL4462530,CDK1,370.0,nM,CC(=O)N[C@@H]1CCC[C@H](C(=O)Nc2cc(-c3cnn4c3CC(C)(C)C4)c(Cl)cn2)C1,6.431798275933005,True,<rdkit.Chem.rdchem.Mol object at 0x735c78f79af0>,False
CHEMBL3702212,CDK4,370.0,nM,COCCn1c2cnccc2c2cnc(Nc3ccc(N4CCNCC4)cn3)nc21,6.431798275933005,True,<rdkit.Chem.rdchem.Mol object at 0x735c78f79b60>,False
CHEMBL3702240,CDK4,370.0,nM,CNC1CCN(c2ccc(Nc3ncc4c5ccncc5n([C@@H]5CCNC5)c4n3)nc2)CC1,6.431798275933005,True,<rdkit.Chem.rdchem.Mol object at 0x735c78f79bd0>,False
CHEMBL5754925,CDK2,371.0,nM,Cc1nc2c(F)cc(-c3nc(Nc4ccc5c(n4)CCN(C[C@@H](O)CN(C)C)C5)ncc3F)cc2n1C1CC1,6.430626090384954,True,<rdkit.Chem.rdchem.Mol object at 0x735c78f79c40>,False
CHEMBL5556607,CDK1,375.0,nM,CC(C)(O)Cn1cc(-c2nc(NC3CCN(S(=O)(=O)C4CC4)CC3)ncc2C#N)cn1,6.425968732272281,True,<rdkit.Chem.rdchem.Mol object at 0x735c78f79d20>,False
CHEMBL5207533,CDK2,375.0,nM,C[C@H]1CC[C@@H](n2c3cnccc3c3cnc(Nc4ccc5c(n4)CCN(C(=O)CO)C5)nc32)CC1,6.425968732272281,True,<rdkit.Chem.rdchem.Mol object at 0x735c78f79d90>,False
CHEMBL82603,CDK2,376.0,nM,Cc1cc(-c2ccc[nH]2)c2c3c(ccc(F)c13)NC2=O,6.424812155072339,True,<rdkit.Chem.rdchem.Mol object at 0x735c78f79e70>,False
CHEMBL3655768,CDK9,380.0,nM,CC[C@H](Nc1nc(NCC2CC2)c2ncn(C(C)C)c2n1)[C@@H](C)O,6.42021640338319,True,<rdkit.Chem.rdchem.Mol object at 0x735c78f79ee0>,False
CHEMBL367614,CDK1,380.0,nM,CCn1cnc2c(Nc3ccc(F)cc3)nc(NCCO)nc21,6.42021640338319,True,<rdkit.Chem.rdchem.Mol object at 0x735c78f79fc0>,False
CHEMBL3702214,CDK4,380.0,nM,COCCn1c2cnccc2c2cnc(Nc3ccc(N4CCC(N(C)C)CC4)cn3)nc21,6.42021640338319,True,<rdkit.Chem.rdchem.Mol object at 0x735c78f7a030>,False
CHEMBL3976450,CDK2,380.0,nM,CCS(=N)(=O)Cc1cccc(Nc2ncc(F)c(-c3ccc(F)cc3OC)n2)c1,6.42021640338319,True,<rdkit.Chem.rdchem.Mol object at 0x735c78f7a0a0>,False
CHEMBL3642012,CDK6,380.0,nM,FC(F)(F)CNC1CCN(c2ccc(Nc3ncc4c5ccncc5n(C5CCCC5)c4n3)nn2)CC1,6.42021640338319,True,<rdkit.Chem.rdchem.Mol object at 0x735c78f7a110>,False
CHEMBL5913087,CDK9,380.0,nM,CS(=O)(=O)c1ccc(CN2CCc3ccc(-c4cc(NC(=O)C5CCCNC5)ncc4Cl)cc32)cc1,6.42021640338319,True,<rdkit.Chem.rdchem.Mol object at 0x735c78f7a180>,False
CHEMBL6149920,CDK6,384.0,nM,CC(=O)N1CCC2(CC1)CC(=O)c1ccc(-c3nc(Nc4ccc(CN5CCN(C(=O)OC(C)(C)C)CC5)cn4)ncc3F)cc1O2,6.415668775632469,True,<rdkit.Chem.rdchem.Mol object at 0x735c78f7a1f0>,False
CHEMBL4439321,CDK9,385.0,nM,COc1cc(F)ccc1-c1ncnc(Nc2cccc(C[S@](C)(=N)=O)c2)n1,6.414539270491499,True,<rdkit.Chem.rdchem.Mol object at 0x735c78f7a2d0>,False
CHEMBL6161916,CDK6,389.0,nM,CC(=O)N1CCC2(CC1)CC(=O)c1ccc(-c3nc(Nc4ccc(CN5CCN(C(=O)C6CC6)CC5)cn4)ncc3F)cc1O2,6.410050398674292,True,<rdkit.Chem.rdchem.Mol object at 0x735c78f7a340>,False
CHEMBL552339,CDK1,390.0,nM,C[C@@H]1CNc2c(sc3ccc4nc(-c5ccncc5)ccc4c23)C(=O)N1,6.4089353929735005,True,<rdkit.Chem.rdchem.Mol object at 0x735c78f7a3b0>,False
CHEMBL3896241,CDK9,390.0,nM,O=C(O)CC1CCC(N2CC=C(c3[nH]c4nccc5c4c3COc3ccc(F)cc3-5)CC2)CC1,6.4089353929735005,True,<rdkit.Chem.rdchem.Mol object at 0x735c78f7a420>,False
CHEMBL2012415,CDK1,390.0,nM,Cn1cc(Nc2ncc3cnn([C@@H]4C[C@H]5C[C@H]5C4)c3n2)cc1C(=O)N1CCC[C@@H]1CN1CCOCC1,6.4089353929735005,True,<rdkit.Chem.rdchem.Mol object at 0x735c78f7a570>,False
CHEMBL1922211,CDK2,390.0,nM,CC[C@H](Nc1nc(NCc2cccnc2)c2ncn(C(C)C)c2n1)C(O)C(C)(C)C,6.4089353929735005,True,<rdkit.Chem.rdchem.Mol object at 0x735c78f7a5e0>,False
CHEMBL5173041,CDK1,390.0,nM,COc1cc(C(=O)N2CCCC2)ccc1-c1ccnc2[nH]c(-c3ccc(CN4CCOCC4)cc3)nc12,6.4089353929735005,True,<rdkit.Chem.rdchem.Mol object at 0x735c78f7a650>,False
CHEMBL2163607,CDK2,390.0,nM,N[C@H]1CC[C@H](Nc2cc(Nc3ccccc3Cl)n3nccc3n2)CC1,6.4089353929735005,True,<rdkit.Chem.rdchem.Mol object at 0x735c78f7a6c0>,False
CHEMBL6064706,CDK9,390.0,nM,CC(C)(CN)Nc1cc(-c2ccc3ncn(Cc4cccc(F)c4)c3c2)c(Cl)cn1,6.4089353929735005,True,<rdkit.Chem.rdchem.Mol object at 0x735c78f7a730>,False
CHEMBL6035906,CDK9,390.0,nM,Fc1cccc(Cn2cnc3ccc(-c4cc(NCc5cncnc5)ncc4Cl)cc32)c1,6.4089353929735005,True,<rdkit.Chem.rdchem.Mol object at 0x735c78f7a7a0>,False
CHEMBL3702231,CDK4,390.0,nM,CC[C@H](C)n1c2cnccc2c2cnc(Nc3ccc(N4CCNCC4)nn3)nc21,6.4089353929735005,True,<rdkit.Chem.rdchem.Mol object at 0x735c78f7a810>,False
CHEMBL3823007,CDK2,392.0,nM,Cc1nn(C2CCNCC2)cc1Nc1ncc(Cl)c(-c2cnc3ccccn23)n1,6.406713932979542,True,<rdkit.Chem.rdchem.Mol object at 0x735c78f7a880>,False
CHEMBL3822543,CDK2,392.0,nM,Cc1c(Nc2ncc(Cl)c(-c3cnc4ccccn34)n2)cnn1C1CCNCC1,6.406713932979542,True,<rdkit.Chem.rdchem.Mol object at 0x735c78f7a8f0>,False
CHEMBL362967,CDK1,392.0,nM,Brc1cnc(Nc2ccc3[nH]cnc3c2)nc1NC1CCCc2ccccc21,6.406713932979542,True,<rdkit.Chem.rdchem.Mol object at 0x735c78f7a960>,False
CHEMBL4215568,CDK6,392.0,nM,CCN1CCN(Cc2ccc(Nc3ncc(F)c(-c4cc(F)c5nc6n(c5c4)CC(C)C6)n3)nc2)CC1,6.406713932979542,True,<rdkit.Chem.rdchem.Mol object at 0x735c78f7a9d0>,False
CHEMBL3942483,CDK2,393.0,nM,O=C1NCC2(CCCC2)n2c1cc1cnc(Nc3ccc(C(=O)N4CCN(CC5CC5)CC4)cn3)nc12,6.405607449624574,True,<rdkit.Chem.rdchem.Mol object at 0x735c78f7aa40>,False
CHEMBL6146765,CDK2,393.6,nM,COCC(C)N1CCC(c2cc3c(-c4cnn(CC5CC5)c4)c(Cl)cnc3[nH]2)CC1,6.404944910240696,True,<rdkit.Chem.rdchem.Mol object at 0x735c78f7aab0>,False
CHEMBL498200,CDK9,395.0,nM,Nc1nccc(-c2cc3c([nH]2)C(CCC(F)(F)F)CNC3=O)n1,6.403402904373539,True,<rdkit.Chem.rdchem.Mol object at 0x735c78f7ab20>,False
CHEMBL5199065,CDK2,396.0,nM,CCC(CC)c1cc(N[C@H]2CC[C@H](N)C2)n2nccc2n1,6.402304814074488,True,<rdkit.Chem.rdchem.Mol object at 0x735c78f7ab90>,False
CHEMBL3698727,CDK6,396.0,nM,c1cc2c3cnc(Nc4ccc(NCC5CNC5)nn4)nc3n(C3CCCC3)c2cn1,6.402304814074488,True,<rdkit.Chem.rdchem.Mol object at 0x735c78f7ac00>,False
CHEMBL5517681,CDK2,397.9,nM,CC(=O)Nc1ccc(CNc2nc(N3CCC[C@H](O)C3)nc3c(C(C)C)cnn23)cc1,6.400226060853612,True,<rdkit.Chem.rdchem.Mol object at 0x735c78f7ace0>,False
CHEMBL103104,CDK1,398.0,nM,NS(=O)(=O)c1ccc(Nc2cc(-c3cccc(O)c3)n[nH]2)cc1,6.400116927926312,True,<rdkit.Chem.rdchem.Mol object at 0x735c78f7ad50>,False
CHEMBL319685,CDK1,398.0,nM,COc1cccc(-c2cc(Nc3ccc(S(N)(=O)=O)cc3)[nH]n2)c1,6.400116927926312,True,<rdkit.Chem.rdchem.Mol object at 0x735c78f7adc0>,False
CHEMBL5569715,CDK2,398.0,nM,CC(C)(O)Cn1cc(-c2nc(NC3CCN(S(=O)(=O)C4CC4)CC3)ncc2C(F)(F)F)cn1,6.400116927926312,True,<rdkit.Chem.rdchem.Mol object at 0x735c78f7ae30>,False
CHEMBL5527858,CDK2,398.4,nM,CC(=O)Nc1ccc(CNc2nc(N3CCC[C@@H](O)C3)nc3c(C(C)C)cnn23)cc1,6.399680670248339,True,<rdkit.Chem.rdchem.Mol object at 0x735c78f7aea0>,False
CHEMBL485602,CDK2,400.0,nM,COCCN(C)S(=O)(=O)c1ccc(Nc2nccc(-c3cnc(C)n3C)n2)cc1,6.3979400086720375,True,<rdkit.Chem.rdchem.Mol object at 0x735c78f7af10>,False
CHEMBL5746222,CDK9,400.0,nM,O=C(Nc1cc(-c2ccc3ncn(CC4CCOCC4)c3c2)c(Cl)cn1)[C@H]1CCC[C@@H](C(=O)N2CCC[C@H]2CO)C1,6.3979400086720375,True,<rdkit.Chem.rdchem.Mol object at 0x735c78f7af80>,False
CHEMBL495771,CDK4,400.0,nM,c1cc(-c2cnn3nc(N4CCOCC4)ccc23)nc(NC2CC2)n1,6.3979400086720375,True,<rdkit.Chem.rdchem.Mol object at 0x735c78f7aff0>,False
CHEMBL3940387,CDK2,400.0,nM,CC(C)c1c2cc(-c3ccnc(N[C@H]4CC[C@H](NC5CCOCC5)CC4)n3)ccc2nn1C,6.3979400086720375,True,<rdkit.Chem.rdchem.Mol object at 0x735c78f7b060>,False
CHEMBL3935574,CDK9,400.0,nM,CN1Cc2c(C3=CC4CCCC(C3)N4S(C)(=O)=O)[nH]c3nccc(c23)-c2cc(F)ccc21,6.3979400086720375,True,<rdkit.Chem.rdchem.Mol object at 0x735c78f7b140>,False
CHEMBL329505,CDK1,400.0,nM,O=C1Cc2c([nH]c3ccc(C(F)(F)F)cc23)-c2ccccc2N1,6.3979400086720375,True,<rdkit.Chem.rdchem.Mol object at 0x735c78f7b1b0>,False
CHEMBL1802728,CDK2,400.0,nM,CCN(CC)C(=O)c1ccc(Nc2nc(OCC3CCCCC3)c3nc[nH]c3n2)cc1,6.3979400086720375,True,<rdkit.Chem.rdchem.Mol object at 0x735c78f7b290>,False
CHEMBL3979619,CDK9,400.0,nM,CCOC(=O)C1CC=C(c2[nH]c3nccc4c3c2CN(C)c2ccc(F)cc2-4)CC1,6.3979400086720375,True,<rdkit.Chem.rdchem.Mol object at 0x735c78f7b370>,False
CHEMBL3702213,CDK6,400.0,nM,COCCn1c2cnccc2c2cnc(Nc3ccc(N4CCNCC4)nn3)nc21,6.3979400086720375,True,<rdkit.Chem.rdchem.Mol object at 0x735c78f7b3e0>,False
CHEMBL203571,CDK2,400.0,nM,CCN(CC)c1cc(Nc2ccc(S(N)(=O)=O)cc2)n2ncnc2n1,6.3979400086720375,True,<rdkit.Chem.rdchem.Mol object at 0x735c78f7b450>,False
CHEMBL418203,CDK4,400.0,nM,CN1CCC(c2c(O)cc(O)c3c(=O)cc(-c4ccccc4Cl)oc23)[C@@H](O)C1,6.3979400086720375,True,<rdkit.Chem.rdchem.Mol object at 0x735c78f7b4c0>,False
CHEMBL3109949,CDK2,400.0,nM,COc1ccc(Nc2cc3[nH]c(-c4cn[nH]c4)cc3cn2)cc1,6.3979400086720375,True,<rdkit.Chem.rdchem.Mol object at 0x735c78f7b530>,False
CHEMBL296586,CDK1,400.0,nM,O=C1Cc2c([nH]c3ccc(Br)cc23)-c2ccccc2N1,6.3979400086720375,True,<rdkit.Chem.rdchem.Mol object at 0x735c78f7b5a0>,False
CHEMBL5187219,CDK9,400.0,nM,COc1cc(F)ccc1-c1ccnc2[nH]c(C3CCOCC3)cc12,6.3979400086720375,True,<rdkit.Chem.rdchem.Mol object at 0x735c78f7b610>,False
CHEMBL3946356,CDK9,400.0,nM,CN1Cc2c(C3CCNCC3)[nH]c3nccc(c23)-c2cc(F)ccc21,6.3979400086720375,True,<rdkit.Chem.rdchem.Mol object at 0x735c78f7b680>,False
CHEMBL388978,CDK6,402.0,nM,CN[C@@H]1C[C@H]2O[C@@](C)([C@@H]1OC)n1c3ccccc3c3c4c(c5c6ccccc6n2c5c31)C(=O)NC4,6.39577394691553,True,<rdkit.Chem.rdchem.Mol object at 0x735c78f7b6f0>,False
CHEMBL5512517,CDK2,402.6,nM,CC[C@@H](CO)Nc1cc(NCc2ccc(NC(C)=O)cc2)n2ncc(C(C)C)c2n1,6.395126229447364,True,<rdkit.Chem.rdchem.Mol object at 0x735c78f7b760>,False
CHEMBL3698686,CDK6,406.0,nM,Cc1cc(N2CCNCC2)cnc1Nc1ncc2c3ccncc3n(C3CCCC3)c2n1,6.391473966422806,True,<rdkit.Chem.rdchem.Mol object at 0x735c78f7b840>,False
CHEMBL102241,CDK2,407.0,nM,COc1ccc(-c2cc(Nc3ccc(S(N)(=O)=O)cc3)[nH]n2)cc1F,6.39040559077478,True,<rdkit.Chem.rdchem.Mol object at 0x735c78f7b8b0>,False
CHEMBL3921855,CDK2,410.0,nM,COc1cc(F)ccc1-c1nc(Nc2cccc(CS(=N)(=O)C3CC3)c2)ncc1F,6.3872161432802645,True,<rdkit.Chem.rdchem.Mol object at 0x735c78f7b920>,False
CHEMBL6024465,CDK9,410.0,nM,O[C@H]1CC[C@H](Nc2cc(-c3ccc4c(c3)N(Cc3cccc(F)c3)CC4)c(Cl)cn2)CC1,6.3872161432802645,True,<rdkit.Chem.rdchem.Mol object at 0x735c78f7b990>,False
CHEMBL389102,CDK1,410.0,nM,N#Cc1cnc(Nc2ccc(CCO)cc2)nc1-c1ccc2[nH]ccc2c1,6.3872161432802645,True,<rdkit.Chem.rdchem.Mol object at 0x735c78f7ba00>,False
CHEMBL569720,CDK2,410.0,nM,Cc1cc(Nc2nc(N[C@@H](C)c3ncc(F)cn3)c(C#N)nc2C)n[nH]1,6.3872161432802645,True,<rdkit.Chem.rdchem.Mol object at 0x735c78f7ba70>,False
CHEMBL3787112,CDK2,410.0,nM,Nc1ncnc2c1c(-c1cccc(O)c1)cn2[C@H]1C[C@@H](CN2CCC2)C1,6.3872161432802645,True,<rdkit.Chem.rdchem.Mol object at 0x735c78f7bae0>,False
CHEMBL5867965,CDK9,410.0,nM,CN1CCC(Nc2cc(-c3ccc4ncn(Cc5cccc(F)c5)c4c3)c(Cl)cn2)CC1,6.3872161432802645,True,<rdkit.Chem.rdchem.Mol object at 0x735c78f7bb50>,False
CHEMBL3934257,CDK2,410.0,nM,COc1cc(F)ccc1-c1nc(Nc2cc(F)cc(CS(=N)(=O)C3CC3)c2)ncc1F,6.3872161432802645,True,<rdkit.Chem.rdchem.Mol object at 0x735c78f7bbc0>,False
CHEMBL4214898,CDK1,411.9,nM,CCN1CCN(Cc2ccc(Nc3cc(-c4cc(F)c5nc(C)n(C(C)C)c5c4)ncn3)nc2)CC1,6.385208208043583,True,<rdkit.Chem.rdchem.Mol object at 0x735c78f7bc30>,False
CHEMBL248370,CDK2,412.0,nM,CCNC(=O)N1CCC(Nc2ncc(C#N)c(-c3c[nH]c4cc(F)ccc34)n2)CC1,6.3851027839668655,True,<rdkit.Chem.rdchem.Mol object at 0x735c78f7bca0>,False
CHEMBL5517691,CDK2,412.15,nM,CC(=O)Nc1ccc(CNc2nc(O[C@@H]3CCCNC3)nc3c(C(C)C)cnn23)cc1,6.384944695820279,True,<rdkit.Chem.rdchem.Mol object at 0x735c78f7bd10>,False
CHEMBL6044246,CDK2,413.0,nM,Cc1nc2c(F)cc(-c3nc(Nc4ccc5c(n4)CCN(CC(=O)N(C)C)C5)ncc3F)cc2n1C1CC1,6.384049948343598,True,<rdkit.Chem.rdchem.Mol object at 0x735c78f7bd80>,False
CHEMBL4470529,CDK4,417.0,nM,COc1cc(N2CCN(CCN(C)C)C2=O)ccc1Nc1ncc(Cl)c(Nc2ccccc2S(=O)(=O)C(C)C)n1,6.379863945026242,True,<rdkit.Chem.rdchem.Mol object at 0x735c78f7bdf0>,False
CHEMBL3932161,CDK9,417.0,nM,CC[C@@H]1c2c(C3=CCNCC3)[nH]c3nccc(c23)-c2cc(F)ccc2N1C,6.379863945026242,True,<rdkit.Chem.rdchem.Mol object at 0x735c78f7be60>,False
CHEMBL1800462,CDK1,420.0,nM,CN1CCN(c2cc(-c3cc(N4C[C@H](O)[C@@H](O)C4)ccc3O)nc(N)n2)CC1,6.376750709602099,True,<rdkit.Chem.rdchem.Mol object at 0x735c78f7bf40>,False
CHEMBL5572884,CDK1,420.0,nM,Cc1ccc(O)c(C)c1-n1c(N)c(C(=O)N2CCn3nccc3C2)c2nc(C)c(C)nc21,6.376750709602099,True,<rdkit.Chem.rdchem.Mol object at 0x735c78f180b0>,False
CHEMBL3915748,CDK9,420.0,nM,CN1Cc2c(C3=CCNCC3(C)C)[nH]c3nccc(c23)-c2cc(F)ccc21,6.376750709602099,True,<rdkit.Chem.rdchem.Mol object at 0x735c78f18120>,False
CHEMBL2403083,CDK1,422.0,nM,NC1CCC(Nc2nc(NCc3ccc(-c4cccc(F)c4)cc3)c3ncn(C4CCCC4)c3n2)CC1,6.374687549038326,True,<rdkit.Chem.rdchem.Mol object at 0x735c78f18200>,False
CHEMBL6165559,CDK6,423.0,nM,CC(=O)N1CCN(Cc2ccc(Nc3ncc(F)c(-c4ccc5c(c4)OC4(CCN(C(C)=O)CC4)CC5=O)n3)nc2)CC1,6.373659632624958,True,<rdkit.Chem.rdchem.Mol object at 0x735c78f18270>,False
CHEMBL6144286,CDK1,427.7,nM,Cn1cc(-c2c(Cl)cnc3[nH]c(C4CCNCC4)cc23)cn1,6.368860749743189,True,<rdkit.Chem.rdchem.Mol object at 0x735c78f183c0>,False
CHEMBL365209,CDK2,428.0,nM,Nc1nc2ccc(C(=O)c3ccccc3Cl)cn2c1C(=O)c1c(F)cccc1F,6.368556230986828,True,<rdkit.Chem.rdchem.Mol object at 0x735c78f18430>,False
CHEMBL3916775,CDK2,430.0,nM,CNC(=O)N=S(C)(=O)Cc1cccc(Nc2ncc(F)c(-c3ccc(F)cc3OC)n2)c1,6.366531544420413,True,<rdkit.Chem.rdchem.Mol object at 0x735c78f184a0>,False
CHEMBL3641969,CDK4,430.0,nM,CNC1CCN(c2ccc(Nc3ncc4c5ccncc5n(C[C@H](C)O)c4n3)nn2)CC1,6.366531544420413,True,<rdkit.Chem.rdchem.Mol object at 0x735c78f18580>,False
CHEMBL77369,CDK1,430.0,nM,CC(C)n1cnc2c(Nc3cccc(Cl)c3)nc(N3CCC[C@@H]3CO)nc21,6.366531544420413,True,<rdkit.Chem.rdchem.Mol object at 0x735c78f185f0>,False
CHEMBL3823030,CDK1,430.0,nM,Cc1nn(C2CCN(C(=O)[C@@H](C)O)CC2)c(C)c1Nc1ncc(Cl)c(-c2cnn3ccccc23)n1,6.366531544420413,True,<rdkit.Chem.rdchem.Mol object at 0x735c78f18660>,False
CHEMBL3085248,CDK1,430.0,nM,CC(C)n1cnc2c(Nc3ccc(Cl)c(Cl)c3)nc(N3CCC[C@@H]3CO)nc21,6.366531544420413,True,<rdkit.Chem.rdchem.Mol object at 0x735c78f186d0>,False
CHEMBL3085245,CDK1,430.0,nM,CC(C)n1cnc2c(NCc3ccc(Cl)c(Cl)c3)nc(N3CCC[C@@H]3CO)nc21,6.366531544420413,True,<rdkit.Chem.rdchem.Mol object at 0x735c78f18740>,False
CHEMBL5751605,CDK9,430.0,nM,O=C(Nc1cc(-c2ccc3c(c2)N(CC2CCCN2)CC3)c(Cl)cn1)C1CCCNC1,6.366531544420413,True,<rdkit.Chem.rdchem.Mol object at 0x735c78f187b0>,False
CHEMBL3698727,CDK4,430.0,nM,c1cc2c3cnc(Nc4ccc(NCC5CNC5)nn4)nc3n(C3CCCC3)c2cn1,6.366531544420413,True,<rdkit.Chem.rdchem.Mol object at 0x735c78f18820>,False
CHEMBL5849915,CDK9,430.0,nM,O=C(Nc1cc(-c2ccc3ncn(CC4CCOCC4)c3c2)c(Cl)cn1)[C@H]1CCN1,6.366531544420413,True,<rdkit.Chem.rdchem.Mol object at 0x735c78f18890>,False
CHEMBL194028,CDK1,430.0,nM,Fc1cnc(Nc2ccc3[nH]cnc3c2)nc1Nc1ccc2[nH]cnc2c1,6.366531544420413,True,<rdkit.Chem.rdchem.Mol object at 0x735c78f18900>,False
CHEMBL3668376,CDK9,430.0,nM,COc1ccc(F)cc1-c1ccnc2[nH]c(C3CCCN3C)cc12,6.366531544420413,True,<rdkit.Chem.rdchem.Mol object at 0x735c78f18970>,False
CHEMBL5558295,CDK2,433.6,nM,CC(=O)Nc1ccc(CNc2nc(O[C@H]3CCCNC3)nc3c(C(C)C)cnn23)cc1,6.36291072646967,True,<rdkit.Chem.rdchem.Mol object at 0x735c78f189e0>,False
CHEMBL5518081,CDK2,436.8,nM,CC(=O)Nc1ccc(CNc2nc(NC3COC3)nc3c(C(C)C)cnn23)cc1,6.359717370303319,True,<rdkit.Chem.rdchem.Mol object at 0x735c78f18a50>,False
CHEMBL234451,CDK1,439.0,nM,Cc1nc(C)c(-c2nc(Nc3ccc(CCN(C)C)cc3)ncc2Cl)s1,6.357535479757878,True,<rdkit.Chem.rdchem.Mol object at 0x735c78f18ac0>,False
CHEMBL5558178,CDK1,439.2,nM,CC(C)n1nnc2ccc(-c3ccnc(Nc4cc(C(=O)N5CCCN(C)CC5)ccn4)c3)cc21,6.357337668557964,True,<rdkit.Chem.rdchem.Mol object at 0x735c78f18ba0>,False
CHEMBL171975,CDK1,440.0,nM,CCn1cnc2c(Nc3cccc(F)c3)nc(NCCO)nc21,6.356547323513812,True,<rdkit.Chem.rdchem.Mol object at 0x735c78f18c10>,False
CHEMBL6028204,CDK9,440.0,nM,CN(C)CCCn1cnc2ccc(-c3cc(NC(=O)[C@@H]4CCCNC4)ncc3Cl)cc21,6.356547323513812,True,<rdkit.Chem.rdchem.Mol object at 0x735c78f18c80>,False
CHEMBL4758821,CDK9,440.0,nM,CC(=O)N[C@@H]1CCC[C@H](C(=O)Nc2cc(-c3cnn(C)c3C)c(Cl)cn2)C1,6.356547323513812,True,<rdkit.Chem.rdchem.Mol object at 0x735c78f18cf0>,False
CHEMBL336242,CDK2,440.0,nM,O=C(Nc1cc(CN[C@H]2Cc3ccc(Cl)cc3C2)n[nH]1)Nc1cccc2c1[C@@H]1CCCN1C2=O,6.356547323513812,True,<rdkit.Chem.rdchem.Mol object at 0x735c78f18d60>,False
CHEMBL361196,CDK2,440.0,nM,O=C(Nc1ncnc2oc(-c3cccnc3)cc12)C1CC1,6.356547323513812,True,<rdkit.Chem.rdchem.Mol object at 0x735c78f18e40>,False
CHEMBL4062453,CDK4,441.0,nM,CN(C)CCn1cc(-c2ccn3c(-c4ccc(C(N)=O)c(OCc5cccc(F)c5)c4)cnc3c2)cn1,6.355561410532161,True,<rdkit.Chem.rdchem.Mol object at 0x735c78f18eb0>,False
CHEMBL5979966,CDK1,443.0,nM,Cc1nc2c(F)cc(-c3nc(Nc4ccc5c(n4)CCN(CCN4CCN(C)CC4)C5)ncc3F)cc2n1C(C)(C)C,6.3535962737769305,True,<rdkit.Chem.rdchem.Mol object at 0x735c78f18f20>,False
CHEMBL1800463,CDK2,450.0,nM,Nc1nc(NCCN2CCOCC2)cc(-c2cc(N3C[C@H](O)[C@@H](O)C3)ccc2O)n1,6.346787486224656,True,<rdkit.Chem.rdchem.Mol object at 0x735c78f18f90>,False
CHEMBL14762,CDK1,450.0,nM,CC[C@H](CO)Nc1nc(NCc2ccccc2)c2ncn(C(C)C)c2n1,6.346787486224656,True,<rdkit.Chem.rdchem.Mol object at 0x735c78f19070>,False
CHEMBL176488,CDK1,450.0,nM,CCn1cnc2c(Nc3ccc(F)cc3)nc(NCCN)nc21,6.346787486224656,True,<rdkit.Chem.rdchem.Mol object at 0x735c78f190e0>,False
CHEMBL3823030,CDK9,450.0,nM,Cc1nn(C2CCN(C(=O)[C@@H](C)O)CC2)c(C)c1Nc1ncc(Cl)c(-c2cnn3ccccc23)n1,6.346787486224656,True,<rdkit.Chem.rdchem.Mol object at 0x735c78f19150>,False
CHEMBL3668436,CDK9,450.0,nM,CN1CCC(c2cc3c(-c4nc(NCC5CCNCC5)ccc4Cl)ccnc3[nH]2)CC1,6.346787486224656,True,<rdkit.Chem.rdchem.Mol object at 0x735c78f191c0>,False
CHEMBL2064628,CDK2,450.0,nM,CN(C)C[C@@H](OC(=O)N1Cc2c(NC(=O)C(C)(C)C)n[nH]c2C1(C)C)c1ccccc1,6.346787486224656,True,<rdkit.Chem.rdchem.Mol object at 0x735c78f19230>,False
CHEMBL521871,CDK2,450.0,nM,CN(C)CC(O)COc1ccc(Nc2nccc(-c3cnn4nc(N5CCOCC5)ccc34)n2)cc1,6.346787486224656,True,<rdkit.Chem.rdchem.Mol object at 0x735c78f19310>,False
CHEMBL182419,CDK2,450.0,nM,O=C(Nc1ncnc2oc(-c3cccnc3)cc12)C1CCCC1,6.346787486224656,True,<rdkit.Chem.rdchem.Mol object at 0x735c78f193f0>,False
CHEMBL540874,CDK1,450.0,nM,CCn1cnc2c(Nc3ccc(F)cc3)nc(NCCN)nc21.Cl,6.346787486224656,True,<rdkit.Chem.rdchem.Mol object at 0x735c78f19460>,False
CHEMBL232749,CDK1,450.0,nM,Cc1cc(N2CCCS2(=O)=O)c2oc(-c3ccc(O)cc3)c(O)c(=O)c2c1,6.346787486224656,True,<rdkit.Chem.rdchem.Mol object at 0x735c78f194d0>,False
CHEMBL488436,CDK4,450.0,nM,Cc1ncc(-c2ccnc(Nc3ccc(S(C)(=O)=O)cc3)n2)n1C(C)C,6.346787486224656,True,<rdkit.Chem.rdchem.Mol object at 0x735c78f19540>,False
CHEMBL1271564,CDK4,451.0,nM,CC(C)c1n[nH]cc1-c1ccnc(Nc2ccc(N3CCNCC3)cn2)n1,6.345823458122039,True,<rdkit.Chem.rdchem.Mol object at 0x735c78f195b0>,False
CHEMBL189047,CDK2,455.0,nM,C[C@@H](C(=O)Nc1cc(C2CC2)[nH]n1)c1ccc(N2CCNC2=O)cc1,6.341988603342887,True,<rdkit.Chem.rdchem.Mol object at 0x735c78f19690>,False
CHEMBL5404411,CDK2,455.48,nM,COc1ccc(Cc2nnc(N3CCN(C(=O)c4ccccc4)CC3)c3ccccc23)cc1,6.34153068802212,True,<rdkit.Chem.rdchem.Mol object at 0x735c78f19700>,False
CHEMBL296468,CDK9,458.0,nM,CC(C)(C)c1cnc(CSc2cnc(NC(=O)C3CCNCC3)s2)o1,6.339134521996131,True,<rdkit.Chem.rdchem.Mol object at 0x735c78f19770>,False
CHEMBL2158861,CDK2,460.0,nM,CNC(=O)Nc1ccc(-c2cc(-c3ccnc(Nc4ccc(C)c(S(=O)(=O)N(C)C)c4)n3)ccn2)cc1,6.337242168318426,True,<rdkit.Chem.rdchem.Mol object at 0x735c78f197e0>,False
CHEMBL5203908,CDK2,460.0,nM,CNS(=O)(=O)c1ccc(Nc2ncc3c(n2)N([C@@H](C)C2CC2)C(=O)C32CC2)cc1,6.337242168318426,True,<rdkit.Chem.rdchem.Mol object at 0x735c78f19850>,False
CHEMBL5190590,CDK2,460.0,nM,CNS(=O)(=O)c1ccc(Nc2ncc3c(n2)N(c2cc(F)ccc2Cl)C(=O)C32CC2)cc1,6.337242168318426,True,<rdkit.Chem.rdchem.Mol object at 0x735c78f198c0>,False
CHEMBL578201,CDK2,460.0,nM,Cc1cc(Nc2nc(N[C@@H](C)c3ccc(F)cn3)c(C#N)nc2C)n[nH]1,6.337242168318426,True,<rdkit.Chem.rdchem.Mol object at 0x735c78f19930>,False
CHEMBL233380,CDK1,461.0,nM,CN(C)CCc1ccc(Nc2ncc(Cl)c(-c3cccs3)n2)cc1,6.336299074610352,True,<rdkit.Chem.rdchem.Mol object at 0x735c78f199a0>,False
CHEMBL402548,CDK2,462.0,nM,CO[C@@H](C(=O)N1Cc2[nH]nc(NC(=O)c3ccc(N4CCN(C)CC4)cc3)c2C1)c1ccccc1,6.335358024443874,True,<rdkit.Chem.rdchem.Mol object at 0x735c78f19af0>,False
CHEMBL3684994,CDK4,463.0,nM,CC(=O)N1Cc2ccc(Nc3ncc4c5ccncc5n([C@H]5CC[C@H](C)CC5)c4n3)nc2[C@@H](C)C1,6.334419008982047,True,<rdkit.Chem.rdchem.Mol object at 0x735c78f19b60>,False
CHEMBL6146319,CDK6,465.0,nM,CN1CCN(c2ccc(Nc3ncc(F)c(-c4ccc5c(c4)OC4(CCC6(CC4)OCCO6)CC5=O)n3)nc2)CC1,6.332547047110046,True,<rdkit.Chem.rdchem.Mol object at 0x735c78f19c40>,False
CHEMBL379193,CDK1,466.0,nM,CCOC(=O)CCC(=O)NS(=O)(=O)c1ccc(Nc2nc(N)n(C(=O)c3c(F)cccc3F)n2)cc1,6.33161408331,True,<rdkit.Chem.rdchem.Mol object at 0x735c78f19cb0>,False
CHEMBL1272171,CDK4,468.0,nM,CC(C)c1n[nH]c(C(F)(F)F)c1-c1ccnc(Nc2ccc(N3CCC(N(C)C)CC3)cn2)n1,6.329754146925875,True,<rdkit.Chem.rdchem.Mol object at 0x735c78f19d90>,False
CHEMBL5402829,CDK2,470.0,nM,O=C(Nc1cnccc1-c1ccc(F)cc1)c1ccnc(Nc2ccc(F)cc2)n1,6.327902142064282,True,<rdkit.Chem.rdchem.Mol object at 0x735c78f19e00>,False
CHEMBL5846717,CDK9,470.0,nM,O=C(Nc1cc(-c2ccc3c(c2)N(Cc2cccc4c2OCCO4)CC3)c(Cl)cn1)C1CCCNC1,6.327902142064282,True,<rdkit.Chem.rdchem.Mol object at 0x735c78f19e70>,False
CHEMBL5202653,CDK2,470.0,nM,CC(=O)N(c1ccc(-c2cnn(C)c2)cc1)C1CCC(Nc2ccc(C#N)cn2)CC1,6.327902142064282,True,<rdkit.Chem.rdchem.Mol object at 0x735c78f19f50>,False
CHEMBL4439321,CDK2,470.0,nM,COc1cc(F)ccc1-c1ncnc(Nc2cccc(C[S@](C)(=N)=O)c2)n1,6.327902142064282,True,<rdkit.Chem.rdchem.Mol object at 0x735c78f19fc0>,False
CHEMBL5072926,CDK9,470.0,nM,Cc1nc2ccc(-c3cc(N)nc(N)c3)nc2n1CCC1CCCCC1,6.327902142064282,True,<rdkit.Chem.rdchem.Mol object at 0x735c78f1a030>,False
CHEMBL5974351,CDK9,470.0,nM,CN1CCC(CN2CCc3ccc(-c4cc(NC(=O)C5CCCNC5)ncc4Cl)cc32)CC1,6.327902142064282,True,<rdkit.Chem.rdchem.Mol object at 0x735c78f1a0a0>,False
CHEMBL245174,CDK1,470.0,nM,N#Cc1cnc(Nc2ccc(CCO)cc2)nc1-c1cccs1,6.327902142064282,True,<rdkit.Chem.rdchem.Mol object at 0x735c78f1a110>,False
CHEMBL3641917,CDK4,470.0,nM,C[C@@H](O)Cn1c2cnccc2c2cnc(Nc3ccc(N4CC[C@@H](O)C4)cn3)nc21,6.327902142064282,True,<rdkit.Chem.rdchem.Mol object at 0x735c78f1a180>,False
CHEMBL3354192,CDK2,476.0,nM,COC1CCN(c2nccc(Nc3cc4c(C(C)C)n[nH]c4cn3)n2)CC1,6.3223930472795065,True,<rdkit.Chem.rdchem.Mol object at 0x735c78f1a260>,False
CHEMBL3698718,CDK4,477.0,nM,CC1CCN(c2cnc(Nc3ncc4c5ccncc5n(C5CCCC5)c4n3)cn2)C1,6.321481620959887,True,<rdkit.Chem.rdchem.Mol object at 0x735c78f1a340>,False
CHEMBL6065800,CDK1,478.0,nM,CN1CCN(S(=O)(=O)c2ccc(Nc3ncc4cc5n(c4n3)C3(CCCCC3)C(=O)NN5)cc2)CC1,6.320572103387882,True,<rdkit.Chem.rdchem.Mol object at 0x735c78f1a3b0>,False
CHEMBL3644031,CDK2,480.0,nM,CS(=O)(=O)c1ccc(Nc2ncc(C(F)(F)F)c(OC3CCCCC3)n2)cc1,6.318758762624412,True,<rdkit.Chem.rdchem.Mol object at 0x735c78f1a420>,False
CHEMBL385362,CDK4,480.0,nM,O=C1c2cccc(-c3nc4ccccc4nc3O)c2C2CCCN12,6.318758762624412,True,<rdkit.Chem.rdchem.Mol object at 0x735c78f1a490>,False
CHEMBL296468,CDK1,480.0,nM,CC(C)(C)c1cnc(CSc2cnc(NC(=O)C3CCNCC3)s2)o1,6.318758762624412,True,<rdkit.Chem.rdchem.Mol object at 0x735c78f1a500>,False
CHEMBL4742985,CDK2,480.0,nM,NC(=O)c1cccc(Nc2nc(OCC3CCCCC3)c3nc[nH]c3n2)c1,6.318758762624412,True,<rdkit.Chem.rdchem.Mol object at 0x735c78f1a5e0>,False
CHEMBL260928,CDK2,484.0,nM,O=C(Nc1n[nH]c2cc(-c3ccsc3)ccc12)C1CC1,6.315154638355588,True,<rdkit.Chem.rdchem.Mol object at 0x735c78f1a650>,False
CHEMBL6033665,CDK2,486.0,nM,Cc1nc2c(F)cc(-c3nc(Nc4ccc5c(n4)CCNC5)ncc3F)cc2n1C,6.313363730737707,True,<rdkit.Chem.rdchem.Mol object at 0x735c78f1a6c0>,False
CHEMBL4740156,CDK9,488.5,nM,Cc1ccc(-c2ccnc(Nc3ccc4c(c3)N(C(C)C)[C@H](C)C(=O)N4C)n2)cc1,6.311135431945209,True,<rdkit.Chem.rdchem.Mol object at 0x735c78f1a730>,False
CHEMBL103039,CDK2,490.0,nM,NS(=O)(=O)c1ccc(Nc2cc(-c3cccc(N4CCOCC4)c3)[nH]n2)cc1,6.309803919971486,True,<rdkit.Chem.rdchem.Mol object at 0x735c78f1a7a0>,False
CHEMBL3673498,CDK9,490.0,nM,CS(=O)(=O)N1CC=C(c2cc3c(-c4cccc(NCc5ccccc5Cl)n4)ccnc3[nH]2)CC1,6.309803919971486,True,<rdkit.Chem.rdchem.Mol object at 0x735c78f1a810>,False
CHEMBL515854,CDK4,490.0,nM,COCCS(=O)(=O)c1ccc(Nc2nccc(-c3cnc(C)n3C(C)C)n2)cc1,6.309803919971486,True,<rdkit.Chem.rdchem.Mol object at 0x735c78f1a8f0>,False
CHEMBL3663756,CDK9,490.0,nM,COc1ccc(NCc2ccccc2)nc1-c1ccnc2[nH]c(C3CCCNC3)cc12,6.309803919971486,True,<rdkit.Chem.rdchem.Mol object at 0x735c78f1a960>,False
CHEMBL5832698,CDK1,491.0,nM,Cc1nc2c(F)cc(-c3nc(Nc4ccc5c(n4)CCN(C(=O)[C@@H](C)N(C)C)C5)ncc3F)cc2n1C1CC1,6.308918507877031,True,<rdkit.Chem.rdchem.Mol object at 0x735c78f1a9d0>,False
CHEMBL3822858,CDK2,494.0,nM,COc1nn(C2CCN(C(C)=O)CC2)cc1Nc1ncc(Cl)c(-c2cnc3ccccn23)n1,6.306273051076353,True,<rdkit.Chem.rdchem.Mol object at 0x735c78f1aa40>,False
CHEMBL209280,CDK1,494.0,nM,Nc1nc(Nc2ccc(S(=O)(=O)NC(=O)CCC(=O)O)cc2)nn1C(=O)c1c(F)cccc1F,6.306273051076353,True,<rdkit.Chem.rdchem.Mol object at 0x735c78f1aab0>,False
CHEMBL260929,CDK2,497.0,nM,O=C(Nc1n[nH]c2cc(-c3ccc[nH]3)ccc12)C1CC1,6.303643611266668,True,<rdkit.Chem.rdchem.Mol object at 0x735c78f1ab20>,False
CHEMBL5285145,CDK2,499.0,nM,N[C@@H](COc1cncc(-c2ccc3[nH]nc(NC(=O)c4ccccc4)c3c2)c1)Cc1ccccc1,6.30189945437661,True,<rdkit.Chem.rdchem.Mol object at 0x735c78f1ab90>,False
CHEMBL4462530,CDK4,499.0,nM,CC(=O)N[C@@H]1CCC[C@H](C(=O)Nc2cc(-c3cnn4c3CC(C)(C)C4)c(Cl)cn2)C1,6.30189945437661,True,<rdkit.Chem.rdchem.Mol object at 0x735c78f1ac00>,False
CHEMBL497196,CDK4,500.0,nM,c1cc(-c2cnn3nc(N4CCCC4)ccc23)nc(NC2CC2)n1,6.301029995663981,True,<rdkit.Chem.rdchem.Mol object at 0x735c78f1ac70>,False
CHEMBL100391,CDK2,500.0,nM,CN(C)CC(O)COc1ccc(Nc2ncc(Cl)c(Nc3ccccc3)n2)cc1,6.301029995663981,True,<rdkit.Chem.rdchem.Mol object at 0x735c78f1ace0>,False
CHEMBL2029903,CDK1,500.0,nM,CN1CCN(C(=O)c2cc(Nc3ncc4cc(C(N)=O)n(C5CCCC5)c4n3)cn2C)CC1,6.301029995663981,True,<rdkit.Chem.rdchem.Mol object at 0x735c78f1aea0>,False
CHEMBL257625,CDK2,500.0,nM,CCNc1ccc2[nH]nc(NC(=O)Cc3ccccc3)c2c1,6.301029995663981,True,<rdkit.Chem.rdchem.Mol object at 0x735c78f1af10>,False
CHEMBL193456,CDK2,500.0,nM,CN(C)S(=O)(=O)c1ccc(Nc2ccc(C(=O)c3c(F)cccc3F)c(N)n2)cc1,6.301029995663981,True,<rdkit.Chem.rdchem.Mol object at 0x735c78f1af80>,False
CHEMBL3698677,CDK6,500.0,nM,COc1cc2c3cnc(Nc4ccc(N5CCNCC5)cn4)nc3n(C3CCCC3)c2cn1,6.301029995663981,True,<rdkit.Chem.rdchem.Mol object at 0x735c78f1aff0>,False
CHEMBL3655769,CDK9,500.0,nM,CC[C@H](Nc1nc(NC2CCC2)c2ncn(C(C)C)c2n1)[C@@H](C)O,6.301029995663981,True,<rdkit.Chem.rdchem.Mol object at 0x735c78f1b1b0>,False
CHEMBL317378,CDK4,500.0,nM,CN(C)CC(O)COc1ccc(Nc2cc(N(CCC#N)c3cc(Cl)ccc3Cl)ncn2)cc1,6.301029995663981,True,<rdkit.Chem.rdchem.Mol object at 0x735c78f1b220>,False
CHEMBL107530,CDK2,500.0,nM,Nc1nc(Nc2cccc(Br)c2)nc(OCC2CCCCC2)c1N=O,6.301029995663981,True,<rdkit.Chem.rdchem.Mol object at 0x735c78f1b290>,False
CHEMBL3798762,CDK1,500.0,nM,CN(C)C(=O)c1cccc(-c2cnc(N)c(-c3nc4cccc(N5CCNCC5)c4n3C)n2)c1,6.301029995663981,True,<rdkit.Chem.rdchem.Mol object at 0x735c78f1b300>,False
CHEMBL1172241,CDK2,500.0,nM,Cc1cc(CNC(=O)c2nn(CCCN)c3c2CCc2cnc(Nc4cccc(CC(=O)N(C)C)c4)nc2-3)ccn1,6.301029995663981,True,<rdkit.Chem.rdchem.Mol object at 0x735c78f1b370>,False
CHEMBL333605,CDK2,500.0,nM,O=C(Nc1cc(C2CC2)[nH]n1)c1cccc(C(F)(F)F)c1,6.301029995663981,True,<rdkit.Chem.rdchem.Mol object at 0x735c78f1b3e0>,False
CHEMBL3702229,CDK4,500.0,nM,CC[C@H](C)n1c2cnccc2c2cnc(Nc3ccc(N4CCN[C@@H](C)C4)cn3)nc21,6.301029995663981,True,<rdkit.Chem.rdchem.Mol object at 0x735c78f1b450>,False
CHEMBL5965407,CDK9,500.0,nM,O=C(Nc1cc(-c2ccc3c(c2)N(Cc2ccc4ncccc4c2)CC3)c(Cl)cn1)C1CCCNC1,6.301029995663981,True,<rdkit.Chem.rdchem.Mol object at 0x735c78f1b4c0>,False
CHEMBL319103,CDK1,501.0,nM,NS(=O)(=O)c1ccc(Nc2cc(-c3cccc(NS(=O)(=O)c4ccccc4)c3)[nH]n2)cc1,6.300162274132754,True,<rdkit.Chem.rdchem.Mol object at 0x735c78f1b5a0>,False
CHEMBL421578,CDK1,501.0,nM,CS(=O)(=O)Nc1cccc(-c2cc(Nc3ccc(S(N)(=O)=O)cc3)[nH]n2)c1,6.300162274132754,True,<rdkit.Chem.rdchem.Mol object at 0x735c78f1b610>,False
CHEMBL496568,CDK2,503.0,nM,CC(C)(C)c1cnc(CSc2cnc(N[C@H]3CC[C@@H](N)CC3)s2)o1,6.298432014944073,True,<rdkit.Chem.rdchem.Mol object at 0x735c78f1b6f0>,False
CHEMBL3352835,CDK2,503.0,nM,COC1CCN(c2nccc(Nc3cc(NC(=O)c4c(Cl)cccc4Cl)ccn3)n2)CC1,6.298432014944073,True,<rdkit.Chem.rdchem.Mol object at 0x735c78f1b760>,False
CHEMBL5425180,CDK9,504.0,nM,Nc1nc(NCCc2ccccc2)nc(-c2cc(Cl)ccc2O)n1,6.297569463554474,True,<rdkit.Chem.rdchem.Mol object at 0x735c78f1b7d0>,False
CHEMBL5875150,CDK1,505.0,nM,CNC(=O)c1ccc(Nc2ncc3cc4n(c3n2)C2(CCCCC2)C(=O)NN4)cc1,6.296708621881338,True,<rdkit.Chem.rdchem.Mol object at 0x735c78f1b840>,False
CHEMBL5903534,CDK9,510.0,nM,Fc1cccc(Cn2cnc3ccc(-c4cc(N[C@H]5CC[C@@]56CCCNC6)ncc4Cl)cc32)c1,6.292429823902063,True,<rdkit.Chem.rdchem.Mol object at 0x735c78f1b8b0>,False
CHEMBL3663808,CDK9,510.0,nM,COc1cc(F)ccc1-c1ccnc2[nH]c(C3CN(C)CCO3)cc12,6.292429823902063,True,<rdkit.Chem.rdchem.Mol object at 0x735c78f1b920>,False
CHEMBL3959867,CDK2,510.0,nM,CCOc1cc(F)ccc1-c1nc(Nc2cc(F)cc(CS(C)(=N)=O)c2)ncc1F,6.292429823902063,True,<rdkit.Chem.rdchem.Mol object at 0x735c78f1b990>,False
CHEMBL5417190,CDK2,515.17,nM,COc1ccc(Cc2nnc(N3CCN(C(=O)Nc4ccccc4)CC3)c3ccccc23)cc1,6.288049435271313,True,<rdkit.Chem.rdchem.Mol object at 0x735c78f1ba00>,False
CHEMBL2158865,CDK2,520.0,nM,CNC(=O)Nc1ccc(-c2cc(-c3ccnc(Nc4ccc(Cl)c(S(=O)(=O)N(C)C)c4)n3)ccn2)cc1,6.2839966563652006,True,<rdkit.Chem.rdchem.Mol object at 0x735c78f1bb50>,False
CHEMBL5842330,CDK9,520.0,nM,Nc1ncc(CNc2cc(-c3ccc4ncn(Cc5cccc(F)c5)c4c3)c(Cl)cn2)cn1,6.2839966563652006,True,<rdkit.Chem.rdchem.Mol object at 0x735c78f1bbc0>,False
CHEMBL3702126,CDK4,520.0,nM,O=C(O)c1ccc(Nc2ncc3c4ccnc(O)c4n(C4CCCC4)c3n2)nc1,6.2839966563652006,True,<rdkit.Chem.rdchem.Mol object at 0x735c78f1bca0>,False
CHEMBL3655763,CDK2,520.0,nM,CC[C@H](Nc1nc(NCc2ccc(C)nc2)c2ncn(C(C)C)c2n1)[C@@H](C)O,6.2839966563652006,True,<rdkit.Chem.rdchem.Mol object at 0x735c78f1bd10>,False
CHEMBL3702106,CDK6,520.0,nM,COc1cc2c3cnc(Nc4ccc(N5CCNCC5)cn4)nc3n(C3CCCC3)c2nn1,6.2839966563652006,True,<rdkit.Chem.rdchem.Mol object at 0x735c78f1bdf0>,False
CHEMBL4780912,CDK9,520.0,nM,CC(=O)N[C@@H]1CCC[C@H](C(=O)Nc2cc(-c3cnn4c3CCCC4)ccn2)C1,6.2839966563652006,True,<rdkit.Chem.rdchem.Mol object at 0x735c78f1be60>,False
CHEMBL5081097,CDK6,524.0,nM,CN(C)c1cnc2ccc(-c3ccnc(Nc4ccc(N5CCNCC5)cn4)n3)cc2n1,6.280668713016274,True,<rdkit.Chem.rdchem.Mol object at 0x735c78f0bf40>,False
CHEMBL522563,CDK2,530.0,nM,O=C(Nc1c[nH]nc1-c1nc2ccc(CN3CCOCC3)cc2[nH]1)c1ccc(F)cc1,6.275724130399211,True,<rdkit.Chem.rdchem.Mol object at 0x735c78f0be60>,False
CHEMBL3354191,CDK2,530.0,nM,COC1CCN(c2nccc(Nc3cc4c(cn3)c(N)nn4C(C)C)n2)CC1,6.275724130399211,True,<rdkit.Chem.rdchem.Mol object at 0x735c78f0bdf0>,False
CHEMBL6000032,CDK9,530.0,nM,CN(CCO)C(=O)[C@H]1CCC[C@@H](C(=O)Nc2cc(-c3ccc4ncn(CC5CCOCC5)c4c3)c(Cl)cn2)C1,6.275724130399211,True,<rdkit.Chem.rdchem.Mol object at 0x735c78f0bc30>,False
CHEMBL4788016,CDK9,530.0,nM,CC(=O)N[C@@H]1CCC[C@H](C(=O)Nc2cc(-c3cnn4c3CCC4)c(Cl)cn2)C1,6.275724130399211,True,<rdkit.Chem.rdchem.Mol object at 0x735c78f0bb50>,False
CHEMBL515839,CDK4,530.0,nM,Cc1ncc(-c2ccnc(Nc3ccc(S(=O)(=O)CC4CCCO4)cc3)n2)n1C(C)C,6.275724130399211,True,<rdkit.Chem.rdchem.Mol object at 0x735c78f0ba70>,False
CHEMBL4754081,CDK6,532.0,nM,CC(=O)N[C@@H]1CCC[C@H](C(=O)Nc2cc(-c3cnn4c3CC(C)(C)C4)c(F)cn2)C1,6.274088367704952,True,<rdkit.Chem.rdchem.Mol object at 0x735c78f0ba00>,False
CHEMBL509772,CDK2,538.0,nM,CC(C)(C)c1cnc(CSc2cnc(NC3CCNCC3)s2)o1,6.269217724333611,True,<rdkit.Chem.rdchem.Mol object at 0x735c78f0b990>,False
CHEMBL249501,CDK1,540.0,nM,O=C(O)c1cccc2[nH]c(-c3n[nH]c4ncc(-c5cncc6ccccc56)cc34)nc12,6.267606240177031,True,<rdkit.Chem.rdchem.Mol object at 0x735c78f0b7d0>,False
CHEMBL5188442,CDK1,540.0,nM,COc1cc(F)ccc1-c1ccnc2[nH]c(-c3ccc(CN4CCOCC4)cc3)nc12,6.267606240177031,True,<rdkit.Chem.rdchem.Mol object at 0x735c78f0b760>,False
CHEMBL5779561,CDK9,540.0,nM,CC(C)(C)OC(=O)Nc1cc(-c2ccc3ncn(Cc4cccc(F)c4)c3c2)c(Cl)cn1,6.267606240177031,True,<rdkit.Chem.rdchem.Mol object at 0x735c78f0b5a0>,False
CHEMBL3947668,CDK9,540.0,nM,CN1c2ccc(F)cc2-c2ccnc3[nH]c(C4=CCNCC4)c(c23)C1C(=O)O,6.267606240177031,True,<rdkit.Chem.rdchem.Mol object at 0x735c78f0b450>,False
CHEMBL5920175,CDK9,540.0,nM,O=C(Nc1cc(-c2ccc3nnn(CCN(CCO)CCO)c3c2)c(Cl)cn1)[C@@H]1CCCNC1,6.267606240177031,True,<rdkit.Chem.rdchem.Mol object at 0x735c78f0b3e0>,False
CHEMBL392743,CDK1,540.0,nM,CN(C)CCc1ccc(Nc2ncc(Cl)c(-c3cccc4[nH]ccc34)n2)cc1,6.267606240177031,True,<rdkit.Chem.rdchem.Mol object at 0x735c78f0b370>,False
CHEMBL5080781,CDK6,544.0,nM,Cc1nc2ccc(-c3nc(Nc4ccc(C(=O)N5CCN(C(C)C)CC5)cn4)ncc3F)cc2nc1C,6.26440110030182,True,<rdkit.Chem.rdchem.Mol object at 0x735c78f0b290>,False
CHEMBL3822943,CDK2,545.0,nM,CCOc1nn(C2CCN(C(C)=O)CC2)cc1Nc1ncc(Cl)c(-c2cnn3ccccc23)n1,6.263603497723357,True,<rdkit.Chem.rdchem.Mol object at 0x735c78f0b220>,False
CHEMBL186952,CDK2,547.0,nM,Nc1nc2ccc(C(=O)c3c(F)cccc3F)cn2c1C(=O)c1cccs1,6.262012673666569,True,<rdkit.Chem.rdchem.Mol object at 0x735c78f0b140>,False
CHEMBL5933703,CDK1,547.0,nM,CNCCN1CCc2nc(Nc3ncc(F)c(-c4cc(F)c5nc(C)n(C6(C)CC6)c5c4)n3)ccc2C1,6.262012673666569,True,<rdkit.Chem.rdchem.Mol object at 0x735c78f0b0d0>,False
CHEMBL5270227,CDK2,550.0,nM,N[C@H](Cc1ccccc1)C(=O)Nc1cncc(-c2ccc3[nH]nc(NC(=O)c4ccccc4)c3c2)c1,6.259637310505756,True,<rdkit.Chem.rdchem.Mol object at 0x735c78f0aff0>,False
CHEMBL6035312,CDK9,550.0,nM,Oc1ccc(CNc2cc(-c3ccc4ncn(Cc5cccc(F)c5)c4c3)c(Cl)cn2)cc1,6.259637310505756,True,<rdkit.Chem.rdchem.Mol object at 0x735c78f0af80>,False
CHEMBL5775765,CDK9,550.0,nM,Cc1ccc(CN2CCc3ccc(-c4cc(NC(=O)C5CCCNC5)ncc4Cl)cc32)cc1,6.259637310505756,True,<rdkit.Chem.rdchem.Mol object at 0x735c78f0af10>,False
CHEMBL297570,CDK9,550.0,nM,CC(C)(C)c1cnc(CSc2cnc(NC(=O)C3CCCNC3)s2)o1,6.259637310505756,True,<rdkit.Chem.rdchem.Mol object at 0x735c78f0aea0>,False
CHEMBL368743,CDK1,550.0,nM,CCn1cnc2c(Nc3ccc(OC)cc3)nc(NCCN)nc21,6.259637310505756,True,<rdkit.Chem.rdchem.Mol object at 0x735c78f0adc0>,False
CHEMBL2348159,CDK2,550.0,nM,Nc1nccc(-n2cc(-c3cc[nH]n3)c3cnccc32)n1,6.259637310505756,True,<rdkit.Chem.rdchem.Mol object at 0x735c78f0ad50>,False
CHEMBL366698,CDK1,550.0,nM,CCn1cnc2c(Nc3cccc(OC)c3)nc(NCCN)nc21,6.259637310505756,True,<rdkit.Chem.rdchem.Mol object at 0x735c78f0ace0>,False
CHEMBL3663782,CDK9,550.0,nM,Clc1ccc(NCC2CCNCC2)nc1-c1ccnc2[nH]c(C3CCNCC3)cc12,6.259637310505756,True,<rdkit.Chem.rdchem.Mol object at 0x735c78f0ac70>,False
CHEMBL245535,CDK2,551.0,nM,CC(=O)NCC(=O)N1CCC(Nc2ncc(Cl)c(-c3c[nH]c4ccccc34)n2)CC1,6.258848401148216,True,<rdkit.Chem.rdchem.Mol object at 0x735c78f0ab90>,False
CHEMBL2403099,CDK1,555.0,nM,CC(C)(O)CNc1nc(NCc2ccc(-c3ccco3)nc2)c2ncn(C3CCCC3)c2n1,6.255707016877324,True,<rdkit.Chem.rdchem.Mol object at 0x735c78f0ab20>,False
CHEMBL392614,CDK2,555.0,nM,CCNC(=O)N1CCC[C@H](Nc2ncc(Cl)c(-c3c[nH]c4ccccc34)n2)C1,6.255707016877324,True,<rdkit.Chem.rdchem.Mol object at 0x735c78f0aab0>,False
CHEMBL5836990,CDK2,558.0,nM,Cc1nc2c(F)cc(-c3nc(Nc4ccc5c(n4)CCNC5)ncc3F)cc2n1C(C)C,6.253365801062421,True,<rdkit.Chem.rdchem.Mol object at 0x735c78f0aa40>,False
CHEMBL5848732,CDK2,558.0,nM,Cc1nc2c(F)cc(-c3nc(Nc4ncc5c(n4)CCNC5)ncc3F)cc2n1C(C)C,6.253365801062421,True,<rdkit.Chem.rdchem.Mol object at 0x735c78f0a9d0>,False
CHEMBL5832698,CDK2,559.0,nM,Cc1nc2c(F)cc(-c3nc(Nc4ccc5c(n4)CCN(C(=O)[C@@H](C)N(C)C)C5)ncc3F)cc2n1C1CC1,6.252588192113577,True,<rdkit.Chem.rdchem.Mol object at 0x735c78f0a960>,False
CHEMBL3934755,CDK2,560.0,nM,CCOC(=O)N=S(C)(=O)Cc1cc(F)cc(Nc2ncc(F)c(-c3ccc(F)cc3OC)n2)c1,6.251811972993799,True,<rdkit.Chem.rdchem.Mol object at 0x735c78f0a880>,False
CHEMBL2158011,CDK2,560.0,nM,CCN(CC)S(=O)(=O)c1cccc(Nc2nccc(-c3ccnc(-c4ccc(NC(=O)NC)cc4)c3)n2)c1,6.251811972993799,True,<rdkit.Chem.rdchem.Mol object at 0x735c78f0a730>,False
CHEMBL557975,CDK1,560.0,nM,CCn1cnc2c(Nc3cccc(C#N)c3)nc(NCCN)nc21.Cl,6.251811972993799,True,<rdkit.Chem.rdchem.Mol object at 0x735c78f0a650>,False
CHEMBL234489,CDK1,560.0,nM,N#Cc1cnc(Nc2ccc(CCO)cc2)nc1-c1nc2ccccc2s1,6.251811972993799,True,<rdkit.Chem.rdchem.Mol object at 0x735c78f0a5e0>,False
CHEMBL175158,CDK1,560.0,nM,CCn1cnc2c(Nc3cccc(C#N)c3)nc(NCCN)nc21,6.251811972993799,True,<rdkit.Chem.rdchem.Mol object at 0x735c78f0a570>,False
CHEMBL193936,CDK1,562.0,nM,FC(F)(F)c1cnc(Nc2ccc3[nH]cnc3c2)nc1Oc1ccc(Br)cc1,6.250263684430939,True,<rdkit.Chem.rdchem.Mol object at 0x735c78f0a420>,False
CHEMBL6192584,CDK6,566.1,nM,CN(C)C(=O)c1cc2cnc(Nc3ccc(-c4nc5c(C(N)=O)cccc5[nH]4)cn3)nc2n1C1CCCC1,6.247106845115406,True,<rdkit.Chem.rdchem.Mol object at 0x735c78f0a3b0>,False
CHEMBL5762588,CDK2,567.0,nM,Cc1nc2c(F)cc(-c3nc(Nc4ccc5c(n4)CCN(CC(C)(C)N)C5)ncc3F)cc2n1C1CC1,6.246416941107094,True,<rdkit.Chem.rdchem.Mol object at 0x735c78f0a2d0>,False
CHEMBL3663790,CDK9,570.0,nM,O=S(=O)(Nc1ccc(Cl)c(-c2ccnc3[nH]c(C4CCNCC4)cc23)c1)c1ccccc1,6.2441251443275085,True,<rdkit.Chem.rdchem.Mol object at 0x735c78f0a180>,False
CHEMBL3673554,CDK9,570.0,nM,COc1ccc(F)cc1-c1ccnc2[nH]c(C3=CCN(CC(=O)OC(C)(C)C)CC3)cc12,6.2441251443275085,True,<rdkit.Chem.rdchem.Mol object at 0x735c78f0a030>,False
CHEMBL3655776,CDK2,570.0,nM,CC(C)n1cnc2c(NCc3cccnc3)nc(NCC(O)C(F)(F)F)nc21,6.2441251443275085,True,<rdkit.Chem.rdchem.Mol object at 0x735c78f09f50>,False
CHEMBL5559108,CDK2,571.5,nM,CC[C@H](CO)Nc1nc(NCc2ccc(NC(=O)C3(F)CC3)cc2)n2ncc(C(C)C)c2n1,6.242983765268699,True,<rdkit.Chem.rdchem.Mol object at 0x735c78f09e70>,False
CHEMBL5590688,CDK9,572.7,nM,CC(C)S(=O)(=O)c1ccccc1Nc1nc([C@H]2CC[C@H](N3CCC3)CC2)ncc1Cl,6.242072816886671,True,<rdkit.Chem.rdchem.Mol object at 0x735c78f09d90>,False
CHEMBL563150,CDK2,574.0,nM,Cn1nc(C(=O)Nc2ccccc2)c2c1-c1nc(Nc3ccccc3)ncc1CC2,6.241088107602026,True,<rdkit.Chem.rdchem.Mol object at 0x735c78f09d20>,False
CHEMBL5816556,CDK1,574.0,nM,NC(=O)c1ccc(Nc2ncc3cc4n(c3n2)C2(CCCCC2)C(=O)NN4)cc1,6.241088107602026,True,<rdkit.Chem.rdchem.Mol object at 0x735c78f09cb0>,False
CHEMBL5280467,CDK2,577.0,nM,O=C(Nc1n[nH]c2ccc(-c3cncc(NC[C@H](CO)c4ccccc4)c3)cc12)c1ccccc1,6.238824186844269,True,<rdkit.Chem.rdchem.Mol object at 0x735c78f09a80>,False
CHEMBL5575890,CDK1,578.0,nM,Cc1ccc(O)c(C)c1-n1c(N)c(C(=O)N2CCc3noc(C)c3C2)c2nc(C)c(C)nc21,6.238072161579471,True,<rdkit.Chem.rdchem.Mol object at 0x735c78f099a0>,False
CHEMBL4579344,CDK1,578.0,nM,Cc1cc(C)c(CNc2nc(N[C@@H](C)[C@@H](C)O)nc3c2ncn3C(C)C)cn1,6.238072161579471,True,<rdkit.Chem.rdchem.Mol object at 0x735c78f09930>,False
CHEMBL4755816,CDK9,578.2,nM,Cc1cc(F)ccc1-c1ccnc(Nc2ccc3c(c2)N(C(C)C)[C@H](C)C(=O)N3C)n1,6.237921912665361,True,<rdkit.Chem.rdchem.Mol object at 0x735c78f098c0>,False
CHEMBL5937860,CDK9,580.0,nM,O=C(Nc1cc(-c2ccc3ncn(CC4CCOCC4)c3c2)c(Cl)cn1)[C@H]1CCC[C@@H](C(=O)N2CC(O)C2)C1,6.236572006437063,True,<rdkit.Chem.rdchem.Mol object at 0x735c78f097e0>,False
CHEMBL2442291,CDK2,580.0,nM,Cc1nnc(-c2cccc(-c3cnn4ccc(NCCN)nc34)c2)o1,6.236572006437063,True,<rdkit.Chem.rdchem.Mol object at 0x735c78f09770>,False
CHEMBL6047121,CDK9,580.0,nM,O=C(Nc1cc(-c2ccc3ncn(CC4CCOCC4)c3c2)c(Cl)cn1)C1C2CNCC21,6.236572006437063,True,<rdkit.Chem.rdchem.Mol object at 0x735c78f09620>,False
CHEMBL3641913,CDK4,580.0,nM,CN(C)C1CCN(c2ccc(Nc3ncc4c5ccncc5n([C@H]5CCC[C@H]5O)c4n3)nc2)CC1,6.236572006437063,True,<rdkit.Chem.rdchem.Mol object at 0x735c78f095b0>,False
CHEMBL3668367,CDK9,580.0,nM,COc1ccc(F)cc1-c1ccnc2[nH]c(C3CCCN3)cc12,6.236572006437063,True,<rdkit.Chem.rdchem.Mol object at 0x735c78f09540>,False
CHEMBL6192441,CDK6,583.4,nM,Cc1ccc(Nc2ncc3cc(C(=O)N(C)C)n(C4CCCC4)c3n2)cc1-c1nc2c(C(N)=O)cccc2[nH]1,6.234033575214286,True,<rdkit.Chem.rdchem.Mol object at 0x735c78f093f0>,False
CHEMBL5874515,CDK1,584.0,nM,Cc1nc2c(F)cc(-c3nc(Nc4ccc5c(n4)CCN(C(=O)[C@@H]4CCCN4C)C5)ncc3F)cc2n1C1CC1,6.2335871528876,True,<rdkit.Chem.rdchem.Mol object at 0x735c78f09380>,False
CHEMBL3656841,CDK1,584.0,nM,COC[C@@H](C)N[C@H]1CC[C@H](Nc2cc(-c3cccc(NCC4(C#N)CCOCC4)n3)c(Cl)cn2)CC1,6.2335871528876,True,<rdkit.Chem.rdchem.Mol object at 0x735c78f09230>,False
CHEMBL5570663,CDK2,585.0,nM,Cn1cc(S(=O)(=O)N2CCC(Nc3ncc(C(F)(F)F)c(-c4cnn(CC(F)(F)F)c4)n3)CC2)cn1,6.232844133917819,True,<rdkit.Chem.rdchem.Mol object at 0x735c78f09150>,False
CHEMBL3702180,CDK4,590.0,nM,CN(C)C1CCN(c2ccc(Nc3ncc4c5ccncc5n(C5CCS(=O)(=O)CC5)c4n3)nn2)CC1,6.229147988357855,True,<rdkit.Chem.rdchem.Mol object at 0x735c78f090e0>,False
CHEMBL507249,CDK2,590.0,nM,O[C@H]1CC[C@H](c2n[nH]cc2-c2ccnc(NC3CCCC3)n2)CC1,6.229147988357855,True,<rdkit.Chem.rdchem.Mol object at 0x735c78f09070>,False
CHEMBL3641917,CDK6,590.0,nM,C[C@@H](O)Cn1c2cnccc2c2cnc(Nc3ccc(N4CC[C@@H](O)C4)cn3)nc21,6.229147988357855,True,<rdkit.Chem.rdchem.Mol object at 0x735c78f08f20>,False
CHEMBL5784486,CDK9,590.0,nM,O=C(O)[C@H]1CC[C@@H](Nc2cc(-c3ccc4ncn(Cc5cccc(F)c5)c4c3)c(Cl)cn2)CC1,6.229147988357855,True,<rdkit.Chem.rdchem.Mol object at 0x735c78f08eb0>,False
CHEMBL210540,CDK1,600.0,nM,Cc1cc(-c2cnc(Nc3cnc(CN4CCN(C)CC4)cn3)s2)nc(OC2CCCCC2)n1,6.221848749616356,True,<rdkit.Chem.rdchem.Mol object at 0x735c78f08d60>,False
CHEMBL14762,CDK2,600.0,nM,CC[C@H](CO)Nc1nc(NCc2ccccc2)c2ncn(C(C)C)c2n1,6.221848749616356,True,<rdkit.Chem.rdchem.Mol object at 0x735c78f08cf0>,False
CHEMBL1242833,CDK2,600.0,nM,CC(C)(C)Nc1nc(C(F)(F)F)nc2ccc(Nc3ccccc3)cc12,6.221848749616356,True,<rdkit.Chem.rdchem.Mol object at 0x735c78f08c10>,False
CHEMBL537838,CDK1,600.0,nM,CCn1cnc2c(Nc3cccc(F)c3)nc(NCCN)nc21.Cl,6.221848749616356,True,<rdkit.Chem.rdchem.Mol object at 0x735c78f08970>,False
CHEMBL439841,CDK1,600.0,nM,CCn1cnc2c(Nc3cccc(F)c3)nc(NCCN)nc21,6.221848749616356,True,<rdkit.Chem.rdchem.Mol object at 0x735c78f08890>,False
CHEMBL420135,CDK2,600.0,nM,COc1cccc(C(=O)Nc2cc(C3CC3)[nH]n2)c1,6.221848749616356,True,<rdkit.Chem.rdchem.Mol object at 0x735c78f08820>,False
CHEMBL98153,CDK1,600.0,nM,O=C1Cc2c([nH]c3ccc(Cl)cc23)-c2ccccc2N1,6.221848749616356,True,<rdkit.Chem.rdchem.Mol object at 0x735c78f087b0>,False
CHEMBL101810,CDK4,600.0,nM,CN(C)CC(O)COc1ccc(Nc2nccc(Nc3cc(C(F)(F)F)ccc3F)n2)cc1,6.221848749616356,True,<rdkit.Chem.rdchem.Mol object at 0x735c78f08740>,False
CHEMBL418985,CDK2,602.0,nM,CS(=O)(=O)Nc1ccc(Nc2cc(-c3cccc(Br)c3)[nH]n2)cc1,6.220403508742176,True,<rdkit.Chem.rdchem.Mol object at 0x735c78f086d0>,False
CHEMBL188673,CDK2,603.0,nM,COc1ccccc1C(=O)c1ccc2nc(N)c(C(=O)c3c(F)cccc3F)n2c1,6.219682687859849,True,<rdkit.Chem.rdchem.Mol object at 0x735c78f08660>,False
CHEMBL3884319,CDK2,605.0,nM,CC1(C)C(=O)N([C@H]2CCc3c(O)cccc32)c2nc(Nc3ccccc3)ncc21,6.2182446253475305,True,<rdkit.Chem.rdchem.Mol object at 0x735c78f085f0>,False
CHEMBL397531,CDK2,605.0,nM,CCNC(=O)N1CCC(Nc2ncc(Cl)c(-c3cnc4ccccn34)n2)CC1,6.2182446253475305,True,<rdkit.Chem.rdchem.Mol object at 0x735c78f08580>,False
CHEMBL1081629,CDK2,607.0,nM,Cc1cc2cc(-c3nnc(NC[C@@H](N)Cc4ccc(C(F)(F)F)cc4)s3)ccc2cn1,6.216811308924743,True,<rdkit.Chem.rdchem.Mol object at 0x735c78f08510>,False
CHEMBL5283549,CDK2,609.0,nM,O=C(Nc1n[nH]c2ccc(-c3cncc(NC[C@@H](CO)Cc4ccccc4)c3)cc12)c1ccccc1,6.215382707367125,True,<rdkit.Chem.rdchem.Mol object at 0x735c78f08430>,False
CHEMBL3655770,CDK9,610.0,nM,CC[C@H](Nc1nc(NCc2ccncc2)c2ncn(C(C)C)c2n1)[C@@H](C)O,6.214670164989233,True,<rdkit.Chem.rdchem.Mol object at 0x735c78f083c0>,False
CHEMBL6038186,CDK9,610.0,nM,O=C(Nc1cc(-c2ccc3c(c2)N(CC2CCNC2)CC3)c(Cl)cn1)C1CCCNC1,6.214670164989233,True,<rdkit.Chem.rdchem.Mol object at 0x735c78f082e0>,False
CHEMBL6038184,CDK9,610.0,nM,Fc1cccc(Cn2cnc3ccc(-c4cc(NCCc5cccnc5)ncc4Cl)cc32)c1,6.214670164989233,True,<rdkit.Chem.rdchem.Mol object at 0x735c78f08270>,False
CHEMBL3621496,CDK2,610.0,nM,CN1CCN(C(=O)c2ccc3c(c2)[nH]c2c(C(N)=O)ccc(-c4ccccc4F)c23)CC1,6.214670164989233,True,<rdkit.Chem.rdchem.Mol object at 0x735c78f08190>,False
CHEMBL5079586,CDK6,611.0,nM,CC(C)N1CCN(C(=O)c2ccc(Nc3ncc(F)c(-c4ccc5ncc(N6CCOCC6)nc5c4)n3)nc2)CC1,6.213958789757446,True,<rdkit.Chem.rdchem.Mol object at 0x735c78f08120>,False
CHEMBL5088870,CDK6,611.0,nM,CCN1CCN(Cc2ccc(Nc3ncc(F)c(-c4ccc5nc(C)c(C)nc5c4)n3)nc2)CC1,6.213958789757446,True,<rdkit.Chem.rdchem.Mol object at 0x735c78f080b0>,False
CHEMBL392615,CDK2,612.0,nM,CNC(=O)CN1CCC[C@@H](Nc2ncc(Cl)c(-c3c[nH]c4ccccc34)n2)C1,6.213248577854438,True,<rdkit.Chem.rdchem.Mol object at 0x735c78f0bd80>,False
CHEMBL6170783,CDK1,617.0,nM,CC1(C)CNC(=O)c2ccc(-c3ccnc(Nc4cccc(CS(N)(=O)=O)c4)n3)cc21,6.209714835966759,True,<rdkit.Chem.rdchem.Mol object at 0x735c78f0bbc0>,False
CHEMBL3691681,CDK4,619.0,nM,CN(C)C(=O)c1cc2cnc(Nc3ccc(N4CCN5CCC[C@H]5C4=O)cn3)nc2n1C1CCCC1,6.2083093509798815,True,<rdkit.Chem.rdchem.Mol object at 0x735c78f0b920>,False
CHEMBL3642653,CDK2,620.0,nM,N#Cc1cnn2c(NCc3ccncc3)cc(-c3ccccc3)nc12,6.207608310501746,True,<rdkit.Chem.rdchem.Mol object at 0x735c78f0b8b0>,False
CHEMBL73645,CDK2,620.0,nM,Cc1nc2ccccn2c1-c1ccnc(Nc2ccc(Cl)cc2)n1,6.207608310501746,True,<rdkit.Chem.rdchem.Mol object at 0x735c78f0b840>,False
CHEMBL3702226,CDK4,620.0,nM,CC[C@H](C)n1c2cnccc2c2cnc(Nc3ccc(N4CCC(N(C)C)CC4)cn3)nc21,6.207608310501746,True,<rdkit.Chem.rdchem.Mol object at 0x735c78f0b6f0>,False
CHEMBL142648,CDK4,620.0,nM,CCn1c(=O)ccc2cnc(Nc3ccccc3)nc21,6.207608310501746,True,<rdkit.Chem.rdchem.Mol object at 0x735c78f0b610>,False
CHEMBL3673511,CDK9,620.0,nM,CN1CCC(c2cc3c(-c4cncc(N(C)Cc5ccccc5)n4)ccnc3[nH]2)CC1,6.207608310501746,True,<rdkit.Chem.rdchem.Mol object at 0x735c78f0b1b0>,False
CHEMBL4297488,CDK2,620.0,nM,CC(C)c1cnn2c(NCc3ccccc3)cc(NC[C@H]3CCNC[C@@H]3O)nc12,6.207608310501746,True,<rdkit.Chem.rdchem.Mol object at 0x735c78f0ae30>,False
CHEMBL6148980,CDK1,622.0,nM,Cc1ccc(O)c(C)c1-n1c(N)c(C(N)=O)c2c(=O)n(C3CC3)c(C)cc21,6.206209615309181,True,<rdkit.Chem.rdchem.Mol object at 0x735c78f0a7a0>,False
CHEMBL3967732,CDK2,628.0,nM,O=C1NCC2(CCCCC2)n2c1cc1cnc(Nc3ccc(N4CCN(C5CCC5)CC4)cn3)nc12,6.202040356262804,True,<rdkit.Chem.rdchem.Mol object at 0x735c78f0a6c0>,False
CHEMBL4471323,CDK2,630.0,nM,CCC1SCC(=O)N1c1c(C#N)c2n(c1C(=O)Nc1ccccc1)CCC2,6.200659450546418,True,<rdkit.Chem.rdchem.Mol object at 0x735c78f0a490>,False
CHEMBL3702227,CDK4,630.0,nM,CC[C@H](C)n1c2cnccc2c2cnc(Nc3ccc(N4CCC(N(C)C)CC4)nn3)nc21,6.200659450546418,True,<rdkit.Chem.rdchem.Mol object at 0x735c78f0a340>,False
CHEMBL115047,CDK2,630.0,nM,CCc1cc(NC(=O)c2ccc(Br)cc2)n[nH]1,6.200659450546418,True,<rdkit.Chem.rdchem.Mol object at 0x735c78f0a260>,False
CHEMBL421207,CDK2,631.0,nM,O=C(Nc1n[nH]c2cc(-c3ccco3)ccc12)C1CC1,6.199970640755866,True,<rdkit.Chem.rdchem.Mol object at 0x735c78f09af0>,False
CHEMBL260231,CDK2,639.0,nM,O=C(Nc1n[nH]c2nc(-c3cccs3)c(Br)cc12)C1CC1,6.1944991418416,True,<rdkit.Chem.rdchem.Mol object at 0x735c78f09850>,False
CHEMBL5984249,CDK9,640.0,nM,CS(=O)(=O)c1ccc(Cn2nnc3ccc(-c4cc(NC(=O)[C@@H]5CCCNC5)ncc4Cl)cc32)cc1,6.1938200260161125,True,<rdkit.Chem.rdchem.Mol object at 0x735c78f09700>,False
CHEMBL3668355,CDK9,640.0,nM,Clc1cnc2[nH]c(C3CCCNC3)cc2c1-c1cccc(NCC2CCOCC2)n1,6.1938200260161125,True,<rdkit.Chem.rdchem.Mol object at 0x735c78f094d0>,False
CHEMBL5199259,CDK2,642.0,nM,[2H]C([2H])([2H])NS(=O)(=O)c1ccc(Nc2ncc3c(n2)N([C@@H]2CCC[C@@H](O)C2)C(=O)C32CC2)cc1,6.192464971931146,True,<rdkit.Chem.rdchem.Mol object at 0x735c78f09310>,False
CHEMBL5591779,CDK4,644.8,nM,CC(=O)N[C@H]1CC[C@H](c2ncc(Cl)c(Nc3ccccc3S(=O)(=O)C(C)C)n2)CC1,6.190574971202966,True,<rdkit.Chem.rdchem.Mol object at 0x735c78f092a0>,False
CHEMBL5094319,CDK6,646.0,nM,COc1cnc(Nc2ccc(N3CCNCC3)cn2)nc1-c1ccc2ncc(N(C)C)nc2c1,6.189767482004916,True,<rdkit.Chem.rdchem.Mol object at 0x735c78f09000>,False
CHEMBL6007400,CDK2,647.0,nM,Cc1nc2c(F)cc(-c3nc(Nc4ccc5c(n4)CCN(C[C@@H](C)N(C)C)C5)ncc3F)cc2n1C1CC1,6.189095719331299,True,<rdkit.Chem.rdchem.Mol object at 0x735c78f08ac0>,False
CHEMBL3978141,CDK9,650.0,nM,CN1Cc2c(C3=CCN(S(C)(=O)=O)CC3(C)C)[nH]c3nccc(c23)-c2cc(F)ccc21,6.187086643357144,True,<rdkit.Chem.rdchem.Mol object at 0x735c78f08a50>,False
CHEMBL2111872,CDK1,650.0,nM,CC(C)n1cnc2c(NCc3ccccc3)nc(N3CCC[C@@H]3CO)nc21,6.187086643357144,True,<rdkit.Chem.rdchem.Mol object at 0x735c78f089e0>,False
CHEMBL114432,CDK2,650.0,nM,CCCc1cc(NC(=O)c2ccc(Br)cc2)n[nH]1,6.187086643357144,True,<rdkit.Chem.rdchem.Mol object at 0x735c78f084a0>,False
CHEMBL52387,CDK1,650.0,nM,CCC(CO)Nc1nc(NCc2ccccc2)c2ncn(C(C)C)c2n1,6.187086643357144,True,<rdkit.Chem.rdchem.Mol object at 0x735c78f93f40>,False
CHEMBL6191482,CDK2,650.0,nM,CCN(/C=C/c1nc(Nc2ccccc2)nc2[nH]cnc12)CC,6.187086643357144,True,<rdkit.Chem.rdchem.Mol object at 0x735c78f93ed0>,False
CHEMBL5886423,CDK9,660.0,nM,CN1CCN(Cc2cccc(Cn3nnc4ccc(-c5cc(NC(=O)[C@@H]6CCCNC6)ncc5Cl)cc43)c2)CC1,6.180456064458131,True,<rdkit.Chem.rdchem.Mol object at 0x735c78f93df0>,False
CHEMBL455946,CDK2,660.0,nM,NS(=O)(=O)c1ccc(NC(=O)c2n[nH]c3ccccc23)cc1,6.180456064458131,True,<rdkit.Chem.rdchem.Mol object at 0x735c78f93d80>,False
CHEMBL5571889,CDK1,660.0,nM,Cc1ccc(O)c(C)c1-n1c(N)c(C(=O)N2CCn3ccnc3C2)c2nc(C)c(C)nc21,6.180456064458131,True,<rdkit.Chem.rdchem.Mol object at 0x735c78f93bc0>,False
CHEMBL5787921,CDK2,661.0,nM,CN[C@H](C)C(=O)N1CCc2nc(Nc3ncc(F)c(-c4cc(F)c5nc(C)n(C6CC6)c5c4)n3)ccc2C1,6.17979854051436,True,<rdkit.Chem.rdchem.Mol object at 0x735c78f93b50>,False
CHEMBL5842419,CDK9,670.0,nM,N#Cc1cn(CC2CCOCC2)c2cc(-c3cc(NC(=O)[C@@H]4CCCNC4)ncc3Cl)cnc12,6.173925197299173,True,<rdkit.Chem.rdchem.Mol object at 0x735c78f93a70>,False
CHEMBL5179962,CDK2,670.0,nM,CNS(=O)(=O)c1ccc(Nc2ncc3c(n2)N([C@@H]2CCC[C@@H](O)C2)C(=O)C32CC2)cc1,6.173925197299173,True,<rdkit.Chem.rdchem.Mol object at 0x735c78f93990>,False
CHEMBL5837531,CDK9,670.0,nM,O=C(Nc1cc(-c2ccc3c(c2)N(CC(=O)N2CCCC2)CC3)c(Cl)cn1)C1CCCNC1,6.173925197299173,True,<rdkit.Chem.rdchem.Mol object at 0x735c78f93920>,False
CHEMBL6149484,CDK6,673.0,nM,CN1CCN(c2ccc(Nc3ncc(F)c(-c4ccc5c(c4)OC4(CCCC4)CC5=O)n3)nc2)CC1,6.171984935776023,True,<rdkit.Chem.rdchem.Mol object at 0x735c78f93840>,False
CHEMBL455195,CDK9,680.0,nM,CCC1CC(C(=O)Nc2ncc(SCc3ncc(C(C)(C)C)o3)s2)CCN1,6.167491087293763,True,<rdkit.Chem.rdchem.Mol object at 0x735c78f937d0>,False
CHEMBL6017237,CDK9,680.0,nM,Cc1ncc(CN2CCc3ccc(-c4cc(NC(=O)C5CCCNC5)ncc4Cl)cc32)cn1,6.167491087293763,True,<rdkit.Chem.rdchem.Mol object at 0x735c78f93680>,False
CHEMBL74680,CDK2,680.0,nM,Clc1cccc(Nc2nccc(-n3cnc4ccccc43)n2)c1,6.167491087293763,True,<rdkit.Chem.rdchem.Mol object at 0x735c78f93610>,False
CHEMBL1823655,CDK2,680.0,nM,O=C(N[C@@H](c1ccc(Cl)c(Cl)c1)C1CNC1)c1ccc2cnccc2c1,6.167491087293763,True,<rdkit.Chem.rdchem.Mol object at 0x735c78f934c0>,False
CHEMBL5590970,CDK9,685.6,nM,CC(C)S(=O)(=O)c1ccccc1Nc1nc(C2CCNCC2)ncc1Cl,6.163929191084858,True,<rdkit.Chem.rdchem.Mol object at 0x735c78f93450>,False
CHEMBL233205,CDK1,687.0,nM,CC(C)(N)c1ccc(-c2nc(Nc3ccc(CCO)cc3)ncc2Cl)cc1,6.16304326294045,True,<rdkit.Chem.rdchem.Mol object at 0x735c78f93290>,False
CHEMBL507536,CDK2,690.0,nM,CC(C)(C)c1cnc(CSc2cnc(N)s2)o1,6.161150909262744,True,<rdkit.Chem.rdchem.Mol object at 0x735c78f93140>,False
CHEMBL1922121,CDK2,690.0,nM,CC[C@@H](Nc1nc(NCc2cccnc2)c2ncn(C(C)C)c2n1)C(O)C(C)C,6.161150909262744,True,<rdkit.Chem.rdchem.Mol object at 0x735c78f930d0>,False
CHEMBL5939076,CDK9,690.0,nM,O=C(Nc1cc(-c2ccc3ncn(CC4CCOCC4)c3c2)c(Cl)cn1)c1cccnc1,6.161150909262744,True,<rdkit.Chem.rdchem.Mol object at 0x735c78f93060>,False
CHEMBL3943554,CDK2,695.0,nM,CC(C)C1CN(c2ccc(Nc3ncc4cc5n(c4n3)C3(CCCCC3)CNC5=O)nc2)CCN1,6.158015195409886,True,<rdkit.Chem.rdchem.Mol object at 0x735c78f92ff0>,False
CHEMBL5505818,CDK2,697.6,nM,CCC(=O)Nc1ccc(CNc2nc(O[C@H]3CCCNC3)nc3c(C(C)C)cnn23)cc1,6.156393528075489,True,<rdkit.Chem.rdchem.Mol object at 0x735c78f92f80>,False
CHEMBL133342,CDK2,700.0,nM,CC[C@@H](CO)Nc1nc(NCc2ccccc2)c2ncn(C(C)C)c2n1,6.154901959985743,True,<rdkit.Chem.rdchem.Mol object at 0x735c78f92f10>,False
CHEMBL173237,CDK1,700.0,nM,CCn1cnc2c(Nc3cccc(C(F)(F)F)c3)nc(NCCN)nc21,6.154901959985743,True,<rdkit.Chem.rdchem.Mol object at 0x735c78f92ea0>,False
CHEMBL4455210,CDK2,700.0,nM,Cc1nc2c(F)cc(-c3nc(Nc4ccc5c(n4)CCN(CCN(C)C)C5)ncc3F)cc2n1C1CC1,6.154901959985743,True,<rdkit.Chem.rdchem.Mol object at 0x735c78f92e30>,False
CHEMBL101468,CDK4,700.0,nM,Cc1ccc(F)c(Nc2ccnc(Nc3ccc(OCC(O)CN(C)C)cc3)n2)c1,6.154901959985743,True,<rdkit.Chem.rdchem.Mol object at 0x735c78f92dc0>,False
CHEMBL3085251,CDK1,700.0,nM,OC[C@H]1CCCN1c1nc(NCc2ccccc2)c2ncn(C3CCCC3)c2n1,6.154901959985743,True,<rdkit.Chem.rdchem.Mol object at 0x735c78f92c70>,False
CHEMBL2163984,CDK2,700.0,nM,Fc1ccc(Nc2cc(NC3CCCNC3)nc3ccnn23)cc1Cl,6.154901959985743,True,<rdkit.Chem.rdchem.Mol object at 0x735c78f92b90>,False
CHEMBL3823030,CDK2,700.0,nM,Cc1nn(C2CCN(C(=O)[C@@H](C)O)CC2)c(C)c1Nc1ncc(Cl)c(-c2cnn3ccccc23)n1,6.154901959985743,True,<rdkit.Chem.rdchem.Mol object at 0x735c78f92b20>,False
CHEMBL3085231,CDK1,700.0,nM,CC(C)n1cnc2c(NCc3cccc(C(F)(F)F)c3)nc(N3CCC[C@H]3CO)nc21,6.154901959985743,True,<rdkit.Chem.rdchem.Mol object at 0x735c78f92ab0>,False
CHEMBL2029904,CDK1,700.0,nM,CNCc1cc2cnc(Nc3cc(C(=O)N4CCN(C)CC4)n(C)c3)nc2n1C1CCCC1,6.154901959985743,True,<rdkit.Chem.rdchem.Mol object at 0x735c78f929d0>,False
CHEMBL534909,CDK1,700.0,nM,CCn1cnc2c(Nc3cccc(C(F)(F)F)c3)nc(NCCN)nc21.Cl,6.154901959985743,True,<rdkit.Chem.rdchem.Mol object at 0x735c78f92960>,False
CHEMBL5591779,CDK9,704.3,nM,CC(=O)N[C@H]1CC[C@H](c2ncc(Cl)c(Nc3ccccc3S(=O)(=O)C(C)C)n2)CC1,6.152242311607669,True,<rdkit.Chem.rdchem.Mol object at 0x735c78f92880>,False
CHEMBL111897,CDK2,705.0,nM,COc1ccc(C(=O)Nc2cc(C3CC3)[nH]n2)cc1,6.151810883008601,True,<rdkit.Chem.rdchem.Mol object at 0x735c78f92810>,False
CHEMBL5565137,CDK1,705.0,nM,Cc1ccc(O)c(C)c1-n1c(N)c(C(=O)N2CCn3c(cccc3=O)C2)c2nc(C)c(C)nc21,6.151810883008601,True,<rdkit.Chem.rdchem.Mol object at 0x735c78f927a0>,False
CHEMBL3656841,CDK2,706.0,nM,COC[C@@H](C)N[C@H]1CC[C@H](Nc2cc(-c3cccc(NCC4(C#N)CCOCC4)n3)c(Cl)cn2)CC1,6.151195298948196,True,<rdkit.Chem.rdchem.Mol object at 0x735c78f92730>,False
CHEMBL5573253,CDK2,708.0,nM,CN1CCC(n2cc(-c3nc(NC4CCN(S(C)(=O)=O)CC4)ncc3C(F)(F)F)cn2)CC1,6.149966742310231,True,<rdkit.Chem.rdchem.Mol object at 0x735c78f926c0>,False
CHEMBL5542095,CDK2,708.9,nM,CC(=O)Nc1ccc(CNc2nc(NC(CO)CO)nc3c(C(C)C)cnn23)cc1,6.149415023647968,True,<rdkit.Chem.rdchem.Mol object at 0x735c78f92650>,False
CHEMBL5573816,CDK2,709.0,nM,CS(=O)(=O)N1CCC(Nc2ncc(C(F)(F)F)c(-c3cnn(CC(F)(F)F)c3)n2)CC1,6.149353764816933,True,<rdkit.Chem.rdchem.Mol object at 0x735c78f925e0>,False
CHEMBL255262,CDK4,710.0,nM,O=C(Cc1cccc(F)c1)Nc1n[nH]c2ccc(N3CCCS3(=O)=O)cc12,6.1487416512809245,True,<rdkit.Chem.rdchem.Mol object at 0x735c78f92570>,False
CHEMBL5999796,CDK2,710.0,nM,Cc1nc2c(F)cc(-c3nc(Nc4ccc5c(n4)CCN(C(C)C)C5)ncc3F)cc2n1C1CC1,6.1487416512809245,True,<rdkit.Chem.rdchem.Mol object at 0x735c78f92260>,False
CHEMBL5639303,CDK2,710.0,nM,COc1ccc(-c2ccnc3c(-c4noc(C)n4)c(C)nn23)cc1,6.1487416512809245,True,<rdkit.Chem.rdchem.Mol object at 0x735c78f921f0>,False
CHEMBL1760035,CDK2,711.0,nM,COc1cc(Nc2nccc(Nc3cnc4ccccc4c3)n2)cc(OC)c1OC,6.148130399270234,True,<rdkit.Chem.rdchem.Mol object at 0x735c78f92180>,False
CHEMBL5542710,CDK2,712.75,nM,CC(=O)Nc1ccc(CNc2nc(NC3CCOCC3)nc3c(C(C)C)cnn23)cc1,6.147062774018503,True,<rdkit.Chem.rdchem.Mol object at 0x735c78f92110>,False
CHEMBL6011351,CDK9,720.0,nM,O=C(O)c1ccc(CN2CCc3ccc(-c4cc(NC(=O)C5CCCNC5)ncc4Cl)cc32)cc1,6.142667503568731,True,<rdkit.Chem.rdchem.Mol object at 0x735c78f92030>,False
CHEMBL2436977,CDK2,720.0,nM,CN1CCN(Cc2ccc(-c3cnc4[nH]cc(-c5cnc6[nH]ccc6c5)c4c3)cc2)CC1,6.142667503568731,True,<rdkit.Chem.rdchem.Mol object at 0x735c78f91fc0>,False
CHEMBL269538,CDK9,720.0,nM,COc1ccc2c(c1)[nH]c1c(C)nccc12,6.142667503568731,True,<rdkit.Chem.rdchem.Mol object at 0x735c78f91e70>,False
CHEMBL5197170,CDK2,720.0,nM,CC(C)n1cc(-c2ccnc3[nH]c(C4CCN(CC(=O)N5CCCCC5)CC4)cc23)ccc1=O,6.142667503568731,True,<rdkit.Chem.rdchem.Mol object at 0x735c78f91d90>,False
CHEMBL4750372,CDK9,720.0,nM,CC(=O)N[C@@H]1CCC[C@H](C(=O)Nc2cc(-c3cnn4c3CCCC4O)c(Cl)cn2)C1,6.142667503568731,True,<rdkit.Chem.rdchem.Mol object at 0x735c78f91d20>,False
CHEMBL5950277,CDK1,726.0,nM,Cc1nc2c(F)cc(-c3nc(Nc4ccc5c(n4)CCN(C(=O)NCCO)C5)ncc3F)cc2n1C1CC1,6.139063379299906,True,<rdkit.Chem.rdchem.Mol object at 0x735c78f91cb0>,False
CHEMBL6036030,CDK1,727.0,nM,CN(C)C(=O)c1ccc(Nc2ncc3cc4n(c3n2)C2(CCCCC2)C(=O)NN4)cc1,6.138465589140962,True,<rdkit.Chem.rdchem.Mol object at 0x735c78f91c40>,False
CHEMBL443198,CDK2,730.0,nM,O=C(CO)Nc1c[nH]nc1C(=O)Nc1ccc(F)cc1,6.136677139879544,True,<rdkit.Chem.rdchem.Mol object at 0x735c78f91bd0>,False
CHEMBL3668467,CDK9,730.0,nM,N#CC1(CNc2cc(-c3ccnc4[nH]c(C5CCNCC5)cc34)c(Cl)cn2)CCOCC1,6.136677139879544,True,<rdkit.Chem.rdchem.Mol object at 0x735c78f91af0>,False
CHEMBL203569,CDK2,730.0,nM,NS(=O)(=O)c1ccc(Nc2cc(NC3CCCCC3)nc3ncnn23)cc1,6.136677139879544,True,<rdkit.Chem.rdchem.Mol object at 0x735c78f91a80>,False
CHEMBL5756149,CDK9,730.0,nM,Cc1ccc(CN2CCc3ccc(-c4cc(NC(=O)C5CCCNC5)ncc4Cl)cc32)cn1,6.136677139879544,True,<rdkit.Chem.rdchem.Mol object at 0x735c78f919a0>,False
CHEMBL5742521,CDK9,730.0,nM,CN(C)C(Cn1nnc2ccc(-c3cc(NC(=O)[C@@H]4CCCNC4)ncc3Cl)cc21)c1cccc(F)c1,6.136677139879544,True,<rdkit.Chem.rdchem.Mol object at 0x735c78f91930>,False
CHEMBL5591779,CDK2,734.55,nM,CC(=O)N[C@H]1CC[C@H](c2ncc(Cl)c(Nc3ccccc3S(=O)(=O)C(C)C)n2)CC1,6.1339786369261,True,<rdkit.Chem.rdchem.Mol object at 0x735c78f918c0>,False
CHEMBL6161355,CDK1,735.0,nM,Cc1ccc(O)c(C)c1-n1c(N)c(C(N)=O)c2c(=O)n(CCO)c(C)nc21,6.133712660915805,True,<rdkit.Chem.rdchem.Mol object at 0x735c78f917e0>,False
CHEMBL3644029,CDK1,740.0,nM,CS(=O)(=O)c1ccc(Nc2ncc(C(F)(F)F)c(OCCC(F)(F)F)n2)cc1,6.130768280269024,True,<rdkit.Chem.rdchem.Mol object at 0x735c78f91700>,False
CHEMBL5190067,CDK2,746.0,nM,[2H]C([2H])([2H])NS(=O)(=O)c1ccc(Nc2ncc3c(n2)N([C@@H]2CCC[C@@]2(C)O)C(=O)C32CC2)cc1,6.127261172527332,True,<rdkit.Chem.rdchem.Mol object at 0x735c78f91690>,False
CHEMBL6143608,CDK6,749.0,nM,CN1CCN(c2ccc(Nc3ncc(F)c(-c4ccc5c(c4)OC4(CCC4)CC5=O)n3)nc2)CC1,6.125518182300533,True,<rdkit.Chem.rdchem.Mol object at 0x735c78f91620>,False
CHEMBL448316,CDK2,750.0,nM,O=C(NC1CCNCC1)c1n[nH]cc1NC(=O)c1c(F)cc(F)cc1F,6.1249387366083,True,<rdkit.Chem.rdchem.Mol object at 0x735c78f91540>,False
CHEMBL3641963,CDK4,750.0,nM,CN(C)C1CCN(c2ccc(Nc3ncc4c5ccncc5n([C@H]5CCC[C@@H]5O)c4n3)nn2)CC1,6.1249387366083,True,<rdkit.Chem.rdchem.Mol object at 0x735c78f914d0>,False
CHEMBL4207966,CDK6,752.0,nM,CCN1CCN(Cc2ccc(Nc3nccc(-c4cc(F)c5nc6n(c5c4)C(C)CC6)n3)nc2)CC1,6.123782159408358,True,<rdkit.Chem.rdchem.Mol object at 0x735c78f91460>,False
CHEMBL6161225,CDK1,756.1,nM,CC(C)N1CCC(c2cc3c(-c4cnn(CC5CC5)c4)c(Cl)cnc3[nH]2)CC1,6.121420761937781,True,<rdkit.Chem.rdchem.Mol object at 0x735c78f913f0>,False
CHEMBL5505745,CDK2,757.4,nM,CCC(=O)Nc1ccc(CNc2nc(NC3CCNCC3)nc3c(C(C)C)cnn23)cc1,6.120674699215193,True,<rdkit.Chem.rdchem.Mol object at 0x735c78f91380>,False
CHEMBL5201044,CDK1,760.0,nM,O=C(c1ccc(-c2ccnc3[nH]c(-c4ccc(CN5CCOCC5)cc4)nc23)cc1)N1CCCC1,6.119186407719209,True,<rdkit.Chem.rdchem.Mol object at 0x735c78f91310>,False
CHEMBL5207871,CDK2,760.0,nM,CC(C)n1cc(-c2ccnc3[nH]c(C4CCN(CC(=O)N5CCCC5)CC4)cc23)ccc1=O,6.119186407719209,True,<rdkit.Chem.rdchem.Mol object at 0x735c78f912a0>,False
CHEMBL4756050,CDK9,760.0,nM,CC(=O)N[C@@H]1CCC[C@H](C(=O)Nc2cc(-c3cnc4n3CCC4)c(Cl)cn2)C1,6.119186407719209,True,<rdkit.Chem.rdchem.Mol object at 0x735c78f911c0>,False
CHEMBL3655774,CDK2,770.0,nM,CC[C@H](Nc1nc(NCc2ncccc2C)c2ncn(C(C)C)c2n1)[C@@H](C)O,6.113509274827518,True,<rdkit.Chem.rdchem.Mol object at 0x735c78f91150>,False
CHEMBL3892881,CDK2,770.0,nM,CS(=N)(=O)Cc1cccc(Nc2ncc(F)c(-c3ccc(F)cc3OCc3ccc(F)cc3)n2)c1,6.113509274827518,True,<rdkit.Chem.rdchem.Mol object at 0x735c78f910e0>,False
CHEMBL452601,CDK9,770.0,nM,C[C@H]1CNC[C@H](C(=O)Nc2ncc(SCc3ncc(C(C)(C)C)o3)s2)C1,6.113509274827518,True,<rdkit.Chem.rdchem.Mol object at 0x735c78f91070>,False
CHEMBL6055129,CDK9,770.0,nM,O=C(Nc1cc(-c2ccc3ncn(CC4CCOCC4)c3c2)c(Cl)cn1)c1cncnc1,6.113509274827518,True,<rdkit.Chem.rdchem.Mol object at 0x735c78f90f90>,False
CHEMBL5169515,CDK2,770.0,nM,C[C@@H]1CCC[C@H]1N1C(=O)C2(CC2)c2cnc(Nc3ccc(S(=O)(=O)NCCO)cc3)nc21,6.113509274827518,True,<rdkit.Chem.rdchem.Mol object at 0x735c78f90eb0>,False
CHEMBL3663758,CDK9,770.0,nM,COC(=O)N1CCCC(c2cc3c(-c4nc(NCc5ccccc5)ccc4Cl)ccnc3[nH]2)C1,6.113509274827518,True,<rdkit.Chem.rdchem.Mol object at 0x735c78f90dd0>,False
CHEMBL2402945,CDK1,777.0,nM,NC1CCC(Nc2nc(NCc3ccc(-c4ccccc4O)cc3)c3ncn(C4CCCC4)c3n2)CC1,6.1095789811990855,True,<rdkit.Chem.rdchem.Mol object at 0x735c78f90d60>,False
CHEMBL3774632,CDK1,777.0,nM,CC(O)CNc1nc(NCc2ccc(-c3ccccn3)cc2)c2[nH]nc(C(C)C)c2n1,6.1095789811990855,True,<rdkit.Chem.rdchem.Mol object at 0x735c78f90cf0>,False
CHEMBL3906489,CDK2,780.0,nM,CCOC(=O)N=S(C)(=O)Cc1cccc(Nc2ncc(F)c(-c3ccc(F)cc3OC)n2)c1,6.107905397309519,True,<rdkit.Chem.rdchem.Mol object at 0x735c78f90c10>,False
CHEMBL3919798,CDK9,780.0,nM,CN1Cc2c(C3=CCN(C(=O)OC(C)(C)C)CC3)[nH]c3ncc(F)c(c23)-c2cc(F)ccc21,6.107905397309519,True,<rdkit.Chem.rdchem.Mol object at 0x735c78f90ba0>,False
CHEMBL5073277,CDK6,781.0,nM,Cc1nc2ccc(-c3nc(Nc4ccc(CN5CCN(C(C)C)CC5)cn4)ncc3F)cc2nc1C,6.1073489661227,True,<rdkit.Chem.rdchem.Mol object at 0x735c78f90a50>,False
CHEMBL233213,CDK1,781.0,nM,CN(C)CCc1ccc(Nc2ncc(Cl)c(-c3n[nH]c4ccccc34)n2)cc1,6.1073489661227,True,<rdkit.Chem.rdchem.Mol object at 0x735c78f909e0>,False
CHEMBL1800218,CDK2,790.0,nM,Nc1nccc(-c2cc(N3CCOCC3)ccc2O)n1,6.102372908709558,True,<rdkit.Chem.rdchem.Mol object at 0x735c78f90900>,False
CHEMBL524059,CDK4,790.0,nM,O=C(O)c1ccc(Nc2nccc(-c3cnn4ncccc34)n2)cc1,6.102372908709558,True,<rdkit.Chem.rdchem.Mol object at 0x735c78f90890>,False
CHEMBL4538174,CDK2,790.0,nM,C[C@@H](NC(=O)Nc1cc2[nH]ncc2c(CO)n1)c1ccccc1,6.102372908709558,True,<rdkit.Chem.rdchem.Mol object at 0x735c78f90740>,False
CHEMBL1800463,CDK1,790.0,nM,Nc1nc(NCCN2CCOCC2)cc(-c2cc(N3C[C@H](O)[C@@H](O)C3)ccc2O)n1,6.102372908709558,True,<rdkit.Chem.rdchem.Mol object at 0x735c78f90660>,False
CHEMBL3702212,CDK6,790.0,nM,COCCn1c2cnccc2c2cnc(Nc3ccc(N4CCNCC4)cn3)nc21,6.102372908709558,True,<rdkit.Chem.rdchem.Mol object at 0x735c78f905f0>,False
CHEMBL5555640,CDK2,793.2,nM,CCC(=O)Nc1ccc(CNc2nc(NC3CCN(C)CC3)nc3c(C(C)C)cnn23)cc1,6.100617294466735,True,<rdkit.Chem.rdchem.Mol object at 0x735c78f904a0>,False
CHEMBL107530,CDK1,800.0,nM,Nc1nc(Nc2cccc(Br)c2)nc(OCC2CCCCC2)c1N=O,6.096910013008056,True,<rdkit.Chem.rdchem.Mol object at 0x735c78f90430>,False
CHEMBL4764361,CDK9,800.0,nM,CC(=O)N[C@@H]1CCC[C@H](C(=O)Nc2cc(-c3cnn4c3CN(C)CC4)c(Cl)cn2)C1,6.096910013008056,True,<rdkit.Chem.rdchem.Mol object at 0x735c78f903c0>,False
CHEMBL498625,CDK4,800.0,nM,Cc1nn2ncccc2c1-c1ccnc(NC2CC2)n1,6.096910013008056,True,<rdkit.Chem.rdchem.Mol object at 0x735c78f902e0>,False
CHEMBL101311,CDK4,800.0,nM,CN(C)CC(O)COc1ccc(Nc2nccc(Nc3cc(Cl)ccc3Cl)n2)cc1,6.096910013008056,True,<rdkit.Chem.rdchem.Mol object at 0x735c78f90120>,False
CHEMBL3085233,CDK1,800.0,nM,CC(C)n1cnc2c(NCc3ccc(C(F)(F)F)cc3)nc(N3CCC[C@@H]3CO)nc21,6.096910013008056,True,<rdkit.Chem.rdchem.Mol object at 0x735c78f900b0>,False
CHEMBL133342,CDK1,800.0,nM,CC[C@@H](CO)Nc1nc(NCc2ccccc2)c2ncn(C(C)C)c2n1,6.096910013008056,True,<rdkit.Chem.rdchem.Mol object at 0x735c78f90040>,False
CHEMBL3109955,CDK2,800.0,nM,Clc1ccccc1Nc1cc2[nH]c(-c3cn[nH]c3)cc2cn1,6.096910013008056,True,<rdkit.Chem.rdchem.Mol object at 0x735c78f93d10>,False
CHEMBL3971492,CDK9,800.0,nM,CS(=O)(=O)N1CC=C(c2[nH]c3nccc4c3c2CN(CC2CCOCC2)c2ccc(F)cc2-4)CC1,6.096910013008056,True,<rdkit.Chem.rdchem.Mol object at 0x735c78f93ca0>,False
CHEMBL2112679,CDK1,800.0,nM,CC(C)n1cnc2c(NC(CO)c3ccccc3)nc(N3CCC[C@H]3CO)nc21,6.096910013008056,True,<rdkit.Chem.rdchem.Mol object at 0x735c78f93a00>,False
CHEMBL3702234,CDK4,800.0,nM,CC[C@H](C)n1c2cnccc2c2cnc(Nc3ccc(N4CCC(NC)CC4)nn3)nc21,6.096910013008056,True,<rdkit.Chem.rdchem.Mol object at 0x735c78f938b0>,False
CHEMBL5793112,CDK9,800.0,nM,NC(CNc1cc(-c2ccc3ncn(Cc4cccc(F)c4)c3c2)c(Cl)cn1)c1ccccc1,6.096910013008056,True,<rdkit.Chem.rdchem.Mol object at 0x735c78f93530>,False
CHEMBL101473,CDK4,800.0,nM,Cc1cnc(Nc2ccc(OCC(O)CN(C)C)cc2)nc1Nc1ccccc1,6.096910013008056,True,<rdkit.Chem.rdchem.Mol object at 0x735c78f933e0>,False
CHEMBL4205366,CDK1,800.9,nM,CCN1CCN(Cc2ccc(Nc3cc(-c4cc(F)c5nc(C)n(C(C)C)c5c4)ccn3)nn2)CC1,6.096421706336946,True,<rdkit.Chem.rdchem.Mol object at 0x735c78f92d50>,False
CHEMBL5276424,CDK2,802.0,nM,O=C(Nc1n[nH]c2ccc(-c3cncc(NC[C@@H](O)c4ccccc4)c3)cc12)c1ccccc1,6.095825631715837,True,<rdkit.Chem.rdchem.Mol object at 0x735c78f92a40>,False
CHEMBL5527848,CDK2,805.8,nM,CC(C)c1cnn2c(NCc3ccc(NC(=O)C4(F)CC4)cc3)nc(NC3CCOCC3)nc12,6.093772736947641,True,<rdkit.Chem.rdchem.Mol object at 0x735c78f92500>,False
CHEMBL233208,CDK1,808.0,nM,CC(C)(N)c1ccc(-c2nc(Nc3ccc(CCN4CCCC4)cc3)ncc2Cl)cc1,6.092588639225414,True,<rdkit.Chem.rdchem.Mol object at 0x735c78f923b0>,False
CHEMBL183941,CDK4,810.0,nM,Nc1nc2ccc(C(=O)c3c(F)cccc3Cl)cn2c1C(=O)c1c(F)cccc1F,6.091514981121351,True,<rdkit.Chem.rdchem.Mol object at 0x735c78f92340>,False
CHEMBL509012,CDK9,810.0,nM,CC(C)C1CC(C(=O)Nc2ncc(SCc3ncc(C(C)(C)C)o3)s2)CCN1,6.091514981121351,True,<rdkit.Chem.rdchem.Mol object at 0x735c78f922d0>,False
CHEMBL3668463,CDK9,810.0,nM,O[C@@H]1CN[C@@H](CNc2ccc(Cl)c(-c3ccnc4[nH]c(C5CCNCC5)cc34)n2)C1,6.091514981121351,True,<rdkit.Chem.rdchem.Mol object at 0x735c78f91f50>,False
CHEMBL1241662,CDK4,810.0,nM,Nc1nc2ccc(C(=O)c3c(F)cccc3Cl)cc2n1Cc1c(F)cccc1F,6.091514981121351,True,<rdkit.Chem.rdchem.Mol object at 0x735c78f91ee0>,False
CHEMBL186396,CDK2,812.0,nM,CN1CCN(CCOc2cc(F)c(C(=O)c3c(N)nc4ccc(C(=O)c5c(Cl)cccc5Cl)cn34)c(F)c2)CC1,6.090443970758825,True,<rdkit.Chem.rdchem.Mol object at 0x735c78f91e00>,False
CHEMBL5268968,CDK2,813.0,nM,O=C(Nc1n[nH]c2ccc(-c3cncc(NC[C@@H](CO)c4ccccc4)c3)cc12)c1ccccc1,6.089909454405932,True,<rdkit.Chem.rdchem.Mol object at 0x735c78f91b60>,False
CHEMBL3641962,CDK4,820.0,nM,O[C@H]1CCC[C@@H]1n1c2cnccc2c2cnc(Nc3ccc(N4CCNCC4)nn3)nc21,6.086186147616283,True,<rdkit.Chem.rdchem.Mol object at 0x735c78f91850>,False
CHEMBL3298311,CDK2,821.0,nM,C[C@@H](CO)Nc1ncc2c(n1)CN(C(=O)N[C@H](C)c1ccc(C(F)(F)F)c(F)c1)CC2,6.085656842880559,True,<rdkit.Chem.rdchem.Mol object at 0x735c78f91230>,False
CHEMBL5569109,CDK2,823.0,nM,CS(=O)(=O)N1CCC(Nc2ncc(C(F)(F)F)c(-c3cnn(-c4ccccc4Cl)c3)n2)CC1,6.08460016478773,True,<rdkit.Chem.rdchem.Mol object at 0x735c78f90f20>,False
CHEMBL185854,CDK4,827.0,nM,Nc1nc2ccc(C(=O)c3c(F)cccc3F)cn2c1C(=O)c1c(F)cccc1Cl,6.082494490447454,True,<rdkit.Chem.rdchem.Mol object at 0x735c78f90e40>,False
CHEMBL3655766,CDK2,830.0,nM,CC[C@H](Nc1nc(NCc2cccnc2)c2ncn(CC3CC3)c2n1)[C@@H](C)O,6.080921907623926,True,<rdkit.Chem.rdchem.Mol object at 0x735c78f90c80>,False
CHEMBL3641913,CDK6,830.0,nM,CN(C)C1CCN(c2ccc(Nc3ncc4c5ccncc5n([C@H]5CCC[C@H]5O)c4n3)nc2)CC1,6.080921907623926,True,<rdkit.Chem.rdchem.Mol object at 0x735c78f906d0>,False
CHEMBL5089164,CDK2,830.15,nM,Cn1ccc2cc(Nc3ncc(C(F)(F)F)c(N[C@H]4CC[C@@H](N)CC4)n3)ccc2c1=O,6.080843427760706,True,<rdkit.Chem.rdchem.Mol object at 0x735c78f90510>,False
CHEMBL3822962,CDK2,832.0,nM,CCc1c(Nc2ncc(Cl)c(-c3cnn4ccccc34)n2)cnn1C1CCN(C(C)=O)CC1,6.079876673709276,True,<rdkit.Chem.rdchem.Mol object at 0x735c78f90200>,False
CHEMBL5092606,CDK2,834.9,nM,CN(C)C(=O)c1ccc(Nc2ncc(C(F)(F)F)c(N[C@H]3CC[C@@H](N)CC3)n2)cc1,6.078365538946295,True,<rdkit.Chem.rdchem.Mol object at 0x735c78f07e60>,False
CHEMBL360596,CDK4,838.0,nM,COc1cc(F)c(C(=O)c2c(N)nc3ccc(C(=O)c4c(F)cccc4F)cn23)c(F)c1,6.076755981369724,True,<rdkit.Chem.rdchem.Mol object at 0x735c78f07df0>,False
CHEMBL234624,CDK1,847.0,nM,CN(C)CCc1ccc(Nc2ncc(Cl)c(-c3ccc4[nH]ccc4c3)n2)cc1,6.072116589669293,True,<rdkit.Chem.rdchem.Mol object at 0x735c78f07ca0>,False
CHEMBL3684988,CDK4,847.0,nM,COc1cc2c3cnc(Nc4ccc5c(n4)CCN(C(=O)CO)C5)nc3n([C@H]3CC[C@H](C)CC3)c2cn1,6.072116589669293,True,<rdkit.Chem.rdchem.Mol object at 0x735c78f07c30>,False
CHEMBL3927078,CDK2,850.0,nM,CS(=N)(=O)Cc1cccc(Nc2ncc(F)c(-c3ccc(F)cc3OCc3ccccc3)n2)c1,6.070581074285707,True,<rdkit.Chem.rdchem.Mol object at 0x735c78f07a70>,False
CHEMBL456163,CDK2,850.0,nM,CC(=O)Nc1c[nH]nc1C(=O)Nc1ccc(F)cc1,6.070581074285707,True,<rdkit.Chem.rdchem.Mol object at 0x735c78f07990>,False
CHEMBL5762877,CDK9,850.0,nM,Cc1cnc(CN2CCc3ccc(-c4cc(NC(=O)C5CCCNC5)ncc4Cl)cc32)cn1,6.070581074285707,True,<rdkit.Chem.rdchem.Mol object at 0x735c78f07840>,False
CHEMBL2112678,CDK1,850.0,nM,CC(C)n1cnc2c(NCc3ccccc3)nc(N[C@H](C)CO)nc21,6.070581074285707,True,<rdkit.Chem.rdchem.Mol object at 0x735c78f07680>,False
CHEMBL3702126,CDK6,860.0,nM,O=C(O)c1ccc(Nc2ncc3c4ccnc(O)c4n(C4CCCC4)c3n2)nc1,6.065501548756432,True,<rdkit.Chem.rdchem.Mol object at 0x735c78f074c0>,False
CHEMBL4750648,CDK9,860.0,nM,CC(=O)N[C@@H]1CCC[C@H](C(=O)Nc2cc(-c3cnn4c3NCCC4)c(Cl)cn2)C1,6.065501548756432,True,<rdkit.Chem.rdchem.Mol object at 0x735c78f07450>,False
CHEMBL3952495,CDK9,870.0,nM,CN(C)C(=O)CN1CC=C(c2[nH]c3nccc4c3c2CN(C)c2ccc(F)cc2-4)C(C)(C)C1,6.060480747381382,True,<rdkit.Chem.rdchem.Mol object at 0x735c78f07370>,False
CHEMBL329040,CDK2,871.0,nM,NS(=O)(=O)c1cccc(Nc2cc(-c3ccc(F)cc3)n[nH]2)c1,6.059981844992336,True,<rdkit.Chem.rdchem.Mol object at 0x735c78f07290>,False
CHEMBL6148270,CDK1,879.1,nM,c1cc(-c2cnn(CC3CC3)c2)c2cc(C3CCNCC3)[nH]c2n1,6.055961719945582,True,<rdkit.Chem.rdchem.Mol object at 0x735c78f07220>,False
CHEMBL5077422,CDK9,881.0,nM,Cc1nc2ccc(-c3cc(N)nc(N)c3)nc2n1CCOc1ccccn1,6.055024091587952,True,<rdkit.Chem.rdchem.Mol object at 0x735c78f071b0>,False
CHEMBL255463,CDK4,890.0,nM,O=C(Cc1ccccc1Cl)Nc1n[nH]c2ccc(N3CCCS3(=O)=O)cc12,6.050609993355087,True,<rdkit.Chem.rdchem.Mol object at 0x735c78f07060>,False
CHEMBL3922076,CDK9,890.0,nM,CN(CCO)C(=O)CN1CC=C(c2[nH]c3nccc4c3c2CN(C)c2ccc(F)cc2-4)C(C)(C)C1,6.050609993355087,True,<rdkit.Chem.rdchem.Mol object at 0x735c78f06ff0>,False
CHEMBL189963,CDK9,892.0,nM,CC(=O)c1c(C)c2cnc(Nc3ccc(N4CCNCC4)cn3)nc2n(C2CCCC2)c1=O,6.049635145623877,True,<rdkit.Chem.rdchem.Mol object at 0x735c78f06f80>,False
CHEMBL131697,CDK1,900.0,nM,CCCC(CO)Nc1nc(NCc2ccccc2)c2ncn(C(C)C)c2n1,6.045757490560675,True,<rdkit.Chem.rdchem.Mol object at 0x735c78f06dc0>,False
CHEMBL95827,CDK1,900.0,nM,COc1ccc2[nH]c3c(c2c1)CC(=O)Nc1ccccc1-3,6.045757490560675,True,<rdkit.Chem.rdchem.Mol object at 0x735c78f06d50>,False
CHEMBL130280,CDK1,900.0,nM,CC(O)CNc1nc(NCc2ccccc2)c2ncn(C(C)C)c2n1,6.045757490560675,True,<rdkit.Chem.rdchem.Mol object at 0x735c78f06ce0>,False
CHEMBL1243004,CDK1,910.0,nM,COC(=O)c1cc(NC(C)=O)ccc1S(=O)(=O)c1ccc(NC(C)=O)cc1C(=O)OC,6.040958607678906,True,<rdkit.Chem.rdchem.Mol object at 0x735c78f06b90>,False
CHEMBL3668466,CDK9,910.0,nM,F[C@@H]1CN[C@H](CNc2ccc(Cl)c(-c3ccnc4[nH]c(C5CCNCC5)cc34)n2)C1,6.040958607678906,True,<rdkit.Chem.rdchem.Mol object at 0x735c78f06b20>,False
CHEMBL4439395,CDK9,911.0,nM,O=C(Cc1ccc(-c2ccccc2)cc1)Nc1cc(C2CCC2)[nH]n1,6.040481623027002,True,<rdkit.Chem.rdchem.Mol object at 0x735c78f06ab0>,False
CHEMBL3673435,CDK2,913.0,nM,COc1cc(F)ccc1-c1ccnc(NC(=O)C2CCC(NC(C)=O)C2)c1,6.039529222465701,True,<rdkit.Chem.rdchem.Mol object at 0x735c78f06a40>,False
CHEMBL4760601,CDK9,920.0,nM,CC(=O)N[C@@H]1CCC[C@H](C(=O)Nc2cc(-c3cnc(C)n3C(C)C)ccn2)C1,6.036212172654444,True,<rdkit.Chem.rdchem.Mol object at 0x735c78f06960>,False
CHEMBL296468,CDK4,925.0,nM,CC(C)(C)c1cnc(CSc2cnc(NC(=O)C3CCNCC3)s2)o1,6.033858267260968,True,<rdkit.Chem.rdchem.Mol object at 0x735c78f068f0>,False
CHEMBL6148270,CDK2,932.7,nM,c1cc(-c2cnn(CC3CC3)c2)c2cc(C3CCNCC3)[nH]c2n1,6.030258023237145,True,<rdkit.Chem.rdchem.Mol object at 0x735c78f06810>,False
CHEMBL1800461,CDK2,940.0,nM,Nc1nc(-c2cc(N3C[C@H](O)[C@@H](O)C3)ccc2O)cc(N2CCOCC2)n1,6.026872146400301,True,<rdkit.Chem.rdchem.Mol object at 0x735c78f06730>,False
CHEMBL5596025,CDK9,948.05,nM,CC(C)S(=O)(=O)c1ccccc1Nc1nc([C@H]2CC[C@@H](N)CC2)ncc1Cl,6.023168757438865,True,<rdkit.Chem.rdchem.Mol object at 0x735c78f066c0>,False
CHEMBL3960117,CDK9,950.0,nM,CN1Cc2c(C3=CCN(CC(=O)N4CCC[C@H]4CO)CC3(C)C)[nH]c3nccc(c23)-c2cc(F)ccc21,6.022276394711152,True,<rdkit.Chem.rdchem.Mol object at 0x735c78f06650>,False
CHEMBL5755053,CDK9,950.0,nM,O=C(c1cccc(F)c1)c1c[nH]c2ccc(-c3cc(NC(=O)[C@@H]4CCCNC4)ncc3Cl)cc12,6.022276394711152,True,<rdkit.Chem.rdchem.Mol object at 0x735c78f065e0>,False
CHEMBL6015135,CDK9,950.0,nM,Cn1c(CN2CCc3ccc(-c4cc(NC(=O)C5CCCNC5)ncc4Cl)cc32)nc2ccccc21,6.022276394711152,True,<rdkit.Chem.rdchem.Mol object at 0x735c78f06570>,False
CHEMBL5777651,CDK9,960.0,nM,O=C(Nc1cc(-c2ccc3[nH]c(=O)n(Cc4cccc(F)c4)c3c2)c(Cl)cn1)[C@@H]1CCCNC1,6.017728766960431,True,<rdkit.Chem.rdchem.Mol object at 0x735c78f06490>,False
CHEMBL3894072,CDK9,960.0,nM,CN1Cc2c(C3=CCN(CC(=O)N4CC(O)C4)CC3(C)C)[nH]c3nccc(c23)-c2cc(F)ccc21,6.017728766960431,True,<rdkit.Chem.rdchem.Mol object at 0x735c78f063b0>,False
CHEMBL193287,CDK2,960.0,nM,N[C@H](C(=O)Nc1cc(C2CC2)[nH]n1)c1ccccc1,6.017728766960431,True,<rdkit.Chem.rdchem.Mol object at 0x735c78f06260>,False
CHEMBL3109953,CDK2,970.0,nM,COc1ccccc1Nc1cc2[nH]c(-c3cn[nH]c3)cc2cn1,6.013228265733755,True,<rdkit.Chem.rdchem.Mol object at 0x735c78f06110>,False
CHEMBL6193188,CDK6,982.0,nM,CN(C)C(=O)c1cc2cnc(Nc3cc(F)cc(-c4nc5c(C(N)=O)cccc5[nH]4)c3)nc2n1C1CCCC1,6.00788851221305,True,<rdkit.Chem.rdchem.Mol object at 0x735c78f05e00>,False
CHEMBL3125732,CDK2,984.0,nM,COc1ccc(-c2nc3cc(-c4csc(C(N)=O)c4)cnc3[nH]2)cc1,6.007004901568658,True,<rdkit.Chem.rdchem.Mol object at 0x735c78f05d90>,False
CHEMBL187969,CDK2,984.0,nM,CN(C)CCOc1cc(F)c(C(=O)c2c(N)nc3ccc(C(=O)c4c(Cl)cccc4Cl)cn23)c(F)c1,6.007004901568658,True,<rdkit.Chem.rdchem.Mol object at 0x735c78f05cb0>,False
CHEMBL504155,CDK2,990.0,nM,CC(=O)Nc1c[nH]nc1-c1nc2ccccc2[nH]1,6.00436480540245,True,<rdkit.Chem.rdchem.Mol object at 0x735c78f05c40>,False
CHEMBL114577,CDK2,990.0,nM,O=C(Nc1cc(C2CC2)[nH]n1)c1cccc(Br)c1,6.00436480540245,True,<rdkit.Chem.rdchem.Mol object at 0x735c78f05bd0>,False
CHEMBL513330,CDK2,1000.0,nM,Clc1ccc(CNc2nccc(-c3cnn4ncccc34)n2)cc1,6.0,True,<rdkit.Chem.rdchem.Mol object at 0x735c78f05a80>,False
CHEMBL101679,CDK4,1000.0,nM,CN(C)CC(O)COc1ccc(Nc2nccc(Nc3ccccc3Cl)n2)cc1,6.0,True,<rdkit.Chem.rdchem.Mol object at 0x735c78f05a10>,False
CHEMBL101019,CDK4,1000.0,nM,CN(C)CC(O)COc1ccc(Nc2nccc(Nc3ccccc3F)n2)cc1,6.0,True,<rdkit.Chem.rdchem.Mol object at 0x735c78f05930>,False
CHEMBL2111873,CDK1,1000.0,nM,CC(C)n1cnc2c(NCc3ccccc3)nc(N[C@@H](C)CO)nc21,6.0,True,<rdkit.Chem.rdchem.Mol object at 0x735c78f05700>,False
CHEMBL3797828,CDK1,1000.0,nM,CN(C)C(=O)c1cccc(-c2cnc(N)c(-c3nc4cccc(N5CCNCC5)c4[nH]3)c2)c1,6.0,True,<rdkit.Chem.rdchem.Mol object at 0x735c78f05690>,False
CHEMBL2112681,CDK1,1000.0,nM,CC(C)n1cnc2c(NCc3ccccc3)nc(N[C@@H](CO)c3ccccc3)nc21,6.0,True,<rdkit.Chem.rdchem.Mol object at 0x735c78f05620>,False
CHEMBL322640,CDK4,1000.0,nM,CN(C)CC(O)COc1ccc(Nc2cc(Nc3cc(Cl)ccc3Cl)ncn2)cc1,6.0,True,<rdkit.Chem.rdchem.Mol object at 0x735c78f054d0>,False
CHEMBL3797873,CDK1,1000.0,nM,C[C@H]1CN(c2cccc3nc(-c4nc(-c5cccc(C(=O)N(C)C)c5)cnc4N)n(C)c23)CCN1,6.0,True,<rdkit.Chem.rdchem.Mol object at 0x735c78f05460>,False
CHEMBL5589612,CDK2,1000.0,nM,CO[C@@]1(C)[C@H](O)C(=O)C(C)=C2OC(=O)c3c(C)cc(O)c(C)c3O[C@@H]21,6.0,True,<rdkit.Chem.rdchem.Mol object at 0x735c78f053f0>,False
CHEMBL3797574,CDK1,1000.0,nM,CN(C)C(=O)c1cccc(-c2cnc(N)c(-c3nc4ccccc4[nH]3)c2)c1,6.0,True,<rdkit.Chem.rdchem.Mol object at 0x735c78f05380>,False
CHEMBL430854,CDK4,1000.0,nM,CN(C)CC(O)COc1ccc(Nc2nccc(Nc3ccc(Cl)cc3)n2)cc1,6.0,True,<rdkit.Chem.rdchem.Mol object at 0x735c78f052a0>,False
CHEMBL5914580,CDK9,1000.0,nM,NCCNc1cc(-c2ccc3ncn(Cc4cccc(F)c4)c3c2)c(Cl)cn1,6.0,True,<rdkit.Chem.rdchem.Mol object at 0x735c78f051c0>,False
CHEMBL101311,CDK2,1000.0,nM,CN(C)CC(O)COc1ccc(Nc2nccc(Nc3cc(Cl)ccc3Cl)n2)cc1,6.0,True,<rdkit.Chem.rdchem.Mol object at 0x735c78f050e0>,False
CHEMBL101810,CDK2,1000.0,nM,CN(C)CC(O)COc1ccc(Nc2nccc(Nc3cc(C(F)(F)F)ccc3F)n2)cc1,6.0,True,<rdkit.Chem.rdchem.Mol object at 0x735c78f05070>,False
CHEMBL446024,CDK4,1000.0,nM,FC(F)(F)CNc1nccc(-c2cnn3ncccc23)n1,6.0,True,<rdkit.Chem.rdchem.Mol object at 0x735c78f04f90>,False
CHEMBL446024,CDK2,1000.0,nM,FC(F)(F)CNc1nccc(-c2cnn3ncccc23)n1,6.0,True,<rdkit.Chem.rdchem.Mol object at 0x735c78f04f20>,False
CHEMBL127907,CDK2,1000.0,nM,COc1cc2ncnc(Nc3cccc(O)c3)c2cc1OC,6.0,True,<rdkit.Chem.rdchem.Mol object at 0x735c78f04eb0>,False
CHEMBL122264,CDK2,1000.0,nM,c1ccc(Nc2nc(OCC3CCCCC3)c3[nH]cnc3n2)cc1,6.0,True,<rdkit.Chem.rdchem.Mol object at 0x735c78f04e40>,False
CHEMBL414651,CDK1,1000.0,nM,CCn1cnc2c(Nc3cccc(OC)c3)nc(NCCO)nc21,6.0,True,<rdkit.Chem.rdchem.Mol object at 0x735c78f04c80>,False
CHEMBL3702176,CDK4,1000.0,nM,COCC(C)(C)n1c2cnccc2c2cnc(Nc3ccc(N4CCC(N(C)C)CC4)nn3)nc21,6.0,True,<rdkit.Chem.rdchem.Mol object at 0x735c78f04c10>,False
CHEMBL5093550,CDK6,1000.0,nM,Cc1nc2ccc(-c3nc(Nc4ccc(C(=O)N5CCN(C)CC5)cn4)ncc3F)cc2nc1C,6.0,True,<rdkit.Chem.rdchem.Mol object at 0x735c78f04ba0>,False
CHEMBL513330,CDK4,1000.0,nM,Clc1ccc(CNc2nccc(-c3cnn4ncccc34)n2)cc1,6.0,True,<rdkit.Chem.rdchem.Mol object at 0x735c78f04b30>,False
CHEMBL103633,CDK4,1000.0,nM,CN(C)CC(O)COc1ccc(Nc2nccc(Nc3ccccc3Br)n2)cc1,6.0,True,<rdkit.Chem.rdchem.Mol object at 0x735c78f04ac0>,False
CHEMBL326310,CDK2,1000.0,nM,O=C(Nc1cc(C2CC2)[nH]n1)c1cccc(Cl)c1,6.0,True,<rdkit.Chem.rdchem.Mol object at 0x735c78f049e0>,False
CHEMBL3589665,CDK9,1000.0,nM,COc1ccc2c(c1)nc(C(=O)O)c1c3cccc(Cl)c3[nH]c21,6.0,True,<rdkit.Chem.rdchem.Mol object at 0x735c78f04970>,False
CHEMBL1922122,CDK2,1000.0,nM,CC[C@@H](Nc1nc(NCc2cccnc2)c2ncn(C(C)C)c2n1)C(O)C(C)(C)C,6.0,True,<rdkit.Chem.rdchem.Mol object at 0x735c78f04900>,False
CHEMBL1800461,CDK1,1000.0,nM,Nc1nc(-c2cc(N3C[C@H](O)[C@@H](O)C3)ccc2O)cc(N2CCOCC2)n1,6.0,True,<rdkit.Chem.rdchem.Mol object at 0x735c78f04740>,False
CHEMBL5088511,CDK9,1019.0,nM,Cc1nc2ccc(-c3cc(N)nc(N)c3)nc2n1CCOc1ccccc1,5.991825815993574,True,<rdkit.Chem.rdchem.Mol object at 0x735c78f046d0>,False
CHEMBL388978,CDK4,1027.0,nM,CN[C@@H]1C[C@H]2O[C@@](C)([C@@H]1OC)n1c3ccccc3c3c4c(c5c6ccccc6n2c5c31)C(=O)NC4,5.988429556402721,True,<rdkit.Chem.rdchem.Mol object at 0x735c78f04660>,False
CHEMBL6146765,CDK1,1029.0,nM,COCC(C)N1CCC(c2cc3c(-c4cnn(CC5CC5)c4)c(Cl)cnc3[nH]2)CC1,5.987584625237567,True,<rdkit.Chem.rdchem.Mol object at 0x735c78f045f0>,False
CHEMBL3823297,CDK2,1030.0,nM,COc1cc(N2CCN(C(C)=O)CC2)ccc1Nc1ncc(Cl)c(-c2cnn3ccccc23)n1,5.987162775294828,True,<rdkit.Chem.rdchem.Mol object at 0x735c78f04580>,False
CHEMBL365608,CDK4,1033.0,nM,C=C(c1ccc2nc(N)c(C(=O)c3c(F)cccc3F)n2c1)c1c(F)cccc1F,5.985899678480379,True,<rdkit.Chem.rdchem.Mol object at 0x735c78f04510>,False
CHEMBL234443,CDK1,1040.0,nM,CC(C)(N)c1ccc(-c2nc(Nc3cccc(Br)c3)ncc2Cl)cc1,5.982966660701219,True,<rdkit.Chem.rdchem.Mol object at 0x735c78f044a0>,False
CHEMBL3655771,CDK9,1040.0,nM,CC[C@H](Nc1nc(NCc2cc(C)nc(C)c2)c2ncn(C(C)C)c2n1)[C@@H](C)O,5.982966660701219,True,<rdkit.Chem.rdchem.Mol object at 0x735c78f043c0>,False
CHEMBL5277013,CDK2,1049.0,nM,N[C@@H](Cc1ccccc1)C(=O)Nc1cncc(-c2ccc3[nH]nc(NC(=O)c4ccccc4)c3c2)c1,5.979224511806442,True,<rdkit.Chem.rdchem.Mol object at 0x735c78f04200>,False
CHEMBL404504,CDK4,1050.0,nM,O=C(Cc1cccc(Cl)c1)Nc1n[nH]c2ccc(N3CCCS3(=O)=O)cc12,5.978810700930062,True,<rdkit.Chem.rdchem.Mol object at 0x735c78f04190>,False
CHEMBL562030,CDK2,1053.0,nM,Cn1nc(C(=O)NCc2ccccc2)c2c1-c1nc(Nc3ccccc3)ncc1CC2,5.9775716288145135,True,<rdkit.Chem.rdchem.Mol object at 0x735c78f04120>,False
CHEMBL393460,CDK1,1060.0,nM,CNCCc1ccc(Nc2ncc(Cl)c(-c3ccc(C(C)(C)N)cc3)n2)cc1,5.97469413473523,True,<rdkit.Chem.rdchem.Mol object at 0x735c78f040b0>,False
CHEMBL186401,CDK2,1068.0,nM,Nc1nc2ccc(C(=O)c3ccccc3C(F)(F)F)cn2c1C(=O)c1c(F)cccc1F,5.971428747307463,True,<rdkit.Chem.rdchem.Mol object at 0x735c78f04040>,False
CHEMBL1081425,CDK2,1070.0,nM,N[C@H](CNc1cnc(-c2ccc3cnccc3c2)s1)Cc1ccc(C(F)(F)F)cc1,5.97061622231479,True,<rdkit.Chem.rdchem.Mol object at 0x735c78f07f40>,False
CHEMBL112582,CDK2,1070.0,nM,CN1CCC(c2c(O)cc(O)c3c(=O)cc(SC(C)(C)C)oc23)C(O)C1,5.97061622231479,True,<rdkit.Chem.rdchem.Mol object at 0x735c78f07bc0>,False
CHEMBL3920205,CDK2,1070.0,nM,CC1CCN(C2CCN(c3ccc(Nc4ncc5cc6n(c5n4)C4(CCCCC4)CNC6=O)nc3)CC2)C1,5.97061622231479,True,<rdkit.Chem.rdchem.Mol object at 0x735c78f07ae0>,False
CHEMBL378248,CDK1,1070.0,nM,NCC(=O)NS(=O)(=O)c1ccc(Nc2nc(N)n(C(=O)c3c(F)cccc3F)n2)cc1,5.97061622231479,True,<rdkit.Chem.rdchem.Mol object at 0x735c78f07a00>,False
CHEMBL4225966,CDK9,1070.0,nM,Cc1c(Br)c(Br)c2c3c1nc(N1CCNCC1)n3CCC2,5.97061622231479,True,<rdkit.Chem.rdchem.Mol object at 0x735c78f078b0>,False
CHEMBL4849464,CDK9,1071.9,nM,CC(C)c1cnn2c(NCc3ccccc3)nc(OC3CCN(C)CC3)nc12,5.969845729077898,True,<rdkit.Chem.rdchem.Mol object at 0x735c78f07760>,False
CHEMBL4846069,CDK9,1080.0,nM,COc1ccc(CC(=O)Nc2cc(C3CCC3)[nH]n2)cc1,5.96657624451305,True,<rdkit.Chem.rdchem.Mol object at 0x735c78f076f0>,False
CHEMBL3890528,CDK2,1080.0,nM,O=C1NCC2(CCCCC2)n2c1cc1cnc(Nc3ccc(N4CCNCC4)cn3)nc12,5.96657624451305,True,<rdkit.Chem.rdchem.Mol object at 0x735c78f07530>,False
CHEMBL189136,CDK4,1081.0,nM,Nc1nc2ccc(C(=O)c3c(F)cccc3F)cn2c1C(=O)c1c(F)cccc1F,5.96617430604669,True,<rdkit.Chem.rdchem.Mol object at 0x735c78f070d0>,False
CHEMBL129396,CDK4,1090.0,nM,CCc1cnc(CSc2cnc(NC(=O)Cc3cccnc3)s2)o1,5.962573502059376,True,<rdkit.Chem.rdchem.Mol object at 0x735c78f06ea0>,False
CHEMBL5952864,CDK2,1090.0,nM,Cc1nc2c(F)cc(-c3nc(Nc4ncc5c(n4)CCN(C(=O)CN(C)C)C5)ncc3F)cc2n1C(C)C,5.962573502059376,True,<rdkit.Chem.rdchem.Mol object at 0x735c78f06420>,False
CHEMBL4649135,CDK9,1090.0,nM,CCn1cnc2c(NCc3nc4ccc(F)c(F)c4[nH]3)nc(N3CCCC[C@H]3CCO)nc21,5.962573502059376,True,<rdkit.Chem.rdchem.Mol object at 0x735c78f06340>,False
CHEMBL6007400,CDK1,1096.0,nM,Cc1nc2c(F)cc(-c3nc(Nc4ccc5c(n4)CCN(C[C@@H](C)N(C)C)C5)ncc3F)cc2n1C1CC1,5.96018944585165,True,<rdkit.Chem.rdchem.Mol object at 0x735c78f062d0>,False
CHEMBL2348162,CDK2,1100.0,nM,Nc1nccc(-n2cc(-c3cccnc3)c3cnccc32)n1,5.958607314841775,True,<rdkit.Chem.rdchem.Mol object at 0x735c78f06030>,False
CHEMBL234699,CDK1,1100.0,nM,CC(C)(C)c1nc(Nc2ccc(CCO)cc2)ncc1C#N,5.958607314841775,True,<rdkit.Chem.rdchem.Mol object at 0x735c78f05fc0>,False
CHEMBL2029905,CDK1,1100.0,nM,CC(O)c1cc2cnc(Nc3cc(C(=O)N4CCN(C)CC4)n(C)c3)nc2n1C1CCCC1,5.958607314841775,True,<rdkit.Chem.rdchem.Mol object at 0x735c78f05f50>,False
CHEMBL5806699,CDK9,1100.0,nM,O=C(Nc1cc(-c2ccc3ncn(CC4CCOCC4)c3c2)c(Cl)cn1)c1cscn1,5.958607314841775,True,<rdkit.Chem.rdchem.Mol object at 0x735c78f05ee0>,False
CHEMBL84436,CDK1,1100.0,nM,CC(C)n1cnc2c(NCc3ccccc3)nc(NC[C@@H](C)O)nc21,5.958607314841775,True,<rdkit.Chem.rdchem.Mol object at 0x735c78f05e70>,False
CHEMBL1809044,CDK2,1100.0,nM,COc1cc(N2CCN(C(C)=O)CC2)ccc1Nc1ncc(Cl)c(-c2cnc3ccccn23)n1,5.958607314841775,True,<rdkit.Chem.rdchem.Mol object at 0x735c78f05d20>,False
CHEMBL319467,CDK9,1100.0,nM,NS(=O)(=O)c1ccc(Nc2nc(OCC3CCCCC3)c3nc[nH]c3n2)cc1,5.958607314841775,True,<rdkit.Chem.rdchem.Mol object at 0x735c78f058c0>,False
CHEMBL1809194,CDK2,1100.0,nM,COc1cc(N2CCN(C(C)=O)CC2)ccc1Nc1ncc(Br)c(-c2cnc3ccccn23)n1,5.958607314841775,True,<rdkit.Chem.rdchem.Mol object at 0x735c78f05850>,False
CHEMBL5436881,CDK2,1100.0,nM,O=C(O)c1cc(C(F)(F)F)ccc1NCCc1c[nH]c2ccccc12,5.958607314841775,True,<rdkit.Chem.rdchem.Mol object at 0x735c78f057e0>,False
CHEMBL5943923,CDK9,1100.0,nM,O=C(Nc1cc(-c2ccc3ncn(CC4CCOCC4)c3c2)c(Cl)cn1)c1cc[nH]n1,5.958607314841775,True,<rdkit.Chem.rdchem.Mol object at 0x735c78f05310>,False
CHEMBL3654250,CDK1,1100.0,nM,c1ncc(-c2cc3cnc(Nc4ccc(CN5CCNCC5)cn4)nc3n2C2CCCC2)o1,5.958607314841775,True,<rdkit.Chem.rdchem.Mol object at 0x735c78f05150>,False
CHEMBL1922210,CDK2,1100.0,nM,CC[C@H](Nc1nc(NCc2cccnc2)c2ncn(C(C)C)c2n1)C(O)C(C)C,5.958607314841775,True,<rdkit.Chem.rdchem.Mol object at 0x735c78f04d60>,False
CHEMBL5188442,CDK2,1100.0,nM,COc1cc(F)ccc1-c1ccnc2[nH]c(-c3ccc(CN4CCOCC4)cc3)nc12,5.958607314841775,True,<rdkit.Chem.rdchem.Mol object at 0x735c78f04a50>,False
CHEMBL3965161,CDK2,1100.0,nM,COc1cc(F)ccc1-c1nc(Nc2cccc(CS(C)(=N)=O)c2)ncc1F,5.958607314841775,True,<rdkit.Chem.rdchem.Mol object at 0x735c78f04820>,False
CHEMBL4459754,CDK9,1100.0,nM,CC(C)c1cnn2c(NCc3ccccc3)cc(NC[C@@H]3CCNC[C@H]3O)nc12,5.958607314841775,True,<rdkit.Chem.rdchem.Mol object at 0x735c78f047b0>,False
CHEMBL5593093,CDK9,1121.85,nM,CC(C)S(=O)(=O)c1ccccc1Nc1nc(C2CCN(S(C)(=O)=O)CC2)ncc1Cl,5.950065207720883,True,<rdkit.Chem.rdchem.Mol object at 0x735c78f3c0b0>,False
CHEMBL2436978,CDK1,1125.0,nM,CN1CCN(Cc2ccc(-c3cnc4[nH]cc(-c5ccc6[nH]ccc6c5)c4c3)cc2)CC1,5.948847477552619,True,<rdkit.Chem.rdchem.Mol object at 0x735c78f3c120>,False
CHEMBL245732,CDK2,1126.0,nM,CN(C)CC(=O)N1CCC(Nc2ncc(Cl)c(-c3c[nH]c4ccccc34)n2)CC1,5.9484616094846725,True,<rdkit.Chem.rdchem.Mol object at 0x735c78f3c190>,False
CHEMBL5592215,CDK9,1130.2,nM,CC(C)S(=O)(=O)c1ccccc1Nc1nc(N[C@H]2CC[C@H](N)CC2)ncc1F,5.94684469703812,True,<rdkit.Chem.rdchem.Mol object at 0x735c78f3c200>,False
CHEMBL393462,CDK1,1140.0,nM,CN(C)CCc1ccc(Nc2ncc(Cl)c(-c3ccc(C(C)(C)N)cc3)n2)cc1,5.943095148663527,True,<rdkit.Chem.rdchem.Mol object at 0x735c78f3c2e0>,False
CHEMBL188392,CDK4,1144.0,nM,NC(=O)c1cc(F)c(C(=O)c2c(N)nc3ccc(C(=O)c4c(Cl)cccc4Cl)cn23)c(F)c1,5.941573975542995,True,<rdkit.Chem.rdchem.Mol object at 0x735c78f3c350>,False
CHEMBL5287796,CDK2,1180.0,nM,COc1cc(O)c2c(=O)cc(-c3ccc(N4CCN(C)CC4)cc3)oc2c1N1CCNCC1,5.928117992693874,True,<rdkit.Chem.rdchem.Mol object at 0x735c78f3c430>,False
CHEMBL2436978,CDK2,1180.0,nM,CN1CCN(Cc2ccc(-c3cnc4[nH]cc(-c5ccc6[nH]ccc6c5)c4c3)cc2)CC1,5.928117992693874,True,<rdkit.Chem.rdchem.Mol object at 0x735c78f3c4a0>,False
CHEMBL3641952,CDK4,1190.0,nM,CN(C)C1CCN(c2ccc(Nc3ncc4c5ccncc5n([C@H]5CCOC5)c4n3)nc2)CC1,5.924453038607469,True,<rdkit.Chem.rdchem.Mol object at 0x735c78f3c510>,False
CHEMBL2158861,CDK1,1200.0,nM,CNC(=O)Nc1ccc(-c2cc(-c3ccnc(Nc4ccc(C)c(S(=O)(=O)N(C)C)c4)n3)ccn2)cc1,5.920818753952375,True,<rdkit.Chem.rdchem.Mol object at 0x735c78f3c580>,False
CHEMBL6021325,CDK9,1200.0,nM,O=C(Nc1cc(-c2ccc3ncn(CC4CCOCC4)c3c2)c(Cl)cn1)c1nc[nH]n1,5.920818753952375,True,<rdkit.Chem.rdchem.Mol object at 0x735c78f3c5f0>,False
CHEMBL6044526,CDK9,1200.0,nM,Nc1nnc(CNc2cc(-c3ccc4ncn(Cc5cccc(F)c5)c4c3)c(Cl)cn2)[nH]1,5.920818753952375,True,<rdkit.Chem.rdchem.Mol object at 0x735c78f3c660>,False
CHEMBL5186159,CDK1,1200.0,nM,NS(=O)(=O)c1ccc(Nc2ncc3c(n2)N(C2CCCC2)C(=O)C32CC2)cc1,5.920818753952375,True,<rdkit.Chem.rdchem.Mol object at 0x735c78f3c6d0>,False
CHEMBL5192909,CDK9,1200.0,nM,CN(C)C(=O)CN1CCC(c2cc3c(-c4ccc(=O)n(C5CCOCC5)c4)ccnc3[nH]2)CC1,5.920818753952375,True,<rdkit.Chem.rdchem.Mol object at 0x735c78f3c740>,False
CHEMBL5779433,CDK9,1200.0,nM,COC(=O)c1ccc(CN2CCc3ccc(-c4cc(NC(=O)C5CCCNC5)ncc4Cl)cc32)cc1,5.920818753952375,True,<rdkit.Chem.rdchem.Mol object at 0x735c78f3c7b0>,False
CHEMBL5945940,CDK9,1200.0,nM,CN(C)CC(O)CNc1cc(-c2ccc3ncn(Cc4cccc(F)c4)c3c2)c(Cl)cn1,5.920818753952375,True,<rdkit.Chem.rdchem.Mol object at 0x735c78f3c820>,False
CHEMBL3943576,CDK9,1200.0,nM,CN1Cc2c(C3=CCN(CC(=O)N(C)C4CC(O)C4)CC3(C)C)[nH]c3nccc(c23)-c2cc(F)ccc21,5.920818753952375,True,<rdkit.Chem.rdchem.Mol object at 0x735c78f3c890>,False
CHEMBL361231,CDK2,1200.0,nM,CC(C)COc1cc(Nc2ccc(S(=O)(=O)N(C)C)cc2)n2ncc(C(C)C)c2n1,5.920818753952375,True,<rdkit.Chem.rdchem.Mol object at 0x735c78f3c900>,False
CHEMBL280074,CDK2,1200.0,nM,Cn1cnc2c(NCc3ccccc3)nc(NCCO)nc21,5.920818753952375,True,<rdkit.Chem.rdchem.Mol object at 0x735c78f3c9e0>,False
CHEMBL5970980,CDK9,1200.0,nM,Fc1cccc(Cn2cnc3ccc(-c4cc(NCCC5CCCCC5)ncc4Cl)cc32)c1,5.920818753952375,True,<rdkit.Chem.rdchem.Mol object at 0x735c78f3ca50>,False
CHEMBL496754,CDK2,1200.0,nM,O=C(Nc1c[nH]nc1-c1nc2cc(CN3CCOCC3)ccc2[nH]1)NC1CCCCC1,5.920818753952375,True,<rdkit.Chem.rdchem.Mol object at 0x735c78f3cac0>,False
CHEMBL2012405,CDK1,1200.0,nM,CNC[C@@H]1CCCN1C(=O)c1cc(Nc2ncc3cnn([C@@H]4C[C@H]5C[C@H]5C4)c3n2)cn1C,5.920818753952375,True,<rdkit.Chem.rdchem.Mol object at 0x735c78f3cc10>,False
CHEMBL4297488,CDK9,1200.0,nM,CC(C)c1cnn2c(NCc3ccccc3)cc(NC[C@H]3CCNC[C@@H]3O)nc12,5.920818753952375,True,<rdkit.Chem.rdchem.Mol object at 0x735c78f3cc80>,False
CHEMBL178268,CDK2,1200.0,nM,CC(C)COc1cc(Nc2ccc(S(C)(=O)=O)cc2)n2ncc(C(C)C)c2n1,5.920818753952375,True,<rdkit.Chem.rdchem.Mol object at 0x735c78f3cdd0>,False
CHEMBL4789009,CDK9,1200.0,nM,CC(=O)N[C@@H]1CCC[C@H](C(=O)Nc2cc(-c3cnc4n3CCCC4)c(Cl)cn2)C1,5.920818753952375,True,<rdkit.Chem.rdchem.Mol object at 0x735c78f3ce40>,False
CHEMBL16484,CDK2,1200.0,nM,CC(C)(C)Nc1nc(C(F)(F)F)nc2ccc(-c3cccnc3)cc12,5.920818753952375,True,<rdkit.Chem.rdchem.Mol object at 0x735c78f3ceb0>,False
CHEMBL5570843,CDK2,1205.0,nM,COc1ccccc1-c1cccc(Nc2cccc(N3CCCNCC3)c2)n1,5.919012953089113,True,<rdkit.Chem.rdchem.Mol object at 0x735c78f3cf20>,False
CHEMBL5557118,CDK2,1208.0,nM,CC(C)(O)Cn1cc(-c2nc(NC3CCN(S(C)(=O)=O)CC3)ncc2C(F)(F)F)cn1,5.917933065714887,True,<rdkit.Chem.rdchem.Mol object at 0x735c78f3cf90>,False
CHEMBL5935906,CDK1,1233.0,nM,CNCCN1CCc2nc(Nc3ncc(F)c(-c4cc(F)c5nc(C)n(C6CC6)c5c4)n3)ccc2C1,5.909036923404269,True,<rdkit.Chem.rdchem.Mol object at 0x735c78f3d070>,False
CHEMBL5542488,CDK2,1237.5,nM,CC(=O)Nc1ccc(CNc2nc(OC3CCN(C)CC3)nc3c(C(C)C)cnn23)cc1,5.907454792394393,True,<rdkit.Chem.rdchem.Mol object at 0x735c78f3d0e0>,False
CHEMBL398989,CDK1,1240.0,nM,CCN1CCN(CCc2ccc(Nc3ncc(Cl)c(-c4ccc5cc[nH]c5c4)n3)cc2)CC1,5.906578314837764,True,<rdkit.Chem.rdchem.Mol object at 0x735c78f3d1c0>,False
CHEMBL4855324,CDK6,1240.0,nM,COc1cc2nc(CNc3nc(N4CCOCC4)nc4c3ncn4-c3cnn(C)c3)[nH]c2cc1Cl,5.906578314837764,True,<rdkit.Chem.rdchem.Mol object at 0x735c78f3d230>,False
CHEMBL5082456,CDK9,1244.0,nM,CCCCn1c(C)nc2ccc(-c3cc(N)nc(N)c3)nc21,5.9051796196452,True,<rdkit.Chem.rdchem.Mol object at 0x735c78f3d2a0>,False
CHEMBL4294760,CDK1,1250.0,nM,CSc1ncc2c(n1)CCc1cnc(Nc3ccc(C(=O)N(C)CCN(C)C)cc3)nc1-2,5.903089986991944,True,<rdkit.Chem.rdchem.Mol object at 0x735c78f3d310>,False
CHEMBL3916385,CDK2,1250.0,nM,CCN(CC)C1CCN(c2ccc(Nc3ncc4cc5n(c4n3)C3(CCCCC3)CNC5=O)nc2)CC1,5.903089986991944,True,<rdkit.Chem.rdchem.Mol object at 0x735c78f3d380>,False
CHEMBL4115060,CDK2,1250.0,nM,C[C@@H](O)CN1CCN(c2ccc(Nc3ncc4cc5n(c4n3)C3(CCCCC3)CNC5=O)nc2)CC1,5.903089986991944,True,<rdkit.Chem.rdchem.Mol object at 0x735c78f3d4d0>,False
CHEMBL5088553,CDK9,1257.0,nM,Cc1nc2ccc(-c3cc(N)nc(N)c3)nc2n1C,5.900664722314042,True,<rdkit.Chem.rdchem.Mol object at 0x735c78f3d5b0>,False
CHEMBL3975020,CDK2,1260.0,nM,CC(C)N1CCN(c2ccc(Nc3ncc4cc5n(c4n3)C3(CCCCC3)CNC5=O)nn2)CC1,5.899629454882437,True,<rdkit.Chem.rdchem.Mol object at 0x735c78f3d620>,False
CHEMBL245335,CDK2,1264.0,nM,CCNC(=O)N1CCC[C@@H](Nc2ncc(Cl)c(-c3c[nH]c4ccccc34)n2)C1,5.898252926053633,True,<rdkit.Chem.rdchem.Mol object at 0x735c78f3d700>,False
CHEMBL5559473,CDK2,1264.5,nM,CCC(=O)Nc1ccc(CNc2nc(OC3CCN(C)CC3)nc3c(C(C)C)cnn23)cc1,5.898081166319576,True,<rdkit.Chem.rdchem.Mol object at 0x735c78f3d770>,False
CHEMBL3986852,CDK2,1280.0,nM,O=C1NCC2(CCCCC2)n2c1cc1cnc(Nc3ccc(N4CCN(CC5CC5)CC4)cn3)nc12,5.892790030352131,True,<rdkit.Chem.rdchem.Mol object at 0x735c78f3d8c0>,False
CHEMBL249302,CDK1,1280.0,nM,COCc1cccc2[nH]c(-c3n[nH]c4ncc(-c5cncnc5)cc34)nc12,5.892790030352131,True,<rdkit.Chem.rdchem.Mol object at 0x735c78f3d930>,False
CHEMBL5647522,CDK2,1290.0,nM,Cc1nc(-c2c(C)nn3c(-c4ccccc4)ccnc23)no1,5.889410289700751,True,<rdkit.Chem.rdchem.Mol object at 0x735c78f3d9a0>,False
CHEMBL186204,CDK2,1294.0,nM,Cc1ccccc1C(=O)c1ccc2nc(N)c(C(=O)c3c(F)cccc3F)n2c1,5.888065723667319,True,<rdkit.Chem.rdchem.Mol object at 0x735c78f3da10>,False
CHEMBL5761367,CDK9,1300.0,nM,O=C(Nc1cc(-c2ccc3ncn(CC4CCOCC4)c3c2)c(Cl)cn1)C1CCS(=O)(=O)C12CNC2,5.886056647693163,True,<rdkit.Chem.rdchem.Mol object at 0x735c78f3daf0>,False
CHEMBL338924,CDK1,1300.0,nM,CCC(C)(O)CCc1nc(NCc2ccccc2)c2ncn(C(C)C)c2n1,5.886056647693163,True,<rdkit.Chem.rdchem.Mol object at 0x735c78f3dc40>,False
CHEMBL6028622,CDK9,1300.0,nM,Fc1cccc(Cn2cnc3ccc(-c4cc(NC[C@H]5C[C@H](F)CN5)ncc4Cl)cc32)c1,5.886056647693163,True,<rdkit.Chem.rdchem.Mol object at 0x735c78f3dcb0>,False
CHEMBL1234009,CDK2,1300.0,nM,c1ccc2c(c1)Cc1c-2n[nH]c1-c1ccncc1,5.886056647693163,True,<rdkit.Chem.rdchem.Mol object at 0x735c78f3dd20>,False
CHEMBL5844950,CDK9,1300.0,nM,CCOC(=O)NS(=O)(=O)N1CCC[C@@H](C(=O)Nc2cc(-c3ccc4ncn(CC5CCOCC5)c4c3)c(Cl)cn2)C1,5.886056647693163,True,<rdkit.Chem.rdchem.Mol object at 0x735c78f3dd90>,False
CHEMBL3668372,CDK9,1300.0,nM,COc1ccc(F)cc1-c1ccnc2[nH]c(C3CCCN3C(C)=O)cc12,5.886056647693163,True,<rdkit.Chem.rdchem.Mol object at 0x735c78f3de00>,False
CHEMBL3654243,CDK1,1300.0,nM,c1ncc(-c2cc3cnc(Nc4ccc(N5CCNCC5)cn4)nc3n2C2CCCC2)o1,5.886056647693163,True,<rdkit.Chem.rdchem.Mol object at 0x735c78f3de70>,False
CHEMBL3944510,CDK9,1300.0,nM,CN(CC(O)CO)C(=O)CN1CC=C(c2[nH]c3nccc4c3c2CN(C)c2ccc(F)cc2-4)C(C)(C)C1,5.886056647693163,True,<rdkit.Chem.rdchem.Mol object at 0x735c78f3dee0>,False
CHEMBL318911,CDK1,1300.0,nM,O=C1Cc2c([nH]c3c(Br)cccc23)-c2ccccc2N1,5.886056647693163,True,<rdkit.Chem.rdchem.Mol object at 0x735c78f3dfc0>,False
CHEMBL2029906,CDK1,1300.0,nM,CN1CCN(C(=O)c2cc(Nc3ncc4cc(CO)n(C5CCCC5)c4n3)cn2C)CC1,5.886056647693163,True,<rdkit.Chem.rdchem.Mol object at 0x735c78f3e030>,False
CHEMBL5987043,CDK9,1300.0,nM,CC(C)C(=O)N1CCC2(C1)C(C(=O)Nc1cc(-c3ccc4ncn(Cc5cccc(F)c5)c4c3)c(Cl)cn1)CCS2(=O)=O,5.886056647693163,True,<rdkit.Chem.rdchem.Mol object at 0x735c78f3e110>,False
CHEMBL98554,CDK1,1300.0,nM,O=C1Cc2c([nH]c3cc(Br)ccc23)-c2ccccc2N1,5.886056647693163,True,<rdkit.Chem.rdchem.Mol object at 0x735c78f3e1f0>,False
CHEMBL3799935,CDK2,1300.0,nM,Nc1ncc(-c2ccccc2)cc1-c1nc2ccccc2[nH]1,5.886056647693163,True,<rdkit.Chem.rdchem.Mol object at 0x735c78f3e260>,False
CHEMBL415789,CDK4,1300.0,nM,CSc1ccc(CC(=O)Nc2n[nH]c3ccc(N4CCCS4(=O)=O)cc23)cc1,5.886056647693163,True,<rdkit.Chem.rdchem.Mol object at 0x735c78f3e2d0>,False
CHEMBL3668357,CDK9,1300.0,nM,COC(=O)N1CCCC(c2cc3c(-c4cccc(NCc5ccccc5)n4)c(Cl)cnc3[nH]2)C1,5.886056647693163,True,<rdkit.Chem.rdchem.Mol object at 0x735c78f3e340>,False
CHEMBL497398,CDK4,1300.0,nM,Oc1ccc2c(-c3ccnc(NC4CC4)n3)cnn2n1,5.886056647693163,True,<rdkit.Chem.rdchem.Mol object at 0x735c78f3e420>,False
CHEMBL1980391,CDK2,1330.0,nM,COc1cc2c(cc1F)C(c1ccccc1Cl)=Nc1c(n[nH]c1C)N2,5.876148359032914,True,<rdkit.Chem.rdchem.Mol object at 0x735c78f3e490>,False
CHEMBL254171,CDK4,1330.0,nM,O=C(Cc1ccc(-c2ccncc2)cc1)Nc1n[nH]c2ccc(N3CCCS3(=O)=O)cc12,5.876148359032914,True,<rdkit.Chem.rdchem.Mol object at 0x735c78f3e500>,False
CHEMBL5556499,CDK2,1337.5,nM,CC(=O)Nc1ccc(CNc2nc(NC3CCNCC3)nc3c(C(C)C)cnn23)cc1,5.873706209306734,True,<rdkit.Chem.rdchem.Mol object at 0x735c78f3e650>,False
CHEMBL210765,CDK1,1340.0,nM,CN1CCN(CCC(=O)NS(=O)(=O)c2ccc(Nc3nc(N)n(C(=O)c4c(F)cccc4F)n3)cc2)CC1,5.872895201635192,True,<rdkit.Chem.rdchem.Mol object at 0x735c78f3e6c0>,False
CHEMBL5591779,CDK6,1345.5,nM,CC(=O)N[C@H]1CC[C@H](c2ncc(Cl)c(Nc3ccccc3S(=O)(=O)C(C)C)n2)CC1,5.871116297900226,True,<rdkit.Chem.rdchem.Mol object at 0x735c78f3e730>,False
CHEMBL3908669,CDK2,1350.0,nM,O=C1NCC2(CCCC2)n2c1cc1cnc(Nc3ccc(N4CCC(N5CCOCC5)CC4)cn3)nc12,5.8696662315049934,True,<rdkit.Chem.rdchem.Mol object at 0x735c78f3e7a0>,False
CHEMBL3668457,CDK2,1360.0,nM,COc1ccc(F)cc1-c1ccnc2[nH]c(C3=CCN(CC(O)CO)CC3)cc12,5.866461091629782,True,<rdkit.Chem.rdchem.Mol object at 0x735c78f3e810>,False
CHEMBL249095,CDK1,1360.0,nM,COCc1cccc2[nH]c(-c3n[nH]c4ncc(-c5cnc6ccccc6c5)cc34)nc12,5.866461091629782,True,<rdkit.Chem.rdchem.Mol object at 0x735c78f3e880>,False
CHEMBL6150020,CDK2,1363.0,nM,Clc1cnc2[nH]c(C3CCNCC3)nc2c1-c1cnn(CC2CC2)c1,5.865504144165326,True,<rdkit.Chem.rdchem.Mol object at 0x735c78f3e8f0>,False
CHEMBL3702215,CDK4,1380.0,nM,COCCn1c2cnccc2c2cnc(Nc3ccc(N4CCC(N(C)C)CC4)nn3)nc21,5.860120913598763,True,<rdkit.Chem.rdchem.Mol object at 0x735c78f3e9d0>,False
CHEMBL3823914,CDK2,1380.0,nM,CC(=O)N1CCC(n2nc(C)c(Nc3ncc(Cl)c(-c4cnn5ccccc45)n3)c2C)CC1,5.860120913598763,True,<rdkit.Chem.rdchem.Mol object at 0x735c78f3ea40>,False
CHEMBL4471850,CDK1,1380.0,nM,CC(C)c1cnn2c(NCc3ccccc3)cc(NC[C@]3(O)CCNC[C@H]3O)nc12,5.860120913598763,True,<rdkit.Chem.rdchem.Mol object at 0x735c78f3eab0>,False
CHEMBL5091299,CDK6,1385.0,nM,COc1cnc(Nc2ccc(C(=O)N3CCNCC3)cn2)nc1-c1ccc2ncc(N(C)C)nc2c1,5.858550226599533,True,<rdkit.Chem.rdchem.Mol object at 0x735c78f3eb20>,False
CHEMBL6189370,CDK1,1400.0,nM,CC(=O)O[C@@H]1CC(=O)c2coc3c2[C@@]1(C)c1ccc2c(c1C3=O)CCC2=O,5.853871964321762,True,<rdkit.Chem.rdchem.Mol object at 0x735c78f3eb90>,False
CHEMBL100220,CDK1,1400.0,nM,COC(=O)Cn1c2c(c3cc(Br)ccc31)CC(=O)Nc1ccccc1-2,5.853871964321762,True,<rdkit.Chem.rdchem.Mol object at 0x735c78f3ec00>,False
CHEMBL2158865,CDK1,1400.0,nM,CNC(=O)Nc1ccc(-c2cc(-c3ccnc(Nc4ccc(Cl)c(S(=O)(=O)N(C)C)c4)n3)ccn2)cc1,5.853871964321762,True,<rdkit.Chem.rdchem.Mol object at 0x735c78f3ec70>,False
CHEMBL3798762,CDK2,1400.0,nM,CN(C)C(=O)c1cccc(-c2cnc(N)c(-c3nc4cccc(N5CCNCC5)c4n3C)n2)c1,5.853871964321762,True,<rdkit.Chem.rdchem.Mol object at 0x735c78f3ece0>,False
CHEMBL2029912,CDK1,1400.0,nM,CC(C)CCn1cc(-c2cc3cnc(Nc4cc(C(=O)N5CCN(C)CC5)n(C)c4)nc3n2C2CCCC2)cn1,5.853871964321762,True,<rdkit.Chem.rdchem.Mol object at 0x735c78f3ed50>,False
CHEMBL318471,CDK1,1400.0,nM,O=C1Cc2c([nH]c3c(Cl)cccc23)-c2ccccc2N1,5.853871964321762,True,<rdkit.Chem.rdchem.Mol object at 0x735c78f3edc0>,False
CHEMBL3909386,CDK9,1400.0,nM,CCC1c2c(C3=CCN(C(=O)OC(C)(C)C)CC3)[nH]c3nccc(c23)-c2cc(F)ccc2N1C,5.853871964321762,True,<rdkit.Chem.rdchem.Mol object at 0x735c78f3ee30>,False
CHEMBL233152,CDK2,1400.0,nM,Cc1cc(N2CCCS2(=O)=O)c2oc(-c3ccc(O)c(C#N)c3)c(O)c(=O)c2c1,5.853871964321762,True,<rdkit.Chem.rdchem.Mol object at 0x735c78f3ef10>,False
CHEMBL5873253,CDK9,1400.0,nM,O=C(O)c1ccc(Cn2nnc3ccc(-c4cc(NC(=O)[C@@H]5CCCNC5)ncc4Cl)cc32)cc1,5.853871964321762,True,<rdkit.Chem.rdchem.Mol object at 0x735c78f3ef80>,False
CHEMBL6049156,CDK9,1400.0,nM,O=C(Nc1cc(-c2ccc3ncn(CC4CCOCC4)c3c2)c(Cl)cn1)c1c[nH]cn1,5.853871964321762,True,<rdkit.Chem.rdchem.Mol object at 0x735c78f3eff0>,False
CHEMBL5968902,CDK9,1400.0,nM,Fc1cccc(Cn2cnc3ccc(-c4cc(NCc5ncccn5)ncc4Cl)cc32)c1,5.853871964321762,True,<rdkit.Chem.rdchem.Mol object at 0x735c78f3f060>,False
CHEMBL5937239,CDK9,1400.0,nM,O=C(Nc1cc(-c2ccc3c(c2)N(Cc2ccc(-c4nn[nH]n4)cc2)CC3)c(Cl)cn1)C1CCCNC1,5.853871964321762,True,<rdkit.Chem.rdchem.Mol object at 0x735c78f3f0d0>,False
CHEMBL5270781,CDK2,1400.0,nM,CC1CN(c2ccncc2NC(=O)c2ccnn3cc(-c4ccccc4)nc23)CCO1,5.853871964321762,True,<rdkit.Chem.rdchem.Mol object at 0x735c78f3f140>,False
CHEMBL254170,CDK4,1400.0,nM,CS(=O)(=O)c1ccc(CC(=O)Nc2n[nH]c3ccc(N4CCCS4(=O)=O)cc23)cc1,5.853871964321762,True,<rdkit.Chem.rdchem.Mol object at 0x735c78f3f220>,False
CHEMBL5080497,CDK9,1407.0,nM,Cc1nc2ccc(-c3cc(N)nc(N)c3)nc2n1CCCC(F)(F)F,5.851705902565255,True,<rdkit.Chem.rdchem.Mol object at 0x735c78f3f290>,False
CHEMBL212264,CDK1,1410.0,nM,Nc1nc(Nc2ccc(S(=O)(=O)NC(=O)[C@H](N)CO)cc2)nn1C(=O)c1c(F)cccc1F,5.85078088734462,True,<rdkit.Chem.rdchem.Mol object at 0x735c78f3f300>,False
CHEMBL5092606,CDK6,1416.5,nM,CN(C)C(=O)c1ccc(Nc2ncc(C(F)(F)F)c(N[C@H]3CC[C@@H](N)CC3)n2)cc1,5.848783421143544,True,<rdkit.Chem.rdchem.Mol object at 0x735c78f3f3e0>,False
CHEMBL5089164,CDK1,1416.5,nM,Cn1ccc2cc(Nc3ncc(C(F)(F)F)c(N[C@H]4CC[C@@H](N)CC4)n3)ccc2c1=O,5.848783421143544,True,<rdkit.Chem.rdchem.Mol object at 0x735c78f3f450>,False
CHEMBL4083249,CDK9,1430.0,nM,C[C@@H](c1ccc(F)cc1)n1nnc2cnc3ccc(-c4ccc5ocnc5c4)cc3c21,5.844663962534938,True,<rdkit.Chem.rdchem.Mol object at 0x735c78f3f5a0>,False
CHEMBL16171,CDK2,1460.0,nM,COc1c(O)cc(O)c2c(=O)cc(-c3ccccc3)oc12,5.835647144215563,True,<rdkit.Chem.rdchem.Mol object at 0x735c78f3f680>,False
CHEMBL3919361,CDK2,1460.0,nM,O=C1NCC2(CCCCC2)n2c1cc1cnc(Nc3ccc(N4CCC(N5CCOCC5)CC4)cn3)nc12,5.835647144215563,True,<rdkit.Chem.rdchem.Mol object at 0x735c78f3f6f0>,False
CHEMBL3894204,CDK2,1460.0,nM,CN(C)C1CCN(c2ccc(Nc3ncc4cc5n(c4n3)C3(CCCCC3)CNC5=O)nn2)CC1,5.835647144215563,True,<rdkit.Chem.rdchem.Mol object at 0x735c78f3f760>,False
CHEMBL5757213,CDK2,1490.0,nM,Cc1nc2c(F)cc(-c3nc(Nc4ccc5c(n4)CCN(CCCN(C)C)C5)ncc3F)cc2n1C1CC1,5.826813731587726,True,<rdkit.Chem.rdchem.Mol object at 0x735c78f3f840>,False
CHEMBL6041765,CDK9,1500.0,nM,CN(CCNc1cc(-c2ccc3ncn(Cc4cccc(F)c4)c3c2)c(Cl)cn1)Cc1ccccc1,5.823908740944319,True,<rdkit.Chem.rdchem.Mol object at 0x735c78f3f920>,False
CHEMBL115125,CDK2,1500.0,nM,Cc1cc(NC(=O)c2ccccc2)n[nH]1,5.823908740944319,True,<rdkit.Chem.rdchem.Mol object at 0x735c78f3f990>,False
CHEMBL1242367,CDK4,1500.0,nM,CCNc1cc(N[C@H]2CC[C@@H](O)CC2)nc(Nc2ccc3c(ccn3Cc3ccccc3)c2)n1,5.823908740944319,True,<rdkit.Chem.rdchem.Mol object at 0x735c78f3fa00>,False
CHEMBL6038748,CDK9,1500.0,nM,Fc1cccc(Cn2cnc3ccc(-c4cc(NC[C@H]5CCN5)ncc4Cl)cc32)c1,5.823908740944319,True,<rdkit.Chem.rdchem.Mol object at 0x735c78f3fa70>,False
CHEMBL458926,CDK2,1500.0,nM,CC(C)Nc1cc(Cl)nc2c(C#N)cnn12,5.823908740944319,True,<rdkit.Chem.rdchem.Mol object at 0x735c78f3fae0>,False
CHEMBL372247,CDK1,1500.0,nM,OCC(O)CNc1[nH]cnc2nc(-c3ccccc3)c(-c3ccccc3)c1-2,5.823908740944319,True,<rdkit.Chem.rdchem.Mol object at 0x735c78f3fb50>,False
CHEMBL457979,CDK4,1500.0,nM,Cc1ncc(-c2ccnc(Nc3ccc(S(=O)(=O)Cc4ccccc4)cc3)n2)n1C(C)C,5.823908740944319,True,<rdkit.Chem.rdchem.Mol object at 0x735c78f3fbc0>,False
CHEMBL3702214,CDK6,1500.0,nM,COCCn1c2cnccc2c2cnc(Nc3ccc(N4CCC(N(C)C)CC4)cn3)nc21,5.823908740944319,True,<rdkit.Chem.rdchem.Mol object at 0x735c78f3fc30>,False
CHEMBL5982633,CDK9,1500.0,nM,O=C(Nc1cc(-c2ccc3ncn(CC4CCOCC4)c3c2)c(Cl)cn1)C1CCS(=O)(=O)C12CCNC2,5.823908740944319,True,<rdkit.Chem.rdchem.Mol object at 0x735c78f3fca0>,False
CHEMBL5975923,CDK9,1500.0,nM,O=C(Nc1cc(-c2ccc3ncn(CC4CCOCC4)c3c2)c(Cl)cn1)C1=CCCNC1,5.823908740944319,True,<rdkit.Chem.rdchem.Mol object at 0x735c78f3fd10>,False
CHEMBL234065,CDK1,1500.0,nM,COc1ccc(-c2nc(Nc3ccc(CCO)cc3)ncc2C#N)cc1,5.823908740944319,True,<rdkit.Chem.rdchem.Mol object at 0x735c78f3fdf0>,False
CHEMBL455194,CDK9,1500.0,nM,CC1CC(C(=O)Nc2ncc(SCc3ncc(C(C)(C)C)o3)s2)CCN1,5.823908740944319,True,<rdkit.Chem.rdchem.Mol object at 0x735c78f3fe60>,False
CHEMBL116047,CDK2,1500.0,nM,O=C(Nc1cc(C2CC2)[nH]n1)c1ccccc1Br,5.823908740944319,True,<rdkit.Chem.rdchem.Mol object at 0x735c791e0040>,False
CHEMBL3589666,CDK9,1500.0,nM,COc1ccc2c(c1)nc(C(=O)O)c1c3cccc(Br)c3[nH]c21,5.823908740944319,True,<rdkit.Chem.rdchem.Mol object at 0x735c791e0120>,False
CHEMBL3668405,CDK9,1500.0,nM,CN1CCC(c2cc3c(-c4nc(Nc5nc(N)ccc5Cl)ccc4Cl)ccnc3[nH]2)CC1,5.823908740944319,True,<rdkit.Chem.rdchem.Mol object at 0x735c791e0270>,False
CHEMBL3915889,CDK2,1500.0,nM,O=C1NCC2(CCCCC2)n2c1cc1cnc(Nc3ccc(N4CCC(N5CCCCC5)CC4)cn3)nc12,5.823908740944319,True,<rdkit.Chem.rdchem.Mol object at 0x735c791e02e0>,False
CHEMBL248176,CDK2,1517.0,nM,CCNC(=O)N1CCC(Nc2ncc(Cl)c(-c3c[nH]c4ccccc34)n2)CC1,5.81901441921327,True,<rdkit.Chem.rdchem.Mol object at 0x735c791e0350>,False
CHEMBL3956661,CDK2,1520.0,nM,CC1(C)CN(c2ccc(Nc3ncc4cc5n(c4n3)C3(CCCCC3)CNC5=O)nc2)CCN1CC1CC1,5.818156412055227,True,<rdkit.Chem.rdchem.Mol object at 0x735c791e03c0>,False
CHEMBL3824296,CDK2,1520.0,nM,Cc1nn(C2CCNCC2)c(C)c1Nc1ncc(Cl)c(-c2cnn3ccccc23)n1,5.818156412055227,True,<rdkit.Chem.rdchem.Mol object at 0x735c791e0430>,False
CHEMBL4459754,CDK1,1520.0,nM,CC(C)c1cnn2c(NCc3ccccc3)cc(NC[C@@H]3CCNC[C@H]3O)nc12,5.818156412055227,True,<rdkit.Chem.rdchem.Mol object at 0x735c791e04a0>,False
CHEMBL3301610,CDK1,1523.0,nM,CCN1CCN(Cc2ccc(Nc3ncc(F)c(-c4cc(F)c5nc(C)n(C(C)C)c5c4)n3)nc2)CC1,5.817300096663957,True,<rdkit.Chem.rdchem.Mol object at 0x735c791e0510>,False
CHEMBL233225,CDK1,1540.0,nM,Clc1cnc(Nc2ccc(CCN3CCCC3)cc2)nc1-c1ccc2cc[nH]c2c1,5.8124792791635365,True,<rdkit.Chem.rdchem.Mol object at 0x735c791e05f0>,False
CHEMBL6141840,CDK1,1548.0,nM,COCCN1CCC(c2cc3c(-c4cnn(CC5CC5)c4)c(Cl)cnc3[nH]2)CC1,5.810229043653126,True,<rdkit.Chem.rdchem.Mol object at 0x735c791e06d0>,False
CHEMBL378420,CDK1,1550.0,nM,Nc1nc(Nc2ccc(S(=O)(=O)NC(=O)CCN3CCOCC3)cc2)nn1C(=O)c1c(F)cccc1F,5.809668301829708,True,<rdkit.Chem.rdchem.Mol object at 0x735c791e0740>,False
CHEMBL3691599,CDK4,1566.0,nM,CN(C)C(=O)c1cc2cnc(Nc3ccc(C(=O)N4CC5CCC(C4)N5)cn3)nc2n1C1CCN(C(C)(C)C)CC1,5.805208242278075,True,<rdkit.Chem.rdchem.Mol object at 0x735c791e0820>,False
CHEMBL3890659,CDK2,1580.0,nM,CCN(CC)C1CCN(C2CCN(c3ccc(Nc4ncc5cc6n(c5n4)C4(CCCCC4)CNC6=O)nc3)CC2)C1,5.801342913045577,True,<rdkit.Chem.rdchem.Mol object at 0x735c791e0890>,False
CHEMBL457208,CDK2,1600.0,nM,O=C(Cc1ccccc1)Nc1c[nH]nc1C(=O)Nc1ccc(F)cc1,5.795880017344075,True,<rdkit.Chem.rdchem.Mol object at 0x735c791e09e0>,False
CHEMBL445757,CDK4,1600.0,nM,CC(C)Oc1ccc2c(-c3ccnc(NC4CC4)n3)cnn2n1,5.795880017344075,True,<rdkit.Chem.rdchem.Mol object at 0x735c791e0a50>,False
CHEMBL5911482,CDK9,1600.0,nM,Cc1nnc(CNc2cc(-c3ccc4ncn(Cc5cccc(F)c5)c4c3)c(Cl)cn2)[nH]1,5.795880017344075,True,<rdkit.Chem.rdchem.Mol object at 0x735c791e0ac0>,False
CHEMBL3663760,CDK2,1600.0,nM,COc1cc(F)ccc1-c1ccnc2[nH]c(C3CCNCC3)cc12,5.795880017344075,True,<rdkit.Chem.rdchem.Mol object at 0x735c791e0ba0>,False
CHEMBL99037,CDK1,1600.0,nM,O=C1Cc2c([nH]c3ccc(F)cc23)-c2ccccc2N1,5.795880017344075,True,<rdkit.Chem.rdchem.Mol object at 0x735c791e0c10>,False
CHEMBL3891725,CDK9,1600.0,nM,CN1Cc2c(C3=CCN(CC(=O)O)CC3(C)C)[nH]c3nccc(c23)-c2cc(F)ccc21,5.795880017344075,True,<rdkit.Chem.rdchem.Mol object at 0x735c791e0c80>,False
CHEMBL319467,CDK4,1600.0,nM,NS(=O)(=O)c1ccc(Nc2nc(OCC3CCCCC3)c3nc[nH]c3n2)cc1,5.795880017344075,True,<rdkit.Chem.rdchem.Mol object at 0x735c791e0cf0>,False
CHEMBL508506,CDK9,1600.0,nM,CC1NCCCC1C(=O)Nc1ncc(SCc2ncc(C(C)(C)C)o2)s1,5.795880017344075,True,<rdkit.Chem.rdchem.Mol object at 0x735c791e0d60>,False
CHEMBL4765079,CDK9,1600.0,nM,CC(=O)N[C@@H]1CCC[C@H](C(=O)Nc2cc(-c3cnc4ccccn34)c(Cl)cn2)C1,5.795880017344075,True,<rdkit.Chem.rdchem.Mol object at 0x735c791e0eb0>,False
CHEMBL5853237,CDK9,1600.0,nM,CN(C)C(C)(C)CNc1cc(-c2ccc3ncn(Cc4cccc(F)c4)c3c2)c(Cl)cn1,5.795880017344075,True,<rdkit.Chem.rdchem.Mol object at 0x735c791e0f20>,False
CHEMBL243017,CDK1,1600.0,nM,CC(C)(N)c1ccc(-c2nc(Nc3ccc(CCO)cc3)ncc2C#N)cc1,5.795880017344075,True,<rdkit.Chem.rdchem.Mol object at 0x735c791e1070>,False
CHEMBL254979,CDK4,1600.0,nM,O=C(Cc1ccc2ccccc2c1)Nc1n[nH]c2ccc(N3CCCS3(=O)=O)cc12,5.795880017344075,True,<rdkit.Chem.rdchem.Mol object at 0x735c791e10e0>,False
CHEMBL1234009,CDK1,1600.0,nM,c1ccc2c(c1)Cc1c-2n[nH]c1-c1ccncc1,5.795880017344075,True,<rdkit.Chem.rdchem.Mol object at 0x735c791e1150>,False
CHEMBL392306,CDK1,1610.0,nM,CN1CCN(CCc2ccc(Nc3ncc(Cl)c(-c4ccc(C(C)(C)N)cc4)n3)cc2)CC1,5.79317412396815,True,<rdkit.Chem.rdchem.Mol object at 0x735c791e11c0>,False
CHEMBL3966804,CDK2,1620.0,nM,CCN(CC)C1CCN(c2ccc(Nc3ncc4cc5n(c4n3)C3(CCCC3)CNC5=O)nc2)CC1,5.790484985457369,True,<rdkit.Chem.rdchem.Mol object at 0x735c791e12a0>,False
CHEMBL3702235,CDK4,1630.0,nM,CC[C@H](C)n1c2cnccc2c2cnc(Nc3ccc(N4CCC(NC)CC4)cn3)nc21,5.787812395596042,True,<rdkit.Chem.rdchem.Mol object at 0x735c791e1310>,False
CHEMBL3691566,CDK4,1630.0,nM,CNC(=O)c1cc2cnc(Nc3ccc(C(=O)N4CC5CCC(C4)N5)cn3)nc2n1C1CCCC1,5.787812395596042,True,<rdkit.Chem.rdchem.Mol object at 0x735c791e1380>,False
CHEMBL3891784,CDK2,1660.0,nM,CC(C)N1CCN(Cc2ccc(Nc3ncc4cc5n(c4n3)C3(CCCCC3)CNC5=O)nc2)CC1,5.779891911959945,True,<rdkit.Chem.rdchem.Mol object at 0x735c791e13f0>,False
CHEMBL4519886,CDK1,1660.0,nM,CC(C)c1cnn2c(NCc3ccccc3)cc(NCC3CCNCC3)nc12,5.779891911959945,True,<rdkit.Chem.rdchem.Mol object at 0x735c791e1460>,False
CHEMBL3894860,CDK2,1660.0,nM,CN1CCN(c2ccc(Nc3ncc4cc5n(c4n3)C3(CCCCC3)CNC5=O)nc2)CC1,5.779891911959945,True,<rdkit.Chem.rdchem.Mol object at 0x735c791e14d0>,False
CHEMBL4211162,CDK1,1671.1,nM,CCN1CCN(Cc2ccc(Nc3cc(-c4cc(F)c5nc(C)n(C(C)C)c5c4)c(F)cn3)nn2)CC1,5.776997560789591,True,<rdkit.Chem.rdchem.Mol object at 0x735c791e15b0>,False
CHEMBL3823929,CDK2,1680.0,nM,CC(=O)N1CCC(n2nc(C)c(Nc3ncc(Cl)c(-c4cnc5ccccn45)n3)c2C)CC1,5.774690718274137,True,<rdkit.Chem.rdchem.Mol object at 0x735c791e1620>,False
CHEMBL3947713,CDK2,1680.0,nM,CC1(C)CN(c2ccc(Nc3ncc4cc5n(c4n3)C3(CCCCC3)CNC5=O)nc2)CCN1C1CC1,5.774690718274137,True,<rdkit.Chem.rdchem.Mol object at 0x735c791e1690>,False
CHEMBL185914,CDK2,1691.0,nM,Nc1nc2ccc(/C(=C/c3nn[nH]n3)c3c(F)cccc3F)cn2c1C(=O)c1c(F)cccc1F,5.771856392402258,True,<rdkit.Chem.rdchem.Mol object at 0x735c791e1700>,False
CHEMBL2029913,CDK1,1700.0,nM,CN1CCN(C(=O)c2cc(Nc3ncc4cc(-c5ccnn5C)n(C5CCCC5)c4n3)cn2C)CC1,5.769551078621726,True,<rdkit.Chem.rdchem.Mol object at 0x735c791e1770>,False
CHEMBL210540,CDK2,1700.0,nM,Cc1cc(-c2cnc(Nc3cnc(CN4CCN(C)CC4)cn3)s2)nc(OC2CCCCC2)n1,5.769551078621726,True,<rdkit.Chem.rdchem.Mol object at 0x735c791e17e0>,False
CHEMBL233153,CDK2,1700.0,nM,Cc1cc(N2CCCS2(=O)=O)c2oc(-c3ccc(O)c(C(F)(F)F)c3)c(O)c(=O)c2c1,5.769551078621726,True,<rdkit.Chem.rdchem.Mol object at 0x735c791e1850>,False
CHEMBL6054113,CDK9,1700.0,nM,NC1(C(=O)Nc2cc(-c3ccc4ncn(CC5CCOCC5)c4c3)c(Cl)cn2)CCCC1,5.769551078621726,True,<rdkit.Chem.rdchem.Mol object at 0x735c791e1930>,False
CHEMBL3798066,CDK1,1700.0,nM,CN(C)C(=O)c1cccc(-c2cnc(N)c(-c3nc4cccc(N5CCNCC5)c4[nH]3)n2)c1,5.769551078621726,True,<rdkit.Chem.rdchem.Mol object at 0x735c791e19a0>,False
CHEMBL390186,CDK1,1700.0,nM,N#Cc1cnc(Nc2ccc(CCO)cc2)nc1-c1cc2ccccc2[nH]1,5.769551078621726,True,<rdkit.Chem.rdchem.Mol object at 0x735c791e1a10>,False
CHEMBL2012404,CDK1,1700.0,nM,CN(C)C(=O)[C@@H]1CCCN1C(=O)c1cc(Nc2ncc3cnn([C@@H]4C[C@H]5C[C@H]5C4)c3n2)cn1C,5.769551078621726,True,<rdkit.Chem.rdchem.Mol object at 0x735c791e1c40>,False
CHEMBL28,CDK6,1700.0,nM,O=c1cc(-c2ccc(O)cc2)oc2cc(O)cc(O)c12,5.769551078621726,True,<rdkit.Chem.rdchem.Mol object at 0x735c791e1cb0>,False
CHEMBL185914,CDK4,1703.0,nM,Nc1nc2ccc(/C(=C/c3nn[nH]n3)c3c(F)cccc3F)cn2c1C(=O)c1c(F)cccc1F,5.7687853520374,True,<rdkit.Chem.rdchem.Mol object at 0x735c791e1d90>,False
CHEMBL5091949,CDK6,1705.0,nM,CC(C)N1CCN(C(=O)c2ccc(Nc3nccc(-c4ccc5ncc(N(C)C)nc5c4)n3)nc2)CC1,5.768275616671484,True,<rdkit.Chem.rdchem.Mol object at 0x735c791e1e00>,False
CHEMBL183362,CDK2,1711.0,nM,Nc1nc2ccc(C(=O)c3c(F)cccc3F)cn2c1C(=O)c1ccc(Cl)cc1,5.7667499904589,True,<rdkit.Chem.rdchem.Mol object at 0x735c791e1e70>,False
CHEMBL4562323,CDK9,1711.0,nM,CC(C)c1cnn2c(NCc3ccccc3-n3cccn3)nc(OC3CCCNC3)nc12,5.7667499904589,True,<rdkit.Chem.rdchem.Mol object at 0x735c791e1ee0>,False
CHEMBL255718,CDK4,1750.0,nM,O=C(Cc1ccc(O)cc1)Nc1n[nH]c2ccc(N3CCCS3(=O)=O)cc12,5.756961951313706,True,<rdkit.Chem.rdchem.Mol object at 0x735c791e20a0>,False
CHEMBL3918318,CDK2,1760.0,nM,C[C@H]1CN(c2ccc(Nc3ncc4cc5n(c4n3)C3(CCCCC3)CNC5=O)nc2)CCN1,5.75448733218585,True,<rdkit.Chem.rdchem.Mol object at 0x735c791e2110>,False
CHEMBL234625,CDK1,1770.0,nM,CN(C)CCc1ccc(Nc2ncc(Cl)c(-c3ccc4cc[nH]c4c3)n2)cc1,5.752026733638193,True,<rdkit.Chem.rdchem.Mol object at 0x735c791e2180>,False
CHEMBL5557963,CDK4,1771.0,nM,CCC(=O)Nc1ccc(CNc2nc(NC3CCOCC3)nc3c(C(C)C)cnn23)cc1,5.751781438809925,True,<rdkit.Chem.rdchem.Mol object at 0x735c791e21f0>,False
CHEMBL3684987,CDK4,1790.0,nM,COc1cc2c3cnc(Nc4ccc5c(n4)CCNC5)nc3n([C@H]3CC[C@H](C)CC3)c2cn1,5.747146969020107,True,<rdkit.Chem.rdchem.Mol object at 0x735c791e2260>,False
CHEMBL401603,CDK2,1800.0,nM,CCCN(CCC)c1ccc2[nH]nc(NC(=O)Cc3ccccc3)c2c1,5.7447274948966935,True,<rdkit.Chem.rdchem.Mol object at 0x735c791e22d0>,False
CHEMBL402158,CDK4,1800.0,nM,O=C(Cc1cccc(Br)c1)Nc1n[nH]c2ccc(N3CCCS3(=O)=O)cc12,5.7447274948966935,True,<rdkit.Chem.rdchem.Mol object at 0x735c791e2340>,False
CHEMBL458420,CDK2,1800.0,nM,O=C(Nc1ccccc1)Nc1c[nH]nc1-c1nc2cc(CN3CCOCC3)ccc2[nH]1,5.7447274948966935,True,<rdkit.Chem.rdchem.Mol object at 0x735c791e2420>,False
CHEMBL6031376,CDK9,1800.0,nM,O=S1(=O)CCC(Nc2cc(-c3ccc4ncn(Cc5cccc(F)c5)c4c3)c(Cl)cn2)C12CNC2,5.7447274948966935,True,<rdkit.Chem.rdchem.Mol object at 0x735c791e2490>,False
CHEMBL3085234,CDK1,1800.0,nM,COc1ccccc1CNc1nc(N2CCC[C@@H]2CO)nc2c1ncn2C(C)C,5.7447274948966935,True,<rdkit.Chem.rdchem.Mol object at 0x735c791e2500>,False
CHEMBL336242,CDK1,1800.0,nM,O=C(Nc1cc(CN[C@H]2Cc3ccc(Cl)cc3C2)n[nH]1)Nc1cccc2c1[C@@H]1CCCN1C2=O,5.7447274948966935,True,<rdkit.Chem.rdchem.Mol object at 0x735c791e2570>,False
CHEMBL4297488,CDK1,1800.0,nM,CC(C)c1cnn2c(NCc3ccccc3)cc(NC[C@H]3CCNC[C@@H]3O)nc12,5.7447274948966935,True,<rdkit.Chem.rdchem.Mol object at 0x735c791e25e0>,False
CHEMBL204054,CDK2,1800.0,nM,Brc1cccc(-c2cc(NCc3ccncc3)n3nccc3n2)c1,5.7447274948966935,True,<rdkit.Chem.rdchem.Mol object at 0x735c791e2650>,False
CHEMBL256558,CDK4,1800.0,nM,Cc1ccc(CC(=O)Nc2n[nH]c3ccc(N4CCCS4(=O)=O)cc23)cc1,5.7447274948966935,True,<rdkit.Chem.rdchem.Mol object at 0x735c791e2730>,False
CHEMBL5092606,CDK1,1812.5,nM,CN(C)C(=O)c1ccc(Nc2ncc(C(F)(F)F)c(N[C@H]3CC[C@@H](N)CC3)n2)cc1,5.7417219847569685,True,<rdkit.Chem.rdchem.Mol object at 0x735c791e27a0>,False
CHEMBL3421967,CDK2,1819.0,nM,COc1cc(N2CCN(C)CC2)ccc1Nc1nccc(-c2c[nH]c3cnccc23)n1,5.740167300936516,True,<rdkit.Chem.rdchem.Mol object at 0x735c791e2810>,False
CHEMBL5094409,CDK9,1837.0,nM,Cc1nc2ccc(-c3cc(N)nc(N)c3)nc2n1C(C)(C)C,5.735890843694191,True,<rdkit.Chem.rdchem.Mol object at 0x735c791e28f0>,False
CHEMBL5592738,CDK9,1847.0,nM,COc1ccccc1Nc1nc(N[C@H]2CC[C@H](N)CC2)ncc1Cl,5.733533104559759,True,<rdkit.Chem.rdchem.Mol object at 0x735c791e29d0>,False
CHEMBL5273636,CDK2,1850.0,nM,CCOC(=O)c1cnn2c(-c3ccc(Cl)cc3)nc(NCc3ccccc3)nc12,5.732828271596986,True,<rdkit.Chem.rdchem.Mol object at 0x735c791e2a40>,False
CHEMBL3673435,CDK1,1877.0,nM,COc1cc(F)ccc1-c1ccnc(NC(=O)C2CCC(NC(C)=O)C2)c1,5.7265357273786535,True,<rdkit.Chem.rdchem.Mol object at 0x735c791e2b20>,False
CHEMBL5570485,CDK1,1892.0,nM,Cc1ccc(O)c(C)c1-n1c(N)c(C(=O)N2CCn3nccc3C2)c2nc(C)c(C3CCN(C)CC3)nc21,5.723078867934226,True,<rdkit.Chem.rdchem.Mol object at 0x735c791e2c00>,False
CHEMBL245733,CDK2,1895.0,nM,CC1CCN(C(=O)N2CCC(Nc3ncc(Cl)c(-c4c[nH]c5ccccc45)n3)CC2)CC1,5.722390785695909,True,<rdkit.Chem.rdchem.Mol object at 0x735c791e2ce0>,False
CHEMBL248108,CDK1,1900.0,nM,NC1CCN(Cc2ccn3ncnc(Nc4ccc5c(cnn5Cc5cccc(F)c5)c4)c23)CC1,5.721246399047171,True,<rdkit.Chem.rdchem.Mol object at 0x735c791e2d50>,False
CHEMBL5813591,CDK9,1900.0,nM,CN1CCC(Nc2cc(-c3ccc4ncn(Cc5cccc(F)c5)c4c3)c(Cl)cn2)C1,5.721246399047171,True,<rdkit.Chem.rdchem.Mol object at 0x735c791e2dc0>,False
CHEMBL5598242,CDK2,1900.0,nM,CN(C)C(=O)c1ccc(Nc2cc3c(cn2)cc(C(=O)N(C)C)n3C(=O)OC(C)(C)C)c(Cl)c1,5.721246399047171,True,<rdkit.Chem.rdchem.Mol object at 0x735c791e2e30>,False
CHEMBL234275,CDK1,1900.0,nM,N#Cc1cnc(Nc2ccc(CCO)cc2)nc1-c1ccc(S(N)(=O)=O)cc1,5.721246399047171,True,<rdkit.Chem.rdchem.Mol object at 0x735c791e2f10>,False
CHEMBL5091510,CDK9,1900.0,nM,Cc1nc(OCc2ccsc2)c2c(-c3ccnc(N)c3)c[nH]c2n1,5.721246399047171,True,<rdkit.Chem.rdchem.Mol object at 0x735c791e2ff0>,False
CHEMBL5914044,CDK9,1900.0,nM,O=C(Nc1cc(-c2ccc3ncn(CC4CCOCC4)c3c2)c(Cl)cn1)c1ccncc1,5.721246399047171,True,<rdkit.Chem.rdchem.Mol object at 0x735c791e3060>,False
CHEMBL5558916,CDK9,1905.0,nM,CC(=O)Nc1ccc(CNc2cc(NC3CCOCC3)nc3c(C(C)C)cnn23)cc1,5.720105019988361,True,<rdkit.Chem.rdchem.Mol object at 0x735c791e30d0>,False
CHEMBL3901454,CDK2,1920.0,nM,C[C@H]1CN(c2ccc(Nc3ncc4cc5n(c4n3)C3(CCCCC3)CNC5=O)nc2)CCN1C,5.71669877129645,True,<rdkit.Chem.rdchem.Mol object at 0x735c791e3140>,False
CHEMBL3955667,CDK2,1920.0,nM,C[C@H](O)CN1CCN(c2ccc(Nc3ncc4cc5n(c4n3)C3(CCCCC3)CNC5=O)nc2)C[C@@H]1C,5.71669877129645,True,<rdkit.Chem.rdchem.Mol object at 0x735c791e3220>,False
CHEMBL362774,CDK2,1927.0,nM,Nc1nc2ccc(C(=O)c3ccccc3)cn2c1C(=O)c1c(F)cccc1F,5.715118285344547,True,<rdkit.Chem.rdchem.Mol object at 0x735c791e3290>,False
CHEMBL5073976,CDK9,1952.0,nM,Cc1nc2ccc(-c3cc(N)nc(N)c3)nc2n1CCc1ccco1,5.709520186669327,True,<rdkit.Chem.rdchem.Mol object at 0x735c791e3300>,False
CHEMBL6133027,CDK9,1965.0,nM,COc1cc(F)ccc1-c1cc(NC(=O)N2CCN(C(=O)c3cc(Cc4n[nH]c(=O)c5ccccc45)ccc3F)CC2)ncc1F,5.706637445288555,True,<rdkit.Chem.rdchem.Mol object at 0x735c791e3370>,False
CHEMBL184115,CDK4,1973.0,nM,COc1ccccc1C(=O)c1c(N)nc2ccc(C(=O)c3c(F)cccc3F)cn12,5.704872914747809,True,<rdkit.Chem.rdchem.Mol object at 0x735c791e33e0>,False
CHEMBL3691596,CDK1,1992.0,nM,CN(C)C(=O)c1cc2cnc(Nc3ccc(C(=O)N4CC5CCC(C4)N5)cn3)nc2n1-c1cccc(C(C)(C)C)c1,5.70071066591232,True,<rdkit.Chem.rdchem.Mol object at 0x735c791e3450>,False
CHEMBL3421966,CDK2,1995.0,nM,COc1cc(N2CCN(C(C)=O)CC2)ccc1Nc1nccc(-c2c[nH]c3cnccc23)n1,5.700057099977233,True,<rdkit.Chem.rdchem.Mol object at 0x735c791e34c0>,False
CHEMBL99948,CDK4,2000.0,nM,Cc1ccc(Cl)c(Nc2ccnc(Nc3ccc(OCC(O)CN(C)C)cc3)n2)c1,5.698970004336019,True,<rdkit.Chem.rdchem.Mol object at 0x735c791e3530>,False
CHEMBL317964,CDK1,2000.0,nM,Cc1ccc2[nH]c3c(c2c1)CC(=O)Nc1ccccc1-3,5.698970004336019,True,<rdkit.Chem.rdchem.Mol object at 0x735c791e35a0>,False
CHEMBL402370,CDK4,2000.0,nM,O=C(Cc1ccc(Br)cc1)Nc1n[nH]c2ccc(N3CCCS3(=O)=O)cc12,5.698970004336019,True,<rdkit.Chem.rdchem.Mol object at 0x735c791e36f0>,False
CHEMBL101468,CDK2,2000.0,nM,Cc1ccc(F)c(Nc2ccnc(Nc3ccc(OCC(O)CN(C)C)cc3)n2)c1,5.698970004336019,True,<rdkit.Chem.rdchem.Mol object at 0x735c791e3760>,False
CHEMBL234067,CDK1,2000.0,nM,N#Cc1cnc(Nc2ccc(CCO)cc2)nc1-c1ccc(Br)cc1,5.698970004336019,True,<rdkit.Chem.rdchem.Mol object at 0x735c791e37d0>,False
CHEMBL100675,CDK4,2000.0,nM,Cc1ccc(Cl)c(Nc2cc(Nc3ccc(OCC(O)CN(C)C)cc3)ncn2)c1,5.698970004336019,True,<rdkit.Chem.rdchem.Mol object at 0x735c791e3840>,False
CHEMBL2029914,CDK1,2000.0,nM,CN1CCN(C(=O)c2cc(Nc3ncc4cc(-c5cnn(Cc6ccccc6)c5)n(C5CCCC5)c4n3)cn2C)CC1,5.698970004336019,True,<rdkit.Chem.rdchem.Mol object at 0x735c791e38b0>,False
CHEMBL233667,CDK1,2000.0,nM,N#Cc1cnc(Nc2cccc(CN3CCOCC3)c2)nc1-c1ccccc1,5.698970004336019,True,<rdkit.Chem.rdchem.Mol object at 0x735c791e3920>,False
CHEMBL5750167,CDK9,2000.0,nM,CN(C)C(=O)CN1CCc2ccc(-c3cc(NC(=O)C4CCCNC4)ncc3Cl)cc21,5.698970004336019,True,<rdkit.Chem.rdchem.Mol object at 0x735c791e3990>,False
CHEMBL190154,CDK2,2000.0,nM,CO[C@H](C(=O)Nc1cc(C2CC2)[nH]n1)c1ccccc1,5.698970004336019,True,<rdkit.Chem.rdchem.Mol object at 0x735c791e3a70>,False
CHEMBL3589775,CDK9,2000.0,nM,O=C(O)c1nc2cccnc2c2[nH]c3c(Br)cccc3c12,5.698970004336019,True,<rdkit.Chem.rdchem.Mol object at 0x735c791e3ae0>,False
CHEMBL3641939,CDK4,2000.0,nM,C[C@H](CO)n1c2cnccc2c2cnc(Nc3ccc(N4CCN[C@@H](C)C4)cn3)nc21,5.698970004336019,True,<rdkit.Chem.rdchem.Mol object at 0x735c791e3b50>,False
CHEMBL359963,CDK4,2000.0,nM,CC(C)c1ccc(Nc2nccc(-c3cnn4ncccc34)n2)cc1,5.698970004336019,True,<rdkit.Chem.rdchem.Mol object at 0x735c791e3bc0>,False
CHEMBL402157,CDK4,2000.0,nM,O=C(Cc1ccc(Cl)cc1)Nc1n[nH]c2ccc(N3CCCS3(=O)=O)cc12,5.698970004336019,True,<rdkit.Chem.rdchem.Mol object at 0x735c791e3c30>,False
CHEMBL523747,CDK4,2000.0,nM,COc1ccc2c(-c3ccnc(NC4CC4)n3)cnn2n1,5.698970004336019,True,<rdkit.Chem.rdchem.Mol object at 0x735c791e3ca0>,False
CHEMBL317629,CDK4,2000.0,nM,CN(C)CC(O)COc1ccc(Nc2nccc(Nc3cccc(Cl)c3)n2)cc1,5.698970004336019,True,<rdkit.Chem.rdchem.Mol object at 0x735c791e3d10>,False
CHEMBL524057,CDK4,2000.0,nM,CCc1nn2ncccc2c1-c1ccnc(NC2CC2)n1,5.698970004336019,True,<rdkit.Chem.rdchem.Mol object at 0x735c791e3d80>,False
CHEMBL99689,CDK4,2000.0,nM,CN(C)CC(O)COc1ccc(Nc2nccc(Nc3ccccc3C#N)n2)cc1,5.698970004336019,True,<rdkit.Chem.rdchem.Mol object at 0x735c791e3ed0>,False
CHEMBL99687,CDK4,2000.0,nM,Cc1ccc(Nc2ccnc(Nc3ccc(OCC(O)CN(C)C)cc3)n2)cc1,5.698970004336019,True,<rdkit.Chem.rdchem.Mol object at 0x735c791e3f40>,False
CHEMBL101052,CDK4,2000.0,nM,COc1ccc(Nc2ccnc(Nc3ccc(OCC(O)CN(C)C)cc3)n2)cc1,5.698970004336019,True,<rdkit.Chem.rdchem.Mol object at 0x735c791c5e00>,False
CHEMBL102047,CDK4,2000.0,nM,CN(C)CC(O)COc1ccc(Nc2nccc(Nc3ccccc3)n2)cc1,5.698970004336019,True,<rdkit.Chem.rdchem.Mol object at 0x735c791c65e0>,False
CHEMBL389343,CDK1,2000.0,nM,N#Cc1cnc(Nc2ccc(CCO)cc2)nc1-c1ccccc1,5.698970004336019,True,<rdkit.Chem.rdchem.Mol object at 0x735c791c6f80>,False
CHEMBL4849464,CDK2,2006.0,nM,CC(C)c1cnn2c(NCc3ccccc3)nc(OC3CCN(C)CC3)nc12,5.697669071315601,True,<rdkit.Chem.rdchem.Mol object at 0x735c791c4580>,False
CHEMBL3655773,CDK9,2040.0,nM,CC[C@H](Nc1nc(NCc2cccc(C)n2)c2ncn(C(C)C)c2n1)[C@@H](C)O,5.690369832574101,True,<rdkit.Chem.rdchem.Mol object at 0x735c791c6730>,False
CHEMBL563307,CDK1,2040.0,nM,COc1cccc(-c2ccc3c(ccc4sc5c(c43)NC[C@@H](C)NC5=O)n2)c1,5.690369832574101,True,<rdkit.Chem.rdchem.Mol object at 0x735c791c7b50>,False
CHEMBL5275667,CDK2,2090.0,nM,O=C(NCCc1ccccc1)c1cnn2c(-c3ccc(Cl)cc3)nc(NCCc3ccccc3)nc12,5.679853713888946,True,<rdkit.Chem.rdchem.Mol object at 0x735c791c4040>,False
CHEMBL5812640,CDK9,2100.0,nM,O=C(Nc1cc(-c2ccc3ncn(CC4CCOCC4)c3c2)c(Cl)cn1)c1c[nH]nn1,5.6777807052660805,True,<rdkit.Chem.rdchem.Mol object at 0x735c791c57e0>,False
CHEMBL113544,CDK2,2100.0,nM,CN1CCC(c2c(O)cc(O)c3c(=O)cc(Sc4ccccc4Cl)oc23)C(O)C1,5.6777807052660805,True,<rdkit.Chem.rdchem.Mol object at 0x735c791c7450>,False
CHEMBL2163992,CDK2,2100.0,nM,CCCc1c(N[C@H]2CC[C@H](N)CC2)nc2ccnn2c1Nc1ccc(F)c(Cl)c1,5.6777807052660805,True,<rdkit.Chem.rdchem.Mol object at 0x735c791c7ed0>,False
CHEMBL233456,CDK1,2100.0,nM,N#Cc1cnc(Nc2ccc(CCC(=O)N3CCOCC3)cc2)nc1-c1ccccc1,5.6777807052660805,True,<rdkit.Chem.rdchem.Mol object at 0x735c791c7e60>,False
CHEMBL4787309,CDK9,2100.0,nM,CC(=O)N[C@@H]1CCC[C@H](C(=O)Nc2cc(-c3cnn4c3COCC4)c(Cl)cn2)C1,5.6777807052660805,True,<rdkit.Chem.rdchem.Mol object at 0x735c791c7d80>,False
CHEMBL2112683,CDK1,2100.0,nM,CC(C)n1cnc2c(NCc3ccccc3)nc(N3CCC[C@H]3CO)nc21,5.6777807052660805,True,<rdkit.Chem.rdchem.Mol object at 0x735c791c7ca0>,False
CHEMBL4754399,CDK4,2100.0,nM,CC(=O)N[C@@H]1CCC[C@H](C(=O)Nc2cc(-c3cnn4c3CCCC4)c(Cl)cn2)C1,5.6777807052660805,True,<rdkit.Chem.rdchem.Mol object at 0x735c791c7c30>,False
CHEMBL334881,CDK2,2100.0,nM,CN1CC[C@H](c2c(O)cc(O)c3c(=O)cc(Sc4ccccc4Cl)oc23)[C@H](O)C1,5.6777807052660805,True,<rdkit.Chem.rdchem.Mol object at 0x735c791c7bc0>,False
CHEMBL181606,CDK2,2100.0,nM,CC(C)c1cnn2c(Nc3ccc(S(=O)(=O)N(C)C)cc3)cc(NC3CCCC(N)C3)nc12,5.6777807052660805,True,<rdkit.Chem.rdchem.Mol object at 0x735c791c7a70>,False
CHEMBL326275,CDK2,2110.0,nM,CN1CCC(c2c(O)cc(O)c3c(=O)cc(Oc4ccccc4Cl)oc23)C(O)C1,5.675717544702307,True,<rdkit.Chem.rdchem.Mol object at 0x735c791c54d0>,False
CHEMBL1800448,CDK2,2110.0,nM,Nc1nccc(-c2cc(N3CCC(O)C3)ccc2O)n1,5.675717544702307,True,<rdkit.Chem.rdchem.Mol object at 0x735c791c7920>,False
CHEMBL133498,CDK2,2110.0,nM,CN1CC[C@H](c2c(O)cc(O)c3c(=O)cc(Oc4ccccc4Cl)oc23)[C@H](O)C1,5.675717544702307,True,<rdkit.Chem.rdchem.Mol object at 0x735c791c78b0>,False
CHEMBL3929122,CDK2,2120.0,nM,CC1(C)CN(c2ccc(Nc3ncc4cc5n(c4n3)C3(CCCCC3)CNC5=O)nc2)CCN1,5.673664139071249,True,<rdkit.Chem.rdchem.Mol object at 0x735c791c77d0>,False
CHEMBL3655777,CDK9,2140.0,nM,CCC(Nc1nc(NCc2cccnc2)c2ncn(C(C)C)c2n1)C(O)C(F)(F)F,5.669586226650809,True,<rdkit.Chem.rdchem.Mol object at 0x735c791c7760>,False
CHEMBL4460561,CDK9,2149.0,nM,Cc1nc2ccc(-c3cc(N)nc(N)c3)nc2n1C1CC1,5.667763584508556,True,<rdkit.Chem.rdchem.Mol object at 0x735c791c76f0>,False
CHEMBL3961663,CDK2,2170.0,nM,CC(C)(C)CCN1CCN(c2ccc(Nc3ncc4cc5n(c4n3)C3(CCCC3)CNC5=O)nc2)CC1(C)C,5.66354026615147,True,<rdkit.Chem.rdchem.Mol object at 0x735c791c75a0>,False
CHEMBL189512,CDK2,2171.0,nM,Nc1nc2ccc(C(=O)c3ccccc3OC(F)(F)F)cn2c1C(=O)c1c(F)cccc1F,5.66334017654558,True,<rdkit.Chem.rdchem.Mol object at 0x735c791c7530>,False
CHEMBL1241661,CDK2,2200.0,nM,Nc1nc(Nc2ccc(S(N)(=O)=O)cc2)nc(OCc2ccccc2)c1N=O,5.657577319177793,True,<rdkit.Chem.rdchem.Mol object at 0x735c791c7060>,False
CHEMBL402759,CDK4,2200.0,nM,O=C(Cc1ccc(-c2ccccc2)cc1)Nc1n[nH]c2ccc(N3CCCS3(=O)=O)cc12,5.657577319177793,True,<rdkit.Chem.rdchem.Mol object at 0x735c791c6f10>,False
CHEMBL1922219,CDK1,2200.0,nM,CC[C@H](Nc1nc(NCc2cccnc2)c2ncn(C(C)C)c2n1)[C@@H](C)O,5.657577319177793,True,<rdkit.Chem.rdchem.Mol object at 0x735c791c6e30>,False
CHEMBL3673553,CDK9,2200.0,nM,NC(=O)C1CC=C(c2cc3c(-c4cncc(NCc5ccccc5)n4)ccnc3[nH]2)CC1,5.657577319177793,True,<rdkit.Chem.rdchem.Mol object at 0x735c791c6dc0>,False
CHEMBL5886064,CDK9,2200.0,nM,O=C(Nc1cc(-c2ccc3c(c2)ncn3Cc2cccc(F)c2)c(Cl)cn1)[C@@H]1CCCNC1,5.657577319177793,True,<rdkit.Chem.rdchem.Mol object at 0x735c791c6d50>,False
CHEMBL303958,CDK2,2200.0,nM,Nc1nc(N)c(N=O)c(OCC2CCCCC2)n1,5.657577319177793,True,<rdkit.Chem.rdchem.Mol object at 0x735c791c6ce0>,False
CHEMBL562606,CDK1,2210.0,nM,Cc1ccccc1-c1ccc2c(ccc3sc4c(c32)NC[C@@H](C)NC4=O)n1,5.655607726314889,True,<rdkit.Chem.rdchem.Mol object at 0x735c791c6c00>,False
CHEMBL3354190,CDK2,2220.0,nM,COC1CCN(c2nccc(Nc3cc4c(cn3)ncn4C(C)C)n2)CC1,5.653647025549361,True,<rdkit.Chem.rdchem.Mol object at 0x735c791c6b20>,False
CHEMBL1800218,CDK1,2240.0,nM,Nc1nccc(-c2cc(N3CCOCC3)ccc2O)n1,5.649751981665837,True,<rdkit.Chem.rdchem.Mol object at 0x735c791c69d0>,False
CHEMBL1270795,CDK2,2273.0,nM,CSc1cn2c(-c3cn[nH]c3)cnc2c(Nc2cc(C)ns2)n1,5.643400564275029,True,<rdkit.Chem.rdchem.Mol object at 0x735c791c6960>,False
CHEMBL3920345,CDK2,2280.0,nM,O=C1NCC2(CCCC2)n2c1cc1cnc(Nc3ccc(N4CCOCC4)nn3)nc12,5.642065152999546,True,<rdkit.Chem.rdchem.Mol object at 0x735c791c68f0>,False
CHEMBL3981462,CDK2,2280.0,nM,C[C@H]1CN(c2ccc(Nc3ncc4cc5n(c4n3)C3(CCCCC3)CNC5=O)nc2)CCN1CCC(C)(C)C,5.642065152999546,True,<rdkit.Chem.rdchem.Mol object at 0x735c791c6810>,False
CHEMBL5801206,CDK9,2300.0,nM,O=C(Nc1cc(-c2ccc3ncn(CC4CCOCC4)c3c2)c(Cl)cn1)c1cnccn1,5.638272163982407,True,<rdkit.Chem.rdchem.Mol object at 0x735c791c6500>,False
CHEMBL6067763,CDK9,2300.0,nM,Fc1cccc(Cn2cnc3ccc(-c4cc(N[C@H]5CN6CCC5CC6)ncc4Cl)cc32)c1,5.638272163982407,True,<rdkit.Chem.rdchem.Mol object at 0x735c791c6420>,False
CHEMBL5559020,CDK2,2328.5,nM,CC(=O)Nc1ccc(CNc2nc(NC3CCN(C)CC3)nc3c(C(C)C)cnn23)cc1,5.63292375773125,True,<rdkit.Chem.rdchem.Mol object at 0x735c791c6340>,False
CHEMBL5283085,CDK2,2396.0,nM,O=C(Nc1n[nH]c2ccc(-c3cncc(NC[C@H](CO)Cc4ccccc4)c3)cc12)c1ccccc1,5.620513186282726,True,<rdkit.Chem.rdchem.Mol object at 0x735c791c62d0>,False
CHEMBL3898028,CDK2,2400.0,nM,CN1CC[C@H](c2c(O)cc(O)c3c(=O)cc(-c4ccccc4)oc23)[C@H](O)C1,5.619788758288394,True,<rdkit.Chem.rdchem.Mol object at 0x735c791c5ee0>,False
CHEMBL4218705,CDK1,2429.5,nM,CCN1CCN(Cc2ccc(Nc3cc(-c4cc(F)c5nc(C)n(C(C)C)c5c4)ncn3)nn2)CC1,5.614483096600975,True,<rdkit.Chem.rdchem.Mol object at 0x735c791c5e70>,False
CHEMBL4755256,CDK2,2460.0,nM,COc1cc(F)ccc1-c1cc(NC(=O)[C@H]2CCC[C@@H](NC(C)=O)C2)ncc1Cl,5.609064892896621,True,<rdkit.Chem.rdchem.Mol object at 0x735c791c5cb0>,False
CHEMBL246544,CDK2,2483.0,nM,CCNC(=O)N1CCC(Nc2ncc(Cl)c(-c3c[nH]c4ccccc34)n2)C1,5.605023280445436,True,<rdkit.Chem.rdchem.Mol object at 0x735c791c5c40>,False
CHEMBL132687,CDK1,2500.0,nM,CC(C)n1cnc2c(NCc3ccccc3)nc(CCCO)nc21,5.6020599913279625,True,<rdkit.Chem.rdchem.Mol object at 0x735c791c5bd0>,False
CHEMBL72510,CDK4,2500.0,nM,Cc1nc2ccccn2c1-c1ccnc(Nc2ccc(S(N)(=O)=O)cc2)n1,5.6020599913279625,True,<rdkit.Chem.rdchem.Mol object at 0x735c791c5af0>,False
CHEMBL5743377,CDK9,2500.0,nM,CN(C)CCCn1nnc2ccc(-c3cc(NC(=O)[C@@H]4CCCNC4)ncc3Cl)cc21,5.6020599913279625,True,<rdkit.Chem.rdchem.Mol object at 0x735c791c5a80>,False
CHEMBL210540,CDK9,2500.0,nM,Cc1cc(-c2cnc(Nc3cnc(CN4CCN(C)CC4)cn3)s2)nc(OC2CCCCC2)n1,5.6020599913279625,True,<rdkit.Chem.rdchem.Mol object at 0x735c791c58c0>,False
CHEMBL316512,CDK1,2500.0,nM,O=C1Cc2c([nH]c3cc(Cl)cc(Cl)c23)-c2ccccc2N1,5.6020599913279625,True,<rdkit.Chem.rdchem.Mol object at 0x735c791c5850>,False
CHEMBL192471,CDK2,2500.0,nM,C[C@@H](C(=O)Nc1cc(C2CC2)[nH]n1)c1ccc(N2CCCC2=O)cc1,5.6020599913279625,True,<rdkit.Chem.rdchem.Mol object at 0x735c791c55b0>,False
CHEMBL50498,CDK1,2500.0,nM,Nc1nccc(-c2c[nH]c3cccc(O)c23)n1,5.6020599913279625,True,<rdkit.Chem.rdchem.Mol object at 0x735c791c5540>,False
CHEMBL5768084,CDK9,2500.0,nM,Fc1cccc(Cn2cnc3ccc(-c4cc(NCc5ccccc5)ncc4Cl)cc32)c1,5.6020599913279625,True,<rdkit.Chem.rdchem.Mol object at 0x735c791c5460>,False
CHEMBL1086427,CDK1,2500.0,nM,CCCC(=O)Nc1n[nH]c2c(F)c(Cl)c(-c3ccccc3)cc12,5.6020599913279625,True,<rdkit.Chem.rdchem.Mol object at 0x735c791c53f0>,False
CHEMBL130597,CDK1,2500.0,nM,CC(C)n1cnc2c(NCc3ccccc3)nc(N(CCO)Cc3ccccc3)nc21,5.6020599913279625,True,<rdkit.Chem.rdchem.Mol object at 0x735c791c5380>,False
CHEMBL4106617,CDK2,2500.0,nM,CC(C)C[C@@H]1CNC(=O)c2cc3cnc(Nc4ccc(N5CCNCC5)cn4)nc3n21,5.6020599913279625,True,<rdkit.Chem.rdchem.Mol object at 0x735c791c51c0>,False
CHEMBL4754399,CDK6,2500.0,nM,CC(=O)N[C@@H]1CCC[C@H](C(=O)Nc2cc(-c3cnn4c3CCCC4)c(Cl)cn2)C1,5.6020599913279625,True,<rdkit.Chem.rdchem.Mol object at 0x735c791c5150>,False
CHEMBL192179,CDK2,2500.0,nM,C[C@@H](C(=O)Nc1cc(C2CC2)[nH]n1)c1ccc(N2CCOC2=O)cc1,5.6020599913279625,True,<rdkit.Chem.rdchem.Mol object at 0x735c791c5000>,False
CHEMBL336537,CDK1,2500.0,nM,CCCCC(CO)Nc1nc(NCc2ccccc2)c2ncn(C(C)C)c2n1,5.6020599913279625,True,<rdkit.Chem.rdchem.Mol object at 0x735c791c4f20>,False
CHEMBL1095040,CDK2,2500.0,nM,CCCC(=O)Nc1n[nH]c2cc(Cl)c(-c3ccccc3)cc12,5.6020599913279625,True,<rdkit.Chem.rdchem.Mol object at 0x735c791c4eb0>,False
CHEMBL3691625,CDK1,2511.0,nM,CN(C)C(=O)c1cc2cnc(Nc3ccc(N4C[C@H]5CNC[C@H]5CC4=O)cn3)nc2n1C1CCCCCC1,5.600153287287077,True,<rdkit.Chem.rdchem.Mol object at 0x735c791c4e40>,False
CHEMBL363037,CDK2,2538.0,nM,Nc1nc2ccc(C(=O)c3c(F)cccc3F)cn2c1C(=O)c1ccncc1,5.595508382241314,True,<rdkit.Chem.rdchem.Mol object at 0x735c791c4d60>,False
CHEMBL5512494,CDK9,2545.0,nM,CC(=O)Nc1cccc(CNc2nc(OC3CCN(C)CC3)nc3c(C(C)C)cnn23)c1,5.594312213327223,True,<rdkit.Chem.rdchem.Mol object at 0x735c791c4cf0>,False
CHEMBL3934575,CDK2,2580.0,nM,CC1CN(c2ccc(Nc3ncc4cc5n(c4n3)C3(CCCCC3)CNC5=O)nc2)CCN1CCC(C)(C)C,5.58838029403677,True,<rdkit.Chem.rdchem.Mol object at 0x735c791c4c80>,False
CHEMBL364631,CDK4,2589.0,nM,Nc1nc2ccc(C(=O)c3c(Cl)cccc3Cl)cn2c1C(=O)c1c(F)cc(C(=O)O)cc1F,5.5868679495651286,True,<rdkit.Chem.rdchem.Mol object at 0x735c791c4c10>,False
CHEMBL3658034,CDK1,2600.0,nM,CN(C)C1CCN(c2ccc(Nc3ncc4cc(C#N)n(C5CCCC5)c4n3)nc2)CC1,5.585026652029182,True,<rdkit.Chem.rdchem.Mol object at 0x735c791c49e0>,False
CHEMBL3663772,CDK9,2600.0,nM,COc1ccncc1-c1ccnc2[nH]c(C3CCN(C)CC3)cc12,5.585026652029182,True,<rdkit.Chem.rdchem.Mol object at 0x735c791c4970>,False
CHEMBL270897,CDK9,2600.0,nM,Nc1nccc(-c2c[nH]c3nccc(O)c23)n1,5.585026652029182,True,<rdkit.Chem.rdchem.Mol object at 0x735c791c47b0>,False
CHEMBL5793278,CDK9,2600.0,nM,Fc1cccc(Cn2cnc3ccc(-c4cc(N5CCOCC6(CNCCO6)C5)ncc4Cl)cc32)c1,5.585026652029182,True,<rdkit.Chem.rdchem.Mol object at 0x735c791c4660>,False
CHEMBL3897592,CDK2,2630.0,nM,C[C@@H](O)CN1CCN(c2ccc(Nc3ncc4cc5n(c4n3)C3(CCCC3)CNC5=O)nc2)C[C@@H]1C,5.580044251510242,True,<rdkit.Chem.rdchem.Mol object at 0x735c791c4430>,False
CHEMBL3691621,CDK1,2659.0,nM,CN(C)C(=O)c1cc2cnc(Nc3ccc(N4C[C@@H]5CNC[C@@H]5C4=O)cn3)nc2n1C1CCCCCC1,5.5752816626684325,True,<rdkit.Chem.rdchem.Mol object at 0x735c791c42e0>,False
CHEMBL5089164,CDK6,2667.5,nM,Cn1ccc2cc(Nc3ncc(C(F)(F)F)c(N[C@H]4CC[C@@H](N)CC4)n3)ccc2c1=O,5.573895571903492,True,<rdkit.Chem.rdchem.Mol object at 0x735c791c4270>,False
CHEMBL393861,CDK2,2672.0,nM,CNCC(=O)N1CCC(Nc2ncc(Cl)c(-c3c[nH]c4ccccc34)n2)CC1,5.573163546196492,True,<rdkit.Chem.rdchem.Mol object at 0x735c791c4200>,False
CHEMBL5188909,CDK2,2680.0,nM,CC(C)n1cnc2c(NCc3nc4ccc(F)c(F)c4[nH]3)nc(N3CCCC[C@H]3CCO)nc21,5.571865205971211,True,<rdkit.Chem.rdchem.Mol object at 0x735c791c4190>,False
CHEMBL242237,CDK2,2700.0,nM,NC(=O)c1ccccc1Nc1ccnc(Nc2cccc(O)c2)n1,5.568636235841012,True,<rdkit.Chem.rdchem.Mol object at 0x735c791c4120>,False
CHEMBL3621515,CDK2,2700.0,nM,CC(=O)Nc1cccc(-c2ccc(C(N)=O)c3[nH]c4cc(C(=O)N5CCN(C)CC5)ccc4c23)c1C,5.568636235841012,True,<rdkit.Chem.rdchem.Mol object at 0x735c791c7840>,False
CHEMBL2112682,CDK1,2700.0,nM,CC(C)n1cnc2c(NCc3ccccc3)nc(N[C@@H](CO)Cc3ccccc3)nc21,5.568636235841012,True,<rdkit.Chem.rdchem.Mol object at 0x735c791c6ea0>,False
CHEMBL551534,CDK1,2700.0,nM,COc1ccc2sc3c(c2c1)NC[C@@H](CNCc1ccccc1)NC3=O,5.568636235841012,True,<rdkit.Chem.rdchem.Mol object at 0x735c791c5230>,False
CHEMBL103355,CDK4,2700.0,nM,Cc1ccc(F)c(Nc2ccnc(Nc3ccc(S(N)(=O)=O)cc3)n2)c1,5.568636235841012,True,<rdkit.Chem.rdchem.Mol object at 0x735c791c4350>,False
CHEMBL234697,CDK1,2700.0,nM,CC(C)(O)c1ccc(-c2nc(Nc3ccc(CCO)cc3)ncc2C#N)cc1,5.568636235841012,True,<rdkit.Chem.rdchem.Mol object at 0x735c791c5770>,False
CHEMBL2348182,CDK2,2700.0,nM,CNc1nccc(-n2ccc3ccc(C#N)cc32)n1,5.568636235841012,True,<rdkit.Chem.rdchem.Mol object at 0x735c791c5700>,False
CHEMBL1809193,CDK2,2700.0,nM,COc1cc(N2CCN(C(C)=O)CC2)ccc1Nc1ncc(F)c(-c2cnc3ccccn23)n1,5.568636235841012,True,<rdkit.Chem.rdchem.Mol object at 0x735c791c7370>,False
CHEMBL6067764,CDK9,2700.0,nM,Fc1cccc(Cn2cnc3ccc(-c4cc(N[C@@H]5CN6CCC5CC6)ncc4Cl)cc32)c1,5.568636235841012,True,<rdkit.Chem.rdchem.Mol object at 0x735c791c6260>,False
CHEMBL6193353,CDK2,2700.0,nM,C(=C/N1CCCCCC1)\c1nc(Nc2ccccc2)nc2[nH]cnc12,5.568636235841012,True,<rdkit.Chem.rdchem.Mol object at 0x735c791c6570>,False
CHEMBL5806185,CDK9,2700.0,nM,Cn1c(-c2cccc(F)c2)nc2ccc(-c3cc(NC(=O)[C@@H]4CCCNC4)ncc3Cl)cc21,5.568636235841012,True,<rdkit.Chem.rdchem.Mol object at 0x735c791c6ab0>,False
CHEMBL562137,CDK1,2730.0,nM,COc1ccccc1-c1ccc2c(ccc3sc4c(c32)NC[C@@H](C)NC4=O)n1,5.563837352959244,True,<rdkit.Chem.rdchem.Mol object at 0x735c791c7f40>,False
CHEMBL233209,CDK1,2770.0,nM,CC(C)(N)c1ccc(-c2nc(Nc3ccc(CCN4CCOCC4)cc3)ncc2Cl)cc1,5.557520230935552,True,<rdkit.Chem.rdchem.Mol object at 0x735c791c7df0>,False
CHEMBL3943802,CDK9,2800.0,nM,CN1Cc2c(C3CCN(CC(=O)OC(C)(C)C)CC3)[nH]c3nccc(c23)-c2cc(F)ccc21,5.552841968657781,True,<rdkit.Chem.rdchem.Mol object at 0x735c791c7ae0>,False
CHEMBL119977,CDK1,2800.0,nM,Clc1cccc(Nc2[nH]cnc3nnc(-c4ccccc4)c2-3)c1,5.552841968657781,True,<rdkit.Chem.rdchem.Mol object at 0x735c791c6880>,False
CHEMBL6045514,CDK9,2800.0,nM,CCN1CCC2(C1)C(C(=O)Nc1cc(-c3ccc4ncn(Cc5cccc(F)c5)c4c3)c(Cl)cn1)CCS2(=O)=O,5.552841968657781,True,<rdkit.Chem.rdchem.Mol object at 0x735c791c59a0>,False
CHEMBL3654250,CDK2,2800.0,nM,c1ncc(-c2cc3cnc(Nc4ccc(CN5CCNCC5)cn4)nc3n2C2CCCC2)o1,5.552841968657781,True,<rdkit.Chem.rdchem.Mol object at 0x735c791c5690>,False
CHEMBL3940741,CDK2,2840.0,nM,O=C1NCC2(CCCC2)n2c1cc1cnc(Nc3ccc(N4CCC(N5CCCCC5)CC4)cn3)nc12,5.546681659952963,True,<rdkit.Chem.rdchem.Mol object at 0x735c791c5070>,False
CHEMBL1241661,CDK1,2900.0,nM,Nc1nc(Nc2ccc(S(N)(=O)=O)cc2)nc(OCc2ccccc2)c1N=O,5.537602002101044,True,<rdkit.Chem.rdchem.Mol object at 0x735c791c4f90>,False
CHEMBL303958,CDK1,2900.0,nM,Nc1nc(N)c(N=O)c(OCC2CCCCC2)n1,5.537602002101044,True,<rdkit.Chem.rdchem.Mol object at 0x735c791c4820>,False
CHEMBL104467,CDK2,2900.0,nM,Nc1cc(OCC2CCCCC2)nc(Nc2ccc(S(N)(=O)=O)cc2)n1,5.537602002101044,True,<rdkit.Chem.rdchem.Mol object at 0x735c791b8a50>,False
CHEMBL3658023,CDK2,2900.0,nM,CN(C)C(=O)c1cc2cnc(Nc3ccc(N4CCC(CCO)CC4)cn3)nc2n1C1CCCC1,5.537602002101044,True,<rdkit.Chem.rdchem.Mol object at 0x735c791ba1f0>,False
CHEMBL99842,CDK2,2900.0,nM,CC(=O)Nc1nccc(-c2c(C)nc3ccccn23)n1,5.537602002101044,True,<rdkit.Chem.rdchem.Mol object at 0x735c791b9ee0>,False
CHEMBL1243039,CDK1,2900.0,nM,C[C@H](N[C@@H](C)COc1ccccc1)[C@@H](O)c1ccc(O)cc1,5.537602002101044,True,<rdkit.Chem.rdchem.Mol object at 0x735c791baf80>,False
CHEMBL3972093,CDK2,2930.0,nM,CC1CN(c2ccc(Nc3ncc4cc5n(c4n3)C3(CCCC3)CNC5=O)nc2)CCN1CC1CC1,5.53313237964589,True,<rdkit.Chem.rdchem.Mol object at 0x735c791bbe60>,False
CHEMBL3896841,CDK2,2950.0,nM,CC(C)(O)CN1CCN(c2ccc(Nc3ncc4cc5n(c4n3)C3(CCCC3)CNC5=O)nc2)CC1,5.530177984021837,True,<rdkit.Chem.rdchem.Mol object at 0x735c791bbdf0>,False
CHEMBL1800448,CDK1,2990.0,nM,Nc1nccc(-c2cc(N3CCC(O)C3)ccc2O)n1,5.52432881167557,True,<rdkit.Chem.rdchem.Mol object at 0x735c791bbc30>,False
CHEMBL255263,CDK4,3000.0,nM,O=C(Cc1ccc(F)cc1)Nc1n[nH]c2ccc(N3CCCS3(=O)=O)cc12,5.522878745280337,True,<rdkit.Chem.rdchem.Mol object at 0x735c791bba70>,False
CHEMBL99803,CDK1,3000.0,nM,O=C1Cc2c(n(CCO)c3ccc(Br)cc23)-c2ccccc2N1,5.522878745280337,True,<rdkit.Chem.rdchem.Mol object at 0x735c791bba00>,False
CHEMBL254367,CDK4,3000.0,nM,O=C(Cc1cccc2ccccc12)Nc1n[nH]c2ccc(N3CCCS3(=O)=O)cc12,5.522878745280337,True,<rdkit.Chem.rdchem.Mol object at 0x735c791bb920>,False
CHEMBL508964,CDK2,3000.0,nM,O=C(Nc1ccccc1)c1n[nH]c2ccccc12,5.522878745280337,True,<rdkit.Chem.rdchem.Mol object at 0x735c791bb7d0>,False
CHEMBL98501,CDK1,3000.0,nM,Cc1cccc2c3c([nH]c12)-c1ccccc1NC(=O)C3,5.522878745280337,True,<rdkit.Chem.rdchem.Mol object at 0x735c791bb760>,False
CHEMBL134233,CDK1,3000.0,nM,CCC(O)CCc1nc(NCc2ccccc2)c2ncn(C(C)C)c2n1,5.522878745280337,True,<rdkit.Chem.rdchem.Mol object at 0x735c791bb680>,False
CHEMBL121954,CDK1,3000.0,nM,Oc1cccc(Nc2[nH]nc3ncnc(Nc4cccc(Cl)c4)c23)c1,5.522878745280337,True,<rdkit.Chem.rdchem.Mol object at 0x735c791bb610>,False
CHEMBL101156,CDK2,3000.0,nM,CN(C)CC(O)COc1ccc(Nc2nccc(N(CCC#N)c3cc(Cl)ccc3Cl)n2)cc1,5.522878745280337,True,<rdkit.Chem.rdchem.Mol object at 0x735c791bb450>,False
CHEMBL1288651,CDK2,3000.0,nM,COc1ccc(NC(=O)c2n[nH]c3ccccc23)cc1,5.522878745280337,True,<rdkit.Chem.rdchem.Mol object at 0x735c791bb3e0>,False
CHEMBL3950849,CDK2,3030.0,nM,CN(C)C1CCN(c2ccc(Nc3ncc4cc5n(c4n3)C3(CCCC3)CNC5=O)nn2)CC1,5.518557371497695,True,<rdkit.Chem.rdchem.Mol object at 0x735c791baff0>,False
CHEMBL3917699,CDK2,3040.0,nM,C[C@H]1CN(c2ccc(Nc3ncc4cc5n(c4n3)C3(CCCCC3)CNC5=O)nc2)CCN1CC1CC1,5.517126416391246,True,<rdkit.Chem.rdchem.Mol object at 0x735c791bae30>,False
CHEMBL3668457,CDK1,3040.0,nM,COc1ccc(F)cc1-c1ccnc2[nH]c(C3=CCN(CC(O)CO)CC3)cc12,5.517126416391246,True,<rdkit.Chem.rdchem.Mol object at 0x735c791badc0>,False
CHEMBL3899618,CDK2,3060.0,nM,CCN(CC)C1CCN(c2ccc(Nc3ncc4cc5n(c4n3)C3(CCCCC3)CNC5=O)nc2)C1,5.514278573518419,True,<rdkit.Chem.rdchem.Mol object at 0x735c791ba420>,False
CHEMBL559881,CDK1,3090.0,nM,COC(=O)COc1ccc2sc3c(c2c1)NC[C@@H](C)NC3=O,5.510041520575165,True,<rdkit.Chem.rdchem.Mol object at 0x735c791bad50>,False
CHEMBL5896452,CDK9,3100.0,nM,CC[C@@H]1CN[C@@H]1C(=O)Nc1cc(-c2ccc3ncn(CC4CCOCC4)c3c2)c(Cl)cn1,5.508638306165727,True,<rdkit.Chem.rdchem.Mol object at 0x735c791bace0>,False
CHEMBL5173041,CDK2,3100.0,nM,COc1cc(C(=O)N2CCCC2)ccc1-c1ccnc2[nH]c(-c3ccc(CN4CCOCC4)cc3)nc12,5.508638306165727,True,<rdkit.Chem.rdchem.Mol object at 0x735c791bac70>,False
CHEMBL270897,CDK2,3100.0,nM,Nc1nccc(-c2c[nH]c3nccc(O)c23)n1,5.508638306165727,True,<rdkit.Chem.rdchem.Mol object at 0x735c791baab0>,False
CHEMBL3589674,CDK9,3100.0,nM,COc1cccc(-c2ccc3nc(C(=O)O)c4c5cccc(Cl)c5[nH]c4c3c2)c1,5.508638306165727,True,<rdkit.Chem.rdchem.Mol object at 0x735c791baa40>,False
CHEMBL123189,CDK1,3100.0,nM,COc1cccc(CNc2[nH]nc3ncnc(Nc4cccc(Cl)c4)c23)c1,5.508638306165727,True,<rdkit.Chem.rdchem.Mol object at 0x735c791ba960>,False
CHEMBL5191333,CDK1,3100.0,nM,COc1cc(F)ccc1-c1ccnc2[nH]c(C3CCC(NC(C)=O)C3)nc12,5.508638306165727,True,<rdkit.Chem.rdchem.Mol object at 0x735c791b8190>,False
CHEMBL550060,CDK1,3100.0,nM,CCNC[C@@H]1CNc2c(sc3ccc(OC)cc23)C(=O)N1,5.508638306165727,True,<rdkit.Chem.rdchem.Mol object at 0x735c791ba880>,False
CHEMBL1086427,CDK2,3160.0,nM,CCCC(=O)Nc1n[nH]c2c(F)c(Cl)c(-c3ccccc3)cc12,5.500312917381596,True,<rdkit.Chem.rdchem.Mol object at 0x735c791ba7a0>,False
CHEMBL562002,CDK1,3170.0,nM,COc1ccc2sc3c(c2c1)NC[C@@H](CN(C)Cc1ccccc1)NC3=O,5.498940737782249,True,<rdkit.Chem.rdchem.Mol object at 0x735c791ba730>,False
CHEMBL5921682,CDK9,3200.0,nM,O=C(Nc1cc(-c2ccc3nc(C(F)(F)F)[nH]c3c2)c(Cl)cn1)[C@@H]1CCCNC1,5.494850021680094,True,<rdkit.Chem.rdchem.Mol object at 0x735c791ba5e0>,False
CHEMBL2158011,CDK1,3200.0,nM,CCN(CC)S(=O)(=O)c1cccc(Nc2nccc(-c3ccnc(-c4ccc(NC(=O)NC)cc4)c3)n2)c1,5.494850021680094,True,<rdkit.Chem.rdchem.Mol object at 0x735c791ba3b0>,False
CHEMBL455450,CDK9,3200.0,nM,C[C@H]1CNC[C@@H](C(=O)Nc2ncc(SCc3ncc(C(C)(C)C)o3)s2)C1,5.494850021680094,True,<rdkit.Chem.rdchem.Mol object at 0x735c791ba2d0>,False
CHEMBL4755256,CDK4,3250.0,nM,COc1cc(F)ccc1-c1cc(NC(=O)[C@H]2CCC[C@@H](NC(C)=O)C2)ncc1Cl,5.488116639021126,True,<rdkit.Chem.rdchem.Mol object at 0x735c791ba110>,False
CHEMBL279574,CDK1,3300.0,nM,COc1ccc(Nc2ncc(C#N)c(-c3ccccc3)n2)cc1,5.481486060122112,True,<rdkit.Chem.rdchem.Mol object at 0x735c791b9d20>,False
CHEMBL233669,CDK1,3300.0,nM,Cc1cc2cc(Nc3ncc(C#N)c(-c4ccccc4)n3)ccc2[nH]1,5.481486060122112,True,<rdkit.Chem.rdchem.Mol object at 0x735c791b9a10>,False
CHEMBL316940,CDK1,3300.0,nM,O=C1Cc2c([nH]c3ccccc23)-c2cc(Br)ccc2N1,5.481486060122112,True,<rdkit.Chem.rdchem.Mol object at 0x735c791b9cb0>,False
CHEMBL398606,CDK1,3300.0,nM,CC(C)NCc1ccc(Nc2cc(-c3ccc(-c4ccc(O)cc4O)cc3)[nH]n2)cc1,5.481486060122112,True,<rdkit.Chem.rdchem.Mol object at 0x735c791b9c40>,False
CHEMBL4114182,CDK2,3390.0,nM,C[C@@H]1CN(c2ccc(Nc3ncc4cc5n(c4n3)C3(CCCCC3)CNC5=O)nc2)C[C@H](C)N1C[C@@H](C)O,5.4698003017969175,True,<rdkit.Chem.rdchem.Mol object at 0x735c791b9af0>,False
CHEMBL203571,CDK1,3400.0,nM,CCN(CC)c1cc(Nc2ccc(S(N)(=O)=O)cc2)n2ncnc2n1,5.468521082957745,True,<rdkit.Chem.rdchem.Mol object at 0x735c791b9a80>,False
CHEMBL3797873,CDK2,3400.0,nM,C[C@H]1CN(c2cccc3nc(-c4nc(-c5cccc(C(=O)N(C)C)c5)cnc4N)n(C)c23)CCN1,5.468521082957745,True,<rdkit.Chem.rdchem.Mol object at 0x735c791b9770>,False
CHEMBL5414905,CDK1,3410.0,nM,CCc1cnn2c(NCc3nc4ccc(F)c(F)c4[nH]3)cc(N3CCCC[C@H]3CCO)nc12,5.467245621007502,True,<rdkit.Chem.rdchem.Mol object at 0x735c791b9700>,False
CHEMBL5584169,CDK9,3419.5,nM,CC(C)S(=O)(=O)c1ccccc1Nc1nc(N[C@H]2CC[C@H](N)CC2)ncc1-c1ccccc1,5.466037391930952,True,<rdkit.Chem.rdchem.Mol object at 0x735c791b9690>,False
CHEMBL5564808,CDK1,3426.0,nM,Cc1ccc(O)c(C)c1-n1c(N)c(C(=O)N2CCn3c(cnc3C(C)(C)O)C2)c2nc(C)c(C)nc21,5.465212641370508,True,<rdkit.Chem.rdchem.Mol object at 0x735c791b9620>,False
CHEMBL5592329,CDK9,3454.5,nM,COc1cnc(N[C@H]2CC[C@H](N)CC2)nc1Nc1ccccc1S(=O)(=O)C(C)C,5.461614802980088,True,<rdkit.Chem.rdchem.Mol object at 0x735c791b95b0>,False
CHEMBL3973056,CDK2,3480.0,nM,CN1CCN(c2ccc(Nc3ncc4cc5n(c4n3)C3(CCCCC3)CNC5=O)nc2)CC1(C)C,5.458420756053419,True,<rdkit.Chem.rdchem.Mol object at 0x735c791b9540>,False
CHEMBL85015,CDK1,3500.0,nM,CC(C)n1cnc2c(NCc3ccccc3)ncnc21,5.455931955649724,True,<rdkit.Chem.rdchem.Mol object at 0x735c791b94d0>,False
CHEMBL3654243,CDK2,3500.0,nM,c1ncc(-c2cc3cnc(Nc4ccc(N5CCNCC5)cn4)nc3n2C2CCCC2)o1,5.455931955649724,True,<rdkit.Chem.rdchem.Mol object at 0x735c791b9460>,False
CHEMBL233874,CDK1,3500.0,nM,Cc1ccc(Nc2ncc(C#N)c(-c3ccccc3)n2)cc1,5.455931955649724,True,<rdkit.Chem.rdchem.Mol object at 0x735c791b93f0>,False
CHEMBL495557,CDK9,3500.0,nM,CC(C)(C)c1cnc(CSc2cnc(N[C@H]3CC[C@H](O)CC3)s2)o1,5.455931955649724,True,<rdkit.Chem.rdchem.Mol object at 0x735c791b9380>,False
CHEMBL4111196,CDK2,3500.0,nM,C[C@@H]1CN(c2ccc(Nc3ncc4cc5n(c4n3)C3(CCCCC3)CNC5=O)nc2)CCN1,5.455931955649724,True,<rdkit.Chem.rdchem.Mol object at 0x735c791b92a0>,False
CHEMBL3906916,CDK2,3560.0,nM,C[C@@H]1CN(c2ccc(Nc3ncc4cc5n(c4n3)C3(CCCCC3)CNC5=O)nc2)C[C@H](C)N1,5.448550002027124,True,<rdkit.Chem.rdchem.Mol object at 0x735c791b9230>,False
CHEMBL3904602,CDK2,3580.0,nM,CC(C)N1CCN(c2ccc(Nc3ncc4cc5n(c4n3)C3(CCCCC3)CNC5=O)nc2)CC1,5.446116973356125,True,<rdkit.Chem.rdchem.Mol object at 0x735c791b91c0>,False
CHEMBL2163993,CDK2,3600.0,nM,CCc1c(N[C@H]2CC[C@H](N)CC2)nc2ccnn2c1Nc1ccc(F)c(Cl)c1,5.443697499232712,True,<rdkit.Chem.rdchem.Mol object at 0x735c791b9150>,False
CHEMBL3931143,CDK2,3600.0,nM,CC(C)N1CCN(c2ccc(Nc3ncc4cc5n(c4n3)C3(CCCCC3)CNC5=O)nc2)CC1C,5.443697499232712,True,<rdkit.Chem.rdchem.Mol object at 0x735c791b8f90>,False
CHEMBL72461,CDK4,3600.0,nM,Cc1nc2ccccn2c1-c1ccnc(Nc2ccccc2)n1,5.443697499232712,True,<rdkit.Chem.rdchem.Mol object at 0x735c791b8e40>,False
CHEMBL5757213,CDK1,3614.0,nM,Cc1nc2c(F)cc(-c3nc(Nc4ccc5c(n4)CCN(CCCN(C)C)C5)ncc3F)cc2n1C1CC1,5.442011851775087,True,<rdkit.Chem.rdchem.Mol object at 0x735c791b8cf0>,False
CHEMBL5569464,CDK1,3615.0,nM,Cc1ccc(O)c(C)c1-n1c(N)c(C(=O)N2CCn3cnnc3C2)c2nc(C)c(C)nc21,5.44189169836945,True,<rdkit.Chem.rdchem.Mol object at 0x735c791b8c80>,False
CHEMBL5574963,CDK1,3628.0,nM,Cc1ccc(O)c(C)c1-n1c(N)c(C(=O)N2CCc3nccnc3C2)c2nc(C)c(C)nc21,5.440332721611942,True,<rdkit.Chem.rdchem.Mol object at 0x735c791b8c10>,False
CHEMBL3655763,CDK9,3630.0,nM,CC[C@H](Nc1nc(NCc2ccc(C)nc2)c2ncn(C(C)C)c2n1)[C@@H](C)O,5.440093374963888,True,<rdkit.Chem.rdchem.Mol object at 0x735c791b8ba0>,False
CHEMBL2348168,CDK2,3700.0,nM,Nc1nccc(-n2ccc3cnccc32)n1,5.431798275933005,True,<rdkit.Chem.rdchem.Mol object at 0x735c791b8ac0>,False
CHEMBL371415,CDK1,3700.0,nM,CC(O)CNc1[nH]cnc2nc(-c3ccccc3)c(-c3ccccc3)c1-2,5.431798275933005,True,<rdkit.Chem.rdchem.Mol object at 0x735c791b8970>,False
CHEMBL2334964,CDK2,3700.0,nM,Nc1nccc(-n2ccc3ccc(Cl)cc32)n1,5.431798275933005,True,<rdkit.Chem.rdchem.Mol object at 0x735c791b8900>,False
CHEMBL255255,CDK4,3700.0,nM,O=C(Cc1ccccc1)Nc1n[nH]c2ccc(N3CCCS3(=O)=O)cc12,5.431798275933005,True,<rdkit.Chem.rdchem.Mol object at 0x735c791b8890>,False
CHEMBL3938919,CDK2,3710.0,nM,C[C@H](O)CN1[C@H](C)CN(c2ccc(Nc3ncc4cc5n(c4n3)C3(CCCCC3)CNC5=O)nc2)C[C@@H]1C,5.430626090384954,True,<rdkit.Chem.rdchem.Mol object at 0x735c791b87b0>,False
CHEMBL1800447,CDK2,3760.0,nM,Nc1nccc(-c2cc(N3CCC(O)CC3)ccc2O)n1,5.424812155072339,True,<rdkit.Chem.rdchem.Mol object at 0x735c791b8580>,False
CHEMBL3973664,CDK2,3770.0,nM,CC(C)N1CCN(c2ccc(Nc3ncc4cc5n(c4n3)C3(CCCC3)CNC5=O)nc2)CC1,5.423658649794207,True,<rdkit.Chem.rdchem.Mol object at 0x735c791b8510>,False
CHEMBL4228654,CDK2,3800.0,nM,CC(C)Nc1ccc2cnn(-c3cncc(-c4ccc(C(=O)O)cc4)n3)c2c1,5.42021640338319,True,<rdkit.Chem.rdchem.Mol object at 0x735c791b83c0>,False
CHEMBL317150,CDK1,3800.0,nM,CCc1cccc2c3c([nH]c12)-c1ccccc1NC(=O)C3,5.42021640338319,True,<rdkit.Chem.rdchem.Mol object at 0x735c791b8350>,False
CHEMBL3691580,CDK1,3812.0,nM,CN(C)C(=O)c1cc2cnc(Nc3ccc(C(=O)N4CC5CCC(C4)N5)cn3)nc2n1[C@H]1CC[C@H](C(C)(C)C)CC1,5.418847108033711,True,<rdkit.Chem.rdchem.Mol object at 0x735c791b82e0>,False
CHEMBL5527848,CDK4,3824.0,nM,CC(C)c1cnn2c(NCc3ccc(NC(=O)C4(F)CC4)cc3)nc(NC3CCOCC3)nc12,5.417482116395938,True,<rdkit.Chem.rdchem.Mol object at 0x735c791b8270>,False
CHEMBL5593669,CDK9,3860.5,nM,CNC(=O)c1ccccc1Nc1nc(N[C@H]2CC[C@H](N)CC2)ncc1Cl,5.413356443209533,True,<rdkit.Chem.rdchem.Mol object at 0x735c791b8200>,False
CHEMBL4454044,CDK2,3900.0,nM,CC(C)c1cnn2c(NCc3ccccc3N(C)C)nc(OC3CCN(C)CC3)nc12,5.4089353929735005,True,<rdkit.Chem.rdchem.Mol object at 0x735c791bb300>,False
CHEMBL563028,CDK2,3900.0,nM,Cn1nc(C(=O)NC2CCCC2)c2c1-c1nc(Nc3ccccc3)ncc1CC2,5.4089353929735005,True,<rdkit.Chem.rdchem.Mol object at 0x735c791bb290>,False
CHEMBL6174709,CDK2,3906.0,nM,O=C(Nc1cc(-c2ccc3nc4c([nH]c5ccccc54)c(N4CCOCC4)c3c2)ccn1)C1CC1,5.408267761048164,True,<rdkit.Chem.rdchem.Mol object at 0x735c791b8430>,False
CHEMBL5594621,CDK9,3922.0,nM,Cc1cnc(N[C@H]2CC[C@H](N)CC2)nc1Nc1ccccc1S(=O)(=O)C(C)C,5.406492410668235,True,<rdkit.Chem.rdchem.Mol object at 0x735c791b9fc0>,False
CHEMBL5558916,CDK2,3925.5,nM,CC(=O)Nc1ccc(CNc2cc(NC3CCOCC3)nc3c(C(C)C)cnn23)cc1,5.406105018304437,True,<rdkit.Chem.rdchem.Mol object at 0x735c791b9d90>,False
CHEMBL326843,CDK2,3930.0,nM,CCSc1cc(=O)c2c(O)cc(O)c(C3CCN(C)CC3O)c2o1,5.405607449624574,True,<rdkit.Chem.rdchem.Mol object at 0x735c791b9e70>,False
CHEMBL3949088,CDK2,3960.0,nM,CCN(CC)C1CCN(c2ccc(Nc3ncc4cc5n(c4n3)C3(CCCC3)CNC5=O)nc2)C1,5.402304814074488,True,<rdkit.Chem.rdchem.Mol object at 0x735c791b86d0>,False
CHEMBL3925377,CDK2,3970.0,nM,CC1CN(c2ccc(Nc3ncc4cc5n(c4n3)C3(CCCCC3)CNC5=O)nc2)CCN1CC(C)(C)O,5.401209493236885,True,<rdkit.Chem.rdchem.Mol object at 0x735c791bbed0>,False
CHEMBL1800219,CDK2,3980.0,nM,Nc1nccc(-c2cc(N3CCS(=O)(=O)CC3)ccc2O)n1,5.400116927926312,True,<rdkit.Chem.rdchem.Mol object at 0x735c791bbd10>,False
CHEMBL3896827,CDK2,3980.0,nM,CC1CN(c2ccc(Nc3ncc4cc5n(c4n3)C3(CCCCC3)CNC5=O)nc2)CC(C)N1CC1CC1,5.400116927926312,True,<rdkit.Chem.rdchem.Mol object at 0x735c791bbb50>,False
CHEMBL5204939,CDK9,4000.0,nM,CN(C)C(=O)CN1CCC(c2cc3c(-c4ccc(=O)n(CC5CCOCC5)c4)ccnc3[nH]2)CC1,5.3979400086720375,True,<rdkit.Chem.rdchem.Mol object at 0x735c791bb8b0>,False
CHEMBL100979,CDK2,4000.0,nM,Cc1nc2ccccn2c1-c1ccnc(N)n1,5.3979400086720375,True,<rdkit.Chem.rdchem.Mol object at 0x735c791bb6f0>,False
CHEMBL3797828,CDK2,4000.0,nM,CN(C)C(=O)c1cccc(-c2cnc(N)c(-c3nc4cccc(N5CCNCC5)c4[nH]3)c2)c1,5.3979400086720375,True,<rdkit.Chem.rdchem.Mol object at 0x735c791bb4c0>,False
CHEMBL99689,CDK2,4000.0,nM,CN(C)CC(O)COc1ccc(Nc2nccc(Nc3ccccc3C#N)n2)cc1,5.3979400086720375,True,<rdkit.Chem.rdchem.Mol object at 0x735c791bb0d0>,False
CHEMBL100811,CDK4,4000.0,nM,CN(C)CC(O)COc1ccc(Nc2cc(Nc3ccccc3Br)ncn2)cc1,5.3979400086720375,True,<rdkit.Chem.rdchem.Mol object at 0x735c791baf10>,False
CHEMBL403605,CDK4,4000.0,nM,Cc1cccc(CC(=O)Nc2n[nH]c3ccc(N4CCCS4(=O)=O)cc23)c1,5.3979400086720375,True,<rdkit.Chem.rdchem.Mol object at 0x735c791ba8f0>,False
CHEMBL3085244,CDK1,4000.0,nM,CC(C)n1cnc2c(NCc3ccccc3C(F)(F)F)nc(N3CCC[C@@H]3CO)nc21,5.3979400086720375,True,<rdkit.Chem.rdchem.Mol object at 0x735c791ba570>,False
CHEMBL328623,CDK4,4000.0,nM,Cc1ccc(F)c(Nc2cc(Nc3ccc(OCC(O)CN(C)C)cc3)ncn2)c1,5.3979400086720375,True,<rdkit.Chem.rdchem.Mol object at 0x735c791ba180>,False
CHEMBL5435410,CDK2,4000.0,nM,O=C(O)c1cc(Br)ccc1NCCc1c[nH]c2ccccc12,5.3979400086720375,True,<rdkit.Chem.rdchem.Mol object at 0x735c791b9bd0>,False
CHEMBL1288582,CDK2,4000.0,nM,COc1ccc2cc(-c3n[nH]c4cccnc34)[nH]c2c1,5.3979400086720375,True,<rdkit.Chem.rdchem.Mol object at 0x735c791b9310>,False
CHEMBL231800,CDK1,4100.0,nM,CC(C)(N)c1ccc(-c2nc(Nc3ccc(CCN4CCOCC4)cc3)ncc2C#N)cc1,5.3872161432802645,True,<rdkit.Chem.rdchem.Mol object at 0x735c791b9000>,False
CHEMBL510566,CDK9,4100.0,nM,C[C@@H]1CNC[C@@H](C(=O)Nc2ncc(SCc3ncc(C(C)(C)C)o3)s2)C1,5.3872161432802645,True,<rdkit.Chem.rdchem.Mol object at 0x735c791b8660>,False
CHEMBL3691553,CDK1,4137.0,nM,CN(C)C(=O)c1cc2cnc(Nc3ccc(C(=O)N4C[C@@H]5CN[C@@H](C5)C4)cn3)nc2n1C1CCCC1,5.383314479104488,True,<rdkit.Chem.rdchem.Mol object at 0x735c791c0cf0>,False
CHEMBL3691624,CDK1,4140.0,nM,CN(C)C(=O)c1cc2cnc(Nc3ccc(N4CC5CNCC5CC4=O)cn3)nc2n1C1CCCCCC1,5.3829996588791005,True,<rdkit.Chem.rdchem.Mol object at 0x735c791c2180>,False
CHEMBL233668,CDK1,4200.0,nM,COc1cccc(Nc2ncc(C#N)c(-c3ccccc3)n2)c1,5.376750709602099,True,<rdkit.Chem.rdchem.Mol object at 0x735c791c2b20>,False
CHEMBL5584021,CDK9,4200.5,nM,CC(C)S(=O)(=O)c1ccccc1Nc1nc(N[C@H]2CC[C@H](N)CC2)ncc1C1CC1,5.376699010955303,True,<rdkit.Chem.rdchem.Mol object at 0x735c791c3bc0>,False
CHEMBL246543,CDK2,4219.0,nM,CCNC(=O)N1CCC(Nc2nccc(-c3cnc4ccccn34)n2)CC1,5.374790474618119,True,<rdkit.Chem.rdchem.Mol object at 0x735c791c2e30>,False
CHEMBL431634,CDK1,4300.0,nM,COc1cc2c(cc1OC)-c1[nH]c3ccccc3c1CC(=O)N2,5.366531544420413,True,<rdkit.Chem.rdchem.Mol object at 0x735c791c33e0>,False
CHEMBL2111871,CDK1,4300.0,nM,CC(C)n1cnc2c(NCc3ccccc3)nc(N[C@H](CO)c3ccccc3)nc21,5.366531544420413,True,<rdkit.Chem.rdchem.Mol object at 0x735c791c1af0>,False
CHEMBL382607,CDK1,4300.0,nM,N[C@H]1CC[C@H](Nc2cc(Nc3ccc(S(=O)(=O)c4ccccc4)cc3)n3ncnc3n2)CC1,5.366531544420413,True,<rdkit.Chem.rdchem.Mol object at 0x735c791c25e0>,False
CHEMBL120979,CDK1,4300.0,nM,COc1cccc(Nc2[nH]nc3ncnc(Nc4cccc(Cl)c4)c23)c1,5.366531544420413,True,<rdkit.Chem.rdchem.Mol object at 0x735c791c20a0>,False
CHEMBL393659,CDK2,4358.0,nM,CN(C)C(=O)N1CCC(Nc2ncc(Cl)c(-c3c[nH]c4ccccc34)n2)CC1,5.360712774089763,True,<rdkit.Chem.rdchem.Mol object at 0x735c791c0d60>,False
CHEMBL3986691,CDK2,4380.0,nM,CCC(C)[C@@H]1CNC(=O)c2cc3cnc(Nc4ccc(N5CCN(C)CC5)cn4)nc3n21,5.3585258894959,True,<rdkit.Chem.rdchem.Mol object at 0x735c791c1620>,False
CHEMBL1922212,CDK1,4400.0,nM,CC[C@H](Nc1nc(NCc2cccnc2)c2ncn(C(C)C)c2n1)C(C)(C)O,5.356547323513812,True,<rdkit.Chem.rdchem.Mol object at 0x735c791c3ae0>,False
CHEMBL5081341,CDK9,4400.0,nM,COc1nc(C)nc2[nH]cc(-c3ccnc(N)c3)c12,5.356547323513812,True,<rdkit.Chem.rdchem.Mol object at 0x735c791c3f40>,False
CHEMBL5512494,CDK2,4427.5,nM,CC(=O)Nc1cccc(CNc2nc(OC3CCN(C)CC3)nc3c(C(C)C)cnn23)c1,5.353841430137887,True,<rdkit.Chem.rdchem.Mol object at 0x735c791c3d80>,False
CHEMBL245925,CDK2,4443.0,nM,CCNC(=O)N1CCC(Nc2ncc(Cl)c(-n3ccc4ccccc43)n2)CC1,5.35232368675913,True,<rdkit.Chem.rdchem.Mol object at 0x735c791c3c30>,False
CHEMBL3421968,CDK2,4473.0,nM,COc1cc(N2CCN(C)CC2)ccc1Nc1nccc(-c2cn(C)c3cnccc23)n1,5.349401101827343,True,<rdkit.Chem.rdchem.Mol object at 0x735c791c3b50>,False
CHEMBL5556362,CDK9,4475.5,nM,CC(=O)Nc1ccc(CNc2nc(OC3CCN(C)CC3)nc3c(C(C)C)cnn23)c(N(C)C)c1,5.349158438535617,True,<rdkit.Chem.rdchem.Mol object at 0x735c791c3a70>,False
CHEMBL335069,CDK1,4500.0,nM,CC(C)n1cnc2c(NCc3ccccc3)nc(CCC(C)(O)c3ccccc3)nc21,5.346787486224656,True,<rdkit.Chem.rdchem.Mol object at 0x735c791c3990>,False
CHEMBL3948158,CDK2,4500.0,nM,CC(C)N1CCN(c2ccc(Nc3ncc4cc5n(c4n3)C3(CCCC3)CNC5=O)nn2)CC1,5.346787486224656,True,<rdkit.Chem.rdchem.Mol object at 0x735c791c3920>,False
CHEMBL5198594,CDK9,4500.0,nM,CN(C)C(=O)CN1CCC(c2cc3c(-c4ccc(=O)n(CCC5CCOCC5)c4)ccnc3[nH]2)CC1,5.346787486224656,True,<rdkit.Chem.rdchem.Mol object at 0x735c791c38b0>,False
CHEMBL85015,CDK2,4500.0,nM,CC(C)n1cnc2c(NCc3ccccc3)ncnc21,5.346787486224656,True,<rdkit.Chem.rdchem.Mol object at 0x735c791c37d0>,False
CHEMBL4109276,CDK2,4530.0,nM,CC(C)N1CCN(c2ccc(Nc3ncc4cc5n(c4n3)C3(CCCCC3)CNC5=O)nc2)C[C@H]1C,5.343901797987169,True,<rdkit.Chem.rdchem.Mol object at 0x735c791c3610>,False
CHEMBL5073581,CDK9,4575.0,nM,Cc1nc2ccc(-c3cc(N)nc(N)c3)nc2n1Cc1ccc(F)cc1,5.339608901597533,True,<rdkit.Chem.rdchem.Mol object at 0x735c791c3530>,False
CHEMBL5201044,CDK2,4600.0,nM,O=C(c1ccc(-c2ccnc3[nH]c(-c4ccc(CN5CCOCC5)cc4)nc23)cc1)N1CCCC1,5.337242168318426,True,<rdkit.Chem.rdchem.Mol object at 0x735c791c34c0>,False
CHEMBL280074,CDK1,4600.0,nM,Cn1cnc2c(NCc3ccccc3)nc(NCCO)nc21,5.337242168318426,True,<rdkit.Chem.rdchem.Mol object at 0x735c791c2490>,False
CHEMBL516640,CDK1,4600.0,nM,COc1ccc(-n2cnc3ccc(-c4nnc(SCc5cccc(C#N)c5)o4)cc32)cc1,5.337242168318426,True,<rdkit.Chem.rdchem.Mol object at 0x735c791c3300>,False
CHEMBL3975426,CDK2,4620.0,nM,CCN1[C@H](C)CN(c2ccc(Nc3ncc4cc5n(c4n3)C3(CCCCC3)CNC5=O)nc2)C[C@@H]1C,5.335358024443874,True,<rdkit.Chem.rdchem.Mol object at 0x735c791c3140>,False
CHEMBL1081118,CDK2,4630.0,nM,N[C@H](CCc1nc(-c2ccc3cnccc3c2)no1)Cc1ccc(C(F)(F)F)cc1,5.334419008982047,True,<rdkit.Chem.rdchem.Mol object at 0x735c791c2ff0>,False
CHEMBL2011944,CDK2,4650.0,nM,COc1ccccc1-c1nc2c(NCC(O)CNC(=O)C3CCC3)c(Br)cnc2[nH]1,5.332547047110046,True,<rdkit.Chem.rdchem.Mol object at 0x735c791c2ea0>,False
CHEMBL3691546,CDK1,4671.5,nM,CN(C)C(=O)c1cc2cnc(Nc3ccc(C(=O)N4CC5CC4CN5)cn3)nc2n1C1CCCCCC1,5.330543646816331,True,<rdkit.Chem.rdchem.Mol object at 0x735c791c2dc0>,False
CHEMBL3663749,CDK9,4700.0,nM,COc1ccc(C2CC2)cc1-c1ccnc2[nH]c(C3CCCNC3)cc12,5.327902142064282,True,<rdkit.Chem.rdchem.Mol object at 0x735c791c2d50>,False
CHEMBL3658023,CDK1,4700.0,nM,CN(C)C(=O)c1cc2cnc(Nc3ccc(N4CCC(CCO)CC4)cn3)nc2n1C1CCCC1,5.327902142064282,True,<rdkit.Chem.rdchem.Mol object at 0x735c791c2c00>,False
CHEMBL4112645,CDK2,4700.0,nM,C[C@@H]1CN(c2ccc(Nc3ncc4cc5n(c4n3)C3(CCCCC3)CNC5=O)nc2)CCN1C,5.327902142064282,True,<rdkit.Chem.rdchem.Mol object at 0x735c791c2b90>,False
CHEMBL3658028,CDK2,4700.0,nM,CN(C)C(=O)c1cc2cnc(Nc3ccc(C(=O)N(C)CCN)cn3)nc2n1C1CCCC1,5.327902142064282,True,<rdkit.Chem.rdchem.Mol object at 0x735c791c2ab0>,False
CHEMBL231824,CDK1,4800.0,nM,CCc1nccn1CCc1ccc(Nc2ncc(C#N)c(-c3ccc(C(C)(C)N)cc3)n2)cc1,5.318758762624412,True,<rdkit.Chem.rdchem.Mol object at 0x735c791c2960>,False
CHEMBL1922218,CDK1,4900.0,nM,CC[C@@H](Nc1nc(NCc2cccnc2)c2ncn(C(C)C)c2n1)[C@H](C)O,5.309803919971486,True,<rdkit.Chem.rdchem.Mol object at 0x735c791c28f0>,False
CHEMBL122245,CDK1,5000.0,nM,COc1ccc(CNc2[nH]nc3ncnc(Nc4cccc(Cl)c4)c23)cc1,5.301029995663981,True,<rdkit.Chem.rdchem.Mol object at 0x735c791c2730>,False
CHEMBL99948,CDK2,5000.0,nM,Cc1ccc(Cl)c(Nc2ccnc(Nc3ccc(OCC(O)CN(C)C)cc3)n2)c1,5.301029995663981,True,<rdkit.Chem.rdchem.Mol object at 0x735c791c26c0>,False
CHEMBL366312,CDK1,5000.0,nM,OCCNc1ncnc2[nH]c(-c3ccccc3)c(-c3ccccc3)c12,5.301029995663981,True,<rdkit.Chem.rdchem.Mol object at 0x735c791c2650>,False
CHEMBL2348173,CDK2,5000.0,nM,Nc1nccc(-n2ccc3ccc(O)cc32)n1,5.301029995663981,True,<rdkit.Chem.rdchem.Mol object at 0x735c791c2420>,False
CHEMBL317629,CDK2,5000.0,nM,CN(C)CC(O)COc1ccc(Nc2nccc(Nc3cccc(Cl)c3)n2)cc1,5.301029995663981,True,<rdkit.Chem.rdchem.Mol object at 0x735c791c2340>,False
CHEMBL317378,CDK2,5000.0,nM,CN(C)CC(O)COc1ccc(Nc2cc(N(CCC#N)c3cc(Cl)ccc3Cl)ncn2)cc1,5.301029995663981,True,<rdkit.Chem.rdchem.Mol object at 0x735c791c21f0>,False
CHEMBL5793760,CDK9,5000.0,nM,Cn1cnc(C(=O)Nc2cc(-c3ccc4ncn(CC5CCOCC5)c4c3)c(Cl)cn2)c1,5.301029995663981,True,<rdkit.Chem.rdchem.Mol object at 0x735c791c1e00>,False
CHEMBL5590050,CDK2,5046.0,nM,CS(=O)(=O)N1CCC(Nc2ncc(C(F)(F)F)c(-c3cnn(C4CCCCC4)c3)n2)CC1,5.297052753818444,True,<rdkit.Chem.rdchem.Mol object at 0x735c791c1bd0>,False
CHEMBL189607,CDK4,5053.0,nM,Nc1nc2ccc(C(=O)c3c(F)cccc3F)cn2c1C(=O)c1ccccc1,5.29645070176177,True,<rdkit.Chem.rdchem.Mol object at 0x735c791c1b60>,False
CHEMBL3663784,CDK9,5100.0,nM,Clc1ccc(-c2ccccc2)nc1-c1ccnc2[nH]c(C3CCNCC3)cc12,5.292429823902063,True,<rdkit.Chem.rdchem.Mol object at 0x735c791c1a80>,False
CHEMBL4113081,CDK2,5110.0,nM,C[C@@H]1CN(c2ccc(Nc3ncc4cc5n(c4n3)C3(CCCCC3)CNC5=O)nc2)CCN1C[C@@H](C)O,5.291579099865287,True,<rdkit.Chem.rdchem.Mol object at 0x735c791c1a10>,False
CHEMBL5572788,CDK2,5111.0,nM,CS(=O)(=O)N1CCC(Nc2ncc(C(F)(F)F)c(-c3cnn(-c4ccccc4F)c3)n2)CC1,5.291494119044764,True,<rdkit.Chem.rdchem.Mol object at 0x735c791c19a0>,False
CHEMBL4206280,CDK4,5156.0,nM,CCN1CCN(Cc2ncc(Nc3cc(-c4cc(F)c5nc(C)n(C(C)C)c5c4)ncn3)cn2)CC1,5.2876870913186345,True,<rdkit.Chem.rdchem.Mol object at 0x735c791c18c0>,False
CHEMBL3421978,CDK2,5176.0,nM,C(=C/c1nccc(-c2c[nH]c3cnccc23)n1)\c1ccccc1,5.2860057323393566,True,<rdkit.Chem.rdchem.Mol object at 0x735c791c1770>,False
CHEMBL3984435,CDK2,5200.0,nM,CCC(C)CN1[C@H](C)CN(c2ccc(Nc3ncc4cc5n(c4n3)C3(CCCC3)CNC5=O)nc2)C[C@@H]1C,5.2839966563652006,True,<rdkit.Chem.rdchem.Mol object at 0x735c791c15b0>,False
CHEMBL5973334,CDK9,5200.0,nM,Cn1cnc2ccc(-c3cc(N[C@H]4CC[C@H](N)CC4)ncc3Cl)cc21,5.2839966563652006,True,<rdkit.Chem.rdchem.Mol object at 0x735c791c14d0>,False
CHEMBL245534,CDK2,5281.0,nM,CN1CCN(C(=O)N2CCC(Nc3ncc(Cl)c(-c4c[nH]c5ccccc45)n3)CC2)CC1,5.277283832511506,True,<rdkit.Chem.rdchem.Mol object at 0x735c791c1460>,False
CHEMBL2397315,CDK9,5300.0,nM,Cc1nc(NC(=O)[C@@H](C)CC(F)(F)F)sc1-c1ccc(N)nc1,5.275724130399211,True,<rdkit.Chem.rdchem.Mol object at 0x735c791c1310>,False
CHEMBL104467,CDK1,5300.0,nM,Nc1cc(OCC2CCCCC2)nc(Nc2ccc(S(N)(=O)=O)cc2)n1,5.275724130399211,True,<rdkit.Chem.rdchem.Mol object at 0x735c791c1230>,False
CHEMBL3691620,CDK1,5316.0,nM,CN(C)C(=O)c1cc2cnc(Nc3ccc(N4C[C@H]5CNC[C@H]5C4=O)cn3)nc2n1C1CCCCCC1,5.274415027729305,True,<rdkit.Chem.rdchem.Mol object at 0x735c791c1000>,False
CHEMBL2006765,CDK9,5330.0,nM,CCCNC(=O)c1ccc(Nc2nc(NCC(F)(F)F)c3cc[nH]c3n2)cc1,5.273272790973428,True,<rdkit.Chem.rdchem.Mol object at 0x735c791c0f20>,False
CHEMBL6036015,CDK9,5400.0,nM,O=C1Cc2ccc(-c3cc(NC(=O)[C@@H]4CCCNC4)ncc3Cl)cc2N1,5.267606240177031,True,<rdkit.Chem.rdchem.Mol object at 0x735c791c0e40>,False
CHEMBL5090552,CDK9,5430.0,nM,Nc1cc(-c2ccc3oc(Cl)cc3c2)cc(N)n1,5.265200170411153,True,<rdkit.Chem.rdchem.Mol object at 0x735c791c0c80>,False
CHEMBL202695,CDK1,5600.0,nM,CN(C)S(=O)(=O)c1ccc(Nc2cc(N[C@H]3CC[C@H](N)CC3)nc3ncnn23)cc1,5.251811972993799,True,<rdkit.Chem.rdchem.Mol object at 0x735c791c0b30>,False
CHEMBL3642654,CDK2,5600.0,nM,CN1CCN(c2cc(NCc3cccnc3)n3nccc3n2)CC1,5.251811972993799,True,<rdkit.Chem.rdchem.Mol object at 0x735c791c0a50>,False
CHEMBL1242367,CDK6,5600.0,nM,CCNc1cc(N[C@H]2CC[C@@H](O)CC2)nc(Nc2ccc3c(ccn3Cc3ccccc3)c2)n1,5.251811972993799,True,<rdkit.Chem.rdchem.Mol object at 0x735c791c09e0>,False
CHEMBL394577,CDK1,5600.0,nM,CN1CCN(CCc2ccc(Nc3ncc(C#N)c(-c4ccc(C(C)(C)N)cc4)n3)cc2)CC1,5.251811972993799,True,<rdkit.Chem.rdchem.Mol object at 0x735c791c0900>,False
CHEMBL5077927,CDK9,5692.0,nM,Cc1nc2ccc(-c3cc(N)nc(N)c3)nc2n1CC(F)F,5.244735108587753,True,<rdkit.Chem.rdchem.Mol object at 0x735c791c0890>,False
CHEMBL231801,CDK1,5700.0,nM,CC(C)(N)c1ccc(-c2nc(Nc3cccc(CCN4CCOCC4)c3)ncc2C#N)cc1,5.2441251443275085,True,<rdkit.Chem.rdchem.Mol object at 0x735c791c0820>,False
CHEMBL5070553,CDK9,5700.0,nM,Cc1nc2ccc(-c3cc(N)nc(N)c3)nc2n1CC(F)(F)F,5.2441251443275085,True,<rdkit.Chem.rdchem.Mol object at 0x735c791c06d0>,False
CHEMBL3797574,CDK2,5700.0,nM,CN(C)C(=O)c1cccc(-c2cnc(N)c(-c3nc4ccccc4[nH]3)c2)c1,5.2441251443275085,True,<rdkit.Chem.rdchem.Mol object at 0x735c791c0660>,False
CHEMBL5556898,CDK9,5703.0,nM,CC(=O)Nc1ccc(CNc2nc(OC3CCN(C)CC3)nc3c(C(C)C)cnn23)c(-n2ccnc2)c1,5.243896628414895,True,<rdkit.Chem.rdchem.Mol object at 0x735c791c05f0>,False
CHEMBL122411,CDK1,5800.0,nM,COc1ccc(Nc2[nH]nc3ncnc(Nc4cccc(Cl)c4)c23)cc1,5.236572006437063,True,<rdkit.Chem.rdchem.Mol object at 0x735c791c03c0>,False
CHEMBL3655774,CDK9,5840.0,nM,CC[C@H](Nc1nc(NCc2ncccc2C)c2ncn(C(C)C)c2n1)[C@@H](C)O,5.2335871528876,True,<rdkit.Chem.rdchem.Mol object at 0x735c791c0190>,False
CHEMBL5556362,CDK2,5849.0,nM,CC(=O)Nc1ccc(CNc2nc(OC3CCN(C)CC3)nc3c(C(C)C)cnn23)c(N(C)C)c1,5.232918378636677,True,<rdkit.Chem.rdchem.Mol object at 0x735c791c0120>,False
CHEMBL5566455,CDK1,5891.0,nM,Cc1ccc(O)c(C)c1-n1c(N)c(C(=O)N2CCn3nccc3C2)c2nc(C)c(N3CCC[C@@H](O)C3)nc21,5.229810977264007,True,<rdkit.Chem.rdchem.Mol object at 0x735c791c0040>,False
CHEMBL5594311,CDK9,5993.5,nM,CC(C)S(=O)(=O)c1ccccc1Nc1ccnc(N[C@H]2CC[C@H](N)CC2)n1,5.222319490335705,True,<rdkit.Chem.rdchem.Mol object at 0x735c791c00b0>,False
CHEMBL323594,CDK2,6000.0,nM,Cc1cc(NC(=O)c2ccc(Br)cc2)n[nH]1,5.221848749616356,True,<rdkit.Chem.rdchem.Mol object at 0x735c791c2f80>,False
CHEMBL101166,CDK1,6000.0,nM,CCC(CO)Nc1nc(NCc2cccc(O)c2)c2nc(Cl)n(C(C)C)c2n1,5.221848749616356,True,<rdkit.Chem.rdchem.Mol object at 0x735c791c17e0>,False
CHEMBL365988,CDK2,6000.0,nM,C[C@@H](C(=O)Nc1cc(C2CC2)[nH]n1)c1ccccc1,5.221848749616356,True,<rdkit.Chem.rdchem.Mol object at 0x735c791c0510>,False
CHEMBL2163991,CDK2,6000.0,nM,N[C@H]1CC[C@H](Nc2nc3ccnn3c(Nc3ccc(F)c(Cl)c3)c2-c2ccccc2)CC1,5.221848749616356,True,<rdkit.Chem.rdchem.Mol object at 0x735c791c3450>,False
CHEMBL117,CDK6,6000.0,nM,O=c1cc(-c2ccccc2)oc2cc(O)cc(O)c12,5.221848749616356,True,<rdkit.Chem.rdchem.Mol object at 0x735c791c2c70>,False
CHEMBL129977,CDK1,6000.0,nM,CN(c1nc(NCCO)nc2c1ncn2C)C1CCCCC1,5.221848749616356,True,<rdkit.Chem.rdchem.Mol object at 0x735c791c3df0>,False
CHEMBL101679,CDK2,6000.0,nM,CN(C)CC(O)COc1ccc(Nc2nccc(Nc3ccccc3Cl)n2)cc1,5.221848749616356,True,<rdkit.Chem.rdchem.Mol object at 0x735c791c3290>,False
CHEMBL101557,CDK4,6000.0,nM,CN(C)CC(O)COc1ccc(Nc2cc(Nc3cc(C(F)(F)F)ccc3F)ncn2)cc1,5.221848749616356,True,<rdkit.Chem.rdchem.Mol object at 0x735c791c30d0>,False
CHEMBL3980597,CDK2,6010.0,nM,CCC(C)CN1CCN(c2ccc(Nc3ncc4cc5n(c4n3)C3(CCCC3)CNC5=O)nc2)CC1,5.221125527997261,True,<rdkit.Chem.rdchem.Mol object at 0x735c791c3060>,False
CHEMBL3910976,CDK2,6100.0,nM,CC(C)N1CCN(c2ccc(Nc3ncc4cc5n(c4n3)C3(CCCCC3)CNC5=O)nc2)C[C@@H]1C,5.214670164989233,True,<rdkit.Chem.rdchem.Mol object at 0x735c791c2ce0>,False
CHEMBL133498,CDK4,6150.0,nM,CN1CC[C@H](c2c(O)cc(O)c3c(=O)cc(Oc4ccccc4Cl)oc23)[C@H](O)C1,5.211124884224583,True,<rdkit.Chem.rdchem.Mol object at 0x735c791c2260>,False
CHEMBL318208,CDK1,6200.0,nM,Cn1c2c(c3cc(Br)ccc31)CC(=O)Nc1ccccc1-2,5.207608310501746,True,<rdkit.Chem.rdchem.Mol object at 0x735c791c2030>,False
CHEMBL1922123,CDK1,6200.0,nM,CC[C@@H](Nc1nc(NCc2cccnc2)c2ncn(C(C)C)c2n1)C(C)(C)O,5.207608310501746,True,<rdkit.Chem.rdchem.Mol object at 0x735c791c1fc0>,False
CHEMBL233454,CDK1,6200.0,nM,N#Cc1cnc(Nc2ccc(CN3CCCC3)cc2)nc1-c1ccccc1,5.207608310501746,True,<rdkit.Chem.rdchem.Mol object at 0x735c791c1f50>,False
CHEMBL1922219,CDK6,6200.0,nM,CC[C@H](Nc1nc(NCc2cccnc2)c2ncn(C(C)C)c2n1)[C@@H](C)O,5.207608310501746,True,<rdkit.Chem.rdchem.Mol object at 0x735c791c1ee0>,False
CHEMBL560075,CDK1,6330.0,nM,C[C@@H]1CNc2c(sc3ccc4nc(-c5cccnc5)ccc4c23)C(=O)N1,5.198596289982644,True,<rdkit.Chem.rdchem.Mol object at 0x735c791c1690>,False
CHEMBL3929399,CDK2,6350.0,nM,C[C@H](O)CN1CCN(c2ccc(Nc3ncc4cc5n(c4n3)C3(CCCCC3)CNC5=O)nc2)CC1,5.197226274708024,True,<rdkit.Chem.rdchem.Mol object at 0x735c791c1380>,False
CHEMBL317539,CDK1,6400.0,nM,COC(=O)CN1C(=O)Cc2c([nH]c3ccc(Br)cc23)-c2ccccc21,5.1938200260161125,True,<rdkit.Chem.rdchem.Mol object at 0x735c791c12a0>,False
CHEMBL2163606,CDK2,6400.0,nM,Cc1c(N[C@H]2CC[C@H](N)CC2)nc2ccnn2c1Nc1ccccc1Cl,5.1938200260161125,True,<rdkit.Chem.rdchem.Mol object at 0x735c791c11c0>,False
CHEMBL3691626,CDK1,6483.0,nM,CN(C)C(=O)c1cc2cnc(Nc3ccc(N4C[C@@H]5CNC[C@@H]5CC4=O)cn3)nc2n1C1CCCCCC1,5.188223978397096,True,<rdkit.Chem.rdchem.Mol object at 0x735c791c0dd0>,False
CHEMBL233455,CDK1,6500.0,nM,N#Cc1cnc(Nc2ccc(CCN3CCCC3)cc2)nc1-c1ccccc1,5.187086643357144,True,<rdkit.Chem.rdchem.Mol object at 0x735c791c0350>,False
CHEMBL440717,CDK1,6500.0,nM,CC(C)n1cnc2c(NCc3ccccc3)nc(NCC(O)c3ccccc3)nc21,5.187086643357144,True,<rdkit.Chem.rdchem.Mol object at 0x735c791f7610>,False
CHEMBL3655775,CDK9,6530.0,nM,CC(C)n1cnc2c(NCc3cccnc3)nc(NC[C@@H](C)O)nc21,5.185086818724926,True,<rdkit.Chem.rdchem.Mol object at 0x735c791f6ce0>,False
CHEMBL112050,CDK2,6590.0,nM,CN1CCC(c2c(O)cc(O)c3c(=O)cc(Sc4ccccc4)oc23)C(O)C1,5.18111458540599,True,<rdkit.Chem.rdchem.Mol object at 0x735c791f4890>,False
CHEMBL3663763,CDK9,6600.0,nM,COc1ccc(N)nc1-c1ccnc2[nH]c(C3CCNCC3)cc12,5.180456064458131,True,<rdkit.Chem.rdchem.Mol object at 0x735c791f7c30>,False
CHEMBL4107086,CDK2,6620.0,nM,CC(C)C[C@@H]1CNC(=O)c2cc3cnc(Nc4ccc(N5CCN(C)CC5)cn4)nc3n21,5.1791420105603,True,<rdkit.Chem.rdchem.Mol object at 0x735c791f5fc0>,False
CHEMBL245935,CDK2,6652.0,nM,CC1CCN(NC(=O)N2CCC(Nc3ncc(Cl)c(-c4c[nH]c5ccccc45)n3)CC2)CC1,5.177047759452519,True,<rdkit.Chem.rdchem.Mol object at 0x735c791f5a80>,False
CHEMBL6030558,CDK9,6700.0,nM,O=C(Nc1cc(-c2ccc3ncn(CC4CCOCC4)c3c2)c(Cl)cn1)C(c1ccco1)N1CCNCC1,5.173925197299173,True,<rdkit.Chem.rdchem.Mol object at 0x735c791f5000>,False
CHEMBL549959,CDK1,6700.0,nM,C[C@@]12c3ccc4c(c3C(=O)c3occ(c31)C(=O)C[C@H]2O)CCC4=O,5.173925197299173,True,<rdkit.Chem.rdchem.Mol object at 0x735c791f76f0>,False
CHEMBL5773323,CDK9,6800.0,nM,COCc1cn(CC2CCOCC2)c2cc(-c3cc(NC(=O)[C@@H]4CCCNC4)ncc3Cl)cnc12,5.167491087293763,True,<rdkit.Chem.rdchem.Mol object at 0x735c791f4f90>,False
CHEMBL1922219,CDK4,6800.0,nM,CC[C@H](Nc1nc(NCc2cccnc2)c2ncn(C(C)C)c2n1)[C@@H](C)O,5.167491087293763,True,<rdkit.Chem.rdchem.Mol object at 0x735c791f5ee0>,False
CHEMBL3663747,CDK9,6900.0,nM,COc1ccc(N)nc1-c1ccnc2[nH]c(C3CCCNC3)cc12,5.161150909262744,True,<rdkit.Chem.rdchem.Mol object at 0x735c791f7ae0>,False
CHEMBL3963064,CDK2,6900.0,nM,CN(C)C1CCN(c2ccc(Nc3ncc4cc5n(c4n3)C3(CCCC3)CNC5=O)nc2)CC1,5.161150909262744,True,<rdkit.Chem.rdchem.Mol object at 0x735c791f68f0>,False
CHEMBL269881,CDK1,7000.0,nM,Nc1nc(OCC2CCCCC2)c2nc[nH]c2n1,5.154901959985743,True,<rdkit.Chem.rdchem.Mol object at 0x735c791f7760>,False
CHEMBL103633,CDK2,7000.0,nM,CN(C)CC(O)COc1ccc(Nc2nccc(Nc3ccccc3Br)n2)cc1,5.154901959985743,True,<rdkit.Chem.rdchem.Mol object at 0x735c791f40b0>,False
CHEMBL430574,CDK1,7000.0,nM,O=C1Cc2c([nH]c3ccccc23)-c2ccccc2N1,5.154901959985743,True,<rdkit.Chem.rdchem.Mol object at 0x735c791f44a0>,False
CHEMBL448853,CDK2,7000.0,nM,Clc1cncc(Nc2ccccc2)n1,5.154901959985743,True,<rdkit.Chem.rdchem.Mol object at 0x735c791f7300>,False
CHEMBL1933345,CDK2,7000.0,nM,Oc1ccc(-c2nc(Nc3cccc(Cl)c3)nc3[nH]cnc23)cc1,5.154901959985743,True,<rdkit.Chem.rdchem.Mol object at 0x735c791f5700>,False
CHEMBL6192843,CDK2,7000.0,nM,CN(C)C(=O)c1cccc(Nc2nc(OCC3CCCCC3)c3nc[nH]c3n2)c1,5.154901959985743,True,<rdkit.Chem.rdchem.Mol object at 0x735c791f61f0>,False
CHEMBL101019,CDK2,7000.0,nM,CN(C)CC(O)COc1ccc(Nc2nccc(Nc3ccccc3F)n2)cc1,5.154901959985743,True,<rdkit.Chem.rdchem.Mol object at 0x735c791f5620>,False
CHEMBL1956071,CDK2,7000.0,nM,CCn1c(-c2nonc2N)nc2cncc(C(=O)N3CC[C@H](N)C3)c21,5.154901959985743,True,<rdkit.Chem.rdchem.Mol object at 0x735c791f7ed0>,False
CHEMBL3691547,CDK1,7065.0,nM,CN(C)C(=O)c1cc2cnc(Nc3ccc(C(=O)N4CC5CCC(C4)N5)cn3)nc2n1C1CCCCCC1,5.150887833815423,True,<rdkit.Chem.rdchem.Mol object at 0x735c791f7d80>,False
CHEMBL414949,CDK2,7100.0,nM,O=C(Cc1ccccc1)Nc1n[nH]c2ccc(N3CCCCC3=O)cc12,5.1487416512809245,True,<rdkit.Chem.rdchem.Mol object at 0x735c791f7d10>,False
CHEMBL3691552,CDK1,7101.0,nM,CN(C)C(=O)c1cc2cnc(Nc3ccc(C(=O)N4CC5CNC(C5)C4)cn3)nc2n1C1CCCC1,5.148680487351255,True,<rdkit.Chem.rdchem.Mol object at 0x735c791f7bc0>,False
CHEMBL2409175,CDK2,7200.0,nM,CC(=O)Nc1cc(Nc2cc(NC3CC3)n3ncc(C#N)c3n2)ccc1C,5.142667503568731,True,<rdkit.Chem.rdchem.Mol object at 0x735c791f7a70>,False
CHEMBL4114427,CDK2,7300.0,nM,C[C@H](O)CN1CCN(c2ccc(Nc3ncc4cc5n(c4n3)C3(CCCC3)CNC5=O)nc2)C[C@H]1C,5.136677139879544,True,<rdkit.Chem.rdchem.Mol object at 0x735c791f78b0>,False
CHEMBL2111870,CDK1,7300.0,nM,CC(C)n1cnc2c(NCc3ccccc3)nc(N[C@H](CO)Cc3ccccc3)nc21,5.136677139879544,True,<rdkit.Chem.rdchem.Mol object at 0x735c791f7840>,False
CHEMBL3655776,CDK9,7400.0,nM,CC(C)n1cnc2c(NCc3cccnc3)nc(NCC(O)C(F)(F)F)nc21,5.130768280269024,True,<rdkit.Chem.rdchem.Mol object at 0x735c791f7680>,False
CHEMBL121796,CDK1,7400.0,nM,Clc1cccc(Nc2[nH]cnc3nnc(NCc4ccccc4)c2-3)c1,5.130768280269024,True,<rdkit.Chem.rdchem.Mol object at 0x735c791f75a0>,False
CHEMBL203573,CDK2,7400.0,nM,NS(=O)(=O)c1ccc(Nc2cc(N[C@H]3CC[C@H](O)CC3)nc3ncnn23)cc1,5.130768280269024,True,<rdkit.Chem.rdchem.Mol object at 0x735c791f73e0>,False
CHEMBL4454044,CDK9,7450.0,nM,CC(C)c1cnn2c(NCc3ccccc3N(C)C)nc(OC3CCN(C)CC3)nc12,5.127843727251707,True,<rdkit.Chem.rdchem.Mol object at 0x735c791f7290>,False
CHEMBL1922123,CDK4,7500.0,nM,CC[C@@H](Nc1nc(NCc2cccnc2)c2ncn(C(C)C)c2n1)C(C)(C)O,5.1249387366083,True,<rdkit.Chem.rdchem.Mol object at 0x735c791f70d0>,False
CHEMBL1928705,CDK1,7500.0,nM,C[C@H](CN(C)C)Oc1nc(Nc2cc3cccc(Cl)c3cn2)cnc1C#N,5.1249387366083,True,<rdkit.Chem.rdchem.Mol object at 0x735c791f7060>,False
CHEMBL1800219,CDK1,7500.0,nM,Nc1nccc(-c2cc(N3CCS(=O)(=O)CC3)ccc2O)n1,5.1249387366083,True,<rdkit.Chem.rdchem.Mol object at 0x735c791f6ff0>,False
CHEMBL514499,CDK2,7600.0,nM,COc1cc2ncn(-c3cc(OCc4ccccc4C(F)(F)F)c(C(N)=O)s3)c2cc1OC,5.119186407719209,True,<rdkit.Chem.rdchem.Mol object at 0x735c791f6f10>,False
CHEMBL3985649,CDK2,7610.0,nM,CC(C)N1CCN(c2ccc(Nc3ncc4cc5n(c4n3)C3(CCCC3)CNC5=O)nc2)CC1C,5.118615343229427,True,<rdkit.Chem.rdchem.Mol object at 0x735c791f6ea0>,False
CHEMBL5597436,CDK2,7800.0,nM,CN(C)C(=O)c1cc2cnc(Nc3ccc(S(=O)(=O)N(C)C)cc3Cl)cc2[nH]1,5.107905397309519,True,<rdkit.Chem.rdchem.Mol object at 0x735c791f6c70>,False
CHEMBL3655766,CDK9,7890.0,nM,CC[C@H](Nc1nc(NCc2cccnc2)c2ncn(CC3CC3)c2n1)[C@@H](C)O,5.10292299679058,True,<rdkit.Chem.rdchem.Mol object at 0x735c791f6b20>,False
CHEMBL5930405,CDK9,7900.0,nM,O=C(Nc1cc(-c2ccc3ncn(CC4CCOCC4)c3c2)c(Cl)cn1)C1CNC1,5.102372908709558,True,<rdkit.Chem.rdchem.Mol object at 0x735c791f6a40>,False
CHEMBL5598262,CDK2,7900.0,nM,CN(C)C(=O)c1cc2cnc(Nc3ccc(-c4cnn(C)c4)cc3Cl)cc2[nH]1,5.102372908709558,True,<rdkit.Chem.rdchem.Mol object at 0x735c791f69d0>,False
CHEMBL549915,CDK1,7920.0,nM,Cc1ccncc1-c1ccc2c(ccc3sc4c(c32)NC[C@@H](C)NC4=O)n1,5.101274818410507,True,<rdkit.Chem.rdchem.Mol object at 0x735c791f6880>,False
CHEMBL1800217,CDK1,7940.0,nM,CCC1CCN(c2ccc(O)c(-c3ccnc(N)n3)c2)CC1,5.100179497572904,True,<rdkit.Chem.rdchem.Mol object at 0x735c791f6810>,False
CHEMBL130681,CDK1,8000.0,nM,OCCNc1nc(NCc2ccccc2)c2ncn(CCO)c2n1,5.096910013008056,True,<rdkit.Chem.rdchem.Mol object at 0x735c791f6730>,False
CHEMBL101473,CDK2,8000.0,nM,Cc1cnc(Nc2ccc(OCC(O)CN(C)C)cc2)nc1Nc1ccccc1,5.096910013008056,True,<rdkit.Chem.rdchem.Mol object at 0x735c791f66c0>,False
CHEMBL3654239,CDK2,8000.0,nM,CN(C)C(=O)c1cc2cnc(Nc3ccc(N4CCCNCC4)cn3)nc2n1C1CCCC1,5.096910013008056,True,<rdkit.Chem.rdchem.Mol object at 0x735c791f6490>,False
CHEMBL5400738,CDK2,8000.0,nM,O=C(O)c1cc(Cl)ccc1NCCc1c[nH]c2ccccc12,5.096910013008056,True,<rdkit.Chem.rdchem.Mol object at 0x735c791f6340>,False
CHEMBL86066,CDK2,8000.0,nM,CC(C)n1cnc2c(NCc3ccccc3)nc(NCCO)nc21,5.096910013008056,True,<rdkit.Chem.rdchem.Mol object at 0x735c791f6260>,False
CHEMBL99647,CDK4,8000.0,nM,CN(C)CC(O)COc1ccc(Nc2cc(Nc3ccccc3Cl)ncn2)cc1,5.096910013008056,True,<rdkit.Chem.rdchem.Mol object at 0x735c791f6180>,False
CHEMBL100645,CDK1,8000.0,nM,CCC(CO)Nc1nc(NCc2ccccc2)c2nc(C)n(C(C)C)c2n1,5.096910013008056,True,<rdkit.Chem.rdchem.Mol object at 0x735c791f60a0>,False
CHEMBL418793,CDK4,8000.0,nM,Cc1ccccc1Nc1cc(Nc2ccc(OCC(O)CN(C)C)cc2)ncn1,5.096910013008056,True,<rdkit.Chem.rdchem.Mol object at 0x735c791f6030>,False
CHEMBL100979,CDK4,8000.0,nM,Cc1nc2ccccn2c1-c1ccnc(N)n1,5.096910013008056,True,<rdkit.Chem.rdchem.Mol object at 0x735c791f5f50>,False
CHEMBL5191333,CDK2,8100.0,nM,COc1cc(F)ccc1-c1ccnc2[nH]c(C3CCC(NC(C)=O)C3)nc12,5.091514981121351,True,<rdkit.Chem.rdchem.Mol object at 0x735c791f5cb0>,False
CHEMBL461140,CDK2,8200.0,nM,CN(C)CCOc1ccc(/C=C/c2cc(-c3cc4c(=O)[nH]cnc4[nH]3)ccn2)cc1,5.086186147616283,True,<rdkit.Chem.rdchem.Mol object at 0x735c791f5c40>,False
CHEMBL2334965,CDK2,8200.0,nM,Nc1nccc(-n2ccc3ccc(Br)cc32)n1,5.086186147616283,True,<rdkit.Chem.rdchem.Mol object at 0x735c791f5bd0>,False
CHEMBL16484,CDK4,8300.0,nM,CC(C)(C)Nc1nc(C(F)(F)F)nc2ccc(-c3cccnc3)cc12,5.080921907623926,True,<rdkit.Chem.rdchem.Mol object at 0x735c791f5b60>,False
CHEMBL3658034,CDK2,8300.0,nM,CN(C)C1CCN(c2ccc(Nc3ncc4cc(C#N)n(C5CCCC5)c4n3)nc2)CC1,5.080921907623926,True,<rdkit.Chem.rdchem.Mol object at 0x735c791f5af0>,False
CHEMBL3691556,CDK1,8439.0,nM,CN(C)C(=O)c1cc2cnc(Nc3ccc(C(=O)N4CC5CC(C4)N(C)C5)cn3)nc2n1C1CCCC1,5.073709013115137,True,<rdkit.Chem.rdchem.Mol object at 0x735c791f5930>,False
CHEMBL365355,CDK2,8500.0,nM,C[C@@H](C(=O)Nc1cc(C2CC2)[nH]n1)c1ccc(N2CCN(C)C2=O)cc1,5.070581074285707,True,<rdkit.Chem.rdchem.Mol object at 0x735c791f58c0>,False
CHEMBL308848,CDK2,8800.0,nM,Cc1nc2ccccn2c1-c1ccnc(Nc2ccccc2Cl)n1,5.055517327849831,True,<rdkit.Chem.rdchem.Mol object at 0x735c791f5770>,False
CHEMBL203006,CDK1,8800.0,nM,Brc1cccc(-c2cc(NCc3ccncc3)n3ncnc3n2)c1,5.055517327849831,True,<rdkit.Chem.rdchem.Mol object at 0x735c791f5540>,False
CHEMBL5073869,CDK9,8835.0,nM,Cc1oc2ccc(-c3cc(N)nc(N)c3)cc2c1C,5.053793446157217,True,<rdkit.Chem.rdchem.Mol object at 0x735c791f52a0>,False
CHEMBL3109954,CDK2,8900.0,nM,CCOc1ccccc1Nc1cc2[nH]c(-c3cn[nH]c3)cc2cn1,5.050609993355087,True,<rdkit.Chem.rdchem.Mol object at 0x735c791f5070>,False
CHEMBL99842,CDK4,8900.0,nM,CC(=O)Nc1nccc(-c2c(C)nc3ccccn23)n1,5.050609993355087,True,<rdkit.Chem.rdchem.Mol object at 0x735c791f4f20>,False
CHEMBL603097,CDK4,9000.0,nM,COc1ccc2nc3[nH]nc(C)c3c(OC)c2c1,5.045757490560675,True,<rdkit.Chem.rdchem.Mol object at 0x735c791f4dd0>,False
CHEMBL387829,CDK1,9000.0,nM,COc1cc(Nc2ncc(C#N)c(-c3ccccc3)n2)ccc1CN1CCCC1,5.045757490560675,True,<rdkit.Chem.rdchem.Mol object at 0x735c791f4d60>,False
CHEMBL119982,CDK1,9000.0,nM,Clc1cccc(Nc2[nH]nc3ncnc(NCc4ccccc4)c23)c1,5.045757490560675,True,<rdkit.Chem.rdchem.Mol object at 0x735c791f4c80>,False
CHEMBL101558,CDK4,9000.0,nM,CN(C)CC(O)COc1ccc(Nc2cc(Nc3c(F)cccc3F)ncn2)cc1,5.045757490560675,True,<rdkit.Chem.rdchem.Mol object at 0x735c791f4c10>,False
CHEMBL5188909,CDK9,9090.0,nM,CC(C)n1cnc2c(NCc3nc4ccc(F)c(F)c4[nH]3)nc(N3CCCC[C@H]3CCO)nc21,5.041436116778033,True,<rdkit.Chem.rdchem.Mol object at 0x735c791f4ba0>,False
CHEMBL487738,CDK2,9100.0,nM,NS(=O)(=O)c1ccc(Nc2cncc(Cl)n2)cc1,5.040958607678906,True,<rdkit.Chem.rdchem.Mol object at 0x735c791f4ac0>,False
CHEMBL5404411,CDK1,9103.0,nM,COc1ccc(Cc2nnc(N3CCN(C(=O)c4ccccc4)CC3)c3ccccc23)cc1,5.040815457268808,True,<rdkit.Chem.rdchem.Mol object at 0x735c791f49e0>,False
CHEMBL6160366,CDK1,9139.0,nM,Cc1ccc(O)c(C)c1-n1c(N)c(C(N)=O)c2c(=O)n(C)c(C)cc21,5.039101322673339,True,<rdkit.Chem.rdchem.Mol object at 0x735c791f4970>,False
CHEMBL3691648,CDK1,9170.0,nM,CN(C)C(=O)c1cc2cnc(Nc3ccc(N4CC5CC4CN5)cn3)nc2n1C1CCCC1,5.03763066432998,True,<rdkit.Chem.rdchem.Mol object at 0x735c791f4820>,False
CHEMBL3971523,CDK2,9350.0,nM,C[C@@H]1CN(c2ccc(Nc3ncc4cc5n(c4n3)C3(CCCC3)CNC5=O)nc2)C[C@H](C)N1,5.029188389127482,True,<rdkit.Chem.rdchem.Mol object at 0x735c791f4660>,False
CHEMBL86066,CDK1,9400.0,nM,CC(C)n1cnc2c(NCc3ccccc3)nc(NCCO)nc21,5.026872146400301,True,<rdkit.Chem.rdchem.Mol object at 0x735c791f45f0>,False
CHEMBL5596321,CDK2,9400.0,nM,COC1CCN(C(=O)c2ccc(Nc3cc4[nH]c(C(=O)N(C)C)cc4cn3)c(Cl)c2)CC1,5.026872146400301,True,<rdkit.Chem.rdchem.Mol object at 0x735c791f4580>,False
CHEMBL3919835,CDK2,9620.0,nM,C[C@@H]1CN(c2ccc(Nc3ncc4cc5n(c4n3)C3(CCCCC3)CNC5=O)nc2)C[C@H](C)N1C,5.016824927962187,True,<rdkit.Chem.rdchem.Mol object at 0x735c791f43c0>,False
CHEMBL1823656,CDK2,9800.0,nM,O=C(N[C@H](c1ccc(Cl)c(Cl)c1)C1CNC1)c1ccc2cnccc2c1,5.008773924307505,True,<rdkit.Chem.rdchem.Mol object at 0x735c791f4270>,False
CHEMBL223360,CDK1,9800.0,nM,Cc1ccc(F)c(NC(=O)Nc2ccc(-c3cccc4[nH]nc(N)c34)cc2)c1,5.008773924307505,True,<rdkit.Chem.rdchem.Mol object at 0x735c791f4200>,False
CHEMBL5556898,CDK2,9896.0,nM,CC(=O)Nc1ccc(CNc2nc(OC3CCN(C)CC3)nc3c(C(C)C)cnn23)c(-n2ccnc2)c1,5.004540313378936,True,<rdkit.Chem.rdchem.Mol object at 0x735c791f4120>,False
CHEMBL3977652,CDK2,9960.0,nM,CN1CCN(c2ccc(Nc3ncc4cc5n(c4n3)C3(CCCC3)CNC5=O)nc2)CC1,5.001740661576301,True,<rdkit.Chem.rdchem.Mol object at 0x735c791f4040>,False
CHEMBL480384,CDK2,10000.0,nM,CN1CCN(c2cccc3[nH]c(-c4n[nH]c5cc(C6=CC7=CC=CNC7C=C6)ccc45)nc23)CC1,5.0,True,<rdkit.Chem.rdchem.Mol object at 0x735c791f71b0>,False
CHEMBL2111869,CDK1,10000.0,nM,CC(C)n1cnc2c(NC(CO)c3ccccc3)nc(N3CCC[C@@H]3CO)nc21,5.0,True,<rdkit.Chem.rdchem.Mol object at 0x735c791f7450>,False
CHEMBL3085246,CDK1,10000.0,nM,CC(C)(C)n1cnc2c(NCc3ccccc3)nc(N3CCC[C@@H]3CO)nc21,5.0,True,<rdkit.Chem.rdchem.Mol object at 0x735c791f6500>,False
CHEMBL5419968,CDK2,10000.0,nM,COC(=O)c1ccc(NCCc2c[nH]c3ccccc23)c(C(=O)O)c1,5.0,True,<rdkit.Chem.rdchem.Mol object at 0x735c791f6110>,False
CHEMBL3702043,CDK4,10000.0,nM,c1cc2c3cnc(Nc4nsc(NC5CCNC5)n4)nc3n(C3CCCC3)c2cn1,5.0,True,<rdkit.Chem.rdchem.Mol object at 0x735c791f7a00>,False
CHEMBL245725,CDK2,10000.0,nM,CCNC(=O)N1CCC(Nc2nccc(-c3c[nH]c4ccccc34)n2)CC1,5.0,True,<rdkit.Chem.rdchem.Mol object at 0x735c791f63b0>,False
CHEMBL520911,CDK2,10000.0,nM,CN1CCN(c2cccc3[nH]c(-c4n[nH]c5cc(-c6ccc7[nH]ccc7c6)ccc45)nc23)CC1,5.0,True,<rdkit.Chem.rdchem.Mol object at 0x735c791f4b30>,False
CHEMBL516244,CDK2,10000.0,nM,COc1ccccc1-c1ccc2c(-c3nc4c(N5CCN(C)CC5)cccc4[nH]3)n[nH]c2c1,5.0,True,<rdkit.Chem.rdchem.Mol object at 0x735c791f4350>,False
CHEMBL217092,CDK2,10000.0,nM,CN1CCN(CCOc2cc(OC3CCOCC3)c3c(Nc4c(Cl)ccc5c4OCO5)ncnc3c2)CC1,5.0,True,<rdkit.Chem.rdchem.Mol object at 0x735c791f5d20>,False
CHEMBL3797559,CDK1,10000.0,nM,Nc1ncccc1-c1nc2ccccc2[nH]1,5.0,True,<rdkit.Chem.rdchem.Mol object at 0x735c791f7530>,False
CHEMBL333382,CDK2,10000.0,nM,O=C(Nc1cc(C2CCCCC2)[nH]n1)c1ccc(Br)cc1,5.0,True,<rdkit.Chem.rdchem.Mol object at 0x735c791f7e60>,False
CHEMBL115446,CDK2,10000.0,nM,O=C(Nc1cc(C2CC2)[nH]n1)c1ccccc1Cl,5.0,True,<rdkit.Chem.rdchem.Mol object at 0x735c791f7ca0>,False
CHEMBL3702075,CDK6,10000.0,nM,c1cc(Nc2ncc3c4sncc4n(C4CCCC4)c3n2)ncc1N1CCNCC1,5.0,True,<rdkit.Chem.rdchem.Mol object at 0x735c791f6f80>,False
CHEMBL5285681,CDK4,10000.0,nM,CN(Cc1ccccc1)C(=O)CCc1c[nH]c2ccccc12,5.0,True,<rdkit.Chem.rdchem.Mol object at 0x735c791f6960>,False
CHEMBL392613,CDK2,10000.0,nM,CCNC(=O)N1CCC(Nc2nccc(-n3ccc4ccccc43)n2)CC1,5.0,True,<rdkit.Chem.rdchem.Mol object at 0x735c791f6570>,False
CHEMBL3085249,CDK1,10000.0,nM,CC(C)n1cnc2c(N(Cc3ccccc3)Cc3ccccc3)nc(N3CCC[C@@H]3CO)nc21,5.0,True,<rdkit.Chem.rdchem.Mol object at 0x735c791f62d0>,False
CHEMBL399042,CDK1,10000.0,nM,COC(=O)c1cccc2[nH]c(-c3n[nH]c4ncc(-c5cncc6ccccc56)cc34)nc12,5.0,True,<rdkit.Chem.rdchem.Mol object at 0x735c791f5460>,False
CHEMBL472148,CDK2,10000.0,nM,CC(=O)c1ccc(-c2ccc3c(-c4nc5c(N6CCN(C)CC6)cccc5[nH]4)n[nH]c3c2)cc1,5.0,True,<rdkit.Chem.rdchem.Mol object at 0x735c791f5380>,False
CHEMBL471791,CDK2,10000.0,nM,CN1CCN(c2cccc3[nH]c(-c4n[nH]c5cc(-c6ccc(C(=O)O)cc6)ccc45)nc23)CC1,5.0,True,<rdkit.Chem.rdchem.Mol object at 0x735c791f5230>,False
CHEMBL4877117,CDK9,10000.0,nM,Cn1cc(-n2cnc3c(NCc4nc5cc(Cl)c(Cl)cc5[nH]4)nc(N4CCOCC4)nc32)cn1,5.0,True,<rdkit.Chem.rdchem.Mol object at 0x735c791d92a0>,False
CHEMBL1800447,CDK1,10000.0,nM,Nc1nccc(-c2cc(N3CCC(O)CC3)ccc2O)n1,5.0,True,<rdkit.Chem.rdchem.Mol object at 0x735c791d8740>,False
CHEMBL2029907,CDK1,10000.0,nM,CN1CCN(C(=O)c2cc(Nc3ncc4cc(C(=O)O)n(C5CCCC5)c4n3)cn2C)CC1,5.0,True,<rdkit.Chem.rdchem.Mol object at 0x735c791d87b0>,False
CHEMBL3702075,CDK4,10000.0,nM,c1cc(Nc2ncc3c4sncc4n(C4CCCC4)c3n2)ncc1N1CCNCC1,5.0,True,<rdkit.Chem.rdchem.Mol object at 0x735c791d9a10>,False
CHEMBL474433,CDK2,10000.0,nM,CN1CCN(c2cccc3[nH]c(-c4n[nH]c5cc(-c6ccc(CN)cc6)ccc45)nc23)CC1,5.0,True,<rdkit.Chem.rdchem.Mol object at 0x735c791d8820>,False
CHEMBL2204592,CDK1,10000.0,nM,CNc1cc(Nc2cnc(C#N)c(O[C@H](C)CN(C)C)n2)ncc1-c1cnn(C)c1,5.0,True,<rdkit.Chem.rdchem.Mol object at 0x735c791d9bd0>,False
CHEMBL474600,CDK2,10000.0,nM,CC(=O)Nc1ccc(-c2ccc3c(-c4nc5c(N6CCN(C)CC6)cccc5[nH]4)n[nH]c3c2)cc1,5.0,True,<rdkit.Chem.rdchem.Mol object at 0x735c791d8270>,False
CHEMBL482350,CDK2,10000.0,nM,COc1cc(F)ccc1-c1ccc2c(-c3nc4c(N5CCN(C)CC5)cccc4[nH]3)n[nH]c2c1,5.0,True,<rdkit.Chem.rdchem.Mol object at 0x735c791d82e0>,False
CHEMBL405665,CDK9,10000.0,nM,Nc1nccc(-c2c[nH]c3ncccc23)n1,5.0,True,<rdkit.Chem.rdchem.Mol object at 0x735c791db840>,False
CHEMBL1809195,CDK2,10000.0,nM,COc1cc(N2CCN(C(C)=O)CC2)ccc1Nc1ncc(C)c(-c2cnc3ccccn23)n1,5.0,True,<rdkit.Chem.rdchem.Mol object at 0x735c791daa40>,False
CHEMBL405665,CDK2,10000.0,nM,Nc1nccc(-c2c[nH]c3ncccc23)n1,5.0,True,<rdkit.Chem.rdchem.Mol object at 0x735c791db300>,False
CHEMBL475640,CDK2,10000.0,nM,COc1ccc(-c2ccc3c(-c4nc5c(N6CCN(C)CC6)cccc5[nH]4)n[nH]c3c2)c(OC)c1,5.0,True,<rdkit.Chem.rdchem.Mol object at 0x735c791da810>,False
CHEMBL3702048,CDK6,10000.0,nM,CCOC(=O)c1ccc(Nc2ncc3c4ccncc4n(C4CCCC4)c3n2)nc1,5.0,True,<rdkit.Chem.rdchem.Mol object at 0x735c791da1f0>,False
CHEMBL3702069,CDK4,10000.0,nM,CCC(CC)n1c2cnccc2c2cnc(Nc3ccc(N4CC[C@@H](O)C4)nn3)nc21,5.0,True,<rdkit.Chem.rdchem.Mol object at 0x735c791d8200>,False
CHEMBL3691623,CDK1,10072.5,nM,CN(C)C(=O)c1cc2cnc(Nc3ccc(N4C[C@@H]5CNC[C@@H]5C4=O)cn3)nc2n1C1CCCC1,4.996862723939585,True,<rdkit.Chem.rdchem.Mol object at 0x735c791da340>,False
CHEMBL3691608,CDK1,10377.0,nM,CN(C)C(=O)c1cc2cnc(Nc3ccc(C(=O)N4CC5CC4CN5)cn3)nc2n1C1CCCCC1,4.983928183265976,True,<rdkit.Chem.rdchem.Mol object at 0x735c791d9460>,False
CHEMBL3421969,CDK2,10476.0,nM,COc1cc(N2CCN(C)CC2)ccc1Nc1nccc(-c2c[nH]c3cnc(C)cc23)n1,4.979804510246805,True,<rdkit.Chem.rdchem.Mol object at 0x735c791d90e0>,False
CHEMBL3691633,CDK1,10777.0,nM,CN(C)C(=O)c1cc2cnc(Nc3ccc(N4C(=O)CN5CCC4CC5)cn3)nc2n1C1CCCCCC1,4.96750211714289,True,<rdkit.Chem.rdchem.Mol object at 0x735c791d99a0>,False
CHEMBL549585,CDK1,10800.0,nM,C[C@@H]1CNc2c(sc3ccc4nc(-c5cncnc5)ccc4c23)C(=O)N1,4.966576244513051,True,<rdkit.Chem.rdchem.Mol object at 0x735c791da180>,False
CHEMBL554286,CDK1,10900.0,nM,C[C@@H]1CNc2c(sc3ccc4nc(-c5ccccc5F)ccc4c23)C(=O)N1,4.962573502059376,True,<rdkit.Chem.rdchem.Mol object at 0x735c791d85f0>,False
CHEMBL1922209,CDK4,11000.0,nM,CCC(O)[C@H](CC)Nc1nc(NCc2cccnc2)c2ncn(C(C)C)c2n1,4.958607314841775,True,<rdkit.Chem.rdchem.Mol object at 0x735c791d8040>,False
CHEMBL2163994,CDK2,11000.0,nM,Cc1c(N[C@H]2CC[C@H](N)CC2)nc2ccnn2c1Nc1ccc(F)c(Cl)c1,4.958607314841775,True,<rdkit.Chem.rdchem.Mol object at 0x735c791daff0>,False
CHEMBL542013,CDK2,11000.0,nM,CCSc1nn2c(C)nnc2s1,4.958607314841775,True,<rdkit.Chem.rdchem.Mol object at 0x735c791d8120>,False
CHEMBL206109,CDK2,11000.0,nM,NS(=O)(=O)c1ccc(Nc2cc(OCC3CCCCC3)nc3ncnn23)cc1,4.958607314841775,True,<rdkit.Chem.rdchem.Mol object at 0x735c791da490>,False
CHEMBL3798066,CDK2,11000.0,nM,CN(C)C(=O)c1cccc(-c2cnc(N)c(-c3nc4cccc(N5CCNCC5)c4[nH]3)n2)c1,4.958607314841775,True,<rdkit.Chem.rdchem.Mol object at 0x735c791d8f90>,False
CHEMBL5170524,CDK2,11000.0,nM,COc1cc(C(=O)N2CCCC2)ccc1-c1ccnc2[nH]c(C3CCNCC3)cc12,4.958607314841775,True,<rdkit.Chem.rdchem.Mol object at 0x735c791db060>,False
CHEMBL3954643,CDK2,11100.0,nM,O=C1NCC2(CCCC2)n2c1cc1cnc(Nc3ccc(N4CCNCC4)cn3)nc12,4.954677021213342,True,<rdkit.Chem.rdchem.Mol object at 0x735c791d98c0>,False
CHEMBL5556499,CDK9,11621.0,nM,CC(=O)Nc1ccc(CNc2nc(NC3CCNCC3)nc3c(C(C)C)cnn23)cc1,4.934756498813536,True,<rdkit.Chem.rdchem.Mol object at 0x735c791da0a0>,False
CHEMBL3654242,CDK1,12000.0,nM,CN(C)C(=O)c1cc2cnc(Nc3ccc(CN4CC(O)C4)cn3)nc2n1C1CCCC1,4.920818753952375,True,<rdkit.Chem.rdchem.Mol object at 0x735c791da650>,False
CHEMBL1922120,CDK1,12000.0,nM,CCC(O)[C@@H](CC)Nc1nc(NCc2cccnc2)c2ncn(C(C)C)c2n1,4.920818753952375,True,<rdkit.Chem.rdchem.Mol object at 0x735c791dbdf0>,False
CHEMBL1922212,CDK4,12000.0,nM,CC[C@H](Nc1nc(NCc2cccnc2)c2ncn(C(C)C)c2n1)C(C)(C)O,4.920818753952375,True,<rdkit.Chem.rdchem.Mol object at 0x735c791dbd80>,False
CHEMBL133042,CDK1,12000.0,nM,Cn1cnc2c(NCc3ccccc3)nc(Cl)nc21,4.920818753952375,True,<rdkit.Chem.rdchem.Mol object at 0x735c791dbd10>,False
CHEMBL3421963,CDK2,12295.0,nM,COc1cc(N2CCN(C)CC2)ccc1Nc1cc(-c2c[nH]c3cnccc23)ncn1,4.910271466925264,True,<rdkit.Chem.rdchem.Mol object at 0x735c791dbca0>,False
CHEMBL5744498,CDK9,12500.0,nM,Nc1cc(-c2ccc3nnn(Cc4ccc(C(=O)O)cc4)c3c2)c(Cl)cn1,4.903089986991944,True,<rdkit.Chem.rdchem.Mol object at 0x735c791dbc30>,False
CHEMBL3691612,CDK1,12731.0,nM,CN(C)C(=O)c1cc2cnc(Nc3ccc(C(=O)N4CC[C@@H]5CC[C@H](C4)N5)cn3)nc2n1C1CCCC1,4.895137481858923,True,<rdkit.Chem.rdchem.Mol object at 0x735c791dba70>,False
CHEMBL3691587,CDK1,12815.0,nM,CN(C)C(=O)c1cc2cnc(Nc3ccc(C(=O)N4CC5CCC(C4)N5C)cn3)nc2n1C1CCCC1,4.892281389479737,True,<rdkit.Chem.rdchem.Mol object at 0x735c791db8b0>,False
CHEMBL3691579,CDK1,12965.0,nM,CN(C)C(=O)c1cc2cnc(Nc3ccc(C(=O)N4CC5CCC(C4)N5)cn3)nc2n1[C@@H]1C[C@H]2CC[C@@H]1C2,4.88722747889463,True,<rdkit.Chem.rdchem.Mol object at 0x735c791db7d0>,False
CHEMBL4582624,CDK9,13000.0,nM,COC(=O)N1CCN([C@H]2CC[C@H](Nc3nc(Nc4cnn(C)c4)nc4ccc(CC#N)nc34)CC2)CC1,4.886056647693163,True,<rdkit.Chem.rdchem.Mol object at 0x735c791db6f0>,False
CHEMBL5404611,CDK2,13000.0,nM,O=C(O)c1ccc(Br)cc1NCCc1c[nH]c2ccccc12,4.886056647693163,True,<rdkit.Chem.rdchem.Mol object at 0x735c791db680>,False
CHEMBL405551,CDK2,13000.0,nM,c1nc(OCC2CCCCC2)c2nc[nH]c2n1,4.886056647693163,True,<rdkit.Chem.rdchem.Mol object at 0x735c791db610>,False
CHEMBL103272,CDK1,13000.0,nM,CC(C)C(CO)Nc1nc(Nc2cccc(Cl)c2)c2nc(Cl)n(C(C)C)c2n1,4.886056647693163,True,<rdkit.Chem.rdchem.Mol object at 0x735c791db5a0>,False
CHEMBL1922209,CDK1,13000.0,nM,CCC(O)[C@H](CC)Nc1nc(NCc2cccnc2)c2ncn(C(C)C)c2n1,4.886056647693163,True,<rdkit.Chem.rdchem.Mol object at 0x735c791db370>,False
CHEMBL1922211,CDK4,13000.0,nM,CC[C@H](Nc1nc(NCc2cccnc2)c2ncn(C(C)C)c2n1)C(O)C(C)(C)C,4.886056647693163,True,<rdkit.Chem.rdchem.Mol object at 0x735c791db290>,False
CHEMBL4471178,CDK2,13000.0,nM,CC(C)n1cnc2c(NCc3cccc(C(F)(F)F)c3)ncnc21,4.886056647693163,True,<rdkit.Chem.rdchem.Mol object at 0x735c791db220>,False
CHEMBL3658072,CDK1,13000.0,nM,CN(C)C(=O)c1cc2cnc(Nc3ccc(C(=O)N4CCC(O)CC4)cn3)nc2n1C1CCCC1,4.886056647693163,True,<rdkit.Chem.rdchem.Mol object at 0x735c791db1b0>,False
CHEMBL3691561,CDK1,13206.0,nM,CN(C)C(=O)c1cc2cnc(Nc3ccc(C(=O)N4CC5CCC(C4)N5)cn3)nc2n1C1CCCC1,4.8792287070630085,True,<rdkit.Chem.rdchem.Mol object at 0x735c791daf10>,False
CHEMBL3691650,CDK1,13280.5,nM,CN(C)C(=O)c1cc2cnc(Nc3ccc(N4CCC5(CCCN5)C4=O)cn3)nc2n1C1CCCC1,4.876785573826948,True,<rdkit.Chem.rdchem.Mol object at 0x735c791daea0>,False
CHEMBL443338,CDK1,13300.0,nM,O=C1NCc2cccc(-c3cc4cc(O)ccc4[nH]3)c21,4.876148359032914,True,<rdkit.Chem.rdchem.Mol object at 0x735c791d86d0>,False
CHEMBL3691669,CDK1,13338.0,nM,CN(C)C(=O)c1cc2cnc(Nc3ccc(N4C[C@H]5CC[C@@H](CC4=O)N5)cn3)nc2n1C1CCCCC1,4.874909286917366,True,<rdkit.Chem.rdchem.Mol object at 0x735c791dadc0>,False
CHEMBL3421971,CDK2,13713.0,nM,COc1cc(N2CCN(C)CC2)ccc1Nc1nccc(-c2cn(C)c3c(C)nccc23)n1,4.862867523991007,True,<rdkit.Chem.rdchem.Mol object at 0x735c791daab0>,False
CHEMBL3654239,CDK1,14000.0,nM,CN(C)C(=O)c1cc2cnc(Nc3ccc(N4CCCNCC4)cn3)nc2n1C1CCCC1,4.853871964321762,True,<rdkit.Chem.rdchem.Mol object at 0x735c791da9d0>,False
CHEMBL2062581,CDK2,14000.0,nM,CC(=O)Nc1ccc2[nH]cc(-c3cc(NC4CC4)n4ncc(C#N)c4n3)c2c1,4.853871964321762,True,<rdkit.Chem.rdchem.Mol object at 0x735c791da8f0>,False
CHEMBL550712,CDK2,14000.0,nM,Nc1nc(O)c(Cc2nn3c(Cc4ccccc4)nnc3s2)s1,4.853871964321762,True,<rdkit.Chem.rdchem.Mol object at 0x735c791da7a0>,False
CHEMBL103567,CDK1,14000.0,nM,Cc1nc2c(Nc3cccc(Cl)c3)nc(NC3CCC(N)CC3)nc2n1C(C)C,4.853871964321762,True,<rdkit.Chem.rdchem.Mol object at 0x735c791da730>,False
CHEMBL3654242,CDK2,14000.0,nM,CN(C)C(=O)c1cc2cnc(Nc3ccc(CN4CC(O)C4)cn3)nc2n1C1CCCC1,4.853871964321762,True,<rdkit.Chem.rdchem.Mol object at 0x735c791da5e0>,False
CHEMBL1922218,CDK4,14000.0,nM,CC[C@@H](Nc1nc(NCc2cccnc2)c2ncn(C(C)C)c2n1)[C@H](C)O,4.853871964321762,True,<rdkit.Chem.rdchem.Mol object at 0x735c791da570>,False
CHEMBL3421964,CDK2,14060.0,nM,COc1cc(N2CCN(C(C)=O)CC2)ccc1Nc1cc(-c2c[nH]c3cnccc23)ncn1,4.852014679316195,True,<rdkit.Chem.rdchem.Mol object at 0x735c791da500>,False
CHEMBL3691628,CDK1,14105.5,nM,CN(C)C(=O)c1cc2cnc(Nc3ccc(N4C[C@H]5CNC[C@H]5CC4=O)cn3)nc2n1C1CCCC1,4.85061151472717,True,<rdkit.Chem.rdchem.Mol object at 0x735c791da3b0>,False
CHEMBL3691632,CDK1,14159.0,nM,CN1C[C@H]2CN(c3ccc(Nc4ncc5cc(C(=O)N(C)C)n(C6CCCC6)c5n4)nc3)C(=O)[C@H]2C1,4.848967418243558,True,<rdkit.Chem.rdchem.Mol object at 0x735c791da2d0>,False
CHEMBL3421965,CDK2,14789.0,nM,COc1cc(N2CCN(C(C)=O)CC2)ccc1Nc1cc(-c2cn(C)c3cnccc23)ncn1,4.830061191058185,True,<rdkit.Chem.rdchem.Mol object at 0x735c791da030>,False
CHEMBL3658028,CDK1,14800.0,nM,CN(C)C(=O)c1cc2cnc(Nc3ccc(C(=O)N(C)CCN)cn3)nc2n1C1CCCC1,4.8297382846050425,True,<rdkit.Chem.rdchem.Mol object at 0x735c791d9fc0>,False
CHEMBL3654260,CDK1,15000.0,nM,CN(C)C(=O)c1cc2cnc(Nc3ccc(N4CCN(C[C@H](O)CO)CC4)cn3)nc2n1C1CCCC1,4.823908740944319,True,<rdkit.Chem.rdchem.Mol object at 0x735c791d9ee0>,False
CHEMBL3589660,CDK9,15000.0,nM,O=C(O)c1nc2ccccc2c2[nH]c3c(Cl)cccc3c12,4.823908740944319,True,<rdkit.Chem.rdchem.Mol object at 0x735c791d9d90>,False
CHEMBL317281,CDK4,15000.0,nM,CN(C)CC(O)COc1ccc(Nc2cc(Nc3ccc(F)cc3F)ncn2)cc1,4.823908740944319,True,<rdkit.Chem.rdchem.Mol object at 0x735c791d9cb0>,False
CHEMBL5412165,CDK2,15000.0,nM,N#Cc1ccc(NCCc2c[nH]c3ccccc23)c(C(=O)O)c1,4.823908740944319,True,<rdkit.Chem.rdchem.Mol object at 0x735c791d9b60>,False
CHEMBL100664,CDK2,15000.0,nM,COc1ccccc1Nc1ccnc(Nc2ccc(OCC(O)CN(C)C)cc2)n1,4.823908740944319,True,<rdkit.Chem.rdchem.Mol object at 0x735c791d9850>,False
CHEMBL333231,CDK1,16000.0,nM,Clc1cccc(CNc2[nH]nc3ncnc(Nc4cccc(Cl)c4)c23)c1,4.795880017344075,True,<rdkit.Chem.rdchem.Mol object at 0x735c791d95b0>,False
CHEMBL5192139,CDK1,16000.0,nM,COc1cc(F)ccc1-c1ccnc2[nH]c(C3CCNCC3)nc12,4.795880017344075,True,<rdkit.Chem.rdchem.Mol object at 0x735c791d9540>,False
CHEMBL1809196,CDK2,16000.0,nM,COc1cc(N2CCN(C(C)=O)CC2)ccc1Nc1ncc(C(F)(F)F)c(-c2cnc3ccccn23)n1,4.795880017344075,True,<rdkit.Chem.rdchem.Mol object at 0x735c791d94d0>,False
CHEMBL206659,CDK1,16000.0,nM,CS(=O)(=O)c1ccc(Nc2cc(N[C@H]3CC[C@H](N)CC3)nc3ncnn23)cc1,4.795880017344075,True,<rdkit.Chem.rdchem.Mol object at 0x735c791d93f0>,False
CHEMBL561985,CDK2,16000.0,nM,Cc1nnc2sc(SCc3ccccc3)nn12,4.795880017344075,True,<rdkit.Chem.rdchem.Mol object at 0x735c791d9380>,False
CHEMBL493940,CDK2,16000.0,nM,CNc1nc2oc(-c3ccccc3)nc2c2c1ncn2C,4.795880017344075,True,<rdkit.Chem.rdchem.Mol object at 0x735c791d9150>,False
CHEMBL334881,CDK4,16200.0,nM,CN1CC[C@H](c2c(O)cc(O)c3c(=O)cc(Sc4ccccc4Cl)oc23)[C@H](O)C1,4.790484985457369,True,<rdkit.Chem.rdchem.Mol object at 0x735c791d9070>,False
CHEMBL4106830,CDK2,16460.0,nM,CC(C)[C@H]1CNC(=O)c2cc3cnc(Nc4ccc(N5CCNCC5)cn4)nc3n21,4.783570169123749,True,<rdkit.Chem.rdchem.Mol object at 0x735c791d9000>,False
CHEMBL3980145,CDK2,16500.0,nM,CC1CN(c2ccc(Nc3ncc4cc5n(c4n3)C3(CCCC3)CNC5=O)nc2)CC(C)N1CCC(C)(C)C,4.782516055786093,True,<rdkit.Chem.rdchem.Mol object at 0x735c791d8f20>,False
CHEMBL2334966,CDK2,16500.0,nM,N#Cc1ccc2ccn(-c3ccnc(N)n3)c2c1,4.782516055786093,True,<rdkit.Chem.rdchem.Mol object at 0x735c791d8e40>,False
CHEMBL3421975,CDK2,16884.0,nM,CS(=O)(=O)c1ccc(-c2nccc(-c3c[nH]c4cnccc34)n2)cc1,4.772524656517629,True,<rdkit.Chem.rdchem.Mol object at 0x735c791d8dd0>,False
CHEMBL269881,CDK2,17000.0,nM,Nc1nc(OCC2CCCCC2)c2nc[nH]c2n1,4.769551078621726,True,<rdkit.Chem.rdchem.Mol object at 0x735c791d8ba0>,False
CHEMBL131378,CDK1,17000.0,nM,CC(C)n1cnc2c(NCc3ccccc3)nc(Cl)nc21,4.769551078621726,True,<rdkit.Chem.rdchem.Mol object at 0x735c791d8ac0>,False
CHEMBL269538,CDK1,17000.0,nM,COc1ccc2c(c1)[nH]c1c(C)nccc12,4.769551078621726,True,<rdkit.Chem.rdchem.Mol object at 0x735c791d8900>,False
CHEMBL606245,CDK2,17000.0,nM,Cc1c(Nc2c(C#N)cncc2/C=C/CCN2CCC[C@@H](N)C2)ccc2[nH]ccc12,4.769551078621726,True,<rdkit.Chem.rdchem.Mol object at 0x735c791d8890>,False
CHEMBL2348172,CDK2,17000.0,nM,Nc1nccc(-n2ccc3ccc(C(F)(F)F)cc32)n1,4.769551078621726,True,<rdkit.Chem.rdchem.Mol object at 0x735c791d8660>,False
CHEMBL3421970,CDK2,17368.0,nM,COc1cc(N2CCN(C)CC2)ccc1Nc1nccc(-c2c[nH]c3c(C)nccc23)n1,4.760250189553636,True,<rdkit.Chem.rdchem.Mol object at 0x735c791d8430>,False
CHEMBL3691550,CDK1,17590.0,nM,CN(C)C(=O)c1cc2cnc(Nc3ccc(C(=O)N4CC5CCC4C5O)cn3)nc2n1C1CCCCCC1,4.754734160542538,True,<rdkit.Chem.rdchem.Mol object at 0x735c791d83c0>,False
CHEMBL445162,CDK2,17600.0,nM,CS(=O)(=O)c1cccc(Nc2nccc(Nc3c(Cl)ccc4c3OCO4)n2)c1,4.7544873321858505,True,<rdkit.Chem.rdchem.Mol object at 0x735c791d8190>,False
CHEMBL405551,CDK1,18000.0,nM,c1nc(OCC2CCCCC2)c2nc[nH]c2n1,4.7447274948966935,True,<rdkit.Chem.rdchem.Mol object at 0x735c791d8c80>,False
CHEMBL99699,CDK4,18000.0,nM,CC(C)c1ccccc1Nc1cc(Nc2ccc(OCC(O)CN(C)C)cc2)ncn1,4.7447274948966935,True,<rdkit.Chem.rdchem.Mol object at 0x735c791dba00>,False
CHEMBL430854,CDK2,18000.0,nM,CN(C)CC(O)COc1ccc(Nc2nccc(Nc3ccc(Cl)cc3)n2)cc1,4.7447274948966935,True,<rdkit.Chem.rdchem.Mol object at 0x735c791d8b30>,False
CHEMBL388566,CDK1,18000.0,nM,O=C1NCCc2[nH]c(-c3ccnc(-c4ccccc4)c3)cc21,4.7447274948966935,True,<rdkit.Chem.rdchem.Mol object at 0x735c791d9230>,False
CHEMBL264406,CDK2,18000.0,nM,CC(C)(C)n1nc(-c2cccc3ccccc23)c2c(N)ncnc21,4.7447274948966935,True,<rdkit.Chem.rdchem.Mol object at 0x735c791d9930>,False
CHEMBL5285499,CDK2,18200.0,nM,CCCc1cc(N[C@@H]2CC[C@@H](N)C2)n2nccc2n1,4.739928612014925,True,<rdkit.Chem.rdchem.Mol object at 0x735c791d9690>,False
CHEMBL3134612,CDK2,18782.0,nM,COc1cc(Nc2nccc(-c3ccc(Cl)cc3)n2)cc(OC)c1OC,4.726258163788953,True,<rdkit.Chem.rdchem.Mol object at 0x735c791db920>,False
CHEMBL3663785,CDK9,19000.0,nM,O=C(Nc1ccc(Cl)c(-c2ccnc3[nH]c(C4CCNCC4)cc23)n1)c1ccccc1,4.721246399047171,True,<rdkit.Chem.rdchem.Mol object at 0x735c791dae30>,False
CHEMBL100664,CDK4,19000.0,nM,COc1ccccc1Nc1ccnc(Nc2ccc(OCC(O)CN(C)C)cc2)n1,4.721246399047171,True,<rdkit.Chem.rdchem.Mol object at 0x735c791dbf40>,False
CHEMBL1823632,CDK2,19700.0,nM,O=C(NC(c1ccccc1)C1CCNCC1)c1ccc2cnccc2c1,4.705533773838407,True,<rdkit.Chem.rdchem.Mol object at 0x735c791db0d0>,False
CHEMBL513716,CDK1,19800.0,nM,NS(=O)(=O)c1ccc(Nc2nc3ncnc(Nc4c(F)cccc4F)c3s2)cc1,4.703334809738469,True,<rdkit.Chem.rdchem.Mol object at 0x735c791dac70>,False
CHEMBL100079,CDK1,20000.0,nM,CCC(CO)Nc1nc(NCc2ccccc2)c2nc(Cl)n(C(C)C)c2n1,4.698970004336019,True,<rdkit.Chem.rdchem.Mol object at 0x735c791da6c0>,False
CHEMBL316485,CDK1,20000.0,nM,CN1C(=O)Cc2c([nH]c3ccc(Br)cc23)-c2ccccc21,4.698970004336019,True,<rdkit.Chem.rdchem.Mol object at 0x735c791da420>,False
CHEMBL1234833,CDK4,20000.0,nM,CC(C)c1cnn2c(NCc3ccccc3)cc(N[C@@H](CO)[C@H](O)CO)nc12,4.698970004336019,True,<rdkit.Chem.rdchem.Mol object at 0x735c791d80b0>,False
CHEMBL23254,CDK1,20000.0,nM,CC(C)[C@H](CO)Nc1nc(Nc2ccc(C(=O)O)c(Cl)c2)c2ncn(C(C)C)c2n1,4.698970004336019,True,<rdkit.Chem.rdchem.Mol object at 0x735c791d9310>,False
CHEMBL513336,CDK2,20000.0,nM,OCCn1cnc2c(NCc3ccccc3)nc(NCc3ccc(Br)cc3)nc21,4.698970004336019,True,<rdkit.Chem.rdchem.Mol object at 0x735c791d84a0>,False
CHEMBL488811,CDK2,20000.0,nM,COc1cc(C2=C(c3cn(COc4ccccc4)c4ccccc34)CNC2=O)cc(OC)c1OC,4.698970004336019,True,<rdkit.Chem.rdchem.Mol object at 0x735c791d8350>,False
CHEMBL1922121,CDK1,20000.0,nM,CC[C@@H](Nc1nc(NCc2cccnc2)c2ncn(C(C)C)c2n1)C(O)C(C)C,4.698970004336019,True,<rdkit.Chem.rdchem.Mol object at 0x735c7919e180>,False
CHEMBL3658032,CDK2,20000.0,nM,CN(C)C(=O)c1cc2cnc(Nc3ccc(N4CCN(C(=O)OC(C)(C)C)CC4)nn3)nc2n1C1CCCC1,4.698970004336019,True,<rdkit.Chem.rdchem.Mol object at 0x735c7919e7a0>,False
CHEMBL4213770,CDK1,20225.0,nM,CCN1CCN(Cc2cnc(Nc3cc(-c4cc(F)c5nc(C)n(C(C)C)c5c4)ncn3)nc2)CC1,4.69411146971569,True,<rdkit.Chem.rdchem.Mol object at 0x735c7919e110>,False
CHEMBL3691622,CDK1,20621.0,nM,CN(C)C(=O)c1cc2cnc(Nc3ccc(N4C[C@H]5CNC[C@H]5C4=O)cn3)nc2n1C1CCCC1,4.685690277755153,True,<rdkit.Chem.rdchem.Mol object at 0x735c7919c3c0>,False
CHEMBL2163610,CDK2,21000.0,nM,CC(=O)c1ccc(-c2ccc(Nc3c(C)c(N[C@H]4CCCNC4)nc4ccnn34)cc2)s1,4.6777807052660805,True,<rdkit.Chem.rdchem.Mol object at 0x735c7919e0a0>,False
CHEMBL1823653,CDK2,21000.0,nM,O=C(NC(c1ccc(Cl)c(Cl)c1)C1CCCNC1)c1ccc2cnccc2c1,4.6777807052660805,True,<rdkit.Chem.rdchem.Mol object at 0x735c7919c740>,False
CHEMBL2348165,CDK2,21000.0,nM,Nc1nccc(-n2ccc3ncccc32)n1,4.6777807052660805,True,<rdkit.Chem.rdchem.Mol object at 0x735c7919fd80>,False
CHEMBL1922211,CDK1,21000.0,nM,CC[C@H](Nc1nc(NCc2cccnc2)c2ncn(C(C)C)c2n1)C(O)C(C)(C)C,4.6777807052660805,True,<rdkit.Chem.rdchem.Mol object at 0x735c7919f5a0>,False
CHEMBL1922121,CDK4,21000.0,nM,CC[C@@H](Nc1nc(NCc2cccnc2)c2ncn(C(C)C)c2n1)C(O)C(C)C,4.6777807052660805,True,<rdkit.Chem.rdchem.Mol object at 0x735c7919d9a0>,False
CHEMBL234944,CDK1,21000.0,nM,CC(C)(N)c1ccc(-c2nc(Nc3ccc(OCCN4CCOCC4)cc3)ncc2C#N)cc1,4.6777807052660805,True,<rdkit.Chem.rdchem.Mol object at 0x735c7919c4a0>,False
CHEMBL474807,CDK2,21500.0,nM,CN1CCN(c2cccc3[nH]c(-c4n[nH]c5cc(-c6ccc(CO)cc6)ccc45)nc23)CC1,4.667561540084395,True,<rdkit.Chem.rdchem.Mol object at 0x735c7919eb90>,False
CHEMBL5555502,CDK2,21943.0,nM,CC(=O)Nc1cccc(CNc2nc(OC3CCN(C)CC3)nc3c(C(C)C)cnn23)c1N(C)C,4.658703996889934,True,<rdkit.Chem.rdchem.Mol object at 0x735c7919e960>,False
CHEMBL150,CDK6,22000.0,nM,O=c1c(O)c(-c2ccc(O)cc2)oc2cc(O)cc(O)c12,4.657577319177793,True,<rdkit.Chem.rdchem.Mol object at 0x735c7919ec70>,False
CHEMBL373834,CDK1,22000.0,nM,O=Nc1c(-c2c(O)[nH]c3c(Br)cccc23)[nH]c2ccccc12,4.657577319177793,True,<rdkit.Chem.rdchem.Mol object at 0x735c7919cdd0>,False
CHEMBL1922210,CDK1,22000.0,nM,CC[C@H](Nc1nc(NCc2cccnc2)c2ncn(C(C)C)c2n1)C(O)C(C)C,4.657577319177793,True,<rdkit.Chem.rdchem.Mol object at 0x735c7919d850>,False
CHEMBL322640,CDK2,22000.0,nM,CN(C)CC(O)COc1ccc(Nc2cc(Nc3cc(Cl)ccc3Cl)ncn2)cc1,4.657577319177793,True,<rdkit.Chem.rdchem.Mol object at 0x735c7919eea0>,False
CHEMBL100675,CDK2,22000.0,nM,Cc1ccc(Cl)c(Nc2cc(Nc3ccc(OCC(O)CN(C)C)cc3)ncn2)c1,4.657577319177793,True,<rdkit.Chem.rdchem.Mol object at 0x735c7919c580>,False
CHEMBL101868,CDK4,23000.0,nM,COc1ccccc1Nc1cc(Nc2ccc(OCC(O)CN(C)C)cc2)ncn1,4.638272163982407,True,<rdkit.Chem.rdchem.Mol object at 0x735c7919eb20>,False
CHEMBL328627,CDK1,23000.0,nM,CCn1c2c(c3cc(Br)ccc31)CC(=O)Nc1ccccc1-2,4.638272163982407,True,<rdkit.Chem.rdchem.Mol object at 0x735c7919de00>,False
CHEMBL1922122,CDK1,23000.0,nM,CC[C@@H](Nc1nc(NCc2cccnc2)c2ncn(C(C)C)c2n1)C(O)C(C)(C)C,4.638272163982407,True,<rdkit.Chem.rdchem.Mol object at 0x735c7919ed50>,False
CHEMBL522011,CDK2,23000.0,nM,CNc1nc2c(nc(-c3ccccc3)n2C)c2c1ncn2C,4.638272163982407,True,<rdkit.Chem.rdchem.Mol object at 0x735c7919ff40>,False
CHEMBL488646,CDK2,23000.0,nM,COc1cc(C2=C(c3cn(COC(C)(C)C)c4ccccc34)CNC2=O)cc(OC)c1OC,4.638272163982407,True,<rdkit.Chem.rdchem.Mol object at 0x735c7919fd10>,False
CHEMBL1235213,CDK2,23000.0,nM,CCOc1ccc(Nc2c(C)c(N[C@H]3CCCNC3)nc3ccnn23)cc1,4.638272163982407,True,<rdkit.Chem.rdchem.Mol object at 0x735c7919fc30>,False
CHEMBL5512510,CDK2,23678.0,nM,CC(=O)Nc1ccccc1CNc1nc(OC2CCN(C)CC2)nc2c(C(C)C)cnn12,4.625654983775391,True,<rdkit.Chem.rdchem.Mol object at 0x735c7919fbc0>,False
CHEMBL557237,CDK2,24000.0,nM,CCSc1nn2c(Cc3ccccc3)nnc2s1,4.619788758288394,True,<rdkit.Chem.rdchem.Mol object at 0x735c7919fae0>,False
CHEMBL99699,CDK2,24000.0,nM,CC(C)c1ccccc1Nc1cc(Nc2ccc(OCC(O)CN(C)C)cc2)ncn1,4.619788758288394,True,<rdkit.Chem.rdchem.Mol object at 0x735c7919fa70>,False
CHEMBL557238,CDK2,24000.0,nM,CCSc1nn2c(COc3ccc(Cl)cc3)nnc2s1,4.619788758288394,True,<rdkit.Chem.rdchem.Mol object at 0x735c7919f8b0>,False
CHEMBL2163623,CDK2,24000.0,nM,CCc1c(NC2CCCNC2)nc2ccnn2c1Nc1ccc(F)c(Cl)c1,4.619788758288394,True,<rdkit.Chem.rdchem.Mol object at 0x735c7919f840>,False
CHEMBL1922122,CDK4,24000.0,nM,CC[C@@H](Nc1nc(NCc2cccnc2)c2ncn(C(C)C)c2n1)C(O)C(C)(C)C,4.619788758288394,True,<rdkit.Chem.rdchem.Mol object at 0x735c7919f760>,False
CHEMBL14762,CDK6,24500.0,nM,CC[C@H](CO)Nc1nc(NCc2ccccc2)c2ncn(C(C)C)c2n1,4.610833915635467,True,<rdkit.Chem.rdchem.Mol object at 0x735c7919f6f0>,False
CHEMBL133213,CDK1,25000.0,nM,OCCNc1nc(NCc2ccccc2)c2[nH]cnc2n1,4.6020599913279625,True,<rdkit.Chem.rdchem.Mol object at 0x735c7919f680>,False
CHEMBL2163608,CDK2,25000.0,nM,Cc1nc2ccc(Nc3c(C)c(N[C@H]4CCCNC4)nc4ccnn34)cc2s1,4.6020599913279625,True,<rdkit.Chem.rdchem.Mol object at 0x735c7919f530>,False
CHEMBL1922120,CDK4,25000.0,nM,CCC(O)[C@@H](CC)Nc1nc(NCc2cccnc2)c2ncn(C(C)C)c2n1,4.6020599913279625,True,<rdkit.Chem.rdchem.Mol object at 0x735c7919f4c0>,False
CHEMBL102136,CDK4,25000.0,nM,Cc1ccc(Nc2cc(Nc3ccc(OCC(O)CN(C)C)cc3)ncn2)cc1,4.6020599913279625,True,<rdkit.Chem.rdchem.Mol object at 0x735c7919f370>,False
CHEMBL3797559,CDK2,25000.0,nM,Nc1ncccc1-c1nc2ccccc2[nH]1,4.6020599913279625,True,<rdkit.Chem.rdchem.Mol object at 0x735c7919f300>,False
CHEMBL3691629,CDK1,25059.0,nM,CN(C)C(=O)c1cc2cnc(Nc3ccc(N4C[C@@H]5CNC[C@@H]5CC4=O)cn3)nc2n1C1CCCC1,4.601036263874479,True,<rdkit.Chem.rdchem.Mol object at 0x735c7919f140>,False
CHEMBL606245,CDK1,26000.0,nM,Cc1c(Nc2c(C#N)cncc2/C=C/CCN2CCC[C@@H](N)C2)ccc2[nH]ccc12,4.585026652029182,True,<rdkit.Chem.rdchem.Mol object at 0x735c7919f060>,False
CHEMBL99687,CDK2,26000.0,nM,Cc1ccc(Nc2ccnc(Nc3ccc(OCC(O)CN(C)C)cc3)n2)cc1,4.585026652029182,True,<rdkit.Chem.rdchem.Mol object at 0x735c7919eff0>,False
CHEMBL203006,CDK2,26000.0,nM,Brc1cccc(-c2cc(NCc3ccncc3)n3ncnc3n2)c1,4.585026652029182,True,<rdkit.Chem.rdchem.Mol object at 0x735c7919ef80>,False
CHEMBL2062563,CDK2,26000.0,nM,CC(=O)Nc1ccc2ccn(-c3cc(NC4CC4)n4ncc(C#N)c4n3)c2c1,4.585026652029182,True,<rdkit.Chem.rdchem.Mol object at 0x735c7919ee30>,False
CHEMBL1087650,CDK2,26400.0,nM,CN1C[C@@H]2C[C@H]1CN2c1ccc(-c2ccnc3c(-c4cccc(O)c4)c(-c4ccncc4)nn23)cc1,4.578396073130169,True,<rdkit.Chem.rdchem.Mol object at 0x735c7919edc0>,False
CHEMBL1806525,CDK2,27000.0,nM,COc1cc(N2CCN(C(C)=O)CC2)ccc1Nc1ncc(C#N)c(-c2cnc3ccccn23)n1,4.568636235841013,True,<rdkit.Chem.rdchem.Mol object at 0x735c7919eab0>,False
CHEMBL205799,CDK2,27000.0,nM,CC(=O)N1CCN(C(=O)c2cccc(CSc3cnc(NC(=O)c4ccc(N(C)C)cc4)s3)c2)CC1,4.568636235841013,True,<rdkit.Chem.rdchem.Mol object at 0x735c7919ea40>,False
CHEMBL318485,CDK4,27000.0,nM,CN(C)CC(O)COc1ccc(Nc2cc(Nc3ccccc3F)ncn2)cc1,4.568636235841013,True,<rdkit.Chem.rdchem.Mol object at 0x735c7919e9d0>,False
CHEMBL2163611,CDK2,27000.0,nM,Cc1c(N[C@H]2CCCNC2)nc2ccnn2c1Nc1ccc2c(cnn2C)c1,4.568636235841013,True,<rdkit.Chem.rdchem.Mol object at 0x735c7919e8f0>,False
CHEMBL100811,CDK2,28000.0,nM,CN(C)CC(O)COc1ccc(Nc2cc(Nc3ccccc3Br)ncn2)cc1,4.552841968657781,True,<rdkit.Chem.rdchem.Mol object at 0x735c7919e810>,False
CHEMBL495758,CDK1,28000.0,nM,c1ccc2[nH]c(-c3cc[nH]n3)nc2c1,4.552841968657781,True,<rdkit.Chem.rdchem.Mol object at 0x735c7919e730>,False
CHEMBL495758,CDK2,28000.0,nM,c1ccc2[nH]c(-c3cc[nH]n3)nc2c1,4.552841968657781,True,<rdkit.Chem.rdchem.Mol object at 0x735c7919e6c0>,False
CHEMBL1087650,CDK1,28400.0,nM,CN1C[C@@H]2C[C@H]1CN2c1ccc(-c2ccnc3c(-c4cccc(O)c4)c(-c4ccncc4)nn23)cc1,4.546681659952962,True,<rdkit.Chem.rdchem.Mol object at 0x735c7919e5e0>,False
CHEMBL2348176,CDK2,28500.0,nM,Nc1nccc(-n2ccc3ccccc32)n1,4.54515513999149,True,<rdkit.Chem.rdchem.Mol object at 0x735c7919e570>,False
CHEMBL4649135,CDK1,28600.0,nM,CCn1cnc2c(NCc3nc4ccc(F)c(F)c4[nH]3)nc(N3CCCC[C@H]3CCO)nc21,4.543633966870957,True,<rdkit.Chem.rdchem.Mol object at 0x735c7919e500>,False
CHEMBL573578,CDK2,29000.0,nM,CC(C)(C)n1nc(Cc2cccc3ccccc23)c2c(N)ncnc21,4.537602002101044,True,<rdkit.Chem.rdchem.Mol object at 0x735c7919e420>,False
CHEMBL3691660,CDK1,29281.0,nM,CN(C)C(=O)c1cc2cnc(Nc3ccc(N4C[C@H]5CC[C@@H](CC4=O)N5)cn3)nc2n1C1CCCC1,4.533414095405113,True,<rdkit.Chem.rdchem.Mol object at 0x735c7919e3b0>,False
CHEMBL5285754,CDK1,29300.0,nM,CS(=O)(=O)N1CCC2(CC1)N=C(c1ccc(Br)cc1)C(=O)N2,4.533132379645891,True,<rdkit.Chem.rdchem.Mol object at 0x735c7919e340>,False
CHEMBL190201,CDK1,29400.0,nM,COc1ccc(-c2oc3ncnc(NCCO)c3c2-c2ccc(OC)cc2)cc1,4.531652669587842,True,<rdkit.Chem.rdchem.Mol object at 0x735c7919e2d0>,False
CHEMBL5175957,CDK9,30000.0,nM,COc1cc(=O)n(C)cc1-c1ccnc2[nH]c(C3CCN(CC(=O)N(C)C)CC3)cc12,4.522878745280337,True,<rdkit.Chem.rdchem.Mol object at 0x735c7919e1f0>,False
CHEMBL78223,CDK1,30000.0,nM,CC(C)[C@H](CO)Nc1nc(Nc2ccc(Cl)c(C(=O)O)c2)c2ncn(C(C)C)c2n1,4.522878745280337,True,<rdkit.Chem.rdchem.Mol object at 0x735c7919e030>,False
CHEMBL226471,CDK1,30000.0,nM,O=C1NCCc2[nH]c(-c3ccnc(-c4ccccc4F)c3)cc21,4.522878745280337,True,<rdkit.Chem.rdchem.Mol object at 0x735c7919df50>,False
CHEMBL367442,CDK1,30000.0,nM,Nc1ncnc2c1c(-c1ccccc1)cn2-c1ccc(CO)cc1,4.522878745280337,True,<rdkit.Chem.rdchem.Mol object at 0x735c7919dd20>,False
CHEMBL454973,CDK2,31000.0,nM,CNc1nc2sc(-c3cccc(CNC(C)=O)c3)nc2c2c1ncn2C,4.508638306165727,True,<rdkit.Chem.rdchem.Mol object at 0x735c7919dcb0>,False
CHEMBL1922210,CDK4,31000.0,nM,CC[C@H](Nc1nc(NCc2cccnc2)c2ncn(C(C)C)c2n1)C(O)C(C)C,4.508638306165727,True,<rdkit.Chem.rdchem.Mol object at 0x735c7919dc40>,False
CHEMBL4459754,CDK6,32100.0,nM,CC(C)c1cnn2c(NCc3ccccc3)cc(NC[C@@H]3CCNC[C@H]3O)nc12,4.493494967595128,True,<rdkit.Chem.rdchem.Mol object at 0x735c7919da10>,False
CHEMBL269538,CDK2,33000.0,nM,COc1ccc2c(c1)[nH]c1c(C)nccc12,4.481486060122113,True,<rdkit.Chem.rdchem.Mol object at 0x735c7919d930>,False
CHEMBL318188,CDK4,33000.0,nM,CN(C)CC(O)COc1ccc(Nc2cc(Nc3ccccc3)ncn2)cc1,4.481486060122113,True,<rdkit.Chem.rdchem.Mol object at 0x735c7919d7e0>,False
CHEMBL176815,CDK1,33000.0,nM,COc1cccc(-c2cn(-c3cccc(CO)c3)c3ncnc(N)c23)c1,4.481486060122113,True,<rdkit.Chem.rdchem.Mol object at 0x735c7919d770>,False
CHEMBL2163624,CDK2,33000.0,nM,Cc1c(NC2CCCNC2)nc2ccnn2c1Nc1ccc(F)c(Cl)c1,4.481486060122113,True,<rdkit.Chem.rdchem.Mol object at 0x735c7919d700>,False
CHEMBL4297488,CDK6,34000.0,nM,CC(C)c1cnn2c(NCc3ccccc3)cc(NC[C@H]3CCNC[C@@H]3O)nc12,4.468521082957745,True,<rdkit.Chem.rdchem.Mol object at 0x735c7919d620>,False
CHEMBL102047,CDK2,34000.0,nM,CN(C)CC(O)COc1ccc(Nc2nccc(Nc3ccccc3)n2)cc1,4.468521082957745,True,<rdkit.Chem.rdchem.Mol object at 0x735c7919d540>,False
CHEMBL2348175,CDK2,34000.0,nM,Nc1nccc(-n2ccc3ccc(F)cc32)n1,4.468521082957745,True,<rdkit.Chem.rdchem.Mol object at 0x735c7919d4d0>,False
CHEMBL101557,CDK2,35000.0,nM,CN(C)CC(O)COc1ccc(Nc2cc(Nc3cc(C(F)(F)F)ccc3F)ncn2)cc1,4.455931955649724,True,<rdkit.Chem.rdchem.Mol object at 0x735c7919d3f0>,False
CHEMBL99779,CDK1,35000.0,nM,O=C1Cc2c([nH]c3ccc(Br)cc23)-c2ccccc2N1Cc1ccccc1,4.455931955649724,True,<rdkit.Chem.rdchem.Mol object at 0x735c7919d2a0>,False
CHEMBL1234833,CDK6,35500.0,nM,CC(C)c1cnn2c(NCc3ccccc3)cc(N[C@@H](CO)[C@H](O)CO)nc12,4.449771646944906,True,<rdkit.Chem.rdchem.Mol object at 0x735c7919d230>,False
CHEMBL3736216,CDK2,36000.0,nM,COc1ccc2[nH]nc(C(=O)NCC3CCN(CCc4ccc(O)cc4)CC3)c2c1,4.443697499232713,True,<rdkit.Chem.rdchem.Mol object at 0x735c7919d1c0>,False
CHEMBL101052,CDK2,36000.0,nM,COc1ccc(Nc2ccnc(Nc3ccc(OCC(O)CN(C)C)cc3)n2)cc1,4.443697499232713,True,<rdkit.Chem.rdchem.Mol object at 0x735c7919d0e0>,False
CHEMBL4462126,CDK2,37000.0,nM,CC(C1CC1)n1cnc2c(NCc3cccc(C(F)(F)F)c3)nc(NCCN(C)C)nc21,4.431798275933005,True,<rdkit.Chem.rdchem.Mol object at 0x735c7919d070>,False
CHEMBL101558,CDK2,38000.0,nM,CN(C)CC(O)COc1ccc(Nc2cc(Nc3c(F)cccc3F)ncn2)cc1,4.42021640338319,True,<rdkit.Chem.rdchem.Mol object at 0x735c7919cf20>,False
CHEMBL3421979,CDK2,38379.0,nM,Cc1nccc(-c2c[nH]c3cnccc23)n1,4.415906345393664,True,<rdkit.Chem.rdchem.Mol object at 0x735c7919ccf0>,False
CHEMBL2348180,CDK2,39000.0,nM,N#Cc1ccc2ccn(-c3ccnc(N)c3)c2c1,4.4089353929735005,True,<rdkit.Chem.rdchem.Mol object at 0x735c7919cc10>,False
CHEMBL418793,CDK2,39000.0,nM,Cc1ccccc1Nc1cc(Nc2ccc(OCC(O)CN(C)C)cc2)ncn1,4.4089353929735005,True,<rdkit.Chem.rdchem.Mol object at 0x735c7919cba0>,False
CHEMBL3691604,CDK1,39910.0,nM,CC(C)[C@@H](N)C(=O)N1C2CCC1CN(C(=O)c1ccc(Nc3ncc4cc(C(=O)N(C)C)n(C5CCCC5)c4n3)nc1)C2,4.398918272215977,True,<rdkit.Chem.rdchem.Mol object at 0x735c7919c9e0>,False
CHEMBL102622,CDK4,40000.0,nM,Cc1nc2ccccn2c1-c1ccnc(NC(=O)C(F)(F)F)n1,4.3979400086720375,True,<rdkit.Chem.rdchem.Mol object at 0x735c7919c970>,False
CHEMBL3085242,CDK1,40000.0,nM,OC[C@H]1CCCN1c1nc(NCc2ccccc2)c2ncn(C3CCCCC3)c2n1,4.3979400086720375,True,<rdkit.Chem.rdchem.Mol object at 0x735c7919c900>,False
CHEMBL131098,CDK1,40000.0,nM,Cn1cnc2c(NCc3ccccc3)ncnc21,4.3979400086720375,True,<rdkit.Chem.rdchem.Mol object at 0x735c7919c7b0>,False
CHEMBL337454,CDK1,40000.0,nM,Cn1cnc2c(NCc3ccccc3)nc(N)nc21,4.3979400086720375,True,<rdkit.Chem.rdchem.Mol object at 0x735c7919c5f0>,False
CHEMBL312078,CDK1,40000.0,nM,CC(C)[C@H](CO)Nc1nc(Nc2ccc(Br)cc2)c2ncn(C(C)C)c2n1,4.3979400086720375,True,<rdkit.Chem.rdchem.Mol object at 0x735c7919c430>,False
CHEMBL323015,CDK2,40400.0,nM,Cc1cc(C)nc(Sc2cc(=O)c3c(O)cc(O)c(C4CCN(C)CC4O)c3o2)n1,4.393618634889395,True,<rdkit.Chem.rdchem.Mol object at 0x735c7919c2e0>,False
CHEMBL318461,CDK4,41000.0,nM,CN(C)CC(O)COc1ccc(Nc2cc(Nc3ccc(Cl)cc3)ncn2)cc1,4.3872161432802645,True,<rdkit.Chem.rdchem.Mol object at 0x735c7919c200>,False
CHEMBL3943841,CDK2,41410.0,nM,CN(C)C1CCN(c2ccc(Nc3ncc4cc5n(c4n3)C3(CCCCC3)CNC5=O)nc2)CC1,4.382894769497622,True,<rdkit.Chem.rdchem.Mol object at 0x735c7919c120>,False
CHEMBL509435,CDK2,42000.0,nM,COc1cc(C2=C(c3cn(C)c4ccccc34)C(=O)NC2)cc(OC)c1OC,4.376750709602099,True,<rdkit.Chem.rdchem.Mol object at 0x735c7919c040>,False
CHEMBL4459754,CDK4,42000.0,nM,CC(C)c1cnn2c(NCc3ccccc3)cc(NC[C@@H]3CCNC[C@H]3O)nc12,4.376750709602099,True,<rdkit.Chem.rdchem.Mol object at 0x735c7919db60>,False
CHEMBL335966,CDK1,42000.0,nM,CC(C)n1cnc2c(NCc3ccccc3)nc(N3CCC(O)C3)nc21,4.376750709602099,True,<rdkit.Chem.rdchem.Mol object at 0x735c7919ef10>,False
CHEMBL2348170,CDK2,42000.0,nM,Nc1nccc(-n2ccc3cccnc32)n1,4.376750709602099,True,<rdkit.Chem.rdchem.Mol object at 0x735c7919ca50>,False
CHEMBL328164,CDK1,43000.0,nM,CSC1=Nc2ccccc2-c2[nH]c3ccc(Br)cc3c2C1,4.366531544420414,True,<rdkit.Chem.rdchem.Mol object at 0x735c7919d310>,False
CHEMBL172973,CDK1,43000.0,nM,COc1cccc(-c2cn(-c3ccccc3)c3ncnc(N)c23)c1,4.366531544420414,True,<rdkit.Chem.rdchem.Mol object at 0x735c7919cf90>,False
CHEMBL2348181,CDK2,45000.0,nM,N#Cc1ccc2ccn(-c3cccc(N)n3)c2c1,4.346787486224656,True,<rdkit.Chem.rdchem.Mol object at 0x735c7919e880>,False
CHEMBL2348167,CDK2,45100.0,nM,Nc1nccc(-n2ccc3ccncc32)n1,4.345823458122039,True,<rdkit.Chem.rdchem.Mol object at 0x735c7919dee0>,False
CHEMBL3421974,CDK2,45885.0,nM,O=C(NC1CCCC1)c1ccc(-c2nccc(-c3c[nH]c4cnccc34)n2)cc1,4.33832926395964,True,<rdkit.Chem.rdchem.Mol object at 0x735c7919d150>,False
CHEMBL5416233,CDK2,47000.0,nM,CC(=O)c1ccc(NCCc2c[nH]c3ccccc23)c(C(=O)O)c1,4.327902142064283,True,<rdkit.Chem.rdchem.Mol object at 0x735c791dfa70>,False
CHEMBL173478,CDK1,47000.0,nM,Nc1ncnc2c1c(-c1ccccc1)cn2-c1cccc(CO)c1,4.327902142064283,True,<rdkit.Chem.rdchem.Mol object at 0x735c791dfca0>,False
CHEMBL259244,CDK2,49000.0,nM,CCC(C)Oc1nc(N)nc2[nH]cnc12,4.309803919971486,True,<rdkit.Chem.rdchem.Mol object at 0x735c791dd620>,False
CHEMBL2163609,CDK2,49000.0,nM,Cc1c(N[C@H]2CCCNC2)nc2ccnn2c1Nc1ccc(C(=O)NC2CCCC2)cc1,4.309803919971486,True,<rdkit.Chem.rdchem.Mol object at 0x735c791de500>,False
CHEMBL4297488,CDK4,49000.0,nM,CC(C)c1cnn2c(NCc3ccccc3)cc(NC[C@H]3CCNC[C@@H]3O)nc12,4.309803919971486,True,<rdkit.Chem.rdchem.Mol object at 0x735c791dc510>,False
CHEMBL4097255,CDK2,50000.0,nM,c1ccc(-c2cccc3nc(-c4cncnc4)nc(NCc4ccccn4)c23)cc1,4.301029995663981,True,<rdkit.Chem.rdchem.Mol object at 0x735c791dc9e0>,False
CHEMBL4483629,CDK2,50000.0,nM,Clc1nc(NCc2ccccn2)c2c(-c3ccccc3)cccc2n1,4.301029995663981,True,<rdkit.Chem.rdchem.Mol object at 0x735c791de490>,False
CHEMBL4094440,CDK2,50000.0,nM,NS(=O)(=O)c1cncc(-c2nc(NCc3ccccn3)c3c(-c4ccccc4)cccc3n2)c1,4.301029995663981,True,<rdkit.Chem.rdchem.Mol object at 0x735c791dcf90>,False
CHEMBL132369,CDK1,50000.0,nM,Cn1cnc2c(N)nc(NCCO)nc21,4.301029995663981,True,<rdkit.Chem.rdchem.Mol object at 0x735c791dda10>,False
CHEMBL1809197,CDK2,53000.0,nM,COc1cc(N2CCN(C(C)=O)CC2)ccc1Nc1ncc(OC)c(-c2cnc3ccccn23)n1,4.275724130399211,True,<rdkit.Chem.rdchem.Mol object at 0x735c791df990>,False
CHEMBL169757,CDK1,54000.0,nM,Nc1ncnc2c1c(-c1ccccc1)cn2-c1ccccc1,4.267606240177032,True,<rdkit.Chem.rdchem.Mol object at 0x735c791dcc80>,False
CHEMBL3421980,CDK2,56703.0,nM,Cc1nccc(-c2cn(Cc3ccccc3)c3cnccc23)n1,4.246393963170954,True,<rdkit.Chem.rdchem.Mol object at 0x735c791dda80>,False
CHEMBL101779,CDK4,57000.0,nM,COc1ccc(Nc2cc(Nc3ccc(OCC(O)CN(C)C)cc3)ncn2)cc1,4.2441251443275085,True,<rdkit.Chem.rdchem.Mol object at 0x735c791df7d0>,False
CHEMBL120703,CDK1,57000.0,nM,CC(C)(C)OC(=O)Nc1ccc(Nc2[nH]nc3ncnc(Nc4cccc(Cl)c4)c23)cc1,4.2441251443275085,True,<rdkit.Chem.rdchem.Mol object at 0x735c791dce40>,False
CHEMBL319709,CDK2,59000.0,nM,NC(=O)c1ccc(Nc2nc(N)cc(OCC3CCCCC3)n2)cc1,4.229147988357856,True,<rdkit.Chem.rdchem.Mol object at 0x735c791df8b0>,False
CHEMBL2163612,CDK2,62000.0,nM,Cc1c(N[C@H]2CCCNC2)nc2ccnn2c1Nc1ccc(OCCN2CCOCC2)cc1,4.2076083105017466,True,<rdkit.Chem.rdchem.Mol object at 0x735c791dff40>,False
CHEMBL319709,CDK1,63000.0,nM,NC(=O)c1ccc(Nc2nc(N)cc(OCC3CCCCC3)n2)cc1,4.200659450546418,True,<rdkit.Chem.rdchem.Mol object at 0x735c791dfe60>,False
CHEMBL100670,CDK1,65000.0,nM,CCC(CO)Nc1nc(NCc2ccccc2)c2nc(O)n(C(C)C)c2n1,4.187086643357144,True,<rdkit.Chem.rdchem.Mol object at 0x735c791dfd80>,False
CHEMBL100500,CDK1,70000.0,nM,CCC(CO)Nc1nc(NCc2ccccc2)c2nc(N)n(C(C)C)c2n1,4.154901959985743,True,<rdkit.Chem.rdchem.Mol object at 0x735c791dfd10>,False
CHEMBL317398,CDK1,70000.0,nM,Cn1cnc2c(N)nc(Cl)nc21,4.154901959985743,True,<rdkit.Chem.rdchem.Mol object at 0x735c791dfc30>,False
CHEMBL100312,CDK1,70000.0,nM,CC(C)(C)OC(=O)n1c2c(c3cc(Br)ccc31)CC(=O)Nc1ccccc1-2,4.154901959985743,True,<rdkit.Chem.rdchem.Mol object at 0x735c791dfbc0>,False
CHEMBL525921,CDK2,70000.0,nM,Cc1ccc(-c2ccc(C(=O)N(C)CCc3c[nH]c4ccccc34)cc2)cc1,4.154901959985743,True,<rdkit.Chem.rdchem.Mol object at 0x735c791df920>,False
CHEMBL3545110,CDK2,76000.0,nM,CN(C)C(=O)c1cc2cnc(Nc3ccc(N4CCNCC4)cn3)nc2n1C1CCCC1,4.119186407719209,True,<rdkit.Chem.rdchem.Mol object at 0x735c791df680>,False
CHEMBL77262,CDK1,80000.0,nM,CC(C)[C@H](CO)Nc1nc(Nc2ccc(Cl)cc2)c2ncn(C(C)C)c2n1,4.096910013008056,True,<rdkit.Chem.rdchem.Mol object at 0x735c791df610>,False
CHEMBL328623,CDK2,81000.0,nM,Cc1ccc(F)c(Nc2cc(Nc3ccc(OCC(O)CN(C)C)cc3)ncn2)c1,4.091514981121351,True,<rdkit.Chem.rdchem.Mol object at 0x735c791df4c0>,False
CHEMBL101868,CDK2,85000.0,nM,COc1ccccc1Nc1cc(Nc2ccc(OCC(O)CN(C)C)cc2)ncn1,4.070581074285707,True,<rdkit.Chem.rdchem.Mol object at 0x735c791df3e0>,False
CHEMBL499521,CDK2,85000.0,nM,Nc1c[nH]nc1C(=O)Nc1ccc(F)cc1,4.070581074285707,True,<rdkit.Chem.rdchem.Mol object at 0x735c791df220>,False
CHEMBL133214,CDK1,90000.0,nM,Nc1nc(NCc2ccccc2)c2[nH]cnc2n1,4.045757490560675,True,<rdkit.Chem.rdchem.Mol object at 0x735c791df0d0>,False
CHEMBL174634,CDK1,90000.0,nM,Cc1ccccc1-c1cn(-c2ccccc2)c2ncnc(N)c12,4.045757490560675,True,<rdkit.Chem.rdchem.Mol object at 0x735c791df060>,False
CHEMBL498705,CDK2,91000.0,nM,CN(CCc1c[nH]c2ccccc12)C(=O)c1ccc(-c2ccc(-c3ccccc3)cc2)cc1,4.040958607678906,True,<rdkit.Chem.rdchem.Mol object at 0x735c791def80>,False
CHEMBL457179,CDK2,92000.0,nM,CN(CCc1c[nH]c2ccccc12)C(=O)c1ccc(-c2ccncc2)cc1,4.036212172654444,True,<rdkit.Chem.rdchem.Mol object at 0x735c791def10>,False
CHEMBL317281,CDK2,93000.0,nM,CN(C)CC(O)COc1ccc(Nc2cc(Nc3ccc(F)cc3F)ncn2)cc1,4.031517051446065,True,<rdkit.Chem.rdchem.Mol object at 0x735c791deea0>,False
CHEMBL102622,CDK2,95000.0,nM,Cc1nc2ccccn2c1-c1ccnc(NC(=O)C(F)(F)F)n1,4.022276394711152,True,<rdkit.Chem.rdchem.Mol object at 0x735c791dee30>,False
CHEMBL99647,CDK2,95000.0,nM,CN(C)CC(O)COc1ccc(Nc2cc(Nc3ccccc3Cl)ncn2)cc1,4.022276394711152,True,<rdkit.Chem.rdchem.Mol object at 0x735c791dedc0>,False
CHEMBL1222565,CDK2,95000.0,nM,O=C(NC[C@@H]1CCCN1)c1ccc(-c2cnc3ccc(NCc4ccc(Cl)c(Cl)c4)nn23)cc1,4.022276394711152,True,<rdkit.Chem.rdchem.Mol object at 0x735c791ded50>,False
CHEMBL445420,CDK2,97000.0,nM,O=C(Nc1ccccc1)c1cc[nH]n1,4.013228265733755,True,<rdkit.Chem.rdchem.Mol object at 0x735c791dec00>,False
CHEMBL77732,CDK1,100000.0,nM,COc1ccc(CNc2nc(N[C@@H](CO)CC(C)C)nc3c2ncn3C(C)C)cc1,4.0,True,<rdkit.Chem.rdchem.Mol object at 0x735c791de9d0>,False
CHEMBL14762,CDK4,100000.0,nM,CC[C@H](CO)Nc1nc(NCc2ccccc2)c2ncn(C(C)C)c2n1,4.0,True,<rdkit.Chem.rdchem.Mol object at 0x735c791de960>,False
CHEMBL29197,CDK1,100000.0,nM,COc1cc2ncnc(Nc3cccc(Br)c3)c2cc1OC,4.0,True,<rdkit.Chem.rdchem.Mol object at 0x735c791de6c0>,False
CHEMBL3616877,CDK2,105100.0,nM,CCOc1cc(C(=O)Nc2ccc(S(=O)(=O)Nc3nc(C)cc(C)n3)cc2)cc(OCC)c1OCC,3.978397283971757,True,<rdkit.Chem.rdchem.Mol object at 0x735c791de5e0>,False
CHEMBL474441,CDK2,109000.0,nM,CNc1ccc(-c2ccc3c(-c4nc5c(N6CCN(C)CC6)cccc5[nH]4)n[nH]c3c2)cc1,3.962573502059376,True,<rdkit.Chem.rdchem.Mol object at 0x735c791de570>,False
CHEMBL364811,CDK1,111400.0,nM,CN(CCO)c1ncnc2oc(-c3ccccc3)c(-c3ccccc3)c12,3.9531148091622894,True,<rdkit.Chem.rdchem.Mol object at 0x735c791de2d0>,False
CHEMBL3545110,CDK1,113000.0,nM,CN(C)C(=O)c1cc2cnc(Nc3ccc(N4CCNCC4)cn3)nc2n1C1CCCC1,3.94692155651658,True,<rdkit.Chem.rdchem.Mol object at 0x735c791de260>,False
CHEMBL457047,CDK2,120000.0,nM,NS(=O)(=O)c1cccc2c(O)cccc12,3.920818753952375,True,<rdkit.Chem.rdchem.Mol object at 0x735c791de1f0>,False
CHEMBL337161,CDK1,130000.0,nM,CN(c1nc(Cl)nc2c1ncn2C)C1CCCCC1,3.886056647693163,True,<rdkit.Chem.rdchem.Mol object at 0x735c791de110>,False
CHEMBL308714,CDK1,130000.0,nM,CC(C)n1cnc2c(Nc3ccccc3)nc(N3CCCCC3CCO)nc21,3.886056647693163,True,<rdkit.Chem.rdchem.Mol object at 0x735c791de0a0>,False
CHEMBL310590,CDK1,130000.0,nM,CC[C@H](CO)Nc1nc(NCc2ccc(OC)cc2)c2ncn(C(C)C)c2n1,3.886056647693163,True,<rdkit.Chem.rdchem.Mol object at 0x735c791de030>,False
CHEMBL515051,CDK2,150000.0,nM,O=C(NCCc1c[nH]c2ccccc12)c1cccc(-c2cccnc2)c1,3.823908740944319,True,<rdkit.Chem.rdchem.Mol object at 0x735c791ddfc0>,False
CHEMBL76592,CDK1,160000.0,nM,CC(C)n1cnc2c(NCc3ccccc3)nc(N3CCCCC3CCO)nc21,3.795880017344075,True,<rdkit.Chem.rdchem.Mol object at 0x735c791ddd90>,False
CHEMBL86795,CDK2,185000.0,nM,c1ccc2[nH]ncc2c1,3.7328282715969854,True,<rdkit.Chem.rdchem.Mol object at 0x735c791ddcb0>,False
CHEMBL130306,CDK1,200000.0,nM,Nc1[nH]c(NCCO)nc2ncnc1-2,3.6989700043360183,True,<rdkit.Chem.rdchem.Mol object at 0x735c791ddc40>,False
CHEMBL557321,CDK2,200000.0,nM,Fc1ccc2[nH]cc(CCn3ccc4ccccc43)c2c1,3.6989700043360183,True,<rdkit.Chem.rdchem.Mol object at 0x735c791ddbd0>,False
CHEMBL3085250,CDK1,200000.0,nM,OC[C@H]1CCCN1c1nc(NCc2ccccc2)c2ncn(Cc3ccccc3)c2n1,3.6989700043360183,True,<rdkit.Chem.rdchem.Mol object at 0x735c791ddaf0>,False
CHEMBL228862,CDK1,200000.0,nM,c1ccc(CNc2ncnc3[nH]cnc23)cc1,3.6989700043360183,True,<rdkit.Chem.rdchem.Mol object at 0x735c791dd9a0>,False
CHEMBL226345,CDK1,200000.0,nM,Nc1[nH]cnc2ncnc1-2,3.6989700043360183,True,<rdkit.Chem.rdchem.Mol object at 0x735c791dd930>,False
CHEMBL80674,CDK1,210000.0,nM,COc1ccc(CNc2nc(N3CCCCC3CCO)nc3c2ncn3C(C)C)cc1,3.677780705266081,True,<rdkit.Chem.rdchem.Mol object at 0x735c791dd8c0>,False
CHEMBL77610,CDK1,220000.0,nM,CC(C)n1cnc2c(Nc3cccc(Cl)c3)nc(N(CCO)CCO)nc21,3.6575773191777934,True,<rdkit.Chem.rdchem.Mol object at 0x735c791dd850>,False
CHEMBL311228,CDK1,220000.0,nM,CC(C)n1cnc2/c(=N/c3cccc(Cl)c3)nc(NCCO)[nH]c21,3.6575773191777934,True,<rdkit.Chem.rdchem.Mol object at 0x735c791dd7e0>,False
CHEMBL77064,CDK1,230000.0,nM,CC(C)n1cnc2c(Nc3cccc(Cl)c3)nc(N(CCO)CCCO)nc21,3.638272163982407,True,<rdkit.Chem.rdchem.Mol object at 0x735c791dd770>,False
CHEMBL80898,CDK1,230000.0,nM,COc1ccc(CNc2nc(N[C@@H](CO)C(C)C)nc3c2ncn3C(C)C)cc1,3.638272163982407,True,<rdkit.Chem.rdchem.Mol object at 0x735c791dd150>,False
CHEMBL76670,CDK1,240000.0,nM,CC(C)[C@H](CO)Nc1nc(Nc2ccccc2)c2ncn(C(C)C)c2n1,3.6197887582883936,True,<rdkit.Chem.rdchem.Mol object at 0x735c791dd5b0>,False
CHEMBL330398,CDK1,250000.0,nM,COc1cccc2c1NC(=O)Cc1c-2[nH]c2ccc(Br)cc12,3.6020599913279625,True,<rdkit.Chem.rdchem.Mol object at 0x735c791dd4d0>,False
CHEMBL80225,CDK1,250000.0,nM,COc1ccc(CNc2nc(N(CCO)CCCO)nc3c2ncn3C(C)C)cc1,3.6020599913279625,True,<rdkit.Chem.rdchem.Mol object at 0x735c791dd460>,False
CHEMBL29197,CDK2,250000.0,nM,COc1cc2ncnc(Nc3cccc(Br)c3)c2cc1OC,3.6020599913279625,True,<rdkit.Chem.rdchem.Mol object at 0x735c791dd310>,False
CHEMBL335743,CDK1,260000.0,nM,Nc1nc(Cl)c2ncn(C3CCCC3)c2n1,3.585026652029182,True,<rdkit.Chem.rdchem.Mol object at 0x735c791dd2a0>,False
CHEMBL5410679,CDK2,260000.0,nM,O=C(O)c1ccc(C(F)(F)F)cc1NCCc1c[nH]c2ccccc12,3.585026652029182,True,<rdkit.Chem.rdchem.Mol object at 0x735c791dd0e0>,False
CHEMBL525530,CDK2,262000.0,nM,CC(C)(C)c1ccc(-c2ccccc2C(=O)NCCc2c[nH]c3ccccc23)cc1,3.5816987086802543,True,<rdkit.Chem.rdchem.Mol object at 0x735c791dcf20>,False
CHEMBL80916,CDK1,270000.0,nM,CC(C)n1cnc2c(Nc3cccc(Br)c3)nc(NCCO)nc21,3.568636235841013,True,<rdkit.Chem.rdchem.Mol object at 0x735c791dceb0>,False
CHEMBL525538,CDK2,289000.0,nM,COc1ccc(-c2ccc(C(=O)N(C)CCc3c[nH]c4ccccc34)cc2)cc1,3.539102157243452,True,<rdkit.Chem.rdchem.Mol object at 0x735c791dcdd0>,False
CHEMBL415270,CDK1,290000.0,nM,CC(C)n1cnc2c(Nc3ccc(F)c(Cl)c3)nc(NCCO)nc21,3.5376020021010435,True,<rdkit.Chem.rdchem.Mol object at 0x735c791dccf0>,False
CHEMBL79764,CDK1,300000.0,nM,CC(C)n1cnc2c(Nc3cccc(Cl)c3)nc(NC3c4ccccc4C[C@@H]3O)nc21,3.5228787452803374,True,<rdkit.Chem.rdchem.Mol object at 0x735c791dcb30>,False
CHEMBL306783,CDK1,300000.0,nM,CC[C@H](CO)Nc1nc(Nc2cccc(Cl)c2)c2ncn(C(C)C)c2n1,3.5228787452803374,True,<rdkit.Chem.rdchem.Mol object at 0x735c791dcac0>,False
CHEMBL336556,CDK1,300000.0,nM,CN1CN=C(NCc2ccccc2)c2[nH]cnc21,3.5228787452803374,True,<rdkit.Chem.rdchem.Mol object at 0x735c791dca50>,False
CHEMBL330897,CDK1,320000.0,nM,Cc1nc(N)c2[nH]cnc2n1,3.4948500216800937,True,<rdkit.Chem.rdchem.Mol object at 0x735c791dc7b0>,False
CHEMBL80713,CDK1,330000.0,nM,COc1ccc(CNc2nc(N(CCO)CCO)nc3c2ncn3C(C)C)cc1,3.481486060122113,True,<rdkit.Chem.rdchem.Mol object at 0x735c791dc660>,False
CHEMBL191632,CDK2,350000.0,nM,Nc1cncc(Cl)n1,3.4559319556497243,True,<rdkit.Chem.rdchem.Mol object at 0x735c791dc4a0>,False
CHEMBL80213,CDK1,360000.0,nM,CC(C)[C@H](CO)Nc1nc(Nc2ccc(F)c(Cl)c2)c2ncn(C(C)C)c2n1,3.443697499232713,True,<rdkit.Chem.rdchem.Mol object at 0x735c791dc190>,False
CHEMBL456760,CDK2,375000.0,nM,COc1ccccc1-c1ccccc1C(=O)NCCc1c[nH]c2ccccc12,3.425968732272281,True,<rdkit.Chem.rdchem.Mol object at 0x735c791dc0b0>,False
CHEMBL131896,CDK1,400000.0,nM,CN1CN=C(N)c2[nH]cnc21,3.397940008672037,True,<rdkit.Chem.rdchem.Mol object at 0x735c791df370>,False
CHEMBL569847,CDK2,400000.0,nM,Cc1ccc2[nH]cc(CCn3ccc4ccccc43)c2c1,3.397940008672037,True,<rdkit.Chem.rdchem.Mol object at 0x735c791de3b0>,False
CHEMBL311741,CDK1,400000.0,nM,COc1cccc(Nc2nc(NCCO)nc3c2ncn3C(C)C)c1,3.397940008672037,True,<rdkit.Chem.rdchem.Mol object at 0x735c791dd3f0>,False
CHEMBL309978,CDK1,400000.0,nM,CC(C)n1cnc2c(Nc3cccc(F)c3)nc(NCCO)nc21,3.397940008672037,True,<rdkit.Chem.rdchem.Mol object at 0x735c791dd1c0>,False
CHEMBL311571,CDK1,400000.0,nM,CC(C)n1cnc2c(Nc3cccc(Cl)c3)nc(N[C@@H](CO)c3ccccc3)nc21,3.397940008672037,True,<rdkit.Chem.rdchem.Mol object at 0x735c791dd230>,False
CHEMBL456121,CDK2,406000.0,nM,Cc1cccc(-c2ccccc2C(=O)NCCc2c[nH]c3ccccc23)c1,3.391473966422806,True,<rdkit.Chem.rdchem.Mol object at 0x735c791df300>,False
CHEMBL456964,CDK2,417000.0,nM,O=C(NCCc1c[nH]c2ccccc12)c1ccccc1-c1cccc(F)c1,3.3798639450262424,True,<rdkit.Chem.rdchem.Mol object at 0x735c791de7a0>,False
CHEMBL79329,CDK1,420000.0,nM,CC(C)n1cnc2c(Nc3cccc(C(F)(F)F)c3)nc(NCCO)nc21,3.376750709602099,True,<rdkit.Chem.rdchem.Mol object at 0x735c791dc200>,False
CHEMBL99423,CDK1,430000.0,nM,COc1cccc2c1NC(=O)Cc1c-2[nH]c2ccccc12,3.366531544420414,True,<rdkit.Chem.rdchem.Mol object at 0x735c791deff0>,False
CHEMBL557049,CDK2,430000.0,nM,Clc1ccc2c(ccn2CCc2c[nH]c3ccccc23)c1,3.366531544420414,True,<rdkit.Chem.rdchem.Mol object at 0x735c791df530>,False
CHEMBL306183,CDK1,450000.0,nM,COc1ccc(CNc2nc(NC3(CO)CCCC3)nc3c2ncn3C(C)C)cc1,3.346787486224656,True,<rdkit.Chem.rdchem.Mol object at 0x735c791de730>,False
CHEMBL97844,CDK1,470000.0,nM,CCN1C(=O)Cc2c([nH]c3ccc(Br)cc23)-c2ccccc21,3.327902142064283,True,<rdkit.Chem.rdchem.Mol object at 0x735c791dd690>,False
CHEMBL77365,CDK1,500000.0,nM,CC(C)n1cnc2c(Nc3cccc(Cl)c3)nc(N[C@@H](CO)Cc3ccccc3)nc21,3.3010299956639813,True,<rdkit.Chem.rdchem.Mol object at 0x735c791dd070>,False
CHEMBL80611,CDK1,500000.0,nM,CC(C)[C@@H](CO)Nc1nc(Nc2cccc(Cl)c2)c2ncn(C(C)C)c2n1,3.3010299956639813,True,<rdkit.Chem.rdchem.Mol object at 0x735c791dd000>,False
CHEMBL309227,CDK1,500000.0,nM,CCC(C)[C@@H](CO)Nc1nc(Nc2cccc(Cl)c2)c2ncn(C(C)C)c2n1,3.3010299956639813,True,<rdkit.Chem.rdchem.Mol object at 0x735c791dc820>,False
CHEMBL305823,CDK1,500000.0,nM,CC(C)n1cnc2c(Nc3cccc(Cl)c3)nc(NC3(CO)CCCC3)nc21,3.3010299956639813,True,<rdkit.Chem.rdchem.Mol object at 0x735c791dc6d0>,False
CHEMBL556095,CDK2,500000.0,nM,Cc1ccc2c(ccn2CCc2c[nH]c3ccccc23)c1,3.3010299956639813,True,<rdkit.Chem.rdchem.Mol object at 0x735c791dc430>,False
CHEMBL213805,CDK2,521000.0,nM,CN(CCc1c[nH]c2ccccc12)C(=O)c1ccc(-c2ccccc2)cc1,3.283162276700476,True,<rdkit.Chem.rdchem.Mol object at 0x735c791dc2e0>,False
CHEMBL80586,CDK1,530000.0,nM,CC(C)C[C@H](CO)Nc1nc(Nc2cccc(Cl)c2)c2ncn(C(C)C)c2n1,3.275724130399211,True,<rdkit.Chem.rdchem.Mol object at 0x735c791b5770>,False
CHEMBL75795,CDK1,560000.0,nM,COc1ccc(CNc2nc(NC(CO)CO)nc3c2ncn3C(C)C)cc1,3.2518119729937998,True,<rdkit.Chem.rdchem.Mol object at 0x735c791b75a0>,False
CHEMBL415271,CDK1,600000.0,nM,COc1ccc(CNc2nc(N[C@H](CO)C(C)C)nc3c2ncn3C(C)C)cc1,3.221848749616356,True,<rdkit.Chem.rdchem.Mol object at 0x735c791b5000>,False
CHEMBL80754,CDK1,700000.0,nM,COc1ccc(CNc2nc(NCCO)nc3c2ncn3C(C)C)cc1,3.154901959985743,True,<rdkit.Chem.rdchem.Mol object at 0x735c791b5fc0>,False
CHEMBL498521,CDK2,745000.0,nM,CN(CCc1c[nH]c2ccccc12)C(=O)c1ccc(-c2ccc(C(C)(C)C)cc2)cc1,3.1278437272517072,True,<rdkit.Chem.rdchem.Mol object at 0x735c791b5380>,False
CHEMBL496481,CDK2,764000.0,nM,O=C(NCCc1c[nH]c2ccccc12)c1ccc(-c2ccc(F)cc2)cc1,3.1169066414243103,True,<rdkit.Chem.rdchem.Mol object at 0x735c791b5310>,False
CHEMBL419094,CDK1,790000.0,nM,CC(C)n1cnc2c(Nc3ccc(Cl)cc3)nc(N3CCCCC3CCO)nc21,3.102372908709558,True,<rdkit.Chem.rdchem.Mol object at 0x735c791b70d0>,False
CHEMBL498710,CDK2,790000.0,nM,CC(C)(C)c1ccc(-c2ccc(C(=O)NCCc3c[nH]c4ccccc34)cc2)cc1,3.102372908709558,True,<rdkit.Chem.rdchem.Mol object at 0x735c791b7d80>,False
CHEMBL432356,CDK1,800000.0,nM,CC(C)n1cnc2c(Nc3cccc(Cl)c3)nc(N[C@H](CO)c3ccccc3)nc21,3.096910013008056,True,<rdkit.Chem.rdchem.Mol object at 0x735c791b7e60>,False
CHEMBL496482,CDK2,816000.0,nM,Cc1ccc(-c2ccc(C(=O)NCCc3c[nH]c4ccccc34)cc2)cc1,3.088309841246139,True,<rdkit.Chem.rdchem.Mol object at 0x735c791b7530>,False
CHEMBL521733,CDK2,855000.0,nM,O=C(NCCc1c[nH]c2ccccc12)c1ccc(-c2ccccc2)cc1,3.068033885271827,True,<rdkit.Chem.rdchem.Mol object at 0x735c791b5bd0>,False
CHEMBL549303,CDK2,862000.0,nM,Clc1ccc2c(ccn2CCc2c[nH]c3ccc(Cl)cc23)c1,3.0644927341752872,True,<rdkit.Chem.rdchem.Mol object at 0x735c791b78b0>,False
CHEMBL498520,CDK2,875000.0,nM,CN(CCc1c[nH]c2ccccc12)C(=O)c1ccc(-c2ccc(F)cc2)cc1,3.057991946977687,True,<rdkit.Chem.rdchem.Mol object at 0x735c791b6e30>,False
CHEMBL563948,CDK2,895000.0,nM,Fc1ccc2c(ccn2CCc2c[nH]c3ccc(F)cc23)c1,3.048176964684088,True,<rdkit.Chem.rdchem.Mol object at 0x735c791b6810>,False
CHEMBL456965,CDK2,921000.0,nM,COc1ccc(-c2ccccc2C(=O)NCCc2c[nH]c3ccccc23)cc1,3.0357403698031518,True,<rdkit.Chem.rdchem.Mol object at 0x735c791b7df0>,False
CHEMBL456759,CDK2,926000.0,nM,COc1cccc(-c2ccccc2C(=O)NCCc2c[nH]c3ccccc23)c1,3.033389013318065,True,<rdkit.Chem.rdchem.Mol object at 0x735c791b7d10>,False
CHEMBL549792,CDK2,940000.0,nM,c1ccc2c(c1)ccn2CCn1ccc2ccccc21,3.0268721464003017,True,<rdkit.Chem.rdchem.Mol object at 0x735c791b7c30>,False
CHEMBL560278,CDK2,960000.0,nM,Cc1ccc2c(ccn2CCc2c[nH]c3ccc(C)cc23)c1,3.017728766960432,True,<rdkit.Chem.rdchem.Mol object at 0x735c791b7a70>,False
CHEMBL80562,CDK1,1000000.0,nM,COc1ccc(CNc2nc(N(C)CC(O)c3ccccc3)nc3c2ncn3C(C)C)cc1,3.0,True,<rdkit.Chem.rdchem.Mol object at 0x735c791b7920>,False
CHEMBL498130,CDK2,1002000.0,nM,O=C(NCCc1c[nH]c2ccccc12)c1cccc(-c2ccccc2)c1,2.999132278468773,True,<rdkit.Chem.rdchem.Mol object at 0x735c791b7840>,False
CHEMBL557456,CDK2,1070000.0,nM,c1ccc2c(c1)ccn2CCCn1ccc2ccccc21,2.9706162223147903,True,<rdkit.Chem.rdchem.Mol object at 0x735c791b7680>,False
CHEMBL527039,CDK2,1085000.0,nM,COc1ccc(-c2ccc(C(=O)NCCc3c[nH]c4ccccc34)cc2)cc1,2.9645702618154512,True,<rdkit.Chem.rdchem.Mol object at 0x735c791b7610>,False
CHEMBL76917,CDK1,1200000.0,nM,CC(C)n1cnc2c(NCc3ccc4ccccc4c3)nc(N3CCCCC3CCO)nc21,2.920818753952375,True,<rdkit.Chem.rdchem.Mol object at 0x735c791b7300>,False
CHEMBL80920,CDK1,1200000.0,nM,CCN(CCO)c1nc(NCc2ccc(OC)cc2)c2ncn(C(C)C)c2n1,2.920818753952375,True,<rdkit.Chem.rdchem.Mol object at 0x735c791b7290>,False
CHEMBL497454,CDK2,1216000.0,nM,O=C(NCCc1c[nH]c2ccccc12)c1ccccc1-c1ccc(F)cc1,2.915066425063284,True,<rdkit.Chem.rdchem.Mol object at 0x735c791b71b0>,False
CHEMBL557050,CDK2,1230000.0,nM,c1ccc2c(c1)CCN2CCN1CCc2ccccc21,2.910094888560602,True,<rdkit.Chem.rdchem.Mol object at 0x735c791b7140>,False
CHEMBL312530,CDK1,1300000.0,nM,COc1ccc(CNc2nc(NCC(O)CO)nc3c2ncn3C(C)C)cc1,2.886056647693163,True,<rdkit.Chem.rdchem.Mol object at 0x735c791b6ff0>,False
CHEMBL80693,CDK1,1400000.0,nM,CC(C)n1cnc2c(Nc3cccc(Cl)c3)nc(N3CCCCC3CCO)nc21,2.853871964321762,True,<rdkit.Chem.rdchem.Mol object at 0x735c791b6ce0>,False
CHEMBL419830,CDK1,1600000.0,nM,COc1ccc(CNc2nc(NCC(O)CN)nc3c2ncn3C(C)C)cc1,2.795880017344075,True,<rdkit.Chem.rdchem.Mol object at 0x735c791b6b90>,False
CHEMBL540188,CDK1,2300000.0,nM,CC(C)n1cnc2c(Nc3cccc(Cl)c3)nc(N[C@H](CO)C(C)(C)C)nc21,2.638272163982407,True,<rdkit.Chem.rdchem.Mol object at 0x735c791b6b20>,False
CHEMBL75633,CDK1,2700000.0,nM,CC(C)n1cnc2c(Nc3ccc(Cl)cc3Cl)nc(NCCO)nc21,2.568636235841013,True,<rdkit.Chem.rdchem.Mol object at 0x735c791b69d0>,False
CHEMBL420571,CDK1,2800000.0,nM,COc1ccc(CNc2nc(N(CCO)Cc3ccccc3)nc3c2ncn3C(C)C)cc1,2.552841968657781,True,<rdkit.Chem.rdchem.Mol object at 0x735c791b6960>,False
CHEMBL75319,CDK1,2800000.0,nM,COc1ccc(CNc2nc(NCC(O)c3ccccc3)nc3c2ncn3C(C)C)cc1,2.552841968657781,True,<rdkit.Chem.rdchem.Mol object at 0x735c791b68f0>,False
CHEMBL77291,CDK1,3000000.0,nM,CC(C)n1cnc2c(NCc3ccccc3C(F)(F)F)nc(N3CCCCC3CCO)nc21,2.5228787452803374,True,<rdkit.Chem.rdchem.Mol object at 0x735c791b67a0>,False
CHEMBL306288,CDK1,4000000.0,nM,CC(C)n1cnc2c(Nc3cccc(Cl)c3)nc(NCc3ccccc3C(F)(F)F)nc21,2.397940008672037,True,<rdkit.Chem.rdchem.Mol object at 0x735c791b6730>,False
CHEMBL76784,CDK1,4000000.0,nM,COc1ccc(CNc2nc(N3CCCCCC3)nc3c2ncn3C(C)C)cc1,2.397940008672037,True,<rdkit.Chem.rdchem.Mol object at 0x735c791b66c0>,False
CHEMBL307367,CDK1,4300000.0,nM,CC(C)n1cnc2c(Nc3ccccc3Cl)nc(NCCO)nc21,2.366531544420414,True,<rdkit.Chem.rdchem.Mol object at 0x735c791b6650>,False
CHEMBL309495,CDK1,4400000.0,nM,CC(C)n1cnc2c(Nc3cccc(Cl)c3)nc(NCCN(C)C)nc21,2.356547323513812,True,<rdkit.Chem.rdchem.Mol object at 0x735c791b65e0>,False
CHEMBL445311,CDK1,5000000.0,nM,CC(C)[C@H](CO)N(Cc1cccc(F)c1)c1nc(Nc2cccc(Cl)c2)c2ncn(C(C)C)c2n1,2.3010299956639813,True,<rdkit.Chem.rdchem.Mol object at 0x735c791b6570>,False
CHEMBL77145,CDK1,5000000.0,nM,CC(C)n1cnc2c(Nc3cccc(Cl)c3)nc(NC3c4ccccc4C[C@H]3O)nc21,2.3010299956639813,True,<rdkit.Chem.rdchem.Mol object at 0x735c791b6500>,False
CHEMBL311488,CDK1,5000000.0,nM,CC(C)n1cnc2c(Nc3cccc(Cl)c3)nc(N[C@H](CO)CC3CCCCC3)nc21,2.3010299956639813,True,<rdkit.Chem.rdchem.Mol object at 0x735c791b6420>,False
CHEMBL312406,CDK1,5000000.0,nM,CC(C)n1cnc2c(Nc3cccc(Cl)c3)nc(N(CCO)Cc3ccccc3)nc21,2.3010299956639813,True,<rdkit.Chem.rdchem.Mol object at 0x735c791b62d0>,False
CHEMBL80755,CDK1,5000000.0,nM,CC(C)[C@H](CO)N(Cc1ccccc1)c1nc(Nc2cccc(Cl)c2)c2ncn(C(C)C)c2n1,2.3010299956639813,True,<rdkit.Chem.rdchem.Mol object at 0x735c791b6260>,False
CHEMBL75809,CDK1,5000000.0,nM,COc1ccc(CNc2nc(N(CCN(C)C)Cc3ccccc3)nc3c2ncn3C(C)C)cc1,2.3010299956639813,True,<rdkit.Chem.rdchem.Mol object at 0x735c791b6180>,False
CHEMBL77122,CDK1,5000000.0,nM,CCN(c1nc(Nc2cccc(Cl)c2)c2ncn(C(C)C)c2n1)[C@@H](CO)C(C)C,2.3010299956639813,True,<rdkit.Chem.rdchem.Mol object at 0x735c791b60a0>,False
CHEMBL77119,CDK1,5300000.0,nM,CC(C)[C@H](CO)N(CC1CCCCC1)c1nc(Nc2cccc(Cl)c2)c2ncn(C(C)C)c2n1,2.275724130399211,True,<rdkit.Chem.rdchem.Mol object at 0x735c791b6030>,False
CHEMBL75924,CDK1,6500000.0,nM,COc1ccc(CNc2nc(N3CCC(O)CC3)nc3c2ncn3C(C)C)cc1,2.1870866433571443,True,<rdkit.Chem.rdchem.Mol object at 0x735c791b5d90>,False
CHEMBL78227,CDK1,7000000.0,nM,COc1ccc(CNc2nc(N3CCN(CCO)CC3)nc3c2ncn3C(C)C)cc1,2.154901959985743,True,<rdkit.Chem.rdchem.Mol object at 0x735c791b5d20>,False
CHEMBL80402,CDK1,7000000.0,nM,CC(C)n1cnc2c(Nc3cccc(Cl)c3)nc(N(CCN(C)C)Cc3ccccc3)nc21,2.154901959985743,True,<rdkit.Chem.rdchem.Mol object at 0x735c791b5cb0>,False
CHEMBL80758,CDK1,9000000.0,nM,CC(C)n1cnc2c(NCCC(c3ccccc3)c3ccccc3)nc(N3CCCCC3CCO)nc21,2.045757490560675,True,<rdkit.Chem.rdchem.Mol object at 0x735c791b5b60>,False
CHEMBL75973,CDK1,9000000.0,nM,COc1ccccc1Nc1nc(NCCO)nc2c1ncn2C(C)C,2.045757490560675,True,<rdkit.Chem.rdchem.Mol object at 0x735c791b5a80>,False
CHEMBL307891,CDK1,10000000.0,nM,CC(C)n1cnc2c(Nc3ccccc3C(F)(F)F)nc(NCCO)nc21,2.0,True,<rdkit.Chem.rdchem.Mol object at 0x735c791b5a10>,False
CHEMBL80203,CDK1,10000000.0,nM,Cc1ccc(CN(c2nc(Nc3cccc(Cl)c3)c3ncn(C(C)C)c3n2)[C@@H](CO)C(C)C)cc1,2.0,True,<rdkit.Chem.rdchem.Mol object at 0x735c791b59a0>,False
CHEMBL276120,CDK1,10000000.0,nM,CC(C)[C@H](CO)N(Cc1ccc(F)cc1)c1nc(Nc2cccc(Cl)c2)c2ncn(C(C)C)c2n1,2.0,True,<rdkit.Chem.rdchem.Mol object at 0x735c791b5930>,False
CHEMBL76921,CDK1,10800000.0,nM,COc1ccc(CNc2nc(N3CCN(C)CC3)nc3c2ncn3C(C)C)cc1,1.9665762445130504,True,<rdkit.Chem.rdchem.Mol object at 0x735c791b58c0>,False
CHEMBL80168,CDK1,430000000.0,nM,CC(C)n1cnc2c(Nc3ccc4ccccc4c3)nc(NCCO)nc21,0.3665315444204129,True,<rdkit.Chem.rdchem.Mol object at 0x735c791b5700>,False
